ID,SMILES,CID,MolecularFormula,MolecularWeight,XLogP,TPSA,Complexity,HBondDonorCount,HBondAcceptorCount,RotatableBondCount
T0002,CCNCC.O=S(=O)(O)c1cc(O)ccc1O,17506,C10H17NO5S,263.31,,115,252,4,6,3
T0004,NC(=O)c1ccccc1O,5147,C7H7NO2,137.14,1.3,63.3,136,2,2,1
T0005,CC(=O)Oc1ccccc1C(=O)O,2244,C9H8O4,180.16,1.2,63.6,212,1,4,3
T0006,CN(C)c1ccc2nc3ccc(=[N+](C)C)cc-3sc2c1.O.O.O.[Cl-],104827,C16H24ClN3O3S,373.9,,46.9,483,3,7,1
T0007,CC(C)NCC(O)COc1ccc(CC(N)=O)cc1,2249,C14H22N2O3,266.34,0.2,84.6,263,3,4,8
T0007L,CC(C)NC[C@@H](O)COc1ccc(CC(N)=O)cc1,180559,C14H22N2O3,266.34,0.2,84.6,263,3,4,8
T0008,O=C1[N-]C(=O)C(c2ccccc2)(c2ccccc2)N1.[Na+],657302,C15H11N2NaO2,274.25,,47.2,356,1,3,2
T0009,COC(=O)Nc1nc2ccc(C(=O)c3ccc(F)cc3)cc2[nH]1,35802,C16H12FN3O3,313.28,2.9,84.1,454,2,5,4
T0010,S=c1nc[nH]c2nc[nH]c12,667490,C5H4N4S,152.18,0,85.2,190,2,2,0
T0011,OCCc1ccccc1,6054,C8H10O,122.16,1.4,20.2,65,1,1,2
T0012,C=C[C@H]1C[N@]2CC[C@H]1C[C@@H]2[C@@H](O)c1ccnc2ccccc12,90454,C19H22N2O,294.4,2.7,36.4,412,1,3,3
T0013,CCOC(=O)c1c(C)n(C)c2ccc(O)cc12,616236,C13H15NO3,233.26,2.3,51.5,294,1,3,3
T0014,CC=Cc1ccc(OC)cc1,7703,C10H12O,148.20,3.3,9.2,121,0,1,2
T0015,Cc1ccccc1OCC(O)CO,4059,C10H14O3,182.22,1.4,49.7,138,2,3,4
T0016,COc1ccc(C(=O)c2ccc(C)cc2)c(O)c1,71645,C15H14O3,242.27,4,46.5,281,1,3,3
T0017,O=C1OC(c2ccc(O)cc2)(c2ccc(O)cc2)c2ccccc21,4764,C20H14O4,318.3,3.6,66.8,438,2,4,2
T0018,CCN(CC)CCNC(=O)c1ccc(N)cc1.Cl,66068,C13H22ClN3O,271.78,,58.4,221,3,3,6
T0019,C[N+](C)(C)CC(=O)O.[Cl-],11545,C5H12ClNO2,153.61,,37.3,93,1,3,2
T0020,Nc1ccc(C(=O)[O-])c(O)c1.O.O.[Na+],16211148,C7H10NNaO5,211.15,,88.4,165,4,6,1
T0022,NCCS(=O)(=O)O,1123,C2H7NO3S,125.15,-4.1,88.8,120,2,4,2
T0023,CCC(C)C(C(=O)OCC[N+](C)(CC)CC)c1ccccc1.[Br-],7010,C19H32BrNO2,386.4,,26.3,319,0,3,10
T0024,CCC1(c2ccccc2)C(=O)NCNC1=O,4909,C12H14N2O2,218.25,0.9,58.2,279,2,2,2
T0025,O=C(CCCN1CCC(O)(c2ccc(Cl)cc2)CC1)c1ccc(F)cc1,3559,C21H23ClFNO2,375.9,3.2,40.5,451,1,4,6
T0026,COc1nccnc1NS(=O)(=O)c1ccc(N)cc1,9047,C11H12N4O3S,280.31,0.7,116,376,2,7,4
T0027,CCCCC(CC)COC(=O)c1ccccc1O,8364,C15H22O3,250.33,5.7,46.5,240,1,3,8
T0028,NCC(O)CC(=O)O,2149,C4H9NO3,119.12,-4.1,83.6,83,3,4,3
T0030,CCCCN1CCCCC1C(=O)Nc1c(C)cccc1C.Cl,64737,C18H29ClN2O,324.9,,32.3,321,2,2,5
T0031,Cl.O.O=C1Cc2cc(CCN3CCN(c4nsc5ccccc45)CC3)c(Cl)cc2N1,60853,C21H24Cl2N4O2S,467.4,,77.7,573,3,6,4
T0031L,Cl.O=C1Cc2cc(CCN3CCN(c4nsc5ccccc45)CC3)c(Cl)cc2N1,219099,C21H22Cl2N4OS,449.4,,76.7,573,2,5,4
T0031L2,O=C1Cc2cc(CCN3CCN(c4nsc5ccccc45)CC3)c(Cl)cc2N1,60854,C21H21ClN4OS,412.9,4,76.7,573,1,5,4
T0032,O=C[C@H](O)[C@@H](O)[C@H](O)CO,644160,C5H10O5,150.13,-2.3,98,104,4,5,4
T0033,CCCCCCCCCCCCCCCCOP(=O)([O-])OCC[N+](C)(C)C,3599,C21H46NO4P,407.6,6.7,58.6,363,0,4,20
T0034,CC(=O)OCC(=O)[C@@]1(O)CC[C@H]2[C@@H]3CCC4=CC(=O)CC[C@]4(C)[C@H]3C(=O)C[C@@]21C,5745,C23H30O6,402.5,2.1,97.7,827,1,6,4
T0036,CC1(C)[C@@H](O)CC[C@]2(C)[C@H]3C(=O)C=C4[C@@H]5C[C@@](C)(C(=O)O)CC[C@]5(C)CC[C@@]4(C)[C@]3(C)CC[C@@H]12,10114,C30H46O4,470.7,6.4,74.6,965,2,4,1
T0039,CN(C)[C@@H](CCOc1cccc2ccccc12)c1ccccc1,71353,C21H23NO,305.4,5.1,12.5,337,0,2,6
T0042,Cc1cc(C(C)(C)C)cc(C)c1CC1=NCCN1.Cl,5282386,C16H25ClN2,280.83,,24.4,302,2,1,3
T0043,CC(C)CCCC(C)N,10982,C8H19N,129.24,2.3,26,59,1,1,4
T0044,CN(C(=O)CN(CCO)CC(=O)N(C)C(C)(C)Cc1ccccc1)C(C)(C)Cc1ccccc1,4621,C28H41N3O3,467.6,3.8,64.1,585,1,4,12
T0045,CC(N)CCCC(C)(C)O.Cl,10969,C8H20ClNO,181.70,,46.3,91,3,2,4
T0048,CCN(CC)C(=O)c1cccnc1,5497,C10H14N2O,178.23,0.3,33.2,166,0,2,3
T0049,CC1(C)S[C@@H]2[C@H](NC(=O)[C@H](NC(=O)N3CCNC3=O)c3ccccc3)C(=O)N2[C@H]1C(=O)[O-].[Na+],23685176,C20H22N5NaO6S,483.5,,176,851,3,7,5
T0050,Cc1c(N)c(=O)n(-c2ccccc2)n1C,2151,C11H13N3O,203.24,0.1,49.6,305,1,3,1
T0051,CCOC(N)=O,5641,C3H7NO2,89.09,-0.2,52.3,52,1,2,2
T0053,O=C(O)c1cc2ccccc2c(Cc2c(O)c(C(=O)O)cc3ccccc23)c1O.OCCOCCN1CCN(C(c2ccccc2)c2ccc(Cl)cc2)CC1,25096,C44H43ClN2O8,763.3,,151,945,5,10,12
T0054,CCN(CC)C(=S)SSC(=S)N(CC)CC,3117,C10H20N2S4,296.5,3.9,121,201,0,4,7
T0055,O=C(OCC(O)CO)c1ccccc1Nc1ccnc2cc(Cl)ccc12,3474,C19H17ClN2O4,372.8,3.5,91.7,467,3,6,7
T0056,CCN(CC)CCOCCOC(=O)C(CC)(CC)c1ccccc1.O=C(O)CC(O)(CC(=O)O)C(=O)O,9936727,C26H41NO10,527.6,,171,559,4,11,18
T0058,CCOc1ccccc1C(N)=O,3282,C9H11NO2,165.19,1.2,52.3,159,1,2,3
T0059,CN1CCC(OC(c2ccccc2)c2ccccc2)CC1.Cl,66063,C19H24ClNO,317.9,,12.5,268,1,2,4
T0060,CN[C@@H]1[C@H](O[C@H]2[C@H](O[C@H]3[C@H](O)[C@@H](O)[C@H](NC(=N)N)[C@@H](O)[C@@H]3NC(=N)N)O[C@@H](C)[C@]2(O)C=O)O[C@@H](CO)[C@H](O)[C@H]1O.O=S(=O)(O)O,176534011,C21H41N7O16S,679.7,,417,1010,15,19,10
T0061,CC(C)(Oc1ccc(Cl)cc1)C(=O)O,2797,C10H11ClO3,214.64,2.6,46.5,207,1,3,3
T0062,Nc1nc(O)c2nc(CNc3ccc(C(=O)NC(CCC(=O)O)C(=O)O)cc3)cnc2n1,135444779,C19H19N7O6,441.4,-1.1,209,767,6,10,9
T0064,Nc1ncnc2nc[nH]c12,190,C5H5N5,135.13,-0.1,80.5,127,2,4,0
T0066,Oc1ccc(Cl)cc1Cc1cc(Cl)ccc1O,3037,C13H10Cl2O2,269.12,4.3,40.5,226,2,2,2
T0067,O=C(O)c1ccc[n+]([O-])c1,16976,C6H5NO3,139.11,-0.6,62.8,137,1,3,1
T0068,Cl.Cl.OCCN1CCN(CCCN2c3ccccc3Sc3ccc(C(F)(F)F)cc32)CC1,67356,C22H28Cl2F3N3OS,510.4,,55.3,544,3,8,6
T0069,O=c1cc[nH]c(=O)[nH]1,1174,C4H4N2O2,112.09,-1.1,58.2,161,2,2,0
T0070,CC(=O)CCCCn1c(=O)c2c(ncn2C)n(C)c1=O,4740,C13H18N4O3,278.31,0.3,75.5,426,0,4,5
T0071,CC1CC(OC(=O)c2ccccc2O)CC(C)(C)C1,8362,C16H22O3,262.34,5,46.5,324,1,3,3
T0072,CCN(CC)CCOC(=O)C(c1ccccc1)c1ccccc1.Cl,5763,C20H26ClNO2,347.9,,29.5,311,1,3,9
T0073,CCCCC(CC)COC(=O)C=Cc1ccc(OC)cc1,21630,C18H26O3,290.4,5.3,35.5,304,0,3,10
T0075,O=C(NCCO[N+](=O)[O-])c1cccnc1,47528,C8H9N3O4,211.17,0.8,97,228,1,5,4
T0076,Cc1nc2n(c(=O)c1CCN1CCC(c3noc4cc(F)ccc34)CC1)CCCC2O,115237,C23H27FN4O3,426.5,2.2,82.2,764,1,7,4
T0078,CS(=O)(=O)CCNCc1ccc(-c2ccc3ncnc(Nc4ccc(OCc5cccc(F)c5)c(Cl)c4)c3c2)o1,208908,C29H26ClFN4O4S,581.1,5.1,115,898,2,9,11
T0078L,CS(=O)(=O)CCNCc1ccc(-c2ccc3ncnc(Nc4ccc(OCc5cccc(F)c5)c(Cl)c4)c3c2)o1.Cc1ccc(S(=O)(=O)O)cc1.Cc1ccc(S(=O)(=O)O)cc1.O,11557040,C43H44ClFN4O11S3,943.5,,241,1100,5,16,13
T0080,CCN(CC)c1cc(C)nc2ncnn12,5531,C10H15N5,205.26,1.7,46.3,206,0,4,3
T0082,O=c1[nH]c2ccccc2n1CCCN1CCC(n2c(=O)[nH]c3cc(Cl)ccc32)CC1,3151,C22H24ClN5O2,425.9,3.9,67.9,655,2,3,5
T0083,COC(=O)[C@@H]1CC2=CC(=O)CC[C@]2(C)[C@@]23O[C@@H]2C[C@@]2(C)[C@@H](CC[C@@]24CCC(=O)O4)[C@H]13,443872,C24H30O6,414.5,1.4,82.2,907,0,6,2
T0084,O=C(NCCN1CCOCC1)c1ccc(Cl)cc1,4235,C13H17ClN2O2,268.74,1.5,41.6,262,1,3,4
T0085,C=C1[C@H](CO)[C@@H](O)C[C@@H]1n1cnc2c(=O)nc(N)[nH]c21.O,135526609,C12H17N5O4,295.29,,127,480,5,6,2
T0085L,C=C1[C@H](CO)[C@@H](O)C[C@@H]1n1cnc2c(=O)[nH]c(N)nc21,135398508,C12H15N5O3,277.28,-1.3,126,480,4,5,2
T0086,Br.COc1ccc2c3c1O[C@H]1C[C@@H](O)C=C[C@@]31CCN(C)C2,121587,C17H22BrNO3,368.3,,41.9,440,2,4,1
T0087,CC(=O)[N-]S(=O)(=O)c1ccc(N)cc1.O.[Na+],6419954,C8H11N2NaO4S,254.24,,87.6,304,2,6,2
T0087L,CC(=O)[N-]S(=O)(=O)c1ccc(N)cc1.[Na+],4022878,C8H9N2NaO3S,236.23,,86.6,304,1,5,2
T0088,COc1ccccc1N1CCN(CCCNc2cc(=O)n(C)c(=O)n2C)CC1.Cl,167980,C20H30ClN5O3,423.9,,68.4,588,2,6,7
T0089,Cl.Cl.O=C(O)COCCN1CCN(C(c2ccccc2)c2ccc(Cl)cc2)CC1,55182,C21H27Cl3N2O3,461.8,,53,443,3,5,8
T0090,Cl.N=C(N)NC(=N)N1CCOCC1,76621,C6H14ClN5O,207.66,,101,192,4,2,2
T0091,COc1cc2nc(N(C)CCCNC(=O)C3CCCO3)nc(N)c2cc1OC.Cl,71764,C19H28ClN5O4,425.9,,112,511,3,8,8
T0092,Cl.c1ccc(CN(CC2=NCCN2)c2ccccc2)cc1,17275,C17H20ClN3,301.8,,27.6,314,2,2,5
T0093,CNC(=O)c1cc(Oc2ccc(NC(=O)Nc3ccc(Cl)c(C(F)(F)F)c3)cc2)ccn1.Cc1ccc(S(=O)(=O)O)cc1,406563,C28H24ClF3N4O6S,637.0,,155,853,4,10,6
T0093L,CNC(=O)c1cc(Oc2ccc(NC(=O)Nc3ccc(Cl)c(C(F)(F)F)c3)cc2)ccn1,216239,C21H16ClF3N4O3,464.8,4.1,92.4,646,3,7,5
T0094,CCCC1O[C@@H]2C[C@H]3[C@@H]4CCC5=CC(=O)C=C[C@]5(C)[C@H]4[C@@H](O)C[C@]3(C)[C@]2(C(=O)CO)O1,5281004,C25H34O6,430.5,2.5,93.1,862,2,6,4
T0095,Cl.Cn1c(CCCC(=O)O)nc2cc(N(CCCl)CCCl)ccc21,77082,C16H22Cl3N3O2,394.7,,58.4,380,2,4,9
T0096,CCCc1nc(C)c2c(=O)nc(-c3cc(S(=O)(=O)N4CCN(CC)CC4)ccc3OCC)[nH]n12,135400189,C23H32N6O4S,488.6,2.5,118,854,1,8,8
T0097,O=C(NCCCNc1nc(Nc2cccc(CN3CCOCC3)c2)ncc1C1CC1)C1CCC1,44464263,C26H36N6O2,464.6,4,91.4,637,3,7,11
T0097L,Cc1ccc(Nc2nccc(N(C)c3ccc4c(C)n(C)nc4c3)n2)cc1S(N)(=O)=O,10113978,C21H23N7O2S,437.5,3.1,127,717,2,8,5
T0098,CC(C)[N+]1(C)[C@@H]2CC[C@H]1C[C@@H](OC(=O)C(CO)c1ccccc1)C2.O.[Br-],16738693,C20H32BrNO4,430.4,,47.5,430,2,5,6
T0099,Cc1ccc(O)c([C@H](CCN(C(C)C)C(C)C)c2ccccc2)c1.O=C(O)[C@H](O)[C@@H](O)C(=O)O,443878,C26H37NO7,475.6,,139,474,5,8,10
T0100,COC(=O)N[C@H](C(=O)N[C@@H](Cc1ccccc1)[C@@H](O)CN(Cc1ccc(-c2ccccn2)cc1)NC(=O)[C@@H](NC(=O)OC)C(C)(C)C)C(C)(C)C.O=S(=O)(O)O,158550,C38H54N6O11S,802.9,,254,1190,7,13,18
T0100L,COC(=O)N[C@H](C(=O)N[C@@H](Cc1ccccc1)[C@@H](O)CN(Cc1ccc(-c2ccccn2)cc1)NC(=O)[C@@H](NC(=O)OC)C(C)(C)C)C(C)(C)C,148192,C38H52N6O7,704.9,5.6,171,1110,5,9,18
T0101,COc1cc2nc(N3CCN(C(=O)C4COc5ccccc5O4)CC3)nc(N)c2cc1OC.CS(=O)(=O)O,62978,C24H29N5O8S,547.6,,175,770,2,12,4
T0103,CNCC(O)c1ccc(OC(=O)C(C)(C)C)c(OC(=O)C(C)(C)C)c1.Cl,71486,C19H30ClNO5,387.9,,84.9,463,3,6,9
T0104,CCOC(=O)c1c(CSc2ccccc2)n(C)c2cc(Br)c(O)c(CN(C)C)c12.Cl,9958103,C22H26BrClN2O3S,513.9,,80,546,2,5,8
T0106,CC(=O)N=c1sc(S(N)(=O)=O)nn1C,4100,C5H8N4O3S2,236.3,0.1,139,419,1,6,1
T0107,CC1(C)O[C@@H]2C[C@H]3[C@@H]4CCC5=CC(=O)CC[C@]5(C)[C@@]4(F)[C@@H](O)C[C@]3(C)[C@]2(C(=O)CCl)O1,443943,C24H32ClFO5,455.0,3.6,72.8,887,1,6,2
T0108,CCCCNc1cc(C(=O)O)cc(S(N)(=O)=O)c1Oc1ccccc1,2471,C17H20N2O5S,364.4,2.8,127,528,3,7,8
T0109,CCOC(=O)[N-]c1c[n+](N2CCOCC2)no1,4238,C9H14N4O4,242.23,2.2,87,270,0,7,4
T0110,Nc1ccn([C@H]2CC[C@@H](CO)O2)c(=O)n1,24066,C9H13N3O3,211.22,-1.3,88.2,327,2,3,2
T0111,O=C(O)CCC(=O)O.O=C(O[C@H]1CN2CCC1CC2)N1CCc2ccccc2[C@@H]1c1ccccc1,216457,C27H32N2O6,480.6,,107,617,2,7,6
T0112,COc1ccc([C@@H]2Sc3ccccc3N(CCN(C)C)C(=O)[C@@H]2OC(C)=O)cc1.Cl,62920,C22H27ClN2O4S,451.0,,84.4,565,1,6,7
T0113,CN1CCc2c(c3ccccc3n2Cc2ccccc2)C1.CN1CCc2c(c3ccccc3n2Cc2ccccc2)C1.O=S(=O)(O)c1cccc2c(S(=O)(=O)O)cccc12,22529,C48H48N4O6S2,841.1,,142,799,2,8,6
T0114,NS(=O)(=O)c1cc2c(cc1Cl)NC(C(Cl)Cl)NS2(=O)=O,5560,C8H8Cl3N3O4S2,380.7,0.6,135,571,3,7,2
T0115,Cl.c1ccc2c(c1)OCC(C1=NCCN1)O2,154494,C11H13ClN2O2,240.68,,42.9,267,2,3,1
T0117,CCOCC(O)COc1ccc(NC(=O)CC[S+](C)C)cc1.Cc1ccc(S(=O)(=O)[O-])cc1,71773,C23H33NO7S2,499.6,,134,500,2,7,10
T0118,CN(c1nccc(=O)[nH]1)C1CCN(c2nc3ccccc3n2Cc2ccc(F)cc2)CC1,65906,C24H25FN6O,432.5,3.2,65.8,728,1,5,5
T0119,CCOC(=O)C1=C(C)NC(C)=C(C(=O)OC)C1c1cccc([N+](=O)[O-])c1,4507,C18H20N2O6,360.4,2.9,110,661,1,7,6
T0120,C[C@@H](c1ncncc1F)[C@](O)(Cn1cncn1)c1ccc(F)cc1F,71616,C16H14F3N5O,349.31,1.5,76.7,448,1,8,5
T0121,CC1=C(C(=O)OC(C)C)C(c2cccc([N+](=O)[O-])c2)C(C(=O)OC2CN(C(c3ccccc3)c3ccccc3)C2)=C(N)N1,65948,C33H34N4O6,582.6,6,140,1080,2,9,10
T0122,COc1c(O)cc2c(c1O)[C@@H]1O[C@H](CO)[C@@H](O)[C@H](O)[C@H]1OC2=O,66065,C14H16O9,328.27,-1,146,458,5,9,2
T0123,Nc1ccc(S(N)(=O)=O)cc1,5333,C6H8N2O2S,172.21,-0.6,94.6,211,2,4,1
T0125,COc1cccc2c1C(=O)c1c(O)c3c(c(O)c1C2=O)C[C@@](O)(C(=O)CO)C[C@@H]3O[C@H]1C[C@H](N)[C@@H](O)[C@H](C)O1.Cl,65348,C27H30ClNO11,580.0,,206,977,7,12,5
T0126,CC1=NS(=O)(=O)c2cc(Cl)ccc2N1,3019,C8H7ClN2O2S,230.67,1.2,66.9,360,1,3,0
T0127,CCC1=C(C)CN(C(=O)NCCc2ccc(S(=O)(=O)NC(=O)N[C@H]3CC[C@H](C)CC3)cc2)C1=O,3476,C24H34N4O5S,490.6,3.9,133,895,3,5,7
T0128,C=CC(N)CCC(=O)O,5665,C6H11NO2,129.16,-2.2,63.3,112,2,3,4
T0129,C[n+]1cc2c3c(ccc2c2ccc4cc5c(cc4c21)OCO5)OCO3.[Cl-],68635,C20H14ClNO4,367.8,,40.8,530,0,5,0
T0130,CNC(=O)Oc1ccc2c(c1)[C@]1(C)CCN(C)[C@@H]1N2C.O=C(O)c1ccccc1O,657348,C22H27N3O5,413.5,,102,535,3,7,3
T0131,COc1ccc2cc1Oc1ccc(cc1)C[C@H]1c3c(cc4c(c3Oc3cc5c(cc3OC)CCN(C)[C@@H]5C2)OCO4)CCN1C,10206,C37H38N2O6,606.7,6.5,61.9,994,0,8,2
T0132,COc1cc([C@@H]2c3cc4c(cc3[C@@H](O[C@@H]3O[C@@H]5CO[C@@H](C)O[C@H]5[C@H](O)[C@H]3O)[C@H]3COC(=O)[C@H]23)OCO4)cc(OC)c1O,36462,C29H32O13,588.6,0.6,161,969,3,13,5
T0134,CC(C)Cn1cnc2c(N)nc3ccccc3c21,57469,C14H16N4,240.30,2.6,56.7,294,1,3,2
T0135,CCCCC(=O)O[C@H]1CC[C@H]2[C@@H]3CCc4cc(O)ccc4[C@H]3CC[C@]12C,13791,C23H32O3,356.5,6,46.5,518,1,3,5
T0136,C[N+](C)(C)CCOP(=O)([O-])OP(=O)(O)OC[C@H]1O[C@@H](n2ccc(N)nc2=O)[C@H](O)[C@@H]1O,13804,C14H26N4O11P2,488.32,-4,214,821,4,11,10
T0137,CN1CCN2c3ncccc3Cc3ccccc3C2C1,4205,C17H19N3,265.35,3.3,19.4,345,0,3,0
T0138,Cc1cc(O)c(C(=O)N[C@@H](C(=O)N[C@@H]2C(=O)N3C(C(=O)O)=C(CSc4nnnn4C)CS[C@H]23)c2ccc(O)cc2)cn1,636405,C25H24N8O7S2,612.6,-0.1,259,1270,5,13,9
T0141,NC(=O)c1cc[n+](CC2=C(C(=O)[O-])N3C(=O)[C@@H](NC(=O)Cc4cccs4)[C@H]3SC2)cc1,21743,C20H18N4O5S2,458.5,0.7,190,806,2,7,6
T0142,CCN[C@H]1CN(CCCOC)S(=O)(=O)c2sc(S(N)(=O)=O)cc21,68844,C12H21N3O5S3,383.5,-0.3,164,598,2,9,7
T0144,Cc1cccc(C)c1NC(=O)c1ccccc1C(=O)O,71895,C16H15NO3,269.29,3,66.4,359,2,3,3
T0145,COC(=O)C1=C(C)NC(C)=C(C(=O)OC)C1c1cccc(Cl)c1Cl,3378865,C17H17Cl2NO4,370.2,3.5,64.6,561,1,5,5
T0146,Clc1ccc(C(Cn2ccnc2)OCc2ccsc2Cl)c(Cl)c1,5482,C16H13Cl3N2OS,387.7,5.3,55.3,379,0,3,6
T0150,CC(O)c1ccc(S(=O)(=O)NC(=O)NC2CCCCC2)cc1,18497,C15H22N2O4S,326.4,2.1,104,460,3,4,4
T0151,CCOC(=O)COc1ccc2c(=O)cc(-c3ccccc3)oc2c1,8395,C19H16O5,324.3,4.2,61.8,492,0,5,6
T0153,Cc1c(-c2cnccn2)ssc1=S,47318,C8H6N2S3,226.3,1.1,108,262,0,5,1
T0154,Cl.O[C@@H](CNC[C@H](O)[C@H]1CCc2cc(F)ccc2O1)[C@@H]1CCc2cc(F)ccc2O1,11626384,C22H26ClF2NO4,441.9,,71,483,4,7,6
T0155,CC1CNc2c(cccc2S(=O)(=O)N[C@@H](CCCNC(=N)N)C(=O)N2CC[C@@H](C)C[C@@H]2C(=O)O)C1,92722,C23H36N6O5S,508.6,1.3,189,887,5,8,9
T0156,C=CC[N+]1([C@H]2C[C@H]3[C@@H]4CC[C@H]5C[C@H](O)[C@@H](N6CCOCC6)C[C@]5(C)[C@H]4CC[C@]3(C)[C@H]2OC(C)=O)CCCC1.[Br-],441351,C32H53BrN2O4,609.7,,59,898,1,6,6
T0157,CC(=O)OCC(=O)NCCCOc1cccc(CN2CCCCC2)c1.Cl,56704,C19H29ClN2O4,384.9,,67.9,410,2,5,10
T0158,Cl.Cl.O=C1c2c(O)ccc(O)c2C(=O)c2c(NCCNCCO)ccc(NCCNCCO)c21,51082,C22H30Cl2N4O6,517.4,,163,571,10,10,12
T0159,CC(C(=O)O)c1ccc2c(c1)Cc1cccnc1O2,4888,C15H13NO3,255.27,2.7,59.4,346,1,4,2
T0160,O=C1CN2Cc3c(ccc(Cl)c3Cl)NC2=N1,135409400,C10H7Cl2N3O,256.08,1.6,44.7,360,1,2,0
T0161,COc1ccnc(CS(=O)c2nc3cc(OC(F)F)ccc3[n-]2)c1OC.O.[Na+],23684923,C16H16F2N3NaO5S,423.4,,91.8,497,1,11,7
T0162,OCCOCCN1CCN(C2=Nc3ccccc3Sc3ccccc32)CC1,5002,C21H25N3O2S,383.5,2.1,73.6,496,1,5,6
T0163,COC(=O)C1=C(C)NC(C)=C(C(=O)OCC(C)C)C1c1ccccc1[N+](=O)[O-],4499,C20H24N2O6,388.4,3.3,110,704,1,7,7
T0164,N[C@@H]1CCCC[C@H]1N.O=C1[O][Pt][O]C1=O,5310940,C8H16N2O4Pt,399.31,,127,139,4,6,0
T0165,COc1ccccc1N1CCN(CCCNc2cc(=O)n(C)c(=O)n2C)CC1,5639,C20H29N5O3,387.5,1.5,68.4,588,1,6,7
T0166,CC(=O)O[C@H]1C[C@@H]2CC[C@@H]3[C@H](CC[C@@]4(C)[C@H]3C[C@H]([N+]3(C)CCCCC3)[C@@H]4OC(C)=O)[C@@]2(C)C[C@@H]1[N+]1(C)CCCCC1.[Br-].[Br-],27350,C35H60Br2N2O4,732.7,,52.6,1000,0,6,6
T0167,CCOC(=O)C1=C[C@]2(CC)CCCN3CCc4c(n1c1ccccc41)[C@@H]32,443955,C22H26N2O2,350.5,4.1,34.5,617,0,3,4
T0168,C[C@]12CCC3c4ccc(O)cc4CCC3C1CC[C@@H]2OC(=O)CCC1CCCC1,5702051,C26H36O3,396.6,7.1,46.5,597,1,3,5
T0169,Cc1cccc(C)c1NC(=O)CN1CCCC1=O,71157,C14H18N2O2,246.30,1.4,49.4,320,1,2,3
T0170,C[C@@H]1O[C@@H]1P(=O)([O-])[O-].[Ca+2],93095,C3H5CaO4P,176.12,,75.7,127,0,4,0
T0172,CNCCCC12CCC(c3ccccc31)c1ccccc12.Cl,71478,C20H24ClN,313.9,,12,339,2,1,4
T0173,CC(CCc1ccccc1)NC(C)C(O)c1ccc(O)cc1.Cl,5702098,C19H26ClNO2,335.9,,52.5,296,4,3,7
T0174,CN1CCC(=C2c3ccccc3C=Cc3ccccc32)CC1.CN1CCC(=C2c3ccccc3C=Cc3ccccc32)CC1.Cl.Cl.O.O.O,11954233,C42H50Cl2N2O3,701.8,,9.5,423,5,5,0
T0175,Cl.N=C(N)NC(=O)c1nc(Cl)c(N)nc1N,16230,C6H9Cl2N7O,266.09,,159,279,5,5,1
T0175L,Cl.N=C(N)NC(=O)c1nc(Cl)c(N)nc1N.O.O,68540,C6H13Cl2N7O3,302.12,,161,279,7,7,1
T0179,CCCSc1nc(N[C@@H]2C[C@H]2c2ccc(F)c(F)c2)c2nnn([C@@H]3C[C@H](OCCO)[C@@H](O)[C@H]3O)c2n1,9871419,C23H28F2N6O4S,522.6,2,164,736,4,12,10
T0180,CCOC(=O)[C@H](CCc1ccccc1)N[C@H]1CCc2ccccc2N(CC(=O)O)C1=O.Cl,5362123,C24H29ClN2O5,460.9,,95.9,619,3,6,10
T0181,CCOC(=O)O[C@]1(C(=O)OCCl)CC[C@H]2[C@@H]3CCC4=CC(=O)C=C[C@]4(C)[C@H]3[C@@H](O)C[C@@]21C,444025,C24H31ClO7,466.9,3.9,99.1,882,1,7,7
T0182,COC(=O)[C@H](c1ccccc1Cl)N1CCc2sccc2C1,60606,C16H16ClNO2S,321.8,3.8,57.8,381,0,4,4
T0182L,COC(=O)[C@H](c1ccccc1Cl)N1CCc2sccc2C1.O=S(=O)(O)O,115366,C16H18ClNO6S2,419.9,,141,463,2,8,4
T0182L2,COC(=O)C(c1ccccc1Cl)N1CCc2sccc2C1.O=S(=O)(O)O,16757820,C16H18ClNO6S2,419.9,,141,463,2,8,4
T0183,CC(C)N(CCNC(=O)CN1CCCC1=O)C(C)C,51712,C14H27N3O2,269.38,0.8,52.7,308,1,3,7
T0184,CC(C(=O)[O-])c1cccc(Oc2ccccc2)c1.CC(C(=O)[O-])c1cccc(Oc2ccccc2)c1.O.O.[Ca+2],64747,C30H30CaO8,558.6,,101,265,2,8,6
T0186,CC(=O)O[C@@]12CO[C@@H]1C[C@H](O)[C@@]1(C)C(=O)[C@H](O)C3=C(C)[C@@H](OC(=O)[C@H](O)[C@@H](NC(=O)OC(C)(C)C)c4ccccc4)C[C@@](O)([C@@H](OC(=O)c4ccccc4)[C@H]21)C3(C)C.O.O.O,148123,C43H59NO17,861.9,,227,1660,8,17,13
T0187,CCC(C)(C)c1ccc(CC(C)CN2C[C@@H](C)O[C@@H](C)C2)cc1.Cl,54259,C21H36ClNO,354.0,,12.5,336,1,2,6
T0188,CCC(=O)O[C@]1(C(=O)SCF)[C@H](C)C[C@H]2[C@@H]3C[C@H](F)C4=CC(=O)C=C[C@]4(C)[C@@]3(F)[C@@H](O)C[C@@]21C,444036,C25H31F3O5S,500.6,4,106,984,1,9,6
T0189,Nc1nc(=O)c2c(CCc3ccc(C(=O)N[C@@H](CCC(=O)O)C(=O)O)cc3)c[nH]c2[nH]1,135410875,C20H21N5O6,427.4,0.2,187,748,6,7,9
T0189L,Nc1nc2[nH]cc(CCc3ccc(C(=O)N[C@@H](CCC(=O)[O-])C(=O)[O-])cc3)c2c(=O)[nH]1.[Na+].[Na+],135413520,C20H19N5Na2O6,471.4,,193,737,4,7,7
T0190,CCC1=C[C@@H]2C[N@](C1)Cc1c([nH]c3ccccc13)[C@@](C(=O)OC)(c1cc3c(cc1OC)N(C)[C@H]1[C@@](O)(C(=O)OC)[C@H](OC(C)=O)[C@]4(CC)C=CCN5CC[C@]31[C@@H]54)C2,5311497,C45H54N4O8,778.9,3.6,134,1690,2,11,10
T0192,CC[C@@H](C(N)=O)N1CCCC1=O,5284583,C8H14N2O2,170.21,-0.3,63.4,203,1,2,3
T0193,COC(=O)C1=C(C)NC(C)=C(C(=O)OCCN2CCN(C(c3ccccc3)c3ccccc3)CC2)C1c1cccc([N+](=O)[O-])c1.Cl.Cl,150762,C35H40Cl2N4O6,683.6,,117,1090,3,9,11
T0194,CCN(CC)CCCC(C)Nc1ccnc2cc(Cl)ccc12.O=P(O)(O)O.O=P(O)(O)O,64927,C18H32ClN3O8P2,515.9,,184,358,7,11,8
T0195,Cc1ncc([N+](=O)[O-])n1CC(C)O,71815,C7H11N3O3,185.18,0.2,83.9,194,1,4,2
T0196,O=C(O)Cc1ccccc1Nc1c(Cl)cccc1Cl,3033,C14H11Cl2NO2,296.1,4.4,49.3,304,2,3,4
T0197,COc1cc2nc(N3CCN(C(=O)C4CCCO4)CC3)nc(N)c2cc1OC.Cl,44383,C19H26ClN5O4,423.9,,103,544,2,8,4
T0198,CON=C(C(=O)N[C@@H]1C(=O)N2C(C(=O)[O-])=C(CSC(=O)c3ccco3)CS[C@H]12)c1csc(N)n1.[Na+],71433771,C19H16N5NaO7S3,545.6,,259,952,2,13,9
T0199,CC1=C(C(=O)O)N2C(=O)C(NC(=O)C(N)C3=CCC=CC3)C2SC1,2673,C16H19N3O4S,349.4,0.4,138,697,3,6,4
T0200,O=C(O)CCCCC1CCSS1,864,C8H14O2S2,206.3,1.7,87.9,150,1,4,5
T0201,CCC1(c2cccc(O)c2)CCCCN(C)C1.Cl,65483,C15H24ClNO,269.81,,23.5,243,2,2,2
T0202,S=C1SCN(Cc2ccccc2)CN1Cc1ccccc1,67686,C17H18N2S2,314.5,4.3,63.9,336,0,3,4
T0203,CNS(=O)(=O)Cc1ccc2[nH]cc(CCN(C)C)c2c1.O=C(O)CCC(=O)O,59772,C18H27N3O6S,413.5,,148,498,4,8,9
T0204,CNCCCC1c2ccccc2C=Cc2ccccc21.Cl,6603149,C19H22ClN,299.8,,12,296,2,1,4
T0207,COc1ccccc1OCC(O)CN1CCN(CC(=O)Nc2c(C)cccc2C)CC1.Cl.Cl,71279,C24H35Cl2N3O4,500.5,,74.3,531,4,6,9
T0208,C[C@]12C=CC(=O)C=C1CC[C@@H]1[C@@H]2[C@@H](O)C[C@@]2(C)[C@H]1CC[C@]2(O)C(=O)COP(=O)([O-])[O-].[Na+].[Na+],441409,C21H27Na2O8P,484.4,,147,878,2,8,3
T0209,CN(C)C(=O)C(CCN1CCC(O)(c2ccc(Cl)cc2)CC1)(c1ccccc1)c1ccccc1.Cl,71420,C29H34Cl2N2O2,513.5,,43.8,623,2,3,7
T0210,CCOc1ccccc1OCCN[C@H](C)Cc1ccc(OC)c(S(N)(=O)=O)c1.Cl,5362376,C20H29ClN2O5S,445.0,,108,539,3,7,11
T0211,CN1CCCC(n2nc(Cc3ccc(Cl)cc3)c3ccccc3c2=O)CC1,2267,C22H24ClN3O,381.9,4.4,35.9,558,0,3,3
T0211L,CN1CCCC(n2nc(Cc3ccc(Cl)cc3)c3ccccc3c2=O)CC1.Cl,54360,C22H25Cl2N3O,418.4,,35.9,558,1,3,3
T0212,CC1=C(C)C(=O)C(C(CCCCCC(=O)O)c2ccccc2)=C(C)C1=O,2449,C22H26O4,354.4,4.4,71.4,633,1,4,8
T0213,O=C1CCC(N2C(=O)c3ccccc3C2=O)C(=O)N1,5426,C13H10N2O4,258.23,0.3,83.6,449,1,4,1
T0214,CCc1ccc(CCOc2ccc(CC3SC(=O)NC3=O)cc2)nc1,4829,C19H20N2O3S,356.4,3.8,93.6,466,1,5,7
T0214L,CCc1ccc(CCOc2ccc(CC3SC(=O)NC3=O)cc2)nc1.Cl,60560,C19H21ClN2O3S,392.9,,93.6,466,2,5,7
T0215,CCCCc1nc(Cl)c(CO)n1Cc1ccc(-c2ccccc2-c2nnn[n-]2)cc1.[K+],11751549,C22H22ClKN6O,461.0,,77.7,526,1,6,8
T0215L,CCCCc1nc(Cl)c(CO)n1Cc1ccc(-c2ccccc2-c2nn[nH]n2)cc1,3961,C22H23ClN6O,422.9,4.3,92.5,520,2,5,8
T0216,Br.CN1CCC[C@@H]1Cc1c[nH]c2ccc(CCS(=O)(=O)c3ccccc3)cc12,656631,C22H27BrN2O2S,463.4,,61.6,582,2,3,6
T0217,OC[C@@H](O)CN1CCN(c2ccccc2)CC1,65859,C13H20N2O2,236.31,0.6,46.9,211,2,4,4
T0219,Cc1onc(-c2ccccc2)c1-c1ccc(S(N)(=O)=O)cc1,119607,C16H14N2O3S,314.4,2.6,94.6,462,1,5,3
T0220,O=C([O-])P(=O)([O-])[O-].[Na+].[Na+].[Na+],44561,CNa3O5P,191.95,,103,103,0,5,0
T0221,O=C(O)C1CSCN1,9934,C4H7NO2S,133.17,-2.3,74.6,106,2,4,1
T0222,CCCOc1ccc(C(=O)OCCN(CC)CC)cc1N.Cl,517321,C16H27ClN2O3,330.8,,64.8,295,2,5,10
T0223,O=C1C(O)=C(O)C(=O)C(O)=C1O,5424,C6H4O6,172.09,-0.6,115,272,4,6,0
T0224,C[C@@H](O)C1C(=O)N2C(C(=O)O)=C(S[C@@H]3CN[C@H](C(=O)N(C)C)C3)[C@H](C)C12,57921071,C17H25N3O5S,383.5,-2.4,135,679,3,7,5
T0225,CN1CCC(=C2c3ccccc3CCc3sccc32)CC1.O=C(O)CC(O)C(=O)O,168993,C23H27NO5S,429.5,,126,535,3,7,3
T0226,CC(C)NCC(O)COc1ccc(CCOCC2CC2)cc1.Cl,107952,C18H30ClNO3,343.9,,50.7,286,3,4,11
T0227,CC(C)C(Br)C(=O)NC(N)=O,2447,C6H11BrN2O2,223.07,1.1,72.2,170,2,2,2
T0228,COc1ccc([C@@H]2CC(=O)c3c(O)cc(OC4OC(COC5OC(C)C(O)C(O)C5O)C(O)C(O)C4O)cc3O2)cc1OC,71306786,C29H36O15,624.6,-0.8,223,956,7,15,8
T0230,CC(=O)Oc1cc2c(s1)CCN(C(C(=O)C1CC1)c1ccccc1F)C2,6918456,C20H20FNO3S,373.4,3.6,74.9,555,0,6,6
T0231,CCOC(=O)C1=C(COCCN)NC(C)=C(C(=O)OC)C1c1ccccc1Cl.O=S(=O)(O)c1ccccc1,60496,C26H31ClN2O8S,567.1,,163,830,3,10,11
T0235,Cc1nccnc1N1CCCCC1.O=S(=O)(O)O,17859,C10H17N3O4S,275.33,,112,236,2,7,1
T0238,CC(=O)Oc1c(C)cccc1C(=O)O,78094,C10H10O4,194.18,1.6,63.6,236,1,4,3
T0239,O=C(O)c1nn(Cc2ccc(Cl)cc2Cl)c2ccccc12,39562,C15H10Cl2N2O2,321.2,4.3,55.1,396,1,3,3
T0240,COc1cc(C(=O)N2CCOCC2)cc(OC)c1OC,12478,C14H19NO5,281.30,0.9,57.2,305,0,5,4
T0241,NC(=O)NS(=O)(=O)c1ccc(N)cc1,11033,C7H9N3O3S,215.23,-1.5,124,301,3,4,2
T0242,N[C@@H](CC(=O)N1CCn2c(nnc2C(F)(F)F)C1)Cc1cc(F)c(F)cc1F,4369359,C16H15F6N5O,407.31,0.7,77,566,1,10,4
T0243,COc1cc(C(=S)N2CCOCC2)ccc1O,72146,C12H15NO3S,253.32,1.6,74,268,1,4,2
T0244,CCN(CC)CCOc1ccc2c(c1)C(=O)c1cc(OCCN(CC)CC)ccc1-2.Cl.Cl,33958,C25H36Cl2N2O3,483.5,,42,477,2,5,12
T0246,CNCCc1ccccn1.Cl.Cl,68643,C8H14Cl2N2,209.11,,24.9,83,3,2,3
T0246L,CNCCc1ccccn1.CS(=O)(=O)O.CS(=O)(=O)O,198334,C10H20N2O6S2,328.4,,150,176,3,8,3
T0247,C[C@H]1O[C@H](O[C@H]2[C@H](O)[C@@H](O)[C@@H](O[C@H]3[C@H](O)[C@@H](O)C(O)O[C@@H]3CO)O[C@@H]2CO)[C@H](O)[C@@H](O)[C@@H]1N[C@H]1C=C(CO)[C@@H](O)[C@H](O)[C@H]1O,41774,C25H43NO18,645.6,-8.5,321,962,14,19,9
T0248,CC(C)NCC(O)c1ccccc1Cl.Cl,23360,C11H17Cl2NO,250.16,,32.3,163,3,2,4
T0249,CCN(CC)CCNC(=O)c1ccc(NC(C)=O)cc1,4342,C15H23N3O2,277.36,0.7,61.4,308,2,3,7
T0251,Nc1ccn([C@@H]2O[C@H](CO)[C@@H](O)C2(F)F)c(=O)n1,60750,C9H11F2N3O4,263.20,-1.5,108,426,3,6,2
T0253,C[N+]1(C)[C@@H]2C[C@@H](OC(=O)[C@H](CO)c3ccccc3)C[C@H]1[C@@H]1O[C@@H]12.[Br-],5459110,C18H24BrNO4,398.3,,59.1,454,1,5,5
T0254,CC(C)(Sc1cc(C(C)(C)C)c(O)c(C(C)(C)C)c1)Sc1cc(C(C)(C)C)c(O)c(C(C)(C)C)c1,4912,C31H48O2S2,516.8,11.3,91.1,583,2,4,8
T0255,CN(C)CCCN1c2ccccc2CCc2ccc(Cl)cc21.Cl,68539,C19H24Cl2N2,351.3,,6.5,346,1,2,4
T0256,O.O.O.O.O=C([O-])CC(O)(CC(=O)[O-])C(=O)[O-].[Li+].[Li+].[Li+],2724118,C6H13Li3O11,282.1,,145,211,5,11,2
T0257,[O-][n+]1cccc(CO)c1,71668,C6H7NO2,125.13,-1,45.7,87,1,2,1
T0258,O=c1[nH]c(=O)c2ccccc2o1,16258,C8H5NO3,163.13,1,55.4,226,1,3,0
T0259,O=C(O)c1cc(=O)c2ccccc2o1,2741,C10H6O4,190.15,1.6,63.6,305,1,4,1
T0260,Cc1ccc(Cl)c(Nc2ccccc2C(=O)[O-])c1Cl.[Na+],4038,C14H10Cl2NNaO2,318.1,,52.2,332,1,3,3
T0261,CC(=O)OCC(=O)[C@@]12OC3(CCCC3)O[C@@H]1C[C@H]1[C@@H]3CCC4=CC(=O)C=C[C@]4(C)[C@@]3(F)[C@@H](O)C[C@@]12C,443958,C28H35FO7,502.6,3.6,99.1,1090,1,8,4
T0263,CN(C)CCN(Cc1ccc(Cl)cc1)c1ccccn1.Cl,80311,C16H21Cl2N3,326.3,,19.4,264,1,3,6
T0264,Cc1cc(CC(=O)[O-])n(C)c1C(=O)c1ccc(Cl)cc1.[Na+],16220118,C15H13ClNNaO3,313.71,,62.1,385,0,3,4
T0265,O=C([O-])c1ccccc1-c1c2cc(Br)c(=O)[c]([Hg][OH])c-2oc2cc([O-])c(Br)cc12.[Na+].[Na+],441373,C20H9Br2HgNa2O6,751.7,,90.5,801,1,6,2
T0266,C=C[C@H]1C[N@]2CC[C@H]1C[C@@H]2[C@@H](O)c1ccnc2ccc(OC)cc12.Cl.O,16219921,C20H27ClN2O3,378.9,,46.6,457,3,5,4
T0267,NS(=O)(=O)Cc1noc2ccccc12,5734,C8H8N2O3S,212.23,0.2,94.6,298,1,5,2
T0268,CN1[C@@H](CC(=O)c2ccccc2)CCC[C@H]1C[C@H](O)c1ccccc1.Cl,101615,C22H28ClNO2,373.9,,40.5,412,2,3,6
T0269,CC(=O)OCC(=O)[C@@]1(O)CCC2C3CCC4=CC(=O)C=CC4(C)[C@@]3(Cl)C(Cl)CC21C,6605,C23H28Cl2O5,455.4,3.1,80.7,881,1,5,4
T0270,CCCC(=O)O[C@]1(C(=O)CO)CC[C@H]2[C@@H]3CCC4=CC(=O)CC[C@]4(C)[C@H]3[C@@H](O)C[C@@]21C,26133,C25H36O6,432.5,3.2,101,817,2,6,6
T0271,O=C(CCCCC(=O)Nc1c(I)cc(I)c(C(=O)O)c1I)Nc1c(I)cc(I)c(C(=O)O)c1I,3739,C20H14I6N2O6,1139.8,5.5,133,714,4,6,9
T0272,CC1(C)NC(=O)N(c2ccc([N+](=O)[O-])c(C(F)(F)F)c2)C1=O,4493,C12H10F3N3O4,317.22,2,95.2,515,1,7,1
T0273,CCN(CC)CCNC(=O)COc1ccc(OC)cc1.Cl,3083802,C15H25ClN2O3,316.82,,50.8,262,2,4,9
T0274,CCn1nc(C(=O)O)c(=O)c2cc3c(cc21)OCO3,2762,C12H10N2O5,262.22,2.1,88.4,449,1,7,2
T0275,Cc1cc2c(cc1S(N)(=O)=O)S(=O)(=O)CCC2,4165,C10H13NO4S2,275.3,0.5,111,485,1,5,1
T0276,CCCCC(=O)O[C@]1(C(=O)CO)CC[C@H]2[C@@H]3CCC4=CC(=O)CC[C@]4(C)[C@H]3[C@@H](O)C[C@@]21C,5282494,C26H38O6,446.6,3.8,101,832,2,6,7
T0277,CC(C)NCC(O)c1cc(O)cc(O)c1.CC(C)NCC(O)c1cc(O)cc(O)c1.O=S(=O)(O)O,441333,C22H36N2O10S,520.6,,228,258,10,12,8
T0279,C[C@H](N)[C@H](O)c1cccc(O)c1.O=C(O)[C@H](O)[C@@H](O)C(=O)O,441414,C13H19NO8,317.29,,182,274,7,9,5
T0280,O=C(CCCN1CCC2(CC1)C(=O)NCN2c1ccccc1)c1ccc(F)cc1,5265,C23H26FN3O2,395.5,3,52.7,577,1,5,6
T0281,C=C1c2c(Cl)ccc(O)c2C(=O)C2=C(O)[C@]3(O)C(=O)C(C(N)=O)=C(O)[C@@H](N(C)C)[C@@H]3[C@@H](O)[C@H]12.O=C(O)c1cc(S(=O)(=O)O)ccc1O,54676538,C29H27ClN2O14S,695.0,,302,1350,9,15,4
T0282,CC(C)[C@H](NC(=O)c1ccc2ccccc2n1)C(=O)N[C@@H](CC(=O)O)C(=O)COc1c(F)cccc1F,24794416,C26H25F2N3O6,513.5,3.7,135,818,3,9,11
T0283,CN1C(=O)OC(C)(C)C1=O,5576,C6H9NO3,143.14,0.3,46.6,197,0,3,0
T0284,COc1cc(S(=O)(=O)[O-])ccc1O.[K+],23679005,C7H7KO5S,242.29,,95,260,1,5,2
T0285,Cc1cc(NC(=O)C2=C(O)c3ccccc3S(=O)(=O)N2C)no1,54677972,C14H13N3O5S,335.34,3,121,627,2,7,2
T0286,C[N+](C)(CCOc1ccccc1)Cc1ccccc1.O=C([O-])c1cc2ccccc2cc1O,54678490,C28H29NO4,443.5,,69.6,466,1,4,7
T0287,C[N+](C)(C)CCCCCC[N+](C)(C)C.[Br-].[Br-],5938,C12H30Br2N2,362.19,,0,121,0,2,7
T0288,O=C(O)CCc1nc2ccccc2[nH]1,65708,C10H10N2O2,190.20,1.1,66,220,2,3,3
T0289,Nc1c2ccccc2nc2ccccc12,7019,C13H10N2,194.23,2.8,38.9,207,1,2,0
T0290,Cl.Clc1ccc2nsnc2c1NC1=NCCN1,114869,C9H9Cl2N5S,290.17,,90.4,300,3,4,2
T0291,CC(C(=O)O)c1ccc(-c2ccccc2)c(F)c1,3394,C15H13FO2,244.26,4.2,37.3,286,1,3,3
T0292,C[C@@H]1CN(c2c(F)c(F)c3c(=O)c(C(=O)O)cn(C4CC4)c3c2F)C[C@H](C)N1,60605,C19H20F3N3O3,395.4,0.9,72.9,691,2,9,3
T0293,CC(C)(C(=O)c1cccnc1)c1cccnc1,4174,C14H14N2O,226.27,2,42.9,275,0,3,3
T0294,C[C@H]1C[C@@H]2[C@H]([C@@H](O)C[C@@]3(C)[C@H]2CC[C@]3(O)C(=O)COC(=O)CCC(=O)[O-])[C@@]2(C)C=CC(=O)C=C12.[Na+],23680530,C26H33NaO8,496.5,,141,988,2,8,7
T0295,C[C@H]1O[C@@H](O[C@H]2[C@@H](O)C[C@H](O[C@H]3[C@@H](O)C[C@H](O[C@H]4CC[C@@]5(C)[C@H](CC[C@@H]6[C@@H]5CC[C@]5(C)[C@@H](C7=CC(=O)OC7)CC[C@]65O)C4)O[C@@H]3C)O[C@@H]2C)C[C@H](O)[C@@H]1O,441207,C41H64O13,764.9,2.3,183,1410,5,13,7
T0296,CN1C(C)(C)CCCC1(C)C,6603,C10H21N,155.28,2.3,3.2,131,0,1,0
T0297,Nc1nc(Cl)nc2c1ncn2[C@@H]1O[C@H](CO)[C@@H](O)[C@@H]1F,119182,C10H11ClFN5O3,303.68,0.9,119,370,3,8,2
T0298,CN(C)CCOC(c1ccccc1)c1ccccc1.Cn1c(=O)c2[nH]c(Cl)nc2n(C)c1=O,10660,C24H28ClN5O3,470.0,,81.8,509,1,5,6
T0299,O.OC[C@@H](O)[C@@H](O[C@@H]1O[C@H](CO)[C@H](O)[C@H](O)[C@H]1O)[C@H](O)[C@@H](O)CO,3067270,C12H26O12,362.33,,202,343,10,12,8
T0302,CN(C)CCCN1c2ccccc2Sc2ccc(C(F)(F)F)cc21.Cl,66069,C18H20ClF3N2S,388.9,,31.8,416,1,6,4
T0304,Cc1cc(=O)[nH]c(=S)[nH]1,667493,C5H6N2OS,142.18,-0.2,73.2,197,2,2,0
T0306,C=CCCCCCCCCC(=O)O,5634,C11H20O2,184.27,3.9,37.3,141,1,2,9
T0308,CC(O)(P(=O)(O)O)P(=O)(O)O,3305,C2H8O7P2,206.03,-3.7,135,211,5,7,2
T0309,CC(C)Oc1ccc2c(=O)c(-c3ccccc3)coc2c1,3747,C18H16O3,280.3,4,35.5,407,0,3,3
T0310,CC(=O)Nc1ccc(CC(=O)O)cc1,2018,C10H11NO3,193.20,0.8,66.4,219,2,3,3
T0311,OCc1ccccc1O,5146,C7H8O2,124.14,0.7,40.5,83,2,2,1
T0312,Cc1cc2nc3ccc(=[N+](C)C)cc-3sc2cc1N.[Cl-],7083,C15H16ClN3S,305.8,,66.7,511,1,4,0
T0314,CCCCCCc1ccc(O)cc1O,3610,C12H18O2,194.27,3.5,40.5,147,2,2,5
T0315,CC(=O)Nc1ccc(C(=O)O)cc1,19266,C9H9NO3,179.17,1.3,66.4,207,2,3,2
T0316,CC(=O)NC1CCSC1=O,14520,C6H9NO2S,159.21,-0.3,71.5,169,1,3,1
T0317,COc1cc(OC)c(C(=O)CCCN2CCCC2)c(OC)c1.Cl,6420013,C17H26ClNO4,343.8,,48,330,1,5,8
T0318,OC(c1ccccc1)(c1ccccc1)C1CCNCC1,15723,C18H21NO,267.4,2.9,32.3,268,2,2,3
T0319,CCCCC1(COC(=O)CCC(=O)O)C(=O)N(c2ccccc2)N(c2ccccc2)C1=O,5362,C24H26N2O6,438.5,3.6,104,661,1,6,11
T0320,COc1cc2c(c(OC)c1OC)-c1ccc(OC)c(=O)cc1[C@@H](NC(C)=O)CC2,6167,C22H25NO6,399.4,1,83.1,740,1,6,5
T0321,CC(C(=O)O)c1ccc(N2Cc3ccccc3C2=O)cc1,3718,C17H15NO3,281.30,2.8,57.6,414,1,3,3
T0322,O=C(COc1ccc(Cl)cc1)N1CCN(Cc2ccc3c(c2)OCO3)CC1,3351,C20H21ClN2O4,388.8,3.2,51.2,492,0,5,5
T0324,CC(COc1ccccc1)NC(C)C(O)c1ccc(O)cc1.Cl,11368,C18H24ClNO3,337.8,,61.7,299,4,4,7
T0325,Cl.O=C(Nc1ccccc1)OCC(CN1CCCCC1)OC(=O)Nc1ccccc1,10830,C22H28ClN3O4,433.9,,79.9,498,3,5,9
T0326,NC(=O)CCC(N)C(=O)O.O,85558312,C5H12N2O4,164.16,,107,146,4,5,4
T0326L,NC(=O)CC[C@H](N)C(=O)O,5961,C5H10N2O3,146.14,-3.1,106,146,3,4,4
T0327,CC(NCCC(c1ccccc1)c1ccccc1)c1ccccc1.Cl,5702162,C23H26ClN,351.9,,12,303,2,1,7
T0328,CCCCC(CC)CN1CN(CC(CC)CCCC)CC(C)(N)C1,3607,C21H45N3,339.6,5.7,32.5,292,1,3,12
T0330,CN(C)CCOC(c1ccccc1)c1ccccc1.Cl,8980,C17H22ClNO,291.8,,12.5,211,1,2,6
T0331,COc1c(N2C[C@@H]3CCCN[C@@H]3C2)c(F)cc2c(=O)c(C(=O)O)cn(C3CC3)c12.Cl,101526,C21H25ClFN3O4,437.9,,82.1,727,3,8,4
T0332,OC[C@@H](O)[C@@H](O)[C@H](O)[C@@H](O)CO,5780,C6H14O6,182.17,-3.1,121,105,6,6,5
T0333,COc1ccc(C(=O)N2CCCC2=O)cc1,2196,C12H13NO3,219.24,1.6,46.6,282,0,3,2
T0334,CN(CCOc1ccc(CC2SC(=O)NC2=O)cc1)c1ccccn1,77999,C18H19N3O3S,357.4,3.1,96.8,468,1,6,7
T0335,O=C([O-])c1ccccc1O.[Na+],16760658,C7H5NaO3,160.10,,60.4,138,1,3,1
T0337,CC(=O)OCC(=O)[C@@]1(O)CC[C@H]2[C@@H]3CCC4=CC(=O)C=C[C@]4(C)[C@H]3[C@@H](O)C[C@@]21C,5834,C23H30O6,402.5,2.4,101,827,2,6,4
T0340,CC(C)(C)CC(C)(C)c1cc(Cc2cc(C(C)(C)CC(C)(C)C)cc(-n3nc4ccccc4n3)c2O)c(O)c(-n2nc3ccccc3n2)c1,3571576,C41H50N6O2,658.9,12.8,102,989,2,6,10
T0342,COc1ccccc1OCCNCC(O)COc1cccc2[nH]c3ccccc3c12.COc1ccccc1OCCNCC(O)COc1cccc2[nH]c3ccccc3c12.O.O=P(O)(O)O.O=P(O)(O)O,11954344,C48H60N4O17P2,1027.0,,308,557,13,19,20
T0343,COCCOC(=O)C1=C(C)NC(C)=C(C(=O)OC(C)C)C1c1cccc([N+](=O)[O-])c1,4497,C21H26N2O7,418.4,3.1,120,736,1,8,9
T0344,Clc1ccc(COC(Cn2ccnc2)c2ccc(Cl)cc2Cl)c(Cl)c1,4189,C18H14Cl4N2O,416.1,5.3,27.1,417,0,2,6
T0344L,Clc1ccc(COC(Cn2ccnc2)c2ccc(Cl)cc2Cl)c(Cl)c1.O=[N+]([O-])O,68553,C18H15Cl4N3O4,479.1,,93.1,441,1,5,6
T0345,C1CNCCN1.C[C@]12CC[C@@H]3c4ccc(OS(=O)(=O)O)cc4CC[C@H]3[C@@H]1CCC2=O,5284555,C22H32N2O5S,436.6,,113,650,3,7,2
T0347,O=S1(=O)OC(c2ccc(O)cc2)(c2ccc(O)cc2)c2ccccc21,4766,C19H14O5S,354.4,3,92.2,545,2,5,2
T0348,CC(CCc1ccccc1)NCC(O)c1ccc(O)c(C(N)=O)c1.Cl,71412,C19H25ClN2O3,364.9,,95.6,385,5,4,8
T0349,Nc1nc2ccc(OC(F)(F)F)cc2s1,5070,C8H5F3N2OS,234.20,3.6,76.4,238,1,7,1
T0351,Cc1nc2n(c(=O)c1CCN1CCC(c3noc4cc(F)ccc34)CC1)CCCC2,5073,C23H27FN4O2,410.5,2.7,61.9,731,0,6,4
T0352,c1ccc2c(c1)sc1ccccc12,3023,C12H8S,184.26,4.4,28.2,170,0,1,0
T0353,O=C(Nc1ccc(O)cc1)c1ccccc1O,4602,C13H11NO3,229.23,2.9,69.6,261,3,3,2
T0354,C[C@]12CCC(=O)C=C1C=C[C@@H]1[C@@H]2CC[C@@]2(C)[C@H]1CC[C@@]21CCC(=O)O1,13789,C22H28O3,340.5,2.7,43.4,719,0,3,0
T0355,CCCC(CCC)C(N)=O,71113,C8H17NO,143.23,2.1,43.1,95,1,1,5
T0356,NC(=O)c1cc([N+](=O)[O-])cc([N+](=O)[O-])c1,4511,C7H5N3O5,211.13,0.8,135,272,1,5,1
T0358,Cl.N=C(N)NN,2734687,CH7ClN4,110.55,,90.4,41,4,2,0
T0359,CCCCCC(C)N,5603,C7H17N,115.22,2.4,26,43,1,1,4
T0360,O=C1c2ccccc2C(=O)C1c1ccc(Cl)cc1,70846,C15H9ClO2,256.68,3.5,34.1,334,0,2,1
T0361,CC(C)CC(N)=O,10930,C5H11NO,101.15,0.4,43.1,68,1,1,2
T0362,Cl.Clc1ccccc1CN1CCc2sccc2C1,65335,C14H15Cl2NS,300.2,,31.5,261,1,2,2
T0364,CCCCOc1cc(C(=O)NCCN(CC)CC)c2ccccc2n1,3025,C20H29N3O2,343.5,4.4,54.5,387,1,4,10
T0364L,CCCCOc1cc(C(=O)NCCN(CC)CC)c2ccccc2n1.Cl,521951,C20H30ClN3O2,379.9,,54.5,387,2,4,10
T0365,CSc1ccc2c(c1)N(CCC1CCCCN1C)c1ccccc1S2.Cl,66062,C21H27ClN2S2,407.0,,57.1,432,1,4,4
T0366,CC1=C(C(=O)O)N2C(=O)[C@@H](NC(=O)[C@H](N)c3ccc(O)cc3)[C@H]2SC1,47965,C16H17N3O5S,363.4,-2.1,158,629,4,7,4
T0367,CC1(C)O[C@@H]2C[C@H]3[C@@H]4C[C@H](F)C5=CC(=O)C=C[C@]5(C)[C@@]4(F)[C@@H](O)C[C@]3(C)[C@]2(C(=O)CO)O1,6215,C24H30F2O6,452.5,2.5,93.1,960,2,8,2
T0369,CCOc1ccc(Cc2nccc3cc(OCC)c(OCC)cc23)cc1OCC.Cl,5702159,C24H30ClNO4,431.9,,49.8,462,1,5,10
T0371,COc1ccc2c(c1)C(=O)N(CCc1ccc(S(=O)(=O)NC(=O)NC3CCCCC3)cc1)C(=O)C2(C)C,91610,C27H33N3O6S,527.6,4.6,130,948,2,6,7
T0372,CCOC(=O)c1ccc(OC(=O)CCCCCNC(=N)N)cc1.CS(=O)(=O)O,6604561,C17H27N3O7S,417.5,,180,493,3,8,11
T0375,CN1[C@@H]2CC[C@H]1C[C@@H](OC(=O)C(CO)c1ccccc1)C2,174174,C17H23NO3,289.4,1.8,49.8,353,1,4,5
T0375L,CN1[C@@H]2CC[C@H]1C[C@@H](OC(=O)C(CO)c1ccccc1)C2.CN1[C@@H]2CC[C@H]1C[C@@H](OC(=O)C(CO)c1ccccc1)C2.O.O=S(=O)(O)O,656678,C34H50N2O11S,694.8,,184,434,5,13,10
T0377,CC(C)N=c1cc2n(-c3ccc(Cl)cc3)c3ccccc3nc-2cc1Nc1ccc(Cl)cc1,2794,C27H22Cl2N4,473.4,7.1,40,829,1,4,4
T0378,CCCCOc1cc(C(=O)OCCN(CC)CC)ccc1N.Cl,6420040,C17H29ClN2O3,344.9,,64.8,308,2,5,11
T0379,O=P(O)(O)C(O)(Cc1cccnc1)P(=O)(O)O,5245,C7H11NO7P2,283.11,-3.1,148,339,5,8,4
T0381,CCN(CC)Cc1cc(Nc2ccnc3cc(Cl)ccc23)ccc1O.Cl.Cl.O.O,64646,C20H28Cl3N3O3,464.8,,50.4,406,6,6,6
T0382,O=S(=O)([O-])CCCS(=O)(=O)[O-].[Na+].[Na+],6451143,C3H6Na2O6S2,248.2,,131,227,0,6,2
T0383,Cl.O=C1NCC2(CCN(CCc3ccccc3)CC2)O1,68626,C15H21ClN2O2,296.79,,41.6,318,2,3,3
T0384,C[C@]12CC[C@@H]3c4ccc(OC(=O)c5ccccc5)cc4CC[C@H]3[C@@H]1CC[C@@H]2O,222757,C25H28O3,376.5,4.5,46.5,582,1,3,3
T0386,CCCN1CCCC[C@H]1C(=O)Nc1c(C)cccc1C.Cl,175804,C17H27ClN2O,310.9,,32.3,308,2,2,4
T0386L,CCCN1CCCC[C@H]1C(=O)Nc1c(C)cccc1C,175805,C17H26N2O,274.4,2.9,32.3,308,1,2,4
T0389,CCCCCCOC(=O)NC(=N)c1ccc(NCc2nc3cc(C(=O)N(CCC(=O)OCC)c4ccccn4)ccc3n2C)cc1,135565674,C34H41N7O5,627.7,5.3,152,991,3,9,18
T0390,NC(=O)c1ccc([N+](=O)[O-])cc1Cl,2075,C7H5ClN2O3,200.58,1.4,88.9,228,1,3,1
T0391,CC(=O)NC[C@H]1CN(c2ccc(N3CCOCC3)c(F)c2)C(=O)O1,441401,C16H20FN3O4,337.35,0.7,71.1,472,1,6,4
T0392,C[C@@H]1CC[C@H]2[C@@H](C)C(=O)O[C@@H]3O[C@@]4(C)CC[C@@H]1[C@]32OO4,68827,C15H22O5,282.33,2.8,54,452,0,5,0
T0394,CC(=O)Oc1cc(C(C)C)c(OCCN(C)C)cc1C.Cl,6420039,C16H26ClNO3,315.83,,38.8,304,1,4,7
T0397,c1ccc2c(c1)CCCC2C1=NCCN1,5419,C13H16N2,200.28,1.8,24.4,259,1,1,1
T0398,NS(=O)(=O)c1ccc(C(=O)O)cc1,8739,C7H7NO4S,201.20,0.5,106,284,2,5,2
T0399,COC(=O)c1ccccc1O,4133,C8H8O3,152.15,2.3,46.5,144,1,3,2
T0400,O=[N+]([O-])c1ccc(O)c2ncccc12,19910,C9H6N2O3,190.16,2.1,78.9,229,1,4,0
T0401,CC(C)(C)CC(C)(C)c1ccc(OCCOCC[N+](C)(C)Cc2ccccc2)cc1.[Cl-],8478,C27H42ClNO2,448.1,,18.5,466,0,3,12
T0404,Oc1cccc2cccnc12,1923,C9H7NO,145.16,2,33.1,138,1,2,0
T0407,CC1=NN(c2ccccc2)C(=O)C1,4021,C10H10N2O,174.20,1.3,32.7,241,0,2,1
T0408,C[C@H](CCC(=O)O)[C@H]1CC[C@H]2[C@@H]3C(=O)C[C@@H]4CC(=O)CC[C@]4(C)[C@H]3CC(=O)[C@]12C,6674,C24H34O5,402.5,2.6,88.5,756,1,5,4
T0409,CC(=O)NS(=O)(=O)c1ccc(NC(=O)c2ccccc2C(=O)O)cc1,8574,C16H14N2O6S,362.4,1,138,619,3,6,5
T0411,O=C([O-])[C@H](O)[C@@H](O)[C@H](O)[C@H](O)CO.O=C([O-])[C@H](O)[C@@H](O)[C@H](O)[C@H](O)CO.[Ca+2],9290,C12H22CaO14,430.37,,283,165,10,14,8
T0412,COC1=C(OC)C(=O)C(CCCCCCCCCCO)=C(C)C1=O,3686,C19H30O5,338.4,4.3,72.8,502,1,5,12
T0415,Cl.N=C(N)N,5742,CH6ClN3,95.53,,75.9,26,4,1,0
T0416,O=C([O-])[C@H](O)[C@@H](O)[C@H](O)[C@H](O)CO.[Na+],23672301,C6H11NaO7,218.14,,141,176,5,7,5
T0418,C=CCNC(N)=S,1549517,C4H8N2S,116.19,0.2,70.1,79,2,1,2
T0420,O=C(O)CN(CCN(CC(=O)O)CC(=O)O)CCN(CC(=O)O)CC(=O)O,3053,C14H23N3O10,393.35,-8.5,196,481,5,13,16
T0421,O[C@H]1[C@H](O)[C@@H](O)[C@H](O)[C@@H](O)[C@H]1O,892,C6H12O6,180.16,-3.7,121,104,6,6,0
T0423,O=C([O-])CN(CCN(CC(=O)[O-])CC(=O)O)CC(=O)[O-].[Na+].[Na+].[Na+],9008,C10H13N2Na3O8,358.19,,164,351,1,10,8
T0424,O=C([O-])c1ccccc1[O-].[Bi+3].[OH-],53629521,C7H5BiO4,362.09,,64.2,127,1,4,0
T0425,CCn1cc(C(=O)O)c(=O)c2cc(F)c(N3CCN(C)CC3)cc21.CS(=O)(=O)O,119525,C18H24FN3O6S,429.5,,127,638,2,10,3
T0425L,CCn1cc(C(=O)O)c(=O)c2cc(F)c(N3CCN(C)CC3)cc21.CS(=O)(=O)O.O.O,6917670,C18H28FN3O8S,465.5,,129,638,4,12,3
T0426,NC(=O)CN1CCCC1=O,4843,C6H10N2O2,142.16,-1.3,63.4,167,1,2,2
T0427,C[N+]1(C)[C@@H]2CC[C@H]1C[C@@H](OC(=O)C(O)c1ccccc1)C2.[Br-],10429215,C17H24BrNO3,370.3,,46.5,373,1,4,4
T0428,CCN(CCCc1ccccc1)CCCc1ccccc1.O=C(O)CC(O)(CC(=O)O)C(=O)O,21718,C26H35NO7,473.6,,135,442,4,8,14
T0429,N[C@H]1C(O)O[C@H](CO)[C@@H](O)[C@@H]1O,439213,C6H13NO5,179.17,-2.8,116,155,5,6,1
T0430,O=C(NCNC(=O)NC1C(=O)NC(=O)N1CO)NC1C(=O)NC(=O)N1CO,38258,C11H16N8O8,388.29,-3.4,222,627,8,8,6
T0432,CCNCC.O=C(O)Cc1ccccc1Nc1c(Cl)cccc1Cl,115087,C18H22Cl2N2O2,369.3,,61.4,315,3,4,6
T0433,C[C@H]1[C@H](OC(=O)CCC(=O)O)O[C@@H]2O[C@@]3(C)CC[C@H]4[C@H](C)CC[C@@H]1[C@@]24OO3,6917864,C19H28O8,384.4,2.5,101,623,1,8,5
T0434,O=C1O[C@H]2[C@H](OC(O)[C@@H]2O)[C@@H]1O,11116575,C6H8O6,176.12,-2.1,96.2,216,3,6,0
T0435,O=C1C(CCS(=O)c2ccccc2)C(=O)N(c2ccccc2)N1c1ccccc1,5342,C23H20N2O3S,404.5,2.3,76.9,571,0,4,6
T0436,CC(=O)NCCCCCC(=O)O,2005,C8H15NO3,173.21,0.1,66.4,156,2,3,6
T0437,O=c1[nH]cnc2c1ncn2[C@@H]1O[C@H](CO)[C@@H](O)[C@H]1O,135398641,C10H12N4O5,268.23,-1.3,129,405,4,7,2
T0438,Nc1ccc2cc3ccc(N)cc3nc2c1.Nc1ccc2cc3ccc(N)cc3nc2c1.O=S(=O)(O)O,9849425,C26H24N6O4S,516.6,,213,313,6,10,0
T0439,N[C@@H](Cc1c[nH]c2ccccc12)C(=O)O,6305,C11H12N2O2,204.22,-1.1,79.1,245,3,3,3
T0440,NC(=O)N1c2ccccc2CC(=O)c2ccccc21,34312,C15H12N2O2,252.27,1.7,63.4,382,1,2,0
T0441,NNC(=O)c1ccncc1.Nc1ccc(C(=O)O)c(O)c1,16367,C13H14N4O4,290.27,,152,280,5,7,2
T0442,CCOc1ccc(NC(=O)CC(C)O)cc1,14130,C12H17NO3,223.27,1.8,58.6,212,2,3,5
T0443,OCc1ccccc1O[C@@H]1O[C@H](CO)[C@@H](O)[C@H](O)[C@H]1O,439503,C13H18O7,286.28,-1.2,120,300,5,7,4
T0444,Clc1ccc(COC(Cn2ccnc2)c2ccc(Cl)cc2Cl)cc1,3198,C18H15Cl3N2O,381.7,5.3,27.1,379,0,2,6
T0444L,Clc1ccc(COC(Cn2ccnc2)c2ccc(Cl)cc2Cl)cc1.O=[N+]([O-])O,68589,C18H16Cl3N3O4,444.7,,93.1,404,1,5,6
T0445,CC(CN1c2ccccc2Sc2ccccc21)N(C)C,4927,C17H20N2S,284.4,4.8,31.8,298,0,3,3
T0446,Cl.c1ccc2c(CC3=NCCN3)cccc2c1,11079,C14H15ClN2,246.73,,24.4,272,2,1,2
T0447,COc1ccccc1OCCNCC(O)COc1cccc2[nH]c3ccccc3c12,2585,C24H26N2O4,406.5,4.2,75.7,508,3,5,10
T0448,CC(C)Cc1ccc([C@H](C)C(=O)O)cc1,39912,C13H18O2,206.28,3.5,37.3,203,1,2,4
T0449,CC1=CC(=O)c2ccccc2C1=O,4055,C11H8O2,172.18,2.2,34.1,288,0,2,0
T0450,CNCCC(Oc1ccc(C(F)(F)F)cc1)c1ccccc1,3386,C17H18F3NO,309.33,4,21.3,308,1,5,6
T0450L,CNCCC(Oc1ccc(C(F)(F)F)cc1)c1ccccc1.Cl,62857,C17H19ClF3NO,345.8,,21.3,308,2,5,6
T0451,N=c1nc(N2CCCCC2)cc(N)n1O,135743713,C9H15N5O,209.25,-0.3,88.9,329,3,4,1
T0452,OCC(O)CN1CCN(c2ccccc2)CC1,3169,C13H20N2O2,236.31,0.6,46.9,211,2,4,4
T0453,CNC[C@H](O)c1cccc(O)c1.Cl,5284443,C9H14ClNO2,203.66,,52.5,130,4,3,3
T0455,CN1CCN(C2=Nc3cc(Cl)ccc3Nc3ccccc32)CC1,135398737,C18H19ClN4,326.8,3.1,30.9,446,1,3,1
T0456,O=C(O)c1cc(-c2ccccc2)nc2ccccc12,8593,C16H11NO2,249.26,3.4,50.2,325,1,3,2
T0457,CCCN(CCC)S(=O)(=O)c1ccc(C(=O)O)cc1,4911,C13H19NO4S,285.36,3.2,83.1,374,1,5,7
T0458,COc1ccc2c(c1)c(CC(=O)O)c(C)n2C(=O)c1ccc(Cl)cc1,3715,C19H16ClNO4,357.8,4.3,68.5,506,1,4,4
T0460,CCCCOc1ccc(OCCCN2CCOCC2)cc1.Cl,73957,C17H28ClNO3,329.9,,30.9,248,1,4,9
T0461,COc1ccc2cc3[n+](cc2c1OC)CCc1cc2c(cc1-3)OCO2.[Cl-],12456,C20H18ClNO4,371.8,,40.8,488,0,5,2
T0462,O=C1CCc2cc(OCCCCc3nnnn3C3CCCCC3)ccc2N1,2754,C20H27N5O2,369.5,3.1,81.9,485,1,5,7
T0463,CC(C(=O)O)c1ccc(CC2CCCC2=O)cc1,3965,C15H18O3,246.30,2.4,54.4,316,1,3,4
T0464,CCN(CC)CCOCCOC(=O)C1(c2ccccc2)CCCC1.O=C(O)CC(O)(CC(=O)O)C(=O)O,90010,C26H39NO10,525.6,,171,583,4,11,16
T0465,O=c1oc2c(O)c(O)cc3c(=O)oc4c(O)c(O)cc1c4c23,5281855,C14H6O8,302.19,1.1,134,475,4,8,0
T0466,Cc1ccc(-c2cc(C(F)(F)F)nn2-c2ccc(S(N)(=O)=O)cc2)cc1,2662,C17H14F3N3O2S,381.4,3.4,86.4,577,1,7,3
T0467,CCCc1nn(C)c2c(=O)[nH]c(-c3cc(S(=O)(=O)N4CCN(C)CC4)ccc3OCC)nc12.O=C(O)CC(O)(CC(=O)O)C(=O)O,135413523,C28H38N6O11S,666.7,,250,1070,5,15,12
T0468,CCN(CC)CC(=O)Nc1c(C)cccc1C,3676,C14H22N2O,234.34,2.3,32.3,228,1,2,5
T0469,Cl.NCC(O)c1ccc(O)cc1,102484,C8H12ClNO2,189.64,,66.5,111,4,3,2
T0470,CN1CCOC(c2ccccc2)c2ccccc2C1.Cl,155290,C17H20ClNO,289.8,,12.5,274,1,2,1
T0472,COc1ccc(C(CN(C)C)C2(O)CCCCC2)cc1.Cl,62923,C17H28ClNO2,313.9,,32.7,279,2,3,5
T0473,OC[C@H]1O[C@@H](Oc2ccc(O)cc2)[C@H](O)[C@@H](O)[C@@H]1O,440936,C12H16O7,272.25,-0.7,120,279,5,7,3
T0474,CCOC(=O)CCC(=O)O[C@H]1[C@H](O[C@@H]2[C@@H](C)[C@H](O[C@H]3C[C@@](C)(OC)[C@@H](O)[C@H](C)O3)[C@@H](C)C(=O)O[C@H](CC)[C@@](C)(O)[C@H](O)[C@@H](C)C(=O)[C@H](C)C[C@@]2(C)O)O[C@H](C)C[C@@H]1N(C)C,443953,C43H75NO16,862.1,3.4,226,1450,4,17,14
T0476,CC(=O)S[C@@H]1CC2=CC(=O)CC[C@]2(C)[C@H]2CC[C@@]3(C)[C@@H](CC[C@@]34CCC(=O)O4)[C@H]12,5833,C24H32O4S,416.6,2.9,85.7,818,0,5,2
T0477,CC(c1cc2ccccc2s1)N(O)C(N)=O,60490,C11H12N2O2S,236.29,1.6,94.8,275,2,3,2
T0478,CC(=O)[C@H]1CC[C@H]2[C@@H]3CCC4=CC(=O)CC[C@]4(C)[C@H]3CC[C@]12C,5994,C21H30O2,314.5,3.9,34.1,589,0,2,1
T0479,O=c1cccc2n1C[C@@H]1CNC[C@H]2C1,10235,C11H14N2O,190.24,0.2,32.3,332,1,2,0
T0480,Cn1c(=O)c2c(ncn2CC2OCCO2)n(C)c1=O,50942,C11H14N4O4,266.25,-0.9,76.9,398,0,5,2
T0482,CN[C@H]1CC[C@@H](c2ccc(Cl)c(Cl)c2)c2ccccc21.Cl,63009,C17H18Cl3N,342.7,,12,322,2,1,2
T0484,COc1ccc(-c2cc(C(F)F)nn2-c2ccc(S(N)(=O)=O)cc2)cc1F,3058754,C17H14F3N3O3S,397.4,2.8,95.6,596,1,8,5
T0485,CC(=O)OCC(=O)[C@@]12N=C(C)O[C@@H]1C[C@H]1[C@@H]3CCC4=CC(=O)C=C[C@]4(C)[C@H]3[C@@H](O)C[C@@]12C,189821,C25H31NO6,441.5,2,102,996,1,7,4
T0486,CCc1c2c(nc3ccc(OC(=O)N4CCC(N5CCCCC5)CC4)cc13)-c1cc3c(c(=O)n1C2)COC(=O)[C@]3(O)CC.Cl.O.O.O,60837,C33H45ClN4O9,677.2,,116,1200,5,11,5
T0486L,CCc1c2c(nc3ccc(OC(=O)N4CCC(N5CCCCC5)CC4)cc13)-c1cc3c(c(=O)n1C2)COC(=O)[C@]3(O)CC.Cl,74990,C33H39ClN4O6,623.1,,113,1200,2,8,5
T0487,COCCc1ccc(OCC(O)CNC(C)C)cc1.COCCc1ccc(OCC(O)CNC(C)C)cc1.O=C(O)[C@H](O)[C@@H](O)C(=O)O,441308,C34H56N2O12,684.8,,217,349,8,14,21
T0488,CC(C)(C)NC(=O)[C@H]1CC[C@H]2[C@@H]3CC[C@H]4NC(=O)C=C[C@]4(C)[C@H]3CC[C@]12C,57363,C23H36N2O2,372.5,3,58.2,678,2,2,2
T0489,CC(C)C(=O)Nc1ccc([N+](=O)[O-])c(C(F)(F)F)c1,3397,C11H11F3N2O3,276.21,3.3,74.9,352,1,6,2
T0490,CCCNC(=O)NS(=O)(=O)c1ccc(Cl)cc1,2727,C10H13ClN2O3S,276.74,2.3,83.7,345,2,3,4
T0491,CCOc1cc(C=O)ccc1O,8467,C9H10O3,166.17,1.6,46.5,147,1,3,3
T0495,Nc1nccs1,2155,C3H4N2S,100.14,0.4,67.2,48,1,3,0
T0496,CN1CC(=O)N=C1N,137319715,C4H7N3O,113.12,-0.8,56.2,142,2,2,0
T0497,CCCCCCCCCCCCCCCC[N+](C)(C)C.[Br-],5974,C19H42BrN,364.4,,0,181,0,1,15
T0498,O=C(Oc1ccccc1C(=O)O)c1ccccc1O,5161,C14H10O5,258.23,3,83.8,341,2,5,4
T0499,COc1ccc(C(=O)c2ccccc2)c(O)c1,4632,C14H12O3,228.24,3.6,46.5,258,1,3,3
T0500,Oc1c(Cl)cc(Cl)c2cccnc12,2722,C9H5Cl2NO,214.04,3.5,33.1,190,1,2,0
T0501,COc1ccc(O)cc1,9015,C7H8O2,124.14,1.3,29.5,75,1,2,1
T0503,CNC[C@H](O)[C@@H](O)[C@H](O)[C@H](O)CO,8567,C7H17NO5,195.21,-2.8,113,134,6,6,6
T0504,CC1CC(OC(=O)C(O)c2ccccc2)CC(C)(C)C1,2893,C17H24O3,276.4,4.2,46.5,331,1,3,4
T0505,C[C@](N)(Cc1ccc(O)c(O)c1)C(=O)O,38853,C10H13NO4,211.21,-1.9,104,246,4,5,3
T0506,Clc1ccccc1C(c1ccccc1)(c1ccccc1)n1ccnc1,2812,C22H17ClN2,344.8,5,17.8,396,0,1,4
T0507,O=C1CC[C@@H](C(=O)O)N1,7405,C5H7NO3,129.11,-0.8,66.4,154,2,3,1
T0508,NCCCC(=O)O,119,C4H9NO2,103.12,-3.2,63.3,62,2,3,3
T0509,Oc1ccc(Cl)c2cccnc12,2817,C9H6ClNO,179.60,2.9,33.1,165,1,2,0
T0510,N=C(N)NS(=O)(=O)c1ccc(N)cc1,5324,C7H10N4O2S,214.25,-0.7,133,307,3,4,2
T0511,Cc1ccc(C(=O)C(C)CN2CCCCC2)cc1.Cl,92965,C16H24ClNO,281.82,,20.3,262,1,2,4
T0512,O=C(O)c1ccccc1C(=O)Nc1ccc(S(=O)(=O)Nc2nccs2)cc1,4806,C17H13N3O5S2,403.4,1.1,162,643,3,8,6
T0513,Oc1c(I)cc(I)c2cccnc12,3728,C9H5I2NO,396.95,3.1,33.1,190,1,2,0
T0514,O=C1c2ccccc2C(=O)C1c1ccccc1,4760,C15H10O2,222.24,2.9,34.1,304,0,2,1
T0515,O=c1oc2cc(O)ccc2s1,72139,C7H4O3S,168.17,1.9,71.8,183,1,4,0
T0516,C[C@H](CCC(=O)[O-])[C@H]1CC[C@H]2[C@@H]3C(=O)C[C@@H]4CC(=O)CC[C@]4(C)[C@H]3CC(=O)[C@]12C.[Na+],23675007,C24H33NaO5,424.5,,91.3,763,0,5,4
T0518,C=C1c2cccc(O)c2C(=O)C2=C(O)[C@]3(O)C(=O)C(C(N)=O)=C(O)[C@@H](N(C)C)[C@@H]3[C@@H](O)[C@H]12.Cl,54685047,C22H23ClN2O8,478.9,,182,998,7,9,2
T0519,C=C[C@H]1C[N@]2CC[C@H]1C[C@H]2[C@H](OC(=O)OCC)c1ccnc2ccc(OC)cc12,6975516,C23H28N2O4,396.5,4.2,60.9,585,0,6,8
T0520,COc1cc2nccc(Oc3ccc(NC(=O)NC4CC4)c(Cl)c3)c2cc1C(N)=O,9823820,C21H19ClN4O4,426.9,2.8,116,634,3,5,6
T0522,CC1(C)[C@@H](O[C@H]2O[C@H](C(=O)O)[C@@H](O)[C@H](O)[C@H]2O[C@@H]2O[C@H](C(=O)O)[C@@H](O)[C@H](O)[C@H]2O)CC[C@]2(C)[C@H]3C(=O)C=C4[C@@H]5C[C@@](C)(C(=O)O)CC[C@]5(C)CC[C@@]4(C)[C@]3(C)CC[C@@H]12.N.N,656656,C42H68N2O16,857.0,,269,1730,10,18,7
T0525,CCC(=O)c1c(O)cc(O)cc1O,3362,C9H10O4,182.17,1.6,77.8,180,3,4,2
T0526,Nc1ccc([N+](=O)[O-])cc1C(=O)c1ccccc1,15681,C13H10N2O3,242.23,3,88.9,321,1,4,2
T0527,COc1ccc(C=O)c(OC)c1OC,75006,C10H12O4,196.20,1.3,44.8,183,0,4,4
T0528,COc1ccc(F)cc1,9987,C7H7FO,126.13,2.3,9.2,77,0,2,1
T0529,OC[C@@H](O)[C@H](O)[C@H](O)[C@@H](O)CO,11850,C6H14O6,182.17,-3.1,121,105,6,6,5
T0530,O=C1CC(c2ccccc2)Oc2ccccc21,10251,C15H12O2,224.25,3.2,26.3,281,0,2,1
T0531,CC(C)C[C@H](CC(N)=O)CC(=O)O,11084586,C9H17NO3,187.24,0.7,80.4,189,2,3,6
T0532,CC1CNC(=O)NC1=O,93556,C5H8N2O2,128.13,-0.6,58.2,155,2,2,0
T0533,Cl.NN1CCCCC1,148996,C5H13ClN2,136.62,,29.3,48,2,2,0
T0537,COc1cc2c(cc1OC)C(=O)C(CC1CCNCC1)C2.Cl,14553606,C17H24ClNO3,325.8,,47.6,367,2,4,4
T0538,CC1C(=O)Nc2ccccc21,150923,C9H9NO,147.17,1.3,29.1,178,1,1,0
T0539,O=C(O)CCc1ccc(O)c(O)c1,348154,C9H10O4,182.17,-0.5,77.8,180,3,4,3
T0540,OC1c2ccccc2CCc2ccccc21,14588,C15H14O,210.27,3,20.2,214,1,1,0
T0542,COc1ccc(CC(=O)O)cc1O,160562,C9H10O4,182.17,0.6,66.8,180,2,4,3
T0543,Cn1cnc2[nH]c(=O)[nH]c(=O)c21,68374,C6H6N4O2,166.14,-0.9,76,242,2,3,0
T0544,ClC(Cl)(c1ccccc1)c1ccccc1,16327,C13H10Cl2,237.12,4.5,0,169,0,0,2
T0545,OCCN1CCNC1=S,2801741,C5H10N2OS,146.21,-0.8,67.6,118,2,2,2
T0546,CC(C)(C)C(=O)OC(=O)C(C)(C)C,15234,C10H18O3,186.25,2.7,43.4,191,0,3,4
T0547,CC(=O)Nc1ccc([N+](=O)[O-])c(C(F)(F)F)c1,246769,C9H7F3N2O3,248.16,2.3,74.9,314,1,6,1
T0548,COC(=O)c1cncc(C)c1,256308,C8H9NO2,151.16,1.1,39.2,147,0,3,2
T0549,CC(=O)c1ccc(C(C)(C)C)cc1,13669,C12H16O,176.25,3.4,17.1,180,0,1,2
T0550,O=c1[nH]c2cc(Cl)ccc2n1C1CCNCC1,104607,C12H14ClN3O,251.71,2.6,44.4,306,2,2,1
T0551,Cl.NCCC[C@@H](N)C(=O)O,443122,C5H13ClN2O2,168.62,,89.3,95,4,4,4
T0552,NC(=O)c1ccncc1,15074,C6H6N2O,122.12,-0.3,56,108,1,2,1
T0553,O=C(O)c1ccc(O)c(C(=O)O)c1,12490,C8H6O5,182.13,1.5,94.8,225,3,5,2
T0554,CCCCNC(=O)NCCCC,74523,C9H20N2O,172.27,2.2,41.1,103,2,1,6
T0556,COc1ccc2cc(C(=O)O)ccc2c1,349181,C12H10O3,202.21,3.3,46.5,239,1,3,2
T0557,CNc1cccc(C)c1,69675,C8H11N,121.18,2.6,12,80,1,1,1
T0558,COc1cc(CCC(=O)O)ccc1O,14340,C10H12O4,196.20,0.7,66.8,193,2,4,4
T0559,O=C1c2ccccc2CCc2ccccc21,14589,C15H12O,208.25,4,17.1,245,0,1,0
T0560,NCCC(c1ccccc1)c1ccccc1,79698,C15H17N,211.30,3.1,26,160,1,1,4
T0561,COc1ccc(S(N)(=O)=O)cc1C(=O)O,89601,C8H9NO5S,231.23,-0.3,115,333,2,6,3
T0562,O=C(O)c1ccc(O)c(O)c1,72,C7H6O4,154.12,1.1,77.8,157,3,4,1
T0564,O=C1CCc2ccccc21,6735,C9H8O,132.16,1.7,17.1,151,0,1,0
T0565,Cl.ClCCNCCCl,522769,C4H10Cl3N,178.48,,12,28,2,1,4
T0566,Cc1ccccc1C(O)c1ccccc1,95659,C14H14O,198.26,3.1,20.2,184,1,1,2
T0567,Nc1ccc(Cl)cc1C(=O)O,12476,C7H6ClNO2,171.58,1.6,63.3,163,2,3,1
T0568,COc1ccc(CC(=O)O)cc1OC,7139,C10H12O4,196.20,1,55.8,193,1,4,4
T0569,O=C(O)c1cnccn1,1047,C5H4N2O2,124.10,0.1,63.1,116,1,4,1
T0570,O=C(O)c1cc(O)cc(O)c1,7424,C7H6O4,154.12,0.9,77.8,147,3,4,1
T0571,Cc1ccccc1S(N)(=O)=O,6924,C7H9NO2S,171.22,0.8,68.5,217,1,3,1
T0572,COC(=O)c1cc(OC)c(OC)c(OC)c1,15956,C11H14O5,226.23,1.7,54,216,0,5,5
T0573,COc1ccc2ccccc2c1,7119,C11H10O,158.20,3.5,9.2,144,0,1,1
T0574,c1ccc(Sc2ccccc2)cc1,8766,C12H10S,186.27,4.5,25.3,116,0,1,2
T0575,Cn1ccnc1,1390,C4H6N2,82.10,-0.1,17.8,44,0,1,0
T0577,O=c1[nH]c2cc(Cl)ccc2s1,603829,C7H4ClNOS,185.63,2.4,54.4,187,1,2,0
T0578,O=C1OC2(c3ccccc31)c1cc(I)c(O)c(I)c1Oc1c2cc(I)c(O)c1I,3259,C20H8I4O5,835.9,6,76,645,2,5,0
T0579,O=c1c(O)c(-c2cc(O)c(O)c(O)c2)oc2cc(O)cc(O)c12,5281672,C15H10O8,318.23,1.2,148,506,6,8,1
T0583,OC[C@@H](O)[C@@H](O)CO,222285,C4H10O4,122.12,-2.3,80.9,48,4,4,3
T0584,O=C[C@H](O)[C@@H](O)[C@H](O[C@H]1O[C@H](CO)[C@@H](O)[C@H](O)[C@H]1O)[C@H](O)CO,181526,C12H22O11,342.30,-5,197,367,8,11,8
T0584L,O.OC[C@H]1O[C@H](O[C@H]2[C@H](O)[C@@H](O)C(O)O[C@@H]2CO)[C@H](O)[C@@H](O)[C@@H]1O,23724983,C12H24O12,360.31,,191,382,9,12,4
T0585,OC[C@@H](O)[C@@H](O[C@H]1O[C@H](CO)[C@@H](O)[C@H](O)[C@H]1O)[C@H](O)[C@@H](O)CO,493591,C12H24O11,344.31,-5.2,201,343,9,11,8
T0586,OC[C@H]1O[C@@H](O[C@H]2[C@H](O)[C@@H](O)C(O)O[C@@H]2CO)[C@H](O)[C@@H](O)[C@H]1O,440995,C12H22O11,342.30,-4.7,190,382,8,11,4
T0587,OC1OC[C@H](O)[C@H](O)[C@H]1O,439195,C5H10O5,150.13,-2.5,90.2,117,4,5,0
T0589,OC[C@@H](O)[C@H](O)[C@@H](O)CO,6912,C5H12O5,152.15,-2.5,101,76,5,5,4
T0590,O=C1O[C@H]([C@H](O)CO)C([O-])=C1O.[Na+],23683938,C6H7NaO6,198.11,,110,237,3,6,2
T0591,OC[C@H]1OC(O)[C@H](O)[C@@H](O)[C@H]1O,6036,C6H12O6,180.16,-2.6,110,151,5,6,1
T0592,OC[C@H]1OC(O)[C@@H](O)[C@@H](O)[C@@H]1O,18950,C6H12O6,180.16,-2.6,110,151,5,6,1
T0594,COS(=O)(=O)[O-].C[N+]1(C)CCC(=C(c2ccccc2)c2ccccc2)CC1,6126,C21H27NO4S,389.5,,74.8,426,0,4,2
T0595,C[C@@H]1O[C@@H](O[C@H]2[C@H](Oc3cc(O)c4c(c3)O[C@H](c3ccc(O)cc3)CC4=O)O[C@H](CO)[C@@H](O)[C@@H]2O)[C@H](O)[C@H](O)[C@H]1O,442428,C27H32O14,580.5,-0.5,225,884,8,14,6
T0596,O=C1NC(=O)C(c2ccccc2)N1,1002,C9H8N2O2,176.17,0.5,58.2,234,2,2,1
T0598,C1=Cc2ccccc2Nc2ccccc21,9212,C14H11N,193.24,4,12,222,1,1,0
T0600,NC(=O)N1c2ccccc2CCc2ccccc21,19099,C15H14N2O,238.28,2.3,46.3,294,1,1,0
T0601,O=C(O)c1ccccc1C(=O)OCc1ccccc1,31736,C15H12O4,256.25,3.3,63.6,320,1,4,5
T0603,CCCCC(CC)COC(=O)c1ccccc1C(=O)O,20393,C16H22O4,278.34,4,63.6,314,1,4,9
T0604,Nc1nc(N)nc(Cl)n1,18831,C3H4ClN5,145.55,-0.1,90.7,88,2,5,0
T0606,CCCCOC(=O)c1ccccc1C(=O)O,8575,C12H14O4,222.24,3.1,63.6,249,1,4,6
T0607,C[C@H]1[C@@H](O)O[C@@H]2O[C@@]3(C)CC[C@H]4[C@H](C)CC[C@@H]1[C@@]24OO3,3000518,C15H24O5,284.35,2.5,57.2,415,1,5,0
T0611,COc1cc(C(O)C(=O)O)ccc1O,1245,C9H10O5,198.17,-0.2,87,205,3,5,3
T0612,COc1ccc2cc(C(C)O)ccc2c1,575523,C13H14O2,202.25,2.8,29.5,205,1,2,2
T0613,CC(C)(O)CC(=O)O,69362,C5H10O3,118.13,-0.3,57.5,95,2,3,2
T0614,COc1cc(N)c(Cl)cc1C(=O)O,81626,C8H8ClNO3,201.61,2.1,72.6,200,2,4,2
T0617,NC(=O)c1ccc[n+]([O-])c1,72661,C6H6N2O2,138.12,-1.3,68.6,138,1,2,1
T0621,c1ccc(Oc2ccccc2)cc1,7583,C12H10O,170.21,4.2,9.2,116,0,1,2
T0622,Clc1ccc2c(c1)Nc1ccccc1S2,7088,C12H8ClNS,233.72,4.8,37.3,236,1,2,0
T0624,O=C(c1ccccc1)c1ccc(O)cc1,14347,C13H10O2,198.22,3.1,37.3,211,1,2,2
T0625,Cn1cnc2c1c(=O)[nH]c(=O)n2C,5429,C7H8N4O2,180.16,-0.8,67.2,267,1,3,0
T0627,NCCC(=O)O,239,C3H7NO2,89.09,-3,63.3,52,2,3,2
T0628,c1ccc2c(c1)CCc1ccccc1N2,10308,C14H13N,195.26,3.8,12,191,1,1,0
T0629,C=C(C(=O)O)c1ccccc1,68114,C9H8O2,148.16,2,37.3,166,1,2,2
T0630,O=C1NCCN1,8453,C3H6N2O,86.09,-1.3,41.1,63,2,1,0
T0631,CCC(C(=O)O)c1ccccc1,7012,C10H12O2,164.20,2.3,37.3,148,1,2,3
T0632,COc1cc(C(=O)O)cc(OC)c1OC,8357,C10H12O5,212.20,1.4,65,204,1,5,4
T0633,O=C(c1ccccc1)c1ccccc1Cl,78838,C13H9ClO,216.66,4,17.1,221,0,1,2
T0634,CCCC(=O)Nc1ccc(O)c(C(C)=O)c1,736331,C12H15NO3,221.25,2.2,66.4,265,2,3,4
T0635,COCCc1ccc(O)cc1,92516,C9H12O2,152.19,1.9,29.5,95,1,2,3
T0636,C[N+]1([O-])CCOCC1,82029,C5H11NO2,117.15,-0.7,27.3,78,0,2,0
T0637,COc1ccc2cc(C(C)=O)ccc2c1,77506,C13H12O2,200.23,3.2,26.3,237,0,2,2
T0638,Cc1ncc([N+](=O)[O-])[nH]1,12760,C4H5N3O2,127.10,0.3,74.5,121,1,3,0
T0640,CCCCOC(=O)c1ccccc1C(=O)OCc1ccccc1,2347,C19H20O4,312.4,4.9,52.6,374,0,4,9
T0642,COc1ccc2c(c1)Nc1ccccc1S2,74490,C13H11NOS,229.30,4.1,46.6,248,1,3,1
T0643,O=C1Cc2ccccc2N1c1c(Cl)cccc1Cl,27211,C14H9Cl2NO,278.1,3.8,20.3,326,0,1,1
T0644,Cc1cc(N)no1,66172,C4H6N2O,98.10,0.1,52.1,66,1,3,0
T0645,CC(=O)NC12CC3CC(CC(C3)C1)C2,64153,C12H19NO,193.28,2.2,29.1,230,1,1,1
T0646,Nc1ccc(O)c(C(=O)O)c1,4075,C7H7NO3,153.14,1.3,83.6,160,3,4,1
T0647,NCCc1c[nH]c2ccccc12,1150,C10H12N2,160.22,1.6,41.8,147,2,1,2
T0649,O=C(O)c1ccccc1O,338,C7H6O3,138.12,2.3,57.5,133,2,3,1
T0650,CC(=O)Oc1ccccc1,31229,C8H8O2,136.15,1.5,26.3,114,0,2,2
T0651,c1ccc(CNc2ccccc2)cc1,66028,C13H13N,183.25,3.1,12,143,1,1,3
T0653,O=P(OCCCl)(OCCCl)OCCCl,8295,C6H12Cl3O4P,285.5,1.3,44.8,152,0,4,9
T0657,COc1ccc(CO)cc1OC,7118,C9H12O3,168.19,0.6,38.7,127,1,3,3
T0658,OCCc1ccccn1,7675,C7H9NO,123.15,0.1,33.1,75,1,2,2
T0659,CC1=NN(c2ccccc2)C(=O)C1C1C(=O)N(c2ccccc2)N=C1C,95807,C20H18N4O2,346.4,2.4,65.3,588,0,4,3
T0660,O=C1CCc2ccccc2C1,68266,C10H10O,146.19,1.6,17.1,162,0,1,0
T0661,CN(C)S(=O)(=O)Cl,83372,C2H6ClNO2S,143.59,0.3,45.8,132,0,3,1
T0662,O=c1[nH]c2ccccc2[nH]1,11985,C7H6N2O,134.14,1.1,41.1,142,2,1,0
T0663,COc1ccc2cc(Br)ccc2c1,78786,C11H9BrO,237.09,4.2,9.2,171,0,1,1
T0664,NNC(=O)c1cccnc1,11112,C6H7N3O,137.14,-0.7,68,126,2,3,1
T0665,O=c1[nH]c(=O)c2[nH]cnc2[nH]1,1188,C5H4N4O2,152.11,-0.7,86.9,217,3,3,0
T0666,O=C(O)c1ccc(Cl)cc1O,78782,C7H5ClO3,172.56,3.1,57.5,160,2,3,1
T0667,O=C(O)c1cc(OCC(F)(F)F)ccc1OCC(F)(F)F,2736078,C11H8F6O4,318.17,3.5,55.8,354,1,10,5
T0668,Cl.NN1CC(=O)NC1=O,12472963,C3H6ClN3O2,151.55,,75.4,143,3,3,0
T0669,Cc1ccc(S(=O)(=O)[N-]Cl)cc1.[Na+],3641960,C7H7ClNNaO2S,227.64,,43.5,231,0,3,1
T0670,Cl.N=C(N)NCCC[C@H](N)C(=O)O,66250,C6H15ClN4O2,210.66,,128,176,5,4,5
T0671,Oc1ccc2ccccc2c1,8663,C10H8O,144.17,2.7,20.2,133,1,1,0
T0672,CC[C@H](C)C(=O)O[C@H]1C[C@H](O)C=C2C=C[C@H](C)[C@H](CC[C@@H](O)C[C@@H](O)CC(=O)[O-])[C@H]21.[Na+],16759173,C23H35NaO7,446.5,,127,662,3,7,11
T0674,Cc1c(OCC(F)(F)F)ccnc1CS(=O)c1nc2ccccc2[nH]1,3883,C16H14F3N3O2S,369.4,2.8,87.1,480,1,8,5
T0675,CC1(C)O[C@@H]2[C@@H](CO[C@@]3(COS(N)(=O)=O)OC(C)(C)O[C@@H]23)O1,5284627,C12H21NO8S,339.36,-0.8,124,556,1,9,3
T0676,NC(=O)NO,3657,CH4N2O2,76.055,-1.8,75.4,42,3,2,0
T0677,NS(=O)(=O)c1cc2c(cc1Cl)NC=NS2(=O)=O,2720,C7H6ClN3O4S2,295.7,-0.2,135,532,2,6,1
T0678,CN(C)CCC=C1c2ccccc2CCc2ccccc21.Cl,11065,C20H24ClN,313.9,,3.2,331,1,1,3
T0680,Nc1nnc(-c2cccc(Cl)c2Cl)c(N)n1,3878,C9H7Cl2N5,256.09,1.4,90.7,242,2,5,1
T0682,Nc1ccn([C@@H]2CS[C@H](CO)O2)c(=O)n1,60825,C8H11N3O3S,229.26,-0.9,113,331,2,4,2
T0683,CC[C@H](C)C(=O)O[C@H]1CCC=C2C=C[C@H](C)[C@H](CC[C@@H]3C[C@@H](O)CC(=O)O3)[C@H]21,64715,C23H34O5,390.5,3.9,72.8,637,1,5,7
T0684,NC(=O)c1ncn([C@@H]2O[C@H](CO)[C@@H](O)[C@H]2O)n1,37542,C8H12N4O5,244.20,-1.8,144,304,4,7,3
T0686,CCCCCCCCCCC[C@@H](C[C@@H]1OC(=O)[C@H]1CCCCCC)OC(=O)[C@H](CC(C)C)NC=O,3034010,C29H53NO5,495.7,10,81.7,579,1,5,23
T0687,CCC(C)(C)C(=O)O[C@H]1C[C@@H](C)C=C2C=C[C@H](C)[C@H](CC[C@@H]3C[C@@H](O)CC(=O)O3)[C@H]21,54454,C25H38O5,418.6,4.7,72.8,706,1,5,7
T0688,Nc1nc(=O)c2ncn(COC(CO)CO)c2[nH]1,135398740,C9H13N5O4,255.23,-2.5,135,346,4,6,5
T0689,N[C@H](Cc1ccccc1)C(=O)O,71567,C9H11NO2,165.19,-1.5,63.3,153,2,3,3
T0690,C=C[C@H]1C[N@]2CC[C@H]1C[C@H]2[C@H](O)c1ccnc2ccc(OC)cc12,3034034,C20H24N2O2,324.4,2.9,45.6,457,1,4,4
T0691,COc1cc(O)c(C(=O)c2ccccc2)cc1S(=O)(=O)O,19988,C14H12O6S,308.31,2.2,109,462,2,6,4
T0692,Oc1ncnc2[nH]ncc12,135401907,C5H4N4O,136.11,-0.7,70.1,190,2,3,0
T0693,O=C(O)c1cccnc1Nc1cccc(C(F)(F)F)c1,4488,C13H9F3N2O2,282.22,3.7,62.2,349,2,7,3
T0694,O=C(Nc1cccc2c(=O)cc(-c3nn[nH]n3)oc12)c1ccc(OCCCCc2ccccc2)cc1,4887,C27H23N5O4,481.5,4.2,119,778,2,7,9
T0695,COc1ccc(C(=O)CC(=O)c2ccc(C(C)(C)C)cc2)cc1,51040,C20H22O3,310.4,4.8,43.4,405,0,3,6
T0696,COc1ccccc1N1CCN(CC(O)COc2cccc3ccccc23)CC1,4418,C24H28N2O3,392.5,4.1,45.2,483,1,5,7
T0697,COC(=O)[C@H](Cc1ccccc1)NC(=O)[C@@H](N)CC(=O)O,134601,C14H18N2O5,294.30,-2.7,119,380,3,6,8
T0698,COc1ccc(C(=O)c2ccccc2O)c(O)c1,8569,C14H12O4,244.24,3.3,66.8,292,2,4,3
T0699,COc1cc(NS(=O)(=O)c2ccc(N)cc2)ncn1,5332,C11H12N4O3S,280.31,0.8,116,376,2,7,4
T0700,C[C@H](CCC(=O)O)[C@H]1CC[C@H]2[C@@H]3[C@@H](O)C[C@@H]4C[C@H](O)CC[C@]4(C)[C@H]3CC[C@]12C,31401,C24H40O4,392.6,4.9,77.8,605,3,4,4
T0701,Oc1c(Br)cc(Br)c2cccnc12,2453,C9H5Br2NO,302.95,3.2,33.1,190,1,2,0
T0702,NCC1(CC(=O)O)CCCCC1,3446,C9H17NO2,171.24,-1.1,63.3,162,2,3,3
T0703,Cc1c(-c2ccccc2)oc2c(C(=O)OCCN3CCCCC3)cccc2c1=O.Cl,441345,C24H26ClNO4,427.9,,55.8,631,1,5,6
T0705,CC(=O)Oc1cc(C(F)(F)F)ccc1C(=O)O,9458,C10H7F3O4,248.15,2.1,63.6,313,1,7,3
T0706,NCCCC[C@H](N[C@@H](CCc1ccccc1)C(=O)O)C(=O)N1CCC[C@H]1C(=O)O.O.O,5362118,C21H35N3O7,441.5,,135,550,6,9,12
T0708,O=C(O)CCc1nc(-c2ccccc2)c(-c2ccccc2)o1,4614,C18H15NO3,293.3,4.2,63.3,361,1,4,5
T0710,N[C@H]1CONC1=O,449215,C3H6N2O2,102.09,-1.5,64.4,92,2,3,0
T0711,O=C(Nc1ccc([N+](=O)[O-])cc1Cl)c1cc(Cl)ccc1O,4477,C13H8Cl2N2O4,327.12,4,95.2,404,2,4,2
T0712,CCCCCCCCN[C@H](C)[C@@H](O)c1ccc(SC(C)C)cc1,657255,C20H35NOS,337.6,5.8,57.6,277,2,3,12
T0713,CCN(CC)CCOC(=O)C(c1ccccc1)C1CCCCC1.Cl,92806,C20H32ClNO2,353.9,,29.5,329,1,3,9
T0714,COC(=O)Nc1nc2ccc(S(=O)c3ccccc3)cc2[nH]1,40854,C15H13N3O3S,315.3,2.3,103,428,2,5,4
T0715,CN1C(=O)CCS(=O)(=O)C1c1ccc(Cl)cc1,2717,C11H12ClNO3S,273.74,1.1,62.8,395,0,3,1
T0716,CCc1c(C)[nH]c2c1C(=O)C(CN1CCOCC1)CC2.Cl,9883259,C16H25ClN2O2,312.83,,45.3,354,2,3,3
T0717,CCn1cc(C(=O)O)c(=O)c2cc(F)c(N3CCNCC3)nc21.CCn1cc(C(=O)O)c(=O)c2cc(F)c(N3CCNCC3)nc21.O.O.O,24840537,C30H40F2N8O9,694.7,,175,521,7,19,6
T0717L,CCn1cc(C(=O)O)c(=O)c2cc(F)c(N3CCNCC3)nc21,3229,C15H17FN4O3,320.32,-0.2,85.8,521,2,8,3
T0719,COc1cc2c(cc1OC)[C@@H]1CC(=O)[C@@H](CC(C)C)CN1CC2,11634155,C19H27NO3,317.4,2.9,38.8,425,0,4,4
T0720,CC[N+](CC)(CC)CCOc1cccc(OCC[N+](CC)(CC)CC)c1OCC[N+](CC)(CC)CC.[I-].[I-].[I-],6172,C30H60I3N3O3,891.5,,27.7,489,0,6,21
T0721,Cc1cc(CC(C)CC(C)(C)C)n(O)c(=O)c1.NCCO,50258,C16H30N2O3,298.42,,86.8,371,3,4,5
T0722,C[C@H]1[C@H](C)CC[C@]2(C(=O)O)CC[C@]3(C)C(=CC[C@@H]4[C@@]5(C)CC[C@H](O)C(C)(C)[C@@H]5CC[C@]43C)[C@H]12,64945,C30H48O3,456.7,7.3,57.5,874,2,3,1
T0723,Cl.Clc1ccc(C(OCCN2CCCCC2)c2ccccc2)cc1,161104,C20H25Cl2NO,366.3,,12.5,318,1,2,6
T0724,COc1ccc(-c2coc3cc(O)ccc3c2=O)cc1,5280378,C16H12O4,268.26,2.8,55.8,395,1,4,2
T0726,CN(C)CCCOc1nn(Cc2ccccc2)c2ccccc12.Cl,65464,C19H24ClN3O,345.9,,30.3,344,1,3,7
T0727,CCCCOCCOCCOCc1cc2c(cc1CCC)OCO2,5794,C19H30O5,338.4,3.7,46.2,312,0,5,13
T0728,CCC1(C)CC(=O)NC1=O,3291,C7H11NO2,141.17,0.4,46.2,188,1,2,1
T0729,O=C(OCc1ccccc1)c1ccccc1,2345,C14H12O2,212.24,4,26.3,213,0,2,4
T0730,CC(=O)OCC(COC(C)=O)OC(C)=O,5541,C9H14O6,218.20,0.2,78.9,229,0,6,8
T0731,CCN(CC)C(=O)c1cccc(C)c1,4284,C12H17NO,191.27,2,20.3,187,0,1,3
T0732,OCc1ccccc1,244,C7H8O,108.14,1.1,20.2,55,1,1,1
T0734,Cc1cc(=O)n(-c2ccccc2)n1C,2206,C11H12N2O,188.23,0.4,23.6,266,0,2,1
T0737,NCCC[C@H](N)C(=O)O,6262,C5H12N2O2,132.16,-4.4,89.3,95,3,4,4
T0738,NC(N)=O,1176,CH4N2O,60.056,-1.4,69.1,29,2,1,0
T0739,COc1ccccc1OCC(O)CO,3516,C10H14O4,198.22,1.4,58.9,151,2,4,5
T0740,CN(C)C(=N)NC(=N)N.Cl,137704554,C4H12ClN5,165.62,,91.5,136,4,1,2
T0741,Cc1cc(C)nc(NS(=O)(=O)c2ccc(N)cc2)n1,5327,C12H14N4O2S,278.33,0.3,106,377,2,6,3
T0743,C[N+](C)(C)CC(O)CC(=O)[O-],288,C7H15NO3,161.20,-0.2,60.4,134,1,3,3
T0746,O=C(O)c1cc(=O)[nH]c(=O)[nH]1,967,C5H4N2O4,156.10,-1.4,95.5,268,3,4,1
T0747,Nc1ccc(S(=O)(=O)Nc2nccs2)cc1,5340,C9H9N3O2S2,255.3,0.1,122,320,2,6,3
T0748,COc1cnc(NS(=O)(=O)c2ccc(N)cc2)nc1,5326,C11H12N4O3S,280.31,0.4,116,368,2,7,4
T0749,O=C(O)CCC(=O)Nc1ccc(S(=O)(=O)Nc2nccs2)cc1,5315,C13H13N3O5S2,355.4,-0.7,162,526,3,8,7
T0750,Cc1noc(NS(=O)(=O)c2ccc(N)cc2)c1C,5344,C11H13N3O3S,267.31,1,107,373,2,6,3
T0752,CCCCCCCCCCCCCCCC(=O)OC[C@H](O)[C@H]1OC(=O)C(O)=C1O,54680660,C22H38O7,414.5,6.3,113,515,3,7,18
T0753,O=C(Nc1ccccc1)c1ccccc1O,6872,C13H11NO2,213.23,3.3,49.3,236,2,2,2
T0754,Cc1nnc(NS(=O)(=O)c2ccc(N)cc2)s1,5328,C9H10N4O2S2,270.3,0.5,135,348,2,7,3
T0755,NC(=O)N[C@@H](CCC(=O)O)C(=O)O,121396,C6H10N2O5,190.15,-2.4,130,227,4,5,5
T0756,CCOc1ccc2c(c1)C(C)=CC(C)(C)N2,3293,C14H19NO,217.31,3.1,21.3,282,1,2,2
T0757,COc1ccc2nc(S(=O)Cc3ncc(C)c(OC)c3C)[nH]c2c1,4594,C17H19N3O3S,345.4,2.2,96.3,453,1,6,5
T0758,CN1C(C(=O)Nc2ccccn2)=C(O)c2ccccc2S1(=O)=O,54676228,C15H13N3O4S,331.3,3.1,108,611,2,6,2
T0759,Oc1ccc(OCc2ccccc2)cc1,7638,C13H12O2,200.23,3.4,29.5,167,1,2,3
T0763,CC(O)CC(C)(C)O,7870,C6H14O2,118.17,0.3,40.5,68,2,2,2
T0765,Cc1cn[nH]c1,3406,C4H6N2,82.10,1.4,28.7,44,1,1,0
T0766,CN(C)CCCN1c2ccccc2Sc2ccccc21.Cl,5887,C17H21ClN2S,320.9,,31.8,285,1,3,4
T0767,Nc1ccc(S(=O)(=O)Nc2ccccn2)cc1,5336,C11H11N3O2S,249.29,0,93.5,331,2,5,3
T0768,CCN(CC)CCc1nc(-c2ccccc2)no1.O=C(O)CC(O)(CC(=O)O)C(=O)O,264891,C20H27N3O8,437.4,,174,454,4,11,11
T0769,CC(=O)N[C@@H](CCC(N)=O)C(=O)O,182230,C7H12N2O4,188.18,-1.4,109,227,3,4,5
T0772,C[C@@H]1O[C@@H](OC[C@H]2O[C@@H](Oc3c(-c4ccc(OCCO)c(OCCO)c4)oc4cc(OCCO)cc(O)c4c3=O)[C@H](O)[C@@H](O)[C@@H]2O)[C@H](O)[C@H](O)[C@H]1O,5486699,C33H42O19,742.7,-2.4,293,1170,10,19,15
T0775,O=c1ccc2ccccc2o1,323,C9H6O2,146.14,1.4,26.3,196,0,2,0
T0776,c1ccc2c(c1)Nc1ccccc1S2,7108,C12H9NS,199.27,4.2,37.3,186,1,2,0
T0778,CCOc1ccc(NC(C)=O)cc1,4754,C10H13NO2,179.22,1.6,38.3,162,1,2,3
T0780,CN(C)C(=O)Oc1ccc[n+](C)c1.[Br-],7550,C9H13BrN2O2,261.12,,33.4,182,0,3,2
T0781,OCC(S)CS,3080,C3H8OS2,124.23,0.2,22.2,32,3,3,2
T0782,NS(=O)(=O)c1cc2c(cc1Cl)NC(CSCc1ccccc1)=NS2(=O)=O,2343,C15H14ClN3O4S3,431.9,1.7,161,739,2,7,5
T0783,CN1CCN2c3ccccc3Cc3ccccc3C2C1.Cl,68551,C18H21ClN2,300.8,,6.5,342,1,2,0
T0784,Cc1c(Cl)cccc1Nc1ccccc1C(=O)O,610479,C14H12ClNO2,261.70,5.2,49.3,298,2,3,3
T0786,C[N+]12CCC(CC1)C(OC(=O)C(O)(c1ccccc1)c1ccccc1)C2.[Br-],19004,C22H26BrNO3,432.3,,46.5,482,1,4,5
T0787,COc1ccc(O)c(C(C)(C)C)c1.COc1ccc(O)cc1C(C)(C)C,24667,C22H32O4,360.5,,58.9,320,2,4,4
T0788,CN[C@@H]1[C@H](O)[C@H](NC)[C@H]2O[C@@]3(O)C(=O)C[C@@H](C)O[C@H]3O[C@@H]2[C@H]1O.Cl.Cl,64740,C14H26Cl2N2O7,405.3,,130,478,7,9,2
T0788L,CN[C@@H]1[C@H](O)[C@H](NC)[C@H]2O[C@@]3(O)C(=O)C[C@@H](C)O[C@H]3O[C@@H]2[C@H]1O.Cl.Cl.O.O.O.O.O,30971,C14H36Cl2N2O12,495.3,,135,478,12,14,2
T0789,O=S(=O)(F)Cc1ccccc1,4784,C7H7FO2S,174.19,1.3,42.5,199,0,3,2
T0790,CNC(=O)Oc1cccc2ccccc12,6129,C12H11NO2,201.22,2.4,38.3,230,1,2,2
T0791,COC(=O)[C@H]1[C@H]2C[C@@H]3c4[nH]c5cc(OC)ccc5c4CCN3C[C@H]2C[C@@H](OC(=O)c2cc(OC)c(OC)c(OC)c2)[C@@H]1OC,5770,C33H40N2O9,608.7,4,118,1000,1,10,10
T0792,C1CCN2C[C@H]3C[C@H](CN4CCCC[C@@H]34)[C@H]2C1.O.O.O.O.O.O=S(=O)(O)O,72325,C15H38N2O9S,422.5,,94.5,344,7,11,0
T0793,NC[C@H]1O[C@H](O[C@H]2[C@H](O)[C@@H](O[C@H]3O[C@H](CO)[C@@H](O)[C@H](N)[C@H]3O)[C@H](N)C[C@@H]2N)[C@H](O)[C@@H](O)[C@@H]1O.O=S(=O)(O)O,441374,C18H38N4O15S,582.6,,366,720,13,19,6
T0794,C[N+]1(C)CCCC(OC(=O)C(O)(c2ccccc2)c2ccccc2)C1.[Br-],6461,C21H26BrNO3,420.3,,46.5,432,1,4,5
T0795,C[C@@H]1O[C@@H](OC[C@H]2O[C@@H](Oc3c(-c4ccc(O)c(O)c4)oc4cc(O)cc(O)c4c3=O)[C@H](O)[C@@H](O)[C@@H]2O)[C@H](O)[C@H](O)[C@H]1O,5280805,C27H30O16,610.5,-1.3,266,1020,10,16,6
T0796,CCCNC(C)C(=O)Nc1ccccc1C.Cl,92163,C13H21ClN2O,256.77,,41.1,218,3,2,5
T0798,C[C@]12C=CC(=O)C=C1CC[C@H]1[C@@H]3C[C@@H](O)[C@](O)(C(=O)CO)[C@@]3(C)C[C@H](O)[C@@]12F,31307,C21H27FO6,394.4,1.2,115,807,4,7,2
T0799,OC[C@H]1O[C@@H](O[C@@H]2[C@@H](CO)OC(O)(CO)[C@H]2O)[C@H](O)[C@@H](O)[C@H]1O,11024312,C12H22O11,342.30,-4.3,190,395,8,11,5
T0800,O=C1c2cccc(O)c2C(=O)c2c(O)cccc21,2950,C14H8O4,240.21,3.2,74.6,346,2,4,0
T0803,CC(=O)Nc1c(I)cc(I)c(C(=O)O)c1I,6806,C9H6I3NO3,556.86,2.6,66.4,300,2,3,2
T0805,CCOC(=O)[C@H](CCc1ccccc1)N[C@@H](C)C(=O)N1Cc2ccccc2C[C@H]1C(=O)O.Cl,54891,C25H31ClN2O5,475.0,,95.9,648,3,6,10
T0807,OCC(Br)(Br)Br,6400,C2H3Br3O,282.76,2.1,20.2,38,1,1,0
T0808,O=C(O)c1cc(-c2ccc(F)cc2F)ccc1O,3059,C13H8F2O3,250.20,4.4,57.5,311,2,5,2
T0809,O=c1oc2ccccc2c(O)c1Cc1c(O)c2ccccc2oc1=O,54676038,C19H12O6,336.3,2.6,93.1,605,2,6,2
T0810,CC[C@@H](CO)NCCN[C@@H](CC)CO.Cl.Cl,14051,C10H26Cl2N2O2,277.23,,64.5,109,6,4,9
T0811,CCN1CCCC1CNC(=O)c1cc(S(=O)(=O)CC)c(N)cc1OC,2159,C17H27N3O4S,369.5,1.5,110,549,2,6,7
T0812,CC(C)NCC(O)COc1cccc2ccccc12.Cl,62882,C16H22ClNO2,295.80,,41.5,257,3,3,6
T0813,CC(=O)Nc1nnc(S(N)(=O)=O)s1,1986,C4H6N4O3S2,222.3,-0.3,152,297,2,7,2
T0814,CC1(C)S[C@@H]2[C@H](NC(=O)[C@H](N)c3ccccc3)C(=O)N2[C@H]1C(=O)O.O.O.O,23565,C16H25N3O7S,403.5,,141,562,6,9,4
T0814L,CC1(C)S[C@@H]2[C@H](NC(=O)[C@H](N)c3ccccc3)C(=O)N2[C@H]1C(=O)O,6249,C16H19N3O4S,349.4,-1.1,138,562,3,6,4
T0816,CC(=O)c1ccc(S(=O)(=O)NC(=O)NC2CCCCC2)cc1,1989,C15H20N2O4S,324.4,2.4,101,498,2,4,4
T0818,C[N+](C)(C)CCCCCCCCCC[N+](C)(C)C.[Br-].[Br-],10921,C16H38Br2N2,418.3,,0,164,0,2,11
T0820,CC1(C)O[C@@H]2C[C@H]3[C@@H]4CCC5=CC(=O)C=C[C@]5(C)[C@@]4(F)[C@@H](O)C[C@]3(C)[C@]2(C(=O)CO)O1,6436,C24H31FO6,434.5,2.5,93.1,925,2,7,2
T0821,CC(C)NNC(=O)c1ccncc1.O=P(O)(O)O,9367,C9H16N3O5P,277.21,,132,214,5,7,3
T0823,NC(=O)CCCCC1CCSS1,863,C8H15NOS2,205.3,1,93.7,152,1,3,5
T0825,O=c1c2ccccc2[se]n1-c1ccccc1,3194,C13H9NOSe,274.19,,20.3,275,0,1,1
T0826,Cc1cnc(NC(=O)C2=C(O)c3ccccc3S(=O)(=O)N2C)s1,54677470,C14H13N3O4S2,351.4,3,136,628,2,7,2
T0827,NC(=O)c1cc[n+](CC2=C(C(=O)[O-])N3C(=O)[C@@H](NC(=O)[C@@H](c4ccccc4)S(=O)(=O)[O-])[C@H]3SC2)cc1.[Na+],656644,C22H19N4NaO8S2,554.5,,227,1040,2,9,6
T0828,CN(Cc1cc(Br)cc(Br)c1N)C1CCCCC1.Cl,5702220,C14H21Br2ClN2,412.59,,29.3,256,2,2,3
T0829,Cn1c(=O)c2c(ncn2CCO)n(C)c1=O,1892,C9H12N4O3,224.22,-1.2,78.7,322,1,4,2
T0830,Oc1c(Cl)cc(Cl)cc1Sc1cc(Cl)cc(Cl)c1O,2406,C12H6Cl4O2S,356.0,5.8,65.8,281,2,3,2
T0832,CN[C@H](CC(C)C)C(=O)N[C@H]1C(=O)N[C@@H](CC(N)=O)C(=O)N[C@H]2C(=O)N[C@H]3C(=O)N[C@H](C(=O)N[C@H](C(=O)O)c4cc(O)cc(O)c4-c4cc3ccc4O)[C@H](O)c3ccc(c(Cl)c3)Oc3cc2cc(c3O[C@@H]2O[C@H](CO)[C@@H](O)[C@H](O)[C@H]2O[C@H]2C[C@](C)(N)[C@H](O)[C@H](C)O2)Oc2ccc(cc2Cl)[C@H]1O.Cl,6420023,C66H76Cl3N9O24,1485.7,,530,2960,20,26,13
T0833,O=C(O)c1ccccc1,243,C7H6O2,122.12,1.9,37.3,103,1,2,1
T0834,CCOC(=O)c1ccc(O)cc1,8434,C9H10O3,166.17,2.5,46.5,148,1,3,3
T0836,COc1ncnc(NS(=O)(=O)c2ccc(N)cc2)c1OC,17134,C12H14N4O4S,310.33,0.7,125,419,2,8,5
T0837,NS(=O)(=O)c1cc(C(=O)O)c(NCc2ccco2)cc1Cl,3440,C12H11ClN2O5S,330.74,2,131,481,3,7,5
T0838,CSc1nc2cc(Oc3cccc(Cl)c3Cl)c(Cl)cc2[nH]1,50248,C14H9Cl3N2OS,359.7,5.7,63.2,365,1,3,3
T0839,CC(C(=O)O)c1cccc(C(=O)c2ccccc2)c1,3825,C16H14O3,254.28,3.1,54.4,331,1,3,4
T0839L,C[C@H](C(=O)O)c1cccc(C(=O)c2ccccc2)c1,667550,C16H14O3,254.28,3.1,54.4,331,1,3,4
T0840,Cn1cc[nH]c1=S,1349907,C4H6N2S,114.17,-0.3,47.4,119,1,1,0
T0841,CC(C)(Oc1ccc(CCNC(=O)c2ccc(Cl)cc2)cc1)C(=O)O,39042,C19H20ClNO4,361.8,3.8,75.6,452,2,4,7
T0843,Nc1nc(N)c2nc(-c3ccccc3)c(N)nc2n1,5546,C12H11N7,253.26,1,130,306,3,7,1
T0844,COc1ccc(NS(=O)(=O)c2ccc(N)cc2)nn1,5330,C11H12N4O3S,280.31,0.3,116,376,2,7,4
T0845,Nc1nc(N)nc(NC2CC2)n1,47866,C6H10N6,166.18,-0.2,103,148,3,6,2
T0846,C[N+](C)(C)C[C@H](O)CC(=O)[O-],10917,C7H15NO3,161.20,-0.2,60.4,134,1,3,3
T0847,C[C@H](CCC(=O)O)[C@H]1CC[C@H]2[C@@H]3[C@H](O)C[C@@H]4C[C@H](O)CC[C@]4(C)[C@H]3CC[C@]12C,10133,C24H40O4,392.6,4.9,77.8,605,3,4,4
T0849,CCc1nc(N)nc(N)c1-c1ccc(Cl)cc1,4993,C12H13ClN4,248.71,2.7,77.8,243,2,4,2
T0851,CC(=O)[C@H]1CC[C@H]2[C@@H]3CC=C4C[C@@H](O)CC[C@]4(C)[C@H]3CC[C@]12C,8955,C21H32O2,316.5,4.2,37.3,550,1,2,1
T0853,Nc1ncnc2c1ncn2[C@@H]1O[C@H](CO)[C@@H](O)[C@H]1O,60961,C10H13N5O4,267.24,-1.1,140,335,4,8,2
T0853L,Nc1ncnc2c1ncn2[C@@H]1O[C@H](COP(=O)(O)O)[C@@H](O)[C@H]1O.O,6419976,C10H16N5O8P,365.24,,187,481,6,12,4
T0855,COc1ccc2cc([C@@H](C)C(=O)O)ccc2c1,169118,C14H14O3,230.26,3.3,46.5,277,1,3,3
T0856,CC(=O)O[C@H]1CC[C@@]2(C)C(=CC[C@@H]3[C@@H]2CC[C@]2(C)C(=O)CC[C@@H]32)C1,14709,C21H30O3,330.5,3.8,43.4,606,0,3,2
T0856L,C[C@]12CC[C@H](O)CC1=CC[C@@H]1[C@@H]2CC[C@]2(C)C(=O)CC[C@@H]12,5881,C19H28O2,288.4,3.2,37.3,508,1,2,0
T0857,CCCCC(O)c1ccccc1,3338,C11H16O,164.24,2.9,20.2,106,1,1,4
T0858,O=C(O)c1ccccc1Nc1cccc(C(F)(F)F)c1,3371,C14H10F3NO2,281.23,5.2,49.3,346,2,6,3
T0859,O=C(O)CCC(=O)c1ccc(-c2ccccc2)cc1,3335,C16H14O3,254.28,3.2,54.4,310,1,3,5
T0860,Cl.O[C@@H](c1cc(C(F)(F)F)nc2c(C(F)(F)F)cccc12)[C@H]1CCCCN1,65329,C17H17ClF6N2O,414.8,,45.2,483,3,9,2
T0862,Cl.OC(CCCN1CCCCC1)(c1ccccc1)c1ccccc1,66266,C21H28ClNO,345.9,,23.5,307,2,2,6
T0863,O=c1[nH]c(=O)n([C@H]2C[C@H](O)[C@@H](CO)O2)cc1I,5905,C9H11IN2O5,354.10,-1,99.1,386,3,5,2
T0864,N[C@@H](Cc1cc(I)c(Oc2cc(I)c(O)c(I)c2)c(I)c1)C(=O)O,5819,C15H11I4NO4,776.87,2.4,92.8,420,3,5,5
T0866,CCCNCC(O)COc1ccccc1C(=O)CCc1ccccc1,4932,C21H27NO3,341.4,3.3,58.6,368,2,4,11
T0867,CCCCOc1ccc(CC(=O)NO)cc1,2466,C12H17NO3,223.27,1.9,58.6,200,2,3,6
T0869,CNCC[C@@H](Oc1ccccc1C)c1ccccc1.Cl,54840,C17H22ClNO,291.8,,21.3,237,2,2,6
T0870,C=CC[C@]1(O)CC[C@H]2[C@@H]3CCC4=CC(=O)CCC4=C3C=C[C@@]21C,10041070,C21H26O2,310.4,2.8,37.3,665,1,2,2
T0871,NC[C@H](O)c1ccc(O)c(O)c1.O.O=C(O)[C@H](O)[C@@H](O)C(=O)O,3047796,C12H19NO10,337.28,,203,276,9,11,5
T0872,CCCc1ncc(C[n+]2ccccc2C)c(N)n1.[Cl-],73341,C14H19ClN4,278.78,,55.7,246,1,4,4
T0872L,CCCc1ncc(C[n+]2ccccc2C)c(N)n1.Cl.[Cl-],8732,C14H20Cl2N4,315.2,,55.7,246,2,4,4
T0873,Cc1c(C(N)=O)cc([N+](=O)[O-])cc1[N+](=O)[O-],3092,C8H7N3O5,225.16,0.7,135,321,1,5,1
T0874,Cc1ncc([N+](=O)[O-])n1C,3090,C5H7N3O2,141.13,0.1,63.6,144,0,3,0
T0876,Oc1c(I)cc(Cl)c2cccnc12,2788,C9H5ClINO,305.50,3.5,33.1,192,1,2,0
T0877,O=C(O)c1cc(O)c(O)c(O)c1,370,C7H6O5,170.12,0.7,98,169,4,5,1
T0878,COc1ccc(-c2cc(=O)c3c(O)cc(O[C@@H]4O[C@H](CO[C@@H]5O[C@@H](C)[C@H](O)[C@@H](O)[C@H]5O)[C@@H](O)[C@H](O)[C@H]4O)cc3o2)cc1O,5281613,C28H32O15,608.5,-0.8,234,995,8,15,7
T0879,O=C(O)c1cccnc1,938,C6H5NO2,123.11,0.4,50.2,114,1,3,1
T0880,O=[N+]([O-])C(Br)(CO)CO,2450,C3H6BrNO4,199.99,-0.6,86.3,107,2,4,2
T0881,NCCCCCC(=O)O,564,C6H13NO2,131.17,-3,63.3,83,2,3,5
T0882,CC1(C)[C@@H]2CC[C@@]1(C)C(=O)C2,159055,C10H16O,152.23,2.2,17.1,217,0,1,0
T0883,NCCCS(=O)(=O)O,1646,C3H9NO3S,139.18,-3.8,88.8,133,2,4,3
T0884,CCCCCCCCCCCCCCCCCCCCCCO,12620,C22H46O,326.6,10.5,20.2,190,1,1,20
T0885,Cc1cc(NS(=O)(=O)c2ccc(N)cc2)no1,5329,C10H11N3O3S,253.28,0.9,107,346,2,6,3
T0887,OC[C@H]1OC(O)[C@H](O)[C@@H](O)[C@@H]1O,5793,C6H12O6,180.16,-2.6,110,151,5,6,1
T0888,O=C(O)Cc1ccc(-c2ccccc2)cc1,3332,C14H12O2,212.24,3,37.3,223,1,2,3
T0889,O=C1NS(=O)(=O)c2ccccc21,5143,C7H5NO3S,183.19,0.9,71.6,303,1,3,0
T0890,Cc1cccc(Nc2ccccc2C(=O)O)c1C,4044,C15H15NO2,241.28,5.1,49.3,292,2,3,3
T0891,Nc1ccc(S(=O)(=O)c2ccc(N)cc2)cc1,2955,C12H12N2O2S,248.30,1,94.6,306,2,4,2
T0892,Cn1c(=O)c2c(ncn2CC(O)CO)n(C)c1=O,3182,C10H14N4O4,254.24,-1.8,98.9,364,2,5,3
T0893,CCS(=O)(=O)CCn1c([N+](=O)[O-])cnc1C,5479,C8H13N3O4S,247.27,-0.4,106,345,0,5,4
T0894,Cc1ncc(C[n+]2csc(CCO)c2C)c(N)n1.Cl.[Cl-],6202,C12H18Cl2N4OS,337.3,,104,268,3,6,4
T0895,CN(C)[C@@H]1C(O)=C(C(N)=O)C(=O)[C@@]2(O)C(O)=C3C(=O)c4c(O)cccc4[C@@](C)(O)[C@H]3[C@H](O)[C@@H]12,54675779,C22H24N2O9,460.4,-1.6,202,1000,7,10,2
T0897,NC(=O)NN=Cc1ccc([N+](=O)[O-])o1,1839,C6H6N4O4,198.14,0.2,126,261,2,5,2
T0898,Cc1cc(O)cc(C)c1Cl,2723,C8H9ClO,156.61,2,20.2,104,1,1,0
T0899,CC(=O)C1C(=O)C=C(C)OC1=O,122903,C8H8O4,168.15,0.3,60.4,287,0,4,1
T0900,CCCCCCCCCCCCCCCC[n+]1ccccc1.O.[Cl-],22324,C21H40ClNO,358.0,,4.9,208,1,2,15
T0901,CC(C)(O)C(Cl)(Cl)Cl,5977,C4H7Cl3O,177.45,2,20.2,83,1,1,0
T0902,CC1COc2c(N3CCN(C)CC3)c(F)cc3c(=O)c(C(=O)O)cn1c23,4583,C18H20FN3O4,361.4,-0.4,73.3,634,1,8,2
T0905,Cc1ncc(CSSCc2cnc(C)c(O)c2CO)c(CO)c1O,14190,C16H20N2O4S2,368.5,1.2,157,346,4,8,7
T0908,Cc1ccc2c(Cl)cc(Cl)c(O)c2n1,6301,C10H7Cl2NO,228.07,3.5,33.1,214,1,2,0
T0909,CCn1cc(C(=O)O)c(=O)c2ccc(C)nc21,4421,C12H12N2O3,232.23,1.4,70.5,378,1,5,2
T0909L,CCn1cc(C(=O)[O-])c(=O)c2ccc(C)nc21.[Na+],3864541,C12H11N2NaO3,254.22,,73.3,384,0,5,2
T0910,CC(C)(O)[C@H]1CC[C@@](C)(O)CC1.O,17141,C10H22O3,190.28,,41.5,155,3,3,1
T0912,CN(C)[C@@H]1C(O)=C(C(N)=O)C(=O)[C@@]2(O)C(O)=C3C(=O)c4c(O)cccc4[C@@](C)(O)[C@H]3C[C@@H]12.Cl,54704426,C22H25ClN2O8,480.9,,182,971,7,9,2
T0913,Cc1ccnc(NS(=O)(=O)c2ccc(N)cc2)n1,5325,C11H12N4O2S,264.31,0.1,106,360,2,6,3
T0914,CC(=O)Nc1cccc(O)c1,12124,C8H9NO2,151.16,0.7,49.3,147,2,2,1
T0916,CCCCOC(=O)c1ccc(N)cc1,2482,C11H15NO2,193.24,2.9,52.3,174,1,3,5
T0917,Nc1ccc(S(=O)(=O)[N-]c2cnc3ccccc3n2)cc1.[Na+],3693427,C14H11N4NaO2S,322.32,,95.3,448,1,6,3
T0918,CCC(COC(=O)c1cc(OC)c(OC)c(OC)c1)(c1ccccc1)N(C)C,5573,C22H29NO5,387.5,4,57.2,466,0,6,10
T0920,Nc1c(Br)cc(Br)cc1CN[C@H]1CC[C@H](O)CC1,2132,C13H18Br2N2O,378.10,2.6,58.3,259,3,3,3
T0921,Nc1ccc(S(=O)(=O)NC(=O)c2ccccc2)cc1,5319,C13H12N2O3S,276.31,0.7,97.6,402,2,4,3
T0922,Nc1nc2cc(Cl)ccc2o1,6103,C7H5ClN2O,168.58,2.5,52.1,155,1,3,0
T0923,CS(=O)(=O)OCCCCOS(C)(=O)=O,2478,C6H14O6S2,246.3,-0.5,104,293,0,6,7
T0924,CCOC(=O)c1ccc(N)cc1,2337,C9H11NO2,165.19,1.9,52.3,151,1,3,3
T0925,NC(=O)NC1NC(=O)NC1=O,204,C4H6N4O3,158.12,-2.2,113,225,4,3,1
T0926,O=C(O)CCCCCCCC(=O)O,2266,C9H16O4,188.22,1.6,74.6,147,2,4,8
T0927,CCCCOC(=O)c1ccc(O)cc1,7184,C11H14O3,194.23,3.6,46.5,171,1,3,5
T0928,O=C1O[C@H]([C@@H](O)CO)C(O)=C1O,54670067,C6H8O6,176.12,-1.6,107,232,4,6,2
T0929,CCCCC(CC)COC(=O)CC(C(=O)OCC(CC)CCCC)S(=O)(=O)[O-].[Na+],23673837,C20H37NaO7S,444.6,,118,546,0,7,18
T0930,Nc1ccc(S(=O)(=O)Nc2ncccn2)cc1,5215,C10H10N4O2S,250.28,-0.1,106,327,2,6,3
T0933,O=C1O[C@H](CO)[C@@H](O)[C@H](O)[C@H]1O,7027,C6H10O6,178.14,-2,107,181,4,6,1
T0934,NC(=O)c1cccnc1,936,C6H6N2O,122.12,-0.4,56,114,1,2,1
T0935,Cc1cc(C(C)(C)C)c(O)c(C(C)(C)C)c1,31404,C15H24O,220.35,5.3,20.2,207,1,1,2
T0937,Cc1cc2nc3c(=O)[nH]c(=O)nc-3n(CC(O)C(O)C(O)CO)c2cc1C,1072,C17H20N4O6,376.4,-1.5,155,680,5,7,5
T0938,c1ccc2[nH]c(-c3cscn3)nc2c1,5430,C10H7N3S,201.25,2.5,69.8,212,1,3,1
T0939,O=C1NC(=O)C(c2ccccc2)(c2ccccc2)N1,1775,C15H12N2O2,252.27,2.5,58.2,350,2,2,2
T0940,CC1=CC(=O)[N-]S(=O)(=O)O1.[K+],11074431,C4H4KNO4S,201.24,,69.8,288,0,5,0
T0941,O=S(=O)(O)NC1CCCCC1,7533,C6H13NO3S,179.24,0.6,74.8,200,2,4,2
T0942,CCN(CC)CCCC(C)Nc1c2ccc(Cl)cc2nc2ccc(OC)cc12.Cl.Cl,6239,C23H32Cl3N3O,472.9,,37.4,461,3,4,9
T0943,NC(=O)N1c2ccccc2C=Cc2ccccc21,2554,C15H12N2O,236.27,2.5,46.3,326,1,1,0
T0946,Cc1cccc(C)c1NC(=O)C1CCCCN1C.Cl,66070,C15H23ClN2O,282.81,,32.3,282,2,2,2
T0947,CC(=O)OCC(=O)[C@@]1(O)[C@H](C)C[C@H]2[C@@H]3CCC4=CC(=O)C=C[C@]4(C)[C@@]3(F)[C@@H](O)C[C@@]21C,236702,C24H31FO6,434.5,2.8,101,910,2,7,4
T0948L,C[C@]12C[C@H](O)[C@H]3[C@@H](CCC4=CC(=O)CC[C@@]43C)[C@@H]1CC[C@@H]2C(=O)CO,5753,C21H30O4,346.5,1.9,74.6,638,2,4,2
T0949,NC[C@H]1CC[C@H](C(=O)O)CC1,5526,C8H15NO2,157.21,-2,63.3,139,2,3,2
T0950,NC[C@@H]1O[C@H](O[C@H]2[C@@H](O)[C@H](O[C@@H]3[C@@H](O)[C@H](N)C[C@H](N)[C@H]3O[C@H]3O[C@H](CN)[C@@H](O)[C@H](O)[C@H]3N)O[C@@H]2CO)[C@H](N)[C@@H](O)[C@@H]1O.O=S(=O)(O)O.O=S(=O)(O)O.O=S(=O)(O)O,24978553,C23H52N6O25S3,908.9,,602,953,19,31,9
T0951,CCN(CCO)CCCC(C)Nc1ccnc2cc(Cl)ccc12.O=S(=O)(O)O,12947,C18H28ClN3O5S,434.0,,131,413,4,8,9
T0952,CCOC(=O)n1ccn(C)c1=S,31072,C7H10N2O2S,186.23,0.7,64.9,240,0,3,2
T0953,Cc1nnc(SCC2=C(C(=O)[O-])N3C(=O)[C@@H](NC(=O)Cn4cnnn4)[C@H]3SC2)s1.[Na+],23675322,C14H13N8NaO4S3,476.5,,238,746,1,12,7
T0954,FC(F)(F)C(Cl)Br,3562,C2HBrClF3,197.38,2.3,0,60,0,3,0
T0955,O=C(Nc1cc(Cl)cc(Cl)c1O)c1c(O)c(Cl)cc(Cl)c1Cl,16779,C13H6Cl5NO3,401.4,5.7,69.6,415,3,3,2
T0957,COC(=O)C1=C(C)NC(C)=C(C(=O)OC(C)C)C1c1cccc2nonc12,3784,C19H21N3O5,371.4,4.3,104,685,1,8,6
T0959,CCOc1cc(NC(C)=O)ccc1C(=O)OC,6034,C12H15NO4,237.25,1.2,64.6,280,1,4,5
T0960,CCC(Cc1c(I)cc(I)c(N)c1I)C(=O)O,3735,C11H12I3NO2,570.93,3.9,63.3,277,2,3,4
T0961,NC(CO)(CO)CO,6503,C4H11NO3,121.14,-2.9,86.7,54,4,4,3
T0962,CN1[C@@H]2CC[C@H]1CC(OC(=O)[C@H](CO)c1ccccc1)C2,154417,C17H23NO3,289.4,1.8,49.8,353,1,4,5
T0963,Cl.O=C1CC[C@@]2(O)[C@H]3Cc4ccc(O)c5c4[C@@]2(CCN3CC2CC2)[C@H]1O5,5485201,C20H24ClNO4,377.9,,70,621,3,5,2
T0964,O=c1[nH]c(=O)n([C@H]2C[C@H](O)[C@@H](CO)O2)cc1F,5790,C9H11FN2O5,246.19,-1.2,99.1,386,3,6,2
T0965,NCCc1cnc[nH]1,774,C5H9N3,111.15,-0.7,54.7,64,2,2,2
T0966,O=C(O)c1cc(O)c2c(c1)[C@H]([C@H]1c3cc(C(=O)O)cc(O)c3C(=O)c3c(O[C@@H]4O[C@H](CO)[C@@H](O)[C@H](O)[C@H]4O)cccc31)c1cccc(O[C@@H]3O[C@H](CO)[C@@H](O)[C@H](O)[C@H]3O)c1C2=O,73111,C42H38O20,862.7,1.2,348,1550,12,20,9
T0968,CC(=O)O[C@H]1C(=O)[C@@]2(C)[C@H]([C@H](OC(=O)c3ccccc3)[C@]3(O)C[C@H](OC(=O)[C@H](O)[C@@H](NC(=O)c4ccccc4)c4ccccc4)C(C)=C1C3(C)C)[C@]1(OC(C)=O)CO[C@@H]1C[C@@H]2O,36314,C47H51NO14,853.9,2.5,221,1790,4,14,14
T0970,CN1C2CC(OC(=O)C(CO)c3ccccc3)CC1C(O)C2,2198,C17H23NO4,305.4,0.9,70,396,2,5,5
T0971,CC[C@H]1OC(=O)[C@H](C)[C@@H](O[C@H]2C[C@@](C)(OC)[C@@H](O)[C@H](C)O2)[C@H](C)[C@@H](O[C@@H]2O[C@H](C)C[C@H](N(C)C)[C@H]2O)[C@](C)(O)C[C@@H](C)[C@@H]2N[C@@H](COCCOC)O[C@H]([C@H]2C)[C@]1(C)O,6473883,C42H78N2O14,835.1,4.2,196,1300,5,16,12
T0972,NNC(=O)c1ccncc1,3767,C6H7N3O,137.14,-0.7,68,120,2,3,1
T0973,Cc1ncc(CO)c(CO)c1O,1054,C8H11NO3,169.18,-0.8,73.6,142,3,4,2
T0973L,Cc1ncc(CO)c(CO)c1O.Cl,6019,C8H12ClNO3,205.64,,73.6,142,4,4,2
T0974,CO[C@@H]1[C@@H](OC(N)=O)[C@@H](O)[C@H](Oc2ccc3c([O-])c(NC(=O)c4ccc(O)c(CC=C(C)C)c4)c(=O)oc3c2C)OC1(C)C.[Na+],23663939,C31H35N2NaO11,634.6,,199,1160,4,11,9
T0975,O=C(O)CCCc1ccc(N(CCCl)CCCl)cc1,2708,C14H19Cl2NO2,304.2,1.7,40.5,250,1,3,9
T0976,CNC(=O)Oc1ccccc1OC(C)C,4944,C11H15NO3,209.24,1.5,47.6,206,1,3,4
T0977,CC(=O)[C@H]1CC[C@H]2[C@@H]3C[C@H](C)C4=CC(=O)CC[C@]4(C)[C@H]3[C@@H](O)C[C@]12C,247839,C22H32O3,344.5,2.7,54.4,650,1,3,1
T0978,CC(C)(CO)[C@@H](O)C(=O)NCCC(=O)NCCSSCCNC(=O)CCNC(=O)[C@H](O)C(C)(C)CO,452306,C22H42N4O8S2,554.7,-2.2,248,652,8,10,19
T0979,Cc1cc(N)c2ccccc2[n+]1CCCCCCCCCC[n+]1c(C)cc(N)c2ccccc21.[Cl-].[Cl-],10649,C30H40Cl2N4,527.6,,59.8,532,2,4,11
T0980,Cc1c(NC(=O)c2cccnc2)c(=O)n(-c2ccccc2)n1C,4487,C17H16N4O2,308.33,2,65.5,511,1,4,3
T0983,CC(C)(S)[C@@H](N)C(=O)O,5852,C5H11NO2S,149.21,-1.8,64.3,124,3,4,2
T0983L,CC(C)(S)C(N)C(=O)O,4727,C5H11NO2S,149.21,-1.8,64.3,124,3,4,2
T0984,O=c1[nH]cc(F)c(=O)[nH]1,3385,C4H3FN2O2,130.08,-0.9,58.2,199,2,3,0
T0985,Cc1onc(-c2ccccc2)c1C(=O)N[C@@H]1C(=O)N2[C@@H]1SC(C)(C)[C@@H]2C(=O)[O-].[Na+],23667631,C19H18N3NaO5S,423.4,,141,687,1,7,4
T0986,Nc1[nH]c(=O)ncc1F,3366,C4H4FN3O,129.09,-0.9,67.5,208,2,3,0
T0987,O=c1cc(O)c(Cl)c[nH]1,54679224,C5H4ClNO2,145.54,-0.1,49.3,207,2,2,0
T0988,COc1ccc(CN2CCNCC2)c(OC)c1OC.Cl.Cl,83201,C14H24Cl2N2O3,339.3,,43,259,3,5,5
T0989,CC(=O)OCC1=C(C(=O)O)N2C(=O)[C@@H](N)[C@H]2SC1,441328,C10H12N2O5S,272.28,-4,135,461,2,7,4
T0990,O=C(CCCN1CC=C(n2c(=O)[nH]c3ccccc32)CC1)c1ccc(F)cc1,3168,C22H22FN3O2,379.4,3.5,52.7,615,1,4,6
T0991,CNCCCN1c2ccccc2CCc2ccccc21.Cl,65327,C18H23ClN2,302.8,,15.3,267,2,2,4
T0992,CC1(C)[C@@H](OC(=O)CCC(=O)[O-])CC[C@]2(C)[C@H]3C(=O)C=C4[C@@H]5C[C@@](C)(C(=O)[O-])CC[C@]5(C)CC[C@@]4(C)[C@]3(C)CC[C@@H]12.[Na+].[Na+],636402,C34H48Na2O7,614.7,,124,1190,0,7,4
T0993,COc1ccc(OC)c(C(O)C(C)N)c1.Cl,6081,C11H18ClNO3,247.72,,64.7,189,3,4,4
T0997,COP(=S)(OC)Oc1ccc(Sc2ccc(OP(=S)(OC)OC)cc2)cc1,5392,C16H20O6P2S3,466.5,6,145,474,0,9,10
T0999,CCCC(=O)OCOC(=O)C1=C(C)NC(C)=C(C(=O)OC)C1c1cccc(Cl)c1Cl,153994,C21H23Cl2NO6,456.3,4.3,90.9,748,1,7,10
T1000,N=C(NCCCCCCNC(=N)NC(=N)Nc1ccc(Cl)cc1)NC(=N)Nc1ccc(Cl)cc1,2713,C22H30Cl2N10,505.4,0.1,178,648,6,2,13
T1000L,CC(=O)O.CC(=O)O.N=C(NCCCCCCNC(=N)NC(=N)Nc1ccc(Cl)cc1)NC(=N)Nc1ccc(Cl)cc1,5967,C26H38Cl2N10O4,625.5,,252,679,8,6,13
T1001,Cc1onc(-c2c(Cl)cccc2Cl)c1C(=O)N[C@@H]1C(=O)N2[C@@H]1SC(C)(C)[C@@H]2C(=O)[O-].O.[Na+],23675786,C19H18Cl2N3NaO6S,510.3,,142,752,2,8,4
T1002,CCc1cccc2c3c([nH]c12)C(CC)(CC(=O)O)OCC3,3308,C17H21NO3,287.35,2.8,62.3,399,2,3,4
T1004,c1ccc(CNc2ncnc3nc[nH]c23)cc1,62389,C12H11N5,225.25,2.1,66.5,241,2,4,3
T1005,CC1(C)S[C@@H]2[C@H](NC(=O)[C@H](N)c3ccc(O)cc3)C(=O)N2[C@H]1C(=O)O,33613,C16H19N3O5S,365.4,-2,158,590,4,7,4
T1005L,CC1(C)S[C@@H]2[C@H](NC(=O)[C@H](N)c3ccc(O)cc3)C(=O)N2[C@H]1C(=O)O.O.O.O,62883,C16H25N3O8S,419.5,,161,590,7,10,4
T1006,CC(C)[N+](C)(CCOC(=O)C1c2ccccc2Oc2ccccc21)C(C)C.[Br-],9279,C23H30BrNO3,448.4,,35.5,474,0,4,7
T1007,CC1CCCC(C)N1,68843,C7H15N,113.20,1.5,12,62,1,1,0
T1008,CC1=C(C(=O)O)N2C(=O)[C@@H](NC(=O)[C@H](N)c3ccccc3)[C@H]2SC1,27447,C16H17N3O4S,347.4,0.6,138,600,3,6,4
T1009,C[C@]12CC[C@@H]3c4ccc(O)cc4CC[C@H]3[C@@H]1CCC2=O,5870,C18H22O2,270.4,3.1,37.3,418,1,2,0
T1011,CCC(C)n1ncn(-c2ccc(N3CCN(c4ccc(OC[C@H]5CO[C@](Cn6cncn6)(c6ccc(Cl)cc6Cl)O5)cc4)CC3)cc2)c1=O,55283,C35H38Cl2N8O4,705.6,5.7,101,1120,0,9,11
T1012,CCCC(=O)Nc1ccc(OCC(O)CNC(C)C)c(C(C)=O)c1.Cl,441307,C18H29ClN2O4,372.9,,87.7,400,4,5,10
T1013,NCC[C@H](O)C(=O)N[C@@H]1C[C@H](N)[C@@H](O[C@H]2O[C@H](CN)[C@@H](O)[C@H](O)[C@H]2O)[C@H](O)[C@H]1O[C@H]1O[C@H](CO)[C@@H](O)[C@H](N)[C@H]1O,37768,C22H43N5O13,585.6,-7.9,332,819,13,17,10
T1018,C[C@]12C=CC(=O)C=C1CC[C@@H]1[C@@H]2C(=O)C[C@@]2(C)[C@H]1CC[C@]2(O)C(=O)CO,5865,C21H26O5,358.4,1.5,91.7,764,2,5,2
T1020,COc1cccc2c1C(=O)c1c(O)c3c(c(O)c1C2=O)C[C@@](O)(C(=O)CO)C[C@@H]3O[C@H]1C[C@H](N)[C@H](O)[C@H](C)O1.Cl,443939,C27H30ClNO11,580.0,,206,977,7,12,5
T1021,Cc1c(OCC(F)(F)F)ccnc1C[S@@](=O)c1nc2ccccc2[nH]1,9578005,C16H14F3N3O2S,369.4,2.8,87.1,480,1,8,5
T1022,CN[C@H]1C[C@@H](N)[C@H](O)[C@@H](O[C@@H]2O[C@H](CO)[C@H](O)[C@@H]3O[C@@]4(O[C@H]23)O[C@H]([C@H](N)CO)[C@H](O)[C@H](O)[C@H]4O)[C@@H]1O,23777801,C20H37N3O13,527.5,-6.6,272,756,11,16,6
T1023,CO[C@@]1(NC(=O)Cc2cccs2)C(=O)N2C(C(=O)[O-])=C(COC(N)=O)CS[C@@H]21.[Na+],23667300,C16H16N3NaO7S2,449.4,,205,750,2,9,8
T1024,O=C(Nc1c(Cl)cncc1Cl)c1ccc(OC(F)F)c(OCC2CC2)c1,449193,C17H14Cl2F2N2O3,403.2,4.6,60.5,475,1,6,7
T1025,Cl.N[C@@H]1C[C@H]1c1ccccc1,2723716,C9H12ClN,169.65,,26,116,2,1,1
T1026,Cl.NCc1ccc(S(N)(=O)=O)cc1,67313,C7H11ClN2O2S,222.69,,94.6,224,3,4,2
T1027,O=c1cc(-c2ccc(O)c(O)c2)oc2cc(O)cc(O)c12,5280445,C15H10O6,286.24,1.4,107,447,4,6,1
T1028,COc1nc(C)nc(Cl)c1N=C1NCCN1,4810,C9H12ClN5O,241.68,0.6,71.4,275,2,4,3
T1031,Cc1onc(-c2ccccc2Cl)c1C(=O)N[C@@H]1C(=O)N2[C@@H]1SC(C)(C)[C@@H]2C(=O)[O-].O.[Na+],23675743,C19H19ClN3NaO6S,475.9,,142,728,2,8,4
T1032,CC[C@H]1OC(=O)[C@H](C)[C@@H](O[C@H]2C[C@@](C)(OC)[C@@H](O)[C@H](C)O2)[C@H](C)[C@@H](O[C@@H]2O[C@H](C)C[C@H](N(C)C)[C@H]2O)[C@](C)(O)C[C@@H](C)C(=O)[C@H](C)[C@@H](O)[C@]1(C)O,12560,C37H67NO13,733.9,2.7,194,1180,5,14,7
T1033,CC[C@@]1([C@@H]2O[C@@H]([C@H]3O[C@@](O)(CO)[C@H](C)C[C@@H]3C)C[C@@H]2C)CC[C@H]([C@]2(C)CC[C@]3(C[C@H](O)[C@@H](C)[C@@H]([C@@H](C)[C@@H](OC)[C@H](C)C(=O)[O-])O3)O2)O1.[Na+],23667299,C36H61NaO11,692.9,,156,1110,3,11,10
T1034,CC(=O)O[C@@]12CO[C@@H]1C[C@H](O)[C@@]1(C)C(=O)[C@H](O)C3=C(C)[C@@H](OC(=O)[C@H](O)[C@@H](NC(=O)OC(C)(C)C)c4ccccc4)C[C@@](O)([C@@H](OC(=O)c4ccccc4)[C@H]21)C3(C)C,148124,C43H53NO14,807.9,1.6,224,1660,5,14,13
T1035,COc1ccc([C@@H]2CC(=O)c3c(O)cc(O[C@@H]4O[C@H](CO[C@@H]5O[C@@H](C)[C@H](O)[C@@H](O)[C@H]5O)[C@@H](O)[C@H](O)[C@H]4O)cc3O2)cc1O,10621,C28H34O15,610.6,-1.1,234,940,8,15,7
T1036,CCN[C@@H]1C[C@H](N)[C@@H](O[C@H]2OC(CN)=CC[C@H]2N)[C@H](O)[C@H]1O[C@H]1OC[C@](C)(O)[C@H](NC)[C@H]1O.CCN[C@@H]1C[C@H](N)[C@@H](O[C@H]2OC(CN)=CC[C@H]2N)[C@H](O)[C@H]1O[C@H]1OC[C@](C)(O)[C@H](NC)[C@H]1O.O=S(=O)(O)O.O=S(=O)(O)O.O=S(=O)(O)O.O=S(=O)(O)O.O=S(=O)(O)O,62115,C42H92N10O34S5,1441.6,,814,754,26,44,16
T1037,C[C@@H](O)[C@H]1C(=O)N2C(C(=O)O)=C(S[C@@H]3CN[C@H](CNS(N)(=O)=O)C3)[C@H](C)[C@H]12.O,636377,C15H26N4O7S2,438.5,,197,780,6,11,7
T1038,Nc1nc(F)nc2c1ncn2[C@@H]1O[C@H](CO)[C@@H](O)[C@@H]1O,657237,C10H12FN5O4,285.23,-0.6,140,367,4,9,2
T1039,C[N+](C)(C)CCO.[Cl-],6209,C5H14ClNO,139.62,,20.2,46,1,2,2
T1041,O=P([O-])(O)C(O)(Cc1cccnc1)P(=O)(O)O.[Na+],4194514,C7H10NNaO7P2,305.09,,151,375,4,8,4
T1042,CN1[C@@H]2CCC[C@H]1C[C@@H](NC(=O)c1nn(C)c3ccccc13)C2.Cl,6918003,C18H25ClN4O,348.9,,50.2,442,2,3,2
T1043,O=C(Nc1ccc(Cl)cc1)c1cc(Br)ccc1O,77254,C13H9BrClNO2,326.57,4.6,49.3,295,2,2,2
T1044,Cc1[nH]c(C)c(Cl)c(=O)c1Cl,18087,C7H7Cl2NO,192.04,2.6,29.1,252,1,2,0
T1046,Cc1cccc(C)c1OCC(C)N.Cl,21467,C11H18ClNO,215.72,,35.3,139,2,2,3
T1048,C[C@]12CC[C@@H]3c4ccc(O)cc4CC[C@H]3[C@@H]1CC[C@@H]2O,5757,C18H24O2,272.4,4,40.5,382,2,2,0
T1050,COc1cc2nc(N3CCN(C(=O)c4ccco4)CC3)nc(N)c2cc1OC.Cl,68546,C19H22ClN5O4,419.9,,107,544,2,8,4
T1052,CCCN(CCC)C(=O)C(CCC(=O)O)NC(=O)c1ccccc1,4922,C18H26N2O4,334.4,2.4,86.7,413,2,4,10
T1053,CCN(CCCCOC(=O)c1ccc(OC)c(OC)c1)C(C)Cc1ccc(OC)cc1,4031,C25H35NO5,429.5,5.2,57.2,494,0,6,14
T1054,CCCCNC(=O)NS(=O)(=O)c1ccc(C)cc1,5505,C12H18N2O3S,270.35,2.3,83.7,354,2,3,5
T1055,O=P1(NCCCl)OCCCN1CCCl,3690,C7H15Cl2N2O2P,261.08,0.9,41.6,218,1,4,5
T1056,CC(C)NCC(O)c1ccc(O)c(O)c1.Cl,5807,C11H18ClNO3,247.72,,72.7,187,5,4,4
T1057,CCOc1nc2cccc(C(=O)O)c2n1Cc1ccc(-c2ccccc2-c2noc(=O)[nH]2)cc1,135415867,C25H20N4O5,456.4,4.4,115,783,2,7,7
T1058,O=C([O-])C1(C(=O)[O-])CCC1.[NH2-].[NH2-].[Pt+4],73554252,C6H10N2O4Pt,369.24,,82.3,153,2,6,0
T1060,CC1CCc2cc(F)cc3c(=O)c(C(=O)O)cn1c23,3374,C14H12FNO3,261.25,2.9,57.6,462,1,5,1
T1061,Cc1cc(-n2c(=O)[nH]c(=O)n(C)c2=O)ccc1Oc1ccc(SC(F)(F)F)cc1,68591,C18H14F3N3O4S,425.4,4.4,104,655,1,8,4
T1063,CC1(C)S[C@@H]2[C@@H](NC(=O)C(C(=O)[O-])c3ccsc3)C(=O)N2[C@@H]1C(=O)[O-].[Na+].[Na+],163358710,C15H14N2Na2O6S2,428.4,,183,628,1,8,3
T1065,NCC(CC(=O)O)c1ccc(Cl)cc1,2284,C10H12ClNO2,213.66,-1,63.3,191,2,3,4
T1066,O=C(c1ccc(F)cc1)C1CCN(CCn2c(=O)[nH]c3ccccc3c2=O)CC1,3822,C22H22FN3O3,395.4,2.6,69.7,627,1,5,5
T1068,O=C1c2c(O)cccc2Cc2cccc(O)c21,2202,C14H10O3,226.23,3.2,57.5,287,2,3,0
T1069,CCN(CC)CCNC(=O)c1cc(Cl)c(N)cc1OC.Cl,23659,C14H23Cl2N3O2,336.3,,67.6,300,3,4,7
T1071L,CNCC(O)c1ccc(O)c(O)c1.Cl,5924,C9H14ClNO3,219.66,,72.7,154,5,4,3
T1073,CCCCc1oc2ccc(NS(C)(=O)=O)cc2c1C(=O)c1ccc(OCCCN(CCCC)CCCC)cc1.Cl,219025,C31H45ClN2O5S,593.2,,97.2,800,2,7,18
T1076,C[C@@H]1C[C@H]2[C@@H]3CCC4=CC(=O)C=C[C@]4(C)[C@@]3(F)[C@@H](O)C[C@]2(C)[C@@]1(O)C(=O)CO,5743,C22H29FO5,392.5,1.9,94.8,805,3,6,2
T1078,COc1cc(NS(=O)(=O)c2ccc(N)cc2)nc(OC)n1,5323,C12H14N4O4S,310.33,1.6,125,419,2,8,5
T1079,Cc1ncc([N+](=O)[O-])n1CCO,4173,C6H9N3O3,171.15,0,83.9,170,1,4,2
T1080,NCCS,6058,C2H7NS,77.15,-0.4,27,10,2,2,1
T1081,CCN(CC)CCOC(=O)C(Cc1cccc2ccccc12)CC1CCCO1.O=C(O)C(=O)O,312915,C26H35NO7,473.6,,113,536,2,8,12
T1082,S=C=NCc1ccccc1,2346,C8H7NS,149.21,3.2,44.5,132,0,2,2
T1083,Cn1c(=O)c2[nH]cnc2n(C)c1=O,2153,C7H8N4O2,180.16,0,69.3,267,1,3,0
T1083L,Cn1c(=O)c2[nH]cnc2n(C)c1=O.O,91268,C7H10N4O3,198.18,,70.3,267,2,4,0
T1084,CN[C@@H]1[C@@H](O[C@H]2O[C@H](CO)[C@@H](N)[C@H](O)[C@H]2O)O[C@H]2C[C@@H](N)[C@@H](O[C@H]3[C@H](O)[C@@H](O)[C@H](N)C[C@@H]3N)O[C@@H]2[C@@H]1O.O=S(=O)(O)O,3081544,C21H43N5O15S,637.7,,367,841,13,20,6
T1085L,N[C@@H](CCC(=O)N[C@@H](CSSC[C@H](NC(=O)CC[C@H](N)C(=O)O)C(=O)NCC(=O)O)C(=O)NCC(=O)O)C(=O)O,65359,C20H32N6O12S2,612.6,-9.1,368,879,10,16,21
T1087,CC(C)[C@H](N)C(=O)OCCOCn1cnc2c(=O)[nH]c(N)nc21.Cl,135398741,C13H21ClN6O4,360.80,,147,483,4,7,8
T1088,CCOc1cc(CC(=O)N[C@@H](CC(C)C)c2ccccc2N2CCCCC2)ccc1C(=O)O,65981,C27H36N2O4,452.6,5.2,78.9,619,2,5,10
T1090,OCCN1CCN(CCCN2c3ccccc3Sc3ccc(Cl)cc32)CC1,4748,C21H26ClN3OS,404.0,4.2,55.3,463,1,5,6
T1091,NS(=O)(=O)c1cc(C2(O)NC(=O)c3ccccc32)ccc1Cl,2732,C14H11ClN2O4S,338.8,0.9,118,564,3,5,2
T1092,CN(C)CCc1c[nH]c2ccc(C[C@H]3COC(=O)N3)cc12,60857,C16H21N3O2,287.36,2.2,57.4,375,2,3,5
T1093,COc1ccc(-c2ccc3cc(C(=O)O)ccc3c2)cc1C12CC3CC(CC(C3)C1)C2,60164,C28H28O3,412.5,7.7,46.5,644,1,3,4
T1094,Cc1cccc(N(C)C(=S)Oc2ccc3ccccc3c2)c1,5510,C19H17NOS,307.4,5.5,44.6,386,0,2,3
T1095,C[C@@H]1CN(c2c(F)c(N)c3c(=O)c(C(=O)O)cn(C4CC4)c3c2F)C[C@H](C)N1,60464,C19H22F2N4O3,392.4,0.1,98.9,691,3,9,3
T1097,CCOC(=O)N1CCC(=C2c3ccc(Cl)cc3CCc3cccnc32)CC1,3957,C22H23ClN2O2,382.9,5.2,42.4,569,0,3,2
T1098,CC[N+](CC)(CC(=O)Nc1c(C)cccc1C)Cc1ccccc1.O=C([O-])c1ccccc1,19518,C28H34N2O3,446.6,,69.2,473,1,3,7
T1100,CCC(C)CCCCC(=O)N[C@@H](CCN)C(=O)N[C@H](C(=O)N[C@@H](CCN)C(=O)N[C@H]1CCNC(=O)[C@H]([C@@H](C)O)NC(=O)[C@H](CCN)NC(=O)[C@H](CCN)NC(=O)[C@H](CC(C)C)NC(=O)[C@@H](Cc2ccccc2)NC(=O)[C@@H](CCN)NC1=O)[C@@H](C)O.O=S(=O)(O)O,49800003,C56H100N16O17S,1301.6,,574,2240,20,22,29
T1101,CN(C)c1ccc(O)c2c1C[C@H]1C[C@H]3[C@H](N(C)C)C(O)=C(C(N)=O)C(=O)[C@@]3(O)C(O)=C1C2=O.Cl,54685925,C23H28ClN3O7,493.9,,165,971,6,9,3
T1103,CCC1(c2ccc(N)cc2)CCC(=O)NC1=O,2145,C13H16N2O2,232.28,1.2,72.2,321,2,3,2
T1104,NC[C@@H]1O[C@H](O[C@H]2[C@@H](O)[C@H](O[C@@H]3[C@@H](O)[C@H](N)C[C@H](N)[C@H]3O[C@H]3O[C@H](CO)[C@@H](O)[C@H](O)[C@H]3N)O[C@@H]2CO)[C@H](N)[C@@H](O)[C@@H]1O.O=S(=O)(O)O,441375,C23H47N5O18S,713.7,,430,952,15,23,9
T1105,OC1(c2ccc(Cl)c(C(F)(F)F)c2)CCN(CCCC(c2ccc(F)cc2)c2ccc(F)cc2)CC1,33630,C28H27ClF5NO,524.0,7.3,23.5,647,1,7,7
T1106,CC(=O)NC(Cc1ccccc1)C(=O)O,2000,C11H13NO3,207.23,0.6,66.4,234,2,3,4
T1107,Cl.O=C(O)c1cn(-c2ccc(F)cc2)c2cc(N3CCNCC3)c(F)cc2c1=O,56207,C20H18ClF2N3O3,421.8,,72.9,645,3,8,3
T1108,CC(=O)Nc1ncc([N+](=O)[O-])s1,8798,C5H5N3O3S,187.18,1.3,116,205,1,5,1
T1110,Cc1cccc(CN2CCN(C(c3ccccc3)c3ccc(Cl)cc3)CC2)c1.Cl.Cl,64713,C25H29Cl3N2,463.9,,6.5,447,2,2,5
T1112,OCc1ccccn1,11474,C6H7NO,109.13,0.1,33.1,65,1,2,1
T1113,C=CCOC(Cn1ccnc1)c1ccc(Cl)cc1Cl,37175,C14H14Cl2N2O,297.2,3.8,27.1,291,0,2,6
T1114,Cc1cc(C2CCCCC2)n(O)c(=O)c1.NCCO,38911,C14H24N2O3,268.35,,86.8,335,3,4,2
T1115,CN(C)CCOC(C)(c1ccccc1)c1ccccn1.O=C(O)CCC(=O)O,11224,C21H28N2O5,388.5,,100,369,2,7,9
T1116,O=C(O)CCCC[C@@H]1SC[C@@H]2NC(=O)N[C@@H]21,171548,C10H16N2O3S,244.31,0.3,104,298,3,4,5
T1118,CC=CC1=C(C(=O)O)N2C(=O)[C@@H](NC(=O)[C@H](N)c3ccc(O)cc3)[C@H]2SC1.O,92088,C18H21N3O6S,407.4,,159,699,5,8,5
T1120,CN(C)N=Nc1nc[nH]c1C(N)=O,2942,C6H10N6O,182.18,-0.6,99.7,215,2,5,3
T1121,COc1cc([C@@H]2c3cc4c(cc3[C@H](O)[C@H]3COC(=O)[C@H]23)OCO4)cc(OC)c1OC,10607,C22H22O8,414.4,2,92.7,629,1,8,4
T1122,CC(=O)OCC1=C(C(=O)[O-])N2C(=O)[C@@H](NC(=O)Cc3cccs3)[C@H]2SC1.[Na+],23675321,C16H15N2NaO6S2,418.4,,169,686,1,8,7
T1123,CC[C@@]1(O)C(=O)OCc2c1cc1n(c2=O)Cc2cc3ccccc3nc2-1,24360,C20H16N2O4,348.4,1,79.7,742,1,5,1
T1124,C[C@@H]1C[C@H]2[C@@H]3C[C@H](F)C4=CC(=O)C=C[C@]4(C)[C@@]3(F)[C@@H](O)C[C@]2(C)[C@@]1(O)C(=O)CO,16490,C22H28F2O5,410.5,1.9,94.8,839,3,7,2
T1125,CC(C)=CC[C@@H](O)C1=CC(=O)c2c(O)ccc(O)c2C1=O,479503,C16H16O5,288.29,3,94.8,501,3,5,3
T1126,CC1(C)S[C@@H]2[C@H](NC(=O)COc3ccccc3)C(=O)N2[C@H]1C(=O)[O-].[K+],23676814,C16H17KN2O5S,388.5,,124,553,1,6,5
T1128,NC(=O)CN1CC(O)CC1=O,4626,C6H10N2O3,158.16,-2.2,83.6,192,2,3,2
T1129,CC(=C(CCOP(=O)(O)O)SC(=O)c1ccccc1)N(C=O)Cc1cnc(C)nc1N,2320,C19H23N4O6PS,466.4,0.5,181,697,3,10,10
T1130,CC(C)C[C@@H](NC(=O)[C@H](C)NC(=O)CNC(=O)[C@@H](NC=O)C(C)C)C(=O)N[C@@H](C)C(=O)N[C@@H](C(=O)N[C@H](C(=O)N[C@H](C(=O)N[C@@H](Cc1c[nH]c2ccccc12)C(=O)N[C@H](CC(C)C)C(=O)N[C@@H](Cc1c[nH]c2ccccc12)C(=O)N[C@H](CC(C)C)C(=O)N[C@@H](Cc1c[nH]c2ccccc12)C(=O)N[C@H](CC(C)C)C(=O)N[C@@H](Cc1c[nH]c2ccccc12)C(=O)NCCO)C(C)C)C(C)C)C(C)C,16130140,C99H140N20O17,1882.3,10.7,549,3980,21,17,52
T1132,CO[C@]12C[C@@H](COC(=O)c3cncc(Br)c3)CN(C)[C@@H]1Cc1cn(C)c3cccc2c13,34040,C24H26BrN3O3,484.4,3.2,56.6,680,0,5,5
T1133,CS(=O)(=O)Nc1ccc([N+](=O)[O-])cc1Oc1ccccc1,4495,C13H12N2O5S,308.31,2.6,110,450,1,6,4
T1134,CC(C)(C)CC(C)(C)c1ccc(O)c(Cc2ccc(Cl)cc2Cl)c1,2799,C21H26Cl2O,365.3,8.1,20.2,401,1,1,5
T1137,Nc1cc(C(Cl)=C(Cl)Cl)c(S(N)(=O)=O)cc1S(N)(=O)=O,43231,C8H8Cl3N3O4S2,380.7,1.2,163,604,3,7,3
T1139,CC(C)(C)NCC(O)c1ccc(O)c(CO)c1,2083,C13H21NO3,239.31,0.3,72.7,227,4,4,5
T1141,COC(=O)Nc1nc2cc(Sc3ccccc3)ccc2[nH]1,3334,C15H13N3O2S,299.3,3.6,92.3,363,2,4,4
T1142,CCC[C@@H]1C[C@@H](C(=O)N[C@@H]([C@H]2O[C@H](SC)[C@H](OP(=O)(O)O)[C@@H](O)[C@H]2O)[C@H](C)Cl)N(C)C1,443385,C18H34ClN2O8PS,505.0,-1.2,174,658,5,10,9
T1144,CCN(CC)CC(=O)Nc1c(C)cccc1C.Cl,6314,C14H23ClN2O,270.80,,32.3,228,2,2,5
T1144L,CCN(CC)CC(=O)Nc1c(C)cccc1C.Cl.O,16219577,C14H25ClN2O2,288.81,,33.3,228,3,3,5
T1146,COC(=O)C1=C(C)NC(C)=C(C(=O)OC)C1c1ccccc1[N+](=O)[O-],4485,C17H18N2O6,346.3,2.2,110,608,1,7,5
T1147,Cl.Cl.N=C(NCCCCCCNC(=N)NC(=N)Nc1ccc(Cl)cc1)NC(=N)Nc1ccc(Cl)cc1,62517,C22H32Cl4N10,578.4,,178,648,8,2,13
T1148,COc1ccc(C(=O)CCC(=O)O)c2ccccc12,71818,C15H14O4,258.27,2.3,63.6,339,1,4,5
T1149,CC(C)OC(=O)C(C)(C)Oc1ccc(C(=O)c2ccc(Cl)cc2)cc1,3339,C20H21ClO4,360.8,5.2,52.6,458,0,4,7
T1152,CCCSc1ccc2nc(NC(=O)OC)[nH]c2c1,2082,C12H15N3O2S,265.33,2.9,92.3,290,2,4,5
T1153,COc1cc(Cc2cnc(N)nc2N)cc(OC)c1OC,5578,C14H18N4O3,290.32,0.9,106,307,2,7,5
T1155,COC(=O)Nc1nc2cc(C(=O)c3ccccc3)ccc2[nH]1,4030,C16H13N3O3,295.29,2.8,84.1,423,2,4,4
T1156,Cl.O=C1c2cccc3c2[C@H](CCC3)CN1[C@@H]1CN2CCC1CC2,6918303,C19H25ClN2O,332.9,,23.6,456,1,2,1
T1158,CC(COc1ccccc1)N(CCCl)Cc1ccccc1.Cl,5284441,C18H23Cl2NO,340.3,,12.5,262,1,2,8
T1159,Cc1oncc1C(=O)Nc1ccc(C(F)(F)F)cc1,3899,C12H9F3N2O2,270.21,2.5,55.1,327,1,6,2
T1161,CCCc1cc(C(N)=S)ccn1,666418,C9H12N2S,180.27,1.5,71,159,1,2,3
T1162,Cc1cnc(C(=O)O)c[n+]1[O-],5310993,C6H6N2O3,154.12,-1,75.7,162,1,4,1
T1163,CCCCC(=O)O[C@]1(C(=O)CO)[C@@H](C)C[C@H]2[C@@H]3CCC4=CC(=O)C=C[C@]4(C)[C@@]3(F)[C@@H](O)C[C@@]21C,16533,C27H37FO6,476.6,3.6,101,957,2,7,7
T1165,CCc1cc(C(N)=S)ccn1,2761171,C8H10N2S,166.25,1.1,71,147,1,2,2
T1166,Cc1c2ccncc2c(C)c2c1[nH]c1ccccc12,3213,C17H14N2,246.31,4.8,28.7,342,1,1,0
T1167,CC(=O)O[C@]1(C(C)=O)CC[C@H]2[C@@H]3C=C(Cl)C4=CC(=O)[C@@H]5C[C@@H]5[C@]4(C)[C@H]3CC[C@@]21C,9880,C24H29ClO4,416.9,3.6,60.4,903,0,4,3
T1168,CC1(C)O[C@@H]2C[C@H]3[C@@H]4CCC5=CC(=O)C=C[C@]5(C)[C@H]4[C@@H](O)C[C@]3(C)[C@]2(C(=O)CO)O1,5311066,C24H32O6,416.5,2.7,93.1,873,2,6,2
T1169,CCOC(=O)CC(=O)N1CCSC1COc1ccccc1OC,65935,C16H21NO5S,339.4,2.3,90.4,406,0,6,8
T1171,C[C@H]1C[C@@H]2[C@H]([C@@H](O)C[C@@]3(C)[C@H]2CC[C@]3(O)C(=O)CO)[C@@]2(C)C=CC(=O)C=C12,6741,C22H30O5,374.5,1.9,94.8,754,3,5,2
T1173,CN1[C@@H]2CC[C@H]1C[C@@H](OC(=O)c1c[nH]c3ccccc13)C2.Cl,656664,C17H21ClN2O2,320.8,,45.3,400,2,3,3
T1174,CC[C@@]1(O)C(=O)OCc2c1cc1n(c2=O)Cc2cc3c(CN(C)C)c(O)ccc3nc2-1.Cl,60699,C23H24ClN3O5,457.9,,103,867,3,7,3
T1175,CCN(CC)CCNC(=O)c1cc(Br)c(N)cc1OC,2446,C14H22BrN3O2,344.25,2.8,67.6,300,2,4,7
T1176,CC(=O)SCC(Cc1ccccc1)C(=O)NCC(=O)OCc1ccccc1,107751,C21H23NO4S,385.5,3.3,97.8,485,1,5,11
T1177,Nc1ccc(S(=O)(=O)Nc2cnc3ccccc3n2)cc1,5338,C14H12N4O2S,300.34,1.7,106,442,2,6,3
T1178,Cn1nnc2c(C(N)=O)ncn2c1=O,5394,C6H6N6O2,194.15,-1.1,106,315,1,5,1
T1179,C[N+]1(C)[C@@H]2C[C@@H](OC(=O)C(O)(c3cccs3)c3cccs3)C[C@H]1[C@@H]1O[C@@H]12.[Br-],5487426,C19H22BrNO4S2,472.4,,116,564,1,7,5
T1180,CCN1CCN(c2cc(-c3ccc(F)cc3)c3c(n2)CCCCCC3)CC1,125564,C23H30FN3,367.5,5.5,19.4,443,0,4,3
T1181,COc1cc2ncnc(Nc3ccc(F)c(Cl)c3)c2cc1OCCCN1CCOCC1,123631,C22H24ClFN4O3,446.9,4.1,68.7,545,1,8,8
T1182,CCC(=O)O[C@H](CC(=O)O)C[N+](C)(C)C.[Cl-],157836,C10H20ClNO4,253.72,,63.6,232,1,5,7
T1184,O=C(NC[C@H]1CN(c2ccc(N3CCOCC3=O)cc2)C(=O)O1)c1ccc(Cl)s1,9875401,C19H18ClN3O5S,435.9,2.5,116,645,1,6,5
T1185,CS(=O)(=O)c1ccc(C2=C(c3ccccc3)C(=O)OC2)cc1,5090,C17H14O4S,314.4,2.3,68.8,556,0,4,3
T1186,CC(C(O)c1ccc(O)cc1)N1CCC(Cc2ccccc2)CC1.CC(C(O)c1ccc(O)cc1)N1CCC(Cc2ccccc2)CC1.O=C(O)[C@H](O)[C@@H](O)C(=O)O,656586,C46H60N2O10,801.0,,202,487,8,12,13
T1187,c1ccc(-c2ccc(C(c3ccccc3)n3ccnc3)cc2)cc1,2378,C22H18N2,310.4,4.8,17.8,362,0,1,4
T1188,NC(=O)c1ncn([C@@H]2O[C@H](CO)[C@@H](O)[C@H]2O)c1O,104762,C9H13N3O6,259.22,-1.9,151,329,5,7,3
T1189,CCN(CC)C(=O)[C@]1(c2ccccc2)C[C@@H]1CN.Cl,163701,C15H23ClN2O,282.81,,46.3,295,2,2,5
T1191L,Cc1c(N(C)CS(=O)(=O)[O-])c(=O)n(-c2ccccc2)n1C.[Na+],522325,C13H16N3NaO4S,333.34,,92.4,552,0,6,4
T1192,C=CC1=C(C)c2cc3[nH]c(cc4nc(cc5[nH]c(cc1n2)c(C)c5C=C)C(C)=C4CCC(=O)O)c(CCC(=O)O)c3C,135564357,C34H34N4O4,562.7,4.6,132,1010,4,6,8
T1193,CCN(CC)CCOc1ccc(C(=C(Cl)c2ccccc2)c2ccccc2)cc1.O=C(O)CC(O)(CC(=O)O)C(=O)O,60974,C32H36ClNO8,598.1,,145,708,4,9,14
T1199,Clc1ccc(C(c2ccccc2Cl)C(Cl)Cl)cc1,4211,C14H10Cl4,320.0,6.2,0,248,0,0,3
T1201,CCN1CCCC1CNC(=O)c1cc(S(N)(=O)=O)ccc1OC,5355,C15H23N3O4S,341.4,0.6,110,505,2,6,6
T1202,CN1C(=O)CC[C@H]1c1cccnc1,854019,C10H12N2O,176.21,-0.3,33.2,205,0,2,1
T1203,CC(C)(C)NCC(O)COc1cccc2c1C[C@H](O)[C@H](O)C2,39147,C17H27NO4,309.4,0.7,82,344,4,5,6
T1206,COc1cc(NS(C)(=O)=O)ccc1Nc1c2ccccc2nc2ccccc12,2179,C21H19N3O3S,393.5,4,88.7,601,2,6,5
T1207,CC[C@H](C)C(=O)O[C@H]1C[C@@H](C)C=C2C=C[C@H](C)[C@H](CC[C@@H]3C[C@@H](O)CC(=O)O3)[C@H]21,53232,C24H36O5,404.5,4.3,72.8,666,1,5,7
T1208,C[N+](C)(C)CCOP(=O)([O-])OP(=O)([O-])OC[C@H]1O[C@@H](n2ccc(N)nc2=O)[C@H](O)[C@@H]1O.[Na+],36605,C14H25N4NaO11P2,510.31,,216,813,3,11,10
T1209,CNC[C@H](O)[C@@H](O)[C@H](O)[C@H](O)CO.Cc1c(Nc2ncccc2C(=O)O)cccc1C(F)(F)F,39212,C21H28F3N3O7,491.5,,175,510,8,13,9
T1210,CC(O)(P(=O)([O-])O)P(=O)([O-])O.[Na+].[Na+],23894,C2H6Na2O7P2,249.99,,141,206,3,7,2
T1211,CCN1CCC[C@H]1CNC(=O)c1cc(S(N)(=O)=O)ccc1OC,688272,C15H23N3O4S,341.4,0.6,110,505,2,6,6
T1212,NC(CO)(CO)CO.O=C(c1ccccc1)c1ccc2n1CCC2C(=O)O,84003,C19H24N2O6,376.4,,146,430,5,7,6
T1213,CCN1CCN(C(=O)N[C@@H](C(=O)N[C@@H]2C(=O)N3[C@@H]2SC(C)(C)[C@@H]3C(=O)[O-])c2ccccc2)C(=O)C1=O.[Na+],23666879,C23H26N5NaO7S,539.5,,185,989,2,8,6
T1214,NC[C@H]1O[C@H](O[C@H]2[C@H](O[C@@H]3O[C@H](CO)[C@@H](O)[C@H]3O)[C@@H](O)[C@H](N)C[C@@H]2N)[C@H](N)[C@@H](O)[C@@H]1O.O=S(=O)(O)O,656837,C17H36N4O14S,552.6,,345,674,12,18,6
T1215,COC(=O)C1=C(C)NC(C)=C(C(=O)OCCN(C)Cc2ccccc2)C1c1cccc([N+](=O)[O-])c1.Cl,41114,C26H30ClN3O6,516.0,,114,856,2,8,10
T1217,CN(Cc1ccc(C(C)(C)C)cc1)Cc1cccc2ccccc12.Cl,443867,C23H28ClN,353.9,,3.2,374,1,1,5
T1218,CCN1CCN(C(=O)N[C@@H](C(=O)N[C@@H]2C(=O)N3C(C(=O)[O-])=C(CSc4nnnn4C)CS[C@H]23)c2ccc(O)cc2)C(=O)C1=O.[Na+],23663974,C25H26N9NaO8S2,667.7,,274,1250,3,13,9
T1219,CN[C@@H]1[C@@H](O)[C@@H](O[C@@H]2[C@@H](O)[C@H](O[C@H]3OC(CN)=CC[C@H]3N)[C@@H](N)C[C@H]2N)OC[C@]1(C)O.CN[C@@H]1[C@@H](O)[C@@H](O[C@@H]2[C@@H](O)[C@H](O[C@H]3OC(CN)=CC[C@H]3N)[C@@H](N)C[C@H]2N)OC[C@]1(C)O.O=S(=O)(O)O.O=S(=O)(O)O.O=S(=O)(O)O.O=S(=O)(O)O.O=S(=O)(O)O,439243,C38H84N10O34S5,1385.5,,842,724,26,44,12
T1220,CC[n+]1c(-c2ccccc2)c2cc(N)ccc2c2ccc(N)cc21.[Br-],14710,C21H20BrN3,394.3,,55.9,419,2,3,2
T1221,CC(=O)OCC[N+](C)(C)C.[Cl-],6060,C7H16ClNO2,181.66,,26.3,115,0,3,4
T1222,CN1CCN(CCCN2c3ccccc3Sc3ccc(C(F)(F)F)cc32)CC1.Cl.Cl,66064,C21H26Cl2F3N3S,480.4,,35,510,2,7,4
T1226,CC[C@H](C)[C@H](N)C1=N[C@H](C(=O)N[C@@H](CC(C)C)C(=O)N[C@H](CCC(=O)O)C(=O)N[C@H](C(=O)N[C@H]2CCCCNC(=O)[C@H](CC(N)=O)NC(=O)[C@@H](CC(=O)O)NC(=O)[C@H](Cc3c[nH]cn3)NC(=O)[C@@H](Cc3ccccc3)NC(=O)[C@H]([C@@H](C)CC)NC(=O)[C@@H](CCCN)NC2=O)[C@@H](C)CC)CS1,10909430,C66H103N17O16S,1422.7,-4.1,556,2850,17,21,31
T1228,O=C([O-])C1=C(CSc2nnnn2CS(=O)(=O)[O-])CS[C@@H]2[C@H](NC(=O)[C@H](O)c3ccccc3)C(=O)N12.[Na+].[Na+],43593,C18H16N6Na2O8S3,586.5,,270,980,2,13,7
T1229,O=C(O)CSCC(=O)NC1CCSC1=O,65632,C8H11NO4S2,249.3,-0.1,134,282,2,6,5
T1230,CC(C)(N)CO.Cn1c(=O)c2[nH]c(Br)nc2n(C)c1=O,11806,C11H18BrN5O3,348.20,,116,340,3,5,1
T1233,CCn1cc(C(=O)O)c(=O)c2cc3c(cc21)OCO3,4628,C13H11NO5,261.23,-0.2,76.1,446,1,6,2
T1234,CC1(C)OC(=O)NC1=O,3081,C5H7NO3,129.11,0.1,55.4,173,1,3,0
T1235,CCC[C@@H]1C[C@@H](C(=O)N[C@@H]([C@H]2O[C@H](SC)[C@H](O)[C@@H](O)[C@H]2O)[C@@H](C)O)N(C)C1.Cl.O,71476,C18H37ClN2O7S,461.0,,149,498,7,9,7
T1237,Cn1cnc([N+](=O)[O-])c1Sc1ncnc2nc[nH]c12,2265,C9H7N7O2S,277.27,0.1,143,354,1,7,2
T1238,O=c1c(-c2ccc(O)cc2)coc2cc(O)ccc12,5281708,C15H10O4,254.24,2.5,66.8,382,2,4,1
T1240,CCOC(=O)c1ncn2c1CN(C)C(=O)c1cc(F)ccc1-2,3373,C15H14FN3O3,303.29,1,64.4,461,0,5,3
T1241,CN(C)c1nc(N(C)C)nc(N(C)C)n1,2123,C9H18N6,210.28,2.7,48.4,148,0,6,3
T1242,C[C@H]1CN(C[C@H](Cc2ccccc2)C(=O)NCC(=O)O)CC[C@@]1(C)c1cccc(O)c1,5488548,C25H32N2O4,424.5,1.7,89.9,606,3,5,8
T1243,CC(=O)OCC(=O)[C@@]1(O)CC[C@H]2[C@@H]3CCC4=CC(=O)CC[C@]4(C)[C@H]3[C@@H](O)C[C@@]21C,5744,C23H32O6,404.5,2.2,101,786,2,6,4
T1245,CCC(C)CCCC(=O)N[C@@H](CCN)C(=O)N[C@H](C(=O)N[C@@H](CCN)C(=O)N[C@H]1CCNC(=O)[C@H]([C@@H](C)O)NC(=O)[C@H](CCN)NC(=O)[C@H](CCN)NC(=O)[C@H](CC(C)C)NC(=O)[C@@H](CC(C)C)NC(=O)[C@H](CCN)NC1=O)[C@@H](C)O.O=S(=O)(O)O,91885449,C52H100N16O17S,1253.5,,574,2130,20,22,28
T1247,Cl.Clc1cccc(Cl)c1NC1=NCCN1,20179,C9H10Cl3N3,266.6,,36.4,222,3,1,2
T1248,CC(=O)Nc1ccc(S(=O)(=O)Nc2ccc([N+](=O)[O-])cc2)cc1,5334,C14H13N3O5S,335.34,2,129,524,2,6,4
T1249,O=C(CCCl)NCc1ccccc1,10391,C10H12ClNO,197.66,1.7,29.1,155,1,1,4
T1250,S=P(N1CC1)(N1CC1)N1CC1,5453,C6H12N3PS,189.22,0.5,41.1,194,0,4,3
T1251,O=C(NC(O)C(Cl)(Cl)Cl)NC(O)C(Cl)(Cl)Cl,8313,C5H6Cl6N2O3,354.8,2,81.6,228,4,3,2
T1252,NCc1ccc(C(=O)O)cc1,65526,C8H9NO2,151.16,-1.6,63.3,139,2,3,2
T1253,Oc1ccc(Cl)c2c1CCC2,8961,C9H9ClO,168.62,3,20.2,148,1,1,0
T1254,C=Cc1c(C)c2cc3nc(c(CC(=O)[O-])c4[n-]c(cc5nc(cc1[n-]2)C(C)=C5CC)c(C)c4C(=O)[O-])C(CCC(=O)[O-])C3C.[Cu+2].[Na+].[Na+].[Na+],23725082,C34H31CuN4Na3O6,724.1,,164,1750,0,10,5
T1255,NC[C@H]1O[C@H](O[C@H]2[C@H](O)[C@@H](O[C@H]3O[C@H](CO)[C@@H](O)[C@H](N)[C@H]3O)[C@H](N)C[C@@H]2N)[C@H](N)C[C@@H]1O,36294,C18H37N5O9,467.5,-6.2,268,609,10,14,6
T1257,CC(C)C[C@H](NC(=O)[C@@H](O)[C@H](N)Cc1ccccc1)C(=O)O,72172,C16H24N2O4,308.37,-1,113,367,4,5,8
T1258,COc1ccc2cc(CCC(C)=O)ccc2c1,4409,C15H16O2,228.29,3.1,26.3,262,0,2,4
T1260,O=C([O-])c1cc(=O)c2c(OCC(O)COc3cccc4oc(C(=O)[O-])cc(=O)c34)cccc2o1.[Na+].[Na+],27503,C23H14Na2O11,512.3,,172,824,1,11,6
T1261,CC(=O)O[C@]1(C(C)=O)CC[C@H]2[C@@H]3C[C@H](C)C4=CC(=O)CC[C@]4(C)[C@H]3CC[C@@]21C,6279,C24H34O4,386.5,4.1,60.4,767,0,4,3
T1262,C[C@]1(Cn2ccnn2)[C@H](C(=O)O)N2C(=O)C[C@H]2S1(=O)=O,123630,C10H12N4O5S,300.29,-2,131,573,1,7,3
T1264,CC(C)(Oc1ccc(C2CC2(Cl)Cl)cc1)C(=O)O,2763,C13H14Cl2O3,289.15,3.4,46.5,333,1,3,4
T1265,Nc1cc(-c2ccncc2)c[nH]c1=O,3698,C10H9N3O,187.20,-0.2,68,300,2,3,1
T1266,CC(C)(C)c1ccc(C(O)CCCN2CCC(C(O)(c3ccccc3)c3ccccc3)CC2)cc1,5405,C32H41NO2,471.7,6.6,43.7,582,2,3,9
T1267,Nc1nc(NC2CC2)c2ncn([C@H]3C=C[C@@H](CO)C3)c2n1,441300,C14H18N6O,286.33,0.9,102,414,3,6,4
T1268,CCOC(=S)SSC(=S)OCC,10404,C6H10O2S4,242.4,3.2,133,142,0,6,7
T1269,CN(C)CCN(Cc1ccccc1)c1ccccn1.Cl,9066,C16H22ClN3,291.82,,19.4,236,1,3,6
T1270,CC[C@]1(O)C[C@H]2C[N@](CCc3c([nH]c4ccccc34)[C@@](C(=O)OC)(c3cc4c(cc3OC)N(C=O)[C@H]3[C@@](O)(C(=O)OC)[C@H](OC(C)=O)[C@]5(CC)C=CCN6CC[C@]43[C@@H]65)C2)C1.O=S(=O)(O)O,249332,C46H58N4O14S,923.0,,254,1830,5,16,10
T1272,Nc1ccn([C@@H]2O[C@H](CO)[C@@H](O)[C@@H]2O)c(=O)n1,6253,C9H13N3O5,243.22,-2.1,129,383,4,5,2
T1273,CC(=O)Oc1cccc2c1C(=O)c1c(OC(C)=O)cc(C(=O)O)cc1C2=O,26248,C19H12O8,368.3,1.9,124,683,1,8,5
T1274,CCc1oc2ccccc2c1C(=O)c1cc(Br)c(O)c(Br)c1,2333,C17H12Br2O3,424.1,5.7,50.4,405,1,3,3
T1275,CS(=O)(=O)O.Cc1ccc(N(CC2=NCCN2)c2cccc(O)c2)cc1,91430,C18H23N3O4S,377.5,,111,456,3,6,4
T1276,CN1C[C@@H]2C[C@H]1CN2c1cc2c(cc1F)c(=O)c(C(=O)O)cn2C1CC1.CS(=O)(=O)O,71334,C20H24FN3O6S,453.5,,127,771,2,10,3
T1277,CCC[C@@H]1C[C@@H](C(=O)N[C@@H]([C@H]2O[C@H](SC)[C@H](O)[C@@H](O)[C@H]2O)[C@@H](C)O)N(C)C1.Cl,64710,C18H35ClN2O6S,443.0,,148,498,6,8,7
T1278,COc1ccc(CCN2CCC(Nc3nc4ccccc4n3Cc3ccc(F)cc3)CC2)cc1,2247,C28H31FN4O,458.6,6,42.3,599,1,5,8
T1280,NC(=O)Cc1cccc(C(=O)c2ccccc2)c1N,151075,C15H14N2O2,254.28,1.9,86.2,337,2,3,4
T1281,CCN(Cc1ccncc1)C(=O)C(CO)c1ccccc1,5593,C17H20N2O2,284.35,1.5,53.4,310,1,3,6
T1282,CC(C)(C)NCC(O)COc1cccc2c1CCC(=O)N2.Cl,40127,C16H25ClN2O3,328.83,,70.6,354,4,4,6
T1283,NC1CCN(c2c(F)cc3c(=O)c(C(=O)O)cn(C4CC4)c3c2Cl)C1,60063,C17H17ClFN3O3,365.8,0.4,86.9,626,2,7,3
T1284,CC(=O)O[C@]1(C(C)=O)CC[C@H]2[C@@H]3C=C(C)C4=CC(=O)CC[C@]4(C)[C@H]3CC[C@@]21C,11683,C24H32O4,384.5,3.1,60.4,820,0,4,3
T1285,COc1ccc(-c2cc(=S)ss2)cc1,2194,C10H8OS3,240.4,2.8,91.9,254,0,4,2
T1286,CC[C@]12CCCN3CCc4c(n(c5ccccc45)[C@@](O)(C(=O)OC)C1)[C@@H]32,15376,C21H26N2O3,354.4,2.9,54.7,598,1,4,3
T1287,CNCC(O)c1ccc(O)cc1,7172,C9H13NO2,167.20,-0.6,52.5,122,3,3,3
T1291,COc1cc(N)c(Cl)cc1C(=O)N[C@@H]1CCN(CCCOc2ccc(F)cc2)C[C@@H]1OC,6917698,C23H29ClFN3O4,465.9,3.4,86.1,581,2,7,9
T1292,CCN(CC)CCNC(=O)c1cc(S(C)(=O)=O)ccc1OC.Cl,5702214,C15H25ClN2O4S,364.9,,84.1,443,2,5,8
T1293,COc1c(N2CCNC(C)C2)c(F)cc2c(=O)c(C(=O)O)cn(C3CC3)c12,5379,C19H22FN3O4,375.4,-0.7,82.1,653,2,8,4
T1294,CN1CCN(c2c(F)cc3c(=O)c(C(=O)O)cn(CCF)c3c2F)CC1,3357,C17H18F3N3O3,369.34,-0.1,64.1,595,1,9,4
T1296,Nc1ccc(C(=O)O)c(O)c1,4649,C7H7NO3,153.14,1.3,83.6,160,3,4,1
T1297,C=CCc1ccc(O)c(OC)c1,3314,C10H12O2,164.20,2,29.5,145,1,2,3
T1298,CCOC(=O)C(C)(C)Oc1ccc(Cl)cc1,2796,C12H15ClO3,242.70,3.3,35.5,232,0,3,5
T1299,OCc1cccnc1,7510,C6H7NO,109.13,0,33.1,65,1,2,1
T1301,COc1ccccc1O,460,C7H8O2,124.14,1.3,29.5,83,1,2,1
T1304,CN(C)[C@@H]1C(O)=C(C(N)=O)C(=O)[C@@]2(O)C(O)=C3C(=O)c4c(O)ccc(Cl)c4[C@@](C)(O)[C@H]3C[C@@H]12.Cl,54682468,C22H24Cl2N2O8,515.3,,182,1010,7,9,2
T1306,CCn1cc(C(=O)O)c(=O)c2cc(F)c(N3CCNCC3)cc21,4539,C16H18FN3O3,319.33,-1,72.9,519,2,7,3
T1307,CCCCCCNC(=O)n1cc(F)c(=O)[nH]c1=O,2577,C11H16FN3O3,257.26,2.6,78.5,382,2,4,5
T1308,Cc1ccccc1C(OCCN(C)C)c1ccccc1.Cl,9568,C18H24ClNO,305.8,,12.5,260,1,2,6
T1309,CCCc1cc(O)nc(S)n1,657298,C7H10N2OS,170.23,0.8,73.2,222,2,2,2
T1310,O=c1ccnc(S)[nH]1,1269845,C4H4N2OS,128.15,-0.3,73.2,163,2,2,0
T1311,Nc1ccc(C(=O)O)cc1,978,C7H7NO2,137.14,0.8,63.3,128,2,3,1
T1312,CCOc1ccc2ccccc2c1C(=O)N[C@@H]1C(=O)N2[C@@H]1SC(C)(C)[C@@H]2C(=O)[O-].O.[Na+],23704143,C21H23N2NaO6S,454.5,,125,705,2,7,5
T1314,Oc1cc(Cl)ccc1Oc1ccc(Cl)cc1Cl,5564,C12H7Cl3O2,289.5,5,29.5,252,1,2,2
T1317,C=C[C@H]1C[N@]2CC[C@H]1C[C@H]2[C@H](O)c1ccnc2ccccc12,101744,C19H22N2O,294.4,2.7,36.4,412,1,3,3
T1319,CC(=O)Nc1c(I)c(NC(C)=O)c(I)c(C(=O)[O-])c1I.[Na+],23672589,C11H8I3N2NaO4,635.89,,98.3,396,2,4,3
T1320,CC(C)N(CCC(C(N)=O)(c1ccccc1)c1ccccn1)C(C)C,3114,C21H29N3O,339.5,3.2,59.2,409,1,3,8
T1321,CCCCCCCCC(=O)NCc1ccc(O)c(OC)c1,2998,C17H27NO3,293.4,4.2,58.6,283,2,3,10
T1322,c1ccc(Cc2nc3ccccc3[nH]2)cc1,12132,C14H12N2,208.26,3.2,28.7,223,1,1,2
T1323,CO[C@H]1O[C@@H]2O[C@@]3(C)CC[C@H]4[C@H](C)CC[C@@H]([C@H]1C)[C@@]24OO3,68911,C16H26O5,298.37,3.1,46.2,429,0,5,1
T1324,N[C@@H](COP(=O)(O)O)C(=O)O,68841,C3H8NO6P,185.07,-5.1,130,186,4,7,4
T1325,CC(C(=O)O)c1ccc2c(c1)[nH]c1ccc(Cl)cc12,2581,C15H12ClNO2,273.71,4,53.1,362,2,2,2
T1327,CNCCC=C1c2ccccc2CCc2ccccc21.Cl,441358,C19H22ClN,299.8,,12,307,2,1,3
T1331,Cc1cc2nc3c(=O)[nH]c(=O)nc-3n(C[C@H](O)[C@H](O)[C@H](O)COP(=O)([O-])O)c2cc1C.[Na+],23666409,C17H20N4NaO9P,478.3,,204,856,5,10,7
T1332,CC1(C)C(C=C(Cl)Cl)C1C(=O)OCc1cccc(Oc2ccccc2)c1,40326,C21H20Cl2O3,391.3,6.5,35.5,521,0,3,7
T1333,Cc1ccc(S(=O)(=O)NC(=O)NN2CCCCCC2)cc1,5503,C14H21N3O3S,311.40,1.5,86.9,431,2,4,3
T1334,CC[C@H]1C[N@]2CC[C@H]1C[C@@H]2[C@@H](O)c1ccnc2ccc(OC)cc12,91503,C20H26N2O2,326.4,3.1,45.6,432,1,4,4
T1336,CN1[C@@H]2CC[C@H]1C[C@@H](OC(c1ccccc1)c1ccccc1)C2.CS(=O)(=O)O,3246155,C22H29NO4S,403.5,,75.2,433,1,5,4
T1337,NCCC(O)(P(=O)([O-])O)P(=O)([O-])O.[Na+].[Na+],73351,C3H9NNa2O7P2,279.03,,167,238,4,8,4
T1338,O.O.O.O.O.O.O.O.O.O.O.O.O.O.O.O.O.O.O.O.O.O.O.O.O.O.O.O.O.O.O.O.O.O.O.O.O.O.O.O.O.O.O.O.O.O.O.O.O.O.O.O.O.O.O.O.O.O.O.O.O.O.O.O.O.O.O.O.O.O.O.O.O.O.O.O.O.O.O.O.O.O.O.O.O.O.O.O.O.O.O.O.O.O.O.O.O.O.O.O.O.O.O.O.O.O.O.O.O.O.O.O.O.O.O.O.O.O.O.O.O.O.O.O.O.O.O.O.O.O.O.O.O.O.O.O.O.O.O.O.O.O.O.O.O.O.O.O.O.O.O.O.O.O.O.O.O.O.O.O.O.O.O.O.O.O.O.O.O.O.O.O.O.O.O.O.O.O.O.O.O=S(=O)(O)OC[C@H]1O[C@@H](O[C@]2(COS(=O)(=O)O)O[C@H](OS(=O)(=O)O)[C@@H](OS(=O)(=O)O)[C@@H]2OS(=O)(=O)O)[C@H](OS(=O)(=O)O)[C@@H](OS(=O)(=O)O)[C@@H]1OS(=O)(=O)O.[AlH3].[AlH3].[AlH3].[AlH3].[AlH3].[AlH3].[AlH3].[AlH3].[AlH3],133640188,C11H407Al9O215S8,4481.6,,784,2210,188,215,20
T1339,Nc1ncn([C@@H]2O[C@H](CO)[C@@H](O)[C@H]2O)c(=O)n1,9444,C8H12N4O5,244.20,-2.2,141,384,4,5,2
T1340,CCOC(=O)N1CCC(=O)CC1,34767,C8H13NO3,171.19,-0.1,46.6,181,0,3,2
T1341,OC1C[C@H]2CC[C@@H](C1)N2,73480,C7H13NO,127.18,0.3,32.3,103,2,2,0
T1342,O=C(CCCl)c1ccccc1,70295,C9H9ClO,168.62,2.2,17.1,128,0,1,3
T1343,CN(C)c1ccc(C(c2ccc(N(C)C)cc2)c2ccc(N(C)C)cc2)cc1,69048,C25H31N3,373.5,5.7,9.7,370,0,3,6
T1343L,CN(C)c1ccc(C(=C2C=CC(=[N+](C)C)C=C2)c2ccc(N(C)C)cc2)cc1.[Cl-],11057,C25H30ClN3,408.0,,9.5,542,0,3,4
T1344,O=C(c1ccc(O)cc1)c1ccc(Cl)cc1,123504,C13H9ClO2,232.66,3.7,37.3,238,1,2,2
T1345,CSC(=C[N+](=O)[O-])SC,83623,C4H7NO2S2,165.2,1.6,96.4,123,0,4,2
T1346,OCC(O)c1ccccc1,7149,C8H10O2,138.16,0.4,40.5,87,2,2,2
T1347,Nc1nc2ccccc2s1,8706,C7H6N2S,150.20,1.9,67.2,129,1,3,0
T1348,O=P(O)(Oc1ccccc1)Oc1ccccc1,13282,C12H11O4P,250.19,1.4,55.8,246,1,4,4
T1349,O=c1[nH]c(=O)n([C@@H]2O[C@H](CO)[C@@H](O)[C@H]2O)cc1F,9427,C9H11FN2O6,262.19,-1.7,119,414,4,7,2
T1350,CCCCOc1ccc(O)cc1,31233,C10H14O2,166.22,2.9,29.5,106,1,2,4
T1351,N[C@@H](CCCCNC(=O)C(F)(F)F)C(=O)O,7009573,C8H13F3N2O3,242.20,-1.7,92.4,255,3,7,6
T1352,Nc1ncnc2c1ncn2[C@@H]1O[C@H](COP(=O)(O)OP(=O)([O-])OP(=O)([O-])O)[C@@H](O)[C@H]1O.[Na+].[Na+],13803,C10H14N5Na2O13P3,551.14,,285,789,5,17,8
T1353,CC1(O)CCOC(=O)C1,10428,C6H10O3,130.14,-0.3,46.5,132,1,3,0
T1354,CC(=O)NCCc1c[nH]c2ccc(O)cc12,903,C12H14N2O2,218.25,0.5,65.1,257,3,2,3
T1355,COC(=O)c1cc(O)cc(O)c1,75076,C8H8O4,168.15,1.5,66.8,158,2,4,2
T1356,COc1cc(CN)ccc1O.Cl,165576,C8H12ClNO2,189.64,,55.5,119,3,3,2
T1357,COc1ccc(CO)c(OC)c1OC,123571,C10H14O4,198.22,0.9,47.9,162,1,4,4
T1358,COc1cccc(Cl)c1Cl,16126,C7H6Cl2O,177.02,2.9,9.2,108,0,1,1
T1359,O=C(O)Cc1ccc2c(c1)CCO2,2737455,C10H10O3,178.18,1.4,46.5,202,1,3,2
T1360,Nc1ccc([N+](=O)[O-])c(C(F)(F)F)c1,94955,C7H5F3N2O2,206.12,2.5,71.8,226,1,6,0
T1361,O=c1c2ccccc2sc2ccc(C(F)(F)F)cc12,74324,C14H7F3OS,280.27,4.9,42.4,368,0,5,0
T1362,Oc1ncnc2[nH]cnc12,135398638,C5H4N4O,136.11,-0.5,70.1,190,2,3,0
T1364,CC1=C(C(=O)O)N2C(=O)[C@@H](N)[C@H]2SC1,33498,C8H10N2O3S,214.24,-3.1,109,352,2,5,1
T1365,NC(=S)c1ccncc1,2723788,C6H6N2S,138.19,0.3,71,108,1,2,1
T1366,Cl.O=C(O)Cc1cccnc1,2723724,C7H8ClNO2,173.60,,50.2,125,2,3,2
T1368,COC(=O)c1ccc(O)c(O)c1,287064,C8H8O4,168.15,1.5,66.8,168,2,4,2
T1371,O=C(O)c1ncn[nH]1,295900,C3H3N3O2,113.08,-0.2,78.9,105,2,4,1
T1373,CC(=O)NCCC(=O)O,76406,C5H9NO3,131.13,-1,66.4,121,2,3,3
T1374,NNC(=O)c1ccccn1,255881,C6H7N3O,137.14,-0.8,68,126,2,3,1
T1378,O=c1[nH]c(=O)n(C2CCCO2)cc1F,5386,C8H9FN2O3,200.17,-0.3,58.6,316,1,4,1
T1379,N[C@@H](Cc1c[nH]c2ccc(O)cc12)C(=O)O,439280,C11H12N2O3,220.22,-1.2,99.3,272,4,4,3
T1380,ClCC1C(CCl)C2(Cl)C(Cl)=C(Cl)C1(Cl)C2(Cl)Cl,17357,C9H6Cl8,397.8,4.7,0,356,0,0,2
T1382,COC1=CC(=O)C[C@@H](C)[C@]12Oc1c(Cl)c(OC)cc(OC)c1C2=O,441140,C17H17ClO6,352.8,2.2,71.1,575,0,6,3
T1385,CCOC(=O)C1=C(COCCN)NC(C)=C(C(=O)OC)C1c1ccccc1Cl,2162,C20H25ClN2O5,408.9,3,99.9,647,2,7,10
T1387,CC(=O)NC(CC(C)C)C(=O)O,1995,C8H15NO3,173.21,0.5,66.4,177,2,3,4
T1388,OC(Cn1cncn1)(Cn1cncn1)c1ccc(F)cc1F,3365,C13H12F2N6O,306.27,0.4,81.7,358,1,7,5
T1389,CCCCOc1ccc(C(=O)CCN2CCCCC2)cc1.Cl,68304,C18H28ClNO2,325.9,,29.5,292,1,3,8
T1390,CC(C)(CO)C(O)C(=O)NCCCO,4678,C9H19NO4,205.25,-0.9,89.8,182,4,4,6
T1391,Cc1cc(=O)oc2cc(O)ccc12,5280567,C10H8O3,176.17,1.9,46.5,257,1,3,0
T1392,O=C(O)c1ccccc1-c1c2ccc(=O)cc-2oc2cc(O)ccc12,3383,C20H12O5,332.3,2.4,83.8,686,2,5,2
T1393,CCCC(=O)[O-].[Na+],5222465,C4H7NaO2,110.09,,40.1,53,0,2,2
T1394,CC(C)Cc1ccc(C(C)C(=O)O)cc1,3672,C13H18O2,206.28,3.5,37.3,203,1,2,4
T1395,CC(=O)Nc1c(I)c(NC(C)=O)c(I)c(C(=O)O)c1I,2140,C11H9I3N2O4,613.91,1.8,95.5,390,3,4,3
T1396,CCC1(C)CC(=O)NC(=O)C1,2310,C8H13NO2,155.19,0.7,46.2,182,1,2,1
T1398,CN1CC(=O)N2[C@H](c3ccc4c(c3)OCO4)c3[nH]c4ccccc4c3C[C@@H]2C1=O,110635,C22H19N3O4,389.4,2.3,74.9,702,1,4,1
T1399,OC[C@H]1O[C@H](O[C@]2(CCl)O[C@H](CCl)[C@@H](O)[C@@H]2O)[C@H](O)[C@@H](O)[C@H]1Cl,71485,C12H19Cl3O8,397.6,-1.5,129,405,5,8,5
T1400,CN(C)[C@@H]1C(O)=C(C(N)=O)C(=O)[C@@]2(O)C(O)=C3C(=O)c4c(O)ccc(Cl)c4[C@@H](O)[C@H]3C[C@@H]12.Cl,54686764,C21H22Cl2N2O8,501.3,,182,961,7,9,2
T1401,CN(C)CCOC(=O)COc1ccc(Cl)cc1.Cl,19379,C12H17Cl2NO3,294.17,,38.8,228,1,4,7
T1402,CC(C)(Oc1ccc(C(=O)c2ccc(Cl)cc2)cc1)C(=O)O,64929,C17H15ClO4,318.7,3.9,63.6,405,1,4,5
T1403,CC(C)(C)C(=O)C(Oc1ccc(Cl)cc1)n1ccnc1,37907,C15H17ClN2O2,292.76,3.7,44.1,335,0,3,5
T1404,Cc1cn([C@H]2C=C[C@@H](CO)O2)c(=O)[nH]c1=O,18283,C10H12N2O4,224.21,-0.8,78.9,388,2,4,2
T1406,Cl.NC12CC3CC(CC(C3)C1)C2,64150,C10H18ClN,187.71,,26,144,2,1,0
T1408,CCCCCOC(=O)Nc1nc(=O)n([C@@H]2O[C@H](C)[C@@H](O)[C@H]2O)cc1F,60953,C15H22FN3O6,359.35,0.6,121,582,3,7,7
T1409,COc1ccccc1OCC(O)COC(N)=O,4107,C11H15NO5,241.24,0.6,91,236,2,5,7
T1410,Cc1cccc(Nc2ccncc2S(=O)(=O)NC(=O)NC(C)C)c1,41781,C16H20N4O3S,348.4,2.7,109,518,3,5,5
T1412,CN1CCN(C2=Nc3ccccc3Oc3ccc(Cl)cc32)CC1.O=C(O)CCC(=O)O,71399,C22H24ClN3O5,445.9,,103,542,2,7,4
T1413,C1CCc2nnnn2CC1,5917,C6H10N4,138.17,0.1,43.6,116,0,3,0
T1414,O=S(=O)([O-])CCS.[Na+],23662354,C2H5NaO3S2,164.18,,66.6,123,1,4,2
T1415,Cc1ccc(C)c(OCCCC(C)(C)C(=O)O)c1,3463,C15H22O3,250.33,3.8,46.5,273,1,3,6
T1416,Cc1cn([C@H]2C[C@H](N=[N+]=[N-])[C@@H](CO)O2)c(=O)[nH]c1=O,35370,C10H13N5O4,267.24,0,93.2,484,2,6,3
T1418,CCCC(=O)Nc1ncnc2c1ncn2[C@@H]1O[C@@H]2COP(=O)([O-])O[C@H]2[C@H]1OC(=O)CCC.[Na+],23663967,C18H23N5NaO8P,491.4,,167,765,1,11,8
T1419,CC[C@H]1OC(=O)[C@H](C)[C@@H](O[C@H]2C[C@@](C)(OC)[C@@H](O)[C@H](C)O2)[C@H](C)[C@@H](O[C@@H]2O[C@H](C)C[C@H](N(C)C)[C@H]2O)[C@](C)(O)C[C@@H](C)CN(C)[C@H](C)[C@@H](O)[C@]1(C)O.O.O,3033819,C38H76N2O14,785.0,,182,1150,7,16,7
T1420,CCN(CC)C(=O)N1CCN(C)CC1.O=C(O)CC(O)(CC(=O)O)C(=O)O,15432,C16H29N3O8,391.42,,159,411,4,9,7
T1421,O=C(O)COC(=O)Cc1ccccc1Nc1c(Cl)cccc1Cl,71771,C16H13Cl2NO4,354.2,4.3,75.6,411,2,5,7
T1423,Cc1cccc(C(=O)O)c1O,6738,C8H8O3,152.15,2.9,57.5,155,2,3,1
T1425,Cc1cccn2c(=O)c(-c3nnn[n-]3)cnc12.[K+],443866,C10H7KN6O,266.30,,72.3,495,0,6,1
T1426,NC(=O)c1cnccn1,1046,C5H5N3O,123.11,-0.6,68.9,115,1,3,1
T1428,O=c1[nH]c(=O)n([C@H]2C[C@H](O)[C@@H](CO)O2)cc1C(F)(F)F,6256,C10H11F3N2O5,296.20,-0.5,99.1,464,3,8,2
T1429,CC(=O)[C@@]1(O)CC[C@H]2[C@@H]3CCC4=CC(=O)CC[C@]4(C)[C@H]3CC[C@@]21C,6238,C21H30O3,330.5,3.2,54.4,635,1,3,1
T1430,O=C(O)CCNC(=O)c1ccccc1,71651,C10H11NO3,193.20,0.5,66.4,209,2,3,4
T1431,COc1c2occc2c(OC)c2c(=O)cc(C)oc12,3828,C14H12O5,260.24,2.3,57.9,405,0,5,2
T1432,CCCCC1C(=O)N(c2ccccc2)N(c2ccccc2)C1=O,4781,C19H20N2O2,308.4,3.2,40.6,389,0,2,5
T1433,C[C@H](NCCc1ccc(O)cc1)[C@H](O)c1ccc(O)cc1.Cl,31728,C17H22ClNO3,323.8,,72.7,284,5,4,6
T1434,CC[C@H]1OC(=O)[C@H](C)[C@@H](O[C@H]2C[C@@](C)(OC)[C@@H](O)[C@H](C)O2)[C@H](C)[C@@H](O[C@@H]2O[C@H](C)C[C@H](N(C)C)[C@H]2O)[C@](C)(OC)C[C@@H](C)C(=O)[C@H](C)[C@@H](O)[C@]1(C)O,84029,C38H69NO13,748.0,3.2,183,1190,4,14,8
T1435,O=C(C1CCCCC1)N1CC(=O)N2CCc3ccccc3C2C1,4891,C19H24N2O2,312.4,2.7,40.6,472,0,2,1
T1436,Nc1ccc(C(=O)NCC(=O)O)cc1,2148,C9H10N2O3,194.19,-0.9,92.4,222,3,4,3
T1437,CC(C)(CO)[C@@H](O)C(=O)NCCCO,131204,C9H19NO4,205.25,-0.9,89.8,182,4,4,6
T1438,Clc1ccc(CCC(Cn2ccnc2)Sc2c(Cl)cccc2Cl)cc1.O=[N+]([O-])O,47471,C19H18Cl3N3O3S,474.8,,109,408,1,5,7
T1440,CC(O)C(=O)O.CCOc1ccc2nc3cc(N)ccc3c(N)c2c1.O,165457,C18H23N3O5,361.4,,133,371,5,8,3
T1442,CN1CCC(=C2c3ccccc3CCc3sccc32)CC1,27400,C19H21NS,295.4,3.8,31.5,406,0,2,0
T1443,C[C@]12C[C@@H]3C[C@](C)(C1)C[C@@](N)(C3)C2.Cl,11229655,C12H22ClN,215.76,,26,240,2,1,0
T1445,COc1ccc2cccc(CCNC(C)=O)c2c1,82148,C15H17NO2,243.30,2.7,38.3,280,1,2,4
T1446,CN(C)C(=O)Oc1cc(OC(=O)N(C)C)cc(C(O)CNC(C)(C)C)c1.Cl,54765,C18H30ClN3O5,403.9,,91.3,446,3,6,8
T1447,NC(Cc1ccc(Cl)cc1)C(=O)O,4652,C9H10ClNO2,199.63,-0.5,63.3,178,2,3,3
T1448,Cc1nc(Nc2ncc(C(=O)Nc3c(C)cccc3Cl)s2)cc(N2CCN(CCO)CC2)n1,3062316,C22H26ClN7O2S,488.0,3.6,135,642,3,9,7
T1448L,Cc1nc(Nc2ncc(C(=O)Nc3c(C)cccc3Cl)s2)cc(N2CCN(CCO)CC2)n1.O,11540687,C22H28ClN7O3S,506.0,,136,642,4,10,7
T1451,C[C@H]1COc2c(N3CCN(C)CC3)c(F)cc3c(=O)c(C(=O)O)cn1c23.C[C@H]1COc2c(N3CCN(C)CC3)c(F)cc3c(=O)c(C(=O)O)cn1c23.O,3033924,C36H42F2N6O9,740.7,,148,634,3,17,4
T1453,Cl.N=C(N)NC(=N)NCCc1ccccc1,13266,C10H16ClN5,241.72,,103,236,4,1,4
T1454,Nc1nc(=O)c2ncn(COCCO)c2[nH]1,135398513,C8H11N5O3,225.20,-1.9,115,308,3,5,4
T1455,O=C(CCNNC(=O)c1ccncc1)NCc1ccccc1,4472,C16H18N4O2,298.34,0.9,83.1,350,3,4,7
T1456,COc1cccc2c1C(=O)c1c(O)c3c(c(O)c1C2=O)C[C@@](O)(C(=O)CO)C[C@@H]3O[C@H]1C[C@H](N)[C@H](O)[C@H](C)O1,31703,C27H29NO11,543.5,1.3,206,977,6,12,5
T1457,O=C(O)c1ccc(-n2nc(-c3ccccc3O)nc2-c2ccccc2O)cc1,214348,C21H15N3O4,373.4,3.8,108,540,3,6,4
T1459,COc1ccc(C[C@@H]2c3cc(OC)c(OC)cc3CC[N@+]2(C)CCC(=O)OCCCCCOC(=O)CC[N@@+]2(C)CCc3cc(OC)c(OC)cc3[C@H]2Cc2ccc(OC)c(OC)c2)cc1OC.O=S(=O)([O-])c1ccccc1.O=S(=O)([O-])c1ccccc1,62886,C65H82N2O18S2,1243.5,,258,1560,0,18,26
T1460,CCN(CC)CCOC(=O)C1(C2CCCCC2)CCCCC1.Cl,441344,C19H36ClNO2,345.9,,29.5,326,1,3,8
T1461,CCOc1nc2cccc(C(=O)O)c2n1Cc1ccc(-c2ccccc2-c2nn[nH]n2)cc1,2541,C24H20N6O3,440.5,4.1,119,660,2,7,7
T1462,C[C@H](CS)C(=O)N1CCC[C@H]1C(=O)O,44093,C9H15NO3S,217.29,0.3,58.6,244,2,4,3
T1463,CCC(=O)NCC[C@@H]1CCc2ccc3c(c21)CCO3,208902,C16H21NO2,259.34,2.7,38.3,331,1,2,4
T1466,CC1CCc2c(N3CCC(O)CC3)c(F)cc3c(=O)c(C(=O)O)cn1c23,4410,C19H21FN2O4,360.4,2.9,81.1,631,2,7,2
T1467,COc1ccc2c(c1)c(CC(=O)OCC(=O)O)c(C)n2C(=O)c1ccc(Cl)cc1,1981,C21H18ClNO6,415.8,4.2,94.8,620,1,6,7
T1468,CN1C(C(=O)Nc2ccccn2)=C(O)c2sc(Cl)cc2S1(=O)=O,54690031,C13H10ClN3O4S2,371.8,2.1,136,634,2,7,2
T1469,O=C(O)COCCN1CCN([C@H](c2ccccc2)c2ccc(Cl)cc2)CC1,1549000,C21H25ClN2O3,388.9,1.7,53,443,1,5,8
T1471,CNCC[C@H](Oc1cccc2ccccc12)c1cccs1.Cl,60834,C18H20ClNOS,333.9,,49.5,312,2,3,6
T1472,O=C(O[C@H]1C[C@H]2CC[C@@H](C1)[N+]21CCCC1)C(O)(c1ccccc1)c1ccccc1.[Cl-],5284631,C25H30ClNO3,428.0,,46.5,553,1,4,5
T1474,CCCCCCCCOc1ccccc1C(=O)Nc1ccc(C(=O)OCC[N+](C)(CC)CC)cc1.[Br-],72092,C29H43BrN2O4,563.6,,64.6,599,1,5,17
T1476,CCCN[C@H]1CCc2nc(N)sc2C1,119570,C10H17N3S,211.33,1.9,79.2,188,2,4,3
T1477,NC(=O)c1ncn([C@@H]2O[C@H](CO)[C@@H](O)[C@H]2O)c1N,17513,C9H14N4O5,258.23,-2.2,157,330,5,7,3
T1479,O=[N+]([O-])O[C@H]1CO[C@H]2[C@@H]1OC[C@H]2O[N+](=O)[O-],6883,C6H8N2O8,236.14,1.3,129,268,0,8,2
T1481,N[C@@H](CSCCCO)C(=O)O,134669,C6H13NO3S,179.24,-3,109,120,3,5,6
T1482,Cc1cc(C2CCCCC2)n(O)c(=O)c1,2749,C12H17NO2,207.27,2,40.5,325,1,2,1
T1484,CCC[C@H](N[C@@H](C)C(=O)N1[C@H](C(=O)O)C[C@@H]2CCCC[C@@H]21)C(=O)O,72022,C17H28N2O5,340.4,0.2,107,495,3,6,7
T1484L,CC(C)(C)N.CCC[C@H](N[C@@H](C)C(=O)N1[C@H](C(=O)O)C[C@@H]2CCCC[C@@H]21)C(=O)OCC,441313,C23H43N3O5,441.6,,122,549,3,7,9
T1485,CN(Cc1cnc2nc(N)nc(N)c2n1)c1ccc(C(=O)N[C@@H](CCC(=O)O)C(=O)O)cc1,126941,C20H22N8O5,454.4,-1.8,211,704,5,12,9
T1486,CCOC(=O)C1=C[C@@H](OC(CC)CC)[C@H](NC(C)=O)[C@@H](N)C1.O=P(O)(O)O,78000,C16H31N2O8P,410.40,,168,468,5,9,8
T1488,CNNCc1ccc(C(=O)NC(C)C)cc1.Cl,9703,C12H20ClN3O,257.76,,53.2,210,4,3,5
T1489,CCC(=O)OC(OP(=O)(CCCCc1ccccc1)CC(=O)N1C[C@H](C2CCCCC2)C[C@H]1C(=O)[O-])C(C)C.[Na+],23681451,C30H45NNaO7P,585.6,,113,857,0,7,15
T1491,O=C1C(O)=C([C@H]2CC[C@H](c3ccc(Cl)cc3)CC2)C(=O)c2ccccc21,74989,C22H19ClO3,366.8,5.2,54.4,595,1,3,2
T1493,CC(C)C(C(=O)O)N1C(=O)C(=Cc2ccc(Br)cc2)SC1=S,2838988,C15H14BrNO3S2,400.3,4.6,115,513,1,5,4
T1494,CC(=O)O.CCNC(=O)[C@@H]1CCCN1C(=O)[C@H](CCCNC(=N)N)NC(=O)[C@H](CC(C)C)NC(=O)[C@@H](C)NC(=O)[C@H](Cc1ccc(O)cc1)NC(=O)[C@H](CO)NC(=O)[C@H](Cc1c[nH]c2ccccc12)NC(=O)[C@H](Cc1cnc[nH]1)NC(=O)[C@@H]1CCC(=O)N1,66577105,C58H82N16O14,1227.4,,469,2350,16,16,30
T1495,N[C@@H](C(=O)N[C@@H]1C(=O)N2C(C(=O)O)=C(Cl)CS[C@H]12)c1ccccc1.O,51038,C15H16ClN3O5S,385.8,,139,606,4,7,4
T1496,CCCCc1oc2ccccc2c1C(=O)c1cc(I)c(OCCN(CC)CC)c(I)c1.Cl,441325,C25H30ClI2NO3,681.8,,42.7,547,1,4,11
T1497,COc1cccc(N(C)C(=S)Oc2ccc3c(c2)CCCC3)n1,3936,C18H20N2O2S,328.4,4.9,66.7,406,0,4,4
T1498,CC1Cc2ccccc2N1NC(=O)c1ccc(Cl)c(S(N)(=O)=O)c1,3702,C16H16ClN3O3S,365.8,2.9,101,580,2,5,3
T1499,C[C@]12C=CC(=O)N[C@@H]1CC[C@@H]1[C@@H]2CC[C@]2(C)[C@@H](C(=O)Nc3cc(C(F)(F)F)ccc3C(F)(F)F)CC[C@@H]12,6918296,C27H30F6N2O2,528.5,5.4,58.2,964,2,8,2
T1504,C[C@H](Cc1cc2c(c(C(N)=O)c1)N(CCCO)CC2)NCCOc1ccccc1OCC(F)(F)F,5312125,C25H32F3N3O4,495.5,3.6,97.1,654,3,9,13
T1506,Nc1ncnc2c1ncn2[C@@H]1O[C@H](CO)[C@@H](O)[C@@H]1O,21704,C10H13N5O4,267.24,-1.1,140,335,4,8,2
T1508,Nc1ncn([C@H]2C[C@H](O)[C@@H](CO)O2)c(=O)n1,451668,C8H12N4O4,228.21,-1.2,121,356,3,4,2
T1511,COc1cccc2c1C(=O)c1c(O)c3c(c(O)c1C2=O)C[C@@](O)(C(C)=O)C[C@@H]3O[C@H]1C[C@H](N)[C@H](O)[C@H](C)O1.Cl,62770,C27H30ClNO10,564.0,,186,960,6,11,4
T1512,CN(C)CCc1c[nH]c2ccc(Cn3cncn3)cc12.O=C(O)c1ccccc1,77997,C22H25N5O2,391.5,,87,412,2,5,6
T1513,Cc1cn([C@@H]2C[C@@H](O)[C@H](CO)O2)c(=O)[nH]c1=O,159269,C10H14N2O5,242.23,-1.2,99.1,381,3,5,2
T1515,O=C1c2ccccc2C(=O)C1c1ccc(Br)cc1,14369,C15H9BrO2,301.13,3.6,34.1,334,0,2,1
T1518,CCCc1nc(C(C)(C)O)c(C(=O)OCc2oc(=O)oc2C)n1Cc1ccc(-c2ccccc2-c2nn[nH]n2)cc1,130881,C29H30N6O6,558.6,3.8,154,969,2,10,11
T1519,Cc1c(C(=O)NN2CCCCC2)nn(-c2ccc(Cl)cc2Cl)c1-c1ccc(Cl)cc1.Cl,104849,C22H22Cl4N4O,500.2,,50.2,583,2,3,4
T1519L,Cc1c(C(=O)NN2CCCCC2)nn(-c2ccc(Cl)cc2Cl)c1-c1ccc(Cl)cc1,104850,C22H21Cl3N4O,463.8,6.5,50.2,583,1,3,4
T1521,CCC1(O)C(=O)OCc2c1cc1n(c2=O)Cc2cc3cc(O)ccc3nc2-1,4330531,C20H16N2O5,364.4,0.6,100,774,2,6,1
T1522,COCC(=O)Nc1c(I)c(C(=O)NCC(O)CO)c(I)c(C(=O)N(C)CC(O)CO)c1I,3736,C18H24I3N3O8,791.1,-2.1,169,647,6,8,11
T1523,COc1cc([C@@H]2c3cc4c(cc3[C@@H](O[C@@H]3O[C@@H]5CO[C@@H](c6cccs6)O[C@H]5[C@H](O)[C@H]3O)[C@H]3COC(=O)[C@H]23)OCO4)cc(OC)c1O,452548,C32H32O13S,656.7,1.2,189,1090,3,14,6
T1524,Cc1cn(-c2cc(NC(=O)c3ccc(C)c(Nc4nccc(-c5cccnc5)n4)c3)cc(C(F)(F)F)c2)cn1,644241,C28H22F3N7O,529.5,4.9,97.6,817,2,9,6
T1525,CC(C)c1nc(CN(C)C(=O)N[C@H](C(=O)N[C@@H](Cc2ccccc2)C[C@H](O)[C@H](Cc2ccccc2)NC(=O)OCc2cncs2)C(C)C)cs1,392622,C37H48N6O5S2,720.9,6,202,1040,4,9,18
T1527,Cc1ccc(S(=O)(=O)NC(=O)NN2CC3CCCC3C2)cc1,3475,C15H21N3O3S,323.4,1.5,86.9,497,2,4,3
T1528,CN1C(=O)COc2c(C(=O)NC3CN4CCC3CC4)cc(Cl)cc21.Cl,115000,C17H21Cl2N3O3,386.3,,61.9,523,2,4,2
T1529,OCCN1C[C@H](O)[C@@H](O)[C@H](O)[C@H]1CO,441314,C8H17NO5,207.22,-2.6,104,179,5,6,3
T1530,O.O.O=C([O-])[C@H](CC(=O)N1C[C@H]2CCCC[C@H]2C1)Cc1ccccc1.O=C([O-])[C@H](CC(=O)N1C[C@H]2CCCC[C@H]2C1)Cc1ccccc1.[Ca+2],6918235,C38H52CaN2O8,704.9,,123,411,2,8,8
T1531,C[C@@H]1C[C@H]2[C@@H]3CCC4=CC(=O)C=C[C@]4(C)[C@@]3(Cl)[C@@H](O)C[C@]2(C)[C@@]1(OC(=O)c1ccco1)C(=O)CCl,441336,C27H30Cl2O6,521.4,3.9,93.8,1020,1,6,5
T1532,O=C1CC[C@@H](C(=O)N2CSC[C@H]2C(=O)O)N1,65944,C9H12N2O4S,244.27,-0.7,112,346,2,5,2
T1533,CC(C)[C@H](N)C(=O)OCC(CO)OCn1cnc2c(=O)nc(N)[nH]c21.Cl,135413534,C14H23ClN6O5,390.82,,167,528,5,8,9
T1534,Br.NC(=O)C(c1ccccc1)(c1ccccc1)[C@@H]1CCN(CCc2ccc3c(c2)CCO3)C1,444030,C28H31BrN2O2,507.5,,55.6,607,2,3,7
T1535,O=C([O-])CCCc1ccccc1.[Na+],5258,C10H11NaO2,186.18,,40.1,142,0,2,4
T1536,CCCOc1ccc2c(c1)CC[C@@H]1[C@@H]2CC[C@]2(C)[C@@H](OC)CC[C@@H]12,9883915,C22H32O2,328.5,4.5,18.5,436,0,2,4
T1539,COc1cc(C(C)=O)ccc1OCCCN1CCC(c2noc3cc(F)ccc23)CC1,71360,C24H27FN2O4,426.5,4.1,64.8,586,0,7,8
T1540,CN(C)CCC=C1c2ccccc2COc2ccccc21.Cl,14675,C19H22ClNO,315.8,,12.5,363,1,2,3
T1541,C[C@]12CCC(=O)C=C1[C@@H]1C[C@@H]1[C@H]1[C@@H]3[C@@H]4C[C@@H]4[C@@]4(CCC(=O)O4)[C@@]3(C)CC[C@@H]12,68873,C24H30O3,366.5,3.5,43.4,827,0,3,0
T1542,CN1CCN(CC(=O)N2c3ccccc3C(=O)Nc3cccnc32)CC1.Cl.Cl,71405,C19H23Cl2N5O2,424.3,,68.8,534,3,5,2
T1545,CCOC(=O)C1=C(COCCN)NC(C)=C(C(=O)OC)[C@@H]1c1ccccc1Cl,9822750,C20H25ClN2O5,408.9,3,99.9,647,2,7,10
T1546,CC(=O)Oc1ccccc1C(=O)Nc1ncc([N+](=O)[O-])s1,41684,C12H9N3O5S,307.28,2,142,428,1,7,4
T1547,COC(=O)[C@@H](N)CS.Cl,2733208,C4H10ClNO2S,171.65,,53.3,86,3,4,3
T1548,COc1c2occc2cc2ccc(=O)oc12,4114,C12H8O4,216.19,1.9,48.7,325,0,4,1
T1549,Cl.O=C(c1ccc(OCCN2CCCCC2)cc1)c1c(-c2ccc(O)cc2)sc2cc(O)ccc12,54900,C28H28ClNO4S,510.0,,98.2,655,3,6,7
T1550,CS(=O)(=O)c1ccc([C@@H](O)[C@@H](CO)NC(=O)C(Cl)Cl)cc1,27200,C12H15Cl2NO5S,356.2,-0.3,112,443,3,5,6
T1552,COc1ccc(C(=O)NCc2ccc(OCCN(C)C)cc2)cc1OC.Cl,129791,C20H27ClN2O4,394.9,,60,411,2,5,9
T1554,CC(=O)N(CC(O)CO)c1c(I)c(C(=O)NCC(O)CO)c(I)c(C(=O)NCC(O)CO)c1I,3730,C19H26I3N3O9,821.1,-3,200,653,8,9,12
T1555,O=C([O-])Cc1ccccc1Nc1c(Cl)cccc1Cl.[Na+],5018304,C14H10Cl2NNaO2,318.1,,52.2,310,1,3,4
T1556,Cc1ncc([N+](=O)[O-])n1CC(O)CCl,28061,C7H10ClN3O3,219.62,0.6,83.9,211,1,4,3
T1559,CCC(=O)OCC(=O)[C@@]1(OC(=O)CC)[C@@H](C)C[C@H]2[C@@H]3CCC4=CC(=O)C=C[C@]4(C)[C@@]3(F)[C@@H](O)C[C@@]21C,21800,C28H37FO7,504.6,3.6,107,1050,1,8,8
T1560,C[C@]12C=CC(=O)C=C1CC[C@@H]1[C@@H]2[C@@H](O)C[C@@]2(C)[C@H]1CC[C@]2(O)C(=O)CO,5755,C21H28O5,360.4,1.6,94.8,724,3,5,2
T1561,CCC(=O)O[C@]1(C(=O)CCl)[C@@H](C)C[C@H]2[C@@H]3CCC4=CC(=O)C=C[C@]4(C)[C@@]3(F)[C@@H](O)C[C@@]21C,32798,C25H32ClFO5,467.0,3.8,80.7,929,1,6,5
T1562,O=C(NC(Cc1cc(=O)[nH]c2ccccc12)C(=O)O)c1ccc(Cl)cc1,5042,C19H15ClN2O4,370.8,2.4,95.5,598,3,4,5
T1565,Cc1c(O)c(=O)ccn1C,2972,C7H9NO2,139.15,0.5,40.5,228,1,3,0
T1566,O=C1CCc2ccc(OCCCCN3CCN(c4cccc(Cl)c4Cl)CC3)cc2N1,60795,C23H27Cl2N3O2,448.4,4.6,44.8,559,1,4,7
T1567,Cc1cc2c(s1)Nc1ccccc1N=C2N1CCN(C)CC1,135398745,C17H20N4S,312.4,2.9,59.1,432,1,4,1
T1568,Clc1ccc2c(c1)C(N1CCNCC1)=Nc1ccccc1O2,2170,C17H16ClN3O,313.8,2.6,36.9,424,1,3,1
T1569,CN(C)c1cc(NC(=O)CNC(C)(C)C)c(O)c2c1C[C@H]1C[C@H]3[C@H](N(C)C)C(O)=C(C(N)=O)C(=O)[C@@]3(O)C(O)=C1C2=O,54686904,C29H39N5O8,585.6,1.1,206,1240,7,11,7
T1570,CCCc1nc2c(C)cc(-c3nc4ccccc4n3C)cc2n1Cc1ccc(-c2ccccc2C(=O)O)cc1,65999,C33H30N4O2,514.6,6.9,72.9,831,1,4,7
T1571,CC12CCC3c4ccc(O)cc4CCC3C1CC(O)C2O,3269,C18H24O3,288.4,2.5,60.7,411,3,3,0
T1574,Cc1ccc(-c2ncc(Cl)cc2-c2ccc(S(C)(=O)=O)cc2)cn1,123619,C18H15ClN2O2S,358.8,3.3,68.3,514,0,4,3
T1576,C[C@H](O)C(=O)Nc1c(I)c(C(=O)NC(CO)CO)c(I)c(C(=O)NC(CO)CO)c1I,65492,C17H22I3N3O8,777.1,-2.4,188,583,8,8,10
T1577,COc1ccc(OC)c(C(O)CNC(=O)CN)c1.Cl,18340,C12H19ClN2O4,290.74,,93.8,262,4,5,6
T1580,CN(C)CC(c1ccc(O)cc1)C1(O)CCCCC1,125017,C16H25NO2,263.37,2.6,43.7,266,2,3,4
T1581,NCc1cccnc1,31018,C6H8N2,108.14,-0.3,38.9,63,1,2,1
T1582,COc1ccc2cc([C@H](C)C(=O)O)ccc2c1,156391,C14H14O3,230.26,3.3,46.5,277,1,3,3
T1582L,COc1ccc2cc([C@H](C)C(=O)[O-])ccc2c1.[Na+],23681059,C14H13NaO3,252.24,,49.4,282,0,3,3
T1583,O=C(CCCCCCC(=O)Nc1ccccc1)NO,5311,C14H20N2O3,264.32,1.9,78.4,276,3,3,8
T1584,CC(C)(C)NCC(O)c1cc(O)cc(O)c1.CC(C)(C)NCC(O)c1cc(O)cc(O)c1.O=S(=O)(O)O,441334,C24H40N2O10S,548.6,,228,286,10,12,8
T1586,CN1C(C(=O)Nc2ccccn2)=C(O)c2sccc2S1(=O)=O,54677971,C13H11N3O4S2,337.4,1.1,136,599,2,7,2
T1587,C=C1C[C@@H]2[C@H](CC[C@]3(C)C(=O)CC[C@@H]23)[C@@]2(C)C=CC(=O)C=C12,60198,C20H24O2,296.4,3.1,34.1,653,0,2,0
T1588,O=C1C2CC3CC1CC(O)(C3)C2,64184,C10H14O2,166.22,0.5,37.3,228,1,2,0
T1589,N[C@@H]1CONC1=O,6234,C3H6N2O2,102.09,-1.5,64.4,92,2,3,0
T1591,Cl.N=c1ccn2c(n1)O[C@H]1[C@H](O)[C@@H](CO)O[C@H]12,25050,C9H12ClN3O4,261.66,,98.4,394,4,5,1
T1591L,Nc1ccn([C@@H]2O[C@H](CO)[C@@H](O)[C@H]2O)c(=O)n1,6175,C9H13N3O5,243.22,-2.1,129,383,4,5,2
T1592,CC(=O)NO,1990,C2H5NO2,75.07,-1.6,49.3,42,2,2,0
T1593,O=C1[C@H](CC[C@H](O)c2ccc(F)cc2)[C@@H](c2ccc(O)cc2)N1c1ccc(F)cc1,150311,C24H21F2NO3,409.4,4,60.8,567,2,5,6
T1594,CC(=O)O[C@H]1C[C@@H]2CC[C@@H]3[C@H](CC[C@@]4(C)[C@H]3C[C@H]([N+]3(C)CCCCC3)[C@@H]4OC(C)=O)[C@@]2(C)C[C@@H]1N1CCCCC1.[Br-],39764,C34H57BrN2O4,637.7,,55.8,958,0,6,6
T1595,Cc1ccnc2c1NC(=O)c1cccnc1N2C1CC1,4463,C15H14N4O,266.30,2,58.1,397,1,4,1
T1596,CC(=O)O[C@]1(C(C)=O)CC[C@H]2[C@@H]3C=C(Cl)C4=CC(=O)CC[C@]4(C)[C@H]3CC[C@@]21C,9324,C23H29ClO4,404.9,3.6,60.4,826,0,4,3
T1597,CCCC(C(=O)OCCN(CC)CC)(c1ccccc1)c1ccccc1.Cl,65341,C23H32ClNO2,390.0,,29.5,375,1,3,11
T1598,CC(N)C12CC3CC(CC(C3)C1)C2.Cl,15165,C12H22ClN,215.76,,26,180,2,1,1
T1599,CCCCCN(C)CCC(O)(P(=O)(O)O)P(=O)(O)O,60852,C9H23NO7P2,319.23,-4.1,139,342,5,8,9
T1599L,CCCCCN(C)CCC(O)(P(=O)([O-])O)P(=O)(O)O.[Na+],23670359,C9H22NNaO7P2,341.21,,141,377,4,8,9
T1600,C[C@H]1O[C@@H](n2cc(F)c(=O)[nH]c2=O)[C@H](O)[C@@H]1O,18343,C9H11FN2O5,246.19,-1.7,99.1,399,3,6,1
T1601,O=NN(CCCl)C(=O)NC1CCCCC1,3950,C9H16ClN3O2,233.69,2.8,61.8,219,1,3,3
T1602,CCCC(CCC)C(=O)[O-].[Na+],16760703,C8H15NaO2,166.19,,40.1,98,0,2,5
T1603,Cc1cnc(C(=O)NCCc2ccc(S(=O)(=O)NC(=O)NC3CCCCC3)cc2)cn1,3478,C21H27N5O4S,445.5,1.9,139,697,3,6,7
T1605,CCOC(=O)[C@H](CCc1ccccc1)N[C@@H](C)C(=O)N1CCC[C@H]1C(=O)O,5388962,C20H28N2O5,376.4,-0.1,95.9,519,2,6,10
T1606,O=S(=O)(c1cccc2cnccc12)N1CCCNCC1,3547,C14H17N3O2S,291.37,1,70.7,421,1,5,2
T1608,CC(=O)N[C@H]1CSSC[C@@H](C(N)=O)NC(=O)[C@H](C(C)C)NC(=O)[C@H](C)NC(=O)[C@H](Cc2cnc[nH]2)NC1=O.O=C(O)C(F)(F)F,24203776,C24H35F3N8O8S2,684.7,,305,990,8,14,5
T1609,NC(=O)c1ccc[n+]([C@@H]2O[C@H](COP(=O)([O-])OP(=O)(O)OC[C@H]3O[C@@H](n4cnc5c(N)ncnc54)[C@H](O)[C@@H]3O)[C@@H](O)[C@H]2O)c1,5892,C21H27N7O14P2,663.4,-6,321,1120,7,18,11
T1610,Cc1cc(C)cc(OCC2CNC(=O)O2)c1,15459,C12H15NO3,221.25,2.2,47.6,247,1,3,3
T1612,CN(C)C(=O)Oc1cccc([N+](C)(C)C)c1.COS(=O)(=O)[O-],5824,C13H22N2O6S,334.39,,104,337,0,6,3
T1613,Cl.NNc1nncc2ccccc12,9351,C8H9ClN4,196.64,,63.8,150,3,4,1
T1614,C[C@]12CCC(=O)C=C1CC[C@@H]1[C@@H]2[C@@H](O)C[C@@]2(C)[C@H]1CC[C@]2(O)C(=O)CO,5754,C21H30O5,362.5,1.6,94.8,684,3,5,2
T1615,CCCCC1=NC2(CCCC2)C(=O)N1Cc1ccc(-c2ccccc2-c2nnn[nH]2)cc1,3749,C25H28N6O,428.5,4.1,87.1,682,1,5,7
T1617,CCN1CCN(c2cc3c(cc2F)c(=O)c(C(=O)O)cn3C2CC2)CC1,71188,C19H22FN3O3,359.4,-0.2,64.1,613,1,7,4
T1618,OCCN(CCO)c1nc(N2CCCCC2)c2nc(N(CCO)CCO)nc(N3CCCCC3)c2n1,3108,C24H40N8O4,504.6,0.7,145,561,4,12,12
T1619,Cl.O=c1n(CCCN2CCN(c3cccc(Cl)c3)CC2)nc2ccccn12,62935,C19H23Cl2N5O,408.3,,42.4,611,1,4,5
T1620,CS(=O)(=O)O.C[C@H]1COc2c(C3(N)CC3)c(F)cc3c(=O)c(C(=O)O)cn1c23,6918232,C17H19FN2O7S,414.4,,156,695,3,10,2
T1621,CS(=O)(=O)O.Cc1ccc(NC(=O)c2ccc(CN3CCN(C)CC3)cc2)cc1Nc1nccc(-c2cccnc2)n1,123596,C30H35N7O4S,589.7,,149,799,3,10,7
T1623,Cc1cccc(C)c1OCC(=O)N[C@@H](Cc1ccccc1)[C@@H](O)C[C@H](Cc1ccccc1)NC(=O)[C@H](C(C)C)N1CCCNC1=O,92727,C37H48N4O5,628.8,5.9,120,940,4,5,15
T1624,CN(C)C(=O)Oc1cccc([N+](C)(C)C)c1.[Br-],8246,C12H19BrN2O2,303.20,,29.5,246,0,3,3
T1625,CCn1cc(C(=O)O)c(=O)c2cc(F)c(N3CCNC(C)C3)c(F)c21.Cl,68624,C17H20ClF2N3O3,387.8,,72.9,585,3,8,3
T1628,CCN(C)C(=O)Oc1cccc([C@H](C)N(C)C)c1.O=C(O)[C@H](O)[C@@H](O)C(=O)O,6918078,C18H28N2O8,400.4,,148,402,4,9,8
T1630,CC(S)C(=O)NCC(=O)O,5483,C5H9NO3S,163.20,-0.1,67.4,148,3,4,3
T1631,CC1(C)[C@H](C(=O)O)N2C(=O)C[C@H]2S1(=O)=O,130313,C8H11NO5S,233.24,-1,100,446,1,5,1
T1634,COc1ccc(Cl)cc1C(=O)NCCc1ccc(S(=O)(=O)NC(=O)NC2CCCCC2)cc1,3488,C23H28ClN3O5S,494.0,4.8,122,746,3,5,8
T1635,COP(=S)(OC)Oc1cc(Cl)c(Cl)cc1Cl,9298,C8H8Cl3O3PS,321.5,5.1,59.8,273,0,4,4
T1636,Cl.Fc1ccc([C@@H]2CCNC[C@H]2COc2ccc3c(c2)OCO3)cc1,62878,C19H21ClFNO3,365.8,,39.7,402,2,5,4
T1637,CC(=O)N(O)CCCCCNC(=O)CCC(=O)N(O)CCCCCNC(=O)CCC(=O)N(O)CCCCCN.CS(=O)(=O)O,62881,C26H52N6O11S,656.8,,269,832,7,12,23
T1638,CC(=O)N[C@@H]([C@@H](O)[C@H](O)[C@H](O)CO)[C@@H](O)CC(=O)C(=O)O,14017587,C11H19NO9,309.27,-4.2,185,386,7,9,9
T1639,CC(C)c1ccc2oc3nc(N)c(C(=O)O)cc3c(=O)c2c1,2161,C16H14N2O4,298.29,3.1,103,467,2,6,2
T1642,Nc1cccc2c1CN(C1CCC(=O)NC1=O)C2=O,216326,C13H13N3O3,259.26,-0.5,92.5,437,2,4,1
T1643,Nc1nc(=O)c2ncn(CCC(CO)CO)c2[nH]1,135398748,C10H15N5O3,253.26,-1.9,126,344,4,5,5
T1644,Cl.NCCc1ccc(O)c(O)c1,65340,C8H12ClNO2,189.64,,66.5,119,4,3,2
T1645,CCOC(=O)[C@H](CCc1ccccc1)N[C@@H](C)C(=O)N1[C@H](C(=O)O)C[C@@H]2CCC[C@@H]21,5362129,C23H32N2O5,416.5,1.4,95.9,619,2,6,10
T1646,CC(=O)OCC(CCn1cnc2cnc(N)nc21)COC(C)=O,3324,C14H19N5O4,321.33,0,122,404,1,8,9
T1647,Cn1c([N+](=O)[O-])cnc1COC(N)=O,5094,C6H8N4O4,200.15,-0.4,116,240,1,5,3
T1649,C[C@H](Cn1cnc2c(N)ncnc21)OCP(=O)(O)O,464205,C9H14N5O4P,287.21,-1.6,136,354,3,8,5
T1650,O=c1[nH]c2cc(Cl)ccc2o1,2733,C7H4ClNO2,169.56,1.8,38.3,185,1,2,0
T1651,COCCCOc1ccnc(CS(=O)c2nc3ccccc3[n-]2)c1C.[Na+],14720269,C18H20N3NaO3S,381.4,,81.5,446,0,7,8
T1652,C[C@H]1C[C@H]2[C@@H]3CCC4=CC(=O)C=C[C@]4(C)[C@@]3(F)[C@@H](O)C[C@]2(C)[C@@]1(O)C(=O)CO,9782,C22H29FO5,392.5,1.9,94.8,805,3,6,2
T1653,N[C@@H](Cc1cc(I)c(Oc2ccc(O)c(I)c2)c(I)c1)C(=O)O,5920,C15H12I3NO4,650.97,1.7,92.8,402,3,5,5
T1654,N=C(N)c1ccc(OCCCCCOc2ccc(C(=N)N)cc2)cc1.O=S(=O)(O)CCO.O=S(=O)(O)CCO,8813,C23H36N4O10S2,592.7,,284,493,8,12,14
T1655,COC(c1ccccc1)(c1ccccc1)[C@H](Oc1nc(C)cc(C)n1)C(=O)O,6918493,C22H22N2O4,378.4,3.8,81.5,475,1,6,7
T1656,COc1cc2c(Nc3ccc(Br)cc3F)ncnc2cc1OCC1CCN(C)CC1,3081361,C22H24BrFN4O2,475.4,4.9,59.5,539,1,7,6
T1657,O=C(O)[C@H](O)[C@@H](O)C(=O)O.c1cnc2cc3c(cc2n1)C1CNCC3C1,9906942,C17H19N3O6,361.3,,153,388,5,9,3
T1658,C[Se]CCC(N)C(=O)O,15103,C5H11NO2Se,196.12,,63.3,97,2,3,4
T1659,COc1ccc2[nH]cc(CCNC(C)=O)c2c1,896,C13H16N2O2,232.28,0.8,54.1,270,2,2,4
T1660,COc1cc([C@H]2Oc3cc([C@H]4Oc5cc(O)cc(O)c5C(=O)[C@@H]4O)ccc3O[C@@H]2CO)ccc1O,31553,C25H22O10,482.4,2.4,155,750,5,10,4
T1661,C[C@@H](Oc1cc(-c2cnn(C3CCNCC3)c2)cnc1N)c1c(Cl)ccc(F)c1Cl,11626560,C21H22Cl2FN5O,450.3,3.7,78,557,2,6,5
T1662,Cl.NCC(=O)CCC(=O)O,123608,C5H10ClNO3,167.59,,80.4,121,3,4,4
T1663,Cc1cn([C@H]2C[C@H]([O-])[C@@H](COP(=O)(O)OP(=O)(O)OP(=O)(O)O)O2)c(=O)nc1O.[Na+],86346470,C10H16N2NaO14P3,504.15,,242,859,5,14,8
T1664,CC(O)(CC(=O)O)CC(=O)O,1662,C6H10O5,162.14,-1.2,94.8,158,3,5,4
T1665,CCCCCCCCCC(=O)N[C@@H](Cc1c[nH]c2ccccc12)C(=O)N[C@@H](CC(N)=O)C(=O)N[C@@H](CC(=O)O)C(=O)N[C@@H]1C(=O)NCC(=O)N[C@@H](CCCN)C(=O)N[C@@H](CC(=O)O)C(=O)N[C@H](C)C(=O)N[C@@H](CC(=O)O)C(=O)NCC(=O)N[C@H](CO)C(=O)N[C@@H]([C@H](C)CC(=O)O)C(=O)N[C@@H](CC(=O)c2ccccc2N)C(=O)O[C@@H]1C,16134395,C72H101N17O26,1620.7,-5.1,702,3480,22,28,35
T1666,CC(=O)OCC(=O)[C@@]1(O)CC[C@H]2[C@@H]3CCC4=CC(=O)CC[C@]4(C)[C@@]3(F)C(=O)C[C@@]21C,15595707,C23H29FO6,420.5,1.4,97.7,879,1,7,4
T1667,COc1cc2c(N3CCN(C(=O)Nc4ccc(OC(C)C)cc4)CC3)ncnc2cc1OCCCN1CCCCC1,3038522,C31H42N6O4,562.7,4.6,92.3,783,1,8,10
T1668,CC[C@]1(O)C[C@H]2C[N@@](CCc3c([nH]c4ccccc34)[C@@](C(=O)OC)(c3cc4c(cc3OC)N(C)[C@H]3[C@@](O)(C(=O)OC)[C@H](OC(C)=O)[C@]5(CC)C=CCN6CC[C@]43[C@@H]65)C2)C1.O=S(=O)(O)O,241902,C46H60N4O13S,909.1,,237,1780,5,16,10
T1669,N[C@@H](Cc1cc(I)c(Oc2ccc(O)c(I)c2)c(I)c1)C(=O)[O-].[Na+],23666110,C15H11I3NNaO4,672.95,,95.6,408,2,5,5
T1670,CC(=O)O[C@H]1C[C@H](O[C@H]2[C@@H](O)C[C@H](O[C@H]3[C@@H](O)C[C@H](O[C@H]4CC[C@@]5(C)[C@H](CC[C@@H]6[C@@H]5C[C@@H](O)[C@]5(C)[C@@H](C7=CC(=O)OC7)CC[C@]65O)C4)O[C@@H]3C)O[C@@H]2C)O[C@H](C)[C@H]1O[C@@H]1O[C@H](CO)[C@@H](O)[C@H](O)[C@H]1O,656630,C49H76O20,985.1,0.2,288,1870,8,20,12
T1671,Nc1nc(CC(=O)Nc2ccc(CCNC[C@H](O)c3ccccc3)cc2)cs1,9865528,C21H24N4O2S,396.5,2.1,129,467,4,6,9
T1672,O=S(=O)([O-])CCSSCCS(=O)(=O)[O-].[Na+].[Na+],65625,C4H8Na2O6S4,326.4,,182,268,0,8,5
T1673,CC(=O)NCCCS(=O)(=O)[O-].CC(=O)NCCCS(=O)(=O)[O-].[Ca+2],155434,C10H20CaN2O8S2,400.5,,189,202,2,8,6
T1674,CC(C)[C@H]1CC[C@H](C(=O)N[C@H](Cc2ccccc2)C(=O)O)CC1,5311309,C19H27NO3,317.4,3.2,66.4,393,2,3,6
T1675,CC(C)(C)C(=O)OCOP(=O)(COCCn1cnc2c(N)ncnc21)OCOC(=O)C(C)(C)C,60871,C20H32N5O8P,501.5,1.8,167,705,1,12,15
T1680,Cl.c1ccc(CC2=NCCN2)cc1,6048,C10H13ClN2,196.67,,24.4,169,2,1,2
T1681,Cn1c(=O)c2[nH]cnc2n(C)c1=O.Cn1c(=O)c2[nH]cnc2n(C)c1=O.NCCN,9433,C16H24N10O4,420.43,,191,273,4,8,1
T1682,CC(=O)OC(C)C[N+](C)(C)C.[Cl-],6114,C8H18ClNO2,195.69,,26.3,138,0,3,4
T1683,C[C@]12CC[C@@H]3c4ccc(O)cc4CC[C@H]3[C@@H]1C[C@H](O)[C@@H]2O,68929,C18H24O3,288.4,2.5,60.7,411,3,3,0
T1684,O=C1CCCC(=O)C1C(=O)c1ccc(C(F)(F)F)cc1[N+](=O)[O-],115355,C14H10F3NO5,329.23,2.3,97,524,0,8,2
T1685,Nc1ccc(Cl)cc1C(=O)c1ccccc1,12870,C13H10ClNO,231.68,3.8,43.1,250,1,2,2
T1686,Oc1cc2c(cc1O)[C@@H]1c3ccc(O)c(O)c3OC[C@]1(O)C2,442514,C16H14O6,302.28,1.2,110,444,5,6,0
T1687,C[C@H]1c2cccc(O)c2C(=O)C2=C(O)[C@]3(O)C(=O)C(C(N)=O)=C(O)[C@@H](N(C)C)[C@@H]3[C@@H](O)[C@@H]21,54671203,C22H24N2O8,444.4,-0.7,182,956,6,9,2
T1687L,CCO.C[C@H]1c2cccc(O)c2C(O)=C2C(=O)[C@]3(O)C(O)=C(C(N)=O)C(=O)[C@@H](N(C)C)[C@@H]3[C@@H](O)[C@@H]21.C[C@H]1c2cccc(O)c2C(O)=C2C(=O)[C@]3(O)C(O)=C(C(N)=O)C(=O)[C@@H](N(C)C)[C@@H]3[C@@H](O)[C@@H]21.Cl.Cl.O,54686183,C46H58Cl2N4O18,1025.9,,384,958,16,20,4
T1688,C[C@H](O)[C@H]1CC[C@H]2[C@@H]3CC[C@@H]4C[C@H](O)CC[C@]4(C)[C@H]3CC[C@]12C,219833,C21H36O2,320.5,5.2,40.5,463,2,2,1
T1689,CCOC(=O)[C@H](CCc1ccccc1)N[C@@H](C)C(=O)O,5702571,C15H21NO4,279.33,0.1,75.6,313,2,5,9
T1690,Nc1c(Br)cc(Br)cc1C=O,688305,C7H5Br2NO,278.93,2.6,43.1,153,1,2,1
T1691,O=Cc1ccc(C(=O)O)cc1,12088,C8H6O3,150.13,1.8,54.4,157,1,3,2
T1692,COc1ccc(CCC(=O)O)cc1OC,75019,C11H14O4,210.23,1.2,55.8,205,1,4,5
T1693,O=c1ccc2ccc(O)cc2o1,5281426,C9H6O3,162.14,1.6,46.5,222,1,3,0
T1694,O=c1[nH]c(=O)c2cn[nH]c2[nH]1,135398752,C5H4N4O2,152.11,-0.9,86.9,217,3,3,0
T1695,NC(Cc1ccccc1O)C(=O)O,91482,C9H11NO3,181.19,-1.8,83.6,184,3,4,3
T1696,c1cnc(N2CCNCC2)nc1,88747,C8H12N4,164.21,0,41.1,127,1,4,1
T1697,Cc1cccc(C)c1NC(=O)C1CCCCN1,115282,C14H20N2O,232.32,2.3,41.1,257,2,2,2
T1698,COc1ccccc1OCCN.Cl,2762734,C9H14ClNO2,203.66,,44.5,119,2,3,4
T1701,N[C@@H](CC(=O)O)C(=O)N[C@@H](Cc1ccccc1)C(=O)O,93078,C13H16N2O5,280.28,-3.3,130,366,4,6,7
T1702,Cl.O=C1CC2CCC(C1)N2,13091218,C7H12ClNO,161.63,,29.1,130,2,2,0
T1703,CCc1c2c(nc3ccc(O)cc13)-c1cc3c(c(=O)n1C2)COC(=O)[C@]3(O)CC,104842,C22H20N2O5,392.4,1.4,100,820,2,6,2
T1704,COc1ccc(-c2cc(=O)c3c(O)cc(O)cc3o2)cc1O,5281612,C16H12O6,300.26,1.7,96.2,462,3,6,2
T1705,NC(=O)c1[nH]cnc1N,9679,C4H6N4O,126.12,-0.5,97.8,126,3,3,1
T1706,O=C(O)Cc1ccc(O)c([N+](=O)[O-])c1,447364,C8H7NO5,197.14,1.5,103,236,2,5,2
T1708,COc1ccc(-c2nc3cc(C4=NNC(=O)CC4C)ccc3[nH]2)cc1,4823,C19H18N4O2,334.4,2.7,79.4,530,2,4,3
T1709,O=c1[nH]cnc2c1ncn2[C@H]1C[C@H](O)[C@@H](CO)O1,135398593,C10H12N4O4,252.23,-1.7,109,377,3,6,2
T1710,Cc1c(C)c2c(c(C)c1O)CCC(C)(C(=O)O)O2,40634,C14H18O4,250.29,2.8,66.8,343,2,4,1
T1711,COc1ccc2c(c1)[nH]c1c(C)nccc12,5280953,C13H12N2O,212.25,3.6,37.9,258,1,2,1
T1713,CC(C)Cn1c(=O)n(C)c(=O)c2nc[nH]c21,3758,C10H14N4O2,222.24,1.5,69.3,318,1,3,2
T1717,COc1c(O)cc2oc3cc(O)c(CC=C(C)C)c(O)c3c(=O)c2c1CC=C(C)C,5281650,C24H26O6,410.5,6.3,96.2,677,3,6,5
T1719,C[C@]12CC[C@H](O)C[C@H]1CC[C@@H]1[C@@H]2CC[C@]2(C)[C@@H](c3ccc(=O)oc3)CC[C@]12O,9547215,C24H34O4,386.5,3.2,66.8,741,2,4,1
T1720,Nc1c(CC(=O)[O-])cccc1C(=O)c1ccccc1.O.[Na+],23663941,C15H14NNaO4,295.26,,84.2,342,2,5,4
T1721,O=c1ccn([C@H]2C[C@H](O)[C@@H](CO)O2)c(=O)[nH]1,13712,C9H12N2O5,228.20,-1.6,99.1,343,3,5,2
T1723,Nc1ncnc2c1ncn2[C@@H]1O[C@H](COP(=O)(O)OP(=O)(O)O)[C@@H](O)[C@H]1O,6022,C10H15N5O10P2,427.20,-4.6,233,637,6,14,6
T1724,O=c1[nH]c(=S)[nH]c2nc(-c3ccccc3)c(-c3ccccc3)nc12,10688007,C18H12N4OS,332.4,2.9,99,487,2,4,2
T1725,C[C@@H](N)[C@H]1CC[C@H](C(=O)Nc2ccncc2)CC1.Cl.Cl,9901617,C14H23Cl2N3O,320.3,,68,268,4,3,3
T1726,NC(=O)c1ccc(-c2nc(-c3ccc4c(c3)OCO4)c(-c3ccccn3)[nH]2)cc1,4521392,C22H16N4O3,384.4,2.7,103,582,2,5,4
T1727,S=C(NNc1ccccc1)NC1CCCCC1,674716,C13H19N3S,249.38,3.7,68.2,233,3,2,3
T1731,COC(=O)[C@H](CCCNC(=N)N)NS(=O)(=O)c1ccc(C)cc1.Cl,2723792,C14H23ClN4O4S,378.9,,145,503,4,6,9
T1732,Cl.NNC(N)=O,11236,CH6ClN3O,111.53,,81.1,42,4,2,0
T1733,O=C(O)c1cn(C2CC2)c2cc(Cl)c(F)cc2c1=O,483180,C13H9ClFNO3,281.66,2.4,57.6,463,1,5,2
T1734,COCCCOc1ccnc(CSc2nc3ccccc3[nH]2)c1C,9949996,C18H21N3O2S,343.4,3.3,85.3,374,1,5,8
T1735,Cl.O=C1[C@@H]2[C@H]3CC[C@H](C3)[C@@H]2C(=O)N1C[C@@H]1CCCC[C@H]1CN1CCN(c2nsc3ccccc23)CC1,11237860,C28H37ClN4O2S,529.1,,85,804,1,6,5
T1736,COc1ccc(-n2nc(C(N)=O)c3c2C(=O)N(c2ccc(N4CCCCC4=O)cc2)CC3)cc1,10182969,C25H25N5O4,459.5,2.2,111,777,1,5,5
T1737,O=c1c(-c2ccc(O)cc2)coc2cc(O)cc(O)c12,5280961,C15H10O5,270.24,2.7,87,410,3,5,1
T1739,c1ccc(NCc2ccc(CNc3ccccn3)cc2)nc1,11565518,C18H18N4,290.4,3.4,49.8,271,2,4,6
T1740,Br.Br.CN(C)CCN(C)CCc1ccc(Cl)c(Cl)c1,45073418,C13H22Br2Cl2N2,437.0,,6.5,212,2,2,6
T1743,C[C@@H](O[C@H]1OCCN(Cc2nc(=O)[nH][nH]2)[C@H]1c1ccc(F)cc1)c1cc(C(F)(F)F)cc(C(F)(F)F)c1,135413536,C23H21F7N4O3,534.4,4.2,75.2,810,2,12,6
T1745,COc1cn(-c2ccc(-n3cccn3)cc2F)nc(-c2ccnn2-c2ccccc2)c1=O,46848915,C23H17FN6O2,428.4,3.8,77.5,755,0,7,5
T1746,Cc1ccc(S(=O)(=O)O)cc1.Cn1cc(-c2ccc(F)c(C(F)(F)F)c2)nc1C1CCN(c2ncnc3[nH]ncc23)CC1,46205871,C28H27F4N7O3S,617.6,,138,850,2,12,4
T1747,Cn1nnc(-c2ccc(-c3ccc(N4C[C@H](CO)OC4=O)cc3F)cn2)n1,11234049,C17H15FN6O3,370.3,1.4,106,543,1,8,4
T1748,O=C(O)c1ccccc1C(=O)Nc1ccc(-c2ccccc2)cc1,2826191,C20H15NO3,317.3,4.2,66.4,436,2,3,4
T1749,CN(C)c1ccc(C(c2ccc(N(C)C)cc2)c2cc([N+](=O)[O-])ccc2Cl)cc1,9822799,C23H24ClN3O2,409.9,6,52.3,495,0,4,5
T1750,CCOC(=O)c1ccc(OCCC2CCN(c3ccc(C)nn3)CC2)cc1,71345,C21H27N3O3,369.5,3.7,64.6,446,0,6,8
T1751,OC(CN1CCC(Cc2ccc(F)cc2)CC1)c1ccc(Cl)cc1,60703,C20H23ClFNO,347.9,4.5,23.5,359,1,3,5
T1752,O=C1CSc2ccccc2N1Cc1cccc(C(F)(F)F)c1,11837221,C16H12F3NOS,323.3,4,45.6,415,0,5,2
T1753,COc1ccc2[nH]c(C(=O)c3ccccc3)cc2c1,3921152,C16H13NO2,251.28,3.7,42.1,325,1,2,3
T1754,COc1cc2ncnc(Nc3ccc(Cl)cc3F)c2cc1OC,5329006,C16H13ClFN3O2,333.74,4.1,56.3,392,1,6,4
T1755,O=C1NC(=O)C(c2cnc3ccccn23)=C1c1cn2c3c(cc(F)cc13)CN(C(=O)N1CCCCC1)CC2,10029385,C28H25FN6O3,512.5,2.5,92,1030,1,5,2
T1756,COc1ccnc(CS(=O)c2nc3ccc(-n4cccc4)cc3[n-]2)c1C.[Na+],121595900,C19H17N4NaO2S,388.4,,77.2,508,0,6,5
T1757,Cc1cnc(-c2ccccc2C(C)C)nc1NCc1ccc(-n2ccnn2)cc1,60167849,C23H24N6,384.5,4.6,68.5,492,1,5,6
T1758,COc1ccc(S(=O)(=O)Nc2cccnc2Nc2ccc(O)cc2)cc1,3035714,C18H17N3O4S,371.4,2.8,109,523,3,7,6
T1759,CC(=O)c1cnc2ccc(-c3cc(Cl)c(O)c(Cl)c3)nc2c1N[C@H]1CC[C@H](CN(C)C)CC1,135398499,C25H28Cl2N4O2,487.4,5.6,78.4,648,2,6,6
T1760,Cc1ccccc1CN1CCC(N2CCC(n3c(=O)[nH]c4ccccc43)CC2)CC1,10092649,C25H32N4O,404.5,4.4,38.8,582,1,3,4
T1761,COc1cc2ncnc(Nc3cccc(Br)c3)c2cc1OC.Cl,11246488,C16H15BrClN3O2,396.7,,56.3,360,2,5,4
T1763,Cc1cccc(-c2[nH]c(C(C)(C)C)nc2-c2ccc3nccnc3c2)n1,9967941,C21H21N5,343.4,3.7,67.4,476,1,4,3
T1764,CS(=O)c1ccc(-c2nc(-c3ccc(F)cc3)c(-c3ccncc3)[nH]2)cc1,176155,C21H16FN3OS,377.4,3.2,77.9,500,1,5,4
T1766,OC[C@H]1O[C@@H](c2ccc(Cl)c(Cc3ccc(O[C@H]4CCOC4)cc3)c2)[C@H](O)[C@@H](O)[C@@H]1O,11949646,C23H27ClO7,450.9,2,109,558,4,7,6
T1767,CN(C)CCNC(=O)c1cccn2c(=O)c3cc4ccccc4cc3nc12,3508054,C21H20N4O2,360.4,2.3,65,709,1,4,4
T1768,CN(Cc1ccccc1)c1ccc2cc(C(=O)O)c(=O)oc2c1,72696735,C18H15NO4,309.3,3.8,66.8,495,1,5,4
T1770,CNc1nc(Nc2cnn([C@H]3CCN(C4COC4)C[C@@H]3F)c2Cl)ncc1C(F)(F)F,76328936,C17H20ClF4N7O,449.8,2.8,80.1,587,2,11,5
T1772,O=C1C(=O)N(Cc2ccc(Cl)c(Cl)c2)c2ccccc21,1901244,C15H9Cl2NO2,306.1,3.6,37.4,415,0,2,2
T1774,O=S(=O)(c1ccccc1)c1cnc2c(N3CCNCC3)cccc2c1,11256720,C19H19N3O2S,353.4,2.5,70.7,535,1,5,3
T1775,Cc1cc(C)c(CNC(=O)c2cc(-c3ccc(N4CCN(C)CC4)nc3)cc3c2c(C)cn3C(C)C)c(=O)[nH]1,67469117,C31H38N6O2,526.7,3.8,82.5,984,2,5,6
T1776L,Cl.Cl.Cl.Cl.Cl.Cl.Cl.Cl.c1cc(CN2CCCNCCNCCCNCC2)ccc1CN1CCCNCCNCCCNCC1,65014,C28H62Cl8N8,794.5,,78.7,456,14,8,4
T1778,Cl.O=C(NC1CCNCC1)c1[nH]ncc1NC(=O)c1c(Cl)cccc1Cl,25033099,C16H18Cl3N5O2,418.7,,98.9,479,5,4,4
T1779,CNC1CCC(N(Cc2cccc(-c3ccncc3)c2)C(=O)c2sc3ccccc3c2Cl)CC1,5284330,C28H28ClN3OS,490.1,6.3,73.5,666,1,4,6
T1780,CCC(=O)NS(=O)(=O)c1ccc(-c2c(-c3ccccc3)noc2C)cc1,119828,C19H18N2O4S,370.4,3.3,97.7,575,1,5,5
T1781,O=C(O)CCc1ccc(NCc2cccc(Oc3ccccc3)c2)cc1,11595431,C22H21NO3,347.4,4.7,58.6,414,2,4,8
T1782,Cc1ccc([C@@H]2O[C@H](CO)[C@@H](O)[C@H](O)[C@H]2O)cc1Cc1ccc(-c2ccc(F)cc2)s1,24812758,C24H25FO5S,444.5,3.2,118,574,4,7,5
T1783,Fc1ccc(-c2c3cccc(C(F)(F)F)c3nn2Cc2ccc(F)cc2Cl)cc1,16734800,C21H12ClF5N2,422.8,6.5,17.8,554,0,6,3
T1786,COC(=O)N[C@H](C(=O)N1CCC[C@H]1c1ncc(-c2ccc(-c3ccc(-c4cnc([C@@H]5CCCN5C(=O)[C@@H](NC(=O)OC)C(C)C)[nH]4)cc3)cc2)[nH]1)C(C)C.Cl.Cl,25154713,C40H52Cl2N8O6,811.8,,175,1190,6,8,13
T1787,CCCCN1CCCC[C@H]1C(=O)Nc1c(C)cccc1C,92253,C18H28N2O,288.4,3.4,32.3,321,1,2,5
T1788,CCN(c1cc(-c2ccc(CN3CCOCC3)cc2)cc(C(=O)NCc2c(C)cc(C)[nH]c2=O)c1C)C1CCOCC1,66558664,C34H44N4O4,572.7,4.2,83.1,992,2,6,9
T1789,CC[C@H]1[C@@H](O)[C@@H]2[C@H](CC[C@]3(C)[C@@H]([C@H](C)CCC(=O)O)CC[C@@H]23)[C@@]2(C)CC[C@@H](O)C[C@@H]12,447715,C26H44O4,420.6,5.7,77.8,649,3,4,5
T1791,Cc1cc(Nc2ncc(Cl)c(Nc3ccccc3S(=O)(=O)C(C)C)n2)c(OC(C)C)cc1C1CCNCC1,57379345,C28H36ClN5O3S,558.1,6.4,114,835,3,8,9
T1792,CNC(=O)c1cc(Oc2ccc(NC(=O)Nc3ccc(Cl)c(C(F)(F)F)c3)c(F)c2)ccn1,11167602,C21H15ClF4N4O3,482.8,4.2,92.4,686,3,8,5
T1793,CCc1cnc(N2CCC(c3nc(COc4ccc(-n5cnnn5)cc4)cs3)CC2)nc1,25025505,C22H24N8OS,448.5,3.6,123,564,0,9,7
T1794,CCCCCOc1ccc(-c2cc(-c3ccc(C(=O)N[C@H]4C[C@@H](O)[C@@H](O)NC(=O)[C@@H]5[C@@H](O)[C@@H](C)CN5C(=O)[C@H]([C@H](O)CC(N)=O)NC(=O)[C@H]([C@H](O)[C@@H](O)c5ccc(O)c(OS(=O)(=O)[O-])c5)NC(=O)[C@@H]5C[C@@H](O)CN5C(=O)[C@H]([C@@H](C)O)NC4=O)cc3)no2)cc1.[Na+],23666118,C56H70N9NaO23S,1292.3,,521,2580,15,24,18
T1796,CCNC1(C(N)=O)CCN(c2ncnc3c2nc(-c2ccccc2Cl)n3-c2ccc(Cl)cc2)CC1.Cl,16223963,C25H26Cl3N7O,546.9,,102,729,3,6,6
T1797,COc1cc2nccc(Oc3ccc(NC(=O)C4(C(=O)Nc5ccc(F)cc5)CC4)cc3)c2cc1OC.O=C(O)C[C@H](O)C(=O)O,25102846,C32H30FN3O10,635.6,,194,924,5,12,11
T1798,OCc1ccc(-c2ccc(-c3ccc(CO)s3)o2)s1,374536,C14H12O3S2,292.4,2,110,274,2,5,4
T1799,CC(=O)O.CC(=O)O.CCC(C)CC(C)CCCCCCCCC(=O)N[C@H]1C[C@@H](O)[C@@H](NCCN)NC(=O)[C@@H]2[C@@H](O)CCN2C(=O)[C@H]([C@H](O)CCN)NC(=O)[C@H]([C@H](O)[C@@H](O)c2ccc(O)cc2)NC(=O)[C@@H]2C[C@@H](O)CN2C(=O)[C@H]([C@@H](C)O)NC1=O,6850808,C56H96N10O19,1213.4,,487,1930,18,22,23
T1800,O=C(NC1CCOCC1)c1ccc(-c2cc(-c3cn[nH]c3-c3ccccn3)ccn2)cc1,10202642,C25H23N5O2,425.5,2.7,92.8,605,2,5,5
T1801,Cc1cc(C)c(S(=O)(=O)N(CCc2cccc(Br)c2)Cc2ccc(-c3cccc(S(C)(=O)=O)c3)cc2)c(C)c1,76073169,C31H32BrNO4S2,626.6,7.2,88.3,971,0,5,9
T1802,CC(C)(C)c1ccc(-c2nc3ccccc3[nH]2)cc1,899323,C17H18N2,250.34,4.9,28.7,299,1,1,2
T1803,O=C(NCCO)c1cccc(-c2cc(Nc3ccc(OC(F)(F)F)cc3)ncn2)c1,44129660,C20H17F3N4O3,418.4,3.5,96.4,544,3,9,7
T1804,O=C(NC1CCN(CC(F)(F)F)CC1)c1ccc(-c2cccc(F)c2)nc1,24991044,C19H19F4N3O,381.4,3.6,45.2,494,1,7,4
T1805,O=C(O)c1cccc(-c2noc(-c3ccccc3F)n2)c1,11219835,C15H9FN2O3,284.24,3.1,76.2,382,1,6,3
T1806,OC(CC1c2ccccc2-c2cncn21)C1CCCCC1,66558287,C18H22N2O,282.4,3.5,38.1,355,1,2,3
T1807,COc1ccc(C2(CNC(=O)c3ccc(NC(=O)c4ccco4)cc3)CCOCC2)cc1,2946601,C25H26N2O5,434.5,3.5,89.8,620,2,5,7
T1808,CC(C)(C)[Si](C)(C)Oc1ccc2oc(=O)c3c(c2c1)CCCN3,78357823,C18H25NO3Si,331.5,,47.6,521,1,4,3
T1809,O=C(Nc1cccc(C(F)(F)F)c1)Nc1cc(S(=O)(=O)NC2CC2)ccc1-c1ccsc1,71299339,C21H18F3N3O3S2,481.5,4.2,124,770,3,8,6
T1810,c1ccc2c(Oc3nc(Nc4ccc(N5CCOCC5)cc4)c4ncn(C5CCCCC5)c4n3)cccc2c1,5284329,C31H32N6O2,520.6,6.5,77.3,768,1,7,6
T1811,COc1ccc(N(C(=O)Oc2c(C)cccc2C)c2ccnc(Nc3ccc(N4CCN(C)CC4)cc3)n2)c(OC)c1,11844351,C32H36N6O4,568.7,5.9,92.3,826,1,9,9
T1812,O=C(NCc1cccc(O)c1)c1cc2cc(F)ccc2[nH]1,21014417,C16H13FN2O2,284.28,2.9,65.1,379,3,3,3
T1813,O=C(O)CC1CC(c2ccccc2)=NO1,10798271,C11H11NO3,205.21,1.3,58.9,269,1,4,3
T1814,O=C1NC(c2cccc([N+](=O)[O-])c2)=CCN1c1ccccc1O,161930,C16H13N3O4,311.29,2.2,98.4,502,2,4,2
T1817,NC(=O)c1cccc(-c2cc(Nc3ccc(OC(F)(F)F)cc3)ncn2)c1,5311510,C18H13F3N4O2,374.3,3.8,90.1,497,2,8,5
T1818,CN(C)CCCCC(=O)Nc1ccc(NC(=S)NC(=O)c2ccc(C(C)(C)C)cc2)cc1,24772043,C25H34N4O2S,454.6,5.1,106,616,3,4,9
T1819,CCCCN(Cc1ccc(C(=O)NO)cc1)C(=O)Nc1ccccc1,71462653,C19H23N3O3,341.4,2.6,81.7,416,3,3,7
T1820,Cc1[nH]c2ccccc2c1CCNC(=O)c1cccs1,588963,C16H16N2OS,284.4,3.7,73.1,349,2,2,4
T1821,O=C(NC(NC(=S)Nc1ccc(F)c([N+](=O)[O-])c1)C(Cl)(Cl)Cl)C(c1ccccc1)c1ccccc1,6605258,C23H18Cl3FN4O3S,555.8,6.1,131,725,3,5,6
T1822,Clc1ccc(Cn2c(CN3CCCC3)nc3ccccc32)cc1,2782,C19H20ClN3,325.8,4,21.1,377,0,2,4
T1822L,Cl.Clc1ccc(Cn2c(CN3CCCC3)nc3ccccc32)cc1,5309446,C19H21Cl2N3,362.3,,21.1,377,1,2,4
T1823,O=C(O)CNC(=O)c1c(O)c2ccccc2n(Cc2ccccc2)c1=O,54685215,C19H16N2O5,352.3,2.6,107,609,3,5,5
T1824,Cc1onc(-c2ccccc2Cl)c1C(=O)N(C)c1ccc(Cl)cc1,44605616,C18H14Cl2N2O2,361.2,4.7,46.3,443,0,3,3
T1825,c1nc2nc(Nc3ccc(N4CCOCC4)cc3)nc(NC3CCCCC3)c2[nH]1,210332,C21H27N7O,393.5,3.9,91,503,3,7,5
T1826,COc1cc(Nc2nc3ccccc3nc2NS(=O)(=O)c2ccc(NC(=O)c3ccc(C)c(OC)c3)cc2)cc(OC)c1,49867926,C31H29N5O6S,599.7,5.1,149,993,3,10,10
T1827,Nc1cc(C(F)(F)F)c(-c2cc(N3CCOCC3)nc(N3CCOCC3)n2)cn1,16654980,C18H21F3N6O2,410.4,1.5,89.6,530,1,11,3
T1828,Cc1ccc(-c2csc3ncnc(SCCC(=O)O)c23)cc1,1536915,C16H14N2O2S2,330.4,3.9,117,388,1,6,5
T1830,O=C(NCCCNc1nc(Nc2cccc(NC(=O)N3CCCC3)c2)ncc1I)c1cccs1,10077147,C23H26IN7O2S,591.5,4.6,140,669,4,7,9
T1831,CC(C)n1cnc2c(NCCc3ccc(O)cc3)nc(-c3csc4ccccc34)nc21,46199207,C24H23N5OS,429.5,5.4,104,586,2,6,6
T1832,Cn1nc(-c2ccc(C(F)(F)F)cc2)nc2c(=O)n(C)c(=O)nc1-2,3164070,C14H10F3N5O2,337.26,1.9,77.7,674,0,6,1
T1833,CC(C)CCNc1ncccc1C(=O)N1CCN(Cc2ccccc2)CC1,50922681,C22H30N4O,366.5,4.2,48.5,442,1,4,7
T1835,C=CC(=O)N1CCC[C@@H](n2nc(-c3ccc(Oc4ccccc4)cc3)c3c(N)ncnc32)C1,24821094,C25H24N6O2,440.5,3.6,99.2,678,1,6,5
T1836,COc1cc2ncnc(Oc3ccc(CC(=O)Nc4cnn(C(C)C)c4)cc3)c2cc1OC,11517980,C24H25N5O4,447.5,3.1,100,630,1,7,8
T1837,O=C(Nc1cccc(Nc2ncc(Br)c(NCCc3cnc[nH]3)n2)c1)N1CCCC1,11754511,C20H23BrN8O,471.4,2.9,111,549,4,6,7
T1838,CC(C)n1nc(-c2ccc3oc(N)nc3c2)c2c(N)ncnc21,45375953,C15H15N7O,309.33,1.7,122,436,2,7,2
T1839,CCOc1cc(N2CCC(O)CC2)ccc1Nc1ncc2c(n1)N(C1CCCC1)CCC(=O)N2C,44968267,C26H36N6O3,480.6,3.2,94.1,699,2,8,6
T1841,COc1cc2nc(N3CCCC3)nc(NCCCCCN3CCCC3)c2cc1OC,78357767,C23H35N5O2,413.6,4.3,62.8,498,1,7,10
T1842,CCOc1cc(C(=O)N2CCC(N3CCN(C)CC3)CC2)ccc1Nc1ncc2c(n1)N(C1CCCC1)c1ccccc1C(=O)N2C,71604307,C36H46N8O3,638.8,4.7,97.4,1060,1,9,7
T1843,CCOc1cc(N2CCC(O)CC2)ccc1Nc1ncc2c(n1)N(C)c1ccccc1C(=O)N2C,46843772,C26H30N6O3,474.6,3.5,94.1,719,2,8,5
T1845,CN(C)Cc1ccc(-c2cnn3c(-c4cccc(NC(=O)c5cccc(C(F)(F)F)c5)c4)ccnc23)cc1,24884503,C29H24F3N5O,515.5,5.2,62.5,787,1,7,6
T1847,CN1C(=O)C(Cc2c[nH]c3ccccc23)NC1=S,2828334,C13H13N3OS,259.33,1.9,80.2,373,2,2,2
T1851,Cc1ccc(NC(=O)c2cccc(N(C)C)c2)cc1NC(=O)c1ccc(O)cc1,5730,C23H23N3O3,389.4,3.7,81.7,560,3,4,5
T1853,Cc1cc(OCc2nnc(SC3CCCC3)n2-c2cccnc2)ccc1-c1ccc(S(C)(=O)=O)cc1,71521142,C27H28N4O3S2,520.7,4.9,121,795,0,7,8
T1855,Cc1cc(C)nc(NS(=O)(=O)c2ccc(NC(=S)NC(=O)COc3ccc(Br)cc3Cl)cc2)n1,1791111,C21H19BrClN5O4S2,584.9,4.8,163,799,3,8,7
T1856,Cl.Cl.N=C(N)SCc1ccc(CSC(=N)N)s1,14040781,C8H14Cl2N4S3,333.3,,179,222,6,5,6
T1857,O=C(NCC1(c2nc(-c3ccccc3)cs2)CCOCC1)c1cccc(-c2noc(C(F)(F)F)n2)c1,53344908,C25H21F3N4O3S,514.5,4.8,118,749,1,10,6
T1858,O=c1oc2ccc(O)cc2c2c1NCCC2,797718,C12H11NO3,217.22,1.7,58.6,350,2,4,0
T1859,COc1ccc(-c2ccc3c(N4CCOC[C@@H]4C)nc(N4CCOC[C@@H]4C)nc3n2)cc1CO,25262965,C25H31N5O4,465.5,2.6,93.1,659,1,9,5
T1860,O=C1N=C(N2CCOCC2)CN1c1ccc(Cl)cc1,3083511,C13H14ClN3O2,279.72,1.2,45.1,374,0,2,2
T1861,COc1ncc(-c2ccc3nccc(-c4ccnnc4)c3c2)cc1NS(=O)(=O)c1ccc(F)cc1F,25167777,C25H17F2N5O3S,505.5,3.3,115,833,1,10,6
T1863,O=C(Nc1ccc(CN2CCOCC2)cc1)c1ccc(-c2cccc(Cl)c2)o1,2011756,C22H21ClN2O3,396.9,3.9,54.7,506,1,4,5
T1864,CCOc1ccc2nc(SCCN3CCOCC3)[nH]c2c1,9862937,C15H21N3O2S,307.4,2.3,75.7,315,1,5,6
T1865,Cc1cc(OCCN2CCOCC2)nn1-c1ccc2ccccc2c1,44247568,C20H23N3O2,337.4,3.5,39.5,416,0,4,5
T1866,C1=Cc2ccccc2C(=C2CCN(CCCCc3nn[nH]n3)CC2)c2ccccc21,11741525,C25H27N5,397.5,4.9,57.7,591,1,4,5
T1867,COc1ccc2cc(C(C)C(=O)Oc3ccc(C(N)=S)cc3)ccc2c1,25065981,C21H19NO3S,365.4,4.2,93.6,503,1,4,6
T1869,O=C(NNc1ccccc1)c1ccncc1,225362,C12H11N3O,213.23,2,54,220,2,3,3
T1870,C[C@@H](N)[C@H]1CC[C@H](C(=O)Nc2ccncc2)CC1,448042,C14H21N3O,247.34,0.9,68,268,2,3,3
T1871,Cl.Cl.c1ccc(CCCN2CCN(CCOC(c3ccccc3)c3ccccc3)CC2)cc1,11957553,C28H36Cl2N2O,487.5,,15.7,440,2,3,10
T1873,CC(C)(C)c1ccc(C(=O)NC(=S)Nc2ccc(N)cc2)cc1,24772097,C18H21N3OS,327.4,4.5,99.2,416,3,3,3
T1874,Cc1ccc(C2Nc3ccccc3-n3c(-c4ccccc4)c4c(=O)n(C)c(=O)n(C)c4c32)o1,16016583,C26H22N4O3,438.5,3.7,70.7,785,1,4,2
T1875,CN(C)C(=O)Nc1cccc(-c2ccc(N(C)C)cc2)c1,71699712,C17H21N3O,283.37,3.3,35.6,335,1,2,3
T1876,Cc1ccc(NC(=S)NNc2c([N+](=O)[O-])cc(C(F)(F)F)cc2[N+](=O)[O-])cc1Cl,3827663,C15H11ClF3N5O4S,449.8,5.5,160,609,3,9,3
T1877,Cc1cc2sc(NC(=O)Cc3ccccc3)nc2cc1Cl,851474,C16H13ClN2OS,316.8,4.5,70.2,375,1,3,3
T1878,O=c1[nH]c(-c2ccc(C(F)(F)F)cc2)nc2c1CSCC2,135418940,C14H11F3N2OS,312.31,2.3,66.8,505,1,6,1
T1880,OC(CNc1ccccc1)Cn1c2ccc(Br)cc2c2cc(Br)ccc21,2836187,C21H18Br2N2O,474.2,5.7,37.2,433,2,2,5
T1881,COc1ccc(CNC(=O)Nc2ncc([N+](=O)[O-])s2)cc1,448014,C12H12N4O4S,308.32,2.6,137,371,2,6,4
T1883,COC(=O)N[C@H](C(=O)NNC[C@H](O)[C@H](Cc1ccccc1)NC(=O)[C@@H](NC(=O)OC)C(C)(C)C)C(C)(C)C,91799105,C26H43N5O7,537.6,3,167,788,6,8,15
T1884,O=C(c1ccc2nccnc2c1)N1CCCCC1,148184,C14H15N3O,241.29,1.8,46.1,301,0,3,1
T1885,Cl.Fc1ccc(-n2cc(CCCCN3CCC4(CC3)OCc3ccccc34)c3ccccc32)cc1,9891778,C30H32ClFN2O,491.0,,17.4,656,1,3,6
T1887,CCC(Sc1nnc2c(n1)[nH]c1ccccc12)C(=O)N1c2ccccc2Sc2ccccc21,5494506,C25H19N5OS2,469.6,5.6,125,690,1,6,4
T1888,CC(=O)Nc1ccc(C(=O)Nc2ccccc2N)cc1,2746,C15H15N3O2,269.30,1.3,84.2,351,3,3,3
T1889,O=C(c1c2ccccc2cc2ccccc12)N1CCC(N2CCC[C@@H](C(=O)N3CCOCC3)C2)CC1,449097,C30H35N3O3,485.6,4.1,53.1,753,0,4,3
T1891,CCCC(C)NC(=O)c1ccc(Cl)c(Cl)c1,346721,C12H15Cl2NO,260.16,4.9,29.1,235,1,1,4
T1892,O=[N+]([O-])c1cc(C(F)(F)F)cc([N+](=O)[O-])c1NNC(=S)Nc1ccc(F)cc1,3827738,C14H9F4N5O4S,419.31,4.6,160,568,3,10,3
T1893,CCCC(=O)Nc1cccc(NC(=O)c2ccccc2Br)c1,1048267,C17H17BrN2O2,361.2,3.5,58.2,389,2,2,5
T1894,CC[C@H](Nc1ncnc2nc[nH]c12)c1nc2cccc(F)c2c(=O)n1-c1ccccc1,11625818,C22H18FN7O,415.4,3.7,99.2,685,2,7,5
T1895,CNC(=O)c1cc(Oc2ccc(NC(=O)c3cccc(C(F)(F)F)c3)cc2)ccn1,25230662,C21H16F3N3O3,415.4,3.7,80.3,594,2,7,5
T1896,COc1ccc(S(=O)(=O)Nc2nc(-c3cccc([N+](=O)[O-])c3)cs2)cc1OC,5282337,C17H15N3O6S2,421.5,3.2,160,638,1,9,6
T1897,O=C(O)CCc1c(C(=O)O)[nH]c2cc(Cl)cc(Cl)c12,446916,C12H9Cl2NO4,302.11,2.9,90.4,379,3,4,4
T1898,O=C(NCc1cccc(O)c1)Nc1nc(-c2ccncc2)cs1,60138149,C16H14N4O2S,326.4,2,115,392,3,5,4
T1900,c1cc(-c2cnn3cc(-c4ccc(N5CCNCC5)cc4)cnc23)c2cccnc2c1,60182388,C25H22N6,406.5,3.3,58.4,587,1,5,3
T1901,CCN1C(=CC(C)=O)Sc2ccc(OC)cc21,647991,C13H15NO2S,249.33,2.6,54.8,329,0,4,3
T1903,CC(C)(C)c1nc(-c2cccc(NS(=O)(=O)c3c(F)cccc3F)c2F)c(-c2ccnc(N)n2)s1,44462760,C23H20F3N5O2S2,519.6,4.8,147,817,2,11,6
T1904,Cc1cc(Nc2ccc(NC(=O)c3ccc(Nc4ccnc5ccccc45)cc3)cc2)nc(N)n1,24858111,C27H23N7O,461.5,4.8,118,676,4,7,6
T1905,Cc1cc(C)c(CNC(=O)c2cc(-c3ccc(CN4CCOCC4)cc3)cc3c2cnn3C2CCCC2)c(=O)[nH]1,60160561,C32H37N5O3,539.7,3.7,88.5,991,2,5,7
T1906,CCNC(=O)C[C@@H]1N=C(c2ccc(Cl)cc2)c2cc(OC)ccc2-n2c(C)nnc21,46943432,C22H22ClN5O2,423.9,2.9,81.4,639,1,5,5
T1907,COc1cc(-n2c(=S)[nH]c3ccccc3c2=O)c(Cl)cc1Cl,3825829,C15H10Cl2N2O2S,353.2,4,73.7,465,1,3,2
T1908,O=[N+]([O-])c1ccc(Nc2nc(N3CCOCC3)nc(N3CCOCC3)n2)cc1,2834965,C17H21N7O4,387.4,1.8,121,476,1,10,4
T1909,O=c1[nH]c2cc(Cl)ccc2c(O)c1-c1cccc(Oc2ccccc2)c1,54682505,C21H14ClNO3,363.8,4.5,58.6,557,2,3,3
T1911,Cn1ncc(Cl)c1-c1cc(C(=O)N[C@H](CN)Cc2cccc(F)c2)sc1Cl,46843057,C18H17Cl2FN4OS,427.3,4,101,520,2,5,6
T1912,CCc1cnn2c(NCc3ccc[n+]([O-])c3)cc(N3CCCC[C@H]3CCO)nc12,46926350,C21H28N6O2,396.5,1.9,91.2,512,2,6,7
T1913,COc1ccc(CNC(=O)c2cc(-c3cncc(C)c3)ncc2-c2nccs2)nc1OC,46190695,C23H21N5O3S,447.5,2.5,127,614,1,8,7
T1914,COc1cc(-c2cc(-c3cccc(O)c3)cnc2N)cc(OC)c1OC,46173038,C20H20N2O4,352.4,3.3,86.8,424,2,6,5
T1915,Cc1c(C(=O)NN2CCCCC2)nn(-c2ccc(Cl)cc2Cl)c1-c1ccc(I)cc1,2125,C22H21Cl2IN4O,555.2,6.5,50.2,585,1,3,4
T1916,Cc1c(CN2CCN(C(=O)[C@H](C)O)CC2)sc2c(N3CCOCC3)nc(-c3cnc(N)nc3)nc12,25254071,C23H30N8O3S,498.6,0.2,162,715,2,11,5
T1918,CNC(=O)c1ccccc1Nc1nc(Nc2ccc(N3CCOCC3)cc2OC)ncc1Cl,9934347,C23H25ClN6O3,468.9,4.1,101,625,3,8,7
T1919,CC(=O)Nc1ccc(NC(=S)NC(=O)c2ccc(C(C)(C)C)cc2)cc1,1013376,C20H23N3O2S,369.5,4.4,102,514,3,3,4
T1920,NC1(C(=O)N[C@@H](CCO)c2ccc(Cl)cc2)CCN(c2ncnc3[nH]ccc23)CC1,25227436,C21H25ClN6O2,428.9,1.7,120,580,4,6,6
T1921,Cc1nc(NC(=O)N2CCC[C@H]2C(N)=O)sc1-c1ccnc(C(C)(C)C(F)(F)F)c1,56649450,C19H22F3N5O2S,441.5,3.2,129,663,2,8,4
T1923,COC(=O)c1ccc2c(c1)nc(NC(=O)c1ccccc1)n2CCCc1ccccc1,72193870,C25H23N3O3,413.5,4.7,73.2,601,1,4,8
T1925,FC(F)(F)c1ccc(CNc2ccc(Cc3c[nH]c4ncccc34)cn2)cc1,11545419,C21H17F3N4,382.4,4.9,53.6,493,2,6,5
T1926,Cc1c(C(=O)Nc2ccc(N3C[C@@H](C)O[C@@H](C)C3)nc2)cccc1-c1ccc(OC(F)(F)F)cc1,24775005,C26H26F3N3O3,485.5,5.8,63.7,691,1,8,5
T1928,COc1cc(F)c(C(C)C)cc1-c1ccc(C(F)(F)F)cc1CN1C(=O)O[C@H](c2cc(C(F)(F)F)cc(C(F)(F)F)c2)[C@@H]1C,11556427,C30H25F10NO3,637.5,8.8,38.8,964,0,13,6
T1929,O=C(Nc1nc2cccc(-c3ccc(CN4CCS(=O)(=O)CC4)cc3)n2n1)C1CC1,49831257,C21H23N5O3S,425.5,1.4,105,715,1,6,5
T1930,Cc1ccc(NCCCc2ccccc2)c(N)c1,16760588,C16H20N2,240.34,3.9,38.1,223,2,2,5
T1933,O=C(Nc1nc2ccc(NC(=O)C34CC5CC(CC(C5)C3)C4)cc2s1)c1ccccc1,4096211,C25H25N3O2S,431.6,5.3,99.3,680,2,4,4
T1937,Fc1ccc(CNc2ncnc3ccc(F)cc23)cc1,51037431,C15H11F2N3,271.26,3.6,37.8,307,1,5,3
T1938,FC(F)(F)c1ccc(CNc2ccc(Cc3c[nH]c4ncc(Cl)cc34)cn2)cc1,59593294,C21H16ClF3N4,416.8,5.5,53.6,527,2,6,5
T1939,COC(=O)CNC(=O)C(=O)OC,560326,C6H9NO5,175.14,-0.3,81.7,200,1,5,5
T1940,O=C(Oc1cc(S(=O)(=O)c2ccccc2)ccc1[N+](=O)[O-])c1ccc(Cl)cc1,2799764,C19H12ClNO6S,417.8,4.6,115,659,0,6,5
T1941,O=C(NCCS(=O)(=O)c1ccc(C(F)(F)F)cn1)c1ccc(Cl)cc1,2800647,C15H12ClF3N2O3S,392.8,2.9,84.5,557,1,7,5
T1942,CC(C)Oc1ccc(-c2cnc3c(-c4ccnc5ccccc45)cnn3c2)cc1,50997747,C24H20N4O,380.4,4.6,52.3,535,0,4,4
T1943,COc1ccc(-c2cnc3c(-c4cccc5ncccc45)cnn3c2)cc1,44577753,C22H16N4O,352.4,3.8,52.3,495,0,4,3
T1944,COc1cc(-c2cc(-c3ccc(N4CCNCC4)cc3)cnc2C)cc(OC)c1OC,91754554,C25H29N3O3,419.5,3.9,55.9,522,1,6,6
T1945,CCNc1nc(Nc2cc(F)c(C(=O)N3CCOCC3)cc2OC)ncc1C(F)(F)F,58539171,C19H21F4N5O3,443.4,2.8,88.6,593,2,11,6
T1946,NC(=O)OCC(COC(N)=O)c1ccccc1,3331,C11H14N2O4,238.24,0.6,105,246,2,4,7
T1948,COc1cc(CCc2cc(NC(=O)c3ccc(N4C[C@@H](C)N[C@@H](C)C4)cc3)n[nH]2)cc(OC)c1,51039095,C26H33N5O3,463.6,3.9,91.5,622,3,6,8
T1949,CC(C)(C)NS(=O)(=O)c1cncc(-c2cc(F)c3nc(N)nn3c2)c1,42623951,C15H17FN6O2S,364.4,1,124,578,2,8,4
T1950,CNC(=O)c1ccccc1Nc1cc(Nc2ccc(N3CCOCC3)cc2OC)ncc1C(F)(F)F,25073775,C25H26F3N5O3,501.5,4.7,87.8,709,3,10,7
T1952,Cl.Cl.NC1(c2ccc(-c3nc4ccn5c(=O)[nH]nc5c4cc3-c3ccccc3)cc2)CCC1,46930998,C25H23Cl2N5O,480.4,,83.6,760,4,4,3
T1953,Oc1cc(-c2nc(-c3ccccc3)[nH]c2-c2ccncc2)ccc1Cl,9950176,C20H14ClN3O,347.8,4.2,61.8,425,2,3,3
T1954,O=C(Nc1cc(C(F)(F)F)ccc1N1CCCCC1)c1ccncc1,2797577,C18H18F3N3O,349.3,3.5,45.2,445,1,6,3
T1955,O=C(Nc1ccc([N+](=O)[O-])cc1O)Nc1ccccc1Br,3854666,C13H10BrN3O4,352.14,2.6,107,390,3,4,2
T1956,Nc1[nH]nc2nnc(-c3c(-c4ccccc4)nn4ccccc34)cc12,53338808,C18H13N7,327.3,1.9,97.8,468,2,5,2
T1957,CN1CCN(S(=O)(=O)c2ccc(-c3cnc(N)c(C(=O)Nc4cccnc4)n3)cc2)CC1,10138980,C21H23N7O3S,453.5,0.7,143,730,2,9,5
T1958,C[C@@H]1COCCN1c1cc(C2(S(C)(=O)=O)CC2)nc(-c2cccc3[nH]ccc23)n1,46244454,C21H24N4O3S,412.5,2.1,96.6,707,1,6,4
T1959,COc1cc2nc(N3CCCN(C)CC3)nc(NC3CCN(Cc4ccccc4)CC3)c2cc1OC.Cl.Cl.Cl,46945860,C28H41Cl3N6O2,600.0,,66,656,4,8,7
T1960,COc1cc(-c2nc3ccccc3s2)ccc1O,3155228,C14H11NO2S,257.31,3.9,70.6,289,1,4,2
T1961,CNC(=O)c1cccc(-c2ccc3c(N4CCOC[C@@H]4C)nc(N4CCOC[C@@H]4C)nc3n2)c1,25262792,C25H30N6O3,462.5,2.8,92.7,698,1,8,4
T1962,COc1cc(N2CCC(N3CCN(C)CC3)CC2)ccc1Nc1ncnc(Nc2ccccc2S(=O)(=O)C(C)C)n1,25134326,C29H40N8O3S,580.7,4.8,124,904,2,11,9
T1963,CNC(=O)c1ccc(-c2cnc3ncc(Cc4ccc5ncccc5c4)n3n2)cc1F,25145656,C23H17FN6O,412.4,2.9,85.1,637,1,6,4
T1965,O=C(O)CCC(=O)Nc1ccc(Br)cn1,647833,C9H9BrN2O3,273.08,0.5,79.3,248,2,4,4
T1966,CN1CCc2c(c3ccccc3n2Cc2ccc(C(=O)NO)cc2)C1,49850262,C20H21N3O2,335.4,2.3,57.5,478,2,3,3
T1967,COc1cc(N2CCC(N)CC2)ccc1Nc1ncc(Cl)c(-c2c[nH]c3ccccc23)n1,56599293,C24H25ClN6O,448.9,4.2,92.1,605,3,6,5
T1968,CCCCNc1ncc(-c2ccc(CN3CCOCC3)cn2)c(N[C@H]2CC[C@H](O)CC2)n1,73211763,C24H36N6O2,440.6,2.8,95.4,527,3,8,9
T1969,c1ccc(CNc2nc(NCc3ccccc3)c3ccccc3n2)cc1,676352,C22H20N4,340.4,5.3,49.8,403,2,4,6
T1970,CN(C)C1CCN(C(=O)c2ccc(NC(=O)Nc3ccc(-c4nc(N5CCOCC5)nc(N5CCOCC5)n4)cc3)cc2)CC1,44516953,C32H41N9O4,615.7,2.4,128,913,2,10,7
T1971,NCC1CCN(c2nccc(-c3ccc4ccccc4c3)n2)CC1,25199517,C20H22N4,318.4,3.4,55,393,1,4,3
T1972,COc1ccccc1C(=O)Nc1cc2c(cc1N1CCCCC1)n(C)c(=O)n2C,15990224,C22H26N4O3,394.5,2.7,65.1,609,1,4,4
T1973,COc1ccccc1C(=O)Nc1cc2c(cc1N1CCCC1)n(C)c(=O)n2C,40642506,C21H24N4O3,380.4,2.3,65.1,594,1,4,4
T1974,CNC(=O)c1ccc(C)c(-n2c(C)cc(OCc3ccc(F)cc3F)c(Br)c2=O)c1,22049997,C22H19BrF2N2O3,477.3,4.2,58.6,742,1,5,5
T1975,CCN1CCN(c2ccc(Nc3cc(N(C)C(=O)Nc4c(Cl)c(OC)cc(OC)c4Cl)ncn3)cc2)CC1,53235510,C26H31Cl2N7O3,560.5,4.7,95.1,724,2,8,8
T1976,CN1CCN(c2ccc(Nc3cc(-c4cccc(-n5ccc6cc(C7CC7)cc(F)c6c5=O)c4CO)cn(C)c3=O)nc2)CC1,46908026,C35H35FN6O3,606.7,3.8,92.3,1210,2,8,7
T1977,c1cc(-c2cnn3cc(-c4ccc(OCCN5CCCCC5)cc4)cnc23)ccn1,11524144,C24H25N5O,399.5,3.4,55.6,514,0,5,6
T1978,CCOc1c2c(c(OCC)c3ccccc13)C(=O)N(c1ccc(CC(=O)NS(=O)(=O)c3ccccc3)cc1)C2,5312130,C30H28N2O6S,544.6,4.8,110,953,1,6,9
T1983,CC(C)(C)OC(=O)Nc1ccc(-c2cc(C(=O)NCCCCCCC(=O)NO)no2)cc1,24951314,C22H30N4O6,446.5,2.6,143,616,4,7,12
T1984,O=C(O)CCCCN(CCc1ccccc1OCc1ccc(CCc2ccccc2)cc1)Cc1ccc(C(=O)O)cc1,9808022,C36H39NO5,565.7,4.9,87.1,767,2,6,17
T1985,COc1cc2ncnc(Nc3ccc(O)c(Br)c3)c2cc1OC,3795,C16H14BrN3O3,376.20,3.7,76.5,390,2,6,4
T1986,CCOc1cc2c(c(F)c1OCC)C(=N)N(CC(=O)c1cc(N3CCOCC3)c(OC)c(C(C)(C)C)c1)C2,10459564,C29H38FN3O5,527.6,4.6,84.3,817,1,8,10
T1987,O=C([C@@H](Cc1cccc(C(F)(F)F)c1)NS(=O)(=O)c1cc(F)c2c(c1)CCNC2)N1CCCC1,71300326,C23H25F4N3O3S,499.5,3.3,86.9,813,2,9,6
T1988,C[C@H](Nc1ncnc2nc[nH]c12)c1cc2cccc(Cl)c2c(=O)n1-c1ccccc1,50905713,C22H17ClN6O,416.9,4.1,86.8,668,2,5,4
T1989,CCNC(=O)c1noc(-c2cc(C(C)C)c(O)cc2O)c1-c1ccc(CN2CCOCC2)cc1,135539077,C26H31N3O5,465.5,3.5,108,650,3,7,7
T1990,COc1cccc(NC[C@@H](O)Cn2c3ccc(Br)cc3c3cc(Br)ccc32)c1,1100216,C22H20Br2N2O2,504.2,5.7,46.4,485,2,3,6
T1991,Cc1cc(F)c(Nc2ncnc3cc(OCc4ccccc4)ccc23)cc1O.Cl,22624897,C22H19ClFN3O2,411.9,,67.3,490,3,6,5
T1994,CS(=O)(=O)N1CCN(Cc2cc3nc(-c4cccc5[nH]ncc45)nc(N4CCOCC4)c3s2)CC1,17755052,C23H27N7O3S2,513.6,1.6,144,831,1,10,5
T1995,Cc1cnc(Nc2ccc(OCCN3CCCC3)cc2)nc1Nc1cccc(S(=O)(=O)NC(C)(C)C)c1,16722836,C27H36N6O3S,524.7,4.8,117,787,3,9,11
T1996,CNC(=O)c1ccc(Nc2ncc(C(F)(F)F)c(NCc3nccnc3N(C)S(C)(=O)=O)n2)cc1,25117126,C20H21F3N8O3S,510.5,1.4,150,804,3,13,8
T1997,CCN(CC)C(=O)C(c1ccccc1)N1CCN(c2ccc(NC(=O)c3ccccc3-c3cccnc3)cc2F)CC1,25134625,C34H36FN5O2,565.7,5.3,68.8,857,1,6,9
T1999,Cc1nc(-c2cn3c(n2)-c2ccc(-c4cnn(C(C)(C)C(N)=O)c4)cc2OCC3)n(C(C)C)n1,51001932,C24H28N8O2,460.5,1.8,119,750,1,6,5
T2000,Cc1noc(-c2ccc(-c3ccc(CC(=O)[O-])cc3)cc2)c1NC(=O)O[C@H](C)c1ccccc1.[Na+],53303875,C27H23N2NaO5,478.5,,104,672,1,6,8
T2001,CS(=O)(=O)c1cccc(CNc2nc(Nc3ccc4c(c3)CCC(=O)N4)ncc2C(F)(F)F)c1,11612883,C22H20F3N5O3S,491.5,3.2,121,822,3,10,6
T2002,CCc1cncnc1N1CCN(Cc2nc3ccc(C(F)(F)F)cc3[nH]2)CC1,51371303,C19H21F3N6,390.4,3.2,60.9,510,1,8,4
T2003,O=C(NC1CC1)c1cc(-c2cccs2)on1,19582717,C11H10N2O2S,234.28,1.9,83.4,283,1,4,3
T2005,CN1CCN(Cc2ccc(Nc3ncc(Cl)c(Nc4ccccc4S(=O)(=O)N(C)C)n3)cc2)CC1,56839178,C24H30ClN7O2S,516.1,3.9,102,751,2,9,8
T2006,COC(=O)N1CCN(Cc2cccc(NC(=O)Nc3ccc(C)nc3)c2F)CC1,11689883,C20H24FN5O3,401.4,1.4,86.8,558,2,6,5
T2007,O=C(O)c1ccc(S(=O)(=O)N(Cc2ccc(OC(F)(F)F)cc2)c2ncc(C(F)(F)F)cc2Cl)cc1,49783953,C21H13ClF6N2O5S,554.8,5.6,105,852,1,13,7
T2008,O=c1cc(N2CCOCC2)oc2c(-c3ccccc3)cccc12,3973,C19H17NO3,307.3,3.1,38.8,463,0,4,2
T2009,O=S(=O)(CC1CS1)c1ccc(Oc2ccccc2)cc1,9883002,C15H14O3S2,306.4,3.2,77.1,401,0,4,5
T2011,COc1cccc(CNC(=O)Nc2nc(-c3ccncc3)cs2)c1,53492330,C17H16N4O2S,340.4,2.3,104,406,2,5,5
T2012,CNS(=O)(=O)C[C@H]1CC[C@H](N(C)c2ncnc3[nH]ccc23)CC1,44631938,C15H23N5O2S,337.4,1.7,99.4,487,2,6,5
T2013,O=C(O)Cc1nn(Cc2ccc(Br)cc2F)c(=O)c2ccccc12,5278,C17H12BrFN2O3,391.2,3.2,70,542,1,5,4
T2014,CC(ONC(=O)c1cc(C(F)(F)F)cc(C(F)(F)F)c1)C(=O)Nc1ccc(Cl)cc1,2726015,C18H13ClF6N2O3,454.7,4.9,67.4,586,2,9,5
T2016,CC(C)C[C@H](NC(=O)CNC(=O)c1cc(Cl)ccc1Cl)B1OC(=O)CC(CC(=O)O)(C(=O)O)O1,49867936,C20H23BCl2N2O9,517.1,,168,815,4,9,10
T2017,NS(=O)(=O)c1ccc(NC(=O)Nc2ccc(F)cc2)cc1,310360,C13H12FN3O3S,309.32,1.5,110,450,3,5,3
T2019,O=C(Nc1ccc2[nH]ccc2c1)c1ccccc1,2814138,C15H12N2O,236.27,2.7,44.9,299,2,1,2
T2020,O=[N+]([O-])c1cn(CCN2CCOCC2)cn1,23274333,C9H14N4O3,226.23,-0.6,76.1,239,0,5,3
T2021,CCN1c2cc(N)ccc2-c2ccc(N)cc2C1c1ccccc1,128682,C21H21N3,315.4,3.9,55.3,419,2,3,2
T2022,COc1cc(N2CCOCC2)ccc1Nc1ncc(Cl)c(Nc2ccccc2NS(C)(=O)=O)n1,44252734,C22H25ClN6O4S,505.0,3.3,126,737,3,10,8
T2024,COc1cc(NC(=O)c2ccc(-c3ccc(Cl)cc3)o2)cc(OC)c1,16038374,C19H16ClNO4,357.8,4.4,60.7,429,1,4,5
T2025,Nc1ccc(F)cc1NC(=O)c1ccc(CNC(=O)C=Cc2cccnc2)cc1,53394037,C22H19FN4O2,390.4,2.3,97.1,577,3,5,6
T2026,CCOc1ccc(-c2nc(-c3cccc4c3CCC4NCCO)no2)cc1OCC,25110406,C23H27N3O4,409.5,3.2,89.6,525,2,7,9
T2027,O=C(COc1ccc(Cl)cc1)NC1CCC(NC(=O)COc2ccc(Cl)cc2)CC1,1011240,C22H24Cl2N2O4,451.3,4.8,76.7,493,2,4,8
T2028,CC(C)n1cnc2c(Nc3cccc(Cl)c3)nc(NCCO)nc21,2856,C16H19ClN6O,346.81,2.9,87.9,401,3,6,6
T2029,CC(C)n1cnc2c(NCc3ccccc3)nc(NCCCO)nc21,2422,C18H24N6O,340.4,3.1,87.9,390,3,6,8
T2030,O=C(O)C(=O)c1cn(Cc2ccccc2)c2ccc(-c3ccc(OC(F)(F)F)cc3)cc12,6450819,C24H16F3NO4,439.4,5.8,68.5,671,1,7,6
T2031,CSc1ccccc1NC(C)=O,237769,C9H11NOS,181.26,1.5,54.4,161,1,2,2
T2032,COc1cc2ncnc(Nc3cccc(O)c3)c2cc1OC,5687,C16H15N3O3,297.31,3,76.5,358,2,6,4
T2033,NC(=O)c1ccc2nc(-c3ccc(Oc4ccc(Cl)cc4)cc3)[nH]c2c1,9969021,C20H14ClN3O2,363.8,4.3,81,489,2,3,4
T2034,COc1cc2ncnc(Nc3cccc(I)c3)c2cc1OC,5328201,C16H14IN3O2,407.21,4,56.3,360,1,5,4
T2035,COc1cc2ncnc(Nc3ccccc3)c2cc1OC,3798,C16H15N3O2,281.31,3.4,56.3,323,1,5,4
T2036,CCCCCCCCNc1cc(=O)[nH]c(=O)[nH]1,10354234,C12H21N3O2,239.31,2.6,70.2,300,3,3,8
T2037,Nc1nc(NC2CC2)cc(-c2cccc(Cl)c2Cl)n1,73389731,C13H12Cl2N4,295.16,3.6,63.8,313,2,4,3
T2038,O=C(O)[C@H](Cc1c[nH]c2ccccc12)N1C(=O)c2ccccc2C1=O,702558,C19H14N2O4,334.3,2.6,90.5,554,2,4,4
T2039,CC(C)Oc1ccc(C(=O)N[C@H](CNC(=O)CN(C)C)Cc2ccc(-c3cn4cccc([C@H](C)O)c4n3)cc2)cc1Cl,46898058,C32H38ClN5O4,592.1,5,108,870,3,6,12
T2040,O=C(Nc1cc2cc[nH]c2cn1)c1ccccc1,789882,C14H11N3O,237.26,2.1,57.8,301,2,2,2
T2041,COc1cc2ncnc(Nc3cccc(Br)c3)c2cc1OC,4705,C16H14BrN3O2,360.20,4,56.3,360,1,5,4
T2042,CNC(=O)c1ccccc1Nc1nc(Nc2ccc(N3CCNCC3)cc2)ncc1Cl,71558939,C22H24ClN7O,437.9,3.9,94.2,568,4,7,6
T2043,Cc1ccccc1C(C(=O)NC1CCCCC1)N(C(=O)Cn1cnc2ccccc21)c1cccc(F)c1,89696514,C30H31FN4O2,498.6,5.9,67.2,775,1,4,7
T2044,CCc1c(C(=O)C(N)=O)c2c(OCC(=O)O)cccc2n1Cc1ccccc1,155815,C21H20N2O5,380.4,2.8,112,589,2,5,8
T2045,COc1cc2ncnc(Nc3ccc(O)cc3)c2cc1OC,3794,C16H15N3O3,297.31,3,76.5,350,2,6,4
T2046,O=[N+]([O-])c1cncn1CCN1CCOCC1,23009,C9H14N4O3,226.23,-0.4,76.1,239,0,5,3
T2047,COc1cc2ncnc(Nc3cccc(Cl)c3)c2cc1OC,2051,C16H14ClN3O2,315.75,4,56.3,360,1,5,4
T2048,c1ccc(-c2[nH]ncc2-c2ccnc3ccccc23)nc1,447966,C17H12N4,272.30,2.7,54.5,348,1,3,2
T2049,FC(F)(F)Oc1ccc(-c2ccc3nnc(C(F)(F)F)n3c2)cc1,58118983,C14H7F6N3O,347.21,4.9,39.4,435,0,9,2
T2051,Cc1ccc(NC(=O)Nc2nnc(Sc3ncnc4cc(OCCCN5CCOCC5)ccc34)s2)cc1,57412684,C25H27N7O3S2,537.7,4,168,712,2,10,9
T2052,COc1ccc(CCC(=O)Nc2nc3ccc(Cl)cc3s2)cc1OC,8582409,C18H17ClN2O3S,376.9,4.3,88.7,456,1,5,6
T2053,O=C(c1ccc(F)cc1)N1CCC[C@H](c2nc(-c3ccc(F)cc3)no2)C1,11383075,C20H17F2N3O2,369.4,3.7,59.2,507,0,6,3
T2054,O=C(Nc1cc(Oc2cc(F)c(NC(=O)C3(C(=O)Nc4ccc(F)cc4)CC3)cc2F)ccn1)C1CC1,54576299,C26H21F3N4O4,510.5,4.3,109,863,3,8,8
T2055,CN1CCN(Cc2ccc(NC(=O)Nc3ccc(Oc4cc(NC(=O)C5CC5)ncn4)cc3)cc2C(F)(F)F)CC1,72551586,C28H30F3N7O3,569.6,3.1,112,876,3,10,8
T2056,NCCCNc1ccc(Nc2nccc(Nc3cc(C4CC4)[nH]n3)n2)cc1,90369695,C19H24N8,364.4,3.1,117,437,5,7,9
T2057,Cc1c(Cl)cccc1S(=O)(=O)Nc1nc(CC(=O)N2CCN(C)CC2)cs1,6918651,C17H21ClN4O3S2,429.0,2,119,622,1,7,5
T2058,Cc1cc(NC(=O)NCCN2CCC(O)(Cc3ccccc3)CC2)c2ccccc2n1,10173280,C25H30N4O2,418.5,3.3,77.5,572,3,4,6
T2059,CC(C)[C@H](CO)Nc1nc(Nc2cccc(Cl)c2)c2ncn(C(C)C)c2n1,456214,C19H25ClN6O,388.9,4.3,87.9,467,3,6,7
T2062,O=C1NCCSc2c1sc1ccc(O)cc21,45258277,C11H9NO2S2,251.3,2.5,103,300,2,4,0
T2064,Cc1cc(C)c(C=C2C(=O)Nc3ccccc32)[nH]1,123015,C15H14N2O,238.28,2.5,44.9,377,2,1,1
T2066,CC(C)(C)c1cc(NC(=O)Nc2ccc(-c3cn4c(n3)sc3cc(OCCN5CCOCC5)ccc34)cc2)no1,24889392,C29H32N6O4S,560.7,5.6,134,849,2,8,8
T2069,CNc1cc(-c2cccc(Cl)c2Cl)nc(N)n1,73441664,C11H10Cl2N4,269.13,3.1,63.8,254,2,4,2
T2070,COc1cc2ncnc(Oc3cccc(NC(=O)Nc4cc(C(C)(C)C(F)(F)F)on4)c3)c2cc1OC,56846693,C24H22F3N5O5,517.5,5,121,776,2,11,7
T2071,CC1(N2CCC(n3c([C@@H]4CCCNC4)nc4ccccc43)CC2)CCCCCCC1.Cl.Cl.Cl,25208093,C26H43Cl3N4,518.0,,33.1,535,4,3,3
T2072,Cc1noc2c1-c1ccc(-c3cnn(C)c3)cc1C(c1ccc(Cl)cc1)=N[C@H]2CC(N)=O,72203613,C24H20ClN5O2,445.9,3,99.3,727,1,5,4
T2073,Cc1c(Cn2c(C)nc3c(C(=O)O)cc(N4CCOCC4)cc32)cccc1C(F)(F)F,56949517,C22H22F3N3O3,433.4,4,67.6,643,1,8,4
T2074,Cc1ccc2c(Nc3ccc(Cl)cc3)nccc2c1Nc1ncccc1-c1ncnc2nc[nH]c12,44223999,C26H19ClN8,478.9,5.6,104,690,3,7,5
T2075,c1cc(-c2cnn3cc(-c4ccc(OCCN5CCOCC5)cc4)cnc23)ccn1,5329453,C23H23N5O2,401.5,2.1,64.8,518,0,6,6
T2076,CC(C)COc1ccc(CNC(=O)N(Cc2ccc(F)cc2)C2CCN(C)CC2)cc1,10071196,C25H34FN3O2,427.6,4.5,44.8,523,1,4,8
T2077,C=CCn1c(=O)c2cnc(Nc3ccc(N4CCN(C)CC4)cc3)nc2n1-c1cccc(C(C)(C)O)n1,24856436,C27H32N8O2,500.6,3.1,101,795,2,9,7
T2078,COc1ccc(-c2nc(N3CCOCC3)c3sc(CN(C)c4ncc(C(=O)NO)cn4)cc3n2)cn1,54575456,C23H24N8O4S,508.6,1.3,167,726,2,12,7
T2079,CC[C@H](C)n1cc(C)c2c(C(=O)NCc3c(C)cc(C)[nH]c3=O)cc(-c3ccc(N4CCNCC4)nc3)cc21,68210102,C31H38N6O2,526.7,3.9,91.3,972,3,5,7
T2080,CN[C@@H](C)C(=O)N[C@H](C(=O)N1CCC[C@H]1c1nc(C(=O)c2ccc(F)cc2)cs1)C1CCCCC1,24737642,C26H33FN4O3S,500.6,4.3,120,757,2,7,8
T2081,CN1CCN(CCCNc2ncc(Cl)c(-c3cc4c(C(=O)NC5CC5)cccc4s3)n2)CC1.Cl.Cl.Cl,68856073,C24H32Cl4N6OS,594.4,,102,661,5,7,8
T2083,Fc1ccc2[nH]ccc2c1-c1nc(N2CCOCC2)c2sc(CN3CCN(CC4CC4)CC3)cc2n1,24937012,C27H31FN6OS,506.6,3.7,88.8,748,1,8,6
T2085,COc1ccc(Cl)cc1NC(=O)Nc1cc(C)nc2ccccc12,9549305,C18H16ClN3O2,341.8,3.8,63.3,436,2,3,3
T2086,O=C(c1cccc(N2Cc3cccc(Cl)c3C2=O)c1)N1CCC2(CC1)CCN(c1ccncc1)CC2,11848206,C29H29ClN4O2,501.0,4.4,56.8,799,0,4,3
T2087,COc1cc(C(C)C)c(Oc2cnc(N)nc2N)cc1I,15953802,C14H17IN4O2,400.21,2.8,96.3,334,2,6,4
T2088,CC(C)OC(=O)N1CCC(Oc2ncnc3c2cnn3-c2ccc(S(C)(=O)=O)cc2F)CC1,11705608,C21H24FN5O5S,477.5,2.7,125,788,0,9,6
T2089,Cc1cc(-n2cccc2)c(S(C)(=O)=O)cc1C(=O)NC(=N)N,6433092,C14H16N4O3S,320.37,0.8,129,545,2,3,3
T2090,CCC[C@H](Nc1nc(-c2ccc(NC(=O)NCC)c(OC)c2)ncc1C)c1cccnc1,11351021,C24H30N6O2,434.5,3.6,101,565,3,6,9
T2091,Cc1noc2c1-c1ccccc1C(c1ccc(Cl)cc1)=N[C@H]2CC(N)=O,57389999,C20H16ClN3O2,365.8,3,81.5,561,1,4,3
T2093,Cc1cn2cc(C(=O)N(C)CCO)cc(N[C@@H]3CCOc4cccc(C)c43)c2n1,25134521,C22H26N4O3,394.5,2.9,79.1,576,2,5,5
T2094,CO[C@@H](C(=O)N1Cc2[nH]nc(NC(=O)c3ccc(N4CCN(C)CC4)cc3)c2C1)c1ccccc1,11442891,C26H30N6O3,474.6,1.8,93.8,731,2,6,6
T2095,CC[C@H](CO)Nc1nc(NCc2ccccc2)c2ncn(C(C)C)c2n1,160355,C19H26N6O,354.4,3.2,87.9,417,3,6,8
T2097,Nc1ccc(S(=O)(=O)NCCc2ccccc2)cc1,833539,C14H16N2O2S,276.36,2.2,80.6,350,2,4,5
T2098,Cc1cccc(-c2[nH]ncc2-c2ccnc3ccccc23)n1,10469233,C18H14N4,286.3,3.1,54.5,374,1,3,2
T2099,CN(C)CC[C@H](CSc1ccccc1)Nc1ccc(S(=O)(=O)NC(=O)c2ccc(N3CCN(Cc4ccccc4-c4ccc(Cl)cc4)CC3)cc2)cc1[N+](=O)[O-],11228183,C42H45ClN6O5S2,813.4,9,164,1320,2,10,15
T2100,Cc1cnc(CNC(=O)c2c(=O)c3ccc(N4CCCN(C)CC4)nc3n3c2sc2ccccc23)cn1,25257557,C27H27N7O2S,513.6,3.3,120,915,1,9,4
T2101,CC1(C)CCC(c2ccc(Cl)cc2)=C(CN2CCN(c3ccc(C(=O)NS(=O)(=O)c4ccc(N[C@H](CCN5CCOCC5)CSc5ccccc5)c(S(=O)(=O)C(F)(F)F)c4)cc3)CC2)C1,24978538,C47H55ClF3N5O6S3,974.6,9.6,170,1800,2,14,16
T2102,CC(=O)Nc1ccc(Cc2ccc(NC(C)=O)cc2)cc1,94990,C17H18N2O2,282.34,2.5,58.2,320,2,2,4
T2103,Cc1ccc(C(=O)N(CCCN)[C@@H](c2nc3cc(Cl)ccc3c(=O)n2Cc2ccccc2)C(C)C)cc1,6851740,C30H33ClN4O2,517.1,5.3,79,803,1,4,9
T2104,Cc1ccccc1C(C(=O)NC1CCCCC1)N(C(=O)Cn1ccnc1C)c1cccc(F)c1,56645356,C27H31FN4O2,462.6,4.9,67.2,686,1,4,7
T2105,C[C@]1(c2nc3c(C(N)=O)cccc3[nH]2)CCCN1.Cl.Cl,45480520,C13H18Cl2N4O,317.21,,83.8,348,5,3,2
T2106,CN1CCN(Cc2ccc(NC(=O)Cc3ccc(Oc4cc(NC(=O)C5CC5)ncn4)cc3)cc2C(F)(F)F)CC1,71566751,C29H31F3N6O3,568.6,3.3,99.7,874,2,10,9
T2108,CC(=O)Nc1ccc(OC[C@](C)(O)C(=O)Nc2ccc([N+](=O)[O-])c(C(F)(F)F)c2)cc1,9824562,C19H18F3N3O6,441.4,2.2,133,663,3,9,6
T2109,Fc1ccc(Cl)cc1-c1nc(Nc2ccncc2)c2nccnc2n1,10316032,C17H10ClFN6,352.8,3,76.5,437,1,7,3
T2110,Cc1sc2c(c1C)C(c1ccc(Cl)cc1)=N[C@@H](CC(=O)OC(C)(C)C)c1nnc(C)n1-2,46907787,C23H25ClN4O2S,457.0,4.9,97.6,706,0,6,5
T2111,COCCn1c2c([n+](Cc3cnccn3)c1C)C(=O)c1ccccc1C2=O.[Br-],11178236,C20H19BrN4O3,443.3,,78,571,0,6,5
T2112,CSc1ccc(OCc2ncc([N+](=O)[O-])n2C)cc1,68792,C12H13N3O3S,279.32,2.5,98.2,305,0,5,4
T2113,CC(C)CC(=O)Nc1n[nH]c2c1CN(C(=O)C1CCN(C)CC1)C2(C)C,46191454,C19H31N5O2,361.5,1,81.3,542,2,4,4
T2114,CCNC(=O)c1cc2c(-c3cc(OCCN4CCCC4)c(Cl)cc3Cl)nc(N)nc2s1,25210273,C21H23Cl2N5O2S,480.4,4.6,122,614,2,7,7
T2115,FC(F)(F)c1ccc(CNc2ccc(Cc3c[nH]c4ncc(Cl)cc34)cn2)cn1,25151352,C20H15ClF3N5,417.8,4.5,66.5,537,2,7,5
T2116,CCN1CCN(Cc2ccc(-c3cc4c(N[C@H](C)c5ccccc5)ncnc4[nH]3)cc2)CC1,10297043,C27H32N6,440.6,4.6,60.1,579,2,5,7
T2117,C[C@@]1(F)[C@H](O)[C@@H](CO)O[C@H]1n1ccc(=O)[nH]c1=O,11311503,C10H13FN2O5,260.22,-1.1,99.1,415,3,6,2
T2118,NC(=O)c1sc(-c2ccsc2)cc1N,2807869,C9H8N2OS2,224.3,2,126,237,2,4,2
T2119,CC1(C)CCC(CN2CCN(c3ccc(C(=O)NS(=O)(=O)c4ccc(NCC5CCOCC5)c([N+](=O)[O-])c4)c(Oc4cnc5[nH]ccc5c4)c3)CC2)=C(c2ccc(Cl)cc2)C1,49846579,C45H50ClN7O7S,868.4,8.2,183,1640,3,11,12
T2120,COc1cc2c(cc1-c1c(C)noc1C)ncc1[nH]c(=O)n([C@H](C)c3ccccn3)c12,52912189,C23H21N5O3,415.4,2.7,93.4,665,1,6,4
T2121,CCCCS(=O)c1sc2nc(-c3cccs3)cc(-c3ccccc3)c2c1N,3337839,C21H20N2OS3,412.6,5.7,132,514,1,6,6
T2122,CC(C)C[C@H](NC(=O)CNC(=O)c1cc(Cl)ccc1Cl)B(O)O,25183872,C14H19BCl2N2O4,361.0,,98.7,412,4,4,7
T2123,c1ccc(-c2nn3c(c2-c2ccnc4cc(OCCN5CCOCC5)ccc24)CCC3)nc1,11655119,C26H27N5O2,441.5,2.8,65.3,632,0,6,6
T2124,CN(C)CC(=O)Nc1ccc2[nH]c(=O)c3ccccc3c2c1.Cl,16760621,C17H18ClN3O2,331.8,,61.4,438,3,3,3
T2125,CC(=O)Nc1cccc(-n2c(=O)n(C3CC3)c(=O)c3c(Nc4ccc(I)cc4F)n(C)c(=O)c(C)c32)c1,11707110,C26H23FIN5O4,615.4,3.4,102,1090,2,6,5
T2127,COc1cc2c(cc1NS(=O)(=O)c1ccc(Br)cc1C)n(C)c(=O)n2C,35397514,C17H18BrN3O4S,440.3,2.5,87.3,640,1,5,4
T2128,CNC(=O)c1ccccc1Oc1nc(Nc2cc(OC)c(OC)c(OC)c2)ncc1Br,92044402,C21H21BrN4O5,489.3,3.8,104,560,2,8,8
T2129,CCCOc1ccccc1-c1nc(=O)c2[nH]nnc2[nH]1,135399235,C13H13N5O2,271.27,1.6,92.3,400,2,5,4
T2130,CC[N+](C)(CC)CCC[n+]1c(-c2ccccc2)c2cc(N)ccc2c2ccc(N)cc21.[I-].[I-],104981,C27H34I2N4,668.4,,55.9,555,2,4,7
T2131,CCCNC(C)C(=O)Nc1c(C)csc1C(=O)OC.Cl,32169,C13H21ClN2O3S,320.84,,95.7,325,3,5,7
T2132,Cl.O=C1CC2(CCCC2)CC(=O)N1CCCCN1CCN(c2ncccn2)CC1,36431,C21H32ClN5O2,422.0,,69.6,529,1,6,6
T2133,Nc1ncnc2c1ncn2[C@@H]1O[C@H](COP(=O)(O)O)[C@@H](O)[C@H]1O,6083,C10H14N5O7P,347.22,-3.5,186,481,5,11,4
T2134,CCN[C@H]1C[C@H](C)S(=O)(=O)c2sc(S(N)(=O)=O)cc21.Cl,6918132,C10H17ClN2O4S3,360.9,,151,534,3,7,3
T2136,O=C(O)C1=CO[C@@H](O[C@@H]2O[C@H](CO)[C@@H](O)[C@H](O)[C@H]2O)[C@@H]2C(CO)=CC[C@H]12,443354,C16H22O10,374.34,-2.7,166,602,6,10,5
T2137,CC(C)C(=O)c1c(C(C)C)nn2ccccc12,3671,C14H18N2O,230.31,3,34.4,288,0,2,3
T2138,CN1CCCN=C1COC(=O)C(O)(c1ccccc1)C1CCCCC1.Cl,66061,C20H29ClN2O3,380.9,,62.1,481,2,4,6
T2141,CNC1(C)C2CCC(C2)C1(C)C.Cl,13221,C11H22ClN,203.75,,12,197,2,1,1
T2142,COC(=O)[C@@H]1[C@H]2C[C@H]3c4[nH]c5ccccc5c4CCN3C[C@@H]2CC[C@@H]1O.Cl,6169,C21H27ClN2O3,390.9,,65.6,555,3,4,2
T2143,COc1c2ccoc2cc2oc(=O)ccc12,2355,C12H8O4,216.19,2.3,48.7,325,0,4,1
T2146,C[C@]12CC[C@@H]3c4ccc(O)cc4C[C@@H](CCCCCCCCCS(=O)CCCC(F)(F)C(F)(F)F)[C@H]3[C@@H]1CC[C@@H]2O,104741,C32H47F5O3S,606.8,9.2,76.7,854,2,9,14
T2148,C[C@@](Cc1ccc(O)c(O)c1)(NN)C(=O)O.O,38101,C10H16N2O5,244.24,,117,261,6,7,4
T2149,CC[C@]12CCCN3CCc4c(n(c5ccccc45)C(=O)C1)[C@@H]32,71203,C19H22N2O,294.4,3,25.2,492,0,2,1
T2150,Cl.N=C(N)NC(=O)Cc1c(Cl)cccc1Cl,71401,C9H10Cl3N3O,282.5,,81.5,256,3,1,2
T2151,COC(N)=O,11722,C2H5NO2,75.07,-0.7,52.3,42,1,2,1
T2152,CCCCOC(=O)OCCCC,68333,C9H18O3,174.24,3,35.5,100,0,3,8
T2153,CC(C)(C)n1nc(Cc2cccc3ccccc23)c2c(N)ncnc21,5154691,C20H21N5,331.4,3.9,69.6,461,1,4,3
T2154,CC(C)C[C@H](NC(=O)[C@@H](CC(C)C)NC(=O)OCc1ccccc1)C(=O)N[C@@H](C=O)CC(C)C,45104083,C26H41N3O5,475.6,4.8,114,644,3,5,15
T2155,O=C(NCc1ccccc1)c1csc(Nc2ccncn2)n1,46209426,C15H13N5OS,311.4,2.5,108,364,2,6,5
T2157,CN(C)c1ccc(C(=O)NCCCCCCC(=O)NO)cc1,3994,C16H25N3O3,307.39,1.7,81.7,340,3,4,9
T2158,COc1ccc(C2=NC(c3ccc(Cl)cc3)C(c3ccc(Cl)cc3)N2C(=O)N2CCNC(=O)C2)c(OC(C)C)c1,216345,C30H30Cl2N4O4,581.5,5.2,83.5,919,1,5,6
T2159,Nc1c(S(=O)(=O)O)cc(S(=O)(=O)[O-])c2cccc(O)c12.[Na+],60161115,C10H8NNaO7S2,341.3,,175,567,3,8,2
T2160,Cc1ccc(C(=O)Nc2ccc(S(=O)(=O)[O-])c3cc(S(=O)(=O)[O-])cc(S(=O)(=O)[O-])c23)cc1NC(=O)c1cccc(NC(=O)Nc2cccc(C(=O)Nc3cc(C(=O)Nc4ccc(S(=O)(=O)[O-])c5cc(S(=O)(=O)[O-])cc(S(=O)(=O)[O-])c45)ccc3C)c2)c1.[Na+].[Na+].[Na+].[Na+].[Na+].[Na+],8514,C51H34N6Na6O23S6,1429.2,,551,2940,6,23,10
T2161,COc1ccc(Nc2nccc(NCCO)n2)cc1,11345983,C13H16N4O2,260.29,1.7,79.3,247,3,6,6
T2162,CC(C)Nc1nc2cc(Cl)c(Cl)cc2n1[C@H]1O[C@@H](CO)[C@H](O)[C@@H]1O,471161,C15H19Cl2N3O4,376.2,2.2,99.8,447,4,6,4
T2163,COc1cc(CNC(=O)CCCCCCC(C)C)ccc1O,107982,C18H29NO3,307.4,4.4,58.6,307,2,3,10
T2164,CN(C)CC(O)Cn1c2ccc(Br)cc2c2cc(Br)ccc21,2775510,C17H18Br2N2O,426.1,4.1,28.4,356,1,2,4
T2166,Nc1cccc(-c2cc3c(Oc4cccc(O)c4)ncnc3[nH]2)c1,9549289,C18H14N4O2,318.3,3.2,97.1,424,3,5,3
T2167,O=C(O)c1ccnc(C(=O)O)c1,10365,C7H5NO4,167.12,0.2,87.5,204,2,5,2
T2168,Oc1ccccc1-c1ccc2cccnc2n1,2761113,C14H10N2O,222.24,2.8,46,259,1,3,1
T2169,O=c1ncccn1[C@@H]1O[C@H](CO)[C@@H](O)[C@H]1O,100016,C9H12N2O5,228.20,-1.5,103,343,3,5,2
T2170,COc1ccc(CCCOC(Cn2ccnc2)c2ccc(OC)cc2)cc1.Cl,104955,C22H27ClN2O3,402.9,,45.5,393,1,4,10
T2171,FC(F)(F)c1cccc(-c2noc(-c3cc(-c4ccccc4)c(C(F)(F)F)s3)n2)c1,4077460,C20H10F6N2OS,440.4,6.6,67.2,583,0,10,3
T2172,Nc1ncnc2c1ncn2C1CCCO1,5270,C9H11N5O,205.22,0.4,78.9,239,1,5,1
T2174,O=c1c(O)c(-c2ccc(O)c(O)c2)oc2cc(O)cc(O)c12,5280343,C15H10O7,302.23,1.5,127,488,5,7,1
T2175,O=c1cc(-c2ccc(O)cc2)oc2cc(O)cc(O)c12,5280443,C15H10O5,270.24,1.7,87,410,3,5,1
T2176,CC(=O)C(C)=NO,6398969,C4H7NO2,101.10,0.4,49.7,106,1,3,1
T2177,O=c1c(O)c(-c2ccc(O)cc2)oc2cc(O)cc(O)c12,5280863,C15H10O6,286.24,1.9,107,451,4,6,1
T2178,O=C([O-])c1ccccc1-c1c2cc(Br)c(=O)c(Br)c-2oc2c(Br)c([O-])c(Br)cc12.[Na+].[Na+],11048,C20H6Br4Na2O5,691.9,,89.5,796,0,5,1
T2179,CC(C)[C@]12O[C@H]1[C@@H]1O[C@]13[C@]1(O[C@H]1C[C@H]1C4=C(CC[C@@]13C)C(=O)OC4)[C@@H]2O,107985,C20H24O6,360.4,0.2,84.1,819,1,6,1
T2180,C[C@H]1[C@H](c2ccc(Cl)cc2)SC(=O)N1C(=O)NC1CCCCC1,13218777,C17H21ClN2O2S,352.9,4.5,74.7,448,1,3,2
T2183,CCCC[N+]1(C)[C@@H]2C[C@@H](OC(=O)[C@H](CO)c3ccccc3)C[C@H]1[C@@H]1O[C@@H]12.[Br-],6852391,C21H30BrNO4,440.4,,59.1,500,1,5,8
T2184,Nc1ccc(S(=O)(=O)Nc2ccc(Cl)nn2)cc1,6634,C10H9ClN4O2S,284.72,1,106,365,2,6,3
T2184L,Cc1cc(C)nc([N-]S(=O)(=O)c2ccc(N)cc2)n1.[Na+],13456556,C12H13N4NaO2S,300.31,,95.3,383,1,6,3
T2185,O=C1O[C@H]([C@@H](O)CO)C([O-])=C1OP(=O)([O-])[O-].[Na+].[Na+].[Na+],10990876,C6H6Na3O9P,322.05,,162,357,2,9,3
T2186,FC(F)(F)COB(OCC(F)(F)F)OCC(F)(F)F,3599767,C6H6BF9O3,307.91,,27.7,217,0,12,6
T2187,Nc1ccccc1S(N)(=O)=O,72894,C6H8N2O2S,172.21,0.2,94.6,219,2,4,1
T2188,CCCCCCCCCCCCCCCC[N+](C)(C)CCN(Cc1ccc(OC)cc1)c1ncccn1.[Br-],11102,C32H55BrN4O,591.7,,38.3,515,0,5,22
T2190,CS(=O)(=O)O.CSc1ccc2c(c1)C(N1CCN(C)CC1)Cc1ccccc1S2,3039995,C21H28N2O3S3,452.7,,120,503,1,7,2
T2192,c1ccc2[nH]ncc2c1,9221,C7H6N2,118.14,1.8,28.7,103,1,1,0
T2193,Clc1cnccn1,73277,C4H3ClN2,114.53,0.7,25.8,57,0,2,0
T2197,CC(=O)O[C@@]12CO[C@@H]1C[C@H](O)[C@@]1(C)C(=O)[C@H](O)C3=C(C)[C@@H](O)C[C@@](O)([C@@H](OC(=O)c4ccccc4)[C@H]21)C3(C)C,154272,C29H36O10,544.6,0.6,160,1090,4,10,5
T2198,Br.COC(=O)C1=CCCN(C)C1,9301,C8H14BrNO2,236.11,,29.5,187,1,3,2
T2200,Cl.Cl.OCCOCCN1CCN(C(c2ccccc2)c2ccc(Cl)cc2)CC1,91513,C21H29Cl3N2O2,447.8,,35.9,376,3,4,8
T2201,O.S=c1nc[nH]c2nc[nH]c12,2724350,C5H6N4OS,170.20,,86.2,190,3,3,0
T2202,C[C@H](CCC(=O)O)[C@H]1CC[C@H]2[C@@H]3CC[C@@H]4C[C@H](O)CC[C@]4(C)[C@H]3CC[C@]12C,9903,C24H40O3,376.6,6.3,57.5,574,2,3,4
T2203,C[N+](C)(C)C[C@@H](O)CC(=O)O.[Cl-],160906,C7H16ClNO3,197.66,,57.5,139,2,4,4
T2204,COc1ccc(Cc2cnc(N)nc2N)cc1OC,21453,C13H16N4O2,260.29,1,96.3,279,2,6,4
T2205,Cn1c(=O)c2c(ncn2CC(=O)O)n(C)c1=O,69550,C9H10N4O4,238.20,-0.8,95.7,385,1,5,2
T2206,CC(O)CN(CCN(CC(C)O)CC(C)O)CC(C)O,7615,C14H32N2O4,292.41,-0.7,87.4,199,4,6,11
T2207,CC12CC(=O)C3C(CCC4=CC(=O)CCC43C)C1CCC2=O,9791,C19H24O3,300.4,1.6,51.2,616,0,3,0
T2208,CCC(C)C(N)C1=NCC(C(=O)N[C@@H](CC(C)C)C(=O)N[C@H](CCC(=O)[O-])C(=O)N[C@H](C(=O)N[C@H]2CCCCNC(=O)[C@H](CC(N)=O)NC(=O)[C@@H](CC(=O)[O-])NC(=O)[C@H](Cc3cnc[nH]3)NC(=O)[C@@H](Cc3ccccc3)NC(=O)[C@H]([C@@H](C)CC)NC(=O)[C@@H](CCCN)NC2=O)[C@@H](C)CC)S1.[Zn+2],57402735,C66H101N17O16SZn,1486.1,,562,2840,15,21,29
T2209,Cl.NCCc1c[nH]c2ccc(O)cc12,160436,C10H13ClN2O,212.67,,62,174,4,2,2
T2210,COC(=O)C1=CO[C@@H](O)[C@@H]2C(CO)=CC[C@H]12,442424,C11H14O5,226.23,-0.7,76,357,2,5,3
T2211,CN[C@@H]1[C@H](O[C@H]2[C@H](O[C@H]3[C@H](O)[C@@H](O)[C@H](NC(=N)N)[C@@H](O)[C@@H]3NC(=N)N)O[C@@H](C)[C@]2(O)CO)O[C@@H](CO)[C@H](O)[C@H]1O.CN[C@@H]1[C@H](O[C@H]2[C@H](O[C@H]3[C@H](O)[C@@H](O)[C@H](NC(=N)N)[C@@H](O)[C@@H]3NC(=N)N)O[C@@H](C)[C@]2(O)CO)O[C@@H](CO)[C@H](O)[C@H]1O.O=S(=O)(O)O.O=S(=O)(O)O.O=S(=O)(O)O,176516968,C42H88N14O36S3,1461.4,,923,983,34,42,20
T2212,COC(=O)C1=CO[C@@H](O[C@@H]2O[C@H](CO)[C@@H](O)[C@H](O)[C@H]2O)[C@@H]2C(CO)=CC[C@H]12,107848,C17H24O10,388.4,-2.3,155,617,5,10,6
T2213,CC(C)N1CCN(c2ccc(OC[C@H]3CO[C@](Cn4cncn4)(c4ccc(Cl)cc4Cl)O3)cc2)CC1,441383,C26H31Cl2N5O3,532.5,4.8,64.9,692,0,7,8
T2215,COc1cc(C=CC(=O)O)ccc1O,709,C10H10O4,194.18,1.5,66.8,224,2,4,3
T2218,Nc1nc2nn[nH]c2c(=O)[nH]1,135403646,C4H4N6O,152.11,-1.5,109,225,3,4,0
T2219,COc1ccc(C[C@H](N)C(=O)N[C@H]2[C@@H](O)[C@H](n3cnc4c(N(C)C)ncnc43)O[C@@H]2CO)cc1.Cl.Cl,443311,C22H31Cl2N7O5,544.4,,161,680,6,10,8
T2220,COc1cc2c(cc1O)CC[C@@H]1[C@@H]2CC[C@]2(C)[C@@H](O)CC[C@@H]12,66414,C19H26O3,302.4,4,49.7,425,2,3,1
T2221,O=c1ccn([C@@H]2O[C@H](CO)[C@@H](O)[C@H]2O)c(=O)[nH]1,6029,C9H12N2O6,244.20,-2,119,370,4,6,2
T2223,c1coc(CNc2ncnc3nc[nH]c23)c1,3830,C10H9N5O,215.21,1,79.6,239,2,5,3
T2225,Cc1c(O)c(=O)n(-c2ccccc2)n1C,98889,C11H12N2O2,204.22,0.5,43.8,306,1,3,1
T2226,CCCN1C[C@H](CSC)C[C@@H]2c3cccc4[nH]cc(c34)C[C@H]21.CS(=O)(=O)O,47812,C20H30N2O3S2,410.6,,107,480,2,5,4
T2227,C[N+]1(C)CCOC(O)(c2ccc(-c3ccc(C4(O)C[N+](C)(C)CCO4)cc3)cc2)C1.[Br-].[Br-],9399,C24H34Br2N2O4,574.3,,58.9,544,2,6,3
T2228,O=C(O)CCCCC(=O)O,196,C6H10O4,146.14,0.1,74.6,114,2,4,5
T2229,Cl.Cl.Cl.Cl.Cl.NCCNCCNCCNCCN,10309252,C8H28Cl5N5,371.6,,88.1,78,10,5,10
T2230,C[C@@]12C[C@@]3(O)O[C@@H](O1)[C@]1(COC(=O)c4ccccc4)[C@H]3C[C@@]12O[C@@H]1O[C@H](CO)[C@@H](O)[C@H](O)[C@H]1O,442534,C23H28O11,480.5,-1,164,849,5,11,7
T2231,CCC(=O)Oc1ccc2c(c1)CC[C@@H]1[C@@H]2CC[C@]2(C)[C@@H](OC(=O)CC)CC[C@@H]12,8225,C24H32O4,384.5,4.3,52.6,601,0,4,6
T2232,CN1CCN(C(=O)c2cc3cc(Cl)ccc3[nH]2)CC1,4908365,C14H16ClN3O,277.75,2.3,39.3,344,1,2,1
T2237,O=C1[C@H](Cc2ccc(O)cc2)N2C(=O)CCN(C(=O)NCc3ccccc3)[C@H]2CN1Cc1cccc2ccccc12,11238147,C33H32N4O4,548.6,4.1,93.2,930,2,4,6
T2238,CC(C)c1ccc(C(=O)NC(=N)N)cc1S(C)(=O)=O,151172,C12H17N3O3S,283.35,1.2,124,461,2,3,3
T2239,Cc1nnc(C(=O)NC(C)(C)c2nc(C(=O)NCc3ccc(F)cc3)c([O-])c(=O)n2C)o1.[K+],23668479,C20H20FKN6O5,482.5,,153,843,2,9,6
T2239L,Cc1nnc(C(=O)NC(C)(C)c2nc(C(=O)NCc3ccc(F)cc3)c(O)c(=O)n2C)o1,54671008,C20H21FN6O5,444.4,1.1,150,836,3,9,6
T2240,O=C(Nc1cccnc1)c1cc(-c2ccnc(F)c2)ccc1OCc1ccccc1,68107965,C24H18FN3O2,399.4,4.1,64.1,543,1,5,6
T2241,COc1cc(Nc2ncc3c(n2)-c2ccc(Cl)cc2C(c2c(F)cccc2OC)=NC3)ccc1C(=O)O,24771867,C27H20ClFN4O4,518.9,5,106,836,2,9,6
T2242,Cc1cc(-c2ccc(CC(=O)Nc3ccc(-c4cccnc4)cc3)cc2)ccn1,57519544,C25H21N3O,379.5,4.2,54.9,508,1,3,5
T2243,c1ccc2c(CCNc3ccc(Nc4ccncc4)cc3)c[nH]c2c1,11609586,C21H20N4,328.4,4.6,52.7,387,3,3,6
T2246,COc1cc(C(=O)N2CCC(N3CCN(C)CC3)CC2)ccc1Nc1ncc2c(n1)N(C)c1ccccc1C(=O)N2C,46843906,C31H38N8O3,570.7,3,97.4,939,1,9,5
T2247,O=C1Cc2c([nH]c3ccc(Br)cc23)-c2ccccc2N1,3820,C16H11BrN2O,327.17,3.3,44.9,402,2,1,0
T2249,O=C(O)c1cc(C(F)(F)F)ccc1N1CC[C@H](OCc2ccccn2)C1,72736173,C18H17F3N2O3,366.3,3,62.7,489,1,8,5
T2251,COc1cc(N2CCC(N3CCN(C)CC3)CC2)ccc1Nc1ncc(Cl)c(Nc2ccccc2S(=O)(=O)C(C)C)n1,16038120,C30H40ClN7O3S,614.2,5.7,111,940,2,10,9
T2252,O=C(c1cncc(Br)c1)N1CCC(N2CCCC2)CC1,46931242,C15H20BrN3O,338.24,2.1,36.4,338,0,3,2
T2254,Cc1ccc(Sc2cncc3sc(C(N)=O)cc23)cc1,9839311,C15H12N2OS2,300.4,3.5,110,358,1,4,3
T2255,Cc1ccc(C(=O)N(CCCN)[C@@H](c2oc3cc(Cl)ccc3c(=O)c2Cc2ccccc2)C(C)C)cc1.Cl,49867937,C31H34Cl2N2O3,553.5,,72.6,813,2,4,9
T2256,CC(C)=CC(=O)CCC(=O)N1CCN(Cc2cc3nc(-c4cccc5[nH]ncc45)nc(N4CCOCC4)c3s2)CC1,58441401,C30H35N7O3S,573.7,2.9,136,950,1,9,8
T2257,O=C(COc1ccc(C(=O)c2ccccc2)cc1)NC1CCN(Cc2ccccc2)CC1,16307093,C27H28N2O3,428.5,4.7,58.6,582,1,4,8
T2258,CCNC(=O)c1noc(-c2cc(Cl)c(O)cc2O)c1-c1ccc(OC)cc1,135446210,C19H17ClN2O5,388.8,3.5,105,502,3,6,5
T2259,O=C(O)c1ccc2c(c1)nc(Nc1cccc(Cl)c1)c1ccncc12,24748573,C19H12ClN3O2,349.8,4.4,75.1,491,2,5,3
T2260,O=C(Nc1ccccc1)c1cc([N+](=O)[O-])ccc1Cl,644213,C13H9ClN2O3,276.67,3.3,74.9,339,1,3,2
T2261,Cc1[nH]c2ccccc2c1C1=C(NCCc2ccc(F)cc2)C(=O)N(C)C1=O,25209788,C22H20FN3O2,377.4,3.9,65.2,656,2,4,5
T2262,O=C(O)C1(c2ccc(-c3ccc(Cl)c(Cl)c3)c(F)c2)CC1,9996409,C16H11Cl2FO2,325.2,4.7,37.3,413,1,3,3
T2263,CC(C)(CO)c1cc2cc(NC(=O)C3(c4ccc5c(c4)OC(F)(F)O5)CC3)c(F)cc2n1C[C@@H](O)CO,46199646,C26H27F3N2O6,520.5,2.9,113,858,4,9,8
T2264,Cc1c(C(=O)NN2CCOCC2)nn(-c2ccc(Cl)cc2Cl)c1-c1ccc(I)cc1,4302962,C21H19Cl2IN4O2,557.2,5.3,59.4,589,1,4,4
T2265,Nc1cc(C(F)(F)F)c(-c2nc(N3CCOCC3)nc(N3CCOCC3)n2)cn1,58507717,C17H20F3N7O2,411.4,1.3,103,506,1,12,3
T2266,CCOC(=O)NCCCC(=O)NCCc1ccccc1,72946782,C15H22N2O3,278.35,1.9,67.4,289,2,3,9
T2269,Cc1cccc(Nc2cc(Cl)nc(SCC(=O)O)n2)c1C,5694,C14H14ClN3O2S,323.8,4.2,100,361,2,6,5
T2271,COc1ccc(CCNCc2ccc(OCc3ccc(Cl)nc3)c(OC)c2)cc1OC.Cl,11948807,C24H28Cl2N2O4,479.4,,61.8,500,2,6,11
T2272,CN1CCN(c2ccc(C(=O)Nc3cc(-c4cccc(NS(=O)(=O)c5ccccc5)c4)[nH]n3)cc2)CC1,56673651,C27H28N6O3S,516.6,3.5,119,845,3,7,7
T2273,CCOC(=O)C1=C(C)NC2=C(C(=O)CC(C)(C)C2)C1c1ccc(-c2ccccc2)cc1,44135961,C27H29NO3,415.5,5.3,55.4,776,1,4,5
T2275,COc1ccc(C(=O)CC2(O)C(=O)Nc3c(Cl)ccc(Cl)c32)cc1,44632017,C17H13Cl2NO4,366.2,3.1,75.6,509,2,4,4
T2276,O=C1C(Cl)=C(N2CCOCC2)C(=O)N1c1ccc(Cl)c(Cl)c1,1074953,C14H11Cl3N2O3,361.6,3.1,49.9,519,0,4,2
T2277,Cc1c(F)cc(C(=O)NC2CC2)cc1-c1ccc(C(=O)NCC(C)(C)C)cn1,11552706,C22H26FN3O2,383.5,3.8,71.1,573,2,4,6
T2278,CCCCN1CCC(CNC(=O)c2c3n(c4ccccc24)CCCO3)CC1,177336,C22H31N3O2,369.5,3.7,46.5,492,1,3,6
T2279,O=C(Nc1ncc([N+](=O)[O-])s1)c1ccccc1O,394397,C10H7N3O4S,265.25,3.2,136,336,2,6,2
T2281,CONC(=O)c1ccccc1Nc1cc(Nc2cc(C)nn2C(C)C)ncc1Cl,46214930,C20H23ClN6O2,414.9,4.5,93.1,539,3,6,7
T2283,CCC(C)SSc1ncc[nH]1,219104,C7H12N2S2,188.3,2.3,79.3,111,1,3,4
T2285,Cl.O=C(N[C@H]1CN2CCC1CC2)c1cc2cccc(Cl)c2s1,46208542,C16H18Cl2N2OS,357.3,,60.6,413,2,3,2
T2286,COc1c(C)cnc(Cn2cnc3c(Cl)nc(N)nc32)c1C,16736529,C14H15ClN6O,318.76,1.9,91.7,388,1,6,3
T2288,CC1(C)CNc2cc(NC(=O)c3cccnc3NCc3ccncc3)ccc21,11667893,C22H23N5O,373.5,3.9,78.9,533,3,5,5
T2288L,CC1(C)CNc2cc(NC(=O)c3cccnc3NCc3ccncc3)ccc21.O=P(O)(O)O.O=P(O)(O)O,16097729,C22H29N5O9P2,569.4,,234,583,9,13,5
T2290,O=Cc1ccc2cccc(O)c2n1,599342,C10H7NO2,173.17,1.6,50.2,195,1,3,1
T2291,O=c1ccc2cccc(O)c2[nH]1,97250,C9H7NO2,161.16,1,49.3,225,2,2,0
T2292,CCn1cc(NC(=S)Nc2cc(Cl)ccc2OC)c(C(N)=O)n1,2208391,C14H16ClN5O2S,353.8,2.1,126,441,3,4,5
T2293,Cn1cc(-c2ccc3nnc(Sc4ccc5ncccc5c4)n3n2)cn1,24779724,C18H13N7S,359.4,2.4,99.1,494,0,6,3
T2294,Nc1ccccc1NC(=O)c1cnccn1,16773791,C11H10N4O,214.22,0.3,80.9,246,2,4,2
T2297,Cc1ccccc1-n1c(Cn2nc(-c3cccc(O)c3)c3c(N)ncnc32)nc2cccc(C)c2c1=O,24905149,C28H23N7O2,489.5,4.2,123,869,2,7,4
T2298,Cc1cc(N2CCCCC2)nc2ccccc12,230710,C15H18N2,226.32,3.9,16.1,247,0,2,1
T2299,CNCc1ccc(C)c(NC(=O)c2ccc(Nc3nc(-c4ccccc4)c4ccccc4n3)cc2)c1,57662985,C30H27N5O,473.6,5.7,78.9,689,3,5,7
T2301,Oc1ccc(-c2nc(-c3ccncc3)c(-c3ccc(F)cc3)[nH]2)cc1,5169,C20H14FN3O,331.3,3.7,61.8,415,2,4,3
T2302,C=CC(=O)Nc1cccc(Nc2nc(Nc3ccc(Oc4ccnc(C(=O)NC)c4)cc3)ncc2F)c1,59174579,C26H22FN7O3,499.5,3.9,130,766,4,9,9
T2306,O=c1ccc2ccc(OCCCCN3CCN(c4cccc5sccc45)CC3)cc2[nH]1,11978813,C25H27N3O2S,433.6,4.7,73.1,636,1,5,7
T2308,CCOC(=O)c1cnc2ccc(-c3cncc(NS(=O)(=O)c4ccccc4)c3)cn12,52936849,C21H18N4O4S,422.5,3.4,111,692,1,7,7
T2309,CC(C)c1cc(-c2n[nH]c(=O)n2-c2ccc3c(ccn3C)c2)c(O)cc1O,135564985,C20H20N4O3,364.4,3.1,90.1,610,3,4,3
T2311,CCOc1cn(-c2ccc(F)cc2C)nc1C(=O)Nc1ccc(Oc2ccnc3cc(OC)c(OC)cc23)c(F)c1,56847486,C30H26F2N4O5,560.5,5.7,96.7,860,1,9,9
T2312,CCCCCN(CCCOC)C(=O)C(CCC(=O)O)NC(=O)c1ccc(Cl)c(Cl)c1,60182,C21H30Cl2N2O5,461.4,3.9,95.9,549,2,5,14
T2313,Cc1cc(N2CCOCC2)ccc1Nc1nc(NC2CCCCC2)c2nc[nH]c2n1,46909588,C22H29N7O,407.5,4.2,91,540,3,7,5
T2314,CN(c1ccccc1CNc1nc(Nc2ccc3c(c2)CC(=O)N3)ncc1C(F)(F)F)S(C)(=O)=O,11598628,C22H21F3N6O3S,506.5,2.8,125,854,3,11,7
T2315,Cl.Cl.c1ccc([C@@H]2C[C@H]2NC2CCNCC2)cc1,91663353,C14H22Cl2N2,289.2,,24.1,217,4,2,3
T2316,CS(=O)(=O)n1cc2c(n1)CN([C@H]1CO[C@H](c3cc(F)ccc3F)[C@@H](N)C1)C2,46209133,C17H20F2N4O3S,398.4,0.3,98.8,649,1,8,3
T2317,CN(C)CCc1c[nH]c2ccc(CS(=O)(=O)N3CCCC3)cc12.O=C(O)CC(O)C(=O)O,123607,C21H31N3O7S,469.6,,160,611,4,9,9
T2318,CCCCC(=O)N(Cc1ccc(-c2ccccc2-c2nnn[n-]2)cc1)[C@H](C(=O)[O-])C(C)C.CCOC(=O)[C@H](C)C[C@@H](Cc1ccc(-c2ccccc2)cc1)NC(=O)CCC(=O)[O-].O.O.[Na+].[Na+].[Na+],171344547,C48H59N6Na3O10,949.0,,198,1140,3,14,20
T2319,COc1cc(O)c(C(=O)Nc2nc(C(=O)NCCN(C(C)C)C(C)C)cs2)cc1OC.Cl.O.O.O,6918406,C21H37ClN4O8S,541.1,,144,586,7,11,10
T2320,CCc1cc2c(cc1CC)CC(NC[C@H](O)c1ccc(O)c3[nH]c(=O)ccc13)C2,6918554,C24H28N2O3,392.5,3.3,81.6,589,4,4,6
T2321,C[C@H](CC[C@@]1(O)O[C@H]2C[C@H]3[C@@H]4CC=C5C[C@@H](O[C@@H]6O[C@H](CO)[C@@H](O[C@@H]7O[C@@H](C)[C@H](O)[C@@H](O)[C@H]7O)[C@H](O)[C@H]6O[C@@H]6O[C@@H](C)[C@H](O)[C@@H](O)[C@H]6O)CC[C@]5(C)[C@H]4CC[C@]3(C)[C@H]2[C@@H]1C)CO[C@@H]1O[C@H](CO)[C@@H](O)[C@H](O)[C@H]1O,441891,C51H84O22,1049.2,-1.3,346,1900,13,22,14
T2322,CCCCc1nc(C)c(CC(=S)N(C)C)c(=O)n1Cc1ccc(-c2ccccc2-c2nn[nH]n2)cc1,9870652,C27H31N7OS,501.6,3.5,122,849,1,6,9
T2323,CC1=C(C(=O)OCCN(Cc2ccccc2)c2ccccc2)C(c2cccc([N+](=O)[O-])c2)C(P2(=O)OCC(C)(C)CO2)=C(C)N1,119171,C34H38N3O7P,631.7,5.9,123,1170,1,9,10
T2324,CC(C)CN(C[C@@H](O)[C@H](Cc1ccccc1)NC(=O)O[C@H]1CO[C@H]2OCC[C@H]21)S(=O)(=O)c1ccc(N)cc1,213039,C27H37N3O7S,547.7,2.9,149,853,3,9,12
T2326,Cc1ccccc1C(=O)Nc1ccc(C(=O)N2CCCC(O)c3cc(Cl)ccc32)c(C)c1,216237,C26H25ClN2O3,448.9,4.8,69.6,673,2,3,3
T2328,Cc1cn(-c2cc(NC(=O)c3ccc(C)c(Nc4nccc(-c5cnccn5)n4)c3)cc(C(F)(F)F)c2)cn1,16063245,C27H21F3N8O,530.5,3.9,111,818,2,10,6
T2329,C[C@@H]1CCO[C@H]2Cn3cc(C(=O)NCc4ccc(F)cc4F)c(=O)c([O-])c3C(=O)N12.[Na+],46216142,C20H18F2N3NaO5,441.4,,102,836,1,8,3
T2331,CC[C@H]1OC(=O)[C@@](C)(F)C(=O)[C@H](C)[C@@H](O[C@@H]2O[C@H](C)C[C@H](N(C)C)[C@H]2O)[C@](C)(OC)C[C@@H](C)C(=O)[C@H](C)[C@H]2N(CCCCn3cc(-c4cccc(N)c4)nn3)C(=O)O[C@]12C,25242512,C43H65FN6O10,845.0,4.3,198,1530,2,15,11
T2332,COc1cc2c(cc1Cc1cccc(Cl)c1F)c(=O)c(C(=O)O)cn2[C@H](CO)C(C)C,5277135,C23H23ClFNO5,447.9,5.3,87.1,701,2,7,7
T2333,C=C1CCN([C@H](C)C(O)(Cn2cncn2)c2ccc(F)cc2F)CC1,112500563,C18H22F2N4O,348.4,2,54.2,470,1,6,5
T2334,COc1ccc(CNc2nc(N3CCC[C@H]3CO)ncc2C(=O)NCc2ncccn2)cc1Cl,9869929,C23H26ClN7O3,483.9,2.6,125,642,3,9,9
T2335,CC(C)(C)c1ccc(C(=O)CCCN2CCC(OC(c3ccccc3)c3ccccc3)CC2)cc1,3191,C32H39NO2,469.7,7.2,29.5,594,0,3,10
T2337,COc1ccc(-c2ccccc2)cc1NS(=O)(=O)c1cc(Cl)cc(Cl)c1O,16747776,C19H15Cl2NO4S,424.3,5.5,84,579,2,5,5
T2338,O=C(Oc1ccc([N+](=O)[O-])cc1)N1CCN(Cc2cccc(Oc3ccccc3)c2)CC1,46232606,C24H23N3O5,433.5,4.3,87.8,605,0,6,6
T2342,NC(=O)[C@@H]1CC[C@H](c2ccc(OCc3ccccc3F)cc2)N1,16046068,C18H19FN2O2,314.4,2.4,64.4,398,2,4,5
T2345,COc1cc(Br)c(Nc2nc(-c3c(C)nc4ncccn34)cs2)c(Br)c1,1117196,C17H13Br2N5OS,495.2,5.5,92.6,480,1,6,4
T2346,CC(C)(O)CNc1nc(Nc2ccnc(C(F)(F)F)c2)nc(-c2cccc(C(F)(F)F)n2)n1,89683805,C19H17F6N7O,473.4,3.5,109,635,3,14,6
T2347,C=CC(=O)Nc1cccc(C)c1Nc1ncc2cc(-c3c(Cl)c(OC)cc(OC)c3Cl)ccc2n1,72710839,C26H22Cl2N4O3,509.4,6.4,85.4,715,2,6,7
T2348,CNc1nc(-c2ccc3c(N)n[nH]c3c2)cc(N2C[C@@H](C(=O)NC3CCCCC3)CC[C@H]2C)n1,46215815,C25H34N8O,462.6,3.9,125,688,4,7,5
T2349,C[C@@]1(C(=O)Nc2ccc(F)nc2)CCCN1c1nc(Nc2cc(C3CC3)[nH]n2)c2cccn2n1,24785538,C23H24FN9O,461.5,2.9,116,756,3,8,6
T2350,COCCOc1nc(-c2ccc(Cl)c(Cl)c2)n(-c2ccc(NC(=O)CCl)cc2)n1,45942672,C19H17Cl3N4O3,455.7,4.5,78.3,525,1,5,8
T2351,Cc1cc(OCCCS(C)(=O)=O)cc(C)c1-c1cccc(COc2ccc3c(c2)OC[C@H]3CC(=O)O)c1,24857286,C29H32O7S,524.6,4.7,108,828,1,7,11
T2352,O=C(Nc1ccc2c(O)cc(S(=O)(=O)[O-])cc2c1)Nc1ccc2c(O)cc(S(=O)(=O)[O-])cc2c1.[Na+].[Na+],88489,C21H14N2Na2O9S2,548.5,,213,859,4,9,2
T2353,CC1(C)C(C(=O)Nc2ccc(S(=O)(=O)c3ccc(NC(=O)C4C(C)(C)C4(C)C)cc3)cc2)C1(C)C,981129,C28H36N2O4S,496.7,5.3,101,859,2,4,6
T2354,COc1cc2c(NC3CCN(CC4CCCCC4)CC3)nc(N3CCCN(C(C)C)CC3)nc2cc1OCCCN1CCCCC1,53315868,C37H61N7O2,635.9,7.4,69.2,861,1,9,12
T2359,O=C(Nc1ccccc1C(=O)NC1CCCCNC1=O)c1cc2ccccc2s1,2799722,C22H21N3O3S,407.5,4.2,116,628,3,4,4
T2363,CC(C)(C)c1ccc(S(=O)(=O)NCc2ccc(C(=O)Nc3cccnc3)cc2)cc1,984333,C23H25N3O3S,423.5,3.8,96.5,652,2,5,7
T2364,Cc1cc(Nc2ncnc3ccc(NC4=NC(C)(C)CO4)cc23)ccc1Oc1ccn2ncnc2c1,51039094,C26H24N8O2,480.5,4,111,796,2,8,6
T2365,COc1ccc(Cl)c(Nc2nc3ccccc3nc2NS(=O)(=O)c2cccc(NC(=O)C(C)(C)N)c2)c1,56599306,C25H25ClN6O4S,541.0,3.4,157,887,4,9,8
T2366,Cl.N=C1CCCN1Cc1[nH]c(=O)[nH]c(=O)c1Cl,9903778,C9H12Cl2N4O2,279.12,,85.3,404,4,3,2
T2367,Fc1ccc(-c2nc3n(c2-c2ccncc2)CCS3)cc1,5228,C16H12FN3S,297.4,2.9,56,355,0,4,2
T2368,CN1CCc2nc(C(=O)N[C@@H]3C[C@@H](C(=O)N(C)C)CC[C@@H]3NC(=O)C(=O)Nc3ccc(Cl)cn3)sc2C1.Cc1ccc(S(=O)(=O)O)cc1.O,25022378,C31H40ClN7O8S2,738.3,,229,1090,5,12,6
T2368L,CN1CCc2nc(C(=O)N[C@@H]3C[C@@H](C(=O)N(C)C)CC[C@@H]3NC(=O)C(=O)Nc3ccc(Cl)cn3)sc2C1,10280735,C24H30ClN7O4S,548.1,1.4,165,880,3,8,5
T2369,C=CC(=O)Nc1cccc(Nc2nc(Nc3ccc(N4CCN(C(C)=O)CC4)cc3OC)ncc2C(F)(F)F)c1,57335384,C27H28F3N7O3,555.6,4,112,871,3,11,8
T2371,CCN(Cc1ccccc1)C(=O)Cn1c(=O)n(C)c2cnc(-c3ccccc3)nc21,6433109,C23H23N5O2,401.5,2.6,69.6,602,0,4,6
T2373,Cc1cc(Cn2nnc3c(-c4ccco4)nc(N)nc32)ccc1N,21874557,C16H15N7O,321.34,1.4,122,439,2,7,3
T2374,Cc1nc(Nc2cnn(C3CCNCC3)c2)nc2c1N(C)C(=O)c1cc3ccccc3cc1N2C,78357766,C26H28N8O,468.6,3.2,91.2,762,2,7,3
T2375,C[C@@H]1CN(Cc2ccc(F)cc2)CCN1C(=O)COc1ccc(Cl)cc1NC(N)=O,512282,C21H24ClFN4O3,434.9,2.5,87.9,591,2,5,6
T2376,Clc1cccc(CNC2=Nc3ccccc3NC23CCNCC3)c1,135735917,C19H21ClN4,340.8,3.2,48.5,460,3,3,2
T2377,Cc1ccc(S(=O)(=O)Nc2nc3ccccc3nc2Nc2ccc3nsnc3c2)cc1,1893730,C21H16N6O2S2,448.5,4.2,146,711,2,9,5
T2379,O=C(c1ccc(C(=O)N2CCC(N3CCCC3)CC2)c(Nc2ccccc2)c1)N1CCC(N2CCCC2)CC1,57339144,C32H43N5O2,529.7,5.1,59.1,803,1,5,6
T2381,CCN1CCN(Cc2ccc(Nc3ncc(F)c(-c4cc(F)c5nc(C)n(C(C)C)c5c4)n3)nc2)CC1,46220502,C27H32F2N8,506.6,3.8,75,723,1,9,7
T2384,Nc1cccc2c1C(=O)N(C1CCC(=O)NC1=O)C2=O,134780,C13H11N3O4,273.24,0.2,110,504,2,5,1
T2385,OC[C@H]1O[C@@H](c2ccc(F)c(Cc3cc4ccccc4s3)c2)[C@H](O)[C@@H](O)[C@@H]1O,10453870,C21H21FO5S,404.5,2.5,118,525,4,7,4
T2386,Cc1ccc(=O)n(-c2ccccc2)c1,40632,C12H11NO,185.22,1.9,20.3,285,0,1,1
T2387,C[N+]1(C)CCC(OC(=O)C(O)(c2ccccc2)C2CCCC2)C1.[Br-],11693,C19H28BrNO3,398.3,,46.5,424,1,4,5
T2389,CCOc1ccc(Cc2cc([C@@H]3O[C@H](CO)[C@@H](O)[C@H](O)[C@H]3O)ccc2Cl)cc1,9887712,C21H25ClO6,408.9,2.3,99.4,472,4,6,6
T2390,C[C@@H]1O[C@]2(CS1)CN1CCC2CC1.C[C@@H]1O[C@]2(CS1)CN1CCC2CC1.Cl.Cl.O,138107559,C20H38Cl2N2O3S2,489.6,,76.5,215,3,7,0
T2391,CN(C)C(=O)COC(=O)Cc1ccc(OC(=O)c2ccc(NC(=N)N)cc2)cc1.CS(=O)(=O)O,5284360,C21H26N4O8S,494.5,,200,695,3,9,9
T2392,CS(=O)(=O)O.CS(=O)(=O)O.N=C(N)Nc1ccc(C(=O)Oc2ccc3cc(C(=N)N)ccc3c2)cc1,5311180,C21H25N5O8S2,539.6,,266,645,6,10,5
T2395,Cc1ccc(Sc2ccccc2N2CCNCC2)c(C)c1,9966051,C18H22N2S,298.4,4.2,40.6,316,1,3,3
T2395L,Br.Cc1ccc(Sc2ccccc2N2CCNCC2)c(C)c1,56843850,C18H23BrN2S,379.4,,40.6,316,2,3,3
T2396,O=C(O)CCn1c2c(c3ccccc31)C[C@H](NS(=O)(=O)c1ccc(F)cc1)CC2,123879,C21H21FN2O4S,416.5,2.9,96.8,689,2,6,6
T2399,CC(C)C[C@H](NC(=O)[C@H](Cc1ccccc1)NC(=O)c1cnccn1)B(O)O,387447,C19H25BN4O4,384.2,,124,500,4,6,9
T2400,CCOc1nc2cccc(C(=O)OC(C)OC(=O)OC3CCCCC3)c2n1Cc1ccc(-c2ccccc2-c2nn[nH]n2)cc1,2540,C33H34N6O6,610.7,7,143,962,1,10,13
T2402,CN1c2ccccc2C(NCCCCCCC(=O)[O-])c2ccc(Cl)cc2S1(=O)=O.[Na+],23663953,C21H24ClN2NaO4S,458.9,,97.9,660,1,6,8
T2403,Nc1c(CC(=O)[O-])cccc1C(=O)c1ccc(Br)cc1.Nc1c(CC(=O)[O-])cccc1C(=O)c1ccc(Br)cc1.O.O.O.[Na+].[Na+],11954316,C30H28Br2N2Na2O9,766.3,,169,361,5,11,6
T2405,Cc1nc(Nc2ccc(F)cc2)nc(N2CCc3ccccc3C2C)c1C.Cl,204103,C22H24ClFN4,398.9,,41.1,481,2,5,3
T2406,C[C@@H](NCCCc1cccc(C(F)(F)F)c1)c1cccc2ccccc12.Cl,156418,C22H23ClF3N,393.9,,12,422,2,4,6
T2407,Cc1ccsc1C(=CCCN1CCC[C@@H](C(=O)O)C1)c1sccc1C,60648,C20H25NO2S2,375.6,2.7,97,474,1,5,6
T2409,CC(C)OC(=O)[C@H](C)N[P@](=O)(CO[C@H](C)Cn1cnc2c(N)ncnc21)Oc1ccccc1,9574768,C21H29N6O5P,476.5,1.9,143,680,2,10,12
T2412,Cl.O=C(Nc1ccccc1-c1cn2c(CN3CCNCC3)csc2n1)c1cnc2ccccc2n1,25232708,C25H24ClN7OS,506.0,,116,707,3,7,5
T2413,Cc1cc([N+](=O)[O-])ccc1NS(=O)(=O)c1cc(Cl)ccc1Cl,3463933,C13H10Cl2N2O4S,361.2,3.9,100,505,1,5,3
T2414,CC(C)n1nc(-c2cc3cc(O)ccc3[nH]2)c2c(N)ncnc21,135565635,C16H16N6O,308.34,2,106,435,3,5,2
T2415,Nc1ncnc2c1c(-c1cnc3[nH]ccc3c1)nn2C1CCCC1,24905142,C17H17N7,319.4,2.1,98.3,454,2,5,2
T2416,CN(C)Cc1cccc(NC(=C2C(=O)Nc3cc(C(=O)N(C)C)ccc32)c2ccccc2)c1,135659062,C27H28N4O2,440.5,4.5,71.9,688,2,4,6
T2418,Cc1nc(NC(=O)N2CCC[C@H]2C(N)=O)sc1-c1csc(C(C)(C)C)n1,42636535,C17H23N5O2S2,393.5,2.8,158,556,2,6,4
T2419,Nc1nccc(Oc2ccc(NC(=O)c3c[nH]cc(-c4ccc(F)cc4)c3=O)cc2F)c1Cl,44155856,C23H15ClF2N4O3,468.8,3.8,106,803,3,8,5
T2420,CCCCCCCCCCCCc1ccc(S(=O)(=O)Nc2nncs2)cc1,44240850,C20H31N3O2S2,409.6,7.4,109,474,1,6,14
T2421,COc1cc2ncnc(Sc3nnc(C)s3)c2cc1OC,71461003,C13H12N4O2S2,320.4,3.1,124,352,0,8,4
T2422,Cl.O=C(N[C@H]1CN2CCC1CC2)c1ccc(Cl)cc1,11243536,C14H18Cl2N2O,301.2,,32.3,307,2,2,2
T2423,COc1cccc(NCC(F)Cn2c3ccc(Br)cc3c3cc(Br)ccc32)c1,46853447,C22H19Br2FN2O,506.2,6.7,26.2,487,1,3,6
T2424,CC(=O)c1cc([N+](=O)[O-])c(Sc2ccc(F)cc2F)s1,46931953,C12H7F2NO3S2,315.3,4.1,116,393,0,7,3
T2427,CCn1c2ccccc2c2cc(Nc3ccnc(NCCCN4CCOCC4)n3)ccc21,51031035,C25H30N6O,430.5,4.1,67.2,573,2,6,8
T2430,O=C(NO)c1ccc(CC(=O)N(CCO)c2ccccc2)cc1,71532921,C17H18N2O4,314.34,1,89.9,388,3,4,6
T2431,COc1ccc(-n2c(C)c([N+](=O)[O-])c3ccc(O)cc32)cc1,791637,C16H14N2O4,298.29,3.5,80.2,405,1,4,2
T2432,O=[N+]([O-])c1ccc(-c2nc(-c3ccc(F)cc3)c(-c3ccncc3)[nH]2)cc1,4712,C20H13FN4O2,360.3,3.9,87.4,495,1,5,3
T2433,O=c1cc(N2CCOCC2)oc2c1ccc1ccccc12,9860529,C17H15NO3,281.30,2.8,38.8,441,0,4,1
T2436,CCCOc1ccn2c(C(C)=O)cc(-c3ccccc3S(C)(=O)=O)c2c1,73010930,C20H21NO4S,371.5,4.2,73.2,599,0,4,6
T2437,CCOC(=O)c1csc(Nc2ccc(Cl)cc2)n1,53428670,C12H11ClN2O2S,282.75,4,79.5,285,1,5,5
T2441,COc1ccc(C(=C2C(=O)Nc3ccccc32)c2ccc(OC)cc2)cc1,9885087,C23H19NO3,357.4,4.7,47.6,530,1,3,4
T2442,Cc1sc2c(c1C)C(c1ccc(Cl)cc1)=NC(CC(N)=O)c1nnc(C)n1-2,19704953,C19H18ClN5OS,399.9,2.9,114,611,1,5,3
T2443,O=C(NOCC1CC1)c1ccc(F)c(F)c1Nc1ccc(I)cc1Cl,6918454,C17H14ClF2IN2O2,478.7,5.6,50.4,472,2,5,6
T2445,O=C(O)CNC(=O)c1nc(Cl)c2ccccc2c1O,6914666,C12H9ClN2O4,280.66,2.5,99.5,366,3,5,3
T2446,COc1cc2nccc(Oc3ccc(NC(=O)Nc4ccc(F)cc4F)c(F)c3)c2cc1OC,11317348,C24H18F3N3O4,469.4,4.5,81.7,677,2,8,6
T2447,CN(C)C(=O)c1ccc(S(=O)(=O)c2ccc(NC(=O)[C@@](C)(O)C(F)(F)F)c(Cl)c2)cc1,16741245,C19H18ClF3N2O5S,478.9,2.7,112,778,2,8,5
T2449,NC(=O)c1ccc(-c2nc(-c3ccc4c(c3)OCCO4)c(-c3ccccn3)[nH]2)cc1,6419753,C23H18N4O3,398.4,2.6,103,597,2,5,4
T2456,COc1cc2nccc(Oc3ccc(NC(=O)Nc4cc(C)on4)c(Cl)c3)c2cc1OC,9911830,C22H19ClN4O5,454.9,4,108,631,2,7,6
T2457,O=C(Nc1nc2ccccc2n1CCN1CCOCC1)c1cccc([N+](=O)[O-])c1,11983295,C20H21N5O4,395.4,2,105,580,1,6,5
T2458,O=C1NCCCc2c1oc1ccc(O)cc21,755673,C12H11NO3,217.22,2,62.5,294,2,3,0
T2459,CN1CCC(c2c[nH]c3ccc(O)cc23)CC1,2438,C14H18N2O,230.31,1.5,39.3,263,2,2,1
T2462,Cc1cccc(-c2[nH]c(C(C)(C)C)nc2-c2ccc3c(c2)OCO3)n1,9858940,C20H21N3O2,335.4,4.3,60,466,1,4,3
T2463,COc1ccc(C2CC(c3ccccc3)=NN2c2ccc(S(N)(=O)=O)cc2)cc1,2950007,C22H21N3O3S,407.5,3.6,93.4,668,1,6,5
T2465,CN(c1ncccc1CNc1nc(Nc2ccc3c(c2)CC(=O)N3)ncc1C(F)(F)F)S(C)(=O)=O,11713159,C21H20F3N7O3S,507.5,2,138,856,3,12,7
T2466,NCC(=O)Nc1ccc(-n2nc(C(F)(F)F)cc2-c2ccc3c(ccc4ccccc43)c2)cc1,10027278,C26H19F3N4O,460.4,5.2,72.9,711,2,6,4
T2467,COc1cc(Nc2ncc(F)c(Nc3ccc4c(n3)NC(=O)C(C)(C)O4)n2)cc(OC)c1OC,11213558,C22H23FN6O5,470.5,3.1,129,691,3,11,7
T2469,CN(C)[C@@H]1c2onc(OCc3ccccc3)c2C(=O)[C@@]2(O[Si](C)(C)C(C)(C)C)C(=O)C=CC[C@@H]12,11363682,C26H34N2O5Si,482.6,,81.9,816,0,7,7
T2471,O=C(c1cccc(Cl)c1F)N1CCN(Cc2cccc(Nc3nccs3)n2)CC1,11676373,C20H19ClFN5OS,431.9,3.6,89.6,553,1,7,5
T2472,Cc1c(NC(=O)c2ccc(C(C)(C)C)cc2)cccc1-c1cn(C)c(=O)c(Nc2ccc(C(=O)N3CCOCC3)cc2)n1,24857323,C34H37N5O4,579.7,4.4,103,1070,2,5,7
T2473,CCCS(=O)(=O)Nc1ccc(F)c(C(=O)c2c[nH]c3ncc(Cl)cc23)c1F,24180719,C17H14ClF2N3O3S,413.8,3.3,100,648,2,7,6
T2475,COc1ccc(-c2ccc3c(N4CCOCC4)nc(N4C[C@@H](C)O[C@@H](C)C4)nc3n2)cc1CO,16736978,C25H31N5O4,465.5,2.6,93.1,643,1,9,5
T2476,C[Si](C)(C)CCOCn1ccc2c(-c3cn[nH]c3)ncnc21,42631346,C15H21N5OSi,315.45,,68.6,364,1,4,6
T2477,CN(C)CCN1C(=O)c2cccc3cc(NC(N)=O)cc(c23)C1=O,16048966,C17H18N4O3,326.35,0.8,95.7,536,2,4,4
T2480,COc1cc(OC)c2c(=O)[nH]c(-c3cc(C)c(OCCO)c(C)c3)nc2c1,135564749,C20H22N2O5,370.4,2.3,89.4,542,2,6,6
T2482,NC[C@@](O)(c1ccc(Cl)cc1)c1ccc(-c2cn[nH]c2)cc1,24905401,C17H16ClN3O,313.8,2.2,74.9,354,3,3,4
T2484,COC1CCN(C(=O)c2cc(Cc3n[nH]c(=O)c4ccccc34)ccc2F)CC1,44199317,C22H22FN3O3,395.4,2.6,71,647,1,5,4
T2486,O=C(NCc1ccc(Oc2ccccc2)cc1)c1nc(-c2cc(Br)c(O)c(Br)c2)no1,135565181,C22H15Br2N3O4,545.2,5.5,97.5,575,2,6,6
T2487,CCS(=O)(=O)N1CCN(c2ccc(Nc3ncc(C(N)=O)c(NC4CC4)n3)cc2)CC1,44595079,C20H27N7O3S,445.5,1.9,142,711,3,9,8
T2488,Cc1cc(-c2nc(-c3ccc(OC(F)(F)F)cc3)no2)nn1Cc1ccnc(N2CCN(C3CC3)CC2)c1,67377767,C26H26F3N7O2,525.5,4.7,85.3,774,0,11,7
T2489,O=C(CCCCCCNC(=O)c1cnc(N(c2ccccc2)c2ccccc2)nc1)NO,53340666,C24H27N5O3,433.5,3.4,107,538,3,6,11
T2490,C=CC(=O)Nc1cc(Nc2nccc(-c3cn(C)c4ccccc34)n2)c(OC)cc1N(C)CCN(C)C,71496458,C28H33N7O2,499.6,3.7,87.6,752,2,7,10
T2491,C=CC(=O)Nc1cc(Nc2nccc(-c3c[nH]c4ccccc34)n2)c(OC)cc1N(C)CCN(C)C,71496460,C27H31N7O2,485.6,3.8,98.4,722,3,7,10
T2492,CCCCCCCCCCCCCCCCCCOP(=O)([O-])OC1CC[N+](C)(C)CC1,148177,C25H52NO4P,461.7,8.3,58.6,454,0,4,20
T2494,CC(C)[C@H]1C(=O)N[C@@H](CCCNC(=N)N)C(=O)NCC(=O)N[C@@H](CC(=O)O)C(=O)N[C@H](Cc2ccccc2)C(=O)N1C,176873,C27H40N8O7,588.7,-1,238,1020,7,8,9
T2495,Nc1nc(OCc2cc(Br)cs2)c2[nH]cnc2n1,3025944,C10H8BrN5OS,326.17,2,118,299,2,6,3
T2498,NNC(=O)c1nn(Cc2ccc(Cl)cc2Cl)c2ccccc12,9819086,C15H12Cl2N4O,335.2,3.3,72.9,411,2,3,3
T2499,CCOC(=O)N1c2ccc(C(F)(F)F)cc2[C@@H](N(Cc2cc(C(F)(F)F)cc(C(F)(F)F)c2)C(=O)OC)C[C@H]1CC,159325,C26H25F9N2O4,600.5,7,59.1,889,0,13,7
T2500,COc1cc2c(Oc3ccc4[nH]c(C)cc4c3F)ncnc2cc1OCCCN1CCCC1,9933475,C25H27FN4O3,450.5,4.9,72.5,624,1,7,8
T2501,C=CC(=O)Nc1cc2c(Nc3ccc(F)c(Cl)c3)ncnc2cc1OCCCN1CCOCC1.Cl.Cl,156413,C24H27Cl3FN5O3,558.9,,88.6,671,4,8,9
T2502,Cc1ccc(-c2csc(NC(=O)c3ccccc3)n2)c(C)c1,959043,C18H16N2OS,308.4,4.5,70.2,383,1,3,3
T2504,Cc1nc(N(C)C(=O)Cc2ccc(-c3ccccn3)cc2)sc1S(N)(=O)=O,491941,C18H18N4O3S2,402.5,2.1,143,617,1,7,5
T2506,Cc1ncc(-c2ccnc(Nc3ccc(S(C)(=O)=O)cc3)n2)n1C(C)C,16747683,C18H21N5O2S,371.5,2.2,98.2,556,1,6,5
T2507,CCCCc1nc(-c2ccc(OCCCN(CC)CC)cc2)cn1-c1ccc(Oc2ccc(Cl)cc2)cc1,11180124,C32H38ClN3O2,532.1,8.3,39.5,626,0,4,14
T2508,Cn1cnc2c(F)c(Nc3ccc(Br)cc3F)c(C(=O)NOCCO)cc21,10288191,C17H15BrF2N4O3,441.2,3.1,88.4,521,3,7,6
T2509,Cc1cc(Nc2cc(N3CCN(C)CC3)nc(Sc3ccc(NC(=O)C4CC4)cc3)n2)n[nH]1,5494449,C23H28N8OS,464.6,3.4,127,650,3,8,7
T2510,Cc1cccc(-c2nn3c(c2-c2ccnc4ccc(C(N)=O)cc24)CCC3)n1,10090485,C22H19N5O,369.4,2.4,86.7,585,1,4,3
T2512,Nc1ccccc1NC(=O)c1ccc(CNc2nccc(-c3cccnc3)n2)cc1,9865515,C23H20N6O,396.4,2.8,106,538,3,6,6
T2513,NC(=O)c1ccc(N(C(N)=O)c2c(F)cccc2F)nc1-c1ccc(F)cc1F,10341154,C19H12F4N4O2,404.3,2.5,102,603,2,7,4
T2514,Cc1ccc(F)c(NC(=O)Nc2ccc(-c3cccc4[nH]nc(N)c34)cc2)c1,11485656,C21H18FN5O,375.4,3.9,95.8,541,4,4,3
T2515,Cc1nc(C(=O)NCC(=O)O)c(O)c2ccc(Oc3ccccc3)cc12,11256664,C19H16N2O5,352.3,3.4,109,508,3,6,5
T2516,S=C(NCc1ccc2c(c1)OCO2)N1CCN(c2ncnc3c2oc2ccccc23)CC1,11282283,C23H21N5O3S,447.5,3.5,108,678,1,7,3
T2517,Cn1cc(-c2cnn3c(N)c(Br)c([C@@H]4CCCNC4)nc23)cn1,46239015,C15H18BrN7,376.25,0.8,86.1,425,2,5,2
T2518,Cc1cc(Nc2ncnc3ccc(-c4ccc(CNCCS(C)(=O)=O)o4)cc23)ccc1Oc1ccn2ncnc2c1,42598643,C29H27N7O4S,569.6,3.6,145,954,2,10,10
T2520,Clc1ccc2c(c1)CCc1cccnc1C2=C1CCNCC1,124087,C19H19ClN2,310.8,4.5,24.9,425,1,2,0
T2522,CCC(CC)[C@H](NC(C)=O)[C@@H]1[C@H](O)[C@@H](C(=O)O)C[C@H]1NC(=N)N.O.O.O,11954371,C15H34N4O7,382.45,,154,460,8,8,7
T2523,NC(=O)c1cn(Cc2c(F)cccc2F)nn1,129228,C10H8F2N4O,238.19,0.7,73.8,281,1,5,3
T2524,Cc1cccc([C@H](C)c2cnc[nH]2)c1C,5311068,C13H16N2,200.28,3.1,28.7,205,1,1,2
T2525,Cc1[nH]cnc1CN1CCc2c(c3ccccc3n2C)C1=O.Cl,60758,C17H19ClN4O,330.8,,53.9,442,2,2,2
T2526,CC(C)C(=O)OCC(=O)[C@@]12O[C@H](C3CCCCC3)O[C@@H]1C[C@H]1[C@@H]3CCC4=CC(=O)C=C[C@]4(C)[C@H]3[C@@H](O)C[C@@]12C,6918155,C32H44O7,540.7,5.3,99.1,1100,1,7,6
T2527,CC(=O)O[C@]1(C(C)=O)CC[C@H]2[C@@H]3CCC4=CC(=O)CCC4=C3[C@@H](c3ccc(N(C)C)cc3)C[C@@]21C,130904,C30H37NO4,475.6,3.5,63.7,984,0,5,5
T2529,CC(=O)N[C@H]1[C@H]([C@H](O)[C@H](O)CO)OC(C(=O)O)=C[C@@H]1NC(=N)N,60855,C12H20N4O7,332.31,-3.2,201,518,7,8,6
T2532,C[C@H](CCC(=O)NCCS(=O)(=O)O)[C@H]1CC[C@H]2[C@@H]3[C@@H](O)C[C@@H]4C[C@H](O)CC[C@]4(C)[C@H]3CC[C@]12C,9848818,C26H45NO6S,499.7,3.6,132,858,4,6,7
T2533,CN1CCC(=C2c3ccccc3CCn3c(C=O)cnc32)CC1,19371515,C19H21N3O,307.4,1.7,38.1,479,0,3,1
T2535,COc1cc2c(cc1OC)CC(=O)N(CCCN(C)C[C@H]1Cc3cc(OC)c(OC)cc31)CC2.Cl,3045381,C27H37ClN2O5,505.0,,60.5,663,1,6,10
T2537,CCCCS(=O)(=O)N[C@@H](Cc1ccc(OCCCCC2CCNCC2)cc1)C(=O)O.Cl.O,60946,C22H39ClN2O6S,495.1,,114,579,5,8,14
T2539,CCCCCCCCc1ccc(CCC(N)(CO)CO)cc1.Cl,107969,C19H34ClNO2,343.9,,66.5,258,4,3,12
T2542,COCCCN1CCC(NC(=O)c2cc(Cl)c(N)c3c2OCC3)CC1,3052762,C18H26ClN3O3,367.9,2,76.8,445,2,5,6
T2543,CO[C@H]1C(=O)[C@]2(C)[C@@H](OC)C[C@H]3OC[C@@]3(OC(C)=O)[C@H]2[C@H](OC(=O)c2ccccc2)[C@]2(O)C[C@H](OC(=O)[C@H](O)[C@@H](NC(=O)OC(C)(C)C)c3ccccc3)C(C)=C1C2(C)C,9854073,C45H57NO14,835.9,2.7,202,1690,3,14,15
T2544,CC(=O)O.Cc1c(-c2ccc(O)cc2)n(Cc2ccc(OCCN3CCCCCC3)cc2)c2ccc(O)cc12,154256,C32H38N2O5,530.7,,95.2,654,3,6,7
T2545,CS(=O)(=O)O.O=C(NC1CCN(CCCCC2(C(=O)NCC(F)(F)F)c3ccccc3-c3ccccc32)CC1)c1ccccc1-c1ccc(C(F)(F)F)cc1,11274333,C40H41F6N3O5S,789.8,,124,1200,3,12,10
T2546,O=c1[nH]c2ccccc2n1C1CCN(CCCC(c2ccc(F)cc2)c2ccc(F)cc2)CC1,16362,C28H29F2N3O,461.5,6.3,35.6,632,1,4,7
T2547,N[C@H](C(=O)O)[C@H](O)c1ccc(O)c(O)c1,92974,C9H11NO5,213.19,-3.2,124,235,5,6,3
T2548,C[C@H]1C[C@H]2[C@@H]3C[C@H](F)C4=CC(=O)C=C[C@]4(C)[C@@]3(F)[C@@H](O)C[C@]2(C)[C@@]1(O)C(=O)CO,71415,C22H28F2O5,410.5,1.9,94.8,839,3,7,2
T2550,Cc1ccc(C(=O)c2ccc(CC(=O)O)n2C)cc1,5509,C15H15NO3,257.28,2.8,59.3,347,1,3,4
T2552,O=C(O)[C@@H](S)[C@@H](S)C(=O)O,2724354,C4H6O4S2,182.2,0.1,76.6,139,4,6,3
T2553,O=C(OCCOCCO)c1ccccc1Nc1cccc(C(F)(F)F)c1,35375,C18H18F3NO4,369.3,4.7,67.8,433,2,8,9
T2554,CC(C)(Oc1ccc(Cl)cc1)C(=O)OCCOC(=O)c1cccnc1,65777,C18H18ClNO5,363.8,3.5,74.7,449,0,6,9
T2555,O=C(O[C@H]1C[N+]2(CCCOc3ccccc3)CCC1CC2)C(O)(c1cccs1)c1cccs1.[Br-],11519741,C26H30BrNO4S2,564.6,,112,647,1,7,10
T2558,Nc1nc(Cl)nc2c1ncn2[C@H]1C[C@H](O)[C@@H](CO)O1,20279,C10H12ClN5O3,285.69,0.8,119,338,3,7,2
T2559,C=CC[C@]1(O)CC[C@H]2[C@@H]3CCC4=CCCC[C@@H]4[C@H]3CC[C@@]21C,235905,C21H32O,300.5,5.3,20.2,492,1,1,2
T2561,CCCNS(=O)(=O)Nc1ncnc(OCCOc2ncc(Br)cn2)c1-c1ccc(Br)cc1,16004692,C19H20Br2N6O4S,588.3,3.7,137,642,2,10,11
T2563,CC(=O)O[C@H](CC(=O)O)C[N+](C)(C)C.[Cl-],2733928,C9H18ClNO4,239.69,,63.6,219,1,5,6
T2565,COc1ccc([C@@H]2CC(=O)c3c(O)cc(O)cc3O2)cc1O,72281,C16H14O6,302.28,2.4,96.2,413,3,6,2
T2569,COc1ccc(C(Cl)=C(c2ccc(OC)cc2)c2ccc(OC)cc2)cc1,11289,C23H21ClO3,380.9,6.4,27.7,442,0,3,6
T2570,CC(=O)Oc1cc(C)c(OC(C)=O)c2ccccc12,11310,C15H14O4,258.27,3,52.6,352,0,4,4
T2571,CCN(CC)CCOC(=O)C(O)(c1ccccc1)c1ccccc1.Cl,66448,C20H26ClNO3,363.9,,49.8,351,2,4,9
T2574,C=CCN1CCCC1CNC(=O)c1cc2nn[nH]c2cc1OC.Cl,6410734,C16H22ClN5O2,351.8,,83.1,433,3,5,6
T2575,N=C(N)NCCN1CCCCCCC1.O=S(=O)(O)O,86471,C10H24N4O4S,296.39,,151,248,4,6,3
T2576,Cc1cc2c(F)c(Oc3ncnn4cc(OC[C@@H](C)OC(=O)[C@H](C)N)c(C)c34)ccc2[nH]1,11154925,C22H24FN5O4,441.5,3.1,117,660,2,8,8
T2578,O=c1[nH]cnc2c1ncn2[C@H]1CC[C@@H](CO)O1,135398739,C10H12N4O3,236.23,-1.2,88.7,348,2,5,2
T2585,COc1nc2ccc(Br)cc2cc1[C@@H](c1ccccc1)[C@@](O)(CCN(C)C)c1cccc2ccccc12,5388906,C32H31BrN2O2,555.5,7.2,45.6,715,1,4,8
T2586,COc1cc2nccc(Oc3ccc(NC(=O)C4(C(=O)Nc5ccc(F)cc5)CC4)cc3)c2cc1OC,25102847,C28H24FN3O5,501.5,5.4,98.8,795,2,7,8
T2587,CC(C)c1cc2c(cc1S(=O)(=O)[O-])[C@@]1(C)CCC[C@@](C)(C(=O)O)[C@@H]1CC2.[Na+],23663982,C20H27NaO5S,402.5,,103,672,1,5,3
T2588,CC(C)(C)c1cc(C(C)(C)C)c(NC(=O)c2c[nH]c3ccccc3c2=O)cc1O,16220172,C24H28N2O3,392.5,5.6,78.4,671,3,4,4
T2589,CS(=O)(=O)O.O.O=C(O[C@@H]1C[C@@H]2C[C@H]3C[C@H](C1)N2CC3=O)c1c[nH]c2ccccc12,6918119,C20H26N2O7S,438.5,,126,627,3,8,3
T2590,CS(=O)(=O)c1ccc(C(=O)Nc2ccc(Cl)c(-c3ccccn3)c2)c(Cl)c1,24776445,C19H14Cl2N2O3S,421.3,3.8,84.5,625,1,4,4
T2591,C[C@]1(c2nc3c(C(N)=O)cccc3[nH]2)CCCN1,11960529,C13H16N4O,244.29,0.5,83.8,348,3,3,2
T2592,CCCN(CCC)CCc1cccc2c1CC(=O)N2.Cl,68727,C16H25ClN2O,296.83,,32.3,286,2,2,7
T2593,Cl.NCCCC(N)(C(=O)O)C(F)F.O,441361,C6H15ClF2N2O3,236.64,,90.3,166,5,7,5
T2594,CCN(CC)C(=O)[C@]1(c2ccccc2)C[C@@H]1CN,65833,C15H22N2O,246.35,1.4,46.3,295,1,2,5
T2595,Cc1ccc(NC(=O)C2(c3ccc4c(c3)OC(F)(F)O4)CC2)nc1-c1cccc(C(=O)O)c1,16678941,C24H18F2N2O5,452.4,4.4,97.8,776,2,8,5
T2596,CC(=O)N[C@@H](CC(=O)N[C@@H](CCC(=O)O)C(=O)O)C(=O)O,210320,C11H16N2O8,304.25,-2.1,170,448,5,8,9
T2598,CC(C)C(NC(=O)C(CC(=O)O)NC(=O)C(CCCCN)NC(=O)C(N)CCCNC(=N)N)C(=O)NC(Cc1ccc(O)cc1)C(=O)O,50587,C30H49N9O9,679.8,-6.4,328,1110,11,12,22
T2599,Cc1nc2ccccn2c(=O)c1CCN1CCC(C(=O)c2ccc(F)cc2)CC1,4847,C23H24FN3O2,393.5,2.6,53,782,0,5,5
T2601,COc1cccc(-c2ccc(NC(=O)C3=C(C(=O)O)CCC3)c(F)c2)c1,9820008,C20H18FNO4,355.4,3.4,75.6,576,2,5,5
T2602,CCN(CCO)CCCOc1ccc2c(Nc3cc(CC(=O)Nc4cccc(F)c4)[nH]n3)ncnc2c1,16007391,C26H30FN7O3,507.6,3,128,693,4,9,13
T2603,C=CC(=O)Nc1cccc(Nc2nc(Nc3ccc(OCCOC)cc3)ncc2F)c1,59174488,C22H22FN5O3,423.4,3.6,97.4,561,3,8,10
T2604,CCn1c(=O)[nH]c2ccccc21,82320,C9H10N2O,162.19,1.1,32.3,193,1,1,1
T2605,COc1cc(Nc2ncc(F)c(Nc3ccc4c(n3)N(COP(=O)([O-])[O-])C(=O)C(C)(C)O4)n2)cc(OC)c1OC.[Na+].[Na+],25008120,C23H24FN6Na2O9P,624.4,,192,893,2,15,9
T2607,CCc1ccc(C(=O)COc2ccc(CC3SC(=O)NC3=O)cc2)nc1,10429242,C19H18N2O4S,370.4,3.5,111,534,1,6,7
T2608,Nc1nc(NCCNc2ncc(-n3ccnc3)c(-c3ccc(Cl)cc3Cl)n2)ccc1[N+](=O)[O-],53396311,C20H17Cl2N9O2,486.3,4.2,152,645,3,9,7
T2609,Cc1ccc(NC(=O)c2ccc(CN3CCN(C)CC3)cc2)cc1Nc1nc(-c2cccnc2)cs1,10074640,C28H30N6OS,498.6,4.3,102,696,2,7,7
T2611,Cc1cc(CN2CCN(c3c(Br)cnc4nc(-c5ccc(N6CCN(C)CC6)cc5)[nH]c34)CC2)no1,25154041,C26H31BrN8O,551.5,3.3,80.6,710,1,8,5
T2612,COc1c(Nc2ncc(Cl)c(N[C@H]3[C@@H](C(N)=O)[C@@H]4C=C[C@H]3C4)n2)ccc2c1CC[C@@H](N1CCOCC1)CC2,57325421,C28H35ClN6O3,539.1,4.1,115,858,3,8,7
T2613,CNC(=O)[C@@H](c1ccccc1)N1CCc2cc(OC)c(OC)cc2[C@H]1CCc1ccc(C(F)(F)F)cc1,50878577,C29H31F3N2O3,512.6,6,50.8,722,1,7,8
T2614,Cn1cc(-c2ccc3c(c2)CCN3C(=O)Cc2cccc(C(F)(F)F)c2)c2c(N)ncnc21,53469448,C24H20F3N5O,451.4,3.8,77,721,1,7,3
T2615,CN1CC[C@H](c2c(O)cc(O)c3c(=O)cc(-c4ccccc4Cl)oc23)[C@H](O)C1.Cl,9910986,C21H21Cl2NO5,438.3,,90.2,628,4,6,2
T2616,CC(=O)Nc1nc(C)c(-c2ccc(Cl)c(S(=O)(=O)NCCO)c2)s1,6852167,C14H16ClN3O4S2,389.9,1.4,145,543,3,7,6
T2617,CS(=O)(=O)O.O=C(Nc1cccc(Cl)c1)Nc1ncc(CCNc2ncnc3ccsc23)s1,24995523,C19H19ClN6O4S3,527.0,,211,625,4,10,6
T2618,Cc1cc(-c2ncc(CC(=O)Nc3ccc(-c4cnccn4)cn3)cc2C)ccn1,46926973,C23H20N6O,396.4,1.8,93.6,560,1,6,5
T2619,CS(=O)(=O)N1CCc2c(-c3cnc(N)nc3)nc(N3CCOCC3)nc21,49784945,C15H19N7O3S,377.4,-0.6,136,587,1,10,3
T2620,CN1CCC(Nc2nc(Nc3ccc(Oc4ccccc4)cc3)c3c(=O)[nH]cc(Br)c3n2)CC1,78357765,C25H25BrN6O2,521.4,4.9,91.4,716,3,7,6
T2621,C[C@]12CC[C@H](O)C[C@H]1CC[C@@H]1[C@@H]2CC[C@]2(C)[C@@](O)(c3ccoc3)CC[C@]12O,153976,C23H34O4,374.5,3.3,73.8,609,3,4,1
T2622,O=C(O)c1ccc(-c2c[nH]c3ncc(-c4ccccc4)cc23)cc1C1CCCC1,25022668,C25H22N2O2,382.5,6.1,66,569,2,3,4
T2623,COc1cccc(-c2cc(=O)c3ccccc3o2)c1N,4713,C16H13NO3,267.28,2.9,61.6,407,1,4,2
T2624,O=C(Nc1ccc(OC(F)(F)F)cc1)c1sccc1NCc1ccnc2ccccc12,9868037,C22H16F3N3O2S,443.4,6.2,91.5,601,2,8,6
T2625,O=C(O)CC[C@H]1CC[C@@](c2cc(F)ccc2F)(S(=O)(=O)c2ccc(Cl)cc2)CC1,9803433,C21H21ClF2O4S,442.9,4.7,79.8,665,1,6,6
T2626,Cc1cc(C(=O)C2=C(O)C(=O)N(CCCN3CCOCC3)C2c2ccncc2)ccc1OCc1ccccc1,2917745,C31H33N3O5,527.6,3.7,92.2,860,1,7,9
T2627,Cc1ccc2nc(N)[nH]c(=O)c2c1Sc1ccncc1.Cl.Cl,135409535,C14H14Cl2N4OS,357.3,,106,408,4,4,2
T2628,COc1ccc(C2=C(N3CCOCC3)C(=O)N(c3ccc(Cl)c(Cl)c3)C2=O)cc1,71547138,C21H18Cl2N2O4,433.3,3.9,59.1,672,0,5,4
T2629,CCCCNc1ncc(C(=O)NCc2ccc(-n3ccnc3)cc2)c(NC2CCC(O)CC2)n1,71721525,C25H33N7O2,463.6,3.8,117,608,4,7,10
T2630,C=CC(=O)N1CCC(Oc2cc3c(Nc4ccc(Cl)c(Cl)c4F)ncnc3cc2OC)CC1,25127713,C23H21Cl2FN4O3,491.3,5.4,76.6,684,1,7,6
T2632,Cc1nn(C)c(COc2ccc(N3CCN(S(=O)(=O)N(C)C)CC3)cc2)c1-c1cccc2c(CCCOc3cccc4ccccc34)c(C(=O)O)n(CCN3CCOCC3)c12,66575373,C46H55N7O7S,850.0,3.6,143,1500,1,12,16
T2633,CC1=C(C(=O)Nc2cc3cn[nH]c3cc2F)C(c2ccc(C(F)(F)F)cc2)CC(=O)N1,11373846,C21H16F4N4O2,432.4,2.9,86.9,748,3,7,3
T2634,COc1cc(C(=O)NC2CCN(C)CC2)ccc1Nc1ncc2c(n1)N(C1CCCC1)CC(F)(F)C(=O)N2C,25015677,C27H35F2N7O3,543.6,3.5,103,868,2,10,6
T2635,CCc1c(C(=O)NCCc2ccc(N3CCCCC3)cc2)[nH]c2ccc(Cl)cc12,44828492,C24H28ClN3O,409.9,6,48.1,530,2,2,6
T2636,CC[C@@](C)(Nc1ccnc(-c2c[nH]c3ncccc23)n1)C(=O)NCC(F)(F)F,59422203,C18H19F3N6O,392.4,3.1,95.6,548,3,8,6
T2638,Cc1cc(Nc2cc(CN3CCOCC3)c3nc(C)c(Cc4ccc(Cl)cc4F)n3n2)n[nH]1,46213929,C23H25ClFN7O,469.9,3.8,83.4,644,2,7,6
T2639,C[C@@]1(c2cc(-c3cncnc3)c(F)cc2F)CCSC(N)=N1,44251605,C15H14F2N4S,320.4,2.1,89.5,430,1,6,2
T2640,CNC(=O)c1cc(Oc2ccc(NC(=O)Nc3cc(C(C)(C)C)nn3-c3ccc4ncccc4c3)c(F)c2)ccn1,25066467,C30H28FN7O3,553.6,4.9,123,904,3,7,7
T2641,COc1cc(N2CCN(C(C)=O)CC2)ccc1Nc1ncc(Cl)c(Nc2ccc(N3CCN(C(C)=O)CC3)cc2OC)n1,72547474,C30H37ClN8O4,609.1,3.3,115,919,2,10,8
T2642,CCN(CC)CCCCNc1ncc2cc(-c3cc(OC)cc(OC)c3)c(NC(=O)NC(C)(C)C)nc2n1,1401,C28H41N7O3,523.7,4.5,114,690,3,8,13
T2643,CC(C)c1cc2c(N3CCN(C4=NCC(C)(C)S4)CC3)ncnc2s1,51001299,C18H25N5S2,375.6,3.7,98.2,516,0,6,3
T2645,OCc1cc([C@@H](O)CNCCCCCCOCCOCc2c(Cl)cccc2Cl)ccc1O,10184665,C24H33Cl2NO5,486.4,3.8,91.2,466,4,6,16
T2647,Nc1nonc1C(=NO)Nc1ccc(F)c(Cl)c1,135424953,C9H7ClFN5O2,271.63,1.6,110,321,3,7,3
T2649,CCCc1cc2c(N3CCN(C4=NCC(C)(C)S4)CC3)ncnc2s1,54765302,C18H25N5S2,375.6,3.7,98.2,504,0,6,4
T2650,O=C(O)Cn1nnc(-c2cc(N3CCC(Oc4cc(F)ccc4Br)CC3)no2)n1,24988881,C17H16BrFN6O4,467.2,3.4,119,572,1,10,6
T2651,O=C(Nc1cccc2cccnc12)c1ccc(N2C(=O)[C@@H]3[C@H](C2=O)[C@@H]2C=C[C@H]3C2)cc1,44483163,C25H19N3O3,409.4,2.9,79.4,772,1,4,3
T2652,O=c1c(-n2ccnn2)c[nH]n1-c1cc(N2CCOCC2)ncn1,59603622,C13H14N8O2,314.30,-0.2,101,481,1,8,3
T2654,Cc1cccc(CC(=O)N2CCc3c2ccc(-c2cn(C)c4ncnc(N)c24)c3F)n1,53469059,C23H21FN6O,416.5,2.3,89.9,666,1,6,3
T2655,CNC(=O)c1ccccc1Nc1nc(Nc2ccc3c(c2OC)CCC[C@H](N2CCN(CCO)CC2)C3)ncc1Cl,71721648,C30H38ClN7O3,580.1,4.6,115,819,4,9,9
T2656,CNC(=O)c1c(C)oc2cc(Oc3ncnc4cc(OC)c(OC)cc34)ccc12,44480399,C21H19N3O5,393.4,3.4,95.7,579,1,7,5
T2657,COc1cc2c(cc1OC)CN(CCc1ccc(NC(=O)c3cccc4c(=O)c5cccc(OC)c5[nH]c34)cc1)CC2,119373,C34H33N3O5,563.6,5.6,89.1,925,2,7,8
T2659,COc1ccc(COc2ccc(Cc3cnc(N)nc3N)cc2OC)cc1,11617559,C20H22N4O3,366.4,2.6,106,433,2,7,7
T2660,Cc1ccccc1-n1c(Cn2cnc3c(N)ncnc32)nc2cccc(C)c2c1=O,9908783,C22H19N7O,397.4,2.8,102,684,1,6,3
T2661,Cc1cc(C(C)Nc2ccccc2)c2nc(N3CCOCC3)cc(=O)n2c1,9907093,C21H24N4O2,364.4,1.9,57.2,710,1,5,4
T2662,O=C(NCc1ccc2c(c1)OCO2)c1c(Cl)cccc1Cl,831629,C15H11Cl2NO3,324.2,4,47.6,372,1,3,3
T2664,Cc1c(Cc2ccc3ccccc3n2)c2cc(F)ccc2n1CC(=O)O,11462174,C21H17FN2O2,348.4,4.4,55.1,516,1,4,4
T2666,CN(C(=O)c1ccc(F)cc1C(F)(F)F)C1CCN(c2nnc(-c3ccnn3C)c3ccccc23)CC1,49848070,C26H24F4N6O,512.5,4.3,67.2,794,0,9,4
T2669,CNCc1ccc(-c2cc(-c3nc(-c4ccc(S(=O)(=O)C(C)C)cc4)cnc3N)on2)cc1,59472121,C24H25N5O3S,463.6,2.3,132,714,2,8,7
T2670,Cc1ccc(CNc2ncnc3ccc(-c4ccc(CO)o4)cc23)o1,44968231,C19H17N3O3,335.4,2.7,84.3,438,2,6,5
T2671,CNC(=O)c1cnn(-c2nc(N)c3ncn([C@@H]4O[C@H](CO)[C@@H](O)[C@H]4O)c3n2)c1,219024,C15H18N8O5,390.35,-1.5,186,587,5,10,4
T2672,Nc1nc(N)c2nc(-c3cccc(O)c3)c(-c3cccc(O)c3)nc2n1,10427712,C18H14N6O2,346.3,1.7,144,483,4,8,2
T2673,Cl.Clc1cccc(-c2nnnn2Cc2cccnc2)c1Cl,11688742,C13H10Cl3N5,342.6,,56.5,319,1,4,3
T2674,COC(=O)c1sccc1S(=O)(=O)Nc1ccc(Nc2ccccc2)cc1OC,46233311,C19H18N2O5S2,418.5,3.8,130,618,2,8,8
T2676,OCCn1cc(-c2cnc3nnn(Cc4ccc5ncccc5c4)c3n2)cn1,17754438,C19H16N8O,372.4,0.7,107,524,1,7,5
T2677,CC1(COc2ccc3c(c2)ncn3-c2ccc3cccc(N4CCC(N)CC4)c3n2)COC1,10366136,C26H29N5O2,443.5,3.7,78.4,667,1,6,5
T2678,O=C(c1cn(Cc2cncn2Cc2ccc(Br)cc2)cc1-c1cccc2ccccc12)N1CCOCC1,10099206,C30H27BrN4O2,555.5,4.6,52.3,756,0,3,6
T2679,CCCCOc1c(C(=O)c2c(F)cc(C)cc2F)cnc2[nH]ncc12,5329775,C18H17F2N3O2,345.3,3.9,67.9,456,1,6,6
T2680,Cn1cc(-c2ccc3ncc(Cc4ccc5ncccc5c4)n3n2)cn1,44206063,C20H16N6,340.4,2.5,60.9,487,0,4,3
T2681,CC(C)(O)c1nc(-c2cccc(CNC(=O)c3cnc(-c4ccccn4)nc3)c2)no1,46700750,C22H20N6O3,416.4,1.2,127,598,2,8,6
T2682,C[C@H](Nc1ncnc2nc[nH]c12)c1nc2ccc(F)cc2c(=O)n1-c1ccccc1,11618268,C21H16FN7O,401.4,3.2,99.2,670,2,7,4
T2683,O=C(CSc1nc2c(c(=O)n1-c1ccccc1)SCC2)Nc1ccc(-c2ccccc2)cn1,71601111,C25H20N4O2S2,472.6,4.5,125,802,1,6,6
T2684,O=C(Nc1ccccc1)N1CCN(c2nc(-c3ccccc3)ns2)CC1,2809273,C19H19N5OS,365.5,3.5,89.6,459,1,5,3
T2685,O=c1cc(-c2cccc3c2Sc2ccccc2S3)oc(N2CCOCC2)c1,5278396,C21H17NO3S2,395.5,3.9,89.4,643,0,6,2
T2686,COc1ccc2[n-]c([S@@](=O)Cc3ncc(C)c(OC)c3C)nc2c1.COc1ccc2[n-]c([S@@](=O)Cc3ncc(C)c(OC)c3C)nc2c1.[Mg+2],9568613,C34H36MgN6O6S2,713.1,,163,453,0,14,10
T2687,COc1ccc2nc(SCc3ncc(C)c(OC)c3C)[nH]c2c1,155794,C17H19N3O2S,329.4,3.5,85.3,387,1,5,5
T2688,CC1(C)C(=O)N(CCN2CCC(C(=O)c3ccc(F)cc3)CC2)c2ccccc21.Cl,11957576,C24H28ClFN2O2,430.9,,40.6,606,1,4,5
T2689,COc1cc(OC2CCN(C)CC2)ccc1Nc1ncc2c(n1)n(C1CCCC1)c(=O)n2C,56973724,C24H32N6O3,452.5,3.2,83.1,669,1,7,6
T2690,COc1ccc(C=CC(=O)Nc2ccccc2C(=O)O)cc1OC,5527,C18H17NO5,327.3,3.2,84.9,464,2,5,6
T2692,CN[C@@H]1C(=O)N[C@@H]2Cc3ccc(cc3)Oc3cc4cc(c3O[C@@H]3O[C@H](C(=O)O)[C@@H](O)[C@H](O)[C@H]3NC(=O)CCCCCCCCC(C)C)Oc3ccc(cc3Cl)[C@@H](O)[C@@H]3NC(=O)[C@H](NC(=O)[C@@H]4NC(=O)[C@@H](NC2=O)c2cc(cc(O)c2Cl)Oc2cc1ccc2O)c1ccc(O)c(c1)-c1c(O[C@H]2O[C@H](CO)[C@@H](O)[C@H](O)[C@@H]2O)cc(O)cc1[C@@H](C(=O)O)NC3=O,133640193,C83H88Cl2N8O29,1732.5,3.7,577,3600,21,30,18
T2694,CN([C@@H](Cc1ccc(OS(=O)(=O)c2cccc3cnccc23)cc1)C(=O)N1CCN(c2ccccc2)CC1)S(=O)(=O)c1cccc2cnccc12,5312126,C38H35N5O6S2,721.8,5.6,147,1370,0,10,10
T2695,Brc1c(Br)c(Br)c2n[nH]nc2c1Br,1694,C6HBr4N3,434.71,3.8,41.6,184,1,2,0
T2696,Cl.NC(=O)c1cnc(N[C@@H]2CCCC[C@@H]2N)nc1Nc1cccc(-n2nccn2)c1,56948527,C19H24ClN9O,429.9,,150,544,5,8,6
T2697,COc1ccc(S(=O)(=O)N(CCO)c2ccccc2CN(C)CC=Cc2ccc(Cl)cc2)cc1,3837,C26H29ClN2O4S,501.0,4.5,78.5,713,1,6,11
T2698,CC1(C)CC[C@]2(C(=O)O[C@@H]3O[C@H](CO[C@@H]4O[C@H](CO)[C@@H](O)[C@H](O)[C@H]4O)[C@@H](O)[C@H](O)[C@H]3O)CC[C@]3(C)C(=CC[C@@H]4[C@@]5(C)CC[C@H](O[C@@H]6OC[C@H](O)[C@H](O)[C@H]6O)[C@@](C)(CO)[C@@H]5CC[C@]43C)[C@@H]2C1,14284436,C47H76O18,929.1,0.8,295,1770,11,18,10
T2700,COC(=O)[C@H](CCSC)NC(=O)c1ccc(NC[C@@H](N)CS)cc1-c1ccccc1.Cl,88309922,C22H30ClN3O3S2,484.1,,120,532,5,7,12
T2701,CC(C)c1noc(N2CCC(COc3ccc(-c4ccc(S(C)(=O)=O)cc4)nc3)CC2)n1,24996872,C23H28N4O4S,456.6,4,107,685,0,8,7
T2702,Cc1ccc2nc(NC(=O)CSc3nc4c(c(=O)n3-c3ccccc3)SCC4)sc2c1,2155128,C22H18N4O2S3,466.6,4.8,154,796,1,7,5
T2703,O=S(=O)(Nc1ccccc1)c1ccc(NC(=S)Nc2ccccc2)cc1,3421033,C19H17N3O2S2,383.5,3.7,111,542,3,4,5
T2704,Cc1ncc(CCCN(C)C)cc1Nc1ncc2c(n1)-c1ccc(C(F)(F)F)cc1NC(=S)C2,46235922,C24H25F3N6S,486.6,4.1,98.1,692,2,9,6
T2705,C=CC(=O)Nc1cc(Nc2ncc(Cl)c(-c3c[nH]c4ccccc34)n2)c(OC)cc1N(C)CCN(C)C,78357783,C27H30ClN7O2,520.0,4.4,98.4,758,3,7,10
T2706,COc1ccc(COc2cc3oc(=O)c4cc(C(C)O)ccc4c3cc2OC)cc1,11998575,C24H22O6,406.4,4,74.2,574,1,6,6
T2707,Br.Cc1ccc(C(=O)Cn2c3c(sc2=N)CCCC3)cc1,9929138,C16H19BrN2OS,367.3,,69.5,449,2,3,3
T2709,CCS(=O)(=O)c1cccc(-c2cc(C(=O)NC3CCN(C)CC3)c(C)c3[nH]c4ncc(C)cc4c23)c1,16124208,C28H32N4O3S,504.6,4.5,104,884,2,5,5
T2710,Cn1c(SCC(=O)N2CCC[C@H]2C(=O)Nc2ccccc2-c2ccccc2)nc2ccccc21,11960895,C27H26N4O2S,470.6,4.9,92.5,715,1,4,6
T2711,CCC(C)c1ccc(NC(=O)Cn2cnc3c2c(=O)n(C)c(=O)n3C)cc1,2873523,C19H23N5O3,369.4,2.2,87.5,590,1,4,5
T2712,Cl.Cn1c(NCCN(CCO)CCCc2ccc([N+](=O)[O-])cc2)cc(=O)n(C)c1=O,122188,C19H28ClN5O5,441.9,,122,613,3,7,10
T2713,O.O.O.O.OC[C@H]1O[C@H](OC[C@H]2O[C@H](OC[C@H]3O[C@H](O[C@]4(CO)O[C@H](CO)[C@@H](O)[C@@H]4O)[C@H](O)[C@@H](O)[C@@H]3O)[C@H](O)[C@@H](O)[C@H]2O)[C@H](O)[C@@H](O)[C@H]1O,2724335,C24H50O25,738.6,,352,933,18,25,11
T2715,C[C@@H]1O[C@H]2O[C@H]3[C@@H](OC[C@H](O)[C@@H]3O)OC(=O)[C@]34CCC(C)(C)C[C@H]3C3=CC[C@@H]5[C@@]6(C)C[C@H](O)[C@H](O[C@@H]7O[C@H](CO)[C@@H](O)[C@H](O)[C@H]7O[C@@H]7OC[C@H](OC(=O)C[C@](C)(O)CC(=O)O[C@@H]1[C@@H](O[C@@H]1OC[C@@H](O)[C@H](O)[C@H]1O)[C@H]2O)[C@H](O)[C@H]7O)[C@@](C)(CO)[C@@H]6CC[C@@]5(C)[C@]3(C)CC4,5462420,C63H98O29,1319.4,-1.8,445,2700,14,29,4
T2716,O=C(Nc1ccccc1)Nc1ccccc1,7595,C13H12N2O,212.25,3,41.1,196,2,1,2
T2717,OC[C@H]1O[C@@H](OCCc2ccc(O)cc2)[C@H](O)[C@@H](O)[C@@H]1O,159278,C14H20O7,300.30,-0.6,120,306,5,7,5
T2718,COc1cc2c(cc1OC)-c1cc3ccc(OC)c(OC)c3c[n+]1CC2.[Cl-],73442,C21H22ClNO4,387.9,,40.8,475,0,5,4
T2719,O=C(O)CCC(=O)O,1110,C4H6O4,118.09,-0.6,74.6,92,2,4,3
T2720,CC(C)=CCC[C@](C)(O[C@@H]1O[C@H](CO[C@@H]2O[C@@H](CO)[C@H](O)[C@H]2O)[C@@H](O)[C@H](O)[C@H]1O)[C@H]1CC[C@]2(C)[C@@H]1[C@H](O)C[C@@H]1[C@@]3(C)CC[C@H](O[C@@H]4O[C@H](CO)[C@@H](O)[C@H](O)[C@H]4O[C@@H]4O[C@H](CO)[C@@H](O)[C@H](O)[C@H]4O)C(C)(C)[C@@H]3CC[C@]12C,12855889,C53H90O22,1079.3,0.9,357,1950,14,22,16
T2721,C[C@@H]1CC[C@@]2(OC1)O[C@H]1[C@@H](O)[C@H]3[C@@H]4CC[C@H]5C[C@@H](O[C@@H]6O[C@H](CO)[C@H](O[C@@H]7O[C@H](CO)[C@@H](O)[C@H](O[C@@H]8OC[C@@H](O)[C@H](O)[C@H]8O)[C@H]7O[C@@H]7O[C@H](CO)[C@H](O)[C@H](O[C@@H]8O[C@H](CO)[C@@H](O)[C@H](O)[C@H]8O)[C@H]7O)[C@H](O)[C@H]6O)[C@H](O)C[C@]5(C)[C@H]4CC[C@]3(C)[C@H]1[C@@H]2C,6474107,C56H92O29,1229.3,-3.9,455,2230,17,29,14
T2722,Cc1nc(C)c(C)nc1C,14296,C8H12N2,136.19,1.3,25.8,87,0,2,0
T2723,CC1=CC(=O)CC(C)(C)C1=O,62374,C9H12O2,152.19,1,34.1,246,0,2,0
T2724,C=C1CC[C@H]2O[C@]2(C)CC[C@@H]2[C@@H]1CC2(C)C,1742210,C15H24O,220.35,3.6,12.5,330,0,1,0
T2726,COC1=C[C@@H]2[C@@H]3Cc4ccc(OC)c(O)c4[C@]2(CCN3C)CC1=O,5459308,C19H23NO4,329.4,2.2,59,562,1,5,2
T2728,CC1(C)O[C@H]2CC(=O)OC[C@]23[C@H]2CC[C@@]4(C)[C@H](c5ccoc5)OC(=O)[C@H]5O[C@]54[C@]2(C)C(=O)C[C@@H]13,179651,C26H30O8,470.5,1.8,105,1010,0,8,1
T2729,COc1cc2ccc(=O)oc2cc1OC,8417,C11H10O4,206.19,1.9,44.8,274,0,4,2
T2731,CC(=O)c1c(O)c(C)c(O)c2c1OC1=CC(=O)C(C(C)=O)C(=O)C12C,5646,C18H16O7,344.3,1.4,118,708,2,7,2
T2732,O=C(O[C@@H]1Cc2c(O)cc(O)cc2O[C@@H]1c1ccc(O)c(O)c1)c1cc(O)c(O)c(O)c1,107905,C22H18O10,442.4,1.5,177,649,7,10,4
T2735,CC(=O)c1ccc(O)c(C(=O)O)c1,83151,C9H8O4,180.16,2.2,74.6,224,2,4,2
T2736,O=C([O-])C1C2CCC(O2)C1C(=O)O.[Na+],137967119,C8H9NaO5,208.14,,86.7,266,1,5,2
T2737,COc1ccc([C@@H]2CC(=O)c3c(O)cc(O[C@@H]4O[C@H](CO)[C@@H](O)[C@H](O)[C@H]4O[C@@H]4O[C@@H](C)[C@H](O)[C@@H](O)[C@H]4O)cc3O2)cc1O,442439,C28H34O15,610.6,-0.5,234,940,8,15,7
T2739,O=C(O)C1=C[C@@H](O)[C@@H](O)[C@H](O)C1,8742,C7H10O5,174.15,-1.7,98,222,4,5,1
T2741,CC1(C)[C@@H](O[C@H]2O[C@H](C(=O)O)[C@@H](O)[C@H](O)[C@H]2O[C@@H]2O[C@H](C(=O)O)[C@@H](O)[C@H](O)[C@H]2O)CC[C@]2(C)[C@H]3C(=O)C=C4[C@@H]5C[C@@](C)(C(=O)O)CC[C@]5(C)CC[C@@]4(C)[C@]3(C)CC[C@@H]12,14982,C42H62O16,822.9,3.7,267,1730,8,16,7
T2743,CNC(=O)[C@H](Cc1c[nH]c2ccccc12)NC(=O)[C@@H](CC(=O)NO)CC(C)C,132519,C20H28N4O4,388.5,0.9,123,554,5,4,9
T2744,COC(=O)CC[C@@H](C)[C@H]1CC[C@H]2[C@@H]3[C@H](O)C[C@@H]4C[C@H](O)CC[C@]4(C)[C@H]3C[C@H](O)[C@]12C,10960835,C25H42O5,422.6,3.9,87,651,3,5,5
T2745,CC1(C)[C@@H](O)CC[C@]2(C)[C@H]3C(=O)C=C4[C@H]5C[C@@](C)(C(=O)O)CC[C@]5(C)CC[C@@]4(C)[C@]3(C)CC[C@@H]12,73398,C30H46O4,470.7,6.4,74.6,965,2,4,1
T2747,O=C(O)C1C2CCC(O2)C1C(=O)O,3225,C8H10O5,186.16,-0.5,83.8,235,2,5,2
T2748,CC12CCC(=O)C=C1CCC1C2CCC2(C)C1CC[C@]2(O)C(=O)CO,9050,C21H30O4,346.5,2.5,74.6,652,2,4,2
T2749,C[C@@H]1C(=O)O[C@H]2C[C@@]34[C@H]5C[C@@H](C(C)(C)C)[C@]36[C@@H](OC(=O)[C@@H]6O)O[C@@]4(C(=O)O5)[C@]21O,9909368,C20H24O9,408.4,0.6,129,893,2,9,1
T2750,C[C@@H]1C(=O)O[C@H]2[C@H](O)[C@]34[C@@H]5OC(=O)[C@]3(O[C@@H]3OC(=O)[C@H](O)[C@@]34[C@H](C(C)(C)C)[C@H]5O)[C@@]12O,9867869,C20H24O11,440.4,-1.4,169,957,4,11,1
T2751,C[C@@H]1C(=O)O[C@H]2[C@H](O)[C@@]34[C@H]5C[C@@H](C(C)(C)C)[C@]36[C@@H](OC(=O)[C@@H]6O)O[C@@]4(C(=O)O5)[C@@]12O,6324617,C20H24O10,424.4,-0.4,149,925,3,10,1
T2752,Nc1ncnc2c1ncn2[C@H]1C[C@H](O)[C@@H](CO)O1.O,9549172,C10H15N5O4,269.26,,120,307,4,8,2
T2753,CC(C)c1cc(C(C)C)c(CC(=O)NS(=O)(=O)Oc2c(C(C)C)cccc2C(C)C)c(C(C)C)c1,166558,C29H43NO4S,501.7,8.2,80.9,734,1,4,10
T2754,O=C1CCC[C@@H]2[C@H]3CCC[N+]4([O-])CCC[C@@H](CN12)[C@@H]34,114850,C15H24N2O2,264.36,1,38.4,400,0,2,0
T2755,C[C@@H]1O[C@@H](O[C@H]2[C@H](Oc3cc(O)c4c(=O)cc(-c5ccc(O)cc5)oc4c3)O[C@H](CO)[C@@H](O)[C@@H]2O)[C@H](O)[C@H](O)[C@H]1O,5282150,C27H30O14,578.5,-0.2,225,939,8,14,6
T2756,C=C[C@H]1[C@H](O[C@@H]2O[C@H](CO)[C@@H](O)[C@H](O)[C@H]2O)OC=C2C(=O)OCC[C@]21O,442435,C16H22O10,374.34,-2,155,592,5,10,4
T2757,C[C@@H]1O[C@@H](Oc2c(-c3cc(O)c(O)c(O)c3)oc3cc(O)cc(O)c3c2=O)[C@H](O)[C@H](O)[C@H]1O,5281673,C21H20O12,464.4,0.5,207,760,8,12,3
T2758,CC1CCC2(C(=O)O)CCC3(C)C(=CCC4C5(C)CC(O)C(O)C(C)(CO)C5C(O)CC43C)C2C1C,258809,C30H48O6,504.7,4.4,118,963,5,6,2
T2759,COC(=O)C1=CO[C@@H](O[C@@H]2O[C@H](CO)[C@@H](O)[C@H](O)[C@H]2O)[C@@H]2[C@@H](C)[C@@H](O)C[C@H]12,87691,C17H26O10,390.4,-1.4,155,580,5,10,5
T2760,N[C@@H](Cc1cc(I)c(O)c(I)c1)C(=O)O.O.O,2724330,C9H13I2NO5,469.01,,85.6,227,5,6,3
T2761,C[C@@H]1O[C@@H](O[C@H]2[C@H](Oc3cc(O)c(C(=O)CCc4ccc(O)cc4)c(O)c3)O[C@H](CO)[C@@H](O)[C@@H]2O)[C@H](O)[C@H](O)[C@H]1O,9894584,C27H34O14,582.5,-0.3,236,827,9,14,9
T2762,C[C@H]1O[C@H](O[C@H]2[C@H](O)[C@@H](O)[C@@H](O)[C@H](O)[C@@H]2O)[C@@H](N)C[C@@H]1NC(=N)C(=O)O.Cl,88045,C14H26ClN3O9,415.82,,221,532,9,11,4
T2763,CC1(C)CCC[C@](C)([C@H]2CC[C@]3(C)[C@@H]2[C@H](O)C[C@@H]2[C@@]4(C)CC[C@H](O)C(C)(C)[C@@H]4CC[C@]23C)O1,73498,C30H52O3,460.7,6.9,49.7,789,2,3,1
T2764,CC[C@@]1(O)C(=O)OCc2c1cc1n(c2=O)Cc2cc3cc(O)ccc3nc2-1,97226,C20H16N2O5,364.4,0.6,100,774,2,6,1
T2766,COc1ccc(C[C@H]2COC(=O)[C@@H]2Cc2ccc(O[C@@H]3O[C@H](CO)[C@@H](O)[C@H](O)[C@H]3O)c(OC)c2)cc1OC,100528,C27H34O11,534.6,1.8,153,753,4,11,10
T2767,COc1ccc(CCC(=O)c2c(O)cc(O[C@@H]3O[C@H](CO)[C@@H](O)[C@H](O)[C@H]3O[C@@H]3O[C@@H](C)[C@H](O)[C@@H](O)[C@H]3O)cc2O)cc1O,30231,C28H36O15,612.6,-0.3,245,882,9,15,10
T2768,C[C@H]1O[C@@H](O[C@H]2CC[C@@]3(C)[C@@H](CC[C@]4(C)[C@@H]3C=C[C@]35OC[C@@]6(CCC(C)(C)C[C@H]63)[C@@H](O)C[C@]54C)[C@]2(C)CO)[C@H](O)[C@@H](O[C@@H]2O[C@H](CO)[C@@H](O)[C@H](O)[C@H]2O)[C@H]1O,167928,C42H68O13,781.0,2.5,208,1490,8,13,6
T2770,C=C[C@@H]1C2=CCOC(=O)C2=CO[C@H]1O[C@@H]1O[C@H](CO)[C@@H](O)[C@H](O)[C@H]1O,88708,C16H20O9,356.32,-1.2,135,598,4,9,4
T2771,Cc1cc(O)cc(O[C@@H]2O[C@H](CO)[C@@H](O)[C@H](O)[C@H]2O)c1,12315192,C13H18O7,286.28,-0.5,120,313,5,7,3
T2772,C=CCSC[C@H](N)C(=O)O,9793905,C6H11NO2S,161.22,-2.1,88.6,127,2,4,5
T2773,CC[C@]12C=CCN3CC[C@@]4(c5ccc(OC)cc5N(C)C4[C@@](O)(C(=O)OC)[C@@H]1OC(C)=O)[C@@H]32,16667702,C25H32N2O6,456.5,1.3,88.5,864,1,8,6
T2774,Cl.O[C@H]1[C@H]2c3cc4c(cc3CN3CCC(=C[C@@H]1O)[C@H]23)OCO4,164943,C16H18ClNO4,323.77,,62.2,481,3,5,0
T2775,O=C(O)[C@H]1O[C@@H](Oc2cc3oc(-c4ccccc4)cc(=O)c3c(O)c2O)[C@H](O)[C@@H](O)[C@@H]1O,64982,C21H18O11,446.4,1.1,183,748,6,11,4
T2776,O=C(C=Cc1ccc(O)cc1)OC[C@H]1O[C@@H](Oc2c(-c3ccc(O)cc3)oc3cc(O)cc(O)c3c2=O)[C@H](O)[C@@H](O)[C@@H]1O,5464380,C30H26O13,594.5,2.5,213,1040,7,13,8
T2777,CC(C)=CCC[C@](C)(O[C@@H]1O[C@H](CO)[C@@H](O)[C@H](O)[C@H]1O)[C@H]1CC[C@]2(C)[C@@H]1[C@H](O)C[C@@H]1[C@@]3(C)CC[C@H](O)C(C)(C)[C@@H]3[C@@H](O[C@@H]3O[C@H](CO)[C@@H](O)[C@H](O)[C@H]3O)C[C@]12C,441923,C42H72O14,801.0,2.7,239,1410,10,14,10
T2778,O.Oc1cc(O)c2c(c1)O[C@H](c1ccc(O)c(O)c1)[C@@H](O)C2,107957,C15H16O7,308.28,,111,364,6,7,1
T2779,Cc1c(C(=O)NCCO)[n+]([O-])c2ccccc2[n+]1[O-],71905,C12H13N3O4,263.25,-0.2,95.7,421,2,5,3
T2780,OC[C@H]1O[C@@H](O[C@@H]2OC=C[C@H]3[C@H](O)[C@@H]4O[C@]4(CO)[C@@H]23)[C@H](O)[C@@H](O)[C@@H]1O,91520,C15H22O10,362.33,-3.2,162,542,6,10,4
T2781,C[n+]1cc2c3c(ccc2c2ccc4cc5c(cc4c21)OCO5)OCO3,5154,C20H14NO4+,332.3,4.4,40.8,530,0,4,0
T2782,CCC1=CC2C[N@@]3CCc4c([nH]c5ccccc45)[C@@](C(=O)OC)(C2)[C@@H]13,5315744,C21H24N2O2,336.4,2.8,45.3,603,1,3,3
T2784,CCOC(=O)c1c(C)cc(O)cc1O,75653,C10H12O4,196.20,2.3,66.8,204,2,4,3
T2785,COc1ccc2c(C)cc(=O)oc2c1,390807,C11H10O3,190.19,2.2,35.5,270,0,3,1
T2786,O=C1C=CC[C@@H]2[C@H]3CCC[N@@+]4([O-])CCC[C@@H](CN12)[C@@H]34,124708540,C15H22N2O2,262.35,1.2,38.4,436,0,2,0
T2789,O=C(O)[C@H]1O[C@@H](Oc2cc3oc(-c4ccc(O)cc4)cc(=O)c3c(O)c2O)[C@H](O)[C@@H](O)[C@@H]1O,185617,C21H18O12,462.4,0.8,203,777,7,12,4
T2790,C=C1C(=O)[C@]23[C@H](O)[C@H]1CC[C@H]2[C@@]12CO[C@]3(O)[C@@H](O)[C@@H]1C(C)(C)CC[C@@H]2O,5321010,C20H28O6,364.4,0.1,107,717,4,6,0
T2791,COc1ccc(-c2cc(=O)c3c(O)c(OC)c(O[C@@H]4O[C@H](CO[C@@H]5O[C@@H](C)[C@H](O)[C@@H](O)[C@H]5O)[C@@H](O)[C@H](O)[C@H]4O)cc3o2)cc1,168849,C29H34O15,622.6,-0.5,223,1000,7,15,8
T2792,N[C@@H](C=O)[C@@H](O)[C@H](O)[C@H](O)CO.O=S(=O)(O)O,115046,C6H15NO9S,277.25,,207,223,7,10,5
T2793,COc1cc2c(cc1OC)C1Cc3ccc(OC)c(OC)c3CN1CC2.Cl,6602555,C21H26ClNO4,391.9,,40.2,475,1,5,4
T2794,C[C@@H]1O[C@@H](O[C@H]2C(=O)c3c(O)cc(O)cc3O[C@@H]2c2ccc(O)c(O)c2)[C@H](O)[C@H](O)[C@H]1O,119258,C21H22O11,450.4,0.4,186,676,7,11,3
T2798,O=c1ccc2cc(O)c(O)cc2o1,5281416,C9H6O4,178.14,1.2,66.8,248,2,4,0
T2799,CC(C)=CCC[C@](C)(O)[C@H]1CC[C@]2(C)[C@@H]1[C@H](O)C[C@@H]1[C@@]3(C)CC[C@H](O)C(C)(C)[C@@H]3CC[C@]12C,11213350,C30H52O3,460.7,7.2,60.7,783,3,3,4
T2800,CCNC(=O)CC[C@H](N)C(=O)O,439378,C7H14N2O3,174.20,-3.6,92.4,170,3,4,5
T2801,COc1cccc2c1cc([N+](=O)[O-])c1c(C(=O)O)cc3c(c12)OCO3,2236,C17H11NO7,341.27,3.6,111,550,1,7,2
T2802,COC(=O)Nc1nc2ccc(C(=O)c3cccs3)cc2[nH]1,4122,C14H11N3O3S,301.32,2.8,112,420,2,5,4
T2803,C[C@H]1C(=O)O[C@@H]2CCN3CC=C(COC(=O)[C@](C)(O)[C@]1(C)O)[C@H]23,9415,C16H23NO6,325.36,-0.7,96.3,575,2,7,0
T2804,CC1(C)CCCC(C)(C2CCC3(C)C2C(O)CC2C4(C)CCC(O)C(C)(C)C4C(O)CC23C)O1,328779,C30H52O4,476.7,5.5,69.9,823,3,4,1
T2805,O=C(C=Cc1ccc(O)c(O)c1)O[C@@H]1C[C@](O)(C(=O)O)C[C@@H](O)[C@H]1O,9476,C16H18O9,354.31,-0.4,165,534,6,9,5
T2806,CCN1C[C@]2(OC(=O)c3ccccc3NC(C)=O)CC[C@H](OC)[C@]34[C@@H]2C[C@@H]([C@@H]13)[C@@]1(O)C[C@H](OC)[C@H]2C[C@@H]4[C@]1(O)[C@H]2OC,98137036,C32H44N2O8,584.7,1.6,127,1120,3,9,8
T2808,CC(C)(C)[C@]1(O)C[C@@H]2OC(=O)C[C@@]23C(=O)O[C@@H]2OC(=O)[C@H](O)[C@]213,73581,C15H18O8,326.30,-0.3,119,650,2,8,1
T2809,COc1ccc2cc1Oc1ccc(cc1)C[C@H]1c3cc(c(OC)cc3CCN1C)Oc1c(O)c(OC)cc3c1[C@@H](C2)N(C)CC3,100257,C37H40N2O6,608.7,6.1,72.9,963,1,8,3
T2810,CC(C)=CCC[C@](C)(O)[C@H]1CC[C@]2(C)[C@@H]1[C@H](O)C[C@@H]1[C@@]3(C)CC[C@H](O)C(C)(C)[C@@H]3[C@@H](O)C[C@]12C,11468733,C30H52O4,476.7,5.9,80.9,817,4,4,4
T2811,COc1ccc2c(c1)[nH]c1c(C)nccc12.Cl,5359389,C13H13ClN2O,248.71,,37.9,258,2,2,1
T2812,Nc1ncnc2c1ncn2C1OC(COP(=O)(O)OP(=O)([O-])OP(=O)([O-])O)C(O)C1O.O.[Na+].[Na+],139292191,C10H16N5Na2O14P3,569.16,,286,789,6,18,8
T2813,C[C@H]1[C@H](C)CC[C@]2(C(=O)O[C@@H]3O[C@H](CO[C@@H]4O[C@H](CO)[C@@H](O[C@@H]5O[C@@H](C)[C@H](O)[C@@H](O)[C@H]5O)[C@H](O)[C@H]4O)[C@@H](O)[C@H](O)[C@H]3O)CC[C@@]3(C)C(=CC[C@@H]4[C@@]5(C)C[C@@H](O)[C@H](O)[C@@](C)(CO)[C@@H]5[C@H](O)C[C@]43C)[C@H]12,45356919,C48H78O20,975.1,-1.2,335,1860,13,20,10
T2814,C[C@H]1COC2=C1C(=O)C(=O)c1c2ccc2c1CCCC2(C)C,160254,C19H20O3,296.4,3.8,43.4,571,0,3,0
T2815,O=c1c(-c2ccc(O)cc2)coc2c([C@@H]3O[C@H](CO)[C@@H](O)[C@H](O)[C@H]3O)c(O)ccc12,5281807,C21H20O9,416.4,0,157,659,6,9,3
T2816,O=c1cc(-c2ccccc2)oc2c(O)c(O)ccc12,1880,C15H10O4,254.24,3.3,66.8,384,2,4,1
T2817,COc1cc(C(=O)O[C@H]2[C@@H]3C=CO[C@@H](O[C@@H]4O[C@H](CO)[C@@H](O)[C@H](O)[C@H]4O)[C@@H]3[C@@]3(CO)O[C@@H]23)ccc1O,11944602,C23H28O13,512.5,-1.4,197,839,6,13,8
T2818,COC(=O)c1ccc(O)c(OC)c1,19844,C9H10O4,182.17,1.8,55.8,180,1,4,3
T2820,COc1cc2c(=O)c(-c3ccc(O)cc3)coc2cc1OC1OC(CO)C(O)C(O)C1O,12004532,C22H22O10,446.4,0.6,155,690,5,10,5
T2822,CC(C)=CCC[C@](C)(O[C@@H]1O[C@H](CO[C@@H]2O[C@H](CO)[C@@H](O)[C@H](O)[C@H]2O)[C@@H](O)[C@H](O)[C@H]1O)[C@H]1CC[C@]2(C)[C@@H]1[C@H](O)C[C@@H]1[C@@]3(C)CC[C@H](O[C@@H]4O[C@H](CO)[C@@H](O)[C@H](O)[C@H]4O[C@@H]4O[C@H](CO)[C@@H](O)[C@H](O)[C@H]4O)C(C)(C)[C@@H]3CC[C@]12C,9898279,C54H92O23,1109.3,0.3,377,2000,15,23,16
T2824,C[C@@H]1CC[C@]2(C(=O)O[C@@H]3O[C@H](CO)[C@@H](O)[C@H](O)[C@H]3O)CC[C@]3(C)C(=CC[C@@H]4[C@@]5(C)CC[C@H](O)[C@@](C)(CO)[C@@H]5CC[C@]43C)[C@@H]2[C@]1(C)O,14286954,C36H58O10,650.8,3.5,177,1240,7,10,5
T2825,CC1=C2C[C@H]3[C@@H](CC=C4C[C@@H](O)CC[C@@]43C)[C@@H]2CC2O[C@@H]3C[C@H](C)CN[C@H]3[C@@H](C)[C@@H]12,52991976,C27H41NO2,411.6,3.6,41.5,786,2,3,0
T2826,COc1cc(OC)c(OC)cc1C=O,20525,C10H12O4,196.20,1.3,44.8,183,0,4,4
T2827,C[C@H]1[C@H](C)CC[C@]2(C(=O)O)CC[C@]3(C)C(=CC[C@@H]4[C@@]5(C)C[C@@H](O)[C@H](O)[C@@](C)(CO)[C@@H]5CC[C@]43C)[C@H]12,119034,C30H48O5,488.7,5.7,98,930,4,5,2
T2828,CCCCCCCCCC[C@H](C(=O)O)[C@]1(C(=O)O)CCC(=O)O1,73448,C17H28O6,328.4,4.4,101,419,2,6,12
T2829,C=C1C(=O)O[C@@H]2C[C@@]3(C)CCCC(=C)[C@@H]3C[C@H]12,73285,C15H20O2,232.32,3.4,26.3,409,0,2,0
T2830,C=C(C)[C@@H]1CC[C@]2(C(=O)O)CC[C@]3(C)[C@H](CC[C@@H]4[C@@]5(C)CC[C@H](O)C(C)(C)[C@@H]5CC[C@]43C)[C@@H]12,64971,C30H48O3,456.7,8.2,57.5,861,2,3,2
T2831,C[C@H](CCC(=O)NCC(=O)O)[C@H]1CC[C@H]2[C@@H]3[C@H](O)C[C@@H]4C[C@H](O)CC[C@]4(C)[C@H]3C[C@H](O)[C@]12C,10140,C26H43NO6,465.6,2.9,127,759,5,6,6
T2832,COc1ccc2c(c1O)-c1c(OC)c(OC)cc3c1[C@H](C2)N(C)CC3,10143,C20H23NO4,341.4,2.6,51.2,475,1,5,3
T2833,C=C1CC[C@H]2C(=C)CC[C@H]3C(=C)C(=O)O[C@@H]3[C@@H]12,73174,C15H18O2,230.30,2.6,26.3,432,0,2,0
T2834,COc1ccc(-c2cc(=O)c3c(OC)c(OC)c(OC)c(OC)c3o2)cc1OC,72344,C21H22O8,402.4,3,81.7,593,0,8,7
T2835,O=c1c(O)c(-c2ccc(O)cc2O)oc2cc(O)cc(O)c12,5281670,C15H10O7,302.23,1.5,127,488,5,7,1
T2836,COc1cc(-c2oc3cc(O)cc(O)c3c(=O)c2O)ccc1O,5281654,C16H12O7,316.26,1.9,116,503,4,7,2
T2837,O=c1cc(-c2ccccc2)oc2cc(O)cc(O)c12,5281607,C15H10O4,254.24,2.1,66.8,384,2,4,1
T2838,O=C1C[C@@H](c2ccc(O)cc2)Oc2cc(O)cc(O)c21,439246,C15H12O5,272.25,2.4,87,363,3,5,1
T2839,Cc1cc(O)cc(O)c1C(=O)O,68072,C8H8O4,168.15,1.7,77.8,180,3,4,1
T2840,CC(=O)c1c(O)cc(O)cc1O,68073,C8H8O4,168.15,1.1,77.8,168,3,4,1
T2841,CC1=CC(=O)c2c(O)cccc2C1=O,10205,C11H8O3,188.18,2.3,54.4,316,1,3,0
T2842,COc1ccc(-c2cc(=O)c3c(OC)c(OC)c(OC)c(OC)c3o2)cc1,68077,C20H20O7,372.4,3,72.5,540,0,7,6
T2843,O=C1c2cccc(O)c2C(=O)c2c(O)cc(CO)cc21,10207,C15H10O5,270.24,1.8,94.8,420,3,5,1
T2844,O=c1c(O[C@@H]2O[C@H](CO)[C@H](O)[C@H](O)[C@H]2O)c(-c2ccc(O)c(O)c2)oc2cc(O)cc(O)c12,5281643,C21H20O12,464.4,0.4,207,758,8,12,4
T2845,CC(C)=CCOc1c2occc2cc2ccc(=O)oc12,10212,C16H14O4,270.28,3.4,48.7,436,0,4,3
T2846,CC(C)=CCOc1c2ccoc2cc2oc(=O)ccc12,68081,C16H14O4,270.28,3.8,48.7,436,0,4,3
T2847,O=C1C(=C2Nc3ccccc3C2=O)Nc2ccccc21,10215,C16H10N2O2,262.26,2.7,65.5,448,2,3,1
T2848,COc1ccc2ccc(=O)oc2c1CC=C(C)C,10228,C15H16O3,244.28,3.8,35.5,366,0,3,3
T2850,CN1CCc2cc3c(cc2[C@H]1[C@@H]1OC(=O)c2c1ccc1c2OCO1)OCO3,10237,C20H17NO6,367.4,2.6,66.5,615,0,7,1
T2851,O=c1ccc2ccc(O)c(O)c2o1,5280569,C9H6O4,178.14,1.2,66.8,248,2,4,0
T2852,COc1cc(OC)c2ccc(=O)oc2c1,2775,C11H10O4,206.19,1.9,44.8,274,0,4,2
T2853,C=C1C[C@@]2(O)O[C@@]3(C[C@H]2C(C)C)[C@@H](C)CC[C@@H]13,14240392,C15H24O2,236.35,2.8,29.5,362,1,2,1
T2854,COc1ccc([C@@H]2OC[C@H]3[C@@H]2CO[C@@H]3c2ccc(O[C@@H]3O[C@H](CO)[C@@H](O)[C@H](O)[C@H]3O)cc2OC)cc1OC,24721571,C27H34O11,534.6,0.8,146,757,4,11,8
T2855,COc1ccc(-c2oc3c(CC=C(C)C)c(O[C@@H]4O[C@H](CO)[C@@H](O)[C@H](O)[C@H]4O)cc(O)c3c(=O)c2O[C@@H]2O[C@@H](C)[C@H](O)[C@@H](O)[C@H]2O)cc1,5318997,C33H40O15,676.7,1.7,234,1170,8,15,9
T2856,Oc1cc(O)c2c(c1)O[C@H](c1ccc(O)c(O)c1)[C@H](O)C2,72276,C15H14O6,290.27,0.4,110,364,5,6,1
T2857,O=C(O)c1cc(O)ccc1O,3469,C7H6O4,154.12,1.6,77.8,157,3,4,1
T2858,O=c1cc(-c2ccccc2)oc2cc(O)c(O)c(O)c12,5281605,C15H10O5,270.24,1.7,87,412,3,5,1
T2859,COc1ccc(-c2coc3cc(O)cc(O)c3c2=O)cc1,5280373,C16H12O5,284.26,3,76,424,2,5,2
T2860,COc1cc(CO)ccc1O,62348,C8H10O3,154.16,0,49.7,116,2,3,2
T2861,OCCc1ccc(O)cc1,10393,C8H10O2,138.16,0.4,40.5,85,2,2,2
T2862,O=C(O)CCc1ccc(O)cc1,10394,C9H10O3,166.17,1.2,57.5,148,2,3,3
T2865,CC1(C)CC[C@]2(C(=O)O)CC[C@]3(C)C(=CC[C@@H]4[C@@]5(C)CC[C@H](O)C(C)(C)C5CC[C@]43C)[C@H]2C1,191720,C30H48O3,456.7,7.5,57.5,885,2,3,1
T2866,CC1(C)CC[C@]2(C(=O)O)[C@H](O)C[C@]3(C)C(=CC[C@@H]4[C@@]5(C)CC[C@H](O)C(C)(C)[C@@H]5CC[C@]43C)[C@@H]2C1,73309,C30H48O4,472.7,6.9,77.8,919,3,4,1
T2868,CN1c2ccccc2C(=O)N2CCc3c([nH]c4ccccc34)[C@H]21,442088,C19H17N3O,303.4,3.1,39.3,495,1,2,0
T2869,Cc1cc(O)c2c(c1)C(=O)c1cc(O)cc(O)c1C2=O,3220,C15H10O5,270.24,2.7,94.8,434,3,5,0
T2870,O=C1CCCC2C3CCCN4CCCC(CN12)C34,285698,C15H24N2O,248.36,1.6,23.6,356,0,2,0
T2871,C[C@@H]1O[C@@H](Oc2c(-c3ccc(O)c(O)c3)oc3cc(O)cc(O)c3c2=O)[C@H](O)[C@H](O)[C@H]1O,5280459,C21H20O11,448.4,0.9,186,741,7,11,3
T2872,CC(C)=CCC[C@](C)(O[C@@H]1O[C@H](CO)[C@@H](O)[C@H](O)[C@H]1O)[C@H]1CC[C@]2(C)[C@@H]1CC[C@@H]1[C@@]3(C)CC[C@H](O)C(C)(C)[C@@H]3[C@@H](O[C@@H]3O[C@H](CO)[C@@H](O)[C@H](O)[C@H]3O[C@@H]3O[C@@H](C)[C@H](O)[C@@H](O)[C@H]3O)C[C@]12C,146681955,C48H82O17,931.2,2.9,278,1660,11,17,12
T2873,CC(C)=CCC[C@](C)(O)[C@H]1CC[C@]2(C)[C@@H]1[C@H](O)C[C@@H]1[C@@]3(C)CC[C@H](O)C(C)(C)[C@@H]3[C@@H](O[C@@H]3O[C@H](CO)[C@@H](O)[C@H](O)[C@H]3O[C@@H]3O[C@@H](C)[C@H](O)[C@@H](O)[C@H]3O)C[C@]12C,21599924,C42H72O13,785.0,3.2,219,1390,9,13,9
T2874,COc1ccc2c(c1OC)CN1CCc3cc4c(cc3C1C2)OCO4,34458,C20H21NO4,339.4,3.1,40.2,488,0,5,2
T2875,O=c1ccc2ccc3occc3c2o1,10658,C11H6O3,186.16,2,39.4,284,0,3,0
T2876,O=c1cc(-c2ccccc2)oc2ccccc12,10680,C15H10O2,222.24,3.6,26.3,326,0,2,1
T2877,O=C(O)[C@@H](O)[C@H](O)[C@H](O)[C@@H](O)C(=O)O,3037582,C6H10O8,210.14,-2.5,156,202,6,8,5
T2878,CC(C)=CCC[C@](C)(O[C@@H]1O[C@H](CO)[C@@H](O)[C@H](O)[C@H]1O)[C@H]1CC[C@]2(C)[C@@H]1[C@H](O)C[C@@H]1[C@@]3(C)CC[C@H](O[C@@H]4O[C@H](CO)[C@@H](O)[C@H](O)[C@H]4O[C@@H]4O[C@H](CO)[C@@H](O)[C@H](O)[C@H]4O)C(C)(C)[C@@H]3CC[C@]12C,11679800,C48H82O18,947.2,2.4,298,1680,12,18,13
T2879,O=c1c(O)c(-c2ccc(O)c(O)c2)oc2cc(O)ccc12,5281614,C15H10O6,286.24,2,107,459,4,6,1
T2880,OC[C@H]1O[C@@H](O[C@H]2[C@H](O)[C@@H](O)[C@H](O)O[C@@H]2CO)[C@H](O)[C@@H](O)[C@@H]1O,10712,C12H22O11,342.30,-4.7,190,382,8,11,4
T2881,CC(C)(O)CCC(O)C(C)(O)C1CCC2(O)C3=CC(=O)C4CC(O)C(O)CC4(C)C3CCC12C,271605,C27H44O7,480.6,0.5,138,869,6,7,5
T2882,O=c1c(-c2ccc(O)cc2)coc2cc(O[C@@H]3O[C@H](CO)[C@@H](O)[C@H](O)[C@H]3O)cc(O)c12,5281377,C21H20O10,432.4,0.9,166,675,6,10,4
T2883,COc1cc(C(=O)O)cc(OC)c1O,10742,C9H10O5,198.17,1,76,191,2,5,3
T2884,C[C@]12CCC(=O)C=C1CC[C@@H]1[C@@H]2C(=O)C[C@@]2(C)[C@H]1CC[C@]2(O)C(=O)CO,222786,C21H28O5,360.4,1.5,91.7,724,2,5,2
T2885,O=c1ccc2cc(O[C@@H]3O[C@H](CO)[C@@H](O)[C@H](O)[C@H]3O)c(O)cc2o1,5281417,C15H16O9,340.28,-0.6,146,495,5,9,3
T2886,O=C(O)CCCCCCC[C@@H](O)[C@@H](O)CCCCCCO,222178,C16H32O5,304.42,2.5,98,245,4,5,15
T2887,C[n+]1cccc(C(=O)[O-])c1,5570,C7H7NO2,137.14,1.2,44,130,0,2,0
T2890,CN(C)CCc1ccc(O)cc1,68313,C10H15NO,165.23,2.1,23.5,117,1,2,3
T2891,CC1(C)[C@@H](O[C@H]2O[C@H](C(=O)O)[C@@H](O)[C@H](O)[C@H]2O[C@@H]2O[C@H](C(=O)O)[C@@H](O)[C@H](O)[C@H]2O)CC[C@]2(C)[C@H]3C(=O)C=C4[C@@H]5C[C@@](C)(C(=O)[O-])CC[C@]5(C)CC[C@@]4(C)[C@]3(C)CC[C@@H]12.[NH4+],71774887,C42H65NO16,840.0,,271,1730,8,16,6
T2893,CC1CCCCCCCCCCCCC(=O)C1,10947,C16H30O,238.41,6.2,17.1,198,0,1,0
T2894,O=C1OC(=O)C2C3CCC(O3)C12,93004,C8H8O4,168.15,-0.1,52.6,246,0,4,0
T2896,C=C1C(=O)O[C@@H]2C[C@@]3(C)CCC[C@H](C)C3=C[C@H]12,72724,C15H20O2,232.32,3.7,26.3,421,0,2,0
T2897,CC(C)=CCC(O)C1=CC(=O)c2c(O)ccc(O)c2C1=O,5208,C16H16O5,288.29,3,94.8,501,3,5,3
T2899,O=C1C[C@@H](c2ccc(O[C@@H]3O[C@H](CO)[C@@H](O)[C@H](O)[C@H]3O)cc2)Oc2cc(O)ccc21,503737,C21H22O9,418.4,0.4,146,593,5,9,4
T2900,COc1ccc(C(C)=O)c(O)c1,11092,C9H10O3,166.17,2,46.5,167,1,3,2
T2901,O=c1c(-c2ccc(O)cc2)coc2cc(O[C@@H]3O[C@H](CO)[C@@H](O)[C@H](O)[C@H]3O)ccc12,107971,C21H20O9,416.4,0.7,146,644,5,9,4
T2904,CC1(C)CCC[C@]2(C)[C@H]3CC(=O)O[C@]3(C)CC[C@@H]12,929262,C16H26O2,250.38,4.3,26.3,387,0,2,0
T2905,CC(C)CCC[C@@H](C)[C@H]1CC[C@H]2[C@@H]3CC[C@H]4CC(=O)CC[C@]4(C)[C@H]3CC[C@]12C,92128,C27H46O,386.7,8.9,17.1,579,0,1,5
T2907,Cc1coc2c1C(=O)C(=O)c1c-2ccc2c(C)cccc12,114917,C18H12O3,276.3,3.7,47.3,471,0,3,0
T2908,CCCCCCCCCCCCCCCC(=O)O,985,C16H32O2,256.42,6.4,37.3,178,1,2,14
T2909,COc1cc2ccc(=O)oc2c(O)c1O,5273569,C10H8O5,208.17,1.2,76,288,2,5,1
T2910,O=c1c(O)c(-c2ccccc2)oc2ccccc12,11349,C15H10O3,238.24,3.4,46.5,366,1,3,1
T2911,C=C1C[C@@]23CCC4[C@@](C)(CCC[C@@]4(C)C(=O)O[C@@H]4O[C@H](CO)C(O)[C@H](O)C4O)C2CC[C@@]1(O[C@H]1O[C@H](CO)C(O)[C@H](O)[C@H]1O[C@@H]1O[C@H](CO)[C@@H](O)[C@H](O)[C@H]1O)C3,24721412,C38H60O18,804.9,-1.2,295,1450,11,18,10
T2913,COc1cc2c(c(OC)c1OC)-c1c(cc3c(c1OC)OCO3)C[C@H](C)[C@](C)(O)[C@H]2OC(=O)c1ccccc1,151529,C30H32O9,536.6,5,102,833,1,9,7
T2914,OC[C@H]1O[C@H](OC[C@H]2OC(O)[C@H](O)[C@@H](O)[C@@H]2O)[C@H](O)[C@@H](O)[C@H]1O,440658,C12H22O11,342.30,-4.7,190,382,8,11,4
T2916,C[C@H]1CC[C@@]2(O)C(C)(C)[C@@H]3CC[C@@]2(C)[C@H]1C3,10955174,C15H26O,222.37,4.1,20.2,321,1,1,0
T2918,CC(=O)O[C@H]1CC[C@@]2(C)C(=CC[C@H]3[C@@H]4CC[C@H]([C@H](C)CCCC(C)C)[C@@]4(C)CC[C@@H]32)C1,2723897,C29H48O2,428.7,9.1,26.3,693,0,2,7
T2919,c1cc2c(cc1[C@H]1OC[C@H]3[C@@H]1CO[C@@H]3c1ccc3c(c1)OCO3)OCO2,72307,C20H18O6,354.4,2.7,55.4,482,0,6,2
T2920,COc1cc2c3cc1Oc1c(OC)c(OC)cc4c1[C@@H](Cc1ccc(O)c(c1)Oc1ccc(cc1)C[C@@H]3N(C)CC2)N(C)CC4.Cl.Cl,16217067,C37H42Cl2N2O6,681.6,,72.9,963,3,8,3
T2921,COC1=C[C@@H]2[C@@H]3Cc4ccc(OC)c(O)c4[C@]2(CCN3C)CC1=O.Cl,5464452,C19H24ClNO4,365.8,,59,562,2,5,2
T2922,O=C(CCc1ccc(O)cc1)c1c(O)cc(O)cc1O[C@@H]1O[C@H](CO)[C@@H](O)[C@H](O)[C@H]1O,6072,C21H24O10,436.4,1.2,177,581,7,10,7
T2923,CCOc1cc([C@@H](CS(C)(=O)=O)N2C(=O)c3cccc(NC(C)=O)c3C2=O)ccc1OC,11561674,C22H24N2O7S,460.5,1.8,127,825,1,7,8
T2924,O=C(CCc1ccc(O)cc1)c1c(O)cc(O)cc1O,4788,C15H14O5,274.27,2.6,98,312,4,5,4
T2925,COc1cc2c(c(OC)c1OC)-c1c(cc3c(c1OC)OCO3)C[C@@H](C)[C@@H](C)C2,174277,C23H28O6,400.5,5.1,55.4,543,0,6,4
T2926,COc1cc2c(c(OC)c1OC)-c1c(cc(OC)c(OC)c1OC)C[C@H](C)[C@H](C)C2,155256,C24H32O6,416.5,5.3,55.4,484,0,6,6
T2927,C[n+]1cccc(C(=O)O)c1.[Cl-],134606,C7H8ClNO2,173.60,,41.2,136,1,3,1
T2928,C[C@@H]1O[C@@H](O)[C@H](O)[C@H](O)[C@H]1O.O,22856332,C6H14O6,182.17,,91.2,139,5,6,0
T2929,CCOC(=O)c1ccc(O)c(OC)c1,12038,C10H12O4,196.20,2.1,55.8,193,1,4,4
T2931,NC(=O)NCCCC(N)C(=O)O,833,C6H13N3O3,175.19,-4.3,118,171,4,4,5
T2932,CC(C)=CCC[C@](C)(O)[C@H]1CC[C@]2(C)[C@@H]1[C@H](O)C[C@@H]1[C@@]3(C)CC[C@H](O)C(C)(C)[C@@H]3[C@@H](O[C@@H]3O[C@H](CO)[C@@H](O)[C@H](O)[C@H]3O)C[C@]12C,12855920,C36H62O9,638.9,4.3,160,1110,7,9,7
T2933,COc1c(O)cc(O)c2c(=O)cc(-c3ccccc3)oc12,5281703,C16H12O5,284.26,3,76,426,2,5,2
T2936,COc1cc(O)cc(OC)c1OC,69505,C9H12O4,184.19,0.5,47.9,137,1,4,3
T2937,COc1cc([C@@H]2c3cc4c(cc3[C@@H](O)[C@H]3COC(=O)[C@H]23)OCO4)cc(OC)c1O,122797,C21H20O8,400.4,1.7,104,614,2,8,3
T2939,C=C[C@@]1(C)CC(=O)[C@]2(O)[C@]3(C)[C@H]([C@H](O)[C@H](OC(C)=O)[C@@]2(C)O1)C(C)(C)CC[C@@H]3O,13361560,C22H34O7,410.5,1,113,747,3,7,3
T2940,O=c1cc(-c2ccccc2)oc2ccc(O)cc12,72279,C15H10O3,238.24,3.6,46.5,355,1,3,1
T2941,Cl.N[C@H]1C(O)O[C@H](CO)[C@@H](O)[C@@H]1O,2723635,C6H14ClNO5,215.63,,116,155,6,6,1
T2942,O=c1ccc2cc3ccoc3cc2o1,6199,C11H6O3,186.16,2.3,39.4,284,0,3,0
T2943,O=Cc1ccc(CO)o1,237332,C6H6O3,126.11,-0.6,50.4,102,1,3,2
T2944,O=C([O-])C(O)Cc1ccc(O)c(O)c1.[Na+],23711819,C9H9NaO5,220.15,,101,211,3,5,3
T2947,OCc1c[nH]c2ccccc12,3712,C9H9NO,147.17,1.1,36,138,2,1,1
T2948,CCOc1cc(C=O)ccc1OC(C)=O,155708,C11H12O4,208.21,1.5,52.6,227,0,4,5
T2949,O=C1c2ccccc2C(=O)c2c1ccc(O)c2O,6293,C14H8O4,240.21,3.2,74.6,378,2,4,0
T2950,COc1cc2c(c(OC)c1OC)-c1c(cc(OC)c(OC)c1OC)C[C@](C)(O)[C@@H](C)C2,3001664,C24H32O7,432.5,4,75.6,574,1,7,6
T2951,OC[C@H]1O[C@@H]2O[C@H]3[C@H](O)[C@@H](O)[C@@H](O[C@H]4[C@H](O)[C@@H](O)[C@@H](O[C@H]5[C@H](O)[C@@H](O)[C@@H](O[C@H]6[C@H](O)[C@@H](O)[C@@H](O[C@H]7[C@H](O)[C@@H](O)[C@@H](O[C@H]8[C@H](O)[C@@H](O)[C@@H](O[C@H]1[C@H](O)[C@H]2O)O[C@@H]8CO)O[C@@H]7CO)O[C@@H]6CO)O[C@@H]5CO)O[C@@H]4CO)O[C@@H]3CO,444041,C42H70O35,1135.0,-15,554,1480,21,35,7
T2952,CC12CCC(CC1=O)C2(C)C,2537,C10H16O,152.23,2.2,17.1,217,0,1,0
T2953,Cc1nc(C)c(C)nc1C.Cl,156709,C8H13ClN2,172.65,,25.8,87,1,2,0
T2954,OC[C@@]1(O)OC[C@@H](O)[C@@H](O)[C@@H]1O,24310,C6H12O6,180.16,-2.8,110,162,5,6,1
T2955,C=C1C[C@]23C[C@@]1(O)CC[C@H]2[C@@]12C=C[C@H](O)[C@@](C)(C(=O)O1)[C@H]2[C@@H]3C(=O)O,6466,C19H22O6,346.4,0.2,104,772,3,6,1
T2956,CC(=O)O[C@]1(C)CC[C@@]23C[C@@H]1C(C)(C)[C@@H]2CC[C@H]3C,13918856,C17H28O2,264.4,4.5,26.3,413,0,2,2
T2957,COc1cc(C[C@H]2C(=O)OC[C@@H]2Cc2ccc(OC)c(OC)c2)ccc1O,64981,C21H24O6,372.4,3.6,74.2,483,1,6,7
T2958,O=C(O)[C@]1(O)C[C@@H](O)[C@@H](O)[C@H](O)C1,6508,C7H12O6,192.17,-2.4,118,203,5,6,1
T2959,CC(C)=CCC[C@](C)(O)[C@H]1CC[C@]2(C)[C@@H]1[C@H](O)C[C@@H]1[C@@]3(C)CC[C@H](O[C@@H]4O[C@H](CO)[C@@H](O)[C@H](O)[C@H]4O)C(C)(C)[C@@H]3CC[C@]12C,119307,C36H62O8,622.9,5.6,140,1070,6,8,7
T5165,CC(=O)O[C@@]12CO[C@@H]1C[C@H](O)[C@@]1(C)C(=O)[C@H](O)C3=C(C)[C@@H](OC(=O)[C@H](O)[C@@H](NC(=O)c4ccccc4)c4ccccc4)C[C@@](O)([C@@H](OC(=O)c4ccccc4)[C@H]21)C3(C)C,155831,C45H49NO13,811.9,1.9,215,1680,5,13,12
T2961,CC(C)=CCC[C@](C)(O[C@@H]1O[C@H](CO)[C@@H](O)[C@H](O)[C@H]1O)[C@H]1CC[C@]2(C)[C@@H]1[C@H](O)C[C@@H]1[C@@]3(C)CC[C@H](O)C(C)(C)[C@@H]3[C@@H](O[C@@H]3O[C@H](CO)[C@@H](O)[C@H](O)[C@H]3O[C@@H]3OC[C@@H](O)[C@H](O)[C@H]3O)C[C@]12C,441934,C47H80O18,933.1,1.1,298,1670,12,18,12
T2962,CC(C)CCC[C@@H](C)[C@H]1CC[C@H]2[C@@H]3CC[C@H]4C[C@@H](O)CC[C@]4(C)[C@H]3CC[C@]12C,6665,C27H48O,388.7,9.4,20.2,540,1,1,5
T2963,C[C@H](CCC(=O)O)[C@H]1CC[C@H]2[C@@H]3[C@H](O)C[C@@H]4C[C@H](O)CC[C@]4(C)[C@H]3C[C@H](O)[C@]12C,221493,C24H40O5,408.6,3.6,98,637,4,5,4
T2965,CC(CCC(=O)O)C1CCC2C3CCC4CC(O)CCC4(C)C3CC(O)C12C,2987,C24H40O4,392.6,4.9,77.8,605,3,4,4
T2966,CC[C@H](CC[C@@H](C)[C@H]1CC[C@H]2[C@@H]3CC=C4C[C@@H](O)CC[C@]4(C)[C@H]3CC[C@]12C)C(C)C,222284,C29H50O,414.7,9.3,20.2,634,1,1,6
T2968,C[C@H](CCC(=O)O)[C@H]1CC[C@H]2[C@@H]3C[C@H](O)[C@@H]4C[C@H](O)CC[C@]4(C)[C@H]3CC[C@]12C,5283820,C24H40O4,392.6,4.9,77.8,605,3,4,4
T2969,O=C1C=C(O)C(=O)c2ccccc21,6755,C10H6O3,174.15,0.9,54.4,291,1,3,0
T2970,C=C(C)[C@H]1Cc2c(ccc3c2O[C@@H]2COc4cc(OC)c(OC)cc4[C@@H]2C3=O)O1,6758,C23H22O6,394.4,4.1,63.2,664,0,6,3
T2971,O=P(O)(O)O[C@H]1[C@H](OP(=O)(O)O)[C@@H](OP(=O)(O)O)[C@H](OP(=O)(O)O)[C@@H](OP(=O)(O)O)[C@H]1OP(=O)(O)O,890,C6H18O24P6,660.04,-10.3,401,818,12,24,12
T2972,O=c1c2ccccc2nc2n1CCc1c-2[nH]c2ccccc12,65752,C18H13N3O,287.3,3,48.5,516,1,2,0
T2973,CC1(C)C(O[C@@H]2OC[C@@H](O)[C@H](O)[C@H]2O)CC[C@]23CC24CC[C@]2(C)[C@@H]([C@@]5(C)CC[C@@H](C(C)(C)O)O5)[C@H](O)C[C@@]2(C)C4C[C@@H](O[C@@H]2O[C@H](CO)[C@@H](O)[C@H](O)[C@H]2O)C13,158694,C41H68O14,785.0,1.3,228,1460,9,14,7
T2975,COc1cccc(C=O)c1OC,66581,C9H10O3,166.17,1.1,35.5,147,0,3,3
T2976,O=C(CO)[C@@H](O)[C@H](O)[C@@H](O)CO,6904,C6H12O6,180.16,-3.2,118,147,5,6,5
T2977,COc1cc(C=O)ccc1OC(C)=O,61229,C10H10O4,194.18,0.8,52.6,214,0,4,4
T2978,C[C@H](CC[C@@H](O[C@@H]1O[C@H](CO[C@@H]2O[C@H](CO)[C@@H](O)[C@H](O)[C@H]2O)[C@@H](O)[C@H](O)[C@H]1O[C@@H]1O[C@H](CO)[C@@H](O)[C@H](O)[C@H]1O)C(C)(C)O)[C@H]1CC[C@@]2(C)[C@@H]3CC=C4[C@@H](CC[C@H](O[C@@H]5O[C@H](CO[C@@H]6O[C@H](CO)[C@@H](O)[C@H](O)[C@H]6O)[C@@H](O)[C@H](O)[C@H]5O)C4(C)C)[C@]3(C)[C@H](O)C[C@]12C,24721270,C60H102O29,1287.4,-3.7,477,2360,19,29,20
T2979,CC(C)[C@@H]1CC[C@@H](C)C[C@H]1O,16666,C10H20O,156.26,3,20.2,120,1,1,1
T2981,COc1cc(O)c(C(C)=O)c(OC)c1,66654,C10H12O4,196.20,1.7,55.8,204,1,4,3
T2982,O=c1c2ccccc2oc2ccccc12,7020,C13H8O2,196.20,3.4,26.3,237,0,2,0
T2984,COc1cc2ccc(=O)oc2cc1O,5280460,C10H8O4,192.17,1.5,55.8,261,1,4,1
T2985,CC(C)=CCC[C@@](O)(CO[C@@H]1O[C@H](CO)[C@@H](O)[C@H](O)[C@H]1O)[C@H]1CC[C@]2(C)[C@@H]1CC[C@@H]1[C@@]3(C=O)CC[C@H](O[C@@H]4OC[C@H](O)[C@H](O[C@@H]5OC[C@@H](O)[C@H](O)[C@H]5O)[C@H]4O[C@@H]4O[C@@H](C)[C@H](O)[C@@H](O)[C@H]4O)C(C)(C)[C@@H]3CC[C@]12C,16007240,C52H86O21,1047.2,0.4,334,1910,12,21,15
T2987,Oc1cc(O)c2c(c1)O[C@H](c1cc(O)c(O)c(O)c1)[C@H](O)C2,72277,C15H14O7,306.27,0,131,380,6,7,1
T2988,O=C(O[C@@H]1Cc2c(O)cc(O)cc2O[C@@H]1c1cc(O)c(O)c(O)c1)c1cc(O)c(O)c(O)c1,65064,C22H18O11,458.4,1.2,197,667,8,11,4
T2989,O=C(O)c1ccc(O)cc1,135,C7H6O3,138.12,1.6,57.5,125,2,3,1
T2990,Cl.NCC(CC(=O)O)c1ccccc1,11499499,C10H14ClNO2,215.67,,63.3,164,3,3,4
T2991,c1ccc2c(Cc3c[nH]c4ccccc34)c[nH]c2c1,3071,C17H14N2,246.31,4.3,31.6,286,2,0,2
T2992,O=C1C[C@@H](c2ccccc2)Oc2cc(O)cc(O)c21,68071,C15H12O4,256.25,2.7,66.8,337,2,4,1
T2993,Nc1ncnc2c1ncn2[C@@H]1O[C@H](CO)C[C@H]1O,6303,C10H13N5O3,251.24,-1.2,119,307,3,7,2
T2995,Cc1cc(O)c2c(c1)C(=O)c1cccc(O)c1C2=O,10208,C15H10O4,254.24,3.5,74.6,405,2,4,0
T2996,COc1ccc2cc1Oc1ccc(cc1)C[C@H]1c3cc(c(OC)cc3CCN1C)Oc1c(OC)c(OC)cc3c1[C@H](C2)N(C)CC3,73078,C38H42N2O6,622.7,6.4,61.9,979,0,8,4
T2997,O=C(O)c1cc(O)c2c(c1)C(=O)c1cccc(O)c1C2=O,10168,C15H8O6,284.22,2.2,112,487,3,6,1
T2998,O=C1c2c(O)cc(O)cc2O[C@H](c2cc(O)c(O)c(O)c2)[C@H]1O,161557,C15H12O8,320.25,1.1,148,445,6,8,1
T2999,OCc1ccc(O[C@@H]2O[C@H](CO)[C@@H](O)[C@H](O)[C@H]2O)cc1,115067,C13H18O7,286.28,-0.8,120,292,5,7,4
T3000,C=CCc1ccc(O)c(-c2cc(CC=C)ccc2O)c1,72300,C18H18O2,266.3,5,40.5,293,2,2,5
T3001,C=CCc1ccc(O)c(-c2ccc(O)c(CC=C)c2)c1,72303,C18H18O2,266.3,5,40.5,325,2,2,5
T3003,NC(Cc1c[nH]c2ccc(O)cc12)C(=O)O,144,C11H12N2O3,220.22,-1.2,99.3,272,4,4,3
T3004,CCCCCCCCCCCCCCCCCCOCC(O)CO,3681,C21H44O3,344.6,7.6,49.7,221,2,3,20
T3007,NCCCNCCCCNCCCN,1103,C10H26N4,202.34,-1.1,76.1,86,4,4,11
T3008,COC1=CC(=O)c2ccccc2C1=O,16871,C11H8O3,188.18,1.4,43.4,304,0,3,1
T3009,O=C(O)CC[N+](=O)[O-],1678,C3H5NO4,119.08,-0.5,83.1,104,1,4,2
T3010,O=C(O)c1cc(=O)c2cccc(O)c2[nH]1,5699,C10H7NO4,205.17,0.9,86.6,336,3,5,1
T3011,Nc1ccccc1C(=O)CC(N)C(=O)O,846,C10H12N2O3,208.21,-2.2,106,255,3,5,4
T3012,O=c1c2cc(O)c(O)cc2oc2cc(O)c([C@@H]3O[C@H](CO)[C@@H](O)[C@H](O)[C@H]3O)c(O)c12,5281647,C19H18O11,422.3,-0.4,197,646,8,11,2
T3013,CCC1=C[C@H]2CN3CCc4c([nH]c5ccccc45)[C@@](C(=O)OC)(C2)[C@@H]13.O=C(O)C(O)C(O)C(=O)O,71776666,C25H30N2O8,486.5,,160,737,5,9,6
T3015,O=C(c1cc(Cc2n[nH]c(=O)c3ccccc23)ccc1F)N1CCN(C(=O)C2CC2)CC1,23725625,C24H23FN4O3,434.5,1.9,82.1,790,1,5,4
T3016,O.OC[C@H]1O[C@@](CO)(O[C@H]2O[C@H](CO)[C@@H](O)[C@H](O)[C@H]2O)[C@@H](O[C@H]2O[C@H](CO)[C@@H](O)[C@H](O)[C@H]2O)[C@@H]1O,16217716,C18H34O17,522.5,,270,655,12,17,8
T3018,O=Cc1ccc(O)c(O)c1,8768,C7H6O3,138.12,1.3,57.5,124,2,3,1
T3020,C=C[C@](C)(O)CC[C@@H]1[C@@]2(C)CCCC(C)(C)[C@@H]2CC[C@@]1(C)O,163263,C20H36O2,308.5,4.9,40.5,429,2,2,4
T3021,CCN1C[C@]2(COC)CC[C@H](OC)[C@]34C1[C@@H]([C@H](OC)[C@H]23)[C@@]1(OC(C)=O)C[C@H](OC)[C@]2(O)C[C@@H]4[C@@H]1[C@H]2C(=O)c1ccc(OC)cc1,166639193,C35H49NO9,627.8,2.5,113,1180,1,10,11
T3023,CCC1=C[C@@H]2CN3CCc4c([nH]c5ccccc45)[C@@](C(=O)OC)(C2)[C@@H]13.O=S(=O)(O)O,73356992,C21H26N2O6S,434.5,,128,684,3,7,3
T3024,C=CC(=O)Nc1cccc(Oc2nc(Nc3ccc(N4CCN(C)CC4)c(F)c3)nc3[nH]ccc23)c1,72734520,C26H26FN7O2,487.5,4.2,98.4,752,3,8,7
T3025,C[C@H]1[C@H](C)CC[C@]2(C(=O)O[C@@H]3O[C@H](CO[C@@H]4O[C@H](CO)[C@@H](O[C@@H]5O[C@@H](C)[C@H](O)[C@@H](O)[C@H]5O)[C@H](O)[C@H]4O)[C@@H](O)[C@H](O)[C@H]3O)CC[C@]3(C)C(=CC[C@@H]4[C@@]5(C)C[C@@H](O)[C@H](O)[C@@](C)(CO)[C@@H]5CC[C@]43C)[C@H]12,11954171,C48H78O19,959.1,0.1,315,1820,12,19,10
T3026,CC=C1[C@H]2C=C(C)C[C@]1(N)c1ccc(=O)[nH]c1C2,449069,C15H18N2O,242.32,0,55.1,551,2,2,0
T3027,CC(=O)OC(C)C(C)C(=O)OC[C@@]12[C@H]3C[C@]4(C)C(=CC[C@@H]5[C@@]6(C)CC[C@H](O[C@@H]7O[C@H](C(=O)[O-])[C@@H](O[C@@H]8O[C@H](CO)[C@@H](O)[C@H](O)[C@H]8O)[C@H](O)[C@H]7O[C@@H]7OC[C@@H](O)[C@H](O)[C@H]7O)[C@@](C)(CO)[C@@H]6CC[C@]54C)[C@@H]1CC(C)(C)[C@H](O3)[C@@H]2O.[Na+],139600352,C54H83NaO23,1123.2,,360,2240,10,23,16
T3028,CC1=C(O)C(=O)C=C2C1=CC=C1[C@@]2(C)CC[C@@]2(C)[C@@H]3C[C@](C)(C(=O)O)CC[C@]3(C)CC[C@]12C,122724,C29H38O4,450.6,5.9,74.6,1100,2,4,1
T3030,O=C1CCC[C@H]2[C@@H]3CCCN4CCC[C@@H](CN12)[C@H]34,907213,C15H24N2O,248.36,1.6,23.6,356,0,2,0
T3032,CS(=O)(=O)c1ccc(-c2cnc(N)c(C(=O)Nc3ccccc3)n2)cc1,51000408,C18H16N4O3S,368.4,2.1,123,578,2,6,4
T3033,CC(=O)OCC(=O)[C@H]1CC[C@H]2[C@@H]3CCC4=CC(=O)CC[C@]4(C)[C@H]3CC[C@]12C,5952,C23H32O4,372.5,3.1,60.4,707,0,4,4
T3034,CCOC(CN1CCN(CC(C)C(=O)c2ccccc2)CC1)c1ccccc1.Cl.Cl,73356,C24H34Cl2N2O2,453.4,,32.8,450,2,4,9
T3039,CC1(C)CCC2(C(=O)O)CCC3(C)C(=CCC4C5(C)CCC(O)C(C)(CO)C5CCC43C)C2C1,258538,C30H48O4,472.7,6.8,77.8,907,3,4,2
T3040,O=C1OC2(c3ccccc31)c1ccc(O)c(O)c1Oc1c2ccc(O)c1O,73685,C20H12O7,364.3,2.7,116,579,4,7,0
T3041,CNS(=O)(=O)c1ccccc1Nc1nc(Nc2ccc(N3CCN(C)CC3)cc2OC)ncc1Cl,66577032,C23H28ClN7O3S,518.0,4,120,765,3,10,8
T3042,CC(CCc1ccccn1)(CCc1ccccn1)C(=O)c1ccccc1,238484,C23H24N2O,344.4,4.5,42.9,408,0,3,8
T3046,COc1ccccc1N1CCN(CCN2C(=O)CC3(CCCC3)CC2=O)CC1.Cl.Cl,210172,C22H33Cl2N3O3,458.4,,53.1,547,2,5,5
T3047,C[C@@H](Nc1cc(NS(=O)(=O)N2CCC2)nc(SCc2cccc(F)c2F)n1)[C@@H](O)CO,44602493,C18H23F2N5O4S2,475.5,2.1,161,670,4,12,10
T3049,NC(=O)Nc1sc(-c2ccc(F)cc2)cc1C(N)=O,9903786,C12H10FN3O2S,279.29,1.7,126,361,3,4,3
T3050,Cl.O=S(=O)(c1cccc2c(I)cccc12)N1CCCNCC1,9803932,C15H18ClIN2O2S,452.7,,57.8,451,2,4,2
T3052,CN(C)[C@@H]1C(O)=C(C(N)=O)C(=O)[C@@]2(O)C(O)=C3C(=O)c4c(O)cccc4C[C@H]3C[C@@H]12,54688686,C21H22N2O7,414.4,1.2,161,892,5,8,2
T3053,COc1cc(N2CCOCC2)ccc1Nc1ncc(F)c(Nc2ccccc2NS(C)(=O)=O)n1,44252884,C22H25FN6O4S,488.5,2.7,126,737,3,11,8
T3054,COc1cc2c(cc1O)[C@@H](Cc1ccc(O)c(Oc3ccc(C[C@@H]4c5cc(OC)c(OC)cc5CCN4C)cc3)c1)N(C)CC2,51106,C37H42N2O6,610.7,6.4,83.9,917,2,8,9
T3055,COc1cc2c(cc1OC)[C@@H](Cc1ccc(O)c(Oc3cc4c(cc3OC)CCN(C)[C@@H]4Cc3ccc(O)cc3)c1)N(C)CC2.[O-][Cl+3]([O-])([O-])O,71307566,C37H43ClN2O10,711.2,,155,1030,3,12,9
T3056,COc1cc2c(cc1CC=C(C)C)C(=O)C[C@@H](c1ccc(O)cc1)O2,10337211,C21H22O4,338.4,4.4,55.8,488,1,4,4
T3057,CCCc1cc(C)[nH]c(=O)c1CNC(=O)c1cc(-c2ccc(N3CCN(C(C)C)CC3)nc2)cc2c1cnn2C(C)C,72551585,C33H43N7O2,569.7,4.8,95.4,1030,2,6,9
T3059,COc1cc(N2CCC(N(C)C)CC2)ccc1Nc1ncc(Cl)c(Nc2ccccc2P(C)(C)=O)n1,57390074,C26H34ClN6O2P,529.0,4.8,82.6,733,2,8,8
T3060,Cl.O=S(=O)(c1cccc2cnccc12)N1CCCNCC1,163751,C14H18ClN3O2S,327.8,,70.7,421,2,5,2
T3062,COc1ccc(-n2c(SCCCN3C(=O)c4cccc5cccc(c45)C3=O)nnc2-c2ccncc2)cc1,2984337,C29H23N5O3S,521.6,4.8,116,803,0,7,8
T3063,CSc1cccc(Nc2ncc3cc(-c4c(Cl)cccc4Cl)c(=O)n(C)c3n2)c1,447077,C21H16Cl2N4OS,443.3,5.4,83.4,626,1,5,4
T3065,Cc1cnc(Nc2ccc(N3CCN(C)CC3)cc2)nc1Nc1cccc(S(=O)(=O)NC(C)(C)C)c1,16722832,C26H35N7O2S,509.7,4.2,111,783,3,9,8
T3067,O=c1sn(-c2cccc3ccccc23)c(=O)n1Cc1ccccc1,11313622,C19H14N2O2S,334.4,4.3,65.9,492,0,3,3
T3068,O=C(Nc1c[nH]nc1-c1nc2cc(CN3CCOCC3)ccc2[nH]1)NC1CC1,135398495,C19H23N7O2,381.4,0.5,111,554,4,5,5
T3069,Cc1cc(Nc2nc(N[C@@H](C)c3ncc(F)cn3)ncc2Cl)n[nH]1,16659841,C14H14ClFN8,348.76,2.4,104,397,3,8,5
T3070,CN(C)c1ccccc1CN1CCCN(Cc2ccccc2N(C)C)C1c1ccncc1,421610,C27H35N5,429.6,4.2,25.9,508,0,5,7
T3072,O=C(Nc1ccc(-c2ccnc(Nc3ccc(N4CCOCC4)cc3)n2)cc1)[C@@H]1CCCN1,57990869,C25H28N6O2,444.5,2.8,91.4,614,3,7,6
T3073,Cl.Cl.Nc1nccc(-c2c(-c3ccc(F)cc3)ncn2C2CCCCC2)n1,51049607,C19H22Cl2FN5,410.3,,69.6,422,3,5,3
T3074,Nc1nc(NCCNc2ncc(-c3ncc[nH]3)c(-c3ccc(Cl)cc3Cl)n2)ccc1[N+](=O)[O-],9957049,C20H17Cl2N9O2,486.3,4.2,163,645,4,9,7
T3075,CC1=C(C(=O)OC2CCCCC2)C(c2ccc([N+](=O)[O-])cc2)C2=C(CC(C)(C)CC2=O)N1,3103157,C25H30N2O5,438.5,4.9,101,852,1,6,4
T3077,Cn1cc(C2=C(c3ccc(Cl)cc3Cl)C(=O)NC2=O)c2ccccc21,176158,C19H12Cl2N2O2,371.2,3.9,51.1,621,1,2,2
T3078,CN1CCC(CNc2ccc3ncc(-c4cccc(OC(F)(F)F)c4)n3n2)CC1,24795070,C20H22F3N5O,405.4,4.3,54.7,529,1,8,5
T3079,CNC(=O)c1c(F)cccc1Nc1nc(Nc2cc3c(cc2OC)CCN3C(=O)CN(C)C)nc2[nH]ccc12,25182616,C27H29FN8O3,532.6,3.8,128,867,4,9,8
T3080,CC(C)(C)c1nc2c3cc[nH]c(=O)c3c3cc(F)ccc3c2[nH]1,5494425,C18H16FN3O,309.3,4,57.8,529,2,3,1
T3081,CC(C)N(CCCNC(=O)Nc1ccc(C(C)(C)C)cc1)C[C@H]1O[C@@H](n2ccc3c(N)ncnc32)[C@H](O)[C@@H]1O,56962336,C28H41N7O4,539.7,2.4,151,788,5,8,10
T3082,CC(C)N(CCCNC(=O)Nc1ccc(C(C)(C)C)cc1)C[C@H]1O[C@@H](n2cc(Br)c3c(N)ncnc32)[C@H](O)[C@@H]1O,56962337,C28H40BrN7O4,618.6,3,151,825,5,8,10
T3084,O=C(NCC(=O)N1CCCC1)Nc1ccc2cnccc2c1,90642938,C16H18N4O2,298.34,1.1,74.3,409,2,3,3
T3085,CC(=O)c1ccc2c(c1)N(CCCN1CCC(CCO)CC1)c1ccccc1S2,19675,C24H30N2O2S,410.6,4,69.1,537,1,5,7
T3086,CN1CCCCC1CCN1c2ccccc2Sc2ccc(S(C)=O)cc21.O=S(=O)(O)c1ccccc1,36207,C27H32N2O4S3,544.8,,131,686,1,8,5
T3088,CCN1C(=O)C=CC1=O,4362,C6H7NO2,125.13,0.9,37.4,165,0,2,1
T3089,Nc1nc(S)c2nc[nH]c2n1,2723601,C5H5N5S,167.19,-0.1,111,225,3,2,0
T3090,CC(C)C1=CC2=CC[C@@H]3[C@](C)(CCC[C@@]3(C)C(=O)O)[C@H]2CC1,10569,C20H30O2,302.5,4.8,37.3,542,1,2,2
T3091,O=NN(CCCl)C(=O)NCCCl,2578,C5H9Cl2N3O2,214.05,1.5,61.8,156,1,3,4
T3093,Cl.Cl.Cl.Cl.NCCCNCCCCNCCCN,9384,C10H30Cl4N4,348.2,,76.1,86,8,4,11
T3094,O=C(Nc1cc(Cl)cc2c1[nH]c1cnccc12)c1cccnc1,9949093,C17H11ClN4O,322.7,2.7,70.7,448,2,3,2
T3095,NCCc1ccc(O)cc1,5610,C8H11NO,137.18,1.1,46.3,87,2,2,2
T3096,C[C@]12CCC(=O)C=C1C=C[C@@H]1[C@@H]2CC[C@@]2(C)[C@H]1CC[C@@]2(O)CCC(=O)[O-].[K+],23671691,C22H29KO4,396.6,,77.4,713,1,4,3
T3097,Cc1c(O)cc(O)c2c1COC2=O,14503052,C9H8O4,180.16,1.6,66.8,228,2,4,0
T3099,CC(C)N(C[C@H]1O[C@@H](n2cnc3c(N)ncnc32)[C@H](O)[C@@H]1O)[C@H]1C[C@@H](CCc2nc3ccc(C(C)(C)C)cc3[nH]2)C1,57345410,C30H42N8O3,562.7,4.3,151,884,4,9,9
T3100,CCOC(=O)CCNc1cc(N2CCc3ccccc3CC2)nc(-c2ccccn2)n1,71729975,C24H27N5O2,417.5,4.3,80.2,546,1,7,8
T3101,CCOC(=O)c1c2c3c(cccc3[nH]c1=O)C(=O)c1ccccc1-2,5522952,C19H13NO4,319.3,2.5,72.5,623,1,4,3
T3102,O=c1[nH]c2cc(C(F)(F)F)ccc2n1-c1cc(C(F)(F)F)ccc1O,4552,C15H8F6N2O2,362.23,3.7,52.6,523,2,8,1
T3104,O=C(Nc1ncc(SCCN2CCCC2)s1)[C@]1(c2ccc(S(=O)(=O)C3CC3)cc2)C[C@H]1C1CCCCC1,46832368,C28H37N3O3S3,559.8,6.2,141,903,1,7,10
T3106,Clc1ccc(C(c2c[nH]c3ccccc23)c2c[nH]c3ccccc23)cc1,5302583,C23H17ClN2,356.8,6.2,31.6,443,2,0,3
T3107,Cc1c(-c2ccnn2C)cc(C(=O)NCc2ccc(S(C)(=O)=O)cn2)c(=O)n1-c1cccc(C(F)(F)F)c1,46861623,C25H22F3N5O4S,545.5,2.5,123,1100,1,9,6
T3109,O=C1c2ccccc2-c2n[nH]c3cccc1c23,8515,C14H8N2O,220.23,2.7,45.8,343,1,2,0
T3110,O=C1C(=Cc2cccnc2)C(=O)c2ccccc21,207893,C15H9NO2,235.24,2.4,47,373,0,3,1
T3111,CCN1CCN(Cc2ccc(Nc3ncc(F)c(-c4cc(F)c5nc(C)n(C(C)C)c5c4)n3)nc2)CC1.CS(=O)(=O)O,71576678,C28H36F2N8O3S,602.7,,138,815,2,12,7
T3112,C=Cc1c(C)c2cc3nc(cc4[nH]c(cc5nc(cc1[nH]2)C(C)=C5CCC(=O)OC)c(CCC(=O)O)c4C)[C@@]1(C)C3=CC=C(C(=O)OC)[C@H]1C(=O)OC,154809596,C41H42N4O8,718.8,4.9,174,1500,3,10,12
T3113,COc1cc2c(Oc3ccc(NC(=O)C4(C(=O)Nc5ccc(F)cc5)CC4)cc3F)ccnc2cc1OCCCN1CCOCC1,42642645,C34H34F2N4O6,632.7,5.5,111,1010,2,10,12
T3115,Cc1cc(C)nc(O)n1.O=C(Nc1ccc([N+](=O)[O-])cc1)Nc1ccc([N+](=O)[O-])cc1,9507,C19H18N6O6,426.4,,174,582,3,6,2
T3116,CC(C)c1c(C(=O)Nc2ccccc2)c(-c2ccccc2)c(-c2ccc(F)cc2)n1CCC(O)CC(O)CC(=O)[O-].CC(C)c1c(C(=O)Nc2ccccc2)c(-c2ccccc2)c(-c2ccc(F)cc2)n1CCC(O)CC(O)CC(=O)[O-].[Ca+2],21862717,C66H68CaF2N4O10,1155.3,,229,817,6,12,22
T3117,CN1CCN(c2c(F)cc3c(=O)c(C(=O)O)cn4c3c2OCN4C)CC1,60651,C17H19FN4O4,362.4,-0.5,76.6,636,1,9,2
T3118,CC1(C)CC(=O)C2=C(C1)NC(=S)NC2c1cccc(O)c1,11609157,C16H18N2O2S,302.4,2,93.5,512,3,3,1
T3119,C[C@H](NC(=O)CNC(=O)c1cccc(Cl)c1)c1ccccc1,2548547,C17H17ClN2O2,316.8,3.1,58.2,383,2,2,5
T3120,CC(=O)NC1=NN(C(C)=O)C(C)(c2ccccc2)S1,2930014,C13H15N3O2S,277.34,1.6,87.1,418,1,4,2
T3121,C=C(C)[C@@H]1CC[C@]2(CO)CC[C@]3(C)[C@H](CC[C@@H]4[C@@]5(C)CC[C@H](O)C(C)(C)[C@@H]5CC[C@]43C)[C@@H]12,72326,C30H50O2,442.7,8.3,40.5,786,2,2,2
T3122,COc1ccc2cc1Oc1ccc(cc1)C[C@H]1c3cc(c(OC)cc3CCN1C)Oc1c(O)c(OC)cc3c1[C@H](C2)N(C)CC3,73481,C37H40N2O6,608.7,6.1,72.9,963,1,8,3
T3124,COC(=O)Nc1nc2ccccc2[nH]1,25429,C9H9N3O2,191.19,1.5,67,222,2,3,2
T3126,CC(C[N+](C)(C)C)OC(N)=O.[Cl-],11548,C7H17ClN2O2,196.67,,52.3,140,1,3,4
T3127,Cl.NCC(N)=O,2723639,C2H7ClN2O,110.54,,69.1,42,3,2,1
T3133,COc1cc2c(cc1OC)-c1cc3nc4ccccc4nc3n1C(C)(C)C2,1103147,C22H21N3O2,359.4,3.6,49.2,556,0,4,2
T3135,O=S(=O)(c1ccc(Cl)cc1)N1CCN(c2ccnc3cc(Cl)ccc23)CC1,1241327,C19H17Cl2N3O2S,422.3,4.2,61.9,599,0,5,3
T3141,NCCCC[C@H](N)C(=O)O.O=C(O)COc1nn(Cc2ccccc2)c2ccccc12,13041095,C22H28N4O5,428.5,,154,463,4,8,10
T3144,COc1cccc(-c2cc(NCc3ccc4c(c3)OCO4)nc(N)n2)c1,11210285,C19H18N4O3,350.4,3.1,91.5,455,2,7,5
T3145,O.O.OC[C@H]1O[C@H](O[C@H]2O[C@H](CO)[C@@H](O)[C@H](O)[C@H]2O)[C@H](O)[C@@H](O)[C@@H]1O,181978,C12H26O13,378.33,,192,348,10,13,4
T3146,COc1nc(OCc2cccc(-c3ccccc3)c2C)ccc1CNCCNC(C)=O,117951478,C25H29N3O3,419.5,3.6,72.5,526,2,5,10
T3147,S=C([S-])N1CCCC1.[NH4+],517348,C5H12N2S2,164.3,,37.3,91,1,2,0
T3151,CC(C)[C@H](C)[C@@H](O)[C@H](O)[C@@H](C)[C@H]1CC[C@H]2[C@@H]3COC(=O)[C@H]4C[C@H](O)[C@H](O)C[C@]4(C)[C@H]3CC[C@]12C,115196,C28H48O6,480.7,4.8,107,755,4,6,5
T3152,Cc1nccc2c1[nH]c1cc(O)ccc12,68094,C12H10N2O,198.22,0.7,41.1,516,2,3,0
T3153,Nc1nc2cc(-c3ccc4ncc(C(=O)N5CCOCC5)n4c3)ccc2o1,70798655,C19H17N5O3,363.4,2.3,98.9,557,1,6,2
T3154,CC(C)=CCCC(C)=CC=O,8843,C10H16O,152.23,3,17.1,171,0,1,4
T3155,C=CCNc1ncnc2ccc(Br)cc12,1560402,C11H10BrN3,264.12,3.2,37.8,222,1,3,3
T3157,O=C(Nc1nc(-c2ccc(O)c(O)c2)c(-c2ccccc2)s1)c1ccc(O)c(O)c1,44253415,C22H16N2O5S,420.4,4,151,590,5,7,4
T3158,Cc1nccc2c1[nH]c1ccccc12,5281404,C12H10N2,182.22,3.6,28.7,216,1,1,0
T3159,Cc1ccc(C(C)C)cc2c(C)ccc1-2,3515,C15H18,198.30,4.8,0,206,0,0,1
T3160,Cc1ccc2nc(-n3nc(C)c(Cc4ccccc4)c3O)[nH]c2c1,71696702,C19H18N4O,318.4,4,61,525,2,3,3
T3162,O=C(O)CCCCCC(=O)NN=Cc1ccccc1C(=O)O,66974738,C15H18N2O5,306.31,1.4,116,422,3,6,9
T3166,Cc1cnc(Nc2ccc(F)cc2Cl)nc1-c1c[nH]c(C(=O)N[C@H](CO)c2cccc(Cl)c2)c1,11634725,C24H20Cl2FN5O2,500.3,4.7,103,679,4,6,7
T3167,Cl.NNc1ccc(Cl)cc1,71600,C6H8Cl2N2,179.04,,38.1,79,3,2,1
T3168,CC(C)c1ccc(-c2cc(=O)c3ccccc3o2)cc1,2802462,C18H16O2,264.3,4.7,26.3,388,0,2,2
T3169,O=S(=O)(NCCSSCCNS(=O)(=O)c1cc(Cl)ccc1Cl)c1cc(Cl)ccc1Cl,16047442,C16H16Cl4N2O4S4,570.4,4.7,160,671,2,8,11
T3170,Cc1c(C)c2c(c(C)c1O)CCC(C)(COc1ccc(CC3SC(=O)NC3=O)cc1)O2,5591,C24H27NO5S,441.5,5.1,110,681,2,6,5
T3171,COc1ccc(S(=O)(=O)Nc2c(C)cc(C)cc2C)cc1,743974,C16H19NO3S,305.4,3.5,63.8,411,1,4,4
T3172,S=C(NCCc1ccccn1)Nc1ccc(Br)cn1,3000870,C13H13BrN4S,337.24,2.4,81.9,290,2,3,4
T3173,COc1ccc(OC)c(CN(C(C)=O)c2cc(F)ccc2Oc2ccccc2)c1,10430788,C23H22FNO4,395.4,4.3,48,513,0,5,7
T3174,O=C(O)COc1cccc(CN(Cc2ccc(-n3cccn3)cc2)S(=O)(=O)c2cccnc2)c1,18376177,C24H22N4O5S,478.5,2.5,123,753,1,8,10
T3175,Cc1nc2ccc(NC(=O)CCNC(=O)CCCc3ccc(CC(C(=O)O)C(=O)O)cc3)cc2s1,56844254,C25H27N3O6S,497.6,3,174,743,4,8,12
T3176,COc1c(Nc2ccc(S(C)(=O)=O)nc2C)ncnc1OC1CCN(C(=O)OC(C)C)CC1,11691484,C21H29N5O6S,479.6,2.5,141,740,1,10,8
T3177,COc1ccc(-c2cccc(C(=O)N(C)C)c2)cc1S(=O)(=O)Nc1cccc(NCCNC(=O)c2cccc(C)c2)c1,91810287,C32H34N4O5S,586.7,4.8,125,986,3,7,11
T3178,CCCCc1nc2ccc(NC(=O)NC3CCCCC3)cc2n1Cc1ccc(-c2ccccc2C(=O)O)cc1,131590,C32H36N4O3,524.7,6.7,96.3,794,3,4,9
T3179,Cn1c(=O)cnn(CCCCN2CCN(c3ncccn3)CC2)c1=O,208928,C16H23N7O2,345.40,0.4,85.2,499,0,7,6
T3180,O=C(O)c1cnn(-c2nc3cc(OC(F)(F)F)c(Cl)cc3[nH]2)c1,45102710,C12H6ClF3N4O3,346.65,3.1,93,469,2,8,3
T3181,CCC(Sc1nnc2c3ccccc3n(CC)c2n1)C(=O)Nc1ccccc1OC,3152990,C22H23N5O2S,421.5,4,107,582,1,6,7
T3183,NCCc1cn(S(=O)(=O)c2c(Cl)nc3sccn23)c2ccccc12,10150497,C15H13ClN4O2S2,380.9,3.8,119,572,1,5,4
T3185,Oc1cccc(Nc2ncc(F)c(Nc3cccc(O)c3)n2)c1,9904854,C16H13FN4O2,312.30,3.3,90.3,376,4,7,4
T3186,Nc1nc(OCC2CCCCC2)c2[nH]cnc2n1,4564,C12H17N5O,247.30,2.1,89.7,271,2,5,3
T3187,COc1cc(N)c(Cl)cc1C(=O)NC1CCN(Cc2ccc(F)cc2)CC1,127887,C20H23ClFN3O2,391.9,3.3,67.6,482,2,5,5
T3188,Clc1ccc2c(NCCNc3ccnc4cc(Cl)ccc34)ccnc2c1,221354,C20H16Cl2N4,383.3,5.4,49.8,412,2,4,5
T3189,Cn1ncc2c3[nH]n(-c4ccc(F)cc4)c(=O)c3c(-c3cccc(C(F)(F)F)c3)nc21,101136468,C21H13F4N5O,427.4,4.5,63.1,685,1,8,2
T3190,Nc1cccc(-c2nc(N3CCOCC3)c3oc4ncccc4c3n2)c1,12997487,C19H17N5O2,347.4,2.4,90.3,489,1,7,2
T3192,O=C(Nc1cc(C(F)(F)F)ccc1O)Nc1cc(C(F)(F)F)ccc1O,10177784,C15H10F6N2O3,380.24,3.5,81.6,457,4,9,2
T3193,Cc1ccc(NC(=O)CCCCCC(=O)Nc2ccccc2N)cc1,16070100,C20H25N3O2,339.4,2.8,84.2,419,3,3,8
T3194,COc1cccc(Oc2c(NS(=O)(=O)c3ccc(C(C)(C)C)cc3)ncnc2OCCO)c1,122044,C23H27N3O6S,473.5,4,128,687,2,9,10
T3195,COc1ccc(CNc2nc(N(CCO)CCO)nc3c2ncn3C(C)C)cc1,6918386,C20H28N6O3,400.5,1.6,109,471,3,8,10
T3196,Cc1ccc(Nc2ncc3c(n2)N(C)C(=O)N(c2cc(NC(=O)c4cccc(C(F)(F)F)c4)ccc2C)C3)cn1,11478363,C28H24F3N7O2,547.5,4.3,103,908,2,9,5
T3197,O=C(O)CNC(=O)C1C(=O)N(C2CCCCC2)C(=O)N(C2CCCCC2)C1=O,91617630,C19H27N3O6,393.4,2.5,124,627,2,6,5
T3199,CC(C)C(=O)SCCCCCCC(=O)Nc1nc(-c2ccccc2)cs1,11395181,C20H26N2O2S2,390.6,5.1,113,440,1,5,11
T3200,NC(=O)c1ccccc1Nc1ccnc(Nc2cccc(O)c2)n1,16058637,C17H15N5O2,321.33,3,113,422,4,6,5
T3201,COC(=O)c1ccc(N2CCN(C)CC2)c(NC(=O)c2cccc(OC)c2)c1,6457069,C21H25N3O4,383.4,2.5,71.1,536,1,6,6
T3202,O=S(=O)(CCC(F)=C(F)F)c1ncc(Cl)s1,11534927,C7H5ClF3NO2S2,291.7,2.5,83.7,378,0,7,4
T3204,Nc1ccccc1NC(=O)CCCCCCC(=O)Nc1ccccc1,9543540,C20H25N3O2,339.4,3,84.2,408,3,3,9
T3205,CCCCNNC(=O)c1ccc(Br)cc1,4596836,C11H15BrN2O,271.15,2.9,41.1,191,2,2,5
T3206,Nc1ccccc1NC(=O)CCCCCC(=O)Nc1ccccc1,9543539,C19H23N3O2,325.4,2.4,84.2,394,3,3,8
T3208,O=C1N[C@@H](Cc2c[nH]c3ccccc23)C(=O)N2CCC[C@@H]12,181567,C16H17N3O2,283.32,1.5,65.2,453,2,2,2
T3209,COCCOc1cnc2ccn([C@H](C)c3nnc4c(F)cc(-c5cnn(C)c5)cn34)c(=O)c2c1,44181686,C23H22FN7O3,463.5,1.5,99.7,760,0,8,7
T3210,Cc1[nH]nc(C(F)(F)F)c1Cc1sc2c(c1C(=O)N1C[C@](C)(O)CO1)c(=O)n(C)c(=O)n2C(C)C,10369242,C21H24F3N5O5S,515.5,2,147,894,2,10,4
T3211,CO[C@@H]1[C@H](N(C)C(=O)c2ccccc2)C[C@@H]2O[C@]1(C)n1c3ccccc3c3c4c(c5c6ccccc6n2c5c31)C(=O)NC4,44120162,C35H30N4O4,570.6,4.8,77.7,1140,1,4,3
T3214,CS(=O)(=O)Nc1cc([N+](=O)[O-])ccc1OC1CCCCC1,22406120,C13H18N2O5S,314.36,2.9,110,450,1,6,4
T3215,O=C(Nc1cnccc1Cl)N1CCN(Cc2ccc3c(c2)OC(F)(F)O3)CC1,54576693,C18H17ClF2N4O3,410.8,2.6,66.9,565,1,7,3
T3216,CC(C)N(CCCCOCC(=O)NS(C)(=O)=O)c1cnc(-c2ccccc2)c(-c2ccccc2)n1,9913767,C26H32N4O4S,496.6,3.8,110,730,1,7,12
T3217,CCCOc1ccc(CCc2nc3cc(-c4c(C)noc4C)ccc3n2CCN2CCOCC2)cc1.Cl,119081416,C29H37ClN4O3,525.1,,65.6,654,1,6,10
T3218,CC(=O)c1cc2c(o1)C(=O)c1ccccc1C2=O,10331844,C14H8O4,240.21,2.3,64.4,414,0,4,1
T3219,CC(=O)O[C@H]1CC[C@@]2(C)C(=CC[C@@H]3[C@@H]2CC[C@@]2(C)[C@H]3C[C@H]3O[C@]32C(C)=O)C1,7659351,C23H32O4,372.5,3.5,55.9,741,0,4,3
T3222,CC(=O)[C@@]12O[C@@H]1C[C@H]1[C@@H]3CC=C4C[C@@H](O)CC[C@]4(C)[C@H]3CC[C@@]12C,94199,C21H30O3,330.5,2.9,49.8,639,1,3,1
T3223,CC(=O)[C@@]12O[C@]1(C)C[C@H]1[C@@H]3CC=C4C[C@@H](O)CC[C@]4(C)[C@H]3CC[C@@]12C,102184,C22H32O3,344.5,3.1,49.8,683,1,3,1
T3224,COc1ncnc(Cn2cc(C(=O)NCCO)c3ncc(C)cc32)c1C,72792692,C18H21N5O3,355.4,0.6,102,480,2,6,6
T3225,CC(=O)OCC(=O)[C@@]12O[C@@H]1C[C@H]1[C@@H]3CC=C4C[C@@H](O)CC[C@]4(C)[C@H]3CC[C@@]12C,14102246,C23H32O5,388.5,2.8,76.1,758,1,5,4
T3227,O=C(O)[C@H](O)Cc1ccc(O)c(O)c1,11600642,C9H10O5,198.17,-0.2,98,205,4,5,3
T3228,O=P(O)(O)OC[C@H]1OC(O)(COP(=O)(O)O)[C@@H](O)[C@@H]1O,172313,C6H14O12P2,340.12,-5.6,203,428,7,12,6
T3230,COc1ccc(Cl)cc1C(=O)NCCc1ccc(S(N)(=O)=O)cc1,85542,C16H17ClN2O4S,368.8,2.4,107,515,2,5,6
T3231,NC(=O)c1cccc2cn(-c3ccc([C@@H]4CCCNC4)cc3)nc12,24958200,C19H20N4O,320.4,2.2,72.9,449,2,3,3
T3232,Cl.Oc1ccc(CC2NCCc3cc(O)c(O)cc32)cc1,165901,C16H18ClNO3,307.77,,72.7,317,5,4,2
T3233,O=c1c(-c2ccc(O[C@@H]3O[C@H](CO)[C@@H](O)[C@H](O)[C@H]3O)cc2)coc2cc(O)cc(O)c12,5321398,C21H20O10,432.4,0.9,166,675,6,10,4
T3234,CC1(C)CCC[C@@]2(C)OC(=O)C=C12,6432173,C11H16O2,180.24,2.2,26.3,288,0,2,0
T3235,C=C1C[C@@]23CC[C@H]4[C@@](C)(CCC[C@@]4(C)C(=O)O[C@@H]4O[C@H](CO)[C@@H](O)[C@H](O)[C@H]4O)[C@@H]2CC[C@]1(O[C@@H]1O[C@H](CO)[C@@H](O)[C@H](O[C@@H]2O[C@H](CO)[C@@H](O)[C@H](O)[C@H]2O)[C@H]1O[C@@H]1O[C@H](CO)[C@@H](O)[C@H](O)[C@H]1O)C3,6918840,C44H70O23,967.0,-2.8,374,1760,14,23,13
T3238,CCCCCCCCCCCCCCCCCCOC(=O)CCCCCCCCCCCCCCC,75778,C34H68O2,508.9,16.3,26.3,406,0,2,32
T3240,CC(C)=CCCC(C)CCO,8842,C10H20O,156.26,3.2,20.2,112,1,1,5
T3243,C[N+](C)(C)CC(=O)[O-],247,C5H11NO2,117.15,0.5,40.1,87,0,2,1
T3244,O=S(=O)([O-])N[C@H]1C(O)O[C@H](CO)[C@@H](O)[C@@H]1O.[Na+],91659017,C6H12NNaO8S,281.22,,168,331,5,9,3
T3245,C=C(C)[C@H]1CC=C(C)C(=O)C1,16724,C10H14O,150.22,2.4,17.1,223,0,1,1
T3246,CC[C@]12C=CCN3CC[C@]4(C(=C(C(=O)OC)C1)Nc1ccccc14)[C@@H]32,20485,C21H24N2O2,336.4,3.4,41.6,669,1,4,3
T3248,CC1(C)CC[C@]2(C)CC[C@]3(C)C(=CC[C@@H]4[C@@]5(C)CC[C@@H](O)[C@](C)(C(=O)O)[C@@H]5CC[C@]43C)[C@@H]2C1,637234,C30H48O3,456.7,8.4,57.5,889,2,3,1
T3251,C[N+]1(C)CCC[C@H]1C(=O)O.[Cl-],44150282,C7H14ClNO2,179.64,,37.3,154,1,3,1
T3257,COc1cc2c(NC3CCN(C(C)C)CC3)nc(C3CCCCC3)nc2cc1OCCCN1CCCC1,46224516,C30H47N5O2,509.7,6.3,62.8,660,1,7,10
T3259,O=C(c1ccc(Cl)cc1)N(Cc1ccccc1)C1CCCCC1,24752728,C20H22ClNO,327.8,5.3,20.3,366,0,1,4
T3260,O=C(C=Cc1cccnc1)c1ccncc1,2839472,C13H10N2O,210.23,1.6,42.9,257,0,3,3
T3261,COc1ccc(C(=O)C2CCN(CC(=O)N(Cc3nc(=O)c4c([nH]3)CCOC4)CC3CC3)CC2)cc1,136237316,C27H34N4O5,494.6,1.1,101,911,1,7,9
T3262,CN(CC(=O)O)C(=N)NP(=O)([O-])[O-].[Na+].[Na+],71588,C4H8N3Na2O5P,255.08,,142,259,2,6,3
T3263,CO[C@@]1(NC(=O)CSCC(N)C(=O)[O-])C(=O)N2C(C(=O)O)=C(CSc3nnnn3C)CS[C@@H]21.O.O.O.O.O.O.O.[Na+],172009915,C16H34N7NaO14S3,667.7,,289,869,10,21,11
T3265,CC[C@H]1OC(=O)[C@H](C)[C@@H](O[C@H]2C[C@@](C)(OC)[C@@H](O)[C@H](C)O2)[C@H](C)[C@@H](O[C@@H]2O[C@H](C)C[C@H](N(C)C)[C@H]2O)[C@](C)(O)C[C@@H](C)CN[C@H](C)[C@@H](O)[C@]1(C)O,9810601,C37H70N2O12,735.0,3.6,189,1120,6,14,7
T3267,COc1cc(S(=O)(=O)[O-])ccc1O.COc1cc(S(=O)(=O)[O-])ccc1O.O.[K+].[K+],73416547,C14H16K2O11S2,502.6,,191,241,3,11,2
T3268,C[N+](C)(C)NCCC(=O)[O-],123868,C6H14N2O2,146.19,-2.1,52.2,112,1,3,3
T3269,Cc1ncc(CO)c(CO)c1O.O=C1CC[C@@H](C(=O)O)N1,115198,C13H18N2O6,298.29,,140,297,5,7,3
T3270,NNc1nnc(NN)c2ccccc12.O=S(=O)(O)O,81764,C8H12N6O4S,288.29,,185,248,6,10,2
T3271,O=C([O-])c1ccc(C(=O)[O-])c(C(=O)[O-])c1.[Co+3],105659,C9H3CoO6,266.05,,120,280,0,6,0
T3273,COC(=O)c1cc(OC)c2c(c1-c1c(C(=O)OC)cc(OC)c3c1OCO3)OCO2,108213,C20H18O10,418.3,2.8,108,587,0,10,7
T3275,CCc1nn(CCCN2CCN(c3cccc(Cl)c3)CC2)c(=O)n1CCOc1ccccc1.Cl,54911,C25H33Cl2N5O2,506.5,,51.6,649,1,5,10
T3276,CC(=O)Nc1ccc(OC(=O)c2ccccc2OC(C)=O)cc1,21102,C17H15NO5,313.30,2.2,81.7,442,1,5,6
T3277,CC(C)(C)NCC(O)c1ccccc1Cl.Cl,5702285,C12H19Cl2NO,264.19,,32.3,191,3,2,4
T3278,c1cnc(N2CCN(Cc3ccc4c(c3)OCO4)CC2)nc1,4850,C16H18N4O2,298.34,1.8,50.7,356,0,6,3
T3280,O.O.O.O.O=P([O-])(O)C(Cl)(Cl)P(=O)([O-])O.[Na+].[Na+],23724874,CH10Cl2Na2O10P2,360.91,,125,206,6,10,2
T3281,CCOC(=O)[C@H](CCc1ccccc1)N[C@@H](C)C(=O)N(CC(=O)O)C1Cc2ccccc2C1.Cl,5362115,C26H33ClN2O5,489.0,,95.9,649,3,6,12
T3282,CC(CN(C)C)CN1c2ccccc2Sc2ccccc21.CC(CN(C)C)CN1c2ccccc2Sc2ccccc21.O=C(O)[C@H](O)[C@@H](O)C(=O)O,441236,C40H50N4O6S2,747.0,,179,445,4,12,11
T3284,CC(C)NCC(O)COc1cccc2[nH]c3ccccc3c12,71739,C18H22N2O2,298.4,3.6,57.3,350,3,3,6
T3285,CC(=O)O[C@H]1Cc2ccccc2N(C(N)=O)c2ccccc21,179344,C17H16N2O3,296.32,2,72.6,440,1,3,2
T3286,O.O=S(=O)([O-])Oc1ccc(C(c2ccc(OS(=O)(=O)[O-])cc2)c2ccccn2)cc1.[Na+].[Na+],5282431,C18H15NNa2O9S2,499.4,,164,633,1,10,5
T3287,CCCCCCCCNc1cc[n+](CCCCCCCCCC[n+]2ccc(NCCCCCCCC)cc2)cc1.[Cl-].[Cl-],198481,C36H64Cl2N4,623.8,,31.8,465,2,4,27
T3288,Cc1cc(NS(=O)(=O)c2ccc(N)cc2)nc(C)n1,5343,C12H14N4O2S,278.33,1.2,106,387,2,6,3
T3289,NCCCNCCSP(=O)(O)O,2141,C5H15N2O3PS,214.23,-4.5,121,152,4,6,7
T3290,O=C(O)CCCNC(=O)c1cccnc1,60608,C10H12N2O3,208.21,-0.4,79.3,231,2,4,5
T3293,COc1ccc(-c2nc(-c3cc(C(F)(F)F)cc(C(F)(F)F)c3)n(Cc3ccc(C(N)=O)cc3)c2-c2ccc(OC)cc2)cc1,24894064,C33H25F6N3O3,625.6,7.2,79.4,936,1,10,8
T3306,COc1ccc2cc(OCC3(C(=O)O)CN(C(=O)c4ccc(F)cc4)C3)ccc2c1,25114442,C23H20FNO5,409.4,3.5,76.1,629,1,6,6
T3311,COc1ccccc1C(=O)Nc1cc2c(cc1N1CCNC[C@H]1C)n(C)c(=O)n2C,121232405,C22H27N5O3,409.5,1.6,77.2,646,2,5,4
T3312,CNC(=O)Nc1cc(Oc2cncc(C)c2)c(-c2ccc(OCC(C)(C)O)nc2)cn1,71603585,C22H25N5O4,423.5,1.8,118,578,3,7,7
T3313,O=C(O)[C@H]1CSC(c2nc3ccc(O)cc3s2)=N1,92934,C11H8N2O3S2,280.3,2.2,136,390,2,7,2
T3314,C=C(C)C1CC=C(CO)CC1,10819,C10H16O,152.23,2.1,20.2,179,1,1,2
T3315,O=C(CNC(=O)c1ccc(Cl)cc1)NO,38000,C9H9ClN2O3,228.63,-0.3,78.4,240,3,3,3
T3316,CC(=O)[C@@]1(O)CC[C@H]2[C@@H]3C[C@H](C)C4=CC(=O)C=C[C@]4(C)[C@@]3(F)[C@@H](O)C[C@@]21C,9878,C22H29FO4,376.5,2,74.6,787,2,5,1
T3317,CCc1cc2c(=O)c(-c3nc4ccccc4s3)coc2c(CN2CCCCC2)c1O,1286902,C24H24N2O3S,420.5,4.8,90.9,665,1,6,4
T3318,COc1c(O[C@@H]2O[C@H](C(=O)O)[C@@H](O)[C@H](O)[C@H]2O)cc(O)c2c(=O)cc(-c3ccccc3)oc12,3084961,C22H20O11,460.4,1.4,172,763,5,11,5
T3319,O=c1cc(-c2ccc(O)cc2)oc2cc(O)c(O)c(O)c12,5281697,C15H10O6,286.24,1.4,107,439,4,6,1
T3321,CC1(C)CC[C@]2(C(=O)O)CC[C@]3(C)C(=CC[C@@H]4[C@@]5(C)CCC(=O)C(C)(C)[C@@H]5CC[C@]43C)[C@@H]2C1,12313704,C30H46O3,454.7,7.2,54.4,927,1,3,1
T3323,C[C@H]1[C@H](C)CC[C@]2(C(=O)O)CC[C@]3(C)C(=CC[C@@H]4[C@@]5(C)CCC(=O)C(C)(C)[C@@H]5CC[C@]43C)[C@H]12,9890209,C30H46O3,454.7,7,54.4,916,1,3,1
T3324,O[C@H]1[C@H]2c3cc4c(cc3CN3CCC(=C[C@@H]1O)[C@H]23)OCO4,72378,C16H17NO4,287.31,0,62.2,481,2,5,0
T3325,O=C1C[C@@H](c2ccc(O)cc2)Oc2cc(O)ccc21,114829,C15H12O4,256.25,2.2,66.8,335,2,4,1
T3327,CCO[C@H]1O[C@@H]2O[C@@]3(C)CC[C@H]4[C@H](C)CC[C@@H]([C@H]1C)[C@@]24OO3,3000469,C17H28O5,312.4,3.4,46.2,443,0,5,2
T3329,COc1ccc(-c2coc3cc(OC)ccc3c2=O)cc1,136419,C17H14O4,282.29,3.1,44.8,409,0,4,3
T3331,CC(C)(C)OC(=O)N[C@@H]1CCCC[C@H]1N,1514390,C11H22N2O2,214.30,1.3,64.4,223,2,3,3
T3332,C[C@@]12CCC3[C@@](CC[C@@H]4[C@](C)(C(=O)O)CCC[C@@]34C)(CC1=O)C2,20975216,C20H30O3,318.4,4.3,54.4,583,1,3,1
T3333,CC(C)(O)[C@H]1CC[C@@](C)([C@H]2[C@@H](O)C[C@@]3(C)[C@@H]4C[C@H](O)[C@H]5C(C)(C)[C@@H](O)CC[C@@]56C[C@@]46CC[C@]23C)O1,13943287,C30H50O5,490.7,4.4,90.2,916,4,5,2
T3334,COC[C@H]1C[C@@H](c2ncc(-c3ccc4c(c3)COc3cc5c(ccc6nc([C@@H]7CC[C@H](C)N7C(=O)[C@@H](NC(=O)OC)C(C)C)[nH]c65)cc3-4)[nH]2)N(C(=O)[C@H](NC(=O)OC)c2ccccc2)C1,67683363,C49H54N8O8,883.0,6.2,193,1690,4,10,13
T3335,CC(C)CN(C[C@@H](O)[C@H](Cc1ccccc1)NC(=O)O[C@H]1CO[C@H]2OCC[C@H]21)S(=O)(=O)c1ccc(N)cc1.CCO,23725083,C29H43N3O8S,593.7,,169,856,4,10,12
T3336,Nc1nc(N)c2c(OCC3CCN(Cc4c(Cl)cccc4Cl)CC3)cccc2n1,53258905,C21H23Cl2N5O,432.3,4.3,90.3,511,2,6,5
T3337,CCN1CCN(Cc2ccc(C(=O)Nc3ccc(C)c(Oc4ccc5c(c4)CC(=O)N5)c3)cc2C(F)(F)F)CC1,72836888,C30H31F3N4O3,552.6,4.4,73.9,881,2,8,7
T3338,C[C@@H]1COCCN1c1cc(C2([S@](C)(=N)=O)CC2)nc(-c2ccnc3[nH]ccc23)n1,54761306,C20H24N6O2S,412.5,2.6,116,724,2,7,4
T3339,O=C1CCC[C@@H]2[C@H]3CCCN4CCC[C@H](CN12)[C@@H]34,165549,C15H24N2O,248.36,1.6,23.6,356,0,2,0
T3341,C=CCc1cc(OC)c(OC)c(OC)c1,10248,C12H16O3,208.25,2.5,27.7,179,0,3,5
T3343,COc1cccc2oc(-c3ccccc3)cc(=O)c12,94525,C16H12O3,252.26,3.5,35.5,368,0,3,2
T3344,C=C1CC[C@]2(C(=O)O[C@@H]3O[C@H](CO[C@@H]4O[C@H](CO)[C@@H](O[C@@H]5O[C@@H](C)[C@H](O)[C@@H](O)[C@H]5O)[C@H](O)[C@H]4O)[C@@H](O)[C@H](O)[C@H]3O)CC[C@]3(C)C(=CC[C@@H]4[C@@]5(C)CC[C@H](O[C@@H]6OC[C@H](O)[C@H](O)[C@H]6O[C@@H]6O[C@@H](C)[C@H](O)[C@@H](O)[C@H]6O)C(C)(C)[C@@H]5CC[C@]43C)[C@@H]2C1,195123,C58H92O25,1189.3,-2,393,2350,14,25,13
T3346,O=c1[nH]c2ccccc2n1C1CCN(Cc2ccc(-c3nc4cc5[nH]cnc5cc4nc3-c3ccccc3)cc2)CC1,135398501,C34H29N7O,551.6,4.3,84.7,1270,2,5,5
T3347,COCc1nnc(N2CC(Oc3ccc(F)cc3Cl)C2)n1-c1ccc(OC)nc1,11683187,C19H19ClFN5O3,419.8,2.7,74.5,532,0,8,7
T3348,Cc1ccccc1-n1c(Cn2ncc3c(N)ncnc32)nc2cccc(C)c2c1=O,53245636,C22H19N7O,397.4,2.9,102,684,1,6,3
T3349,OB1OCc2cc(F)ccc21,11499245,C7H6BFO2,151.93,,29.5,155,1,3,0
T3350,Cc1cc(F)c(C(=O)Nc2cccc(-c3nncn3C(C)C)n2)cc1-n1cnc(C2CC2)c1,71245288,C24H24FN7O,445.5,2.7,90.5,692,1,6,6
T3351,CO[C@H]1CC[C@H](N2C(=O)CNc3ncc(-c4ccc(C(C)(C)O)nc4)nc32)CC1,58298316,C21H27N5O3,397.5,1.1,100,581,2,7,4
T3352,O=c1nc([C@@H]2CCCN2)[nH]c2c1oc1ccc(Cl)cc12,135564632,C14H12ClN3O2,289.71,2.2,66.6,456,2,4,1
T3354,CN(C(=O)n1cnc(-c2ccc[n+]([O-])c2)c1)C1CCCCC1,46831476,C16H20N4O2,300.36,1.3,63.6,386,0,3,2
T3355,C=CCN1CC[C@]23c4c5ccc(O)c4O[C@H]2[C@@H](OCCOCCOCCOCCOCCOCCOCCOC)CC[C@@]3(O)[C@H]1C5.O=C(O)C(=O)O,56959086,C36H55NO15,741.8,,201,971,4,16,25
T3357,CCC(=O)O[C@]1(C(=O)CO)CC[C@H]2[C@@H]3CCC4=CC(=O)CC[C@]4(C)[C@H]3CC[C@@]21C,11750009,C24H34O5,402.5,3.9,80.7,769,1,5,5
T3358,O=C(c1ccc(Cl)cc1Cl)n1nnc2ccccc21,771910,C13H7Cl2N3O,292.12,3.9,47.8,355,0,3,1
T3360,Cl.Cl.OCCOCCN1CCN(Cc2cccc(Oc3ccccc3)c2)CC1,56972201,C21H30Cl2N2O3,429.4,,45.2,368,3,5,9
T3361,CC(C)OC(=O)Nc1ccc2[nH]c(-c3cscn3)nc2c1,33309,C14H14N4O2S,302.35,2.9,108,382,2,5,4
T3362,COc1ccc(-c2cc(=O)c3c(O)c(OC)c(O)cc3o2)cc1OC,5273755,C18H16O7,344.3,2.9,94.5,520,2,7,4
T3363,CC1=C2C(=O)[C@H]3[C@@H](CC=C4C[C@@H](O)CC[C@@]43C)[C@@H]2CC[C@]12O[C@@H]1C[C@H](C)CN[C@H]1[C@H]2C,10098,C27H39NO3,425.6,2.9,58.6,876,2,4,0
T3364,Cc1c([C@H](C)[C@@H]2NC[C@@H](C)C[C@H]2O)ccc2c1C[C@H]1[C@H]2CC=C2C[C@@H](O)CC[C@@]21C,6070,C27H39NO2,409.6,4.3,52.5,676,3,3,2
T3365,C=C1C[C@]23CC[C@H]4[C@@](C)(CCC[C@@]4(C)C(=O)O[C@@H]4O[C@H](CO)[C@@H](O)[C@H](O)[C@H]4O)[C@@H]2CC[C@@]1(O[C@@H]1O[C@H](CO)[C@@H](O)[C@H](O[C@@H]2O[C@H](CO)[C@@H](O)[C@H](O)[C@H]2O[C@@H]2O[C@@H](C)[C@H](O)[C@@H](O)[C@H]2O)[C@H]1O)C3,90474281,C44H70O22,951.0,-2.3,354,1740,13,22,12
T3366,COC1=C[C@]23CCCN2CCc2cc4c(cc2[C@@H]3[C@@H]1O)OCO4,65305,C18H21NO4,315.4,0.2,51.2,523,1,5,1
T3367,C[C@@H]1O[C@@H](O[C@H]2[C@H](O[C@H]3CC[C@@]4(C)[C@@H](CC[C@]5(C)[C@@H]4CC=C4[C@@H]6CC(C)(C)CC[C@]6(C(=O)O[C@@H]6O[C@H](CO[C@@H]7O[C@H](CO)[C@@H](O)[C@H](O)[C@H]7O)[C@@H](O)[C@H](O)[C@H]6O)CC[C@]45C)[C@]3(C)CO)OC[C@H](O)[C@@H]2O)[C@H](O)[C@H](O[C@@H]2O[C@H](CO)[C@@H](O[C@@H]3O[C@H](CO)[C@@H](O)[C@H](O)[C@H]3O)[C@H](O)[C@H]2O)[C@H]1O,71307567,C65H106O32,1399.5,-4,512,2720,19,32,18
T3368,C[C@@H]1O[C@@H](O[C@H]2[C@H](O[C@H]3CC[C@@]4(C)C(CC[C@]5(C)[C@@H]4CC=C4[C@H]6CC(C)(C)CC[C@]6(C(=O)O)CC[C@]45C)[C@]3(C)CO)OC[C@H](O)[C@@H]2O)[C@H](O)[C@H](O)[C@H]1O,71464054,C41H66O12,751.0,3.6,196,1440,7,12,6
T3369,COc1cc2c3c(c1OC)-c1ccccc1C[C@H]3N(C)CC2,10146,C19H21NO2,295.4,3.4,21.7,401,0,3,2
T3370,C[C@@H]1O[C@@H](OC2[C@H](O[C@H]3CC[C@@]4(C)[C@@H](CC[C@]5(C)[C@@H]4CC=C4[C@@H]6CC(C)(C)CC[C@]6(C(=O)O[C@@H]6O[C@H](COC7O[C@H](CO)[C@@H](O[C@@H]8O[C@@H](C)[C@H](O)[C@@H](O)[C@H]8O)[C@H](O)[C@H]7O)[C@@H](O)[C@H](O)[C@H]6O)CC[C@]45C)[C@]3(C)CO)OC[C@H](O)[C@@H]2O)[C@H](O)[C@H](O)[C@H]1O,73297,C59H96O26,1221.4,-2,413,2370,15,26,14
T3371,CC1(C)CC[C@]2(C(=O)O)[C@H](O)C[C@]3(C)C(=CC[C@@H]4[C@@]5(C)CC[C@H](O)[C@@](C)(C=O)[C@@H]5CC[C@]43C)[C@@H]2C1,101810,C30H46O5,486.7,6.1,94.8,970,3,5,2
T3372,C[C@@H]1O[C@@H](O[C@H]2[C@H](O[C@H]3CC[C@@]4(C)[C@@H](CC[C@]5(C)[C@@H]4CC=C4[C@@H]6CC(C)(C)CC[C@]6(C(=O)O[C@@H]6O[C@H](CO[C@@H]7O[C@H](CO)[C@@H](O)[C@H](O)[C@H]7O)[C@@H](O)[C@H](O)[C@H]6O)CC[C@]45C)[C@]3(C)CO)OC[C@H](O)[C@@H]2O)[C@H](O)[C@H](O)[C@H]1O,21627940,C53H86O22,1075.2,-0.3,354,2060,13,22,12
T3374,Cc1cccc2c3c(ccc12)C1=C(C(=O)C3=O)C(C)CO1,5316743,C18H14O3,278.3,3.2,43.4,533,0,3,0
T3376,O=c1cc(-c2ccc(O)c(O)c2)oc2cc(O[C@@H]3O[C@H](CO)[C@@H](O)[C@H](O)[C@H]3O)cc(O)c12,5280637,C21H20O11,448.4,0.5,186,714,7,11,4
T3377,N[C@@H](Cc1ccccc1)C(=O)O,6140,C9H11NO2,165.19,-1.5,63.3,153,2,3,3
T3378,C[C@]12CC[C@@H]3c4ccc(O)cc4CC[C@H]3[C@@H]1CC[C@H]2O,68570,C18H24O2,272.4,4,40.5,382,2,2,0
T3379,CCCCCCCCCC(=O)O,2969,C10H20O2,172.26,4.1,37.3,110,1,2,8
T3380,COC(=O)CC(O)(CCCC(C)(C)O)C(=O)OC1C(OC)=CC23CCCN2CCc2cc4c(cc2C13)OCO4,3628,C29H39NO9,545.6,0.8,124,968,2,10,11
T3382,CC1(C)[C@@H](O)CC[C@]2(C)[C@H]3CC=C4[C@@H]5C[C@@]6(C)C[C@H](OC6=O)[C@]5(C)CC[C@@]4(C)[C@]3(C)CC[C@@H]12,158477,C30H46O3,454.7,6.9,46.5,935,1,3,0
T3383,COc1c2c(cc3oc(CO)cc(=O)c13)O[C@H](C(C)(C)O)C2,441960,C16H18O6,306.31,0.6,85.2,485,2,6,3
T3384,COc1cc(O)c2c(c1)oc(=O)c1c3cc(O)c(O)cc3oc21,5281813,C16H10O7,314.25,2.4,109,483,3,7,1
T3385,CC(C)=CCC[C@](C)(O[C@@H]1O[C@H](CO[C@@H]2O[C@H](CO)[C@@H](O)[C@H](O)[C@H]2O)[C@@H](O)[C@H](O)[C@H]1O)[C@H]1CC[C@]2(C)[C@@H]1[C@H](O)C[C@@H]1[C@@]3(C)CC[C@H](O[C@@H]4O[C@H](CO)[C@@H](O)[C@H](O)[C@H]4O)C(C)(C)[C@@H]3CC[C@]12C,44584555,C48H82O18,947.2,1.9,298,1680,12,18,13
T3386,C[C@@H]1O[C@@H](Oc2cc(O)c3c(=O)c(O[C@@H]4O[C@@H](C)[C@H](O)[C@@H](O)[C@H]4O)c(-c4ccc(O)cc4)oc3c2)[C@H](O)[C@H](O)[C@H]1O,5486199,C27H30O14,578.5,-0.1,225,968,8,14,5
T3388,COc1ccc(-c2coc3cc(O[C@@H]4O[C@H](CO)[C@@H](O)[C@H](O)[C@H]4O)ccc3c2=O)cc1O,5318267,C22H22O10,446.4,0.6,155,698,5,10,5
T3390,CC1(C)OC(=O)C=C[C@]2(C)[C@H]3CC[C@@]4(C)[C@H](c5ccoc5)OC(=O)[C@H]5O[C@]54[C@]3(C)C(=O)C[C@@H]12,119041,C26H30O7,454.5,3.2,95.3,985,0,7,1
T3391,C[C@H]1[C@H](C)CC[C@]2(C(=O)O)CC[C@]3(C)C(=CC[C@@H]4[C@@]5(C)C[C@@H](O)[C@H](O)C(C)(C)[C@@H]5CC[C@]43C)[C@H]12,6918774,C30H48O4,472.7,6.4,77.8,907,3,4,1
T3393,CC(C)c1ccc2c(c1O)CC[C@H]1C3=C(CC[C@]21C)C(=O)OC3,173273,C20H24O3,312.4,4,46.5,549,1,3,1
T3394,C[C@@H](CCC1(O)O[C@H]2C[C@H]3[C@@H]4CC[C@@H]5C[C@@H](O[C@@H]6O[C@H](CO)[C@H](O)[C@H](O)[C@H]6O[C@@H]6O[C@H](CO)[C@@H](O)[C@H](O)[C@H]6O)CC[C@]5(C)[C@H]4CC[C@]3(C)[C@H]2[C@@H]1C)CO[C@@H]1O[C@H](CO)[C@@H](O)[C@H](O)[C@H]1O,44575945,C45H76O19,921.1,0.7,307,1560,12,19,13
T3395,CC1CC[C@@]2(OC1)O[C@H]1C[C@H]3[C@@H]4CC[C@@H]5C[C@@H](O[C@@H]6O[C@H](CO)[C@H](O)[C@H](O)[C@H]6O[C@@H]6O[C@H](CO)[C@@H](O)[C@H](O)[C@H]6O)CC[C@]5(C)[C@H]4CC[C@]3(C)[C@H]1[C@@H]2C,71306914,C39H64O13,740.9,3.3,197,1270,7,13,6
T3396,COc1ccc(-c2oc3c(CC=C(C)C)c(O)cc(O)c3c(=O)c2O[C@@H]2O[C@@H](C)[C@H](O)[C@@H](O)[C@H]2O)cc1,5488822,C27H30O10,514.5,3.5,155,874,5,10,6
T3397,COc1ccc(-c2oc3c(CC=C(C)C)c(O[C@@H]4O[C@H](CO)[C@@H](O)[C@H](O)[C@H]4O)cc(O)c3c(=O)c2O[C@@H]2O[C@@H](C)[C@H](O)[C@@H](O)[C@H]2O[C@@H]2O[C@@H](C)[C@H](O)[C@@H](O)[C@H]2O)cc1,5748394,C39H50O19,822.8,0.6,293,1450,10,19,11
T3398,COc1ccc(-c2oc3c(CC=C(C)C)c(O)cc(O)c3c(=O)c2O)cc1,5318980,C21H20O6,368.4,4.8,96.2,612,3,6,4
T3399,CC(C)=CCc1cc2c(cc1O)oc(=O)c1c3ccc(O)cc3oc21,5281806,C20H16O5,336.3,4.7,79.9,554,2,5,2
T3401,CC(C)=CCC[C@](C)(O[C@@H]1O[C@H](CO)[C@@H](O)[C@H](O)[C@H]1O)[C@H]1CC[C@]2(C)[C@@H]1[C@H](O)C[C@@H]1[C@@]3(C)CC[C@H](O)C(C)(C)[C@@H]3[C@@H](O)C[C@]12C,9809542,C36H62O9,638.9,4.3,160,1110,7,9,7
T3402,CC(C)=CCC[C@](C)(O)[C@H]1CC[C@]2(C)[C@@H]1[C@H](O)C[C@@H]1[C@@]3(C)CC[C@H](O[C@@H]4O[C@H](CO)[C@@H](O)[C@H](O)[C@H]4O[C@@H]4O[C@H](CO)[C@@H](O)[C@H](O)[C@H]4O)C(C)(C)[C@@H]3CC[C@]12C,9918693,C42H72O13,785.0,4,219,1370,9,13,10
T3403,CC1(C)C=Cc2c(ccc3c2OC[C@@H](c2ccc(O)cc2O)C3)O1,124052,C20H20O4,324.4,3.9,58.9,488,2,4,1
T3405,CCCCC[C@H](O)CC(=O)CCc1ccc(O)c(OC)c1,442793,C17H26O4,294.4,2.5,66.8,293,2,4,10
T3406,OC[C@H]1O[C@@H](Oc2cc3c(O)cc(O)cc3[o+]c2-c2ccc(O)c(O)c2)[C@H](O)[C@@H](O)[C@@H]1O.[Cl-],197081,C21H21ClO11,484.8,,181,623,8,11,4
T3407,C[C@@H](O)[C@H](N)C(=O)N1CCC[C@H]1C(=O)N1CCC[C@H]1C(=O)N[C@H](C(N)=O)[C@@H](C)O,14539800,C18H31N5O6,413.5,-2.8,179,659,5,7,7
T3408,COc1cc(C=CCO)cc(OC)c1OC1OC(CO)C(O)C(O)C1O,323959,C17H24O9,372.4,-1.3,138,432,5,9,7
T3410,CC1(C)CCC2(C(=O)O)CCC3(C)C(=CCC4C5(C)CCC(OC6OC(C(=O)O)C(O)C(OC7OCC(O)C(O)C7O)C6O)C(C)(C)C5CCC43C)C2C1,14162549,C41H64O13,764.9,4.6,213,1510,7,13,6
T3412,OCCc1ccc(O)c(O)c1,82755,C8H10O3,154.16,-0.7,60.7,116,3,3,2
T3413,COc1c2c(cc3oc(C)cc(=O)c13)O[C@H](C(C)(C)O[C@@H]1O[C@H](CO)[C@@H](O)[C@H](O)[C@H]1O)C2,21670038,C22H28O10,452.5,0.3,144,738,4,10,5
T3414,COC(=O)C1=CO[C@@H](O[C@@H]2O[C@H](CO)[C@@H](O)[C@H](O)[C@H]2O)[C@@H]2[C@H](C)OC(O)C[C@H]12,11304302,C17H26O11,406.4,-1.8,164,596,5,11,5
T3415,COc1cc(C[C@@H](CO[C@@H]2O[C@H](CO)[C@@H](O)[C@H](O)[C@H]2O)[C@H](CO[C@@H]2O[C@H](CO)[C@@H](O)[C@H](O)[C@H]2O)Cc2ccc(O)c(OC)c2)ccc1O,9917980,C32H46O16,686.7,-0.7,258,861,10,16,15
T3416,OCC1=C[C@@H](O)[C@@H]2C=CO[C@@H](O[C@@H]3O[C@H](CO)[C@@H](O)[C@H](O)[C@H]3O)[C@H]12,91458,C15H22O9,346.33,-3,149,507,6,9,4
T3417,O=c1cc(-c2ccc(O)c(-c3c(O)cc(O)c4c(=O)cc(-c5ccc(O)cc5)oc34)c2)oc2cc(O)cc(O)c12,5281600,C30H18O10,538.5,5,174,1050,6,10,3
T3418,C[C@@]1(C(=O)O)CC[C@]2(C)CC[C@]3(C)C4=CC(=O)c5c(cc(O)c(O)c5C=O)[C@]4(C)CC[C@@]3(C)[C@@H]2C1,10322911,C29H36O6,480.6,6.2,112,1000,3,6,2
T3419,COc1ccc2c(c[n+](C)c3c4cc5c(cc4ccc23)OCO5)c1OC.[Cl-],72311,C21H18ClNO4,383.8,,40.8,516,0,5,2
T3420,CCCNC(=O)[C@H]1O[C@@H]1C(=O)N[C@H](C(=O)N1CCC[C@H]1C(=O)OC)C(C)CC,23760717,C19H31N3O6,397.5,1.2,117,610,2,6,10
T3422,CC(C)(C)C1CCC(N(Cc2ccc(C(=O)NCCC(=O)O)cc2)C(=O)Nc2ccc(OC(F)(F)F)cc2)CC1,16100296,C29H36F3N3O5,563.6,5.8,108,839,3,8,10
T3423,CC(C)c1ccc(NC(=O)c2cccs2)c(-c2nc3ccccc3[nH]c2=O)c1,53377448,C22H19N3O2S,389.5,4.3,98.8,635,2,4,4
T3424,CCS(=O)(=O)c1ccc2oc(-c3ccc4ccccc4c3)nc2c1,25109292,C19H15NO3S,337.4,4.3,68.6,543,0,4,3
T3428,O=Cc1ccc(O[C@@H]2O[C@H](CO)[C@@H](O)[C@@H](O)[C@H]2O)cc1,12896796,C13H16O7,284.26,-0.9,116,316,4,7,4
T3429,CN1CCc2cc3c(cc2C(=O)Cc2ccc4c(c2C1)OCO4)OCO3,4970,C20H19NO5,353.4,2.8,57.2,542,0,6,0
T3430,O=C(NCC(=O)N1CC[C@H](N[C@H]2CC[C@@](O)(c3ccc(-c4ncccn4)cn3)CC2)C1)c1cccc(C(F)(F)F)c1,11192346,C29H31F3N6O3,568.6,2.2,120,894,3,10,7
T3431,CN1CCN(c2cccc3[nH]c(=O)oc23)CC1.Cl,6918524,C12H16ClN3O2,269.73,,44.8,302,2,4,1
T3432,CC(=O)[C@H]1[C@H]2O[C@]23[C@@H]2CC[C@@H]4C[C@@H](O)CC[C@]4(C)[C@H]2CC[C@]3(C)[C@H]1c1ccc(=O)oc1,73554429,C26H34O5,426.5,3.1,76.1,905,1,5,2
T3433,Cc1ccc(-c2ccc(F)cc2COc2ccc(CCC(=O)O)cc2)cc1,57522038,C23H21FO3,364.4,5.2,46.5,453,1,4,7
T3434,COc1ccc(Oc2cc(NCCC(F)(F)F)c3ncc(-c4ccc(C(=O)NC5CC5)c(C)c4)n3n2)c(F)c1F,78320750,C27H24F5N5O3,561.5,5.7,89.8,867,2,11,9
T3436,CN(CCNc1ccnc2cc(Cl)ccc12)CCNc1ccnc2cc(Cl)ccc12,70673567,C23H23Cl2N5,440.4,5.4,53.1,480,2,5,8
T3437,CN(CCNc1ccnc2cc(Cl)ccc12)CCNc1ccnc2cc(Cl)ccc12.Cl.Cl.Cl,70673566,C23H26Cl5N5,549.7,,53.1,480,5,5,8
T3438,COc1ccc2c(c1)CN(C)CCS2,24763624,C11H15NOS,209.31,2,37.8,188,0,3,1
T3439,O=C(CN1CCN(C(=O)c2ccco2)CC1)Nc1cc(C(F)(F)F)ccc1Cl,3238952,C18H17ClF3N3O3,415.8,3,65.8,570,1,7,4
T3440,O=C(O)CCC(CP(=O)(O)O)C(=O)O,10130754,C6H11O7P,226.12,-2.2,132,267,4,7,6
T3442,CC(C)(NS(=O)(=O)c1ccc2c(Cl)cnc(NC(=N)N)c2c1)C(=O)O,9952109,C14H16ClN5O4S,385.8,0.7,169,644,4,7,5
T3444,COc1cc(NC(=O)Nc2cccc(CNC(=O)O[C@H]3CCOC3)c2)ccc1-c1cnco1,153241,C23H24N4O6,452.5,2.1,124,652,3,7,8
T3445,CC(Nc1nc(N2CCCC2)nc2ccccc12)c1ccccc1,2949965,C20H22N4,318.4,4.7,41.1,389,1,4,4
T3447,CCCCCCCCCCCCCC(=S)NCCCC[C@H](NC(=O)OCc1ccccc1)C(=O)Nc1ccccc1,126843233,C34H51N3O3S,581.9,9.6,112,693,3,4,23
T3448,COc1cccc(-n2c(SCC(=O)O)nnc2-c2ccccn2)c1,71748051,C16H14N4O3S,342.4,2.1,115,428,1,7,6
T3449,COC(=O)C1=C(C)NC(c2ncc(F)cc2F)=NC1c1ccc(F)cc1Cl,9865484,C18H13ClF3N3O2,395.8,3.1,63.6,645,1,7,4
T3451,FC(F)(F)c1c(N2CCC(c3ccccc3)CC2)ccn2c(CC3CC3)nnc12,49765871,C22H23F3N4,400.4,5.8,33.4,553,0,6,4
T3452,CC(C)(C)c1ccc(S(=O)(=O)Nc2ccc(-n3ccnc3)cc2)cc1,3792751,C19H21N3O2S,355.5,3.9,72.4,522,1,4,5
T3455,Cc1ccc(C(=O)Nc2ccc(Oc3cc4cnn(C)c4cc3-c3cn[nH]c3)c(F)c2)c(=O)n1-c1ccc(F)cc1,44603533,C30H22F2N6O3,552.5,4.7,105,1050,2,7,6
T3456,C=CC(=O)N[C@H]1CCOC[C@H]1Nc1ncc2cc(-c3c(Cl)c(OC)cc(OC)c3Cl)ccc2n1,91885617,C24H24Cl2N4O4,503.4,4.7,94.6,688,2,7,7
T3458,CS(=O)(=O)c1ccc(-c2cnc(NCc3ccco3)n3cnnc23)cc1,123132228,C17H15N5O3S,369.4,2.3,111,575,1,7,5
T3460,COc1cc(OC)cc(C(=O)Nc2ccc(Cl)c(-c3nc4ccc(N(C)C)cc4[nH]3)c2)c1,9911630,C24H23ClN4O3,450.9,4.7,79.5,626,2,5,6
T3461,CCCCc1nc(Cl)c(C(=O)O)n1Cc1ccc(-c2ccccc2-c2nnn[nH]2)cc1,108185,C22H21ClN6O2,436.9,5,110,590,2,6,8
T3462,CCCNC(=O)c1cn2ncnc(Nc3cc(C(=O)NC4CC4)ccc3C)c2c1C.Cl,11848302,C22H27ClN6O2,442.9,,100,627,4,5,7
T3463,Cc1ccc(Nc2nnc(Cc3ccncc3)c3ccccc23)cc1Br,6918616,C21H17BrN4,405.3,4.9,50.7,442,1,4,4
T3464,O=C(Nc1ccccc1)C12CC1C(=NO)c1ccccc1O2,3579925,C17H14N2O3,294.30,2.6,70.9,486,2,4,2
T3465,COc1ccc(C(=O)N2CCN(c3ccc4c(c3)CCC(=O)N4)CC2)cc1OC,5663,C22H25N3O4,395.5,2.1,71.1,593,1,5,4
T3466,C=CC(=O)Nc1ccc(CN(C(=O)Nc2c(Cl)c(OC)cc(OC)c2Cl)c2cc(Nc3ccc(N4CCN(C)CC4)cc3)ncn2)cc1,73707531,C34H36Cl2N8O4,691.6,5.6,124,1020,3,9,11
T3467,Nc1ncccc1-c1nc2ccc(-c3ccccc3)nc2n1-c1ccc(C2(N)CCC2)cc1,53262401,C27H24N6,432.5,3.8,95.6,653,2,5,4
T3468,Cc1cc(Nc2cc(N)ncn2)c(=O)n2c1C(=O)NC21CCCCC1,118598754,C17H20N6O2,340.4,1.3,113,664,3,6,2
T3469,N=C(N)c1ccc2nc(-c3cc(CC(=O)N[C@@H](CC(=O)O)C(=O)O)cc(-c4cc(S(N)(=O)=O)ccc4O)c3O)[nH]c2c1,135425273,C26H24N6O9S,596.6,-0.1,291,1150,9,12,10
T3470,N[C@]1(C(=O)O)C[C@H](C(=O)O)C1,1214,C6H9NO4,159.14,-3.5,101,207,3,5,2
T3471,N[C@]1(C(=O)O)C[C@@H](C(=O)O)C1,1214,C6H9NO4,159.14,-3.5,101,207,3,5,2
T3472,COc1ccc(S(=O)(=O)N(Cc2cccnc2)[C@@H](C(=O)NO)C(C)C)cc1.Cl,9888897,C18H24ClN3O5S,429.9,,117,570,3,7,8
T3473,CC(C)(C)c1onc(OCP(=O)(O)O)c1CC(N)C(=O)O,4615193,C11H19N2O7P,322.25,-2.7,156,419,4,9,7
T3474,COc1ccc(-c2nc(NS(=O)(=O)c3ccc(C(C)(C)C)cc3)c(Oc3ccccc3OC)c(OC[C@H](O)CO)n2)cc1,5312146,C31H35N3O8S,609.7,4.9,158,928,3,11,13
T3475,CSc1nc(Nc2ccccc2)c2cccnc2n1,175083,C14H12N4S,268.34,3.5,76,283,1,5,3
T3476,COc1ccc(Br)cc1NC(=O)Nc1cccc2c1ccn2Cc1ccnc(N)c1,11691242,C22H20BrN5O2,466.3,3.4,94.2,582,3,4,5
T3477,CCC(N)(C(=O)O)c1ccc(C(=O)O)cc1,3937355,C11H13NO4,223.22,-1.5,101,284,3,5,4
T3478,Cc1ccc(S(=O)(=O)N2CCC[C@H]2c2ccc(F)cc2)cc1,32681978,C17H18FNO2S,319.4,3.6,45.8,460,0,4,3
T3479,CC(N)(C(=O)O)c1ccc(C(=O)O)cc1,1222,C10H11NO4,209.20,-2,101,271,3,5,3
T3480,Cc1c(CN2CCN(c3cccc(C(F)(F)F)c3)CC2)cc(-c2ccccc2)n1NC(=O)c1ccncc1,6479837,C29H28F3N5O,519.6,5.2,53.4,762,1,7,6
T3481,O=C1CN(CCN2CC(=O)N(CN3CCOCC3)C(=O)C2)CC(=O)N1CN1CCOCC1,100708,C20H32N6O6,452.5,-1.9,106,627,0,10,7
T3482,Cc1c(-c2ccc3c(c2)CN(C2CC2)C3=O)nnn1-c1cccnc1F,11175501,C19H16FN5O,349.4,2.4,63.9,558,0,5,3
T3483,Cc1c(C2=CCN(C(=O)N(C)C(C)C)CC2)nnn1-c1cccnc1F,11245287,C18H23FN6O,358.4,1.6,67.2,542,0,5,3
T3484,N[C@]1(C(=O)O)CC[C@H](C(=O)O)C1,73537,C7H11NO4,173.17,-3.2,101,227,3,5,2
T3485,CC(CN1CC(=O)N(CN2CCOCC2)C(=O)C1)N1CC(=O)N(CN2CCOCC2)C(=O)C1,125610,C21H34N6O6,466.5,-1.5,106,718,0,10,7
T3486,Cc1cc(C(=O)O)sc1C(N)C(=O)O,10398360,C8H9NO4S,215.23,-1.8,129,258,3,6,3
T3487,CN1CCN(c2ncc(Sc3cccc(NC(=O)CN)c3)c(OCc3ccccc3)n2)CC1,66973893,C24H28N6O2S,464.6,2.6,122,600,2,8,8
T3488,COc1c(O)cc2occ(-c3ccc(O)cc3)c(=O)c2c1O,5281811,C16H12O6,300.26,2.6,96.2,454,3,6,2
T3489,COc1c(-c2ccc3cc(NS(C)(=O)=O)ccc3c2)cc(-n2ccc(=O)[nH]c2=O)cc1C(C)(C)C,56640146,C26H27N3O5S,493.6,4.3,113,938,2,6,6
T3491,CC(=N)NCc1cccc(CN)c1.Cl.Cl,2733515,C10H17Cl2N3,250.17,,64.4,177,4,2,3
T3492,COc1cc(OC)cc(-c2cc3cnc(N)nc3nc2NC(=O)NC(C)(C)C)c1,5328127,C20H24N6O3,396.4,2.3,124,545,3,7,5
T3493,Clc1ccccc1-c1nnc(-c2ccccc2Cl)nn1,73670,C14H8Cl2N4,303.1,3.2,51.6,280,0,4,2
T3494,COC(=O)c1ccc(O)c(NC(=O)COc2ccc(C3C4CC5CC(C4)CC3C5)cc2)c1,35028748,C26H29NO5,435.5,5.4,84.9,660,2,5,7
T3495,CCC(=O)NC[C@@H]1C[C@H]1c1cccc2c1CCO2,10220503,C15H19NO2,245.32,2.2,38.3,318,1,2,4
T3497,Cc1nc2c(C)cccn2c(=O)c1CCN1CCC(c2noc3cc(F)ccc23)CC1,71351,C24H25FN4O2,420.5,3.3,61.9,856,0,6,4
T3498,CC1=C(C(=O)Nc2ccc3[nH]ncc3c2)C(c2ccc(F)c(C(=O)NCc3ccccn3)c2)NC(=O)N1,118888941,C26H22FN7O3,499.5,1.5,141,915,5,6,6
T3500,CC(=O)OC(C)OC(=O)C(C)c1ccc(-c2ccccc2)c(F)c1,3395,C19H19FO4,330.3,4.9,52.6,433,0,5,7
T3501,CC[C@H](C)CCCCC(=O)N[C@@H](CCNCS(=O)(=O)O)C(=O)N[C@H](C(=O)N[C@@H](CCNCS(=O)(=O)O)C(=O)N[C@H]1CCNC(=O)[C@H]([C@@H](C)O)NC(=O)[C@H](CCNCS(=O)(=O)O)NC(=O)[C@H](CCN)NC(=O)[C@H](CC(C)C)NC(=O)[C@@H](CC(C)C)NC(=O)[C@H](CCNCS(=O)(=O)O)NC1=O)[C@@H](C)O,112500431,C57H108N16O25S4,1545.8,-13.9,686,3210,22,30,41
T3503,CC(C)[C@H](NC(=O)CCCCCN1C(=O)C=CC1=O)C(=O)N[C@@H](CCCNC(N)=O)C(=O)Nc1ccc(COC(=O)Oc2ccc([N+](=O)[O-])cc2)cc1,57587849,C35H43N7O11,737.8,2.4,261,1320,5,11,21
T3504,COc1nnc2ccc(N3CCC(c4ccc(OCCN5CCN(C)C(=O)[C@H]5C)cc4)CC3)nn12.O=C(O)c1ccc2cc(O)ccc2c1,118693658,C36H41N7O6,667.8,,146,925,2,11,8
T3505,CC(C)(C)OC(=O)NCC1(O)CNC1,84052644,C9H18N2O3,202.25,-0.5,70.6,219,3,4,4
T3508,CCOc1ccc(Oc2ccc(OCc3cc(F)ccc3F)cc2)c(N)c1,644100,C21H19F2NO3,371.4,4.8,53.7,434,1,6,7
T3509,O=C(NO)c1cnc(NC2(c3ccccc3)CC2)nc1,57381425,C14H14N4O2,270.29,1.1,87.1,345,3,5,4
T3510,CCCCCCCCCCCCCCOc1ccc(C(=O)OCC(=O)N(C)CC(=O)OCC)o1,89497391,C26H43NO7,481.6,8,95.3,569,0,7,22
T3513,CC1=C(C(=O)Nc2ccc3[nH]ncc3c2)C(c2ccc(F)cc2)NC(=O)N1,11233873,C19H16FN5O2,365.4,1.7,98.9,632,4,4,3
T3514,CCNC(=O)Nc1ccc(-c2nc(N3CCOC[C@@H]3C)c3c(n2)C(C)(C)S(=O)(=O)C3)cc1,71547699,C22H29N5O4S,459.6,1.1,122,778,2,7,4
T3516,Cn1c(CCCCCCC(=O)NO)nc2cc(N(CCCl)CCCl)ccc21,46836227,C19H28Cl2N4O2,415.4,3.6,70.4,438,2,4,12
T3517,COc1cc(C(N)=O)ccc1NC(=O)[C@@H]1N[C@@H](CC(C)(C)C)[C@@]2(C(=O)Nc3cc(Cl)ccc32)[C@H]1c1cccc(Cl)c1F,53238217,C31H31Cl2FN4O4,613.5,5,123,1040,4,6,7
T3518,CCn1c(-c2nonc2N)nc2cnc(Oc3cccc(NC(=O)c4ccc(OCCN5CCOCC5)cc4)c3)cc21,16095342,C29H30N8O5,570.6,2.2,156,860,2,11,10
T3519,CC1CCC2(OC1)OC1CC3C4CC=C5CC(OC6OC(CO)C(OC7OC(C)C(OC8OC(C)C(O)C(O)C8O)C(O)C7O)C(O)C6OC6OC(C)C(O)C(O)C6O)CCC5(C)C4CCC3(C)C1C2C,328441,C51H82O20,1015.2,0.2,295,1900,10,20,9
T3520,O=C(O)Cn1c2c(c3cc(F)ccc31)CN(C(=O)c1cccc3ccccc13)CC2,49843471,C24H19FN2O3,402.4,4.1,62.5,673,1,4,3
T3523,COc1cnc(-n2cnc(C)n2)c2c1c(C(=O)C(=O)N1CCN(C(=O)c3ccccc3)CC1)cn2COP(=O)(O)O,11319217,C25H26N7O8P,583.5,-0.1,182,1020,2,11,8
T3524,Br.O=C(C[C@@H]1NCCC[C@H]1O)Cn1cnc2cc(Br)c(Cl)cc2c1=O,400771,C16H18Br2ClN3O3,495.6,,82,533,3,5,4
T3526,Cl.N[C@@H]1CC[C@@H](c2ccc(Cl)c(Cl)c2)c2ccccc21,25192248,C16H16Cl3N,328.7,,26,309,2,1,1
T3528,NC(=O)C(c1ccccc1)(c1ccc(F)cc1)c1ccc(F)cc1,216327,C20H15F2NO,323.3,4.1,43.1,397,1,3,4
T3529,CC(C)C[C@H](NC(=O)[C@@H](O)[C@H](N)Cc1ccccc1)C(=O)O.Cl,11957481,C16H25ClN2O4,344.8,,113,367,5,5,8
T3532,Cc1occc1C(=O)n1ccnc1,66563653,C9H8N2O2,176.17,1,48,208,0,3,1
T3534,COc1cc2c(cc1OC)C1CC(=O)C(CC(C)C)CN1CC2,6018,C19H27NO3,317.4,2.9,38.8,425,0,4,4
T3535,COc1cccc2c(NCc3ccccc3)nc(-n3c(N)nc4ccccc43)nc12,49830258,C23H20N6O,396.4,4.5,90.9,558,2,6,5
T3537,CC(C)(C)S(=O)(=O)c1ccc2nccc(Nc3n[nH]c4ccc(F)cc34)c2c1,67469084,C20H19FN4O2S,398.5,4,96.1,662,2,6,4
T3539,NC(=O)[C@@H]1CCCC[C@@H]1C(=O)Nc1ccc(Cl)c(Cl)c1,66553157,C14H16Cl2N2O2,315.2,2.4,72.2,378,2,2,3
T3541,CCN1C(=O)CNc2ncc(-c3ccc(-c4ncn[nH]4)nc3C)nc21,58298318,C16H16N8O,336.35,0.7,113,491,2,7,3
T3542,CCN(CC)C(=O)Cc1csc(NS(=O)(=O)c2cccc(Cl)c2C)n1,6918663,C16H20ClN3O3S2,401.9,3,116,551,1,6,7
T3543,Nc1nc2cc(C(F)(F)F)ccc2n1Cc1ccc(Cl)cc1,127722,C15H11ClF3N3,325.71,4.2,43.8,385,1,5,2
T3544,CC1(N)CCN(c2cnc(-c3cccc(Cl)c3Cl)c(N)n2)CC1.Cl,121241170,C16H20Cl3N5,388.7,,81.1,402,3,5,2
T3546,O=C(O)c1ccc2c3c1cccc3c(=O)n1c3ccccc3nc21,3467590,C19H10N2O3,314.3,3.5,72.2,565,1,4,1
T3547,CCOc1ccc(Cc2cc([C@@H]3O[C@H](SC)[C@@H](O)[C@H](O)[C@H]3O)ccc2Cl)cc1,24831714,C21H25ClO5S,424.9,3.2,104,476,3,6,6
T3549,Cc1nc2cccc(N)c2c(=O)n1C1CCC(=O)NC1=O,24967599,C14H14N4O3,286.29,0,105,530,2,5,1
T3550,C[C@@H](Oc1cc(C(=O)Nc2ccc(C(=O)N3CCN(C)CC3)cc2)nnc1N)c1c(Cl)ccc(F)c1Cl,56960447,C25H25Cl2FN6O3,547.4,3.2,114,784,2,8,6
T3553,Cc1cccc(COc2cccc(C=C3C(=O)NN(c4ccccc4)C3=O)c2)c1,2905264,C24H20N2O3,384.4,4.7,58.6,626,1,3,5
T3555,Cc1ccc(S(=O)(=O)Nc2cc(C(F)(F)F)ccc2C(=O)Nc2nc(-c3ccccc3)cs2)cc1,70789348,C24H18F3N3O3S2,517.5,6.1,125,822,2,9,6
T3556,FC(F)(F)c1ccccc1-c1nc(NCc2cccs2)c2ccccc2n1,3235425,C20H14F3N3S,385.4,5.6,66.1,490,1,7,4
T3557,CCCNc1nc(NCCC)nc(N(C)OC)n1,57340959,C11H22N6O,254.33,2.9,75.2,202,2,7,8
T3558,COc1cc2ncnc(N(C)c3cccc(Br)c3)c2cc1OC,5328227,C17H16BrN3O2,374.2,4.2,47.5,387,0,5,4
T3560,Oc1ccc(-c2cc(=S)ss2)cc1,3082127,C9H6OS3,226.3,2.4,103,241,1,4,1
T3561,CC(=O)Nc1ccc(C(=O)NC(C)(C)C)cc1,151118,C13H18N2O2,234.29,2,58.2,286,2,2,3
T3562,CCCC(CCC)C(=O)NCC(N)=O,6918293,C10H20N2O2,200.28,1.3,72.2,187,2,2,7
T3566,O=C1Nc2ccccc2C1=Cc1ccc(F)cc1,727514,C15H10FNO,239.24,3,29.1,358,1,2,1
T3568,CC(C)c1ccc(C=C2C(=O)Nc3ccccc32)cc1,2803105,C18H17NO,263.3,4,29.1,390,1,1,2
T3572,Nc1ccc(NC(=O)Nc2ccc(N)cc2)cc1,225703,C13H14N4O,242.28,1.6,93.2,242,4,3,2
T3574,CCN(CC)CCNC(=O)c1ccc(NS(C)(=O)=O)cc1.Cl,58504,C14H24ClN3O3S,349.9,,86.9,408,3,5,8
T3575,CCN(CC)CCNC(=O)c1ccc(NC(C)=O)cc1.Cl,71417,C15H24ClN3O2,313.82,,61.4,308,3,3,7
T3579,O=C(c1c(F)ccc(NS(=O)(=O)N2CC[C@@H](F)C2)c1F)c1c[nH]c2ncc(-c3cnc(C4CC4)nc3)cc12,90116675,C25H21F3N6O3S,542.5,2.8,129,976,2,11,7
T3580,O=C(NCCN1CCC(n2c(=O)[nH]c3ccccc32)CC1)c1cc2cc(F)ccc2[nH]1,16739265,C23H24FN5O2,421.5,2.9,80.5,670,3,4,5
T3581,O=C(Nc1ccccc1C(=O)Nc1ccc(CCO)cc1)c1ccc([N+](=O)[O-])cc1,49779726,C22H19N3O5,405.4,3.5,124,592,3,5,6
T3582,C[C@H]1COC2(CCN(c3nc(=O)c4cc(C(F)(F)F)cc([N+](=O)[O-])c4s3)CC2)O1,42609849,C17H16F3N3O5S,431.4,2.9,122,720,0,9,1
T3583,O=c1nc(N2CCN(CC3CCCCC3)CC2)sc2c([N+](=O)[O-])cc(C(F)(F)F)cc12,57331386,C20H23F3N4O3S,456.5,4.7,107,715,0,8,3
T3586,O=c1cc(N2CCOCC2)nc2c3ccccc3ccn12,10039361,C16H15N3O2,281.31,1.2,45.1,532,0,4,1
T3587,CCOC(=O)c1cc2ccccc2n1S(=O)(=O)c1ccc(C)cc1,14783456,C18H17NO4S,343.4,4.1,73.8,548,0,4,5
T3588,CCOc1ccc(Nc2nc(-c3c(C)nc4ccccn34)cs2)cc1,1069686,C19H18N4OS,350.4,5.1,79.7,432,1,5,5
T3589,O=C([O-])c1ccc(S(=O)(=O)NC2CCCCC2)cc1.[Na+],122705986,C13H16NNaO4S,305.33,,94.7,407,1,5,4
T3590,O=C(O)c1ccc(S(=O)(=O)NC2CCCCC2)cc1,229357,C13H17NO4S,283.35,2.2,91.9,401,2,5,4
T3591,O=C(Nc1cccc(-c2ccccc2)c1)OC1CCCCC1,10979337,C19H21NO2,295.4,4.9,38.3,345,1,2,4
T3592,CCOC(=O)C[n+]1cccc2cc(OC)ccc21.[Br-],2762651,C14H16BrNO3,326.19,,39.4,282,0,4,5
T3593,COc1cc2ncnc(Nc3ccc(Oc4ccccc4)cc3)c2cc1OC,1474853,C22H19N3O3,373.4,4.9,65.5,466,1,6,6
T3597,COc1ccc(CCN2CCN(CCCc3ccccc3)CC2)cc1OC.Cl.Cl,9954941,C23H34Cl2N2O2,441.4,,24.9,392,2,4,9
T3599,O=C(Nc1cccc(C(F)(F)F)c1)c1cccc2cc(Oc3cc(CO)ncn3)ccc12,24756034,C23H16F3N3O3,439.4,4.2,84.3,635,2,8,5
T3601,O=C(Nc1ccccc1)c1ccccc1I,27195,C13H10INO,323.13,2.8,29.1,238,1,1,2
T3602,CC(C)(CO)[C@@H](O)C(=O)NCCC(=O)[O-].[Na+],23679004,C9H16NNaO5,241.22,,110,244,3,5,6
T3603,CCCCCCCCCCCCOC(=O)CS(=O)(=O)[O-].[Na+],23668827,C14H27NaO5S,330.42,,91.9,338,0,5,14
T3604,O=C([O-])C(Cl)Cl.[Na+],517326,C2HCl2NaO2,150.92,,40.1,64,0,2,1
T3605,O=C([O-])CC(O)(CC(=O)[O-])C(=O)[O-].O=C([O-])CC(O)(CC(=O)[O-])C(=O)[O-].[Bi+3].[K+].[K+].[K+],10101269,C12H10BiK3O14,704.47,,281,211,2,14,4
T3608,CC(=O)Oc1ccccc1C(=O)[O-].CC(=O)Oc1ccccc1C(=O)[O-].NC(N)=O.[Ca+2],21975,C19H18CaN2O9,458.4,,202,235,2,9,4
T3610,CNC(=C[N+](=O)[O-])NCCSCc1ccc(CN(C)C)o1,5039,C13H22N4O3S,314.41,0.3,112,347,2,7,9
T3611,O=C([O-])[C@@H]1OC(O)[C@H](O)[C@@H](O)[C@@H]1O.[Na+],23664048,C6H9NaO7,216.12,,130,210,4,7,1
T3612,N[C@@H](CSCC(=O)O)C(=O)O,193653,C5H9NO4S,179.20,-3.1,126,161,3,6,5
T3614,CC(=O)Nc1ccc(C(=O)O)cc1.CC(=O)Nc1ccc(C(=O)O)cc1.CC(=O)Nc1ccc(C(=O)O)cc1.CC(O)CN(C)C.CC(O)CN(C)C.CC(O)CN(C)C.O=c1[nH]cnc2c1ncn2[C@@H]1O[C@H](CO)[C@@H](O)[C@H]1O,135449284,C52H78N10O17,1115.2,,399,658,13,22,14
T3615,Cn1c(COP(=O)(NCCBr)NCCBr)cnc1[N+](=O)[O-],11984561,C9H16Br2N5O4P,449.04,0.6,114,374,2,7,9
T3619,CCOC(=O)N1CCC(NCCNC(=O)c2ccccc2C)CC1.Cl,25010775,C18H28ClN3O3,369.9,,70.7,408,3,4,7
T3620,CC1(C)CN(C(=O)c2ccc(-c3cccc4nc(NC(=O)C5CC5)nn34)cc2)C1,44603362,C22H23N5O2,389.4,2.8,79.6,648,1,4,4
T3621,COc1cc(N2CCC(N3CCN(C)CC3)CC2)ccc1Nc1ncc(Cl)c(Nc2ccccc2P(C)(C)=O)n1,68165256,C29H39ClN7O2P,584.1,4.6,85.9,835,2,9,8
T3622,Cl.O=C(c1c2ccccc2cc2ccccc12)N1CCC(N2CCC[C@@H](C(=O)N3CCOCC3)C2)CC1,23589188,C30H36ClN3O3,522.1,,53.1,753,1,4,3
T3623,O=C(c1ccc(F)c(F)c1Nc1ccc(I)cc1F)N1CC(O)([C@@H]2CCCCN2)C1,16222096,C21H21F3IN3O2,531.3,3.9,64.6,624,3,7,4
T3624,COc1cc2c(cc1OCCCN1CCCC1)N=C(N)C21CCC1,76285486,C19H27N3O2,329.4,2.2,60.1,471,1,4,6
T3625,CC(C)(CCCCCC(O)CCCCCC(C)(C)C(=O)O)C(=O)O,10472693,C19H36O5,344.5,4.8,94.8,351,3,5,14
T3628,COc1ccc2c(C)nc(Nc3nc(C)c(C)c(=O)[nH]3)nc2c1,135444382,C16H17N5O2,311.34,1.7,88.5,545,2,5,3
T3629,CCCN1C[C@H](C)[C@@H](O)[C@](C)(O)[C@@H](CC)OC(=O)[C@H](C)[C@@H](O[C@H]2C[C@@](C)(OC)[C@@H](O)[C@H](C)O2)[C@H](C)[C@@H](O[C@@H]2O[C@H](C)C[C@H](N(C)C)[C@H]2O)[C@](C)(O)C[C@H]1C,59364992,C40H76N2O12,777.0,4.9,180,1180,5,14,9
T3630,CONC(=O)Nc1ccc(-c2sc3c(c2CN(C)C)c(=O)n(-c2ccc(OC)nn2)c(=O)n3Cc2c(F)cccc2F)cc1,10348973,C29H27F2N7O5S,623.6,3.2,157,1010,2,11,9
T3631,O=C(CCN1CCN(C(=O)OCc2cc(Cl)cc(Cl)c2)CC1)c1ccc2[nH]c(=O)oc2c1,25265312,C22H21Cl2N3O5,478.3,3.2,88.2,693,1,6,7
T3633,C[C@H](NC(=O)CCC(F)(F)F)C(=O)N[C@@H]1C(=O)N(CCO)c2ncccc2-c2ccccc21,71236992,C22H23F3N4O4,464.4,1.8,112,720,3,8,7
T3634,C=CC(=O)Nc1cc(Nc2nccc(-c3cn(C)c4ccccc34)n2)c(OC)cc1N(C)CCN(C)C.CS(=O)(=O)O,78357807,C29H37N7O5S,595.7,,150,845,3,10,10
T3637,Br.Cc1ccc(-c2cn3c4c(sc3n2)CCCC4)cc1,11515812,C16H17BrN2S,349.3,,45.5,327,1,2,1
T3641,Nc1nccc(Oc2ccc3c(C(=O)Nc4cccc(C(F)(F)F)c4)cccc3c2)n1,16004702,C22H15F3N4O2,424.4,4.7,90.1,620,2,8,4
T3642,O=[N+]([O-])c1cn2c(n1)OC[C@@H](OCc1ccc(-c3ccc(OC(F)(F)F)cc3)nc1)C2,49836057,C19H15F3N4O5,436.3,3.4,104,614,0,10,5
T3644,CC(C)(C)OC(=O)c1ncn2c1C(C)(C)Nc1ccccc1-2,197626,C17H21N3O2,299.37,3,56.2,444,1,4,3
T3647,CCCCCCOc1cc(C)c(O)c(C)c1C,119193,C15H24O2,236.35,4.4,29.5,205,1,2,6
T3648,Cl.O=c1ccccn1CC1(O)CCN(Cc2ccccc2)CC1,122412736,C18H23ClN2O2,334.8,,43.8,444,2,3,4
T3649,Cl.Cl.N=C(NOCC(O)CN1CCCCC1)c1cccnc1,70701185,C14H24Cl2N4O2,351.3,,84,306,4,5,6
T3651,Cc1nnsc1C(=O)Nc1ccc(-n2nc(C(F)(F)F)cc2C(F)(F)F)cc1,2455,C15H9F6N5OS,421.3,3.8,101,568,1,11,3
T3652,CNc1ccc([N+](=O)[O-])c(Nc2ccc3[nH]ncc3c2)n1,69894253,C13H12N6O2,284.27,3.1,111,376,3,6,3
T3653,Cc1ccc(NS(=O)(=O)c2ccc3c(c2)C2C=CCC2C(c2ccc(C(=O)O)cc2)N3)cc1C,4075607,C27H26N2O4S,474.6,5.2,104,876,3,6,5
T3654,c1cc(Nc2cc(C3CC3)[nH]n2)nc(Nc2ccc3nc[nH]c3c2)n1,42627755,C17H16N8,332.4,2.7,107,458,4,6,5
T3655,COc1cc(OCc2cccc(-c3ccccc3)c2C)cc(OC)c1CN1CCCC[C@H]1C(=O)O,91663303,C29H33NO5,475.6,3.4,68.2,639,1,6,9
T3657,Cc1onc(-c2c(Cl)cccc2Cl)c1C(=O)Cl,78212,C11H6Cl3NO2,290.5,4.2,43.1,292,0,3,2
T3659,COc1cc2ncnc(Nc3cccc(Cl)c3F)c2cc1OC(=O)N1CCN(C)C[C@H]1C,78209992,C22H23ClFN5O3,459.9,4.1,79.8,649,1,8,5
T3661,O=C(CCCCCCNC(=O)c1cnc(N(c2ccccc2)c2ccccc2Cl)nc1)NO,53340426,C24H26ClN5O3,467.9,4.1,107,597,3,6,11
T3662,COc1cc([C@H]2OC[C@@H]3[C@@H]2CO[C@H]3c2cc(OC)c(O[C@@H]3O[C@H](CO)[C@@H](O)[C@H](O)[C@H]3O)c(OC)c2)cc(OC)c1O[C@@H]1O[C@H](CO)[C@@H](O)[C@H](O)[C@H]1O,71312557,C34H46O18,742.7,-1.4,254,1010,8,18,12
T3663,CCCCCCCC(=O)N[C@H](CN1CCCC1)[C@H](O)c1ccc2c(c1)OCCO2,23652731,C23H36N2O4,404.5,3.7,71,483,2,5,11
T3665,COc1c(O[C@@H]2O[C@H](CO)[C@@H](O)[C@H](O)[C@H]2O)cc2occ(-c3ccc(O)cc3)c(=O)c2c1O,5281810,C22H22O11,462.4,0.8,175,721,6,11,5
T3668,O=c1c(O)c(-c2ccccc2)oc2cc(O)cc(O)c12,5281616,C15H10O5,270.24,2.3,87,424,3,5,1
T3669,CC1=C[C@@]2(O)O[C@@]3(CC2=C(C)C)[C@@H](C)CC[C@@H]13,167812,C15H22O2,234.33,2.2,29.5,430,1,2,0
T3671,C[C@@H]1O[C@@H](O[C@@H]2[C@@H](O)[C@H](O)[C@@H](CO)O[C@H]2c2c(O)cc(O)c3c(=O)cc(-c4ccc(O)cc4)oc23)[C@H](O)[C@H](O)[C@H]1O,5282151,C27H30O14,578.5,-0.9,236,954,9,14,5
T3673,COC(=O)c1c2c(c3ccccc3c1O)OC(C)(C)C=C2,124219,C17H16O4,284.31,4.1,55.8,442,1,4,2
T3674,O=C1C(=C(O)C=Cc2ccc(O)cc2)C(O)=C(C2OC(CO)C(O)C(O)C2O)C(=O)C1(O)C1OC(CO)C(O)C(O)C1O,75296842,C27H32O16,612.5,-3.5,295,1160,12,16,6
T3675,OC[C@H]1NC[C@H](O)[C@@H](O)[C@@H]1O,29435,C6H13NO4,163.17,-2.3,93,132,5,5,1
T3676,Oc1ccc2c(c1)OCO2,68289,C7H6O3,138.12,1.2,38.7,126,1,3,0
T3678,CN1CCN(c2ccc(C(=O)Nc3n[nH]c4ccc(Cc5cc(F)cc(F)c5)cc34)c(NC3CCOCC3)c2)CC1,25141092,C31H34F2N6O2,560.6,5.7,85.5,846,3,8,7
T3680,COC(=O)CC1CC(c2ccc(O)cc2)=NO1,4633677,C12H13NO4,235.24,1.3,68.1,308,1,5,4
T3681,Oc1ccc(C2CCCCC2)cc1,14327,C12H16O,176.25,4.2,20.2,141,1,1,1
T3684,Cn1cc(C2=C(c3cccc(N)c3)C(=O)NC2=O)c2ccccc21,5327711,C19H15N3O2,317.3,2,77.1,585,2,3,2
T3685,CCOC(=O)N1CCC(CN(Cc2ccc(Cl)cc2)Cc2ccc([N+](=O)[O-])s2)C1,57394020,C20H24ClN3O4S,437.9,4.4,107,556,0,6,8
T3686,O=[N+]([O-])c1ccc(Nc2ccccc2-c2ccccc2)c2nonc12,2836600,C18H12N4O3,332.3,4.2,96.8,466,1,6,3
T3688,CCCCCNC(=O)N1CCC(CN(Cc2ccc(Cl)cc2)Cc2ccc([N+](=O)[O-])s2)C1,57394021,C23H31ClN4O3S,479.0,5.3,110,600,1,5,10
T3689,CN(C)C[C@@H]1CCn2cc(c3ccccc32)C2=C(C(=O)NC2=O)c2cn(c3ccccc23)CCO1.Cl,9870785,C28H29ClN4O3,505.0,,68.5,872,2,4,2
T3692,Cc1c(CN2CCN(S(C)(=O)=O)CC2)sc2c(N3CCOCC3)nc(-c3cnc(N)nc3)nc12,25207689,C21H28N8O3S2,504.6,0.3,167,779,1,12,5
T3693,Nc1nc(N)c2ccc(Br)cc2n1,456247,C8H7BrN4,239.07,1.7,77.8,189,2,4,0
T3695,CC(C)CC(=O)N[C@H](C(=O)N[C@H](C(=O)N[C@@H](CC(C)C)[C@@H](O)CC(=O)N[C@@H](C)C(=O)N[C@@H](CC(C)C)[C@@H](O)CC(=O)O)C(C)C)C(C)C,5478883,C34H63N5O9,685.9,3,223,1060,8,9,22
T3696,COc1cc2c(=O)c3c(O)c([C@@H]4O[C@H](CO[C@@H]5OC[C@](O)(CO)[C@H]5O)[C@@H](O)[C@H](O)[C@H]4O)c(O)cc3oc2cc1O,11169063,C25H28O15,568.5,-1.8,245,907,9,15,6
T3700,Cn1cc(-c2cnn3c(N)c(Br)c([C@H]4CCCNC4)nc23)cn1,46239014,C15H18BrN7,376.25,0.8,86.1,425,2,5,2
T3701,CC(C)(O)c1coc(S(=O)(=O)NC(=O)Nc2c3c(cc4c2CCC4)CCC3)c1,9910393,C20H24N2O5S,404.5,3.4,117,684,3,5,4
T3703,O=C(c1cc(S(=O)(=O)Nc2ccccc2F)c(F)cc1Cl)N1CCN2CCC[C@@H]2C1,46851313,C20H20ClF2N3O3S,455.9,3.1,78.1,737,1,7,4
T3705,CC1(C)OCCn2c1nc1c(N3CCOCC3)nc(-c3cnc(N)nc3)nc12,57384863,C18H22N8O2,382.4,-0.3,117,552,1,9,2
T3708,CN(CC(=O)N(Cc1ccc(C2CCCCC2)cc1)c1ccc(C(=O)O)c(O)c1)S(=O)(=O)c1c(F)c(F)c(F)c(F)c1F,53388144,C29H27F5N2O6S,626.6,6.4,124,1050,2,12,9
T3709,COc1cc(N2CCN(C)CC2)ccc1Nc1ncc2c(n1)N(C)c1ccccc1C(=O)N2,53322923,C24H27N7O2,445.5,2.9,85.9,673,2,8,4
T3710,CN1c2ccccc2C(=O)Nc2cnc(Nc3ccc(N4CCC(O)CC4)cc3)nc21,57340666,C23H24N6O2,416.5,3,93.6,619,3,7,3
T3711,Cc1ncc(NC(=O)c2cccc(C(F)(F)F)c2)cc1-c1cnc(OC2CCOCC2)c(N2CCOCC2)c1,90408826,C28H29F3N4O4,542.5,4,85.8,793,1,10,6
T3712,CCS(=O)(=O)Nc1ccc(Oc2ccc(F)cc2F)c(-c2cn(C)c(=O)c3[nH]ccc23)c1,71600087,C22H19F2N3O4S,459.5,2.9,99.9,834,2,7,6
T3714,Cc1c(C)c(NCC(=O)N(C)C2CCN(Cc3ccc(C(N)=O)cc3)CC2)c(C)c(C)c1N,22245705,C26H37N5O2,451.6,3.2,105,641,3,5,7
T3715,O=C(O)c1ccc(CN2C[C@@H]3C[C@H]2CN3Cc2ccc(Oc3ccc(-c4ncco4)cc3)cc2)cc1,68488178,C29H27N3O4,481.5,2.2,79,728,1,7,8
T3716,C[C@@H](OC[C@@]1(c2ccccc2)CC[C@]2(CCC(=O)N2)CN1)c1cc(C(F)(F)F)cc(C(F)(F)F)c1,10311306,C25H26F6N2O2,500.5,4.4,50.4,731,2,9,5
T3717,CC(C)c1cccc(O)c(=O)c1,3611,C10H12O2,164.20,2.1,37.3,280,1,2,1
T3718,CC1=C2[C@H]3OC(=O)[C@@H](C)[C@@H]3CC[C@@]2(C)C=CC1=O,221071,C15H18O3,246.30,2.3,43.4,500,0,3,0
T3719,CN(C)NC(=O)CCC(=O)O,15331,C6H12N2O3,160.17,-3.1,69.6,156,2,4,4
T3720,Cl.Clc1ccc(OC[C@H]2CCN2)cn1,72193963,C9H12Cl2N2O,235.11,,34.2,168,2,3,3
T3722,COc1ccc(CNC(=O)c2cc(-c3cncc(Cl)c3)cnc2-c2ccccn2)nc1OC,44633765,C24H20ClN5O3,461.9,2.7,99.1,629,1,7,7
T3723,CC(CN1c2ccccc2S(=O)(=O)c2ccccc21)N(C)C.Cl,11416891,C17H21ClN2O2S,352.9,,49,455,1,4,3
T3724,C[C@@H](OC[C@@]1(c2ccccc2)CC[C@]2(CCC(=O)N2)CN1)c1cc(C(F)(F)F)cc(C(F)(F)F)c1.Cl,71587824,C25H27ClF6N2O2,536.9,,50.4,731,3,9,5
T3725,O=C(CCCS)NC1CCN(C(=O)COc2ccc(Cl)cc2Cl)CC1,71815954,C17H22Cl2N2O3S,405.3,3.1,59.6,448,2,4,7
T3726,COc1cc(OC)cc(N(CCNC(C)C)c2ccc3ncc(-c4cnn(C)c4)nc3c2)c1,67462786,C25H30N6O2,446.5,3.2,77.3,583,1,7,9
T3727,COC(=O)c1cc(OC)c(O)c(OC)c1,70164,C10H12O5,212.20,1.4,65,204,1,5,4
T3728,COC(=O)c1ccc(O)cc1,7456,C8H8O3,152.15,2,46.5,136,1,3,2
T3729,CCOC(=O)c1cc(O)c(O)c(O)c1,13250,C9H10O5,198.17,1.3,87,193,3,5,3
T3730,COC(=O)c1cc(O)c(O)c(O)c1,7428,C8H8O5,184.15,0.9,87,181,3,5,2
T3731,O=C(O)CCc1ccccc1,107,C9H10O2,150.17,1.8,37.3,126,1,2,3
T3732,O=C(O)CCCCCCCCC(=O)O,5192,C10H18O4,202.25,2.1,74.6,157,2,4,9
T3734,CC(=O)c1ccc(O)c(O)c1,14530,C8H8O3,152.15,1.5,57.5,155,2,3,1
T3735,COc1cc(CCC(=O)CC(=O)CCc2ccc(O)c(OC)c2)ccc1O,124072,C21H24O6,372.4,2.8,93.1,437,2,6,10
T3736,CCCCCc1cc(O)cc(O)c1,10377,C11H16O2,180.24,3.6,40.5,126,2,2,4
T3737,O=C(O)CCc1ccc(O)cc1O,96384,C9H10O4,182.17,0.2,77.8,180,3,4,3
T3738,OCCCc1ccc(O)cc1,82452,C9H12O2,152.19,1.3,40.5,95,2,2,3
T3739,COC1=CC(=O)C=C(OC)C1=O,68262,C8H8O4,168.15,-0.1,52.6,259,0,4,2
T3740,COc1ccc(C=O)cc1O,12127,C8H8O3,152.15,1,46.5,135,1,3,2
T3742,Cc1cccc(O)c1O,340,C7H8O2,124.14,1.8,40.5,92,2,2,0
T3743,O=C(O)Cc1ccc(O)cc1,127,C8H8O3,152.15,0.8,57.5,136,2,3,2
T3744,COc1ccc(C(=O)O)cc1OC,7121,C9H10O4,182.17,1.6,55.8,180,1,4,3
T3745,COc1ccc(O)cc1OC,16251,C8H10O3,154.16,1.7,38.7,116,1,3,2
T3746,COC(=O)c1ccccc1C(=O)OC,8554,C10H10O4,194.18,1.6,52.6,200,0,4,4
T3747,COc1cc(C=O)cc(OC)c1O,8655,C9H10O4,182.17,0,55.8,157,1,4,3
T3748,Cc1cc(O)cc(O)c1,10436,C7H8O2,124.14,1.6,40.5,82,2,2,0
T3750,CC(=O)c1ccc(O)cc1,7469,C8H8O2,136.15,1.4,37.3,123,1,2,1
T3751,CC(=O)c1ccc(O)cc1O,6990,C8H8O3,152.15,1.7,57.5,155,2,3,1
T3752,OCc1ccc(O)cc1,125,C7H8O2,124.14,0.2,40.5,75,2,2,1
T3753,COc1cc(C=CC(=O)O)cc(OC)c1O,10743,C11H12O5,224.21,1.5,76,249,2,5,4
T3754,OCCCc1ccccc1,31234,C9H12O,136.19,1.9,20.2,74,1,1,3
T3756,OC[C@@H](O)[C@@H](O)[C@@H](O)[C@@H](O)CO,120700,C6H14O6,182.17,-3.1,121,105,6,6,5
T3757,CC(=O)c1ccc(NC2=C(Cl)C(=O)c3ccccc3C2=O)cc1,781109,C18H12ClNO3,325.7,2.9,63.2,561,1,4,3
T3758,COc1cccc(OC)c1C(=O)O,15109,C9H10O4,182.17,0.7,55.8,168,1,4,3
T3760,COc1ccc(O)c(C(C)=O)c1,69714,C9H10O3,166.17,2,46.5,167,1,3,2
T3764,CCCCCCCCCCCCCCCCCCCCCCCCCCCCCCO,68972,C30H62O,438.8,14.9,20.2,288,1,1,28
T3769,CC1(C)CCC2(C(=O)O)CCC3(CO)C(=CCC4C5(C)CC(O)C(OC6OC(CO)C(O)C(O)C6O)C(C)(C(=O)O)C5CCC43C)C2C1,12443316,C36H56O12,680.8,2.2,214,1330,8,12,6
T3771,CO[C@]1(CC[C@@H](C)CO[C@@H]2O[C@H](CO)[C@@H](O)[C@H](O)[C@H]2O)O[C@H]2C[C@H]3[C@@H]4CC=C5C[C@@H](O[C@@H]6O[C@H](CO)[C@H](O[C@@H]7O[C@@H](C)[C@H](O)[C@@H](O)[C@H]7O)[C@H](O)[C@H]6O[C@@H]6O[C@@H](C)[C@H](O)[C@@H](O)[C@H]6O)CC[C@]5(C)[C@H]4CC[C@]3(C)[C@H]2[C@@H]1C,102004398,C52H86O22,1063.2,-0.7,335,1920,12,22,15
T3772,CC1(C)CC[C@]2(C(=O)O)CC[C@]3(C)C(=CC[C@@H]4[C@@]5(C)C[C@@H](O)[C@H](O)C(C)(C)[C@@H]5CC[C@]43C)[C@@H]2C1,73659,C30H48O4,472.7,6.5,77.8,919,3,4,1
T3773,C[C@@]12C[C@@]3(O)O[C@@H](O1)[C@]1(COC(=O)c4ccc(O)cc4)[C@H]3C[C@@]12O[C@@H]1O[C@H](CO)[C@@H](O)[C@H](O)[C@H]1O,21631105,C23H28O12,496.5,-1.4,185,879,6,12,7
T3774,C[C@@H]1CC[C@@]2(OC1)O[C@H]1C[C@H]3[C@@H]4CC=C5C[C@@H](O[C@@H]6O[C@H](CO)[C@@H](O)[C@H](O[C@@H]7O[C@H](CO)[C@@H](O)[C@H](O)[C@H]7O)[C@H]6O[C@@H]6O[C@@H](C)[C@H](O)[C@@H](O)[C@H]6O)CC[C@]5(C)[C@H]4CC[C@]3(C)[C@H]1[C@@H]2C,159861,C45H72O17,885.0,1.4,256,1620,9,17,8
T3778,O=c1c(-c2ccc(O)c(O)c2)coc2c([C@@H]3O[C@H](CO)[C@@H](O)[C@H](O)[C@H]3O)c(O)ccc12,5748205,C21H20O10,432.4,-0.3,177,698,7,10,3
T3780,O=c1cc(-c2ccccc2)oc2cc(OC3OC(COC4OC(CO)C(O)C(O)C4O)C(O)C(O)C3O)c(O)c(O)c12,137796321,C27H30O15,594.5,-1.3,245,958,9,15,7
T3781,CC(C)=C[C@H]1C[C@](C)(O)[C@@H]2[C@H]3CC[C@@H]4[C@@]5(C)CC[C@H](O[C@@H]6OC[C@H](O)[C@H](O[C@@H]7O[C@H](CO)[C@@H](O)[C@H](O)[C@H]7O[C@@H]7OC[C@@H](O)[C@H](O)[C@H]7O)[C@H]6O[C@@H]6O[C@@H](C)[C@H](O)[C@@H](O)[C@H]6O)C(C)(C)[C@@H]5CC[C@@]4(C)[C@@]34CO[C@@]2(C4)O1,24721031,C52H84O21,1045.2,0.5,315,2010,11,21,10
T3782,CC(C)=CC1CC(C)(O)C2C3CCC4C5(C)CCC(OC6OCC(O)C(OC7OC(COC8OC(CO)C(O)C(O)C8O)C(O)C(O)C7OC7OCC(O)C(O)C7O)C6OC6OC(C)C(O)C(O)C6O)C(C)(C)C5CCC4(C)C34COC2(C4)O1,53399223,C58H94O26,1207.3,-1.6,394,2330,14,26,13
T3783,COc1cc2ccc(=O)oc2c(O[C@@H]2O[C@H](CO)[C@@H](O)[C@H](O)[C@H]2O)c1O,5273568,C16H18O10,370.31,-0.6,155,539,5,10,4
T3787,COc1ccc([C@@H]2CC(=O)c3c(O)cc(O[C@@H]4O[C@H](CO[C@@H]5O[C@@H](C)[C@H](O)[C@@H](O)[C@H]5O)[C@@H](O)[C@H](O)[C@H]4O)cc3O2)cc1,16760075,C28H34O14,594.6,-0.7,214,900,7,14,7
T3788,OC[C@H]1O[C@H](OC[C@H]2O[C@@H](O[C@@H]3OC=C[C@H]4[C@H](O)[C@@H]5O[C@]5(CO)[C@@H]34)[C@H](O)[C@@H](O)[C@@H]2O)[C@H](O)[C@@H](O)[C@H]1O,6325881,C21H32O15,524.5,-5.4,241,814,9,15,7
T3790,C[C@@H]1O[C@@H](O[C@H]2[C@H](O)[C@@H](O)C(OC[C@H]3O[C@@H](OC(=O)[C@]45CCC(C)(C)C[C@H]4C4=CCC6[C@@]7(C)CC[C@H](OC8OC[C@H](O)[C@H](O)[C@H]8O)[C@@](C)(CO)C7CC[C@@]6(C)C4(C)CC5)[C@H](O)[C@@H](O)[C@@H]3O)O[C@@H]2CO)[C@H](O)[C@H](O)[C@H]1O,122706001,C53H86O22,1075.2,-0.9,354,2060,13,22,12
T3791,CC(C)(O[C@@H]1O[C@H](CO)[C@@H](O)[C@H](O)[C@H]1O)[C@@H]1CC[C@](O)(CO)[C@H]2CC(=O)[C@@](C)(O)[C@@H]2C1,71307451,C21H36O10,448.5,-2.2,177,671,7,10,5
T3792,C[C@]1(O)C[C@@H](O)[C@@H]2C=CO[C@@H](O[C@@H]3O[C@H](CO)[C@@H](O)[C@H](O)[C@H]3O)[C@@H]21,6325127,C15H24O9,348.34,-2.2,149,486,6,9,3
T3793,CC(C)=CCC[C@@](C)(O)[C@H]1CC[C@]2(C)[C@@H]1[C@H](O)C[C@@H]1[C@@]3(C)CC[C@H](O)C(C)(C)[C@@H]3[C@@H](O[C@@H]3O[C@H](CO)[C@@H](O)[C@H](O)[C@H]3O)C[C@]12C,21599923,C36H62O9,638.9,4.3,160,1110,7,9,7
T3794,O=C(OC[C@H]1O[C@@H](OC(=O)c2cc(O)c(O)c(O)c2)[C@H](OC(=O)c2cc(O)c(O)c(O)c2)[C@@H](OC(=O)c2cc(O)c(O)c(O)c2)[C@@H]1OC(=O)c1cc(O)c(O)c(O)c1)c1cc(O)c(O)c(O)c1,65238,C41H32O26,940.7,3.6,444,1680,15,26,16
T3795,O=C(O[C@@H]1O[C@@H]2COC(=O)c3cc(O)c(O)c(O)c3-c3c(cc(O)c(O)c3O)C(=O)O[C@H]([C@H]1O)[C@@H]2O)c1cc(O)c(O)c(O)c1,73568,C27H22O18,634.5,0.1,311,1090,11,18,3
T3796,C=C(C)[C@@H]1CC[C@]2(C=O)CC[C@]3(C)[C@H](CC[C@@H]4[C@@]5(C)CC[C@H](O)C(C)(C)[C@@H]5CC[C@]43C)[C@@H]12,99615,C30H48O2,440.7,8.1,37.3,814,1,2,2
T3797,COc1cc(C2Oc3ccc([C@H]4Oc5cc(O)cc(O)c5C(=O)[C@@H]4O)cc3OC2CO)ccc1O,21723007,C25H22O10,482.4,2.4,155,750,5,10,4
T3798,C[C@@H]1CC[C@]2(C(=O)O[C@@H]3O[C@H](CO)[C@@H](O)[C@H](O)[C@H]3O)CC[C@]3(C)C(=CC[C@@H]4[C@@]5(C)CC[C@H](O[C@@H]6OC[C@H](O)[C@H](O)[C@H]6O)C(C)(C)[C@@H]5CC[C@]43C)[C@@H]2[C@]1(C)O,71609288,C41H66O13,767.0,2.6,216,1470,8,13,6
T3799,COc1cc(-c2oc3cc(O)cc(O)c3c(=O)c2O[C@@H]2O[C@H](CO)[C@@H](O)[C@H](O)[C@H]2O[C@@H]2O[C@@H](C)[C@H](O)[C@@H](O)[C@H]2O)ccc1O,11664505,C28H32O16,624.5,-0.4,255,1040,9,16,7
T3800,COc1cc(-c2oc3cc(O)cc(O)c3c(=O)c2O[C@@H]2O[C@H](CO[C@@H]3O[C@@H](C)[C@H](O)[C@@H](O)[C@H]3O)[C@@H](O)[C@H](O)[C@H]2O[C@H]2O[C@H](C)[C@H](O)[C@@H](O)[C@H]2O)ccc1O,132399080,C34H42O20,770.7,-2.1,313,1320,11,20,9
T3802,C[C@@H]1O[C@@H](OC[C@H]2O[C@@H](Oc3cc(O)c4c(=O)cc(-c5ccc(O)cc5)oc4c3)[C@H](O[C@@H]3O[C@@H](C)[C@H](O)[C@@H](O)[C@H]3O)[C@@H](O)[C@@H]2O)[C@H](O)[C@H](O)[C@H]1O,10417462,C33H40O18,724.7,-1.9,284,1210,10,18,8
T3804,O=c1c2cc(O[C@@H]3O[C@H](CO)[C@@H](O)[C@H](O)[C@H]3O)c(O)cc2oc2cc(O)c([C@@H]3O[C@H](CO)[C@@H](O)[C@H](O)[C@H]3O)c(O)c12,6918448,C25H28O16,584.5,-2.2,277,924,11,16,5
T3805,COc1c2c(cc3oc(CO[C@@H]4O[C@H](CO)[C@@H](O)[C@H](O)[C@H]4O)cc(=O)c13)O[C@H](C(C)(C)O)C2,14034912,C22H28O11,468.4,-0.9,164,755,5,11,6
T3806,COc1ccc(-c2oc3cc(O)cc(O)c3c(=O)c2O)cc1,5281666,C16H12O6,300.26,2.2,96.2,465,3,6,2
T3807,O=C(O[C@@H]1Cc2c(O)cc(O)cc2O[C@H]1c1cc(O)c(O)c(O)c1)c1cc(O)c(O)c(O)c1,199472,C22H18O11,458.4,1.2,197,667,8,11,4
T3808,COc1ccc(-c2oc3c(CC=C(C)C)c(O[C@@H]4O[C@H](CO)[C@@H](O)[C@H](O)[C@H]4O)cc(O)c3c(=O)c2O)cc1,5745470,C27H30O11,530.5,3,175,891,6,11,7
T3809,C[C@H]1CC[C@@]2(OC1)O[C@H]1C[C@H]3[C@@H]4CC=C5C[C@@H](O[C@@H]6O[C@H](CO)[C@@H](O)[C@H](O[C@@H]7OC[C@@H](O)[C@H](O)[C@H]7O)[C@H]6O[C@@H]6O[C@@H](C)[C@H](O)[C@@H](O)[C@H]6O)CC[C@]5(C)[C@H]4CC[C@]3(C)[C@H]1[C@@H]2C,21630000,C44H70O16,855.0,1.5,236,1570,8,16,7
T3810,C[C@H]1O[C@@H](O[C@H]2CC[C@@]3(C)[C@@H](CC[C@]4(C)[C@@H]3C=CC3=C5CC(C)(C)CC[C@]5(CO)[C@H](O)C[C@]34C)[C@]2(C)CO)[C@H](O)[C@@H](O[C@@H]2O[C@H](CO)[C@@H](O)[C@H](O)[C@H]2O)[C@H]1O,21637642,C42H68O13,781.0,2.5,219,1500,9,13,7
T3811,CC(C)=CCC[C@](C)(O[C@@H]1O[C@H](CO)[C@@H](O)[C@H](O)[C@H]1O)[C@H]1CC[C@]2(C)[C@@H]1[C@H](O)C[C@@H]1[C@@]3(C)CC[C@H](O)C(C)(C)[C@@H]3CC[C@]12C,9852086,C36H62O8,622.9,5.6,140,1070,6,8,7
T3812,CC(C)=CCCC(C)(O)C1CCC2(C)C1C(O)CC1C3(C)CCC(OC4OC(CO)C(O)C(O)C4OC4OC(CO)C(O)C(O)C4O)C(C)(C)C3CCC12C,12901617,C42H72O13,785.0,4,219,1370,9,13,10
T3813,CC(C)=CCC[C@@](C)(O)[C@H]1CC[C@]2(C)[C@@H]1[C@H](O)C[C@@H]1[C@@]3(C)CC[C@H](O[C@@H]4O[C@H](CO)[C@@H](O)[C@H](O)[C@H]4O)C(C)(C)[C@@H]3CC[C@]12C,54580480,C36H62O8,622.9,5.6,140,1070,6,8,7
T3815,COc1cc2oc(=O)ccc2cc1O,69894,C10H8O4,192.17,1.5,55.8,261,1,4,1
T3817,CC1(C)[C@H](O)CC[C@@]2(C)[C@@H]3CC[C@](C)([C@@H](O)CO)C=C3CC[C@H]12,3037565,C20H34O3,322.5,3.2,60.7,497,3,3,2
T3819,CC(=O)O[C@H]1CC[C@@]2(C)C(CC[C@]3(C)[C@@H]2CC=C2[C@@H]4[C@@H](C)[C@H](C)CC[C@]4(C(=O)O)CC[C@]23C)C1(C)C,15917992,C32H50O4,498.7,7.9,63.6,981,1,4,3
T3820,COc1cc(-c2coc3cc(O[C@@H]4O[C@H](CO)[C@@H](O)[C@H](O)[C@H]4O)c(OC)c(O)c3c2=O)cc(O)c1OC,5281777,C24H26O13,522.5,0.8,194,822,6,13,7
T3823,CO[C@H]1[C@H](O)[C@@H](O)[C@@H](O)[C@H](O)[C@@H]1O,164619,C7H14O6,194.18,-3.2,110,158,5,6,1
T3824,COc1cc(-c2cc(=O)c3c(O)c(OC)c(O)cc3o2)ccc1O,5379096,C17H14O7,330.29,1.7,105,505,3,7,3
T3826,C[C@@H]1O[C@@H](O[C@H]2[C@H](OC(=O)[C@]34CCC(C)(C)C[C@H]3C3=CC[C@@H]5[C@@]6(C)C[C@H](O)[C@H](O[C@@H]7O[C@H](CO)[C@@H](O)[C@H](O)[C@H]7O)[C@@](C)(CO)[C@@H]6CC[C@@]5(C)[C@]3(C)CC4)O[C@H](CO)[C@@H](O)[C@@H]2O)[C@H](O)[C@H](O)[C@H]1O[C@@H]1OC[C@@H](O)[C@H](O)[C@H]1O,11629473,C53H86O23,1091.2,-0.7,374,2100,14,23,12
T3828,Oc1cc(O)c2c(c1)O[C@@H](c1cc(O)c(O)c(O)c1)[C@H](O)C2,9882981,C15H14O7,306.27,0,131,380,6,7,1
T3830,CC(C)=CCC[C@@](C)(O)[C@H]1CC[C@]2(C)[C@@H]1[C@H](O)C[C@@H]1[C@@]3(C)CC[C@H](O)C(C)(C)[C@@H]3[C@@H](O[C@@H]3O[C@H](CO)[C@@H](O)[C@H](O)[C@H]3O[C@@H]3O[C@@H](C)[C@H](O)[C@@H](O)[C@H]3O)C[C@]12C,75412551,C42H72O13,785.0,3.2,219,1390,9,13,9
T3840,Oc1ccc(CCc2cc(O)cc(O)c2)cc1,185914,C14H14O3,230.26,3.1,60.7,214,3,3,3
T3846,CC(C)=CCc1cc2c(cc1O)O[C@H](c1ccc(O)cc1)CC2=O,14236566,C20H20O4,324.4,4.1,66.8,474,2,4,3
T3847,CC(=O)OCC1=C[C@@H]2OC(=O)C3=CO[C@@H](O[C@@H]4O[C@H](CO)[C@@H](O)[C@H](O)[C@H]4O)[C@H]1[C@@H]32,84298,C18H22O11,414.4,-2.4,161,746,4,11,6
T3855,COc1ccc(C[C@H]2COC(=O)[C@]2(O)Cc2ccc(O[C@@H]3O[C@H](CO)[C@@H](O)[C@H](O)[C@H]3O)c(OC)c2)cc1OC,169511,C27H34O12,550.6,1,174,799,5,12,10
T3857,COc1ccc([C@H]2OC[C@H]3[C@@H]2CO[C@@H]3c2cc(OC)c(OC)c(OC)c2)cc1OC,169234,C23H28O7,416.5,2.9,64.6,532,0,7,7
T3858,C[C@@H]1O[C@@H](O[C@H]2[C@H](O[C@H]3CC[C@@]4(C)[C@@H](CC[C@]5(C)[C@@H]4CC=C4[C@@H]6CC(C)(C)CC[C@]6(C(=O)O[C@@H]6O[C@H](CO[C@@H]7O[C@H](CO)[C@@H](O)[C@H](O)[C@H]7O)[C@@H](O)[C@H](O)[C@H]6O)CC[C@]45C)[C@]3(C)CO)OC[C@H](O)[C@@H]2O)[C@H](O)[C@H](O[C@@H]2O[C@H](CO)[C@@H](O)[C@H](O)[C@H]2O)[C@H]1O,14564503,C59H96O27,1237.4,-1.9,433,2390,16,27,15
T3862,COc1cc(-c2coc3cc(O)c(OC)c(O)c3c2=O)cc(O)c1OC,5464170,C18H16O8,360.3,2.6,115,549,3,8,4
T3863,CC1(C)CC[C@]2(C(=O)O[C@@H]3O[C@H](CO)[C@@H](O)[C@H](O)[C@H]3O)CC[C@]3(C)C(=CC[C@@H]4[C@@]5(C)CC[C@H](O[C@@H]6O[C@H](C(=O)O)[C@@H](O)[C@H](O)[C@H]6O)C(C)(C)[C@@H]5CC[C@]43C)[C@@H]2C1,13909684,C42H66O14,795.0,4.3,233,1560,8,14,7
T3864,COc1ccc(CCc2cc(OC)c(OC)c(OC)c2)cc1O,356759,C18H22O5,318.4,3.7,57.2,323,1,5,7
T3866,COc1cc(C[C@H](C)[C@H](C)Cc2ccc3c(c2)OCO3)ccc1O,10404245,C20H24O4,328.4,5.2,47.9,388,1,4,6
T3867,COc1cc(O)cc2c1C(=O)C[C@@H](c1ccccc1)O2,154279,C16H14O4,270.28,2.5,55.8,350,1,4,2
T3869,O=c1ccc2ccc(O[C@@H]3O[C@H](CO)[C@@H](O)[C@H](O)[C@H]3O)cc2o1,99693,C15H16O8,324.28,-0.7,126,466,4,8,3
T3870,C[C@@H]1C(=O)OC[C@H](O)[C@H]1C[C@@H](O)[C@](C)(O)[C@H]1CCC2(O)C3=CC(=O)[C@@H]4C[C@@H](O)[C@@H](O)C[C@]4(C)[C@H]3CC[C@]12C,91884719,C29H44O9,536.7,0,165,1030,6,9,4
T3871,CC[C@H](CC[C@@H](C)[C@H]1CC[C@H]2[C@@H]3CC=C4C[C@@H](O[C@@H]5O[C@H](CO)[C@@H](O)[C@H](O)[C@H]5O)CC[C@]4(C)[C@H]3CC[C@]12C)C(C)C,5742590,C35H60O6,576.8,7.7,99.4,920,4,6,9
T3872,CC(C)(O[C@@H]1O[C@H](CO)[C@@H](O)[C@H](O)[C@H]1O)[C@H]1Cc2cc3ccc(=O)oc3cc2O1,73191,C20H24O9,408.4,0.3,135,650,4,9,4
T3873,O=C1C=C2C=C[C@@H](O)[C@H](O)[C@H]2O1,100341,C8H8O4,168.15,-1.1,66.8,279,2,4,0
T3874,C[C@@H]1CC[C@@]2(OC1)O[C@H]1C[C@H]3[C@@H]4CC=C5C[C@@H](O[C@@H]6O[C@H](CO)[C@@H](O)[C@H](O)[C@H]6O)CC[C@]5(C)[C@H]4CC[C@]3(C)[C@H]1[C@@H]2C,11827970,C33H52O8,576.8,4.1,118,1030,4,8,3
T3875,CC1(C)CCC2(CO)C(=C3C=CC4C5(C)CCC(OC6OC(COC7OC(CO)C(O)C(O)C7O)C(OC7OC(CO)C(O)C(O)C7O)C(O)C6O)CC5C(C)(CO)CC4(C)C3(C)CC2O)C1,71571492,C48H78O19,959.1,-0.5,318,1830,13,19,11
T3876,COc1cc(OC)c(CCC(=O)c2ccc(O)cc2)c(OC)c1,189670,C18H20O5,316.3,3.1,65,350,1,5,7
T3877,COC(=O)[C@@]1(C)CC[C@]2(C(=O)O)CC[C@]3(C)C(=CC[C@@H]4[C@@]5(C)C[C@H](O)[C@H](O[C@@H]6OC[C@@H](O[C@@H]7O[C@H](CO)[C@@H](O)[C@H](O)[C@H]7O)[C@H](O)[C@H]6O)[C@@](C)(CO)[C@@H]5CC[C@]43C)[C@@H]2C1,11657924,C42H66O16,827.0,0.8,262,1610,9,16,9
T3878,C[C@@H]1O[C@@H](O[C@H]2[C@H](O[C@H]3[C@H](O[C@H]4CC[C@]5(C)[C@H]6CC=C7[C@@H]8CC(C)(C)CC[C@]8(C(=O)O)CC[C@@]7(C)[C@]6(C)CC[C@H]5C4(C)C)OC[C@H](O)[C@@H]3O)O[C@H](CO)[C@@H](O)[C@@H]2O)[C@H](O)[C@H](O)[C@H]1O,174742,C47H76O16,897.1,3.3,255,1720,9,16,8
T3881,O=c1cc(-c2ccc(O[C@@H]3O[C@H](CO)[C@@H](O)[C@H](O)[C@H]3O)cc2)oc2cc(O)c([C@@H]3O[C@H](CO)[C@@H](O)[C@H](O)[C@H]3O[C@@H]3OC[C@H](O)[C@H](O)[C@H]3O)c(O)c12,71307582,C32H38O19,726.6,-3.1,315,1220,12,19,8
T3882,O=c1cc(-c2ccc(O)cc2)oc2c(O[C@@H]3O[C@H](CO)[C@@H](O)[C@H](O)[C@H]3O)c(O)cc(O)c12.OC[C@H]1O[C@@H](O)[C@H](O)[C@@H](O)[C@@H]1O,131954654,C27H32O17,628.5,,297,857,12,17,5
T3883,C=C(C)[C@@H]1CC[C@]2(C)[C@H](CC=C3[C@@H]4[C@@H](C)[C@H](C)CC[C@]4(C)CC[C@]32C)[C@@]1(C)CCC(=O)O,12315005,C30H48O2,440.7,9.1,37.3,825,1,2,4
T3884,C=C1CC[C@@H]2[C@](C)(CO[C@@H]3O[C@H](CO)[C@@H](O)[C@H](O)[C@H]3O)CCC[C@@]2(C)[C@@H]1CCC1=CCOC1=O,9848024,C26H40O8,480.6,2.6,126,811,4,8,7
T3888,COc1cc2ccc(=O)oc2cc1O[C@@H]1O[C@H](CO)[C@@H](O)[C@H](O)[C@H]1O,439514,C16H18O9,354.31,-1.1,135,510,4,9,4
T3889,C[C@@H]1O[C@@H](O[C@H]2[C@H](OC(=O)[C@]34CCC(C)(C)C[C@H]3C3=CC[C@@H]5[C@@]6(C)C[C@H](O)[C@H](O[C@@H]7O[C@H](CO)[C@@H](O)[C@H](O)[C@H]7O)C(CO)(CO)[C@@H]6CC[C@@]5(C)[C@]3(C)C[C@H]4O)OC[C@H](O)[C@@H]2O)[C@H](O)[C@H](O)[C@H]1O[C@@H]1OC[C@@H](O)[C@H](O[C@@H]2OC[C@](O)(CO)[C@H]2O)[C@H]1O,162859,C57H92O28,1225.3,-3.7,453,2380,17,28,15
T3890,COC(=O)C1=CO[C@@H](O[C@@H]2O[C@H](CO)[C@@H](O)[C@H](O)[C@H]2O)[C@H]2[C@@H]1C(=O)C[C@@H]2C,73467,C17H24O10,388.4,-1.5,152,619,4,10,5
T3894,C[C@@H]1CC[C@@]2(OC1)O[C@H]1C[C@H]3[C@@H]4CC=C5C[C@@H](O[C@@H]6O[C@H](CO)[C@@H](O[C@@H]7O[C@@H](CO)[C@H](O)[C@H]7O)C(O[C@@H]7O[C@@H](C)[C@H](O)[C@@H](O)[C@H]7O)[C@H]6O)CC[C@]5(C)[C@H]4CC[C@]3(C)[C@H]1[C@@H]2C,139291011,C44H70O16,855.0,1.5,236,1570,8,16,8
T3895,C[C@@H]1CC[C@@]2(OC1)O[C@H]1C[C@H]3[C@@H]4CC=C5C[C@@H](O[C@@H]6O[C@H](CO)[C@@H](O[C@@H]7O[C@@H](CO)[C@H](O)[C@H]7O)[C@H](O)[C@H]6O[C@@H]6O[C@@H](C)[C@H](O)[C@@H](O)[C@H]6O)CC[C@]5(C)[C@H]4CC[C@]3(C)[C@H]1[C@@H]2C,11018329,C44H70O16,855.0,1.5,236,1570,8,16,8
T3896,COC(=O)C1=CO[C@@H](O[C@@H]2O[C@H](CO)[C@@H](O)[C@H](O)[C@H]2O)[C@H]2[C@@H]1[C@H](O)C[C@]2(C)O,13892722,C17H26O11,406.4,-2.6,175,624,6,11,5
T3898,O=c1cc(-c2ccc(O)cc2)oc2c([C@@H]3OC[C@H](O)[C@H](O)[C@H]3O)c(O)c([C@@H]3O[C@H](CO)[C@@H](O)[C@H](O)[C@H]3O)c(O)c12,442658,C26H28O14,564.5,-2.2,247,938,10,14,4
T3900,Cc1cc(O)c2c(c1)C(=O)c1cc(O)cc(O[C@@H]3O[C@H](CO)[C@@H](O)[C@H](O)[C@H]3O)c1C2=O,99649,C21H20O10,432.4,0.9,174,700,6,10,3
T3901,C[C@@H]1CC[C@@]2(NC1)O[C@H]1C[C@H]3[C@@H]4CC=C5C[C@@H](O[C@@H]6O[C@H](CO)[C@H](O)[C@H](O[C@@H]7O[C@H](CO)[C@@H](O)[C@H](O)[C@H]7O)[C@H]6O[C@@H]6O[C@@H](C)[C@H](O)[C@@H](O)[C@H]6O)CC[C@]5(C)[C@H]4CC[C@]3(C)[C@H]1[C@@H]2C,119247,C45H73NO16,884.1,1.1,259,1630,10,17,8
T3902,C=C1CCC[C@]2(C)C[C@]3(O)OC(=O)C(C)=C3C[C@@H]12,155948,C15H20O3,248.32,2.1,46.5,476,1,3,0
T3906,COc1ccc(-c2oc3c(CC=C(C)C)c(O[C@@H]4O[C@H](CO)[C@@H](O)[C@H](O)[C@H]4O)cc(O)c3c(=O)c2O[C@@H]2O[C@@H](C)[C@H](O)[C@@H](O)[C@H]2O[C@@H]2O[C@H](CO)[C@@H](O)[C@H](O)[C@H]2O)cc1,13916051,C39H50O20,838.8,0.1,313,1470,11,20,12
T3907,CC1(C)CC[C@]2(C(=O)O)CCC3=C([C@@H](CCl)C[C@H]4[C@@]3(C)CCC3[C@]4(C)C[C@H](O)[C@H](O)[C@]3(C)C(=O)O)[C@H]2C1,91884674,C30H45ClO6,537.1,5.1,115,1040,4,6,3
T3908,CCCCCCCCC[C@H](O)CC(=O)CCc1ccc(O)c(OC)c1,168115,C21H34O4,350.5,5.3,66.8,345,2,4,14
T3910,C=C(C)[C@@H]1CC[C@]2(C(=O)O[C@@H]3O[C@H](CO[C@@H]4O[C@H](CO)[C@@H](O[C@@H]5O[C@@H](C)[C@H](O)[C@@H](O)[C@H]5O)[C@H](O)[C@H]4O)[C@@H](O)[C@H](O)[C@H]3O)CC[C@]3(C)[C@H](CC[C@@H]4[C@@]5(C)CC[C@H](O[C@@H]6OC[C@H](O)[C@H](O)[C@H]6O[C@@H]6O[C@@H](C)[C@H](O)[C@@H](O)[C@H]6O)[C@@](C)(CO)[C@@H]5CC[C@]43C)[C@@H]12,11636713,C59H96O26,1221.4,-1.2,413,2340,15,26,15
T3911,C=C(C)[C@@H]1CC[C@]2(C(=O)O)CC[C@]3(C)[C@H](CC[C@@H]4[C@@]5(C)CC[C@H](O[C@@H]6OC[C@H](O)[C@H](O)[C@H]6O[C@@H]6O[C@@H](C)[C@H](O)[C@@H](O)[C@H]6O)[C@@](C)(CO)[C@@H]5CC[C@]43C)[C@@H]12,11721847,C41H66O12,751.0,4.4,196,1410,7,12,7
T3913,C[C@H]1O[C@@H](O[C@H]2CC[C@@]3(C)[C@@H](CC[C@]4(C)[C@@H]3C=C[C@]35OC[C@@]6(CCC(C)(C)C[C@H]63)[C@H](O)C[C@]54C)[C@]2(C)CO)[C@H](O)[C@@H](O[C@@H]2O[C@H](CO)[C@@H](O)[C@H](O)[C@H]2O)[C@H]1O,107793,C42H68O13,781.0,2.5,208,1490,8,13,6
T3914,C[C@@H]1O[C@@H](O[C@@H]2[C@@H](O)[C@H](O)[C@@H](CO)O[C@@]2(O[C@@H]2O[C@H](CO)[C@@H](O)[C@H](O)[C@H]2O)C2CC[C@@]3(C)C(CC[C@]4(C)C3C=CC35OCC6(CCC(C)(C)C[C@@H]63)[C@H](O)C[C@]54C)C2(C)C)[C@H](O)[C@H](O)[C@H]1O,3037094,C48H78O17,927.1,1.8,278,1820,11,17,7
T3915,CC1(C)CC[C@]2(C(=O)O[C@@H]3O[C@H](CO)[C@@H](O)[C@H](O)[C@H]3O)CC[C@]3(C)C(=CC[C@@H]4[C@@]5(C)CC[C@H](O[C@@H]6O[C@H](C(=O)O)[C@@H](O)[C@H](O)[C@H]6O[C@@H]6O[C@H](CO)[C@@H](O)[C@H](O)[C@H]6O)C(C)(C)[C@@H]5CC[C@]43C)[C@@H]2C1,11815492,C48H76O19,957.1,2.7,312,1880,11,19,10
T3916,CC(C)=CCC[C@](C)(O[C@@H]1O[C@H](CO)[C@@H](O)[C@H](O)[C@H]1O)[C@H]1CC[C@]2(C)[C@@H]1[C@H](O)C[C@@H]1[C@@]3(C)CC[C@H](O[C@@H]4O[C@H](CO)[C@@H](O)[C@H](O)[C@H]4O)C(C)(C)[C@@H]3CC[C@]12C,9918692,C42H72O13,785.0,4,219,1370,9,13,10
T3917,CC(C)=CCC[C@@](C)(O)[C@H]1CC[C@]2(C)[C@@H]1[C@H](O)C[C@@H]1[C@@]3(C)CC[C@H](O)C(C)(C)[C@@H]3[C@@H](O)C[C@]12C,9847853,C30H52O4,476.7,5.9,80.9,817,4,4,4
T3918,CC(C)=CCC[C@@](C)(O[C@@H]1O[C@H](CO[C@@H]2OC[C@@H](O)[C@H](O)[C@H]2O)[C@@H](O)[C@H](O)[C@H]1O)[C@H]1CC[C@]2(C)[C@@H]1[C@H](O)C[C@@H]1[C@@]3(C)CC[C@H](O[C@@H]4O[C@H](CO)[C@@H](O)[C@H](O)[C@H]4O[C@@H]4O[C@H](CO)[C@@H](O)[C@H](O)[C@H]4O)C(C)(C)[C@@H]3CC[C@]12C,121488035,C53H90O22,1079.3,0.3,357,1950,14,22,15
T3919,CC(C)=CCC[C@](C)(O[C@@H]1O[C@H](CO[C@@H]2OC[C@H](O)[C@H](O)[C@H]2O)[C@@H](O)[C@H](O)[C@H]1O)[C@H]1CC[C@]2(C)[C@@H]1[C@H](O)C[C@@H]1[C@@]3(C)CC[C@H](O[C@@H]4O[C@H](CO)[C@@H](O)[C@H](O)[C@H]4O[C@@H]4O[C@H](CO)[C@@H](O)[C@H](O)[C@H]4O)C(C)(C)[C@@H]3CC[C@]12C,6917976,C53H90O22,1079.3,0.3,357,1950,14,22,15
T3920,C[C@@H]1O[C@@H](O[C@H]2[C@H](O[C@H]3C[C@]4(C)[C@H](C[C@@H](O)[C@@H]5[C@@H]([C@]6(C)CC[C@H](C(C)(C)O)O6)CC[C@]54C)[C@@]4(C)CC[C@H](O)C(C)(C)[C@H]34)O[C@H](CO)[C@@H](O)[C@@H]2O)[C@H](O)[C@H](O)[C@H]1O,21633072,C42H72O14,801.0,1.9,228,1430,9,14,7
T3924,CC(=O)O[C@H]1[C@H](O[C@H]2CC[C@]34CC35CC[C@]3(C)[C@@H]([C@@]6(C)CC[C@@H](C(C)(C)O)O6)[C@@H](O)C[C@@]3(C)[C@@H]5C[C@H](O[C@@H]3O[C@H](CO)[C@@H](O)[C@H](O)[C@H]3O)[C@H]4C2(C)C)OC[C@@H](O)[C@@H]1O,132399082,C43H70O15,827.0,1.8,234,1580,8,15,9
T3925,CC(=O)O[C@@H]1[C@@H](OC(C)=O)[C@H](O[C@H]2CC[C@]34C[C@]35CC[C@]3(C)[C@@H]([C@@]6(C)CC[C@@H](C(C)(C)O)O6)[C@@H](O)C[C@@]3(C)[C@@H]5C[C@H](O[C@@H]3O[C@H](CO)[C@@H](O)[C@H](O)[C@H]3O)[C@H]4C2(C)C)OC[C@H]1O,13996685,C45H72O16,869.0,2.4,240,1690,7,16,11
T3931,CC(C)=CCc1c(O)ccc2c1O[C@H](c1ccc(O)cc1)CC2=O,193679,C20H20O4,324.4,4.1,66.8,474,2,4,3
T3933,COc1cc2c(cc1O)CC[n+]1cc3c(OC)c(OC)ccc3cc1-2,72323,C20H20NO4+,338.4,3.4,51.8,461,1,4,3
T3937,COC(=O)[C@@H](N)Cc1cnc[nH]1.Cl.Cl,2723645,C7H13Cl2N3O2,242.10,,81,163,4,4,4
T3938,Cl.N=C(N)NCCCC[C@H](N)C(=O)O,2723930,C7H17ClN4O2,224.69,,128,189,5,4,6
T3939,O=C(c1ccccc1)C(O)c1ccccc1,8400,C14H12O2,212.24,2.1,37.3,225,1,2,3
T3941,CC(C)(Oc1ccc(C(=O)c2ccc(Cl)cc2)cc1)C(=O)[O-].C[N+](C)(C)CCO,11350701,C22H28ClNO5,421.9,,86.7,446,1,5,6
T3949,CCCCCCCCCCCCCC(=O)O,11005,C14H28O2,228.37,5.3,37.3,155,1,2,12
T3952,c1ccc(CN(CCN(Cc2ccccn2)Cc2ccccn2)Cc2ccccn2)nc1,5519,C26H28N6,424.5,2.1,58,419,0,6,11
T3954,O=C(CCCCCCCC(=O)NCCO)NCCO,176874,C13H26N2O4,274.36,-0.3,98.7,223,4,4,12
T3955,Cc1ccc(C2=Nc3ccc(Cl)cc3OC2)cc1,44250175,C15H12ClNO,257.71,4.1,21.6,322,0,2,1
T3956,O=C(COc1ccccc1OCC(=O)N(C1CCCCC1)C1CCCCC1)N(C1CCCCC1)C1CCCCC1,613672,C34H52N2O4,552.8,8.2,59.1,666,0,4,10
T3957,O=C(c1ccc2nonc2c1)N1CCCCC1,4118151,C12H13N3O2,231.25,1.5,59.2,291,0,4,1
T3958,Oc1ccc(-c2nc3cc(O)cc(Br)c3o2)cc1,135418373,C13H8BrNO3,306.11,3.4,66.5,296,2,4,1
T3959,O=C(Nc1cnc(Cl)nc1)c1ccc(F)c(F)c1,10149311,C11H6ClF2N3O,269.63,2.2,54.9,300,1,5,2
T3960,Cc1cc(C(=O)Nc2cccc(C(=O)Nc3cccc(C(F)(F)F)c3)c2)on1,9438169,C19H14F3N3O3,389.3,3.7,84.2,572,2,7,4
T3961,O=C(c1cc(C2CC2)on1)N(C1CCCCC1)C1CCCCC1,17253208,C19H28N2O2,316.4,4.4,46.3,394,0,3,4
T3962,O=C1C=CC(=O)C(c2cc(Cl)ccc2Cl)=C1,948589,C12H6Cl2O2,253.08,2.9,34.1,384,0,2,1
T3963,CN1CCN(c2cc(-c3ccccc3)nc(N)n2)CC1,25129523,C15H19N5,269.34,1.8,58.3,297,1,5,2
T3964,CN(C)c1ccc(C2Nc3ccc4ccccc4c3C3=C2C(=O)CC(C)(C)C3)cc1Br,3099980,C27H27BrN2O,475.4,6.2,32.3,744,1,3,2
T3965,Cc1c(CC(=O)O)c2cccnc2n1Cc1ccc(S(C)(=O)=O)cc1C(F)(F)F,23582412,C19H17F3N2O4S,426.4,2.8,97.6,709,1,8,5
T3967,CC[C@H](C)[C@H](NC(=O)[C@H](Cc1ccccc1)NC(=O)[C@H](CC(C)C)NC(=O)[C@H](CCCNC(=N)N)NC(=O)[C@@H](NC(=O)[C@H](C)NC(=O)[C@H](CCC(=O)O)NC(=O)[C@H](CCC(=O)O)NC(=O)[C@H](CCC(=O)O)NC(=O)[C@H](CCSC)NC(=O)[C@H](CCC(N)=O)NC(=O)[C@H](CCCCN)NC(=O)[C@H](CO)NC(=O)[C@H](CC(C)C)NC(=O)[C@H](CC(=O)O)NC(=O)[C@H](CO)NC(=O)[C@@H](NC(=O)[C@H](Cc1ccccc1)NC(=O)[C@@H](NC(=O)CNC(=O)[C@H](CCC(=O)O)NC(=O)CNC(=O)[C@@H](N)Cc1c[nH]cn1)[C@@H](C)O)[C@@H](C)O)C(C)C)C(=O)N[C@@H](CCC(=O)O)C(=O)N[C@@H](Cc1c[nH]c2ccccc12)C(=O)N[C@@H](CC(C)C)C(=O)N[C@@H](CCCCN)C(=O)N[C@@H](CC(N)=O)C(=O)NCC(=O)NCC(=O)N1CCC[C@H]1C(=O)N[C@@H](CO)C(=O)N[C@@H](CO)C(=O)NCC(=O)N[C@@H](C)C(=O)N1CCC[C@H]1C(=O)N1CCC[C@H]1C(=O)N1CCC[C@H]1C(=O)N[C@@H](CO)C(N)=O,45588096,C184H282N50O60S,4187,-21,1780,10300,58,66,135
T3969,CCC(=O)N1CCOc2c(cc(-c3ccc(OC)c(OC)c3)cc2OC[C@H]2CCCN(C)C2)C1,90488984,C27H36N2O5,468.6,3.8,60.5,649,0,6,7
T3971,OCCNC1CCCc2c1[nH]c1ccc(-c3ccccc3)cc21,2882155,C20H22N2O,306.4,3.2,48.1,382,3,2,4
T3972,Fc1cccc(-n2cnc3c(NCc4nc5c(F)c(F)ccc5[nH]4)nc(N4CCOCC4)nc32)c1,60196195,C23H19F3N8O,480.4,3.5,96.8,720,2,10,5
T3973,CCCOc1ccc(CCc2nc3cc(-c4c(C)noc4C)ccc3n2CCN2CCOCC2)cc1,119081417,C29H36N4O3,488.6,5,65.6,654,0,6,10
T3976,CCCCCCCC(=O)c1c(O)cc(O)cc1CC(=O)OCC,10687292,C18H26O5,322.4,4.6,83.8,368,2,5,11
T3977,CS(=O)(=O)c1cccc(C[C@H](NC(=O)c2c(Cl)cc3c(c2Cl)CCN(C(=O)c2ccc4ccoc4c2)C3)C(=O)O)c1,11965427,C29H24Cl2N2O7S,615.5,4.7,142,1100,2,7,7
T3978,CCCC[C@]1(CC)CS(=O)(=O)c2cc(CNC(CC(=O)O)CC(=O)O)c(OC)cc2[C@@H](c2ccccc2)N1,53492727,C28H38N2O7S,546.7,-1.6,150,870,4,9,13
T3979,CCOCCn1c(N2CCCN(C)CC2)nc2ccccc21,3219,C17H26N4O,302.4,2.2,33.5,341,0,4,5
T3981,COc1ccc(-c2cc(=O)c3c(O)cc(O)cc3o2)cc1,5280442,C16H12O5,284.26,2.1,76,424,2,5,2
T3983,CC(C)(CNC(=O)c1cccc(-c2noc(C(F)(F)F)n2)c1)c1coc(-c2ccccc2)n1,67324851,C23H19F3N4O3,456.4,4.9,94.1,672,1,9,6
T3985,CC(C)n1ncnc1-c1cn2c(n1)-c1ccc(O[C@@H](C)C(N)=O)cc1OCC2,58204997,C19H22N6O3,382.4,1.2,110,564,1,6,5
T3986,O=c1cc(N2CCOCC2)oc2c(-c3ccc4c(c3)OCCO4)csc12,44180156,C19H17NO5S,371.4,2.9,85.5,578,0,7,2
T3987,CNc1nc(-c2cccc(NC(=O)c3ccc(C(=O)OC)cc3)c2)c2cc(OC)c(OC)cc2n1,24864553,C26H24N4O5,472.5,4.2,112,716,2,8,8
T3988,CCCCCCCCCCCCCCOc1ccc(C(=O)O)o1,115175,C19H32O4,324.5,7.8,59.7,293,1,4,15
T3990,O=C(N1CCCC1)n1ccnn1,46829239,C7H10N4O,166.18,0.1,51,178,0,3,0
T3993,COc1ccc(Cn2cc(C(=O)O)c(=O)c3ccccc32)cc1,1476756,C18H15NO4,309.3,3.4,66.8,493,1,5,4
T3995,CCN(CC)CCNC(=O)c1c(C)[nH]c(C=C2C(=O)Nc3ccc(-c4csc(-c5ccccc5)n4)cc32)c1C,74403975,C31H33N5O2S,539.7,4.9,118,888,3,5,9
T3996,Cc1ccccc1N1CCN(CCc2nnc3n2CCCC3)CC1.Cl,6917787,C19H28ClN5,361.9,,37.2,395,1,4,4
T4000,Oc1ccc(C2COc3cc(O)ccc3C2)cc1,382975,C15H14O3,242.27,3,49.7,273,2,3,1
T4005,Nc1c(C(=O)Nc2ccc(F)cc2)sc2nc(-c3cccs3)cc(C(F)(F)F)c12,5175738,C19H11F4N3OS2,437.4,5.6,124,602,2,9,3
T4006,OC[C@H]1O[C@@H](n2cnc3c2NC=NC[C@H]3O)C[C@@H]1O,439693,C11H16N4O4,268.27,-2.1,112,356,4,6,2
T4008,CN1C[C@H](CNC(=O)OCc2ccccc2)C[C@@H]2c3cccc4c3c(cn4C)C[C@H]21,28693,C25H29N3O2,403.5,3.8,46.5,607,1,3,5
T4011,O[C@H]1CC[C@@H](Oc2cccc3cnc(Nc4ccc5nc[nH]c5c4)nc23)CC1,91801204,C21H21N5O2,375.4,3.6,96,515,3,6,4
T4012,O=C(c1cccc(Br)c1)N1CCC(N2CCCC2)CC1,61041645,C16H21BrN2O,337.25,3.2,23.6,335,0,2,2
T4013,Cc1cc(C)cc(Oc2ccc(CNC(=O)[C@H](C)N)cc2C)c1.Cl,124081151,C19H25ClN2O2,348.9,,64.4,378,3,3,5
T4015,COc1cc(N2CCC(N3CCN(C)CC3)CC2)ccc1Nc1ncc(Cl)c(-c2c[nH]c3ccccc23)n1,56655374,C29H34ClN7O,532.1,5,72.6,746,2,7,6
T4016,Cc1noc(-c2ccc(-c3ccc(C4(C(=O)O)CC4)cc3)cc2)c1NC(=O)O[C@H](C)c1ccccc1,49792850,C29H26N2O5,482.5,5.3,102,764,2,6,8
T4017,O=C(NC1CCNCC1)[C@@H]1CC[C@@H]2CN1C(=O)N2OS(=O)(=O)O,44129647,C12H20N4O6S,348.38,-3.6,137,585,3,7,4
T4018,COc1cc([N+](=O)[O-])ccc1-[n+]1nc(-c2ccc(S(=O)(=O)[O-])cc2S(=O)(=O)[O-])nn1-c1ccc([N+](=O)[O-])cc1.[Na+],9894947,C20H13N6NaO11S2,600.5,,267,1080,0,13,4
T4019,O=c1[nH]c(=S)[nH]c(-c2ccccc2)c1Cc1c(O)ccc2ccccc12,3246390,C21H16N2O2S,360.4,4.1,93.5,597,3,3,3
T4021,CCN(CC)CCCC[C@H](NC(=O)[C@H](CC(C)C)NC(=O)[C@H](C)NC(=O)[C@H](Cc1ccccc1)NC(=O)c1ccc(C(C)(C)C)cc1)C(=O)N[C@@H](CO)C(=O)OC,101043861,C43H66N6O8,795.0,5.5,195,1270,6,9,25
T4022,OC[C@H](Cc1ccccc1)Nc1nc(Oc2ccc3c(c2)CCC3)nc2c1ncn2Cc1ccc(-c2ccccc2)cc1,42623900,C36H33N5O2,567.7,7.6,85.1,841,2,6,10
T4023,Cl.Cl.N=C(N)NCCC[C@H](N)C(N)=O,14075254,C6H17Cl2N5O,246.14,,134,175,6,3,5
T4024,CCCn1c(=O)c2[nH]c(C3CCCC3)nc2n(CCC)c1=O,1329,C16H24N4O2,304.39,4,69.3,436,1,3,5
T4027,O=C(Nc1nc2ccc3scnc3c2s1)c1ccc2ccccc2c1,71549151,C19H11N3OS2,361.4,5.3,111,519,1,5,2
T4028,NS(=O)(=O)c1ccc(NC2=CC(=O)c3ccccc3C2=O)cc1,12387471,C16H12N2O4S,328.3,1.4,115,627,2,6,3
T4029,O=[N+]([O-])c1cc(Cl)ccc1S(=O)(=O)c1ccccc1,291461,C12H8ClNO4S,297.71,3.3,88.3,422,0,4,2
T4030,Cc1cc(C)c(NC(=O)C2CC3CCC2C3)c(C)c1,3111211,C17H23NO,257.37,4.2,29.1,341,1,1,2
T4031,CC(C)Cc1ccc(-c2nc(-c3ccc(CN4CC(C(=O)O)C4)c(F)c3)no2)cc1,117972004,C23H24FN3O3,409.5,2,79.5,578,1,7,7
T4032,Oc1cc(CN2CCOCC2)c(O)cc1CN1CCOCC1,229366,C16H24N2O4,308.37,0.1,65.4,300,2,6,4
T4033,c1ccc(-c2nc(-c3ccc(-c4nc(-c5ccccc5)c(-c5ccccc5)[nH]4)cc3)[nH]c2-c2ccccc2)cc1,4547410,C36H26N4,514.6,8.2,57.4,691,2,2,6
T4034,C[C@@H]1CC[C@@]2(NC1)O[C@H]1C[C@H]3[C@@H]4CC=C5C[C@@H](O[C@@H]6O[C@H](CO)[C@@H](O[C@@H]7O[C@@H](C)[C@H](O)[C@@H](O)[C@H]7O)[C@H](O)[C@H]6O[C@@H]6O[C@@H](C)[C@H](O)[C@@H](O)[C@H]6O)CC[C@]5(C)[C@H]4CC[C@]3(C)[C@H]1[C@@H]2C,73611,C45H73NO15,868.1,1.1,238,1610,9,16,7
T4035,C[C@@H]1CC[C@@]2(NC1)O[C@H]1C[C@H]3[C@@H]4CC=C5C[C@@H](O[C@@H]6O[C@H](CO)[C@@H](O[C@@H]7O[C@@H](C)[C@H](O)[C@@H](O)[C@H]7O)[C@H](O)[C@H]6O)CC[C@]5(C)[C@H]4CC[C@]3(C)[C@H]1[C@@H]2C,21573759,C39H63NO11,721.9,2.1,180,1320,7,12,5
T4036,C[C@@H]1CC[C@@]2(NC1)O[C@H]1C[C@H]3[C@@H]4CC=C5C[C@@H](O)CC[C@]5(C)[C@H]4CC[C@]3(C)[C@H]1[C@@H]2C,442985,C27H43NO2,413.6,5.4,41.5,749,2,3,0
T4037,CC1=C[C@H]2[C@@]3(O)[C@H](C)[C@@H](O)[C@]4(O)[C@H]([C@@H]3C=C(CO)C[C@]2(O)C1=O)C4(C)C,442070,C20H28O6,364.4,-0.8,118,753,5,6,1
T4038,CC1=N[C@H](C(=O)O)CCN1,126041,C6H10N2O2,142.16,-0.8,61.7,177,2,3,1
T4040,OB1OCc2cc(Cl)ccc21,11845944,C7H6BClO2,168.39,,29.5,155,1,2,0
T4042,CC(C)[C@H](N)C(=O)N1CCC[C@H]1B(O)O.CS(=O)(=O)O,11522448,C10H23BN2O6S,310.18,,150,328,4,7,3
T4043,Cn1c(=O)c2c(ncn2CC(=O)Nc2ccc(-c3ccccc3)nn2)n(C)c1=O,86280523,C19H17N7O3,391.4,0.5,113,654,1,6,4
T4044,Cc1cnc2c(C(=O)NCCO)cn(Cc3ncnc(N(C)C)c3C)c2c1,90467014,C19H24N6O2,368.4,0.7,96.2,505,2,6,6
T4045,Cl.NC[C@H]1OB(O)c2c(OCCCO)cccc21,52918389,C11H17BClNO4,273.52,,84.9,244,4,5,5
T4048,CCOC(=O)C1=C(C)NC(=S)NC1c1cccc(O)c1,2987927,C14H16N2O3S,292.36,1.6,103,436,3,4,4
T4049,CCCCCCCCC(=O)N[C@H](CN1CCCC1)[C@H](O)c1ccc2c(c1)OCCO2,23652732,C24H38N2O4,418.6,4.2,71,498,2,5,12
T4050,CCc1ccc(N(CC(C)C)S(=O)(=O)c2ccc(OCC3CCOCC3)c(CO)c2)cc1,89875987,C25H35NO5S,461.6,4.4,84.5,635,1,6,10
T4052,O=C(OC(C(F)(F)F)C(F)(F)F)N1CCC(C(O)(c2ccc3c(c2)OCO3)c2ccc3c(c2)OCO3)CC1,71656212,C24H21F6NO7,549.4,5.1,86.7,803,1,13,5
T4053,CCN1CCN(Cc2ccc(NC(=O)Nc3ccc(Oc4cc(NC)ncn4)cc3)cc2C(F)(F)F)CC1,11409972,C26H30F3N7O2,529.6,3.8,94.7,730,3,10,8
T4055,CCOc1cc(C(C)(C)C)ccc1C1COC(c2c(F)cccc2F)=N1,153974,C21H23F2NO2,359.4,5.4,30.8,495,0,5,5
T4056,CN1CCN(C(c2ccccc2)c2ccccc2)CC1.Cl,6420019,C18H23ClN2,302.8,,6.5,253,1,2,3
T4057,CN1CCN(c2ccc3[nH]c(-c4ccc5[nH]c(-c6ccc(O)cc6)nc5c4)nc3c2)CC1.Cl.Cl.Cl,31953,C25H27Cl3N6O,533.9,,84.1,634,6,5,3
T4058,COc1ccc(CCC(=O)N(c2nccc3ccccc23)[C@@H]2CCCNC2)cc1,122198706,C24H27N3O2,389.5,3.8,54.5,520,1,4,6
T4060,C[C@H](NP(=O)(OC[C@H]1O[C@@H](n2ccc(N)nc2=O)C(F)(F)[C@@H]1O)Oc1ccccc1)C(=O)OCc1ccccc1,11169170,C25H27F2N4O8P,580.5,1.4,162,1020,3,11,12
T4061,CCCC(CCC)C(=O)Nc1ccn([C@@H]2O[C@H](CO)[C@@H](O)C2(F)F)c(=O)n1,11646777,C17H25F2N3O5,389.4,1.7,111,620,3,7,8
T4062,Nc1c(S(=O)(=O)c2ccccc2)c2nc3ccccc3nc2n1-c1ccc(F)cc1,1915791,C22H15FN4O2S,418.4,4.5,99.3,702,1,6,3
T4063,Nc1nc(-n2cc(C(=O)O)c(=O)c3cc(F)c(N4CC(O)C4)c(Cl)c32)c(F)cc1F,487101,C18H12ClF3N4O4,440.8,2.7,120,755,3,11,3
T4066,O=S(=O)(NC1CCCCC1)c1ccc2c(c1)C(=NO)c1cc(S(=O)(=O)NC3CCCCC3)ccc1-2,118986699,C25H31N3O5S2,517.7,4.9,142,900,3,8,6
T4068,Cl.Cl.c1cc(-c2nc3ccc(OCCCN4CCCC4)cc3o2)ccc1OCCCN1CCCC1,72698607,C27H37Cl2N3O3,522.5,,51,559,2,6,11
T4071,C[C@H]1CNC(=O)c2cnn3ccc(nc23)N[C@H](C)c2cc(F)ccc2O1,135565923,C18H18FN5O2,355.4,2.1,80.6,524,2,6,0
T4074,CC(C)S(=O)(=O)c1ccc2nccc(Nc3ccc4scnc4c3)c2c1,54674134,C19H17N3O2S2,383.5,4.2,109,592,1,6,4
T4075,Cc1cc2cc(Oc3ccnc(Nc4cccc(CS(=O)(=O)NCCN(C)C)c4)n3)ccc2[nH]1,52920501,C24H28N6O3S,480.6,3.4,121,733,3,8,10
T4076,CO[C@H]1O[C@H](COS(=O)(=O)[O-])[C@@H](O[C@@H]2O[C@@H](C(=O)[O-])[C@@H](O[C@H]3O[C@H](COS(=O)(=O)[O-])[C@@H](O[C@@H]4O[C@H](C(=O)[O-])[C@@H](O[C@H]5O[C@H](COS(=O)(=O)[O-])[C@@H](O)[C@H](O)[C@H]5NS(=O)(=O)[O-])[C@H](O)[C@H]4O)[C@H](OS(=O)(=O)[O-])[C@H]3NS(=O)(=O)[O-])[C@H](O)[C@H]2OS(=O)(=O)[O-])[C@H](O)[C@H]1NS(=O)(=O)[O-].[Na+].[Na+].[Na+].[Na+].[Na+].[Na+].[Na+].[Na+].[Na+].[Na+],636380,C31H43N3Na10O49S8,1728.1,,901,3330,9,52,20
T4078,COc1nccc(-c2c(-c3ccc(F)cc3)ncn2C2CCNCC2)n1,9863367,C19H20FN5O,353.4,2.1,64.9,442,1,6,4
T4079,Cl.O=c1cc(N2CCOCC2)oc2c(-c3ccccc3)cccc12,11957589,C19H18ClNO3,343.8,,38.8,463,1,4,2
T4080,COc1cc(C(=O)OCCCCNC=NN)cc(OC)c1O.Cl,137699085,C14H22ClN3O5,347.79,,115,339,4,7,10
T4081,CN1CC=C(c2ccccc2)CC1.Cl,161406,C12H16ClN,209.71,,3.2,189,1,1,1
T4083,CC[C@@H]1[C@H](O)[C@@H]2[C@H](CC[C@]3(C)[C@@H]([C@H](C)CCCO)CC[C@@H]23)[C@@]2(C)CC[C@@H](O)C[C@@H]12,101886302,C26H46O3,406.6,5.9,60.7,578,3,3,5
T4085,C[C@@H]1CC[C@@]2(OC1)O[C@H]1C[C@H]3[C@@H]4CC=C5C[C@@H](O[C@@H]6O[C@H](CO)[C@@H](O[C@@H]7O[C@@H](C)[C@H](O[C@@H]8O[C@@H](C)[C@H](O)[C@@H](O)[C@H]8O)[C@@H](O)[C@H]7O)[C@H](O)[C@H]6O[C@@H]6O[C@@H](C)[C@H](O)[C@@H](O)[C@H]6O)CC[C@]5(C)[C@H]4CC[C@]3(C)[C@@]1(O)[C@@H]2C,176233,C51H82O21,1031.2,-1,315,1950,11,21,9
T4088,CC1=CC(=O)C(C(C)C)=CC1=O,10281,C10H12O2,164.20,2,34.1,293,0,2,1
T4090,COc1ccc(Cl)cc1-c1cc(=O)[nH]c(=S)n1CC(N)=O,71571306,C13H12ClN3O3S,325.77,1,117,497,2,4,4
T4091,Cn1nccc1Nc1nccc(-c2cc3c(s2)C(C)(C)N(CCN2CCOCC2)C3=O)n1,121408882,C22H27N7O2S,453.6,1.4,117,677,1,8,6
T4093,CCOc1ccc2nc(SCCN3CCOCC3)[nH]c2c1.Cl,9862936,C15H22ClN3O2S,343.9,,75.7,315,2,5,6
T4095,COc1ccc(CC(=O)Nc2nc3c(s2)CCc2ccccc2-3)cc1OC,1138914,C21H20N2O3S,380.5,4,88.7,520,1,5,5
T4097,CCCc1nc(C)c2c(=O)[nH]c(-c3cc(S(=O)(=O)N4CCN(CC)CC4)ccc3OCC)nn12.Cl.O.O.O,135413545,C23H39ClN6O7S,579.1,,121,854,5,11,8
T4099,NC(=O)c1ccc(OCCCN2CC3CCCC3C2)cc1,11380684,C17H24N2O2,288.4,2.5,55.6,341,1,3,6
T4101,COc1ccc(-n2nc(C(F)(F)F)cc2-c2ccc(Cl)cc2)cc1,4306515,C17H12ClF3N2O,352.7,5.1,27.1,407,0,5,3
T4102,CC(=O)O.CC(C)C[C@H](NC(=O)[C@@H](COC(C)(C)C)NC(=O)[C@H](Cc1ccc(O)cc1)NC(=O)[C@H](CO)NC(=O)[C@H](Cc1c[nH]c2ccccc12)NC(=O)[C@H](Cc1c[nH]cn1)NC(=O)[C@@H]1CCC(=O)N1)C(=O)N[C@@H](CCCNC(=N)N)C(=O)N1CCC[C@H]1C(=O)NNC(N)=O,16052011,C61H88N18O16,1329.5,,533,2590,18,18,32
T4106,COc1ccc(C(NC(=O)c2cnc(-c3cccnn3)[nH]c2=O)c2ccc(OC)cc2)cc1,44230662,C24H21N5O4,443.5,2.4,115,730,2,7,7
T4108,c1cncc(-c2c[nH]nn2)c1,9833992,C7H6N4,146.15,0.2,54.5,128,1,3,1
T4111,CN(C)CC1CCOC1(c1ccccc1)c1ccccc1.Cl,46932299,C19H24ClNO,317.9,,12.5,298,1,2,4
T4113,NS(=O)(=O)c1cccc2c1c([N+](=O)[O-])cc1[nH]c(=O)c(=O)[nH]c12,3272524,C12H8N4O6S,336.28,0.1,173,653,3,7,1
T4114,COc1cc(C)c(C(=O)Oc2cc(C)c(C(=O)O)c(O)c2C)c(OC)c1C,94870,C20H22O7,374.4,4.5,102,536,2,7,6
T4115,CC(C)=CCCC(C)=CCOc1ccc2ccc(=O)oc2c1,400073,C19H22O3,298.4,5.3,35.5,469,0,3,6
T4118,COc1ccc(NS(=O)(=O)c2sc3ccc(Cl)cc3c2C)cc1N1CCNCC1.Cl,6918455,C20H23Cl2N3O3S2,488.5,,107,656,3,7,5
T4119,CC(=O)O.C[C@@H](O)[C@@H]1NC(=O)[C@H](CCCCN)NC(=O)[C@@H](Cc2c[nH]c3ccccc23)NC(=O)[C@H](Cc2ccccc2)NC(=O)[C@@H](NC(=O)[C@H](N)Cc2ccccc2)CSSC[C@@H](C(=O)N[C@H](CO)[C@@H](C)O)NC1=O,6917964,C51H70N10O12S2,1079.3,,420,1780,14,16,17
T4121,COC(=O)c1cc(OC)c2c(c1-c1c(CO)cc(OC)c3c1OCO3)OCO2,9821754,C19H18O9,390.3,2.1,102,558,1,9,6
T4125,CCc1ccc(S(=O)(=O)Nc2cc(-c3cccs3)nn2-c2ccccc2)cc1,44472508,C21H19N3O2S2,409.5,4.9,101,595,1,5,6
T4126,CC(=O)c1ccc2c(c1)c1cc(C(C)=O)ccc1n2CCNC(C)C,44519124,C21H24N2O2,336.4,3,51.1,466,1,3,6
T4130,COc1cc(O)c2c(=O)c(O[C@@H]3O[C@H](CO)[C@@H](O)[C@H](O)[C@H]3O)c(-c3ccc(O[C@@H]4O[C@H](CO)[C@@H](O)[C@H](O)[C@H]4O)cc3)oc2c1,5492406,C28H32O16,624.5,-0.8,255,1020,9,16,8
T4132,CC(C)(C)c1ccccc1Oc1ncccc1NC(=O)Nc1ccc(OC(F)(F)F)cc1,11510579,C23H22F3N3O3,445.4,6.1,72.5,604,2,7,6
T4133,CC(C)(C)c1cc(NC(=O)Nc2ccc(Oc3ccnc4[nH]c(=O)cnc34)cc2F)n(-c2ccccc2)n1,42628843,C27H24FN7O3,513.5,4.2,123,877,3,7,6
T4134,Cc1cc(O)c(-c2ccc([C@@H](C)CN)cc2)c2c1[nH]c(=O)c1sccc12.Cl,92044487,C21H21ClN2O2S,400.9,,104,522,4,4,3
T4135,Cc1cc(O)c(-c2ccc([C@@H](C)CN(C)C)cc2)c2c1[nH]c(=O)c1sccc12.Cl,89675898,C23H25ClN2O2S,429.0,,80.8,563,3,4,4
T4136,CC(C)=CCC1=C(O)C(=O)c2ccccc2C1=O,3884,C15H14O3,242.27,2.8,54.4,439,1,3,2
T4137,O=c1cc(O)c2ccc(O)cc2o1,54679630,C9H6O4,178.14,0.9,66.8,258,2,4,0
T4139,O=C([O-])[C@H]1CSC(c2nc3ccc(O)cc3s2)=N1.[K+],135478035,C11H7KN2O3S2,318.4,,139,396,1,7,2
T4142,Cc1ccc(NC(=O)Nc2cc(-c3ccccc3-c3nn[nH]n3)ccc2N(CC(C)C)CC(C)C)cc1,90718185,C29H35N7O,497.6,6.5,98.8,686,3,5,9
T4163,CC(C)Cc1ccc([C@@H](C)C(=O)NS(C)(=O)=O)cc1,9838712,C14H21NO3S,283.39,2.9,71.6,389,1,3,5
T4165,CN1CCN(c2ccc(N3C[C@H](CO)OC3=O)cc2F)C=N1,44205191,C14H17FN4O3,308.31,0.6,68.6,450,1,6,3
T4166,COc1cc2c(NC3CCN(C(C)C)CC3)nc(N3CCC(F)(F)CC3)nc2cc1OCCCN1CCCC1,53315878,C29H44F2N6O2,546.7,5.7,66,739,1,10,10
T4167,Cc1ccc2c(Nc3ccc(Cl)cc3)nccc2c1Nc1ncccc1-c1ncnc2nc[nH]c12.Cl.Cl,44247765,C26H21Cl3N8,551.9,,104,690,5,7,5
T4168,CC1=C(C)C(=O)C(CCCCCCCCCC[P+](c2ccccc2)(c2ccccc2)c2ccccc2)=CC1=O.[Br-],16679091,C36H42BrO2P,617.6,,34.1,804,0,3,14
T4169,CN(N=O)C(N)=O,12699,C2H5N3O2,103.08,0,75.8,90,1,3,0
T4170,CC1=C(CSC(=S)N2CCCCC2)C(=O)c2ccccc2C1=O,131698387,C18H19NO2S2,345.5,3.5,94.8,549,0,4,3
T4171,C[C@H](NC(c1cccc2[nH]c(=O)c(=O)[nH]c12)P(=O)(O)O)c1ccc(Br)cc1,9868551,C17H17BrN3O5P,454.2,-1.6,128,622,5,6,5
T4172,COS(=O)(=O)[O-].COc1cccc2c1nc1ccccc1[n+]2C,127832,C15H16N2O5S,336.4,,101,362,0,6,1
T4173,C=CCc1ccc2c(c1O)C(=O)c1ccccc1C2=O,4412951,C17H12O3,264.27,4.1,54.4,428,1,3,2
T4174,Fc1ccc(NC(=S)Nc2ccccc2)cc1,694647,C13H11FN2S,246.31,2.3,56.2,246,2,2,2
T4175,Fc1ccc(NC(=S)Nc2cc(Cl)cc(Cl)c2)cc1,3033993,C13H9Cl2FN2S,315.2,4.4,56.2,301,2,2,2
T4176,CC(C)(C)c1cc(C(C)(C)C)c2c(c1)C(O)(C(F)(F)F)C(=O)O2,4332683,C17H21F3O3,330.34,5.1,46.5,487,1,6,2
T4177,Fc1ccc(NC(=S)Nc2ccc(F)cc2)cc1,2826649,C13H10F2N2S,264.30,2.4,56.2,246,2,3,2
T4178,Fc1ccc(NC(=S)Nc2ccc(Cl)cc2)cc1,3256973,C13H10ClFN2S,280.75,2.9,56.2,274,2,2,2
T4179,CC(C)(Sc1cc(C(C)(C)C)c(OC(=O)CCC(=O)O)c(C(C)(C)C)c1)Sc1cc(C(C)(C)C)c(OC(=O)CCC(=O)O)c(C(C)(C)C)c1,9961854,C39H56O8S2,717.0,10.4,178,1020,2,10,18
T4180,NC(CCCCC(N)=NO)=NO,250884,C6H14N4O2,174.20,-0.9,117,158,4,4,5
T4181,Cc1cc(Br)ccc1NC(=O)CCl,2097895,C9H9BrClNO,262.53,2.7,29.1,188,1,1,2
T4182,O=C(O)c1cc(N(Cc2ccccc2O)Cc2ccccc2O)ccc1O,3895,C21H19NO5,365.4,4,101,463,4,6,6
T4185,O=C(O)c1cc(NCc2cc(O)ccc2O)ccc1O,3896,C14H13NO5,275.26,2.4,110,338,5,6,4
T4188,O=C(NCC(c1ccccc1)n1ccnc1)c1ccc(-c2ccc(Cl)cc2)cc1,9952928,C24H20ClN3O,401.9,4.9,46.9,508,1,2,6
T4190,Clc1ccccc1CN1CCc2sccc2C1,5472,C14H14ClNS,263.8,3.6,31.5,261,0,2,2
T4191,O=C(NCCO)c1ccc(-c2cc(Nc3ccc(OC(F)(F)F)cc3)ncn2)cc1,59983028,C20H17F3N4O3,418.4,3.5,96.4,536,3,9,7
T4192,CCc1c(C(=O)C(N)=O)c2c(OCC(N)=O)cccc2n1Cc1ccccc1,10833571,C21H21N3O4,379.4,2.1,117,590,2,4,8
T4193,Cn1ncc2c1-c1c(Oc3ccc(OCc4ccc5ccccc5n4)cc3)sc(C(N)=O)c1CC2,9826550,C27H22N4O3S,482.6,4.7,121,750,1,6,6
T4195,CNCCc1ccccn1,2366,C8H12N2,136.19,0.4,24.9,83,1,2,3
T4196,CN(CCc1ccccn1)CCc1ccccn1,227430,C15H19N3,241.33,2.1,29,198,0,3,6
T4197,CC(C)(C)Oc1cccc2nc(N)nc(N)c12,24778294,C12H16N4O,232.28,1.8,87.1,266,2,5,2
T4199,CC(C)n1cnc2c(-c3cnc(N)nc3)nc(N3CCOCC3)nc21,70224122,C16H20N8O,340.38,0.4,108,438,1,8,3
T4200,CCOC(=O)[C@H](C)C[C@@H](Cc1ccc(-c2ccccc2)cc1)NC(=O)CCC(=O)[O-].CCOC(=O)[C@H](C)C[C@@H](Cc1ccc(-c2ccccc2)cc1)NC(=O)CCC(=O)[O-].[Ca+2],92045585,C48H56CaN2O10,861.0,,191,544,2,10,22
T4201,NC(=O)[C@@H]1CC[C@@H]2CN1C(=O)N2OS(=O)(=O)[O-].[Na+],24944097,C7H10N3NaO6S,287.23,,141,462,1,6,3
T4202,C[C@]1(COc2ccc(N3CCC(Oc4ccc(OC(F)(F)F)cc4)CC3)cc2)Cn2cc([N+](=O)[O-])nc2O1,6480466,C25H25F3N4O6,534.5,5.6,104,795,0,11,7
T4203,CC(C)=O.COC(=O)N[C@H](C(=O)N1CC2(CC2)C[C@H]1c1ncc(-c2ccc3c(c2)C(F)(F)c2cc(-c4ccc5nc([C@@H]6[C@H]7CC[C@H](C7)N6C(=O)[C@@H](NC(=O)OC)C(C)C)[nH]c5c4)ccc2-3)[nH]1)C(C)C,78357793,C52H60F2N8O7,947.1,,192,1850,4,11,12
T4204,CCc1cc2c(C)cc(=O)oc2cc1O,5287342,C12H12O3,204.22,2.7,46.5,295,1,3,1
T4206,c1cc(-c2nc3ccc(OCCCN4CCCC4)cc3o2)ccc1OCCCN1CCCC1,45102599,C27H35N3O3,449.6,5.1,51,559,0,6,11
T4207,Cc1ncsc1-c1ccc(CNC(=O)[C@@H]2C[C@@H](O)CN2C(=O)[C@@H](N)C(C)(C)C)cc1.Cl,118864076,C22H31ClN4O3S,467.0,,137,618,4,6,6
T4208,CCN(CC)c1nc2c(S(=O)(=O)c3ccc(Cl)cc3)nnn2c2cc(OC)c(OC)cc12,44547009,C21H22ClN5O4S,475.9,4,107,728,0,8,7
T4209,Cl.Cn1cc(-c2nc(N[C@@H]3CCCC[C@@H]3N)c(F)c3c2C(=O)NC3)cn1,129626432,C17H22ClFN6O,380.8,,97.9,508,4,6,3
T4210,NC(=O)c1nc(-c2c(F)cccc2Cl)oc1Nc1ccc(C(=O)N2CCOCC2)cc1,71727668,C21H18ClFN4O4,444.8,3.5,111,645,2,7,5
T4211,CN[C@H]1CC[C@H](N(Cc2cccc(-c3ccncc3)c2)C(=O)c2sc3ccccc3c2Cl)CC1.Cl,121540649,C28H29Cl2N3OS,526.5,,73.5,666,2,4,6
T4212,CN1C(=O)c2sccc2N(C)c2nc(Nc3ccc(S(N)(=O)=O)cc3)ncc21,121499143,C17H16N6O3S2,416.5,1.8,158,693,2,9,3
T4213,Cc1cc(C)nc(NC(=S)N2CCN(Cc3ccc(C(F)(F)F)cc3)CC2)c1,118796328,C20H23F3N4S,408.5,3.9,63.5,514,1,6,3
T4215,O=C1NC(=O)C(=Cc2cccc(C(F)(F)F)c2)S1,2864586,C11H6F3NO2S,273.23,3.1,71.5,406,1,6,1
T4217,C=C(Cc1ccccc1Cl)C(=O)OCC,69150705,C12H13ClO2,224.68,3.6,26.3,238,0,2,5
T4218,Cc1ccc2c(Br)cc(Br)c(OC(=O)c3ccccc3)c2n1,77262,C17H11Br2NO2,421.1,5.4,39.2,400,0,3,3
T4219,Cc1cc(Nc2cc(Cl)nc(Oc3ccc([N+](=O)[O-])cc3)n2)n[nH]1,129626605,C14H11ClN6O3,346.73,3.8,122,431,2,7,4
T4220,CNC(=O)CNc1cnc2ccc(-c3ccc(OC)c(OC)c3)cc2n1,112499905,C19H20N4O3,352.4,2.4,85.4,464,2,6,6
T4221,Nc1ccc(-c2cnc(N)c(-c3ccc(Cl)cc3)c2)cn1,118701008,C16H13ClN4,296.75,3,77.8,332,2,4,2
T4222,Cc1ccc(-c2nnc(NC(=O)c3ccc(Br)s3)o2)cc1,16854524,C14H10BrN3O2S,364.22,4,96.3,379,1,5,3
T4223,O=C(c1ccc(NS(=O)(=O)c2cccc3cccnc23)cc1)N1CCN(CC2CC2)CC1,59634741,C24H26N4O3S,450.6,1.8,91,750,1,6,6
T4224,CS(=O)(=O)Nc1ccc(C(=O)NCc2ccc(Cl)cc2Cl)cc1,1243054,C15H14Cl2N2O3S,373.3,2.9,83.7,501,2,4,5
T4226,Cc1cccc(C)c1N(CC(=O)Nc1ccc(-c2ncon2)cc1)C(=O)C1CCS(=O)(=O)CC1,11397521,C24H26N4O5S,482.6,2.6,131,800,1,7,6
T4228,Cc1ccc2[nH]c(N)nc(=O)c2c1Sc1ccncc1,135400184,C14H12N4OS,284.34,1.5,106,408,2,4,2
T4229,Cc1cc(OCCN2CCOCC2)nn1-c1ccc2ccccc2c1.Cl,50914801,C20H24ClN3O2,373.9,,39.5,416,1,4,5
T4230,Cc1nc(Nc2n[nH]c3c2CN(C(=O)N[C@H](CN(C)C)c2ccccc2)C3(C)C)c2sccc2n1.Cl,76972060,C25H31ClN8OS,527.1,,130,747,4,7,6
T4236,CCN(CC)C(=O)c1ccc(C(=C2CCNCC2)c2ccccc2)cc1.Cl,76848958,C23H29ClN2O,384.9,,32.3,472,2,2,5
T4245,COc1ccccc1-n1c(SCC(=O)Nc2nc3ccc(C)cc3s2)nc2c(c1=O)SCC2,2155264,C23H20N4O3S3,496.6,4.8,163,851,1,8,6
T4246,Cl.Cl.c1cnc2cc3c(cc2n1)C1CNCC3C1,45263226,C13H15Cl2N3,284.18,,37.8,254,3,3,0
T4247,CCC(=O)N1CCOc2c(cc(-c3ccc(OC)c(OC)c3)cc2OC[C@H]2CCCN(C)C2)C1.Cl,132285145,C27H37ClN2O5,505.0,,60.5,649,1,6,7
T4248,CN(Cc1ccccc1)C(=O)C1CCCN(Cc2ccc(C(F)(F)F)cc2)C1.Cl,131709262,C22H26ClF3N2O,426.9,,23.6,497,1,5,5
T4249,COc1cc2ncnc(Nc3cccc(Cl)c3F)c2cc1OC(=O)N1CCN(C)C[C@H]1C.Cl,78322366,C22H24Cl2FN5O3,496.4,,79.8,649,2,8,5
T4250,CCOCCn1c(C2CCN(CCc3ccc(C(C)(C)C(=O)O)cc3)CC2)nc2ccccc21,185460,C28H37N3O3,463.6,2.3,67.6,641,1,5,10
T4251,COc1cccc(-n2c(SCC(=O)[O-])nnc2-c2ccccn2)c1.[Na+],71748052,C16H13N4NaO3S,364.4,,118,434,0,7,6
T4252,O=C(NCCCNC(=O)c1ccc[nH]c1=O)c1cc(-c2ccccc2)on1,60167648,C19H18N4O4,366.4,2,113,625,3,5,7
T4254,O=C(COCC(=O)Nc1ccc(Cl)cc1C(=O)O)Nc1cccc(-c2ccoc2)c1,44250349,C21H17ClN2O6,428.8,3.3,118,618,3,6,8
T4255,O=C(COCC(=O)N1CCN(C(c2ccccc2)c2ccccc2)CC1)Nc1ccc(Cl)cc1C(=O)[O-].[Na+],53240409,C28H27ClN3NaO5,544.0,,102,752,1,6,9
T4256,COC(=O)CN(c1ccc(CN(c2ccc(OCc3ccc(C)cc3)c(C(=O)OC)c2)S(=O)(=O)Cc2ccccc2)cc1)S(C)(=O)=O,127050086,C34H36N2O9S2,680.8,4.8,153,1210,0,11,16
T4257,CC(C)NC(=O)[C@H]1CC[C@@H](n2c(NC(=O)c3ccc(F)cc3)nc3ccc(CN4CCC(C(C)(C)O)CC4)cc32)CC1,57345941,C33H44FN5O3,577.7,4.5,99.5,909,3,6,8
T4258,Cc1cc(COc2nc(N)nc3ccn(Cc4ccccn4)c23)no1,86346192,C17H16N6O2,336.3,1.3,105,441,1,7,5
T4259,COc1ccc(S(=O)(=O)N[C@@H](CNc2nc(C)nc(N3CCC(C4=CC=C5CCCN=C5N4)CC3)c2C)C(=O)O)cc1,53340771,C29H37N7O5S,595.7,4.5,167,983,4,12,10
T4260,CNC(=O)c1ccc(-c2cnc3ncc(Cc4ccc5ncccc5c4)n3n2)cc1F.Cl.Cl,44513225,C23H19Cl2FN6O,485.3,,85.1,637,3,6,4
T4261,CN1CCN(c2ccc(C(=O)Nc3cc(-c4cccc(NS(=O)(=O)c5ccccc5)c4)[nH]n3)cc2)CC1.Cl,132472229,C27H29ClN6O3S,553.1,,119,845,4,7,7
T4263,COc1ccc(-c2cc3nccn3c(Nc3ncccc3C(N)=O)n2)cc1OC,10200390,C20H18N6O3,390.4,3.3,117,566,2,7,6
T4264,CCCn1c(NC(=O)c2cccc(C(N)=O)c2)nc2ccccc21,37750349,C18H18N4O2,322.4,2.3,90,470,2,3,5
T4265,Cc1cc(-c2nnc(N)nc2-c2ccc(F)cc2)cc(Cl)n1,86676119,C15H11ClFN5,315.73,2.6,77.6,366,1,6,2
T4266,CN1CCC(c2c[nH]c3ccc(NC(=O)c4ccc(F)cc4)cc23)CC1,5311258,C21H22FN3O,351.4,3.6,48.1,486,2,3,3
T4267,CCCNC[C@]1(O)[C@H](C)O[C@@H](O[C@H]2[C@H](C)[C@@H](O[C@@H]3O[C@H](C)C[C@H](N(C)C)[C@H]3O)[C@](C)(O)C[C@@H](C)CN[C@H](C)[C@@H](O)[C@](C)(O)[C@@H](CC)OC(=O)[C@@H]2C)C[C@@]1(C)OC,9832301,C41H79N3O12,806.1,3.8,201,1240,7,15,11
T4268,C=CC(=O)Nc1cc(Nc2ncc(C(=O)Nc3cc(NC(=O)c4cc(OC)c(OC)c(OC)c4)ccc3C)c(NC)n2)ccc1C,122633900,C33H35N7O6,625.7,5,165,1020,5,10,12
T4269,CC(C)(C)C1CCC(CC2=C(O)C(=O)c3ccccc3C2=O)CC1,71768,C21H26O3,326.4,5.3,54.4,544,1,3,3
T4274,CN(C)CCC=C1c2ccccc2C(C)(C)c2ccccc21.Cl,25381,C21H26ClN,327.9,,3.2,378,1,1,3
T4275,COc1ccccc1N1CCN(CCCC(=O)c2ccc(F)cc2)CC1,15139,C21H25FN2O2,356.4,3.6,32.8,432,0,5,7
T4276,Cl.O=c1[nH]ccc2c(S(=O)(=O)N3CCCNCC3)cccc12,11371328,C14H18ClN3O3S,343.8,,86.9,526,3,5,2
T4278,Cc1noc(-c2ccc(-c3ccc(CC(=O)O)cc3)cc2)c1NC(=O)O[C@H](C)c1ccccc1Cl,46240292,C27H23ClN2O5,490.9,5.6,102,708,2,6,8
T4279,CC(=O)SCC(CC(=O)c1ccc(C)cc1)C(=O)O,127998,C14H16O4S,280.34,1.9,96.7,345,1,5,7
T4280,CCCCCO[C@H]1CC[C@H](NC(=O)c2cnn3c(C)cc(C)nc23)CC1,121327414,C20H30N4O2,358.5,3.4,68.5,453,1,4,7
T4283,O=C(NC1CCCCC1)N(Cc1ccccc1)CC1CCNCC1,77050694,C20H31N3O,329.5,3.2,44.4,369,2,2,5
T4284,CCOC(=O)C1=C(COCCN)NC(C)=C(C(=O)OC)[C@@H]1c1ccccc1Cl.O=S(=O)(O)c1ccccc1,11365087,C26H31ClN2O8S,567.1,,163,830,3,10,11
T4286,CC(C)[C@H](NC(=O)OCC1c2ccccc2-c2ccccc21)C(=O)N[C@@H](C)C(=O)Nc1ccc(CO)cc1,100029287,C30H33N3O5,515.6,4.2,117,790,4,5,10
T4287,CC(C)(Sc1cc(C(C)(C)C)c(O)c(C(C)(C)C)c1)Sc1cc(C(C)(C)C)c(OC(=O)CCC(=O)O)c(C(C)(C)C)c1,216325,C35H52O5S2,616.9,10.9,134,870,2,7,13
T4288,CCN(CC)CCOc1ccc(Nc2nc(-c3ccccc3NC(=O)CCN3CCN(C)CC3)nc3ccccc23)cc1,131704486,C34H43N7O2,581.8,4.8,85.9,813,2,8,13
T4289,CC(C)[C@H](NC(=O)CCCCCN1C(=O)C=CC1=O)C(=O)N[C@@H](C)C(=O)Nc1ccc(CO)cc1,100029273,C25H34N4O6,486.6,0.9,145,786,4,6,13
T4290,COCCOc1ccc(N2CCN(CCn3ncc4c3nc(N)n3nc(-c5ccco5)nc43)CC2)cc1,10117987,C25H29N9O3,503.6,1.9,125,722,1,10,9
T4291,COc1ccc2c(c1O)-c1c(OC)c(OC)cc3c1[C@H](C2)N(C)CC3.Cl,17751017,C20H24ClNO4,377.9,,51.2,475,2,5,3
T4295,O=C1N[C@](c2ccc(N3CCOCC3)cc2)(c2cccs2)CC(O)=C1Sc1ccccc1Cl,134692199,C25H23ClN2O3S2,499.0,4.9,115,739,2,6,5
T4296,CS(=O)(=O)Nc1cc(-c2ccc3ncnc(Nc4ccc(F)c(Cl)c4)c3c2)cnc1Cl,121416213,C20H14Cl2FN5O2S,478.3,4.6,105,714,2,8,5
T4297,O=c1[nH]c2ccccc2n1CCN1CCN(c2cccc(C(F)(F)F)c2)CC1,6918248,C20H21F3N4O,390.4,3.3,38.8,550,1,6,4
T4300,COc1nccnc1NS(=O)(=O)c1cccc(Cl)c1Cl,10308720,C11H9Cl2N3O3S,334.2,2.6,89.6,418,1,6,4
T4301,CC(C)n1nc(-c2ccc(NC(=O)Nc3cc(C(F)(F)F)ccc3F)cc2)c2c(N)ncnc21,71578106,C22H19F4N7O,473.4,3.7,111,703,3,9,4
T4302,CCc1ccc(-c2nc(CSCC(=O)NCCc3ccccc3)c(C)o2)cc1,6622273,C23H26N2O2S,394.5,5,80.4,462,1,4,9
T4303,Cc1nc(-c2ccc(C(F)(F)F)cc2)sc1C(=O)O,2775663,C12H8F3NO2S,287.26,3.8,78.4,342,1,7,2
T4304,CCCC(=O)NCCc1csc(-c2ccc(Cl)cc2)n1,7518316,C15H17ClN2OS,308.8,3.7,70.2,308,1,3,6
T4305,CCCN(CCC)C1CCc2cccc(O)c2C1,1220,C16H25NO,247.38,4.1,23.5,237,1,2,5
T4306,O=C(Nc1ccc(Cl)cc1)C1CCCN(C(=O)c2cccc(-c3ccco3)c2)C1,71681561,C23H21ClN2O3,408.9,4.1,62.6,578,1,3,4
T4307,O=C1CC(c2c[nH]c3ccc(F)cc23)C(=O)N1,23063810,C12H9FN2O2,232.21,0.9,62,360,2,3,1
T4309,O=S(=O)(c1ccc2c(c1)C(=NO)c1cc(S(=O)(=O)N3CCCCC3)ccc1-2)N1CCCCC1,654092,C23H27N3O5S2,489.6,3.3,124,870,1,8,4
T4312,Cc1c(CCC(=O)O)ccc(OCc2cc(Cl)cc3c2OC(C)(C)C3)c1C,46700745,C22H25ClO4,388.9,5.1,55.8,522,1,4,6
T4313,CCOC(=O)c1c(N)sc2c1CCN(Cc1ccccc1)C2.Cl,134896,C17H21ClN2O2S,352.9,,83.8,387,2,5,5
T4315,COc1cc(Oc2ccnc3cc(OC)c(OC)cc23)ccc1NC(=O)NC(C)c1nccs1,9869779,C24H24N4O5S,480.5,3.6,132,661,2,8,8
T4316,COc1ccccc1C(=O)Nc1cccc(NC(=O)c2cccc(C)c2)c1,46785920,C22H20N2O3,360.4,3.9,67.4,510,2,3,5
T4320,Cc1ncc(NC(=O)c2ccc(CN3CCN(C)CC3)c(C(F)(F)F)c2)cc1Nc1nccc(-c2cccnc2)n1,46848036,C29H29F3N8O,562.6,3.4,99.2,841,2,11,7
T4321,NS(=O)(=O)c1ccc(S(=O)(=O)Nc2cccc3c(Cl)c[nH]c23)cc1,216468,C14H12ClN3O4S2,385.8,1.8,139,650,3,6,4
T4323,O=C(Nc1cccnn1)N1CCC(=Cc2cccc(Oc3ccc(C(F)(F)F)cn3)c2)CC1,24771824,C23H20F3N5O2,455.4,3.3,80.2,679,1,8,4
T4324,COc1ccc(Cl)cc1NC(=O)Nc1cc(C)nc2ccccc12.Cl,145875209,C18H17Cl2N3O2,378.2,,63.3,436,3,3,3
T4328,O=C(Nc1ccc(O)c(C(=O)O)c1)c1cccc(NC(=O)c2ccco2)c1,6496840,C19H14N2O6,366.3,2.7,129,568,4,6,5
T4329,CCC(CC)Nc1cc(C)nc(Oc2c(C)cc(C)cc2C)c1C,9862166,C21H30N2O,326.5,6.4,34.2,359,1,3,6
T4330,CC(C)(C)C1CCc2c(sc(NC(=O)c3ccco3)c2C(=O)O)C1,2898877,C18H21NO4S,347.4,5.1,108,504,2,5,4
T4332,Cn1cc(-c2cc(Oc3cc(F)c(NC(=O)C4(C(=O)Nc5ccccc5)CC4)cc3F)ccn2)cn1,46208890,C26H21F2N5O3,489.5,4.2,98.1,794,2,7,7
T4333,C=C[C@H]1C[N@]2CC[C@H]1C[C@H]2[C@H](O)c1ccnc2ccc(OC)cc12.Cl.Cl,91429,C20H26Cl2N2O2,397.3,,45.6,457,3,4,4
T4335,O=C(NCc1ccc(S(=O)(=O)c2cc(F)cc(F)c2)cc1)c1ccc2nccn2c1,68277611,C21H15F2N3O3S,427.4,3.5,88.9,699,1,6,5
T4336,CC(C)S[C@@H]1O[C@H](CO)[C@H](O)[C@H](O)[C@H]1O,656894,C9H18O5S,238.30,-0.5,115,201,4,6,3
T4337,Nc1ncnc2c1c(-c1ccc(Oc3ccccc3)cc1)nn2C1CCCC1,22347110,C22H21N5O,371.4,4.2,78.9,499,1,5,4
T4339,COc1ccc(S(=O)(=O)NCc2ccc(C(=O)NCCc3ccc(Cl)cn3)cc2)cc1,121473004,C22H22ClN3O4S,459.9,3.2,106,656,2,6,9
T4342,CC1(C)CC(=O)c2c(C(F)(F)F)nn(-c3ccc(C(N)=O)c(NC4CCC(OC(=O)CN)CC4)c3)c2C1.CS(=O)(=O)O,44195570,C26H34F3N5O7S,617.6,,205,969,4,13,7
T4343,Clc1cc2c(NC3CCCC3)nnc(-c3ccncc3)c2cc1Cl,117072548,C18H16Cl2N4,359.2,4.5,50.7,412,1,4,3
T4344,CCN1CCN(Cc2ccc(NC(=O)c3ccc(C)c(NC(=O)c4cncc(-c5cccs5)c4)c3)cc2C(F)(F)F)CC1,42628503,C32H32F3N5O2S,607.7,5.1,106,933,2,9,8
T4345,Cn1cc(C(=O)Nc2ccc3c(c2)OCCO3)c2ccccc2c1=O,24152379,C19H16N2O4,336.3,1.8,67.9,576,1,4,2
T4346,O=C(CCCSSc1ccccn1)ON1C(=O)CCC1=O,11551591,C13H14N2O4S2,326.4,1,127,390,0,7,8
T4347,COc1cccc(CNc2ccc(S(=O)(=O)Nc3nc4ccccc4s3)cc2)c1O,70701426,C21H19N3O4S2,441.5,4.3,137,651,3,8,7
T4349,COCCNCc1ccc(-c2cc3nccc(Oc4ccc(NC(=O)C5(C(=O)Nc6ccc(F)cc6)CC5)cc4F)c3s2)nc1,25212148,C33H29F2N5O4S,629.7,5.2,143,1000,3,10,12
T4350,O=P(O)(NCCCl)NCCCl,100427,C4H11Cl2N2O2P,221.02,-0.4,61.4,134,3,4,6
T4351,C[C@@H](NC(=O)[C@@H](N)Cc1ccc(O)cc1)C(=O)NCC(=O)N(C)[C@@H](Cc1ccccc1)C(=O)NCCO,5462471,C26H35N5O6,513.6,0.2,174,752,6,7,13
T4352,COc1ccc(S(=O)(=O)N2CCCN(S(=O)(=O)c3ccc(OC)c(OC)c3)CC2)cc1OC,1520267,C21H28N2O8S2,500.6,1.9,128,758,0,10,8
T4353,Cc1ccc(CN(CC(O)COc2cccc3[nH]ccc23)C(C)(C)C)cc1,129896798,C23H30N2O2,366.5,4.3,48.5,442,2,3,8
T4355,CC(=O)NCCCOc1ccc(C(=O)N2CCC(N3C(=O)CCc4ccccc43)CC2)cc1,114904,C26H31N3O4,449.5,2.6,79,683,1,4,7
T4359,c1ccc(Cn2nnc3c(Sc4nc5ccccc5o4)ncnc32)cc1,4058452,C18H12N6OS,360.4,3.9,108,479,0,7,4
T4360,Cc1ccccc1C(=O)N1CCc2cc(-c3nc(NC(=O)Cc4ccc5c(c4)OCO5)sc3C)ccc21,1383822,C29H25N3O4S,511.6,5.3,109,844,1,6,5
T4361,CC(=O)c1ccc2c(c1)c1cc(C(C)=O)ccc1n2CCNC(C)C.Cl,44519123,C21H25ClN2O2,372.9,,51.1,466,2,3,6
T4362,Cc1cc(-c2ccccc2)cc(C(=O)NNS(=O)(=O)c2ccccc2)c1F,133053564,C20H17FN2O3S,384.4,4.1,83.7,595,2,5,5
T4363,CCOC(OCC)P(=O)(O)CCCNCc1ccc(Cl)c(Cl)c1,132252,C15H24Cl2NO4P,384.2,0,67.8,369,2,5,11
T4364,CC[C@H](CO)Nc1nc(N(C)Cc2ccccc2)c2ncn(C(C)C)c2n1,5289296,C20H28N6O,368.5,3.3,79.1,444,2,6,8
T4365,Cc1cc(-c2nc3sc4c(c3c(=O)[nH]2)CCN(C)C4)cc(C)c1O,135567026,C18H19N3O2S,341.4,2.6,93.2,542,2,5,1
T4367,CCOC(=O)c1cnn(-c2ccccc2)c1NC(=O)c1cc2nc(-c3ccco3)cc(C(F)(F)Cl)n2n1,1045147,C24H17ClF2N6O4,526.9,4.5,117,837,1,9,8
T4369,CN1CCc2cc(Cl)c(O)cc2[C@@H](c2ccccc2)C1.Cl,11957535,C17H19Cl2NO,324.2,,23.5,318,2,2,1
T4371,O=C(O)c1ccc2cc(-c3ccc(O)c(C45CC6CC(CC(C6)C4)C5)c3)ccc2c1,135411,C27H26O3,398.5,7.4,57.5,630,2,3,3
T4373,CSC(=S)NCc1c[nH]c2ccccc12,3035211,C11H12N2S2,236.4,2.6,85.2,233,2,2,3
T4376,CC(C)(O)CS(=O)(=O)Nc1ccc2c(c1)CCN(C(=O)COc1cccnc1)C2,92044379,C20H25N3O5S,419.5,1.3,117,664,2,7,7
T4377,O=C(O)[C@H]1C2CCC(CC2)[C@@H]1Nc1nc(-c2c[nH]c3ncc(F)cc23)ncc1F,67286591,C20H19F2N5O2,399.4,3.8,104,620,3,8,4
T4378,CNCCN1CCC(OCc2ccccc2)CC1,53868701,C15H24N2O,248.36,1.7,24.5,209,1,3,6
T4379,O=C(O)c1cc(F)c2nc(N3[C@@H]4CC[C@H]3C[C@@H](OCc3c(-c5ccccc5OC(F)(F)F)noc3C3CC3)C4)sc2c1,121418176,C29H25F4N3O5S,603.6,6.8,126,979,1,13,8
T4380,COCCNC(=O)Nc1ccc2nc(-c3cccs3)c(-c3cccs3)nc2c1,2300455,C20H18N4O2S2,410.5,2.8,133,526,2,6,6
T4381,OCc1ccc(-c2nn(Cc3ccccc3)c3ccccc23)o1,5712,C19H16N2O2,304.3,3.1,51.2,386,1,3,4
T4382,CC(C)NC(=N)NC(=N)Nc1ccc(Cl)cc1.Cl,12498,C11H17Cl2N5,290.19,,88.8,292,4,1,4
T4383,CCOC(=O)CCNc1cc(N2CCc3ccccc3CC2)nc(-c2ccccn2)n1.Cl,71729974,C24H28ClN5O2,454.0,,80.2,546,2,7,8
T4385,CC(C)CNc1nc(N2CCN(CC3CCCOC3)CC2)ncc1C(=O)NCc1ccccc1,53380803,C26H38N6O2,466.6,4,82.6,606,2,7,9
T4387,C=CC(=O)N1CCC(CNc2ncnc(N)c2-c2ccc(Oc3ccccc3)cc2)CC1,71479709,C25H27N5O2,429.5,4.2,93.4,595,2,6,7
T4388,Oc1ccc(-c2c(-c3ccccc3)nn3c(C(F)(F)F)cc(C(F)(F)F)nc23)cc1,11201035,C20H11F6N3O,423.3,5.1,50.4,586,1,9,2
T4389,CCCCNNC(=O)c1ccc(-c2cccc(F)c2F)cc1,118418385,C17H18F2N2O,304.33,4,41.1,346,2,4,6
T4390,O=C(Oc1coc(CSc2ncccn2)cc1=O)c1ccc([N+](=O)[O-])cc1,7217941,C17H11N3O6S,385.4,2.2,150,646,0,9,6
T4391,Cl.Cl.NCCNc1ncc(C(N)=O)c(Nc2cccc(C(F)(F)F)c2)n1,90664659,C14H17Cl2F3N6O,413.2,,119,422,6,9,6
T4394,COC(=O)C=Cc1ccc(OC)c(O)c1,146317,C11H12O4,208.21,1.8,55.8,237,1,4,4
T4397,COc1ccc(C(c2c[nH]c3ccccc23)c2c[nH]c3ccccc23)cc1,11371604,C24H20N2O,352.4,5.5,40.8,457,2,1,4
T4398,COc1ccc(Cl)cc1N(CC(=O)Nc1ccc2c(c1)OCO2)S(=O)(=O)c1ccccc1,1000980,C22H19ClN2O6S,474.9,3.9,103,741,1,7,7
T4400,Oc1ccc(C(c2c[nH]c3ccccc23)c2c[nH]c3ccccc23)cc1,2940609,C23H18N2O,338.4,5.2,51.8,443,3,1,3
T4403,COc1ccc2c(c1)C(c1ccc(F)cc1)=C(CN1CCCC1)CO2.Cl,129909862,C21H23ClFNO2,375.9,,21.7,480,1,4,4
T4406,CC1=CC(=O)C=C(C)C1=O,68241,C8H8O2,136.15,1.2,34.1,232,0,2,0
T4407,O=c1[nH]c2cc(Cl)c(Cl)cc2n1C1CCN(Cc2ccc(Cl)cc2)CC1,130431397,C19H18Cl3N3O,410.7,4.7,35.6,506,1,2,3
T4412,CN(C(=O)c1c(O)c2ccccc2n(C)c1=O)c1ccccc1,54676478,C18H16N2O3,308.3,2.7,60.9,522,1,3,2
T4414,COCC1(CO)C(=O)C2CCN1CC2,52918385,C10H17NO3,199.25,-0.1,49.8,236,1,4,3
T4418,Cl.Cl.O=C(O)c1ccc(CN2CCC(CN[C@@H]3C[C@H]3c3ccccc3)CC2)cc1,121272425,C23H30Cl2N2O2,437.4,,52.6,475,4,4,7
T4419,CCCCNc1ncc2c(-c3ccc(CN4CCN(C)CC4)cc3)cn([C@H]3CC[C@H](O)CC3)c2n1.Cl.Cl,133640205,C28H42Cl2N6O,549.6,,69.5,627,4,6,8
T4423,Cl.O=c1cc(N2CCNCC2)oc2c(-c3ccccc3)cccc12,78357796,C19H19ClN2O2,342.8,,41.6,464,2,4,2
T4424,Nc1n[nH]c2cc(-c3ccc(=O)n(Cc4cccc(Cl)c4)c3)ccc12,129052025,C19H15ClN4O,350.8,3,75,578,2,3,3
T4425,COc1ccc(C(=O)Nc2cc(-c3ccccc3)[nH]n2)cc1OC,35532110,C18H17N3O3,323.3,3,76.2,414,2,4,5
T4426,COc1cc2nccc(Oc3ccc(NC(=O)c4cn(C(C)C)c(=O)n(-c5ccc(F)cc5)c4=O)cc3F)c2cc1OC,71576419,C31H26F2N4O6,588.6,4.7,110,1050,1,9,8
T4427,O=C(O)c1c[nH]c2cc(Cl)c(-c3ccc(C4(O)CCC4)cc3)cc12,71748255,C19H16ClNO3,341.8,3.6,73.3,487,3,3,3
T4428,Cc1nn(C)cc1-c1nc2c(N3CCN(Cc4ccc(Cl)cc4)CC3)c(Cl)cnc2[nH]1,71454279,C22H23Cl2N7,456.4,3.8,65.9,596,1,5,4
T4429,COC(=O)[C@H]1[C@H]2C[C@H]3c4[nH]c5ccccc5c4CCN3C[C@H]2CC[C@@H]1O.Cl,197067,C21H27ClN2O3,390.9,,65.6,555,3,4,2
T4431,COc1ccc2c(c1OCc1ccccc1)C[C@@H](C(=O)O)N(C(=O)C(c1ccccc1)c1ccccc1)C2,9937291,C32H29NO5,507.6,5.6,76.1,752,1,5,8
T4433,CC(=O)Oc1ccc2c(c1)Oc1cc(OC(C)=O)ccc1C21OC(=O)c2ccc(C(=O)ON3C(=O)CCC3=O)cc21,5048409,C29H19NO11,557.5,2.6,152,1100,0,11,7
T4434,Nc1n[n+]([O-])c2ccccc2[n+]1[O-],135413511,C7H6N4O2,178.15,-0.3,89.8,191,1,4,0
T4436,CC(C)Oc1ccc(Cc2ccc(NC3=NCCN3)cc2)cc1,9839644,C19H23N3O,309.4,3.6,45.7,380,2,2,6
T4438,Cc1cc(-c2ncc(CNC(=O)c3ccc4c(c3)[nH]c3ccccc34)cc2F)ccn1,132578555,C25H19FN4O,410.4,4.2,70.7,633,2,4,4
T4440,NCC(CS(=O)(=O)O)c1ccc(Cl)cc1,122150,C9H12ClNO3S,249.72,-1.7,88.8,280,2,4,4
T4442,Cl.O=C(c1ccc(-c2ccc(Cl)cc2)o1)N(Cc1ccccn1)c1ccc(N2CCNCC2)cc1,70681199,C27H26Cl2N4O2,509.4,,61.6,645,2,5,6
T4444,Cc1n[nH]c2ccc(-c3cncc(OC[C@@H](N)Cc4ccccc4)c3)cc12.Cl,73357690,C22H23ClN4O,394.9,,76.8,456,3,4,6
T4445,CCc1nn(C)c(C(=O)NCc2ccc(Oc3ccc(C)cc3)cc2)c1Cl,10110536,C21H22ClN3O2,383.9,4.7,56.2,476,1,3,6
T4446,CCc1nn(C)c(C(=O)NCc2ccc(C(C)(C)C)cc2)c1Cl,86354,C18H24ClN3O,333.9,4.5,46.9,402,1,2,5
T4447,C[S+](CC[C@H](N)C(=O)O)C[C@H]1O[C@@H](n2cnc3c(N)ncnc32)[C@H](O)[C@@H]1O.Cc1ccc(S(=O)(=O)[O-])cc1,10153079,C22H30N6O8S2,570.6,,249,726,5,13,7
T4449,CN1CCN(C(=O)C2C(C(=O)O)[C@H]3CC[C@@H]2O3)CC1,45101433,C13H20N2O4,268.31,-3,70.1,392,1,5,2
T4450,Cc1cc(-c2ccccc2)nnc1C(=O)N1CCN(c2ncccn2)CC1,50938773,C20H20N6O,360.4,1.9,75.1,483,0,6,3
T4451,C[C@]12CC[C@@H]3c4ccc(OC(=O)N(CCCl)CCCl)cc4CC[C@H]3[C@@H]1CC[C@@H]2OP(=O)([O-])[O-].[Na+].[Na+],444000,C23H30Cl2NNa2O6P,564.3,,102,735,0,6,7
T4455,O=C(O)C(O)Cc1ccccc1,3848,C9H10O3,166.17,1.1,57.5,150,2,3,3
T4456,CC(=O)Nc1ccn([C@@H]2O[C@H](CO)[C@@H](O)[C@H]2O)c(=O)n1,107461,C11H15N3O6,285.25,-1.4,132,477,4,6,3
T4457,Cl.Cl.Cl.NCCOc1cc(C(=O)Nc2cc(OCCN)c3ccccc3n2)nc(C(=O)Nc2cc(OCCN)c3ccccc3n2)c1,137891317,C31H35Cl3N8O5,706.0,,203,850,8,11,13
T4458,CS(=O)(=O)O.Cc1c(C(=O)c2cccc3ccccc23)c2cccc3c2n1[C@H](CN1CCOCC1)CO3,6604176,C28H30N2O6S,522.6,,106,772,1,7,4
T4459,CS(=O)(=O)c1ncc(Cl)c(C(=O)O)n1,1241459,C6H5ClN2O4S,236.63,0.3,106,325,1,6,2
T4460,CCOc1ccc(Cc2cc([C@@H]3O[C@H](CO)[C@@H](O)[C@H](O)[C@H]3O)ccc2Cl)cc1.C[C@H](O)CO.O,24906252,C24H35ClO9,503.0,,141,493,7,9,7
T4462,O=C(Nc1c(Cl)c[n+]([O-])cc1Cl)c1ccc(OC(F)F)c(OCC2CC2)c1,9940999,C17H14Cl2F2N2O4,419.2,4.8,71.4,645,1,7,6
T4463,CNCc1ccc(-c2[nH]c3cc(F)cc4c3c2CCNC4=O)cc1,9931954,C19H18FN3O,323.4,2.5,56.9,466,3,3,3
T4464,NS(=O)(=O)Oc1ccc2c3c(c(=O)oc2c1)CCCCC3,5287541,C14H15NO5S,309.34,2.3,104,562,1,6,2
T4466,COC(=O)c1ccccc1C(=O)c1ccc(OCCN2CCCCC2)cc1.Cl,121097,C22H26ClNO4,403.9,,55.8,481,1,5,8
T4467,Cl.Cl.N[C@@H](CCNCc1ccc(Cl)cc1)C(=O)N1CCCCC1,24757888,C16H26Cl3N3O,382.8,,58.4,313,4,3,6
T4470,NCCOc1cc(C(=O)Nc2cc(OCCN)c3ccccc3n2)nc(C(=O)Nc2cc(OCCN)c3ccccc3n2)c1.O=C(O)C(F)(F)F.O=C(O)C(F)(F)F.O=C(O)C(F)(F)F,137797056,C37H35F9N8O11,938.7,,315,934,8,26,13
T4500,Cc1ccnc(Nc2nc(-c3cn[nH]c3)c(C)s2)n1,46836872,C12H12N6S,272.33,2.2,108,304,2,6,3
T4505,NCC(=O)[O-].NCC(=O)[O-].[Fe+2],9837124,C4H8FeN2O4,203.96,,132,37,2,6,0
T4508,NCCCC[C@H](NC(=O)[C@H](Cc1cnc[nH]1)NC(=O)CN)C(=O)O,73587,C14H24N6O4,340.38,-4.4,176,433,6,7,11
T4512,NCC(=O)[O-].NCC(=O)[O-].[Mg+2],84645,C4H8MgN2O4,172.42,,132,37,2,6,0
T4513,CCCCOCc1ccc(O)c(OC)c1,5084146,C12H18O3,210.27,1.8,38.7,161,1,3,6
T4514,CC(=O)N[C@H]1C(O)O[C@H](CO)[C@@H](O)[C@@H]1O,439174,C8H15NO6,221.21,-1.7,119,235,5,6,2
T4529,COc1ccc2[nH]c(C(=O)N3CCC(CC(C)(C)O)CC3)cc2c1,25210792,C19H26N2O3,330.4,2.8,65.6,446,2,3,4
T4540,COc1ccc(C2(CNC(=O)[C@H](Cc3c[nH]c4ccccc34)NC(=O)Nc3ccc([N+](=O)[O-])cc3)CCCCC2)cc1,91827363,C32H35N5O5,569.6,6.1,141,905,4,5,9
T6001,CS(=O)(=O)O.Cc1c(O)cccc1C(=O)N[C@@H](CSc1ccccc1)[C@H](O)CN1C[C@H]2CCCC[C@H]2C[C@H]1C(=O)NC(C)(C)C,64142,C33H49N3O7S2,663.9,,190,922,5,9,10
T6003,CCc1cc(Nc2nccc(-c3c(-c4ccc(OC)c(C(=O)Nc5c(F)cccc5F)c4)nc4ccccn34)n2)c(OC)cc1N1CCC(N2CCN(S(C)(=O)=O)CC2)CC1,25124816,C44H47F2N9O5S,852.0,6.8,155,1530,2,14,12
T6004,COc1ccc(CC2NCCc3cc(OC)c(OC)cc32)cc1OC.Cl,16667431,C20H26ClNO4,379.9,,49,407,2,5,6
T6005,COC(=O)CC[C@H](NC(=O)[C@H](CC(=O)OC)NC(=O)OCc1ccccc1)C(=O)N[C@H](C(=O)N[C@@H](CC(=O)OC)C(=O)CF)C(C)C,16760394,C30H41FN4O12,668.7,0.9,222,1110,4,13,23
T6007,CC[C@H](NC(=O)[C@H](C)NC)C(=O)N1C[C@@H](O)C[C@H]1Cc1c(-c2[nH]c3cc(F)ccc3c2C[C@@H]2C[C@H](O)CN2C(=O)[C@H](CC)NC(=O)[C@H](C)NC)[nH]c2cc(F)ccc12,49836020,C42H56F2N8O6,806.9,3.3,195,1350,8,10,15
T6008,C=CC(=O)Nc1cccc(Nc2nc(Nc3ccc(NC4CN(CCF)C4)cc3OC)ncc2C(F)(F)F)c1,56968072,C26H27F4N7O2,545.5,4.8,103,801,4,12,11
T6010,CC(=O)[C@]1(O)Cc2c(O)c3c(c(O)c2[C@@H](O[C@H]2C[C@H](N)[C@H](O)[C@H](C)O2)C1)C(=O)c1ccccc1C3=O.Cl,636362,C26H28ClNO9,534.0,,177,912,6,10,3
T6011,CNC(=O)[C@H](Cc1ccccc1)NC(=O)[C@H](CC(C)C)[C@H](CSc1cccs1)C(=O)NO,5362422,C23H31N3O4S2,477.6,3.5,161,614,4,6,12
T6013,COC(=O)C[C@H](NC(=O)[C@H](C)NC(=O)[C@@H](NC(=O)OCc1ccccc1)C(C)C)C(=O)CF,5497174,C22H30FN3O7,467.5,1.9,140,695,3,8,14
T6014,CCn1c(=O)c(-c2ccc(-c3cncs3)cc2Cl)cc2cnc(Nc3ccc(N4CCN(C)CC4)cc3)nc21,70934541,C29H28ClN7OS,558.1,5.3,106,878,1,8,6
T6016,Cc1nnc(C(C)C)n1[C@H]1C[C@H]2CC[C@@H](C1)N2CC[C@H](NC(=O)C1CCC(F)(F)CC1)c1ccccc1,3002977,C29H41F2N5O,513.7,5.1,63.1,751,1,6,8
T6017,C[C@]1(O)C[C@@H](c2nc(-c3ccc4ccc(-c5ccccc5)nc4c3)c3c(N)nccn32)C1,11640390,C26H23N5O,421.5,4.2,89.3,663,2,5,3
T6019,CC[C@@H]1C(=O)N(C)c2cnc(Nc3ccc(C(=O)N[C@H]4CC[C@H](N5CCN(CC6CC6)CC5)CC4)cc3OC)nc2N1C(C)C,10461508,C34H50N8O3,618.8,4.6,106,996,2,9,10
T6021,CC(=O)N1c2ccc(-c3ccc(C(=O)O)cc3)cc2[C@H](Nc2ccc(Cl)cc2)C[C@@H]1C,52912222,C25H23ClN2O3,434.9,5.1,69.6,643,2,4,4
T6022,N[C@@]1(C(=O)O)CS(=O)(=O)[C@H]2[C@H](C(=O)O)[C@H]21,9834591,C7H9NO6S,235.22,-4.8,143,451,3,7,2
T6023,COc1ccc(C2=N[C@@H](c3ccc(Cl)cc3)[C@@H](c3ccc(Cl)cc3)N2C(=O)N2CCNC(=O)C2)c(OC(C)C)c1,11433190,C30H30Cl2N4O4,581.5,5.2,83.5,919,1,5,6
T6024,Cc1nc2ccc(-n3ncc(C(=O)c4cc5ccccc5[nH]4)c3N)cc2[nH]1,66555680,C20H16N6O,356.4,3.9,105,573,3,4,3
T6027,CC(C)C[C@H](NC(=O)[C@@H](NC(=O)c1cccc(-c2ccccc2)n1)[C@@H](C)O)B(O)O,24800541,C21H28BN3O5,413.3,,132,557,5,6,9
T6028,Cn1cc(-c2[nH]c3cc(NC(=O)[C@H](N)C4CCCCC4)cc4c3c2C=NNC4=O)cn1,135565545,C22H25N7O2,419.5,1.5,130,725,4,5,4
T6029,COc1ccc(C[C@H](NC(=O)[C@H](C)NC(=O)CN2CCOCC2)C(=O)N[C@@H](Cc2ccccc2)C(=O)[C@@]2(C)CO2)cc1,23642227,C31H40N4O7,580.7,1.9,139,928,3,8,14
T6030,Cc1c(C(=O)N2CCOc3ccc(-c4ccc(N)nc4)cc3C2)ccc(S(C)(=O)=O)c1F,59604787,C23H22FN3O4S,455.5,2.5,111,776,1,7,3
T6032,Cc1sc2c(c1C)C(c1ccc(Cl)cc1)=N[C@@H](CC(=O)Nc1ccc(O)cc1)c1nnc(C)n1-2,9936746,C25H22ClN5O2S,492.0,4.5,121,770,2,6,4
T6034,O=C(O)CSc1cc(NS(=O)(=O)c2ccc(Br)cc2)c2ccccc2c1O,992586,C18H14BrNO5S2,468.3,4.1,137,618,3,7,6
T6036,Cc1cc2c(F)c(Oc3ncnn4cc(OC[C@@H](C)O)c(C)c34)ccc2[nH]1,11234052,C19H19FN4O3,370.4,3,84.7,515,2,6,5
T6037,CC(C)C[C@H](NC(=O)[C@@H]1O[C@H]1C(=O)O)C(=O)NCCCCNC(=N)N,439487,C15H27N5O5,357.41,-0.9,172,518,5,6,11
T6039,CC(C)(O)CC(=O)NCCn1ccc2ncnc(Nc3ccc(Oc4cccc(C(F)(F)F)c4)c(Cl)c3)c21,11620908,C26H25ClF3N5O3,548.0,4.4,101,792,3,9,9
T6040,CCOC(=O)[C@H]1O[C@@H]1C(=O)N[C@@H](CC(C)C)C(=O)NCCC(C)C,65663,C17H30N2O5,342.4,2.3,97,450,2,5,11
T6041,COC[C@H](NC(=O)c1cnc(C)s1)C(=O)N[C@@H](COC)C(=O)N[C@@H](Cc1ccccc1)C(=O)[C@@]1(C)CO1,25067547,C25H32N4O7S,532.6,1.1,176,825,3,9,14
T6043,O=C(Nc1cccnc1)N1CCC(Cc2cccc(Oc3ccc(C(F)(F)F)cn3)c2)CC1,25154867,C24H23F3N4O2,456.5,4.4,67.4,627,1,7,5
T6044,CCOC(=O)[C@@H](N)Cc1ccc(-c2cc(O[C@H](c3ccc(Cl)cc3-n3ccc(C)n3)C(F)(F)F)nc(N)n2)cc1.O=C(O)CNC(=O)c1ccccc1,25253377,C36H35ClF3N7O6,754.2,,198,1020,4,14,13
T6045,CCC(=O)N1CCN(c2ccc(-n3c(=O)ccc4cnc5ccc(-c6cnc7ccccc7c6)cc5c43)cc2C(F)(F)F)CC1,49836027,C35H28F3N5O2,607.6,6,69.6,1110,0,8,4
T6047,CC(C)(C)Cn1c(N)nc2ccc(-c3[nH]c(C(C)(C)C)nc3-c3ccc(F)cc3)nc21.CS(=O)(=O)O.CS(=O)(=O)O,11570805,C26H37FN6O6S2,612.7,,211,701,4,11,5
T6048,CCC(CC)CC1(C(=O)Nc2ccccc2SC(=O)C(C)C)CCCCC1,6918540,C23H35NO2S,389.6,7.1,71.5,481,1,3,9
T6049,CC(C)(C)c1cnc(CSc2cnc(NC(=O)C3CCNCC3)s2)o1,3025986,C17H24N4O2S2,380.5,3,134,454,2,7,6
T6050,CNC(=O)c1ccc2cc(C3(O)CCn4cncc43)ccc2c1,9883029,C18H17N3O2,307.3,1.3,67.2,471,2,3,2
T6052,Cn1cc(C=C2C(=O)Nc3cccnc32)c2ccccc21,16219401,C17H13N3O,275.30,1.9,46.9,461,1,2,1
T6053,CC(C)OC(=O)C1=CN(C(=O)c2ccc(F)c(F)c2)CC(C)(C)c2c1[nH]c1ccccc21,10026128,C25H24F2N2O3,438.5,5.1,62.4,768,1,5,4
T6054,COc1cccc(Nc2c(C(N)=O)cnc3c(C)cc(S(=O)(=O)c4cccc(C(=O)N(C)C)c4)cc23)c1,9827968,C27H26N4O5S,518.6,3.8,140,922,2,7,7
T6055,Cn1cc(CNCC2CCN(c3ncc(C(=O)NO)cn3)CC2)c2ccccc21,11538455,C21H26N6O2,394.5,1.3,95.3,533,3,6,6
T6056,CCNC1=N[C@@H]2[C@@H](O)[C@H](O)[C@@H](CO)O[C@@H]2S1,135566354,C9H16N2O4S,248.30,-0.7,120,289,4,6,2
T6057,CN1CCN(Cc2ccc(-c3cnc4[nH]cc(-c5ccc6[nH]ccc6c5)c4c3)cc2)CC1,54764565,C27H27N5,421.5,4.3,51,611,2,3,4
T6058,NC1=N[C@@]2(c3cc(NC(=O)c4ccc(F)cn4)ccc3F)COC[C@H]2CS1,49837968,C18H16F2N4O2S,390.4,1.5,115,610,2,7,3
T6059,CCCc1cc(C)[nH]c(=O)c1CNC(=O)c1cc(-c2ccnc(N3CCN(C)CC3)c2)cc2c1cnn2C(C)C,71268957,C31H39N7O2,541.7,4,95.4,986,2,6,8
T6061,Cc1cc(C)cc(C(=O)NOCCCCCC(=O)NO)c1,71520717,C15H22N2O4,294.35,1.8,87.7,326,3,4,8
T6063,C[C@H](NC(=O)[C@@H](O)c1cc(F)cc(F)c1)C(=O)N[C@@H]1C(=O)N(C)c2ccccc2-c2ccccc21,10435235,C26H23F2N3O4,479.5,3,98.7,789,3,6,5
T6064,NC(=O)c1noc([C@H](CCCC2CCCCC2)CC(=O)NO)n1,9818682,C15H24N4O4,324.38,2.4,131,401,3,6,8
T6065,CN1N=C(N)c2cn([C@@H]3O[C@H](CO)[C@@H](O)[C@H]3O)c3ncnc1c23,65399,C13H16N6O4,320.30,-1.6,142,507,4,8,2
T6066,O=C(Nc1ccc2[nH]nc(-c3ccncc3)c2c1)[C@@H]1CCN(CC(=O)N2CCN(c3ccc(-c4ncccn4)cc3)CC2)C1,24866313,C33H33N9O2,587.7,2.5,123,957,2,8,7
T6067,Cc1cc(Cn2cnc3c2C[C@@H](C(=O)O)N(C(=O)C(c2ccccc2)c2ccccc2)C3)ccc1N(C)C,5311345,C31H32N4O3,508.6,4.4,78.7,791,1,5,7
T6068,O=C(O)[C@]1(Cc2cccc(Nc3nccs3)n2)CC[C@@H](Oc2cccc(Cl)c2F)CC1,24748204,C22H21ClFN3O3S,461.9,5.4,113,611,2,8,7
T6069,Cl.Nc1ccn([C@@H]2O[C@H](CO)[C@@H](O)C2(F)F)c(=O)n1,60749,C9H12ClF2N3O4,299.66,,108,426,4,6,2
T6073,N[C@H]1C[C@@H]1c1ccc(-c2cccc(O)c2)cc1,56639570,C15H15NO,225.28,2.5,46.3,260,2,2,2
T6076,O=C(NC[C@H](O)CN1CCc2ccccc2C1)c1cc(NC2COC2)ncn1,90241673,C20H25N5O3,383.4,0.8,99.6,518,3,7,7
T6077,COc1cc2c(Nc3ccc(NC(=O)c4ccccc4)cc3)ncnc2cc1OCCCN1CCOCC1,9914412,C29H31N5O4,513.6,4.2,97.8,709,2,8,10
T6078,CN1CCN(CCOc2cc(OC3CCOCC3)c3c(Nc4c(Cl)ccc5c4OCO5)ncnc3c2)CC1,10302451,C27H32ClN5O5,542.0,4.1,90.4,743,1,10,8
T6080,Nc1ncnc2c1c(-c1cccc(OCc3ccccc3)c1)cn2[C@H]1C[C@@H](CN2CCC2)C1,11476171,C27H29N5O,439.6,4.2,69.2,632,1,5,7
T6081,CNC(=O)c1nn(C)c2c1C(C)(C)Cc1cnc(Nc3ccc(N4CCN(C)CC4)cc3)nc1-2,16718576,C25H32N8O,460.6,2.8,91.2,718,2,7,4
T6082,COc1c(C)c(C(=O)c2ccc(N)c(C(=O)[O-])c2)n2ccccc12.[Na+],68853159,C18H15N2NaO4,346.3,,96.9,503,1,5,4
T6083,Cc1cc(C(=O)NOCCO)c(Nc2ccc(I)cc2F)n(C)c1=O,16666708,C16H17FIN3O4,461.23,2.2,90.9,596,3,6,6
T6084,Cc1cnc(NC(=O)Nc2cc(Br)c(C)cc2OC[C@@H]2CNCCO2)cn1,11955855,C18H22BrN5O3,436.3,1.4,97.4,486,3,6,5
T6085,Cc1cc(CS(=O)(=O)c2ccccc2)cc(OCc2ccc(CN3CCC[C@@H]3CO)cc2)c1,66577038,C27H31NO4S,465.6,4.2,75.2,679,1,5,9
T6086,C[C@@H]1CCC[C@H](C)N1NC(=O)c1ccc(Cl)c(S(N)(=O)=O)c1,12492,C14H20ClN3O3S,345.8,2.3,101,498,2,5,3
T6087,Cc1cc([C@@H](C)Nc2ccccc2C(=O)O)c2nc(N3CCOCC3)cc(=O)n2c1,44137675,C22H24N4O4,408.4,2,94.5,838,2,7,5
T6088,CCCCCOc1ccc(-c2ccc(-c3ccc(C(=O)N[C@H]4C[C@@H](O)[C@@H](O)NC(=O)[C@@H]5[C@@H](O)[C@@H](C)CN5C(=O)[C@H]([C@@H](C)O)NC(=O)[C@H]([C@H](O)[C@@H](O)c5ccc(O)cc5)NC(=O)[C@@H]5C[C@@H](O)CN5C(=O)[C@H]([C@@H](C)O)NC4=O)cc3)cc2)cc1,166548,C58H73N7O17,1140.2,2.3,377,2150,14,17,14
T6089,O=c1ncn2nc(Sc3ccc(F)cc3F)ccc2c1-c1c(Cl)cccc1Cl,3038525,C19H9Cl2F2N3OS,436.3,5.1,70.3,762,0,5,3
T6090,CCO[C@@H]1OC(=O)C[C@@H]1NC(=O)[C@@H]1CCCN1C(=O)[C@@H](NC(=O)c1ccc(N)c(Cl)c1)C(C)(C)C,11398092,C24H33ClN4O6,509.0,2.3,140,818,3,7,8
T6091,COCCOc1ccc2c(c1)ncn2-c1ccc2cccc(N3CCC(N)CC3)c2n1,10158940,C24H27N5O2,417.5,3.3,78.4,572,1,6,6
T6092,CNC(=O)CN1CCC(Oc2cc3c(Nc4cccc(Cl)c4F)ncnc3cc2OC)CC1,11488320,C23H25ClFN5O3,473.9,4,88.6,641,2,8,7
T6093,NC(=O)Nc1cc(-c2cccc(F)c2)sc1C(=O)N[C@H]1CCCNC1,11152667,C17H19FN4O2S,362.4,2.3,124,495,4,5,4
T6094,CN(C[C@@H]1COCCO1)S(=O)(=O)Nc1ccc2ccc3ncc(-c4cnn(C)c4)cc3c(=O)c2c1,44137946,C24H25N5O5S,495.6,1.2,124,895,1,9,6
T6095,Cn1cc(-c2ccc3nnc(C(F)(F)c4ccc5ncccc5c4)n3n2)cn1,46911863,C19H13F2N7,377.3,2.1,73.8,564,0,7,3
T6096,O=[N+]([O-])c1cn2c(n1)OC[C@@H](OCc1ccc(OC(F)(F)F)cc1)C2,456199,C14H12F3N3O5,359.26,2.8,91.3,468,0,9,4
T6098,C[C@H]1CO[C@@H]2Cn3cc(C(=O)NCc4ccc(F)cc4F)c(=O)c(O)c3C(=O)N12,54713659,C19H17F2N3O5,405.4,2.1,99.2,814,2,8,3
T6099,CN(C)c1cccc(-c2c3c(=O)n(-c4ccccc4Cl)[nH]c3cc(=O)n2C)c1,58496428,C21H19ClN4O2,394.9,3.2,55.9,732,1,4,3
T6100,Nc1ccc(-c2ccc3ncc4ccc(=O)n(-c5cccc(C(F)(F)F)c5)c4c3c2)cn1,51358113,C24H15F3N4O,432.4,4.4,72.1,729,1,7,2
T6101,c1cn2cc(-c3ccc4cn[nH]c4c3)nc(Nc3ccc(N4CCOCC4)cc3)c2n1,59473233,C23H21N7O,411.5,3.6,83.4,594,2,6,4
T6103,Cc1nc2c(-c3cnc(N)nc3)nc(N3CCOCC3)nc2n1C(C)C,46912230,C17H22N8O,354.4,0.8,108,466,1,8,3
T6104,CCS(=O)(=O)N1CCN(c2ccc(Nc3ncc(C(N)=O)c(NC4CC4)n3)cc2)CC1.Cl,56960607,C20H28ClN7O3S,482.0,,142,711,4,9,8
T6107,Cc1cc(C(=O)CN2CCCC2)c(C)n1-c1ccc(F)cc1,675434,C18H21FN2O,300.4,3.5,25.2,389,0,3,4
T6108,Cc1noc(-c2ccc(CSCCC(=O)O)cc2)c1NC(=O)OC(C)c1ccccc1Cl,10367662,C23H23ClN2O5S,475.0,4.5,127,619,2,7,10
T6109,CCN(CC)CCN(Cc1ccc(-c2ccc(C(F)(F)F)cc2)cc1)C(=O)Cn1c(SCc2ccc(F)cc2)nc(=O)c2c1CCC2,9939609,C36H38F4N4O2S,666.8,7,81.5,1120,0,8,13
T6110,Nc1ccc(C(=O)Nc2cccc(-c3nc(N4CCOCC4)c4oc5ncccc5c4n3)c2)cn1,9956222,C25H21N7O3,467.5,2.5,132,738,2,9,4
T6111,NC(=O)C1CCCc2c1[nH]c1ccc(Cl)cc21,5113032,C13H13ClN2O,248.71,2.5,58.9,323,2,1,1
T6115,COc1cc(Nc2ncc(F)c(Nc3ccc4c(n3)N(COP(=O)(O)O)C(=O)C(C)(C)O4)n2)cc(OC)c1OC,11671467,C23H26FN6O9P,580.5,1.6,187,904,4,15,10
T6117,O=C1NC(=O)[C@@H](c2cn3c4c(cccc24)CCC3)[C@@H]1c1c[nH]c2ccccc12,11494412,C23H19N3O2,369.4,2.9,66.9,666,2,2,2
T6118,COc1cccc(-c2cc(F)ccc2[C@H]2Cc3nc(N)nc(C)c3C(=O)N2)n1,46216556,C20H18FN5O2,379.4,2.1,103,567,2,7,3
T6119,CNC(=O)c1cc(Oc2ccc3nc(N[C@@H]4CCCC[C@H]4O)sc3c2)ccn1,46184986,C20H22N4O3S,398.5,3.4,125,540,3,7,5
T6125,CC(C)[C@H](O)C(=O)N[C@@H](C)C(=O)N[C@@H]1C(=O)N(C)CCc2ccccc21,9843750,C19H27N3O4,361.4,1.3,98.7,537,3,4,5
T6126,Nc1nc(Nc2ccc(S(N)(=O)=O)cc2)nn1C(=O)c1c(F)cccc1F,5330790,C15H12F2N6O3S,394.4,2.4,154,630,3,10,4
T6129,CCn1cc(-c2ccnc3[nH]c(-c4cccc(CN(C)C)c4)cc23)c(-c2ccc(NC(=O)N(C)C)cc2)n1,46885626,C30H33N7O,507.6,3.9,82.1,770,2,4,7
T6130,O=C1c2ccc(Nc3ccc(F)cc3F)cc2CCc2ccc(OC[C@H](O)CO)cc21,45279963,C24H21F2NO4,425.4,4.1,78.8,608,3,7,6
T6131,O=C(NC[C@H](O)CO)c1ccncc1Nc1ccc(I)cc1F,44187362,C15H15FIN3O3,431.20,1.7,94.5,391,4,6,6
T6134,Br.Br.NCCCCCNCC12CC3CC(CC(C3)C1)C2,9887867,C16H32Br2N2,412.2,,38.1,233,4,2,7
T6135,C[C@H](NC(=O)Cc1cc(F)cc(F)c1)C(=O)N[C@@H]1C(=O)N(C)c2ccccc2-c2ccccc21,11454028,C26H23F2N3O3,463.5,3.6,78.5,756,2,5,5
T6136,C=CC(=O)Nc1cc2c(Nc3ccc(F)c(Cl)c3)ncnc2cc1OCCCN1CCOCC1,156414,C24H25ClFN5O3,485.9,3.9,88.6,671,2,8,9
T6137,CCCNC(=O)Nc1ccc(Oc2ncnc3cc(OC)c(OC)cc23)cc1Cl,9549295,C20H21ClN4O4,416.9,3.9,94.6,529,2,6,7
T6138,COc1ccc(C(=O)Nc2sc3c(c2C(N)=O)CCCC3)cc1OC,1048845,C18H20N2O4S,360.4,3.4,119,503,2,5,5
T6139,Cc1n[nH]c2ccc(-c3cncc(OC[C@@H](N)Cc4ccccc4)c3)cc12,11314340,C22H22N4O,358.4,3.6,76.8,456,2,4,6
T6140,Cc1nc2ccc(NC(=O)Nc3ccnc4cccnc34)cc2o1,6604926,C17H13N5O2,319.32,2,92.9,462,2,5,2
T6141,O=C(Nc1cc(C(F)(F)F)cc(C(F)(F)F)c1)c1cc(Cl)ccc1O,5081913,C15H8ClF6NO2,383.67,6.2,49.3,462,2,8,2
T6143,Oc1cccc(-c2nc(N3CCOCC3)c3oc4ncccc4c3n2)c1,9884685,C19H16N4O3,348.4,2.7,84.5,489,1,7,2
T6146,Cl.Cl.c1cc(-c2cnn3cc(-c4ccc(OCCN5CCCCC5)cc4)cnc23)ccn1,49761481,C24H27Cl2N5O,472.4,,55.6,514,2,5,6
T6149,CCOC(=O)c1[nH]c2cc(Cl)ccc2c1C(C(=O)NC(C)(C)C)N(C=O)Cc1ccc(Cl)cc1,56943013,C25H27Cl2N3O4,504.4,5.2,91.5,723,2,4,9
T6150,CCc1nc(-c2cccc(C)c2)c(-c2ccnc(NC(=O)c3ccccc3)c2)s1,9952773,C24H21N3OS,399.5,5.6,83.1,538,1,4,5
T6151,Cc1cc(SCc2sc(-c3ccc(C(F)(F)F)cc3)nc2C)ccc1OCC(=O)O,9803963,C21H18F3NO3S2,453.5,5.9,113,572,1,9,7
T6152,O=C(NOCC(O)CO)c1cc(Br)c(F)c(F)c1Nc1ccc(I)cc1F,10231331,C16H13BrF3IN2O4,561.09,3.7,90.8,499,4,8,7
T6157,O=C(O)CCCCC(CCSCc1ccccc1)SCc1ccccc1,24770514,C22H28O2S2,388.6,5.5,87.9,363,1,4,13
T6158,Cl.c1ccc2c(-c3cnn4cc(-c5ccc(N6CCNCC6)cc5)cnc34)ccnc2c1,54613581,C25H23ClN6,442.9,,58.4,587,2,5,3
T6160,O=C(Nc1ccc(S(=O)(=O)Nc2ccccc2Cl)c(Cl)c1)c1ccccn1,46934289,C18H13Cl2N3O3S,422.3,3.8,96.5,613,2,5,5
T6161,CN1CCc2c(c3ccccc3n2Cc2ccc(C(=O)NO)cc2)C1.Cl,57336514,C20H22ClN3O2,371.9,,57.5,478,3,3,3
T6162,CC(C)c1cnn2c(NCc3ccccc3)cc(NCCCCCCN)nc12.Cl,49867928,C22H33ClN6,417.0,,80.3,425,4,5,11
T6166,CNC(=O)c1cc(COc2nnc(Nc3ccc(Cl)cc3)c3ccoc23)ccn1,9808844,C20H16ClN5O3,409.8,3.1,102,548,2,7,6
T6168,FC(F)c1nc2ccccc2n1-c1nc(N2CCOCC2)nc(N2CCOCC2)n1,11647372,C19H21F2N7O2,417.4,2.3,81.4,539,0,10,4
T6170,CN(NC(=O)CC(=O)NN(C)C(=S)c1ccccc1)C(=S)c1ccccc1,300471,C19H20N4O2S2,400.5,2.9,129,510,2,4,4
T6171,CC(C)CCN1c2nc(Nc3cc(F)c(O)c(F)c3)ncc2N(C)C(=O)C1C,25023738,C19H23F2N5O2,391.4,3.6,81.6,542,2,8,5
T6172,S=C=Nc1cccc(NC(=S)NCCCCNC(=S)Nc2cccc(N=C=S)c2)c1,16078986,C20H20N6S4,472.7,6.3,201,604,4,6,9
T6173,CC[C@@H]1C(=O)N(C)c2cnc(Nc3ccc(C(=O)NC4CCN(C)CC4)cc3OC)nc2N1C1CCCC1,11364421,C28H39N7O3,521.7,3.7,103,816,2,8,7
T6174,COc1cc(Nc2ncc(F)c(Nc3ccc4c(n3)NC(=O)C(C)(C)O4)n2)cc(OC)c1OC.O=S(=O)(O)c1ccccc1,11984591,C28H29FN6O8S,628.6,,192,874,4,14,8
T6175,CCN(CC)C(=O)c1ccc(C2=CC3(CCNCC3)Oc3cccc(O)c32)cc1.Cl,46931003,C24H29ClN2O3,428.9,,61.8,601,3,4,4
T6176,O=C(c1ccc(Nc2nccc(-c3cc4ccccc4s3)n2)cc1)N1CCC(N2CCCC2)CC1,9549298,C28H29N5OS,483.6,5.3,89.6,701,1,6,5
T6177,CN(c1ncccc1CNc1nc(Nc2ccc3c(c2)CC(=O)N3)ncc1C(F)(F)F)S(C)(=O)=O.O=S(=O)(O)c1ccccc1,16118986,C27H26F3N7O6S2,665.7,,200,1040,4,15,8
T6178,Br.COc1cc(Br)c(Nc2nc(-c3c(C)nc4ncccn34)cs2)c(Br)c1,76458124,C17H14Br3N5OS,576.1,,92.6,480,2,6,4
T6179,CO[C@@]1(NC(=O)C(C(=O)[O-])c2ccc(O)cc2)C(=O)N2C(C(=O)[O-])=C(CSc3nnnn3C)CO[C@@H]21.[Na+].[Na+],441242,C20H18N6Na2O9S,564.4,,237,947,2,13,7
T6180,Cc1cc(C)c(-c2csc(NC(=O)c3ccccc3)n2)c(C)c1,7918451,C19H18N2OS,322.4,4.9,70.2,398,1,3,3
T6181,O=C(COc1cccc2c(=O)[nH]ccc12)c1ccccc1,25015515,C17H13NO3,279.29,2.7,55.4,426,1,3,4
T6182,CCCCS(=O)(=O)N[C@@H](Cc1ccc(OCCCCC2CCNCC2)cc1)C(=O)O,60947,C22H36N2O5S,440.6,1.4,113,579,3,7,14
T6183,O=C(COc1ccc(Cl)cc1)N[C@H]1CC[C@H](NC(=O)COc2ccc(Cl)cc2)CC1,1011240,C22H24Cl2N2O4,451.3,4.8,76.7,493,2,4,8
T6186,Clc1ccccc1C(c1ccccc1)(c1ccccc1)n1cccn1,656734,C22H17ClN2,344.8,5.6,17.8,396,0,1,4
T6187,Cn1sc(=O)n(Cc2ccccc2)c1=O,4124851,C10H10N2O2S,222.27,1.5,65.9,277,0,3,2
T6188,CN(C)CC(c1ccc(O)cc1)C1(O)CCCCC1.O.O=C(O)CCC(=O)O,6918664,C20H33NO7,399.5,,119,359,5,8,7
T6189,O=C(NOC[C@H](O)CO)c1ccc(F)c(F)c1Nc1ccc(I)cc1F,9826528,C16H14F3IN2O4,482.19,3,90.8,465,4,8,7
T6190,CCC[C@H](NC(=O)[C@@H]1[C@H]2CCC[C@H]2CN1C(=O)[C@@H](NC(=O)[C@@H](NC(=O)c1cnccn1)C1CCCCC1)C(C)(C)C)C(=O)C(=O)NC1CC1,3010818,C36H53N7O6,679.8,4.2,180,1240,4,8,14
T6191,O=C(NS(=O)(=O)c1ccc(Br)s1)c1ccc(Cl)cc1Cl,10160238,C11H6BrCl2NO3S2,415.1,4.6,99.9,471,1,4,3
T6196,Cc1ccc(-c2nn(C(C)(C)C)c3ncnc(N)c23)cc1,1400,C16H19N5,281.36,2.8,69.6,358,1,4,2
T6197,CN(C)CC(=O)Nc1ccc2[nH]c(=O)c3ccccc3c2c1,4858,C17H17N3O2,295.34,1.7,61.4,438,2,3,3
T6198,C[C@@H]1CCO[C@H]2Cn3cc(C(=O)NCc4ccc(F)cc4F)c(=O)c(O)c3C(=O)N12,54726191,C20H19F2N3O5,419.4,2.4,99.2,829,2,8,3
T6199,CN(C)C(=O)c1cc2cnc(Nc3ccc(N4CCNCC4)cn3)nc2n1C1CCCC1,44631912,C23H30N8O,434.5,2.2,91.2,635,2,7,5
T6200,COC(=O)N[C@H](C(=O)N1CC2(CC2)C[C@H]1c1ncc(-c2ccc3c(c2)C(F)(F)c2cc(-c4ccc5nc([C@@H]6[C@H]7CC[C@H](C7)N6C(=O)[C@@H](NC(=O)OC)C(C)C)[nH]c5c4)ccc2-3)[nH]1)C(C)C,67505836,C49H54F2N8O6,889.0,7.4,175,1820,4,10,12
T6202,C[C@H](NC(=O)Cc1cc(F)cc(F)c1)C(=O)N[C@H](C(=O)OC(C)(C)C)c1ccccc1,5311272,C23H26F2N2O4,432.5,3.7,84.5,622,2,6,9
T6204,Nc1ccc2ncnc(NCCc3ccc(Oc4ccccc4)cc3)c2c1,509554,C22H20N4O,356.4,4.7,73.1,434,2,5,6
T6205,O=C(NC1CCNCC1)c1[nH]ncc1NC(=O)c1c(Cl)cccc1Cl,11338033,C16H17Cl2N5O2,382.2,2.6,98.9,479,4,4,4
T6206,O=C1NCCc2[nH]c(-c3ccncc3)cc21,11715767,C12H11N3O,213.23,0.6,57.8,275,2,2,1
T6207,O=C(NNc1nc2cc(F)ccc2n2cccc12)c1cnccn1,400169,C16H11FN6O,322.30,2.6,84.2,466,2,6,3
T6209,O=C(O)c1cc(I)ccc1NC(=O)[C@H](Cc1ccccc1)NCc1ccccc1,73427517,C23H21IN2O3,500.3,2.6,78.4,532,3,4,8
T6211,CC[C@@H]([C@H](C)O)n1ncn(-c2ccc(N3CCN(c4ccc(OC[C@@H]5CO[C@@](Cn6cncn6)(c6ccc(F)cc6F)C5)cc4)CC3)cc2)c1=O,468595,C37H42F2N8O4,700.8,4.6,112,1170,1,11,12
T6213,CCC1=C[C@@H]2CN(C1)Cc1c([nH]c3ccccc13)[C@@](C(=O)OC)(c1cc3c(cc1OC)N(C)[C@H]1[C@@](O)(C(=O)OC)[C@H](OC(C)=O)[C@]4(CC)C=CCN5CC[C@]31[C@@H]54)C2.O=C(O)[C@H](O)[C@@H](O)C(=O)O.O=C(O)[C@H](O)[C@@H](O)C(=O)O,11607738,C53H66N4O20,1079.1,,364,1820,10,23,16
T6214,Nc1nc(=O)n([C@@H]2CS[C@H](CO)O2)cc1F,60877,C8H10FN3O3S,247.25,-0.6,113,374,2,5,2
T6215,CC(=O)O[C@H]1CC[C@@]2(C)C(=CC[C@@H]3[C@@H]2CC[C@]2(C)C(c4cccnc4)=CC[C@@H]32)C1,9821849,C26H33NO2,391.5,5.2,39.2,739,0,3,3
T6216,C[C@]12CC[C@H](O)CC1=CC[C@@H]1[C@@H]2CC[C@]2(C)C(c3cccnc3)=CC[C@@H]12,132971,C24H31NO,349.5,4.6,33.1,636,1,2,1
T6219,CCOc1nc2cccc(C(=O)OCc3oc(=O)oc3C)c2n1Cc1ccc(-c2ccccc2-c2nc(=O)o[nH]2)cc1,135409642,C30H24N4O8,568.5,4.9,140,1100,1,10,10
T6222,COc1ccccc1S(=O)(=O)Nc1ccc2c(c1)CN(C)C(=O)N2,71271629,C16H17N3O4S,347.4,1.2,96.1,562,2,5,4
T6224,NC(=O)c1ccc(I)c([N+](=O)[O-])c1,9796068,C7H5IN2O3,292.03,1.3,88.9,228,1,3,1
T6225,Cl.Nc1ncnc2[nH]cnc12,76219,C5H6ClN5,171.59,,80.5,127,3,4,0
T6226,Nc1nc(=O)c2c(CCc3ccc(C(=O)N[C@@H](CCC(=O)[O-])C(=O)[O-])cc3)c[nH]c2[nH]1.Nc1nc(=O)c2c(CCc3ccc(C(=O)N[C@@H](CCC(=O)[O-])C(=O)[O-])cc3)c[nH]c2[nH]1.O.O.O.O.O.[Na+].[Na+].[Na+].[Na+],135564527,C40H48N10Na4O17,1032.8,,390,737,13,19,14
T6227,COC(=O)C1=C(C)NC(C)=C(C(=O)O[C@@H]2CCCN(Cc3ccccc3)C2)[C@@H]1c1cccc([N+](=O)[O-])c1.Cl,656667,C28H32ClN3O6,542.0,,114,933,2,8,8
T6228,CCc1c2c(nc3ccc(OC(=O)N4CCC(N5CCCCC5)CC4)cc13)-c1cc3c(c(=O)n1C2)COC(=O)[C@]3(O)CC,60838,C33H38N4O6,586.7,3,113,1200,1,8,5
T6229,COC(=O)N[C@H](C(=O)N1CCC[C@H]1c1ncc(-c2ccc(-c3ccc(-c4cnc([C@@H]5CCCN5C(=O)[C@@H](NC(=O)OC)C(C)C)[nH]4)cc3)cc2)[nH]1)C(C)C,25154714,C40H50N8O6,738.9,5.1,175,1190,4,8,13
T6230,Cc1ccc(NC(=O)c2ccc(CN3CCN(C)CC3)cc2)cc1Nc1nccc(-c2cccnc2)n1,5291,C29H31N7O,493.6,3.5,86.3,706,2,7,7
T6231,C[C@@H](O)[C@H]1C(=O)N2C(C(=O)OCOC(=O)C(C)(C)C)=C(SC3CN(C4=NCCS4)C3)[C@H](C)[C@H]12,9892071,C22H31N3O6S2,497.6,2.3,159,908,1,9,10
T6233,Nc1ccccc1NC(=O)c1ccc(CNC(=O)OCc2cccnc2)cc1,4261,C21H20N4O3,376.4,2,106,508,3,5,7
T6234,Cl.Nc1c(Br)cc(Br)cc1CN[C@H]1CC[C@H](O)CC1,108013,C13H19Br2ClN2O,414.56,,58.3,259,4,3,3
T6235,CS(=O)(=O)CCNCc1ccc(-c2ccc3ncnc(Nc4ccc(OCc5cccc(F)c5)c(Cl)c4)c3c2)o1.Cc1ccc(S(=O)(=O)O)cc1.Cc1ccc(S(=O)(=O)O)cc1,9941095,C43H42ClFN4O10S3,925.5,,240,1100,4,15,13
T6238,C=CC(=O)Nc1cccc(Oc2nc(Nc3ccc(N4CCN(C)CC4)cc3OC)ncc2Cl)c1,44607530,C25H27ClN6O3,495.0,4.2,91.9,694,2,8,8
T6239,CC(=O)c1c(C)c2cnc(Nc3ccc(N4CCNCC4)cn3)nc2n(C2CCCC2)c1=O.Cl,11431660,C24H30ClN7O2,484.0,,103,775,3,8,5
T6240,CC(=O)c1c(C)c2cnc(Nc3ccc(N4CCNCC4)cn3)nc2n(C2CCCC2)c1=O.O=S(=O)(O)CCO,11478676,C26H35N7O6S,573.7,,186,892,4,12,7
T6243,COc1ccc2c(c1)CC[C@@H]1[C@@H]2CC[C@]2(C)[C@@H](NCCCCCCN3C(=O)C=CC3=O)CC[C@@H]12,104794,C29H40N2O3,464.6,4,58.6,763,1,4,9
T6244,Nc1ccn(C[C@@H](CO)OCP(=O)(O)O)c(=O)n1,60613,C8H14N3O6P,279.19,-3.6,146,417,4,6,6
T6245,CC(=O)OCOC(=O)CN(CC(=O)OCOC(C)=O)c1ccccc1OCCOc1ccccc1N(CC(=O)OCOC(C)=O)CC(=O)OCOC(C)=O,2293,C34H40N2O18,764.7,3.4,235,1100,0,20,31
T6246,CC(C)c1nc(CN(C)C(=O)N[C@@H](CCN2CCOCC2)C(=O)N[C@H](CC[C@H](Cc2ccccc2)NC(=O)OCc2cncs2)Cc2ccccc2)cs1,25151504,C40H53N7O5S2,776.0,5.7,195,1120,3,10,20
T6247,CN1CCN(c2ccc(OC(F)(F)F)c(Nc3ncc4c(n3)-c3c(c(C(N)=O)nn3CCO)CC4)c2)CC1,49792852,C24H27F3N8O3,532.5,2,135,817,3,12,7
T6248,CC[C@@H](C)Nc1cc(C(=O)N[C@H]2C[C@H]3CC[C@@H](C2)N3c2ccc(C(=O)C3CC3)cn2)c(C)cc1C(N)=O,60147023,C29H37N5O3,503.6,4.7,117,848,3,6,9
T6249,NC(=O)[C@@H](CCC(F)(F)F)N(Cc1ccc(-c2ncon2)cc1F)S(=O)(=O)c1ccc(Cl)cc1,46883536,C20H17ClF4N4O4S,520.9,4,128,792,1,11,9
T6251,COc1ccc(-c2cc3c(C)nc(N)nc3n([C@H]3CC[C@H](OCCO)CC3)c2=O)cn1,25033539,C22H27N5O4,425.5,1.6,124,654,2,8,6
T6253,Cn1ncnc1[C@H]1C2=c3c(cc(F)cc3=N[C@@H]1c1ccc(F)cc1)C(=O)NN2,135565082,C19H14F2N6O,380.4,2.3,84.2,654,2,7,2
T6255,CCOC(=O)Nc1cc(-c2ccc(C)c(NS(C)(=O)=O)c2)nn2c(C)nnc12,72943187,C17H20N6O4S,404.4,1.1,136,657,2,8,6
T6256,Cc1ccc(NC(=O)C(=O)NC2CC(C)(C)NC(C)(C)C2)cc1,3107635,C18H27N3O2,317.4,2.5,70.2,435,3,3,2
T6257,COc1cc(N2CCN(C)CC2)ccc1Nc1nccc(-c2cn(C)c3cnccc23)n1,72716071,C24H27N7O,429.5,2.7,71.3,601,1,7,5
T6258,COc1nc(C)cnc1NS(=O)(=O)c1cccnc1-c1ccc(-c2nnco2)cc1,9910224,C19H16N6O4S,424.4,1.4,141,654,1,10,6
T6259,C[C@]12N[C@H](Cc3ccccc31)c1ccccc12,180081,C16H15N,221.30,2.8,12,313,1,1,0
T6260,COc1ccc2c(OCc3nnc4ccc(-c5ccccc5)nn34)ccnc2c1,24864821,C22H17N5O2,383.4,3.1,74.4,531,0,6,5
T6261,COc1cc2ncnc(-n3nc(-c4ccccn4)nc3N)c2cc1OC,44551660,C17H15N7O2,349.3,1.8,114,470,1,8,4
T6262,Cc1cc(C)c2c(c1)[C@@H](N(Cc1cc(C(F)(F)F)cc(C(F)(F)F)c1)c1nnn(C)n1)CCCN2C[C@H]1CC[C@H](C(=O)O)CC1,49836058,C31H36F6N6O2,638.6,7.7,87.4,973,1,13,7
T6264,COc1ccccc1Oc1c(NS(=O)(=O)c2ccc(C(C)(C)C)cc2)nc(-c2ncccn2)nc1OCCO,104865,C27H29N5O6S,551.6,3.8,154,839,2,11,11
T6265,COc1ccccc1Oc1c(NS(=O)(=O)c2ccc(C(C)(C)C)cc2)nc(-c2ncccn2)nc1OCCO.O,185462,C27H31N5O7S,569.6,,155,839,3,12,11
T6266,CC(C)(C)n1nc(-c2ccc(Cl)cc2)c2c(N)ncnc21,4878,C15H16ClN5,301.77,3,69.6,364,1,4,2
T6267,O=C(NC1CCN(CCCCC2(C(=O)NCC(F)(F)F)c3ccccc3-c3ccccc32)CC1)c1ccccc1-c1ccc(C(F)(F)F)cc1,9853053,C39H37F6N3O2,693.7,8.6,61.4,1110,2,9,10
T6269,Nc1nc(Nc2ccc3c(c2)CC[C@@H](N2CCCC2)CC3)nn1-c1cc2c(nn1)-c1ccccc1CCC2,46215462,C30H34N8,506.6,5.5,97.8,775,2,7,4
T6271,Cn1cncc1[C@@](N)(c1ccc(Cl)cc1)c1ccc2c(c1)c(-c1cccc(Cl)c1)cc(=O)n2C,159324,C27H22Cl2N4O,489.4,4.1,64.2,785,1,3,4
T6273,Cc1ccc2c(=O)c3cccc(CC(=O)O)c3oc2c1C,123964,C17H14O4,282.29,3.2,63.6,433,1,4,2
T6274,CC(C)(C(=O)NCC(F)(F)C(F)(F)F)C(=O)N[C@@H]1C(=O)Nc2ccccc2-c2ccccc21,49867930,C22H20F5N3O3,469.4,4.6,87.3,771,3,8,5
T6275,COC1=CC(c2cc3ccccc3[nH]2)=NC1=Cc1[nH]c(C)cc1C.CS(=O)(=O)O,70700268,C21H23N3O4S,413.5,,112,869,3,6,2
T6276,O=c1cc(N2CCOCC2)oc2c(-c3cccc4c3sc3ccccc34)cccc12,11327430,C25H19NO3S,413.5,5.5,67,690,0,5,2
T6277,Cc1ccc(-n2nc(C(C)(C)C)cc2NC(=O)Nc2ccc(OCCN3CCOCC3)c3ccccc23)cc1,156422,C31H37N5O3,527.7,5.7,80.7,777,2,5,8
T6278,CN1CCN(c2nc(C3=C(c4c[nH]c5ccccc45)C(=O)NC3=O)c3ccccc3n2)CC1,10296883,C25H22N6O2,438.5,2.6,94.2,822,2,6,3
T6280,Cn1cc(C2=C(c3cn(C4CCN(Cc5ccccn5)CC4)c4ccccc34)C(=O)NC2=O)c2ccccc21,176167,C32H29N5O2,515.6,3.7,72.2,974,1,4,5
T6281,CC(C)c1ccccc1Cc1cc(C(=O)Nc2ccc(S(=O)(=O)c3ccccc3C(C)(C)C)cc2)c(O)c(O)c1O,11455910,C33H35NO6S,573.7,7.8,132,963,4,6,8
T6282,C[C@@H](Oc1cc(-n2cnc3ccc(CN4CCN(C)CC4)cc32)sc1C(N)=O)c1ccccc1C(F)(F)F,15983966,C27H28F3N5O2S,543.6,4.7,105,814,1,9,7
T6283,COC[C@H]1OC(=O)c2coc3c2[C@@]1(C)C1=C(C3=O)[C@@H]2CCC(=O)[C@@]2(C)C[C@H]1OC(C)=O,312145,C23H24O8,428.4,1.2,109,921,0,8,4
T6284,CC(C)c1cc(C(=O)N2Cc3ccc(CN4CCN(C)CC4)cc3C2)c(O)cc1O,11955716,C24H31N3O3,409.5,3.1,67.3,592,2,5,4
T6287,COc1cc2c(cc1OC)CN(CCc1ccc(NC(=O)c3cc(OC)c(OC)cc3NC(=O)c3cnc4ccccc4c3)cc1)CC2,148201,C38H38N4O6,646.7,6.1,111,1040,2,8,11
T6288,Cc1ccccc1C(=O)Nc1ccc(C(=O)N2CCCC(N(C)C)c3ccccc32)cc1,119369,C27H29N3O2,427.5,4.5,52.7,643,1,3,4
T6289,CN1CCN(c2ccc3nc(-c4c(N)c5c(F)cccc5[nH]c4=O)[nH]c3c2)CC1,135398510,C21H21FN6O,392.4,1.6,90.3,678,3,6,2
T6291,CCC(=O)Nc1cccc(Oc2nc(Nc3ccc(N4CCN(C)CC4)cc3OC)ncc2Cl)c1,72200024,C25H29ClN6O3,497.0,4.1,91.9,667,2,8,8
T6295,Cn1c(CNc2ccc(C(=N)N)cc2)nc2cc(C(=O)N(CCC(=O)O)c3ccccn3)ccc21,216210,C25H25N7O3,471.5,1.7,150,757,4,7,9
T6296,Cn1c(Nc2ccc(C(F)(F)F)cc2)nc2cc(Oc3ccnc(-c4ncc(C(F)(F)F)[nH]4)c3)ccc21,11656518,C24H16F6N6O,518.4,5.4,80.7,763,2,11,5
T6299,CN[C@@H](C)C(=O)N[C@H](C(=O)N1CCC[C@H]1C(=O)Nc1snnc1-c1ccccc1)C1CCCCC1,46940575,C25H34N6O3S,498.6,3.4,145,743,3,7,8
T6301,CC(C)C[C@@H](C(=O)N[C@H](C(=O)OC1CCCC1)c1ccccc1)[C@H](O)C(=O)NO,15547703,C21H30N2O6,406.5,2.3,125,555,4,6,10
T6302,NC(=O)N1CCC(CC(=O)N2CCC([C@H]3c4ncc(Br)cc4CCc4cc(Cl)cc(Br)c43)CC2)CC1,148195,C27H31Br2ClN4O2,638.8,4.8,79.5,790,1,3,3
T6303,NC1(Cc2ccc(Cl)cc2)CCN(c2ncnc3[nH]ccc23)CC1,17751819,C18H20ClN5,341.8,3.1,70.8,418,2,4,3
T6304,Clc1ccc(C2(c3ccc(-c4cn[nH]c4)cc3)CCNCC2)cc1,11175137,C20H20ClN3,337.8,4.3,40.7,394,2,2,3
T6305,CC1(C)CC(=O)c2c(C(F)(F)F)nn(-c3ccc(C(N)=O)c(N[C@H]4CC[C@H](O)CC4)c3)c2C1,24772860,C23H27F3N4O3,464.5,3.8,110,754,3,8,4
T6307,CCCCC(F)(F)[C@@]1(O)CC[C@H]2[C@@H](CC(=O)[C@@H]2CCCCCCC(=O)O)O1,157920,C20H32F2O5,390.5,4,83.8,525,2,7,11
T6308,O=[N+]([O-])c1ccc2c(c1)S(=O)(=O)C=C2,2779853,C8H5NO4S,211.20,0.7,88.3,375,0,4,0
T6310,Cl.O=C(O)Cc1cccc(OCCCN(Cc2cccc(C(F)(F)F)c2Cl)CC(c2ccccc2)c2ccccc2)c1,16078973,C33H32Cl2F3NO3,618.5,,49.8,753,2,7,13
T6311,Cc1ccc(NC(=O)c2ccc(CN3CC[C@H](N(C)C)C3)c(C(F)(F)F)c2)cc1Nc1nccc(-c2cncnc2)n1,11387605,C30H31F3N8O,576.6,4.2,99.2,872,2,11,8
T6312,COc1ccc(F)c(F)c1C(=O)c1cnc(NC2CCN(S(C)(=O)=O)CC2)nc1N,6918852,C18H21F2N5O4S,441.5,2.1,136,701,2,11,6
T6313,COc1ccc2c(c1)c(C1=C(c3c[nH]c4ccccc34)C(=O)NC1=O)cn2CCCN(C)C,3499,C26H26N4O3,442.5,3.1,79.4,796,2,4,7
T6315,O=C(O)c1ccc(Nc2ncc3c(n2)-c2ccc(Cl)cc2C(c2c(F)cccc2F)=NC3)cc1,11712649,C25H15ClF2N4O2,476.9,5.2,87.5,755,2,8,4
T6319,COc1cccc2cc(-c3nc([C@H]4CC[C@H](C(=O)O)CC4)n4ncnc(N)c34)[nH]c12,135398516,C21H22N6O3,406.4,2,131,630,3,7,4
T6322,COc1c(OCCCN2CCOCC2)ccc2c1N=C(NC(=O)c1cnc(N)nc1)N1CCN=C21,135565596,C23H28N8O4,480.5,0.3,140,974,2,9,7
T6325,COc1ccc(Cn2ccc3ccc(C(=O)NO)cc32)cc1,24753719,C17H16N2O3,296.32,2.4,63.5,382,2,3,4
T6326,Cc1ccc2nc(NCCN)c3ncc(C)n3c2c1,9813758,C14H17N5,255.32,2.3,68.2,310,2,4,3
T6327,O=C(CCCCCCC(=O)Nc1ccc([C@H]2O[C@@H](CSc3nc(-c4ccccc4)c(-c4ccccc4)o3)C[C@@H](c3ccc(CO)cc3)O2)cc1)NO,6675804,C41H43N3O7S,721.9,6.3,168,1060,4,9,16
T6329,NC(=O)c1cccc(N)c1,1645,C7H8N2O,136.15,-0.5,69.1,136,2,2,1
T6331,C=CC(=O)Nc1ccc2ncnc(Nc3ccc(OCc4cccc(F)c4)c(Cl)c3)c2c1.Cc1ccc(S(=O)(=O)O)cc1,25027665,C31H26ClFN4O5S,621.1,,139,847,3,9,8
T6332,NS(=O)(=O)OC[C@@H]1C[C@@H](n2ccc3c(N[C@H]4CCc5ccccc54)ncnc32)C[C@@H]1O,16720766,C21H25N5O4S,443.5,1.7,141,734,3,8,6
T6333,CCC(CC)(NC(=O)C(C)C)C(=O)N[C@@H](CCCNC(=N)N)C(=O)NC1(C(=O)NC(c2ccc(F)cc2)c2ccc(F)cc2)CCCC1,54766613,C35H49F2N7O4,669.8,3.9,181,1080,6,7,16
T6335,COc1ccc2cc(-c3[nH]c(-c4ccc(S(C)=O)cc4)nc3-c3ccncc3)ccc2c1,23625762,C26H21N3O2S,439.5,4.3,87.1,635,1,5,5
T6336,CN(C)CCN1C(=O)c2cccc3cc(N)cc(c23)C1=O,50515,C16H17N3O2,283.32,1.5,66.6,437,1,4,3
T6337,Cc1cccc(-c2[nH]ncc2-c2ccc3ncccc3n2)n1,449054,C17H13N5,287.32,2.2,67.4,376,1,4,2
T6338,CCc1cccc(CC)c1NC(=O)N1Cc2[nH]nc(NC(=O)c3ccc(N4CCN(C)CC4)cc3)c2C1,11249084,C28H35N7O2,501.6,3.2,96.6,768,3,5,6
T6339,CN(C)Cc1ccc(-c2nc3cccc4c3n2CCNC4=O)cc1,9840076,C19H20N4O,320.4,1.9,50.2,460,1,3,3
T6340,C[C@H](N[C@@H](CCc1ccccc1)C(=O)O)C(=O)N1CCC[C@H]1C(=O)O.O.O,6917719,C18H28N2O7,384.4,,109,490,5,8,8
T6341,CC1(C)CC(=O)c2c(C(F)(F)F)nn(-c3ccc(C(N)=O)c(N[C@H]4CC[C@H](OC(=O)CN)CC4)c3)c2C1,44195571,C25H30F3N5O4,521.5,3.5,142,877,3,10,7
T6345,O=C(Cc1ccc(-c2ccc(OCCN3CCOCC3)cc2)cn1)NCc1ccccc1,23635314,C26H29N3O3,431.5,2.9,63.7,540,1,5,9
T6346,CNC(=O)Nc1ccc(-c2nc(N3CC4CCC(C3)O4)c3cnn(C4CCC5(CC4)OCCO5)c3n2)cc1,25260757,C27H33N7O4,519.6,2.2,116,829,2,8,4
T6348,Cc1ccc(C(=O)Nc2cccc(C(F)(F)F)c2)cc1Nc1nc(-c2cccnc2)nc2c1cnn2C,16747388,C26H20F3N7O,503.5,4.7,97.6,786,2,9,5
T6349,N[C@@H]1CN(c2c(F)cc3c(=O)c(C(=O)O)cn([C@@H]4C[C@@H]4F)c3c2Cl)CC12CC2.N[C@@H]1CN(c2c(F)cc3c(=O)c(C(=O)O)cn([C@@H]4C[C@@H]4F)c3c2Cl)CC12CC2.O.O.O,72734323,C38H42Cl2F4N6O9,873.7,,177,761,7,19,6
T6350,O=c1[nH]c2ccc(Cl)cc2c(N[C@@H]2CN3CCC2CC3)c1-c1nc2ccccc2[nH]1,135399748,C23H22ClN5O,419.9,3.5,73.1,720,3,4,3
T6351,Cn1cnc(-c2cc3nccc(Oc4ccc(NC(=S)NC(=O)Cc5ccccc5)cc4F)c3s2)c1,24901704,C26H20FN5O2S2,517.6,4.9,141,773,2,7,6
T6354,CC(=O)C1=C(O)[C@]2(C)C(=CC1=O)Oc1c(C(C)=O)c(O)c(C)c(O)c12,442614,C18H16O7,344.3,2.1,121,734,3,7,2
T6355,NC[C@H](CC(=O)O)c1ccc(Cl)cc1,44602,C10H12ClNO2,213.66,-1,63.3,191,2,3,4
T6357,C[C@H](Oc1cc(-c2cnn(C3CCNCC3)c2)cnc1N)c1c(Cl)ccc(F)c1Cl,56671814,C21H22Cl2FN5O,450.3,3.7,78,557,2,6,5
T6358,O=C1Cc2c([nH]c3ccc(Br)cc23)-c2ncccc2N1,6538897,C15H10BrN3O,328.16,2.2,57.8,405,2,2,0
T6359,CCCCCCCCCCCCCCCCO,2682,C16H34O,242.44,7.3,20.2,123,1,1,14
T6361,O=C(O)CCCc1c[nH]c2ccccc12,8617,C12H13NO2,203.24,2.3,53.1,230,2,2,4
T6363,Cc1cc(=O)oc2c(C=O)c(O)ccc12,12934390,C11H8O4,204.18,1.5,63.6,321,1,4,1
T6364,CC(C)N(CC[C@H](c1ccccc1)c1cc(CO)ccc1O)C(C)C,9819382,C22H31NO2,341.5,4.4,43.7,357,2,3,8
T6365,O=C(Nc1ccccc1)Nc1ccc(-c2ccc(C(=O)[C@@H]3CCC[C@H]3C(=O)O)cc2)cc1,24768261,C26H24N2O4,428.5,4.3,95.5,659,3,4,6
T6366,NC(=O)c1cccc2[nH]c(-c3ccc([C@@H]4CCCN4)cc3F)nc12,16666333,C18H17FN4O,324.4,2,83.8,476,3,4,3
T6367,Nc1nc(NC2CC2)c2ncn([C@H]3C=C[C@@H](CO)C3)c2n1.Nc1nc(NC2CC2)c2ncn([C@H]3C=C[C@@H](CO)C3)c2n1.O=S(=O)(O)O,441384,C28H38N12O6S,670.7,,287,496,8,16,8
T6369,Nc1ncnc2[nH]cnc12.Nc1ncnc2[nH]cnc12.O=S(=O)(O)O,9449,C10H12N10O4S,368.34,,244,209,6,12,0
T6370,Cl.NCCc1ccc(S(=O)(=O)F)cc1,186136,C8H11ClFNO2S,239.70,,68.5,239,2,4,3
T6372,CCCS(=O)c1ccc2nc(NC(=O)OC)[nH]c2c1,83969,C12H15N3O3S,281.33,1.4,103,353,2,5,5
T6373,NCCCC(O)(P(=O)([O-])O)P(=O)(O)O.O.O.O.[Na+],23681107,C4H18NNaO10P2,325.12,,167,293,8,11,5
T6375,C=CCc1cc(OC)c(O)c(C(=O)NCCO)c1,71916,C13H17NO4,251.28,1.8,78.8,282,3,4,6
T6376,O=c1[nH]cnc2[nH]ncc12.[Na+],135534565,C5H4N4NaO+,159.10,,70.1,190,2,3,0
T6377,C1=C2CCCN[C@H]2[C@@H]2C[C@H]1[C@H]1CCCCN1C2,162147,C15H24N2,232.36,1.6,15.3,336,1,2,0
T6378,COc1ccc2c(Oc3ccc(NC(=O)c4c(C)n(CC(C)(C)O)n(-c5ccccc5)c4=O)nc3)ccnc2c1,24764449,C30H29N5O5,539.6,4,117,951,2,8,8
T6379,CC(=O)Nc1nc2c(Oc3cc(-c4ccc(C(F)(F)F)cc4)ncn3)cccc2s1,16007367,C20H13F3N4O2S,430.4,4.6,105,603,1,9,4
T6380,Cc1csc(-c2nnc(Nc3ccc(Oc4ncccc4-c4ccnc(N)n4)cc3)c3ccccc23)c1,24856041,C28H21N7OS,503.6,5.1,140,725,2,9,6
T6381,NCCCNCCSP(=O)(O)O.O.O.O,148139,C5H21N2O6PS,268.27,,124,152,7,9,7
T6382,NCC[C@H](O)C(=O)N[C@@H]1C[C@H](N)[C@@H](O[C@H]2O[C@H](CN)[C@@H](O)[C@H](O)[C@H]2O)[C@H](O)[C@H]1O[C@H]1O[C@H](CO)[C@@H](O)[C@H](N)[C@H]1O.O=S(=O)(O)O.O=S(=O)(O)O,38351,C22H47N5O21S2,781.8,,498,900,17,25,10
T6385,CC1(C)S[C@@H]2[C@H](NC(=O)[C@H](N)c3ccc(O)cc3)C(=O)N2[C@H]1C(=O)[O-].[Na+],23663126,C16H18N3NaO5S,387.4,,161,596,3,7,4
T6386,CC1(C)S[C@@H]2[C@H](NC(=O)[C@H](N)c3ccccc3)C(=O)N2[C@H]1C(=O)[O-].[Na+],23663979,C16H18N3NaO4S,371.4,,141,568,2,6,4
T6387,CCOC(=O)OC(C)OC1=C(C(=O)Nc2ccccn2)N(C)S(=O)(=O)c2ccccc21,2176,C20H21N3O7S,447.5,4,133,808,1,9,8
T6388,CC(C)CN(C[C@@H](O)[C@H](Cc1ccccc1)NC(=O)O[C@H]1CCOC1)S(=O)(=O)c1ccc(N)cc1,65016,C25H35N3O6S,505.6,2.9,140,745,3,8,12
T6389,CCCCCCCCCCCCCCCc1cccc(O)c1C(=O)O,167551,C22H36O3,348.5,9.5,57.5,329,2,3,15
T6390,Cl.O=C1CN2Cc3c(ccc(Cl)c3Cl)N=C2N1,135413494,C10H8Cl3N3O,292.5,,44.7,360,2,2,0
T6391,COc1cc(C(C)=O)ccc1O,2214,C9H10O3,166.17,0.5,46.5,167,1,3,2
T6392,CC(C)[C@H](C(=O)Nc1ccc(C(=O)NO)cc1)c1ccccc1,6918848,C18H20N2O3,312.4,2.8,78.4,397,3,3,5
T6395,CC(C)(O)[C@H]1CC[C@@](C)([C@H]2[C@@H](O)C[C@@]3(C)[C@@H]4C[C@H](O[C@@H]5O[C@H](CO)[C@@H](O)[C@H](O)[C@H]5O)[C@H]5C(C)(C)[C@@H](O[C@@H]6OC[C@@H](O)[C@H](O)[C@H]6O)CC[C@@]56C[C@@]46CC[C@]23C)O1,13943299,C41H68O14,785.0,1.3,228,1460,9,14,7
T6397,COc1ccc(CC2c3cc(OC)c(OC)cc3CC[N+]2(C)CCC(=O)OCCCCCOC(=O)CC[N+]2(C)CCc3cc(OC)c(OC)cc3C2Cc2ccc(OC)c(OC)c2)cc1OC.O=S(=O)([O-])c1ccccc1.O=S(=O)([O-])c1ccccc1,47320,C65H82N2O18S2,1243.5,,258,1560,0,18,26
T6398,O=C(CCCN1CCN(c2ccccn2)CC1)c1ccc(F)cc1,15443,C19H22FN3O,327.4,3.3,36.4,390,0,5,6
T6399,CC(=O)Nc1cccc2c1c(Sc1ccc(Cl)cc1)c(C)n2CC(=O)O,11292191,C19H17ClN2O3S,388.9,4,96.6,527,2,4,5
T6400,CC(=O)N1CCN(CCOc2ccc(C3CCN(C4=Nn5c(nnc5C(F)(F)F)CC4)CC3)cc2)CC1,46893585,C25H32F3N7O2,519.6,1.7,79.1,805,0,9,6
T6401,CC[C@H]1OC(=O)[C@H](C)[C@@H](O[C@H]2C[C@@](C)(OC)[C@@H](O)[C@H](C)O2)[C@H](C)[C@@H](O[C@@H]2O[C@H](C)C[C@H](N(C)C)[C@H]2O)[C@](C)(O)C[C@@H](C)CN(C)[C@H](C)[C@@H](O)[C@]1(C)O,447043,C38H72N2O12,749.0,4,180,1150,5,14,7
T6402,O=[N+]([O-])c1ncc[nH]1,10701,C3H3N3O2,113.08,0.1,74.5,99,1,3,0
T6405,O=C(O)CCCN1CCC(O[C@@H](c2ccc(Cl)cc2)c2ccccn2)CC1.O=S(=O)(O)c1ccccc1,164521,C27H31ClN2O6S,547.1,,125,632,2,8,9
T6406,Cl.N[C@@H]1CCCCN(c2c(F)cc3c(=O)c(C(=O)O)cn(C4CC4)c3c2Cl)C1,10224595,C19H22Cl2FN3O3,430.3,,86.9,656,3,7,3
T6407,CC1(C)CCC2=C(O1)c1ccccc1C(=O)C2=O,3885,C15H14O3,242.27,2.2,43.4,445,0,3,0
T6408,CC(C)NCC(O)COc1ccc(CCOCC2CC2)cc1,2369,C18H29NO3,307.4,2.8,50.7,286,2,4,11
T6410,C=C(c1ccc(C(=O)O)cc1)c1cc2c(cc1C)C(C)(C)CCC2(C)C,82146,C24H28O2,348.5,7.6,37.3,551,1,2,3
T6411,C[C@@H](O)[C@H]1C(=O)N2C(C(=O)[O-])=C(SC3Cn4cnc[n+]4C3)[C@H](C)[C@H]12,71339,C15H18N4O4S,350.4,1.4,128,609,1,6,3
T6413,CC(C)(OCc1nn(Cc2ccccc2)c2ccccc12)C(=O)O,71354,C19H20N2O3,324.4,3,64.4,434,1,4,6
T6414,CC(=O)Oc1ccc(C(c2ccc(OC(C)=O)cc2)c2ccccn2)cc1,2391,C22H19NO4,361.4,3.8,65.5,457,0,5,7
T6417,COc1ccc2c(c1)c(CC(=O)N1CCOCC1)c(C)n2C(=O)c1ccc(Cl)cc1,2415,C23H23ClN2O4,426.9,3.8,60.8,618,0,4,4
T6418,COc1ccnc2[nH]cc(C(=O)C(=O)N3CCN(C(=O)c4ccccc4)C[C@H]3C)c12,5495818,C22H22N4O4,406.4,2,95.6,666,1,5,4
T6419,Cc1cc(N2CCOCC2)cc2[nH]c(-c3c(NC[C@@H](O)c4cccc(Cl)c4)cc[nH]c3=O)nc12,135440466,C25H26ClN5O3,480.0,2.7,103,801,4,6,6
T6420,Cn1c(N2CCCCS2(=O)=O)nc(C(=O)NCc2ccc(F)cc2)c(O)c1=O,54682040,C17H19FN4O5S,410.4,1,128,812,2,7,4
T6421,O=C(NO)c1cccc(C(=O)NCCc2ccccc2)c1,71680913,C16H16N2O3,284.31,1.9,78.4,353,3,3,5
T6422,Brc1c(NC2=NCCN2)ccc2nccnc12.O=C(O)[C@H](O)[C@@H](O)C(=O)O,54405,C15H16BrN5O6,442.22,,177,442,6,9,5
T6423,Cl.Cl.OC(CN1CCN(c2cccc(Cl)c2)CC1)C(c1ccccc1)c1ccccc1,9891303,C25H29Cl3N2O,479.9,,26.7,451,3,3,6
T6425,CC1COC2(CCN(c3nc(=O)c4cc(C(F)(F)F)cc([N+](=O)[O-])c4s3)CC2)O1,49769085,C17H16F3N3O5S,431.4,2.9,122,720,0,9,1
T6426,CC(C)(C)c1ccc(CN2CCN(C(c3ccccc3)c3ccc(Cl)cc3)CC2)cc1.Cl.Cl,65463,C28H35Cl3N2,505.9,,6.5,514,2,2,6
T6428,CN[C@@H](C)C(=O)N[C@H](C(=O)N1CCC[C@H]1C(=O)N[C@H](C(=O)NCCCCCCNC(=O)[C@@H](NC(=O)[C@@H]1CCCN1C(=O)[C@@H](NC(=O)[C@H](C)NC)C1CCCCC1)C(c1ccccc1)c1ccccc1)C(c1ccccc1)c1ccccc1)C1CCCCC1,23657864,C70H96N10O8,1205.6,9.5,239,2030,8,10,29
T6432,CCCC[C@@H](C=O)NC(=O)[C@H](CC(C)C)NC(=O)OCc1ccccc1,73364,C20H30N2O4,362.5,3.9,84.5,434,2,4,12
T6434,Cc1ccc(-n2sc(=O)n(Cc3ccc(F)cc3)c2=O)cc1,2733079,C16H13FN2O2S,316.4,3.5,65.9,432,0,4,3
T6435,CN(C)c1ccc(-c2nc3ncc(Cl)c(N4CCN(CC(=O)Nc5nccs5)CC4)c3[nH]2)cc1,16202152,C23H25ClN8OS,497.0,3.4,122,688,2,8,6
T6436,N[C@@H](C(=O)N[C@@H]1C(=O)N2C(C(=O)O)=C(Cl)CS[C@H]12)c1ccccc1,51039,C15H14ClN3O4S,367.8,-1.8,138,606,3,6,4
T6437,CCN1CCN(C(=O)N[C@@H](C(=O)N[C@@H]2C(=O)N3C(C(=O)O)=C(CSc4nnnn4C)CS[C@H]23)c2ccc(O)cc2)C(=O)C1=O,44187,C25H27N9O8S2,645.7,-0.7,271,1250,4,13,9
T6439,CCCCCCCCCCCCCCCC[n+]1ccccc1.[Cl-],31239,C21H38ClN,340.0,,3.9,208,0,1,15
T6440,Nc1ncnc2[nH]nc(Nc3ccc(F)cc3)c12,11644425,C11H9FN6,244.23,2.3,92.5,283,3,6,2
T6441,CCNC(=O)[C@H]1O[C@@H](n2cnc3c(N)nc(NCCc4ccc(CCC(=O)O)cc4)nc32)[C@H](O)[C@@H]1O.Cl,10256643,C23H30ClN7O6,536.0,,198,754,7,11,10
T6443,CCN(CC)CCOC(=O)c1ccc(N)cc1Cl.Cl,441348,C13H20Cl2N2O2,307.21,,55.6,259,2,4,7
T6446,Cc1cn([C@H]2O[C@@H](CO)[C@H](O)[C@H]2F)c(=O)[nH]c1=O,73115,C10H13FN2O5,260.22,-0.9,99.1,413,3,6,2
T6447,CCC[C@@H]1C[C@@H](C(=O)N[C@@H]([C@H]2O[C@H](SC)[C@H](O)[C@@H](O)[C@H]2O)[C@H](C)Cl)N(C)C1,446598,C18H33ClN2O5S,425.0,2.2,128,502,4,7,7
T6448,CCC[C@@H]1C[C@@H](C(=O)N[C@@H]([C@H]2O[C@H](SC)[C@H](O)[C@@H](O)[C@H]2O)[C@H](C)Cl)N(C)C1.Cl,16051951,C18H34Cl2N2O5S,461.4,,128,502,5,7,7
T6450,CCC(C)(Oc1ccc(C2(c3ccc(OC(C)(CC)C(=O)O)cc3)CCCCC2)cc1)C(=O)O,2787,C28H36O6,468.6,7.5,93.1,633,2,6,10
T6453,Cc1nc2c([nH]1)CCN(C(=O)c1ccc(NC(=O)c3ccccc3-c3ccccc3)cc1)c1ccccc1-2.Cl,216322,C32H27ClN4O2,535.0,,78.1,820,3,3,4
T6455,CN(C)C(=O)[C@H](O)[C@H](Cc1ccccc1)NC(=O)c1cc2cc(Cl)ccc2[nH]1,9843900,C21H22ClN3O3,399.9,3.2,85.4,553,3,3,6
T6456,O=C(O)c1cc2cccc([N+](=O)[O-])c2[nH]1,81409,C9H6N2O4,206.15,1.7,98.9,288,2,4,1
T6458,Cc1nc(N)sc1-c1ccnc(Nc2ccc(N3CCOCC3)cc2)n1,6420138,C18H20N6OS,368.5,2.6,117,443,2,8,4
T6460,Cl.NCCS,9082,C2H8ClNS,113.61,,27,10,3,2,1
T6462,c1ccc(Cn2c(-c3ccc(OC[C@H](C4CCNCC4)n4c(-c5ccccc5)nc5ccccc54)cc3)nc3ccccc32)cc1,73292904,C40H37N5O,603.8,7.8,56.9,923,1,4,9
T6463,Oc1ccc(OC2CCCCO2)cc1,11745519,C11H14O3,194.23,2.4,38.7,164,1,3,2
T6464,Cc1cccc(Cc2c[nH]cn2)c1C.Cl,56031,C12H15ClN2,222.71,,28.7,181,2,1,2
T6465,C[C@@H]1C[C@H]2[C@@H]3CCC4=CC(=O)C=C[C@]4(C)[C@@]3(F)[C@@H](O)C[C@]2(C)[C@@]1(O)C(=O)COP(=O)([O-])[O-].[Na+].[Na+],16961,C22H28FNa2O8P,516.4,,147,961,2,9,3
T6466,Cc1cccc([C@H](C)c2cnc[nH]2)c1C.Cl,6918081,C13H17ClN2,236.74,,28.7,205,2,1,2
T6467,C[C@@H](CN1CC(=O)NC(=O)C1)N1CC(=O)NC(=O)C1.Cl,6918223,C11H17ClN4O4,304.73,,98.8,404,3,6,3
T6468,NC(=O)CC[C@@H](N)C(=O)O,145815,C5H10N2O3,146.14,-3.1,106,146,3,4,4
T6469,NS(=O)(=O)c1cc(Cl)c(Cl)c(S(N)(=O)=O)c1,3038,C6H6Cl2N2O4S2,305.2,0.3,137,452,2,6,2
T6470,O=C([O-])Cc1ccccc1Nc1c(Cl)cccc1Cl.[K+],23667642,C14H10Cl2KNO2,334.2,,52.2,310,1,3,4
T6472,CCCC(=O)O[C@]1(C(=O)COC(C)=O)CC[C@H]2[C@@H]3C[C@H](F)C4=CC(=O)C=C[C@]4(C)[C@@]3(F)[C@@H](O)C[C@@]21C,443936,C27H34F2O7,508.5,3.4,107,1050,1,9,8
T6473,C[C@@H]1CC[C@@]2(OC1)O[C@H]1C[C@H]3[C@@H]4CC=C5C[C@@H](O[C@@H]6O[C@H](CO)[C@@H](O[C@@H]7O[C@@H](C)[C@H](O)[C@@H](O)[C@H]7O)[C@H](O)[C@H]6O[C@@H]6O[C@@H](C)[C@H](O)[C@@H](O)[C@H]6O)CC[C@]5(C)[C@H]4CC[C@]3(C)[C@H]1[C@@H]2C,119245,C45H72O16,869.0,1.3,236,1600,8,16,7
T6474,CCCC(CCC)C(=O)O.CCCC(CCC)C(=O)[O-].[Na+],23663956,C16H31NaO4,310.40,,77.4,192,1,4,10
T6475,C[N+](C)(C)CC(O)CC(=O)O.[Cl-],5970,C7H16ClNO3,197.66,,57.5,139,2,4,4
T6476,CN(CCOc1ccc(NS(C)(=O)=O)cc1)CCc1ccc(NS(C)(=O)=O)cc1,71329,C19H27N3O5S2,441.6,1.8,122,672,2,8,11
T6478,COc1cc2c(cc1OC)C(=O)C(CC1CCN(Cc3ccccc3)CC1)C2.Cl,5741,C24H30ClNO3,416.0,,38.8,510,1,4,6
T6479,CC(O)C(=O)O.CN1CCN(c2ccc3nc(-c4c(N)c5c(F)cccc5[nH]c4=O)[nH]c3c2)CC1.O,135611162,C24H29FN6O5,500.5,,149,737,6,10,3
T6480,CC(C)(CO)[C@@H](O)C(=O)NCCC(=O)O,6613,C9H17NO5,219.23,-1.1,107,239,4,5,6
T6481,Cc1cc(Cl)ccc1OCCCC(=O)NO,568416,C11H14ClNO3,243.68,2.8,58.6,225,2,3,5
T6482,Cc1cc(C)cc(NC(=O)Cc2ccc(OC(C)(C)C(=O)[O-])cc2)c1.[Na+],2725048,C20H22NNaO4,363.4,,78.5,464,1,4,6
T6483,Cl.Cl.O=c1cc(CN2CCOCC2)occ1OCCCCCSc1ccnc2cc(C(F)(F)F)ccc12,9938202,C25H29Cl2F3N2O4S,581.5,,86.2,770,2,10,10
T6485,CCCCCCCCCCCC1=C(O)C(=O)C=C(O)C1=O,3218,C17H26O4,294.4,5.4,74.6,432,2,4,10
T6487,COC(=O)N[C@@H](C)CNc1nccc(-c2cn(C(C)C)nc2-c2cc(Cl)cc(NS(C)(=O)=O)c2F)n1,50922675,C22H27ClFN7O4S,540.0,2.7,149,836,3,10,10
T6488,Cl.NC1=NCC2c3ccccc3Cc3ccccc3N12,157313,C16H16ClN3,285.77,,41.6,378,2,1,0
T6491,Oc1ccc([C@H]2COc3cc(O)ccc3C2)cc1,91469,C15H14O3,242.27,3,49.7,273,2,3,1
T6492,CC[C@H]1OC(=O)[C@H](C)[C@@H](O[C@H]2C[C@@](C)(OC)[C@@H](O)[C@H](C)O2)[C@H](C)[C@@H](O[C@@H]2O[C@H](C)C[C@H](N(C)C)[C@H]2O)[C@](C)(O)C[C@@H](C)C(=O)[C@H](C)[C@H]2OC(=O)O[C@@]21C,10033072,C38H65NO14,759.9,4.1,189,1300,3,15,7
T6496,Cc1cccc(-c2[nH]c(CNc3ccccc3F)nc2-c2ccc3ncnn3c2)n1,54766013,C22H18FN7,399.4,3.2,83.8,566,2,6,5
T6497,CC(C(=O)[O-])c1cccc(Oc2ccccc2)c1.CC(C(=O)[O-])c1cccc(Oc2ccccc2)c1.[Ca+2],64746,C30H26CaO6,522.6,,98.7,265,0,6,6
T6499,Clc1ccc(C(Cn2ccnc2)OCc2ccc(Sc3ccccc3)cc2)c(Cl)c1.O=[N+]([O-])O,51754,C24H21Cl2N3O4S,518.4,,118,524,1,6,8
T6500,CCOC(=O)c1ccc(NC2CCCCC2)c(N)c1,4068248,C15H22N2O2,262.35,3.3,64.4,290,2,4,5
T6501,Nc1nc(F)nc2c1ncn2[C@@H]1O[C@H](COP(=O)(O)O)[C@@H](O)[C@@H]1O,30751,C10H13FN5O7P,365.21,-3.1,186,514,5,12,4
T6502,CC(=O)OCC(=O)[C@@]12OC(C)(C)O[C@@H]1C[C@H]1[C@@H]3C[C@H](F)C4=CC(=O)C=C[C@]4(C)[C@@]3(F)[C@@H](O)C[C@@]12C,9642,C26H32F2O7,494.5,3.2,99.1,1070,1,9,4
T6503,CC(=O)O[C@]1(C(C)=O)CC[C@H]2[C@@H]3C[C@H](C)C4=CC(=O)C=C[C@]4(C)[C@@]3(F)[C@@H](O)C[C@@]21C,240767,C24H31FO5,418.5,2.6,80.7,892,1,6,3
T6506,Cc1ccc(Cl)cc1N(CC(=O)Nc1c(F)cccc1F)S(C)(=O)=O,2210370,C16H15ClF2N2O3S,388.8,3.2,74.9,562,1,6,5
T6507,Cl.NCC1(CC(=O)O)CCCCC1,6453919,C9H18ClNO2,207.70,,63.3,162,3,3,3
T6509,C[C@]12CC[C@H](O)CC1=CC[C@@H]1[C@@H]2CC[C@]2(C)C(n3cnc4ccccc43)=CC[C@@H]12,11188409,C26H32N2O,388.5,5.2,38.1,743,1,2,1
T6510,CCNC(=O)Nc1ccc(-c2nc3c(c(N4CCOC[C@@H]4C)n2)CCN(C2COC2)C3)cc1,59239165,C24H32N6O3,452.5,1.4,91.9,656,2,7,5
T6511,Cn1nccc1Nc1nccc(-c2ccn([C@H](CO)c3ccc(Cl)c(F)c3)c(=O)c2)n1,71727581,C21H18ClFN6O2,440.9,2,96.2,709,2,7,6
T6512,CN[C@@H]1[C@@H](O)[C@@H](O[C@@H]2[C@@H](O)[C@H](O[C@H]3O[C@H]([C@@H](C)O)[C@@H](O)[C@H](O)[C@H]3N)[C@@H](N)C[C@H]2N)OC[C@]1(C)O.O=S(=O)(O)O.O=S(=O)(O)O,206347,C20H44N4O18S2,692.7,,414,763,14,22,6
T6513,CN(C)CCCn1cc(C2=C(c3c[nH]c4ccccc34)C(=O)NC2=O)c2ccccc21,2396,C25H24N4O2,412.5,3.1,70.1,748,2,3,6
T6517,CN1CCN(C2CCN(C(=O)Nc3cc(Oc4ccc(NC(=O)C5(C(=O)Nc6ccc(F)cc6)CC5)c(F)c4)ccn3)CC2)CC1,16118392,C33H37F2N7O4,633.7,4.1,119,1060,3,9,8
T6518,Cc1cc2c(C(C)C)c(O)c(O)c(C=O)c2c(O)c1-c1c(C)cc2c(C(C)C)c(O)c(O)c(C=O)c2c1O,3503,C30H30O8,518.6,6.9,156,780,6,8,5
T6519,CN(C)Cc1c[nH]c2ccccc12,6890,C11H14N2,174.24,1.8,19,167,1,1,2
T6521,Cc1ncc(Cl)cc1NCc1ccc(C(=O)N[C@@H](CC2CCCC2)C(=O)NC2CC2)s1,70983932,C23H29ClN4O2S,461.0,5.2,111,629,3,5,9
T6523,Nc1nc(=O)c2ncn([C@@H]3O[C@H](CO)[C@@H](O)[C@H]3O)c2[nH]1,135398635,C10H13N5O5,283.24,-1.9,155,446,5,7,2
T6524,Cc1cc(SCc2sc(-c3ccc(C(F)(F)F)c(F)c3)nc2C)ccc1OCC(=O)O,9934458,C21H17F4NO3S2,471.5,6,113,612,1,10,7
T6527,O=C(NCC1CCOCC1)c1cnc(Nc2ccc(Cl)cc2Cl)nc1C(F)(F)F,10253143,C18H17Cl2F3N4O2,449.3,4.1,76.1,552,2,8,5
T6528,CC(C)=CCC[C@](C)(O[C@@H]1O[C@H](CO[C@@H]2OC[C@@H](O)[C@H](O)[C@H]2O)[C@@H](O)[C@H](O)[C@H]1O)[C@H]1CC[C@]2(C)[C@@H]1[C@H](O)C[C@@H]1[C@@]3(C)CC[C@H](O[C@@H]4O[C@H](CO)[C@@H](O)[C@H](O)[C@H]4O)C(C)(C)[C@@H]3CC[C@]12C,46887681,C47H80O17,917.1,1.9,278,1630,11,17,12
T6530,CC(C)c1ccc(NC(=O)Cn2cnc3c2c(=O)n(C)c(=O)n3C)cc1,1150897,C18H21N5O3,355.4,1.7,87.5,573,1,4,4
T6533,CC[C@H](c1ccc(O)cc1)[C@@H](CC)c1ccc(O)cc1,192197,C18H22O2,270.4,5.2,40.5,235,2,2,5
T6534,Cl.Cl.NCCc1c[nH]cn1,5818,C5H11Cl2N3,184.06,,54.7,64,4,2,2
T6536,Cc1cc(C)c(S(=O)(=O)n2cc(C)cc2C)c(C)c1,22200891,C15H19NO2S,277.4,3.7,47.5,402,0,2,2
T6539,CCCCCN(C)CCC(O)(P(=O)([O-])O)P(=O)(O)O.O.[Na+],23663991,C9H24NNaO8P2,359.23,,142,377,5,9,9
T6540,CC(C)Cc1ccc(C(C)C(=O)O)cc1.NCCCC[C@H](N)C(=O)O,9841440,C19H32N2O4,352.5,,127,309,4,6,9
T6542,CCOC(=O)[C@H](CCc1ccccc1)N[C@@H](C)C(=O)N1C(=O)N(C)C[C@H]1C(=O)O.Cl,5485193,C20H28ClN3O6,441.9,,116,619,3,7,10
T6543,Cn1cc(C[C@@H](N)C(=O)O)c2ccccc21,405012,C12H14N2O2,218.25,-1.3,68.3,270,2,3,3
T6545,O=C(O)c1ccc(O)c2ncccc12,459617,C10H7NO3,189.17,1.8,70.4,231,2,4,1
T6546,Oc1ccc2ccccc2c1SSc1c(O)ccc2ccccc12,521106,C20H14O2S2,350.5,5.8,91.1,380,2,4,3
T6547,CC(C)[N+]1(C)[C@@H]2CC[C@H]1C[C@@H](OC(=O)C(CO)c1ccccc1)C2.[Br-],657308,C20H30BrNO3,412.4,,46.5,430,1,4,6
T6548,Nc1nc(N)nc(-c2cc(Cl)ccc2Cl)n1,3752,C9H7Cl2N5,256.09,2,90.7,232,2,5,1
T6549,CN[C@@H]1[C@@H](O)[C@@H](O[C@@H]2[C@@H](O)[C@H](O[C@H]3O[C@H](CN)[C@@H](O)[C@H](O)[C@H]3O)[C@@H](N)C[C@H]2NC(=O)[C@@H](O)CN)OC[C@]1(C)O.O=S(=O)(O)O,636375,C22H45N5O16S,667.7,,381,899,14,20,9
T6550,Clc1ccc(C(Cn2ccnc2)OCc2c(Cl)cccc2Cl)c(Cl)c1.O=[N+]([O-])O,159968,C18H15Cl4N3O4,479.1,,93.1,431,1,5,6
T6551,O[C@@H]1CO[C@H]2[C@@H]1OC[C@@H]2O,12597,C6H10O4,146.14,-1.4,58.9,122,2,4,0
T6553,CCc1ccc(OCc2ccccc2C(=O)Nc2ccc3nc(C)cc(N)c3c2)cc1.Cl,5311339,C26H26ClN3O2,448.0,,77.2,577,3,4,6
T6554,O=C(Oc1ccc([N+](=O)[O-])cc1)N1CCC(C(O)(c2ccc3c(c2)OCO3)c2ccc3c(c2)OCO3)CC1,25021165,C27H24N2O9,520.5,4.2,133,820,1,9,5
T6555,C=CC(=O)N1CCN(C(=O)CNc2cc(I)c(Cl)cc2O)CC1,73555129,C15H17ClIN3O3,449.67,2.2,72.9,457,2,4,4
T6556,C=CS(=O)(=O)NC1CCN(C(=O)CNc2cc(I)c(Cl)cc2OC)CC1,71761630,C16H21ClIN3O4S,513.8,2.8,96.1,593,2,6,7
T6557,CCN1CCN(CC(=O)Nc2ccc(-c3cccc4c(=O)cc(N5CCOCC5)oc34)c3sc4ccccc4c23)CC1,11964036,C33H34N4O4S,582.7,4.9,103,1010,1,8,6
T6558,CCc1c(O)cc(O)c(C(=O)c2ccc(OCCN3CCOCC3)c(OC)c2)c1CC(=O)N(CCOC)CCOC,23116322,C30H42N2O9,574.7,2.6,127,773,2,10,16
T6559,C[C@@H]1OC(O)[C@H](O)[C@H](O)[C@H]1O.O,2723959,C6H14O6,182.17,,91.2,139,5,6,0
T6560,Br.CCN1C[C@]2(OC(=O)c3ccccc3NC(C)=O)CC[C@H](OC)[C@]34C1[C@H](C[C@H]23)[C@@]1(O)C[C@H](OC)[C@H]2C[C@@H]4[C@]1(O)[C@H]2OC,51346120,C32H45BrN2O8,665.6,,127,1120,4,9,8
T6561,CCN(C(=O)c1c(O)c2c(Cl)cccc2n(C)c1=O)c1ccccc1,54677946,C19H17ClN2O3,356.8,3.7,60.9,571,1,3,3
T6562,Cc1ccc2c(c1)c1c(n2CCc2ccc(C)nc2)CCN(C)C1.Cl.Cl,23729232,C21H27Cl2N3,392.4,,21.1,425,2,2,3
T6563,COc1ccccc1-c1cc(Nc2cccc(CS(N)(=O)=O)c2)ncn1,25104564,C18H18N4O3S,370.4,2.2,116,539,2,7,6
T6564,CC(=O)N[C@@H](CC(C)C)C(=O)N[C@@H](CC(C)C)C(=O)N[C@H](C=O)CCCNC(=N)N.CC(=O)N[C@@H](CC(C)C)C(=O)N[C@@H](CC(C)C)C(=O)N[C@H](C=O)CCCNC(=N)N.O=S(=O)(O)O,2733491,C40H78N12O12S,951.2,,421,683,12,14,28
T6565,CC(C)NC[C@H](O)COc1ccc(CCOCC2CC2)cc1.Cl,60656,C18H30ClNO3,343.9,,50.7,286,3,4,11
T6566,CCCCN1CCCC[C@H]1C(=O)Nc1c(C)cccc1C.Cl,117965,C18H29ClN2O,324.9,,32.3,321,2,2,5
T6567,C[C@H]1COc2c(N3CCN(C)CC3)c(F)cc3c(=O)c(C(=O)O)cn1c23,149096,C18H20FN3O4,361.4,-0.4,73.3,634,1,8,2
T6569,N[C@@H](Cn1ccc(=O)c(O)c1)C(=O)O,440473,C8H10N2O4,198.18,-3.5,104,321,3,6,3
T6570,COC(=O)[C@@H](N)CCCNC(=N)N[N+](=O)[O-].Cl,135193,C7H16ClN5O4,269.69,,149,274,4,6,7
T6571,COc1ccc(CN2CCN(C(c3ccc(F)cc3)c3ccc(F)cc3)CC2)c(OC)c1OC.Cl.Cl,122125,C27H32Cl2F2N2O3,541.5,,34.2,568,2,7,8
T6573,CC(C)CCNC(=O)[C@H](CC(C)C)NC(=O)[C@H]1O[C@@H]1C(=O)O,123664,C15H26N2O5,314.38,1.6,108,422,3,5,9
T6574,Cc1ccc(Nc2c(F)cccc2Cl)c(CC(=O)O)c1,151166,C15H13ClFNO2,293.72,4.2,49.3,342,2,4,4
T6575,Cc1c(Cl)c(OCC(=O)N2CCN(C)CC2)nc2sc(C(=O)NC3CC3)c(N)c12,57664406,C19H24ClN5O3S,437.9,2.9,129,631,2,7,5
T6576,CC(C)OC(=O)C(C(=O)OC(C)C)=C1SC=CS1,4006,C12H16O4S2,288.4,3.8,103,363,0,6,6
T6577,COC(=O)C1=C(C)NC(C)=C(C(=O)OCCN2CCN(C(c3ccccc3)c3ccccc3)CC2)C1c1cccc([N+](=O)[O-])c1,4008,C35H38N4O6,610.7,5.6,117,1090,1,9,11
T6578,C[C@H](NC(=O)CCc1nc2ccccc2c(=O)[nH]1)c1ccccc1,135566764,C19H19N3O2,321.4,1.8,70.6,497,2,3,5
T6579,Cc1cccc(C(C)c2c[nH]cn2)c1C.Cl,68601,C13H17ClN2,236.74,,28.7,205,2,1,2
T6580,C[C@H]1C[C@H]2[C@@H]3CCC4=CC(=O)C=C[C@]4(C)[C@H]3C(=O)C[C@]2(C)[C@@]1(O)C(=O)CO,5284587,C22H28O5,372.5,1.9,91.7,795,2,5,2
T6581,CN1C(CCl)Nc2cc(Cl)c(S(N)(=O)=O)cc2S1(=O)=O,4121,C9H11Cl2N3O4S2,360.2,1.4,126,571,2,7,2
T6582,CC1(C)S[C@@H]2[C@H](NC(=O)[C@H](NC(=O)N3CCN(S(C)(=O)=O)C3=O)c3ccccc3)C(=O)N2[C@H]1C(=O)[O-].[Na+],23685177,C21H24N5NaO8S2,561.6,,210,1090,2,9,6
T6584,CCCCCCCc1ccc(CCc2cccc(O)c2C(=O)O)cc1,49864204,C22H28O3,340.5,7.4,57.5,373,2,3,10
T6586,C[N+](C)(C)NCCC(=O)[O-].O.O,6918082,C6H18N2O4,182.22,,54.2,112,3,5,3
T6587,O=C([O-])[C@H](CC(=O)N1C[C@H]2CCCC[C@H]2C1)Cc1ccccc1.O=C([O-])[C@H](CC(=O)N1C[C@H]2CCCC[C@H]2C1)Cc1ccccc1.[Ca+2],5478927,C38H48CaN2O6,668.9,,121,411,0,6,8
T6588,O=C1c2c(O)ccc(O)c2C(=O)c2c(NCCNCCO)ccc(NCCNCCO)c21,4212,C22H28N4O6,444.5,1,163,571,8,10,12
T6591,Cc1ccc(S(=O)(=O)n2c(N)nc3ccccc32)cc1,1088438,C14H13N3O2S,287.34,3.2,86.4,440,1,4,2
T6592,COc1ccc(CNCc2cccc3ccccc23)cc1.Cl,44247466,C19H20ClNO,313.8,,21.3,298,2,2,5
T6593,CN(C)CCCNC(=O)c1ccc(-c2cc(O)c3ncccc3c2)cc1,44143209,C21H23N3O2,349.4,3.1,65.5,449,2,4,6
T6595,CCOC(=O)[C@H](CCc1ccccc1)N[C@@H](C)C(=O)N1Cc2cc(OC)c(OC)cc2C[C@H]1C(=O)O.Cl,54889,C27H35ClN2O7,535.0,,114,742,3,8,12
T6597,CCOc1cc(N)c(Cl)cc1C(=O)NCC1CN(Cc2ccc(F)cc2)CCO1.O=C(O)CC(O)(CC(=O)O)C(=O)O,119583,C27H33ClFN3O10,614.0,,209,749,6,13,12
T6599,CNc1ncnc2c1ncn2[C@@H]1O[C@H](CO)[C@@H](O)[C@H]1O,102175,C11H15N5O4,281.27,-0.4,126,349,4,8,3
T6600,COc1ccccc1N1CCN(CC(O)COc2cccc3ccccc23)CC1.Cl.Cl,11957660,C24H30Cl2N2O3,465.4,,45.2,483,3,5,7
T6602,CNS(=O)(=O)CCc1ccc2[nH]cc(C3CCN(C)CC3)c2c1.Cl,60875,C17H26ClN3O2S,371.9,,73.6,483,3,4,5
T6603,COc1nc(N)nc2c1ncn2[C@@H]1O[C@H](CO)[C@@H](O)[C@@H]1O,3011155,C11H15N5O5,297.27,-0.7,149,377,4,9,3
T6604,Cl.NCc1c[nH]c(=S)n1[C@H]1CCc2c(F)cc(F)cc2C1,9840545,C14H16ClF2N3S,331.8,,73.4,429,3,4,2
T6605,CCCCCCCCCCCCCCCCn1cc[n+](Cc2ccccc2)c1C.[I-],10436839,C27H45IN2,524.6,,8.8,364,0,1,17
T6606,CC(CNC(=O)c1cccnc1)NC(=O)c1cccnc1,71234,C15H16N4O2,284.31,0.5,84,362,2,4,5
T6608,CN[C@H](CC(=O)O)C(=O)O,22880,C5H9NO4,147.13,-3.4,86.6,145,3,5,4
T6609,CN1CCC(NC(=O)c2cc(-c3c(O)cc(O)cc3Oc3ccc([N+](=O)[O-])cc3)on2)CC1,135566652,C22H22N4O7,454.4,2.9,154,676,3,9,5
T6610,CN1CCN(c2ccc([N+](=O)[O-])c3no[n+]([O-])c23)CC1,42640,C11H13N5O4,279.25,1.2,104,370,0,7,1
T6612,Nc1nc(N)c(N=O)c(OCC2CCCCC2)n1,398148,C11H17N5O2,251.29,2.1,116,272,2,7,3
T6614,COc1ccc(C2=N[C@H](c3ccc(Cl)cc3)[C@H](c3ccc(Cl)cc3)N2C(=O)N2CCNC(=O)C2)c(OC(C)C)c1,16755649,C30H30Cl2N4O4,581.5,5.2,83.5,919,1,5,6
T6615,Cc1nccn1CC1CCc2c(c3ccccc3n2C)C1=O,4595,C18H19N3O,293.4,2.3,39.8,440,0,2,2
T6616,Cc1nccn1CC1CCc2c(c3ccccc3n2C)C1=O.Cl,68647,C18H20ClN3O,329.8,,39.8,440,1,2,2
T6617,Cc1cc(C=C2SC(=S)NC2=O)c(C)n1-c1cccnc1,2890284,C15H13N3OS2,315.4,2.9,104,480,1,4,2
T6618,Cc1ccccc1C(OCCN(C)C)c1ccccc1.O=C(O)CC(O)(CC(=O)O)C(=O)O,83823,C24H31NO8,461.5,,145,488,4,9,11
T6622,Cc1onc(-c2ccccc2)c1C(=O)N[C@@H]1C(=O)N2[C@@H]1SC(C)(C)[C@@H]2C(=O)[O-].O.[Na+],23694213,C19H20N3NaO6S,441.4,,142,687,2,8,4
T6623,CCCOc1ccc2nc(NC(=O)OC)[nH]c2c1,4622,C12H15N3O3,249.27,2.4,76.2,288,2,4,5
T6624,CN(C)[C@@H]1C(O)=C(C(N)=O)C(=O)[C@@]2(O)C(O)=C3C(=O)c4c(O)cccc4[C@@](C)(O)[C@H]3[C@H](O)[C@@H]12.O.O,54680691,C22H28N2O11,496.5,,204,1000,9,12,2
T6626,Cc1nc(Nc2n[nH]c3c2CN(C(=O)N[C@H](CN(C)C)c2ccccc2)C3(C)C)c2sccc2n1,25227462,C25H30N8OS,490.6,3.1,130,747,3,7,6
T6631,C=C[C@H]1C[N@]2CC[C@H]1C[C@H]2[C@H](O)c1ccnc2ccc(OC)cc12.Cl.O.O,16211283,C20H29ClN2O4,396.9,,47.6,457,4,6,4
T6632,Cc1nc(=O)c2cc(CN(C)c3ccc(C(=O)N[C@@H](CCC(=O)O)C(=O)O)s3)ccc2[nH]1,135400182,C21H22N4O6S,458.5,1.4,177,790,4,9,9
T6633,COc1ccccc1OCC(O)CN1CCN(CC(=O)Nc2c(C)cccc2C)CC1,56959,C24H33N3O4,427.5,2.7,74.3,531,2,6,9
T6636,COc1cc(F)c(F)c(Nc2ccc(I)cc2F)c1NS(=O)(=O)C1(C[C@H](O)CO)CC1,44182295,C19H20F3IN2O5S,572.3,2.8,116,711,4,10,9
T6638,C=C[C@]1(C)C[C@@H](OC(=O)CS[C@@H]2C[C@H]3CC[C@@H](C2)N3C)[C@]2(C)[C@H](C)CC[C@]3(CCC(=O)[C@H]32)[C@@H](C)[C@@H]1O,6918462,C30H47NO4S,517.8,6.1,92.1,895,1,6,6
T6639,Cc1ccc(C(=O)NCCCCCC(=O)Nc2ccccc2N)cc1,56654642,C20H25N3O2,339.4,2.8,84.2,419,3,3,8
T6640,OC[C@@H](O)[C@@H](O)[C@@H](O)CO,6912,C5H12O5,152.15,-2.5,101,76,5,5,4
T6641,C1COC(NC(C2CC2)C2CC2)=N1.O=P(O)(O)O,198614,C10H19N2O5P,278.24,,111,269,4,6,4
T6642,CC(N)C12CC3CC(CC(C3)C1)C2,5071,C12H21N,179.30,2.6,26,180,1,1,1
T6643,CS(=O)(=O)O.Cn1cc(C2=C(c3cn(CCCSC(=N)N)c4ccccc34)C(=O)NC2=O)c2ccccc21,11628205,C26H27N5O5S2,553.7,,194,937,4,7,7
T6644,COc1ccc(C2CNC(=O)C2)cc1OC1CCCC1,5092,C16H21NO3,275.34,2.2,47.6,341,1,3,4
T6646,CN(CCOc1ccc(CC2SC(=O)NC2=O)cc1)c1ccccn1.Cl,9865387,C18H20ClN3O3S,393.9,,96.8,468,2,6,7
T6647,CCCN(CCc1cccs1)[C@H]1CCc2c(O)cccc2C1,59227,C19H25NOS,315.5,4.9,51.7,337,1,3,6
T6649,COc1ccc([C@H]2CNC(=O)C2)cc1OC1CCCC1,158758,C16H21NO3,275.34,2.2,47.6,341,1,3,4
T6651,CS(=O)(=O)O.C[C@H](NCc1ccc(OCc2cccc(F)c2)cc1)C(N)=O,3038502,C18H23FN2O5S,398.5,,127,438,3,7,7
T6652,CC(C)(C)NCC(O)c1ccc(O)c(CO)c1.CC(C)(C)NCC(O)c1ccc(O)c(CO)c1.O=S(=O)(O)O,39859,C26H44N2O10S,576.7,,228,309,10,12,10
T6653,O=C(O)c1ccc2ccccc2c1O.OCc1cc(C(O)CNCCCCCCOCCCCc2ccccc2)ccc1O,56801,C36H45NO7,603.7,,139,629,6,8,17
T6655,CC1CCN(CC[C@H]2CCCN2S(=O)(=O)c2cccc(O)c2)CC1.Cl,11957684,C18H29ClN2O3S,389.0,,69.2,497,2,5,5
T6658,Cc1cc(NC(=O)Nc2ccc(N(C)C)cc2)c2cc(F)cc(F)c2n1,4331799,C19H18F2N4O,356.4,3.5,57.3,484,2,5,3
T6659,O=C1NC(=O)C(c2ccccc2[N+](=O)[O-])=C1Nc1ccc(O)c(Cl)c1,4210951,C16H10ClN3O5,359.72,2.8,124,617,3,6,3
T6660,O=C(Nc1ccccc1Br)N[C@@H]1CCN(c2ccc(C(F)(F)F)cn2)C1,9910486,C17H16BrF3N4O,429.2,3.8,57.3,493,2,6,3
T6662,CN1[C@@H]2C[C@@H](O)C[C@H]1[C@@H]1O[C@@H]12,1274465,C8H13NO2,155.19,-0.2,36,179,1,3,0
T6663,CN1[C@@H]2C[C@@H](O)C[C@H]1[C@@H]1O[C@@H]12.Cl,24720972,C8H14ClNO2,191.65,,36,179,2,3,0
T6664,COc1nc(-c2ccc3c(c2)OCO3)n(-c2ccc(NC(=O)CSc3ccccc3)cc2)n1,1029232,C24H20N4O4S,460.5,4.9,113,644,1,7,7
T6665,Clc1ccc(C(Cn2ccnc2)OCc2csc3c(Cl)cccc23)c(Cl)c1.O=[N+]([O-])O,200103,C20H16Cl3N3O4S,500.8,,121,513,1,6,6
T6667,CC(C)(C)C(=O)Nc1ccc2c(c1)C(=O)C(=O)c1ccccc1-2,9926586,C19H17NO3,307.3,3.1,63.2,519,1,3,2
T6668,COc1ccc(CCc2nc3cc(-c4c(C)noc4C)ccc3n2C[C@H](C)N2CCOCC2)cc1Cl,72201027,C28H33ClN4O3,509.0,5.2,65.6,698,0,6,8
T6669,CN(CC(=O)N(Cc1ccc(C2CCCCC2)cc1)c1ccc(C(=O)O)cc1)S(=O)(=O)c1c(F)c(F)c(F)c(F)c1F,72188643,C29H27F5N2O5S,610.6,6.2,103,1010,1,11,9
T6672,Cc1cc2c(cc1CC(=O)c1sccc1S(=O)(=O)[N-]c1onc(C)c1Cl)OCO2.[Na+],11477084,C18H14ClN2NaO6S2,476.9,,133,726,0,9,6
T6674,O=C1O[C@H]([C@@H](O)C[O-])C(O)=C1O.[Na+],172005478,C6H7NaO6,198.11,,110,237,3,6,2
T6675,O=S(=O)([O-])Oc1ccc(C(c2ccc(OS(=O)(=O)[O-])cc2)c2ccccn2)cc1.[Na+].[Na+],68654,C18H13NNa2O8S2,481.4,,163,633,0,9,5
T6676,CC(C)OC(=O)[C@H](C)N[P@](=O)(OC[C@H]1O[C@@H](n2ccc(=O)[nH]c2=O)[C@](C)(F)[C@@H]1O)Oc1ccccc1,45375808,C22H29FN3O9P,529.5,1,153,913,3,11,11
T6678,O=C1CCc2c(ccc3ccccc23)O1,5269,C13H10O2,198.22,2.9,26.3,261,0,2,0
T6680,CN[C@@H]1C[C@H]2O[C@@](C)([C@@H]1OC)n1c3ccccc3c3c4c(c5c6ccccc6n2c5c31)C(=O)NC4,44259,C28H26N4O3,466.5,3.2,69.5,901,2,4,2
T6682,Cc1ccc(S(=O)(=O)Cc2nc(-c3ccc(C(=O)NCc4cccnc4)cc3)oc2C)cc1,20916937,C25H23N3O4S,461.5,3.2,111,739,1,6,7
T6683,Cc1cccc(Nc2nc(-c3ccncc3)cs2)c1,704473,C15H13N3S,267.4,3.8,66.1,281,1,4,3
T6684,C[N+](C)(C)CCOC(=O)CCC(=O)OCC[N+](C)(C)C.O.O.[Cl-].[Cl-],656867,C14H34Cl2N2O6,397.3,,54.6,284,2,8,11
T6685,CC1(C)[C@H](C(=O)[O-])N2C(=O)C[C@H]2S1(=O)=O.[Na+],23663973,C8H10NNaO5S,255.23,,103,452,0,5,1
T6686,Clc1ccc(CSC(Cn2ccnc2)c2ccc(Cl)cc2Cl)cc1.O=[N+]([O-])O,65495,C18H16Cl3N3O3S,460.8,,109,404,1,5,6
T6687,CC(C(=O)O)c1ccc(C(=O)c2cccs2)cc1,5359,C14H12O3S,260.31,3.3,82.6,321,1,4,4
T6688,CNCC(O)c1ccc(O)cc1.Cl,42609626,C9H14ClNO2,203.66,,52.5,122,4,3,3
T6689,O=C(Nc1ccncc1)c1cc([N+](=O)[O-])ccc1Cl,2777391,C12H8ClN3O3,277.66,2.3,87.8,342,1,4,2
T6690,O=S(=O)(c1ccccc1)N(CC(F)(F)F)c1ccc(C(O)(C(F)(F)F)C(F)(F)F)cc1,447912,C17H12F9NO3S,481.3,4.9,66,684,1,13,5
T6691,COc1ccc(Oc2cc(C)c(-c3csc(NC(=O)c4ccncc4)n3)c(C)c2)cc1,53389629,C24H21N3O3S,431.5,4.9,102,568,1,6,6
T6692,Cn1c(=O)c(F)c(Nc2ccc(I)cc2F)c2c(=O)n(C[C@@H](O)CO)cnc21,24963252,C17H15F2IN4O4,504.23,0.9,105,772,3,8,5
T6694,CC1(C)CCC(C)(C)c2cc(NC(=O)c3ccc(C(=O)O)cc3)ccc21,108143,C22H25NO3,351.4,5.4,66.4,546,2,3,3
T6695,COc1cccc2c1c(O)c(C(=O)N(C)c1ccc(C(F)(F)F)cc1)c(=O)n2C,54682876,C20H17F3N2O4,406.4,3.5,70.1,686,1,7,3
T6697,O=C1CC(=O)c2c(Cl)c(Cl)c(Cl)c(Cl)c21,2729042,C9H2Cl4O2,283.9,3.9,34.1,289,0,2,0
T6698,CCOC(=O)[C@H](CCc1ccccc1)N[C@H]1CS[C@H](c2cccs2)CN(CC(=O)O)C1=O.Cl,443873,C23H29ClN2O5S2,513.1,,149,644,3,8,11
T6699,CC1(C)CC(O)CC(C)(C)N1[O],5395,C9H19NO2,173.25,0.9,43.7,159,2,3,0
T6700,COc1ccc2[nH]c(S(=O)Cc3ncc(C)c(OC)c3C)nc2n1,636411,C16H18N4O3S,346.4,1.8,109,455,1,7,5
T6701,COc1cc2nc(N3CCN(C(=O)C4CCCO4)CC3)nc(N)c2cc1OC.Cl.O.O,63016,C19H30ClN5O6,459.9,,105,544,4,10,4
T6703,Cl.c1ccc2c(c1)CCCC2C1=NCCN1,10648,C13H17ClN2,236.74,,24.4,259,2,1,1
T6704,Nc1nc(N)c2nc(-c3cccc(O)c3)cnc2n1,17751063,C12H10N6O,254.25,0.4,124,317,3,7,1
T6705,Cc1ccccc1CN1C2=NCCN2C(=O)C2=C1CCN(Cc1ccccc1)C2,336423,C24H26N4O,386.5,2.3,39.2,693,0,3,4
T6706,CC1(C)S[C@@H]2[C@@H](NC(=O)[C@H](C(=O)[O-])c3ccsc3)C(=O)N2[C@@H]1C(=O)[O-].[Na+].[Na+],163358709,C15H14N2Na2O6S2,428.4,,183,628,1,8,3
T6707,C[N+]1(C)[C@@H]2C[C@@H](OC(=O)C(O)(c3cccs3)c3cccs3)C[C@H]1[C@@H]1O[C@@H]12.O.[Br-],11431811,C19H24BrNO5S2,490.4,,117,564,2,8,5
T6708,Cc1ccc(C(=O)c2cc(O)c(O)c([N+](=O)[O-])c2)cc1,4659569,C14H11NO5,273.24,3.3,103,372,2,5,2
T6710,COc1cc(C(=O)NC2CCCNC2)cc(OC)c1OC,5597,C15H22N2O4,294.35,1.2,68.8,326,2,5,5
T6711,COc1cc2ncc(-c3ccccc3)nc2cc1OC,2049,C16H14N2O2,266.29,2.8,44.2,307,0,4,3
T6713,CC(=O)[C@@]1(O)CC[C@H]2[C@@H]3CCC4=CC(=O)CCC4=C3[C@@H](c3ccc(N(C)C)cc3)C[C@@]21C,13559281,C28H35NO3,433.6,2.9,57.6,877,1,4,3
T6714,NC(=O)c1cccc(-c2cccc(OC(=O)NC3CCCCC3)c2)c1,1383884,C20H22N2O3,338.4,3.8,81.4,462,2,3,5
T6715,C=C[C@]1(C)C[C@@H](OC(=O)CSC(C)(C)CNC(=O)[C@H](N)C(C)C)[C@]2(C)[C@H](C)CC[C@]3(CCC(=O)[C@H]32)[C@@H](C)[C@@H]1O.Cl,60195218,C31H53ClN2O5S,601.3,,144,969,4,7,10
T6716,CCCCC(=O)N(Cc1ccc(-c2ccccc2-c2nn[nH]n2)cc1)[C@H](C(=O)O)C(C)C,60846,C24H29N5O3,435.5,4.4,112,608,2,6,10
T6717,COc1cc(C=O)ccc1O,1183,C8H8O3,152.15,1.2,46.5,135,1,3,2
T6718,COc1cc(CCC(C)=O)ccc1O,31211,C11H14O3,194.23,0.8,46.5,191,1,3,4
T6720,Cl.Cl.Clc1ccc(Nc2nnc(Cc3ccncc3)c3ccccc23)cc1,22386467,C20H17Cl3N4,419.7,,50.7,407,3,4,4
T6721,CC[C@]1(O)C[C@H]2C[N@@](CCc3c([nH]c4ccccc34)[C@@](C(=O)OC)(c3cc4c(cc3OC)N(C)[C@H]3[C@@](O)(C(=O)OC)[C@H](OC(C)=O)[C@]5(CC)C=CCN6CC[C@]43[C@@H]65)C2)C1,241903,C46H58N4O9,811.0,3.7,154,1700,3,12,10
T6723,OCC(CO)N[C@H]1C[C@](O)(CO)[C@@H](O)[C@H](O)[C@H]1O,444020,C10H21NO7,267.28,-4.1,154,263,8,8,5
T6725,CCCCOc1ccc(C(=O)Nc2ccc(F)cc2F)cc1,2296132,C17H17F2NO2,305.32,4.2,38.3,346,1,4,6
T6726,COc1cc(NC(=O)c2ccccn2)ccc1Cl,44191096,C13H11ClN2O2,262.69,2.6,51.2,288,1,3,3
T6727,O=C(Nc1cccc(Cl)c1)c1ccccn1,836002,C12H9ClN2O,232.66,2.6,42,247,1,2,2
T6728,CN1CCN(c2nc3ccccc3nc2Cl)CC1,24278976,C13H15ClN4,262.74,2.4,32.3,280,0,4,1
T6730,c1cncc(CN2CCC(n3ncc4c(N5CCOCC5)nc(-c5ccc6[nH]ccc6c5)nc43)CC2)c1,25229526,C28H30N8O,494.6,3,88,744,1,7,5
T6731,COC(=O)Nc1ccc(-c2nc(N3CCOCC3)c3cnn(C4CCN(C(=O)OC)CC4)c3n2)cc1,44219749,C24H29N7O5,495.5,1.9,124,753,1,9,6
T6732,COC(=O)Nc1ccc(-c2nc(N3CCOCC3)c3cnn(C4CCN(Cc5cccnc5)CC4)c3n2)cc1,25229450,C28H32N8O3,528.6,2.4,111,785,1,9,7
T6733,C=CC(=O)Nc1cccc(Oc2nc(Nc3ccc(N4CCN(C)CC4)cc3)ncc2Cl)c1,44607360,C24H25ClN6O2,464.9,4.3,82.6,638,2,7,7
T6734,C=CC(=O)Nc1cccc(Sc2nc(Nc3ccc(N4CCN(C)CC4)cc3)ncc2Cl)c1,44607531,C24H25ClN6OS,481.0,4.8,98.7,640,2,7,7
T6735,Cl.O=c1nc([C@@H]2CCCN2)[nH]c2c1oc1ccc(Cl)cc12,135564631,C14H13Cl2N3O2,326.2,,66.6,456,3,4,1
T6736,COc1cc(C(=O)NS(=O)(=O)c2ccccc2C)ccc1Cc1cn(C)c2ccc(NC(=O)OC3CCCC3)cc12,5717,C31H33N3O6S,575.7,5.5,124,1010,2,6,9
T6737,CC(C(=O)O)c1ccc2c(c1)CC(=O)c1ccccc1S2,5720,C17H14O3S,298.4,3.5,79.7,422,1,4,2
T6738,CC(NC(=O)[C@H](Cc1ccccc1)NC(=O)OCc1ccccc1)C(=O)CF,6915837,C21H23FN2O4,386.4,3.3,84.5,517,2,5,10
T6739,O=P(O)(O)C(O)(Cn1ccnc1)P(=O)(O)O,68740,C5H10N2O7P2,272.09,-4.3,153,327,5,8,4
T6742,OC[C@H]1OC(O)C[C@@H](O)[C@@H]1O,439268,C6H12O5,164.16,-1.6,90.2,128,4,5,1
T6743,CCC(=C(c1ccc(O)cc1)c1ccc(OCCN(C)C)cc1)c1ccccc1,63062,C26H29NO2,387.5,6.8,32.7,493,1,3,8
T6744,CC[N+](C)(CC)CCOC(=O)C(O)(c1ccccc1)c1ccccc1.[Br-],18493,C21H28BrNO3,422.4,,46.5,389,1,4,9
T6745,Nc1ncnc2c1c(I)cn2[C@@H]1O[C@H](CO)[C@@H](O)[C@H]1O,97297,C11H13IN4O4,392.15,-0.7,127,365,4,7,2
T6746,Nc1nc(=S)c2ncn([C@H]3C[C@H](O)[C@@H](CO)O3)c2[nH]1,3000603,C10H13N5O3S,283.31,-0.8,150,420,4,5,2
T6747,Nc1ncnc2c1nc(Br)n2[C@@H]1O[C@@H]2COP(=O)([O-])O[C@H]2[C@H]1O.[Na+],23702958,C10H10BrN5NaO6P,430.08,,158,538,2,10,1
T6749,Cc1c(-c2ccc(N3CCc4cccc(C(=O)Nc5nc6ccccc6s5)c4C3)nc2C(=O)O)cnn1CC12CC3CC(CC(C3)C1)C2,71565985,C38H38N6O3S,658.8,7.5,141,1180,2,8,7
T6750,O=C(NCc1ccncc1)C12CC3CC(C1)CC(c1ccc(Cl)cc1)(C3)C2,15604015,C23H25ClN2O,380.9,4.7,42,551,1,2,4
T6751,CC(=O)OCC[N+](C)(C)C.[I-],75271,C7H16INO2,273.11,,26.3,115,0,3,4
T6752,C[S+](CC[C@H](N)C(=O)[O-])C[C@H]1O[C@@H](n2cnc3c(N)ncnc32)[C@H](O)[C@@H]1O.Cc1ccc(S(=O)(=O)O)cc1.O=S(=O)(O)O.O=S(=O)(O)O,45072193,C22H34N6O16S4,766.8,,415,815,9,21,7
T6753,FC(F)(F)Oc1ccc2[nH]c(-c3ccc(OCCOCCOc4ccc(-c5nc6cc(OC(F)(F)F)ccc6[nH]5)nc4)cn3)nc2c1,49806644,C30H22F6N6O5,660.5,6.2,129,913,2,15,12
T6755,CN1CCCCC1Cn1cc(C(=O)c2cc([N+](=O)[O-])ccc2I)c2ccccc21,10141893,C22H22IN3O3,503.3,4.7,71.1,613,0,4,4
T6756,C[C@H]1CC[C@H](n2c3cnccc3c3cnc(Nc4ccc5c(n4)CCN(C(=O)CO)C5)nc32)CC1,60202647,C26H29N7O2,471.6,2.7,109,747,2,7,4
T6757,C[C@H](Nc1ncnc2nc[nH]c12)c1cc2ccc(F)cc2nc1-c1ccccn1,68947304,C21H16FN7,385.4,3.3,92.3,551,2,7,4
T6758,COc1ccc(C[C@H]2NC[C@H](O)[C@H]2OC(C)=O)cc1,253602,C14H19NO4,265.30,0.9,67.8,302,2,5,5
T6759,NCCOCCOCCNC(=O)Cc1ccc(Nc2nc(NCc3ccc(F)cc3)nc(NCC3CCCCC3)n2)cc1,24012277,C31H43FN8O3,594.7,4.4,148,749,5,11,18
T6760,COc1cc2ncnc(Nc3ccc(Oc4ccccc4)cc3C)c2cc1OC.Cl,122177134,C23H22ClN3O3,423.9,,65.5,502,2,6,6
T6762,CCn1cc(C(=O)O)c(=O)c2c(N)c(F)c(NC3CCCCC3)cc21,72193864,C18H22FN3O3,347.4,3.6,95.7,562,3,7,4
T6763,CN[C@@H](C)C(=O)N[C@H]1CN(C(=O)CC(C)C)CC[C@H]2CC[C@@H](C(=O)NC(c3ccccc3)c3ccccc3)N2C1=O,25022340,C32H43N5O4,561.7,3.1,111,896,3,5,9
T6765,CCC1(c2cnc[nH]2)Cc2ccccc2C1.Cl,13649426,C14H17ClN2,248.75,,28.7,237,2,1,2
T6766,CCC1(c2cnc[nH]2)Cc2ccccc2C1,71310,C14H16N2,212.29,3,28.7,237,1,1,2
T6767,CCN1CCN(C(=O)Cc2ccc(Nc3ncc(F)c(Nc4ccc(C(=O)Nc5ccccc5Cl)cc4)n3)cc2)CC1,44139710,C31H31ClFN7O2,588.1,5.1,102,862,3,8,9
T6768,Cc1cc(N2C[C@@H](C)N[C@@H](C)C2)ncc1-c1ccc(-c2nc3c(ccn3C)c(=O)[nH]2)cc1,135905416,C25H28N6O,428.5,3,74.6,709,2,5,3
T6770,CN(C)CCCOc1ccc(-c2ccc3ncc4c(c3c2)n(C2CCOCC2)c(=O)n4C)cn1,118502708,C26H31N5O3,461.6,2.9,71,687,0,6,7
T6771,Cc1noc(C)c1-c1ccc(-c2cc(C(N)=O)c(NC(N)=O)s2)c(O[C@H]2CCNC2)c1,91666658,C21H23N5O4S,441.5,2.2,174,670,4,7,6
T6773,C[C@@H](Nc1cc(F)cc(F)c1)c1cc(C(=O)N(C)C)cc2c(=O)cc(N3CCOCC3)oc12,52913813,C24H25F2N3O4,457.5,3,71.1,748,1,8,5
T6774,CCn1nc(C2CCN(C(=O)CCO)CC2)nc1-c1cnc(N)c(-c2nnc(C(C)(C)C)o2)n1,76685059,C22H31N9O3,469.5,0.1,162,685,2,10,7
T6775,Nc1nc(-c2nn(Cc3ccccc3F)c3ncccc23)ncc1C1CC1,9798973,C20H17FN6,360.4,3.1,82.5,517,1,6,4
T6776,COc1ccc(-c2cc3nccn3c(Nc3ncccc3C(N)=O)n2)cc1OC.Cl.Cl,11784504,C20H20Cl2N6O3,463.3,,117,566,4,7,6
T6777,COC(=O)C1=C(C)NC(C)=C([N+](=O)[O-])C1c1ccccc1C(F)(F)F,2303,C16H15F3N2O4,356.30,3.4,84.2,634,1,8,3
T6779,Cl.N[C@@H](CSCCB(O)O)C(=O)O,91826515,C5H13BClNO4S,229.49,,129,145,5,6,6
T6780,NC(=O)c1ccccc1,2331,C7H7NO,121.14,0.6,43.1,105,1,1,1
T6781,NS(=O)(=O)c1ccccc1,7370,C6H7NO2S,157.19,0.3,68.5,186,1,3,1
T6783,COc1cc(-c2cn(C)c(=O)c3cnccc23)cc(OC)c1CN(C)C,118796358,C20H23N3O3,353.4,1.4,54.9,522,0,5,5
T6784,O=c1[nH]nc(Sc2ncc([N+](=O)[O-])s2)n1-c1ccc2c(c1)OCCO2,2747117,C13H9N5O5S2,379.4,2.7,175,588,1,9,3
T6786,COc1cc(-c2cn(C)c(=O)c3cnccc23)c(OC)cc1CN(C)C,117072549,C20H23N3O3,353.4,1.4,54.9,536,0,5,5
T6788,C[C@H](Oc1ccc(S(C)(=O)=O)cc1C(=O)N1CCN(c2ncc(C(F)(F)F)cc2F)CC1)C(F)(F)F,24946690,C21H20F7N3O4S,543.5,4,88.2,872,0,13,5
T6789,CCCNC(=O)c1cn2ncnc(Nc3cc(C(=O)NC4CC4)ccc3C)c2c1C,10409068,C22H26N6O2,406.5,3,100,627,3,5,7
T6790,CCn1c(C(=O)N(C2CC2)C2CC2)cc2c3c(ncn3C)c(Nc3cc(C)n(C)n3)nc21,50922691,C23H28N8O,432.5,2.9,85.8,717,1,5,6
T6791,O=C(Cc1ccccc1)Nc1nnc(CCSCCc2nnc(NC(=O)Cc3ccccc3)s2)s1,3372016,C24H24N6O2S3,524.7,4,192,609,2,9,12
T6792,CC(C)C[C@@H]1NC(=O)[C@@H](C(C)C)NC(=O)[C@@H]2CCCN2C(=O)[C@@H](CC(=O)O)NC(=O)[C@@H](Cc2c[nH]c3ccccc23)NC1=O,443289,C31H42N6O7,610.7,2.2,190,1110,6,7,7
T6793,CCOC(=O)c1ccc(NC(=O)O[C@H]2[C@H](OC(=O)Nc3ccc4c(c3)OCO4)[C@@H](OC(=O)Nc3ccc4c(c3)OCO4)[C@@H](OC)O[C@@H]2CO)cc1,23891512,C33H33N3O15,711.6,3.1,217,1200,4,15,14
T6794,O=c1[nH]c(=O)n([C@H]2C[C@H](O)[C@@H](CO)O2)cc1Br,6035,C9H11BrN2O5,307.10,-0.3,99.1,386,3,5,2
T6795,C[C@@](Cc1ccc(O)c(O)c1)(NN)C(=O)O,34359,C10H14N2O4,226.23,-2.2,116,261,5,6,4
T6796,Cc1cc2c(C(N)=O)cccc2n1-c1nc2c(c(NCc3ccccc3)n1)COCC2,73051434,C24H23N5O2,413.5,3.1,95.1,627,2,5,5
T6797,O=C(Cc1cccc(OC(F)(F)F)c1)Nc1ccc(CCCCc2nnc(NC(=O)Cc3ccccn3)s2)nn1,71577426,C26H24F3N7O3S,571.6,3.6,160,812,2,12,12
T6798,NC(=O)c1cc(N2CC2)c([N+](=O)[O-])cc1[N+](=O)[O-],89105,C9H8N4O5,252.18,0,138,385,1,6,2
T6801,Cn1c(=O)cc(C(=O)Nc2ccc3c(c2)OCCO3)c2ccccc21,110694558,C19H16N2O4,336.3,1.8,67.9,576,1,4,2
T6802,CC(=O)Oc1ccc2c(c1)Oc1cc(OC(C)=O)ccc1C21OC(=O)c2cc(C(=O)ON3C(=O)CCC3=O)ccc21.CC(=O)Oc1ccc2c(c1)Oc1cc(OC(C)=O)ccc1C21OC(=O)c2ccc(C(=O)ON3C(=O)CCC3=O)cc21,16211581,C58H38N2O22,1114.9,,304,2190,0,22,14
T6805,C[N+](C)(C)CCO.O=C([O-])[C@H](O)[C@@H](O)C(=O)O,6900,C9H19NO7,253.25,,138,193,4,7,4
T6809,CCS(=O)(=O)N1CCC(C(C)n2c(C)c(C(=O)NCc3c(OC)cc(C)[nH]c3=O)c3ccccc32)CC1,78357814,C27H36N4O5S,528.7,2.8,118,1040,2,6,8
T6811,C[C@@H]1CC(=O)Nc2cccc(-c3ccc4c(c3)c(-c3cnn(C)c3)nn4C)c2N1,121271792,C22H22N6O,386.4,2.5,76.8,616,2,4,2
T6812,N=C(N)NCCC[C@@H]1NC(=O)[C@H](CCCCN)NC(=O)[C@@H](Cc2ccccc2)NC(=O)[C@H](CC(=O)O)NC(=O)CNC1=O,10196873,C27H41N9O7,603.7,-4.7,273,1010,9,9,12
T6813,N=C(N)NCCC[C@@H]1NC(=O)[C@H](CCCCN)NC(=O)[C@@H](Cc2ccc(O)cc2)NC(=O)[C@H](CC(=O)O)NC(=O)CNC1=O.O=C(O)C(F)(F)F.O=C(O)C(F)(F)F,129896716,C31H43F6N9O12,847.7,,368,1130,12,20,12
T6814,CN1CCC(=C2c3ccccc3C=Cc3ccccc32)CC1.Cl,13770,C21H22ClN,323.9,,3.2,423,1,1,0
T6816,Nc1cccc(S(=O)(=O)N2CCCN(S(=O)(=O)c3ccc4c(c3)OCCO4)CC2)c1,44543605,C19H23N3O6S2,453.5,1.1,136,794,1,9,4
T6817,COc1cc2c(cc1OC)[C@@H]1C(=O)c3ccc4c(c3O[C@@H]1CO2)C=CC(C)(C)O4,107935,C23H22O6,394.4,3.7,63.2,674,0,6,2
T6818,COc1ccc2[nH]cc(C=C3C(=O)Nc4ccc(NC(=O)CCN5CCCCC5)cc43)c2c1,69726164,C26H28N4O3,444.5,3,86.5,750,3,4,6
T6820,O=C([O-])CC[C@@H](O)C(=O)[O-].[Na+].[Na+],51051608,C5H6Na2O5,192.08,,100,130,1,5,2
T6821,CN(C)C(=S)NN=C(c1ccccn1)c1ccccn1,10334137,C14H15N5S,285.37,2.2,85.5,335,1,4,3
T6822,O=C(NN=Cc1cc(O)c(O)cc1O)c1cc2ccccc2cc1O,136727641,C18H14N2O5,338.3,3.2,122,500,5,6,3
T6824,O=C(Nc1nccs1)C(c1cc(F)ccc1O)N1Cc2ccccc2C1=O,121231412,C19H14FN3O3S,383.4,2.7,111,580,2,6,4
T6826,C[C@H](NC(=O)C(=O)Nc1ccccc1C(C)(C)C)C(=O)N[C@@H](CC(=O)O)C(=O)COc1c(F)c(F)cc(F)c1F,12000240,C26H27F4N3O7,569.5,3.6,151,934,4,11,11
T6829,CC(C)(c1ccc(OCC(O)CO)cc1)c1ccc(OCC(O)CCl)cc1,4166922,C21H27ClO5,394.9,3.3,79.2,403,3,5,10
T6830,CC[C@H](C)[C@H](NC(=O)[C@H]([C@@H](C)CC)N(C)C(C)=O)C(=O)N[C@H](C(=O)N[C@@H](CC(C)C)C(=O)[C@@]1(C)CO1)[C@@H](C)O,11226684,C28H50N4O7,554.7,2.3,157,895,4,7,16
T6832,Br.CCCc1cc(-c2nc(-c3ccc(C)cc3)cs2)ccn1,2850562,C18H19BrN2S,375.3,,54,314,1,3,4
T6833,NC(=O)c1nc(F)cnc1O,492405,C5H4FN3O2,157.10,-0.6,84.6,281,2,4,1
T6835,CS(=O)(=O)O.Oc1ccc(C2CNCCc3c2cc(O)c(O)c3Cl)cc1,49659,C17H20ClNO6S,401.9,,135,441,5,7,1
T6836,C=CC(=O)Nc1ccc(CN2C(=O)N(c3cc(OC)cc(OC)c3)Cc3cnc(Nc4ccc(N5CCN(C)CC5)cc4)nc32)cc1,91825767,C35H38N8O4,634.7,4,115,1030,2,9,10
T6837,CN1CC[C@H](c2c(O)cc(O)c3c(=O)cc(-c4ccccc4Cl)oc23)[C@H](O)C1,5287969,C21H20ClNO5,401.8,3.3,90.2,628,3,6,2
T6839,CCn1c(=O)c(-c2ccc(-c3cncc(C)n3)cc2Cl)cc2cnc(NCCC3CCN(C)CC3)nc21,71557891,C28H32ClN7O,518.1,4.1,87.1,803,1,7,7
T6840,CCn1c(=O)c(-c2ccc(Cl)cc2Cl)cc2cnc(Nc3ccc(N4CCNCC4)c(F)c3)nc21,68060125,C25H23Cl2FN6O,513.4,4.8,73.4,783,2,7,5
T6843,O=C(NOCCO)c1ccc2cncn2c1Nc1ccc(I)cc1F,42642654,C16H14FIN4O3,456.21,3.7,87.9,461,3,6,6
T6844,COC(=O)[C@H](CC(C)C)NC(=O)c1ccc(NC[C@@H](N)CS)cc1-c1cccc2ccccc12.O=C(O)C(F)(F)F,16078971,C29H34F3N3O5S,593.7,,132,744,5,11,11
T6845,COC1(c2sc3c(N4CCOCC4)nc(-c4cnc(N)nc4)nc3c2C)COC1,70676303,C19H22N6O3S,414.5,0.5,137,570,1,10,4
T6846,CCCCOc1nc(N)c2c(n1)N(Cc1cccc(CN3CCCC3)c1)CC(=O)N2,46241268,C22H30N6O2,410.5,2.7,96.6,558,2,7,8
T6847,O=C(O)CCNc1cc(N2CCc3ccccc3CC2)nc(-c2ccccn2)n1,56963315,C22H23N5O2,389.4,3.6,91.2,517,2,7,6
T6848,CC(C)C[C@H](NC(=O)c1cc2ccccc2s1)C(=O)N1CCN(C(=O)[C@H](CO)NS(=O)(=O)c2ccc(Cl)cc2Cl)CC1,23630211,C28H32Cl2N4O6S2,655.6,4.4,173,1070,3,8,10
T6849,Cn1ncc(Cl)c1-c1cc(C(=O)N[C@H](CN)Cc2ccc(F)c(F)c2)oc1Cl,51042438,C18H16Cl2F2N4O2,429.2,3.4,86.1,550,2,6,6
T6852,CN1C(=O)[C@@H](NC(=O)c2cc(Cc3ccccc3)on2)COc2ccccc21,90351311,C21H19N3O4,377.4,2.8,84.7,566,1,5,4
T6853,O=C(NC[C@H](O)CN1CCc2ccccc2C1)c1ccnc(NC2CCC2)c1,117072552,C22H28N4O2,380.5,2.3,77.5,513,3,5,7
T6854,COc1cccc(-n2c(=O)[nH]c3cc(Cl)n(-c4ccc(-c5cccc(OC)c5O)cc4)c3c2=O)c1,54577153,C26H20ClN3O5,489.9,5.1,93,778,2,5,5
T6855,CC(=O)Nc1nc(-c2cccc(NS(=O)(=O)c3cccc4c(N(C)C)cccc34)c2)cs1,73890923,C23H22N4O3S2,466.6,4,128,757,2,7,6
T6856,O=C(C[C@@H]1NCCC[C@H]1O)Cn1cnc2cc(Br)c(Cl)cc2c1=O,400772,C16H17BrClN3O3,414.7,1.4,82,533,2,5,4
T6857,CCn1c2ccccc2c2cc(CNCc3ccccc3OC)ccc21.Cl,17208222,C23H25ClN2O,380.9,,26.2,442,2,2,6
T6858,CCCCCC(=O)O[C@]1(C(C)=O)CC[C@H]2[C@@H]3CCC4=CC(=O)CC[C@]4(C)[C@H]3CC[C@@]21C,169870,C27H40O4,428.6,5.7,60.4,797,0,4,7
T6859,CCn1cc(-c2cccc(C(F)(F)F)c2)c2sc(C(=N)NC3CCS(=O)(=O)CC3)cc2c1=O,91668541,C22H22F3N3O3S2,497.6,2.9,129,915,1,8,4
T6860,Cc1ccc(OCC(O)C(C)NC(C)C)c2c1CCC2.Cl,11957590,C17H28ClNO2,313.9,,41.5,295,3,3,6
T6861,CCOC(=O)COc1ccc(C=C2SC(=S)NC2=O)cc1OC,2844819,C15H15NO5S2,353.4,3,131,508,1,7,7
T6862,O=C1Nc2ccccc2C1=O,7054,C8H5NO2,147.13,0.8,46.2,212,1,2,0
T6863,O=[N+]([O-])O[C@@H]1CO[C@H]2[C@@H]1OC[C@@H]2O,27661,C6H9NO6,191.14,-0.4,93.7,216,1,6,1
T6865,Cl.Cl.Cn1cc(CNCC2CCN(c3ncc(C(=O)NO)cn3)CC2)c2ccccc21,122129987,C21H28Cl2N6O2,467.4,,95.3,533,5,6,6
T6866,CN1CCN(Cc2ccc(NC(=O)Nc3ccc(Oc4ccnc(N)n4)cc3)cc2C(F)(F)F)CC1,11260561,C24H26F3N7O2,501.5,2.8,109,700,3,10,6
T6867,CC(C)NC(=O)COc1cccc(-c2nc(Nc3ccc4[nH]ncc4c3)c3ccccc3n2)c1,11950170,C26H24N6O2,452.5,4.8,105,678,3,6,7
T6870,CC(C)C[C@H](NC(=O)[C@H](Cc1ccccc1)C[C@@H](O)[C@H](Cc1ccccc1)NC(=O)OC(C)(C)C)C(=O)N[C@@H](Cc1ccccc1)C(N)=O,5479543,C39H52N4O6,672.9,5.9,160,1030,5,6,19
T6871,N[C@@H](CCC(=O)O)C(=O)[O-].[Na+],23672308,C5H8NNaO4,169.11,,103,149,2,5,4
T6872,CCCCCCNC(=O)Nc1ccc(S(=O)(=O)Nc2ccc(CCNC[C@H](O)COc3ccc(O)cc3)cc2)cc1,9829836,C30H40N4O6S,584.7,4.3,157,817,6,8,17
T6873,CCCCCCCCCCCC(=O)O,3893,C12H24O2,200.32,4.2,37.3,132,1,2,10
T6874,COC(=O)C1=C(C)NC(C)=C(C(=O)OC(C)(C)CN(C)CCC(c2ccccc2)c2ccccc2)C1c1cccc([N+](=O)[O-])c1.Cl,157917,C36H42ClN3O6,648.2,,114,1090,2,8,13
T6875,O=C(O)CSc1nnc(Br)n1-c1ccc(C2CC2)c2ccccc12,53465279,C17H14BrN3O2S,404.3,4.7,93.3,479,1,5,5
T6876,CCCCCCCCCCCCCCCC(=O)N[C@@H](CCC(=O)NCCCC[C@H](NC(=O)[C@H](C)NC(=O)[C@H](C)NC(=O)[C@H](CCC(N)=O)NC(=O)CNC(=O)[C@H](CCC(=O)O)NC(=O)[C@H](CC(C)C)NC(=O)[C@H](Cc1ccc(O)cc1)NC(=O)[C@H](CO)NC(=O)[C@H](CO)NC(=O)[C@@H](NC(=O)[C@H](CC(=O)O)NC(=O)[C@H](CO)NC(=O)[C@@H](NC(=O)[C@H](Cc1ccccc1)NC(=O)[C@@H](NC(=O)CNC(=O)[C@H](CCC(=O)O)NC(=O)[C@H](C)NC(=O)[C@@H](N)Cc1cnc[nH]1)[C@@H](C)O)[C@@H](C)O)C(C)C)C(=O)N[C@@H](CCC(=O)O)C(=O)N[C@@H](Cc1ccccc1)C(=O)N[C@H](C(=O)N[C@@H](C)C(=O)N[C@@H](Cc1c[nH]c2ccccc12)C(=O)N[C@@H](CC(C)C)C(=O)N[C@H](C(=O)N[C@@H](CCCNC(=N)N)C(=O)NCC(=O)N[C@@H](CCCNC(=N)N)C(=O)NCC(=O)O)C(C)C)[C@@H](C)CC)C(=O)O,16134956,C172H265N43O51,3751,-3.4,1510,8760,54,55,132
T6877,CN1CCN(c2ccc(-c3ccncc3-c3cc(F)c(O)c(F)c3)cc2)CC1,73010393,C22H21F2N3O,381.4,3.9,39.6,482,1,6,3
T6878,Oc1c(F)cc(-c2cnccc2-c2ccc(N3CCOCC3)cc2)cc1F,118704762,C21H18F2N2O2,368.4,3.7,45.6,457,1,6,3
T6880,O=C(Nc1cnn2ccc(N3CCC[C@@H]3c3cc(F)ccc3F)nc12)N1CC[C@H](O)C1.O=S(=O)(O)O,67330085,C21H24F2N6O6S,526.5,,169,741,4,11,3
T6882,CNc1ncc2cc(-c3cc(NC(=O)NCCC(C)(C)C)c(F)cc3C)c(C)nc2n1,71721540,C23H29FN6O,424.5,4.7,91.8,599,3,6,6
T6883,CO[C@@H](C)Cn1c(=O)n(C)c2cnc3ccc(-c4cncc(C(C)(C)O)c4)cc3c21,57519748,C23H26N4O3,406.5,1.7,78.8,630,1,5,5
T6885,CNC(=O)[C@@H](NC(=O)[C@H](CC(C)C)[C@H](O)C(=O)NO)C(C)(C)C,119031,C15H29N3O5,331.41,0.5,128,431,5,5,8
T6887,CC(C)(O)c1coc(S(=O)(=O)[N-]C(=O)Nc2c3c(cc4c2CCC4)CCC3)c1.[Na+],91826093,C20H23N2NaO5S,426.5,,106,690,2,6,4
T6888,CN(C)c1ccc2nc3ccc(=[N+](C)C)cc-3sc2c1.[Cl-],6099,C16H18ClN3S,319.9,,43.9,483,0,4,1
T6890,CO[C@@]12[C@H](COC(N)=O)C3=C(C(=O)C(C)=C(N)C3=O)N1C[C@@H]1N[C@@H]12,5746,C15H18N4O5,334.33,-0.4,147,757,3,8,4
T6891,Cn1c(-c2ccccc2C(F)(F)F)nnc1C12CCC(c3noc(C4CC(F)(F)C4)n3)(CC1)CC2,16222379,C24H24F5N5O,493.5,5,69.6,779,0,10,4
T6892,Cc1ccc(S(=O)(=O)O)cc1.NC(=O)c1cccc2cn(-c3ccc([C@@H]4CCCNC4)cc3)nc12,78357761,C26H28N4O4S,492.6,,136,655,3,6,4
T6893,CC(C)c1ccc2c(c1)c(SC(C)(C)C)c(CC(C)(C)C(=O)O)n2Cc1ccc(Cl)cc1,3651377,C27H34ClNO2S,472.1,7.6,67.5,638,1,3,8
T6895,CC(NC(=O)c1ncnc(N)c1Cl)c1ncc(C(=O)Nc2cc(C(F)(F)F)c(Cl)cn2)s1,57569468,C17H12Cl2F3N7O2S,506.3,3,164,695,3,11,5
T6896,Cc1cccc(Oc2cnc(=O)[nH]c2)c1,39065,C11H10N2O2,202.21,1.4,50.7,310,1,2,2
T6898,CCCN(CCC)C(=O)C1=Cc2ccc(-c3ccc(C(=O)N4CCCC4)cc3)cc2N=C(N)C1,16049404,C28H34N4O2,458.6,3.8,79,771,1,3,7
T6899,CN1CCc2cc(Nc3ncc(C4CC4)c(NCCCNC(=O)C4CCC4)n3)ccc2C1,59225335,C25H34N6O,434.6,4.4,82.2,624,3,6,9
T6900,CC(C)Oc1ccc(-c2c[nH]cc2CN(C)CCN)cc1,92136227,C17H25N3O,287.4,2,54.3,290,2,3,7
T6901,Cc1cc(C(N)=O)ccc1-n1c(CCC(=O)O)ccc1-c1ccc(-n2ccnc2)cc1,44623946,C24H22N4O3,414.5,2.8,103,636,2,4,7
T6903,CC(C)CCn1c(CN2CCN(C(=O)C3CC3)CC2)nc2c1c(=O)n(C)c(=O)n2C,92044412,C21H32N6O3,416.5,0.8,82,688,0,5,6
T6905,Cc1ccccc1-c1cc(N2CCN(C)CC2)ncc1N(C)C(=O)C(C)(C)c1cc(C(F)(F)F)cc(C(F)(F)F)c1,6451149,C30H32F6N4O,578.6,6.8,39.7,865,0,10,5
T6907,Cc1c(C(=O)Nc2ccc(Oc3ccnc4[nH]cc(-c5ccccc5)c34)c(F)c2)c(=O)n(-c2ccc(F)cc2)n1C,46194178,C31H23F2N5O3,551.5,5.8,90.6,998,2,7,6
T6908,O=[N+]([O-])c1ccc(Sc2cccc[n+]2[O-])c2nonc12,313619,C11H6N4O4S,290.26,1.3,136,369,0,7,2
T6909,Cc1ccc2nc(CN(CCN(Cc3nc4ccc(C)cc4[nH]3)Cc3nc4ccc(C)cc4[nH]3)Cc3nc4ccc(C)cc4[nH]3)[nH]c2c1,335974,C38H40N10,636.8,6.1,121,891,4,6,11
T6912,Cc1nc2c(O)cccc2c(=O)[nH]1,135398517,C9H8N2O2,176.17,0.3,61.7,262,2,3,0
T6916,CN1CCN(c2ccc(-c3cccc(CN4CCOCC4)c3)cc2NC(=O)c2c[nH]c(=O)cc2C(F)(F)F)CC1,91623360,C29H32F3N5O3,555.6,2.2,77.2,972,2,9,6
T6918,C=CC(=O)Nc1cccc(Oc2nc(Nc3ccc(N4CCN(C)CC4)cc3)nc3ccsc23)c1,54758501,C26H26N6O2S,486.6,4.7,111,712,2,8,7
T6921,C=CC(=O)N1CCC[C@H](n2c(=O)n(-c3ccc(Oc4ccccc4)cc3)c3c(N)ncnc32)C1,89455219,C25H24N6O3,456.5,2.9,105,751,1,6,5
T6922,Cl.Cl.NC1CCC(N[C@@H]2C[C@H]2c2ccccc2)CC1,71664305,C15H24Cl2N2,303.3,,38.1,239,4,2,3
T6924,CN1CC[C@@H](c2c(O)cc(O)c3c(=O)cc(-c4ccccc4Cl)oc23)[C@@H]1CO.Cl,23643975,C21H21Cl2NO5,438.3,,90.2,628,4,6,3
T6925,CC(=O)c1cc([N+](=O)[O-])c(Sc2cccc(Cl)c2Cl)s1,2819993,C12H7Cl2NO3S2,348.2,5.1,116,393,0,5,3
T6926,CCCCCCCCCCCCCCCC(=O)NCCO,4671,C18H37NO2,299.5,6.2,49.3,219,2,2,16
T6928,COc1ccnc(CS(=O)c2nc3ccc(OC(F)F)cc3[nH]2)c1OC,4679,C16H15F2N3O4S,383.4,2.4,106,490,1,9,7
T6929,COc1ccnc(CS(=O)c2nc3cc(OC(F)F)ccc3[n-]2)c1OC.[Na+],15008962,C16H14F2N3NaO4S,405.4,,90.8,497,0,10,7
T6930,Cc1ccc(Nc2nccc(N(C)c3ccc4c(C)n(C)nc4c3)n2)cc1S(N)(=O)=O.Cl,11525740,C21H24ClN7O2S,474.0,,127,717,3,8,5
T6931,CCN(CC)CCOc1ccc(Nc2ncc3cc(-c4c(Cl)cccc4Cl)c(=O)n(C)c3n2)cc1,5311382,C26H27Cl2N5O2,512.4,5.6,70.6,719,1,6,9
T6932,C=CC(=O)Nc1ccc2ncnc(Nc3cccc(Br)c3)c2c1,4708,C17H13BrN4O,369.2,3.9,66.9,433,2,4,4
T6933,NC(=O)c1cnc2[nH]ccc2c1N[C@H]1C2CC3CC1C[C@](O)(C3)C2,57928435,C18H22N4O2,326.4,1.9,104,525,4,4,3
T6934,Cc1ccc(-n2nc(C(C)(C)C)cc2NC(=O)NCc2cc(F)ccc2Oc2ccc3c(cnn3CCO)c2)cc1,24765037,C31H33FN6O3,556.6,5.3,106,852,3,6,9
T6935,CCC[C@H](N[C@H]1CCc2cc(F)cc(F)c2C1)C(=O)Nc1cn(C(C)(C)CNCC(C)(C)C)cn1,46224413,C27H41F2N5O,489.6,4.8,71,685,3,6,11
T6937,Nc1ncnc2c1C(=O)N(c1ccc([C@H]3CC[C@H](CC(=O)O)CC3)cc1)CCO2,46926360,C21H24N4O4,396.4,3.3,119,587,2,7,4
T6940,Cl.O=C1NCCc2[nH]c(-c3ccncc3)cc21,11715766,C12H12ClN3O,249.69,,57.8,275,3,2,1
T6941,CCCc1ccc(OCC(=O)N(Cc2nc(-c3cccnc3)no2)C(C)C)cc1,56945245,C22H26N4O3,394.5,3.9,81.4,496,0,6,9
T6942,NC(=O)c1ccccn1,15070,C6H6N2O,122.12,0.2,56,114,1,2,1
T6945,Nc1ncc(-c2ccnc(Nc3ccncc3)n2)c(CC2CC2)n1,67983123,C17H17N7,319.4,2,103,396,2,7,5
T6946,CC(C)COc1ccc(CNC(=O)N(Cc2ccc(F)cc2)C2CCN(C)CC2)cc1.CC(C)COc1ccc(CNC(=O)N(Cc2ccc(F)cc2)C2CCN(C)CC2)cc1.O=C(O)[C@H](O)[C@@H](O)C(=O)O,11672491,C54H74F2N6O10,1005.2,,205,657,6,14,19
T6948,Cc1cc(Nc2ncc3c(n2)N(C)C(=O)N(c2cc(NC(=O)c4cccc(C(F)(F)F)c4)ccc2C)C3)n(C)n1,12003241,C27H25F3N8O2,550.5,4,108,925,2,9,5
T6949,CCN(C)S(=O)(=O)Nc1ccc(F)c(C(=O)c2c[nH]c3ncc(-c4cnc(C5CC5)nc4)cc23)c1F,90116945,C24H22F2N6O3S,512.5,2.6,129,895,2,10,8
T6950,COc1cc(OC)c(NC(=O)Nc2cc(C)on2)cc1Cl,311434,C13H14ClN3O4,311.72,2.2,85.6,360,2,5,4
T6951,CCCN[C@H]1CCc2nc(N)sc2C1.Cl.Cl.O,166589,C10H21Cl2N3OS,302.3,,80.2,188,5,5,3
T6952,CC(=O)Oc1cc2c(s1)CCN(C(C(=O)C1CC1)c1ccccc1F)C2.Cl,10158453,C20H21ClFNO3S,409.9,,74.9,555,1,6,6
T6953,CCCNC(C)C(=O)Nc1ccccc1C,4906,C13H20N2O,220.31,2.1,41.1,218,2,2,5
T6954,O=C1C2CCN(CC2)C1(CO)CO,322968,C9H15NO3,185.22,-0.6,60.8,217,2,4,2
T6955,CCCNCC(O)COc1ccccc1C(=O)CCc1ccccc1.Cl,36708,C21H28ClNO3,377.9,,58.6,368,3,4,11
T6956,NC(=O)[C@@H]1CCCN1C(=O)[C@H](Cc1cnc[nH]1)NC(=O)[C@@H]1CCC(=O)N1,638678,C16H22N6O4,362.38,-2.5,150,597,4,5,6
T6957,Cc1cccc(Nc2nc(N[C@@H]3CCCC[C@@H]3N)ncc2C(N)=O)c1,11493841,C18H24N6O,340.4,2.6,119,447,4,6,5
T6958,COCCCN1CCC(NC(=O)c2cc(Cl)c(N)c3c2OCC3)CC1.O=C(O)CCC(=O)O,9870009,C22H32ClN3O7,486.0,,151,538,4,9,9
T6961,Cl.Cl.N[C@@H](Cc1ccc([N+]([O-])(CCCl)CCCl)cc1)C(=O)O,11234794,C13H20Cl4N2O3,394.1,,81.4,304,4,4,8
T6963,CCOc1ccccc1O[C@H](c1ccccc1)[C@H]1CNCCO1.CS(=O)(=O)O,127150,C20H27NO6S,409.5,,102,425,2,7,6
T6964,CCOCc1nc2c(N)nc3ccccc3c2n1CC(C)(C)O,159603,C17H22N4O2,314.4,1.3,86.2,406,2,5,5
T6965,CCOc1cc(C(C)(C)C)ccc1C1=N[C@@](C)(c2ccc(Cl)cc2)[C@@](C)(c2ccc(Cl)cc2)N1C(=O)N1CCN(CCCS(C)(=O)=O)CC1,57406853,C38H48Cl2N4O4S,727.8,7.3,90.9,1260,0,6,10
T6966,N=C(N)NCCC[C@H](N)C(=O)NCC(=O)N[C@@H](CC(=O)O)C(=O)O,104802,C12H22N6O6,346.34,-6,223,504,7,8,11
T6967,COS(=O)(=O)[O-].Cc1cc2c3c([n+](C)c4ccc(F)cc4c3c1)-c1cc(F)ccc1N2C,9804187,C23H20F2N2O4S,458.5,,81.9,633,0,7,0
T6968,COC(=O)N(C)c1c(N)nc(-c2nn(Cc3ccccc3F)c3ncccc23)nc1N,11304743,C20H19FN8O2,422.4,1.6,138,618,2,9,5
T6970,COc1ccc(Cn2c3ncnc4c(ncn4Cc4ccc(OC)cc4)c-3nc2=O)cc1,152765215,C23H22N6O3,430.5,1.6,93,742,2,5,6
T6971,CNS(=O)(=O)Nc1nccc(Cc2c(C)c3ccc(Oc4ncccn4)cc3oc2=O)c1F,16719221,C21H18FN5O5S,471.5,2,141,844,2,11,7
T6973,CC(C)c1cc(-c2ccc(F)c3ccccc23)nc(N)n1,196968,C17H16FN3,281.33,4,51.8,349,1,4,2
T6974,Cn1ccnc1.O=C1NS(=O)(=O)c2ccccc21,9813926,C11H11N3O3S,265.29,,89.4,348,1,4,0
T6975,CNCC(=O)O,1088,C3H7NO2,89.09,-2.8,49.3,52,2,3,2
T6976,COc1nccc(-c2c(-c3ccc(F)cc3)ncn2[C@H]2CC[C@H](O)CC2)n1,5166,C20H21FN4O2,368.4,2.6,73.1,469,1,6,4
T6979,Nc1nc2c(cnn2CCc2ccccc2)c2nc(-c3ccco3)nn12,176408,C18H15N7O,345.4,2.4,100,488,1,6,4
T6980,O=C(CCCCCN1C(=O)c2cccc3cccc(c23)C1=O)NO,5186,C18H18N2O4,326.3,2,86.7,477,2,4,6
T6984,Cc1cc(C)nc(SCC(=O)Nc2ncc(Cc3cccc4ccccc34)s2)n1,1096292,C22H20N4OS2,420.6,5.3,121,541,1,6,6
T6986,CC(C)(C)C(=O)Oc1ccc(S(=O)(=O)Nc2ccccc2C(=O)NCC(=O)O)cc1,107706,C20H22N2O7S,434.5,3,147,731,3,8,9
T6988,Cl.Oc1cc2c(cc1O)C(c1ccccc1)CNCC2,147514,C16H18ClNO2,291.77,,52.5,290,4,3,1
T6989,O=C(NCCCn1ccnc1)c1cc(-c2ccco2)on1,16003447,C14H14N4O3,286.29,0.8,86.1,355,1,5,6
T6992,Nc1ccc(S(=O)(=O)[N-]c2ncccn2)cc1.[Na+],15899898,C10H9N4NaO2S,272.26,,95.3,332,1,6,3
T6993,C[C@H](CCC(=O)NCCS(=O)(=O)[O-])[C@H]1CC[C@H]2[C@@H]3[C@@H](O)C[C@@H]4C[C@H](O)CC[C@]4(C)[C@H]3CC[C@]12C.[Na+],46782978,C26H44NNaO6S,521.7,,135,864,3,6,7
T6994,CCOP(=O)(OCC)C(=Cc1cc(C(C)(C)C)c(O)c(C(C)(C)C)c1)P(=O)(OCC)OCC,446313,C24H42O7P2,504.5,5.2,91.3,660,1,7,13
T6995,CC1CC(=O)c2c(ccc3c2C(=O)c2cccc(O)c2C3=O)C1,363709,C19H14O4,306.3,3.6,71.4,554,1,4,0
T6998,Cn1nnc(-c2ccc(-c3ccc(N4C[C@H](COP(=O)(O)O)OC4=O)cc3F)cn2)n1,11476460,C17H16FN6O6P,450.3,0.3,153,702,2,11,6
T6999,Br.Br.Br.Br.Br.Cc1cc(N2CCN([C@@H]3CN[C@H](C(=O)N4CCSC4)C3)CC2)n(-c2ccccc2)n1.Cc1cc(N2CCN([C@@H]3CN[C@H](C(=O)N4CCSC4)C3)CC2)n(-c2ccccc2)n1,11996485,C44H65Br5N12O2S2,1257.7,,164,594,7,12,8
T7000,Cc1ccsc1C(=CCCN1CCC[C@@H](C(=O)O)C1)c1sccc1C.Cl,91274,C20H26ClNO2S2,412.0,,97,474,2,5,6
T7001,Cc1ccccc1CN1C(=O)C2=C(CCN(Cc3ccccc3)C2)N2CCN=C12,73777259,C24H26N4O,386.5,2.3,39.2,693,0,3,4
T7002,Cl.OC(CCN1CCCCC1)(c1ccccc1)C1CCCCC1,66007,C20H32ClNO,337.9,,23.5,314,2,2,5
T7003,CN(C)c1ccc2c(c1)Sc1cc(N(C)C)ccc1N2.CS(=O)(=O)O.CS(=O)(=O)O,60150609,C18H27N3O6S3,477.6,,169,396,3,10,2
T7004,Nc1ncnc2c1ccn2[C@@H]1O[C@H](CO)[C@@H](O)[C@H]1O,6245,C11H14N4O4,266.25,-1.3,127,334,4,7,2
T7005,CC(C)Nc1cc(-c2c[nH]c(C(=O)N[C@H](CO)c3cccc(Cl)c3)c2)c(Cl)cn1,11719003,C21H22Cl2N4O2,433.3,4.1,90,539,4,4,7
T7007,CCCCNc1ncc2c(-c3ccc(CN4CCN(C)CC4)cc3)cn([C@H]3CC[C@H](O)CC3)c2n1,73425588,C28H40N6O,476.7,4,69.5,627,2,6,8
T7008,OC(c1cc(-c2ccc(Cl)cc2)nc2ccccc12)C1CCCCN1,224644,C21H21ClN2O,352.9,4.1,45.2,426,2,3,3
T7011,CN1C(N)=N[C@](C)(c2cc(NC(=O)c3ccc(F)cn3)ccc2F)CS1(=O)=O,51352361,C17H17F2N5O3S,409.4,0.6,126,744,2,7,3
T7012,O.O.O.O.O=C([O][V+]1(=[O])[O]C(=O)c2ncccc2[O]1)c1ncccc1O.[H-],137247305,C12H19N2O11V-,418.23,,162,358,8,14,1
T7014,CCn1c(=O)c(-c2ccn[nH]2)cc2c(C)nc(N)nc21,16123056,C13H14N6O,270.29,0.5,101,425,2,5,2
T7015,CC(C)(O)CNc1ncc(-c2ccnc(Nc3ccnc(Cl)c3)n2)c(CC2CC2)n1,57404276,C21H24ClN7O,425.9,3.6,109,549,3,8,8
T7016,O=[N+]([O-])c1ccc(S(=O)(=O)N2CCN(c3ccnc4cc(Cl)ccc34)CC2)c([N+](=O)[O-])c1,73442847,C19H16ClN5O6S,477.9,3.2,154,806,0,9,3
T7017,CC(C)(C)NC(=O)c1cncn1C1CCN(c2ccc(-c3nnc(C(F)(F)F)o3)cn2)CC1,121487936,C21H24F3N7O2,463.5,2.6,102,682,1,10,5
T7018,O=C(Oc1cccc(F)c1OC(=O)c1cccc(O)c1)c1cccc(O)c1,46830365,C20H13FO6,368.3,4.1,93.1,527,2,7,6
T7019,CC[C@H](C)[C@H](NC(=O)OCc1ccccc1)C(=O)N[C@@H](CCC(=O)OC)C(=O)N[C@H](C(=O)N[C@@H](CC(=O)OC)C(=O)CF)[C@@H](C)O,25108681,C30H43FN4O11,654.7,1.2,216,1050,5,12,22
T7021,Nc1nc(NCCc2ccc(O)cc2)nc2nc(-c3ccco3)nn12,176407,C16H15N7O2,337.34,2.2,127,435,3,8,5
T7035,O=C(O)c1ccc2c(c1)C(=O)c1ccccc1C2=O,67030,C15H8O4,252.22,3,71.4,428,1,4,1
T7036,O=C(c1ccc(O)cc1)c1ccccc1O,220295,C13H10O3,214.22,3.2,57.5,244,2,3,2
T7037,CC(=O)Oc1ccc2c(C)cc(=O)oc2c1,366,C12H10O4,218.20,2,52.6,345,0,4,2
T7038,Cc1cc(=O)oc2cc3c(cc12)OCO3,609315,C11H8O4,204.18,1.6,44.8,323,0,4,0
T7040,CC[C@H](C)[C@H](NC(=O)[C@H](Cc1ccc(O)cc1)NC(=O)[C@@H](NC(=O)[C@H](CCCNC(=N)N)NC(=O)[C@@H](N)CC(=O)O)C(C)C)C(=O)N[C@@H](Cc1cnc[nH]1)C(=O)N1CCC[C@H]1C(=O)N[C@@H](Cc1ccccc1)C(=O)O,172198,C50H71N13O12,1046.2,-1.7,409,1980,13,15,29
T7085,CN1CCc2c(c3ccccc3n2Cc2ccccc2)C1,22530,C19H20N2,276.4,3.5,8.2,349,0,1,2
T7500,c1cnoc1,9254,C3H3NO,69.06,0.1,26,30,0,2,0
T7503,CC[C@@H]1CN(C(=O)NCC(F)(F)F)C[C@@H]1c1cnc2cnc3[nH]ccc3n12,58557659,C17H19F3N6O,380.4,2.7,78.3,561,2,6,3
TL0004,COC(=O)C=Cc1ccc(O)c(OC)c1,16830,C11H12O4,208.21,1.8,55.8,237,1,4,4
T0454,CS(=O)(=O)c1ccc([C@@H](O)[C@@H](CF)NC(=O)C(Cl)Cl)cc1,114811,C12H14Cl2FNO4S,358.2,0.8,91.9,447,2,5,6
T3646,COC(=O)c1ccc([C@H]2c3[nH]c4ccccc4c3C[C@H](C(=O)OC)N2C(=O)CCl)cc1,1750826,C23H21ClN2O5,440.9,3.5,88.7,695,1,5,6
T6122,CN1CCN(c2cccc(Nc3nc4c(-c5ccc(S(C)(=O)=O)cc5)cccn4n3)c2)CC1,57336812,C24H26N6O2S,462.6,3.4,91.2,745,1,7,5
T0234,COc1cccc(OC)c1C(=O)N[C@@H]1C(=O)N2[C@@H]1SC(C)(C)[C@@H]2C(=O)[O-].[Na+],23667627,C17H19N2NaO6S,402.4,,133,606,1,7,5
T0242L,N[C@@H](CC(=O)N1CCn2c(nnc2C(F)(F)F)C1)Cc1cc(F)c(F)cc1F.O.O=P(O)(O)O,11591741,C16H20F6N5O6P,523.32,,156,616,5,15,4
T0305,O=C1OC2(c3ccccc31)c1cc(I)c([O-])c(I)c1Oc1c2cc(I)c([O-])c1I.[Na+].[Na+],12961638,C20H6I4Na2O5,879.9,,81.7,645,0,5,0
T0597,CC(=O)c1ccc(CC(C)C)cc1,93214,C12H16O,176.25,3.3,17.1,164,0,1,3
T1196,CC(=O)N(CC(O)CN(C(C)=O)c1c(I)c(C(=O)NCC(O)CO)c(I)c(C(=O)NCC(O)CO)c1I)c1c(I)c(C(=O)NCC(O)CO)c(I)c(C(=O)NCC(O)CO)c1I,3724,C35H44I6N6O15,1550.2,-3.4,339,1330,13,15,22
T1470,CC(C)(C(=O)O)c1ccc(C(O)CCCN2CCC(C(O)(c3ccccc3)c3ccccc3)CC2)cc1.Cl,63002,C32H40ClNO4,538.1,,81,678,4,5,10
T21768,CN(c1ncccc1CNc1nc(Nc2ccc3c(c2)CC(=O)N3)ncc1C(F)(F)F)S(C)(=O)=O.Cl,16222312,C21H21ClF3N7O3S,544.0,,138,856,4,12,7
T3345,C[C@@H]1O[C@@H](O[C@H]2[C@H](O[C@H]3CC[C@]4(C)[C@H]5CC=C6[C@@H]7CC(C)(C)CC[C@]7(C(=O)O[C@@H]7O[C@H](CO[C@@H]8O[C@H](CO)[C@@H](O[C@@H]9O[C@@H](C)[C@H](O)[C@@H](O)[C@H]9O)[C@H](O)[C@H]8O)[C@@H](O)[C@H](O)[C@H]7O)CC[C@@]6(C)[C@]5(C)CC[C@H]4C3(C)C)OC[C@H](O)[C@@H]2O)[C@H](O)[C@H](O)[C@H]1O,21626480,C59H96O25,1205.4,-0.7,393,2350,14,25,13
T3353,Cl.NC(=O)c1cccc2cn(-c3ccc([C@@H]4CCCNC4)cc3)nc12,44550597,C19H21ClN4O,356.8,,72.9,449,3,3,3
T3682,O=C(O[C@@H]1Cc2c(O)cc(O)cc2O[C@H]1c1ccc(O)c(O)c1)c1cc(O)c(O)c(O)c1,6419835,C22H18O10,442.4,1.5,177,649,7,10,4
T3765,c1cc2c(cc1[C@H]1OC[C@H]3[C@@H]1CO[C@H]3c1ccc3c(c1)OCO3)OCO2,101612,C20H18O6,354.4,2.7,55.4,482,0,6,2
T3766,O[C@@H]1[C@@H](O)[C@H](O)C[C@@H](O)[C@H]1O,441438,C6H12O5,164.16,-2.7,101,125,5,5,0
T3768,C[C@H]1[C@@H](O)CC[C@@H]2[C@]1(C)CC[C@H]1[C@@]2(C)CC[C@@]2(C)[C@@H]3CC(C)(C)CC[C@]3(C)CC[C@]12C,119242,C30H52O,428.7,10.1,20.2,741,1,1,0
T3770,C=C1CC[C@]2(C)CC[C@]3(C)[C@H](CC[C@@H]4[C@@]5(C)CC[C@H](O)C(C)(C)[C@@H]5CC[C@]43C)[C@H]2[C@@H]1C,115250,C30H50O,426.7,9.1,20.2,766,1,1,0
T3785,C[C@H](CC[C@@H](O[C@@H]1O[C@H](CO[C@@H]2O[C@H](CO)[C@@H](O)[C@H](O)[C@H]2O)[C@@H](O)[C@H](O)[C@H]1O[C@@H]1O[C@H](CO)[C@@H](O)[C@H](O)[C@H]1O)C(C)(C)O)[C@H]1CC[C@@]2(C)[C@@H]3CC=C4[C@@H](CC[C@H](O[C@@H]5O[C@H](CO[C@@H]6O[C@H](CO)[C@@H](O)[C@H](O)[C@H]6O)[C@@H](O)[C@H](O)[C@H]5O)C4(C)C)[C@]3(C)C(=O)C[C@]12C,122706002,C60H100O29,1285.4,-4,474,2410,18,29,20
T3786,C[C@H]1CC[C@]2(NC1)O[C@H]1C[C@H]3[C@@H]4CC[C@H]5C[C@@H](O[C@@H]6O[C@H](CO)[C@H](O[C@@H]7O[C@H](CO)[C@@H](O)[C@H](O[C@@H]8OC[C@@H](O)[C@H](O)[C@H]8O)[C@H]7O[C@@H]7O[C@H](CO)[C@@H](O)[C@H](O)[C@H]7O)[C@H](O)[C@H]6O)CC[C@]5(C)[C@H]4CC[C@]3(C)[C@H]1[C@@H]2C,28523,C50H83NO21,1034.2,-0.7,338,1840,13,22,11
T3818,COc1cc2oc(=O)ccc2c(OC)c1O,3047739,C11H10O5,222.19,1.5,65,301,1,5,2
T3821,C[C@@H]1O[C@@H](O[C@H]2[C@H](OC(=O)[C@]34CCC(C)(C)C[C@H]3C3=CC[C@@H]5[C@@]6(C)C[C@H](O)[C@H](O[C@@H]7O[C@H](CO)[C@@H](O)[C@H](O)[C@H]7O)C(CO)(CO)[C@@H]6CC[C@@]5(C)[C@]3(C)C[C@H]4O)OC[C@H](O)[C@@H]2O)[C@H](O)[C@H](O)[C@H]1O[C@@H]1OC[C@@H](O)[C@H](O)[C@H]1O,70698266,C52H84O24,1093.2,-2.5,394,2100,15,24,12
T3822,COc1cc(O)c2c(=O)c3c(O)ccc(O)c3oc2c1,5281623,C14H10O6,274.22,2.4,96.2,386,3,6,1
T3829,CC(C)=CCC[C@](C)(O[C@@H]1O[C@H](CO[C@@H]2OC[C@H](O)[C@H](O)[C@H]2O)[C@@H](O)[C@H](O)[C@H]1O)[C@H]1CC[C@]2(C)[C@@H]1[C@H](O)C[C@@H]1[C@@]3(C)CC[C@H](O)C(C)(C)[C@@H]3[C@@H](O)C[C@]12C,46887678,C41H70O13,771.0,2.2,219,1360,9,13,9
T3844,C[C@@H]1CC[C@@]2(OC1)O[C@H]1C[C@H]3[C@@H]4CC=C5C[C@@H](O[C@@H]6O[C@H](CO)[C@@H](O[C@@H]7O[C@H](CO)[C@@H](O)[C@H](O)[C@H]7O)[C@H](O)[C@H]6O[C@@H]6O[C@@H](C)[C@H](O)[C@@H](O)[C@H]6O)CC[C@]5(C)[C@H]4CC[C@]3(C)[C@H]1[C@@H]2C,441884,C45H72O17,885.0,0.8,256,1620,9,17,8
T3845,Oc1cc(O)c2c(c1)O[C@H](c1cc(O)c(O)c(O)c1)[C@@H](O)C2,65084,C15H14O7,306.27,0,131,380,6,7,1
T3850,O=C(O)[C@H]1O[C@@H](Oc2cc(O)c3c(=O)cc(-c4ccc(O)c(O)c4)oc3c2)[C@H](O)[C@@H](O)[C@@H]1O,5280601,C21H18O12,462.4,0.8,203,785,7,12,4
T3852,C[C@@H]1O[C@@H](Oc2cc(O)c3c(=O)c(O)c(-c4ccc(O)cc4)oc3c2O)[C@H](O)[C@H](O[C@@H]2O[C@H](CO)[C@@H](O)[C@H](O)[C@H]2O)[C@H]1O,76959646,C27H30O16,610.5,-0.7,266,1020,10,16,6
T3853,C[C@@H]1O[C@@H](OC[C@H]2O[C@@H](Oc3c(-c4ccc(O)cc4)oc4cc(O)cc(O)c4c3=O)[C@H](O[C@@H]3OC[C@@H](O)[C@H](O)[C@H]3O)[C@@H](O)[C@@H]2O)[C@H](O)[C@H](O)[C@H]1O,25115190,C32H38O19,726.6,-2.5,304,1230,11,19,8
T3854,C[C@@H]1O[C@@H](OC[C@H]2O[C@@H](Oc3c(-c4ccc(O)cc4)oc4cc(O)cc(O)c4c3=O)[C@H](O[C@@H]3O[C@H](CO)[C@H](O)[C@H](O)[C@H]3O)[C@@H](O)[C@@H]2O)[C@H](O)[C@H](O)[C@H]1O,25115189,C33H40O20,756.7,-2.5,324,1280,12,20,9
T3880,COc1cc([C@H]2C3C=C([C@H]4Oc5cc(O)cc(O)c5C(=O)[C@@H]4O)[C@H]4[C@@H]2CO[C@@]4(O)C3=O)ccc1O,155977546,C25H22O10,482.4,0.8,163,935,5,10,3
T3891,COc1c(O[C@@H]2O[C@H](C(=O)O)[C@@H](O)[C@H](O)[C@H]2O)cc2oc(-c3ccccc3)cc(=O)c2c1O,14655552,C22H20O11,460.4,1.4,172,763,5,11,5
T3909,C[C@@H]1O[C@@H](O[C@H]2[C@H](O[C@H]3CC[C@@]4(C)[C@@H](CC[C@]5(C)[C@@H]4CC=C4[C@@H]6CC(C)(C)CC[C@]6(C(=O)O)CC[C@]45C)[C@]3(C)CO)OC[C@H](O[C@@H]3O[C@H](CO)[C@@H](O)[C@H](O)[C@H]3O)[C@@H]2O)[C@H](O)[C@H](O)[C@H]1O,11650910,C47H76O17,913.1,2,275,1750,10,17,9
T3912,C[C@H]1O[C@@H](O[C@H]2CC[C@@]3(C)[C@@H](CC[C@]4(C)[C@@H]3C=CC3=C5CC(C)(C)CC[C@]5(CO)[C@@H](O)C[C@]34C)[C@]2(C)CO)[C@H](O)[C@@H](O[C@@H]2O[C@H](CO)[C@@H](O)[C@H](O)[C@H]2O)[C@H]1O,9875547,C42H68O13,781.0,2.5,219,1500,9,13,7
T3921,O=CC1OC(=O)c2cc(O)c(O)c(O)c2-c2c(cc(O)c(O)c2O)C(=O)OC1C1OC(=O)c2cc(O)c(O)c(O)c2-c2c(O)c(O)c3oc(=O)c4c(c(O)c(O)c5oc(=O)c2c3c54)-c2c(cc(O)c(O)c2O)C(=O)OCC1O,16129719,C48H28O30,1084.7,1.5,519,2360,17,30,2
T3923,COc1ccc(-c2coc3cc(O)ccc3c2=O)cc1O,5280448,C16H12O5,284.26,2.4,76,432,2,5,2
T3928,O=C1C[C@@H](c2ccc(O)cc2)Oc2cc(O[C@@H]3O[C@H](CO)[C@@H](O)[C@H](O)[C@H]3O)ccc21,51666248,C21H22O9,418.4,0.4,146,593,5,9,4
T4087,Cl.NC(=O)c1ccc(OCCCN2CC3CCCC3C2)cc1,45280145,C17H25ClN2O2,324.8,,55.6,341,2,3,6
T6026,Cc1sc2c(c1C)C(c1ccc(Cl)cc1)=N[C@@H](CC(N)=O)c1nnc(C)n1-2,71291068,C19H18ClN5OS,399.9,2.9,114,611,1,5,3
T6079,Nc1ncnc2c1c(-c1cccc(OCc3ccccc3)c1)cn2C1CC(CN2CCCC2)C1,9825149,C28H31N5O,453.6,4.6,69.2,645,1,5,7
T6113,O=C1[C@@H](Cc2ccc(O)cc2)N2C(=O)CCN(C(=O)NCc3ccccc3)[C@@H]2CN1Cc1cccc2ccccc12,73357429,C33H32N4O4,548.6,4.1,93.2,930,2,4,6
T6279,CCN(CC)Cc1ccc2cc(COC(=O)Nc3ccc(C(=O)NO)cc3)ccc2c1.Cl.O,9804991,C24H30ClN3O5,476.0,,91.9,575,5,6,9
T6353,Brc1ccc([C@H]2CN3CCSC3=N2)cc1.O=C(O)C(=O)O,2724023,C13H13BrN2O4S,373.22,,116,345,2,6,2
T6424,Nc1c(CC(=O)[O-])cccc1C(=O)c1ccc(Br)cc1.[Na+],23693301,C15H11BrNNaO3,356.15,,83.2,372,1,4,4
T6461,CN(C)[C@@H](CCOc1cccc2ccccc12)c1ccccc1.Cl,71352,C21H24ClNO,341.9,,12.5,337,1,2,6
T6516,Fc1cc(F)c2c(c1)[C@H]1C=CC[C@H]1C(c1cccnc1)N2,25113626,C17H14F2N2,284.30,3.5,24.9,414,1,4,1
T6583,CCCC[C@@H](C=O)NC(=O)[C@H](CC(C)C)NC(=O)[C@H](CC(C)C)NC(C)=O,443118,C20H37N3O4,383.5,3,104,492,3,4,13
T6645,CCCN1CCCC[C@H]1C(=O)Nc1c(C)cccc1C.Cl.O,6918111,C17H29ClN2O2,328.9,,33.3,308,3,3,4
T6648,COc1cc2c(cc1OC)[C@@H]1Cc3ccc(OC)c(OC)c3CN1CC2,72301,C21H25NO4,355.4,3.2,40.2,475,0,5,4
T6661,O=C(c1ccccc1)c1ccc2nc(NC(=O)c3csc(C4CCN(c5ncnc6ccsc56)CC4)n3)[nH]c2c1,23661638,C29H23N7O2S2,565.7,5.5,173,915,2,9,6
T7020,CC(C)[C@H](NC(=O)OCc1ccccc1)C(=O)N[C@@H](C)C(=O)N[C@@H](CC(=O)O)C(=O)CF,5497171,C21H28FN3O7,453.5,1.6,151,680,4,8,13
T9115,COc1cc(C(=O)O)ccc1O,8468,C8H8O4,168.15,1.4,66.8,168,2,4,2
T2A2428,COc1ccc(C(=O)O)c(O)c1,75231,C8H8O4,168.15,2,66.8,168,2,4,2
T2A2476,O=C(O)[C@@H]1C[C@@H](O)CN1,5810,C5H9NO3,131.13,-3.3,69.6,125,3,4,1
T2A2497,N[C@@H](CCC(=O)O)C(=O)O,33032,C5H9NO4,147.13,-3.7,101,145,3,5,4
T2A2498,NCCCC[C@H](N)C(=O)O,5962,C6H14N2O2,146.19,-3,89.3,106,3,4,5
T2A2509,CCCCCCCCCCCCN1CCCCCC1=O,42981,C18H35NO,281.5,5.9,20.3,240,0,1,11
T2A2524,COc1ccc(C=O)c(O)c1,69600,C8H8O3,152.15,1.5,46.5,135,1,3,2
T2A2532,N[C@@H](Cc1c[nH]cn1)C(=O)O,6274,C6H9N3O2,155.15,-3.2,92,151,3,4,3
T2O2666,CCCCCCCCCCCCCCCCCC(=O)OC,8201,C19H38O2,298.5,9,26.3,214,0,2,17
T2O2680,O=C(O)C(=O)O,971,C2H2O4,90.03,-0.3,74.6,71,2,4,1
T2O2683,O=C(O)[C@@H]1CCCN1,145742,C5H9NO2,115.13,-2.5,49.3,103,2,3,1
T2O2701,Cl.NCCC[C@H](N)C(=O)O,76654,C5H13ClN2O2,168.62,,89.3,95,4,4,4
T2O2707,C[C@@H](O)[C@H](O)[C@H](O)[C@@H](O)C=O,94270,C6H12O5,164.16,-2.4,98,126,4,5,4
T2O2721,N[C@@H](CS)C(=O)O,5862,C3H7NO2S,121.16,-2.5,64.3,75,3,4,2
T2O2728,NCC(=O)O,750,C2H5NO2,75.07,-3.2,63.3,42,2,3,1
T2O2730,N[C@@H](CO)C(=O)O,5951,C3H7NO3,105.09,-3.1,83.6,72,3,4,2
T2O2731,N[C@@H](CC(=O)O)C(=O)O,5960,C4H7NO4,133.10,-2.8,101,133,3,5,3
T2O2733,N[C@H](CSSC[C@H](N)C(=O)O)C(=O)O,6991966,C6H12N2O4S2,240.3,-6.3,177,192,4,8,7
T2O2744,O=c1cc(-c2ccccc2)oc2c1ccc1ccccc12,11790,C19H12O2,272.3,4.8,26.3,433,0,2,1
T2O2770,O=c1cc(CCc2ccccc2)oc2c1[C@H](O)[C@@H](O)[C@@H](O)[C@@H]2O,13606036,C17H18O6,318.32,-0.8,107,531,4,6,3
T2O2774,NC(=O)CC(N)C(=O)O,236,C4H8N2O3,132.12,-3.4,106,134,3,4,3
T2O2776,CC(C)[C@H](N)C(=O)O,6287,C5H11NO2,117.15,-2.3,63.3,90,2,3,2
T2O2791,O=C(O)Cc1c[nH]c2ccccc12,802,C10H9NO2,175.18,1.4,53.1,205,2,2,2
T2O2798,OC[C@H]1O[C@H](O[C@H]2O[C@H](CO)[C@@H](O)[C@H](O)[C@H]2O)[C@H](O)[C@@H](O)[C@@H]1O,7427,C12H22O11,342.30,-4.2,190,348,8,11,4
T2P2870,CC=CC(=O)C1=C(C)C=CCC1(C)C,62775,C13H18O,190.28,3.2,17.1,327,0,1,2
T2P2898,COc1ccc(-c2cc(=O)c3c(O)cc(O[C@@H]4O[C@H](CO)[C@@H](O)[C@H](O)[C@H]4O[C@@H]4O[C@@H](C)[C@H](O)[C@@H](O)[C@H]4O)cc3o2)cc1O,69964214,C28H32O15,608.5,-0.3,234,995,8,15,7
T2P2919,C[C@@H]([C@H](C)O)[C@H](N)C(=O)O,6918732,C6H13NO3,147.17,-2.8,83.6,126,3,4,3
T2P2923,CCCCCCCCCCCCCCCCCC(=O)O,5281,C18H36O2,284.5,7.4,37.3,202,1,2,16
T2P2937,CCCCCCCCCCCCCCCCCCCCCCCCCCCCC,12409,C29H60,408.8,15.3,0,231,0,0,26
T2P2963,COc1cc(C)c2c(=O)c(-c3ccccc3)coc2c1,2734290,C17H14O3,266.29,3.5,35.5,395,0,3,2
T2S0007,COc1cc(C=CC(=O)[O-])ccc1O.[Na+],23678223,C10H9NaO4,216.17,,69.6,229,1,4,3
T2S0029,COc1cc([C@@H]2c3cc4c(cc3[C@H](O)[C@H]3COC(=O)[C@H]23)OCO4)cc(OC)c1O,122667,C21H20O8,400.4,1.7,104,614,2,8,3
T2S0122,O=C(O)[C@H](O)c1ccccc1,11914,C8H8O3,152.15,0.6,57.5,138,2,3,2
T2S0157,CCCCCCCCCCCCCCCC(=O)OC,8181,C17H34O2,270.5,7.9,26.3,190,0,2,15
T2S0164,CCCCCCCCCCCCCCCC(=O)OCC,12366,C18H36O2,284.5,7.8,26.3,202,0,2,16
T2S0223,COc1ccc(-c2cc(=O)c3c(OC)cc(OC)c(OC)c3o2)cc1OC,632135,C20H20O7,372.4,3,72.5,548,0,7,6
T2S0300,O=C1CCc2ccccc2O1,660,C9H8O2,148.16,1.6,26.3,165,0,2,0
T2S0357,O=c1ccc2cc(O)ccc2o1,99477,C9H6O3,162.14,1,46.5,222,1,3,0
T2S0389,Cc1cc(O[C@@H]2O[C@H](CO)[C@@H](O)[C@H](O)[C@H]2O)c2c(c1)C(=O)c1cc(O)cc(O)c1C2=O,5319333,C21H20O10,432.4,0.9,174,700,6,10,3
T2S0461,OC1OC[C@@H](O)[C@@H](O)[C@@H]1O,6902,C5H10O5,150.13,-2.5,90.2,117,4,5,0
T2S0490,C=CCc1ccc(OC(C)=O)c(OC)c1,7136,C12H14O3,206.24,2.3,35.5,225,0,3,5
T2S0493,CC=Cc1ccc(O)c(OC)c1,7338,C10H12O2,164.20,2.6,29.5,154,1,2,2
T2S0500,C[C@@H]1CC[C@]2(C(=O)O[C@@H]3O[C@H](CO)[C@@H](O)[C@H](O)[C@H]3O)CC[C@]3(C)C(=CC[C@@H]4[C@@]5(C)CC[C@H](O)[C@](C)(C(=O)O)[C@@H]5CC[C@]43C)[C@@H]2[C@]1(C)O,72163175,C36H56O11,664.8,3.4,194,1320,7,11,5
T2S0531,COc1ccc([C@H]2OC[C@H]3[C@@H]2CO[C@@H]3c2ccc(OC)c(OC)c2)cc1OC,73117,C22H26O6,386.4,2.9,55.4,457,0,6,6
T2S0604,CCOC(C)OCCc1ccccc1,102849,C12H18O2,194.27,2.8,18.5,130,0,2,6
T2S0618,CC(C)=CCC[C@H](C(=O)O)[C@@H]1CC[C@]2(C)C3=C(CC[C@@]12C)[C@@]1(C)CCC(=O)C(C)(C)[C@@H]1CC3,15559100,C30H46O3,454.7,7.2,54.4,904,1,3,5
T2S0633,CC(=O)CCc1ccc(O)cc1,21648,C10H12O2,164.20,1.5,37.3,146,1,2,3
T2S0663,CCC1=N[C@H]2C[C@@]3(C(=O)N(OC)c4ccccc43)[C@H]3C[C@@H]1[C@@H]2CO3,21123652,C19H22N2O3,326.4,1.3,51.1,591,0,4,2
T2S0690,CC1(C)CC[C@]2(C(=O)O)[C@H](O)C[C@]3(C)C(=CC[C@@H]4[C@@]5(C)CC[C@H](O[C@@H]6O[C@H](CO)[C@@H](O)[C@H](O)[C@H]6O)C(C)(C)C5CC[C@]43C)[C@H]2C1,44146307,C36H58O9,634.8,5.3,157,1210,6,9,4
T2S0712,C=CCC(=NOS(=O)(=O)[O-])S[C@@H]1O[C@H](CO)[C@@H](O)[C@H](O)[C@H]1O.[K+],76959139,C10H16KNO9S2,397.5,,203,509,4,11,7
T2S0842,COC(=O)[C@H]1O[C@@H](Oc2cc3oc(-c4ccc(O)cc4)cc(=O)c3c(O)c2O)[C@H](O)[C@@H](O)[C@@H]1O,14162695,C22H20O12,476.4,1.1,192,793,6,12,5
T2S0843,COc1cc2oc(-c3ccccc3)cc(=O)c2c(O)c1O,471719,C16H12O5,284.26,3,76,426,2,5,2
T2S0850,O=C(O)CC(O)C(=O)O,525,C4H6O5,134.09,-1.3,94.8,129,3,5,3
T2S1086,COc1c(O[C@@H]2O[C@H](CO)[C@@H](O)[C@H](O)[C@H]2O)cc2oc(-c3ccc(O)c(O)c3)cc(=O)c2c1O,120742,C22H22O12,478.4,0.5,196,760,7,12,5
T2S1181,COc1cc(-c2c(C)cc(O)cc2O[C@@H]2O[C@H](CO)[C@@H](O)[C@H](O)[C@H]2O)oc(=O)c1,162305,C19H22O10,410.4,0,155,661,5,10,5
T2S1200,COc1cc(C=CC(=O)OCC[N+](C)(C)C)cc(OC)c1O,89287,C16H24NO5+,310.36,1.8,65,363,1,5,8
T2S1434,O=c1ccc2c(O)c3ccoc3cc2o1,5280371,C11H6O4,202.16,2,59.7,312,1,4,0
T2S1464,COc1c(O[C@@H]2O[C@H](CO)[C@@H](O)[C@H](O)[C@H]2O)cc2c(c1OC)-c1ccc(SC)c(=O)cc1[C@@H](NC(C)=O)CC2,9915886,C27H33NO10S,563.6,-0.4,189,1010,5,11,7
T2S1720,CC1=C[C@H]2Cc3[nH]c(=O)ccc3[C@]3(C1)NCCC[C@H]23,5462442,C16H20N2O,256.34,0.6,41.1,543,2,2,0
T2S1778,C=CC1CNC(=S)O1,3034683,C5H7NOS,129.18,1,53.4,124,1,2,1
T2S1792,Oc1cc2c3c(c1)c1cc4c(cc1c[n+]3CC2)OCO4,159646,C16H12NO3+,266.27,3,42.6,403,1,3,0
T2S1814,O=Cc1ccc(O)cc1,126,C7H6O2,122.12,1.4,37.3,93,1,2,1
T2S1837,C=C1C[C@@]23CC[C@H]4[C@@](C)(CCC[C@@]4(C)C(=O)O)[C@@H]2CC[C@]1(O)C3,452967,C20H30O3,318.4,3.8,57.5,583,2,3,1
T2S1865,CCCCCCCCOC(=O)c1cc(O)c(O)c(O)c1,61253,C15H22O5,282.33,3.7,87,269,3,5,9
T2S1907,COc1cc(C=CC=O)ccc1O,9984,C10H10O3,178.18,1.5,46.5,189,1,3,3
T2S2003,O.O.O=C(CCc1ccc(O)cc1)c1c(O)cc(O)cc1O[C@@H]1O[C@H](CO)[C@@H](O)[C@H](O)[C@H]1O,9912668,C21H28O12,472.4,,179,581,9,12,7
T2S2108,COc1ccc2[nH]c(=O)oc2c1,10772,C8H7NO3,165.15,1.1,47.6,195,1,3,1
T2S2109,COc1ccc2c(OC)c3ccoc3nc2c1OC,6760,C14H13NO4,259.26,2.8,53.7,314,0,5,3
T2S2150,CC(C)(O)CCc1c(O)cc(O)c2c(=O)c(O)c(-c3ccc(O)cc3)oc12,14427423,C20H20O7,372.4,3.1,127,591,5,7,4
T2S2169,COc1ccc([C@@H]2CC(=O)c3c(OC)cc(OC)cc3O2)cc1,57404369,C18H18O5,314.3,2.8,54,404,0,5,4
T2S2172,C=CC(C)(O)CCC=C(C)CCC=C(C)C,8888,C15H26O,222.37,4.6,20.2,269,1,1,7
T2S2215,COc1ccc2c(c1OC)C[C@@H]1c3c(cc4c(c3-2)OCO4)CCN1C,333544,C20H21NO4,339.4,3.2,40.2,502,0,5,2
T2S2264,C=CC(C)(O)CCC=C(C)C,6549,C10H18O,154.25,2.7,20.2,154,1,1,4
T2S2335,C[n+]1c2n(c(=O)c3ccccc31)CCc1c-2[n-]c2ccccc12,9817839,C19H15N3O,301.3,2.1,35.9,753,0,3,0
T2S2362,COc1cc2c(cc1OC)-c1c(C)c3ccc(OC)c(OC)c3c[n+]1CC2.O=[N+]([O-])[O-],92043243,C22H24N2O7,428.4,,104,521,0,7,4
T3A2414,O=C[C@H](O)[C@@H](O)[C@H](O)[C@H](O)CO[C@H]1O[C@H](CO[C@H]2O[C@H](CO)[C@H](O)[C@H](O)[C@H]2O)[C@H](O)[C@H](O)[C@H]1O,5461026,C18H32O16,504.4,-7.2,277,625,11,16,11
T3O2749,CC(C)C[C@H](N)C(=O)O,6106,C6H13NO2,131.17,-1.5,63.3,101,2,3,3
T3S0027,COc1cc([C@@H]2c3cc4c(cc3[C@H](O)[C@H]3COC(=O)[C@@H]23)OCO4)cc(OC)c1OC,72435,C22H22O8,414.4,2,92.7,629,1,8,4
T3S0057,COc1ccc2c(c1OC)CN(C)c1c-2ccc2cc3c(cc12)OCO3,485077,C21H19NO4,349.4,4.2,40.2,516,0,5,2
T3S0081,CC1(C)OC1COc1c2ccoc2cc2oc(=O)ccc12,160544,C16H14O5,286.28,2.6,61.2,471,0,5,3
T3S0128,C[N+]12CCc3cc4c(cc3C1(O)Cc1ccc3c(c1C2)OCO3)OCO4,14140130,C20H20NO5+,354.4,2.2,57.2,589,1,5,0
T3S0156,C=C1[C@@H]2CC[C@H]3[C@]4(C)C[C@H](O[C@H]5O[C@H](CO)[C@@H](OS(=O)(=O)[O-])[C@H](OS(=O)(=O)[O-])[C@H]5OC(=O)CC(C)C)C[C@@H](C(=O)O)[C@H]4CC[C@]3(C2)[C@H]1O.[K+].[K+],12299879,C30H44K2O16S2,803.0,,272,1440,3,16,10
T3S0195,C=C(C)[C@@H]1CCC2=CC(=O)C[C@@H](C)[C@]2(C)C1,1268142,C15H22O,218.33,3.9,17.1,364,0,1,1
T3S0208,CC1(C)CC[C@]2(C(=O)O[C@@H]3O[C@H](CO)[C@@H](O)[C@H](O)[C@H]3O)CC[C@]3(C)C(=CC[C@@H]4[C@@]5(C)CC[C@H](O)[C@@](C)(CO)[C@@H]5CC[C@]43C)[C@@H]2C1,21120798,C36H58O9,634.8,5,157,1200,6,9,5
T3S0309,O.O.O.O.O.OC[C@H]1O[C@H](OC[C@H]2O[C@H](O[C@]3(CO)O[C@H](CO)[C@@H](O)[C@@H]3O)[C@H](O)[C@@H](O)[C@@H]2O)[C@H](O)[C@@H](O)[C@H]1O,2724100,C18H42O21,594.5,,274,655,16,21,8
T3S0335,C[C@@H]1O[C@@H](O[C@H]2[C@H](O[C@H]3[C@H](O[C@H]4CC[C@@]5(C)[C@@H](CC[C@]6(C)[C@@H]5CC=C5[C@@H]7CC(C)(C)C[C@@H](O)[C@]7(C)CC[C@]56C)[C@@]4(C)CO)O[C@H](C(=O)O)[C@@H](O)[C@@H]3O)O[C@H](CO)[C@H](O)[C@@H]2O)[C@H](O)[C@H](O)[C@H]1O,122097,C48H78O18,943.1,2.4,295,1820,11,18,9
T3S0364,N=C(N)NCCC[C@H](N)C(=O)O,6322,C6H14N4O2,174.20,-4.2,128,176,4,4,5
T3S0488,COc1cc([C@@H]2OC[C@@H]3[C@H]2CO[C@H]3c2cc(OC)c(O[C@@H]3O[C@H](CO)[C@@H](O)[C@H](O)[C@H]3O)c(OC)c2)cc(OC)c1O[C@@H]1O[C@H](CO)[C@@H](O)[C@H](O)[C@H]1O,442830,C34H46O18,742.7,-1.4,254,1010,8,18,12
T3S0507,COc1cc(CC(=O)O)ccc1O,1738,C9H10O4,182.17,0.4,66.8,180,2,4,3
T3S0601,C[C@H]1O[C@@H](O[C@H]2CC[C@@]3(C)[C@@H](CC[C@]4(C)[C@@H]3C=CC3=C5CC(C)(C)CC[C@]5(CO)[C@@H](O)C[C@]34C)[C@]2(C)CO)[C@H](O[C@@H]2O[C@H](CO)[C@@H](O)[C@H](O)[C@H]2O)[C@@H](O[C@@H]2O[C@H](CO)[C@@H](O)[C@H](O)[C@H]2O)[C@H]1O,91758420,C48H78O18,943.1,0.9,298,1810,12,18,10
T3S0693,CC(=O)OC[C@@]12CC[C@@H](C)[C@](C)(CCC3=CC(=O)OC3)[C@H]1C[C@H](O)C=C2CO,59054177,C22H32O6,392.5,1.7,93.1,695,2,6,7
T3S0717,Cc1ccc(C(C)C)c(O)c1,6989,C10H14O,150.22,3.3,20.2,120,1,1,1
T3S0737,COc1ccc(C=CC(=O)c2c(O)cc(OC)cc2OC)cc1,235736,C18H18O5,314.3,3.8,65,400,1,5,6
T3S0807,COc1cc2c3cc1Oc1c(OC)c(OC)cc4c1[C@@H](Cc1ccc(O)c(c1)Oc1ccc(cc1)C[C@@H]3N(C)CC2)N(C)CC4,275182,C37H40N2O6,608.7,6.1,72.9,963,1,8,3
T3S0860,C[C@@H]1CC[C@@]2(OC1)O[C@H]1C[C@H]3[C@@H]4CC[C@H]5C[C@@H](O)[C@H](O)C[C@]5(C)[C@H]4CC[C@]3(C)[C@H]1[C@@H]2C,441887,C27H44O4,432.6,5.5,58.9,726,2,4,0
T3S0872,CSC(=O)OCC1=C[C@@H]2OC(=O)C3=CO[C@@H](O[C@@H]4O[C@H](CO)[C@@H](O)[C@H](O)[C@H]4O)[C@H]1[C@@H]32,442432,C18H22O11S,446.4,-1.5,187,767,4,12,7
T3S0895,CC1CC[C@@]2(OC1)O[C@H]1C[C@H]3[C@@H]4CCC5CC(O)CC[C@]5(C)[C@H]4CC[C@]3(C)[C@H]1[C@@H]2C,3035446,C27H44O3,416.6,6.5,38.7,694,1,3,0
T3S0970,O=c1cccc2n1C[C@@H]1C[C@H]2CN2CCCC[C@@H]12,171283,C15H20N2O,244.33,1.6,23.6,440,0,2,0
T3S1089,COc1cc([C@H]2OC[C@H]3[C@@H]2CO[C@H]3c2ccc(OC)c(OC)c2)ccc1O,3083590,C21H24O6,372.4,2.6,66.4,487,1,6,5
T3S1227,COc1cccc2c1cc1c3c(cc4c(c32)OCO4)C(=O)N1,96710,C17H11NO4,293.27,3.1,56.8,483,1,4,1
T3S1251,C=C1CC[C@@]2(OC1)O[C@H]1C[C@H]3[C@@H]4CC=C5C[C@@H](O)C[C@@H](O)[C@]5(C)[C@H]4CC[C@]3(C)[C@H]1[C@@H]2C,9910474,C27H40O4,428.6,4.1,58.9,820,2,4,0
T3S1265,C[C@H]1CC[C@@]2(OC1)O[C@H]1CC3C4CC=C5C[C@@H](O[C@@H]6O[C@@H](C)[C@H](O)[C@@H](O)[C@H]6O)C[C@@H](O[C@@H]6O[C@H](C)[C@H](O)[C@H](O)[C@H]6O)[C@]5(C)C4CC[C@]3(C)[C@H]1[C@@H]2C,131636842,C39H62O12,722.9,2.5,177,1330,6,12,4
T3S1319,COc1ccc2c(c1O)-c1c(O)c(OC)cc3c1[C@H](C2)[N+](C)(C)CC3,73337,C20H24NO4+,342.4,2.7,58.9,498,2,4,2
T3S1320,COc1ccc2c(c1O)-c1c(O)c(OC)cc3c1[C@H](C2)[N+](C)(C)CC3.[I-],6451920,C20H24INO4,469.3,,58.9,498,2,5,2
T3S1390,O=c1c(O[C@@H]2O[C@H](CO)[C@@H](O)[C@H](O)[C@H]2O[C@@H]2OC[C@@H](O)[C@H](O)[C@H]2O)c(-c2ccc(O)cc2)oc2cc(O)cc(O)c12,44566720,C26H28O15,580.5,-0.8,245,953,9,15,6
T3S1416,CC(C)=CC(=O)O[C@H]1Cc2cc3ccc(=O)oc3cc2OC1(C)C,442126,C19H20O5,328.4,3.9,61.8,585,0,5,3
T3S1447,C=C1C(=O)O[C@@]23[C@H]1CC[C@@H](C)[C@@H]2CC[C@@]1(C)O[C@@H]31,6543478,C15H20O3,248.32,2.6,38.8,457,0,3,0
T3S1457,COc1cc2c(cc1OC)-c1cc3ccc(OC)c(O)c3c[n+]1CC2,10547386,C20H20NO4+,338.4,3.4,51.8,461,1,4,3
T3S1471,CC(=O)OC(C)(C)CCC(=O)[C@](C)(O)[C@H]1[C@H](O)C[C@@]2(C)[C@@H]3CC=C4[C@@H](C[C@H](O)[C@@H](O)C4(C)C)[C@]3(C)C(=O)C[C@]12C,181183,C32H50O8,562.7,2.6,141,1120,4,8,7
T3S1513,CC(C)=CCC[C@@](C)(O)[C@H]1CC[C@@]2(C)[C@@H]1[C@H](O)C[C@@H]1[C@@]3(C)CC[C@H](O)C(C)(C)[C@@H]3CC[C@]12C,71463826,C30H52O3,460.7,7.2,60.7,783,3,3,4
T3S1541,C[C@@H]1[C@@H](C)[C@H](c2ccc3c(c2)OCO3)O[C@@H]1c1ccc2c(c1)OCO2,51406928,C20H20O5,340.4,4.1,46.2,443,0,5,2
T3S1589,CC(C)=CCCC(C)(OC1OC(COC2OC(CO)C(O)C(O)C2O)C(O)C(O)C1O)C1CCC2(C)C1C(O)CC1C3(C)CCC(OC4OC(CO)C(O)C(O)C4OC4OC(CO)C(O)C(O)C4OC4OCC(O)C(O)C4O)C(C)(C)C3CCC12C,75054973,C59H100O27,1241.4,-1.3,436,2270,17,27,18
T3S1591,CC(C)=CCC[C@](C)(O[C@@H]1O[C@H](CO[C@@H]2OC[C@@H](O)[C@H](O)[C@H]2O)[C@@H](O)[C@H](O)[C@H]1O)[C@H]1CC[C@]2(C)[C@@H]1[C@H](O)C[C@@H]1[C@@]3(C)CC[C@H](O[C@@H]4O[C@H](CO)[C@@H](O)[C@H](O)[C@H]4O[C@@H]4O[C@H](CO)[C@@H](O)[C@H](O)[C@H]4O[C@@H]4OC[C@@H](O)[C@H](O)[C@H]4O)C(C)(C)[C@@H]3CC[C@]12C,75412556,C58H98O26,1211.4,-1.2,416,2210,16,26,17
T3S1612,CC(C)=CCc1c(-c2ccc(O)cc2O)oc2c([C@H]3C=C(C)C[C@@H](c4ccc(O)cc4O)[C@@H]3C(=O)c3ccc(O)cc3O)c(O)cc(O)c2c1=O,5281667,C40H36O11,692.7,7.3,205,1380,8,11,7
T3S1729,O[C@H]1[C@H]2c3cc4c(cc3CN3CC[C@H](C[C@@H]1O)[C@H]23)OCO4,11876135,C16H19NO4,289.33,0.7,62.2,433,2,5,0
T3S1775,COc1cc(O)c2c(=O)cc(-c3ccccc3)oc2c1,5281954,C16H12O4,268.26,2.4,55.8,397,1,4,2
T3S1816,O=C(O)CC(O)(CC(=O)OCc1ccc(O[C@@H]2O[C@H](CO)[C@@H](O)[C@H](O)[C@H]2O)cc1)C(=O)OCc1ccc(O[C@@H]2O[C@H](CO)[C@@H](O)[C@H](O)[C@H]2O)cc1,44715528,C32H40O19,728.6,-2.7,309,1130,10,19,17
T3S1866,CCCOC(=O)c1cc(O)c(O)c(O)c1,4947,C10H12O5,212.20,1.8,87,206,3,5,4
T3S1873,CCN1C[C@]2(COC)CC[C@H](OC)[C@]34C1[C@H](C[C@H]23)[C@@]1(O)C[C@H](OC)[C@H]2C[C@@H]4[C@@H]1[C@H]2O,441761,C24H39NO5,421.6,0.9,71.4,720,2,6,5
T3S1888,CCN1C[C@]2(C)CC[C@H](OC)[C@@]34[C@H]1C1(OCO[C@@]15C[C@H](OC)[C@H]1C[C@]3(O)[C@@H]5[C@H]1OC)[C@@H](OC(C)=O)[C@H]24,44891357,C27H41NO8,507.6,0.6,95.9,979,1,9,6
T3S1892,CCN1C[C@]2(COC)CC[C@H](OC)C34C1C([C@H](OC)[C@@H]32)[C@@]1(OC(C)=O)C[C@H](OC)[C@]2(O)C[C@@H]4[C@@H]1[C@H]2OC(=O)c1ccc(OC)cc1,168008632,C35H49NO10,643.8,2.2,122,1190,1,11,12
T3S1896,C=C1[C@H]2C[C@H]2[C@]2(C)Cc3occ(C)c3[C@H](O)[C@@H]12,497203,C15H18O2,230.30,2.1,33.4,390,1,2,0
T3S1944,CC1(C(O)CO)C=C2CCC3C(C)(C)C(OC4OC(CO)C(O)C(O)C4O)CCC3(C)C2CC1,12309042,C26H44O8,484.6,1.6,140,770,6,8,5
T3S1955,CCc1c2c(nc3ccccc13)-c1cc3c(c(=O)n1C2)COC(=O)[C@]3(O)CC,127584,C22H20N2O4,376.4,1.8,79.7,787,1,5,2
T3S1960,CCC(=O)c1cc2c(cc1O)OCO2,596894,C10H10O4,194.18,2.1,55.8,228,1,4,2
T3S1967,Cn1cc(C[C@H](N)C(=O)O)c2ccccc21,676159,C12H14N2O2,218.25,-1.3,68.3,270,2,3,3
T3S2007,CC(C)N(CCCCOCC(=O)O)c1cnc(-c2ccccc2)c(-c2ccccc2)n1,9931891,C25H29N3O3,419.5,4.5,75.6,518,1,6,11
T3S2027,C=C1C[C@@]23CC[C@H]4[C@@](C)(CCC[C@@]4(C)C(=O)O[C@@H]4O[C@H](CO)[C@@H](O)[C@H](O)[C@H]4O)[C@@H]2CC[C@]1(O[C@@H]1O[C@H](CO)[C@@H](O)[C@H](O)[C@H]1O)C3,24721373,C32H50O13,642.7,0.4,216,1150,8,13,7
T3S2072,CCCC=C1OC(=O)c2ccccc21,62368,C12H12O2,188.22,3.2,26.3,255,0,2,2
T3S2105,CCCCCCCCCCCCCCCC(=O)NCc1ccccc1,11198769,C23H39NO,345.6,8.4,29.1,296,1,1,16
T3S2152,C=C(C)[C@@H]1CC[C@]2(C(=O)O)CC[C@]3(C)[C@H](CC[C@@H]4[C@@]5(C)CC[C@H](O)[C@@](C)(CO)[C@@H]5CC[C@]43C)[C@@H]12,21672692,C30H48O4,472.7,7.5,77.8,883,3,4,3
T3S2197,CC1(C)CC[C@]2(C(=O)O)CCC3=C(CC[C@@H]4[C@@]5(C)C[C@H](O)[C@H](O)[C@@](C)(C(=O)O)[C@@H]5CC[C@@]34C)[C@@H]2C1,12442765,C29H44O6,488.7,4.9,115,984,4,6,2
T3S2259,C=CCc1ccc(OC)c(OC)c1,7127,C11H14O2,178.23,2.5,18.5,156,0,2,4
T3S2296,COC(=O)C1=CO[C@@H](O[C@@H]2O[C@H](CO)[C@@H](O)[C@H](O)[C@H]2O)[C@H]2[C@@H]1C=C[C@@]2(O)CO,442423,C17H24O11,404.4,-2.8,175,649,6,11,6
T3S2312,COc1ccc([C@@H]2CC(=O)c3c(O)cc(O[C@@H]4O[C@H](CO)[C@@H](O)[C@H](O)[C@H]4O[C@@H]4O[C@@H](C)[C@H](O)[C@@H](O)[C@H]4O)cc3O2)cc1,442456,C28H34O14,594.6,-0.2,214,900,7,14,7
T3S2344,CC(C)=CC[C@@H](OC(=O)C=C(C)C)C1=CC(=O)c2c(O)ccc(O)c2C1=O,479499,C21H22O6,370.4,5,101,706,2,6,6
T3S2372,CC(=O)O[C@H]1C(=O)[C@]2(C)[C@H](O)C[C@H]3OC[C@@]3(OC(C)=O)[C@H]2[C@H](OC(=O)c2ccccc2)[C@]2(O)C[C@H](OC(=O)[C@H](O)[C@@H](NC(=O)c3ccccc3)c3ccccc3)C(C)=C1C2(C)C,184492,C47H51NO14,853.9,2.5,221,1790,4,14,14
T3S2381,CC(C)=CCCc1ccoc1,68316,C10H14O,150.22,3.2,13.1,134,0,1,3
T4A2456,C[C@]12CC[C@H](O)C[C@H]1CC[C@@H]1[C@@H]2[C@H](O)C[C@]2(C)[C@@H](c3ccc(=O)oc3)CC[C@]12O,259803,C24H34O5,402.5,2,87,773,3,5,1
T4A2458,C[C@]12CC[C@H](O)C[C@H]1CC[C@@H]1[C@@H]2CC[C@]2(C)[C@@H](c3ccc(=O)oc3)C[C@H]3O[C@]132,6917974,C24H32O4,384.5,3.7,59.1,785,1,4,1
T4A2462,C[C@]12CC[C@H](O)C[C@@]1(O)CC[C@@H]1[C@@H]2CC[C@]2(C)[C@@H](c3ccc(=O)oc3)CC[C@]12O,259991,C24H34O5,402.5,2.5,87,788,3,5,1
T4S0039,O=c1c(O[C@@H]2O[C@H](CO)[C@@H](O)[C@H](O)[C@H]2O[C@@H]2O[C@H](CO)[C@@H](O)[C@H](O)[C@H]2O)c(-c2ccc(O)c(O)c2)oc2cc(O)cc(O)c12,5282166,C27H30O17,626.5,-1.2,286,1040,11,17,7
T4S0051,O=S(=O)([O-])O.c1c2c(cc3c1OCO3)-c1cc3ccc4c(c3c[n+]1CC2)OCO4,131674029,C19H15NO8S,417.4,,127,578,1,8,0
T4S0094,COc1cc(O)c2c(=O)cc(-c3ccc(O)c(O)c3)oc2c1,5318214,C16H12O6,300.26,1.7,96.2,462,3,6,2
T4S0111,C[C@H]1CC[C@H]2[C@H](C)[C@@H]3CC[C@@H]4[C@@H](C[C@H]5[C@H]4C[C@@H](O)[C@H]4C[C@@H](O)CC[C@@]45C)[C@@H]3CN2C1,14240934,C27H45NO2,415.7,5.5,43.7,667,2,3,0
T4S0290,CC1(C)CC[C@]2(C(=O)O[C@@H]3O[C@H](CO)[C@@H](O)[C@H](O)[C@H]3O)CC[C@]3(C)C(=CC[C@@H]4[C@@]5(C)CC[C@H](O[C@@H]6O[C@H](C(=O)O)[C@@H](O[C@@H]7O[C@@H](CO)[C@H](O)[C@H]7O)[C@H](O)[C@H]6O)C(C)(C)[C@@H]5CC[C@]43C)[C@@H]2C1,10079497,C47H74O18,927.1,2.8,292,1830,10,18,10
T4S0295,O=c1cc(-c2ccc(O)cc2)oc2cc(O[C@@H]3O[C@H](CO)[C@@H](O)[C@H](O)[C@H]3O)cc(O)c12,5280704,C21H20O10,432.4,-0.1,166,675,6,10,4
T4S0498,C=C1C(=O)[C@@]23[C@H](O)C[C@@H]4C(C)(C)C(=O)CC[C@@]4(C)[C@@H]2CC[C@@H]1[C@H]3O,10471963,C20H28O4,332.4,1.7,74.6,650,2,4,0
T4S0536,C=C1C2CCC3(C([C@H]2O)[C@@]24CCC[C@@]5(C)CN(CC)C2[C@@H]3C[C@H]54)[C@@H]1O,155971335,C22H33NO2,343.5,2.4,43.7,662,2,3,1
T4S0537,CCN1C[C@]2(COC)CC[C@H](O)[C@]34C1[C@@H]([C@H](OC)[C@H]23)[C@@]1(O)C[C@H](OC)[C@H]2C[C@@H]4[C@@H]1[C@H]2O,52949447,C24H39NO6,437.6,-0.1,91.6,752,3,7,5
T4S0554,O=C(O[C@H]1Cc2c(O)cc(O)cc2O[C@H]1c1cc(O)c(O)c2c(=O)c(O)cc([C@H]3Oc4cc(O)cc(O)c4C[C@H]3OC(=O)c3cc(O)c(O)c(O)c3)cc12)c1cc(O)c(O)c(O)c1,71307580,C43H32O20,868.7,3,351,1950,13,20,8
T4S0578,O=c1c(O[C@@H]2OC[C@H](O)[C@H](O)[C@H]2O)c(-c2ccc(O)c(O)c2)oc2cc(O)cc(O)c12,5481224,C20H18O11,434.3,0.4,186,711,7,11,3
T4S0590,C[C@@]12C[C@@H](c3ccoc3)OC(=O)[C@@H]1CC[C@]1(C)[C@H]2[C@H]2C=C[C@]1(O)C(=O)O2,442015,C20H22O6,358.4,2.2,86,702,1,6,1
T4S0592,COc1cc2oc(=O)ccc2c(OC)c1C[C@@H](O)C(C)(C)O,160485,C16H20O6,308.33,1.4,85.2,432,2,6,5
T4S0692,COc1ccc(-c2cc(=O)c3c(O)cc(O[C@@H]4O[C@H](CO)[C@@H](O)[C@H](O)[C@H]4O)cc3o2)cc1O,11016019,C22H22O11,462.4,0.8,175,729,6,11,5
T4S0790,C[C@@]12C[C@H](c3ccoc3)O[C@@]13C[C@H](OC3=O)[C@H]1[C@H]2C[C@@H]2C[C@H]1C(=O)O2,9974762,C19H20O6,344.4,1.9,75,662,0,6,1
T4S0794,COc1cc2c(cc1O)CCN1Cc3c(ccc(OC)c3OC)C[C@H]21,12304090,C20H23NO4,341.4,2.9,51.2,461,1,5,3
T4S0795,COc1ccc2cc3[n+](cc2c1O)CCc1cc2c(cc1-3)OCO2.[Cl-],72703,C19H16ClNO4,357.8,,51.8,474,1,5,1
T4S0797,COc1ccc2cc3[n+](cc2c1OC)CCc1cc2c(cc1-3)OCO2,2353,C20H18NO4+,336.4,3.6,40.8,488,0,4,2
T4S0867,Cc1cc(O)c(C(=O)CCC(C)C)c(=O)o1,54695756,C12H16O4,224.25,2.6,63.6,374,1,4,4
T4S0878,COc1cc(O)c2c(=O)c(-c3ccc(O)cc3)coc2c1,5281804,C16H12O5,284.26,3,76,424,2,5,2
T4S0969,COc1c(O)c(C)cc2c1C(=O)c1c(O)cccc1C2=O,3083575,C16H12O5,284.26,3,83.8,448,2,5,1
T4S0999,COc1cc(O)c(CC=C(C)C)c2c1C(=O)C[C@@H](c1ccc(O)cc1)O2,9928523,C21H22O5,354.4,4.1,76,518,2,5,4
T4S1024,CC(C)C1=CC(=O)[C@@](C)([C@H]2[C@H](O)C[C@@]3(C)[C@@H]4CC=C5[C@@H](CC[C@@H](O[C@@H]6O[C@H](CO)[C@@H](O)[C@H](O)[C@H]6O[C@@H]6O[C@@H](C)[C@H](O)[C@@H](O)[C@H]6O)C5(C)C)[C@]4(C)C(=O)C[C@]23C)O1,102120501,C42H64O14,792.9,1.4,222,1630,7,14,7
T4S1050,COC(=O)[C@]1(C)CC[C@]2(C)CC[C@]3(C)C4=CC=C5C(=CC(=O)C(O)=C5C)[C@]4(C)CC[C@@]3(C)[C@@H]2C1,159516,C30H40O4,464.6,6.3,63.6,1120,1,4,2
T4S1102,COc1cc2c(cc1OC)C(Cc1ccc(O)c(Oc3cc4c(cc3OC)CCN(C)[C@@H]4Cc3ccc(O)cc3)c1)N(C)CC2.[O-][Cl+3]([O-])([O-])O.[O-][Cl+3]([O-])([O-])O,102004400,C37H44Cl2N2O14,811.7,,227,1030,4,16,9
T4S1173,CCCC(=O)c1c(O)c(Cc2c(O)c(Cc3c(O)c(C)c(OC)c(C(=O)CCC)c3O)c(O)c(C(=O)[C@@H](C)CC)c2O)c(O)c(C)c1OC,194000,C37H46O12,682.8,7.7,211,1030,7,12,15
T4S1312,COC(=O)[C@H]1O[C@@H](O[C@H]2CC[C@]3(C)[C@H]4CC=C5[C@@H]6CC(C)(C)CC[C@]6(C(=O)O)CC[C@@]5(C)[C@]4(C)CC[C@H]3[C@]2(C)C=O)[C@H](O)[C@@H](O)[C@@H]1O,21626375,C37H56O10,660.8,5.1,160,1330,4,10,6
T4S1321,COc1ccc2c(c1O)-c1c(O)c(OC)cc3c1[C@H](C2)[N+](C)(C)CC3.[Cl-],23149,C20H24ClNO4,377.9,,58.9,498,2,5,2
T4S1335,COc1cc2cc(Oc3ccc4ccc(=O)oc4c3)c(=O)oc2cc1O,5281406,C19H12O7,352.3,3.3,91.3,640,1,7,3
T4S1439,C=C[C@@H]1C2=CCOC(=O)C2=CO[C@H]1O[C@@H]1O[C@H](CO[C@@H]2O[C@H](CO)[C@@H](O)[C@H](O)[C@H]2O)[C@@H](O)[C@H](O)[C@H]1O,10864232,C22H30O14,518.5,-3.4,214,875,7,14,7
T4S1452,C=C(C(=O)O)[C@@H]1CC[C@@H](C)[C@@H]2CCC(C)=C[C@@H]21,10922465,C15H22O2,234.33,3.8,37.3,367,1,2,2
T4S1469,CC(C)(O)CCC(=O)[C@](C)(O)[C@H]1[C@H](O)C[C@@]2(C)[C@@H]3CC=C4[C@@H](C[C@H](O)[C@@H](O)C4(C)C)[C@]3(C)C(=O)C[C@]12C,10481797,C30H48O7,520.7,2,135,1020,5,7,5
T4S1519,CC(C)(O)[C@H]1CC[C@@](C)([C@H]2CC[C@]3(C)[C@@H]2[C@H](O)C[C@@H]2[C@@]4(C)CC[C@H](O)C(C)(C)[C@@H]4[C@@H](O[C@@H]4O[C@H](CO)[C@@H](O)[C@H](O)[C@H]4O)C[C@]23C)O1,21633075,C36H62O10,654.9,3,169,1150,7,10,5
T4S1551,O=CC=Cc1ccccc1,307,C9H8O,132.16,1.9,17.1,121,0,1,2
T4S1615,CC(C)=CCC12Oc3cc(O)c([C@H]4C=C(C)C[C@H](c5ccc(O)cc5O)[C@H]4C(=O)c4ccc(O)cc4O)c(O)c3C(=O)C1(O)Oc1cc(O)ccc12,442458,C40H36O12,708.7,6.3,214,1430,8,12,6
T4S1619,CN1[C@@H]2CC[C@H]1C[C@@H](OC(=O)[C@H](CO)c1ccccc1)C2.CN1[C@@H]2CC[C@H]1C[C@@H](OC(=O)[C@H](CO)c1ccccc1)C2.O=S(=O)(O)O,11479437,C34H48N2O10S,676.8,,183,434,4,12,10
T4S1637,CC(C)=CCc1c(O)cc2oc3cc(O)c(O)c(CC=C(C)C)c3c(=O)c2c1O,5464078,C23H24O6,396.4,5.9,107,662,4,6,4
T4S1659,O=c1ccc2cc3ccoc3c(O)c2o1,65090,C11H6O4,202.16,1.6,59.7,312,1,4,0
T4S1796,CC[C@H](C)[C@@H]1NC(=O)[C@@H]2CCCN2C(=O)[C@@H]2CCCN2C(=O)[C@@H]2CCCN2C(=O)[C@H](CC(C)C)NC(=O)CNC(=O)CNC(=O)[C@H](Cc2ccccc2)NC1=O,102022989,C40H58N8O8,778.9,2.3,206,1480,5,8,6
T4S1869,C=C1[C@H]2C[C@@]3(C4C[C@H]5C6(C4N(CC)C[C@]5(C)CC[C@@H]6O)[C@@H]3C[C@H]2O)[C@@H]1O,138857787,C22H33NO3,359.5,1.2,63.9,695,3,4,1
T4S1876,CCN1C[C@]2(COC)CC[C@H](OC)[C@]34C1[C@H]([C@H](OC)[C@H]23)[C@]1(OC(C)=O)[C@H]2[C@@H](OC(=O)c3ccccc3)[C@@](O)(C[C@H]24)[C@@H](OC)[C@@H]1O,168322669,C34H47NO10,629.7,1.3,133,1180,2,11,11
T4S1881,CCN1C[C@]2(COC)[C@H](O)C[C@H](OC)C34C1C([C@H](OC)[C@@H]32)[C@]1(O)[C@@H]2[C@H]4C[C@](O)([C@@H]2O)[C@@H](OC)[C@@H]1O,154804877,C25H41NO9,499.6,-2.5,141,878,5,10,6
T4S1943,C[C@@]1(CO)C[C@@H](O)C[C@@]2(C)[C@@H]3CC[C@](C)([C@@H](O)CO)C=C3CC[C@H]12,15736732,C20H34O4,338.5,2,80.9,518,4,4,3
T4S1980,C=C1[C@@H]2CC[C@@H]3[C@](C2)(C(=O)[C@@H](O)[C@@H]2C(C)(C)[C@H]4CC(=O)[C@@]32CO4)[C@@H]1OC(C)=O,20056131,C22H28O6,388.5,0.9,89.9,814,1,6,2
T4S1983,C[C@]12CC[C@H](O)C[C@@]1(O)CC[C@@H]1[C@@H]2CC[C@]2(C)[C@@H](C3=CC(=O)OC3)CC[C@]12O,10574,C23H34O5,390.5,1.1,87,733,3,5,1
T4S1990,Cc1ccc(C(C)C)cc1O,10364,C10H14O,150.22,3.1,20.2,120,1,1,1
T4S2063,c1cc2c(c3c1CC1c4cc5c(cc4CCN1C3)OCO5)OCO2,6770,C19H17NO4,323.3,3,40.2,502,0,5,0
T4S2126,COc1cc(O)c2c(=O)cc(-c3ccc(OC)c(-c4c(O)cc(O)c5c(=O)cc(-c6ccc(O)cc6)oc45)c3)oc2c1,5271805,C32H22O10,566.5,5.7,152,1080,4,10,5
T4S21320,COc1ccc(-c2cc(=O)c3c(O)cc(O)c(-c4cc(-c5cc(=O)c6c(O)cc(O)cc6o5)ccc4OC)c3o2)cc1,5318569,C32H22O10,566.5,5.7,152,1080,4,10,5
T4S2164,C[C@@H]1O[C@@H](OC[C@H]2O[C@@H](Oc3cc(O)c4c(c3)O[C@H](c3ccc(O)cc3)CC4=O)[C@H](O)[C@@H](O)[C@@H]2O)[C@H](O)[C@H](O)[C@H]1O,442431,C27H32O14,580.5,-1.1,225,884,8,14,6
T4S2326,C=C[C@H]1[C@H](O[C@@H]2O[C@H](CO)[C@@H](O)[C@H](O)[C@H]2O)OC=C(C(=O)OC)[C@H]1CCOC(=O)c1cc(O)c(O)c(O)c1,11228694,C24H30O14,542.5,-0.2,222,851,7,14,11
T5A2461,CC(=O)O[C@H]1C[C@]2(O)[C@@H]3CC[C@@H]4C[C@@H](O)CC[C@]4(C)[C@H]3CC[C@]2(C)[C@H]1c1ccc(=O)oc1,12302120,C26H36O6,444.6,2.5,93.1,878,2,6,3
T5S0018,C=C(C)[C@@H]1CC[C@]2(C(=O)O)CC[C@]3(C)[C@H](CC[C@@H]4[C@@]5(C)CCC(=O)C(C)(C)[C@@H]5CC[C@]43C)[C@@H]12,122844,C30H46O3,454.7,7.9,54.4,902,1,3,2
T5S0045,COc1cc2ccc(=O)oc2c(OC)c1O,5318565,C11H10O5,222.19,1.5,65,301,1,5,2
T5S0053,c1c2c(cc3c1OCO3)-c1cc3ccc4c(c3c[n+]1CC2)OCO4,72322,C19H14NO4+,320.3,3.5,40.8,502,0,4,0
T5S0055,CN1Cc2c(ccc3c2OCO3)[C@@H]2[C@H]1c1cc3c(cc1C[C@@H]2O)OCO3,197810,C20H19NO5,353.4,2.2,60.4,560,1,6,0
T5S0056,[Cl-].c1c2c(cc3c1OCO3)-c1cc3ccc4c(c3c[n+]1CC2)OCO4,72321,C19H14ClNO4,355.8,,40.8,502,0,5,0
T5S0106,CC1=C2C[C@H]3[C@@H](CC(=O)[C@H]4C[C@@H](O)CC[C@@]43C)[C@@H]2CC[C@]12O[C@@H]1C[C@H](C)CN[C@H]1[C@H]2C,161294,C27H41NO3,427.6,2.7,58.6,821,2,4,0
T5S0167,C=C1CCC[C@]2(C)C=C3OC(=O)C(C)=C3C[C@@H]12,5321018,C15H18O2,230.30,3,26.3,481,0,2,0
T5S0168,C=C1CCC[C@]2(C)C[C@@H]3OC(=O)C(C)=C3C[C@@H]12,14448070,C15H20O2,232.32,2.9,26.3,432,0,2,0
T5S0229,COc1ccc([C@@H]2CC(=O)c3c(O)cc(O)cc3O2)cc1,160481,C16H14O5,286.28,2.7,76,377,2,5,2
T5S0246,CC1=C(CC[C@@H](C)CO[C@@H]2O[C@H](CO)[C@@H](O)[C@H](O)[C@H]2O)O[C@H]2C[C@H]3[C@@H]4CC=C5C[C@@H](O[C@@H]6O[C@H](CO)[C@@H](O[C@@H]7O[C@@H](C)[C@H](O)[C@@H](O)[C@H]7O)[C@H](O)[C@H]6O[C@@H]6O[C@@H](C)[C@H](O)[C@@H](O)[C@H]6O)CC[C@]5(C)[C@H]4CC[C@]3(C)[C@@H]12,21637110,C51H82O21,1031.2,-1,326,1930,12,21,14
T5S0273,C[N+](C)(C)[C@@H](Cc1c[nH]c2ccccc12)C(=O)[O-],442106,C14H18N2O2,246.30,2.9,55.9,306,1,2,3
T5S0483,COc1cc([C@@H]2OC[C@@H]3[C@H]2CO[C@H]3c2cc(OC)c(O[C@@H]3O[C@H](CO)[C@@H](O)[C@H](O)[C@H]3O[C@@H]3OC[C@](O)(CO)[C@H]3O)c(OC)c2)cc(OC)c1O,101604422,C33H44O17,712.7,-0.8,234,1060,7,17,12
T5S0526,CC(=O)O[C@@H]1C[C@]23C[C@@](C)(O)[C@H](CC[C@H]2[C@@](C)(O)[C@@H]2[C@@H]4O[C@@H]4C(C)(C)[C@@]12O)[C@H]3O,101306702,C22H34O7,410.5,0.3,120,768,4,7,2
T5S0527,CC1(C)[C@H]2O[C@H]2[C@H]2[C@](C)(O)[C@@H]3CC[C@@H]4[C@@H](O)[C@@]3(C[C@@H](O)[C@@]21O)C[C@@]4(C)O,21151017,C20H32O6,368.5,0.3,114,667,5,6,0
T5S0543,C=C1C[C@@]2(O)O[C@@]3(CC2=C(C)C)[C@@H](C)CC[C@@H]13,10399139,C15H22O2,234.33,2.2,29.5,419,1,2,0
T5S0581,Cc1cc(=O)c2c(O)c3c(cc2o1)OC(C)(C)[C@@H](O[C@@H]1O[C@H](CO)[C@@H](O)[C@H](O)[C@H]1O)C3,10478277,C21H26O10,438.4,0.5,155,723,5,10,3
T5S0620,CC(C)=CCC[C@@H](C(=O)O)[C@H]1CC[C@@]2(C)C3=CC[C@H]4C(C)(C)[C@@H](O)CC[C@]4(C)C3=CC[C@]12C,15391340,C30H46O3,454.7,7.2,57.5,904,2,3,5
T5S0636,O=C(O)CC(O)(CC(=O)O)C(=O)O,311,C6H8O7,192.12,-1.7,132,227,4,7,5
T5S0661,C=C[C@@]12CN(C)[C@H]3C[C@]14C(=Nc1ccccc14)[C@@H]1C[C@@H]2[C@@H]3CO1,44583834,C20H22N2O,306.4,2.5,24.8,615,0,3,1
T5S0662,C=CC12CN(C)C3C4CO[C@H](C[C@H]41)[C@]1(C(=O)Nc4ccccc41)C32,102004460,C20H22N2O2,322.4,1.8,41.6,635,1,3,1
T5S0691,CC(C)=CCCC1(C)CCC2(C)C3CCC4(C)C(C)C(=O)CCC4C3(C)CCC2(C)C1,12315506,C30H50O,426.7,10,17.1,760,0,1,3
T5S0761,COc1cc2c[n+](C)c3c4cc5c(cc4ccc3c2cc1OC)OCO5.[Cl-],25659,C21H18ClNO4,383.8,,40.8,516,0,5,2
T5S0802,COc1cc2c(cc1OC)-c1cc3ccc(OC)c(OC)c3c[n+]1CC2,19009,C21H22NO4+,352.4,3.7,40.8,475,0,4,4
T5S0803,COc1cc2c(cc1O)-c1cc3ccc(OC)c(OC)c3c[n+]1CC2,72310,C20H20NO4+,338.4,3.4,51.8,461,1,4,3
T5S0814,COc1ccc2cc3[n+](cc2c1OC)CCc1cc2c(cc1-3)OCO2.O=S(=O)([O-])O,12457,C20H19NO8S,433.4,,127,564,1,8,2
T5S0836,CC(=O)O[C@@H]1[C@@H](O)[C@H](O[C@H]2CC[C@]34C[C@]35CC[C@]3(C)[C@@H]([C@@]6(C)CC[C@@H](C(C)(C)O)O6)[C@@H](O)C[C@@]3(C)[C@@H]5C[C@H](O[C@@H]3O[C@H](CO)[C@@H](O)[C@H](O)[C@H]3O)[C@H]4C2(C)C)OC[C@H]1O,60148655,C43H70O15,827.0,1.8,234,1580,8,15,9
T5S0890,CO[C@H]1C[C@H](O[C@H]2CC[C@@]3(C)[C@H](CC[C@@H]4[C@@H]3CC[C@]3(C)[C@@H](C5=CC(=O)OC5)[C@@H](OC(C)=O)C[C@]43O)C2)O[C@@H](C)[C@@H]1O,11541511,C32H48O9,576.7,2.4,121,1080,2,9,6
T5S0994,CN1C[C@@H]2C[C@H](C1)c1cccc(=O)n1C2,670971,C12H16N2O,204.27,0.7,23.6,359,0,2,0
T5S1025,CC(C)C1=CC(=O)[C@@](C)([C@H]2[C@H](O)C[C@@]3(C)[C@@H]4CC=C5[C@@H](CC[C@@H](O[C@@H]6OC[C@@H](O)[C@H](O)[C@H]6O[C@@H]6O[C@@H](C)[C@H](O)[C@@H](O)[C@H]6O)C5(C)C)[C@]4(C)C(=O)C[C@]23C)O1,91884878,C41H62O13,762.9,1.5,202,1570,6,13,6
T5S1054,CC(=O)OC[C@]12[C@H](OC(C)=O)[C@H](OC(C)=O)[C@@H]3[C@@H](OC(C)=O)[C@@]14O[C@@]3(C)COC(=O)c1cccnc1CCC(C)C(=O)O[C@@H]([C@H](OC(=O)c1ccoc1)[C@@H]2OC(C)=O)[C@]4(C)O,3002220,C41H47NO19,857.8,1.2,266,1790,1,20,14
T5S1058,CC(C)[C@]12O[C@H]1[C@@H]1O[C@@]13[C@@]1(C)CCC4=C(COC4=O)[C@@H]1C[C@@H]1O[C@@]13C2=O,65411,C20H22O6,358.4,0.7,81,860,0,6,1
T5S1097,COc1ccc(C[C@@H]2c3cc(Oc4cc(C[C@@H]5c6cc(OC)c(OC)cc6CCN5C)ccc4O)c(OC)cc3CCN2C)cc1,159654,C38H44N2O6,624.8,6.7,72.9,933,1,8,10
T5S1099,COc1cc2c(cc1OC)[C@@H](Cc1ccc(O)c(Oc3cc4c(cc3OC)CCN(C)[C@@H]4Cc3ccc(O)cc3)c1)N(C)CC2,160644,C37H42N2O6,610.7,6.4,83.9,917,2,8,9
T5S1103,COc1ccc(CC2c3cc(Oc4cc(CC5c6cc(O)c(OC)cc6CCN5C)ccc4O)c(OC)cc3CCN2C)cc1,10100278,C37H42N2O6,610.7,6.4,83.9,917,2,8,9
T5S1131,C[C@H](CC(=O)C[C@@H](C)[C@H]1CC(=O)[C@@]2(C)C3=C(C(=O)[C@@H](O)[C@]12C)[C@@]1(C)CC[C@H](O)C(C)(C)C1CC3=O)C(=O)O,102004760,C30H42O8,530.6,2,146,1150,3,8,6
T5S1133,CC(CC(=O)C[C@@H](C)[C@H]1CC(=O)[C@@]2(C)C3=C(C(=O)C[C@]12C)[C@@]1(C)CCC(=O)C(C)(C)[C@@H]1C[C@@H]3O)C(=O)O,14109406,C30H42O7,514.6,1.9,126,1110,2,7,6
T5S1172,O=C(C=Cc1ccc(O)cc1)OCC1OC(Oc2c(-c3ccc(O)cc3)oc3cc(O)cc(O)c3c2=O)C(O)C(O)C1O,57369598,C30H26O13,594.5,2.5,213,1040,7,13,8
T5S1177,O=C1c2c(O)cccc2[C@@H]([C@@H]2O[C@H](CO)[C@@H](O)[C@H](O)[C@H]2O)c2cc(CO)cc(O)c21,14989,C21H22O9,418.4,-0.1,168,630,7,9,3
T5S1261,COc1ccc(C[C@@H]2COc3c(C)c(O)c(C)c(O)c3C2=O)cc1,46886723,C19H20O5,328.4,3.9,76,445,2,5,3
T5S1262,Cc1c(O)c(C)c2c(c1O)C(=O)[C@H](Cc1ccc3c(c1)OCO3)CO2,53466984,C19H18O6,342.3,3.8,85.2,510,2,6,2
T5S1331,O=c1c(O)c(-c2ccc(O)cc2)oc2c(O)c(O)cc(O)c12,5280544,C15H10O7,302.23,2.2,127,480,5,7,1
T5S1413,CC(C)(O)[C@H]1Cc2cc3ccc(=O)oc3cc2O1,26305,C14H14O4,246.26,1.9,55.8,387,1,4,1
T5S1526,C[C@@H]1O[C@@H](O[C@H]2[C@H](Oc3cc(O)c4c(=O)cc(-c5ccc(O)cc5)oc4c3)O[C@H](CO[C@@H]3O[C@H](CO)[C@@H](O)[C@H](O)[C@H]3O)[C@@H](O)[C@@H]2O)[C@H](O)[C@H](O)[C@H]1O,10795088,C33H40O19,740.7,-2.4,304,1230,11,19,9
T5S1550,OCC=Cc1ccccc1,308,C9H10O,134.17,1.9,20.2,101,1,1,2
T5S1569,CC(=O)OC1CCC2(C)C(CCC3(C)C2C(=O)C=C2C4C(C)C(C)CCC4(C)CCC23C)C1(C)C(=O)O,17973666,C32H48O5,512.7,7.2,80.7,1060,1,5,3
T5S1598,CC1(C)Oc2cc3oc(-c4cc(O)cc(O[C@@H]5OC[C@@H](O)[C@H](O)[C@H]5O)c4)cc3cc2CC1O,190453,C24H26O9,458.5,1.5,142,689,5,9,3
T5S1607,CC(C)=CCc1c(-c2ccc(O)cc2O)oc2c3c(cc(O)c2c1=O)OC(C)(C)C=C3,5281671,C25H24O6,420.5,5.5,96.2,805,3,6,3
T5S1708,CC(C)[C@@H]1[C@H]2OC(=O)[C@@H]1[C@@H]1CC[C@@H]3CN(C)[C@H]2[C@@]31C,442523,C16H25NO2,263.37,3,29.5,434,0,3,1
T5S1805,O=c1ccoc2cc(O)cc(O)c12,5281343,C9H6O4,178.14,1.4,66.8,248,2,4,0
T5S1882,C=C1[C@@H]2C[C@@]3([C@@H]1O)[C@@H](CC2=O)[C@@]12C4[C@@H]3C[C@@H]1[C@@](C)(CC[C@@H]2O)CN4CC,6915738,C22H31NO3,357.5,1.1,60.8,735,2,4,1
T5S1889,CCN1C[C@]2(COC)[C@H](O)C[C@H](OC)C34C1C([C@H](OC)[C@@H]32)[C@@]1(OC(C)=O)C[C@H](OC)[C@]2(O)C[C@@H]4[C@@H]1[C@H]2OC(=O)c1ccc(OC)cc1,168008634,C35H49NO11,659.8,1.2,142,1230,2,12,12
T5S1891,CCN1C[C@@]2(COC)[C@H]3[C@@H](OC)[C@H]4C1[C@]3([C@@H](OC)C[C@H]2OC(C)=O)[C@@H]1C[C@]2(O)[C@H](OC(=O)c3ccccc3)[C@@H]1[C@]4(OC(C)=O)[C@@H](O)[C@@H]2OC,134715846,C36H49NO12,687.8,0.9,160,1320,2,13,13
T5S1895,COc1cc2c(cc1O)C[C@@H]1NCCc3cc(OC)c(O)c-2c31,14539911,C18H19NO4,313.3,2.3,71,433,3,5,2
T5S1959,c1cc2c(cc1[C@H]1OC[C@@H]3[C@H]1CO[C@H]3c1ccc3c(c1)OCO3)OCO2,11869417,C20H18O6,354.4,2.7,55.4,482,0,6,2
T5S1963,Cc1cc(O)cc(O[C@@H]2O[C@H](CO[C@@H]3O[C@H](CO)[C@@H](O)[C@H](O)[C@H]3O)[C@@H](O)[C@H](O)[C@H]2O)c1,10411370,C19H28O12,448.4,-2.4,199,566,8,12,6
T5S1982,CO[C@H]1C[C@H](O[C@H]2CC[C@]3(C)[C@H]4CC[C@]5(C)[C@@H](C6=CC(=O)OC6)CC[C@]5(O)[C@@H]4CC[C@]3(O)C2)O[C@H](C)[C@H]1O[C@@H]1O[C@H](CO)[C@@H](O)[C@H](O)[C@H]1O,14463159,C36H56O13,696.8,-0.4,194,1280,6,13,7
T5S1989,O=c1cc(-c2ccc(O)cc2)oc2cc(O[C@@H]3O[C@H](CO)[C@@H](O)[C@H](O)[C@H]3O[C@@H]3OC[C@](O)(CO)[C@H]3O)cc(O)c12,5280746,C26H28O14,564.5,-0.4,225,923,8,14,7
T5S2017,CC1=C[C@]23C(=O)[C@@H](C=C(CO)[C@@H](O)[C@]2(O)[C@H]1O)[C@H]1[C@@H](C[C@H]3C)C1(C)C,442042,C20H28O5,348.4,0.2,98,707,4,5,1
T5S2178,COc1ccc([C@@H]2OC[C@H]3[C@@H]2CO[C@@H]3c2ccc3c(c2)OCO3)cc1OC,10926754,C21H22O6,370.4,2.8,55.4,515,0,6,4
T5S2205,O=c1c2cc(O)ccc2oc2cc(O)c([C@@H]3O[C@H](CO)[C@@H](O)[C@H](O)[C@H]3O[C@@H]3OC[C@](O)(CO)[C@H]3O)c(O)c12,21581293,C24H26O14,538.5,-1.2,236,860,9,14,5
T5S2207,COc1cc2c(=O)c3c(O)c([C@@H]4O[C@H](CO)[C@@H](O)[C@H](O)[C@H]4O)c(O)cc3oc2cc1O,101916326,C20H20O11,436.4,0,186,661,7,11,3
T5S2254,COc1cc(O)c2c(=O)c3c(O[C@@H]4O[C@H](CO)[C@@H](O)[C@H](O)[C@H]4O)ccc(O)c3oc2c1,5281662,C20H20O11,436.4,0.6,175,647,6,11,4
T5S2283,c1cc2c(cc1O[C@H]1OC[C@H]3[C@@H]1CO[C@@H]3c1ccc3c(c1)OCO3)OCO2,101746,C20H18O7,370.4,3,64.6,544,0,7,3
T5S2343,CC(=O)O[C@H](CC=C(C)C)C1=CC(=O)c2c(O)ccc(O)c2C1=O,479501,C18H18O6,330.3,3.5,101,599,2,6,5
T5S2347,CC(C)=CCCC1=CC(=O)c2c(O)ccc(O)c2C1=O,98914,C16H16O4,272.29,4.1,74.6,471,2,4,3
T5S2350,CC(=O)OC(C)(C)CC(=O)O[C@@H](CC=C(C)C)C1=CC(=O)c2c(O)ccc(O)c2C1=O,155245,C23H26O8,430.4,4,127,802,2,8,9
T5S2357,CC(=O)O[C@H]1Cc2cc3c(cc2[C@H]2N(C)Cc4c(ccc5c4OCO5)[C@@]12C)OCO3,177015,C23H23NO6,409.4,3.3,66.5,703,0,7,2
T5S2358,COc1cc2c(cc1OC)-c1c(C)c3ccc(OC)c(OC)c3c[n+]1CC2,34781,C22H24NO4+,366.4,4.1,40.8,503,0,4,4
T5S2360,COc1cc2c(cc1OC)C1C(C)c3ccc(OC)c(OC)c3CN1CC2,326549,C22H27NO4,369.5,3.6,40.2,503,0,5,4
T5S2361,COc1cc2c(cc1OC)-c1cc3ccc4c(c3c[n+]1CC2)OCO4,160876,C20H18NO4+,336.4,3.6,40.8,488,0,4,2
T6S0033,Nc1[nH]c(=O)nc2c1ncn2[C@@H]1O[C@H](CO)[C@@H](O)[C@H]1O,65085,C10H13N5O5,283.24,-3,153,544,5,7,2
T6S0052,COc1ccc2c(c[n+](C)c3c4cc5c(cc4ccc23)OCO5)c1OC,2703,C21H18NO4+,348.4,4.6,40.8,516,0,4,2
T6S0071,CC1=C2C(=O)O[C@@H](c3ccoc3)[C@]2(C)CCC1,124039,C14H16O3,232.27,2.5,39.4,385,0,3,1
T6S0077,COc1c2ccoc2c(OC[C@H]2OC2(C)C)c2oc(=O)ccc12,3055167,C17H16O6,316.30,2.6,70.4,515,0,6,4
T6S0078,CC(C)(O)[C@H](O)COc1c2ccoc2cc2oc(=O)ccc12,17536,C16H16O6,304.29,1.6,89.1,460,2,6,4
T6S0084,CC[C@@H]1[C@H]2CCCCN3[C@H]2[C@H](C[C@H]3[C@@H]2C[C@H](C)C(=O)O2)[C@@H]2[C@H]1OC(=O)[C@H]2C,100781,C22H33NO4,375.5,3.9,55.8,636,0,5,2
T6S0095,COc1cc(O)c2c(=O)cc(-c3ccc(O)cc3)oc2c1,5281617,C16H12O5,284.26,2.1,76,424,2,5,2
T6S0105,C[C@H]1CC[C@@H]2N(C1)C[C@H]1[C@@H]3C[C@H]4[C@@H](CC(=O)[C@H]5C[C@@H](O)CC[C@@]54C)[C@@H]3CC[C@@H]1[C@]2(C)O,167691,C27H43NO3,429.6,3.9,60.8,755,2,4,0
T6S0107,C[C@H]1CC[C@@H]2N(C1)C[C@H]1[C@@H]3C[C@H]4[C@@H](C[C@H](O)[C@H]5C[C@@H](O)CC[C@@]54C)[C@@H]3CC[C@@H]1[C@]2(C)O,131900,C27H45NO3,431.7,4.1,63.9,715,3,4,0
T6S0109,C[C@H]1CC[C@@H]2N(C1)C[C@H]1[C@@H]3C[C@H]4[C@@H](CC(=O)[C@H]5C[C@@H](O)CC[C@@]54C)[C@@H]3CC[C@H]1[C@]2(C)O,442977,C27H43NO3,429.6,3.9,60.8,755,2,4,0
T6S0117,O=c1c(O[C@@H]2O[C@@H](CO)[C@H](O)[C@H]2O)c(-c2ccc(O)c(O)c2)oc2cc(O)cc(O)c12,5490064,C20H18O11,434.3,1,186,711,7,11,4
T6S0119,COc1cc2c(cc1OC)C(Cc1ccc(Oc3cc(CC4c5cc(OC)c(OC)cc5CCN4C)ccc3O)cc1)N(C)CC2,235244,C38H44N2O6,624.8,6.7,72.9,933,1,8,10
T6S0139,CC(C)=CCc1cc(-c2coc3cc(O)ccc3c2=O)ccc1O,5320053,C20H18O4,322.4,4.4,66.8,532,2,4,3
T6S0221,C[C@@H]1O[C@@H](OC[C@H]2O[C@@H](Oc3cc(O)c4c(c3)O[C@H](c3ccc(O)c(O)c3)CC4=O)[C@H](O)[C@@H](O)[C@@H]2O)[C@H](O)[C@H](O)[C@H]1O,83489,C27H32O15,596.5,-1.4,245,924,9,15,6
T6S0232,O=C1C[C@@H](c2ccc(O)c(O)c2)Oc2cc(O)cc(O)c21,440735,C15H12O6,288.25,2,107,400,4,6,1
T6S0234,CC(=O)O[C@@H]1C[C@H](O)[C@@]23COC(O)[C@]1(C)[C@@H]2C[C@@H](O)[C@]1(C)[C@@H]3C(=O)[C@H](OC(C)=O)[C@@]2(C)[C@H](c3ccoc3)C[C@H]3O[C@]321,145875214,C30H38O11,574.6,0.7,165,1190,3,11,5
T6S0270,COc1ccc(-c2coc3cc(O[C@@H]4O[C@H](CO)[C@@H](O)[C@H](O)[C@H]4O)ccc3c2=O)cc1,442813,C22H22O9,430.4,1,135,659,4,9,5
T6S0325,COc1cc2c(=O)c(-c3ccc(O)cc3)coc2cc1O,5317750,C16H12O5,284.26,2.4,76,424,2,5,2
T6S0413,COc1ccc(-c2cc(=O)c3c(O)c(OC)c(O)cc3o2)cc1,5320438,C17H14O6,314.29,2,85.2,468,2,6,3
T6S0525,Cc1c(O)c(C)c2c(c1O)C(=O)C[C@@H](c1ccc(O)cc1)O2,442396,C17H16O5,300.30,3.1,87,417,3,5,1
T6S0535,COc1cc([C@H]2OC[C@H]3[C@@H]2CO[C@@H]3c2ccc(O[C@@H]3O[C@H](CO)[C@@H](O)[C@H](O)[C@H]3O)c(OC)c2)ccc1O[C@@H]1O[C@H](CO)[C@@H](O)[C@H](O)[C@H]1O,174003,C32H42O16,682.7,-1.3,236,947,8,16,10
T6S0627,COC[C@]12CN(C)[C@@H]3C4[C@H](OC)[C@H]1[C@@]3([C@@H](OC)C[C@H]2O)[C@@H]1C[C@]2(O)[C@H](OC(=O)c3ccccc3)[C@@H]1[C@]4(OC(C)=O)[C@@H](O)[C@@H]2OC,168312300,C33H45NO11,631.7,-0.1,153,1200,3,12,10
T6S0653,COc1ccc(-c2cc(=O)c3c(O)cc(O[C@@H]4O[C@H](CO[C@@H]5O[C@@H](C)[C@H](O)[C@@H](O)[C@H]5O)[C@@H](O)[C@H](O)[C@H]4O)cc3o2)cc1,5317025,C28H32O14,592.5,-0.5,214,955,7,14,7
T6S0721,O=c1cc(-c2ccc(O)c(O)c2)oc2c(C3O[C@H](CO)[C@@H](O)[C@H](O)[C@H]3O)c(O)cc(O)c12,12004585,C21H20O11,448.4,-0.2,197,729,8,11,3
T6S0722,O=c1cc(-c2ccc(O)c(O)c2)oc2cc(O)c([C@@H]3O[C@H](CO)[C@@H](O)[C@H](O)[C@H]3O)c(O)c12,114776,C21H20O11,448.4,-0.2,197,729,8,11,3
T6S0781,COc1cc2c(cc1O)C[C@H]1c3cc(O)c(OC)cc3CC[N@@+]1(C)C2,3081405,C20H24NO4+,342.4,2.6,58.9,488,2,4,2
T6S0840,C[C@@H]1O[C@@H](O[C@H]2C(=O)c3c(O)cc(O)cc3O[C@@H]2c2ccc(O)cc2)[C@H](O)[C@H](O)[C@H]1O,6453452,C21H22O10,434.4,0.7,166,638,6,10,3
T6S0923,Cc1cc(O)c2c(=O)c3c(O)cc(O)c4c5c(O)cc(O)c6c(=O)c7c(O)cc(C)c8c1c2c(c34)c(c78)c65,3663,C30H16O8,504.4,5.7,156,1090,6,8,0
T6S1101,O=c1c(O[C@@H]2O[C@H](CO)[C@@H](O)[C@H](O)[C@H]2O)c(-c2ccc(O)cc2)oc2cc(O)cc(O)c12,5282102,C21H20O11,448.4,0.7,186,719,7,11,4
T6S1141,CC(CC(=O)CC(C)C1CC(O)C2(C)C3=C(C(=O)CC12C)C1(C)CCC(=O)C(C)(C)C1CC3O)C(=O)O,14109402,C30H44O7,516.7,2.2,129,1070,3,7,6
T6S1256,C[C@@H]1CC[C@@]2(OC1)O[C@H]1C[C@H]3[C@@H]4CC=C5C[C@@H](O)C[C@@H](O)[C@]5(C)[C@H]4CC[C@]3(C)[C@H]1[C@@H]2C,441893,C27H42O4,430.6,4.7,58.9,779,2,4,0
T6S1294,C[C@@H]1O[C@@H](OC[C@H]2O[C@@H](Oc3c(-c4ccc(O)cc4)oc4cc(O)cc(O)c4c3=O)[C@H](O)[C@@H](O)[C@@H]2O)[C@H](O)[C@H](O)[C@H]1O,5318767,C27H30O15,594.5,-0.9,245,985,9,15,6
T6S1315,COc1c(O)cc2oc(-c3ccccc3)cc(=O)c2c1O,5320315,C16H12O5,284.26,2.1,76,426,2,5,2
T6S1369,O=c1cc(-c2ccc(O)cc2)oc2c([C@@H]3O[C@H](CO)[C@@H](O)[C@H](O)[C@H]3O)c(O)cc(O)c12,5280441,C21H20O10,432.4,0.2,177,690,7,10,3
T6S1373,COc1ccc(-c2oc3cc(OC)c(OC)c(O)c3c(=O)c2OC)cc1O,5315263,C19H18O8,374.3,3.1,104,576,2,8,5
T6S1440,C[C@@H]1[C@H]2[C@H](O[C@@H]3O[C@H](CO)[C@@H](O)[C@H](O)[C@H]3O)OC=C(C(=O)O)[C@H]2C[C@@H]1O,89640,C16H24O10,376.36,-1.7,166,565,6,10,4
T6S1495,C=C(CCC=C(C)C)[C@H]1CC[C@]2(C)[C@@H]1[C@H](O)C[C@@H]1[C@@]3(C)CC[C@H](O)C(C)(C)[C@@H]3[C@@H](O[C@@H]3O[C@H](CO)[C@@H](O)[C@H](O)[C@H]3O)C[C@]12C,75412555,C36H60O8,620.9,5.7,140,1100,6,8,7
T6S1559,COc1c(O)cc2c(c1O)C(=O)c1c(cc(C)c(O)c1OC)C2=O,155011,C17H14O7,330.29,2.7,113,521,3,7,2
T6S1572,C[C@@H]1[C@H]2c3cc4c(cc3O[C@@]35OCOC3=CC(=O)[C@H](C[C@H]1C)[C@@H]25)OCO4,11725801,C20H20O6,356.4,2.8,63.2,675,0,6,0
T6S1579,O=C(O)C1=CO[C@@H](O[C@@H]2O[C@H](CO)[C@@H](O)[C@H](O)[C@H]2O)[C@H]2[C@@H]1C=C[C@]2(O)CO,73466,C16H22O11,390.34,-3.1,186,634,7,11,5
T6S1652,C[C@@]12C[C@@]3(O)OC(O1)C1(COC(=O)c4ccccc4)[C@H]3C[C@]12O[C@@H]1O[C@H](COC(=O)c2ccccc2)[C@@H](O)[C@H](O)[C@H]1O,145875215,C30H32O12,584.6,0.7,170,1070,4,12,10
T6S1653,C[C@]12C[C@@H](O)[C@@H]3C[C@@]1(O[C@@H]1O[C@H](CO)[C@@H](O)[C@H](O)[C@H]1O)C3(COC(=O)c1ccccc1)C(=O)O2,57325515,C23H28O11,480.5,-1,172,830,5,11,7
T6S1657,COc1ccc(C(C)=O)c(O[C@@H]2O[C@H](CO[C@@H]3OC[C@H](O)[C@H](O)[C@H]3O)[C@@H](O)[C@H](O)[C@H]2O)c1,442923,C20H28O12,460.4,-2.7,185,619,6,12,7
T6S1665,COc1cc(-c2coc3cc4c(c(OC)c3c2=O)OCO4)cc(OC)c1OC,170569,C20H18O8,386.4,2.9,81.7,593,0,8,5
T6S1676,C[C@@H]1C[C@H]2OC3(O[C@@H]2C(C)(C)O)[C@H](O)[C@@]2(C)[C@@H]4CC[C@H]5C(C)(C)[C@@H](O[C@@H]6OC[C@@H](O)[C@H](O)[C@H]6O)CC[C@@]56C[C@@]46CC[C@]2(C)[C@@H]13,59595175,C35H56O9,620.8,3.7,138,1210,5,9,3
T6S1684,CCCCCCC[C@H](O)CC(=O)CCc1ccc(O)c(OC)c1,168114,C19H30O4,322.4,4.2,66.8,318,2,4,12
T6S1740,C[C@@H]1CCC=C2C(=O)C[C@H]3OOC(C)(C)[C@H]3[C@]21C,168136,C15H22O3,250.33,2.9,35.5,423,0,3,0
T6S1768,COc1cc(-c2oc3cc(O)cc(O)c3c(=O)c2O[C@@H]2O[C@H](CO[C@@H]3O[C@@H](C)[C@H](O)[C@@H](O)[C@H]3O)[C@@H](O)[C@H](O)[C@H]2O)ccc1O,5481663,C28H32O16,624.5,-1,255,1040,9,16,7
T6S1780,OC[C@]1(O)COc2cc(O)ccc2-c2cc(O)c(O)cc2C1,13846690,C16H16O6,304.29,1,110,391,5,6,1
T6S1784,Oc1ccc2c(c1)OC[C@]1(O)Cc3cc(O)c(O)cc3[C@H]21,73384,C16H14O5,286.28,1.5,90.2,415,4,5,0
T6S1844,CCC(C)C(=O)O[C@@H]1[C@@H](OC(C)=O)[C@]2(C)[C@H](C(C)=O)CC[C@@]23O[C@]32CC[C@H]3C[C@@H](O[C@H]4C[C@@H](OC)[C@H](O[C@@H]5O[C@H](C)[C@@H](O)[C@@H](OC)[C@H]5O)[C@@H](C)O4)CC[C@]3(C)[C@@H]12,75412560,C42H66O14,795.0,3.3,178,1490,2,14,13
T6S1917,COc1cc2c(c(OC)c1OC)-c1c(cc3c(c1OC)OCO3)CC(C)C(C)(O)C2,634470,C23H28O7,416.5,3.9,75.6,588,1,7,4
T6S1930,COc1cc2c(c(O)c1OC)-c1c(cc(OC)c(OC)c1OC)C[C@@H](C)[C@@H](C)C2,73057,C23H30O6,402.5,4.9,66.4,516,1,6,5
T6S1966,COc1cccc(OC)c1C(=O)OCc1cc(O)ccc1O[C@@H]1O[C@H](CO)[C@@H](O)[C@H](O)[C@H]1O,158845,C22H26O11,466.4,0.7,164,607,5,11,9
T6S2024,C[C@]1(O)C[C@@H](O)[C@]2(O)C=CO[C@@H](O[C@@H]3O[C@H](CO)[C@@H](O)[C@H](O)[C@H]3O)C12,10044294,C15H24O10,364.34,-3.3,169,528,7,10,3
T6S2025,CC(=O)O[C@@]1(C)C[C@@H](O)[C@]2(O)C=CO[C@@H](O[C@@H]3O[C@H](CO)[C@@H](O)[C@H](O)[C@H]3O)[C@@H]21,9978650,C17H26O11,406.4,-2.7,175,626,6,11,5
T6S2038,C[C@@H]1CC[C@]2(C(=O)O)CC[C@]3(C)C(=CC[C@@H]4[C@@]5(C)CC[C@H](O[C@@H]6OC[C@H](O)[C@H](O)[C@H]6O)C(C)(C)[C@@H]5CC[C@]43C)[C@@H]2[C@]1(C)O,71773126,C35H56O8,604.8,4.4,137,1170,5,8,3
T6S2099,O=C1O[C@H]2[C@@H]3OC(=O)c4cc(O)c(O)c(O)c4-c4c(cc(O)c(O)c4O)C(=O)OC[C@H]2O[C@@H](OC(=O)c2cc(O)c(O)c(O)c2)[C@@H]3OC(=O)c2cc(O)c(O)c3c2[C@@H]2C1=CC(=O)[C@](O)(O3)C2(O)O,3001497,C41H28O27,952.6,-0.6,450,2080,14,27,3
T6S2122,CCCCCCCCCCCCCc1cccc(O)c1C(=O)O,161306,C20H32O3,320.5,8.4,57.5,303,2,3,13
T6S2140,COc1ccc(-c2oc3c4c(cc(O)c3c(=O)c2O)OC(C)(C)CC4)cc1,14583584,C21H20O6,368.4,4.2,85.2,618,2,6,2
T6S2146,COc1ccc(-c2oc3c(CC=C(C)C)c(O[C@@H]4O[C@H](CO)[C@@H](O)[C@H](O)[C@H]4O)cc(O)c3c(=O)c2O[C@@H]2O[C@@H](C)[C@H](O)[C@@H](O)[C@H]2O[C@@H]2OC[C@@H](O)[C@H](O)[C@H]2O)cc1,5748393,C38H48O19,808.8,0.1,293,1420,10,19,11
T6S2227,COc1cc2oc(-c3ccc(O)cc3)cc(=O)c2c(O)c1[C@@H]1O[C@H](CO)[C@@H](O)[C@H](O)[C@H]1O[C@@H]1O[C@H](CO)[C@@H](O)[C@H](O)[C@H]1O,155692,C28H32O15,608.5,-1.1,245,987,9,15,7
T6S2243,CC(=O)O[C@H]([C@@H](O)C[C@@H](C)C1=C2C[C@H](O)[C@H]3[C@@]4(C)CCC(=O)C(C)(C)[C@@H]4CC[C@]3(C)[C@@]2(C)CC1)C(C)(C)O,76336194,C32H52O6,532.8,4.4,104,1010,3,6,7
T6S2246,CC(=O)O[C@@H](C[C@@H](C)C1=C2C[C@H](O)[C@H]3[C@@]4(C)CCC(=O)C(C)(C)[C@@H]4CC[C@]3(C)[C@@]2(C)CC1)[C@H]1OC1(C)C,14036811,C32H50O5,514.7,5.4,76.1,1020,1,5,6
T6S2247,CC(C)C1=C[C@H]2[C@@H](CC[C@]2(C)O)[C@](C)(O)CC1,10988340,C15H26O2,238.37,2.1,40.5,334,2,2,1
T6S2252,C=C[C@H]1[C@H](O[C@@H]2O[C@H](CO)[C@@H](O)[C@H](O)[C@H]2O)OC=C2C(=O)OCC[C@H]21,161036,C16H22O9,358.34,-0.9,135,548,4,9,4
T6S2315,C[C@@H]1CC[C@@]2(OC1)O[C@H]1C[C@H]3[C@@H]4CC=C5C[C@@H](O[C@@H]6O[C@H](CO)[C@@H](O)[C@H](O)[C@H]6O[C@@H]6O[C@@H](C)[C@H](O)[C@@H](O)[C@H]6O)CC[C@]5(C)[C@H]4CC[C@]3(C)[C@@]1(O)[C@@H]2C,10417550,C39H62O13,738.9,1.7,197,1360,7,13,5
T6S2356,CN1Cc2c(ccc3c2OCO3)[C@@]2(C)[C@@H](O)Cc3cc4c(cc3[C@@H]12)OCO4,177014,C21H21NO5,367.4,2.7,60.4,603,1,6,0
TCO2745,Nc1ncnc2c1ncn2[C@@H]1O[C@@H]2COP(=O)(O)O[C@H]2[C@H]1O,6076,C10H12N5O6P,329.21,-2.6,155,498,3,10,1
TCP2934,Cc1ccc(C=O)o1,12097,C6H6O2,110.11,0.7,30.2,90,0,2,1
TCS0102,CC(C)=C1CC[C@@H](C)CC1=O,442495,C10H16O,152.23,2.8,17.1,197,0,1,0
TCS0324,CCCCCc1ccco1,19602,C9H14O,138.21,3.7,13.1,80,0,1,4
TCS0862,COc1ccc(C(=O)O)cc1,7478,C8H8O3,152.15,2,46.5,136,1,3,2
TCS1704,COc1ccc(-c2oc3cc(OC)c(OC)c(O)c3c(=O)c2OC)cc1OC,5320351,C20H20O8,388.4,3.4,92.7,591,1,8,6
TCS1709,CC(=O)CCc1ccccc1,17355,C10H12O,148.20,1.8,17.1,123,0,1,3
TCS1772,CC(C)c1ccc2c(c1)CC[C@H]1[C@](C)(C(=O)O)CCC[C@]21C,94391,C20H28O2,300.4,5.6,37.3,443,1,2,2
TCS1856,CC(=O)c1ccccc1O,8375,C8H8O2,136.15,1.9,37.3,131,1,2,1
TCS1857,O=CCc1ccccc1,998,C8H8O,120.15,1.8,17.1,82,0,1,2
TCS2070,O=C(O)Cc1cc(O)ccc1O,780,C8H8O4,168.15,0.5,77.8,168,3,4,2
TCS2170,CC(=O)c1cc(O)ccc1O,10279,C8H8O3,152.15,1.7,57.5,155,2,3,1
THS1455,CC1=C[C@H]2[C@@H](CC1)[C@H](C)CC[C@H]2[C@@H](C)C(=O)O,11020893,C15H24O2,236.35,3.9,37.3,332,1,2,2
TJO2691,C[C@H](O)[C@@H](O)[C@@H](O)[C@H](O)C=O,3034656,C6H12O5,164.16,-2.4,98,126,4,5,4
TJO2729,C[C@H](N)C(=O)O,5950,C3H7NO2,89.09,-3,63.3,61,2,3,1
TJO2742,CSCCC(N)C(=O)O,876,C5H11NO2S,149.21,-1.9,88.6,97,2,4,4
TJO2758,O=C[C@H](O)[C@@H](O)[C@H](O)[C@H](O)C(=O)O,65041,C6H10O7,194.14,-2.6,135,191,5,7,5
TJO2795,O.O=C[C@H](O)[C@@H](O)[C@@H](O)[C@H](O)C(=O)O,44654794,C6H12O8,212.15,,136,191,6,8,5
TJP2872,CC(=O)OCC1=CO[C@@H](OC(=O)CC(C)C)[C@H]2C1=C[C@H](OC(=O)CC(C)(C)OC(C)=O)[C@]21CO1,65717,C24H32O10,480.5,0.9,127,915,0,10,13
TJP2891,OC[C@H]1O[C@H](O[C@H]2[C@H](O)[C@@H](O)[C@@H](O[C@H]3[C@H](O)[C@@H](O)[C@@H](O[C@H]4[C@H](O)[C@@H](O)[C@@H](O[C@H]5[C@H](O)[C@@H](O)C(O)O[C@@H]5CO)O[C@@H]4CO)O[C@@H]3CO)O[C@@H]2CO)[C@H](O)[C@@H](O)[C@@H]1O,2724445,C30H52O26,828.7,-11.2,427,1210,17,26,13
TJS0123,CCOC(=O)C1=CCCNC1,205701,C8H13NO2,155.19,0.4,38.3,175,1,3,3
TJS0311,CCOC(=O)c1cc2ccccc2oc1=O,15800,C12H10O4,218.20,2.3,52.6,332,0,4,3
TJS0312,Cc1cc(=O)oc2c([N+](=O)[O-])c(O)ccc12,5376327,C10H7NO5,221.17,1.8,92.4,359,1,5,0
TJS0314,Cc1cc(=O)oc2cc(O)cc(O)c12,5354284,C10H8O4,192.17,1.1,66.8,284,2,4,0
TJS0315,Cc1cc(=O)oc2c(O)c(O)ccc12,5355836,C10H8O4,192.17,1.1,66.8,284,2,4,0
TJS0318,Cc1cc(=O)oc2ccc(O)cc12,75409,C10H8O3,176.17,1.9,46.5,257,1,3,0
TJS0328,O=c1cc(-c2ccccc2)c2cc(O)c(O)cc2o1,5320203,C15H10O4,254.24,2.4,66.8,384,2,4,1
TJS0338,Cc1cc(=O)oc2cc(O)c(O)cc12,5319502,C10H8O4,192.17,1.5,66.8,284,2,4,0
TJS0339,O=C(O)c1cc2ccccc2oc1=O,10752,C10H6O4,190.15,2.2,63.6,305,1,4,1
TJS0341,Nc1ccc2c(C(F)(F)F)cc(=O)oc2c1,100641,C10H6F3NO2,229.15,2.1,52.3,337,1,6,0
TJS0368,O=c1cc(-c2ccccc2)c2ccc(O)c(O)c2o1,5413034,C15H10O4,254.24,2.4,66.8,384,2,4,1
TJS0405,O=C1c2ccccc2C(=O)c2c1cc(O)c(CO)c2O,10163,C15H10O5,270.24,2.4,94.8,420,3,5,1
TJS0856,COc1cc2oc(=O)cc(-c3ccccc3)c2cc1O,442768,C16H12O4,268.26,2.7,55.8,397,1,4,2
TJS0928,CC1(C)CC[C@]2(C(=O)O)CC[C@]3(C)C(=CC[C@@H]4[C@@]5(C)CC[C@H](O[C@@H]6O[C@H](C(=O)O)[C@@H](O)[C@H](O)[C@H]6O)C(C)(C)[C@@H]5CC[C@]43C)[C@@H]2C1,176079,C36H56O9,632.8,6.1,154,1260,5,9,4
TJS1159,COc1cc(-c2oc3cc(OC)c(OC)c(O)c3c(=O)c2OC)ccc1O,5281608,C19H18O8,374.3,3.1,104,576,2,8,5
TJS1183,C1CNCCNCCNCCN1,64963,C8H20N4,172.27,-2.4,48.1,65,4,4,0
TJS2190,CC(Cc1ccc(O)c(O)c1)C(C)Cc1ccc(O)c(O)c1,4534,C18H22O4,302.4,4.3,80.9,303,4,4,5
TMA2394,Cc1c(C)c2c(c(C)c1O)CCC(C)(CCCC(C)CCCC(C)CCCC(C)C)O2,2116,C29H50O2,430.7,10.7,29.5,503,1,2,12
TMA2440,O=c1ccn([C@@H]2O[C@H](COP(=O)([O-])[O-])[C@@H](O)[C@H]2O)c(=O)[nH]1.[Na+].[Na+],169020,C9H11N2Na2O9P,368.14,,172,506,3,9,3
TMM2618,C=C1C[C@]23CC1CC[C@H]2[C@@]12C=C[C@H](O)[C@@](C)(C(=O)O1)[C@H]2[C@@H]3C(=O)O,163092578,C19H22O5,330.4,1.7,83.8,725,2,5,1
TMO2681,O=c1[nH]c(=O)c2ncn([C@@H]3O[C@H](CO)[C@@H](O)[C@H]3O)c2[nH]1,64959,C10H12N4O6,284.23,-2.4,146,434,5,7,2
TMO2685,O=C(O)CCCCCCCCCO,74300,C10H20O3,188.26,2.5,57.5,123,2,3,9
TMO2713,Oc1ncnc2ccccc12,135408753,C8H6N2O,146.15,0.7,41.5,200,1,2,0
TMO2752,Nc1ccn([C@@H]2O[C@H](COP(=O)(O)O)[C@@H](O)[C@H]2O)c(=O)n1,6131,C9H14N3O8P,323.20,-3.4,175,531,5,8,4
TMO2790,O=C(O)Cc1cccc2ccccc12,6862,C12H10O2,186.21,2.7,37.3,212,1,2,2
TMS0484,COc1cc([C@@H]2OC[C@@H]3[C@H]2CO[C@H]3c2cc(OC)c(O[C@@H]3O[C@H](CO)[C@@H](O)[C@H](O)[C@H]3O)c(OC)c2)cc(OC)c1O,45482321,C28H36O13,580.6,0.4,175,807,5,13,9
TMS0719,CO[C@H]1[C@H](O)[C@@H](O)[C@@H](O)[C@@H](O)[C@@H]1O,439990,C7H14O6,194.18,-3.2,110,158,5,6,1
TMS1830,O=c1[nH]cnc2c1ncn2[C@@H]1O[C@H](COP(=O)([O-])[O-])[C@@H](O)[C@H]1O.[Na+].[Na+],135414245,C10H11N4Na2O8P,392.17,,181,543,3,10,3
TMS2179,CC(=CCNc1ncnc2nc[nH]c12)CO,15419,C10H13N5O,219.24,0.7,86.7,258,3,5,4
TMS2262,CC1(C)[C@H]2CC[C@]1(C)C(=O)C2,444294,C10H16O,152.23,2.2,17.1,217,0,1,0
TWA2417,C[C@H](CCC(=O)NCCS(=O)(=O)[O-])[C@H]1CC[C@H]2[C@@H]3[C@H](O)CC4C[C@H](O)CC[C@]4(C)[C@H]3C[C@H](O)[C@]12C.[Na+],23671686,C26H44NNaO7S,537.7,,155,897,4,7,7
TWO2724,Nc1ccc(N(CCO)CCO)cc1.O=S(=O)(O)O,93296,C10H18N2O6S,294.33,,153,222,5,8,5
TWO2759,Cc1c[nH]c(=O)[nH]c1=O,1135,C5H6N2O2,126.11,-0.6,58.2,195,2,2,0
TWO2771,OC1C2CC3CC(C2)CC1C3,64149,C10H16O,152.23,1.9,20.2,148,1,1,0
TWP2911,Cc1cn([C@H]2C[C@H](O)[C@@H](CO)O2)c(=O)[nH]c1=O,5789,C10H14N2O5,242.23,-1.2,99.1,381,3,5,2
TWS0704,COc1cc2c3c(c1OC)-c1ccccc1C[C@H]3[N+](C)(C)CC2.[Cl-],168008607,C20H24ClNO2,345.9,,18.5,437,0,3,2
TWS0902,CC(C)=CC1CC(O)(C2CCC3(C)C2CCC2C4(C=O)CCC(OC5OCC(O)C(OC6OCC(O)C(O)C6O)C5OC5OC(C)C(O)C(O)C5O)C(C)(C)C4CCC23C)C(O)O1,131849056,C46H74O17,899.1,1.3,264,1680,9,17,9
TWS1229,C[C@@H]1CCCC2=CC(=O)[C@@H]3[C@@H](C3(C)C)[C@]21C,165536,C15H22O,218.33,3.6,17.1,390,0,1,0
TWS2045,CC1=CC(=O)[C@@H](O)[C@]2(C)C3[C@@H](O)[C@H](O)[C@@]4(C)OC[C@@]35[C@@H](C[C@@H]12)OC(=O)[C@H](O)[C@]54O,71463728,C20H26O9,410.4,-2.4,154,855,5,9,0
T2742,O=C1c2c(O)cccc2[C@H]([C@@H]2O[C@H](CO)[C@@H](O)[C@H](O)[C@H]2O)c2cc(CO)cc(O)c21,12305761,C21H22O9,418.4,-0.1,168,630,7,9,3
T3672,CC(=O)OC1CC(=O)OC(C)(C)C2CC(=O)C3(C)C(CCC4(C)C(c5ccoc5)OC(=O)C5OC543)C12C,326240,C28H34O9,514.6,2.6,122,1080,0,9,3
T3865,C=C1CCC[C@]2(C)CC[C@@H](C(C)(C)O)C[C@@H]12,91457,C15H26O,222.37,3.7,20.2,292,1,1,1
T3879,COc1cc([C@@H]2Oc3c(O)cc([C@H]4Oc5cc(O)cc(O)c5C(=O)[C@@H]4O)cc3[C@H]2CO)ccc1O,441764,C25H22O10,482.4,2.1,166,765,6,10,4
T3905,O=c1c2cc(O)c(O)cc2oc2c([C@@H]3O[C@H](CO)[C@@H](O)[C@H](O)[C@H]3O)c(O)cc(O)c12,5318597,C19H18O11,422.3,-0.4,197,646,8,11,2
T3927,COc1c2ccoc2c(OCC=C(C)C)c2oc(=O)ccc12,98608,C17H16O5,300.30,3.8,57.9,479,0,5,4
T3929,C=C1C[C@@]23CC[C@H]4[C@@](C)(CCC[C@@]4(C)C(=O)O)[C@@H]2CC[C@@H]1C3,73062,C20H30O2,302.5,5.4,37.3,538,1,2,1
T4070,C[C@H](CCC(=O)NCC(=O)[O-])[C@H]1CC[C@H]2[C@@H]3[C@H](O)C[C@@H]4C[C@H](O)CC[C@]4(C)[C@H]3C[C@H](O)[C@]12C.[Na+],23670522,C26H42NNaO6,487.6,,130,766,4,6,6
T4086,CC(C)C[C@H](NC(=O)CN)C(=O)O,92843,C8H16N2O3,188.22,-2.3,92.4,192,3,4,5
T4096,O=C(O)c1cccnc1C(=O)O,1066,C7H5NO4,167.12,0.2,87.5,204,2,5,2
T4103,C[C@H](O)C(=O)[O-].[Na+],23664767,C3H5NaO3,112.06,,60.4,63,1,3,1
T4107,Cc1ncc(CO)c(C(=O)O)c1O,6723,C8H9NO4,183.16,0.1,90.7,197,3,5,2
T4120,CN(C)CC(=O)O,673,C4H9NO2,103.12,-2.9,40.5,70,1,3,2
T4233,N[C@@H](CS)C(=O)NCC(=O)O,439498,C5H10N2O3S,178.21,-3.7,93.4,162,4,5,4
T4238,N=C(N)NCC(=O)O,763,C3H7N3O2,117.11,-1.6,102,116,3,3,2
T4239,Cn1c(=O)n(C)c2cc(C=O)ccc21,605450,C10H10N2O2,190.20,0.9,40.6,267,0,2,1
T4241,Cc1c(O)cc2c(c1O)C(=O)c1ccccc1C2=O,124062,C15H10O4,254.24,3.1,74.6,405,2,4,0
T4244,Cc1c(O)c(C)c2occ(Cc3ccc4c(c3)OCO4)c(=O)c2c1O,10065830,C19H16O6,340.3,3.9,85.2,560,2,6,2
T4272,Oc1ccnc2ccccc12,69141,C9H7NO,145.16,0.6,29.1,198,1,2,0
T4292,O=C(O)[C@@H]1CSCN1,93176,C4H7NO2S,133.17,-2.3,74.6,106,2,4,1
T4374,CCc1cn([C@H]2C[C@H](O)[C@@H](CO)O2)c(=O)[nH]c1=O,66377,C11H16N2O5,256.25,-0.7,99.1,395,3,5,3
T4386,C[C@@H](Cc1ccsc1)NC(=O)NC[C@H](Cc1ccc(O)cc1)N(C)C,121596705,C19H27N3O2S,361.5,3.1,92.8,400,3,4,8
T4439,C[N+](C)(C)CCOP(=O)([O-])OC[C@H](O)CO,657272,C8H20NO6P,257.22,-2.3,99.1,233,2,6,8
T4468,O=S(=O)(NC1CCNCC1)c1cc(S(=O)(=O)c2ccccc2)ccc1C(F)(F)F,16727102,C18H19F3N2O4S2,448.5,2.7,109,747,2,9,5
T4473,CC(C)(NC(=O)O[C@@H]1CN2CCC1CC2)c1csc(-c2ccc(F)cc2)n1,60199242,C20H24FN3O2S,389.5,3.5,82.7,533,1,6,5
T4474,C=C[C@@H]1C[C@]1(NC(=O)[C@@H]1C[C@@H](Oc2ncc(OC)c3ccc(Cl)cc23)CN1C(=O)[C@@H](NC(=O)OC(C)(C)C)C(C)(C)C)C(=O)NS(=O)(=O)C1CC1,16076883,C35H46ClN5O9S,748.3,4.9,191,1470,3,10,14
T4478,Cc1ccc(-c2n[nH]c3c2C(c2cccc(O)c2)N(c2ccc(C(=O)O)cc2)C3=O)cc1,16020046,C25H19N3O4,425.4,4,107,701,3,5,4
T4482,CNC(=O)c1ccc(Nc2nc(OC3CCCC3)c3c(-c4ccc5nc(C)oc5c4)c[nH]c3n2)c(OC)c1,117881270,C28H28N6O4,512.6,5.2,127,814,3,8,7
T4485,C=CC(=O)Nc1cc(Nc2nccc(-n3cc(CN(C)C)c(-c4ccccc4)n3)n2)c(OC)cc1N1CCOCC1,121269225,C30H34N8O3,554.6,3.4,110,837,2,9,10
T4488,CC1=C(C(=O)Nc2cc3cn[nH]c3cc2F)C(c2ccc(Cl)cc2F)N=C(c2ccnc(Cl)c2)N1,11548023,C24H16Cl2F2N6O,513.3,4.3,95.1,875,3,6,4
T4489,NC(=O)c1cnc(-c2ccc(C3(N)CCC3)cc2)c(-c2ccccc2)c1,56953649,C22H21N3O,343.4,2.6,82,490,2,3,4
T4490,CNC(=O)c1ccc(-c2cc(Cl)cc(Cl)c2Cl)c(N)n1,11659955,C13H10Cl3N3O,330.6,3.6,68,358,2,3,2
T4492,COc1ccc(OCc2ccc(COc3c(Cl)cccc3Cl)cc2)c(Cl)c1,1455,C21H17Cl3O3,423.7,6.7,27.7,421,0,3,7
T4493,O=C(NCc1c(F)cc(F)cc1F)c1cn2c(c(O)c1=O)C(=O)N1[C@H]3CC[C@H](C3)O[C@@H]1C2,90311989,C21H18F3N3O5,449.4,2.7,99.2,912,2,9,3
T4496,OCCN(CCO)c1ccc(C(c2ccc(Cl)cc2)c2ccc(N(CCO)CCO)cc2)cc1,542158,C27H33ClN2O4,485.0,3.4,87.4,485,4,6,13
T4497,Nc1ccncc1N,5918,C5H7N3,109.13,-0.5,64.9,74,2,3,0
T4498,CC(C)(C)C(O)C=Cc1ccc2c(c1)OCO2,39524,C14H18O3,234.29,3.6,38.7,280,1,3,3
T4499,c1ccc2c(c1)Sc1ccccc1N2CC1CN2CCC1CC2,4066,C20H22N2S,322.5,4.6,31.8,398,0,3,2
T4503,O=C1OC(OC(=O)c2cccnc2Nc2cccc(C(F)(F)F)c2)c2ccccc21,48229,C21H13F3N2O4,414.3,5.3,77.5,644,1,9,5
T4504,O=C(Nc1ccc(Cl)cc1)Nc1ccc(Cl)c(Cl)c1,7547,C13H9Cl3N2O,315.6,5.3,41.1,308,2,1,2
T4506,CNC[C@H](O)[C@@H](O)[C@H](O)[C@H](O)CO.CNC[C@H](O)[C@@H](O)[C@H](O)[C@H](O)CO.O=C([O-])CN(CCN(CC(=O)[O-])CC(=O)O)CCN(CC(=O)[O-])CC(=O)O.[Gd+3],55466,C28H54GdN5O20,938.0,,431,631,14,25,25
T4507,OCC(O)COc1ccc(Cl)cc1,7697,C9H11ClO3,202.63,1.2,49.7,135,2,3,4
T4509,O=C(O[C@H]1[C@H](OC(=O)c2cccnc2)[C@@H](OC(=O)c2cccnc2)[C@H](OC(=O)c2cccnc2)[C@@H](OC(=O)c2cccnc2)[C@H]1OC(=O)c1cccnc1)c1cccnc1,3720,C42H30N6O12,810.7,3.3,235,1210,0,18,18
T4521,COc1ccc(C(=O)NC2(C(=O)O)Cc3ccccc3C2)cc1OCCc1cccc(C)c1,44481866,C27H27NO5,445.5,4.9,84.9,667,2,5,8
T4522,COc1cc(-c2ccc(C(F)(F)F)cc2)nc(NC2CCCCC2)n1.Cl,131839612,C18H21ClF3N3O,387.8,,47,407,2,7,4
T4523,CC(C)(O)[C@H]1CC[C@H](Nc2ccc3ncc(-c4cccc(C(F)(F)F)c4)n3n2)CC1,66598080,C22H25F3N4O,418.5,4.6,62.5,579,2,7,4
T4524,CC(=O)Nc1ccc(C(=O)N2CCN(c3ccc(C)cc3)CC2c2ccccc2)cc1,78425817,C26H27N3O2,413.5,4,52.7,602,1,3,4
T4526,Cl.c1ccc2c(c1)OCC(CN1CCCCC1)O2,101619,C14H20ClNO2,269.77,,21.7,240,1,3,2
T4531,c1cc2c(s1)CCOC21CCN(Cc2ccc3c(c2)OCCO3)CC1,70689288,C20H23NO3S,357.5,2.9,59.2,468,0,5,2
T4532,C[C@@H](C(=O)Nc1ccc(Cl)cc1)[C@H]1CC[C@@H](c2ccnc3ccc(F)cc32)CC1,121328278,C24H24ClFN2O,410.9,6.5,42,545,1,3,4
T4534,CCc1c(-c2ccccc2)c(-c2ccccc2)nn1-c1ccccc1-c1cccc(OCC(=O)O)c1,16122583,C31H26N2O3,474.5,7.2,64.4,689,1,4,8
T4535,O=C([O-])[C@@]1(CCCCCCOc2ccc(Cl)cc2)CO1.[Na+],57345784,C15H18ClNaO4,320.74,,61.9,321,0,4,9
T4536,Cc1cc(CCCOc2c(C)cc(-c3noc(C(F)(F)F)n3)cc2C)on1,1684,C18H18F3N3O3,381.3,4.6,74.2,471,0,9,6
T4542,Cc1c(Cl)cccc1Nc1ncccc1C(=O)O,28718,C13H11ClN2O2,262.69,3.8,62.2,301,2,4,3
T4544,COC(=O)N[C@H](C(=O)N1CCC[C@H]1c1ncc(-c2ccc3c(c2)O[C@@H](c2ccccc2)n2c-3cc3cc(-c4cnc([C@@H]5CCCN5C(=O)[C@@H](NC(=O)OC)C(C)C)[nH]4)ccc32)[nH]1)C(C)C,71661251,C49H55N9O7,882.0,6.7,189,1680,4,9,13
T4545,CCN(CC)CC(=O)Oc1ccc(NC(C)=O)cc1.Cl,108082,C14H21ClN2O3,300.78,,58.6,295,2,4,7
T4547,C=C[C@@H]1C[C@]1(NC(=O)[C@@H]1C[C@@H]2CN1C(=O)[C@H](C(C)(C)C)NC(=O)O[C@@H]1C[C@H]1CCCCCc1nc3ccc(OC)cc3nc1O2)C(=O)NS(=O)(=O)C1CC1,44603531,C38H50N6O9S,766.9,4.7,204,1580,3,11,8
T4550,CC[C@H]1C2C[C@H]3[C@@H]4N(C)c5ccccc5C45C[C@@H](C2[C@H]5O)N3[C@@H]1O,174236,C20H26N2O2,326.4,1.8,46.9,570,2,4,1
T4552,CC(=C(CCO)SSCC1CCCO1)N(C=O)Cc1cnc(C)nc1N,3441,C17H26N4O3S2,398.5,0.6,152,481,2,8,9
T4553,CC1(C)S[C@@H]2[C@H](NC(=O)Cc3ccccc3)C(=O)N2[C@H]1C(=O)O.CCN(CC)CCOC(=O)c1ccc(N)cc1,5903,C29H38N4O6S,570.7,,168,752,3,9,11
T4557,CCCCCc1ccc(C)cc1O,14759,C12H18O,178.27,4.4,20.2,133,1,1,4
T4561,CC(C(=O)O)c1ccc(C(=O)c2ccccc2)s1,5468,C14H12O3S,260.31,3.3,82.6,323,1,4,4
T4564,C=C(CC)C(=O)c1ccc(OCC(=O)O)c(Cl)c1Cl,3278,C13H12Cl2O4,303.13,3.8,63.6,370,1,4,6
T4565,O=C(O)c1ccc2nc(-c3cc(Cl)cc(Cl)c3)oc2c1,11001318,C14H7Cl2NO3,308.1,4.2,63.3,371,1,4,2
T4567,Nc1ccc(S(=O)(=O)Nc2ccnn2-c2ccccc2)cc1,5335,C15H14N4O2S,314.4,1.5,98.4,451,2,5,4
T4570,O=C(CCBr)N1CCN(C(=O)CCBr)CC1,4842,C10H16Br2N2O2,356.05,0.4,40.6,227,0,2,4
T4575,O=C([O-])c1ccccn1.O=C([O-])c1ccccn1.O=C([O-])c1ccccn1.[Cr+3],151932,C18H12CrN3O6,418.3,,159,108,0,9,0
T4576,O=C1[C@H]2CCCC[C@H]2C(=O)N1CCCCN1CCN(c2nsc3ccccc23)CC1,115368,C23H30N4O2S,426.6,3.9,85,615,0,6,6
T4583,Cl.O=C([C@@H](Cc1cccc(C(F)(F)F)c1)NS(=O)(=O)c1cc(F)c2c(c1)CCNC2)N1CCCC1,78243738,C23H26ClF4N3O3S,536.0,,86.9,813,3,9,6
T7024,CC(=O)[C@]1(O)CC[C@@]2(O)[C@]1(C)[C@H](OC(=O)c1ccc(O)cc1)C[C@@H]1[C@@]3(C)CC[C@H](O)CC3=CC[C@]12O,90476678,C28H36O8,500.6,1.5,145,971,5,8,4
T7031,O=C(O)c1cc2c(c3c1c([N+](=O)[O-])cc1ccccc13)OCO2,108168,C16H9NO6,311.24,3.6,102,505,1,6,1
T7032,COc1ccc(-c2cc(=O)c3c(O)c(OC)c(OC)cc3o2)cc1O,97214,C18H16O7,344.3,2.9,94.5,520,2,7,4
T7033,CC(C)c1cc2c(c(O)c1O)[C@@]13CCCC(C)(C)[C@@H]1[C@H](OC3=O)[C@H]2O,13966122,C20H26O5,346.4,3.4,87,572,3,5,1
T7034,IC12CC3CC(CC(C3)C1)C2,136609,C10H15I,262.13,4.4,0,144,0,0,0
T7041,COc1cc2c(cc1OC)C(=O)C(CC1CCN(Cc3ccccc3)CC1)C2,3152,C24H29NO3,379.5,4.3,38.8,510,0,4,6
T7042,O=c1[nH]ccc2c(O)cccc12,1340,C9H7NO2,161.16,1,49.3,225,2,2,0
T7043,CO[C@@]1(NC(=O)C2SC(=C(C(N)=O)C(=O)O)S2)C(=O)N2C(C(=O)O)=C(CSc3nnnn3C)CS[C@@H]21,53025,C17H17N7O8S4,575.6,0.1,321,1090,4,15,9
T7044,NC[C@H](O)c1ccc(O)c(O)c1,439260,C8H11NO3,169.18,-1.2,86.7,142,4,4,2
T7047,CCCCCCCCCCCCCCCC(=O)OCC(O)COC(=O)CCCCCCCCCCCCCCC,68149,C35H68O5,568.9,14,72.8,490,1,5,34
T7048,O=C1C=CC(=O)c2ccccc21,8530,C10H6O2,158.15,1.7,34.1,227,0,2,0
T7049,COc1ccc2ccc(=O)oc2c1,10748,C10H8O3,176.17,1.9,35.5,234,0,3,1
T7050,CC1=C(C)C(=O)C(CC[C@](C)(O)CCC[C@H](C)CCC[C@H](C)CCCC(C)C)=C(C)C1=O,2734086,C29H50O3,446.7,8.8,54.4,697,1,3,15
T7051,COc1cc2oc(-c3ccccc3)cc(=O)c2c(OC)c1OC,442583,C18H16O5,312.3,3.1,54,454,0,5,4
T7053,O=C(O)C=Cc1ccc(O)cc1,322,C9H8O3,164.16,1.5,57.5,178,2,3,2
T7054,O=C(N[C@@H](c1ccccc1)[C@@H](O)C(=O)O)c1ccccc1,2762289,C16H15NO4,285.29,1.7,86.6,359,3,4,5
T7055,COC(=O)[C@H](O)[C@@H](NC(=O)c1ccccc1)c1ccccc1,182104,C17H17NO4,299.32,2,75.6,373,2,4,6
T7056,CCCCc1oc2ccc(NS(C)(=O)=O)cc2c1C(=O)c1ccc(OCCCN(CCCC)CCCC)cc1,208898,C31H44N2O5S,556.8,7.2,97.2,800,1,7,18
T7064,CCCC(CCC)C(=O)O,3121,C8H16O2,144.21,2.8,37.3,93,1,2,5
T7074,O=C1C(Cl)=C(Cl)C(=O)c2ccccc21,8342,C10H4Cl2O2,227.04,3.4,34.1,301,0,2,0
T7075,O=C1C=C(Cl)C(=O)c2ccccc21,13891,C10H5ClO2,192.60,2.3,34.1,293,0,2,0
T7079,COc1cc(NC(=O)CCN2CCC(OC(=O)Nc3ccccc3-c3ccccc3)CC2)c(Cl)cc1CNC[C@H](O)c1ccc(O)c2[nH]c(=O)ccc12,10372836,C40H42ClN5O7,740.2,4.4,161,1230,6,9,14
T7083,CC1(C)Cc2c(sc(NC(=O)c3cc[nH]n3)c2C(N)=O)C(C)(C)O1,117857370,C16H20N4O3S,348.4,1.8,138,539,3,5,3
T7086,c1ccc(Cn2cc(CN(Cc3cn(Cc4ccccc4)nn3)Cc3cn(Cc4ccccc4)nn3)nn2)cc1,11203363,C30H30N10,530.6,2.9,95.4,628,0,7,12
T7087,Cl.O=C(O)CCP(CCC(=O)O)CCC(=O)O,2734570,C9H16ClO6P,286.64,,112,222,4,6,9
T7088,O=C(NC(=O)c1c(F)cccc1F)Nc1ccc(Cl)cc1,37123,C14H9ClF2N2O2,310.68,3.9,58.2,379,2,4,2
T7089,Cc1cc(C)cc(Oc2ccc(CNC(=O)[C@H](C)N)cc2C)c1,121231417,C19H24N2O2,312.4,3.1,64.4,378,2,3,5
T7501,CC1CN(S(=O)(=O)c2cccc3cnccc23)CCN1.Cl.Cl,11957580,C14H19Cl2N3O2S,364.3,,70.7,434,3,5,2
TL0001,N[C@@H](CNC(=O)C(=O)O)C(=O)O,440259,C5H8N2O5,176.13,-4.1,130,214,4,6,4
TL0002,O=C1C[C@@H](c2ccc(O[C@@H]3O[C@H](CO)[C@@H](O)[C@H](O)[C@H]3O[C@@H]3OC[C@](O)(CO)[C@H]3O)cc2)Oc2cc(O)ccc21,10076238,C26H30O13,550.5,-0.8,205,837,7,13,7
TL0003,CC1=CCC2CC1C2(C)C,6654,C10H16,136.23,2.8,0,186,0,0,0
TL0008,COc1cc(O)cc(CCc2ccc(OC)c(O)c2)c1,3085362,C16H18O4,274.31,2.7,58.9,284,2,4,5
T4039,O=C(c1ccc(Cl)cc1)N1CCC(=Cc2ccc(C3=NCCO3)cc2)CC1,501398,C22H21ClN2O2,380.9,3.8,41.9,577,0,3,3
T7502,Cc1ccc(S(=O)(=O)O)cc1.Nc1[nH]ncc1-c1cc(Cl)ccc1Oc1cc(F)c(S(=O)(=O)Nc2cscn2)cc1Cl,71554187,C25H20Cl2FN5O6S3,672.6,,222,927,4,12,7
T2S0265,C[C@@H]1O[C@@H](OC[C@H]2O[C@@H](Oc3c(-c4ccc(O)cc4)oc4cc(O[C@@H]5O[C@@H](C)[C@H](O)[C@@H](O)[C@H]5O)cc(O)c4c3=O)[C@H](O)[C@@H](O)[C@H]2O)[C@H](O)[C@H](O)[C@H]1O,5281693,C33H40O19,740.7,-2.2,304,1260,11,19,8
T3S0218,O=C(O[C@@H]1[C@@H](O)[C@H](Oc2cc(O)c(C(=O)CCc3ccccc3)c(O)c2)O[C@@H]2COC(=O)c3cc(O)c(O)c(O)c3-c3c(cc(O)c(O)c3O)C(=O)O[C@@H]12)c1cc(O)c(O)c(O)c1,10328286,C42H34O21,874.7,3.8,357,1590,12,21,9
T4587,O=c1c(-c2ccc(O)cc2)coc2c([C@@H]3O[C@H](CO[C@@H]4OC[C@](O)(CO)[C@H]4O)[C@@H](O)[C@H](O)[C@H]3O)c(O)ccc12,21676217,C26H28O13,548.5,-1.8,216,906,8,13,6
T4568,O=C(O[C@H]1C[C@@H]2C[C@H]3C[C@H](C1)N2CC3=O)c1c[nH]c2ccccc12,3033818,C19H20N2O3,324.4,3.4,62.4,535,1,4,3
T4594,O=C(Nc1ccc(C(O)(C(F)(F)F)C(F)(F)F)cc1)c1ccc(C(F)(F)F)cc1,17980288,C17H10F9NO2,431.25,4.8,49.3,555,2,11,3
T2S2043,COc1c(C)c(O)cc2[o+]c(-c3ccccc3)ccc12.[O-][Cl+3]([O-])([O-])[O-],74787691,C17H15ClO7,366.7,,105,409,1,6,2
T4584,CC(=O)N[C@@H]1C[C@H](NC(C)(C)C)CC[C@@H]1N1CC[C@H](Nc2ncnc3cc(C(C)(C)C)nn23)C1=O,51039119,C25H40N8O2,484.6,2.7,117,778,3,7,7
T4562,Cn1cc(C(=O)[C@@H]2CCc3nc[nH]c3C2)c2ccccc21,108000,C17H17N3O,279.34,2.2,50.7,413,1,2,2
T4600,O=C(Nc1ncc(-c2cc(C(F)F)nn2-c2c(Cl)cccc2Cl)s1)C1CC1,73265272,C17H12Cl2F2N4OS,429.3,4.5,88.1,549,1,6,5
T4598,CC(C)C(=O)Nc1ncc(-c2cc(C(F)F)nn2-c2c(Cl)cccc2Cl)s1,56965901,C17H14Cl2F2N4OS,431.3,5.1,88.1,523,1,6,5
T5S2139,COc1ccc(-c2oc3c(CC=C(C)C)c(O[C@@H]4O[C@H](CO)[C@@H](O)[C@H](O)[C@H]4O)cc(O)c3c(=O)c2O[C@@H]2O[C@@H](C)[C@H](O)[C@@H](O[C@@H]3O[C@H](CO)[C@@H](O)[C@H](O)[C@H]3O)[C@H]2O)cc1,92043273,C39H50O20,838.8,0.1,313,1470,11,20,12
T4599,COc1ccc(N(C(=O)Nc2c(C)cccc2C)c2cc(Nc3ccc(N4CCN(C)CC4)cc3)ncn2)c(OC)c1,78357808,C32H37N7O3,567.7,5.3,95.1,825,2,8,8
T4574,CCOC(=O)[C@H](C)C[C@@H](Cc1ccc(-c2ccccc2)cc1)NC(=O)CCC(=O)O,9811834,C24H29NO5,411.5,3.7,92.7,550,2,5,12
T4596,O=C(NC1CCN(Cc2ccccc2)CC1)c1ccc(I)cc1,132995,C19H21IN2O,420.3,3.9,32.3,368,1,2,4
T5S2306,C[C@@H](CO)[C@@H]1CC[C@@]2(CC[C@]3(C)[C@H](CC[C@@H]4[C@@]5(C)CC[C@H](O[C@@H]6O[C@H](CO)[C@@H](O)[C@H](O)[C@H]6O[C@@H]6O[C@H](CO)[C@@H](O)[C@H](O)[C@H]6O)[C@@](C)(CO[C@@H]6O[C@H](CO)[C@@H](O)[C@H](O)[C@H]6O)[C@@H]5CC[C@]43C)[C@H]2O)CO1,102004530,C48H82O20,979.2,0.2,328,1700,13,20,12
T5S2309,C[C@@H](CO[C@@H]1O[C@H](CO)[C@@H](O)[C@H](O)[C@H]1O)[C@@H]1CC[C@@]2(CC[C@]3(C)[C@H](CC[C@@H]4[C@@]5(C)CC[C@H](O[C@@H]6O[C@H](CO)[C@@H](O)[C@H](O)[C@H]6O[C@@H]6O[C@H](CO)[C@@H](O)[C@H](O)[C@H]6O)[C@@](C)(CO[C@@H]6O[C@H](CO)[C@@H](O)[C@H](O)[C@H]6O)[C@@H]5CC[C@]43C)[C@H]2O)CO1,102004887,C54H92O25,1141.3,-1.4,407,2020,16,25,15
T4648,CNc1nc(NCc2ccc(NS(C)(=O)=O)cc2Cl)cc(-c2ccccn2)n1,91826086,C18H19ClN6O2S,418.9,2.6,117,589,3,8,7
T4S0675,C[C@@H]1O[C@@H](O[C@H]2[C@H](OC(=O)[C@]34CCC(C)(C)C[C@H]3C3=CC[C@@H]5[C@@]6(C)C[C@H](O)[C@H](O[C@@H]7O[C@H](CO)[C@@H](O)[C@H](O)[C@H]7O)[C@@](C)(CO)[C@@H]6CC[C@@]5(C)[C@]3(C)CC4)O[C@H](CO)[C@@H](O)[C@@H]2O)[C@H](O)[C@H](O[C@@H]2OC[C@](O)(CO)[C@H]2O)[C@H]1O[C@@H]1OC[C@@H](O)[C@H](O)[C@H]1O,10374155,C58H94O27,1223.3,-2,433,2390,16,27,15
T4645,Fc1ccc(-c2nc(-c3c(F)cccc3F)[nH]c2-c2ccncc2)cc1,91691129,C20H12F3N3,351.3,4.3,41.6,442,1,5,3
T4646,Fc1ccc(-c2nc(-c3ccccc3F)[nH]c2-c2ccncc2)cc1,91691130,C20H13F2N3,333.3,4.2,41.6,421,1,4,3
T6S1843,CO[C@H]1[C@@H](O)[C@H](O[C@@H]2[C@@H](C)O[C@@H](O[C@H]3CC[C@@]4(C)[C@@H](CC[C@@]56O[C@@]57CC[C@@H](C(C)=O)[C@@]7(C)[C@H](OC(C)=O)[C@@H](OC(=O)c5ccccc5)[C@H]46)C3)C[C@H]2OC)O[C@H](C)[C@H]1O,91973812,C44H62O14,815.0,3.5,178,1550,2,14,12
T5S0506,C[C@@H]1CC[C@]2(C(=O)O)CC[C@]3(C)C(=CC[C@@H]4[C@@]5(C)CC[C@H](O)[C@@](C)(CO)[C@@H]5CC[C@]43C)[C@@H]2[C@]1(C)O,12315075,C30H48O5,488.7,5.3,98,945,4,5,2
T4602,C[C@]12CCC(=O)C=C1CC[C@@H]1[C@@H]2[C@@H](O)C[C@@]2(C)[C@H]1CC[C@]2(O)C(=O)COC(=O)CCC(=O)O,16623,C25H34O8,462.5,1.8,138,908,3,8,7
T4573,NS(=O)(=O)c1cc2c(cc1Cl)NC(C1CC3C=CC1C3)NS2(=O)=O,2910,C14H16ClN3O4S2,389.9,2,135,758,3,7,2
T4647,CC(C)CN(CC(C)C)c1ccc(C=C2C(=O)NC(=S)NC2=O)cc1[N+](=O)[O-],2883762,C19H24N4O4S,404.5,4.2,139,639,2,6,6
T4580,C=C(CC(=O)OCCCCCCCC)C(=O)O,14239884,C13H22O4,242.31,3.6,63.6,258,1,4,11
T4616,CCN(CC)CCNC(=O)c1cc(Cl)c(N)cc1OC,4168,C14H22ClN3O2,299.79,2.6,67.6,300,2,4,7
T4572,C[C@@H]1C[C@H]2[C@@H]3CCC4=CC(=O)C=C[C@]4(C)[C@@]3(F)[C@@H](O)C[C@]2(C)[C@H]1C(=O)CO,5311067,C22H29FO4,376.5,2.3,74.6,757,2,5,2
T4558,Cc1cc2cc3c(C)cc(=O)oc3c(C)c2o1,5585,C14H12O3,228.24,3,39.4,374,0,3,0
T5S1679,CC(=O)O[C@H](C[C@@H](C)[C@H]1C(=O)[C@H](O)[C@@]2(C)[C@@H]3CC[C@H]4C(C)(C)[C@@H](O[C@@H]5OC[C@H](O)[C@H](O)[C@H]5O)CC[C@@]45C[C@@]35CC[C@]12C)[C@@H]1OC1(C)C,10865257,C37H58O10,662.8,4.2,155,1300,4,10,8
T4569,CCN(CC)CCNc1ccc(C)c2sc3ccccc3c(=O)c12,10180,C20H24N2OS,340.5,4,57.6,426,1,4,6
T4593,COc1c2ccoc2c(OC)c2oc(=O)ccc12,68079,C13H10O5,246.21,1.9,57.9,366,0,5,2
T4614,Cc1c2ccncc2c(C)c2c1[nH]c1ccccc12.Cl,169532,C17H15ClN2,282.8,,28.7,342,2,1,0
T4586,CC(C)=CCC(OC(=O)C=C(C)C)C1=CC(=O)c2c(O)ccc(O)c2C1=O,32465,C21H22O6,370.4,5,101,706,2,6,6
T4693,NCCOB(c1ccccc1)c1ccccc1,1598,C14H16BNO,225.10,,35.3,182,1,2,5
T6S0920,O=C(O[C@H]1[C@H](Oc2c(-c3ccc(O)c(O)c3)oc3cc(O)cc(O)c3c2=O)O[C@H](CO)[C@H](O)[C@@H]1O)c1cc(O)c(O)c(O)c1,6453359,C28H24O16,616.5,1.5,273,1070,10,16,7
T4581,O=C(Cc1ccccc1)N[C@@H]1C(=O)N2C(C(=O)OC(c3ccccc3)c3ccccc3)=C(O)CS[C@H]12,54721268,C28H24N2O5S,500.6,4.4,121,840,2,6,8
T4579,CSCC[C@H](NC(=O)[C@H](Cc1c[nH]c2ccccc12)NC(=O)CCNC(=O)OC(C)(C)C)C(=O)N[C@@H](CC(=O)O)C(=O)N[C@@H](Cc1ccccc1)C(N)=O,9853654,C37H49N7O9S,767.9,1.5,276,1310,8,10,22
T5S0788,O=c1cc(-c2ccccc2)oc2cc(O[C@@H]3O[C@H](CO)[C@@H](O)[C@H](O)[C@H]3O)c(O)c(O)c12,5320313,C21H20O10,432.4,0.9,166,677,6,10,4
T4591,COC1=CC(=O)O[C@@H](CCc2ccccc2)C1,10220256,C14H16O3,232.27,2.8,35.5,290,0,3,4
T4592,CC1CCC2(NC1)OC1CC3C4CCC5CC(O)CCC5(C)C4CCC3(C)C1C2C.Cl,44134974,C27H46ClNO2,452.1,,41.5,696,3,3,0
T4603,O=C(CC(C(=O)O)c1c[nH]c2ccccc12)c1ccccc1,235453,C18H15NO3,293.3,2.9,70.2,417,2,3,5
T4588,C[C@H](CCC(=O)NCC(=O)O)[C@H]1CC[C@H]2[C@@H]3[C@H](O)C[C@@H]4C[C@H](O)CC[C@]4(C)[C@H]3CC[C@]12C,12544,C26H43NO5,449.6,4.3,107,727,4,5,6
T3S0165,C=C1CCC[C@]2(C)Cc3occ(C)c3C[C@@H]12,3080635,C15H20O,216.32,4,13.1,309,0,1,0
T4601,COc1ccc2c3ccnc4ccc(=O)n(c2c1)c43,9881423,C15H10N2O2,250.25,2.4,44.1,422,0,3,1
T4609,COC(=O)c1ccccc1NC(=O)c1ccc(F)cc1,310557,C15H12FNO3,273.26,3.4,55.4,353,1,4,4
T4611,CCOC(=O)C(Cc1c[nH]c2ccc(Br)cc12)(NC(C)=O)C(=O)OCC,13876083,C18H21BrN2O5,425.3,2.9,97.5,524,2,5,9
T4539,CC(C)NCC(O)COc1cccc2c1N(C(=O)c1cccnc1)CCC2,71147,C21H27N3O3,369.5,1.6,74.7,474,2,5,7
T4604,O=C(c1cccs1)c1no[n+]([O-])c1C(=O)c1cccs1,573747,C12H6N2O4S2,306.3,3.4,142,409,0,7,4
T4548,CC[C@@H](NC(C)C)[C@@H](O)c1ccc(O)c2[nH]c(=O)ccc12.CC[C@@H](NC(C)C)[C@@H](O)c1ccc(O)c2[nH]c(=O)ccc12.Cl.Cl.O,23724982,C32H48Cl2N4O7,671.6,,164,397,11,9,10
T4577,CN(C)C(=O)N[C@H]1CC[C@H](CCN2CCN(c3cccc(Cl)c3Cl)CC2)CC1,11154555,C21H32Cl2N4O,427.4,4.3,38.8,491,1,3,5
T5S1590,CC(C)=CCC[C@](C)(O[C@@H]1O[C@H](CO[C@@H]2O[C@@H](CO)[C@H](O)[C@H]2O)[C@@H](O)[C@H](O)[C@H]1O)[C@H]1CC[C@]2(C)[C@@H]1[C@H](O)C[C@@H]1[C@@]3(C)CC[C@H](O[C@@H]4O[C@H](CO)[C@@H](O)[C@H](O)[C@H]4O)C(C)(C)[C@@H]3CC[C@]12C,90657714,C47H80O17,917.1,2.5,278,1630,11,17,13
T4618,CC(=O)Nc1cc(Oc2ccc3c(C(=O)Nc4ccc(CN5CCN(C)CC5)c(C(F)(F)F)c4)cccc3c2)ncn1,67406169,C30H29F3N6O3,578.6,4.2,99.7,917,2,10,7
T3992,c1cnc(NCc2ccc(CNc3ncccn3)cc2)nc1,11687907,C16H16N6,292.34,2.1,75.6,263,2,6,6
T4597,Cc1nc(Nc2ncc(C(=O)Nc3cc(NC(=O)c4cccc(C(F)(F)F)c4)ccc3C)s2)cc(N2CCN(CCO)CC2)n1,11714353,C30H31F3N8O3S,640.7,4.7,164,991,4,13,9
T4582,OC1c2ccccc2Oc2ccccc21,72861,C13H10O2,198.22,1.9,29.5,207,1,2,0
T4563,COc1ccc(CN(CCN(C)C)c2ncccn2)cc1,5457,C16H22N4O,286.37,2.6,41.5,273,0,5,7
T4476,NC(=O)c1cnc(NCCc2ccc(O)c(Cl)c2)nc1NCc1ccccc1,10340781,C20H20ClN5O2,397.9,4,113,491,4,6,8
T4613,N=C(N)NCCCC(N)C(=O)NCC(=O)NC(CC(=O)O)C(=O)O.O=C(O)C(F)(F)F,85588077,C14H23F3N6O8,460.36,,261,588,8,13,11
T4443,CNC(=O)c1ccc(-c2cnc3cnc(-c4ccccc4)cn23)cc1,134814488,C20H16N4O,328.4,3.3,59.3,457,1,3,3
T4651,O=C(O)CNC(=O)c1ncc(-c2cccc(Cl)c2)cc1O,23634441,C14H11ClN2O4,306.70,2.5,99.5,393,3,5,4
T4643,Nc1ccc(NC(=O)c2ccc(C(F)(F)F)cc2)nc1,24752865,C13H10F3N3O,281.23,2.2,68,340,2,6,2
T4658,CCCCCC(=O)N[C@@H](Cc1ccc(O)cc1)C(=O)OC,56652925,C16H23NO4,293.36,2.2,75.6,324,2,4,9
T4639,COc1cccc(C(=O)COc2ccc(CC3SC(=O)NC3=O)cc2)c1,25230266,C19H17NO5S,371.4,3.4,107,532,1,6,7
T4635,O=C(O)COC[C@H]1CC[C@H](COC(=O)N(c2ccccc2)c2ccc(Cl)cc2)CC1,44219292,C23H26ClNO5,431.9,5,76.1,538,1,5,9
T4638,CC(C)c1ccc(-c2cn3nc(N4CCC(CN5CCN(C)CC5)CC4)sc3n2)cc1,46898309,C24H34N6S,438.6,4.7,68.2,566,0,6,5
T4610,N[C@@H]1c2cccnc2[C@H](OC(=O)N2CCC(n3c(=O)[nH]c4ncccc43)CC2)CC[C@H]1c1cccc(F)c1F,51049968,C28H28F2N6O3,534.6,2.3,114,891,2,8,4
T4664,Cc1cc(NC(=O)Nc2ccc(F)c(F)c2)n(-c2ccccc2)n1,56642816,C17H14F2N4O,328.32,3.4,59,433,2,4,3
T4641,CC1(C)CC(Oc2ccc(-c3ccc(-c4cn[nH]c4)cc3O)nn2)CC(C)(C)N1,135565042,C22H27N5O2,393.5,2.7,96,541,3,6,4
T4663,CC(=O)Nc1ccc(C2=Nc3ccc(Cl)cc3OC2)cc1,118129505,C16H13ClN2O2,300.74,2.9,50.7,419,1,3,2
T4634,CCc1c(-c2ccc(C(=O)NC)nc2)cnc(N)c1-c1ccc(O)cc1,122531750,C20H20N4O2,348.4,2.7,101,467,3,5,4
T4657,COc1cc2ncnc(Nc3cc(Br)c(O)c(Br)c3)c2cc1OC,3796,C16H13Br2N3O3,455.10,4.4,76.5,408,2,6,4
T4632,CCCN(CCC)C(=O)c1ccc(Cl)cc1,221452,C13H18ClNO,239.74,3.8,20.3,206,0,1,5
T4637,FC(F)(F)c1nnc2c(Sc3ccccc3)nc3ccc(Cl)cc3n12,1486608,C16H8ClF3N4S,380.8,5.5,68.4,477,0,7,2
T4659,O=S(=O)(Nc1ccc(F)cc1)c1ccccc1,295229,C12H10FNO2S,251.28,2.3,54.6,325,1,4,3
T4341,COc1ccc(NC(=O)c2ccc(C(=N)N(C)C)cc2)c(C(=O)Nc2ccc(Cl)cn2)c1,10275777,C23H22ClN5O3,451.9,3.6,107,668,3,5,7
T4654,CNC(=NS(=O)(=O)c1ccc(Cl)cc1)N1CC(c2ccccc2)C(c2ccc(Cl)cc2)=N1,11179267,C23H20Cl2N4O2S,487.4,5.3,82.5,791,1,4,6
T4662,CCc1ccc(OCC(=O)Nc2ccc(F)c([N+](=O)[O-])c2)cc1,875819,C16H15FN2O4,318.30,3.5,84.2,407,1,5,5
T4650,COc1ccc(S(=O)(=O)Nc2cc(-c3c(O)ccc4ccccc34)c(O)c3ccccc23)cc1,1324494,C27H21NO5S,471.5,5.8,104,776,3,6,5
T4559,Cc1cc(C(=O)NNCc2ccccc2)no1,3759,C12H13N3O2,231.25,1.5,67.2,254,2,4,4
T4642,CC(C)C(=O)Nc1ccc(NC(=S)NC(=O)c2ccc(C(C)(C)C)cc2)cc1,1017523,C22H27N3O2S,397.5,5.4,102,555,3,3,5
T3530,CCNC1(C(N)=O)CCN(c2ncnc3c2nc(-c2ccccc2Cl)n3-c2ccc(Cl)cc2)CC1,10052040,C25H25Cl2N7O,510.4,4.3,102,729,2,6,6
T4665,COc1cnc(-n2cnc(C)n2)c2[nH]cc(C(=O)C(=O)N3CCN(C(=O)c4ccccc4)CC3)c12,11317439,C24H23N7O4,473.5,1.7,126,799,1,7,5
T4630,CCN(CC)C(=O)c1ccc(Cl)cc1,346696,C11H14ClNO,211.69,1.9,20.3,184,0,1,3
T4660,COc1cc2ncnc(Nc3ccc([N+](=O)[O-])cc3)c2cc1OC,11210677,C16H14N4O4,326.31,3.2,102,425,1,7,4
T4631,CC(C)N(C(=O)c1ccc(Cl)cc1)C(C)C,241026,C13H18ClNO,239.74,3.6,20.3,224,0,1,3
T7027,C=C1[C@@H](O)[C@]2(O)OC[C@]34[C@H]2[C@@]2(C)[C@H](O)C(=O)C=C(C)[C@@H]2C[C@H]3OC(=O)[C@H](O)[C@@]14O,13936691,C20H24O9,408.4,-2.8,154,896,5,9,0
T4628,CCO[C@H](COc1ccc(C(F)(F)F)cc1)CSc1ccc(OCC(=O)O)c(C)c1,11236126,C21H23F3O5S,444.5,5.2,90.3,511,1,9,11
T4141,CN(C)CCn1cc(C(=O)N2CCC3(CC2)OCc2ccccc23)c2ccc(Cl)cc21,59657596,C25H28ClN3O2,438.0,3.3,37.7,651,0,3,4
T4669,COc1ccc(CCN(C)CCCOc2ccc(S(=O)(=O)c3c(C(C)C)cn4ccccc34)cc2)cc1OC,119349,C31H38N2O5S,550.7,6.7,77.9,825,0,6,13
T6S0743,COC(=O)C1=CO[C@@H](O[C@@H]2O[C@H](CO)[C@@H](O)[C@H](O)[C@H]2O)[C@@H]2[C@@]3(C)O[C@H]3[C@@H](O)[C@]12O,3082856,C17H24O12,420.4,-3.1,188,713,6,12,5
T4S1848,CC1OC2OC3C(OCC(O)C3O)OC(=O)C34CCC(C)(C)CC3C3=CCC5C6(C)CC(O)C(OC7OC(CO)C(O)C(O)C7OC7OCC(OC(=O)CC(C)(O)CC(=O)OC1C(OC1OCC(O)C(O)C1O)C2O)C(O)C7O)C(C)(CO)C6CCC5(C)C3(C)CC4O,14037387,C63H98O30,1335.4,-3,465,2740,15,30,4
T4668,Cl.Cl.Nc1ncnc2nc(-c3ccc(N4CCOCC4)nc3)cc(-c3cccc(Br)c3)c12,16760265,C22H21BrCl2N6O,536.2,,90.1,564,3,7,3
T4678,CC(C)[C@H](NC(=O)OCC1c2ccccc2-c2ccccc21)C(=O)N[C@@H](CCCNC(N)=O)C(=O)Nc1ccc(CO)cc1,59165375,C33H39N5O6,601.7,3.3,172,948,6,6,14
T3S1628,O=c1cc(-c2ccc(O)cc2)oc2c([C@@H]3O[C@H](CO)[C@@H](O[C@@H]4O[C@H](CO)[C@@H](O)[C@H](O)[C@H]4O)[C@H](O)[C@H]3O)c(O)cc(O)c12,56776173,C27H30O15,594.5,-1.9,256,971,10,15,6
T4S1999,CC(=O)OCC1=CO[C@@H](OC(=O)CC(C)C)[C@H]2C1=C[C@H](OC(=O)CC(C)C)[C@]21CO1,442436,C22H30O8,422.5,1.8,101,765,0,8,11
T4612,O=C1Nc2c(ccc(Cl)c2Cl)C1=NO,135502903,C8H4Cl2N2O2,231.03,3.2,65.5,241,2,3,0
T4679,O=C(NNS(=O)(=O)c1ccccc1F)c1cc(F)cc(-c2ccccn2)c1,133080719,C18H13F2N3O3S,389.4,2.8,96.5,613,2,7,5
T4684,Cl.c1ccc(CNc2nc(N3CCOc4ccccc43)nc3c2CCCC3)cc1,119081413,C23H25ClN4O,408.9,,50.3,497,2,5,4
T3767,CC1(C)CC[C@@]2(C(=O)O)C(C1)C1=CC[C@@H]3[C@@]4(C)C[C@H](O)[C@H](O)[C@@](C)(CO)C4CC[C@@]3(C)[C@]1(C)C[C@H]2O,156599096,C30H48O6,504.7,5.2,118,974,5,6,2
T4S0227,COc1ccc(-c2cc(=O)c3c(OC)c(OC)c(OC)cc3o2)cc1OC,145659,C20H20O7,372.4,3,72.5,548,0,7,6
T4683,Cc1cn([C@H]2C[C@H](F)[C@@H](CO)O2)c(=O)[nH]c1=O,33039,C10H13FN2O4,244.22,-0.3,78.9,385,2,5,2
T4S0800,COc1ccc2cc3[n+](cc2c1OC)CCc1cc(O)c(O)cc1-3,363209,C19H18NO4+,324.3,3.1,62.8,447,2,4,2
T4670,O=C(Nc1ccc(C(O)(C(F)(F)F)C(F)(F)F)cc1)c1ccccc1Cl,2323435,C16H10ClF6NO2,397.70,4.6,49.3,488,2,8,3
T4S2128,COc1ccc(-c2cc(=O)c3c(O)cc(O)cc3o2)cc1-c1c(O)cc(O)c2c(=O)cc(-c3ccc(O)cc3)oc12,5315459,C31H20O10,552.5,5.4,163,1060,5,10,4
T5S1632,COC(=O)C1=CO[C@@H](O[C@@H]2O[C@H](CO)[C@@H](O)[C@H](O)[C@H]2O)[C@H]2[C@@H]1[C@H](O)C[C@]2(C)OC(C)=O,162823,C19H28O12,448.4,-2,181,725,5,12,7
T4674,CCOC(=O)[C@H](Cc1ccc([N+](=O)[O-])cc1)NC(=O)c1ccccc1,9840971,C18H18N2O5,342.3,3.3,101,463,1,5,7
T5S1923,COc1c2c(cc3c1-c1c(cc4c(c1OC)OCO4)C[C@H](C)[C@H](C)C3)OCO2,443027,C22H24O6,384.4,5,55.4,509,0,6,2
T3S1641,COC(=O)[C@@]1(C)CC[C@]2(C(=O)O[C@@H]3O[C@H](CO)[C@@H](O)[C@H](O)[C@H]3O)CC[C@]3(C)C(=CC[C@@H]4[C@@]5(C)C[C@H](O)[C@H](O[C@@H]6OC[C@@H](O[C@@H]7O[C@H](CO)[C@@H](O)[C@H](O)[C@H]7O)[C@H](O)[C@H]6O)[C@@](C)(CO)[C@@H]5CC[C@]43C)[C@@H]2C1,101920412,C48H76O21,989.1,-1,342,1920,12,21,12
T4S0998,OC[C@H]1O[C@@H](Oc2ccc3c(c2)OC[C@H]2c4cc5c(cc4O[C@@H]32)OCO5)[C@H](O)[C@@H](O)[C@@H]1O,442827,C22H22O10,446.4,0.6,136,679,4,10,3
T4681,CC1(C)Oc2ncnc(N)c2N=C1c1ccc([C@H]2CC[C@H](CC(=O)O)CC2)cc1,9865421,C22H26N4O3,394.5,3.7,111,622,2,7,4
T6S1587,CC(C)=CCC[C@](C)(O)[C@H]1CC[C@]2(C)[C@@H]1[C@H](O)C[C@@H]1[C@@]3(C)CC[C@H](O)C(C)(C)[C@@H]3[C@@H](O[C@@H]3O[C@H](CO)[C@@H](O)[C@H](O)[C@H]3O[C@@H]3OC[C@@H](O)[C@H](O)[C@H]3O)C[C@]12C,21599925,C41H70O13,771.0,2.7,219,1360,9,13,9
T4680,Cc1c(C(=O)Nc2cccc(C(F)(F)F)c2)cc(-c2ccccc2)n1CCCN1CCOCC1,2742550,C26H28F3N3O2,471.5,4.4,46.5,650,1,6,7
T4624,COc1nc(NCCc2ccc(Cl)cc2Cl)cc(-c2cccc(C(C)(C)C(=O)O)c2)n1,11669780,C23H23Cl2N3O3,460.3,6.1,84.3,594,2,6,8
T5S0777,COc1cc2c(cc1O)C[C@H]1c3cc(O)c(OC)cc3CC[N+]1(C)C2.[Cl-],59818,C20H24ClNO4,377.9,,58.9,488,2,5,2
T4691,CN(C(=O)C(c1ccccc1)c1ccccc1)[C@H](CN1CC[C@H](O)C1)c1ccccc1.Cl,9846614,C27H31ClN2O2,451.0,,43.8,531,2,3,7
T4687,O=C1CN=C(c2ccc[nH]2)c2cc(Cl)ccc2N1,64983,C13H10ClN3O,259.69,1.5,57.3,371,2,2,1
T4695,C[C@@H](Oc1ccc(CNC(=O)c2cccnc2Oc2ccc3c(c2)OCO3)c(F)c1)C(=O)O,9955578,C23H19FN2O7,454.4,3.4,116,683,2,9,8
T5S2129,COc1ccc(-c2cc(=O)c3c(O)cc(O)c(-c4cc(-c5cc(=O)c6c(O)cc(OC)cc6o5)ccc4OC)c3o2)cc1,5281696,C33H24O10,580.5,6,141,1100,3,10,6
T2A2481,C[C@H](CCC(=O)NCCS(=O)(=O)O)[C@H]1CC[C@H]2[C@@H]3[C@H](O)C[C@@H]4C[C@H](O)CC[C@]4(C)[C@H]3CC[C@]12C,387316,C26H45NO6S,499.7,3.6,132,858,4,6,7
T3S1534,C=C[C@H]1[C@H](O[C@@H]2O[C@H](CO)[C@@H](O)[C@H](O)[C@H]2O)OC=C(C(=O)OC)[C@H]1CC(=O)O,162868,C17H24O11,404.4,-1.6,172,618,5,11,8
T4S0792,COc1cc([C@H]2OC[C@H]3[C@@H]2CO[C@@H]3c2ccc(O[C@@H]3O[C@H](CO)[C@@H](O)[C@H](O)[C@H]3O)c(OC)c2)ccc1O,486614,C26H32O11,520.5,0.5,157,741,5,11,7
T4688,Cl.c1ccc(-c2cc(CCC3CCNCC3)c3ccccc3n2)cc1,3062086,C22H25ClN2,352.9,,24.9,370,2,2,4
T4696,COc1nc(OCc2cccc(-c3ccccc3)c2C)ccc1CNCCNC(C)=O.Cl,127263272,C25H30ClN3O3,456.0,,72.5,526,3,5,10
T4694,COc1cc2ncnc(Nc3cccc(I)c3)c2cc1OC.Cl,11316711,C16H15ClIN3O2,443.66,,56.3,360,2,5,4
T0406,CC(=O)Nc1ccccc1,904,C8H9NO,135.16,1.2,29.1,116,1,1,1
T0602,c1ccc2nc3ccccc3cc2c1,9215,C13H9N,179.22,3.4,12.9,181,0,1,0
T0815L,CC(=O)CC(c1ccccc1)c1c([O-])c2ccccc2oc1=O.[Na+],16204922,C19H15NaO4,330.3,,66.4,507,0,4,4
T0998,CCOP(=S)(OCC)Oc1cc(C)nc(C(C)C)n1,3017,C12H21N2O3PS,304.35,3.8,85.6,307,0,6,7
T1047,CNC[C@H](O)c1ccc(O)c(O)c1.O=C(O)[C@H](O)[C@@H](O)C(=O)O,5815,C13H19NO9,333.29,,188,288,8,10,6
T1194,[2H]C1=C([C@H]2CC[C@]3(O)[C@@H]4CC[C@@H]5C[C@@H](O[C@H]6C[C@H](O)[C@H](O[C@H]7C[C@H](O)[C@H](O[C@H]8C[C@H](O)[C@H](O)[C@@H](C)O8)[C@@H](C)O7)[C@@H](C)O6)CC[C@]5(C)[C@H]4C[C@@H](O)[C@]23C)C([2H])([2H])OC1=O,118855854,C41H64O14,784.0,1.3,203,1450,6,14,7
T1318,CC1OC(OC2CC(O)C3(CO)C4C(O)CC5(C)C(C6=CC(=O)OC6)CCC5(O)C4CCC3(O)C2)C(O)C(O)C1O.O.O.O.O.O.O.O.O,22495228,C29H60O20,728.8,,215,1080,16,20,4
T1714,CC12CCC(CC1)C(C)(C)O2,2758,C10H18O,154.25,2.5,9.2,164,0,1,0
T2903,C[C@@]12C(=O)OC(=O)[C@]1(C)[C@H]1CC[C@@H]2O1,5944,C10H12O4,196.20,0.6,52.6,318,0,4,0
T3741,CC1(C)[C@H]2CC[C@]1(C)[C@H](O)C2,1201518,C10H18O,154.25,2.7,20.2,185,1,1,0
T6960,CC(C)NCCCn1c(Sc2cc3c(cc2I)OCO3)nc2c(N)ncnc21,9549213,C18H21IN6O2S,512.4,3.2,125,520,2,8,7
T4697,CCNC(=O)c1cc2c(-c3cc(C(C)(C)O)ccc3Oc3c(C)cc(F)cc3C)cn(C)c(=O)c2[nH]1,132010322,C28H30FN3O4,491.6,3.9,94.7,852,3,5,6
T4783,COc1ccccc1Nc1nc(-c2sc(NC(C)=O)nc2C)cs1,1117189,C16H16N4O2S2,360.5,3.4,133,442,2,7,5
T4965,COc1cc2c(cc1OC)CN(C(=O)[C@@H](NCc1ccncc1)C(C)(C)C)CC2,10408514,C23H31N3O3,397.5,3,63.7,530,1,5,7
T3A2467,COc1ccc2c(c1OC)CN(C)CCc1cc3c(cc1C(=O)C2)OCO3,98570,C21H23NO5,369.4,2.9,57.2,529,0,6,2
T6S0141,CC1(C)C=Cc2cc(-c3coc4cc(O)ccc4c3=O)ccc2O1,5316097,C20H16O4,320.3,3.7,55.8,576,1,4,1
T4619,Cc1ccc(C)c(OCCn2cc(C(=O)O)c3ccccc32)c1,7345532,C19H19NO3,309.4,3.9,51.5,413,1,3,5
T4704,Cn1cncc1C[C@H](NC(=O)CCN)C(=O)O.O=[N+]([O-])O,112071,C10H17N5O6,303.27,,176,309,4,8,6
T4778,O=Cc1cccc(O)c1,101,C7H6O2,122.12,1.4,37.3,101,1,2,1
T4907,O=C(O)Cc1ccc(O)c(O)c1,547,C8H8O4,168.15,0.5,77.8,168,3,4,2
T4731,Nc1ccn([C@H]2C[C@H](O)[C@@H](COP(=O)(O)O)O2)c(=O)n1,13945,C9H14N3O7P,307.20,-3.4,155,502,4,7,4
T4720,Cl.Oc1cccc(O)n1,3084068,C5H6ClNO2,147.56,,49.3,169,3,2,0
T4851,COC(=O)CC(C)=O,7757,C5H8O3,116.11,0,43.4,106,0,3,3
T4759,O=C(O)C=Cc1cnc[nH]1,1178,C6H6N2O2,138.12,0,66,156,2,3,2
T4881,NCCOP(=O)(O)O,1015,C2H8NO4P,141.06,-4.8,92.8,98,3,5,3
T4773,CCOC(=O)CC(=O)O,70615,C5H8O4,132.11,0.3,63.6,118,1,4,4
T4795,O=C(O)CCCCCC(=O)O,385,C7H12O4,160.17,0.5,74.6,125,2,4,6
T4721,NC(=O)c1ccc[n+]([C@@H]2O[C@H](COP(=O)([O-])O)[C@@H](O)[C@H]2O)c1,14180,C11H15N2O8P,334.22,-3.5,166,455,4,8,5
T3947,CCCCCCCCC(=O)O,8158,C9H18O2,158.24,3.5,37.3,99,1,2,7
T4909,CSCCC(NC(C)=O)C(=O)O,6180,C7H13NO3S,191.25,0.1,91.7,172,2,4,5
T4794,O=C(O)CCCC(=O)O,743,C5H8O4,132.11,-0.3,74.6,104,2,4,4
T4797,CCCCC(CC)COC(=O)c1ccccc1C(=O)OCC(CC)CCCC,8343,C24H38O4,390.6,7.4,52.6,394,0,4,16
T4798,CC(=O)N[C@@H](CC(C)C)C(=O)O,70912,C8H15NO3,173.21,0.5,66.4,177,2,3,4
T4799,c1ccc2[nH]ccc2c1,798,C8H7N,117.15,2.1,15.8,101,1,0,0
T4746,c1ncc2[nH]cnc2n1,1044,C5H4N4,120.11,-0.4,54.5,105,1,3,0
T4801,Cc1cnc(C)cn1,31252,C6H8N2,108.14,0.6,25.8,62,0,2,0
T3946,CCCCCCCC(=O)O,379,C8H16O2,144.21,3,37.3,89,1,2,6
T4804,CC(=O)C(=O)O,1060,C3H4O3,88.06,-0.3,54.4,84,1,3,1
T4805,O=c1cccc[nH]1,8871,C5H5NO,95.10,-0.6,29.1,135,1,1,0
T4763,O[C@@H]1CCCC[C@H]1O,92886,C6H12O2,116.16,0.2,40.5,62,2,2,0
T4784,C[C@H](O)c1ccccc1,443135,C8H10O,122.16,1.4,20.2,74,1,1,1
T4710,COc1cc(CCN)ccc1O.Cl,11957621,C9H14ClNO2,203.66,,55.5,130,3,3,3
T4882,OC[C@H]1OC(O)[C@@H](O)[C@@H]1O,10877291,C5H10O5,150.13,-2,90.2,117,4,5,1
T4764,COC(=O)CCCC(=O)O,73917,C6H10O4,146.14,0.3,63.6,130,1,4,5
T4806,N[C@H](Cc1c[nH]c2ccccc12)C(=O)O,9060,C11H12N2O2,204.22,-1.1,79.1,245,3,3,3
T4770,Nc1cc(C(=O)O)ccc1O,65083,C7H7NO3,153.14,0.7,83.6,160,3,4,1
T4885,N[C@H](CC(=O)O)C(=O)O,83887,C4H7NO4,133.10,-2.8,101,133,3,5,3
T4708,CC(=O)N[C@H]1C(O)O[C@H](CO)[C@H](O)[C@@H]1O,35717,C8H15NO6,221.21,-1.7,119,235,5,6,2
T4714,COC(=O)Cc1c[nH]c2ccccc12,74706,C11H11NO2,189.21,1.7,42.1,217,1,2,3
T4703,NCCP(=O)(O)O,339,C2H8NO3P,125.06,-4.8,83.6,86,3,4,2
T4781,CC(=O)N[C@@H](Cc1ccccc1)C(=O)O,74839,C11H13NO3,207.23,0.6,66.4,234,2,3,4
T4904,CNC(=N)N.Cl,146724,C2H8ClN3,109.56,,64.4,42,3,1,0
T4717,C[C@H](CCCC(C)(C)O)[C@H]1CC[C@H]2[C@@H]3CC=C4C[C@@H](O)CC[C@]4(C)[C@H]3CC[C@]12C,65094,C27H46O2,402.7,6.8,40.5,636,2,2,5
T4752,NC1(C(=O)O)CC1,535,C4H7NO2,101.10,-2.8,63.3,106,2,3,1
T4711,O=C(O)c1cnc(O)nc1O,90301,C5H4N2O4,156.10,-0.7,95.5,268,3,4,1
T4808,N=C(N)NCCCCN.O=S(=O)(O)O,2794990,C5H16N4O4S,228.27,,173,166,5,6,4
T4751,C[C@@H](O)[C@@H](C)O,225936,C4H10O2,90.12,-0.9,40.5,30,2,2,1
T4712,O=C(O)[C@H]1C[C@@H](O)CN1,440014,C5H9NO3,131.13,-3.3,69.6,125,3,4,1
T4706,O=c1ccn([C@@H]2O[C@H](COP(=O)(O)OP(=O)([O-])[O-])[C@@H](O)[C@H]2O)c(=O)[nH]1.[Na+].[Na+],13531575,C9H12N2Na2O12P2,448.12,,218,664,4,12,5
T4743,O=c1ccn([C@@H]2O[C@H](COP(=O)([O-])OP(=O)([O-])O[C@H]3O[C@H](CO)[C@@H](O)[C@H](O)[C@H]3O)[C@@H](O)[C@H]2O)c(=O)[nH]1.[Na+].[Na+],119803,C15H22N2Na2O17P2,610.27,,297,948,7,17,9
T4842,c1cn[nH]c1,1048,C3H4N2,68.08,0.3,28.7,28,1,1,0
T4809,c1cncnc1,9260,C4H4N2,80.09,-0.4,25.8,32,0,2,0
T4810,O=C(O)c1cccc(O)c1O,19,C7H6O4,154.12,1.2,77.8,157,3,4,1
T4762,O=C(O)[C@@H]1CCCCN1,439227,C6H11NO2,129.16,-2.3,49.3,114,2,3,1
T4732,NCCC(=O)N[C@@H](Cc1cnc[nH]1)C(=O)O,439224,C9H14N4O3,226.23,-4,121,259,4,5,6
T4715,Nc1nc(=O)c2ncn([C@H]3C[C@H](O)[C@@H](CO)O3)c2[nH]1.O,135445705,C10H15N5O5,285.26,,136,417,5,7,2
T4785,N[C@H](C(=O)O)c1ccc(O)cc1,36143,C8H9NO3,167.16,-2.1,83.6,164,3,4,2
T4753,Cl.O=C(O)Cc1cnc[nH]1,145685,C5H7ClN2O2,162.57,,66,116,3,3,2
T4765,CCCC[C@H](N)C(=O)O,21236,C6H13NO2,131.17,-1.5,63.3,93,2,3,4
T4772,CC(C)CC(N)C(=O)O,857,C6H13NO2,131.17,-1.5,63.3,101,2,3,3
T4811,C[C@@H](N)C(=O)O,71080,C3H7NO2,89.09,-3,63.3,61,2,3,1
T4730,Cc1cn([C@H]2C[C@H](O)[C@@H](COP(=O)([O-])[O-])O2)c(=O)[nH]c1=O.O.[Na+].[Na+],57369644,C10H15N2Na2O9P,384.19,,152,518,3,9,3
T4812,O=C[C@@H](O)[C@@H](O)[C@H](O)[C@H](O)CO,161658,C6H12O6,180.16,-2.9,118,138,5,6,5
T4813,NC(=O)NCCC[C@H](N)C(=O)O,9750,C6H13N3O3,175.19,-4.3,118,171,4,4,5
T4900,CCC=CCC1C(=O)CCC1CC(=O)OC,62388,C13H20O3,224.30,1.9,43.4,281,0,3,6
T4814,O=C1CC[C@H](C(=O)O)N1,439685,C5H7NO3,129.11,-0.8,66.4,154,2,3,1
T5055,CSCC[C@H](NC=O)C(=O)O,439750,C6H11NO3S,177.22,0.2,91.7,140,2,4,5
T4735,O=c1ccn([C@H]2C[C@H](O)[C@@H](COP(=O)([O-])[O-])O2)c(=O)[nH]1.[Na+].[Na+],13957223,C9H11N2Na2O8P,352.15,,151,477,2,8,3
T4779,Cc1ccc(O)c(O)c1,9958,C7H8O2,124.14,1.4,40.5,92,2,2,0
T4745,O=C(O)c1ccnc2ccccc12,10243,C10H7NO2,173.17,0.5,50.2,205,1,3,1
T4815,O=C(O)CNC(=O)c1ccccc1,464,C9H9NO3,179.17,0.3,66.4,197,2,3,3
T4884,OC[C@H]1O[C@H](O)[C@H](O)[C@@H](O)[C@@H]1O,79025,C6H12O6,180.16,-2.6,110,151,5,6,1
T4734,O=C(O)CCCCCCC(=O)O,10457,C8H14O4,174.19,1,74.6,135,2,4,7
T4903,CCCCCCCCCCCCCCCCC(=O)O,10465,C17H34O2,270.5,6.9,37.3,190,1,2,15
T4816,O=C(O)c1ccc(O)nc1,72924,C6H5NO3,139.11,-0.5,66.4,239,2,3,1
T4879,O=C(O)CCCCCCCCCCCO,79034,C12H24O3,216.32,3.6,57.5,146,2,3,11
T4786,O=C[C@H](O)[C@H](O)[C@H](O)CO,5311110,C5H10O5,150.13,-2.3,98,104,4,5,4
T4775,CCCCCCCCCCCCCCCCCCCC(=O)O,10467,C20H40O2,312.5,8.5,37.3,226,1,2,18
T4817,CC(C(=O)O)C(=O)O,487,C4H6O4,118.09,0.1,74.6,103,2,4,2
T4754,Cc1ncc(CO)c(CN)c1O.Cl.Cl,10664,C8H14Cl2N2O2,241.11,,79.4,143,5,4,2
T4876,OCCc1c[nH]c2ccccc12,10685,C10H11NO,161.20,1.8,36,149,2,1,2
T4819,O=C(O)C1CCCCN1,849,C6H11NO2,129.16,-2.3,49.3,114,2,3,1
T4818,O=CC[C@H](O)[C@H](O)CO,5460005,C5H10O4,134.13,-2.3,77.8,83,3,4,4
T4705,NC(CCCC(=O)O)C(=O)O,469,C6H11NO4,161.16,-3.1,101,157,3,5,5
T4726,O=P([O-])(O)OC[C@H]1OC(O)[C@H](O)[C@@H](O)[C@@H]1O.[Na+],23701355,C6H12NaO9P,282.12,,160,289,5,9,3
T4821,O=C1CCCCO1,10953,C5H8O2,100.12,-0.3,26.3,78,0,2,0
T4744,O=C(O)Cc1c[nH]c2ccc(O)cc12,1826,C10H9NO3,191.18,1.1,73.3,231,3,3,2
T4820,O=C1C=CC(=O)N1,10935,C4H3NO2,97.07,-0.3,46.2,132,1,2,0
T4822,CC(=O)NCC(=O)O,10972,C4H7NO3,117.10,-1.2,66.4,110,2,3,2
T4707,Nc1c(O)cccc1C(=O)O,86,C7H7NO3,153.14,0.9,83.6,160,3,4,1
T4901,Nc1nc2c(ncn2[C@@H]2O[C@H](COP(=O)([O-])[O-])[C@@H](O)[C@H]2O)c(=O)[nH]1.O.[Na+].[Na+],135445734,C10H14N5Na2O9P,425.20,,208,586,5,11,3
T4747,CC(C)=CCO,11173,C5H10O,86.13,1,20.2,51,1,1,1
T4709,Cl.N[C@@H]1C(O)O[C@H](CO)[C@@H](O)[C@@H]1O,9964480,C6H14ClNO5,215.63,,116,155,6,6,1
T4843,O.O=CC(=O)O,15620607,C2H4O4,92.05,,55.4,55,2,4,1
T4823,O=C(CO)[C@@H](O)[C@H](O)[C@H](O)CO,5984,C6H12O6,180.16,-3.2,118,147,5,6,5
T4733,OC[C@H]1O[C@@](CO)(O[C@H]2O[C@H](CO)[C@@H](O)[C@H](O)[C@H]2O)[C@@H](O)[C@@H]1O,5988,C12H22O11,342.30,-3.7,190,395,8,11,5
T4883,CN(CC(=O)O)C(=N)N,586,C4H9N3O2,131.13,-1.2,90.4,134,3,3,3
T4824,Cc1cc2nc[nH]c2cc1C,675,C9H10N2,146.19,2.4,28.7,146,1,1,0
T4825,OC1OC[C@@H](O)[C@H](O)[C@H]1O,135191,C5H10O5,150.13,-2.5,90.2,117,4,5,0
T4718,O=c1ccn([C@@H]2O[C@H](COP(=O)(O)O)[C@@H](O)[C@H]2O)c(=O)[nH]1,6030,C9H13N2O9P,324.18,-3.6,166,517,5,9,4
T4826,Cl.N[C@@H](Cc1cnc[nH]1)C(=O)O.O,165377,C6H12ClN3O3,209.63,,93,151,5,5,3
T4880,O=C1C[C@@H](C(=O)O)NC(=O)N1,439216,C5H6N2O4,158.11,-1.5,95.5,225,3,4,1
T4828,CC1(C)COC(=O)[C@@H]1O,439368,C6H10O3,130.14,0.5,46.5,139,1,3,0
T4827,CN(C)C.Cl,10313079,C3H10ClN,95.57,,3.2,8,1,1,0
T4787,CC(C)(O)C(=O)O,11671,C4H8O3,104.10,-0.4,57.5,84,2,3,1
T4727,C[C@H](CCC(=O)NCCS(=O)(=O)[O-])[C@H]1CC[C@H]2[C@@H]3CC[C@@H]4C[C@H](O)CC[C@]4(C)[C@H]3CC[C@]12C.[Na+],23662757,C26H44NNaO5S,505.7,,115,832,2,5,7
T4760,OCc1cccc(O)c1,102,C7H8O2,124.14,0.5,40.5,83,2,2,1
T4831,CC(C)(N)C(=O)O,6119,C4H9NO2,103.12,-2.8,63.3,87,2,3,1
T4766,CC(CC(=O)O)CC(=O)O,12284,C6H10O4,146.14,0.1,74.6,125,2,4,4
T4702,C[N+](C)(C)CCCC(=O)O.[Cl-],22620,C7H16ClNO2,181.66,,37.3,115,1,3,4
T4829,O=C(O)Cc1cccc(O)c1,12122,C8H8O3,152.15,0.9,57.5,144,2,3,2
T4719,O=C1O[C@@H]([C@H](O)CO)[C@@H](O)[C@H]1O,165105,C6H10O6,178.14,-2,107,181,4,6,2
T4844,CSCC[C@H](N)C(=O)O,6137,C5H11NO2S,149.21,-1.9,88.6,97,2,4,4
T4716,O=C(O)c1ccc[nH]1,12473,C5H5NO2,111.10,0.8,53.1,103,2,2,1
T4737,Nc1ncnc2c1ncn2[C@H]1C[C@H](O)[C@@H](COP(=O)(O)O)O1,12599,C10H14N5O6P,331.22,-2.2,166,452,4,10,4
T4761,Cc1ncc(CO)c(C=O)c1O.Cl,6171,C8H10ClNO3,203.62,,70.4,162,3,4,2
T4788,CCC[C@H](N)C(=O)O,65098,C5H11NO2,117.15,-2.1,63.3,82,2,3,3
T4722,CC(=O)OC[C@H](N)C(=O)O.Cl,44630053,C5H10ClNO4,183.59,,89.6,145,3,5,4
T4757,N[C@@H](CCO)C(=O)O,12647,C4H9NO3,119.12,-4.4,83.6,83,3,4,3
T5089,NCCCCC(=O)O,138,C5H11NO2,117.15,-2.6,63.3,72,2,3,4
T4832,Nc1ccnc(=O)[nH]1,597,C4H5N3O,111.10,-1.7,67.5,170,2,2,0
T4713,C[N+](C)(C)CCOP(=O)([O-])[O-].O.O.O.O.[Ca+2].[Cl-],16219816,C5H21CaClNO8P,329.73,,76.4,147,4,9,3
T4768,CCOC(=O)C(=O)C(C)C(=O)OCC,97750,C9H14O5,202.20,1.3,69.7,233,0,5,7
T4767,NC=O,713,CH3NO,45.041,-0.8,43.1,12,1,1,0
T4725,CC(=O)N[C@@H]1C(O)O[C@H](CO)[C@@H](O)[C@@H]1O,439281,C8H15NO6,221.21,-1.7,119,235,5,6,2
T4845,C[C@H](O)C(=O)O,107689,C3H6O3,90.08,-0.7,57.5,59,2,3,1
T4833,CC(=O)NC(Cc1c[nH]c2ccccc12)C(=O)O,2002,C13H14N2O3,246.26,1.1,82.2,332,3,3,4
T4723,OCC1(O)OC[C@@H](O)[C@H](O)[C@@H]1O,439312,C6H12O6,180.16,-2.8,110,162,5,6,1
T4834,NC(=O)Cc1c[nH]c2ccccc12,397,C10H10N2O,174.20,0.8,58.9,205,2,1,2
T4835,Nc1ccccc1S(=O)(=O)O,6926,C6H7NO3S,173.19,0.4,88.8,218,2,4,1
T4848,O=C(O)C(O)c1ccccc1,1292,C8H8O3,152.15,0.6,57.5,138,2,3,2
T4780,O=C(O)c1ccc2ccccc2n1,7124,C10H7NO2,173.17,1.6,50.2,205,1,3,1
T4758,Nc1ccn([C@H]2C[C@H](O)[C@@H](CO)O2)c(=O)n1,13711,C9H13N3O4,227.22,-1.8,108,355,3,4,2
T5090,CCC(C)C=O,7284,C5H10O,86.13,1.1,17.1,41,0,1,2
T4837,C=C(CC(=O)O)C(=O)O,811,C5H6O4,130.10,-0.1,74.6,158,2,4,3
T4838,O=C(O)C[C@H](O)C(=O)O,222656,C4H6O5,134.09,-1.3,94.8,129,3,5,3
T4839,CC(=O)N[C@@H](C)C(=O)O,88064,C5H9NO3,131.13,-0.9,66.4,132,2,3,2
T4850,O=C(O)c1ccccn1,1018,C6H5NO2,123.11,0.8,50.2,114,1,3,1
T4840,O=C(O)c1cccc(O)c1,7420,C7H6O3,138.12,1.5,57.5,133,2,3,1
T4918,O=CC(O)CO,751,C3H6O3,90.08,-1.6,57.5,43,2,3,2
T4857,O=c1[nH]c(=O)c2nccnc2[nH]1,10250,C6H4N4O2,164.12,-1,84,230,2,4,0
T4847,Oc1ccccc1O,289,C6H6O2,110.11,0.9,40.5,62,2,2,0
T4894,OC[C@H](O)C(O)[C@@H](O)CO,439255,C5H12O5,152.15,-2.5,101,76,5,5,4
T4729,O=C(O)CP(=O)(O)O,546,C2H5O5P,140.03,-2,94.8,133,3,5,2
T4741,O=CNCC(=O)O,75606,C3H5NO3,103.08,-0.9,66.4,80,2,3,2
T4921,O=C(O)CCCC(=O)C(=O)O,71,C6H8O5,160.12,-0.5,91.7,183,2,5,5
T4892,O=C(O)CCc1ccccc1O,873,C9H10O3,166.17,1.4,57.5,156,2,3,3
T4862,O=C(O)CC(=O)C(=O)O,970,C4H4O5,132.07,-0.6,91.7,158,2,5,3
T4858,O=C(O)C(=O)Cc1ccc(O)cc1,979,C9H8O4,180.16,0.9,74.6,204,2,4,3
T4886,O=C1CCNC(=O)N1,649,C4H6N2O2,114.10,-1.1,58.2,132,2,2,0
T4896,O=C[C@@H](O)[C@@H](O)[C@H](O)CO,65550,C5H10O5,150.13,-2.3,98,104,4,5,4
T4685,O=c1nc[nH]c2c1ncn2[C@@H]1O[C@H](COP(=O)(O)O)[C@@H](O)[C@H]1O,135398640,C10H13N4O8P,348.21,-3,176,555,5,10,4
T4875,O.OC[C@H]1O[C@H](OC[C@H]2OC(O)(CO)[C@@H](O)[C@@H]2O)[C@H](O)[C@@H](O)[C@@H]1O,52994241,C12H24O12,360.31,,191,395,9,12,5
T4739,CN(CC(=O)[O-])C(=N)NP(=O)([O-])O.O.O.O.O.[Na+].[Na+],156599058,C4H16N3Na2O9P,327.14,,146,263,6,10,3
T4925,Cc1ncc(C[n+]2csc(CCOP(=O)(O)O)c2C)c(N)n1.O.O.[Cl-],91886578,C12H22ClN4O6PS,416.82,,153,413,5,11,6
T4924,O.O=P([O-])([O-])O[C@H]1O[C@H](CO)[C@@H](O)[C@H](O)[C@H]1O.[Na+].[Na+],16219389,C6H13Na2O10P,322.11,,164,266,5,10,2
T4929,O=C(O)[C@H](CO)OP(=O)(O)O,447550,C3H7O7P,186.06,-2.6,124,182,4,7,4
T4914,O=C([O-])C(O)(O)C(=O)[O-].[Na+].[Na+],6097181,C3H2Na2O6,180.02,,121,119,2,6,0
T4888,CN(CC(=O)O)C(=N)NP(=O)([O-])[O-].O.[Na+].[Na+],74895511,C4H10N3Na2O6P,273.09,,143,259,3,7,3
T4969,Nc1nc(=O)c2ncn([C@@H]3O[C@H](COP(=O)(O)OP(=O)([O-])OP(=O)([O-])[O-])[C@@H](O)[C@H]3O)c2[nH]1.[Na+].[Na+].[Na+],135445727,C10H13N5Na3O14P3,589.13,,303,907,5,16,7
T4893,NCCCCNCCCN,1102,C7H19N3,145.25,-1,64.1,56,3,3,7
T4865,NCCCCN,1045,C4H12N2,88.15,-0.9,52,17,2,2,3
T4873,NCC(O)c1ccccc1,1000,C8H11NO,137.18,0.1,46.3,89,2,2,2
T4927,N=C(N)NCCCC(=O)O,500,C5H11N3O2,145.16,-1.5,102,140,3,3,4
T4863,NC(CCS)C(=O)O,778,C4H9NO2S,135.19,-3.4,64.3,86,3,4,3
T4919,NC(=O)NCCC(=O)O,111,C4H8N2O3,132.12,-1.5,92.4,123,3,3,3
T4871,N[C@@H](C(=O)O)[C@@H](O)[C@H](O)[C@H](O)CO,73563,C6H13NO6,195.17,-5.9,144,175,6,7,5
T4889,NC(CCCC(N)C(=O)O)C(=O)O,865,C7H14N2O4,190.20,-5.9,127,175,4,6,6
T4928,Nc1ccccc1C(=O)C[C@H](N)C(=O)O,161166,C10H12N2O3,208.21,-2.2,106,255,3,5,4
T4864,CO[C@@H]1O[C@H](CO)[C@H](O)[C@H](O)[C@H]1O,94214,C7H14O6,194.18,-2.2,99.4,163,4,6,2
T4973,Cn1c(=O)[nH]c2ncn(C)c2c1=O,4687,C7H8N4O2,180.16,-0.2,67.2,267,1,3,0
T4934,Cn1cnc(C[C@H](N)C(=O)O)c1,92105,C7H11N3O2,169.18,-3.3,81.1,174,2,4,3
T4937,Cl.NCC(O)CCC(N)C(=O)O,2724399,C6H15ClN2O3,198.65,,110,129,5,5,5
T4755,Cl.NCC(N)C(=O)O,108638,C3H9ClN2O2,140.57,,89.3,73,4,4,2
T4866,Cl.NC(=O)[C@@H](N)Cc1c[nH]c2ccccc12,6452180,C11H14ClN3O,239.70,,84.9,244,4,2,3
T4945,COc1cc(C(O)CN)ccc1O.Cl,102542,C9H14ClNO3,219.66,,75.7,154,4,4,3
T4895,Cl.Cl.NCCCCCN,80282,C5H16Cl2N2,175.10,,52,25,4,2,4
T4899,Cl.Cl.N[C@H](CO)Cc1cnc[nH]1,197743,C6H13Cl2N3O,214.09,,74.9,99,5,3,3
T4940,Cl.Cl.Cn1cncc1CCN,16219689,C6H13Cl2N3,198.09,,43.8,84,3,2,2
T4855,CCCCCCCCCCCCCCCCCCCCCCC(=O)O,17085,C23H46O2,354.6,10.2,37.3,263,1,2,21
T4859,CCCCCCCCCCCCCC(=O)OCC(O)CO,79050,C17H34O4,302.4,5.2,66.8,231,2,4,16
T4874,Cc1ncc(C[n+]2csc(CCOP(=O)(O)OP(=O)(O)O)c2C)c(N)n1.[Cl-],9068,C12H19ClN4O7P2S,460.77,,197,568,4,12,8
T4947,CC(O)CC(=O)O,441,C4H8O3,104.10,-0.5,57.5,69,2,3,2
T4887,CC(CN)C(=O)O,64956,C4H9NO2,103.12,-2.9,63.3,72,2,3,2
T4728,CC(=O)NCCCC(=O)O,18189,C6H11NO3,145.16,-0.6,66.4,133,2,3,4
T4856,CC(=O)N[C@@H](CCCCN)C(=O)O,92907,C8H16N2O3,188.22,-4.4,92.4,182,3,4,6
T4933,CC(=O)N[C@@H](CC(N)=O)C(=O)O,99715,C6H10N2O4,174.15,-1.8,109,214,3,4,4
T4971,C[C@H]1O[C@@H](n2cnc3c(N)ncnc32)[C@H](O)[C@@H]1O,439182,C10H13N5O3,251.24,-0.6,119,320,3,7,1
T4920,O=C(O)CCC(=O)C(=O)[O-].[Na+],23670750,C5H5NaO5,168.08,,94.5,176,1,5,4
T4738,CCC(O)C(=O)[O-].[Na+],23663641,C4H7NaO3,126.09,,60.4,73,1,3,2
T4897,O=c1nc[nH]c2c1ncn2[C@@H]1O[C@H](COP(=O)([O-])OP(=O)([O-])OP(=O)([O-])O)[C@@H](O)[C@H]1O.[Na+].[Na+].[Na+],135742691,C10H12N4Na3O14P3,574.11,,277,862,4,16,8
T4972,Nc1ccn([C@H]2C[C@H](O)[C@@H](COP(=O)([O-])OP(=O)([O-])[O-])O2)c(=O)n1.[Na+].[Na+].[Na+],71315445,C9H12N3Na3O10P2,453.12,,210,640,2,10,5
T4854,CC(=O)CC(=O)[O-].[Li+],2724246,C4H5LiO3,108.0,,57.2,99,0,3,2
T4898,C=C(OP(=O)([O-])O)C(=O)O.[K+],23678879,C3H4KO6P,206.13,,107,212,2,6,3
T4916,O=C(O)[C@@H](O)[C@@H](O)[C@H](O)[C@@H](O)C(=O)[O-].[K+],23674495,C6H9KO8,248.23,,158,231,5,8,5
T4938,O=S(=O)([O-])Oc1c[nH]c2ccccc12.[K+],5177095,C8H6KNO4S,251.30,,90.6,302,1,4,2
T4917,O=C1O[C@H]([C@@H](O)CO)C(=O)C1=O,440667,C6H6O6,174.11,-1,101,244,2,6,2
T4869,OC[C@H]1OC(O)[C@H](O)[C@H](O)[C@@H]1O,439507,C6H12O6,180.16,-2.6,110,151,5,6,1
T4970,CC(C)=CCC[C@@H](C)[C@H]1CC[C@@]2(C)C3=C(CC[C@]12C)[C@@]1(C)CC[C@H](O)C(C)(C)[C@@H]1CC3,246983,C30H50O,426.7,8.9,20.2,767,1,1,4
T4923,CC(C)CCC[C@@H](C)[C@H]1CC[C@H]2C3=CC=C4C[C@@H](O)CC[C@]4(C)[C@H]3CC[C@]12C,439423,C27H44O,384.6,8,20.2,643,1,1,5
T4853,C[n+]1cccc(C(N)=O)c1.[Cl-],70495,C7H9ClN2O,172.61,,47,136,1,2,1
T5S0896,COc1ccc(CCC(=O)c2ccc(O)cc2)c(OC)c1,5319081,C17H18O4,286.32,3.1,55.8,323,1,4,6
T5045,CC(C)(C)OC(=O)CN(Cc1ccc(Cl)cc1)Cc1ccc([N+](=O)[O-])s1,50905018,C18H21ClN2O4S,396.9,4.7,104,487,0,6,8
T4999,CCOc1ccc(Cc2cc([C@]34OC[C@](CO)(O3)[C@@H](O)[C@H](O)[C@H]4O)ccc2Cl)cc1,44814423,C22H25ClO7,436.9,1.7,109,586,4,7,6
T5032,CS(=O)(=O)Nc1cc2occ(NC=O)c(=O)c2cc1Oc1ccccc1,124246,C17H14N2O6S,374.4,1.4,119,665,2,7,5
T4S1578,OC[C@H]1O[C@@](CO)(OC[C@@]2(OC[C@@]3(O[C@H]4O[C@H](CO)[C@@H](O)[C@H](O)[C@H]4O)O[C@H](CO)[C@@H](O)[C@@H]3O)O[C@H](CO)[C@@H](O)[C@@H]2O)[C@@H](O)[C@@H]1O,166775,C24H42O21,666.6,-7.4,348,964,14,21,13
T4978,COc1cccc(CCc2ccccc2OCC(CN(C)C)OC(=O)CCC(=O)O)c1.Cl,444005,C24H32ClNO6,466.0,,85.3,540,2,7,14
T4698,O=C1NCCc2c[nH]c3cc(F)cc1c23,71503507,C11H9FN2O,204.20,1.5,44.9,284,2,2,0
T4953,CC[C@@H]1[C@H]2CCCCN3[C@H]2[C@@H](C[C@H]3[C@@H]2C[C@H](C)C(=O)O2)[C@H]2[C@@H]1OC(=O)[C@H]2C,11667940,C22H33NO4,375.5,3.9,55.8,636,0,5,2
T5028,CC1(C)OC[C@@H](COC(=O)CCc2ccc(OC[C@@H](O)CNCCNC(=O)N3CCOCC3)cc2)O1.Cl,164457,C25H40ClN3O8,546.1,,128,666,4,9,14
T4976,CC(C)Oc1ccc(-c2nn([C@@H](C)c3oc4ccc(F)cc4c(=O)c3-c3cccc(F)c3)c3ncnc(N)c23)cc1F,72950888,C31H24F3N5O3,571.5,5.8,105,1020,1,10,6
T4991,C[C@@H](O)[C@H]1C(=O)N2C(C(=O)O)=C(S[C@@H]3CN[C@H](C(=O)Nc4cccc(C(=O)[O-])c4)C3)[C@H](C)[C@H]12.[Na+],23674512,C22H24N3NaO7S,497.5,,184,900,4,9,7
T5149,CC(C)[C@H](NC(=O)CCCCCN1C(=O)C=CC1=O)C(=O)N[C@@H](CCCNC(N)=O)C(=O)Nc1ccc(CO)cc1,57544445,C28H40N6O7,572.7,0,200,944,6,7,17
T5019,N=C(N)NCCC[C@@H](NC(=O)[C@@H]1CCCN1C(=O)[C@@H]1CSSCCC(=O)N[C@@H](Cc2ccc(O)cc2)C(=O)N[C@@H](Cc2ccccc2)C(=O)N[C@@H](CCC(N)=O)C(=O)N[C@@H](CC(N)=O)C(=O)N1)C(=O)NCC(N)=O,5311065,C46H64N14O12S2,1069.2,-4,489,2040,13,15,19
T4986,Cc1nccn1CCC(C(N)=O)(c1ccccc1)c1ccccc1,6433090,C20H21N3O,319.4,2.7,60.9,395,1,2,6
T4951,CC1(C)CCC[C@]2(C)[C@@H]1CC[C@@]13C[C@@H](CC[C@H]12)[C@@](O)(CO)C3,13816761,C20H34O2,306.5,4.9,40.5,472,2,2,1
T5006,Cc1onc(-c2c(F)cccc2Cl)c1C(=O)N[C@@H]1C(=O)N2[C@@H]1SC(C)(C)[C@@H]2C(=O)[O-].[Na+],23667629,C19H16ClFN3NaO5S,475.9,,141,764,1,8,4
T5007,CC(COc1ccccc1Cc1ccccc1)N1CCCCC1.O=P(O)(O)O,167811,C21H30NO5P,407.4,,90.2,370,3,6,6
T4902,O=c1c(O[C@@H]2O[C@H](CO)[C@@H](O)[C@H](O)[C@H]2O)c(-c2ccc(O)c(O)c2)oc2cc(O)cc(O)c12,5280804,C21H20O12,464.4,0.4,207,758,8,12,4
T4946,CC(=O)OC(C)(C)[C@@H]1Cc2c(ccc3ccc(=O)oc23)O1,161409,C16H16O5,288.29,2.5,61.8,481,0,5,3
T5038,CC(=O)OCC1=C(C(=O)[O-])N2C(=O)[C@@H](NC(=O)CSc3ccncc3)[C@H]2SC1.[Na+],23675312,C17H16N3NaO6S2,445.4,,179,713,1,9,8
T5098,O=C(C=Cc1ccc(O)c(O)c1)O[C@@H]1C[C@](O)(C(=O)O)C[C@@H](OC(=O)C=Cc2ccc(O)c(O)c2)[C@H]1O,460891,C25H24O12,516.4,1.5,211,825,7,12,9
T5027,Cc1ccc2c(c1)[C@]13CCCC[C@@H]1[C@H](C2)N(C)CC3.O=P(O)(O)O,198165,C18H28NO4P,353.4,,81,401,3,5,0
T4988,CC(C)(C)NC(=O)N[C@H](C(=O)N1C[C@H]2[C@@H]([C@H]1C(=O)NC(CC1CCC1)C(=O)C(N)=O)C2(C)C)C(C)(C)C,10324367,C27H45N5O5,519.7,3.1,151,959,4,5,10
T4964,C=C1C[C@@]23CC[C@H]4[C@@](C)(CCC[C@@]4(C)C(=O)O)[C@@H]2CC[C@]1(O[C@@H]1O[C@H](CO)[C@@H](O)[C@H](O)[C@H]1O[C@@H]1O[C@H](CO)[C@@H](O)[C@H](O)[C@H]1O)C3,16401639,C32H50O13,642.7,0.6,216,1150,8,13,7
T2S0731,O=C(CCc1ccc(O)cc1)c1c(O)cc(O[C@@H]2O[C@H](CO)[C@@H](O)[C@H](O)[C@H]2O)cc1O,6451798,C21H24O10,436.4,1.2,177,569,7,10,7
T5012,CCOc1ccc2nc(S(N)(=O)=O)sc2c1,3295,C9H10N2O3S2,258.3,2,119,341,1,6,3
T5010,Cc1c(C(C)C)c(=O)n(-c2ccccc2)n1C,3778,C14H18N2O,230.31,1.7,23.6,340,0,2,2
T4954,CC(=O)O[C@H]1CC[C@@]2(C)[C@@H](CC[C@@H]3[C@@H]2CC[C@]2(C)[C@@H]4[C@H](C[C@@H]32)O[C@]2(CC[C@@H](C)CO2)[C@H]4C)C1,102278,C29H46O4,458.7,7.1,44.8,796,0,4,2
T5026,CC[C@H](C)[C@@H]1NC(=O)[C@H](Cc2ccc(O)cc2)NC(=O)[C@@H](N)CSSC[C@@H](C(=O)N2CCC[C@H]2C(=O)N[C@@H](CC(C)C)C(=O)NCC(N)=O)NC(=O)[C@H](CC(N)=O)NC(=O)[C@H](CCC(N)=O)NC1=O,439302,C43H66N12O12S2,1007.2,-2.6,450,1870,12,15,17
T4701,COC(=O)C(C)Oc1ccc(Oc2ccc(Cl)cc2Cl)cc1,39985,C16H14Cl2O4,341.2,4.8,44.8,358,0,4,6
T4958,CC(C)=CC[C@H](O)C1=CC(=O)c2c(O)ccc(O)c2C1=O,72521,C16H16O5,288.29,3,94.8,501,3,5,3
T5040,CC(=O)[C@@]1(O)CC[C@H]2[C@@H]3C[C@H](C)C4=CC(=O)CC[C@]4(C)[C@H]3CC[C@@]21C,10631,C22H32O3,344.5,3.5,54.4,664,1,3,1
T5023,CCCOC(C(=O)OC1CCN(C)CC1)(c1ccccc1)c1ccccc1.Cl,441412,C23H30ClNO3,403.9,,38.8,429,1,4,8
T4956,OC[C@H]1O[C@@H](Oc2c(O)cc(O)cc2C=Cc2ccc(O)cc2)[C@H](O)[C@@H](O)[C@@H]1O,185800,C20H22O9,406.4,1,160,536,7,9,5
T5009,COc1cc(C(=O)NCc2ccc(OCCN(C)C)cc2)cc(OC)c1OC.Cl,68385,C21H29ClN2O5,424.9,,69.3,440,2,6,10
T4993,Cc1ccccc1-n1c(CF)nc2ccc(N)cc2c1=O,2040,C16H14FN3O,283.30,2.2,58.7,439,1,4,2
T5017,Cc1ncc(CNC(=O)N(CCCl)N=O)c(N)n1.Cl,91657,C9H14Cl2N6O2,309.15,,114,292,3,6,4
T5005,CCc1ccc(C(=O)C(C)CN2CCCCC2)cc1.Cl,123698,C17H26ClNO,295.8,,20.3,275,1,2,5
T4963,Oc1ccc(CC2NCCc3cc(O)c(O)cc32)cc1,114840,C16H17NO3,271.31,2.2,72.7,317,4,4,2
T5000,CCCCC(=O)OCC(=O)[C@H]1[C@H](C)C[C@H]2[C@@H]3C[C@H](F)C4=CC(=O)C=C[C@]4(C)[C@@]3(F)[C@@H](O)C[C@@]21C,91670,C27H36F2O5,478.6,4.2,80.7,943,1,7,7
T5008,CC(=O)CCC=C(C)CCC=C(C)CCC=C(C)CCC=C(C)C,5399,C23H38O,330.5,7.4,17.1,482,0,1,12
T5052,Cc1cc(-n2c(=O)[nH]c(=O)n(C)c2=O)ccc1Oc1ccc(S(=O)(=O)C(F)(F)F)cc1,3050408,C18H14F3N3O6S,457.4,3.1,121,835,1,9,4
T5046,CC(Oc1ccc(Oc2ncc(C(F)(F)F)cc2Cl)cc1)C(=O)O,50895,C15H11ClF3NO4,361.70,4.2,68.7,429,1,8,5
T5015,CC(=O)O.CC(=O)O.CC(C)C[C@H](NC(=O)CNC(=O)[C@H](Cc1ccc(O)cc1)NC(=O)[C@H](CO)NC(=O)[C@H](Cc1c[nH]c2ccccc12)NC(=O)[C@H](Cc1cnc[nH]1)NC(=O)[C@@H]1CCC(=O)N1)C(=O)N[C@@H](CCCNC(=N)N)C(=O)N1CCC[C@H]1C(=O)NCC(N)=O,56841073,C59H83N17O17,1302.4,,549,2420,18,19,31
T4989,C[C@@H]1O[C@@H]1P(=O)(O)O.NC(CO)(CO)CO,10199068,C7H18NO7P,259.19,,157,192,6,8,4
TJS0851,O=C1C[C@@H](c2cc(O)c(O)c(O[C@@H]3O[C@H](CO)[C@@H](O)[C@H](O)[C@H]3O)c2)Oc2cc(O)cc(O)c21,174157,C21H22O12,466.4,-0.1,207,692,8,12,4
T4962,CC1(C)CC[C@]2(C(=O)O)CC[C@]3(C)C(=CC[C@@H]4[C@@]5(C)CC[C@H](O[C@@H]6O[C@H](C(=O)O)[C@@H](O)[C@H](O)[C@H]6O[C@@H]6O[C@H](CO)[C@@H](O)[C@H](O)[C@H]6O)C(C)(C)[C@@H]5CC[C@]43C)[C@@H]2C1,10395524,C42H66O14,795.0,4.5,233,1560,8,14,7
T5030,C[C@H](CSC(=O)c1ccccc1)C(=O)N1C[C@@H](Sc2ccccc2)C[C@H]1C(=O)[O-].C[C@H](CSC(=O)c1ccccc1)C(=O)N1C[C@@H](Sc2ccccc2)C[C@H]1C(=O)[O-].[Ca+2],3033690,C44H44CaN2O8S4,897.2,,256,582,0,12,14
T4911,OC[C@H]1O[C@H](Oc2ccc(O)cc2)[C@H](O)[C@@H](O)[C@@H]1O,158637,C12H16O7,272.25,-0.7,120,279,5,7,3
T4959,OC[C@@H](O)[C@@H](O)[C@H](O)[C@H](O)CO,6251,C6H14O6,182.17,-3.1,121,105,6,6,5
T4997,OC(c1ccccc1)(c1ccccc1)C12CC[N+](CCOCc3ccccc3)(CC1)CC2.[Br-],11519069,C29H34BrNO2,508.5,,29.5,543,1,3,8
T5039,Nc1ccc(C(=O)NCC(=O)[O-])cc1.[Na+],443971,C9H9N2NaO3,216.17,,95.3,227,2,4,3
T5024,CC(OC(=O)OC1CCCCC1)OC(=O)C1=C(CSc2nnnn2CCN(C)C)CS[C@@H]2[C@H](NC(=O)Cc3csc(N)n3)C(=O)N12.Cl.Cl,175647,C27H39Cl2N9O7S3,768.8,,276,1160,4,16,16
T5013,Cc1c(-c2ccc(-c3ccccc3F)cc2)nc2ccc(F)cc2c1C(=O)O,57030,C23H15F2NO2,375.4,5.6,50.2,551,1,5,3
T3S1149,CC(CC(=O)C[C@@H](C)[C@H]1CC(=O)[C@@]2(C)C3=C(C(=O)[C@@H](O)[C@]12C)[C@@]1(C)CC[C@H](O)C(C)(C)[C@@H]1C[C@@H]3O)C(=O)O,20055988,C30H44O8,532.7,1.7,149,1110,4,8,6
T5082,CSCCC(O)C(=O)[O-].CSCCC(O)C(=O)[O-].[Ca+2],107344,C10H18CaO6S2,338.5,,171,88,2,8,6
T5066,C[N+](C)(C)CCCC[C@H](N)C(=O)O.[Cl-],57350924,C9H21ClN2O2,224.73,,63.3,163,2,4,6
T5074,CCCCCCCCCCCCCCCC(=O)O[C@H]1CC[C@@]2(C)C(=CC[C@H]3[C@@H]4CC[C@H]([C@H](C)CCCC(C)C)[C@@]4(C)CC[C@@H]32)C1,246520,C43H76O2,625.1,16.4,26.3,904,0,2,21
T5075,O=P([O-])([O-])O[C@@H]1[C@@H](OP(=O)(O)O)[C@H](OP(=O)(O)O)[C@@H](OP(=O)(O)O)[C@H](OP(=O)(O)O)[C@@H]1OP(=O)(O)O.[K+].[K+],22838972,C6H16K2O24P6,736.22,,406,975,10,24,11
T5065,Nc1nc2c(ncn2[C@@H]2O[C@@H]3COP(=O)([O-])O[C@H]3[C@H]2O)c(=O)[nH]1.[Na+],135445730,C10H11N5NaO7P,367.19,,173,622,3,9,1
T5076,C[C@H](O)[C@H](N)C(=O)O,99289,C4H9NO3,119.12,-2.9,83.6,93,3,4,2
T5071,CC(C)CC(=O)C(=O)O,70,C6H10O3,130.14,0.9,54.4,126,1,3,3
T5061,Cc1cc2nc3[nH]c(=O)[nH]c(=O)c3nc2cc1C,5326566,C12H10N4O2,242.23,1.1,84,386,2,4,0
T5060,CCC(=O)C(=O)O,58,C4H6O3,102.09,0.1,54.4,95,1,3,2
T4949,CCCCCCCCCC(=O)OC[C@H](COP(=O)([O-])OCC[N+](C)(C)C)OC(=O)CCCCCCCCC,16219892,C28H56NO8P,565.7,7,111,645,0,8,28
T5057,NC(COP(=O)(O)O)C(=O)O,106,C3H8NO6P,185.07,-5.1,130,186,4,7,4
T5067,Cc1cc2nc3c(=O)[nH]c(=O)nc-3n(C[C@H](O)[C@H](O)[C@H](O)COP(=O)([O-])OP(=O)([O-])OC[C@H]3O[C@@H](n4cnc5c(N)ncnc54)[C@H](O)[C@@H]3O)c2cc1C.[Na+].[Na+],2734019,C27H31N9Na2O15P2,829.5,,362,1550,7,20,13
T5068,O.O=C([O-])[C@H]1OC(O)[C@H](O)[C@@H](O)[C@@H]1O.[Na+],23662406,C6H11NaO8,234.14,,131,210,5,8,1
T5085,Cc1ncc(COP(=O)(O)O)c(C=O)c1O.O,38882,C8H12NO7P,265.16,,118,292,4,8,4
T5083,N[C@@H](CS(=O)(=O)O)C(=O)O.O,12308854,C3H9NO6S,187.17,,127,214,4,7,3
T5064,O.O.O=C(O)C(=O)O,61373,C2H6O6,126.07,,76.6,71,4,6,1
T5084,O.O.O=c1[nH]c(=O)c2ncn([C@@H]3O[C@H](CO)[C@@H](O)[C@H]3O)c2[nH]1,18530347,C10H16N4O8,320.26,,148,434,7,9,2
T5062,O.O=C(O)[C@@H](O)[C@@H](O)C(=O)O,16218804,C4H8O7,168.10,,116,134,5,7,3
T5086,O.OC[C@H]1O[C@@H](O[C@H]2[C@H](O)[C@@H](O)[C@@H](O)O[C@@H]2CO)[C@H](O)[C@@H](O)[C@H]1O,104938,C12H24O12,360.31,,191,382,9,12,4
T5059,O=C(O)[C@H](O)[C@@H](O)C(=O)O,444305,C4H6O6,150.09,-1.9,115,134,4,6,3
T4948,CC(O)(CC(=O)[O-])C(=O)[O-].[K+].[K+],16211775,C5H6K2O5,224.29,,100,152,1,5,1
T5069,O=P([O-])(O)OC[C@H]1OC(O)[C@H](O)[C@@H](O)[C@@H]1O.[K+],119025419,C6H12KO9P,298.23,,160,289,5,9,3
T5094,c1cc(NC2CCNCC2)nc(-c2cnc3ccccn23)c1,44449078,C17H19N5,293.4,2.8,54.3,357,2,4,3
T3868,O=C(OCC1=C[C@@H](O)[C@@H]2C=CO[C@@H](O[C@@H]3O[C@H](CO)[C@@H](O)[C@H](O)[C@H]3O)[C@H]12)c1ccc(O)cc1,442416,C22H26O11,466.4,-1.1,175,747,6,11,7
T5056,Nc1ncnc2c1c(COc1cccc(Cl)c1)nn2C1CCOCC1,53472153,C17H18ClN5O2,359.8,2.3,88.1,439,1,6,4
T5072,C[C@H](CCC(=O)NCC(=O)O)[C@H]1CC[C@H]2[C@@H]3[C@H](O)C[C@@H]4C[C@H](O)CC[C@]4(C)[C@H]3C[C@H](O)[C@]12C.O,24856164,C26H45NO7,483.6,,128,759,6,7,6
T4979,Cl.OC(CCN1CCCC1)(c1ccccc1)C1CCCCC1,207841,C19H30ClNO,323.9,,23.5,301,2,2,5
T5095,CCOC=C1N=C(c2ccccc2)OC1=O,27435,C12H11NO3,217.22,2.1,47.9,327,0,4,3
T5087,O=C([O-])CC(C(=O)[O-])C(O)C(=O)[O-].[Na+].[Na+].[Na+],168942,C6H5Na3O7,258.07,,141,217,1,7,2
T4987,O=C([O-])[C@H](O)[C@H](O)[C@@H](O)[C@H](O)[C@H](O)CO.O=C([O-])[C@H](O)[C@H](O)[C@@H](O)[C@H](O)[C@H](O)CO.[Ca+2],28327,C14H26CaO16,490.42,,323,202,12,16,10
T5079,Nc1ncnc2c1ncn2[C@@H]1O[C@H](COP(=O)([O-])OP(=O)([O-])[O-])[C@@H](O)[C@H]1O.[Na+].[Na+].[Na+],12797869,C10H12N5Na3O10P2,493.15,,241,618,3,14,5
T5077,C[C@H](CCC(=O)[O-])[C@H]1CC[C@H]2[C@@H]3CC[C@@H]4C[C@H](O)CC[C@]4(C)[C@H]3C[C@H](O)[C@]12C.[Na+],23668196,C24H39NaO4,414.6,,80.6,612,2,4,4
T5080,Cl.Cl.Cl.NCCCCNCCCN,9539,C7H22Cl3N3,254.6,,64.1,56,6,3,7
T5073,O.O=c1nc[nH]c2c1ncn2[C@@H]1O[C@H](COP(=O)([O-])[O-])[C@@H](O)[C@H]1O.[Na+].[Na+],135565601,C10H13N4Na2O9P,410.18,,182,543,4,11,3
T5078,O.O=C(O)c1cc(=O)[nH]c(=O)[nH]1,16218504,C5H6N2O5,174.11,,96.5,268,4,5,1
T5081,Cl.Nc1ncnc2[nH]cnc12.O,24211900,C5H8ClN5O,189.60,,81.5,127,4,5,0
T5022,NCc1ccccc1CC(=O)N[C@@H]1C(=O)N2C(C(=O)O)=C(CSc3nnnn3CC(=O)O)CS[C@H]12,43507,C20H21N7O6S2,519.6,-3.2,244,905,4,12,10
T4S1820,O=C(CC(O)(CC(=O)OCc1ccc(O[C@@H]2O[C@H](CO)[C@@H](O)[C@H](O)[C@H]2O)cc1)C(=O)OCc1ccc(O[C@@H]2O[C@H](CO)[C@@H](O)[C@H](O)[C@H]2O)cc1)OCc1ccc(O[C@@H]2O[C@H](CO)[C@@H](O)[C@H](O)[C@H]2O)cc1,10557926,C45H56O25,996.9,-3,397,1540,13,25,23
T5088,O=C([O-])Cc1c[nH]c2ccccc12.[Na+],23677501,C10H8NNaO2,197.17,,55.9,210,1,2,2
T5051,CC(C)[N+](C)(CCC(C(N)=O)(c1ccccc1)c1ccccc1)C(C)C.[I-],6284,C23H33IN2O,480.4,,43.1,419,1,2,8
T4983,CCC(NC(C)C)C(O)c1ccc(O)c(O)c1.CS(=O)(=O)O,23702,C14H25NO6S,335.42,,135,315,5,7,5
T5002,COC(=O)CCC(=O)CN.Cl,157921,C6H12ClNO3,181.62,,69.4,133,2,4,5
T5S0833,CC(C)(O)C1CCC(C)(C2C(O)CC3(C)C4CC(O)C5C(C)(C)C(OC6OCC(O)C(O)C6OC6OC(CO)C(O)C(O)C6O)CCC56CC46CCC23C)O1,4483250,C41H68O14,785.0,1.3,228,1460,9,14,7
T5092,c1ccc(-c2oc3ncnc(NC[C@@H]4CCCO4)c3c2-c2ccccc2)cc1,11501591,C23H21N3O2,371.4,5,60.2,492,1,5,5
T5053,O=C(NCCCN1CCOCC1)c1ccc(Cl)cc1,65659,C14H19ClN2O2,282.76,1.8,41.6,275,1,3,5
T5096,O=C(Nc1ccccc1-c1cn2c(CN3CCNCC3)csc2n1)c1cnc2ccccc2n1,24180125,C25H23N7OS,469.6,3.2,116,707,2,7,5
T4942,O=P([O-])([O-])O[C@H]1O[C@H](CO)[C@H](O)[C@H](O)[C@H]1O.[K+].[K+],87916,C6H11K2O9P,336.32,,163,266,4,9,2
T5110,COc1cc(N2CCOCC2)ccc1NC(=O)c1csc(-c2cccnc2)n1,44449392,C20H20N4O3S,396.5,2.4,105,520,1,7,5
T5112,CCCCCCCCOC(=O)c1ccccc1C(=O)OCCCCCCCC,8346,C24H38O4,390.6,9.1,52.6,369,0,4,18
T5121,OC[C@H]1O[C@@H](S[C@@H]2O[C@H](CO)[C@H](O)[C@H](n3cc(-c4cccc(F)c4)nn3)[C@H]2O)[C@H](O)[C@@H](n2cc(-c3cccc(F)c3)nn2)[C@H]1O,73774610,C28H30F2N6O8S,648.6,0.2,227,903,6,15,8
T5122,Cc1cc([N+](=O)[O-])c(NS(=O)(=O)c2cccc(C(=O)O)c2)cc1-c1cccnc1,86280646,C19H15N3O6S,413.4,3.3,151,704,2,8,5
T5108,CCN1CCN(C(c2ccc(C(F)(F)F)cc2)c2ccc3cccnc3c2O)CC1,3384730,C23H24F3N3O,415.5,4.4,39.6,544,1,7,4
T5105,c1ccc(N2CCNCC2)nc1,94459,C9H13N3,163.22,0.7,28.2,132,1,3,1
T5120,C[C@@H]1OC(O)[C@H](O)[C@H](O)[C@H]1O,25310,C6H12O5,164.16,-2.1,90.2,139,4,5,0
T5116,CC(C)NC(=O)N1CC(=O)N(c2cc(Cl)cc(Cl)c2)C1=O,37517,C13H13Cl2N3O3,330.16,3.1,69.7,448,1,3,2
T5106,Cc1ccc([N+](=O)[O-])cc1S(=O)(=O)N(C)C,2921148,C9H12N2O4S,244.27,1.3,91.6,355,0,5,2
T4975,Cc1cccc(-c2[nH]c(C34CCC(C(N)=O)(CC3)CC4)nc2-c2ccc3c(c2)OCO3)n1,10387982,C25H26N4O3,430.5,3.1,103,707,2,5,4
T5070,O=c1cc(-c2ccccc2)c2c(O)cc(O)cc2o1,5398649,C15H10O4,254.24,2.4,66.8,384,2,4,1
T5119,O=C(OC1CCCCC1)c1ccccc1C(=O)OC1CCCCC1,6777,C20H26O4,330.4,5.2,52.6,381,0,4,6
T5113,OC[C@@H]1OC(O)[C@@H](O)[C@H](O)[C@H]1O,2724488,C6H12O6,180.16,-2.6,110,151,5,6,1
T5114,CC(C)(C)c1ccc(CSc2cnn(C(C)(C)C)c(=O)c2Cl)cc1,91754,C19H25ClN2OS,364.9,5.2,58,535,0,3,5
T5109,Cn1cc(-c2cc3c(N4CCN(c5ncc([C@@](C)(N)c6ccc(F)cc6)cn5)CC4)ncnn3c2)cn1,118023034,C26H27FN10,498.6,1.9,106,752,1,9,5
T5125,CC(C)(O)c1cc(Nc2cc(Oc3cn(C4CC4)nc3C3CCOCC3)ccn2)ccn1,121249291,C24H29N5O3,435.5,2.1,94.3,612,2,7,7
T5117,O=C(NC(=O)c1c(F)cccc1F)Nc1cc(Cl)c(OC(F)(F)C(F)F)c(Cl)c1,91741,C16H8Cl2F6N2O3,461.1,5.7,67.4,581,2,9,5
T5129,Cl.O=C(NC1CCCCC1)N(Cc1ccccc1)CC1CCNCC1,122198132,C20H32ClN3O,365.9,,44.4,369,3,2,5
T5124,Cl.Cl.O=C(Nc1ccccc1-c1cn2c(CN3CCNCC3)csc2n1)c1cnc2ccccc2n1,139026900,C25H25Cl2N7OS,542.5,,116,707,4,7,5
T4939,O=C(O)C(=O)Cc1c[nH]c2ccccc12,803,C11H9NO3,203.19,1.3,70.2,277,2,3,3
T4930,CC(C)C=NO,9023,C4H9NO,87.12,1,32.6,49,1,2,1
T5101,CNc1ncnc2c1ncn2Cc1ccccc1F,127779,C13H12FN5,257.27,2.5,55.6,303,1,5,3
T5139,COc1cc(N2CCOCC2)ccc1Nc1ncc(F)c(Nc2ccccc2NS(C)(=O)=O)n1.Cl,72193880,C22H26ClFN6O4S,525.0,,126,737,4,11,8
T5132,CC(=O)O[C@H]1C[C@@]2(O)[C@@H](OC(=O)c3ccccc3)[C@@H]3[C@]4(OC(C)=O)CO[C@@H]4C[C@H](O)[C@@]3(C)[C@@H](O)[C@H](OC(C)=O)C(=C1C)C2(C)C,3083352,C33H42O12,630.7,1.5,175,1270,3,12,9
T5138,Cc1c(-c2c(F)cc(C(N)=O)c3[nH]c4c(c23)CC[C@H](C(C)(C)O)C4)cccc1-n1c(=O)c2cccc(F)c2n(C)c1=O,86582336,C32H30F2N4O4,572.6,4.4,120,1090,3,6,4
T5130,Cc1sc2c(c1C)C(c1ccc(Cl)cc1)=N[C@@H](CC(=O)NCCCCCCCCNC(=O)COc1cccc3c1C(=O)N(C1CCC(=O)NC1=O)C3=O)c1nnc(C)n1-2,121427831,C42H45ClN8O7S,841.4,5,222,1610,3,11,16
T5135,Cl.Cl.OCCN1CCN(CCC=C2c3ccccc3Sc3ccc(C(F)(F)F)cc32)CC1,17011,C23H27Cl2F3N2OS,507.4,,52,591,3,7,5
T5133,CCCCCCOC(=O)NC(=N)c1ccc(NCc2nc3cc(C(=O)N(CCC(=O)OCC)c4ccccn4)ccc3n2C)cc1.CS(=O)(=O)O,135566083,C35H45N7O8S,723.8,,214,1080,4,12,18
T5140,COC(=O)c1ccc(N2CCN(C)CC2)c(NC(=O)c2cccc(OC)c2)c1.Cl,139026901,C21H26ClN3O4,419.9,,71.1,536,2,6,6
T4495,Cc1sc2c(c1C)C(c1ccc(Cl)cc1)=N[C@@H](CC(=O)NCCCCNC(=O)COc1cccc3c1C(=O)N(C1CCC(=O)NC1=O)C3=O)c1nnc(C)n1-2,91799313,C38H37ClN8O7S,785.3,3.2,222,1550,3,11,12
T7045,Clc1cccc(Cl)c1NC1=NCCN1,2803,C9H9Cl2N3,230.09,1.6,36.4,222,2,1,2
T5102,O=C(Nc1nncs1)c1cccnc1,4173511,C8H6N4OS,206.23,0.5,96,214,1,5,2
T4S0647,CCCCC1OC(=O)c2ccccc21,61361,C12H14O2,190.24,2.8,26.3,212,0,2,3
T5145,CC(=O)O.CC[C@H](C)[C@@H]1NC(=O)[C@H](Cc2ccc(O)cc2)NC(=O)[C@@H](N)CSSC[C@@H](C(=O)N2CCC[C@H]2C(=O)N[C@@H](CC(C)C)C(=O)NCC(N)=O)NC(=O)[C@H](CC(N)=O)NC(=O)[C@H](CCC(N)=O)NC1=O,12004215,C45H70N12O14S2,1067.2,,487,1900,13,17,17
T5144,CC(=O)O.N=C(N)NCCC[C@H](NC(=O)[C@@H]1CCCN1C(=O)[C@@H]1CSSCCC(=O)N[C@@H](Cc2ccc(O)cc2)C(=O)N[C@@H](Cc2ccccc2)C(=O)N[C@@H](CCC(N)=O)C(=O)N[C@@H](CC(N)=O)C(=O)N1)C(=O)NCC(N)=O,16051969,C48H68N14O14S2,1129.3,,526,2070,14,17,19
T5147,COc1cc2c(=O)c3c(O)c([C@@H]4O[C@H](CO)[C@@H](O)[C@H](O)[C@H]4O[C@@H]4OC[C@](O)(CO)[C@H]4O)c(O)cc3oc2cc1O,101740054,C25H28O15,568.5,-1.3,245,907,9,15,6
T5148,CC(=O)O.CCOc1ccc(C[C@H]2NC(=O)CCSSC[C@@H](C(=O)N3CCC[C@H]3C(=O)N[C@@H](CCCN)C(=O)NCC(N)=O)NC(=O)[C@H](CC(N)=O)NC(=O)[C@H]([C@@H](C)O)NC(=O)[C@H]([C@@H](C)CC)NC2=O)cc1,87665603,C45H71N11O14S2,1054.2,,454,1810,12,17,18
T5151,COc1ccc2[nH]cc(C=O)c2c1,82758,C10H9NO2,175.18,1.7,42.1,195,1,2,2
T4968,CC(C)CNc1ccnc(NCc2csc(-c3ccccc3)n2)n1,71304818,C18H21N5S,339.5,4.4,91,361,2,6,7
T5150,CCCCC[C@H](O)CC[C@@H]1[C@H]2Cc3cccc(OCC(=O)O)c3C[C@H]2C[C@H]1O,6918140,C23H34O5,390.5,4.5,87,495,3,5,10
T4891,O=C([O-])C(=O)Cc1ccccc1.[Na+],23667645,C9H7NaO3,186.14,,57.2,185,0,3,3
T5161,CNC(=O)CN(CCN(CCN(CC(=O)[O-])CC(=O)NC)CC(=O)[O-])CC(=O)[O-].[Gd+3],153921,C16H26GdN5O8,573.66,,188,527,2,11,13
T5163,CC(=O)Nc1nc(C)c(S(=O)(=O)Nc2ccc(C(O)(C(F)(F)F)C(F)(F)F)cc2)s1,44241473,C15H13F6N3O4S2,477.4,2.9,145,718,3,13,5
T5127,COC(=O)N[C@H](C(=O)N1CCC[C@H]1c1nc2cc(F)c([C@H]3CC[C@H](c4cc5[nH]c([C@@H]6CCCN6C(=O)[C@@H](NC(=O)OC)[C@@H](C)OC)nc5cc4F)N3c3cc(F)c(N4CCC(c5ccc(F)cc5)CC4)c(F)c3)cc2[nH]1)[C@@H](C)OC,58031952,C57H65F5N10O8,1113.2,7.4,200,2000,4,17,17
T5170,CC(C)CNc1ccnc(NCc2csc(-c3ccccc3)n2)n1.Cl,90488983,C18H22ClN5S,375.9,,91,361,3,6,7
T4941,O=P([O-])([O-])OC[C@H]1O[C@](O)(CO)[C@@H](O)[C@@H]1O.[Na+].[Na+],15648789,C6H11Na2O9P,304.10,,163,278,4,9,3
T5171,CCCCC[C@H](O)CC[C@@H]1[C@H]2Cc3cccc(OCC(=O)[O-])c3C[C@H]2C[C@H]1O.[Na+],23663413,C23H33NaO5,412.5,,89.8,502,2,5,10
T5160,O=S(=O)(Nc1ccc(C(O)(C(F)(F)F)C(F)(F)F)cc1)c1cccs1,2360837,C13H9F6NO3S2,405.3,3.7,103,550,2,11,4
T5154,O=C(Nc1ccc(I)cc1)c1ccc([N+](=O)[O-])o1,1103958,C11H7IN2O4,358.09,3,88.1,325,1,4,2
T4981,CCCC(CCC)C(=O)O[C@H]1C[C@H]2CC[C@@H](C1)[N+]2(C)C.[Br-],657201,C17H32BrNO2,362.3,,26.3,318,0,3,7
T5159,COc1ccc(CC(C)(C)NC[C@H](O)c2cc(O)cc3c2OCC(=O)N3)cc1.Cl,11711522,C21H27ClN2O5,422.9,,100,521,5,6,7
T5162,Cl.O=C(NCCCNc1nc(Nc2cccc(CN3CCOCC3)c2)ncc1C1CC1)C1CCC1,129896717,C26H37ClN6O2,501.1,,91.4,637,4,7,11
T5164,COc1cc2nccc(Oc3ccc(NC(=O)C4(C(=O)Nc5ccc(F)cc5)CC4)cc3)c2cc1OC.Cl,122573030,C28H25ClFN3O5,538.0,,98.8,795,3,7,8
T4S1849,C[C@@H]1O[C@H]2O[C@H]3[C@@H](OC[C@H](O)[C@@H]3O)OC(=O)[C@]34CCC(C)(C)C[C@H]3C3=CC[C@@H]5[C@@]6(C)C[C@H](O)[C@H](O[C@@H]7O[C@H](CO)[C@@H](O)[C@H](O)[C@H]7O[C@@H]7O[C@H](COC(=O)C[C@](C)(O)CC(=O)O[C@@H]1[C@@H](O[C@@H]1OC[C@@H](O)[C@H](O)[C@H]1O)[C@H]2O)[C@@H](O)[C@H](O)[C@H]7O)[C@@](C)(CO)[C@@H]6CC[C@@]5(C)[C@]3(C)C[C@H]4O,131844995,C64H100O31,1365.5,-3.6,486,2800,16,31,4
T5179,CNc1nn2c(C)c(N(C)C)c(C)nc2c1S(=O)(=O)c1ccccc1,56655571,C17H21N5O2S,359.4,2.9,88,558,1,6,4
T5184,COc1cc(N2CCN(C)CC2)ccc1Nc1ncc2c(n1)N(C)c1ccccc1C(=O)N2C,46844147,C25H29N7O2,459.5,3.1,77.1,703,1,8,4
T5190,O=C(Nc1cccc(-c2nncn2C2CC2)c1)c1cc(-n2cnc(C3CC3)c2)ccn1,57504987,C23H21N7O,411.5,2,90.5,654,1,5,6
T5183,CC[C@H]1NC(=O)N(c2ccc(Oc3ccc(C)c(OC)c3)nc2)C1=O,53230344,C18H19N3O4,341.4,2.8,80.8,501,1,5,5
T5166,CCC(=O)N1CC[C@H](Nc2ncnc3c2CN(c2cnc(OC)c(C(F)(F)F)c2)CC3)C1,57495353,C21H25F3N6O2,450.5,2.5,83.5,654,1,10,5
T5188,CC(C)C[C@H](NC(=O)OCc1ccccc1)C(=O)N[C@@H](CC1CCNC1=O)C(O)S(=O)(=O)[O-].[Na+],71481119,C21H30N3NaO8S,507.5,,182,783,4,8,12
T5177,O=C(Nc1ccc(OC(F)(F)Cl)cc1)c1cnc(N2CC[C@@H](O)C2)c(-c2ccn[nH]2)c1,72165228,C20H18ClF2N5O3,449.8,3,103,626,3,8,6
T5176,O=C(O)CNC(=O)c1c(O)c2ccccc2n(OCC2CC2)c1=O,75593290,C16H16N2O6,332.31,1.9,116,583,3,6,6
T5186,CCC(CC)O[C@@H]1C=C(C(=O)O)C[C@H](N)[C@H]1NC(C)=O,449381,C14H24N2O4,284.35,-1.9,102,391,3,5,6
T5175,CC(C)n1c(=O)n(C)c2cnc3cc(F)c(-c4ccc(OCCCN5CCCCC5)nc4)cc3c21,126689157,C27H32FN5O2,477.6,4.2,61.8,720,0,6,7
T5169,COc1cc(Nc2ccnc3ccc(Br)cc23)cc(OC)c1OC,134812846,C18H17BrN2O3,389.2,4.3,52.6,386,1,5,5
T5189,CN(C)c1cc(CNCC(C)(C)C)c(O)c2c1C[C@H]1C[C@H]3[C@H](N(C)C)C(O)=C(C(N)=O)C(=O)[C@@]3(O)C(O)=C1C2=O,54697325,C29H40N4O7,556.6,3,177,1140,6,10,7
T5123,COc1cc(C(=O)OCc2cccc(COC(=O)c3cc(OC)c(OC)c(OC)c3)n2)cc(OC)c1OC,68711,C27H29NO10,527.5,3.4,121,653,0,11,14
T5158,Clc1ccc2c(c1)N=C(N1CCNCC1)c1ccccc1N2,135409468,C17H17ClN4,312.8,2.6,39.7,421,2,3,1
T5174,C=C1C[C@H]2[C@@H]3CCC4=CC(=O)CC[C@@H]4[C@H]3CC[C@]2(C)[C@@]1(OC(C)=O)C(C)=O,108059,C23H30O4,370.5,2.9,60.4,762,0,4,3
T5168,O=C(Nc1cccc(Nc2cc(Nc3cccc(C(F)(F)F)c3)ncn2)c1)C1CC1,9549299,C21H18F3N5O,413.4,4.5,78.9,585,3,8,6
T5178,CC(C)(C)N1C(=O)C(Nc2ccc(N3CCCCC3)cc2)=C(c2ccccc2)S1(=O)=O,11655079,C24H29N3O3S,439.6,4.5,78.1,789,1,5,5
T4384,CC(C)(C)N(NC(=O)c1ccc(Cl)cc1)C(=O)c1ccccc1,114994,C18H19ClN2O2,330.8,3,49.4,419,1,2,3
T5187,Cc1ccc(Oc2nc3cc(-c4ccc(-c5ccccc5)cc4)c(Cl)cc3[nH]2)cc1C(=O)O,45256689,C27H19ClN2O3,454.9,7.1,75.2,664,2,4,5
T5126,CC(C)(C)[C@@H]1NC(=O)O[C@@H]2CCC[C@H]2OCC=CC(F)(F)c2nc3ccccc3nc2O[C@@H]2C[C@@H](C(=O)N[C@]3(C(=O)NS(=O)(=O)C4(C)CC4)C[C@H]3C(F)F)N(C2)C1=O,154809629,C38H46F4N6O9S,838.9,4.6,204,1760,3,15,7
T5194,O=C(Nc1cc(C(F)(F)F)ccc1N1CCN(Cc2ccccn2)CC1)c1ccc(-c2ccncc2)o1,91972002,C27H24F3N5O2,507.5,4,74.5,742,1,9,6
T5195,O=C(O)CN1C(=O)c2cccc3cccc(c23)C1=O,2120,C14H9NO4,255.22,1.7,74.7,403,1,4,2
T5193,Cc1c(F)cccc1NC(=O)Nc1ccc(Cl)c(S(=O)(=O)[C@H]2CCCNC2)c1O,24780598,C19H21ClFN3O4S,441.9,3.1,116,677,4,6,4
T5216,O=C([O-])[C@H](O)[C@@H](O)CO.O=C([O-])[C@H](O)[C@@H](O)CO.[Ca+2],13388558,C8H14CaO10,310.27,,202,95,6,10,4
T5234,C[C@H](CCC(=O)NCC(=O)O)[C@H]1CC[C@H]2[C@@H]3[C@@H](O)C[C@@H]4C[C@H](O)CC[C@]4(C)[C@H]3CC[C@]12C,12310288,C26H43NO5,449.6,4.3,107,727,4,5,6
T5240,CC(C)CCC[C@@H](C)[C@H]1CC[C@H]2[C@@H]3CCC4=CC(=O)CC[C@]4(C)[C@H]3CC[C@]12C,91477,C27H44O,384.6,8.4,17.1,630,0,1,5
T5250,O[C@@H]1[C@@H](O)[C@@H]2OC[C@@H](O2)[C@H]1O,2724705,C6H10O5,162.14,-2.1,79.2,161,3,5,0
T5274,O=C(O)[C@H](O)Cc1ccccc1,643327,C9H10O3,166.17,1.1,57.5,150,2,3,3
T5266,CCCCCCCC(=O)OCC(COC(=O)CCCCCCC)OC(=O)CCCCCCC,10850,C27H50O6,470.7,8.9,78.9,461,0,6,26
T5259,C[C@H](CCC(=O)NCC(=O)[O-])[C@H]1CC[C@H]2[C@@H]3[C@H](O)C[C@@H]4C[C@H](O)CC[C@]4(C)[C@H]3CC[C@]12C.[Na+],23664011,C26H42NNaO5,471.6,,110,733,3,5,6
T5254,C[C@H](CCC(=O)NCC(=O)[O-])[C@H]1CC[C@H]2[C@@H]3CC[C@@H]4C[C@H](O)CC[C@]4(C)[C@H]3C[C@H](O)[C@]12C.[Na+],23688465,C26H42NNaO5,471.6,,110,733,3,5,6
T5283,NC(=O)C1=CN([C@@H]2O[C@H](COP(=O)([O-])OP(=O)([O-])OC[C@H]3O[C@@H](n4cnc5c(N)ncnc54)[C@H](O)[C@@H]3O)[C@@H](O)[C@H]2O)C=CC1.[Na+].[Na+],2724710,C21H27N7Na2O14P2,709.4,,323,1210,6,19,11
T5288,Nc1ccn([C@@H]2O[C@H](COP(=O)(O)OP(=O)([O-])OP(=O)([O-])O)[C@@H](O)[C@H]2O)c(=O)n1.[Na+].[Na+],16219171,C9H14N3Na2O14P3,527.12,,274,844,5,14,8
T5303,O=S(=O)([O-])CCO.[Na+],517063,C2H5NaO4S,148.12,,85.8,121,1,4,2
T5300,O=C[O-].[NH4+],2723923,CH5NO2,63.056,,41.1,7,1,2,0
T5253,CC(CCC(=O)O)CC(=O)O,12292,C7H12O4,160.17,0.4,74.6,153,2,4,5
T5287,CC(=O)N[C@@H](CC(=O)O)C(=O)O,65065,C6H9NO5,175.14,-1.1,104,212,3,5,4
T5292,CC(=O)N[C@@H](Cc1ccc(O)cc1)C(=O)O,68310,C11H13NO4,223.22,-0.2,86.6,259,3,4,4
T5267,CC(=O)N[C@@H](CCC(=O)O)C(=O)O,70914,C7H11NO5,189.17,-1.8,104,225,3,5,5
T5269,CC(=O)N[C@@H](CCCN)C(=O)O,439232,C7H14N2O3,174.20,-4.8,92.4,170,3,4,5
T5222,CC(=O)NCCCCCN,189087,C7H16N2O,144.21,-0.3,55.1,93,2,2,5
T5305,CC(C)=CC(=O)O,10931,C5H8O2,100.12,1.2,37.3,98,1,2,1
T5232,CC(C)C(=O)C(=O)O,49,C5H8O3,116.11,0.7,54.4,115,1,3,2
T5273,CC(C)C(O)C(=O)O,99823,C5H10O3,118.13,0.5,57.5,87,2,3,2
T5294,CC(C)C[C@H](O)C(=O)O,83697,C6H12O3,132.16,0.9,57.5,98,2,3,3
T5245,CC(C)CC(=O)NCC(=O)O,546304,C7H13NO3,159.18,1.5,66.4,154,2,3,4
T5231,CC(CC(=O)O)C(=O)O,10349,C5H8O4,132.11,-0.2,74.6,129,2,4,3
T5260,CC(CCC(=O)O)C(=O)O,12046,C6H10O4,146.14,0.1,74.6,141,2,4,4
T5219,CC[C@@H](C)[C@H](N)C(=O)O,99288,C6H13NO2,131.17,-1.7,63.3,103,2,3,3
T5306,CC[C@H](N)C(=O)O,80283,C4H9NO2,103.12,-2.5,63.3,72,2,3,2
T5270,Cc1c[nH]c(=O)nc1N,65040,C5H7N3O,125.13,-0.8,67.5,204,2,2,0
T5298,Cc1cc(C(=O)O)ccc1O,68138,C8H8O3,152.15,0.9,57.5,155,2,3,1
T5304,Cc1ccc(O)cc1,2879,C7H8O,108.14,1.9,20.2,62,1,1,0
T5226,Cc1ccccc1C(=O)NCC(=O)O,91637,C10H11NO3,193.20,0.7,66.4,227,2,3,3
T5282,Cc1cn([C@@H]2O[C@H](CO)[C@@H](O)[C@H]2O)c(=O)[nH]c1=O,445408,C10H14N2O6,258.23,-1.6,119,409,4,6,2
T5281,Cc1c[nH]c2ccccc12,6736,C9H9N,131.17,2.6,15.8,122,1,0,0
T5279,CCC(C(=O)O)C(=O)O,11756,C5H8O4,132.11,0.4,74.6,115,2,4,3
T3948,CCCCCCCCCCC(=O)O,8180,C11H22O2,186.29,3.7,37.3,121,1,2,9
T3950,CCCCCCCCCCCCC(=O)O,12530,C13H26O2,214.34,4.7,37.3,143,1,2,11
T5223,CCCCCCCCCCCCCCCCCCCCC(=O)O,16898,C21H42O2,326.6,9.1,37.3,238,1,2,19
T5295,CCCCCCCCCCCCCCCCCCO,8221,C18H38O,270.5,8.4,20.2,145,1,1,16
T5236,CN1CC(=O)NC1=O,69217,C4H6N2O2,114.10,-0.9,49.4,143,1,2,0
T5233,CNC(=O)c1cccnc1,64950,C7H8N2O,136.15,0,42,125,1,2,1
T5272,COc1cccc(CCC(=O)O)c1,66336,C10H12O3,180.20,2.1,46.5,168,1,3,4
T5285,CSCCC(=O)O,563,C4H8O2S,120.17,0.4,62.6,62,1,3,3
T5257,NC(=O)NCCCC[C@H](N)C(=O)O,65072,C7H15N3O3,189.21,-3.9,118,184,4,4,6
T5265,NC(=O)CC[C@H](NC(=O)Cc1ccccc1)C(=O)O,92258,C13H16N2O4,264.28,0,109,338,3,4,7
T5284,NC(=O)NC(CC(=O)O)C(=O)O,279,C5H8N2O5,176.13,-1.9,130,214,4,5,4
T5244,NC(C(=O)O)C(=O)O,100714,C3H5NO4,119.08,-3.6,101,106,3,5,2
T5280,N[C@@H](Cc1ccc(O)c(Cl)c1)C(=O)O,110992,C9H10ClNO3,215.63,-1.8,83.6,212,3,4,3
T5276,NC(CCSSCCC(N)C(=O)O)C(=O)O,10010,C8H16N2O4S2,268.4,-5.6,177,216,4,8,9
T5286,NCC(=O)NCC(=O)O,11163,C4H8N2O3,132.12,-2.9,92.4,123,3,4,3
T5247,C[N+](C)(C)[O-].O.O,198430,C3H13NO3,111.14,,20.1,28,2,3,0
T5290,O=C(O)[C@@H](O)Cc1ccccc1,444718,C9H10O3,166.17,1.1,57.5,150,2,3,3
T5296,O=C1CCCN1,12025,C4H7NO,85.10,-0.8,29.1,69,1,1,0
T5302,O=C(O)[C@H]1CCCN1,8988,C5H9NO2,115.13,-2.5,49.3,103,2,3,1
T5251,O=C(O)C(=O)Cc1ccccc1,997,C9H8O3,164.16,1.3,54.4,180,1,3,3
T5275,O=C(O)c1ccc(C(=O)O)o1,76720,C6H4O5,156.09,0.7,87.7,167,2,5,2
T5277,O=C(O)c1ccoc1,10268,C5H4O3,112.08,1,50.4,99,1,3,1
T5291,O=C(O)CC(=O)O,867,C3H4O4,104.06,-0.8,74.6,83,2,4,2
T5308,O=C(O)Cc1ccccc1O,11970,C8H8O3,152.15,0.9,57.5,144,2,3,2
T5297,O=C(O)CCc1c[nH]c2ccccc12,3744,C11H11NO2,189.21,1.8,53.1,217,2,2,3
T5237,O=C(O)CCCCCCCCCCCCCCC(=O)O,10459,C16H30O4,286.41,5.4,74.6,225,2,4,15
T5221,O=C(O)CNC(=O)c1ccccc1O,10253,C9H9NO4,195.17,0.9,86.6,229,3,4,3
T5217,O=C(O)CNC(=O)Cc1ccccc1,68144,C10H11NO3,193.20,0.7,66.4,209,2,3,4
T5263,O=C(O)C(O)c1ccc(O)cc1,328,C8H8O4,168.15,0.3,77.8,160,3,4,2
T5268,OC[C@@H](O)C(O)[C@H](O)CO,94154,C5H12O5,152.15,-2.5,101,76,5,5,4
T5293,OC[C@H]1O[C@H](O[C@H]2[C@H](O)[C@@H](O)[C@@H](O[C@H]3[C@H](O)[C@@H](O)C(O)O[C@@H]3CO)O[C@@H]2CO)[C@H](O)[C@@H](O)[C@@H]1O,439586,C18H32O16,504.4,-6.9,269,641,11,16,7
T5278,O=C(O)c1ccc(CO)o1,80642,C6H6O4,142.11,0,70.7,134,2,4,2
T5255,O=c1[nH]cc(CO)c(=O)[nH]1,78168,C5H6N2O3,142.11,-1.9,78.4,209,3,3,1
T5196,COC(=O)c1ccc(C(c2c[nH]c3ccccc23)c2c[nH]c3ccccc23)cc1,15637614,C25H20N2O2,380.4,5.4,57.9,541,2,2,5
T5199,COC(=O)C1=C(C(=O)OC)[C@@]2([C@@H](Cc3ccc(C)cc3)Nc3ccccc3)C=C[C@@H]1O2,60156415,C25H25NO5,419.5,4,73.9,745,1,6,9
T5206,Oc1n[nH]c2cc(F)ccc12,24728218,C7H5FN2O,152.13,1.3,41.1,185,2,3,0
T5198,Nc1nc(=O)n(-c2cccc(-c3ccccc3)c2)cc1Cl,138319673,C16H12ClN3O,297.74,2.9,58.7,468,1,1,2
T5202,c1c[nH]cn1,795,C3H4N2,68.08,-0.1,28.7,28,1,1,0
T5203,O=C([O-])C(O)C(O)C(=O)[O-].[Na+].[Na+],13355,C4H4Na2O6,194.05,,121,123,2,6,1
T5228,O=C(O)CNC(=O)c1cccnc1,68499,C8H8N2O3,180.16,-0.4,79.3,206,2,4,3
T5252,O=C(O)CCCCCCCCCCCC(=O)O,10458,C13H24O4,244.33,3.7,74.6,191,2,4,12
T5289,CC(=O)N[C@@H](CCCNC(=N)N)C(=O)O.O.O,16218842,C8H20N4O5,252.27,,133,261,6,6,6
T5225,NCCS(=O)O,107812,C2H7NO2S,109.15,-1.5,82.5,55,2,4,2
T5224,CCCCC(O)C(=O)O,99824,C6H12O3,132.16,1,57.5,90,2,3,4
T5248,C[C@@H](O)CC(=O)O,92135,C4H8O3,104.10,-0.5,57.5,69,2,3,2
T5220,C[C@@H](O)C(=O)[O-].[Na+],23666457,C3H5NaO3,112.06,,60.4,63,1,3,1
T5239,CC(C)CCC[C@@H](C)[C@H]1CC[C@H]2[C@@H]3CC=C4C[C@@H](OS(=O)(=O)[O-])CC[C@]4(C)[C@H]3CC[C@]12C.[Na+],23679068,C27H45NaO4S,488.7,,74.8,818,0,4,7
T5213,CC(=O)OP(=O)([O-])[O-].[K+].[Li+],6098323,C2H3KLiO5P,184.1,,89.5,122,0,5,1
T5227,CCCCCCCCCC(=O)OCC(COC(=O)CCCCCCCCC)OC(=O)CCCCCCCCC,69310,C33H62O6,554.8,12.2,78.9,543,0,6,32
T5264,C[C@]12CC[C@@H](O)C[C@@H]1CC[C@@H]1[C@@H]2CC[C@]2(C)C(=O)CC[C@@H]12,5879,C19H30O2,290.4,3.7,37.3,458,1,2,0
T5318,Cl.NCCCOc1cc2ccccc2cc1C(=O)NCCOc1cc2ccccc2cc1C(=O)Nc1ccc(Cl)cc1O,71566396,C33H31Cl2N3O5,620.5,,123,879,5,6,11
T5312,CCOc1ccc2c(-c3cccc(F)c3)nn(CC(=O)N(C)c3ccc4nc(C)oc4c3)c(=O)c2c1,86298861,C27H23FN4O4,486.5,4.6,88.2,856,0,7,6
T5192,CC[C@H](C)[C@H](NC(=O)[C@@H]1CCCN1C(=O)[C@H](Cc1ccccc1)NC(=O)[C@H](CO)NC(=O)[C@H](CCCCN)NC(=O)[C@H](CC(=O)O)NC(=O)[C@H](Cc1ccc(O)cc1)NC(=O)[C@H](CS)NC(=O)[C@@H](N)C(C)C)C(=O)N[C@@H](CO)C(=O)N[C@@H](Cc1cnc[nH]1)C(=O)N[C@H](C(=O)N[C@@H](CCCNC(=N)N)C(=O)O)C(C)C,25088334,C70H107N19O19S,1550.8,-6.7,622,3070,22,24,47
T5313,Cc1cc(OCC(=O)O)cc(C)c1Cc1ccc(O)c(C(C)C)c1,9862248,C20H24O4,328.4,4.9,66.8,396,2,4,6
T5207,COc1cc(-c2cc(-c3ccc(Cl)cc3)nc(=O)[nH]2)ccc1O,137287575,C17H13ClN2O3,328.7,3.1,70.9,512,2,3,3
T5324,O=C(NCc1ccc(F)cc1)C1CCN(S(=O)(=O)c2cc(Cl)cc(Cl)c2)CC1,134604213,C19H19Cl2FN2O3S,445.3,3.7,74.9,620,1,5,5
T5310,COc1cccc(OC)c1-c1ccc(C[C@H](NC(=O)c2c(Cl)cccc2Cl)C(=O)O)cc1,9912743,C24H21Cl2NO5,474.3,5.6,84.9,606,2,5,8
T5323,Cc1cccc(N2CC(CO)OC2=O)c1,34521,C11H13NO3,207.23,1.2,49.8,244,1,3,2
T5327,COS(=O)(=O)[O-].COc1cc(N)cn[n+]1-c1ccccc1,71926,C12H15N3O5S,313.33,,127,285,1,7,2
T5317,O=C(O)Cn1c2ccccc2c(=O)c2ccccc21,38072,C15H11NO3,253.25,2.7,57.6,356,1,4,2
T5180,Nc1nc2c(ccc3ccccc32)s1,94880,C11H8N2S,200.26,3.3,67.2,221,1,3,0
T5048,COc1ccc2cc(S(=O)(=O)N[C@H](CC(=O)N[C@H](Cc3ccc(CN4[C@H](C)CCC[C@@H]4C)cc3)C(=O)N(C)C(C)C)c3ccc4c(c3)OCO4)ccc2c1.Cl,44235958,C42H53ClN4O7S,793.4,,135,1330,3,9,14
T5320,C=C1CCOC1=O,68352,C5H6O2,98.10,0.8,26.3,115,0,2,0
T5191,CN(C)CCc1nnc2cc(-c3ccccc3)c3cc(Cl)ccc3n12,12612431,C20H19ClN4,350.8,5.1,33.4,439,0,3,4
T5315,CCOC(=O)NC(=O)c1ccsc1NC(=O)c1nc2ccccc2s1,4557640,C16H13N3O4S2,375.4,3.9,154,534,2,7,5
T5336,COc1cc(N)c(Cl)cc1C(=O)NC1CN2CCC1CC2.Cl,9928181,C15H21Cl2N3O2,346.2,,67.6,387,3,4,3
T5334,Cc1ncsc1-c1ccc(CNC(=O)[C@@H]2C[C@@H](O)CN2C(=O)[C@H](C(C)C)N2Cc3ccccc3C2=O)cc1,71667162,C29H32N4O4S,532.7,3.3,131,879,2,6,7
T5337,Cc1nc(-c2nc(-c3ccc(OC(F)(F)F)cc3)no2)nn1Cc1cccc(N2CCC(S(C)(=O)=O)CC2)c1,86711931,C25H25F3N6O4S,562.6,4.8,125,908,0,12,7
T5345,Cc1cccc(COc2ccccc2CN(CC[C@H](N)C(=O)O)Cc2ccccc2OCc2cccc(C)c2)c1,127035871,C34H38N2O4,538.7,3.7,85,687,2,6,14
T5362,COc1cc2onc(C)c2cc1NS(=O)(=O)c1cc(Br)ccc1OC,134159768,C16H15BrN2O5S,427.3,3.3,99,557,1,7,5
T5319,Cc1cc(S(C)(=O)=O)c(S(C)(=O)=O)cc1C(=O)NC(=N)N,9799487,C11H15N3O5S2,333.4,-0.3,167,638,2,5,3
T5333,Cc1cc(S(C)(=O)=O)c(S(C)(=O)=O)cc1C(=O)NC(=N)N.Cl,9799486,C11H16ClN3O5S2,369.8,,167,638,3,5,3
T5328,O=P(O)(O)OC(Cn1cncn1)(Cn1cncn1)c1ccc(F)cc1F,214356,C13H13F2N6O4P,386.25,-0.6,128,511,2,10,7
T5209,CCc1ccc(NC(=O)Nc2ccccc2)cc1,295048,C15H16N2O,240.30,3.8,41.1,253,2,1,3
T5342,O=C(Cn1nnc(-c2ccncc2)c1-c1ccccc1)Nc1ccc(-c2ccccc2)cn1,134154594,C26H20N6O,432.5,3.8,85.6,614,1,5,6
T5356,CN1CCc2cc(Nc3ncc(C4CC4)c(NCCCNC(=O)C4CCC4)n3)ccc2C1.Cl,121230974,C25H35ClN6O,471.0,,82.2,624,4,6,9
T5335,CC(C)[C@@H]1CC[C@@H](C)C[C@H]1OC(=O)Cn1c(-c2cccc(C(F)(F)F)c2)[n+](C)c2ccccc21.[I-],137628665,C27H32F3IN2O2,600.5,,35.1,700,0,6,6
T5321,C=C1CC(=O)OC1=O,75110,C5H4O3,112.08,0.2,43.4,169,0,3,0
T5343,O=S(=O)(NCCN1CCNCC1)c1ccc(NC2CCCCC2)c(NCc2ccccc2)c1,137701965,C25H37N5O2S,471.7,3.5,93.9,652,4,7,10
T5210,OC(CN1CCNCC1)Cn1c2ccc(Br)cc2c2cc(Br)ccc21,2729027,C19H21Br2N3O,467.2,3.4,40.4,422,2,3,4
T5326,O=C([O-])CCSC[C@H]1O[C@@H]2O[C@H]3[C@H](O)[C@@H](O)[C@@H](O[C@H]4[C@H](O)[C@@H](O)[C@@H](O[C@H]5[C@H](O)[C@@H](O)[C@@H](O[C@H]6[C@H](O)[C@@H](O)[C@@H](O[C@H]7[C@H](O)[C@@H](O)[C@@H](O[C@H]8[C@H](O)[C@@H](O)[C@@H](O[C@H]9[C@H](O)[C@@H](O)[C@@H](O[C@H]1[C@H](O)[C@H]2O)O[C@@H]9CSCCC(=O)[O-])O[C@@H]8CSCCC(=O)[O-])O[C@@H]7CSCCC(=O)[O-])O[C@@H]6CSCCC(=O)[O-])O[C@@H]5CSCCC(=O)[O-])O[C@@H]4CSCCC(=O)[O-])O[C@@H]3CSCCC(=O)[O-].[Na+].[Na+].[Na+].[Na+].[Na+].[Na+].[Na+].[Na+],6918584,C72H104Na8O48S8,2178.0,,995,2790,16,56,32
T5360,CC(C)c1cc(Oc2c(Br)cc(NC(=O)CC(=O)O)cc2Br)ccc1O,10299876,C18H17Br2NO5,487.1,5,95.9,492,3,5,6
T5352,C[C@H](CCC(=O)NCC(=O)O)[C@H]1CC[C@H]2[C@@H]3CCC4C[C@H](O)CC[C@]4(C)[C@H]3C[C@H](O)[C@]12C,18602029,C26H43NO5,449.6,4.3,107,727,4,5,6
T5340,COc1ccc2c(C)nc(NC(=N)N)nc2c1,2835211,C11H13N5O,231.25,0.7,99.4,292,2,4,2
T5211,S=C(Nc1ccccn1)c1ccccn1,750538,C11H9N3S,215.28,1.9,69.9,220,1,3,2
T5322,NC(=O)C1CCN(CC(=O)Nc2ccc(Br)cc2)CC1,795875,C14H18BrN3O2,340.22,2.1,75.4,348,2,3,4
T5208,O=C(Nc1ccccc1C(=O)O)c1cc(S(=O)(=O)c2ccccc2)ccc1Cl,992293,C20H14ClNO5S,415.8,4.3,109,671,2,5,5
T5361,COc1cccc(CNC(=O)c2nc3scc(COCc4ccc(C(=O)O)cc4)c3c(=O)[nH]2)c1,11525848,C24H21N3O6S,479.5,2.6,155,785,3,8,9
T5330,Cc1cc(C2=NOC(c3cc(Cl)cc(Cl)c3)(C(F)(F)F)C2)ccc1C(=O)NCC(=O)NCC(F)(F)F,25144319,C22H17Cl2F6N3O3,556.3,5.6,79.8,846,2,10,6
T5344,COCCOCCOc1ccc(C2=N[C@@](C)(C(=O)O)CS2)c(O)c1,135511704,C16H21NO6S,355.4,1.3,123,460,2,8,9
T5388,O=C(O)c1ccc(C(=O)O)nc1,7493,C7H5NO4,167.12,0.2,87.5,204,2,5,2
T5359,Brc1ccc(Nc2nc(-c3ccccc3)cs2)cc1,4456143,C15H11BrN2S,331.2,5.2,53.2,275,1,3,3
T5366,Cc1cc(Cc2cc(C)cc(C(C)(C)C)c2O)c(O)c(C(C)(C)C)c1,8398,C23H32O2,340.5,7.2,40.5,390,2,2,4
T5367,COc1ccc(O)c(C(C)(C)C)c1,8456,C11H16O2,180.24,3.2,29.5,160,1,2,2
T5358,CC(C)n1cnc2c(NCc3cccc(C(F)(F)F)c3)ncnc21,49830252,C16H16F3N5,335.33,3.5,55.6,417,1,7,4
T5353,O=C(OC(C(F)(F)F)C(F)(F)F)N1CCN(Cc2ccc(C(F)(F)F)cc2N2CCCC2)CC1,71657619,C20H22F9N3O2,507.4,5.2,36,670,0,13,5
T5382,C=CC(=O)N1C[C@H](Nc2ncnc3[nH]ccc23)CC[C@@H]1C,118115473,C15H19N5O,285.34,2.1,73.9,402,2,4,3
T5365,O=C1N[C@H](C(=O)O)CS1,72390,C4H5NO3S,147.15,-0.1,91.7,158,2,4,1
T5364,CC(C)(C)c1cc(O)ccc1O,16043,C10H14O2,166.22,2.8,40.5,148,2,2,1
T5374,CCCCN1CCC(N(Cc2ccccc2)C(=O)Nc2ccc(Cl)c(Cl)c2)CC1,126711307,C23H29Cl2N3O,434.4,5.7,35.6,493,1,2,7
T5332,Cc1ccc(C(=O)NO)cc1NCc1ccccc1,134159676,C15H16N2O2,256.30,2.6,61.4,290,3,3,4
T5363,CC1(C)CCCC(C)(C)N1[O],549976,C9H19NO,157.25,1.4,23.5,136,1,2,0
T5235,COc1ccc2[nH]cc(CC(N)C(=O)O)c2c1,119802,C12H14N2O3,234.25,-0.8,88.3,285,3,4,4
T5384,Cc1ccc2c(c1)C1(CCN(CCc3nc(-c4ccccc4)oc3C)CC1)OC(=O)N2,9953769,C25H27N3O3,417.5,4.3,67.6,630,1,5,4
T5372,C[Se]CC[C@H](N)C(=O)O,105024,C5H11NO2Se,196.12,,63.3,97,2,3,4
T5370,O[C@H](CS)[C@H](O)CS,446094,C4H10O2S2,154.3,-0.4,42.5,52,4,4,3
T4957,CC(C)c1cc2c(c(O)c1O)[C@@]1(C(=O)O)CCCC(C)(C)[C@@H]1CC2,65126,C20H28O4,332.4,4.9,77.8,500,3,4,2
T5357,O=C(Nc1ccccc1)c1ccc(Nc2nnc(-c3ccc(O)cc3)c3ccccc23)cc1,1386351,C27H20N4O2,432.5,5.1,87.1,624,3,5,5
T5377,C=C(CC(=O)OC)C(=O)OC,69240,C7H10O4,158.15,0.5,52.6,183,0,4,5
T5379,O=C1CCC(NC(=O)Cc2ccccc2)C(=O)N1,157096,C13H14N2O3,246.26,0.4,75.3,348,2,3,3
T5371,CCCCS(=N)(=O)CC[C@H](N)C(=O)O,119565,C8H18N2O3S,222.31,-0.6,113,284,3,5,7
T5331,O=C(Nc1nnc(-c2ccc(F)cc2)o1)c1ccc(Cl)cc1,4128171,C15H9ClFN3O2,317.70,3.3,68,385,1,5,3
T5380,Cc1ccc(C(=O)Oc2ccc(C(CN(C)C)C3(O)CCCCC3)cc2)cc1.Cl,56955395,C24H32ClNO3,418.0,,49.8,484,2,4,7
T5386,CC(C)Oc1ccc(S(=O)(=O)N2CCN(c3ccc(-c4ncco4)c(OCC(=O)O)c3)CC2)cc1,59232326,C24H27N3O7S,501.6,3.1,131,789,1,10,9
T5394,Cc1oc(=O)oc1CN1CCN(c2cc3c(cc2F)c(=O)c(C(=O)O)c2n3C(C)S2)CC1,65947,C21H20FN3O6S,461.5,1,125,930,1,11,4
T5400,CCc1nc2ccc(Cl)cn2c1C(=O)NCc1ccc(N2CCC(c3ccc(OC(F)(F)F)cc3)CC2)cc1,68234908,C29H28ClF3N4O2,557.0,7.9,58.9,796,1,7,7
T5389,COc1cccc([C@H](O)C2CCN(CCc3ccc(F)cc3)CC2)c1OC,5311271,C22H28FNO3,373.5,3.9,41.9,422,1,5,7
T5401,CC(C)(C)S(=O)(=O)c1cc2c(Nc3ccc4scnc4c3)ncnc2cc1OCCO,71258526,C21H22N4O4S2,458.6,3.4,151,711,2,9,7
T5413,O=C(Nc1ccc(F)c(C(F)(F)F)c1)Nc1nnc(-c2ccncc2)s1,49852229,C15H9F4N5OS,383.3,2.8,108,491,2,9,3
T5392,O=C(O)CNC(=O)C1=C(O)CCN(Cc2ccc(Oc3ccc(Cl)cc3)nc2)C1=O,73052863,C20H18ClN3O6,431.8,2.8,129,692,3,7,7
T5410,CNc1cc2c(Nc3cccc(Br)c3)ncnc2cn1,4707,C14H12BrN5,330.18,3.4,62.7,316,2,5,3
T5393,Fc1ccc(-c2nc(-c3ccc4ccccc4c3F)[nH]c2-c2ccncc2)cc1,118303686,C24H15F2N3,383.4,5.4,41.6,532,1,4,3
T5399,CC(=O)Nc1ccccc1-c1cccc2c1[nH]c1ccccc12,135397654,C20H16N2O,300.4,4.2,44.9,437,2,1,2
T5405,CN(C)C(=O)Cn1cc(-c2ccc(-c3cncc4ccccc34)cc2)cn1,132180482,C22H20N4O,356.4,3.3,51,503,0,3,4
T5409,COCCOc1cc(F)c2c(Nc3ccc(NC(=O)Cn4cc(C(C)C)nn4)cc3)ncnc2c1,134814269,C24H26FN7O3,479.5,3.3,116,667,2,9,10
T5385,O=C(Nc1ccc2[nH]c(=O)oc2c1)C(=O)N1CCC(Cc2ccc(F)cc2)CC1,10200813,C21H20FN3O4,397.4,3,87.7,629,2,5,3
T5383,CC(Nc1nc(N2CCNCC2)nc2ccccc12)c1ccccc1,2950121,C20H23N5,333.4,3.6,53.1,405,2,5,4
T5391,CC(C)COCC(CN(Cc1ccccc1)c1ccccc1)N1CCCC1.Cl,50088,C24H35ClN2O,403.0,,15.7,382,1,3,10
T5397,Cc1ccc(N2CCN(Cc3nc4ccccc4[nH]3)CC2)cc1C,11301655,C20H24N4,320.4,3.7,35.2,406,1,3,3
T5258,O=C([O-])CCCCCCCCCCC(=O)[O-].[NH4+].[NH4+],6453865,C12H28N2O4,264.36,,82.3,168,2,4,9
T5230,O=C(O)C(O)Cc1c[nH]c2ccccc12,92904,C11H11NO3,205.21,1.5,73.3,244,3,3,3
T5412,O=C(NOCCO)c1cc(CN2OCCCC2=O)c(F)c(F)c1Nc1ccc(I)cc1F,11548630,C20H19F3IN3O5,565.3,3,100,652,3,9,8
T5396,COc1cccc(N2CCN(C3=Nc4c(F)cccc4[C@H](CC(=O)O)N3c3cc(C(F)(F)F)ccc3OC)CC2)c1,45138674,C29H28F4N4O4,572.5,4.6,77.8,931,1,10,7
T5403,O=C(N[C@@H](C1CC1)C(F)(F)F)c1cc(-c2cnn3cc(-c4ccc(F)cc4)cnc23)cs1,137628686,C22H16F4N4OS,460.4,4.9,87.5,685,1,8,5
T5395,CC(=O)c1c(C)c2cnc(Nc3ccc(N4CCN(CCOCCOCCOCCNC(=O)COc5cccc6c5C(=O)N(C5CCC(=O)NC5=O)C6=O)CC4)cn3)nc2n(C2CCCC2)c1=O,137628658,C47H56N10O11,937.0,1.1,244,1870,3,17,21
T5428,C[C@@H]1CCNC(=O)c2cc3ccc(C(=O)Nc4nc5ccccc5n4CCCN(C)C)cc3n21,53246941,C26H30N6O2,458.6,3.1,84.2,747,2,4,6
T5419,O=C(NCCN1CCCC1)c1cc(-c2ccc(CN3CCOCC3)cc2)nc2ccc(F)cc12,71748268,C27H31FN4O2,462.6,3.2,57.7,647,1,6,7
T5420,CC1(C)N=C(N)N=C(N)N1c1ccc(Cl)cc1.Cl,9048,C11H15Cl2N5,288.17,,80,355,3,1,1
T5414,Cn1cc(-c2cnc3cnn(S(=O)(=O)c4cnc5ccc(-c6cnn(C)c6)cn45)c3c2)cn1,117797905,C21H17N9O2S,459.5,1.9,126,825,0,7,4
T5417,CN1C(=O)C(C)(C)Oc2c(-c3cn(C)c(=O)c4[nH]ccc34)cc(S(C)(=O)=O)cc21,118467751,C20H21N3O5S,415.5,0.8,108,862,1,5,2
T5418,CNCc1ccccc1-c1csc([C@@H](C)Nc2nc(C)nc3cc(OC)c(OC)cc23)c1,137322663,C25H28N4O2S,448.6,4.8,96.5,584,2,7,8
T5429,O=C(O[C@@H]1Cc2c(O)cc(O)cc2O[C@@H]1c1cc(O)c(=O)c2c(O)c(O)cc([C@H]3Oc4cc(O)cc(O)c4C[C@H]3OC(=O)c3cc(O)c(O)c(O)c3)c2c1)c1cc(O)c(O)c(O)c1,135403795,C43H32O20,868.7,4.7,351,1730,13,20,8
T5416,O=C(O)CCc1cc(C(=O)c2ccc(OC3CCCC3)cc2O)ccc1OCc1ccc2c(=O)[nH]oc2c1,23626877,C29H27NO8,517.5,5.1,131,844,3,8,10
T5215,O=C(O)CNCCC(=O)c1ccccc1,1608347,C11H13NO3,207.23,-1.6,66.4,222,2,4,6
T5415,N.N[C@@H](CCC(=O)Nc1ccc([N+](=O)[O-])c(C(=O)O)c1)C(=O)O,16213644,C12H16N4O7,328.28,,177,462,5,9,6
T5404,O=C(NCCN1CCCC1)c1cc(-c2ccc(CN3CCOCC3)cc2)nc2ccc(F)cc12.O=C(O)CCC(=O)O,138319698,C31H37FN4O6,580.6,,132,739,3,10,10
T5518,CC(=O)N[C@@H](CS)C(N)=O,10176265,C5H10N2O2S,162.21,-0.3,73.2,149,3,3,3
T5532,COC(=O)N(CC(=O)O)Cc1cccc(OCc2nc(-c3ccc(Cl)cc3)oc2C)c1,16725047,C22H21ClN2O6,444.9,3.8,102,601,1,7,9
T5S1645,COc1ccc(C(C)=O)c(O[C@@H]2O[C@H](CO[C@@H]3OC[C@](O)(CO)[C@H]3O)[C@@H](O)[C@H](O)[C@H]2O)c1,46883331,C20H28O12,460.4,-2.4,185,634,6,12,8
T4515,CNC(=O)c1cccc(NC(=O)N2CCC(Oc3ccccc3Cl)CC2)c1,24905400,C20H22ClN3O3,387.9,3.2,70.7,511,2,3,4
T6S2115,C[C@@H]1C(=O)O[C@H]2C[C@]34[C@@H]5OC(=O)[C@]3(O[C@@H]3OC(=O)[C@H](O)[C@@]34[C@H](C(C)(C)C)[C@H]5O)[C@]21O,11154476,C20H24O10,424.4,-0.4,149,925,3,10,1
T5349,NC(CO)(CO)CO.NC(CO)(CO)CO.Nc1nccc(Oc2ccc(NC(=O)c3cn(COP(=O)(O)O)cc(-c4ccc(F)cc4)c3=O)cc2F)c1Cl,131845143,C32H40ClF2N6O13P,821.1,,338,1080,12,20,14
T5495,Cl.Cl.OCCOCCN1CCN(C(c2ccccc2)c2ccccc2)CC1,83104,C21H30Cl2N2O2,413.4,,35.9,328,3,4,8
T5492,C=C(C)C(=O)Nc1cccc(-c2ncnc3[nH]cc(C(=O)OCC)c23)c1,89629876,C19H18N4O3,350.4,2.7,97,553,2,5,6
T5421,CNC(=O)c1ccc(-c2cnc3cnc(C(=O)N(C)c4ccc(Cl)cc4)cn23)cc1,90157166,C22H18ClN5O2,419.9,3.6,79.6,619,1,4,4
T5424,CCOCCOc1ccccc1C(N)=O,208946,C11H15NO3,209.24,1.1,61.6,196,1,3,6
T5494,CN1CCN(c2cc(-c3ccncc3)c(-c3ccc4ccccc4c3)nn2)CC1,86270361,C24H23N5,381.5,3.6,45.2,513,0,5,3
T7026,NCCCN(CCCCNCCCNC(=O)CCc1ccc(O)c(O)c1)C(=O)CCc1ccc(O)c(O)c1,10346914,C28H42N4O6,530.7,1.5,168,669,7,8,18
T5491,CCOc1cc(=O)[nH]cc1-c1ccc(CC(=O)Nc2cc(C(C)(C)C(F)(F)F)on2)c(F)c1,78427026,C22H21F4N3O4,467.4,3.4,93.5,812,2,9,7
T4S0217,COc1c(O[C@@H]2O[C@H](CO)[C@@H](O)[C@H](O)[C@H]2O)cc2oc(-c3ccc(O)cc3)cc(=O)c2c1O,5318083,C22H22O11,462.4,0.8,175,721,6,11,5
T5354,Nc1ccc(-c2cccc(C(=O)Nc3cnc4nc(N5CCOCC5)oc4c3)n2)cn1,118224238,C21H19N7O3,417.4,1.5,132,620,2,9,4
T5538,CN(CCCCCCNc1ccnc2cc(Cl)ccc12)CCCCCCNc1ccnc2cc(Cl)ccc12,130467298,C31H39Cl2N5,552.6,8.3,53.1,587,2,5,16
T5497,C=C[C@H]1[C@H](O[C@@H]2O[C@H](CO)[C@@H](O)[C@H](O)[C@H]2OC(=O)c2c(O)cc(O)cc2-c2cccc(O)c2)OC=C2C(=O)OCC[C@H]21,115149,C29H30O13,586.5,2.4,202,1020,6,13,8
T5522,O=C(NCCc1ccc(O)cc1)[C@@H]1CCC2=Nc3ccc(Br)cc3CN21,145710206,C20H20BrN3O2,414.3,2.7,64.9,547,2,3,4
T3459,COCCSC1=C(C)C(=O)c2ccccc2C1=O,9903359,C14H14O3S,262.33,1.9,68.7,387,0,4,4
T5422,O=C(Nc1ccccc1)c1ccc(NC(=O)c2ccc(Cl)cc2Cl)cc1,1375606,C20H14Cl2N2O2,385.2,5.3,58.2,488,2,2,4
T5425,Fc1ccc(Nc2nc(-c3ccncc3)nc3ccccc23)cc1F,921541,C19H12F2N4,334.3,4.2,50.7,432,1,6,3
T5490,O=C(Nc1cccc(Br)c1)c1cccc(S(=O)(=O)N2CCCCCC2)c1,1328033,C19H21BrN2O3S,437.4,3.8,74.9,570,1,4,4
T5528,Oc1cc(O)c2cc(O)c(-c3ccc(O)c(O)c3)[o+]c2c1.[Cl-],68247,C15H11ClO6,322.69,,102,364,5,6,1
T5521,Nc1nc(-c2ccccc2)c(Br)c(=O)[nH]1,135413497,C10H8BrN3O,266.09,1.2,67.5,343,2,2,1
T3679,CCCC(=O)c1ccc(F)cc1,68498,C10H11FO,166.19,2.5,17.1,148,0,2,3
T4S0758,O=c1c(O[C@@H]2O[C@H](CO)[C@@H](O)[C@H](O)[C@H]2O)c(-c2ccc(O)c(O)c2)oc2cc(O[C@@H]3O[C@H](CO[C@@H]4O[C@H](CO)[C@@H](O)[C@H](O)[C@H]4O)[C@@H](O)[C@H](O)[C@H]3O)cc(O)c12,131637041,C33H40O22,788.7,-3.6,365,1340,14,22,10
T9116,O=C(ON1C(=O)CCC1=O)C1CCC(CN2C(=O)C=CC2=O)CC1,125175,C16H18N2O6,334.32,-0.1,101,598,0,6,5
T4S1718,O=C1OCC2OC(O)C(O)C(O)C2OC(=O)c2cc(O)c(O)c(O)c2-c2c(O)c(O)c3oc(=O)c4c(c(O)c(O)c5oc(=O)c2c3c54)-c2c1cc(O)c(O)c2O,5388496,C34H22O22,782.5,-0.3,377,1580,13,22,0
T2S2295,C[C@H]1CC[C@@]2(OC1)O[C@H]1C[C@H]3[C@@H]4CC[C@@H]5C[C@@H](O[C@@H]6O[C@H](CO)[C@H](O)[C@H](O)[C@H]6O)CC[C@]5(C)[C@H]4CC[C@]3(C)[C@H]1[C@@H]2C,71767755,C33H54O8,578.8,4.9,118,979,4,8,3
T5423,NCC1CCC(CNc2nc(NCc3ccccc3OC(F)(F)F)ncc2[N+](=O)[O-])CC1,10253430,C20H25F3N6O3,454.4,4.7,131,586,3,11,8
T5493,COc1ccc2nc3cc(Cl)ccc3c(Nc3cc(CN4CCCC4)c(O)c(CN4CCCC4)c3)c2n1,107771,C29H32ClN5O2,518.0,5.3,73.8,707,2,7,7
T5514,CC(C)[C@@H](C)[C@@H](O)[C@H](O)[C@@H](C)[C@H]1CC[C@H]2[C@@H]3COC(=O)[C@H]4C[C@H](O)[C@H](O)C[C@]4(C)[C@H]3CC[C@]12C,443055,C28H48O6,480.7,4.8,107,755,4,6,5
T5446,Nc1c(S(=O)(=O)O)cc(Nc2ccc(Nc3nc(Cl)nc(Nc4ccccc4S(=O)(=O)O)n3)c(S(=O)(=O)O)c2)c2c1C(=O)c1ccccc1C2=O,172469,C29H20ClN7O11S3,774.2,4.9,323,1640,7,18,9
T4262,NC(=O)CS(=O)C(c1ccc(F)cc1)c1ccc(F)cc1,13271852,C15H13F2NO2S,309.3,1.9,79.4,356,1,5,5
T5347,Cc1nn(C)cc1CN1CCC(c2ccc(C(=O)Nc3ccccc3N)cc2)CC1,16225380,C24H29N5O,403.5,2.9,76.2,556,2,4,5
T5448,CN(C)c1cccc(F)c1C(=O)NC(=O)Nc1ccc(Cl)cc1,68684,C16H15ClFN3O2,335.76,3.9,61.4,428,2,4,3
T5450,CC(C)(C)NCC(O)COc1cccc2c1C(=O)OC2.Cl,193930,C15H22ClNO4,315.79,,67.8,339,3,5,6
T5451,COc1cccc(-c2cnc3c(-c4cccnc4)cnn3c2N)c1,11594862,C18H15N5O,317.3,2.1,78.3,422,1,5,3
T5452,Nc1c(-c2cccc(O)c2)cnc2c(-c3cccnc3)cnn12,11638044,C17H13N5O,303.32,1.8,89.3,408,2,5,2
T5453,Cc1nc2c(=O)n(C)c(=O)nc-2n(C)n1,460747,C8H9N5O2,207.19,-0.7,77.7,448,0,3,0
T5454,CCCCCc1ccc(C=CC(=O)Nc2ccccc2C(=O)O)cc1,1974,C21H23NO3,337.4,6.4,66.4,452,2,3,8
T5455,O=C1C(=Nc2cccc(C(F)(F)F)c2)c2ccccc2N1c1ccccc1,1471834,C21H13F3N2O,366.3,5.2,32.7,582,0,5,2
T5456,CNc1nc(-c2cc(C(=O)N3CCN(Cc4ccc(Cl)cc4)CC3)c(Cl)cn2)cs1,133080583,C21H21Cl2N5OS,462.4,3.9,89.6,572,1,6,5
T5457,CCOC(=O)C1CSC(Cc2ccc(OCc3ccc([N+](=O)[O-])cc3)cc2)N1,10222761,C20H22N2O5S,402.5,4,119,513,1,7,8
T5458,COc1cc(OC)nc(O[C@H](C(=O)O)C(OC)(c2ccccc2)c2ccccc2)n1,177236,C22H22N2O6,410.4,3.6,100,506,1,8,9
T5460,COc1ccc(-c2noc(CC(=O)O)c2-c2ccc(OC)cc2)cc1,4237,C19H17NO5,339.3,3.1,81.8,430,1,6,6
T5461,CCc1c(-c2ccc3[nH]ncc3c2)cnc(N)c1-c1ccc(O)cc1,122531786,C20H18N4O,330.4,3.8,87.8,439,3,4,3
T5462,C=CC(=O)Nc1cc(Nc2nccc(-c3cn(C4CC4)c4ccccc34)n2)c(OC)cc1N(C)CCN(C)C,121280087,C30H35N7O2,525.6,4.2,87.6,823,2,7,11
T5463,CC(C)OCCn1c(=S)[nH]c(=O)c2[nH]ccc21,11528958,C11H15N3O2S,253.32,1,89.5,322,2,3,4
T5464,COc1ccccc1-c1nc(=Nc2ccccc2)sn1-c1ccccc1OC,10110895,C22H19N3O2S,389.5,5.1,71.7,576,0,4,5
T5467,O=C(NCCN1CCOCC1)Nc1nc2ccc(Sc3nnc4ccc(-c5ccc(F)cc5)nn34)cc2s1,25182860,C25H23FN8O2S2,550.6,3.4,163,790,2,10,7
T5468,CCOc1cccc(OCCN(C)C)c1C(=O)Nc1ccc(Cl)c(C(F)(F)F)c1,53230697,C20H22ClF3N2O3,430.8,4.6,50.8,522,1,7,8
T5469,Oc1ccccc1C(=S)N1CCCC1,551134,C11H13NOS,207.29,2.1,55.6,213,1,2,1
T5471,N=C(N)NN=Cc1c(Cl)cccc1Cl,3517,C8H8Cl2N4,231.08,1.7,76.8,227,2,2,2
T5472,Nc1cc(C(F)F)c(-c2nc(N3[C@@H]4CC[C@H]3COC4)nc(N3[C@@H]4CC[C@H]3COC4)n2)cn1,122412735,C21H25F2N7O2,445.5,2.2,103,616,1,11,4
T5473,COc1cc(OC)c(F)c(COc2cnc(Nc3cnn(CCO)c3)nc2)c1F,71736582,C18H19F2N5O4,407.4,1.2,104,473,2,10,9
T5474,COc1ccc(Cc2ccc(NC(N)=O)cc2)cc1-c1cccc(Cl)c1,57703712,C21H19ClN2O2,366.8,4.7,64.4,453,2,2,5
T5475,COc1cc2c(Nc3ccc(Br)cc3F)ncnc2cc1OCCn1ccnn1,5329032,C19H16BrFN6O2,459.3,3.5,87,523,1,8,7
T5477,COc1cc2[nH]c(C)c(-c3ccc(Oc4ccc(OC(F)(F)F)cc4)cc3)c(=O)c2cc1Cl,67016608,C24H17ClF3NO4,475.8,6.9,56.8,730,1,8,5
T5478,CC1CN(CC2CCN(Cc3ccccc3)CC2)C(=O)N(c2cccc(C(=N)N)c2)C1.O=C(O)C(F)(F)F,102004307,C27H34F3N5O3,533.6,,114,694,3,8,6
T5479,O=C(O)c1ccc(C(=O)N[C@@H](c2ccc(OC(F)(F)F)c(F)c2)c2ncccc2F)nc1,71144018,C20H12F5N3O4,453.3,3.5,101,668,2,11,6
T5480,COc1cc(C(=O)NC2CCN(C)CC2)ccc1Nc1ncc(C(F)(F)F)c(Oc2cccc3c2C(=O)CC3)n1,58522530,C28H28F3N5O4,555.5,4.4,106,886,2,11,7
T5481,COc1ccc([N+](=O)[O-])c(S(=O)(=O)c2ccc(Cl)cc2)n1,2801235,C12H9ClN2O5S,328.73,2.7,110,467,0,6,3
T5483,COCCOc1ccc(-c2cn(-c3ccccc3)c3nc[nH]c(=O)c23)cc1,137334091,C21H19N3O3,361.4,2.9,64.9,527,1,4,6
T5485,CNC(=O)CCc1cc(-c2ccc(-c3ccc(C(F)(F)F)cc3)cc2)nn1-c1ccc(N2CCNCC2)cc1,118986645,C30H30F3N5O,533.6,5.1,62.2,767,2,7,7
T5486,Cc1nn(-c2nc3c(Cl)c(Cl)ccc3[nH]2)c(O)c1C1OC(=O)c2ccccc21,135397653,C19H12Cl2N4O3,415.2,4.1,87.3,732,2,5,2
T5488,CNC(=O)CCc1cc(-c2ccc(-c3ccc(C(F)(F)F)cc3)cc2)n(-c2ccc(N3CCNCC3)cc2)n1,51051074,C30H30F3N5O,533.6,5.1,62.2,767,2,7,7
T5489,O=C(Cc1c[nH]c2ccccc12)N[C@@H](Cc1c[nH]c2ccccc12)C(=O)O,644228,C21H19N3O3,361.4,2.5,98,555,4,3,6
T5427,Cc1c(C(=O)Nc2ccc(CO)cc2)nnn1Cc1ccc(Cl)c(Cl)c1,42603008,C18H16Cl2N4O2,391.2,3.2,80,476,2,4,5
T5434,Cc1sc2c(c1C)C(c1ccc(Cl)cc1)=N[C@@H](CC(=O)Nc1ccc(OCCOCCOCCOCCNc3cccc4c3C(=O)N(C3CCC(=O)NC3=O)C4=O)cc1)c1nnc(C)n1-2,92044400,C46H47ClN8O9S,923.4,4.8,233,1720,3,14,19
T5440,Cc1sc2c(c1C)C(c1ccc(Cl)cc1)=N[C@@H](CC(=O)NCCNc1cccc3c1C(=O)N(C1CCC(=O)NC1=O)C3=O)c1nnc(C)n1-2,118912822,C34H31ClN8O5S,699.2,3.7,196,1380,3,10,8
T5443,Cc1sc2c(c1C)C(c1ccc(Cl)cc1)=N[C@@H](CC(=O)O)c1nnc(C)n1-2,66828107,C19H17ClN4O2S,400.9,3.5,109,613,1,6,3
T5054,CC(C)(C)C(=O)N1N=CC[C@H]1c1ccccc1,122703613,C14H18N2O,230.31,2.1,32.7,311,0,2,2
T5445,Nc1nc2[nH]ccc2c(=O)[nH]1,135408714,C6H6N4O,150.14,-0.8,83.3,225,3,2,0
T5447,Brc1cccc(-c2cc(-c3ccc4c(c3)OCO4)n[nH]2)c1,44608289,C16H11BrN2O2,343.17,4,47.1,370,1,3,2
T5097,CCOC(=O)[C@@H](N)CCC(=O)N[C@@H](CSCc1ccccc1)C(=O)N[C@@H](C(=O)OCC)c1ccccc1,5310939,C27H35N3O6S,529.6,2.7,162,725,3,8,17
T5590,COc1ccc(CC(=O)O)cc1,7690,C9H10O3,166.17,1.4,46.5,148,1,3,3
T5616,CCOC(=O)CC(=O)OCC,7761,C7H12O4,160.17,1,52.6,125,0,4,6
T5577,O=C1C=CC(=O)C=C1,4650,C6H4O2,108.09,0.2,34.1,149,0,2,0
T5549,Nc1nc(N)nc(N)n1,7955,C3H6N6,126.12,-1.4,117,63,3,6,0
T5613,CC(C)CCCC(C)CCCC(C)CCCCC(C)CCCC(C)CCCC(C)C,8089,C30H62,422.8,14.7,0,308,0,0,21
T5578,O=C1O[C@H]([C@@H](O)CO)[C@H](O)[C@@H]1O,439373,C6H10O6,178.14,-2,107,181,4,6,2
T5545,Cc1occc(=O)c1O,8369,C6H6O3,126.11,0.4,46.5,200,1,3,0
T5595,CN1[C@@H]2CC[C@H]1C[C@@H](O)C2,449293,C8H15NO,141.21,0.8,23.5,123,1,2,0
T5548,CC1=CC(=O)[C@H]2C[C@@H]1C2(C)C,92874,C10H14O,150.22,1.6,17.1,248,0,1,0
T5551,CC(=O)CCC(=O)O,11579,C5H8O3,116.11,-0.5,54.4,106,1,3,3
T5585,CN(CCc1ccc(Cl)c(Cl)c1)CC(O)COc1ccc(NS(C)(=O)=O)cc1.Cl,45073415,C19H25Cl3N2O4S,483.8,,87.3,553,3,6,10
T5615,CC(=O)OCc1ccccc1,8785,C9H10O2,150.17,2,26.3,126,0,2,3
T5580,O=C([O-])Cc1cccc2ccccc12.[K+],23700091,C12H9KO2,224.30,,40.1,218,0,2,2
T5570,CC(=O)OCC1=C(C(=O)O)N2C(=O)[C@@H](NC(=O)Cc3cccs3)[C@H]2SC1,6024,C16H16N2O6S2,396.4,-0.4,167,680,2,8,7
T5601,O=c1[nH]sc2cc(F)ccc12,480272,C7H4FNOS,169.18,1.4,54.4,187,1,3,0
T5620,CC12CCC(C1)C(C)(C)C2O,15406,C10H18O,154.25,2.5,20.2,185,1,1,0
T5605,CNC[C@@H](O)COc1ccc(Cl)c(-c2nc(-c3c(C)noc3C)c(C)c(N3CC4(CCN(C(=O)OC)CC4)C3)n2)c1,90425581,C29H37ClN6O5,585.1,3.4,126,873,2,10,9
T5561,CCCCc1nc2c(N)nc3ccccc3c2n1Cc1ccc(CN)cc1.Cl.Cl,90286091,C22H27Cl2N5,432.4,,82.8,464,4,4,6
T5523,CC(C)Oc1ccc(C(=O)Cn2ccnc2)cc1-n1c(CN2CCN(C(=O)COc3ccc(Cl)cc3)CC2)nc2ccccc2c1=O,91824786,C35H35ClN6O5,655.1,4.5,110,1120,0,8,11
T5565,O=C(O)CCCCCCCCCC(=O)O,15816,C11H20O4,216.27,2.7,74.6,169,2,4,10
T5587,Cl.Nc1nc(NC[C@H]2CC[C@H](CNS(=O)(=O)c3cccc4ccccc34)CC2)nc2ccccc12,9849276,C26H30ClN5O2S,512.1,,118,751,4,7,7
T5576,COc1cc(N2CCN(C)CC2)ccc1Nc1ncc2c(n1)N(C1CCC1)C(=O)N(c1c(C)cccc1C)C2,132992144,C30H37N7O2,527.7,4.5,77.1,824,1,7,6
T5596,CC(=O)c1cnccn1,30914,C6H6N2O,122.12,0.2,42.9,114,0,3,1
T5533,Nc1nc(N[C@H]2CC3CCC2C3)sc1C(=O)c1ccccc1[N+](=O)[O-],135248847,C17H18N4O3S,358.4,4.7,142,542,2,7,4
T5581,CC(C)=CCNc1ncnc2[nH]cnc12,92180,C10H13N5,203.24,2.1,66.5,236,2,4,3
T5540,Cc1nn(CC(F)(F)F)cc1Nc1ncc(Br)c(NCc2ccc(S(N)(=O)=O)cc2)n1,137553174,C17H17BrF3N7O2S,520.3,2.9,136,688,3,11,7
T5S1026,O=C(O)[C@H]1O[C@@H](Oc2cc(O)c3c(=O)cc(-c4ccc(O)cc4)oc3c2)[C@H](O)[C@@H](O)[C@@H]1O,5319484,C21H18O11,446.4,0.2,183,746,6,11,4
T5547,CC1=C(O)C(=O)C(C)O1,19309,C6H8O3,128.13,0.7,46.5,181,1,3,0
T5550,CCC(C)(O)C(=O)O,95433,C5H10O3,118.13,0.3,57.5,99,2,3,2
T4S1499,C=C(CCC=C(C)C)[C@H]1CC[C@]2(C)[C@@H]1[C@H](O)C[C@@H]1[C@@]3(C)CC[C@H](O[C@@H]4O[C@H](CO)[C@@H](O)[C@H](O)[C@H]4O[C@@H]4O[C@H](CO)[C@@H](O)[C@H](O)[C@H]4O)C(C)(C)[C@@H]3CC[C@]12C,11499198,C42H70O12,767.0,5.4,199,1370,8,12,10
T5566,CCc1occc(=O)c1O,21059,C7H8O3,140.14,0.8,46.5,213,1,3,1
T5609,CC(C)CC(=O)O,10430,C5H10O2,102.13,1.2,37.3,66,1,2,2
T5559,CC1=C(C(=O)Nc2ccccc2)SCCO1,21307,C12H13NO2S,235.30,2.1,63.6,295,1,3,2
T5583,OC[C@H]1O[C@H](O[C@H]2[C@H](O)[C@H](O)COC2(O)CO)[C@H](O)[C@@H](O)[C@@H]1O,54301978,C12H22O11,342.30,-5,190,395,8,11,4
T5556,CC(=O)[C@H]1CC[C@H]2[C@@H]3CC[C@H]4CC(=O)CC[C@]4(C)[C@H]3CC[C@]12C,92810,C21H32O2,316.5,4.4,34.1,538,0,2,1
T5569,CC(C)C(N)CC(=O)O,193411,C6H13NO2,131.17,-2.1,63.3,101,2,3,3
T5619,CC(O)CO,1030,C3H8O2,76.09,-0.9,40.5,20,2,2,1
T5572,O=c1[nH]c2ccccc2o1,6043,C7H5NO2,135.12,1.2,38.3,158,1,2,0
T4S2354,COc1cc2ccc(=O)oc2c(OC)c1OC,3083928,C12H12O5,236.22,1.8,54,314,0,5,3
T5546,O=Cc1ccccc1O[C@@H]1O[C@H](CO)[C@@H](O)[C@H](O)[C@H]1O,101799,C13H16O7,284.26,-1.5,116,324,4,7,4
T5554,COc1cc(OC)cc(OC)c1,69301,C9H12O3,168.19,2,27.7,91,0,3,3
T2S1840,C=C1C[C@@]23CC[C@H]4[C@@](C)(CCC[C@@]4(C)C(=O)O[C@@H]4O[C@H](CO)[C@@H](O)[C@H](O)[C@H]4O[C@@H]4O[C@H](CO)[C@@H](O)[C@H](O)[C@H]4O)[C@@H]2CC[C@]1(O[C@@H]1O[C@H](CO)[C@@H](O)[C@H](O[C@@H]2O[C@H](CO)[C@@H](O)[C@H](O)[C@H]2O)[C@H]1O[C@@H]1O[C@H](CO)[C@@H](O)[C@H](O)[C@H]1O)C3,71773169,C50H80O28,1129.2,-4.4,453,2080,17,28,16
T5571,O=C(Nc1ccccc1)Nc1ccnc(Cl)c1,93379,C12H10ClN3O,247.68,2.4,54,256,2,2,2
T6S0630,COCC12CCC(OC)C34C5CC6(O)C(OC)C(O)C(OC(C)=O)(C5C6OC(=O)c5ccccc5)C(C(OC)C13)C4N(C)C2,4526188,C33H45NO10,615.7,0.9,133,1160,2,11,10
T5426,COC1=C(OC)C(=O)c2ccccc2C1=O,3136,C12H10O4,218.20,1.9,52.6,322,0,4,2
T5589,NCC(=O)N1CCC[C@H]1C(=O)O,3013625,C7H12N2O3,172.18,-3.1,83.6,205,2,4,2
T5568,N[C@@H](Cc1ccc(O)c(I)c1)C(=O)O,439744,C9H10INO3,307.08,-1.1,83.6,212,3,4,3
T5553,C=CC(N)=O,6579,C3H5NO,71.08,-0.7,43.1,57,1,1,1
T5594,C[C@@H]1CC[C@H]2C(C)(C)[C@H]3C[C@@]12CC[C@@]3(C)O,65575,C15H26O,222.37,3.9,20.2,321,1,1,0
T5575,CC(C)(O)[C@@H]1CC[C@](C)([C@H]2[C@@H](O)C[C@@]3(C)[C@@H]4C[C@H](O)[C@H]5C(C)(C)[C@@H](O)CC[C@@]56C[C@@]46CC[C@]23C)O1,13943286,C30H50O5,490.7,4.4,90.2,916,4,5,2
T5567,O=C(O)CCCCCCCCCCCCC(=O)O,13185,C14H26O4,258.35,4.3,74.6,202,2,4,13
T3S0631,CCN1C[C@]2(COC)CC[C@H](O)C34C1C([C@H](OC)[C@@H]32)[C@]1(O)[C@H]2[C@@H](O)[C@@H](C[C@H]24)[C@@H](OC)[C@@H]1O,168008617,C24H39NO7,453.6,-1,112,783,4,8,5
T5543,CC1(C)CC(=O)CC(C)(C)N1,13220,C9H17NO,155.24,0.5,29.1,164,1,2,0
T4675,O=C(O)c1cnsc1,12430656,C4H3NO2S,129.14,0.5,78.4,106,1,4,1
T5S1028,CC1(C)[C@H](OC(=O)c2ccccc2)CC[C@]2(C)C3=C([C@@H](O)C[C@@H]12)[C@@]1(C)CC[C@@]2(C)CC[C@@](C)(COC(=O)c4ccccc4)C[C@H]2[C@]1(C)CC3,11556558,C44H58O5,666.9,10.4,72.8,1320,1,5,7
T5544,O=C(O)c1ccco1,6919,C5H4O3,112.08,0.5,50.4,99,1,3,1
T7066,O=C1NC(c2ccccc2)(c2ccccc2)C(=O)N1COP(=O)([O-])[O-].[Na+].[Na+],56338,C16H13N2Na2O6P,406.24,,122,535,1,6,4
T5562,COC(=O)c1cccnc1,7151,C7H7NO2,137.14,0.8,39.2,125,0,3,2
T5557,CCCOC(=O)c1ccc(O)cc1,7175,C10H12O3,180.20,3,46.5,160,1,3,4
T3848,COc1ccc(C2COc3cc(O[C@@H]4O[C@H](CO)[C@@H](O)[C@H](O)[C@H]4O)ccc3C2)c(O)c1OC,125142,C23H28O10,464.5,1.1,147,622,5,10,6
T5574,CC=C1C(=O)C[C@H]2[C@@H]3CCC4=CC(=O)CC[C@]4(C)[C@H]3CC[C@]12C,146898,C21H28O2,312.4,3.9,34.1,640,0,2,0
T5586,Cc1ccc(Nc2c(C(N)=O)cnc3cc(-c4ccncc4)ccc23)cc1C,25163930,C23H20N4O,368.4,4.4,80.9,535,2,4,4
T5564,O=C(O)CC(CC(=O)O)C(=O)O,14925,C6H8O6,176.12,-1.2,112,192,3,6,5
T5563,O=C(O)C1CCCCC1,7413,C7H12O2,128.17,1.9,37.3,103,1,2,1
T5558,O=C(O)c1cc(=O)cc(C(=O)O)o1,7431,C7H4O6,184.10,-0.4,101,316,2,6,2
T5639,O=C(NC(=O)c1c(F)cccc1F)Nc1cc(Cl)c(OC(F)(F)C(F)C(F)(F)F)cc1Cl,71777,C17H8Cl2F8N2O3,511.1,6.4,67.4,677,2,11,5
T5660,CC1CCC(C(C)C)C(=O)C1,6986,C10H18O,154.25,2.7,17.1,149,0,1,1
T5678,Cl.NCCNC(=O)c1ccc(Cl)cn1,163727,C8H11Cl2N3O,236.10,,68,177,3,3,3
T5650,c1csc(-c2ccc(-c3cccs3)s2)c1,65067,C12H8S3,248.4,4.4,84.7,197,0,3,2
T5667,CCCCCCCCOC(C)=O,8164,C10H20O2,172.26,3.4,26.3,110,0,2,8
T5638,O=C(NC(=O)c1c(F)cccc1F)Nc1ccc(OC(F)(F)C(F)OC(F)(F)F)c(Cl)c1,93541,C17H9ClF8N2O4,492.7,5.8,76.7,661,2,12,6
T5655,Cl.O=C1CCC(c2ccccc2)(C2CCN(Cc3ccc(I)cc3)CC2)C(=O)N1,138377592,C23H26ClIN2O2,524.8,,49.4,561,2,3,4
T5657,COc1ccc(C=O)cc1OC,8419,C9H10O3,166.17,1.5,35.5,147,0,3,3
T5683,Cl.N[C@@H](c1ccccc1)[C@@H](O)C(=O)O,14807870,C9H12ClNO3,217.65,,83.6,178,4,4,3
T5640,O=C(NC1(c2ccccc2)CC1)c1c(CN2CCC(N3CCCCC3)CC2)c(-c2cccc(C(F)(F)F)c2)nc2cc(Br)ccc12,53464483,C37H38BrF3N4O,691.6,7.8,48.5,1020,1,7,7
T5641,CC1c2ccccc2CCN1c1ssc(=O)c1Cl,126203,C13H12ClNOS2,297.8,3.7,70.9,398,0,4,1
T5536,CCCn1c(-c2ccc(Br)cc2)nc2ccc(NCc3ccc(F)cc3)nc21,71466685,C22H20BrFN4,439.3,5.8,42.7,479,1,4,6
T5649,C=CCc1ccc(OC)cc1,8815,C10H12O,148.20,3.4,9.2,112,0,1,3
T5537,CN1CCN(C(=O)COc2ccc(C34CC5CC(CC(C5)C3)C4)cc2)CC1,71542096,C23H32N2O2,368.5,4.6,32.8,505,0,3,4
T5634,Cc1ccc2c(Nc3cccc(Cl)c3F)nccc2c1NC(=O)c1csc2c(N)ncnc12,89655386,C23H16ClFN6OS,478.9,4.9,134,708,3,8,4
T5663,OC[C@H]1O[C@H](O[C@H]2[C@H](O)[C@@H](O)C(O)O[C@@H]2CO)[C@H](O)[C@@H](O)[C@@H]1O,439186,C12H22O11,342.30,-4.7,190,382,8,11,4
T5636,CC(C)CC(=O)Nc1cncc(-c2ccc3[nH]nc(-c4nc5cncc(-c6cccc(F)c6)c5[nH]4)c3c2)c1,135565709,C29H24FN7O,505.5,4.5,112,816,3,6,6
T5600,CC1(N)CCN(c2cccnc2NC(=O)c2nc(-c3ncccc3C(F)(F)F)cnc2N)CC1,118873253,C22H23F3N8O,472.5,1.9,136,702,3,11,4
T5626,CCNc1nc(Cl)nc(NC(C)C)n1,2256,C8H14ClN5,215.68,2.6,62.7,166,2,5,4
T5675,C=CC(=O)Nc1cc(Nc2nccc(-c3cn(C4CC4)c4ccccc34)n2)c(OC)cc1N(C)CCN(C)C.Cl,137319707,C30H36ClN7O2,562.1,,87.6,823,3,7,11
T5622,C[C@@H](CO)NC(=O)c1cc(-c2ccc(Cl)cc2)nn(-c2cccc(F)c2)c1=O,132168144,C20H17ClFN3O3,401.8,3.5,82,661,2,5,5
T5682,Oc1ccc2cc[nH]c2c1,524508,C8H7NO,133.15,2.3,36,126,2,1,0
T5597,COc1cc2nc(NC3CC3)nc(NC3CCN(C(C)C)CC3)c2cc1OC,138911316,C21H31N5O2,385.5,4.1,71.5,495,2,7,7
T5592,COc1cc(C(C)=O)cc(OC)c1O,17198,C10H12O4,196.20,0.2,55.8,190,1,4,3
T5658,C1C2CC3CC1CC(C2)C3,9238,C10H16,136.23,3.8,0,75,0,0,0
T5662,O=C1CCCc2c(O)cccc21,119921,C10H10O2,162.18,2.1,37.3,188,1,2,0
T5656,O=C1OC(=O)[C@H]2[C@@H]1[C@@H]1CC[C@H]2O1,9877482,C8H8O4,168.15,-0.1,52.6,246,0,4,0
T4S2012,CN1Cc2c(ccc3c2OCO3)-c2ccc3cc4c(cc3c21)OCO4,124069,C20H15NO4,333.3,4.1,40.2,530,0,5,0
T5593,C[C@H](N)C(=O)N[C@@H](CCC(N)=O)C(=O)O,123935,C8H15N3O4,217.22,-4.4,136,267,4,5,6
T5684,CCOC(=O)c1ccc(O)c(O)c1,77547,C9H10O4,182.17,1.8,66.8,180,2,4,3
T5686,CC(C)OC(=O)c1ccc(O)cc1,20161,C10H12O3,180.20,2.8,46.5,169,1,3,3
T5670,CC(C)COC(=O)c1ccc(O)cc1,20240,C11H14O3,194.23,3.4,46.5,181,1,3,4
T2S1396,CC(=O)O[C@H]1CC[C@]2(C)[C@H]3CC=C4[C@@H]5CC(C)(C)CC[C@]5(C(=O)O)CC[C@@]4(C)[C@]3(C)CC[C@H]2C1(C)C,151202,C32H50O4,498.7,8.1,63.6,992,1,4,3
T5687,CC1=C(CO)C(=O)O[C@@H]([C@@H](C)[C@H]2CC[C@H]3[C@@H]4C[C@H]5O[C@]56[C@@H](O)C=CC(=O)[C@]6(C)[C@H]4CC[C@]23C)C1,265237,C28H38O6,470.6,3.8,96.4,999,2,6,3
T5669,O.O=C(O)CC(O)(CC(=O)O)C(=O)O,22230,C6H10O8,210.14,,133,227,5,8,5
T5628,CC(C)(c1ccccc1)c1ccc(O)cc1,11742,C15H16O,212.29,3.7,20.2,207,1,1,2
T5637,O=C(NC(=O)c1ccccc1Cl)Nc1ccc(OC(F)(F)F)cc1,47445,C15H10ClF3N2O3,358.70,5.6,67.4,454,2,6,3
T5672,Cl.Cl.Nc1ccc(OCCO)c(N)c1,47932,C8H14Cl2N2O2,241.11,,81.5,132,5,4,3
T7077,CCCCSC1=C(SCCCC)C(=O)c2ccccc2C1=O,26188718,C18H22O2S2,334.5,5.4,84.7,402,0,4,8
T5659,O=C1C2CC3CC(C2)CC1C3,64151,C10H14O,150.22,1.8,17.1,177,0,1,0
T5627,COc1ccc(C(c2ccc(OC)cc2)C(Cl)(Cl)Cl)cc1,4115,C16H15Cl3O2,345.6,5.1,18.5,279,0,2,4
T5652,CC(C)C[C@H](N)CO,111307,C6H15NO,117.19,0.4,46.3,54,2,2,3
T5671,CC1=CC(=O)CC(C)(C)C1,6544,C9H14O,138.21,1.6,17.1,187,0,1,0
T5624,CCC(C)(c1ccc(O)cc1)c1ccc(O)cc1,66166,C16H18O2,242.31,3.9,40.5,226,2,2,3
T5623,CC(C)(c1ccc(O)cc1)c1ccc(O)cc1,6623,C15H16O2,228.29,3.3,40.5,209,2,2,2
T5654,CC(=O)c1c(C)c([N+](=O)[O-])c(C(C)(C)C)c([N+](=O)[O-])c1C,6669,C14H18N2O5,294.30,3.7,109,418,0,5,2
T5524,O=C(Nc1cccc(Nc2nccc(Nc3cccc(C(F)(F)F)c3)n2)c1)C1CC1,9549303,C21H18F3N5O,413.4,4.5,78.9,585,3,8,6
T5603,O=C(O)c1ccccc1C(=O)O,1017,C8H6O4,166.13,0.7,74.6,177,2,4,2
T5661,CC=Cc1ccc(OC)c(OC)c1,7128,C11H14O2,178.23,2.5,18.5,165,0,2,3
T5647,Cc1ccc2oc(=O)ccc2c1,7092,C10H8O2,160.17,1.8,26.3,220,0,2,0
T5651,O=C(Oc1ccccc1)c1ccccc1,7169,C13H10O2,198.22,3.6,26.3,201,0,2,3
T5674,CCc1ccc(NC(=O)Nc2c[nH]c3ccccc23)cc1,7616033,C17H17N3O,279.34,3.4,56.9,352,3,1,3
T5629,CCc1ccc(O)c(C(C)(C)C)c1,7309,C12H18O,178.27,4,20.2,157,1,1,2
T5632,CC(C)c1ccc(CC(=O)N[C@H](C)c2ccc(OCC(F)(F)F)cn2)cc1,24765479,C20H23F3N2O2,380.4,4.2,51.2,463,1,6,7
T5685,CCCC(C)C(=O)O,7341,C6H12O2,116.16,1.8,37.3,78,1,2,3
T5677,Cl.O=C(NCCN1CCOCC1)Nc1nc2ccc(Sc3nnc4ccc(-c5ccc(F)cc5)nn34)cc2s1,154578321,C25H24ClFN8O2S2,587.1,,163,790,3,10,7
T5744,CC(C)=CCOc1ccc2ccc(=O)oc2c1,320362,C14H14O3,230.26,3.4,35.5,339,0,3,3
T5695,COC(=O)CC(=O)OC,7943,C5H8O4,132.11,0,52.6,104,0,4,4
T5696,COC(=O)CCC(=O)OC,7820,C6H10O4,146.14,0.4,52.6,114,0,4,5
T5721,CN1C2=C3N=c4ccccc4=C3CCN2C(=O)c2ccccc21.Cl,135393457,C19H16ClN3O,337.8,,35.9,753,1,3,0
T5S2083,O=c1c(-c2ccc(O)cc2)coc2c([C@@H]3O[C@H](CO[C@@H]4OC[C@@H](O)[C@H](O)[C@H]4O)[C@@H](O)[C@H](O)[C@H]3O)c(O)ccc12,100990912,C26H28O13,548.5,-2.1,216,891,8,13,5
T5777,O=C(O)Cc1cc(O)ccc1O[C@@H]1O[C@H](CO)[C@@H](O)[C@H](O)[C@H]1O,14104237,C14H18O9,330.29,-1.2,157,404,6,9,5
T5693,O=C([O-])c1cc(C(=O)O)c2c(n1)C(=O)C(=O)c1cc(C(=O)[O-])[nH]c1-2.[Na+].[Na+],3078772,C14H4N2Na2O8,374.17,,180,636,2,9,1
T5792,C=C1C[C@@]23CC[C@H]4[C@@](C)(CCC[C@@]4(C)C(=O)O[C@@H]4O[C@H](CO)[C@@H](O)[C@H](O[C@@H]5O[C@H](CO)[C@@H](O)[C@H](O)[C@H]5O)[C@H]4O[C@@H]4O[C@H](CO)[C@@H](O)[C@H](O)[C@H]4O)[C@@H]2CC[C@]1(O[C@@H]1O[C@H](CO)[C@@H](O)[C@H](O[C@@H]2O[C@H](CO)[C@@H](O)[C@H](O)[C@H]2O)[C@H]1O[C@@H]1O[C@H](CO)[C@@H](O)[C@H](O)[C@H]1O)C3,92023628,C56H90O33,1291.3,-6,532,2400,20,33,19
T5642,C[C@@H]1C[C@H](C)CN(S(=O)(=O)c2ccc3c(c2)C(=NO)c2cc(S(=O)(=O)N4C[C@H](C)C[C@H](C)C4)ccc2C3=NO)C1,46212391,C28H36N4O6S2,588.7,5,153,1020,2,10,5
T5834,C=CC(=C)CCC=C(C)C,31253,C10H16,136.23,4.3,0,145,0,0,4
T5784,CC[C@@]1(O)C(=O)OCc2c1cc1n(c2=O)Cc2cc3c(CN(C)C)c(O)ccc3nc2-1,60700,C23H23N3O5,421.4,0.5,103,867,2,7,3
T5780,COc1c2c3c4c(c(OC)c(=O)c5c(O)cc(OC)c(c6c(OC)cc(O)c(c1=O)c63)c54)C(C(C)=O)=C(C)C2,1023768,C30H24O9,528.5,4.3,129,1200,2,9,5
T5691,O[C@]12CO[C@H](c3ccc4c(c3)OCO4)[C@H]1CO[C@@H]2c1ccc2c(c1)OCO2,3084131,C20H18O7,370.4,1.6,75.6,573,1,7,2
T5643,CCN1CCN(Cc2ccc(NC(=O)c3ccc(C)c(Oc4ccnc5[nH]ccc45)c3)cc2C(F)(F)F)CC1,53340664,C29H30F3N5O2,537.6,4.9,73.5,808,2,8,7
T5776,COc1c(OC)c2occc2c2oc(=O)ccc12,4825,C13H10O5,246.21,2.3,57.9,366,0,5,2
T5808,CC(C)(O)C(O)COc1c2ccoc2cc2oc(=O)ccc12,483513,C16H16O6,304.29,1.6,89.1,460,2,6,4
T5804,CC[C@H](C)C[C@H](C)CCCCCCCCC(=O)N[C@H]1C[C@@H](O)[C@@H](O)NC(=O)[C@@H]2[C@@H](O)CCN2C(=O)[C@H]([C@H](O)CC(N)=O)NC(=O)[C@H]([C@H](O)[C@@H](O)c2ccc(O)cc2)NC(=O)[C@@H]2C[C@@H](O)CN2C(=O)[C@H]([C@@H](C)O)NC1=O,16119739,C50H80N8O17,1065.2,0.5,411,1930,15,17,20
T5765,CCN1C[C@]2(OC(=O)c3ccccc3NC(C)=O)CC[C@H](OC)[C@@]34[C@@H]2C[C@@](O)([C@@H]13)[C@@]1(O)C[C@H](OC)C2C[C@@H]4[C@]1(O)[C@H]2OC,102004661,C32H44N2O9,600.7,0.5,147,1170,4,10,8
T5699,COc1cc(C2CC(c3ccccc3)=NN2C(N)=S)cc(OC)c1OC,56944939,C19H21N3O3S,371.5,2.6,101,510,1,5,5
T5802,CCCCCCCCCCCCCCCCCCOC(=O)[C@@]1(C)CC[C@]2(C)CC[C@]3(C)C(=CC(=O)[C@@H]4[C@@]5(C)CC[C@H](O)C(C)(C)C5CC[C@]43C)[C@H]2C1,45489963,C48H82O4,723.2,15.6,63.6,1250,1,4,19
T5759,CC(C)(O)[C@@H]1Cc2cc3ccc(=O)oc3cc2O1,334704,C14H14O4,246.26,1.9,55.8,387,1,4,1
T5825,Cl.Cl.N[C@H]1CC[C@H](N[C@@H]2C[C@H]2c2ccccc2)CC1,71664305,C15H24Cl2N2,303.3,,38.1,239,4,2,3
T5833,Cl.c1cc(OCCN2CCCCC2)cc(-c2n[nH]c3ccc(-c4ncn[nH]4)cc23)c1,66576998,C22H25ClN6O,424.9,,82.7,516,3,5,6
T5815,O=C(ON1C(=O)CCC1=O)N1CCN(C(c2ccc(Cl)cc2)c2ccc(Cl)cc2)CC1,71722059,C22H21Cl2N3O4,462.3,3.5,70.2,632,0,5,5
T5819,C[C@@H](O)[C@H](N)C(=O)N1CCC[C@H]1C(=O)N1CCC[C@H]1C(=O)N[C@H](C(N)=O)[C@@H](C)O.O=C(O)C(F)(F)F,71311638,C20H32F3N5O8,527.5,,217,742,6,12,7
T5787,C[C@@H]1O[C@@H](O[C@H]2[C@H](O[C@H]3CC[C@@]4(C)[C@@H](CC[C@]5(C)[C@@H]4CC=C4[C@@H]6CC(C)(C)CC[C@]6(C(=O)O)CC[C@]45C)[C@]3(C)CO)OC[C@H](O)[C@@H]2O)[C@H](O)[C@H](O[C@@H]2O[C@H](CO)[C@@H](O[C@@H]3O[C@H](CO)[C@@H](O)[C@H](O)[C@H]3O)[C@H](O)[C@H]2O)[C@H]1O,11693756,C53H86O22,1075.2,-0.1,354,2060,13,22,12
T5723,CC1CCC(C(C)C)C(O)C1,1254,C10H20O,156.26,3,20.2,120,1,1,1
T5821,c1ccc(-c2ccc(CNCCNCc3ccc(-c4ccccn4)cc3)cc2)nc1,72201045,C26H26N4,394.5,3.5,49.8,412,2,4,9
T5748,C=C[C@H]1[C@H](O[C@@H]2O[C@H](CO)[C@@H](O)[C@H](O)[C@H]2O)OC=C(C(=O)OC)[C@H]1C[C@@H]1c2cc(O)c(O)cc2CCN1C(C)=O,442249,C27H35NO12,565.6,-0.3,196,960,6,12,8
T5752,CC1OC(OC2C(C)OC(OC(=O)C34CCC(C)(C)CC3C3=CCC5C6(C)CCC(OC7OC(C(=O)O)C(OC8OC(CO)C(OC9OC(CO)C(O)C(O)C9O)C(O)C8O)C(OC8OCC(O)C(O)C8O)C7O)C(C)(C=O)C6CCC5(C)C3(C)CC4)C(OC3OCC(O)C(O)C3OC3OCC(O)C(O)C3O)C2O)C(O)C(OC2OCC(O)C(O)C2O)C1O,122130487,C80H126O44,1791.8,-8,683,3670,23,44,23
T5708,C=C(C)[C@@H]1CC[C@]2(C)CC[C@]3(C)[C@H](CC[C@@H]4[C@@]5(C)CCC(=O)C(C)(C)[C@@H]5CC[C@]43C)[C@@H]12,92158,C30H48O,424.7,9.6,17.1,807,0,1,1
T5830,COc1ccc(N(C)c2nc(C)nc3ccccc23)cc1OCCCC(=O)NO,122550211,C21H24N4O4,396.4,3,96.8,523,2,7,8
T5770,C[C@H](C[C@H](O)[C@H]1OC1(C)C)C1=C2C[C@H](O)[C@H]3[C@@]4(C)CCC(=O)C(C)(C)[C@@H]4CC[C@]3(C)[C@@]2(C)CC1,15558620,C30H48O4,472.7,4.8,70.1,917,2,4,4
T5739,CSC(=O)OCC1=C[C@H](O)[C@@H]2C(C(=O)O)=CO[C@@H](O[C@@H]3O[C@H](CO)[C@@H](O)[C@H](O)[C@H]3O)[C@H]12,21592249,C18H24O12S,464.4,-2.3,218,754,6,13,8
T5535,O=C(Nc1cccnc1)c1cc(C(=O)c2c(F)cccc2Br)c[nH]1,118959080,C17H11BrFN3O2,388.2,2.9,74.9,479,2,4,4
T5831,Cn1nc(-c2cnc(N)c(-c3ccc(C(N)=O)c(F)c3)n2)nc1C1(c2ccccc2)CC1,137661516,C23H20FN7O,429.4,2.1,126,685,2,7,5
T5837,Nc1cccc2c(=O)[n]([Na])[nH]c(=O)c12,15480750,C8H6N3NaO2,199.14,,73.2,259,2,4,0
T5778,COc1cc(OC)c2c(=O)cc(-c3ccccc3)oc2c1,88881,C17H14O4,282.29,2.2,44.8,411,0,4,3
T5774,CC(C)=CCc1cc2ccc(=O)oc2cc1O,5316525,C14H14O3,230.26,3.5,46.5,352,1,3,2
T5714,COc1ccc(-c2cc(=O)c3c(O)c(OC)c(OC)c(OC)c3o2)cc1OC,358832,C20H20O8,388.4,3.2,92.7,579,1,8,6
T5838,N=C(N)NOCC[C@H](N)C(=O)O.O=S(=O)(O)O,11957500,C5H14N4O7S,274.26,,220,259,6,9,5
T5743,CC1(C)C[C@H]2C3=CC[C@@H]4[C@@]5(C)CC[C@H](O)[C@@](C)(CO)[C@@H]5CC[C@@]4(C)[C@]3(C)C[C@H](O)[C@@]2(CO)[C@@H](O)[C@@H]1O,10051937,C30H50O6,506.7,4,121,932,6,6,2
T5733,OC1OC[C@@H](O[C@@H]2OC[C@@H](O[C@@H]3OC[C@@H](O[C@@H]4OC[C@@H](O)[C@H](O)[C@H]4O)[C@H](O)[C@H]3O)[C@H](O)[C@H]2O)[C@H](O)[C@H]1O,10230811,C20H34O17,546.5,-7.1,267,731,10,17,6
T5839,CCOP(=S)(OCC)SCn1c(=O)oc2cc(Cl)ccc21,4793,C12H15ClNO4PS2,367.8,4.4,105,418,0,6,7
T5786,O=C(CCCCc1ccc2c(c1)OCO2)N1CCCCC1,581676,C17H23NO3,289.4,3.2,38.8,341,0,3,5
T5698,COC(=O)[C@H](Cc1c[nH]c2ccccc12)N(Cc1ccccc1)Cc1ccccc1,57055437,C26H26N2O2,398.5,5.5,45.3,507,1,3,9
T6S1367,Oc1cc(O)c2c(c1)O[C@H](c1ccc(O)c(O)c1)[C@H](O)[C@H]2c1c(O)cc(O)c2c1O[C@H](c1ccc(O)c(O)c1)[C@H](O)C2,122738,C30H26O12,578.5,2.4,221,925,10,12,3
T5810,CC[C@]12C=CCN3CC[C@]4(C(=C(C(=O)OC)C1)Nc1ccccc14)[C@@H]32.Cl,12443187,C21H25ClN2O2,372.9,,41.6,669,2,4,3
T5755,CC(=O)Cc1cc(=O)c2c(C)cc(O)c([C@@H]3O[C@H](CO)[C@@H](O)[C@H](O)[C@H]3O)c2o1,160190,C19H22O9,394.4,-1.3,154,647,5,9,4
T5793,C=C1C(=O)O[C@H]2C[C@@H](C)[C@@H]3[C@@H](OC(C)=O)C[C@H](O)[C@@]3(C)[C@@H](OC(C)=O)[C@H]12,14466541,C19H26O7,366.4,1.9,99.1,656,1,7,4
T5694,CC(=O)c1c([O-])c(C)c(O)c2c1OC1=CC(=O)C(C(C)=O)C(=O)C12C.[Na+],51346163,C18H15NaO7,366.3,,121,714,1,7,2
T5742,O=c1oc2c(O)cc(O)cc2c2oc3cc(O)c(O)cc3c12,5318547,C15H8O7,300.22,2.1,120,469,4,7,0
T5703,CC(C)=CC[C@H](OC(=O)C=C(C)C)C1=CC(=O)c2c(O)ccc(O)c2C1=O,442720,C21H22O6,370.4,5,101,706,2,6,6
T5730,OC[C@H]1O[C@H](O[C@H]2[C@H](O)[C@@H](O)[C@@H](O[C@H]3[C@H](O)[C@@H](O)[C@@H](O[C@H]4[C@H](O)[C@@H](O)[C@@H](O[C@H]5[C@H](O)[C@@H](O)[C@@H](O[C@H]6[C@H](O)[C@@H](O)C(O)O[C@@H]6CO)O[C@@H]5CO)O[C@@H]4CO)O[C@@H]3CO)O[C@@H]2CO)[C@H](O)[C@@H](O)[C@@H]1O,439606,C36H62O31,990.9,-13.3,506,1510,20,31,16
T5773,COc1cc(O)c2c(=O)cc(-c3ccccc3)oc2c1OC,188316,C17H14O5,298.29,3.3,65,440,1,5,3
T5785,OC[C@H]1O[C@H](O[C@H]2[C@H](O)[C@@H](O)[C@@H](O[C@H]3[C@H](O)[C@@H](O)[C@@H](O[C@H]4[C@H](O)[C@@H](O)C(O)O[C@@H]4CO)O[C@@H]3CO)O[C@@H]2CO)[C@H](O)[C@@H](O)[C@@H]1O,439639,C24H42O21,666.6,-9,348,918,14,21,10
T5S1952,CC[C@@]1(O)C(=O)OCc2c1cc1n(c2=O)Cc2cc3c(OC)cccc3nc2-1,123617,C21H18N2O5,378.4,1,89,790,1,6,2
T5760,COC1=C[C@@]23CCN(C)[C@@H](Cc4ccc(OC)c(O)c42)C3=CC1=O,821366,C19H21NO4,327.4,1.9,59,612,1,5,2
T5832,Nc1ncc2ncn(CC3(OCP(=O)(O)O)CC3)c2n1,5270766,C10H14N5O4P,299.22,-1.8,136,414,3,8,5
T5734,CC1(C)C2CCC1(C)[C@@H](O)C2,439568,C10H18O,154.25,2.7,20.2,185,1,1,0
T5727,C[C@@]12CCc3occc3[C@H]1CC[C@@]13C[C@@H](CC[C@H]12)[C@@](O)(CO)C3,108052,C20H28O3,316.4,3.3,53.6,507,2,3,1
T5731,OC[C@H]1O[C@@](CO)(OC[C@@]2(O[C@H]3O[C@H](CO)[C@@H](O)[C@H](O)[C@H]3O)O[C@H](CO)[C@@H](O)[C@@H]2O)[C@@H](O)[C@@H]1O,440080,C18H32O16,504.4,-5.5,269,670,11,16,9
T5769,C[N+]1(C)CCC[C@H]1C(=O)[O-],115244,C7H13NO2,143.18,1,40.1,148,0,2,0
T5720,COc1cc2c(cc1O)C[C@H]1c3c(cc(O)c(OC)c3-2)CCN1C,10154,C19H21NO4,327.4,2.7,62.2,461,2,5,2
T5789,OC1OC[C@@H](O[C@H]2OCC(OC3OC[C@@H](O)[C@H](O)[C@H]3O)[C@@H](O)[C@@H]2O)[C@H](O)[C@H]1O,91873341,C15H26O13,414.36,-5.6,208,508,8,13,4
T5747,COc1cc2occc2c2oc(=O)ccc12,68082,C12H8O4,216.19,2,48.7,325,0,4,1
T5813,COc1c2ccoc2c(OC[C@@H](O)C(C)(C)O)c2oc(=O)ccc12,10211,C17H18O7,334.3,1.6,98.4,503,2,7,5
T5758,COc1cc2ccc(=O)oc2c2ccoc12,108104,C12H8O4,216.19,2.2,48.7,325,0,4,1
T5746,COc1c2ccccc2nc2occc12,68085,C12H9NO2,199.20,2.7,35.3,234,0,3,1
T5756,COC(=O)C1=CO[C@@H](O[C@@H]2O[C@H](CO)[C@@H](O)[C@H](O)[C@H]2O)[C@@H]2[C@@H](C)CC(=O)[C@]12O,92043450,C17H24O11,404.4,-1.7,172,663,5,11,5
T5690,COc1ccc(-c2cc(=O)c3c(O)cc(OC)cc3o2)cc1,5281601,C17H14O5,298.29,2.4,65,438,1,5,3
T5737,CC(C)=CCCC(C)C1CCC2(C)C3=C(CCC12C)C1(C)CCC(O)C(C)(C)C1CC3,856,C30H50O,426.7,8.9,20.2,767,1,1,4
T5845,CCN(CC)c1ccc2cc(C(=O)O)c(=O)oc2c1,659294,C14H15NO4,261.27,3.1,66.8,400,1,5,4
T5803,O=C(O)C(O)C(O)C(=O)O,875,C4H6O6,150.09,-1.9,115,134,4,6,3
T5735,COC(=O)C1=CO[C@@H](O[C@@H]2O[C@H](CO)[C@@H](O)[C@H](O)[C@H]2O)[C@@H]2C(CO)=C[C@H](O)[C@H]12,6325021,C17H24O11,404.4,-3.5,175,647,6,11,6
T5820,COc1cc(NS(C)(=O)=O)ccc1Nc1c2ccccc2nc2ccccc12.Cl,148673,C21H20ClN3O3S,429.9,,88.7,601,3,6,5
T5689,CC1=C[C@@H]2C(=O)[C@]3(C=C(C)[C@H](O)[C@@]3(O)[C@@H]1O)[C@H](C)C[C@@H]1[C@H]2C1(C)C,11290503,C20H28O4,332.4,0.9,77.8,690,3,4,0
T5750,COc1ccc2cc3n(c(=O)c2c1OC)CCc1cc2c(cc1-3)OCO2,11066,C20H17NO5,351.4,2.9,57.2,607,0,5,2
T5844,COP(=S)(OC)Oc1c(Cl)cc(C)cc1Cl,91664,C9H11Cl2O3PS,301.13,4.7,59.8,259,0,4,4
T5814,O=C(N[C@@H](Cc1ccccc1)C(=O)N[C@H](CO)Cc1ccccc1)c1ccccc1,185904,C25H26N2O3,402.5,3.9,78.4,520,3,3,9
T5795,COc1cc2oc(=O)ccc2cc1CC=C(C)C,68486,C15H16O3,244.28,3.8,35.5,366,0,3,3
T5762,C=C1C[C@@]23CC[C@H]4[C@@](C)(CCC[C@@]4(C)C(=O)O)[C@@H]2CC[C@]1(O[C@@H]1O[C@H](CO)[C@@H](O)[C@H](O[C@@H]2O[C@H](CO)[C@@H](O)[C@H](O)[C@H]2O)[C@H]1O[C@@H]1O[C@H](CO)[C@@H](O)[C@H](O)[C@H]1O)C3,21593623,C38H60O18,804.9,-1,295,1450,11,18,10
T5772,OC[C@H]1O[C@@](CO)(OC[C@@]2(OC[C@@]3(OC[C@@]4(O[C@H]5O[C@H](CO)[C@@H](O)[C@H](O)[C@H]5O)O[C@H](CO)[C@@H](O)[C@@H]4O)O[C@H](CO)[C@@H](O)[C@@H]3O)O[C@H](CO)[C@@H](O)[C@@H]2O)[C@@H](O)[C@@H]1O,3085157,C30H52O26,828.7,-9.2,427,1270,17,26,17
T5799,CN1CCC=C(C(=O)O)C1.Cl,12305194,C7H12ClNO2,177.63,,40.5,174,2,3,1
T5791,OC[C@H]1O[C@@](CO)(OC[C@@]2(OC[C@@]3(OC[C@@]4(OC[C@@]5(OC[C@@]6(O[C@H]7O[C@H](CO)[C@@H](O)[C@H](O)[C@H]7O)O[C@H](CO)[C@@H](O)[C@@H]6O)O[C@H](CO)[C@@H](O)[C@@H]5O)O[C@H](CO)[C@@H](O)[C@@H]4O)O[C@H](CO)[C@@H](O)[C@@H]3O)O[C@H](CO)[C@@H](O)[C@@H]2O)[C@@H](O)[C@@H]1O,50938613,C42H72O36,1153.0,-12.9,585,1920,23,36,25
T5790,OC[C@H]1O[C@@](CO)(OC[C@@]2(OC[C@@]3(OC[C@@]4(OC[C@@]5(O[C@H]6O[C@H](CO)[C@@H](O)[C@H](O)[C@H]6O)O[C@H](CO)[C@@H](O)[C@@H]5O)O[C@H](CO)[C@@H](O)[C@@H]4O)O[C@H](CO)[C@@H](O)[C@@H]3O)O[C@H](CO)[C@@H](O)[C@@H]2O)[C@@H](O)[C@@H]1O,50938612,C36H62O31,990.9,-11.1,506,1590,20,31,21
T5763,CCCCC1OC(=O)C2=CCCCC21,5018391,C12H18O2,194.27,3.3,26.3,255,0,2,3
T5781,C=C1CC[C@]2(C)CC[C@]3(C)[C@H](CC[C@@H]4[C@@]5(C)CC[C@H](OC(C)=O)C(C)(C)[C@@H]5CC[C@]43C)[C@H]2[C@@H]1C,13889352,C32H52O2,468.8,9.7,26.3,872,0,2,2
T5767,COc1ccc(C(=O)O)cc1O,12575,C8H8O4,168.15,1.4,66.8,168,2,4,2
T5729,CO[C@H]1[C@H](O)[C@@H](O)[C@H](O)[C@H](O)[C@H]1O,151108,C7H14O6,194.18,-3.2,110,158,5,6,1
T5828,CNc1nnc(SCc2ccccc2)s1,805117,C10H11N3S2,237.3,3,91.4,186,1,5,4
T5707,COc1c(-c2ccccc2)oc2cc(O)cc(O)c2c1=O,5281946,C16H12O5,284.26,2.6,76,438,2,5,2
T5788,OC1OC[C@@H](O[C@@H]2OC[C@@H](O)[C@H](O)[C@H]2O)[C@H](O)[C@H]1O,439538,C10H18O9,282.24,-4,149,301,6,9,2
T5688,C=C1C(=O)O[C@H]2[C@H]1CCC(C)=C1CC[C@@](C)(O)[C@@H]12,442279,C15H20O3,248.32,1.3,46.5,462,1,3,0
T5666,CC1(C)[C@@H](O[C@H]2O[C@H](C(=O)[O-])[C@@H](O)[C@H](O)[C@H]2O[C@@H]2O[C@H](C(=O)[O-])[C@@H](O)[C@H](O)[C@H]2O)CC[C@]2(C)[C@H]3C(=O)C=C4[C@@H]5C[C@@](C)(C(=O)O)CC[C@]5(C)CC[C@@]4(C)[C@]3(C)CC[C@@H]12.[K+].[K+],656852,C42H60K2O16,899.1,,273,1720,6,16,5
T5692,O=C(O)c1cc(C(=O)O)c2c(n1)C(=O)C(=O)c1cc(C(=O)O)[nH]c1-2,1024,C14H6N2O8,330.21,-0.1,175,647,4,9,3
T5779,COc1cc2oc(-c3ccccc3)cc(=O)c2c(O)c1OC,471722,C17H14O5,298.29,3.3,65,440,1,5,3
T5710,O=C1C[C@@H](c2ccccc2)Oc2cc(O[C@@H]3O[C@H](CO)[C@@H](O)[C@H](O)[C@H]3O)cc(O)c21,46881227,C21H22O9,418.4,0.9,146,595,5,9,4
T5771,COc1c(O)c2c(=O)cc(OC)c3c4c(OC)cc(=O)c5c(O)c(OC)c6c(c(c1C[C@](C)(O)[C@@H]6C(C)=O)c23)c54,14502645,C30H26O10,546.5,4,149,1180,3,10,5
T5738,CC(=O)O[C@@]12CO[C@@H]1C[C@@H](O)[C@@]1(C)C(=O)[C@H](O)C3=C(C)[C@@H](OC(=O)[C@H](O)[C@@H](NC(=O)c4ccccc4)c4ccccc4)C[C@@](O)([C@@H](OC(=O)c4ccccc4)[C@H]21)C3(C)C,14355298,C45H49NO13,811.9,1.9,215,1680,5,13,12
T5827,COc1ccc(S(=O)(=O)NCCCC(=O)Nc2ccc(Sc3ccc(N)cc3)cc2)cc1,11547341,C23H25N3O4S2,471.6,3.4,144,661,3,7,10
T5648,O=C1c2ccccc2C(=O)c2c(O)c(O)cc(O)c21,6683,C14H8O5,256.21,2.9,94.8,407,3,5,0
T5829,Cc1nc(N2CCN(C)CC2)c2oc3ccc(Cl)cc3c2n1,3934857,C16H17ClN4O,316.78,3.3,45.4,404,0,5,1
T5713,O=c1cc(-c2ccc(O)c(O)c2)oc2c([C@@H]3O[C@H](CO)[C@@H](O)[C@H](O)[C@H]3O[C@@H]3O[C@H](CO)[C@H](O)[C@H](O)[C@H]3O)c(O)cc(O)c12,101879259,C27H30O16,610.5,-1.7,277,1010,11,16,6
T5740,CC1CC[C@@]2(OC1)O[C@H]1C[C@H]3[C@@H]4CC=C5C[C@@H](O)C[C@@H](O)[C@]5(C)[C@H]4CC[C@]3(C)[C@H]1[C@@H]2C,24849056,C27H42O4,430.6,4.7,58.9,779,2,4,0
T5800,O=C1C=C2C=CC3CC2(O1)C1CCCCN31,267769,C13H15NO2,217.26,1.1,29.5,426,0,3,0
T5783,C[C@@H]1CC[C@]2(C(=O)O[C@@H]3O[C@H](CO)[C@@H](O)[C@H](O)[C@H]3O)CC[C@]3(C)C(=CC[C@@H]4[C@@]5(C)C[C@@H](O)[C@H](O)C(C)(C)[C@@H]5CC[C@]43C)[C@@H]2[C@]1(C)O,21122581,C36H58O10,650.8,3.2,177,1250,7,10,4
T5816,O=S(=O)(c1ccc(Br)s1)n1cccn1,3237735,C7H5BrN2O2S2,293.2,2.5,88.6,303,0,4,2
T5749,CC(=O)O[C@@]12CO[C@@H]1C[C@H](O[C@@H]1OC[C@@H](O)[C@H](O)[C@H]1O)[C@@]1(C)C(=O)[C@H](O)C3=C(C)[C@@H](OC(=O)[C@H](O)[C@@H](NC(=O)c4ccccc4)c4ccccc4)C[C@@](O)([C@@H](OC(=O)c4ccccc4)[C@H]21)C3(C)C,9811678,C50H57NO17,944.0,0.4,274,1940,7,17,14
T5711,COc1ccc2c(c1OC)O[C@H]1c3ccc(O[C@@H]4O[C@H](CO)[C@@H](O)[C@H](O)[C@H]4O)cc3OC[C@@H]21,101679160,C23H26O10,462.4,0.8,136,665,4,10,5
T5701,C[C@@H]1CC[C@@]2(OC1)O[C@H]1C[C@H]3[C@@H]4CC=C5C[C@@H](O)C[C@@H](O[C@@H]6O[C@H](C)[C@H](O)[C@H](O[C@@H]7OC[C@@H](O)[C@H](O)[C@H]7O)[C@H]6O[C@@H]6O[C@@H](C)[C@H](O)[C@@H](O)[C@H]6O)[C@]5(C)[C@H]4CC[C@]3(C)[C@H]1[C@@H]2C,46173859,C44H70O16,855.0,1,236,1590,8,16,6
T5807,Cl.c1cc2c(c3c1CC1c4cc5c(cc4CCN1C3)OCO5)OCO2,131864060,C19H18ClNO4,359.8,,40.2,502,1,5,0
T5817,Cl.NCC1CCC(CNc2nc(NCc3ccccc3OC(F)(F)F)ncc2[N+](=O)[O-])CC1,137935722,C20H26ClF3N6O3,490.9,,131,586,4,11,8
T6412,Cc1nc2ccc(NCc3cccc(C(F)(F)F)c3)cc2n(CCNC(=O)CO)c1=O,25195516,C21H21F3N4O3,434.4,1.9,94,685,3,8,7
T7109,Cc1cc(-c2cc(C)c(NCCCS(=O)(=O)O)c(C)c2)cc(C)c1N,21972361,C19H26N2O3S,362.5,3.6,101,495,3,5,6
T5854,CC1(C)CCC(C)(C)c2cc(C(=O)Nc3ccc(C(=O)O)cc3)ccc21,2126,C22H25NO3,351.4,5.4,66.4,546,2,3,3
T5858,O=C1NCCN1CCN1CCC(c2cn(-c3ccc(F)cc3)c3ccc(Cl)cc23)CC1,60149,C24H26ClFN4O,440.9,4.1,40.5,623,1,3,5
T5856,COC(=O)C1=C(C)NC(C)=C(C(=O)O[C@H]2CCN(Cc3ccccc3)C2)C1c1cccc([N+](=O)[O-])c1.Cl,45356886,C27H30ClN3O6,528.0,,114,917,2,8,8
T5938,NCc1ccc(Oc2ccccc2)cc1,2760343,C13H13NO,199.25,2.3,35.3,169,1,2,3
T6105,C[N+](C)(C)CCOP(=O)(O)O.[Cl-],7886,C5H15ClNO4P,219.60,,66.8,158,2,5,4
T5882,O=C(O)C(=O)CBr,70684,C3H3BrO3,166.96,0.5,54.4,98,1,3,2
T5942,CCCCCCCCCCCCCCCCCCCCCC(=O)O,8215,C22H44O2,340.6,9.6,37.3,250,1,2,20
T6635,CCc1c(C(=O)NNC(=O)C(O)c2cc(F)cc(F)c2)ccc(O)c1C,44182398,C18H18F2N2O4,364.3,2.8,98.7,498,4,6,4
T5855,CC[N+](C)(C)c1cccc(O)c1.[Cl-],8307,C10H16ClNO,201.69,,20.2,145,1,2,2
T6851,NC(=O)c1ccc[n+]([C@@H]2O[C@H](COP(=O)([O-])OP(=O)([O-])OC[C@H]3O[C@@H](n4cnc5c(N)ncnc54)[C@H](OP(=O)(O)O)[C@@H]3O)[C@@H](O)[C@H]2O)c1.[Na+],2724369,C21H27N7NaO17P3,765.4,,370,1290,7,21,13
T6000,Cc1cc(O)cc2c1O[C@](C)(CCC[C@H](C)CCC[C@H](C)CCCC(C)C)CC2,92094,C27H46O2,402.7,10,29.5,448,1,2,12
T5857,CC(=O)Nc1cccc(-n2c(=O)n(C3CC3)c(=O)c3c(Nc4ccc(I)cc4F)n(C)c(=O)c(C)c32)c1.CS(C)=O,50992434,C28H29FIN5O5S,693.5,,138,1120,2,8,5
T5943,COc1ccc(C(=O)C(=O)c2ccc(OC)cc2)cc1,71043,C16H14O4,270.28,3.3,52.6,302,0,4,5
T5883,CCc1ccc(O)cc1,31242,C8H10O,122.16,2.6,20.2,72,1,1,1
T5836,CC[C@H](C)[C@H]1O[C@]2(C=C[C@@H]1C)C[C@@H]1C[C@@H](CC=C(C)[C@@H](O[C@H]3C[C@H](OC)[C@@H](O[C@H]4C[C@H](OC)[C@H](NC(C)=O)[C@H](C)O4)[C@H](C)O3)[C@@H](C)C=CC=C3CO[C@@H]4[C@H](O)C(C)=C[C@@H](C(=O)O1)[C@]34O)O2,198736,C50H75NO14,914.1,3.8,179,1850,3,14,9
T5956,Br.Br.c1ccc(-c2nc(=NCCN3CCOCC3)sn2-c2ccccc2)cc1,57326492,C20H24Br2N4OS,528.3,,65.7,506,2,4,5
T7110,Cc1nc(C(F)(F)F)c(C(=O)Nc2c(Br)cc(OC(F)(F)F)cc2Br)s1,86389,C13H6Br2F6N2O2S,528.06,6,79.5,512,1,10,3
T7100,COc1ncc(F)cc1CNc1ccc(Cc2c[nH]c3ncc(C)cc23)c(F)n1,52936034,C21H19F2N5O,395.4,4.1,75.7,529,2,7,6
T5963,CC1(S(=O)(=O)[O-])CC(=O)c2ccccc2C1=O.[Na+],23665888,C11H9NaO5S,276.24,,99.7,466,0,5,1
T6060,c1cncc(C2CCCCN2)c1,2181,C10H14N2,162.23,1,24.9,136,1,2,1
T5872,O=C1c2ccccc2C(=O)N1SC(Cl)(Cl)Cl,8607,C9H4Cl3NO2S,296.6,2.8,62.7,307,0,3,1
T5878,O.O.O.O.O.O=P([O-])([O-])OC(CO)CO.[Na+].[Na+],2735049,C3H17Na2O11P,306.11,,118,113,7,11,3
T5879,O=P(OC(CCl)CCl)(OC(CCl)CCl)OC(CCl)CCl,26177,C9H15Cl6O4P,430.9,3.3,44.8,243,0,4,12
T6969,O=[N+]([O-])NC1=NCCN1Cc1ccc(Cl)nc1,86418,C9H10ClN5O2,255.66,0.8,86.3,319,1,4,3
T5884,O=C(O)c1cc(=O)cc(C(=O)O)[nH]1,8743,C7H5NO5,183.12,-0.4,104,320,3,6,2
T6071,CCCCc1ccc2nc(NC(=O)OC)[nH]c2c1,26596,C13H17N3O2,247.29,3.4,67,285,2,3,5
T5964,CCCc1nc(C(C)(C)O)c(C(=O)O)n1Cc1ccc(-c2ccccc2-c2nn[nH]n2)cc1,158781,C24H26N6O3,446.5,3.2,130,656,3,7,8
T6409,COc1ccc(F)cc1-c1c(CO)sc2cnc(Nc3ccc(N4CCN(C)CC4)cc3OC(C)C)nc12,86698062,C28H32FN5O3S,537.7,4.7,111,747,2,10,8
T5965,CCN(CC)C(=S)[S-].[Na+],533728,C5H10NNaS2,171.3,,36.3,83,0,2,2
T5978,Cl.NC[C@H](N)C(=O)O,12495315,C3H9ClN2O2,140.57,,89.3,73,4,4,2
T5761,CC(C)=CCCC(C)(O)C1CCC2(C)C1C(O)CC1C3(C)CCC(OC4OC(CO)C(O)C(O)C4OC4OC(CO)C(O)C(O)C4OC4OCC(O)C(O)C4O)C(C)(C)C3CCC12C,137796387,C47H80O17,917.1,2.5,278,1630,11,17,12
T7108,CCOC(=O)CNC(=O)[C@@H]1CCCN1C(=O)Cc1ccccc1,180496,C17H22N2O4,318.4,1.5,75.7,432,1,4,7
T5863,CC(C)(C)NC(=O)C1CN(Cc2cccnc2)CCN1CC(O)CC(Cc1ccccc1)C(=O)NC1c2ccccc2CC1O.O=S(=O)(O)O,53398657,C36H49N5O8S,711.9,,201,1030,6,11,12
T7112,CC(C)(N)C(=O)N[C@H](COCc1ccccc1)C(=O)N1CCC2(CC1)CN(S(C)(=O)=O)c1ccccc12.CS(=O)(=O)O,6450830,C28H40N4O8S2,624.8,,193,1010,3,10,8
T5745,CC(=O)N1CCC(Nc2cc(C(=O)NC[C@H](O)CN3CCc4ccccc4C3)ncn2)CC1,90241742,C24H32N6O3,452.5,1.1,111,656,3,7,7
T5993,COc1ccc(-c2c[nH]c3nccc(-c4ccsc4)c23)c(OC)c1,74766530,C19H16N2O2S,336.4,4.2,75.4,424,1,4,4
T6884,CNC(=O)C1OC(n2cnc3c(NCc4cccc(I)c4)nc(Cl)nc32)C(O)C1O,393593,C18H18ClIN6O4,544.7,1.9,134,623,4,8,5
T5953,Nn1nnc2ccccc21,1367,C6H6N4,134.14,0.9,56.7,127,1,3,0
T7134,CC(C)n1c(=O)cc(N[C@@H](C)c2ccccc2)[nH]c1=O,117761397,C15H19N3O2,273.33,2.1,61.4,411,2,3,4
T6330,COc1ncc(-c2nc(N3CCOCC3)nc3c(CN4CCC(C(C)(C)O)CC4)cc(F)cc23)cc1NS(C)(=O)=O,91754520,C28H37FN6O5S,588.7,2.1,138,958,2,12,8
T6147,O=C1NCC(=O)N2[C@H](c3ccc4c(c3)OCO4)c3[nH]c4ccccc4c3C[C@H]12,9820973,C21H17N3O4,375.4,2.1,83.7,672,2,4,1
T6799,Fc1ccc(Nc2nc(Nc3ccc(-c4nc5ccccc5[nH]4)cc3)nc(N3CCOCC3)n2)cc1,134817273,C26H23FN8O,482.5,5.2,104,683,3,9,6
T6144,CS(=O)(=O)O.N=C(N)SCCc1ccc(OCc2ccc([N+](=O)[O-])cc2)cc1,9823846,C17H21N3O6S2,427.5,,193,479,3,8,7
T5886,O=C(O)CCCc1ccccc1,4775,C10H12O2,164.20,2.4,37.3,137,1,2,4
T5967,CC(O)C(=O)O.CCOc1ccc2nc3cc(N)ccc3c(N)c2c1,15789,C18H21N3O4,343.4,,132,371,4,7,3
T7125,CCCCc1ccc(O)cc1O,205912,C10H14O2,166.22,2.4,40.5,125,2,2,3
T6195,COC(=O)OCOc1c2n(ccc1=O)N(C1c3ccccc3SCc3c1ccc(F)c3F)C1COCCN1C2=O,138566969,C27H23F2N3O7S,571.6,3.8,123,1090,0,12,6
T5939,O=S(=O)([O-])c1cc(O)ccc1O.O=S(=O)([O-])c1cc(O)ccc1O.[Ca+2],29963,C12H10CaO10S2,418.4,,212,228,4,10,0
T7111,CC(C)OC(=O)OCOP(=O)(COC(C)Cn1cnc2c(N)ncnc21)OCOC(=O)OC(C)C,6850811,C19H30N5O10P,519.4,1.6,185,698,1,14,17
T5912,Cc1cn([C@@H]2O[C@H](CO)[C@@H](O)[C@H]2O)c(=O)nc1N,92918,C10H15N3O5,257.24,-2,129,422,4,5,2
T6815,Cc1ccc(Oc2ccnc3cc(-c4cnn(C5CCNCC5)c4)ccc23)cc1,134817449,C24H24N4O,384.5,4,52,517,1,4,4
T5887,O=C1CCc2ccc(O)cc2N1,2785758,C9H9NO2,163.17,0.7,49.3,193,2,2,0
T5842,CC(C)C[C@H]1C(=O)N2CCC[C@H]2[C@]2(O)O[C@](NC(=O)[C@@H]3C=C4c5cccc6[nH]c(Br)c(c56)C[C@H]4N(C)C3)(C(C)C)C(=O)N12.CS(=O)(=O)O,31100,C33H44BrN5O8S,750.7,,181,1320,4,9,5
T7132,CC(O)(c1ccccc1)C(Cc1ccc(Cl)cc1)n1cncn1,15477807,C18H18ClN3O,327.8,3.6,50.9,369,1,3,5
T7093,O=C(Nc1ccc(Oc2ccc(Cl)cc2)c(Cl)c1)c1cc(I)cc(I)c1O,31475,C19H11Cl2I2NO3,626.0,7,58.6,507,2,3,4
T5987,O=C([O-])c1nc(=O)[nH]c(=O)[nH]1.[K+],2723920,C4H2KN3O4,195.17,,111,273,2,4,1
T5997,COc1cc(C(O)(CCN(C)C)C(c2cc3cc(Br)ccc3nc2OC)c2cccc(OC)c2F)cc(OC)n1,130406762,C30H33BrFN3O5,614.5,5.6,86.2,774,1,9,11
T6220,NC(=O)c1ccc[n+]([C@@H]2O[C@H](CO)[C@@H](O)[C@H]2O)c1.[Cl-],90480033,C11H15ClN2O5,290.70,,117,314,4,6,3
T5840,CCOc1ccc(-c2nc3ccc(-c4nc5ccc(N6CCN(C)CC6)cc5[nH]4)cc3[nH]2)cc1,1464,C27H28N6O,452.6,4.6,73.1,664,2,5,5
T5888,COc1ccc(O)c(C(=O)O)c1,75787,C8H8O4,168.15,2.5,66.8,168,2,4,2
T6987,N[C@@H](CCl)C(=O)O,439772,C3H6ClNO2,123.54,-2.8,63.3,75,2,3,2
T7113,CCCCCCCC(=O)CCc1ccc(O)c(OC)c1,94378,C17H26O3,278.4,3.8,46.5,265,1,3,10
T5850,N=C(NCc1ccccc1)NC(=O)c1nc(Cl)c(N)nc1N,108107,C13H14ClN7O,319.75,1.7,145,413,4,6,4
T5880,Cl.NOCC(=O)O.NOCC(=O)O,2723609,C4H11ClN2O6,218.59,,145,52,5,8,4
T5873,O=C(O)c1c(O)cccc1O,9338,C7H6O4,154.12,2.2,77.8,147,3,4,1
T5979,O=c1ccn([C@@H]2O[C@H](CO)[C@@H](O)[C@@H]2O)c(=O)[nH]1,18323,C9H12N2O6,244.20,-2,119,370,4,6,2
T5917,COc1cccc(O)c1C(=O)O,591524,C8H8O4,168.15,0.9,66.8,168,2,4,2
T5980,O=C(O)CCC(=O)C(=O)O,51,C5H6O5,146.10,-0.9,91.7,171,2,5,4
T6981,Cn1cc(C(=O)O)ccc1=O,592704,C7H7NO3,153.14,-0.4,57.6,265,1,3,1
T5981,O=c1ccn2c(n1)O[C@H]1[C@H](O)[C@@H](CO)O[C@H]12,806138,C9H10N2O5,226.19,-2.5,91.6,393,2,5,1
T5860,COc1ccc(N2C(=O)CSC2c2cccc(Br)c2)c(OC)c1,3574452,C17H16BrNO3S,394.3,4,64.1,425,0,4,4
T5962,CCNC(=O)C1CC(C)CCC1C(C)C,62907,C13H25NO,211.34,3.5,29.1,213,1,1,3
T5955,Cc1cccc2sc3nncn3c12,39040,C9H7N3S,189.24,1.7,58.4,211,0,3,0
T5954,C[C@](N)(Cc1ccc(O)c(O)c1)C(=O)O.O,18530292,C10H15NO5,229.23,,105,246,5,6,3
T7103,Fc1ccc2c(CCNCc3cccc(OCC(F)(F)C(F)F)c3)c[nH]c2c1,21071390,C20H19F5N2O,398.4,5,37.1,482,2,7,9
T7130,CC[C@@H](Nc1c(Nc2cccc(C(=O)N(C)C)c2O)c(=O)c1=O)c1ccc(C)o1,9865554,C21H23N3O5,397.4,3.1,112,704,3,7,7
T5914,CC(=O)N1CSCC1C(=O)O,98928,C6H9NO3S,175.21,-0.1,82.9,194,1,4,1
T5889,O=c1cc(CO)occ1O,3840,C6H6O4,142.11,-0.9,66.8,214,2,4,1
T6985,c1ccc2c(c1)cc1ccc3cccc4ccc2c1c34,2336,C20H12,252.3,6,0,372,0,0,0
T7095,CCCCCCCCCCCCCCCCCCCCCCCCCC(=O)O,10469,C26H52O2,396.7,11.8,37.3,301,1,2,24
T5843,C[C@@H](C(=O)O)c1ccc(-c2ccccc2)c(F)c1,92337,C15H13FO2,244.26,4.2,37.3,286,1,3,3
T7126,CCC1CN2CCC1CC2C(O)c1ccnc2ccc(OC)cc12,3649,C20H26N2O2,326.4,3.1,45.6,432,1,4,4
T5874,COc1ccccc1C(=O)O,11370,C8H8O3,152.15,1.6,46.5,144,1,3,2
T5982,COc1cccc(C(=O)O)c1,11461,C8H8O3,152.15,2,46.5,144,1,3,2
T5940,CC(O)Cn1cnc2c1c(=O)n(C)c(=O)n2C,4977,C10H14N4O3,238.24,-0.8,78.7,348,1,4,2
T5968,Cl.NC1CCSC1=O,110753,C4H8ClNOS,153.63,,68.4,93,2,3,0
T5805,COC(=O)C1=CCCNC1.Cl,201540,C7H12ClNO2,177.63,,38.3,163,2,3,2
T7107,C[C@H](NC(=O)[C@H](CC(=O)O)NC(=O)CNC(=O)CNC(=O)[C@H](C)NC(=O)[C@@H](N)Cc1c[nH]c2ccccc12)C(=O)N[C@@H](CO)C(=O)NCC(=O)N[C@@H](CCC(=O)O)C(=O)O,68816,C35H48N10O15,848.8,-7.1,407,1610,14,16,25
T7116,Cc1cc(S(=O)(=O)[O-])c2c(C)ccc(C(C)C)cc1-2.[Na+],23669592,C15H17NaO3S,300.4,,65.6,415,0,3,2
T5915,O[C@H]1[C@H](O)[C@H](O)[C@@H](O)[C@H](O)[C@H]1O,892,C6H12O6,180.16,-3.7,121,104,6,6,0
T5983,c1cnc2c(c1)ccc1cccnc12,1318,C12H8N2,180.20,1.8,25.8,182,0,2,0
T7104,CC(O)C(=O)O.CN1CCN(c2ccc3nc(-c4c(N)c5c(F)cccc5[nH]c4=O)[nH]c3c2)CC1,135431668,C24H27FN6O4,482.5,,148,737,5,9,3
T5916,CN(C(=O)OCC1c2ccccc2-c2ccccc21)[C@@H](Cc1ccccc1)C(=O)O,978356,C25H23NO4,401.5,4.8,66.8,580,1,4,7
T5984,O=C(O)c1c[nH]c2ccccc12,69867,C9H7NO2,161.16,2,53.1,193,2,2,1
T5985,O=C(O)CO,757,C2H4O3,76.05,-1.1,57.5,40,2,3,1
T5881,O=[N+]([O-])c1cc(C(F)(F)F)c(Cl)c([N+](=O)[O-])c1Nc1ncc(C(F)(F)F)cc1Cl,91731,C13H4Cl2F6N4O4,465.09,6,117,628,1,12,2
T5988,COC(=O)c1ccc(-c2ccc(C(=O)OC)cc2)cc1,13099,C16H14O4,270.28,3.9,52.6,302,0,4,5
T5966,CCCCC(O)(Cn1cncn1)c1ccc(Cl)cc1Cl,66461,C14H17Cl2N3O,314.2,3.7,50.9,308,1,3,6
T5941,O=C1c2ccc(O)cc2C(=O)c2ccc(O)cc21,6776,C14H8O4,240.21,2.2,74.6,342,2,4,0
T7098,O=C(O)CN(CC(=O)O)c1ccccc1OCCOc1ccccc1N(CC(=O)O)CC(=O)O,104751,C22H24N2O10,476.4,2.2,174,613,4,12,15
T5986,O=C(O)c1ncccc1O,13401,C6H5NO3,139.11,1.3,70.4,137,2,4,1
T7123,Cc1ccc(C(=O)Nc2cccc(C(F)(F)F)c2)cc1-c1ccc2nc(NCCN3CCOCC3)ncc2c1,16086114,C29H28F3N5O2,535.6,5.2,79.4,795,2,9,7
T5890,O=C(O)c1ccc(O)cc1O,1491,C7H6O4,154.12,1.6,77.8,157,3,4,1
T5853,CC[C@@]1(O)C(=O)OCc2c1cc1n(c2=O)Cc2cc3c([N+](=O)[O-])cccc3nc2-1,472335,C20H15N3O6,393.3,0.8,126,861,1,7,1
T7131,O=C1CC[C@H](NC(=O)Cc2ccccc2)C(=O)N1,56260,C13H14N2O3,246.26,0.4,75.3,348,2,3,3
T7118,CCN(CC)CC(C)(C)COC(=O)c1ccc(N)cc1,7177,C16H26N2O2,278.39,3.1,55.6,293,1,4,8
T5969,Cc1ccccc1NC(=N)Nc1ccccc1C,7333,C15H17N3,239.32,3.1,50.4,287,2,1,3
T5862,CCOC(=O)[C@@H](N)CCC(=O)N[C@@H](CSCc1ccccc1)C(=O)N[C@@H](C(=O)OCC)c1ccccc1.O=C(O)C(F)(F)F,155292831,C29H36F3N3O8S,643.7,,199,808,4,13,17
T7193,O=C(N[C@H]1CN2CCC1CC2)c1cc2cccc(Cl)c2s1,46196517,C16H17ClN2OS,320.8,3.8,60.6,413,1,3,2
T7195,CC(C)(C)NCc1ccc(Nc2ccnc3cc(Cl)ccc23)cc1O.Cl.Cl,51071988,C20H24Cl3N3O,428.8,,57.2,428,5,4,5
T7121,Nc1ccc(S(=O)(=O)Nc2cncc(Cl)n2)cc1,66890,C10H9ClN4O2S,284.72,0.9,106,365,2,6,3
T7135,N=C(N)NC(=N)Nc1ccccc1,4780,C8H11N5,177.21,0,103,211,3,1,2
T7147,COc1cc2c(cc1OC)[C@H]1C[C@@H](OC(=O)[C@@H](N)C(C)C)[C@H](CC(C)C)CN1CC2,24795069,C24H38N2O4,418.6,4.3,74,569,1,6,8
T7166,CC(C)(O)c1cc2nc(-c3cnc(N)nc3)nc(N3CCOCC3)c2s1,25242324,C17H20N6O2S,372.4,0.7,139,484,2,9,3
T5607,CC(=O)OCC=C(C)CCC=C(C)C,7780,C12H20O2,196.29,3.5,26.3,233,0,2,6
T7217,OC[C@H]1O[C@@H](c2ccc(Cl)c(Cc3ccc(OCCOC4CC4)cc3)c2)[C@H](O)[C@@H](O)[C@@H]1O,25195624,C24H29ClO7,464.9,2.4,109,569,4,7,9
T7198,Cc1cccc(CCN2CCC(C(=O)c3ccc(NS(C)(=O)=O)cc3)CC2)n1.Cl.Cl,3087190,C21H29Cl2N3O3S,474.4,,87.8,603,3,6,7
T7200,COc1cc(C(=O)NC2CCN(C)CC2)c(F)cc1Nc1ncc2c(n1)N(C1CCCC1)CC(F)(F)C(=O)N2C,53357478,C27H34F3N7O3,561.6,3.6,103,903,2,11,6
T7280,O=C(NCCN1CCC2(CC1)C(=O)NCN2c1ccccc1)c1ccc2ccccc2c1,25105715,C26H28N4O2,428.5,3.9,64.7,669,2,4,5
T7145,Oc1ccc2ccccc2c1N=Nc1nccs1,93572,C13H9N3OS,255.30,4,86.1,313,1,5,2
T7216,CCC1=C[C@@H]2[C@H](C1)C[C@]2(CN)CC(=O)O,59509752,C12H19NO2,209.28,-1.7,63.3,311,2,3,4
T7174,O=c1oc2cc(O)ccc2c2ccc(O)cc12,5488186,C13H8O4,228.20,2.3,66.8,317,2,4,0
T7165,Cc1onc(-c2ccc(F)cc2)c1COc1ccc(C(=O)N2CCS(=O)(=O)CC2)cn1,57336276,C21H20FN3O5S,445.5,1.9,111,711,0,8,5
T7207,CC(=O)c1ccc(NS(C)(=O)=O)c(Oc2ccc(F)cc2F)c1,164009,C15H13F2NO4S,341.3,2.3,80.9,522,1,7,5
T7300,N[C@@H]1CCCN(c2c(Br)cnc3[nH]cc(NC(=O)C4CC4)c23)C1,46917793,C16H20BrN5O,378.27,1.4,87,460,3,4,3
T7183,Cc1ccc(-c2nc(N)nc3c2nnn3Cc2cccc(CO[C@H]3CCOC3)n2)o1,44537963,C20H21N7O3,407.4,0.8,127,573,1,9,6
T7199,CCC(=O)N1CCC(NC(=O)Nc2ccc(OC(F)(F)F)cc2)CC1,44142782,C16H20F3N3O3,359.34,2.6,70.7,457,2,6,4
T7214,Cn1c2cc(S(C)=O)sc2c2cnn(Cc3cccc(N)c3)c(=O)c21,44246499,C17H16N4O2S2,372.5,1.3,128,601,1,6,3
T7150,O=C(Nc1ccc(Cl)c(Cl)c1)Nc1ccc2nnsc2c1,49787174,C13H8Cl2N4OS,339.2,3.7,95.2,389,2,4,2
T7158,COC(=O)N[C@H](C(=O)N1CCC[C@H]1C(=O)Nc1ccc([C@@H]2CC[C@@H](c3ccc(NC(=O)[C@@H]4CCCN4C(=O)[C@@H](NC(=O)OC)C(C)C)cc3)N2c2ccc(C(C)(C)C)cc2)cc1)C(C)C,54767916,C50H67N7O8,894.1,7.9,179,1540,4,9,16
T7163,Cc1nc2ccc(C(=O)N3CCC4(CC3)CC(=O)c3c(cnn3C(C)C)C4)cc2[nH]1,52934180,C23H27N5O2,405.5,2.7,83.9,689,1,4,2
T7196,CNc1nc(Nc2ccc(C(=O)N3CCOCC3)cc2OC)ncc1Cl,58539301,C17H20ClN5O3,377.8,2.1,88.6,466,2,7,5
T5849,O=c1c2cccn2c2ccccc2n1CCCN1CCC(c2ccc(Cl)cc2)CC1,57382073,C25H26ClN3O,419.9,5,28.5,585,0,2,5
T7177,Oc1cc2c(cc1O)CN(C(=S)NCCc1ccc(Cl)cc1)CCC2,2733484,C19H21ClN2O2S,376.9,3.9,87.8,445,3,3,3
T7218,NC(=O)[C@H](Cc1ccccc1)NC(=O)[C@H](Cc1ccccc1)NC(=O)[C@@H]1CCCN1C(=O)[C@@H](N)Cc1ccc(O)cc1,5311081,C32H37N5O5,571.7,2.3,168,911,5,6,12
T7146,C1CNCCN1.O=C(O)CCCCC(=O)O,8905,C10H20N2O4,232.28,,98.7,140,4,6,5
T7184,COc1ccccc1[C@H](Cn1c(=O)n(C(C)(C)C(=O)O)c(=O)c2c(C)c(-c3ncco3)sc21)OC1CCOCC1,71528744,C28H31N3O8S,569.6,3.2,160,947,1,10,9
T7210,Nc1nc2c(ncn2[C@@H]2O[C@H](COP(=O)(O)OP(=O)(O)O)[C@@H](O)[C@H]2O)c(=O)[nH]1,135398619,C10H15N5O11P2,443.20,-4.6,248,760,7,13,6
T7209,COc1ccc(C(C)(C)C)cc1CN[C@H]1C2CCN(CC2)[C@H]1C(c1ccccc1)c1ccccc1,204108,C32H40N2O,468.7,7,24.5,620,1,3,8
T7212,CC(C)Nc1cccnc1N1CCN(C(=O)c2cc3cc(NS(C)(=O)=O)ccc3[nH]2)CC1.CS(=O)(=O)O,441386,C23H32N6O6S2,552.7,,182,842,4,10,6
T7188,CNC(=O)[C@H]1O[C@@H](n2cnc3c(NCc4cccc(I)c4)ncnc32)[C@H](O)[C@@H]1O,123683,C18H19IN6O4,510.3,0.9,134,589,4,8,5
T7144,Cc1ccc(S(=O)(=O)NCc2ccccc2)cc1,95801,C14H15NO2S,261.34,2.7,54.6,333,1,3,4
T7220,CCCCCC1C(=O)CCC1CC(=O)OCCC,11184378,C15H26O3,254.36,3.6,43.4,273,0,3,9
T7157,O=C(NCC(=O)N1CCCC1)Nc1ccc2ccccc2c1,78871801,C17H19N3O2,297.35,2.2,61.4,407,2,2,3
T7137,CC(C)(C)c1cc(-c2ccc(F)cc2)nn2cc(C(=O)N3CCNC(=O)C3(C)C)nc12,117977934,C23H26FN5O2,423.5,3.3,79.6,701,1,5,3
T7155,CNc1nc(Nc2ccc(C(=O)N3CCOCC3)cc2OC)nc2[nH]cc(Cl)c12,112499966,C19H21ClN6O3,416.9,2.5,104,566,3,7,5
T5782,C=C(C)[C@@H]1CC[C@]2(C(=O)O)CC[C@]3(C)[C@H](CC[C@@H]4[C@@]5(C)CC[C@H](OC(=O)CC(C)(C)C(=O)O)C(C)(C)[C@@H]5CC[C@]43C)[C@@H]12,457928,C36H56O6,584.8,9.1,101,1170,2,6,7
T7299,CC(=O)O[C@H]1CC[C@H]2[C@@H]3CCc4cc(O)ccc4[C@H]3CC[C@]12C,6852404,C20H26O3,314.4,4.6,46.5,476,1,3,2
T7309,CN(C)CCNc1nc2cc(O)ccc2c2c1C(=O)c1ccccc1-2.Cl.Cl,135413532,C20H21Cl2N3O2,406.3,,65.5,497,4,5,4
T7301,O=C(Nc1cn[nH]c1-c1ccccn1)c1nn(C2CCNCC2)cc1Cl,85325326,C17H18ClN7O,371.8,1,101,490,3,5,4
T7277,Cc1cc2c(cc1Cl)N(C(=O)Nc1ccc(Oc3cccnc3C)nc1)CC2,3644637,C21H19ClN4O2,394.9,3.8,67.4,550,1,4,3
T7297,O=C(Nc1ccc(Cl)cc1)c1cc2ccccc2cc1OP(=O)(O)O,87517,C17H13ClNO5P,377.7,3,95.9,519,3,5,4
T7305,CCCc1cc(C)[nH]c(=O)c1CNC(=O)c1cc(-c2ccc(N3CCN(C)CC3)nc2)nc2c1cnn2C(C)C,121322599,C30H38N8O2,542.7,3.3,108,988,2,7,8
T7319,C[n+]1cn([C@@H]2O[C@H](CO)[C@@H](O)[C@H]2O)c2[nH]c(N)nc(=O)c21,135445750,C11H16N5O5+,298.28,-1.8,146,474,5,6,2
T7326,CN(C)CCSSCCNC(=O)C1CCN(C(=O)CSc2ccc(Cl)cc2)CC1.O=C(O)C(F)(F)F,86208069,C22H31ClF3N3O4S3,590.1,,166,581,2,11,11
T7215,C[C@@]1(O)[C@H](O)[C@@H](CO)O[C@H]1n1ccc(N)nc1=O,500902,C10H15N3O5,257.24,-2.4,129,424,4,5,2
T7167,CC(C)[C@H](CO)Nc1nc(Nc2ccc(C(=O)O)c(Cl)c2)c2ncn(C(C)C)c2n1,448991,C20H25ClN6O3,432.9,3.8,125,583,4,8,8
T7265,Cc1cc(=O)c2c(O)cc(OCC3CS3)cc2o1,135384973,C13H12O4S,264.30,1.6,81.1,381,1,5,3
T7317,COc1ccc2c(-c3ccc(O)c(C)c3)ccnc2c1,135567383,C17H15NO2,265.31,3.8,42.4,322,1,3,2
T7302,Cc1cc(-c2ccnc3cc(O)ccc23)ccc1O,135567366,C16H13NO2,251.28,3.5,53.4,309,2,3,1
T7261,CC(C)c1ccc(-c2ccc(N[C@H]3CC[C@H](O)CC3)c(C(N)=O)c2)cc1,137321151,C22H28N2O2,352.5,4.7,75.4,451,3,3,5
T7295,O=C(O)[C@H]1CCCN1C(=O)CCCCC(=O)N1CCC[C@@H]1C(=O)O,125516,C16H24N2O6,340.37,0,115,475,2,6,7
T7122,Cc1cc2ncnn2cc1Nc1ncc2c(n1)n(C1CCOCC1)c(=O)n2C,135151360,C18H20N8O2,380.4,1,101,588,1,7,3
T7263,Fc1ccc(Cl)c(COc2cccc3onc(Nc4cccnc4)c23)c1,134813905,C19H13ClFN3O2,369.8,4.7,60.2,461,1,6,5
T7262,Cc1ccc(NC(=O)c2cccc(C(F)(F)F)c2)cc1Nc1cc(-c2cccnc2)nc2[nH]ccc12,138319688,C27H20F3N5O,487.5,5.5,82.7,751,3,7,5
T7138,Cc1noc(C)c1-c1cc(Cl)c(Nc2ccccc2C(=O)NO)c(Cl)c1,138454779,C18H15Cl2N3O3,392.2,4.9,87.4,486,3,5,4
T6944,COC(=O)NC(=S)Nc1ccccc1NC(=S)NC(=O)OC,3032791,C12H14N4O4S2,342.4,2.6,165,407,4,6,4
T7304,O=c1[nH]c2cc([N+](=O)[O-])c([N+](=O)[O-])cc2[nH]c1=O,3899541,C8H4N4O6,252.14,0.1,150,386,2,6,0
T7180,CCN1CCCC1CNC(=O)c1cc(S(=O)(=O)CC)ccc1OC.Cl,3082221,C17H27ClN2O4S,390.9,,84.1,517,2,5,7
T7294,CCCCCCCCCCCCCCCCCCCC(=O)N[C@H]1CC[C@@]2(C)[C@@H](C1)C[C@@H](O)[C@@H]1[C@@H]2C[C@H](O)[C@]2(C)[C@@H]([C@H](C)CCC(=O)O)CC[C@@H]12,18738120,C44H79NO5,702.1,13.1,107,1020,4,5,23
T7276,O=C(CO)N1CCC(c2[nH]nc(-c3ccc(Cl)cc3)c2-c2ccncn2)CC1,9865587,C20H20ClN5O2,397.9,1.9,95,523,2,5,4
T7160,CC(Oc1c(Cl)cccc1Cl)C1=NCCN1,30668,C11H12Cl2N2O,259.13,2.6,33.6,263,1,2,3
T7094,CN1c2c(nc(N)[nH]c2=O)NC[C@@H]1CNc1ccc(C(=O)N[C@@H](CCC(=O)O)C(=O)O)cc1,135398561,C20H25N7O6,459.5,-0.5,198,865,7,10,9
T7143,Cc1sc[n+](CC(=O)c2ccccc2)c1C.[Cl-],216306,C13H14ClNOS,267.77,,49.2,250,0,3,3
T7127,CCCCc1ccc(NS(=O)(=O)c2ccc(F)cc2)cc1,2843133,C16H18FNO2S,307.4,4.4,54.6,391,1,4,6
T7203,N[C@@H](CCC(=O)O)C(=O)N[C@@H](Cc1c[nH]c2ccccc12)C(=O)O,100094,C16H19N3O5,333.34,-2.7,146,484,5,6,8
T7102,CC(C)(C)c1ccc(NC(=O)N2CCN(c3ncccc3Cl)CC2)cc1,9929425,C20H25ClN4O,372.9,4.3,48.5,465,1,3,3
T7129,COc1nccnc1NS(=O)(=O)c1ccc(NC(=O)C=Cc2ccc([N+](=O)[O-])s2)cc1,2915669,C18H15N5O6S2,461.5,2.5,193,760,2,10,7
T7324,CN1Cc2c(ccc3c2OCO3)[C@@H]2[C@H]1c1cc3c(cc1C[C@@H]2O)OCO3.Cl,197809,C20H20ClNO5,389.8,,60.4,560,2,6,0
T7119,Cl.Cl.Cl.Cl.Nc1cc(N)c(N)cc1N,78260,C6H14Cl4N4,284.0,,104,90,8,4,0
T7202,COC(=O)c1csc(C(=O)c2c[nH]c3ccccc23)n1,4668801,C14H10N2O3S,286.31,2.9,100,404,1,5,4
T7191,[Cl-].c1ccc2c(c1)[I+]c1ccccc1-2,2733504,C12H8ClI,314.55,,0,170,0,1,0
T7114,COc1ccc2c3c1O[C@H]1CC(=O)C=C[C@@]31CCN(C)C2,10356588,C17H19NO3,285.34,1.7,38.8,477,0,4,1
T7187,CNCCn1c(=O)c2cc(OC)c(OC)cc2c2cnc3cc4c(cc3c21)OCO4,10294813,C22H21N3O5,407.4,2.2,82.2,636,1,7,5
T7234,Nc1ccc(Cl)nc1,79305,C5H5ClN2,128.56,1.1,38.9,76,1,2,0
T7219,CC(=O)O.O=C(NCC1CCCCN1)c1cc(OCC(F)(F)F)ccc1OCC(F)(F)F,41022,C19H24F6N2O5,474.4,,96.9,531,3,12,7
T7213,CN(CCCCCCCCCCN(C)C(=O)Oc1cccc([N+](C)(C)C)c1)C(=O)Oc1cccc([N+](C)(C)C)c1.[Br-].[Br-],5965,C32H52Br2N4O4,716.6,,59.1,686,0,6,17
T7211,CSCC[C@H](NC(=O)[C@H](Cc1ccccc1)NC(=O)CNC(=O)CNC(=O)[C@@H](N)Cc1ccc(O)cc1)C(=O)O,443363,C27H35N5O7S,573.7,-2.1,225,847,7,9,16
T7173,CC(C)C[C@H](NC(=O)[C@H](Cc1ccccc1)NC(=O)CNC(=O)CNC(=O)[C@@H](N)Cc1ccc(O)cc1)C(=O)O,461776,C28H37N5O7,555.6,-2.3,200,854,7,8,15
T7142,CC(=O)OCC1=C(C(=O)[O-])N2C(=O)[C@@H](NC(=O)CCC[C@@H](N)C(=O)[O-])[C@H]2SC1.[Zn+2],11957494,C16H19N3O8SZn,478.8,,207,726,2,10,8
T7091,CSCC[C@H](NC=O)C(=O)N[C@@H](CC(C)C)C(=O)N[C@@H](Cc1ccccc1)C(=O)O,443295,C21H31N3O5S,437.6,1.5,150,567,4,6,13
T7192,CCOP(=O)(O)OCC,654,C4H11O4P,154.10,-0.3,55.8,103,1,4,4
T7201,COC(=O)Nc1c(N)nc(-c2nn(Cc3ccccc3F)c3ncccc23)nc1N,11690019,C19H17FN8O2,408.4,1.4,147,589,3,9,5
T7281,Cc1cnc(CNCC2(F)CCN(C(=O)c3ccc(F)c(Cl)c3)CC2)nc1,11741361,C19H21ClF2N4O,394.8,2.6,58.1,496,1,6,5
T7164,CC(C)(C)NC[C@H](O)c1ccc(O)c(CO)c1.CC(C)(C)NC[C@H](O)c1ccc(O)c(CO)c1.O=C(O)[C@H](O)[C@@H](O)C(=O)O,10349032,C30H48N2O12,628.7,,261,361,12,14,13
T7153,Cl.Cl.Fc1ccc(C(OCCN2CCN(CCCc3ccccc3)CC2)c2ccc(F)cc2)cc1,104920,C28H34Cl2F2N2O,523.5,,15.7,498,2,5,10
T7117,C[C@H](O)[C@H](O)[C@H]1CNc2nc(N)[nH]c(=O)c2N1.Cl.Cl,135409471,C9H17Cl2N5O3,314.17,,132,405,8,6,2
T7159,CCCc1c(OCCCOc2ccc(OCC(=O)O)cc2)ccc(C(C)=O)c1O,6603901,C22H26O7,402.4,4.7,102,501,2,7,12
T7225,CN(C)N(C)C(=O)[C@@]1(Cc2ccccc2)CCCN(C(=O)[C@@H](Cc2c[nH]c3ccccc23)NC(=O)C(C)(C)N)C1.Cl,16072155,C31H43ClN6O3,583.2,,115,904,4,5,9
T7320,COc1ccc(N2CCOCC2)c2sc(NC(=O)N3CCC(C)(O)CC3)nc12,11618368,C19H26N4O4S,406.5,1.7,115,554,2,7,3
T7149,COc1ccc2c(n1)c(CCNC(=O)c1ccco1)c1n2Cc2cccnc2-1,46861897,C21H18N4O3,374.4,2.3,82.2,576,1,5,5
T7176,Cl.Clc1ccc(CCCOCCCN2CCCCC2)cc1,11551689,C17H27Cl2NO,332.3,,12.5,235,1,2,8
T7186,NCc1ccc(Nc2ncc(F)c(Nc3ccccc3)n2)cc1,15980598,C17H16FN5,309.34,2.9,75.9,342,3,6,5
T7181,Nc1nonc1C(=NO)Nc1ccc(F)c(Br)c1,135741412,C9H7BrFN5O2,316.09,1.7,110,321,3,7,3
T7185,Cl.NCc1ccnc(Cl)c1,66570668,C6H8Cl2N2,179.04,,38.9,87,2,2,1
T7292,CC(C)Nc1cc(-c2csc(N(C)C(=O)c3ccc(F)cc3)n2)ncn1,16660135,C18H18FN5OS,371.4,3.5,99.3,474,1,7,5
T5S1094,C[C@@H]1O[C@@H](OC[C@H]2O[C@@H](OCCc3ccc(O)c(O)c3)[C@H](O)[C@@H](O)[C@@H]2O)[C@H](O)[C@H](O)[C@H]1O,69634125,C20H30O12,462.4,-2.5,199,581,8,12,7
T7136,CCCNC(=O)c1nnc2c(-c3cc(OC)ccc3OC)cccc2c1N,23630026,C20H22N4O3,366.4,3.1,99.4,492,2,6,6
T7264,COc1ccc2c(c1)c(C(=O)Nc1cc(C(=O)OC(C)(C)C)ccc1F)cn2C(C)=O,137628649,C23H23FN2O5,426.4,3.6,86.6,694,1,6,6
T7284,CC(=O)O.N=C(N)NCCC[C@H](NC(=O)[C@@H]1CCCN1C(=O)[C@@H]1CSSC[C@H](N)C(=O)N[C@@H](Cc2ccc(O)cc2)C(=O)N[C@@H](Cc2ccccc2)C(=O)N[C@@H](CCC(N)=O)C(=O)N[C@@H](CC(N)=O)C(=O)N1)C(=O)NCC(N)=O,9549168,C48H69N15O14S2,1144.3,,552,2100,15,18,19
T7311,CC(=O)Oc1ccc(C2(c3ccc(OC(C)=O)cc3)C(=O)Nc3ccccc32)cc1,8269,C24H19NO5,401.4,3.5,81.7,625,1,5,6
T7389,Brc1cc2c(cc1[C@@H]1Nc3ccccc3[C@@H]3C=CC[C@@H]31)OCO2,7433743,C19H16BrNO2,370.2,4.9,30.5,484,1,3,1
T7343,Cc1ccc(-c2ccc3ncc4c(c3n2)n(C2CCN(C(=O)[C@H](C)O)CC2)c(=O)n4C)cn1,46866705,C24H26N6O3,446.5,1,103,744,1,6,3
T7316,Cc1nc(N2CCN(C)CC2)c2nc(-c3ccccc3Cl)n(C3CCOCC3)c2n1,46833780,C22H27ClN6O,426.9,3.3,59.3,570,0,6,3
T7362,O=C(Nc1nc(=O)n(Cc2ccc(Cl)cc2)s1)c1ccc(Cl)cc1,50923806,C16H11Cl2N3O2S,380.2,4.1,87.1,515,1,3,4
T7349,C[C@H](NCc1ccc(OCc2ccccc2F)cc1)C(N)=O,5745207,C17H19FN2O2,302.34,2.2,64.4,346,2,4,7
T7378,O=C(O)c1ccc2c(c1)nc(NC(=O)c1ccccc1)n2CCCc1ccccc1,73755260,C24H21N3O3,399.4,4.4,84.2,586,2,4,7
T7346,CCCc1nn(C)c2c(=O)[nH]c(-c3cc(S(=O)(=O)N4CCN(CCO)CC4)ccc3OCC)nc12,135452901,C23H32N6O5S,504.6,0.8,138,872,2,9,9
T7376,CCCCCC(=O)N[C@@H](Cc1ccc(O)cc1)C(=O)N[C@H](C(=O)NCCCCCC(N)=O)[C@@H](C)CC,129010512,C27H44N4O5,504.7,2.3,151,679,5,5,18
T7315,NC(=O)c1ccc2nc(-c3ccc(C4(N)CCC4)cc3)c(-c3ccccc3)n2n1,70817911,C23H21N5O,383.4,2.4,99.3,594,2,4,4
T7388,CCS(=O)(=O)c1ccc(CC(=O)Nc2cc(Cl)c(-c3ccccc3OC(F)(F)F)c(Cl)c2)cc1,71285927,C23H18Cl2F3NO4S,532.4,6.4,80.9,772,1,7,7
T4404,COC(=O)C(NC(=O)OC(C)(C)C)C1COC1,72208218,C11H19NO5,245.27,0.8,73.9,293,1,5,6
T7379,O=c1cc(-c2ccc(O)c(O)c2O)oc2ccccc12,22507438,C15H10O5,270.24,2.5,87,418,3,5,1
T7342,Cc1c(CN2CCN(C)CC2)cc(-c2ccc(Cl)cc2)n1-c1ccc(Cl)cc1,456926,C23H25Cl2N3,414.4,5.3,11.4,480,0,2,4
T7327,COc1ccc2c(=O)c(-c3ccccc3)coc2c1,638006,C16H12O3,252.26,3.2,35.5,368,0,3,2
T7307,C[C@@H](Nc1nc(N[C@H](C)C(F)(F)F)nc(-c2cccc(Cl)n2)n1)C(F)(F)F,117817422,C14H13ClF6N6,414.74,5.3,75.6,448,2,12,5
TMA1603,O=C(CC(O)(CC(=O)OCc1ccc(O[C@@H]2O[C@H](CO)[C@@H](O)[C@H](O)[C@H]2O)cc1)C(=O)O)OCc1ccc(O[C@@H]2O[C@H](CO)[C@@H](O)[C@H](O)[C@H]2O)cc1,10676408,C32H40O19,728.6,-2.7,309,1050,10,19,17
T7398,O=C1C2=C(CCN(Cc3ccccc3)C2)N2CCN=C2N1Cc1ccc(C(F)(F)F)cc1,124085867,C24H23F3N4O,440.5,2.8,39.2,779,0,6,4
T7321,CN1CCC(c2cc(-c3ccncc3)c(-c3ccc(F)cc3)[nH]2)CC1,500899,C21H22FN3,335.4,3.6,31.9,409,1,3,3
T3295,Cn1ccc(N)n1,137254,C4H7N3,97.12,-0.1,43.8,64,1,2,0
T7370,CCC(CC)C(c1ccc(Nc2nc3ccccc3s2)cc1)n1cncn1,9799888,C21H23N5S,377.5,6,83.9,452,1,5,7
T7351,Cn1c(=N)ccn([C@@H]2O[C@H](CO)[C@@H](O)[C@H]2O)c1=O,14237477,C10H15N3O5,257.24,-1.7,117,399,4,6,2
T7381,Cl.O=C(O)C(=O)Nc1sc2c(c1C(=O)O)CCNC2,56972185,C10H11ClN2O5S,306.72,,144,388,5,7,3
T5S2102,COc1cc(C(=O)OCCCCNC(=N)N)cc(OC)c1O,161464,C14H21N3O5,311.33,0.5,129,359,3,6,9
T7308,CN1Cc2c(N)cccc2C(c2ccccc2)C1,4528,C16H18N2,238.33,2.6,29.3,272,1,2,1
T7310,CCc1cccc2c1c(O)c(C(=O)N(CC)c1ccccc1)c(=O)n2C,54684617,C21H22N2O3,350.4,3.8,60.9,580,1,3,4
T7331,C[C@H](CCC(=O)O)[C@H]1CC[C@H]2[C@@H]3[C@@H](O)C[C@@H]4C[C@H](O)CC[C@]4(C)[C@H]3C[C@H](O)[C@]12C,122340,C24H40O5,408.6,3.6,98,637,4,5,4
T7344,CNC(=NCCC[C@H](N)C(=O)O)NC,169148,C8H18N4O2,202.25,-3.7,99.7,206,4,4,7
T7364,CS(=O)(=O)c1cccc(NC(=O)N(Cc2ccc(C(=O)Nc3nn[nH]n3)cc2)c2ccc(C3CCCCC3)cc2)c1,23549991,C29H31N7O4S,573.7,4.7,158,970,3,7,8
T7336,O=C(Nc1ccc(S(=O)(=O)Nc2nccs2)cc1)C(c1ccccc1)c1ccccc1,998021,C23H19N3O3S2,449.5,3.2,125,659,2,6,7
T7406,O=C(O)c1cccc(S(=O)(=O)N2CCc3ccccc3C2)c1,712934,C16H15NO4S,317.4,2.1,83.1,513,1,5,3
T7312,NC(=O)c1c(NC(=O)C2CC2)sc2c1CCCC2,673481,C13H16N2O2S,264.35,2.2,100,370,2,3,3
T7329,O=C(Nc1ccc2c(c1)oc1ccccc12)c1ccc([N+](=O)[O-])o1,2866412,C17H10N2O5,322.27,4.1,101,508,1,5,2
T7330,Cc1onc(-c2ccccc2)c1C(=O)N1CCN(c2ccc([N+](=O)[O-])cc2Cl)CC1,2863945,C21H19ClN4O4,426.9,3.9,95.4,619,0,6,3
T7382,CC1(C)CC(NC(=O)C(=O)Nc2ccc(Br)cc2)CC(C)(C)N1,5279270,C17H24BrN3O2,382.3,2.9,70.2,441,3,3,2
T7352,CCCN1CCC(c2cccc(S(C)(=O)=O)c2)CC1,9795739,C15H23NO2S,281.4,2.6,45.8,366,0,3,4
T7340,CCNC(=O)[C@H]1O[C@@H](n2cnc3c(N)ncnc32)[C@H](O)[C@@H]1O,448222,C12H16N6O4,308.29,-0.7,148,426,4,8,3
T7421,CC1CCN(CCCC(=O)c2ccc(F)cc2)CC1,15387,C16H22FNO,263.35,3.3,20.3,278,0,3,5
T7413,c1cc(OCCCN2CCCCC2)ccc1CN1CCCCC1,2766326,C20H32N2O,316.5,3.8,15.7,303,0,3,7
T7335,NC[C@H](N)C(=O)O,97328,C3H8N2O2,104.11,-4.3,89.3,73,3,4,2
T7334,O=C(CC(c1ccccc1)c1ccccc1)N1CCN(C(c2ccccc2)c2ccccc2)CC1,4988454,C32H32N2O,460.6,6.1,23.6,581,0,2,7
T7337,OC[C@H]1O[C@@H](n2cnc3c(NCc4ccco4)ncnc32)[C@H](O)[C@@H]1O,20345,C15H17N5O5,347.33,0.2,139,460,4,9,5
T7357,C[C@@H](CN)C(=O)O,439434,C4H9NO2,103.12,-2.9,63.3,72,2,3,2
T7339,CC[C@H](C)[C@H](NC(=O)[C@H](Cc1ccc(O)cc1)NC(=O)[C@@H](NC(=O)[C@H](CCCNC(=N)N)NC(=O)[C@@H](N)CC(=O)O)C(C)C)C(=O)N[C@@H](Cc1cnc[nH]1)C(=O)N1CCC[C@H]1C(=O)O,123805,C41H62N12O11,899.0,-3,380,1660,12,14,25
T7354,CC(C)[C@H](N)C(=O)N1CCC[C@H]1C(=O)N1CCC[C@H]1C(=O)O,9818200,C15H25N3O4,311.38,-2.1,104,466,2,5,4
T7345,O=c1ccoc2cc(O)ccc12,5409279,C9H6O3,162.14,1.4,46.5,222,1,3,0
T7356,O=C1CN(c2ccccc2)S(=O)(=O)N1,4369452,C8H8N2O3S,212.23,0.4,74.9,327,1,4,1
T7386,CC[N+](C)(C)Cc1ccccc1Br.Cc1ccc(S(=O)(=O)[O-])cc1,6100,C18H24BrNO3S,414.4,,65.6,349,0,3,3
T7338,CCCCCCC[n+]1ccc(-c2cc[n+](CCCCCCC)cc2)cc1.[Br-].[Br-],80262,C24H38Br2N2,514.4,,7.8,282,0,2,13
T7393,COc1cc(C(=O)N(CCCc2ccccc2)Cc2ccc(CC(=O)O)cc2)cc(OC)c1C,66775043,C28H31NO5,461.5,5,76.1,612,1,5,11
T7363,CC(C)Cc1ccc(C(C)C(=O)OCc2ccccn2)cc1,3673,C19H23NO2,297.4,4.3,39.2,334,0,3,7
TMA0835,C[C@@H]1O[C@@H](O[C@H]2[C@H](OC(=O)[C@]34CCC(C)(C)C[C@H]3C3=CC[C@@H]5[C@@]6(C)C[C@H](O)[C@H](O[C@@H]7O[C@H](CO[C@@H]8O[C@H](CO)[C@@H](O)[C@H](O)[C@H]8O)[C@@H](O)[C@H](O)[C@H]7O)C(CO)(CO)[C@@H]6CC[C@@]5(C)[C@]3(C)C[C@H]4O)OC[C@H](O)[C@@H]2O)[C@H](O)[C@H](O)[C@H]1O[C@@H]1OC[C@@H](O)[C@H](O)[C@H]1O,70698190,C58H94O29,1255.3,-4.6,474,2420,18,29,15
T7353,O=C(Nc1ccccc1F)N[C@H]1N=C(c2ccccc2)c2ccccc2NC1=O,5279172,C22H17FN4O2,388.4,3.3,82.6,634,3,4,3
T7416,COc1ccc(NC(=O)[C@@H]2C[C@H](C)CC[C@H]2C(C)C)cc1,11266244,C18H27NO2,289.4,4.6,38.3,334,1,2,4
T7366,Cc1cnc(NC(=O)c2cc(S(=O)(=O)N(C)C)ccc2N2CCCC2)s1,2519269,C17H22N4O3S2,394.5,2.3,119,602,1,7,5
T7409,C[n+]1cc(NC(=O)c2cccc(C(=O)Nc3cc4ccccc4[n+](C)c3)n2)cc2ccccc21,11430774,C27H23N5O2+2,449.5,4,78.9,674,2,3,4
T7410,Cc1nc2c([nH]1)c(=O)n(C)c(=O)n2Cc1ccco1,3433,C12H12N4O3,260.25,0.6,82.4,402,1,4,2
T7350,COc1ccc(NC(=O)Nc2ccc(F)cc2F)cc1-c1c(Br)cnn1C,11683556,C18H15BrF2N4O2,437.2,3.3,68.2,518,2,5,4
T7359,CN(C1CCc2c(c3ccccc3n2CC(=O)O)C1)S(=O)(=O)c1ccc(F)cc1,11384493,C21H21FN2O4S,416.5,3.4,88,704,1,6,5
T7355,Oc1c(Cl)cc(Cl)cc1CNc1ccc2nn[nH]c2c1,11771269,C13H10Cl2N4O,309.15,3.4,73.8,335,3,4,3
T7392,CN(CCN1CCC(OC(=O)Nc2ccccc2-c2ccccc2)CC1)C(=O)c1ccc(CN2CCC(C(N)=O)CC2)cc1,11753673,C35H43N5O4,597.7,4.1,108,918,2,6,11
T3S1196,C[C@H](CC[C@@H](O[C@@H]1O[C@H](CO)[C@@H](O)[C@H](O)[C@H]1O[C@@H]1O[C@H](CO)[C@@H](O)[C@H](O)[C@H]1O)C(C)(C)O)[C@H]1CC[C@@]2(C)[C@H]3CC=C4[C@@H](CC[C@H](O[C@@H]5O[C@H](CO[C@@H]6O[C@H](CO)[C@@H](O)[C@H](O)[C@H]6O)[C@@H](O)[C@H](O)[C@H]5O)C4(C)C)[C@]3(C)[C@H](O)C[C@]12C,102004786,C54H92O24,1125.3,-1.5,398,2030,16,24,17
T7369,N[C@@H](CC(=O)N1CCc2c(nc(C(F)(F)F)nc2C(F)(F)F)C1)CN1CC(F)(F)CCC1=O,11953153,C18H19F8N5O2,489.4,0.7,92.4,746,1,13,4
T7400,O=C(CBr)N1CC([N+](=O)[O-])([N+](=O)[O-])C1,15950826,C5H6BrN3O5,268.02,0,112,273,0,5,1
T7401,C[C@@H](CN)C(=O)O.Cl,56971765,C4H10ClNO2,139.58,,63.3,72,3,3,2
T7391,O=c1[nH]ccc2cc(OC3CCNCC3)ccc12,15604510,C14H16N2O2,244.29,1.4,50.4,337,2,3,2
T7395,O=C(O)CCCc1cc2cc(Cl)ccc2n1S(=O)(=O)c1ccc2ncsc2c1,68677842,C19H15ClN2O4S2,434.9,4.5,126,686,1,6,6
T7371,CC(C)(C)n1nc(-c2cccc3ccccc23)c2c(N)ncnc21.Cl,10066681,C19H20ClN5,353.8,,69.6,448,2,4,2
T7375,COCCn1c(C)c(C)sc1=NC(=O)C1C(C)(C)C1(C)C,17754357,C16H26N2O2S,310.5,3.2,67.2,506,0,3,4
T7652,CCN(Cc1cc(C(F)(F)F)ccc1-c1cc(CC(=O)O)ccc1OC)C(=O)NCc1ccccc1,44158492,C27H27F3N2O4,500.5,4.9,78.9,714,2,7,9
T7499,Cc1ccc(-c2ccc3c(c2)C=C(C(=O)Nc2ccc(C[N+](C)(C)C4CCOCC4)cc2)CCC3)cc1.[Cl-],183789,C33H39ClN2O2,531.1,,38.3,769,1,3,6
T7424,COC(=O)c1cc(Cl)c(O)c(S(=O)(=O)Nc2cc(-c3ccccc3)c(F)cc2F)c1,137796782,C20H14ClF2NO5S,453.8,4.9,101,700,2,8,6
T7504,CN1C(=O)NC(Cc2c[nH]c3c(Cl)cccc23)C1=O,643953,C13H12ClN3O2,277.70,1.9,65.2,403,2,2,2
T7425,Cc1cc(CSc2ccccc2C(=O)NCCNc2ccc(C(F)(F)F)cc2[N+](=O)[O-])on1,40135492,C21H19F3N4O4S,480.5,5,138,666,2,10,8
T7414,C=CC(=O)N1CC(N2CCN(C(=O)CNc3cc(C4(C)CC4)c(Cl)cc3O)CC2)C1,86279165,C22H29ClN4O3,432.9,2.9,76.1,671,2,5,6
T7488,CN1CCN(CCc2ccc(Cl)c(Cl)c2)CC1.Cl.Cl,11617161,C13H20Cl4N2,346.1,,6.5,229,2,2,3
T7436,O=C(O)c1ccnc(N2CC(O)(c3ccc(OCc4c(-c5c(Cl)cccc5Cl)noc4C4CC4)cc3Cl)C2)c1,71228883,C28H22Cl3N3O5,586.8,5.3,109,867,2,8,8
T7602,O=c1c(O)cc([C@H]2Oc3cc(O)cc(O)c3C[C@H]2O)cc2c([C@H]3Oc4cc(O)cc(O)c4C[C@H]3O)cc(O)c(O)c12,135403798,C29H24O12,564.5,2.4,218,1060,9,12,2
T7448,CC(O)[C@H](C)[C@H](N)C(=O)O,2773624,C6H13NO3,147.17,-2.8,83.6,126,3,4,3
T7549,CCC(NC(=O)c1c(O)c(-c2ccccc2)nc2ccccc12)c1ccccc1,133090,C25H22N2O2,382.5,5.7,62.2,527,2,3,5
T7435,C[C@@H]1CCc2ncc(F)cc2[C@H]2CCCN2c2ccn3ncc(c3n2)C(=O)N1,129103609,C20H21FN6O,380.4,2,75.4,593,1,6,0
T7524,CNC(=S)NCCSCc1[nH]cnc1C,1548992,C9H16N4S2,244.4,0.5,110,201,3,3,5
T7506,Clc1cccc(Cl)c1CSc1nnc(-c2cnccn2)s1,2746822,C13H8Cl2N4S2,355.3,3.5,105,329,0,6,4
T7526,O=C(Nc1ccc(C(F)(F)F)cn1)N1CCN(c2ncccc2C(F)(F)F)CC1,11339118,C17H15F6N5O,419.32,3,61.4,563,1,10,2
T7418,CC(=O)Nc1cc(Oc2ccc3c(c2)CCN3C(=O)Nc2ccc(CN3CCN(C)CC3)c(C(F)(F)F)c2)ncn1,59596344,C28H30F3N7O3,569.6,2.9,103,904,2,10,6
T7428,CCS(=O)(=O)c1ncc(Cl)c(C(=O)Oc2cccc(C)c2)n1,18879973,C14H13ClN2O4S,340.8,2.9,94.6,494,0,6,5
T7514,CNc1nc2c(ncn2[C@@H]2O[C@H](CO)[C@@H](O)[C@H]2O)c(=O)[nH]1,135501934,C11H15N5O5,297.27,-1.5,141,460,5,7,3
T7490,Oc1ccccc1NCc1ccccn1,14936865,C12H12N2O,200.24,2,45.2,186,2,3,3
T7423,O=c1ccn(C2OC(COP(=O)([O-])OP(=O)([O-])OP(=O)([O-])OP(=O)([O-])OCC3OC(n4ccc(=O)[nH]c4=O)C(O)C3O)C(O)C2O)c(=O)[nH]1.[Na+].[Na+].[Na+].[Na+],137795696,C18H22N4Na4O23P4,878.2,,405,1460,6,23,14
T7525,O=C(NO)c1ccc(O)c(O)c1,3045,C7H7NO4,169.13,0.4,89.8,173,4,4,1
T7420,COC(=O)CC(NC(=O)C(NC(=O)OC(C)C)C(C)C)c1ccc(Cl)cc1,15982923,C19H27ClN2O5,398.9,3.4,93.7,504,2,5,10
T7579,O=C(c1ccc2c(c1)OCO2)N1CCCCC1,1370,C13H15NO3,233.26,2,38.8,288,0,3,1
T7516,CCN(c1ccccc1)c1cc(=NC)n(C)c(C)n1.Cl,123983,C15H21ClN4,292.81,,31.2,402,1,3,3
T7509,OCC1OC(n2cnc3c(NC4CCc5ccccc54)ncnc32)C(O)C1O,13424661,C19H21N5O4,383.4,1.5,126,556,4,8,4
T7547,CS(=O)(=O)O.C[C@H](NCc1ccc(OCc2ccccc2F)cc1)C(N)=O,23661379,C18H23FN2O5S,398.5,,127,438,3,7,7
T7485,CNC(=O)Sc1ccc(OS(C)(=O)=O)cc1,93362,C9H11NO4S2,261.3,1.6,106,328,1,5,4
T7412,O=C(O)CC(O)(CC(=O)O)C(=O)O.O=C1C2C3CCC(C3)C2C(=O)N1CCCCN1CCN(c2ncccn2)CC1,22397531,C27H37N5O9,575.6,,202,799,4,13,11
T7581,CC(C)n1nccc1-c1ncccc1COc1cccc(O)c1C=O,71602803,C19H19N3O3,337.4,2.7,77.2,434,1,5,6
T7555,CCN1CCCC(OC(=O)C(c2ccccc2)c2ccccc2)C1.Cl,8520,C21H26ClNO2,359.9,,29.5,367,1,3,6
T7565,CCCCCCCC(O)CC(=O)O,26612,C10H20O3,188.26,2.5,57.5,134,2,3,8
T7580,O=C(c1ccc2c(c1)OCCO2)N1CCCCC1,2890,C14H17NO3,247.29,1.1,38.8,301,0,3,1
T7551,CCC1(O)C(=O)OCc2c1cc1n(c2=O)Cc2c-1nc1ccccc1c2CCNC(C)C.Cl,78422556,C25H28ClN3O4,470.0,,91.8,865,3,6,5
T7486,C[C@@H]1N=C(N)NC(N(C)C)=N1.Cl,54763513,C6H14ClN5,191.66,,66,205,3,2,1
T7417,O=C(Nc1nc(-c2cc(Cl)cs2)c(N2CCN(C3CCCCC3)CC2)s1)c1cnc(N2CCC(C(=O)O)CC2)c(Cl)c1,9852519,C29H34Cl2N6O3S2,649.7,4,158,935,2,10,7
T7589,CC(=O)O.CCCC[C@H](NC(=O)[C@H](CO)NC(=O)[C@H](Cc1ccc(O)cc1)NC(=O)[C@H](CO)NC(C)=O)C(=O)N[C@@H](CCC(=O)O)C(=O)N[C@@H](Cc1c[nH]cn1)C(=O)N[C@H](Cc1ccccc1)C(=O)N[C@@H](CCCNC(=N)N)C(=O)N[C@@H](Cc1c[nH]c2ccccc12)C(=O)NCC(=O)N[C@@H](CCCCN)C(=O)N1CCC[C@H]1C(=O)N[C@H](C(N)=O)C(C)C,131839615,C80H115N21O21,1706.9,,680,3390,24,24,51
T7447,Nc1ncnc2c1ncn2CCOCP(=O)(O)O,60172,C8H12N5O4P,273.19,-2,136,327,3,8,5
T7528,CC(C)=CCCC(C)=CCCC(C)=CCCC(=O)OCC=C(C)CCC=C(C)C,3459,C27H44O2,400.6,9.1,26.3,619,0,2,15
T7303,Cc1ccc(F)cc1C(=O)Nc1ccc(C(=O)N2Cc3cccn3Cc3ccccc32)c(Cl)c1,172997,C27H21ClFN3O2,473.9,4.8,54.3,753,1,3,3
T7402,Oc1cccc(CNc2ncnc3[nH]cnc23)c1,11557770,C12H11N5O,241.25,1.6,86.7,277,3,5,3
T7523,N=C(N)N[C@@H](CC(=O)O)C(=O)O,439918,C5H9N3O4,175.14,-2,139,221,4,5,4
T7518,Nc1ccn([C@H]2C[C@H](O)[C@@H](COP(=O)([O-])OP(=O)([O-])OP(=O)([O-])O)O2)c(=O)n1.[Na+].[Na+].[Na+],53486366,C9H13N3Na3O13P3,533.10,,256,805,3,13,8
T7521,CN1CCN(c2cc3c(nn2)Oc2ccccc2N3C)CC1.Cl.Cl,159976,C16H21Cl2N5O,370.3,,44.7,387,2,6,1
T7569,COc1cc(N)c(Cl)cc1C(=O)NC1CCN(Cc2ccccc2)CC1.O=C(O)CC(O)C(=O)O,14178874,C24H30ClN3O7,508.0,,162,579,5,9,8
T7572,CC(C)NCCN(C(C)C)S(=O)(=O)c1ccc(Cl)cc1Cl,3601086,C14H22Cl2N2O2S,353.3,3.5,57.8,410,1,4,7
T7459,Cc1ccc(-c2ccc(C)cn2)nc1,15664,C12H12N2,184.24,2.2,25.8,161,0,2,1
T7527,COc1ccc2nc(NC(=O)Nc3ccccc3)sc2c1,33334,C15H13N3O2S,299.3,3.2,91.5,363,2,4,3
T7411,C=C(C)CSc1nnc2c(n1)[nH]c1ccccc12,5731061,C13H12N4S,256.33,3.2,79.8,322,1,4,3
T7482,O=C(O)c1cc(O)cc(Cl)c1,13071646,C7H5ClO3,172.56,1.8,57.5,160,2,3,1
T7472,O=c1cc(-c2ccccc2)oc2cc(O)ccc12,5281894,C15H10O3,238.24,3.6,46.5,355,1,3,1
T7479,CC1(C)CCC[C@]2(C)[C@H]3CCO[C@]3(C)CC[C@@H]12,10857465,C16H28O,236.39,4.7,9.2,321,0,1,0
T7440,ClC(Cl)=C(c1ccc(Cl)cc1)c1ccc(Cl)cc1,3035,C14H8Cl4,318.0,7,0,269,0,0,2
T7491,COc1nc(N)nc2c1ncn2[C@@H]1O[C@H](CO)[C@@H](O)[C@H]1O,96312,C11H15N5O5,297.27,-0.7,149,377,4,9,3
T7550,COC(=O)C1=C(C)NC(C)=C(C(=O)O[C@H]2CCN(Cc3ccccc3)C2)[C@H]1c1cccc([N+](=O)[O-])c1,443869,C27H29N3O6,491.5,4.2,114,917,1,8,8
T7454,O=C(O)c1ccc(Br)c(O)c1,6420973,C7H5BrO3,217.02,2.2,57.5,160,2,3,1
T7474,O=[N+]([O-])c1cccc2cn[nH]c12,1893,C7H5N3O2,163.13,1.8,74.5,192,1,3,0
T7475,C[S+](CCC(N)C(=O)[O-])CC1OC(n2cnc3c(N)ncnc32)C(O)C1O,5136,C15H22N6O5S,398.4,-2.8,186,527,4,10,6
T7560,CC(C)(C)C(=O)OCOC(=O)C1N2C(=O)C(N=CN3CCCCCC3)C2SC1(C)C.Cl,11503851,C21H34ClN3O5S,476.0,,114,710,1,7,8
T7561,Cl.O=C1CCC(c2ccccc2)(C2CCN(Cc3ccccc3)CC2)C(=O)N1,21846,C23H27ClN2O2,398.9,,49.4,528,2,3,4
T7469,NCCCC(O)(P(=O)(O)O)P(=O)(O)O,2088,C4H13NO7P2,249.10,-6.5,161,257,6,8,5
T7444,CN(C)c1ncnc2[nH]cnc12,3134,C7H9N5,163.18,0.7,57.7,160,1,4,1
T7407,O=C1CCC(C(=O)NC(Cc2c[nH]cn2)C(=O)N2CCCC2C(=O)O)N1,4968,C16H21N5O5,363.37,-1.8,144,598,4,6,6
T7419,CC(=O)NCC1CN(c2ccc(N3CCSCC3)c(F)c2)C(=O)O1,18535983,C16H20FN3O3S,353.4,1.5,87.2,475,1,6,4
T7533,O=S1(=O)CCN(CN2CCS(=O)(=O)NC2)CN1,29566,C7H16N4O4S2,284.4,-1.7,116,419,2,8,2
T7519,CC(C)c1cc(-c2ccc(F)c3ccccc23)nc(N)n1.Cl,9905058,C17H17ClFN3,317.8,,51.8,349,2,4,2
T7512,O=c1oc(-c2ccc(C(F)(F)F)cc2)nn1Cc1cc(Cl)ccc1O,10474339,C16H10ClF3N2O3,370.71,4.3,62.1,535,1,7,3
T7629,CC(C)CCCC(C)C1CCC2C3CCC4=CC(=NO)CCC4(C)C3CCC12C,228400,C27H45NO,399.7,8.8,32.6,663,1,2,5
T7517,Cc1ccc(NC(=O)c2snnc2C)cc1Cl,2804318,C11H10ClN3OS,267.74,3,83.1,292,1,4,2
T7128,CCCCN(Cc1ccccc1)C(=O)c1ccc(S(=O)(=O)Nc2ccccc2)cc1,137796294,C24H26N2O3S,422.5,4.7,74.9,611,1,4,9
T7458,O=C(O)CCCCc1ccccc1,16757,C11H14O2,178.23,2.7,37.3,148,1,2,5
T7558,CC1(C)Cc2c(sc(NC(=S)NC(=O)c3ccccc3)c2C(=O)O)CO1,1067700,C18H18N2O4S2,390.5,3.4,148,578,3,6,3
T7545,NC(=O)c1ccc(N)nc1,9500,C6H7N3O,137.14,0.7,82,137,2,3,1
T7476,Cc1cc(C(=O)O)n[nH]1,9822,C5H6N2O2,126.11,0.5,66,126,2,3,1
T7529,C[C@H]1CC[C@@]2(OC1)O[C@H]1C[C@H]3[C@@H]4CC=C5C[C@@H](O)CC[C@]5(C)[C@H]4CC[C@]3(C)[C@H]1[C@@H]2C,441900,C27H42O3,414.6,5.7,38.7,746,1,3,0
T7626,CC(C)(C)N1CCC(c2ccccc2)(c2ccccc2)CC1,68778,C21H27N,293.4,5.2,3.2,313,0,1,3
T7507,CC(NC(=O)CCC(N)C(=O)O)C(=O)O,5154674,C8H14N2O5,218.21,-3.8,130,266,4,6,6
T7437,O=C(O)CCc1cccc(O)c1,91,C9H10O3,166.17,1.4,57.5,156,2,3,3
T7415,COc1ccc(CNC(=O)CCl)cc1OC,2392259,C11H14ClNO3,243.68,1.2,47.6,225,1,3,5
T7457,Cc1cn(C2CC(O)C(CO)O2)c(=O)nc1N,1835,C10H15N3O4,241.24,-1.4,108,393,3,4,2
T7563,COc1cc2c(cc1OC)C1CC(O)C(CC(C)C)CN1CC2,123836,C19H29NO3,319.4,3.2,41.9,389,1,4,4
T5618,O=C(Nc1cccc([N+](=O)[O-])c1)c1cccc(S(=O)(=O)N2CCCCCC2)c1,1341463,C19H21N3O5S,403.5,2.9,121,649,1,6,4
T7568,O=C(NCCO)c1cc(C(=O)NCCO)cc(C(=O)NCCO)c1,2054170,C15H21N3O6,339.34,-2.3,148,358,6,6,9
T7456,CCCCC(CC)CCC(=O)O,61840,C10H20O2,172.26,3.6,37.3,121,1,2,7
T7593,CN1c2c(nc(N)[nH]c2=O)NCC1CNc1ccc(C(=O)NC(CCC(=O)[O-])C(=O)[O-])cc1.[Ca+2],135743632,C20H23CaN7O6,497.5,,204,854,5,10,7
T7464,CC(C)(CC(=O)O)CC(=O)O,20984,C7H12O4,160.17,0.4,74.6,153,2,4,4
T7450,CC(=O)C(=O)c1ccccc1,11363,C9H8O2,148.16,1.7,34.1,166,0,2,2
T7543,Br.Br.N=C(N)SCCN,5940,C3H11Br2N3S,281.02,,101,63,5,3,3
T7483,COc1ccc(Br)c(C=O)c1O,262237,C8H7BrO3,231.04,2.1,46.5,162,1,3,2
T7539,Nc1nc(OCc2ccccc2)c2nc[nH]c2n1,4578,C12H11N5O,241.25,1.2,89.7,271,2,5,3
T7439,COc1cccc(C(N)=O)c1,98487,C8H9NO2,151.16,0.9,52.3,147,1,2,2
T7541,COc1ccc(C(=O)CBr)cc1,4965,C9H9BrO2,229.07,2.5,26.3,151,0,2,3
T7466,Nc1[nH]c(=O)ncc1Br,75233,C4H4BrN3O,190.00,-0.3,67.5,208,2,2,0
T7467,O=S(=O)([O-])c1ccc(N=Nc2c(O)ccc3ccccc23)cc1.[Na+],135442941,C16H11N2NaO4S,350.3,,111,529,1,6,3
T7478,Fc1ccc(Cn2c(Cl)nc3ccccc32)cc1,3020241,C14H10ClFN2,260.69,4.1,17.8,281,0,2,2
T7473,Brc1ccc2[nH]ccc2c1,24905,C8H6BrN,196.04,3,15.8,126,1,0,0
T7455,Cl.Nc1ccc(Cl)cc1C(=O)C(F)(F)F,44717712,C8H6Cl2F3NO,260.04,,43.1,231,2,5,1
T7535,N=C(N)NCCC(=O)O,67701,C4H9N3O2,131.13,-1.8,102,128,3,3,3
T7449,O.c1cnc2c(c1)ccc1cccnc12,21226,C12H10N2O,198.22,,26.8,182,1,3,0
T7481,CCCCCCC(O)C(=O)O,94180,C8H16O3,160.21,2,57.5,112,2,3,6
T7606,Nc1nc2c(ncn2C2OC(COP(=O)([O-])OP(=O)([O-])O)C(O)C2O)c(=O)[nH]1.[Na+].[Na+],135889517,C10H13N5Na2O11P2,487.16,,254,750,5,13,6
T7470,Clc1ncnc2[nH]cnc12,5359277,C5H3ClN4,154.56,1.2,54.5,131,1,3,0
T7443,COc1ccc(C(=O)C=Cc2ccccc2)cc1,92853,C16H14O2,238.28,3.1,26.3,281,0,2,4
T7438,COc1cc(O)cc(OC)c1,10383,C8H10O3,154.16,1.6,38.7,104,1,3,2
T7480,CCCCCCCCCCCO,8184,C11H24O,172.31,4.6,20.2,71,1,1,9
T7442,CC(C)c1ccc(CO)cc1,325,C10H14O,150.22,2.3,20.2,101,1,1,2
T7441,CC(C)c1ccc(C=O)cc1,326,C10H12O,148.20,2.7,17.1,121,0,1,2
T7452,COc1ccccc1C=CC=O,15173,C10H10O2,162.18,1.7,26.3,163,0,2,3
T7433,Cl.NCCc1ccccc1,9075,C8H12ClN,157.64,,26,65,2,1,2
T7461,Nc1cc(=O)[nH]c(N)n1,135408763,C4H6N4O,126.12,-1.8,93.5,205,3,3,0
T7538,CC[N+](CC)(CC)CC.[Cl-],5946,C8H20ClN,165.70,,0,47,0,1,4
T7540,CC(C)(C)c1cc(O)c(C(C)(C)C)cc1O,2374,C14H22O2,222.32,4.6,40.5,208,2,2,2
T7465,Cc1ccc(C=C2C(=O)C3(C)CCC2C3(C)C)cc1,37563,C18H22O,254.4,4.5,17.1,423,0,1,1
T7431,Clc1ccc(Cl)cc1,4685,C6H4Cl2,147.00,3.4,0,54,0,0,0
T7445,CC(N)=O,178,C2H5NO,59.07,-0.9,43.1,33,1,1,0
T7446,CC(=O)c1ccccc1,7410,C8H8O,120.15,1.6,17.1,101,0,1,1
T7498,Cl.c1cc2c(c(N3CCNCC3)c1)OCCO2,3025067,C12H17ClN2O2,256.73,,33.7,231,2,4,1
T7468,CC1=CC[C@@H](C(C)(C)O)CC1,443162,C10H18O,154.25,1.8,20.2,168,1,1,1
T7610,COc1cc2nccc(Nc3cccc(Oc4ccccc4)c3)c2cc1OC,44531022,C23H20N2O3,372.4,5.2,52.6,471,1,5,6
T7669,Cc1ccc(Nc2nc(N)c3ccccc3n2)cc1Cl,2227970,C15H13ClN4,284.74,4.2,63.8,327,2,4,2
T7360,CC(C)Oc1ncc(-c2nc(-c3cccc4c3ccn4CCCC(=O)O)no2)cc1Cl,24988201,C22H21ClN4O4,440.9,4,103,612,1,7,8
T7718,Nc1nc(=O)n(C2CC(O)C(CO)O2)cc1F,240980,C9H12FN3O4,245.21,-1.5,108,398,3,5,2
T7622,Br.COc1ccc(-c2ccc(=N)n(CCCC(=O)O)n2)cc1,107895,C15H18BrN3O3,368.23,,86,451,3,5,6
T7638,O=C(O)c1cc([N+](=O)[O-])ccc1NCCCc1ccccc1,4549,C16H16N2O4,300.31,4.1,95.2,377,2,5,6
T7698,CC(C)c1cnn2c(NCc3ccccc3)cc(N[C@@H](CO)[C@H](O)CO)nc12,25125014,C20H27N5O3,385.5,2.2,115,463,5,7,9
T7714,CCOC(=O)[C@H](CCc1ccccc1)N[C@H]1CS[C@H](c2cccs2)CN(CC(=O)O)C1=O,443874,C23H28N2O5S2,476.6,1,149,644,2,8,11
T7717,CC(=O)C(=O)[O][Na],23662274,C3H3NaO3,110.04,,57.2,88,0,3,1
T7659,O=C1NC(=O)C(c2c[nH]c3ccccc23)=C1c1c[nH]c2ccccc12,2399,C20H13N3O2,327.3,2.8,77.8,576,3,2,2
T7643,CC(=O)N[C@H]1[C@@H](OC[C@H](NC(=O)OCC2c3ccccc3-c3ccccc32)C(=O)O)O[C@H](COC(C)=O)[C@H](OC(C)=O)[C@@H]1OC(C)=O,10908465,C32H36N2O13,656.6,1.6,202,1140,3,13,16
T5995,O=C(Nc1cnn2ccc(N3CCC[C@@H]3c3cc(F)ccc3F)nc12)N1CC[C@H](O)C1,46188928,C21H22F2N6O2,428.4,1.7,86,659,2,7,3
T7347,Cc1cccc(-c2ccnc3c(C(N)=O)cnn23)c1,15042086,C14H12N4O,252.27,1.2,73.3,348,1,3,2
T7687,CCCCCCCOc1ccc(O)cc1,25641,C13H20O2,208.30,4.6,29.5,139,1,2,7
T7658,COC(=O)CC[C@H](N)C(=O)OC.Cl,12917568,C7H14ClNO4,211.64,,78.6,169,2,5,6
T7591,Cc1oc2nc3c(c(NC(=O)CN4CCCC4=O)c2c1C)CCCC3,214346,C19H23N3O3,341.4,2.4,75.4,540,1,4,3
T7701,CC(C)(C)OC(=O)NCCOCCOCCO,15742132,C11H23NO5,249.30,-0.1,77,203,2,5,10
T7654,COC(=O)[C@@H](N)Cc1ccc(O)c(O)c1.Cl,10131132,C10H14ClNO4,247.67,,92.8,221,4,5,4
T7611,Cn1cc(-c2ccc3c(c2)ncn3-c2cc(NS(=O)(=O)C3CC3)cc(-c3ccc(F)cc3F)c2)cn1,71554322,C26H21F2N5O2S,505.5,4.4,90.2,886,1,7,6
T7746,Cl.Cl.c1cc2c(c(N3CCNCC3)c1)OCCO2,67857432,C12H18Cl2N2O2,293.19,,33.7,231,3,4,1
T7736,Nc1nc(Cl)nc2c1ncn2[C@@H]1O[C@H](CO)[C@@H](O)[C@H]1O,8974,C10H12ClN5O4,301.69,-0.1,140,367,4,8,2
T7729,Cn1cc(-c2c[nH]c3ncnc(N4CCOCC4)c23)cn1,72706837,C14H16N6O,284.32,0.7,71.9,363,1,5,2
T7641,OCCc1c[nH]c2ccc(O)cc12,9061,C10H11NO2,177.20,0.5,56.3,174,3,2,2
T7608,CC(=O)O.CCCC[C@H](NC(C)=O)C(=O)N[C@H]1CC(=O)NCCCC[C@@H](C(=O)O)NC(=O)[C@H](Cc2c[nH]c3ccccc23)NC(=O)[C@H](CCCNC(=N)N)NC(=O)[C@@H](Cc2ccccc2)NC(=O)[C@H](Cc2cnc[nH]2)NC1=O,91971505,C52H72N14O12,1085.2,,416,1980,14,14,17
T7747,CCN(CC)CC[n+]1ccc2c(C)c3[nH]c4ccc(O)cc4c3c(C)c2c1.Cl.[Cl-],24844807,C23H29Cl2N3O,434.4,,43.1,496,3,3,5
T7546,O=S1CCON=C1c1cc2ccccc2s1,12040175,C11H9NO2S2,251.3,2.4,86.1,332,0,5,1
T7704,CCCCCCS(=O)(=O)NC(=O)c1ccc(CSCc2ccc(-c3ccccc3)cc2)cc1,76955652,C27H31NO3S2,481.7,6.7,96.9,653,1,4,12
T7661,NC(=O)c1ccc2[nH]ccc2c1,14973220,C9H8N2O,160.17,0.9,58.9,193,2,1,1
T7620,CCCCCC(=O)Oc1c(Br)cc(Br)cc1Br,567165,C12H13Br3O2,428.94,5.7,26.3,236,0,2,6
T7640,CNC(=O)ON=CC(C)(C)S(C)(=O)=O,15438,C7H14N2O4S,222.26,-0.6,93.2,326,1,5,4
T7670,NS(=O)(=O)c1ccc(-n2nc(C(F)(F)F)cc2-c2ccc(F)cc2)cc1,9843089,C16H11F4N3O2S,385.3,3.1,86.4,579,1,8,3
T7634,O=C(O)C(O)c1cccc(O)c1,86957,C8H8O4,168.15,-0.1,77.8,168,3,4,2
T7738,C=CC(=O)Nc1cc(N2CCN(CC)CC2)ccc1Nc1cc(N(C)C(=O)Nc2c(Cl)c(OC)cc(OC)c2Cl)ncn1,118029202,C29H34Cl2N8O4,629.5,4.4,124,913,3,9,10
T7742,COc1cc2nccc(Nc3cccc(Oc4ccccc4)c3)c2cc1OC.Cl,44531021,C23H21ClN2O3,408.9,,52.6,471,2,5,6
T7705,COc1ccc2c(c1)c(CCN1CCOCC1)c(C)n2C(=O)c1cccc(Cl)c1Cl,9911463,C23H24Cl2N2O3,447.4,5.1,43.7,589,0,4,5
T7734,COC(=O)[C@H]1[C@@H](c2ccc(F)cc2)C[C@@H]2CC[C@H]1N2C.O=S(=O)(O)O,123134785,C16H22FNO6S,375.4,,113,449,2,8,3
T7597,C[C@H](O)[C@H](O)c1cnc2[nH]c(N)nc(=O)c2n1,135403659,C9H11N5O3,237.22,-2.4,134,348,4,6,2
T7710,CCCCC1C(=O)NN(c2ccccc2)C1=O,16639,C13H16N2O2,232.28,2.7,49.4,298,1,2,4
T7672,O=C(Nc1ccc2[nH]nc(-c3ccc4[nH]ccc4c3)c2c1)c1c(Cl)cccc1Cl,138454798,C22H14Cl2N4O,421.3,5.4,73.6,597,3,2,3
T7426,O=C1Cc2c([nH]c3ccc([N+](=O)[O-])cc23)-c2ccccc2N1,5005498,C16H11N3O3,293.28,2.4,90.7,478,2,3,0
T7772,CCN(Cc1cccc(S(=O)(=O)[O-])c1)c1ccc(C(=C2C=CC(=[N+](CC)Cc3cccc(S(=O)(=O)[O-])c3)C=C2)c2ccc(O)cc2S(=O)(=O)[O-])cc1.[Na+].[Na+],16887,C37H34N2Na2O10S3,808.9,,223,1540,1,11,9
T7662,COc1ccc2cc(CC(=O)O)ccc2c1,32176,C13H12O3,216.23,2.6,46.5,252,1,3,3
T7688,CCCCCCCCCc1ccc(B(O)O)cc1,4589192,C15H25BO2,248.17,,40.5,189,2,2,9
T7598,CN1c2c(nc(N)[nH]c2=O)NCC1CNc1ccc(C(=O)N[C@@H](CCC(=O)[O-])C(=O)[O-])cc1.[Ca+2],135742689,C20H23CaN7O6,497.5,,204,854,5,10,7
T7553,CCCN1CCO[C@@H]2c3cc(O)ccc3OC[C@H]21.Cl,11957668,C14H20ClNO3,285.76,,41.9,286,2,4,2
T7682,CN(C)C(=N)NCCC[C@H](N)C(=O)O,123831,C8H18N4O2,202.25,-3.6,105,215,3,4,6
T7599,CCC(=O)N1CCN(C(=O)c2ccccc2)CC1,4223812,C14H18N2O2,246.30,1.1,40.6,303,0,2,2
T7612,O=C(Nc1ccc(Cl)nc1)c1ccc(Cl)cc1,4314115,C12H8Cl2N2O,267.11,3.3,42,267,1,2,2
T7745,COc1ccc2c(c1)CN(C)CC2c1ccc(Cl)c(Cl)c1.Cl,157489,C17H18Cl3NO,358.7,,12.5,354,1,2,2
T7691,O=Nc1ccc(O)c2ncccc12,19103,C9H6N2O2,174.16,1.6,62.6,198,1,4,0
T7679,c1cncc(C2Nc3ccccc3-n3cccc32)c1,2803797,C16H13N3,247.29,2.5,29.9,319,1,2,1
T7771,CCN(Cc1cccc(S(=O)(=O)[O-])c1)c1ccc(C(=C2C=CC(=[N+](CC)Cc3cccc(S(=O)(=O)[O-])c3)C=C2)c2ccccc2S(=O)(=O)[O-])cc1.[Na+].[Na+],19700,C37H34N2Na2O9S3,792.9,,203,1510,0,10,9
T7542,NN1CC(=O)N2[C@H](c3ccc4c(c3)OCO4)c3[nH]c4ccccc4c3C[C@@H]2C1=O,10178467,C21H18N4O4,390.4,1.5,101,704,2,5,1
T7664,O=C(CCCCCCC(=O)Nc1cccnc1)NO,4996,C13H19N3O3,265.31,0.9,91.3,284,3,4,8
T7692,CCOC(=O)c1ccnc(C(=O)OCC)c1,170509,C11H13NO4,223.22,1.6,65.5,254,0,5,6
T7735,O=[N+]([O-])c1cc2cccnc2c2ncccc12,72790,C12H7N3O2,225.20,2.3,71.6,305,0,4,0
T7716,O=C(O)[C@@H]1Cc2c([nH]c3ccccc23)CN1,449440,C12H12N2O2,216.24,-1.2,65.1,295,3,3,1
T7636,CCC(c1ccccc1)c1c(O)c2ccccc2oc1=O,54680692,C18H16O3,280.3,3.6,46.5,420,1,3,3
T7667,Cn1c(=O)c(Oc2ccc(F)cc2F)cc2cnc(NC3CCOCC3)nc21,11406590,C19H18F2N4O3,388.4,2.8,76.6,602,1,8,4
T7689,CCCCCCCCCCCCCCP(=O)(O)O,78401,C14H31O3P,278.37,5.1,57.5,213,2,3,13
T7708,CCCCS(=N)(=O)CCC(N)C(=O)O,21157,C8H18N2O3S,222.31,-0.6,113,284,3,5,7
T7628,CC(CCC(=O)O)C1CCC2C3CC=C4CC(O)CCC4(C)C3CCC12C,571977,C24H38O3,374.6,5.4,57.5,625,2,3,4
T7646,CC(=O)[C@H]1CC[C@H]2[C@@H]3CC[C@H]4C[C@@H](O)CC[C@]4(C)[C@H]3CC[C@]12C,92787,C21H34O2,318.5,4.9,37.3,500,1,2,1
T7690,CC(C)(O)C(=O)Nc1ccc([N+](=O)[O-])c(C(F)(F)F)c1,91649,C11H11F3N2O4,292.21,2.2,95.2,392,2,7,2
T7603,COc1cc(Br)c(C[N+]2(CCOCCC3CCC4CC3C4(C)C)CCOCC2)cc1OC.[Br-],40703,C26H41Br2NO4,591.4,,36.9,596,0,5,10
T7671,c1cncc(C2=NCCC2)c1,442649,C9H10N2,146.19,0.6,25.3,163,0,2,1
T7621,OC[C@H]1O[C@@H](n2cnc3c(S)ncnc32)[C@H](O)[C@@H]1O,676166,C10H12N4O4S,284.29,-0.6,144,409,4,6,2
T7557,Cl.O=C(O)C1=CCCNC1,11957555,C6H10ClNO2,163.60,,49.3,151,3,3,1
T7678,O=C1c2ccccc2C(=O)c2oc(-c3ccccc3)nc21,509070,C17H9NO3,275.26,3.6,60.2,443,0,4,1
T7650,O=c1ccc2[n+]([O-])c3ccc([O-])cc3oc-2c1.[Na+],112939,C12H6NNaO4,251.17,,78.1,427,0,4,0
T7651,O=C1OC2(c3cc(I)c([O-])c(I)c3Oc3c2cc(I)c([O-])c3I)c2c(Cl)c(Cl)c(Cl)c(Cl)c21.[Na+].[Na+],69438,C20H2Cl4I4Na2O5,1017.6,,81.7,780,0,5,0
T7739,COC(=O)[C@H](CC(C)C)NC(=O)[C@@H](N)CC(C)C.Cl,15598024,C13H27ClN2O3,294.82,,81.4,277,3,4,8
T7707,O=C(Nc1ccccc1)N(Cc1ccc(Cl)cc1)C1CCCC1,91692,C19H21ClN2O,328.8,4.8,32.3,370,1,1,4
T7632,C=CCN1CCCC1CNC(=O)c1cc(S(N)(=O)=O)cc(OC)c1OC,47979,C17H25N3O5S,383.5,0.8,119,592,2,7,8
T7531,C[C@@H]1CCC[C@H](C)N1CCCC(O)(c1ccccc1)c1ccccn1,65502,C22H30N2O,338.5,4,36.4,385,1,3,6
T7642,CN(C(=O)CCCOc1ccc2[nH]c(=O)ccc2c1)C1CCCCC1,2753,C20H26N2O3,342.4,2.9,58.6,499,1,3,6
T7655,O=c1[nH]c(=O)n(C2OC(CO)C(O)C2F)cc1I,386483,C9H10FIN2O5,372.09,-0.9,99.1,418,3,6,2
T7695,O=C(N[C@@H]1CN2CCC1CC2)c1ccc(Cl)cc1,14456380,C14H17ClN2O,264.75,2.4,32.3,307,1,2,2
T7693,O=C(O)CNC(=O)C(CS)Cc1ccccc1,3132,C12H15NO3S,253.32,1.3,67.4,264,3,4,6
T7694,N[C@@H](Cc1c[nH]c2cc(F)ccc12)C(=O)O,688007,C11H11FN2O2,222.22,-0.8,79.1,275,3,4,3
T7405,CCN1CCCC(OC(=O)C(c2ccccc2)c2ccccc2)C1,4839,C21H25NO2,323.4,4.4,29.5,367,0,3,6
T5031,COc1cccc(-c2c(C)n(Cc3c(F)cccc3C(F)(F)F)c(=O)n(CC(NCCCC(=O)[O-])c3ccccc3)c2=O)c1F.[Na+],129317828,C32H29F5N3NaO5,653.6,,102,1090,1,11,12
T7648,O=S(=O)(c1cccc2cnccc12)N1CCNCC1,3545,C13H15N3O2S,277.34,0.6,70.7,401,1,5,2
T7635,CCN1CCCC1CNC(=O)c1c(O)c(Cl)cc(Cl)c1OC,5118,C15H20Cl2N2O3,347.2,2.9,61.8,386,2,4,5
T7673,CCN1CCN(Cc2ccc(NC(=O)Nc3ccc(Oc4ccnc(N)n4)cc3)cc2C(F)(F)F)CC1,11477833,C25H28F3N7O2,515.5,3.2,109,715,3,10,7
T7767,CC(C)C(NC(=O)OCC1c2ccccc2-c2ccccc21)C(=O)NC(CCCNC(N)=O)C(=O)Nc1ccc(COC(=O)Oc2ccc([N+](=O)[O-])cc2)cc1,72252310,C40H42N6O10,766.8,5.6,233,1320,5,10,18
T7686,CC(NC(CCc1ccccc1)C(=O)O)C(=O)N1C(C(=O)O)CC2CCCC21,23276983,C21H28N2O5,388.5,0.7,107,589,3,6,8
T7703,Cc1nnc(NC(=O)c2nc(S(=O)(=O)Cc3ccc(F)cc3)ncc2Cl)s1,16446482,C15H11ClFN5O3S2,427.9,2.3,151,629,1,9,5
T7681,CC(Oc1cc(NS(=O)(=O)N2CCC2)nc(SCc2cccc(F)c2F)n1)C(O)CO,59558839,C18H22F2N4O5S2,476.5,1.5,159,670,3,12,10
T7361,CCC(Nc1cc(C)nc2c(-c3ccc(OC)cc3C)c(C)nn12)c1nc(C)no1,11545949,C22H26N6O2,406.5,4.5,90.4,568,1,7,6
T7618,COc1cccc(N(C)C(=S)Oc2cccc(C(C)(C)C)c2)n1,93486,C18H22N2O2S,330.4,5.2,66.7,397,0,4,5
T7770,CCCCC(CC)COC(=O)c1ccc(Nc2nc(Nc3ccc(C(=O)OCC(CC)CCCC)cc3)nc(Nc3ccc(C(=O)OCC(CC)CCCC)cc3)n2)cc1,159201,C48H66N6O6,823.1,14.5,154,1030,3,12,30
T7373,Cc1ccc2cccc(NC(=O)c3ccc(OC(C)C)cc3)c2n1,16016585,C20H20N2O2,320.4,4.2,51.2,418,1,3,4
T7744,Clc1ccc2c(N3CCN(CCCN4CCN(c5ccnc6cc(Cl)ccc56)CC4)CC3)ccnc2c1.O.O.O.O.O=P(O)(O)O.O=P(O)(O)O.O=P(O)(O)O.O=P(O)(O)O,49849842,C29H52Cl2N6O20P4,999.5,,354,704,16,26,6
T7078,O=C1C(SCCO)=C(SCCO)C(=O)c2ccccc21,262093,C14H14O4S2,310.4,1.5,125,381,2,6,6
T7697,COc1cc2nc(N3CCCN(C)CC3)nc(NC3CCN(Cc4ccccc4)CC3)c2cc1OC,25150857,C28H38N6O2,490.6,4.5,66,656,1,8,7
T7713,O=C(OCc1ccccc1)c1cccnc1,7191,C13H11NO2,213.23,2.4,39.2,224,0,3,4
T7582,CNCC(O)C(O)C(O)C(O)CO.O=C(O)c1ccc2nc(-c3cc(Cl)cc(Cl)c3)oc2c1,74376451,C21H24Cl2N2O8,503.3,,177,505,7,10,8
T7683,NCCNC(=O)Cc1ccc(NC(=O)Cc2ccc(Nc3ncnc4c3ncn4C3OC(CO)C(O)C3O)cc2)cc1,2026,C28H32N8O6,576.6,0.2,210,886,7,11,11
T7666,CC(C)[C@H](N)C(=O)N[C@H](C(=O)N[C@@H](Cc1ccc(O)cc1)C(=O)N1CCC[C@H]1C(=O)N[C@@H](Cc1c[nH]c2ccccc12)C(=O)N[C@H](C(=O)N[C@@H](CCC(N)=O)C(=O)O)[C@@H](C)O)C(C)C.O=C(O)C(F)(F)F,154578329,C46H62F3N9O13,1006.0,,366,1740,12,17,22
T7665,CC(C)C[C@H](NC(=O)[C@H](Cc1ccccc1)NC(=O)CNC(=O)CNC(=O)[C@@H](N)Cc1ccc(O)cc1)C(=O)O.O=C(O)C(F)(F)F,12797001,C30H38F3N5O9,669.6,,237,937,8,13,15
T7674,CC(C)C[C@H](NC(=O)[C@H](CC(C)C)NC(=O)[C@H](Cc1ccccc1)NC(=O)[C@@H](N)CO)C(=O)N[C@@H](CCCNC(=N)N)C(=O)O.O=C(O)C(F)(F)F,145707629,C32H51F3N8O9,748.8,,302,1080,10,14,20
T7743,CC[C@H](C)[C@H](NC(=O)[C@H](Cc1ccc(O)cc1)NC(=O)[C@@H](N)C(C)C)C(=O)N[C@@H](Cc1cnc[nH]1)C(=O)N1CCC[C@H]1C(=O)N[C@@H](Cc1ccccc1)C(=O)O.O=C(O)C(F)(F)F,134814482,C42H55F3N8O10,888.9,,286,1420,9,15,19
T7768,C[C@H](CCOc1cccc(CC(=O)O)c1)N(Cc1cccc(C(F)(F)F)c1Cl)CC(c1ccccc1)c1ccccc1,10218693,C34H33ClF3NO3,596.1,6.3,49.8,783,1,7,13
T7769,CSCCC(N)C(=O)N1CCCC1C(=O)NC(Cc1ccccc1)C(=O)NC(CCCNC(=N)N)C(=O)NC(Cc1c[nH]c2ccccc12)C(=O)NC(Cc1ccccc1)C(=O)NC(CCCCN)C(=O)N1CCCC1C(=O)NC(C(N)=O)C(C)C,85138248,C61H87N15O9S,1206.5,2.3,416,2280,12,13,33
T7901,CC(C)C[C@H]1C(=O)O[C@H](Cc2ccc(N3CCOCC3)cc2)C(=O)N(C)[C@@H](CC(C)C)C(=O)O[C@H](C)C(=O)N(C)[C@@H](CC(C)C)C(=O)O[C@H](Cc2ccc(N3CCOCC3)cc2)C(=O)N(C)[C@@H](CC(C)C)C(=O)O[C@H](C)C(=O)N1C,6918632,C60H90N6O14,1119.4,9,211,1900,0,16,14
T7283,CCCCCCCCCCCC(=O)CC(O)S(=O)(=O)[O-].[Na+],44602651,C14H27NaO5S,330.42,,103,351,1,5,13
T7151,CN1C(=O)C(NC(=O)c2n[nH]c(Cc3ccccc3)n2)COc2ccccc21,90344726,C20H19N5O3,377.4,2.4,100,568,2,5,4
T7489,CCC(C)C(NC(=O)CNC(=O)C(C)NC(=O)C(C)NC(=O)C(N)CCC(=O)O)C(=O)NCC(=O)NC(C(=O)NC(CC(C)C)C(=O)NC(C(=O)NC(C(=O)O)C(C)C)C(C)O)C(C)CC,76419980,C42H74N10O14,943.1,-2.3,383,1710,13,15,30
T7495,NC(=O)[C@@H](CCCN=C(N)N)NC(=O)[C@@H](CCCN=C(N)N)NC(=O)[C@@H](CCCN=C(N)N)NC(=O)[C@@H](CCCN=C(N)N)NC(=O)[C@@H](CCCN=C(N)N)NC(=O)[C@H](N)CCCN=C(N)N,57358476,C36H75N25O6,954.1,-9.8,601,1750,19,13,35
T7510,CC(C)CC(N)C(=O)NC(CCCNC(=N)N)C(=O)N1CCCC1C(=O)O,19739639,C17H32N6O4,384.5,-4.1,177,562,5,6,10
T7511,O=C1NC(Cc2cnc[nH]2)C(=O)N2CCCC12,3085031,C11H14N4O2,234.25,-0.4,78.1,346,2,3,2
T7513,CCC(C)C(NC(=O)C(CC(C)C)NC(=O)C(N)CO)C(=O)NCC(=O)NC(CCCCN)C(=O)NC(C(N)=O)C(C)C,76419974,C28H54N8O7,614.8,-0.7,261,931,9,9,21
T7554,CSCCC(NC(=O)C(CC(C)C)NC(=O)CNC(=O)C(Cc1ccccc1)NC(=O)C(N)Cc1ccccc1)C(N)=O,12952807,C31H44N6O5S,612.8,2.1,211,907,6,7,18
T7570,N=C(N)NCCCC(NC(=O)CN)C(=O)NCC(=O)NC(CC(=O)O)C(=O)NC(CC(N)=O)C(=O)N1CCCC1C(=O)O,22461958,C23H38N10O10,614.6,-8.4,345,1110,10,12,18
T7577,CCC(C)C(NC(=O)C(Cc1ccc(O)cc1)NC(=O)C(NC(=O)C(N)CCCNC(=N)N)C(C)C)C(=O)NC(Cc1cnc[nH]1)C(=O)N1CCCC1C(=O)NC(Cc1ccccc1)C(=O)O,4201862,C46H66N12O9,931.1,-0.5,342,1680,11,12,25
T7613,CCC(C)C(NC(=O)C1CCCN1C(=O)C(CCC(=O)O)NC(=O)C(NC(=O)C(Cc1ccccc1)NC(=O)C1CCCN1C(=O)C(N)Cc1ccc(O)cc1)C(C)C)C(=O)O,4424653,C44H61N7O11,864.0,0.7,278,1580,8,12,21
T7619,CC[C@H](C)[C@H](NC(=O)[C@@H](NC(=O)[C@@H](N)CO)[C@@H](C)CC)C(=O)N[C@@H](CC(N)=O)C(=O)N[C@@H](Cc1ccccc1)C(=O)N[C@@H](CCC(=O)O)C(=O)N[C@@H](CCCCN)C(=O)N[C@@H](CC(C)C)C(=O)O,447764,C45H74N10O13,963.1,-4.8,394,1700,13,15,33
T7624,C[C@@H](N)C(=O)N[C@@H](CO)C(=O)N[C@H](C(=O)N[C@H](C(=O)N[C@H](C(=O)N[C@@H](CC(N)=O)C(=O)N[C@@H](Cc1ccc(O)cc1)C(=O)N[C@H](C(N)=O)[C@@H](C)O)[C@@H](C)O)[C@@H](C)O)[C@@H](C)O,184644,C35H56N10O15,856.9,-6.9,437,1530,16,16,24
T7625,CC(C)CC(NC(=O)C(Cc1ccccc1)NC(=O)C(N)CO)C(=O)NC(CC(C)C)C(=O)NC(CCCNC(=N)N)C(=O)NC(CC(N)=O)C(=O)O,21864149,C34H56N10O9,748.9,-3.8,337,1270,11,11,24
T7630,CC(O)C(N)C(=O)NC(CCCCN)C(=O)N1CCCC1C(=O)NC(CCCNC(=N)N)C(=O)O,24780,C21H40N8O6,500.6,-7,252,760,8,9,15
T7637,CC(C)[C@H](NC(=O)[C@H](CC(=O)O)NC(=O)[C@H](Cc1ccccc1)NC(=O)[C@@H](C)NC(=O)[C@@H](N)Cc1ccc(O)cc1)C(=O)N[C@H](C(=O)NCC(N)=O)C(C)C,10055958,C37H52N8O10,768.9,-1.7,301,1350,10,11,21
T7639,CC(C)[C@H](NC(=O)[C@H](CCC(=O)O)NC(=O)[C@H](Cc1ccccc1)NC(=O)[C@@H](C)NC(=O)[C@@H](N)Cc1ccc(O)cc1)C(=O)N[C@H](C(=O)NCC(N)=O)C(C)C,10033203,C38H54N8O10,782.9,-1.3,301,1360,10,11,22
T7715,CCCc1nn(C)c2c(=O)[nH]c(-c3ccccc3OCC)nc12,135401477,C17H20N4O2,312.37,2.5,68.5,468,1,4,5
T7726,CC(C)(C)C(=O)C(Oc1ccc(Cl)cc1)n1cncn1,39385,C14H16ClN3O2,293.75,2.8,57,338,0,4,5
T7730,Nc1nc(N)c2nc(CNc3ccc(C(=O)N[C@@H](CCC(=O)O)C(=O)O)cc3)cnc2n1,169371,C19H20N8O5,440.4,-2,219,674,6,12,9
T7740,NCCCC[C@H](NC(=O)CNC(=O)[C@@H]1CCCN1C(=O)[C@H](Cc1ccc(O)cc1)NC(=O)CN)C(=O)N[C@@H](Cc1ccccc1)C(N)=O.O=C(O)C(F)(F)F.O=C(O)C(F)(F)F,154578331,C37H48F6N8O11,894.8,,327,1180,10,19,18
T7748,C[C@@H](NC(=O)[C@@H](N)Cc1ccc(O)cc1)C(=O)N[C@@H](Cc1ccccc1)C(=O)NCC(=O)N[C@@H](Cc1ccc(O)cc1)C(=O)N1CCC[C@H]1C(=O)N[C@@H](CO)C(N)=O.O=C(O)C(F)(F)F,131698721,C42H51F3N8O12,916.9,,333,1500,11,16,19
T7764,O=C(Nc1ccc(Cl)cc1)C1CN(C(=O)c2cccc(-c3ccco3)c2)CC(F)(F)C1,121317937,C23H19ClF2N2O3,444.9,4.4,62.6,657,1,5,4
T7774,CCOC(=O)COc1ccc(Cl)c2cccnc12,21933492,C13H12ClNO3,265.69,3.5,48.4,287,0,4,5
T7775,CCN(CC)CCOc1ccc(Cl)c2cccnc12.Cl.Cl,146013302,C15H21Cl3N2O,351.7,,25.4,261,2,3,6
T7780,CN(C)CC1CCOC1(c1ccccc1)c1ccccc1,9882189,C19H23NO,281.4,3.5,12.5,298,0,2,4
T7781,O=c1c(O[C@@H]2OC[C@@H](O)[C@H](O)[C@H]2O)c(-c2ccc(O)c(O)c2)oc2cc(O)cc(O)c12,5320861,C20H18O11,434.3,0.4,186,711,7,11,3
T7782,Nc1nc2c(ncn2[C@@H]2O[C@H](CO)C[C@H]2O)c(=O)[nH]1,135440068,C10H13N5O4,267.24,-1.5,135,417,4,6,2
T7783,NCCc1ccc(C(F)(F)F)cc1,1988106,C9H10F3N,189.18,2.1,26,147,1,4,2
T7785,NC(=O)c1ncc[nH]c1=O,294642,C5H5N3O2,139.11,-0.9,84.6,241,2,3,1
T7786,O=C1c2ccccc2-n2c1nc1ccccc1c2=O,73549,C15H8N2O2,248.24,2.1,49.7,471,0,3,0
T7788,CC(C)(c1ccccc1)N1CCCCC1,210768,C14H21N,203.32,3.2,3.2,186,0,1,2
T7789,OC[C@H]1O[C@@H](n2cnc3cc(Cl)c(Cl)cc32)[C@H](O)[C@@H]1O,5894,C12H12Cl2N2O4,319.14,1.1,87.7,364,3,5,2
T7791,O=C1CCC(N2Cc3c(OCc4ccc(CN5CCOCC5)cc4)cccc3C2=O)C(=O)N1,53328043,C25H27N3O5,449.5,1.1,88.2,732,1,6,6
T7793,COc1ccc(-c2ccc(N)nn2)cc1,13735353,C11H11N3O,201.22,1.1,61,192,1,4,2
T7795,CCC(C)(C)C(=O)N(O)Cc1ccccc1,121439991,C13H19NO2,221.29,2.5,40.5,232,1,2,4
T7796,Cc1noc(C)c1-c1ccc(C(=O)N2C(C(=O)O)CSC2c2ccccc2Cl)cc1,139035877,C22H19ClN2O4S,442.9,4.6,109,645,1,6,4
T7797,Cc1nc(C)c2c(n1)N(Cc1ccc(-c3ccccc3-c3nn[nH]n3)cc1)C(=O)CC2,60919,C23H21N7O,411.5,3,101,625,1,6,4
T7798,CCCc1cc(-c2nc(-c3ccc(NS(C)(=O)=O)cc3)cs2)ccn1,25012898,C18H19N3O2S2,373.5,3.4,109,515,1,6,6
T7799,Brc1ccc(CSc2nc3ccccc3o2)cc1,731364,C14H10BrNOS,320.21,4.9,51.3,271,0,3,3
T7800,CC(Nc1ccccc1)=C1C(=O)NC(Cc2ccccc2)C1=O,135427136,C19H18N2O2,306.4,2.7,61.7,497,2,3,4
T7802,O=S1(=O)N=C(Nc2ccccc2N2CCCC2)c2ccccc21,4905675,C17H17N3O2S,327.4,2.7,70.2,563,1,4,3
T7806,NC(=O)N1c2ccccc2CC(O)c2ccccc21,114709,C15H14N2O2,254.28,1.4,66.6,347,2,2,0
T7807,O=C(O)COc1nn(Cc2ccccc2)c2ccccc12,2313,C16H14N2O3,282.29,3.1,64.4,357,1,4,5
T7808,CC(=O)SCC(C)C(=O)N1CCCC1C(=O)NC(Cc1ccccc1)C(=O)O,2077,C20H26N2O5S,406.5,2.1,129,591,2,6,9
T7810,CC1(c2ncncc2F)NC(=O)c2cc(-c3cn[nH]c3)ccc21,86270018,C16H12FN5O,309.30,1,83.6,477,2,5,2
T7811,Cc1cccc(C)c1NC(=O)CC12CCCN1CCC2.Cl,114817,C17H25ClN2O,308.8,,32.3,348,2,2,3
T7814,O.O=C1NC(=O)C(=O)C(=O)N1,16723,C4H4N2O5,160.09,,93.3,222,3,5,0
T7817,NS(=O)(=O)Nc1ncnc(OCCOc2ncc(Br)cn2)c1-c1ccc(Br)cc1,25099191,C16H14Br2N6O4S,546.2,2.4,151,597,2,10,8
T7819,C=CC(=O)N1CCCC(n2nc(C(=O)Nc3ccc(CC(=O)N(C)C)c(C)c3C)c3c(N)ncnc32)C1,130275857,C26H32N8O3,504.6,1.7,139,869,2,7,6
T7823,CC1Nc2ccc(Cl)cc2S(=O)(=O)N1,3688,C8H9ClN2O2S,232.69,1.5,66.6,314,2,4,0
T7824,Clc1cc(Cl)c2c(c1)CCc1ccccc1C2n1ccnc1.O=[N+]([O-])O,179851,C18H15Cl2N3O3,392.2,,83.9,416,1,4,1
T7831,CC(=O)C(=Cc1cc(O)c(O)c([N+](=O)[O-])c1)C(C)=O,5464105,C12H11NO6,265.22,1.2,120,408,2,6,3
T7833,Cc1cc(C(=O)N2CCN(C(c3ccccc3)c3ccccc3)CC2)nn1C,2738508,C23H26N4O,374.5,3.4,41.4,489,0,3,4
T7834,c1ccc(N2CCN(Cc3nc4ccccc4[nH]3)CC2)nc1,5025739,C17H19N5,293.4,2.2,48.1,355,1,4,3
T7835,C=CCc1cccc(CNc2nc3ccccc3n2CCC)c1O,889692,C20H23N3O,321.4,4.8,50.1,402,2,3,7
T7838,CCCCc1nc(Cl)c(C=O)n1Cc1ccc(-c2ccccc2-c2nn[nH]n2)cc1,9802264,C22H21ClN6O,420.9,4.9,89.4,546,1,5,8
T7839,O=C(O)C(O)C(O)C(=O)O.Oc1ccc2c(c1)CCC(c1ccccc1)C2c1ccc(OCCN2CCCC2)cc1,21706557,C32H37NO8,563.6,,148,667,5,9,9
T7840,CC(=O)OC[C@H]1O[C@@H](n2cnc(N)nc2=O)[C@H](OC(C)=O)[C@@H]1OC(C)=O,24864108,C14H18N4O8,370.31,-0.7,159,676,1,8,8
T7842,O=C(O)c1ccn[nH]1,574310,C4H4N2O2,112.09,0.1,66,104,2,3,1
T7843,c1ccc(OC2CCNCC2)cc1,18878,C11H15NO,177.24,2,21.3,137,1,2,2
T7847,CSCCC(NC(=O)C1CCCN1C(=O)CNC(=O)C(CCCCN)NC(=O)C(Cc1c[nH]cn1)NC(=O)C(CO)NC(=O)C(CC(C)C)NC(=O)C(CCCNC(=N)N)NC(=O)C1CCCN1C(=O)C(CCCNC(=N)N)NC(=O)C(N)CCC(N)=O)C(=O)N1CCCC1C(=O)NC(Cc1ccccc1)C(=O)O.O=C(O)C(F)(F)F.O=C(O)C(F)(F)F.O=C(O)C(F)(F)F,154578332,C75H114F9N23O22S,1892.9,,770,3220,22,37,47
T7849,NCCCNCCCNCCCN,78350,C9H24N4,188.31,-1.4,76.1,77,4,4,10
T7851,Cl.NCCc1ccc(O)cc1,66449,C8H12ClNO,173.64,,46.3,87,3,2,2
T7852,O=C1C(Cl)=CC(=NCl)C=C1Cl,7556,C6H2Cl3NO,210.4,2.9,29.4,266,0,2,0
T7854,CC(C)CC(NC(=O)C(Cc1ccccc1)NC(=O)c1cnccn1)B1OC2CC3CC(C3(C)C)C2(C)O1,53394995,C29H39BN4O4,518.5,,102,866,2,6,9
T7855,COc1cccc(CCN)c1,74866,C9H13NO,151.21,1.6,35.3,106,1,2,3
T7856,O=C(Nc1ccc(Cl)cc1)c1cc2ccccc2cc1O,66720,C17H12ClNO2,297.7,4.8,49.3,368,2,2,2
T7857,O=[N+]([O-])c1ccc(N=Nc2ccc(Nc3ccccc3)cc2)cc1,17414,C18H14N4O2,318.3,5.5,82.6,415,1,5,4
T7860,CCCCOc1nc(N)c2[nH]c(=O)n(Cc3cccc(CC(=O)OC)c3)c2n1,23079483,C19H23N5O4,385.4,1.9,120,548,2,7,9
T7861,CS(=O)(=O)O.Cc1ncc(NC(=O)c2ccc(CN3CCN(C)CC3)c(C(F)(F)F)c2)cc1Nc1nccc(-c2cccnc2)n1,46910592,C30H33F3N8O4S,658.7,,162,934,3,14,7
T7862,Cn1ccc(-c2cncc(CNc3cc(C(=O)Nc4cccc(OC(F)(F)F)c4)ccc3F)c2)n1,145925694,C24H19F4N5O2,485.4,4.4,81.1,699,2,9,7
T7863,CC(=O)NCCCCCCNC(C)=O,3616,C10H20N2O2,200.28,0.3,58.2,161,2,2,7
T7864,CC(C)OC(=O)Nc1cccc(Cl)c1,2728,C10H12ClNO2,213.66,3.5,38.3,197,1,2,3
T7868,CC(C)=CCCC(C)=CCCC(C)=CCO,3327,C15H26O,222.37,4.8,20.2,265,1,1,7
T7888,COc1ccc2c(-c3ccc(CNS(N)(=O)=O)cc3)ccnc2c1,137524159,C17H17N3O3S,343.4,2,103,500,2,6,5
T7903,CC(C)(C)NC(=O)C1CC2CCCCC2CN1CC(O)C(Cc1ccccc1)NC(=O)C(CC(N)=O)NC(=O)c1ccc2ccccc2n1,3579812,C38H50N6O5,670.8,4.2,167,1140,5,7,13
TMS1743,COc1ccc(-c2cc(=O)c3c(O)c(OC)c(OC)cc3o2)cc1,161271,C18H16O6,328.3,2.4,74.2,482,1,6,4
T7878,COC(=O)c1c(Cl)nn(C)c1S(=O)(=O)NC(=O)Nc1nc(OC)cc(OC)n1,91763,C13H15ClN6O7S,434.81,1.3,172,665,2,10,7
T8005,COc1ccc(Nc2nccc(NCCO)n2)cc1.Cl,16078958,C13H17ClN4O2,296.75,,79.3,247,4,6,6
T7885,Cl.Cn1ncc(Cl)c1-c1cc(C(=O)NC(CN)Cc2cccc(F)c2)sc1Cl,75218467,C18H18Cl3FN4OS,463.8,,101,520,3,5,6
T7828,CC(C)CC(NC(=O)CN(C)C(=O)C(Cc1ccccc1)NC(=O)C(Cc1ccccc1)NC(=O)C(CCC(N)=O)NC(=O)C(CCC(N)=O)NC(=O)C1CCCN1C(=O)C(CCCCN)NC(=O)C1CCCN1C(=O)C(N)CCCNC(=N)N)C(=O)NC(CCS(C)(=O)=O)C(N)=O,16219961,C64H100N18O15S,1393.7,-3.4,553,2880,14,18,42
T7865,CN1CC2CC1CN2c1cc2c(cc1F)c(=O)c(C(=O)O)cn2C1CC1,14650736,C19H20FN3O3,357.4,-0.3,64.1,679,1,7,3
T7941,CN(C)CCCN1c2ccccc2CCc2ccccc21.Cl,8228,C19H25ClN2,316.9,,6.5,291,1,2,4
T7880,CC(C)(C)OC(=O)c1ccc(-n2[nH]cc(-n3ccnn3)c2=O)nc1,24812792,C15H16N6O3,328.33,1.2,102,544,1,7,5
T7866,CC1COC(Cn2cncn2)(c2ccc(Oc3ccc(Cl)cc3)cc2Cl)O1,86173,C19H17Cl2N3O3,406.3,4,58.4,495,0,5,5
T7837,CCOC(=O)C1Cc2ccccc2CN1C(=O)c1ccc(SC)s1,53393127,C18H19NO3S2,361.5,4.1,100,473,0,5,5
T7893,O=C(O)CCCN1CCC(OC(c2ccc(Cl)cc2)c2ccccn2)CC1,2350,C21H25ClN2O3,388.9,1,62.7,449,1,5,8
T7875,CCc1nc(C)ccc1O.O=C(O)CCC(=O)O,122298,C12H17NO5,255.27,,108,198,3,6,4
T7952,COc1ccc2c(c1OC)C(=O)OC2C1c2c(cc3c(c2OC)OCO3)CCN1C,4544,C22H23NO7,413.4,2.7,75.7,647,0,8,4
T7879,CC(=O)Nc1nc(C)c(-c2nc(N3CCCC(O)C3)no2)s1,72737552,C13H17N5O3S,323.37,1.1,133,415,2,8,3
T7887,O=S(=O)(O)O.Oc1cccc2cccnc12.Oc1cccc2cccnc12,517000,C18H16N2O6S,388.4,,149,219,4,8,0
T7942,N[C@@H]1C[C@H]1c1ccccc1.N[C@@H]1C[C@H]1c1ccccc1.O=S(=O)(O)O,25267092,C18H24N2O4S,364.5,,135,197,4,6,2
T7889,Cc1nn(-c2ccc3nnc(C)n3n2)c(C)c1CCC(=O)N1CCC(Cc2ccccc2)CC1,53093165,C26H31N7O,457.6,3.6,81.2,678,0,5,6
T7944,CC(C)(O)CNc1ncc(-c2ccnc(Nc3ccncc3)n2)c(CC2CC2)n1,67983918,C21H25N7O,391.5,2.6,109,509,3,8,8
T4475,Cc1cc(NC(=O)c2cccc(S(=O)(=O)N[C@H]3CCOC3)c2)ccc1F,73389570,C18H19FN2O4S,378.4,2.2,92.9,594,2,6,5
T7939,CCCCCCCCc1ccc(CCC(N)(CO)CO)cc1,107970,C19H33NO2,307.5,4.2,66.5,258,3,3,12
T7940,CCN(CC)C(=O)[C@@]1(c2ccccc2)C[C@H]1CN.Cl,6917778,C15H23ClN2O,282.81,,46.3,295,2,2,5
T8004,Cc1ccc(NC(=O)C(C)C)cc1C1CCN(Cc2ccc(Oc3ccc(F)c(F)c3)cc2)CC1.Cl,56972235,C29H33ClF2N2O2,515.0,,41.6,661,2,5,7
T7955,CN(C)c1cc[n+](Cc2ccc(OCCOc3ccc(C[n+]4ccc(N(C)C)cc4)cc3)cc2)cc1.[Br-].[Br-],90467110,C30H36Br2N4O2,644.4,,32.7,534,0,6,11
T7194,COc1cc2c(NC3CCN(C)CC3)cc(-c3ccc(C)o3)nc2cc1OCCCN1CCCC1,118607432,C28H38N4O3,478.6,4.8,63,640,1,7,9
T7954,CCc1ccc2c(-c3cccc(Cl)c3)nc(=O)n(CC)c2n1,6604918,C17H16ClN3O,313.8,4,45.6,453,0,2,3
T7899,Cc1cc(NC(=O)Cc2ccc(F)c(Cl)c2)n(C2CCCCC2)n1,146014436,C18H21ClFN3O,349.8,4.2,46.9,432,1,3,4
T7685,OCCNCc1cc(Br)ccc1OCc1ccc(F)c(C(F)(F)F)c1,135397656,C17H16BrF4NO2,422.2,3.7,41.5,399,2,7,7
T7897,O=C(Nc1ccc2c(c1)OC(F)(F)O2)Nc1ccc(Cl)c(C(F)(F)F)c1,132190620,C15H8ClF5N2O3,394.68,4.6,59.6,536,2,8,2
T7804,CC1NCc2cc(-c3ccc4c(=O)c(C(=O)O)cn(C5CC5)c4c3OC(F)F)ccc21.CS(=O)(=O)O.O,45357591,C24H26F2N2O8S,540.5,,143,863,4,12,5
T7829,CC(=O)N1CCC(NC(=O)c2ccc(F)cc2)CC1,9816738,C14H17FN2O2,264.29,1.4,49.4,332,1,3,2
T7869,O=C(NCO)c1cccnc1,77116,C7H8N2O2,152.15,-0.6,62.2,138,2,3,2
T7969,[O-][n+]1ccccc1SSc1cccc[n+]1[O-],3109,C10H8N2O2S2,252.3,0.6,102,199,0,4,3
T7898,O=C(O)CCCCCCCCCCCNC(=O)NC12CC3CC(CC(C3)C1)C2,10069117,C23H40N2O3,392.6,5.9,78.4,479,3,3,13
T7943,CCCCCCCCCC(=O)OCCN1CCN(CCCN2c3ccccc3Sc3ccc(C(F)(F)F)cc32)CC1,3388,C32H44F3N3O2S,591.8,9,61.3,765,0,9,16
T7884,O=C(Nc1cc(Cl)ccc1O)Nc1cc(C(F)(F)F)ccc1Cl,310378,C14H9Cl2F3N2O2,365.1,4.3,61.4,425,3,5,2
T7873,CSCCCN=C=S,62351,C5H9NS2,147.3,2.6,69.8,86,0,3,4
T7938,C=C[C@H]1CN2CC[C@H]1C[C@@H]2[C@@H](O)c1ccnc2ccc(OC)cc12,441074,C20H24N2O2,324.4,2.9,45.6,457,1,4,4
T7813,CSCC[C@H](NC(=O)[C@H](CO)NC(=O)[C@H](Cc1ccc(O)cc1)NC(=O)[C@H](CO)NC(C)=O)C(=O)N[C@@H](CCC(=O)O)C(=O)N[C@@H](Cc1c[nH]cn1)C(=O)N[C@@H](Cc1ccccc1)C(=O)N[C@@H](CCCNC(=N)N)C(=O)N[C@@H](Cc1c[nH]c2ccccc12)C(=O)NCC(=O)N[C@@H](CCCCN)C(=O)N1CCC[C@H]1C(=O)N[C@H](C(N)=O)C(C)C,16133793,C77H109N21O19S,1664.9,-4.3,668,3370,23,23,51
T7891,Nc1c2c(nc3c1CCC3)CCCC2,604519,C12H16N2,188.27,2.1,38.9,216,1,2,0
T7892,O=P(O)(O)CN(CP(=O)(O)O)CP(=O)(O)O,16698,C3H12NO9P3,299.05,-7.2,176,305,6,10,6
T7968,Cl.O=C(O)c1ccc(OCCn2ccnc2)cc1,53000,C12H13ClN2O3,268.69,,64.4,252,2,4,5
T8003,CN(Cc1cnc2nc(N)nc(N)c2n1)c1ccc(C(=O)NC(CCC(=O)[O-])C(=O)[O-])cc1.[Na+].[Na+],23893,C20H20N8Na2O5,498.4,,216,693,3,12,7
T7867,OC(Cn1cncn1)(c1ccc(F)cc1)c1ccccc1F,91727,C16H13F2N3O,301.29,2.3,50.9,365,1,5,4
T8006,O=Cc1cn(Cc2ccc(Cl)cc2)c2ccccc12,872445,C16H12ClNO,269.72,3.7,22,314,0,1,3
T7905,COc1ccc(NC(=S)NCCCn2ccnc2)cc1OC,6539196,C15H20N4O2S,320.4,1.5,92.4,346,2,4,7
T7881,Nc1ccn(C2OC(COP(=O)(O)OP(=O)([O-])OP(=O)([O-])O)C(O)C2O)c(=O)n1.O.O.[Na+].[Na+],44134649,C9H18N3Na2O16P3,563.15,,276,844,7,16,8
T7895,CC(=O)O.CC(=O)O.NCCC(=O)N1CCCC1C(=O)NC(CCN)C(=O)NCc1ccccc1,78076568,C23H37N5O7,495.6,,205,539,6,9,9
T7845,O=c1nc(-c2ccccn2)sc2ccccc12,9837640,C13H8N2OS,240.28,2.7,67.6,342,0,3,1
T7680,CC[C@H](C)[C@H](NC(=O)[C@H](C)NC(=O)CNC(=O)[C@H](CCCCN)NC(=O)[C@H](CC(N)=O)NC(=O)[C@H](CO)NC(=O)CN)C(=O)N[C@H](C(=O)NCC(=O)N[C@@H](CC(C)C)C(=O)N[C@@H](CCSC)C(=O)O)[C@@H](C)CC.O=C(O)C(F)(F)F.O=C(O)C(F)(F)F,154582020,C49H83F6N13O18S,1288.3,,544,1960,17,27,37
T8133,COc1cc([N-]S(=O)(=O)c2ccc(N)cc2)nc(OC)n1.[Na+],13384041,C12H13N4NaO4S,332.31,,114,425,1,8,5
T7633,CSCC[C@H](NC(=O)[C@H](CC(C)C)NC(=O)CNC(=O)[C@H](Cc1ccccc1)N(C)C(=O)[C@H](Cc1ccccc1)NC(=O)[C@H](CC(=O)O)NC(=O)CCC(=O)O)C(N)=O,108147,C40H55N7O11S,842.0,1.1,309,1450,8,12,26
T8128,CCOc1cc(N)c(Cl)cc1C(=O)NCC1CN(Cc2ccc(F)cc2)CCO1,119584,C21H25ClFN3O3,421.9,2.8,76.8,521,2,6,7
T8129,CC(=O)[O-].[K+],517044,C2H3KO2,98.14,,40.1,34,0,2,0
T8136,Cl.O=C1C2CCCCC2C(=O)N1CCCCN1CCN(c2nsc3ccccc23)CC1,14096626,C23H31ClN4O2S,463.0,,85,615,1,6,6
T8122,CC(=O)O.NCc1ccc(S(N)(=O)=O)cc1,25590,C9H14N2O4S,246.29,,132,255,3,6,2
T8172,O=C1O[C@H]([C@@H](O)CO)C(O)=C1O[C@H]1O[C@H](CO)[C@@H](O)[C@H](O)[C@H]1O,54693473,C12H18O11,338.26,-3.1,186,478,7,11,5
T8156,CC(C)(C)NC(=O)C1CC2CCCCC2CN1CC(O)C(Cc1ccccc1)NC(=O)C(CC(N)=O)NC(=O)c1ccc2ccccc2n1.CS(=O)(=O)O,21873167,C39H54N6O8S,766.9,,230,1230,6,10,13
T7816,CC(=O)N[C@@H](CC(=O)O)C(=O)N[C@@H](CCC(=O)O)C(=O)N[C@H](C(=O)N(c1ccc([N+](=O)[O-])cc1)[C@@H](CC(N)=O)C(=O)O)C(C)C,118988787,C26H34N6O13,638.6,-1.6,308,1160,7,13,17
T8108,CCOC1(c2ccc(-c3cc4c(N5CCN(C(=O)OC6CCOC6)CC5)ccnn4c3)nc2)CCN(C(C)C)CC1,139266773,C31H42N6O4,562.7,2.7,84.7,862,0,8,8
T8218,O=C(c1cnc(NCc2cnccn2)nc1)N1CCC2(CCOCC2)C1,134177597,C18H22N6O2,354.4,0,93.1,476,1,7,4
T8119,O=C(Nc1ccc(I)cc1)N1CCC(n2c(=O)[nH]c3c(Br)cccc32)CC1,137321164,C19H18BrIN4O2,541.2,3.5,64.7,564,2,2,2
T8138,COS(=O)(=O)[O-].C[n+]1c2ccccc2nc2ccccc21,9285,C14H14N2O4S,306.34,,91.6,297,0,5,0
T8134,CC(=O)OCC1=C(C(=O)O)N2C(=O)[C@@H](NC(=O)CSC(=NC(C)C)NC(C)C)[C@H]2SC1,15942748,C19H28N4O6S2,472.6,0.5,188,811,3,9,11
T8143,COc1ccc(CCNCC(O)COc2cccc(C)c2)cc1OC.Cl,39324,C20H28ClNO4,381.9,,60,355,3,5,10
T8139,Cc1cc([N-]S(=O)(=O)c2ccc(N)cc2)no1.[Na+],15899900,C10H10N3NaO3S,275.26,,95.6,352,1,6,3
T7853,C1CCN2C[C@H]3C[C@H](CN4CCCC[C@@H]34)[C@H]2C1,7014,C15H26N2,234.38,2.5,6.5,263,0,2,0
T8144,OC[C@H]1O[C@H](OC[C@H]2O[C@H](O[C@]3(CO)O[C@H](CO)[C@@H](O)[C@@H]3O)[C@H](O)[C@@H](O)[C@@H]2O)[C@H](O)[C@@H](O)[C@H]1O,439242,C18H32O16,504.4,-5.8,269,655,11,16,8
T8141,Cl.NC(CS)C(=O)O,25150,C3H8ClNO2S,157.62,,64.3,75,4,4,2
T8124,O=C([O-])c1ccccc1.[Na+],517055,C7H5NaO2,144.10,,40.1,108,0,2,1
T7871,O.O.O.O.O=C([O-])C(O)C(O)C(O)C(O)C(=O)[O-].[Ca+2],73152434,C6H16CaO12,320.26,,165,191,8,12,3
T8125,C=CC1CN2CCC1CC2C(O)c1ccnc2ccc(OC)cc12.C=CC1CN2CCC1CC2C(O)c1ccnc2ccc(OC)cc12.O.O.O=S(=O)(O)O,21954270,C40H54N4O10S,782.9,,176,538,6,14,8
T8140,CN1c2ccccc2C(NCCCCCCC(=O)O)c2ccc(Cl)cc2S1(=O)=O,68870,C21H25ClN2O4S,437.0,1.2,95.1,654,2,6,8
T8123,O=C1C(N(CO)C(=O)NCO)N(CO)C(=O)N1CO,62277,C8H14N4O7,278.22,-2.5,154,376,5,7,5
T8132,O=C([O-])[C@@H](O)[C@@H](O)[C@H](O)[C@@H](O)C(=O)[O-].O=C([O-])[C@@H](O)[C@@H](O)[C@H](O)[C@@H](O)C(=O)[O-].O=C([O-])[C@@H](O)[C@@H](O)[C@H](O)[C@@H](O)C(=O)[O-].[Fe+3].[Fe+3],11377634,C18H24Fe2O24,736.1,,484,191,12,24,9
T8107,CCOC(=O)c1c(NC(=O)CN2CCN(C(=O)c3ccco3)CC2)sc2c1CCC2,2697686,C21H25N3O5S,431.5,3,120,655,1,7,7
T8135,N=c1cc(N2CCCCC2)nc(N)n1OS(=O)(=O)O,4219798,C9H15N5O4S,289.31,0.9,141,529,3,6,3
T8130,Cl.O=C(O)c1cn(C2CC2)c2cc(N3CCNCC3)c(F)cc2c1=O,62999,C17H19ClFN3O3,367.8,,72.9,571,3,7,3
T8142,CN1CCN(c2cc3c(cc2F)c(=O)c(C(=O)O)cn3-c2ccc(F)cc2)CC1.Cl,56205,C21H20ClF2N3O3,435.8,,64.1,672,2,8,3
T7699,CCCNC(=O)c1nnc2c(-c3c(F)cccc3OC)cccc2c1N,23581869,C19H19FN4O2,354.4,3.3,90.1,480,2,6,5
TJA2398,C[C@H](CCC(=O)NCCS(=O)(=O)[O-])[C@H]1CC[C@H]2[C@@H]3CC[C@@H]4C[C@H](O)CC[C@]4(C)[C@H]3C[C@H](O)[C@]12C.O.[Na+],23702150,C26H46NNaO7S,539.7,,136,864,4,7,7
TCS2185,COC(=O)[C@@H]1[C@H]2C[C@H]3c4[nH]c5ccccc5c4CCN3C[C@@H]2CC[C@@H]1O,8969,C21H26N2O3,354.4,2.9,65.6,555,2,4,2
T3999,Cl.N[C@H]1C(O)O[C@H](CO)[C@H](O)[C@@H]1O,2723866,C6H14ClNO5,215.63,,116,155,6,6,1
T4537,C[C@H](CCC(=O)[O-])[C@H]1CC[C@H]2[C@@H]3[C@H](O)C[C@@H]4C[C@H](O)CC[C@]4(C)[C@H]3C[C@H](O)[C@]12C.[Na+],23668194,C24H39NaO5,430.6,,101,643,3,5,4
TL0015,O=c1ccocc1O,68129,C5H4O3,112.08,0,46.5,167,1,3,0
T2S0342,CC(=O)c1cc2c(CO)cc(O)cc2oc1=O,5320192,C12H10O5,234.20,0.6,83.8,373,2,5,2
T7060,NC12CC3CC(CC(C3)C1)C2,2130,C10H17N,151.25,2.4,26,144,1,1,0
T7909,CC1=CC=C(C(C)C)CC1,7462,C10H16,136.23,2.8,0,170,0,0,1
T7982,O=c1c(O)c(-c2ccccc2)oc2ccc(O)cc12,688659,C15H10O4,254.24,3,66.8,395,2,4,1
T7931,CC(=O)[C@@]12O[C@@H]1C[C@H]1[C@@H]3CCC4=CC(=O)CC[C@]4(C)[C@H]3CC[C@@]12C,101966,C21H28O3,328.4,2.9,46.7,679,0,3,1
T7958,CCCCCCCCCCCCCCCCCCCC(=O)OC,14259,C21H42O2,326.6,10.1,26.3,238,0,2,19
T7910,COc1ccc(C=O)cc1,31244,C8H8O2,136.15,1.8,26.3,104,0,2,2
T7983,CC1(C)[C@@H]2CC[C@@]1(C)[C@H](O)C2,6321405,C10H18O,154.25,2.7,20.2,185,1,1,0
T8153,C[C@H](CCC(=O)NCC(=O)O)[C@H]1CC[C@H]2[C@@H]3C[C@H](O)[C@@H]4C[C@H](O)CC[C@]4(C)[C@H]3CC[C@]12C,114611,C26H43NO5,449.6,4.3,107,727,4,5,6
T8180,O=c1c(-c2ccccc2)coc2cc(O)ccc12,5376891,C15H10O3,238.24,2.8,46.5,355,1,3,1
T7933,C[C@H]1OC(=O)[C@@H](C)OC1=O,5325924,C6H8O4,144.12,0.6,52.6,155,0,4,0
T7972,O=Cc1cc(O)c(O)c(O)c1,83651,C7H6O4,154.12,0.6,77.8,135,3,4,1
T7981,Nc1nc(F)nc2c1ncn2[C@@H]1O[C@H](CO)[C@@H](O)[C@H]1O,8975,C10H12FN5O4,285.23,-0.6,140,367,4,9,2
T7927,CC(=O)C=CC1=C(C)CCCC1(C)C,26955,C13H20O,192.30,2.9,17.1,292,0,1,2
T7923,Nc1ncccc1O,28114,C5H6N2O,110.11,0.1,59.1,76,2,3,0
T8175,COc1ccc(CC2c3cc(OC)c(OC)cc3CCN2C)cc1OC,15548,C21H27NO4,357.4,3.7,40.2,434,0,5,6
T7984,O=C1CC(c2ccccc2O)Oc2ccccc21,176925,C15H12O3,240.25,2.5,46.5,315,1,3,1
T7912,CC1(C)[C@H]2CC=C(C=O)[C@@H]1C2,1201529,C10H14O,150.22,2.1,17.1,225,0,1,1
T8693,C=CCSSSCC=C,16315,C6H10S3,178.3,2.6,75.9,70,0,3,6
T7914,C1=Cc2cccc3cccc1c23,9161,C12H8,152.19,3.7,0,184,0,0,0
T7929,NC(CC(=O)OCc1ccccc1)C(=O)O,351981,C11H13NO4,223.22,-2,89.6,248,2,5,6
T7932,COc1ccccc1OCC1CO1,98357,C10H12O3,180.20,1.6,31,160,0,3,4
T8109,CC(C)[C@@H]1CC[C@@H](C)C[C@@H]1O,439263,C10H20O,156.26,3,20.2,120,1,1,1
T7907,COc1ccc2c(=O)cc(-c3ccccc3)oc2c1,466268,C16H12O3,252.26,3.9,35.5,368,0,3,2
T8516,CC(C)=CCC[C@](C)(O)[C@@H]1CC=C(C)CC1,442343,C15H26O,222.37,3.8,20.2,284,1,1,4
T7985,COc1ccc(C=CC(=O)c2ccc(OC)cc2)cc1,98182,C17H16O3,268.31,3,35.5,321,0,3,5
T7959,C[C@@H]1[C@@H](O)C[C@H]2C[C@@H]1C2(C)C,90350,C10H18O,154.25,2.6,20.2,174,1,1,0
T7986,CCCCCCCCCCCCCCCCCCCCCCCC(=O)OC,75546,C25H50O2,382.7,12.3,26.3,288,0,2,23
T7934,Cc1ccc2ccc(=O)oc2c1,17131,C10H8O2,160.17,1.8,26.3,220,0,2,0
T7960,CCN(CC)c1ccc2cc(-c3nc4ccccc4[nH]3)c(=O)oc2c1,94381,C20H19N3O2,333.4,4,58.2,531,1,4,4
T8116,c1ccc2cccc-2cc1,9231,C10H8,128.17,3.2,0,94,0,0,0
T7918,Nc1ccc(Cl)cc1C(=O)c1ccccc1Cl,18069,C13H9Cl2NO,266.12,4.4,43.1,285,1,2,2
T7970,CCOc1ccc2ccc(=O)oc2c1,35703,C11H10O3,190.19,2.3,35.5,247,0,3,2
T7919,Nc1ccc(C(=O)O)cn1,18496,C6H6N2O2,138.12,1.4,76.2,138,2,4,1
T8242,C=C1CCC2(C(C)C)CC12,18818,C10H16,136.23,3.1,0,178,0,0,1
T7908,C[S+](C)CCC(N)C(=O)O.[Cl-],14220,C6H14ClNO2S,199.70,,64.3,116,2,4,4
T7925,COC(C(=O)c1ccccc1)c1ccccc1,98097,C15H14O2,226.27,2.7,26.3,237,0,2,4
T7926,O=S(=O)([O-])c1ccc(N=Nc2cc(S(=O)(=O)[O-])c3ccccc3c2O)c2ccccc12.[Na+].[Na+],19118,C20H12N2Na2O7S2,502.4,,176,854,1,9,2
T8177,OC[C@H]1O[C@H](O[C@@H]2[C@H](O)[C@H](O)[C@@H](O)[C@H](O)[C@H]2O)[C@H](O)[C@@H](O)[C@H]1O,439451,C12H22O11,342.30,-5.3,201,379,9,11,3
T8244,CC(=O)CCc1ccc(O[C@@H]2O[C@H](CO)[C@@H](O)[C@H](O)[C@H]2O)cc1,5320521,C16H22O7,326.34,0,116,381,4,7,6
T7924,Nc1nc2c(nc(Br)n2[C@@H]2O[C@H](CO)[C@@H](O)[C@H]2O)c(=O)[nH]1,135465599,C10H12BrN5O5,362.14,-0.9,155,479,5,7,2
T8245,O=c1cc(-c2ccc(O)c(O)c2)oc2ccccc12,145726,C15H10O4,254.24,2.8,66.8,390,2,4,1
T8246,COc1ccc(-c2cc(=O)c3ccccc3o2)cc1,77793,C16H12O3,252.26,3.5,35.5,366,0,3,2
T7921,CC1=C(C=O)C(C)(C)CCC1,9895,C10H16O,152.23,2.4,17.1,199,0,1,1
T7973,O=Cc1coc2ccccc12,12394139,C9H6O2,146.14,1.8,30.2,156,0,2,1
T7956,CC1(C)C(=O)[C@@]2(C)CC[C@@H]1C2,1201521,C10H16O,152.23,2.3,17.1,217,0,1,0
T8110,C=C1[C@H]2CC[C@@H]3[C@H]2C(C)(C)CCC[C@]13C,1796220,C15H24,204.35,5.1,0,312,0,0,0
T7977,[O-][n+]1onc2ccccc21,68075,C6H4N2O2,136.11,1.4,51.5,131,0,3,0
T8043,CC(C)CCC[C@@H](C)[C@H]1CC[C@H]2[C@@H]3CC[C@H]4CCCC[C@]4(C)[C@H]3CC[C@]12C,2723895,C27H48,372.7,11.1,0,506,0,0,5
T7961,O=C(Nc1ccn([C@H]2C[C@H](O)[C@@H](CO)O2)c(=O)n1)c1ccccc1,9797617,C16H17N3O5,331.32,0.7,111,556,3,5,4
T8012,O[C@H]1[C@H](O)[C@@H](O)[C@H](O)[C@@H](O)[C@@H]1O,892,C6H12O6,180.16,-3.7,121,104,6,6,0
T8190,O=c1cc(-c2ccccc2)oc2cccc(O)c12,68112,C15H10O3,238.24,2.5,46.5,355,1,3,1
T8248,O=c1c(O)c(-c2ccccc2)oc2cc(O)ccc12,5393152,C15H10O4,254.24,3,66.8,395,2,4,1
T8163,COc1cc(C=O)ccc1O[C@@H]1O[C@H](CO)[C@@H](O)[C@H](O)[C@H]1O,6452133,C14H18O8,314.29,-1.6,126,365,4,8,5
T8115,Cc1coc2c1CCC(C)C2,329983,C10H14O,150.22,3,13.1,144,0,1,0
T8164,O=C[C@H](O)[C@@H](O)[C@@H](CO)O[C@@H]1OC[C@@H](O[C@@H]2OC[C@@H](O[C@@H]3OC[C@@H](O[C@@H]4OC[C@@H](O)[C@H](O)[C@H]4O)[C@H](O)[C@H]3O)[C@H](O)[C@H]2O)[C@H](O)[C@H]1O,101656439,C25H42O21,678.6,-8.9,334,947,12,21,12
T7962,O=C(O)c1ccc(=O)oc1,68141,C6H4O4,140.09,0,63.6,236,1,4,1
T8249,CC(=O)CCCC(C)CCCC(C)CCCC(C)C,10408,C18H36O,268.5,6.9,17.1,220,0,1,12
T7978,O=C1CCCCCCCCCCCCCC1,10409,C15H28O,224.38,5.8,17.1,156,0,1,0
T8250,CC1=CC=CC(C)(C)CC1=O,136330,C10H14O,150.22,2.6,17.1,231,0,1,0
T8192,CCCCCCCCCCCCCCCCCCCCCCCCC(=O)O,10468,C25H50O2,382.7,11.2,37.3,288,1,2,23
T8121,CCCCCCCCCCCCCCCCCCCCCCCCCCCC(=O)O,10470,C28H56O2,424.7,12.9,37.3,327,1,2,26
T8111,CCCCCCCCCCCCCCCCCCCCCCCCCCCCCC(=O)O,10471,C30H60O2,452.8,13.9,37.3,353,1,2,28
T8060,O=c1[nH]cc(Br)c(=O)[nH]1,5802,C4H3BrN2O2,190.98,-0.2,58.2,199,2,2,0
T8251,CC1(C)[C@H]2CC[C@H](CO)[C@@H]1C2,104476,C10H18O,154.25,2.5,20.2,162,1,1,1
T8193,CC(C)[C@]12CC(=O)[C@H](C)[C@H]1C2,261491,C10H16O,152.23,2.3,17.1,207,0,1,1
T7957,CC(C)c1ccc2sc3ccccc3c(=O)c2c1,79633,C16H14OS,254.3,5.1,42.4,325,0,2,1
T8112,O=C[C@H](O)[C@@H](O)[C@H](O)[C@H](O)CO[C@@H]1O[C@H](CO)[C@@H](O)[C@H](O)[C@H]1O,20056559,C12H22O11,342.30,-5,197,367,8,11,8
T7990,C[C@]12CCC(=O)C=C1CC[C@H]1[C@@H]3CCC(=O)[C@@]3(C)CC[C@@]12O,10425017,C19H26O3,302.4,1.6,54.4,591,1,3,0
T8225,COc1ccc(C(=O)O)c(O)c1OC,79737,C9H10O5,198.17,1.9,76,205,2,5,3
T7995,CC1=CCC(=O)O1,11559,C5H6O2,98.10,0.6,26.3,124,0,2,0
T8014,C=CC1(C)CCC(C(C)(C)O)O1,22310,C10H18O2,170.25,1.4,29.5,186,1,2,2
T7997,CC(=O)OC[C@H]1O[C@@H](OC(C)=O)[C@H](OC(C)=O)[C@@H](OC(C)=O)[C@@H]1OC(C)=O,2724702,C16H22O11,390.34,0.6,141,599,0,11,11
T7963,O=c1cc(O)cc[nH]1,54696004,C5H5NO2,111.10,-0.4,49.3,169,2,2,0
T8113,COc1ccc2oc(=O)cc(C)c2c1,223821,C11H10O3,190.19,2.2,35.5,270,0,3,1
T7979,O=C(C=Cc1ccccc1O)c1ccccc1,97765,C15H12O2,224.25,3.3,37.3,277,1,2,3
T7964,OCC(O)[C@@H](O)[C@H](O)[C@H](O)CO[C@H]1O[C@H](CO)[C@@H](O)[C@H](O)[C@H]1O,3034828,C12H24O11,344.31,-5.2,201,343,9,11,8
T7999,O=C1CC(c2ccccc2)Oc2cc(O)ccc21,1890,C15H12O3,240.25,2.5,46.5,309,1,3,1
T7992,O=C1CC(c2ccc(O)cc2)Oc2ccccc21,165506,C15H12O3,240.25,2.8,46.5,307,1,3,1
T7965,C[C@H]1O[C@@H](n2cc(F)c(N)nc2=O)[C@H](O)[C@@H]1O,10037499,C9H12FN3O4,245.21,-1.6,108,411,3,5,1
T8000,CC(C)OC(C(=O)c1ccccc1)c1ccccc1,110912,C17H18O2,254.32,3.5,26.3,273,0,2,5
T7993,CC(=O)c1c(O)ccc2ccc(=O)oc12,5411574,C11H8O4,204.18,1.8,63.6,321,1,4,1
T8254,COc1cc2c(c(OC)c1OC)C(=O)c1c(cc(C)c(O)c1OC)C2=O,155381,C19H18O7,358.3,2.8,91.3,550,1,7,4
T7994,COc1c(-c2ccccc2)oc2ccccc2c1=O,146013,C16H12O3,252.26,3.7,35.5,379,0,3,2
T8255,Oc1cc(O)c2c(c1)O[C@H](c1ccc(O)c(O)c1)[C@@H](O)C2,9064,C15H14O6,290.27,0.4,110,364,5,6,1
T8197,C=Cc1ccc(O)c(OC)c1,332,C9H10O2,150.17,2.4,29.5,134,1,2,2
T7975,CCN(CC)c1ccc2c(-c3ccccc3C(=O)O)c3ccc(N(CC)CC)cc3[o+]c2c1.[Cl-],6694,C28H31ClN2O3,479.0,,52.8,811,1,5,7
T7966,CCOC1=C(O)C(=O)O[C@@H]1[C@@H](O)CO,150736,C8H12O6,204.18,-1.5,96.2,259,3,6,4
T8038,CCOc1ccc2c(C)cc(=O)oc2c1,66595,C12H12O3,204.22,2.6,35.5,283,0,3,2
T7976,O=C1O[C@H]([C@H](O)CO)C(O)=C1O,54675810,C6H8O6,176.12,-1.6,107,232,4,6,2
T8256,CC1=CC(=O)C(C(C)C)CC1,6987,C10H16O,152.23,2.2,17.1,189,0,1,1
T7967,CCCCCCCCCCCCCCCCCCCCCC(=O)OC,13584,C23H46O2,354.6,11.2,26.3,263,0,2,21
T8002,O=c1oc2ccccc2cc1O,13650,C9H6O3,162.14,1.8,46.5,232,1,3,0
T8015,COc1ccc(C=CC(=O)c2ccccc2)cc1,94197,C16H14O2,238.28,3.1,26.3,281,0,2,4
T8016,CNCc1ccccc1,7669,C8H11N,121.18,1.5,12,65,1,1,2
T8061,CC(C)=CCCC(C)CC=O,7794,C10H18O,154.25,3,17.1,132,0,1,5
T8041,CCCCCCC(O)CC=CCCCCCCCC(=O)O,8839,C18H34O3,298.5,5.7,57.5,261,2,3,15
T4S1725,COc1ccc2c3c1O[C@H]1C[C@@H](O)C=C[C@@]31CCN(C)C2,9651,C17H21NO3,287.35,1.8,41.9,440,1,4,1
T5029,CC(=O)N1C[C@H](O)C[C@H]1C(=O)O,65784,C7H11NO4,173.17,-1.1,77.8,215,2,4,1
T8017,CCCCCCCCCC(C)=O,8163,C11H22O,170.29,4.1,17.1,108,0,1,8
T8062,Cc1nnc(SCC2=C(C(=O)O)N3C(=O)[C@@H](NC(=O)Cn4cc(Cl)c(=O)c(Cl)c4)[C@H]3SC2)s1,71736,C18H15Cl2N5O5S3,548.4,1.1,212,984,2,11,7
T8063,CC(=O)OCC1=C(C(=O)O)N2C(=O)C(NC(=O)CSc3ccncc3)C2SC1.CC(=O)OCC1=C(C(=O)O)N2C(=O)C(NC(=O)CSc3ccncc3)C2SC1.c1ccc(CNCCNCc2ccccc2)cc1,45357576,C50H54N8O12S4,1087.3,,377,878,6,20,23
T8018,COc1cc(CO)cc(OC)c1O,10741,C9H12O4,184.19,0.6,58.9,137,2,4,3
T8064,O=C(O)[C@H](O)[C@@H](O)[C@H](O[C@@H]1O[C@H](CO)[C@H](O)[C@H](O)[C@H]1O)[C@H](O)CO,7314,C12H22O12,358.30,-5,218,405,9,12,8
T8084,COC(=O)c1ccc(O)c(C(=O)OC)c1,80087,C10H10O5,210.18,2.2,72.8,250,1,5,4
T8065,C=C[C@]1(C)C[C@@H](OC(=O)CSCCN(CC)CC)[C@]2(C)[C@H](C)CC[C@]3(CCC(=O)[C@H]32)[C@@H](C)[C@@H]1O,656958,C28H47NO4S,493.7,5.6,92.1,770,1,6,10
T8257,CO[C@@H]1[C@@H](OC)[C@H](C)[C@@](O)(CC(=O)[O-])O[C@H]1[C@H](C)[C@H]1O[C@@]2(CC[C@@](C)([C@H]3CC[C@@](C)([C@@H]4O[C@@H]([C@H]5O[C@](C)(O)[C@H](C)C[C@@H]5C)C[C@@H]4OC4C[C@H](OC)[C@@H](OC)[C@H](C)O4)O3)O2)C[C@H](O)[C@H]1C.[NH4+],20054964,C47H83NO17,934.2,,213,1600,4,17,12
T8020,O=c1[nH]c(=O)c2ccccc2[nH]1,64048,C8H6N2O2,162.15,0.8,58.2,227,2,2,0
T8046,Cc1ccc(S(=O)(=O)O)cc1.NC1CCN(c2nc3c(cc2F)c(=O)c(C(=O)O)cn3-c2ccc(F)cc2F)C1.O,5282468,C26H25F3N4O7S,594.6,,164,915,4,14,4
T8085,O=C1C[C@@H]2[C@@H](CO)[C@H](O)C[C@@H]2O1,2724453,C8H12O4,172.18,-0.2,66.8,203,2,4,1
T8077,CCCCCC1=C(C)CCC1=O,62378,C11H18O,166.26,2.9,17.1,201,0,1,4
T8226,CC(=O)CCc1ccc(OC(C)=O)cc1,19137,C12H14O3,206.24,1.7,43.4,227,0,3,5
T8228,CCOC(=O)C1C(C=C(C)C)C1(C)C,7334,C12H20O2,196.29,4.1,26.3,259,0,2,4
T8078,CCCCCCC1CCC(=O)O1,12813,C10H18O2,170.25,2.7,26.3,143,0,2,5
T8086,CCCCCCCCCC=O,8175,C10H20O,156.26,3.8,17.1,78,0,1,8
T8258,O=C(N[C@H](CO)[C@H](O)c1ccc([N+](=O)[O-])cc1)C(Cl)Cl,5959,C11H12Cl2N2O5,323.13,1.1,115,342,3,5,5
T8021,CC(=C(CCOC(=O)c1ccccc1)SC(=O)c1ccccc1)N(C=O)Cc1cnc(C)nc1N,134538,C26H26N4O4S,490.6,3.8,141,750,1,8,11
T8047,CC(=O)O[C@@H]1C[C@H](C)CC[C@H]1C(C)C,220674,C12H22O2,198.30,3.6,26.3,198,0,2,3
T8022,COC(=O)c1ccco1,11902,C6H6O3,126.11,1,39.4,111,0,3,2
T8087,O=c1cccccc1O,10789,C7H6O2,122.12,0.5,37.3,209,1,2,0
T8079,CC(=O)OC(C)(C)C1CC=C(C)CC1,111037,C12H20O2,196.29,2.4,26.3,251,0,2,3
T8057,CC(=O)OCCC(C)CCC=C(C)C,9017,C12H22O2,198.30,3.8,26.3,190,0,2,7
T8088,CC(=O)OCc1ccco1,12170,C7H8O3,140.14,0.7,39.4,122,0,3,3
T8067,CCCCCCCCCCCCCCCCCCC(=O)OC,15610,C20H40O2,312.5,9.5,26.3,226,0,2,18
T8023,O=C(O)c1ccc(O)c(O)c1O,11874,C7H6O5,170.12,1.1,98,181,4,5,1
T8089,CCCCC(C)CCC(=O)O,62089,C9H18O2,158.24,3,37.3,110,1,2,6
T8090,COC(=O)Cc1ccc(C(C)(C)C)cc1,605629,C13H18O2,206.28,3.5,26.3,207,0,2,4
T8010,CCCCOC(=O)CCCCCCCCC(=O)OCCCC,7986,C18H34O4,314.5,5.3,52.6,248,0,4,17
T8025,O=C(O)C(=O)c1ccccc1,11915,C8H6O3,150.13,1.3,54.4,168,1,3,2
T8026,C=C(C)[C@@H]1CC=C(C)CC1,439250,C10H16,136.23,3.4,0,163,0,0,1
T8027,CCC(CC)C(=O)O,6915,C6H12O2,116.16,1.7,37.3,74,1,2,3
T8259,C[C@H]1c2cccc(O)c2C(O)=C2C(=O)[C@]3(O)C(O)=C(C(N)=O)C(=O)[C@@H](N(C)C)[C@@H]3[C@@H](O)[C@@H]21.O,54684461,C22H26N2O9,462.4,,183,956,7,10,2
T8091,O=C(O)[C@H]1CC[C@H](O)CC1,151138,C7H12O3,144.17,0.3,57.5,125,2,3,1
T8080,CCCCC(C)C(=O)O,20653,C7H14O2,130.18,2.3,37.3,88,1,2,4
T8008,CCCCCC(C)C(=O)O,14475,C8H16O2,144.21,2.9,37.3,99,1,2,5
T8009,c1coc(Cn2cccc2)c1,15037,C9H9NO,147.17,1.4,18.1,121,0,1,2
T8093,O=C(O)CC(Cc1ccccc1)C(=O)O,3858,C11H12O4,208.21,1.2,74.6,231,2,4,5
T8094,CC(=O)C1=CC[C@H]2[C@@H]3CCC4=CC(=O)CC[C@]4(C)[C@H]3CC[C@]12C,101964,C21H28O2,312.4,3.9,34.1,640,0,2,1
T8095,CC(=O)OC[C@H](N)C(=O)O,99478,C5H9NO4,147.13,-3.5,89.6,145,2,5,4
T8028,CC(=O)OCC=C(C)CCC=C(C)CCC=C(C)C,94403,C17H28O2,264.4,5.3,26.3,355,0,2,9
T8058,C=CCC(C)C(=O)O,549519,C6H10O2,114.14,1.4,37.3,96,1,2,3
T8059,CSCC[C@H](NC(C)=O)C(=O)O,448580,C7H13NO3S,191.25,0.1,91.7,172,2,4,5
T8096,CCOC(=O)CCC(=O)OCC,31249,C8H14O4,174.19,1.2,52.6,135,0,4,7
T8068,Cc1ccccc1C(=O)O,8373,C8H8O2,136.15,2.5,37.3,131,1,2,1
T8097,COC(=O)CCN.Cl,2734767,C4H10ClNO2,139.58,,52.3,62,2,3,3
T8069,CCOC(=O)CC(O)(CC(=O)OCC)C(=O)OCC,6506,C12H20O7,276.28,0.1,99.1,304,1,7,11
T8049,CCCCCCCCCCCCCCC(=O)O,13849,C15H30O2,242.40,5.8,37.3,166,1,2,13
T8030,CCOC(=O)C(C)=O,12041,C5H8O3,116.11,0.4,43.4,106,0,3,3
T8031,O=C(O)c1ccc(C(=O)O)cc1,7489,C8H6O4,166.13,2,74.6,169,2,4,2
T8098,CCC1CCC(=O)O1,12756,C6H10O2,114.14,0.7,26.3,98,0,2,1
T8032,C=CCCC(=O)O,61138,C5H8O2,100.12,0.8,37.3,76,1,2,3
T8050,CC1OCCC1=O,18522,C5H8O2,100.12,0,26.3,88,0,2,0
T8034,CSSSC,19310,C2H6S3,126.3,1.3,75.9,12,0,3,2
T8051,Cc1occc1SSc1ccoc1C,526624,C10H10O2S2,226.3,3,76.9,169,0,4,3
T6S1880,CCN1C[C@]2(COC)[C@H](O)C[C@H](OC)[C@]34C1[C@H]([C@H](OC)[C@H]23)[C@]1(O)[C@H]2[C@@H](OC(=O)c3ccccc3)[C@@](O)(C[C@H]24)[C@@H](OC)[C@@H]1O,71773124,C32H45NO10,603.7,-0.3,147,1100,4,11,9
T8070,CCCCCCCCCCCCCCCCCCC(=O)O,12591,C19H38O2,298.5,8,37.3,214,1,2,17
T8053,CC(=O)N[C@@H](CCCNC(=N)N)C(=O)O,67427,C8H16N4O3,216.24,-1.7,131,261,4,4,6
T8260,O=c1cc(-c2ccc(O)cc2)oc2cccc(O)c12,165521,C15H10O4,254.24,2.1,66.8,382,2,4,1
T8071,Cl.NCCCC[C@H](N)C(=O)O,69568,C6H15ClN2O2,182.65,,89.3,106,4,4,5
T8072,CSC[C@H](N)C(=O)O,24417,C4H9NO2S,135.19,-2.7,88.6,86,2,4,3
T8262,C[C@@H]1O[C@@H]1P(=O)([O-])[O-].[Na+].[Na+],73491,C3H5Na2O4P,182.02,,75.7,127,0,4,0
T8100,O=C(O)C1CCN1,17288,C4H7NO2,101.10,-2.9,49.3,91,2,3,1
T8101,CC(=O)NCCCC[C@H](N)C(=O)O,92832,C8H16N2O3,188.22,-2.8,92.4,182,3,4,6
T8102,NCCCCCCCC(=O)O,66085,C8H17NO2,159.23,-2.6,63.3,104,2,3,7
T8103,NN=CNCCCC[C@H](N)C(=O)O,122197613,C7H16N4O2,188.23,-3.6,114,172,4,5,7
T8104,CC(C)[C@H](NC(=O)CN)C(=O)O,2724807,C7H14N2O3,174.20,-2.7,92.4,179,3,4,4
T8054,CC(C)C[C@H](N)C(=O)N[C@@H](C)C(=O)O,81721,C9H18N2O3,202.25,-2.8,92.4,216,3,4,5
T8074,O=C(COP(=O)([O-])O)[C@@H](O)[C@H](O)[C@H](O)COP(=O)([O-])[O-].[Na+].[Na+].[Na+],94482,C6H11Na3O12P2,406.06,,220,396,4,12,8
T8263,O=c1c(O)c(-c2ccc(O)cc2)oc2ccccc12,688715,C15H10O4,254.24,3,66.8,393,2,4,1
T8264,CCC(C)C(=O)C(=O)O,47,C6H10O3,130.14,1.1,54.4,128,1,3,3
T8150,Cn1cc(C(N)=O)ccc1=O,69698,C7H8N2O2,152.15,-1,63.4,266,1,2,1
T8266,CC(C)=CCC[C@@H](C)CCO,101977,C10H20O,156.26,3.2,20.2,112,1,1,5
T8227,CSC[C@H]1O[C@@H](n2cnc3c(N)ncnc32)[C@H](O)[C@@H]1O,439176,C11H15N5O3S,297.34,-0.3,145,352,3,8,3
T8118,NC[C@H]1O[C@H](O[C@H]2[C@H](O)[C@@H](O[C@H]3O[C@H](CO)[C@@H](O)[C@H](N)[C@H]3O)[C@H](N)C[C@@H]2N)[C@H](N)[C@@H](O)[C@@H]1O,439318,C18H37N5O10,483.5,-7.2,288,639,11,15,6
T8268,O=c1cc(-c2ccccc2O)oc2ccc(O)cc12,688661,C15H10O4,254.24,3.3,66.8,390,2,4,1
T8035,COc1cccc(-c2oc3ccccc3c(=O)c2O)c1,676296,C16H12O4,268.26,3.4,55.8,415,1,4,2
T8036,Cc1ccc2oc(-c3ccccc3)cc(=O)c2c1,689013,C16H12O2,236.26,3.9,26.3,352,0,2,1
T8105,O=Cc1c[nH]c2ccccc12,10256,C9H7NO,145.16,1.7,32.9,158,1,1,1
T8075,Cn1c(=O)c2[nH]c(=O)[nH]c2n(C)c1=O,70346,C7H8N4O3,196.16,-0.5,81.8,386,2,3,0
T8270,COC(=O)[C@H]1[C@H]2C[C@@H]3c4[nH]c5ccccc5c4CCN3C[C@H]2C[C@@H](OC(=O)c2cc(OC)c(OC)c(OC)c2)[C@@H]1OC,8550,C32H38N2O8,578.7,4.1,109,953,1,9,9
T8229,COc1cc(OC)c2c(=O)cc(-c3ccc(OC)c(OC)c3)oc2c1,631170,C19H18O6,342.3,2.1,63.2,504,0,6,5
T8273,CC(=O)CC(=O)CCC(=O)O,5312,C7H10O4,158.15,-0.8,71.4,183,1,4,5
T8274,Cn1cncc1C[C@H](N)C(=O)O,64969,C7H11N3O2,169.18,-3.3,81.1,174,2,4,3
T2P2806,C[C@@H]1O[C@@H](O[C@H]2[C@H](O[C@H]3CC[C@]4(C)[C@H]5CC=C6[C@@H]7CC(C)(C)CC[C@]7(C(=O)O)CC[C@@]6(C)[C@]5(C)CC[C@H]4C3(C)C)OC[C@H](O[C@@H]3O[C@H](CO)[C@@H](O)[C@H](O)[C@H]3O)[C@@H]2O)[C@H](O)[C@H](O)[C@H]1O,11622076,C47H76O16,897.1,3.3,255,1720,9,16,8
T6S1049,CC(=O)OC[C@@]12[C@H](OC(C)=O)[C@H](OC(C)=O)[C@@H]3[C@@H](OC(C)=O)[C@@]14O[C@@]3(C)COC(=O)c1cccnc1CC[C@H](C)C(=O)O[C@@H]([C@H](OC(=O)c1ccccc1)[C@@H]2OC(C)=O)[C@]4(C)O,154582017,C43H49NO18,867.8,2.2,253,1800,1,19,14
T4S2084,COc1cc(-c2coc3c([C@@H]4O[C@H](CO)[C@@H](O)[C@H](O)[C@H]4O)c(O)ccc3c2=O)ccc1O,5319485,C22H22O10,446.4,0,166,713,6,10,4
T3849,O=C1C[C@@H](O[C@@H]2O[C@H](CO)[C@@H](O)[C@H](O)[C@H]2O)CO1,10422896,C10H16O8,264.23,-2.4,126,308,4,8,3
T4S1540,C=CCc1cc(OC)c(O[C@@H](C)[C@H](O)c2ccc(O)c(OC)c2)c(OC)c1,21636106,C21H26O6,374.4,3.8,77.4,430,2,6,9
T5S1252,C[C@@H]1CC[C@]2(OC1)O[C@H]1C[C@H]3[C@@H]4CC=C5C[C@@H](O[C@@H]6O[C@H](CO)[C@@H](O)[C@H](O)[C@H]6O[C@@H]6O[C@@H](C)[C@H](O)[C@@H](O)[C@H]6O)CC[C@]5(C)[C@H]4CC[C@]3(C)[C@H]1[C@@H]2C,154582016,C39H62O12,722.9,3,177,1310,6,12,5
T4519,C[C@H](C[C@H](O)[C@@H](O)C(C)(C)O)C1=C2C[C@H](O)[C@H]3[C@@]4(C)CCC(=O)C(C)(C)[C@@H]4CC[C@]3(C)[C@@]2(C)CC1,15558616,C30H50O5,490.7,3.8,98,904,4,5,5
TJP2865,COc1ccc2c(C)cc(=O)oc2c1O,596086,C11H10O4,206.19,1.4,55.8,297,1,4,1
T2S2046,COC(=O)[C@@]12OC[C@]34[C@H]([C@@H](O)[C@@H]1O)[C@@]1(C)CC(=O)C(O)=C(C)[C@@H]1C[C@H]3OC(=O)[C@H](OC(=O)CC(C)C)[C@@H]24,160006,C26H34O11,522.5,0.7,166,1100,3,11,6
T4S2299,COC(=O)C1=CO[C@@H](O[C@@H]2O[C@H](CO[C@@H]3O[C@H](CO)[C@@H](O)[C@H](O)[C@H]3O)[C@@H](O)[C@H](O)[C@H]2O)[C@@H]2C(CO)=CC[C@H]12,3082301,C23H34O15,550.5,-4.5,234,894,8,15,9
T4955,O=c1cc(-c2ccc(O)cc2)oc2cc(O)c([C@@H]3O[C@H](CO)[C@@H](O)[C@H](O)[C@H]3O)c(O)c12,162350,C21H20O10,432.4,0.2,177,690,7,10,3
T5S1286,CC(C)(O)[C@@H]1Cc2c(ccc3ccc(=O)oc23)O1,92201,C14H14O4,246.26,1.9,55.8,387,1,4,1
T5S0089,C[C@H]1O[C@@H](O[C@H]2[C@H](Oc3c(-c4ccc(O)cc4)oc4cc(O)cc(O)c4c3=O)O[C@@H](CO)[C@H](O)[C@H]2O)[C@H](O)[C@@H](O)[C@@H]1O,127256226,C27H30O15,594.5,-0.4,245,985,9,15,6
T5A2455,C[C@]12CC[C@H](O)C[C@H]1CC[C@@H]1[C@@H]2[C@H](O)C(=O)[C@]2(C)[C@@H](c3ccc(=O)oc3)CC[C@]12O,12305198,C24H32O6,416.5,1.7,104,847,3,6,1
T5S2059,COc1cc2c(cc1OC)-c1c(OC)c(OC)cc3c1[C@H](C2)N(C)CC3,16754,C21H25NO4,355.4,3.4,40.2,489,0,5,4
T6S1500,CC(C)=CCC[C@](C)(O)[C@H]1CC[C@]2(C)[C@@H]1[C@H](O)CC1[C@@]3(C)CC[C@H](O)C(C)(C)[C@@H]3[C@@H](O[C@@H]3O[C@H](CO)[C@@H](O)[C@H](O)[C@H]3O[C@@H]3O[C@H](CO)[C@@H](O)[C@H](O)[C@H]3O)C[C@]12C,45782972,C42H72O14,801.0,2.7,239,1410,10,14,10
T3836,COc1ccc([C@@H]2OC[C@@H]3[C@H]2CO[C@H]3c2ccc(OC)c(OC)c2)cc1OC,325601,C22H26O6,386.4,2.9,55.4,457,0,6,6
T2S1008,O=C1CCC[C@@H]2[C@H]3CCC[N+]4([O-])CCC[C@H](CN12)[C@@H]34,71773433,C15H24N2O2,264.36,1,38.4,400,0,2,0
T3S2100,O=C1C=C2C=C[C@@H]3C[C@@]2(O1)[C@H]1CCCCN31,442872,C13H15NO2,217.26,1.1,29.5,426,0,3,0
T6S1884,COC[C@@]12CC[C@H](OC)C34C(C([C@H](OC)[C@@H]31)[C@]1(O)[C@@H]3[C@H]4C[C@](O)([C@@H]3OC(=O)c3ccccc3)[C@@H](OC)[C@@H]1O)N(C)C2,156621068,C31H43NO9,573.7,0.3,127,1050,3,10,8
T6S1885,COC[C@]12CN(C)C3C4[C@H](OC)[C@H]1C3([C@@H](OC)C[C@H]2O)[C@@H]1C[C@]2(O)[C@H](OC(=O)c3ccccc3)[C@@H]1[C@]4(O)[C@@H](O)[C@@H]2OC,168008625,C31H43NO10,589.7,-0.7,147,1090,4,11,8
T6S1010,O=C1CCC[C@@H]2[C@H]3CCCN4CCC[C@@H](CN12)[C@H]34,7000681,C15H24N2O,248.36,1.6,23.6,356,0,2,0
T7025,OCC1=C[C@@H](O)[C@@]2(O[C@@H]3O[C@H](CO)[C@@H](O)[C@H](O)[C@H]3O[C@@H]3O[C@H](CO)[C@@H](O)[C@H](O)[C@H]3O)C=CO[C@@H](O[C@@H]3O[C@H](CO)[C@@H](O)[C@H](O)[C@H]3O)[C@H]12,154582019,C27H42O20,686.6,-7.3,328,1110,13,20,10
T3S1957,CC[C@@]1(O)C(=O)OCc2c1cc1n(c2=O)Cc2cc3c(N)cccc3nc2-1,72402,C20H17N3O4,363.4,0.3,106,775,2,6,1
T5S1000,C=C(C)[C@H](CC=C(C)C)Cc1c(O)cc(O)c2c1O[C@H](c1ccc(O)cc1O)CC2=O,72936,C25H28O6,424.5,5.8,107,683,4,6,6
T2S0112,CC1CCC2C(C)C3CCC4C(CC5C4CC(=O)C4CC(OC6OC(CO)C(O)C(O)C6O)CCC45C)C3CN2C1,73156980,C33H53NO7,575.8,3.7,120,995,4,8,3
T8275,C=C(C)[C@H]1CC[C@H](C)C[C@@H]1O,1268090,C10H18O,154.25,3,20.2,151,1,1,1
T8279,CC(=O)O[C@@H]1C[C@H]2CC[C@]1(C)C2(C)C,637531,C12H20O2,196.29,3.3,26.3,269,0,2,2
T8181,C=C(CC[C@@H](C(=O)O)[C@H]1[C@H](O)C[C@@]2(C)C3=CC[C@@H](C(=C)C)[C@](C)(CCC(=O)O)C3=CC[C@]12C)C(C)C,5471851,C31H46O5,498.7,6.4,94.8,1000,3,5,10
T8182,C=C1C[C@@]23C[C@H]4[C@@H]5[C@]6(C)C[C@H](OC(C)=O)C[C@@]57[C@@H]2[C@H](O)[C@@H]1C(OC(C)=O)[C@]3(O)[C@H]7N4C6,101603171,C24H31NO6,429.5,0.6,96.3,966,2,7,4
T8280,O=C(O)C1=CO[C@@H](O[C@@H]2O[C@H](CO)[C@@H](O)[C@H](O)[C@H]2O)[C@@H]2C(CO)=C[C@H](O)[C@H]12,12315350,C16H22O11,390.34,-3.8,186,632,7,11,5
T8281,CS(=O)CCCCN=C=S,5350,C6H11NOS2,177.3,1.4,80.7,152,0,4,5
T8154,OCC1OC(OC2(COC3(COC4(COC5(COC6(COC7(COC8(COC9(CO)OC(CO)C(O)C9O)OC(CO)C(O)C8O)OC(CO)C(O)C7O)OC(CO)C(O)C6O)OC(CO)C(O)C5O)OC(CO)C(O)C4O)OC(CO)C(O)C3O)OC(CO)C(O)C2O)C(O)C(O)C1O,146160899,C54H92O46,1477.3,-16.6,744,2600,29,46,33
T8160,CC(=O)Oc1cc(OC(C)=O)c2c(c1)O[C@H](c1cc(OC(C)=O)c(OC(C)=O)c(OC(C)=O)c1)[C@H](OC(=O)c1cc(OC(C)=O)c(OC(C)=O)c(OC(C)=O)c1)C2,11787645,C38H34O19,794.7,3.1,246,1510,0,19,20
T8161,Nc1nc(=O)c(O[C@@H]2O[C@H](CO)[C@@H](O)[C@H](O)[C@H]2O)c(N)[nH]1,135413566,C10H16N4O7,304.26,-3.7,193,494,7,9,3
T8200,CC1=C2[C@@H](OC1=O)[C@H](O)C13[C@H]4C[C@@H](C(C)(C)C)C15[C@@H](OC(=O)[C@@H]5O)O[C@@]23C(=O)O4,139600356,C20H22O9,406.4,0.1,129,946,2,9,1
T8183,C[C@H]1O[C@@H](O[C@H]2CC[C@@]3(C)[C@H](CC[C@@H]4[C@@H]3C[C@@H](O)[C@]3(C)[C@@H](C5=CC(=O)OC5)CC[C@]43O)C2)C[C@H](O)[C@@H]1O[C@H]1C[C@H](O)[C@H](O[C@H]2C[C@H](O)[C@H](O[C@@H]3O[C@H](CO)[C@@H](O)[C@H](O)[C@H]3O)[C@@H](C)O2)[C@@H](C)O1,28620,C47H74O19,943.1,-0.3,282,1760,9,19,10
T8185,O=C1C=C2C=C[C@H]3C[C@]2(O1)[C@H]1CCCCN31,908416,C13H15NO2,217.26,1.1,29.5,426,0,3,0
T8283,CC(=O)O[C@H]1C[C@H]2CC[C@]1(C)C2(C)C,6950274,C12H20O2,196.29,3.3,26.3,269,0,2,2
T8202,O=c1c(O[C@@H]2O[C@H](CO[C@@H]3O[C@H](CO)[C@@H](O)[C@H](O)[C@H]3O)[C@@H](O)[C@H](O)[C@H]2O)c(-c2ccc(O)cc2)oc2cc(O)cc(O)c12,9960512,C27H30O16,610.5,-1.4,266,1000,10,16,7
T8162,C=C(C)[C@@H]1CCC(C)=C[C@H]1c1c(O)cc(CCC)cc1O,11601669,C19H26O2,286.4,5.4,40.5,386,2,2,4
T8285,CCCCCCCCCCCCCCCCCCCCCCC(=O)OC,75519,C24H48O2,368.6,11.7,26.3,275,0,2,22
T8203,OC[C@H]1O[C@@](CO)(O[C@H]2O[C@H](CO[C@@H]3O[C@H](CO)[C@@H](O)[C@H](O)[C@H]3O)[C@@H](O)[C@H](O)[C@H]2O)[C@@H](O)[C@@H]1O,117678,C18H32O16,504.4,-5.8,269,655,11,16,8
T8286,COC(=O)C[C@](O)(CCC(C)(C)O)C(=O)O[C@@H]1C(OC)=C[C@]23CCCN2CCc2cc4c(cc2[C@H]13)OCO4,276389,C28H37NO9,531.6,0.5,124,953,2,10,10
T8287,C[C@H]1CC[C@@H]2N(C1)C[C@H]1[C@@H]3C[C@H]4[C@@H](CC(=O)[C@H]5C[C@@H](O[C@@H]6O[C@H](CO)[C@@H](O)[C@H](O)[C@H]6O)CC[C@@]54C)[C@@H]3CC[C@@H]1[C@]2(C)O,90479257,C33H53NO8,591.8,2.3,140,1040,5,9,3
T8155,OC[C@H]1O[C@H](O[C@H]2[C@H](O)[C@@H](O)[C@@H](O[C@H]3[C@H](O)[C@@H](O)[C@@H](O[C@H]4[C@H](O)[C@@H](O)[C@@H](O[C@H]5[C@H](O)[C@@H](O)[C@@H](O[C@H]6[C@H](O)[C@@H](O)[C@@H](O[C@H]7[C@H](O)[C@@H](O)[C@@H](O)O[C@@H]7CO)O[C@@H]6CO)O[C@@H]5CO)O[C@@H]4CO)O[C@@H]3CO)O[C@@H]2CO)[C@H](O)[C@@H](O)[C@@H]1O,9919918,C42H72O36,1153.0,-15.5,585,1820,23,36,19
T8187,COc1cc2c(cc1OC)C1Cc3ccc4c(c3CN1CC2)OCO4,5321317,C20H21NO4,339.4,3.1,40.2,488,0,5,2
T8288,C=C1CC[C@@H]2[C@](C)(CO)[C@H](O)CC[C@@]2(C)[C@@H]1CCC1=CCOC1=O,11624161,C20H30O4,334.4,3.4,66.8,566,2,4,4
T8158,COc1ccc(-c2cc(=O)c3c(O)cc(O[C@@H]4O[C@H](CO)[C@@H](O)[C@H](O)[C@H]4O)cc3o2)cc1,5321954,C22H22O10,446.4,0.3,155,690,5,10,5
T8205,O=c1cc(-c2ccccc2)oc2c(O)c(O)cc(O)c12,5281674,C15H10O5,270.24,2.7,87,412,3,5,1
T8188,COc1cc([C@@H]2c3cc4c(cc3C(=O)[C@H]3COC(=O)[C@H]23)OCO4)cc(OC)c1OC,443014,C22H20O8,412.4,2.5,89.5,668,0,8,4
T8191,C[N+](C)(C)[C@@H](Cc1c[nH]c(=S)[nH]1)C(=O)[O-],5351619,C9H15N3O2S,229.30,0.3,96.3,314,2,3,3
T8206,COc1cc2c3c(c1OC)Oc1ccc(cc1)C[C@@H]1c4c(cc(OC)c(OC)c4Oc4ccc(cc4)C[C@H]3N(C)CC2)CCN1C,121313,C38H42N2O6,622.7,6.7,61.9,895,0,8,4
T8207,COc1ccc2c(OC)c3ccoc3nc2c1,196980,C13H11NO3,229.23,2.9,44.5,273,0,4,2
T8208,COc1cc(C(C)=O)ccc1O[C@@H]1O[C@H](CO)[C@@H](O)[C@H](O)[C@H]1O,164648,C15H20O8,328.31,-1.4,126,403,4,8,5
T8120,CCCCCCCCCCCCCCCCCC(=O)NCc1ccccc1,220495,C25H43NO,373.6,9.4,29.1,322,1,1,18
T8293,Cc1c(O)cc2c(c1C)O[C@](C)(CCC[C@H](C)CCC[C@H](C)CCCC(C)C)CC2,92729,C28H48O2,416.7,10.3,29.5,475,1,2,12
T8165,CC1(C)CC[C@]2(CO)CC[C@]3(C)C(=CC[C@@H]4[C@@]5(C)CC[C@H](O)C(C)(C)[C@@H]5CC[C@]43C)[C@@H]2C1,101761,C30H50O2,442.7,7.6,40.5,810,2,2,1
T8294,O=c1c(O)c(-c2ccc(O)c(O)c2)oc2cc(O[C@@H]3O[C@H](CO)[C@@H](O)[C@H](O)[C@H]3O)c(O)c(O)c12,5320826,C21H20O13,480.4,0,227,789,9,13,4
T8295,CC1(C)CCCC2(C)C1CCC(C)(O)C2CCO,91915,C16H30O2,254.41,3.7,40.5,312,2,2,2
T8166,C[C@@H]1CC[C@@]2(OC1)O[C@H]1C[C@H]3[C@@H]4CC=C5C[C@@H](O[C@@H]6O[C@H](CO)[C@@H](O[C@@H]7O[C@@H](C)[C@H](O)[C@@H](O)[C@H]7O)[C@H](O)[C@H]6O[C@@H]6O[C@@H](C)[C@H](O)[C@@H](O)[C@H]6O)CC[C@]5(C)[C@H]4CC[C@]3(C)[C@@]1(O)[C@@H]2C,21626520,C45H72O17,885.0,0.1,256,1650,9,17,7
T8296,COc1ccc(-c2cc(=O)c3c(OC)cc(OC)cc3o2)cc1,79730,C18H16O5,312.3,2.2,54,452,0,5,4
T8194,O=c1c(-c2ccccc2)coc2ccccc12,72304,C15H10O2,222.24,3.2,26.3,326,0,2,1
T8167,CC1(C)CC[C@]2(C(=O)O)CC[C@]3(C)C(=CC[C@@H]4[C@@]5(C)C[C@H](O)[C@H](O)[C@@](C)(C(=O)O)[C@@H]5CC[C@]43C)[C@@H]2C1,65048,C30H46O6,502.7,5.8,115,1020,4,6,2
T8211,CC1(C)Oc2cc3oc(=O)ccc3cc2CC1O,600671,C14H14O4,246.26,1.9,55.8,387,1,4,0
T8174,C[C@@H]1O[C@@H](O[C@H]2[C@H](O)[C@@H](O)[C@H](O[C@H]3CC[C@]4(C)[C@H]5CC=C6[C@@H]7CC(C)(C)CC[C@]7(CO)[C@@H](O)C[C@@]6(C)[C@]5(C)CC[C@H]4C3(C)C)O[C@@H]2CO[C@@H]2O[C@H](CO)[C@@H](O)[C@H](O)[C@H]2O)[C@H](O)[C@H](O)[C@H]1O,21598300,C48H80O17,929.1,2.1,278,1730,11,17,9
T8178,CC(=O)OC[C@H]1O[C@@H](Oc2ccc(CO)cc2)[C@H](OC(C)=O)[C@@H](OC(C)=O)[C@@H]1OC(C)=O,163043,C21H26O11,454.4,1.5,144,671,1,11,12
T8152,COc1ccc(-c2cc(=O)c3c(OC)cc(OC)c(OC)c3o2)cc1,629964,C19H18O6,342.3,3.1,63.2,496,0,6,5
T8195,COc1cc2c(cc1O)CC[N+](C)(C)[C@@H]2Cc1ccc(O)cc1,5274587,C19H24NO3+,314.4,3.1,49.7,392,2,3,3
T8297,COc1cc2c(c(OC)c1OC)-c1c(cc3c(c1OC)OCO3)C[C@H](C)[C@H](C)C2,158103,C23H28O6,400.5,5.1,55.4,543,0,6,4
T8298,Cl.O[C@H]1CCN2Cc3ccccc3N=C12,197084,C11H13ClN2O,224.68,,35.8,264,2,2,0
T8170,C=C1[C@@H]2CC[C@H]3[C@]4(C)C[C@H](O[C@@H]5O[C@H](CO)[C@@H](OS(=O)(=O)O)[C@H](OS(=O)(=O)O)[C@H]5OC(=O)CC(C)C)CC(C(=O)O)(C(=O)O)[C@H]4CC[C@]3(C2)[C@H]1O,20055804,C31H46O18S2,770.8,0.8,304,1600,6,18,13
T8198,COc1c2ccoc2cc2oc(C)cc(=O)c12,6716,C13H10O4,230.22,2.3,48.7,362,0,4,1
T8300,C[C@H](CC[C@@H](O[C@@H]1O[C@H](CO)[C@@H](O)[C@H](O)[C@H]1O[C@@H]1O[C@H](CO)[C@@H](O)[C@H](O)[C@H]1O)C(C)(C)O)[C@H]1CC[C@@]2(C)[C@@H]3CC=C4[C@@H](CC[C@H](O[C@@H]5O[C@H](CO[C@@H]6O[C@H](CO)[C@@H](O)[C@H](O)[C@H]6O)[C@@H](O)[C@H](O)[C@H]5O)C4(C)C)[C@]3(C)[C@H](O)C[C@]12C,131636951,C54H92O24,1125.3,-1.5,398,2030,16,24,17
T8114,O=c1c(O)c(-c2ccc(O)c(O)c2)oc2cc(O)c(O)c(O)c12,5281680,C15H10O8,318.23,1.2,148,518,6,8,1
T4912,COc1cc2c(cc1O)CC[n+]1cc3c(OC)c(OC)ccc3cc1-2.[Cl-],371256,C20H20ClNO4,373.8,,51.8,461,1,5,3
T8168,CC(=O)OCCc1ccc(O)c(O)c1,155240,C10H12O4,196.20,-0.1,66.8,193,2,4,4
T8304,Br.CN1[C@H]2C[C@H](OC(=O)[C@H](CO)c3ccccc3)C[C@@H]1[C@@H](O)C2,118856046,C17H24BrNO4,386.3,,70,396,3,5,5
T8169,CC1(C)Oc2cc3oc(=O)ccc3cc2C[C@@H]1O,442127,C14H14O4,246.26,1.9,55.8,387,1,4,0
T7913,Brc1ccccc1-c1ccccc1,16329,C12H9Br,233.10,4.6,0,149,0,0,1
T7916,CC(=O)Nc1ccc(S(=O)(=O)N=[N+]=[N-])cc1,5129185,C8H8N4O3S,240.24,1.8,86,399,1,5,3
T7937,Nc1ccccc1C(=O)c1ccc(F)cc1,9837287,C13H10FNO,215.22,3.4,43.1,248,1,3,2
T7936,OC(c1ccccc1)(c1ccccc1)C(O)(c1ccccc1)c1ccccc1,94766,C26H22O2,366.4,4.9,40.5,383,2,2,5
T7988,Cc1ccc(N)c(N)c1,10332,C7H10N2,122.17,0.6,52,92,2,2,0
T7989,COP(=O)(OC)OC,10541,C3H9O4P,140.07,-0.5,44.8,82,0,4,3
T7971,Nc1cccc2cccc(S(=O)(=O)O)c12,6722,C10H9NO3S,223.25,1.2,88.8,322,2,4,1
T8048,Cl.c1ccc(Nc2ccccc2)cc1,68311,C12H12ClN,205.68,,12,116,2,1,2
T8029,CN1CCCC1,8454,C5H11N,85.15,0.9,3.2,37,0,1,0
T8073,O=C([O-])CCC(=O)[O-].[Na+].[Na+],9020,C4H4Na2O4,162.05,,80.3,81,0,4,1
T8320,O=C(O)c1ccc(CSc2nc(-c3ccccc3)cc(N3CCN(c4ccccc4Cl)CC3)n2)cc1,45987688,C28H25ClN4O2S,517.0,6.4,94.9,695,1,7,7
T8316,COCCOc1nc(N)c2[nH]c(=O)n(Cc3ccc(C(=O)O)cc3)c2n1,58019867,C16H17N5O5,359.34,0.2,140,513,3,8,7
T8007,COc1ccc(CN2C(=O)C(=O)c3cc(OC(F)(F)F)ccc32)cc1,42633508,C17H12F3NO4,351.28,3.5,55.8,517,0,7,4
T7787,Nc1nccc(Oc2ccc(NC(=O)c3cn(COP(=O)(O)O)cc(-c4ccc(F)cc4)c3=O)cc2F)c1Cl,44137813,C24H18ClF2N4O7P,578.8,2.2,164,1020,4,12,8
T5041,C[C@@H](O)[C@H]1C(=O)N2C(C(=O)[O-])=C([C@H]3CCCO3)S[C@H]12.[Na+],23663972,C12H14NNaO5S,307.30,,115,482,1,6,3
T8311,FC(F)(F)Oc1ccc(Nc2ccc3cccc(Cl)c3n2)cc1,49846599,C16H10ClF3N2O,338.71,5.9,34.2,388,1,6,3
T8171,NCC(=O)N[C@@H](CCC(N)=O)C(=O)O,123913,C7H13N3O4,203.20,-4.6,136,241,4,5,6
T8314,CCCCCCCCCCOc1ccc(C(=O)Nc2cc(C(=O)NCCCC)ccc2SC)cc1,9870538,C29H42N2O3S,498.7,8.3,92.7,580,2,4,17
T8223,Cc1ccc(NC(=O)[C@H]2CCCN(C(=O)c3c(C)cccc3F)[C@H]2c2ccc(NC3CCCC3)cc2)cc1C(F)(F)F,49841217,C33H35F4N3O2,581.6,7.2,61.4,917,2,7,6
T8313,COC(=O)[C@@H](Cc1ccccc1)NC(=O)[C@H](Cc1c[nH]c2ccccc12)NC(=O)c1ccccc1,71697968,C28H27N3O4,469.5,3.8,100,717,3,4,10
T8235,CC(=O)N[C@@H](Cc1c[nH]c2ccccc12)C(=O)OCc1cc(C(F)(F)F)cc(C(F)(F)F)c1,132837,C22H18F6N2O3,472.4,4.7,71.2,677,2,9,7
T8321,C[n+]1c2ccccc2c(C(=O)Oc2ccccc2)c2ccccc21.O=S(=O)([O-])C(F)(F)F,15476282,C22H16F3NO5S,463.4,,95.8,566,0,8,3
T5484,O=c1[nH]c(Oc2cnn(Cc3ccccc3)c2)nc2cnccc12,135567128,C17H13N5O2,319.32,1.5,81.4,491,1,5,4
T8362,Cl.N=C(N)c1ccccc1,80289,C7H9ClN2,156.61,,49.9,103,3,1,1
T8323,Fc1ccc(COc2cccc(-c3n[nH]cc3-c3ccncc3)c2)cc1,118720981,C21H16FN3O,345.4,4,50.8,423,1,4,5
T8319,CCCCOC(=O)c1ccccc1C(=O)OCC(C)C,28813,C16H22O4,278.34,4.8,52.6,312,0,4,9
T8360,C=C1CC[C@H]2C[C@@H]1C2(C)C,440967,C10H16,136.23,3.1,0,176,0,0,0
T8151,C=CC(=O)Nc1cc(Nc2ncc(C(=O)OC(C)C)c(-c3cn(C)c4ccccc34)n2)c(OC)cc1N(C)CCN(C)C,118607832,C32H39N7O4,585.7,4.4,114,935,2,9,13
T8308,CC(C)(C)c1cc(CC2SC(=O)NC2=O)cc(C(C)(C)C)c1O,9819104,C18H25NO3S,335.5,5,91.7,454,2,4,4
T8215,O=C(O)CNC(=O)C1(Nc2ccccc2)CCN(Cc2cccc3ccccc23)CC1,134347604,C25H27N3O3,417.5,1.7,81.7,611,3,5,7
T8322,O=C(Nc1ccc(F)cc1F)[C@H](NC(=S)Nc1cc(C(F)(F)F)cc(C(F)(F)F)c1)c1ccccc1,146014432,C23H15F8N3OS,533.4,6.1,85.3,737,3,10,5
T8230,Cl.Nc1cc(Nc2ccc(S(N)(=O)=O)cc2)ncn1,16760362,C10H12ClN5O2S,301.75,,132,361,4,7,3
T8325,Cn1cc(-n2cnc3c(NCc4nc5cc(Cl)c(Cl)cc5[nH]4)nc(N4CCOCC4)nc32)cn1,139600338,C21H20Cl2N10O,499.4,2.8,115,704,2,8,5
T8312,O[C@H]1CC[C@H](Nc2nc(-c3ccccc3)nc3[nH]ccc23)CC1,9953065,C18H20N4O,308.4,3.3,73.8,379,3,4,3
T8176,CNc1cnn(-c2cccc(C(F)(F)F)c2)c(=O)c1Cl,33775,C12H9ClF3N3O,303.67,2.3,44.7,461,1,6,2
T8363,NC(CO)C(=O)O,617,C3H7NO3,105.09,-3.1,83.6,72,3,4,2
T8315,CCCCCCCCCCCCNC(=O)NC1CCCCC1,4437430,C19H38N2O,310.5,6.8,41.1,262,2,1,12
T7844,Ic1cc(-c2ccccc2)ncn1,817368,C10H7IN2,282.08,2.6,25.8,157,0,2,1
T8324,CCCCC(C(=O)O)N1C(=O)C2C3c4ccccc4C(c4ccccc43)C2C1=O,4340082,C24H23NO4,389.4,3.6,74.7,635,1,4,5
T8149,CC(CCc1ccc(O)cc1)NCCc1ccc(O)c(O)c1.Cl,65324,C18H24ClNO3,337.8,,72.7,305,5,4,7
T8310,CCCc1cc(=O)[nH]c(SCC(=O)Nc2ccc(OC(F)F)cc2)n1,135415473,C16H17F2N3O3S,369.4,3.2,105,547,2,7,8
T8383,CN(C)CCOC(=O)C(c1ccccc1)C1(O)CCCC1.Cl,22162,C17H26ClNO3,327.8,,49.8,331,2,4,7
T7945,Cc1[nH]c(C=C2C(=O)Nc3ccc(F)cc32)c(C)c1C(=O)NC[C@H](O)CN1CCOCC1,66965363,C23H27FN4O4,442.5,0.9,107,729,4,6,6
T7390,CN(C)c1nc2c(Br)c(Br)c(Br)c(Br)c2[nH]1,5326976,C9H7Br4N3,476.79,4.7,31.9,265,1,2,1
T8224,O=C1C(=O)N(Cc2ccc(Br)cc2)c2ccccc21,3008304,C15H10BrNO2,316.15,2.8,37.4,376,0,2,2
T8236,O=C(NCCCCCCNC(=O)ON=C1CCCCC1)ON=C1CCCCC1,5063,C20H34N4O4,394.5,3.5,101,484,2,6,11
T8219,O=C1C(=O)N(Cc2ccc(C(F)(F)F)cc2)c2c(Cl)cccc21,44158142,C16H9ClF3NO2,339.69,3.9,37.4,488,0,5,2
T8317,O=Nc1c(-c2c(O)[nH]c3ccc(F)cc23)[nH]c2ccccc12,135398503,C16H10FN3O2,295.27,3.3,81.2,438,3,4,1
T7765,Nc1ncccc1-c1cc(Cc2ccc(COc3ccccn3)cc2)no1,16719049,C21H18N4O2,358.4,3.3,87.1,444,1,6,6
T7750,C=C[C@H]1CN2CC[C@H]1C[C@@H]2[C@H](NC(=S)Nc1cc(C(F)(F)F)cc(C(F)(F)F)c1)c1ccnc2ccc(OC)cc12,12188255,C29H28F6N4OS,594.6,6.6,81.5,912,2,10,6
T8412,Cc1ncsc1-c1ccc(CNC(=O)[C@@H]2C[C@@H](O)CN2C(=O)[C@@H](N)C(C)(C)C)cc1,89702519,C22H30N4O3S,430.6,2.1,137,618,3,6,6
T8411,CCCn1cnc2cc(NCc3ccc(Cl)cc3Cl)ccc21,6621371,C17H17Cl2N3,334.2,5,29.9,355,1,2,5
T8408,Cc1c2c(=O)n(-c3ccccc3Cl)[nH]c2cc(=O)n1Cc1ccccn1,17027464,C19H15ClN4O2,366.8,2.3,65.5,674,1,4,3
T8407,CC(C)Oc1cc(Cl)ccc1CNc1cc(-c2ccccc2)nc2ncnn12,125286314,C21H20ClN5O,393.9,5,64.3,489,1,5,6
T8406,O=C([O-])CN1CCN(CC(=O)[O-])CCN([C@H](CO)[C@H](O)CO)CCN(CC(=O)[O-])CC1.[Gd+3],6102852,C18H31GdN4O9,604.7,,194,532,3,13,7
T8405,CCCc1nc(C)c2c(=O)[nH]c(-c3cc(S(=O)(=O)N4CCN(CC)CC4)ccc3OCC)nn12.Cl,135438569,C23H33ClN6O4S,525.1,,118,854,2,8,8
T8403,C[C@@H](NCCCc1cccc(C(F)(F)F)c1)c1cccc2ccccc12,156419,C22H22F3N,357.4,6.1,12,422,1,4,6
T8402,CNC(=O)c1cc(Oc2ccc(NC(=O)Nc3ccc(Cl)c(C(F)(F)F)c3)c(F)c2)ccn1.Cl,66577009,C21H16Cl2F4N4O3,519.3,,92.4,686,4,8,5
T8401,CC1=C(C(=O)OCCN(Cc2ccccc2)c2ccccc2)C(c2cccc([N+](=O)[O-])c2)C(P2(=O)OCC(C)(C)CO2)=C(C)N1.CCO.Cl,163838,C36H45ClN3O8P,714.2,,143,1170,3,10,10
T8400,NCCC(O)(P(=O)(O)O)P(=O)(O)O,4674,C3H11NO7P2,235.07,-6.9,161,243,6,8,4
T8399,C[C@@H](Oc1cc(-c2cnn(C3CCNCC3)c2)cnc1N)c1c(Cl)ccc(F)c1Cl.Cl,71576688,C21H23Cl3FN5O,486.8,,78,557,3,6,5
T8397,CC(C)C[C@H](NC(=O)CNC(=O)c1cc(Cl)ccc1Cl)B1OC(=O)C(CC(=O)O)(CC(=O)O)O1,56844015,C20H23BCl2N2O9,517.1,,168,797,4,9,11
T8396,CC(=O)OCC(=O)[C@@]1(O)CC[C@H]2[C@@H]3CCC4=CC(=O)C=C[C@]4(C)[C@H]3C(=O)C[C@@]21C,91438,C23H28O6,400.5,1.5,97.7,869,1,6,4
T8394,N[C@H](CO)C(=O)O,71077,C3H7NO3,105.09,-3.1,83.6,72,3,4,2
T8393,O=c1ccn([C@@H]2O[C@H](COP(=O)([O-])OP(=O)([O-])OP(=O)([O-])O)[C@@H](O)[C@H]2O)c(=O)[nH]1.[Na+].[Na+].[Na+],88265,C9H12N2Na3O15P3,550.09,,267,820,4,15,8
T8392,NC(=O)C[C@H](N)C(=O)O.O,170358,C4H10N2O4,150.13,,107,134,4,5,3
T8390,Cc1nnc(SCC2=C(C(=O)O)N3C(=O)[C@@H](NC(=O)Cn4cnnn4)[C@H]3SC2)s1,33255,C14H14N8O4S3,454.5,-0.4,235,740,2,12,7
T8388,CNCc1cc(-c2ccccc2F)n(S(=O)(=O)c2cccnc2)c1,15981397,C17H16FN3O2S,345.4,2,72.4,510,1,5,5
T8385,CCN(CC)CCNC(=O)c1cc(Cl)c(N)cc1OC.Cl.O,441347,C14H25Cl2N3O3,354.3,,68.6,300,4,5,7
T8384,COc1c(N2CCNC(C)C2)c(F)cc2c(=O)c(C(=O)O)cn(C3CC3)c12.Cl,17956339,C19H23ClFN3O4,411.9,,82.1,653,3,8,4
T8382,CN(C)C(=O)N[C@H]1CC[C@H](CCN2CCN(c3cccc(Cl)c3Cl)CC2)CC1.Cl,25096873,C21H33Cl3N4O,463.9,,38.8,491,2,3,5
T8381,CCN(CC)Cc1cc(Nc2ccnc3cc(Cl)ccc23)ccc1O,2165,C20H22ClN3O,355.9,2.6,48.4,406,2,4,6
T8380,Cn1c(CCCC(=O)O)nc2cc(N(CCCl)CCCl)ccc21,65628,C16H21Cl2N3O2,358.3,2.9,58.4,380,1,4,9
T8365,C1N2CN3CN1CN(C2)C3.O=C(O)CNC(=O)c1ccccc1,21945,C15H21N5O3,319.36,,79.4,282,2,7,3
T8359,CC(=O)O.CC(C)C1NC(=O)C(CCCCN)NC(=O)C(Cc2c[nH]c3ccccc23)NC(=O)C(Cc2ccc(O)cc2)NC(=O)C(NC(=O)C(N)Cc2ccc3ccccc3c2)CSSCC(C(=O)NC(C(N)=O)C(C)O)NC1=O,71348,C56H73N11O12S2,1156.4,,443,2030,14,16,17
T8358,CC(Cc1ccc(O)cc1)NCC(O)c1cc(O)cc(O)c1,3343,C17H21NO4,303.35,2,93,310,5,5,6
T8357,Cn1ccc2cc(NC(=O)Nc3cccnc3)ccc21,126769,C15H14N4O,266.30,1.5,59,349,2,2,2
T8356,COc1ccc(Nc2ccn(-c3ccccc3)n2)cc1,128268,C16H15N3O,265.31,3.7,39.1,285,1,3,4
T8353,O=C(O)c1cc2ccccc2c(Cc2c(O)c(C(=O)O)cc3ccccc23)c1O,8546,C23H16O6,388.4,5.8,115,568,4,6,4
T8331,Nc1ccccc1S(=O)(=O)Nc1cccc2cccnc12,1070159,C15H13N3O2S,299.3,1.6,93.5,448,2,5,3
T8330,Cc1cccc(-c2n[nH]cc2-c2ccc3nccnc3c2)n1,10469294,C17H13N5,287.32,2.2,67.4,376,1,4,2
T8328,O=C(NCc1ccco1)c1ccc2c(c1)N(Cc1c(F)cccc1Cl)C(=O)CS2,5077622,C21H16ClFN2O3S,430.9,3.7,87.9,612,1,5,5
T8327,COc1cc2nccc(Oc3ccc(NC(=O)c4cc5c(n(-c6ccccc6)c4=O)CCCC5=O)nc3)c2cc1OC,90645873,C32H26N4O6,562.6,3.8,120,1100,1,8,7
T8318,CC[C@H](C)[C@H](N)C(=O)N[C@@H](Cc1c[nH]c2ccccc12)C(=O)O,7019085,C17H23N3O3,317.4,-0.9,108,429,4,4,7
T8309,CC(C)C(=O)OC[C@H]1O[C@@H](n2ccc(=NO)[nH]c2=O)[C@H](O)[C@@H]1O,145996610,C13H19N3O7,329.31,-0.8,141,534,4,7,6
T8239,O=C(O)c1cc(=O)c2c(OCC(O)COc3cccc4oc(C(=O)O)cc(=O)c34)cccc2o1,2882,C23H16O11,468.4,1.9,166,835,3,11,8
T8232,O=C(O)COCCOCCOCCOCCOCCOCC(=O)O,10784303,C14H26O10,354.35,-1.5,130,280,2,10,19
T8231,CSCCC(NC(=O)C(CO)NC(=O)C(Cc1ccc(O)cc1)NC(=O)C(N)CO)C(=O)NC(CCC(=O)O)C(=O)NC(Cc1c[nH]cn1)C(=O)NC(Cc1ccccc1)C(=O)NC(CCCNC(=N)N)C(=O)NC(Cc1c[nH]c2ccccc12)C(=O)NCC(=O)NC(CCCCN)C(=O)N1CCCC1C(=O)NC(C(=O)NCC(=O)NC(CCCCN)C(=O)NC(CCCCN)C(=O)NC(CCCNC(=N)N)C(=O)NC(CCCNC(=N)N)C(=O)N1CCCC1C(=O)NC(C(=O)NC(CCCCN)C(=O)NC(C(=O)NC(Cc1ccc(O)cc1)C(=O)N1CCCC1C(=O)NC(CC(N)=O)C(=O)NCC(=O)NC(C)C(=O)NC(CCC(=O)O)C(=O)NC(CC(=O)O)C(=O)NC(CCC(=O)O)C(=O)NC(CO)C(=O)NC(C)C(=O)NC(CCC(=O)O)C(=O)NC(C)C(=O)NC(Cc1ccccc1)C(=O)N1CCCC1C(=O)NC(CC(C)C)C(=O)NC(CCC(=O)O)C(=O)NC(Cc1ccccc1)C(=O)O)C(C)C)C(C)C)C(C)C,90488848,C207H308N56O58S,4541,-19.7,1860,11200,63,68,148
T8196,Cn1c(Cc2ccccc2)nc(=O)c2ccccc21,63123,C16H14N2O,250.29,2.5,32.7,371,0,1,2
T7947,O=C(c1ccc(-c2nc3ccc(F)cc3o2)cc1)N1CCN(C(=O)C2(O)CC2)CC1,118621601,C22H20FN3O4,409.4,1.9,86.9,671,1,6,3
T7812,O=C(O)C(=O)Nc1cccc(-c2nnn[nH]2)c1,2006,C9H7N5O3,233.18,0.3,121,311,3,6,3
T8373,[N-]=[N+]=CC(=O)CC[C@H](N)C(=O)O,9087,C6H9N3O3,171.15,-3.5,82.4,232,2,5,5
T8374,O=C(O)[C@H](Cc1ccc(-c2ccccc2)cc1)Oc1ccc(-c2ccccc2)cc1,73167563,C27H22O3,394.5,6.7,46.5,504,1,3,7
T8375,Cc1onc(C(=O)N2CCN(C(c3ccc(Cl)cc3)c3ccc(Cl)cc3)CC2)c1[N+](=O)[O-],49766530,C22H20Cl2N4O4,475.3,4.6,95.4,635,0,6,4
T8376,O=C1NC(=O)C(c2cn(CCCn3ccnc3)c3ccccc23)=C1Nc1ccccc1,6419755,C24H21N5O2,411.5,2.8,81,717,2,4,7
T8389,CN1CCN(CCCN2c3ccccc3Sc3ccc(C(F)(F)F)cc32)CC1,5566,C21H24F3N3S,407.5,5,35,510,0,7,4
T8339,C[C@]12C=CC(=O)C=C1CC[C@@H]1[C@@H]2[C@@H](O)C[C@@]2(C)[C@H]1C[C@@H](O)[C@]2(O)C(=O)CO,11047056,C21H28O6,376.4,1.2,115,756,4,6,2
T8404,C[C@H]1O[C@H](O[C@H]2[C@H](O)[C@@H](O)[C@@H](O)[C@H](O)[C@@H]2O)[C@@H](N)C[C@@H]1NC(=N)C(=O)O.Cl.O,57369825,C14H28ClN3O10,433.84,,222,532,10,12,4
T8349,CC(=O)Oc1ccc(C(=C2CCCCC2)c2ccc(OC(C)=O)cc2)cc1,2898,C23H24O4,364.4,5.5,52.6,503,0,4,6
T8345,CCCCNC(=O)NS(=O)(=O)c1ccc(N)cc1,9564,C11H17N3O3S,271.34,1,110,356,3,4,5
T8336,NNC(=O)c1sc2cccc(Cl)c2c1Cl,874733,C9H6Cl2N2OS,261.13,3.1,83.4,266,2,3,1
T8344,Clc1ccc(-c2csc(NN=C3CCCC3)n2)cc1,25193530,C14H14ClN3S,291.8,4.2,65.5,321,1,4,3
T8350,Cc1ccc(S(=O)(=O)N[C@@H](Cc2ccccc2)C(=O)CCl)cc1,439647,C17H18ClNO3S,351.8,3.6,71.6,475,1,4,7
T8348,Cc1ccc(N(CC2=NCCN2)c2cccc(O)c2)cc1,5775,C17H19N3O,281.35,2.6,47.9,363,2,3,4
T8146,CCC(=O)O.CCC(=O)O.O=C(Nc1cccc(C2=NCCN2)c1)Nc1cccc(C2=NCCN2)c1,9983292,C25H32N6O5,496.6,,165,567,6,7,6
T8395,CC(=O)O[C@]1(C(C)=O)CC[C@H]2[C@@H]3C=C(C)C4=CC(=O)CC[C@@H]4[C@H]3CC[C@@]21C,91668,C23H30O4,370.5,2.6,60.4,775,0,4,3
T8368,CC(=O)CCC=C(C)CCC=C(C)C,19633,C13H22O,194.31,3.7,17.1,230,0,1,6
T8329,CC(C)c1noc(C2CCN(c3ncnc(Nc4ccc(S(C)(=O)=O)cc4F)c3[N+](=O)[O-])CC2)n1,24939268,C21H24FN7O5S,505.5,3.9,168,833,1,12,6
T8367,C=C(C)C1CCC(C)(O)CC1.C=C1CCC(C(C)(C)O)CC1.CC(C)=C1CCC(C)(O)CC1.CC1=CC[C@@H](C(C)(C)O)CC1,154582021,C40H72O4,617.0,,80.9,634,4,4,3
T8351,O=C(O)c1cc2cccc(O)c2cc1O,66637,C11H8O4,204.18,2.5,77.8,253,3,4,1
T8354,CSc1nc2[n-]nc([N+](=O)[O-])c(=O)n2n1.O.O.[Na+],52947239,C5H7N6NaO5S,286.20,,152,262,2,10,1
T8346,COc1cc(C(=O)Nc2ccccc2-c2cn3c(CN4CCNCC4)csc3n2)cc(OC)c1OC,24180124,C26H29N5O4S,507.6,3.5,118,714,2,8,8
T8416,CNC(=O)c1ccc(-c2cnc3ncc(Cc4ccc5ncccc5c4)n3n2)cc1F.Cl,137347172,C23H18ClFN6O,448.9,,85.1,637,2,6,4
T8377,CS(=O)(=O)c1ccc(C(=O)C2C(=O)CCCC2=O)c([N+](=O)[O-])c1,175967,C14H13NO7S,339.32,0.7,140,627,0,7,3
T8216,COCCOc1cnc(Sc2cc(C)c(-c3csc(NC(=O)c4ccncc4)n3)c(C)c2)cn1.Cc1ccc(S(=O)(=O)O)cc1,71586372,C31H31N5O6S3,665.8,,215,836,2,12,10
TN2103,Oc1cc(O)c2c(c1)O[C@H](c1ccc(O)c(O)c1)[C@H](O)[C@H]2c1c(O)cc(O)c2c1O[C@H](c1ccc(O)c(O)c1)[C@H](O)[C@H]2c1c(O)cc(O)c2c1O[C@H](c1ccc(O)c(O)c1)[C@H](O)C2,169853,C45H38O18,866.8,3.3,331,1550,15,18,5
T8372,CC(C)c1ccc(OCC(=O)NC2CC(C)(C)NC(C)(C)C2)c(Br)c1,1319582,C20H31BrN2O2,411.4,4.4,50.4,449,2,3,5
T8364,Cc1cc(C)c(NC(=O)CN(CC(=O)O)CC(=O)O)c(C)c1Br,54158,C15H19BrN2O5,387.23,-0.1,107,443,3,6,7
T8326,O=C(Nc1ccc(Oc2ccnc3[nH]ccc23)c(F)c1)c1cccn(-c2ccc(F)cc2)c1=O,21081761,C25H16F2N4O3,458.4,4.1,87.3,829,2,6,5
TQ0025,C[C@H](NC(=O)c1c(C(F)F)nn(C)c1Oc1cccc(C(F)(F)F)c1)c1ccc(C(=O)O)cc1,56944705,C22H18F5N3O4,483.4,4.3,93.5,717,2,10,7
TQ0044,[O-][n+]1cccc(-c2nc3c(Cl)cccc3cc2[C@@H](Nc2ncnc3cccnc23)C(F)(F)F)c1,56928390,C23H14ClF3N6O,482.8,4,89.1,690,1,9,4
T7430,Cn1cnc2ncn(Cc3nc(CCc4ccc(Cl)cc4)no3)c(=O)c21,73297271,C17H15ClN6O2,370.8,2.3,89.4,541,0,6,5
TQ0170,C[C@]12CC[C@H](O)C[C@H]1CC[C@@H]1[C@@H]2CC[C@]2(C)[C@@H](c3ccc(=O)oc3)[C@@H](O)[C@H]3O[C@]132,11877495,C24H32O5,400.5,2.8,79.3,818,2,5,1
TQ0185,C=C1CCC2C(C)(CO)C(O)CCC2(C)C1CCC1=CCOC1=O,343586,C20H30O4,334.4,3.4,66.8,566,2,4,4
TQ0198,CCCCCCCCCCCCCC(=O)O[C@@H]1[C@@H](C)[C@@]2(O)[C@@H](C=C(CO)C[C@@]3(O)C(=O)C(C)=C[C@@H]23)[C@@H]2C(C)(C)[C@]12OC(C)=O,122634,C36H56O8,616.8,6.5,130,1150,3,8,17
TQ0201,COc1c(O)cc2oc(-c3ccc(O)cc3)cc(=O)c2c1O,5281628,C16H12O6,300.26,1.7,96.2,454,3,6,2
T7604,CCCCC(=O)OCC(=O)[C@]1(O)Cc2c(O)c3c(c(O)c2[C@@H](O[C@H]2C[C@H](NC(=O)C(F)(F)F)[C@H](O)[C@H](C)O2)C1)C(=O)c1c(OC)cccc1C3=O,454216,C34H36F3NO13,723.6,4,215,1350,5,16,11
TQ0208,Nc1ncnc2c1ncn2[C@@H]1O[C@H](CSCC[C@H](N)C(=O)O)[C@@H](O)[C@H]1O,439155,C14H20N6O5S,384.41,-3.5,208,504,5,11,7
TQ0211,COC(=O)[C@@]12OC[C@]34[C@H]([C@@H](O)[C@@H]1O)[C@@]1(C)CC(=O)C(O)=C(C)[C@@H]1C[C@H]3OC(=O)[C@H](OC(=O)C=C(C)C)[C@@H]24,73432,C26H32O11,520.5,0.9,166,1150,3,11,5
T7902,CNc1ncc(-c2ccc3c(=O)c(C(=O)O)cn(C4CC4)c3c2C)cc1C,9863827,C21H21N3O3,363.4,4.1,82.5,645,2,6,4
T7886,Cn1nc(C(=O)N(Cc2ccccc2)Cc2ccc(C(=O)O)cc2)c2c1-c1cc(Cl)ccc1OC2,118063735,C27H22ClN3O4,487.9,4.4,84.7,755,1,5,6
TN1011,C[C@@H]1O[C@@H](Oc2cc(O)c3c(=O)c(O)c(-c4ccc(O)cc4)oc3c2O)[C@H](O)[C@H](O)[C@H]1O,21626477,C21H20O11,448.4,0.9,186,733,7,11,3
TN1053,O=C1c2cc(CO)cc(O)c2C(=O)c2c(O[C@@H]3O[C@H](CO)[C@@H](O)[C@H](O)[C@H]3O)cccc21,5317644,C21H20O10,432.4,0,174,685,6,10,4
TN1563,C=C(CC[C@@H](C(=O)O)[C@H]1[C@H](O)C[C@@]2(C)C3=CC[C@H]4C(C)(C)[C@@H](OC(C)=O)CC[C@]4(C)C3=CC[C@]12C)C(C)C,15226717,C33H50O5,526.7,6.9,83.8,1070,2,5,8
TN1691,CC(C)=CCc1cc([C@@H]2CC(=O)c3ccc(O)c(CC=C(C)C)c3O2)ccc1O,11596309,C25H28O4,392.5,6,66.8,629,2,4,5
TN1704,CC1(C)[C@@H](O[C@@H]2O[C@H](C(=O)O)[C@@H](O)[C@H](O)[C@H]2O)CC[C@]2(C)[C@H]3C(=O)C=C4[C@@H]5C[C@@](C)(C(=O)O)CC[C@]5(C)CC[C@@]4(C)[C@]3(C)CC[C@@H]12,161800,C36H54O10,646.8,5.1,171,1340,5,10,4
TN1773,CC(C)(O[C@@H]1O[C@H](CO)[C@@H](O)[C@H](O)[C@H]1O)[C@@H]1CC[C@](C)([C@H]2[C@@H](O)C[C@@]3(C)[C@@H]4C[C@H](O)[C@H]5C(C)(C)[C@@H](O[C@@H]6OC[C@@H](O)[C@H](O)[C@H]6O)CC[C@@]56C[C@@]46CC[C@]23C)O1,102393334,C41H68O14,785.0,1.3,228,1460,9,14,7
TN1787,COc1ccc([C@@H]2COc3cc(O[C@@H]4O[C@H](CO)[C@@H](O)[C@H](O)[C@H]4O)ccc3C2)c(O)c1OC,15689656,C23H28O10,464.5,1.1,147,622,5,10,6
TN1839,COc1cc(O)c2c(=O)c(OC)c(-c3ccc(O)cc3)oc2c1,5318869,C17H14O6,314.29,2.5,85.2,479,2,6,3
TN1902,COc1cc2c(cc1O)[C@@H](Cc1ccc(O)cc1)[N+](C)(C)CC2,53266,C19H24NO3+,314.4,3.1,49.7,392,2,3,3
TN1918,COc1ccc2c(c1)O[C@H]1c3ccc(O)cc3OC[C@@H]21,336327,C16H14O4,270.28,2.6,47.9,360,1,4,1
TN1982,COc1c(CC=C(C)C)c(O)cc2oc(=O)c3c4ccc(O)cc4oc3c12,5320083,C21H18O6,366.4,4.7,89.1,599,2,6,3
TN1983,C[C@@H]1O[C@@H](O[C@H]2C(=O)c3c(O)cc(O)cc3O[C@H]2c2ccc(O)c(O)c2)[C@H](O)[C@H](O)[C@H]1O,10114809,C21H22O11,450.4,0.4,186,676,7,11,3
TN2154,O=C(O)c1cc(O)c2c(c1)C(=O)c1cccc(O[C@@H]3O[C@H](CO)[C@@H](O)[C@H](O)[C@H]3O)c1C2=O,5320961,C21H18O11,446.4,0.4,191,756,6,11,4
TN2264,CC1=CCC(O)(C(C)C)CC1,11230,C10H18O,154.25,2.2,20.2,170,1,1,1
TN2268,CCCc1ccc(O)c(-c2cc(CCC)ccc2O)c1,5321851,C18H22O2,270.4,5.5,40.5,251,2,2,5
TN2286,CC(=O)O[C@@H]1CC[C@]2(C)C3=C(CC[C@H]2C1(C)C)[C@]1(C)CC[C@H]([C@@H](CCC=C(C)C)C(=O)O)[C@@]1(C)CC3,15292985,C32H50O4,498.7,8,63.6,969,1,4,7
TN2289,CC1(C)[C@@H](O[C@@H]2O[C@H](C(=O)O)[C@@H](O)[C@H](O)[C@H]2O[C@@H]2O[C@H](C(=O)O)[C@@H](O)[C@H](O)[C@H]2O)CC[C@]2(C)[C@H]3C(=O)C=C4[C@@H]5C[C@](C)(C(=O)O)CC[C@]5(C)CC[C@@]4(C)[C@]3(C)CC[C@@H]12,12889143,C42H62O16,822.9,3.7,267,1730,8,16,7
TN2354,COc1ccc2c(c1OC)O[C@H]1c3ccc(O)cc3OC[C@@H]21,14077830,C17H16O5,300.30,2.6,57.2,403,1,5,2
T3S0381,Cc1cc(O)c2c(c1)C(=O)c1cccc(O[C@@H]3O[C@H](CO)[C@@H](O)[C@H](O)[C@H]3O)c1C2=O,442731,C21H20O9,416.4,1.3,154,669,5,9,3
T4S1658,C[C@@]12C[C@@]3(O)O[C@@H](O1)[C@]1(COC(=O)c4ccc(O)cc4)[C@H]3C[C@@]12O[C@@H]1O[C@H](COC(=O)c2ccccc2)[C@@H](O)[C@H](O)[C@H]1O,21631107,C30H32O13,600.6,0.3,191,1110,5,13,10
T3859,COc1ccc(C2COc3cc(O)ccc3C2)c(O)c1OC,602152,C17H18O5,302.32,2.9,68.2,363,2,5,3
TQ0171,CC(=O)O[C@H]1[C@H](O[C@H]2CC[C@]34C[C@]35CC[C@]3(C)[C@@H]([C@@]6(C)CC[C@@H](C(C)(C)O)O6)[C@@H](O)C[C@@]3(C)[C@@H]5C[C@H](O[C@@H]3O[C@H](CO)[C@@H](O)[C@H](O)[C@H]3O)[C@H]4C2(C)C)OC[C@@H](OC(C)=O)[C@@H]1O,60148697,C45H72O16,869.0,2.4,240,1690,7,16,11
TQ0287,O=C(O)[C@H]1O[C@@H](Oc2cc(O)c3c(=O)cc(-c4ccccc4)oc3c2)[C@H](O)[C@@H](O)[C@@H]1O,14135335,C21H18O10,430.4,1.5,163,717,5,10,4
T8301,O=S(=O)([O-])c1ccc2c(N=Nc3ccc(S(=O)(=O)[O-])c4ccccc34)c(O)c(S(=O)(=O)[O-])cc2c1.[Na+].[Na+].[Na+],13506,C20H11N2Na3O10S3,604.5,,242,1080,1,12,2
T8502,O=C(NC1CCN(Cc2ccccc2)CC1)C12CC3CC(CC(C3)C1)C2,3154059,C23H32N2O,352.5,4.2,32.3,475,1,2,4
T8501,O=C(NC1CCN(Cc2ccccc2)CC1)C12CC3CC(C1)CC(c1ccccc1)(C3)C2,51109926,C29H36N2O,428.6,5.7,32.3,655,1,2,5
T2797,COc1ccc2c3c([nH]c2c1)C(C)=NCC3,3564,C13H14N2O,214.26,2.1,37.4,302,1,2,1
T8371,CC(C)(C)NC(=O)[C@@H](c1cccnc1)N(C(=O)c1ccco1)c1ccc(C(C)(C)C)cc1,46897844,C26H31N3O3,433.5,5,75.4,644,1,4,7
T8508,O=C(CCc1ccc(CN[C@H](C(=O)OC2CCCC2)C2CCCCC2)cn1)NO,53630042,C22H33N3O4,403.5,2.9,101,518,3,6,10
T8449,O=C(Nc1ccc(F)cc1)N1CCc2ccccc2C1c1ccc(C(F)(F)F)cc1,57326210,C23H18F4N2O,414.4,5.3,32.3,582,1,5,2
T8494,CCCCCCNC(=N)NCc1ccccc1.Cl,45053078,C14H24ClN3,269.81,,50.4,208,3,1,8
T8446,O=c1cc(CCl)[nH]c2c(-c3cccc4ccccc34)c(C(F)(F)F)nn12,51356808,C18H11ClF3N3O,377.7,3.8,44.7,713,1,6,2
T8459,O=[N+]([O-])c1cc2nc([O-])c([O-])nc2cc1[N+](=O)[O-].[Na+].[Na+],45073428,C8H2N4Na2O6,296.10,,164,320,0,8,0
T8415,Cl.O=C(O)C1CN(Cc2ccccc2)CCO1,2776352,C12H16ClNO3,257.71,,49.8,238,2,4,3
T8443,Cc1cc2c(-c3ccccc3F)nc(N3CCNCC3)nc2s1,131927,C17H17FN4S,328.4,3.5,69.3,406,1,6,2
T8482,CCn1c(=O)c(-c2cc(NC(=O)Nc3ccccc3)c(F)cc2Br)cc2cnc(NC)cc21,71584930,C24H21BrFN5O2,510.4,4.1,86.4,746,3,5,5
T8441,c1ccc(Cn2c(N3CCNCC3)nc3ccccc32)cc1,65997,C18H20N4,292.4,2.8,33.1,349,1,3,3
T8439,Br.Br.N=C(NCc1ccc(Cl)cc1)SCCCc1cnc[nH]1,11213569,C14H19Br2ClN4S,470.7,,92.4,306,4,3,7
T8454,Cc1ncc(C)n2nc([C@@H]3C[C@H]3c3nc4c5cccnc5ccn4c3C)nc12,72709059,C21H19N7,369.4,3,73.3,601,0,5,2
T8233,CC(=O)Nc1ccc(C(=O)Nc2ccc(F)cc2N)cc1,72734382,C15H14FN3O2,287.29,1.4,84.2,383,3,4,3
T8514,Cn1nc(N2CCC(OC(=O)N3CCN(C4CCC4)CC3)CC2)ccc1=O,72948400,C19H29N5O3,375.5,0.6,68.7,629,0,5,4
T8435,Cl.O=c1[nH]c2cc(-n3ccnc3)c([N+](=O)[O-])cc2[nH]c1=O,5486547,C11H8ClN5O4,309.66,,122,451,3,5,1
T8510,COc1cc(C)[nH]c(=O)c1CNC(=O)c1c(C)n([C@H](C)C2CCN(CC(F)(F)F)CC2)c2ccccc12,78320408,C27H33F3N4O3,518.6,4.3,75.6,926,2,7,7
T8505,NS(=O)(=O)c1ccc(-n2nc(C(F)(F)F)cc2-c2ccc(Cl)cc2)cc1,9865808,C16H11ClF3N3O2S,401.8,3.7,86.4,583,1,7,3
T8495,Cc1noc(C)c1-c1cc(C(O)(c2ccccn2)c2ccccn2)c2nc(C3CC3)[nH]c2c1,86281210,C26H23N5O2,437.5,3.2,101,672,2,6,5
T8512,CCn1c(=O)c2c(C)c(C(=O)N3CCC(O)CC3)sc2n(CCC(F)(F)F)c1=O,118016229,C18H22F3N3O4S,433.4,2.7,109,669,1,8,4
T8493,O=C(N[C@@H](Cc1ccccc1)[C@@H](O)C(=O)N1C[C@@H](O)[C@@H](O)C1)c1cc2cc(Cl)ccc2[nH]1,6451325,C23H24ClN3O5,457.9,1.7,126,666,5,5,6
T8483,COC(=O)[C@H](CS)NC(=O)c1ccc(Br)cc1,145925689,C11H12BrNO3S,318.19,2.1,56.4,280,2,4,5
T8334,O=C(O)C1C2C=CC(C2)C1C(=O)Nc1ccc(Cl)c(Cl)c1,2834870,C15H13Cl2NO3,326.2,2.9,66.4,482,2,3,3
T8341,CC[N+](CC)(CC)CC(=O)Nc1c(C)cccc1C,3925,C16H27N2O+,263.40,2.5,29.1,268,1,1,6
T7904,CCN(CC)c1ccc(CCNC(=O)c2ccc(O)cc2)cc1,145978085,C19H24N2O2,312.4,3.7,52.6,341,2,3,7
T8378,Cc1nc2ccc(-n3c(-c4nonc4N)nc4cnccc43)cc2[nH]1.Cl.Cl,139600293,C16H14Cl2N8O,405.2,,124,495,4,7,2
T8457,O=C(NC12CC3CC(CC(C3)C1)C2)c1cnc2ccccc2n1,7067728,C19H21N3O,307.4,4.1,54.9,450,1,3,2
T8513,CC(C)[C@@H]1CN(c2nc(Nc3cc(C(C)(C)C)[nH]n3)c3cc[nH]c3n2)CCN1,135397891,C20H30N8,382.5,4.1,97.6,521,4,6,5
T8421,O=C(CCl)c1ccccc1Nc1cccc(C(F)(F)F)c1,137796964,C15H11ClF3NO,313.70,5.2,29.1,361,1,5,4
T8503,CC(=O)N[C@H]1[C@@H](OC(C)C)O[C@H](COC(C)=O)[C@@H](OC(C)=O)[C@@H]1OC(C)=O,91691128,C17H27NO9,389.4,-0.1,126,563,1,9,10
T8450,O=C(CSc1nnc(NCc2ccccc2)s1)NCC1CCCCC1,2608149,C18H24N4OS2,376.5,4.7,120,401,2,6,8
T8490,Clc1ccc(CCC(Cn2ccnc2)Sc2c(Cl)cccc2Cl)cc1,47472,C19H17Cl3N2S,411.8,6.4,43.1,383,0,2,7
T8452,O=C1CN(N=Cc2ccc(-c3ccc([N+](=O)[O-])cc3)o2)C(=O)N1,2952,C14H10N4O5,314.25,1.7,121,524,1,6,3
T8440,c1ccc(Nc2c(-c3ccccn3)nc3ccccn23)cc1,4460526,C18H14N4,286.3,4.3,42.2,355,1,3,3
T8442,COc1cc(CN(CCN)C(=O)c2cccs2)ccc1OCc1ccccc1.Cl,69316632,C22H25ClN2O3S,433.0,,93,473,2,5,9
T8448,O=C1N=C2C=CC=CN2C12Cc1ccccc1C2,10220323,C15H12N2O,236.27,1.9,32.7,475,0,1,0
T8419,CN(C)c1ccc(C(=O)On2nnc3ccccc32)cc1,15959236,C15H14N4O2,282.30,3.1,60.3,369,0,5,4
T7061,CNCC[C@H](Oc1cccc2ccccc12)c1cccs1,60835,C18H19NOS,297.4,4.3,49.5,312,1,3,6
T12073,COc1ccc(C2Nc3cccc(O)c3C(=O)N2Cc2ccccc2)cc1COc1ccc(NC(C)=O)cc1,25246343,C31H29N3O5,523.6,5.1,100,812,3,6,8
T8444,Cn1c(SCc2ccc(C(C)(C)C)cc2)nc(N)cc1=O,56951318,C16H21N3OS,303.4,3.1,84,457,1,4,4
T8423,COc1ccc(OCCN2CCN(C(=O)c3cc4ccccc4[nH]3)CC2)cc1,27842480,C22H25N3O3,379.5,3.3,57.8,501,1,4,6
T13055,Cl.Cn1cc(C(=O)Nc2ccc([C@@H]3C[C@H]3NCC3CC3)cc2)cn1,86729932,C18H23ClN4O,346.9,,59,431,3,3,6
T8453,O=C(c1ccc(C(=O)N2CCC(N3CCCCC3)CC2)cc1)N1CCC(N2CCCCC2)CC1,70679311,C28H42N4O2,466.7,3.7,47.1,606,0,4,4
T8487,COc1cc(S(C)(=O)=O)ccc1Nc1nc2ccc(-c3ccc(NC(=O)[C@H](C)c4ccc(F)cc4)cc3)cn2n1,71599640,C29H26FN5O4S,559.6,4.9,123,951,2,8,8
T8497,O=C(Nc1ccc(F)cc1)c1cnc(SCc2cc(OC(F)(F)F)ccc2B(O)O)nc1,90467234,C19H14BF4N3O4S,467.2,,130,606,3,11,7
T13016,CCc1ccccc1OC[C@@H](O)CN[C@H]1CCCc2ccccc21.O=C(O)C(=O)O,9888075,C23H29NO6,415.5,,116,433,4,7,8
T10656,C=C1C(=O)O[C@H](CCCCCCCC)[C@H]1C(=O)O,9881506,C14H22O4,254.32,4,63.6,322,1,4,8
T8499,COc1cc(-c2nn(CCN3CCC(N(C)C)CC3)c3ncnc(N)c23)ccc1NC(=O)OC(C)(C)C,121231408,C26H38N8O3,510.6,2.6,124,742,2,9,9
T15373,CCc1n(CC(=O)O[C@@H]2C[C@H](C)CC[C@H]2C(C)C)c2ccccc2[n+]1C.[Cl-],137628664,C22H33ClN2O2,393.0,,35.1,481,0,3,6
T8463,C[C@@]1(O)CCC[C@H]1n1c(=O)c(C(F)F)cc2cnc(NC3CCN(S(C)(=O)=O)CC3)nc21,134247638,C20H27F2N5O4S,471.5,1.4,124,859,2,10,5
T8418,COc1cc(N2CCN(C)CC2)ccc1Nc1ncc2c(n1)N(C)c1ccccc1C(=O)N2CC(F)(F)F,134457640,C26H28F3N7O2,527.5,4.2,77.1,812,1,11,5
T8431,Fc1c(Br)cccc1Nc1ncnc2cc3c(cc12)OCCO3,138513760,C16H11BrFN3O2,376.18,3.9,56.3,419,1,6,2
T8445,c1ccc2c(CSc3ncnc4nc[nH]c34)cccc2c1,720937,C16H12N4S,292.4,3.7,79.8,353,1,4,3
T8092,C[C@H](CCC(=O)NCCS(=O)(=O)[O-])[C@H]1CC[C@H]2[C@@H]3C[C@H](O)[C@@H]4C[C@H](O)CC[C@]4(C)[C@H]3CC[C@]12C.[Na+],90478527,C26H44NNaO6S,521.7,,135,864,3,6,7
T5134,O=C(O)C(c1ccccc1)(c1ccccc1)c1ccccc1.OCc1cc([C@@H](O)CNCCCCCCOCCOCc2c(Cl)cccc2Cl)ccc1O,44482554,C44H49Cl2NO7,774.8,,128,778,5,8,20
T7065,Clc1ccc2nsnc2c1NC1=NCCN1,5487,C9H8ClN5S,253.71,1.1,90.4,300,2,4,2
T4966,CCCCOC(=O)c1ccccc1Nc1cccc(C(F)(F)F)c1,5632,C18H18F3NO2,337.3,6.8,38.3,400,1,6,7
T8425,CCCCCC=CCC=CCCCCCCCC(=O)NCCO,2183,C20H37NO2,323.5,5.6,49.3,311,2,2,16
T8462,CSc1ccc(C(=O)c2[nH]c(=O)[nH]c2C)cc1,53708,C12H12N2O2S,248.30,1.6,83.5,371,2,3,3
T8507,O=C(NC(=S)Nc1ccc(Cl)cn1)c1ccc(N2CCCCC2)c([N+](=O)[O-])c1,2983566,C18H18ClN5O3S,419.9,4.2,135,584,2,6,3
T8426,COc1cc2c(cc1OC)CN(CCc1ccc(-n3nnc(-c4cc(OC)c(OC)cc4NC(=O)c4cc(=O)c5ccccc5o4)n3)cc1)CC2,11399764,C38H36N6O7,688.7,5.8,139,1220,1,11,11
T8438,Cc1c(Cl)cccc1NC(=O)c1cnc2ccccc2n1,8316391,C16H12ClN3O,297.74,3.4,54.9,379,1,3,2
T11394,O=C1CN(c2cn[nH]c(=O)c2Cl)CCN1Cc1ccccc1C(F)(F)F,138471783,C16H14ClF3N4O2,386.75,2.1,65,650,1,7,3
T11461,CCc1nn2c(C)cc(C)nc2c1Cc1ccc(-c2nnc(C3CCNCC3)o2)cc1,68379135,C24H28N6O,416.5,3.5,81.1,578,1,6,5
T12979,COc1cc2nc(C)nc(N[C@H](C)c3cc(N)cc(C(F)(F)F)c3)c2cc1O[C@H]1CCOC1,138911318,C23H25F3N4O3,462.5,4.3,91.5,643,2,10,6
T14907,Cn1cc(-c2ccc(-c3cncc(Cl)c3N3CCC4(CCNC4=O)CC3)cc2)cn1,77050682,C23H24ClN5O,421.9,2.9,63.1,617,1,4,3
T15437,O=C(N[C@H]1CCc2cc(F)cc(F)c2NC1=O)c1n[nH]c(Cc2ccccc2)n1,118557502,C20H17F2N5O2,397.4,3.1,99.8,603,3,6,4
T15555,N=C(Nc1ccc(OCCCCCOc2ccc(NC(=N)c3ccccc3)cc2)cc1)c1ccccc1,11752239,C31H32N4O2,492.6,6.1,95.2,625,2,4,12
T16074,COP(=O)(OC)OC(c1ccc(Cl)cc1)P(=O)(OC)OC,60910,C11H17ClO7P2,358.65,1,80.3,395,0,7,8
T16144,CN1CCN(Cc2ccc(-c3cn([C@H]4CC[C@H](O)CC4)c4nc(NCCC5CC5)ncc34)cc2)CC1,89495685,C29H40N6O,488.7,4.2,69.5,681,2,6,8
T16289,O=C(O)C(O)(Cc1cccnc1)P(=O)(O)O,10014835,C8H10NO6P,247.14,-1.8,128,316,4,7,4
T7596,CC1(C)OC(=O)C(OCC2CC2)=C1c1ccc(S(C)(=O)=O)cc1,208910,C17H20O5S,336.4,2.2,78.1,614,0,5,5
T8466,COc1ccc(-c2csc(NC(=O)[C@H](Cc3c[nH]c4ccccc34)NS(=O)(=O)c3ccc(C)cc3)n2)cc1,146673132,C28H26N4O4S2,546.7,5.3,150,884,3,7,9
T8467,NC(=O)c1ccc(-c2cnn3ccc(NCc4cccnc4)nc23)cc1,145994823,C19H16N6O,344.4,1.6,98.2,481,2,5,5
T8468,CC1(C)CC(=O)C2=C(C1)OC1=C(C(=O)CC(C)(C)C1)C2c1ccc(O)cc1O,991372,C23H26O5,382.4,3.3,83.8,733,2,5,1
T8469,Fc1ccc(Nc2nc3ccccc3nc2Nc2ccc(F)cc2)cc1,468690,C20H14F2N4,348.3,5.2,49.8,396,2,6,4
T8471,O=C(O)c1cc2c(Cl)c(N3CCN(S(=O)(=O)c4c(Cl)cccc4Cl)CC3)ccc2o1,67202717,C19H15Cl3N2O5S,489.8,4.8,99.4,733,1,7,4
T8472,COc1cc(F)cc([C@@H](CO)NC(=O)[C@@H](C)N2Cc3ccc(-c4nc(NC5CCOCC5)ncc4Cl)cc3C2=O)c1,129053037,C29H31ClFN5O5,584.0,2.9,126,900,3,9,9
T8476,CCN(CC)c1ccc(C=NNC(=O)c2ccncc2)c(O)c1,690994,C17H20N4O2,312.37,2.3,77.8,392,2,5,6
T8477,O=C(ON=C1c2ccccc2-c2nc3ccccc3nc21)c1ccco1,777728,C20H11N3O3,341.3,4.1,77.6,581,0,6,3
T13176,C[C@@H]1OCC2(CCN(c3cnc(Sc4ccnc(N)c4Cl)c(N)n3)CC2)[C@@H]1N,118238370,C18H24ClN7OS,421.9,1.3,155,538,3,9,3
T20765,CC(C)c1c(C(=O)Nc2ccccc2)c(-c2ccccc2)c(-c2ccc(F)cc2)n1CC[C@@H](O)C[C@@H](O)CC(=O)O,60823,C33H35FN2O5,558.6,5,112,822,4,6,12
T14687,[2H]C([2H])([2H])NC(=O)c1nnc(NC(=O)C2CC2)cc1Nc1cccc(-c2ncn(C)n2)c1OC,134821691,C20H22N8O3,425.5,1.2,136,648,3,8,7
T13858,Cl.N[C@@H](Cc1ccccc1)C(=O)N1CC(=Cc2ccc(Cl)c(Cl)c2)C(=O)C(=Cc2ccc(Cl)c(Cl)c2)C1,156599230,C28H23Cl5N2O2,596.8,,63.4,808,2,3,5
T10305,CCCCCCCOc1ccc(CCC(N)(CO)CO)cc1C(F)(F)F.Cl,67418070,C19H31ClF3NO3,413.9,,75.7,376,4,7,12
T10353,CCCc1c(-c2ccccc2)[nH]n(-c2ccccn2)c1=O,51036475,C17H17N3O,279.34,3.7,45.2,412,1,3,4
T12374,Cl.Cl.N=C(N)NCCC[C@H](NC(=O)[C@@H](N)Cc1ccccc1)C(=O)Nc1ccc2ccccc2c1,90665180,C25H32Cl2N6O2,519.5,,149,659,7,4,10
T12579,O=C1C(=Cc2ccc(Cl)c(Cl)c2)CNCC1=Cc1ccc(Cl)c(Cl)c1,368217,C19H13Cl4NO,413.1,5.7,29.1,516,1,2,2
TN1028,CC(C)C[C@@](O)(CC(=O)OCc1ccc(O[C@@H]2O[C@H](CO)[C@@H](O)[C@H](O)[C@H]2O)cc1)C(=O)OCc1ccc(O[C@@H]2O[C@H](CO)[C@@H](O)[C@H](O)[C@H]2O)cc1,171638,C34H46O17,726.7,-0.5,272,1080,9,17,17
TN1146,CC(C)=CCc1c(O)cc(O)c2c1O[C@H](c1ccc(O)cc1)CC2=O,480764,C20H20O5,340.4,4.3,87,504,3,5,3
TN1182,C[C@H]1[C@H](C)CC[C@]2(C)CC[C@]3(C)C(=CC(=O)[C@@H]4[C@@]5(C)CC[C@@H](O)[C@](C)(C(=O)O)[C@@H]5CC[C@]43C)[C@H]12,9847548,C30H46O4,470.7,7.2,74.6,953,2,4,1
TN1733,COc1ccc([C@@H]2CC(=O)c3c(O)cc(O[C@@H]4O[C@H](CO)[C@@H](O)[C@H](O)[C@H]4O)cc3O2)cc1O,147394,C22H24O11,464.4,0.6,175,677,6,11,5
TN1816,COc1cc2c(c(OC)c1OC)-c1c(cc3c(c1OC)OCO3)[C@H](OC(C)=O)[C@H](C)[C@H](C)C2,171064,C25H30O8,458.5,4.6,81.7,673,0,8,6
TN2261,Cc1ccc2c(c1)C(=O)c1ccccc1C2=O,6773,C15H10O2,222.24,3.9,34.1,347,0,2,0
T11563,O=C1C(=Cc2ccc(O)c(Br)c2)CCCC1=Cc1ccc(O)c(Br)c1,91011194,C20H16Br2O3,464.1,5.7,57.5,511,2,3,2
T13748,O=C([O-])CC[C@H](O)C(=O)[O-].[Na+].[Na+],56845267,C5H6Na2O5,192.08,,100,130,1,5,2
T13316,CC(C)c1ccc(OCC(=O)NC2CC(C)(C)NC(C)(C)C2)c(Br)c1.Cl,2943675,C20H32BrClN2O2,447.8,,50.4,449,3,3,5
T19618,Cc1sc2c(c1C)C(c1ccc(Cl)cc1)=N[C@H](CC(=O)OC(C)(C)C)c1nnc(C)n1-2,49871818,C23H25ClN4O2S,457.0,4.9,97.6,706,0,6,5
T15441,CCCOc1ccn2c(C(C)=O)cc(-c3cccc(OC)c3)c2c1,121230107,C20H21NO3,323.4,5,39.9,427,0,3,6
T16421,COc1ccccc1N1CCN(CCN(C(=O)c2ccc(I)cc2)c2ccccn2)CC1.Cl,11957651,C25H28ClIN4O2,578.9,,48.9,578,1,5,7
T16531,CCC(C)OC(=O)N1CCCCC1CCO,125098,C12H23NO3,229.32,2,49.8,220,1,3,5
T16932,O=C(Nc1ccccc1-c1cn2c(CN3CC[C@@H](O)C3)csc2n1)c1ccc2ccccc2c1,24180126,C27H24N4O2S,468.6,5,98.1,725,2,5,5
T19626,CCOC(=O)[C@H](C)N[C@@H](Cc1ccc(-c2cccc(Cl)c2)cc1)C(=O)O,58280516,C20H22ClNO4,375.8,2,75.6,465,2,5,9
T4405,Nc1nc(C(=CCC(=O)O)C(=O)NC2C(=O)N3C(C(=O)O)=CCSC23)cs1.O.O,71433975,C15H18N4O8S2,446.5,,218,755,6,12,6
T5621,C=C1C=CC(C(C)C)CC1,11142,C10H16,136.23,3.4,0,151,0,0,1
T7387,CC(=O)[O-].CCON=C(C(=O)NC1C(=O)N2C(C(=O)O)=C(Sc3nc(-c4cc[n+](C)cc4)cs3)CSC12)c1nsc(NP(=O)(O)O)n1,76419086,C24H25N8O10PS4,744.7,,368,1240,5,19,11
T7709,CN(C)CCOc1ccc(C(=C(CCCO)c2ccccc2)c2ccc(O)cc2)cc1,75968011,C27H31NO3,417.5,5.9,52.9,525,2,4,10
T8157,Cc1cccc(N2CCN(CCc3ccc4ccccc4n3)CC2)c1,162163,C22H25N3,331.5,4.5,19.4,404,0,3,4
T8234,O=C(C=Cc1ccc(Br)cc1)N1CCN(Cc2ccc(Cl)cc2)CC1,122421181,C20H20BrClN2O,419.7,4.4,23.6,449,0,2,4
T8352,O=C1C(=O)c2ncccc2-c2cccnc21,6764,C12H6N2O2,210.19,1.1,59.9,297,0,4,0
T8366,O=C(CC(C(=O)O)c1c[nH]c2ccccc12)c1ccc(F)cc1F,76070959,C18H13F2NO3,329.3,3.1,70.2,487,2,5,5
T8432,COc1ccc(CN2CCC(c3ccc4nc(C(=O)N5CCN(Cc6ccc(C(F)(F)F)cc6)CC5)[nH]c4c3)CC2)cn1.Cc1ccc(S(=O)(=O)O)cc1.Cc1ccc(S(=O)(=O)O)cc1,146673134,C46H51F3N6O8S2,937.1,,203,1110,3,15,9
T8433,CCCCCCCc1cc(=O)c2ccccc2n1O,1561,C16H21NO2,259.34,4.5,40.5,338,1,3,6
T8455,CC(C)C[C@H](N)C(=O)N[C@H](C(=O)N[C@H](C(=O)N[C@@H](Cc1ccc(O)cc1)C(=O)N1CCC[C@H]1C(=O)N[C@@H](Cc1c[nH]c2ccccc12)C(=O)N[C@H](C(=O)O)[C@@H](C)O)C(C)C)C(C)C,3081832,C45H64N8O10,877.0,1,285,1590,10,11,21
T8474,CC(C)(C)c1nc(-c2cccc(NS(=O)(=O)c3c(F)cccc3F)c2F)c(-c2ccnc(N)n2)s1.CS(=O)(=O)O,44516822,C24H24F3N5O5S3,615.7,,210,910,3,14,6
T8480,CN(C)CCCCC(=O)Nc1ccc(NC(=S)NC(=O)c2ccc(C(C)(C)C)cc2)cc1.Cl,49871498,C25H35ClN4O2S,491.1,,106,616,4,4,9
T8488,Cc1ncsc1-c1ccc(CNC(=O)[C@@H]2C[C@@H](O)CN2C(=O)[C@@H](NC(=O)COCCOc2ccc(-c3cc(Nc4ccc(OC(F)(F)F)cc4)ncn3)cc2)C(C)(C)C)cc1,139600282,C43H46F3N7O7S,861.9,6.9,205,1410,4,15,17
T8506,COCCOc1nc(-c2ccc(Cl)nc2)nc2c1CN(C(=O)c1ncn3ccccc13)CC2,49821991,C23H21ClN6O3,464.9,3.2,94.7,674,0,7,6
TN1100,CC(=O)c1c(C)cc2cccc(O)c2c1O,100780,C13H12O3,216.23,3.1,57.5,276,2,3,1
TN1256,CC(=O)O[C@H]1CC[C@]2(C)C3=C(CC[C@H]2C1(C)C)[C@]1(C)C[C@@H](O)[C@H]([C@@H](CCC=C(C)C)C(=O)O)[C@@]1(C)CC3,15226712,C32H50O5,514.7,6.7,83.8,1000,2,5,7
TN1860,CC(C)=CCc1cc(-c2cc(=O)c3cc(CC=C(C)C)c(O)cc3o2)ccc1O,11349817,C25H26O4,390.5,6.3,66.8,681,2,4,5
TQ0050,O=C(NCCCc1ccccc1)c1cccc(-c2cc(O)c3ncccc3c2)c1,127030711,C25H22N2O2,382.5,5.1,62.2,519,2,3,6
TQ0067,COc1cc(C(=O)N2CC[C@@H](O)[C@@H](N)C2)cc2nc(-c3cc4ccccc4n3CC3CC3)n(C)c12.Cl,86340151,C27H32ClN5O3,510.0,,98.5,780,3,5,5
TQ0076,CC(C)(C)c1nc(-c2ccc(NC(=O)Nc3cccc(C(F)(F)F)c3)c3ccccc23)c2c(N)nccn12,73425700,C28H25F3N6O,518.5,6.5,97.3,834,3,7,4
TQ0084,CN1CCN2c3c(cccc31)[C@@H]1CN(CCCC(=O)c3ccc(F)cc3)CC[C@@H]12.Cc1ccc(S(=O)(=O)O)cc1,44241743,C31H36FN3O4S,565.7,,89.5,799,1,8,6
TQ0100,O=C1COc2c(CCNCCN(C(=O)CCNCCc3ccc(Cl)c(Cl)c3)C3CCCCC3)ccc(O)c2N1,24961094,C29H38Cl2N4O4,577.5,4.4,103,772,4,6,13
TQ0210,C[C@@H](c1ccc2nccn2c1)n1nnc2ncc(-c3cnn(C)c3)nc21,68289010,C17H15N9,345.4,1.5,91.6,505,0,6,3
TQ0232,COc1cc2c(NC3CCN(C4CCCCC4)CC3)nc(N3CCCN(C(C)C)CC3)nc2cc1OCCCN1CCCCC1,53315882,C36H59N7O2,621.9,6.9,69.2,845,1,9,11
TQ0252,CC[C@H]1[C@@H](O)[C@@H]2[C@H](CC[C@]3(C)[C@@H]([C@H](C)CCO)CC[C@@H]23)[C@@]2(C)CC[C@@H](O)C[C@@H]12,101886309,C25H44O3,392.6,5.5,60.7,564,3,3,4
TQ0253,Cc1noc(C)c1-c1cnc2c(-c3ccc(C(=O)O)cc3)cn([C@@H](C)c3ccccn3)c2c1,90448953,C26H22N4O3,438.5,4,94,684,1,6,5
TQ0277,CO[C@]1(C(=O)N[C@@H](C)c2ccc(-n3cc(F)cn3)nc2)CC[C@@H](c2nc(C)cc(Nc3cc(C)[nH]n3)n2)CC1,129073603,C27H32FN9O2,533.6,3.1,136,816,3,9,8
T12085,CN(C)c1cc[n+](Cc2ccc(CCCCc3ccc(C[n+]4ccc(N(C)C)cc4)cc3)cc2)cc1.[Br-].[Br-],52952144,C32H40Br2N4,640.5,,14.2,523,0,4,11
T12345,CCN(CC)c1ccc(-c2nc3cc(C(=O)NC)ccc3n2Cc2ccn(CC)n2)cn1,138466007,C24H29N7O,431.5,2.7,80.9,615,1,5,8
T16523L,CCn1c2ccccc2c2cc(CNC)ccc21,4722579,C16H18N2,238.33,3,17,278,1,1,3
T12575,Cc1nc2ccc(F)cc2n1-c1nc(N)c(F)c(Nc2ccc(C(F)(F)F)cc2)n1,74223469,C19H13F5N6,420.3,4.7,81.7,586,2,10,3
T19160,C[C@H](O)[C@H](O)C1=Nc2c(nc(N)[nH]c2=O)NC1,135398687,C9H13N5O3,239.23,-2.2,132,454,5,6,2
T14118,CN(C)c1ccc2cc3ccc(N(C)C)cc3nc2c1.Cl,517204,C17H20ClN3,301.8,,19.4,298,1,3,2
T15458,CC(=O)Oc1cc2c(cc1Cl)C(c1ccccc1C(=O)O)c1cc(Cl)c(OC(C)=O)cc1O2,77718,C24H16Cl2O7,487.3,5.2,99.1,717,1,7,6
T13996,O=C(NO)c1cccc2ccccc12,23382,C11H9NO2,187.19,2.4,49.3,217,2,2,1
T15216,Cc1cc(O)cc(C)c1C=C1C(=O)N(Cc2ccccc2)C(=O)N(Cc2ccccc2)C1=O,91826273,C27H24N2O4,440.5,4.7,77.9,710,1,4,5
T12854,O=C(NCc1ccncc1)Nc1ccc(S(=O)(=O)N2CC3CCC(C2)O3)cc1,135222620,C19H22N4O4S,402.5,0.7,109,627,2,6,5
T16154,COC(=O)C[C@@H]1N=C(c2ccc(Cl)cc2)c2c(sc(C)c2C)-n2c(C)nnc21,59190723,C20H19ClN4O2S,414.9,3.9,97.6,627,0,6,4
T16708,Cc1cccc(-c2n[nH]cc2-c2ccc(F)c(-c3cnn(CCO)c3)c2)n1,11703284,C20H18FN5O,363.4,2.2,79.6,483,2,5,5
T8527,O=C1NN(c2ccccc2)C(=O)C1=CC=Cc1ccccc1Cl,684166,C18H13ClN2O2,324.8,4.1,49.4,523,1,2,3
T8528,c1ccc(Cn2c(NCc3ccco3)nc3ccccc32)cc1,667146,C19H17N3O,303.4,3.9,43,372,1,3,5
T3904,COc1c(O)cc2c(c1OC)-c1c(cc(O)c(OC)c1OC)CC(C)C(C)C2,73158,C22H28O6,388.5,4.6,77.4,457,2,6,4
T3S1250,C[C@@H]1CC[C@@]2(OC1)O[C@H]1C[C@@]3(O)[C@@H]4CC=C5C[C@@H](O[C@@H]6O[C@H](CO)[C@@H](O)[C@H](O)[C@H]6O[C@@H]6O[C@@H](C)[C@H](O)[C@@H](O)[C@H]6O)CC[C@]5(C)[C@H]4CC[C@]3(C)[C@@]1(O)[C@@H]2C,102004868,C39H62O14,754.9,0.7,217,1420,8,14,5
T4469,COc1cccc2c1C(=O)c1c(O)c3c(c(O)c1C2=O)C[C@@](O)(C(=O)CO)C[C@@H]3O[C@H]1C[C@H](N2CCO[C@H](OC)C2)[C@H](O)[C@H](C)O1,65907,C32H37NO13,643.6,1.7,202,1160,5,14,7
T5016,CCc1ccc(Cc2ccc3c(c2)[C@]2(OC3)O[C@H](CO)[C@@H](O)[C@H](O)[C@H]2O)cc1.O,46908928,C22H28O7,404.5,,100,521,5,7,4
T5496,COc1ccc(OC)c(-c2nnc3n2N=C(c2ccc(OC)c(OC)c2)CS3)c1,17757146,C20H20N4O4S,412.5,3.5,105,583,0,8,6
T5500,C[C@@H]1CC[C@@H](COc2ccc(F)cn2)CN1C(=O)c1cc(F)ccc1-c1ncccn1,25126515,C23H22F2N4O2,424.4,3.6,68.2,592,0,7,5
T5509,Cc1c(-c2ccc3ncccc3c2)nnn1-c1cccnc1F,11301185,C17H12FN5,305.31,3,56.5,408,0,5,2
T5513,COc1cc(Cc2cnc(N)nc2N)c(C(C)C)cc1OC,11289644,C16H22N4O2,302.37,2,96.3,342,2,6,5
T6S0619,C=C(CC[C@@H](C(=O)O)[C@H]1[C@H](O)C[C@@]2(C)C3=C(CC[C@]12C)[C@@]1(C)CC[C@H](OC(C)=O)C(C)(C)[C@@H]1CC3)C(C)C,5484385,C33H52O5,528.8,7.2,83.8,1020,2,5,8
T7777,CNC(=O)c1cc(C(=O)NC)cc(-c2ccc(O[C@H]3O[C@H](CO)[C@@H](O)[C@H](O)[C@@H]3O)c(C)c2)c1,57413592,C23H28N2O8,460.5,0.3,158,655,6,8,6
T8332,Cc1c(-c2ccc(-c3ccccc3F)cc2)nc2ccc(F)cc2c1C(=O)[O-].[Na+],23663964,C23H14F2NNaO2,397.3,,53,557,0,5,3
T8520,c1nn[nH]n1,67519,CH2N4,70.05,-0.5,54.5,26,1,3,0
T8526,CN(C)C(=N)NC(=N)N,152743144,C4H11N5,129.16,-1.3,91.5,136,3,1,2
T22236,C=CCc1ccccc1OCC(O)CNC(C)C.Cl,66368,C15H24ClNO2,285.81,,41.5,231,3,3,8
TQ0243,COc1ccccc1[C@H](Cn1c(=O)n(C(C)(C)C(N)=O)c(=O)c2c(C)c(-c3ncco3)sc21)OC1CCOCC1,71570560,C28H32N4O7S,568.6,2.6,166,948,1,9,9
T8535,COc1cc2nccc(Nc3cc(OC)c(OC)c(OC)c3)c2cc1OC,5330475,C20H22N2O5,370.4,3.6,71.1,440,1,7,7
T21773,COc1ccc2[nH]c3c(-c4cccc5ccccc45)nccc3c2c1,59620153,C22H16N2O,324.4,5.2,37.9,469,1,2,2
T8532,N=C(NC(=N)N1CCCC1)Nc1ccc(OC(F)(F)F)cc1,78092899,C13H16F3N5O,315.29,2.1,89.2,424,2,5,4
T8531,Cc1cc(C)c(S(=O)(=O)Nc2cccc(C(F)(F)F)c2)c(C)c1,761523,C16H16F3NO2S,343.4,4.4,54.6,488,1,6,3
T12617L,CC[C@H](CO)Nc1nc(NCc2ccc(-c3ccccn3)cc2)c2ncn(C(C)C)c2n1,10224714,C24H29N7O,431.5,3.8,101,556,3,7,9
T8530,O=C([O-])CS.[Na+],23690444,C2H3NaO2S,114.10,,41.1,46,1,3,1
T3387,COC(=O)[C@@]1(C)CC[C@]2(C(=O)O)CC[C@]3(C)C(=CC[C@@H]4[C@@]5(C)C[C@H](O)[C@H](O)[C@@](C)(CO)[C@@H]5CC[C@]43C)[C@@H]2C1,21594228,C31H48O7,532.7,4.5,124,1050,4,7,4
T16349,O=C(Nc1ccc(C2=NCCN2)cc1)c1ccc(C(=O)Nc2ccc(C3=NCCN3)cc2)c(Cl)c1,65558,C26H23ClN6O2,487.0,2.1,107,832,4,4,6
T11916,Cc1ccc(NC(=O)c2ccc(CN3CC[C@H](N(C)C)C3)c(C(F)(F)F)c2)cc1Nc1ncc(-c2cncnc2)cn1,24853523,C30H31F3N8O,576.6,4.1,99.2,864,2,11,8
T16748,c1cc(-c2nc3cc(-c4ccc5[nH]c(-c6ccncc6)nc5c4)ccc3[nH]2)ccn1,16659285,C24H16N6,388.4,3.9,83.1,524,2,4,3
T16760,Nc1ncnc2c1c(-c1ccc(Oc3ccccc3)cc1)cn2C1CCCC1,6603792,C23H22N4O,370.4,4.6,66,497,1,4,4
T17258,CCNS(=O)(=O)c1ccc(COc2ccc3nc4ccc(=O)cc-4oc3c2)cc1,139035038,C21H18N2O5S,410.4,2.3,102,818,1,7,6
T1791L,Cc1cc(Nc2ncc(Cl)c(Nc3ccccc3S(=O)(=O)C(C)C)n2)c(OC(C)C)cc1C1CCNCC1.Cl.Cl,67973512,C28H38Cl3N5O3S,631.1,,114,835,5,8,9
T21524,Nc1ccc2c3c(cccc13)C(=O)NC2=O,1720,C12H8N2O2,212.20,1.3,72.2,342,2,3,0
T8536,Cc1ccc(C(=O)N2CCN(c3ccc([N+](=O)[O-])cc3)CC2)cc1Cl,2911546,C18H18ClN3O3,359.8,3.8,69.4,482,0,4,2
T8538,CCOc1ccccc1NC(=O)c1ccccc1NS(=O)(=O)C1CC1,71598556,C18H20N2O4S,360.4,3.2,92.9,556,2,5,7
T8541,COc1cc2nccc(Oc3ccc(NC(=O)NC4CC4)c(Cl)c3)c2cc1C(N)=O.CS(=O)(=O)O,11237762,C22H23ClN4O7S,523.0,,178,727,4,8,6
T8542,Cc1ccc2nc(NCCN)c3ncc(C)n3c2c1.Cl,9926054,C14H18ClN5,291.78,,68.2,310,3,4,3
T8544,CS(=O)(=O)O.Cc1ccc(NC(=O)c2ccc(CN3CCN(C)CC3)cc2)cc1Nc1nc(-c2cccnc2)cs1,25024769,C29H34N6O4S2,594.8,,164,788,3,10,7
T8545,O=c1c2ccccc2n(CC2CC2)c(=O)n1O,121231495,C12H12N2O3,232.23,1.1,60.9,354,1,3,2
T2470,CC(C)[C@H](NC(=O)OCc1ccccc1)C(=O)NC(C=O)Cc1ccccc1,11199915,C22H26N2O4,382.5,2.7,84.5,497,2,4,10
TQ0021,Cc1c(C(=O)Nc2ccc(Oc3ccnc4cc(OCC(C)(C)O)ccc34)c(F)c2)c(=O)n(-c2ccccc2)n1C,60165029,C31H29FN4O5,556.6,4.8,104,986,2,8,8
TQ0059,Nc1ncc(-c2cnn(CCO)c2)c2scc(-c3ccc(NC(=O)Nc4cccc(F)c4)cc3)c12,46207586,C25H21FN6O2S,488.5,3,146,713,4,7,6
TQ0228,COCCNCCc1cccc(Nc2ncc3c(n2)-c2ccccc2[C@H](c2ccccc2F)C3)c1,46834118,C29H29FN4O,468.6,5.3,59.1,638,2,6,9
TQ0266,Cc1[nH]nc2ncc(C(=O)N3CCC[C@H]3c3ccc(Cl)cc3)cc12,118879529,C18H17ClN4O,340.8,3.3,61.9,468,1,3,2
TQ0319,C[C@H]1CNCCCN1S(=O)(=O)c1cccc2cncc(F)c12.Cl.O.O,11625386,C15H23ClFN3O4S,395.9,,72.7,482,4,8,2
TN1087,COc1cc([C@@H]2c3cc4c(cc3C[C@H]3COC(=O)[C@@H]32)OCO4)cc(OC)c1OC,345501,C22H22O7,398.4,3.1,72.5,598,0,7,4
T12132,Cn1nc(C(F)(F)F)cc1-c1ccc(OCc2ccc(Cl)cc2)c(-c2cc(C(F)(F)F)cc(C(F)(F)F)c2)c1O,139600319,C26H16ClF9N2O2,594.9,7.9,47.3,812,1,12,5
T14844,CC(C)c1cc(Br)c(NC(=O)Nc2cccnc2)c(Br)c1,2810999,C15H15Br2N3O,413.11,3.9,54,342,2,2,3
T15024,O=C([O-])c1ccc2c(c1)nc(Nc1cccc(Cl)c1)c1ccncc12.[Na+],49788959,C19H11ClN3NaO2,371.7,,77.9,497,1,5,3
T13098,O=C(Cn1cc(S(=O)(=O)N2CCCC2)ccc1=O)c1ccc(-c2cccc(C(F)(F)F)c2)cc1,122508151,C24H21F3N2O4S,490.5,3.7,83.1,940,0,8,6
T10655,Cn1cc(-c2ccc3nnc(Sc4ccc5nn(C)cc5c4)n3n2)cn1,56650915,C17H14N8S,362.4,1.8,104,509,0,6,3
T15423,O=C(Nc1ccn(Cc2ccc(O)cc2C(F)(F)F)n1)c1c(F)cccc1F,59547990,C18H12F5N3O2,397.3,3.7,67.2,540,2,8,4
T15486,CCOc1ccc(C(Nc2ccccn2)c2ccc3ccc(C)nc3c2O)cc1C,2895500,C25H25N3O2,399.5,5.4,67.3,533,2,5,6
T15732,CN(C)C(=O)c1cc2cnc(Nc3ccc(N4CCNCC4)cn3)nc2n1C1CCCC1.O=C(O)CCC(=O)O,57334219,C27H36N8O5,552.6,,166,728,4,11,8
T10857,CC(C)(COP(=O)(O)OP(=O)(O)OC[C@H]1O[C@@H](n2cnc3c(N)ncnc32)[C@H](O)[C@@H]1OP(=O)(O)O)[C@@H](O)C(=O)NCCC(=O)NCCS,87642,C21H36N7O16P3S,767.5,-5.8,348,1270,10,21,18
T10625,Nc1ncnc2c1c(-c1ccc(Oc3ccccc3)cc1)nn2[C@@H]1CCCNC1,58223272,C22H22N6O,386.4,3.1,90.9,521,2,6,4
T15789,O=c1nc(N2CCOCC2)oc2c(-c3cccc4c3sc3ccccc34)cccc12,122705987,C24H18N2O3S,414.5,4.9,79.4,694,0,4,2
T16088,C[C@@]1(O)[C@H](O)[C@@H](CO)O[C@H]1n1ccc2c(N)ncnc21,3011893,C12H16N4O4,280.28,-1.2,127,373,4,7,2
T16110,CC(C)OC(=O)NC1CCN(Cc2cc(Cl)c3cccnc3c2O)CC1,91667465,C19H24ClN3O3,377.9,3.4,74.7,471,2,5,5
T5435,Cc1ncsc1-c1ccc(C(C)NC(=O)C2CC(O)CN2C(=O)C(NC(=O)COCCCOCCNC(=O)CC2N=C(c3ccc(Cl)cc3)c3c(sc(C)c3C)-n3c(C)nnc32)C(C)(C)C)cc1,137706031,C49H60ClN9O7S2,986.6,5.9,259,1750,4,13,19
T5436,Cc1ncsc1-c1ccc(CNC(=O)C2CC(O)CN2C(=O)C(NC(=O)COCCOCCOCCNC(=O)CC2N=C(c3ccc(Cl)cc3)c3c(sc(C)c3C)-n3c(C)nnc32)C(C)(C)C)cc1,137699231,C49H60ClN9O8S2,1002.6,5,268,1750,4,14,21
T5437,COc1cc2ncnc(Nc3ccc(F)c(Cl)c3)c2cc1OCCCCCOCCOCCC(=O)N[C@H](C(=O)N1C[C@H](O)C[C@H]1C(=O)NCc1ccc(-c2scnc2C)cc1)C(C)(C)C,135156947,C47H57ClFN7O8S,934.5,6.9,215,1480,4,14,23
T12401,CCN1C(=O)N(c2c(F)c(OC)cc(OC)c2F)Cc2c[nH]c3nc(CN4CCOCC4)cc-3c21,86705695,C24H27F2N5O4,487.5,1.8,83.2,731,1,8,6
T12502,CC(=O)Nc1ccc(C)c(C(=O)N[C@H](C)c2cccc3ccccc23)c1,44235889,C22H22N2O2,346.4,3.9,58.2,506,2,2,4
T14855,O=C(O)CN(CC(=O)O)Cc1cc2c(cc1O)Oc1cc(O)c(CN(CC(=O)O)CC(=O)O)cc1C21OC(=O)c2ccccc21,65079,C30H26N2O13,622.5,-3.1,232,1070,6,15,12
T14511,COc1c(OC[C@H](O)CN2CCOCC2)ccc2c1N=C(NC(=O)c1cccnc1C)N1CCN=C21,135905473,C25H30N6O5,494.5,0.8,121,1010,2,8,7
T10668,c1ccc2c(-c3nccs3)c[nH]c2c1,636970,C11H8N2S,200.26,2.7,56.9,209,1,2,1
T13173,CCCCCCCC(=O)c1cc(OC)c(OC)c(OC)c1CC(=O)OCC,60146245,C21H32O6,380.5,4.7,71.1,438,0,6,14
TQ0157,CCN(c1nc(N)c(C(=O)NC(=N)N)nc1Cl)C(C)C,1795,C11H18ClN7O,299.76,1.3,137,372,3,5,4
TN1126,COc1cc(O)c2c(c1)O[C@H](c1ccc(O)cc1)CC2=O,73571,C16H14O5,286.28,2.7,76,377,2,5,2
TN1273,O=c1cc(-c2ccc(O)cc2)oc2cc(O)ccc12,5282073,C15H10O4,254.24,3.3,66.8,382,2,4,1
T12651,O=C(O[C@H](Cc1ccc(O)c(O)c1)C(=O)O)C1=Cc2cc(O)c(O)cc2[C@H](c2ccc(O)c(O)c2)[C@H]1C(=O)O[C@@H](Cc1ccc(O)c(O)c1)C(=O)O,101064233,C36H30O16,718.6,3.9,289,1320,10,16,13
T15201,Cc1ncccc1-c1cnc(NCc2c(F)ccc3c2CCO3)n2cnnc12,121412508,C20H17FN6O,376.4,3.4,77.2,541,1,7,4
T12783,Cc1c(C(=O)NCCCO)cnn1-c1nc(-c2cccc(C(F)(F)F)c2)cs1,9953357,C18H17F3N4O2S,410.4,3.2,108,539,2,8,6
T11464,Cc1ccc(N)cc1C(=O)N[C@H](C)c1cccc2ccccc12,24941262,C20H20N2O,304.4,4,55.1,410,2,2,3
T10066,C[C@H]1O[C@@H](n2cnc3c(N)ncnc32)C[C@@H]1O,65166,C10H13N5O2,235.24,-0.1,99.1,292,2,6,1
T11186,CCN(Cc1cccnc1)C(=O)CN(c1ccc(OC)nc1)S(=O)(=O)c1ccccc1C,9981404,C23H26N4O4S,454.5,2.5,101,699,0,7,9
T11188L,Cl.NCC[C@@H](O)c1cccc(OCC2CCCCC2)c1,60162270,C16H26ClNO2,299.83,,55.5,241,3,3,6
T11822,COc1cccc(-n2[nH]c3c(cnc4ccc(Cl)cc43)c2=O)c1,124111373,C17H12ClN3O2,325.7,3.8,54.5,463,1,4,2
T15367,CCOc1ccc(CC(CN(CCN(CC(=O)[O-])CC(=O)[O-])CC(=O)[O-])N(CC(=O)[O-])CC(=O)[O-])cc1.[Gd+3].[Na+].[Na+],9961939,C23H28GdN3Na2O11,725.7,,220,711,0,14,15
T15435,COc1ncc(-c2ccc3c(Nc4cc(Oc5cc(F)cc(F)c5)cc(C(=O)O)c4)c(S(=O)(=O)NC4CC4)cnc3c2)c(OC)n1,71533725,C31H25F2N5O7S,649.6,5.6,170,1140,3,14,11
T15758,O=C1N(c2ccccc2)c2ccccc2C1(Cc1ccncc1)Cc1ccncc1,3932,C26H21N3O,391.5,4.1,46.1,555,0,3,5
T15956,O=C(CCN1C(=O)C=CC1=O)NCCOCCOCCOCCOCCC(=O)ON1C(=O)CCC1=O,51340950,C22H31N3O11,513.5,-2.9,167,796,1,11,20
TQ0005,O=C1Nc2cc3[nH]nc(-c4ccncc4)c3cc2CN1Cc1ccccc1,136653617,C21H17N5O,355.4,2.4,73.9,531,2,3,3
T19644,CCCCNc1ccc(C(=O)OCCOCCOCCOCCOCCOCCOCCOCCOCCOC)cc1,7699,C30H53NO11,603.7,2.4,121,565,1,12,33
T8546,Oc1c2c(nn1-c1nc3ccccc3s1)CCCC2,16459674,C14H13N3OS,271.34,3.5,73.5,436,1,4,1
T8548,Cc1nc(N)nc(N)c1-c1ccc(Cl)c(Cl)c1,24466,C11H10Cl2N4,269.13,2.8,77.8,266,2,4,1
T8550,O=C(Nc1ccc(Cl)cc1F)c1ccccc1O,60202556,C13H9ClFNO2,265.67,4,49.3,303,2,3,2
T8551,O=[N+]([O-])c1ccc(CSc2ncnc3c2ncn3[C@@H]2O[C@H](CO)[C@@H](O)[C@H]2O)cc1,65407,C17H17N5O6S,419.4,1.5,185,577,3,10,5
T8552,COc1ccc(OC)c(C(=O)N[C@@H]2CN3CCC2CC3)c1.O=C(O)C(F)(F)F,134812840,C18H23F3N2O5,404.4,,88.1,452,2,9,4
T8554,Oc1cccc(Nc2nc(-c3ccccn3)cs2)c1,704347,C14H11N3OS,269.32,3.1,86.3,292,2,5,3
T8561,Cc1ncc([N+](=O)[O-])n1CCOC(=O)NC(Nc1ncccn1)C(Cl)(Cl)Cl,2830389,C13H14Cl3N7O4,438.6,3,140,513,2,8,7
T8572,Cc1nnc2ccc(-c3cccc(C(F)(F)F)c3)nn12,107950,C13H9F3N4,278.23,2.7,43.1,349,0,6,1
T8562,O=C(NCc1ccc(C(F)(F)F)cc1)Nc1cccc2cnccc12,8068410,C18H14F3N3O,345.3,3.5,54,449,2,5,3
T8612,CSc1nccn1C,581856,C5H8N2S,128.20,0.9,43.1,76,0,2,1
T8620,CCN1CCN(C(=O)N[C@@H](C(=O)N[C@@H]2C(=O)N3C2SC(C)(C)[C@@H]3C(=O)O)c2ccccc2)C(=O)C1=O,58686000,C23H27N5O7S,517.6,0.5,182,982,3,8,6
T8624,CCc1nc(C)ccc1O,114681,C8H11NO,137.18,1.7,33.1,105,1,2,1
T8628,Oc1c(I)cc(I)cc1I,11862,C6H3I3O,471.80,3.5,20.2,108,1,1,0
T8632,O=C(O)c1c2ccccc2cc2ccccc12,2201,C15H10O2,222.24,3.8,37.3,277,1,2,1
T8633,OC1c2ccccc2-c2ccccc21,74318,C13H10O,182.22,2.4,20.2,191,1,1,0
T8637,COc1cc(C=O)c([N+](=O)[O-])cc1OC,88505,C9H9NO5,211.17,1.2,81.4,239,0,5,3
T8638,CC(C)C[C@H](NC(=O)OCC1c2ccccc2-c2ccccc21)C(=O)O,1549133,C21H23NO4,353.4,4.4,75.6,484,2,4,7
T8621,CCOC(=O)c1cnc(SC)nc1N,222666,C8H11N3O2S,213.26,1.5,103,203,1,6,4
T8639,NC[C@@H](CC(=O)O)c1ccccc1.[Cl],12504100,C10H14ClNO2,215.67,,63.3,164,3,3,4
T8625,Nc1nc(=O)n([C@@H]2O[C@H](CO)[C@@H](O)[C@H]2O)cc1F,16861,C9H12FN3O5,261.21,-2.1,129,426,4,6,2
T8615,O=S1(=O)CCCN1,642157,C3H7NO2S,121.16,-0.5,54.6,143,1,3,0
T8627,CC(=O)Nc1ccc(S(N)(=O)=O)cc1,8482,C8H10N2O3S,214.24,0,97.6,299,2,4,2
T8563,O=c1oc(-c2ccccc2Br)nc2cccc(Cl)c12,46838144,C14H7BrClNO2,336.57,4.2,38.7,401,0,3,1
T8564,COc1ccccc1CNC(=O)[C@H](C)NC(=O)C1CCN(S(=O)(=O)c2ccccc2)CC1,17585104,C23H29N3O5S,459.6,2.1,113,724,2,6,8
T8565,CNc1nc(NCc2ccccc2)c2ccccc2n1.Cl,23724453,C16H17ClN4,300.78,,49.8,290,3,4,4
T8566,COc1ccc(S(=O)(=O)N2CCCCC2)cc1C,847007,C13H19NO3S,269.36,2.3,55,357,0,4,3
T8567,Nc1c(-c2cccc(C(F)(F)F)c2)nsc1C(=O)O,54833,C11H7F3N2O2S,288.25,3.3,104,353,2,8,2
T8568,Cn1nc(-c2cccc(F)c2)n(C)c1=S,25431,C10H10FN3S,223.27,1.9,50.9,305,0,3,1
T8569,O=[N+]([O-])C1=Cc2cc(Br)cc(Br)c2OC1c1ccc(Br)cc1,91667527,C15H8Br3NO3,489.9,5.6,55.1,459,0,3,1
T8570,O=C(c1cn(-c2cccc(Cl)c2)nn1)N1CCSCC1,20973801,C13H13ClN4OS,308.79,2.2,76.3,353,0,4,2
T8571,Cc1cccc(N2CCN(C(=O)c3cc(S(=O)(=O)N(C)C)ccc3N3CCCC3)CC2)c1C,2440433,C25H34N4O3S,470.6,3.5,72.6,769,0,6,5
T8573,N=C(N)NN=Cc1cccc(Cl)c1Cl,96297,C8H8Cl2N4,231.08,1.7,76.8,237,2,2,2
T8574,Cc1ccc(C(=O)Nc2cc(C(F)(F)F)ccc2N2CCOCC2)o1,4799939,C17H17F3N2O3,354.32,3.2,54.7,469,1,7,3
T8575,O=C(O)c1ccccc1NCCc1ccccc1,31635,C15H15NO2,241.28,4,49.3,261,2,3,5
T8576,CC(=O)Nc1ccc(S(=O)(=O)Oc2noc3ccccc23)cc1,337454,C15H12N2O5S,332.3,2.3,107,524,1,6,4
T8578,O=C(N[C@@H](Cc1c[nH]c2ccccc12)C(=O)O)c1ccc(Cl)cc1,2060890,C18H15ClN2O3,342.8,2.9,82.2,465,3,3,5
T8579,O=C(NCc1cccnc1OCC(F)(F)F)c1cncc(-c2ccc(Cl)cc2)c1,16040329,C20H15ClF3N3O2,421.8,4.2,64.1,530,1,7,6
T8580,Cc1ccc(Cl)c(OCC(O)CNC(C)(C)C)c1,2475,C14H22ClNO2,271.78,2.8,41.5,242,2,3,6
T8581,Cl.O=C(NCC1CCCCN1)c1cc(OCC(F)(F)F)ccc1OCC(F)(F)F,21447164,C17H21ClF6N2O3,450.8,,59.6,500,3,10,7
T8582,Cc1cc(CN2CCNCC2)no1,4962490,C9H15N3O,181.23,0,41.3,159,1,4,2
T8583,O=C1NCCN[C@@H]1c1cccs1,52539208,C8H10N2OS,182.25,0.3,69.4,186,2,3,1
T8584,O=C1C[C@H](c2ccccc2)NC(=O)N1,749774,C10H10N2O2,190.20,0.4,58.2,247,2,2,1
T8585,COc1ccc2nc3c(c(N)c2c1)CCCC3,119053,C14H16N2O,228.29,2.7,48.1,271,1,3,1
T8586,CC(C(=O)O)c1ccc2c(c1)Cc1ccccc1-2,37589,C16H14O2,238.28,3.6,37.3,325,1,2,2
T8587,O=c1c(Cl)c(Cl)cnn1Cc1ccccc1Cl,720233,C11H7Cl3N2O,289.5,3.3,32.7,381,0,2,2
T8588,O=C(NCc1ccccc1)OCCO,20787,C10H13NO3,195.21,0.8,58.6,167,2,3,5
T8589,CC[C@H](N)c1ccc(N(C)C)cc1C,92255289,C12H20N2,192.30,2.2,29.3,168,1,2,3
T8590,NS(=O)(=O)c1ccc(OCc2ccccc2)cc1,19374444,C13H13NO3S,263.31,2.4,77.8,336,1,4,4
T8591,O=c1nc(-c2cccc(O)c2)[nH]c2sc3c(c12)CCCC3,703281,C16H14N2O2S,298.4,3.2,89.9,467,2,4,1
T8592,OCc1sc(N2CCOCC2)nc1-c1ccccc1,16769319,C14H16N2O2S,276.36,1.8,73.8,281,1,5,3
T8593,COc1ccc2[nH]cc(C3=CCNCC3)c2c1,108029,C14H16N2O,228.29,1.8,37.1,303,2,2,2
T8594,CCC(C(=O)NC(N)=O)c1ccccc1,72060,C11H14N2O2,206.24,1.8,72.2,235,2,2,3
T8596,Cn1c(CSc2nc3ccccc3s2)n[nH]c1=S,704306,C11H10N4S3,294.4,3,126,373,1,5,3
T8597,c1ccc(CC2CCN(c3ncnc4sccc34)CC2)cc1,2100018,C18H19N3S,309.4,4.7,57.3,350,0,4,3
T8598,O=c1[nH]c2ccccc2c2cn(-c3ccccc3)nc12,4962866,C16H11N3O,261.28,2.8,46.9,380,1,2,1
T8599,Cl.Cl.NCCc1cc[nH]n1,67412,C5H11Cl2N3,184.06,,54.7,64,4,2,2
T8601,CCc1cc2c(n1Cc1ccccc1)CCCC2=O,11128828,C17H19NO,253.34,3.2,22,321,0,1,3
T8603,CCOC(=O)c1c(N)sc(-c2ccccc2)c1C,674768,C14H15NO2S,261.34,4.1,80.6,292,1,4,4
T8604,O=C(CCCl)NCCc1ccccc1,9376,C11H14ClNO,211.69,2,29.1,167,1,1,5
T8605,c1ccc(-c2noc(CSc3nnc(-c4ccncc4)o3)n2)cc1,17408143,C16H11N5O2S,337.4,2.6,116,393,0,8,5
T8606,CC(=O)N1CCN(c2cc3c(cc2F)c(=O)c(C(=O)O)cn3C2CC2)CC1,3684314,C19H20FN3O4,373.4,1.1,81.2,684,1,7,3
T8607,CCCCNc1nc2ccccc2[nH]1.Cl,121513894,C11H16ClN3,225.72,,40.7,172,3,2,4
T8608,c1ccc(CCNc2nc(-c3ccccc3)cs2)cc1,54339,C17H16N2S,280.4,4.9,53.2,272,1,3,5
T8609,CN1Cc2cc(Br)ccc2NC1=O,2927305,C9H9BrN2O,241.08,1.4,32.3,222,1,1,0
T8611,NS(=O)(=O)c1ccc2c(c1)CCC2,96876,C9H11NO2S,197.26,1.3,68.5,280,1,3,1
T8613,CCn1c(N)cc(=O)[nH]c1=O,853899,C6H9N3O2,155.15,-0.9,75.4,234,2,3,1
T8614,O=C(O)Cc1csc(-c2ccc(Cl)cc2)n1,28858,C11H8ClNO2S,253.71,2.7,78.4,256,1,4,3
T8616,CC(=O)CC(=O)Nc1ccc(Cl)c(C(F)(F)F)c1,879520,C11H9ClF3NO2,279.64,3.7,46.2,333,1,5,3
T8617,Cc1nc(NC(=N)N)nc2ccccc12.Cl,12253739,C10H12ClN5,237.69,,90.2,248,3,3,1
T8618,O=C(O)c1cc(I)c(I)c(I)c1,16857,C7H3I3O2,499.81,3.4,37.3,173,1,2,1
T8619,O=c1nc[nH]c2c(Cl)cccc12,135412869,C8H5ClN2O,180.59,1.3,41.5,229,1,2,0
T8626,O=C(O)c1cc(=O)c2ccccc2[nH]1,3845,C10H7NO3,189.17,1.3,66.4,308,2,4,1
T8630,Cl.NCC(CC(=O)O)c1ccc(Cl)cc1,6602720,C10H13Cl2NO2,250.12,,63.3,191,3,3,4
T8631,CN(C)C(=O)Oc1ccc[n+](C)c1,4991,C9H13N2O2+,181.21,0.7,33.4,182,0,2,2
T8634,Cn1c(=O)c2[nH]c(Br)nc2n(C)c1=O,11808,C7H7BrN4O2,259.06,1,69.3,297,1,3,0
T8635,COc1cc(C=CC(=O)CC(=O)C=Cc2ccc(O)c(OC)c2)ccc1O,2889,C21H20O6,368.4,3.2,93.1,507,2,6,8
T21559,CC(=O)c1cnc2ccc(-c3cc(Cl)c(O)c(Cl)c3)nc2c1N[C@H]1CC[C@H](CN(C)C)CC1.Cl,135565272,C25H29Cl3N4O2,523.9,,78.4,648,3,6,6
T3935,CC(C)(C)n1nc(-c2cccc3ccccc23)c2c(N)ncnc21,4877,C19H19N5,317.4,3.6,69.6,448,1,4,2
T8492,COc1ccc(-c2cc(Nc3ccnc(N4CCOCC4)n3)on2)cc1,146018837,C18H19N5O3,353.4,2.6,85.5,429,1,8,5
T17222,CC(C)(C)S(=O)(=O)N[C@H]1CC[C@H](C(=O)Nc2ccc(C(F)(F)F)cn2)CC1,20629114,C17H24F3N3O3S,407.5,2.6,96.5,618,2,8,5
T8556,Cc1cc(=O)oc2cc(NC(=O)[C@H](CCCNC(=N)N)NC(=O)CNC(=O)CNC(=O)OCc3ccccc3)ccc12.O=C(O)C(F)(F)F,155977507,C30H34F3N7O9,693.6,,254,1120,7,13,14
T8560,CC(=O)O.CC[C@H](C)[C@H](NC(=O)[C@H](Cc1ccc(O)cc1)NC(=O)[C@@H](NC(=O)[C@H](CCCNC(=N)N)NC(=O)[C@@H](N)CC(=O)O)C(C)C)C(=O)N[C@@H](Cc1cnc[nH]1)C(=O)N1CCC[C@H]1C(=O)N[C@@H](Cc1ccccc1)C(=O)O,172197,C52H75N13O14,1106.2,,446,2010,14,17,29
T8547,CCN(CC)C(=O)c1cccc(C(=O)O)c1,155713,C12H15NO3,221.25,0.8,57.6,261,1,3,4
T8549,O=S(=O)(O)CCN1CCN(CCO)CC1,23831,C8H18N2O4S,238.31,-4,89.5,267,2,6,5
T8557,CC(=O)Oc1ccc(C[C@H](N)C(=O)NCC(=O)NCC(=O)N[C@@H](Cc2ccccc2)C(=O)N[C@@H](CC(C)C)C(=O)O)cc1,155977509,C30H39N5O8,597.7,-2.2,206,960,6,9,17
T8559,Cc1cc(=O)oc2cc(NC(=O)[C@H](CCCCN)NC(=O)[C@H](CC3CCCCC3)NC(=O)OCC3c4ccccc4-c4ccccc43)ccc12.O=C(O)C(F)(F)F,16219413,C42H47F3N4O8,792.8,,186,1280,5,12,14
T8644,CC(=O)O.CC(=O)O.CC(=O)O.Cc1cc(O)cc(C)c1C[C@H](NC(=O)[C@H](N)CCCNC(=N)N)C(=O)N[C@@H](CCCCN)C(=O)N[C@@H](Cc1ccccc1)C(N)=O,155977505,C38H61N9O11,819.9,,379,1020,12,14,19
T7571,Cn1cnc2c(ncn2[C@@H]2O[C@H](CO)[C@@H](O)[C@H]2O)c1=N,27476,C11H15N5O4,281.27,-1,127,433,4,7,2
TP1008,CSCC[C@H](NC(=O)[C@H](CC(C)C)NC(=O)CNC(=O)[C@@H](NC(=O)[C@H](Cc1ccccc1)NC(=O)[C@H](CO)NC(=O)[C@H](CC(=O)O)NC(=O)[C@@H](NC(=O)[C@H](CCCCN)NC(=O)[C@@H](N)Cc1cnc[nH]1)[C@@H](C)O)C(C)C)C(N)=O,5311311,C50H80N14O14S,1133.3,-4.8,489,2030,16,18,37
TP1012,CC[C@H](C)[C@H](NC(=O)OCc1ccccc1)C(=O)N[C@@H](CCC(=O)O)C(=O)N1CCC[C@H]1C(=O)N[C@@H](Cc1ccccc1)C(=O)OC,10032234,C34H44N4O9,652.7,3.7,180,1070,4,9,18
TP1031,CSCC[C@H](NC(=O)[C@H](CO)NC(=O)[C@H](Cc1ccc(O)cc1)NC(=O)[C@@H](N)CO)C(=O)N[C@@H](CCC(=O)O)C(=O)N[C@@H](Cc1c[nH]cn1)C(=O)N[C@@H](Cc1ccccc1)C(=O)N[C@@H](CCCNC(=N)N)C(=O)N[C@@H](Cc1c[nH]c2ccccc12)C(=O)NCC(=O)N[C@@H](CCCCN)C(=O)N1CCC[C@H]1C(=O)N[C@H](C(=O)NCC(=O)N[C@@H](CCCCN)C(=O)N[C@@H](CCCCN)C(=O)N[C@@H](CCCNC(=N)N)C(=O)N[C@@H](CCCNC(=N)N)C(=O)N1CCC[C@H]1C(=O)N[C@H](C(=O)N[C@@H](CCCCN)C(=O)N[C@H](C(=O)N[C@@H](Cc1ccc(O)cc1)C(=O)N1CCC[C@H]1C(=O)O)C(C)C)C(C)C)C(C)C,16133802,C136H210N40O31S,2933.4,-7.9,1180,6500,42,41,96
TP1042,CCCCCCCCCCCCCCCC(=O)NCC(=O)N[C@@H](CCC(N)=O)C(=O)N1CCC[C@H]1C(=O)N[C@@H](CCCN=C(N)N)C(=O)O,10078408,C34H62N8O7,694.9,3.6,252,1070,7,8,28
TP1060,CC(=O)O.NCC(=O)N1CCC[C@H]1C(=O)N[C@@H](CCCN=C(N)N)C(=O)N1CCC[C@H]1C(=O)O,118986652,C20H35N7O7,485.5,,235,725,6,9,9
TP1071,CC(C)C[C@H](NC(=O)[C@H](CCCCN)NC(=O)[C@H](CCCNC(=N)N)NC(=O)[C@H](C)NC(=O)[C@H](CO)NC(=O)[C@H](CCCCN)NC(=O)[C@H](CCCNC(=N)N)NC(=O)[C@H](C)NC(=O)CNC(=O)[C@@H](NC(=O)[C@H](Cc1ccccc1)NC(=O)CNC(=O)CNC(=O)[C@@H](N)Cc1ccccc1)[C@@H](C)O)C(=O)N[C@@H](C)C(=O)N[C@@H](CC(N)=O)C(=O)N[C@@H](CCC(N)=O)C(=O)O,16131448,C79H129N27O22,1809.0,-10.2,831,3720,30,27,64
TP1079,N=C(N)NCCC[C@H](NC(=O)[C@H](CCCNC(=N)N)NC(=O)[C@H](CCCNC(=N)N)NC(=O)[C@H](CCCNC(=N)N)NC(=O)[C@H](CCCNC(=N)N)NC(=O)[C@H](CCCNC(=N)N)NC(=O)[C@H](CCCNC(=N)N)NC(=O)[C@H](CCCNC(=N)N)NC(=O)[C@@H](N)CCCNC(=N)N)C(=O)O.O=C(O)C(F)(F)F,145707711,C56H111F3N36O12,1537.7,,913,2930,29,25,53
TP1088,CC(=O)NCCC(=O)NC(Cc1cnc[nH]1)C(=O)O,91814,C11H16N4O4,268.27,-1.5,124,348,4,5,7
TP1092,CC(C)C[C@H](NC(=O)[C@H](CO)NC(=O)CNC(=O)[C@@H](N)Cc1ccc(O)cc1)C(=O)N1CCC[C@H]1C(=O)N[C@@H](CCC(N)=O)C(=O)N[C@@H](CCCCN)C(=O)N[C@@H](CO)C(=O)N[C@@H](CCC(N)=O)C(=O)N[C@@H](CCCNC(=N)N)C(=O)N[C@@H](CO)C(=O)N[C@@H](CCC(N)=O)C(=O)N[C@@H](CC(=O)O)C(=O)N[C@@H](CCC(=O)O)C(=O)N[C@@H](CC(N)=O)C(=O)O,71464368,C71H113N23O28,1736.8,-17,878,3680,29,31,60
TP1095,Cc1cc(O)cc(C)c1C[C@H](NC(=O)[C@H](N)CCCNC(=N)N)C(=O)N[C@@H](CCCCN)C(=O)N[C@@H](Cc1ccccc1)C(N)=O,11764719,C32H49N9O5,639.8,0,267,990,9,8,19
TP1156,NCC(=O)NCC(=O)N1CCC[C@H]1C(=O)O,97051,C9H15N3O4,229.23,-4,113,305,3,5,4
TP1164,CCCC[C@H](NC=O)C(=O)N[C@@H](CC(C)C)C(=O)N[C@@H](Cc1ccccc1)C(=O)N[C@@H](CCCC)C(=O)N[C@@H](Cc1ccc(O)cc1)C(=O)N[C@@H](CCCCN)C(=O)O.O=C(O)C(F)(F)F,138454864,C45H66F3N7O11,938.0,,295,1390,10,15,28
TP1167,N=C(N)NCCC[C@H](NC(=O)OCC1c2ccccc2-c2ccccc21)C(=O)O,2724631,C21H24N4O4,396.4,1.9,140,585,4,5,9
TP1168,CSCC[C@H](NC=O)C(=O)N[C@@H](CC(C)C)C(=O)N[C@@H](Cc1ccccc1)C(=O)N[C@@H](CCCCN)C(=O)O,9894161,C27H43N5O6S,565.7,-0.2,205,778,6,8,19
TP1181,N=C(N)NCCC[C@H](NC(=O)[C@H](Cc1ccccc1)NC(=O)[C@@H]1CCCN1C(=O)[C@H](CO)NC(=O)[C@H](Cc1ccccc1)NC(=O)CNC(=O)[C@@H]1CCCN1C(=O)[C@@H]1CCCN1)C(=O)O,14694060,C44H61N11O10,904.0,-3,320,1700,10,12,22
TP1187,CC[C@H](C)[C@@H]1NC(=O)[C@H](CCCNC(=N)N)NC(=O)[C@H](CC(=O)O)NC(=O)[C@H](CC(C)C)NC(=O)[C@H](CCCCN)NC(=O)[C@H](CC(C)C)NC(=O)CNC(=O)[C@H](Cc2ccccc2)NC(=O)[C@@H](NC(=O)CNC(=O)[C@H](CCCCN)NC(=O)[C@H](CO)NC(=O)[C@H](CC(C)C)NC(=O)CN)CSSC[C@@H](C(=O)O)NC(=O)CNC(=O)[C@H](CC(C)C)NC(=O)CNC(=O)[C@H](CO)NC(=O)[C@H](CCSC)NC(=O)[C@H](CO)NC(=O)CNC1=O,16179407,C93H157N27O28S3,2197.6,-8.7,962,4490,32,35,44
TP1195,CC(C)C[C@H](NC(=O)[C@H](C)NC(=O)[C@H](CCCNC(=N)N)NC(=O)[C@H](CCC(=O)O)NC(=O)[C@H](CC(C)C)NC(=O)[C@H](CCC(N)=O)NC(=O)[C@H](CCC(=O)O)NC(=O)[C@@H]1CCC(=O)N1)C(=O)N[C@@H](CC(N)=O)C(=O)N[C@@H](CO)C(=O)N[C@@H](CO)C(=O)O,91810664,C51H84N16O21,1257.3,-7.7,623,2560,20,22,42
TP1197,CSCC[C@H](NC(=O)[C@H](Cc1ccc(OS(=O)(=O)O)cc1)NC(=O)[C@@H](N)CC(=O)O)C(=O)NCC(=O)N[C@@H](Cc1c[nH]c2ccccc12)C(=O)N[C@@H](CCSC)C(=O)N[C@@H](CC(=O)O)C(=O)N[C@@H](Cc1ccccc1)C(N)=O,9833444,C49H62N10O16S3,1143.3,-2.6,486,2180,13,19,33
TP1204,N=C(N)NCCC[C@@H]1NC(=O)[C@@H](N)CSSC[C@@H](C(=O)O)NC(=O)[C@H](CC(=O)O)NC(=O)[C@@H]2CCCN2C(=O)CNC(=O)[C@H](CCCCN)NC(=O)[C@H](CC(=O)O)NC(=O)CNC1=O,134611625,C35H57N13O14S2,948.0,-11.3,503,1750,14,19,13
TP1212,CC(C)C[C@H](NC(=O)[C@@H](Cc1ccccc1)NC(=O)OC(C)(C)C)C(=O)N[C@H](Cc1ccccc1)C(=O)N[C@@H](CC(C)C)C(=O)N[C@@H](Cc1ccccc1)C(=O)O,21121660,C44H59N5O8,786.0,6.6,192,1300,6,8,22
TP1240,CC(C)C[C@H](NC(=O)[C@@H]1CCCN1C(=O)[C@H](Cc1ccccc1)NC(=O)[C@H](C)NC(=O)[C@H](CCC(=O)O)NC(=O)[C@H](C)NC(=O)[C@H](CO)NC(=O)[C@H](CCC(=O)O)NC(=O)[C@H](CC(=O)O)NC(=O)[C@H](CCC(=O)O)NC(=O)[C@H](C)NC(=O)CNC(=O)[C@H](CC(N)=O)NC(=O)[C@@H]1CCCN1C(=O)[C@H](Cc1ccc(O)cc1)NC(=O)[C@@H](NC(=O)[C@H](CCCCN)NC(=O)[C@@H](NC(=O)[C@@H]1CCCN1C(=O)[C@@H](N)CCCNC(=N)N)C(C)C)C(C)C)C(=O)N[C@@H](CCC(=O)O)C(=O)N[C@@H](Cc1ccccc1)C(=O)O.O=C(O)C(F)(F)F,155977634,C114H166F3N27O38,2579.7,,1040,5730,33,44,76
TP1253,C=C(N[C@@H](CCC(=O)O)C(=O)N[C@@H](CCSC)C(=O)N[C@@H](CCC(N)=O)C(=O)N[C@@H](CCCNC(=N)N)C(=O)N[C@@H](CCCNC(=N)N)C(N)=O)[C@H](CCC(=O)O)NC(C)=O,71587772,C35H62N14O11S,887.0,-5.2,472,1610,14,15,33
TP1264,CC(C)C[C@@H](NC(=O)[C@@H]1CCCN1C(=O)OCc1ccccc1)C(=O)O,173815,C19H26N2O5,362.4,1.8,95.9,502,2,5,8
TP1273,NCCCC[C@H](NC(=O)[C@H](CC(=O)O)NC(=O)[C@H](CC(=O)O)NC(=O)[C@H](CC(=O)O)NC(=O)[C@H](CC(=O)O)NC(=O)[C@H](CCCCN)NC(=O)[C@H](Cc1ccc(O)cc1)NC(=O)[C@@H](N)CC(=O)O)C(=O)O,9854670,C41H60N10O20,1013.0,-12.9,526,1910,17,23,35
TP1276,CC(C)[C@H](NC(=O)[C@H](CC(=O)O)NC(=O)[C@H](Cc1ccc(O)cc1)NC(=O)[C@@H]1CCCN1C(=O)[C@@H](N)Cc1ccc(O)cc1)C(=O)N1CCC[C@H]1C(=O)N[C@@H](CC(=O)O)C(=O)N[C@@H](Cc1ccc(O)cc1)C(=O)N[C@@H](C)C(=O)O,10235423,C53H67N9O17,1102.1,-1.5,414,2180,13,18,26
TP1280,N[C@@H](Cc1cnc[nH]1)C(=O)N[C@@H](Cc1cnc[nH]1)C(=O)N[C@@H](Cc1cnc[nH]1)C(=O)N[C@@H](Cc1cnc[nH]1)C(=O)N[C@@H](Cc1cnc[nH]1)C(=O)N[C@@H](Cc1cnc[nH]1)C(=O)O,10123561,C36H44N18O7,840.9,-5.7,381,1500,13,14,23
TP1286,CC(C)C[C@H](NC(=O)[C@H](CC(N)=O)NC(=O)[C@H](CC(C)C)NC(=O)[C@H](CC(N)=O)NC(=O)[C@H](C)NC(=O)CNC(=O)[C@H](CO)NC(=O)[C@H](CC(C)C)NC(=O)[C@@H](N)Cc1ccc(O)cc1)C(=O)O,10306739,C43H69N11O14,964.1,-4.3,423,1770,14,15,30
TP1288,CCNC(=O)[C@@H]1CCCN1C(=O)[C@H](CCCN=C(N)N)NC(=O)[C@H](CC(C)C)NC(=O)CNC(=O)[C@H](Cc1ccc(O)cc1)NC(=O)[C@H](CO)NC(=O)[C@H](Cc1c[nH]c2ccccc12)NC(=O)[C@H](Cc1cnc[nH]1)NC(=O)[C@@H]1CCC(=O)N1,188304,C55H76N16O12,1153.3,-1,432,2280,15,14,30
TP1291,CC(N)C(=O)NC(CCC(=O)O)C(=O)NC(CC(=O)O)C(=O)NCC(=O)O.O=C(O)C(F)(F)F,155977637,C16H23F3N4O11,504.37,,263,691,8,15,12
TP1295,CC[C@H](C)[C@H](NC(=O)[C@H](Cc1ccc(O)cc1)NC(=O)[C@@H](NC(=O)[C@H](CCCNC(=N)N)NC(=O)[C@@H](N)CC(=O)O)C(C)C)C(=O)N[C@@H](Cc1c[nH]cn1)C(=O)N1CCC[C@H]1C(=O)N[C@@H](Cc1ccccc1)C(=O)N[C@@H](Cc1c[nH]cn1)C(=O)N[C@@H](CC(C)C)C(=O)O,3081372,C62H89N17O14,1296.5,-1.1,496,2550,16,18,37
TP1299,CC[C@H](C)[C@H](NC(=O)CN)C(=O)NCC(=O)N[C@@H](C)C(=O)N[C@H](C(=O)N[C@@H](CC(C)C)C(=O)N[C@@H](CCCCN)C(=O)N[C@H](C(=O)N[C@@H](CC(C)C)C(=O)N[C@H](C(=O)N[C@H](C(=O)NCC(=O)N[C@@H](CC(C)C)C(=O)N1CCC[C@H]1C(=O)N[C@@H](C)C(=O)N[C@@H](CC(C)C)C(=O)N[C@H](C(=O)N[C@@H](CO)C(=O)N[C@@H](Cc1c[nH]c2ccccc12)C(=O)N[C@H](C(=O)N[C@@H](CCCCN)C(=O)N[C@@H](CCCNC(=N)N)C(=O)N[C@@H](CCCCN)C(=O)N[C@@H](CCCNC(=N)N)C(=O)N[C@@H](CCC(N)=O)C(=O)N[C@@H](CCC(N)=O)C(N)=O)[C@@H](C)CC)[C@@H](C)CC)[C@@H](C)O)[C@@H](C)O)C(C)C)C(C)C,16133648,C131H229N39O31,2846.5,-2.7,1150,6300,41,37,99
TP1305,CC(C)C[C@H](NC(=O)CNC(=O)[C@H](CO)NC(=O)[C@@H](NC(=O)[C@H](CCC(N)=O)NC(=O)[C@@H]1CCCN1C(=O)[C@H](CC(C)C)NC(=O)[C@H](CO)NC(=O)[C@H](CS)NC(=O)[C@@H](N)CO)[C@@H](C)O)C(=O)N[C@@H](CCC(N)=O)C(=O)N[C@@H](CCCCN)C(=O)N1CCC[C@H]1C(=O)N[C@@H](CCC(=O)O)C(=O)N[C@@H](CO)C(N)=O,90471193,C64H109N19O24S,1560.7,-12.3,711,3150,24,27,50
TP1310,CC[C@H](C)[C@H](NC(=O)[C@H](Cc1ccc(O)cc1)NC(=O)[C@@H]1CCCN1C(=O)[C@H](CCCNC(=N)N)NC(=O)[C@H](CCCNC(=N)N)NC(=O)[C@@H]1CCCN1C(=O)[C@H](CCCCN)NC(=O)[C@H](CC(N)=O)NC(=O)[C@H](CCC(=O)O)NC(=O)[C@H](Cc1ccc(O)cc1)NC(=O)[C@H](CC(C)C)NC(=O)[C@@H]1CCC(=O)N1)C(=O)N[C@@H](CC(C)C)C(=O)O,25077406,C78H121N21O20,1672.9,-3.7,674,3530,21,23,50
TP1315,CC[C@H](C)[C@H](NC(=O)[C@H](CC(C)C)NC(=O)[C@H](CCCCN)NC(=O)[C@H](CCC(N)=O)NC(=O)[C@@H](N)CCC(=O)O)C(=O)N[C@@H](CO)C(=O)N[C@@H](CCC(=O)O)C(=O)N[C@@H](CCC(=O)O)C(=O)N[C@@H](CC(=O)O)C(=O)N[C@@H](CC(C)C)C(=O)O.O=C(O)C(F)(F)F,133053573,C53H87F3N12O23,1317.3,,601,2390,19,28,44
TP1319,CC[C@H](C)[C@H](N)C(=O)N[C@@H](CC(C)C)C(=O)N1CCC[C@H]1C(=O)N[C@@H](Cc1c[nH]c2ccccc12)C(=O)N[C@@H](CCCCN)C(=O)N[C@@H](Cc1c[nH]c2ccccc12)C(=O)N1CCC[C@H]1C(=O)N[C@@H](Cc1c[nH]c2ccccc12)C(=O)N[C@@H](Cc1c[nH]c2ccccc12)C(=O)N1CCC[C@H]1C(=O)N[C@@H](Cc1c[nH]c2ccccc12)C(=O)N[C@@H](CCCNC(=N)N)C(=O)N[C@@H](CCCNC(=N)N)C(N)=O,16129733,C100H132N26O13,1906.3,5.8,621,4190,23,17,50
TP1324,CCCC[C@H](NC(C)=O)C(=O)N[C@H]1CC(=O)NCCCC[C@@H](C(N)=O)NC(=O)[C@H](Cc2c[nH]c3ccccc23)NC(=O)[C@H](CCCNC(=N)N)NC(=O)[C@@H](Cc2ccccc2)NC(=O)[C@H](Cc2cnc[nH]2)NC1=O,92432,C50H69N15O9,1024.2,0,385,1950,13,11,17
TP1328,CC(=O)N[C@@H](CC(C)C)C(=O)N[C@@H](CCCCN)C(=O)N[C@@H](CCCCN)C(=O)N[C@H](C(=O)N[C@@H](CCC(=O)O)C(=O)N[C@H](C(=O)N[C@@H](CCC(N)=O)C(=O)O)[C@@H](C)O)[C@@H](C)O,62707662,C38H68N10O14,889.0,-8.6,414,1530,14,16,32
TP1330,C[C@@H]1NC(=O)[C@H](CCCNC(=N)N)NC(=O)[C@H](CCCCN)NC(=O)[C@@H](Cc2ccccc2)NC(=O)[C@H](CC(=O)O)NC1=O,45107783,C28H43N9O7,617.7,-4.3,273,1040,9,9,12
TP1333,CC[C@H](C)[C@H](NC(=O)[C@@H](NC(=O)[C@H](Cc1ccccc1)NC(=O)[C@@H](NC(=O)[C@@H](NC(=O)[C@H](CCCCN)NC(=O)[C@H](CCC(=O)O)NC(=O)[C@@H](NC(=O)[C@@H]1CCCN1C(=O)[C@H](CCCNC(=N)N)NC(=O)[C@@H](N)CO)[C@@H](C)O)[C@@H](C)O)[C@@H](C)CC)[C@@H](C)CC)C(=O)O,9920128,C60H101N15O17,1304.5,-6.2,534,2480,18,20,42
TP1367,CC(C)C[C@H](NC(=O)[C@H](Cc1ccccc1)NC(=O)CNC(=O)[C@@H](C)NC(=O)[C@@H](N)Cc1ccc(O)cc1)C(=O)O,10099522,C29H39N5O7,569.6,-1.9,200,885,7,8,15
TP1399,CC(C)C[C@@H](C(=O)O)N(C)C(=O)OCC1c2ccccc2-c2ccccc21,7015835,C22H25NO4,367.4,4.6,66.8,512,1,4,7
TP1422,CC(C)C[C@H](NC(=O)[C@H](CO)NC(=O)[C@@H](N)[C@@H](C)O)C(=O)N1CCC[C@H]1C(=O)N[C@H](C(=O)N[C@@H](CCC(N)=O)C(=O)N[C@@H](CC(=O)O)C(=O)N[C@@H](CO)C(=O)N[C@@H](CO)C(=O)N[C@@H](CO)C(=O)N[C@H](C(=O)N1CCC[C@H]1C(=O)O)C(C)C)C(C)C,155977644,C51H85N13O21,1216.3,-8.8,547,2410,18,22,35
TP1430,CC(=O)N[C@H](Cc1ccc(O)cc1)C(=O)N[C@H](CCCNC(=N)N)C(=O)N[C@H](Cc1ccccc1)C(N)=O.O=C(O)C(F)(F)F,139600260,C28H36F3N7O7,639.6,,252,902,8,11,14
TP1433,N=C(N)NCCC[C@H](N)C(=O)N[C@@H](Cc1ccccc1)C(=O)N[C@@H](CCCCN)C(=O)N[C@@H](Cc1ccccc1)C(=O)N[C@@H](Cc1ccc(O)cc1)C(=O)OCc1ccccc1.O=C(O)C(F)(F)F,155977647,C48H60F3N9O9,964.0,,317,1470,10,15,26
TP1437,C[C@@H](C(=O)O)N(C)C(=O)OCC1c2ccccc2-c2ccccc21,688634,C19H19NO4,325.4,3.2,66.8,458,1,4,5
TP1442,CSCC[C@H](NC(=O)[C@H](Cc1ccccc1)NC(=O)[C@H](Cc1cnc[nH]1)NC(=O)CNC(=O)[C@@H](NC(=O)[C@H](C)NC(=O)[C@H](Cc1c[nH]c2ccccc12)NC(=O)[C@H](CC(C)C)NC(=O)[C@H](CC(N)=O)NC(=O)CN)[C@@H](C)O)C(N)=O,6324606,C52H73N15O12S,1132.3,-1.6,464,2140,15,15,33
TP1444,CC[C@H](C)[C@H](NC(=O)CN)C(=O)NCC(=O)N[C@@H](CCCCN)C(=O)N[C@@H](Cc1ccccc1)C(=O)N[C@@H](CC(C)C)C(=O)N[C@@H](Cc1cnc[nH]1)C(=O)N[C@@H](CO)C(=O)N[C@@H](C)C(=O)N[C@@H](CCCCN)C(=O)N[C@@H](CCCCN)C(=O)N[C@@H](Cc1ccccc1)C(=O)NCC(=O)N[C@@H](CCCCN)C(=O)N[C@@H](C)C(=O)N[C@@H](Cc1ccccc1)C(=O)N[C@H](C(=O)NCC(=O)N[C@@H](CCC(=O)O)C(=O)N[C@H](C(=O)N[C@@H](CCSC)C(=O)N[C@@H](CC(N)=O)C(=O)N[C@@H](CO)C(=O)O)[C@@H](C)CC)C(C)C,16130189,C114H180N30O29S,2466.9,-7.4,982,5180,33,36,86
TP1453,CC[C@H](C)[C@H](NC(=O)[C@H](CCC(N)=O)NC(=O)[C@@H](NC(C)=O)C(C)C)C(=O)N[C@H](C(=O)N[C@@H](CC(N)=O)C(=O)N[C@@H](CCCCN)C(N)=O)[C@@H](C)CC.O=C(O)C(F)(F)F,138454865,C36H63F3N10O11,868.9,,367,1380,11,15,26
TP1472,CC(C)C[C@H](NC(=O)[C@H](CO)NC(=O)[C@@H](N)Cc1ccc(O)cc1)C(=O)O,10045387,C18H27N3O6,381.4,-3.1,162,505,6,7,10
TP1474,CC(C)[C@H]1NC(=O)[C@@H](CC(=O)O)NC(=O)[C@H](CC(=O)O)NC(=O)CNC(=O)[C@H](CCCNC(=N)N)NC(=O)CNC(=O)[C@H](N)CSSC[C@H](C(N)=O)NC1=O,89667563,C29H48N12O12S2,820.9,-8.5,462,1480,13,16,10
TP1528,CC[C@H](C)[C@H](NC(=O)[C@H](Cc1ccc(O)cc1)NC(=O)[C@@H](NC(=O)[C@H](CCCN=C(N)N)NC(=O)[C@@H](N)CC(=O)O)C(C)C)C(=O)O,9874518,C30H48N8O9,664.8,-4.7,302,1110,10,11,20
TP1572,CSCC[C@H](NC(=O)[C@H](CC(C)C)N(C)C(=O)[C@@H]1CCCN1C(=O)[C@H](Cc1ccccc1)NC(=O)[C@H](Cc1ccccc1)NC(=O)CCCCN)C(N)=O,119599,C40H59N7O6S,766.0,3.2,222,1230,5,8,22
TP1579,CC[C@H](C)[C@H](NC(=O)[C@H](Cc1ccc(O)cc1)NC(=O)[C@@H](NC(=O)[C@H](CCCNC(=N)N)NC(=O)[C@@H](N)CC(=O)O)C(C)C)C(=O)N[C@@H](Cc1cnc[nH]1)C(=O)O,9832262,C36H55N11O10,801.9,-3,359,1400,12,13,24
TP1622,CC(=O)NCC(=O)N[C@@H](CC(=O)O)C(=O)N[C@@H](Cc1ccc(O)cc1)C(=O)N[C@@H](CO)C(=O)N[C@@H](Cc1c[nH]cn1)C(=O)N[C@@H](CS)C(=O)N[C@@H](CO)C(=O)N1CCC[C@H]1C(=O)N[C@@H](CC(C)C)C(=O)N[C@@H](CCCNC(=N)N)C(=O)N[C@@H](Cc1ccc(O)cc1)C(=O)N1CCC[C@H]1C(=O)N[C@@H](Cc1c[nH]c2ccccc12)C(=O)N[C@@H](CCCCN)C(=O)N[C@@H](CS)C(=O)N[C@H](C(=O)N[C@@H](Cc1ccc(O)cc1)C(=O)N1CCC[C@H]1C(=O)N[C@@H](CC(=O)O)C(=O)N1CCC[C@H]1C(=O)N[C@@H](CCC(=O)O)C(=O)NCC(=O)NCC(=O)NCC(N)=O)[C@@H](C)O.O=C(O)C(F)(F)F,155977651,C123H169F3N32O39S2,2841.0,,1110,6360,39,47,77
TP1809,N=C(N)NCCC[C@H](NC(=O)[C@H](CCCNC(=N)N)NC(=O)[C@H](CCCNC(=N)N)NC(=O)[C@H](CCC(N)=O)NC(=O)[C@H](CCCNC(=N)N)NC(=O)[C@H](CCCNC(=N)N)NC(=O)[C@H](CCCCN)NC(=O)[C@H](CCCCN)NC(=O)[C@H](CCCNC(=N)N)NC(=O)CNC(=O)[C@@H](N)Cc1ccc(O)cc1)C(=O)O,25080835,C64H118N32O14,1559.8,-13.5,856,3090,28,23,58
TP1832,CC[C@H](C)[C@H](NC(=O)[C@@H]1CCCN1C(=O)[C@@H](N)Cc1ccc(O)cc1)C(=O)N[C@@H](CO)C(=O)N[C@@H](CC(C)C)C(=O)O,25221466,C29H45N5O8,591.7,-1.2,211,939,7,9,15
TP1856,CC[C@H](C)[C@H](NC(=O)[C@H](CCC(=O)O)NC(=O)CNC(=O)[C@@H](NC(=O)[C@H](CC(C)C)NC(=O)[C@H](CC(C)C)NC(=O)[C@H](CC(C)C)NC(=O)[C@H](CC(C)C)NC(=O)[C@H](CCCNC(=N)N)NC(=O)[C@H](CO)NC(=O)[C@H](C)NC(=O)CNC(=O)[C@H](C)NC(=O)[C@@H]1CCCN1C(=O)[C@H](C)NC(=O)[C@@H]1CCCN1C(=O)[C@@H](NC(=O)[C@H](CO)NC(=O)[C@H](CCCNC(=N)N)NC(=O)[C@H](CC(C)C)NC(=O)[C@H](CC(C)C)NC(=O)[C@H](C)NC(=O)[C@@H](N)CO)[C@@H](C)CC)[C@@H](C)O)C(=O)N[C@@H](CC(=O)O)C(=O)N[C@@H](CC(C)C)C(=O)N1CCC[C@H]1C(=O)O,90477169,C119H206N32O35,2645.1,-4.1,1040,5960,36,38,85
TP1868,CC(C)C[C@H](NC(=O)[C@H](Cc1ccc(O)cc1)NC(=O)[C@@H](N)CCCNC(=N)N)C(=O)N1CCC[C@H]1C(=O)N[C@H](C(=O)O)[C@@H](C)O,123786,C30H48N8O8,648.8,-4.5,276,1080,9,10,17
TP1883,CCCC[C@H](NC(=O)[C@H](CC(C)C)N(C)C(=O)CNC(=O)[C@@H](NC(=O)[C@H](Cc1ccccc1)NC(=O)[C@H](CCCCN)NC(=O)[C@@H](N)CC(=O)O)C(C)C)C(N)=O,10417908,C39H65N9O9,804.0,-1.2,298,1340,9,11,27
TP1996,CSCC[C@@H]1NC(=O)[C@@H](NC(=O)[C@H](CCCNC(=N)N)NC(=O)[C@H](CC(C)C)NC(=O)[C@H](CCSC)NC(=O)[C@H](CC(=O)O)NC(=O)[C@H](Cc2ccccc2)NC(=O)[C@@H](N)CC(=O)O)CSSC[C@@H](C(=O)N[C@@H](Cc2c[nH]c3ccccc23)C(=O)N[C@@H](CCC(N)=O)C(=O)N[C@H](C(=O)O)C(C)C)NC(=O)[C@@H]2CCCN2C(=O)[C@H](CCCNC(=N)N)NC(=O)[C@H](Cc2ccc(O)cc2)NC(=O)[C@H](C(C)C)NC(=O)[C@H](CCCNC(=N)N)NC(=O)CNC(=O)[C@H](CC(C)C)NC1=O,24868207,C105H160N30O26S4,2386.8,-2.9,1020,5130,33,34,59
TP1889,CC(=O)N[C@H](Cc1ccc2ccccc2c1)C(=O)N[C@@H](CCCNC(=N)N)C(=O)N[C@@H](Cc1ccc2ccccc2c1)C(N)=O,10145571,C34H39N7O4,609.7,2.9,195,1050,6,5,14
TP1898,CCCC[C@@H]1NC(=O)[C@@H](NC(C)=O)CSSC[C@@H](C(N)=O)NC(=O)CNC(=O)[C@H](Cc2c[nH]c3ccccc23)NC(=O)[C@H](CCCNC(=N)N)NC(=O)[C@@H](Cc2ccc3ccccc3c2)NC(=O)[C@H](Cc2c[nH]cn2)NC(=O)[C@H](CCCNC(=N)N)NC1=O,25081552,C58H79N19O10S2,1266.5,-0.5,529,2470,16,15,19
TP1905,CC(C)C[C@@H](NC(=O)[C@H](Cc1ccccc1)NC(=O)CNC(=O)[C@@H](C)NC(=O)[C@@H](N)Cc1ccc(O)cc1)C(=O)O,6917707,C29H39N5O7,569.6,-1.9,200,885,7,8,15
TP1915,CSCC[C@H](NC(=O)OC(C)(C)C)C(=O)N[C@@H](CC(C)C)C(=O)N[C@@H](Cc1ccccc1)C(=O)O,14655143,C25H39N3O6S,509.7,2.9,159,704,4,7,15
T17909,Cc1ncsc1-c1ccc(CNC(=O)[C@@H]2C[C@@H](O)CN2C(=O)[C@@H](NC(=O)COCCOCCOCCN=[N+]=[N-])C(C)(C)C)cc1,122539916,C30H43N7O7S,645.8,2.8,182,1000,3,11,18
T14151,O=C(O)c1cc(-c2ccccc2)cc(Br)c1O,268734,C13H9BrO3,293.11,4,57.5,276,2,3,2
T10384,COc1cccc(-c2cc(F)c(Nc3ncccc3C(=O)O)c(F)c2)c1,24986824,C19H14F2N2O3,356.3,4.6,71.5,470,2,7,5
T14901,Cn1ncc2cc(-c3cnc(N)c(Cl)c3N3CCC4(CCNC4=O)CC3)ccc21,74222277,C21H23ClN6O,410.9,2.3,89.1,626,2,5,2
T13063,C[C@H](NC(=O)N1CCN(S(=O)(=O)c2cccc(Br)c2)CC1)c1cccs1,25648555,C17H20BrN3O3S2,458.4,2.5,106,591,1,5,4
T13072,CC(=O)O.CN1C(=O)C[C@@H](C(=O)N[C@@H](Cc2cnc[nH]2)C(=O)N2CCC[C@H]2C(N)=O)NC1=O,86346477,C19H27N7O7,465.5,,208,745,5,8,6
T13231,N[C@@H]1[C@H]2CN(c3nc4c(cc3F)c(=O)c(C(=O)O)cn4-c3ccc(F)cc3F)C[C@@H]12,62959,C20H15F3N4O3,416.4,0.3,99.8,770,2,10,3
T15611,CC(C)CC(=O)c1c(Nc2ccc(Cl)cc2Cl)[nH]c2c(Cl)ccc([N+](=O)[O-])c2c1=O,70691604,C20H16Cl3N3O4,468.7,6.7,104,739,2,6,5
T18971,O=C1c2ncccc2-c2cccnc21,725961,C11H6N2O,182.18,1.6,42.9,230,0,3,0
T11829,NS(=O)(=O)c1ccc(Cc2c(-c3cccc(-c4ccccc4)c3)nn(-c3nc(C(=O)O)cs3)c2CC2CC2)cc1,131955127,C30H26N4O4S2,570.7,6.3,165,975,2,8,9
T11850,CCOc1cccc2c1N[C@@H](c1ccc(C(=O)O)cc1)[C@H]1CC=C[C@@H]21,6541811,C21H21NO3,335.4,4.2,58.6,511,2,4,4
T8645,O=C(c1ccc(-n2nnc3cccnc32)cc1)N(c1ncccc1Cl)[C@@H]1CCCNC1,86271238,C22H20ClN7O,433.9,3.1,88.8,617,1,6,4
T8646,NC(=O)c1cccc(-c2cc(OC(=O)NC3CCCCC3)ccc2O)c1,53394762,C20H22N2O4,354.4,3.5,102,492,3,4,5
T8642,CC(C)C(C(=O)Nc1nccs1)c1ccc(Cl)cc1,4307629,C14H15ClN2OS,294.8,4.1,70.2,306,1,3,4
T8656,CS(=O)(=O)c1ccc(-c2noc(C(F)(F)F)c2-c2ccccc2)cc1,10429020,C17H12F3NO3S,367.3,3.8,68.6,546,0,7,3
T8655,O=C(Nc1cc(F)c(F)cc1C(=O)[O-])c1ccc(-n2ccnc2)nn1.[Li+],139434658,C15H8F2LiN5O3,351.2,,113,518,1,8,4
T22016,CN1CC2CN(c3ccc(-c4ccccc4)nn3)CC2C1.Cl.Cl,67162119,C17H22Cl2N4,353.3,,32.3,341,2,4,2
T8652,COc1cccc2cc(C(=O)Nc3cccc(-c4cn5ccccc5n4)c3)c(=O)oc12,43816622,C24H17N3O4,411.4,4.4,81.9,726,1,5,4
T19892,O=C(N[C@@H](CSSC[C@H](NC(=O)OCc1ccccc1)C(=O)O)C(=O)O)OCc1ccccc1,385972,C22H24N2O8S2,508.6,2.6,202,613,4,10,15
T19898,COc1ccc(O[C@@H]2O[C@H](CO)[C@@H](O)[C@H](O)[C@H]2O)cc1,80131,C13H18O7,286.28,-0.7,109,292,4,7,4
T8663,CC(C)NCC(O)c1ccc([N+](=O)[O-])cc1.Cl,6316,C11H17ClN2O3,260.72,,78.1,220,3,4,4
T8662,Cl.O=S(=O)(NCCN1CCNCC1)c1ccc(NC2CCCCC2)c(NCc2ccccc2)c1,137701964,C25H38ClN5O2S,508.1,,93.9,652,5,7,10
T8658,Cc1cc(-c2ccc3nc(C4CCOCC4)n(CCOC(F)(F)F)c3c2)cn(C)c1=O,126582741,C22H24F3N3O3,435.4,2.9,56.6,733,0,7,5
T8659,Cc1ccc(-n2cc3c(C)nn(CCCC(=O)NCCc4ccc(F)cc4)c(=O)c3n2)cc1,118583099,C25H26FN5O2,447.5,3.5,79.6,716,1,5,8
T19935,CCc1c(C(=O)Nc2cc(S(=O)(=O)N(CC)CC)ccc2O)[nH]c(C)c1C(C)=O,52670832,C20H27N3O5S,421.5,2.3,128,689,3,6,8
T19925,O=c1c(Cl)c(Cl)cnn1Cc1ccccc1,722438,C11H8Cl2N2O,255.10,2.6,32.7,346,0,2,2
T19916,FC(F)(F)c1ccccc1-n1ccnc1,1359,C10H7F3N2,212.17,2.6,17.8,217,0,4,1
T8679,CC[C@H](C)[C@H](NC(=O)[C@H](Cc1ccc(O)cc1)NC(=O)CNC(=O)[C@@H](NC(=O)[C@@H](NC(=O)[C@H](CS)NC(=O)[C@H](CC(N)=O)NC(=O)[C@H](CS)NC(=O)[C@H](C)NC(=O)[C@H](Cc1ccc(O)cc1)NC(=O)[C@H](CCCCN)NC(=O)[C@H](CC(=O)O)NC(=O)[C@H](CC(C)C)NC(=O)[C@H](C)NC(=O)[C@H](CCC(=O)O)NC(=O)[C@@H](NC(=O)[C@H](Cc1ccc(O)cc1)NC(=O)[C@H](CCSC)NC(=O)[C@H](CS)NC(=O)[C@@H](NC(=O)CNC(=O)[C@H](CC(=O)O)NC(=O)[C@H](Cc1cnc[nH]1)NC(=O)[C@H](CC(C)C)NC(=O)[C@H](CS)NC(=O)[C@H](Cc1ccc(O)cc1)NC(=O)CNC(=O)[C@H](CC(=O)O)NC(=O)[C@H](Cc1cnc[nH]1)NC(=O)[C@H](CO)NC(=O)[C@H](CC(C)C)NC(=O)[C@@H]1CCCN1C(=O)[C@H](CS)NC(=O)[C@H](CCC(=O)O)NC(=O)[C@H](CO)NC(=O)[C@H](CC(=O)O)NC(=O)[C@H](CO)NC(=O)[C@@H](N)CC(N)=O)C(C)C)[C@@H](C)CC)C(C)C)C(C)C)C(=O)NCC(=O)N[C@@H](CCC(=O)O)C(=O)N[C@@H](CCCNC(=N)N)C(=O)N[C@@H](CS)C(=O)N[C@@H](CCC(N)=O)C(=O)N[C@@H](Cc1ccc(O)cc1)C(=O)N[C@@H](CCCNC(=N)N)C(=O)N[C@@H](CC(=O)O)C(=O)N[C@@H](CC(C)C)C(=O)N[C@@H](CCCCN)C(=O)N[C@@H](Cc1c[nH]c2ccccc12)C(=O)N[C@@H](Cc1c[nH]c2ccccc12)C(=O)N[C@@H](CCC(=O)O)C(=O)N[C@@H](CC(C)C)C(=O)N[C@@H](CCCNC(=N)N)C(=O)O,16143379,C270H401N73O83S7,6222,-17.3,2550,15800,94,98,203
T8678,O=C1C=CC(=O)c2c(O)ccc(O)c21,10141,C10H6O4,190.15,1.8,74.6,277,2,4,0
T8676,CS(=O)(=O)O.N=C(N)Nc1ccc(C(=O)Oc2ccc(CC(=O)O)cc2)cc1,130394,C17H19N3O7S,409.4,,191,539,4,8,6
T8677,O=c1oc(Cl)c(Cl)c2ccccc12,1609,C9H4Cl2O2,215.03,3.1,26.3,273,0,2,0
T8668,COc1ccc2nc3cc(Cl)ccc3c(Nc3ccc(O)c(CN4CCN(C)CC4)c3)c2c1,421105,C26H27ClN4O2,463.0,5,60.9,633,2,6,5
T19900,O=C1c2c(O)ccc([N+](=O)[O-])c2C(=O)c2c([N+](=O)[O-])ccc(O)c21,3378440,C14H6N2O8,330.21,2.4,166,549,2,8,0
T8674,COc1ccc(CCN(C)CCCOc2ccc(S(=O)(=O)c3c(C(C)C)n(C)c4ccccc34)cc2)cc1OC,129426,C32H40N2O5S,564.7,6.2,78.4,856,0,6,13
T19836,Nc1ncc2[nH]cnc2n1,9955,C5H5N5,135.13,-0.2,80.5,127,2,4,0
T20470,O=C(O)CN(CCN(CC(=O)O)CC(=O)O)CC(=O)O,6049,C10H16N2O8,292.24,-5.9,156,315,4,10,11
T23515,O=C(Nc1cc(-c2ccccc2)nn1-c1ccccc1)c1ccc([N+](=O)[O-])cc1,11610682,C22H16N4O3,384.4,4.6,92.7,561,1,4,4
T8682,Cc1cc(C[C@@H](NC(=O)N2CCC(c3cc4ccccc4[nH]c3=O)CC2)C(=O)N2CCN(C3CCN(C)CC3)CC2)cc2cn[nH]c12.Cl,134819878,C36H47ClN8O3,675.3,,117,1160,4,6,6
T8686,CC1CCN(c2ccc(NC(=O)c3ccc(CN4CCOCC4)cc3)cc2C(F)(F)F)CC1,154729054,C25H30F3N3O2,461.5,4.5,44.8,625,1,7,5
T8687,O=C(O)CN(CC(=O)O)CC(O)CN(CC(=O)O)CC(=O)O,18465,C11H18N2O9,322.27,-6.5,176,356,5,11,12
T8688,CC(C)(C)c1ccc(N(C(=O)c2cnc[nH]2)C(C(=O)NC2CCCCC2)c2cccnc2)cc1,132058207,C27H33N5O2,459.6,4.9,91,679,2,4,7
TP1325L,CSCC[C@H](NC(=O)[C@H](CC(C)C)NC(=O)[C@H](Cc1c[nH]cn1)NC(=O)CNC(=O)[C@@H](NC(=O)[C@H](C)NC(=O)[C@H](Cc1c[nH]c2ccccc12)NC(=O)[C@H](Cc1c[nH]cn1)NC(=O)[C@H](CC(N)=O)NC(=O)CNC(=O)[C@H](CCCNC(=N)N)NC(=O)[C@@H]1CCCN1C(=O)[C@H](Cc1ccc(O)cc1)NC(=O)[C@H](CCSC)NC(=O)[C@H](CCCCN)NC(=O)[C@@H](NC(=O)[C@H](CC(C)C)NC(=O)[C@@H](NC(=O)[C@@H](NC(=O)CNC(=O)CNC(=O)CNC(=O)[C@H](C)NC(=O)[C@@H]1CCCN1C(=O)[C@H](CC(C)C)NC(=O)[C@@H]1CCCN1C(=O)[C@@H](N)C(C)C)[C@@H](C)O)C(C)C)[C@@H](C)O)C(C)C)C(N)=O.O=C(O)C(F)(F)F,155977510,C132H205F3N38O33S2,2973.4,,1150,6550,37,43,86
T8238,CC(C)CN(C[C@@H](OP(=O)([O-])[O-])[C@H](Cc1ccccc1)NC(=O)O[C@H]1CCOC1)S(=O)(=O)c1ccc(N)cc1.[Ca+2],131535,C25H34CaN3O9PS,623.7,,192,901,2,11,13
T5355,CCCCC1=NC2(CCCC2)C(=O)N1Cc1ccc(-c2ccccc2S(=O)(=O)Nc2noc(C)c2C)c(COCC)c1,10257882,C32H40N4O5S,592.8,5,122,1060,1,8,12
TQ0063,C[C@@H]1CN2c3c(cc4c(N5C(=O)OC[C@@H]5C)noc4c3F)CC3(C(=O)NC(=O)NC3=O)[C@H]2[C@H](C)O1,76685216,C22H22FN5O7,487.4,1.3,143,962,2,10,1
TQ0074,O=C(NO)c1cnc(NC2(c3cccc(F)c3)CCCCC2)nc1,57382288,C17H19FN4O2,330.36,2.5,87.1,423,3,6,4
TQ0088,CC[C@@]1(O)C(=O)OCc2c1cc1n(c2=O)Cc2c-1nc1cc(F)c(C)c3c1c2[C@@H](N)CC3.CS(=O)(=O)O,6918249,C25H26FN3O7S,531.6,,169,1040,3,10,1
TQ0188,O=C(O)[C@H]1O[C@@H](Oc2c(-c3ccc(O)c(O)c3)oc3cc(O)cc(O)c3c2=O)[C@H](O)[C@@H](O)[C@@H]1O,5274585,C21H18O13,478.4,0.6,224,829,8,13,4
TN1012,O=C(C[C@H]1NCCC[C@@H]1O)Cn1cnc2ccccc2c1=O,9851692,C16H19N3O3,301.34,0.1,82,466,2,5,4
TN2069,CC1=C(C=O)C(C)(C)C[C@H](O[C@@H]2O[C@H](CO)[C@@H](O)[C@H](O)[C@H]2O)C1,130796,C16H26O7,330.37,-0.5,116,473,4,7,4
T13774,O=C(CCNC(=O)c1ccc(OC(F)(F)F)cc1)N[C@@H]1CCCc2ccccc21,71768304,C21H21F3N2O3,406.4,3.9,67.4,562,2,6,6
T12248,NCCC[C@H](N)CC(=O)NCCC[C@H](N)CC(=O)NCCC[C@H](N)CC(=O)N[C@@H]1[C@H](O)[C@@H](OC(N)=O)[C@@H](CO)O[C@H]1NC1=N[C@@H]2C(=O)NC[C@@H](O)[C@H]2N1.NCCC[C@H](N)CC(=O)N[C@@H]1[C@H](O)[C@@H](OC(N)=O)[C@@H](CO)O[C@H]1NC1=N[C@@H]2C(=O)NC[C@@H](O)[C@H]2N1.O=S(=O)(O)O,139600309,C50H94N20O22S,1359.5,,731,2160,26,30,34
T12317,C=CC(=O)N1CCC(c2ccc(C(N)=O)c(-c3ccc(Oc4ccccc4)cc3)n2)CC1,91667513,C26H25N3O3,427.5,3.6,85.5,647,1,4,6
T12568,Cc1ccc(S(=O)(=O)N2c3ccccc3Oc3ccccc32)cc1,2320735,C19H15NO3S,337.4,4.2,55,513,0,4,2
T13995,Cn1c(=O)oc(=O)c2ccc([N+](=O)[O-])cc21,12535373,C9H6N2O5,222.15,1,92.4,350,0,5,0
T14017,O=C[C@H](Nc1ccc([N+](=O)[O-])c2nonc12)[C@@H](O)[C@H](O)[C@H](O)CO,6711157,C12H14N4O8,342.26,-1.4,195,449,5,11,7
T16743,COC(=O)c1ccccc1-c1c2ccc(N)cc2[o+]c2cc(N)ccc12.[Cl-],65217,C21H17ClN2O3,380.8,,87.1,670,2,5,3
T14069,Cl.NCCNS(=O)(=O)c1cccc2c(Cl)cccc12,9861903,C12H14Cl2N2O2S,321.2,,80.6,369,3,4,4
T18616,CC(C)(C)OC(=O)NCCN,187201,C7H16N2O2,160.21,0,64.4,129,2,3,4
T17213,CC(C)[C@H](N)C(=O)N[C@@H](CCCNC(N)=O)C(=O)Nc1ccc(CO)cc1,54387473,C18H29N5O4,379.5,-0.5,160,492,6,5,10
T14376,CN(CCO)CC[C@H](CSc1ccccc1)Nc1ccc(S(=O)(=O)NC(=O)c2ccc(N3CCC([C@@H](O)c4ccccc4-c4ccc(Cl)cc4)CC3)cc2)cc1S(=O)(=O)C(F)(F)F,86661883,C45H48ClF3N4O7S3,945.5,9.3,198,1630,4,14,18
T12609,COC(=O)c1ccc2[nH]c(C3CCN(c4ncnc5[nH]cc(Cl)c45)CC3)nc2c1,129896912,C20H19ClN6O2,410.9,3.4,99.8,604,2,6,4
T13865,O=C1OC2(c3ccc(O)cc3Oc3cc(O)ccc32)c2cccc3cccc1c23,337218,C24H14O5,382.4,4.7,76,638,2,5,0
T10383,C=CCC1=C[C@]2(OC)C(=O)C(OC)(OC)[C@H]1[C@@H]1C(OC)(OC)C(=O)C(OC)=C[C@@]12CC=C,10983193,C24H32O8,448.5,1.9,89.5,878,0,8,10
T14918,N[C@H]1CC[C@H](Nc2cc(-c3cccc(NCc4cccc(F)c4)n3)c(Cl)cn2)CC1,49855228,C23H25ClFN5,425.9,4.7,75.9,518,3,6,6
T15177,O=C(O)c1cc(SSc2ccc([N+](=O)[O-])c(C(=O)O)c2)ccc1[N+](=O)[O-],6254,C14H8N2O8S2,396.4,2.7,217,528,2,10,5
T15219,O=C(O)CNC(=O)c1c(O)cc(CCc2ccccc2)n2ncnc12,50899324,C17H16N4O4,340.33,1.6,111,674,3,6,6
T12851,N=C(N)NCCC[C@H](NC(=O)COCC(c1ccccc1)c1ccccc1)C(=O)O.O=C(O)C(F)(F)F,16760645,C24H29F3N4O6,526.5,,177,619,5,10,12
T12899L,CNC[C@@H]1OCCc2ccsc21.Cl,139415154,C9H14ClNOS,219.73,,49.5,153,2,3,2
T13006,COc1ccc(-n2cnc3cc(NCc4ccc(C(C)C)cc4)ccc32)cc1,3697969,C24H25N3O,371.5,5.7,39.1,468,1,3,6
T13047,COc1ccc(OC)c(-c2ccc(NC(=O)c3ccncc3F)cc2)c1,11337104,C20H17FN2O3,352.4,3.4,60.5,456,1,5,5
T11277,CNC(=O)c1cc2c(cn1)[nH]c1ccccc12,4375,C13H11N3O,225.25,2.8,57.8,307,2,2,1
T10432L,CS(=O)(=O)O.Cc1cc(-c2nc(CN3CCNCC3)no2)cc2c1C(=O)N(Cc1ccc(OC(F)(F)F)cc1)C2,53495155,C25H28F3N5O6S,583.6,,146,822,2,13,6
T10270,C[C@@H](CO)NC(=O)c1cc(-c2ccc(Cl)cc2)nn(-c2cnn(C)c2)c1=O,135303769,C18H18ClN5O3,387.8,1.7,99.8,645,2,5,5
T10477,C[C@H](c1ccnc(Nc2nc3ccc(-c4cc(N(C)C)ncn4)cc3[nH]2)c1)N1CCN(C(=O)CC(F)(F)F)CC1,145925685,C27H30F3N9O,553.6,3.6,106,841,2,11,7
T13721,O=C1CCC(N2C(=O)c3cccc(NCCOCCOCCNc4cccc5c4C(=O)N(C4CCC(=O)NC4=O)C5=O)c3C2=O)C(=O)N1,137628659,C32H32N6O10,660.6,0.8,210,1260,4,12,13
T13298,COc1ccc(N(C)c2nc(C)nc3ccccc23)cc1.Cl,11638255,C17H18ClN3O,315.8,,38.3,330,1,4,3
T13320,Cl.O=[N+]([O-])c1ccc2nc(COCc3nc4ccc([N+](=O)[O-])cc4[nH]3)[nH]c2c1,90488918,C16H13ClN6O5,404.76,,158,520,3,7,4
T15453,CC(C)(Sc1ccc(CCN(CCCCC2CCCCC2)C(=O)NC2CCCCC2)cc1)C(=O)O,3392731,C29H46N2O3S,502.8,8,94.9,636,2,4,12
T15573,CO[C@@H]1[C@H](OP(=O)(OC[C@H]2O[C@@H](n3cnc4c(N)ncnc43)C[C@@H]2O)SCOC(=O)OC(C)C)[C@@H](CO)O[C@H]1n1ccc(=O)[nH]c1=O,24737742,C25H34N7O13PS,703.6,-1.8,284,1220,4,18,15
T18978,Oc1c(Cc2ccccc2)nc2c(-c3ccccc3)nc(-c3ccccc3)cn12,135439143,C25H19N3O,377.4,6,50.4,510,1,3,4
T13384L,C[C@@H](N)c1ccc(C(=O)Nc2ccnc3[nH]ccc23)cc1.Cl.Cl,20601328,C16H18Cl2N4O,353.2,,83.8,367,5,3,3
T13381,CCOC(=O)c1ccc(NC(=O)NCc2ccc(-n3cccn3)cc2)cc1,51116434,C20H20N4O3,364.4,2.6,85.3,486,2,4,7
T13414,Cl.O=C(Cc1ccc(C(F)(F)F)cc1)N1CCCCC1CN1CCCC1,14810961,C19H26ClF3N2O,390.9,,23.6,440,1,5,4
T15824,CN1C[C@H](CO)C=C2c3cccc4[nH]cc(c34)C[C@H]21,14987,C16H18N2O,254.33,2.2,39.3,394,2,2,1
T16104,Cl.O=S(=O)(c1cccc2c(Cl)cccc12)N1CCCNCC1,108047,C15H18Cl2N2O2S,361.3,,57.8,451,2,4,2
T19033,CCN(CC)c1ccc2nc3c4ccccc4c(=O)cc-3oc2c1,65182,C20H18N2O2,318.4,3.8,41.9,564,0,4,3
T19232,CC1CCC(O)OC1COCC1CCCC(CCC(=O)O[O-])O1.[Na+],131674687,C16H27NaO7,354.37,,97.3,368,1,7,8
T16680,Cc1nc2cc(F)c(F)cc2n1-c1cncc(Nc2ccc(C(F)(F)F)cc2)n1,73427235,C19H12F5N5,405.3,4.7,55.6,556,1,9,3
T16686,Cc1ccc(S(=O)(=O)Nc2ccc(-n3nc(C(F)(F)F)cc3C(F)(F)F)cc2)cc1,53475435,C18H13F6N3O2S,449.4,4.6,72.4,678,1,10,4
T11826,COc1cccc(Nc2nc(NCC3CCCO3)c3ccccc3n2)c1,2951910,C20H22N4O2,350.4,4.1,68.3,438,2,6,6
T19418,CS(=O)CCC(N)C(=O)O,847,C5H11NO3S,165.21,-4.1,99.6,148,2,5,4
T16927,Cc1ccc(-c2ncn(-c3ccc(Nc4nccc(-c5cccc(N6CCOCC6)c5)n4)cc3)n2)cn1,57519510,C28H26N8O,490.6,4.2,93.9,700,1,8,6
T16962,O=C(NO)c1ccc(CN2CCCc3cc(Cl)ccc32)cc1,130345472,C17H17ClN2O2,316.8,3.3,52.6,385,2,3,3
T8647,CCOC(=O)c1cnc2ccc(OC(F)(F)F)cc2c1Nc1ccccc1C(=O)O,1043578,C20H15F3N2O5,420.3,5.2,97.8,618,2,10,7
T22414,O=c1[nH]c(CS[C@H]2CC[C@H](O)CC2)nc2cc(OCC3CC3)cc(F)c12,138696916,C19H23FN2O3S,378.5,2.8,96.2,549,2,6,6
T17029,Fc1ccccc1-c1nc2ccn(Cc3ccc(-c4ccc(C(F)(F)F)cc4C(F)(F)F)nn3)cc-2n1,23649154,C25H14F7N5,517.4,4.7,56.5,765,0,11,4
T17142,Cn1ncnc2c(=O)n(C)c(=O)nc1-2,66541,C7H7N5O2,193.16,-0.7,77.7,408,0,3,0
T17208,CC(C)N1CCC(N2CCCN(c3cccc(C(=O)Nc4ccncc4)n3)CC2)CC1,56961879,C24H34N6O,422.6,3,64.6,558,1,6,5
T13320L,O=[N+]([O-])c1ccc2nc(COCc3nc4ccc([N+](=O)[O-])cc4[nH]3)[nH]c2c1,44123657,C16H12N6O5,368.30,1.9,158,520,2,7,4
T17260,CN(Cc1cccc(-c2ccncc2)c1)C(=O)Oc1ccc(-c2ccc(C(N)=O)cc2)cc1,17759121,C27H23N3O3,437.5,4.2,85.5,635,1,4,7
T17262,Cl.Cl.O=C1c2ccccc2C(Cc2ccncc2)(Cc2ccncc2)c2ccccc21,45073462,C26H22Cl2N2O,449.4,,42.9,515,2,3,4
TQ0015,C=CC(=O)N1CCN(CCCn2c(=O)c(-c3c(Cl)c(OC)cc(OC)c3Cl)cc3cnc(NC)nc32)CC1,118295624,C26H30Cl2N6O4,561.5,3.5,100,870,1,8,9
TQ0094,CCCCn1ccc(N2CCC(c3ccccc3)CC2)c(Cl)c1=O,25195461,C20H25ClN2O,344.9,4.6,23.6,500,0,2,5
TQ0156,CN(CCOc1ccc(C[C@H](Nc2ccccc2C(=O)c2ccccc2)C(=O)O)cc1)c1ccccn1,6518171,C30H29N3O4,495.6,6.4,91.8,705,2,7,12
TN1023,CC(C)C1=Cc2ccc3c(c2C(=O)C1=O)CCCC3(C)C,160142,C19H22O2,282.4,4.9,34.1,498,0,2,1
TN1697,COc1cc(C(=O)O)cc(OC)c1O[C@@H]1O[C@H](CO)[C@@H](O)[C@H](O)[C@H]1O,10383888,C15H20O10,360.31,-1,155,432,5,10,6
T12056,CCS(=O)(=O)c1ccc(Oc2cc(O[C@@H](C)CO)cc(C(=O)Nc3ccn(C)n3)c2)cn1,25235801,C21H24N4O6S,460.5,1.5,141,718,2,8,9
T19467,NC(=O)C1=CN([C@@H]2O[C@H](COP(=O)(O)OP(=O)(O)OC[C@H]3O[C@@H](n4cnc5c(N)ncnc54)[C@H](OP(=O)(O)O)[C@@H]3O)[C@@H](O)[C@H]2O)C=CC1.NC1CCCCC1.NC1CCCCC1.NC1CCCCC1.NC1CCCCC1,71312102,C45H82N11O17P3,1142.1,,468,1450,13,26,13
T13795,NC(=O)c1ccc[n+]([C@@H]2O[C@H](CO)[C@@H](O)[C@H]2O)c1,439924,C11H15N2O5+,255.25,-1.8,117,314,4,5,3
T12444,Cc1ccc(N(CC2=NCCN2)c2ccc(O)cc2)cc1,66148,C17H19N3O,281.35,2.6,47.9,355,2,3,4
T14038L,Cl.[N-]=[N+]=Nc1ccc(C[C@H](N)C(=O)O)cc1,86585254,C9H11ClN4O2,242.66,,77.7,267,3,5,4
T19288,N=C(N)NCCCC(N)C(=O)O,232,C6H14N4O2,174.20,-4.2,128,176,4,4,5
T13664,CCN(CCCl)Cc1ccccc1Br.Cl,11957497,C11H16BrCl2N,313.06,,3.2,154,1,1,5
T17109,COC(=O)c1ccccc1-c1c2ccc(N(C)C)cc2[o+]c2cc(N(C)C)ccc12.[O-][Cl+3]([O-])([O-])[O-],11755725,C25H25ClN2O7,500.9,,116,868,0,8,4
T12628,CC(C)C[C@@H](CC=O)NC(=O)[C@@H](CC(C)C)NC(=O)[C@H](CC(C)C)NC(=O)OCc1ccccc1,57347704,C27H43N3O5,489.6,4.8,114,659,3,5,16
T12643,COc1cc2nc(N3CCN(C(=O)[C@H]4CCCO4)CC3)nc(N)c2cc1OC,1398859,C19H25N5O4,387.4,1.4,103,544,1,8,4
T10436,CC(=O)N[C@@H]1CCC[C@H](C(=O)Nc2cc(-c3cnn4c3CC(C)(C)C4)c(Cl)cn2)C1,124155204,C22H28ClN5O2,429.9,2.7,88.9,659,2,4,4
T14834,O=C(O)c1sc2cc(Cl)ccc2c1Cl,739884,C9H4Cl2O2S,247.10,4.1,65.5,249,1,3,1
T15033,CC(C1CC1)C(O)(Cn1cncn1)c1ccc(Cl)cc1,86132,C15H18ClN3O,291.77,2.9,50.9,331,1,3,5
T15261,C[C@@H](N[C@H]1CCN(c2ccc(CC(=O)O)cc2)C1)c1cccc2ccccc12,71242808,C24H26N2O2,374.5,2.1,52.6,517,2,4,6
T12818,CC(C)(C)c1ccc(C(=O)Nc2ccc(Nc3ccccc3)cc2)cc1,1787280,C23H24N2O,344.4,5.8,41.1,434,2,2,5
T13130,COc1cc(-c2ccc(O)cc2)c(OC)c(O)c1-c1ccc(O)cc1,100437,C20H18O5,338.4,4.1,79.2,401,3,5,4
T10580,COC(=O)CC(NC(=O)OC(C)(C)C)C(=O)CF,16760348,C11H18FNO5,263.26,0.9,81.7,324,1,6,8
T11589,O.O=C([O-])CC(O)(CC(=O)[O-])C(=O)[O-].[K+].[K+].[K+],2735208,C6H7K3O8,324.41,,142,211,2,8,2
T15827,Nc1nc(=O)c2c([nH]1)NCC1CN(c3ccc(C(=O)N[C@@H](CCC(=O)O)C(=O)O)cc3)C(=O)N21,135484014,C20H21N7O7,471.4,-1.6,207,986,6,9,7
T16068,Cc1nnc(-c2ccc(N3CCC(Oc4ccccc4C(F)(F)F)CC3)nn2)s1,16042458,C19H18F3N5OS,421.4,3.9,92.3,534,0,10,4
T16099,O[C@@H]1CO[C@H]2[C@@H]1OC[C@H]2Oc1nc2nc(-c3ccc(-c4ccccc4)cc3)c(Cl)cc2[nH]1,89558344,C24H20ClN3O4,449.9,3.8,89.5,645,2,6,4
T16118,Cc1ccc(C)c(-n2sc3cc(F)ccc3c2=O)c1,1510389,C15H12FNOS,273.3,3.8,45.6,364,0,3,1
T19075,OC[C@H]1O[C@@H](Oc2c[nH]c3ccc(Br)c(Cl)c23)[C@H](O)[C@@H](O)[C@H]1O,65181,C14H15BrClNO6,408.63,1.2,115,421,5,6,3
T16486,O=C(CCN1C(=O)C=CC1=O)NCCOCCOCCC(=O)Nc1ccc(CCC(=O)N2CCC2=O)cc1,57654311,C26H32N4O8,528.6,-1.6,151,895,2,8,16
T16674,O=c1[nH]cc([C@@H]2O[C@H](CO)[C@@H](O)[C@H]2O)c(=O)[nH]1,15047,C9H12N2O6,244.20,-2.8,128,382,5,6,2
T12932L,CN[C@@H](C)C(=O)N[C@H]1CCCC[C@H]2CC[C@@H](C(=O)N[C@@H](c3ccccc3)c3cn(CCCCc4ccc(CCCCn5cc([C@@H](NC(=O)[C@@H]6CC[C@@H]7CCCC[C@H](NC(=O)[C@H](C)NC)C(=O)N76)c6ccccc6)nn5)cc4)nn3)N2C1=O,17756618,C62H84N14O6,1121.4,5.8,243,1930,6,12,24
T16994,CCc1cc(C(N)=O)ccc1-n1nc(C(C)C)c2c(-n3cnc(-c4cnn(C)c4)c3)ccnc21,67501411,C25H26N8O,454.5,3.1,109,721,1,5,6
T22282,O=C1Nc2cc(=O)n(Cc3ccccc3)cc2CN1c1cccc(OCc2cncs2)c1,132585219,C24H20N4O3S,444.5,2,103,779,1,5,6
T22314,C[C@@H](O)[C@H]1C(=O)N2C(C(=O)O)=C(S[C@@H]3CN[C@H](CNS(N)(=O)=O)C3)[C@H](C)[C@H]12,73303,C15H24N4O6S2,420.5,-3.4,196,780,5,10,7
T22318,C[C@@H](N)COc1ccc(-c2cnc3ccc(N[C@H](C)c4cccc(F)c4)nn23)cc1.O=C(O)CCCCC(=O)O,72694302,C29H34FN5O5,551.6,,152,645,4,10,12
T22459,CN(CCO)CC(O)Cn1cnc2c1c(=O)n(C)c(=O)n2C.O=C(O)c1cccnc1,9912,C19H26N6O6,434.4,,152,548,3,9,7
T3S0870,COC(=O)C1=CO[C@@H](O[C@@H]2O[C@H](CO)[C@@H](O)[C@H](O)[C@H]2O)[C@@H]2C(COC(=O)SC)=C[C@H](O)[C@H]12,6325269,C19H26O12S,478.5,-1.9,207,769,5,13,9
TP1015,CC[C@H](C)[C@H](NC(=O)[C@@H](NC(=O)[C@@H]1CCCN1C(=O)[C@H](Cc1cnc[nH]1)NC(=O)[C@@H]1CCCN1C(=O)CNC(=O)[C@H](C)NC(=O)[C@@H](N)CCSC)C(C)C)C(=O)N[C@H](C(=O)N[C@H](C(=O)N[C@H](C(=O)NCC(=O)N1CCC[C@H]1C(=O)N[C@@H](Cc1cnc[nH]1)C(=O)N[C@@H](CCC(=O)O)C(=O)N[C@@H](CCC(=O)O)C(=O)O)[C@@H](C)O)[C@@H](C)CC)C(C)C,16135717,C75H118N20O22S,1683.9,-3.6,651,3550,19,26,48
TP1024,CC(=O)O.CC(N)C(=O)NCC(=O)NC(Cc1ccc(O)cc1)C(=O)NC(CCCCN)C(=O)N1CCCC1C(=O)NC(CC(=O)O)C(=O)NC(CCC(=O)O)C(=O)NCC(=O)NC(CCCCN)C(=O)NC(CCCNC(=N)N)C(=O)NCC(=O)NC(CC(=O)O)C(=O)NC(C)C(=O)NC(CS)C(=O)NC(CCC(=O)O)C(=O)NCC(=O)NC(CC(=O)O)C(=O)NC(CO)C(=O)NCC(=O)NCC(=O)N1CCCC1C(=O)NC(Cc1ccccc1)C(=O)NC(C(N)=O)C(C)C,155977630,C99H151N29O37S,2371.5,,1070,5200,36,42,75
TP1236,CC(=O)N[C@H](CSSC[C@H](N)C(=O)O)C(=O)N[C@H](C)C(=O)N[C@H](CCCNC(=N)N)C(=O)N[C@H](CCCNC(=N)N)C(=O)N[C@H](CCCNC(=N)N)C(=O)N[C@H](C)C(=O)N[C@H](CCCNC(=N)N)C(=O)O.Cl,155977632,C38H73ClN20O11S2,1085.7,,613,1910,19,18,36
TP1254,CSCC[C@H](NC(=O)[C@H](Cc1ccccc1)NC(=O)CNC(=O)CNC(=O)[C@@H](N)Cc1ccc(O)cc1)C(N)=O.O=C(O)C(F)(F)F,138911447,C29H37F3N6O8S,686.7,,268,931,8,13,16
TP1275,CC[C@H](C)[C@H](NC(=O)[C@H](CC(=O)O)NC(=O)[C@H](Cc1c[nH]cn1)NC(=O)[C@H](CC(=O)O)NC(=O)[C@H](CCCCN)NC(=O)[C@H](Cc1ccc(O)cc1)NC(=O)[C@H](CC(=O)O)NC(=O)CNC(=O)[C@H](CC(=O)O)NC(=O)[C@H](Cc1c[nH]cn1)NC(=O)[C@H](CC(=O)O)NC(=O)[C@H](CCCCN)NC(=O)[C@H](Cc1ccc(O)cc1)NC(=O)[C@H](CC(=O)O)NC(=O)[C@@H](N)CCSC)C(=O)N[C@@H](CC(=O)O)C(=O)N[C@@H](Cc1ccc(O)cc1)C(=O)N[C@@H](CCCCN)C(=O)N[C@@H](CC(=O)O)C(=O)N[C@@H](CC(=O)O)C(=O)N[C@@H](CC(=O)O)C(=O)N[C@@H](CC(=O)O)C(=O)N[C@@H](CCCCN)C(=O)O.O=C(O)C(F)(F)F,155977636,C122H170F3N31O51S,2975.9,,1400,6640,45,62,98
TP1348,N=C(N)NCCC[C@@H]1NC(=O)[C@H](CCCNC(=N)N)NC(=O)[C@@H](Cc2ccc(O)cc2)NC(=O)CNC(=O)[C@H](Cc2ccc3ccccc3c2)NC1=O.O=C(O)C(F)(F)F,71457332,C38H48F3N11O8,843.9,,332,1400,11,13,12
TP1796,CC[C@H](C)[C@H](NC(=O)[C@H](Cc1ccccc1)NC(=O)[C@H](CCC(=O)O)NC(=O)[C@H](CCCCN)NC(=O)[C@H](C)NC(=O)[C@H](C)NC(=O)[C@H](CCC(N)=O)NC(=O)CNC(=O)[C@H](CCC(=O)O)NC(=O)[C@H](CC(C)C)NC(=O)[C@H](Cc1ccc(O)cc1)NC(=O)[C@H](CO)NC(=O)[C@H](CO)NC(=O)[C@@H](NC(=O)[C@H](CC(=O)O)NC(=O)[C@H](CO)NC(=O)[C@@H](NC(=O)[C@H](Cc1ccccc1)NC(=O)[C@@H](NC(=O)CNC(=O)[C@H](CCC(=O)O)NC(=O)CNC(=O)[C@@H](N)Cc1cnc[nH]1)[C@@H](C)O)[C@@H](C)O)C(C)C)C(=O)N[C@@H](C)C(=O)N[C@@H](Cc1c[nH]c2ccccc12)C(=O)N[C@@H](CC(C)C)C(=O)N[C@H](C(=O)N[C@@H](CCCCN)C(=O)NCC(=O)N[C@@H](CCCNC(=N)N)C(N)=O)C(C)C.O=C(O)C(F)(F)F,155977655,C150H225F3N40O47,3397.6,,1420,7700,50,55,109
T19792,Cn1c(=O)c2c([nH]c(=O)n2C)n(C)c1=O,79437,C8H10N4O3,210.19,-0.4,73,414,1,3,0
T21066,NCC(O)c1ccc(O)c(O)c1.O=C(O)[C@H](O)[C@@H](O)C(=O)O,5813,C12H17NO9,319.26,,202,276,8,10,5
T2147,Cc1cn(-c2cc(NC(=O)c3ccc(C)c(Nc4nccc(-c5cccnc5)n4)c3)cc(C(F)(F)F)c2)cn1.Cl.O,16757572,C28H25ClF3N7O2,584.0,,98.6,817,4,10,6
T22946,CCc1cc(C(C)=O)c(O)cc1OCCCCCC(C)(C)c1nn[nH]n1,122023,C19H28N4O3,360.5,4.6,101,447,2,6,10
T23133,N=C(N)c1ccc(OCCCCCOc2ccc(C(=N)N)cc2)cc1,4735,C19H24N4O2,340.4,2.6,118,376,4,4,10
T5036,CSCCNc1nc(SCCC(F)(F)F)nc2c1ncn2[C@@H]1O[C@H](COP(=O)([O-])OP(=O)([O-])C(Cl)(Cl)P(=O)([O-])[O-])[C@@H](O)[C@H]1O.[Na+].[Na+].[Na+].[Na+],10260031,C17H21Cl2F3N5Na4O12P3S2,864.3,,318,1110,3,21,14
T8648,Cc1n[nH]c(=O)[nH]c1=O,70269,C4H5N3O2,127.10,-0.3,70.6,196,2,3,0
T8651,C[C@H](Nc1ncnc2nc[nH]c12)c1nc2cccc(F)c2c(=O)n1-c1ccccc1,118044236,C21H16FN7O,401.4,3.2,99.2,670,2,7,4
T8654,CCCS(=O)(=O)Nc1ccc(F)c(C(=O)c2c[nH]c3ncc(-c4ccc(Cl)cc4)cc23)c1F,42611257,C23H18ClF2N3O3S,489.9,5,100,790,2,7,7
T8665,CN(C)Cc1nnc2n1-c1ccc(Cl)cc1C(c1ccccc1)=NC2,37632,C19H18ClN5,351.8,1.6,46.3,490,0,4,3
T8666,CNS(=O)(=O)CCc1ccc2[nH]cc(C3CCN(C)CC3)c2c1,4440,C17H25N3O2S,335.5,2,73.6,483,2,4,5
T8669,O=C(c1ccc2c(c1)C(=O)OC2=O)c1ccc2c(c1)C(=O)OC2=O,75498,C17H6O7,322.22,2,104,597,0,7,2
T8671,O=C1c2ccccc2C(=C2c3ccccc3C(=O)c3ccccc32)c2ccccc21,67948,C28H16O2,384.4,5.7,34.1,630,0,2,0
T8672,CC(C)(c1ccc(O)c(-c2ccccc2)c1)c1ccc(O)c(-c2ccccc2)c1,13059052,C27H24O2,380.5,7.3,40.5,459,2,2,4
T8673,O=C(O)[C@@H]1Cc2c([nH]c3ccccc23)CN1C(=O)OCC1c2ccccc2-c2ccccc21,7009907,C27H22N2O4,438.5,4.6,82.6,736,2,4,4
T8689,CCN(CC)CCCC(C)Nc1ccnc2cc(Cl)ccc12,2719,C18H26ClN3,319.9,4.6,28.2,309,1,3,8
T8692,O=C1CC(Nc2ncnc3[nH]cnc23)CN1Cc1ccccc1,53605452,C16H16N6O,308.34,1.2,86.8,427,2,5,4
T8694,CC(=O)c1ccc(N2CCN(C(=O)c3ccc4c(c3)OCO4)CC2)cc1,1245700,C20H20N2O4,352.4,2.5,59.1,524,0,5,3
T8697,CCS(=O)(=O)c1ncc(Cl)c(C(=O)N(Cc2ccc(Cl)cc2)Cc2ccco2)n1,2988718,C19H17Cl2N3O4S,454.3,3.3,102,652,0,6,7
T8700,O=C(CSc1ccc2ccccc2n1)NNC(=O)c1ccc(Cl)cc1,3115384,C18H14ClN3O2S,371.8,4.2,96.4,471,2,4,4
T8702,CN1CCc2cc(Br)c(O)cc2C(c2ccccc2)C1,1243,C17H18BrNO,332.2,4,23.5,318,1,2,1
T8703,Oc1ccc(-c2c(-c3ccc(O)c(O)c3O)n[nH]c2C(F)(F)F)cc1,146673157,C16H11F3N2O4,352.26,3,110,459,5,8,2
T8704,CC(=O)Oc1ccc(O)cc1,96009,C8H8O3,152.15,0.8,46.5,136,1,3,2
T8709,C[C@]12CC[C@H]3[C@@H](CCC4=CC(=O)CC[C@@H]43)[C@@H]1CC[C@@H]2OC(=O)CCc1ccccc1,229455,C27H34O3,406.6,5.1,43.4,703,0,3,5
TQ0275,CCCCCCCCCCCCCC(=O)OC[C@@H](O)COP(=O)([O-])OCC[N+](C)(C)C,460604,C22H46NO7P,467.6,4.5,105,488,1,7,22
TN1129,COC1=C(C)C(=O)O[C@]12C(=O)C(C)=C1CCCCN3[C@H]([C@@H]4C[C@H](C)C(=O)O4)CC[C@@]132,53343513,C23H29NO6,415.5,2,82.1,919,0,7,2
TN1154,COc1c(O)cc2oc(-c3ccc(O)c(O)c3)cc(=O)c2c1O,5317284,C16H12O7,316.26,1.4,116,491,4,7,2
T12032,COCC(=O)O[C@]1(CCN(C)CCCc2nc3ccccc3[nH]2)CCc2cc(F)ccc2[C@@H]1C(C)C.Cl.Cl,60662,C29H40Cl2FN3O3,568.5,,67.5,709,3,6,12
T12112,COc1ccc(NC(=O)c2ccc(NC3=C(C)C(=O)CC3)c(Cl)c2)cc1,90718189,C20H19ClN2O3,370.8,3.6,67.4,569,2,4,5
T12133,Cn1nc(C(F)(F)F)cc1-c1ccc(OCc2ccc(Cl)cc2)c(-c2ccc(Cl)c(C(F)(F)F)c2)c1O,139600320,C25H16Cl2F6N2O2,561.3,7.7,47.3,752,1,9,5
T14054,CN(C)c1ccc2c(-c3ccc(C(=O)ON4C(=O)CCC4=O)cc3C(=O)[O-])c3ccc(N(C)C)cc3[o+]c2c1,2762600,C29H25N3O7,527.5,2.6,119,1140,0,8,5
T14066,Cn1cc(C2=C(c3coc4ccc(F)cc34)C(=O)NC2=O)c2cc3c(cc21)OCO3,44582816,C22H13FN2O5,404.3,3,82.7,802,1,6,2
T14495,O=C1c2c(O)c(=O)ccn2N([C@@H]2c3ccccc3SCc3c2ccc(F)c3F)[C@@H]2COCCN12,124081876,C24H19F2N3O4S,483.5,3.6,98.6,932,1,9,1
T14497,Fc1ccccc1Nc1nc2nonc2nc1Nc1ccccc1F,565708,C16H10F2N6O,340.29,3.7,88.8,409,2,9,4
T14667,CCCCCCC1CCCC1=NNC(N)=S,2835896,C12H23N3S,241.40,3.3,82.5,251,2,2,6
T12695,C[C@@H](COCCC(=O)N1CCN(c2ncc(C(F)(F)F)cn2)CC1)Nc1cn[nH]c(=O)c1C(F)(F)F,146047148,C20H23F6N7O3,523.4,1.2,112,848,2,14,8
T10397,CC(=O)N1CCC[C@H]1C(=O)N[C@@H](Cc1c[nH]cn1)C(=O)N[C@@H](CO)C(=O)N[C@@H](CS)C(=O)N[C@@H](CC(N)=O)C(N)=O.O=C(O)C(F)(F)F,92044380,C25H36F3N9O10S,711.7,,310,1100,10,15,15
T13041,CC(C)CCCCCCCCCC1CC(=O)N[C@@H](CCC(=O)O)C(=O)N[C@@H](CC(C)C)C(=O)N[C@H](CC(C)C)C(=O)N[C@@H](C(C)C)C(=O)N[C@@H](CC(=O)O)C(=O)N[C@H](CC(C)C)C(=O)N[C@@H](CC(C)C)C(=O)O1,10129764,C53H93N7O13,1036.3,8.8,305,1800,9,13,24
T19578,O=C(NCc1ccccc1)c1ccc(S(=O)(=O)NCc2ccccc2)cc1,4371240,C21H20N2O3S,380.5,3.2,83.7,552,2,4,7
T11161,COc1cc(N2CCC(N3CCN(C)CC3)CC2)c(C)cc1Nc1ncc(Br)c(Nc2ccc3nccnc3c2P(C)(C)=O)n1,138911391,C32H41BrN9O2P,694.6,4.4,112,994,2,11,8
T11318,Cl.Cl.Oc1ccc(CCNCCCCCCNCCc2ccccc2)cc1O,68603,C22H34Cl2N2O2,429.4,,64.5,334,6,4,13
T19350,CC(C)[C@H](N)C(=O)N[C@@H](C)C(=O)O,6992638,C8H16N2O3,188.22,-3.8,92.4,204,3,4,4
T13224,COc1ccc(C(=O)N2c3ccccc3Sc3ccc(Cl)cc32)cc1,2359994,C20H14ClNO2S,367.8,5.2,54.8,482,0,3,2
T15545,O=C(Nc1ccc(Cl)nc1)c1ccc(F)c(F)c1,9903497,C12H7ClF2N2O,268.64,2.8,42,306,1,4,2
T15707,CO[C@@H]([C@@H]1OC(C(=O)O)=C[C@H](NC(=N)N)[C@H]1NC(C)=O)[C@H](O)CO,502272,C13H22N4O7,346.34,-3.2,190,532,6,8,7
T16079,CCCOc1ccc(S(=O)(=O)N2CCN(CCO)CC2)cc1-c1nc2c(CCC)cn(CC)c2c(=O)[nH]1,135497803,C26H37N5O5S,531.7,2.2,125,902,2,8,11
T16764,COc1ccccc1NC(=O)c1ccccc1Sc1ccc([N+](=O)[O-])cc1,1317590,C20H16N2O4S,380.4,4.6,109,505,1,5,5
T11857,Cc1cc(C(=O)N2Cc3cnn(C)c3Nc3ccccc32)ccc1CNC(=O)N1CCC[C@H]1C(=S)N(C)C.O=C(O)C(F)(F)F,145711713,C30H34F3N7O4S,645.7,,155,971,3,10,4
T11897,CCOC(=O)[C@@H](N)Cc1ccc(-c2cc(O[C@H](c3ccc(Cl)cc3-n3ccc(C)n3)C(F)(F)F)nc(N)n2)cc1,25181577,C27H26ClF3N6O3,575.0,5.1,131,821,2,11,10
T17035,Oc1cccc(-c2c3nc(c(-c4cccc(O)c4)c4ccc([nH]4)c(-c4cccc(O)c4)c4nc(c(-c5cccc(O)c5)c5ccc2[nH]5)CC4)C=C3)c1,60751,C44H32N4O4,680.7,8.8,138,1090,6,6,4
T17069,CC(C)(C)c1cnc(CSc2cnc(NC(=O)C3CCN(CC(=O)NCCOCCOCCOCCNc4cccc5c4C(=O)N(C4CCC(=O)NC4=O)C5=O)CC3)s2)o1,131801483,C40H52N8O10S2,869.0,2.8,277,1500,4,16,22
T17199,CCCOc1ccc(S(=O)(=O)NCCC2CCCN2C)cc1-c1nc2c(CCC)nn(C)c2c(=O)[nH]1,135413547,C25H36N6O4S,516.7,3,126,893,2,8,11
T17219,Clc1ccc(Nc2nnc(Cc3ccncc3)c3ccccc23)cc1,151194,C20H15ClN4,346.8,4.5,50.7,407,1,4,4
T22350,S=C(SSC(=S)N1CCOCC1)N1CCOCC1,12892,C10H16N2O2S4,324.5,0.9,140,274,0,6,3
T22453,COc1ccc(C(CN(C)C)C2(O)CCCCC2)cc1,5656,C17H27NO2,277.4,2.9,32.7,279,1,3,5
T5709,CC1=C2C[C@H]3CC[C@@H](C)[C@]2(CC1=O)C3(C)C,12308615,C15H22O,218.33,3.4,17.1,402,0,1,0
T9112,C=C(C)[C@@H]1CC=C(C=O)CC1,2724159,C10H14O,150.22,2.6,17.1,201,0,1,2
TN4991,CCCC[C@@H]1OC(=O)C2=C1CCC=C2,3085257,C12H16O2,192.25,2.7,26.3,299,0,2,3
T21164,Cc1nn(-c2cc(NS(C)(=O)=O)c(Cl)cc2Cl)c(=O)n1C(F)F,86369,C11H10Cl2F2N4O3S,387.2,2.3,90.5,613,1,7,4
T20155,Cc1c(OCC(F)(F)F)ccnc1CS(=O)(=O)c1nc2ccccc2[nH]1,10385385,C16H14F3N3O3S,385.4,3,93.3,582,1,8,5
T19862,CC[C@@H]1[C@@H]2CN(C(=O)[C@H](C(C)(C)C)NC(=O)O[C@@H]3C[C@H]3CCCCC(F)(F)c3nc4ccc(OC)cc4nc3O2)[C@@H]1C(=O)N[C@]1(C(=O)NS(=O)(=O)C2(C)CC2)C[C@H]1C(F)F,89921642,C40H52F4N6O9S,868.9,5.9,204,1780,3,15,9
T3051,O=C(O[C@@H]1Cc2c(O)cc(O)cc2O[C@@H]1c1cc(O)c(=O)c2c(O)c(O)cc([C@H]3Oc4cc(O)cc(O)c4C[C@H]3O)c2c1)c1cc(O)c(O)c(O)c1,135458101,C36H28O16,716.6,3.5,284,1390,11,16,5
T19831,NC(=O)C(=O)[O-].[Na+],5242,C2H2NNaO3,111.03,,83.2,90,1,3,1
T8716,C[C@@]12C[C@H]3OC(=O)[C@@H]1CO[C@]14O[C@@]5([C@H]2C1=O)[C@@]3(C)OC(=O)[C@@]5(O)CC[C@H]1[C@H]4C[C@H]2O[C@]23CC=CC(=O)[C@]13C,44577488,C28H30O10,526.5,0.1,138,1340,1,10,0
T8708,Fc1ccc([C@@H]2CCNC[C@H]2COc2ccc3c(c2)OCO3)cc1,43815,C19H20FNO3,329.4,3.5,39.7,402,1,5,4
T20884,OCCOCCN1CCN(C(c2ccccc2)c2ccc(Cl)cc2)CC1,3658,C21H27ClN2O2,374.9,3.7,35.9,376,1,4,8
T8724,COC1c2c(ccc3c2OCO3)-c2ccc3cc4c(cc3c2N1C)OCO4,14847270,C21H17NO5,363.4,4.1,49.4,575,0,6,1
T3198L,Cl.O=C(OCCN1CCOCC1)C1(c2ccccc2)CCCCC1,11314197,C19H28ClNO3,353.9,,38.8,367,1,4,6
T8725,CN1C[C@@H]2CN(c3ccc(-c4ccccc4)nn3)C[C@@H]2C1.Cl,155977516,C17H21ClN4,316.8,,32.3,341,1,4,2
T8712,CCCCCCCCCCCCCCCC(=O)OC[C@@H](O)COP(=O)([O-])OCC[N+](C)(C)C,460602,C24H50NO7P,495.6,5.6,105,517,1,7,24
T8714,CCCCCCCCCCCCCCCCCC(=O)OC[C@@H](O)COP(=O)([O-])OCC[N+](C)(C)C,497299,C26H54NO7P,523.7,6.6,105,546,1,7,26
TQ0104,CC[C@@H](N)CNc1ccnc(-c2cc(-c3cnn(C)c3)ccc2O)n1.Cl.Cl,136664697,C18H24Cl2N6O,411.3,,102,411,5,6,6
T12075,O=c1cc(N2CCN(c3cccc(Cl)c3)CC2)[nH]c(=O)n1C1CCCCC1,3238389,C20H25ClN4O2,388.9,3.6,55.9,597,1,4,3
T12098,O=C(NNS(=O)(=O)c1ccccc1)c1cc(-c2ccnnc2)ccc1F,131750228,C17H13FN4O3S,372.4,1.7,109,577,2,7,5
T12246,CC(C)(C)c1ccc(Oc2ccc(N)cn2)cc1,2735289,C15H18N2O,242.32,3.7,48.1,254,1,3,3
T12427,Cc1ccc(S(=O)(=O)O)cc1.Cn1cc(Nc2nccc(N3CC4CCC(C3)N4C(=O)[C@@H]3CC3(F)F)n2)cn1,135087197,C25H29F2N7O4S,561.6,,142,815,2,11,5
T11093,O=[N+]([O-])c1cc([N+](=O)[O-])c(NN(c2ccccc2)c2ccccc2)c([N+](=O)[O-])c1,74358,C18H13N5O6,395.3,5.5,153,549,1,8,4
T15284,O=C1OC2(c3ccc(O)cc3Oc3cc(O)ccc32)c2ccc(N=C=S)cc21,18730,C21H11NO5S,389.4,4.8,120,668,2,7,1
T17692,CC(C)[C@H](NC(=O)OC(C)(C)C)C(=O)N[C@@H](CCCNC(N)=O)C(=O)Nc1ccc(COC(=O)Oc2ccc([N+](=O)[O-])cc2)cc1,75412383,C30H40N6O10,644.7,3.5,233,1040,5,10,17
T10411,O=C(Nc1ccc(F)c(F)c1F)NC12CC3CC(CC(C3)C1)C2,54752297,C17H19F3N2O,324.34,3.9,41.1,445,2,4,2
T14878,Cc1nnc(-c2ccc(N3CCC(Oc4cc(F)ccc4Cl)CC3)nn2)o1,16732433,C18H17ClFN5O2,389.8,3.2,77.2,485,0,8,4
T11349,O=[N+]([O-])c1ccc2nc(-c3ccc(Cl)cc3)[nH]c2c1,376353,C13H8ClN3O2,273.67,4,74.5,341,1,3,1
T10765,O=C1CCC(N2Cc3cc(CNC(=O)C(F)(F)c4ccc(Cl)cc4)ccc3C2=O)C(=O)N1,118647211,C22H18ClF2N3O4,461.8,2.3,95.6,787,2,6,5
T15645,CCOC(=O)Cn1cccc1-c1nc(-c2ccc(OC)cc2)c(-c2ccc(OC)cc2)s1,65870,C25H24N2O4S,448.5,5,90.8,592,0,6,9
T15777,C=CCn1c(=O)n([C@@H]2O[C@H](CO)[C@@H](O)[C@H]2O)c2nc(N)[nH]c(=O)c21,135410906,C13H17N5O6,339.30,-2.7,161,661,5,7,4
T16346,O=C(Nc1cccc(C(F)(F)F)c1)Nc1ccccc1C(=O)O,9883705,C15H11F3N2O3,324.25,4.2,78.4,442,3,6,3
T16567,C[C@H]1COCCN1c1nc(-c2cnc(N)cc2C(F)F)nc(N2CCOCC2)n1,121334433,C18H23F2N7O2,407.4,1.4,103,528,1,11,4
T22338,O=C(Nc1ccnc(NC(=O)C2CC2)c1)c1c(Cl)cccc1Cl,49839561,C16H13Cl2N3O2,350.2,2.9,71.1,449,2,3,4
T22422,CC(C)(C)c1cc(C(=O)O)c(NC(=O)Nc2ccc3[nH]ncc3c2)s1,53317853,C17H18N4O3S,358.4,3.9,135,525,4,5,4
T9113,C=CCc1cc(OC)c2c(c1)OCO2,4276,C11H12O3,192.21,2.9,27.7,205,0,3,3
T8728,COc1ccc2cc(C(=O)C=Cc3cccnc3)ccc2c1,73185509,C19H15NO2,289.3,3.8,39.2,406,0,3,4
T8734,C[N+](C)(C)CCO.[OH-],31255,C5H15NO2,121.18,,21.2,46,2,2,2
T8701,Cc1ccc(C)c(OCCNC2CCN(C(=O)c3ccncc3)CC2)c1,56713854,C21H27N3O2,353.5,2.8,54.5,431,1,4,6
T0711L,NCCO.O=C(Nc1ccc([N+](=O)[O-])cc1Cl)c1cc(Cl)ccc1O,14992,C15H15Cl2N3O5,388.2,,141,414,4,6,3
T8710,COC(=O)c1cccc(NS(=O)(=O)c2ccc(C)cc2)c1,1159052,C15H15NO4S,305.4,2.6,80.9,449,1,5,5
T8698,CCOc1cc(F)c(Cl)cc1C(=O)NCC(C)(C)CC(=O)O,129055200,C15H19ClFNO4,331.76,3,75.6,405,2,5,7
T8727,c1ccc(Cn2c(Sc3ncnc4c3sc3ncccc34)nnc2-c2ccncc2)cc1,124203921,C23H15N7S2,453.5,4.3,136,615,0,8,5
T21253,C[C@@H]1CC[C@@]2(OC1)O[C@H]1C[C@H]3[C@@H]4CC(=O)[C@@]5(O)C[C@@H](O)CC[C@]5(C)[C@H]4CC[C@]3(C)[C@H]1[C@@H]2C,69906537,C27H42O5,446.6,4.1,76,814,2,5,0
T8733,CC(C)=CCOc1ccc(C2=C(CC(C)C)C(=O)OC2=O)cc1,10470895,C19H22O4,314.4,4.6,52.6,515,0,4,6
T19765,OC(c1ccccc1)(c1ccccc1)c1ccccc1Cl,298659,C19H15ClO,294.8,4.7,20.2,300,1,1,3
T21344,Cl.OC[C@H]1NC[C@H](O)[C@@H](O)[C@@H]1O,13018787,C6H14ClNO4,199.63,,93,132,6,5,1
T14080,Cc1ccc(O)c(NC(=O)CCc2ccccc2)c1,882909,C16H17NO2,255.31,3.3,49.3,286,2,2,4
T11831,NNC(=O)CSc1nc2scc(-c3ccccc3)c2c(=O)n1-c1ccccc1,1150683,C20H16N4O2S2,408.5,3.6,141,617,2,6,5
T22306,C=CC(=O)Nc1ccccc1Nc1nc(Nc2ccc(N3CCN(C)CC3)cc2)ncc1C(=O)Nc1c(C)cccc1Cl,154573782,C32H33ClN8O2,597.1,6,115,925,4,8,9
Fr12277,Cc1ccc2oc(=O)cc(O)c2c1,54686349,C10H8O3,176.17,1.6,46.5,257,1,3,0
Fr12290,COc1cc(=O)oc2ccccc12,529426,C10H8O3,176.17,1.6,35.5,245,0,3,1
Fr12339,COc1ccc(CCC(C)=O)cc1,61007,C11H14O2,178.23,2.1,26.3,157,0,2,4
Fr12596,CC(=O)c1cc2ccccc2oc1=O,77553,C11H8O3,188.18,1.8,43.4,304,0,3,1
Fr12662,CCOc1cc(=O)oc2ccccc12,688703,C11H10O3,190.19,2,35.5,257,0,3,2
Fr13711,CN1C2CCC1CC(=O)C2,79038,C8H13NO,139.19,0.3,20.3,151,0,2,0
Fr13756,O=C(O)c1ccncc1,5922,C6H5NO2,123.11,0.4,50.2,108,1,3,1
Fr13883,COc1cccc(CC(=O)O)c1,15719,C9H10O3,166.17,1.5,46.5,156,1,3,3
Fr14115,CC1=CCC(C(C)(C)O)CC1,17100,C10H18O,154.25,1.8,20.2,168,1,1,1
Fr14207,C=C(C)[C@@H]1CC[C@@H](C)C[C@H]1O,170833,C10H18O,154.25,3,20.2,151,1,1,1
Fr14298,CC(=O)c1ccc(C)cc1O,81338,C9H10O2,150.17,2.2,37.3,154,1,2,1
Fr14438,Cc1ccc(C(=O)O)cc1,7470,C8H8O2,136.15,2.3,37.3,123,1,2,1
Fr16741,O=C1Cc2ccccc2N1,321710,C8H7NO,133.15,1.2,29.1,155,1,1,0
PDK0015,O=c1cc(O)c2ccccc2o1,54682930,C9H6O3,162.14,1.3,46.5,232,1,3,0
T5868,COC(=O)c1c[nH]c2ccccc12,589098,C10H9NO2,175.18,2.6,42.1,205,1,2,2
T5924,CC(=O)NCc1ccccc1,11500,C9H11NO,149.19,1,29.1,128,1,1,2
TQ0047,Cl.O=C(O)CCCN1CCC[C@H]1COc1ccc(Oc2ccc(Cl)cc2)cc1,44818987,C21H25Cl2NO4,426.3,,59,447,2,5,9
TQ0085,Cc1cn2nc([C@@H]3CCCCN3C(=O)c3cc(Cl)ccc3NS(C)(=O)=O)cc2nc1N1CC[C@H](N)C1,58029842,C24H30ClN7O3S,532.1,2.4,134,905,2,8,5
TQ0205,Oc1cc(O)c2c(c1)O[C@H](c1ccc(O)c(O)c1)[C@H](O)[C@H]2c1c(O)cc(O)c2c1O[C@H](c1ccc(O)c(O)c1)[C@@H](O)C2,11250133,C30H26O12,578.5,2.4,221,925,10,12,3
TQ0225,C[C@H](NC(=O)C(C)(F)F)[C@H](Oc1ccc2c(cnn2-c2cccc(C(=O)N[C@@H]3CCOC3)c2)c1)c1ccc2c(c1)OCCO2,67041274,C32H32F2N4O6,606.6,4.6,113,1010,2,9,9
TQ0248,C[C@@H]1C[C@@H]([C@@H](O)C(C)(C)O)O[C@H]2C[C@@]3(C)C(=C12)C[C@H](O)[C@H]1[C@@]2(C)CCC(=O)C(C)(C)[C@@H]2CC[C@@]13C,76310822,C30H48O5,488.7,3.5,87,950,3,5,2
TN1334,CO[C@H]1c2cc(C(C)C)c(O)c(O)c2[C@@]23CCCC(C)(C)[C@@H]2[C@@H]1OC3=O,23243692,C21H28O5,360.4,3.9,76,587,2,5,2
T12441,NNCCc1ccccc1.O=S(=O)(O)O,61100,C8H14N2O4S,234.28,,121,159,4,6,3
T10952,Cc1c(OCC2=NCCN2)ccc(Cl)c1NS(C)(=O)=O,216249,C12H16ClN3O3S,317.79,0.9,88.2,463,2,5,5
T10990,COc1cc2c(cc1OC)-c1c(C)c3ccc(OC)c(OC)c3c[n+]1CC2.[Cl-],160950,C22H24ClNO4,401.9,,40.8,503,0,5,4
T11102,Cc1onc(-c2c(Cl)cccc2Cl)c1CNc1cccc(C(=O)c2cn(CCCC(=O)O)c3ccccc23)c1,137700533,C30H25Cl2N3O4,562.4,6.4,97.4,839,2,6,10
T17073,Cc1ccc2c(c1)sc(-c1ccc(N(C)C)cc1)[n+]2C.[Cl-],16953,C17H19ClN2S,318.9,,35.4,325,0,3,2
T14501,CCn1c(CO)nn(-c2cc(O[C@@H](C)C(F)(F)F)c(C(=O)Nc3c(F)cccc3Cl)cc2F)c1=O,134470179,C21H18ClF5N4O4,520.8,4,94.5,819,2,10,7
T14561,CNC(=O)COc1cc2cc(Nc3nc(N4CCC(C(=O)N(C)C)CC4)ncc3Cl)cc(OC)c2n(C)c1=O,134691741,C26H32ClN7O5,558.0,2.2,129,928,2,9,8
T10352,Cc1[nH]c2ccc(F)cc2c1-c1nc2c3cccnc3c3ncccc3c2[nH]1,11960271,C22H14FN5,367.4,4.3,70.3,589,2,4,1
T14916,NS(=O)(=O)c1ccc(Nc2nc(-c3cccc(-c4ccccc4)c3)c3nc[nH]c3n2)cc1,123132899,C23H18N6O2S,442.5,3.8,135,716,3,7,5
T15410,Cc1cncc(-c2nc(NCCc3c[nH]c4ccccc34)c3ncn(C(C)C)c3n2)c1,46216378,C24H25N7,411.5,4.1,84.3,586,2,5,6
T15411,Cl.N[C@@H](CCC(=O)Nc1ccc([N+](=O)[O-])cc1)C(=O)O,9839424,C11H14ClN3O5,303.70,,138,347,4,6,5
T13059,CCc1c(C)nc(SCC(=O)Nc2nc(-c3ccc(OC)cc3)cs2)[nH]c1=O,135460621,C19H20N4O3S2,416.5,3.3,146,660,2,7,7
T13066,Cc1c(Cc2ccc(-n3cccn3)cc2)cc2c(c1F)CN([C@H]1COCC[C@@H]1O)C2=O,92042879,C24H24FN3O3,421.5,2.7,67.6,644,1,5,4
T19346,Nc1nc2c(ncn2[C@@H]2O[C@H](COP(=O)(O)O)[C@@H](O)[C@H]2O)c(=O)[nH]1,135398631,C10H14N5O8P,363.22,-3.5,202,598,6,10,4
T13166,O=C(CC1(O)C(=O)Nc2c(Cl)ccc(Cl)c21)c1ccc(C2CC2)cc1,121268274,C19H15Cl2NO3,376.2,4.1,66.4,559,2,3,4
T13265,O=c1oc2cc(O)ccc2c2ccccc12,5380406,C13H8O3,212.20,2.7,46.5,289,1,3,0
T15433,CC(C)n1cc(-c2ccc3c(c2)N(C)CC3)c2c(NS(=O)(=O)c3ccn(C)n3)ccnc21,71090129,C23H26N6O2S,450.6,2.9,93.4,773,1,6,5
T15727,Cc1c(C(=O)Nc2ccc(N3C[C@@H](C)O[C@@H](C)C3)nc2)cccc1-c1ccc(OC(F)(F)F)cc1.O=P(O)(O)O.O=P(O)(O)O,45138699,C26H32F3N3O11P2,681.5,,219,741,7,16,5
T11673,Cc1ccn2c(C(=O)C(=O)c3ccccc3)c(-c3ccccc3)nc2c1,145712357,C22H16N2O2,340.4,5.1,51.4,522,0,3,4
T11740,CC(C)C[C@H](NC(=O)[C@H](CO)NC(=O)CNC(=O)[C@H](CC(C)C)NC(=O)[C@H](CCC(=O)O)NC(=O)[C@H](Cc1ccc(O)cc1)NC(=O)[C@H](CO)NC(=O)[C@H](CC(N)=O)NC(=O)[C@H](Cc1ccccc1)NC(=O)[C@H](CO)NC(=O)[C@@H](N)CSSC[C@H](N)C(=O)N[C@@H](Cc1ccc(O)cc1)C(=O)NCC(=O)N[C@@H](CCCNC(=N)N)C(=O)N[C@@H](CCCCN)C(=O)N[C@@H](CCCCN)C(=O)N[C@@H](CCCNC(=N)N)C(=O)N[C@@H](CCCNC(=N)N)C(=O)N[C@@H](CCC(N)=O)C(=O)N[C@@H](CCCNC(=N)N)C(=O)N[C@@H](CCCNC(=N)N)C(=O)N[C@@H](CCCNC(=N)N)C(=O)O)C(=O)O,56843747,C120H199N45O34S2,2880.3,-19.7,1440,6270,53,46,108
T16807,CC1(C)[C@@H]2CC[C@@]1(CS(=O)(=O)O)C(=O)C2.CNCc1ccc(-c2[nH]c3cc(F)cc4c3c2CCNC4=O)cc1,121490161,C29H34FN3O5S,555.7,,137,869,4,7,5
T22249,CC(C)(C)OC(=O)N1CCN(c2ncnc3c(F)c(Br)c(Cl)cc23)CC1,118010241,C17H19BrClFN4O2,445.7,4.1,58.6,515,0,6,3
Fr12275,COc1ccc2c(c1)C(=O)CCC2,81276,C11H12O2,176.21,2,26.3,200,0,2,1
Fr16605,OC[C@@H]1CCCN2CCCC[C@H]12,91461,C10H19NO,169.26,1.2,23.5,149,1,2,1
TN2601,COc1c(C(C)C)cc2c(c1O)[C@@]1(C(=O)O)CCCC(C)(C)[C@@H]1CC2,9974918,C21H30O4,346.5,5.2,66.8,514,2,4,3
TN3016,COc1ccc(-c2coc3cc(OC)c(OC)cc3c2=O)cc1,688655,C18H16O5,312.3,3.1,54,452,0,5,4
TQ0029,C[C@@H]1CN(CC(=O)N2CC(C)(C)c3nc(CO)c(Cc4ccc(F)cc4)cc32)[C@@H](CN2CCOC[C@H]2C)CN1,118169620,C30H42FN5O3,539.7,2.3,81.2,824,2,8,7
TQ0285,CC(=O)N[C@@H](CC(=O)O)C(=O)N[C@@H](CCC(=O)O)C(=O)O,188803,C11H16N2O8,304.25,-2.1,170,448,5,8,9
T10111,Cl.Nc1nccc2c1ncn2[C@@H]1O[C@H](CO)[C@@H](O)[C@H]1O,134828261,C11H15ClN4O4,302.71,,127,334,5,7,2
T17348,CC(=O)OC[C@H]1OC(OC(C)=O)[C@H](NC(=O)CN=[N+]=[N-])[C@@H](OC(C)=O)[C@H]1OC(C)=O,71311754,C16H22N4O10,430.37,1.2,158,736,1,12,12
T14291,COc1ccc(C2C(=O)c3ccccc3C2=O)cc1,2197,C16H12O3,252.26,2.9,43.4,344,0,3,2
T14496,Cc1ccc(C(=O)Nc2noc3ccccc23)cc1,8087347,C15H12N2O2,252.27,3.2,55.1,326,1,3,2
T14853,C=CCN1C[C@H](C(=O)N(CCCN(C)C)C(=O)NCC)C[C@@H]2c3cccc4[nH]cc(c34)C[C@H]21,54746,C26H37N5O2,451.6,3.4,71.7,713,2,4,8
T10744L,Cc1c(Br)c(Br)c2c3c1nc(N1CCNCC1)n3CCC2.Cl,73776232,C15H19Br2ClN4,450.6,,33.1,390,2,3,1
T13038,CC1(C)S[C@@H]2[C@H](NC(=O)[C@H](N)c3ccccc3)C(=O)N2[C@H]1C(=O)OCOC(=O)[C@@H]1N2C(=O)C[C@H]2S(=O)(=O)C1(C)C,444022,C25H30N4O9S2,594.7,0.7,216,1240,2,11,9
T13671,Cc1ncsc1-c1ccc([C@H](C)NC(=O)[C@@H]2C[C@@H](O)CN2C(=O)[C@@H](N)C(C)(C)C)cc1.Cl,122422950,C23H33ClN4O3S,481.1,,137,647,4,6,6
T11728,CC1CN=C(N(C(=O)Nc2ccc(Cl)c(Cl)c2)c2ccc(F)cc2)S1,2729145,C17H14Cl2FN3OS,398.3,4.9,70,516,1,4,3
T16116,CC(C)C[C@H](N[C@@H](Cc1cncn1Cc1cc(Cl)cc(Cl)c1)C(=O)O)C(=O)O,448281,C19H23Cl2N3O4,428.3,1.4,104,527,3,6,10
T16369,Oc1cc2ncnc(Nc3ccc(F)c(Cl)c3)c2cc1OCCCN1CCOCC1,135496227,C21H22ClFN4O3,432.9,3.8,79.7,530,2,8,7
T16684,CN(C)c1ncnc2c1ncn2[C@@H]1O[C@H](CO)[C@@H](N)[C@H]1O,6020,C12H18N6O3,294.31,-0.5,123,373,3,8,3
T11844,Cc1cc2c(cc1C(=O)c1ccc(C(=O)O)cc1)C(C)(C)CCC2(C)C,9810431,C23H26O3,350.4,6.3,54.4,554,1,3,3
T21208,Nc1nc(=O)n([C@H]2C[C@H](O)[C@@H](CO)O2)cc1I,65050,C9H12IN3O4,353.11,-0.7,108,398,3,4,2
T21244,CC(C)CCNc1ncccc1C(=O)N1CCN(Cc2ccccc2)CC1.O=P(O)(O)O,50922680,C22H33N4O5P,464.5,,126,491,4,8,7
T21454,COC(=O)C1=C(C)NC(C)=C(C(=O)OCCN(C)Cc2ccccc2)C1c1cccc([N+](=O)[O-])c1,4474,C26H29N3O6,479.5,3.8,114,856,1,8,10
T21463,Cn1nnc2c(C(=O)O)ncn2c1=O,11830328,C6H5N5O3,195.14,-0.4,100,317,1,6,1
T20121,NC(=O)NC[C@H](N)C(=O)O,92891,C4H9N3O3,147.13,-4.6,118,147,4,4,3
TP1263,CSCC[C@H](NC(=O)[C@@H](NC(=O)[C@H](Cc1cnc[nH]1)NC(=O)[C@H](CS)NC(=O)[C@H](Cc1c[nH]c2ccccc12)NC(=O)[C@H](Cc1ccccc1)NC(=O)[C@H](CCC(=O)O)NC(=O)[C@H](CC(C)C)NC(=O)[C@H](CC(=O)O)NC(=O)[C@H](CC(=O)O)NC(=O)[C@H](CO)NC(=O)[C@@H]1CCCN1C(=O)[C@H](CC(C)C)NC(C)=O)C(C)C)C(=O)N[C@@H](Cc1ccc(O)cc1)C(N)=O,155977654,C83H114N18O23S2,1796.0,1.1,665,3740,22,26,52
T1792L,CNC(=O)c1cc(Oc2ccc(NC(=O)Nc3ccc(Cl)c(C(F)(F)F)c3)c(F)c2)ccn1.O,24768591,C21H17ClF4N4O4,500.8,,93.4,686,4,9,5
T23283,COC1(C2=NCCN2)COc2ccccc2O1.Cl,11957683,C12H15ClN2O3,270.71,,52.1,321,2,4,2
T8750,CC1(C)O[C@@H]2O[C@@H](C(=O)N3CCOCC3)[C@@H](O)[C@@H]2O1,25207258,C12H19NO6,273.28,-0.6,77.5,367,1,6,1
T8705,CC1(C)CC(=O)c2sc(=Nc3ccccc3)oc2C1,13925917,C15H15NO2S,273.4,3.8,64,459,0,4,1
T21484,CC[C@H](C)[C@@H]1NC(=O)[C@H](CCCNC(=N)N)NC(=O)[C@H](CC(=O)O)NC(=O)[C@H](CCSC)NC(=O)[C@H](CCCCN)NC(=O)[C@H](CCCNC(=N)N)NC(=O)CNC(=O)[C@H](Cc2ccccc2)NC(=O)[C@@H](NC(=O)CNC(=O)[C@H](CO)NC(=O)CNC(=O)[C@H](CCC(N)=O)NC(=O)[C@@H](NC(=O)[C@H](CCSC)NC(=O)[C@H](CCCCN)NC(=O)[C@@H]2CCCN2C(=O)[C@@H](N)CO)C(C)C)CSSC[C@@H](C(=O)N[C@@H](CCCCN)C(=O)N[C@H](C(=O)N[C@@H](CC(C)C)C(=O)N[C@@H](CCCNC(=N)N)C(=O)N[C@@H](CCCNC(=N)N)C(=O)N[C@@H](Cc2cnc[nH]2)C(=O)O)C(C)C)NC(=O)CNC(=O)[C@H](CC(C)C)NC(=O)CNC(=O)[C@H](CO)NC(=O)[C@H](CO)NC(=O)[C@H](CO)NC(=O)[C@H](CO)NC1=O,53325981,C143H244N50O42S4,3464.0,-16.7,1610,7750,56,55,91
T8753,CN(C)CCNC(=O)C(C)(C)N.Cl.Cl,53409075,C8H21Cl2N3O,246.18,,58.4,154,4,3,4
T8789,CC(=O)N[C@@H](Cc1c[nH]c2ccccc12)C(=O)O,700653,C13H14N2O3,246.26,1.1,82.2,332,3,3,4
T8711,O=S(=O)(Nc1nncs1)c1cc(Cl)c(Oc2ccc(C(F)(F)F)cc2-c2ccnnc2)cc1F,46841787,C19H10ClF4N5O3S2,531.9,3.9,144,793,1,13,6
T8776,Cc1nc2cccc(OCC(C)(C)C(=O)NC(C)C)c2c(N)c1C(=O)O,66746559,C19H25N3O4,359.4,2.9,115,523,3,6,6
T8758,C=CC(=O)N1CCC(Oc2cc3c(Nc4ccc(Cl)c(Cl)c4F)ncnc3cc2OC)CC1.Cl,54767257,C23H22Cl3FN4O3,527.8,,76.6,684,2,7,6
T8737,COc1ccc(NC(=O)c2ccc(-c3ccncc3)c(C)c2)cc1N1CCN(C)CC1,5311130,C25H28N4O2,416.5,3.6,57.7,574,1,5,5
T8736,Nc1ccn(C[C@@H](CO)OCP(=O)(O)O)c(=O)n1.O.O,60933,C8H18N3O8P,315.22,,148,417,6,8,6
T8752,CC[C@@H]1[C@@H](O)[C@@H]2[C@H](CC[C@]3(C)[C@@H]([C@H](C)CCCO)CC[C@@H]23)[C@@]2(C)CC[C@@H](O)C[C@@H]12,101886306,C26H46O3,406.6,5.9,60.7,578,3,3,5
T8768,CCC(CC)(NC(=O)C(C)C)C(=O)N[C@@H](CCCNC(=N)N)C(=O)NC1(C(=O)NC(c2ccc(F)cc2)c2ccc(F)cc2)CCCC1.O=C(O)C(F)(F)F,71520620,C37H50F5N7O6,783.8,,218,1170,7,12,16
T7318,C[C@@H]1COCCN1c1cc(-c2ccnn2C)c2ccnc(-c3ccn[nH]3)c2n1,118869362,C20H21N7O,375.4,1.6,84.8,537,1,6,3
T21629,CN1CCN(C2=Nc3ccccc3Oc3ccc(Cl)cc32)CC1,3964,C18H18ClN3O,327.8,3.1,28.1,450,0,3,1
T8749,Cc1c(Br)sc2[nH]c(=O)n(C(C)(C)C(=O)OC(C)(C)C)c(=O)c12,89564436,C15H19BrN2O4S,403.3,3.5,104,546,1,5,4
T8754,Cc1c(-c2ncco2)sc2[nH]c(=O)n(C(C)(C)C(=O)OC(C)(C)C)c(=O)c12,130433756,C18H21N3O5S,391.4,2.6,130,647,1,7,5
T21632,COc1ccc(CNc2nc(NCc3ccc(OC)cc3)c3ncn(C(C)C)c3n2)cc1,4273,C24H28N6O2,432.5,4.3,86.1,551,2,7,9
T8756,Nc1ccc(Sc2nc3ccccc3s2)c(Cl)c1,667738,C13H9ClN2S2,292.8,4.7,92.5,292,1,4,2
T8773,CCOc1ccc(C(=O)Nc2ncc([N+](=O)[O-])s2)cc1,2858708,C12H11N3O4S,293.30,3.3,125,355,1,6,4
T8767,CCOC(=O)C1=C(Nc2ccc(Cl)cc2)SCC1=O,135449276,C13H12ClNO3S,297.76,3.6,84.2,414,1,5,4
T8760,C[n+]1cccc2c(N)cccc21.[I-],66522933,C10H11IN2,286.11,,29.9,158,1,2,0
T8777,C[C@H]1C[C@H]2[C@@H]3CCC4=CC(=O)C=C[C@]4(C)[C@@]3(Cl)[C@@H](O)C[C@]2(C)[C@@]1(O)C(=O)CO,20469,C22H29ClO5,408.9,2.2,94.8,805,3,5,2
T8779,Cc1cc(C(F)(F)F)nn1CC(=O)Nc1sc2c(c1C(N)=O)CCCC2,1222102,C16H17F3N4O2S,386.4,3.2,118,562,2,7,4
T8762,O=C(Nc1cccnc1)c1cccs1,790407,C10H8N2OS,204.25,1.7,70.2,210,1,3,2
T8735,Nc1ccn([C@@H]2O[C@H](COP(=O)(O)OP(=O)(O)O)[C@@H](O)[C@H]2O)c(=O)n1,6132,C9H15N3O11P2,403.18,-4.5,222,690,6,11,6
T8783,Cc1ccc(-c2ccccc2)cc1,12566,C13H12,168.23,4.6,0,136,0,0,1
T8732,O=C(O)c1ccccc1NS(=O)(=O)c1ccc(Cl)c([N+](=O)[O-])c1,106350,C13H9ClN2O6S,356.74,3,138,558,2,7,4
T8778,CCCOc1ccccc1C(=O)Nc1ccc(Cl)c(C(F)(F)F)c1,68453302,C17H15ClF3NO2,357.8,5.1,38.3,419,1,5,5
T8740,O=C(Nc1cc(Cl)cc(Cl)c1)Nc1cc(Cl)cc(Cl)c1,595311,C13H8Cl4N2O,350.0,5,41.1,294,2,1,2
T22733,NC(CCCP(=O)(O)O)C(=O)O,1216,C5H12NO5P,197.13,-5.3,121,200,4,6,5
T8720,COc1cc(Cl)cc(C(C)Nc2cc(N3CCNCC3)ccc2S(C)(=O)=O)c1OC.Cl,23653584,C21H29Cl2N3O4S,490.4,,88.3,641,3,7,7
T8742,CCOC(=O)N1CC(=Cc2ccccc2F)C(=O)C(=Cc2ccccc2F)C1,73680703,C22H19F2NO3,383.4,4.1,46.6,602,0,5,4
T17731L,CCc1c2c(nc3ccc(O)cc13)-c1cc3c(c(=O)n1C2)COC(=O)[C@@]3(CC)OC(=O)OCc1ccc(NC(=O)[C@H](CCCCN)NC(=O)COCC(=O)NCCOCCOCCOCCOCCOCCOCCOCCOCCn2cc(CNC(=O)C3CCC(CN4C(=O)C=CC4=O)CC3)nn2)cc1.O=C(O)C(Cl)Cl.O=C(O)C(Cl)Cl,155977520,C77H101Cl4N11O26,1738.5,,483,2990,8,30,52
T8746L,Cc1nc(N[C@H](C)c2cccc(C(F)(F)F)c2C)c2cn(C3CCOCC3)c(=O)cc2n1.Cl,155977518,C23H26ClF3N4O2,482.9,,66.3,871,2,6,4
T6139L,Cc1n[nH]c2ccc(-c3cncc(OC[C@@H](N)Cc4ccccc4)c3)cc12.Cl.Cl,155977517,C22H24Cl2N4O,431.4,,76.8,456,4,4,6
T8738,Cc1ccc(N(CC2=NCCN2)c2ccc(O)cc2)cc1.Cl,66147,C17H20ClN3O,317.8,,47.9,355,3,3,4
TQ0296L,COc1cc2c3c(c1OC)-c1ccccc1C[C@H]3NCC2.Cl,155977511,C18H20ClNO2,317.8,,30.5,374,2,3,2
T2056L,Cl.NCCCNc1ccc(Nc2nccc(Nc3cc(C4CC4)[nH]n3)n2)cc1,154925632,C19H25ClN8,400.9,,117,437,6,7,9
T8813,O=C(O)c1ccc(-c2c3nc(c(-c4ccc(C(=O)O)cc4)c4ccc([nH]4)c(-c4ccc(C(=O)O)cc4)c4nc(c(-c5ccc(C(=O)O)cc5)c5ccc2[nH]5)C=C4)C=C3)cc1,86278368,C48H30N4O8,790.8,8.5,207,1310,6,10,8
T7484L,CSCC[C@H](NC(=O)[C@H](Cc1ccc(O)cc1)NC(=O)[C@H](CCCCN)NC(=O)[C@@H](N)Cc1c[nH]c2ccccc12)C(=O)N[C@H](C(=O)N[C@H](CCSC)C(N)=O)C(C)C.O=C(O)C(F)(F)F.O=C(O)C(F)(F)F,155977527,C45H63F6N9O11S2,1084.2,,402,1440,12,21,26
T7487L,CC(C)C[C@H](NC(=O)[C@H](CC(=O)O)NC(=O)[C@H](Cc1ccccc1)NC(=O)CN)C(=O)N[C@@H](CC(N)=O)C(=O)NCC(=O)NCC(=O)NCC(=O)N[C@H](C(=O)NCC(=O)O)C(C)C.O=C(O)C(F)(F)F,155977538,C40H58F3N11O16,1005.9,,443,1750,14,20,28
T7497L,CC(C)C[C@H](NC(=O)CNC(=O)[C@H](CC(C)C)NC(=O)[C@H](Cc1cnc[nH]1)NC(=O)[C@H](CO)NC(=O)[C@H](C)N)C(=O)N[C@@H](C)C(=O)N[C@@H](CCCNC(=N)N)C(=O)O.O=C(O)C(F)(F)F.O=C(O)C(F)(F)F,155977539,C39H63F6N13O14,1052.0,,455,1530,15,23,26
T7567L,CSCC[C@H](NC(=O)[C@H](Cc1ccccc1)NC(=O)CNC(=O)CNC(=O)[C@@H](N)Cc1ccc(O)cc1)C(=O)N[C@@H](CCCNC(=N)N)C(=O)N[C@@H](CCCNC(=N)N)C(=O)N[C@H](C(N)=O)C(C)C.O=C(O)C(F)(F)F.O=C(O)C(F)(F)F.O=C(O)C(F)(F)F,172005853,C50H72F9N15O15S,1326.3,,559,1820,17,28,31
T7573L,CC(C)C[C@H](NC(=O)[C@H](CC(C)C)NC(=O)[C@H](Cc1ccccc1)NC(=O)[C@@H](N)[C@@H](C)O)C(=O)N[C@@H](CCCNC(=N)N)C(N)=O.O=C(O)C(F)(F)F.O=C(O)C(F)(F)F,163342332,C35H55F6N9O10,875.9,,345,1110,11,18,20
T7575L,CC[C@H](C)[C@H](NC(=O)[C@@H]1CCCN1C(=O)[C@H](Cc1cnc[nH]1)NC(=O)[C@@H](NC(=O)[C@H](Cc1ccc(O)cc1)NC(=O)[C@@H](NC(=O)[C@H](CCCNC(=N)N)NC(=O)CNC)C(C)C)[C@@H](C)CC)C(=O)O.O=C(O)C(F)(F)F,134814483,C48H74F3N13O12,1082.2,,395,1840,13,18,28
T7615L,CC[C@H](C)[C@H](NC(=O)[C@H](Cc1c[nH]c2ccccc12)NC(=O)[C@@H]1CCCN1C(=O)[C@H](CCCNC(=N)N)NC(=O)[C@H](CCCCN)NC(=O)CNC(=O)[C@@H]1CCC(=O)N1)C(=O)N[C@@H](CC(C)C)C(=O)O.O=C(O)C(F)(F)F.O=C(O)C(F)(F)F,155977522,C51H75F6N13O14,1208.2,,442,1950,14,22,28
T7616L,CC[C@H](C)[C@H](NC(=O)[C@H](Cc1ccc(O)cc1)NC(=O)[C@@H](NC(=O)[C@H](CCCNC(=N)N)NC(=O)[C@@H](N)CC(=O)O)C(C)C)C(=O)N[C@@H](Cc1cnc[nH]1)C(=O)N[C@H](C)C(=O)O.O=C(O)C(F)(F)F,145707593,C41H61F3N12O13,987.0,,426,1650,14,19,26
T7617L,CC[C@H](C)[C@H](NC(=O)[C@H](Cc1ccc(O)cc1)NC(=O)[C@@H]1CCCN1C(=O)[C@H](CCCNC(=N)N)NC(=O)[C@@H](N)CCCNC(=N)N)C(=O)N[C@@H](CC(C)C)C(=O)O.O=C(O)C(F)(F)F,137700236,C40H65F3N12O10,931.0,,386,1510,12,16,24
T7627L,CSCC[C@H](N)C(=O)N[C@@H](CCC(=O)O)C(=O)N[C@@H](Cc1cnc[nH]1)C(=O)N[C@@H](Cc1ccccc1)C(=O)N[C@@H](CCCNC(=N)N)C(=O)N[C@@H](Cc1c[nH]c2ccccc12)C(=O)NCC(=O)O.O=C(O)C(F)(F)F,145707379,C46H60F3N13O12S,1076.1,,447,1820,14,19,29
T7631L,CC[C@H](C)[C@H](NC(=O)[C@H](Cc1ccccc1)NC(=O)[C@@H](N)CCCCN)C(=O)NCC(=O)N[C@@H](CC(C)C)C(=O)N[C@@H](CCSC)C(N)=O.O=C(O)C(F)(F)F.O=C(O)C(F)(F)F,155977525,C38H60F6N8O10S,935.0,,341,1140,10,19,24
T7663L,CC[C@H](C)[C@H](NC(=O)[C@H](Cc1ccc(O)cc1)NC(=O)[C@@H](NC(=O)[C@H](CCCNC(=N)N)NC(=O)[C@@H](N)CC(=O)O)C(C)C)C(=O)N[C@@H](Cc1cnc[nH]1)C(=O)N1CCC[C@H]1C(=O)N[C@@H](Cc1ccccc1)C(=O)N[C@@H](Cc1cnc[nH]1)C(=O)O.O=C(O)C(F)(F)F,145707653,C58H79F3N16O15,1297.3,,504,2380,16,22,33
T7809L,CC(C)(C)C(=O)O.CC(C)(C)C(=O)O.CC(C)(N)C(=O)N[C@@H](Cc1cnc[nH]1)C(=O)N[C@H](Cc1ccc2ccccc2c1)C(=O)N[C@H](Cc1ccccc1)C(=O)N[C@@H](CCCCN)C(N)=O,155977528,C48H69N9O9,916.1,,315,1270,10,12,21
TP1035L,CC(=O)O.C[C@H](N)C(=O)NCC(=O)N[C@H]1CSSC[C@@H](C(=O)O)NC(=O)[C@H](CO)NC(=O)[C@H]([C@@H](C)O)NC(=O)[C@H](Cc2ccccc2)NC(=O)[C@H]([C@@H](C)O)NC(=O)[C@H](CCCCN)NC(=O)[C@H](Cc2c[nH]c3ccccc23)NC(=O)[C@H](Cc2ccccc2)NC(=O)[C@H](Cc2ccccc2)NC(=O)[C@H](CC(N)=O)NC(=O)[C@H](CCCCN)NC1=O,86278199,C78H108N18O21S2,1697.9,,701,3270,23,26,26
TP1299L,CC[C@H](C)[C@H](NC(=O)CN)C(=O)NCC(=O)N[C@@H](C)C(=O)N[C@H](C(=O)N[C@@H](CC(C)C)C(=O)N[C@@H](CCCCN)C(=O)N[C@H](C(=O)N[C@@H](CC(C)C)C(=O)N[C@H](C(=O)N[C@H](C(=O)NCC(=O)N[C@@H](CC(C)C)C(=O)N1CCC[C@H]1C(=O)N[C@@H](C)C(=O)N[C@@H](CC(C)C)C(=O)N[C@H](C(=O)N[C@@H](CO)C(=O)N[C@@H](Cc1c[nH]c2ccccc12)C(=O)N[C@H](C(=O)N[C@@H](CCCCN)C(=O)N[C@@H](CCCNC(=N)N)C(=O)N[C@@H](CCCCN)C(=O)N[C@@H](CCCNC(=N)N)C(=O)N[C@@H](CCC(N)=O)C(=O)N[C@@H](CCC(N)=O)C(N)=O)[C@@H](C)CC)[C@@H](C)CC)[C@@H](C)O)[C@@H](C)O)C(C)C)C(C)C.O=C(O)C(F)(F)F,155977526,C133H230F3N39O33,2960.5,,1190,6380,42,42,99
TQ0028,Cc1ccc(Oc2nc3cc(Cl)c(-c4ccc5c(ccn5C)c4)cc3[nH]2)cc1C(=O)O,45256693,C24H18ClN3O3,431.9,5.6,80.1,666,2,4,4
TQ0180,O=C(O)C[C@@H]1C(=O)O[C@H]2[C@@H]3OC(=O)c4cc(O)c(O)c(O)c4-c4c(cc(O)c(O)c4O)C(=O)OC[C@H]2O[C@@H](OC(=O)c2cc(O)c(O)c(O)c2)[C@@H]3OC(=O)c2cc(O)c(O)c3c2[C@H]1[C@H](O)C(=O)O3,442674,C41H30O27,954.7,0.4,447,1970,13,27,5
TQ0184,O=C(O)CC1C(=O)OC2C(COC(=O)c3cc(O)c(O)c(O)c3)OC(OC(=O)c3cc(O)c(O)c(O)c3)C(OC(=O)c3cc(O)c(O)c4c3C1C(O)C(=O)O4)C2OC(=O)c1cc(O)c(O)c(O)c1,250396,C41H32O27,956.7,0.7,447,1880,13,27,12
TQ0209,C=C1[C@@H](O)[C@]2(O)OC[C@]34[C@H]2[C@@]2(C)[C@H](O)C(=O)C=C(C)[C@@H]2C[C@H]3OC(=O)C[C@@H]14,72965,C20H24O7,376.4,-1.1,113,817,3,7,0
TQ0215,CC[C@@H](C(=O)[C@@H](C)[C@@H](O)[C@H](C)[C@@H]1O[C@@H]([C@@H](CC)C(=O)[O-])CC[C@@H]1C)[C@H]1O[C@]2(C=C[C@@H](O)[C@]3(CC[C@@](C)([C@H]4CC[C@](O)(CC)[C@H](C)O4)O3)O2)[C@H](C)C[C@@H]1C.[Na+],23703990,C42H69NaO11,773.0,,164,1330,3,11,12
TQ0283,O=C1Nc2ccccc2C2(CCN(CCc3ccc(C(F)(F)F)cc3)CC2)O1,10000456,C21H21F3N2O2,390.4,4.3,41.6,552,1,6,3
TQ0306,COc1c(Cl)cc2c([nH]c3cnccc32)c1NC(=O)c1cccnc1C,9929127,C19H15ClN4O2,366.8,3.1,79.9,522,2,4,3
TN1040,COc1cccc(O)c1-c1cc(=O)c2c(O)c(OC)c(OC)c(OC)c2o1,124211,C19H18O8,374.3,2.9,104,564,2,8,5
TN1042,O=C(O)C[C@H](C(=O)O)[C@H]1c2c(cc(O)c(O)c2O)C(=O)O[C@@H]1C(=O)O,71308174,C14H12O11,356.24,-0.8,199,587,6,11,5
TN1049,CC1=C[C@]23C(=O)[C@@H](C=C4COC(C)(C)O[C@H]4C2(O)[C@H]1O)[C@H]1[C@@H](C[C@H]3C)C1(C)C,92044469,C23H32O5,388.5,1.2,76,823,2,5,0
TN1097,C[C@H]1[C@H](C)CC[C@]2(C)CC[C@]3(C)C(=CC[C@@H]4[C@@]5(C)CC[C@@H](O)[C@](C)(C(=O)O)[C@@H]5CC[C@]43C)[C@H]12,168928,C30H48O3,456.7,8.3,57.5,878,2,3,1
TN1120,CC(C)=CCc1c(O)ccc2ccc(=O)oc12,5320318,C14H14O3,230.26,3.5,46.5,352,1,3,2
TN1274,C=CCc1ccc(O)c(O)c1,70775,C9H10O2,150.17,0.8,40.5,134,2,2,2
TN1299,O=c1c(-c2ccc(O)cc2)coc2cc(O)c(O)cc12,5284649,C15H10O5,270.24,2.1,87,410,3,5,1
TN1305,CCOC1c2c(ccc3c2OCO3)-c2ccc3cc4c(cc3c2N1C)OCO4,5317235,C22H19NO5,377.4,4.5,49.4,589,0,6,2
TN1406,O=C1c2c(O)cc(O)cc2O[C@H](c2ccc(O)cc2)[C@H]1O,122850,C15H12O6,288.25,1.8,107,392,4,6,1
TN1601,C=Cc1cc(O)cc2c1-c1ccc(O)c(C)c1CC2,100801,C17H16O2,252.31,4.3,40.5,340,2,2,1
TN1637,CC1=CC(=O)[C@@H](O)[C@@]2(C)[C@H]1CC(=O)[C@@]1(C)[C@H]3C(=O)O[C@H]([C@@H]3C)[C@H](O)[C@@H]12,441793,C19H24O6,348.4,0.1,101,725,2,6,0
TN1723,Cc1cc(=O)c2c(O)c3c(cc2o1)OC(C)(C)[C@@H](O)C3,164722,C15H16O5,276.28,2.1,76,455,2,5,0
TN1765,CC1=C[C@]23C(=O)[C@H](C=C4COC(C)(C)OC4C24OC(C)(C)OC14)[C@@H]1[C@H](CC3C)C1(C)C,131954780,C26H36O5,428.6,2.8,54,941,0,5,0
TN2024,CC1(C)OC1COc1c2occc2cc2ccc(=O)oc12,182251,C16H14O5,286.28,2.2,61.2,471,0,5,3
TN2141,CC1(C)O[C@]23[C@H](OC(=O)c4cccnc4)[C@H]1C[C@H](OC(=O)c1ccccc1)[C@]2(C)[C@@H](OC(=O)c1ccccc1)CC[C@]3(C)O,13968328,C35H37NO8,599.7,5.2,121,1100,1,9,9
TN2208,C[C@H](CC[C@@H](O[C@@H]1O[C@H](CO[C@@H]2O[C@H](CO)[C@@H](O)[C@H](O)[C@H]2O)[C@@H](O)[C@H](O)[C@H]1O[C@@H]1O[C@H](CO)[C@@H](O)[C@H](O)[C@H]1O)C(C)(C)O)[C@H]1CC[C@@]2(C)[C@@H]3CC=C4[C@@H](CC[C@H](O[C@@H]5O[C@H](CO)[C@@H](O)[C@H](O)[C@H]5O)C4(C)C)[C@]3(C)[C@H](O)C[C@]12C,71307460,C54H92O24,1125.3,-1.5,398,2030,16,24,17
TN2215,C[C@H](CCC(=O)NCCS(=O)(=O)[O][Na])[C@H]1CC[C@H]2[C@@H]3[C@H](O)C[C@@H]4C[C@H](O)CC[C@]4(C)[C@H]3CC[C@]12C,23664008,C26H44NNaO6S,521.7,,135,864,3,6,7
TN2254,CC(=O)O[C@@H]1[C@H]2[C@H]3[C@H]([C@H](OC(C)=O)[C@H](OC(C)=O)[C@]2(C)[C@@H]2[C@@H]1[C@]1(C)C(=C[C@H]2C)OC(=O)[C@@]1(C)O)[C@]1(C)[C@H](C[C@@H]2O[C@@H]2[C@@H]1OC(C)=O)C(=O)[C@@H]3O,441685,C36H46O14,702.7,1.7,202,1620,2,14,8
TN2256,CC(=O)O[C@H]1[C@H]2[C@H]([C@@H]3[C@@H](O)[C@@H]4[C@H]([C@H](C)C=C5OC(=O)[C@@](C)(O)[C@@]54C)[C@@]3(C)[C@H]1OC(C)=O)[C@@H](O)C(=O)[C@H]1C[C@@H]3O[C@@H]3[C@H](OC(C)=O)[C@]21C,56662029,C34H44O13,660.7,1.1,195,1510,3,13,6
TN2298,C=C[C@H]1[C@H](O[C@@H]2O[C@H](CO)[C@@H](O)[C@H](O)[C@H]2O)OC=C2C(=O)N3CCc4c([nH]c5ccccc45)[C@H]3C[C@H]21,10163855,C26H30N2O8,498.5,0.4,145,899,5,8,4
TN2347,COC1=CC(=O)OC(C=Cc2ccc3c(c2)OCO3)C1,229851,C15H14O5,274.27,2.4,54,428,0,5,3
TN2349,C[C@H](CCC(=O)NCCS(=O)(=O)[O][Na])[C@H]1CC[C@H]2[C@@H]3CC[C@@H]4C[C@H](O)CC[C@]4(C)[C@H]3C[C@H](O)[C@]12C,23664773,C26H44NNaO6S,521.7,,135,864,3,6,7
T12253,CC(C)(C)c1ccc(Cn2nc(-c3ccc(Cl)cc3)cc2C(=O)NO)cc1,76900951,C21H22ClN3O2,383.9,4.9,67.2,494,2,3,5
T10979,CCCCC1(C2CCCC2)Cc2cc(OCCCC(=O)O)c(Cl)c(Cl)c2C1=O,10071166,C22H28Cl2O4,427.4,6.8,63.6,563,1,4,9
T14833L,O=C(CCCCCCC(=O)ON1C(=O)CC(S(=O)(=O)[O-])C1=O)ON1C(=O)CC(S(=O)(=O)[O-])C1=O.[Na+].[Na+],6097991,C16H18N2Na2O14S2,572.4,,259,987,0,14,11
T18171,COCCOCCOCCOCCOCCOCCOCCOCCOCCOCCOCCOCCOCCOCCOCCOCCOCCOCCOCCOCCOCCOCCOCCOCCN,51340960,C49H101NO24,1088.3,-4.3,248,958,1,25,71
T14188,FC(F)(F)Oc1ccc(-c2ccnc(Nc3ccc4[nH]ncc4c3)n2)cc1,76848956,C18H12F3N5O,371.3,4.6,75.7,486,2,8,4
T10297L,CCOc1ccc(-n2c([C@@H](C)N(Cc3cccnc3)C(=O)Cc3ccc(OC(F)(F)F)cc3)nc3ncccc3c2=O)cc1,24957182,C32H28F3N5O4,603.6,5.2,97.2,997,0,10,10
T15017,CNc1ccc([N+](=O)[O-])cc1-n1cnc(-c2ccc(C(F)(F)F)cc2)c1,91826088,C17H13F3N4O2,362.31,4,75.7,491,1,7,3
T15247,Cc1ccc(S(=O)(=O)c2c(C)cc(C)cc2C)cc1,272513,C16H18O2S,274.4,4.1,42.5,375,0,2,2
T15268,COc1cc2ncnc(Nc3ccc(F)c(Cl)c3)c2cc1O,10471217,C15H11ClFN3O2,319.72,3.8,67.3,379,2,6,3
T10717,CO[C@H]1CC[C@H](n2c([C@@H]3CCCC(=O)N3c3ccc(F)c(F)c3)nc3cc(-c4c(C)noc4C)ccc32)CC1,134457551,C30H32F2N4O3,534.6,4.9,73.4,860,0,7,5
T11560,C[C@H](NC(=O)Cc1ccc(-c2ccc3cccnc3n2)cc1)c1ccc(-c2ccc(F)c(C(F)(F)F)c2)cc1,53358775,C31H23F4N3O,529.5,6.8,54.9,793,1,7,6
T13202,CN1CCN(c2ccc(Nc3ncc4cc5n(c4n3)C3(CCCCC3)CNC5=O)nc2)CC1.Cl.Cl,124081865,C24H32Cl2N8O,519.5,,91.2,707,4,7,3
T10570,COc1cnc(-n2cnc(C)n2)c2c1c(C(=O)C(=O)N1CCN(C(=O)c3ccccc3)CC1)cn2COP(=O)(O)O.NC(CO)(CO)CO,46892186,C29H37N8O11P,704.6,,269,1070,6,15,11
T13476,C=C[C@]1(C)CC[C@@H](C(=C)C)C[C@H]1C(=C)C,6918391,C15H24,204.35,6.1,0,284,0,0,3
T16115,C[C@@H]1CN(c2cc(-c3n[nH]c4ccc(OC5(C)CC5)cc34)ncn2)C[C@H](C)O1,78319901,C21H25N5O2,379.5,3.2,76.2,549,1,6,4
T16688,O=C(Nc1ccc(-n2nc(C(F)(F)F)cc2C(F)(F)F)cc1)c1ccncc1F,10598093,C17H9F7N4O,418.27,3.6,59.8,577,1,10,3
T11852,C[C@@H]1NC(=O)[C@@H]2CCCN2C(=O)[C@H](CC(N)=O)NC(=O)[C@@H]2CSSC[C@H](N)C(=O)N[C@H]3CSSC[C@H](NC1=O)C(=O)NC([C@@H](C)O)C(=O)NCC(=O)N[C@H](C(=O)N[C@@H](Cc1ccc(O)cc1)C(=O)O)CSSC[C@H](NC(=O)[C@H](Cc1ccc(O)cc1)NC(=O)[C@H](CCC(=O)O)NC3=O)C(=O)N2,92044408,C59H79N15O21S6,1526.8,-6.8,726,3030,19,28,13
T11901,C[C@@H](NC(=O)c1ccc(F)cc1)c1ccc2c(c1)CCN2C(=O)C1CCOCC1,132209614,C23H25FN2O3,396.5,2.9,58.6,587,1,4,4
T16974,NS(=O)(=O)OC[C@H]1C[C@@H](Nc2ccnc3cc(-c4cccc(SC(F)(F)F)c4)nn23)[C@H](O)[C@@H]1O,71715374,C19H20F3N5O5S2,519.5,2,186,804,4,13,7
T17026,O=C(NN1C(=O)[C@@H]2[C@@H]3C=C[C@@H]([C@H]4C[C@@H]34)[C@@H]2C1=O)c1ccc(C(F)(F)F)cc1,16124688,C19H15F3N2O3,376.3,2.6,66.5,705,1,6,1
T2S0501,C[C@@H]1CC[C@]2(C(=O)O)CC[C@]3(C)C(=CC[C@@H]4[C@@]5(C)CC[C@H](O)[C@](C)(C(=O)O)[C@@H]5CC[C@]43C)[C@@H]2[C@]1(C)O,21672638,C30H46O6,502.7,5.2,115,1020,4,6,2
T3834,C[C@@H]1CC[C@@H]2C(C(=O)O)=CO[C@@H](O[C@@H]3O[C@H](CO)[C@@H](O)[C@H](O)[C@H]3O)[C@H]12,443332,C16H24O9,360.36,-0.4,146,536,5,9,4
T5S0689,O=c1oc2cc(O)cc(O)c2c2oc3cc(O)c(O)cc3c12,5489605,C15H8O7,300.22,2.1,120,469,4,7,0
T5S0993,C=C(C)[C@H](CC=C(C)C)Cc1c(O)cc(OC)c2c1O[C@H](c1ccc(O)cc1O)CC2=O,11982640,C26H30O6,438.5,5.6,96.2,698,3,6,7
TN5031,CC[C@H](CC[C@@H](C)[C@H]1CC[C@H]2[C@@H]3CCC4=CC(=O)CC[C@]4(C)[C@H]3CC[C@]12C)C(C)C,5484202,C29H48O,412.7,9.3,17.1,674,0,1,6
T19687,S=C=NCCc1ccccc1,16741,C9H9NS,163.24,3.5,44.5,144,0,2,3
T19814,COCCOc1cc2nc[nH]c(=O)c2cc1OCCOC,135409305,C14H18N2O5,294.30,0.4,78.4,363,1,6,8
T19833,O=C(O)c1[nH]c(=O)[nH]c(=O)c1F,69711,C5H3FN2O4,174.09,-0.9,95.5,309,3,5,1
T20125,O=C(O)C1CCCN1C(=O)OCc1ccccc1,232388,C13H15NO4,249.26,1.7,66.8,312,1,4,4
T20454,NC(=O)Nc1ccc(Cl)cc1,8796,C7H7ClN2O,170.59,1.8,55.1,143,2,1,1
T20485,O=C(NC(Cc1ccccc1)C(=O)O)OCc1ccccc1,100081,C17H17NO4,299.32,2.1,75.6,360,2,4,7
T20499,Clc1ccc(C(c2ccccc2)N2CCNCC2)cc1,9340,C17H19ClN2,286.8,3.4,15.3,277,1,2,3
T20513,NN=c1[nH]c2ccccc2s1,11988,C7H7N3S,165.22,1.8,79.2,142,2,4,1
T20880,CC(=CC(=O)O)C(=O)O,874,C5H6O4,130.10,-0.1,74.6,168,2,4,2
T21267,O=c1c2ccccc2nnn1O,73026,C7H5N3O2,163.13,0.3,65.3,229,1,4,0
T21320,CON.Cl,521874,CH6ClNO,83.52,,35.3,4,2,2,0
T8798,COc1cc2cc(C(=O)CCC(=O)O)sc2cc1OC,23035251,C14H14O5S,294.32,2.3,101,373,1,6,6
T8786,COc1ccc(Nc2cc(NC3CCCCC3)ncn2)cc1,53261094,C17H22N4O,298.4,4.2,59.1,314,2,5,5
T8788,O=C(O)c1ccccc1C(=O)Nc1cccc2ccccc12,8594,C18H13NO3,291.3,3.5,66.4,423,2,3,3
T8784,O=C(CC(c1ccccc1)c1ccccc1)Nc1nc2ccccc2s1,591698,C22H18N2OS,358.5,5.2,70.2,441,1,3,5
T8806,O=C(c1cc(Cc2n[nH]c(=O)c3ccccc23)ccc1F)N1CCn2nc(C(F)(F)F)nc2C1,56649297,C22H16F4N6O2,472.4,2.4,92.5,839,1,9,3
T22277L,COc1cc(C(=O)N2C[C@H](N)CC[C@@H]2C)cc2nc(-c3cc4cccnc4n3CC3CC3)n(C)c12,118158953,C27H32N6O2,472.6,2.6,91.2,779,1,5,5
T2069L,CNc1cc(-c2cccc(Cl)c2Cl)nc(N)n1.Cl,91826506,C11H11Cl3N4,305.6,,63.8,254,3,4,2
T8809,N=C(N)NCCC[C@H](N)C(=O)N1CCC[C@H]1C(=O)N1CCC[C@H]1C(=O)NCC(=O)N[C@@H](Cc1ccccc1)C(=O)N[C@@H](CO)C(=O)N1CCC[C@H]1C(=O)N[C@@H](Cc1ccccc1)C(=O)O.O=C(O)C(F)(F)F,155977533,C46H62F3N11O12,1018.0,,363,1800,10,17,21
T5S2245,CC(=O)O[C@@H](C[C@@H](C)C1=C2C[C@H](O)[C@H]3[C@@]4(C)CCC(=O)C(C)(C)[C@@H]4CC[C@]3(C)[C@@]2(C)CC1=O)[C@H]1OC1(C)C,14036813,C32H48O6,528.7,4.5,93.2,1100,1,6,6
T8763,COc1ccccc1N1CCN(C(=O)Cc2ccccc2)CC1,912698,C19H22N2O2,310.4,2.9,32.8,374,0,3,4
T6812L,NCCCCC1NC(=O)C(Cc2ccccc2)NC(=O)C(CC(=O)O)NC(=O)CNC(=O)C(CCCN=C(N)N)NC1=O.O=C(O)C(F)(F)F,137699151,C29H42F3N9O9,717.7,,311,1100,10,14,12
T8790,Cl.Cl.Cn1cnc(CCN)c1,11957601,C6H13Cl2N3,198.09,,43.8,84,3,2,2
T20435L,CC(C)C[C@H](NC(=O)[C@H](Cc1ccccc1)NC(=O)CNC(=O)[C@@H](C)NC(=O)[C@@H](N)Cc1ccc(O)cc1)C(=O)O.O=C(O)C(F)(F)F,155977537,C31H40F3N5O9,683.7,,237,968,8,13,15
T21610,CC(=O)O.NC(N)=NCCCC(N)C(=O)N1CCCC1C(=O)N1CCCC1C(=O)NCC(=O)NC(Cc1ccccc1)C(=O)NC(CO)C(=O)N1CCCC1C(=O)NC(Cc1ccccc1)C(=O)NC(CCCN=C(N)N)C(=O)O,137796195,C52H77N15O13,1120.3,,456,2110,13,16,27
T8811,C[C@@H](O)[C@H](N)C(=O)N[C@@H](CCCCN)C(=O)N1CCC[C@H]1C(=O)N[C@@H](CCCNC(=N)N)C(=O)O.O=C(O)C(F)(F)F.O=C(O)C(F)(F)F.O=C(O)C(F)(F)F,155977536,C27H43F9N8O12,842.7,,364,844,11,24,15
T8785,CC(O)C(=O)O.O=C(C[C@@H]1NCCC[C@H]1O)Cn1cnc2cc(Br)c(Cl)cc2c1=O,23623920,C19H23BrClN3O6,504.8,,140,592,4,8,5
T8681,Cl.NC(N)=NCCNS(=O)(=O)c1cccc2cnccc12,6917872,C12H16ClN5O2S,329.81,,132,441,4,5,5
T22379L,Cl.O=C(c1ccc(F)c(Cl)c1)N1CCC(F)(CNCCOc2ccccn2)CC1,155977521,C20H23Cl2F2N3O2,446.3,,54.5,506,2,6,7
T4657L,COc1cc2ncnc(Nc3cc(Br)c(O)c(Br)c3)c2cc1OC.Cl,155977535,C16H14Br2ClN3O3,491.6,,76.5,408,3,6,4
T7712L,CC[C@H](C)[C@H](N)C(=O)N[C@@H](CCSC)C(=O)N[C@@H](CC(=O)O)C(=O)N[C@@H](CCC(N)=O)C(=O)N[C@H](C(=O)N1CCC[C@H]1C(=O)N[C@@H](Cc1ccccc1)C(=O)N[C@@H](CO)C(=O)N[C@H](C(=O)O)C(C)C)C(C)C.O=C(O)C(F)(F)F,155977532,C49H75F3N10O16S,1149.2,,451,1990,13,21,31
T8808L,CC(C)CN(CC(=O)N1CCN(CC(OCc2ccc3ccccc3c2)c2ccc(Cl)cc2Cl)CC1)CC(C)C.Cl.Cl,131954512,C33H45Cl4N3O2,657.5,,36,750,2,4,12
TP1327L,CC[C@H](C)[C@H](NC(=O)[C@@H](NC(=O)[C@@H](N)CO)[C@@H](C)CC)C(=O)N[C@@H](CC(N)=O)C(=O)N[C@@H](Cc1ccccc1)C(=O)N[C@@H](CCC(=O)O)C(=O)N[C@@H](CCCCN)C(=O)N[C@@H](CC(C)C)C(=O)O.O=C(O)C(F)(F)F.O=C(O)C(F)(F)F,155977534,C49H76F6N10O17,1191.2,,468,1780,15,25,33
TP2050L,CC(O)C(NC(=O)C1NC(=O)C(C(C)O)NC(=O)C(CCCN=C(N)N)NC(=O)C(Cc2c[nH]c3ccccc23)NC(=O)C(Cc2ccc(O)cc2)NC(=O)C(NC(=O)C(N)Cc2ccccc2)CSSC1(C)C)C(N)=O.O=C(O)C(F)(F)F,155977545,C53H70F3N13O13S2,1218.3,,502,2140,16,20,17
T8823,CC=CC(=O)N1C(=O)OCC1Cc1ccccc1,131675,C14H15NO3,245.27,2.5,46.6,345,0,3,3
TQ0035,Cn1c(=O)oc2cc(-n3cc(C(=O)O)c(=O)n([C@@H]4CCc5c4cccc5C(F)(F)F)c3=O)ccc21,91758792,C23H16F3N3O6,487.4,3.4,107,984,1,9,3
TQ0106,C[C@H](C[C@@H](Cc1ccc(-c2ccccc2)cc1)NC(=O)CCC(=O)O)C(=O)O,10430040,C22H25NO5,383.4,3,104,521,3,5,10
TQ0108,CC(C)(Cc1nc(-c2ccc(O)cn2)no1)C(=O)NC1=C(C(=O)O)CCCC1,135416394,C19H22N4O5,386.4,2.3,138,636,3,8,6
TQ0116,CNC(=O)O[C@H]1COc2ccc(N3CCN(C4COC4)CC3)cc2[C@@H]1NC(=O)c1ccc(F)cc1,67475270,C25H29FN4O5,484.5,2,92.4,739,2,8,6
TQ0154,Nc1nc2c([nH]c(=O)n2[C@@H]2O[C@H](CO)[C@@H](O)[C@H]2O)c(=O)[nH]1,135407175,C10H13N5O6,299.24,-3.6,170,574,6,7,2
TQ0181,CCOC(=O)C1=CCCC[C@H]1S(=O)(=O)Nc1ccc(F)cc1Cl,11703255,C15H17ClFNO4S,361.8,3,80.9,560,1,6,6
TN1091,COc1cc2c3c(cc4ccccc4c3c1OC)N(C)CC2,821347,C19H19NO2,293.4,4.5,21.7,401,0,3,2
TN1740,COc1cc([C@@H]2CC(=O)c3c(O)cc(O)cc3O2)ccc1O,73635,C16H14O6,302.28,2.4,96.2,413,3,6,2
TN2252,CCOC(=O)Oc1c(OC)cc(C(=O)O[C@@H]2C[C@@H]3CN4CCc5c([nH]c6cc(OC)ccc56)[C@H]4C[C@@H]3[C@H](C(=O)OC)[C@H]2OC)cc1OC,6769,C35H42N2O11,666.7,4.6,144,1130,1,12,13
T12103,CCc1nc(-c2ccc(Cl)c(F)c2)nn1CC(=O)NCc1cc(Cl)cc(Cl)c1,138911347,C19H16Cl3FN4O,441.7,5.4,59.8,521,1,4,6
T10087,C[C@H](CC(=O)O)[C@H]1CC[C@H]2[C@@H]3[C@@H](O)C[C@@H]4C[C@H](O)CC[C@]4(C)[C@H]3CC[C@]12C,192254,C23H38O4,378.5,4.6,77.8,591,3,4,3
T10981,O=C1C2C3C=CC(C4CC34)C2C(=O)N1c1ccc(Cc2ccncc2)cc1,145925662,C23H20N2O2,356.4,3,50.3,638,0,3,3
T14589,O=C(O)CCOCCOCCOCCNC(=O)CCCC[C@@H]1SC[C@@H]2NC(=O)N[C@@H]21,24768093,C19H33N3O7S,447.5,-0.9,161,552,4,8,17
T15176,O=C(CCCCCCC(=O)ON1C(=O)CCC1=O)ON1C(=O)CCC1=O,100658,C16H20N2O8,368.34,-0.1,127,544,0,8,11
T14315,CC(=O)N1CCC(NC(=O)NC23CC4CC(CC(C4)C2)C3)CC1,12000797,C18H29N3O2,319.4,2.1,61.4,455,2,2,2
T14323,O=C(c1ccc(Oc2ccccc2)cc1Cl)c1c[nH]c2ncnc(N[C@@H]3CC[C@@H](CO)OC3)c12,129045720,C25H23ClN4O4,478.9,4.3,109,681,3,7,7
T10293,Cc1noc(-c2ccc(-c3ccc(CC(=O)O)cc3)cc2)c1NC(=O)O[C@H](C)c1ccccc1,46213949,C27H24N2O5,456.5,5,102,666,2,6,8
T10410,O=C(Nc1ccc(CP(=O)(O)O)cc1)C1CCN(C(=O)OCc2cc(Cl)cc(Cl)c2)CC1,137628644,C21H23Cl2N2O6P,501.3,2.2,116,682,3,6,7
T14895,O[C@H]1CC[C@H](Nc2ncc3nc(Nc4c(F)cc(F)cc4F)n([C@H]4CCOC4)c3n2)CC1,11597537,C21H23F3N6O2,448.4,3.1,97.1,618,3,10,5
T14919,CNc1nc(C)c(-c2nc(Nc3cccc(S(N)(=O)=O)c3)ncc2F)s1,71561915,C15H15FN6O2S2,394.5,2.2,160,577,3,10,5
T15020,CCCCCCOC(=O)c1cc(O)c(=O)c2c(O)c(O)c(OC)cc2c1,137347162,C19H22O7,362.4,4.3,113,580,3,7,8
T15022,CS(=O)(=O)Nc1ccc(-c2coc3cc(OCc4cccc(C(=O)O)c4)ccc3c2=O)cc1,23661666,C24H19NO7S,465.5,3.1,127,857,2,8,7
T15393,O=C(CCCc1ccccc1)OCC(COC(=O)CCCc1ccccc1)OC(=O)CCCc1ccccc1,10482134,C33H38O6,530.6,6.7,78.9,648,0,6,20
T12853,COc1ccc(-c2csc(NC(=O)c3ccc(OCC(=O)N4CCOCC4)c(OC)c3)n2)cc1,2469116,C24H25N3O6S,483.5,2.9,127,671,1,8,8
T11147,CC[C@H](C)C(=O)N1CCC(NC(=O)Nc2ccc(OC(F)(F)F)c(F)c2)CC1,91933845,C18H23F4N3O3,405.4,3.7,70.7,539,2,7,5
T11176,CCCCCCCC(=O)N[C@H](CN1CCCC1)[C@H](O)c1ccc2c(c1)OCCO2.CCCCCCCC(=O)N[C@H](CN1CCCC1)[C@H](O)c1ccc2c(c1)OCCO2.O=C(O)[C@H](O)[C@@H](O)C(=O)O,52918379,C50H78N4O14,959.2,,257,617,8,16,25
T13690,CCNC1=Nc2ccc(Cl)cc2C(C)(c2ccccc2)O1.Cl,135413552,C17H18Cl2N2O,337.2,,33.6,394,2,2,2
T11486,CN(C)CCCN(CC[C@H](N)C(=O)O)C[C@H]1O[C@@H](n2cnc3c(N)ncnc32)[C@H](O)[C@@H]1O.O=C(O)C(F)(F)F,134814505,C21H33F3N8O7,566.5,,226,700,6,17,11
T13171,O=C(NC(=O)c1c(F)cccc1Cl)NC1c2ccccc2-c2ccccc21,44249042,C21H14ClFN2O2,380.8,5,58.2,552,2,3,2
T15436,CC(C)C1=C2[C@H]3CC[C@@H]4[C@@]5(C)CC[C@H](OC(=O)CC(C)(C)C(=O)O)C(C)(C)[C@@H]5CC[C@@]4(C)[C@]3(C)CC[C@@]2([C@@H](O)CN(CCN(C)C)Cc2ccc(Cl)cc2)CC1=O,71580991,C48H73ClN2O6,809.6,7.2,107,1560,2,8,14
T15576,O=C(Nc1ccncc1)C(=O)c1cn(Cc2ccc(Cl)cc2)c2ccccc12,2929,C22H16ClN3O2,389.8,3.9,64,558,1,3,5
T15629,Cc1nn(C)c2nc(NNC(=O)Nc3cc(Cl)nc(Cl)c3)cc(C(C)C)c12,10223146,C17H19Cl2N7O,408.3,4.4,96.8,516,3,5,4
T15648,CCOC(=O)c1ccnc(CNCC(=O)N(CC)CCN(C)C)c1,90094283,C17H28N4O3,336.4,0.4,74.8,390,1,6,11
T15656,Cc1cc(OCCCNCCC(N)=O)ccc1Cc1c(O[C@@H]2O[C@H](CO)[C@@H](O)[C@H](O)[C@H]2O)n[nH]c1C(C)C,10052896,C26H40N4O8,536.6,0.6,192,719,7,10,14
T10860,O=Cc1cc(Cc2ccccc2)cc([N+](=O)[O-])c1O,871077,C14H11NO4,257.24,3.3,83.1,322,1,4,3
T11733,CSc1cc(C)nc(SC)c1NC(=O)CN1CCN(CCSc2nc3ccccc3[nH]2)CC1.Cl.Cl,22272715,C23H32Cl2N6OS3,575.6,,153,623,4,8,9
T16083,Cc1cc(OCCCNCC(C)(C)C(N)=O)ccc1Cc1c(O[C@@H]2O[C@H](CO)[C@@H](O)[C@H](O)[C@H]2O)n[nH]c1C(C)C,10460535,C28H44N4O8,564.7,1.5,192,789,7,10,14
T10012,COc1cccc(NCC(O)Cn2c3ccc(Br)cc3c3cc(Br)ccc32)c1,3103961,C22H20Br2N2O2,504.2,5.7,46.4,485,2,3,6
T19029,Cc1nc(-n2nc(-c3ccccc3)n[n+]2-c2ccccc2)sc1C.[Br-],64965,C18H16BrN5S,414.3,,75.7,410,0,5,3
T16392,O=C1C2=C(CCN(Cc3ccccc3)C2)N2CCN=C2N1Cc1ccc(F)cc1F,135297777,C23H22F2N4O,408.4,2.2,39.2,733,0,5,4
T16435,Cc1ccc(-n2sc3ccccc3c2=O)cc1,935415,C14H11NOS,241.31,3.4,45.6,299,0,2,1
T16732,CC(C)(O)c1nc2ccc(Cl)cc2cc1N,16088030,C12H13ClN2O,236.70,2.4,59.1,259,2,3,1
T17011,CCOC(=O)[C@]1(c2ccccc2)N=C(c2ccc(OC)cc2)N(Cc2ccccc2)[C@@H]1c1ccc(NCc2ccccc2)cc1,71762768,C39H37N3O3,595.7,7.5,63.2,937,1,5,12
T17196,O=C(Nc1ccc(OC(F)(F)F)cc1)N[C@H]1CC[C@H](Oc2ccc(C(=O)O)cc2)CC1,16756850,C21H21F3N2O5,438.4,4.6,96.9,594,3,8,6
T22278,CO[C@H]([C@@H](C)C(=O)N[C@H](C)[C@@H](O)c1ccccc1)[C@@H]1CCCN1C(=O)OC(C)(C)C,20777964,C23H36N2O5,420.5,2.7,88.1,570,2,5,9
T22280,CCc1ccc(-c2cc(NC3CC(C)(C)NC(C)(C)C3)nc(-c3cc(C)ccc3O)c2)o1,136295145,C27H35N3O2,433.6,5.8,70.3,608,3,5,5
T22308,COc1ccc2c(c1)OC(O)C(=O)N2O,2358,C9H9NO5,211.17,0,79.2,259,2,5,1
T22355,N[C@@H](Cc1cc(I)c(Oc2cc(I)c(O)c(I)c2)c(I)c1)C(=O)[O][Na],23666112,C15H10I4NNaO4,798.85,,95.6,426,2,5,5
T22359,COc1cccc([C@@H](O)C2CCN(CCc3ccc(F)cc3)CC2)c1OC,11953651,C22H28FNO3,373.5,3.9,41.9,422,1,5,7
T22416,Cc1cc(Nc2cc(NC(=O)c3c(Cl)cccc3Cl)ccn2)nc(N)n1,57519505,C17H14Cl2N6O,389.2,3.5,106,474,3,6,4
T22445,CCCCCCCCCCCCCCCCCC[N+](C)(C)C.[Br-],70708,C21H46BrN,392.5,,0,204,0,1,17
T20639,CCCCCCCCCCCC[N+](C)(C)Cc1ccccc1.[Cl-],8753,C21H38ClN,340.0,,0,240,0,1,13
T21422,C[N+]1(CC2CC2)CC[C@]23c4c5ccc(O)c4O[C@H]2C(=O)CC[C@@]3(O)[C@H]1C5.[Br-],5361917,C21H26BrNO4,436.3,,66.8,664,2,5,2
T23333,CS(=O)(=O)c1ccc(-n2nc(C(F)(F)F)cc2-c2ccc(F)cc2)cc1,115239,C17H12F4N2O2S,384.3,3.8,60.3,577,0,7,3
T23336,COc1ccc(CCCn2ncc3c2nc(N)n2nc(-c4ccco4)nc32)cc1,10668061,C20H19N7O2,389.4,2.7,109,547,1,7,6
TP1828,CC(=O)N[C@H](CO)C(=O)N[C@@H](CC(=O)O)C(=O)N[C@H](CCCCN)C(=O)N1CCC[C@@H]1C(=O)O,155977656,C20H33N5O9,487.5,-5.4,228,776,7,10,14
T8832,CC[C@H](C)[C@H](NC(=O)[C@H](Cc1ccccc1)NC(=O)[C@H](C)NC(=O)[C@H](CC(=O)O)NC(=O)[C@H](CCCCN)NC(=O)[C@H](CO)NC(=O)[C@@H]1CCCN1C(=O)[C@@H]1CCC(=O)N1)C(=O)NCC(=O)N[C@@H](CC(C)C)C(=O)N[C@@H](CCSC)C(N)=O.O=C(O)C(F)(F)F,91667949,C56H86F3N13O17S,1302.4,,501,2360,15,22,36
T8826,Nc1nccnn1,70715,C3H4N4,96.09,-1.2,64.7,54,1,4,0
T8830,COc1ccc2[nH]c(-c3cccc(F)c3)cc(=O)c2c1OP(=O)([O-])[O-].[Na+].[Na+],49840583,C16H11FNNa2O6P,409.21,,111,582,1,8,3
T8818,Cc1ccc(C)c(Oc2ccncc2C(=O)N2CCN(C3CC3)c3ccccc32)c1,71450251,C25H25N3O2,399.5,4.6,45.7,609,0,4,4
T21965,Clc1ccc2ncnc(NCc3ccc4c(c3)OCO4)c2c1,6610310,C16H12ClN3O2,313.74,3.8,56.3,386,1,5,3
TP2036L,CC1(C)SSC(C)(C)[C@@H](NC(=O)[C@@H](N)Cc2ccc(O)cc2)C(=O)NCC(=O)N[C@@H](Cc2ccccc2)C(=O)N[C@H]1C(=O)O.O=C(O)C(F)(F)F,137700461,C32H40F3N5O9S2,759.8,,288,1130,8,15,7
T8829,O=C(C=Cc1ccccc1)c1ccc(O)cc1O,344530,C15H12O3,240.25,3.5,57.5,305,2,3,3
T8822,Cl.Cl.c1cc(OCCCN2CCCCC2)ccc1CN1CCCCC1,90488903,C20H34Cl2N2O,389.4,,15.7,303,2,3,7
T5346,Cc1c(-c2c(-c3ccc(F)o3)sc3ncnc(O[C@H](Cc4ccccc4OCc4ccnn4CC(F)(F)F)C(=O)O)c23)ccc(OCCN2CCN(C)CC2)c1Cl,122197581,C39H37ClF4N6O6S,829.3,5.7,156,1300,1,16,15
T8825,CNC(=O)c1ccc(-c2cnc3ncc(Cc4ccc5ncccc5c4)n3n2)cc1F.Cl.Cl.O,122201352,C23H21Cl2FN6O2,503.4,,86.1,637,4,7,4
T8801,CC(C)n1cnc2c(Nc3cccc(Cl)c3)nc(N[C@H]3CCCC[C@@H]3N)nc21,134397451,C20H26ClN7,399.9,4,93.7,507,3,6,5
T8820,COc1cccc(-c2cc(NCc3ccc4c(c3)OCO4)nc(N)n2)c1.Cl,122705993,C19H19ClN4O3,386.8,,91.5,455,3,7,5
T8828,CC(C)c1cc(Cl)cc(C(C)C)c1NC(=O)NS(=O)(=O)c1cccc(C(C)(C)O)c1,9911728,C22H29ClN2O4S,453.0,5.2,104,672,3,4,6
T8810,CC(C)(C)NCC(O)c1cc(O)cc(O)c1,5403,C12H19NO3,225.28,0.9,72.7,205,4,4,4
T8764,Nc1ncc(-c2cccc(N3CCNCC3)c2)cc1C(=O)Nc1ccncc1,138377600,C21H22N6O,374.4,1.9,96.2,505,3,6,4
T19827,Cl.Cl.N=C(N)c1ccc(-c2cc3ccc(C(=N)N)cc3[nH]2)cc1,160166,C16H17Cl2N5,350.2,,116,413,7,2,3
T8774,CC(=O)n1c2c(c3ccccc31)CCCC2=O,853608,C14H13NO2,227.26,2.3,39.1,352,0,2,0
T8782,O=C(COc1ccc(Br)c2ccccc12)NN=Cc1ccc([N+](=O)[O-])s1,1381747,C17H12BrN3O4S,434.3,5,125,545,1,6,5
T8814,C[C@@H]([C@H](N)C(=O)N[C@H](C(=O)O)[C@H]1O[C@@H](n2ccc(=O)[nH]c2=O)[C@H](O)[C@@H]1O)[C@H](O)c1ccc(O)cn1,456557,C20H25N5O10,495.4,-5.6,245,871,8,12,8
T8807,CN(C)CCCOc1nn(Cc2ccccc2)c2ccccc12,12555,C19H23N3O,309.4,3.9,30.3,344,0,3,7
T8819,COc1ccc2c(c1)C(=Cc1cnc[nH]1)C(=O)N2,24906268,C13H11N3O2,241.24,1,67,369,2,3,2
T8802,C1=CCC2(CC1)COC(c1ccco1)OC2,105102,C13H16O3,220.26,2.1,31.6,266,0,3,1
T8816,Clc1ccc(CCNC2CCN(Cc3ccccc3)CC2)c(Cl)c1,6456370,C20H24Cl2N2,363.3,5.1,15.3,352,1,2,6
T8706,O=C(CSc1nc2ccc(N3CCOCC3)cc2c(=O)n1CCc1ccccc1)NCc1ccco1,3293286,C27H28N4O4S,504.6,3.5,113,784,1,7,9
T8793,CC(C)N1CCC(NC(=O)c2c(Cl)cccc2Cl)CC1,25236799,C15H20Cl2N2O,315.2,3.8,32.3,320,1,2,3
T22774L,CC(C)CC(N)C(=O)NC(CCC(=O)O)C(=O)NC(CC(=O)O)C(=O)NCC(=O)N1CCCC1C(=O)NC(CCCCN)C(=O)NC(Cc1ccccc1)C(=O)NC(CC(C)C)C(=O)O.O=C(O)C(F)(F)F,155977531,C45H68F3N9O15,1032.1,,396,1740,12,20,29
T5025L,CC(=O)O.C[C@H](NC(=O)[C@@H](Cc1ccc2ccccc2c1)NC(=O)[C@@H](C)N)C(=O)N[C@@H](Cc1c[nH]c2ccccc12)C(=O)N[C@H](Cc1ccccc1)C(=O)N[C@@H](CCCCN)C(N)=O,91971813,C47H59N9O8,878.0,,294,1470,10,10,21
TP1736L,CCCCOC(C)=O.CC[C@@H](C)[C@H](NC(=O)[C@H](Cc1c[nH]cn1)NC(=O)[C@@H](N)CCC(=O)O)C(=O)N1CCC[C@H]1C(=O)N[C@@H](C)C(=O)O,155977540,C31H51N7O10,681.8,,263,1020,7,12,19
TP1793L,C[C@H](NC(=O)CNC(=O)[C@@H](NC(=O)[C@H](Cc1ccccc1)NC(=O)CNC(=O)CNC(=O)[C@@H](N)Cc1ccccc1)[C@@H](C)O)C(=O)N[C@@H](CCCNC(=N)N)C(=O)N[C@@H](CCCCN)C(=O)N[C@@H](CO)C(=O)N[C@@H](C)C(=O)N[C@@H](CCCNC(=N)N)C(=O)N[C@@H](CCCCN)C(N)=O.O=C(O)C(F)(F)F,145707538,C63H101F3N22O17,1495.6,,677,2740,23,25,47
TP1918L,N=C(N)NCCC[C@H](NC(=O)[C@@H](N)CCCCN)C(=O)N1CCC[C@H]1C(=O)N1CCC[C@H]1C(=O)NCC(=O)N[C@@H](Cc1ccccc1)C(=O)N[C@@H](CO)C(=O)N1CCC[C@H]1C(=O)N[C@@H](Cc1ccccc1)C(=O)O.O=C(O)C(F)(F)F.O=C(O)C(F)(F)F,163342333,C54H75F6N13O15,1260.2,,455,2040,13,24,27
TP1938L,CC(C)C[C@H](NC(=O)[C@H](C)NC(=O)[C@H](Cc1c[nH]cn1)NC(=O)[C@@H]1CCCN1C(=O)[C@@H]1CCCN1C(=O)[C@H](C)N)C(=O)N[C@@H](CO)C(=O)O.O=C(O)C(F)(F)F.O=C(O)C(F)(F)F,155977542,C35H51F6N9O13,919.8,,344,1320,10,21,16
TP2305,CC(C)C[C@H](NC(=O)[C@H](CCCNC(=N)N)NC(=O)[C@H](CCC(N)=O)NC(=O)[C@@H]1CCC(=O)N1)C(=O)NCC(=O)N[C@@H](CC(N)=O)C(=O)N[C@@H](CCC(N)=O)C(=O)N[C@@H](Cc1c[nH]c2ccccc12)C(=O)N[C@@H](C)C(=O)N[C@H](C(=O)O)C(C)C,171361681,C52H79N17O15,1182.3,-4.5,538,2440,17,16,36
T3131,C[C@H]1O[C@H]1P(=O)([O-])[O-].[Ca+2],5458178,C3H5CaO4P,176.12,,75.7,127,0,4,0
T8854,Nc1nc2ncc(CNc3ccc(C(=O)O)cc3)nc2c(=O)[nH]1,135398749,C14H12N6O3,312.28,-0.3,143,503,4,7,4
TQ0022,CN1N=C2CCN(C(=O)[C@@H](COCc3ccccc3)NC(=O)C(C)(C)N)C[C@@]2(Cc2ccccc2)C1=O.O=C(O)[C@H](O)[C@@H](O)C(=O)O,9852610,C32H41N5O10,655.7,,232,1010,6,12,12
TQ0036,CC(C)CCC1(O)O[C@H]2[C@H](O)[C@H]3[C@@H]4CC[C@@H]5C[C@@H](O[C@@H]6O[C@H](CO)[C@H](O)[C@H](O)[C@H]6O[C@@H]6O[C@H](CO)[C@@H](O)[C@H](O)[C@H]6O)CC[C@]5(C)[C@H]4CC[C@]3(C)[C@H]2[C@@H]1C,101672279,C39H66O14,758.9,2.6,228,1270,9,14,9
TQ0037,CCCS(=O)(=O)N[C@H]1C[C@@H](N(C)c2ncnc3[nH]ccc23)C1,78323835,C14H21N5O2S,323.42,1.7,99.4,474,2,6,6
TQ0071,O[C@H](C[C@H]1c2c(F)cccc2-c2cncn21)[C@H]1CC[C@H](O)CC1,70914230,C18H21FN2O2,316.4,2.1,58.3,416,2,4,3
TQ0111,COc1ccc2nc3ccc(OC)cc3c(SCCCN)c2c1,53390843,C18H20N2O2S,328.4,3.4,82.7,343,1,5,6
T7522,CNC(=O)[C@@H](NC(=O)[C@H](CCCc1ccccc1)[C@H](C)N(O)C=O)C(C)(C)C,9952396,C21H33N3O4,391.5,2.9,98.7,512,3,4,10
TQ0161,CC(C)=CCc1c(-c2ccc(O)cc2O)oc2c(CC=C(C)C)c(O)cc(O)c2c1=O,5481958,C25H26O6,422.5,6.2,107,758,4,6,5
TQ0165,C=C1C(=O)O[C@@H]2[C@H]3C(C)=CC[C@@]34O[C@@]4(C)CC[C@@H]12,5574924,C15H18O3,246.30,1.7,38.8,506,0,3,0
TQ0250,CC(C)(C)c1cc(Br)cc([C@H](CC(=O)O)NC(=O)CNC(=O)c2cc(O)cc(NC3=NCC(O)CN3)c2)c1,72949858,C26H32BrN5O6,590.5,1.6,172,881,7,7,10
TQ0269,OCC1=C[C@@H](O)[C@]2(O[C@@H]3O[C@H](CO)[C@@H](O)[C@H](O)[C@H]3O)C=CO[C@@H](O[C@@H]3O[C@H](CO)[C@@H](O)[C@H](O)[C@H]3O)[C@H]12,11968737,C21H32O15,524.5,-5.7,248,823,10,15,7
TQ0286,O=C1O[C@]2(CC[C@@H](C(=O)Nc3ccn(-c4ccccc4F)n3)CC2)c2cnccc21,11491176,C22H19FN4O3,406.4,2.6,86.1,669,1,6,3
TN1005,O=C(O)CC(O)(CC(=O)OCc1ccc(O[C@@H]2O[C@H](CO)[C@@H](O)[C@H](O)[C@H]2O)cc1)C(=O)O,91973797,C19H24O13,460.4,-2,221,662,7,13,11
TN1035,COc1ccc(-c2coc3cc(O)c(OC)c(O)c3c2=O)cc1,5281781,C17H14O6,314.29,3,85.2,468,2,6,3
TN1088,COc1ccc(-c2oc3c(OC)c(OC)c(OC)c(OC)c3c(=O)c2OC)cc1OC,150893,C22H24O9,432.4,3.2,90.9,651,0,9,8
TN1113,C[C@@H]1O[C@@H](Oc2cc(O)c3c(=O)c(O)c(-c4ccc(O)c(O)c4)oc3c2)[C@H](O)[C@H](O)[C@H]1O,5748601,C21H20O11,448.4,0.9,186,741,7,11,3
TN1189,COc1ccc2c(C)c3[n+](cc2c1OC)CCc1cc2c(cc1-3)OCO2.[Cl-],148670,C21H20ClNO4,385.8,,40.8,516,0,5,2
TN1259,COc1cc(O)c2c(=O)c(O[C@@H]3O[C@H](CO)[C@@H](O)[C@H](O)[C@H]3O[C@@H]3OC[C@](O)(CO)[C@H]3O)c(-c3ccc(O[C@@H]4O[C@H](CO)[C@@H](O)[C@H](O)[C@H]4O)cc3)oc2c1,10440090,C33H40O20,756.7,-2,313,1280,11,20,11
TN1278,COc1ccc(-c2coc3c([C@@H]4O[C@H](CO)[C@@H](O)[C@H](O)[C@H]4O)c(O)ccc3c2=O)cc1,5319486,C22H22O9,430.4,0.3,146,674,5,9,4
TN1420,CC(C)=C[C@@H]1CO[C@]23C[C@]4(CO2)[C@H](CC[C@@H]2[C@@]5(C)CC[C@H](O[C@@H]6OC[C@H](O)[C@H](O[C@@H]7O[C@H](COS(=O)(=O)O)[C@@H](O)[C@H](O)[C@H]7O)[C@H]6O[C@@H]6O[C@@H](CO)[C@H](O)[C@H]6O)C(C)(C)[C@@H]5CC[C@]24C)[C@H]3[C@@]1(C)O,21599442,C46H74O20S,979.1,1.1,308,1970,9,20,11
TN1494,C[C@H](CC(=O)[C@@H]1OC1(C)C)[C@H]1C(=O)C[C@@]2(C)C3=CC[C@H]4C(C)(C)[C@@H](O[C@@H]5OC[C@@H](O)[C@H](O)[C@H]5O)CC[C@@]45C[C@@]35[C@@H](O)C[C@]12C,15241163,C35H52O9,616.8,1.8,146,1290,4,9,6
TN1546,CC(C)C[C@](CC(=O)OCc1ccc(O[C@@H]2O[C@H](CO)[C@@H](O)[C@H](O)[C@H]2O)cc1)(O[C@@H]1O[C@H](CO)[C@@H](O)[C@H](O)[C@H]1O)C(=O)OCc1ccc(O[C@@H]2O[C@H](CO)[C@@H](O)[C@H](O)[C@H]2O)cc1,10819499,C40H56O22,888.9,-2.1,351,1380,12,22,20
TN1712,O=c1c(O)c(-c2ccc(O)c(O)c2)oc2c(O[C@@H]3O[C@H](CO)[C@@H](O)[C@H](O)[C@H]3O)c(O)cc(O)c12,5281621,C21H20O13,480.4,0,227,789,9,13,4
TN1736,O=C(O)[C@H]1O[C@@H](Oc2c(O)cc(O)c3c(=O)c(O)c(-c4ccc(O)c(O)c4)oc23)[C@H](O)[C@@H](O)[C@@H]1O,5490334,C21H18O14,494.4,0.3,244,861,9,14,4
TN1742,COc1cc(CCO)ccc1O,16928,C9H12O3,168.19,0.5,49.7,127,2,3,3
TN1855,COc1cc2c(cc1O)C[C@@H]1NCCc3cc(O)c(OC)c-2c31,22179,C18H19NO4,313.3,2.3,71,433,3,5,2
TN1925,COC(=O)c1ccccc1N,8635,C8H9NO2,151.16,1.9,52.3,147,1,3,2
TN1936,C[C@H](CC[C@@H](O[C@@H]1O[C@H](CO)[C@@H](O)[C@H](O)[C@H]1O[C@@H]1O[C@H](CO)[C@@H](O)[C@H](O)[C@H]1O)C(C)(C)O)[C@H]1CC[C@@]2(C)[C@@H]3CC=C4[C@@H](CC[C@H](O[C@@H]5O[C@H](CO)[C@@H](O)[C@H](O)[C@H]5O)C4(C)C)[C@]3(C)[C@H](O)C[C@]12C,102350789,C48H82O19,963.2,0.6,318,1720,13,19,14
TN2003,COC(=O)Nc1ccc(C)c(NC(=O)OC)c1,235307,C11H14N2O4,238.24,1.2,76.7,283,2,4,4
TN2246,COc1cc2oc(-c3ccc(O)c(O)c3)cc(=O)c2c(O)c1[C@@H]1O[C@H](CO)[C@@H](O)[C@H](O)[C@H]1O,442659,C22H22O11,462.4,0.2,186,744,7,11,4
TN2346,C[C@H](CC[C@@H](O)C(C)(C)O)[C@H]1CC[C@@]2(C)[C@@H]3CC=C4[C@@H](CC[C@H](O)C4(C)C)[C@]3(C)[C@H](O)C[C@]12C,14525327,C30H52O4,476.7,5.4,80.9,817,4,4,5
T12039,CCCCN1C[C@H](O)[C@@H](O)[C@H](O)[C@H]1CO,51634,C10H21NO4,219.28,-0.6,84.2,190,4,5,4
T19458,O=C(O)C1CCCCN1O,269025,C6H11NO3,145.16,-1.5,60.8,137,2,4,1
T12231,CC1(C)CCC(NC(=O)c2cc3c(F)cc(F)cc3[nH]2)CC1,72711190,C17H20F2N2O,306.35,4.3,44.9,419,2,3,2
T12235,CCOC(=O)c1c(NC(=O)CC2Nc3cc(C)c(C)cc3NC2=O)sc(C)c1C,2886617,C21H25N3O4S,415.5,4,125,645,3,6,6
T13809,O=[N+]([O-])c1cccc(-c2cn(-c3cccc(I)c3)nn2)c1,122190591,C14H9IN4O2,392.15,3.5,76.5,378,0,4,2
T12468,COc1ccc(-c2sc(NC(=O)C(C)(C)C)nc2C)cc1S(=O)(=O)Nc1ccc(O)cc1,71549093,C22H25N3O5S2,475.6,4.1,154,744,3,8,7
T12469,COc1ccc(-c2sc(NC(=O)C3CCCC3)nc2C)cc1S(=O)(=O)Nc1ccc(O)cc1,71533728,C23H25N3O5S2,487.6,4.2,154,763,3,8,7
T19084,CC(=O)Oc1cccc2ccccc12,13247,C12H10O2,186.21,2.8,26.3,212,0,2,2
T10112,COc1ccc(C(C)=O)cc1O,95693,C9H10O3,166.17,1.2,46.5,167,1,3,2
T10140,CCN(CC)c1ccc(C=O)cc1,67114,C11H15NO,177.24,2.5,20.3,146,0,2,4
T19137,CC(=O)c1ccc(C)cc1,8500,C9H10O,134.17,2.1,17.1,121,0,1,1
T10899,O=[N+]([O-])c1ccc(COc2cc3c(cc2OCc2ccc([N+](=O)[O-])cc2)OC2(C=C3)CCOCC2)cc1,132585194,C27H24N2O8,504.5,5,129,804,0,8,6
T11005,NS(=O)(=O)c1ccc(-n2nc(C(F)(F)F)cc2-c2ccccc2)cc1,6426663,C16H12F3N3O2S,367.3,3,86.4,550,1,7,3
T11122,CC(C)(C)OC(=O)CC[C@H](NC(=O)N[C@@H](CCC(=O)O)C(=O)OC(C)(C)C)C(=O)OC(C)(C)C,87285592,C23H40N2O9,488.6,2.3,157,743,3,9,16
T14073,CNC(=O)Nc1ccc2c(c1)CC[C@@]21OC(=O)N(CC(=O)N(Cc2ccc(F)cc2)[C@@H](C)C(F)(F)F)C1=O,118958122,C25H24F4N4O5,536.5,3.3,108,941,2,9,6
T14081,C[n+]1ccn(C[C@@]2(C)[C@H](C(=O)[O-])N3C(=O)C[C@H]3S2(=O)=O)n1,23653540,C11H14N4O5S,314.32,-0.6,125,597,0,6,2
T17693,CC(C)[C@H](NC(=O)OC(C)(C)C)C(=O)NC(CCCNC(N)=O)C(=O)Nc1ccc(CO)cc1,59256372,C23H37N5O6,479.6,1.1,172,686,6,6,13
T14140,CCCCCCCCCCCCCCCCC(C(=O)O)C(O)(CC(=O)O)C(=O)O,12629,C22H40O7,416.5,6.5,132,478,4,7,20
T14578,NNC(=O)CCCC[C@@H]1SC[C@@H]2NC(=O)N[C@@H]21,83872,C10H18N4O2S,258.34,-0.7,122,313,4,4,5
T10319,CN(C)N(C)C(=O)[C@@]1(Cc2ccccc2)CCCN(C(=O)[C@@H](Cc2c[nH]c3ccccc23)NC(=O)C(C)(C)N)C1,9828911,C31H42N6O3,546.7,2.8,115,904,3,5,9
T14998,COc1c(OCCCN2CCOCC2)ccc2c1N=C(NC(=O)c1cnc(N)nc1)N1CCN=C21.Cl.Cl,135565785,C23H30Cl2N8O4,553.4,,140,974,4,9,7
T15080,OC(CNCCc1c[nH]c2ccccc12)Cn1c2ccccc2c2ccccc21,16451230,C25H25N3O,383.5,4.3,53,506,3,2,7
T15259,CC(C)(C)c1ccc(CN(Cc2cccc(OCC(=O)O)c2)S(=O)(=O)c2cccnc2)cc1,9890801,C25H28N2O5S,468.6,4.2,105,722,1,7,10
T11451,CCC(C)(C)C(=O)C(=O)N1CCC[C@H]1C(=O)OCCCc1cccnc1,445501,C20H28N2O4,360.4,3.1,76.6,518,0,5,9
T11520,CN(c1ccc(NC(=O)Nc2ccc(OC(F)(F)F)cc2)cc1)c1ccnc(Nc2cccc(S(N)(=O)=O)c2)n1,5329829,C25H22F3N7O4S,573.5,4.4,160,922,4,12,8
T13722,Cc1ncsc1-c1ccc(CNC(=O)[C@@H]2C[C@@H](O)CN2C(=O)[C@@H](NC(=O)COCCOCCOCCOCCOCCOCC(=O)N[C@H](C(=O)N2C[C@H](O)C[C@H]2C(=O)NCc2ccc(-c3scnc3C)cc2)C(C)(C)C)C(C)(C)C)cc1,134160242,C58H82N8O14S2,1179.5,3.6,335,1870,6,18,33
T13951,Cc1ccc(C)c(Cn2c(C(O)c3ccncc3)nc3ccc(-c4cnn(C)c4)cc32)c1,72700327,C26H25N5O,423.5,3.5,68.8,613,1,4,5
T13287,O=C(CC(CO)N1CCN(c2ccc(OC(F)(F)F)cc2)CC1)Nc1ccc(Cl)cc1,126697666,C21H23ClF3N3O3,457.9,3.9,65,560,2,8,7
T13612,Cc1cc(C)cc(C(=O)N(NC(=O)c2ccc3c(c2C)CCCO3)C(C)(C)C)c1,10157484,C24H30N2O3,394.5,5,58.6,589,1,3,3
T18957,Cc1c(CC(=O)NCCCC[C@H](NC(=O)[C@@H](C)N)C(=O)O)c(=O)oc2cc(N)ccc12.Cl,139600271,C21H29ClN4O6,468.9,,174,737,6,8,10
T19071,Cc1cc(-c2cc(C)c(N)c(C)c2)cc(C)c1N,41206,C16H20N2,240.34,3.6,52,226,2,2,1
T16398,Cc1c(Cl)c(C)[n+]([O-])c(Cl)c1-c1noc(-c2cc(O)c(O)c([N+](=O)[O-])c2)n1,135565903,C15H10Cl2N4O6,413.2,3.4,151,557,2,8,2
T12428L,Cc1cc(C)c(CN2CCc3c(Cl)cc(-c4c(C)noc4C)c(Cl)c3C2=O)c(=O)[nH]1,86723730,C22H21Cl2N3O3,446.3,3.6,75.4,798,1,4,3
T16579,CC(O)C[C@@H]1OC[C@@H](O)[C@H](O)[C@H]1O,16666733,C8H16O5,192.21,-1.8,90.2,163,4,5,2
T13750,C[C@H](O)[C@@H](O)[C@@H](O)[C@H](O)CO,445724,C6H14O5,166.17,-2,101,107,5,5,4
T11898,Cc1ccc(NC(=O)c2ccnc(C(F)(F)F)c2)cc1-c1cc(OCCO)nc(N2CCOCC2)c1,90456533,C25H25F3N4O4,502.5,3.2,96.8,709,2,10,7
T17224,Cc1cnc(Cl)nc1-c1ccc(N(Cc2ccc(CNC(=O)C(F)F)cc2)C(=O)c2ccc(O)cc2O)cc1,86280454,C28H23ClF2N4O4,553.0,5.5,116,810,3,8,8
T22334,CC[C@H](C)[C@@H]([C@@H](CC(=O)O)OC)N(C)C(=O)[C@@H](NC(=O)[C@H](C(C)C)N(C)C(=O)OCC1c2ccccc2-c2ccccc21)C(C)C,60042710,C36H51N3O7,637.8,6,125,1010,2,7,16
T22344,CC(=O)O.N=C(N)NCCC[C@@H](N)C(=O)N[C@@H](CCCNC(=N)N)C(=O)N1CCC[C@H]1C(=O)N1C[C@H](O)C[C@H]1C(=O)NCC(=O)N[C@@H](Cc1cccs1)C(=O)N[C@@H](CO)C(=O)N1Cc2ccccc2C[C@@H]1C(=O)N1[C@H](C(=O)N[C@@H](CCCNC(=N)N)C(=O)O)C[C@@H]2CCCC[C@@H]21,6918172,C61H93N19O15S,1364.6,,589,2750,16,20,30
T2S0820,COc1c(-c2ccccc2)oc2c(ccc3occc32)c1=O,100633,C18H12O4,292.3,3.8,48.7,477,0,4,2
T3S1850,CC1(C)CC[C@]2(C(=O)O)CC[C@]3(C)C(=CC[C@@H]4[C@@]5(C)C[C@H](O)[C@H](O)[C@@](C)(CO)[C@@H]5CC[C@]43C)[C@@H]2C1,12305221,C30H48O5,488.7,5.8,98,941,4,5,2
T4A2399,CC(=O)O[C@H]1[C@H]2O[C@]23[C@@H]2CC[C@]4(O)C[C@@H](O)CC[C@]4(C)[C@H]2CC[C@]3(C)[C@H]1c1ccc(=O)oc1,259776,C26H34O7,458.5,2.1,106,972,2,7,3
T4S1247,C[C@@H]1CC[C@@]2(OC1)O[C@H]1C[C@@]3(O)[C@@H]4CC=C5C[C@@H](O[C@@H]6O[C@H](CO)[C@@H](O[C@@H]7OC[C@@H](O)[C@H](O)[C@H]7O)[C@H](O)[C@H]6O[C@@H]6O[C@@H](C)[C@H](O)[C@@H](O)[C@H]6O)CC[C@]5(C)[C@H]4CC[C@]3(C)[C@H]1[C@@H]2C,102004870,C44H70O17,871.0,-0.3,256,1620,9,17,7
T4S1518,CC1(C)CC[C@]2(C(=O)O[C@@H]3O[C@H](CO)[C@@H](O)[C@H](O)[C@H]3O)CC[C@]3(C)C(=CC[C@@H]4[C@@]5(C)CC[C@H](O[C@@H]6O[C@H](C(=O)O)[C@@H](O)[C@H](O)[C@H]6O[C@@H]6OC[C@@H](O)[C@H](O)[C@H]6O)C(C)(C)[C@@H]5CC[C@]43C)[C@@H]2C1,21633069,C47H74O18,927.1,2.8,292,1830,10,18,9
TN2703,COc1ccc(C(C)=O)c(O)c1O,12820,C9H10O4,182.17,1.5,66.8,192,2,4,2
T20712,C[C@@H]1[C@@H]2CC[C@@H]3[C@@H]4CC=C5C[C@H](N(C)C)CC[C@@]5(C)[C@@H]4CC[C@@]32CN1C,154701816,C24H40N2,356.6,4.9,6.5,609,0,2,1
T20881,O=C(O)c1ccccc1I,6941,C7H5IO2,248.02,2.4,37.3,136,1,2,1
T21013,CN(C)CCCN1c2ccccc2CCc2ccc(Cl)cc21,2801,C19H23ClN2,314.9,5.2,6.5,346,0,2,4
T21231,CN(C)CCc1c[nH]c2ccc(CS(=O)(=O)N3CCCC3)cc12,123606,C17H25N3O2S,335.5,1.6,64.8,483,1,4,6
T21343,O=S(=O)([O-])CCCN1c2ccccc2Sc2ccccc21.[Na+],23689088,C15H14NNaO3S2,343.4,,94.1,432,0,5,4
T21437,CCCCCCCCCCCCCCCCCC(=O)OC[C@H](COP(=O)(O)OC[C@H](N)C(=O)O)OC(=O)CCCCCCCCCCCCCCCCC,9547096,C42H82NO10P,792.1,12.1,172,937,3,11,44
T22830,C1COCCN1.COc1ccc(P(=S)(S)N2CCOCC2)cc1,46937261,C15H25N2O3PS2,376.5,,76.1,324,2,7,3
T19712,O=C1C=C[C@H]2CO[C@@H]1O2,699486,C6H6O3,126.11,-0.2,35.5,173,0,3,0
T19753,CCOc1ccccc1,7674,C8H10O,122.16,2.5,9.2,65,0,1,2
T7338L,O=C(c1ccccc1)c1ccc(O)cc1O,8572,C13H10O3,214.22,3.2,57.5,246,2,3,2
T8106,COc1ccc(C(N)=O)cn1,250810,C7H8N2O2,152.15,1.4,65.2,149,1,3,2
T20257,COC(=O)c1ccc(OC)cc1,8499,C9H10O3,166.17,2.3,35.5,148,0,3,3
T20285,Nc1ccccc1I,11995,C6H6IN,219.02,2.3,26,74,1,1,0
T20324,CCCC(=O)c1ccccc1,10315,C10H12O,148.20,2.5,17.1,123,0,1,3
T20371,CCC(=O)c1ccccc1O,69133,C9H10O2,150.17,2.5,37.3,142,1,2,2
T20446,COc1cc(C)ccc1O,7144,C8H10O2,138.16,1.3,29.5,103,1,2,1
T20461,CCOc1ccc(C(=O)OC)cc1,90231,C10H12O3,180.20,2.6,35.5,160,0,3,4
TP1523,C[C@H](NC(=O)[C@H](CCCN=C(N)N)NC(=O)[C@H](CCCCN)NC(=O)[C@@H](N)CCCN=C(N)N)C(=O)N[C@@H](CCCN=C(N)N)C(=O)N[C@@H](CCCCN)C(=O)N[C@@H](CCC(=O)O)C(=O)O.O=C(O)C(F)(F)F,145925710,C40H75F3N18O12,1057.1,,558,1740,18,21,36
T4471,O=C1NNc2nc(CN3Cc4ccccc4C3)nc3cccc1c23,135565981,C18H15N5O,317.3,1.1,69.1,586,2,3,2
T3303,COc1ccc(-c2csc(NC(=O)[C@H]3CCCCN3S(=O)(=O)c3ccc(C)cc3)n2)cc1,53347902,C23H25N3O4S2,471.6,4.2,125,728,1,7,6
T8840,Cc1cc(CS(=O)(=O)c2ccccc2)cc(OCc2ccc(CN3CCC[C@@H]3CO)cc2)c1.Cl,121230770,C27H32ClNO4S,502.1,,75.2,679,2,5,9
T8850,COc1ccc(Nc2ncc(C(F)(F)F)c(NC3CC3)n2)cc1OC,132178569,C16H17F3N4O2,354.33,3.8,68.3,436,2,9,6
T13920L,CC(=O)O.CC(=O)O.NCCCC[C@H](NC(=O)[C@@H]1CCCN1C(=O)[C@@H]1CSSC[C@H](NC(=O)CNC(=O)CNC(=O)CN)C(=O)N[C@@H](Cc2ccc(O)cc2)C(=O)N[C@@H](Cc2ccccc2)C(=O)N[C@@H](CCC(N)=O)C(=O)N[C@@H](CC(N)=O)C(=O)N1)C(=O)NCC(N)=O,72941948,C56H82N16O19S2,1347.5,,638,2410,18,23,25
T8843,CNC(=O)c1cc(Oc2ccc(NC(=O)Nc3cc(C(F)(C(F)(F)F)C(F)(F)F)ccc3F)cc2)ccn1,131953288,C23H16F8N4O3,548.4,4.9,92.4,805,3,12,6
T8824,O=C1CCC(N2C(=O)c3cccc4cc(O)cc(c34)C2=O)C(=O)N1,152258126,C17H12N2O5,324.29,1,104,618,2,5,1
T8667,O=C(O)CNC(=O)[C@H](Cc1ccccc1)NC(=O)CNC(=O)CNC(=O)CCCCCN1C(=O)C=CC1=O,153541851,C25H31N5O8,529.5,-0.6,191,911,5,8,16
T8769,COc1ccc2c3c([nH]c2c1)C(C)=NCC3.Cl,196973,C13H15ClN2O,250.72,,37.4,302,2,2,1
T8851,Cc1cc(=O)[nH]c(SCC(=O)c2cccc3ccccc23)n1,135412420,C17H14N2O2S,310.4,3.3,83.8,527,1,4,4
T8771,COc1c(C(=O)CC(=O)c2ccccc2)ccc2occc12,689051,C18H14O4,294.3,3.5,56.5,413,0,4,5
T8770,CC1=NCCc2c1[nH]c1cc(O)ccc21,3565,C12H12N2O,200.24,1.7,48.4,289,2,2,0
T8845,Cc1cc(C(=O)Nc2ccc(Cl)cc2Cl)no1,17173847,C11H8Cl2N2O2,271.10,3.2,55.1,291,1,3,2
TN5283,Cl.N[C@@H](CS)C(=O)O.O,23462,C3H10ClNO3S,175.64,,65.3,75,5,5,2
T8844,Cc1cc(OCc2nc3ccccc3s2)ccc1NC(=O)Nc1ccc(Cl)c(Cl)c1,4560409,C22H17Cl2N3O2S,458.4,6.1,91.5,587,2,4,5
T7564,CN(C)CCOC(C)(c1ccccc1)c1ccc(Cl)cc1,6475,C18H22ClNO,303.8,4.1,12.5,296,0,2,6
TN5284,CCCCCCCCCC(=O)CC(O)S(=O)(=O)[O-].[Na+],23663544,C12H23NaO5S,302.36,,103,324,1,5,11
T8794,Cc1nc(N2CCN(C)CC2)nc2c1Nc1ccccc1S2,44423602,C16H19N5S,313.4,3.2,69.6,387,1,6,1
T20515L,CC(=O)O.C[C@@H](O)[C@H](N)C(=O)N[C@@H](CCCCN)C(=O)N1CCC[C@H]1C(=O)N[C@@H](CCCNC(=N)N)C(=O)N1CCC[C@H]1C(=O)NCC(=O)N1CCC[C@H]1C(=O)O,155489759,C35H61N11O11,811.9,,360,1390,10,14,19
T23479L,C[C@@H](O)[C@H](NC(=O)[C@@H]1CSSC[C@H](NC(=O)[C@H](N)Cc2ccccc2)C(=O)N[C@@H](Cc2ccc(O)cc2)C(=O)N[C@H](Cc2c[nH]c3ccccc23)C(=O)N[C@@H](CCCCN)C(=O)N1)C(N)=O.O=C(O)C(F)(F)F,156599050,C47H59F3N10O11S2,1061.2,,414,1720,13,18,16
TP1049L,CC(=O)O.NCCC[C@H](NC(=O)[C@@H]1CCCN1C(=O)[C@@H]1CSSC[C@H](N)C(=O)N[C@@H](Cc2ccc(O)cc2)C(=O)N[C@@H](Cc2ccccc2)C(=O)N[C@@H](CCC(N)=O)C(=O)N[C@@H](CC(N)=O)C(=O)N1)C(=O)NCC(N)=O,66577106,C47H67N13O14S2,1102.2,,513,1970,14,18,18
TP1559L,CC(=O)O.CSCCC1NC(=O)C(CC(C)C)NC(=O)C(CCCNC(=N)N)NC(=O)C(CO)NC(=O)C2CSSCC3NC(=O)C(CO)NC(=O)CNC(=O)C(C(C)O)NC(=O)C(CSSCC(N)C(=O)NC(CCCCN)C(=O)NCC(=O)NC(CCCCN)C(=O)NCC(=O)NC(C)C(=O)NC(CCCCN)C(=O)N2)NC(=O)C(CSSCC(C(N)=O)NC(=O)C(CCCCN)NC(=O)CNC(=O)C(CO)NC(=O)C(CCCNC(=N)N)NC3=O)NC(=O)C(CC(=O)O)NC(=O)C(Cc2ccc(O)cc2)NC1=O,155977547,C104H176N36O34S7,2699.2,,1350,5510,43,48,40
TP1947L,CC(C)C[C@H](NC(=O)[C@H](CC(=O)O)NC(=O)CNC(=O)CNC(=O)[C@H](CCCNC(=N)N)NC(=O)[C@H](CCCNC(=N)N)NC(=O)[C@H](CCCNC(=N)N)NC(=O)[C@H](CCC(N)=O)NC(=O)[C@H](CCCNC(=N)N)NC(=O)[C@H](CCCNC(=N)N)NC(=O)[C@H](CCCCN)NC(=O)[C@H](CCCCN)NC(=O)[C@H](CCCNC(=N)N)NC(=O)CNC(=O)[C@@H](N)Cc1ccc(O)cc1)C(=O)N[C@@H](CC(C)C)C(=O)N1CCC[C@H]1C(=O)N[C@@H](CCCNC(=N)N)C(=O)NCC(=O)N[C@@H](CO)C(N)=O.O=C(O)C(F)(F)F,155977544,C102H180F3N45O27,2525.8,,1260,5300,48,40,93
TP2307,CC(=O)O.NC(N)=NCCC[C@H](NC(=O)[C@H](CC(=O)O)NC(=O)[C@@H](N)CCC(=O)O)C(=O)O,155977549,C17H30N6O10,478.5,,298,680,9,12,14
TP2312,CC(=O)O.CC[C@H](C)[C@H](NC(=O)[C@H](Cc1ccc(O)cc1)NC(=O)CNC(=O)[C@H](CCSC)NC(=O)[C@H](CCC(=O)O)NC(=O)[C@H](CCC(N)=O)NC(=O)[C@H](Cc1c[nH]c2ccccc12)NC(=O)[C@H](CCCNC(=N)N)NC(=O)[C@@H](N)CCSC)C(=O)N[C@@H](Cc1ccccc1)C(=O)N[C@@H](Cc1ccc(O)cc1)C(=O)N1CCC[C@H]1C(=O)N[C@@H](CCCNC(=N)N)C(=O)N[C@@H](CCCCN)C(=O)N[C@@H](CC(C)C)C(=O)N[C@@H](CCCNC(=N)N)C(=O)O,155977550,C103H156N28O24S2,2234.6,,927,4540,32,31,73
TP2314,CC(=O)O.NCCCC[C@H](NC(=O)[C@H](Cc1cnc[nH]1)NC(=O)CN)C(=O)O,22214678,C16H28N6O6,400.43,,214,465,7,9,11
TN6393,C[C@@H]1O[C@@H](O[C@H]2[C@H](O[C@H]3CC[C@@]4(C)C(CC[C@]5(C)[C@@H]4CC=C4[C@H]6CC(C)(C)CC[C@]6(C(=O)O[C@@H]6O[C@H](CO)[C@@H](O[C@@H]7O[C@H](CO)[C@@H](O)[C@H](O)[C@H]7O)[C@H](O)[C@H]6O)CC[C@]45C)C3(C)CO)OC[C@H](O)[C@@H]2O[C@H]2OC[C@@H](O)[C@H](O)[C@H]2O)[C@H](O)[C@H](O)[C@H]1O,3081212,C58H94O26,1207.3,-1.8,413,2330,15,26,14
TP2318,O=C(O)C(F)(F)F.O=C(O)C[C@H](NC(=O)[C@@H]1CCCN1)C(=O)O,155971319,C11H15F3N2O7,344.24,,153,388,5,11,5
T10951,CCOC(=O)CCN(C(=O)c1ccc2c(c1)nc(CNc1ccc(C(=N)N)cc1)n2C)c1ccccn1.Cl,18412337,C27H30ClN7O3,536.0,,139,788,4,7,11
T16744,CCNc1cc2[o+]c3cc(NCC)c(C)cc3c(-c3ccccc3C(=O)OCC)c2cc1C.[Cl-],13806,C28H31ClN2O3,479.0,,61.5,823,2,5,7
T14635,O=C(CCOCCOCCOCCC(=O)ON1C(=O)CCC1=O)ON1C(=O)CCC1=O,57673804,C18H24N2O11,444.4,-2.3,155,619,0,11,16
T14177,CCCCC(CC)CNC(=N)NC(=N)NCCCCCCNC(=N)NC(=N)NCC(CC)CCCC.Cl.Cl,102678,C26H58Cl2N10,581.7,,178,601,8,4,23
T14862,CCCCCCCC(=O)OCC(O)CO.CCCCCCCCCC(=O)OCC(O)CO,90474509,C24H48O8,464.6,,134,341,4,8,22
T14935,Cc1nn(C)cc1S(=O)(=O)NC(=O)c1ccc(-n2ccc(OCC(C)(C)C(F)(F)F)n2)nc1N1C[C@@H](C)CC1(C)C,134587348,C26H34F3N7O4S,597.7,4.9,133,1050,1,11,8
T12773,Cl.O=C1Nc2ccccc2C2(CCN(CCc3ccc(C(F)(F)F)cc3)CC2)O1,16759153,C21H22ClF3N2O2,426.9,,41.6,552,2,6,3
T12832,O=C(O)c1ccc2c(c1)CCCC(c1ccc(Cl)cc1Cl)=C2c1ccc(O[C@H]2CCN(CCCF)C2)cc1,130232326,C31H30Cl2FNO3,554.5,5.3,49.8,832,1,5,8
T13884,CC[C@H](C(=O)N1CCCC[C@H]1C(=O)O[C@H](CCc1ccc(OC)c(OC)c1)c1cccc(OCCN2CCOCC2)c1)c1cc(OC)c(OC)c(OC)c1,44455162,C42H56N2O10,748.9,6.4,114,1090,0,11,19
T19577,[Cl-].c1ccc(-c2nn(-c3ccccc3)[n+](-c3ccccc3)n2)cc1,9283,C19H15ClN4,334.8,,34.6,330,0,3,3
T10537,Nc1ccc(C2CCN(C(=O)c3ccc(Oc4ccc(C(F)(F)F)cc4)cc3)CC2)nn1,138377580,C23H21F3N4O2,442.4,3.6,81.3,611,1,8,4
T13586L,Cl.O=C(c1ccc(N2CCOCC2)cc1)N1CCCC(N(Cc2ccccc2)C(=O)CCl)CC1,139035041,C26H33Cl2N3O3,506.5,,53.1,628,1,4,6
T10629,C=CC(=O)N1CCC[C@@H](n2nc(-c3ccc(Oc4ccccc4)cc3)c(C(N)=O)c2N)C1,75204377,C24H25N5O3,431.5,3,116,675,2,5,6
T19344,OC[C@H]1O[C@H](OC[C@H]2O[C@H](O[C@H]3[C@H](O)[C@@H](O)[C@@H](O)O[C@@H]3CO)[C@H](O)[C@@H](O)[C@@H]2O[C@H]2O[C@H](CO)[C@@H](O)[C@H](O)[C@H]2O)[C@H](O)[C@@H](O)[C@@H]1O,439177,C24H42O21,666.6,-8.5,348,918,14,21,10
T15643,C=C(C)[C@H]1CN[C@H](C(=O)O)[C@H]1CC(=O)O,10255,C10H15NO4,213.23,-1.8,86.6,300,3,5,4
T18994,Cc1cc(C(=C2C=CC(=N)C=C2)c2ccc(N)cc2)ccc1N.Cl,12447,C20H20ClN3,337.8,,75.9,515,4,3,2
T13349,Cc1cc(Sc2nnnn2CCN(C)C)n2nc(SCc3ccc(Cl)cc3)nc2n1.Cl,138319703,C18H21Cl2N9S2,498.5,,141,540,1,9,8
T19374,O=[N+]([O-])c1ccc(-[n+]2nc(-c3ccccc3)nn2-c2ccc(I)cc2)cc1.[Cl-],64957,C19H13ClIN5O2,505.7,,80.4,497,0,5,3
T16022,CC(=O)NCCOC(=O)[C@H](Oc1cccc(C(F)(F)F)c1)c1ccc(Cl)cc1,12082259,C19H17ClF3NO4,415.8,4.3,64.6,524,1,7,8
T13869L,CNc1ncc(CN2CCCC(c3nc(-c4cccs4)cc(=O)[nH]3)C2)cn1,136881500,C19H22N6OS,382.5,1.2,111,601,2,7,5
T17019,CC(C)(O)C(=O)N1CCN(c2ccc(C(F)(F)F)c(C3=C(c4c[nH]c5ccccc45)C(=O)NC3=O)c2)CC1,50925411,C27H25F3N4O4,526.5,2.9,106,1000,3,8,4
T22258,C=CC(=O)N1CCN(c2nc(=O)n(-c3c(C)ccnc3C(C)C)c3nc(-c4c(O)cccc4F)c(F)cc23)[C@@H](C)C1,137278711,C30H30F2N6O3,560.6,4,102,1030,1,7,5
T5S1649,C[C@@]12C[C@@]3(O)O[C@@H](O1)[C@]1(COC(=O)c4ccccc4)[C@H]3C[C@@]12O[C@@H]1O[C@H](COC(=O)c2ccc(O)cc2)[C@@H](O)[C@H](O)[C@H]1O,21631098,C30H32O13,600.6,0.3,191,1110,5,13,10
T20615,O=C(O)c1cc(N=Nc2ccc(O)c(C(=O)O)c2)ccc1O,22419,C14H10N2O6,302.24,3.1,140,415,4,8,4
T20792,Cl.NCCCCCCNS(=O)(=O)c1cccc2c(Cl)cccc12,124887,C16H22Cl2N2O2S,377.3,,80.6,424,3,4,8
T20945,O=C(O)COc1ccc(Cl)cc1Cl,1486,C8H6Cl2O3,221.03,2.8,46.5,186,1,3,3
T21136,Cn1cc(C(=O)Nc2ccccc2-c2cc(F)c(F)c(F)c2)c(C(F)F)n1,16095400,C18H12F5N3O,381.3,3.7,46.9,513,1,7,4
T21468,Cc1cccc(C)c1NC(=O)CN1CCNCC1,2608606,C14H21N3O,247.34,1.2,44.4,266,2,3,3
T22713,OCCOCCN1CCN(C(c2ccccc2)c2ccccc2)CC1,71135,C21H28N2O2,340.5,3.1,35.9,328,1,4,8
T5465,Cc1cnc(-c2cc(N3CCN(C(=O)CCS(C)(=O)=O)CC3)ncc2Cl)c(C)c1,56956240,C20H25ClN4O3S,437.0,1.8,91.9,663,0,6,5
T19651,FC(F)OC(Cl)C(F)(F)F,3763,C3H2ClF5O,184.49,2.1,9.2,102,0,6,2
T19821,COc1cccc(C(=O)NN(C(=O)c2cc(C)cc(C)c2)C(C)(C)C)c1C,105010,C22H28N2O3,368.5,4.6,58.6,518,1,3,4
T19825,OC[C@H]1O[C@H](Oc2c[nH]c3ccc(Br)c(Cl)c23)[C@H](O)[C@@H](O)[C@H]1O,10173103,C14H15BrClNO6,408.63,1.2,115,421,5,6,3
T6159,Cn1cc(-c2ccc(F)c(C(F)(F)F)c2)nc1C1CCN(c2ncnc3[nH]ncc23)CC1,25118925,C21H19F4N7,445.4,3.6,75.5,644,1,9,3
T21969,CCc1nccn1CC(=O)c1ccc(O)c(O)c1.Cl,25067483,C13H15ClN2O3,282.72,,75.4,298,3,4,4
T8867,CC1=C(c2cnc(NC(=O)c3c(F)cccc3F)cn2)CN(c2ncc(C)s2)CC1.Cl,45274292,C21H20ClF2N5OS,463.9,,99.3,655,2,8,4
T8869,O=S(=O)(NCc1cccc2ccccc12)c1cc(Cl)c(Oc2cccc(N3CCNCC3)c2)s1,52912652,C25H24ClN3O3S2,514.1,5.6,107,761,2,7,7
T8874,Cc1noc(C)c1-c1cc(Cl)c(Nc2ccccc2C(=O)O)c(Cl)c1,138393314,C18H14Cl2N2O3,377.2,5.7,75.4,469,2,5,4
T8873,O=C(c1ccc2[nH]c(-c3ccccc3)nc2c1)N1CCN(Cc2ccccc2F)CC1,137519541,C25H23FN4O,414.5,4,52.2,604,1,4,4
T8841,Cc1ccccc1-c1cc(=O)oc2cc(OC(C)C(=O)N(C)C)ccc12,138490559,C21H21NO4,351.4,3.4,55.8,570,0,4,4
T8745,CCCS(=O)(=O)Nc1ccc(F)c(-n2cc(-c3cncnc3)c3nc(N(C)C4CCN(C(=O)CCOCCOCCOCCNc5cccc6c5C(=O)N(C5CCC(=O)NC5=O)C6=O)CC4)ccc32)c1F,146161288,C48H54F2N10O10S,1001.1,3.1,245,1950,3,18,22
T21704,Cc1cc(-c2nc3cc(F)ccc3s2)ccc1N,396813,C14H11FN2S,258.32,3.8,67.2,302,1,4,1
T8780,O=S(=O)(Nc1cc(Cl)c(Oc2cnc3ccccc3c2)c(Cl)c1)c1ccc(Cl)cc1Cl,10229498,C21H12Cl4N2O3S,514.2,6.8,76.7,697,1,5,5
T8870,CC(=O)c1ccc(S(C)=O)cc1,11052281,C9H10O2S,182.24,0.7,53.4,193,0,3,2
T8868,NS(=O)(=O)c1ccc2c(c1)C1C=CCC1C(c1ccc(Br)cc1)N2,2857838,C18H17BrN2O2S,405.3,3.6,80.6,595,2,4,2
T8866,CN1CCN(c2ccc(Nc3nccc(-c4cnn5ncccc45)n3)cc2C(F)(F)F)CC1,10173796,C22H21F3N8,454.5,3.3,74.5,644,1,10,4
T7946,O=C(Nc1cc(C(F)(F)F)cc(C(F)(F)F)c1)c1cc(Cl)ccc1OP(=O)(O)O,10412080,C15H9ClF6NO5P,463.65,3.5,95.9,620,3,11,4
T8859,COc1cc2c[n+](C)c3c4cc5c(cc4ccc3c2cc1OC)OCO5,4501,C21H18NO4+,348.4,4.6,40.8,516,0,4,2
T21981,Cc1cc(Nc2nn(-c3ccccc3)c(=O)c3ccccc23)n[nH]1,11652621,C18H15N5O,317.3,2.8,73.4,502,2,3,3
T8858,O=C(Nc1ccc(F)cc1)Nc1ccc(Cl)c([N+](=O)[O-])c1,108866909,C13H9ClFN3O3,309.68,2.9,87,385,2,4,2
T8864,CCOC(=O)N1CCN(C(=O)Cn2sc3nc(C)cc(C)c3c2=O)CC1,49878590,C17H22N4O4S,378.4,1.1,108,567,0,6,4
T8863,COc1ccccc1OCCN1CC(COc2cccc3[nH]c4ccccc4c23)OCC1=O,24802973,C26H26N2O5,446.5,4.5,73,648,1,5,8
T8865,O=C(O)CS(=O)CC(=O)Nc1ccc2c(c1)OCO2,861495,C11H11NO6S,285.28,0.5,121,387,2,7,5
T8213,C=C[C@@]1(C)Cc2occ(C)c2[C@@H]2OC(=O)C(=C)[C@@H]21,5318587,C15H16O3,244.28,3,39.4,427,0,3,1
T14665L,N=C(N)NCCC[C@H](NC(=O)[C@@H]1CSSC[C@H](NC(=O)[C@H](Cc2ccc3ccccc3c2)NC(=O)[C@H](CCCNC(=N)N)NC(=O)[C@H](CCCNC(=N)N)NC(=O)c2ccc(F)cc2)C(=O)N[C@@H](Cc2ccc(O)cc2)C(=O)N[C@@H](CCCNC(N)=O)C(=O)N[C@@H](CCCCN)C(=O)N[C@@H](CCCCN)C(=O)N2CCC[C@H]2C(=O)N[C@@H](Cc2ccc(O)cc2)C(=O)N[C@@H](CCCNC(=N)N)C(=O)N[C@@H](CCCNC(N)=O)C(=O)N1)C(N)=O.O=C(O)C(F)(F)F,156599049,C99H145F4N33O21S2,2273.5,,980,4590,35,33,53
T6990L,CC(=O)O.CSCC[C@H](NC(=O)[C@H](CCC(=O)O)NC(=O)[C@H](CCC(=O)O)NC(C)=O)C(=O)N[C@@H](CCC(N)=O)C(=O)N[C@@H](CCCN=C(N)N)C(=O)N[C@@H](CCCN=C(N)N)C(=O)N[C@@H](C)C(=O)N[C@@H](CC(=O)O)C(N)=O,155977554,C43H74N16O18S,1135.2,,622,2100,18,21,38
TP1266,N[C@@H](CCC(=O)N[C@@H](Cc1ccccc1)C(=O)O)C(=O)O.O=C(O)C(F)(F)F,146014420,C16H19F3N2O7,408.33,,167,463,5,11,8
TP1318,CC[C@H](C)[C@H](NC(=O)[C@H](CCCCN)NC(=O)[C@@H](NC(=O)[C@H](CCC(N)=O)NC(=O)[C@@H](N)CCCNC(=N)N)[C@@H](C)CC)C(=O)N[C@@H](Cc1c[nH]c2ccccc12)C(=O)N[C@@H](Cc1ccccc1)C(=O)N[C@@H](CCC(N)=O)C(=O)N[C@@H](CC(N)=O)C(=O)N[C@@H](CCCNC(=N)N)C(=O)N[C@@H](CCCNC(=N)N)C(=O)N[C@@H](CCSC)C(=O)N[C@@H](CCCCN)C(=O)N[C@@H](Cc1c[nH]c2ccccc12)C(=O)N[C@@H](CCCCN)C(=O)N[C@@H](CCCCN)C(=O)O.O=C(O)C(F)(F)F,155977639,C106H169F3N34O22S,2360.8,,1010,4750,36,34,83
TP1370L,C[C@H](NC(=O)[C@H](Cc1ccccc1)NC(=O)[C@H](CO)NC(=O)[C@H](CO)NC(=O)[C@@H](NC(=O)[C@H](CCCN=C(N)N)NC(=O)[C@@H]1CCCN1C(=O)[C@H](CCCN=C(N)N)NC(=O)CN)[C@@H](C)O)C(=O)N[C@@H](CCC(=O)O)C(=O)NCC(=O)O.O=C(O)C(F)(F)F,155977557,C50H78F3N17O19,1278.3,,610,2360,20,25,36
TP1412,C[C@@H](O)[C@H](NC(=O)[C@H](Cc1c[nH]c2ccccc12)NC(=O)[C@@H]1CCCN1C(=O)[C@H](CO)NC(=O)[C@@H](N)Cc1ccc(O)cc1)C(=O)N[C@@H](CC(N)=O)C(=O)N[C@@H](Cc1ccccc1)C(N)=O.O=C(O)C(F)(F)F,134128288,C47H57F3N10O13,1027.0,,392,1790,13,17,22
TP2315,CC(=O)O.C[C@H](N)C(=O)O.NCCCC[C@H](N)C(=O)O.N[C@@H](CCC(=O)O)C(=O)O.N[C@@H](Cc1ccc(O)cc1)C(=O)O,3081884,C25H45N5O13,623.7,,374,519,12,18,13
T8878,O=c1oc2cc(O)ccc2c2c(O)c(O)c(O)cc12,101461104,C13H8O6,260.20,1.6,107,372,4,6,0
T8872,O=C(Nc1nccs1)C(c1cc(F)ccc1O)N1Cc2ccc(-c3ccc(N4CCNCC4)cc3)cc2C1=O,132020316,C29H26FN5O3S,543.6,3.8,126,870,3,8,6
T8875,Cc1nnc(-c2c[nH]c(=O)[nH]c2=O)cc1[C@H]1C[C@@H]1C(C)C,152262911,C15H18N4O2,286.33,1,84,488,2,4,3
T8895,COc1cc(O)c(C(=O)O)c(-c2cc(O)c(O)cc2C)c1,6918469,C15H14O6,290.27,2.9,107,373,4,6,3
TN6705,Cn1c(-c2ccc3c(c2)OCO3)cc(=O)c2ccccc21,353825,C17H13NO3,279.29,3.1,38.8,461,0,4,1
T8877,O=C1C=Cc2cc(Br)ccc2C1=O,23384,C10H5BrO2,237.05,2.2,34.1,283,0,2,0
T16790L,CC(=O)N[C@H](Cc1ccc(O)cc1)C(=O)N1CCC[C@@H]1C(=O)N1C[C@@H](O)C[C@@H]1C(=O)NCC(=O)N[C@H](C)C(=O)NCC(N)=O.O=C(O)C(F)(F)F,156599047,C30H40F3N7O11,731.7,,278,1190,8,14,12
T22540L,CC(=O)O.CCC(C)[C@H](NC(=O)[C@H](CC(=O)O)NC(=O)[C@H](CC(C)C)NC(=O)[C@H](Cc1cnc[nH]1)NC(C)=O)C(=O)N[C@H](C(=O)N[C@@H](Cc1cc2ccccc2[nH]1)C(=O)O)C(C)CC,155977559,C43H63N9O12,898.0,,331,1550,11,13,24
TP1378,CC[C@H](C)[C@H](NC(=O)[C@H](CC(C)C)NC(=O)c1ccco1)C(=O)NCC(=O)N[C@@H](CCCN=C(N)N)C(=O)N[C@@H](CC(C)C)C(=O)N[C@@H](CCCN)C(N)=O.O=C(O)C(F)(F)F,137700569,C38H64F3N11O10,892.0,,359,1390,11,15,26
TP1686L,N=C(N)NCCC[C@H](NC(=O)CNC(=O)[C@H](Cc1ccc(O)cc1)NC(=O)[C@H](CC(N)=O)NC(=O)[C@H](CC(=O)O)NC(=O)[C@H](Cc1ccccc1)NC(=O)[C@H](CS)NC(=O)[C@H](CC(=O)O)NC(=O)[C@@H]1CCCN1C(=O)CNC(=O)[C@H](CS)NC(=O)[C@@H](N)CCCNC(=N)N)C(=O)N[C@@H](Cc1ccc(O)cc1)C(=O)N[C@@H](CCCCN)C(=O)N[C@@H](Cc1ccc(O)cc1)C(=O)N[C@@H](CS)C(=O)N[C@@H](Cc1ccccc1)C(=O)O.O=C(O)C(F)(F)F,155977552,C95H128F3N25O28S3,2221.4,,889,4510,34,38,65
TP1926,NC(=O)[C@H](Cc1c[nH]c2ccccc12)NC(=O)[C@H](Cc1c[nH]c2ccccc12)NC(=O)[C@H](Cc1c[nH]c2ccccc12)NC(=O)[C@H](Cc1c[nH]c2ccccc12)NC(=O)[C@H](CCCN=C(N)N)NC(=O)[C@@H](N)Cc1c[nH]c2ccccc12.O=C(O)C(F)(F)F,145707882,C63H66F3N15O8,1218.3,,395,2300,15,13,25
TP1933,CC[C@H](C)[C@H](NC(=O)[C@@H](Cc1ccc2ccccc2c1)NC(=O)[C@H](CO)NC(=O)[C@H](Cc1ccccc1)NC(=O)CNC(=O)[C@@H]1CCCN1C(=O)[C@@H]1CCCN1C(=O)[C@H](CCCN=C(N)N)NC(=O)[C@H](CCCCN)NC(C)=O)C(=O)O.O=C(O)C(F)(F)F,71311917,C59H82F3N13O14,1254.4,,430,2290,13,19,31
TP2308,CC(=O)N[C@@H](CC(C)C)C(=O)N[C@@H](CCCCN)C(=O)N[C@@H](CCCCN)C(=O)N[C@H](C(=O)N[C@@H](CCC(=O)O)C(=O)N[C@H](C(=O)N[C@@H](CCC(N)=O)C(=O)O)[C@@H](C)O)[C@@H](C)O.CC(=O)O,155977548,C40H72N10O16,949.1,,451,1560,15,18,32
TQ0048,CCCS(=O)(=O)Nc1ccc(F)c(-n2cc(-c3cncnc3)c3nc(N(C)C4CCN(CC)CC4)ccc32)c1F,60152613,C28H33F2N7O2S,569.7,4.1,105,913,1,10,9
TQ0195,OC[C@H]1OC[C@H](O)[C@@H](O)[C@@H]1O,64960,C6H12O5,164.16,-2.1,90.2,128,4,5,1
TQ0230,O=C(CNc1cccc(Cl)c1)NC1CCCN(c2ncnc3[nH]ccc23)C1,50924632,C19H21ClN6O,384.9,3.3,85.9,509,3,5,5
TQ0267,NC(=O)[C@H](Cc1ccccc1)NC(=O)[C@H](Cc1c[nH]c2ccccc12)NC(=O)[C@@H]1CCCN1C(=O)[C@@H](N)Cc1ccc(O)cc1,5311080,C34H38N6O5,610.7,2.4,184,1030,6,6,12
TN1031,C=C(C)[C@@H]1CC=C2C(=CC[C@]3(C)[C@@H](C(CCC=C(C)C)C(=O)O)[C@H](O)C[C@@]23C)[C@@]1(C)CCC(=O)O,3086648,C30H44O5,484.7,5.9,94.8,983,3,5,9
TN1084,O=c1c2c(O)cc(O)cc2oc2c(O)ccc(O)c12,5281626,C13H8O6,260.20,2.1,107,372,4,6,0
TN1103,COc1cc2c(O)c3c(c(-c4ccc5c(c4)OCO5)c2cc1OC)C(=O)OC3,100492,C21H16O7,380.3,3.6,83.5,597,1,7,3
TN1142,O=c1c2c3c(ccc2cc2n1CCc1cc4c(cc1-2)OCO4)OCO3,5245667,C19H13NO5,335.3,2.8,57.2,621,0,5,0
TN1150,Oc1cc(O)c2c(c1)O[C@H](c1ccc(O)c(O)c1)[C@@H](O)[C@@H]2c1c(O)cc(O)c2c1O[C@H](c1ccc(O)c(O)c1)[C@@H](O)C2,146798,C30H26O12,578.5,2.4,221,925,10,12,3
TN1287,COc1cc(-c2cc(=O)c3c(O)c(OC)c(O)cc3o2)cc(O)c1OC,5496475,C18H16O8,360.3,2.6,115,549,3,8,4
TN1421,CC(C)=C[C@@H]1CO[C@]23C[C@]4(CO2)[C@H](CC[C@@H]2[C@@]5(C)CC[C@H](O[C@@H]6O[C@H](CO)[C@@H](O)[C@H](O[C@@H]7O[C@H](CO)[C@@H](O)[C@H](O)[C@H]7O)[C@H]6O[C@@H]6O[C@@H](CO)[C@H](O)[C@H]6O)C(C)(C)[C@@H]5CC[C@]24C)[C@H]3[C@@]1(C)O,9876264,C47H76O18,929.1,2,276,1770,10,18,10
TN1517,COc1cccc(OC)c1C(=O)CCc1ccc(O)cc1,5318199,C17H18O4,286.32,3.1,55.8,311,1,4,6
TN1626,COc1cc(O)c2c(=O)cc(C)oc2c1,10189,C11H10O4,206.19,1.2,55.8,297,1,4,1
TN1684,CC(C)=CCC[C@](C)(O[C@@H]1O[C@H](CO[C@@H]2O[C@@H](CO)[C@H](O)[C@H]2O)[C@@H](O)[C@H](O)[C@H]1O)[C@H]1CC[C@]2(C)[C@@H]1[C@H](O)C[C@@H]1[C@@]3(C)CC[C@H](O)C(C)(C)[C@@H]3[C@@H](O)C[C@]12C,46887590,C41H70O13,771.0,2.7,219,1360,9,13,10
TN1772,CC1OC(OC2C(=O)c3c(O)cc(O)cc3OC2c2ccc(O)c(O)c2)C(O)C(O)C1O,316844,C21H22O11,450.4,0.4,186,676,7,11,3
TN1899,COc1ccc2c3c1O[C@H]1C[C@@H](O)CC[C@@]31CCN(C)C2,443723,C17H23NO3,289.4,2,41.9,403,1,4,1
TN1992,Cc1cc(=O)c2c(O)cc(O)cc2o1,5375252,C10H8O4,192.17,0.8,66.8,284,2,4,0
TN2070,COc1cc([C@@H]2c3cc4c(cc3[C@H](O)[C@@H](CO)[C@H]2CO)OCO4)cc(OC)c1OC,101661267,C22H26O8,418.4,2,107,547,3,8,6
TN2197,COc1cc(C[C@@H](CO)[C@H](CO)Cc2ccc(O)c(OC)c2)ccc1O,65373,C20H26O6,362.4,2.5,99.4,356,4,6,9
TN2230,CC1(C)C[C@@H](O)[C@]2(C)CC[C@]3(C)C(=CC[C@@H]4[C@@]5(C)CC[C@H](O[C@@H]6O[C@H](C(=O)O)[C@@H](O)[C@H](O)[C@H]6O[C@@H]6O[C@H](CO)[C@H](O)[C@H](O)[C@H]6O[C@@H]6O[C@H](CO)[C@@H](O)[C@H](O)[C@H]6O)[C@](C)(CO)[C@@H]5CC[C@]43C)[C@@H]2C1,91973815,C48H78O19,959.1,1.9,315,1840,12,19,10
TN2239,C=C[C@H]1[C@H](O[C@@H]2O[C@H](CO)[C@@H](O)[C@H](O)[C@H]2O)OC=C2C(=O)N3CCc4c([nH]c5ccccc45)[C@@H]3C[C@H]21,10345799,C26H30N2O8,498.5,0.4,145,899,5,8,4
T12225L,CC(C)c1cccc(C(C)C)c1NC(=O)NCC1(c2ccc(N(C)C)cc2)CCCC1.Cl,131678,C27H40ClN3O,458.1,,44.4,543,3,2,7
T18905,CN(C)c1ccc2c(-c3cc(C(=O)[O-])ccc3C(=O)O)c3ccc(N(C)C)cc3[o+]c2c1,2762604,C25H22N2O5,430.5,3.2,92.9,875,1,6,3
T14792,CC(C)(C)OC(=O)COCCOCCBr,77078163,C10H19BrO4,283.16,1.6,44.8,177,0,4,9
T10388,O=C(O)C1CSSC1,16682,C4H6O2S2,150.2,0.2,87.9,98,1,4,1
T11345L,CC(C)N1CCN(c2ccc(Nc3ncc4cc5n(c4n3)C3(CCCCC3)CNC5=O)nc2)CC1.Cl.Cl,129896913,C26H36Cl2N8O,547.5,,91.2,750,4,7,4
T19209,O=C(CCCC[C@@H]1SC[C@@H]2NC(=O)N[C@@H]21)NCCc1ccc(O)cc1,21826423,C18H25N3O3S,363.5,1.7,116,468,4,4,8
T11447,CC(C)Oc1ccc(F)c(-c2cnc(N)c(C(=O)Nc3cnccc3N3CCC[C@@H](C(=O)O)C3)n2)c1,139600315,C25H27FN6O4,494.5,2.8,144,760,3,10,7
T13932,CC(C)[C@H](NC(=O)CCc1ccccc1)C(=O)N1CCCC1,10447660,C18H26N2O2,302.4,2.8,49.4,369,1,2,6
T19051,Nc1c(S(=O)(=O)O)cc(Nc2ccc(S(=O)(=O)O)c(Nc3nc(Cl)nc(Cl)n3)c2)c2c1C(=O)c1ccccc1C2=O,25863,C23H14Cl2N6O8S2,637.4,4.7,248,1220,5,14,6
T10157,CNC(=O)c1cc(Oc2ccc(NC(=O)Nc3ccc(Cl)c(C(F)(F)F)c3)c(F)c2)cc[n+]1[O-],53491674,C21H15ClF4N4O4,498.8,3.7,105,719,3,8,5
T16706,NC1=C(Cl)C(=O)c2ccccc2C1=O,17748,C10H6ClNO2,207.61,2.1,60.2,335,1,3,0
T11820,NC1(C(=O)O)CC2CCC1C2,115288,C8H13NO2,155.19,-1.9,63.3,204,2,3,1
T16727,Cn1cc(S(=O)(=O)N2CCC3=Cc4c(cnn4-c4ccc(F)cc4)C[C@]3(C(=O)c3cc(C(F)(F)F)ccn3)C2)cn1,73051463,C27H22F4N6O3S,586.6,2.9,111,1140,0,11,5
T16867,COc1cccc(C(=O)CC(=O)C(=O)Nc2cc(Cl)ccc2C)c1,134821024,C18H16ClNO4,345.8,3.5,72.5,482,1,4,6
T17030,Cc1nc2c(O[C@H]3CCOc4cc(F)cc(F)c43)cc(C(=O)N(C)C)cc2[nH]1,23582846,C20H19F2N3O3,387.4,3.2,67.5,581,1,6,3
T3851,O=c1cc(-c2ccc(O)cc2)oc2c([C@@H]3O[C@H](CO)[C@@H](O)[C@H](O)[C@H]3O)c(O)c([C@@H]3O[C@H](CO)[C@@H](O)[C@H](O)[C@H]3O)c(O)c12,442664,C27H30O15,594.5,-2.3,267,987,11,15,5
T3897,O=c1cc(-c2ccc(O)cc2)oc2c([C@@H]3O[C@H](CO)[C@@H](O)[C@H](O)[C@H]3O)c(O)c([C@@H]3OC[C@H](O)[C@H](O)[C@H]3O)c(O)c12,3084995,C26H28O14,564.5,-2.2,247,938,10,14,4
TCS1372,COC(=O)c1c(C)cc(O)c(C)c1O,78435,C10H12O4,196.20,2.3,66.8,216,2,4,2
T20550,O=C1CC(=O)NC(=S)N1,2723628,C4H4N2O2S,144.15,-0.9,90.3,171,2,3,0
T23533,O=C(NCCCCCCCCNC(=O)C(Cl)Cl)C(Cl)Cl,15134,C12H20Cl4N2O2,366.1,4.1,58.2,261,2,2,11
T20082,CCCCCCCCCCCCCCCCCCN(C)C,15365,C20H43N,297.6,9.1,3.2,177,0,1,17
T2S0886,C[C@@H]1CC[C@@]2(OC1)O[C@H]1C[C@H]3[C@@H]4CC[C@H]5C[C@@H](O[C@@H]6O[C@H](CO)[C@H](O[C@@H]7O[C@H](CO)[C@@H](O)[C@H](O[C@@H]8OC[C@@H](O)[C@H](O)[C@H]8O)[C@H]7O[C@@H]7O[C@H](CO)[C@H](O)[C@H](O)[C@H]7O)[C@H](O)[C@H]6O)CC[C@]5(C)[C@H]4CC(=O)[C@]3(C)[C@H]1[C@@H]2C,101995328,C50H80O23,1049.2,-2,352,1920,12,23,11
TQ0009,COc1ccc(NC(=O)N2CCN(c3nc(N)nc4c3cnn4C)[C@@H](C)C2)c(C)c1,76282073,C20H26N8O2,410.5,1.7,114,609,2,7,3
TN1006,CC(C)=CCC[C@H](C)[C@@H]1CC[C@]2(C)C3=C(CC[C@@]12C)[C@@]1(C)CC[C@H](O)C(C)(C)[C@@H]1CC3,101257,C30H50O,426.7,8.9,20.2,767,1,1,4
TN1015,COc1ccc2ccc(=O)oc2c1C[C@@H]1OC1(C)C,1803558,C15H16O4,260.28,2.5,48.1,401,0,4,3
TN1046,C=C(C)C(=O)Cc1c(OC)ccc2ccc(=O)oc12,5319964,C15H14O4,258.27,2.5,52.6,424,0,4,4
TN1108,O=c1c(O[C@@H]2O[C@H](CO)[C@@H](O)[C@H](O)[C@H]2O[C@@H]2O[C@H](CO)[C@@H](O)[C@H](O)[C@H]2O)c(-c2ccc(O)cc2)oc2cc(O)cc(O)c12,5282155,C27H30O16,610.5,-0.9,266,1000,10,16,7
TN1829,COc1ccc(-c2coc3cc(O[C@@H]4O[C@H](CO[C@@H]5OC[C@@H](O)[C@H](O)[C@H]5O)[C@@H](O)[C@H](O)[C@H]4O)c(OC)c(O)c3c2=O)cc1,5490351,C28H32O15,608.5,-0.9,223,972,7,15,8
TN2165,COc1cc(O[C@@H]2O[C@H](CO[C@@H]3O[C@H](CO)[C@@H](O)[C@H](O)[C@H]3O)[C@@H](O)[C@H](O)[C@H]2O)c2c(O)c3c(=O)cc(C)oc3cc2c1,503733,C27H32O15,596.5,-1,234,979,8,15,7
TN2357,COc1cc(-c2coc3cc(O)c(OC)c(O)c3c2=O)ccc1O,5491637,C17H14O7,330.29,2.6,105,505,3,7,3
T10993,CC1(C)CC[C@]2(C)CC[C@]3(C)C(=C2C1)CC[C@@H]1[C@@]2(C)CCC(=O)C(C)(C)[C@@H]2CC[C@]13C,14079468,C30H48O,424.7,8.5,17.1,844,0,1,0
T17655,CC(C)(C)OC(=O)NOCC(=O)ON1C(=O)CCC1=O,12098210,C11H16N2O7,288.25,0,111,411,1,7,7
T14413,[N-]=[N+]=NCCOCCOCCOCCOCCOCCOCCOCCOCCOCCO,10896176,C20H41N3O10,483.6,-0.9,118,418,1,12,29
T15919,COCCOCCOCCOCCOCCOCCOC(=O)Oc1ccc([N+](=O)[O-])cc1,85960294,C20H31NO11,461.5,1,137,467,0,11,21
T13092,CC[C@H]1[C@@H](O)[C@@H]2[C@H](CC[C@]3(C)[C@@H]([C@H](C)CCC(=O)NCCS(=O)(=O)O)CC[C@@H]23)[C@@]2(C)CC[C@@H](O)C[C@@H]12,122201312,C28H49NO6S,527.8,4.3,132,904,4,6,8
T11136,C=CCN1CC(=O)N2[C@@H](Cc3ccc(O)cc3F)C(=O)N(Cc3cccc(N4CC(N5CCN(CC)CC5)C4)n3)C[C@@H]2N1C(=O)NCc1ccccc1,91810345,C39H48FN9O4,725.9,3.4,119,1280,2,10,11
T10466,NS(=O)(=O)c1cc(NC(=O)Cc2ccccc2)ccc1Oc1cccc(Cl)c1,124125214,C20H17ClN2O4S,416.9,3.9,107,618,2,5,6
T11428,CC[C@H]1[C@@H](O)[C@@H]2[C@H](CC[C@]3(C)[C@@H]([C@H](C)CCC(=O)NCC(=O)O)CC[C@@H]23)[C@@]2(C)CC[C@@H](O)C[C@@H]12,121322333,C28H47NO5,477.7,5.1,107,772,4,5,7
T15616,COc1cc2c(cc1OC)-c1[nH]nc(Nc3cccc(F)c3)c1C2,9797370,C18H16FN3O2,325.3,3.8,59.2,440,2,5,4
T11824LL,Nc1cncc(-c2cn3ccnc3c(Nc3ccc(N4CCN(C5COC5)CC4)cc3)n2)n1,118161062,C23H25N9O,443.5,1.4,110,635,2,9,5
T18945,CC[N+]1=C(C=CC=C2N(CCCCCC(=O)O)c3ccc(S(=O)(=O)O)cc3C2(C)C)C(C)(C)c2cc(S(=O)(=O)[O-])ccc21,126969904,C31H38N2O8S2,630.8,3.9,172,1360,2,9,10
T19376,O=C(NCC(O)CO)c1c(I)c(C(=O)NCC(O)CO)c(I)c(N(CCO)C(=O)CO)c1I,3741,C18H24I3N3O9,807.1,-3,200,623,8,9,12
T11741,O=C(OCCO)c1ccc(NS(=O)(=O)c2cccc(-c3cc(F)ccc3O)c2)cc1O,71586631,C21H18FNO7S,447.4,3.2,142,700,4,9,8
T19389,O=C1O[C@H]([C@@H](O)CO)C(O)=C1OP(=O)([O-])[O-].[Mg+2],54679072,C6H7MgO9P,278.39,,159,357,3,9,3
T11854,O=C1Nc2ccc(Br)cc2C12NN=C(c1ccccc1)S2,3136622,C15H10BrN3OS,360.2,3.8,78.8,480,2,4,1
T16860,COc1ccccc1C1CCN(c2nc(C3(F)CC3)nc3ccc(N(C)CCO)cc23)CC1,118610427,C26H31FN4O2,450.5,4.2,61.7,642,1,7,7
T17018,Clc1cnc(Oc2ccc(Oc3ncc(Cl)cc3Cl)cc2)c(Cl)c1,5382,C16H8Cl4N2O2,402.1,6,44.2,362,0,4,4
T17226,COC(=O)Nc1c(N)nc(-c2nn(Cc3ccccc3F)c3ncc(F)cc23)nc1N,54674461,C19H16F2N8O2,426.4,1.5,147,622,3,10,5
T5S1988,COc1cc(-c2oc3cc(O)cc(O)c3c(=O)c2O[C@@H]2O[C@H](CO)[C@@H](O)[C@H](O)[C@H]2O)ccc1O,5318645,C22H22O12,478.4,0.7,196,773,7,12,5
TJS1382,CC1(C)CC[C@]2(C)CC=C3[C@]4(C)CC[C@H]5C(C)(C)C(=O)CC[C@]5(C)[C@H]4CC[C@@]3(C)[C@@H]2C1,92785,C30H48O,424.7,9,17.1,831,0,1,0
T21309,CC(=O)O.CC(C)C[C@H](NC(=O)[C@@H](Cc1ccc2ccccc2c1)NC(=O)[C@H](Cc1ccc(O)cc1)NC(=O)[C@H](CO)NC(=O)[C@H](Cc1c[nH]c2ccccc12)NC(=O)[C@H](Cc1cnc[nH]1)NC(=O)[C@@H]1CCC(=O)N1)C(=O)N[C@@H](CCCNC(=N)N)C(=O)N1CCC[C@H]1C(=O)NCC(N)=O,25079036,C68H87N17O15,1382.5,,512,2760,17,17,33
T21410,CC(=O)O.CC(C)C[C@H](NC(=O)[C@@H](Cc1c[nH]c2ccccc12)NC(=O)[C@H](Cc1ccc(O)cc1)NC(=O)[C@H](CO)NC(=O)[C@H](Cc1c[nH]c2ccccc12)NC(=O)[C@H](Cc1cnc[nH]1)NC(=O)[C@@H]1CCC(=O)N1)C(=O)N[C@@H](CCCN=C(N)N)C(=O)N1CCC[C@H]1C(=O)NCC(N)=O,25080282,C66H86N18O15,1371.5,,528,2750,18,17,33
T21418,NCCCC[C@H](N[C@@H](CCc1ccccc1)C(=O)O)C(=O)N1CCC[C@H]1C(=O)O,5362119,C21H31N3O5,405.5,-2.9,133,550,4,7,12
T22775,O=C(Nc1cccc2cccnc12)c1ccc(N2C(=O)[C@@H]3[C@H](C2=O)[C@H]2C=C[C@@H]3C2)cc1,1163034,C25H19N3O3,409.4,2.9,79.4,772,1,4,3
T19692,C[C@]1(C(=O)O)CSC(c2ccc(O)cc2O)=N1,135413558,C11H11NO4S,253.28,1.3,115,359,3,6,2
T19743,O=C([O][Na])[C@H]1CSC(c2nc3ccc(O)cc3s2)=N1,2733762,C11H7N2NaO3S2,302.3,,139,396,1,7,2
T19952,O=C1N[C@H]2[C@H](CS[C@H]2CCCCC(=O)ON2C(=O)CC(S(=O)(=O)[O-])C2=O)N1.[Na+],56846292,C14H18N3NaO8S2,443.4,,196,771,2,9,8
TP1029,CC[C@H](C)[C@H](NC(=O)[C@H](CCC(=O)O)NC(=O)[C@H](CO)NC(=O)[C@H](CO)NC(=O)[C@@H](NC(=O)[C@H](CC(=O)O)NC(=O)[C@@H](NC(=O)[C@H](C)NC(=O)[C@H](C)NC(=O)[C@H](CC(=O)O)NC(=O)[C@H](CO)NC(C)=O)C(C)C)[C@@H](C)O)C(=O)N[C@H](C(=O)N[C@H](C(=O)N[C@@H](CCCCN)C(=O)N[C@@H](CC(=O)O)C(=O)N[C@@H](CC(C)C)C(=O)N[C@@H](CCCCN)C(=O)N[C@@H](CCC(=O)O)C(=O)N[C@@H](CCCCN)C(=O)N[C@@H](CCCCN)C(=O)N[C@@H](CCC(=O)O)C(=O)N[C@H](C(=O)N[C@H](C(=O)N[C@@H](CCC(=O)O)C(=O)N[C@@H](CCC(=O)O)C(=O)N[C@@H](C)C(=O)N[C@@H](CCC(=O)O)C(=O)N[C@@H](CC(N)=O)C(=O)O)C(C)C)C(C)C)[C@@H](C)O)[C@@H](C)O,16130571,C129H215N33O55,3108.3,-24,1460,7190,49,59,111
TP1289,CC[C@H](C)[C@H](NC(=O)[C@@H](N)CC(C)C)C(=O)N1CCC[C@H]1C(=O)N1CCC[C@H]1C(=O)N[C@@H](Cc1ccccc1)C(=O)N[C@@H](Cc1c[nH]c2ccccc12)C(=O)N[C@@H](CCCCN)C(N)=O.O=C(O)C(F)(F)F,139291240,C50H71F3N10O9,1013.2,,305,1710,9,14,23
TP1385,CSCC[C@H](NC(=O)[C@H](CC(C)C)NC(=O)CNC(=O)[C@@H](NC(=O)[C@H](Cc1ccccc1)NC(=O)[C@H](CO)NC(=O)[C@@H](N)CC(=O)O)C(C)C)C(N)=O.O=C(O)C(F)(F)F,138319707,C36H55F3N8O12S,880.9,,364,1350,11,17,24
T11918L,CC(=O)O.NCCCC[C@H](NC(=O)[C@@H]1CCCN1C(=O)[C@@H]1CSSC[C@H](N)C(=O)N[C@@H](Cc2ccc(O)cc2)C(=O)N[C@@H](Cc2ccccc2)C(=O)N[C@@H](CCC(N)=O)C(=O)N[C@@H](CC(N)=O)C(=O)N1)C(=O)NCC(N)=O,91844584,C48H69N13O14S2,1116.3,,513,1990,14,18,19
T21268L,CC(=O)O.CSCC[C@H](N)C(=O)N[C@@H](CCC(=O)O)C(=O)NC(Cc1cnc[nH]1)C(=O)N[C@@H](Cc1ccccc1)C(=O)N1CCC[C@H]1C(=O)NCC(=O)N1CCC[C@H]1C(=O)O,155977617,C39H55N9O12S,874.0,,349,1480,9,15,21
T7815L,CC(=O)O.CC[C@H](C)[C@H](NC(=O)[C@H](CCCNC(=N)N)NC(=O)[C@H](CC(C)C)NC(=O)[C@@H](N)Cc1ccc(O)cc1)C(=O)N[C@H](C(=O)N[C@@H](CCC(N)=O)C(=O)N[C@H]1CSSC[C@@H](C(=O)NCC(=O)N[C@@H](Cc2ccccc2)C(=O)O)NC(=O)[C@H](CO)NC(=O)CNC(=O)[C@H](CCC(=O)O)NC(=O)[C@H](C(C)C)NC(=O)[C@H](CO)NC(=O)[C@H](CCCNC(=N)N)NC1=O)C(C)C,156599045,C80H127N23O25S2,1875.1,,853,3740,29,30,45
TP1018L,CC(=O)O.CSCC[C@H](NC(=O)CNC(=O)[C@H](C)NC(=O)[C@H](C)N)C(=O)NCC(=O)N[C@@H](Cc1ccccc1)C(=O)N[C@@H](Cc1ccccc1)C(=O)NCC(=O)N[C@@H](C)C(=O)N[C@@H](CCCN=C(N)N)C(N)=O,155977584,C46H70N14O12S,1043.2,,458,1810,14,15,30
TP1046L,CC(=O)O.CC[C@H](C)[C@H](NC(=O)[C@H](CC(C)C)NC(=O)[C@@H](N)CO)C(=O)NCC(=O)N[C@@H](CCCN=C(N)N)C(=O)N[C@@H](CC(C)C)C(N)=O,155977561,C31H60N10O9,716.9,,337,1080,11,11,22
TP1070L,CC(=O)O.CC[C@H](C)[C@H](NC(=O)CNC(=O)[C@H](CC(=O)O)NC(=O)[C@H](CO)NC(=O)[C@@H](N)Cc1c[nH]cn1)C(=O)N[C@@H](Cc1ccccc1)C(=O)N[C@H](C(=O)N[C@@H](CC(=O)O)C(=O)N[C@@H](CO)C(=O)N[C@@H](Cc1ccc(O)cc1)C(=O)N[C@@H](CO)C(=O)N[C@@H](CCCNC(=N)N)C(=O)N[C@@H](Cc1ccc(O)cc1)C(=O)N[C@@H](CCCNC(=N)N)C(=O)N[C@@H](CCCCN)C(=O)N[C@@H](CCC(N)=O)C(=O)N[C@@H](CCSC)C(=O)N[C@@H](C)C(=O)N[C@H](C(=O)N[C@@H](CCCCN)C(=O)N[C@@H](CCCCN)C(=O)N[C@@H](Cc1ccc(O)cc1)C(=O)N[C@@H](CC(C)C)C(=O)N[C@@H](C)C(=O)N[C@@H](C)C(=O)N[C@H](C(=O)N[C@@H](CC(C)C)C(N)=O)C(C)C)C(C)C)[C@@H](C)O,155977618,C144H228N40O41S,3207.7,,1380,7040,49,49,107
TP1085L,CC(=O)O.CC[C@H](C)[C@H](NC(=O)[C@H](Cc1ccc(O)cc1)NC(=O)[C@@H]1CCCN1C(=O)[C@@H](NC(=O)[C@@H](N)CCCCN)[C@@H](C)CC)C(=O)N[C@@H](CC(C)C)C(=O)O,155977583,C40H67N7O10,806.0,,284,1240,9,12,22
TP1106L,CC(=O)O.CSCC[C@H](NC(=O)[C@@H]1CCCN1C(=O)[C@H](CCC(N)=O)NC(=O)CNC(=O)[C@@H]1CCCN1C(=O)[C@H](CCCCN)NC(=O)[C@H](CC(C)C)NC(=O)[C@H](CCC(N)=O)NC(=O)[C@H](CC(C)C)NC(=O)[C@H](Cc1c[nH]c2ccccc12)NC(=O)[C@H](Cc1c[nH]cn1)NC(=O)[C@@H](N)Cc1c[nH]c2ccccc12)C(=O)N[C@@H](Cc1ccc(O)cc1)C(=O)O,145707767,C84H118N20O19S,1744.0,,650,3520,20,23,48
TP1107L,CC(=O)O.CC[C@H](C)[C@H](N)C(=O)N[C@@H](CC(N)=O)C(=O)N[C@@H](CC(C)C)C(=O)N[C@@H](CCCCN)C(=O)N[C@@H](C)C(=O)N[C@@H](CC(C)C)C(=O)N[C@@H](C)C(=O)N[C@@H](C)C(=O)N[C@@H](CC(C)C)C(=O)N[C@@H](C)C(=O)N[C@@H](CCCCN)C(=O)N[C@@H](C)C(=O)N[C@@H](CC(C)C)C(=O)N[C@@H](CC(C)C)C(N)=O,155977582,C69H128N18O17,1481.9,,580,2750,19,20,49
TP1122L,CC(=O)O.C[C@H](NC(=O)[C@H](CCCNC(=N)N)NC(=O)[C@H](CCCNC(=N)N)NC(=O)[C@H](CO)NC(=O)[C@H](CO)NC(=O)[C@H](CO)NC(=O)CNC(=O)[C@H](Cc1ccc(O)cc1)NC(=O)CN)C(=O)N1CCC[C@H]1C(=O)N[C@@H](CCC(N)=O)C(=O)N[C@H](C(=O)O)[C@@H](C)O,156598964,C53H87N19O21,1326.4,,685,2540,23,24,39
TP1179L,CC(=O)O.CC[C@H](C)[C@H](NC(=O)[C@H](CCCN=C(N)N)NC(=O)[C@H](CCCN=C(N)N)NC(=O)[C@H](CC(C)C)NC(=O)[C@H](Cc1ccccc1)NC(=O)CNC(=O)CNC(=O)[C@@H](N)Cc1ccc(O)cc1)C(=O)N[C@@H](CCCN=C(N)N)C(=O)N1CCC[C@H]1C(=O)N[C@@H](CCCCN)C(=O)N[C@@H](CC(C)C)C(=O)N[C@@H](CCCCN)C(=O)O,91820617,C77H130N24O17,1664.0,,707,3190,23,23,54
TP1381L,C[C@H](NC(=O)[C@@H](N)Cc1cnc[nH]1)C(=O)N[C@@H](CCC(=O)O)C(=O)NCC(=O)N[C@H](C(=O)O)[C@@H](C)O.O=C(O)C(F)(F)F,155977576,C22H32F3N7O11,627.5,,303,909,10,16,15
TP1403L,CC(=O)O.CC(C)C[C@H](NC(=O)[C@@H]1CCCN1)C(=O)N[C@@H](C)C(=O)N[C@@H](CCCN=C(N)N)C(=O)N[C@H](C(=O)N[C@@H](CC(C)C)C(=O)N[C@@H](CO)C(=O)N[C@H](C(=O)N[C@@H](C)C(=O)NCC(=O)N[C@@H](CC(C)C)C(=O)N1CCC[C@H]1C(=O)NCC(=O)N[C@@H](CCCCN)C(=O)N[C@@H](CCCCN)C(=O)O)C(C)C)[C@@H](C)O,156599034,C70H126N20O20,1567.9,,642,3000,22,24,49
TP1419L,CC(=O)O.C[C@H](NC(=O)[C@@H](N)Cc1cnc[nH]1)C(=O)N[C@@H](CCC(=O)O)C(=O)NCC(=O)N[C@H](C(=O)N[C@@H](Cc1ccccc1)C(=O)N[C@H](C(=O)O)[C@@H](C)O)[C@@H](C)O,155977575,C35H51N9O14,821.8,,382,1360,13,16,22
TP1497L,CC(=O)O.CC[C@H](C)[C@H](NC(=O)[C@H](CC(C)C)NC(=O)[C@@H]1CCCN1C(=O)[C@H](CC(C)C)NC(=O)[C@@H](N)Cc1ccccc1)C(=O)N[C@@H](CC(C)C)C(=O)NCC(=O)N[C@@H](CCCCN)C(=O)N[C@@H](CC(C)C)C(=O)N[C@H](C(=O)N[C@@H](CCCCN)C(=O)NCC(=O)N[C@@H](CC(C)C)C(=O)N[C@@H](CC(C)C)C(N)=O)C(C)C,156599035,C79H139N17O16,1583.1,,528,2920,17,19,51
TP1516L,CC(=O)O.CC[C@H](C)[C@H](NC(=O)[C@H](CCC(=O)O)NC(=O)[C@H](CO)NC(=O)CNC(=O)CNC(=O)[C@@H](N)C(C)C)C(=O)O,155977572,C25H44N6O12,620.6,,304,928,10,13,18
TP1549L,CC(=O)O.CC[C@H](C)[C@H](NC(=O)[C@H](CCCCN)NC(=O)[C@H](CO)NC(=O)[C@H](CC(C)C)NC(=O)[C@@H](N)CO)C(=O)N[C@@H](CC(C)C)C(=O)N[C@@H](CC(=O)O)C(=O)N[C@H](C(=O)N[C@H](C(=O)O)C(C)C)[C@@H](C)O,155977560,C45H82N10O17,1035.2,,457,1730,16,19,33
TP1571L,CC(=O)O.CC(C)C[C@H](NC(=O)CNC(=O)[C@H](Cc1ccccc1)NC(=O)[C@H](C)NC(=O)[C@H](Cc1ccc(O)cc1)NC(=O)[C@H](CC(C)C)NC(=O)[C@H](CCCN=C(N)N)NC(=O)CNC(=O)[C@H](CC(=O)O)NC(=O)CN)C(N)=O,155977571,C51H78N14O15,1127.2,,490,2040,16,17,33
TP1573L,CC(=O)O.CSCC[C@H](NC(=O)[C@H](CCCNC(=N)N)NC(=O)[C@H](CCSC)NC(=O)[C@H](CCCCN)NC(=O)[C@H](CO)NC(=O)[C@@H](NC(=O)[C@@H]1CCCN1)C(C)C)C(=O)N[C@@H](C)C(=O)N[C@H](C(=O)N1CCC[C@H]1C(=O)N[C@@H](CC(C)C)C(=O)N[C@@H](CC(C)C)C(=O)N[C@@H](CCSC)C(=O)N[C@@H](CCC(N)=O)C(=O)N[C@@H](C)C(=O)O)[C@@H](C)O,156599036,C74H132N20O21S3,1734.2,,735,3260,22,27,55
TP1627L,CC(=O)O.CC[C@H](C)[C@H](NC(=O)[C@H](CC(N)=O)NC(=O)[C@H](CO)NC(=O)[C@H](CO)NC(=O)[C@@H](N)C(C)C)C(=O)N[C@@H](CO)C(=O)N[C@@H](CCC(=O)O)C(=O)N[C@@H](CC(=O)O)C(=O)N1CCC[C@H]1C(=O)N[C@H](C(=O)N1CCC[C@H]1C(=O)N[C@H](C(=O)O)C(C)C)C(C)C,156599038,C55H91N13O23,1302.4,,582,2550,18,24,36
TP1658L,CC(=O)O.CC(C)C[C@H](NC(=O)CNC(=O)[C@H](Cc1ccccc1)NC(=O)CNC(=O)[C@H](Cc1ccc(O)cc1)NC(=O)[C@H](CC(C)C)NC(=O)[C@H](CCCN=C(N)N)NC(=O)[C@H](CCC(N)=O)NC(=O)[C@H](C)NC(=O)CNC(=O)[C@H](CO)NC(=O)[C@@H]1CCCN1C(=O)[C@H](C)N)C(N)=O,155977568,C63H98N18O18,1395.6,,595,2700,19,20,40
TP1666L,CC(=O)O.CC(C)C[C@H](NC(=O)CNC(=O)[C@H](Cc1ccccc1)NC(=O)[C@H](CO)NC(=O)[C@H](CC(N)=O)NC(=O)[C@H](Cc1c[nH]c2ccccc12)NC(=O)[C@H](CC(N)=O)NC(=O)[C@@H](N)Cc1ccc(O)cc1)C(=O)N[C@@H](CCCN=C(N)N)C(=O)N[C@@H](Cc1ccc(O)cc1)C(N)=O,156599039,C65H87N17O17,1378.5,,595,2660,20,19,38
TP1672L,CSCC[C@H](NC=O)C(=O)N[C@@H](C)C(=O)N[C@@H](CO)C(=O)O.O=C(O)C(F)(F)F,155977562,C14H22F3N3O8S,449.40,,207,490,6,12,10
TP1761L,CC(=O)O.CC[C@H](C)[C@H](NC(=O)[C@@H](N)CCCNC(=N)N)C(=O)N[C@@H](CC(C)C)C(=O)N[C@@H](CC(C)C)C(=O)N[C@@H](CCCCN)C(=O)N[C@@H](CCCCN)C(=O)N[C@@H](CCSC)C(=O)N1CCC[C@H]1C(=O)N[C@@H](CO)C(=O)N[C@H](C(=O)O)C(C)C,156598965,C56H105N15O14S,1244.6,,516,2110,16,19,41
TP1786L,CC(=O)O.CC(C)C[C@H](NC(=O)[C@H](CCCCN)NC(=O)[C@H](CCC(N)=O)NC(=O)[C@H](Cc1cnc[nH]1)NC(=O)[C@H](Cc1cnc[nH]1)NC(=O)[C@@H](NC(=O)[C@H](CCC(=O)O)NC(=O)[C@@H](N)Cc1ccc(O)cc1)C(C)C)C(=O)N[C@H](C(=O)N[C@@H](Cc1ccccc1)C(=O)N[C@@H](Cc1ccccc1)C(=O)O)C(C)C,156599019,C73H103N17O18,1506.7,,576,2850,19,22,45
TP1813L,CC(=O)O.CC[C@H](C)[C@H](NC(=O)[C@H](CCCNC(=N)N)NC(=O)[C@H](CCCNC(=N)N)NC(=O)[C@H](CC(C)C)NC(=O)[C@H](Cc1ccccc1)NC(=O)CNC(=O)CNC(=O)[C@@H](N)Cc1ccc(O)cc1)C(=O)N[C@@H](CCCNC(=N)N)C(=O)N1CCC[C@H]1C(=O)O,145707407,C59H95N19O14,1294.5,,567,2420,18,18,38
TP1904L,CC(C)C[C@H](NC(=O)[C@H](CC(C)C)NC(=O)[C@H](CO)NC(=O)[C@@H](N)Cc1ccccc1)C(=O)N[C@@H](CCCN=C(N)N)C(=O)N[C@@H](Cc1ccc(O)cc1)C(N)=O.O=C(O)C(F)(F)F,155977585,C41H61F3N10O10,911.0,,357,1410,12,15,24
TP1002L,CC(=O)O.CSCC[C@H](NC(=O)[C@@H](NC(=O)[C@@H](N)Cc1ccc(O)cc1)C(C)C)C(=O)NCC(=O)N[C@@H](Cc1c[nH]cn1)C(=O)N[C@@H](Cc1ccccc1)C(=O)N[C@@H](CCCNC(=N)N)C(=O)N[C@@H](Cc1c[nH]c2ccccc12)C(=O)N[C@@H](CC(=O)O)C(=O)N[C@@H](CCCNC(=N)N)C(=O)N[C@@H](Cc1ccccc1)C(N)=O,155977589,C74H101N21O16S,1572.8,,649,3020,23,21,47
TP1270L,CC(=O)O.CC(C)C[C@H](NC(=O)[C@@H](N)CC(N)=O)C(=O)NCC(=O)N[C@@H](CCC(=O)O)C(=O)N[C@@H](Cc1cnc[nH]1)C(=O)N1CCC[C@H]1C(=O)N[C@H](C(=O)N[C@@H](CS)C(=O)N[C@@H](CC(=O)O)C(=O)N[C@@H](CO)C(=O)O)C(C)C,156599042,C45H71N13O19S,1130.2,,521,2100,17,22,32
TP1545L1,CC(C)C[C@H](NC(=O)CNC(=O)[C@H](C)NC(=O)[C@H](Cc1ccccc1)NC(=O)[C@@H](N)Cc1ccccc1)C(=O)N[C@@H](CC(=O)O)C(=O)N[C@@H](CC(=O)O)C(=O)O.N,155977598,C37H52N8O12,800.9,,314,1400,11,14,23
TP1699L,CC(=O)O.CC(C)C[C@H](NC(=O)[C@H](CCC(=O)O)NC(=O)[C@H](CCC(N)=O)NC(=O)[C@H](C)NC(=O)[C@@H](NC(=O)[C@@H](NC(=O)[C@H](CCCCN)NC(=O)[C@H](CCCCN)NC(=O)[C@@H](N)CCCCN)C(C)C)[C@@H](C)O)C(=O)N[C@@H](CC(=O)O)C(=O)O,155977565,C52H94N14O19,1219.4,,579,2150,19,23,43
TP2323L,CC(=O)O.CCNC(=O)[C@@H]1CCCN1C(=O)[C@H](CCCN=C(N)N)NC(=O)[C@H](CC(C)C)NC(=O)[C@@H](Cc1c[nH]c2ccccc12)NC(=O)[C@H](Cc1ccc(O)cc1)NC(=O)[C@H](CO)NC(=O)[C@H](Cc1c[nH]c2ccccc12)NC(=O)[C@H](Cc1cnc[nH]1)NC(=O)[C@@H]1CCC(=O)N1,25077533,C66H87N17O14,1342.5,,485,2640,17,16,32
TP2325L,CC(=O)O.CC(C)C[C@@H]1NC(=O)[C@H](Cc2ccccc2)NC(=O)[C@H](CCCCN)NC(=O)[C@@H](NC(=O)[C@H](CCCCN)NC(=O)[C@@H](NC(=O)[C@@H](N)CCCCN)[C@@H](C)O)CSSC[C@@H](C(=O)O)NC(=O)[C@H](CCCCN)NC(=O)[C@H](CCCCN)NC1=O,156599044,C57H101N15O14S2,1284.6,,563,2080,18,22,32
TP2328L,CC(=O)O.CC[C@H](C)[C@H](NC(=O)[C@H](C)NC(=O)[C@H](CC(=O)O)NC(=O)[C@@H](C)NC(=O)[C@@H](N)Cc1ccc(O)cc1)C(=O)N[C@@H](Cc1ccccc1)C(=O)N[C@H](C(=O)N[C@@H](CCC(N)=O)C(=O)N[C@@H](CO)C(=O)N[C@@H](Cc1ccc(O)cc1)C(=O)N[C@@H](CCCNC(=N)N)C(=O)N[C@@H](CCCCN)C(=O)N[C@H](C(=O)N[C@@H](CC(C)C)C(=O)N[C@@H](C)C(=O)N[C@@H](CCC(N)=O)C(=O)N[C@@H](CC(C)C)C(=O)N[C@@H](CO)C(=O)N[C@@H](C)C(=O)N[C@@H](CCCNC(=N)N)C(=O)N[C@@H](CCCCN)C(=O)N[C@@H](CC(C)C)C(=O)N[C@@H](CC(C)C)C(=O)N[C@@H](CCC(N)=O)C(=O)N[C@@H](CC(=O)O)C(=O)N[C@H](C(=O)N[C@@H](CC(C)C)C(=O)N[C@@H](CO)C(=O)N[C@@H](CCCNC(=N)N)C(N)=O)[C@@H](C)CC)C(C)C)[C@@H](C)O,155977624,C154H256N44O44,3427.9,,1480,7740,53,50,118
T8886,O=C(O)c1ccccc1NS(=O)(=O)c1cccc(-c2cnn(Cc3ccccc3)c2)c1,44607341,C23H19N3O4S,433.5,4.1,110,704,2,6,7
T8904,CSc1nn2c(=O)c([N+](=O)[O-])nnc2[nH]1,3113817,C5H4N6O3S,228.19,0.4,141,435,1,6,1
TN6712,CC1=C2[C@@H](CC[C@]13O[C@@H]1C[C@H](C)CN[C@H]1[C@H]3C)[C@@H]1CC(=O)[C@H]3C[C@@H](O)CC[C@]3(C)[C@H]1[C@H]2O,3083381,C27H41NO4,443.6,1.6,78.8,855,3,5,0
T8897,NC(=O)CI,3727,C2H4INO,184.96,-0.2,43.1,44,1,1,1
T8861,CCn1c(-c2nc3cc(C(=O)N4CCC[C@@H](N)C4)cc(OC)c3n2C)cc2cccnc21.Cl,86340155,C24H29ClN6O2,469.0,,91.2,679,2,5,4
TP1351L,CC(C)C[C@H](NC(=O)[C@H](CO)NC(=O)[C@H](C)NC(=O)[C@H](CCCN=C(N)N)NC(=O)[C@H](CCCN=C(N)N)NC(=O)[C@@H](N)CC(C)C)C(=O)NCC(=O)O.O=C(O)C(F)(F)F,155977597,C34H62F3N13O11,885.9,,424,1400,14,17,26
T4021L,CCN(CC)CCCC[C@H](NC(=O)[C@H](CC(C)C)NC(=O)[C@H](C)NC(=O)[C@H](Cc1ccccc1)NC(=O)c1ccc(C(C)(C)C)cc1)C(=O)N[C@@H](CO)C(=O)OC.O=C(O)C(F)(F)F,155977586,C45H67F3N6O10,909.0,,233,1350,7,14,25
TN6707,COC(=O)c1ccc(O)cc1O,16523,C8H8O4,168.15,2,66.8,168,2,4,2
T8916,C=CCn1c(=O)c2cnc(Nc3ccc4c(c3)CN(C)CC43CC3)nc2n1-c1cccc(C(C)(C)O)n1,137471996,C28H31N7O2,497.6,3.3,97.7,879,2,8,6
T13214L,CN1CCN(c2nc3c(F)cccc3c(=O)n2-c2ccc(Oc3ccc(F)cc3)cc2)CC1,137628676,C25H22F2N4O2,448.5,4,48.4,713,0,6,4
T8907,Cc1cc(-c2ccccc2)nnc1NCCN1CCOCC1.Cl.Cl,33254,C17H24Cl2N4O,371.3,,50.3,316,3,5,5
T8915,CN(CC(=O)O)C(=O)CN,93131,C5H10N2O3,146.14,-3.9,83.6,146,2,4,3
T8833,O=C(O)c1cc(N2C(=O)C3C4c5ccccc5C(c5ccccc54)C3C2=O)ccc1Cl,2871344,C25H16ClNO4,429.8,3.9,74.7,730,1,4,2
T8898,C=C1C(=O)O[C@@H]2C[C@@]3(C)[C@H](O)C[C@H](O)C(=C)[C@@H]3C[C@H]12,442254,C15H20O4,264.32,0.9,66.8,469,2,4,0
TN6708,CCOC(=O)c1cc(O)cc(O)c1,20098,C9H10O4,182.17,1.7,66.8,170,2,4,3
T8901,CCCC(=O)NC(c1ccc2c(c1)OCO2)c1cc(Cl)c2cccnc2c1O,3138755,C21H19ClN2O4,398.8,4.5,80.7,550,2,5,5
TN6709,COc1cc2c(cc1OC)C(=O)NCC2,610097,C11H13NO3,207.23,1.2,47.6,244,1,3,2
T21876,Nc1c(C(=O)Nc2c(F)cc(F)cc2Br)sc2nc3c(cc12)CCC3,1025330,C17H12BrF2N3OS,424.3,4.8,96.3,530,2,6,2
T8908,O=C(CBr)c1ccc(Cl)cc1,68303,C8H6BrClO,233.49,3.1,17.1,141,0,1,2
TN6710,COC(=O)c1ccccc1OC(C)=O,68484,C10H10O4,194.18,1.5,52.6,224,0,4,4
T5775,C[C@@H]1O[C@@H](OC[C@H]2O[C@@H](OC[C@H]3O[C@@H](OC(=O)[C@]45CCC(C)(C)C[C@H]4C4=CC[C@@H]6[C@@]7(C)CC[C@H](O[C@@H]8OC[C@H](O)[C@H](O)[C@H]8O[C@@H]8O[C@H](CO)[C@@H](O)[C@H](O)[C@H]8O)[C@@](C)(CO)[C@@H]7CC[C@@]6(C)[C@]4(C)CC5)[C@H](O)[C@@H](O)[C@@H]3O)[C@H](O)[C@@H](O)[C@@H]2O)[C@H](O)[C@H](O)[C@H]1O,102004666,C59H96O27,1237.4,-2.5,433,2390,16,27,15
TP2324,CC(NC(=O)C1CCC(=O)N1)C(=O)NC(CCCCN)C(=O)NC(CO)C(=O)NC(CCC(N)=O)C(=O)NCC(=O)NCC(=O)NC(CO)C(=O)NC(CC(N)=O)C(=O)O,4277323,C33H54N12O15,858.9,-10.9,452,1610,15,16,28
T8887,COc1ccccc1-c1cc(=O)c2cc(C)ccc2o1,930492,C17H14O3,266.29,3.5,35.5,401,0,3,2
T2782L,CCC1=C[C@@H]2CN3CCc4c([nH]c5ccccc45)[C@@](C(=O)OC)(C2)[C@@H]13.O=C(O)C(O)C(O)C(=O)O,24721367,C25H30N2O8,486.5,,160,737,5,9,6
TQ0257,O=Cc1c2[nH]c3ccccc3c2cc2[nH]c3ccccc3c12,1863,C19H12N2O,284.3,4.3,48.7,453,2,1,1
TQ0295,O=c1oc2cc(O)ccc2c2oc3cc(O)ccc3c12,5281707,C15H8O5,268.22,2.8,79.9,411,2,5,0
TQ0302,CC=C(C)C(=O)O[C@H]1C(C)=C2[C@H]([C@@H]1OC(=O)CCCCCCC)[C@@](C)(OC(C)=O)C[C@H](OC(=O)CCC)[C@@]1(O)[C@H]2OC(=O)[C@@]1(C)O,49926,C34H50O12,650.8,3.6,172,1270,2,12,17
TN1041,O=c1c(O)c(-c2ccc(O)c(O)c2)oc2cc(O[C@@H]3O[C@H](CO)[C@@H](O)[C@H](O)[C@H]3O)cc(O)c12,5282160,C21H20O12,464.4,0.4,207,758,8,12,4
TN1226,COC(C)(C)[C@H](O)[C@@H](O)C[C@@H](C)C1=C2C[C@H](O)[C@H]3[C@@]4(C)CCC(=O)C(C)(C)[C@@H]4CC[C@]3(C)[C@@]2(C)CC1,102004721,C31H52O5,504.7,4.4,87,920,3,5,6
TN1516,CC(C)=CCOc1c2ccoc2c(OCC=C(C)C)c2oc(=O)ccc12,10043694,C21H22O5,354.4,5.3,57.9,598,0,5,6
TN1990,O=c1c2cc(O)c(O)cc2oc2cc(O)cc(O)c12,5281656,C13H8O6,260.20,2.1,107,372,4,6,0
TN2330,COc1cc(C=CC(=O)OCCc2ccccc2)ccc1O,123020,C18H18O4,298.3,3.8,55.8,360,1,4,7
T12186,CC1(C)CCC(c2ccc(Cl)cc2)=C(CN2CCN(c3ccc(C(=O)NS(=O)(=O)c4ccc(N[C@H](CCN5CCNCC5)CSc5ccccc5)c(S(=O)(=O)C(F)(F)F)c4)cc3)CC2)C1,132020434,C47H56ClF3N6O5S3,973.6,9.3,173,1800,3,14,16
T12472,O=[N+]([O-])c1ccc(-c2cn3c4c(sc3n2)CCCC4)cc1,4587369,C15H13N3O2S,299.3,4.4,91.4,408,0,4,1
T18887,Cc1cc(=O)oc2cc(O[C@@H]3O[C@H](C(=O)O)[C@@H](O)[C@H](O)[C@H]3O)ccc12.O,16218413,C16H18O10,370.31,,144,574,5,10,3
T19140,CCC(=O)Nc1ccc(O)cc1,74325,C9H11NO2,165.19,1.3,49.3,151,2,2,2
T10174,O=C(NC[C@@H]1CN(c2ccc(N3CCOCC3=O)cc2)C(=O)O1)c1ccc(Cl)s1,11524901,C19H18ClN3O5S,435.9,2.5,116,645,1,6,5
T10894,Cc1ccc(NC(=O)c2cccc(C(F)(F)F)c2)cc1NC(=O)c1cncc(-c2cnn(C)c2)c1,137333440,C25H20F3N5O2,479.5,3.7,88.9,751,2,7,5
T8509,CC(=O)c1nn(CC(=O)N2C[C@H](F)C[C@H]2C(=O)Nc2cccc(Br)n2)c2ccc(-c3cnc(C)nc3)cc12,118323590,C26H23BrFN7O3,580.4,3.3,123,891,1,8,6
T15598,CCN(CC)c1ccc(C(=C2C=CC(=[N+](CC)CC)C=C2)c2cc(S(=O)(=O)[O-])ccc2S(=O)(=O)[O-])cc1.[Na+],50108,C27H31N2NaO6S2,566.7,,137,1040,0,7,7
T14360,CCOc1cc(C(=O)N2CCC(N3CCN(C)CC3)CC2)ccc1Nc1ncc2c(n1)N(S(C)(=O)=O)c1ccccc1C(=O)N2C,122705989,C32H40N8O5S,648.8,2.4,140,1170,1,11,7
T14367,c1nc(NC2CCC(N3CCOCC3)CC2)c2c(C3CCOCC3)c[nH]c2n1,131839619,C21H31N5O2,385.5,2.4,75.3,489,2,6,4
T10255,CC(C)(C)c1ccc(CN(C(=O)CN(Cc2c(F)c(F)c(F)c(F)c2F)S(=O)(=O)c2ccc(F)cc2)c2ccc(C(=O)NO)cc2)cc1,137628685,C33H29F6N3O5S,693.7,6.2,115,1170,2,12,11
T14900,CC(=O)C1=C(O)C(=O)N(c2ccc(Cl)cc2F)[C@@H]1C1CCCCC1,12093170,C18H19ClFNO3,351.8,4.3,57.6,558,1,4,3
T14909,Cc1cnc(C(=O)c2ncnc3[nH]ccc23)c(NS(=O)(=O)c2ccc(Cl)c(C(F)(F)F)c2)c1,25134303,C20H13ClF3N5O3S,495.9,4.6,126,827,2,10,5
T14989,Cn1c(CNc2cccc(C(=O)NCc3ccccc3C(F)(F)F)c2)nnc1-c1ccncc1,11677079,C24H21F3N6O,466.5,3.2,84.7,659,2,8,7
T15027,CC(=O)C1=C(O)[C@@H]2[C@H]3c4c[nH]c5cccc(c45)C[C@H]3C(C)(C)N2C1=O,54682463,C20H20N2O3,336.4,2.2,73.4,697,2,3,1
T15364,CC(=O)c1ccc2c(c1)C1C=CCC1C(c1cc3c(cc1Br)OCO3)N2,3136849,C21H18BrNO3,412.3,4.6,47.6,596,1,4,2
T12952,O.O.O=C([O-])CC(O)(CC(=O)[O-])C(=O)[O-].[Na+].[Na+].[Na+],71474,C6H9Na3O9,294.10,,143,211,3,9,2
T13013,O.O.O.O.O.O.O.O.O.O=C(O)[C@@H]1[O][Sb](=[O])([O][Sb]2(=[O])[O][C@H]([C@H](O)CO)[C@H](O)[C@H](C(=O)O)[O]2)[O][C@H]([C@H](O)CO)[C@@H]1O.[Na+].[Na+].[Na+],156598987,C12H38Na3O26Sb2+3,910.90,,285,710,17,26,8
T13119,CC[C@H](Nc1ncnc2nc[nH]c12)c1oc2ccccc2c(=O)c1-c1cccc(F)c1,86291103,C23H18FN5O2,415.4,4.2,92.8,703,2,7,5
T13613,CC(CN(C)C)NC(=O)c1cccc2[nH]c(-c3ccncc3)nc12,135397145,C18H21N5O,323.4,1.8,73.9,424,2,4,5
T15477,CCCCCCOC(=O)CCC(=O)CN.Cl,6433082,C11H22ClNO3,251.75,,69.4,192,2,4,10
T15501,CCCCCCOC(C)c1c(C)c2cc3nc(c4c5[nH]c(cc6nc(cc1[nH]2)C(C)=C6CC)c(C)c5C(=O)C4)[C@@H](CCC(=O)O)[C@@H]3C,148160,C39H48N4O4,636.8,4.2,116,1770,3,8,11
T13736,CCCC[C@H](CO)Nc1nc(NC)ncc1OC,134395184,C12H22N4O2,254.33,2,79.3,218,3,6,8
T16028,Oc1c(C(Nc2ccccn2)c2cccs2)ccc2cccnc12,3625042,C19H15N3OS,333.4,4,86.3,410,2,5,4
T16471,FC(F)(F)C(F)(F)C(F)(F)C(F)(F)C(F)(F)C(F)(F)C(F)(F)C(F)(F)Br,9873,C8BrF17,498.96,6.9,0,527,0,17,6
T16832,CCS(=O)(=O)c1ccc(CC(=O)Nc2ccc(C(C)(C)C(=O)Nc3ccc(F)cc3F)c(F)c2)cc1,137796283,C26H25F3N2O4S,518.5,4.3,101,871,2,7,8
T11944,O=C(c1ccccc1O)c1[nH]c(Cl)c(Cl)c1-n1c(C(=O)c2ccccc2O)cc(Cl)c1Cl,24797083,C22H12Cl4N2O4,510.1,8,95.3,715,3,4,5
T12006,N=c1c2c(-c3ccccc3)c(-c3ccccc3)n(Cc3ccccc3)c2ncn1C1CCC(O)CC1,50985821,C31H30N4O,474.6,5.6,64.6,759,2,3,5
T16225,O=C1CC(S(=O)(=O)[O-])C(=O)N1O.[Na+],3520574,C4H4NNaO6S,217.13,,123,331,1,6,1
T16996,C=CC(=O)N[C@H]1C=C(C)c2c(-c3cnc4ccccc4c3)c3c(N)ncnc3n2C1,117918742,C23H20N6O,396.4,2.3,98.7,710,2,5,3
T17159,CS(=O)(=O)OC[C@H](O)[C@@H](O)COS(C)(=O)=O,9882105,C6H14O8S2,278.3,-2.2,144,345,2,8,7
T17293,O=C(O)c1ccc(NCc2cc(Cl)cc(Cl)c2O)cc1O,44207238,C14H11Cl2NO4,328.1,4,89.8,371,4,5,4
T2S0765,C=C(C)[C@@H]1CC[C@]2(C(=O)O)CC[C@]3(C)[C@H](CC[C@@H]4[C@@]5(C)CC[C@@H](O)C(C)(C)[C@@H]5CC[C@]43C)[C@@H]12,485711,C30H48O3,456.7,8.2,57.5,861,2,3,2
T3S1707,COc1cc(CCc2cc(OC)c(O)c(OC)c2)ccc1O,176096,C17H20O5,304.34,2.7,68.2,310,2,5,6
T20539,CCN(CC)c1nc(C)cc(OP(=S)(OC)OC)n1,34526,C11H20N3O3PS,305.34,4.2,88.8,310,0,7,7
T20637,CC(=O)Nc1c(I)c(NC(C)=O)c(I)c(C(=O)O)c1I.CNC[C@H](O)[C@@H](O)[C@H](O)[C@H](O)CO,8566,C18H26I3N3O9,809.1,,209,525,9,10,9
T21059,CCCSc1nc(N)c2nnn([C@@H]3C[C@H](OCCO)[C@@H](O)[C@H]3O)c2n1,78358176,C14H22N6O4S,370.43,-0.8,178,438,4,10,7
T21369,CC1(C)S[C@@H]2[C@H](N=CN3CCCCCC3)C(=O)N2[C@H]1C(=O)O,36273,C15H23N3O3S,325.4,2.1,98.5,500,1,5,3
T22565,Cl.NCCCCN(Cc1nc2ccccc2[nH]1)[C@H]1CCCc2cccnc21,71576687,C21H28ClN5,385.9,,70.8,431,3,4,7
T23176,Nc1ncnc2c1cnn2-c1ccccc1,4879,C11H9N5,211.22,1.5,69.6,241,1,4,1
T23377,CC(=O)[O-].[Na+],517045,C2H3NaO2,82.03,,40.1,34,0,2,0
T19763,Cl.NCC1CCC(C(=O)Oc2ccc(CCC(=O)O)cc2)CC1,34001,C17H24ClNO4,341.8,,89.6,369,3,5,7
T19780,c1ccc(SSc2ccccn2)nc1,65093,C10H8N2S2,220.3,2.6,76.4,148,0,4,3
T20109,Cl.Cl.NCCSSCCN,5941,C4H14Cl2N2S2,225.2,,103,37,4,4,5
T5901,Cc1ncccc1O,70719,C6H7NO,109.13,0.9,33.1,74,1,2,0
PDK0327,COc1cc(C)cc(OC)c1O,240925,C9H12O3,168.19,1.9,38.7,124,1,3,2
PDK0060,CN1[C@@H]2CC[C@H]1CC(O)C2,449293,C8H15NO,141.21,0.8,23.5,123,1,2,0
PDK0014,Cn1c(=O)[nH]c(=O)c2[nH]cnc21,70639,C6H6N4O2,166.14,-0.7,78.1,242,2,3,0
Fr12415,CCOC(=O)Cc1ccc(O)cc1,28310,C10H12O3,180.20,1.9,46.5,160,1,3,4
TP1065,C[C@H](N)C(=O)N[C@@H](Cc1ccc(O)cc1)C(=O)N1CCC[C@H]1C(=O)NCC(=O)N[C@@H](CCCCN)C(=O)N[C@@H](Cc1ccccc1)C(N)=O.O=C(O)C(F)(F)F,71311736,C36H49F3N8O9,794.8,,289,1210,9,14,18
TP1086,CC(C)[C@H](NC(=O)[C@@H](Cc1c[nH]c2ccccc12)NC(=O)[C@H](Cc1ccc(O)cc1)NC(=O)[C@@H](N)CC(=O)O)C(=O)N[C@H](Cc1c[nH]c2ccccc12)C(=O)N[C@H](Cc1c[nH]c2ccccc12)C(=O)N[C@@H](CCCCN)C(N)=O.O=C(O)C(F)(F)F,138319708,C59H69F3N12O12,1195.2,,412,2160,15,17,28
TP1346,CC(=O)N[C@@H](Cc1ccc([N+](=O)[O-])cc1)C(=O)N[C@@H]1CSSC[C@@H](C(=O)N[C@H](Cc2ccc(O)cc2)C(N)=O)NC(=O)[C@H]([C@@H](C)O)NC(=O)[C@H](CCCCN)NC(=O)[C@@H](Cc2c[nH]c3ccccc23)NC(=O)[C@H](Cc2ccc(O)cc2)NC1=O.O=C(O)C(F)(F)F,71312046,C58H69F3N12O16S2,1311.4,,512,2330,15,22,19
TP1429,CC(=O)O.CC[C@H](C)[C@H](NC(=O)[C@H](CC(=O)O)NC(=O)[C@@H](NC(=O)[C@@H](N)Cc1ccc(O)cc1)[C@@H](C)O)C(=O)N[C@@H](CCC(=O)O)C(=O)N[C@@H](CCSC)C(=O)N[C@@H](CC(N)=O)C(=O)N[C@@H](CCCNC(=N)N)C(=O)N[C@@H](CC(C)C)C(=O)NCC(=O)N[C@@H](CCCCN)C(=O)O,155977645,C59H98N16O21S,1399.6,,665,2590,21,25,46
TP1704,CC(C)C[C@H](NC(=O)[C@H](CC(C)C)NC(=O)[C@H](Cc1ccc(O)cc1)NC(=O)CNC(=O)[C@H](C)NC(=O)[C@H](CO)NC(=O)[C@H](CC(N)=O)NC(=O)[C@H](CC(C)C)NC(=O)[C@@H](NC(=O)[C@H](Cc1c[nH]c2ccccc12)NC(=O)CN)[C@@H](C)O)C(=O)NCC(=O)N1CCC[C@H]1C(=O)N1CCC[C@H]1C(=O)N1CCC[C@H]1C(=O)NCC(=O)N[C@@H](Cc1ccccc1)C(=O)N[C@@H](CO)C(=O)N1CCC[C@H]1C(=O)N[C@@H](Cc1ccccc1)C(=O)N[C@@H](CCCNC(=N)N)C(N)=O.O=C(O)C(F)(F)F,155977653,C109H154F3N27O28,2347.5,,855,5100,28,33,61
TP1881L1,CC(=O)N[C@H](C(=O)N[C@H](C(=O)N[C@@H](Cc1ccccc1)C(=O)N[C@H](C(=O)N[C@@H](CO)C(=O)N[C@@H](Cc1c[nH]c2ccccc12)C(=O)N[C@@H](CCC(=O)O)C(=O)N[C@@H](CCC(=O)O)C(=O)N[C@@H](Cc1ccc(O)cc1)C(=O)N[C@@H](CC(C)C)C(=O)N[C@@H](CC(=O)O)C(=O)N[C@@H](Cc1c[nH]c2ccccc12)C(=O)N[C@H](C(N)=O)C(C)C)[C@@H](C)O)C(C)C)[C@@H](C)O.N,155977628,C83H113N17O24,1732.9,,647,3630,24,25,49
TP1159L,CC(=O)O.CC(C)(C)OC(=O)NCC(=O)NCC(=O)N[C@@H](Cc1ccccc1)C(=O)NCC(=O)O,155977599,C22H32N4O9,496.5,,200,685,6,9,12
TP1214L,CC(=O)O.CC(C)C[C@H](NC(=O)[C@H](CCCCN)NC(=O)[C@@H](N)CCC(N)=O)C(=O)N[C@H](C(=O)N[C@@H](Cc1ccccc1)C(=O)N[C@@H](Cc1ccccc1)C(=O)N[C@@H](C)C(=O)O)C(C)C,155977579,C45H69N9O11,912.1,,344,1480,11,13,27
TP1215L,CC(=O)O.CC[C@H](C)[C@H](NC(=O)[C@H](CO)NC(=O)[C@H](CCCCN)NC(=O)CNC(=O)[C@H](CCCCN)NC(=O)[C@H](CC(=O)O)NC(=O)[C@H](Cc1c[nH]cn1)NC(=O)[C@H](CC(C)C)NC(=O)[C@H](CC(C)C)NC(=O)[C@H](CCC(N)=O)NC(=O)[C@H](Cc1c[nH]cn1)NC(=O)[C@H](CCC(=O)O)NC(=O)[C@H](CO)NC(=O)[C@@H](NC(=O)[C@H](C)N)C(C)C)C(=O)N[C@@H](CCC(N)=O)C(=O)N[C@@H](CC(=O)O)C(=O)N[C@@H](CC(C)C)C(=O)N[C@@H](CCCNC(=N)N)C(=O)N[C@@H](CCCNC(=N)N)C(=O)N[C@@H](CCCNC(=N)N)C(=O)N[C@@H](CCC(=O)O)C(=O)N[C@@H](CC(C)C)C(=O)N[C@@H](CC(C)C)C(=O)N[C@@H](CCC(=O)O)C(=O)N[C@@H](CCCCN)C(=O)N[C@@H](CC(C)C)C(=O)N[C@@H](CC(C)C)C(=O)NC(C)(C)C(=O)N[C@@H](CCCCN)C(=O)N[C@@H](CC(C)C)C(=O)N[C@@H](Cc1c[nH]cn1)C(=O)N[C@H](C(=O)N[C@@H](C)C(N)=O)[C@@H](C)O,154701432,C176H304N56O51,4021,,1780,9340,62,62,145
TP1238L,CC(=O)O.CSCC[C@H](NC(=O)[C@H](CO)NC(=O)[C@H](Cc1ccc(O)cc1)NC(=O)[C@@H](N)CO)C(=O)N[C@@H](CCC(=O)O)C(=O)N[C@@H](Cc1c[nH]cn1)C(=O)N[C@@H](Cc1ccccc1)C(=O)N[C@@H](CCCNC(=N)N)C(=O)N[C@@H](Cc1c[nH]c2ccccc12)C(=O)NCC(=O)N[C@@H](CCCCN)C(=O)N1CCC[C@H]1C(=O)N[C@H](C(=O)NCC(=O)O)C(C)C,155977578,C79H113N21O22S,1740.9,,726,3420,25,27,52
TP1248L,CC(=O)O.CC(C)[C@H](NC(=O)[C@H](CCCCN)NC(=O)[C@@H](NC(=O)[C@@H]1CCCN1C(=O)[C@H](CCCN=C(N)N)NC(=O)[C@H](CCCN=C(N)N)NC(=O)[C@H](CCCCN)NC(=O)[C@H](CCCCN)NC(=O)CNC(=O)[C@@H](NC(=O)[C@@H]1CCCN1C(=O)[C@@H](N)CCCCN)C(C)C)C(C)C)C(=O)N[C@@H](Cc1ccc(O)cc1)C(=O)N1CCC[C@H]1C(=O)O,155977577,C79H138N24O18,1712.1,,706,3330,22,25,53
TP1281L1,CC(=O)O.CSCCC(NC(=O)C(CC(C)C)NC(=O)C(Cc1cnc[nH]1)NC(=O)CNC(=O)C(NC(=O)C(C)NC(=O)C(Cc1c[nH]c2ccccc12)NC(=O)C(CCC(N)=O)NC(=O)C(CC(N)=O)NC(=O)CNC(=O)C(CC(C)C)NC(=O)C(CCCNC(=N)N)NC(=O)C(CCC(N)=O)NC(=O)C1CCC(=O)N1)C(C)C)C(N)=O,155977590,C73H114N24O20S,1679.9,,749,3440,24,23,52
TP1501L,CC(=O)O.CC(C)C[C@@H]1NC(=O)[C@H]([C@@H](C)O)NC(=O)[C@H](Cc2ccccc2)NC(=O)CNC(=O)[C@H](Cc2c[nH]c3ccccc23)NC(=O)[C@H](Cc2cnc[nH]2)NC(=O)[C@H]([C@@H](C)O)NC(=O)[C@H]([C@@H](C)O)NC(=O)[C@@H](N)CSSC[C@@H](C(=O)O)NC1=O,156599033,C54H75N13O16S2,1226.4,,518,2210,17,20,12
TP1541L,CC(=O)O.CSCC[C@H](NC(=O)[C@H](CCCNC(=N)N)NC(=O)[C@@H](NC(=O)[C@H](Cc1c[nH]c2ccccc12)NC(=O)[C@H](CC(C)C)NC(=O)[C@@H]1CCCN1C(=O)[C@H](CCCNC(=N)N)NC(=O)[C@@H](NC(=O)[C@@H](N)Cc1ccc(O)cc1)C(C)C)C(C)C)C(=O)N[C@@H](CCC(=O)O)C(=O)O,155977593,C65H101N17O16S,1408.7,,581,2670,18,20,40
TP1606L,CC(=O)O.CC(C)[C@H](NC(=O)[C@H](CCCCN)NC(=O)[C@H](CCCN=C(N)N)NC(=O)[C@H](CCCCN)NC(=O)[C@H](CCCCN)NC(=O)[C@H](CCCCN)NC(=O)[C@@H]1CCCN1)C(=O)O,155977570,C42H82N14O10,943.2,,430,1450,15,16,34
TP1648L,CC(=O)O.CC(C)C[C@H](NC(=O)CNC(=O)[C@H](Cc1ccc(O)cc1)NC(=O)[C@H](CO)NC(=O)[C@H](Cc1c[nH]c2ccccc12)NC(=O)[C@H](Cc1cnc[nH]1)NC(=O)[C@@H]1CCC(=O)N1)C(=O)N[C@@H](CCC(N)=O)C(=O)N1CCC[C@H]1C(=O)NCC(N)=O,155977569,C56H75N15O16,1214.3,,491,2370,16,17,30
TP1676L,CC(=O)O.CC(C)C[C@H](NC(=O)[C@H](CCC(N)=O)NC(=O)[C@@H]1CCCN1C(=O)[C@@H](N)CCCCN)C(=O)N[C@@H](Cc1c[nH]c2ccccc12)C(=O)N1CCC[C@H]1C(=O)O,155977567,C40H61N9O10,828.0,,313,1410,9,12,20
TP1760L,CC(=O)O.CSCC[C@H](NC(=O)[C@H](C)N)C(=O)N[C@@H](C)C(=O)N[C@@H](CCCNC(=N)N)C(=O)N[C@@H](C)C(=O)N[C@@H](C)C(=O)N[C@@H](CO)C(=O)N[C@@H](C)C(=O)N[C@@H](C)C(=O)N[C@@H](C)C(=O)N[C@@H](CC(C)C)C(=O)N[C@@H](C)C(=O)N[C@@H](CCCNC(=N)N)C(=O)N[C@@H](CCCNC(=N)N)C(=O)N[C@@H](CCCNC(=N)N)C(=O)O,155977606,C64H119N27O19S,1602.9,,811,3160,26,25,51
TP1789L,CC(=O)O.CC[C@H](C)[C@H](NC(=O)[C@H](CCCCN)NC(=O)[C@H](CC(C)C)NC(=O)[C@@H]1CCCN1C(=O)[C@H](CCC(=O)O)NC(=O)[C@H](Cc1ccc(O)cc1)NC(=O)[C@@H](NC(=O)[C@H](CO)NC(=O)CNC(=O)[C@H](CO)NC(=O)[C@H](CCCNC(=N)N)NC(=O)[C@H](CCCCN)NC(=O)[C@@H](NC(=O)[C@@H](N)CCCNC(=N)N)[C@@H](C)O)C(C)C)C(=O)O,155977564,C74H128N22O23,1693.9,,769,3280,26,28,55
TP1792L,CC(=O)N1CCC[C@H]1C(=O)N[C@@H](Cc1ccccc1)C(=O)N[C@@H](CCCN=C(N)N)C(=O)N[C@@H](CO)C(=O)N[C@H](C(=O)N[C@@H](CCC(N)=O)C(N)=O)C(C)C.CC(=O)O,155977563,C37H59N11O11,833.9,,374,1430,11,12,22
TP1992L,CC(=O)O.CC(C)C[C@H](NC(=O)[C@H](C)NC(=O)[C@H](CC(C)C)NC(=O)[C@H](C)NC(=O)[C@@H]1CCCN1C(=O)[C@@H]1CCCN1C(=O)[C@@H]1CCCN1C(=O)CNC(=O)[C@H](CC(C)C)NC(=O)[C@H](CC(C)C)NC(=O)[C@H](Cc1ccc(O)cc1)NC(=O)CNC(=O)[C@H](C)NC(=O)[C@H](CO)NC(=O)[C@H](CC(N)=O)NC(=O)[C@H](CC(C)C)NC(=O)[C@@H](NC(=O)[C@H](Cc1c[nH]c2ccccc12)NC(=O)CN)[C@@H](C)O)C(=O)N[C@@H](C)C(N)=O,155977610,C96H149N23O26,2041.3,,753,4390,24,27,54
TP2008L,CC(=O)O.CCCCCCCCCCCCCCCCCC(=O)N[C@@H](Cc1ccc(O)cc1)C(=O)NCC(=O)N[C@@H](Cc1ccc(O)cc1)C(=O)N[C@@H](CCCNC(=N)N)C(=O)N[C@@H](CC(C)C)C(=O)N[C@@H](CCCNC(=N)N)C(=O)N[C@@H](CCCNC(=N)N)C(=O)N[C@@H](CCCCN)C(=O)N[C@@H](Cc1c[nH]c2ccccc12)C(=O)N[C@@H](CCC(=O)O)C(=O)N[C@@H](CCC(=O)O)C(=O)N[C@@H](CCCCN)C(=O)N[C@H](C(=O)N1CCC[C@H]1C(=O)N[C@@H](CC(N)=O)C(=O)N1CCC[C@H]1C(N)=O)[C@@H](C)CC,155977602,C117H188N30O26,2430.9,,940,5010,33,31,87
T22106,NS(=O)(=O)c1ccc(N2N=C(c3ccccc3)CC2c2ccccc2)cc1,2837695,C21H19N3O2S,377.5,3.6,84.1,622,1,5,4
T8920,N=C(N)c1ccc2cc(OC(=O)c3ccc(NC4=NCCN4)cc3)ccc2c1,108041,C21H19N5O2,373.4,2.2,113,614,4,4,6
T22235,O=C(O)CCCC[C@@H]1CCSS1,6112,C8H14O2S2,206.3,1.7,87.9,150,1,4,5
T8930,COc1cccc(C2=NN(c3ccc(S(N)(=O)=O)cc3)C(c3ccc(Br)cc3)C2)c1,44216842,C22H20BrN3O3S,486.4,4.2,93.4,710,1,6,5
T8890,Cl.NCCCOc1cc2ccccc2cc1C(=O)Nc1ccc(Cl)cc1O,46187341,C20H20Cl2N2O3,407.3,,84.6,464,4,4,6
T12145L,CCNCCNC(=O)c1c(C)[nH]c(C=C2C(=O)Nc3ccc(F)cc32)c1C.Cl,75038687,C20H24ClFN4O2,406.9,,86,597,5,4,6
T8927,COc1ccc(N2CCN(C(=O)Oc3ccc([N+](=O)[O-])cc3)CC2)cc1,46829229,C18H19N3O5,357.4,3.1,87.8,474,0,6,4
T8885,O=C(O)Cc1c[nH]c2ccc(-c3ccccc3)cc12,15207491,C16H13NO2,251.28,3,53.1,325,2,2,3
T21687,[O-][n+]1c(CBr)c(CBr)[n+]([O-])c2ccccc21,511509,C10H8Br2N2O2,347.99,1.1,46.4,303,0,3,2
T8929,OC(COc1ccc(C(F)(F)F)cc1)CN(Cc1ccccc1)Cc1ccccc1,134417552,C24H24F3NO2,415.4,5.2,32.7,448,1,6,9
T8899,CC(=O)Oc1c(C)cc(OCC(O)CNC(C)C)c(C)c1C,31477,C17H27NO4,309.4,2.7,67.8,348,2,5,8
T8842,C[C@@H](Oc1ccc2c(-c3ccc(F)cc3Cl)cc(=O)oc2c1)C(=O)N1CCC[C@H](C(=O)O)C1,138490769,C24H21ClFNO6,473.9,3.7,93.1,806,1,7,5
T8921,O=C1c2cccc3cccc(c23)C(=O)N1CCNCCN1C(=O)c2cccc3cccc(c23)C1=O,342139,C28H21N3O4,463.5,3.6,86.8,759,1,5,6
T8919,CCCc1nn(C)c2c(=O)[nH]c(-c3cc(S(=O)(=O)N4CCN(CC)CC4)ccc3OCC)nc12,135565273,C23H32N6O4S,488.6,1.8,118,854,1,8,8
T8838,CCOC(=O)COc1ccc(C=C2SC(N)=NC2=O)cc1OC,155896823,C15H16N2O5S,336.4,2.5,123,508,2,7,7
T20561L,CC(=O)O.CC(C)C[C@H](NC(=O)CNC(=O)[C@H](C)NC(=O)[C@H](CC(=O)O)NC(=O)[C@H](CC(=O)O)NC(=O)[C@H](C)NC(=O)[C@@H]1CCCN1C(=O)[C@H](CCCCN)NC(=O)CNC(=O)[C@@H]1CCCN1C(=O)[C@@H]1CCCN1C(=O)[C@@H]1CCCN1C(=O)[C@H](CCC(=O)O)NC(=O)CN)C(=O)N[C@H](C(=O)O)C(C)C,155977614,C64H102N16O24,1479.6,,611,3070,17,26,39
TP2313,CC(=O)NCCC(=O)N[C@@H](Cc1cnc[nH]1)C(=O)N[C@@H](CO)C(=O)N[C@@H](Cc1cnc[nH]1)C(=O)O.CC(=O)O,155977551,C22H32N8O9,552.5,,269,799,9,11,14
TP2322L,CC(=O)O.CC(C)C[C@H](NC(=O)[C@H](Cc1ccccc1)NC(=O)CNC(=O)CNC(=O)[C@@H](N)Cc1ccc(O)cc1)C(=O)N[C@@H](CCCN=C(N)N)C(=O)N[C@@H](CCCCN)C(=O)N[C@@H](Cc1ccc(O)cc1)C(=O)N1CCC[C@H]1C(=O)O,155977615,C56H81N13O14,1160.3,,456,2050,15,17,32
T8918,COc1cc(C=CC(=O)NCCCCN)ccc1O,10384,C14H20N2O3,264.32,1,84.6,294,3,4,7
TQ0070,O=C(O)[C@H]1O[C@@H](Oc2cc(-c3cc(=O)c4c(O)cc(O)cc4o3)ccc2O)[C@H](O)[C@@H](O)[C@@H]1O,10253785,C21H18O12,462.4,0.8,203,785,7,12,4
TQ0160,COc1ccc2c(c1OC)C(=O)O[C@@H]2[C@H]1c2cc3c(cc2CCN1C)OCO3,197835,C21H21NO6,383.4,2.7,66.5,601,0,7,3
TQ0288,COc1cc(CCC(=O)CC(O)CCc2ccc(O)c(OC)c2)ccc1O,5318039,C21H26O6,374.4,2.7,96.2,442,3,6,10
TN1124,C[C@@H]1O[C@@H](O[C@H]2[C@H](Oc3cc(O)c4c(c3)O[C@H](c3ccc(O)c(O)c3)CC4=O)O[C@H](CO)[C@@H](O)[C@@H]2O)[C@H](O)[C@H](O)[C@H]1O,114627,C27H32O15,596.5,-0.9,245,924,9,15,6
TN1413,COC(=O)c1c(C)cc(OC(=O)c2c(C)cc(O)c(C=O)c2O)c(C)c1O,68066,C19H18O8,374.3,4.3,130,564,3,8,6
TN1480,CC[C@H]1CN2CCc3cc(OC)c(OC)cc3[C@@H]2C[C@@H]1C[C@H]1NCCc2cc(O)c(OC)cc21,442195,C28H38N2O4,466.6,4.4,63.2,664,2,6,6
TN1580,O=C1c2ccc(O)cc2OCC1c1ccc(O)cc1,176907,C15H12O4,256.25,2.4,66.8,335,2,4,1
TN1702,COc1c(CC=C(C)C)c(O)cc2oc(=O)c(-c3ccc(O)cc3O)cc12,5317756,C21H20O6,368.4,4.4,96.2,608,3,6,4
TN1785,C=CCc1ccc(O)c(Oc2ccc(C(=O)CC)cc2)c1,9993913,C18H18O3,282.3,4.3,46.5,344,1,3,6
TN2108,Cc1cc(O)c2c(=O)c3c(O)cc(O)c4c5c(O)cc(O)c6c(=O)c7c(O)cc(C)cc7c(c65)c(c2c1)c34,164660,C30H18O8,506.5,3.8,156,1270,6,8,0
TN2151,COc1cc(O)c2c(=O)c(O)c(-c3ccc(O)cc3)oc2c1,5320946,C16H12O6,300.26,2.2,96.2,465,3,6,2
T12402,CC(C)(C)NC[C@H](O)COc1ccccc1C1CCCC1.CC(C)(C)NC[C@H](O)COc1ccccc1C1CCCC1.O=S(=O)(O)O,38010,C36H60N2O8S,680.9,,166,375,6,10,14
T12580,NS(=O)(=O)c1ccc(-n2nc(CCCNC(=O)Nc3ccc(C(F)(F)F)cc3)cc2-c2ccccc2)cc1,52951990,C26H24F3N5O3S,543.6,4.4,127,862,3,8,8
T17637,O=C1C=CC(=O)N1CCOCCOCCOCCN1C(=O)C=CC1=O,3331999,C16H20N2O7,352.34,-1.7,102,499,0,7,12
T12719,COCCCOc1cc2c(cc1OC)-c1cc(=O)c(C(=O)O)cn1[C@H](C(C)C)C2,118261815,C22H27NO6,401.5,3.8,85.3,685,1,7,8
T10429,COC[C@H]1Cn2cc(-c3nc(Nc4ccnn4C)ncc3C)nc2C(=O)N1Cc1ccc(F)c(F)c1,129116690,C24H24F2N8O2,494.5,2,103,768,1,9,7
T14871,NC(=O)c1nnn(Cc2cc(Cl)c(C(=O)c3ccc(Cl)cc3)c(Cl)c2)c1N.O=C(O)c1cc(=O)[nH]c(=O)[nH]1,11599548,C22H16Cl3N7O6,580.8,,212,816,5,9,6
T15146,O=C(O)c1cnc2c([N+](=O)[O-])cccc2c1O,225906,C10H6N2O5,234.16,1.7,112,411,2,6,1
T15370,c1cc(-c2sc(-c3ccncc3)c(-c3ccncc3)c2-c2ccncc2)ccn1,253078,C24H16N4S,392.5,3.9,79.8,449,0,5,4
T11174,COc1cccc(-c2c(C)n(Cc3c(F)cccc3C(F)(F)F)c(=O)n(C[C@H](NCCCC(=O)O)c3ccccc3)c2=O)c1F,11250647,C32H30F5N3O5,631.6,2.6,99.2,1080,2,11,12
T10479,CN1CCN(c2cnc3c(C4CCN(C(=O)c5ccc(OC(F)(F)F)cc5N)CC4)ncnc3c2)CC1,134128280,C25H28F3N7O2,515.5,3.3,101,774,1,11,4
T18927,COc1ccc2c(CBr)cc(=O)oc2c1,121894,C11H9BrO3,269.09,2.4,35.5,288,0,3,2
T18933,Cc1cc(=O)oc2c(CN(CC(=O)O)CC(=O)O)c(O)ccc12,5393133,C15H15NO7,321.28,-1.8,124,514,3,8,6
T15432,CCCCCn1c(=O)[nH]c(=O)c2[nH]c(Cl)nc21,46215799,C10H13ClN4O2,256.69,2.3,78.1,325,2,3,4
T15604,Cc1cc(C(=O)CN2CCCCC2)c(C)n1-c1ccc(Cl)cc1,675477,C19H23ClN2O,330.8,4.3,25.2,402,0,2,4
T13974,O=C(Nc1ccc(C(F)(F)F)cc1)Nc1ccc(S(=O)(=O)N2CCC[C@H]2C(=O)Nc2ccccc2)cc1,139524511,C25H23F3N4O4S,532.5,3.9,116,889,3,8,6
T11719,COc1ccc(Cn2c(CCc3ccccc3)nnc2[C@@H](Cc2c[nH]c3ccccc23)NC(=O)CN)cc1.Cl,72193865,C30H33ClN6O2,545.1,,111,726,4,5,11
T11727,Cl.Cl.Nc1cc(COc2c(Cl)cc(C[C@H](N)C(=O)O)cc2Cl)c2oc(-c3ccccc3)nc2c1,122553374,C23H21Cl4N3O4,545.2,,125,626,5,7,7
T16409,COc1ccccc1[C@@H](NS(=O)(=O)c1ccc2[nH]c(=O)ccc2c1)C(=O)N(Cc1ccco1)Cc1cccs1,118634407,C28H25N3O6S2,563.6,3.3,155,1000,2,8,10
T16538,Nc1nc(OCc2ccc(CNC(=O)C(F)(F)F)cc2)c2[nH]cnc2n1,29987694,C15H13F3N6O2,366.30,1.8,119,486,3,9,5
T16730,C=CC(=O)N(C)CCOc1c(N)ncnc1-c1cc(F)cc(NC(=O)c2ccc(C3CC3)cc2F)c1C,118107483,C27H27F2N5O3,507.5,3.9,110,815,2,8,9
T17040,CCNc1nc(NC(C)(C)C)nc(SC)n1,13450,C10H19N5S,241.36,3.7,88,206,2,6,5
T22455,CC[C@]1(O)C[C@H]2CN(CCc3c([nH]c4ccccc34)[C@@](C(=O)OC)(c3cc4c(cc3OC)N(C)[C@H]3[C@@](O)(C(N)=O)[C@H](O)[C@]5(CC)C=CCN6CC[C@]43[C@@H]65)C2)C1.O=S(=O)(O)O,43116,C43H57N5O11S,852.0,,248,1650,7,14,7
TL0013,CC1(C)O[C@@H]1COc1c2occc2cc2ccc(=O)oc12,458010,C16H14O5,286.28,2.2,61.2,471,0,5,3
T8042,CC(=O)c1nccs1,520108,C5H5NOS,127.17,1,58.2,105,0,3,1
T21446,CCCN(CCc1cccs1)[C@H]1CCc2c(O)cccc2C1.Cl,180335,C19H26ClNOS,351.9,,51.7,337,2,3,6
T22605,CNCCCCOc1ccccc1Cc1ccccc1.Cl,6917789,C18H24ClNO,305.8,,21.3,238,2,2,8
T22987,Cl.Clc1cncc(N2CCNCC2)n1,198421,C8H12Cl2N4,235.11,,41.1,160,2,4,1
T23310,Cl.O=C(OCCN1CCCCC1)c1c[nH]c2ccccc12,9926639,C16H21ClN2O2,308.80,,45.3,328,2,3,5
T19729,CCCCCCCCCCCCC(C[N+](C)(C)C)OP(=O)([O-])O,87063547,C17H38NO4P,351.5,4.6,69.6,323,1,4,15
T19778,CC(=O)c1ncc([C@@H](O)[C@H](O)[C@H](O)CO)[nH]1,108037,C9H14N2O5,230.22,-2.7,127,250,5,6,5
TP1192L,CC(=O)O.CC[C@H](C)C1NC(=O)[C@H]([C@@H](C)CC)NC(=O)[C@@H](N)CSSC[C@@H](C(=O)N2CCC[C@H]2C(=O)N[C@@H](CCCN=C(N)N)C(=O)NCC(N)=O)NC(=O)[C@H](CC(N)=O)NC(=O)[C@H](CCCN=C(N)N)NC1=O,156599030,C43H77N17O12S2,1088.3,,553,1950,15,17,20
TP1369L,CC(=O)O.CC(C)C[C@H](NC(=O)CN(C)C(=O)[C@H](Cc1ccccc1)NC(=O)[C@H](Cc1ccccc1)NC(=O)[C@H](CCC(N)=O)NC(=O)[C@H](CCC(N)=O)NC(=O)[C@@H]1CCCN1C(=O)[C@H](CCCCN)NC(=O)[C@@H]1CCCN1C(=O)[C@@H](N)CCCNC(=N)N)C(=O)N[C@@H](CCS(C)(=O)=O)C(N)=O.O,172913706,C66H106N18O18S,1471.7,,591,2910,16,21,42
TP1386L1,CC(=O)O.CC[C@H](C)[C@H](N)C(=O)N[C@@H](CC(N)=O)C(=O)N[C@@H](CC(C)C)C(=O)N[C@@H](CCCCN)C(=O)N[C@@H](C)C(=O)N[C@H](C(=O)N[C@@H](C)C(=O)N[C@@H](C)C(=O)N[C@@H](CC(C)C)C(=O)N[C@@H](C)C(=O)N[C@@H](CCCCN)C(=O)N[C@@H](CCCCN)C(=O)N[C@@H](CC(C)C)C(=O)N[C@@H](CC(C)C)C(N)=O)[C@@H](C)CC,155977591,C72H135N19O17,1539.0,,606,2820,20,21,53
TP1400L,CC(=O)O.CC[C@@H](C)[C@@H]1NC(=O)[C@H](Cc2ccc(O)cc2)NC(=O)[C@@H](N)CSSC[C@@H](C(=O)N2CCC[C@H]2C(=O)N[C@@H](CCCN=C(N)N)C(=O)NCC(N)=O)NC(=O)[C@H](CC(N)=O)NC(=O)[C@H](CCC(N)=O)NC1=O,156599029,C45H71N15O14S2,1110.3,,552,2020,15,18,19
TP1483L,CC(=O)O.CC[C@H](C)[C@H](NC(=O)[C@H](C)NC(=O)[C@@H](N)CCC(=O)O)C(=O)N[C@@H](Cc1ccc(O)cc1)C(=O)N[C@@H](C)C(=O)N[C@@H](C)C(=O)N1CCC[C@H]1C(=O)N[C@@H](Cc1ccccc1)C(=O)N[C@@H](C)C(=O)N[C@@H](CCCCN)C(=O)N[C@@H](CCCCN)C(=O)N[C@@H](CCCCN)C(=O)O,155977608,C66H105N15O18,1396.6,,548,2570,18,22,43
TP1543L,CC(=O)O.CC(C)C[C@H](NC(=O)[C@@H](N)Cc1ccc(O)cc1)C(=O)N[C@@H](CCC(=O)O)C(=O)N1CCC[C@H]1C(=O)NCC(=O)N1CCC[C@H]1C(=O)N[C@H](C(=O)N[C@H](C(=O)N[C@@H](C)C(=O)O)[C@@H](C)O)C(C)C,156599028,C46H71N9O16,1006.1,,394,1820,12,17,24
TP1687L,CC(=O)O.CSCC[C@H](NC(=O)[C@@H]1CCCN1C(=O)[C@@H](NC(=O)[C@H](CC(C)C)NC(=O)[C@@H](N)CC(N)=O)C(C)C)C(=O)N[C@H](C(=O)N[C@@H](C)C(=O)N[C@H](C(=O)N[C@H](C(=O)O)C(C)C)[C@@H](C)O)C(C)C,156599027,C44H78N10O14S,1003.2,,413,1730,12,16,27
TP1737L,CC(=O)O.CC(C)[C@H](NC(=O)[C@@H]1CSSC[C@H](NC(=O)[C@H](CC(=O)O)NC(=O)[C@@H]2CCCN2C(=O)[C@@H](NC(=O)[C@@H](N)CCC(=O)O)[C@@H](C)O)C(=O)N[C@@H](Cc2ccccc2)C(=O)N[C@@H](Cc2c[nH]c3ccccc23)C(=O)N[C@@H](CCCCN)C(=O)N[C@@H](Cc2ccc(O)cc2)C(=O)N1)C(=O)O,156599026,C66H89N13O20S2,1448.6,,590,2770,18,24,27
TP1782L,CC(=O)O.CC[C@H](C)[C@H](NC(=O)[C@@H](N)CO)C(=O)N[C@H](C(=O)N1CCC[C@H]1C(=O)N[C@@H](CO)C(=O)NCC(=O)N1CCC[C@H]1C(=O)N[C@@H](CC(C)C)C(=O)N[C@@H](CCCCN)C(=O)O)[C@@H](C)CC,155977604,C44H78N10O14,971.1,,382,1650,12,16,27
TP1790L,CC(=O)O.C[C@H](NC(=O)[C@@H](N)Cc1ccc(O)cc1)C(=O)NCC(=O)N[C@H]1CSSC[C@@H](C(=O)O)NC(=O)[C@H](CO)NC(=O)[C@H]([C@@H](C)O)NC(=O)[C@H](Cc2ccccc2)NC(=O)[C@H]([C@@H](C)O)NC(=O)[C@H](CCCCN)NC(=O)[C@H](Cc2c[nH]c3ccccc23)NC(=O)[C@H](Cc2ccccc2)NC(=O)[C@H](Cc2ccccc2)NC(=O)[C@H](CC(N)=O)NC(=O)[C@H](CCCCN)NC1=O,156599025,C87H117N19O23S2,1861.1,,750,3660,25,28,30
TP1791L,CC(=O)O.N[C@@H](CC(=O)O)C(=O)N[C@@H](CC(=O)O)C(=O)N[C@@H](CC(=O)O)C(=O)N[C@@H](CC(=O)O)C(=O)N[C@@H](CC(=O)O)C(=O)O,156599024,C22H31N5O18,653.5,,404,1120,12,19,19
TP1822L,CC(=O)O.CSCC[C@H](NC(=O)[C@@H](NC(=O)[C@@H](NC(=O)[C@@H](NC(=O)[C@H](CCCCN)NC(=O)[C@H](CC(=O)O)NC(=O)[C@H](Cc1ccccc1)NC(=O)[C@@H]1CCCN1C(=O)[C@@H](N)CC(C)C)[C@@H](C)O)[C@@H](C)O)C(C)C)C(=O)O,156599022,C50H82N10O16S,1111.3,,454,1900,14,19,32
TP1866L,CC(=O)O.C[C@H](NC(=O)[C@@H](N)CC(=O)O)C(=O)N[C@@H](CCC(=O)O)C(=O)N[C@@H](Cc1ccccc1)C(=O)N[C@@H](CCCN=C(N)N)C(=O)N[C@@H](Cc1cnc[nH]1)C(=O)N[C@@H](CC(=O)O)C(=O)N[C@@H](CO)C(=O)NCC(=O)N[C@@H](Cc1ccc(O)cc1)C(=O)N[C@@H](CCC(=O)O)C(=O)O,155977592,C58H80N16O24,1385.3,,674,2720,22,27,42
TP1876L,CC(=O)O.CC[C@H](C)[C@H](NC(=O)[C@H](CCC(=O)O)NC(=O)[C@H](CCCN=C(N)N)NC(=O)[C@H](CCCN=C(N)N)NC(=O)[C@@H](N)CCCCN)C(=O)N[C@@H](CC(C)C)C(=O)N[C@@H](CO)C(=O)N[C@@H](CCCN=C(N)N)C(=O)N[C@@H](CCCN=C(N)N)C(=O)N1CCC[C@H]1C(=O)N[C@@H](CO)C(=O)N[C@@H](Cc1ccc(O)cc1)C(=O)N[C@@H](CCCN=C(N)N)C(=O)O,156599018,C75H133N29O21,1777.0,,887,3540,29,28,59
TP2015L,CC(=O)N[C@H]1CSSC[C@@H](C(=O)N2CCC[C@H]2C(=O)N2CCC[C@H]2C(=O)N[C@@H](CCCCN)C(=O)N[C@@H](CC(=O)O)C(N)=O)NC(=O)CNC(=O)[C@H](Cc2c[nH]c3ccccc23)NC(=O)[C@H](CCCNC(=N)N)NC(=O)[C@@H](Cc2ccc3ccccc3c2)NC(=O)[C@H](Cc2c[nH]cn2)NC(=O)[C@H](CCC(=O)O)NC1=O.CC(=O)O,156599021,C73H98N20O19S2,1623.8,,670,3320,20,24,28
TP2040L,CC(=O)O.CC[C@H](C)[C@H](NC(=O)[C@H](CCCNC(=N)N)NC(=O)[C@H](CCCNC(=N)N)NC(=O)[C@H](CC(C)C)NC(=O)[C@H](Cc1ccccc1)NC(=O)CNC(=O)CNC(=O)[C@@H](N)Cc1ccc(O)cc1)C(=O)N[C@@H](CCCNC(=N)N)C(=O)N1CCC[C@H]1C(=O)N[C@@H](CCCCN)C(=O)N[C@@H](CC(C)C)C(=O)N[C@@H](CCCCN)C(=O)N[C@@H](Cc1c[nH]c2ccccc12)C(=O)N[C@@H](CC(=O)O)C(=O)N[C@@H](CC(N)=O)C(=O)N[C@@H](CCC(N)=O)C(=O)O,155977603,C101H159N31O25,2207.5,,955,4630,34,31,74
TP2068L,CC(=O)O.CSCC[C@@H]1NC(=O)[C@@H]2CCCN2C(=O)[C@H](CC(N)=O)NC(=O)[C@@H](N)CSSC[C@@H](C(=O)O)NC(=O)CNC(=O)[C@H](CCC(=O)O)NC(=O)[C@H](CCCCN)NC(=O)[C@H]([C@@H](C)O)NC(=O)[C@H](Cc2ccc(O)cc2)NC(=O)CNC1=O,156599020,C50H77N13O19S3,1260.4,,606,2260,17,24,16
TP2082L,CC(=O)O.NC(=O)CNC(=O)[C@H](CCCN=C(N)N)NC(=O)[C@@H]1CCCN1C(=O)[C@@H]1CSSCCC(=O)N[C@@H](Cc2ccc(O)cc2)C(=O)N[C@@H](Cc2ccccc2)C(=O)N[C@@H](CC2CCCCC2)C(=O)N[C@@H](CC(N)=O)C(=O)N1,155977612,C52H75N13O13S2,1154.4,,483,2080,13,16,18
TP2092L,CC(=O)O.CSCC[C@H](NC(=O)[C@@H]1CCCN1C(=O)CNC(=O)[C@H](CCCCN)NC(=O)[C@H](Cc1c[nH]cn1)NC(=O)[C@H](CO)NC(=O)[C@H](CC(C)C)NC(=O)[C@H](CCCNC(=N)N)NC(=O)[C@@H]1CCCN1C(=O)[C@H](CCCNC(=N)N)NC(=O)[C@H](CCC(N)=O)NC(=O)[C@H](CCCNC(=N)N)NC(=O)[C@H](CCCNC(=N)N)NC(=O)[C@H](Cc1ccccc1)NC(=O)[C@@H](N)CCCCN)C(=O)N1CCC[C@H]1C(=O)N[C@@H](Cc1ccccc1)C(=O)O,155977611,C98H160N34O22S,2198.6,,957,4530,33,31,73
T4074L,CC(C)S(=O)(=O)c1ccc2nccc(Nc3ccc4scnc4c3)c2c1.Cl,155971189,C19H18ClN3O2S2,420.0,,109,592,2,6,4
TN1517L,COc1cccc(OC)c1CCC(=O)c1ccc(O)cc1,42607673,C17H18O4,286.32,3.1,55.8,311,1,4,6
T5058,C[C@]12CCCN1CC1=NNC(=O)c3cc(F)cc4[nH]c2c1c34,135565554,C16H15FN4O,298.31,1.6,60.5,566,2,4,0
T8900,COc1ccc(-c2cncc(N[C@@H](C)c3cccc(NC(=O)c4cncc(C)c4)c3)n2)cc1OC,91663352,C27H27N5O3,469.5,3.7,98.3,667,2,7,8
T8917,COC(=O)c1cn2nc(Cl)cc(C(C)(C)C)c2n1,117978438,C12H14ClN3O2,267.71,3.1,56.5,332,0,4,3
T7208,Br.Br.Br.Br.Br.Br.c1ccc(CNCc2ccc(CN3CCCNCCNCCCNCC3)cc2)nc1,9897616,C24H44Br6N6,896.1,,64.3,413,10,6,6
T8926,O=C([O-])CCCCCCCNC(=O)c1ccccc1O.[Na+],23669833,C15H20NNaO4,301.31,,89.5,312,2,4,9
T8932,CC(=O)Nc1c(F)cc(C(=O)N[C@H]2CC[C@H](O)CC2)cc1O[C@@H](C)c1ccccc1,146018690,C23H27FN2O4,414.5,3,87.7,576,3,5,6
T24159,O=C(Nc1ccc(NC(=O)c2cc(Cl)ccc2Cl)cc1)c1cc(Cl)ccc1Cl,2167042,C20H12Cl4N2O2,454.1,6.1,58.2,508,2,2,4
TN6715,CC(C)CCC[C@@H](C)[C@H]1CC[C@H]2[C@@H]3C(=O)C=C4C[C@@H](O)CC[C@]4(C)[C@H]3CC[C@]12C,91474,C27H44O2,400.6,7.5,37.3,663,1,2,5
T8944,C[C@@H](NC(=O)Cc1ccc(C2CC2)cc1)c1ccc(OCC(F)(F)F)cn1,53317097,C20H21F3N2O2,378.4,4,51.2,488,1,6,7
TQ0066,CNC(=O)c1ccc(Oc2ccc3c(c2)CCN(C2CCC2)CC3)nc1,9798547,C21H25N3O2,351.4,3.2,54.5,482,1,4,4
TQ0101,CN1CCN(C(=O)c2ccc(-c3ccc4c(C=O)c(O)ccc4c3)s2)CC1,59599728,C21H20N2O3S,380.5,3.8,89.1,552,1,5,3
TQ0242,C[C@H]1CN(C2COC2)CCN1c1ccc(Nc2cc(-c3ccnc(N4CCn5c(cc6c5CC(C)(C)C6)C4=O)c3CO)cn(C)c2=O)nc1,86567195,C37H44N8O4,664.8,2.3,119,1330,2,9,7
TN1586,COc1cc2c(cc1OC)[C@@H]1C(=O)c3ccc4c(c3O[C@@H]1CO2)C[C@H](C(C)C)O4,243725,C23H24O6,396.4,4.2,63.2,622,0,6,3
TN1625,CCOC(=O)c1ccccc1O,8365,C9H10O3,166.17,3,46.5,156,1,3,3
TN2260,C[C@@H]1O[C@@H](Oc2cc(O)c3c(c2)O[C@H](c2ccc(O)c(O)c2)[C@@H](O)C3=O)[C@H](O)[C@H](O)[C@H]1O,24721355,C21H22O11,450.4,0.2,186,676,7,11,3
T12059L,COC1=C(OC)C(=O)C(CCCCCCCCCC[P+](c2ccccc2)(c2ccccc2)c2ccccc2)=C(C)C1=O.CS(=O)(=O)[O-],11388331,C38H47O7PS,678.8,,118,965,0,7,16
T12077,COc1cc(-c2ccnc3c2c(C)nn3-c2ccc(C(F)(F)F)cc2)ccc1O,136141525,C21H16F3N3O2,399.4,5,60.2,556,1,7,3
T12266L2,C[C@H](Nc1cc(-c2cnn(C)c2)cc(Nc2cnccn2)n1)c1ccc(F)cc1.Cl,89571724,C21H21ClFN7,425.9,,80.6,501,3,7,6
T12266,C[C@H](Nc1cc(-c2cnn(C)c2)cc(Nc2cnccn2)n1)c1ccc(F)cc1,46866319,C21H20FN7,389.4,3.2,80.6,501,2,7,6
T19522,O=[N+]([O-])c1ccc(O[C@@H]2O[C@H](CO)[C@@H](O)[C@H](O)[C@H]2O)cc1,92930,C12H15NO8,301.25,-0.4,145,354,4,8,3
T19531,C=CC1=C(C)c2cc3[nH]c(c4c5[nH]c(cc6nc(cc1n2)C(C)=C6CC)c(C)c5C(=O)OC4=O)[C@@H](CCC(=O)O)[C@@H]3C,161493,C33H32N4O5,564.6,3.7,138,1080,3,7,5
T10138,COc1ccc2nc(S(=O)Cc3ncc(C)cc3C)[nH]c2c1,46781146,C16H17N3O2S,315.4,2.3,87.1,409,1,5,4
T10930,N[C@H](CCCP(=O)(O)O)C(=O)O,135342,C5H12NO5P,197.13,-5.3,121,200,4,6,5
T10953,Cc1cccc(C)c1OCc1cc(C(=O)N2CCC(c3ccncc3)CC2)no1,24790866,C23H25N3O3,391.5,3.6,68.5,521,0,5,5
T19279,CCCCCCOC(=O)c1ccccc1C(=O)c1ccc(N(CC)CC)cc1O,10111431,C24H31NO4,397.5,6.5,66.8,505,1,5,12
T14042,CCC(=O)NC1Cc2ccccc2C(c2ccccc2)C1,3976006,C19H21NO,279.4,3.9,29.1,347,1,1,3
T10217L,CC(=O)N[C@H](Cc1ccc2ccccc2c1)C(=O)N[C@H](Cc1ccc(Cl)cc1)C(=O)N[C@H](Cc1cccnc1)C(=O)N[C@@H](CO)C(=O)N(C)[C@@H](Cc1ccc(O)cc1)C(=O)N[C@H](CC(N)=O)C(=O)N[C@@H](CC(C)C)C(=O)N[C@@H](CCCCNC(C)C)C(=O)N1CCC[C@H]1C(=O)N[C@H](C)C(N)=O,16131215,C72H95ClN14O14,1416.1,3.7,425,2770,13,16,38
T14093,CC(=O)OC[C@H]1OC(OC(C)=O)[C@@H](NC(=O)CN=[N+]=[N-])[C@@H](OC(C)=O)[C@@H]1OC(C)=O,71311757,C16H22N4O10,430.37,1.2,158,736,1,12,12
T15962,O=C(CCN1C(=O)C=CC1=O)NCCOCCOCCOCCOCCOCCOCCOCCOCCC(=O)ON1C(=O)CCC1=O,57568672,C30H47N3O15,689.7,-3.5,204,992,1,15,32
T14204,COc1ccc(C(=O)c2c(C)n(CCN3CCOCC3)c3cc(I)ccc23)cc1,4302963,C23H25IN2O3,504.4,4,43.7,548,0,4,6
T14489,[N-]=[N+]=N[C@]1(CO)O[C@@H](n2ccc(N)nc2=O)[C@@H](F)[C@@H]1O,24769759,C9H11FN6O4,286.22,-0.8,123,533,3,7,3
T12746,COc1cccc([C@@H](C)NC(=O)c2ccc(-c3ccncc3)cc2)c1,51003130,C21H20N2O2,332.4,3.6,51.2,414,1,3,5
T10431,COc1nn(C)cc1Nc1nccc(-c2c[nH]c3c(NC(=O)[C@@H](C)N4CCN(C)CC4)cccc23)n1,126715380,C25H31N9O2,489.6,1.9,116,736,3,8,7
T12616L,CC1CCc2c(cc(Br)c(F)c2Br)N1C=O,21781066,C11H10Br2FNO,351.01,3.6,20.3,279,0,2,0
T14944,Nc1nc2ccc(Cl)cc2c2nc(-c3ccco3)nn12,2690,C13H8ClN5O,285.69,2.5,82.2,373,1,5,1
T15241,O=C(Nc1ccccc1Cc1ccccc1)c1cc(=O)[nH]c2ccccc12,2547533,C23H18N2O2,354.4,3.8,58.2,579,2,2,4
T12882,CC(=O)N[C@@H](CCCN=C(N)N)C(=O)N[C@H]1CSSC[C@@H](C(N)=O)NC(=O)[C@H](Cc2c[nH]c3ccccc23)NC(=O)[C@H](CCCN=C(N)N)NC(=O)[C@@H](Cc2ccccc2)NC(=O)[C@H](Cc2cnc[nH]2)NC(=O)[C@@H](C)NC1=O,11993702,C49H68N18O9S2,1117.3,-2.5,500,2130,15,14,18
T11279,Cc1ccc(C(=O)Nc2cccc(C(F)(F)F)c2)cc1-c1ccc2c(-c3cnn(C4CC4)c3)n[nH]c2c1,138454761,C28H22F3N5O,501.5,5.7,75.6,822,2,6,5
T13569,CCOC(=O)CNC(=O)CCCCSc1ncnc2nc[nH]c12,89617,C14H19N5O3S,337.40,0.9,135,399,2,7,10
T10539,N=C(N)NCCC[C@@H](NC(=O)C(c1ccccc1)c1ccccc1)C(=O)NCc1ccc(CNC(N)=O)cc1.O=C(O)C(F)(F)F,5311021,C31H36F3N7O5,643.7,,215,862,7,9,13
T11553,CS(=O)(=O)O.CS(=O)(=O)O.N=C(N)c1ccc(OCCCCCCCOc2ccc(C(=N)N)cc2)cc1,146047121,C23H36N4O8S2,560.7,,244,494,6,10,12
T13299,O=c1cc(-c2ccc(O)cc2)oc2c([C@@H]3OC[C@@H](O)[C@H](O)[C@H]3O)c(O)c([C@@H]3O[C@H](CO)[C@@H](O)[C@H](O)[C@H]3O)c(O)c12,185958,C26H28O14,564.5,-2.2,247,938,10,14,4
T13336,CC(C)N(C(=O)c1cc(F)ccc1Oc1cncnc1N1CC2(CCN(CC3CCC(NS(C)(=O)=O)CC3)CC2)C1)C(C)C,132212900,C32H47FN6O4S,630.8,4.4,116,1040,1,10,10
T13323,COc1cc(C(=O)Nc2cc(OC(F)(F)F)ccc2-n2cncn2)ccc1OCC1CC1,137321168,C21H19F3N4O4,448.4,4.4,87.5,637,1,9,8
T16130,COc1cc(N2CCC(O)CC2)ccc1Nc1nc(Nc2ccccc2S(=O)(=O)C(C)C)c2nc[nH]c2n1,91885443,C26H31N7O4S,537.6,4.4,154,866,4,10,8
T16136,CCCn1c(=O)c2[nH]c(-c3ccc(OCC(=O)Nc4ccc(C(C)=O)cc4)cc3)nc2n(CCC)c1=O,5139184,C27H29N5O5,503.5,4.9,125,837,2,6,10
T19063,CCN(CC)c1ccc2c(-c3ccc(S(=O)(=O)[O][Na])cc3S(=O)(=O)[O-])c3ccc(N(CC)CC)cc3[o+]c2c1,51063142,C27H29N2NaO7S2,580.7,,147,1170,0,8,7
T16481,OC1(CN2CCC(COc3noc4cccc(O[C@@H]5CCOC5)c34)CC2)CCOCC1,53354764,C23H32N2O6,432.5,2.4,86.4,566,1,8,7
T16670,O=C(CC(c1ccccc1)C(C(=O)O)C(=O)O)c1ccc(C(F)(F)F)cc1,66760004,C19H15F3O5,380.3,3.5,91.7,532,2,8,7
T16904,Cc1ccnn1-c1ccc(C(=O)N2CCN(S(=O)(=O)c3ccc(Cl)c(C(F)(F)F)c3)CC2)cc1,17555704,C22H20ClF3N4O3S,512.9,3.9,83.9,824,0,8,4
T16944,Cc1cc(-n2c(=O)ccc3cnc4[nH]ccc4c32)ccc1F,58525066,C17H12FN3O,293.29,2.9,49,483,1,3,1
T17182,C=CC(=O)Nc1cc(-c2nn(C3CCC(N4CCN(C(C)=O)CC4)CC3)c3ncnc(N)c23)ccc1Oc1ccccc1,78243752,C32H36N8O3,580.7,3.3,132,962,2,8,7
T17190,CCN(CC)CCO[C@H]1CC[C@@]2(C)C(=CC[C@@H]3[C@@H]2CC[C@]2(C)C(=O)CC[C@@H]32)C1.Cl,9954082,C25H42ClNO2,424.1,,29.5,624,1,3,6
T17205,N[C@H]1CCCCNc2nc(ncc2C(=O)NCc2ccc(F)cc2)NCCCCCCNC1=O,74538669,C24H34FN7O2,471.6,2.4,134,618,5,8,3
T22438,CN(C)C(=S)SC(=S)N(C)C,7347,C6H12N2S3,208.4,1.7,96,147,0,3,2
T22243,Cn1cncc1C[C@H](NC(=O)CCN)C(=O)O,112072,C10H16N4O3,240.26,-4,110,285,3,5,6
T20570,CC(CCc1ccccc1)NCC(O)c1ccc(O)c(C(N)=O)c1,3869,C19H24N2O3,328.4,3.1,95.6,385,4,4,8
T21294,CC1(C)OC(c2ccc(S(N)(=O)=O)cc2)=C(c2cccc(F)c2)C1=O,9841854,C18H16FNO4S,361.4,2.6,94.8,672,1,6,3
T22996,Cc1ccc(C2(C(=O)N3CCC(n4nc(-c5ccccc5)oc4=O)CC3)CC2)cc1,23612552,C24H25N3O3,403.5,4,62.2,694,0,4,4
T23070,CNCCC(Oc1ccccc1OC)c1ccccc1.Cl,134453,C17H22ClNO2,307.8,,30.5,253,2,3,7
T20005,CCCCCCCCCCCCCC(=O)OC(C)C,8042,C17H34O2,270.5,7.2,26.3,199,0,2,14
T20093,c1ccc(Nc2ccc(Nc3ccccc3)cc2)cc1,6319,C18H16N2,260.3,5,24.1,231,2,2,4
T20250,O=C(Oc1ccccc1)c1ccccc1O,8361,C13H10O3,214.22,3.8,46.5,233,1,3,3
T20253,N=C(Nc1ccccc1)Nc1ccccc1,7594,C13H13N3,211.26,2.4,50.4,225,2,1,3
T8891,COc1ccccc1OCCN1CC(CCOc2cccc3[nH]c4ccccc4c23)OCC1=O,72711387,C27H28N2O5,460.5,4.8,73,663,1,5,9
T24105,Cn1c(-c2nc3cc(C(=O)N4CCCC(N)C4)ccc3n2C)cc2ccccc21.O=C(O)C(F)(F)F,86340181,C25H26F3N5O3,501.5,,106,698,2,8,2
T24850,CCCn1c(CNc2cccc(C(=O)NCc3c(F)cccc3F)c2)nnc1-c1ccncn1,11155477,C24H23F2N7O,463.5,2.7,97.6,634,2,8,9
T24700,c1c2c(cc3c1OCO3)OCN(CCOC13CC4CC(CC(C4)C1)C3)C2,2962888,C21H27NO4,357.4,3.9,40.2,499,0,5,4
TP1022,CC(=O)O.CC(=O)O.CC(=O)O.NC(=O)C1CCCN1C(=O)C(Cc1cnc[nH]1)NC(=O)C1CCC(=O)N1.NC(=O)C1CCCN1C(=O)C(Cc1cnc[nH]1)NC(=O)C1CCC(=O)N1,138376494,C38H56N12O14,904.9,,412,628,11,16,12
TP1186,O=C1NC(Cc2ccccc2)C(=O)N2CCCC12,99895,C14H16N2O2,244.29,1.4,49.4,350,1,2,2
TP1682L,CC(=O)O.NC(N)=NCCCC(NC(=O)C(Cc1ccccc1)NC(=O)c1ccccc1N)C(=O)NC(CCCCNc1ccc([N+](=O)[O-])cc1[N+](=O)[O-])C(=O)N1CCCC1C(=O)O,156599015,C41H53N11O12,891.9,,376,1540,9,15,20
TP1766L,CC(=O)O.NC(CCC(=O)NC(CCC(=O)O)C(=O)O)C(=O)O,156599014,C12H20N2O9,336.30,,204,400,6,10,9
TP1784L,CC(=O)O.CSCC[C@H](NC(=O)[C@@H](N)Cc1ccccc1)C(=O)N[C@@H](CCCNC(=N)N)C(=O)N[C@@H](Cc1ccccc1)C(=O)O,156599013,C31H45N7O7S,659.8,,278,921,8,10,18
TP1858L,CC(=O)O.CSCC[C@H](NC(=O)[C@@H](N)Cc1ccccc1)C(=O)N[C@@H](CCCN=C(N)N)C(=O)N[C@@H](Cc1ccccc1)C(N)=O,131698049,C31H46N8O6S,658.8,,283,920,8,9,18
TP1861L,CC(=O)O.NCC(=O)N[C@H](Cc1ccccc1)C(=O)N[C@@H](CCCN=C(N)N)C(=O)O,156599012,C19H30N6O6,438.5,,223,561,7,8,11
T9036,CC(C)Nc1ccc(Nc2ccccc2)cc1,7573,C15H18N2,226.32,4,24.1,201,2,2,4
T9003,COc1ccc(-c2nc3ccc(NCc4ccc(Cl)c(Cl)c4)nc3n(CCNC(C)=O)c2=O)cc1,24830385,C25H23Cl2N5O3,512.4,4.2,95.9,776,2,6,8
T8979,Fc1ccc(-c2csc3ncnc(NCc4ccc5c(c4)OCO5)c23)cc1,9196193,C20H14FN3O2S,379.4,4.9,84.5,508,1,7,4
T8970,COc1ccc(N(C(=O)CCl)C(C(=O)NCCc2ccccc2)c2cccs2)cc1Cl,3689413,C23H22Cl2N2O3S,477.4,5.2,86.9,591,1,4,9
T8934,CC(=O)OC[C@H]1O[C@@H]2OC(C)=N[C@@H]2[C@@H](OC(C)=O)[C@H]1OC(C)=O,11278902,C14H19NO8,329.30,-0.5,110,531,0,9,7
T8972,Fc1ccc(N2CCCCC2)c(NC(=S)c2ccncc2)c1,25186688,C17H18FN3S,315.4,3.4,60.3,367,1,4,3
T8993,COc1ccc(-c2ccc(OCc3cc(C(=O)[N-]S(=O)(=O)c4ccccc4C)oc3C)cc2)nc1.[Na+],25209437,C26H23N2NaO6S,514.5,,105,801,0,8,8
T8946,O=C(C1CC1)N1CCc2cc(Br)c(S(=O)(=O)Nc3ccc(Cl)c(C(F)(F)F)c3)cc21,46504926,C19H15BrClF3N2O3S,523.8,4.5,74.9,774,1,7,4
T9010,CC(=O)OC[C@H]1O[C@@H](n2cnc3c(Nc4cccc(O)c4)ncnc32)[C@H](OC(C)=O)[C@@H]1OC(C)=O,45377904,C22H23N5O8,485.4,1.1,164,787,2,12,10
T8883,Cn1cccc1C(=O)N1CCN(C(=O)Nc2ccc(N3CCC(C(=O)N4CCOCC4)CC3)cc2)CC1,46911296,C27H36N6O4,508.6,0.8,90.4,797,1,5,4
T9016,FC(F)(F)Oc1ccc2nc(-c3ccccn3)[nH]c2c1,49804932,C13H8F3N3O,279.22,3.3,50.8,339,1,6,2
T8963,Cc1cc(=O)[nH]c2cc(NC(=O)[C@H](CCCNC(=O)OC(C)(C)C)NC(=O)[C@H](CC3CCCCC3)NC(=O)OCC3c4ccccc4-c4ccccc43)ccc12,68045954,C44H53N5O7,763.9,7.2,164,1400,5,7,16
T19664,Cn1c(=O)c(S(=O)(=O)c2ccc(F)cc2F)cc2cnc(Nc3ccc4[nH]ccc4c3)nc21,67240318,C22H15F2N5O3S,467.4,3.3,116,897,2,8,4
T8975,CCCCCCCC(C)(C)c1cc(O)c2cc(Cc3ccccc3O)c(=O)oc2c1,70678101,C26H32O4,408.5,8.1,66.8,596,2,4,9
T21715,Nc1ccc(-c2ccncc2)cc1NC(=O)N1CCCC1,66575862,C16H18N4O,282.34,1.5,71.3,350,2,3,2
T21825,C[N+](C)(C)CCOC(=O)c1ccc(Oc2nc(Oc3ccc(C(=O)OCC[N+](C)(C)C)cc3)nc(Oc3ccc(C(=O)OCC[N+](C)(C)C)cc3)n2)cc1.[I-].[I-].[I-],91885432,C39H51I3N6O9,1128.6,,145,1010,0,15,21
T8966,O=C(NCCN1CCC2(CC1)C(=O)NCN2c1cccc(F)c1)c1ccc(F)c(F)c1,53393916,C22H23F3N4O2,432.4,2.9,64.7,659,2,7,5
T4298,O=C(NCC1(N2CCN(c3ccccc3)CC2)CCOCC1)c1cccnc1Sc1ccccc1,66553218,C28H32N4O2S,488.6,4.4,83,653,1,6,7
T8937,O=C(c1cccnc1-c1ccncc1)N1CCC(O)(Cc2ccccc2)CC1,73437845,C23H23N3O2,373.4,2.5,66.3,506,1,4,4
T8989,CN(C(=O)CNC(=O)c1ccccc1OCC(=O)Nc1ccc(I)cc1)c1ccccc1,46943210,C24H22IN3O4,543.4,3.8,87.7,633,2,4,8
T8922,CCOC(=O)c1ccc(NC2CCCCC2)c(NCc2ccccc2)c1,71745064,C22H28N2O2,352.5,5.4,50.4,416,2,4,8
T8948,C=CC1=C(C)c2cc3[n-]c(cc4[n-]c(cc5nc(cc1n2)C(C)=C5C=C)c(C)c4CCC(=O)O)c(CCC(=O)O)c3C.[Fe+2],26945,C34H32FeN4O4,616.5,,102,1010,2,8,8
T8956,c1csc(-c2ccc(CNCCNCc3ccc(-c4nccs4)cc3)cc2)n1,91885440,C22H22N4S2,406.6,3.7,106,396,2,6,9
T8971,NC(=O)c1ncn2c1CN=C(c1ccccc1Br)c1cc(F)ccc1-2,119194,C18H12BrFN4O,399.2,2.8,73.3,559,1,4,2
T8964,CS(=O)(=O)c1ccccc1N1CCN(c2nc3c(c(=O)[nH]2)CSCC3)CC1,136267814,C18H22N4O3S2,406.5,0.6,116,764,1,6,3
T8960,COc1cc(Nc2ccc([N+](=O)[O-])cc2C(=O)O)cc2ccccc12,72165188,C18H14N2O5,338.3,4.6,104,494,2,6,4
T8959,COc1ccccc1N1CCN(CCCCNC(=O)c2ccc(-c3cscn3)cc2)CC1,91885413,C25H30N4O2S,450.6,4.2,85.9,564,1,6,9
T8914,CCOC(=O)c1c(-c2ccc(C)cc2)csc1N,705801,C14H15NO2S,261.34,4,80.6,290,1,4,4
T8909,CCOC(=O)c1c(-c2ccc(OC)cc2)csc1N,727641,C14H15NO3S,277.34,3.6,89.8,305,1,5,5
T21900,CN1CCN(C)C(=Nc2ccc([N+](=O)[O-])cc2C(=O)Nc2ccccc2)C1,71301451,C19H21N5O3,367.4,2.1,93.8,570,1,5,3
T8987,Nc1nc(N)c2nc(-c3cccc(Cl)c3)c(N)nc2n1,118987042,C12H10ClN7,287.71,1.6,130,344,3,7,1
T8912,CCN1CCc2nc(N)sc2C1,2084043,C8H13N3S,183.28,0.9,70.4,164,1,4,1
T8976,CC(C)(C)NC(=O)Nc1nc2nc(N)ncc2cc1-c1c(Cl)cccc1Cl,5328112,C18H18Cl2N6O,405.3,3.7,106,520,3,5,3
T9027,Cc1cc(-c2nc(C(=O)Nc3cc4oc(N5CCOCC5)nc4nc3N3CC[C@@H](O)C3)co2)ccn1,118224491,C24H25N7O5,491.5,1.7,143,773,2,11,5
T8931L,Cl.O=C(CSC1=NCCN1)NC1CCCCCC1,91654402,C12H22ClN3OS,291.84,,78.8,285,3,3,4
T8988,O=C(O)c1ccc(-c2ncc(C(=O)O)s2)nc1,122554526,C10H6N2O4S,250.23,1,129,325,2,7,3
T9022,CNC(=O)C[C@H]1COc2cc(F)ccc2N1C(=O)c1ccc2c(c1)NC(=O)CO2,118599727,C20H18FN3O5,399.4,1.1,97,662,2,6,3
T9030,O=CN1CCN(c2ccc(C=C3C(=O)Nc4ccccc43)cc2)CC1,5306,C20H19N3O2,333.4,2.3,52.7,531,1,3,2
T8978,COc1ccc(-c2oc3ccccc3c(=O)c2N)cc1N,154850,C16H14N2O3,282.29,2,87.6,449,2,5,2
T8954,O=c1cc(N2CCN(c3cccc(C(F)(F)F)c3)CC2)[nH]c(=O)n1C1CCCCC1,45100448,C21H25F3N4O2,422.4,3.8,55.9,682,1,7,3
T8952,COc1ccc([I+]c2ccc(OC)cc2)cc1.[Br-],3015049,C14H14BrIO2,421.07,,18.5,184,0,3,4
T9023,Cc1cc(-c2ccc(C(=O)[C@@H]3CCCC[C@H]3C(=O)Nc3cnn4c3C(=O)NCC4)cc2)n[nH]1,122678117,C24H26N6O3,446.5,2.5,122,754,3,5,5
T8994,CCC1CCCCN1C(=O)n1ncc(C(O)(c2ccccc2)c2ccccc2)n1,56593112,C23H26N4O2,390.5,4.3,71.3,527,1,4,4
T9017,CN1CCN(c2ccc3nc(-c4c(N)c5ccsc5[nH]c4=O)[nH]c3c2)CC1,137297852,C19H20N6OS,380.5,1.6,119,634,3,6,2
T9020,CNC(=O)c1cc(C(=O)NC2CC2)cn(Cc2ccccc2)c1=O,126648559,C18H19N3O3,325.4,1.5,78.5,599,2,3,5
T9015,CC(C)[C@H](O)C(=O)N[C@@H](C)C(=O)N[C@@H]1C(=O)N(C)c2ccccc2-c2ccccc21,57327010,C23H27N3O4,409.5,2.5,98.7,652,3,4,5
T8974,CC(C)(C)C1CCN(C(=O)n2ncc(C(O)(c3ccccc3)c3ccccc3)n2)CC1,56593118,C25H30N4O2,418.5,4.9,71.3,581,1,4,4
T9019,CCN1CCN(C2=Nc3cc(Cl)ccc3Nc3cccc(F)c32)CC1,139033721,C19H20ClFN4,358.8,3.5,30.9,494,1,4,2
T9018,CCN1CCN(C2=Nc3cc(Cl)ccc3Nc3c(F)cccc32)CC1,139033723,C19H20ClFN4,358.8,3.5,30.9,494,1,4,2
T8913,O=C(O)C1CC(=O)N(c2ccc3c(c2)OCCO3)C1,2741832,C13H13NO5,263.25,0.2,76.1,385,1,5,2
T8949,O=C(O)[C@H]1O[C@H](OP(=O)(O)OP(=O)(O)OC[C@H]2O[C@@H](n3ccc(=O)[nH]c3=O)[C@H](O)[C@@H]2O)[C@H](O)[C@@H](O)[C@@H]1O,17473,C15H22N2O18P2,580.28,-6.4,309,1040,9,18,9
T8982,Nc1nnc(Sc2cc(-n3cccc3)c(Cl)cc2[N+](=O)[O-])[nH]1,3811346,C12H9ClN6O2S,336.76,2.9,144,408,2,6,3
T9009,O=C(Nc1ccc(Oc2ccccc2)cc1)c1cccc([N+](=O)[O-])c1,715924,C19H14N2O4,334.3,4.1,84.2,451,1,4,4
T21623,Cc1cc(NCCO)nc(-c2ccc(Br)cc2)n1,5332859,C13H14BrN3O,308.17,2.6,58,246,2,4,4
T8962,O=C(CCCCC(=O)Nc1scc(-c2cccs2)c1C(=O)O)Nc1scc(-c2cccs2)c1C(=O)O,4199057,C24H20N2O6S4,560.7,5.4,246,766,4,10,11
T8995,COc1ccc(-c2cn(C3CCCC3)c3ncnc(N)c23)cc1,44381224,C18H20N4O,308.4,3,66,392,1,4,3
T8969,NC(=O)c1cn([C@@H]2O[C@H](CO)[C@@H](O)[C@H]2O)c2ncnc(N)c2c1=O,24773090,C13H15N5O6,337.29,-1.9,185,571,5,10,3
T9031,CCOC(=O)c1cnc2ccc(C)cc2c1Nc1ccc(N(CC)CC)cc1,1568449,C23H27N3O2,377.5,5.7,54.5,488,1,5,8
T7530,c1ccc2c(c1)SCc1c-2[nH]c2ccccc12,297589,C15H11NS,237.32,3.8,41.1,293,1,1,0
T8967,O=[N+]([O-])c1cc(S(=O)(=O)Nc2ccc(O)c3ccccc23)ccc1Cl,3718032,C16H11ClN2O5S,378.8,3.8,121,590,2,6,3
T21696,CN(CCCOc1ccc(Cc2ccccc2)cc1)CCC(=O)O.Cl,9820433,C20H26ClNO3,363.9,,49.8,347,2,4,10
T21976,Cc1csc(S(=O)(=O)N(CC(C)C)c2cc3c(cc2OCc2ccc(C(=O)O)cc2)CCC3)n1,9827317,C25H28N2O5S2,500.6,5.6,133,794,1,8,9
T8910,NC(=O)c1cc(-c2ccccc2)sc1N,703965,C11H10N2OS,218.28,2.3,97.4,241,2,3,2
T8911,COC(=O)c1cc(-c2ccc(OC)c(OC)c2)on1,645390,C13H13NO5,263.25,2.2,70.8,311,0,6,5
T9035,CCCCCCCCCCC(=O)O[C@H]1CC[C@H]2[C@@H]3CCC4=CC(=O)CC[C@]4(C)[C@H]3CC[C@]12C,65157,C30H48O3,456.7,8.5,43.4,739,0,3,11
T8985,Cc1cc(N=Nc2ccc(N=Nc3ccc(O)c(C(=O)O)c3)cc2)c(N)cc1N.[Na+],135422008,C20H18N6NaO3+,413.4,,159,607,4,9,5
T9024,NC(=O)c1ccc(Oc2ccc(C(N)=O)cc2)cc1,236501,C14H12N2O3,256.26,1.2,95.4,298,2,3,4
T9038,CCNCC.Cl,10197650,C4H12ClN,109.60,,12,11,2,1,2
T8980,C=CCn1nc(-c2ccc(OC)cc2OC)c2cccc(C(F)(F)F)c21,11660520,C19H17F3N2O2,362.3,4.8,36.3,488,0,6,5
T8950,COc1cccc(CNc2ccc(S(=O)(=O)Nc3nccs3)cc2)c1O,1079729,C17H17N3O4S2,391.5,2.9,137,535,3,8,7
T8977,CC(CC(=O)Nc1ccc2nc(-c3cscn3)[nH]c2c1)c1cccc(Cl)c1,10023694,C20H17ClN4OS,396.9,4.5,98.9,524,2,4,5
T9008,COc1ccc(C(=O)c2oc3ccccc3c2NC(C)=O)cc1,906598,C18H15NO4,309.3,3.7,68.5,444,1,4,4
TN6718,C=C1C(=O)OC2C1CCC(=C)C1CCC(=C)C12,4426320,C15H18O2,230.30,2.6,26.3,432,0,2,0
T8961,CCC[C@@H]([C@@H](CC(C)C)C(=O)N[C@@H](CCCCNC(=O)OCc1ccccc1)C(=O)Nc1nccs1)N(O)C=O,91885425,C28H41N5O6S,575.7,4.1,178,782,4,8,18
T9012,Cl.Cl.NCc1c[nH]c2nc(N)[nH]c(=O)c12,136229764,C7H11Cl2N5O,252.10,,109,264,6,3,1
T9032,O=C(CSc1ncn[nH]1)Nc1ccc(C23CC4CC(CC(C4)C2)C3)cc1,2993112,C20H24N4OS,368.5,5.1,96,493,2,4,5
T9048,CC1(C)C2CCC1(CS(=O)(=O)O)C(=O)C2=Cc1ccc(C=C2C(=O)C3(CS(=O)(=O)O)CCC2C3(C)C)cc1,146382,C28H34O8S2,562.7,3.1,160,1230,2,8,6
T8973,Oc1ccc(-c2ccc3cc(O)ccc3c2)c(O)c1,16215105,C16H12O3,252.26,3.7,60.7,306,3,3,1
T9037,c1ccc2sc(SNC3CCCCC3)nc2c1,7232,C13H16N2S2,264.4,4.4,78.5,244,1,4,3
T9007,CC1=CC(Oc2ccc(-c3ccccc3)cc2[N+](=O)[O-])OC1=O,156599010,C17H13NO5,311.29,3.8,81.4,492,0,5,3
TQ0167,CC[C@@H]1[C@H](F)C(=O)N[C@@H]1COc1nccc2cc(C(N)=O)c(OC)cc12,118414016,C18H20FN3O4,361.4,2,104,535,2,6,6
TN1020,OCC1=C[C@@H](O)[C@]2(O)C=CO[C@@H](O[C@@H]3O[C@H](CO)[C@@H](O)[C@H](O)[C@H]3O)[C@H]12,11968396,C15H22O10,362.33,-4.1,169,550,7,10,4
TN1037,COc1cc2c(cc1O)CC[n+]1cc3c4c(ccc3cc1-2)OCO4,3084708,C19H16NO4+,322.3,3.3,51.8,474,1,4,1
TN1075,CO[C@@H]1C[C@H](O[C@H]2CC[C@@]3(C)[C@H](CC[C@@]45O[C@@]46CC[C@H](C4=CC(=O)OC4)[C@@]6(C)CC[C@H]35)C2)O[C@H](C)[C@@H]1O,441840,C30H44O7,516.7,3.1,86.8,996,1,7,4
TN1166,O=C(OC[C@H]1O[C@@H](OC(=O)c2cc(O)c(O)c(O)c2)[C@H](O)[C@@H](OC(=O)c2cc(O)c(O)c(O)c2)[C@@H]1O)c1cc(O)c(O)c(O)c1,452707,C27H24O18,636.5,0.4,311,1010,11,18,10
TN1471,COc1cc(O[C@@H]2O[C@H](CO[C@@H]3O[C@H](CO)[C@@H](O)[C@H](O)[C@H]3O)[C@@H](O)[C@H](O)[C@H]2O)c2c(O)c3c(=O)oc(C)cc3cc2c1,5317701,C27H32O15,596.5,-0.6,234,979,8,15,7
TN2081,COc1ccc(-c2oc3c(CCC(C)(C)O)c(O[C@@H]4O[C@H](CO)[C@@H](O)[C@H](O)[C@H]4O)cc(O)c3c(=O)c2O)cc1,14583586,C27H32O12,548.5,1.6,196,884,7,12,8
TN2089,CC1OC(OC2C(OC(=O)C34CCC(C)(C)CC3C3=CCC5C6(C)CC(O)C(OC7OC(COC8OC(CO)C(O)C(O)C8O)C(O)C(O)C7O)C(CO)(CO)C6CCC5(C)C3(C)CC4O)OCC(O)C2O)C(O)C(O)C1OC1OCC(O)C(OC2OCC(O)(CO)C2O)C1O,75251137,C63H102O33,1387.5,-5.9,532,2710,20,33,18
TN2100,COc1ccc(-c2coc3cc(O)cc(O)c3c2=O)cc1O,5281803,C16H12O6,300.26,2.6,96.2,462,3,6,2
TN2247,COc1cc2oc(-c3ccc(O)cc3)cc(=O)c2c(O)c1[C@@H]1O[C@H](CO)[C@@H](O)[C@H](O)[C@H]1O,124034,C22H22O10,446.4,0.5,166,705,6,10,4
TN2283,C[C@]12CCC[C@@]3(COC1=O)[C@@H]1CC[C@@H]4C[C@@]1(CC[C@@H]32)C[C@@]4(C)O,72369,C20H30O3,318.4,3.8,46.5,573,1,3,0
T18893,O=C(O)c1ccc2c(c1)C(=O)OC21c2ccc(O)cc2Oc2cc(O)ccc21.O=C(O)c1ccc2c(c1)C1(OC2=O)c2ccc(O)cc2Oc2cc(O)ccc21,44119975,C42H24O14,752.6,,227,1270,6,14,2
T18898,CN(C)c1ccc2c(-c3cc(C(=O)ON4C(=O)CCC4=O)ccc3C(=O)[O-])c3ccc(N(C)C)cc3[o+]c2c1.CN(C)c1ccc2c(-c3ccc(C(=O)ON4C(=O)CCC4=O)cc3C(=O)[O-])c3ccc(N(C)C)cc3[o+]c2c1,131952924,C58H50N6O14,1055.0,,239,2290,0,16,10
T10898,CC(C)c1cnn2c(NCc3ccccc3)cc(NC[C@H]3CCNC[C@@H]3O)nc12.Cl,91844732,C22H31ClN6O,431.0,,86.5,500,5,6,7
T10989,O=c1ccc2ccc(OCCCCN3CCN(c4cccc(Cl)c4Cl)CC3)cc2[nH]1,10114519,C23H25Cl2N3O2,446.4,4.9,44.8,597,1,4,7
T19278,CCCCCCCCOC(=O)OCCCCCCCC,9904000,C17H34O3,286.4,7.4,35.5,184,0,3,16
T16554,O=[N+]([O-])c1ccc(OP(=O)([O][Na])[O][Na])cc1,16760595,C6H4NNa2O6P,263.05,,118,258,0,6,2
T16689,O=S(=O)([O][Na])c1cc(O)c2ccc3c(S(=O)(=O)[O][Na])cc(S(=O)(=O)[O][Na])c4ccc1c2c34,4136521,C16H7Na3O10S3,524.4,,217,986,1,10,3
T14577,NCCOCCOCCNC(=O)CCCC[C@@H]1SC[C@@H]2NC(=O)N[C@@H]21,11199678,C16H30N4O4S,374.5,-1.2,140,427,4,6,13
T8427,C=CC(=O)Nc1ccc2[nH]c(=O)n(C3CCN(Cc4ccc(-c5nc6cc[nH]c(=O)c6cc5-c5ccccc5)cc4)CC3)c2c1,122668091,C36H32N6O3,596.7,4.3,107,1120,3,5,7
T19535,C=Cc1c(C)c2cc3nc(c4c5[nH]c(cc6nc(cc1[nH]2)C(C)=C6CC)c(C)c5C(=O)C4)[C@@H](CCC(=O)O)[C@@H]3C,161456,C33H34N4O3,534.6,2.6,107,1660,3,7,5
T15192,COCCN(C(=O)c1cc(OC)c(OC)c(OC)c1)c1nc(-c2ccccc2)cs1,3173542,C22H24N2O5S,428.5,3.7,98.4,520,0,7,9
T15207,Cl.O=C1c2cc(-c3ccc(OC(F)(F)F)cc3)ccc2OCCN1Cc1ncccn1,90479986,C21H17ClF3N3O3,451.8,,64.6,578,1,8,4
T15278,Cc1nsc(-c2nnc3n2CCN(C(=O)c2ccc(F)cc2)[C@@H]3C)n1,117604931,C16H15FN6OS,358.4,1.6,105,505,0,7,2
T12829,OCc1cc(C(O)CNCCCCCCOCCCCc2ccccc2)ccc1O,5152,C25H37NO4,415.6,3.9,82,403,4,5,16
T12831,C[C@@H]1COCCN1c1cc(=O)n2c(n1)N(Cc1cncc(Cl)c1)[C@@H](C(F)(F)F)CC2,91933781,C19H21ClF3N5O2,443.8,2.2,61.3,731,0,8,3
T11463,COc1ccccc1N1CCN(CCCCNC(=O)c2ccc(-c3ccc(C(C)=O)cc3)cc2)CC1,4302960,C30H35N3O3,485.6,4.8,61.9,677,1,5,10
T19595,O=C[C@H](O)[C@@H](O)[C@H](O)[C@H](OP(=O)(OC[C@H]1O[C@@H](n2ccc(=O)[nH]c2=O)[C@H](O)[C@@H]1O)OP(=O)([O][Na])[O][Na])C(=O)[O][Na],139035028,C15H19N2Na3O18P2,646.23,,325,1030,6,18,13
T19235,C[C@H](CCC(=O)NCCC[N+](C)(C)CCCS(=O)(=O)[O-])[C@H]1CC[C@H]2[C@@H]3[C@H](O)C[C@@H]4C[C@H](O)CC[C@]4(C)[C@H]3C[C@H](O)[C@]12C,107670,C32H58N2O7S,614.9,2.9,155,1030,4,7,11
T15464,CN(CCCNC(=O)c1ccc2nc3c(c(Cl)c2c1)CCCC3)Cc1ccccc1,73349008,C25H28ClN3O,422.0,5.2,45.2,553,1,3,7
T15784,Cc1cc(=O)n(C)c2cc(N3C(=O)CC[C@H](NS(=O)(=O)CC(C)C)[C@H]3c3ccc(Cl)cc3)ccc12,91827372,C26H30ClN3O4S,516.1,3.5,95.2,939,1,5,6
T16359,CCN(CC)C(=O)c1ccc(Nc2nc(OCC3CCCCC3)c3[nH]cnc3n2)cc1,10202471,C23H30N6O2,422.5,4.8,96,560,2,6,8
T16367,CC(C)NC(=O)N1CC[C@H](NC2=Nc3cc(F)ccc3N(CC(F)F)c3ccc(Cl)cc32)C1,137125241,C23H25ClF3N5O,479.9,4.5,60,726,2,6,4
T19032,COc1cc(-c2ccc(-n3nc(-c4ccccc4)n[n+]3-c3ccc([N+](=O)[O-])cc3)c(OC)c2)ccc1-n1nc(-c2ccccc2)n[n+]1-c1ccc([N+](=O)[O-])cc1.[Cl-].[Cl-],9281,C40H30Cl2N10O6,817.6,,179,1180,0,12,9
T19067,CC(=O)[O-].Nc1ccc2nc3ccc(N)cc3[s+]c2c1,2724414,C14H13N3O2S,287.34,,129,414,2,5,0
T19072,CCOC(=O)c1ccccc1-c1c2ccc(N(C)C)cc2[o+]c2cc(N(C)C)ccc12.[O-][Cl+3]([O-])([O-])[O-],2762682,C26H27ClN2O7,515.0,,116,884,0,8,5
T16759,Cc1nc2sccn2c(=O)c1CCN1CCC(=C(c2ccc(F)cc2)c2ccc(F)cc2)CC1,5074,C27H25F2N3OS,477.6,5.2,61.2,877,0,6,5
T19408,O=C(O)C=Cc1cccc(O)c1,11496,C9H8O3,164.16,1.8,57.5,186,2,3,2
T16987,O=C(CNC(=O)c1ccc(-c2ccccc2)cc1)NC1CCCc2ccccc21,46673962,C25H24N2O2,384.5,4.4,58.2,549,2,2,5
T17271,COc1ccc(N2C(=O)N(c3c(C)cccc3Cl)Cc3cnc(Nc4ccc(C5CCN(C)CC5)cc4OC)nc32)nc1,121596782,C32H34ClN7O3,600.1,5.2,96,925,1,8,7
T17310,CNC[C@H](O)c1cccc(O)c1,6041,C9H13NO2,167.20,-0.3,52.5,130,3,3,3
T3S0509,COC(=O)c1ccccc1O[C@@H]1O[C@H](CO[C@@H]2OC[C@@H](O)[C@H](O)[C@H]2O)[C@@H](O)[C@H](O)[C@H]1O,5315244,C19H26O12,446.4,-2.5,185,590,6,12,7
T3S2325,CC1(C)[C@@H](O[C@@H]2OC[C@H](O[C@@H]3O[C@H](CO)[C@@H](O)[C@H](O)[C@H]3O[C@@H]3OC[C@@H](O)[C@H](O)[C@H]3O)[C@@H](O)[C@H]2O[C@@H]2O[C@H](CO)[C@@H](O)[C@H](O)[C@H]2O)CC[C@]2(C)[C@H]3CC[C@]45OC[C@@]6(CC[C@](C)(C=O)C[C@H]64)[C@H](O)C[C@@]5(C)[C@]3(C)CC[C@@H]12,138911402,C52H84O22,1061.2,-1.1,343,2020,12,22,11
TMA1644,CC(C)[C@@H]1NC(=O)CNC(=O)[C@H](C)NC(=O)[C@H](Cc2c[nH]c3ccccc23)NC(=O)[C@H](C)NC1=O,10345235,C24H32N6O5,484.5,1,161,833,6,5,3
TMA1403,CCC(C)C1NC(=O)C(C)NC1=O,45359405,C9H16N2O2,184.24,0.8,58.2,228,2,2,2
TN5073,C[C@]12CC[C@H]3[C@@H](CC[C@]4(O)C[C@@H](O)CC[C@]34C=O)[C@@]1(O)CC[C@@H]2C1=CC(=O)OC1,6185,C23H32O6,404.5,0.6,104,777,3,6,2
T20576,OC[C@@H](O)[C@@H](O[C@@H]1O[C@H](CO)[C@H](O)[C@H](O)[C@H]1O)[C@H](O)[C@@H](O)CO,157355,C12H24O11,344.31,-5.2,201,343,9,11,8
T19777,O=c1onc2cnc3ccccc3n12,1456,C9H5N3O2,187.15,1.1,54.3,337,0,4,0
TN6431,CC1NC(=O)C2CCCN2C1=O,6428987,C8H12N2O2,168.19,-0.2,49.4,239,1,2,0
T23673,CCCCn1c(O)c(C(=N)N)c(=O)n(CCCC)c1=O,135508376,C13H22N4O3,282.34,1.5,111,445,3,4,7
T0141L,NC(=O)c1cc[n+](CC2=C(C(=O)[O-])N3C(=O)[C@@H](NC(=O)Cc4cccs4)[C@H]3SC2)cc1.O.O,57519749,C20H22N4O7S2,494.5,,192,806,4,9,6
T6956L,CC(=O)O.NC(=O)[C@@H]1CCCN1C(=O)[C@H](Cc1cnc[nH]1)NC(=O)[C@@H]1CCC(=O)N1,69031038,C18H26N6O6,422.4,,188,628,5,7,6
T12882L,CC(=O)N[C@@H](CCCNC(=N)N)C(=O)N[C@H]1CSSC[C@@H](C(N)=O)NC(=O)[C@H](Cc2c[nH]c3ccccc23)NC(=O)[C@H](CCCNC(=N)N)NC(=O)[C@@H](Cc2ccccc2)NC(=O)[C@H](Cc2cnc[nH]2)NC(=O)[C@@H](C)NC1=O.CC(=O)O,162341716,C51H72N18O11S2,1177.4,,537,2160,16,16,18
T16519L,Cl.Cl.Cl.Cl.N[C@@H](CSSC[C@H](N)C(=O)N1CCn2cc(-c3ccccc3)nc2[C@@H]1CC1CCCCC1)C(=O)N1CCn2cc(-c3ccccc3)nc2[C@@H]1CC1CCCCC1,140511918,C44H62Cl4N8O2S2,941.0,,179,1160,6,8,13
T8993L,COc1ccc(-c2ccc(OCc3cc(C(=O)NS(=O)(=O)c4ccccc4C)oc3C)cc2)nc1.Cl,121513858,C26H25ClN2O6S,529.0,,116,794,2,7,8
T8953L,CC(=O)N[C@@H](CO)C(=O)N[C@H](C(=O)N[C@H](C(=O)N[C@H](C(=O)N[C@@H](CCCN=C(N)N)C(=O)N[C@H](C(=O)O)[C@@H](C)O)C(C)C)C(C)C)C(C)C.CC(=O)O,156599009,C32H59N9O12,761.9,,354,1220,12,13,21
T8957L,CC[C@@H](N)CNc1nc(-c2cc(Cl)ccc2O)nc2ccccc12.Cl.Cl,136661872,C18H21Cl3N4O,415.7,,84.1,399,5,5,5
TP1530L,CC(=O)O.N=C(N)NCCC[C@H](NC(=O)[C@@H](N)Cc1ccc(O)cc1)C(=O)NCC(=O)N[C@@H](CC(=O)O)C(=O)N[C@@H](CO)C(=O)O,169553451,C26H40N8O12,656.6,,359,1010,12,14,18
TP1900L1,CC(=O)O.CC(C)C[C@H](NC(=O)[C@H](CC(C)C)NC(=O)[C@H](CCCCN)NC(=O)[C@H](Cc1ccccc1)NC(=O)[C@H](CC(N)=O)NC(=O)[C@@H](NC(=O)[C@@H]1CCCN1)C(C)C)C(=O)N[C@@H](CO)C(=O)N[C@@H](Cc1c[nH]cn1)C(=O)O,163285755,C52H83N13O14,1114.3,,437,1950,15,17,33
TP1917L1,CC(=O)O.CNCC(=O)N[C@@H](CCCN=C(N)N)C(=O)N1CCC[C@H]1C(=O)N1CCC[C@H]1C(=O)NCC(=O)N[C@@H](Cc1ccccc1)C(=O)N[C@@H](CO)C(=O)N1CCC[C@H]1C(=O)N[C@H](Cc1ccccc1)C(=O)O,156599005,C49H70N12O13,1035.2,,378,1900,11,15,24
T9058,OCCOc1ccc(C2(c3ccc(OCCO)cc3)c3ccccc3-c3ccccc32)cc1,3764404,C29H26O4,438.5,5.2,58.9,540,2,4,8
T9061,C=CC(=O)NCc1ccc(C(=O)Nc2ccccc2Oc2ccc(OCC)cc2)cc1,45917225,C25H24N2O4,416.5,4.3,76.7,580,2,4,9
T8997,COCCCC1CCCCN1C(=O)Oc1ccc([N+](=O)[O-])cc1,72183487,C16H22N2O5,322.36,3,84.6,390,0,5,6
TN6723,C[C@@]12O[C@H]3[C@@H](O[C@H](CO)[C@@H](O)[C@@H]3O)O[C@@]13C[C@H]1C(=O)C[C@@H](O2)[C@]13COC(=O)c1ccccc1,14605198,C23H26O10,462.4,-0.5,141,843,3,10,5
T9039,O=C(O)CCCc1ccc2ccc3ccccc3c2c1,96904,C18H16O2,264.3,4.9,37.3,338,1,2,4
TN6719,C[C@@H]1O[C@@H](Oc2c(-c3ccc(O)cc3)oc3cc(O)cc(O)c3c2=O)[C@H](O[C@@H]2O[C@H](CO)[C@@H](O)[C@H](O)[C@H]2O)[C@H](O)[C@H]1O,5489470,C27H30O15,594.5,-0.4,245,985,9,15,6
T9054,COC(=O)C1=C(CN2CCOC[C@H]2C(=O)O)NC(c2nccs2)=N[C@H]1c1ccc(F)cc1Cl,89996234,C21H20ClFN4O5S,494.9,-0.5,142,830,2,10,7
T8924,CC(C)(C)OC(=O)CC[C@H](NC(=O)N[C@@H](CCCCNC(=O)NCc1ccc(CC(=O)O)cc1)C(=O)OC(C)(C)C)C(=O)OC(C)(C)C,118460066,C34H54N4O10,678.8,3.6,198,1080,5,10,22
T9064,C[C@]1(c2ncncc2F)NC(=O)c2cc(-c3cn[nH]c3)ccc21.O,137794949,C16H14FN5O2,327.31,,84.6,477,3,6,2
T8992,CC1(C)CC(=O)C2=C(C1)OC1=C(C(=O)CC(C)(C)C1)C2c1ccc(OCc2ccccc2Br)cc1,118737394,C30H31BrO4,535.5,6.1,52.6,882,0,4,4
T21954,COc1cc2ncnc(Nc3ccc(OCc4ccccc4)cc3)c2cc1OC,9843206,C23H21N3O3,387.4,4.8,65.5,480,1,6,7
T9002,CCOC(=O)N1CCC(Nc2c(NCCN3CCN(c4cccc(C(F)(F)F)c4)CC3)c(=O)c2=O)CC1,134611887,C25H32F3N5O4,523.5,3.3,94.2,880,2,11,9
T9065,CC(C)c1ccc(O)c(O)c1,16497,C9H12O2,152.19,2.1,40.5,123,2,2,1
T9029,CCCCCCc1ccc(NC(=O)c2ccc([N+](=O)[O-])o2)cc1,149175126,C17H20N2O4,316.35,5.3,88.1,389,1,4,7
T9052,CNC(=O)c1cc2c(Oc3ccc(NC(=O)C4(C(=O)Nc5ccc(F)cc5)CC4)cc3)ccnc2cc1OC,139350422,C29H25FN4O5,528.5,4.7,119,885,3,7,8
T9062,CC(=O)Nc1ccc(-c2cnc3cc(Cl)ccc3n2)cc1,146439211,C16H12ClN3O,297.74,2.7,54.9,371,1,3,2
T9033,NC(=O)c1ccccc1N=Cc1ccc(Br)s1,721984,C12H9BrN2OS,309.18,3.1,83.7,311,1,3,3
TN6720,CC(=O)O[C@@H](CC=C(C)C)C1=CC(=O)c2c(O)ccc(O)c2C1=O,9967285,C18H18O6,330.3,3.5,101,599,2,6,5
T9028,CCCCc1ccc(NC(=O)c2ccc([N+](=O)[O-])o2)cc1,2059265,C15H16N2O4,288.30,4.2,88.1,361,1,4,5
T8998,COc1cc(Cl)c(S(=O)(=O)N2CCCCC2)cc1Cl,4528045,C12H15Cl2NO3S,324.2,3.1,55,392,0,4,3
TN6722,CC1(C)CC[C@]2(C(=O)O)CC[C@]3(C)C(=CC[C@@H]4[C@@]5(C)C[C@@H](O)[C@H](O)[C@@](C)(CO)[C@@H]5[C@H](O)C[C@]43C)[C@@H]2C1,12314613,C30H48O6,504.7,4.5,118,974,5,6,2
T8991,Cc1ccccc1COc1ccc(C2C3=C(CC(C)(C)CC3=O)OC3=C2C(=O)CC(C)(C)C3)cc1,17379334,C31H34O4,470.6,5.8,52.6,876,0,4,4
T9034,O=C1NCCc2[nH]c(-c3ccnc(-c4cnc5ccccc5c4)c3)cc21,10389239,C21H16N4O,340.4,2.6,70.7,526,2,3,2
T22081,O=S(=O)(Nc1nc2cc(Cl)ccc2o1)c1cc(Cl)ccc1Cl,6102820,C13H7Cl3N2O3S,377.6,4.5,80.6,501,1,5,3
T9013,CC(C)Oc1ccc(C(=O)Nc2nc3c(s2)CN(C(=O)OC(C)(C)C)CC3)cc1,36765911,C21H27N3O4S,417.5,3.7,109,587,1,6,6
TQ0007,CC(C)(C[C@H]1CN(S(=O)(=O)c2cccc(C(F)(F)F)c2)c2cc(-c3cc(F)cc(OC(F)F)c3)ccc2O1)C(=O)O,124126348,C27H23F6NO6S,603.5,6.8,102,1020,1,13,8
TQ0191,COC1=CC(=O)O[C@@H](CCc2ccc3c(c2)OCO3)C1,88308,C15H16O5,276.28,2.6,54,392,0,5,4
TQ0264,COc1c(O)c(=O)n2c3ccccc3c3ccnc1c32,5320161,C15H10N2O3,266.25,2,64.4,476,1,4,1
TN1002,COc1cc(O)c2c(c1)O[C@H](c1cc(O)cc(O)c1)CC2=O,70696494,C16H14O6,302.28,2.4,96.2,403,3,6,2
TN1038,COc1ccc([C@H]2O[C@@H](c3ccc(OC)c(OC)c3)[C@H](C)[C@@H]2C)cc1OC,101749,C22H28O5,372.5,4.4,46.2,418,0,5,6
TN1039,COc1ccc(-c2oc3cc(O)cc(O)c3c(=O)c2O)cc1O,5281699,C16H12O7,316.26,1.9,116,503,4,7,2
TN1068,COc1cc(-c2cc(=O)c3c(O)cc(O)cc3o2)cc(OC)c1O,5281702,C17H14O7,330.29,1.7,105,491,3,7,3
TN1118,CC1CCC2(C(=O)O)CCC3(C)C(=CCC4C5(C)CC(O)C(O)C(C)(C)C5CCC43C)C2C1(C)O,13653335,C30H48O5,488.7,5,98,956,4,5,1
TN1131,C=C1C(=O)O[C@@H]2[C@H]1CC[C@@](C)(O)[C@]13C=C[C@](C)([C@@H]21)[C@@]1(C3)C(=O)O[C@@H]2[C@H]3C(C)=CC[C@H]3[C@](C)(O)C[C@H](OC(C)=O)[C@H]21,71448931,C32H40O8,552.7,2.9,119,1320,2,8,2
TN1410,CC(=O)OCC1=C[C@H](O)[C@@H]2C(C(=O)O)=CO[C@@H](O[C@@H]3O[C@H](CO)[C@@H](O)[C@H](O)[C@H]3O)[C@H]12,11968867,C18H24O12,432.4,-3.2,192,733,6,12,7
TN1451,O=C1CC(C(=O)O)c2c1oc(=O)c1cc(O)c(O)c(O)c21,9838995,C13H8O8,292.20,-0.4,141,565,4,8,1
TN1499,C[C@@H]1C[C@H]2OC3(O[C@@H]2C(C)(C)O)[C@H](O)[C@@]2(C)[C@@H]4CC[C@H]5C(C)(C)[C@@H](O[C@@H]6OC[C@H](O)[C@H](O)[C@H]6O)CC[C@@]56C[C@@]46CC[C@]2(C)[C@@H]13,59595177,C35H56O9,620.8,3.7,138,1210,5,9,3
TN1611,CC(C)=CCc1c(O[C@@H]2O[C@H](CO)[C@@H](O)[C@H](O)[C@H]2O)cc(O)c2c(=O)c(O[C@@H]3O[C@@H](C)[C@H](O)[C@@H](O)[C@H]3O)c(-c3ccc(O)cc3)oc12,5317093,C32H38O15,662.6,1.3,245,1150,9,15,8
TN1644,O=C1C[C@@H](c2ccc(O)c(O)c2)Oc2c1ccc(O[C@@H]1O[C@H](CO)[C@@H](O)[C@H](O)[C@H]1O)c2O,101781,C21H22O11,450.4,-0.3,186,662,7,11,4
TN1674,COc1c(O)cc2oc3cc(O)c(CC=C(C)C)c(O)c3c(=O)c2c1CCC(C)(C)O,5495926,C24H28O7,428.5,4.9,116,671,4,7,6
TN1714,C[C@@H]1O[C@@H](Oc2c(-c3ccc(O)cc3)oc3cc(O[C@@H]4O[C@@H](C)[C@H](O)[C@@H](O)[C@H]4O[C@@H]4O[C@H](CO)[C@@H](O)[C@H](O)[C@H]4O)cc(O)c3c2=O)[C@H](O)[C@H](O)[C@H]1O,101568804,C33H40O19,740.7,-1.7,304,1260,11,19,8
TN1833,CCN1C[C@]2(C)CC[C@H](O)C34C1C(C[C@@H]32)[C@@]1(O)C[C@H](OC)[C@@H]2C[C@@H]4[C@@H]1[C@H]2O,168312283,C22H35NO4,377.5,1.1,73.2,673,3,5,2
TN1877,C[C@@H]1O[C@@H](O[C@H]2[C@H](Oc3cc(O)c4c(=O)cc(-c5ccc(O)c(O)c5)oc4c3)O[C@H](CO)[C@@H](O)[C@@H]2O)[C@H](O)[C@H](O)[C@H]1O,5282152,C27H30O15,594.5,-0.6,245,979,9,15,6
TN1895,Oc1cc(O)c2ccc(-c3ccc(O)c(O)c3)[o+]c2c1.[Cl-],6451196,C15H11ClO5,306.70,,81.9,336,4,5,1
TN2023,COc1cc2c(cc1OC)-c1cc3ccc4c(c3c(=O)n1CC2)OCO4,12799036,C20H17NO5,351.4,2.9,57.2,607,0,5,2
TN2111,O=C1C[C@H](c2ccc(O)cc2)Oc2cc(O[C@@H]3O[C@H](CO)[C@@H](O)[C@H](O)[C@H]3O)cc(O)c21,40473202,C21H22O10,434.4,0.6,166,623,6,10,4
TN2159,COc1c2ccoc2nc2c(O)cccc12,164950,C12H9NO3,215.20,2.5,55.5,261,1,4,1
TN2225,CC1(C)C[C@@H](O)[C@]2(C)CC[C@]3(C)C(=CC[C@@H]4[C@@]5(C)CC[C@H](O)[C@](C)(CO)[C@@H]5CC[C@]43C)[C@@H]2C1,115012,C30H50O3,458.7,7,60.7,847,3,3,1
TN2296,CC(C)=CCC[C@](C)(O[C@@H]1O[C@H](CO)[C@@H](O)[C@H](O)[C@H]1O)[C@H]1CC[C@]2(C)[C@@H]1[C@H](O)C[C@@H]1[C@@]3(C)CC[C@H](O[C@@H]4O[C@H](CO)[C@@H](O)[C@H](O)[C@H]4O[C@@H]4O[C@H](CO)[C@@H](O)[C@H](O)[C@H]4O)C(C)(C)[C@@H]3[C@@H](O)C[C@]12C,15940177,C48H82O19,963.2,1.1,318,1720,13,19,13
TN2332,C[C@@H]1O[C@@H](O[C@H]2[C@H](O)[C@@H](O)[C@H](OC[C@H]3O[C@@H](OC(=O)[C@]45CCC(C)(C)C[C@H]4C4=CC[C@@H]6[C@@]7(C)CC[C@H](O[C@@H]8OC[C@H](O)[C@H](O)[C@H]8O[C@@H]8O[C@H](CO)[C@@H](O)[C@H](O)[C@H]8O)C(C)(C)[C@@H]7CC[C@@]6(C)[C@]4(C)CC5)[C@H](O)[C@@H](O)[C@@H]3O)O[C@@H]2CO)[C@H](O)[C@H](O)[C@H]1O,21607574,C59H96O26,1221.4,-1.2,413,2370,15,26,14
T13816,CC(C)(O)[C@H](O)Cc1cc2ccc(=O)oc2cc1O,15296614,C14H16O5,264.27,1.1,87,376,3,5,3
T13518,CC(=O)[C@H]1CC[C@H]2[C@@H]3C[C@H](O)[C@H]4C[C@@H](O)CC[C@]4(C)[C@H]3CC[C@]12C,11035016,C21H34O3,334.5,3.5,57.5,531,2,3,1
T19259,C[C@@H]1NC(=O)N[C@@H]1CCCCCC(=O)O,445027,C10H18N2O3,214.26,0.8,78.4,243,3,3,6
T10941,O=C1O[C@H](CO)[C@@H](O)[C@H]1O,111064,C5H8O5,148.11,-1.4,87,145,3,5,1
T15082,CC1(C)C2=C(Cl)C(=O)C(Cl)=CC2=Nc2ccc(O)cc21,2762655,C15H11Cl2NO2,308.2,3.4,49.7,550,1,3,0
T18807,CC(C)(C)OC(=O)NCCCCNc1cccc2c1C(=O)N(C1CCC(=O)NC1=O)C2=O,138694407,C22H28N4O6,444.5,2.1,134,777,3,7,9
T14767,COc1ccccc1N1CCN(CCCCNC(=O)c2ccc3ccccc3c2)CC1.Cl,3038494,C26H32ClN3O2,454.0,,44.8,549,2,4,8
T12608,CC[N+](CC)(CC)CC(=O)Nc1c(C)cccc1C.[Cl-],21462,C16H27ClN2O,298.8,,29.1,268,1,2,6
T15304,O=C(O)COCCOCCNC(=O)OCC1c2ccccc2-c2ccccc21,2756092,C21H23NO6,385.4,2.4,94.1,491,2,6,11
T15138,NC(Cc1ccc(O)c(O)c1)C(=O)O,836,C9H11NO4,197.19,-2.7,104,209,4,5,3
T13019,O=C(CCC(=O)P(=O)([O][Na])[O][Na])[O][Na],138911342,C4H4Na3O6P,248.01,,120,225,0,6,4
T13074,CC(=O)N1CCC(c2cc(-c3ccc(NC(=O)c4cccn(-c5ccc(F)cc5)c4=O)cc3F)c3c(N)ncnn23)CC1,130447757,C31H27F2N7O3,583.6,3,126,1120,2,8,5
T11381,CS(=O)(=O)N1CCN(Cc2cc3nc(-c4cccc5[nH]ncc45)nc(N4CCOCC4)c3s2)CC1.CS(=O)(=O)O.CS(=O)(=O)O,56972143,C25H35N7O9S4,705.9,,270,924,3,16,5
T11398,CC(C)=CCCC(C)(OC1OC(COC2OC(CO)C(O)C(OC3OCC(O)C(O)C3O)C2O)C(O)C(O)C1O)C1CCC2(C)C1C(O)CC1C3(C)CCC(OC4OC(CO)C(O)C(O)C4OC4OC(CO)C(O)C(O)C4O)C(C)(C)C3CCC12C,73157064,C59H100O27,1241.4,-1.3,436,2270,17,27,18
T10689,C[C@@H]1O[C@@H](O[C@H]2[C@H](O)[C@@H](O)[C@H](OC[C@H]3O[C@@H](OC(=O)[C@]45CCC(C)(C)C[C@@H]4C4=CC[C@@H]6[C@@]7(C)CC[C@H](O[C@@H]8OC[C@H](O)[C@H](O)[C@H]8O)[C@@](C)(CO)[C@@H]7CC[C@@]6(C)[C@]4(C)CC5)[C@H](O)[C@@H](O)[C@@H]3O)O[C@@H]2CO)[C@H](O)[C@H](O)[C@H]1O,71586956,C53H86O22,1075.2,-0.9,354,2060,13,22,12
T15806,Cn1cc(C(=O)O)c2ccc(N3CCC(OCc4c(-c5c(Cl)cccc5Cl)noc4C4CC4)CC3)cc21,25204767,C28H27Cl2N3O4,540.4,5.5,80.7,800,1,6,7
T10358,Cc1ccc(C(=O)OCc2ccc([C@@H](CN)C(=O)Nc3ccc4cnccc4c3)cc2)c(C)c1.Cl.Cl,66599892,C28H29Cl2N3O3,526.4,,94.3,678,4,5,8
T16501,Cc1ccc(-c2ccc3c(ccc4sc5c(c43)NC[C@@H](C)NC5=O)n2)cn1,44631903,C21H18N4OS,374.5,4,95.2,574,2,5,1
T16542,CCn1cc(C(=O)O)c(=O)c2cnc(N3CCCC3)nc21,4855,C14H16N4O3,288.30,1.3,86.6,473,1,7,3
T11950,COc1cccc(-c2cc(C)c(=O)n(CCN3CCOCC3)n2)c1.Cl,202785,C18H24ClN3O3,365.9,,54.4,512,1,5,5
T19415,O=P(O)(O)CP(=O)(O)O,16124,CH6O6P2,176.00,-3.3,115,151,4,6,2
T19428,CC1(C)CC(NC(=O)C[P+](c2ccccc2)(c2ccccc2)c2ccccc2)CC(C)(C)N1[O].[Cl-],134828258,C29H36ClN2O2P,511.0,,52.6,612,2,4,6
T13279L,Cc1cc(C)c(CNC(=O)c2cc(Cl)c3c(c2C)O[C@@](C)(C2CCC(N(C)C)CC2)O3)c(=O)[nH]1,126481870,C26H34ClN3O4,488.0,4.4,79.9,879,2,5,5
T4237,COc1c(C)c(O)cc2c1C(=O)c1ccccc1C2=O,96191,C16H12O4,268.26,2.8,63.6,419,1,4,1
T5S1677,CC(=O)O[C@@H]1C[C@@]23C[C@@]24CC[C@H](O[C@@H]2OC[C@H](O)[C@H](O)[C@H]2O)C(C)(C)[C@@H]4CC[C@H]3[C@]2(C)[C@@H](O)C34O[C@H](C[C@@H](C)[C@@H]3[C@@]12C)[C@@H](C(C)(C)O)O4,92044471,C37H58O11,678.8,2.9,164,1350,5,11,5
TC0039,O=c1c2ccccc2nc2n1CC[C@@H]2O,442935,C11H10N2O2,202.21,0.4,52.9,327,1,3,0
TN4442,C=C1[C@H]2C[C@H]2[C@]2(C)Cc3occ(C)c3[C@H](OC(C)=O)[C@@H]12,497204,C17H20O3,272.34,2.7,39.4,485,0,3,2
TMA0507,C[C@H]1CC[C@]2(NC1)O[C@H]1C[C@H]3[C@@H]4CC[C@H]5C[C@@H](O)CC[C@]5(C)[C@H]4CC[C@]3(C)[C@H]1[C@@H]2C,65576,C27H45NO2,415.7,6.2,41.5,696,2,3,0
T21383,N[C@H](Cc1cc(I)c(Oc2cc(I)c(O)c(I)c2)c(I)c1)C(=O)O,8730,C15H11I4NO4,776.87,2.4,92.8,420,3,5,5
T4276L,O=c1[nH]ccc2c(S(=O)(=O)N3CCCNCC3)cccc12,3064778,C14H17N3O3S,307.37,0.2,86.9,526,2,5,2
T19768,CC(C)=CCCC(C)=CCCC(C)=CCCC1(C)CCc2cc(O)c(C)c(C)c2O1,53394606,C28H42O2,410.6,8.9,29.5,625,1,2,9
T5520L,CC(=O)N[C@H](Cc1ccc2ccccc2c1)C(=O)N[C@H](Cc1ccc(Cl)cc1)C(=O)N[C@H](Cc1cccnc1)C(=O)N[C@@H](CO)C(=O)N[C@@H](Cc1ccc(O)cc1)C(=O)N[C@H](CCCNC(N)=O)C(=O)N[C@@H](CC(C)C)C(=O)N[C@@H](CCCN=C(N)N)C(=O)N1CCC[C@H]1C(=O)N[C@H](C)C(N)=O.CC(=O)O.CC(=O)O,87949193,C74H100ClN17O18,1551.1,,573,2870,18,20,38
T20089,Nc1ncnc2c1ncn2[C@@H]1O[C@H](COP(=O)(O)OP(=O)(O)OP(=O)(O)O)[C@@H](O)[C@H]1O,5957,C10H16N5O13P3,507.18,-5.7,279,800,7,17,8
T20092,O=c1[nH]c2c(c(=O)n1C1CCCCC1)CCC2,16559,C13H18N2O2,234.29,1.7,49.4,394,1,2,1
T24055,Clc1ccc(N2CCN(Cc3cc4ccccn4n3)CC2)cc1,10336538,C18H19ClN4,326.8,3.2,23.8,377,0,3,3
T9047,C[C@]12C=CC(=O)C=C1[C@@H](F)C[C@@H]1[C@@H]2[C@@H](O)C[C@@]2(C)[C@H]1CC[C@]2(O)C(=O)CO,5876,C21H27FO5,378.4,1.4,94.8,760,3,6,2
TP1127L1,CC(=O)O.NC(=O)[C@H](Cc1c[nH]c2ccccc12)NC(=O)CNC(=O)[C@H](CCCN=C(N)N)NC(=O)[C@@H]1C[C@@H](O)CN1C(=O)[C@@H](N)Cc1ccc(F)cc1,156599001,C35H47FN10O8,754.8,,314,1260,10,11,16
TP1833L,CC(=O)O.CC(C)C[C@H](NC(=O)[C@H](CC(C)C)NC(=O)[C@@H](N)CO)C(=O)N[C@@H](CCCCN)C(N)=O,156598999,C23H46N6O7,518.6,,240,645,8,9,16
T9046,c1ccc2sc(SN3CCOCC3)nc2c1,7619,C11H12N2OS2,252.4,2.7,78.9,236,0,5,2
T9075,O=C(Nc1ccncc1)c1cn(Cc2ccc(Cl)c(Cl)c2)c(=O)c2cnn(C3CCNCC3)c12,137333984,C24H22Cl2N6O2,497.4,2.1,92.2,785,2,5,5
T9072,C=CC(=O)Nc1cc2c(Nc3ccc(OCc4ccccn4)c(Cl)c3)ncnc2cc1OCCN1CCOCC1,154824631,C29H29ClN6O4,561.0,3.9,111,804,2,9,11
T9040,COc1cc2ncnc(Nc3ccc(NC(=O)c4ccccc4)cc3)c2cc1OC,6610278,C23H20N4O3,400.4,4.2,85.4,549,2,6,6
T9081,COc1ccccc1N1CCN(CCCCNC(=O)c2cc3ccccc3s2)CC1,9888555,C24H29N3O2S,423.6,4.9,73.1,541,1,5,8
TC0022,c1ccc2c(c1)CN1CCCC1=N2,442894,C11H12N2,172.23,1,15.6,234,0,1,0
T9085,O=C(O)CNC1CCS(=O)(=O)C1,2735704,C6H11NO4S,193.22,-3.3,91.9,266,2,5,3
T9070,Fc1ccc(Nc2nc(NCc3ncccn3)nc(Nc3ccccc3)n2)cc1,46913817,C20H17FN8,388.4,4,101,463,3,9,7
T8212,COc1cc(-c2coc3cc4c(c(O)c3c2=O)OCO4)cc(O)c1OC,5316653,C18H14O8,358.3,2.8,104,578,2,8,3
TQ0001,CC(C)C12CCC(C)(CC1)O2,10106,C10H18O,154.25,2.5,9.2,164,0,1,1
TQ0002,O=C(O)c1cc(C(=O)O)c(C(=O)N(Cc2cccc(Oc3ccccc3)c2)[C@H]2CCCc3ccccc32)cc1C(=O)O,9829395,C33H27NO8,565.6,5.3,141,979,3,8,9
TQ0013,CC(C)(C)n1cc(CN(Cc2cn(CC(=O)O)nn2)Cc2cn(C(C)(C)C)nn2)nn1,56655929,C19H30N10O2,430.5,-2.6,133,573,1,9,10
TQ0017,CC[C@@H](C)NS(=O)(=O)c1ccc(F)c(C(=O)Nc2ccc(F)c(F)c2)c1,90259477,C17H17F3N2O3S,386.4,3.4,83.7,584,2,7,6
TQ0019,CC(C)(CO)[C@@H](O)C(=O)NCCC(=O)Cc1ccccc1,54754611,C16H23NO4,293.36,0.7,86.6,348,3,4,8
TQ0052,CN(CC(=O)N(Cc1ccc(C2CCCCC2)cc1)c1ccc(C(=O)NO)cc1)S(=O)(=O)c1c(F)c(F)c(F)c(F)c1F,72550504,C29H28F5N3O5S,625.6,5.5,115,1030,2,11,9
TN2309,CC1=C(C)C(=O)O[C@@H]([C@](C)(O)[C@H]2CC[C@H]3[C@@H]4[C@@H]5O[C@@H]5[C@@]5(O)CC=CC(=O)[C@]5(C)[C@H]4CC[C@]23C)C1,11294368,C28H38O6,470.6,3.3,96.4,1030,2,6,2
TN2368,C[C@H]1[C@H]2[C@H](O[C@@H]3O[C@H](CO)[C@@H](O)[C@H](O)[C@H]3O)OC=C(C(=O)O)[C@H]2C[C@@H]1O,158144,C16H24O10,376.36,-1.7,166,565,6,10,4
T12070,CCNC1=N[C@@H]2[C@@H](O)[C@H](O)[C@@H](C(F)F)O[C@@H]2S1,136416849,C9H14F2N2O3S,268.28,0.3,99.4,319,3,7,2
T12477,C[C@H]1CN(c2c(NC(=O)c3ccc(F)c(-c4c(F)cccc4F)n3)cnc3c2CC[C@H]3O)C[C@@H](N)[C@@H]1O.O=P(O)(O)O,126673672,C26H29F3N5O7P,611.5,,202,853,7,14,4
T10943,C[C@@H](O)C(=O)O,61503,C3H6O3,90.08,-0.7,57.5,59,2,3,1
T11032,NC(C(=O)O)c1cc(O)cc(O)c1,108001,C8H9NO4,183.16,-2.4,104,187,4,5,2
T13665,Cc1ncsc1-c1ccc([C@H](C)NC(=O)[C@@H]2C[C@@H](O)CN2C(=O)[C@@H](NC(=O)CCCCCC(=O)N2CCN(CC[C@H](CSc3ccccc3)Nc3ccc(S(=O)(=O)NC(=O)c4ccc(N5CCN(CC6=C(c7ccc(Cl)cc7)CCC(C)(C)C6)CC5)cc4)cc3S(=O)(=O)C(F)(F)F)CC2)C(C)(C)C)cc1,139331475,C77H96ClF3N10O10S4,1542.4,12.8,321,3130,5,20,29
T18125,COCCOCCOCCOCCOCCOCCOCCOCCOCCOCCOCCBr,126480401,C23H47BrO11,579.5,-0.6,102,370,0,11,32
T14226,NCCOCCOCCOCCOCCOCCOCCOCCOCCOCCOCCOCCN,77078167,C24H52N2O11,544.7,-3.3,154,368,2,13,34
T12624,O=C(c1ccccc1)c1ccc2n1CC[C@H]2C(=O)O,181818,C15H13NO3,255.27,1.9,59.3,376,1,3,3
T15185,CNC(=O)c1cccc2cc(Oc3ccnc4cc(OCC5(N)CC5)c(OC)cc34)ccc12,25031915,C26H25N3O4,443.5,3.6,95.7,686,2,6,7
T15249,Oc1ccc(-c2cc3ccc(O)cc3s2)cc1,445920,C14H10O2S,242.29,3.9,68.7,263,2,3,1
T10624,CCN(CC)S(=O)(=O)c1ccc(OC)c(N2CCN(C(=O)c3ccc(F)cc3C(F)(F)F)CC2)c1,46088379,C23H27F4N3O4S,517.5,3.8,78.5,811,0,10,7
T15578,COc1cc2c3c(n(CCCN4CCOCC4)c(=O)c2cc1OC)-c1cc2c(cc1C3=O)OCO2,11533060,C26H26N2O7,478.5,2.2,86.8,872,0,8,6
T18981,COc1ccc(-c2nc3cc(-c4nc5cc(N6CCN(C)CC6)ccc5[nH]4)ccc3[nH]2)cc1OC,10174012,C27H28N6O2,468.5,4.3,82.3,705,2,6,5
T13741,C[C@@H]1O[C@@H](c2c(O)c([C@@H]3O[C@H](CO)[C@@H](O)[C@H](O)[C@H]3O)c3oc(-c4ccc(O)cc4)cc(=O)c3c2O)[C@H](O)[C@H](O)[C@H]1O,101422758,C27H30O14,578.5,-1.8,247,970,10,14,4
T16344,O=c1onc2n1-c1cc(Br)ccc1OC2,4551,C9H5BrN2O3,269.05,2,51.1,333,0,4,0
T16849,CC[C@H](NC(=O)c1c(C)c(-c2ccccc2)nc2ccccc12)c1ccccc1,6604009,C26H24N2O,380.5,5.9,42,523,1,2,5
T3421,COc1cc(CNC(=O)CCCCCC(C)C)ccc1O,168836,C17H27NO3,293.4,3.9,58.6,294,2,3,9
TN3110,COc1cc(OCC=C(C)CCC=C(C)C)c2ccc(=O)oc2c1,166542,C20H24O4,328.4,5.2,44.8,514,0,4,7
TN3175,COc1ccc2oc(-c3ccccc3)cc(=O)c2c1,147157,C16H12O3,252.26,3.9,35.5,368,0,3,2
TC0025,CC(=O)O[C@H]1CC[C@H]2[C@@H]3CCC4=CC(=O)CC[C@]4(C)[C@H]3CC[C@]12C,92145,C21H30O3,330.5,3.9,43.4,606,0,3,2
T21300,Cl.Cl.NCCNCCNCCN,71433,C6H20Cl2N4,219.15,,76.1,49,6,4,7
T22724,CN(C)CCCSC(=N)N.Cl.Cl,90045,C6H17Cl2N3S,234.19,,78.4,103,4,3,5
T4562L,Cl.Cn1cc(C(=O)[C@@H]2CCc3nc[nH]c3C2)c2ccccc21,107999,C17H18ClN3O,315.8,,50.7,413,2,2,2
T7587,CN1Cc2c(Cl)cc(Cl)cc2[C@H](c2cccc(S(=O)(=O)NCCOCCOCCNC(=O)NCCCCNC(=O)NCCOCCOCCNS(=O)(=O)c3cccc([C@@H]4CN(C)Cc5c(Cl)cc(Cl)cc54)c3)c2)C1,71587953,C50H66Cl4N8O10S2,1145.0,5.1,235,1770,6,14,29
T19856,S=c1[nH]c2ccccc2s1,697993,C7H5NS2,167.3,2.4,69.4,158,1,2,0
T19991,c1ccc2c(c1)Cc1cccnc1N1CCNCC21,10467350,C16H17N3,251.33,2.8,28.2,319,1,3,0
T20293,OCCOc1ccccc1,31236,C8H10O2,138.16,1.2,29.5,77,1,2,3
T9021,O=C(Nc1nc(C(F)(F)F)co1)C1c2ccccc2Oc2ccccc21,10338547,C18H11F3N2O3,360.3,3.7,64.4,508,1,7,2
TP1457,CC(=O)NCC(=O)N[C@@H](C)C(=O)N[C@@H](CCC(N)=O)C(=O)N[C@@H](Cc1ccccc1)C(=O)N[C@@H](CO)C(=O)N[C@@H](CCCCN)C(=O)N[C@H](C(=O)N[C@@H](C)C(=O)N[C@@H](C)C(=O)N[C@@H](CCCCN)C(=O)O)[C@@H](C)O.CC(=O)O,138454739,C48H79N13O17,1110.2,,501,1950,17,19,35
T13177L,Cc1cccc(C)c1NC(=O)C(C)N,38945,C11H16N2O,192.26,0.8,55.1,195,2,2,2
T11847L,Clc1cccc(C(c2ccc3[nH]cnc3c2)n2ccnc2)c1,60652,C17H13ClN4,308.8,3.5,46.5,380,1,2,3
TP1605L1,CC(C)C[C@H](NC(=O)CNC(=O)[C@H](Cc1ccccc1)NC(=O)[C@H](CO)NC(=O)[C@H](Cc1ccc(O)cc1)NC(=O)[C@H](CC(C)C)NC(=O)[C@H](CCCNC(=N)N)NC(=O)[C@@H](N)CC(=O)O)C(N)=O.O=C(O)C(F)(F)F,156598996,C47H69F3N12O14,1083.1,,452,1830,15,19,30
TP1787L,CC(=O)O.C[C@H](NC(=O)[C@H](CCCNC(=N)N)NC(=O)[C@H](CO)NC(=O)[C@H](CCCNC(=N)N)NC(=O)[C@H](CCCCN)NC(=O)[C@@H](N)CCCNC(=N)N)C(=O)N[C@@H](CCC(=O)O)C(=O)O,156598988,C37H71N17O13,962.1,,552,1630,18,18,33
TP1865L,CC(=O)O.CC(C)[C@H](NC(=O)[C@H](CCC(N)=O)NC(=O)[C@H](CO)NC(=O)[C@@H](NC(=O)[C@H](CCC(=O)O)NC(=O)[C@@H](N)[C@@H](C)O)[C@@H](C)O)C(=O)N[C@@H](C)C(=O)N1CCC[C@H]1C(=O)N[C@@H](C)C(=O)O,156598995,C39H66N10O18,963.0,,466,1730,15,19,26
TP1930L1,CC(=O)O.CSCC[C@H](NC(=O)[C@H](C)NC(=O)[C@H](CCC(N)=O)NC(=O)[C@@H]1CCCN1C(=O)[C@@H](NC(=O)[C@H](Cc1c[nH]c2ccccc12)NC(=O)[C@@H](N)CC(N)=O)[C@@H](C)O)C(=O)N[C@@H](CC(C)C)C(=O)N[C@@H](Cc1ccc(O)cc1)C(=O)N[C@@H](CC(C)C)C(=O)N[C@@H](CCCCN)C(=O)NCC(=O)N[C@@H](C)C(=O)N[C@@H](CCC(=O)O)C(N)=O,156598989,C76H117N19O22S,1680.9,,707,3340,22,25,50
TP1931L1,CC(=O)O.CC(C)C[C@H](NC(=O)[C@H](CC(C)C)NC(=O)[C@@H](Cc1c[nH]c2ccccc12)NC(=O)[C@H](Cc1ccccc1)NC(=O)[C@@H](Cc1c[nH]c2ccccc12)NC(=O)[C@H](CCC(N)=O)NC(=O)[C@@H](Cc1ccccc1)NC(=O)[C@@H]1CCCN1C(=O)[C@H](CCCCN)NC(=O)[C@@H]1CCCN1C(=O)[C@H](N)CCCNC(=N)N)C(N)=O,156598993,C81H113N19O14,1576.9,,545,3140,17,17,42
T9083,CC(C)c1cccc(C(C)C)c1N1C(=O)c2ccc(N)cc2C1=O,1235479,C20H22N2O2,322.4,4.5,63.4,486,1,3,3
T9044,CC(C)(C)c1cc(C(=O)O)n(Cc2ccccc2)n1,2744515,C15H18N2O2,258.32,3.4,55.1,319,1,3,4
T7588,C=C[C@]1(C)C[C@@H](OC(=O)CS[C@@H]2CC[C@@H](N)C[C@H]2O)[C@]2(C)[C@H](C)CC[C@]3(CCC(=O)[C@H]32)[C@@H](C)[C@@H]1O,25185057,C28H45NO5S,507.7,4.3,135,851,3,7,6
T7753,O=C(O)COc1cccc2c1C(=O)N(C1CCC(=O)NC1=O)C2=O,25015436,C15H12N2O7,332.26,-0.1,130,617,2,7,4
T4472,NC(=O)c1cc(F)cc2c1C(=O)N(C1CCN(C3CCC(F)(F)CC3)CC1)C2,49843531,C20H24F3N3O2,395.4,2.5,66.6,614,1,6,3
T5503,COc1ccnc(N2CCC3(CCCN(Cc4c[nH]c5ccccc45)C3=O)CC2)n1,56970858,C23H27N5O2,405.5,2.8,74.4,608,1,5,4
T5511,COc1cc2nc(N3CCN(C(=O)OCc4ccccc4)[C@H](C(=O)NC(C)(C)C)C3)nc(N)c2cc1OC,6603904,C27H34N6O5,522.6,3.1,132,803,2,9,8
T9100,COc1ccccc1N1CCN(CCCCNC(=O)c2ccc3ccccc3c2)CC1,3038495,C26H31N3O2,417.5,4.8,44.8,549,1,4,8
T7758,NCCOCCOCCOCCNC(=O)COc1cccc2c1C(=O)N(C1CCC(=O)NC1=O)C2=O.O=C(O)C(F)(F)F,121439766,C25H31F3N4O11,620.5,,213,892,4,15,15
T9086,Cc1cn([C@H]2C[C@H](O)[C@@H](COP(=O)([O][Na])OP(=O)([O][Na])OP(=O)(O)[O][Na])O2)c(=O)[nH]c1=O,132781003,C10H14N2Na3O14P3,548.11,,247,873,3,14,8
T9094,O=C(Oc1ccc([N+](=O)[O-])c2cccnc12)c1ccc(Cl)cc1Cl,1514078,C16H8Cl2N2O4,363.1,4.7,85,487,0,5,3
T9103,OCCN1CCN(c2nc(-c3ccccc3)nc3ccccc23)CC1,12796039,C20H22N4O,334.4,3.1,52.5,407,1,5,4
T5512,CO[C@H]1CC[C@@H](C(=O)c2ccc3nc4c(cc3c2)CCCO4)CC1,11313361,C20H23NO3,325.4,3.7,48.4,446,0,4,3
T9057,O=C1O[C@@H]2[C@@H](O)[C@H](O)[C@@H](CO)O[C@H]2c2c1cc(O)c(O)c2O,90476206,C13H14O9,314.24,-1.3,157,443,6,9,1
T9093,COc1ccc(CN(C(=O)c2ccccn2)C(C(=O)NC2CCCCC2)c2ccc3cc(OCC(=O)OC(C)(C)C)ccc3c2)cc1,12000419,C38H43N3O6,637.8,7.1,107,1020,1,7,13
T9043,NC(=O)CN1CCN(c2ccc(Nc3ncc4ccn(Cc5cc(F)cc(F)c5)c4n3)cc2)CC1,44208030,C25H25F2N7O,477.5,3.2,92.3,691,2,8,7
TQ0024,O=C(O)CC(O)CC(=O)O,181976,C5H8O5,148.11,-1.4,94.8,125,3,5,4
TQ0095,CCCCCCCCCCCCCCCCOCCCOP(=O)(O)CO[C@H](CO)Cn1ccc(N)nc1=O,483477,C27H52N3O7P,561.7,4.9,144,721,3,7,26
TQ0147,CCCCCC[C@@H](CCC)C(=O)O,208925,C11H22O2,186.29,3.7,37.3,132,1,2,8
TQ0159,COc1ccc2c(c1)CC[C@@H]1[C@@H]2CC[C@]2(C)[C@@H](NCCCCCCN3C(=O)CCC3=O)CC[C@@H]12,114825,C29H42N2O3,466.7,3.6,58.6,725,1,4,9
TQ0176,COc1cc2c(cc1O)[C@@H]1Cc3ccc(OC)c(OC)c3CN1CC2,440229,C20H23NO4,341.4,2.9,51.2,461,1,5,3
TQ0187,CN(C)CCOc1cc(-c2cn[nH]c2)ccc1NC(=O)C1COc2ccccc2O1,25093235,C22H24N4O4,408.4,2.5,88.7,563,2,6,7
TQ0193,CN(C)c1nc2c(ncn2[C@@H]2O[C@H](CO)[C@@H](O)[C@H]2O)c(=O)[nH]1,135501639,C12H17N5O5,311.29,-1.3,132,487,4,7,3
TQ0227,O=C(O)C[C@H]1CCc2c1[nH]c1ccc(OCc3ccc(C4CCCC4)c(C(F)(F)F)c3)cc21,44623998,C26H26F3NO3,457.5,6.4,62.3,695,2,6,6
TQ0229,CS(=O)(=O)N1CCN(Cc2cn3cc(-c4cnc(N)nc4)nc(N4CCOCC4)c3n2)CC1,46927938,C20H27N9O3S,473.6,-0.7,143,746,1,11,5
TQ0233,C[C@@H]([C@@H](O)c1ccc(O)cc1)N1CCC(O)(c2ccccc2)CC1,219101,C20H25NO3,327.4,2.3,63.9,380,3,4,4
TQ0234,C=C1C(=O)O[C@H]2[C@H]1CC[C@]1(C)O[C@@]13CC[C@@](C)(O)[C@H]23,71490387,C15H20O4,264.32,1.2,59.1,500,1,4,0
TN1070,COc1cc(O)cc2c1cc([N+](=O)[O-])c1c(C(=O)O)cc3c(c12)OCO3,161218,C17H11NO8,357.3,3.2,131,580,2,8,2
TN1461,O=C1C[C@@H](c2ccc(O)c(O)c2)Oc2cc(O)ccc21,92775,C15H12O5,272.25,1.8,87,371,3,5,1
TN1558,CCCCCCCCCC(=O)NCc1ccc(O)c(OC)c1,169252,C18H29NO3,307.4,4.7,58.6,296,2,3,11
TN2167,CC1(C)O[C@H]2CC(=O)OC[C@@]23[C@@H]1C(=O)[C@H](O)[C@]1(C)[C@@H]3CC[C@@]2(C)[C@H](c3ccoc3)OC(=O)[C@H]3O[C@@]312,9848259,C26H30O9,486.5,1.3,125,1040,1,9,1
T11011,CCCN[C@@H]1CCc2nc(N)sc2C1.Cl.Cl,51052075,C10H19Cl2N3S,284.2,,79.2,188,4,4,3
T15159,CC(C)C[C@@H](C(=O)Nc1ccn(C[C@@H](O)CO)n1)N1CC(Oc2ccccc2Cl)=CC1=O,57920094,C22H27ClN4O5,462.9,1.6,117,691,3,6,10
T12943,CCN(C(=O)c1cc(F)ccc1Oc1cncnc1N1CC2(CCN(C[C@H]3CC[C@H](NS(=O)(=O)CC)CC3)CC2)C1)C(C)C,132212657,C32H47FN6O4S,630.8,4.3,116,1040,1,10,11
T10759,COc1c(Nc2ncc(Cl)c(N[C@H]3[C@@H](C(N)=O)[C@@H]4C=C[C@H]3C4)n2)ccc2c1CC[C@@H](N1CCOCC1)CC2.CS(=O)(=O)O,91885507,C29H39ClN6O6S,635.2,,177,951,4,11,7
T15564,O=C(Nc1cc(C(F)(F)F)ccc1C(F)(F)F)c1cc(Br)ccc1O,11464503,C15H8BrF6NO2,428.12,5.4,49.3,484,2,8,2
T15588,N=C(N)NCc1cccc(I)c1.N=C(N)NCc1cccc(I)c1.O=S(=O)(O)O,11957572,C16H22I2N6O4S,648.3,,212,247,6,6,4
T15594,COc1cc2c(C)c(CC(=O)N3CCOCC3)c(=O)oc2c(C=O)c1O,89542346,C18H19NO7,361.3,0.5,102,611,1,7,4
T15665,NC(=O)c1ccc(-c2cc(-c3ccc([N+](=O)[O-])cc3)nc(-c3ccco3)c2)cc1,85855478,C22H15N3O4,385.4,3.6,115,579,1,5,4
T15711,CC(=O)O.CC(C)C[C@H](NC(=O)[C@@H](NC(=O)CNC(=O)CN)C(C)C)C(=O)N[C@H](C(=O)N[C@@H](CCC(N)=O)C(=O)N1CCC[C@H]1C(=O)NCC(=O)O)C(C)C,44146842,C34H59N9O12,785.9,,339,1320,10,13,21
T15716,CC[C@@H](C(=O)[C@@H](C)[C@@H](O)[C@H](C)CCc1ccc(C)c(O)c1C(=O)[O][Na])[C@H]1O[C@](CC)([C@H]2CC[C@](O)(CC)[C@H](C)O2)C[C@@H]1C,6426773,C34H53NaO8,612.8,,136,917,3,8,13
T15802,CN(C)C(=O)n1nnnc1Cc1ccc(-c2ccccc2)cc1,11507802,C17H17N5O,307.35,3,63.9,388,0,4,3
T16226,CCCC(=O)CC(=O)NC1CCOC1=O,119133,C10H15NO4,213.23,0.9,72.5,275,1,4,5
T16276,CC1(C)CC(NC(=O)C(=O)Nc2ccc(Cl)cc2)CC(C)(C)N1,1570601,C17H24ClN3O2,337.8,2.8,70.2,441,3,3,2
T16331,O=C(NCc1ccccn1)Nc1nnc(-c2ccco2)o1,71618700,C13H11N5O3,285.26,0.3,106,357,2,6,4
T16366,O=C(Nc1cc(F)c(F)c(F)c1)c1ccc(F)c(S(=O)(=O)N2CCC(O)CC2)c1,89663273,C18H16F4N2O4S,432.4,2.2,95.1,672,2,9,4
T16685,O=c1c(O)cccc2cc(O)c(O)c(O)c12,135403797,C11H8O5,220.18,2.1,98,359,4,5,0
T16813,Nc1ccn([C@@H]2C(F)=C(CO)[C@@H](O)[C@H]2O)c(=O)n1,11242315,C10H12FN3O4,257.22,-2.6,119,474,4,5,2
T22358,CCCc1c(OCCCOc2cc(O)c(-c3ccc(F)cc3)cc2CC)cccc1Oc1ccccc1C(=O)O,177941,C33H33FO6,544.6,8.5,85.2,742,2,7,13
T22427,CC(=O)[c-]1c(=O)cc(C)oc1=O.[Na+],23721629,C8H7NaO4,190.13,,60.4,293,0,5,1
T22698,O=C(N[C@H](Cc1ccccc1)C(=O)O)c1sc2cc(F)ccc2c1Cl,53242268,C18H13ClFNO3S,377.8,4.9,94.6,503,2,5,5
T22749,Cc1nc(=O)c2c([nH]1)CCSC2,135522417,C8H10N2OS,182.25,-0.2,66.8,293,1,3,0
T20313,CC(C)N1C(=O)c2ccccc2C1=O,67535,C11H11NO2,189.21,2.1,37.4,248,0,2,1
T20684,CC(=O)Oc1cc2c(cc1Cl)C1(OC(=O)c3ccccc31)c1cc(Cl)c(OC(C)=O)cc1O2,104913,C24H14Cl2O7,485.3,4.9,88.1,775,0,7,4
T20714,Cc1c(OCC(F)(F)F)ccnc1C[S@](=O)c1nc2ccccc2[nH]1,9578006,C16H14F3N3O2S,369.4,2.8,87.1,480,1,8,5
T4626L,COc1cc(OC)cc(C(=O)NNC(=O)Nc2cccc3ccccc23)c1,3376937,C20H19N3O4,365.4,3.3,88.7,503,3,4,4
T24417,COc1cc(CCC(=O)CCCCc2ccccc2)ccc1O,133145,C20H24O3,312.4,3.6,46.5,336,1,3,9
T26324,Cn1c(=O)c2c(ncn2Cc2ccc(C(C)(C)C)cc2)n(C)c1=O,590142,C18H22N4O2,326.4,2.8,58.4,508,0,3,3
T9088,COc1cc2c(=O)n(CCN(C)C)c3c4cc5c(cc4ncc3c2cc1OC)OCO5,9888428,C23H23N3O5,421.4,2.7,73.4,663,0,7,5
T9084,Cl.Cl.O=C(O)CN1CCN(C(c2ccccc2)c2ccc(Cl)cc2)CC1,68928581,C19H23Cl3N2O2,417.8,,43.8,398,3,4,5
T9104,CCCCCCCc1cc(C(=O)OC)c(N)s1,72704992,C13H21NO2S,255.38,5,80.6,235,1,4,8
T9051,Cc1cnc(CNC(=O)c2c(=O)c3ccc(N4C[C@H]5CN(C)C[C@H]5C4)nc3n3c2sc2ccccc23)cn1,165429166,C28H27N7O2S,525.6,3.3,120,978,1,9,4
T5517,NC(=O)OC[C@H](O)c1ccccc1Cl,9942577,C9H10ClNO3,215.63,1,72.6,200,2,3,4
T9102,Cc1cc(-c2ccccc2)cc(C(=O)NNS(=O)(=O)c2cccc(O)c2)c1F,134581412,C20H17FN2O4S,400.4,3.8,104,633,3,6,5
T9089,Cc1n[nH]c(C)c1-c1cc(Cl)c(Nc2ccccc2C(=O)NO)c(Cl)c1,152940130,C18H16Cl2N4O2,391.2,4.8,90,486,4,4,4
T9096,Cl.Cl.N=C(NO)NCC[C@H](N)C(=O)O,91886147,C5H14Cl2N4O3,249.09,,134,182,7,5,5
T9108,CCCN1C(=O)c2ccc(Cl)cc2Nc2ncccc21,146676953,C15H14ClN3O,287.74,3.3,45.2,365,1,3,2
T9041,CC(C)(C)c1ccc(C(=O)Nc2ccc(C(=O)NO)cc2)cc1,11688197,C18H20N2O3,312.4,3.2,78.4,414,3,3,4
T9090,COc1cccc(OC)c1C(=O)N1CCC(c2nc(-c3ccc(C)cc3)no2)CC1,3526723,C23H25N3O4,407.5,3.8,77.7,549,0,6,5
TC0027,CC[C@H](CC[C@@H](C)[C@H]1CC[C@H]2[C@@H]3CC=C4C[C@@H](OC(C)=O)CC[C@]4(C)[C@H]3CC[C@]12C)C(C)C,5354503,C31H52O2,456.7,9.9,26.3,737,0,2,8
TP1869L,CC(=O)O.CSCC[C@H](NC(=O)[C@H](CCCNC(=N)N)NC(=O)[C@H](CCCCN)NC(=O)[C@H](CS)NC(=O)[C@H](Cc1c[nH]cn1)NC(=O)[C@@H]1CCCN1)C(=O)O,155977616,C33H58N12O9S2,831.0,,378,1240,13,15,25
TP2047L,CC(=O)O.CC[C@H](C)[C@H](N)C(O)=N[C@@H](CO)C(O)=N[C@@H](CC(C)C)C(O)=N[C@@H](CC(=O)O)C(O)=N[C@@H](CC(C)C)C(O)=N[C@H](C(O)=N[C@@H](Cc1ccccc1)C(O)=N[C@@H](Cc1cnc[nH]1)C(O)=N[C@@H](CC(C)C)C(O)=N[C@@H](CC(C)C)C(O)=N[C@@H](CCCNC(=N)N)C(O)=N[C@@H](CCC(=O)O)C(O)=N[C@H](C(O)=N[C@@H](CC(C)C)C(O)=N[C@@H](CCC(=O)O)C(O)=N[C@@H](CCSC)C(O)=N[C@@H](C)C(O)=N[C@@H](CCCNC(=N)N)C(O)=N[C@@H](C)C(O)=N[C@@H](CCC(=O)O)C(O)=N[C@@H](CCC(=N)O)C(O)=N[C@@H](CC(C)C)C(O)=N[C@@H](C)C(O)=N[C@@H](CCC(=N)O)C(O)=N[C@@H](CCC(=N)O)C(O)=N[C@@H](C)C(O)=N[C@@H](Cc1cnc[nH]1)C(O)=N[C@@H](CO)C(=O)O)C(C)C)[C@@H](C)O,156598968,C143H235N41O45S,3280.7,,1530,7950,51,81,112
TQ0014,O=S(=O)(Nc1nnc2cc(OCC34CC5CC(CC(C5)C3)C4)c(C3CC3)cn12)C1CC1,91666633,C23H30N4O3S,442.6,4.8,94,780,1,6,7
TQ0082,Cc1cc(C)cc([C@@H]2CCCN2Cc2ccc(Oc3ccc(C(N)=O)cc3F)cc2)c1,44129648,C26H27FN2O2,418.5,5,55.6,584,1,4,6
TQ0089,O=c1c(O[C@@H]2O[C@@H](CO)[C@H](O)[C@H]2O)c(-c2ccc(O)cc2)oc2cc(O)cc(O)c12,5318717,C20H18O10,418.3,1.3,166,672,6,10,4
TQ0091,NC(=O)c1ccc(Oc2ccc(CN3CCC[C@H]3c3cccnc3)cc2)c(Cl)c1,56851583,C23H22ClN3O2,407.9,3.7,68.5,540,1,4,6
TQ0105,CC(C)C(=O)c1cn(CC(=O)COc2ccc(Oc3ccccc3)cc2)c2ccc(C(=O)O)cc12,45102612,C28H25NO6,471.5,5.3,94.8,740,1,6,10
TQ0126,CCCOc1ccc(S(=O)(=O)N2CCN(CCO)CC2)cc1-c1nc2c(CCC)cn(CC)c2c(=O)[nH]1.Cl.Cl,135564928,C26H39Cl2N5O5S,604.6,,125,902,4,8,11
TQ0128,CC1(C)OC(c2ccco2)CN1C(=O)C(Cl)Cl,86187,C11H13Cl2NO3,278.13,2,42.7,309,0,3,2
TQ0137,CCn1c(=O)c2cc(C(N)=O)c(N)nc2n(C2CC2)c1=O,14998470,C13H15N5O3,289.29,0.1,123,492,2,5,3
TQ0231,COc1cc2c(cc1OC(C)C)[C@H](c1ccc(Cl)cc1)N(c1ccc(N(C)C[C@H]3CC[C@H](N4CCN(C)C(=O)C4)CC3)cc1)C(=O)C2,53240420,C38H47ClN4O4,659.3,6.5,65.6,1040,0,6,9
TQ0239,CCC[C@H](Oc1cc(C)c(-n2cc(C(F)(F)F)cn2)c(C)c1)c1ccc(C(=O)NCCC(=O)O)cc1,60151939,C26H28F3N3O4,503.5,5,93.5,718,2,8,10
TN1490,COc1cc(-c2cc(=O)c3c(O)cc(O)cc3o2)ccc1O,5280666,C16H12O6,300.26,1.7,96.2,462,3,6,2
TN2062,COC[C@@H](Cc1ccc(OC)c(OC)c1)[C@@H](COC)Cc1ccc(OC)c(OC)c1,358901,C24H34O6,418.5,4.2,55.4,407,0,6,13
TN2213,C[C@H]1CC[C@@H]2N(C1)C[C@H]1[C@@H]3C[C@H]4[C@@H](CC(=O)[C@H]5C[C@@H](O[C@@H]6O[C@H](CO)[C@@H](O)[C@H](O)[C@H]6O)CC[C@@]54C)[C@@H]3CC[C@H]1[C@]2(C)O,132538,C33H53NO8,591.8,2.3,140,1040,5,9,3
T12232,CN(C)CCCN1C(=O)c2cc([N+](=O)[O-])ccc2Oc2ccccc21,27857,C18H19N3O4,341.4,2.8,78.6,493,0,5,4
T12432,O=C(N[C@H]1CCCC[C@H]1C(=O)O)c1cnn2c(O)cc(-c3ccccc3)nc12,137300622,C20H20N4O4,380.4,2.3,111,779,3,6,4
T13655,Cl.NCC(O)c1ccc(O)c(O)c1,5923,C8H12ClNO3,205.64,,86.7,142,5,4,2
T17350,Cc1ncsc1-c1ccc(CNC(=O)[C@@H]2C[C@@H](O)CN2C(=O)[C@@H](NC(=O)C2(F)CC2)C(C)(C)C)c(OCCOc2ccc(CN3CCN(c4cc(-c5ccccc5O)nnc4N)CC3)cc2)c1,137628619,C49H58FN9O7S,936.1,5,237,1650,5,15,17
T14199,CC(C)[C@H](N)C(=O)NCCCS(=O)(=O)O,25008296,C8H18N2O4S,238.31,-3,118,294,3,5,6
T14685,Cc1nnn(C)c1-c1cnc2c3ccc(C(C)(C)O)cc3n([C@H](c3ccccc3)C3CCOCC3)c2c1,118196485,C30H33N5O2,495.6,4.1,78,769,1,5,5
T10831L,Cl.N=C(CCl)NCCC[C@H](NC(=O)c1ccccc1)C(N)=O,74889978,C14H20Cl2N4O2,347.2,,111,381,4,3,8
T19573,Fc1ccc(-c2ccc3c(c2)[nH]c2ccncc23)cn1,71059746,C16H10FN3,263.27,3.3,41.6,351,1,3,1
T11298,N[C@H]1CC[C@H](Nc2nc(Nc3ccc(CN4CCOCC4)cc3)c3ncn(C4CCCC4)c3n2)CC1,133081975,C27H38N8O,490.6,3.3,106,671,3,8,7
T10460,COc1ccc(NS(=O)(=O)c2c(F)c(F)c(F)c(F)c2F)cc1F,216324,C13H7F6NO3S,371.26,3,63.8,516,1,10,4
T10606,CC[C@]1(c2ccccc2)C2=CNNC2=NC2=C1C(=O)CC(C)(C)C2,136980453,C20H23N3O,321.4,4.2,57.8,561,2,3,2
T16021,CCn1c2ccccc2c2cc(-n3nncc3-c3ccccc3)ccc21,129896932,C22H18N4,338.4,4.7,35.6,477,0,2,3
T16108,COc1ccc(N2CCN(C(=O)c3cc4c(s3)-c3ccccc3S(=O)(=O)C4)CC2)cc1,16193817,C23H22N2O4S2,454.6,3.4,104,754,0,6,3
T16294,CCc1cc(Nc2nc(-c3ccc(-n4cnc(C)c4)c(F)c3)cs2)c(C)cc1C,46853593,C23H23FN4S,406.5,6.3,71,537,1,5,5
T16324,COC(=O)C[C@H]1[C@]2(C)C3=C(C)[C@H](c4ccoc4)C[C@H]3O[C@@H]2[C@@H]2OC(=O)[C@]3(C)C=CC(=O)[C@@]1(C)[C@@H]23,12313376,C27H30O7,466.5,2.2,92,1040,0,7,4
T19030,O=[N+]([O-])c1ccc(Cl)c2nonc12,25043,C6H2ClN3O3,199.55,1.6,84.7,222,0,5,0
T16378,Nc1nc(NCc2ccccc2)nc(-c2ccccc2CO)n1,56707820,C17H17N5O,307.35,2.2,97,350,3,6,5
T16402,O=C1c2cccnc2OC[C@@H]2CCCN12,13584912,C11H12N2O2,204.22,0.9,42.4,269,0,3,0
T16413,CN(C)CCNC(=O)COc1c2cccc1Cc1cccc(c1OCC(=O)NCCN(C)C)Cc1cccc(c1OCC(=O)NCCN(C)C)Cc1cccc(c1OCC(=O)NCCN(C)C)C2,11953346,C52H72N8O8,937.2,5.1,166,1250,4,12,24
T11861,CC[C@H](C)[C@H](N)C(=O)NCCN1CCOCC1.Cl.Cl,91654620,C12H27Cl2N3O2,316.26,,67.6,230,4,4,6
T17158,O=C(NC12CC3CC(CC(C3)C1)C2)N[C@H]1CC[C@H](Oc2ccc(C(=O)O)cc2)CC1,16038368,C24H32N2O4,412.5,4.6,87.7,608,3,4,5
T22456,CN[C@H]1CN(c2ccc3c(=O)c(C(=O)O)cn(-c4nccs4)c3n2)C[C@@H]1OC.Cl,10343042,C18H20ClN5O4S,437.9,,136,662,3,10,5
TN4660,COC[C@@H](Cc1ccc(OC)c(OC)c1)[C@@H](COC)Cc1cc(OC)c2c(c1)OCO2,11575632,C24H32O7,432.5,4.1,64.6,504,0,7,12
T21448,Cc1ccc(Oc2ccccc2-c2csc(NC3=NCCCN3)n2)c(C)c1,159326,C21H22N4OS,378.5,4.3,86.8,516,2,4,5
T22730,NC(CP(=O)(O)O)C(=O)O,3857,C3H8NO5P,169.07,-5.2,121,174,4,6,3
T22745,CC(C)[C@@H]1CC[C@@H](C)C[C@@H]1P(=O)(c1ccccc1)c1ccccc1,21678144,C22H29OP,340.4,6,17.1,409,0,1,4
T19663,CCCCCCC(=O)OCC(COC(=O)CCCCCC)OC(=O)CCCCCC,69286,C24H44O6,428.6,7.3,78.9,421,0,6,23
T7601L,CC(=O)O.CC[C@H](C)[C@@H]1NC(=O)[C@H](Cc2ccc(OC)cc2)NC(=O)CCCSC[C@@H](C(=O)N2CCC[C@H]2C(=O)N[C@@H](CC(C)C)C(=O)NCC(N)=O)NC(=O)[C@H](CC(N)=O)NC(=O)[C@H](CCC(N)=O)NC1=O,129319308,C47H73N11O14S,1048.2,,425,1880,11,15,18
T7173L,CC(=O)O.CC(C)C[C@H](NC(=O)[C@H](Cc1ccccc1)NC(=O)CNC(=O)CNC(=O)[C@@H](N)Cc1ccc(O)cc1)C(=O)O,90477426,C30H41N5O9,615.7,,237,885,8,10,15
TP1114L,CC(=O)O.C[C@H](NC(=O)CN)C(=O)N[C@@H](CO)C(=O)N[C@@H](Cc1ccccc1)C(=O)N[C@@H](Cc1ccc(O)cc1)C(=O)N[C@@H](CO)C(=O)N[C@@H](Cc1c[nH]c2ccccc12)C(=O)NCC(N)=O,156598986,C44H56N10O13,933.0,,387,1610,14,14,23
TP1417L,CC(=O)O.CC(C)C[C@H](NC(=O)[C@H](C)N)C(=O)N[C@@H](CC(N)=O)C(=O)N[C@@H](CCCNC(=N)N)C(=O)N[C@H](C(=O)N[C@@H](CO)C(=O)N[C@@H](CO)C(=O)N[C@@H](CC(=O)O)C(=O)N[C@@H](CO)C(=O)N[C@@H](C)C(=O)N[C@@H](CC(C)C)C(=O)N[C@@H](Cc1c[nH]cn1)C(=O)N[C@@H](CCCNC(=N)N)C(=O)N[C@@H](CCCNC(=N)N)C(=O)N[C@@H](CCCNC(=N)N)C(=O)O)[C@@H](C)O,156598984,C71H126N30O25,1799.9,,946,3630,36,31,63
TP2106L,CC(=O)O.CC(C)[C@H](NC(=O)[C@@H]1CSSC(C)(C)[C@@H](NC(=O)[C@@H](N)CC(=O)O)C(=O)N[C@@H](Cc2ccccc2)C(=O)N[C@H](Cc2c[nH]c3ccccc23)C(=O)N[C@@H](CCCN)C(=O)N[C@@H](Cc2ccc(O)cc2)C(=O)N1)C(=O)O,156598983,C53H70N10O14S2,1135.3,,454,2020,14,18,17
TP2111L,CC(=O)O.CC(C)[C@H](NC(=O)[C@H](CC(N)=O)NC(=O)[C@H](Cc1ccc(O)cc1)NC(=O)CNC(=O)[C@H](CCC(=O)O)NC(=O)[C@H](CCCCN)NC(=O)[C@H](Cc1ccc(O)cc1)NC(=O)[C@H](CCCNC(=N)N)NC(=O)[C@H](CCCNC(=N)N)NC(=O)[C@H](CCCNC(=N)N)NC(=O)[C@H](CCC(N)=O)NC(=O)[C@H](CCCNC(=N)N)NC(=O)[C@H](CCCNC(=N)N)NC(=O)[C@H](CCCCN)NC(=O)[C@H](CCCCN)NC(=O)[C@H](CCCNC(=N)N)NC(=O)CNC(=O)[C@@H](N)Cc1ccc(O)cc1)C(=O)N[C@@H](Cc1ccc(O)cc1)C(=O)NCC(=O)O,156598982,C117H189N43O31,2694.0,,1310,5750,50,41,98
T9042,Nc1ccc(C(=O)Nc2ccc(C(F)(F)F)cc2)cc1,13609518,C14H11F3N2O,280.24,2.8,55.1,330,2,5,2
T22062,O=C(Nc1ccc(Cl)cc1)C1CCCN(C(=O)c2cc(C(F)(F)F)cc(C(F)(F)F)c2)C1,46190808,C21H17ClF6N2O2,478.8,5.1,49.4,656,1,8,3
T9121,Cc1ccccc1-c1ccc(-c2cc(C(=O)O)c3c(c2)nnn3C)cc1,77461001,C21H17N3O2,343.4,4.3,68,505,1,4,3
TN6730,CC(=O)O[C@@H]1C[C@H]2C(C)(C)C(=O)C=C[C@]2(C)[C@H]2CC[C@@]3(C)[C@H](c4ccoc4)C(=O)[C@@H]4O[C@]43[C@@]21C,145875096,C28H34O6,466.6,4.2,86.1,1010,0,6,3
T9124,CCCCCCCC(=O)OC[C@@H](O)[C@@H](OC)[C@@H]1OC(C(=O)O)=C[C@H](NC(=N)N)[C@H]1NC(C)=O,9847629,C21H36N4O8,472.5,0.4,196,723,5,9,15
T9110,O=C(Nc1cnn(Cc2ccc(C(F)(F)F)cc2C(F)(F)F)c1)c1cc(-c2ccco2)on1,154730128,C20H12F6N4O3,470.3,4,86.1,694,1,11,5
T9122,CN1CCN(CCC(=O)Nc2ccc3c(=O)n(CC4(O)CCN(C(=O)[C@@H](CCCNC(=O)c5ccc6c(Cl)c7c(nc6c5)CCCC7)Cc5ccccc5)CC4)cnc3c2)CC1,153002269,C48H57ClN8O5,861.5,4.8,151,1560,3,9,14
TN6729,CC(=O)O[C@@H]1C[C@H]2C(C)(C)C(=O)C=C[C@]2(C)[C@H]2CC[C@]3(C)C(=CC(=O)[C@H]3c3ccoc3)[C@@]21C,12308714,C28H34O5,450.6,4.8,73.6,975,0,5,3
T21883,CC(=O)O[C@H]1C[C@@H]2C(C)(C)C(=O)C=C[C@]2(C)[C@@H]2CC[C@@]3(C)[C@@H](c4ccoc4)OC(=O)[C@H]4O[C@]43[C@@]12C,122173114,C28H34O7,482.6,4.2,95.3,1030,0,7,3
TP2333,O=C1N[C@@H](Cc2ccc(O)cc2)C(=O)N2CCC[C@@H]12,119404,C14H16N2O3,260.29,1,69.6,377,2,3,2
T9080,CC(C)C[C@H](NC(=O)[C@@H]1CSSC[C@@H]2NC(=O)[C@H](CC(C)C)NC(=O)[C@H](CCC(=O)O)NC(=O)[C@@H](NC(=O)[C@H](CCC(=O)O)NC(=O)[C@H](CC(=O)O)NC(=O)[C@@H](N)CC(N)=O)CSSC[C@H](NC(=O)[C@H](C)NC(=O)[C@H](C(C)C)NC(=O)[C@H](CC(N)=O)NC(=O)[C@H](C(C)C)NC2=O)C(=O)N[C@@H]([C@@H](C)O)C(=O)NCC(=O)N1)C(=O)O,70693500,C65H104N18O26S4,1681.9,-8.2,819,3490,23,31,28
T9133,CCN(CC)CCn1c(=O)c(Cc2ccc(OC)cc2)nc2ccccc21.Cl,3043582,C22H28ClN3O2,401.9,,45.1,510,1,4,8
T10533,Cn1cnc(Cn2ccc3ccc(CNCc4[nH]c5ccccc5c4[C@H]4NC(=O)c5ccc(O)cc54)cc32)c1,138756246,C31H28N6O2,516.6,2.9,99.9,874,4,4,7
T15605,O=C(CCCCCn1cc(Nc2ncc(Cl)c(Nc3ccc(Cl)cc3)n2)cn1)NO,138377596,C19H21Cl2N7O2,450.3,3.3,117,525,4,7,10
T22272,O=C1CCc2c(Oc3ccc4c(c3)C3C(O4)C3c3nc4ccc(C(F)(F)F)cc4[nH]3)ccnc2N1,71622942,C25H17F3N4O3,478.4,3.7,89.1,845,2,8,3
TQ0166,COc1cc2c(Nc3ccc(Cl)c(Cl)c3F)ncnc2cc1OCC1C[C@@H]2CN(C)C[C@@H]2C1,10458325,C24H25Cl2FN4O2,491.4,5.8,59.5,652,1,7,6
T14893,Cc1ccc(NC(=O)NCc2ccc3c(c2)CN(C2CCC(=O)NC2=O)C3=O)cc1Cl,24788636,C22H21ClN4O4,440.9,1.7,108,747,3,4,4
T15654,C[C@H]1CCN1c1nc(N2C[C@@H]3C(CC(=O)O)[C@@H]3C2)cc(C(F)(F)F)n1,129278694,C16H19F3N4O2,356.34,2.4,69.6,534,1,9,4
TN3575,CCCCCc1cc(O)c2c(c1)OC(C)(CCC=C(C)C)C=C2,30219,C21H30O2,314.5,6.9,29.5,422,1,2,7
TN2437,NCCc1c[nH]c2ccc(O)cc12,5202,C10H12N2O,176.21,0.2,62,174,3,2,2
T10616,O=C(Nc1cc(C(F)F)ns1)Nc1cc(F)ncc1CO,137701967,C11H9F3N4O2S,318.28,1.6,115,366,3,8,4
T14214,COc1ncc(Nc2ncc([C@@H](C)N3CCN(S(C)(=O)=O)CC3)cc2-c2nc(C)nc(N)n2)cc1F,56947516,C22H28FN9O3S,517.6,1.1,161,813,2,13,7
TN2755,C=C1C(=O)O[C@H]2C[C@@H](C)[C@@H]3CC[C@H](O)[C@@]3(C)C[C@H]12,10399864,C15H22O3,250.33,2.7,46.5,403,1,3,0
TN1258,CC(=O)O[C@@H]1CC[C@@]2(C)[C@@H](CC[C@]3(C)[C@@H]2CC=C2[C@@H]4[C@@H](C)[C@H](C)CC[C@]4(C)CC[C@]23C)[C@@]1(C)C(=O)O,11386458,C32H50O4,498.7,8.3,63.6,985,1,4,3
T16838,CC1(C)CC[C@]2(CO)C(=C3C=C[C@@H]4[C@@]5(C)CC[C@H](O)[C@@](C)(CO)[C@@H]5CC[C@@]4(C)[C@]3(C)C[C@@H]2O)C1,156598979,C30H48O4,472.7,5.8,80.9,921,4,4,2
TN1524,C=C[C@]1(C)C=C2CC[C@H]3[C@@](C)(CCC[C@@]3(C)C(=O)O)[C@@H]2CC1,10086296,C20H30O2,302.5,5.5,37.3,534,1,2,2
TMS0943,CC1(C)CCC2(C(=O)O)C(O)CC3(C)C(=CCC4C5(C)CC(O)C(O)C(CO)(CO)C5CCC43C)C2C1,318775,C30H48O7,520.7,4,138,986,6,7,3
TN1600,CC1(C)CC[C@]2(C(=O)O[C@@H]3O[C@H](CO)[C@@H](O)[C@H](O)[C@H]3O)[C@H](O)C[C@]3(C)C(=CC[C@@H]4[C@@]5(C)CC[C@H](O[C@@H]6O[C@H](CO)[C@@H](O)[C@H](O)[C@H]6O)C(C)(C)[C@@H]5CC[C@]43C)[C@@H]2C1,10079039,C42H68O14,797.0,3.5,236,1520,9,14,7
TN1836,C[C@@H]1O[C@@H](O[C@H]2[C@H](O[C@H]3CC[C@@]4(C)C(CC[C@]5(C)C4C=CC4=C6[C@]7(CC[C@](C)(OC7=O)[C@@]6(C)O)CC[C@]45C)C3(C)C)OC[C@H](O)[C@@H]2O[C@@H]2O[C@H](CO)[C@@H](O)[C@H](O)[C@H]2O)[C@H](O)[C@H](O)[C@H]1O,73214255,C47H72O17,909.1,0.8,264,1890,9,17,7
TQ0065,C[C@]12CC[C@H](O)C[C@H]1CC[C@@H]1[C@@H]2C(=O)[C@H](O)[C@]2(C)[C@@H](c3ccc(=O)oc3)CC[C@]12O,204810,C24H32O6,416.5,1.7,104,847,3,6,1
TN1198,C[C@]12CC[C@H]3[C@@H](CC[C@@H]4C[C@@H](O)CC[C@@]43CO)[C@@]1(O)CC[C@@H]2c1ccc(=O)oc1,101375811,C24H34O5,402.5,2,87,758,3,5,2
TN1345,COc1c2ccoc2c(O)c2oc(=O)ccc12,3083726,C12H8O5,232.19,1.9,68.9,353,1,5,1
TN2097,C[C@@H]1CC[C@]2(C(=O)O)CC[C@]3(C)C(=CC[C@@H]4[C@@]5(C)CC[C@H](O)C(C)(C)[C@@H]5CC[C@]43C)[C@@H]2[C@]1(C)O,382831,C30H48O4,472.7,5.9,77.8,923,3,4,1
TN1121,CCCCC=CCCCCCCCc1cc(=O)c2ccccc2n1C,599665,C23H33NO,339.5,7.3,20.3,451,0,2,11
TN2202,c1ccc2c(c1)[nH]c1c2cc[n+]2cc3c(cc12)CCCC3,165550,C19H17N2+,273.4,5.7,19.9,395,1,0,0
T25821,CCOC(=O)C1(CCOc2ccccc2)CCN(Cc2ccc(O)c(Cl)c2)CC1,23723882,C23H28ClNO4,417.9,4.6,59,503,1,5,9
TN1342,CC(=O)O[C@H]1C[C@H]2C(=O)O[C@H](c3ccoc3)C[C@@]2(C)[C@@H]2C[C@@H]3C[C@@H](C(=O)O3)[C@@H]12,139035029,C21H24O7,388.4,2.2,92,705,0,7,3
T13686,C=C1C(=O)O[C@H]2C[C@@H](C)[C@@H]3CCC(=O)[C@@]3(C)[C@@H](OC(C)=O)[C@H]12,185786,C17H22O5,306.4,1.7,69.7,565,0,5,2
TN1933,COC(=O)C1=CO[C@@H](C)[C@H]2CN3CC[C@]4(C(=O)Nc5ccccc54)[C@@H]3C[C@H]12,94160,C21H24N2O4,368.4,1.6,67.9,692,1,5,2
T25476,CC1(C)CC[C@]2(C(=O)O)CC[C@]3(C)C(=CC[C@@H]4[C@@]5(C)CC[C@H](O)[C@@](C)(C=O)[C@@H]5CC[C@]43C)[C@@H]2C1,92825,C30H46O4,470.7,6.7,74.6,936,2,4,2
T16861,O=C(O)C[C@@]1(O)C[C@@H](CCCCCCc2ccc(Cl)cc2Cl)OC1=O,10340264,C18H22Cl2O5,389.3,5.1,83.8,472,2,5,9
T14830,O=C(CCCN1CCC(O)(c2ccc(Br)cc2)CC1)c1ccc(F)cc1,2448,C21H23BrFNO2,420.3,3.3,40.5,451,1,4,6
T17267,CC(C)c1cc(CNc2nc(Nc3cc(C4CC4)[nH]n3)cc(N3CCN(C)CC3)n2)on1,59757974,C22H31N9O,437.5,3,111,598,3,9,8
T28972,Cl.O=C(Cn1c(=O)sc2ccc(Cl)cc21)N1CCN(CCO)CC1,443949,C15H19Cl2N3O3S,392.3,,89.4,459,2,5,4
T15799,Cc1nn(-c2ncccc2CO)cc1CN1CCC2(CC1)OCC(F)(F)c1cc(Cl)sc12,52914971,C22H23ClF2N4O2S,481.0,3.1,91.7,672,1,8,4
TN1529,CCN(CC)c1ccc2cc(-c3nc4ccccc4s3)c(=O)oc2c1,100334,C20H18N2O2S,350.4,4.9,70.7,534,0,5,4
T19106,Cl.NCCSSc1ccccn1,13985234,C7H11ClN2S2,222.8,,89.5,100,2,4,4
T25048,CC(=O)[C@@]12O[C@](C)(c3ccccc3)O[C@@H]1CC1C3CCC4=CC(=O)CC[C@]4(C)C3CC[C@@]12C,45006151,C29H36O4,448.6,4.6,52.6,901,0,4,2
T14921,COc1ccc(C(=O)c2cn(C(C)C)c3ncnc(N)c23)cc1NC(=O)Nc1ccc(Cl)cc1Cl,16048643,C24H22Cl2N6O3,513.4,4.1,124,761,3,6,6
T16347,O=C(Nc1cccc(C(F)(F)F)c1)Nc1ccc(Br)cc1-c1nn[nH]n1,9954236,C15H10BrF3N6O,427.18,3.3,95.6,496,3,7,3
T10590,O=C(O)Cc1ccc(Cc2cc(-c3cccc(Cl)c3)nc(C(F)(F)F)c2)cc1,90111638,C21H15ClF3NO2,405.8,5.4,50.2,522,1,6,5
T17217,C[C@@H]1C[C@H]2[C@@H]3CCC4=CC(=O)C=C[C@]4(C)C3=CC[C@]2(C)[C@@]1(O)C(=O)CO,3035000,C22H28O4,356.5,2.7,74.6,775,2,4,2
T10549,CC(=O)O.Cn1cc(C2=C(c3cn(CCCN)c4ccccc34)C(=O)NC2=O)c2ccccc21,9868770,C26H26N4O4,458.5,,119,766,3,5,5
T22514,O=C(O)C(=O)O.O=C(c1ccc(F)cc1)C1CCN(CCCCc2ccccc2)CC1,24745966,C24H28FNO5,429.5,,94.9,462,2,7,8
T15237,CC(=O)NC[C@H]1CN(c2ccc(N3CCN(C(=O)CO)CC3)c(F)c2)C(=O)O1,73214,C18H23FN4O5,394.4,-0.3,102,599,2,7,5
T14978,O=C(NCCCCN1CCOCC1)c1cc2ccccc2o1,2777,C17H22N2O3,302.37,2.5,54.7,358,1,4,6
T8333,O=C(O)C1=CC(=C(c2ccc(O)c(C(=O)O)c2)c2ccc(O)c(C(=O)O)c2)C=CC1=O,2259,C22H14O9,422.3,4.3,169,841,5,9,5
T22788,COC(=O)c1c(C)[nH]c(C)c1C(=O)c1ccccc1Cc1ccccc1,3423,C22H21NO3,347.4,4.6,59.2,500,1,3,6
T14961,c1ccc2c(c1)ccc1c3ccccc3ccc21,9171,C18H12,228.3,5.7,0,264,0,0,0
TN4871,Cc1cc(O)ccc1O,7253,C7H8O2,124.14,1,40.5,92,2,2,0
T3454,CCNC(=O)c1[nH]nc(-c2cc(Cl)c(O)cc2O)c1-c1ccc(OC)cc1,4369536,C19H18ClN3O4,387.8,3.4,107,503,4,5,5
T9087,O.[2H]C([2H])([2H])N(CC(=O)O)C(=N)N,16213871,C4H11N3O3,152.17,,91.4,134,4,4,3
T9141,Cc1cnc(NC2CCOCC2)nc1-n1cnc(C(=O)N[C@H](CN)c2cc(F)cc(Cl)c2)c1,124122366,C22H25ClFN7O2,473.9,2.3,120,644,3,8,7
T9135,CC(C)c1cc2c(c(O)c1O)[C@]13CCCC(C)(C)[C@@H]1[C@H](OC3=O)[C@@H]2O,98050105,C20H26O5,346.4,3.4,87,572,3,5,1
TN6737,C[C@@H]1CC[C@@]2(OC1)O[C@H]1C[C@H]3[C@@H]4CCC5=CC(=O)CC[C@]5(C)[C@H]4CC(=O)[C@]3(C)[C@H]1[C@@H]2C,10836200,C27H38O4,426.6,4,52.6,861,0,4,0
TN6734,C[C@@H]1O[C@@H](Oc2c(-c3ccc(O)c(O)c3)oc3cc(O)cc(O)c3c2=O)[C@H](O[C@@H]2O[C@H](CO)[C@@H](O)[C@H](O)[C@H]2O)[C@H](O)[C@H]1O,10167806,C27H30O16,610.5,-0.7,266,1020,10,16,6
TN6736,CC(C)CCC[C@@H](C)[C@H]1CC[C@@]2(C)C3=C(CC[C@]12C)[C@@]1(C)CC[C@H](O)C(C)(C)[C@@H]1CC3,440560,C30H52O,428.7,9.4,20.2,716,1,1,5
TN6735,C=C1C(=O)O[C@H]2C[C@@H](C)[C@@H]3C=CC(=O)[C@@]3(C)[C@@H](OC(C)=O)[C@H]12,3080597,C17H20O5,304.34,2,69.7,604,0,5,2
T2068,CN1CCN(C(=O)C2C3CCC(O3)C2C(=O)O)CC1,3578572,C13H20N2O4,268.31,-3,70.1,392,1,5,2
T9137,O=C(Nc1ccc(O)c(NS(=O)(=O)c2ccc(F)cc2)c1)c1ccc(-c2ccccc2)cc1,138005721,C25H19FN2O4S,462.5,4.7,104,736,3,6,6
T6568,CC1(C)Cc2c(-c3ccccc3)c(-c3ccc(Cl)cc3)c(CC(=O)O)n2C1,133021,C23H22ClNO2,379.9,5.2,42.2,536,1,2,4
T9138,O=Nc1c(-c2c(O)[nH]c3ccccc23)[nH]c2ccccc12,3707,C16H11N3O2,277.28,3.2,81.2,405,3,3,1
T15369L,CC(=O)O.N[C@H](CCC(=O)NCC(=O)O)C(=O)O,156598975,C9H16N2O7,264.23,,167,271,5,8,6
T9111,Nc1ncnc2c1nnn2[C@@H]1O[C@H](CO)[C@@H](O)[C@H]1O,96410,C9H12N6O4,268.23,-2.2,152,336,4,9,2
T22574L,CC(=O)O.CC[C@@H](C)[C@H](N)C(=O)N[C@@H](Cc1c[nH]cn1)C(=O)N1CCC[C@@H]1C(=O)O,156598974,C19H31N5O6,425.5,,179,560,5,8,8
TP1617L,CC(=O)O.C[C@H](NC(=O)[C@H](Cc1ccccc1)NC(=O)[C@H](CCC(N)=O)NC(=O)CNC(=O)[C@@H]1CCCN1C(=O)[C@H](Cc1ccccc1)NC(=O)[C@@H](N)Cc1ccc(O)cc1)C(=O)N[C@@H](Cc1ccccc1)C(=O)N[C@@H](CO)C(=O)O,156598973,C56H70N10O15,1123.2,,408,2030,13,16,28
TP1730L,CC(=O)O.CC(C)C[C@H](NC(=O)[C@H](CCCCN)NC(=O)[C@H](CCC(=O)O)NC(=O)[C@H](Cc1ccc(O)cc1)NC(=O)[C@@H](NC(=O)[C@H](Cc1ccc(O)cc1)NC(=O)[C@@H](NC(=O)[C@@H](N)CCCNC(=N)N)[C@@H](C)O)[C@@H](C)O)C(=O)O,156598972,C51H80N12O17,1133.3,,513,1960,18,20,34
TP2359,O=C(NC(Cc1c[nH]c2ncccc12)C(=O)O)OCC1c2ccccc2-c2ccccc21,46737447,C25H21N3O4,427.5,4,104,666,3,5,7
T9117,CC(C)S(=O)(=O)c1ccccc1Nc1nc(N[C@@H]2CCCN(CCCCCCCNC(=O)COc3cccc4c3C(=O)N(C3CCC(=O)NC3=O)C4=O)C2)ncc1Cl,155235839,C40H49ClN8O8S,837.4,5.4,217,1570,4,13,18
T4294,FC(F)(F)c1cc(NC(=S)Nc2ccc(Br)cc2-c2nn[nH]n2)cc(C(F)(F)F)c1,24825677,C16H9BrF6N6S,511.2,4.8,111,586,3,10,3
T9142,CN1CCc2cc(Nc3ncc(C4CC4)c(NCCCNC(=O)C4CCC4)n3)ccc2C1.Cl.Cl,124201611,C25H36Cl2N6O,507.5,,82.2,624,5,6,9
T9127,Cc1nn(-c2ccccc2)c2sc(C(=O)Nc3c(C)n(C)n(-c4ccccc4)c3=O)cc12,1142445,C24H21N5O2S,443.5,5.1,98.7,776,1,5,4
T3515,Cl.O=C(NCCN1CCOCC1)Nc1ccc(C(=O)C=Cc2cccc(N3CCOCC3)n2)cc1,137704999,C25H32ClN5O4,502.0,,96,670,3,7,8
TP1852L,CC(=O)O.CSCC[C@H](NC(=O)[C@@H]1CCCN1)C(=O)N[C@@H](CO)C(=O)N[C@@H](CCSC)C(=O)N[C@@H](CC(C)C)C(=O)N[C@@H](CCCNC(=N)N)C(=O)N[C@@H](CC(C)C)C(N)=O,156598971,C38H71N11O10S2,906.2,,402,1380,12,14,28
T9140,CCCCN1CCC(N(Cc2ccccc2)C(=O)Nc2ccc(Cl)c(Cl)c2)CC1.Cl,139035788,C23H30Cl3N3O,470.9,,35.6,493,2,2,7
TP2158L1,CC(=O)O.CC[C@H](C)[C@H](NC(=O)[C@H](Cc1ccc(O)cc1)NC(=O)[C@@H](NC(=O)[C@H](CCCNC(=N)N)NC(=O)CNC)C(C)C)C(=O)N[C@@H](Cc1c[nH]cn1)C(=O)N1CCC[C@H]1C(=O)N[C@H](C)C(=O)O,156598970,C45H71N13O12,986.1,,395,1720,13,15,26
T9107,Cc1occc1C(=O)Nc1nn(Cc2ccc(C(F)(F)F)cc2)c2ccccc12,91844684,C21H16F3N3O2,399.4,4.7,60.1,580,1,6,4
T8422,CCN(CC)C(=S)[S-].CCN(CC)C(=S)[S-].[Cu+2],26180,C10H20CuN2S4,360.1,,72.7,73,0,4,4
T9139,C=CCOC(Cn1ccnc1)c1ccc(Cl)cc1Cl.O=S(=O)(O)O,173636,C14H16Cl2N2O5S,395.3,,110,372,2,6,6
TMS2171,O=C1CC(c2ccc(O)cc2)Oc2cc(O)cc(O)c21,932,C15H12O5,272.25,2.4,87,363,3,5,1
TN6731,CNc1ccccc1C(=O)OC,6826,C9H11NO2,165.19,2.3,38.3,159,1,3,3
TQ0023,CC(=O)N(C)c1cc(-c2ccnc3c(C(=O)c4cccs4)cnn23)ccc1F,12004146,C20H15FN4O2S,394.4,2.8,95.8,609,0,6,4
TQ0041,Cc1c(C(=O)Nc2ccc(Oc3ccnc4cc(OCC(C)(C)O)ccc34)c(F)c2)c(=O)n(-c2ccccc2)n1C.Cc1ccc(S(=O)(=O)O)cc1,73442844,C38H37FN4O8S,728.8,,167,1190,3,11,9
TQ0042,C[C@H]1C[C@@H](n2c(Nc3ccc(OC(F)(F)F)cc3)nc3cc(CCC(=O)O)ccc32)CC(C)(C)C1,118310260,C26H30F3N3O3,489.5,7.2,76.4,726,2,8,7
TQ0081,Nc1cc(COc2c(Cl)cc(C[C@H](N)C(=O)O)cc2Cl)c2oc(-c3ccccc3)nc2c1,24853505,C23H19Cl2N3O4,472.3,2.1,125,626,3,7,7
TQ0086,Cc1cccc(NC(=O)c2ccc(C(F)(F)F)cc2C(=O)O)n1,72706115,C15H11F3N2O3,324.25,2.8,79.3,456,2,7,3
TQ0110,Cc1c[nH]c2nccc(Oc3c(F)cc(Nc4cc(Cl)nc(N)n4)cc3F)c12,11524200,C18H13ClF2N6O,402.8,4.2,102,524,3,8,4
TQ0113,COc1cc(Cc2cnc(N)nc2N)c2c(c1OC)OC(C1CC1)C=C2,213043,C19H22N4O3,354.4,2.5,106,515,2,7,5
TQ0117,CCC(=O)c1cc(-c2ccc(Cl)cc2)n(-c2ccc(S(N)(=O)=O)cc2)c1C,23642319,C20H19ClN2O3S,402.9,3.7,90.5,620,1,4,5
TQ0197,CC(=O)CC(c1ccc([N+](=O)[O-])cc1)c1c(O)c2ccccc2oc1=O,54676537,C19H15NO6,353.3,2.5,109,614,1,6,4
TQ0292,CCc1nc2c(C)nc(C)cc2n1-c1ccc(CCNC(=O)NS(=O)(=O)c2ccc(C)cc2)cc1,11677589,C26H29N5O3S,491.6,4.6,114,802,2,5,7
TQ0311,Cc1ccc2c(N3CCN(CCc4cccc(N5CCNC5=O)c4)CC3)cccc2n1,11292933,C25H29N5O,415.5,3.4,51.7,607,1,4,5
TN1022,C=CC1C(OC2OC(CO)C(O)C(O)C2O)OC=C(C(=O)O)C1CC(=O)O,14136853,C16H22O11,390.34,-1.9,183,603,6,11,7
TN1025,CC1(C)[C@H](OC(=O)c2ccccc2)CC[C@]2(C)C3=CC[C@@]4(C)[C@@H]5C[C@](C)(COC(=O)c6ccccc6)CC[C@]5(C)CC[C@]4(C)C3=CC[C@@H]12,10919365,C44H56O4,648.9,11.4,52.6,1330,0,4,7
TN1043,C[C@@H]1O[C@@H](OC[C@H]2O[C@@H](Oc3cc4c(O)cc(O)cc4[o+]c3-c3ccc(O)c(O)c3)[C@H](O)[C@@H](O)[C@@H]2O)[C@H](O)[C@H](O)[C@H]1O.[Cl-],29231,C27H31ClO15,631.0,,240,882,10,15,6
TN1073,COC(=O)C1=COC(O[C@@H]2O[C@H](CO)[C@@H](O)[C@H](O)[C@H]2O)C(O)(CC(=O)O)C1CC(=O)O,131637446,C17H24O14,452.4,-3.2,230,722,7,14,9
TN1110,CC1(O)C[C@@H](O)[C@@H]2C(C(=O)O)=CO[C@@H](O[C@@H]3O[C@H](CO)[C@@H](O)[C@H](O)[C@H]3O)[C@@H]21,163333215,C16H24O11,392.35,-2.9,186,609,7,11,4
TN1130,CC1=CC(=O)[C@@H](O)[C@]2(C)[C@H]3[C@@H](O)[C@H](O)[C@@]4(CO)OC[C@@]35[C@@H](C[C@@H]12)OC(=O)[C@H](O)[C@]54O,10320238,C20H26O10,426.4,-2.9,174,872,6,10,1
TN1222,CC(=O)O[C@@H]1C[C@@]23C[C@@]24CC[C@H](O[C@@H]2OC[C@@H](O)[C@H](O)[C@H]2O)C(C)(C)[C@@H]4CC[C@H]3[C@]2(C)C[C@@H]3O[C@]4(C[C@@H](C)[C@@H]3[C@@]12C)OC[C@@]1(C)O[C@@H]41,10974362,C37H56O10,660.8,3.9,136,1360,3,10,4
TN1291,COc1cc(O)c2c(=O)cc(-c3ccc(OC)c(OC)c3)oc2c1,5272653,C18H16O6,328.3,2.4,74.2,490,1,6,4
TN1341,CC(C)=CCc1c(O)c(CC=C(C)C)c2oc3c(O)cccc3c(=O)c2c1O,392450,C23H24O5,380.4,6.3,87,631,3,5,4
TN1343,CC(C)=CCCC(C)=CCOc1c2occc2cc2ccc(=O)oc12,155658,C21H22O4,338.4,5.3,48.7,570,0,4,6
TN1369,CC(C)=CCc1c2ccoc2c(O)c2oc(=O)ccc12,69502,C16H14O4,270.28,3.9,59.7,449,1,4,2
TN1384,CC(C)(O)[C@@H]1Cc2c(cc3oc(CO)cc(=O)c3c2O)O1,46240156,C15H16O6,292.28,0.9,96.2,471,3,6,2
TN1427,COC(=O)[C@H]1O[C@@H](Oc2cc3oc(-c4ccccc4)cc(=O)c3c(O)c2O)[C@H](O)[C@@H](O)[C@@H]1O,15223582,C22H20O11,460.4,1.4,172,763,5,11,5
TN1429,COc1cc(O)c(C(C)=O)c(OC)c1C,11287272,C11H14O4,210.23,2.1,55.8,229,1,4,3
TN1432,CC(C)=C[C@@H]1CO[C@]23C[C@]4(CO2)[C@H](CC[C@@H]2[C@@]5(C)CC[C@H](O[C@@H]6OC[C@H](O)[C@H](O[C@@H]7O[C@H](CO)[C@@H](O)[C@H](O)[C@H]7O)[C@H]6O[C@@H]6O[C@@H](CO)[C@H](O)[C@H]6O)C(C)(C)[C@@H]5CC[C@]24C)[C@H]3[C@@]1(C)O,21599443,C46H74O17,899.1,2,256,1710,9,17,9
TN1576,C=CCSSCC=C,16590,C6H10S2,146.3,2.2,50.6,58,0,2,5
TN1652,COc1cc2oc3cc(OC)c(OC)c(CC=C(C)C)c3c(=O)c2c(O)c1CC=C(C)C,231412,C26H30O6,438.5,6.9,74.2,707,1,6,7
TN1675,COc1ccc(-c2cc(=O)c3c(O)c(OC)c(OC)c(OC)c3o2)cc1,96539,C19H18O7,358.3,3.3,83.5,526,1,7,5
TN1754,COCC12CCC(OC)C34C5CC6(O)C(O)C5C(O)(C(O)C6OC)C(C(OC)C13)C4N(C)C2,76189740,C24H39NO8,469.6,-1.9,121,830,4,9,5
TN1757,COC[C@H]1Cc2cc(OC)c3c(c2[C@@H](c2ccc(OC)c(OC)c2)[C@@H]1COC)OCO3,71749431,C24H30O7,430.5,3.6,64.6,560,0,7,8
TN1786,COc1ccc2ccc(=O)oc2c1CC(=O)C(C)C,473252,C15H16O4,260.28,2.5,52.6,386,0,4,4
TN1800,COc1ccc([C@@H]2CC(=O)c3c(O)cc(O[C@@H]4O[C@H](CO)[C@@H](O)[C@H](O)[C@H]4O)cc3O2)cc1,102004611,C22H24O10,448.4,0.9,155,638,5,10,5
TN1819,C[C@@H]1O[C@@H](O[C@H]2[C@H](Oc3c(-c4ccc(O)cc4)oc4cc(O)cc(O)c4c3=O)O[C@H](CO)[C@@H](O)[C@@H]2O)[C@H](O)[C@H](O)[C@H]1O,5318761,C27H30O15,594.5,-0.4,245,985,9,15,6
TN1828,C[C@@]12C=Cc3occc3[C@H]1CC[C@@]13C[C@@H](CC[C@H]12)[C@@](O)(CO)C3,114778,C20H26O3,314.4,3.4,53.6,545,2,3,1
TN1922,COc1ccc2ccc(=O)oc2c1C[C@@H](O)C(C)(C)O,821433,C15H18O5,278.30,1.5,76,390,2,5,4
TN1987,COc1c(C(C)C)cc(O)c2c1CC[C@H]1C3=C(CC[C@]21C)C(=O)OC3,133766,C21H26O4,342.4,4,55.8,595,1,4,2
TN2080,COc1cc([C@H]2OC[C@H]3[C@@H]2CO[C@@H]3c2ccc(O)c(OC)c2)ccc1O,73399,C20H22O6,358.4,2.3,77.4,431,2,6,4
TN2121,COc1cc(OC)c2c(=O)c(OC)c(-c3ccc(OC)c(OC)c3)oc2c1,97332,C20H20O7,372.4,3.2,72.5,561,0,7,6
TN2182,COC(=O)C1=CO[C@@H]2O[C@@H]3C[C@H]1[C@H]2[C@H](C)O3,131636889,C11H14O5,226.23,0.8,54,350,0,5,2
TN2241,COc1ccc(C[C@@H]2C(=O)OC[C@H]2Cc2ccc(O[C@@H]3O[C@H](CO)[C@@H](O)[C@H](O)[C@H]3O)c(OC)c2)cc1OC,11330069,C27H34O11,534.6,1.8,153,753,4,11,10
TN2275,COc1cc(O[C@@H]2O[C@H](CO)[C@@H](O)[C@H](O)[C@H]2O)cc2cc(C)c(C(C)=O)c(O)c12,157631,C20H24O9,408.4,1.2,146,572,5,9,5
TN2316,CC1(C)C=Cc2cc3ccc(=O)oc3cc2O1,65188,C14H12O3,228.24,2.8,35.5,394,0,3,0
TN2376,OC[C@H]1O[C@@](CO)(OC[C@@]2(OC[C@@]3(OC[C@@]4(OC[C@@]5(OC[C@@]6(OC[C@@]7(O[C@H]8O[C@H](CO)[C@@H](O)[C@H](O)[C@H]8O)O[C@H](CO)[C@@H](O)[C@@H]7O)O[C@H](CO)[C@@H](O)[C@@H]6O)O[C@H](CO)[C@@H](O)[C@@H]5O)O[C@H](CO)[C@@H](O)[C@@H]4O)O[C@H](CO)[C@@H](O)[C@@H]3O)O[C@H](CO)[C@@H](O)[C@@H]2O)[C@@H](O)[C@@H]1O,135394093,C48H82O41,1315.1,-14.8,664,2260,26,41,29
T12079,CC(C)C[C@H](NC(=O)C(C)(C)NC(=O)c1ccccc1C(F)(F)F)B(O)O,57655545,C17H24BF3N2O4,388.2,,98.7,527,4,7,7
T19431,COc1cc([C@@H]2Oc3cc4oc(=O)ccc4cc3O[C@H]2CO)cc(OC)c1O,91895364,C20H18O8,386.4,2.1,104,581,2,8,4
T19433,CC1C(=O)OC2CC[N+]3([O-])CC=C(COC(=O)C(C)(O)C1(C)O)C23,197173,C16H23NO7,341.36,-1.3,111,620,2,7,0
T12139,CCCCCCCCCCCCCCCC(=O)NCc1cccc(OC)c1,71765531,C24H41NO2,375.6,8.3,38.3,345,1,2,17
T13822,CC(C)(O)CC[C@@H](O)[C@](C)(O)[C@H]1CC=C2C3=C(CC[C@@]21C)[C@@]1(C)C[C@H](O)[C@H](O)C[C@H]1C(=O)C3,441831,C27H42O6,462.6,0.9,118,889,5,6,5
T10117,CC(=O)O[C@H]1Cc2c(cc3oc(C)cc(=O)c3c2O)OC1(C)C,5315865,C17H18O6,318.32,2.7,82.1,551,1,6,2
T13516,CN1c2c([nH]c(N)nc2=O)NCC1CNc1ccc(C(=O)N[C@@H](CCC(=O)O)C(=O)O)cc1,135415868,C20H25N7O6,459.5,-0.5,198,865,7,10,9
T13640,C=C(CC[C@@H](C(=O)O)[C@H]1CC[C@@]2(C)C3=CC[C@H]4C(C)(C)[C@@H](OC(C)=O)CC[C@]4(C)C3=CC[C@]12C)C(C)C,15250827,C33H50O4,510.7,8.3,63.6,1030,1,4,8
T11047,COc1ccc(-c2cc(=O)c3c(O)cc(OC4OC(C(=O)O)C(O)C(O)C4O)cc3o2)cc1O,74977725,C22H20O12,476.4,1.1,192,801,6,12,5
T14008,Cc1c(C)c2c(c(C)c1O)CCC(C)(C)O2,99479,C14H20O2,220.31,3.6,29.5,261,1,2,0
T14148,CC(C)Oc1ccc2c(=O)c3cc(C(=O)O)ccc3oc2c1,119461,C17H14O5,298.29,3.9,72.8,446,1,5,3
T14353,Cc1ccc(C(=O)CC(C(=O)O)c2c[nH]c3ccccc23)c(C)c1,13077496,C20H19NO3,321.4,3.6,70.2,478,2,3,5
T14358,C=Cc1cc(C(=O)Nc2ccc(C(=N)N)cc2)c(-c2ccc(C(=O)NCC3CC3)nc2C(=O)O)cc1OC,86566678,C28H27N5O5,513.5,3.2,167,900,5,7,10
T10336,CC(C)c1nc2nc(N)nc(N)c2nc1C(C)C.O=P(O)(O)O,264001,C12H21N6O4P,344.31,,181,332,5,10,2
T14852,O=C1c2ccccc2C(=O)c2oc(-c3ccc(F)cc3)nc21,2307331,C17H8FNO3,293.25,3.7,60.2,475,0,5,1
T14894,C=CC(=O)Nc1cc(C)ccc1Nc1nc(Nc2cc(OC)ncc2C)ncc1C(F)(F)F,90331177,C22H21F3N6O2,458.4,4.6,101,667,3,10,7
T14913,COCCOC1CCC(Nc2cc(=O)n(C)c3ccc(-c4cncs4)cc23)CC1,118736856,C22H27N3O3S,413.5,3,91.9,594,1,6,7
T13018,Nc1nnc(Sc2ncc([N+](=O)[O-])s2)s1,11837140,C5H3N5O2S3,261.3,1.9,192,251,1,9,2
T11175,C[C@H]1OC[C@]2(c3cc(NC(=O)c4cnc(C(F)F)cn4)ccc3F)N=C(N)SC[C@H]12,57827330,C19H18F3N5O2S,437.4,1.4,128,687,2,9,4
T13681,COc1ccc2c3c1O[C@H]1C[C@H](O)C=C[C@@]31CCN(C)C2,676392,C17H21NO3,287.35,1.8,41.9,440,1,4,1
T11351,COc1ccc2c3c1O[C@H]1C[C@@H](O)C=C[C@@]31CC[N@@+](C)([O-])C2,71587486,C17H21NO4,303.35,1.3,56.8,483,1,4,1
T11505,CN(C)S(=O)(=O)c1cc(NC(=O)CCl)ccc1Cl,3860347,C10H12Cl2N2O3S,311.18,1.8,74.9,394,1,4,4
T13164,CN1CCCC(=C(c2cccs2)c2cccs2)C1.Cl,138991192,C15H18ClNS2,311.9,,59.7,308,1,3,2
T13275,Cl.c1cc2c3c(c1)[C@H]1CCC[C@H]1CN3CCNC2,11521821,C15H21ClN2,264.79,,15.3,291,2,2,0
T10758L,Cl.c1ccc2cc([C@]34CNC[C@H]3C4)ccc2c1,68943792,C15H16ClN,245.74,,12,287,2,1,1
T10826,Cc1[nH]c2ccccc2c1CCNC(=O)c1ccccc1F,589075,C18H17FN2O,296.3,3.8,44.9,389,2,2,4
T13356,Cc1nc(N2CCN(Cc3ccc(F)cc3)C2=O)sc1C(=O)NCc1cccnc1,25095149,C21H20FN5O2S,425.5,2.5,107,618,1,6,6
T11689,CN1C(=O)c2c(nn(Cc3ccc(-c4cccc(F)n4)cc3)c2Nc2ccccc2)N2C1=N[C@@H]1CCC[C@@H]12.O=P(O)(O)O,72704434,C29H29FN7O5P,605.6,,156,953,4,10,5
T15794,Cc1ccc2c(Nc3cccc(OC(F)(F)F)c3)nccc2c1Nc1ncccc1-c1ncnc2nc[nH]c12,138319775,C27H19F3N8O,528.5,6.2,114,807,3,11,6
T15795,CC(=O)NCCc1c(Cc2ccccc2)[nH]c2ccccc12,122162,C19H20N2O,292.4,3.6,44.9,364,2,1,5
T15942,Cc1ccc(Cc2cc3c(=O)n([C@H]4CCCC[C@@H]4O)cnc3c3ccccc23)cn1,46207733,C25H25N3O2,399.5,4,65.8,652,1,4,3
T16383,NC(=O)[C@](O)(CNc1nc(-c2cc(-c3ccon3)n(Cc3ccccc3F)n2)ncc1F)C(F)(F)F,90445883,C21H16F5N7O3,509.4,2.3,145,768,3,13,8
T16412,O[C@@](Cn1cnnn1)(c1ccc(F)cc1F)C(F)(F)c1ccc(-c2ccc(OCC(F)(F)F)cc2)cn1,77050711,C23H16F7N5O2,527.4,4.2,86,743,1,13,8
T16506,CCc1nc2c(N)nc3ccccc3c2n1CCCCNS(C)(=O)=O,10309114,C17H23N5O2S,361.5,1.9,111,538,2,6,7
T16518,Cn1nc(CC(=O)Nc2ccc(CN3CCN(C(=O)OC(C)(C)C)CC3)cc2)c2ccccc2c1=O,71451956,C27H33N5O4,491.6,2.7,94.6,838,1,6,7
T16703,CN1CCCC1CCN=C(O)c1cn2c3c(c(N4CCC(c5cnccn5)C4)c(F)cc3c1=O)Oc1cc3ccccc3cc1-2,11527282,C35H33FN6O3,604.7,5.1,90.9,1150,1,9,6
T11811,COc1cc2c(cc1O)-c1c(OC)c(O)cc3c1C(C2)NCC3,12305603,C18H19NO4,313.3,2.3,71,433,3,5,2
T12877L,Cc1cc(C)nc(N2CC3CN(C(=O)c4c(F)cccc4-n4nccn4)CC3C2)n1,67116280,C21H22FN7O,407.4,2.8,80,608,0,7,3
T17033,COc1cccc(C(=O)Nc2ccc(OCCN3CCOCC3)c(-c3ccnn3C)c2)c1,11604525,C24H28N4O4,436.5,2.3,77.9,588,1,6,8
T22362,COC(=O)c1c(Cl)cccc1Cl,599542,C8H6Cl2O2,205.03,2.8,26.3,162,0,2,2
T22396,C=CC(=O)Nc1cc2c(Nc3ccc(F)c(Cl)c3)ncnc2cc1OC,74766099,C18H14ClFN4O2,372.8,3.9,76.1,512,2,6,5
T3S1692,COc1cc(CCC(O)CC(O)CCc2ccc(O)c(OC)c2)ccc1O,11068834,C21H28O6,376.4,3.2,99.4,370,4,6,10
T5722,COc1ccc(-c2cc(=O)c3c(O)c(OC)c(O)c(OC)c3o2)cc1,160921,C18H16O7,344.3,2.9,94.5,512,2,7,4
T7190,CC(=O)O[C@@H]1C[C@@]23C[C@@]24CC[C@H](O[C@@H]2OC[C@@H](O)[C@H](O)[C@H]2O)C(C)(C)[C@@H]4CC[C@H]3[C@]2(C)C[C@@H]3O[C@]4(C[C@@H](C)[C@@H]3[C@@]12C)O[C@H](O)[C@@]1(C)O[C@@H]41,10032468,C37H56O11,676.8,3.3,157,1390,4,11,4
TN2496,O=C1C=CC(=O)c2cc3ccccc3cc21,69457,C14H8O2,208.21,3,34.1,322,0,2,0
TN3695,CCCC1CCCCN1.Cl,11156,C8H18ClN,163.69,,12,71,2,1,2
TN3861,Oc1cc(O)cc(CCc2ccccc2)c1,442700,C14H14O2,214.26,3.4,40.5,189,2,2,3
TN4818,Cc1c(O)cc2c(c1O)C(=O)CC(c1ccc(O)cc1)O2,301798,C16H14O5,286.28,2.8,87,390,3,5,1
T20741,CC(C=O)Cc1ccc(C(C)(C)C)cc1,228987,C14H20O,204.31,3.9,17.1,194,0,1,4
T21469,NS(=O)(=O)c1cc2c(cc1Cl)NC(CC1CCCC1)NS2(=O)=O,2904,C13H18ClN3O4S2,379.9,1.3,135,637,3,7,3
T22891,CS(=O)(=O)N(Cc1ccco1)CC(O)Cn1c2ccccc2c2ccccc21,2888648,C21H22N2O4S,398.5,2.5,84.1,600,1,5,7
T23394,Cl.NC1CCN(c2cccc(Cl)n2)CC1,131746,C10H15Cl2N3,248.15,,42.2,180,2,3,1
T19823,CCc1ccc(C(=O)NN(C(=O)c2cc(C)cc(C)c2)C(C)(C)C)cc1,91773,C22H28N2O2,352.5,3.9,49.4,479,1,2,4
T20003,O=c1c2ccccc2[nH]c2ccccc12,2015,C13H9NO,195.22,3,29.1,239,1,2,0
T20055,Nc1ncnc2c1ncn2[C@@H]1OC(CO)[C@@H](OP(=O)(O)O)[C@H]1O,171666463,C10H14N5O7P,347.22,-2.7,186,481,5,11,4
T20128,CCSCC[C@H](N)C(=O)O,25674,C6H13NO2S,163.24,-1.5,88.6,108,2,4,5
TN5888,COc1cc2oc(=O)ccc2c(OC)c1CC=C(C)C,5321960,C16H18O4,274.31,3.8,44.8,409,0,4,4
TN6162,C[C@@H]1O[C@@H](O[C@@H]2C(=O)c3c(O)cc(O)cc3O[C@@H]2c2ccc(O)cc2)[C@H](O)[C@H](O)[C@H]1O,101937309,C21H22O10,434.4,0.7,166,638,6,10,3
TN6700,CCCCCC1CCC(=O)O1,7710,C9H16O2,156.22,2.2,26.3,132,0,2,4
T25956,Cc1ccnc(NC(=O)C(C)c2cccc(C(=O)c3ccccc3)c2)c1,68801,C22H20N2O2,344.4,4.2,59.1,487,1,3,5
TP1527,CC[C@H](C)[C@H](NC(=O)[C@H](C)NC(=O)[C@H](Cc1c[nH]c2ccccc12)NC(=O)[C@H](Cc1ccc(O)cc1)NC(=O)[C@H](CCCNC(=N)N)NC(=O)[C@@H](N)CO)C(=O)N[C@@H](CCCNC(=N)N)C(=O)N[C@H](C(=O)N[C@@H](CCCNC(=N)N)C(=O)O)[C@@H](C)O,6082079,C54H85N19O13,1208.4,-6,566,2330,20,17,37
TP1918L1,CC(=O)O.N=C(N)NCCC[C@H](NC(=O)[C@@H](N)CCCCN)C(=O)N1CCC[C@H]1C(=O)N1CCC[C@H]1C(=O)NCC(=O)N[C@@H](Cc1ccccc1)C(=O)N[C@@H](CO)C(=O)N1CCC[C@H]1C(=O)N[C@@H](Cc1ccccc1)C(=O)O,156598962,C52H77N13O13,1092.2,,418,1990,12,16,27
TP1844L,CC(=O)O.CSCC[C@H](NC(=O)[C@H](CCCNC(=N)N)NC(=O)[C@@H]1CCCN1C(=O)[C@H](Cc1ccccc1)NC(=O)[C@H](C)NC(=O)[C@H](CC(C)C)NC(=O)[C@H](Cc1ccc(O)cc1)NC(=O)[C@H](CC(N)=O)NC(=O)[C@@H](N)CCSC)C(N)=O,156598961,C54H84N14O13S2,1201.5,,509,2100,14,17,34
T6840L,CCn1c(=O)c(-c2ccc(Cl)cc2Cl)cc2cnc(Nc3ccc(N4CCNCC4)c(F)c3)nc21.Cl,156598960,C25H24Cl3FN6O,549.8,,73.4,783,3,7,5
T21250L,CC(=O)O.CCCCCCCCCCCCCCCC(=O)N[C@@H](CCCCN)C(=O)N[C@H](C(=O)N[C@H](C(=O)N[C@@H](CCCCN)C(=O)N[C@@H](CO)C(=O)O)[C@@H](C)O)[C@@H](C)O,72233590,C41H79N7O12,862.1,,333,1160,12,14,35
T7206L,Br.N=C1N[C@H]2[C@H](CS[C@H]2CCCCC(=O)O)N1,131667834,C10H18BrN3O2S,324.24,,113,308,4,4,5
T9106,CC(=O)N1CCN(C(=O)c2cc(-c3ccc(C)o3)nc3ccccc23)CC1,24980435,C21H21N3O3,363.4,2.1,66.7,561,0,4,2
TN6743,CCCCCCCC(=O)OCC,7799,C10H20O2,172.26,3.5,26.3,110,0,2,8
T9155,COC1C(O)CCC2(CO2)C1[C@@]1(C)OC1CC=C(C)C,130042,C16H26O4,282.37,1.7,54.5,417,1,4,4
TN6733,CC(=O)O[C@H]1C(C)=CC23C(=O)C(C=C(C)[C@@H](OC(=O)c4ccccc4)[C@]12O)[C@H]1[C@@H](C[C@H]3C)C1(C)C,102004601,C29H34O6,478.6,3.7,89.9,1020,1,6,5
TN6745,O=C(CO)[C@@H](O)[C@H](O)[C@H](O)CO[C@H]1O[C@H](CO)[C@@H](O)[C@H](O)[C@H]1O,83686,C12H22O11,342.30,-4.8,197,378,8,11,8
T9151,COc1ccc(NC(=O)c2n[nH]c3ccc(-c4cncc(CN5CCCCC5)c4)cc23)cn1,89451003,C25H26N6O2,442.5,3.2,96,644,2,6,6
TN6754,CCCCCCCCCCCCCCCCCCCO,80281,C19H40O,284.5,8.9,20.2,156,1,1,17
T9125,C=CC(=O)N1CCC[C@@H](n2c(=O)n(-c3ccc(Oc4ccccc4)cc3)c3c(N)nccc32)C1,124111565,C26H25N5O3,455.5,3.2,92,749,1,5,5
TN6739,COc1ccc2c(c1OC)C(OC)N(C)c1c-2ccc2cc3c(cc12)OCO3,189060,C22H21NO5,379.4,4.2,49.4,561,0,6,3
T9150,O=C1NC(=S)NC(=O)C12N=C(c1ccc(Cl)cc1)CC2c1ccc(Cl)cc1,146165950,C19H13Cl2N3O2S,418.3,3.6,103,662,2,4,2
T9060,O=C(NCc1cn2cc(CNCC3CCCCC3)ccc2n1)c1cc(=O)n2ccccc2n1,155167581,C25H28N6O2,444.5,2.7,91.1,872,2,5,7
T9152,Oc1ccccc1-c1nc2ccccc2[nH]1,18075,C13H10N2O,210.23,2.9,48.9,246,2,2,1
TN6755,COc1cnccn1,18467,C5H6N2O,110.11,0.7,35,67,0,3,1
T9143,CC[C@@H](C)[C@@H](N)C(=O)O,76551,C6H13NO2,131.17,-1.7,63.3,103,2,3,3
T9153,COc1ccc(C(=O)NCc2cccnc2)cc1C(=O)NCc1cccnc1,4814,C21H20N4O3,376.4,1.3,93.2,516,2,5,7
T5498,Cc1nc(C(=O)N2CCCC[C@H]2CNC(=O)c2cccc3occc23)c(-c2ccc(F)cc2)s1,25195495,C26H24FN3O3S,477.6,5.2,104,734,1,6,5
T9132,CCOc1c(N2CCOCC2)cnn(C)c1=O,3221,C11H17N3O3,239.27,0,54.4,359,0,5,3
TN6740,Cc1cc(O)c2c(c1)Cc1cc(O)cc(O)c1C2=O,122635,C15H12O4,256.25,3.2,77.8,369,3,4,0
TN6756,CC(N)CC(=O)O,10932,C4H9NO2,103.12,-3.1,63.3,72,2,3,2
T8772,CC1(C)CCC2(C(=O)O)CCC3(C)C(=CCC4C5(C)CCC(O)C(C)(C)C5C(O)CC43C)C2C1,4660579,C30H48O4,472.7,6.1,77.8,919,3,4,1
TN6757,CCCCN=C=S,11613,C5H9NS,115.20,2.9,44.5,74,0,2,3
TN6758,CCCSSCCC,12377,C6H14S2,150.3,2.7,50.6,31,0,2,5
TN6759,CCCCCCCCCCCCCCC,12391,C15H32,212.41,7.7,0,84,0,0,12
TN6760,CCCCCCCCCCCCCCCCCCCCO,12404,C20H42O,298.5,9.5,20.2,167,1,1,18
T9144,C=C1C(=O)O[C@@H]2C[C@@]3(C)CCCC(=C)[C@@]3(O)C[C@H]12,12443311,C15H20O3,248.32,2.1,46.5,453,1,3,0
T22103,Cc1cc(C)c2nc(-c3ccccn3)cc(C(=O)Nc3ccc(S(=O)(=O)Nc4onc(C)c4C)cc3)c2c1,1261822,C28H25N5O4S,527.6,4.5,135,921,2,8,6
T7607,C[C@@]1(F)[C@H](O)[C@@H](CO)O[C@H]1n1ccc(N)nc1=O,6481236,C10H14FN3O4,259.23,-1.4,108,427,3,5,2
TQ0124,CCS(=O)c1nc(-c2cccc(OCc3ccccc3)c2)cc(C(F)(F)F)n1,49868481,C20H17F3N2O2S,406.4,4,71.3,514,0,8,6
TQ0131,COc1ccc([C@@]23Oc4cc(OC)cc(OC)c4[C@@]2(O)[C@H](O)[C@H](C(=O)N(C)C)[C@H]3c2ccccc2)cc1,156598966,C29H31NO7,505.6,2.8,97.7,810,2,7,6
TQ0132,CN1CCN([C@H]2CC[C@H](n3cc(-c4ccc(Oc5ccccc5)cc4)c4c(N)ncnc43)CC2)CC1.Cl.Cl.Cl,76848881,C29H37Cl3N6O,592.0,,72.4,679,4,6,5
TQ0135,O=C(O)C(O)c1ccc(O)c(O)c1,85782,C8H8O5,184.15,-0.6,98,193,4,5,2
TQ0300,O[C@H]1[C@H](O)[C@@H](O)[C@@H]2O[C@@H]2[C@@H]1O,119054,C6H10O5,162.14,-2.7,93.5,154,4,5,0
TN1026,CN1CC[C@]23C(=O)C[C@H]4C(=CCO[C@H]5CC(=O)N(c6c(O)cccc62)[C@H]3[C@H]54)C1,101595,C22H24N2O4,380.4,-0.1,70.1,766,1,5,0
TN1092,COc1c(O)cc2c3c1-c1ccccc1C[C@H]3N(C)CC2,197017,C18H19NO2,281.3,2.6,32.7,387,1,3,1
TN1132,Oc1cc(O)c2c(c1)O[C@@]1(c3ccc(O)c(O)c3)Oc3cc(O)c4c(c3[C@@H]2[C@H]1O)O[C@H](c1ccc(O)c(O)c1)[C@H](O)C4,124025,C30H24O12,576.5,2.4,210,986,9,12,2
TN1136,Oc1cc(O)c2c(c1)O[C@@]1(c3ccc(O)c(O)c3)Oc3cc(O)c4c(c3[C@@H]2[C@@H]1O)O[C@H](c1ccc(O)c(O)c1)[C@@H](O)C4,134715108,C30H24O12,576.5,2.4,210,986,9,12,2
TN1213,O=C1c2ccccc2C(=O)c2cc(CO)ccc21,87014,C15H10O3,238.24,2.7,54.4,363,1,3,1
TN1544,CC(C)[C@H]1CC[C@H](C)C[C@@H]1O,165675,C10H20O,156.26,3,20.2,120,1,1,1
TN2058,COc1cc(O)c2c(c1)O[C@H](c1ccc(OC)c(O)c1)CC2=O,14157910,C17H16O6,316.30,2.7,85.2,427,2,6,3
TN2082,COc1cc(O)c2c(c1)O[C@H](c1ccccc1)CC2=O,73201,C16H14O4,270.28,3.1,55.8,350,1,4,2
T12154,CCNCc1cc(Nc2ccnc3cc(Cl)ccc23)ccc1O,122068,C18H18ClN3O,327.8,2.3,57.2,370,3,4,5
T19464,CN(C)c1ncnc2c1ncn2[C@@H]1O[C@H](CO)[C@@H](O)[C@H]1O,440004,C12H17N5O4,295.29,-0.2,117,374,3,8,3
T12398,O=C(N[C@@H](COc1ccc2[nH]c(=O)[nH]c2c1)c1ccccc1)c1cccn(Cc2ccc(F)c(F)c2)c1=O,49766501,C28H22F2N4O4,516.5,4,99.8,953,3,6,8
T10005L,CCCCCCCCCCCCCCCC(=O)OC[C@H](COP(=O)([O-])O)OC(=O)CCCCCCCCCCCCCCC.[Na+],46891879,C35H68NaO8P,670.9,,122,709,1,8,36
T19282,CC(C)CCCOC(=O)c1ccccc1C(=O)OCCCC(C)C,8970,C20H30O4,334.4,6.3,52.6,340,0,4,12
T16698,CN(C)c1ccc2cc3ccc(N(C)C)cc3[o+]c2c1.[Cl-],7085,C17H19ClN2O,302.8,,15.5,480,0,3,1
T14022,CC(C)(C)n1nc(Cc2ccccc2O)c2c(N)ncnc21,59796535,C16H19N5O,297.35,2.3,89.9,385,2,5,3
T15976,O=C(CCOCCN1C(=O)C=CC1=O)ON1C(=O)CCC1=O,59992617,C13H14N2O7,310.26,-1.7,110,521,0,7,8
T14324,C[C@H]1[C@H](N2CCS(=O)(=O)CC2)O[C@@H]2OC[C@@]3(C)C[C@H]4[C@H](C)CC[C@@H]1[C@]24OO3,163338268,C19H31NO6S,401.5,1.9,82.7,695,0,7,1
T14341,C[N+](C)(C)CCO.C[N+](C)(C)CCO.[S]=[Mo](=[S])([S-])[S-],18442052,C10H30MoN2O2S4,434.6,,107,65,4,6,4
T14377,COc1cccc([C@@H](Oc2ccc3c(cnn3-c3ccc(F)cc3)c2)[C@H](C)NC(=O)C(F)(F)F)c1,24825740,C25H21F4N3O3,487.4,5.7,65.4,704,1,8,7
T14494,CN1Cc2cc(Cl)ccc2-n2c(nnc2C2CCC(Oc3ccccn3)CC2)C1,46200932,C22H24ClN5O,409.9,3.4,56.1,545,0,5,3
T14694,COc1cc(C(=O)c2c(C)oc3c(O)c(OC)ccc23)cc(OC)c1OC,24786555,C20H20O7,372.4,3.6,87.4,499,1,7,6
T12710,COC(=O)c1nc(C(F)(F)F)n2c1CN(C(=O)C[C@H](N)Cc1cc(F)c(F)cc1F)CC2.O=P(O)(O)O,49820554,C19H21F6N4O7P,562.4,,168,748,4,15,6
T13536,O=C(CNC(=O)c1ccc(C2=NOC(c3cc(Cl)cc(C(F)(F)F)c3)(C(F)(F)F)C2)c2ccccc12)NCC(F)(F)F,25154249,C26H17ClF9N3O3,625.9,6.7,79.8,1040,2,13,6
T10356,CCN(CC)CCCNc1ccnc2cc(Cl)ccc12.Cl.Cl,9820475,C16H24Cl3N3,364.7,,28.2,270,3,3,7
T10393,O=C(O)Cc1nn(Cc2nc3cc(C(F)(F)F)ccc3s2)c(=O)c2cscc12,132260161,C17H10F3N3O3S2,425.4,3.2,139,690,1,10,4
T14835,CCc1cc(F)c2nc(N3CCC(NC4CCOCC4)CC3)c(-c3nc(C)no3)c(C)c2c1,137434175,C25H32FN5O2,453.6,4.7,76.3,630,1,8,5
T15162,CCN(CC)C(=O)Cc1c(-c2ccc(OCCF)cc2)nn2c(C)cc(C)nc12,24895172,C22H27FN4O2,398.5,3.2,59.7,525,0,5,8
T15260,CCCCOc1cccc(CCNCC(=O)N(C)C)c1,25105689,C16H26N2O2,278.39,2.5,41.6,269,1,3,9
T12850,Cc1cc(F)ccc1-c1nc(NC(CO)CO)nc2c1ccc(=O)n2-c1c(F)cccc1F,10297982,C23H19F3N4O3,456.4,3,98.6,702,3,9,6
T8428,Cc1sc(C(=O)c2cncnc2N[C@@H]2C[C@H](COS(N)(=O)=O)[C@@H](O)C2)cc1[C@@H]1NCCc2ccc(Cl)cc21,118628567,C25H28ClN5O5S2,578.1,3.5,193,942,4,11,8
T11265,Cc1oc(=O)oc1COC(=O)C1=C([C@H]2CCCO2)S[C@@H]2[C@@H]([C@@H](C)O)C(=O)N12,6918218,C17H19NO8S,397.4,0.9,137,775,1,9,6
T17022,CC(C)(C)C(O)(CCc1ccc(Cl)cc1)Cn1cncn1,86102,C16H22ClN3O,307.82,3.7,50.9,326,1,3,6
T10199,O=C1c2cc([N+](=O)[O-])ccc2-n2c1nc1ccccc1c2=O,478573,C15H7N3O4,293.23,1.9,95.6,582,0,5,0
T19382,Nc1nc(=O)[nH]c2nc[nH]c12,76900,C5H5N5O,151.13,-1.7,91.9,313,3,2,0
T15775,Cc1cc(C2=NO[C@@](c3cc(Cl)c(Cl)c(Cl)c3)(C(F)(F)F)C2)sc1C(=O)NCC(=O)NCC(F)(F)F,76959255,C20H14Cl3F6N3O3S,596.8,6.6,108,868,2,11,6
T16087,CC(C)(C)Sc1c(CC(C)(C)C(=O)O)n(Cc2ccc(Cl)cc2)c2ccc(OCc3ccc4ccccc4n3)cc12,60923,C34H35ClN2O3S,587.2,8.2,89.7,873,1,5,10
T16162,COc1cc(N(C)CCN(C)C)c(N)cc1Nc1nccc(-c2cn(C)c3ccccc23)n1,78358313,C25H31N7O,445.6,3.3,84.5,607,2,7,8
T16223,CCCCCCCCCCCCO[C@@H]1O[C@H](CO)[C@@H](O[C@H]2O[C@H](CO)[C@@H](O)[C@H](O)[C@H]2O)[C@H](O)[C@H]1O,114880,C24H46O11,510.6,1.4,179,554,7,11,16
T20812,COP(=O)(OC)SCn1c(=O)oc2cc(Cl)cnc21,71482,C9H10ClN2O5PS,324.68,1,103,393,0,7,5
T15798,Cc1c[nH]c2ncnc(N3CCC(CN)(C(=O)Nc4cccc(OC(=O)N(C)C)c4)CC3)c12,56962369,C23H29N7O3,451.5,2,129,698,3,7,6
T15821,Cc1ccc(Cn2nc(CCCc3ccc(OC(C)(C)C(=O)O)cc3)[nH]c2=O)cc1,135449333,C23H27N3O4,409.5,3.6,91.2,632,2,5,9
T16710,CC(C)C(=O)OC[C@H]1O[C@@H](n2ccc(N)nc2=O)[C@](C)(F)[C@@H]1OC(=O)C(C)C,16122663,C18H26FN3O6,399.4,1.3,121,707,1,7,8
T11845,Cc1cc(C)c(-c2ccc(NC(=O)[C@H](Cc3ccc(C(=O)NCCS(=O)(=O)O)cc3)c3ccc(-c4ccc(C(C)(C)C)cc4)cc3)cc2)c(C)c1,44625560,C43H46N2O5S,702.9,8.9,121,1200,3,5,12
T12718L,CCc1nc(C)cn2nc(-c3cc(=O)n4cc(C5CCN(C)CC5)cc(C)c4n3)cc12,89741565,C24H28N6O,416.5,1.6,66.1,865,0,5,3
T16910,O=C1NC(=O)C2(CCOc3ccc(F)cc32)N1,5252,C11H9FN2O3,236.20,0.7,67.4,376,2,4,0
T13383,Fc1cc(F)c2c(c1)C[C@@H](n1c(CCNCc3ccccc3)c[nH]c1=S)CO2,25052630,C21H21F2N3OS,401.5,3.2,68.6,584,2,5,6
T17023,OC[C@H]1O[C@@H](n2cnc3c(N[C@@H]4CCOC4)ncnc32)[C@H](O)[C@@H]1O,158795,C14H19N5O5,337.33,-0.3,135,446,4,9,4
T11399,C[C@@H]1Cc2c([nH]c3ccccc23)[C@@H](c2c(F)cc(NC3CN(CCCF)C3)cc2F)N1CC(F)(F)CO,121410806,C27H31F5N4O,522.6,4.8,54.5,746,3,9,9
T13395L,O=C(NNC(=O)[C@@H]1CC[C@@H]2CN1C(=O)N2OS(=O)(=O)O)[C@@H]1CCCNC1,77846445,C13H21N5O7S,391.40,-4.2,166,693,4,8,4
T21065,C=C1C(=O)O[C@@H]2O[C@@]3(C)CC[C@H]4[C@H](C)CCC1[C@]24OO3,163338269,C15H20O5,280.32,2.7,54,489,0,5,0
T21351,COc1cc2cc(c1Cl)N(C)C(=O)CC(OC(=O)C(C)N(C)C(C)=O)C1(C)OC1C(C)C1CC(O)(NC(=O)O1)C(OC)C=CC=C(C)C2,547450,C34H46ClN3O10,692.2,2,156,1300,2,10,6
T22678,O=C(O)c1cc(Oc2ccc([N+](=O)[O-])cc2)cc(Oc2ccc([N+](=O)[O-])cc2)c1,16760376,C19H12N2O8,396.3,4.2,147,544,1,8,5
T23312,Cc1cc(NC(=O)Nc2ccc3c(ccn3C)c2)sn1,3277600,C14H14N4OS,286.35,2.4,87.2,367,2,3,2
T23348,O=C(CCCCN1CCOCC1)Nc1ccc(-c2cccnc2)cc1,45484303,C20H25N3O2,339.4,2,54.5,390,1,4,7
T20168,O=C([O-])CC([S-])C(=O)[O-].[Au+].[Na+].[Na+],6093241,C4H3AuNa2O4S,390.08,,81.3,122,0,5,1
TN6464,O=C1CC(c2ccc(O)cc2)Oc2cc(O)c([C@@H]3O[C@H](CO)[C@@H](O)[C@H](O)[C@H]3O)c(O)c21,46944556,C21H22O10,434.4,-0.1,177,638,7,10,3
T28167,O=C(NCCCCN1CCN(c2cccc(Cl)c2Cl)CC1)c1ccc2c(c1)Cc1ccccc1-2,9891901,C28H29Cl2N3O,494.5,6.4,35.6,670,1,3,7
T28454,Cc1ccc2c(-c3ccccc3)nc(=O)n(C(C)C)c2c1,31508,C18H18N2O,278.3,3,32.7,423,0,1,2
T29017,COc1cccc(C=CC(=O)C=Cc2cccc(OC)c2OC)c1OC,1125825,C21H22O5,354.4,4,54,445,0,5,8
