name,smiles,MW,LogP,TPSA,HBD,HBA,RotB,Lipinski_violations,max_tc,best_match,best_target
T1789,CC[C@H]1[C@@H](O)[C@@H]2[C@H](CC[C@]3(C)[C@@H]([C@H](C)CCC(=O)O)CC[C@@H]23)[C@@]2(C)CC[C@@H](O)C[C@@H]12,420.63,5.11,77.8,3,3,5,1,1.0000,Obeticholic acid (OCA),FXR
T3595,CC(C)c1cc(Oc2c(Cl)cc(-n3nc(C#N)c(=O)[nH]c3=O)cc2Cl)n[nH]c1=O,435.23,2.1,146.5,2,7,4,0,1.0000,Resmetirom,THR-beta
T7184,COc1ccccc1[C@H](Cn1c(=O)n(C(C)(C)C(=O)O)c(=O)c2c(C)c(-c3ncco3)sc21)OC1CCOCC1,569.64,3.95,135.0,1,9,9,1,1.0000,Firsocostat (GS-0976),ACC
T7395,O=C(O)CCCc1cc2cc(Cl)ccc2n1S(=O)(=O)c1ccc2ncsc2c1,434.93,4.55,89.3,1,5,6,0,1.0000,Lanifibranor (IVA-337),PPAR-alpha/gamma/delta
TQ0243,COc1ccccc1[C@H](Cn1c(=O)n(C(C)(C)C(N)=O)c(=O)c2c(C)c(-c3ncco3)sc21)OC1CCOCC1,568.65,3.35,140.8,1,9,9,1,0.8889,Firsocostat (GS-0976),ACC
T11428,[H][C@@]12CC[C@H]([C@H](C)CCC(=O)NCC(=O)O)[C@@]1(C)CC[C@]1([H])[C@@]3(C)CC[C@@H](O)C[C@@]3([H])[C@@H](CC)[C@@H](O)[C@@]21[H],477.69,4.23,106.9,4,4,7,0,0.8103,Obeticholic acid (OCA),FXR
TQ0252,CC[C@H]1[C@@H](O)[C@@H]2[C@H](CC[C@]3(C)[C@@H]([C@H](C)CCO)CC[C@@H]23)[C@@]2(C)CC[C@@H](O)C[C@@H]12,392.62,4.63,60.7,3,3,4,0,0.7736,Obeticholic acid (OCA),FXR
T15271,Cc1n[nH]c(-c2cc(C(=O)N3CCC(c4ccc(C#N)cc4)CC3)c(C)cc2C2CCC2)n1,439.56,5.25,85.7,1,4,4,1,0.7612,Denifanstat (TVB-2640),FASN
T4083,CC[C@@H]1[C@H](O)[C@@H]2[C@H](CC[C@]3(C)[C@@H]([C@H](C)CCCO)CC[C@@H]23)[C@@]2(C)CC[C@@H](O)C[C@@H]12,406.65,5.02,60.7,3,3,5,1,0.7593,Obeticholic acid (OCA),FXR
T8752,[H][C@@]12CC[C@]([H])([C@H](C)CCCO)[C@@]1(C)CC[C@]1([H])[C@@]3(C)CC[C@@H](O)C[C@@]3([H])[C@H](CC)[C@@H](O)[C@@]21[H],406.65,5.02,60.7,3,3,5,1,0.7593,Obeticholic acid (OCA),FXR
T13092,[H][C@@]12CC[C@H]([C@H](C)CCC(=O)NCCS(=O)(=O)O)[C@@]1(C)CC[C@]1([H])[C@@]3(C)CC[C@@H](O)C[C@@]3([H])[C@@H](CC)[C@@H](O)[C@@]21[H],527.77,4.03,123.9,4,5,8,1,0.7031,Obeticholic acid (OCA),FXR
T2968,[H][C@@]12C[C@H](O)[C@]3([H])C[C@H](O)CC[C@]3(C)[C@@]1([H])CC[C@]1(C)[C@@H]([C@H](C)CCC(=O)O)CC[C@@]21[H],392.58,4.48,77.8,3,3,4,0,0.6909,Obeticholic acid (OCA),FXR
T2963,[H][C@@]12C[C@H](O)CC[C@]1(C)[C@@]1([H])C[C@H](O)[C@@]3(C)[C@@]([H])(CC[C@]3([H])[C@H](C)CCC(=O)O)[C@]1([H])[C@H](O)C2,408.58,3.45,98.0,4,4,4,0,0.6866,Aramchol,SCD1
T7331,C[C@H](CCC(=O)O)[C@H]1CC[C@H]2[C@@H]3[C@@H](O)C[C@@H]4C[C@H](O)CC[C@]4(C)[C@H]3C[C@H](O)[C@]12C,408.58,3.45,98.0,4,4,4,0,0.6866,Aramchol,SCD1
T19189,C[C@H](CCC(=O)O)[C@H]1CC[C@H]2[C@@H]3[C@H](O)C[C@H]4C[C@H](O)CC[C@]4(C)[C@H]3C[C@H](O)[C@]12C,408.58,3.45,98.0,4,4,4,0,0.6866,Aramchol,SCD1
T0700,C[C@H](CCC(=O)O)[C@H]1CC[C@H]2[C@@H]3[C@@H](O)C[C@@H]4C[C@H](O)CC[C@]4(C)[C@H]3CC[C@]12C,392.58,4.48,77.8,3,3,4,0,0.6667,Obeticholic acid (OCA),FXR
T0847,C[C@H](CCC(=O)O)[C@H]1CC[C@H]2[C@@H]3[C@H](O)C[C@@H]4C[C@H](O)CC[C@]4(C)[C@H]3CC[C@]12C,392.58,4.48,77.8,3,3,4,0,0.6667,Obeticholic acid (OCA),FXR
T29078,[H][C@@]12C[C@H](O)CC[C@]1(C)[C@@]1([H])CC[C@@]3(C)[C@@]([H])(CC[C@]3([H])[C@@H](C)CCC(=O)O)[C@]1([H])[C@@H](O)C2,392.58,4.48,77.8,3,3,4,0,0.6667,Obeticholic acid (OCA),FXR
T13506,[H][C@@]12C[C@@H](O)CC[C@]1(C)[C@@]1([H])CC[C@@]3(C)[C@@]([H])(CC[C@]3([H])[C@H](C)CCC(=O)O)[C@]1([H])[C@@H](O)C2,392.58,4.48,77.8,3,3,4,0,0.6667,Obeticholic acid (OCA),FXR
T207107,[H][C@@]12C[C@@H](O)CC[C@]1(C)[C@@]1([H])CC[C@@]3(C)[C@@]([H])(CC[C@]3([H])[C@H](C)CCC(=O)O)[C@]1([H])[C@H](O)C2,392.58,4.48,77.8,3,3,4,0,0.6667,Obeticholic acid (OCA),FXR
T36585,[H][C@@]12CCCC[C@]1(C)[C@@]1([H])C[C@H](O)[C@@]3(C)[C@@]([H])(CC[C@]3([H])[C@H](C)CCC(=O)O)[C@]1([H])[C@H](O)C2,392.58,4.48,77.8,3,3,4,0,0.6377,Aramchol,SCD1
T2831,[H][C@@]12C[C@H](O)CC[C@]1(C)[C@@]1([H])C[C@H](O)[C@@]3(C)[C@@]([H])(CC[C@]3([H])[C@H](C)CCC(=O)NCC(=O)O)[C@]1([H])[C@H](O)C2,465.63,2.56,127.1,5,5,6,0,0.6216,Aramchol,SCD1
T5072,C[C@H](CCC(=O)NCC(=O)O)[C@H]1CC[C@H]2[C@@H]3[C@H](O)C[C@@H]4C[C@H](O)CC[C@]4(C)[C@H]3C[C@H](O)[C@]12C,465.63,2.56,127.1,5,5,6,0,0.6216,Aramchol,SCD1
T2202,[H][C@]12CC[C@]3([H])[C@]([H])(CC[C@]4(C)[C@@H]([C@H](C)CCC(=O)O)CC[C@@]34[H])[C@@]1(C)CC[C@@H](O)C2,376.58,5.51,57.5,2,2,4,1,0.6207,Obeticholic acid (OCA),FXR
T35792,[H][C@]12CC[C@]3([H])[C@]([H])(CC[C@@]4(C)[C@@]3([H])CC[C@]4([H])[C@H](C)CCC(=O)O)[C@@]1(C)CC[C@H](O)C2,376.58,5.51,57.5,2,2,4,1,0.6207,Obeticholic acid (OCA),FXR
T36522,[H][C@@]12CC[C@]3([H])[C@]([H])(CC[C@@]4(C)[C@@]3([H])CC[C@]4([H])[C@H](C)CCC(=O)O)[C@@]1(C)CC[C@H](O)C2,376.58,5.51,57.5,2,2,4,1,0.6207,Obeticholic acid (OCA),FXR
T13522,C[C@H](CCC(=O)O)[C@H]1CC[C@H]2[C@@H]3C(=O)C[C@@H]4C[C@H](O)CC[C@]4(C)[C@H]3CC[C@]12C,390.56,4.69,74.6,2,3,4,0,0.6066,Obeticholic acid (OCA),FXR
T19124,[H][C@@]12CC(=O)CC[C@]1(C)[C@@]1([H])C[C@H](O)[C@@]3(C)[C@@]([H])(CC[C@]3([H])[C@H](C)CCC(=O)O)[C@]1([H])[C@H](O)C2,406.56,3.66,94.8,3,4,4,0,0.6027,Aramchol,SCD1
TMIH-0148,[2H]C1([2H])C[C@@]2(C)[C@H](C[C@@H](O)[C@@H]3[C@@H]2C[C@H](O)[C@]2(C)[C@@H]([C@H](C)CCC(=O)O)CC[C@@H]32)C([2H])([2H])[C@@H]1O,412.6,3.45,98.0,4,4,4,0,0.6027,Aramchol,SCD1
T11662L,[H][C@@]12CC[C@]([H])([C@H](C)C[C@H](C)C(=O)O)[C@@]1(C)[C@@H](O)C[C@]1([H])[C@@]3(C)CC[C@@H](O)C[C@@]3([H])[C@@H](CC)[C@@H](O)[C@@]21[H],450.66,4.33,98.0,4,4,5,0,0.5938,Obeticholic acid (OCA),FXR
T207106,[H][C@@]12CC(=O)[C@]3([H])C[C@H](O)CC[C@]3(C)[C@@]1([H])CC[C@@]1(C)[C@@]2([H])CC[C@]1([H])[C@H](C)CCC(=O)O,390.56,4.69,74.6,2,3,4,0,0.5902,Obeticholic acid (OCA),FXR
T2744,[H][C@@]12C[C@H](O)CC[C@]1(C)[C@@]1([H])C[C@H](O)[C@@]3(C)[C@@]([H])(CC[C@]3([H])[C@H](C)CCC(=O)OC)[C@]1([H])[C@H](O)C2,422.61,3.54,87.0,3,5,4,0,0.5890,Aramchol,SCD1
T4537,[H][C@@]12C[C@H](O)CC[C@]1(C)[C@@]1([H])C[C@H](O)[C@@]3(C)[C@@]([H])(CC[C@]3([H])[C@H](C)CCC(=O)[O-])[C@]1([H])[C@H](O)C2,407.57,2.11,100.8,3,5,4,0,0.5833,Aramchol,SCD1
T37177,[H][C@@]12C[C@H](O)CC[C@]1(C)[C@@]1([H])C[C@H](O)[C@@]3(C)[C@@]([H])(CC[C@]3([H])[C@H](C)CC(=O)O)[C@]1([H])[C@H](O)C2,394.55,3.06,98.0,4,4,3,0,0.5634,Aramchol,SCD1
T8153,[H][C@@]12C[C@H](O)[C@]3([H])C[C@H](O)CC[C@]3(C)[C@@]1([H])CC[C@]1(C)[C@@H]([C@H](C)CCC(=O)NCC(=O)O)CC[C@@]21[H],449.63,3.59,106.9,4,4,6,0,0.5625,Obeticholic acid (OCA),FXR
TMIH-0590,[H][C@@]12CC[C@]([H])([C@H](C)CCC(=O)O)[C@@]1(C)CC[C@]1([H])[C@@]3(C)CC([2H])([2H])[C@@H](O)C([2H])([2H])[C@@]3([H])C[C@H](O)[C@@]21[H],396.6,4.48,77.8,3,3,4,0,0.5625,Obeticholic acid (OCA),FXR
TN2259,[H][C@@]12C[C@H](O)CC[C@]1(C)[C@@]1([H])C[C@H](O)[C@@]3(C)[C@@]([H])(CC[C@]3([H])[C@H](C)CCC(=O)NCCS(=O)(=O)O)[C@]1([H])[C@H](O)C2,515.71,2.37,144.2,5,6,7,1,0.5500,Aramchol,SCD1
T65070,[H][C@@]12C[C@H](O)CC[C@]1(C)[C@@]1([H])CC[C@@]3(C)[C@@]([H])(CC[C@]3([H])[C@H](C)CCC(=O)[O-])[C@]1([H])[C@H](O)C2,391.57,3.14,80.6,2,4,4,0,0.5484,Obeticholic acid (OCA),FXR
T4588,[H][C@@]12C[C@H](O)CC[C@]1(C)[C@@]1([H])CC[C@@]3(C)[C@@]([H])(CC[C@]3([H])[C@H](C)CCC(=O)NCC(=O)O)[C@]1([H])[C@H](O)C2,449.63,3.59,106.9,4,4,6,0,0.5455,Obeticholic acid (OCA),FXR
T5234,C[C@H](CCC(=O)NCC(=O)O)[C@H]1CC[C@H]2[C@@H]3[C@@H](O)C[C@@H]4C[C@H](O)CC[C@]4(C)[C@H]3CC[C@]12C,449.63,3.59,106.9,4,4,6,0,0.5455,Obeticholic acid (OCA),FXR
TWA2417,C[C@H](CCC(=O)NCCS(=O)(=O)[O-])[C@H]1CC[C@H]2[C@@H]3[C@H](O)CC4C[C@H](O)CC[C@]4(C)[C@H]3C[C@H](O)[C@]12C,514.71,2.03,147.0,4,7,7,1,0.5432,Aramchol,SCD1
T10623,[H][C@@]12C[C@H](O)CC[C@]1(C)[C@@]1([H])CC[C@@]3(C)[C@@]([H])(CC[C@]3([H])[C@H](C)CCC(=O)CF)[C@]1([H])[C@H](O)C2,408.6,4.93,57.5,2,3,5,0,0.5312,Obeticholic acid (OCA),FXR
T10087,[H][C@@]12C[C@H](O)CC[C@]1(C)[C@@]1([H])CC[C@]3(C)[C@@H]([C@H](C)CC(=O)O)CC[C@@]3([H])[C@]1([H])[C@@H](O)C2,378.55,4.09,77.8,3,3,3,0,0.5246,Obeticholic acid (OCA),FXR
T11557,Cc1cc(C)c(-c2[nH]nc(C)c2C)cc1C(=O)N1CC(c2ccc(C#N)cc2)C1,384.48,4.42,72.8,1,3,3,0,0.5205,Denifanstat (TVB-2640),FASN
T17180,Cc1cc(C)c(-c2n[nH]c(C)c2C)cc1C(=O)N1CC(c2ccc(C#N)cc2)C1,384.48,4.42,72.8,1,3,3,0,0.5205,Denifanstat (TVB-2640),FASN
T7628,CC(CCC(=O)O)C1CCC2C3CC=C4CC(O)CCC4(C)C3CCC12C,374.57,5.43,57.5,2,2,4,1,0.5152,Obeticholic acid (OCA),FXR
T2965,CC(CCC(=O)O)C1CCC2C3CCC4CC(O)CCC4(C)C3CC(O)C12C,392.58,4.48,77.8,3,3,4,0,0.5135,Aramchol,SCD1
T13505,[H][C@]12CC[C@]3([H])[C@]([H])(C[C@@H](O)[C@@]4(C)[C@@]3([H])CC[C@]4([H])[C@H](C)CCC(=O)O)[C@@]1(C)CC[C@@H](O)C2,392.58,4.48,77.8,3,3,4,0,0.5135,Aramchol,SCD1
T84944,[H][C@]12CC[C@]3([H])[C@]([H])(C[C@H](O)[C@@]4(C)[C@@]3([H])CC[C@]4([H])[C@H](C)CCC(=O)O)[C@@]1(C)CC[C@H](O)C2,392.58,4.48,77.8,3,3,4,0,0.5135,Aramchol,SCD1
T31964,C[C@H](CCC(=O)NCC(=O)O)[C@H]1CC[C@H]2[C@@H]3CC[C@@H]4C[C@H](O)CC[C@]4(C)[C@H]3CC[C@]12C,433.63,4.62,86.6,3,3,6,0,0.5075,Obeticholic acid (OCA),FXR
TN7583,[H][C@@]12C[C@H](O)CC[C@]1(C)[C@@]1([H])CC(=O)[C@@]3(C)[C@@]([H])(CC[C@]3([H])[C@H](C)CCC(=O)O)[C@]1([H])[C@H](O)C2,406.56,3.66,94.8,3,4,4,0,0.5075,Obeticholic acid (OCA),FXR
TN7120,[H][C@]12CC(=O)[C@@]3([H])[C@]4([H])CC[C@]([H])([C@H](C)CCC(=O)O)[C@@]4(C)[C@@H](O)C[C@]3([H])[C@@]1(C)CC[C@@H](O)C2,406.56,3.66,94.8,3,4,4,0,0.5000,Obeticholic acid (OCA),FXR
T5259,C[C@H](CCC(=O)NCC(=O)[O-])[C@H]1CC[C@H]2[C@@H]3[C@H](O)C[C@@H]4C[C@H](O)CC[C@]4(C)[C@H]3CC[C@]12C,448.62,2.26,109.7,3,5,6,0,0.4928,Obeticholic acid (OCA),FXR
T14002,C[C@H](CCC(=O)O)[C@H]1CC[C@H]2[C@@H]3CC[C@@H]4C[C@H](O)CC[C@]4(C)[C@H]3CC(=O)[C@]12C,390.56,4.69,74.6,2,3,4,0,0.4925,Obeticholic acid (OCA),FXR
T37770,[H][C@@]12C[C@H](O)[C@]3([H])C[C@H](O)CC[C@]3(C)[C@@]1([H])CC[C@@]1(C)[C@@]2([H])CC[C@]1([H])[C@H](C)CCC(=O)NCCS(=O)(=O)O,499.71,3.4,123.9,4,5,7,0,0.4857,Obeticholic acid (OCA),FXR
T8092,C[C@H](CCC(=O)NCCS(=O)(=O)[O-])[C@H]1CC[C@H]2[C@@H]3C[C@H](O)[C@@H]4C[C@H](O)CC[C@]4(C)[C@H]3CC[C@]12C,498.71,3.05,126.8,3,6,7,0,0.4789,Obeticholic acid (OCA),FXR
T2532,C[C@H](CCC(=O)NCCS(=O)(=O)O)[C@H]1CC[C@H]2[C@@H]3[C@@H](O)C[C@@H]4C[C@H](O)CC[C@]4(C)[C@H]3CC[C@]12C,499.71,3.4,123.9,4,5,7,0,0.4722,Obeticholic acid (OCA),FXR
T2A2481,C[C@H](CCC(=O)NCCS(=O)(=O)O)[C@H]1CC[C@H]2[C@@H]3[C@H](O)C[C@@H]4C[C@H](O)CC[C@]4(C)[C@H]3CC[C@]12C,499.71,3.4,123.9,4,5,7,0,0.4722,Obeticholic acid (OCA),FXR
T5313,Cc1cc(OCC(=O)O)cc(C)c1Cc1ccc(O)c(C(C)C)c1,328.41,4.19,66.8,2,3,6,0,0.4722,VK2809,THR-beta
T16998,[H][C@@]12C[C@H](O)CC[C@]1(C)[C@@]1([H])CC[C@@]3(C)[C@@]([H])(CC[C@]3([H])[C@H](C)CCC(=O)NCCS(=O)(=O)O)[C@]1([H])[C@@H](O)C2,499.71,3.4,123.9,4,5,7,0,0.4722,Obeticholic acid (OCA),FXR
T13502,C[C@H](CCC(=O)O)[C@H]1CC[C@H]2[C@@H]3CC[C@@H]4CC(=O)CC[C@]4(C)[C@H]3CC[C@]12C,374.57,5.72,54.4,1,2,4,1,0.4697,Obeticholic acid (OCA),FXR
T5352,[H][C@@]12CCC3C[C@H](O)CC[C@]3(C)[C@@]1([H])C[C@H](O)[C@]1(C)[C@@H]([C@H](C)CCC(=O)NCC(=O)O)CC[C@]12[H],449.63,3.59,106.9,4,4,6,0,0.4691,Aramchol,SCD1
TMIH-0182,[2H]C1([2H])C[C@@]2(C)[C@H](CC[C@@H]3[C@@H]2C[C@H](O)[C@]2(C)[C@@H]([C@H](C)CCC(=O)O)CC[C@@H]32)C([2H])([2H])[C@@H]1O,396.6,4.48,77.8,3,3,4,0,0.4684,Aramchol,SCD1
T6993,C[C@H](CCC(=O)NCCS(=O)(=O)[O-])[C@H]1CC[C@H]2[C@@H]3[C@@H](O)C[C@@H]4C[C@H](O)CC[C@]4(C)[C@H]3CC[C@]12C,498.71,3.05,126.8,3,6,7,0,0.4658,Obeticholic acid (OCA),FXR
T11954,Cc1cc(OCP(=O)(O)O)cc(C)c1Cc1ccc(O)c(C(C)C)c1,364.38,4.24,87.0,3,3,6,0,0.4658,VK2809,THR-beta
T207843,[H][C@]12CC[C@]3([H])[C@]([H])(C[C@H](O)[C@@]4(C)[C@@]3([H])CC[C@]4([H])[C@H](C)CCC(=O)O)[C@@]1(C)CC[C@@H](OS(=O)(=O)O)C2,472.64,4.31,121.1,3,5,6,0,0.4634,Aramchol,SCD1
T64334,[H][C@]12CC[C@]3([H])[C@]([H])(CC[C@@]4(C)[C@@]3([H])CC[C@]4([H])[C@H](C)CCC(=O)NCC(=O)[O-])[C@@]1(C)CC[C@@H](O)C2,432.63,3.29,89.5,2,4,6,0,0.4571,Obeticholic acid (OCA),FXR
TN2215,[H][C@@]12C[C@H](O)CC[C@]1(C)[C@@]1([H])CC[C@]3(C)[C@@H]([C@H](C)CCC(=O)NCCS(=O)(=O)[O][Na])CC[C@@]3([H])[C@]1([H])[C@H](O)C2,521.7,2.94,112.9,3,6,8,1,0.4474,Obeticholic acid (OCA),FXR
T32798,[H][C@]12CC[C@]3([H])[C@]([H])(CC[C@@]4(C)[C@@]3([H])CC[C@]4([H])[C@H](C)CCC(=O)ON3C(=O)CCC3=O)[C@@]1(C)CC[C@@H](O)C2,473.65,5.03,83.9,1,5,5,1,0.4384,Obeticholic acid (OCA),FXR
T34788,[H][C@]12CC[C@]3([H])[C@]([H])(CC[C@@]4(C)[C@@]3([H])CC[C@]4([H])[C@H](C)CCC(=O)NCCS(=O)(=O)O)[C@@]1(C)CC[C@@H](O)C2,483.72,4.43,103.7,3,4,7,0,0.4384,Obeticholic acid (OCA),FXR
T17181,COCc1nc(C(F)(F)F)[nH]c1-c1cc(C(=O)N2CC(c3ccc(C#N)cc3)C2)c(C)cc1C,468.48,4.97,82.0,1,4,5,0,0.4353,Denifanstat (TVB-2640),FASN
T4727,C[C@H](CCC(=O)NCCS(=O)(=O)[O-])[C@H]1CC[C@H]2[C@@H]3CC[C@@H]4C[C@H](O)CC[C@]4(C)[C@H]3CC[C@]12C,482.71,4.08,106.5,2,5,7,0,0.4324,Obeticholic acid (OCA),FXR
T5077,C[C@H](CCC(=O)[O-])[C@H]1CC[C@H]2[C@@H]3CC[C@@H]4C[C@H](O)CC[C@]4(C)[C@H]3C[C@H](O)[C@]12C,391.57,3.14,80.6,2,4,4,0,0.4304,Aramchol,SCD1
T5254,C[C@H](CCC(=O)NCC(=O)[O-])[C@H]1CC[C@H]2[C@@H]3CC[C@@H]4C[C@H](O)CC[C@]4(C)[C@H]3C[C@H](O)[C@]12C,448.62,2.26,109.7,3,5,6,0,0.4286,Aramchol,SCD1
T75319,[H][C@]12CC[C@]3([H])[C@]([H])(C[C@H](O)[C@@]4(C)[C@@]3([H])CC[C@]4([H])[C@H](C)CCC(=O)NCCS(=O)(=O)O)[C@@]1(C)CC[C@@H](O)C2,499.71,3.4,123.9,4,5,7,0,0.4138,Aramchol,SCD1
T11515,[H][C@@]12C[C@H](OS(=O)(=O)[O-])CC[C@]1(C)[C@@]1([H])CC[C@@]3(C)[C@@]([H])(CC[C@]3([H])[C@H](C)CCC(=O)CF)[C@]1([H])[C@H](O)C2,487.65,4.42,103.7,1,6,7,0,0.4133,Obeticholic acid (OCA),FXR
T19526,Nc1ncnc2c1ncn2CCOC[P@@]1(=O)OCC[C@@H](c2cccc(Cl)c2)O1,423.8,3.41,114.4,1,8,6,0,0.4111,VK2809,THR-beta
T78495,[H][C@]12CC[C@]3([H])[C@]([H])(C[C@H](O)[C@@]4(C)[C@@]3([H])CC[C@]4([H])[C@H](C)CC(=O)O)[C@@]1(C)CC[C@@H](O)C2,378.55,4.09,77.8,3,3,3,0,0.4103,Aramchol,SCD1
TJA2398,[H][C@]12CC[C@]3([H])[C@]([H])(C[C@H](O)[C@@]4(C)[C@@]3([H])CC[C@]4([H])[C@H](C)CCC(=O)NCCS(=O)(=O)[O-])[C@@]1(C)CC[C@@H](O)C2,498.71,3.05,126.8,3,6,7,0,0.4091,Aramchol,SCD1
T37215,[H][C@@]12C[C@@H](O)[C@@]3(O)C[C@@H](O)CC[C@]3(C)[C@@]1([H])CC[C@@]1(C)[C@@]2([H])CC[C@]1([H])[C@H](C)CCCC(C)C,420.68,5.55,60.7,3,3,5,1,0.4000,Obeticholic acid (OCA),FXR
TN2349,[H][C@]12CC[C@]3([H])[C@]([H])(C[C@H](O)[C@]4(C)[C@@H]([C@H](C)CCC(=O)NCCS(=O)(=O)[O][Na])CC[C@]43[H])[C@@]1(C)CC[C@@H](O)C2,521.7,2.94,112.9,3,6,8,1,0.3956,Aramchol,SCD1
T0408,C[C@H](CCC(=O)O)[C@H]1CC[C@H]2[C@@H]3C(=O)C[C@@H]4CC(=O)CC[C@]4(C)[C@H]3CC(=O)[C@]12C,402.53,4.07,88.5,1,4,4,0,0.3889,Obeticholic acid (OCA),FXR
T12220,CC(C)(C)c1ccc(OCC(=O)NCCNC(=O)COc2ccc(C(C)(C)C)cc2)cc1,440.58,3.97,76.7,2,4,9,0,0.3800,BI-1467335,AOC3/VAP-1
T8754,Cc1c(-c2ncco2)sc2[nH]c(=O)n(C(C)(C)C(=O)OC(C)(C)C)c(=O)c12,391.45,2.79,107.2,1,7,3,0,0.3656,Firsocostat (GS-0976),ACC
T13518,[H][C@@]12C[C@H](O)[C@@]3([H])C[C@@H](O)CC[C@]3(C)[C@@]1([H])CC[C@]1(C)[C@@H](C(C)=O)CC[C@@]21[H],334.5,3.57,57.5,2,3,1,0,0.3548,Obeticholic acid (OCA),FXR
T84225,[H][C@@]12C[C@H](O)[C@@]3([H])C[C@@H](O)CC[C@]3(C)[C@@]1([H])CC[C@]1(C)[C@@H](O)CC[C@@]21[H],308.46,2.72,60.7,3,3,0,0,0.3390,Obeticholic acid (OCA),FXR
T13919,CC(C)(C)c1ccc(OCC(O)COc2ccc(C(=O)O)cc2)cc1,344.41,3.5,76.0,2,4,7,0,0.3333,BI-1467335,AOC3/VAP-1
T0516,C[C@H](CCC(=O)[O-])[C@H]1CC[C@H]2[C@@H]3C(=O)C[C@@H]4CC(=O)CC[C@]4(C)[C@H]3CC(=O)[C@]12C,401.52,2.74,91.3,0,5,4,0,0.3117,Obeticholic acid (OCA),FXR
T10953,Cc1cccc(C)c1OCc1cc(C(=O)N2CCC(c3ccncc3)CC2)no1,391.47,4.29,68.5,0,5,5,0,0.3059,Denifanstat (TVB-2640),FASN
T1172,N#CC(c1ccc(Cl)cc1)c1c(Cl)cc(-n2ncc(=O)[nH]c2=O)cc1Cl,407.64,3.54,91.5,1,4,3,0,0.3014,Resmetirom,THR-beta
T41015L,[H][C@@]12CC=C3C[C@@H](OS(=O)(=O)[O-])CC[C@]3(C)[C@@]1([H])CC[C@@]1(C)[C@@]2([H])CC[C@]1([H])[C@H](C)CCCC(C)(C)O,481.72,5.99,86.7,1,5,7,1,0.3012,Obeticholic acid (OCA),FXR
T0095,Cn1c(CCCC(=O)O)nc2cc(N(CCCl)CCCl)ccc21,358.27,3.26,58.4,1,3,9,0,0.2987,Lanifibranor (IVA-337),PPAR-alpha/gamma/delta
T9375,Cc1cc(C(=O)CN2CCC(O)CC2)c(C)n1-c1ccc(C#N)cc1,337.42,2.61,69.3,1,4,4,0,0.2963,Denifanstat (TVB-2640),FASN
TN1879,C[C@H](CCC(=O)O)[C@H]1CC(=O)[C@@]2(C)C3=C(C(=O)C[C@]12C)[C@@]1(C)CCC(=O)C(C)(C)[C@@H]1C[C@@H]3O,458.6,4.13,108.7,2,5,4,0,0.2963,Obeticholic acid (OCA),FXR
T27832,CC(C)(C)c1ccc(CCC(O)COc2ccc(C(=O)O)cc2)cc1,342.44,4.05,66.8,2,3,7,0,0.2951,BI-1467335,AOC3/VAP-1
T40548,Cc1cc(OCC(=O)O)cc(C)c1Cc1cc(C#Cc2ccc([N+](=O)[O-])cc2)c(O)c(C(C)C)c1,473.53,5.49,109.9,2,5,7,1,0.2947,VK2809,THR-beta
T10783,Cn1c(-c2cccnc2)c(CCCCCC(=O)O)c2cc(Cl)ccc21,356.85,5.08,55.1,1,2,7,1,0.2927,Lanifibranor (IVA-337),PPAR-alpha/gamma/delta
T16126,C[C@](C#N)(COc1cc(C#N)ccc1C(F)(F)F)NC(=O)c1ccc(SC(F)(F)F)cc1,473.4,5.28,85.9,1,5,6,1,0.2917,BI-1467335,AOC3/VAP-1
T84364,C[C@@](C#N)(COc1cc(C#N)ccc1C(F)(F)F)NC(=O)c1ccc(SC(F)(F)F)cc1,473.4,5.28,85.9,1,5,6,1,0.2917,BI-1467335,AOC3/VAP-1
T0841,CC(C)(Oc1ccc(CCNC(=O)c2ccc(Cl)cc2)cc1)C(=O)O,361.83,3.55,75.6,2,3,7,0,0.2903,BI-1467335,AOC3/VAP-1
T9594,N#Cc1ccc2c(c1)[C@H]1CCCN(C(=O)c3ccc4nc[nH]c4c3)[C@H]1C2,342.4,3.38,72.8,1,3,1,0,0.2889,Denifanstat (TVB-2640),FASN
T13033,CC(C)Oc1ccc(C(=O)NS(=O)(=O)c2ccc(N)cc2)cc1,334.4,2.17,98.5,2,5,5,0,0.2881,BI-1467335,AOC3/VAP-1
T72078,CCOc1ccc(NC(=O)c2ccc(-c3nnn[nH]3)cc2)cc1,309.33,2.52,92.8,2,5,5,0,0.2812,BI-1467335,AOC3/VAP-1
T41372,CC[C@@H](C(C)C)[C@H](O)[C@@H](O)[C@@H](C)[C@H]1CC[C@H]2[C@@H]3COC(=O)[C@H]4C[C@H](O)[C@H](O)C[C@]4(C)[C@H]3CC[C@]12C,494.71,3.78,107.2,4,6,6,0,0.2805,Obeticholic acid (OCA),FXR
T8465,[H][C@@]12COC(=O)[C@@]3([H])C[C@H](O)[C@H](O)C[C@]3(C)[C@@]1([H])CC[C@@]1(C)[C@@]2([H])CC[C@]1([H])[C@H](C)[C@@H](O)[C@H](O)[C@@H](CC)C(C)C,494.71,3.78,107.2,4,6,6,0,0.2805,Obeticholic acid (OCA),FXR
TQ0266,Cc1[nH]nc2ncc(C(=O)N3CCC[C@H]3c3ccc(Cl)cc3)cc12,340.81,3.9,61.9,1,3,2,0,0.2791,Denifanstat (TVB-2640),FASN
T2027,O=C(COc1ccc(Cl)cc1)NC1CCC(NC(=O)COc2ccc(Cl)cc2)CC1,451.35,3.99,76.7,2,4,8,0,0.2727,BI-1467335,AOC3/VAP-1
T6183,O=C(COc1ccc(Cl)cc1)N[C@H]1CC[C@H](NC(=O)COc2ccc(Cl)cc2)CC1,451.35,3.99,76.7,2,4,8,0,0.2727,BI-1467335,AOC3/VAP-1
T4662,CCc1ccc(OCC(=O)Nc2ccc(F)c([N+](=O)[O-])c2)cc1,318.3,3.31,81.5,1,4,6,0,0.2727,BI-1467335,AOC3/VAP-1
T13911,[H][C@@]12CC[C@]([H])([C@H](C)CC[C@@H](O)C(C)C)[C@@]1(C)CCC/C2=C\C=C1\C[C@@H](O)C[C@H](O)C1=C,416.65,5.56,60.7,3,3,6,1,0.2716,Obeticholic acid (OCA),FXR
T9061,C=CC(=O)NCc1ccc(C(=O)Nc2ccccc2Oc2ccc(OCC)cc2)cc1,416.48,4.93,76.7,2,4,9,0,0.2714,BI-1467335,AOC3/VAP-1
T15250,N#Cc1ccc(-c2cnc3ccc(-c4ccc(C(=O)N5CCOCC5)cc4)cn23)cc1,408.46,4.01,70.6,0,4,3,0,0.2706,Denifanstat (TVB-2640),FASN
T9872,CCc1oc2ccccc2c1C(=O)c1ccc(OCC(=O)O)cc1,324.33,3.69,76.7,1,4,6,0,0.2698,BI-1467335,AOC3/VAP-1
T15575,COc1ccc(S(=O)(=O)n2cc(CCC(=O)O)c3cc(OC)ccc32)cc1,389.43,2.91,94.8,1,5,7,0,0.2692,Lanifibranor (IVA-337),PPAR-alpha/gamma/delta
T32824,COC(=O)c1cc2cc(S(C)(=O)=O)ccc2n1Cc1ccc(Cl)cc1,377.85,3.53,65.4,0,4,4,0,0.2692,Lanifibranor (IVA-337),PPAR-alpha/gamma/delta
T60133,Cc1ccc(N2CCOCC2)cc1-c1cc(Oc2ccc(C#N)cc2)[nH]n1,360.42,3.89,74.2,1,5,4,0,0.2674,Denifanstat (TVB-2640),FASN
T60033,COc1ccc(-c2csc(NC(=O)c3ccc(OCC(=O)N4CCOCC4)cc3)n2)cc1,453.52,3.31,90.0,1,7,7,0,0.2667,BI-1467335,AOC3/VAP-1
T72076,O=C(O)CCc1nn(Cc2ccc(Cl)cc2Cl)c2cc(C(F)(F)F)ccc12,417.21,5.43,55.1,1,2,5,1,0.2651,Lanifibranor (IVA-337),PPAR-alpha/gamma/delta
T85508,CCN1CCN(c2cc(Nc3cc(C)[nH]n3)nc(NC3CCN(C(=O)c4cccc(Cl)c4F)CC3)n2)CC1,542.06,3.9,105.3,3,8,7,1,0.2647,Denifanstat (TVB-2640),FASN
T9041,CC(C)(C)c1ccc(C(=O)Nc2ccc(C(=O)NO)cc2)cc1,312.37,3.36,78.4,3,3,3,0,0.2642,BI-1467335,AOC3/VAP-1
T77495,O=S(=O)(c1cc(Cl)ccc1Cl)n1cnc2ccccc21,327.19,3.58,52.0,0,3,2,0,0.2639,Lanifibranor (IVA-337),PPAR-alpha/gamma/delta
T6829,CC(C)(c1ccc(OCC(O)CO)cc1)c1ccc(OCC(O)CCl)cc1,394.9,2.72,79.2,3,5,10,0,0.2632,BI-1467335,AOC3/VAP-1
T6S0107,[H][C@@]12CC[C@]3([H])[C@](C)(O)[C@]4([H])CC[C@H](C)CN4C[C@@]3([H])[C@]1([H])C[C@@]1([H])[C@@]2([H])C[C@H](O)[C@@]2([H])C[C@@H](O)CC[C@]12C,431.66,3.68,63.9,3,4,0,0,0.2632,Obeticholic acid (OCA),FXR
T8430,CN1CCN(C(=O)c2ccc3cc(CCNc4ncnc5ccc(C#N)cc45)ccc3c2)CC1,450.55,3.7,85.2,1,6,5,0,0.2632,Denifanstat (TVB-2640),FASN
TN1807,[H][C@@]12CC[C@]3([H])[C@](C)(O)[C@]4([H])CC[C@H](C)CN4C[C@@]3([H])[C@]1([H])C[C@@]1([H])[C@@]2([H])C[C@@H](O)[C@@]2([H])C[C@@H](O)CC[C@]12C,431.66,3.68,63.9,3,4,0,0,0.2632,Obeticholic acid (OCA),FXR
T28502,CC(C)(c1ccc(OC[C@H](O)CO)cc1)c1ccc(OC[C@H](O)CCl)cc1,394.9,2.72,79.2,3,5,10,0,0.2632,BI-1467335,AOC3/VAP-1
T62702,CN1CCN(C(=O)c2ccc3cc(CCNc4ccnc5ccc(C#N)cc45)ccc3c2)CC1,449.56,4.3,72.3,1,5,5,0,0.2632,Denifanstat (TVB-2640),FASN
T3151,CC(C)[C@H](C)[C@@H](O)[C@H](O)[C@@H](C)[C@H]1CC[C@H]2[C@@H]3COC(=O)[C@H]4C[C@H](O)[C@H](O)C[C@]4(C)[C@H]3CC[C@]12C,480.69,3.39,107.2,4,6,5,0,0.2625,Obeticholic acid (OCA),FXR
T5514,CC(C)[C@@H](C)[C@@H](O)[C@H](O)[C@@H](C)[C@H]1CC[C@H]2[C@@H]3COC(=O)[C@H]4C[C@H](O)[C@H](O)C[C@]4(C)[C@H]3CC[C@]12C,480.69,3.39,107.2,4,6,5,0,0.2625,Obeticholic acid (OCA),FXR
T36292,[H][C@@]12CC=C3C[C@@H](O)CC[C@]3(C)[C@@]1([H])CC[C@@]1(C)[C@@]2([H])CC[C@]1([H])[C@@H](O)CC(O)(C(F)(F)F)C(F)(F)F,484.52,5.53,60.7,3,3,3,1,0.2625,Obeticholic acid (OCA),FXR
TN1589,CC1=C(CO)C(=O)O[C@@H]([C@@H](C)[C@H]2CC[C@H]3[C@@H]4C[C@H]5O[C@@]56[C@@H](O)CCC(=O)[C@]6(C)[C@H]4CC[C@]23C)C1,472.62,3.58,96.4,2,6,3,0,0.2614,Obeticholic acid (OCA),FXR
T3492,COc1cc(OC)cc(-c2cc3cnc(N)nc3nc2NC(=O)NC(C)(C)C)c1,396.45,3.21,124.3,3,7,4,0,0.2609,BI-1467335,AOC3/VAP-1
T7367,Cc1ccc(C(=O)NC2CC2)cc1-n1ncc(C(=O)c2cccc(C#N)c2)c1N,385.43,2.76,113.8,2,5,5,0,0.2609,Denifanstat (TVB-2640),FASN
T9824,COc1ccccc1NC(=O)c1ccc(COc2ccc(C(C)(C)C)cc2)o1,379.46,5.42,60.7,1,4,6,1,0.2609,BI-1467335,AOC3/VAP-1
T84300,CC(=O)N1CCc2c(C(=O)N3CCC(c4ccc(F)c(F)c4C(F)(F)F)CC3)n[nH]c2C1,456.42,3.63,69.3,1,3,2,0,0.2609,Denifanstat (TVB-2640),FASN
T23133,N=C(N)c1ccc(OCCCCCOc2ccc(C(=N)N)cc2)cc1,340.43,2.88,118.2,4,4,10,0,0.2600,BI-1467335,AOC3/VAP-1
T2379,O=C(c1ccc(C(=O)N2CCC(N3CCCC3)CC2)c(Nc2ccccc2)c1)N1CCC(N2CCCC2)CC1,529.73,4.83,59.1,1,5,6,1,0.2593,Denifanstat (TVB-2640),FASN
T3231,NC(=O)c1cccc2cn(-c3ccc([C@@H]4CCCNC4)cc3)nc12,320.4,2.59,72.9,2,3,3,0,0.2588,Denifanstat (TVB-2640),FASN
T12064,NC(=O)c1cccc2cn(-c3ccc([C@H]4CCCNC4)cc3)nc12,320.4,2.59,72.9,2,3,3,0,0.2588,Denifanstat (TVB-2640),FASN
T22988,NC(=O)c1cccc2cn(-c3ccc(C4CCCNC4)cc3)nc12,320.4,2.59,72.9,2,3,3,0,0.2588,Denifanstat (TVB-2640),FASN
T1552,COc1ccc(C(=O)NCc2ccc(OCCN(C)C)cc2)cc1OC,358.44,2.57,60.0,1,5,9,0,0.2576,BI-1467335,AOC3/VAP-1
T11501,CNC(=O)c1ccc2c(c1)ncn2-c1ccc(CC(=O)OC(C)(C)C)cc1,365.43,3.27,73.2,1,4,4,0,0.2571,BI-1467335,AOC3/VAP-1
T60184,O=C(O)CCc1ccc(C#Cc2cc(Cl)nc(Cl)c2)cc1,320.18,3.81,50.2,1,2,3,0,0.2571,Lanifibranor (IVA-337),PPAR-alpha/gamma/delta
T12010,Cc1cc(Nc2cc(N3CC(F)(C4CC4)C3)nc(O[C@H]3CCN(C(=O)c4cc(Cl)ccc4F)C3)n2)n[nH]1,529.98,4.28,99.3,2,7,7,1,0.2571,Denifanstat (TVB-2640),FASN
TQ0170,[H][C@]12CC[C@]3([H])[C@]([H])(CC[C@]4(C)[C@@H](c5ccc(=O)oc5)[C@@H](O)[C@H]5O[C@@]534)[C@@]1(C)CC[C@H](O)C2,400.52,3.23,83.2,2,5,1,0,0.2561,Obeticholic acid (OCA),FXR
T8701,Cc1ccc(C)c(OCCNC2CCN(C(=O)c3ccncc3)CC2)c1,353.47,2.97,54.5,1,4,6,0,0.2558,Denifanstat (TVB-2640),FASN
T14676,CN1C(=O)N(c2cc(Cl)cc(Cl)c2)C(=O)[C@]12CN(c1ccc(C(=O)O)cn1)C[C@H]2c1ccc(C#N)cc1,536.38,4.4,117.8,1,6,4,1,0.2551,Denifanstat (TVB-2640),FASN
T1402,CC(C)(Oc1ccc(C(=O)c2ccc(Cl)cc2)cc1)C(=O)O,318.76,3.81,63.6,1,3,5,0,0.2545,BI-1467335,AOC3/VAP-1
T1149,CC(C)OC(=O)C(C)(C)Oc1ccc(C(=O)c2ccc(Cl)cc2)cc1,360.84,4.68,52.6,0,4,6,0,0.2542,BI-1467335,AOC3/VAP-1
T1873,CC(C)(C)c1ccc(C(=O)NC(=S)Nc2ccc(N)cc2)cc1,327.45,3.69,67.2,3,3,2,0,0.2542,BI-1467335,AOC3/VAP-1
T2257,O=C(COc1ccc(C(=O)c2ccccc2)cc1)NC1CCN(Cc2ccccc2)CC1,428.53,4.08,58.6,1,4,8,0,0.2537,BI-1467335,AOC3/VAP-1
T2108,CC(=O)Nc1ccc(OC[C@](C)(O)C(=O)Nc2ccc([N+](=O)[O-])c(C(F)(F)F)c2)cc1,441.36,3.34,130.8,3,6,7,0,0.2535,BI-1467335,AOC3/VAP-1
T3494,COC(=O)c1ccc(O)c(NC(=O)COc2ccc(C3C4CC5CC(C4)CC3C5)cc2)c1,435.52,4.74,84.9,2,5,6,0,0.2535,BI-1467335,AOC3/VAP-1
T87651,C[C@H](CO)NC(=O)c1ccc2c(Oc3ccc(C(F)(F)F)cc3)cccc2c1,389.37,4.76,58.6,2,3,5,0,0.2535,BI-1467335,AOC3/VAP-1
T2052,COc1ccc(CCC(=O)Nc2nc3ccc(Cl)cc3s2)cc1OC,376.87,4.54,60.5,1,5,6,0,0.2530,Lanifibranor (IVA-337),PPAR-alpha/gamma/delta
T9090,COc1cccc(OC)c1C(=O)N1CCC(c2nc(-c3ccc(C)cc3)no2)CC1,407.47,4.08,77.7,0,6,5,0,0.2529,Denifanstat (TVB-2640),FASN
T5687,[H][C@@]12C[C@H]3O[C@]34[C@@H](O)C=CC(=O)[C@]4(C)[C@@]1([H])CC[C@]1(C)[C@@H]([C@H](C)[C@@]3([H])CC(C)=C(CO)C(=O)O3)CC[C@@]21[H],470.61,3.35,96.4,2,6,3,0,0.2527,Obeticholic acid (OCA),FXR
T15621,CS(=O)(=O)CCCn1c(Cn2c(=O)n(CC(F)(F)F)c3ccncc32)cc2cc(Cl)ccc21,500.93,3.85,78.9,0,4,7,1,0.2527,Lanifibranor (IVA-337),PPAR-alpha/gamma/delta
T10855,CC(C)c1cc(Oc2c(I)cc(CC3NC(=O)NC3=O)cc2I)ccc1O,592.17,4.27,87.7,3,4,5,1,0.2527,VK2809,THR-beta
T2484,COC1CCN(C(=O)c2cc(Cc3n[nH]c(=O)c4ccccc34)ccc2F)CC1,395.43,2.9,75.3,1,4,4,0,0.2500,Denifanstat (TVB-2640),FASN
T4191,O=C(NCCO)c1ccc(-c2cc(Nc3ccc(OC(F)(F)F)cc3)ncn2)cc1,418.38,3.51,96.4,3,6,7,0,0.2500,BI-1467335,AOC3/VAP-1
TQ0047,O=C(O)CCCN1CCC[C@H]1COc1ccc(Oc2ccc(Cl)cc2)cc1,389.88,4.84,59.0,1,4,9,0,0.2500,Lanifibranor (IVA-337),PPAR-alpha/gamma/delta
T21640,CC(C)(C)NCC(O)COc1ccc(NC(=O)NC2CCCCC2)cc1,363.5,3.27,82.6,4,4,7,0,0.2500,BI-1467335,AOC3/VAP-1
T60130,O=C(O)CNC(=O)c1ccc(S(=O)(=O)N2CCC(c3ccc(Cl)cc3)CC2)cn1,437.91,2.12,116.7,2,5,6,0,0.2500,Lanifibranor (IVA-337),PPAR-alpha/gamma/delta
T15049,O=C(O)Cc1ccc(CCNS(=O)(=O)c2ccc(Cl)cc2)cc1,353.83,2.49,83.5,2,3,7,0,0.2500,Lanifibranor (IVA-337),PPAR-alpha/gamma/delta
T36196,CN(C)c1ccc(C(=O)Nc2cccc(NC(=O)COc3ccc4c(=O)ccoc4c3)c2)cc1,457.49,4.13,100.9,2,6,7,0,0.2500,BI-1467335,AOC3/VAP-1
T77334,COc1ccc(-c2cc(C(=O)NCc3ccc(C(=O)NO)cc3)ccn2)cc1,377.4,2.81,100.6,3,5,6,0,0.2500,BI-1467335,AOC3/VAP-1
T77552,O=C(Nc1ccc2ncsc2c1)c1ccc(-c2ccc(O)cc2)o1,336.37,4.51,75.4,2,5,3,0,0.2500,Lanifibranor (IVA-337),PPAR-alpha/gamma/delta
T61270,CCCCCc1ccc(OCC(=O)Nc2cccc(C(=O)OC)c2)cc1,355.43,4.22,64.6,1,4,9,0,0.2500,BI-1467335,AOC3/VAP-1
T84285,COc1ccc(C(=O)COc2ccc(N3C(=O)C4C5C=CC(C6CC56)C4C3=O)cc2)cc1,429.47,3.51,72.9,0,5,6,0,0.2500,BI-1467335,AOC3/VAP-1
TN1269,[H][C@@]12C[C@@]3([H])O[C@]34[C@@H](O)[C@@H](OC)CC(=O)[C@]4(C)[C@@]1([H])CC[C@@]1(C)[C@@]2([H])CC[C@]1([H])[C@H](C)[C@@]1([H])CC(C)=C(CO)C(=O)O1,502.65,3.2,105.6,2,7,4,1,0.2500,Obeticholic acid (OCA),FXR
T83615,CCOc1cc(CN2CCC3(CC2)CN(c2ccc(C(=O)O)cc2)C(=O)N3)c(C2CC2)cc1C,463.58,4.53,82.1,2,4,7,0,0.2474,Denifanstat (TVB-2640),FASN
T6514,CN1CC[C@@H](NC(=O)Nc2ccc(C#N)cc2)C[C@@H]1c1nc2ccccc2[nH]1,374.45,3.39,96.8,3,4,3,0,0.2473,Denifanstat (TVB-2640),FASN
T21395,CCOc1ncc(C)c2c1[C@H](c1ccc(C#N)cc1OC)C(C(N)=O)=C(C)N2,378.43,2.99,110.3,2,6,5,0,0.2473,Denifanstat (TVB-2640),FASN
T67950,Cc1noc(C)c1COc1ccccc1C(=O)Nc1ccccc1Cl,356.81,4.78,64.4,1,4,5,0,0.2473,Cilofexor (GS-9674),FXR
T12323,CC(=O)c1cc(C(=O)N[C@@H](C)Cn2ccc(-c3ccc(C#N)c(Cl)c3)n2)[nH]n1,396.84,2.82,116.5,2,5,6,0,0.2472,Resmetirom,THR-beta
T3432,CC(=O)[C@H]1[C@H]2O[C@]23[C@@H]2CC[C@@H]4C[C@@H](O)CC[C@]4(C)[C@H]2CC[C@]3(C)[C@H]1c1ccc(=O)oc1,426.55,4.07,80.0,1,5,2,0,0.2471,Obeticholic acid (OCA),FXR
T5505,Cc1ccc2c(c1CCC(=O)O)CC[C@@H](NS(=O)(=O)c1ccc(Cl)cc1)C2,407.92,3.5,83.5,2,3,6,0,0.2471,Lanifibranor (IVA-337),PPAR-alpha/gamma/delta
T14566,CC(=O)N1CCC(c2ccc(C(=O)NC(=N)N)cc2C(F)(F)F)CC1,356.35,2.05,99.3,3,3,2,0,0.2471,Denifanstat (TVB-2640),FASN
T12229,O=C(O)c1cccc2cn(-c3ccc([C@@H]4CCCNC4)cc3)nc12,321.38,3.19,67.1,2,3,3,0,0.2471,Denifanstat (TVB-2640),FASN
T4A2458,C[C@]12CC[C@H](O)C[C@H]1CC[C@@H]1[C@@H]2CC[C@]2(C)[C@@H](c3ccc(=O)oc3)C[C@H]3O[C@]132,384.52,4.26,63.0,1,4,1,0,0.2469,Obeticholic acid (OCA),FXR
T73444,O=C(CCS(=O)(=O)c1ccc(Cl)cc1)Nc1nc(-c2ccncc2)cs1,407.9,3.66,89.0,1,6,6,0,0.2469,Lanifibranor (IVA-337),PPAR-alpha/gamma/delta
T3135,O=S(=O)(c1ccc(Cl)cc1)N1CCN(c2ccnc3cc(Cl)ccc23)CC1,422.34,4.05,53.5,0,4,3,0,0.2468,Lanifibranor (IVA-337),PPAR-alpha/gamma/delta
T3587,CCOC(=O)c1cc2ccccc2n1S(=O)(=O)c1ccc(C)cc1,343.4,3.36,65.4,0,4,4,0,0.2468,Lanifibranor (IVA-337),PPAR-alpha/gamma/delta
T61107,O=C(O)Cc1sc2nc3ccccc3n2c1-c1ccc(Cl)cc1,342.81,4.5,54.6,1,3,3,0,0.2468,Lanifibranor (IVA-337),PPAR-alpha/gamma/delta
T36682,CC(C)(C)NS(=O)(=O)c1ccc(NC(=O)[C@H](Cc2ccccc2)NC(=O)c2ccc(F)cc2)cc1,497.59,3.88,104.4,3,4,8,0,0.2466,BI-1467335,AOC3/VAP-1
T210506,O=C(NS(=O)(=O)c1ccc(Cl)cc1)c1ccc(Cl)cc1Cl,364.64,3.77,63.2,1,3,3,0,0.2464,Lanifibranor (IVA-337),PPAR-alpha/gamma/delta
T7349,C[C@H](NCc1ccc(OCc2ccccc2F)cc1)C(N)=O,302.35,2.37,64.3,2,3,7,0,0.2462,BI-1467335,AOC3/VAP-1
T88677,O=C(COc1ccc(Br)cc1)Nc1ccc2nc[nH]c2c1,346.18,3.34,67.0,2,3,4,0,0.2462,BI-1467335,AOC3/VAP-1
T67783,O=C(COc1ccc(Cl)c(F)c1)N[C@H]1CC[C@H](NC(=O)COc2ccc(Cl)c(F)c2)CC1,487.33,4.27,76.7,2,4,8,0,0.2459,BI-1467335,AOC3/VAP-1
T5605,CNC[C@@H](O)COc1ccc(Cl)c(-c2nc(-c3c(C)noc3C)c(C)c(N3CC4(CCN(C(=O)OC)CC4)C3)n2)c1,585.11,4.0,126.1,2,10,8,1,0.2458,Cilofexor (GS-9674),FXR
T8140,CN1c2ccccc2C(NCCCCCCC(=O)O)c2ccc(Cl)cc2S1(=O)=O,436.96,4.19,86.7,2,4,8,0,0.2442,Lanifibranor (IVA-337),PPAR-alpha/gamma/delta
T10537,Nc1ccc(C2CCN(C(=O)c3ccc(Oc4ccc(C(F)(F)F)cc4)cc3)CC2)nn1,442.44,4.89,81.3,1,5,4,0,0.2442,Denifanstat (TVB-2640),FASN
TN7130,[H][C@@]12C[C@H](O)[C@@]3([H])C[C@@H](O)CC[C@]3(C)[C@@]1([H])CC[C@@]1(C)[C@@]2([H])C[C@]2([H])O[C@]3(CC[C@@H](C)CO3)[C@@H](C)[C@]12[H],432.65,4.76,58.9,2,4,0,0,0.2436,Obeticholic acid (OCA),FXR
T38227,CCCCOc1ccc(C(=O)NN2C(=O)c3ccccc3NC2c2ccc(OC)cc2)cc1,445.52,4.79,79.9,2,5,8,0,0.2432,BI-1467335,AOC3/VAP-1
T2408,C[C@](O)(COc1ccc(C#N)cc1)C(=O)Nc1ccc(C#N)c(C(F)(F)F)c1,389.33,3.22,106.1,2,5,5,0,0.2429,BI-1467335,AOC3/VAP-1
T8976,CC(C)(C)NC(=O)Nc1nc2nc(N)ncc2cc1-c1c(Cl)cccc1Cl,405.29,4.5,105.8,3,5,2,0,0.2429,BI-1467335,AOC3/VAP-1
T12937,O=C(COc1ccc(S(=O)(=O)NCCc2ccccc2)cc1)NCc1ccc(Br)cc1,503.42,3.67,84.5,2,4,10,1,0.2429,BI-1467335,AOC3/VAP-1
T84314,CCOc1ccccc1NC(=O)c1cc(Cl)ccc1NC(=O)c1ccc(OC)cc1,424.88,5.25,76.7,2,4,7,1,0.2429,BI-1467335,AOC3/VAP-1
T4466,COC(=O)c1ccccc1C(=O)c1ccc(OCCN2CCCCC2)cc1,367.45,3.57,55.8,0,5,7,0,0.2424,BI-1467335,AOC3/VAP-1
T6651,C[C@H](NCc1ccc(OCc2cccc(F)c2)cc1)C(N)=O,302.35,2.37,64.3,2,3,7,0,0.2424,BI-1467335,AOC3/VAP-1
T67850,C[C@@H](NCc1ccc(OCc2cccc(F)c2)cc1)C(N)=O,302.35,2.37,64.3,2,3,7,0,0.2424,BI-1467335,AOC3/VAP-1
T24154,Cc1ccc(S(=O)(=O)NC(=O)COc2ccc3ccccc3c2)c(C)c1,369.44,3.34,72.5,1,4,5,0,0.2424,BI-1467335,AOC3/VAP-1
T77511,N#Cc1ccc(NC2(C(=O)N3CCN(c4ccc(C(F)(F)F)cc4)CC3)CCCC2)cc1,442.49,4.65,59.4,1,4,4,0,0.2414,Denifanstat (TVB-2640),FASN
T71649,N#CCC(=O)N1CCC(c2nc(-c3cccs3)no2)CC1,302.36,2.42,83.0,0,6,3,0,0.2414,Denifanstat (TVB-2640),FASN
T6810,COc1cc(C)[nH]c(=O)c1CNC(=O)c1c(C)n([C@H](C)C2CCOCC2)c2ccccc12,437.54,3.87,85.4,2,4,6,0,0.2411,Firsocostat (GS-0976),ACC
T2053,O=C(c1ccc(F)cc1)N1CCC[C@H](c2nc(-c3ccc(F)cc3)no2)C1,369.37,4.03,59.2,0,4,3,0,0.2410,Denifanstat (TVB-2640),FASN
T2625,O=C(O)CC[C@H]1CC[C@@](c2cc(F)ccc2F)(S(=O)(=O)c2ccc(Cl)cc2)CC1,442.91,5.34,71.4,1,3,6,1,0.2410,Lanifibranor (IVA-337),PPAR-alpha/gamma/delta
T4074,CC(C)S(=O)(=O)c1ccc2nccc(Nc3ccc4scnc4c3)c2c1,383.5,4.77,72.0,1,6,4,0,0.2410,Lanifibranor (IVA-337),PPAR-alpha/gamma/delta
T13441,O=C(c1ccc(F)cc1)N1CCC[C@@H](c2nc(-c3ccc(F)cc3)no2)C1,369.37,4.03,59.2,0,4,3,0,0.2410,Denifanstat (TVB-2640),FASN
T23601,Cc1ccc(Nc2nc(N)c(C(=O)c3ccc(C#N)cc3)s2)cc1,334.4,3.88,91.8,2,6,4,0,0.2410,Denifanstat (TVB-2640),FASN
T14077,O=C(O)C[C@H]1CC[C@H](c2ccc(-c3cc(C(F)(F)F)[nH]n3)cc2)CC1,352.36,4.84,66.0,2,2,4,0,0.2410,Denifanstat (TVB-2640),FASN
T4339,COc1ccc(S(=O)(=O)NCc2ccc(C(=O)NCCc3ccc(Cl)cn3)cc2)cc1,459.96,3.19,97.4,2,5,9,0,0.2400,BI-1467335,AOC3/VAP-1
T39654,Cc1c(-c2[nH]c3ccc(C4CCN(CC(N)=O)CC4)cc3c2C(C)C)cn2ncnc2c1C,444.58,4.28,92.3,2,4,5,0,0.2400,Denifanstat (TVB-2640),FASN
T9888,Nc1cccc(CNC(=O)c2ccc(Oc3ccc(OCc4cccc(F)c4)cc3)nc2)c1,443.48,5.1,86.5,2,5,8,1,0.2400,BI-1467335,AOC3/VAP-1
T22826,COc1ccccc1NC(=O)OCC1CCN(C(=O)OC(C)(C)C)CC1,364.44,3.89,77.1,1,5,4,0,0.2400,Firsocostat (GS-0976),ACC
T16403,COc1cccc(-c2nc(SC)nc3sc(C(=O)NC(C)(C)C)c(N)c23)c1,402.55,4.2,90.1,2,7,4,0,0.2400,BI-1467335,AOC3/VAP-1
T37113,Cc1ccc(NC(=O)c2cccc(OCc3c(C)noc3C)c2)cc1S(N)(=O)=O,415.47,3.08,124.5,2,6,6,0,0.2400,Cilofexor (GS-9674),FXR
T13389,COc1ccc(C(=O)N[C@H](C(=O)N2CCC[C@H]2C(=O)N[C@H](C(=O)C(F)(F)F)C(C)C)C(C)C)cc1,499.53,2.71,104.8,2,5,9,0,0.2400,BI-1467335,AOC3/VAP-1
T3715,[H][C@]12CN(Cc3ccc(C(=O)O)cc3)[C@]([H])(CN1Cc1ccc(Oc3ccc(-c4ncco4)cc3)cc1)C2,481.55,5.29,79.0,1,6,8,1,0.2396,Cilofexor (GS-9674),FXR
T15430,CNc1nc(C)nc(N[C@H]2CCC[C@@H](C(=O)NCc3ccc(C#N)cc3C(F)(F)F)C2)n1,447.47,3.4,115.6,3,7,6,0,0.2396,Denifanstat (TVB-2640),FASN
T15388,C[C@]1(C(=O)N(CCCC(=O)O)Cc2cccc(Cl)c2)CCN1C(=O)c1csc2ccccc12,485.01,5.05,77.9,1,4,8,1,0.2396,Lanifibranor (IVA-337),PPAR-alpha/gamma/delta
T61304,CCOc1cccc(-c2ccc3c(NC(=O)c4ccccc4)n[nH]c3c2)c1,357.41,4.88,67.0,2,3,5,0,0.2394,BI-1467335,AOC3/VAP-1
T5347,Cc1nn(C)cc1CN1CCC(c2ccc(C(=O)Nc3ccccc3N)cc2)CC1,403.53,3.94,76.2,2,4,5,0,0.2391,Denifanstat (TVB-2640),FASN
TN1205,[H][C@@]12C[C@H](O)[C@]3(O)[C@@H](O)C=CC(=O)[C@]3(C)[C@@]1([H])CC[C@@]1(C)[C@@]2([H])CC[C@]1([H])[C@H](C)[C@@]1([H])CC(C)=C(CO)C(=O)O1,488.62,2.31,124.3,4,7,3,0,0.2391,Obeticholic acid (OCA),FXR
T5009,COc1cc(C(=O)NCc2ccc(OCCN(C)C)cc2)cc(OC)c1OC,388.46,2.58,69.3,1,6,10,0,0.2388,BI-1467335,AOC3/VAP-1
T77763,CCOC(=O)c1cc([N+](=O)[O-])c(Oc2ccc(C(=O)OC)cc2)s1,351.34,3.41,105.0,0,8,6,0,0.2388,BI-1467335,AOC3/VAP-1
T15485,Cc1ccc(C)c(CSc2nc(C3CCCC3)c(C#N)c(=O)[nH]2)c1,339.46,4.21,69.5,1,4,4,0,0.2386,Denifanstat (TVB-2640),FASN
T9733,Nc1nc(SCc2ccc(Cl)cc2)nn1S(=O)(=O)c1ccc2c(c1)CCO2,422.92,2.98,100.1,1,7,5,0,0.2386,Lanifibranor (IVA-337),PPAR-alpha/gamma/delta
T9887,CCOC(=O)c1c(C)nc(-c2cccc(C#N)c2)n1OCc1ccc(C#N)cc1,386.41,3.41,100.9,0,6,6,0,0.2386,Denifanstat (TVB-2640),FASN
T13226,COc1ccc(C(=O)N2c3ccccc3Oc3cc(C#N)ccc32)cc1,342.35,4.65,62.6,0,4,2,0,0.2381,Denifanstat (TVB-2640),FASN
T78558,Cc1nccnc1-c1nn2c(=O)cc(-c3ccc(C4CCCCC4)cc3)[nH]c2c1C(=O)N1CC(CF)C1,500.58,4.54,96.2,1,5,5,1,0.2376,Denifanstat (TVB-2640),FASN
T20920,CC12CCC(O)CC1CCC1C2CCC2(C)C(O)(C3=CC(=O)OC3)CCC12O,390.52,2.72,87.0,3,5,1,0,0.2375,Obeticholic acid (OCA),FXR
T67804,CCn1c(C(=O)c2cc(C)cc(C#N)c2)c(C(C)C)c(=O)[nH]c1=O,325.37,2.09,95.7,1,4,4,0,0.2375,Resmetirom,THR-beta
T24741,O=S(=O)(Nc1nc2ccc(Cl)cc2s1)c1csc2ccccc12,380.9,4.97,59.1,1,5,3,0,0.2375,Lanifibranor (IVA-337),PPAR-alpha/gamma/delta
T1919,CC(=O)Nc1ccc(NC(=S)NC(=O)c2ccc(C(C)(C)C)cc2)cc1,369.49,4.07,70.2,3,3,3,0,0.2373,BI-1467335,AOC3/VAP-1
T26723,Cc1cc(C)c(-c2cn(C)cn2)cc1NC(=O)c1ccc(OCc2ccccn2)cc1,412.49,4.93,69.0,1,4,6,0,0.2368,BI-1467335,AOC3/VAP-1
T210450,CCOC(=O)COC(=O)c1cc(Oc2ccc(C(F)(F)F)cc2Cl)ccc1[N+](=O)[O-],447.75,4.78,105.0,0,7,7,0,0.2368,BI-1467335,AOC3/VAP-1
TN1326,[H][C@@]12C[C@H](Cl)[C@]3(O)[C@@H](O)C=CC(=O)[C@]3(C)[C@@]1([H])CC[C@@]1(C)[C@@]2([H])CC[C@]1([H])[C@H](C)[C@@]1([H])CC(C)=C(CO)C(=O)O1,507.07,3.55,104.1,3,6,3,1,0.2366,Obeticholic acid (OCA),FXR
T12431,N#Cc1ccc(COc2cccc(C3CCN(Cc4nc5ccc(C(=O)O)cc5n4C[C@@H]4CCO4)CC3)n2)c(F)c1,555.61,4.89,113.5,1,7,9,1,0.2364,Denifanstat (TVB-2640),FASN
T7948,CC(C)(O)[C@H]1CC[C@H](NC(=O)c2cnc3cc(OC(F)F)ccc3c2)CC1,378.42,3.9,71.4,2,4,5,0,0.2361,BI-1467335,AOC3/VAP-1
T3632,Cn1c(Cn2ccc(C(F)(F)F)c(Oc3cc(Cl)cc(C#N)c3)c2=O)n[nH]c1=O,425.75,2.65,105.7,1,5,4,0,0.2360,Resmetirom,THR-beta
T19626,CCOC(=O)[C@H](C)N[C@@H](Cc1ccc(-c2cccc(Cl)c2)cc1)C(=O)O,375.85,3.54,75.6,2,4,8,0,0.2360,VK2809,THR-beta
T13268,O=C(CCc1ccccc1)N1CCC(O)(Cn2cnc3cc(Cl)ccc3c2=O)CC1,425.92,3.04,75.4,1,4,5,0,0.2360,Lanifibranor (IVA-337),PPAR-alpha/gamma/delta
T11234,Cc1ccc(C)c(CSc2nc(=O)c(C#N)c(C3CCCCC3)[nH]2)c1,353.49,4.6,69.5,1,4,4,0,0.2360,Denifanstat (TVB-2640),FASN
T60773,CCCC(=O)c1cc(F)ccc1OCC(O)CNC(C)(C)C,311.4,2.94,58.6,2,4,8,0,0.2353,BI-1467335,AOC3/VAP-1
T3536,CCOC(=O)c1cc(C#N)c(N2CCC(C(=O)NS(=O)(=O)Cc3ccccc3)CC2)nc1C,470.55,2.3,129.5,1,8,7,0,0.2347,Denifanstat (TVB-2640),FASN
T1719,C[C@]12CC[C@H](O)C[C@H]1CC[C@@H]1[C@@H]2CC[C@]2(C)[C@@H](c3ccc(=O)oc3)CC[C@]12O,386.53,4.24,70.7,2,4,1,0,0.2346,Obeticholic acid (OCA),FXR
T1077,COCCCC/C(=N\OCCN)c1ccc(C(F)(F)F)cc1,318.34,3.2,56.8,1,4,9,0,0.2344,BI-1467335,AOC3/VAP-1
T13464,CC(=O)N1CCN(c2ccc(OC[C@H]3CO[C@](Cn4ccnc4)(c4ccc(Cl)cc4Cl)O3)cc2)CC1,531.44,4.21,69.1,0,6,7,1,0.2342,Cilofexor (GS-9674),FXR
T13464L,CC(=O)N1CCN(c2ccc(OC[C@@H]3CO[C@@](Cn4ccnc4)(c4ccc(Cl)cc4Cl)O3)cc2)CC1,531.44,4.21,69.1,0,6,7,1,0.2342,Cilofexor (GS-9674),FXR
T7163,Cc1nc2ccc(C(=O)N3CCC4(CC3)CC(=O)c3c(cnn3C(C)C)C4)cc2[nH]1,405.5,3.7,83.9,1,4,2,0,0.2340,Denifanstat (TVB-2640),FASN
T10877,O=C(Cc1c(F)cccc1F)Nc1cc(OCc2ccc(Cl)cc2)ccn1,388.8,4.77,51.2,1,3,6,0,0.2340,Cilofexor (GS-9674),FXR
T0239,O=C(O)c1nn(Cc2ccc(Cl)cc2Cl)c2ccccc12,321.16,4.09,55.1,1,2,3,0,0.2338,Lanifibranor (IVA-337),PPAR-alpha/gamma/delta
T10883L,CN(C)CCOc1ccc2[nH]c(C(=O)NCC#Cc3ccc(C(=O)NO)cc3)cc2c1,420.47,2.01,106.7,4,5,7,0,0.2338,BI-1467335,AOC3/VAP-1
T19803,CCOC(=O)NCCOc1ccc(Oc2ccccc2)cc1,301.34,3.6,56.8,1,4,7,0,0.2333,BI-1467335,AOC3/VAP-1
T68092,O=C([C@H](O)CS(=O)(=O)c1ccc2cc(Cl)ccc2c1)N1CCC(N2CCCNC2=O)CC1,479.99,2.03,107.0,2,5,5,0,0.2333,Lanifibranor (IVA-337),PPAR-alpha/gamma/delta
T27808,COC(=O)C[C@@H]1C[C@@H](COc2ccc(-c3ccc(C(=N)NC(=O)OC)cc3)cc2)NC1=O,439.47,2.48,126.8,3,7,7,0,0.2329,BI-1467335,AOC3/VAP-1
T62238,CC(C)(Oc1ccc(Cl)cc1)C(=O)Nc1ccc(OCc2ccc(C#N)cc2)cc1,420.9,5.59,71.3,1,4,7,1,0.2319,BI-1467335,AOC3/VAP-1
T78157,NC(=O)c1ccccc1OCc1cccc(NC(=O)c2ccc(Br)cc2)c1,425.28,4.38,81.4,2,3,6,0,0.2319,BI-1467335,AOC3/VAP-1
T2309,CC(C)c1cc(-c2n[nH]c(=O)n2-c2ccc3c(ccn3C)c2)c(O)cc1O,364.41,3.25,96.1,3,4,3,0,0.2317,Resmetirom,THR-beta
T8536,Cc1ccc(C(=O)N2CCN(c3ccc([N+](=O)[O-])cc3)CC2)cc1Cl,359.81,3.52,66.7,0,4,3,0,0.2317,Denifanstat (TVB-2640),FASN
T13166,O=C(CC1(O)C(=O)Nc2c(Cl)ccc(Cl)c21)c1ccc(C2CC2)cc1,376.24,4.28,66.4,2,3,4,0,0.2317,Denifanstat (TVB-2640),FASN
T9604,[H][C@@]12CCc3cc(O)ccc3[C@@]1([H])CC[C@]1(C)[C@@H](OC(=O)CCC(=O)O)CC[C@@]21[H],372.46,4.02,83.8,2,4,4,0,0.2317,Obeticholic acid (OCA),FXR
T5056,Nc1ncnc2c1c(COc1cccc(Cl)c1)nn2C1CCOCC1,359.82,2.99,88.1,1,6,4,0,0.2316,VK2809,THR-beta
T15018,CN[C@@H](C)C(=O)N[C@H](C(=O)N1CCC[C@H]1C(=O)Nc1sc(-c2ncco2)nc1-c1ccccc1)C1CCCCC1,564.71,4.07,129.5,3,8,9,1,0.2314,Firsocostat (GS-0976),ACC
T2246,COc1cc(C(=O)N2CCC(N3CCN(C)CC3)CC2)ccc1Nc1ncc2c(n1)N(C)c1ccccc1C(=O)N2C,570.7,3.44,97.4,1,9,5,1,0.2308,Denifanstat (TVB-2640),FASN
T2621,C[C@]12CC[C@H](O)C[C@H]1CC[C@@H]1[C@@H]2CC[C@]2(C)[C@@](O)(c3ccoc3)CC[C@]12O,374.52,3.99,73.8,3,4,1,0,0.2308,Obeticholic acid (OCA),FXR
T6915,CC(O)c1cc(C(=O)N[C@@H](C)Cn2ccc(-c3ccc(C#N)c(Cl)c3)n2)n[nH]1,398.85,2.67,119.6,3,5,6,0,0.2308,Resmetirom,THR-beta
T15022,CS(=O)(=O)Nc1ccc(-c2coc3cc(OCc4cccc(C(=O)O)c4)ccc3c2=O)cc1,465.48,4.11,122.9,2,6,7,0,0.2308,Cilofexor (GS-9674),FXR
T7796,Cc1noc(C)c1-c1ccc(C(=O)N2C(C(=O)O)CSC2c2ccccc2Cl)cc1,442.92,4.95,83.6,1,5,4,0,0.2300,Cilofexor (GS-9674),FXR
T7893,O=C(O)CCCN1CCC(OC(c2ccc(Cl)cc2)c2ccccn2)CC1,388.9,4.17,62.7,1,4,8,0,0.2299,Lanifibranor (IVA-337),PPAR-alpha/gamma/delta
T10031,Cc1cc(C(=O)O)nn1Cc1cc(Br)ccc1OCc1ccc(Cl)cc1Cl,470.15,5.59,64.3,1,3,6,1,0.2299,Lanifibranor (IVA-337),PPAR-alpha/gamma/delta
T13774,O=C(CCNC(=O)c1ccc(OC(F)(F)F)cc1)N[C@@H]1CCCc2ccccc21,406.4,3.9,67.4,2,3,6,0,0.2297,BI-1467335,AOC3/VAP-1
TQ0105,CC(C)C(=O)c1cn(CC(=O)COc2ccc(Oc3ccccc3)cc2)c2ccc(C(=O)O)cc12,471.51,5.62,94.8,1,5,10,1,0.2297,BI-1467335,AOC3/VAP-1
T50103,COc1ccc(CNS(=O)(=O)c2cc(C(=O)Nc3ccc(C)c(F)c3)ccc2F)cc1,446.48,4.01,84.5,2,4,7,0,0.2297,BI-1467335,AOC3/VAP-1
T20622,CS(=O)(=O)NC(=O)c1cc(Oc2ccc(C(F)(F)F)cc2Cl)ccc1[N+](=O)[O-],438.77,3.75,115.6,1,6,5,0,0.2297,BI-1467335,AOC3/VAP-1
T23897,CC(C)(CO)c1ccc(C(=O)Nc2cn3cc(-c4cn[nH]c4)ccc3n2)cc1,375.43,3.25,95.3,3,4,5,0,0.2297,BI-1467335,AOC3/VAP-1
T6S0105,C[C@H]1CC[C@@H]2N(C1)C[C@H]1[C@@H]3C[C@H]4[C@@H](CC(=O)[C@H]5C[C@@H](O)CC[C@@]54C)[C@@H]3CC[C@@H]1[C@]2(C)O,429.65,3.89,60.8,2,4,0,0,0.2289,Obeticholic acid (OCA),FXR
T6S0109,C[C@H]1CC[C@@H]2N(C1)C[C@H]1[C@@H]3C[C@H]4[C@@H](CC(=O)[C@H]5C[C@@H](O)CC[C@@]54C)[C@@H]3CC[C@H]1[C@]2(C)O,429.65,3.89,60.8,2,4,0,0,0.2289,Obeticholic acid (OCA),FXR
T16384,C[C@H](Nc1ccc(C#N)n(C)c1=O)c1cc2cc(Cl)ccc2[nH]c1=O,354.8,2.92,90.7,2,4,3,0,0.2289,Resmetirom,THR-beta
T24166,C[C@H](CC#CC(C)(C)O)[C@H]1CC[C@@H]2/C(=C/C=C3C[C@@H](O)C[C@H](O)C3)CCC[C@@]21C,400.6,4.76,60.7,3,3,3,0,0.2289,Obeticholic acid (OCA),FXR
T4245,COc1ccccc1-n1c(SCC(=O)Nc2nc3ccc(C)cc3s2)nc2c(c1=O)SCC2,496.64,4.54,86.1,1,8,6,0,0.2288,Firsocostat (GS-0976),ACC
T6986,CC(C)(C)C(=O)Oc1ccc(S(=O)(=O)Nc2ccccc2C(=O)NCC(=O)O)cc1,434.47,2.25,138.9,3,6,7,0,0.2286,BI-1467335,AOC3/VAP-1
T4639,COc1cccc(C(=O)COc2ccc(CC3SC(=O)NC3=O)cc2)c1,371.41,2.85,81.7,1,6,7,0,0.2286,BI-1467335,AOC3/VAP-1
T38715,COc1cccc(C(=O)COc2ccc(CC3SC(=O)[N-]C3=O)cc2)c1,370.41,3.64,83.8,0,6,7,0,0.2286,BI-1467335,AOC3/VAP-1
T3015,O=C(c1cc(Cc2n[nH]c(=O)c3ccccc23)ccc1F)N1CCN(C(=O)C2CC2)CC1,434.47,2.35,86.4,1,4,4,0,0.2283,Denifanstat (TVB-2640),FASN
T24105,Cn1c(-c2nc3cc(C(=O)N4CCCC(N)C4)ccc3n2C)cc2ccccc21,387.49,3.3,69.1,1,3,2,0,0.2283,Denifanstat (TVB-2640),FASN
T0667,O=C(O)c1cc(OCC(F)(F)F)ccc1OCC(F)(F)F,318.17,3.27,55.8,1,3,5,0,0.2281,BI-1467335,AOC3/VAP-1
T16136,CCCn1c(=O)c2[nH]c(-c3ccc(OCC(=O)Nc4ccc(C(C)=O)cc4)cc3)nc2n(CCC)c1=O,503.56,3.59,128.1,2,6,10,1,0.2278,BI-1467335,AOC3/VAP-1
T10479,CN1CCN(c2cnc3c(C4CCN(C(=O)c5ccc(OC(F)(F)F)cc5N)CC4)ncnc3c2)CC1,515.54,3.28,100.7,1,8,4,1,0.2277,Denifanstat (TVB-2640),FASN
T7373,Cc1ccc2cccc(NC(=O)c3ccc(OC(C)C)cc3)c2n1,320.39,4.58,51.2,1,3,4,0,0.2273,BI-1467335,AOC3/VAP-1
T22338,O=C(Nc1ccnc(NC(=O)C2CC2)c1)c1c(Cl)cccc1Cl,350.21,3.99,71.1,2,3,4,0,0.2273,Cilofexor (GS-9674),FXR
T72166,CC(C)Oc1ccc(NC(=O)c2ccc(-c3nnn[nH]3)cc2)cc1,323.36,2.91,92.8,2,5,5,0,0.2273,BI-1467335,AOC3/VAP-1
T27488,Cc1ccc(-c2ncc(OC[C@@H]3CCNC3)cc2-c2ccc(C#N)cc2)cc1,369.47,4.58,57.9,1,4,5,0,0.2273,Denifanstat (TVB-2640),FASN
T7360,CC(C)Oc1ncc(-c2nc(-c3cccc4c3ccn4CCCC(=O)O)no2)cc1Cl,440.89,5.06,103.3,1,6,8,1,0.2268,Lanifibranor (IVA-337),PPAR-alpha/gamma/delta
T25821,CCOC(=O)C1(CCOc2ccccc2)CCN(Cc2ccc(O)c(Cl)c2)CC1,417.93,4.66,59.0,1,5,8,0,0.2268,VK2809,THR-beta
T16140,CCCn1c(=O)c2nc(-c3ccc(OCC(=O)Nc4ccc(C#N)cc4)cc3)[nH]c2n(CCC)c1=O,486.53,3.26,134.8,2,6,9,0,0.2268,Denifanstat (TVB-2640),FASN
T9766,Cc1nc(-c2ccc(C(F)(F)F)cc2)sc1C(=O)NCc1ccc(OC(C)(C)C(=O)O)cc1,478.49,5.31,88.5,2,5,7,1,0.2267,BI-1467335,AOC3/VAP-1
T2341,O=C(c1ccc(/C=C/c2n[nH]c3ccccc23)cc1)N1CCNCC1,332.41,2.78,61.0,2,3,3,0,0.2262,Denifanstat (TVB-2640),FASN
T4089,O=C(O)CCN1C(=O)/C(=C2/C(=O)Nc3ccc(Cl)cc32)SC1=S,368.82,2.34,86.7,2,5,3,0,0.2262,Lanifibranor (IVA-337),PPAR-alpha/gamma/delta
T8827,CCn1c(-c2ccc(Cl)cc2Cl)cs/c1=N/c1ccc(S(N)(=O)=O)cc1,428.37,4.42,77.4,1,4,4,0,0.2262,Lanifibranor (IVA-337),PPAR-alpha/gamma/delta
T16321,Cc1cc2cc(NS(=O)(=O)c3ccc(C#N)cc3)ccc2n(C)c1=O,353.4,2.52,92.0,1,4,3,0,0.2262,Denifanstat (TVB-2640),FASN
T35353,CCOC(=O)N1CCN(c2ccc(OC[C@H]3CO[C@](Cn4ccnc4)(c4ccc(Cl)cc4Cl)O3)cc2)CC1,561.47,4.82,78.3,0,7,8,1,0.2261,Cilofexor (GS-9674),FXR
T15810,CC#C[C@@H](CC(=O)O)c1ccc(OCc2ccc(CN3CCCc4cccc(OC)c43)s2)cc1,475.61,5.87,59.0,1,5,9,1,0.2261,Firsocostat (GS-0976),ACC
T4642,CC(C)C(=O)Nc1ccc(NC(=S)NC(=O)c2ccc(C(C)(C)C)cc2)cc1,397.54,4.71,70.2,3,3,4,0,0.2258,BI-1467335,AOC3/VAP-1
T14782,O=C1COc2ccc(OCCCCN3CCN(c4cccc(Cl)c4Cl)CC3)cc2N1,450.37,4.31,54.0,1,5,7,0,0.2255,Cilofexor (GS-9674),FXR
T34787,Cc1cc(Nc2nc(CC3(C(=O)O)CCN(C(=O)c4cccc(Cl)c4Cl)CC3)ccc2F)n[nH]1,506.37,4.85,111.2,3,5,6,1,0.2255,Denifanstat (TVB-2640),FASN
T25015,O=C(Cc1c(F)cccc1Cl)Nc1onc(-c2ccc(F)cc2)c1-c1ccncn1,426.81,4.91,80.9,1,5,5,0,0.2255,Cilofexor (GS-9674),FXR
T1750,CCOC(=O)c1ccc(OCCC2CCN(c3ccc(C)nn3)CC2)cc1,369.47,3.65,64.5,0,6,7,0,0.2254,BI-1467335,AOC3/VAP-1
T2363,CC(C)(C)c1ccc(S(=O)(=O)NCc2ccc(C(=O)Nc3cccnc3)cc2)cc1,423.54,4.11,88.2,2,4,6,0,0.2254,BI-1467335,AOC3/VAP-1
T17255,COc1ccccc1N1C(=O)CSC1c1cccc(C(=O)NCCCCc2ccccc2)c1,460.6,5.23,58.6,1,4,9,1,0.2252,Firsocostat (GS-0976),ACC
T19959,CC(Oc1ccc(Oc2cnc3cc(Cl)ccc3n2)cc1)C(=O)O,344.75,3.93,81.5,1,5,5,0,0.2250,Lanifibranor (IVA-337),PPAR-alpha/gamma/delta
T21818,[H][C@@]12CC=C3C[C@@H](O)CC[C@]3(C)[C@@]1([H])CC[C@]1(C)[C@@H](C(C)=O)[C@H](C#N)C[C@@]21[H],341.5,4.26,61.1,1,3,1,0,0.2250,Obeticholic acid (OCA),FXR
T5A2461,CC(=O)O[C@H]1C[C@]2(O)[C@@H]3CC[C@@H]4C[C@@H](O)CC[C@]4(C)[C@H]3CC[C@]2(C)[C@H]1c1ccc(=O)oc1,444.57,3.78,97.0,2,6,2,0,0.2247,Obeticholic acid (OCA),FXR
T5360,CC(C)c1cc(Oc2c(Br)cc(NC(=O)CC(=O)O)cc2Br)ccc1O,487.14,5.25,95.9,3,4,6,1,0.2247,VK2809,THR-beta
T3707,N#Cc1ccnc(Nc2cc(C3CCN(C4COC4)CC3)cc(N3CCC(F)(F)C3)n2)c1,440.5,3.52,77.3,1,7,5,0,0.2245,Denifanstat (TVB-2640),FASN
T22264,N#Cc1cccnc1N1CCN(C(=O)c2cccc(Cc3n[nH]c(=O)c4ccccc34)c2)CC1,450.5,2.74,106.0,1,6,4,0,0.2245,Denifanstat (TVB-2640),FASN
T9023,Cc1cc(-c2ccc(C(=O)[C@@H]3CCCC[C@H]3C(=O)Nc3cnn4c3C(=O)NCC4)cc2)n[nH]1,446.51,2.95,121.8,3,5,5,0,0.2245,Denifanstat (TVB-2640),FASN
T9224,CC1(C)c2cc(N3CCC(N4CCOCC4)CC3)ccc2C(=O)c2c1[nH]c1cc(C#N)ccc21,454.57,4.21,72.4,1,5,2,0,0.2245,Denifanstat (TVB-2640),FASN
T9636,CC(=O)c1c(C)c2cnc(Nc3ccc(C4CCNCC4)cn3)nc2n(C2CCCC2)c1=O,446.56,4.02,101.8,2,7,5,0,0.2245,Denifanstat (TVB-2640),FASN
T28996,CNCCN1CCC(c2cc(CN(C)C(=O)c3cccc(Oc4ccccc4)c3)ccn2)CC1,458.61,4.54,57.7,1,5,9,0,0.2243,Cilofexor (GS-9674),FXR
T1941,O=C(NCCS(=O)(=O)c1ccc(C(F)(F)F)cn1)c1ccc(Cl)cc1,392.79,2.96,76.1,1,4,5,0,0.2239,BI-1467335,AOC3/VAP-1
T9217,CCc1c(-c2ccc(C(=O)NC)cc2)cnc(N)c1-c1ccc(O)cc1,347.42,3.63,88.2,3,4,4,0,0.2239,BI-1467335,AOC3/VAP-1
T3306,COc1ccc2cc(OCC3(C(=O)O)CN(C(=O)c4ccc(F)cc4)C3)ccc2c1,409.41,3.59,76.1,1,4,6,0,0.2234,Cilofexor (GS-9674),FXR
T10473,CC(=O)C1=C(C)N(c2cccc(C(F)(F)F)c2)C(=O)N[C@@H]1c1ccc(C#N)nc1,400.36,4.11,86.1,1,4,3,0,0.2234,Denifanstat (TVB-2640),FASN
T7165,Cc1onc(-c2ccc(F)cc2)c1COc1ccc(C(=O)N2CCS(=O)(=O)CC2)cn1,445.47,2.63,102.6,0,7,5,0,0.2233,Cilofexor (GS-9674),FXR
T22697,CCc1cc(CN2CC(C(=O)O)C2)sc1-c1noc(-c2ccc(Oc3ccccc3)cc2)n1,461.54,5.34,88.7,1,7,8,1,0.2233,Cilofexor (GS-9674),FXR
T5386,CC(C)Oc1ccc(S(=O)(=O)N2CCN(c3ccc(-c4ncco4)c(OCC(=O)O)c3)CC2)cc1,501.56,3.1,122.4,1,8,9,1,0.2232,Firsocostat (GS-0976),ACC
T0433,C[C@H]1[C@H](OC(=O)CCC(=O)O)O[C@@H]2O[C@@]3(C)CC[C@H]4[C@H](C)CC[C@@H]1[C@@]24OO3,384.43,2.6,100.5,1,7,4,0,0.2222,Obeticholic acid (OCA),FXR
T2250,CCN(CC)c1ccc(/C=N/NC(=O)c2ccc(O)cc2)cc1,311.39,3.0,64.9,2,4,6,0,0.2222,BI-1467335,AOC3/VAP-1
T6068,O=C(O)[C@]1(Cc2cccc(Nc3nccs3)n2)CC[C@@H](Oc2cccc(Cl)c2F)CC1,461.95,5.71,84.3,2,6,7,1,0.2222,Cilofexor (GS-9674),FXR
T5474,COc1ccc(Cc2ccc(NC(N)=O)cc2)cc1-c1cccc(Cl)c1,366.85,5.1,64.3,2,2,5,1,0.2222,VK2809,THR-beta
T8891,COc1ccccc1OCCN1CC(CCOc2cccc3[nH]c4ccccc4c23)OCC1=O,460.53,4.41,73.0,1,5,9,0,0.2222,Firsocostat (GS-0976),ACC
T14565,CN(C)c1nc(Cc2ccc(NC(=O)c3ccc(C(F)(F)F)cc3)cc2)nc(N(C)C)c1CC(=O)O,501.51,4.1,98.7,2,6,8,1,0.2222,BI-1467335,AOC3/VAP-1
T50064,COc1ccc(C(=O)COC(=O)c2cc(C)ccc2O)cc1,300.31,2.75,72.8,1,5,5,0,0.2222,BI-1467335,AOC3/VAP-1
T15236,O=C(Nc1ccc2ncccc2c1)C(=O)c1cn(Cc2ccc(Cl)cc2)c2ccccc12,439.9,5.71,64.0,1,3,5,1,0.2222,Lanifibranor (IVA-337),PPAR-alpha/gamma/delta
T29201,CC(C)(C)NC(=O)CN1CCC(CNC(=O)c2cc(F)cc(Cl)c2)CC1,383.9,2.84,61.4,2,3,5,0,0.2222,BI-1467335,AOC3/VAP-1
T9960,CCOc1ccc(NC(=O)Cn2c(=O)n(Cc3ccccc3)c(=O)c3c4c(sc32)CN(C(C)=O)CC4)cc1,532.62,3.22,102.6,1,6,7,1,0.2222,Firsocostat (GS-0976),ACC
T68002,N#Cc1ccc(C(=O)c2ccc(S[C@@H]3SC[C@@H](O)[C@H](O)[C@H]3O)cc2)cc1,387.48,2.04,101.6,3,7,4,0,0.2222,Denifanstat (TVB-2640),FASN
T26656,CCO[C@@H](Cc1ccc(OCCc2ccc(NC(=O)OC(C)(C)C)cc2)cc1)C(=O)O,429.51,4.69,94.1,2,5,10,0,0.2222,BI-1467335,AOC3/VAP-1
T68002L,N#Cc1ccc(C(=O)c2ccc(S[C@H]3SC[C@@H](O)[C@H](O)[C@H]3O)cc2)cc1,387.48,2.04,101.6,3,7,4,0,0.2222,Denifanstat (TVB-2640),FASN
T60165,CC(C)(OCc1cc(-c2cccc(OC3CC3)c2)n(-c2ccccc2Cl)n1)C(=O)O,426.9,5.11,73.6,1,4,8,1,0.2212,Cilofexor (GS-9674),FXR
T16502,[H][C@]12CCc3cc(C(=O)O)ccc3C1=NN(c1ccc(C#N)c(Cl)c1)[C@H]2C1CCCC1,419.91,5.26,76.7,1,4,3,1,0.2212,Cilofexor (GS-9674),FXR
T21666,N#Cc1ccc(N2CCN(C(=O)COc3ccc4[nH]cc(CCN)c4c3)CC2)cc1,403.49,2.27,98.4,2,5,6,0,0.2211,Denifanstat (TVB-2640),FASN
T14217,CC(=O)N1CCC(c2nccnc2Oc2ccc(C(=O)c3nc4ccccc4[nH]3)cc2)CC1,441.49,4.1,101.1,1,6,5,0,0.2211,Denifanstat (TVB-2640),FASN
T16788,Cc1cc(NC(=O)C(=O)c2cc(Cc3ccc(C#N)cc3)n3ccccc23)sn1,400.46,3.99,87.3,1,5,5,0,0.2211,Denifanstat (TVB-2640),FASN
T9106,CC(=O)N1CCN(C(=O)c2cc(-c3ccc(C)o3)nc3ccccc23)CC1,363.42,3.11,66.7,0,4,2,0,0.2209,Denifanstat (TVB-2640),FASN
T7264,COc1ccc2c(c1)c(C(=O)Nc1cc(C(=O)OC(C)(C)C)ccc1F)cn2C(C)=O,426.44,4.66,86.6,1,5,4,0,0.2208,BI-1467335,AOC3/VAP-1
T8497,O=C(Nc1ccc(F)cc1)c1cnc(SCc2cc(OC(F)(F)F)ccc2B(O)O)nc1,467.21,2.74,104.6,3,7,7,0,0.2208,BI-1467335,AOC3/VAP-1
T9013,CC(C)Oc1ccc(C(=O)Nc2nc3c(s2)CN(C(=O)OC(C)(C)C)CC3)cc1,417.53,4.48,80.8,1,6,4,0,0.2208,BI-1467335,AOC3/VAP-1
T21874,COC(=O)c1cnn(-c2ccc(F)cc2F)c1C=NNC(=S)NC(C)(C)C,395.44,2.53,80.5,2,5,4,0,0.2208,BI-1467335,AOC3/VAP-1
T15780,CN(CCNc1ccc2ncc(-c3ccc(C(N)=O)cc3)n2n1)C(=O)OC(C)(C)C,410.48,2.77,114.9,2,6,6,0,0.2208,BI-1467335,AOC3/VAP-1
T0151,CCOC(=O)COc1ccc2c(=O)cc(-c3ccccc3)oc2c1,324.33,3.4,65.7,0,5,5,0,0.2206,BI-1467335,AOC3/VAP-1
T8698,CCOc1cc(F)c(Cl)cc1C(=O)NCC(C)(C)CC(=O)O,331.77,3.11,75.6,2,3,7,0,0.2206,BI-1467335,AOC3/VAP-1
T27308,Cc1ccc(OCC(=O)N(Cc2cccs2)c2cc[nH]n2)cc1,327.41,3.39,58.2,1,4,6,0,0.2206,BI-1467335,AOC3/VAP-1
T4485,C=CC(=O)Nc1cc(Nc2nccc(-n3cc(CN(C)C)c(-c4ccccc4)n3)n2)c(OC)cc1N1CCOCC1,554.66,4.1,109.7,2,9,10,1,0.2205,Firsocostat (GS-0976),ACC
T2626,Cc1cc(C(=O)C2=C(O)C(=O)N(CCCN3CCOCC3)C2c2ccncc2)ccc1OCc1ccccc1,527.62,4.27,92.2,1,7,10,1,0.2203,Firsocostat (GS-0976),ACC
T19578,O=C(NCc1ccccc1)c1ccc(S(=O)(=O)NCc2ccccc2)cc1,380.47,3.1,75.3,2,3,7,0,0.2203,BI-1467335,AOC3/VAP-1
T6400,CC(=O)N1CCN(CCOc2ccc(C3CCN(C4=Nn5c(nnc5C(F)(F)F)CC4)CC3)cc2)CC1,519.57,2.83,79.1,0,7,5,1,0.2200,Denifanstat (TVB-2640),FASN
T10676,CCCc1nn(C)c2c(=O)[nH]c(-c3cc(C(=O)N4CCN(CC)CC4)ccc3OCC)nc12,452.56,2.45,96.4,1,6,7,0,0.2200,Denifanstat (TVB-2640),FASN
T23438,COc1cccc(-n2nc(C(=O)O)cc2-c2ccc(C3CCCCC3)c(Cl)c2)c1,410.9,5.95,64.3,1,3,5,1,0.2200,Cilofexor (GS-9674),FXR
T73440,O=C(O)C1CC(OCCOc2ccc(-c3cc(=O)c4cccc(Cl)c4o3)cc2)C1,414.84,4.37,86.0,1,5,7,0,0.2200,Cilofexor (GS-9674),FXR
T27229,Cc1ccnc2c1nc(C1CC1)n2Cc1ccc(-c2ccccc2C(=O)O)cc1,383.45,5.03,68.0,1,3,5,1,0.2200,Cilofexor (GS-9674),FXR
T6288,Cc1ccccc1C(=O)Nc1ccc(C(=O)N2CCCC(N(C)C)c3ccccc32)cc1,427.55,5.29,52.7,1,3,4,1,0.2198,Denifanstat (TVB-2640),FASN
T6366,NC(=O)c1cccc2[nH]c(-c3ccc([C@@H]4CCCN4)cc3F)nc12,324.36,2.89,83.8,3,3,3,0,0.2198,Denifanstat (TVB-2640),FASN
T13804,CCC(=O)Nc1c(C)cc(C(=O)N2CCC(N(C)CCc3ccccc3)CC2)cc1C,421.59,4.43,52.7,1,3,7,0,0.2198,Denifanstat (TVB-2640),FASN
T22762,N#Cc1c[nH]c2c(C(=O)N3CCN(CCc4ccc(F)cc4)CC3)cccc12,376.44,3.18,63.1,1,3,4,0,0.2198,Denifanstat (TVB-2640),FASN
T4027,O=C(Nc1nc2ccc3scnc3c2s1)c1ccc2ccccc2c1,361.45,5.31,54.9,1,5,2,1,0.2195,Lanifibranor (IVA-337),PPAR-alpha/gamma/delta
T1895,CNC(=O)c1cc(Oc2ccc(NC(=O)c3cccc(C(F)(F)F)c3)cc2)ccn1,415.37,4.5,80.3,2,4,5,0,0.2192,BI-1467335,AOC3/VAP-1
T72037,COc1ccc(C(=O)Nc2cccc(S(=O)(=O)NCc3ccco3)c2)cc1,386.43,3.02,97.6,2,5,7,0,0.2192,BI-1467335,AOC3/VAP-1
T78392,CCOC(=O)COc1cc(NS(=O)(=O)c2ccc(C)cc2)c2nc(C)ccc2c1,414.48,3.59,94.6,1,6,7,0,0.2192,BI-1467335,AOC3/VAP-1
T8512,CCn1c(=O)c2c(C)c(C(=O)N3CCC(O)CC3)sc2n(CCC(F)(F)F)c1=O,433.45,2.1,84.5,1,5,4,0,0.2190,Firsocostat (GS-0976),ACC
T26730,Cc1noc(C)c1Cn1cc(C#N)c2cc(Oc3ccc(NC(=O)[C@@H]4CCCN4)cc3)ccc21,455.52,4.65,105.1,2,6,6,0,0.2190,Denifanstat (TVB-2640),FASN
T6176,O=C(c1ccc(Nc2nccc(-c3cc4ccccc4s3)n2)cc1)N1CCC(N2CCCC2)CC1,483.64,5.8,61.4,1,6,5,1,0.2188,Denifanstat (TVB-2640),FASN
T30520,CC1=C(C(=O)N2CCC[C@H]2c2ccc(F)cc2)[C@@H](c2ccc(Cl)c(Cl)c2)n2nccc2N1,471.36,5.98,50.2,1,3,3,1,0.2188,Denifanstat (TVB-2640),FASN
T83639,COc1cccc(-c2ccc(NC(=O)Nc3ccc(C(=O)NO)cc3)cc2)c1,377.4,4.13,99.7,4,4,5,0,0.2188,BI-1467335,AOC3/VAP-1
T37622,CNc1nc(CNCC2(F)CCN(C(=O)c3ccc(F)c(Cl)c3)CC2)ccc1C,422.91,3.96,57.3,2,4,6,0,0.2188,Denifanstat (TVB-2640),FASN
T36035,O=C(Nc1ncc([N+](=O)[O-])s1)c1ccc(C(F)(F)F)cc1,317.25,3.32,85.1,1,5,3,0,0.2188,BI-1467335,AOC3/VAP-1
T21318,Cc1cc(C)cc(NC(=O)Cc2ccc(OC(C)(C)C(=O)O)cc2)c1,341.41,3.73,75.6,2,3,6,0,0.2188,BI-1467335,AOC3/VAP-1
T88533,O=C(N[C@H](Cc1ccccc1)C(=O)O)c1cccc(OCc2cccnc2)c1,376.41,3.09,88.5,2,4,8,0,0.2188,Cilofexor (GS-9674),FXR
TN3243,COc1cc(O)c2c(c1)O[C@H](c1ccc(O)c(O)c1)CC2=O,302.28,2.52,96.2,3,6,2,0,0.2184,VK2809,THR-beta
T12684,O=C(O)c1cc(Cl)ccc1S(=O)(=O)NCCCCN1C(=O)c2cccc3cccc(c23)C1=O,486.93,3.55,120.8,2,5,8,0,0.2184,Lanifibranor (IVA-337),PPAR-alpha/gamma/delta
T34249,Cc1cc2nc3c4cc(Cl)ccc4n(CC(=O)NCCN(C)C)c3nc2cc1C,409.92,3.69,63.1,1,4,5,0,0.2184,Lanifibranor (IVA-337),PPAR-alpha/gamma/delta
T14776,Cc1cc(-c2nc3cnc(C4CCOCC4)cc3n2[C@@H](C)c2ccccc2)nn(C)c1=O,429.52,4.0,74.8,0,5,4,0,0.2182,Firsocostat (GS-0976),ACC
T14551,COc1cc(CNCCC2CCOCC2)ccc1Oc1cnc(C(N)=O)cn1,386.45,2.28,108.6,2,7,9,0,0.2182,Firsocostat (GS-0976),ACC
T2196,N#Cc1nn(-c2c(Cl)cc(C(F)(F)F)cc2Cl)c(N)c1[S+]([O-])C(F)(F)F,437.15,4.28,90.7,1,4,2,0,0.2179,Resmetirom,THR-beta
T2603,C=CC(=O)Nc1cccc(Nc2nc(Nc3ccc(OCCOC)cc3)ncc2F)c1,423.45,4.25,97.4,3,7,10,0,0.2179,BI-1467335,AOC3/VAP-1
T4224,CS(=O)(=O)Nc1ccc(C(=O)NCc2ccc(Cl)cc2Cl)cc1,373.26,3.29,75.3,2,3,5,0,0.2179,Lanifibranor (IVA-337),PPAR-alpha/gamma/delta
T27806,C[C@H](CN(C(=O)c1ccc(C#N)cc1)c1ccccn1)N1CCN(c2cccc3c2OCCO3)CC1,483.57,3.58,81.9,0,7,6,0,0.2178,Denifanstat (TVB-2640),FASN
T32088,CS(=O)(=O)N1CCC(c2ccc(-c3cc4nccnc4c(NC[C@@H]4CNCCO4)n3)cc2)CC1,482.61,2.23,109.3,2,8,6,0,0.2178,Denifanstat (TVB-2640),FASN
T1818,CN(C)CCCCC(=O)Nc1ccc(NC(=S)NC(=O)c2ccc(C(C)(C)C)cc2)cc1,454.64,4.78,73.5,3,4,8,0,0.2174,BI-1467335,AOC3/VAP-1
T2515,Cc1nc(C(=O)NCC(=O)O)c(O)c2ccc(Oc3ccccc3)cc12,352.35,2.86,108.8,3,5,5,0,0.2174,BI-1467335,AOC3/VAP-1
T6077,COc1cc2c(Nc3ccc(NC(=O)c4ccccc4)cc3)ncnc2cc1OCCCN1CCOCC1,513.6,4.74,97.8,2,8,10,1,0.2174,Firsocostat (GS-0976),ACC
T5401,CC(C)(C)S(=O)(=O)c1cc2c(Nc3ccc4scnc4c3)ncnc2cc1OCCO,458.57,3.93,114.3,2,9,6,0,0.2174,Lanifibranor (IVA-337),PPAR-alpha/gamma/delta
T7281,Cc1cnc(CNCC2(F)CCN(C(=O)c3ccc(F)c(Cl)c3)CC2)nc1,394.85,3.31,58.1,1,4,5,0,0.2174,Denifanstat (TVB-2640),FASN
TN1691,CC(C)=CCc1cc([C@@H]2CC(=O)c3ccc(O)c(CC=C(C)C)c3O2)ccc1O,392.5,5.82,66.8,2,4,5,1,0.2174,VK2809,THR-beta
T12454,CCc1c(C)sc(NC(=S)NC(=O)c2ccc(Cl)cc2)c1C(N)=O,381.91,3.5,84.2,3,4,4,0,0.2174,BI-1467335,AOC3/VAP-1
T9495,COC(=O)C(C)Oc1ccc(Oc2ncc(C(F)(F)F)cc2Cl)cc1,375.73,4.49,57.7,0,5,5,0,0.2174,BI-1467335,AOC3/VAP-1
T20663,CCOc1cc(Oc2ccc(C(F)(F)F)cc2Cl)ccc1[N+](=O)[O-],361.7,5.46,61.6,0,4,5,1,0.2174,BI-1467335,AOC3/VAP-1
T28544,CCOC(=O)Nc1ccc(NCc2ccc(C(F)(F)F)cc2)c(F)c1N,371.33,4.61,76.4,3,4,5,0,0.2174,BI-1467335,AOC3/VAP-1
T61496,CC(=O)Nc1ccc(Nc2ncnc(NCCC(=O)OC(C)(C)C)n2)cc1,372.43,2.72,118.1,3,8,7,0,0.2174,BI-1467335,AOC3/VAP-1
T12184,CS(=O)(=O)NC(=O)c1cc(Cl)c(COc2ccc(Cl)c(Cl)c2)cc1F,426.68,4.05,72.5,1,4,5,0,0.2174,BI-1467335,AOC3/VAP-1
T13352,Cn1c(=O)c2c(ncn2CCCN2CCC(OC(c3ccccc3)c3ccccc3)CC2)n(C)c1=O,487.6,3.09,74.3,0,5,8,0,0.2170,Firsocostat (GS-0976),ACC
T10084,Cc1c(CC(=O)O)c(-c2ccccc2)nn1Cc1ccccc1S(=O)(=O)N1CCOCC1,455.54,2.55,101.7,1,5,7,0,0.2170,Firsocostat (GS-0976),ACC
T0694,O=C(Nc1cccc2c(=O)cc(-c3nn[nH]n3)oc12)c1ccc(OCCCCc2ccccc2)cc1,481.51,4.63,123.0,2,7,9,0,0.2169,BI-1467335,AOC3/VAP-1
T9247,CC(C)c1nc2cc(O)ccc2c(=O)n1-c1ccc(C#N)cc1,305.34,3.09,78.9,1,4,2,0,0.2169,Denifanstat (TVB-2640),FASN
T15649,CC(C)c1c(-c2cnn(C(C)(C)C)c2)nc2c(C#N)c[nH]n2c1=O,324.39,2.64,91.8,1,4,2,0,0.2169,Resmetirom,THR-beta
T25548,CNS(=O)(=O)c1ccc(CCNC(=O)c2cc(Cl)ccc2OC)cc1,382.87,2.23,84.5,2,4,7,0,0.2169,Lanifibranor (IVA-337),PPAR-alpha/gamma/delta
TN1987,COc1c(C(C)C)cc(O)c2c1CC[C@H]1C3=C(CC[C@]21C)C(=O)OC3,342.44,3.99,55.8,1,4,2,0,0.2165,VK2809,THR-beta
T2488,Cc1cc(-c2nc(-c3ccc(OC(F)(F)F)cc3)no2)nn1Cc1ccnc(N2CCN(C3CC3)CC2)c1,525.54,4.53,85.3,0,8,7,1,0.2162,Cilofexor (GS-9674),FXR
T4312,Cc1c(CCC(=O)O)ccc(OCc2cc(Cl)cc3c2OC(C)(C)C3)c1C,388.89,5.27,55.8,1,3,6,1,0.2159,Lanifibranor (IVA-337),PPAR-alpha/gamma/delta
T4529,COc1ccc2[nH]c(C(=O)N3CCC(CC(C)(C)O)CC3)cc2c1,330.43,3.19,65.6,2,3,4,0,0.2159,Denifanstat (TVB-2640),FASN
T22703,Cc1cc(C(=O)Cn2cc(C#N)ccc2=O)c(C)n1Cc1ccccc1,345.4,3.07,67.8,0,3,5,0,0.2159,Denifanstat (TVB-2640),FASN
T12902,Cc1n[nH]c2c1C(c1cc(Cl)cc(Cl)c1)(C1CCC1)C(C#N)=C(N)O2,375.26,4.2,87.7,2,4,2,0,0.2159,Denifanstat (TVB-2640),FASN
T39000,CC(C)(C)C(=O)NCc1ccc(Cl)c(-c2nn(-c3ccc(C(F)(F)F)cc3)c(=O)[nH]2)c1,452.86,4.56,79.8,2,3,4,0,0.2159,Resmetirom,THR-beta
T1936,CCc1cc2c(cc1N1CCC(N3CCOCC3)CC1)C(C)(C)c1[nH]c3cc(C#N)ccc3c1C2=O,482.63,4.77,72.4,1,5,3,0,0.2157,Denifanstat (TVB-2640),FASN
T201572,CN1CCN([C@@H]2CCCN(c3cnc(C(N)=O)c(Nc4ccc(C5CCNCC5)cc4)n3)C2)C1=O,478.6,2.12,119.7,3,7,6,0,0.2157,Denifanstat (TVB-2640),FASN
T6482,Cc1cc(C)cc(NC(=O)Cc2ccc(OC(C)(C)C(=O)[O-])cc2)c1,340.4,2.39,78.5,1,4,6,0,0.2154,BI-1467335,AOC3/VAP-1
T36520,CCc1c(C)sc(NC(=O)c2ccc(Cl)cc2)c1C(=O)OC,337.83,4.31,55.4,1,4,4,0,0.2154,BI-1467335,AOC3/VAP-1
T9745,COc1ccccc1NC(=O)NCc1ccc(C(=O)NO)cc1,315.33,2.14,99.7,4,4,5,0,0.2154,BI-1467335,AOC3/VAP-1
T4355,CC(=O)NCCCOc1ccc(C(=O)N2CCC(N3C(=O)CCc4ccccc43)CC2)cc1,449.55,3.18,79.0,1,4,7,0,0.2152,BI-1467335,AOC3/VAP-1
T10572,CC(=O)Nc1cc2c(cn1)COc1cc(OC[C@@](C)(N)CC(C)C)ccc1-2,369.47,3.74,86.5,2,5,6,0,0.2152,BI-1467335,AOC3/VAP-1
T1863,O=C(Nc1ccc(CN2CCOCC2)cc1)c1ccc(-c2cccc(Cl)c2)o1,396.87,4.68,54.7,1,4,5,0,0.2151,VK2809,THR-beta
T8874,Cc1noc(C)c1-c1cc(Cl)c(Nc2ccccc2C(=O)O)c(Cl)c1,377.23,5.71,75.4,2,4,4,1,0.2151,Cilofexor (GS-9674),FXR
T14048,CC(=O)Oc1ccc2c(c1)Oc1cc(OC(C)=O)ccc1C21OC(=O)c2cc(C(=O)O)ccc21,460.39,3.8,125.4,1,8,3,0,0.2151,Cilofexor (GS-9674),FXR
T2249,O=C(O)c1cc(C(F)(F)F)ccc1N1CC[C@H](OCc2ccccn2)C1,366.34,3.59,62.7,1,4,5,0,0.2150,Firsocostat (GS-0976),ACC
T10521,COc1cc2c(cc1-c1c(C)noc1C)cc(C)c(=O)n2Cc1ccccn1,375.43,4.03,70.2,0,5,4,0,0.2150,Firsocostat (GS-0976),ACC
T11823,N#Cc1ncc2cc(COc3ccc(C(=O)NCc4cccnc4)cc3)n(CCC3CCCCC3)c2n1,494.6,5.18,105.7,1,6,9,1,0.2150,Denifanstat (TVB-2640),FASN
T6279,CCN(CC)Cc1ccc2cc(COC(=O)Nc3ccc(C(=O)NO)cc3)ccc2c1,421.5,4.55,90.9,3,5,8,0,0.2143,BI-1467335,AOC3/VAP-1
T5110,COc1cc(N2CCOCC2)ccc1NC(=O)c1csc(-c2cccnc2)n1,396.47,3.3,76.6,1,7,5,0,0.2143,Firsocostat (GS-0976),ACC
T5632,CC(C)c1ccc(CC(=O)N[C@H](C)c2ccc(OCC(F)(F)F)cn2)cc1,380.41,4.57,51.2,1,3,7,0,0.2143,BI-1467335,AOC3/VAP-1
T8349,CC(=O)Oc1ccc(C(=C2CCCCC2)c2ccc(OC(C)=O)cc2)cc1,364.44,5.3,52.6,0,4,4,1,0.2143,BI-1467335,AOC3/VAP-1
T8890,NCCCOc1cc2ccccc2cc1C(=O)Nc1ccc(Cl)cc1O,370.84,4.18,84.6,3,4,6,0,0.2143,BI-1467335,AOC3/VAP-1
T13323,COc1cc(C(=O)Nc2cc(OC(F)(F)F)ccc2-n2cncn2)ccc1OCC1CC1,448.4,4.22,87.5,1,6,8,0,0.2143,BI-1467335,AOC3/VAP-1
T12527L,Cc1cc(OC/C=C(/c2ccc(F)cc2)c2ccc(C#CCN3CCOCC3)cc2)ccc1OCC(=O)O,515.58,4.79,68.2,1,5,9,1,0.2143,BI-1467335,AOC3/VAP-1
T72985,CC(C)(c1ccc(OCc2ccnc(NS(C)(=O)=O)n2)cc1)c1cc(Cl)c(OCCCl)c(C#N)c1,535.45,4.9,114.2,1,7,10,1,0.2143,BI-1467335,AOC3/VAP-1
T68514,O=C(O)COc1cccc(NC(=O)c2cc(-c3cccc(F)c3)ccc2F)c1,383.35,4.35,75.6,2,3,6,0,0.2143,BI-1467335,AOC3/VAP-1
T78207,CCOC(=O)c1cnc2[nH]ccc2c1N[C@@H]1CCCN(C(=O)CC#N)C1,355.4,2.06,111.1,2,6,5,0,0.2143,Denifanstat (TVB-2640),FASN
T19537,CCOC(=O)[C@@H](C)Oc1ccc(Oc2cnc3cc(Cl)ccc3n2)cc1,372.81,4.41,70.5,0,6,6,0,0.2143,Lanifibranor (IVA-337),PPAR-alpha/gamma/delta
T19964,CCOC(=O)C(C)Oc1ccc(Oc2cnc3cc(Cl)ccc3n2)cc1,372.81,4.41,70.5,0,6,6,0,0.2143,Lanifibranor (IVA-337),PPAR-alpha/gamma/delta
T3444,COc1cc(NC(=O)Nc2cccc(CNC(=O)O[C@H]3CCOC3)c2)ccc1-c1cnco1,452.47,4.01,124.0,3,7,7,0,0.2137,Firsocostat (GS-0976),ACC
T3506,Cc1cc(C(=O)Nc2nc3cccc(Cl)c3n2[C@@H]2CCCCN(C(=O)/C=C/CN(C)C)C2)ccn1,495.03,4.32,83.4,1,5,6,0,0.2137,Cilofexor (GS-9674),FXR
T63909,N#Cc1ccc(COc2cccc(C3=CCN(Cc4nc5ccc(C(=O)O)cc5n4C[C@@H]4CCO4)CC3)n2)c(F)c1,553.59,4.8,113.5,1,7,9,1,0.2137,Denifanstat (TVB-2640),FASN
T0207,COc1ccccc1OCC(O)CN1CCN(CC(=O)Nc2c(C)cccc2C)CC1,427.55,2.31,74.3,2,6,9,0,0.2136,Firsocostat (GS-0976),ACC
T1989,CCNC(=O)c1noc(-c2cc(C(C)C)c(O)cc2O)c1-c1ccc(CN2CCOCC2)cc1,465.55,4.13,108.1,3,7,7,0,0.2136,VK2809,THR-beta
T16110,CC(C)OC(=O)NC1CCN(Cc2cc(Cl)c3cccnc3c2O)CC1,377.87,3.69,74.7,2,5,4,0,0.2136,Cilofexor (GS-9674),FXR
T10674,Cc1cc(N2CCOCC2)nc(C)c1NC(=O)OCc1ccccc1,341.41,3.28,63.7,1,5,4,0,0.2136,Firsocostat (GS-0976),ACC
T23889,CCOc1ccc(C2=Nn3c(nnc3-c3ccccc3OC)SC2)cc1,366.45,3.71,61.5,0,6,5,0,0.2136,Firsocostat (GS-0976),ACC
T17239,C[C@@H](CN1CCC(n2c(=O)[nH]c3cc(Cl)ccc32)CC1)NC(=O)c1ccc2ccccc2c1,462.98,4.59,70.1,2,3,5,0,0.2136,VK2809,THR-beta
T2402,CN1c2ccccc2C(NCCCCCCC(=O)[O-])c2ccc(Cl)cc2S1(=O)=O,435.95,2.86,89.5,1,5,8,0,0.2135,Lanifibranor (IVA-337),PPAR-alpha/gamma/delta
T3465,COc1ccc(C(=O)N2CCN(c3ccc4c(c3)CCC(=O)N4)CC2)cc1OC,395.46,2.55,71.1,1,5,4,0,0.2135,Denifanstat (TVB-2640),FASN
T4208,CCN(CC)c1nc2c(S(=O)(=O)c3ccc(Cl)cc3)nnn2c2cc(OC)c(OC)cc12,475.96,3.63,98.9,0,8,7,0,0.2135,Lanifibranor (IVA-337),PPAR-alpha/gamma/delta
T7947,O=C(c1ccc(-c2nc3ccc(F)cc3o2)cc1)N1CCN(C(=O)C2(O)CC2)CC1,409.42,2.44,86.9,1,5,3,0,0.2135,Denifanstat (TVB-2640),FASN
T8571,Cc1cccc(N2CCN(C(=O)c3cc(S(=O)(=O)N(C)C)ccc3N3CCCC3)CC2)c1C,470.64,3.12,64.2,0,5,5,0,0.2135,Denifanstat (TVB-2640),FASN
T2277,Cc1c(F)cc(C(=O)NC2CC2)cc1-c1ccc(C(=O)NCC(C)(C)C)cn1,383.47,3.86,71.1,2,3,5,0,0.2133,BI-1467335,AOC3/VAP-1
T27312,O=C(O)Cc1sc(-c2ccccc2)nc1-c1ccc(Cl)cc1,329.81,4.76,50.2,1,3,4,0,0.2133,Lanifibranor (IVA-337),PPAR-alpha/gamma/delta
T6694,CC1(C)CCC(C)(C)c2cc(NC(=O)c3ccc(C(=O)O)cc3)ccc21,351.45,4.99,66.4,2,2,3,0,0.2131,BI-1467335,AOC3/VAP-1
T68083L,CC(C)C(=O)Oc1cc(OC(=O)C(C)C)cc(C(O)CNC(C)(C)C)c1,365.47,3.23,84.9,2,6,7,0,0.2131,BI-1467335,AOC3/VAP-1
T78127,C[C@H](NCc1ccc(-c2ccc(C(F)(F)F)cc2)cc1)C(N)=O,322.33,3.34,55.1,2,2,5,0,0.2131,BI-1467335,AOC3/VAP-1
T3547,CCOc1ccc(Cc2cc([C@@H]3O[C@H](SC)[C@@H](O)[C@H](O)[C@H]3O)ccc2Cl)cc1,424.95,3.17,79.2,3,6,6,0,0.2128,VK2809,THR-beta
T8977,CC(CC(=O)Nc1ccc2nc(-c3cscn3)[nH]c2c1)c1cccc(Cl)c1,396.9,5.47,70.7,2,4,5,1,0.2128,Lanifibranor (IVA-337),PPAR-alpha/gamma/delta
T14057,CC(=O)Oc1ccc2c(c1)Oc1cc(OC(C)=O)ccc1C21OC(=O)c2ccc(C(=O)O)cc21,460.39,3.8,125.4,1,8,3,0,0.2128,Cilofexor (GS-9674),FXR
T9969,CC(=O)N1CCN([C@H]2CCC[C@@H](NC(=O)c3cc4c(F)ccc(C)c4[nH]3)C2)CC1,400.5,2.82,68.4,2,3,3,0,0.2128,Denifanstat (TVB-2640),FASN
T28073,Oc1c(CN2CCN(c3ccccn3)CC2)cc(Cl)c2cccnc12,354.84,3.31,52.5,1,5,3,0,0.2128,Cilofexor (GS-9674),FXR
T12935,CCN1CCC(c2cc(C)c3nc(-c4cc5c(C)nc(C)cn5n4)cc(=O)n3c2)CC1,416.53,3.53,67.8,0,5,3,0,0.2128,Denifanstat (TVB-2640),FASN
T10649,CC1CCN(c2cc(N3CCN(C)CC3)ccc2NC(=O)c2cc(C#N)c[nH]2)CC1,406.53,3.13,78.4,2,5,4,0,0.2128,Denifanstat (TVB-2640),FASN
T68077,COC(=O)C1=C(C)NC(C)=C(C(=O)OCC2CCCO2)C1c1ccccc1[N+](=O)[O-],416.43,2.72,117.0,1,8,6,0,0.2128,Denifanstat (TVB-2640),FASN
T87407,O=C(CCl)NC1CCN(c2cnc(-c3ccccc3)c(-c3ccccc3)n2)CC1,406.92,4.13,58.1,1,4,5,0,0.2128,Cilofexor (GS-9674),FXR
T25193,O=C(Nc1ccc(Oc2ncccn2)cc1C(=O)O)c1ccc(Cl)cc1Cl,404.21,4.53,101.4,2,5,5,0,0.2128,Cilofexor (GS-9674),FXR
T78876,O=C(COc1ccc(Cl)cc1)NC12CC(c3nnc([C@H]4C[C@@H](OC(F)(F)F)C4)o3)(C1)C2,457.84,3.87,86.5,1,6,7,0,0.2125,BI-1467335,AOC3/VAP-1
T2120,COc1cc2c(cc1-c1c(C)noc1C)ncc1[nH]c(=O)n([C@H](C)c3ccccn3)c12,415.45,4.16,98.8,1,6,4,0,0.2124,Firsocostat (GS-0976),ACC
T0378,CCCCOc1cc(C(=O)OCCN(CC)CC)ccc1N,308.42,2.95,64.8,1,5,10,0,0.2121,BI-1467335,AOC3/VAP-1
T4600,O=C(Nc1ncc(-c2cc(C(F)F)nn2-c2c(Cl)cccc2Cl)s1)C1CC1,429.28,5.59,59.8,1,4,5,1,0.2121,Cilofexor (GS-9674),FXR
T8733,CC(C)=CCOc1ccc(C2=C(CC(C)C)C(=O)OC2=O)cc1,314.38,3.91,52.6,0,4,6,0,0.2121,BI-1467335,AOC3/VAP-1
T73350,CCc1ccccc1C(=O)Nc1n[nH]c2c(C)c(F)c(C3C(C#N)=C(C)N(C)C(C)=C3C#N)cc12,468.54,5.45,108.6,2,5,4,1,0.2121,Denifanstat (TVB-2640),FASN
T29421,CC(C)(CCc1ccc(C(N)=O)cc1)NC[C@H](O)c1ccccc1,326.44,2.82,75.3,3,3,8,0,0.2121,BI-1467335,AOC3/VAP-1
T83951,O=C(Nc1ccccc1)N1CCN(C(=O)c2cccc(OCCC3CCCCC3)c2)CC1,435.57,5.03,61.9,1,3,6,1,0.2121,Cilofexor (GS-9674),FXR
T3725,O=C(CCCS)NC1CCN(C(=O)COc2ccc(Cl)cc2Cl)CC1,405.35,3.19,58.6,2,4,7,0,0.2118,Lanifibranor (IVA-337),PPAR-alpha/gamma/delta
T4A2456,C[C@]12CC[C@H](O)C[C@H]1CC[C@@H]1[C@@H]2[C@H](O)C[C@]2(C)[C@@H](c3ccc(=O)oc3)CC[C@]12O,402.53,3.21,90.9,3,5,1,0,0.2118,Obeticholic acid (OCA),FXR
T5A2455,C[C@]12CC[C@H](O)C[C@H]1CC[C@@H]1[C@@H]2[C@H](O)C(=O)[C@]2(C)[C@@H](c3ccc(=O)oc3)CC[C@]12O,416.51,2.39,108.0,3,6,1,0,0.2118,Obeticholic acid (OCA),FXR
TQ0065,[H][C@]12CC[C@@]3([H])[C@@]4(O)CC[C@H](c5ccc(=O)oc5)[C@@]4(C)[C@@H](O)C(=O)[C@]3([H])[C@@]1(C)CC[C@H](O)C2,416.51,2.39,108.0,3,6,1,0,0.2118,Obeticholic acid (OCA),FXR
T16861,O=C(O)C[C@@]1(O)C[C@@H](CCCCCCc2ccc(Cl)cc2Cl)OC1=O,389.28,4.01,83.8,2,4,9,0,0.2118,Lanifibranor (IVA-337),PPAR-alpha/gamma/delta
T10203,O=C(O)c1ccccc1NC(=O)N1CCC(c2ccccc2C(F)(F)F)CC1,392.38,4.82,69.6,2,2,3,0,0.2118,Denifanstat (TVB-2640),FASN
TN1459,[H][C@]12CC[C@@]3([H])[C@@]4(O)CC[C@]([H])(c5ccc(=O)oc5)[C@@]4(C)[C@H](O)C(=O)[C@]3([H])[C@@]1(C)CC[C@H](O)C2,416.51,2.39,108.0,3,6,1,0,0.2118,Obeticholic acid (OCA),FXR
T60164,O=C(O)c1ccc2noc(-c3ccc(-c4ccccc4)cc3)c2c1,315.33,4.86,63.3,1,3,3,0,0.2118,Cilofexor (GS-9674),FXR
T61274,NC(=O)c1c(F)ccc(OCc2nc3cc(Cl)cnc3s2)c1F,355.75,3.3,78.1,1,5,4,0,0.2118,Lanifibranor (IVA-337),PPAR-alpha/gamma/delta
T4210,NC(=O)c1nc(-c2c(F)cccc2Cl)oc1Nc1ccc(C(=O)N2CCOCC2)cc1,444.85,3.45,110.7,2,6,5,0,0.2115,Cilofexor (GS-9674),FXR
T22379L,O=C(c1ccc(F)c(Cl)c1)N1CCC(F)(CNCCOc2ccccn2)CC1,409.86,3.49,54.5,1,4,7,0,0.2115,Cilofexor (GS-9674),FXR
T9721,COc1cc(C(=O)N[C@@H]2C[C@H]3CCC[C@@H](C2)N3CC(=O)Nc2ccccc2Cl)cc(OC)c1OC,502.01,4.12,89.1,2,6,8,1,0.2115,Cilofexor (GS-9674),FXR
T10730,COc1ccc(C(CC(N)=O)N2C(=O)c3ccccc3C2=O)cc1OC1CCCC1,408.45,3.23,98.9,1,5,7,0,0.2115,Firsocostat (GS-0976),ACC
T1817,NC(=O)c1cccc(-c2cc(Nc3ccc(OC(F)(F)F)cc3)ncn2)c1,374.32,3.88,90.1,2,5,5,0,0.2113,BI-1467335,AOC3/VAP-1
T2607,CCc1ccc(C(=O)COc2ccc(CC3SC(=O)NC3=O)cc2)nc1,370.43,2.8,85.4,1,6,7,0,0.2113,BI-1467335,AOC3/VAP-1
T77501,O=C(CNC(=O)c1ccc(Oc2ccccc2)cc1)NC1CCCc2ccccc21,400.48,4.4,67.4,2,3,6,0,0.2113,BI-1467335,AOC3/VAP-1
T10261,CCOc1c(Br)cc(C(=O)Nc2ccc(C(=O)O)cc2)cc1C(=O)c1ccc(C)cc1,482.33,5.34,92.7,2,4,7,1,0.2113,BI-1467335,AOC3/VAP-1
T71368,CNC(=O)c1ccc2ncc(C(=O)O)c(Nc3ccc(OC)cc3)c2c1,351.36,3.04,100.6,3,5,5,0,0.2113,BI-1467335,AOC3/VAP-1
T40544,Cc1cc(N2CCOCC2)nc2ccc(NC(=O)C3CCCCC3)cc12,353.47,3.9,54.5,1,4,3,0,0.2111,Denifanstat (TVB-2640),FASN
T74671,NS(=O)(=O)c1ccc(CCNC(=O)c2cc(-c3cccs3)nc3ccccc23)cc1,437.55,3.58,102.2,2,5,6,0,0.2111,Lanifibranor (IVA-337),PPAR-alpha/gamma/delta
T8863,COc1ccccc1OCCN1CC(COc2cccc3[nH]c4ccccc4c23)OCC1=O,446.5,4.01,73.0,1,5,8,0,0.2110,Firsocostat (GS-0976),ACC
T1803,O=C(NCCO)c1cccc(-c2cc(Nc3ccc(OC(F)(F)F)cc3)ncn2)c1,418.38,3.51,96.4,3,6,7,0,0.2105,BI-1467335,AOC3/VAP-1
T2326,Cc1ccccc1C(=O)Nc1ccc(C(=O)N2CCCC(O)c3cc(Cl)ccc32)c(C)c1,448.95,5.68,69.6,2,3,3,1,0.2105,Denifanstat (TVB-2640),FASN
T6770,CN(C)CCCOc1ccc(-c2ccc3ncc4c(c3c2)n(C2CCOCC2)c(=O)n4C)cn1,461.57,3.63,74.4,0,6,7,0,0.2105,Firsocostat (GS-0976),ACC
T4341,COc1ccc(NC(=O)c2ccc(C(=N)N(C)C)cc2)c(C(=O)Nc2ccc(Cl)cn2)c1,451.91,4.14,107.4,3,5,6,0,0.2105,BI-1467335,AOC3/VAP-1
T60040,O=C(O)C(c1ccc(OCc2ccc3ccccc3n2)cc1)C1CCCC1,361.44,5.17,59.4,1,3,6,1,0.2105,Cilofexor (GS-9674),FXR
T61373,CCC(=O)N[C@@H]1CCCc2c(-c3ccc4c(c3)CCC(=O)N4C)cncc21,363.46,3.56,62.3,1,3,3,0,0.2105,Denifanstat (TVB-2640),FASN
T7866,CC1COC(Cn2cncn2)(c2ccc(Oc3ccc(Cl)cc3)cc2Cl)O1,406.27,4.67,58.4,0,5,5,0,0.2100,Cilofexor (GS-9674),FXR
T204002,O=C(Nc1ccn(-c2ccccc2)n1)N[C@H]1CCOc2c(Cl)cccc21,368.82,4.17,68.2,2,3,3,0,0.2100,Cilofexor (GS-9674),FXR
T1940,O=C(Oc1cc(S(=O)(=O)c2ccccc2)ccc1[N+](=O)[O-])c1ccc(Cl)cc1,417.83,4.3,103.6,0,6,5,0,0.2099,Lanifibranor (IVA-337),PPAR-alpha/gamma/delta
T2498,NNC(=O)c1nn(Cc2ccc(Cl)cc2Cl)c2ccccc12,335.19,2.99,72.9,2,3,3,0,0.2099,Lanifibranor (IVA-337),PPAR-alpha/gamma/delta
T16763,O=[N+]([O-])c1cc(Cl)ccc1S(=O)(=O)N1CCN(Cc2ccccc2)CC1,395.87,2.75,83.8,0,5,5,0,0.2099,Lanifibranor (IVA-337),PPAR-alpha/gamma/delta
T12931,O=C(NCc1ccc(Cl)cc1)C1CCN(S(=O)(=O)c2cc(Cl)cc(Cl)c2)CC1,461.8,4.36,66.5,1,3,5,0,0.2099,Lanifibranor (IVA-337),PPAR-alpha/gamma/delta
T22317,Cc1ccc(CNc2ccc(Cl)cc2NCc2ccc(C)c(O)c2)cc1O,382.89,5.59,64.5,4,4,6,1,0.2099,VK2809,THR-beta
T1446,CN(C)C(=O)Oc1cc(OC(=O)N(C)C)cc(C(O)CNC(C)(C)C)c1,367.45,2.23,91.3,2,6,5,0,0.2097,BI-1467335,AOC3/VAP-1
T7904,CCN(CC)c1ccc(CCNC(=O)c2ccc(O)cc2)cc1,312.41,3.21,52.6,2,3,7,0,0.2097,BI-1467335,AOC3/VAP-1
T66848,CC(C)(NC(=O)OCC1c2ccccc2-c2ccccc21)C(=O)O,325.36,3.39,75.6,2,3,4,0,0.2097,BI-1467335,AOC3/VAP-1
T2026,CCOc1ccc(-c2nc(-c3cccc4c3CCC4NCCO)no2)cc1OCC,409.49,3.77,89.6,2,7,9,0,0.2095,Cilofexor (GS-9674),FXR
T8861,CCn1c(-c2nc3cc(C(=O)N4CCC[C@@H](N)C4)cc(OC)c3n2C)cc2cccnc21,432.53,3.18,91.2,1,5,4,0,0.2095,Denifanstat (TVB-2640),FASN
TQ0091,NC(=O)c1ccc(Oc2ccc(CN3CCC[C@H]3c3cccnc3)cc2)c(Cl)c1,407.9,4.96,68.5,1,4,6,0,0.2095,Cilofexor (GS-9674),FXR
T67833,Cc1cccc(C)c1Oc1ccnc(NC2CCN(C(=O)c3cc4cc(NS(C)(=O)=O)ccc4[nH]3)CC2)n1,534.64,4.46,129.3,3,7,7,1,0.2095,Denifanstat (TVB-2640),FASN
T10320,CC1(C)[C@H](NC(=O)c2cnn(CCO)c2)C(C)(C)[C@H]1Oc1ccc(C#N)c(Cl)c1,416.91,3.01,100.2,2,5,6,0,0.2095,Cilofexor (GS-9674),FXR
TN1198,C[C@]12CC[C@H]3[C@@H](CC[C@@H]4C[C@@H](O)CC[C@@]43CO)[C@@]1(O)CC[C@@H]2c1ccc(=O)oc1,402.53,3.21,90.9,3,5,2,0,0.2093,Obeticholic acid (OCA),FXR
T67916,CC(=O)N1CCC(COc2ccc(-c3cc[nH]n3)nc2)CC1,300.36,2.11,71.1,1,4,4,0,0.2093,Denifanstat (TVB-2640),FASN
T82008,CCc1cc2c(cc1Cl)nc1c(=O)[nH]c(=O)nc-1n2CCOCC(C)C,376.84,2.47,89.9,1,5,6,0,0.2093,Resmetirom,THR-beta
T2349,C[C@@]1(C(=O)Nc2ccc(F)nc2)CCCN1c1nc(Nc2cc(C3CC3)[nH]n2)c2cccn2n1,461.51,3.61,116.1,3,7,6,0,0.2091,Denifanstat (TVB-2640),FASN
T6418,COc1ccnc2[nH]cc(C(=O)C(=O)N3CCN(C(=O)c4ccccc4)C[C@H]3C)c12,406.44,2.13,95.6,1,5,4,0,0.2091,Firsocostat (GS-0976),ACC
T8658,Cc1cc(-c2ccc3nc(C4CCOCC4)n(CCOC(F)(F)F)c3c2)cn(C)c1=O,435.45,4.14,58.3,0,4,5,0,0.2091,Firsocostat (GS-0976),ACC
T21022,Clc1ccc([C@@]2(Cn3ccnc3)OC[C@H](COc3ccc(N4CCNCC4)cc3)O2)c(Cl)c1,489.4,3.95,60.8,1,6,7,0,0.2091,Cilofexor (GS-9674),FXR
T30583,Cc1[nH]c2ccccc2c1C(=O)CSc1nc2sc(C)c(C)c2c(=O)n1-c1ccccc1,459.6,5.83,67.8,1,5,5,1,0.2091,Firsocostat (GS-0976),ACC
T88841,C[C@@H](Oc1ccc2[nH]nc(-c3ccc(N4CC5(C4)CN(S(C)(=O)=O)C5)nc3)c2c1)c1c(Cl)cncc1Cl,559.48,4.55,104.3,1,7,6,1,0.2091,Cilofexor (GS-9674),FXR
T85589,COc1cc(Cl)ncc1NC(=O)C1(c2ccccc2C(C)C)CN(S(N)(=O)=O)C1,438.94,2.26,114.6,2,5,6,0,0.2091,Firsocostat (GS-0976),ACC
T6639,Cc1ccc(C(=O)NCCCCCC(=O)Nc2ccccc2N)cc1,339.44,3.51,84.2,3,3,8,0,0.2090,BI-1467335,AOC3/VAP-1
T12746,COc1cccc([C@@H](C)NC(=O)c2ccc(-c3ccncc3)cc2)c1,332.4,4.25,51.2,1,3,5,0,0.2090,BI-1467335,AOC3/VAP-1
T11437,CCCC1CCC(c2ccc(C(=O)N[C@H](C(=O)O)C(C)C)cc2)CC1,345.48,4.6,66.4,2,2,7,0,0.2090,BI-1467335,AOC3/VAP-1
T35544,COc1cc(NC(=O)c2cc(C3CC3)on2)c(OC)cc1Cl,322.75,3.47,73.6,1,5,5,0,0.2088,Cilofexor (GS-9674),FXR
T23016,O=C(Cc1ccccc1)Nc1nc2ccc(Cl)cc2c2nc(-c3ccco3)nn12,403.83,4.37,85.3,1,5,4,0,0.2088,Lanifibranor (IVA-337),PPAR-alpha/gamma/delta
T86495,COc1ccc(-c2cnc3c(cc(C4CCN(C(C)=O)CC4)n3C)n2)cc1,364.45,3.37,60.2,0,4,3,0,0.2088,Denifanstat (TVB-2640),FASN
T6202,C[C@H](NC(=O)Cc1cc(F)cc(F)c1)C(=O)N[C@H](C(=O)OC(C)(C)C)c1ccccc1,432.47,3.21,84.5,2,4,7,0,0.2083,BI-1467335,AOC3/VAP-1
T9014,COc1ccc(-c2cc(C(=O)N/N=C(\C)c3ccc(OC)c(OC)c3)[nH]n2)cc1,394.43,3.26,97.8,2,6,7,0,0.2083,BI-1467335,AOC3/VAP-1
T14975,C[C@H](NC(=O)c1cc(Cl)ccc1Oc1ccc(F)cc1)c1ccc(C(=O)O)cc1,413.83,5.46,75.6,2,3,6,1,0.2083,BI-1467335,AOC3/VAP-1
T23390,O=C(O)c1ccccc1Nc1cccc(OCc2ccc3ccccc3n2)c1,370.41,5.26,71.5,2,4,6,1,0.2083,Cilofexor (GS-9674),FXR
T10879,Cc1noc2c1-c1ccccc1C(c1ccc(Cl)cc1)=N[C@H]2CC(=O)O,366.8,4.67,75.7,1,4,3,0,0.2083,Cilofexor (GS-9674),FXR
T26890,COCCC(=O)N[C@H]1CC[C@H](CCN2CCN(c3cccc(C#N)c3)CC2)CC1,398.55,2.78,68.6,1,5,8,0,0.2083,Denifanstat (TVB-2640),FASN
T12196,CS(=O)(=O)N1CCN(C(=O)c2cnc3ccc(F)cc3c2N2CCC(C#N)(c3ccccc3)CC2)CC1,521.62,3.15,97.6,0,6,4,1,0.2079,Denifanstat (TVB-2640),FASN
T9722,Cc1nn(C)c2cc(-c3noc(C4CCN(C(=O)CNC(=O)c5ccccc5)CC4)n3)ccc12,458.52,3.07,106.1,1,6,5,0,0.2079,Denifanstat (TVB-2640),FASN
T40254,Cn1ncc(-c2ccc3c(=O)[nH]nc(CN)c3c2)c1-c1c(F)c(Cl)cc(OC2CC2)c1C#N,464.89,3.65,122.6,2,6,5,0,0.2079,Resmetirom,THR-beta
T64350,COc1ccccc1CC(=O)Nc1nc2ccc(C)cc2s1,312.39,3.79,51.2,1,4,4,0,0.2079,Firsocostat (GS-0976),ACC
T37591,C#Cc1cnc2[nH]cc(-c3cccc4c3CCN4C(=O)[C@@H]3CCCN3C#N)c2c1,381.44,3.05,76.0,1,4,2,0,0.2079,Denifanstat (TVB-2640),FASN
T67846,COc1ccccc1NC(=O)c1ccccc1OCc1c(C)noc1C,352.39,4.13,73.6,1,5,6,0,0.2079,Firsocostat (GS-0976),ACC
T39039,CCCn1c(=O)c2[nH]c(C3CCCC3)nc2n(CCCOC(=O)c2ccc(S(=O)(=O)F)cc2)c1=O,506.56,2.86,133.1,1,7,9,1,0.2079,Denifanstat (TVB-2640),FASN
T26843,CC1(C)Oc2ccc(S(=O)(=O)N3CCCCC3)cc2[C@@H](N(Cc2ncc[nH]2)c2ccc(Cl)cc2)[C@@H]1O,531.08,4.52,98.8,2,6,6,1,0.2079,Lanifibranor (IVA-337),PPAR-alpha/gamma/delta
T1807,COc1ccc(C2(CNC(=O)c3ccc(NC(=O)c4ccco4)cc3)CCOCC2)cc1,434.49,4.02,89.8,2,5,7,0,0.2078,BI-1467335,AOC3/VAP-1
T6191,O=C(NS(=O)(=O)c1ccc(Br)s1)c1ccc(Cl)cc1Cl,415.12,3.94,63.2,1,4,3,0,0.2078,Lanifibranor (IVA-337),PPAR-alpha/gamma/delta
T15162,CCN(CC)C(=O)Cc1c(-c2ccc(OCCF)cc2)nn2c(C)cc(C)nc12,398.48,3.77,59.7,0,4,8,0,0.2078,BI-1467335,AOC3/VAP-1
T9149,O=C(COc1ccc(Cl)c(F)c1)NC12CC(NC(=O)c3cnc(C(F)F)cn3)(C1)C2,440.81,2.81,93.2,2,5,7,0,0.2078,BI-1467335,AOC3/VAP-1
T20789,C[C@](O)(COc1ccc(Cl)c(F)c1)C(=O)Nc1ccc(C#N)c(C(F)(F)F)c1,416.76,4.14,82.3,2,4,5,0,0.2078,BI-1467335,AOC3/VAP-1
T16414,CC(C)Oc1cc(-n2nc(C(C)(C)C)oc2=O)c(Cl)cc1Cl,345.23,4.22,57.3,0,4,3,0,0.2078,Resmetirom,THR-beta
T9186,CCOc1cccnc1Oc1cncc(-c2ncc(C(=O)N[C@H]3CCOC3)cn2)c1,407.43,2.64,108.4,1,8,7,0,0.2075,Cilofexor (GS-9674),FXR
T67955,COc1cc2oc(=O)c(C)c(C)c2cc1OCCCN1CCN(c2ccccc2OC)CC1,452.55,4.02,64.4,0,7,8,0,0.2075,Firsocostat (GS-0976),ACC
TN8783,[H][C@]12CO[C@@H](c3cc(OC)c(O)c(C(CO)C(=O)c4ccc(O)c(OC)c4)c3)[C@@]1([H])CO[C@H]2c1ccc(O)c(OC)c1,552.58,3.86,144.1,4,10,9,1,0.2075,Firsocostat (GS-0976),ACC
T1815,Cc1cc(C)c(Nc2ccnc(Nc3ccc(C#N)cc3)n2)c(C)c1,329.41,4.76,73.6,2,5,4,0,0.2073,Denifanstat (TVB-2640),FASN
T84325,O=C(Nc1cc(Cl)cc(Cl)c1)Nc1nc2ccc([N+](=O)[O-])cc2s1,383.22,5.16,97.2,2,5,3,1,0.2073,Lanifibranor (IVA-337),PPAR-alpha/gamma/delta
T3655,COc1cc(OCc2cccc(-c3ccccc3)c2C)cc(OC)c1CN1CCCC[C@H]1C(=O)O,475.59,5.7,68.2,1,5,9,1,0.2072,Firsocostat (GS-0976),ACC
T14323,O=C(c1ccc(Oc2ccccc2)cc1Cl)c1c[nH]c2ncnc(N[C@@H]3CC[C@@H](CO)OC3)c12,478.94,4.59,109.4,3,7,7,0,0.2072,Cilofexor (GS-9674),FXR
T1950,CNC(=O)c1ccccc1Nc1cc(Nc2ccc(N3CCOCC3)cc2OC)ncc1C(F)(F)F,501.51,4.79,87.8,3,7,7,1,0.2069,Firsocostat (GS-0976),ACC
T3183,NCCc1cn(S(=O)(=O)c2c(Cl)nc3sccn23)c2ccccc12,380.88,2.74,82.4,1,5,4,0,0.2069,Lanifibranor (IVA-337),PPAR-alpha/gamma/delta
T6050,CNC(=O)c1ccc2cc(C3(O)CCn4cncc43)ccc2c1,307.35,2.04,67.2,2,3,2,0,0.2069,Denifanstat (TVB-2640),FASN
T5460,COc1ccc(-c2noc(CC(=O)O)c2-c2ccc(OC)cc2)cc1,339.35,3.65,81.8,1,5,6,0,0.2069,Cilofexor (GS-9674),FXR
T5047,Cc1cccc(C(=O)NCN2CCN(c3ccccc3C#N)CC2)c1,334.42,2.38,59.4,1,4,4,0,0.2069,Denifanstat (TVB-2640),FASN
T35548,N#Cc1c(C2(c3ccc(Cl)cc3)CC2)nn2c1[nH]c(=O)c1cc(I)ccc12,486.7,4.39,74.0,1,3,2,0,0.2069,Resmetirom,THR-beta
T40279,O=C(Nc1cccc(C(=O)N2CCCCC2)c1)c1cccc(OC2CCCC2)c1,392.5,4.89,58.6,1,3,5,0,0.2069,Denifanstat (TVB-2640),FASN
T6378,COc1ccc2c(Oc3ccc(NC(=O)c4c(C)n(CC(C)(C)O)n(-c5ccccc5)c4=O)nc3)ccnc2c1,539.59,4.71,120.5,2,7,8,1,0.2066,Firsocostat (GS-0976),ACC
T14381,CNCCOc1ccccc1C1(Nc2nccn(-c3cc(C(=O)NC4CC4)cc(F)c3C)c2=O)CC1,491.57,3.27,97.3,3,6,10,0,0.2066,Firsocostat (GS-0976),ACC
T88438,COc1ccccc1[C@@H](NS(=O)(=O)c1cc2ccc(=O)[nH]c2cc1Cl)C(=O)N(CC(=O)O)Cc1cccs1,576.05,3.38,145.9,3,7,10,1,0.2066,Firsocostat (GS-0976),ACC
T1289,CC(=O)O[C@H]1C[C@@]2(C)[C@@H](C[C@@H](O)[C@H]3[C@@]4(C)CC[C@@H](O)[C@@H](C)[C@@H]4CC[C@@]32C)/C1=C(\CCC=C(C)C)C(=O)[O-],515.71,4.33,106.9,2,6,5,1,0.2065,Obeticholic acid (OCA),FXR
T8873,O=C(c1ccc2[nH]c(-c3ccccc3)nc2c1)N1CCN(Cc2ccccc2F)CC1,414.48,4.33,52.2,1,3,4,0,0.2065,Denifanstat (TVB-2640),FASN
T2392,N=C(N)Nc1ccc(C(=O)Oc2ccc3cc(C(=N)N)ccc3c2)cc1,347.38,2.65,138.1,5,4,4,0,0.2063,BI-1467335,AOC3/VAP-1
T7362,O=C(Nc1nc(=O)n(Cc2ccc(Cl)cc2)s1)c1ccc(Cl)cc1,380.26,3.91,64.0,1,4,4,0,0.2063,BI-1467335,AOC3/VAP-1
T60856,O=C(Cc1ccc(C(=O)NO)cc1)Nc1ccc2ccccc2c1,320.35,3.14,78.4,3,3,4,0,0.2063,BI-1467335,AOC3/VAP-1
T6249,NC(=O)[C@@H](CCC(F)(F)F)N(Cc1ccc(-c2ncon2)cc1F)S(=O)(=O)c1ccc(Cl)cc1,520.89,3.92,119.4,1,6,9,1,0.2062,Lanifibranor (IVA-337),PPAR-alpha/gamma/delta
T9095,Cc1ccc(C2CC(=O)NC(SCC(=O)Nc3nccs3)=C2C#N)cc1,384.49,3.16,94.9,2,6,5,0,0.2062,Denifanstat (TVB-2640),FASN
T9430,O=C(c1cc(Cc2n[nH]c(=O)c3ccccc23)ccc1F)N1CC(CNC2CC2)C1,406.46,2.48,78.1,2,4,6,0,0.2062,Denifanstat (TVB-2640),FASN
T21747,O=C(Nc1ccc(N2C(=O)c3cccc(Cl)c3C2=O)c(Cl)c1)c1ncccc1Cl,446.68,5.09,79.4,1,4,3,1,0.2062,Cilofexor (GS-9674),FXR
T2014,CC(ONC(=O)c1cc(C(F)(F)F)cc(C(F)(F)F)c1)C(=O)Nc1ccc(Cl)cc1,454.75,5.07,67.4,2,3,5,1,0.2059,BI-1467335,AOC3/VAP-1
T2342,NC(=O)[C@@H]1CC[C@H](c2ccc(OCc3ccccc3F)cc2)N1,314.36,2.68,64.3,2,3,5,0,0.2059,BI-1467335,AOC3/VAP-1
T5046,CC(Oc1ccc(Oc2ncc(C(F)(F)F)cc2Cl)cc1)C(=O)O,361.7,4.4,68.7,1,4,5,0,0.2059,BI-1467335,AOC3/VAP-1
T7330,Cc1onc(-c2ccccc2)c1C(=O)N1CCN(c2ccc([N+](=O)[O-])cc2Cl)CC1,426.86,4.17,92.7,0,6,4,0,0.2059,Cilofexor (GS-9674),FXR
T12861,N#Cc1ccc2c(c1)CCN(CC[C@H]1CC[C@H](NC(=O)c3ccnc4ccccc34)CC1)C2,438.58,4.84,69.0,1,4,5,0,0.2059,Denifanstat (TVB-2640),FASN
T62689L,COc1cc(C)c2[nH]ccc2c1CN1CC[C@H](OCC2CC2)C[C@H]1c1ccc(C(=O)O)cc1,448.56,5.32,74.8,2,4,8,1,0.2059,Denifanstat (TVB-2640),FASN
T86470,COc1cccc(C(c2cc3c(cc2O)OCO3)N2CCOCC2)c1OC,373.41,2.56,69.6,1,7,5,0,0.2059,Firsocostat (GS-0976),ACC
T200497,CC(C)(C)OC(=O)N1CCC(C(=O)Nc2ccc(OC(F)(F)F)cc2)CC1,388.39,4.17,67.9,1,4,3,0,0.2059,BI-1467335,AOC3/VAP-1
T2650,O=C(O)Cn1nnc(-c2cc(N3CCC(Oc4cc(F)ccc4Br)CC3)no2)n1,467.26,2.36,119.4,1,8,6,0,0.2056,Cilofexor (GS-9674),FXR
T22282,O=C1Nc2cc(=O)n(Cc3ccccc3)cc2CN1c1cccc(OCc2cncs2)c1,444.52,4.48,76.5,1,5,6,0,0.2056,Cilofexor (GS-9674),FXR
T62761,Cc1ccc(NC(=O)c2ccccc2Oc2ccccc2)cc1S(=O)(=O)N1CCOCC1,452.53,4.06,84.9,1,5,6,0,0.2056,Firsocostat (GS-0976),ACC
T7219,O=C(NCC1CCCCN1)c1cc(OCC(F)(F)F)ccc1OCC(F)(F)F,414.35,3.44,59.6,2,4,7,0,0.2055,BI-1467335,AOC3/VAP-1
T11857,Cc1cc(C(=O)N2Cc3cnn(C)c3Nc3ccccc32)ccc1CNC(=O)N1CCC[C@H]1C(=S)N(C)C,531.69,4.2,85.7,2,5,4,1,0.2054,Denifanstat (TVB-2640),FASN
T2025,Nc1ccc(F)cc1NC(=O)c1ccc(CNC(=O)C=Cc2cccnc2)cc1,390.42,3.38,97.1,3,4,6,0,0.2051,BI-1467335,AOC3/VAP-1
T4481,Nc1cc(F)ccc1NC(=O)c1ccc(CNC(=O)/C=C/c2cccnc2)cc1,390.42,3.38,97.1,3,4,6,0,0.2051,BI-1467335,AOC3/VAP-1
T15259,CC(C)(C)c1ccc(CN(Cc2cccc(OCC(=O)O)c2)S(=O)(=O)c2cccnc2)cc1,468.58,4.23,96.8,1,5,9,0,0.2051,BI-1467335,AOC3/VAP-1
T14685,Cc1nnn(C)c1-c1cnc2c3ccc(C(C)(C)O)cc3n([C@H](c3ccccc3)C3CCOCC3)c2c1,495.63,5.54,78.0,1,5,5,1,0.2051,Firsocostat (GS-0976),ACC
T28804,Cc1ccccc1N1C(=O)/C(=C/c2ccc(OCc3ccc(C(=O)O)cc3)cc2)SC1=S,461.56,5.68,66.8,1,5,6,1,0.2051,BI-1467335,AOC3/VAP-1
T20302,[H][C@@]12CCC3=CC(=O)CC[C@]3(C)[C@@]1([H])CC[C@]1(C)[C@@H](C(=O)CO)CC[C@@]21[H],330.47,3.7,54.4,1,3,2,0,0.2051,Obeticholic acid (OCA),FXR
T10269,C[C@@H](CO)NC(=O)c1cc(-c2ccc(OC(F)(F)F)cc2)nc(-c2cccnc2)n1,418.38,3.21,97.2,2,6,6,0,0.2051,BI-1467335,AOC3/VAP-1
T0486,CCc1c2c(nc3ccc(OC(=O)N4CCC(N5CCCCC5)CC4)cc13)-c1cc3c(c(=O)n1C2)COC(=O)[C@]3(O)CC,586.69,4.09,114.2,1,8,4,1,0.2049,Cilofexor (GS-9674),FXR
T0458,COc1ccc2c(c1)c(CC(=O)O)c(C)n2C(=O)c1ccc(Cl)cc1,357.79,3.93,68.5,1,3,4,0,0.2048,Lanifibranor (IVA-337),PPAR-alpha/gamma/delta
T7017,CC(C)(C)NC(=O)c1cncn1C1CCN(c2ccc(-c3nnc(C(F)(F)F)o3)cn2)CC1,463.46,3.72,102.0,1,7,4,0,0.2048,BI-1467335,AOC3/VAP-1
T7428,CCS(=O)(=O)c1ncc(Cl)c(C(=O)Oc2cccc(C)c2)n1,340.79,2.45,86.2,0,6,4,0,0.2048,Lanifibranor (IVA-337),PPAR-alpha/gamma/delta
T10590,O=C(O)Cc1ccc(Cc2cc(-c3cccc(Cl)c3)nc(C(F)(F)F)c2)cc1,405.8,5.64,50.2,1,2,5,1,0.2048,Lanifibranor (IVA-337),PPAR-alpha/gamma/delta
TQ0117,CCC(=O)c1cc(-c2ccc(Cl)cc2)n(-c2ccc(S(N)(=O)=O)cc2)c1C,402.9,4.35,82.2,1,3,5,0,0.2048,Lanifibranor (IVA-337),PPAR-alpha/gamma/delta
T73040,COc1ccc(-c2nc(-c3ccc(C#N)cc3)cs2)c(OC)c1,322.39,4.37,55.1,0,5,4,0,0.2048,Denifanstat (TVB-2640),FASN
T16472,N#Cc1ccc2c(c1)N(CCCN1CCC(O)CC1)c1ccccc1S2,365.5,4.01,50.5,1,5,4,0,0.2045,Denifanstat (TVB-2640),FASN
T21767,COc1cccc(C(=O)N2CCN(C(=O)COc3cccc(C)c3)CC2)c1OC,398.46,2.38,68.3,0,5,6,0,0.2045,Denifanstat (TVB-2640),FASN
TN1661,[H][C@@]12C[C@H](O)C3=C(C(=O)C[C@]4(C)[C@@H]([C@H](C)CC(=O)C[C@@H](C)C(=O)O)C[C@H](O)[C@@]34C)[C@@]1(C)CC[C@H](O)C2(C)C,518.69,3.92,132.1,4,6,6,1,0.2045,Obeticholic acid (OCA),FXR
T15759,O=C(O)Cn1c(C(=O)Nc2nc(-c3ccccc3Cl)cs2)cc2ccccc21,411.87,4.76,84.2,2,4,5,0,0.2045,Lanifibranor (IVA-337),PPAR-alpha/gamma/delta
T64393,[H][C@@]12CC=C3C[C@@H](O)CC[C@]3(C)[C@@]1([H])CC[C@]1(C)[C@@H](c3cc(C#N)c(C#N)c(=O)[nH]3)CC[C@@]21[H],417.55,4.53,100.7,2,4,1,0,0.2045,Obeticholic acid (OCA),FXR
T71830,O=C(O)COc1ccc(Br)cc1C=C1SC(=O)N(Cc2ccc(Cl)cc2)C1=O,482.74,4.8,83.9,1,5,6,0,0.2045,Lanifibranor (IVA-337),PPAR-alpha/gamma/delta
T7276,O=C(CO)N1CCC(c2[nH]nc(-c3ccc(Cl)cc3)c2-c2ccncn2)CC1,397.87,2.89,95.0,2,5,4,0,0.2043,Denifanstat (TVB-2640),FASN
T21607,O=C(Nc1ccc(S(=O)(=O)N2CCOCC2)cc1)c1cc(Cl)ccc1NS(=O)(=O)c1ccc(Cl)s1,576.51,4.13,121.9,2,7,7,1,0.2043,Lanifibranor (IVA-337),PPAR-alpha/gamma/delta
T22367,C[C@H]1C[C@@H]2[C@H]([C@@H](O)C[C@@]3(C)[C@H]2CC[C@]3(O)C(=O)COC(=O)CCC(=O)O)[C@@]2(C)C=CC(=O)C=C12,474.55,2.22,138.2,3,7,6,0,0.2043,Obeticholic acid (OCA),FXR
T11220L,O=C(O)C1CCN(c2nc(NCc3ccc4c(c3)OCO4)c3cc(Cl)ccc3n2)CC1,440.89,3.93,96.8,2,7,5,0,0.2043,Lanifibranor (IVA-337),PPAR-alpha/gamma/delta
T6858,[H][C@@]12CCC3=CC(=O)CC[C@]3(C)[C@@]1([H])CC[C@@]1(C)[C@@]2([H])CC[C@]1(OC(=O)CCCCC)C(C)=O,428.61,5.97,60.4,0,4,6,1,0.2041,Aramchol,SCD1
T7155,CNc1nc(Nc2ccc(C(=O)N3CCOCC3)cc2OC)nc2[nH]cc(Cl)c12,416.87,2.88,104.4,3,7,5,0,0.2041,Denifanstat (TVB-2640),FASN
T21616,CN1CCN(c2nc(-c3ccc(C(=O)NC4(C(=O)NCC#N)CCCCC4)cc3)cs2)CC1,466.61,2.63,101.4,2,7,6,0,0.2041,Denifanstat (TVB-2640),FASN
T14971,COc1ccc(OCC2c3cc(OC)c(OC)cc3CCN2C(=O)c2cccc(Cl)c2)cc1,467.95,5.18,57.2,0,5,7,1,0.2041,VK2809,THR-beta
T25372,COc1ccc(C(=O)N2CCCc3cc(C4=NNC(=O)S[C@@H]4C)ccc32)cc1OC,425.51,3.85,80.2,1,6,4,0,0.2041,Denifanstat (TVB-2640),FASN
T25373,COc1ccc(C(=O)N2CCCc3cc(C4=NNC(=O)SC4C)ccc32)cc1OC,425.51,3.85,80.2,1,6,4,0,0.2041,Denifanstat (TVB-2640),FASN
T61932,N#Cc1ccc(N2CCN(Cc3ccc4c5c(c(=O)[nH]c4c3)CCCN5)CC2)nc1,400.49,2.48,88.1,2,6,3,0,0.2041,Denifanstat (TVB-2640),FASN
T16844,CCOC(=O)c1ncn2c1CN(C)C(=O)c1c(Cl)cccc1-2,319.75,2.29,64.4,0,4,2,0,0.2041,Cilofexor (GS-9674),FXR
T2138,CN1CCCN=C1COC(=O)C(O)(c1ccccc1)C1CCCCC1,344.46,2.73,62.1,1,5,5,0,0.2039,Firsocostat (GS-0976),ACC
T4783,COc1ccccc1Nc1nc(-c2sc(NC(C)=O)nc2C)cs1,360.46,4.29,76.1,2,7,5,0,0.2039,Firsocostat (GS-0976),ACC
T11885,Cc1cc(N)nc(C)c1CNC(=O)c1ccnc(Cc2ccc3ncc(Cl)cc3c2)c1,431.93,4.4,93.8,2,5,5,0,0.2039,VK2809,THR-beta
T13824,Cn1c(=O)c(-c2c(Cl)cccc2Cl)cc2cnc(Nc3ccc(OCCN)cc3)nc21,456.33,4.38,95.1,2,6,6,0,0.2039,Cilofexor (GS-9674),FXR
T39608,CN1CCN(c2cc(C(=O)Nc3cc4cc(-c5cnn(C)c5)ccc4cn3)ccn2)CC1,427.51,3.03,79.2,1,6,4,0,0.2039,Cilofexor (GS-9674),FXR
T11785,O=C(O)c1cccc(-c2ccc(-c3cn(C(=O)N4CCCCC4Cc4ccccc4)nn3)cc2)c1,466.54,5.38,88.3,1,4,5,1,0.2039,Cilofexor (GS-9674),FXR
T6319,COc1cccc2cc(-c3nc([C@H]4CC[C@H](C(=O)O)CC4)n4ncnc(N)c34)[nH]c12,406.45,3.22,131.4,3,6,4,0,0.2037,Cilofexor (GS-9674),FXR
T7320,COc1ccc(N2CCOCC2)c2sc(NC(=O)N3CCC(C)(O)CC3)nc12,406.51,2.52,87.2,2,7,3,0,0.2037,Firsocostat (GS-0976),ACC
T69567,C[C@@H]1C[C@H](N2C(=O)C[C@@](C)(c3cccc(NC(=O)c4cccc(C#N)c4)c3Cl)N=C2N)CCO1,479.97,3.79,120.8,2,6,4,0,0.2037,Denifanstat (TVB-2640),FASN
T63098,O=C(NCc1cccs1)[C@@H]1CN(C(=O)c2cccnc2)CCN1c1ccc(Cl)c(Cl)c1,475.4,4.1,65.5,1,5,5,0,0.2037,Cilofexor (GS-9674),FXR
T3998,N#CCC1(n2cc(-c3ncnc4[nH]ccc34)cn2)CN(C2CCN(C(=O)c3ccnc(C(F)(F)F)c3F)CC2)C1,553.52,3.6,119.6,1,7,5,1,0.2035,Denifanstat (TVB-2640),FASN
T5125,CC(C)(O)c1cc(Nc2cc(Oc3cn(C4CC4)nc3C3CCOCC3)ccn2)ccn1,435.53,4.67,94.3,2,7,7,0,0.2035,Firsocostat (GS-0976),ACC
T8746L,Cc1nc(N[C@H](C)c2cccc(C(F)(F)F)c2C)c2cn(C3CCOCC3)c(=O)cc2n1,446.47,4.95,69.0,1,5,4,0,0.2035,Firsocostat (GS-0976),ACC
T16481,OC1(CN2CCC(COc3noc4cccc(O[C@@H]5CCOC5)c34)CC2)CCOCC1,432.52,2.63,86.4,1,8,7,0,0.2035,Firsocostat (GS-0976),ACC
T11878,CCOc1nc(Nc2ccc(C(=O)N3CCOCC3)cc2OC)nc2[nH]ccc12,397.44,2.58,101.6,2,7,6,0,0.2035,Firsocostat (GS-0976),ACC
T60149,O=C(CS(=O)(=O)c1ccccc1)c1ccc(C(F)(F)F)cc1,328.31,3.36,51.2,0,3,4,0,0.2034,BI-1467335,AOC3/VAP-1
T22995,COc1ccc(N2CCN(CCCNC(=O)Cn3c(=O)c4cccn4c4c(C)ccnc43)CC2)cc1,488.59,2.29,84.1,1,6,8,0,0.2034,Firsocostat (GS-0976),ACC
T16409,COc1ccccc1[C@@H](NS(=O)(=O)c1ccc2[nH]c(=O)ccc2c1)C(=O)N(Cc1ccco1)Cc1cccs1,563.66,4.44,121.7,2,7,10,1,0.2033,Firsocostat (GS-0976),ACC
T60196,CC[C@@H](c1nc2cccc(F)c2c(=O)n1C1CC1)n1nc(-c2ccc(OC)c(F)c2)c2c(N)ncnc21,503.51,4.41,113.7,1,7,6,1,0.2033,Firsocostat (GS-0976),ACC
T35530,CC[C@H](c1nc2cccc(F)c2c(=O)n1C1CC1)n1nc(-c2ccc(OC)c(F)c2)c2c(N)ncnc21,503.51,4.41,113.7,1,7,6,1,0.2033,Firsocostat (GS-0976),ACC
T30163,COc1ccc(N(C(=O)Cn2nnc3ccccc32)C(C(=O)NCC2CCCO2)c2ccc(F)cc2)cc1,517.56,3.65,98.6,1,6,9,1,0.2033,Firsocostat (GS-0976),ACC
T9026,O=C1C=Cc2ccccc2/C1=C/NNC(=O)c1ccc(O)cc1,306.32,2.26,78.4,3,4,3,0,0.2031,BI-1467335,AOC3/VAP-1
T77516,O=C(Nc1ccc(OC(F)(F)F)cc1)c1cc(Cl)c(F)cc1O,349.67,4.34,58.6,2,3,3,0,0.2031,BI-1467335,AOC3/VAP-1
T2554,CC(C)(Oc1ccc(Cl)cc1)C(=O)OCCOC(=O)c1cccnc1,363.8,3.29,74.7,0,6,7,0,0.2029,BI-1467335,AOC3/VAP-1
T8476,CCN(CC)c1ccc(C=NNC(=O)c2ccncc2)c(O)c1,312.37,2.4,77.8,2,5,6,0,0.2029,BI-1467335,AOC3/VAP-1
T10603,CC(=O)Nc1ccc(C(=O)Nc2cc(-c3cccs3)ccc2N)cc1,351.43,4.21,84.2,3,4,4,0,0.2029,BI-1467335,AOC3/VAP-1
T40588,O=C(O)c1cc(Oc2ccc(C(F)(F)F)cc2Cl)ccc1[N+](=O)[O-],361.66,4.76,89.7,1,4,4,0,0.2029,BI-1467335,AOC3/VAP-1
T30606L,Cc1ccc(OCC(O)CNC(C)(C)C)c2oc(=O)ccc12,305.37,2.23,71.7,2,5,5,0,0.2029,BI-1467335,AOC3/VAP-1
T1024,O=C(Nc1c(Cl)cncc1Cl)c1ccc(OC(F)F)c(OCC2CC2)c1,403.21,5.03,60.5,1,4,7,1,0.2027,BI-1467335,AOC3/VAP-1
T8944,C[C@@H](NC(=O)Cc1ccc(C2CC2)cc1)c1ccc(OCC(F)(F)F)cn1,378.39,4.32,51.2,1,3,7,0,0.2027,BI-1467335,AOC3/VAP-1
T9204,COc1ccc(NC(=O)c2ccc(-c3ccccc3)cc2)cc1NS(=O)(=O)c1ccc(F)cc1,476.53,5.55,84.5,2,4,7,1,0.2027,BI-1467335,AOC3/VAP-1
T19672,COc1ccccc1OC(=O)CNC(=O)Cc1ccc(C(=O)c2ccc(C)cc2)n1C,420.47,2.84,86.6,1,5,8,0,0.2027,BI-1467335,AOC3/VAP-1
T78904,O=C(Nc1ncc(Cc2ccc(F)cc2)s1)c1ccc(-n2cnnn2)cc1,380.41,3.1,85.6,1,6,5,0,0.2027,BI-1467335,AOC3/VAP-1
T1948,COc1cc(CCc2cc(NC(=O)c3ccc(N4C[C@@H](C)N[C@@H](C)C4)cc3)n[nH]2)cc(OC)c1,463.58,3.65,91.5,3,6,8,0,0.2025,BI-1467335,AOC3/VAP-1
T1974,CNC(=O)c1ccc(C)c(-n2c(C)cc(OCc3ccc(F)cc3F)c(Br)c2=O)c1,477.31,4.43,60.3,1,3,5,0,0.2025,BI-1467335,AOC3/VAP-1
T6553,CCc1ccc(OCc2ccccc2C(=O)Nc2ccc3nc(C)cc(N)c3c2)cc1,411.51,5.52,77.2,2,4,6,1,0.2025,BI-1467335,AOC3/VAP-1
T9245,O=C(COc1ccccc1Cl)Nc1cc(Cl)ccc1C(=O)O,340.16,3.71,75.6,2,3,5,0,0.2025,Lanifibranor (IVA-337),PPAR-alpha/gamma/delta
T19679,CC(C(=O)O)c1ccc2oc(-c3ccc(Cl)cc3)nc2c1,301.73,4.34,63.3,1,3,3,0,0.2025,Lanifibranor (IVA-337),PPAR-alpha/gamma/delta
T7378,O=C(O)c1ccc2c(c1)nc(NC(=O)c1ccccc1)n2CCCc1ccccc1,399.45,4.62,84.2,2,3,7,0,0.2024,Lanifibranor (IVA-337),PPAR-alpha/gamma/delta
T12853,COc1ccc(-c2csc(NC(=O)c3ccc(OCC(=O)N4CCOCC4)c(OC)c3)n2)cc1,483.55,3.32,99.2,1,8,8,0,0.2024,BI-1467335,AOC3/VAP-1
T22346,COc1ccc2c(c1)c(CC(=O)[O-])c(C)n2C(=O)c1ccc(Cl)cc1,356.79,2.59,71.4,0,4,4,0,0.2024,Lanifibranor (IVA-337),PPAR-alpha/gamma/delta
T8423,COc1ccc(OCCN2CCN(C(=O)c3cc4ccccc4[nH]3)CC2)cc1,379.46,3.01,57.8,1,4,6,0,0.2022,Denifanstat (TVB-2640),FASN
T21253,[H][C@@]12CC(=O)[C@@]3(O)C[C@@H](O)CC[C@]3(C)[C@@]1([H])CC[C@@]1(C)[C@@]2([H])C[C@]2([H])O[C@]3(CC[C@@H](C)CO3)[C@@H](C)[C@]12[H],446.63,4.09,76.0,2,5,0,0,0.2022,Obeticholic acid (OCA),FXR
TN1740,COc1cc([C@@H]2CC(=O)c3c(O)cc(O)cc3O2)ccc1O,302.28,2.52,96.2,3,6,2,0,0.2022,VK2809,THR-beta
T14050,O=C(O)c1ccc2c(c1)C(=O)OC21c2ccc(O)cc2Oc2cc(O)ccc21,376.32,3.36,113.3,3,6,1,0,0.2022,Cilofexor (GS-9674),FXR
TN1455,CC(CCC(O)C(C)(C)O)C1CCC2(C)C3CC=C4C(CCC(O)C4(C)C)C3(C)C(=O)CC12C,474.73,5.68,77.8,3,4,5,1,0.2022,Obeticholic acid (OCA),FXR
T73027,O=C(CCN1CCOCC1)Nc1ccc(-c2nc3cc(Cl)ccc3o2)cc1,385.85,3.81,67.6,1,5,5,0,0.2022,Lanifibranor (IVA-337),PPAR-alpha/gamma/delta
T38369,Cc1cc2nc(N3CCC(C(=O)NC4CCCC4)CC3)n(C(C)C)c2cc1C,382.55,4.51,50.2,1,3,4,0,0.2022,Denifanstat (TVB-2640),FASN
TN11275,COc1cc(C2CC(=O)c3c(O)cc(O)cc3O2)ccc1O,302.28,2.52,96.2,3,6,2,0,0.2022,VK2809,THR-beta
T2617,O=C(Nc1cccc(Cl)c1)Nc1ncc(CCNc2ncnc3ccsc23)s1,430.95,5.1,91.8,3,7,6,1,0.2021,Lanifibranor (IVA-337),PPAR-alpha/gamma/delta
T4223,O=C(c1ccc(NS(=O)(=O)c2cccc3cccnc23)cc1)N1CCN(CC2CC2)CC1,450.56,3.2,82.6,1,5,6,0,0.2021,Denifanstat (TVB-2640),FASN
T6284,CC(C)c1cc(C(=O)N2Cc3ccc(CN4CCN(C)CC4)cc3C2)c(O)cc1O,409.53,3.12,67.2,2,5,4,0,0.2021,VK2809,THR-beta
T5387,N#Cc1ccc(CNC(=O)CCCCCN2CCN(c3ccccc3-c3ccccc3)CC2)cc1,466.63,5.22,59.4,1,4,10,1,0.2021,Denifanstat (TVB-2640),FASN
T5456,CNc1nc(-c2cc(C(=O)N3CCN(Cc4ccc(Cl)cc4)CC3)c(Cl)cn2)cs1,462.41,4.51,61.4,1,6,5,0,0.2021,Denifanstat (TVB-2640),FASN
T7902,CNc1ncc(-c2ccc3c(=O)c(C(=O)O)cn(C4CC4)c3c2C)cc1C,363.42,3.76,84.2,2,4,4,0,0.2021,Denifanstat (TVB-2640),FASN
T13586L,O=C(c1ccc(N2CCOCC2)cc1)N1CCCC(N(Cc2ccccc2)C(=O)CCl)CC1,470.01,3.79,53.1,0,4,6,0,0.2021,Denifanstat (TVB-2640),FASN
T72054,Cc1ccccc1COc1ccc2oc(-c3ccccc3)c(C(=O)O)c2c1,358.39,5.69,59.7,1,3,5,1,0.2021,Cilofexor (GS-9674),FXR
T22021,N#Cc1c(C2CCNCC2)cc(-c2c(O)cccc2OCC2CC2)nc1N,364.45,3.16,104.2,3,6,5,0,0.2021,Denifanstat (TVB-2640),FASN
T15786,Cc1csc2c(N[C@@H](C)CN3CCN(S(=O)(=O)c4ccc(Cl)c(Cl)c4)CC3)ncnc12,500.48,4.11,78.4,1,7,6,1,0.2021,Lanifibranor (IVA-337),PPAR-alpha/gamma/delta
T2509,Cc1cc(Nc2cc(N3CCN(C)CC3)nc(Sc3ccc(NC(=O)C4CC4)cc3)n2)n[nH]1,464.6,3.5,102.1,3,8,7,0,0.2020,Denifanstat (TVB-2640),FASN
T7217,OC[C@H]1O[C@@H](c2ccc(Cl)c(Cc3ccc(OCCOC4CC4)cc3)c2)[C@H](O)[C@@H](O)[C@@H]1O,464.94,2.0,108.6,4,7,9,0,0.2020,VK2809,THR-beta
T12609,COC(=O)c1ccc2[nH]c(C3CCN(c4ncnc5[nH]cc(Cl)c45)CC3)nc2c1,410.87,3.66,99.8,2,6,3,0,0.2020,Denifanstat (TVB-2640),FASN
T13703,[H][C@@]12CCC3=CC(=O)CC[C@]3([H])[C@@]1([H])CC[C@@]1(C)[C@@]2([H])CC[C@]1(OC(=O)CCCCC)C(C)=O,414.59,5.58,60.4,0,4,6,1,0.2020,Aramchol,SCD1
T14365,CC(C)Cn1cc(C#N)c2cc(Oc3ccc(NC(=O)[C@@H]4CCCN4)cc3)ccc21,402.5,4.65,79.1,2,4,6,0,0.2020,Denifanstat (TVB-2640),FASN
T9275,Cc1cccc(N(C)C(=O)[C@@H]2[C@H](O)CCN2c2nc(C)cc(C(F)(F)F)c2C#N)c1,418.42,3.19,80.5,1,5,3,0,0.2020,Denifanstat (TVB-2640),FASN
T32237,CCC(C)(CC)c1cc(NC(=O)c2c(OC)cccc2OC)on1,332.4,4.02,73.6,1,5,7,0,0.2020,Firsocostat (GS-0976),ACC
T15619,O=C(c1ccc(F)cc1)N1CCc2nc(COc3ccccc3)oc2C1,352.37,3.59,55.6,0,4,4,0,0.2020,Cilofexor (GS-9674),FXR
T31124,COc1ccn2ncc(-c3nc4[nH]nc(NC(=O)c5ccc(F)cc5)c4cc3F)c2c1,420.38,3.81,97.2,2,5,4,0,0.2020,Denifanstat (TVB-2640),FASN
T2456,COc1cc2nccc(Oc3ccc(NC(=O)Nc4cc(C)on4)c(Cl)c3)c2cc1OC,454.87,5.64,107.7,2,7,6,1,0.2019,Cilofexor (GS-9674),FXR
T3713,Cc1c(NC(=O)c2cc(C(N)=O)nc3cc(F)ccc23)c(C(F)(F)F)nn1Cc1ccc(C#N)cc1,496.42,4.17,126.7,2,5,5,0,0.2019,Denifanstat (TVB-2640),FASN
T5466,CCN1CCC(Nc2ccc3c(c2)/C(=C(\c2cccc(F)c2)c2ncc(C)[nH]2)C(=O)N3)CC1,445.54,4.66,73.0,3,4,5,0,0.2019,Denifanstat (TVB-2640),FASN
T15612,CCc1cc2c(cc1-c1cnn(CC(=O)N(C)C)c1)C(C)(C)c1[nH]c3cc(C#N)ccc3c1C2=O,465.56,4.42,94.8,1,4,4,0,0.2019,Denifanstat (TVB-2640),FASN
T23518,COc1ccccc1NC(=O)Nc1nc(-c2cccnc2)nc2ccccc12,371.4,4.34,89.0,2,5,4,0,0.2019,Firsocostat (GS-0976),ACC
T3181,CCC(Sc1nnc2c3ccccc3n(CC)c2n1)C(=O)Nc1ccccc1OC,421.53,4.52,81.9,1,6,7,0,0.2018,Firsocostat (GS-0976),ACC
TQ0085,Cc1cn2nc([C@@H]3CCCCN3C(=O)c3cc(Cl)ccc3NS(C)(=O)=O)cc2nc1N1CC[C@H](N)C1,532.07,2.97,125.9,2,7,5,1,0.2018,Denifanstat (TVB-2640),FASN
T27837,COc1cc(F)c(-n2c(=O)[nH]c3csc(C(=O)O)c3c2=O)cc1OCc1c(OC)ccc(F)c1F,508.43,3.45,119.8,2,7,7,1,0.2018,Firsocostat (GS-0976),ACC
T19671,COCc1ccc(-c2ccc3ncc(C(N)=O)c(N[C@@H](C)C4CCOCC4)c3c2)cn1,420.51,3.77,99.4,2,6,7,0,0.2018,Firsocostat (GS-0976),ACC
T0093,CNC(=O)c1cc(Oc2ccc(NC(=O)Nc3ccc(Cl)c(C(F)(F)F)c3)cc2)ccn1,464.83,5.55,92.4,3,4,5,1,0.2000,BI-1467335,AOC3/VAP-1
T1467,COc1ccc2c(c1)c(CC(=O)OCC(=O)O)c(C)n2C(=O)c1ccc(Cl)cc1,415.83,3.47,94.8,1,5,6,0,0.2000,BI-1467335,AOC3/VAP-1
T1889,O=C(c1c2ccccc2cc2ccccc12)N1CCC(N2CCC[C@@H](C(=O)N3CCOCC3)C2)CC1,485.63,4.17,53.1,0,4,3,0,0.2000,Denifanstat (TVB-2640),FASN
T1897,O=C(O)CCc1c(C(=O)O)[nH]c2cc(Cl)cc(Cl)c12,302.11,3.19,90.4,3,2,4,0,0.2000,Lanifibranor (IVA-337),PPAR-alpha/gamma/delta
T1918,CNC(=O)c1ccccc1Nc1nc(Nc2ccc(N3CCOCC3)cc2OC)ncc1Cl,468.95,3.82,100.6,3,8,7,0,0.2000,Firsocostat (GS-0976),ACC
T2512,Nc1ccccc1NC(=O)c1ccc(CNc2nccc(-c3cccnc3)n2)cc1,396.45,3.99,105.8,3,6,6,0,0.2000,BI-1467335,AOC3/VAP-1
T3876,COc1cc(OC)c(CCC(=O)c2ccc(O)cc2)c(OC)c1,316.35,3.23,65.0,1,5,7,0,0.2000,BI-1467335,AOC3/VAP-1
T4041,CCc1nc2c(C)cc(N3CCN(CC(=O)N4CC(O)C4)CC3)cn2c1CNc1nc(-c2ccc(F)cc2)c(C#N)s1,588.71,3.28,113.0,2,9,8,1,0.2000,Denifanstat (TVB-2640),FASN
T4450,Cc1cc(-c2ccccc2)nnc1C(=O)N1CCN(c2ncccn2)CC1,360.42,2.2,75.1,0,6,3,0,0.2000,Denifanstat (TVB-2640),FASN
T7016,O=[N+]([O-])c1ccc(S(=O)(=O)N2CCN(c3ccnc4cc(Cl)ccc34)CC2)c([N+](=O)[O-])c1,477.89,3.22,139.8,0,8,5,0,0.2000,Lanifibranor (IVA-337),PPAR-alpha/gamma/delta
T4565,O=C(O)c1ccc2nc(-c3cc(Cl)cc(Cl)c3)oc2c1,308.12,4.5,63.3,1,3,2,0,0.2000,Lanifibranor (IVA-337),PPAR-alpha/gamma/delta
T4571,O=C(O)CCNC(=O)c1ccc(/N=N/c2ccc(O)c(C(=O)O)c2)cc1,357.32,2.71,148.7,4,6,7,0,0.2000,BI-1467335,AOC3/VAP-1
T3S1149,CC(CC(=O)C[C@@H](C)[C@H]1CC(=O)[C@@]2(C)C3=C(C(=O)[C@@H](O)[C@]12C)[C@@]1(C)CC[C@H](O)C(C)(C)[C@@H]1C[C@@H]3O)C(=O)O,532.67,3.1,149.2,4,7,6,1,0.2000,Obeticholic acid (OCA),FXR
T5668,CC(=O)Oc1ccc(/C=C/c2cc(OC(C)=O)cc(OC(C)=O)c2)cc1,354.36,3.63,78.9,0,6,5,0,0.2000,BI-1467335,AOC3/VAP-1
T5637,O=C(NC(=O)c1ccccc1Cl)Nc1ccc(OC(F)(F)F)cc1,358.7,4.2,67.4,2,3,3,0,0.2000,BI-1467335,AOC3/VAP-1
T7199,CCC(=O)N1CCC(NC(=O)Nc2ccc(OC(F)(F)F)cc2)CC1,359.35,3.11,70.7,2,3,4,0,0.2000,BI-1467335,AOC3/VAP-1
T7196,CNc1nc(Nc2ccc(C(=O)N3CCOCC3)cc2OC)ncc1Cl,377.83,2.4,88.6,2,7,5,0,0.2000,Denifanstat (TVB-2640),FASN
T17026,[H][C@]12C=C[C@]([H])([C@]3([H])C[C@]13[H])[C@@]1([H])C(=O)N(NC(=O)c3ccc(C(F)(F)F)cc3)C(=O)[C@@]21[H],376.33,2.4,66.5,1,3,2,0,0.2000,BI-1467335,AOC3/VAP-1
T17196,O=C(Nc1ccc(OC(F)(F)F)cc1)N[C@H]1CC[C@H](Oc2ccc(C(=O)O)cc2)CC1,438.4,4.8,96.9,3,4,6,0,0.2000,BI-1467335,AOC3/VAP-1
TQ0066,CNC(=O)c1ccc(Oc2ccc3c(c2)CCN(C2CCC2)CC3)nc1,351.45,3.19,54.5,1,4,4,0,0.2000,BI-1467335,AOC3/VAP-1
T16904,Cc1ccnn1-c1ccc(C(=O)N2CCN(S(=O)(=O)c3ccc(Cl)c(C(F)(F)F)c3)CC2)cc1,512.94,4.0,75.5,0,4,4,1,0.2000,Denifanstat (TVB-2640),FASN
TN2058,COc1cc(O)c2c(c1)O[C@H](c1ccc(OC)c(O)c1)CC2=O,316.31,2.82,85.2,2,6,3,0,0.2000,VK2809,THR-beta
T18902,O=C(O)c1ccc2c(c1)C1(OC2=O)c2ccc(O)cc2Oc2cc(O)ccc21,376.32,3.36,113.3,3,6,1,0,0.2000,Cilofexor (GS-9674),FXR
T27246,COc1ccccc1C(=O)Nc1ccc(C(=O)Nc2ccccc2C(=O)O)cc1,390.4,3.9,104.7,3,4,6,0,0.2000,BI-1467335,AOC3/VAP-1
T17225,CC(C)(C)c1ccc(S(=O)(=O)Nc2ccc(Cl)cc2C(=O)c2cc[n+]([O-])cc2)cc1,444.94,4.3,90.2,1,4,5,0,0.2000,Lanifibranor (IVA-337),PPAR-alpha/gamma/delta
T31206,COc1ccc(C(=O)Nc2cccc(O)c2NC(=O)c2ccc(N3CCCN(C)CC3)cc2)cc1,474.56,4.05,94.1,3,6,6,0,0.2000,BI-1467335,AOC3/VAP-1
T21815,CCCCCc1ccc(/C=C/C(=O)Nc2cc(Cl)ccc2C(=O)O)cc1,371.86,5.42,66.4,2,2,8,1,0.2000,Lanifibranor (IVA-337),PPAR-alpha/gamma/delta
TN1059,[H][C@@]12C[C@H](O)C3=C(C(=O)C[C@]4(C)[C@@H]([C@H](C)CC(=O)C[C@@H](C)C(=O)O)CC(=O)[C@@]34C)[C@@]1(C)CC[C@H](O)C2(C)C,516.68,4.13,129.0,3,6,6,1,0.2000,Obeticholic acid (OCA),FXR
T9628,O=C1CSC(=O)N1CC(O)Cn1c2ccc(Cl)cc2c2cc(Cl)ccc21,409.29,4.16,62.5,1,4,4,0,0.2000,Lanifibranor (IVA-337),PPAR-alpha/gamma/delta
T9687,Cc1ccc(COC2CN(C(=O)[C@H]3C[C@]4(COC(=O)N4)C3)C2)cc1Cl,364.83,2.26,67.9,1,4,4,0,0.2000,Denifanstat (TVB-2640),FASN
T8553,O=C(CSc1nc2ccc(N3CCOCC3)cc2c(=O)n1CCc1ccccc1)NCC1CCCO1,508.64,2.86,85.7,1,7,9,1,0.2000,Firsocostat (GS-0976),ACC
T36631,C[C@H]1CC(=O)Nc2cc(C(=O)NCCC3CC3)ccc2N1C(=O)N1CC2CC2C1,396.49,2.83,81.8,2,3,4,0,0.2000,Denifanstat (TVB-2640),FASN
T40187,CCN1CCN(C(=O)Nc2cc(-c3cn(C4CCOCC4)c4cnccc34)ccn2)CC1,434.54,3.62,75.5,1,5,4,0,0.2000,Firsocostat (GS-0976),ACC
T14946,CC(C)(C)c1cc(C(=O)/C=C/c2ccc(C(=O)O)cc2)cc(C(C)(C)C)c1,364.49,5.88,54.4,1,2,4,1,0.2000,BI-1467335,AOC3/VAP-1
T13246,Nc1ncc(-c2ccc(C(=O)N3CCNCC3)cc2)nc1-c1ccc(C(F)(F)F)cc1,427.43,3.46,84.1,2,5,3,0,0.2000,Denifanstat (TVB-2640),FASN
TN7150,COc1ccc(NC(=O)Nc2ccc(OC)cc2OC)c(OC)c1,332.36,3.37,78.1,2,5,6,0,0.2000,BI-1467335,AOC3/VAP-1
T10775,CC1CCN(c2ccc(CO)cc2NC(=O)c2ccc(C#N)o2)CC1,339.4,3.13,89.5,2,5,4,0,0.2000,Denifanstat (TVB-2640),FASN
T10381,COc1cc2c(C(=O)N3CCCCC3)cn(-c3noc4ccc(C)cc34)c(=O)c2cc1OC,447.49,4.08,86.8,0,6,4,0,0.2000,Denifanstat (TVB-2640),FASN
T64335,CC(C)(C)OC(=O)N[C@@H](CC(=O)OCc1ccccc1)C(=O)O,323.35,2.1,101.9,2,5,6,0,0.2000,BI-1467335,AOC3/VAP-1
T64396,COCCCOc1cccc2c3n(nc12)C[C@@H](C(C)(C)C)n1cc(C(=O)O)c(=O)cc1-3,425.49,3.58,95.6,1,5,6,0,0.2000,Firsocostat (GS-0976),ACC
T67855,O=C(NCCCn1ccnc1)c1cc(-c2cccc(Cl)c2)on1,330.78,3.01,73.0,1,4,6,0,0.2000,Cilofexor (GS-9674),FXR
T23557,O=C(O)Cc1ccc(OCCNC[C@H](O)c2ccccc2)cc1,315.37,2.02,78.8,3,4,9,0,0.2000,BI-1467335,AOC3/VAP-1
T67920,Cn1c(Nc2nc3ccc(C(F)(F)F)cc3s2)nc2cc(C(=O)NCCOCCO)ccc21,479.48,3.68,101.3,3,7,8,0,0.2000,BI-1467335,AOC3/VAP-1
T31592,CN(C)CCc1c[nH]c2ccc(NS(=O)(=O)c3c(Cl)nc4sccn34)cc12,423.95,3.44,82.5,2,5,6,0,0.2000,Lanifibranor (IVA-337),PPAR-alpha/gamma/delta
T61316,CCOC(=O)COc1nc(-c2ccccc2)cc(-c2ccccc2)c1C#N,358.4,4.23,72.2,0,5,6,0,0.2000,Denifanstat (TVB-2640),FASN
T60788,O=c1[nH]nc2ccc(Sc3ccc(Cl)c(Cl)c3)nn12,313.17,2.88,63.0,1,4,2,0,0.2000,Resmetirom,THR-beta
T27838,CCO[C@H]1CCN(C(=O)c2cc(-c3ccccc3)c(=O)n3c2-c2cc(Cl)ccc2CC3)C1,448.95,4.64,51.5,0,3,4,0,0.2000,Denifanstat (TVB-2640),FASN
T33581,CC(C)(C)NCC(O)COc1ccc(O)c2c1C1CCC2CC1,319.45,3.27,61.7,3,4,5,0,0.2000,BI-1467335,AOC3/VAP-1
T77656,O=C(NNc1ccc(C(F)(F)F)cc1)c1cc2ccccc2cn1,331.3,4.01,54.0,2,3,3,0,0.2000,BI-1467335,AOC3/VAP-1
T74696,O=C(c1ccc2nc[nH]c2c1)N1CCN(C/C=C/c2ccccc2)CC1,346.43,3.03,52.2,1,3,4,0,0.2000,Denifanstat (TVB-2640),FASN
T70470,CNC(=O)c1ccc(Oc2ccc(S(=O)(=O)[C@]3(C(=O)NO)CCC4(CCNCC4)C3)cc2)cc1,487.58,2.41,133.8,4,7,6,0,0.2000,BI-1467335,AOC3/VAP-1
T27583,O=C(O)COc1cc(Cl)ccc1C(=O)NCc1ccc(Br)cc1F,416.63,3.64,75.6,2,3,6,0,0.2000,Lanifibranor (IVA-337),PPAR-alpha/gamma/delta
T63429,CN(C(=O)c1ccc(F)cc1C(F)(F)F)C1CCN(C(=O)c2ccccc2Nc2ccnn2C)CC1,503.5,4.7,70.5,1,4,5,1,0.2000,Denifanstat (TVB-2640),FASN
T78170,C=CS(=O)(=O)NC[C@H]1CCCN(C(=O)c2cc(Cl)ccc2OC)C1,372.87,2.26,75.7,1,4,6,0,0.2000,Denifanstat (TVB-2640),FASN
T28750,CC(=O)N[C@H]1CC(=O)N(c2ccc(OCc3cccc(F)c3)cc2)C1,342.37,2.65,58.6,1,3,5,0,0.2000,BI-1467335,AOC3/VAP-1
T80676,CCN1CCN(Cc2ccc(NC(=O)c3cccc(C#Cc4cccc5[nH]nc(N)c45)c3)cc2C(F)(F)F)CC1,546.6,4.95,90.3,3,5,5,1,0.2000,BI-1467335,AOC3/VAP-1
TN3207,COc1cc(O)c2c(c1)O[C@H](c1ccc(OC)c(OC)c1)CC2=O,330.34,3.12,74.2,1,6,4,0,0.2000,VK2809,THR-beta
T69564,CCN1CCN(C(=O)c2ccc(Nc3ncc(F)c(-c4ccc5nc(N(C)C)sc5c4)n3)nc2)CC1,506.61,3.87,90.4,1,9,6,1,0.2000,Denifanstat (TVB-2640),FASN
T73328L,CCc1nc(N)nc(N)c1OCCCOc1ccccc1CCC(=O)O,360.41,2.07,133.6,3,7,10,0,0.2000,Lanifibranor (IVA-337),PPAR-alpha/gamma/delta
T40051,CC(C)CNC(=O)n1c(=O)oc2cc(C3CCN(C)CC3)ccc21,331.42,2.62,67.5,1,4,3,0,0.2000,Denifanstat (TVB-2640),FASN
T33807L,O=C1CCc2cc(C(=O)N3CCN(CCCC(=O)c4ccccc4)CC3)ccc2N1,405.5,2.99,69.7,1,4,6,0,0.2000,Denifanstat (TVB-2640),FASN
0.5H2O,O=C(Nc1cccc2c(=O)cc(-c3nnn[nH]3)oc12)c1ccc(OCCCCc2ccccc2)cc1,481.51,4.63,123.0,2,7,9,0,0.2000,BI-1467335,AOC3/VAP-1
T61742,Nc1ccc(Oc2ccc(NC(=O)Nc3cccc(C(F)(F)F)c3)cc2)cn1,388.35,5.12,89.3,3,4,4,1,0.2000,BI-1467335,AOC3/VAP-1
T205876,COc1cc(C=CC(=O)c2ccc(N(C)C)cc2)ccc1OCC(=O)O,355.39,3.12,76.1,1,5,8,0,0.2000,BI-1467335,AOC3/VAP-1
T203129,O=C(CCn1cnc2ccccc2c1=O)Nc1ccc(S(=O)(=O)N2CCCCC2)cc1,440.53,2.6,101.4,1,5,6,0,0.2000,Lanifibranor (IVA-337),PPAR-alpha/gamma/delta
T37875,COC(=O)Nc1nc2ccc(S(=O)(=O)c3ccccc3)cc2[nH]1,331.35,2.57,101.1,2,5,3,0,0.2000,Lanifibranor (IVA-337),PPAR-alpha/gamma/delta
T19321,CCOC(=O)[C@@H](C)Oc1ccc(Oc2nc3ccc(Cl)cc3o2)cc1,361.78,4.6,70.8,0,6,6,0,0.2000,Lanifibranor (IVA-337),PPAR-alpha/gamma/delta
T70470L,CNC(=O)c1ccc(Oc2ccc(S(=O)(=O)[C@@]3(C(=O)NO)CCC4(CCNCC4)C3)cc2)cc1,487.58,2.41,133.8,4,7,6,0,0.2000,BI-1467335,AOC3/VAP-1
T13331,COc1ccc(C2CC(=O)N(C(=O)NCc3cccnc3)N2C)cc1OC1CCCC1,424.5,3.44,84.0,1,6,6,0,0.1983,Firsocostat (GS-0976),ACC
T2073,Cc1c(Cn2c(C)nc3c(C(=O)O)cc(N4CCOCC4)cc32)cccc1C(F)(F)F,433.43,4.26,67.6,1,4,4,0,0.1982,Firsocostat (GS-0976),ACC
T6087,Cc1cc([C@@H](C)Nc2ccccc2C(=O)O)c2nc(N3CCOCC3)cc(=O)n2c1,408.46,2.71,96.2,2,6,5,0,0.1982,Firsocostat (GS-0976),ACC
T11462,O=c1nc(OCC2COCCO2)cc2n1CCc1cc(OCc3ccccn3)ccc1-2,421.45,2.23,84.7,0,7,6,0,0.1982,Cilofexor (GS-9674),FXR
T4226,Cc1cccc(C)c1N(CC(=O)Nc1ccc(-c2ncon2)cc1)C(=O)C1CCS(=O)(=O)CC1,482.56,3.15,122.5,1,7,6,0,0.1981,Cilofexor (GS-9674),FXR
T4965,COc1cc2c(cc1OC)CN(C(=O)[C@@H](NCc1ccncc1)C(C)(C)C)CC2,397.52,3.19,63.7,1,5,6,0,0.1981,Firsocostat (GS-0976),ACC
T7764,O=C(Nc1ccc(Cl)cc1)C1CN(C(=O)c2cccc(-c3ccco3)c2)CC(F)(F)C1,444.87,5.34,62.6,1,3,4,1,0.1981,Cilofexor (GS-9674),FXR
T7886,Cn1nc(C(=O)N(Cc2ccccc2)Cc2ccc(C(=O)O)cc2)c2c1-c1cc(Cl)ccc1OC2,487.94,5.17,84.7,1,4,6,1,0.1981,Cilofexor (GS-9674),FXR
TQ0067,COc1cc(C(=O)N2CC[C@@H](O)[C@@H](N)C2)cc2nc(-c3cc4ccccc4n3CC3CC3)n(C)c12,473.58,3.15,98.5,2,5,5,0,0.1981,Denifanstat (TVB-2640),FASN
T10696,O=C(NCC1CCOCC1)c1cnc(Nc2ccccc2)nc1C(F)(F)F,380.37,3.4,76.1,2,5,5,0,0.1981,Firsocostat (GS-0976),ACC
T6085,Cc1cc(CS(=O)(=O)c2ccccc2)cc(OCc2ccc(CN3CCC[C@@H]3CO)cc2)c1,465.62,4.5,66.8,1,5,9,0,0.1980,VK2809,THR-beta
T11864,CCO[C@H]1CCN(Cc2c(OC)cc(C)c3[nH]ccc23)[C@H](c2ccc(C(=O)O)cc2)C1,422.53,4.93,74.8,2,4,7,0,0.1980,Denifanstat (TVB-2640),FASN
T70038,O=C(c1ccc(N2CCOCC2)cc1)N1CCC[C@@H](N(C(=O)CCl)c2ccccc2)C1,441.96,3.4,53.1,0,4,5,0,0.1980,Cilofexor (GS-9674),FXR
T15804,CC(C)OC(=O)N[C@H]1Cc2c(n(Cc3ccccn3)c3ccc(C#N)cc23)C1,374.44,3.56,79.9,1,4,4,0,0.1980,Denifanstat (TVB-2640),FASN
T87946,C[C@H]1CCCN1Cc1cc2cnc(NC(=O)c3ccc4c(cnn4C)c3)cc2[nH]1,388.48,3.69,78.8,2,4,4,0,0.1980,Denifanstat (TVB-2640),FASN
T73461,CC(C)C[C@@H](NC(=O)C1(C(F)(F)F)CCCCC1)C(=O)Nc1nnc(Cc2ccc(C#N)cc2)s1,507.58,4.98,107.8,2,6,8,1,0.1980,Denifanstat (TVB-2640),FASN
T6484,CCC(CC)n1ccc2c(C(=O)NCc3c(C)cc(C)[nH]c3=O)cc(C#N)cc21,390.49,4.11,90.7,2,3,6,0,0.1979,Denifanstat (TVB-2640),FASN
T12718L,CCc1nc(C)cn2nc(-c3cc(=O)n4cc(C5CCN(C)CC5)cc(C)c4n3)cc12,416.53,3.39,67.8,0,5,3,0,0.1979,Denifanstat (TVB-2640),FASN
T22834,O=C(O)c1ccc2c(c1)C(=O)N(c1cccc(Oc3ccc([N+](=O)[O-])cc3)c1)C2=O,404.33,3.89,127.0,1,6,5,0,0.1979,Cilofexor (GS-9674),FXR
T39733,Cn1nccc1-c1ccc(C(=O)N[C@@H]2CNCC[C@H]2c2ccc(F)c(F)c2)c(F)c1,414.43,3.38,59.0,2,3,4,0,0.1979,Denifanstat (TVB-2640),FASN
T73494,Cc1cc(NC(=O)C(=O)N2C[C@@H](C)CC[C@@H]2c2ccc3scnc3c2)cnc1N,409.52,3.52,101.2,2,6,2,0,0.1979,Lanifibranor (IVA-337),PPAR-alpha/gamma/delta
T2396,O=C(O)CCn1c2c(c3ccccc31)C[C@H](NS(=O)(=O)c1ccc(F)cc1)CC2,416.47,3.09,88.4,2,3,6,0,0.1978,Lanifibranor (IVA-337),PPAR-alpha/gamma/delta
T3931,CC(C)=CCc1c(O)ccc2c1O[C@H](c1ccc(O)cc1)CC2=O,324.38,4.31,66.8,2,4,3,0,0.1978,VK2809,THR-beta
T4527,C/C(=N/NC(=O)c1cccc(S(=O)(=O)N2CCN(C)CC2)c1)c1cc(Cl)ccc1O,450.95,2.14,102.3,2,6,5,0,0.1978,Lanifibranor (IVA-337),PPAR-alpha/gamma/delta
T4602,[H][C@@]12CC[C@](O)(C(=O)COC(=O)CCC(=O)O)[C@@]1(C)C[C@H](O)[C@@]1([H])[C@@]2([H])CCC2=CC(=O)CC[C@@]21C,462.54,2.2,138.2,3,7,6,0,0.1978,Obeticholic acid (OCA),FXR
T5093,N#Cc1ccc(-c2cnc3[nH]cc(NC(=O)c4cccnc4)c3c2)cc1,339.36,3.75,94.5,2,4,3,0,0.1978,Denifanstat (TVB-2640),FASN
T16867,COc1cccc(C(=O)CC(=O)C(=O)Nc2cc(Cl)ccc2C)c1,345.78,3.44,72.5,1,4,6,0,0.1978,VK2809,THR-beta
T9183,CCc1[nH]nc(C(=O)Nc2ccc([C@H]3CNCCO3)cc2)c1C,314.39,2.19,79.0,3,4,4,0,0.1978,Denifanstat (TVB-2640),FASN
TQ0290,CC(C(=O)Nc1cc(C#N)ccc1CCCC(=O)O)c1ccc(F)c2ccccc12,404.44,5.0,90.2,2,3,7,1,0.1978,Lanifibranor (IVA-337),PPAR-alpha/gamma/delta
T9464,Cc1cc(CN)cc(C)c1NC(=O)c1ccc(-c2cc(Cl)ccc2Cl)o1,389.28,5.58,68.3,2,3,4,1,0.1978,VK2809,THR-beta
T29118,C[C@@H]1CN(c2cccnc2C#N)CCN1C(=O)C12CC3CC(CC(C3)C1)C2,364.49,3.21,60.2,0,4,2,0,0.1978,Denifanstat (TVB-2640),FASN
T13057,Cc1nnc(NC(=O)c2cccc([C@@H]3C[C@H]3NC3CCC3)c2)s1,328.44,3.1,66.9,2,5,5,0,0.1978,Denifanstat (TVB-2640),FASN
T21762,O=C(Nc1ccccc1Cl)c1cnc2ccc(C3CCNCC3)cn12,354.84,3.71,58.4,2,3,3,0,0.1978,Denifanstat (TVB-2640),FASN
T1291,COc1cc(N)c(Cl)cc1C(=O)N[C@@H]1CCN(CCCOc2ccc(F)cc2)C[C@@H]1OC,465.95,3.36,86.1,2,6,9,0,0.1977,BI-1467335,AOC3/VAP-1
T2551,Cc1cc(C#N)cc(C)c1Oc1nc(Nc2ccc(C#N)cc2)nc(N)c1Br,435.29,4.72,120.6,2,7,4,0,0.1977,Denifanstat (TVB-2640),FASN
T22043,O=C(NNS(=O)(=O)c1ccccc1C(F)(F)F)c1cc2cc(Cl)ccc2o1,418.78,3.73,88.4,2,4,4,0,0.1977,Lanifibranor (IVA-337),PPAR-alpha/gamma/delta
T7724,COc1ccc(-n2nc(CCC(=O)N(C)O)cc2-c2ccc(Cl)cc2)cc1,385.85,3.98,67.6,1,4,6,0,0.1977,Lanifibranor (IVA-337),PPAR-alpha/gamma/delta
T9988,O=C(NCCCn1ccnc1)c1cc(-c2ccc(Cl)cc2)on1,330.78,3.01,73.0,1,4,6,0,0.1977,Lanifibranor (IVA-337),PPAR-alpha/gamma/delta
T71703,[H][C@@]12CC[C@@]3([H])N(C)C(=O)CC[C@]3(C)[C@@]1([H])CC[C@]1(C)[C@@H](C(=O)N(C(=O)NC(C)C)C(C)C)CC[C@@]21[H],459.68,4.82,69.7,1,3,3,0,0.1977,Obeticholic acid (OCA),FXR
T71703L,[H][C@@]12CC[C@]3([H])N(C)C(=O)CC[C@]3(C)[C@@]1([H])CC[C@]1(C)[C@@H](C(=O)N(C(=O)NC(C)C)C(C)C)CC[C@@]21[H],459.68,4.82,69.7,1,3,3,0,0.1977,Obeticholic acid (OCA),FXR
T75163,NS(=O)(=O)c1ccc(NC=C2C(=O)Nc3ccc4ncsc4c32)cc1,372.43,2.35,114.2,3,6,3,0,0.1977,Lanifibranor (IVA-337),PPAR-alpha/gamma/delta
T6941,CCCc1ccc(OCC(=O)N(Cc2nc(-c3cccnc3)no2)C(C)C)cc1,394.48,3.9,81.4,0,6,9,0,0.1975,BI-1467335,AOC3/VAP-1
T28903,CC(=O)NCCSc1nc2cscc2c(=O)n1-c1ccc(OCC(F)(F)F)cc1,443.47,3.62,73.2,1,6,7,0,0.1975,BI-1467335,AOC3/VAP-1
T17036,NC(=O)N1C(=O)/C(=C(\O)c2cccs2)c2cc(Cl)ccc21,320.76,3.25,83.6,2,4,1,0,0.1975,Lanifibranor (IVA-337),PPAR-alpha/gamma/delta
T85309,CC(F)(F)c1ncc(C(=O)N[C@H](/C=C/S(C)(=O)=O)C2CC2)c(Oc2ccccc2)n1,437.47,3.45,98.2,1,6,8,0,0.1975,BI-1467335,AOC3/VAP-1
TN1392,COc1cc(C[C@H]2COC[C@@H]2Cc2ccc(O)c(OC)c2)ccc1O,344.41,3.16,68.2,2,5,6,0,0.1975,VK2809,THR-beta
T11844,Cc1cc2c(cc1C(=O)c1ccc(C(=O)O)cc1)C(C)(C)CCC2(C)C,350.46,5.27,54.4,1,2,3,1,0.1974,Denifanstat (TVB-2640),FASN
T10048,CC(=O)[C@@]1(O)CC[C@H]2[C@@H]3CC=C4C[C@@H](O)CC[C@]4(C)[C@H]3CC[C@@]21C,332.48,3.63,57.5,2,3,1,0,0.1974,Obeticholic acid (OCA),FXR
T9753,O=C(CCCc1ccccc1)C(=O)NCCc1ccc(Oc2ccc(C(F)(F)F)cn2)cc1,456.46,5.14,68.3,1,4,10,1,0.1974,BI-1467335,AOC3/VAP-1
T60774,CC1(C)CCC(Cc2cc(O)c(-c3ccccc3)c(=O)[nH]2)CC1,311.43,4.51,53.1,2,2,3,0,0.1974,Obeticholic acid (OCA),FXR
T37979,CC(C)COc1ccc(CNC(=O)N(Cc2ccc(F)cc2)C2CCNCC2)cc1,413.54,4.32,53.6,2,3,8,0,0.1974,BI-1467335,AOC3/VAP-1
T0108,CCCCNc1cc(C(=O)O)cc(S(N)(=O)=O)c1Oc1ccccc1,364.42,3.04,118.7,3,5,8,0,0.1972,BI-1467335,AOC3/VAP-1
T0322,O=C(COc1ccc(Cl)cc1)N1CCN(Cc2ccc3c(c2)OCO3)CC1,388.85,2.79,51.2,0,5,5,0,0.1972,BI-1467335,AOC3/VAP-1
T9394,COc1cc2c(cc1C(=O)Nc1ccc(C(C)(C)C#N)cc1)CCCCC2,362.47,5.02,62.1,1,3,4,1,0.1972,BI-1467335,AOC3/VAP-1
T77607,NS(=O)(=O)c1ccc2nc(-c3ccccc3)c(-c3ccccc3)nc2c1,361.43,3.61,85.9,1,4,3,0,0.1972,Lanifibranor (IVA-337),PPAR-alpha/gamma/delta
T1867,COc1ccc2cc(C(C)C(=O)Oc3ccc(C(N)=S)cc3)ccc2c1,365.45,4.19,61.5,1,4,5,0,0.1970,BI-1467335,AOC3/VAP-1
T2275,COc1ccc(C(=O)CC2(O)C(=O)Nc3c(Cl)ccc(Cl)c32)cc1,366.2,3.41,75.6,2,4,4,0,0.1970,BI-1467335,AOC3/VAP-1
T9008,COc1ccc(C(=O)c2oc3ccccc3c2NC(C)=O)cc1,309.32,3.63,68.5,1,4,4,0,0.1970,BI-1467335,AOC3/VAP-1
T41308L,NCC(=O)N[C@@H](Cc1ccccc1)C(=O)Nc1ccc2ccccc2c1,347.42,2.46,84.2,3,3,6,0,0.1970,BI-1467335,AOC3/VAP-1
T61824,O=C(NNC(=O)C1C2C=CC(C3CC23)C1C(=O)O)c1ccc(C(F)(F)F)cc1,394.35,2.24,95.5,3,3,3,0,0.1970,BI-1467335,AOC3/VAP-1
T16670,O=C(CC(c1ccccc1)C(C(=O)O)C(=O)O)c1ccc(C(F)(F)F)cc1,380.32,3.85,91.7,2,3,7,0,0.1967,BI-1467335,AOC3/VAP-1
T36758,Cc1cc(C)cc(NC(=O)Nc2ccc(OS(N)(=O)=O)cc2)c1,335.39,2.53,110.5,3,4,4,0,0.1967,BI-1467335,AOC3/VAP-1
T64351,O=C(N/N=C/c1ccc(-c2ccccc2)cc1)c1ccc(O)cc1,316.36,3.82,61.7,2,3,4,0,0.1967,BI-1467335,AOC3/VAP-1
T71973,CCc1nc(C(N)=O)c(Nc2ccc(N3CCC(N4CCN(C)CC4)CC3)c(OC)c2)nc1NC1CCOCC1,552.72,2.7,121.1,3,10,9,1,0.1967,Firsocostat (GS-0976),ACC
T14219,Cc1c(OC(=O)c2ccc(N)cc2)c(O)c2ccccc2c1O,309.32,3.36,92.8,3,5,2,0,0.1967,BI-1467335,AOC3/VAP-1
T81654,COc1cc(OC)c(C=CC(=O)c2ccc(O)cc2)c(OC)c1,314.34,3.31,65.0,1,5,6,0,0.1967,BI-1467335,AOC3/VAP-1
T36644,C=CC(=O)Nc1cc(Nc2nccc(-c3cn(C)c4ccccc34)n2)c(OC)cc1OCCN(C)C,486.58,4.45,93.5,2,7,10,0,0.1967,Firsocostat (GS-0976),ACC
T9762,COc1ccccc1N1CCN(CCCNC(=O)c2cccc3c(=O)c(C)c(-c4ccccc4)oc23)CC1,511.62,4.72,75.0,1,6,8,1,0.1966,Firsocostat (GS-0976),ACC
T68138,COc1ccccc1N1CCN(CC(O)COc2ccc(-c3cc(C#N)c(=O)[nH]c3C)cc2)CC1,474.56,2.79,101.8,2,7,8,0,0.1966,Firsocostat (GS-0976),ACC
T62927,CN1CCC(c2ncc(-c3cnc(N)c(OCc4cccc(C#CC(C)(C)O)c4)c3)s2)CC1,462.62,4.3,84.5,2,7,5,0,0.1966,Firsocostat (GS-0976),ACC
T1448,Cc1nc(Nc2ncc(C(=O)Nc3c(C)cccc3Cl)s2)cc(N2CCN(CCO)CC2)n1,488.02,3.31,106.5,3,9,7,0,0.1964,Cilofexor (GS-9674),FXR
T2081,CN1CCN(CCCNc2ncc(Cl)c(-c3cc4c(C(=O)NC5CC5)cccc4s3)n2)CC1,485.06,3.95,73.4,2,7,8,0,0.1964,Cilofexor (GS-9674),FXR
T4250,CCOCCn1c(C2CCN(CCc3ccc(C(C)(C)C(=O)O)cc3)CC2)nc2ccccc21,463.62,4.86,67.6,1,4,10,0,0.1964,Firsocostat (GS-0976),ACC
T0520,COc1cc2nccc(Oc3ccc(NC(=O)NC4CC4)c(Cl)c3)c2cc1C(N)=O,426.86,4.07,115.6,3,5,6,0,0.1963,Cilofexor (GS-9674),FXR
T1793,CCc1cnc(N2CCC(c3nc(COc4ccc(-n5cnnn5)cc4)cs3)CC2)nc1,448.56,3.43,94.7,0,9,7,0,0.1963,Cilofexor (GS-9674),FXR
T2429,Cc1ccc(C(=O)Nc2ccc(CN3CCN(C)CC3)c(C(F)(F)F)c2)cc1C#Cc1cnc2[nH]ncc2c1,532.57,4.68,77.1,2,5,4,1,0.1963,Denifanstat (TVB-2640),FASN
T3076,N#Cc1ccc(COc2ccc(-c3cccc4nc(NC(=O)C5CC5)nn34)cc2)cn1,410.44,3.59,105.2,1,6,6,0,0.1963,Cilofexor (GS-9674),FXR
T5532,COC(=O)N(CC(=O)O)Cc1cccc(OCc2nc(-c3ccc(Cl)cc3)oc2C)c1,444.87,4.54,102.1,1,6,8,0,0.1963,Cilofexor (GS-9674),FXR
TQ0253,Cc1noc(C)c1-c1cnc2c(-c3ccc(C(=O)O)cc3)cn([C@@H](C)c3ccccn3)c2c1,438.49,5.68,94.0,1,5,5,1,0.1963,Cilofexor (GS-9674),FXR
T38961L,CC(C)c1cc(-c2n[nH]c(=O)n2-c2ccc3c(ccn3CCC3CCNCC3)c2)c(O)cc1O,461.57,4.11,108.1,4,5,6,0,0.1963,VK2809,THR-beta
T63272,CC#CC(=O)N1CC[C@@H](n2cc(-c3ccc(Oc4c(F)cccc4F)cc3)c3c(N)n[nH]c(=O)c32)C1,489.48,3.84,106.2,2,5,4,0,0.1963,Denifanstat (TVB-2640),FASN
T1279,N#Cc1ccc2[nH]cc(CCCCN3CCN(c4ccc5oc(C(N)=O)cc5c4)CC3)c2c1,441.54,4.03,102.3,2,5,7,0,0.1961,Denifanstat (TVB-2640),FASN
T4478,Cc1ccc(-c2n[nH]c3c2C(c2cccc(O)c2)N(c2ccc(C(=O)O)cc2)C3=O)cc1,425.44,4.54,106.5,3,4,4,0,0.1961,Cilofexor (GS-9674),FXR
T26712,COC[C@H](C)Oc1cc(Oc2cnc(C(=O)N3CCC3)cn2)cc(C(=O)Nc2cnc(C)cn2)c1,478.51,2.88,128.7,1,9,9,0,0.1961,Denifanstat (TVB-2640),FASN
T60005,COc1ccc2nc(NC(=O)Cc3ccccc3OC)sc2c1,328.39,3.49,60.5,1,5,5,0,0.1961,Firsocostat (GS-0976),ACC
T14671,COC(=O)C1=C(C)NC(C)=C(C(=O)OC)C1c1cccc(NC(=O)NCCCN2CCC(c3cccc(OC)c3)CC2)c1,590.72,4.67,118.2,3,8,10,1,0.1961,Denifanstat (TVB-2640),FASN
T26252,COc1ncc(-c2ccc3ncnc(-c4cccc(C(=O)N5CCN(C(C)=O)CC5)c4)c3c2)cc1C#N,492.54,3.54,112.3,0,7,4,0,0.1961,Denifanstat (TVB-2640),FASN
T30047,CCO/N=C(\c1ccc(Br)cc1)C1CCN(C2(C)CCN(C(=O)c3c(C)cc[n+]([O-])c3C)CC2)CC1,557.53,4.85,72.1,0,5,6,1,0.1961,Denifanstat (TVB-2640),FASN
T70873,COc1cc2ncc3c(c2cc1-c1cnn(C)c1)n(-c1ccc(C#N)cc1F)c(=O)n3C,428.43,3.3,90.7,0,5,3,0,0.1961,Denifanstat (TVB-2640),FASN
T22850,CN(C(=O)Cc1ccc(Cl)c(Cl)c1)C(CN1CCCC1)c1cccc(OCC(=O)O)c1,465.38,4.29,70.1,1,4,9,0,0.1961,VK2809,THR-beta
T17296,COc1cc2c(c(OC)n1)[C@]1(O)[C@H](O)[C@H](CN(C)C)[C@@H](c3ccccc3)[C@]1(c1ccc(C#N)cc1)O2,487.56,2.78,108.1,2,8,6,0,0.1961,Denifanstat (TVB-2640),FASN
T3623,O=C(c1ccc(F)c(F)c1Nc1ccc(I)cc1F)N1CC(O)([C@@H]2CCCCN2)C1,531.32,3.78,64.6,3,4,4,1,0.1959,Denifanstat (TVB-2640),FASN
T8471,O=C(O)c1cc2c(Cl)c(N3CCN(S(=O)(=O)c4c(Cl)cccc4Cl)CC3)ccc2o1,489.76,4.6,91.1,1,5,4,0,0.1959,Cilofexor (GS-9674),FXR
T12367,CCOc1c([C@H](C)n2nc(C)c3c(N)ncnc32)cc(Cl)c(F)c1[C@@H]1CNC(=O)C1,432.89,3.12,108.0,2,6,5,0,0.1959,Resmetirom,THR-beta
T13867,N#Cc1c(C2CCCCC2)nc(Sc2ccc(C(F)(F)F)cc2[N+](=O)[O-])[nH]c1=O,424.4,4.77,112.7,1,6,4,0,0.1959,Denifanstat (TVB-2640),FASN
T70489,C[C@@H]1CCCN1CCCOc1ccc(-n2cc(C(=O)N3CCOCC3)cn2)cc1,398.51,2.6,59.8,0,5,7,0,0.1959,Denifanstat (TVB-2640),FASN
T1850,CCCN1CCN(c2ccc(C(=O)NC3(C(=O)NCC#N)CCCCC3)cc2)CC1,411.55,2.29,88.5,2,5,7,0,0.1957,Denifanstat (TVB-2640),FASN
T2304,C/C(=N\NC(=O)c1cccc(S(=O)(=O)N2CCOCC2)c1)c1cc(Cl)ccc1O,437.91,2.22,108.3,2,6,5,0,0.1957,Lanifibranor (IVA-337),PPAR-alpha/gamma/delta
T3620,CC1(C)CN(C(=O)c2ccc(-c3cccc4nc(NC(=O)C5CC5)nn34)cc2)C1,389.46,3.23,79.6,1,4,4,0,0.1957,Denifanstat (TVB-2640),FASN
T3846,CC(C)=CCc1cc2c(cc1O)O[C@H](c1ccc(O)cc1)CC2=O,324.38,4.31,66.8,2,4,3,0,0.1957,VK2809,THR-beta
T3965,Cc1c(CC(=O)O)c2cccnc2n1Cc1ccc(S(C)(=O)=O)cc1C(F)(F)F,426.42,3.44,89.3,1,4,5,0,0.1957,Lanifibranor (IVA-337),PPAR-alpha/gamma/delta
T7198,Cc1cccc(CCN2CCC(C(=O)c3ccc(NS(C)(=O)=O)cc3)CC2)n1,401.53,2.9,79.4,1,5,7,0,0.1957,Denifanstat (TVB-2640),FASN
TQ0083,COc1cc(C#N)ccc1S(=O)(=O)Nc1ccc2c(c1)cc(C)c(=O)n2C,383.43,2.53,101.2,1,5,4,0,0.1957,Denifanstat (TVB-2640),FASN
T22996,Cc1ccc(C2(C(=O)N3CCC(n4nc(-c5ccccc5)oc4=O)CC3)CC2)cc1,403.48,3.71,68.3,0,4,4,0,0.1957,Denifanstat (TVB-2640),FASN
T26834,NCCCC(=O)OCCN1CCN(CCCN2c3ccccc3Sc3ccc(Cl)cc32)CC1,489.09,4.23,62.0,1,7,10,0,0.1957,Lanifibranor (IVA-337),PPAR-alpha/gamma/delta
TN3741,COc1cc(/C=C/C2=CC(=O)CC(c3ccc(O)c(OC)c3)O2)ccc1O,368.39,3.74,85.2,2,6,5,0,0.1957,VK2809,THR-beta
T3225,CC(=O)OCC(=O)[C@@]12O[C@@H]1C[C@H]1[C@@H]3CC=C4C[C@@H](O)CC[C@]4(C)[C@H]3CC[C@@]12C,388.5,3.19,76.1,1,5,3,0,0.1954,Obeticholic acid (OCA),FXR
T4125,CCc1ccc(S(=O)(=O)Nc2cc(-c3cccs3)nn2-c2ccccc2)cc1,409.54,4.96,64.0,1,4,6,0,0.1954,Lanifibranor (IVA-337),PPAR-alpha/gamma/delta
TN1272,COc1ccc([C@@H]2CC(=O)c3c(O)cc(OC)cc3O2)cc1,300.31,3.12,65.0,1,5,3,0,0.1954,VK2809,THR-beta
T17266,Cc1cccc(C)c1NC(=O)c1cc(S(N)(=O)=O)c(Cl)cc1O,354.82,2.56,109.5,3,4,3,0,0.1954,VK2809,THR-beta
T24115,CCS(=O)(=O)c1ccc(S(=O)(=O)NC)cc1Nc1cc(Nc2ccc(Cl)cn2)ncn1,482.98,2.71,143.0,3,9,8,0,0.1954,Lanifibranor (IVA-337),PPAR-alpha/gamma/delta
TN11274,COc1ccc(C2CC(=O)c3c(O)cc(OC)cc3O2)cc1,300.31,3.12,65.0,1,5,3,0,0.1954,VK2809,THR-beta
T5839,CCOP(=S)(OCC)SCn1c(=O)oc2cc(Cl)ccc21,367.82,4.24,53.6,0,6,7,0,0.1951,Lanifibranor (IVA-337),PPAR-alpha/gamma/delta
T8694,CC(=O)c1ccc(N2CCN(C(=O)c3ccc4c(c3)OCO4)CC2)cc1,352.39,2.58,59.1,0,5,3,0,0.1951,Denifanstat (TVB-2640),FASN
T8993L,COc1ccc(-c2ccc(OCc3cc(C(=O)NS(=O)(=O)c4ccccc4C)oc3C)cc2)nc1,492.55,4.66,107.7,1,7,8,0,0.1951,BI-1467335,AOC3/VAP-1
T12165,CCC(=O)c1sc(-c2ccc(Cl)cc2)c(C)c1-c1ccc(S(N)(=O)=O)cc1,419.96,5.28,77.2,1,4,5,1,0.1951,Lanifibranor (IVA-337),PPAR-alpha/gamma/delta
T12347,Cc1ccc(-n2nc(C(C)(C)C)cc2NC(=O)Nc2ccc(OCCN3CCOCC3)cc2)cc1,477.61,4.83,80.7,2,5,7,0,0.1951,BI-1467335,AOC3/VAP-1
T60038,Cc1nc(-c2nc(-c3ccc(OC(F)(F)F)cc3)no2)n[nH]1,311.22,2.73,89.7,1,6,3,0,0.1951,Denifanstat (TVB-2640),FASN
T10329,COc1ccn2nc(C)c(C(=O)NCc3ccc(-c4ccc(OC(F)(F)F)cc4)cn3)c2c1,456.42,4.54,77.8,1,5,6,0,0.1951,BI-1467335,AOC3/VAP-1
T17039,CC(C)(C)NC(=Nc1cccc(/C(=C\CCCC(=O)O)c2cccnc2)c1)NC#N,405.5,4.21,110.4,3,4,7,0,0.1951,BI-1467335,AOC3/VAP-1
T72617,O=C(NCc1cn[nH]c1)Nc1ccc(S(=O)(=O)c2ccc(Cl)cc2)cc1,390.85,3.22,103.9,3,4,5,0,0.1951,Lanifibranor (IVA-337),PPAR-alpha/gamma/delta
T9054,COC(=O)C1=C(CN2CCOC[C@H]2C(=O)O)NC(c2nccs2)=N[C@H]1c1ccc(F)cc1Cl,494.93,2.24,113.4,2,9,6,0,0.1949,Cilofexor (GS-9674),FXR
T9519,Cc1cnc(-c2cc(O[C@@H]3CCOC3)cc(C(=O)N[C@H](C)c3cnc(C(F)(F)F)nc3)c2)s1,478.5,4.59,86.2,1,7,6,0,0.1949,Firsocostat (GS-0976),ACC
T63056,CCOc1cc([C@@H](CS(C)(=O)=O)N2Cc3cccc(NC(=O)C4CC4)c3C2=O)ccc1OC,472.56,3.18,102.0,1,6,9,0,0.1949,Firsocostat (GS-0976),ACC
T22081,O=S(=O)(Nc1nc2cc(Cl)ccc2o1)c1cc(Cl)ccc1Cl,377.64,4.59,72.2,1,4,3,0,0.1948,Lanifibranor (IVA-337),PPAR-alpha/gamma/delta
T50025,O=C(O)Cc1cn(-c2ccccc2)nc1-c1ccc(Cl)cc1,312.76,3.82,55.1,1,2,4,0,0.1948,Lanifibranor (IVA-337),PPAR-alpha/gamma/delta
T27260,CCOCn1c(Cc2ccccc2)c(C(C)C)c(=O)[nH]c1=O,302.37,2.24,64.1,1,3,6,0,0.1948,Resmetirom,THR-beta
T35545,C[C@H](NC(=O)c1ccc2c(-c3ccc(C(F)(F)F)cc3)cccc2c1)c1cccc(N)n1,435.45,5.99,68.0,2,3,4,1,0.1948,BI-1467335,AOC3/VAP-1
T71990,Cc1nccnc1-c1ccc(CC(=O)N[C@H](C)c2ccc(OCC(F)(F)F)cn2)cc1,430.43,4.21,77.0,1,5,7,0,0.1948,BI-1467335,AOC3/VAP-1
T78709,C[C@H](CN(C)Cc1ccccc1)NC(=O)c1ccc(-c2noc(C(F)(F)F)n2)cc1,418.42,4.01,71.3,1,5,7,0,0.1948,BI-1467335,AOC3/VAP-1
T23230,COc1cc2nc(N3CCN(C(=O)COc4c(OC)cccc4C(C)C)CC3)nc(N)c2cc1OC,495.58,3.09,112.3,1,9,8,0,0.1947,Firsocostat (GS-0976),ACC
T2072,Cc1noc2c1-c1ccc(-c3cnn(C)c3)cc1C(c1ccc(Cl)cc1)=N[C@H]2CC(N)=O,445.91,4.47,99.3,1,5,4,0,0.1944,Cilofexor (GS-9674),FXR
T5S1952,CC[C@@]1(O)C(=O)OCc2c1cc1n(c2=O)Cc2cc3c(OC)cccc3nc2-1,378.38,2.09,90.7,1,6,2,0,0.1944,Cilofexor (GS-9674),FXR
T7832,CCOP(=O)(Cc1ccc(C(=O)Nc2ccc(Br)cc2C#N)cc1)OCC,451.26,5.34,88.4,1,5,8,1,0.1944,BI-1467335,AOC3/VAP-1
T17260,CN(Cc1cccc(-c2ccncc2)c1)C(=O)Oc1ccc(-c2ccc(C(N)=O)cc2)cc1,437.5,5.15,85.5,1,4,6,1,0.1944,BI-1467335,AOC3/VAP-1
T12112,COc1ccc(NC(=O)c2ccc(NC3=C(C)C(=O)CC3)c(Cl)c2)cc1,370.84,4.65,67.4,2,4,5,0,0.1944,BI-1467335,AOC3/VAP-1
T17238,COc1ccc(CNC(=O)c2sc3nc(C)cc(C)c3c2N)cc1,341.44,3.43,77.2,2,5,4,0,0.1944,BI-1467335,AOC3/VAP-1
T19659,C[C@@]12CCC[C@H]1[C@@H]1C[C@@H](O)[C@@]3(O)C[C@@H](O)CC[C@]3(C)[C@H]1CC2,308.46,2.87,60.7,3,3,0,0,0.1944,Obeticholic acid (OCA),FXR
T11828,COc1ccccc1-c1cc2n(n1)Cc1ccc(NC(C)=O)cc1OC2,349.39,3.46,65.4,1,4,3,0,0.1944,Firsocostat (GS-0976),ACC
T37020,COc1cc(/C=N/NC(=O)c2cccc(F)c2)cc(I)c1O,414.17,2.91,70.9,2,4,4,0,0.1944,BI-1467335,AOC3/VAP-1
T78961,CC(C)C(=O)Oc1cc(F)c(Cl)cc1C(=O)Nc1ccc(OC(F)(F)F)cc1,419.76,5.19,64.6,1,4,5,1,0.1944,BI-1467335,AOC3/VAP-1
T27592,Cc1cc(COc2ccc([C@]3(C)CCN([C@H](C)C(=O)NO)C3=O)cc2)c2ccccc2n1,433.51,3.51,91.8,2,5,6,0,0.1944,Cilofexor (GS-9674),FXR
T14383,CC(C)(C)c1c(C(=O)NC2C3CC4CC(C3)CC2C4)cnn1-c1ccc(C(=O)O)cc1,421.54,4.42,84.2,2,3,4,0,0.1944,BI-1467335,AOC3/VAP-1
TN7320,[H][C@]12CC[C@]3(C)C(=O)CC[C@@]3([H])[C@]1([H])C(=O)C=C1C[C@@H](O)CC[C@@]12C,302.41,3.06,54.4,1,3,0,0,0.1944,Obeticholic acid (OCA),FXR
T0276,CCCCC(=O)O[C@]1(C(=O)CO)CC[C@H]2[C@@H]3CCC4=CC(=O)CC[C@]4(C)[C@H]3[C@@H](O)C[C@@]21C,446.58,3.52,100.9,2,6,6,0,0.1942,Aramchol,SCD1
T1834,CN1CCCN(C(=O)c2cccc(-c3ccc(/C=C4/C(=O)Nc5ccc(Cl)cc54)o3)c2)CC1,461.95,4.87,65.8,1,4,3,0,0.1942,Denifanstat (TVB-2640),FASN
T1846,Cc1c(C(=O)Nc2ccc(N3CCC(N4CCOCC4)CC3)c(C#N)c2)cnn1-c1ccc(Cl)cc1,505.02,4.26,86.4,1,6,5,1,0.1942,Denifanstat (TVB-2640),FASN
T21506,Cc1ccn(-c2cc(Cl)ccc2[C@@H](Oc2cc(-c3ccc(C[C@H](N)C(=O)O)cc3)nc(N)n2)C(F)(F)F)n1,546.94,4.51,142.2,3,7,8,1,0.1942,Lanifibranor (IVA-337),PPAR-alpha/gamma/delta
T72038,CNc1ccc(CN2CCC(OC(=O)NC(c3ccccc3)c3ccccc3)CC2)cc1,429.56,5.21,53.6,2,4,7,1,0.1942,Firsocostat (GS-0976),ACC
T83168,Cc1cccc(COc2ccc(Sc3ccoc3C3NC(=O)NC3=O)cc2)c1,394.45,4.2,80.6,2,5,6,0,0.1942,Cilofexor (GS-9674),FXR
T24870,O=C(Nc1ccc(N2CCC(C(=O)N3CCOCC3)CC2)cc1)c1cnc(Oc2ccccc2)nc1,487.56,3.6,96.9,1,7,6,0,0.1942,Cilofexor (GS-9674),FXR
T4425,COc1ccc(C(=O)Nc2cc(-c3ccccc3)[nH]n2)cc1OC,323.35,3.35,76.2,2,4,5,0,0.1940,BI-1467335,AOC3/VAP-1
TJS2216,CC(=O)OC[C@H](Cc1ccccc1)NC(=O)[C@H](Cc1ccccc1)NC(=O)c1ccccc1,444.53,3.32,84.5,2,4,10,0,0.1940,BI-1467335,AOC3/VAP-1
T64333,CC(C)(C)OC(=O)N[C@@H](CCC(=O)OCc1ccccc1)C(=O)O,337.37,2.49,101.9,2,5,7,0,0.1940,BI-1467335,AOC3/VAP-1
T64390,CCCCOCCOC(=O)COc1nc(Cl)c(Cl)cc1Cl,356.63,3.78,57.7,0,5,9,0,0.1940,BI-1467335,AOC3/VAP-1
T73499,CCOc1ccc(-c2cc(OC)cc(C(=O)OC(C)C)n2)cc1,315.37,3.72,57.7,0,5,6,0,0.1940,BI-1467335,AOC3/VAP-1
T26897,CC(=O)Nc1ccc(C(=O)Nc2cc(-c3ccncc3)ccc2N)cc1,346.39,3.54,97.1,3,4,4,0,0.1940,BI-1467335,AOC3/VAP-1
T0096,CCCc1nc(C)c2c(=O)nc(-c3cc(S(=O)(=O)N4CCN(CC)CC4)ccc3OCC)[nH]n12,488.61,2.07,112.9,1,7,8,0,0.1939,Lanifibranor (IVA-337),PPAR-alpha/gamma/delta
T2091,Cc1noc2c1-c1ccccc1C(c1ccc(Cl)cc1)=N[C@H]2CC(N)=O,365.82,4.07,81.5,1,4,3,0,0.1939,Cilofexor (GS-9674),FXR
T3462,CCCNC(=O)c1cn2ncnc(Nc3cc(C(=O)NC4CC4)ccc3C)c2c1C,406.49,3.12,100.4,3,5,7,0,0.1939,Denifanstat (TVB-2640),FASN
T15437,O=C(N[C@H]1CCc2cc(F)cc(F)c2NC1=O)c1n[nH]c(Cc2ccccc2)n1,397.39,2.36,99.8,3,4,4,0,0.1939,Denifanstat (TVB-2640),FASN
T60167,C#CC(=O)N(c1cccc(Cl)c1)C1(C(=O)NCc2ccccc2)CCOCC1,396.87,3.17,58.6,1,3,5,0,0.1939,VK2809,THR-beta
T62404,Cc1[nH]nc2c1C(c1cc(N3CCCC3)cc(C(F)(F)F)c1)(C(C)C)C(C#N)=C(N)O2,431.46,4.37,91.0,2,5,3,0,0.1939,Denifanstat (TVB-2640),FASN
T62622,O=C(O)c1ccc(-c2nn(C(=O)c3c(Cl)cccc3C(F)(F)F)c3ccccc23)cc1,444.8,5.76,72.2,1,3,3,1,0.1939,Cilofexor (GS-9674),FXR
T3513,CC1=C(C(=O)Nc2ccc3[nH]ncc3c2)C(c2ccc(F)cc2)NC(=O)N1,365.37,2.97,98.9,4,3,3,0,0.1935,Denifanstat (TVB-2640),FASN
T4126,CC(=O)c1ccc2c(c1)c1cc(C(C)=O)ccc1n2CCNC(C)C,336.44,4.2,51.1,1,3,6,0,0.1935,BI-1467335,AOC3/VAP-1
T6392,CC(C)[C@H](C(=O)Nc1ccc(C(=O)NO)cc1)c1ccccc1,312.37,3.18,78.4,3,3,5,0,0.1935,BI-1467335,AOC3/VAP-1
T5854,CC1(C)CCC(C)(C)c2cc(C(=O)Nc3ccc(C(=O)O)cc3)ccc21,351.45,4.99,66.4,2,2,3,0,0.1935,BI-1467335,AOC3/VAP-1
T12317,C=CC(=O)N1CCC(c2ccc(C(N)=O)c(-c3ccc(Oc4ccccc4)cc3)n2)CC1,427.5,4.53,85.5,1,4,6,0,0.1935,Denifanstat (TVB-2640),FASN
T72064,CCc1ccccc1NC(=O)c1cccc(NC(=O)c2ccccc2)c1,344.41,4.75,58.2,2,2,5,0,0.1935,BI-1467335,AOC3/VAP-1
T28076,COc1cc(NC(=O)C(=O)c2c(C)n(Cc3ccc(Cl)cc3)c3ccc(C)cc23)ccn1,447.92,5.18,73.2,1,4,6,1,0.1935,Lanifibranor (IVA-337),PPAR-alpha/gamma/delta
T25288,NNC(=O)c1cc2ccccc2cc1NS(=O)(=O)c1ccccc1,341.39,2.24,101.3,3,4,4,0,0.1935,BI-1467335,AOC3/VAP-1
T5511,COc1cc2nc(N3CCN(C(=O)OCc4ccccc4)[C@H](C(=O)NC(C)(C)C)C3)nc(N)c2cc1OC,522.61,2.97,132.1,2,9,6,1,0.1933,Firsocostat (GS-0976),ACC
T1923,COC(=O)c1ccc2c(c1)nc(NC(=O)c1ccccc1)n2CCCc1ccccc1,413.48,4.71,73.2,1,4,7,0,0.1932,Lanifibranor (IVA-337),PPAR-alpha/gamma/delta
T3119,C[C@H](NC(=O)CNC(=O)c1cccc(Cl)c1)c1ccccc1,316.79,2.95,58.2,2,2,5,0,0.1932,VK2809,THR-beta
T6847,O=C(O)CCNc1cc(N2CCc3ccccc3CC2)nc(-c2ccccn2)n1,389.46,3.03,91.2,2,6,6,0,0.1932,Lanifibranor (IVA-337),PPAR-alpha/gamma/delta
T7862,Cn1ccc(-c2cncc(CNc3cc(C(=O)Nc4cccc(OC(F)(F)F)c4)ccc3F)c2)n1,485.44,5.38,81.1,2,5,7,1,0.1932,BI-1467335,AOC3/VAP-1
T9059,N#Cc1ccc(C[C@H](NC(=O)OCC2c3ccccc3-c3ccccc32)C(=O)O)cc1,412.45,4.09,99.4,2,4,6,0,0.1932,Denifanstat (TVB-2640),FASN
T35868,CCCc1cc(=O)n2nc(NCc3c(F)cc(Cl)cc3F)c(C#N)c2[nH]1,377.78,3.39,86.0,2,4,5,0,0.1932,Resmetirom,THR-beta
T2213,CC(C)N1CCN(c2ccc(OC[C@H]3CO[C@](Cn4cncn4)(c4ccc(Cl)cc4Cl)O3)cc2)CC1,532.47,4.46,64.9,0,7,8,1,0.1930,Cilofexor (GS-9674),FXR
T6092,CNC(=O)CN1CCC(Oc2cc3c(Nc4cccc(Cl)c4F)ncnc3cc2OC)CC1,473.94,3.76,88.6,2,7,7,0,0.1930,Cilofexor (GS-9674),FXR
T19853,COc1ccc(/C=C/C(=O)CC(=O)/C=C/c2ccc(OC)c(OC)c2)cc1OC,396.44,3.98,71.1,0,6,10,0,0.1930,BI-1467335,AOC3/VAP-1
T27172,CCOc1ccccc1C(=O)NCc1coc(-c2ccc(OC(F)F)c(OC(C)C)c2)n1,446.45,5.06,82.8,1,6,10,1,0.1930,Firsocostat (GS-0976),ACC
T60821,COC(=O)Oc1ccc(C(OC(=O)OC)c2ccccc2)cc1,316.31,3.7,71.1,0,6,4,0,0.1930,BI-1467335,AOC3/VAP-1
T2085,COc1ccc(Cl)cc1NC(=O)Nc1cc(C)nc2ccccc12,341.8,4.85,63.2,2,3,3,0,0.1928,Lanifibranor (IVA-337),PPAR-alpha/gamma/delta
T3033,CC(=O)OCC(=O)[C@H]1CC[C@H]2[C@@H]3CCC4=CC(=O)CC[C@]4(C)[C@H]3CC[C@]12C,372.51,4.27,60.4,0,4,3,0,0.1928,Obeticholic acid (OCA),FXR
T2469,CN(C)[C@@H]1c2onc(OCc3ccccc3)c2C(=O)[C@@]2(O[Si](C)(C)C(C)(C)C)C(=O)C=CC[C@@H]12,482.65,4.96,81.9,0,7,6,0,0.1927,Cilofexor (GS-9674),FXR
T8328,O=C(NCc1ccco1)c1ccc2c(c1)N(Cc1c(F)cccc1Cl)C(=O)CS2,430.89,4.64,62.6,1,4,5,0,0.1927,Cilofexor (GS-9674),FXR
T12719,COCCCOc1cc2c(cc1OC)-c1cc(=O)c(C(=O)O)cn1[C@H](C(C)C)C2,401.46,3.39,87.0,1,5,8,0,0.1927,Firsocostat (GS-0976),ACC
T18750,Cc1nc(Nc2ncc(C(=O)Nc3c(C)cccc3Cl)s2)cc(N2CCNCC2)n1,443.96,3.61,95.1,3,8,5,0,0.1927,Cilofexor (GS-9674),FXR
T77344,COc1cc(CC(=O)Nc2ccc(-n3c(C)nc4ccccc4c3=O)cc2)cc(OC)c1OC,459.5,3.9,91.7,1,6,7,0,0.1927,Firsocostat (GS-0976),ACC
T66121,Cc1ccc(S(=O)(=O)OC[C@H]2CO[C@](Cn3ccnc3)(c3ccc(Cl)cc3Cl)O2)cc1,483.37,4.17,79.6,0,6,7,0,0.1927,Cilofexor (GS-9674),FXR
T86200,Cc1sc(C(=O)Nc2cc(Cl)cc(NS(C)(=O)=O)c2)cc1-c1ncc(OC2CN(C)C2)cn1,508.03,3.48,113.5,2,8,7,1,0.1927,Cilofexor (GS-9674),FXR
T87429,C=CC(=O)N1CCCN(C(=O)c2cc(Sc3cnc(NC(=O)C4CC4)s3)c(C)cc2OC)C[C@H]1C,514.67,4.21,91.8,1,7,7,1,0.1927,Denifanstat (TVB-2640),FASN
T3685,CCOC(=O)N1CCC(CN(Cc2ccc(Cl)cc2)Cc2ccc([N+](=O)[O-])s2)C1,437.95,4.79,75.9,0,6,8,0,0.1923,VK2809,THR-beta
T4306,O=C(Nc1ccc(Cl)cc1)C1CCCN(C(=O)c2cccc(-c3ccco3)c2)C1,408.89,5.09,62.6,1,3,4,1,0.1923,Cilofexor (GS-9674),FXR
T6899,CN1CCc2cc(Nc3ncc(C4CC4)c(NCCCNC(=O)C4CCC4)n3)ccc2C1,434.59,3.8,82.2,3,6,9,0,0.1923,Denifanstat (TVB-2640),FASN
T8491,Cc1[nH]c(/C=C2\C(=O)Nc3ccc(F)cc32)c(C)c1C(=O)N[C@H]1CCN(C(=O)N(C)C)C1,439.49,2.75,97.5,3,3,3,0,0.1923,Denifanstat (TVB-2640),FASN
T8647,CCOC(=O)c1cnc2ccc(OC(F)(F)F)cc2c1Nc1ccccc1C(=O)O,420.34,4.75,97.8,2,6,6,0,0.1923,BI-1467335,AOC3/VAP-1
T8839,COc1ccccc1-n1c(/C=C/c2ccc(O)c(O)c2)nc2ccccc2c1=O,386.41,3.98,84.6,2,5,4,0,0.1923,Firsocostat (GS-0976),ACC
T9258,CCc1nc(-c2ccc3c(c2)CC[C@H]3NC(=O)c2cnn(C)c2)no1,337.38,2.45,85.8,1,5,4,0,0.1923,Cilofexor (GS-9674),FXR
T11221,COc1ccc(C(=O)O)cc1S(=O)(=O)Nc1cc(C(F)(F)F)ccc1N1CCCCC1,458.46,4.2,95.9,2,5,6,0,0.1923,BI-1467335,AOC3/VAP-1
T14980,CN1CCN(C(=O)C(C)(C)c2ccc(C(=O)Nc3cn4cc(-c5ccncc5)ccc4n3)cc2)CC1,482.59,3.7,82.8,1,5,5,0,0.1923,BI-1467335,AOC3/VAP-1
T16909,[2H]C([2H])([2H])NC(=O)c1cc(Oc2ccc(NC(=O)Nc3ccc(Cl)c(C(F)(F)F)c3)cc2)ccn1,467.85,5.55,92.4,3,4,5,1,0.1923,BI-1467335,AOC3/VAP-1
T13571,C#CCOc1ccc(Nc2nc(Nc3ccc(C)c(S(N)(=O)=O)c3)ncc2F)cc1,427.46,3.07,119.2,3,7,7,0,0.1923,BI-1467335,AOC3/VAP-1
T67885,CNC(=O)c1cc(F)c(-c2nc3cc(C)ccn3c2C[C@H]2CN(C(=O)OC)CCO2)c(F)c1,458.47,2.96,85.2,1,5,4,0,0.1923,Denifanstat (TVB-2640),FASN
T72046,CC(C)(C)OC(=O)NC1CCN(c2cc(Oc3ccc(S(C)(=O)=O)cc3)ncn2)CC1,448.55,3.17,110.7,1,8,5,0,0.1923,Cilofexor (GS-9674),FXR
T61494,Cc1cnc(Nc2cnn(CC#N)c2)nc1-c1ccc(C(=O)NCC#N)cc1,372.39,2.17,132.3,2,7,6,0,0.1923,BI-1467335,AOC3/VAP-1
T31208,[H][C@@]12CC[C@H](Oc3cccc(Cl)c3-c3nnn[nH]3)C[C@]1([H])C[C@@H](C(=O)O)NC2,377.83,2.13,113.0,3,6,4,0,0.1923,Cilofexor (GS-9674),FXR
T26087,Cc1cc(COc2ccc(Oc3ccc(Cl)cc3)cc2)n(O)c(=O)c1,357.79,4.42,60.7,1,4,5,0,0.1923,Lanifibranor (IVA-337),PPAR-alpha/gamma/delta
T11573,NC(=O)c1cc(-c2ccc(Cl)cc2)cc(-c2ccc(S(N)(=O)=O)cc2)c1N,401.88,3.0,129.3,3,4,4,0,0.1923,Lanifibranor (IVA-337),PPAR-alpha/gamma/delta
T24602,Cn1c(=O)c(-c2c(Cl)cccc2Cl)cc2cnc(Nc3ccc(N4CCOCC4)cc3)nc21,482.37,4.88,72.3,1,6,4,0,0.1923,Cilofexor (GS-9674),FXR
T16894,CCCC(=O)c1cnc2c(OC)cccc2c1Nc1ccccc1C,334.42,5.28,51.2,1,4,6,1,0.1923,Firsocostat (GS-0976),ACC
T69691,COC(=O)N1c2ccc3c(nc([C@H](O)c4cc(F)ccc4OC)n3[C@@H]3CCC[C@@H](C(=O)O)C3)c2CC[C@@H]1C,525.58,4.99,114.1,2,6,5,1,0.1920,Firsocostat (GS-0976),ACC
T3336,Nc1nc(N)c2c(OCC3CCN(Cc4c(Cl)cccc4Cl)CC3)cccc2n1,432.36,4.39,90.3,2,6,5,0,0.1919,Cilofexor (GS-9674),FXR
T3653,Cc1ccc(NS(=O)(=O)c2ccc3c(c2)C2C=CCC2C(c2ccc(C(=O)O)cc2)N3)cc1C,474.58,5.63,95.5,3,4,5,1,0.1919,Denifanstat (TVB-2640),FASN
TN2346,[H][C@@]12CC=C3C(C)(C)[C@@H](O)CC[C@@]3([H])[C@]1(C)[C@H](O)C[C@]1(C)[C@@H]([C@H](C)CC[C@@H](O)C(C)(C)O)CC[C@@]21C,476.74,5.47,80.9,4,4,5,1,0.1919,Aramchol,SCD1
T16096,Cc1ccc(-c2ncccn2)c(C(=O)N2C[C@H](COc3ccc(F)cn3)CC[C@H]2C)c1,420.49,4.31,68.2,0,5,5,0,0.1919,Denifanstat (TVB-2640),FASN
T12086,NC(CO)(CO)CCc1ccc(Sc2cccc(OCc3ccccc3)c2)cc1Cl,444.0,4.68,75.7,3,5,10,0,0.1919,Cilofexor (GS-9674),FXR
T9993,CC(=O)NC1CCN(c2ncnc3[nH]cc(-c4cccc(Cl)c4)c23)CC1,369.86,3.38,73.9,2,4,3,0,0.1919,VK2809,THR-beta
T40284,Cn1cnc2ccc(Oc3c(F)ccc(NS(=O)(=O)N4CC[C@@H](F)C4)c3C#N)cc2c1=O,461.45,2.44,117.3,1,6,5,0,0.1919,Resmetirom,THR-beta
T28294,CC(C)n1c(=O)c2c(-c3noc(C4CC4)n3)ncn2c2ccccc21,335.37,3.16,78.2,0,5,3,0,0.1919,Cilofexor (GS-9674),FXR
T203814,CCn1cc(C(=O)N2CCOCC2)c(=O)c2cc(NC3Cc4ccccc4C3)cnc21,418.5,2.47,76.5,1,5,4,0,0.1919,Denifanstat (TVB-2640),FASN
T24484,N#Cc1ccc(OCCCN2CCC([C@@](O)(c3cccc(F)c3)c3ccccn3)CC2)cc1,445.54,4.51,69.4,1,5,8,0,0.1919,Denifanstat (TVB-2640),FASN
T1052,CCCN(CCC)C(=O)C(CCC(=O)O)NC(=O)c1ccccc1,334.42,2.3,86.7,2,3,10,0,0.1918,Obeticholic acid (OCA),FXR
T6593,CN(C)CCCNC(=O)c1ccc(-c2cc(O)c3ncccc3c2)cc1,349.43,3.29,65.5,2,4,6,0,0.1918,BI-1467335,AOC3/VAP-1
TJS2190,CC(Cc1ccc(O)c(O)c1)C(C)Cc1ccc(O)c(O)c1,302.37,3.57,80.9,4,4,5,0,0.1918,VK2809,THR-beta
T11029,O=C(CCNC(=O)c1ccc(C(F)(F)F)cc1)N[C@@H]1CCCc2ccccc21,390.41,4.02,58.2,2,2,5,0,0.1918,BI-1467335,AOC3/VAP-1
T73556,COc1ccc(NC(=O)c2cccc(NC(=O)CCCC(=O)O)c2)c(OC)c1,386.4,3.15,114.0,3,5,9,0,0.1918,BI-1467335,AOC3/VAP-1
T73531,CCOC(=O)c1ccc(NS(=O)(=O)c2cc(C(=O)Nc3ccccc3)ccc2Cl)cc1,458.92,4.57,101.6,2,5,7,0,0.1918,BI-1467335,AOC3/VAP-1
T8706,O=C(CSc1nc2ccc(N3CCOCC3)cc2c(=O)n1CCc1ccccc1)NCc1ccco1,504.61,3.48,89.6,1,7,9,1,0.1917,Firsocostat (GS-0976),ACC
T12097,CCOC(=O)C1=C(CN2CCOCC2)NC(c2nccs2)=NC1c1ccc(F)cc1Br,509.4,3.29,76.1,1,8,6,1,0.1917,Firsocostat (GS-0976),ACC
T11481,COc1cccc2c1c(NS(=O)(=O)c1ccc(Cl)s1)nn2Cc1cccc(CNC(=O)C(C)(C)O)c1,549.07,4.0,122.6,3,7,9,1,0.1917,Firsocostat (GS-0976),ACC
T10802,C=CC(=O)N1CCC[C@@H](n2nc(-c3ccc(OCc4ccccn4)c(Cl)c3)c3c(N)ncnc32)C1,489.97,4.05,112.1,1,7,6,0,0.1917,Cilofexor (GS-9674),FXR
T1422,COC(=O)C1=C(C#N)NC(C)=C(C(=O)OC(C)C)C1c1cccc([N+](=O)[O-])c1,385.38,2.46,131.6,1,8,5,0,0.1915,Denifanstat (TVB-2640),FASN
T1855,Cc1cc(C)nc(NS(=O)(=O)c2ccc(NC(=S)NC(=O)COc3ccc(Br)cc3Cl)cc2)n1,584.91,4.2,122.3,3,7,7,1,0.1915,Lanifibranor (IVA-337),PPAR-alpha/gamma/delta
T4624,COc1nc(NCCc2ccc(Cl)cc2Cl)cc(-c2cccc(C(C)(C)C(=O)O)c2)n1,460.36,5.48,84.3,2,5,8,1,0.1915,Lanifibranor (IVA-337),PPAR-alpha/gamma/delta
T25017,CN(C)CC(C)(C)CNc1nn2c(-c3ccccc3)nnc2cc1C1CCC1,378.52,4.06,58.4,1,5,7,0,0.1915,Denifanstat (TVB-2640),FASN
T9806,O=C1CCC(N2Cc3cc(C4CCN(Cc5ccccc5)CC4)ccc3C2=O)C(=O)N1,417.51,2.83,69.7,1,4,4,0,0.1915,Denifanstat (TVB-2640),FASN
T33452,Cc1nc(N2CCN(C(=O)c3ccco3)CC2)c2c3c(sc2n1)CCCC3,382.49,3.43,62.5,0,6,2,0,0.1915,Denifanstat (TVB-2640),FASN
T10708,CCC[C@H](NC(=O)c1cnn(-c2ccc(Cl)cc2)c1C)c1cncc(S(C)(=O)=O)c1,446.96,3.9,93.9,1,5,7,0,0.1915,Lanifibranor (IVA-337),PPAR-alpha/gamma/delta
T73577,COC(=O)c1ccc2c(c1)nc(-c1ccc(F)c([N+](=O)[O-])c1)n2Cc1ccccc1,405.39,4.59,87.3,0,5,5,0,0.1915,Lanifibranor (IVA-337),PPAR-alpha/gamma/delta
T33393,O=c1[nH]c(=O)c(Cc2cccc(C(F)(F)F)c2)c([C@H]2CC[C@H](c3ccccc3)CC2)[nH]1,428.45,5.11,65.7,2,2,4,1,0.1915,VK2809,THR-beta
T74271,COc1ccc(C2CC2)cc1S(=O)(=O)Nc1ccc2c(c1)CCN2C(C)=O,386.47,3.28,75.7,1,4,5,0,0.1915,Denifanstat (TVB-2640),FASN
T207492,Cc1ccc2[nH]c3c(c2c1)CN(C(=O)c1cc(-c2ccccc2)[nH]n1)CC3,356.43,4.06,64.8,2,2,2,0,0.1915,Denifanstat (TVB-2640),FASN
T1539,COc1cc(C(C)=O)ccc1OCCCN1CCC(c2noc3cc(F)ccc23)CC1,426.49,4.83,64.8,0,6,8,0,0.1913,Firsocostat (GS-0976),ACC
T6251,COc1ccc(-c2cc3c(C)nc(N)nc3n([C@H]3CC[C@H](OCCO)CC3)c2=O)cn1,425.49,2.25,125.4,2,8,6,0,0.1913,Firsocostat (GS-0976),ACC
T11358,COc1cc(Nc2nc3c(s2)CCCC3c2ccccc2)ccc1-n1cnc(C)c1,416.55,5.86,52.0,1,5,5,1,0.1913,Firsocostat (GS-0976),ACC
T13365,CCN(CC)CC(=O)OC1CCN(c2ccc(/C=C(\C#N)c3ccc(OC)c(OC)c3)s2)CC1,483.63,4.68,75.0,0,8,10,0,0.1913,Firsocostat (GS-0976),ACC
T15682,COc1cc(OC2CCN(C(C)=O)CC2)ccc1C(=O)N1CCC(N2C(=O)OCc3ccccc32)CC1,507.59,3.85,88.6,0,6,5,1,0.1913,Firsocostat (GS-0976),ACC
T28926,CC(C)NC(=O)Cn1c(-c2ccc(F)c(Cl)c2)nc2ncc(OCCCN3CCOCC3)cc2c1=O,517.99,2.88,98.6,1,7,9,1,0.1913,VK2809,THR-beta
T1176,CC(=O)SCC(Cc1ccccc1)C(=O)NCC(=O)OCc1ccccc1,385.49,2.98,72.5,1,5,9,0,0.1912,BI-1467335,AOC3/VAP-1
T1819,CCCCN(Cc1ccc(C(=O)NO)cc1)C(=O)Nc1ccccc1,341.41,3.64,81.7,3,3,7,0,0.1912,BI-1467335,AOC3/VAP-1
T4443,CNC(=O)c1ccc(-c2cnc3cnc(-c4ccccc4)cn23)cc1,328.38,3.42,59.3,1,3,3,0,0.1912,BI-1467335,AOC3/VAP-1
T9153,COc1ccc(C(=O)NCc2cccnc2)cc1C(=O)NCc1cccnc1,376.42,2.35,93.2,2,5,7,0,0.1912,BI-1467335,AOC3/VAP-1
T12142,COc1ccc(CCNC(=O)/C=C/c2ccc(O)c(O)c2)cc1,313.35,2.48,78.8,3,4,6,0,0.1912,BI-1467335,AOC3/VAP-1
T11793,Cc1ccc(C(=O)Nc2sc(Nc3ccccc3)nc2C(N)=O)cc1,352.42,3.55,97.1,3,5,5,0,0.1912,BI-1467335,AOC3/VAP-1
T9554,O=C(Nc1cccc(NS(=O)(=O)c2ccc(F)cc2)c1)c1ccc(-c2ccccc2)cc1,446.5,5.55,75.3,2,3,6,1,0.1912,BI-1467335,AOC3/VAP-1
T10983L,CN1CCN(c2ccc(C(=O)Nc3ccc([C@@H]4C[C@H]4N)cc3)cc2)CC1,350.47,2.51,61.6,2,4,4,0,0.1912,BI-1467335,AOC3/VAP-1
T62360,COc1ccc(C(=O)Nc2cc[n+](Cc3ccccc3)cc2)cc1OC,349.41,3.29,51.4,1,3,6,0,0.1912,BI-1467335,AOC3/VAP-1
T88390,C=CC(=O)Nc1cccc(Nc2cccc(OCCCCC)c2)c1,324.42,5.12,50.4,2,3,9,1,0.1912,BI-1467335,AOC3/VAP-1
T2330,Cc1cc(/C=C/C#N)cc(C)c1Nc1ccnc(Nc2ccc(C#N)cc2)n1,366.43,4.99,97.4,2,6,5,0,0.1910,Denifanstat (TVB-2640),FASN
T2957,COc1cc(C[C@H]2C(=O)OC[C@@H]2Cc2ccc(OC)c(OC)c2)ccc1O,372.42,2.99,74.2,1,6,7,0,0.1910,VK2809,THR-beta
T6455,CN(C)C(=O)[C@H](O)[C@H](Cc1ccccc1)NC(=O)c1cc2cc(Cl)ccc2[nH]1,399.88,2.61,85.4,3,3,6,0,0.1910,Lanifibranor (IVA-337),PPAR-alpha/gamma/delta
T5S1131,C[C@H](CC(=O)C[C@@H](C)[C@H]1CC(=O)[C@@]2(C)C3=C(C(=O)[C@@H](O)[C@]12C)[C@@]1(C)CC[C@H](O)C(C)(C)C1CC3=O)C(=O)O,530.66,3.31,146.0,3,7,6,1,0.1910,Obeticholic acid (OCA),FXR
T5443,Cc1sc2c(c1C)C(c1ccc(Cl)cc1)=N[C@@H](CC(=O)O)c1nnc(C)n1-2,400.89,4.27,80.4,1,5,3,0,0.1910,Lanifibranor (IVA-337),PPAR-alpha/gamma/delta
T7894,CC1(C)CCSc2ccc(C#Cc3ccc(C(=O)O)cn3)cc21,323.42,3.95,50.2,1,3,1,0,0.1910,Denifanstat (TVB-2640),FASN
T8375,Cc1onc(C(=O)N2CCN(C(c3ccc(Cl)cc3)c3ccc(Cl)cc3)CC2)c1[N+](=O)[O-],475.33,4.75,92.7,0,6,5,0,0.1910,Denifanstat (TVB-2640),FASN
T8833,O=C(O)c1cc(N2C(=O)C3C4c5ccccc5C(c5ccccc54)C3C2=O)ccc1Cl,429.86,4.43,74.7,1,3,2,0,0.1910,Cilofexor (GS-9674),FXR
TN3910,C[C@H]([C@H](O)CCC(C)(C)O)[C@H]1CC[C@]2(O)C3=CC(=O)[C@@H]4C[C@@H](O)[C@@H](O)C[C@]4(C)[C@H]3CC[C@]12C,464.64,2.74,118.2,5,6,5,0,0.1910,Obeticholic acid (OCA),FXR
T23383,CC1(C)CCC(C)(C)c2cc(C3(c4ccc(C(=O)O)cc4)OCCO3)ccc21,380.48,4.98,55.8,1,3,3,0,0.1910,Cilofexor (GS-9674),FXR
T28362,Cc1cc(Oc2c(C3CC3)nn(CS(C)(=O)=O)c2C)cc(C)c1C#N,359.45,3.35,85.0,0,5,5,0,0.1910,Denifanstat (TVB-2640),FASN
T60056,Cc1cc(Oc2c(C)nn(CS(C)(=O)=O)c2C2CC2)cc(C)c1C#N,359.45,3.35,85.0,0,5,5,0,0.1910,Denifanstat (TVB-2640),FASN
T24472,N#Cc1ccc(OCCCN2CCC([C@@](N)(c3ccccc3)C3CCCC3)CC2)cc1,417.6,5.08,62.3,1,4,8,1,0.1910,Denifanstat (TVB-2640),FASN
T2677,CC1(COc2ccc3c(c2)ncn3-c2ccc3cccc(N4CCC(N)CC4)c3n2)COC1,443.55,3.92,78.4,1,6,5,0,0.1909,Cilofexor (GS-9674),FXR
T4193,Cn1ncc2c1-c1c(Oc3ccc(OCc4ccc5ccccc5n4)cc3)sc(C(N)=O)c1CC2,482.57,5.27,92.3,1,6,6,1,0.1909,Cilofexor (GS-9674),FXR
T5830,COc1ccc(N(C)c2nc(C)nc3ccccc23)cc1OCCCC(=O)NO,396.45,3.38,96.8,2,7,8,0,0.1909,Firsocostat (GS-0976),ACC
T7667,Cn1c(=O)c(Oc2ccc(F)cc2F)cc2cnc(NC3CCOCC3)nc21,388.37,2.99,78.3,1,6,4,0,0.1909,Firsocostat (GS-0976),ACC
T9205,COc1ccc(NC(=O)c2cccc(-n3cccc3)c2)cc1S(=O)(=O)N1CCOCC1,441.51,2.76,89.9,1,5,6,0,0.1909,Firsocostat (GS-0976),ACC
T77660,COc1ccc(C#N)cc1-c1ccnc(Nc2ccc(N3CCOCC3)c(OC)c2)c1,416.48,4.22,79.6,1,7,6,0,0.1909,Firsocostat (GS-0976),ACC
T28233,COc1ccc2c(c1OCc1ccccc1)C[C@@H](C(=O)[O-])N(C(=O)C(c1ccccc1)c1ccccc1)C2,506.58,4.11,78.9,0,5,8,1,0.1909,Firsocostat (GS-0976),ACC
T75146,COc1ccccc1S(=O)(=O)Nc1noc2cc(Cn3cccn3)cc(OC)c12,414.44,2.89,108.5,1,7,7,0,0.1909,Firsocostat (GS-0976),ACC
T64221,[H][C@@]12CN(CC3=C(C(=O)OCC)[C@H](c4cccc(F)c4C)NC(c4nccs4)=N3)CCN1C(=O)N(CC(C)(C)C(=O)O)C2,598.7,3.03,127.7,2,9,9,1,0.1908,Firsocostat (GS-0976),ACC
T0103,CNCC(O)c1ccc(OC(=O)C(C)(C)C)c(OC(=O)C(C)(C)C)c1,351.44,2.84,84.9,2,6,5,0,0.1905,BI-1467335,AOC3/VAP-1
T1996,CNC(=O)c1ccc(Nc2ncc(C(F)(F)F)c(NCc3nccnc3N(C)S(C)(=O)=O)n2)cc1,510.5,2.4,142.1,3,9,8,1,0.1905,BI-1467335,AOC3/VAP-1
T2709,CCS(=O)(=O)c1cccc(-c2cc(C(=O)NC3CCN(C)CC3)c(C)c3[nH]c4ncc(C)cc4c23)c1,504.66,4.62,95.2,2,5,5,1,0.1905,Denifanstat (TVB-2640),FASN
T3448,COc1cccc(-n2c(SCC(=O)O)nnc2-c2ccccn2)c1,342.38,2.51,90.1,1,6,6,0,0.1905,Firsocostat (GS-0976),ACC
T6866,CN1CCN(Cc2ccc(NC(=O)Nc3ccc(Oc4ccnc(N)n4)cc3)cc2C(F)(F)F)CC1,501.51,4.26,108.6,3,7,6,1,0.1905,BI-1467335,AOC3/VAP-1
T5428,C[C@@H]1CCNC(=O)c2cc3ccc(C(=O)Nc4nc5ccccc5n4CCCN(C)C)cc3n21,458.57,3.89,84.2,2,4,6,0,0.1905,Denifanstat (TVB-2640),FASN
T7673,CCN1CCN(Cc2ccc(NC(=O)Nc3ccc(Oc4ccnc(N)n4)cc3)cc2C(F)(F)F)CC1,515.54,4.65,108.6,3,7,7,1,0.1905,BI-1467335,AOC3/VAP-1
T19428,CC1(C)CC(NC(=O)C[P+](c2ccccc2)(c2ccccc2)c2ccccc2)CC(C)(C)N1[O],474.59,4.46,52.2,1,2,6,0,0.1905,Aramchol,SCD1
T22790,COc1ccc(-c2nc(C(=O)N3CCN(C)CC3)sc2-c2ccc(OC)cc2)cc1,423.54,3.88,54.9,0,6,5,0,0.1905,Denifanstat (TVB-2640),FASN
T9734,Cc1c(S(=O)(=O)Nc2cccc(CN)c2)sc2ccc(Cl)cc12,366.9,4.12,72.2,2,4,4,0,0.1905,Lanifibranor (IVA-337),PPAR-alpha/gamma/delta
T64324,O=C(O)C1CCCN(C(=O)OCC2c3ccccc3-c3ccccc32)C1,351.4,3.73,66.8,1,3,3,0,0.1905,Denifanstat (TVB-2640),FASN
T13510,Cc1c(-c2ccccc2)oc2ccc(OCCCCCCN3CCC(O)CC3)cc2c1=O,435.56,5.16,62.9,1,5,9,1,0.1905,Cilofexor (GS-9674),FXR
T15055,Cc1cc(CNC(=O)c2cc(C(=O)NCc3ccc(F)c(C)c3)ncn2)ccc1F,410.42,3.23,84.0,2,4,6,0,0.1905,BI-1467335,AOC3/VAP-1
T31644L,CC(C)S(=O)(=O)n1c(N)nc2ccc(C(=NO)c3ccccc3)cc21,358.42,2.43,110.6,2,6,4,0,0.1905,Lanifibranor (IVA-337),PPAR-alpha/gamma/delta
T87661,CN1C(=O)[C@@H](NC(=O)c2nnc(Cc3ccccc3)[nH]2)COc2ccc(C#CC3CC3)cc21,441.49,2.31,100.2,2,5,4,0,0.1905,Denifanstat (TVB-2640),FASN
T89425,Cc1ccc(-c2noc(C3CC3)n2)cc1S(=O)(=O)NC(C)C(=O)N1CC=C(c2ccccc2)CC1,492.6,3.91,105.4,1,6,7,0,0.1905,Denifanstat (TVB-2640),FASN
T68240,CCNC(=O)c1nc(-c2ccnn2-c2ccc(C#N)cc2)c(C)n(-c2cccc(C(F)(F)F)c2)c1=O,492.46,4.03,105.6,1,5,5,0,0.1905,Denifanstat (TVB-2640),FASN
T5498,Cc1nc(C(=O)N2CCCC[C@H]2CNC(=O)c2cccc3occc23)c(-c2ccc(F)cc2)s1,477.56,5.43,75.4,1,5,5,1,0.1901,Firsocostat (GS-0976),ACC
T15603,COc1c(NC(=O)C(=O)c2ccc(OCCN3CCOCC3)c3ccccc23)cc(C(C)(C)C)cc1NS(C)(=O)=O,583.71,4.05,123.3,2,8,10,1,0.1901,Firsocostat (GS-0976),ACC
T0918,CCC(COC(=O)c1cc(OC)c(OC)c(OC)c1)(c1ccccc1)N(C)C,387.48,3.74,57.2,0,6,9,0,0.1900,Firsocostat (GS-0976),ACC
T2258,CCNC(=O)c1noc(-c2cc(Cl)c(O)cc2O)c1-c1ccc(OC)cc1,388.81,3.83,104.8,3,6,5,0,0.1900,Cilofexor (GS-9674),FXR
T6199,CN(C)C(=O)c1cc2cnc(Nc3ccc(N4CCNCC4)cn3)nc2n1C1CCCC1,434.55,2.8,91.2,2,7,5,0,0.1900,Denifanstat (TVB-2640),FASN
T5150,CCCCC[C@H](O)CC[C@@H]1[C@H]2Cc3cccc(OCC(=O)O)c3C[C@H]2C[C@H]1O,390.52,3.58,87.0,3,4,10,0,0.1900,Aramchol,SCD1
T4515,CNC(=O)c1cccc(NC(=O)N2CCC(Oc3ccccc3Cl)CC2)c1,387.87,3.77,70.7,2,3,4,0,0.1900,Cilofexor (GS-9674),FXR
T8538,CCOc1ccccc1NC(=O)c1ccccc1NS(=O)(=O)C1CC1,360.44,3.24,84.5,2,4,7,0,0.1900,Firsocostat (GS-0976),ACC
T28069,CCN(Cc1ccccc1C(F)(F)F)C(=O)C1CCN(S(=O)(=O)c2ccc3[nH]ncc3c2)CC1,494.54,4.03,86.4,1,4,6,0,0.1900,Lanifibranor (IVA-337),PPAR-alpha/gamma/delta
T12715,Cc1cc(/C=C/C#N)cc([N+](=O)[O-])c1Nc1nc(Nc2ccc(C#N)cc2)nc2ccccc12,447.46,5.74,140.6,2,8,6,1,0.1900,Denifanstat (TVB-2640),FASN
T10861,O=C(c1cnc2c(ccc3c(=O)c([N+](=O)[O-])c[nH]c32)c1)N1CCN(Cc2ccccc2)CC1,443.46,2.94,112.4,1,6,4,0,0.1900,Denifanstat (TVB-2640),FASN
T67815,Cc1ccc(O)c(C(=O)NC2CCC(NC(=O)c3cc(F)cnc3Oc3ccc(F)c(F)c3)CC2)c1,499.49,4.78,100.6,3,5,6,0,0.1900,VK2809,THR-beta
T68139,COc1cc2c(cc1C(=O)N1CCC(Cc3ccc(F)cc3)CC1)c(C(=O)C(=O)N(C)C)cn2C,479.55,3.69,71.9,0,4,6,0,0.1900,Denifanstat (TVB-2640),FASN
T15429,O=C(C1CC1)N1CC[C@@H](Cc2n[nH]c(=O)n2-c2ccc(-c3ccc4occc4c3)cc2)C1,428.49,3.77,84.1,1,4,5,0,0.1900,Denifanstat (TVB-2640),FASN
T73381,C=CC(=O)N1CCC([C@@H]2CCNc3c(C(N)=O)c(-c4cc(OC)c(C)c(OC)c4)nn32)CC1,453.54,2.76,111.7,2,6,6,0,0.1900,Denifanstat (TVB-2640),FASN
T69645,[H][C@@]12CCN(C(=O)C3CCCCC3)[C@]1([H])c1cc(C#Cc3cccnc3)ccc1N(C)[C@@H]2CO,429.56,3.76,56.7,1,4,2,0,0.1900,Denifanstat (TVB-2640),FASN
T69645L,[H][C@]12CCN(C(=O)C3CCCCC3)[C@@]1([H])c1cc(C#Cc3cccnc3)ccc1N(C)[C@H]2CO,429.56,3.76,56.7,1,4,2,0,0.1900,Denifanstat (TVB-2640),FASN
T3641,Nc1nccc(Oc2ccc3c(C(=O)Nc4cccc(C(F)(F)F)c4)cccc3c2)n1,424.38,5.28,90.1,2,5,4,1,0.1899,BI-1467335,AOC3/VAP-1
T4438,Cc1cc(-c2ncc(CNC(=O)c3ccc4c(c3)[nH]c3ccccc34)cc2F)ccn1,410.45,5.16,70.7,2,3,4,1,0.1899,BI-1467335,AOC3/VAP-1
TQ0082,Cc1cc(C)cc([C@@H]2CCCN2Cc2ccc(Oc3ccc(C(N)=O)cc3F)cc2)c1,418.51,5.67,55.6,1,3,6,1,0.1899,BI-1467335,AOC3/VAP-1
T19714,Cc1nn(C)c(Oc2ccccc2)c1/C=N/OCc1ccc(C(=O)OC(C)(C)C)cc1,421.5,5.03,74.9,0,6,7,1,0.1899,BI-1467335,AOC3/VAP-1
T22814,CCCCCCn1c(=O)c(C(=O)Nc2ccc(C(=O)OCCC)cc2)c(O)c2ccccc21,450.54,5.11,97.6,2,5,10,1,0.1899,BI-1467335,AOC3/VAP-1
T83946,C[C@H](CN1CCC[C@@H]1C)NC(=O)c1ccc(-c2noc(C(F)(F)F)n2)cc1,382.39,3.36,71.3,1,5,5,0,0.1899,BI-1467335,AOC3/VAP-1
T1945,CCNc1nc(Nc2cc(F)c(C(=O)N3CCOCC3)cc2OC)ncc1C(F)(F)F,443.4,3.29,88.6,2,7,6,0,0.1897,Firsocostat (GS-0976),ACC
T17033,COc1cccc(C(=O)Nc2ccc(OCCN3CCOCC3)c(-c3ccnn3C)c2)c1,436.51,3.06,77.8,1,6,8,0,0.1897,Firsocostat (GS-0976),ACC
T37600,Cc1nc(Nc2ncc(C(=O)Nc3c(C)cccc3Cl)s2)cc(N2CC[N+]([O-])(CCO)CC2)n1,504.02,3.33,126.3,3,9,7,1,0.1897,Cilofexor (GS-9674),FXR
T71691,[H][C@@]12CN(C)CC[C@]1([H])N=C(c1ccc(C(=O)N(C(C)C)C(C)C)cc1)c1cc(OC)c(OCC)cc12,477.65,4.99,54.4,0,5,7,0,0.1897,Firsocostat (GS-0976),ACC
T204580,COc1ccccc1C1CCN(c2nc(C3(C)CC3)nc3ccc(N(C)CCO)cc23)CC1,446.6,4.5,61.7,1,6,7,0,0.1897,Firsocostat (GS-0976),ACC
T1634,COc1ccc(Cl)cc1C(=O)NCCc1ccc(S(=O)(=O)NC(=O)NC2CCCCC2)cc1,494.01,3.64,113.6,3,5,8,0,0.1895,Lanifibranor (IVA-337),PPAR-alpha/gamma/delta
T2599,Cc1nc2ccccn2c(=O)c1CCN1CCC(C(=O)c2ccc(F)cc2)CC1,393.46,3.28,54.7,0,4,5,0,0.1895,Denifanstat (TVB-2640),FASN
T3075,CC1=C(C(=O)OC2CCCCC2)C(c2ccc([N+](=O)[O-])cc2)C2=C(CC(C)(C)CC2=O)N1,438.52,5.07,98.5,1,6,4,1,0.1895,Denifanstat (TVB-2640),FASN
T3182,N#Cc1ccc(Cn2cncc2CN2CCN(c3cccc(Cl)c3)C(=O)C2)cc1,405.89,3.31,65.2,0,4,5,0,0.1895,Denifanstat (TVB-2640),FASN
T6898,CCCN(CCC)C(=O)C1=Cc2ccc(-c3ccc(C(=O)N4CCCC4)cc3)cc2N=C(N)C1,458.61,5.01,79.0,1,4,7,1,0.1895,Denifanstat (TVB-2640),FASN
T6938,N#Cc1ccc(-c2c(-c3ncn[nH]3)sc(N3CCOCC3)c2C#N)c(F)c1,380.41,2.92,101.6,1,7,3,0,0.1895,Denifanstat (TVB-2640),FASN
T8882,Cc1ccc(C(=O)NNC(=O)c2c(C)cccc2Cl)cc1C#Cc1cnc2ccccc2c1,453.93,4.98,71.1,2,3,2,0,0.1895,Denifanstat (TVB-2640),FASN
T12849,N#Cc1ccc(O[C@@H]2c3ccccc3C[C@H]2N2CCC[C@@H](N)C2)c(Cl)c1,367.88,3.68,62.3,1,4,3,0,0.1895,Denifanstat (TVB-2640),FASN
T50083,CC(C)N1CCC(NC(=O)c2ccc3c(=O)n4c(nc3c2)CCCCC4)CC1,382.51,2.73,67.2,1,4,3,0,0.1895,Denifanstat (TVB-2640),FASN
T60011,CCCn1c(NC(=O)c2cccc(C(=O)O)c2)nc2ccccc21,323.35,3.4,84.2,2,3,5,0,0.1895,Cilofexor (GS-9674),FXR
T60041,N#Cc1ccc(-c2ccccc2C(=O)NCCc2c[nH]c3ccc(Cl)cc23)cc1,399.88,5.33,68.7,2,2,5,1,0.1895,Denifanstat (TVB-2640),FASN
T27471,CC1=C(C(=O)Nc2ccc3[nH]ncc3c2)C(c2ccc(Cl)c(Cl)c2)CC(=O)N1,415.28,4.39,86.9,3,3,3,0,0.1895,Denifanstat (TVB-2640),FASN
T77649,COc1ccccc1C(=O)N1CCN(c2ccc(O)cc2)CC1,312.37,2.36,53.0,1,4,3,0,0.1895,Firsocostat (GS-0976),ACC
T68103,N#Cc1cc(Cl)cc(Oc2c(Cl)ccc3c2cnn3Cc2n[nH]c3ncccc23)c1,435.27,5.33,92.4,1,5,4,1,0.1895,Resmetirom,THR-beta
T79837,Cc1cc(/C=C/C#N)cc(C)c1-c1cccc2c(N)nc(Nc3ccc(C#N)cc3)nc12,416.49,5.65,111.4,2,6,4,1,0.1895,Denifanstat (TVB-2640),FASN
T78075,O=Cc1c(O)cccc1OC[C@@H]1CCCCN1C(=O)c1cccnc1,340.38,2.67,79.7,1,5,5,0,0.1895,Denifanstat (TVB-2640),FASN
T4335,O=C(NCc1ccc(S(=O)(=O)c2cc(F)cc(F)c2)cc1)c1ccc2nccn2c1,427.43,3.38,80.5,1,4,5,0,0.1892,BI-1467335,AOC3/VAP-1
T6233,Nc1ccccc1NC(=O)c1ccc(CNC(=O)OCc2cccnc2)cc1,376.42,3.34,106.3,3,5,6,0,0.1892,BI-1467335,AOC3/VAP-1
T6691,COc1ccc(Oc2cc(C)c(-c3csc(NC(=O)c4ccncc4)n3)c(C)c2)cc1,431.52,5.88,73.3,1,6,6,1,0.1892,BI-1467335,AOC3/VAP-1
T5827,COc1ccc(S(=O)(=O)NCCCC(=O)Nc2ccc(Sc3ccc(N)cc3)cc2)cc1,471.6,4.13,110.5,3,6,10,0,0.1892,BI-1467335,AOC3/VAP-1
T10703,N#Cc1ccc(N2CCN(Cc3ccc(COc4cccc5c4CN([C@H]4CCC(=O)NC4=O)C5=O)cc3)CC2)c(F)c1,567.62,3.36,106.0,1,7,7,1,0.1892,Denifanstat (TVB-2640),FASN
T16730,C=CC(=O)N(C)CCOc1c(N)ncnc1-c1cc(F)cc(NC(=O)c2ccc(C3CC3)cc2F)c1C,507.54,4.47,110.4,2,6,9,1,0.1892,Denifanstat (TVB-2640),FASN
T15424,COC(=O)c1cccc(NC(=O)NC2CCN(c3ccnc(Nc4ccc(F)cc4)n3)C2)c1,450.47,3.55,108.5,3,7,6,0,0.1892,Cilofexor (GS-9674),FXR
T15639,COc1cc2ncnc(N3CCC(CN4Cc5ccccc5NC4=O)CC3)c2cc1OC,433.51,3.91,79.8,1,6,5,0,0.1892,Firsocostat (GS-0976),ACC
T12753,CC(C)n1c(=O)n(CC2CC2)c(=O)c2cc(NC(=O)N3CCO[C@@H](C(=O)Nc4ccc(C#N)c(Cl)c4)C3)ccc21,565.03,3.55,138.5,2,6,6,1,0.1892,Denifanstat (TVB-2640),FASN
T18595,Cc1nc(Nc2ncc(C(=O)Nc3c(C)cccc3Cl)s2)cc(N2CCN(C=O)CC2)n1,471.97,3.48,103.3,2,8,6,0,0.1892,Cilofexor (GS-9674),FXR
T67935,Cc1ccc(S(=O)(=O)Nc2cc(C(=O)NCc3ccc(C)nc3)ccc2C)cc1,409.51,3.74,88.2,2,4,6,0,0.1892,BI-1467335,AOC3/VAP-1
T14083,O=c1c(CO)coc2cc(OCCCN3CCC(c4noc5cc(F)ccc45)CC3)ccc12,452.48,4.21,88.9,1,7,7,0,0.1892,Cilofexor (GS-9674),FXR
T61389,COc1ccc(C=CC(=O)Nc2cccc(C(=O)NC3CCCC3)c2)cc1,364.45,4.02,67.4,2,3,6,0,0.1892,BI-1467335,AOC3/VAP-1
T38521,N=C(N)Nc1ccc(C(=O)Oc2ccc(SCCN3C(=O)CCC3=O)cc2)cc1,412.47,2.45,125.6,3,6,7,0,0.1892,BI-1467335,AOC3/VAP-1
T68498,Cc1ccc(-c2nc3c(c(SCC(=O)Nc4cccc(C(=O)O)c4)n2)Cc2cccc(C)c2O3)cc1,497.58,5.89,101.4,2,6,6,1,0.1892,Cilofexor (GS-9674),FXR
T67575,CC(C)(C)Oc1ccc(C[C@H](NC(=O)OCC2c3ccccc3-c3ccccc32)C(=O)O)cc1,459.54,5.4,84.9,2,4,7,1,0.1892,BI-1467335,AOC3/VAP-1
T2565,COc1ccc([C@@H]2CC(=O)c3c(O)cc(O)cc3O2)cc1O,302.28,2.52,96.2,3,6,2,0,0.1889,VK2809,THR-beta
T4140,N#Cc1ccc2ncnc(N[C@H]3CC[C@H](N4CCOCC4)CC3)c2c1,337.43,2.56,74.1,1,6,3,0,0.1889,Denifanstat (TVB-2640),FASN
T21331,C[C@H](CN(C)C)Oc1nc(Nc2cc3cccc(Cl)c3cn2)cnc1C#N,382.86,3.62,87.0,1,7,6,0,0.1889,Resmetirom,THR-beta
T25150,O=C(/C=C/c1nc2ccccc2[nH]1)c1c(-c2ccccc2)c2cc(Cl)ccc2[nH]c1=O,425.88,5.62,78.6,2,3,4,1,0.1889,Lanifibranor (IVA-337),PPAR-alpha/gamma/delta
T40661,Cc1c(-c2cc(NS(=O)(=O)c3ccccc3Cl)n(C)n2)sc2ccc(Cl)cc12,452.39,5.72,64.0,1,4,4,1,0.1889,Lanifibranor (IVA-337),PPAR-alpha/gamma/delta
T12589,Cc1nc(N)nc2c1cc(-c1cn[nH]c1)c(=O)n2C1CCCC1,310.36,2.19,102.5,2,5,2,0,0.1889,Denifanstat (TVB-2640),FASN
T82568,Cc1cccnc1-c1csc(C(=O)Nc2cc(Cl)cc(NS(C)(=O)=O)c2)c1,421.93,4.4,88.2,2,5,5,0,0.1889,Lanifibranor (IVA-337),PPAR-alpha/gamma/delta
T27593,CCCCN(C1CC(C)(C)Oc2ccc(C#N)cc21)S(=O)(=O)CC,350.48,3.61,70.4,0,4,6,0,0.1889,Denifanstat (TVB-2640),FASN
TN5442,CC(=O)Oc1ccc([C@@H]2CC(=O)c3c(O)cc(OC(C)=O)cc3O2)cc1,356.33,2.95,99.1,1,7,3,0,0.1889,VK2809,THR-beta
TN2053,[H][C@@]12CC=C3C[C@@H](O)CC[C@]3(C)[C@@]1([H])CC[C@@]1(C)[C@@]2([H])CC[C@]1(O)[C@H](C)O[C@H]1C[C@@H](O)[C@H](O)[C@@H](C)O1,464.64,3.3,99.4,4,6,3,0,0.1889,Obeticholic acid (OCA),FXR
T2471,O=C(c1cccc(Cl)c1F)N1CCN(Cc2cccc(Nc3nccs3)n2)CC1,431.92,4.03,61.4,1,6,5,0,0.1887,Cilofexor (GS-9674),FXR
T2801,COc1cccc2c1cc([N+](=O)[O-])c1c(C(=O)O)cc3c(c12)OCO3,341.28,3.34,108.1,1,6,3,0,0.1887,Firsocostat (GS-0976),ACC
T4330,CC(C)(C)C1CCc2c(sc(NC(=O)c3ccco3)c2C(=O)O)C1,347.44,4.44,79.5,2,4,3,0,0.1887,Firsocostat (GS-0976),ACC
T6315,O=C(O)c1ccc(Nc2ncc3c(n2)-c2ccc(Cl)cc2C(c2c(F)cccc2F)=NC3)cc1,476.87,5.87,87.5,2,5,4,1,0.1887,Cilofexor (GS-9674),FXR
T6695,COc1cccc2c1c(O)c(C(=O)N(C)c1ccc(C(F)(F)F)cc1)c(=O)n2C,406.36,3.55,71.8,1,4,3,0,0.1887,Firsocostat (GS-0976),ACC
T8128,CCOc1cc(N)c(Cl)cc1C(=O)NCC1CN(Cc2ccc(F)cc2)CCO1,421.9,3.09,76.8,2,5,7,0,0.1887,VK2809,THR-beta
T8901,CCCC(=O)NC(c1ccc2c(c1)OCO2)c1cc(Cl)c2cccnc2c1O,398.85,4.33,80.7,2,5,5,0,0.1887,Cilofexor (GS-9674),FXR
T12499,CC(C)CC1(O)CCN(C(=O)c2ccc(NS(=O)(=O)c3cccc4nccnc34)cc2)CC1,468.58,3.44,112.5,2,6,6,0,0.1887,Cilofexor (GS-9674),FXR
T62957,COc1cc(OC)cc(-c2noc(N3CCN(C)C4(CCN(c5ccnc(C)c5)CC4)C3)n2)c1,464.57,3.25,80.0,0,9,5,0,0.1887,Cilofexor (GS-9674),FXR
T6001,Cc1c(O)cccc1C(=O)N[C@@H](CSc1ccccc1)[C@H](O)CN1C[C@H]2CCCC[C@H]2C[C@H]1C(=O)NC(C)(C)C,567.8,4.75,101.9,4,6,9,1,0.1885,Firsocostat (GS-0976),ACC
T8510,COc1cc(C)[nH]c(=O)c1CNC(=O)c1c(C)n([C@H](C)C2CCN(CC(F)(F)F)CC2)c2ccccc12,518.58,4.72,79.4,2,4,7,1,0.1885,Firsocostat (GS-0976),ACC
T9576,COc1cc(C2CCN(C)CC2)ccc1Nc1ncc(C(F)(F)F)c(CCc2ccccc2CC(N)=O)n1,527.59,4.87,93.4,2,6,9,1,0.1885,Firsocostat (GS-0976),ACC
T77725,CNC(=O)c1cnc(OCCO)c(F)c1-c1c(Cl)c(F)cc2c1CC(c1ccccc1)(C1CCCN1)O2,529.97,3.99,92.7,3,6,7,1,0.1885,Cilofexor (GS-9674),FXR
T4399,O=C(COc1c(Cl)cc(Cl)cc1Cl)N/N=C/c1ccc[nH]1,346.6,3.5,66.5,2,3,5,0,0.1884,BI-1467335,AOC3/VAP-1
T4408,CSc1ccc(C(=O)/C=C/c2cc(C)c(OC(C)(C)C(=O)O)c(C)c2)cc1,384.5,5.16,63.6,1,4,7,1,0.1884,BI-1467335,AOC3/VAP-1
T6504,CCOC(=O)Nc1ccc(NCc2ccc(F)cc2)nc1N,304.33,2.98,89.3,3,5,5,0,0.1884,BI-1467335,AOC3/VAP-1
T4674,CCOC(=O)[C@H](Cc1ccc([N+](=O)[O-])cc1)NC(=O)c1ccccc1,342.35,2.5,98.5,1,5,7,0,0.1884,BI-1467335,AOC3/VAP-1
T8370,CN(C)CCOc1ccc(/C(=C(/CCCO)c2ccccc2)c2ccc(O)cc2)cc1,417.55,5.06,52.9,2,4,10,1,0.1884,BI-1467335,AOC3/VAP-1
T7709,CN(C)CCOc1ccc(C(=C(CCCO)c2ccccc2)c2ccc(O)cc2)cc1,417.55,5.06,52.9,2,4,10,1,0.1884,BI-1467335,AOC3/VAP-1
T19821,COc1cccc(C(=O)NN(C(=O)c2cc(C)cc(C)c2)C(C)(C)C)c1C,368.48,4.21,58.6,1,3,3,0,0.1884,BI-1467335,AOC3/VAP-1
T8699,CSc1ccc(C(=O)C=Cc2cc(C)c(OC(C)(C)C(=O)O)c(C)c2)cc1,384.5,5.16,63.6,1,4,7,1,0.1884,BI-1467335,AOC3/VAP-1
T13147,CNC(=O)c1cc2c(Oc3ccc(Br)cc3)cncc2s1,363.24,4.21,51.2,1,4,3,0,0.1884,BI-1467335,AOC3/VAP-1
T12510,CCCNCCc1ccc(NS(=O)(=O)c2ccc(OC(F)(F)F)cc2)cc1,402.44,3.93,67.4,2,4,9,0,0.1884,BI-1467335,AOC3/VAP-1
T11943,Cn1nc(C(C)(C)C)cc1NC(=O)Nc1ccc(Oc2ccncc2)cc1,365.44,4.55,81.1,2,4,4,0,0.1884,BI-1467335,AOC3/VAP-1
T2231,[H][C@@]12CCc3cc(OC(=O)CC)ccc3[C@@]1([H])CC[C@]1(C)[C@@H](OC(=O)CC)CC[C@@]21[H],384.52,5.18,52.6,0,4,4,1,0.1882,Obeticholic acid (OCA),FXR
T5324,O=C(NCc1ccc(F)cc1)C1CCN(S(=O)(=O)c2cc(Cl)cc(Cl)c2)CC1,445.34,3.85,66.5,1,3,5,0,0.1882,Lanifibranor (IVA-337),PPAR-alpha/gamma/delta
T15629,Cc1nn(C)c2nc(NNC(=O)Nc3cc(Cl)nc(Cl)c3)cc(C(C)C)c12,408.29,4.25,96.8,3,5,4,0,0.1882,Resmetirom,THR-beta
T12549,C#CCOc1ccc(Nc2nc(Nc3ccc(C)c(S(=O)(=O)NC(=O)CC)c3)ncc2F)cc1,483.53,3.64,122.3,3,8,9,0,0.1882,BI-1467335,AOC3/VAP-1
T60904,O=C(Cc1ccc(Cl)cc1Cl)NCc1ccc(O)c(O)c1,326.18,3.26,69.6,3,3,4,0,0.1882,VK2809,THR-beta
T27064,O=C(CSc1ccc(Cl)cc1)Nc1nc(-c2ccccn2)cs1,361.88,4.59,54.9,1,5,5,0,0.1882,Lanifibranor (IVA-337),PPAR-alpha/gamma/delta
T79500,N#Cc1ccc(-c2ccc(OCCCN3CCN(c4ccncc4)CC3)cc2)cc1,398.51,4.21,52.4,0,5,7,0,0.1882,Denifanstat (TVB-2640),FASN
T15239,[H][C@@]12CC=C3C=C(C(=O)O)CC[C@]3(C)[C@@]1([H])CC[C@]1(C)[C@@H](C(=O)NC(C)(C)C)CC[C@@]21[H],399.58,5.1,66.4,2,2,2,1,0.1882,Obeticholic acid (OCA),FXR
T205434,CC1(C)CCSc2ccc(C#Cc3ccc(C(=O)O)c(O)c3)cc21,338.43,4.26,57.5,2,3,1,0,0.1882,Denifanstat (TVB-2640),FASN
TN1572,[H][C@]12CC[C@]3(C)[C@@H](c4ccc(=O)oc4)[C@@H](O)[C@@]4([H])O[C@@]34[C@]1([H])CC[C@]1(O)C[C@@H](O)CC[C@@]12C,416.51,2.34,103.4,3,6,1,0,0.1882,Obeticholic acid (OCA),FXR
T63226,O=C(Nc1ccc(OC(F)(F)Cl)cc1)c1cnc(N2CC[C@@H](O)C2)c(-c2cc[nH]n2)c1,449.85,3.46,103.4,3,6,6,0,0.1882,BI-1467335,AOC3/VAP-1
T77730,O=S(=O)(NNC(=S)Nc1cccc(Cl)c1)c1cccc2cccnc12,392.89,3.07,83.1,3,4,4,0,0.1882,Lanifibranor (IVA-337),PPAR-alpha/gamma/delta
T4254,O=C(COCC(=O)Nc1ccc(Cl)cc1C(=O)O)Nc1cccc(-c2ccoc2)c1,428.83,3.89,117.9,3,5,8,0,0.1881,Cilofexor (GS-9674),FXR
T6924,CN1CC[C@@H](c2c(O)cc(O)c3c(=O)cc(-c4ccccc4Cl)oc23)[C@@H]1CO,401.85,3.3,94.1,3,6,3,0,0.1881,VK2809,THR-beta
TN7021L,COc1cc2oc(=O)ccc2c(OC)c1C[C@@H](O)C(C)(C)OC,322.36,2.14,78.1,1,6,6,0,0.1881,Firsocostat (GS-0976),ACC
T15465,Cn1c(=O)n(CCCO)c(=O)c2c1nc(Oc1cccc(Cl)c1)n2Cc1ccc(Cl)cc1,475.33,3.43,91.3,1,5,7,0,0.1881,VK2809,THR-beta
T11411,O=c1nc(OC[C@@H]2COCCO2)cc2n1CCc1cc(C#CC3CC3)ccc1-2,378.43,2.02,62.6,0,5,3,0,0.1881,Denifanstat (TVB-2640),FASN
T68165,CCCCCOc1cccc(NC(=O)OC2CCCCC2N2CCCC2)c1,374.53,5.21,50.8,1,4,8,1,0.1881,Cilofexor (GS-9674),FXR
T77612,O=C(c1cn(-c2ccccc2)nc1-c1cccs1)N1CCN(c2ccccn2)CC1,415.52,3.96,54.3,0,5,4,0,0.1881,Cilofexor (GS-9674),FXR
T19252,[2H]C([2H])([2H])NC(=O)c1cc(C#N)cc(C)c1NC(=O)c1cc(Br)nn1-c1ncccc1Cl,476.74,3.48,112.7,2,5,4,0,0.1881,Denifanstat (TVB-2640),FASN
T16860,COc1ccccc1C1CCN(c2nc(C3(F)CC3)nc3ccc(N(C)CCO)cc23)CC1,450.56,4.41,61.7,1,6,7,0,0.1880,Firsocostat (GS-0976),ACC
T39350,COCc1nn(Cc2ccc(Cn3ccccc3=O)cc2)cc1C(=O)NCc1nccc(OC)c1F,491.52,2.76,100.3,1,6,10,0,0.1880,Firsocostat (GS-0976),ACC
T67844,CC(=O)N1CCC(COc2cc(F)c3c(=O)nc(CSC4CCOCC4)[nH]c3c2)CC1,449.55,3.11,84.5,1,6,6,0,0.1880,Firsocostat (GS-0976),ACC
T9682,Cc1ccc(C(=O)N(CCCN)C(c2nc3snc(C)c3c(=O)n2Cc2ccccc2)C(C)C)cc1,503.67,4.71,94.1,1,6,9,1,0.1880,Firsocostat (GS-0976),ACC
T39665,O=C(N[C@H]1CCN(CC2CC2)C[C@@H]1C(=O)NC1(c2ncccn2)CC1)c1cc(-c2ccc(F)cc2F)on1,522.56,3.05,113.2,2,7,8,1,0.1880,Cilofexor (GS-9674),FXR
T0118,CN(c1nccc(=O)[nH]1)C1CCN(c2nc3ccccc3n2Cc2ccc(F)cc2)CC1,432.5,3.41,70.0,1,5,5,0,0.1875,Firsocostat (GS-0976),ACC
T1088,CCOc1cc(CC(=O)N[C@@H](CC(C)C)c2ccccc2N2CCCCC2)ccc1C(=O)O,452.6,5.22,78.9,2,4,10,1,0.1875,Firsocostat (GS-0976),ACC
T2110,Cc1sc2c(c1C)C(c1ccc(Cl)cc1)=N[C@@H](CC(=O)OC(C)(C)C)c1nnc(C)n1-2,457.0,5.53,69.4,0,6,3,1,0.1875,Firsocostat (GS-0976),ACC
T3056,COc1cc2c(cc1CC=C(C)C)C(=O)C[C@@H](c1ccc(O)cc1)O2,338.4,4.62,55.8,1,4,4,0,0.1875,VK2809,THR-beta
T3194,COc1cccc(Oc2c(NS(=O)(=O)c3ccc(C(C)(C)C)cc3)ncnc2OCCO)c1,473.55,3.75,119.9,2,8,9,0,0.1875,BI-1467335,AOC3/VAP-1
T6923,CC(C)Oc1ccc(-c2nc(-c3cccc4c3CC[C@@H]4NCCO)no2)cc1C#N,404.47,3.63,104.2,2,7,7,0,0.1875,Cilofexor (GS-9674),FXR
T7201,COC(=O)Nc1c(N)nc(-c2nn(Cc3ccccc3F)c3ncccc23)nc1N,408.4,2.42,146.9,3,8,4,0,0.1875,BI-1467335,AOC3/VAP-1
T8505,NS(=O)(=O)c1ccc(-n2nc(C(F)(F)F)cc2-c2ccc(Cl)cc2)cc1,401.8,3.86,78.0,1,3,3,0,0.1875,Lanifibranor (IVA-337),PPAR-alpha/gamma/delta
T19618,Cc1sc2c(c1C)C(c1ccc(Cl)cc1)=N[C@H](CC(=O)OC(C)(C)C)c1nnc(C)n1-2,457.0,5.53,69.4,0,6,3,1,0.1875,Firsocostat (GS-0976),ACC
TN2601,[H][C@@]12CCc3cc(C(C)C)c(OC)c(O)c3[C@@]1(C(=O)O)CCCC2(C)C,346.47,4.62,66.8,2,3,3,0,0.1875,VK2809,THR-beta
T10466,NS(=O)(=O)c1cc(NC(=O)Cc2ccccc2)ccc1Oc1cccc(Cl)c1,416.89,3.96,98.5,2,4,6,0,0.1875,VK2809,THR-beta
T22349,CCNC(=O)Nc1ccc(Oc2ncnc(N)c2/C=N/OC)cc1Cl,364.79,2.63,123.8,3,7,6,0,0.1875,BI-1467335,AOC3/VAP-1
TN2080,[H][C@]12CO[C@H](c3ccc(O)c(OC)c3)[C@@]1([H])CO[C@@H]2c1ccc(O)c(OC)c1,358.39,3.19,77.4,2,6,4,0,0.1875,VK2809,THR-beta
T9573,CCc1c(C#N)c(SC(C(N)=O)c2ccccc2)nc(N2CCC(N)CC2)c1C#N,420.54,2.63,132.8,2,7,6,0,0.1875,Denifanstat (TVB-2640),FASN
TN2079,COc1cc([C@@H]2OC[C@@H]3[C@H]2CO[C@H]3c2ccc(O)c(OC)c2)ccc1O,358.39,3.19,77.4,2,6,4,0,0.1875,VK2809,THR-beta
T9566,O=C(NCCCc1nccs1)c1cc(-c2ccccc2)on1,313.38,3.16,68.0,1,5,6,0,0.1875,Cilofexor (GS-9674),FXR
T15124,CCOC(=O)c1ccc(-c2ncc(C(=O)OCC)s2)nc1,306.34,2.56,78.4,0,7,5,0,0.1875,BI-1467335,AOC3/VAP-1
T22671,Cc1cn2c(N)c(Cl)cc(C(=O)NCC3CCN(CC(C)C)CC3)c2n1,377.92,2.98,75.7,2,4,5,0,0.1875,Denifanstat (TVB-2640),FASN
T15830,CCC(=NNC(=O)c1ccnc(NCCCN2CCOCC2)c1)c1ccc(Cl)cc1O,445.95,3.12,99.1,3,7,9,0,0.1875,Cilofexor (GS-9674),FXR
T10355,COc1ccc2c(c1)c(CC(=O)Oc1ccc(NC(C)=O)cc1)c(C)n2C(=O)c1ccc(Cl)cc1,490.94,5.41,86.6,1,5,6,1,0.1875,BI-1467335,AOC3/VAP-1
T27467,CC1=C(C(=O)Nc2ccc3[nH]ncc3c2)C(c2ccc3ccccc3c2)CC(=O)N1,396.45,4.23,86.9,3,3,3,0,0.1875,Denifanstat (TVB-2640),FASN
T22789,COc1cc(C=NNC(=O)c2ccc3c(c2)OCO3)ccc1OCc1ccccc1,404.42,3.77,78.4,1,6,7,0,0.1875,BI-1467335,AOC3/VAP-1
T67748,O=C(Cc1c(F)cccc1Cl)Nc1nc(-c2ccncc2)cs1,347.8,4.18,54.9,1,4,4,0,0.1875,Cilofexor (GS-9674),FXR
T35556,CN1CCN(C(=O)c2ccc(Nc3nccc(-c4cccs4)n3)cc2Cl)CC1,413.93,3.99,61.4,1,6,4,0,0.1875,Denifanstat (TVB-2640),FASN
T38995,C[C@@H](N)COc1ccc(-c2cnc3ccc(N[C@H](C)c4cccc(F)c4)nn23)cc1,405.48,4.43,77.5,2,5,7,0,0.1875,BI-1467335,AOC3/VAP-1
T39719,CCOC(=O)C[C@@H](c1ccc(C)c(CN2C[C@@H](C)Oc3ccccc3S2(=O)=O)c1)c1cc(OC)c2c(c1)nnn2C,578.69,4.34,112.9,0,8,8,1,0.1875,Firsocostat (GS-0976),ACC
T21766,COc1ccc(C(=O)NCc2cc(C(C)C)no2)cc1OC1CCN(C)CC1,387.48,3.21,76.8,1,6,7,0,0.1875,Firsocostat (GS-0976),ACC
T70585,[H][C@@]12CCCC[C@]1([H])N(C(=O)c1ccco1)CCN2c1nc(N)c2cc(OC)c(OC)cc2n1,437.5,3.1,107.0,1,8,4,0,0.1875,Firsocostat (GS-0976),ACC
T12484,O=C(O)Cc1nn(-c2ccc(F)cc2)cc1-c1ccc(Cl)cc1,330.75,3.96,55.1,1,2,4,0,0.1875,Lanifibranor (IVA-337),PPAR-alpha/gamma/delta
T87086,NS(=O)(=O)c1cc(NC(=O)Cc2c(Cl)cccc2Cl)ccc1Oc1cccc(Cl)c1,485.78,5.27,98.5,2,4,6,1,0.1875,VK2809,THR-beta
T11377,O=C(NS(=O)(=O)N1CCC1)c1cc(C2CC2)c(OCC23CC4CC(CC(C4)C2)C3)cc1F,462.59,3.98,75.7,1,4,7,0,0.1875,Denifanstat (TVB-2640),FASN
T28788,CC(C)(C)c1ccc2oc(-c3ccc4cc(OCCCCCC(C(=O)[O-])C(=O)[O-])ccc4c3)nc2c1,487.55,4.0,115.5,0,7,10,0,0.1875,BI-1467335,AOC3/VAP-1
T2490,C=CC(=O)Nc1cc(Nc2nccc(-c3cn(C)c4ccccc34)n2)c(OC)cc1N(C)CCN(C)C,499.62,4.51,87.5,2,7,10,0,0.1870,Firsocostat (GS-0976),ACC
T8499,COc1cc(-c2nn(CCN3CCC(N(C)C)CC3)c3ncnc(N)c23)ccc1NC(=O)OC(C)(C)C,510.64,3.46,123.7,2,9,7,1,0.1870,Firsocostat (GS-0976),ACC
T22277L,COc1cc(C(=O)N2C[C@H](N)CC[C@@H]2C)cc2nc(-c3cc4cccnc4n3CC3CC3)n(C)c12,472.59,3.96,91.2,1,5,5,0,0.1870,Firsocostat (GS-0976),ACC
T79888,C=CC(=O)Nc1cc(Nc2nccc(-n3cc(C)c4ccccc43)n2)c(OC)cc1N(C)CCN(C)C,499.62,4.6,87.5,2,7,10,0,0.1870,Firsocostat (GS-0976),ACC
T2595,Cc1ccc(NC(=O)C2(c3ccc4c(c3)OC(F)(F)O4)CC2)nc1-c1cccc(C(=O)O)c1,452.41,4.75,97.8,2,5,5,0,0.1869,Cilofexor (GS-9674),FXR
T2701,CC(C)c1noc(N2CCC(COc3ccc(-c4ccc(S(C)(=O)=O)cc4)nc3)CC2)n1,456.57,3.95,98.4,0,8,7,0,0.1869,Cilofexor (GS-9674),FXR
T15261,C[C@@H](N[C@H]1CCN(c2ccc(CC(=O)O)cc2)C1)c1cccc2ccccc12,374.48,4.4,52.6,2,3,6,0,0.1869,Firsocostat (GS-0976),ACC
T8776,Cc1nc2cccc(OCC(C)(C)C(=O)NC(C)C)c2c(N)c1C(=O)O,359.43,2.75,114.5,3,5,6,0,0.1869,Firsocostat (GS-0976),ACC
T9088,COc1cc2c(=O)n(CCN(C)C)c3c4cc5c(cc4ncc3c2cc1OC)OCO5,421.45,3.01,75.1,0,7,5,0,0.1869,Firsocostat (GS-0976),ACC
T16762,Cc1nc(N2CCC3(CC2)CO[C@@H](C)[C@H]3N)c(CO)nc1-c1cccc(Cl)c1Cl,437.37,3.58,84.5,2,6,3,0,0.1869,Cilofexor (GS-9674),FXR
T4S1951,CC[C@@]1(O)C(=O)OCc2c1cc1n(c2=O)Cc2cc3cc(OC)ccc3nc2-1,378.38,2.09,90.7,1,6,2,0,0.1869,Cilofexor (GS-9674),FXR
T1890,CCCCc1nc2cc(/C=C/C(=O)NO)ccc2n1CCN(CC)CC,358.49,3.24,70.4,2,4,10,0,0.1868,Lanifibranor (IVA-337),PPAR-alpha/gamma/delta
T5S1133,CC(CC(=O)C[C@@H](C)[C@H]1CC(=O)[C@@]2(C)C3=C(C(=O)C[C@]12C)[C@@]1(C)CCC(=O)C(C)(C)[C@@H]1C[C@@H]3O)C(=O)O,514.66,4.34,125.8,2,6,6,1,0.1868,Obeticholic acid (OCA),FXR
T5S1261,COc1ccc(C[C@@H]2COc3c(C)c(O)c(C)c(O)c3C2=O)cc1,328.36,3.16,76.0,2,5,3,0,0.1868,VK2809,THR-beta
T6S1141,CC(CC(=O)CC(C)C1CC(O)C2(C)C3=C(C(=O)CC12C)C1(C)CCC(=O)C(C)(C)C1CC3O)C(=O)O,516.68,4.13,129.0,3,6,6,1,0.1868,Obeticholic acid (OCA),FXR
T8697,CCS(=O)(=O)c1ncc(Cl)c(C(=O)N(Cc2ccc(Cl)cc2)Cc2ccco2)n1,454.34,4.01,93.4,0,6,7,0,0.1868,Lanifibranor (IVA-337),PPAR-alpha/gamma/delta
T15278,Cc1nsc(-c2nnc3n2CCN(C(=O)c2ccc(F)cc2)[C@@H]3C)n1,358.4,2.46,76.8,0,6,2,0,0.1868,Denifanstat (TVB-2640),FASN
T11657,Cc1cc(N2CCCCC2)cc(C)c1-c1csc(NC(=O)c2ccncc2)n1,392.53,5.06,58.1,1,5,4,1,0.1868,Denifanstat (TVB-2640),FASN
T77594,Cc1cc(C)c2sc(NC(=O)C3CCN(S(=O)(=O)c4ccc(F)cc4)CC3)nc2c1,447.56,4.09,79.4,1,5,4,0,0.1868,Lanifibranor (IVA-337),PPAR-alpha/gamma/delta
T25813,O=C(c1ccc(F)cc1)C1CCN(CCCn2c(=O)[nH]c3cc(Cl)ccc32)CC1,415.9,4.11,58.1,1,3,6,0,0.1868,Lanifibranor (IVA-337),PPAR-alpha/gamma/delta
TN3118,COc1cc(CCC(O)CC(=O)CCc2ccccc2)ccc1O,328.41,3.29,66.8,2,4,9,0,0.1868,VK2809,THR-beta
TN1187,[H][C@@]12C[C@H](O)C3=C(C(=O)C(O)[C@@]4(C)[C@@]3(C)C(=O)C[C@]4([H])[C@H](C)CC(=O)CC(C)C(=O)O)[C@@]1(C)CCC(=O)C2(C)C,530.66,3.31,146.0,3,7,6,1,0.1868,Obeticholic acid (OCA),FXR
T61668,O=C(Nc1cccc(C(=O)N2CCC3(CCNCC3)CC2)c1)c1cccs1,383.52,3.61,61.4,2,4,3,0,0.1868,Denifanstat (TVB-2640),FASN
T3454,CCNC(=O)c1[nH]nc(-c2cc(Cl)c(O)cc2O)c1-c1ccc(OC)cc1,387.82,3.57,107.5,4,5,5,0,0.1867,BI-1467335,AOC3/VAP-1
T10202,COc1ccc2c(NC(=O)Nc3cccc(C(F)(F)F)n3)ccnc2c1,362.31,4.3,76.1,2,4,3,0,0.1867,BI-1467335,AOC3/VAP-1
T27400L,CC1(C)c2nc(-c3ccc(F)cc3)c(Nc3ccc(F)cc3)n2CCN1C(=O)CN,411.46,3.61,76.2,2,4,4,0,0.1867,BI-1467335,AOC3/VAP-1
T8990,CN(C(=O)CNC(=O)c1ccccc1OCC(=O)Nc1ccc(Br)cc1)c1ccccc1,496.36,3.86,87.7,2,4,8,0,0.1867,BI-1467335,AOC3/VAP-1
T73053,COc1ccc(C(=O)c2sc(N(c3ccc(F)cc3)[C@H](C)C(N)=O)nc2N)cc1,414.46,3.12,111.5,2,7,7,0,0.1867,BI-1467335,AOC3/VAP-1
T202246,O=S(=O)(c1cccc2ccccc12)n1cnc2ccccc21,308.36,3.43,52.0,0,3,2,0,0.1867,Lanifibranor (IVA-337),PPAR-alpha/gamma/delta
T8472,COc1cc(F)cc([C@@H](CO)NC(=O)[C@@H](C)N2Cc3ccc(-c4nc(NC5CCOCC5)ncc4Cl)cc3C2=O)c1,584.05,3.73,125.9,3,8,9,1,0.1866,Firsocostat (GS-0976),ACC
T1516,COc1cc(/C=C/C(=O)CC(=O)/C=C/c2ccc(O)c(OC)c2)ccc1O,368.39,3.37,93.1,2,6,8,0,0.1864,BI-1467335,AOC3/VAP-1
T12979,COc1cc2nc(C)nc(N[C@H](C)c3cc(N)cc(C(F)(F)F)c3)c2cc1O[C@H]1CCOC1,462.47,4.89,91.5,2,7,6,0,0.1864,Firsocostat (GS-0976),ACC
T8635,COc1cc(C=CC(=O)CC(=O)C=Cc2ccc(O)c(OC)c2)ccc1O,368.39,3.37,93.1,2,6,8,0,0.1864,BI-1467335,AOC3/VAP-1
TN2269,COc1ccc(/C=C/C(=O)C(C)(C)C(=O)/C=C/c2ccc(OC)c(OC)c2)cc1OC,424.49,4.61,71.1,0,6,10,0,0.1864,BI-1467335,AOC3/VAP-1
T21314,C[Si](C)(C)c1cc(C(=O)Nc2ccc(C(=O)O)cc2)cc([Si](C)(C)C)c1,385.61,3.73,66.4,2,2,5,0,0.1864,BI-1467335,AOC3/VAP-1
TYD-02843,CC(C)CC(=O)NS(=O)(=O)c1ccc(Br)cc1,320.21,2.3,63.2,1,3,4,0,0.1864,BI-1467335,AOC3/VAP-1
T2093,Cc1cn2cc(C(=O)N(C)CCO)cc(N[C@@H]3CCOc4cccc(C)c43)c2n1,394.48,2.95,79.1,2,5,5,0,0.1863,Denifanstat (TVB-2640),FASN
T6239,CC(=O)c1c(C)c2cnc(Nc3ccc(N4CCNCC4)cn3)nc2n(C2CCCC2)c1=O,447.54,2.97,105.0,2,8,5,0,0.1863,Denifanstat (TVB-2640),FASN
T5813,COc1c2ccoc2c(OC[C@@H](O)C(C)(C)O)c2oc(=O)ccc12,334.32,2.06,102.3,2,7,5,0,0.1863,Firsocostat (GS-0976),ACC
T5465,Cc1cnc(-c2cc(N3CCN(C(=O)CCS(C)(=O)=O)CC3)ncc2Cl)c(C)c1,436.97,2.5,83.5,0,6,5,0,0.1863,Cilofexor (GS-9674),FXR
TQ0068,CS(=O)(=O)N1CCC(NC(=O)c2n[nH]cc2NC(=O)c2c(Cl)cccc2Cl)CC1,460.34,2.12,124.3,3,5,5,0,0.1863,Cilofexor (GS-9674),FXR
T12886,C[C@H]1CCCN1Cc1nc2ccc(NC(=O)c3ccc4c(cnn4C)c3)cc2[nH]1,388.48,3.69,78.8,2,4,4,0,0.1863,Denifanstat (TVB-2640),FASN
T11909,NC(=O)c1ccc(Oc2ccc(CN3CCC[C@H]3c3cccc(F)c3)cc2)c(F)c1,408.45,5.19,55.6,1,3,6,1,0.1863,VK2809,THR-beta
T2093L,Cc1cn2cc(C(=O)N(C)CCO)cc(N[C@H]3CCOc4cccc(C)c43)c2n1,394.48,2.95,79.1,2,5,5,0,0.1863,Denifanstat (TVB-2640),FASN
T34256,C[C@H](Cc1c[nH]c2c(OCC(=O)O)cccc12)NC[C@H](O)c1cccc(Cl)c1,402.88,3.54,94.6,4,4,9,0,0.1863,VK2809,THR-beta
T15273,Cc1cc(C(=O)N2CCCCc3ccccc32)ccc1CNC(=O)N1CCC[C@H]1C(=O)N(C)C,462.59,3.74,73.0,1,3,4,0,0.1863,Denifanstat (TVB-2640),FASN
T27262,COc1ccccc1N1CCN(CC(O)COc2cc(OC)c(OC)c(OC)c2)CC1,432.52,2.28,72.9,1,8,10,0,0.1863,Firsocostat (GS-0976),ACC
T18707,CC(C)(CCC(=O)ON1C(=O)CCC1=O)SSc1ccccn1,354.45,2.99,76.6,0,7,7,0,0.1863,Firsocostat (GS-0976),ACC
T15024,O=C([O-])c1ccc2c(c1)nc(Nc1cccc(Cl)c1)c1ccncc12,348.77,3.54,77.9,1,5,3,0,0.1860,Lanifibranor (IVA-337),PPAR-alpha/gamma/delta
T8957L,CC[C@@H](N)CNc1nc(-c2cc(Cl)ccc2O)nc2ccccc12,342.83,3.81,84.1,3,5,5,0,0.1860,Lanifibranor (IVA-337),PPAR-alpha/gamma/delta
T9094,O=C(Oc1ccc([N+](=O)[O-])c2cccnc12)c1ccc(Cl)cc1Cl,363.16,4.67,82.3,0,5,3,0,0.1860,Lanifibranor (IVA-337),PPAR-alpha/gamma/delta
T11267,CC[C@H](C)C(=O)Nc1nc(-c2ccc(S(=O)(=O)N(CC)CC)cc2)cs1,395.55,3.83,79.4,1,5,8,0,0.1860,Lanifibranor (IVA-337),PPAR-alpha/gamma/delta
TN1475,[H][C@]12CC=C3[C@]4([H])CC(C)(C)CC[C@]4(C(=O)O)[C@H](O)C[C@@]3(C)[C@]1(C)CC[C@]1([H])[C@]2(C)CC[C@H](O)[C@@]1(C)CO,488.71,5.18,98.0,4,4,2,1,0.1860,Obeticholic acid (OCA),FXR
T10811,O=C(Nc1ccc2ccccc2c1)C(c1csc2ccc(Cl)cc12)P(=O)(O)O,431.84,5.57,86.6,3,3,4,1,0.1860,Lanifibranor (IVA-337),PPAR-alpha/gamma/delta
T77697,CCOC(=O)C1=CN(Cc2ccccc2)C=C(C(=O)OCC)C1c1ccccc1,391.47,4.18,55.8,0,5,7,0,0.1860,VK2809,THR-beta
T71137,C=CCc1c(OC(=O)N2CCC(N3CCCCC3)CC2)ccc2nc3c(cc12)Cn1c-3cc2c(c1=O)COC(=O)[C@]2(O)CC,598.7,4.26,114.2,1,8,5,1,0.1860,Cilofexor (GS-9674),FXR
T23344L,N[C@@H](Cc1cc(-c2ccc(Cl)cc2Cl)cc(CP(=O)([O-])O)c1O)C(=O)O,419.18,2.37,143.9,4,5,6,0,0.1860,Lanifibranor (IVA-337),PPAR-alpha/gamma/delta
T6419,Cc1cc(N2CCOCC2)cc2[nH]c(-c3c(NC[C@@H](O)c4cccc(Cl)c4)cc[nH]c3=O)nc12,479.97,3.86,106.3,4,6,6,0,0.1858,VK2809,THR-beta
T15454,COc1cc2ncn(-c3cc(OCc4ccccc4C(F)(F)F)c(C(N)=O)s3)c2cc1OC,477.46,4.8,88.6,1,6,7,0,0.1858,Firsocostat (GS-0976),ACC
T22289,Cc1cc(-c2cnn3c(NC[C@H]4C[C@@](C)(O)C4)cc(Oc4cccnc4)nc23)ccc1C(=O)NC1CC1,498.59,4.36,113.7,3,7,8,0,0.1858,Denifanstat (TVB-2640),FASN
T26866,O=C(O)[C@H]1CCCN(C[C@@H](O)c2ccc(-c3noc(-c4onc(-c5ccccc5)c4C(F)(F)F)n3)cc2)C1,528.49,4.91,125.7,2,8,7,1,0.1858,Cilofexor (GS-9674),FXR
T79213,C=CC(=O)N1CCN2Cc3cc(C#CC)c(-c4c(O)cccc4Cl)c(F)c3OCC2C1,440.9,3.81,53.0,1,4,2,0,0.1858,Cilofexor (GS-9674),FXR
T3600,C=CC(C)(C)c1cc(/C=C/C(=O)c2ccc(O)cc2)c(OC)cc1O,338.4,4.47,66.8,2,4,6,0,0.1857,BI-1467335,AOC3/VAP-1
T13330,N[C@@H](CC(=O)Nc1ccc(Oc2cc(F)c(F)cc2Br)cc1)C(=O)O,415.19,3.26,101.7,3,4,6,0,0.1857,BI-1467335,AOC3/VAP-1
T22171,CN(Cc1cccc(-c2ccccc2)c1)C(=O)Oc1cccc(-c2ccc(C(N)=O)cc2)c1,436.51,5.75,72.6,1,3,6,1,0.1857,BI-1467335,AOC3/VAP-1
T6972,O=C(Nc1ccc(Br)cc1)c1ccc(Br)c(S(=O)(=O)NCc2ccccc2)c1,524.23,4.94,75.3,2,3,6,1,0.1857,BI-1467335,AOC3/VAP-1
T13403,COC(=O)c1cc2c(C(O)CNC(C)(C)C)ccc(O)c2[nH]1,306.36,2.08,94.6,4,5,4,0,0.1857,BI-1467335,AOC3/VAP-1
T86161,COC(=O)[C@@H](NC(=O)[C@H](C)NC(=O)Cc1cc(F)cc(F)c1)c1ccccc1,390.39,2.04,84.5,2,4,7,0,0.1857,BI-1467335,AOC3/VAP-1
T4S0999,COc1cc(O)c(CC=C(C)C)c2c1C(=O)C[C@@H](c1ccc(O)cc1)O2,354.4,4.32,76.0,2,5,4,0,0.1856,VK2809,THR-beta
T7138,Cc1noc(C)c1-c1cc(Cl)c(Nc2ccccc2C(=O)NO)c(Cl)c1,392.24,5.13,87.4,3,5,4,1,0.1856,Cilofexor (GS-9674),FXR
T5500,C[C@@H]1CC[C@@H](COc2ccc(F)cn2)CN1C(=O)c1cc(F)ccc1-c1ncccn1,424.45,4.14,68.2,0,5,5,0,0.1856,Denifanstat (TVB-2640),FASN
T14571,COc1ccc(-c2ccccc2)cc1NNC(=O)OC(C)C,300.36,3.82,59.6,2,4,5,0,0.1856,Firsocostat (GS-0976),ACC
T24557,COc1ccc2c(c1)N(CCO)C1=C(C(=O)OC1)C2c1ccccc1,337.38,2.45,59.0,1,5,4,0,0.1856,VK2809,THR-beta
T21764,O=C1NC(=O)C(Cc2ccc3cc(OCc4ccccc4F)ccc3c2)S1,381.43,4.45,55.4,1,4,5,0,0.1856,Cilofexor (GS-9674),FXR
T11256,Cc1ccc2nc(-c3ccc(NC(=O)C4CCN(S(=O)(=O)c5cccs5)CC4)cc3)sc2c1,497.67,5.37,79.4,1,6,5,1,0.1856,Lanifibranor (IVA-337),PPAR-alpha/gamma/delta
T75643,COc1cc(O)c(CC=C(C)C)c2c1C(=O)CC(c1ccc(O)cc1)O2,354.4,4.32,76.0,2,5,4,0,0.1856,VK2809,THR-beta
T27920,CN1CCC(N2CCN(C(=O)[C@H](NC(=O)c3ccc4cc[nH]c4c3)c3ccccc3)CC2)CC1,459.59,2.88,71.7,2,4,5,0,0.1856,Denifanstat (TVB-2640),FASN
T14338,C[C@@]1(c2cc(NC(=O)c3ccc(C#N)cn3)ccc2F)C=CSC(N)=N1,367.41,3.14,104.2,2,6,3,0,0.1856,Denifanstat (TVB-2640),FASN
T205607,Cc1nc(-c2ccc(N3CCOCC3)cc2)sc1C(=O)O,304.37,2.65,62.7,1,5,3,0,0.1856,Firsocostat (GS-0976),ACC
T31587,COc1cccc(Cn2cc(C(=O)Nc3ccc(C)c(S(=O)(=O)N4CCOCC4)c3)c(-c3ccc(C)cc3)n2)c1,560.68,4.5,102.8,1,6,8,1,0.1855,Firsocostat (GS-0976),ACC
T1792,CNC(=O)c1cc(Oc2ccc(NC(=O)Nc3ccc(Cl)c(C(F)(F)F)c3)c(F)c2)ccn1,482.82,5.69,92.4,3,4,5,1,0.1852,BI-1467335,AOC3/VAP-1
T3599,O=C(Nc1cccc(C(F)(F)F)c1)c1cccc2cc(Oc3cc(CO)ncn3)ccc12,439.39,5.19,84.3,2,5,5,1,0.1852,BI-1467335,AOC3/VAP-1
T4024,CCCn1c(=O)c2[nH]c(C3CCCC3)nc2n(CCC)c1=O,304.39,2.36,72.7,1,3,5,0,0.1852,Denifanstat (TVB-2640),FASN
T11071,O=C(C(c1ccccc1)c1ccccc1)N1CCN(CC(O)COc2cccc3ncccc23)CC1,481.6,3.95,65.9,1,5,8,0,0.1852,Firsocostat (GS-0976),ACC
T12997,Nc1c(C(=O)NCc2ccc(C(=O)NCCCC3CCCCC3)cc2)cnn1-c1ccccc1,459.59,4.47,102.0,3,4,9,0,0.1852,BI-1467335,AOC3/VAP-1
T9967,COc1nn(-c2ccc(NC(=O)OCc3ccccc3)c(C)c2)c(=O)o1,355.35,2.89,95.6,1,6,5,0,0.1852,Firsocostat (GS-0976),ACC
T19583,CCn1cnc2c(Nc3cccc(NC(=O)C#Cc4ccc(C)cc4)c3)nc(N[C@H]3CC[C@H](O)CC3)nc21,509.61,4.6,117.0,4,7,6,1,0.1852,Denifanstat (TVB-2640),FASN
T64377,COc1ccc(-n2cc3cnc(=NCC(F)(F)F)[nH]c3c(-c3ccc(Br)cc3)c2=O)cc1,505.29,4.61,72.3,1,4,4,1,0.1852,BI-1467335,AOC3/VAP-1
T27625,Cc1cc(C)cc(C(=O)c2c(C(C)C)c(=O)[nH]c(=O)n2CC2CC2)c1,340.42,2.92,71.9,1,3,5,0,0.1852,Resmetirom,THR-beta
T73585,O=S(=O)(NCc1ccncc1)c1ccc(C2CCCCC2)cc1,330.45,3.61,59.1,1,3,5,0,0.1852,Denifanstat (TVB-2640),FASN
T77719,COc1ccc(C#N)cc1-c1ccnc(Nc2ccc(N3CCOCC3)cc2)c1,386.46,4.21,70.4,1,6,5,0,0.1852,Firsocostat (GS-0976),ACC
T29064,O=C1CCC2=CC=C(OCCCCN3CCCN(c4cccc(Cl)c4Cl)CC3)NC2=N1,463.41,4.39,57.2,1,5,7,0,0.1852,Cilofexor (GS-9674),FXR
T78209,Cn1c(Nc2ccc(I)cc2F)c(C(=O)NOCCO)c2cccnc21,470.24,2.71,88.4,3,5,6,0,0.1852,BI-1467335,AOC3/VAP-1
T33955,C#CCNC(=O)c1cc(Nc2cc(C3CC3)[nH]n2)nc(N2CCN(Cc3ccc(S(=O)(=O)F)cc3)CC2)n1,538.61,2.16,136.2,3,9,9,1,0.1852,Denifanstat (TVB-2640),FASN
T210452,COc1cc(OC)c2c(=O)nc(-c3cnn(Cc4ccccc4)c3)[nH]c2c1,362.39,2.85,82.0,1,5,5,0,0.1852,Firsocostat (GS-0976),ACC
T0519,C=C[C@H]1C[N@]2CC[C@H]1C[C@H]2[C@H](OC(=O)OCC)c1ccnc2ccc(OC)cc12,396.49,4.35,60.9,0,6,6,0,0.1849,Firsocostat (GS-0976),ACC
T15159,CC(C)C[C@@H](C(=O)Nc1ccn(C[C@@H](O)CO)n1)N1CC(Oc2ccccc2Cl)=CC1=O,462.93,2.05,116.9,3,6,10,0,0.1849,Firsocostat (GS-0976),ACC
T4255,O=C(COCC(=O)N1CCN(C(c2ccccc2)c2ccccc2)CC1)Nc1ccc(Cl)cc1C(=O)[O-],520.99,2.59,102.0,1,6,9,1,0.1848,Lanifibranor (IVA-337),PPAR-alpha/gamma/delta
T6271,Cn1cncc1[C@@](N)(c1ccc(Cl)cc1)c1ccc2c(c1)c(-c1cccc(Cl)c1)cc(=O)n2C,489.41,5.5,65.8,1,3,4,1,0.1848,Lanifibranor (IVA-337),PPAR-alpha/gamma/delta
T3S1251,[H][C@@]12CC=C3C[C@@H](O)C[C@@H](O)[C@]3(C)[C@@]1([H])CC[C@@]1(C)[C@@]2([H])C[C@]2([H])O[C@]3(CCC(=C)CO3)[C@@H](C)[C@]12[H],428.61,4.6,58.9,2,4,0,0,0.1848,Obeticholic acid (OCA),FXR
T5S0106,CC1=C2C[C@H]3[C@@H](CC(=O)[C@H]4C[C@@H](O)CC[C@@]43C)[C@@H]2CC[C@]12O[C@@H]1C[C@H](C)CN[C@H]1[C@H]2C,427.63,4.26,58.6,2,4,0,0,0.1848,Obeticholic acid (OCA),FXR
TN1146,CC(C)=CCc1c(O)cc(O)c2c1O[C@H](c1ccc(O)cc1)CC2=O,340.38,4.02,87.0,3,5,3,0,0.1848,VK2809,THR-beta
T15605,O=C(CCCCCn1cc(Nc2ncc(Cl)c(Nc3ccc(Cl)cc3)n2)cn1)NO,450.33,4.53,117.0,4,7,10,0,0.1848,Lanifibranor (IVA-337),PPAR-alpha/gamma/delta
T11529,Cc1csc(NC(=O)C2CCN(C(=O)N(C)Cc3ccccc3)CC2)n1,372.49,3.35,65.5,1,4,4,0,0.1848,Denifanstat (TVB-2640),FASN
T14175,O=C(O)Cc1nn(Cc2nc3cc(C(F)(F)F)ccc3s2)c(=O)c2nccnc12,421.36,2.49,110.9,1,7,4,0,0.1848,Lanifibranor (IVA-337),PPAR-alpha/gamma/delta
T17102,Cn1cncc1[C@](N)(c1ccc(Cl)cc1)c1ccc2c(c1)c(-c1cccc(Cl)c1)cc(=O)n2C,489.41,5.5,65.8,1,3,4,1,0.1848,Lanifibranor (IVA-337),PPAR-alpha/gamma/delta
T28001,O=C(N[C@H](Cc1ccccc1)C(=O)Nc1ccc(Cl)cc1)c1cc(Cl)ccc1O,429.3,4.68,78.4,3,3,6,0,0.1848,VK2809,THR-beta
T60035,O=C(N[C@@H](Cc1ccccc1)C(=O)Nc1ccc(Cl)cc1)c1cc(Cl)ccc1O,429.3,4.68,78.4,3,3,6,0,0.1848,VK2809,THR-beta
T67777,CCc1ccc(-c2cc(C(=O)Nc3ccc(S(=O)(=O)NC(C)=O)cc3)c3ccccc3n2)cc1,473.55,4.54,105.2,2,5,6,0,0.1848,Lanifibranor (IVA-337),PPAR-alpha/gamma/delta
T19703,Cc1cc2c(cc1C1(c3ccc(C(=O)O)cn3)CC1)C(C)(C)CCC2(C)C,363.5,5.52,50.2,1,2,3,1,0.1848,Cilofexor (GS-9674),FXR
T5331,O=C(Nc1nnc(-c2ccc(F)cc2)o1)c1ccc(Cl)cc1,317.71,3.78,68.0,1,4,3,0,0.1846,BI-1467335,AOC3/VAP-1
T6195,COC(=O)OCOc1c2n(ccc1=O)N(C1c3ccccc3SCc3c1ccc(F)c3F)C1COCCN1C2=O,571.56,3.39,99.5,0,9,4,1,0.1846,Firsocostat (GS-0976),ACC
T8108,CCOC1(c2ccc(-c3cc4c(N5CCN(C(=O)OC6CCOC6)CC5)ccnn4c3)nc2)CCN(C(C)C)CC1,562.72,4.18,84.7,0,8,7,1,0.1846,Firsocostat (GS-0976),ACC
T19763,NCC1CCC(C(=O)Oc2ccc(CCC(=O)O)cc2)CC1,305.37,2.37,89.6,2,4,6,0,0.1846,BI-1467335,AOC3/VAP-1
T84309,O=C1Nc2ccccc2C1=NNC(=O)c1ccc(Br)cc1,344.17,2.54,70.6,2,3,2,0,0.1846,BI-1467335,AOC3/VAP-1
T1973,COc1ccccc1C(=O)Nc1cc2c(cc1N1CCCC1)n(C)c(=O)n2C,380.45,2.74,68.5,1,4,4,0,0.1845,Firsocostat (GS-0976),ACC
T6121,CN1CCC(COc2cnc(-c3cccc(Cn4nc(-c5cccc(C#N)c5)ccc4=O)c3)nc2)CC1,492.58,4.01,96.9,0,7,7,0,0.1845,Denifanstat (TVB-2640),FASN
T7263,Fc1ccc(Cl)c(COc2cccc3onc(Nc4cccnc4)c23)c1,369.78,5.34,60.2,1,5,5,1,0.1845,Cilofexor (GS-9674),FXR
T16115,[H][C@]1(C)CN(c2cc(-c3n[nH]c4ccc(OC5(C)CC5)cc34)ncn2)C[C@@]([H])(C)O1,379.46,3.56,76.2,1,6,4,0,0.1845,Cilofexor (GS-9674),FXR
T8806,O=C(c1cc(Cc2n[nH]c(=O)c3ccccc23)ccc1F)N1CCn2nc(C(F)(F)F)nc2C1,472.4,2.92,96.8,1,5,3,0,0.1845,Denifanstat (TVB-2640),FASN
T16367,CC(C)NC(=O)N1CC[C@H](NC2=Nc3cc(F)ccc3N(CC(F)F)c3ccc(Cl)cc32)C1,479.93,5.06,60.0,2,4,4,1,0.1845,Denifanstat (TVB-2640),FASN
T9209,COc1cc(C(=O)N2CCC3(CC2)CC(=O)c2c(cnn2C(C)C)C3)cc(-c2ccc(C(=O)O)cc2)n1,502.57,4.28,114.6,1,6,5,1,0.1845,Denifanstat (TVB-2640),FASN
T33429,Cc1cc(C(=O)O)cnc1N1CCN(c2cc(-c3ccc(F)cc3)nc(N3CCC[C@H]3C)n2)[C@H](C)C1,490.58,4.39,85.7,1,7,5,0,0.1845,Denifanstat (TVB-2640),FASN
T27135,Cc1nn(C)c(C)c1NS(=O)(=O)c1c(Cl)cc(-c2ccnc(N3CCNCC3)c2)cc1Cl,495.44,3.62,92.1,2,6,5,0,0.1845,Cilofexor (GS-9674),FXR
T36433,Cc1ccccc1OCc1nnc(SCC(N)=O)n1-c1ccccc1,354.44,2.73,83.0,1,5,7,0,0.1845,Firsocostat (GS-0976),ACC
T69665,Cn1nc(-c2ccc(C(=O)NCC(F)F)cc2)nc1Nc1ccc2[nH]ncc2c1C1CC1,437.45,3.97,100.5,3,5,7,0,0.1845,Denifanstat (TVB-2640),FASN
T1905,Cc1cc(C)c(CNC(=O)c2cc(-c3ccc(CN4CCOCC4)cc3)cc3c2cnn3C2CCCC2)c(=O)[nH]1,539.68,4.89,92.2,2,5,7,1,0.1842,VK2809,THR-beta
T12469,COc1ccc(-c2sc(NC(=O)C3CCCC3)nc2C)cc1S(=O)(=O)Nc1ccc(O)cc1,487.6,4.76,117.6,3,7,7,0,0.1842,Firsocostat (GS-0976),ACC
T13862,O=C(O)c1ccc(/C=C/S(=O)(=O)Cc2ccc(Cl)cc2)cc1,336.8,3.62,71.4,1,3,5,0,0.1842,Lanifibranor (IVA-337),PPAR-alpha/gamma/delta
T8959,COc1ccccc1N1CCN(CCCCNC(=O)c2ccc(-c3cscn3)cc2)CC1,450.61,4.15,57.7,1,6,9,0,0.1842,Firsocostat (GS-0976),ACC
T11463,COc1ccccc1N1CCN(CCCCNC(=O)c2ccc(-c3ccc(C(C)=O)cc3)cc2)CC1,485.63,4.9,61.9,1,5,10,0,0.1842,BI-1467335,AOC3/VAP-1
T5503,COc1ccnc(N2CCC3(CCCN(Cc4c[nH]c5ccccc45)C3=O)CC2)n1,405.5,3.38,74.3,1,5,4,0,0.1842,Firsocostat (GS-0976),ACC
T7586,CC(C)(C)c1cc(-c2cc(-c3ccc(C(=O)O)cc3)ccc2OCCO)ccc1N1CCCC1,459.59,5.99,70.0,2,4,7,1,0.1842,BI-1467335,AOC3/VAP-1
T9786,O=C(NC[C@H](c1ccc(Cl)cc1)N1CCOCC1)c1sc(-c2ncccn2)nc1C(F)(F)F,497.93,4.08,80.2,1,7,6,0,0.1842,Firsocostat (GS-0976),ACC
T17218,CCc1c(C(=O)C(N)=O)c2c(OCC(=O)OC)cccc2n1Cc1ccccc1,394.43,2.47,100.6,1,5,8,0,0.1842,BI-1467335,AOC3/VAP-1
T14176,CO[C@@H](Cc1ccc(OCCc2nc(-c3ccccc3)oc2C)c2ccsc12)C(=O)O,437.52,5.13,81.8,1,6,9,1,0.1842,Firsocostat (GS-0976),ACC
T63898,CO[C@H](Cc1ccc(OCCc2nc(-c3ccccc3)oc2C)c2ccsc12)C(=O)O,437.52,5.13,81.8,1,6,9,1,0.1842,Firsocostat (GS-0976),ACC
T23903,CCOC(=O)CSc1nc2c(sc3ccccc32)c(=O)n1CCCN1CCCC1,431.58,3.75,64.4,0,7,8,0,0.1842,Firsocostat (GS-0976),ACC
T62806,O=C(N[C@@H]1CCCNC1)c1cccc(Nc2ncc(Cl)c(NCc3cccc(F)c3)n2)c1,454.94,4.11,91.0,4,6,7,0,0.1842,Cilofexor (GS-9674),FXR
T84770,COc1ccccc1-c1cnccc1C(=O)Nc1nnc(OCc2ccc(Cl)cn2)s1,453.91,4.49,99.1,1,8,7,0,0.1842,Firsocostat (GS-0976),ACC
T13564,C=CC(=O)Nc1cc(Nc2nccc(-c3cn(C)c4ccccc34)n2)c(OC)cc1N(C)CCNC,485.59,4.17,96.3,3,7,10,0,0.1840,Firsocostat (GS-0976),ACC
T5172,COc1ccc2c(Nc3cc(NC(=O)c4cccc(C(C)(C)C#N)c4)ccc3C)ncnc2c1,451.53,5.74,99.9,2,6,6,1,0.1839,BI-1467335,AOC3/VAP-1
TQ0288,COc1cc(CCC(=O)CC(O)CCc2ccc(O)c(OC)c2)ccc1O,374.43,3.0,96.2,3,6,10,0,0.1839,VK2809,THR-beta
TN1002,COc1cc(O)c2c(c1)O[C@H](c1cc(O)cc(O)c1)CC2=O,302.28,2.52,96.2,3,6,2,0,0.1839,VK2809,THR-beta
T20721,CS(=O)(=O)c1cc(C(F)(F)F)ccc1C(=O)c1cnoc1C1CC1,359.33,3.21,77.2,0,5,4,0,0.1839,Denifanstat (TVB-2640),FASN
T9891,O=C(CCn1nc(-c2ccccc2)c2ccccc2c1=O)Nc1cccc(Cl)c1,403.87,4.75,64.0,1,3,5,0,0.1839,Lanifibranor (IVA-337),PPAR-alpha/gamma/delta
T10691,O=C(O)CN1C(=O)C2(CC(=O)N(Cc3cc(Cl)ccc3F)C2=O)c2cc(Cl)ccc21,451.24,2.76,95.0,1,4,4,0,0.1839,Lanifibranor (IVA-337),PPAR-alpha/gamma/delta
T61159,COC(=O)c1ccc(Cn2ccc3c4c(N)nc(N)nc4ccc32)cc1,347.38,2.58,109.0,2,6,3,0,0.1839,Lanifibranor (IVA-337),PPAR-alpha/gamma/delta
T26287,Cc1cccc(C)c1NC(=O)C1(N(C)C)CCN([C@@H]2CCCC[C@H]2O)CC1,373.54,2.94,55.8,2,4,4,0,0.1839,Denifanstat (TVB-2640),FASN
T27582,COc1ccc(C=C2SC(=S)N(CCCC(=O)O)C2=O)cc1OC,367.45,2.77,76.1,1,6,7,0,0.1839,Lanifibranor (IVA-337),PPAR-alpha/gamma/delta
T61786,CCN1CCC(S(=O)(=O)NC(=O)Nc2c3c(cc4c2CCC4)CCC3)CC1,391.54,2.6,78.5,2,4,4,0,0.1839,Denifanstat (TVB-2640),FASN
T2259,O=C(O)c1ccc2c(c1)nc(Nc1cccc(Cl)c1)c1ccncc12,349.78,4.88,75.1,2,4,3,0,0.1837,Cilofexor (GS-9674),FXR
T6472,[H][C@@]12CC[C@](OC(=O)CCC)(C(=O)COC(C)=O)[C@@]1(C)C[C@H](O)[C@@]1(F)[C@@]2([H])C[C@H](F)C2=CC(=O)C=C[C@@]21C,508.56,3.52,107.0,1,7,6,1,0.1837,Obeticholic acid (OCA),FXR
T6920,CN1CCN(c2ccc(Nc3ncc4cc(C#N)c(=O)n(C5CCCC5)c4n3)cc2)CC1,429.53,3.27,90.1,1,7,4,0,0.1837,Denifanstat (TVB-2640),FASN
T11461,CCc1nn2c(C)cc(C)nc2c1Cc1ccc(-c2nnc(C3CCNCC3)o2)cc1,416.53,4.02,81.1,1,6,5,0,0.1837,Denifanstat (TVB-2640),FASN
T8749,Cc1c(Br)sc2[nH]c(=O)n(C(C)(C)C(=O)OC(C)(C)C)c(=O)c12,403.3,2.9,81.2,1,5,2,0,0.1837,Firsocostat (GS-0976),ACC
T12970,O=C(O)c1cccc(-c2cccc(NCCNC[C@H](O)c3cccc(Cl)c3)c2)c1,410.9,4.44,81.6,4,4,9,0,0.1837,Cilofexor (GS-9674),FXR
T12580,NS(=O)(=O)c1ccc(-n2nc(CCCNC(=O)Nc3ccc(C(F)(F)F)cc3)cc2-c2ccccc2)cc1,543.57,4.96,119.1,3,4,8,1,0.1837,Lanifibranor (IVA-337),PPAR-alpha/gamma/delta
T9699,O=C(O)c1ccc(CN(CC2CC2)C(=O)c2ccc(Oc3ccccc3F)cc2)cc1,419.45,5.37,66.8,1,3,8,1,0.1837,Cilofexor (GS-9674),FXR
T67836,Cc1nn(-c2ccc(C(N)=O)c(N[C@H]3CC[C@H](O)CC3)c2)c2c1C(=O)CC(C)(C)C2,410.52,3.15,110.2,3,5,4,0,0.1837,Denifanstat (TVB-2640),FASN
T15117,NC(=O)N[C@H]1CC[C@H](CCN2CCN(c3cccc(Cl)c3Cl)CC2)CC1,399.37,3.73,61.6,2,3,5,0,0.1837,Cilofexor (GS-9674),FXR
T21947,O=C(O)COc1cccc(-c2ocnc2-c2nc(-c3ccccc3)c(-c3ccccc3)o2)c1,438.44,5.79,98.6,1,6,7,1,0.1837,Cilofexor (GS-9674),FXR
T68171,[H]C12CCC([H])(CC1)N(C(=O)[C@H](C)N[C@@H](CCc1ccccc1)C(=O)OCC)[C@@H]2C(=O)O,416.52,2.38,95.9,2,5,9,0,0.1837,VK2809,THR-beta
T14570,CCC(=O)N[C@H]1CC[C@@H](C(=O)N(C)c2ccc(-c3nc4ccccc4o3)cc2)C1,391.47,4.15,75.4,1,4,5,0,0.1837,Aramchol,SCD1
T69436,COC(=O)C1=C(C)NC2=C(C(=O)CC(c3ccc(Cl)cc3)C2)C1c1cccc(OC)c1OC,467.95,4.89,73.9,1,6,5,0,0.1837,Denifanstat (TVB-2640),FASN
T1756,COc1ccnc(C[S+]([O-])c2nc3ccc(-n4cccc4)cc3[n-]2)c1C,365.44,3.0,77.1,0,4,5,0,0.1835,Firsocostat (GS-0976),ACC
T5190,O=C(Nc1cccc(-c2nncn2C2CC2)c1)c1cc(-n2cnc(C3CC3)c2)ccn1,411.47,3.99,90.5,1,5,6,0,0.1835,Cilofexor (GS-9674),FXR
T12532,COc1cc(/C=C/C(=O)OCC2CCN(Cc3ccccc3)CC2)ccc1O,381.47,3.87,59.0,1,5,7,0,0.1835,Firsocostat (GS-0976),ACC
T62929,O=C(Nc1ccc(-c2nc(-c3ccc(Cl)cc3)no2)cc1)C1CC(=O)N(Cc2ccco2)C1,462.89,4.64,101.5,1,6,6,0,0.1835,Cilofexor (GS-9674),FXR
T68018,CC/C=C\CC1C(=O)CCC1CC(=O)Oc1cccc2cccnc12,337.42,4.48,56.3,0,4,6,0,0.1835,Firsocostat (GS-0976),ACC
T27335,O=C(OCC(O)CO)c1ccccc1Nc1ccnc2c(C(F)(F)F)cccc12,406.36,3.51,91.7,3,6,6,0,0.1835,Firsocostat (GS-0976),ACC
T6809,CCS(=O)(=O)N1CCC(C(C)n2c(C)c(C(=O)NCc3c(OC)cc(C)[nH]c3=O)c3ccccc32)CC1,528.68,3.51,113.5,2,5,8,1,0.1833,Firsocostat (GS-0976),ACC
TN7069,COc1ccc(/C=C/C(=O)c2c(OC)cc(OC)cc2OC)cc1,328.36,3.62,54.0,0,5,7,0,0.1833,BI-1467335,AOC3/VAP-1
TN1878,COc1cc(O)cc(OC)c1CCC(=O)c1ccc(O)cc1,302.33,2.93,76.0,2,5,6,0,0.1833,BI-1467335,AOC3/VAP-1
T24904,CC(C)OC(=O)c1ccc(N2C(=O)C(Cl)=C(Cl)C2=O)cc1,328.15,2.81,63.7,0,4,3,0,0.1833,BI-1467335,AOC3/VAP-1
T1881,COc1ccc(CNC(=O)Nc2ncc([N+](=O)[O-])s2)cc1,308.32,2.38,106.4,2,6,5,0,0.1831,BI-1467335,AOC3/VAP-1
T6138,COc1ccc(C(=O)Nc2sc3c(c2C(N)=O)CCCC3)cc1OC,360.44,3.0,90.7,2,5,5,0,0.1831,BI-1467335,AOC3/VAP-1
T4518,COc1c(/C=C/C(=O)c2ccc(O)c(CC=C(C)C)c2)ccc(O)c1O,354.4,4.22,87.0,3,5,6,0,0.1831,BI-1467335,AOC3/VAP-1
T17222,CC(C)(C)S(=O)(=O)N[C@H]1CC[C@H](C(=O)Nc2ccc(C(F)(F)F)cn2)CC1,407.46,3.32,88.2,2,4,4,0,0.1831,BI-1467335,AOC3/VAP-1
T12253,CC(C)(C)c1ccc(Cn2nc(-c3ccc(Cl)cc3)cc2C(=O)NO)cc1,383.88,4.67,67.2,2,3,4,0,0.1831,BI-1467335,AOC3/VAP-1
T9040,COc1cc2ncnc(Nc3ccc(NC(=O)c4ccccc4)cc3)c2cc1OC,400.44,4.64,85.4,2,6,6,0,0.1831,BI-1467335,AOC3/VAP-1
T64325,COc1ccc(C2O[C@@H](C(=O)O)[C@H](c3ccccc3)N2C(=O)OC(C)(C)C)cc1,399.44,4.16,85.3,1,5,4,0,0.1831,BI-1467335,AOC3/VAP-1
T72051,COC(=O)c1cccc(N2C(=O)c3ccc(Oc4ccc(N)cc4)cc3C2=O)c1,388.38,3.65,98.9,1,6,4,0,0.1831,BI-1467335,AOC3/VAP-1
T83979,COc1ccc(S(=O)(=O)NCc2cc(CN3CCCC3)c(O)c(CN3CCCC3)c2)cc1,459.61,3.07,82.1,2,6,9,0,0.1831,BI-1467335,AOC3/VAP-1
T67552,CC(C)(C)OC(=O)C[C@H](NC(=O)OCC1c2ccccc2-c2ccccc21)C(=O)O,411.45,3.71,101.9,2,5,6,0,0.1831,BI-1467335,AOC3/VAP-1
T2033,NC(=O)c1ccc2nc(-c3ccc(Oc4ccc(Cl)cc4)cc3)[nH]c2c1,363.8,4.77,81.0,2,3,4,0,0.1829,Lanifibranor (IVA-337),PPAR-alpha/gamma/delta
T6968,COC(=O)N(C)c1c(N)nc(-c2nn(Cc3ccccc3F)c3ncccc23)nc1N,422.42,2.44,138.1,2,8,4,0,0.1829,BI-1467335,AOC3/VAP-1
T12056,CCS(=O)(=O)c1ccc(Oc2cc(O[C@@H](C)CO)cc(C(=O)Nc3ccn(C)n3)c2)cn1,460.51,2.41,132.6,2,8,9,0,0.1829,BI-1467335,AOC3/VAP-1
T17226,COC(=O)Nc1c(N)nc(-c2nn(Cc3ccccc3F)c3ncc(F)cc23)nc1N,426.39,2.56,146.9,3,8,4,0,0.1829,BI-1467335,AOC3/VAP-1
T21867,Cc1ccc([N+](=O)[O-])cc1S(=O)(=O)n1c(C)nc2ccccc21,331.35,2.8,95.1,0,5,3,0,0.1829,Lanifibranor (IVA-337),PPAR-alpha/gamma/delta
T5952,CC(C)(C)C(O)/C(=C\c1ccc(Cl)cc1Cl)n1cncn1,326.23,3.99,50.9,1,3,3,0,0.1829,Lanifibranor (IVA-337),PPAR-alpha/gamma/delta
T12526,CCOc1ccc(C=C2C(=O)NN(c3ccc(Cl)c(Cl)c3)C2=O)cc1,377.23,3.85,58.6,1,3,4,0,0.1829,Resmetirom,THR-beta
T20719,C#CCOc1cc(-n2nc(C(C)(C)C)oc2=O)c(Cl)cc1Cl,341.19,3.44,57.3,0,4,3,0,0.1829,Resmetirom,THR-beta
T26322,Cn1nnc2ccc([C@H](c3ccc(Cl)cc3)n3cncn3)cc21,324.78,2.85,61.4,0,4,3,0,0.1829,Lanifibranor (IVA-337),PPAR-alpha/gamma/delta
T26322L,Cn1nnc2ccc([C@@H](c3ccc(Cl)cc3)n3cncn3)cc21,324.78,2.85,61.4,0,4,3,0,0.1829,Lanifibranor (IVA-337),PPAR-alpha/gamma/delta
T30503,O=c1[nH]c(-c2ccccc2C(F)(F)F)nn1-c1cc(Cl)ccc1O,355.7,3.61,70.9,2,3,2,0,0.1829,Resmetirom,THR-beta
T16574,[H][C@@]12CC=C3C[C@@H](OS(=O)(=O)[O-])CC[C@]3(C)[C@@]1([H])CC[C@]1(C)[C@@H](C(C)=O)CC[C@@]21[H],395.54,4.0,83.5,0,5,3,0,0.1829,Obeticholic acid (OCA),FXR
T64458,O=C(c1cccc(-c2nc3ccccc3[nH]2)n1)N1CCN(C(=O)c2cccc(-c3nc4ccccc4[nH]3)n2)CC1,528.58,4.16,123.8,2,6,4,1,0.1829,Denifanstat (TVB-2640),FASN
T1741,N#Cc1ccc2[nH]c(O)c(-c3ccc(CN4CCOCC4)cn3)c2c1,334.38,2.64,85.2,2,5,3,0,0.1828,Denifanstat (TVB-2640),FASN
T16888,CCOc1cc(/C=C2/C(=O)N(c3ccccc3)N=C2C)cc(Cl)c1OCC(=O)OC,428.87,4.1,77.4,0,6,7,0,0.1828,Resmetirom,THR-beta
T11374,Nc1ncc(C#Cc2c(F)ccc(NS(=O)(=O)c3cc(Cl)cc(CO)c3Cl)c2F)cn1,485.3,3.34,118.2,3,6,4,0,0.1828,Lanifibranor (IVA-337),PPAR-alpha/gamma/delta
T15712,CS(=O)(=O)c1cc(F)cc2c3c(n(Cc4ccc(Cl)cc4)c12)[C@@H](CC(=O)O)CC3,435.9,4.39,76.4,1,3,5,0,0.1828,Lanifibranor (IVA-337),PPAR-alpha/gamma/delta
T15461,O=C(NCCN1CCC(n2c(=O)[nH]c3cc(Cl)ccc32)CC1)c1ccc(F)cc1,416.88,3.19,70.1,2,3,5,0,0.1828,Lanifibranor (IVA-337),PPAR-alpha/gamma/delta
T38776,O=C(O)CSc1ncnc2c(C3CC3)c(Cl)sc12,300.79,3.4,63.1,1,5,4,0,0.1828,Cilofexor (GS-9674),FXR
TN7214,CC(C)c1cc2c(c(O)c1O)C13CCCC(C)(C)C1C(OC3=O)C2=O,344.41,3.41,83.8,2,5,1,0,0.1828,VK2809,THR-beta
T26698,O=c1cc(-c2ccc3nc(NC[C@H]4CC[C@H](C(=O)O)CC4)sc3c2)ccn1CC1CC1,437.57,4.84,84.2,2,5,7,0,0.1828,Lanifibranor (IVA-337),PPAR-alpha/gamma/delta
T61122,O=C(c1nc(-c2cccc3[nH]ccc23)no1)N1CCc2ccccc2C1,344.37,3.42,75.0,1,4,2,0,0.1828,Denifanstat (TVB-2640),FASN
T61093,Cc1cc(C)c(C#N)c(SCC(=O)Nc2ccc3c(c2)OCO3)n1,341.39,3.03,84.2,1,6,4,0,0.1828,Denifanstat (TVB-2640),FASN
T73464,CCS(=O)(=O)N(Cc1ncc(-c2nnc(C(F)F)o2)s1)c1cccc(Cl)c1,434.88,4.14,89.2,0,7,7,0,0.1828,Lanifibranor (IVA-337),PPAR-alpha/gamma/delta
T60977,CCOC(=O)C1=Cc2ccc(-c3cccc(C#N)c3)cc2N=C(N)C1,331.38,3.56,88.5,1,5,3,0,0.1828,Denifanstat (TVB-2640),FASN
T9690,N[C@@H](CC(=O)O)Cn1nnc(-c2ccc(Oc3ncc(Cl)cc3F)cc2)n1,392.78,2.12,129.0,2,7,7,0,0.1828,Lanifibranor (IVA-337),PPAR-alpha/gamma/delta
T1972,COc1ccccc1C(=O)Nc1cc2c(cc1N1CCCCC1)n(C)c(=O)n2C,394.48,3.13,68.5,1,4,4,0,0.1827,Firsocostat (GS-0976),ACC
T2375,C[C@@H]1CN(Cc2ccc(F)cc2)CCN1C(=O)COc1ccc(Cl)cc1NC(N)=O,434.9,3.08,87.9,2,4,6,0,0.1827,VK2809,THR-beta
T3215,O=C(Nc1cnccc1Cl)N1CCN(Cc2ccc3c(c2)OC(F)(F)O3)CC1,410.81,3.41,66.9,1,5,3,0,0.1827,Cilofexor (GS-9674),FXR
T4050,CCc1ccc(N(CC(C)C)S(=O)(=O)c2ccc(OCC3CCOCC3)c(CO)c2)cc1,461.62,4.4,76.1,1,5,10,0,0.1827,VK2809,THR-beta
T6227,COC(=O)C1=C(C)NC(C)=C(C(=O)O[C@@H]2CCCN(Cc3ccccc3)C2)[C@@H]1c1cccc([N+](=O)[O-])c1,505.57,4.21,111.0,1,8,7,1,0.1827,Denifanstat (TVB-2640),FASN
T12188,Cc1cc(C#N)cnc1C(=O)Nc1ccc(F)c([C@]2(C)CO[C@@](C)(C(F)(F)F)C(N)=N2)c1,449.41,3.58,113.4,2,6,3,0,0.1827,Denifanstat (TVB-2640),FASN
T12462,CC(=O)N1CCN(c2cc(-c3cc(C(F)(F)F)c4c(N)ncnn34)ccc2C#N)C(=O)C1(C)C,471.44,2.84,120.6,1,6,2,0,0.1827,Denifanstat (TVB-2640),FASN
T67832,COc1ccc(CNC(=O)c2c(Cl)ccnc2OCC2CC2)cc1F,364.8,3.6,60.5,1,4,7,0,0.1827,Cilofexor (GS-9674),FXR
T9006,O=C1O[C@@H](C(=O)N2CCN(Cc3nc(=O)c4c5c(sc4[nH]3)CCCC5)CC2)Cc2ccccc21,478.57,2.29,95.6,1,7,3,0,0.1827,Denifanstat (TVB-2640),FASN
T27932,CCCc1c(OCc2ccc(C(O)c3cccc(C(=O)O)c3)cc2)ccc(C(C)=O)c1O,434.49,4.91,104.1,3,5,9,0,0.1827,Cilofexor (GS-9674),FXR
T27681,O=C(Nc1cccnc1)N1CCN(Cc2cccc(Oc3ccc(Cl)cc3)c2)CC1,422.92,4.88,57.7,1,4,5,0,0.1827,Cilofexor (GS-9674),FXR
T2022,COc1cc(N2CCOCC2)ccc1Nc1ncc(Cl)c(Nc2ccccc2NS(C)(=O)=O)n1,505.0,3.83,117.7,3,9,8,1,0.1826,Firsocostat (GS-0976),ACC
T27087,COC(=O)C1=C(C)NC(C)=C(C(=O)OCC2COC3(CCN(c4ccc(Cl)cc4)CC3)O2)C1c1cccc([N+](=O)[O-])c1,598.05,4.61,129.5,1,10,7,1,0.1826,VK2809,THR-beta
T27423,C/C=C/Cn1cc(-c2cc(OC)c(C(=O)N3CCOCC3)cc2OC)c2cc(C)[nH]c2c1=O,451.52,3.37,85.8,1,5,6,0,0.1826,Firsocostat (GS-0976),ACC
T14300,Cc1nnc2n1-c1sc(CCC(=O)N3CCOCC3)cc1C(c1ccccc1Cl)=NC2,455.97,3.43,72.6,0,6,4,0,0.1826,Firsocostat (GS-0976),ACC
T78598,COC(=O)c1cccc(C#Cc2ccc(OC3CCOCC3)cc2)c1-c1ccc2cc[nH]c2c1,451.52,5.58,60.6,1,4,4,1,0.1826,Firsocostat (GS-0976),ACC
T3617,N#Cc1ccnc(N2C(=O)CC[C@H]2C(=O)N(c2cncc(F)c2)[C@H](C(=O)NC2CC(F)(F)C2)c2ccccc2Cl)c1,582.97,4.32,119.3,1,6,7,1,0.1825,Cilofexor (GS-9674),FXR
T22253,N#Cc1ccnc(N2C(=O)CC[C@H]2C(=O)N(c2cncc(F)c2)C(C(=O)NC2CC(F)(F)C2)c2ccccc2Cl)c1,582.97,4.32,119.3,1,6,7,1,0.1825,Cilofexor (GS-9674),FXR
T11758L,COc1cc([C@@H](CC(=O)O)c2ccc(C)c(CN3C[C@@H](C)Oc4ccccc4S3(=O)=O)c2)cc2nnn(C)c12,550.64,3.86,123.8,1,7,7,1,0.1825,Firsocostat (GS-0976),ACC
T11758,COc1cc([C@H](CC(=O)O)c2ccc(C)c(CN3C[C@@H](C)Oc4ccccc4S3(=O)=O)c2)cc2nnn(C)c12,550.64,3.86,123.8,1,7,7,1,0.1825,Firsocostat (GS-0976),ACC
T0212,CC1=C(C)C(=O)C(C(CCCCCC(=O)O)c2ccccc2)=C(C)C1=O,354.45,4.61,71.4,1,3,8,0,0.1818,Lanifibranor (IVA-337),PPAR-alpha/gamma/delta
T1645,CCOC(=O)[C@H](CCc1ccccc1)N[C@@H](C)C(=O)N1[C@H](C(=O)O)C[C@@H]2CCC[C@@H]21,416.52,2.38,95.9,2,5,9,0,0.1818,Firsocostat (GS-0976),ACC
T1904,Cc1cc(Nc2ccc(NC(=O)c3ccc(Nc4ccnc5ccccc45)cc3)cc2)nc(N)n1,461.53,5.65,117.8,4,7,6,1,0.1818,BI-1467335,AOC3/VAP-1
T1958,C[C@@H]1COCCN1c1cc(C2(S(C)(=O)=O)CC2)nc(-c2cccc3[nH]ccc23)n1,412.52,2.88,88.2,1,6,4,0,0.1818,Denifanstat (TVB-2640),FASN
T1986,CCOc1cc2c(c(F)c1OCC)C(=N)N(CC(=O)c1cc(N3CCOCC3)c(OC)c(C(C)(C)C)c1)C2,527.64,4.79,84.3,1,7,9,1,0.1818,Firsocostat (GS-0976),ACC
T2024,COc1cc(NC(=O)c2ccc(-c3ccc(Cl)cc3)o2)cc(OC)c1,357.79,4.87,60.7,1,4,5,0,0.1818,VK2809,THR-beta
T2310,Cc1cnc(-c2cnc(NCCNc3ccc(C#N)cn3)nc2-c2ccc(Cl)cc2Cl)[nH]1,465.35,4.94,115.2,3,7,7,0,0.1818,Denifanstat (TVB-2640),FASN
T2380,C/C(=C\C(=O)Nc1ccccc1C(=O)O)c1ccc2ccccc2c1,331.37,4.58,66.4,2,2,4,0,0.1818,BI-1467335,AOC3/VAP-1
T2491,C=CC(=O)Nc1cc(Nc2nccc(-c3c[nH]c4ccccc34)n2)c(OC)cc1N(C)CCN(C)C,485.59,4.5,98.4,3,7,10,0,0.1818,Firsocostat (GS-0976),ACC
T2510,Cc1cccc(-c2nn3c(c2-c2ccnc4ccc(C(N)=O)cc24)CCC3)n1,369.43,3.51,86.7,1,4,3,0,0.1818,Denifanstat (TVB-2640),FASN
T2633,CC1=C(C(=O)Nc2cc3cn[nH]c3cc2F)C(c2ccc(C(F)(F)F)cc2)CC(=O)N1,432.38,4.24,86.9,3,3,3,0,0.1818,Denifanstat (TVB-2640),FASN
T2664,Cc1c(Cc2ccc3ccccc3n2)c2cc(F)ccc2n1CC(=O)O,348.38,4.31,55.1,1,2,4,0,0.1818,Lanifibranor (IVA-337),PPAR-alpha/gamma/delta
T3101,CCOC(=O)c1c2c3c(cccc3[nH]c1=O)C(=O)c1ccccc1-2,319.32,2.92,76.2,1,4,2,0,0.1818,Firsocostat (GS-0976),ACC
T4462,O=C(Nc1c(Cl)c[n+]([O-])cc1Cl)c1ccc(OC(F)F)c(OCC2CC2)c1,419.21,4.27,74.5,1,4,7,0,0.1818,BI-1467335,AOC3/VAP-1
T6338,CCc1cccc(CC)c1NC(=O)N1Cc2[nH]nc(NC(=O)c3ccc(N4CCN(C)CC4)cc3)c2C1,501.64,4.09,96.6,3,5,6,1,0.1818,Denifanstat (TVB-2640),FASN
T6345,O=C(Cc1ccc(-c2ccc(OCCN3CCOCC3)cc2)cn1)NCc1ccccc1,431.54,3.32,63.7,1,5,9,0,0.1818,Firsocostat (GS-0976),ACC
T5468,CCOc1cccc(OCCN(C)C)c1C(=O)Nc1ccc(Cl)c(C(F)(F)F)c1,430.85,4.95,50.8,1,4,8,0,0.1818,BI-1467335,AOC3/VAP-1
T5835,COc1cc(/C=C(\C#N)C(=O)O)ccc1OCc1ccc(C(F)(F)F)cc1C(F)(F)F,445.31,5.3,79.5,1,4,6,1,0.1818,BI-1467335,AOC3/VAP-1
T7150,O=C(Nc1ccc(Cl)c(Cl)c1)Nc1ccc2nnsc2c1,339.21,4.64,66.9,2,4,2,0,0.1818,Lanifibranor (IVA-337),PPAR-alpha/gamma/delta
T7137,CC(C)(C)c1cc(-c2ccc(F)cc2)nn2cc(C(=O)N3CCNC(=O)C3(C)C)nc12,423.49,3.18,79.6,1,4,2,0,0.1818,Denifanstat (TVB-2640),FASN
T7136,CCCNC(=O)c1nnc2c(-c3cc(OC)ccc3OC)cccc2c1N,366.42,3.04,99.4,2,6,6,0,0.1818,BI-1467335,AOC3/VAP-1
T7699,CCCNC(=O)c1nnc2c(-c3c(F)cccc3OC)cccc2c1N,354.39,3.17,90.1,2,5,5,0,0.1818,BI-1467335,AOC3/VAP-1
T16154,COC(=O)C[C@@H]1N=C(c2ccc(Cl)cc2)c2c(sc(C)c2C)-n2c(C)nnc21,414.92,4.36,69.4,0,6,3,0,0.1818,Firsocostat (GS-0976),ACC
T22641,N#Cc1cccc(C(=O)Nc2cc(-c3ccccc3)nn2-c2ccccc2)c1,364.41,4.66,70.7,1,3,4,0,0.1818,Denifanstat (TVB-2640),FASN
T16130,COc1cc(N2CCC(O)CC2)ccc1Nc1nc(Nc2ccccc2S(=O)(=O)C(C)C)c2nc[nH]c2n1,537.65,3.99,145.4,4,10,8,1,0.1818,Firsocostat (GS-0976),ACC
T9009,O=C(Nc1ccc(Oc2ccccc2)cc1)c1cccc([N+](=O)[O-])c1,334.33,4.64,81.5,1,4,5,0,0.1818,BI-1467335,AOC3/VAP-1
T10566,CC1(C)Oc2ccc(C#N)cc2[C@H](N(Cc2ncc[nH]2)c2ccc(Cl)cc2)[C@H]1O,408.89,4.21,85.2,2,5,4,0,0.1818,Denifanstat (TVB-2640),FASN
T50072,NCCC(=O)N1CCC[C@@H](n2nc(-c3ccc(Oc4ccccc4)cc3)c3c(N)ncnc32)C1,457.54,3.38,125.2,2,7,6,0,0.1818,Cilofexor (GS-9674),FXR
T9317,C[C@H](NC(=O)Cn1nnc2ccccc2c1=O)c1ccc(OC(F)(F)F)cc1,392.34,2.57,86.1,1,5,5,0,0.1818,BI-1467335,AOC3/VAP-1
T16508,Cc1cc(-c2ccc3c(c2)CC[C@H]3N2CC3(CCN(C(=O)Cc4cn5cc(C)sc5n4)CC3)C2)ncn1,512.68,4.62,66.6,0,6,4,1,0.1818,Denifanstat (TVB-2640),FASN
T16695,O=S(=O)(NCC1CC1)c1ccc(Nc2nccc(N3CCCc4cc(O)ccc43)n2)cc1,451.55,3.7,107.5,3,7,7,0,0.1818,Cilofexor (GS-9674),FXR
T26195,O=C(c1ccc(Cl)c([N+](=O)[O-])c1)N1CCN(c2ccccc2F)CC1,363.78,3.35,66.7,0,4,3,0,0.1818,Denifanstat (TVB-2640),FASN
T5329,CCOC(=O)[C@H](CCc1ccccc1)N[C@@H](C)C(=O)N1[C@H](C(=O)O)C[C@H]2CCCC[C@@H]21,430.55,2.77,95.9,2,5,9,0,0.1818,Firsocostat (GS-0976),ACC
T9890,COc1ccc(C(NC(=O)CCc2ccccc2)c2ccc3cccnc3c2O)cc1,412.49,4.79,71.5,2,4,7,0,0.1818,Firsocostat (GS-0976),ACC
T10316,CCCCOC(=O)c1ccc(Oc2ccc3c(c2)COB3O)nc1,327.15,2.05,77.9,1,6,6,0,0.1818,BI-1467335,AOC3/VAP-1
T67736,Cc1ccc(C(=O)Nc2cccc(C(F)(F)F)c2)cc1Nc1cncc(C(N)=O)c1,414.39,4.5,97.1,3,4,5,0,0.1818,BI-1467335,AOC3/VAP-1
T33941,CC(C)(CCC(C(N)=O)(c1ccccc1)c1ccccc1)N1CC(Oc2cccc(O)c2)C1,444.58,4.49,75.8,2,4,9,0,0.1818,Cilofexor (GS-9674),FXR
T63788,Cc1c(NS(=O)(=O)c2c(Cl)cc(-c3ccnc(N4CCNCC4)c3)cc2Cl)c(CC(C)C)nn1C,537.52,4.51,92.1,2,6,7,1,0.1818,Cilofexor (GS-9674),FXR
T67964,Cc1c(-c2ccccc2)oc2c(C(=O)OC(C)(C)CN3CCCCC3)cccc2c1=O,419.52,5.19,59.8,0,5,5,1,0.1818,Firsocostat (GS-0976),ACC
T77579,COc1cc(/C=C/C(=O)c2ccc(OC)c(F)c2)ccc1O,302.3,3.44,55.8,1,4,5,0,0.1818,BI-1467335,AOC3/VAP-1
T63644,Cc1ccc(NC(=O)N2CC[C@@H](CC(F)(F)F)C2)cc1-c1cc(N[C@H](C)CO)nc(N2CCOCC2)c1,521.58,4.49,90.0,3,6,7,1,0.1818,Denifanstat (TVB-2640),FASN
T77586,O=C(N/N=C/c1ccc(F)cc1)c1ccc(Nc2ccnc3cc(Cl)ccc23)cc1,418.86,5.53,66.4,2,4,5,1,0.1818,BI-1467335,AOC3/VAP-1
T77522,O=C(NNS(=O)(=O)c1ccccc1)c1ccc2oc3ccccc3c2c1,366.4,3.21,88.4,2,4,4,0,0.1818,BI-1467335,AOC3/VAP-1
T60850,COc1ccc(C(=O)Nc2nnc(-c3ccco3)o2)c(Cl)c1,319.7,3.24,90.4,1,6,4,0,0.1818,Cilofexor (GS-9674),FXR
T61913,CCN1CCC(CC(NC(=O)c2ccc([N+](=O)[O-])cc2)c2ccc(F)cc2)CC1,399.47,4.33,75.5,1,4,7,0,0.1818,BI-1467335,AOC3/VAP-1
T79578,COc1ccc(Cl)cc1Nc1nc(-c2sc(NC(=O)C(C)(C)C)nc2C)cs1,436.99,5.97,76.1,2,7,5,1,0.1818,Firsocostat (GS-0976),ACC
T78093,COC(=O)c1c(N)sc(C(=O)Nc2ccc(F)cc2)c1C,308.33,2.82,81.4,2,5,3,0,0.1818,BI-1467335,AOC3/VAP-1
T13712,CN(C)c1ccc(NC(=O)NS(=O)(=O)c2ccc(Cl)cc2)cc1,353.83,2.92,78.5,2,4,4,0,0.1818,Lanifibranor (IVA-337),PPAR-alpha/gamma/delta
T81027,O=C(COc1ccc(NC(=O)c2cccc(F)c2)c2ccccc12)Nc1ccc(O)c(O)c1,446.43,4.66,107.9,4,5,6,0,0.1818,BI-1467335,AOC3/VAP-1
T40271,CCN(C[C@H](C)O)C(=O)Nc1ncc(Cc2cccc(F)c2)s1,337.42,3.11,65.5,2,4,6,0,0.1818,VK2809,THR-beta
T210459,O=C(NCc1cccnc1)c1ccc(COc2ccccc2Cl)o1,342.78,3.84,64.4,1,4,6,0,0.1818,Cilofexor (GS-9674),FXR
T1921,Cc1nc(NC(=O)N2CCC[C@H]2C(N)=O)sc1-c1ccnc(C(C)(C)C(F)(F)F)c1,441.48,3.84,101.2,2,5,4,0,0.1810,Firsocostat (GS-0976),ACC
T3053,COc1cc(N2CCOCC2)ccc1Nc1ncc(F)c(Nc2ccccc2NS(C)(=O)=O)n1,488.55,3.32,117.7,3,9,8,0,0.1810,Firsocostat (GS-0976),ACC
T6248,CC[C@@H](C)Nc1cc(C(=O)N[C@H]2C[C@H]3CC[C@@H](C2)N3c2ccc(C(=O)C3CC3)cn2)c(C)cc1C(N)=O,503.65,4.22,117.4,3,6,9,1,0.1810,Denifanstat (TVB-2640),FASN
T6291,CCC(=O)Nc1cccc(Oc2nc(Nc3ccc(N4CCN(C)CC4)cc3OC)ncc2Cl)c1,497.0,4.77,91.8,2,8,8,0,0.1810,Cilofexor (GS-9674),FXR
T6487,COC(=O)N[C@@H](C)CNc1nccc(-c2cn(C(C)C)nc2-c2cc(Cl)cc(NS(C)(=O)=O)c2F)n1,540.02,3.91,140.1,3,8,9,1,0.1810,Lanifibranor (IVA-337),PPAR-alpha/gamma/delta
T5337,Cc1nc(-c2nc(-c3ccc(OC(F)(F)F)cc3)no2)nn1Cc1cccc(N2CCC(S(C)(=O)=O)CC2)c1,562.57,4.26,116.2,0,9,7,1,0.1810,Cilofexor (GS-9674),FXR
T7149,COc1ccc2c(n1)c(CCNC(=O)c1ccco1)c1n2Cc2cccnc2-1,374.4,3.03,82.2,1,5,5,0,0.1810,Firsocostat (GS-0976),ACC
T8495,Cc1noc(C)c1-c1cc(C(O)(c2ccccn2)c2ccccn2)c2nc(C3CC3)[nH]c2c1,437.5,4.79,100.7,2,6,5,0,0.1810,Cilofexor (GS-9674),FXR
TQ0108,CC(C)(Cc1nc(-c2ccc(O)cn2)no1)C(=O)NC1=C(C(=O)O)CCCC1,386.41,2.43,138.4,3,7,6,0,0.1810,Cilofexor (GS-9674),FXR
T12171,CCOc1nc2ccccc2n1Cc1ccc(NC(=O)N2CC(c3cccnc3)C2)cc1,427.51,4.51,72.3,1,4,6,0,0.1810,Firsocostat (GS-0976),ACC
T50082,COc1cc(C(=O)NCC2(N(C)C)CCCC2)cc(OC)c1OCc1ccccc1,412.53,3.89,60.0,1,5,9,0,0.1810,Firsocostat (GS-0976),ACC
T16343,C#Cc1cccc(Nc2ncnc3cc(OC)c(OCCCN4CCOCC4)cc23)c1,418.5,3.46,68.7,1,7,8,0,0.1810,Firsocostat (GS-0976),ACC
T21457,CCNC(=O)OC1CCN(c2nncc3cc(OC)c(OC)cc23)CC1,360.41,2.36,85.8,1,7,5,0,0.1810,Firsocostat (GS-0976),ACC
T39789,COc1cc(F)c(C2CNC(=O)C2NC(=O)Nc2ccccc2)c(F)c1,361.35,2.38,79.5,3,3,4,0,0.1810,Firsocostat (GS-0976),ACC
T10917,CS(=O)(=O)NC(=O)C(c1ccc(OCc2ccc3ccccc3n2)cc1)C1CCCCCC1,466.6,4.94,85.4,1,5,7,0,0.1810,Cilofexor (GS-9674),FXR
T88838,C=CC(=O)N1CCOC[C@H]1c1cc(Cl)cc(-c2nccc(N)n2)c1,344.8,2.47,81.3,1,5,3,0,0.1810,Cilofexor (GS-9674),FXR
T205924,C[C@H]1Cn2ncc(C(=O)Nc3cccc(C#N)c3)c2C(=O)N1c1ccc(C(F)(F)c2ccccc2)cc1,497.51,5.2,91.0,1,4,5,1,0.1810,Denifanstat (TVB-2640),FASN
T18641,C#CCOc1cccc(Cc2cnc(NC(=O)CSc3nc(C)cc(C)n3)s2)c1,424.55,3.88,77.0,1,7,8,0,0.1810,VK2809,THR-beta
T6015,Cn1nc(C(C)(C)C)cc1C(=O)N[C@@H](Cc1cccc(Cl)c1)C(=O)NCC#N,401.9,2.35,99.8,2,4,6,0,0.1809,Lanifibranor (IVA-337),PPAR-alpha/gamma/delta
T6901,Cc1cc(C(N)=O)ccc1-n1c(CCC(=O)O)ccc1-c1ccc(-n2ccnc2)cc1,414.47,3.75,103.1,2,3,7,0,0.1809,Lanifibranor (IVA-337),PPAR-alpha/gamma/delta
T6937,Nc1ncnc2c1C(=O)N(c1ccc([C@H]3CC[C@H](CC(=O)O)CC3)cc1)CCO2,396.45,2.85,118.6,2,6,4,0,0.1809,Denifanstat (TVB-2640),FASN
T4681,CC1(C)Oc2ncnc(N)c2N=C1c1ccc([C@H]2CC[C@H](CC(=O)O)CC2)cc1,394.48,4.1,110.7,2,6,4,0,0.1809,Denifanstat (TVB-2640),FASN
T8828,CC(C)c1cc(Cl)cc(C(C)C)c1NC(=O)NS(=O)(=O)c1cccc(C(C)(C)O)c1,453.0,5.32,95.5,3,4,6,1,0.1809,VK2809,THR-beta
TN2309,[H][C@@]12CC[C@H]([C@@](C)(O)[C@@]3([H])CC(C)=C(C)C(=O)O3)[C@@]1(C)CC[C@]1([H])[C@@]3(C)C(=O)C=CC[C@]3(O)[C@H]3O[C@H]3[C@@]21[H],470.61,3.5,96.4,2,6,2,0,0.1809,Obeticholic acid (OCA),FXR
T15191,COc1cc(/C=C2\SC(=O)NC2=O)ccc1Oc1ccc(C#N)cc1C(F)(F)F,420.37,4.7,88.4,1,6,4,0,0.1809,Denifanstat (TVB-2640),FASN
TN1325,CC(C)=CCc1c(O)cc2c(c1O)C(=O)C[C@@H](c1ccc(O)cc1)O2,340.38,4.02,87.0,3,5,3,0,0.1809,VK2809,THR-beta
T12585,Cc1c(-c2cccc(S(=O)(=O)N(C)C)c2)c2ncccc2n1C/C(F)=C/CN,402.5,3.07,81.2,1,4,6,0,0.1809,Lanifibranor (IVA-337),PPAR-alpha/gamma/delta
T39965,O=C(O)c1cccc(-c2csc(Nc3ccccc3F)n2)c1,314.34,4.39,62.2,2,4,4,0,0.1809,Cilofexor (GS-9674),FXR
T34709,CN1CCN(c2cc(NCc3c(Cl)cccc3Cl)nc(N)n2)CC1,367.28,2.73,70.3,2,6,4,0,0.1809,Cilofexor (GS-9674),FXR
TN6508,COc1cc(C[C@@]2(O)C(=O)OC[C@@H]2Cc2ccc(OC)c(OC)c2)ccc1O,388.42,2.11,94.5,2,7,7,0,0.1809,VK2809,THR-beta
T77634,COc1ccc(-c2c(C#N)c(C(=O)NN3CCCCC3)nn2-c2ccc(Cl)cc2Cl)cc1,470.36,4.86,83.2,1,5,5,0,0.1809,Resmetirom,THR-beta
T77708,Cc1sc2ncnc(OCC(=O)Nc3cccc(C#N)c3)c2c1C,338.39,3.2,87.9,1,6,4,0,0.1809,Denifanstat (TVB-2640),FASN
T70980,[H][C@@]12CCc3cc(CCBr)ccc3[C@@]1([H])CC[C@]1(C)[C@@H](O)[C@@H](Cc3cccc(C(N)=O)c3)C[C@@]21[H],496.49,5.41,63.3,2,2,5,1,0.1809,Obeticholic acid (OCA),FXR
T19788,NS(=O)(=O)c1cc(C(=O)O)cc(N2CCCC2)c1Oc1ccccc1,362.41,2.42,109.9,2,5,5,0,0.1809,Cilofexor (GS-9674),FXR
T0948L,C[C@]12C[C@H](O)[C@H]3[C@@H](CCC4=CC(=O)CC[C@@]43C)[C@@H]1CC[C@@H]2C(=O)CO,346.47,2.67,74.6,2,4,2,0,0.1807,Obeticholic acid (OCA),FXR
T0977,[H][C@@]12C[C@H](C)C3=CC(=O)CC[C@]3(C)[C@@]1([H])[C@@H](O)C[C@]1(C)[C@@H](C(C)=O)CC[C@@]21[H],344.5,3.94,54.4,1,3,1,0,0.1807,Obeticholic acid (OCA),FXR
T6264,COc1ccccc1Oc1c(NS(=O)(=O)c2ccc(C(C)(C)C)cc2)nc(-c2ncccn2)nc1OCCO,551.63,4.2,145.6,2,10,10,1,0.1807,BI-1467335,AOC3/VAP-1
T3S1089,COc1cc([C@H]2OC[C@H]3[C@@H]2CO[C@H]3c2ccc(OC)c(OC)c2)ccc1O,372.42,3.49,66.4,1,6,5,0,0.1807,VK2809,THR-beta
T5966,CCCCC(O)(Cn1cncn1)c1ccc(Cl)cc1Cl,314.22,3.66,50.9,1,3,6,0,0.1807,Lanifibranor (IVA-337),PPAR-alpha/gamma/delta
TQ0025,C[C@H](NC(=O)c1c(C(F)F)nn(C)c1Oc1cccc(C(F)(F)F)c1)c1ccc(C(=O)O)cc1,483.39,5.36,93.5,2,4,7,1,0.1807,BI-1467335,AOC3/VAP-1
T21965,Clc1ccc2ncnc(NCc3ccc4c(c3)OCO4)c2c1,313.74,3.62,56.3,1,5,3,0,0.1807,Lanifibranor (IVA-337),PPAR-alpha/gamma/delta
T9705,C=CC(=O)N1CCC(F)(CNc2ncnc(N)c2-c2ccc(Oc3ccccc3)cc2)CC1,447.51,4.45,93.4,2,6,7,0,0.1807,BI-1467335,AOC3/VAP-1
T64331,O=C(O)[C@@H]1CCCN1C(=O)OCC1c2ccccc2-c2ccccc21,337.37,3.48,66.8,1,3,3,0,0.1807,Denifanstat (TVB-2640),FASN
T10961,CN1CCN(C(=O)/C=C2/c3ccccc3NC(=O)c3ccccc32)CC1,347.42,2.46,52.7,1,3,1,0,0.1807,Denifanstat (TVB-2640),FASN
T9658,CNC(=O)c1cc(Oc2ccc(NC(=N)Nc3ccc(Cl)c(C(F)(F)F)c3)nc2)ccn1,464.84,4.76,112.0,4,5,5,0,0.1807,BI-1467335,AOC3/VAP-1
T12536,[H][C@@]12CC=C3C[C@@H](OS(=O)(=O)O)CC[C@]3(C)[C@@]1([H])CC[C@]1(C)[C@@H](C(C)=O)CC[C@@]21[H],396.55,4.34,80.7,1,4,3,0,0.1807,Obeticholic acid (OCA),FXR
T83640,c1cc(-c2ccc3nccc(Nc4ccc5scnc5c4)c3c2)ccn1,354.44,5.65,50.7,1,5,3,1,0.1807,Lanifibranor (IVA-337),PPAR-alpha/gamma/delta
T26103,COc1cc(-c2n[nH]c3ccc(C=C(C#N)C(=O)NC(C)(C)CO)cc23)cc(OC)c1OC,450.5,3.05,129.5,3,7,8,0,0.1807,BI-1467335,AOC3/VAP-1
T1439,CCOC(=O)C1=C(C)NC(C)=C(C(=O)OCC)C1c1ccccc1/C=C/C(=O)OC(C)(C)C,455.55,4.4,90.9,1,7,7,0,0.1806,BI-1467335,AOC3/VAP-1
T2601,COc1cccc(-c2ccc(NC(=O)C3=C(C(=O)O)CCC3)c(F)c2)c1,355.37,4.0,75.6,2,3,5,0,0.1806,BI-1467335,AOC3/VAP-1
T4445,CCc1nn(C)c(C(=O)NCc2ccc(Oc3ccc(C)cc3)cc2)c1Cl,383.88,4.67,56.2,1,3,6,0,0.1806,BI-1467335,AOC3/VAP-1
T4679,O=C(NNS(=O)(=O)c1ccccc1F)c1cc(F)cc(-c2ccccn2)c1,389.38,2.65,88.2,2,4,5,0,0.1806,BI-1467335,AOC3/VAP-1
T10384,COc1cccc(-c2cc(F)c(Nc3ncccc3C(=O)O)c(F)c2)c1,356.33,4.48,71.5,2,4,5,0,0.1806,BI-1467335,AOC3/VAP-1
T9137,O=C(Nc1ccc(O)c(NS(=O)(=O)c2ccc(F)cc2)c1)c1ccc(-c2ccccc2)cc1,462.5,5.25,95.5,3,4,6,1,0.1806,BI-1467335,AOC3/VAP-1
T23154,COc1ccc(C(=O)Nc2c(Cl)cncc2Cl)cc1OC1CCCC1,381.26,4.97,60.5,1,4,5,0,0.1806,BI-1467335,AOC3/VAP-1
T26745,O=C(O)[C@@H](Cc1ccccc1)Nc1cc(-c2ccc(OCc3ccccc3)cc2)ncn1,425.49,4.83,84.3,2,5,9,0,0.1806,BI-1467335,AOC3/VAP-1
T62204,O=C(NCc1ccccc1)c1ccc2oc(=O)c(S(=O)(=O)c3ccccc3)cc2c1,419.46,3.56,93.4,1,5,5,0,0.1806,BI-1467335,AOC3/VAP-1
T26631L,CCN(CC)CCC(=NOC(=O)Nc1ccc(OC)cc1)c1ccccc1,369.47,4.38,63.2,1,5,9,0,0.1806,BI-1467335,AOC3/VAP-1
T16802,COc1c(OC)c(OC(C)=O)c2cc(Cl)ccc2c1OC(C)=O,338.74,3.36,71.1,0,6,4,0,0.1806,Lanifibranor (IVA-337),PPAR-alpha/gamma/delta
T68410,CC(CC(=O)OC(C)(C)C)NC(=O)C1=NOC(C(O)(C(F)(F)F)C(F)(F)F)C1,422.32,2.22,97.2,2,6,5,0,0.1806,BI-1467335,AOC3/VAP-1
T3757,CC(=O)c1ccc(NC2=C(Cl)C(=O)c3ccccc3C2=O)cc1,325.75,3.83,63.2,1,4,3,0,0.1803,BI-1467335,AOC3/VAP-1
T6414,CC(=O)Oc1ccc(C(c2ccc(OC(C)=O)cc2)c2ccccn2)cc1,361.4,4.11,65.5,0,5,5,0,0.1803,BI-1467335,AOC3/VAP-1
T2043,Cc1ccccc1C(C(=O)NC1CCCCC1)N(C(=O)Cn1cnc2ccccc21)c1cccc(F)c1,498.6,5.71,67.2,1,3,7,1,0.1802,VK2809,THR-beta
T2123,c1ccc(-c2nn3c(c2-c2ccnc4cc(OCCN5CCOCC5)ccc24)CCC3)nc1,441.54,3.82,65.3,0,6,6,0,0.1802,Cilofexor (GS-9674),FXR
T3146,COc1nc(OCc2cccc(-c3ccccc3)c2C)ccc1CNCCNC(C)=O,419.53,3.87,72.5,2,5,10,0,0.1802,Firsocostat (GS-0976),ACC
T3351,CO[C@H]1CC[C@H](N2C(=O)CNc3ncc(-c4ccc(C(C)(C)O)nc4)nc32)CC1,397.48,2.48,100.5,2,7,4,0,0.1802,Firsocostat (GS-0976),ACC
T4521,COc1ccc(C(=O)NC2(C(=O)O)Cc3ccccc3C2)cc1OCCc1cccc(C)c1,445.52,3.98,84.9,2,4,8,0,0.1802,Firsocostat (GS-0976),ACC
T12468,COc1ccc(-c2sc(NC(=O)C(C)(C)C)nc2C)cc1S(=O)(=O)Nc1ccc(O)cc1,475.59,4.62,117.6,3,7,6,0,0.1802,Firsocostat (GS-0976),ACC
T11451,CCC(C)(C)C(=O)C(=O)N1CCC[C@H]1C(=O)OCCCc1cccnc1,360.45,2.55,76.6,0,5,8,0,0.1802,Firsocostat (GS-0976),ACC
TQ0062,CC(C)(C)C(=O)CN1C(=O)[C@H](NC(=O)Nc2cccc(C(=O)O)c2)CN(C2CCCCC2)c2ccccc21,520.63,4.68,119.0,3,5,6,1,0.1802,Cilofexor (GS-9674),FXR
T10929L,COc1ccc2c(c1)n(CCN)c(=O)n2C(=O)[C@@H]1C[C@H](C)CC[C@H]1C(C)C,373.5,3.12,79.3,1,4,5,0,0.1802,Firsocostat (GS-0976),ACC
T60152,COc1cc(F)ccc1-c1ccnc(NC(=O)[C@H]2CCC[C@@H](NC(C)=O)C2)c1,385.44,3.53,80.3,2,4,5,0,0.1802,Firsocostat (GS-0976),ACC
T22397,Cc1ccc(-n2nc(C(C)(C)C)cc2NC(=O)Nc2cc(COc3cccnc3)n[nH]2)cc1,445.53,4.82,109.8,3,5,6,0,0.1802,Cilofexor (GS-9674),FXR
T0157,CC(=O)OCC(=O)NCCCOc1cccc(CN2CCCCC2)c1,348.44,2.12,67.9,1,5,9,0,0.1800,Cilofexor (GS-9674),FXR
T4097,CCCc1nc(C)c2c(=O)[nH]c(-c3cc(S(=O)(=O)N4CCN(CC)CC4)ccc3OCC)nn12,488.61,2.07,112.9,1,7,8,0,0.1800,Lanifibranor (IVA-337),PPAR-alpha/gamma/delta
T7343,Cc1ccc(-c2ccc3ncc4c(c3n2)n(C2CCN(C(=O)[C@H](C)O)CC2)c(=O)n4C)cn1,446.51,2.2,106.1,1,6,3,0,0.1800,Denifanstat (TVB-2640),FASN
T8919,CCCc1nn(C)c2c(=O)[nH]c(-c3cc(S(=O)(=O)N4CCN(CC)CC4)ccc3OCC)nc12,488.61,2.0,113.4,1,7,8,0,0.1800,Lanifibranor (IVA-337),PPAR-alpha/gamma/delta
T27704,CC(=O)c1cccc(-c2cnc3ccc(NCC4CC4)nn23)c1,306.37,3.42,59.3,1,4,5,0,0.1800,Cilofexor (GS-9674),FXR
T28934,COC(=O)N1CCC(CN2CCC(CNC(=O)c3cccc4nc(C(C)C)[nH]c34)CC2)CC1,455.6,3.61,90.6,2,5,6,0,0.1800,Denifanstat (TVB-2640),FASN
T13393,Cc1noc(C)c1-c1cc(N)c2ncn(Cc3ccc(C4CO4)cc3)c2c1,360.42,4.01,82.4,1,5,4,0,0.1800,VK2809,THR-beta
T11724,O=C(c1ccc2c(ccn2-c2ccc(F)cc2)c1)N1CC(N2CCN(C(=O)c3nccs3)CC2)C1,489.58,3.51,61.7,0,5,4,0,0.1800,Denifanstat (TVB-2640),FASN
T88594,CCN1CCCCC1C(C)Oc1ccc2c(c1)CN(C1CCC(=O)NC1=O)C2=O,399.49,2.09,79.0,1,5,5,0,0.1800,Denifanstat (TVB-2640),FASN
T0082,O=c1[nH]c2ccccc2n1CCCN1CCC(n2c(=O)[nH]c3cc(Cl)ccc32)CC1,425.92,3.35,78.8,2,3,5,0,0.1798,Lanifibranor (IVA-337),PPAR-alpha/gamma/delta
T2050,N#Cc1cccc(-c2c[nH]c3ncnc(N4CCOCC4)c23)c1,305.34,2.33,77.8,1,5,2,0,0.1798,Denifanstat (TVB-2640),FASN
T3542,CCN(CC)C(=O)Cc1csc(NS(=O)(=O)c2cccc(Cl)c2C)n1,401.94,3.32,79.4,1,5,7,0,0.1798,Lanifibranor (IVA-337),PPAR-alpha/gamma/delta
T6445,COc1ccc([C@]2(C#N)CC[C@@H](C(=O)O)CC2)cc1OC1CCCC1,343.42,4.05,79.5,1,4,5,0,0.1798,Denifanstat (TVB-2640),FASN
T4654,CNC(=NS(=O)(=O)c1ccc(Cl)cc1)N1CC(c2ccccc2)C(c2ccc(Cl)cc2)=N1,487.41,4.76,74.1,1,3,4,0,0.1798,Lanifibranor (IVA-337),PPAR-alpha/gamma/delta
T5185,CC(C)c1ccc(CC(=O)N2CCN(c3ccc(C#N)nn3)CC2)cc1,349.44,2.36,73.1,0,5,4,0,0.1798,Denifanstat (TVB-2640),FASN
T8937,O=C(c1cccnc1-c1ccncc1)N1CCC(O)(Cc2ccccc2)CC1,373.46,3.35,66.3,1,4,4,0,0.1798,Denifanstat (TVB-2640),FASN
T26193,O=C(CSc1nc2ccc(NC(=O)CCl)cc2s1)NCc1ccccc1,405.93,3.88,71.1,2,5,7,0,0.1798,Lanifibranor (IVA-337),PPAR-alpha/gamma/delta
T23439,CC(=O)Nc1cccc(Nc2ncnc(N3CCC(OCc4ccc(OC(F)(F)F)cc4)CC3)n2)c1C,516.52,4.97,101.5,2,8,8,1,0.1798,BI-1467335,AOC3/VAP-1
T39085,CC(C)n1c(C2CCNCC2)nc2c([N+](=O)[O-])c(Br)c(Br)cc21,446.14,4.52,73.0,1,4,3,0,0.1798,Denifanstat (TVB-2640),FASN
T2334,COc1ccc(CNc2nc(N3CCC[C@H]3CO)ncc2C(=O)NCc2ncccn2)cc1Cl,483.96,2.43,125.4,3,9,9,0,0.1795,Cilofexor (GS-9674),FXR
T3430,O=C(NCC(=O)N1CC[C@H](N[C@H]2CC[C@@](O)(c3ccc(-c4ncccn4)cn3)CC2)C1)c1cccc(C(F)(F)F)c1,568.6,3.31,120.3,3,7,7,1,0.1795,Cilofexor (GS-9674),FXR
T6796,Cc1cc2c(C(N)=O)cccc2n1-c1nc2c(c(NCc3ccccc3)n1)COCC2,413.48,3.51,95.1,2,5,5,0,0.1795,Firsocostat (GS-0976),ACC
T4957,[H][C@@]12CCc3cc(C(C)C)c(O)c(O)c3[C@@]1(C(=O)O)CCCC2(C)C,332.44,4.32,77.8,3,3,2,0,0.1795,Obeticholic acid (OCA),FXR
T5481,COc1ccc([N+](=O)[O-])c(S(=O)(=O)c2ccc(Cl)cc2)n1,328.73,2.48,99.4,0,6,4,0,0.1795,Lanifibranor (IVA-337),PPAR-alpha/gamma/delta
T8371,CC(C)(C)NC(=O)[C@@H](c1cccnc1)N(C(=O)c1ccco1)c1ccc(C(C)(C)C)cc1,433.55,5.27,75.4,1,4,5,1,0.1795,BI-1467335,AOC3/VAP-1
T8579,O=C(NCc1cccnc1OCC(F)(F)F)c1cncc(-c2ccc(Cl)cc2)c1,421.81,4.67,64.1,1,4,6,0,0.1795,BI-1467335,AOC3/VAP-1
T9767,Cc1nc(-c2ccc(C(F)(F)F)cc2)sc1C(=O)NCCS(=O)(=O)c1ccc(C(F)(F)F)cn1,523.48,4.75,89.0,1,6,6,1,0.1795,BI-1467335,AOC3/VAP-1
T9653,C[C@@H](Cn1c(=O)nc(Nc2ccc(Oc3ccccn3)cc2)n(Cc2ccc(Cl)cc2)c1=O)C(=O)O,507.93,3.76,128.3,2,7,9,1,0.1795,Firsocostat (GS-0976),ACC
T63507,COCc1nn(Cc2ccc(Cn3cc(F)ccc3=O)cc2)cc1C(=O)NCc1nccc(OC)c1F,509.51,2.9,100.3,1,6,10,1,0.1795,Firsocostat (GS-0976),ACC
T1800,O=C(NC1CCOCC1)c1ccc(-c2cc(-c3cn[nH]c3-c3ccccn3)ccn2)cc1,425.49,4.11,92.8,2,5,5,0,0.1792,Cilofexor (GS-9674),FXR
T2054,O=C(Nc1cc(Oc2cc(F)c(NC(=O)C3(C(=O)Nc4ccc(F)cc4)CC3)cc2F)ccn1)C1CC1,510.47,5.0,109.4,3,5,8,1,0.1792,Cilofexor (GS-9674),FXR
T2609,Cc1ccc(NC(=O)c2ccc(CN3CCN(C)CC3)cc2)cc1Nc1nc(-c2cccnc2)cs1,498.66,5.26,73.4,2,7,7,1,0.1792,Denifanstat (TVB-2640),FASN
T3100,CCOC(=O)CCNc1cc(N2CCc3ccccc3CC2)nc(-c2ccccn2)n1,417.51,3.51,80.2,1,7,7,0,0.1792,Cilofexor (GS-9674),FXR
T6166,CNC(=O)c1cc(COc2nnc(Nc3ccc(Cl)cc3)c3ccoc23)ccn1,409.83,3.95,102.2,2,7,6,0,0.1792,Cilofexor (GS-9674),FXR
T3S1955,CCc1c2c(nc3ccccc13)-c1cc3c(c(=O)n1C2)COC(=O)[C@]3(O)CC,376.41,2.64,81.4,1,5,2,0,0.1792,Cilofexor (GS-9674),FXR
T5091,CN(C)C(=O)/C(C#N)=C/c1ccc(-c2nc3cnc4[nH]ccc4c3n2C2CCCCC2)o1,428.5,4.67,103.7,1,5,4,0,0.1792,Denifanstat (TVB-2640),FASN
T8408,Cc1c2c(=O)n(-c3ccccc3Cl)[nH]c2cc(=O)n1Cc1ccccn1,366.81,2.89,72.7,1,3,3,0,0.1792,Firsocostat (GS-0976),ACC
T11897,CCOC(=O)[C@@H](N)Cc1ccc(-c2cc(O[C@H](c3ccc(Cl)cc3-n3ccc(C)n3)C(F)(F)F)nc(N)n2)cc1,574.99,4.99,131.2,2,8,9,1,0.1792,Lanifibranor (IVA-337),PPAR-alpha/gamma/delta
T20155,Cc1c(OCC(F)(F)F)ccnc1CS(=O)(=O)c1nc2ccccc2[nH]1,385.37,3.18,84.9,1,5,5,0,0.1792,Firsocostat (GS-0976),ACC
T3515,O=C(NCCN1CCOCC1)Nc1ccc(C(=O)C=Cc2cccc(N3CCOCC3)n2)cc1,465.55,2.27,96.0,2,7,8,0,0.1792,Cilofexor (GS-9674),FXR
T11641,Cc1ccc(NC(=O)c2ccc(CN3CCNCC3)cc2)cc1Nc1nccc(-c2cccnc2)n1,479.59,4.25,95.1,3,7,7,0,0.1792,Denifanstat (TVB-2640),FASN
TN1781,C=C(C)C(CC=C(C)C)Cc1c(O)cc(O)c2c1OC(c1ccc(O)cc1OC)CC2=O,438.52,5.61,96.2,3,6,7,1,0.1792,VK2809,THR-beta
TN1856,C=C(C)[C@H](CC=C(C)C)Cc1c(O)cc(O)c2c1O[C@H](c1ccc(O)cc1OC)CC2=O,438.52,5.61,96.2,3,6,7,1,0.1792,VK2809,THR-beta
T9565,O=C(N[C@@H]1CCCC[C@H]1O)c1cnc(OCC(F)(F)F)c(-c2ccc(Cl)c(Cl)c2)c1,463.28,5.03,71.4,2,4,5,1,0.1792,Cilofexor (GS-9674),FXR
T36404L,CCOc1ccccc1-n1c(CN2CCNCC2)nc2ccccc2c1=O,364.45,2.19,59.4,1,5,5,0,0.1792,Firsocostat (GS-0976),ACC
T37075,Cc1c(Br)cn(Cc2ccc(F)cc2)c(=O)c1NC(=O)C1CCCCCC1,435.34,5.02,51.1,1,2,4,1,0.1792,Firsocostat (GS-0976),ACC
T63228,CC1CN(C(=O)c2cc(Cc3n[nH]c(=O)c4ccccc34)ccc2F)Cc2nnc(C(F)(F)F)n21,486.43,3.48,96.8,1,5,3,0,0.1792,Denifanstat (TVB-2640),FASN
T40481,Cc1ccc(-n2cnc(N=CN3CCOCC3)c2C(=O)c2ccccc2)cc1,374.44,3.4,59.7,0,4,5,0,0.1792,Firsocostat (GS-0976),ACC
T4362,Cc1cc(-c2ccccc2)cc(C(=O)NNS(=O)(=O)c2ccccc2)c1F,384.43,3.42,75.3,2,3,5,0,0.1791,BI-1467335,AOC3/VAP-1
T7082,COc1ccc(/C=C/C(=O)NO)c(-c2ccc(-c3ccccc3)cc2)c1,345.4,4.55,58.6,2,3,5,0,0.1791,BI-1467335,AOC3/VAP-1
T6144,N=C(N)SCCc1ccc(OCc2ccc([N+](=O)[O-])cc2)cc1,331.4,3.34,102.2,2,5,7,0,0.1791,BI-1467335,AOC3/VAP-1
T4626L,COc1cc(OC)cc(C(=O)NNC(=O)Nc2cccc3ccccc23)c1,365.39,3.32,88.7,3,4,4,0,0.1791,BI-1467335,AOC3/VAP-1
T73506,CCCCCCOc1ccnc(NC(P(=O)(O)O)P(=O)(O)O)c1,368.26,2.09,149.2,5,5,10,0,0.1791,BI-1467335,AOC3/VAP-1
T16866,COC(=O)c1cc(CCc2cc(OC)ccc2OC)ccc1O,316.35,2.98,65.0,1,5,6,0,0.1791,BI-1467335,AOC3/VAP-1
T39235,Cc1ccc(S(=O)(=O)OCCCCNC(=O)OC(C)(C)C)cc1,343.44,3.01,81.7,1,5,7,0,0.1791,BI-1467335,AOC3/VAP-1
T3520,O=C(O)Cn1c2c(c3cc(F)ccc31)CN(C(=O)c1cccc3ccccc13)CC2,402.43,4.22,62.5,1,2,3,0,0.1789,Denifanstat (TVB-2640),FASN
T4427,O=C(O)c1c[nH]c2cc(Cl)c(-c3ccc(C4(O)CCC4)cc3)cc12,341.79,4.56,73.3,3,2,3,0,0.1789,Cilofexor (GS-9674),FXR
T5392,O=C(O)CNC(=O)C1=C(O)CCN(Cc2ccc(Oc3ccc(Cl)cc3)nc2)C1=O,431.83,2.27,129.1,3,6,7,0,0.1789,Lanifibranor (IVA-337),PPAR-alpha/gamma/delta
T7397,N#Cc1cc(N2CCC(C(=O)N3N=CC[C@H]3c3cc(F)cc(F)c3)CC2)ncn1,396.4,2.8,85.5,0,6,3,0,0.1789,Denifanstat (TVB-2640),FASN
T17158,O=C(NC12CC3CC(CC(C3)C1)C2)N[C@H]1CC[C@H](Oc2ccc(C(=O)O)cc2)CC1,412.53,4.34,87.7,3,3,5,0,0.1789,Cilofexor (GS-9674),FXR
TQ0292,CCc1nc2c(C)nc(C)cc2n1-c1ccc(CCNC(=O)NS(=O)(=O)c2ccc(C)cc2)cc1,491.62,4.14,106.0,2,5,7,0,0.1789,Lanifibranor (IVA-337),PPAR-alpha/gamma/delta
T64338,Cc1cc(Nc2cc(N3CCN(C)CC3)nc(Nc3ccc([N+](=O)[O-])cc3)n2)n[nH]1,409.45,2.66,128.1,3,9,6,0,0.1789,Denifanstat (TVB-2640),FASN
T9592,C[C@H]1CN(C2CCN(c3nc(N)n[nH]3)CC2)[C@@H](Cc2ccc(Cl)cc2)CO1,390.92,2.34,83.3,2,6,4,0,0.1789,Denifanstat (TVB-2640),FASN
T29522,CC(C)(C)c1ccc2c(c1)CC[C@H]2NC(=O)Nc1cccc2[nH]ncc12,348.45,4.67,69.8,3,2,2,0,0.1789,Denifanstat (TVB-2640),FASN
T16922,Cc1cccn2c(=O)c3cc(C(=O)NCCCN4CCOCC4)c(=N)n(CCc4ccccc4)c3nc12,500.6,2.13,104.7,2,6,8,1,0.1789,Firsocostat (GS-0976),ACC
T26630,COc1ccccc1C=NNC(=O)COc1ccc(Cl)cc1C,332.79,3.19,59.9,1,4,6,0,0.1789,VK2809,THR-beta
T29522L,CC(C)(C)c1ccc2c(c1)CC[C@@H]2NC(=O)Nc1cccc2[nH]ncc12,348.45,4.67,69.8,3,2,2,0,0.1789,Denifanstat (TVB-2640),FASN
T23203,CCCn1c(=O)[nH]c2nc(-c3ccc(S(=O)(=O)N4CCN(c5ccc(Cl)cc5)CC4)cc3)[nH]c2c1=O,529.02,2.65,124.2,2,6,6,1,0.1789,Lanifibranor (IVA-337),PPAR-alpha/gamma/delta
T67760,CC(=O)Nc1ncc(CN2CCC[C@H](Cc3cc(C)nc(C)c3)C2)s1,358.51,3.57,58.1,1,5,5,0,0.1789,Denifanstat (TVB-2640),FASN
T77342,N#Cc1ccc(Nc2nccc(C(=O)Nc3cnccc3-c3ccc(F)cc3)n2)cc1,410.41,4.55,103.6,2,6,5,0,0.1789,Denifanstat (TVB-2640),FASN
T73384,COc1cc(-c2cnc3cc(OCCN4CCOCC4)ccn23)cc2c1C(=O)N(CC(F)(F)F)CC2,504.51,3.28,68.5,0,6,7,1,0.1789,Firsocostat (GS-0976),ACC
T77655,O=C(Nc1ccc(CO)cc1)c1[nH]c2ccc(Cl)cc2c1Cc1ccccc1,390.87,5.16,65.1,3,2,5,1,0.1789,VK2809,THR-beta
T88834,CNS(=O)(=O)c1cccc(C(=O)N/N=C(\C)c2cc(Cl)ccc2O)c1,381.84,2.11,107.9,3,5,5,0,0.1789,VK2809,THR-beta
T61485,CCCc1cc(=O)nc(SCC(=O)c2ccc3c(c2)CCCC(=O)N3)[nH]1,371.46,2.97,91.9,2,5,6,0,0.1789,Denifanstat (TVB-2640),FASN
T9764,N#CCc1ccc(-c2cccc3nc(NC(=O)C4CC4)cn23)c(F)c1,334.35,3.55,70.2,1,3,4,0,0.1789,Denifanstat (TVB-2640),FASN
T24125,O=C1Nc2ccc3ncsc3c2C1=CNc1ccc(S(=O)(=O)Nc2ccccn2)cc1,449.52,3.9,113.1,3,7,5,0,0.1789,Lanifibranor (IVA-337),PPAR-alpha/gamma/delta
T0488,[H][C@@]12CC[C@@]3([H])NC(=O)C=C[C@]3(C)[C@@]1([H])CC[C@]1(C)[C@@H](C(=O)NC(C)(C)C)CC[C@@]21[H],372.55,3.81,58.2,2,2,1,0,0.1786,Obeticholic acid (OCA),FXR
T0512,O=C(O)c1ccccc1C(=O)Nc1ccc(S(=O)(=O)Nc2nccs2)cc1,403.44,2.89,125.5,3,6,6,0,0.1786,Lanifibranor (IVA-337),PPAR-alpha/gamma/delta
T1491,O=C1C(O)=C([C@H]2CC[C@H](c3ccc(Cl)cc3)CC2)C(=O)c2ccccc21,366.84,5.51,54.4,1,3,2,1,0.1786,VK2809,THR-beta
T1828,Cc1ccc(-c2csc3ncnc(SCCC(=O)O)c23)cc1,330.43,4.23,63.1,1,5,5,0,0.1786,Lanifibranor (IVA-337),PPAR-alpha/gamma/delta
T2256,CC(C)=CC(=O)CCC(=O)N1CCN(Cc2cc3nc(-c4cccc5[nH]ncc45)nc(N4CCOCC4)c3s2)CC1,573.72,4.03,107.6,1,9,8,1,0.1786,Denifanstat (TVB-2640),FASN
T3192,O=C(Nc1cc(C(F)(F)F)ccc1O)Nc1cc(C(F)(F)F)ccc1O,380.24,4.78,81.6,4,3,2,0,0.1786,BI-1467335,AOC3/VAP-1
T3487,CN1CCN(c2ncc(Sc3cccc(NC(=O)CN)c3)c(OCc3ccccc3)n2)CC1,464.6,2.86,96.6,2,8,8,0,0.1786,BI-1467335,AOC3/VAP-1
T5177,O=C(Nc1ccc(OC(F)(F)Cl)cc1)c1cnc(N2CC[C@@H](O)C2)c(-c2ccn[nH]2)c1,449.85,3.46,103.4,3,6,6,0,0.1786,Cilofexor (GS-9674),FXR
T7336,O=C(Nc1ccc(S(=O)(=O)Nc2nccs2)cc1)C(c1ccccc1)c1ccccc1,449.56,4.71,88.2,2,5,7,0,0.1786,Lanifibranor (IVA-337),PPAR-alpha/gamma/delta
T11822,COc1cccc(-n2[nH]c3c(cnc4ccc(Cl)cc43)c2=O)c1,325.76,3.53,59.9,1,3,2,0,0.1786,Lanifibranor (IVA-337),PPAR-alpha/gamma/delta
T21385,CCOc1cc(N)c([N+](=O)[O-])cc1C(=O)NC1CCN(CC2CC=CCC2)CC1,402.5,3.13,110.7,2,6,7,0,0.1786,BI-1467335,AOC3/VAP-1
T23403,CC1=C(CC(=O)O)c2cc(F)ccc2C1=Cc1ccc(S(C)(=O)=O)cc1,372.42,4.03,71.4,1,3,4,0,0.1786,Lanifibranor (IVA-337),PPAR-alpha/gamma/delta
T27221,O=C(NCc1ccccc1)c1ccc(Cl)c(S(=O)(=O)N2CCCCCC2)c1,406.94,3.83,66.5,1,3,5,0,0.1786,Lanifibranor (IVA-337),PPAR-alpha/gamma/delta
T13374,COc1cc2c(cc1OC)CN(C(=O)[C@@H]1CCCN(CCNC(=O)c3ccc(F)cc3)C1)CC2,469.56,2.87,71.1,1,5,7,0,0.1786,BI-1467335,AOC3/VAP-1
T27682,O=C(CNC(=O)c1cccc(C(F)(F)F)c1)NC1CN([C@H]2CC[C@@](O)(c3cncs3)CC2)C1,482.53,2.52,94.6,3,6,6,0,0.1786,Cilofexor (GS-9674),FXR
T36488,COc1c(OCCCCN2CCN(C)CC2)cc(O)c2c(=O)cc(-c3ccccc3)oc12,438.52,3.58,75.4,1,7,8,0,0.1786,Firsocostat (GS-0976),ACC
T77726,[H][C@@]12CN(C3CCOCC3)C[C@]1(c1ccc(-c3cnc(N)c(C(=O)NC45CCC(O)(CC4)CC5)c3)cc1)C2,502.66,3.65,100.7,3,6,5,1,0.1786,Cilofexor (GS-9674),FXR
T77727,CCOc1ccc(-c2cc(C(=O)NCCCN3CCCCC3C)c3ccccc3n2)cc1,431.58,5.29,54.5,1,4,8,1,0.1786,Cilofexor (GS-9674),FXR
T77576,CC(=O)Nc1ccc2nc(NC(=O)Nc3ccc(O)c(Cl)c3)sc2c1,376.83,4.26,103.4,4,5,3,0,0.1786,Lanifibranor (IVA-337),PPAR-alpha/gamma/delta
T6330,COc1ncc(-c2nc(N3CCOCC3)nc3c(CN4CCC(C(C)(C)O)CC4)cc(F)cc23)cc1NS(C)(=O)=O,588.71,3.03,130.0,2,10,8,1,0.1783,Firsocostat (GS-0976),ACC
T6417,COc1ccc2c(c1)c(CC(=O)N1CCOCC1)c(C)n2C(=O)c1ccc(Cl)cc1,426.9,3.7,60.8,0,4,4,0,0.1782,VK2809,THR-beta
T6731,COC(=O)Nc1ccc(-c2nc(N3CCOCC3)c3cnn(C4CCN(C(=O)OC)CC4)c3n2)cc1,495.54,2.91,123.9,1,9,4,0,0.1782,Denifanstat (TVB-2640),FASN
T6S0078,CC(C)(O)[C@H](O)COc1c2ccoc2cc2oc(=O)ccc12,304.3,2.05,93.0,2,6,4,0,0.1782,Firsocostat (GS-0976),ACC
T4967,CC(C)(Cc1ccc2ccccc2c1)NC[C@@H](O)COc1cccc(Cl)c1C#N,408.93,4.72,65.3,2,4,8,0,0.1782,VK2809,THR-beta
T5808,CC(C)(O)C(O)COc1c2ccoc2cc2oc(=O)ccc12,304.3,2.05,93.0,2,6,4,0,0.1782,Firsocostat (GS-0976),ACC
T7212,CC(C)Nc1cccnc1N1CCN(C(=O)c2cc3cc(NS(C)(=O)=O)ccc3[nH]2)CC1,456.57,2.72,110.4,3,6,6,0,0.1782,Denifanstat (TVB-2640),FASN
T10410,O=C(Nc1ccc(CP(=O)(O)O)cc1)C1CCN(C(=O)OCc2cc(Cl)cc(Cl)c2)CC1,501.3,4.66,116.2,3,4,6,1,0.1782,Cilofexor (GS-9674),FXR
T38843,OC[C@H]1O[C@@H](c2cc(Cc3ccc(C4CC4)cc3)c(Cl)c3c2CCO3)[C@H](O)[C@@H](O)[C@@H]1O,446.93,2.26,99.4,4,6,5,0,0.1782,VK2809,THR-beta
T10156,O=C(O)Cc1csc(SCC(=O)NC[C@H]2CN(Cc3ccc(Cl)c(Cl)c3)CCO2)n1,490.43,3.19,91.8,2,7,9,0,0.1782,Lanifibranor (IVA-337),PPAR-alpha/gamma/delta
T67696,COc1ccccc1-c1nnc(NC(=O)Nc2ccccc2F)s1,344.37,4.0,76.1,2,5,4,0,0.1782,Firsocostat (GS-0976),ACC
T81412,[H][C@@]12CCCN[C@]1([H])CN(c1c(F)cc3c(=O)c(C(=O)O)cn(C4CC4)c3c1C#N)C2,396.42,2.23,98.4,2,5,3,0,0.1782,Denifanstat (TVB-2640),FASN
T83180,[H]C12C[C@]3([H])[C@@]45CC[C@@]([H])([C@H](O)[C@@]4([H])[C@]14[C@@H](O)CC[C@@]2(C)CN(CC)[C@]34[H])[C@@](O)(COC(=O)c1ccccc1)[C@@H]5OC(C)=O,539.67,2.39,116.5,3,8,5,1,0.1782,Obeticholic acid (OCA),FXR
T1966,CN1CCc2c(c3ccccc3n2Cc2ccc(C(=O)NO)cc2)C1,335.41,2.8,57.5,2,3,3,0,0.1781,BI-1467335,AOC3/VAP-1
T2447,CN(C)C(=O)c1ccc(S(=O)(=O)c2ccc(NC(=O)[C@@](C)(O)C(F)(F)F)c(Cl)c2)cc1,478.88,3.13,103.8,2,5,5,0,0.1781,BI-1467335,AOC3/VAP-1
T3201,COC(=O)c1ccc(N2CCN(C)CC2)c(NC(=O)c2cccc(OC)c2)c1,383.45,2.49,71.1,1,6,5,0,0.1781,BI-1467335,AOC3/VAP-1
T5483,COCCOc1ccc(-c2cn(-c3ccccc3)c3nc[nH]c(=O)c23)cc1,361.4,3.41,69.1,1,4,6,0,0.1781,BI-1467335,AOC3/VAP-1
T8372,CC(C)c1ccc(OCC(=O)NC2CC(C)(C)NC(C)(C)C2)c(Br)c1,411.38,4.38,50.4,2,3,5,0,0.1781,BI-1467335,AOC3/VAP-1
T13047,COc1ccc(OC)c(-c2ccc(NC(=O)c3ccncc3F)cc2)c1,352.37,4.16,60.5,1,4,5,0,0.1781,BI-1467335,AOC3/VAP-1
T8922,CCOC(=O)c1ccc(NC2CCCCC2)c(NCc2ccccc2)c1,352.48,5.22,50.4,2,4,7,1,0.1781,BI-1467335,AOC3/VAP-1
T15272,COCC(=O)Nc1cc(Sc2ccccc2)ccc1N=C(NC(=O)OC)NC(=O)OC,446.49,3.12,127.3,3,8,6,0,0.1781,BI-1467335,AOC3/VAP-1
T9531,COc1cc(C(=O)NC=NNc2cccc(NC(=O)c3ccccc3)c2)cc(OC)c1OC,448.48,3.75,110.3,3,7,9,0,0.1781,BI-1467335,AOC3/VAP-1
T64329,CC(C)(C)OC(=O)CC[C@H](NC(=O)OCC1c2ccccc2-c2ccccc21)C(=O)O,425.48,4.1,101.9,2,5,7,0,0.1781,BI-1467335,AOC3/VAP-1
T10421,O=C(NC(=O)c1cc(F)c(F)cc1Cl)Nc1ccc(C(=O)O)cc1OC(F)(F)F,438.69,4.18,104.7,3,4,4,0,0.1781,BI-1467335,AOC3/VAP-1
T28089,CC(C)(C)C(=O)NCc1ccc(Cl)c(C(=O)Nc2ncc[nH]2)c1,334.81,2.98,86.9,3,3,4,0,0.1781,BI-1467335,AOC3/VAP-1
T38451,C#CCOC(=O)[C@@H](C)Oc1ccc(Oc2ncc(Cl)cc2F)cc1,349.75,3.61,57.6,0,5,6,0,0.1781,BI-1467335,AOC3/VAP-1
T19939,CCCCOC(=O)[C@@H](C)Oc1ccc(Oc2ccc(C#N)cc2F)cc1,357.38,4.6,68.6,0,5,8,0,0.1781,BI-1467335,AOC3/VAP-1
T2104,Cc1ccccc1C(C(=O)NC1CCCCC1)N(C(=O)Cn1ccnc1C)c1cccc(F)c1,462.57,4.86,67.2,1,3,7,0,0.1780,Firsocostat (GS-0976),ACC
T2702,Cc1ccc2nc(NC(=O)CSc3nc4c(c(=O)n3-c3ccccc3)SCC4)sc2c1,466.61,4.53,76.9,1,7,5,0,0.1780,Firsocostat (GS-0976),ACC
TQ0035,Cn1c(=O)oc2cc(-n3cc(C(=O)O)c(=O)n([C@@H]4CCc5c4cccc5C(F)(F)F)c3=O)ccc21,487.39,2.7,116.4,1,5,3,0,0.1780,Firsocostat (GS-0976),ACC
T40045,C[C@@H](Cn1c(=O)[nH]/c(=N\c2ccc(Oc3ccccn3)cc2)n(Cc2ccc(Cl)cc2)c1=O)C(=O)O,507.93,3.18,131.6,2,6,8,1,0.1780,Firsocostat (GS-0976),ACC
T87664,O=C(Nc1cn2cc(-c3cnc4c(c3)N(C(=O)OC3CCOCC3)CC4)ccc2n1)C1CC1,447.5,3.42,98.1,1,6,4,0,0.1780,Firsocostat (GS-0976),ACC
T72052,CC(C)(O)C#Cc1cccc(COc2cc(-c3cnc(C4CCNCC4)s3)cnc2N)c1,448.59,3.96,93.3,3,7,5,0,0.1780,Firsocostat (GS-0976),ACC
T0055,O=C(OCC(O)CO)c1ccccc1Nc1ccnc2cc(Cl)ccc12,372.81,3.14,91.7,3,6,6,0,0.1778,Lanifibranor (IVA-337),PPAR-alpha/gamma/delta
T1273,CC(=O)Oc1cccc2c1C(=O)c1c(OC(C)=O)cc(C(=O)O)cc1C2=O,368.3,2.01,124.0,1,7,3,0,0.1778,Cilofexor (GS-9674),FXR
T4013,Cc1cc(C)cc(Oc2ccc(CNC(=O)[C@H](C)N)cc2C)c1,312.41,3.37,64.4,2,3,5,0,0.1778,VK2809,THR-beta
T6602,CNS(=O)(=O)CCc1ccc2[nH]cc(C3CCN(C)CC3)c2c1,335.47,2.07,65.2,2,3,5,0,0.1778,Denifanstat (TVB-2640),FASN
T6S1256,C[C@@H]1CC[C@@]2(OC1)O[C@H]1C[C@H]3[C@@H]4CC=C5C[C@@H](O)C[C@@H](O)[C@]5(C)[C@H]4CC[C@]3(C)[C@H]1[C@@H]2C,430.63,4.68,58.9,2,4,0,0,0.1778,Obeticholic acid (OCA),FXR
T5622,C[C@@H](CO)NC(=O)c1cc(-c2ccc(Cl)cc2)nn(-c2cccc(F)c2)c1=O,401.83,2.8,84.2,2,4,5,0,0.1778,Resmetirom,THR-beta
T5740,[H][C@@]12CC=C3C[C@@H](O)C[C@@H](O)[C@]3(C)[C@@]1([H])CC[C@@]1(C)[C@@]2([H])C[C@]2([H])O[C@]3(CCC(C)CO3)[C@@H](C)[C@]12[H],430.63,4.68,58.9,2,4,0,0,0.1778,Obeticholic acid (OCA),FXR
T13055,Cn1cc(C(=O)Nc2ccc([C@@H]3C[C@H]3NCC3CC3)cc2)cn1,310.4,2.53,59.0,2,3,6,0,0.1778,Denifanstat (TVB-2640),FASN
T9732,CCn1c(C(O)(c2ccccc2)c2ccccc2)nc2ccc(C(=O)NC[C@@H](C)O)cc21,429.52,3.45,87.4,3,4,7,0,0.1778,Lanifibranor (IVA-337),PPAR-alpha/gamma/delta
T32191,C[C@@H]1CCCN1CCCOc1ccc(-c2ccc(=O)[nH]n2)cc1,313.4,2.69,58.2,1,4,6,0,0.1778,Denifanstat (TVB-2640),FASN
T15362,CCCc1c(O)c(O)c(C(=O)O)c2cc(Cc3ccccc3)c(C)cc12,350.41,4.8,77.8,3,3,5,0,0.1778,VK2809,THR-beta
T72026,O=C(C1=C(O)C(=O)N(CCCn2ccnc2)C1c1ccc(Cl)cc1)c1ccccc1,421.88,4.21,75.4,1,4,7,0,0.1778,Lanifibranor (IVA-337),PPAR-alpha/gamma/delta
TN3176L,COc1c(O)cc2c(c1O)C(=O)C[C@H](c1ccc(O)cc1)O2,302.28,2.52,96.2,3,6,2,0,0.1778,VK2809,THR-beta
T30819,COc1cc2nc(C(C)(C)C)sc2cc1NC(=S)SCCC(=O)O,384.55,4.51,71.5,2,6,5,0,0.1778,Lanifibranor (IVA-337),PPAR-alpha/gamma/delta
TN1553,CC(CC(=O)CC(C)C1CC(=O)C2(C)C3=C(C(=O)C(O)C12C)C1(C)CCC(=O)C(C)(C)C1CC3=O)C(=O)O,528.64,3.52,142.9,2,7,6,1,0.1778,Obeticholic acid (OCA),FXR
T26624,Cc1ccc(B(OC(=O)c2ncccc2O)c2ccc(C)c(Cl)c2)cc1Cl,400.07,3.67,59.4,1,4,4,0,0.1778,VK2809,THR-beta
T36946,Cc1cc(Oc2ncccc2OC(F)F)ccc1-c1c(C)c(=O)[nH]c(=O)n1C,389.36,3.15,86.2,1,5,5,0,0.1778,Resmetirom,THR-beta
TN8753,COc1cc(OC)c2c(c1)O[C@H](c1ccc(O)cc1)CC2=O,300.31,3.12,65.0,1,5,3,0,0.1778,VK2809,THR-beta
T3275,CCc1nn(CCCN2CCN(c3cccc(Cl)c3)CC2)c(=O)n1CCOc1ccccc1,470.02,3.55,55.5,0,5,10,0,0.1776,Cilofexor (GS-9674),FXR
T4387,C=CC(=O)N1CCC(CNc2ncnc(N)c2-c2ccc(Oc3ccccc3)cc2)CC1,429.52,4.35,93.4,2,6,7,0,0.1776,Cilofexor (GS-9674),FXR
T6091,COCCOc1ccc2c(c1)ncn2-c1ccc2cccc(N3CCC(N)CC3)c2n1,417.51,3.53,78.4,1,6,6,0,0.1776,Cilofexor (GS-9674),FXR
T6853,O=C(NC[C@H](O)CN1CCc2ccccc2C1)c1ccnc(NC2CCC2)c1,380.49,2.19,77.5,3,5,7,0,0.1776,Cilofexor (GS-9674),FXR
T5000,CCCCC(=O)OCC(=O)[C@H]1[C@H](C)C[C@H]2[C@@H]3C[C@H](F)C4=CC(=O)C=C[C@]4(C)[C@@]3(F)[C@@H](O)C[C@@]21C,478.58,4.47,80.7,1,5,6,0,0.1776,Aramchol,SCD1
T5482,COc1cc(/C=C/C(=O)NCCn2c(C)cc3ccccc32)cc(OC)c1OC,394.47,3.81,61.7,1,4,8,0,0.1776,Firsocostat (GS-0976),ACC
T7277,Cc1cc2c(cc1Cl)N(C(=O)Nc1ccc(Oc3cccnc3C)nc1)CC2,394.86,5.13,67.4,1,4,3,1,0.1776,Cilofexor (GS-9674),FXR
T14884,CCOC(=O)c1sc(NC(=O)c2ccco2)c(SC#N)c1C,336.39,3.65,92.3,1,7,5,0,0.1776,Firsocostat (GS-0976),ACC
T5S0993,C=C(C)[C@H](CC=C(C)C)Cc1c(O)cc(OC)c2c1O[C@H](c1ccc(O)cc1O)CC2=O,438.52,5.61,96.2,3,6,7,1,0.1776,VK2809,THR-beta
TN1215,C=C(C)[C@H](CC=C(C)C)Cc1c(O)cc(OC)c2c1O[C@H](c1ccc(O)cc1OC)CC2=O,452.55,5.91,85.2,2,6,8,1,0.1776,VK2809,THR-beta
T12009,COC(CN1CCC(C(=O)c2ccc(F)cc2)CC1)c1ccc([N+](=O)[O-])cc1,386.42,4.02,72.7,0,5,7,0,0.1776,Firsocostat (GS-0976),ACC
T30778,O=C(Nc1ccc(Cl)cc1)C1CN(C(=O)c2cc(F)cc(-c3ccncc3)c2)CC(F)(F)C1,473.88,5.28,62.3,1,3,4,1,0.1776,Cilofexor (GS-9674),FXR
T70121,CC(C)c1ccc(N(C)c2ccc3c(c2)OCC[C@H]3CNc2cnccc2C(=O)O)cc1,431.54,5.65,74.7,2,5,7,1,0.1776,VK2809,THR-beta
T4231,COc1ccc(C(=O)/C=C/c2cc(OC)c(OC)c(OC)c2)cc1OC,358.39,3.63,63.2,0,6,8,0,0.1774,BI-1467335,AOC3/VAP-1
T6732,COC(=O)Nc1ccc(-c2nc(N3CCOCC3)c3cnn(C4CCN(Cc5cccnc5)CC4)c3n2)cc1,528.62,3.74,110.5,1,9,6,1,0.1774,Firsocostat (GS-0976),ACC
T5334,Cc1ncsc1-c1ccc(CNC(=O)[C@@H]2C[C@@H](O)CN2C(=O)[C@H](C(C)C)N2Cc3ccccc3C2=O)cc1,532.67,3.38,102.8,2,6,7,1,0.1774,Firsocostat (GS-0976),ACC
T5422,O=C(Nc1ccccc1)c1ccc(NC(=O)c2ccc(Cl)cc2Cl)cc1,385.25,5.5,58.2,2,2,4,1,0.1774,BI-1467335,AOC3/VAP-1
T17183,CC(C)(C)C(=O)/C(=N/c1ccc(Cl)cc1)NNc1ccc(Cl)cc1,364.28,5.26,53.5,2,3,4,1,0.1774,BI-1467335,AOC3/VAP-1
T1574,Cc1ccc(-c2ncc(Cl)cc2-c2ccc(S(C)(=O)=O)cc2)cn1,358.85,4.18,59.9,0,4,3,0,0.1772,Lanifibranor (IVA-337),PPAR-alpha/gamma/delta
T2466,NCC(=O)Nc1ccc(-n2nc(C(F)(F)F)cc2-c2ccc3c(ccc4ccccc43)c2)cc1,460.46,5.76,72.9,2,3,4,1,0.1772,BI-1467335,AOC3/VAP-1
T2636,CC[C@@](C)(Nc1ccnc(-c2c[nH]c3ncccc23)n1)C(=O)NCC(F)(F)F,392.39,3.28,95.6,3,5,6,0,0.1772,BI-1467335,AOC3/VAP-1
T7406,O=C(O)c1cccc(S(=O)(=O)N2CCc3ccccc3C2)c1,317.37,2.13,74.7,1,3,3,0,0.1772,Lanifibranor (IVA-337),PPAR-alpha/gamma/delta
T7700,CCc1nn(CCO)c(CC)c1Oc1cc(C#N)cc(C#N)c1,310.36,2.54,94.9,1,5,6,0,0.1772,Resmetirom,THR-beta
T7677,CCOc1nc(NC(=O)Cc2cc(OC)ccc2OC)cc(N)c1C#N,356.38,2.13,119.5,2,7,7,0,0.1772,BI-1467335,AOC3/VAP-1
T21981,Cc1cc(Nc2nn(-c3ccccc3)c(=O)c3ccccc23)n[nH]1,317.35,3.16,75.6,2,4,3,0,0.1772,Resmetirom,THR-beta
T17022,CC(C)(C)C(O)(CCc1ccc(Cl)cc1)Cn1cncn1,307.82,3.34,50.9,1,3,5,0,0.1772,Lanifibranor (IVA-337),PPAR-alpha/gamma/delta
T9282,O=C(O)CCCC(=O)N1Cc2ccccc2C#Cc2ccccc21,319.36,3.19,57.6,1,2,4,0,0.1772,Lanifibranor (IVA-337),PPAR-alpha/gamma/delta
T36125,O=C(O)COc1ccc(C(=O)c2cccs2)c(Cl)c1Cl,331.18,3.75,63.6,1,4,5,0,0.1772,Lanifibranor (IVA-337),PPAR-alpha/gamma/delta
T60060,COC(=O)c1cccc(N2N=C(C)C(C(=O)Nc3cccc(C(C)(F)F)c3)C2=O)c1,415.4,3.56,88.1,1,5,5,0,0.1772,BI-1467335,AOC3/VAP-1
T10032,CS(=O)(=O)c1ccc(-c2cc(C#N)nn2-c2ccc(F)cc2)cc1,341.37,2.95,75.8,0,4,3,0,0.1772,Resmetirom,THR-beta
T69638,C[C@H](NC(=O)c1cnc2c(-c3ccc(C(F)(F)F)cc3)cccc2c1)c1ccccn1,421.42,5.81,54.9,1,3,4,1,0.1772,BI-1467335,AOC3/VAP-1
T61042,O=C(Nc1sc2c(c1C(=O)O)CCCC2)c1ccc(Cl)cc1,335.81,4.23,66.4,2,3,3,0,0.1772,Lanifibranor (IVA-337),PPAR-alpha/gamma/delta
T2244,CC(C)(C)c1cc(C(=O)/C(C#N)=N/Nc2cccc(Cl)c2)no1,330.77,3.8,91.3,1,6,4,0,0.1771,VK2809,THR-beta
T2644,O=C(/C=C/c1cccnc1)NCCCCC1CCN(C(=O)c2ccccc2)CC1,391.52,3.93,62.3,1,3,8,0,0.1771,Denifanstat (TVB-2640),FASN
T3544,CC1(N)CCN(c2cnc(-c3cccc(Cl)c3Cl)c(N)n2)CC1,352.27,3.35,81.1,2,5,2,0,0.1771,Cilofexor (GS-9674),FXR
T4398,COc1ccc(Cl)cc1N(CC(=O)Nc1ccc2c(c1)OCO2)S(=O)(=O)c1ccccc1,474.92,3.91,94.2,1,6,7,0,0.1771,Lanifibranor (IVA-337),PPAR-alpha/gamma/delta
TN1334,[H][C@@]12[C@@H]3OC(=O)[C@@]1(CCCC2(C)C)c1c(cc(C(C)C)c(O)c1O)[C@@H]3OC,360.45,3.91,76.0,2,5,2,0,0.1771,VK2809,THR-beta
T8737,COc1ccc(NC(=O)c2ccc(-c3ccncc3)c(C)c2)cc1N1CCN(C)CC1,416.53,4.07,57.7,1,5,5,0,0.1771,Denifanstat (TVB-2640),FASN
T22245,COc1ccc(C[C@@H](C)NC[C@H](O)c2ccc(O)c(NC=O)c2)cc1,344.41,2.22,90.8,4,5,9,0,0.1771,VK2809,THR-beta
T9544,Cc1ccccc1C(=O)ON=C1CCCCC1c1ccc([N+](=O)[O-])cc1[N+](=O)[O-],397.39,4.68,124.9,0,7,5,0,0.1771,Denifanstat (TVB-2640),FASN
T12430,COc1cc(C)[nH]c(=O)c1CN1CCc2c(Cl)cc([C@H](OC)C3COC3)c(Cl)c2C1=O,467.35,3.53,80.9,1,5,6,0,0.1771,Resmetirom,THR-beta
T9823,COc1ccccc1OCc1ccc(C(=O)Nc2ccccc2Cl)o1,357.79,4.77,60.7,1,4,6,0,0.1771,Cilofexor (GS-9674),FXR
T77603,CCn1c(SCC(=O)c2ccc(Cl)cc2)nc2sc3c(c2c1=O)CCC3,404.94,4.6,52.0,0,5,5,0,0.1771,Denifanstat (TVB-2640),FASN
T63305,COc1ccc(-c2cc(C(=O)NCCc3ccc(S(N)(=O)=O)cc3)c3ccccc3n2)cc1OC,491.57,3.54,120.6,2,6,8,0,0.1771,Lanifibranor (IVA-337),PPAR-alpha/gamma/delta
T4058,COc1ccc(CCC(=O)N(c2nccc3ccccc23)[C@@H]2CCCNC2)cc1,389.5,3.96,54.5,1,4,6,0,0.1770,Firsocostat (GS-0976),ACC
T6883,CO[C@@H](C)Cn1c(=O)n(C)c2cnc3ccc(-c4cncc(C(C)(C)O)c4)cc3c21,406.49,3.21,82.2,1,5,5,0,0.1770,Firsocostat (GS-0976),ACC
T4539,CC(C)NCC(O)COc1cccc2c1N(C(=O)c1cccnc1)CCC2,369.47,2.41,74.7,2,5,7,0,0.1770,Firsocostat (GS-0976),ACC
T5361,COc1cccc(CNC(=O)c2nc3scc(COCc4ccc(C(=O)O)cc4)c3c(=O)[nH]2)c1,479.51,3.34,130.6,3,7,9,0,0.1770,Cilofexor (GS-9674),FXR
T8842,C[C@@H](Oc1ccc2c(-c3ccc(F)cc3Cl)cc(=O)oc2c1)C(=O)N1CCC[C@H](C(=O)O)C1,473.88,4.34,97.0,1,5,5,0,0.1770,Cilofexor (GS-9674),FXR
T15253,COc1cc(N2CCN(C(=O)Cn3nc(-c4ncc[nH]4)c4cccnc43)CC2)ccc1Cl,451.92,2.83,92.2,1,6,5,0,0.1770,Cilofexor (GS-9674),FXR
T71624,CCc1ccc(OCc2nnc(SC3CCCC3=O)n2C(C)c2ccccc2)cc1,421.57,5.24,57.0,0,5,8,1,0.1770,Firsocostat (GS-0976),ACC
T62037,CCCc1cc(=O)oc2c(C(=O)N3CCCc4ccccc43)c(OC)cc(OC)c12,407.47,4.36,69.0,0,5,5,0,0.1770,Firsocostat (GS-0976),ACC
T0009,COC(=O)Nc1nc2ccc(C(=O)c3ccc(F)cc3)cc2[nH]1,313.29,3.11,84.1,2,4,3,0,0.1765,BI-1467335,AOC3/VAP-1
T1926,Cc1c(C(=O)Nc2ccc(N3C[C@@H](C)O[C@@H](C)C3)nc2)cccc1-c1ccc(OC(F)(F)F)cc1,485.51,5.82,63.7,1,5,5,1,0.1765,BI-1467335,AOC3/VAP-1
T2080,CN[C@@H](C)C(=O)N[C@H](C(=O)N1CCC[C@H]1c1nc(C(=O)c2ccc(F)cc2)cs1)C1CCCCC1,500.64,3.85,91.4,2,6,8,1,0.1765,Denifanstat (TVB-2640),FASN
T2155,O=C(NCc1ccccc1)c1csc(Nc2ccncn2)n1,311.37,2.61,79.8,2,6,5,0,0.1765,Lanifibranor (IVA-337),PPAR-alpha/gamma/delta
T3338,C[C@@H]1COCCN1c1cc(C2([S@](C)(=N)=O)CC2)nc(-c2ccnc3[nH]ccc23)n1,412.52,2.91,107.8,2,7,4,0,0.1765,Denifanstat (TVB-2640),FASN
T3456,C=CC(=O)N[C@H]1CCOC[C@H]1Nc1ncc2cc(-c3c(Cl)c(OC)cc(OC)c3Cl)ccc2n1,503.39,4.49,94.6,2,7,7,1,0.1765,Firsocostat (GS-0976),ACC
T3508,CCOc1ccc(Oc2ccc(OCc3cc(F)ccc3F)cc2)c(N)c1,371.38,5.32,53.7,1,4,7,1,0.1765,BI-1467335,AOC3/VAP-1
T6506,Cc1ccc(Cl)cc1N(CC(=O)Nc1c(F)cccc1F)S(C)(=O)=O,388.82,3.33,66.5,1,3,5,0,0.1765,Lanifibranor (IVA-337),PPAR-alpha/gamma/delta
T3S0860,C[C@@H]1CC[C@@]2(OC1)O[C@H]1C[C@H]3[C@@H]4CC[C@H]5C[C@@H](O)[C@H](O)C[C@]5(C)[C@H]4CC[C@]3(C)[C@H]1[C@@H]2C,432.65,4.76,58.9,2,4,0,0,0.1765,Obeticholic acid (OCA),FXR
T4598,CC(C)C(=O)Nc1ncc(-c2cc(C(F)F)nn2-c2c(Cl)cccc2Cl)s1,431.3,5.83,59.8,1,4,5,1,0.1765,Cilofexor (GS-9674),FXR
T4695,C[C@@H](Oc1ccc(CNC(=O)c2cccnc2Oc2ccc3c(c2)OCO3)c(F)c1)C(=O)O,454.41,3.52,116.2,2,7,8,0,0.1765,BI-1467335,AOC3/VAP-1
T7207,CC(=O)c1ccc(NS(C)(=O)=O)c(Oc2ccc(F)cc2F)c1,341.33,3.33,72.5,1,4,5,0,0.1765,BI-1467335,AOC3/VAP-1
T5S1000,C=C(C)[C@H](CC=C(C)C)Cc1c(O)cc(O)c2c1O[C@H](c1ccc(O)cc1O)CC2=O,424.49,5.31,107.2,4,6,6,1,0.1765,VK2809,THR-beta
T16143,C=CC(=O)N1CCN(c2nc(OC[C@@H]3CCCN3C)nc3c2CCN(c2cccc4cccc(C)c24)C3)C[C@@H]1CC#N,565.72,4.09,88.8,0,8,7,1,0.1765,Denifanstat (TVB-2640),FASN
T14893,Cc1ccc(NC(=O)NCc2ccc3c(c2)CN(C2CCC(=O)NC2=O)C3=O)cc1Cl,440.89,2.73,107.6,3,4,4,0,0.1765,Denifanstat (TVB-2640),FASN
TQ0086,Cc1cccc(NC(=O)c2ccc(C(F)(F)F)cc2C(=O)O)n1,324.26,3.36,79.3,2,3,3,0,0.1765,BI-1467335,AOC3/VAP-1
TN4618,COc1cc(/C=C/C(=O)NCCc2ccc(O)cc2)cc(OC)c1O,343.38,2.49,88.0,3,5,7,0,0.1765,BI-1467335,AOC3/VAP-1
T50113,CC(C)(Oc1ccc(Cl)cc1)C(=O)N1CSC[C@H]1C(=O)O,329.81,2.48,66.8,1,4,4,0,0.1765,BI-1467335,AOC3/VAP-1
T22089,COCCOC(=O)C1=C(C)NC2=C(C(=O)CC(c3ccccc3OC)C2)C1c1cccc(O)c1,463.53,3.95,94.1,2,7,7,0,0.1765,Denifanstat (TVB-2640),FASN
T19735,O=C(NC(=O)c1c(F)cccc1F)Nc1ccc(CON=C(c2ccc(Cl)cc2)C2CC2)cc1,483.9,5.91,79.8,2,4,7,1,0.1765,VK2809,THR-beta
T16681,C[C@@H](O)c1nnc([C@H]2C[C@H](NC(=O)c3cc(-c4ccccc4)no3)C2)o1,354.37,2.45,114.3,2,7,5,0,0.1765,Cilofexor (GS-9674),FXR
T14529,O=C(O)c1ccc(NC(=O)[C@H](Cc2ccc(O)cc2)NC(=O)c2ccccc2)cc1,404.42,3.07,115.7,4,4,7,0,0.1765,BI-1467335,AOC3/VAP-1
T9885,CN(Cc1ccc(S(=O)(=O)N(C)C)cc1)c1ccnc2ccc3ccccc3c12,405.52,4.27,53.5,0,4,5,0,0.1765,Lanifibranor (IVA-337),PPAR-alpha/gamma/delta
T27620,COCCOCc1ccc(-c2cc3onc(-c4ccccc4)c3c(=O)n2C)cc1,390.44,4.02,66.5,0,5,7,0,0.1765,Cilofexor (GS-9674),FXR
T9982,O=C(NC(=S)Nc1ccc(S(=O)(=O)NCc2ccccc2)cc1)c1ccccc1,425.54,3.29,87.3,3,4,6,0,0.1765,BI-1467335,AOC3/VAP-1
T9758,O=C(CSc1nc2ccccc2[nH]1)Nc1ccc(Cl)cn1,318.79,3.34,70.7,2,4,4,0,0.1765,Lanifibranor (IVA-337),PPAR-alpha/gamma/delta
T16411,CCN(CC)CC1CCCCN1CC(=O)N1c2ccccc2C(=O)Nc2cccnc21,421.55,3.51,68.8,1,5,6,0,0.1765,Denifanstat (TVB-2640),FASN
T10835,CC(CCCNCCO)Nc1ccnc2cc(Cl)ccc12,307.83,3.05,57.2,3,4,8,0,0.1765,Lanifibranor (IVA-337),PPAR-alpha/gamma/delta
T16868,Cc1ccc(Cl)cc1NC(=O)C(O)=CC(=O)c1ccc(F)cc1,333.75,4.05,66.4,2,3,4,0,0.1765,BI-1467335,AOC3/VAP-1
T15815,Cc1cc(Nc2ccc(F)c(C[C@@]3(C(=O)O)CCN(Cc4cccc(Cl)c4F)[C@H](C)C3)n2)n[nH]1,489.95,5.09,94.1,3,5,7,1,0.1765,Cilofexor (GS-9674),FXR
T61809,COc1cccc(-c2csc(NC(=O)CN3C(=O)c4ccccc4C3=O)n2)c1,393.42,3.05,88.6,1,6,5,0,0.1765,Cilofexor (GS-9674),FXR
T61028,C[C@@H](N)c1cc(Cl)ccc1Cn1c(=S)[nH]c(=O)c2[nH]ccc21,334.83,3.11,79.6,3,3,3,0,0.1765,Resmetirom,THR-beta
T27798,[H][C@@]12CC[C@@]3([H])NC(=O)C=C[C@]3(C)[C@@]1([H])CC[C@]1(C)[C@@H](C(=O)NC(C)(C)c3ccc(OC)cc3)CC[C@@]21[H],464.65,4.96,67.4,2,3,4,0,0.1765,BI-1467335,AOC3/VAP-1
T61439,COc1ccccc1NS(=O)(=O)c1sc2ccc(Cl)cc2c1C,367.88,4.67,55.4,1,4,4,0,0.1765,Firsocostat (GS-0976),ACC
T11955,CC(C)(C)C(=O)c1sc(N)nc1-c1ccc(P(=O)(O)O)o1,330.3,2.02,126.7,3,6,3,0,0.1765,BI-1467335,AOC3/VAP-1
T61355,Nc1ncccc1-c1cc(Cc2ccc(Oc3cccc(F)n3)cc2)no1,362.36,4.24,87.1,1,6,5,0,0.1765,Cilofexor (GS-9674),FXR
T27931,COc1nc2sc(C(=O)NC3CC3)c(N)c2c(C)c1Cl,311.79,2.74,77.2,2,5,3,0,0.1765,Firsocostat (GS-0976),ACC
T28652,COc1ccccc1N1CCN(c2ncnc3[nH]nc(Br)c23)CC1,389.26,2.45,70.2,1,6,3,0,0.1765,Firsocostat (GS-0976),ACC
T23344,N[C@@H](Cc1cc(-c2ccc(Cl)cc2Cl)cc(CP(=O)(O)O)c1O)C(=O)O,420.19,3.0,141.1,5,4,6,0,0.1765,Lanifibranor (IVA-337),PPAR-alpha/gamma/delta
T72112,C[N+]1([O-])CCN(C2=Nc3cc(Cl)ccc3Nc3ccccc32)CC1,342.83,3.74,50.7,1,4,0,0,0.1765,Lanifibranor (IVA-337),PPAR-alpha/gamma/delta
T62396,COc1ccc(OC(=O)CN2CCN(Cc3cc(OC)c(OC)c(OC)c3)CC2)cc1,430.5,2.44,69.7,0,8,9,0,0.1765,BI-1467335,AOC3/VAP-1
T11648,COc1ccc([C@]2(O)CC[C@H](N3CC[C@@H](NC(=O)CNC(=O)c4cccc(C(F)(F)F)c4)C3)CC2)cn1,520.55,2.86,103.8,3,6,7,1,0.1765,Cilofexor (GS-9674),FXR
T3504L,COc1nnc2ccc(N3CCC(c4ccc(OCCN5CCN(C)C(=O)[C@H]5C)cc4)CC3)nn12,479.59,2.06,88.3,0,8,7,0,0.1765,Denifanstat (TVB-2640),FASN
T84345,COc1ccc2c(c1)c(=O)c(Cc1cccc(Cl)c1Cl)cn2CC(=O)[O-],391.23,2.66,71.4,0,4,5,0,0.1765,Cilofexor (GS-9674),FXR
T23315,COc1ccc(NC(=O)c2ccc(-c3ccc(-c4noc(C)n4)cc3C)cc2)cc1OCCN(C)C,486.57,5.22,89.7,1,7,9,1,0.1765,BI-1467335,AOC3/VAP-1
T16676,O=C(O)c1c(O)c(Cc2ccc(Cl)cc2)nc2c3c(ccc12)CCCC3,367.83,4.76,70.4,2,3,3,0,0.1765,Lanifibranor (IVA-337),PPAR-alpha/gamma/delta
T62925,O=C(C1CC1)N1CC[C@@H](Cn2c(-c3ccc(-c4ccc5occc5c4)cc3)nc3cnccc32)C1,462.55,5.77,64.2,0,4,5,1,0.1765,Denifanstat (TVB-2640),FASN
T26349,CN(C)CC=CC(=O)Nc1ccc(C(=O)Nc2cccc(Nc3nccc(-c4cccnc4)n3)c2)cc1,493.57,4.59,112.1,3,7,9,0,0.1765,BI-1467335,AOC3/VAP-1
T14531,CS(=O)(=O)c1ccc(C(=O)C2=C(Sc3ccccc3)C3CCC(C3)C2=O)c(Cl)c1,446.98,4.97,68.3,0,5,5,0,0.1765,Cilofexor (GS-9674),FXR
T9055,O=C(CNc1ccc(Cl)cn1)NCCc1cccc(Br)c1,368.66,3.27,54.0,2,3,6,0,0.1765,Lanifibranor (IVA-337),PPAR-alpha/gamma/delta
T81859,[H][C@]12CC[C@]3([H])[C@]([H])(CC[C@@]4(C)[C@@]3([H])C[C@]3([H])O[C@]5(CC[C@H](C)CO5)[C@@H](C)[C@]43[H])[C@@]1(C)C[C@H](O)[C@H](O)C2,432.65,4.76,58.9,2,4,0,0,0.1765,Obeticholic acid (OCA),FXR
T21325,CCc1cc2c(c(OCC(F)(F)F)c(C(=O)NC3CCN(C(=O)CO)CC3)n2C)c(=O)n1CC(=O)c1ccccc1,576.57,2.44,122.9,2,6,9,1,0.1760,Firsocostat (GS-0976),ACC
T1163,[H][C@@]12C[C@H](C)[C@](OC(=O)CCCC)(C(=O)CO)[C@@]1(C)C[C@H](O)[C@@]1(F)[C@@]2([H])CCC2=CC(=O)C=C[C@@]21C,476.59,3.64,100.9,2,6,6,0,0.1759,Aramchol,SCD1
T1703,CCc1c2c(nc3ccc(O)cc13)-c1cc3c(c(=O)n1C2)COC(=O)[C@]3(O)CC,392.41,2.35,101.7,2,6,2,0,0.1759,Cilofexor (GS-9674),FXR
T2661,Cc1cc(C(C)Nc2ccccc2)c2nc(N3CCOCC3)cc(=O)n2c1,364.45,3.01,58.9,1,5,4,0,0.1759,Firsocostat (GS-0976),ACC
T5856,COC(=O)C1=C(C)NC(C)=C(C(=O)O[C@H]2CCN(Cc3ccccc3)C2)C1c1cccc([N+](=O)[O-])c1,491.54,3.82,111.0,1,8,7,0,0.1759,VK2809,THR-beta
T7187,CNCCn1c(=O)c2cc(OC)c(OC)cc2c2cnc3cc4c(cc3c21)OCO4,407.43,2.67,83.8,1,7,5,0,0.1759,Firsocostat (GS-0976),ACC
T7550,COC(=O)C1=C(C)NC(C)=C(C(=O)O[C@H]2CCN(Cc3ccccc3)C2)[C@H]1c1cccc([N+](=O)[O-])c1,491.54,3.82,111.0,1,8,7,0,0.1759,VK2809,THR-beta
T16068,Cc1nnc(-c2ccc(N3CCC(Oc4ccccc4C(F)(F)F)CC3)nn2)s1,421.45,4.37,64.0,0,7,4,0,0.1759,Firsocostat (GS-0976),ACC
T15784,Cc1cc(=O)n(C)c2cc(N3C(=O)CC[C@H](NS(=O)(=O)CC(C)C)[C@H]3c3ccc(Cl)cc3)ccc12,516.06,4.31,88.5,1,4,6,1,0.1759,VK2809,THR-beta
T28827,CCOC(=O)C[N+]1(C)CC[C@@H](OC(=O)[C@](O)(c2ccccc2)C2CCCC2)C1,390.5,2.39,72.8,1,5,7,0,0.1759,Firsocostat (GS-0976),ACC
T39113L,Cc1n[nH]c(C)c1-c1cnn(C2(CC#N)CN(c3cc(F)c(C(=O)N[C@@H](C)C(F)(F)F)cc3F)C2)c1,507.47,3.98,102.6,2,5,6,1,0.1759,Denifanstat (TVB-2640),FASN
T9768L,COc1ccc(CN2CCN(CCOC(=O)c3cccnc3)CC2)c(OC)c1OC,415.49,2.08,73.4,0,8,9,0,0.1759,Firsocostat (GS-0976),ACC
T27629,CC1=C(C(=O)OC(C)C)C(c2ccco2)N2C(=N1)Nc1ccccc12,337.38,3.85,67.1,1,6,3,0,0.1759,Firsocostat (GS-0976),ACC
T34286,CCOC(=O)OC[C@H]1O[C@@H](Oc2nn(C(C)C)c(C)c2Cc2ccc(OC(C)C)cc2)[C@H](O)[C@@H](O)[C@@H]1O,522.6,2.51,141.7,3,10,10,1,0.1759,VK2809,THR-beta
T30191L,N=C(N)c1ccc(CNC(=O)C2CCN2C(=O)[C@H](O)c2cc(Cl)cc(OC(F)F)c2)cc1,466.87,2.18,128.7,4,5,8,0,0.1759,VK2809,THR-beta
T1421,O=C(O)COC(=O)Cc1ccccc1Nc1c(Cl)cccc1Cl,354.19,3.91,75.6,2,4,6,0,0.1758,Cilofexor (GS-9674),FXR
T2163,COc1cc(CNC(=O)CCCCCCC(C)C)ccc1O,307.43,4.01,58.6,2,3,10,0,0.1758,VK2809,THR-beta
T4524,CC(=O)Nc1ccc(C(=O)N2CCN(c3ccc(C)cc3)CC2c2ccccc2)cc1,413.52,4.66,52.7,1,3,4,0,0.1758,Denifanstat (TVB-2640),FASN
T4551,Cc1ccc(/C(=C\CN2CCCC2)c2cccc(/C=C/C(=O)O)n2)cc1,348.45,4.02,53.4,1,3,6,0,0.1758,Denifanstat (TVB-2640),FASN
T4648,CNc1nc(NCc2ccc(NS(C)(=O)=O)cc2Cl)cc(-c2ccccn2)n1,418.91,3.22,108.9,3,7,7,0,0.1758,Lanifibranor (IVA-337),PPAR-alpha/gamma/delta
T4595,COc1ccc(/C(C#N)=C/c2ccc(N3CCC(O)CC3)s2)cc1OC,370.47,3.79,65.7,1,6,5,0,0.1758,Denifanstat (TVB-2640),FASN
T4356,C[C@@H]1CN(c2ccc3cc(C#N)c4nc5ccccc5n4c3n2)C[C@H](C)N1,356.43,3.09,69.2,1,5,1,0,0.1758,Denifanstat (TVB-2640),FASN
T10951,CCOC(=O)CCN(C(=O)c1ccc2c(c1)nc(CNc1ccc(C(=N)N)cc1)n2C)c1ccccn1,499.58,3.46,139.2,3,7,10,0,0.1758,BI-1467335,AOC3/VAP-1
T18890,O=C(O)c1ccc(-c2c3cc4c5c(c3[o+]c3c6c7c(cc23)CCCN7CCC6)CCCN5CCC4)c(C(=O)[O-])c1,534.61,4.99,95.2,1,5,3,1,0.1758,Denifanstat (TVB-2640),FASN
TN7097,COc1cc(CC(CO)c2cc(CCCO)cc(OC)c2O)ccc1O,362.42,2.36,99.4,4,6,9,0,0.1758,VK2809,THR-beta
T15769,C=C(CCCCC)[C@@H](O)[C@H](C)C(=O)N1C(=O)OC[C@@H]1C(C)C,311.42,3.12,66.8,1,4,8,0,0.1758,Aramchol,SCD1
T72069,COc1ccc(Cl)cc1Nc1nc(-c2sc(NC(C)=O)nc2C)cs1,394.91,4.94,76.1,2,7,5,0,0.1758,Lanifibranor (IVA-337),PPAR-alpha/gamma/delta
T11476,O=C(O)CCNc1cc(N2CCc3ccccc3CC2)nc(-c2cccnc2)n1,389.46,3.03,91.2,2,6,6,0,0.1758,Lanifibranor (IVA-337),PPAR-alpha/gamma/delta
T28050,CN1CCN(C(=O)c2[nH]c3ccc([N+](=O)[O-])cc3c2-c2ccccc2)CC1,364.41,3.13,82.5,1,4,3,0,0.1758,Denifanstat (TVB-2640),FASN
T72637,CC1=NN(c2nc(-c3ccc(Cl)cc3)cs2)C(=O)C1=Cc1ccc(C(=O)O)cc1,423.88,4.97,82.9,1,5,4,0,0.1758,Lanifibranor (IVA-337),PPAR-alpha/gamma/delta
T22405,[H][C@@]12C(=C[C@@H](O)C[C@@H]1OC(=O)[C@@H](C)CC)C=C[C@H](C)[C@@H]2CC[C@@H](O)C[C@@H](O)CC(=O)O,424.53,2.44,124.3,4,6,10,0,0.1758,Obeticholic acid (OCA),FXR
T0364,CCCCOc1cc(C(=O)NCCN(CC)CC)c2ccccc2n1,343.47,3.49,54.5,1,4,10,0,0.1757,BI-1467335,AOC3/VAP-1
T1498,CC1Cc2ccccc2N1NC(=O)c1ccc(Cl)c(S(N)(=O)=O)c1,365.84,2.08,92.5,2,4,3,0,0.1757,BI-1467335,AOC3/VAP-1
T8920,N=C(N)c1ccc2cc(OC(=O)c3ccc(NC4=NCCN4)cc3)ccc2c1,373.42,2.71,112.6,4,6,4,0,0.1757,BI-1467335,AOC3/VAP-1
T13350,COc1ccc(-c2oc3c(CCC(C)(C)O)c(O)cc(O)c3c(=O)c2O)cc1,386.4,3.29,120.4,4,7,5,0,0.1757,BI-1467335,AOC3/VAP-1
T72043,CCN(CC)c1ccc(/C=N/NC(=O)c2cccnc2)c(O)c1,312.37,2.4,77.8,2,5,6,0,0.1757,BI-1467335,AOC3/VAP-1
T17187,Nc1nc(COC(=O)c2ccc([N+](=O)[O-])cc2)nc(Nc2ccccc2)n1,366.34,2.46,146.2,2,9,6,0,0.1757,BI-1467335,AOC3/VAP-1
TXB-00085,CC(C)(C)NC(=O)NS(=O)(=O)c1cc([N+](=O)[O-])ccc1NC1CCCCC1,398.49,3.13,130.4,3,6,5,0,0.1757,BI-1467335,AOC3/VAP-1
T75120,[H][C@@]12CN(C)C[C@]1(C#Cc1cc3ncnc(Nc4cccc(Cl)c4F)c3cc1NC(=O)/C=C/CN1CCOCC1)C2,561.06,4.3,82.6,2,7,6,1,0.1756,Cilofexor (GS-9674),FXR
T4207,Cc1ncsc1-c1ccc(CNC(=O)[C@@H]2C[C@@H](O)CN2C(=O)[C@@H](N)C(C)(C)C)cc1,430.57,2.07,108.5,3,6,5,0,0.1754,Firsocostat (GS-0976),ACC
T6170,CN(NC(=O)CC(=O)NN(C)C(=S)c1ccccc1)C(=S)c1ccccc1,400.53,2.05,64.7,2,4,4,0,0.1754,BI-1467335,AOC3/VAP-1
T7551,CCC1(O)C(=O)OCc2c1cc1n(c2=O)Cc2c-1nc1ccccc1c2CCNC(C)C,433.51,2.62,93.5,2,6,5,0,0.1754,Cilofexor (GS-9674),FXR
T15559,N#Cc1cc(-c2ccnc(Nc3ccc(N4CCOCC4)cc3)n2)ccc1OC1CCOCC1,457.53,4.15,92.5,1,8,6,0,0.1754,Firsocostat (GS-0976),ACC
TQ0277,CO[C@]1(C(=O)N[C@@H](C)c2ccc(-n3cc(F)cn3)nc2)CC[C@@H](c2nc(C)cc(Nc3cc(C)[nH]n3)n2)CC1,533.61,4.2,135.5,3,8,8,1,0.1754,Denifanstat (TVB-2640),FASN
T13074,CC(=O)N1CCC(c2cc(-c3ccc(NC(=O)c4cccn(-c5ccc(F)cc5)c4=O)cc3F)c3c(N)ncnn23)CC1,583.6,4.39,127.6,2,6,5,1,0.1754,Denifanstat (TVB-2640),FASN
T15798,Cc1c[nH]c2ncnc(N3CCC(CN)(C(=O)Nc4cccc(OC(=O)N(C)C)c4)CC3)c12,451.53,2.51,129.5,3,7,5,0,0.1754,Cilofexor (GS-9674),FXR
T15050,Cn1cc(S(=O)(=O)[C@@](C)(F)C2CCN(C(=O)Nc3ccon3)CC2)c(C(F)F)n1,435.43,2.75,110.3,1,6,5,0,0.1754,Firsocostat (GS-0976),ACC
T35478,Cc1ncsc1-c1ccc(CNC(=O)[C@@H]2C[C@H](O)CN2C(=O)[C@@H](N)C(C)(C)C)cc1,430.57,2.07,108.5,3,6,5,0,0.1754,Firsocostat (GS-0976),ACC
T16428,CONC(=N)c1ccc(-c2ccc(-c3ccc(C(=N)NOC)cc3)o2)cc1,364.41,3.57,103.4,4,5,6,0,0.1754,BI-1467335,AOC3/VAP-1
T1778,O=C(NC1CCNCC1)c1[nH]ncc1NC(=O)c1c(Cl)cccc1Cl,382.25,2.45,98.9,4,4,4,0,0.1753,Cilofexor (GS-9674),FXR
T1849,N#CCNC(=O)c1ccc(-c2ccnc(Nc3ccc(N4CCOCC4)cc3)n2)cc1,414.47,2.98,103.2,2,7,6,0,0.1753,Denifanstat (TVB-2640),FASN
T3174,O=C(O)COc1cccc(CN(Cc2ccc(-n3cccn3)cc2)S(=O)(=O)c2cccnc2)c1,478.53,3.12,114.6,1,6,10,0,0.1753,Lanifibranor (IVA-337),PPAR-alpha/gamma/delta
T4418,O=C(O)c1ccc(CN2CCC(CN[C@@H]3C[C@H]3c3ccccc3)CC2)cc1,364.49,3.74,52.6,2,3,7,0,0.1753,Cilofexor (GS-9674),FXR
T6561,CCN(C(=O)c1c(O)c2c(Cl)cccc2n(C)c1=O)c1ccccc1,356.81,3.56,62.5,1,3,3,0,0.1753,Cilofexor (GS-9674),FXR
T4986,Cc1nccn1CCC(C(N)=O)(c1ccccc1)c1ccccc1,319.41,3.05,60.9,1,2,6,0,0.1753,Firsocostat (GS-0976),ACC
T5310,COc1cccc(OC)c1-c1ccc(C[C@H](NC(=O)c2c(Cl)cccc2Cl)C(=O)O)cc1,474.34,5.1,84.9,2,4,8,1,0.1753,Cilofexor (GS-9674),FXR
T8668,COc1ccc2nc3cc(Cl)ccc3c(Nc3ccc(O)c(CN4CCN(C)CC4)c3)c2c1,462.98,5.25,60.9,2,6,5,1,0.1753,Lanifibranor (IVA-337),PPAR-alpha/gamma/delta
T12613L,CC1=C(C#N)[C@@H](c2ccc(C#N)cc2S(C)(=O)=O)N(C)C(=O)N1c1cccc(C(F)(F)F)c1,474.46,4.39,105.3,0,5,3,0,0.1753,Denifanstat (TVB-2640),FASN
T50105,CCn1cc(C(=O)O)c(=O)c2cc(Cl)c(N3CCN(C)CC3)cc21,349.82,2.12,65.8,1,4,3,0,0.1753,Cilofexor (GS-9674),FXR
T50077,COC(=O)C1=C(C)NC(C)=C(C(=O)OCC(C)C)C1c1cccc([N+](=O)[O-])c1,388.42,3.2,107.8,1,7,6,0,0.1753,VK2809,THR-beta
T9528,CCS(=O)(=O)c1ccccc1C(=O)N1CCN(c2nc3ccc(F)cc3s2)C[C@@H]1C,447.56,3.58,70.6,0,6,4,0,0.1753,Lanifibranor (IVA-337),PPAR-alpha/gamma/delta
T9575,Cn1ncc(-c2ccc3c(=O)[nH]nc(CN)c3c2)c1-c1c(F)cc2ccccc2c1C#N,424.44,3.61,113.4,2,5,3,0,0.1753,Resmetirom,THR-beta
T12897L,Cc1n[nH]c2c1C(c1cc(CO)cc(-c3ccccc3)c1)(C(C)C)C(C#N)=C(N)O2,400.48,3.91,107.9,3,5,4,0,0.1753,Denifanstat (TVB-2640),FASN
T9983,CCOC(=O)N1CCC(NS(=O)(=O)c2ccc(NC(=O)c3ccccc3C)c3ccccc23)CC1,495.6,4.3,104.8,2,5,6,0,0.1753,Denifanstat (TVB-2640),FASN
T12788,C[C@]1(C2CCCC2)Cc2cc(OCC(=O)O)c(Cl)c(Cl)c2C1=O,357.23,4.39,63.6,1,3,4,0,0.1753,Cilofexor (GS-9674),FXR
T21584,CCN(CC)Cc1cccc(C=Cc2nc3ccc(F)cc3c(=O)n2-c2ccccc2Cl)n1,462.96,5.59,51.0,0,4,7,1,0.1753,Lanifibranor (IVA-337),PPAR-alpha/gamma/delta
T72022,C[C@@H]1CN(c2ccc(F)cc2C(F)(F)F)CCN1S(=O)(=O)c1ccc(C#N)cc1Cl,461.87,4.27,64.4,0,4,3,0,0.1753,Denifanstat (TVB-2640),FASN
T62000,O=C(c1ccc2cc(Oc3ccc(C(F)(F)F)cn3)ccc2n1)N1CC[C@@H](F)C1,405.35,4.62,55.3,0,4,3,0,0.1753,Denifanstat (TVB-2640),FASN
T7725,C[C@@H](n1cnc2cc(Cl)ccc2c1=O)[C@](O)(Cn1cncn1)c1ccc(F)cc1F,431.83,3.07,85.8,1,5,5,0,0.1753,Lanifibranor (IVA-337),PPAR-alpha/gamma/delta
T83641,Cc1ccc(C(c2cc([N+](=O)[O-])ccc2O)N2CCc3ccccc32)cc1,360.41,4.76,66.6,1,4,4,0,0.1753,VK2809,THR-beta
T22159,CC(C)C(=O)SCCCCC[C@H](NC(=O)OC(C)(C)C)C(=O)NC12CC3CC(CC(C3)C1)C2,480.72,5.44,84.5,2,5,10,1,0.1753,Aramchol,SCD1
T10262,CC1(C)CCC(C)(C)c2cc(C(=NO)c3cc4cc(C(=O)O)ccc4[nH]3)ccc21,390.48,5.44,85.7,3,3,3,1,0.1753,Cilofexor (GS-9674),FXR
T204091,Cc1cc(-c2ccc3c(c2F)[C@@H](C)N([C@H]2CCC(=O)NC2=O)C3=O)nc(N)c1C,396.42,2.41,105.4,2,5,2,0,0.1753,Denifanstat (TVB-2640),FASN
T2090,CCC[C@H](Nc1nc(-c2ccc(NC(=O)NCC)c(OC)c2)ncc1C)c1cccnc1,434.54,4.95,101.1,3,6,9,0,0.1750,Firsocostat (GS-0976),ACC
T3690,COc1ccc(CC(=O)NC(N/C(=N/C#N)Nc2cccc3ncccc23)C(C)(C)C)cc1OC,474.57,3.82,120.7,3,6,7,0,0.1750,Firsocostat (GS-0976),ACC
T6130,O=C1c2ccc(Nc3ccc(F)cc3F)cc2CCc2ccc(OC[C@H](O)CO)cc21,425.43,3.77,78.8,3,5,6,0,0.1750,BI-1467335,AOC3/VAP-1
T5208,O=C(Nc1ccccc1C(=O)O)c1cc(S(=O)(=O)c2ccccc2)ccc1Cl,415.85,4.12,100.5,2,4,5,0,0.1750,Lanifibranor (IVA-337),PPAR-alpha/gamma/delta
T5480,COc1cc(C(=O)NC2CCN(C)CC2)ccc1Nc1ncc(C(F)(F)F)c(Oc2cccc3c2C(=O)CC3)n1,555.56,4.99,105.7,2,8,7,1,0.1750,Cilofexor (GS-9674),FXR
TQ0015,C=CC(=O)N1CCN(CCCn2c(=O)c(-c3c(Cl)c(OC)cc(OC)c3Cl)cc3cnc(NC)nc32)CC1,561.47,3.54,101.8,1,8,9,1,0.1750,Firsocostat (GS-0976),ACC
T13066,Cc1c(Cc2ccc(-n3cccn3)cc2)cc2c(c1F)CN([C@H]1COCC[C@@H]1O)C2=O,421.47,3.02,67.6,1,4,4,0,0.1750,Firsocostat (GS-0976),ACC
TN2197,COc1cc(C[C@@H](CO)[C@H](CO)Cc2ccc(O)c(OC)c2)ccc1O,362.42,2.12,99.4,4,6,9,0,0.1750,VK2809,THR-beta
T9073,CC(C)(C)OC(=O)c1ccc(NC23CC4CC(CC(C4)C2)C3)c(/N=C\c2cncnc2)c1,432.57,5.56,76.5,1,6,5,1,0.1750,BI-1467335,AOC3/VAP-1
T15409,CC1(C)c2nc(-c3ccc(F)cc3)c(Nc3ccc(Cl)cc3)n2CCN1C(=O)CN,427.91,4.12,76.2,2,4,4,0,0.1750,BI-1467335,AOC3/VAP-1
T22702,COc1ccc(Oc2c(Cl)cnn(C3c4ccccc4-c4ccccc43)c2=O)cc1,416.86,5.32,53.4,0,4,4,1,0.1750,Resmetirom,THR-beta
T26689,COc1ccc(CC(=O)NCc2ccccc2-c2ccccc2C(=O)NCCc2cccnc2)cc1,479.58,4.59,80.3,2,4,10,0,0.1750,BI-1467335,AOC3/VAP-1
T23522,NCCCCNS(=O)(=O)c1ccc2c(Cl)cccc2c1,312.82,2.51,72.2,2,3,6,0,0.1750,Lanifibranor (IVA-337),PPAR-alpha/gamma/delta
T10889,CN(C)c1nc(Cc2ccc(NC(=O)c3ccc4ccccc4c3)cc2)nc(Cl)c1CC(=O)O,474.95,4.82,95.4,2,5,7,0,0.1750,BI-1467335,AOC3/VAP-1
T72062,[H][C@@]1([C@H](C)Oc2ccnc(-c3noc([C@@]4(C)CCCc5sc(N)c(C#N)c54)n3)n2)CCCN1C,465.58,3.55,127.0,1,10,5,0,0.1750,Cilofexor (GS-9674),FXR
T61144,Nc1nc(-c2ccccn2)nc(N)c1Cc1ccc(Cl)cc1Cl,346.22,3.6,90.7,2,5,3,0,0.1750,Lanifibranor (IVA-337),PPAR-alpha/gamma/delta
T24840,Cc1cc(C)n2nc(OCCOc3ccc(Cl)cc3)nc2n1,318.76,2.85,61.5,0,5,5,0,0.1750,Lanifibranor (IVA-337),PPAR-alpha/gamma/delta
T69757,COc1ccc(-c2c(C)nc3c(N4CC[C@@H](NC(=O)Oc5ccccc5)C4)cc(C)nn23)cc1OC,487.56,4.4,90.2,1,7,6,0,0.1750,Firsocostat (GS-0976),ACC
TN7293,COc1cc(C[C@H](CO)[C@@H](CO)Cc2ccc(O)c(OC)c2)ccc1O,362.42,2.12,99.4,4,6,9,0,0.1750,VK2809,THR-beta
T1743,C[C@@H](O[C@H]1OCCN(Cc2nc(=O)[nH][nH]2)[C@H]1c1ccc(F)cc1)c1cc(C(F)(F)F)cc(C(F)(F)F)c1,534.43,4.95,83.2,2,5,6,1,0.1748,Denifanstat (TVB-2640),FASN
T2305,C[C@@H](c1nc(-c2ccc(C#N)cc2)cs1)[C@](O)(Cn1cncn1)c1cc(F)ccc1F,437.48,4.24,87.6,1,6,6,0,0.1748,Denifanstat (TVB-2640),FASN
T3439,O=C(CN1CCN(C(=O)c2ccco2)CC1)Nc1cc(C(F)(F)F)ccc1Cl,415.8,3.35,65.8,1,4,4,0,0.1748,Cilofexor (GS-9674),FXR
T3497,Cc1nc2c(C)cccn2c(=O)c1CCN1CCC(c2noc3cc(F)ccc23)CC1,420.49,4.01,63.6,0,5,4,0,0.1748,Denifanstat (TVB-2640),FASN
T6880,O=C(Nc1cnn2ccc(N3CCC[C@@H]3c3cc(F)ccc3F)nc12)N1CC[C@H](O)C1,428.44,2.95,86.0,2,5,3,0,0.1748,Denifanstat (TVB-2640),FASN
T7152,C[C@@H](c1nc(-c2ccc(C#N)cc2)cs1)[C@](O)(Cn1cncn1)c1ccc(F)cc1F,437.48,4.24,87.6,1,6,6,0,0.1748,Denifanstat (TVB-2640),FASN
T9002,CCOC(=O)N1CCC(Nc2c(NCCN3CCN(c4cccc(C(F)(F)F)c4)CC3)c(=O)c2=O)CC1,523.56,2.57,94.2,2,8,8,1,0.1748,Denifanstat (TVB-2640),FASN
TQ0236,CC#CC(=O)N1CC[C@@H](n2c(=O)n(-c3ccc(Oc4ccccc4)cc3)c3c(N)ncnc32)C1,454.49,2.75,108.3,1,6,4,0,0.1748,Denifanstat (TVB-2640),FASN
T12733,Cc1ccc(COC(=O)N2CC[C@H](CNc3ncccn3)[C@H](F)C2)cc1,358.42,3.19,67.3,1,5,5,0,0.1748,Cilofexor (GS-9674),FXR
T24873,Cc1ccccc1Oc1cccc2c(=O)cc(N3CCOCC3)[nH]c12,336.39,3.47,54.6,1,4,3,0,0.1748,Firsocostat (GS-0976),ACC
T29215,O=C(NC[C@H]1CN(c2ccc(-n3ccccc3=O)cc2)C(=O)O1)c1ccc(Cl)s1,429.89,3.31,80.6,1,5,5,0,0.1748,Cilofexor (GS-9674),FXR
T24421,CC(C)(CN1CCN(C2=Nc3ccccc3Oc3ccccc32)CC1)C(=O)O,379.46,3.6,65.4,1,5,3,0,0.1748,Firsocostat (GS-0976),ACC
T68079,COCc1c(C(=O)OC(C)C)ncc2[nH]c3cccc(Oc4ccc(Cl)cc4)c3c12,424.88,5.87,73.4,1,5,6,1,0.1748,VK2809,THR-beta
T35898,[H][C@]12CC[C@]([H])(C[C@@H](Nc3nc(Nc4cc(C)[nH]n4)cc4ncccc34)C1)N2CCC#N,402.51,3.73,105.5,3,7,6,0,0.1748,Denifanstat (TVB-2640),FASN
T25513,CCCc1nn(C)c2c(=S)nc(-c3cc(S(=O)(=O)N4CCN(CCO)CC4)ccc3OCC)[nH]c12,520.68,2.34,116.6,2,8,9,1,0.1748,Lanifibranor (IVA-337),PPAR-alpha/gamma/delta
T3276,CC(=O)Nc1ccc(OC(=O)c2ccccc2OC(C)=O)cc1,313.31,2.79,81.7,1,5,4,0,0.1746,BI-1467335,AOC3/VAP-1
T4803,COc1cc(/C=C/C(=O)CC(=O)/C=C/c2ccc(O)cc2)ccc1O,338.36,3.36,83.8,2,5,7,0,0.1746,BI-1467335,AOC3/VAP-1
T5814,O=C(N[C@@H](Cc1ccccc1)C(=O)N[C@H](CO)Cc1ccccc1)c1ccccc1,402.49,2.75,78.4,3,3,9,0,0.1746,BI-1467335,AOC3/VAP-1
TQ0111,COc1ccc2nc3ccc(OC)cc3c(SCCCN)c2c1,328.44,3.85,57.4,1,5,6,0,0.1746,BI-1467335,AOC3/VAP-1
T22049,CC1(C)C(=O)C(C)(C)c2cc(C(=O)Nc3ccc(C(=O)O)cc3)ccc21,351.4,3.78,83.5,2,3,3,0,0.1746,BI-1467335,AOC3/VAP-1
T23563,CC(O)(C(=O)Nc1ccc(S(=O)(=O)c2ccccc2)cc1)C(F)(F)F,373.35,2.77,83.5,2,4,4,0,0.1746,BI-1467335,AOC3/VAP-1
T68143,C[C@H](COc1ccccc1)N[C@H](CO)[C@@H](O)c1ccccc1,301.39,2.14,61.7,3,4,8,0,0.1746,BI-1467335,AOC3/VAP-1
T16090,[H][C@@]12CC[C@@]3([H])N(C)C(=O)C(F)=C[C@]3(C)[C@@]1([H])CC[C@]1(C)[C@@H](C(=O)NCc3nc4ncccc4[nH]3)CC[C@@]21[H],479.6,4.13,91.0,2,4,3,0,0.1746,Firsocostat (GS-0976),ACC
T4323,O=C(Nc1cccnn1)N1CCC(=Cc2cccc(Oc3ccc(C(F)(F)F)cn3)c2)CC1,455.44,5.39,80.2,1,5,4,1,0.1744,BI-1467335,AOC3/VAP-1
T7195,CC(C)(C)NCc1ccc(Nc2ccnc3cc(Cl)ccc23)cc1O,355.87,5.23,57.2,3,4,4,1,0.1744,Lanifibranor (IVA-337),PPAR-alpha/gamma/delta
T7798,CCCc1cc(-c2nc(-c3ccc(NS(C)(=O)=O)cc3)cs2)ccn1,373.5,4.2,72.0,1,5,6,0,0.1744,Lanifibranor (IVA-337),PPAR-alpha/gamma/delta
T15576,O=C(Nc1ccncc1)C(=O)c1cn(Cc2ccc(Cl)cc2)c2ccccc12,389.84,4.56,64.0,1,3,5,0,0.1744,Lanifibranor (IVA-337),PPAR-alpha/gamma/delta
T15185,CNC(=O)c1cccc2cc(Oc3ccnc4cc(OCC5(N)CC5)c(OC)cc34)ccc12,443.5,4.42,95.7,2,6,7,0,0.1744,BI-1467335,AOC3/VAP-1
T23513,Cc1cc(C)c2c(N)c(C(=O)NCc3ccc(Cl)cc3)sc2n1,345.86,4.08,68.0,2,4,3,0,0.1744,Lanifibranor (IVA-337),PPAR-alpha/gamma/delta
T5373,CNCc1cc(Oc2ccc3c(ccn3C(=O)Nc3cc(C(F)(F)F)n(C)n3)c2)ncn1,445.41,3.78,98.9,2,6,5,0,0.1744,BI-1467335,AOC3/VAP-1
T28118,COc1cc(CNC(=O)CCCc2cccs2)ccc1O,305.4,3.1,58.6,2,4,7,0,0.1744,Lanifibranor (IVA-337),PPAR-alpha/gamma/delta
T14688,CSc1ccc(C(=O)N[C@@H]2CCCC[C@@H]2NC(=O)CNC(=O)c2cc(C(F)(F)F)ccc2NC(=O)NC(C)C)cc1,593.67,4.54,128.4,5,5,9,1,0.1744,BI-1467335,AOC3/VAP-1
T67728,CCOC(=O)C1=C(C)NC(C)=C(C(=O)OCC)C1c1cccc2c1OCO2,373.41,2.78,83.1,1,7,5,0,0.1744,Denifanstat (TVB-2640),FASN
T68016,O=C(O)CC[C@@H](NC(=O)c1cc(Cl)cc(Cl)c1)C(=O)N1CCC2(CCCC2)CC1,441.36,4.14,86.7,2,3,6,0,0.1744,Lanifibranor (IVA-337),PPAR-alpha/gamma/delta
T77601,O=C(O)Cn1c(SCCOc2ccccc2F)nc2ccccc21,346.38,3.43,64.3,1,4,7,0,0.1744,Lanifibranor (IVA-337),PPAR-alpha/gamma/delta
TN5770,COc1cc(CC/C=C/C(=O)CCc2ccc(O)c(OC)c2)ccc1O,356.42,3.81,76.0,2,5,9,0,0.1744,VK2809,THR-beta
T22259,CNc1nccc(-c2cccnc2Oc2cc(C(=O)Nc3cccc(C(F)(F)F)c3)ccc2C)n1,479.46,5.95,89.0,2,6,6,1,0.1744,BI-1467335,AOC3/VAP-1
T1057,CCOc1nc2cccc(C(=O)O)c2n1Cc1ccc(-c2ccccc2-c2noc(=O)[nH]2)cc1,456.46,4.19,123.2,2,6,7,0,0.1743,Cilofexor (GS-9674),FXR
T4095,COc1ccc(CC(=O)Nc2nc3c(s2)CCc2ccccc2-3)cc1OC,380.47,4.11,60.5,1,5,5,0,0.1743,Firsocostat (GS-0976),ACC
T4581,[H][C@]12SCC(O)=C(C(=O)OC(c3ccccc3)c3ccccc3)N1C(=O)[C@H]2NC(=O)Cc1ccccc1,500.58,3.73,95.9,2,6,7,1,0.1743,Firsocostat (GS-0976),ACC
T8645,O=C(c1ccc(-n2nnc3cccnc32)cc1)N(c1ncccc1Cl)[C@@H]1CCCNC1,433.9,3.26,88.8,1,6,4,0,0.1743,Cilofexor (GS-9674),FXR
T20950,O=C(O)Cn1nnc(-c2nnc(N3CCC(Oc4cc(F)ccc4Br)CC3)s2)n1,484.31,2.23,119.2,1,9,6,0,0.1743,Cilofexor (GS-9674),FXR
T22339,Cc1nc(N)ncc1-c1nc(N2CCOCC2)c2sc(C(C)(C)O)cc2n1,386.48,2.1,110.3,2,9,3,0,0.1743,Firsocostat (GS-0976),ACC
T9814,C=CC(=O)N1CCC[C@@H](Nc2nc(Nc3cnn(CC)c3)nc3[nH]cc(-c4ccccc4)c23)C1,456.55,4.17,103.8,3,6,7,0,0.1743,Denifanstat (TVB-2640),FASN
T77621,COc1ccc(NC(=O)CSc2nc(=O)c3ccccc3[nH]2)c(OC)c1,371.42,2.67,93.3,2,6,6,0,0.1743,Firsocostat (GS-0976),ACC
T73286,CN(c1ccc2ncc(-c3ccc4cn[nH]c4c3)n2n1)C1CCOCC1,348.41,2.89,71.3,1,5,3,0,0.1743,Firsocostat (GS-0976),ACC
T68405,Cc1ccsc1C(=O)Nc1cc(CN2CCN(C(=O)CO)CC2)ccc1/C=C/c1n[nH]c2ccccc12,515.64,3.99,101.6,3,6,7,1,0.1743,Denifanstat (TVB-2640),FASN
T27248,Cn1ncc(NCCN2CCC(c3noc4cc(F)ccc34)CC2)c(Cl)c1=O,405.86,3.01,76.2,1,6,5,0,0.1743,Cilofexor (GS-9674),FXR
T28511,Cc1oc(-c2ccccc2)nc1CCOc1ccc(CC2C(=O)NOC2=O)cc1,392.41,3.02,90.7,1,6,7,0,0.1743,Firsocostat (GS-0976),ACC
T20734,[H][C@@]12CC[C@](OC(=O)CCCC)(C(=O)COC(C)=O)[C@@]1(C)C[C@H](O)[C@@]1([H])[C@@]2([H])CCC2=CC(=O)C=C[C@@]21C,486.61,3.87,107.0,1,7,7,0,0.1743,Aramchol,SCD1
T0270,CCCC(=O)O[C@]1(C(=O)CO)CC[C@H]2[C@@H]3CCC4=CC(=O)CC[C@]4(C)[C@H]3[C@@H](O)C[C@@]21C,432.56,3.13,100.9,2,6,5,0,0.1739,Obeticholic acid (OCA),FXR
T1066,O=C(c1ccc(F)cc1)C1CCN(CCn2c(=O)[nH]c3ccccc3c2=O)CC1,395.43,2.42,75.2,1,4,5,0,0.1739,Denifanstat (TVB-2640),FASN
T1788,CCN(c1cc(-c2ccc(CN3CCOCC3)cc2)cc(C(=O)NCc2c(C)cc(C)[nH]c2=O)c1C)C1CCOCC1,572.75,4.73,86.9,2,6,9,1,0.1739,VK2809,THR-beta
T2273,CCOC(=O)C1=C(C)NC2=C(C(=O)CC(C)(C)C2)C1c1ccc(-c2ccccc2)cc1,415.53,5.52,55.4,1,4,4,1,0.1739,Denifanstat (TVB-2640),FASN
T2675,N#CC(c1ccnc(OCc2ccc(CN3CCOCC3)cc2)n1)c1nc2ccccc2s1,457.56,4.15,84.2,0,8,7,0,0.1739,Firsocostat (GS-0976),ACC
T2923,CCOc1cc([C@@H](CS(C)(=O)=O)N2C(=O)c3cccc(NC(C)=O)c3C2=O)ccc1OC,460.51,2.43,119.1,1,7,8,0,0.1739,Firsocostat (GS-0976),ACC
T3364,[H][C@]12Cc3c(ccc([C@H](C)[C@@H]4NC[C@@H](C)C[C@H]4O)c3C)[C@]1([H])CC=C1C[C@@H](O)CC[C@@]12C,409.61,4.59,52.5,3,3,2,0,0.1739,Obeticholic acid (OCA),FXR
T3476,COc1ccc(Br)cc1NC(=O)Nc1cccc2c1ccn2Cc1ccnc(N)c1,466.34,5.08,94.2,3,4,5,1,0.1739,Firsocostat (GS-0976),ACC
T3636,COc1cc2c(cc1OC)CN(C(=O)/C=C/c1c(-c3ccccc3)n(C)c3ncccc13)CC2,453.54,4.86,56.6,0,4,5,0,0.1739,Firsocostat (GS-0976),ACC
T3659,COc1cc2ncnc(Nc3cccc(Cl)c3F)c2cc1OC(=O)N1CCN(C)C[C@H]1C,459.91,4.31,79.8,1,7,4,0,0.1739,Cilofexor (GS-9674),FXR
T3689,CN(C)C[C@@H]1CCn2cc(c3ccccc32)C2=C(C(=O)NC2=O)c2cn(c3ccccc23)CCO1,468.56,3.51,68.5,1,4,2,0,0.1739,Denifanstat (TVB-2640),FASN
T4105,Cc1c(CN(C)C(=O)/C=C/c2cnc3c(c2)CCC(=O)N3)oc2ccccc12,375.43,3.69,75.4,1,4,4,0,0.1739,Firsocostat (GS-0976),ACC
T4342,CC1(C)CC(=O)c2c(C(F)(F)F)nn(-c3ccc(C(N)=O)c(NC4CCC(OC(=O)CN)CC4)c3)c2C1,521.54,3.37,142.3,3,7,6,1,0.1739,BI-1467335,AOC3/VAP-1
T6341,CC1(C)CC(=O)c2c(C(F)(F)F)nn(-c3ccc(C(N)=O)c(N[C@H]4CC[C@H](OC(=O)CN)CC4)c3)c2C1,521.54,3.37,142.3,3,7,6,1,0.1739,BI-1467335,AOC3/VAP-1
T16962,O=C(NO)c1ccc(CN2CCCc3cc(Cl)ccc32)cc1,316.79,3.41,52.6,2,3,3,0,0.1739,BI-1467335,AOC3/VAP-1
T8700,O=C(CSc1ccc2ccccc2n1)NNC(=O)c1ccc(Cl)cc1,371.85,3.44,71.1,2,4,4,0,0.1739,BI-1467335,AOC3/VAP-1
T12075,O=c1cc(N2CCN(c3cccc(Cl)c3)CC2)[nH]c(=O)n1C1CCCCC1,388.9,3.02,61.3,1,4,3,0,0.1739,VK2809,THR-beta
T4A2399,[H][C@]12CC[C@]3(C)[C@@H](c4ccc(=O)oc4)[C@@H](OC(C)=O)[C@H]4O[C@]43[C@]1([H])CC[C@]1(O)C[C@@H](O)CC[C@@]12C,458.55,2.91,109.5,2,7,2,0,0.1739,Obeticholic acid (OCA),FXR
TQ0101,CN1CCN(C(=O)c2ccc(-c3ccc4c(C=O)c(O)ccc4c3)s2)CC1,380.47,3.47,60.9,1,5,3,0,0.1739,Denifanstat (TVB-2640),FASN
T12432,O=C(N[C@H]1CCCC[C@H]1C(=O)O)c1cnn2c(O)cc(-c3ccccc3)nc12,380.4,2.48,116.8,3,5,4,0,0.1739,Denifanstat (TVB-2640),FASN
T13356,Cc1nc(N2CCN(Cc3ccc(F)cc3)C2=O)sc1C(=O)NCc1cccnc1,425.49,3.36,78.4,1,5,6,0,0.1739,Firsocostat (GS-0976),ACC
T12877L,Cc1cc(C)nc(N2CC3CN(C(=O)c4c(F)cccc4-n4nccn4)CC3C2)n1,407.45,2.02,80.0,0,6,3,0,0.1739,Denifanstat (TVB-2640),FASN
T14557,CCOCCn1cc(C(=O)Nc2ccc(-n3nc(-c4cccnc4)cc3C(F)(F)F)cn2)ccc1=O,498.47,3.8,103.9,1,6,8,0,0.1739,BI-1467335,AOC3/VAP-1
T21826,O=C(CCl)Nc1ccc(S(=O)(=O)c2ccc(NC(=O)CCl)cc2)cc1,401.27,2.87,92.3,2,4,6,0,0.1739,Lanifibranor (IVA-337),PPAR-alpha/gamma/delta
TN6784,CCOC(=O)[C@@H](Cc1ccc(O)c(O)c1)OC(=O)/C=C/c1ccc(O)c(O)c1,388.37,2.24,133.5,4,8,7,0,0.1739,VK2809,THR-beta
T22115,O=C(Nc1ncc([N+](=O)[O-])s1)c1ccc([N+](=O)[O-])c(Cl)c1,328.69,2.87,128.3,1,7,4,0,0.1739,BI-1467335,AOC3/VAP-1
T22595,O=C(c1ccc(Cl)cc1)N1CCN(c2ccc([N+](=O)[O-])c3ncccc23)CC1,396.83,3.76,79.6,0,5,3,0,0.1739,Denifanstat (TVB-2640),FASN
T12612,CCOc1cc([C@H](CS(C)(=O)=O)N2C(=O)c3cccc(NC(C)=O)c3C2=O)ccc1OC,460.51,2.43,119.1,1,7,8,0,0.1739,Firsocostat (GS-0976),ACC
T18976,CC(=O)Oc1ccc2c(c1)Oc1cc(OC(C)=O)ccc1C2c1ccccc1C(=O)O,418.4,4.52,99.1,1,6,4,0,0.1739,Cilofexor (GS-9674),FXR
T10413,CCCn1c(=O)[nH]c2cc(C(=O)Nc3nc4c(s3)CN(C(=O)OC(C)(C)C)CC4)ccc2c1=O,485.57,3.1,126.4,2,7,4,0,0.1739,BI-1467335,AOC3/VAP-1
TQ0289,CC(C)S(=O)(=O)NC[C@H](C)c1ccc(NC(=O)c2cc(F)cc(F)c2)cc1,396.46,3.65,75.3,2,3,7,0,0.1739,BI-1467335,AOC3/VAP-1
T35317,O=C(O)Cc1nn(Cc2nc3cc(C(F)(F)F)ccc3s2)c(=O)c2ccccc12,419.38,3.7,85.1,1,5,4,0,0.1739,Lanifibranor (IVA-337),PPAR-alpha/gamma/delta
T26623,CC(=O)c1cccc(NC(=O)N2CCC(Cc3ccc(-n4cccc4)cc3)CC2)c1,401.51,5.17,54.3,1,2,5,1,0.1739,Denifanstat (TVB-2640),FASN
T16581,NC(=O)CCCN=C(c1ccc(Cl)cc1)c1cc(F)ccc1O,334.78,3.29,75.7,2,3,6,0,0.1739,BI-1467335,AOC3/VAP-1
T11061,CCc1c(C(=O)OC)ncc2[nH]c3cc(OC)c(OC)cc3c12,314.34,3.08,73.4,1,5,4,0,0.1739,BI-1467335,AOC3/VAP-1
T9004,COc1cc2c(NC3CCN(C)CC3)nc(N3CCCN(C)CC3)nc2cc1OCc1ccccc1,490.65,3.87,66.0,1,8,7,0,0.1739,Firsocostat (GS-0976),ACC
T67839,COc1ccc(-n2nc3ccc(NC(=O)CCl)cc3n2)cc1,316.75,2.61,69.0,1,4,4,0,0.1739,BI-1467335,AOC3/VAP-1
T67923,CCN1CCN(c2ccc(NC(=O)c3cc4ccccc4oc3=O)cc2)CC1,377.44,3.19,65.8,1,5,4,0,0.1739,Denifanstat (TVB-2640),FASN
T19710,CC1(COc2ccc(CC3SC(=O)NC3=O)cc2)CCCCC1,333.45,3.93,55.4,1,4,5,0,0.1739,BI-1467335,AOC3/VAP-1
T77606,O=C(c1cc2nc(-c3ccco3)cc(C(F)(F)F)n2n1)N1CCCC1,350.3,3.24,63.6,0,4,2,0,0.1739,Denifanstat (TVB-2640),FASN
T14307,[H][C@]1([C@H](O)C2CCCCC2)NC(=O)C2(CCN(Cc3ccc(Oc4ccc(C(=O)O)cc4)cc3)CC2)N(CCCC)C1=O,577.72,4.58,119.4,3,6,10,1,0.1739,Cilofexor (GS-9674),FXR
T85310,N#Cc1cccc(CN2CCc3ncn(Cc4ccc(Cl)cc4)c(=O)c3C2)c1,390.87,3.37,61.9,0,4,4,0,0.1739,Lanifibranor (IVA-337),PPAR-alpha/gamma/delta
T63991,COc1cc(OC)c2c(=O)nc(-c3ccc(OCC(=O)Nc4ccc(N5CCN(C)CC5)c(Cl)c4)cc3)[nH]c2c1,564.04,4.03,109.0,2,8,8,1,0.1739,BI-1467335,AOC3/VAP-1
T201415,CN1Cc2c(NCc3ccc(CN4CCN(c5ccc(C#N)c(F)c5)CC4)cc3)cccc2C(=O)N1C1CCC(=O)NC1=O,595.68,3.24,112.0,2,8,7,1,0.1739,Denifanstat (TVB-2640),FASN
T35887,COc1ccc(CNc2ccc([N+](=O)[O-])c3nonc23)cc1,300.27,2.75,103.3,1,7,5,0,0.1739,BI-1467335,AOC3/VAP-1
T70348,[H][C@@]12C[C@H](c3ccccc3C(F)(F)F)C[C@]1([H])CN(c1nc(C)cc(C(=O)O)n1)C2,391.39,4.13,66.3,1,4,3,0,0.1739,Denifanstat (TVB-2640),FASN
T9192,Cc1cc(-c2ccnc(Nc3cnn(C)c3)n2)ccc1CNC(=O)N1CC(OC(C)C)C1,435.53,3.25,97.2,2,6,7,0,0.1736,Firsocostat (GS-0976),ACC
T39647,CCCN(C)C(=O)OCc1c(-c2ccc(O[C@H]3CCC[C@H](C(=O)O)C3)c(C)n2)nnn1C,445.52,3.19,119.7,1,7,8,0,0.1736,Firsocostat (GS-0976),ACC
T25384,CCOC(=O)Nc1ccc(SC[C@H]2CO[C@](Cn3ccnc3)(c3ccc(OC)cc3)O2)cc1,469.56,4.52,83.8,1,7,9,0,0.1736,Firsocostat (GS-0976),ACC
T0343,COCCOC(=O)C1=C(C)NC(C)=C(C(=O)OC(C)C)C1c1cccc([N+](=O)[O-])c1,418.45,2.97,117.0,1,8,8,0,0.1735,VK2809,THR-beta
T3072,O=C(Nc1ccc(-c2ccnc(Nc3ccc(N4CCOCC4)cc3)n2)cc1)[C@@H]1CCCN1,444.54,3.41,91.4,3,7,6,0,0.1735,Denifanstat (TVB-2640),FASN
T3703,[H][C@]12CCCN1CCN(C(=O)c1cc(S(=O)(=O)Nc3ccccc3F)c(F)cc1Cl)C2,455.91,3.34,69.7,1,4,4,0,0.1735,Denifanstat (TVB-2640),FASN
T4453,CC(C)[C@H](/N=C(/NS(=O)(=O)c1ccc(Cl)cc1)N1C[C@H](c2ccccc2)C(c2ccc(Cl)cc2)=N1)C(N)=O,572.52,4.64,117.2,2,5,7,1,0.1735,Lanifibranor (IVA-337),PPAR-alpha/gamma/delta
T6084,Cc1cnc(NC(=O)Nc2cc(Br)c(C)cc2OC[C@@H]2CNCCO2)cn1,436.31,2.87,97.4,3,6,5,0,0.1735,Denifanstat (TVB-2640),FASN
T6875,O=C(O)CSc1nnc(Br)n1-c1ccc(C2CC2)c2ccccc12,404.29,4.24,68.0,1,4,5,0,0.1735,Cilofexor (GS-9674),FXR
T11850,[H][C@@]12C=CC[C@]1([H])[C@H](c1ccc(C(=O)O)cc1)Nc1c(OCC)cccc12,335.4,4.61,58.6,2,3,4,0,0.1735,VK2809,THR-beta
TQ0011,Cc1[nH]c2c(N3CCO[C@H](CO)C3)c(C#N)c(C(F)(F)F)nc2c1Cl,374.75,2.61,85.2,2,5,2,0,0.1735,Denifanstat (TVB-2640),FASN
TQ0078,COc1ccc(F)cc1-c1cc(NC(=O)[C@@H]2CCCNC2)ncc1Cl,363.82,3.49,63.2,2,4,4,0,0.1735,Denifanstat (TVB-2640),FASN
T9980,O=C(c1ccc(Cn2c(CO)cc3ccccc32)cc1)N1CCN(c2ccc3c(c2)OCO3)CC1,469.54,3.87,67.2,1,5,5,0,0.1735,Denifanstat (TVB-2640),FASN
T60095,O=C(Cn1nnc2ccccc21)N(Cc1cccc(Cl)c1)c1ccc(-c2cnc[nH]2)cc1,442.91,4.71,79.7,1,4,6,0,0.1735,Lanifibranor (IVA-337),PPAR-alpha/gamma/delta
T11031,Cc1c(Cc2ccccc2F)c(OC(C)C)nn1-c1ncc(C2CC2)cn1,366.44,4.37,52.8,0,4,6,0,0.1735,VK2809,THR-beta
T31195,CCNC(=O)NCCCOc1cccc(CN2CCCCC2)c1,319.45,2.76,53.6,2,3,8,0,0.1735,Cilofexor (GS-9674),FXR
TQ0151,[H][C@@]12CCCN1C(=O)c1cc(OC)ccc1-n1cnc(C(=O)OCC)c12,341.37,2.35,73.7,0,5,3,0,0.1735,Denifanstat (TVB-2640),FASN
T4309,O=S(=O)(c1ccc2c(c1)C(=NO)c1cc(S(=O)(=O)N3CCCCC3)ccc1-2)N1CCCCC1,489.62,3.24,107.3,1,6,4,0,0.1733,Lanifibranor (IVA-337),PPAR-alpha/gamma/delta
T6861,CCOC(=O)COc1ccc(C=C2SC(=S)NC2=O)cc1OC,353.42,2.13,73.9,1,7,6,0,0.1733,BI-1467335,AOC3/VAP-1
T13612,Cc1cc(C)cc(C(=O)N(NC(=O)c2ccc3c(c2C)CCCO3)C(C)(C)C)c1,394.52,4.52,58.6,1,3,2,0,0.1733,BI-1467335,AOC3/VAP-1
T16022,CC(=O)NCCOC(=O)[C@H](Oc1cccc(C(F)(F)F)c1)c1ccc(Cl)cc1,415.8,4.16,64.6,1,4,7,0,0.1733,BI-1467335,AOC3/VAP-1
T9146,Nc1nc(NCc2ccc(Oc3ccccc3)cc2)nc(-c2c(F)cccc2CO)n1,417.44,4.16,106.2,3,7,7,0,0.1733,BI-1467335,AOC3/VAP-1
T14089,CCCCOCCOc1nc(-c2ccc(C(=O)O)c(F)c2)sc1C,353.42,4.15,68.7,1,5,9,0,0.1733,BI-1467335,AOC3/VAP-1
T30140,CC(C)(C)NCC(O)CSc1nc(-c2ccc(C(N)=O)s2)cs1,371.55,2.81,88.2,3,7,7,0,0.1733,BI-1467335,AOC3/VAP-1
T40087,Cc1c(Cc2ccc(C(F)(F)F)nc2)c[nH]c1C(=O)NC1CC1,323.32,3.22,57.8,2,2,4,0,0.1733,BI-1467335,AOC3/VAP-1
T62413,Cc1nc2ncccc2c(=O)n1-c1ccc(NC(=O)c2ccc(-c3ccccc3)cc2)cc1,432.48,5.01,76.9,1,4,4,1,0.1733,BI-1467335,AOC3/VAP-1
T78597,Cc1ccc(C(=O)Nc2cccc(-c3nccn3C)c2)cc1NC(=O)c1ccccc1,410.48,4.9,76.0,2,3,5,0,0.1733,BI-1467335,AOC3/VAP-1
T204465,COc1cc(OC)cc(C(=O)Nc2cccc(-c3nc4cccnc4s3)c2)c1,391.45,4.63,73.3,1,6,5,0,0.1733,BI-1467335,AOC3/VAP-1
T0076,Cc1nc2n(c(=O)c1CCN1CCC(c3noc4cc(F)ccc34)CC1)CCCC2O,426.49,3.08,84.4,1,6,4,0,0.1731,Denifanstat (TVB-2640),FASN
T1123,CC[C@@]1(O)C(=O)OCc2c1cc1n(c2=O)Cc2cc3ccccc3nc2-1,348.36,2.08,81.4,1,5,1,0,0.1731,Cilofexor (GS-9674),FXR
T3985,CC(C)n1ncnc1-c1cn2c(n1)-c1ccc(O[C@@H](C)C(N)=O)cc1OCC2,382.42,2.03,110.1,1,6,5,0,0.1731,VK2809,THR-beta
T6150,CCc1nc(-c2cccc(C)c2)c(-c2ccnc(NC(=O)c3ccccc3)c2)s1,399.52,6.0,54.9,1,4,5,1,0.1731,Cilofexor (GS-9674),FXR
T6852,CN1C(=O)[C@@H](NC(=O)c2cc(Cc3ccccc3)on2)COc2ccccc21,377.4,2.42,84.7,1,5,4,0,0.1731,Cilofexor (GS-9674),FXR
T7005,CC(C)Nc1cc(-c2c[nH]c(C(=O)N[C@H](CO)c3cccc(Cl)c3)c2)c(Cl)cn1,433.34,4.67,90.0,4,4,7,0,0.1731,VK2809,THR-beta
TL0007,O=C(/C=C/c1ccc(O)cc1)CC(=O)/C=C/c1ccc(O)cc1,308.33,3.35,74.6,2,4,6,0,0.1731,BI-1467335,AOC3/VAP-1
T15199,CC1(C)CC=C(c2nc(C3CC(C)(C)OC(C)(C)C3)ccc2NC(=O)c2ncc(C#N)[nH]2)CC1,461.61,5.97,103.7,2,5,4,1,0.1731,Denifanstat (TVB-2640),FASN
T8801,CC(C)n1cnc2c(Nc3cccc(Cl)c3)nc(N[C@H]3CCCC[C@@H]3N)nc21,399.93,4.49,93.7,3,6,5,0,0.1731,VK2809,THR-beta
TQ0014,O=S(=O)(Nc1nnc2cc(OCC34CC5CC(CC(C5)C3)C4)c(C3CC3)cn12)C1CC1,442.59,4.11,85.6,1,5,7,0,0.1731,Cilofexor (GS-9674),FXR
T9235,CC(=O)N1CCN(c2ccc([N+](=O)[O-])c(-c3ccc(F)c(C=C4SC(=O)NC4=O)c3)n2)CC1,471.47,2.79,125.8,1,8,4,0,0.1731,Denifanstat (TVB-2640),FASN
T9226,COc1ccccc1N1CCN(C2CCCCC2NS(=O)(=O)c2ccccc2)CC1,429.59,3.11,61.9,1,5,6,0,0.1731,Firsocostat (GS-0976),ACC
T24410,Cc1c[nH]c2ncnc(N3CCN(C(=Nc4cccc(Br)c4)NC#N)[C@@H](C)C3)c12,453.35,3.3,96.2,2,5,2,0,0.1731,Denifanstat (TVB-2640),FASN
T26647,CC1=C(C(=O)Nc2cc(Cl)ccc2Cl)C(c2ccco2)C2=C(CCCC2=O)N1,417.29,5.19,71.3,2,4,3,1,0.1731,VK2809,THR-beta
T12433,CC(C)c1cnc(-c2cc(Cl)ccc2F)cc1Nc1ccncc1C(=O)NC(CO)CO,458.92,3.89,107.4,4,6,8,0,0.1731,VK2809,THR-beta
T28257,CC(C)NC(=O)C[C@H]1CCCN(C(=O)c2ccc(N3CCCC3)cc2Cl)c2ccccc21,454.01,5.38,52.7,1,3,5,1,0.1731,VK2809,THR-beta
T28257L,CC(C)NC(=O)C[C@@H]1CCCN(C(=O)c2ccc(N3CCCC3)cc2Cl)c2ccccc21,454.01,5.38,52.7,1,3,5,1,0.1731,VK2809,THR-beta
T77783,CCn1c2ccccc2c2cc(NC(=O)CN3CCN(c4ccccn4)CC3)ccc21,413.53,3.97,53.4,1,4,5,0,0.1731,Cilofexor (GS-9674),FXR
T18719,CC(CCC(=O)ON1C(=O)CCC1=O)SSc1ccccn1,340.43,2.6,76.6,0,7,7,0,0.1731,Firsocostat (GS-0976),ACC
T37824,CCOc1ccc(S(=O)(=O)Nc2ccc(Cl)cc2C#Cc2cnc(C(=O)O)cc2OC)c2ncccc12,537.98,4.59,127.7,2,7,7,1,0.1731,Lanifibranor (IVA-337),PPAR-alpha/gamma/delta
T24625,CN1Cc2cc(Cl)ccc2-n2c(nnc2C2CCN(c3ccccn3)CC2)C1,394.91,3.65,50.1,0,5,2,0,0.1731,Cilofexor (GS-9674),FXR
T206046,CCn1cnc2c(Nc3cccc(Cl)c3)nc(N[C@H]3CCCC[C@H]3N)nc21,385.9,3.93,93.7,3,6,5,0,0.1731,VK2809,THR-beta
T0816,CC(=O)c1ccc(S(=O)(=O)NC(=O)NC2CCCCC2)cc1,324.4,2.21,92.3,2,4,4,0,0.1728,Denifanstat (TVB-2640),FASN
T1473,C[C@]12CC[C@H]3[C@@H](CC[C@@]45O[C@@H]4C(O)=C(C#N)C[C@]35C)[C@@H]1CC[C@@H]2O,329.44,3.47,76.8,2,4,0,0,0.1728,Obeticholic acid (OCA),FXR
T2681,CC(C)(O)c1nc(-c2cccc(CNC(=O)c3cnc(-c4ccccn4)nc3)c2)no1,416.44,2.75,126.9,2,8,6,0,0.1728,BI-1467335,AOC3/VAP-1
T3983,CC(C)(CNC(=O)c1cccc(-c2noc(C(F)(F)F)n2)c1)c1coc(-c2ccccc2)n1,456.42,5.12,94.1,1,6,6,1,0.1728,BI-1467335,AOC3/VAP-1
T5479,O=C(O)c1ccc(C(=O)N[C@@H](c2ccc(OC(F)(F)F)c(F)c2)c2ncccc2F)nc1,453.32,3.87,101.4,2,5,6,0,0.1728,BI-1467335,AOC3/VAP-1
T21164,Cc1nn(-c2cc(NS(C)(=O)=O)c(Cl)cc2Cl)c(=O)n1C(F)F,387.2,2.42,86.0,1,4,4,0,0.1728,Resmetirom,THR-beta
T14881,Cc1c(C(N)=O)nn(-c2ccc(Cl)cc2Cl)c1-c1ccc(Cl)cc1,380.66,4.91,60.9,1,2,3,0,0.1728,Lanifibranor (IVA-337),PPAR-alpha/gamma/delta
T9622,O=C(O)c1ccc(C2(NC(=O)c3cccc4ccn(Cc5ccc(C(F)(F)F)cc5)c34)CC2)cc1,478.47,5.83,71.3,2,2,6,1,0.1728,BI-1467335,AOC3/VAP-1
T23525,NCCCCCCNS(=O)(=O)c1ccc2c(Cl)cccc2c1,340.88,3.29,72.2,2,3,8,0,0.1728,Lanifibranor (IVA-337),PPAR-alpha/gamma/delta
T23209,O=C(NCc1ccccc1)c1ccc2c(=O)n(-c3cccc(C(F)(F)F)c3)c(=S)[nH]c2c1,455.46,5.0,66.9,2,3,4,0,0.1728,BI-1467335,AOC3/VAP-1
T27650,C=CC(=O)Nc1ccc(F)c(-c2ncnc3[nH]cc(C(=O)OCC)c23)c1,354.34,3.07,97.0,2,5,5,0,0.1728,BI-1467335,AOC3/VAP-1
T32368,C[C@@H]1CN(c2ccc(F)cc2C(F)(F)F)CCN1S(=O)(=O)c1ccc(C(N)=O)cc1Cl,479.88,3.5,83.7,1,4,4,0,0.1728,BI-1467335,AOC3/VAP-1
T13477,CCOc1ccc(NC(=S)N(CCO)Cc2cc3cc(C)cc(C)c3[nH]c2=O)cc1,425.55,3.73,77.6,3,4,7,0,0.1728,BI-1467335,AOC3/VAP-1
T69913,NCc1cc(Oc2cccc(C(=O)N3C[C@@H](O)[C@H](F)C3)c2)nc(C(F)(F)F)c1,399.34,2.51,88.7,2,5,4,0,0.1728,BI-1467335,AOC3/VAP-1
T14953,Nc1ccc(S(=O)(=O)Nc2cnc3c(Cl)cccc3n2)cc1,334.79,2.67,98.0,2,5,3,0,0.1728,Lanifibranor (IVA-337),PPAR-alpha/gamma/delta
T25526,O=C(O)CCC(=O)Nc1ccc(-c2nc3ccccc3[nH]2)cc1,309.33,3.03,95.1,3,3,5,0,0.1728,Lanifibranor (IVA-337),PPAR-alpha/gamma/delta
TCA2511,[H][C@@]12CCC3=CC(=O)CC[C@]3(C)[C@@]1([H])[C@@H](O)C[C@]1(C)[C@@H](C(C)=O)CC[C@@]21[H],330.47,3.69,54.4,1,3,1,0,0.1728,Obeticholic acid (OCA),FXR
T23158,Nc1nccc(-c2ccc3noc(-c4ccc(Cl)cc4)c3c2)n1,322.76,4.19,77.8,1,5,2,0,0.1728,Lanifibranor (IVA-337),PPAR-alpha/gamma/delta
T4263,COc1ccc(-c2cc3nccn3c(Nc3ncccc3C(N)=O)n2)cc1OC,390.4,2.65,116.7,2,7,6,0,0.1727,Firsocostat (GS-0976),ACC
T6154,Cc1[nH]c(/C=C2\C(=O)Nc3ccc(S(=O)(=O)N(C)c4cccc(Cl)c4)cc32)c(C)c1C(=O)N1CCN(C)CC1,568.1,3.99,105.8,2,5,5,1,0.1727,Denifanstat (TVB-2640),FASN
TQ0230,O=C(CNc1cccc(Cl)c1)NC1CCCN(c2ncnc3[nH]ccc23)C1,384.87,2.81,85.9,3,5,5,0,0.1727,Cilofexor (GS-9674),FXR
T15578,COc1cc2c3c(n(CCCN4CCOCC4)c(=O)c2cc1OC)-c1cc2c(cc1C3=O)OCO2,478.5,2.68,88.5,0,8,6,0,0.1727,Firsocostat (GS-0976),ACC
T14119,Cc1ccc([C@H]2c3c(nc4sc(C)nn34)CCN2C(=O)COc2ccc(NS(C)(=O)=O)nc2Cl)c(F)c1,565.05,3.52,118.8,1,8,6,1,0.1727,Lanifibranor (IVA-337),PPAR-alpha/gamma/delta
T9777,COc1cccc(C=NNc2ncnc3scc(-c4ccccc4)c23)c1O,376.44,4.52,79.6,2,7,5,0,0.1727,Firsocostat (GS-0976),ACC
T60108,COc1cc2ncnc(N3CCN(C(=O)Nc4ccc(Oc5ccccc5)cc4)CC3)c2cc1OC,485.54,4.79,89.1,1,7,6,0,0.1727,Firsocostat (GS-0976),ACC
T1042,CN1[C@@H]2CCC[C@H]1C[C@@H](NC(=O)c1nn(C)c3ccccc13)C2,312.42,2.32,50.2,1,3,2,0,0.1724,Denifanstat (TVB-2640),FASN
T1995,Cc1cnc(Nc2ccc(OCCN3CCCC3)cc2)nc1Nc1cccc(S(=O)(=O)NC(C)(C)C)c1,524.69,4.82,108.5,3,8,10,1,0.1724,BI-1467335,AOC3/VAP-1
T2302,C=CC(=O)Nc1cccc(Nc2nc(Nc3ccc(Oc4ccnc(C(=O)NC)c4)cc3)ncc2F)c1,499.51,4.77,130.2,4,8,9,0,0.1724,BI-1467335,AOC3/VAP-1
T2332,COc1cc2c(cc1Cc1cccc(Cl)c1F)c(=O)c(C(=O)O)cn2[C@H](CO)C(C)C,447.89,4.28,88.8,2,4,7,0,0.1724,Firsocostat (GS-0976),ACC
T3371,[H][C@]12CC=C3[C@]4([H])CC(C)(C)CC[C@]4(C(=O)O)[C@H](O)C[C@@]3(C)[C@]1(C)CC[C@]1([H])[C@]2(C)CC[C@H](O)[C@@]1(C)C=O,486.69,5.38,94.8,3,4,2,1,0.1724,Obeticholic acid (OCA),FXR
T3976,CCCCCCCC(=O)c1c(O)cc(O)cc1CC(=O)OCC,322.4,3.75,83.8,2,5,10,0,0.1724,Aramchol,SCD1
T6867,CC(C)NC(=O)COc1cccc(-c2nc(Nc3ccc4[nH]ncc4c3)c3ccccc3n2)c1,452.52,4.82,104.8,3,6,7,0,0.1724,BI-1467335,AOC3/VAP-1
T5315,CCOC(=O)NC(=O)c1ccsc1NC(=O)c1nc2ccccc2s1,375.43,3.5,97.4,2,7,4,0,0.1724,Lanifibranor (IVA-337),PPAR-alpha/gamma/delta
T5491,CCOc1cc(=O)[nH]cc1-c1ccc(CC(=O)Nc2cc(C(C)(C)C(F)(F)F)on2)c(F)c1,467.42,4.59,97.2,2,5,7,0,0.1724,BI-1467335,AOC3/VAP-1
T16116,CC(C)C[C@H](N[C@@H](Cc1cncn1Cc1cc(Cl)cc(Cl)c1)C(=O)O)C(=O)O,428.32,3.32,104.5,3,4,10,0,0.1724,Lanifibranor (IVA-337),PPAR-alpha/gamma/delta
T11898,Cc1ccc(NC(=O)c2ccnc(C(F)(F)F)c2)cc1-c1cc(OCCO)nc(N2CCOCC2)c1,502.49,3.93,96.8,2,7,7,1,0.1724,Cilofexor (GS-9674),FXR
T3S1850,[H][C@]12CC=C3[C@]4([H])CC(C)(C)CC[C@]4(C(=O)O)CC[C@@]3(C)[C@]1(C)CC[C@]1([H])[C@]2(C)C[C@H](O)[C@H](O)[C@@]1(C)CO,488.71,5.18,98.0,4,4,2,1,0.1724,Obeticholic acid (OCA),FXR
T8974,CC(C)(C)C1CCN(C(=O)n2ncc(C(O)(c3ccccc3)c3ccccc3)n2)CC1,418.54,4.29,71.2,1,4,3,0,0.1724,Denifanstat (TVB-2640),FASN
T19764,CCOc1cc(OCC)c(C(=O)CCC(=O)O)cc1OCC,310.35,2.93,82.1,1,5,10,0,0.1724,BI-1467335,AOC3/VAP-1
TN1403,[H][C@]12CC=C3[C@]4([H])CC(C)(C)CC[C@]4(C(=O)O)CC[C@@]3(C)[C@]1(C)CC[C@]1([H])[C@]2(C)C[C@@H](O)[C@H](O)[C@@]1(C)CO,488.71,5.18,98.0,4,4,2,1,0.1724,Obeticholic acid (OCA),FXR
T30937,COc1ccc(-c2c(Cl)ncn2-c2ccc(S(N)(=O)=O)cc2)cc1F,381.82,2.99,87.2,1,4,4,0,0.1724,Lanifibranor (IVA-337),PPAR-alpha/gamma/delta
T13253,C[C@@]1(c2nc(NC(=O)c3ncc(C(F)(F)F)cc3Cl)ccc2F)CO[C@@](C)(C(F)(F)F)C(N)=N1,513.8,4.46,102.5,2,6,3,1,0.1724,BI-1467335,AOC3/VAP-1
T24905,CCOC(=O)N1CCC(NC(=S)Nc2cc(Cl)cc(Cl)c2)CC1,376.31,3.9,53.6,2,3,3,0,0.1724,Denifanstat (TVB-2640),FASN
T11137,CC(C)(C)c1cc(/C=C/C(=O)C(=O)O)cc(C(C)(C)C)c1O,304.39,3.65,74.6,2,3,3,0,0.1724,BI-1467335,AOC3/VAP-1
T67892,CN1N=C(SCc2ccc(Cl)cc2Cl)Sc2c1cnn(C)c2=O,387.32,3.83,50.5,0,6,2,0,0.1724,Lanifibranor (IVA-337),PPAR-alpha/gamma/delta
T62281,O=C(Cn1nc(-c2ccc(Cl)cc2)c2ccccc2c1=O)Nc1cccc(Cl)c1,424.29,5.01,64.0,1,3,4,1,0.1724,Lanifibranor (IVA-337),PPAR-alpha/gamma/delta
T62160,Cn1nc(C(F)(F)F)cc1C(=O)Nc1ccc(S(=O)(=O)N2CCCCC2)cc1,416.43,2.87,84.3,1,4,4,0,0.1724,Lanifibranor (IVA-337),PPAR-alpha/gamma/delta
T23354,CCOC(=O)C(C)Oc1cccc2c(=O)n(CC(=O)Nc3ccc4c(c3)OCCO4)ccc12,452.46,2.74,105.1,1,7,7,0,0.1724,Firsocostat (GS-0976),ACC
T34880,COc1cnc(C(=O)Nc2c(Cl)c[n+]([O-])cc2Cl)cc1OCC1CC1,384.22,3.07,87.4,1,5,6,0,0.1724,Lanifibranor (IVA-337),PPAR-alpha/gamma/delta
T205971,COC(=O)[C@@H]1CCCN(C(=O)[C@H](Cc2nc(Br)cs2)NC(=O)OC(C)(C)C)N1,477.38,2.01,109.9,2,8,5,0,0.1724,Firsocostat (GS-0976),ACC
T4385,CC(C)CNc1nc(N2CCN(CC3CCCOC3)CC2)ncc1C(=O)NCc1ccccc1,466.63,3.02,82.6,2,7,9,0,0.1721,Firsocostat (GS-0976),ACC
T2057,Cc1c(Cl)cccc1S(=O)(=O)Nc1nc(CC(=O)N2CCN(C)CC2)cs1,428.97,2.22,82.6,1,6,5,0,0.1720,Lanifibranor (IVA-337),PPAR-alpha/gamma/delta
T3150,CC(=O)[C@]1(O)CC[C@@]2(O)[C@]1(C)[C@H](OC(=O)/C=C(\C)C(C)C)C[C@@H]1[C@@]3(C)CC[C@H](O)CC3=CC[C@]12O,490.64,2.98,124.3,4,7,4,0,0.1720,Obeticholic acid (OCA),FXR
T4244,Cc1c(O)c(C)c2occ(Cc3ccc4c(c3)OCO4)c(=O)c2c1O,340.33,3.14,89.1,2,6,2,0,0.1720,VK2809,THR-beta
T7506,Clc1cccc(Cl)c1CSc1nnc(-c2cnccn2)s1,355.28,4.59,51.6,0,6,4,0,0.1720,Cilofexor (GS-9674),FXR
T7418,CC(=O)Nc1cc(Oc2ccc3c(c2)CCN3C(=O)Nc2ccc(CN3CCN(C)CC3)c(C(F)(F)F)c2)ncn1,569.59,4.59,102.9,2,7,6,1,0.1720,BI-1467335,AOC3/VAP-1
T8407,CC(C)Oc1cc(Cl)ccc1CNc1cc(-c2ccccc2)nc2ncnn12,393.88,4.84,64.3,1,5,6,0,0.1720,Lanifibranor (IVA-337),PPAR-alpha/gamma/delta
T10393,O=C(O)Cc1nn(Cc2nc3cc(C(F)(F)F)ccc3s2)c(=O)c2cscc12,425.41,3.76,85.1,1,6,4,0,0.1720,Lanifibranor (IVA-337),PPAR-alpha/gamma/delta
T16776,Cc1ccc(Nc2cc(N[C@@H]3CCCC[C@@H]3N)nnc2C(N)=O)nc1C,355.45,2.01,131.8,4,7,5,0,0.1720,Denifanstat (TVB-2640),FASN
T18903,O=C([O-])c1ccc(C(=O)O)c(-c2c3cc4c5c(c3[o+]c3c6c7c(cc23)CCCN7CCC6)CCCN5CCC4)c1,534.61,4.99,95.2,1,5,3,1,0.1720,Denifanstat (TVB-2640),FASN
T27703,O=C(N1CCC(=C2c3ccc(Cl)cc3CCc3cccnc32)CC1)n1cncn1,405.89,3.99,63.9,0,4,0,0,0.1720,Lanifibranor (IVA-337),PPAR-alpha/gamma/delta
T10643,CN1CCN(c2ccc(NC(=O)c3ccc(C#N)o3)c(N3CCCCC3)c2)CC1,393.49,3.15,75.7,1,6,4,0,0.1720,Denifanstat (TVB-2640),FASN
T35330,Cn1cc(-c2cc3c(-c4ccc(CNC(=O)c5noc(C(C)(C)C)n5)c(F)c4)ncnc3[nH]2)cn1,474.5,3.78,127.4,2,7,5,0,0.1720,BI-1467335,AOC3/VAP-1
TN2429,COc1cc(COC(=O)CCCC/C=C/C(C)C)ccc1O,306.4,4.22,55.8,1,4,9,0,0.1720,VK2809,THR-beta
T14506,N#Cc1c(N)nc(SCC(N)=O)c(C#N)c1-c1ccc(OCC2CC2)cc1,379.45,2.44,138.8,2,7,7,0,0.1720,Denifanstat (TVB-2640),FASN
T41230,O=C(NC1CCCCC1)c1cn(CCN2CCOCC2)c2cc(Cl)ccc2c1=O,417.94,3.05,63.6,1,4,5,0,0.1720,Lanifibranor (IVA-337),PPAR-alpha/gamma/delta
T77616,Cc1ccc(C)c2sc(NC(=O)C3CCN(S(=O)(=O)c4ccc(F)cc4)CC3)nc12,447.56,4.09,79.4,1,5,4,0,0.1720,Denifanstat (TVB-2640),FASN
T79854,CCc1nc2ccccn2c1C(=O)c1cc(Br)c(O)c(C#N)c1,370.21,3.47,78.4,1,4,3,0,0.1720,Denifanstat (TVB-2640),FASN
T63260,Cc1cc(Nc2nc(SCc3ccc(C(=O)Nc4ccc(F)cc4N)cc3)nn3cccc23)n[nH]1,488.55,4.77,126.0,4,7,7,0,0.1720,BI-1467335,AOC3/VAP-1
T63330,CNC(=S)[N-]S(=O)(=O)c1cc(CCNC(=O)c2cc(Cl)ccc2OC)ccc1OC,470.98,2.9,107.8,2,6,8,0,0.1720,Lanifibranor (IVA-337),PPAR-alpha/gamma/delta
T203998,COc1cc(N2CC[C@@]3(O)C(=O)c4cc(C)c(C)cc4N=C23)ccn1,337.38,2.57,75.0,1,6,2,0,0.1720,Denifanstat (TVB-2640),FASN
T21352,COc1ccc(CC(C)NCC(O)c2ccc(O)c(CO)c2)cc1,331.41,2.15,82.0,4,5,8,0,0.1720,VK2809,THR-beta
T11365,[H][C@@]12CC=C3C(=CC[C@@]4(C)[C@@]3(C)CC[C@]4([H])[C@H](C)CC[C@H](O)[C@](C)(O)CO)[C@@]1(C)CCC(=O)C2(C)C,472.71,5.6,77.8,3,4,6,1,0.1720,Obeticholic acid (OCA),FXR
T0324,CC(COc1ccccc1)NC(C)C(O)c1ccc(O)cc1,301.39,2.87,61.7,3,4,7,0,0.1719,BI-1467335,AOC3/VAP-1
T1773,CN(C)C/C=C/C(=O)Nc1cc2c(Nc3ccc(F)c(Cl)c3)ncnc2cc1O[C@H]1CCOC1,485.95,4.39,88.6,2,7,8,0,0.1719,Firsocostat (GS-0976),ACC
T3982,COC(=O)/C(=C1/OC(=O)C(c2ccccc2)=C1O)c1ccccc1,322.32,3.1,72.8,1,5,3,0,0.1719,BI-1467335,AOC3/VAP-1
T3S0737,COc1ccc(C=CC(=O)c2c(O)cc(OC)cc2OC)cc1,314.34,3.31,65.0,1,5,6,0,0.1719,BI-1467335,AOC3/VAP-1
T4564,C=C(CC)C(=O)c1ccc(OCC(=O)O)c(Cl)c1Cl,303.14,3.61,63.6,1,3,6,0,0.1719,BI-1467335,AOC3/VAP-1
T5715,COc1ccc(/C=C/C(=O)c2c(O)cc(OC)cc2OC)cc1,314.34,3.31,65.0,1,5,6,0,0.1719,BI-1467335,AOC3/VAP-1
T21312,CN(C)C/C=C/C(=O)Nc1cc2c(Nc3ccc(F)c(Cl)c3)ncnc2cc1OC1CCOC1,485.95,4.39,88.6,2,7,8,0,0.1719,Firsocostat (GS-0976),ACC
T8710,COC(=O)c1cccc(NS(=O)(=O)c2ccc(C)cc2)c1,305.36,2.58,72.5,1,4,4,0,0.1719,BI-1467335,AOC3/VAP-1
T25365,Cc1cccc(C)c1NC(=O)NN=Cc1ccc(Br)cc1,346.23,4.22,53.5,2,2,3,0,0.1719,BI-1467335,AOC3/VAP-1
T2028,CC(C)n1cnc2c(Nc3cccc(Cl)c3)nc(NCCO)nc21,346.82,3.21,87.9,3,6,6,0,0.1717,VK2809,THR-beta
T3710,CN1c2ccccc2C(=O)Nc2cnc(Nc3ccc(N4CCC(O)CC4)cc3)nc21,416.49,3.51,93.6,3,7,3,0,0.1717,Denifanstat (TVB-2640),FASN
T6755,CN1CCCCC1Cn1cc(C(=O)c2cc([N+](=O)[O-])ccc2I)c2ccccc21,503.34,4.87,68.4,0,4,5,1,0.1717,Denifanstat (TVB-2640),FASN
T5585,CN(CCc1ccc(Cl)c(Cl)c1)CC(O)COc1ccc(NS(C)(=O)=O)cc1,447.38,3.28,78.9,2,5,10,0,0.1717,VK2809,THR-beta
T22416,Cc1cc(Nc2cc(NC(=O)c3c(Cl)cccc3Cl)ccn2)nc(N)n1,389.25,4.06,105.8,3,6,4,0,0.1717,Cilofexor (GS-9674),FXR
T3303,COc1ccc(-c2csc(NC(=O)[C@H]3CCCCN3S(=O)(=O)c3ccc(C)cc3)n2)cc1,471.6,4.31,88.6,1,6,6,0,0.1717,Denifanstat (TVB-2640),FASN
T16359,CCN(CC)C(=O)c1ccc(Nc2nc(OCC3CCCCC3)c3[nH]cnc3n2)cc1,422.53,4.54,96.0,2,6,8,0,0.1717,Denifanstat (TVB-2640),FASN
TQ0179,O=c1ccc2c(OCCCCOc3ccccc3)c3ccoc3cc2o1,350.37,4.78,61.8,0,5,7,0,0.1717,Firsocostat (GS-0976),ACC
T38050,C#Cc1cccc(-c2cc(=O)n(C)c3ccc([C@](O)(c4ccc(Cl)cc4)c4cncn4C)cc23)c1,479.97,4.86,60.0,1,3,4,0,0.1717,Lanifibranor (IVA-337),PPAR-alpha/gamma/delta
T14388,CCCSc1nc(N2CCC[C@@H](CC(=O)O)C2)ccc1C(=O)NC1CCCCC1,419.59,4.34,82.5,2,5,8,0,0.1717,Denifanstat (TVB-2640),FASN
T16705,O=C(Oc1ccc2c(c1)CCCN2C(=O)C(Cl)Cl)c1ccco1,354.19,3.58,59.8,0,4,3,0,0.1717,Cilofexor (GS-9674),FXR
T9729,Cn1cc2cc(-n3cc4cnc(NCC(F)(F)F)nc4c(-c4ccc(Cl)cc4)c3=O)ccc2n1,484.87,4.96,77.6,1,5,4,0,0.1717,Lanifibranor (IVA-337),PPAR-alpha/gamma/delta
T73269,O=C(O)c1cccc(Nc2nc(-c3cccc([N+](=O)[O-])c3)cs2)c1,341.35,4.16,105.4,2,6,5,0,0.1717,Cilofexor (GS-9674),FXR
T63333,CCCS(=O)(=O)Nc1cc(F)c(F)c(C(=O)c2ccc3ncc(N4CCOCC4)nc3c2)c1F,494.5,3.27,101.5,1,7,7,0,0.1717,Lanifibranor (IVA-337),PPAR-alpha/gamma/delta
T70852,CCNc1cccnc1N1CCN(C(=O)c2cc3cc(OC)ccc3[nH]2)CC1,379.46,2.97,73.5,2,5,5,0,0.1717,Denifanstat (TVB-2640),FASN
T0462,O=C1CCc2cc(OCCCCc3nnnn3C3CCCCC3)ccc2N1,369.47,3.46,81.9,1,5,7,0,0.1714,Cilofexor (GS-9674),FXR
T1851,Cc1ccc(NC(=O)c2cccc(N(C)C)c2)cc1NC(=O)c1ccc(O)cc1,389.46,4.27,81.7,3,4,5,0,0.1714,BI-1467335,AOC3/VAP-1
T4313,CCOC(=O)c1c(N)sc2c1CCN(Cc1ccccc1)C2,316.43,3.07,55.6,1,5,4,0,0.1714,Firsocostat (GS-0976),ACC
T6137,CCCNC(=O)Nc1ccc(Oc2ncnc3cc(OC)c(OC)cc23)cc1Cl,416.87,4.62,94.6,2,6,7,0,0.1714,Cilofexor (GS-9674),FXR
T6552,CCn1c(=O)c2c(nc(/C=C/c3ccc(OC)c(OC)c3)n2C)n(CC)c1=O,384.44,2.12,80.3,0,5,6,0,0.1714,Firsocostat (GS-0976),ACC
T7028,COc1c(/C=C/C(=O)c2ccc(O)cc2)ccc(O)c1CC=C(C)C,338.4,4.51,66.8,2,4,6,0,0.1714,BI-1467335,AOC3/VAP-1
T7204,Cc1ccc(/C=N/NC(=O)c2ccccc2Oc2ccccc2)o1,320.35,4.14,63.8,1,4,5,0,0.1714,BI-1467335,AOC3/VAP-1
T7128,CCCCN(Cc1ccccc1)C(=O)c1ccc(S(=O)(=O)Nc2ccccc2)cc1,422.55,4.93,66.5,1,3,9,0,0.1714,BI-1467335,AOC3/VAP-1
T8578,O=C(N[C@@H](Cc1c[nH]c2ccccc12)C(=O)O)c1ccc(Cl)cc1,342.78,3.25,82.2,3,2,5,0,0.1714,BI-1467335,AOC3/VAP-1
T9213,Cn1ccc(-c2cc(Cl)c(Cl)c3[nH]c4c(c23)CN(C(=O)CO)CC4)n1,379.25,2.75,74.2,2,3,2,0,0.1714,Cilofexor (GS-9674),FXR
T64340,COc1ccnc(NC(=S)N2CCN(c3ncc(C(F)(F)F)cc3Cl)CC2)c1,431.87,3.68,53.5,1,5,3,0,0.1714,Cilofexor (GS-9674),FXR
T23027,COc1cc(C(=O)NC(=S)Nc2cccc(NC(=O)c3ccccc3)c2)cc(OC)c1OC,465.53,4.09,97.9,3,6,7,0,0.1714,BI-1467335,AOC3/VAP-1
T15634,CC(C)(C)c1ccc(CNC(=S)NCc2ccc(NS(C)(=O)=O)c(F)c2)cc1,423.58,3.66,70.2,3,3,6,0,0.1714,BI-1467335,AOC3/VAP-1
T11458,Cc1ccccc1Nc1nc(N)nc(COc2ccc3c(C)cc(=O)oc3c2)n1,389.42,3.5,116.2,2,8,5,0,0.1714,Cilofexor (GS-9674),FXR
T11028,Cc1c(C(O)c2ccccc2)c(OC(C)C)nn1-c1ncc(C2CC2)cn1,364.45,3.72,73.1,1,5,6,0,0.1714,Firsocostat (GS-0976),ACC
T24579,COc1cccc(C(=O)CCN[C@@H](C)[C@H](O)c2ccccc2)c1,313.4,2.98,58.6,2,4,8,0,0.1714,BI-1467335,AOC3/VAP-1
T40229,O=C(NC1CCC1)c1ccc2nc(-c3cccc(NS(=O)(=O)NCCN4CCCCC4)c3)cn2c1,496.64,3.02,107.8,3,5,9,0,0.1714,Denifanstat (TVB-2640),FASN
T38367,O=C(Nc1ccc(OC(F)(F)F)cc1)NC1CCN(C(=O)C2CC2)CC1,371.36,3.11,70.7,2,3,4,0,0.1714,BI-1467335,AOC3/VAP-1
T77672,NC(=O)c1ccsc1NC(=O)COC(=O)Cc1c(Cl)cccc1Cl,387.24,2.88,98.5,2,5,6,0,0.1714,BI-1467335,AOC3/VAP-1
T15822,CCc1ccccc1COc1ccccc1C(=O)Nc1cccnc1,332.4,4.48,51.2,1,3,6,0,0.1714,BI-1467335,AOC3/VAP-1
T34146,CCCOC(=O)Cc1ccc(OCC(=O)N(CC)CC)c(OC)c1,337.42,2.44,65.1,0,5,10,0,0.1714,BI-1467335,AOC3/VAP-1
T26486,CCc1ccc(-n2cnc3c(sc4nccc(N(C)C)c43)c2=O)cc1,350.45,3.62,51.0,0,5,3,0,0.1714,Firsocostat (GS-0976),ACC
T88331,COc1ccc(NC(=O)c2cc3cc(Cl)ccc3oc2=O)cc1,329.74,3.71,68.5,1,4,3,0,0.1714,BI-1467335,AOC3/VAP-1
T67570,CC(C)(C)OC[C@H](NC(=O)OCC1c2ccccc2-c2ccccc21)C(=O)O,383.44,3.79,84.9,2,4,6,0,0.1714,BI-1467335,AOC3/VAP-1
T16480,O=C(O)c1ccc(NC(=O)[C@H](CC2CCCC2)n2cnc(C(F)(F)F)c2)nc1,396.37,3.76,97.1,2,4,6,0,0.1714,Cilofexor (GS-9674),FXR
T0180,CCOC(=O)[C@H](CCc1ccccc1)N[C@H]1CCc2ccccc2N(CC(=O)O)C1=O,424.5,2.57,95.9,2,5,9,0,0.1712,Firsocostat (GS-0976),ACC
T2428,COc1cc(/C=C/C(=O)NCCn2c(C(F)(F)F)cc3ccccc32)cc(OC)c1OC,448.44,4.52,61.7,1,4,8,0,0.1712,Firsocostat (GS-0976),ACC
T2634,COc1cc(C(=O)NC2CCN(C)CC2)ccc1Nc1ncc2c(n1)N(C1CCCC1)CC(F)(F)C(=O)N2C,543.62,3.41,102.9,2,8,6,1,0.1712,Denifanstat (TVB-2640),FASN
T3498,CC1=C(C(=O)Nc2ccc3[nH]ncc3c2)C(c2ccc(F)c(C(=O)NCc3ccccn3)c2)NC(=O)N1,499.51,3.29,140.9,5,5,6,0,0.1712,Denifanstat (TVB-2640),FASN
T4347,COc1cccc(CNc2ccc(S(=O)(=O)Nc3nc4ccccc4s3)cc2)c1O,441.53,4.42,100.5,3,7,7,0,0.1712,Firsocostat (GS-0976),ACC
T11826,COc1cccc(Nc2nc(NCC3CCCO3)c3ccccc3n2)c1,350.42,3.97,68.3,2,6,6,0,0.1712,Firsocostat (GS-0976),ACC
T22278,CO[C@H]([C@@H](C)C(=O)N[C@H](C)[C@@H](O)c1ccccc1)[C@@H]1CCCN1C(=O)OC(C)(C)C,420.55,3.28,88.1,2,5,7,0,0.1712,Firsocostat (GS-0976),ACC
T9125,C=CC(=O)N1CCC[C@@H](n2c(=O)n(-c3ccc(Oc4ccccc4)cc3)c3c(N)nccc32)C1,455.52,3.91,95.4,1,5,5,0,0.1712,Cilofexor (GS-9674),FXR
T9167,COc1cccc(OC)c1S(=O)(=O)Nc1noc2cc(Cn3cccn3)cc(OC)c12,444.47,2.9,117.7,1,8,8,0,0.1712,Firsocostat (GS-0976),ACC
T22616,CC(C)(C)OC(=O)c1ncn2c1[C@@H]1CCCN1C(=O)c1c(Br)cccc1-2,418.29,3.88,64.4,0,4,1,0,0.1712,Firsocostat (GS-0976),ACC
T22708,Cc1oc(-c2ccccc2)nc1CCC(=O)c1ccc(CC2SC(=O)NC2=O)cc1,420.49,4.36,89.3,1,6,7,0,0.1712,Firsocostat (GS-0976),ACC
T11282,Cn1cncc1CN(CCN(CC1CCCCC1)S(=O)(=O)c1ccccn1)c1ccc(C#N)cc1F,510.64,4.1,95.1,0,6,10,1,0.1712,Denifanstat (TVB-2640),FASN
T37558,COc1ccc(-n2c(SCC#N)nc3sc4c(c3c2=O)CCCC4)cc1,383.5,3.95,67.9,0,6,4,0,0.1712,Firsocostat (GS-0976),ACC
T72061,C[C@H]1CNCCN1c1nccc(-c2noc3c2CCC[C@@]32CCCc3sc(N)c(C#N)c32)n1,461.6,3.4,116.9,2,9,2,0,0.1712,Denifanstat (TVB-2640),FASN
T71665,CCO[C@@H]1Cc2cc(C(F)(F)F)ccc2[C@H]1N1CCN(C2(C)CCN(C(=O)c3c(C)ncnc3C)CC2)C[C@@H]1C,559.68,4.82,61.8,0,6,5,1,0.1712,Denifanstat (TVB-2640),FASN
T79873,CCc1cc(NC(=O)C(=O)N2C[C@@H](C)CC[C@@H]2c2ccc3sc(C4CCN(C)CC4)nc3c2)cnc1N,520.7,4.58,104.4,2,7,4,1,0.1712,Denifanstat (TVB-2640),FASN
T39694,Cn1c(=O)n(CC(=O)N2CCC2)c2cc(-c3ccc(C(F)(F)F)s3)cnc21,396.39,2.71,60.1,0,4,3,0,0.1712,Firsocostat (GS-0976),ACC
T2425,COc1cc(-c2ncn(/C=C\C(=O)OC(C)C)n2)cc(C(F)(F)F)c1,355.32,3.39,66.2,0,5,5,0,0.1711,BI-1467335,AOC3/VAP-1
T2S1837,C=C1C[C@@]23CC[C@H]4[C@@](C)(CCC[C@@]4(C)C(=O)O)[C@@H]2CC[C@]1(O)C3,318.46,4.16,57.5,2,2,1,0,0.1711,Obeticholic acid (OCA),FXR
T4S0498,[H][C@@]12CC[C@H]3C(=C)C(=O)[C@]1([C@H](O)C[C@]1([H])C(C)(C)C(=O)CC[C@@]21C)[C@@H]3O,332.44,2.28,74.6,2,4,0,0,0.1711,Obeticholic acid (OCA),FXR
T5S2350,CC(=O)OC(C)(C)CC(=O)O[C@@H](CC=C(C)C)C1=CC(=O)c2c(O)ccc(O)c2C1=O,430.45,3.4,127.2,2,8,7,0,0.1711,BI-1467335,AOC3/VAP-1
T7083,CC1(C)Cc2c(sc(NC(=O)c3cc[nH]n3)c2C(N)=O)C(C)(C)O1,348.43,2.41,110.1,3,5,3,0,0.1711,BI-1467335,AOC3/VAP-1
T7424,COC(=O)c1cc(Cl)c(O)c(S(=O)(=O)Nc2cc(-c3ccccc3)c(F)cc2F)c1,453.85,4.58,92.7,2,5,5,0,0.1711,BI-1467335,AOC3/VAP-1
T7653,CC(C)(Oc1ccc(Cl)cc1)C(=O)NC1C2CC3CC1CC(NS(C)(=O)=O)(C3)C2,440.99,3.11,84.5,2,4,6,0,0.1711,BI-1467335,AOC3/VAP-1
T8313,COC(=O)[C@@H](Cc1ccccc1)NC(=O)[C@H](Cc1c[nH]c2ccccc12)NC(=O)c1ccccc1,469.54,3.41,100.3,3,4,9,0,0.1711,BI-1467335,AOC3/VAP-1
T8989,CN(C(=O)CNC(=O)c1ccccc1OCC(=O)Nc1ccc(I)cc1)c1ccccc1,543.36,3.7,87.7,2,4,8,1,0.1711,BI-1467335,AOC3/VAP-1
T15821,Cc1ccc(Cn2nc(CCCc3ccc(OC(C)(C)C(=O)O)cc3)[nH]c2=O)cc1,409.49,3.35,97.2,2,4,9,0,0.1711,BI-1467335,AOC3/VAP-1
T13492,O=C(O)CCc1cc(I)c(Oc2ccc(O)cc2)c(I)c1,510.07,4.41,66.8,2,3,5,1,0.1711,Lanifibranor (IVA-337),PPAR-alpha/gamma/delta
T9011,COC(=O)c1ccc(-n2c(C)cc(C(=O)CSc3ccc(NC(C)=O)cc3)c2C)cc1,436.53,4.81,77.4,1,5,7,0,0.1711,BI-1467335,AOC3/VAP-1
T60001,COc1cccc(C(=O)Nc2cccc(-c3nc4cccnc4s3)c2)c1,361.43,4.62,64.1,1,5,4,0,0.1711,BI-1467335,AOC3/VAP-1
T16687,CCOC(=O)c1cnn(-c2ccc(NC(=O)C(Cl)=C(Cl)Cl)cc2)c1C(F)(F)F,456.64,4.89,73.2,1,4,5,0,0.1711,BI-1467335,AOC3/VAP-1
T60129,COc1ccc(CNc2c(-c3ccccc3O)nc3ccc(F)cn23)cc1,363.39,4.47,58.8,2,4,5,0,0.1711,BI-1467335,AOC3/VAP-1
T21012,O=C(Nc1ccc(F)cc1F)c1cccnc1Oc1cccc(C(F)(F)F)c1,394.3,5.42,51.2,1,3,4,1,0.1711,BI-1467335,AOC3/VAP-1
T34081,COc1ccc2[nH]cc(CCNC(=O)c3cc(=O)cco3)c2c1,312.33,2.1,84.3,2,4,5,0,0.1711,BI-1467335,AOC3/VAP-1
T3722,COc1ccc(CNC(=O)c2cc(-c3cncc(Cl)c3)cnc2-c2ccccn2)nc1OC,461.91,4.2,99.1,1,7,7,0,0.1709,Firsocostat (GS-0976),ACC
T3969,CCC(=O)N1CCOc2c(cc(-c3ccc(OC)c(OC)c3)cc2OC[C@H]2CCCN(C)C2)C1,468.59,4.22,60.5,0,6,7,0,0.1709,Firsocostat (GS-0976),ACC
T6066,O=C(Nc1ccc2[nH]nc(-c3ccncc3)c2c1)[C@@H]1CCN(CC(=O)N2CCN(c3ccc(-c4ncccn4)cc3)CC2)C1,587.69,3.69,123.2,2,8,7,1,0.1709,Cilofexor (GS-9674),FXR
T7183,Cc1ccc(-c2nc(N)nc3c2nnn3Cc2cccc(CO[C@H]3CCOC3)n2)o1,407.43,2.12,127.0,1,9,6,0,0.1709,Firsocostat (GS-0976),ACC
T16162,COc1cc(N(C)CCN(C)C)c(N)cc1Nc1nccc(-c2cn(C)c3ccccc23)n1,445.57,3.97,84.5,2,7,8,0,0.1709,Firsocostat (GS-0976),ACC
T29106,CC(=O)N[C@H](C(=O)N1C[C@H](O)C[C@H]1C(=O)NCc1ccc(-c2scnc2C)cc1)C(C)(C)C,472.61,2.25,111.6,3,6,6,0,0.1709,Firsocostat (GS-0976),ACC
T38078,Cc1cc(N2CCc3c(c(C)nn3CC34CCC(NC(=O)[C@@H]5COCCN5)(CC3)CC4)C2)c2cnn(C)c2n1,532.69,2.54,102.1,2,7,5,1,0.1709,Denifanstat (TVB-2640),FASN
T2508,Cn1cnc2c(F)c(Nc3ccc(Br)cc3F)c(C(=O)NOCCO)cc21,441.23,3.01,88.4,3,5,6,0,0.1707,BI-1467335,AOC3/VAP-1
T2804,CC1(C)CCCC(C)(C2CCC3(C)C2C(O)CC2C4(C)CCC(O)C(C)(C)C4C(O)CC23C)O1,476.74,5.71,69.9,3,4,1,1,0.1707,Obeticholic acid (OCA),FXR
T3312,CNC(=O)Nc1cc(Oc2cncc(C)c2)c(-c2ccc(OCC(C)(C)O)nc2)cn1,423.47,3.54,118.5,3,7,7,0,0.1707,BI-1467335,AOC3/VAP-1
T3735,COc1cc(CCC(=O)CC(=O)CCc2ccc(O)c(OC)c2)ccc1O,372.42,3.21,93.1,2,6,10,0,0.1707,VK2809,THR-beta
T6849,Cn1ncc(Cl)c1-c1cc(C(=O)N[C@H](CN)Cc2ccc(F)c(F)c2)oc1Cl,429.25,3.56,86.1,2,4,6,0,0.1707,BI-1467335,AOC3/VAP-1
T3S2197,CC1(C)CC[C@]2(C(=O)O)CCC3=C(CC[C@@H]4[C@@]5(C)C[C@H](O)[C@H](O)[C@@](C)(C(=O)O)[C@@H]5CC[C@@]34C)[C@@H]2C1,488.67,5.02,115.1,4,4,2,1,0.1707,Obeticholic acid (OCA),FXR
T4S1983,[H][C@]12CC[C@]3(C)[C@@H](C4=CC(=O)OC4)CC[C@]3(O)[C@]1([H])CC[C@]1(O)C[C@@H](O)CC[C@@]12C,390.52,2.72,87.0,3,5,1,0,0.1707,Obeticholic acid (OCA),FXR
T7322,[H][C@]12CCN(C)[C@@]1([H])CN(C(=O)Nc1cc3c(Nc4cccc(C#C)c4)ncnc3cc1OC)C2,442.52,3.53,82.6,2,6,4,0,0.1707,Firsocostat (GS-0976),ACC
T8570,O=C(c1cn(-c2cccc(Cl)c2)nn1)N1CCSCC1,308.79,2.11,51.0,0,4,2,0,0.1707,Lanifibranor (IVA-337),PPAR-alpha/gamma/delta
T8732,O=C(O)c1ccccc1NS(=O)(=O)c1ccc(Cl)c([N+](=O)[O-])c1,356.74,2.75,126.6,2,5,5,0,0.1707,Lanifibranor (IVA-337),PPAR-alpha/gamma/delta
T9052,CNC(=O)c1cc2c(Oc3ccc(NC(=O)C4(C(=O)Nc5ccc(F)cc5)CC4)cc3)ccnc2cc1OC,528.54,4.89,118.7,3,6,8,1,0.1707,BI-1467335,AOC3/VAP-1
T9051,[H][C@@]12CN(C)C[C@]1([H])CN(c1ccc3c(=O)c(C(=O)NCc4cnc(C)cn4)c4sc5ccccc5n4c3n1)C2,525.64,3.09,95.7,1,8,4,1,0.1707,Firsocostat (GS-0976),ACC
T3S1692,COc1cc(CCC(O)CC(O)CCc2ccc(O)c(OC)c2)ccc1O,376.45,2.79,99.4,4,6,10,0,0.1707,VK2809,THR-beta
T9225,O=C(NCc1cnc(C(F)(F)F)s1)c1ccc2c(c1)NC(=O)c1ccccc1S2(=O)=O,467.45,3.49,105.2,2,6,3,0,0.1707,BI-1467335,AOC3/VAP-1
T17194,C[C@@H]1[C@H](c2ccccc2)C[C@H](NC(=O)c2cnc3c(c2)C[C@@]2(C3)C(=O)Nc3ncccc32)C(=O)N1CC(F)(F)F,549.55,3.53,104.3,2,5,4,1,0.1707,Cilofexor (GS-9674),FXR
T12584,Cc1c(-c2cccc(S(=O)(=O)N(C)C)c2)c2cc(C(=O)O)ccc2n1C/C(F)=C/CN,445.52,3.38,105.6,2,4,7,0,0.1707,BI-1467335,AOC3/VAP-1
T22119,O=C(Nc1cccc(C(F)(F)F)c1)Nc1cc(Cl)ccc1C(=O)O,358.7,4.7,78.4,3,2,3,0,0.1707,Lanifibranor (IVA-337),PPAR-alpha/gamma/delta
T17117,CCCn1c(=O)c2[nH]c(C34CCC(CCC(=O)O)(CC3)CC4)nc2n(CCC)c1=O,416.52,3.16,110.0,2,4,8,0,0.1707,Obeticholic acid (OCA),FXR
T67847,Cc1ccc(NC(=O)c2ccc(CCl)cc2)cc1Nc1nccc(-c2cccnc2)n1,429.91,5.58,79.8,2,5,6,1,0.1707,BI-1467335,AOC3/VAP-1
T67695,N=C(N)NC(=O)c1cc(C#Cc2ccc(C(F)(F)F)c(C(=O)Nc3ccccn3)c2)cc(C(F)(F)F)c1,519.41,4.39,121.0,4,4,3,1,0.1707,BI-1467335,AOC3/VAP-1
T73143,CC(=O)c1cccc(NS(=O)(=O)c2ccc(C(=O)Nc3nc(-c4cccc(F)c4)cs3)cc2)c1,495.56,5.2,105.2,2,6,7,1,0.1707,BI-1467335,AOC3/VAP-1
T12577,N#Cc1ccc2cc(Br)c(C(F)(F)P(=O)(O)O)cc2c1,362.07,3.7,81.3,2,2,2,0,0.1707,Denifanstat (TVB-2640),FASN
T40580,[H][C@@]12CCc3cc(OS(=O)(=O)[O-])ccc3[C@@]1([H])CC[C@]1(C)[C@@H](O)CC[C@@]21[H],351.44,2.74,86.7,1,5,2,0,0.1707,Obeticholic acid (OCA),FXR
T77665,COc1ccc(C2CCCN2C(=O)Nc2cc(C(F)(F)F)ccc2N2CCOCC2)cc1,449.47,4.92,54.0,1,4,4,0,0.1707,BI-1467335,AOC3/VAP-1
T66661,O=C(CCCc1ccc2ccc3cccc4ccc1c2c34)ON1C(=O)CCC1=O,385.42,4.51,63.7,0,4,5,0,0.1707,Lanifibranor (IVA-337),PPAR-alpha/gamma/delta
T2590,CS(=O)(=O)c1ccc(C(=O)Nc2ccc(Cl)c(-c3ccccn3)c2)c(Cl)c1,421.31,4.71,76.1,1,4,4,0,0.1705,Lanifibranor (IVA-337),PPAR-alpha/gamma/delta
T2612,COc1c(Nc2ncc(Cl)c(N[C@H]3[C@@H](C(N)=O)[C@@H]4C=C[C@H]3C4)n2)ccc2c1CC[C@@H](N1CCOCC1)CC2,539.08,3.55,114.6,3,8,7,1,0.1705,Firsocostat (GS-0976),ACC
T6399,CC(=O)Nc1cccc2c1c(Sc1ccc(Cl)cc1)c(C)n2CC(=O)O,388.88,4.8,71.3,2,3,5,0,0.1705,Lanifibranor (IVA-337),PPAR-alpha/gamma/delta
T4697,CCNC(=O)c1cc2c(-c3cc(C(C)(C)O)ccc3Oc3c(C)cc(F)cc3C)cn(C)c(=O)c2[nH]1,491.56,5.06,96.4,3,4,6,1,0.1705,BI-1467335,AOC3/VAP-1
T8468,CC1(C)CC(=O)C2=C(C1)OC1=C(C(=O)CC(C)(C)C1)C2c1ccc(O)cc1O,382.46,4.5,83.8,2,5,1,0,0.1705,VK2809,THR-beta
T16987,O=C(CNC(=O)c1ccc(-c2ccccc2)cc1)NC1CCCc2ccccc21,384.48,4.28,58.2,2,2,5,0,0.1705,Denifanstat (TVB-2640),FASN
T12398,O=C(N[C@@H](COc1ccc2[nH]c(=O)[nH]c2c1)c1ccccc1)c1cccn(Cc2ccc(F)c(F)c2)c1=O,516.5,3.89,109.0,3,4,8,1,0.1705,BI-1467335,AOC3/VAP-1
T64320,O=C(Cc1ccc(Cl)c(Cl)c1)Nc1ccc(S(=O)(=O)Nc2ccon2)cc1,426.28,3.96,101.3,2,5,6,0,0.1705,Lanifibranor (IVA-337),PPAR-alpha/gamma/delta
T9748,Cc1cc(=O)oc2cc(NC(=O)c3ccc([N+](=O)[O-])cc3)ccc12,324.29,3.26,102.4,1,5,3,0,0.1705,Denifanstat (TVB-2640),FASN
T60087,N#Cc1ccc(C(=O)Nc2cc(N3CCCCC3)ccc2N2CCCCC2)o1,378.48,4.38,72.5,1,5,4,0,0.1705,Denifanstat (TVB-2640),FASN
T15363,O=C(Nc1cc(O)cc(C(=O)O)c1)Nc1ccc2ccccc2c1,322.32,3.89,98.7,4,3,3,0,0.1705,Cilofexor (GS-9674),FXR
T61589,N#Cc1ccc(C(=O)Nc2ccc(N3CCCCC3)cc2N2CCCCC2)o1,378.48,4.38,72.5,1,5,4,0,0.1705,Denifanstat (TVB-2640),FASN
T11157L,C=CC(=O)Nc1cccc(-n2c(=O)cc(C)c3cnc(Nc4ccc(OCCN(C)C)cc4OC)nc32)c1,514.59,3.91,110.6,2,8,10,1,0.1705,Firsocostat (GS-0976),ACC
T64167,COc1cc(C(=O)NC2CCN(C)CC2)c(F)cc1Nc1ncc(C(F)(F)F)c(Oc2cccc3c2C(=O)N(C)C3)n1,588.56,4.59,108.9,2,8,7,1,0.1705,Firsocostat (GS-0976),ACC
T26280,CNc1cc(Oc2cc(C(=O)Nc3cc(N4CCN(C)CC4)cc(C(F)(F)F)c3)ccc2C)ncn1,500.53,4.64,82.6,2,7,6,1,0.1705,BI-1467335,AOC3/VAP-1
T87947,O=C(O)CCCCCN1C(=O)/C(=C2\C(=O)N(CC(=O)O)c3ccccc32)SC1=S,434.5,2.33,115.2,2,6,8,0,0.1705,Lanifibranor (IVA-337),PPAR-alpha/gamma/delta
T200421,CCCCCN1CCN(c2ccc(S(=O)(=O)Oc3cc(Cl)cc(Cl)c3)cc2)C1=O,457.38,5.19,66.9,0,4,8,1,0.1705,Lanifibranor (IVA-337),PPAR-alpha/gamma/delta
T11159,CC[C@H](C)n1nc(N2CC(C(C)(C)O)C2)c2cnc(Nc3ccnc(-c4cnn(S(=O)(=O)C5CC5)c4)n3)cc21,551.68,3.35,143.9,2,10,9,1,0.1705,Firsocostat (GS-0976),ACC
T0348,CC(CCc1ccccc1)NCC(O)c1ccc(O)c(C(N)=O)c1,328.41,2.14,95.6,4,4,8,0,0.1702,VK2809,THR-beta
T1062,COc1cc(CNC(=O)CCCC/C=C/C(C)C)ccc1O,305.42,3.79,58.6,2,3,9,0,0.1702,VK2809,THR-beta
T1109,COc1cc(CNC(=O)CCCC/C=C\C(C)C)ccc1O,305.42,3.79,58.6,2,3,9,0,0.1702,VK2809,THR-beta
T2359,O=C(Nc1ccccc1C(=O)NC1CCCCNC1=O)c1cc2ccccc2s1,407.5,3.55,87.3,3,4,4,0,0.1702,Denifanstat (TVB-2640),FASN
T3153,Nc1nc2cc(-c3ccc4ncc(C(=O)N5CCOCC5)n4c3)ccc2o1,363.38,2.2,98.9,1,6,2,0,0.1702,Denifanstat (TVB-2640),FASN
T3993,COc1ccc(Cn2cc(C(=O)O)c(=O)c3ccccc32)cc1,309.32,2.76,68.5,1,3,4,0,0.1702,Cilofexor (GS-9674),FXR
T4296,CS(=O)(=O)Nc1cc(-c2ccc3ncnc(Nc4ccc(F)c(Cl)c4)c3c2)cnc1Cl,478.34,5.25,96.9,2,6,5,1,0.1702,Lanifibranor (IVA-337),PPAR-alpha/gamma/delta
T5S1262,Cc1c(O)c(C)c2c(c1O)C(=O)[C@H](Cc1ccc3c(c1)OCO3)CO2,342.35,2.88,85.2,2,6,2,0,0.1702,VK2809,THR-beta
T7033,CC(C)c1cc2c(c(O)c1O)[C@@]13CCCC(C)(C)[C@@H]1[C@H](OC3=O)[C@H]2O,346.42,3.26,87.0,3,5,1,0,0.1702,VK2809,THR-beta
TN6712,[H][C@@]12CC(=O)[C@@]3([H])C[C@@H](O)CC[C@]3(C)[C@@]1([H])[C@@H](O)C1=C(C)[C@]3(CC[C@]12[H])O[C@]1([H])C[C@H](C)CN[C@@]1([H])[C@H]3C,443.63,3.23,78.8,3,5,0,0,0.1702,Obeticholic acid (OCA),FXR
T9135,CC(C)c1cc2c(c(O)c1O)[C@]13CCCC(C)(C)[C@@H]1[C@H](OC3=O)[C@@H]2O,346.42,3.26,87.0,3,5,1,0,0.1702,VK2809,THR-beta
T30258,CNC(=O)c1cc(Cl)c(OC(C)(C)C(=O)O)cc1OC[C@@H](O)CN1CCC2(CC1)Cc1cc(Cl)ccc1O2,567.47,3.8,117.6,3,7,9,1,0.1702,BI-1467335,AOC3/VAP-1
T12642L,Cc1n[nH]cc1-c1cc2nc([C@@H]3CC4CCN3CC4)[nH]c(=O)c2s1,341.44,2.84,77.7,2,5,2,0,0.1702,Denifanstat (TVB-2640),FASN
T10233,[H][C@]12CC[C@@]3([H])[C@@]4(O)CC[C@H](c5ccc(=O)oc5)[C@@]4(C)C(=O)[C@@H](O)[C@]3([H])[C@@]1(C)CC[C@H](OC(C)=O)C2,458.55,2.96,114.0,2,7,2,0,0.1702,Obeticholic acid (OCA),FXR
T64322,CC(C)(C)OC(=O)N1CCC(NC(=O)OCC2c3ccccc3-c3ccccc32)(C(=O)O)CC1,466.53,4.38,105.2,2,5,4,0,0.1702,Denifanstat (TVB-2640),FASN
T12642,Cc1n[nH]cc1-c1cc2[nH]c([C@H]3CC4CCN3CC4)nc(=O)c2s1,341.44,2.84,77.7,2,5,2,0,0.1702,Denifanstat (TVB-2640),FASN
T31719,[H][C@@]12CC[C@](OC(=O)C(Cl)Cl)(C(=O)OCC)[C@@]1(C)C[C@H](O)[C@@]1([H])[C@@]2([H])CCC2=CC(=O)C=C[C@@]21C,485.4,3.91,89.9,1,6,4,0,0.1702,Obeticholic acid (OCA),FXR
T77711,Cc1c(C(=O)NCc2ccccc2)oc2ccc(S(=O)(=O)N3CCC(C)CC3)cc12,426.54,4.09,79.6,1,4,5,0,0.1702,Lanifibranor (IVA-337),PPAR-alpha/gamma/delta
T80800,O=C1NC(=S)N/C1=C\c1cccc(OCc2ccccc2)c1,310.38,2.61,50.4,2,3,4,0,0.1702,Cilofexor (GS-9674),FXR
T39220,O=C(NOCCO)c1cc2scnc2c(F)c1Nc1ccc(I)cc1F,491.26,3.58,83.5,3,6,6,0,0.1702,Lanifibranor (IVA-337),PPAR-alpha/gamma/delta
T2114,CCNC(=O)c1cc2c(-c3cc(OCCN4CCCC4)c(Cl)cc3Cl)nc(N)nc2s1,480.42,4.47,93.4,2,7,7,0,0.1700,Lanifibranor (IVA-337),PPAR-alpha/gamma/delta
T3180,O=C(O)c1cnn(-c2nc3cc(OC(F)(F)F)c(Cl)cc3[nH]2)c1,346.65,3.0,93.0,2,4,3,0,0.1700,Cilofexor (GS-9674),FXR
T6413,CC(C)(OCc1nn(Cc2ccccc2)c2ccccc12)C(=O)O,324.38,3.46,64.4,1,3,6,0,0.1700,Firsocostat (GS-0976),ACC
T4476,NC(=O)c1cnc(NCCc2ccc(O)c(Cl)c2)nc1NCc1ccccc1,397.87,3.2,113.2,4,6,8,0,0.1700,VK2809,THR-beta
T5407,CC#CC(=O)N[C@H]1CCCN(c2c(F)cc(C(N)=O)c3[nH]c(C)c(C)c23)C1,370.43,2.13,91.2,3,3,3,0,0.1700,Denifanstat (TVB-2640),FASN
T7394,Cc1[nH]c(/C=C2\C(=O)Nc3ccc(F)cc32)c(C)c1C(=O)NCCN1CCCC1,396.47,3.09,77.2,3,3,5,0,0.1700,Denifanstat (TVB-2640),FASN
T13869L,CNc1ncc(CN2CCCC(c3nc(-c4cccs4)cc(=O)[nH]3)C2)cn1,382.49,2.71,86.8,2,7,5,0,0.1700,Denifanstat (TVB-2640),FASN
T14049,O=C(ON1C(=O)CCC1=O)c1ccc2c(c1)C(=O)OC21c2ccc(O)cc2Oc2cc(O)ccc21,473.39,2.89,139.7,2,9,2,0,0.1700,Cilofexor (GS-9674),FXR
T16499,Cn1cc(-c2ccncc2)c(-c2ccc(OCc3ccc4ccccc4n3)cc2)n1,392.46,5.28,52.8,0,4,5,1,0.1700,Cilofexor (GS-9674),FXR
T10804,Cc1cccc(S(=O)(=O)Nc2cc(-c3sc(NC(=O)[C@@H](N)C(C)C)nc3C)cnc2Cl)c1,494.04,4.2,127.1,3,7,7,0,0.1700,Lanifibranor (IVA-337),PPAR-alpha/gamma/delta
TN1402,[H][C@]12CC=C3[C@@](C)(CC[C@@]4(C(=O)O)CCC(C)(C)[C@@H](O)[C@@]34[H])[C@]1(C)CC[C@]1([H])[C@]2(C)C[C@@H](O)[C@H](O)[C@@]1(C)CO,504.71,4.15,118.2,5,5,2,1,0.1700,Aramchol,SCD1
T12269,CCCn1nc(C(=O)N2CCCCC2)c2c1CCC(NCCc1ccncc1)C2,395.55,3.0,63.1,1,4,7,0,0.1700,Denifanstat (TVB-2640),FASN
T77335,Nc1nccc(N2CCCC(CO)(CCCc3ccccc3)C2)n1,326.44,2.66,75.3,2,5,6,0,0.1700,Cilofexor (GS-9674),FXR
T39258L,COc1ccc(-c2c(-c3ccc(C#N)c(F)c3)nc(N3CCC(N)CC3)n(C)c2=O)cc1F,451.48,3.2,97.2,1,6,4,0,0.1700,Denifanstat (TVB-2640),FASN
T61871,O=C1CC(c2cccc(Cl)c2Cl)CC(=O)C1=CNCCN1CCOCC1,397.3,2.81,58.6,1,5,5,0,0.1700,Cilofexor (GS-9674),FXR
T89335,Cc1cc(C(F)(F)F)cc(N2C(=O)NC[C@H]2C(=O)N(C)c2ccc(F)c(Cl)c2F)n1,448.78,3.9,65.5,1,3,3,0,0.1700,Denifanstat (TVB-2640),FASN
T21713,CCCCCNC(=O)NS(=O)(=O)c1cc([N+](=O)[O-])ccc1NC1CCCCC1,412.51,3.52,130.4,3,6,9,0,0.1700,Aramchol,SCD1
T0334,CN(CCOc1ccc(CC2SC(=O)NC2=O)cc1)c1ccccn1,357.44,2.49,71.5,1,6,7,0,0.1698,Firsocostat (GS-0976),ACC
T0447,COc1ccccc1OCCNCC(O)COc1cccc2[nH]c3ccccc3c12,406.48,3.74,75.7,3,5,10,0,0.1698,Firsocostat (GS-0976),ACC
T1621,Cc1ccc(NC(=O)c2ccc(CN3CCN(C)CC3)cc2)cc1Nc1nccc(-c2cccnc2)n1,493.62,4.59,86.3,2,7,7,0,0.1698,Denifanstat (TVB-2640),FASN
T2044,CCc1c(C(=O)C(N)=O)c2c(OCC(=O)O)cccc2n1Cc1ccccc1,380.4,2.38,111.6,2,4,8,0,0.1698,Firsocostat (GS-0976),ACC
T2339,CNC(=O)c1ccc(N2C(=S)N(c3cnc(C#N)c(C(F)(F)F)c3)C(=O)C23CCC3)cc1F,477.44,3.53,89.3,1,5,3,0,0.1698,Denifanstat (TVB-2640),FASN
T2348,CNc1nc(-c2ccc3c(N)n[nH]c3c2)cc(N2C[C@@H](C(=O)NC3CCCCC3)CC[C@H]2C)n1,462.6,3.7,124.8,4,7,5,0,0.1698,Denifanstat (TVB-2640),FASN
T2542,COCCCN1CCC(NC(=O)c2cc(Cl)c(N)c3c2OCC3)CC1,367.88,2.09,76.8,2,5,6,0,0.1698,Cilofexor (GS-9674),FXR
T2674,COC(=O)c1sccc1S(=O)(=O)Nc1ccc(Nc2ccccc2)cc1OC,418.5,4.09,93.7,2,7,7,0,0.1698,Firsocostat (GS-0976),ACC
T3350,Cc1cc(F)c(C(=O)Nc2cccc(-c3nncn3C(C)C)n2)cc1-n1cnc(C2CC2)c1,445.5,4.68,90.5,1,5,6,0,0.1698,Denifanstat (TVB-2640),FASN
T4031,CC(C)Cc1ccc(-c2nc(-c3ccc(CN4CC(C(=O)O)C4)c(F)c3)no2)cc1,409.46,4.26,79.5,1,5,7,0,0.1698,Cilofexor (GS-9674),FXR
T6458,Cc1nc(N)sc1-c1ccnc(Nc2ccc(N3CCOCC3)cc2)n1,368.47,3.07,89.2,2,8,4,0,0.1698,Firsocostat (GS-0976),ACC
T6976,COc1nccc(-c2c(-c3ccc(F)cc3)ncn2[C@H]2CC[C@H](O)CC2)n1,368.41,3.63,73.1,1,5,4,0,0.1698,Firsocostat (GS-0976),ACC
T5S0890,CO[C@H]1C[C@H](O[C@H]2CC[C@@]3(C)[C@H](CC[C@@H]4[C@@H]3CC[C@]3(C)[C@@H](C5=CC(=O)OC5)[C@@H](OC(C)=O)C[C@]43O)C2)O[C@@H](C)[C@@H]1O,576.73,3.68,120.8,2,9,5,1,0.1698,Obeticholic acid (OCA),FXR
T12428L,Cc1cc(C)c(CN2CCc3c(Cl)cc(-c4c(C)noc4C)c(Cl)c3C2=O)c(=O)[nH]1,446.33,4.77,79.2,1,4,3,0,0.1698,Cilofexor (GS-9674),FXR
T9078,Cc1cc(NC2CCN(C(=O)OC3CCN(C(=O)/C=C/CN(C)C)C3)CC2)n2ncc(C(C)C)c2n1,497.64,2.89,95.3,1,7,7,0,0.1698,Denifanstat (TVB-2640),FASN
T11344,Nc1ccc(-c2cc(Cl)c(Cl)c3[nH]c4c(c23)CN(C(=O)CO)CC4)cn1,391.26,3.0,95.2,3,4,2,0,0.1698,Cilofexor (GS-9674),FXR
T14044,O=C(O)c1cc(-c2ccc(C=C3SC(=S)N(Cc4ccccc4)C3=O)o2)ccc1Cl,455.94,5.7,70.8,1,5,5,1,0.1698,Cilofexor (GS-9674),FXR
T10375,C=CC(=O)N1CCN(c2ncnc3c(F)c(-c4c(O)cccc4F)c(Cl)cc23)CC1,430.84,3.77,69.6,1,5,3,0,0.1698,Cilofexor (GS-9674),FXR
T9807,O=C(O)c1ccc(SSc2ccc(C(=O)O)cn2)nc1,308.34,2.67,100.4,2,6,5,0,0.1698,BI-1467335,AOC3/VAP-1
T10791,CNc1nc(Nc2cnc(C#N)c(O[C@@H]3CCCNC3)c2)ncc1-c1cnn(C)c1,405.47,2.06,125.6,3,9,6,0,0.1698,Denifanstat (TVB-2640),FASN
T23232,CCN1CCC[C@H]1CNC(=O)c1c(OC)ccc(Br)c1OC,371.28,2.68,50.8,1,4,6,0,0.1698,Firsocostat (GS-0976),ACC
T68084,O=C1Cc2cc3c(CCC4CCN(Cc5ccccc5)CC4)noc3cc2N1,375.47,4.17,58.4,1,4,5,0,0.1698,Cilofexor (GS-9674),FXR
T68122,Cc1nc[nH]c1CSCCNc1ncc(Cc2ccc3c(c2)OCO3)c(=O)[nH]1,399.48,2.47,104.9,3,7,8,0,0.1698,VK2809,THR-beta
T39718,Cc1[nH]nc2c1N=C(c1ccccc1Cl)c1cnc(N3CCOCC3)cc1N2,394.87,3.83,78.4,2,6,2,0,0.1698,Cilofexor (GS-9674),FXR
T11690,C[C@@H](C(=O)N(C)c1ccc2cc(-c3n[nH]c4c3CCC(C)(C)C4)[nH]c2c1)N1CCOCC1,435.57,3.76,77.2,2,4,4,0,0.1698,Denifanstat (TVB-2640),FASN
T30491,O=C(O)c1c(Oc2ccc(-c3ccccc3-c3nnn[nH]3)cc2)c(C2CC2)nc2ccccc12,449.47,5.45,113.9,2,6,6,1,0.1698,Cilofexor (GS-9674),FXR
T207822,CC(O)C1CCN(c2ccc(Cl)cc2NC(=O)c2cnn3cccnc23)CC1,399.88,3.23,82.8,2,5,4,0,0.1698,VK2809,THR-beta
T2453,CCOc1ccccc1N/N=C1/C(=O)N(c2nc(-c3ccccc3)cs2)N=C1C,405.48,4.4,79.2,1,7,6,0,0.1696,Firsocostat (GS-0976),ACC
T4332,Cn1cc(-c2cc(Oc3cc(F)c(NC(=O)C4(C(=O)Nc5ccccc5)CC4)cc3F)ccn2)cn1,489.48,4.91,98.1,2,5,7,0,0.1696,Cilofexor (GS-9674),FXR
T6733,C=CC(=O)Nc1cccc(Oc2nc(Nc3ccc(N4CCN(C)CC4)cc3)ncc2Cl)c1,464.96,4.54,82.6,2,7,7,0,0.1696,Cilofexor (GS-9674),FXR
T4298,O=C(NCC1(N2CCN(c3ccccc3)CC2)CCOCC1)c1cccnc1Sc1ccccc1,488.66,4.33,57.7,1,6,7,0,0.1696,Firsocostat (GS-0976),ACC
TQ0060,CC(C)c1c2cc(-c3ccnc(N[C@H]4CC[C@H](NC5CCOCC5)CC4)n3)ccc2nn1C,448.62,4.65,76.9,2,6,6,0,0.1696,Firsocostat (GS-0976),ACC
T12104,COc1ccccc1S(=O)(=O)Nc1ccc(C)cc1Oc1ccc2c(N)nccc2c1,435.51,4.73,103.5,2,6,6,0,0.1696,Firsocostat (GS-0976),ACC
T16967,COc1ccc(-c2c(C)nn3c(NCCN4CCOCC4)cc(C)nc23)cc1OC,411.51,2.77,73.2,1,7,7,0,0.1696,Firsocostat (GS-0976),ACC
T39658,Cc1nc(N2CCC3(CC2)CO[C@@H](C)[C@H]3N)c(CO)nc1Sc1ccnc(N)c1Cl,451.0,2.39,123.4,3,9,4,0,0.1696,Cilofexor (GS-9674),FXR
T68152,COc1ccc2c(c1)c(CC(=O)OC1OC(=O)c3ccccc31)c(C)n2C(=O)c1ccc(Cl)cc1,489.91,5.26,83.8,0,6,5,1,0.1696,Cilofexor (GS-9674),FXR
T72784,CN1CC[C@@H](Oc2ccc(F)c(-c3nc4c(o3)C(=O)c3ccccc3C4=O)c2Cl)C1,426.83,3.99,72.6,0,6,3,0,0.1696,Firsocostat (GS-0976),ACC
T11770,[H][C@@]12COc3cnc4c(C)c(-c5c(O)cccc5F)c(Cl)cc4c3N1CCN(C(=O)C=C)C2,453.9,4.3,65.9,1,5,2,0,0.1696,VK2809,THR-beta
T3171,COc1ccc(S(=O)(=O)Nc2c(C)cc(C)cc2C)cc1,305.4,3.42,55.4,1,3,4,0,0.1695,BI-1467335,AOC3/VAP-1
T6238,C=CC(=O)Nc1cccc(Oc2nc(Nc3ccc(N4CCN(C)CC4)cc3OC)ncc2Cl)c1,494.98,4.55,91.8,2,8,8,0,0.1695,Cilofexor (GS-9674),FXR
T6521,Cc1ncc(Cl)cc1NCc1ccc(C(=O)N[C@@H](CC2CCCC2)C(=O)NC2CC2)s1,461.03,4.67,83.1,3,5,9,0,0.1695,Firsocostat (GS-0976),ACC
T9058,OCCOc1ccc(C2(c3ccc(OCCO)cc3)c3ccccc3-c3ccccc32)cc1,438.52,4.79,58.9,2,4,8,0,0.1695,BI-1467335,AOC3/VAP-1
T22678,O=C(O)c1cc(Oc2ccc([N+](=O)[O-])cc2)cc(Oc2ccc([N+](=O)[O-])cc2)c1,396.31,4.79,142.0,1,7,7,0,0.1695,BI-1467335,AOC3/VAP-1
T16161,CC(=O)N1CCN(Cc2ccc([C@H](C)Nc3nccc(N4C(=O)OC[C@@H]4C(C)C)n3)cc2)CC1,466.59,3.3,90.9,1,7,7,0,0.1695,Firsocostat (GS-0976),ACC
T9293,O=C(Nc1ccc2c(c1)C(=O)c1ccccc1C2=O)c1ccccc1,327.34,3.71,63.2,1,3,2,0,0.1695,BI-1467335,AOC3/VAP-1
T64043,CCN(c1cc(-c2ccc(CN3CCNCC3)cc2)cc(C(=O)NCc2c(C)cc(C)[nH]c2=O)c1C)C1CCOCC1,571.77,4.31,89.7,3,6,9,1,0.1695,VK2809,THR-beta
T13329,COc1ccc(-n2nnnc2C(F)(F)F)cc1CN[C@H]1CCCN[C@H]1c1ccccc1,432.45,3.27,76.9,2,6,6,0,0.1695,Firsocostat (GS-0976),ACC
T14924,CCc1cc(-c2noc(-c3cc(OC)nc(C4CCCC4)c3)n2)cc(C)c1OC[C@@H](O)CO,453.54,4.07,110.7,2,8,9,0,0.1695,Firsocostat (GS-0976),ACC
T3210,Cc1[nH]nc(C(F)(F)F)c1Cc1sc2c(c1C(=O)N1C[C@](C)(O)CO1)c(=O)n(C)c(=O)n2C(C)C,515.51,2.12,122.5,2,7,4,1,0.1694,Firsocostat (GS-0976),ACC
T5312,CCOc1ccc2c(-c3cccc(F)c3)nn(CC(=O)N(C)c3ccc4nc(C)oc4c3)c(=O)c2c1,486.5,4.71,90.5,0,6,6,0,0.1694,Firsocostat (GS-0976),ACC
T15446,COc1ccc2[nH]c(=O)c(C(c3nnnn3CCc3ccccc3)N3CCN(C4CCCCC4)CC3)cc2c1,527.67,3.81,92.2,1,7,8,1,0.1694,Firsocostat (GS-0976),ACC
T9445,COCc1ccc(NC(=O)c2c(C#CCN3CCOCC3)n(C3(C)CC3)c3ncnc(N)c23)cc1,474.57,2.6,107.5,2,7,6,0,0.1694,Firsocostat (GS-0976),ACC
T1146,COC(=O)C1=C(C)NC(C)=C(C(=O)OC)C1c1ccccc1[N+](=O)[O-],346.34,2.18,107.8,1,7,4,0,0.1692,BI-1467335,AOC3/VAP-1
T5138,Cc1c(-c2c(F)cc(C(N)=O)c3[nH]c4c(c23)CC[C@H](C(C)(C)O)C4)cccc1-n1c(=O)c2cccc(F)c2n(C)c1=O,572.61,4.4,123.1,3,4,4,1,0.1692,Firsocostat (GS-0976),ACC
T5196,COC(=O)c1ccc(C(c2c[nH]c3ccccc23)c2c[nH]c3ccccc23)cc1,380.45,5.62,57.9,2,2,4,1,0.1692,BI-1467335,AOC3/VAP-1
T18962,CN(C)c1ccc(N=Nc2ccc(C(=O)ON3C(=O)CCC3=O)cc2)cc1,366.38,3.39,91.6,0,7,5,0,0.1692,BI-1467335,AOC3/VAP-1
T41275,C[C@@](CCc1ccc(-c2ccccc2)cc1)(C(=O)NO)S(C)(=O)=O,347.44,2.59,83.5,2,4,6,0,0.1692,BI-1467335,AOC3/VAP-1
T60205,C[C@](CCc1ccc(-c2ccccc2)cc1)(C(=O)NO)S(C)(=O)=O,347.44,2.59,83.5,2,4,6,0,0.1692,BI-1467335,AOC3/VAP-1
T71832,O=C(NNS(=O)(=O)c1ccc2ccccc2c1)c1ccccc1F,344.37,2.6,75.3,2,3,4,0,0.1692,BI-1467335,AOC3/VAP-1
T15023,O=S1(=O)c2ccc(F)cc2Oc2cc(OCC(F)(F)F)ccc21,348.27,3.71,52.6,0,4,2,0,0.1692,BI-1467335,AOC3/VAP-1
TN11233,COc1cc(/C=C/C(=O)COC(=O)/C=C/c2ccc(O)c(OC)c2)ccc1O,384.38,2.95,102.3,2,7,8,0,0.1692,BI-1467335,AOC3/VAP-1
T1758,COc1ccc(S(=O)(=O)Nc2cccnc2Nc2ccc(O)cc2)cc1,371.42,3.34,100.6,3,6,6,0,0.1690,BI-1467335,AOC3/VAP-1
T3960,Cc1cc(C(=O)Nc2cccc(C(=O)Nc3cccc(C(F)(F)F)c3)c2)on1,389.33,4.51,84.2,2,4,4,0,0.1690,BI-1467335,AOC3/VAP-1
T4264,CCCn1c(NC(=O)c2cccc(C(N)=O)c2)nc2ccccc21,322.37,2.8,90.0,2,3,5,0,0.1690,BI-1467335,AOC3/VAP-1
T4634,CCc1c(-c2ccc(C(=O)NC)nc2)cnc(N)c1-c1ccc(O)cc1,348.41,3.02,101.1,3,5,4,0,0.1690,BI-1467335,AOC3/VAP-1
T60073,O=C(Nc1nc(-c2ccccn2)cs1)c1ccc([N+](=O)[O-])cc1,326.34,3.37,98.0,1,6,4,0,0.1690,BI-1467335,AOC3/VAP-1
TP2417,CC(=O)c1ccc2c(c1)[C@H](NC(=O)c1cc(F)cc(F)c1)[C@@H](O)C(C)(C)O2,375.37,3.17,75.6,2,4,3,0,0.1690,BI-1467335,AOC3/VAP-1
T40293,O=C(Nc1nc2ccc(C(F)(F)F)cc2s1)c1cnc(C(F)(F)F)s1,397.32,5.04,54.9,1,5,2,1,0.1690,BI-1467335,AOC3/VAP-1
T85699,CC1=C/C(=N\NC(=O)c2ccncc2)c2c(O)cccc2C1=O,307.31,2.06,91.7,2,5,2,0,0.1690,BI-1467335,AOC3/VAP-1
T67572,C[C@@H](OC(C)(C)C)[C@H](NC(=O)OCC1c2ccccc2-c2ccccc21)C(=O)O,397.47,4.18,84.9,2,4,6,0,0.1690,BI-1467335,AOC3/VAP-1
T4106,COc1ccc(C(NC(=O)c2cnc(-c3cccnn3)[nH]c2=O)c2ccc(OC)cc2)cc1,443.46,2.76,119.1,2,7,7,0,0.1688,BI-1467335,AOC3/VAP-1
T5421,CNC(=O)c1ccc(-c2cnc3cnc(C(=O)N(C)c4ccc(Cl)cc4)cn23)cc1,419.87,3.69,79.6,1,4,4,0,0.1688,BI-1467335,AOC3/VAP-1
T7592,CO/N=C(/C(=O)OC)c1ccccc1CO/N=C(\C)c1cccc(C(F)(F)F)c1,408.38,4.17,69.5,0,6,7,0,0.1688,BI-1467335,AOC3/VAP-1
T13287,O=C(CC(CO)N1CCN(c2ccc(OC(F)(F)F)cc2)CC1)Nc1ccc(Cl)cc1,457.88,3.75,65.0,2,5,7,0,0.1688,BI-1467335,AOC3/VAP-1
T9359,CC(=O)NCCNc1ncnc(OCc2cccc(-c3ccccc3)c2C)n1,377.45,2.97,89.0,2,6,8,0,0.1688,BI-1467335,AOC3/VAP-1
T24827,COc1ccc2nccc(NC(=O)c3cc([N+](=O)[O-])ccc3Cl)c2c1,357.75,4.06,94.4,1,5,4,0,0.1688,BI-1467335,AOC3/VAP-1
T11533,O=C1S/C(=C\c2ccc(OCc3ccc(B(O)O)cc3)cc2)C(=O)N1Cc1ccc(F)cc1,463.3,3.32,87.1,2,6,7,0,0.1688,BI-1467335,AOC3/VAP-1
T13408,CC[C@@H](Oc1nc(Oc2cccc(-c3cccc(CN)c3)c2)c(F)cc1F)C(=O)O,414.41,4.52,94.7,2,5,8,0,0.1688,BI-1467335,AOC3/VAP-1
T12918,CC(C)(C)C(=O)NCCC1CCN(c2ncnc3cc(C(N)=O)sc23)CC1,389.53,2.56,101.2,2,6,5,0,0.1688,BI-1467335,AOC3/VAP-1
T16514,COc1ccc(Cl)c(-c2ccc(NC(=O)c3ccnn3C)nc2N)c1,357.8,2.98,95.1,2,5,4,0,0.1688,BI-1467335,AOC3/VAP-1
T21980,Cc1cc(I)ccc1Nc1c(C(=O)NOCC2CC2)cc(F)c(F)c1F,476.24,4.83,50.4,2,3,6,0,0.1688,BI-1467335,AOC3/VAP-1
T10864,Nc1ccccc1NC(=O)c1ccc(CCCC(=O)Nc2ccc([C@@H]3C[C@H]3N)cc2)cc1,428.54,4.3,110.2,4,4,8,0,0.1688,BI-1467335,AOC3/VAP-1
T62758,O=S(=O)(c1ccc2ccccc2c1)N1CCN(S(=O)(=O)c2c(F)cccc2F)CC1,452.5,2.81,74.8,0,4,4,0,0.1688,Lanifibranor (IVA-337),PPAR-alpha/gamma/delta
T70188,COc1ccc(-c2cc(C(OC)(OC)c3ccc(Cl)c(C(N)=O)c3)nn2-c2ccc(OC)cc2)cc1,507.97,4.8,97.8,1,6,9,1,0.1688,BI-1467335,AOC3/VAP-1
T205864,NCCCCCCNC(=O)c1ccc2c(c1)C(=O)OC21c2ccc(O)cc2Oc2cc(O)ccc21,474.51,3.91,131.1,4,7,7,0,0.1688,BI-1467335,AOC3/VAP-1
T0089,O=C(O)COCCN1CCN(C(c2ccccc2)c2ccc(Cl)cc2)CC1,388.9,3.15,53.0,1,4,8,0,0.1687,Lanifibranor (IVA-337),PPAR-alpha/gamma/delta
T1469,O=C(O)COCCN1CCN([C@H](c2ccccc2)c2ccc(Cl)cc2)CC1,388.9,3.15,53.0,1,4,8,0,0.1687,Lanifibranor (IVA-337),PPAR-alpha/gamma/delta
T1911,Cn1ncc(Cl)c1-c1cc(C(=O)N[C@H](CN)Cc2cccc(F)c2)sc1Cl,427.33,3.89,72.9,2,4,6,0,0.1687,BI-1467335,AOC3/VAP-1
T4A2462,[H][C@]12CC[C@]3(C)[C@@H](c4ccc(=O)oc4)CC[C@]3(O)[C@]1([H])CC[C@]1(O)C[C@@H](O)CC[C@@]12C,402.53,3.36,90.9,3,5,1,0,0.1687,Obeticholic acid (OCA),FXR
T7132,CC(O)(c1ccccc1)C(Cc1ccc(Cl)cc1)n1cncn1,327.82,3.62,50.9,1,3,5,0,0.1687,Lanifibranor (IVA-337),PPAR-alpha/gamma/delta
T7885,Cn1ncc(Cl)c1-c1cc(C(=O)NC(CN)Cc2cccc(F)c2)sc1Cl,427.33,3.89,72.9,2,4,6,0,0.1687,BI-1467335,AOC3/VAP-1
T8216,COCCOc1cnc(Sc2cc(C)c(-c3csc(NC(=O)c4ccncc4)n3)c(C)c2)cn1,493.61,5.04,99.1,1,9,9,1,0.1687,BI-1467335,AOC3/VAP-1
TQ0309,[H][C@@]12CC[C@H]3C(=C)C(=O)[C@]1([C@H](O)C[C@]1([H])C(C)(C)C(=O)CC[C@@]21C)[C@@H]3OC(C)=O,374.48,2.85,80.7,1,5,1,0,0.1687,Obeticholic acid (OCA),FXR
T16510,N#Cc1ccc(-c2ccc(S(=O)(=O)Nc3cccc(N)n3)cc2)cc1,350.4,3.0,108.9,2,5,4,0,0.1687,Denifanstat (TVB-2640),FASN
T41277,C#CC(=O)N(c1ccc(OC)cc1OC)C(C(=O)NCC(=O)OCC)c1cccs1,430.48,2.15,94.2,1,7,9,0,0.1687,BI-1467335,AOC3/VAP-1
T15608,[H][C@@]12CN(C(=O)CCOC)C[C@@]([H])(C1)c1ccc(NC(=O)c3ccc(-c4ccccc4)cc3)c(=O)n1C2,471.56,3.75,80.6,1,4,6,0,0.1687,BI-1467335,AOC3/VAP-1
T40795,O=C(Nc1c(S(=O)(=O)c2ccccc2)csc1Br)c1ccccc1Cl,456.77,5.25,63.2,1,4,4,1,0.1687,Lanifibranor (IVA-337),PPAR-alpha/gamma/delta
T72039,CN1CCN(c2ccc(C(=O)Nc3cnc4[nH]cc(-c5cncc(F)c5)c4c3)cc2)CC1,430.49,3.77,77.1,2,5,4,0,0.1687,BI-1467335,AOC3/VAP-1
T70302,C=CCN1CCC[C@H]1CNC(=O)c1cc(CCCF)cc(OC)c1OC,364.46,2.99,50.8,1,4,10,0,0.1687,BI-1467335,AOC3/VAP-1
T11235,[H][C@@]12CCc3cc(OS(N)(=O)=O)ccc3[C@@]1([H])CC[C@]1(C)[C@@H](O)CC[C@@]21[H],351.47,2.49,89.6,2,4,2,0,0.1687,Obeticholic acid (OCA),FXR
T26528,CC(C)(C(=O)NC1C2CC3CC1CC(C(N)=O)(C3)C2)N1CCN(c2ccc(C(F)(F)F)cn2)CC1,493.57,2.8,91.6,2,5,5,0,0.1687,BI-1467335,AOC3/VAP-1
T0119,CCOC(=O)C1=C(C)NC(C)=C(C(=O)OC)C1c1cccc([N+](=O)[O-])c1,360.37,2.57,107.8,1,7,5,0,0.1685,Denifanstat (TVB-2640),FASN
T0145,COC(=O)C1=C(C)NC(C)=C(C(=O)OC)C1c1cccc(Cl)c1Cl,370.23,3.57,64.6,1,5,3,0,0.1685,Cilofexor (GS-9674),FXR
T1519,Cc1c(C(=O)NN2CCCCC2)nn(-c2ccc(Cl)cc2Cl)c1-c1ccc(Cl)cc1,463.8,5.94,50.2,1,3,4,1,0.1685,Lanifibranor (IVA-337),PPAR-alpha/gamma/delta
T2234,N#Cc1c(NC(=O)c2cccc3ccccc23)sc2c1CCCC2,332.43,4.9,52.9,1,3,2,0,0.1685,Denifanstat (TVB-2640),FASN
T2292,CCn1cc(NC(=S)Nc2cc(Cl)ccc2OC)c(C(N)=O)n1,353.84,2.47,94.2,3,4,5,0,0.1685,Lanifibranor (IVA-337),PPAR-alpha/gamma/delta
T4435,Cc1ccc(NS(=O)(=O)c2cccc(C#N)c2)c2[nH]cc(C#N)c12,336.38,3.02,109.5,2,4,3,0,0.1685,Denifanstat (TVB-2640),FASN
T2S0531,COc1ccc([C@H]2OC[C@H]3[C@@H]2CO[C@@H]3c2ccc(OC)c(OC)c2)cc1OC,386.44,3.8,55.4,0,6,6,0,0.1685,Firsocostat (GS-0976),ACC
T3767,CC1(C)CC[C@@]2(C(=O)O)C(C1)C1=CC[C@@H]3[C@@]4(C)C[C@H](O)[C@H](O)[C@@](C)(CO)C4CC[C@@]3(C)[C@]1(C)C[C@H]2O,504.71,4.15,118.2,5,5,2,1,0.1685,Obeticholic acid (OCA),FXR
T3836,[H][C@@]12CO[C@@]([H])(c3ccc(OC)c(OC)c3)[C@]1([H])CO[C@@]2([H])c1ccc(OC)c(OC)c1,386.44,3.8,55.4,0,6,6,0,0.1685,Firsocostat (GS-0976),ACC
T8657,N#C[C@@H]1CCCN1C(=O)[C@@H]1CCCN1C(=O)CCCc1ccccc1,339.44,2.51,64.4,0,3,5,0,0.1685,Denifanstat (TVB-2640),FASN
T15654,C[C@H]1CCN1c1nc(N2C[C@@H]3C(CC(=O)O)[C@@H]3C2)cc(C(F)(F)F)n1,356.35,2.25,69.6,1,5,4,0,0.1685,Lanifibranor (IVA-337),PPAR-alpha/gamma/delta
T16999,Cc1cc(Oc2ncccc2C(F)(F)F)ccc1-c1c(C)c(=O)[nH]c(=O)n1C,391.35,3.56,77.0,1,4,3,0,0.1685,Resmetirom,THR-beta
T27133,CCOC(=O)c1ccc(N2CCN(Cc3ccccc3)CC2)c(N)c1,339.44,2.77,58.8,1,5,5,0,0.1685,Denifanstat (TVB-2640),FASN
TJS0487,[H][C@@]12CO[C@@]([H])(c3cc(OC)c(O)c(OC)c3)[C@]1([H])CO[C@@]2([H])c1cc(OC)c(O)c(OC)c1,418.44,3.21,95.8,2,8,6,0,0.1685,Firsocostat (GS-0976),ACC
T72073,CN(C)S(=O)(=O)c1ccc(S(=O)(=O)Nc2ccccc2N2CCN(c3ccc(Cl)cc3F)CC2)cc1,553.08,3.86,90.0,1,6,7,1,0.1685,Lanifibranor (IVA-337),PPAR-alpha/gamma/delta
TN2250,COc1cc(C2OCC3C(c4cc(OC)c(O)c(OC)c4)OCC23)cc(OC)c1O,418.44,3.21,95.8,2,8,6,0,0.1685,Firsocostat (GS-0976),ACC
T79600,COc1cc2nccc(Nc3ccc4scnc4c3)c2cc1P(C)(C)=O,383.41,4.84,64.1,1,6,4,0,0.1685,Lanifibranor (IVA-337),PPAR-alpha/gamma/delta
T16114,CC[C@H](NC(=O)c1c(NS(C)(=O)=O)c(-c2ccccc2)nc2ccccc12)c1ccccc1,459.57,5.15,88.2,2,4,7,1,0.1685,Lanifibranor (IVA-337),PPAR-alpha/gamma/delta
T62473,C[C@H](C#N)Nc1cc(-c2ccc3cc(C#N)cnn23)ncc1C(=O)NC[C@@H](F)C(C)(C)O,435.46,2.43,139.1,3,7,7,0,0.1685,BI-1467335,AOC3/VAP-1
T61306,Cn1c2ccccc2c(=O)c2c(=O)n(-c3ccccc3)c(C3CCC3)nc21,357.41,3.51,56.9,0,3,2,0,0.1685,Denifanstat (TVB-2640),FASN
T16793,CS(=O)(=O)c1ccc([C@@H](CC2CCCC2)C(=O)Nc2nccs2)cc1,378.52,3.85,76.1,1,5,6,0,0.1685,Lanifibranor (IVA-337),PPAR-alpha/gamma/delta
T86155,O=C(O)c1cccc(NC(=O)c2cccc(NC(=O)c3cccs3)c2)c1,366.4,3.95,95.5,3,4,5,0,0.1685,Cilofexor (GS-9674),FXR
T1971,NCC1CCN(c2nccc(-c3ccc4ccccc4c3)n2)CC1,318.42,3.47,55.0,1,4,3,0,0.1684,Cilofexor (GS-9674),FXR
T3199,CC(C)C(=O)SCCCCCCC(=O)Nc1nc(-c2ccccc2)cs1,390.57,5.61,59.1,1,5,10,1,0.1684,Aramchol,SCD1
T3461,CCCCc1nc(Cl)c(C(=O)O)n1Cc1ccc(-c2ccccc2-c2nnn[nH]2)cc1,436.9,4.47,109.6,2,5,8,0,0.1684,Lanifibranor (IVA-337),PPAR-alpha/gamma/delta
T4118,COc1ccc(NS(=O)(=O)c2sc3ccc(Cl)cc3c2C)cc1N1CCNCC1,452.0,4.08,70.7,2,6,5,0,0.1684,Lanifibranor (IVA-337),PPAR-alpha/gamma/delta
T6957,Cc1cccc(Nc2nc(N[C@@H]3CCCC[C@@H]3N)ncc2C(N)=O)c1,340.43,2.31,118.9,4,6,5,0,0.1684,Denifanstat (TVB-2640),FASN
T7051,COc1cc2oc(-c3ccccc3)cc(=O)c2c(OC)c1OC,312.32,3.49,57.9,0,5,4,0,0.1684,Firsocostat (GS-0976),ACC
T4635,O=C(O)COC[C@H]1CC[C@H](COC(=O)N(c2ccccc2)c2ccc(Cl)cc2)CC1,431.92,5.52,76.1,1,4,8,1,0.1684,Cilofexor (GS-9674),FXR
T8143,COc1ccc(CCNCC(O)COc2cccc(C)c2)cc1OC,345.44,2.58,60.0,2,5,10,0,0.1684,VK2809,THR-beta
T7848,CS(=O)(=O)c1ccc(Oc2cc(F)cc(C#N)c2)c2c1[C@H](O)C(F)(F)C2,383.35,3.12,87.4,1,5,3,0,0.1684,Denifanstat (TVB-2640),FASN
T15458,CC(=O)Oc1cc2c(cc1Cl)C(c1ccccc1C(=O)O)c1cc(Cl)c(OC(C)=O)cc1O2,487.29,5.83,99.1,1,6,4,1,0.1684,Cilofexor (GS-9674),FXR
T8841,Cc1ccccc1-c1cc(=O)oc2cc(OC(C)C(=O)N(C)C)ccc12,351.4,3.62,59.8,0,4,4,0,0.1684,VK2809,THR-beta
T11727,Nc1cc(COc2c(Cl)cc(C[C@H](N)C(=O)O)cc2Cl)c2oc(-c3ccccc3)nc2c1,472.33,4.92,124.6,3,6,7,0,0.1684,Lanifibranor (IVA-337),PPAR-alpha/gamma/delta
T12181,CC1(COc2cc(F)c(C(=O)NS(=O)(=O)C3CC3)cc2C2CC2)CCC2(CC1)CC2,435.56,4.66,72.5,1,4,7,0,0.1684,Denifanstat (TVB-2640),FASN
T15352,Cc1cc(-n2nc(Cc3cc(F)cc(C(F)(F)F)c3)nc2C)ccc1C(N)=O,392.36,3.73,73.8,1,3,4,0,0.1684,Denifanstat (TVB-2640),FASN
T9778,COc1ccc(-c2csc(NC(=O)C3CCCCN3S(=O)(=O)c3ccccc3)n2)cc1,457.58,4.0,88.6,1,6,6,0,0.1684,Lanifibranor (IVA-337),PPAR-alpha/gamma/delta
T60062,COc1ccc2nc3oc(C(=O)N4CCN(c5ccc(F)cc5)CC4)cc3cc2c1,405.43,4.09,58.8,0,5,3,0,0.1684,Denifanstat (TVB-2640),FASN
T13392,Cc1noc(C)c1-c1ccc(=O)n(Cc2ccc(C3CO3)cc2)c1,322.36,3.24,60.6,0,4,4,0,0.1684,VK2809,THR-beta
T2S1120,CC(=CC(=O)CC(C)C(=O)O)C1CC(=O)C2(C)C3=C(C(=O)CC12C)C1(C)CCC(O)C(C)(C)C1CC3O,514.66,4.05,129.0,3,6,5,1,0.1684,Obeticholic acid (OCA),FXR
T41231,Cc1ccc2c(c1)Cc1c(C(=O)NN3CCCCC3)nn(-c3ccc(Cl)cc3Cl)c1-2,441.36,5.19,50.2,1,3,3,1,0.1684,Lanifibranor (IVA-337),PPAR-alpha/gamma/delta
T67884,Cc1oc(-c2ccc(Cl)cc2)nc1C[S+]([O-])CC(=O)NC1CCCCC1,394.92,4.0,78.2,1,4,6,0,0.1684,Denifanstat (TVB-2640),FASN
T77636,O=C(Cc1ccccc1Cl)Nc1nc(-c2ccncc2)cs1,329.81,4.04,54.9,1,4,4,0,0.1684,Cilofexor (GS-9674),FXR
T37655,O=C(O)c1ccc(C(=O)N2CCc3c(c(=O)oc4ccccc34)C2)cc1,349.34,2.69,87.8,1,4,2,0,0.1684,Cilofexor (GS-9674),FXR
T26531,CC(C)(O)CCOc1c(-c2ccc(S(C)(=O)=O)cc2)cnn(-c2ccc(F)c(F)c2)c1=O,464.49,3.12,98.5,1,6,7,0,0.1684,Lanifibranor (IVA-337),PPAR-alpha/gamma/delta
T14567,CCC(F)(F)c1cc(N2CCC(S(C)(=O)=O)CC2)nc2sc(C(N)=O)c(N)c12,432.52,2.49,119.4,2,7,5,0,0.1684,Lanifibranor (IVA-337),PPAR-alpha/gamma/delta
T88662,CCOC(=O)C1=CN(C(=O)c2ccccc2)C=C(C(=O)OCC)C1c1cccc(OC)c1,435.48,3.83,82.1,0,6,7,0,0.1684,VK2809,THR-beta
T31048,O=C(N[C@@H](Cc1ccc(F)cc1)C(=O)N1CCC(O)CC1)c1cc2cc(Cl)ccc2[nH]1,443.91,3.28,85.4,3,3,5,0,0.1684,Lanifibranor (IVA-337),PPAR-alpha/gamma/delta
T204344,CCOc1ccc(-n2c(SCc3ccc(C#N)cc3)nc3ccccc3c2=O)cc1,413.5,4.95,67.9,0,5,6,0,0.1684,Denifanstat (TVB-2640),FASN
T30578,Cc1cc(Cn2c3c(c4ccccc42)CN(C)CC3)ccc1C(=O)NO,349.43,3.1,57.5,2,3,3,0,0.1684,Denifanstat (TVB-2640),FASN
T0156,C=CC[N+]1([C@H]2C[C@H]3[C@@H]4CC[C@H]5C[C@H](O)[C@@H](N6CCOCC6)C[C@]5(C)[C@H]4CC[C@]3(C)[C@H]2OC(C)=O)CCCC1,529.79,4.41,59.0,1,5,5,1,0.1683,Obeticholic acid (OCA),FXR
T2011,COc1cccc(CNC(=O)Nc2nc(-c3ccncc3)cs2)c1,340.41,3.54,76.1,2,5,5,0,0.1683,Cilofexor (GS-9674),FXR
T2059,CC(C)[C@H](CO)Nc1nc(Nc2cccc(Cl)c2)c2ncn(C(C)C)c2n1,388.9,4.23,87.9,3,6,7,0,0.1683,VK2809,THR-beta
T2338,O=C(Oc1ccc([N+](=O)[O-])cc1)N1CCN(Cc2cccc(Oc3ccccc3)c2)CC1,433.46,4.7,85.1,0,6,6,0,0.1683,Cilofexor (GS-9674),FXR
T2374,Cc1nc(Nc2cnn(C3CCNCC3)c2)nc2c1N(C)C(=O)c1cc3ccccc3cc1N2C,468.57,4.16,91.2,2,7,3,0,0.1683,Denifanstat (TVB-2640),FASN
T2608,Nc1nc(NCCNc2ncc(-n3ccnc3)c(-c3ccc(Cl)cc3Cl)n2)ccc1[N+](=O)[O-],486.32,4.05,149.7,3,9,8,0,0.1683,Lanifibranor (IVA-337),PPAR-alpha/gamma/delta
T5524,O=C(Nc1cccc(Nc2nccc(Nc3cccc(C(F)(F)F)c3)n2)c1)C1CC1,413.4,5.33,78.9,3,5,6,1,0.1683,Cilofexor (GS-9674),FXR
T7610,COc1cc2nccc(Nc3cccc(Oc4ccccc4)c3)c2cc1OC,372.42,5.79,52.6,1,5,6,1,0.1683,Firsocostat (GS-0976),ACC
T4475,Cc1cc(NC(=O)c2cccc(S(=O)(=O)N[C@H]3CCOC3)c2)ccc1F,378.43,2.45,84.5,2,4,5,0,0.1683,VK2809,THR-beta
T2S0112,CC1CCC2C(C)C3CCC4C(CC5C4CC(=O)C4CC(OC6OC(CO)C(O)C(O)C6O)CCC45C)C3CN2C1,575.79,2.6,119.7,4,8,3,1,0.1683,Obeticholic acid (OCA),FXR
T14331,N#CCC1CCN(c2nc(Nc3ccc(N4CCC(O)CC4)cc3)c3c(=O)[nH]ncc3n2)CC1,460.54,2.55,134.1,3,9,5,0,0.1683,Denifanstat (TVB-2640),FASN
T15174,C[C@@H](NCc1nc2ccc(Oc3cc(F)c(F)c(F)c3)nc2n1C1CCC1)C(N)=O,419.41,3.33,95.1,2,5,7,0,0.1683,Denifanstat (TVB-2640),FASN
T9252,COc1nc(C)ccc1-c1cc(Nc2cncc(O[C@@H]3CCCNC3)n2)n[nH]1,381.44,2.45,109.9,3,8,6,0,0.1683,Denifanstat (TVB-2640),FASN
T12425,O=C([C@@H]1CCCN(c2ccc3nc(C4(n5cc(Cl)cn5)CC4)[nH]c3n2)C1)N1CCCC1,439.95,3.18,82.9,1,5,4,0,0.1683,Denifanstat (TVB-2640),FASN
T18901,O=C(ON1C(=O)CCC1=O)c1ccc2c(c1)C1(OC2=O)c2ccc(O)cc2Oc2cc(O)ccc21,473.39,2.89,139.7,2,9,2,0,0.1683,Cilofexor (GS-9674),FXR
TN3091,COc1c(OC(C)=O)cc(OC(C)=O)c2c(=O)cc(-c3ccccc3)oc12,368.34,3.32,92.0,0,7,4,0,0.1683,Firsocostat (GS-0976),ACC
T28165,O=C1[C@H](c2ccc(F)cc2)[C@@H](c2ccc3c(c2)OCO3)N1C1CCN(C(=O)n2cncn2)CC1,463.47,2.95,89.8,0,6,3,0,0.1683,Denifanstat (TVB-2640),FASN
T24182,O=C(NCCCn1ccnc1)c1cc(-c2cccs2)on1,302.36,2.42,73.0,1,5,6,0,0.1683,Cilofexor (GS-9674),FXR
T23512,O=C(NCCN1CCC2(CC1)C(=O)NCN2c1cccc(F)c1)c1ccc2ccccc2c1,446.53,3.14,64.7,2,4,5,0,0.1683,Denifanstat (TVB-2640),FASN
T68170,COC(=O)Nc1nc2ccc(C3(O)c4ccccc4C(=O)N3c3cc(Cl)ccc3C)cc2[nH]1,462.89,4.56,107.5,3,5,3,0,0.1683,Lanifibranor (IVA-337),PPAR-alpha/gamma/delta
T39792,Cc1cc(-c2ccc(C3C(C#N)=C(N)Oc4c3c(=O)oc3ccccc43)cc2)cnc1F,425.42,4.52,102.1,1,6,2,0,0.1683,Denifanstat (TVB-2640),FASN
T66712,O=C(N[C@H](C(=O)O)C1CCCCC1)OCC1c2ccccc2-c2ccccc21,379.46,4.56,75.6,2,3,5,0,0.1683,Firsocostat (GS-0976),ACC
T14120,N#Cc1ccc(Cn2ccc(NC(=O)Cc3ccc(C4(C(F)(F)F)CC4)cc3)n2)nc1,425.41,3.97,83.6,1,4,6,0,0.1683,Denifanstat (TVB-2640),FASN
T64004,CC(C)c1noc(N2CCN(C(=O)[C@@H]3CCCN(S(=O)(=O)c4ccc(S(=O)(=O)C5CCC5)cc4)C3)CC2)n1,565.72,2.27,134.0,0,9,7,1,0.1683,Denifanstat (TVB-2640),FASN
T72102,COc1cc(C)c(Cl)cc1S(=O)(=O)Nc1ccc2c(c1)CCCN2C(=O)c1ccccc1,470.98,5.05,75.7,1,4,5,1,0.1683,Denifanstat (TVB-2640),FASN
T203076,COc1ccccc1C(=O)Nc1ccc(S(=O)(=O)N2CCCC2)cc1,360.44,2.73,75.7,1,4,5,0,0.1683,Firsocostat (GS-0976),ACC
T1468,CN1C(C(=O)Nc2ccccn2)=C(O)c2sc(Cl)cc2S1(=O)=O,371.83,2.3,99.6,2,6,2,0,0.1682,Firsocostat (GS-0976),ACC
T1651,COCCCOc1ccnc(C[S+]([O-])c2nc3ccccc3[n-]2)c1C,358.44,2.62,81.4,0,5,8,0,0.1682,Firsocostat (GS-0976),ACC
T2183,CCCC[N+]1(C)[C@@H]2C[C@@H](OC(=O)[C@H](CO)c3ccccc3)C[C@H]1[C@@H]1O[C@@H]12,360.47,2.23,59.1,1,4,7,0,0.1682,Firsocostat (GS-0976),ACC
T2646,O=C1S/C(=C\c2ccc(OCc3cccc(B(O)O)c3)cc2)C(=O)N1Cc1ccc(F)cc1,463.3,3.32,87.1,2,6,7,0,0.1682,Cilofexor (GS-9674),FXR
T6017,C[C@]1(O)C[C@@H](c2nc(-c3ccc4ccc(-c5ccccc5)nc4c3)c3c(N)nccn32)C1,421.5,4.82,89.3,2,5,3,0,0.1682,Cilofexor (GS-9674),FXR
T6067,Cc1cc(Cn2cnc3c2C[C@@H](C(=O)O)N(C(=O)C(c2ccccc2)c2ccccc2)C3)ccc1N(C)C,508.62,4.48,78.7,1,4,7,1,0.1682,VK2809,THR-beta
T6119,CNC(=O)c1cc(Oc2ccc3nc(N[C@@H]4CCCC[C@H]4O)sc3c2)ccn1,398.49,3.56,96.4,3,7,5,0,0.1682,Cilofexor (GS-9674),FXR
T7301,O=C(Nc1cn[nH]c1-c1ccccn1)c1nn(C2CCNCC2)cc1Cl,371.83,2.5,100.5,3,5,4,0,0.1682,Cilofexor (GS-9674),FXR
T15645,CCOC(=O)Cn1cccc1-c1nc(-c2ccc(OC)cc2)c(-c2ccc(OC)cc2)s1,448.54,5.53,62.6,0,6,8,1,0.1682,Firsocostat (GS-0976),ACC
T10898,CC(C)c1cnn2c(NCc3ccccc3)cc(NC[C@H]3CCNC[C@@H]3O)nc12,394.52,2.85,86.5,4,6,7,0,0.1682,VK2809,THR-beta
T28416,Cc1cc(C(C)Nc2ccccc2)c2oc(N3CCOCC3)cc(=O)c2c1,364.45,4.11,54.7,1,5,4,0,0.1682,Firsocostat (GS-0976),ACC
T21651,Cc1c(OCC(F)(F)F)ccnc1C[S+]([O-])c1nc2ccccc2[n-]1,368.36,3.14,72.2,0,4,5,0,0.1682,Firsocostat (GS-0976),ACC
T13302,C=C[C@H]1CNCC[C@H]1CCC(=O)c1ccnc2ccc(OC)cc12,324.42,3.62,51.2,1,4,6,0,0.1682,Cilofexor (GS-9674),FXR
T36841,CC(C)N(C(=O)n1nnn(-c2c(F)cccc2F)c1=O)c1ccc(C(=O)O)cc1Oc1ccccc1,495.44,4.08,119.6,1,6,6,0,0.1682,Cilofexor (GS-9674),FXR
T9585,Cc1cc(F)c(NC(=O)c2cccc(C(C)(C)C#N)c2)cc1-c1cnc2c(=O)n(C)ncc2c1,455.49,4.5,100.7,1,5,4,0,0.1682,Denifanstat (TVB-2640),FASN
T68113,CC(=O)Nc1cccc(N2CCN(CCCCNS(=O)(=O)CC3CCCCC3)CC2)c1,450.65,3.05,81.8,2,5,10,0,0.1682,Cilofexor (GS-9674),FXR
T36432,CCc1ccccc1-n1c(COc2ccccc2C)nnc1SCC(N)=O,382.49,3.29,83.0,1,5,8,0,0.1682,Firsocostat (GS-0976),ACC
T10378,[H][C@]12O[C@H](OCc3ccc(C(=O)O)cc3)[C@H](C)[C@]3([H])CC[C@@H](C)[C@]4([H])CC[C@@](C)(OO[C@]143)O2,418.49,4.11,83.5,1,6,4,0,0.1682,Cilofexor (GS-9674),FXR
T63809,COC(=O)c1ccc2c(n1)NC(=O)/C2=C(\Nc1ccc(N(C)C(=O)CN2CCN(C)CC2)cc1)c1ccccc1,540.62,3.01,107.1,2,8,7,1,0.1682,Denifanstat (TVB-2640),FASN
T22563,Cc1c(C(=O)NN2CCS(=O)(=O)CC2)nn(-c2ccc(Cl)cc2Cl)c1-c1ccc(C#CCCC#N)cc1,556.48,4.19,108.1,1,6,5,1,0.1682,Denifanstat (TVB-2640),FASN
T88118,COc1cc(OC)c2c(=O)nc(-c3cc(C)c(OC4COC4)c(C)c3)[nH]c2c1,382.42,3.0,82.7,1,6,5,0,0.1682,Firsocostat (GS-0976),ACC
T3176,COc1c(Nc2ccc(S(C)(=O)=O)nc2C)ncnc1OC1CCN(C(=O)OC(C)C)CC1,479.56,2.72,132.8,1,10,7,0,0.1681,Firsocostat (GS-0976),ACC
T6043,O=C(Nc1cccnc1)N1CCC(Cc2cccc(Oc3ccc(C(F)(F)F)cn3)c2)CC1,456.47,5.77,67.3,1,4,5,1,0.1681,Cilofexor (GS-9674),FXR
T5402,CCc1ccc(C(=O)Nc2cc(CN3CCN(C)CC3)cc(C(F)(F)F)c2)cc1C#Cc1cnc2ccnn2c1,546.6,4.71,65.8,1,5,5,1,0.1681,Denifanstat (TVB-2640),FASN
T19636,O=C(OCCN1CCOCC1)c1cccnc1Nc1cccc(C(F)(F)F)c1,395.38,3.33,63.7,1,6,6,0,0.1681,Firsocostat (GS-0976),ACC
T13131,CC(C)(C)OC(=O)C[C@H](O)C[C@H](O)/C=C/c1c(C2CC2)nc2ccccc2c1-c1ccc(F)cc1,477.58,5.78,79.7,2,5,8,1,0.1681,Firsocostat (GS-0976),ACC
T40146,O=C(Nc1nc([C@H]2CCCN2c2ccccn2)cs1)c1cccn1Cc1ccncc1,430.54,4.38,75.9,1,6,6,0,0.1681,Cilofexor (GS-9674),FXR
T39630,Cc1cc(S(=O)(=O)Nc2cscn2)c(F)cc1N(C)[C@H]1CCN(Cc2ccccc2)C1,460.6,4.1,65.5,1,6,7,0,0.1681,Firsocostat (GS-0976),ACC
T10727,CCOC(=O)C1=C(N2CCc3ccc(OC)cc3C2)OC(=Cc2c[nH]c3ncccc23)C1=O,445.48,3.34,93.8,1,7,5,0,0.1681,Cilofexor (GS-9674),FXR
T63313,CC(=O)Nc1ncc(-c2cnn(C3CCNCC3)c2)cc1O[C@H](C)c1c(Cl)ccc(F)c1Cl,492.38,5.41,81.1,2,5,6,1,0.1681,VK2809,THR-beta
T13453,O=C(CN1C(=O)C2(CCOCC2)c2ccccc21)Nc1ccc2c(c1)C[C@]1(C2)C(=O)Nc2ncccc21,494.55,3.1,100.6,2,5,3,0,0.1681,Firsocostat (GS-0976),ACC
T13045,Cc1cc(Nc2nccc(C)n2)cc(-c2cnc([C@@]3(O)CC[C@H](C(=O)O)C(C)(C)C3)s2)c1,452.58,5.06,108.2,3,7,5,1,0.1681,Cilofexor (GS-9674),FXR
T9314,O=c1[nH]c2ncc(-c3ccc(-c4nnc[nH]4)cc3)nc2n1CCC1CCOCC1,391.44,2.39,114.4,2,6,5,0,0.1681,Firsocostat (GS-0976),ACC
T85731L,C[C@@H]1COCCN1c1cc(N=[S@](C)(=O)C2CC2)nc(-c2ccnc(N)c2)n1,388.5,2.24,106.6,1,8,4,0,0.1681,Firsocostat (GS-0976),ACC
T74660,COc1cc(-c2cncc(-c3ccc(N4CCN(C(C)C)CC4)cc3)c2C)cc(F)c1C(N)=O,462.57,4.5,71.7,1,5,6,0,0.1681,Firsocostat (GS-0976),ACC
T7225,[H][C@](Cc1c[nH]c2ccccc12)(NC(=O)C(C)(C)N)C(=O)N1CCC[C@](Cc2ccccc2)(C(=O)N(C)N(C)C)C1,546.72,2.72,114.8,3,5,9,1,0.1680,Firsocostat (GS-0976),ACC
T10319,CN(C)N(C)C(=O)[C@@]1(Cc2ccccc2)CCCN(C(=O)[C@@H](Cc2c[nH]c3ccccc23)NC(=O)C(C)(C)N)C1,546.72,2.72,114.8,3,5,9,1,0.1680,Firsocostat (GS-0976),ACC
T10374,C#CCN(C)C(=O)CCNc1nc(N2CCN(C(=O)C=C)CC2)c2cc(Cl)c(-c3c(O)cccc3F)c(F)c2n1,569.01,3.66,101.9,2,7,8,1,0.1680,Cilofexor (GS-9674),FXR
T9141,Cc1cnc(NC2CCOCC2)nc1-n1cnc(C(=O)N[C@H](CN)c2cc(F)cc(Cl)c2)c1,473.94,2.78,120.0,3,7,7,0,0.1680,Firsocostat (GS-0976),ACC
T0214,CCc1ccc(CCOc2ccc(CC3SC(=O)NC3=O)cc2)nc1,356.45,3.16,68.3,1,5,7,0,0.1667,BI-1467335,AOC3/VAP-1
T0980,Cc1c(NC(=O)c2cccnc2)c(=O)n(-c2ccccc2)n1C,308.34,2.13,68.9,1,3,3,0,0.1667,Firsocostat (GS-0976),ACC
T1859,COc1ccc(-c2ccc3c(N4CCOC[C@@H]4C)nc(N4CCOC[C@@H]4C)nc3n2)cc1CO,465.55,2.64,93.1,1,9,5,0,0.1667,Firsocostat (GS-0976),ACC
T2094,CO[C@@H](C(=O)N1Cc2[nH]nc(NC(=O)c3ccc(N4CCN(C)CC4)cc3)c2C1)c1ccccc1,474.57,2.64,93.8,2,6,6,0,0.1667,Denifanstat (TVB-2640),FASN
T2272,CN1CCN(c2ccc(C(=O)Nc3cc(-c4cccc(NS(=O)(=O)c5ccccc5)c4)[nH]n3)cc2)CC1,516.63,3.88,110.4,3,6,7,1,0.1667,Denifanstat (TVB-2640),FASN
T2295,CN(C)CCOc1ccc(-c2nc(-c3ccc4c(c3)CC/C4=N/O)c(-c3ccncc3)[nH]2)cc1,453.55,4.87,86.6,2,6,7,0,0.1667,BI-1467335,AOC3/VAP-1
T2362,COc1ccc2nc(/C=C/c3cccc([N+](=O)[O-])c3)n(-c3ccc(C(=O)O)cc3)c(=O)c2c1,443.42,4.17,124.6,1,6,6,0,0.1667,BI-1467335,AOC3/VAP-1
T2504,Cc1nc(N(C)C(=O)Cc2ccc(-c3ccccn3)cc2)sc1S(N)(=O)=O,402.5,2.37,106.2,1,6,5,0,0.1667,Firsocostat (GS-0976),ACC
T2514,Cc1ccc(F)c(NC(=O)Nc2ccc(-c3cccc4[nH]nc(N)c34)cc2)c1,375.41,4.9,95.8,4,3,3,0,0.1667,BI-1467335,AOC3/VAP-1
T2531,CCCCc1ncc(/C=C(\Cc2cccs2)C(=O)O)n1Cc1ccc(C(=O)O)cc1,424.52,4.74,92.4,2,4,10,0,0.1667,Cilofexor (GS-9674),FXR
T2615,CN1CC[C@H](c2c(O)cc(O)c3c(=O)cc(-c4ccccc4Cl)oc23)[C@H](O)C1,401.85,3.3,94.1,3,6,2,0,0.1667,VK2809,THR-beta
T2616,CC(=O)Nc1nc(C)c(-c2ccc(Cl)c(S(=O)(=O)NCCO)c2)s1,389.89,2.0,108.4,3,6,6,0,0.1667,Lanifibranor (IVA-337),PPAR-alpha/gamma/delta
T2656,CNC(=O)c1c(C)oc2cc(Oc3ncnc4cc(OC)c(OC)cc34)ccc12,393.4,3.85,95.7,1,7,5,0,0.1667,BI-1467335,AOC3/VAP-1
T2665,O=C(O)/C(Cc1ccccc1[N+](=O)[O-])=N/Nc1nc(-c2ccc(Cl)c(Cl)c2)cs1,451.29,5.12,117.7,2,7,7,1,0.1667,Lanifibranor (IVA-337),PPAR-alpha/gamma/delta
T2827,C[C@H]1[C@H](C)CC[C@]2(C(=O)O)CC[C@]3(C)C(=CC[C@@H]4[C@@]5(C)C[C@@H](O)[C@H](O)[C@@](C)(CO)[C@@H]5CC[C@]43C)[C@H]12,488.71,5.03,98.0,4,4,2,1,0.1667,Aramchol,SCD1
T3096,C[C@]12CCC(=O)C=C1C=C[C@@H]1[C@@H]2CC[C@@]2(C)[C@H]1CC[C@@]2(O)CCC(=O)[O-],357.47,2.56,77.4,1,4,3,0,0.1667,Obeticholic acid (OCA),FXR
T3187,COc1cc(N)c(Cl)cc1C(=O)NC1CCN(Cc2ccc(F)cc2)CC1,391.87,3.46,67.6,2,4,5,0,0.1667,BI-1467335,AOC3/VAP-1
T3436,CN(CCNc1ccnc2cc(Cl)ccc12)CCNc1ccnc2cc(Cl)ccc12,440.38,5.55,53.1,2,5,8,1,0.1667,Lanifibranor (IVA-337),PPAR-alpha/gamma/delta
T3535,COc1cccc2c(NCc3ccccc3)nc(-n3c(N)nc4ccccc43)nc12,396.45,4.17,90.9,2,6,5,0,0.1667,Firsocostat (GS-0976),ACC
T3581,O=C(Nc1ccccc1C(=O)Nc1ccc(CCO)cc1)c1ccc([N+](=O)[O-])cc1,405.41,3.63,121.6,3,5,7,0,0.1667,BI-1467335,AOC3/VAP-1
T3626,CC#CC(=O)N1CCC[C@H]1c1nc(-c2ccc(C(=O)Nc3ccccn3)cc2)c2c(N)nccn12,465.52,3.31,118.5,2,6,4,0,0.1667,Denifanstat (TVB-2640),FASN
T3817,[H][C@@]12CC[C@](C)([C@@H](O)CO)C=C1CC[C@]1([H])C(C)(C)[C@H](O)CC[C@@]21C,322.49,3.28,60.7,3,3,2,0,0.1667,Obeticholic acid (OCA),FXR
T3987,CNc1nc(-c2cccc(NC(=O)c3ccc(C(=O)OC)cc3)c2)c2cc(OC)c(OC)cc2n1,472.5,4.39,111.7,2,8,7,0,0.1667,BI-1467335,AOC3/VAP-1
T4269,CC(C)(C)C1CCC(CC2=C(O)C(=O)c3ccccc3C2=O)CC1,326.44,5.12,54.4,1,3,2,1,0.1667,Firsocostat (GS-0976),ACC
T4280,CCCCCO[C@H]1CC[C@H](NC(=O)c2cnn3c(C)cc(C)nc23)CC1,358.49,3.59,68.5,1,4,7,0,0.1667,Denifanstat (TVB-2640),FASN
T4315,COc1cc(Oc2ccnc3cc(OC)c(OC)cc23)ccc1NC(=O)NC(C)c1nccs1,480.55,5.39,103.8,2,8,8,1,0.1667,Firsocostat (GS-0976),ACC
T6078,CN1CCN(CCOc2cc(OC3CCOCC3)c3c(Nc4c(Cl)ccc5c4OCO5)ncnc3c2)CC1,542.04,3.94,90.4,1,10,8,1,0.1667,Firsocostat (GS-0976),ACC
T6160,O=C(Nc1ccc(S(=O)(=O)Nc2ccccc2Cl)c(Cl)c1)c1ccccn1,422.29,4.44,88.2,2,4,5,0,0.1667,Cilofexor (GS-9674),FXR
T6270,CC(/C=C/C(=O)NO)=C\[C@@H](C)C(=O)c1ccc(N(C)C)cc1,302.37,2.58,69.6,2,4,6,0,0.1667,BI-1467335,AOC3/VAP-1
T6527,O=C(NCC1CCOCC1)c1cnc(Nc2ccc(Cl)cc2Cl)nc1C(F)(F)F,449.26,4.7,76.1,2,5,5,0,0.1667,Lanifibranor (IVA-337),PPAR-alpha/gamma/delta
T6672,Cc1cc2c(cc1CC(=O)c1sccc1S(=O)(=O)[N-]c1onc(C)c1Cl)OCO2,453.91,4.55,109.8,0,8,6,0,0.1667,Lanifibranor (IVA-337),PPAR-alpha/gamma/delta
T6777,COC(=O)C1=C(C)NC(C)=C([N+](=O)[O-])C1c1ccccc1C(F)(F)F,356.3,3.35,81.5,1,5,3,0,0.1667,BI-1467335,AOC3/VAP-1
T6788,C[C@H](Oc1ccc(S(C)(=O)=O)cc1C(=O)N1CCN(c2ncc(C(F)(F)F)cc2F)CC1)C(F)(F)F,543.46,3.94,79.8,0,6,5,1,0.1667,Denifanstat (TVB-2640),FASN
T6837,[H][C@]1(c2c(O)cc(O)c3c(=O)cc(-c4ccccc4Cl)oc23)CCN(C)C[C@H]1O,401.85,3.3,94.1,3,6,2,0,0.1667,VK2809,THR-beta
T5S0506,C[C@@H]1CC[C@]2(C(=O)O)CC[C@]3(C)C(=CC[C@@H]4[C@@]5(C)CC[C@H](O)[C@@](C)(CO)[C@@H]5CC[C@]43C)[C@@H]2[C@]1(C)O,488.71,5.18,98.0,4,4,2,1,0.1667,Obeticholic acid (OCA),FXR
T5341,CCOC(=O)c1cnc(C#Cc2ccc3c(c2)C(C)(C)CC[S+]3[O-])nc1,368.46,2.84,75.1,0,5,2,0,0.1667,Denifanstat (TVB-2640),FASN
T5416,O=C(O)CCc1cc(C(=O)c2ccc(OC3CCCC3)cc2O)ccc1OCc1ccc2c(=O)[nH]oc2c1,517.53,4.98,139.1,3,7,10,1,0.1667,VK2809,THR-beta
T5457,CCOC(=O)C1CSC(Cc2ccc(OCc3ccc([N+](=O)[O-])cc3)cc2)N1,402.47,3.31,90.7,1,7,8,0,0.1667,BI-1467335,AOC3/VAP-1
T7280,O=C(NCCN1CCC2(CC1)C(=O)NCN2c1ccccc1)c1ccc2ccccc2c1,428.54,3.0,64.7,2,4,5,0,0.1667,Denifanstat (TVB-2640),FASN
T7316,Cc1nc(N2CCN(C)CC2)c2nc(-c3ccccc3Cl)n(C3CCOCC3)c2n1,426.95,3.56,59.3,0,6,3,0,0.1667,Firsocostat (GS-0976),ACC
T7435,C[C@@H]1CCc2ncc(F)cc2[C@H]2CCCN2c2ccn3ncc(c3n2)C(=O)N1,380.43,2.67,75.4,1,5,0,0,0.1667,Denifanstat (TVB-2640),FASN
T7888,COc1ccc2c(-c3ccc(CNS(N)(=O)=O)cc3)ccnc2c1,343.41,2.2,94.3,2,4,5,0,0.1667,BI-1467335,AOC3/VAP-1
T8107,CCOC(=O)c1c(NC(=O)CN2CCN(C(=O)c3ccco3)CC2)sc2c1CCC2,431.51,2.4,92.1,1,7,6,0,0.1667,Denifanstat (TVB-2640),FASN
T8310,CCCc1cc(=O)[nH]c(SCC(=O)Nc2ccc(OC(F)F)cc2)n1,369.39,3.05,84.1,2,5,8,0,0.1667,BI-1467335,AOC3/VAP-1
T8346,COc1cc(C(=O)Nc2ccccc2-c2cn3c(CN4CCNCC4)csc3n2)cc(OC)c1OC,507.62,3.75,89.4,2,8,8,1,0.1667,Firsocostat (GS-0976),ACC
T8442,COc1cc(CN(CCN)C(=O)c2cccs2)ccc1OCc1ccccc1,396.51,3.94,64.8,1,5,9,0,0.1667,Firsocostat (GS-0976),ACC
TQ0050,O=C(NCCCc1ccccc1)c1cccc(-c2cc(O)c3ncccc3c2)c1,382.46,4.97,62.2,2,3,6,0,0.1667,Lanifibranor (IVA-337),PPAR-alpha/gamma/delta
T8492,COc1ccc(-c2cc(Nc3ccnc(N4CCOCC4)n3)on2)cc1,353.38,2.72,85.5,1,8,5,0,0.1667,Cilofexor (GS-9674),FXR
T13063,C[C@H](NC(=O)N1CCN(S(=O)(=O)c2cccc(Br)c2)CC1)c1cccs1,458.4,3.29,69.7,1,4,4,0,0.1667,Lanifibranor (IVA-337),PPAR-alpha/gamma/delta
T8646,NC(=O)c1cccc(-c2cc(OC(=O)NC3CCCCC3)ccc2O)c1,354.41,3.58,101.7,3,4,4,0,0.1667,VK2809,THR-beta
T8684,C=CC(=O)N1CCN(c2nc(=O)n(-c3c(C)ccnc3C(C)C)c3nc(-c4c(O)cccc4F)c(F)cc23)C(C)C1,560.61,4.48,104.4,1,7,5,1,0.1667,VK2809,THR-beta
T11831,NNC(=O)CSc1nc2scc(-c3ccccc3)c2c(=O)n1-c1ccccc1,408.51,3.2,90.0,2,6,5,0,0.1667,Firsocostat (GS-0976),ACC
T14561,CNC(=O)COc1cc2cc(Nc3nc(N4CCC(C(=O)N(C)C)CC4)ncc3Cl)cc(OC)c2n(C)c1=O,558.04,2.16,130.9,2,9,8,1,0.1667,Firsocostat (GS-0976),ACC
T11673,Cc1ccn2c(C(=O)C(=O)c3ccccc3)c(-c3ccccc3)nc2c1,340.38,4.38,51.4,0,3,4,0,0.1667,Denifanstat (TVB-2640),FASN
T11307,CO/N=C/NC(=O)c1ccc(C2=NOC(c3cc(Cl)cc(Cl)c3)(C(F)(F)F)C2)cc1C,474.27,5.2,72.3,1,5,5,1,0.1667,Denifanstat (TVB-2640),FASN
T22258,C=CC(=O)N1CCN(c2nc(=O)n(-c3c(C)ccnc3C(C)C)c3nc(-c4c(O)cccc4F)c(F)cc23)[C@@H](C)C1,560.61,4.48,104.5,1,7,5,1,0.1667,VK2809,THR-beta
T10157,CNC(=O)c1cc(Oc2ccc(NC(=O)Nc3ccc(Cl)c(C(F)(F)F)c3)c(F)c2)cc[n+]1[O-],498.82,4.93,106.4,3,4,5,0,0.1667,BI-1467335,AOC3/VAP-1
T8886,O=C(O)c1ccccc1NS(=O)(=O)c1cccc(-c2cnn(Cc3ccccc3)c2)c1,433.49,4.1,101.3,2,4,7,0,0.1667,Lanifibranor (IVA-337),PPAR-alpha/gamma/delta
T14989,Cn1c(CNc2cccc(C(=O)NCc3ccccc3C(F)(F)F)c2)nnc1-c1ccncc1,466.47,4.44,84.7,2,5,7,0,0.1667,BI-1467335,AOC3/VAP-1
T8993,COc1ccc(-c2ccc(OCc3cc(C(=O)[N-]S(=O)(=O)c4ccccc4C)oc3C)cc2)nc1,491.55,5.45,109.8,0,7,8,1,0.1667,BI-1467335,AOC3/VAP-1
T15192,COCCN(C(=O)c1cc(OC)c(OC)c(OC)c1)c1nc(-c2ccccc2)cs1,428.51,4.13,70.1,0,7,9,0,0.1667,Firsocostat (GS-0976),ACC
T9083,CC(C)c1cccc(C(C)C)c1N1C(=O)c2ccc(N)cc2C1=O,322.41,4.32,63.4,1,3,3,0,0.1667,VK2809,THR-beta
T16366,O=C(Nc1cc(F)c(F)c(F)c1)c1ccc(F)c(S(=O)(=O)N2CCC(O)CC2)c1,432.4,2.64,86.7,2,4,4,0,0.1667,BI-1467335,AOC3/VAP-1
T25048,CC(=O)[C@@]12O[C@](C)(c3ccccc3)O[C@@H]1CC1C3CCC4=CC(=O)CC[C@]4(C)C3CC[C@@]12C,448.6,5.74,52.6,0,4,2,1,0.1667,Firsocostat (GS-0976),ACC
TN1675,COc1ccc(-c2cc(=O)c3c(O)c(OC)c(OC)c(OC)c3o2)cc1,358.35,3.2,87.4,1,7,5,0,0.1667,BI-1467335,AOC3/VAP-1
T15942,Cc1ccc(Cc2cc3c(=O)n([C@H]4CCCC[C@@H]4O)cnc3c3ccccc23)cn1,399.49,4.32,68.0,1,4,3,0,0.1667,VK2809,THR-beta
T5722,COc1ccc(-c2cc(=O)c3c(O)c(OC)c(O)c(OC)c3o2)cc1,344.32,2.9,98.4,2,7,4,0,0.1667,BI-1467335,AOC3/VAP-1
T29017,COc1cccc(C=CC(=O)C=Cc2cccc(OC)c2OC)c1OC,354.4,4.02,54.0,0,5,8,0,0.1667,Firsocostat (GS-0976),ACC
T8943,CC(Cc1cccc(C(F)(F)F)c1)C(=O)Nc1cccc(S(=O)(=O)NCCN)c1,429.46,2.76,101.3,3,4,8,0,0.1667,BI-1467335,AOC3/VAP-1
T26674,COc1ccccc1C(Br)=C(NC(=O)c1ccc([N+](=O)[O-])cc1)C(=O)N1CCCCC1,488.34,4.11,101.8,1,5,6,0,0.1667,Denifanstat (TVB-2640),FASN
T9196,CC1(N)CCN(c2cnc3c(-c4cccc(Cl)c4Cl)n[nH]c3n2)CC1,377.28,3.64,83.7,2,5,2,0,0.1667,Cilofexor (GS-9674),FXR
T8951,COc1ccccc1C(=O)/C=C/c1ccccc1C(=O)[O][Na],304.28,2.83,52.6,0,4,5,0,0.1667,Firsocostat (GS-0976),ACC
TN6772,O=C(CCCCCCCCc1ccc(O)c(O)c1)c1c(O)cccc1O,358.43,4.67,98.0,4,5,10,0,0.1667,VK2809,THR-beta
T16754,CC(=O)N(Cc1ccc(F)cc1)C1=C(NCc2ccccc2)C(=O)c2ccccc2C1=O,428.46,4.25,66.5,1,4,6,0,0.1667,BI-1467335,AOC3/VAP-1
T27695,CCOC(=O)[C@H](Cc1ccccc1)NC(=O)c1cc(Cl)c(OCCN2CCN(C)CC2)c(Cl)c1O,524.45,3.23,91.3,2,7,10,1,0.1667,VK2809,THR-beta
T9356,COc1cc(C=Nn2c(SC)nnc2-c2ccccc2)c(Br)cc1O,419.3,4.03,72.5,1,6,5,0,0.1667,Firsocostat (GS-0976),ACC
T9329,Cc1ccc(NC(=O)[C@H](C)n2ncc(Cl)cc2=O)cc1S(=O)(=O)NCCc1ccccn1,475.96,2.32,123.1,2,6,8,0,0.1667,Lanifibranor (IVA-337),PPAR-alpha/gamma/delta
TQ0186,[H][C@@]12Cc3c([nH]c4cc(OC)ccc34)[C@H](CC(C)C)N1C(=O)[C@H](CCC(=O)OC(C)(C)C)NC2=O,469.58,3.64,100.7,2,5,6,0,0.1667,BI-1467335,AOC3/VAP-1
T9491,COC(=O)N(OC)c1ccccc1COc1ccn(-c2ccc(Cl)cc2)n1,387.82,4.24,65.8,0,5,6,0,0.1667,Lanifibranor (IVA-337),PPAR-alpha/gamma/delta
T9496,[H][C@]12CCCN1c1ccn3ncc(c3n1)C(=O)NC(C)CCc1ncc(F)cc12,380.43,2.67,75.4,1,5,0,0,0.1667,Denifanstat (TVB-2640),FASN
T11738,C=CC(=O)N1CC(NC(=O)Cn2c(C3CC3)c(C(=O)N3CCc4c(cccc4OC)C3)c3cc(Cl)cc(C)c32)C1,561.08,4.2,83.9,1,4,7,1,0.1667,Cilofexor (GS-9674),FXR
T17244,Cc1nnc2sc(C(=O)NCc3ccc(S(=O)(=O)C(F)(F)F)cc3)c(N)c2c1C,444.46,3.11,115.0,2,7,4,0,0.1667,BI-1467335,AOC3/VAP-1
T27029,COC(=O)c1ccc(-n2cc(CCCOS(=O)(=O)c3ccc(C)cc3)nn2)cc1,415.47,2.7,100.4,0,7,8,0,0.1667,Lanifibranor (IVA-337),PPAR-alpha/gamma/delta
T37314,O=C(C(C[N+](=O)[O-])=NO)N1CCN(C(c2ccc(Cl)cc2)c2ccc(Cl)cc2)CC1,451.31,3.33,99.3,1,6,6,0,0.1667,Lanifibranor (IVA-337),PPAR-alpha/gamma/delta
T9612,N#Cc1ccc(Cn2ccc3c4c(N)nc(N)nc4ccc32)cc1,314.35,2.67,106.5,2,5,2,0,0.1667,Lanifibranor (IVA-337),PPAR-alpha/gamma/delta
T35333,Cc1cccc(Cn2nc(C3CC3)c3c(NC(=O)c4cnc5cc(OCCN6CCN(C)CC6)ccn45)cccc32)n1,564.69,4.19,92.8,1,7,9,1,0.1667,Cilofexor (GS-9674),FXR
T5408,CNC(=O)COc1cc2cc(Nc3nc(N4C[C@H](C)C[C@H](C)C4)ncc3Cl)ccc2n(C)c1=O,484.99,3.33,101.4,2,7,6,0,0.1667,Cilofexor (GS-9674),FXR
T23449,O=c1[nH]c2ccc(C#CCN3CCC(Cc4ccccc4)CC3)cc2[nH]1,345.45,3.16,51.9,2,2,3,0,0.1667,Denifanstat (TVB-2640),FASN
TQ0144,COC(=O)C1=C(C)NC(C)=C([N+](=O)[O-])[C@H]1c1ccccc1C(F)(F)F,356.3,3.35,81.5,1,5,3,0,0.1667,BI-1467335,AOC3/VAP-1
T12493,CC(=O)Nc1nc2ccc(-c3cnc(C)c(NC(=O)OC4CCCCC4)c3)cc2s1,424.53,5.51,93.2,2,6,4,1,0.1667,Firsocostat (GS-0976),ACC
T27084,O=C(O)c1cc(NCCc2ccc(C(F)(F)F)cc2)ccc1O,325.29,3.76,69.6,3,3,5,0,0.1667,BI-1467335,AOC3/VAP-1
T60029,Cc1c([C@@H](C)Nc2nnc(C)c3cnc(N4CCOCC4)cc23)cccc1C(F)(F)F,431.46,4.67,63.2,1,6,4,0,0.1667,Firsocostat (GS-0976),ACC
T9659,Oc1cccc(Nc2ccnc3cc(-c4cccc(CN5CCOCC5)c4)sc23)c1,417.53,5.24,57.6,2,6,5,1,0.1667,Firsocostat (GS-0976),ACC
TN1730,CC(C)(O)[C@H](O)COc1c2occc2cc2ccc(=O)oc12,304.3,2.05,93.0,2,6,4,0,0.1667,Firsocostat (GS-0976),ACC
T39573,COc1ncc(N2CCOCC2)cc1S(=O)(=O)Nc1ccnc(-c2ccc(CN3CCN(C(C)C)CC3)cc2F)c1,584.72,3.45,100.1,1,9,9,1,0.1667,Firsocostat (GS-0976),ACC
T11199,Nc1c(C(=O)N[C@@H]2CCCc3c(OCc4ccccc4)cccc32)[nH]c(=O)[nH]c1=O,406.44,2.03,130.1,4,5,5,0,0.1667,Cilofexor (GS-9674),FXR
T23265,CCCCN1CCC(CCC(=O)c2cc(Cl)c(N)cc2OC)CC1,352.91,4.41,55.6,1,4,8,0,0.1667,Firsocostat (GS-0976),ACC
T60123,C=CCc1c(O)ccc2nc3c(cc12)Cn1c-3cc2c(c1=O)COC(=O)[C@]2(O)CC,404.42,2.51,101.7,2,6,3,0,0.1667,Cilofexor (GS-9674),FXR
T10799,CN1CCN(Cc2ccc(C(=O)Nc3ccc(CC(=O)Nc4ccc(NC(=O)C5CC5)nc4)cc3)cc2C(F)(F)F)CC1,594.64,4.63,106.7,3,6,9,1,0.1667,Denifanstat (TVB-2640),FASN
T60048,O=S(=O)(c1ccc2c(c1)OCCO2)N1CCN(c2nc(-c3cccnc3)nc3ccccc23)CC1,489.56,2.97,97.8,0,8,4,0,0.1667,Lanifibranor (IVA-337),PPAR-alpha/gamma/delta
T10984,Cc1cn(-c2cc(NC(=O)c3ccc4c(c3)CN(c3cncnc3)C[C@@H]4C)cc(C(F)(F)F)c2)cn1,492.51,5.37,75.9,1,5,4,1,0.1667,Denifanstat (TVB-2640),FASN
T60186,Cc1cn(-c2cc(NC(=O)c3ccc4c(c3)CN(c3cncnc3)C[C@H]4C)cc(C(F)(F)F)c2)cn1,492.51,5.37,75.9,1,5,4,1,0.1667,Denifanstat (TVB-2640),FASN
T64319,CC(C)(C)OC(=O)N1CCC(NC(=O)OCc2ccccc2)(C(=O)O)CC1,378.43,2.77,105.2,2,5,4,0,0.1667,BI-1467335,AOC3/VAP-1
T60148,Cn1cc2c3cc(C(=O)O)ccc3n(-c3ccc(C(F)(F)F)cc3)c2n1,359.31,4.23,60.0,1,2,2,0,0.1667,BI-1467335,AOC3/VAP-1
T60169,O=C(N[C@@H]1c2ccccc2C[C@H]1N1CCCC1)c1ccc(-c2ccnc3[nH]ccc23)nc1,423.52,4.12,73.9,2,4,4,0,0.1667,Denifanstat (TVB-2640),FASN
T60197,CCCCNc1ncc2c(-c3ccc(S(=O)(=O)N4CCOCC4)cc3)nn([C@H]3CC[C@H](O)CC3)c2n1,514.65,3.2,122.5,2,8,8,1,0.1667,Lanifibranor (IVA-337),PPAR-alpha/gamma/delta
T61189,O=c1[nH]nc2c3c(cccc13)Oc1ccc(CN3CCC(O)CC3)cc1-2,349.39,2.65,78.5,2,5,2,0,0.1667,Denifanstat (TVB-2640),FASN
T12728,COc1cc2nccc(Nc3n[nH]c(C)c3C)c2cc1S(=O)(=O)C(C)(C)C,388.49,3.9,97.0,2,6,4,0,0.1667,Firsocostat (GS-0976),ACC
T9642,CC(C)(Oc1cccc(N2CCC[C@@H](C(=O)N(Cc3ccc(-c4cn[nH]c4)cc3)C3CC3)C2)c1)C(=O)N1CCNCC1,570.74,4.07,93.8,2,6,9,1,0.1667,Denifanstat (TVB-2640),FASN
T26852,O=C(NC1CC1)c1cc(NCc2cnc(Nc3ccccn3)s2)c(F)cc1F,401.44,4.06,78.9,3,6,7,0,0.1667,Cilofexor (GS-9674),FXR
T37587,COc1cc(O)c(C(CC(=O)N2C[C@H](C)C[C@H](C)C2)c2ccc3c(c2)OCO3)c(OC)c1,441.52,4.16,77.5,1,6,6,0,0.1667,Firsocostat (GS-0976),ACC
T67769,COc1cc(C(=O)c2ccc3ncccc3c2)cc(OC)c1OC,323.35,3.49,57.7,0,5,5,0,0.1667,BI-1467335,AOC3/VAP-1
TNU0864,O=C(Nc1nc2ccc([N+](=O)[O-])cc2s1)C1CCCCC1,305.36,3.72,85.1,1,5,3,0,0.1667,Lanifibranor (IVA-337),PPAR-alpha/gamma/delta
T12924,Cc1cc2c(cc1CC(=O)c1sccc1S(=O)(=O)Nc1onc(C)c1Cl)OCO2,454.91,3.96,107.7,1,8,6,0,0.1667,Lanifibranor (IVA-337),PPAR-alpha/gamma/delta
T67881,CC#CC(=O)N1CCC[C@@H]1c1nc(-c2ccc(C(=O)Nc3ccccn3)cc2)c2c(N)nccn12,465.52,3.31,118.5,2,6,4,0,0.1667,Denifanstat (TVB-2640),FASN
T14390,COc1cccc(OC)c1-n1c(NS(=O)(=O)[C@@H](C)[C@H](C)c2ncc(C)cn2)nnc1-c1cncc(C)c1,523.62,3.69,134.0,1,9,9,1,0.1667,Firsocostat (GS-0976),ACC
T15756,O=C(O)Cn1cc(Cc2nc3c(F)c(F)cc(F)c3s2)c2ccccc21,376.36,4.34,55.1,1,3,4,0,0.1667,Lanifibranor (IVA-337),PPAR-alpha/gamma/delta
T22591,CN(C)c1nc(N[C@H]2CC[C@@H](NC(=O)c3ccc(F)c(F)c3)CC2)nc2ccccc12,425.48,4.13,70.2,2,5,5,0,0.1667,BI-1467335,AOC3/VAP-1
T40350,COc1cc2c(cc1Nc1ncc(C(N)=O)c(Nc3ccccc3CO)n1)CN(C)CC2,434.5,2.55,125.6,4,8,7,0,0.1667,Firsocostat (GS-0976),ACC
T27011,CN(C)CC(=O)N1CCC[C@@H](n2nc(-c3ccc(Oc4ccccc4)cc3)c3c(N)ncnc32)C1,471.57,3.59,102.4,1,7,6,0,0.1667,Cilofexor (GS-9674),FXR
T11593,COc1cc(/C=C(\C#N)C(=O)c2ccc(O)c(O)c2)cc(I)c1O,437.19,3.21,110.8,3,6,4,0,0.1667,BI-1467335,AOC3/VAP-1
T14390L,COc1cccc(OC)c1-n1c(NS(=O)(=O)[C@H](C)[C@@H](C)c2ncc(C)cn2)nnc1-c1cncc(C)c1,523.62,3.69,134.0,1,9,9,1,0.1667,Firsocostat (GS-0976),ACC
T33613,Cc1c(-c2cccc(NC(=O)c3ccc(F)c(F)c3)c2)nc2ncccn12,364.36,4.24,59.3,1,3,3,0,0.1667,BI-1467335,AOC3/VAP-1
T68123,CCOC(=O)C1=C(C)NC(C)=C(C(=O)OC)C1c1cccc2c1OCO2,359.38,2.39,83.1,1,7,4,0,0.1667,Denifanstat (TVB-2640),FASN
T72041,COc1ccc(NC(=O)C(NC(=O)Cc2cccs2)c2ccccc2)cc1,380.47,3.8,67.4,2,4,7,0,0.1667,BI-1467335,AOC3/VAP-1
T77512,NC(=O)c1c(NC(=O)c2ccc3nc[nH]c3c2)sc2c1CCCC2,340.41,2.85,100.9,3,4,3,0,0.1667,Lanifibranor (IVA-337),PPAR-alpha/gamma/delta
T72576,O=c1cc(Cc2ccccc2)[nH]c2c(-c3ccc(Cl)cc3)cnn12,335.79,3.93,50.2,1,2,3,0,0.1667,Lanifibranor (IVA-337),PPAR-alpha/gamma/delta
T35074,COc1ccc(S(=O)(=O)N2CCN(C(C)c3nc(OC4CCCCC4)c4ccccc4n3)CC2)cc1,510.66,4.42,84.9,0,7,7,1,0.1667,Firsocostat (GS-0976),ACC
T39044,CC1(C)C(=O)N(c2ccc(C#N)c(C(F)(F)F)c2)C(=S)N1c1ccc(OC[C@@H](O)CO)cc1,479.48,3.23,97.0,2,6,6,0,0.1667,BI-1467335,AOC3/VAP-1
T65550,COc1cc2ncnc(Nc3ccc(F)c(Cl)c3)c2cc1OC(C)=O,361.76,4.1,73.3,1,6,4,0,0.1667,Lanifibranor (IVA-337),PPAR-alpha/gamma/delta
T77692,O=C(CSc1ccc(NC(=O)c2ccc(F)cc2)cc1)Nc1nc(-c2ccccc2)cs1,463.56,5.93,71.1,2,5,7,1,0.1667,BI-1467335,AOC3/VAP-1
T15558,COc1cc2ncn(-c3cc(OCc4ccccc4S(C)(=O)=O)c(C#N)s3)c2cc1OC,469.54,3.96,103.4,0,8,7,0,0.1667,Lanifibranor (IVA-337),PPAR-alpha/gamma/delta
T77678,O=C(CN1C(=O)SC(=Cc2cccc(O)c2)C1=O)c1ccccc1,339.37,3.31,74.7,1,5,4,0,0.1667,Cilofexor (GS-9674),FXR
TN1995,COc1cc(OC)c2c(=O)cc(-c3ccccc3)oc2c1OC,312.32,3.49,57.9,0,5,4,0,0.1667,Firsocostat (GS-0976),ACC
T77693,Cc1cc(F)ccc1Oc1cc(C(F)(F)F)ccc1C(=O)Nc1cc[nH]c(=O)c1,406.34,4.89,71.2,2,3,4,0,0.1667,BI-1467335,AOC3/VAP-1
T73475,CCN1CCN(c2ccc3cc(-c4cn5cc(C)nc(C)c5n4)c(=O)oc3c2)C[C@@H]1C,417.51,3.65,66.9,0,6,3,0,0.1667,Denifanstat (TVB-2640),FASN
T23182,COc1ccccc1-c1c[nH]c2ncc(-c3cncc(C(=O)N(C)C)c3)cc12,372.43,4.0,71.1,1,4,4,0,0.1667,Firsocostat (GS-0976),ACC
T26559,COc1ccc(S(=O)(=O)N2CCC[C@H]2C(=O)Nc2cc(C)cc(C)c2)cc1,388.49,3.1,75.7,1,4,5,0,0.1667,Denifanstat (TVB-2640),FASN
T26914,O=C(c1cccnc1)N1CCN2C(=O)c3ccncc3[C@]12c1ccc(Cl)cc1,390.83,2.94,66.4,0,4,2,0,0.1667,Cilofexor (GS-9674),FXR
T26914L,O=C(c1cccnc1)N1CCN2C(=O)c3ccncc3[C@@]12c1ccc(Cl)cc1,390.83,2.94,66.4,0,4,2,0,0.1667,Cilofexor (GS-9674),FXR
T31773,COc1ccc(OC)c(C(=Cc2ccc(O)c(OC)c2)C(=O)NCCc2ccc(O)cc2)c1,449.5,4.02,97.3,3,6,9,0,0.1667,BI-1467335,AOC3/VAP-1
T83981,COc1cc(N)c(Cl)cc1C(=O)NCC1CCN(CC[C@H](OC(N)=O)c2ccc(F)cc2)CC1,492.98,3.74,119.9,3,6,9,0,0.1667,Firsocostat (GS-0976),ACC
T12539L,CC1(C)SCCN(S(=O)(=O)c2ccc(Oc3ccncc3)cc2)[C@H]1C(=O)NO,423.52,2.26,108.8,2,7,5,0,0.1667,Lanifibranor (IVA-337),PPAR-alpha/gamma/delta
T70008,CN1CCN(C(=O)[C@H](CCCN[C@@H]2C[C@H]2c2ccc(F)cc2)NC(=O)c2ccc(-n3ccnn3)cc2)CC1,519.63,2.2,95.4,2,6,10,1,0.1667,Denifanstat (TVB-2640),FASN
T24933,O=C(C1CCCCC1)N1CCN(S(=O)(=O)c2cccc3cnccc23)CC1,387.51,2.65,70.6,0,4,3,0,0.1667,Denifanstat (TVB-2640),FASN
T12330,O=C(NCCCc1cn[nH]c1)c1ccc(-c2ccncc2)c(C#Cc2ccc(F)cc2)c1,424.48,4.37,70.7,2,3,6,0,0.1667,BI-1467335,AOC3/VAP-1
T84372,O=c1cc(-c2n[nH]c3ncc(-c4c(F)cccc4F)cc23)nc(N2CCC(O)CC2)[nH]1,424.41,2.61,110.8,3,6,3,0,0.1667,Cilofexor (GS-9674),FXR
T22499,COc1ccc2[nH]c(-c3ccccc3)c(CCNC(C)=O)c2c1,308.38,3.52,54.1,2,2,5,0,0.1667,BI-1467335,AOC3/VAP-1
T63929,Cn1cnc2c(F)c(Nc3ccc(Br)cc3Cl)c(C(=O)NOCCO)cc21,457.69,3.53,88.4,3,5,6,0,0.1667,BI-1467335,AOC3/VAP-1
T28959,CCc1c2c(nc3ccccc13)-c1c(N)c3c(c(=O)n1C2)COC(=O)[C@]3(O)CC,391.43,2.22,107.4,2,6,2,0,0.1667,Cilofexor (GS-9674),FXR
T71404,O=C(NCCN1CCC(n2c(=O)[nH]c3ccccc32)CC1)c1ccc2ccccc2c1,414.51,3.55,70.1,2,3,5,0,0.1667,Denifanstat (TVB-2640),FASN
T201799,Cn1ccc(Cc2ccc(-c3cccc(C4CCC(=O)NC4=O)c3Cl)cc2)n1,393.87,3.85,64.0,1,3,4,0,0.1667,VK2809,THR-beta
T82361L,COc1cc2cc(C(=O)Oc3ccc4c(N)nccc4c3)c(=O)oc2cc1OC,392.37,3.16,113.9,1,8,4,0,0.1667,Firsocostat (GS-0976),ACC
T71822,CON=CNc1nc2nccc(C(C)Oc3ccc(C(C)(C)C)cc3)n2n1,368.44,3.56,85.9,1,6,6,0,0.1667,BI-1467335,AOC3/VAP-1
T13728,[H][C@@]12CC[C@](OC(=O)CCC)(C(=O)COC(=O)CC)[C@@]1(C)C[C@H](O)[C@@]1([H])[C@@]2([H])CCC2=CC(=O)CC[C@@]21C,488.62,4.09,107.0,1,7,7,0,0.1667,Obeticholic acid (OCA),FXR
T14372,COc1ccc(-c2nnc(C(=O)N3CC(Oc4ccc(CN5CC6(COC6)C5)cc4)C3)o2)cc1,462.51,2.48,90.2,0,8,7,0,0.1667,Cilofexor (GS-9674),FXR
T85404,O=C(O)c1ccccc1C1c2cc(Cl)c(O)cc2Oc2cc(O)c(Cl)cc21,403.22,5.39,87.0,3,4,2,1,0.1667,Cilofexor (GS-9674),FXR
T29195,Cc1ccc(Cl)cc1N1CCN(CCCCNC(=O)c2ccc3oc(=O)[nH]c3c2)CC1,442.95,3.42,81.6,2,5,7,0,0.1667,Denifanstat (TVB-2640),FASN
T60888,N#Cc1cccc(/C=C2\CCC/C(=C\c3cccc(C#N)c3)C2=O)c1,324.38,4.65,64.7,0,3,2,0,0.1667,Denifanstat (TVB-2640),FASN
T88667,CCCCCNC(=O)c1c(N)n(Cc2ccc(F)cc2)c2nc3ccccc3nc12,405.48,4.27,85.8,2,4,7,0,0.1667,BI-1467335,AOC3/VAP-1
T5467,O=C(NCCN1CCOCC1)Nc1nc2ccc(Sc3nnc4ccc(-c5ccc(F)cc5)nn34)cc2s1,550.65,4.15,109.6,2,9,7,1,0.1654,Firsocostat (GS-0976),ACC
T63808,COC(=O)OCOc1c2n(ccc1=O)N([C@@H]1c3ccccc3SCc3c1ccc(F)c3F)CC1(CC1)C2=O,540.54,4.56,87.1,0,8,4,1,0.1654,Firsocostat (GS-0976),ACC
T9996,COc1cc(NC(=O)c2ccc3c(c2OC)C=CC(C)(C)O3)ccc1OCCC1CCCCN1,466.58,5.05,78.1,2,6,8,1,0.1653,Firsocostat (GS-0976),ACC
T9754,CO[C@@H]1CCN(c2nccc(Nc3cc4c(C(C)C)ccc(N5C[C@H](CS(C)(=O)=O)[C@H]5C)c4cn3)n2)C[C@@H]1F,556.71,4.32,100.5,1,9,8,1,0.1653,VK2809,THR-beta
T21319,CC[C@@]1(O)C(=O)OCc2c1cc1n(c2=O)Cc2c-1nc1ccccc1c2/C=N/OC(C)(C)C,447.49,3.23,103.0,1,7,3,0,0.1653,Firsocostat (GS-0976),ACC
T77901,CC[C@@]1(O)C(=O)OCc2c1cc1n(c2=O)Cc2c-1nc1cc(F)c(C)c3c1c2[C@@H](NC(C)=O)CC3,477.49,2.65,110.5,2,6,2,0,0.1653,Cilofexor (GS-9674),FXR
T4202,C[C@]1(COc2ccc(N3CCC(Oc4ccc(OC(F)(F)F)cc4)CC3)cc2)Cn2cc([N+](=O)[O-])nc2O1,534.49,4.97,101.1,0,8,8,1,0.1652,Cilofexor (GS-9674),FXR
T16363,COC[C@@H](C)N[C@H]1CC[C@H](Nc2cc(-c3cccc(NCC4(C#N)CCOCC4)n3)c(Cl)cn2)CC1,513.09,4.88,104.1,3,8,10,1,0.1652,VK2809,THR-beta
T13671,Cc1ncsc1-c1ccc([C@H](C)NC(=O)[C@@H]2C[C@@H](O)CN2C(=O)[C@@H](N)C(C)(C)C)cc1,444.6,2.63,108.5,3,6,5,0,0.1652,Firsocostat (GS-0976),ACC
T16518,Cn1nc(CC(=O)Nc2ccc(CN3CCN(C(=O)OC(C)(C)C)CC3)cc2)c2ccccc2c1=O,491.59,3.17,96.8,1,6,5,0,0.1652,Firsocostat (GS-0976),ACC
T16966,Cc1ccc(C#Cc2ccc(S(=O)(=O)N[C@H](Cc3c[nH]c4ccccc34)C(=O)O)s2)cc1,464.57,3.91,99.3,3,4,6,0,0.1652,Firsocostat (GS-0976),ACC
T10534,Cc1cc2cc(n1)-c1cnn(C)c1OCCC[C@@H](C)CN1/C(=N/C2=O)Nc2ccc(CN3CCN(C)CC3)cc21,542.69,3.77,91.1,1,8,2,1,0.1652,Denifanstat (TVB-2640),FASN
T40028,Cc1ncsc1-c1ccc([C@@H](C)NC(=O)[C@@H]2C[C@@H](O)CN2C(=O)[C@@H](N)C(C)(C)C)cc1,444.6,2.63,108.5,3,6,5,0,0.1652,Firsocostat (GS-0976),ACC
T9611,COc1ccc(-c2ocnc2C(=O)NCCCn2cncn2)cc1Cl,361.79,2.42,95.1,1,6,7,0,0.1652,Firsocostat (GS-0976),ACC
T22821,CCOC(=O)CCNc1cc(N2CCc3ccccc3CC2)nc(-c2cccnc2)n1,417.51,3.51,80.2,1,7,7,0,0.1652,Firsocostat (GS-0976),ACC
T1461,CCOc1nc2cccc(C(=O)O)c2n1Cc1ccc(-c2ccccc2-c2nn[nH]n2)cc1,440.46,4.03,118.8,2,6,7,0,0.1651,Cilofexor (GS-9674),FXR
T2128,CNC(=O)c1ccccc1Oc1nc(Nc2cc(OC)c(OC)c(OC)c2)ncc1Br,489.33,4.16,103.8,2,8,8,0,0.1651,Firsocostat (GS-0976),ACC
T3261,COc1ccc(C(=O)C2CCN(CC(=O)N(Cc3nc(=O)c4c([nH]3)CCOC4)CC3CC3)CC2)cc1,494.59,2.18,104.8,1,7,9,0,0.1651,Denifanstat (TVB-2640),FASN
T6260,COc1ccc2c(OCc3nnc4ccc(-c5ccccc5)nn34)ccnc2c1,383.41,3.93,74.4,0,6,5,0,0.1651,Firsocostat (GS-0976),ACC
T5199,COC(=O)C1=C(C(=O)OC)[C@@]2([C@@H](Cc3ccc(C)cc3)Nc3ccccc3)C=C[C@@H]1O2,419.48,3.37,73.9,1,6,7,0,0.1651,Firsocostat (GS-0976),ACC
T7298,C#CCOc1ccc(/C=C/C(=O)Nc2ccccc2C(=O)O)cc1OC,351.36,3.06,84.9,2,4,7,0,0.1651,Firsocostat (GS-0976),ACC
T12077,COc1cc(-c2ccnc3c2c(C)nn3-c2ccc(C(F)(F)F)cc2)ccc1O,399.37,5.13,60.2,1,4,3,1,0.1651,Firsocostat (GS-0976),ACC
T8950,COc1cccc(CNc2ccc(S(=O)(=O)Nc3nccs3)cc2)c1O,391.47,3.27,100.5,3,7,7,0,0.1651,Firsocostat (GS-0976),ACC
T9127,Cc1nn(-c2ccccc2)c2sc(C(=O)Nc3c(C)n(C)n(-c4ccccc4)c3=O)cc12,443.53,4.45,73.8,1,4,4,0,0.1651,Firsocostat (GS-0976),ACC
T13318,C[C@@H]1CN(c2cccnc2F)C(=O)c2cc(COc3ccc(Cl)cn3)nn21,387.8,3.27,73.1,0,5,4,0,0.1651,Cilofexor (GS-9674),FXR
T12747,c1cc(-c2ncco2)cc(-c2nnc(Nc3ccc4[nH]ncc4c3)s2)c1,360.4,4.48,92.5,2,7,4,0,0.1651,Firsocostat (GS-0976),ACC
T11710,CCc1cc(O)c(F)cc1-c1ccc2c(-c3nc4c([nH]3)CN(C3CCN(C)CC3)CC4)n[nH]c2c1,474.58,4.48,84.1,3,5,4,0,0.1651,Denifanstat (TVB-2640),FASN
T9999,COc1ccccc1C(=O)Nc1cccc(-c2cn3ccsc3n2)c1,349.42,4.32,55.6,1,4,4,0,0.1651,Firsocostat (GS-0976),ACC
T21777,C[C@@H](CN1CCC(n2c(=O)[nH]c3cc(Br)ccc32)CC1)NC(=O)[C@@H]1C[C@H]1c1ccccc1,497.44,4.04,70.1,2,3,6,0,0.1651,VK2809,THR-beta
T10201,COc1ccc(Cn2c(C)nc3c(C)nc(Cl)nc32)cc1OC1CCCC1,386.88,4.47,62.1,0,5,5,0,0.1651,Firsocostat (GS-0976),ACC
T9813,C=CC(=O)N1CCC[C@@H](Nc2nc(Nc3cnn(C4CCOCC4)c3)nc3[nH]cc(C4CC4)c23)C1,476.59,3.72,113.0,3,7,7,0,0.1651,Denifanstat (TVB-2640),FASN
T26339L,COc1cccc2c1ccc1nc3cccc(C(=O)N[C@H](C)CN(C)C)c3nc12,388.47,3.62,67.3,1,5,5,0,0.1651,Firsocostat (GS-0976),ACC
T20743,Cc1cnc(Nc2ccc(CN3CCOCC3)cc2)nc1Nc1cccc(S(=O)(=O)NC(C)(C)C)c1,510.66,4.18,108.5,3,8,8,1,0.1651,VK2809,THR-beta
T26326,O=C(NCCN1CCC2(CC1)C(=O)NCN2c1ccccc1)c1cnc2ccccc2c1,429.52,2.39,77.6,2,5,5,0,0.1651,Cilofexor (GS-9674),FXR
T68035,Nc1c(Cl)cc(-c2nn(C3CCN(CCc4ccccc4)CC3)c(=O)o2)c2c1OCCO2,456.93,3.39,95.8,1,7,5,0,0.1651,Cilofexor (GS-9674),FXR
TMIH-0092,[2H][13C]([2H])([2H])NC(=O)c1ccc(N2C(=S)N(c3cnc(C#N)c(C(F)(F)F)c3)C(=O)C23CCC3)cc1F,481.45,3.53,89.3,1,5,3,0,0.1651,Denifanstat (TVB-2640),FASN
T0351,Cc1nc2n(c(=O)c1CCN1CCC(c3noc4cc(F)ccc34)CC1)CCCC2,410.49,3.59,64.2,0,5,4,0,0.1650,Denifanstat (TVB-2640),FASN
T3046,COc1ccccc1N1CCN(CCN2C(=O)CC3(CCCC3)CC2=O)CC1,385.51,2.53,53.1,0,5,5,0,0.1650,Firsocostat (GS-0976),ACC
T3063,CSc1cccc(Nc2ncc3cc(-c4c(Cl)cccc4Cl)c(=O)n(C)c3n2)c1,443.36,5.77,59.8,1,5,4,1,0.1650,Cilofexor (GS-9674),FXR
T3449,COC(=O)C1=C(C)NC(c2ncc(F)cc2F)=NC1c1ccc(F)cc1Cl,395.77,3.69,63.6,1,5,3,0,0.1650,Cilofexor (GS-9674),FXR
T4258,Cc1cc(COc2nc(N)nc3ccn(Cc4ccccn4)c23)no1,336.36,2.33,104.9,1,7,5,0,0.1650,Cilofexor (GS-9674),FXR
T6030,Cc1c(C(=O)N2CCOc3ccc(-c4ccc(N)nc4)cc3C2)ccc(S(C)(=O)=O)c1F,455.51,3.22,102.6,1,6,3,0,0.1650,Denifanstat (TVB-2640),FASN
T6305,CC1(C)CC(=O)c2c(C(F)(F)F)nn(-c3ccc(C(N)=O)c(N[C@H]4CC[C@H](O)CC4)c3)c2C1,464.49,3.86,110.2,3,5,4,0,0.1650,Denifanstat (TVB-2640),FASN
T6763,CN[C@@H](C)C(=O)N[C@H]1CN(C(=O)CC(C)C)CC[C@H]2CC[C@@H](C(=O)NC(c3ccccc3)c3ccccc3)N2C1=O,561.73,2.62,110.8,3,5,9,1,0.1650,Denifanstat (TVB-2640),FASN
T4619,Cc1ccc(C)c(OCCn2cc(C(=O)O)c3ccccc32)c1,309.37,4.04,51.5,1,2,5,0,0.1650,Firsocostat (GS-0976),ACC
T5171,CCCCC[C@H](O)CC[C@@H]1[C@H]2Cc3cccc(OCC(=O)[O-])c3C[C@H]2C[C@H]1O,389.51,2.25,89.8,2,5,10,0,0.1650,Aramchol,SCD1
T5699,COc1cc(C2CC(c3ccccc3)=NN2C(N)=S)cc(OC)c1OC,371.46,3.11,69.3,1,5,5,0,0.1650,Firsocostat (GS-0976),ACC
T14878,Cc1nnc(-c2ccc(N3CCC(Oc4cc(F)ccc4Cl)CC3)nn2)o1,389.82,3.68,77.2,0,7,4,0,0.1650,Cilofexor (GS-9674),FXR
T15635,CN(C(=O)Oc1nsnc1N1CCOCC1)C1CCCCCCC1,354.48,2.92,67.8,0,7,3,0,0.1650,Firsocostat (GS-0976),ACC
T16111,Cc1ccccc1C(=O)Nc1ccc(S(=O)(=O)N[C@@H]2CCN(C(=O)[C@H](C)N)C[C@H]2C)c2ccccc12,508.64,3.26,121.6,3,5,6,1,0.1650,Denifanstat (TVB-2640),FASN
T16975,Cc1cc(C(=O)Nc2cc(Oc3ccc4nc(NC(=O)C5CC5)cn4n3)ccc2C)n(C)n1,445.48,3.47,115.4,2,6,6,0,0.1650,Denifanstat (TVB-2640),FASN
T14033,O=C1OC(COc2ccccc2[N+](=O)[O-])CC1Cc1ccccc1,327.34,3.15,78.7,0,5,6,0,0.1650,Firsocostat (GS-0976),ACC
T13398,CC1=NN(c2ccccc2)C(=O)C1=NNc1ccc(N2CCOCC2)cc1,363.42,2.71,69.5,1,6,4,0,0.1650,Firsocostat (GS-0976),ACC
T13114,O=C(CNC(=O)c1cccc(C(F)(F)F)c1)N[C@@H]1CCN(Cc2ccc(Cl)cc2)C1,439.87,3.48,61.4,2,3,6,0,0.1650,VK2809,THR-beta
T21740,CNC(=O)c1ccc(N2C(=S)N(c3ccc(C#N)c(C(F)(F)F)c3)C(=O)C23CCC3)cc1F,476.46,4.14,76.4,1,4,3,0,0.1650,Denifanstat (TVB-2640),FASN
T37069,COC(=O)NCc1cc(/C(C)=N/OCc2cccc(C)n2)ccc1Cl,361.83,3.84,72.8,1,5,6,0,0.1650,Cilofexor (GS-9674),FXR
TN3120,COc1c(OC(C)=O)cc(O)c2c(=O)cc(-c3ccccc3)oc12,326.3,3.1,86.0,1,6,3,0,0.1650,Firsocostat (GS-0976),ACC
T77755,COc1cc(N(C(=O)CCl)c2ccc3c(c2)OCCO3)cc(OC)c1F,381.79,3.52,57.2,0,5,5,0,0.1650,Firsocostat (GS-0976),ACC
T77759,COc1cc(N(C(=O)CBr)c2ccc3c(c2)OCCO3)cc(OC)c1F,426.24,3.67,57.2,0,5,5,0,0.1650,Firsocostat (GS-0976),ACC
T12779,COc1nc2nc(C(=O)c3ccccc3)cn2c2c1CCCC2,307.35,2.85,56.5,0,4,3,0,0.1650,Firsocostat (GS-0976),ACC
T73176,CC(C)(O)[C@@H]1CCN(c2cc(-n3ncc4ccc([C@]5(C#N)CC56CC6)cc43)ncn2)C1,414.51,3.36,90.9,1,6,4,0,0.1650,Denifanstat (TVB-2640),FASN
T84349,O=C(Nc1ccc(-c2nc3cc(NC(=O)C4CC4)ccc3[nH]2)cc1)c1ccccc1Cl,430.9,5.48,86.9,3,3,5,1,0.1650,Cilofexor (GS-9674),FXR
T86497,CNC(=O)c1ncn2cc(-c3c(F)ccc(NS(=O)(=O)c4cc(Cl)cnc4OC)c3F)ncc12,508.89,2.89,127.6,2,7,6,1,0.1650,Lanifibranor (IVA-337),PPAR-alpha/gamma/delta
T36097,Cc1nc2cc(F)c(-c3cnc(C(C)(C)O)nc3)nc2c(N[C@H](C)c2cc(C#N)ccc2F)c1Cl,494.93,5.6,107.6,2,7,5,1,0.1650,Denifanstat (TVB-2640),FASN
T1239,CCc1cc2c(cc1CC)CC(NC[C@H](O)c1ccc(O)c3[nH]c(=O)ccc13)C2,392.5,3.15,85.4,4,4,6,0,0.1649,VK2809,THR-beta
T1655,COC(c1ccccc1)(c1ccccc1)[C@H](Oc1nc(C)cc(C)n1)C(=O)O,378.43,3.52,81.5,1,5,7,0,0.1649,Firsocostat (GS-0976),ACC
T1780,CCC(=O)NS(=O)(=O)c1ccc(-c2c(-c3ccccc3)noc2C)cc1,370.43,3.53,89.3,1,5,5,0,0.1649,Cilofexor (GS-9674),FXR
T3980,CC(C)c1cc(/C=C(\C#N)C(=O)NCCCc2ccccc2)cc(C(C)C)c1O,390.53,5.29,73.1,2,3,8,1,0.1649,VK2809,THR-beta
T7167,CC(C)[C@H](CO)Nc1nc(Nc2ccc(C(=O)O)c(Cl)c2)c2ncn(C(C)C)c2n1,432.91,3.93,125.2,4,7,8,0,0.1649,Lanifibranor (IVA-337),PPAR-alpha/gamma/delta
T8323,Fc1ccc(COc2cccc(-c3n[nH]cc3-c3ccncc3)c2)cc1,345.38,4.86,50.8,1,3,5,0,0.1649,Cilofexor (GS-9674),FXR
T8324,CCCCC(C(=O)O)N1C(=O)C2C3c4ccccc4C(c4ccccc43)C2C1=O,389.45,3.52,74.7,1,3,5,0,0.1649,Firsocostat (GS-0976),ACC
T17311,C#CCNC(=O)C[C@@H]1N=C(c2ccc(Cl)cc2)c2c(sc(C)c2C)-n2c(C)nnc21,437.96,3.94,72.2,1,5,4,0,0.1649,Lanifibranor (IVA-337),PPAR-alpha/gamma/delta
T11901,C[C@@H](NC(=O)c1ccc(F)cc1)c1ccc2c(c1)CCN2C(=O)C1CCOCC1,396.46,3.63,58.6,1,3,4,0,0.1649,Denifanstat (TVB-2640),FASN
T14935,Cc1nn(C)cc1S(=O)(=O)NC(=O)c1ccc(-n2ccc(OCC(C)(C)C(F)(F)F)n2)nc1N1C[C@@H](C)CC1(C)C,597.66,4.02,124.2,1,8,8,1,0.1649,BI-1467335,AOC3/VAP-1
T9202,Cc1cc(C)c(S(=O)(=O)N(CC(=O)O)c2ccc(Nc3ccnc(N4CCCC4)n3)cc2)c(C)c1,495.61,4.03,115.7,2,7,8,0,0.1649,Lanifibranor (IVA-337),PPAR-alpha/gamma/delta
T9545,COc1ccc(C(=O)ON=C2CCCCC2c2ccc([N+](=O)[O-])cc2[N+](=O)[O-])cc1,413.39,4.38,134.2,0,8,6,0,0.1649,Denifanstat (TVB-2640),FASN
T14280,COC1(c2cccc(OP(=O)(O)O)c2)OOC12C1CC3CC(C1)CC2C3,382.35,3.11,94.5,2,5,4,0,0.1649,Cilofexor (GS-9674),FXR
T1171L,CCC(=O)O[C@]1(C(=O)COC(C)=O)CC[C@H]2[C@@H]3C[C@H](C)C4=CC(=O)C=C[C@]4(C)[C@H]3[C@@H](O)C[C@@]21C,472.58,3.34,107.0,1,7,5,0,0.1649,Obeticholic acid (OCA),FXR
T9852,Cc1n[nH]c(C)c1-c1cc(Cl)c(Nc2ccccc2C(=O)O)c(Cl)c1,376.24,5.44,78.0,3,3,4,1,0.1649,Cilofexor (GS-9674),FXR
T38622,O=C(O)c1csc(N2CCc3cccc(C(=O)Nc4nc5ccccc5s4)c3C2)n1,436.52,4.27,95.4,2,7,4,0,0.1649,Lanifibranor (IVA-337),PPAR-alpha/gamma/delta
T21720,CCNc1cc(N[C@H]2CC[C@H](O)CC2)nc(Nc2ccc3c(ccn3Cc3ccccc3)c2)n1,456.59,5.37,87.0,4,6,8,1,0.1649,Lanifibranor (IVA-337),PPAR-alpha/gamma/delta
T37076,CC(C)(O)c1cc2nn(CCS(C)(=O)=O)cc2cc1NC(=O)c1cccc(C(F)(F)F)n1,470.47,2.97,114.2,2,6,6,0,0.1649,Lanifibranor (IVA-337),PPAR-alpha/gamma/delta
T14491,CC(O)(C#Cc1ccc2c(c1)N(c1nc(N)ncc1Cl)CC2)c1nccs1,397.89,3.12,88.2,2,7,2,0,0.1649,Lanifibranor (IVA-337),PPAR-alpha/gamma/delta
T14375,O=C(O)C[C@H]1CC[C@H](c2ccc(NC(=O)c3nnc(Nc4ccc(F)c(F)c4)o3)cc2)CC1,456.45,5.09,117.4,3,6,7,1,0.1649,Denifanstat (TVB-2640),FASN
T77509,CCN(CC)C(=O)c1ccc2c(c1)nc(Cc1ccc(OC(=O)N(C)C)cc1)n2CCC(C)C,464.61,5.22,67.7,0,4,9,1,0.1649,Lanifibranor (IVA-337),PPAR-alpha/gamma/delta
T39675,CCOc1ccsc1C(=O)N1CCN(c2ccc([N+](=O)[O-])c(N3CCCC3)c2)CC1,430.53,3.62,79.2,0,7,6,0,0.1649,Denifanstat (TVB-2640),FASN
T78240,Cc1nn(C)cc1S(=O)(=O)NC(=O)c1ccc(-n2ccc(OCC(C)(C)C(F)(F)F)n2)nc1N1C[C@H](C)CC1(C)C,597.66,4.02,124.2,1,8,8,1,0.1649,BI-1467335,AOC3/VAP-1
T27489,COc1ccc2c(ccn2S(=O)(=O)c2cccc(C(=O)Nc3ccc(C)cc3C(=O)O)c2)c1C,478.53,4.45,114.7,2,5,6,0,0.1649,Lanifibranor (IVA-337),PPAR-alpha/gamma/delta
T2350,COCCOc1nc(-c2ccc(Cl)c(Cl)c2)n(-c2ccc(NC(=O)CCl)cc2)n1,455.73,4.44,78.3,1,5,8,0,0.1648,Resmetirom,THR-beta
T2371,CCN(Cc1ccccc1)C(=O)Cn1c(=O)n(C)c2cnc(-c3ccccc3)nc21,401.47,2.85,73.0,0,4,6,0,0.1648,Lanifibranor (IVA-337),PPAR-alpha/gamma/delta
T4014,COCC(=O)NC/C=C/c1ccc2ncnc(Nc3ccc(Oc4ccc(C)nc4)c(C)c3)c2c1,469.55,4.95,98.3,2,7,9,0,0.1648,BI-1467335,AOC3/VAP-1
T6339,CN(C)Cc1ccc(-c2nc3cccc4c3n2CCNC4=O)cc1,320.4,2.51,50.2,1,3,3,0,0.1648,Denifanstat (TVB-2640),FASN
T5207,COc1cc(-c2cc(-c3ccc(Cl)cc3)nc(=O)[nH]2)ccc1O,328.75,3.47,75.2,2,4,3,0,0.1648,VK2809,THR-beta
T7366,Cc1cnc(NC(=O)c2cc(S(=O)(=O)N(C)C)ccc2N2CCCC2)s1,394.52,2.55,82.6,1,6,5,0,0.1648,Lanifibranor (IVA-337),PPAR-alpha/gamma/delta
T8529,CC1(C)CC[S+]([O-])c2ccc(C#Cc3ncc(C(=O)O)cn3)cc21,340.4,2.36,86.1,1,4,1,0,0.1648,Denifanstat (TVB-2640),FASN
T19935,CCc1c(C(=O)Nc2cc(S(=O)(=O)N(CC)CC)ccc2O)[nH]c(C)c1C(C)=O,421.52,3.08,119.6,3,5,8,0,0.1648,Lanifibranor (IVA-337),PPAR-alpha/gamma/delta
T22461,C=CC(=O)Nc1ccc(C(=O)Nc2n[nH]c3c2CN(C(=O)N[C@H](CN(C)C)c2ccccc2)C3(C)C)cc1,515.62,3.85,122.5,4,5,8,1,0.1648,BI-1467335,AOC3/VAP-1
T15614,O=C(N1CCC(C(c2ccc3c(c2)OCO3)c2ccc3c(c2)OCO3)CC1)n1cncn1,434.45,3.25,87.9,0,7,3,0,0.1648,Denifanstat (TVB-2640),FASN
T11190,OCCCCOc1nsnc1-c1ccc(Cl)c(Cl)c1,319.21,3.66,55.2,1,5,6,0,0.1648,Cilofexor (GS-9674),FXR
T10394L,c1ccc(Nc2nc(N/N=C3\CN4CCC3CC4)nc(N3CCCCC3)n2)cc1,392.51,3.1,81.6,2,8,5,0,0.1648,Denifanstat (TVB-2640),FASN
T63136,CC(C)S(=O)(=O)c1ccc(S(=O)(=O)N2CCC[C@@H](C(=O)N3CCC(F)(F)CC3)C2)cc1,478.58,2.53,91.8,0,5,5,0,0.1648,Denifanstat (TVB-2640),FASN
T67857,O=C(O)CCCN1C(=O)/C(=C/c2ccc(-c3ccc(Br)cc3)o2)SC1=S,452.35,4.78,70.8,1,5,6,0,0.1648,Lanifibranor (IVA-337),PPAR-alpha/gamma/delta
T72814,Cc1c(Cl)cccc1S(=O)(=O)N1CCC[C@H](C(=O)NC2CCCCC2)C1,398.96,3.5,66.5,1,3,4,0,0.1648,Denifanstat (TVB-2640),FASN
TN6908,[H][C@]1([C@@](C)(O)[C@H](O)C[C@H](C)C(C)C)CC[C@@]2(O)C3=CC(=O)[C@]4([H])C[C@@H](O)[C@@H](O)C[C@]4(C)[C@@]3([H])CC[C@]12C,478.67,2.99,118.2,5,6,5,0,0.1648,Obeticholic acid (OCA),FXR
T30232,O=C(Nc1c(Cl)cncc1Cl)C(=O)c1cn(Cc2ccc(F)cc2)c2ccc(O)cc12,458.28,5.06,84.2,2,4,5,1,0.1648,Lanifibranor (IVA-337),PPAR-alpha/gamma/delta
T21301,O=C([O-])CSc1nnc(Br)n1-c1ccc(C2CC2)c2ccccc12,403.28,2.9,70.8,0,5,5,0,0.1648,Denifanstat (TVB-2640),FASN
T87658,Cc1ccc(C)c(NC(=O)NC(C)CCc2ccc(O)cc2)c1,312.41,4.15,61.4,3,2,5,0,0.1648,VK2809,THR-beta
T10103,N[C@@H](Cc1ccc(Oc2ccc(O)c(I)c2)c(I)c1)C(=O)O,525.08,3.35,92.8,3,4,5,1,0.1648,VK2809,THR-beta
T2269,Cc1cccc(Nc2cc(Cl)nc(SCC(=O)O)n2)c1C,323.81,3.67,75.1,2,5,5,0,0.1647,Lanifibranor (IVA-337),PPAR-alpha/gamma/delta
T3032,CS(=O)(=O)c1ccc(-c2cnc(N)c(C(=O)Nc3ccccc3)n2)cc1,368.42,2.38,115.0,2,6,4,0,0.1647,Lanifibranor (IVA-337),PPAR-alpha/gamma/delta
T5600,CC1(N)CCN(c2cccnc2NC(=O)c2nc(-c3ncccc3C(F)(F)F)cnc2N)CC1,472.48,3.1,135.9,3,8,4,0,0.1647,BI-1467335,AOC3/VAP-1
T8149,CC(CCc1ccc(O)cc1)NCCc1ccc(O)c(O)c1,301.39,2.96,72.7,4,4,7,0,0.1647,VK2809,THR-beta
T10358,Cc1ccc(C(=O)OCc2ccc([C@@H](CN)C(=O)Nc3ccc4cnccc4c3)cc2)c(C)c1,453.54,4.89,94.3,2,5,7,0,0.1647,BI-1467335,AOC3/VAP-1
T15335,CN1CCN(Cc2ccc(NC(=O)c3n[nH]cc3Nc3ncnc4[nH]ccc34)cc2)CC1,431.5,2.42,117.9,4,7,6,0,0.1647,BI-1467335,AOC3/VAP-1
T13424,O=C(Nc1cc(Cl)cc(Cl)c1)[C@H]1CCCC[C@H]1C(=O)O,316.18,3.82,66.4,2,2,3,0,0.1647,Cilofexor (GS-9674),FXR
T10881,O=C(Nc1ccc(Cl)cc1CN1C(=O)c2ccccc2C1=O)c1ccccc1O,406.83,4.09,86.7,2,4,4,0,0.1647,Lanifibranor (IVA-337),PPAR-alpha/gamma/delta
T29135,O=C(Nc1ccc(Oc2ccc(Cl)cn2)c(Cl)c1)c1ccccn1,360.2,4.83,64.1,1,4,4,0,0.1647,Lanifibranor (IVA-337),PPAR-alpha/gamma/delta
T37816,Cc1cc2c(cc1C(F)(F)F)N(C(=O)Nc1ccc(Oc3cccnc3C)nc1)CC2,428.41,5.5,67.3,1,4,3,1,0.1647,BI-1467335,AOC3/VAP-1
T77754,Cc1ccc(S(=O)(=O)n2cc(Cc3cc(C)c(O)c(C)c3)c3ccccc32)cc1,405.52,5.1,59.3,1,3,4,1,0.1647,Lanifibranor (IVA-337),PPAR-alpha/gamma/delta
T5642,C[C@@H]1C[C@H](C)CN(S(=O)(=O)c2ccc3c(c2)C(=NO)c2cc(S(=O)(=O)N4C[C@H](C)C[C@H](C)C4)ccc2C3=NO)C1,588.75,3.79,139.9,2,8,4,1,0.1646,Lanifibranor (IVA-337),PPAR-alpha/gamma/delta
T7884,O=C(Nc1cc(Cl)ccc1O)Nc1cc(C(F)(F)F)ccc1Cl,365.14,5.36,61.4,3,2,2,1,0.1646,Lanifibranor (IVA-337),PPAR-alpha/gamma/delta
T3S1707,COc1cc(CCc2cc(OC)c(O)c(OC)c2)ccc1O,304.34,2.91,68.2,2,5,6,0,0.1646,VK2809,THR-beta
T9107,Cc1occc1C(=O)Nc1nn(Cc2ccc(C(F)(F)F)cc2)c2ccccc12,399.37,5.26,60.1,1,3,4,1,0.1646,BI-1467335,AOC3/VAP-1
T10525,Cc1c(C(=O)Nc2ccn(C)n2)ncn1Cc1cccc(C(F)(F)F)c1,363.34,3.24,64.7,1,3,4,0,0.1646,BI-1467335,AOC3/VAP-1
T23071,CCN(CC)CCOC(=O)C1(c2ccc([N+](=O)[O-])cc2)CCCC1,334.42,3.29,72.7,0,5,8,0,0.1646,Obeticholic acid (OCA),FXR
T15385,Cc1ccc(S(=O)(=O)NC(=O)N[C@H]2[C@H]3CC[C@@](C)([C@H]2O)C3(C)C)cc1,366.48,2.17,95.5,3,4,3,0,0.1646,Obeticholic acid (OCA),FXR
T67727,COC(=O)C(C#N)=Cc1cn(CC(=O)Nc2ccc(OC)cc2)c2ccccc12,389.41,3.37,93.4,1,5,6,0,0.1646,BI-1467335,AOC3/VAP-1
TN7319,[H][C@]12CC[C@]3(C)C(=O)CC[C@@]3([H])[C@]1([H])C(=O)C=C1C[C@@H](OC(C)=O)CC[C@@]12C,344.45,3.63,60.4,0,4,1,0,0.1646,Obeticholic acid (OCA),FXR
T1562,O=C(NC(Cc1cc(=O)[nH]c2ccccc12)C(=O)O)c1ccc(Cl)cc1,370.79,2.61,99.3,3,3,5,0,0.1644,BI-1467335,AOC3/VAP-1
T2553,O=C(OCCOCCO)c1ccccc1Nc1cccc(C(F)(F)F)c1,369.34,3.61,67.8,2,5,8,0,0.1644,BI-1467335,AOC3/VAP-1
T4611,CCOC(=O)C(Cc1c[nH]c2ccc(Br)cc12)(NC(C)=O)C(=O)OCC,425.28,2.47,97.5,2,5,7,0,0.1644,BI-1467335,AOC3/VAP-1
T5994,CC(C)(C)c1ccc(S(=O)(=O)/N=C2\C=C(SCC(=O)O)C(=O)c3ccccc32)cc1,443.55,4.06,100.9,1,5,5,0,0.1644,BI-1467335,AOC3/VAP-1
T21593,O=C(Nc1cccc(C(F)(F)F)c1)c1ccccc1NCc1ccncc1,371.36,4.96,54.0,2,3,5,0,0.1644,BI-1467335,AOC3/VAP-1
T40922,CCCCCCC(C)OC(=O)COc1nc(F)c(Cl)c(N)c1Cl,367.25,4.39,74.4,1,5,9,0,0.1644,BI-1467335,AOC3/VAP-1
TN7235,COc1ccc(/C=C/C(=O)c2ccc3c(c2O)C=CC(C)(C)O3)cc1,336.39,4.48,55.8,1,4,4,0,0.1644,BI-1467335,AOC3/VAP-1
T22809,CN(C)CCCc1cc(C(=O)Nc2ccc(-c3ccncc3)cc2)ccc1O,375.47,4.2,65.5,2,4,7,0,0.1644,BI-1467335,AOC3/VAP-1
T1781,O=C(O)CCc1ccc(NCc2cccc(Oc3ccccc3)c2)cc1,347.41,5.11,58.6,2,3,8,1,0.1642,BI-1467335,AOC3/VAP-1
T4316,COc1ccccc1C(=O)Nc1cccc(NC(=O)c2cccc(C)c2)c1,360.41,4.51,67.4,2,3,5,0,0.1642,BI-1467335,AOC3/VAP-1
T6S0413,COc1ccc(-c2cc(=O)c3c(O)c(OC)c(O)cc3o2)cc1,314.29,2.89,89.1,2,6,3,0,0.1642,BI-1467335,AOC3/VAP-1
T8444,Cn1c(SCc2ccc(C(C)(C)C)cc2)nc(N)cc1=O,303.43,2.95,60.9,1,4,3,0,0.1642,BI-1467335,AOC3/VAP-1
T10089,CC(Oc1ccc2c(c1)Oc1ccccc1S2(=O)=O)C(F)(F)F,344.31,3.95,52.6,0,4,2,0,0.1642,BI-1467335,AOC3/VAP-1
T9822,CCOC(=O)c1sc(NC(=O)c2sccc2C)cc1C,309.41,3.86,55.4,1,5,4,0,0.1642,BI-1467335,AOC3/VAP-1
T23647,CCn1c(-c2ccc(OC(C)=O)cc2)c(C)c2cc(OC(C)=O)ccc21,351.4,4.49,57.5,0,4,4,0,0.1642,BI-1467335,AOC3/VAP-1
T23248,CCCCOC(=O)NC(=O)C1c2ccccc2Oc2ccccc21,325.36,3.98,64.6,1,4,4,0,0.1642,BI-1467335,AOC3/VAP-1
T0640,CCCCOC(=O)c1ccccc1C(=O)OCc1ccccc1,312.36,4.0,52.6,0,4,7,0,0.1639,BI-1467335,AOC3/VAP-1
T6667,CC(C)(C)C(=O)Nc1ccc2c(c1)C(=O)C(=O)c1ccccc1-2,307.35,3.72,63.2,1,3,1,0,0.1639,BI-1467335,AOC3/VAP-1
T7403,CCN(C(=O)CO)C1CN(C(=Nc2cccc(OC(F)F)c2)NC#N)N=C1c1ccc(Cl)c(Cl)c1,525.34,3.58,113.5,2,6,7,1,0.1639,Cilofexor (GS-9674),FXR
T11447,CC(C)Oc1ccc(F)c(-c2cnc(N)c(C(=O)Nc3cnccc3N3CCC[C@@H](C(=O)O)C3)n2)c1,494.53,3.6,143.6,3,8,7,0,0.1639,Cilofexor (GS-9674),FXR
T11342L,CNc1ncc2cc(-c3ccc(-c4cccc(C)n4)cc3Cl)c(=O)n(CC3OCC(N)CO3)c2n1,492.97,3.22,117.2,2,8,5,0,0.1639,Firsocostat (GS-0976),ACC
T13108,CNC(=O)c1cc2c(Oc3ccc(NC(=S)NC(=O)Cc4ccccc4)cc3F)ccnc2cc1OC,518.57,4.59,101.6,3,6,7,1,0.1639,Firsocostat (GS-0976),ACC
T38411,O=C(CBr)NCCCCc1ccc(C(=O)O)cc1,314.18,2.22,66.4,2,2,7,0,0.1639,BI-1467335,AOC3/VAP-1
T2689,COc1cc(OC2CCN(C)CC2)ccc1Nc1ncc2c(n1)n(C1CCCC1)c(=O)n2C,452.56,3.47,86.4,1,7,6,0,0.1638,Firsocostat (GS-0976),ACC
T6435,CN(C)c1ccc(-c2nc3ncc(Cl)c(N4CCN(CC(=O)Nc5nccs5)CC4)c3[nH]2)cc1,497.03,3.56,93.3,2,8,6,0,0.1638,Cilofexor (GS-9674),FXR
T11186,CCN(Cc1cccnc1)C(=O)CN(c1ccc(OC)nc1)S(=O)(=O)c1ccccc1C,454.55,3.04,92.7,0,6,9,0,0.1638,Firsocostat (GS-0976),ACC
T8652,COc1cccc2cc(C(=O)Nc3cccc(-c4cn5ccccc5n4)c3)c(=O)oc12,411.42,4.37,85.8,1,5,4,0,0.1638,Firsocostat (GS-0976),ACC
T11120,COc1cc2cc(C(=O)N3C[C@@H](CCl)c4c3cc(O)c3ccccc43)[nH]c2c(OC)c1OC,466.92,5.04,84.0,2,5,5,1,0.1638,Firsocostat (GS-0976),ACC
T85316,COc1cc(/C=C2/C(C)=C(CC(=O)NCc3ccco3)c3cc(F)ccc32)cc(OC)c1O,449.48,5.18,80.9,2,5,7,1,0.1638,Firsocostat (GS-0976),ACC
T0161,COc1ccnc(C[S+]([O-])c2nc3cc(OC(F)F)ccc3[n-]2)c1OC,382.37,2.51,90.6,0,6,7,0,0.1636,Firsocostat (GS-0976),ACC
T0703,Cc1c(-c2ccccc2)oc2c(C(=O)OCCN3CCCCC3)cccc2c1=O,391.47,4.41,59.8,0,5,5,0,0.1636,Firsocostat (GS-0976),ACC
T1874,Cc1ccc(C2Nc3ccccc3-n3c(-c4ccccc4)c4c(=O)n(C)c(=O)n(C)c4c32)o1,438.49,4.11,74.1,1,4,2,0,0.1636,Firsocostat (GS-0976),ACC
T2442,Cc1sc2c(c1C)C(c1ccc(Cl)cc1)=NC(CC(N)=O)c1nnc(C)n1-2,399.91,3.67,86.2,1,5,3,0,0.1636,Firsocostat (GS-0976),ACC
T2555,O=C(O[C@H]1C[N+]2(CCCOc3ccccc3)CCC1CC2)C(O)(c1cccs1)c1cccs1,484.66,4.67,55.8,1,6,9,0,0.1636,Firsocostat (GS-0976),ACC
T6026,Cc1sc2c(c1C)C(c1ccc(Cl)cc1)=N[C@@H](CC(N)=O)c1nnc(C)n1-2,399.91,3.67,86.2,1,5,3,0,0.1636,Firsocostat (GS-0976),ACC
T7889,Cc1nn(-c2ccc3nnc(C)n3n2)c(C)c1CCC(=O)N1CCC(Cc2ccccc2)CC1,457.58,3.65,81.2,0,5,6,0,0.1636,Cilofexor (GS-9674),FXR
T10436,CC(=O)N[C@@H]1CCC[C@H](C(=O)Nc2cc(-c3cnn4c3CC(C)(C)C4)c(Cl)cn2)C1,429.95,3.81,88.9,2,4,4,0,0.1636,Cilofexor (GS-9674),FXR
T16108,COc1ccc(N2CCN(C(=O)c3cc4c(s3)-c3ccccc3S(=O)(=O)C4)CC2)cc1,454.57,3.67,66.9,0,6,3,0,0.1636,Firsocostat (GS-0976),ACC
T24656,COc1cc2ncnc(N3CC[C@@H](Oc4cnc5ccccc5n4)C3)c2cc1OC,403.44,3.25,82.5,0,8,5,0,0.1636,Firsocostat (GS-0976),ACC
T15623,O=C1Cc2cc(-c3c(-c4ccc(F)cc4)nn4c(N5CCC(O)CC5)nccc34)ccc2N1,443.48,3.66,82.8,2,5,3,0,0.1636,Cilofexor (GS-9674),FXR
T38287,O=C(NC1CCN(C(=O)CCc2cccnc2)CC1)C(c1ccccc1)C1CCCCC1,433.6,4.49,62.3,1,3,7,0,0.1636,Firsocostat (GS-0976),ACC
T10679,C[N+](C)(CC(=O)Nc1ccccc1)CC(=O)Nc1ccccc1,312.39,2.34,58.2,2,2,6,0,0.1636,BI-1467335,AOC3/VAP-1
T60162,CN1CCOC(CNC(=O)C2(C)C(c3ccc(Cl)o3)C(c3ccc(F)cc3F)=NN2c2ccc(F)cc2F)C1,564.97,4.7,70.3,1,6,6,1,0.1636,Denifanstat (TVB-2640),FASN
T33940,CC1(C)C(=O)N(C(=O)NCC2CCN(CC3(O)CCOCC3)CC2)c2cc(F)ccc21,433.52,2.41,82.1,2,5,4,0,0.1636,Cilofexor (GS-9674),FXR
T77627,CS(=O)(=O)N1CCC(COc2coc(CN3Cc4ccccc4C3)cc2=O)CC1,418.52,2.21,80.1,0,6,6,0,0.1636,Firsocostat (GS-0976),ACC
T39448,CCOCc1[nH]c(=O)c(-c2nnc(Cc3ccc(Cl)cn3)o2)c(O)c1-c1c(OC)cccc1OC,498.92,3.99,132.6,2,9,9,0,0.1636,VK2809,THR-beta
T65012,O=[N+]([O-])c1ccc(OP(=O)(O)Oc2ccc([N+](=O)[O-])cc2)cc1,340.18,3.06,142.0,1,7,6,0,0.1636,BI-1467335,AOC3/VAP-1
T63746,Cc1ccc(C(=O)Nc2ccc(CN3CCN(C)CC3)c(C(F)(F)F)c2)cc1C#Cc1nnc2ccccn12,532.57,4.46,65.8,1,5,4,1,0.1636,Denifanstat (TVB-2640),FASN
T39726,C[C@@H]1OCC2(CCN(c3nc4n[nH]c(-c5ccnc(NC6CC6)c5Cl)c4c(=O)n3C)CC2)[C@@H]1N,484.99,2.28,127.0,3,8,4,0,0.1636,Denifanstat (TVB-2640),FASN
T15397,CC(=O)N1CCc2c(c(N3CCCc4cc(-c5cnn(C)c5)c(C(F)F)cc43)nn2C2CCOCC2)C1,510.59,4.56,68.4,0,5,4,1,0.1636,Denifanstat (TVB-2640),FASN
T0121,CC1=C(C(=O)OC(C)C)C(c2cccc([N+](=O)[O-])c2)C(C(=O)OC2CN(C(c3ccccc3)c3ccccc3)C2)=C(N)N1,582.66,4.69,137.0,2,9,9,1,0.1635,Denifanstat (TVB-2640),FASN
T2758,CC1CCC2(C(=O)O)CCC3(C)C(=CCC4C5(C)CC(O)C(O)C(C)(CO)C5C(O)CC43C)C2C1C,504.71,4.0,118.2,5,5,2,1,0.1635,Aramchol,SCD1
T3170,Cc1c(C)c2c(c(C)c1O)CCC(C)(COc1ccc(CC3SC(=O)NC3=O)cc1)O2,441.55,4.37,84.9,2,6,5,0,0.1635,VK2809,THR-beta
T3514,CCNC(=O)Nc1ccc(-c2nc(N3CCOC[C@@H]3C)c3c(n2)C(C)(C)S(=O)(=O)C3)cc1,459.57,2.67,113.5,2,7,4,0,0.1635,Denifanstat (TVB-2640),FASN
T6783,COc1cc(-c2cn(C)c(=O)c3cnccc23)cc(OC)c1CN(C)C,353.42,2.68,56.6,0,5,5,0,0.1635,Firsocostat (GS-0976),ACC
T5159,COc1ccc(CC(C)(C)NC[C@H](O)c2cc(O)cc3c2OCC(=O)N3)cc1,386.45,2.38,100.0,4,6,7,0,0.1635,VK2809,THR-beta
T5197,CCN(C)C(=O)c1ccc2c(c1)NC(=O)/C2=C(\Nc1ccc(CN2CCCCC2)cc1)c1ccccc1,494.64,5.7,64.7,2,4,7,1,0.1635,Denifanstat (TVB-2640),FASN
T16932,O=C(Nc1ccccc1-c1cn2c(CN3CC[C@@H](O)C3)csc2n1)c1ccc2ccccc2c1,468.58,5.03,69.9,2,5,5,1,0.1635,Denifanstat (TVB-2640),FASN
T16099,[H][C@]12OC[C@@H](Oc3nc4nc(-c5ccc(-c6ccccc6)cc5)c(Cl)cc4[nH]3)[C@@]1([H])OC[C@H]2O,449.89,3.85,89.5,2,6,4,0,0.1635,Cilofexor (GS-9674),FXR
T8764,Nc1ncc(-c2cccc(N3CCNCC3)c2)cc1C(=O)Nc1ccncc1,374.45,2.39,96.2,3,6,4,0,0.1635,Cilofexor (GS-9674),FXR
T22891,CS(=O)(=O)N(Cc1ccco1)CC(O)Cn1c2ccccc2c2ccccc21,398.48,3.21,75.7,1,4,7,0,0.1635,Firsocostat (GS-0976),ACC
T12146,N#Cc1ncc(N2C(=O)C3(CCC3)N(c3ccc(C(N)=O)c(F)c3)C2=S)cc1C(F)(F)F,463.42,3.27,103.3,1,5,3,0,0.1635,Denifanstat (TVB-2640),FASN
T35343,CNC(=O)c1cccc(-c2ccc3c(N4C5CCC4COC5)nc(N4CCOC[C@@H]4C)nc3n2)c1,474.57,2.64,92.7,1,8,4,0,0.1635,Denifanstat (TVB-2640),FASN
T9712,COCc1cc(C(=O)Nc2cc([C@H]3CC[C@@H](OC(=O)NC(C)C)C3)n[nH]2)n(C)n1,404.47,2.31,123.2,3,6,7,0,0.1635,Denifanstat (TVB-2640),FASN
T23128,Cc1cc(Nc2ncc3cc(-c4c(Cl)cccc4Cl)c(=O)n(C)c3n2)ccc1F,429.28,5.49,59.8,1,4,3,1,0.1635,Cilofexor (GS-9674),FXR
T35566,Cn1nccc1-c1ccc(C(N)=O)c(Oc2ccccc2F)c1,311.32,3.12,70.1,1,3,4,0,0.1635,Firsocostat (GS-0976),ACC
T41027,CN1CCN(c2ccc(-c3cccc(NC(=O)c4ccc5ccccc5c4)c3)nn2)CC1,423.52,4.3,61.4,1,5,4,0,0.1635,Cilofexor (GS-9674),FXR
T38752,Cc1cccc(-c2nc(CNc3cccc(C#N)c3)[nH]c2-c2ccc3ncnn3c2)n1,406.45,3.97,107.6,2,6,5,0,0.1635,Denifanstat (TVB-2640),FASN
T62491,COc1ccc(NC(=O)N2CCc3c(sc(NC(=O)c4cnn(C)c4)c3C#N)C2)cc1,436.5,3.2,112.3,2,6,4,0,0.1635,Denifanstat (TVB-2640),FASN
T61622,O=C(CCCc1ccccc1)N1CCC[C@H]1C(=O)N1CCC[C@H]1c1ncc[nH]1,380.49,3.09,69.3,1,3,6,0,0.1635,Cilofexor (GS-9674),FXR
T36821,CCOc1ccccc1C1CC(=O)Nc2cc3c(cc21)OCO3,311.34,3.29,56.8,1,4,3,0,0.1635,Firsocostat (GS-0976),ACC
T206044,Fc1cccc(-n2cnc3c(NCc4nc5ccc(Cl)cc5[nH]4)nc(N4CCNCC4)nc32)c1,477.94,3.51,99.6,3,7,5,0,0.1635,Lanifibranor (IVA-337),PPAR-alpha/gamma/delta
T1898,O=C(NCc1cccc(O)c1)Nc1nc(-c2ccncc2)cs1,326.38,3.23,87.1,3,5,4,0,0.1633,Cilofexor (GS-9674),FXR
T5458,COc1cc(OC)nc(O[C@H](C(=O)O)C(OC)(c2ccccc2)c2ccccc2)n1,410.43,2.92,100.0,1,7,9,0,0.1633,Firsocostat (GS-0976),ACC
T7765,Nc1ncccc1-c1cc(Cc2ccc(COc3ccccn3)cc2)no1,358.4,3.88,87.1,1,6,6,0,0.1633,Cilofexor (GS-9674),FXR
T8507,O=C(NC(=S)Nc1ccc(Cl)cn1)c1ccc(N2CCCCC2)c([N+](=O)[O-])c1,419.89,3.76,100.4,2,6,4,0,0.1633,Denifanstat (TVB-2640),FASN
T8654,CCCS(=O)(=O)Nc1ccc(F)c(C(=O)c2c[nH]c3ncc(-c4ccc(Cl)cc4)cc23)c1F,489.93,5.54,91.9,2,4,7,1,0.1633,Lanifibranor (IVA-337),PPAR-alpha/gamma/delta
T33508,COc1cc(OC)c2c(=O)c(OC)c(-c3ccccc3)oc2c1,312.32,3.49,57.9,0,5,4,0,0.1633,Firsocostat (GS-0976),ACC
T22360,CC(C)(C)c1nc(-c2cccc(Cl)c2)c(CNC(=O)Nc2ccc(CO)c(F)c2)s1,447.96,5.71,74.2,3,4,5,1,0.1633,Lanifibranor (IVA-337),PPAR-alpha/gamma/delta
T13500,CC(=O)O[C@@H]1C[C@H]2C(=O)C=C3[C@H](CC[C@]4(C)[C@@H]([C@@](C)(O)[C@H](O)CCC(C)(C)O)CC[C@]34O)[C@@]2(C)C[C@@H]1O,522.68,2.42,144.5,5,8,6,1,0.1633,Obeticholic acid (OCA),FXR
T28468,O=C(Nc1ccc(Cl)cc1)Nc1cccc(-c2cccc(N3CCCC3)n2)c1,392.89,5.65,57.3,2,3,4,1,0.1633,Cilofexor (GS-9674),FXR
TN1511,COc1cc([C@H]2Oc3c(OC)cc4ccc(=O)oc4c3O[C@@H]2CO)ccc1O,386.36,2.39,107.6,2,8,4,0,0.1633,VK2809,THR-beta
TN1216,[H][C@]1([C@@](C)(O)[C@H](O)CCC(C)(C)O)CC[C@@]2(O)C3=CC(=O)[C@]4([H])C[C@@H](O)[C@@H](OC(C)=O)C[C@]4(C)[C@@]3([H])CC[C@]12C,522.68,2.42,144.5,5,8,6,1,0.1633,Obeticholic acid (OCA),FXR
T61278,CCOC(=O)C1=C(N)Oc2cc(O)ccc2C1c1ccc([N+](=O)[O-])cc1,356.33,2.56,124.9,2,7,4,0,0.1633,VK2809,THR-beta
T34383,[H][C@@]12C[C@@]3([H])O[C@@H](CCC)O[C@@]3(C(=O)CO)[C@@]1(C)C[C@H](O)[C@@]1(F)[C@@]2([H])C[C@H](F)C2=CC(=O)CC[C@@]21C,468.54,2.98,93.1,2,6,4,0,0.1633,Obeticholic acid (OCA),FXR
T34383L,[H][C@@]12C[C@@]3([H])O[C@H](CCC)O[C@@]3(C(=O)CO)[C@@]1(C)C[C@H](O)[C@@]1(F)[C@@]2([H])C[C@H](F)C2=CC(=O)CC[C@@]21C,468.54,2.98,93.1,2,6,4,0,0.1633,Obeticholic acid (OCA),FXR
T77712,Cc1c(C(=O)NCc2ccccc2)oc2ccc(S(=O)(=O)N3CCCC(C)C3)cc12,426.54,4.09,79.6,1,4,5,0,0.1633,Lanifibranor (IVA-337),PPAR-alpha/gamma/delta
T71934,Cc1c(C)c2ccc(OCc3nnc(C(C)C)s3)cc2oc1=O,330.41,3.96,65.2,0,6,4,0,0.1633,Cilofexor (GS-9674),FXR
T16389,O=C(O)CNc1cccc(CN(Cc2ccc(-n3cccn3)cc2)S(=O)(=O)c2cccnc2)n1,478.53,2.55,130.3,2,7,10,0,0.1633,Lanifibranor (IVA-337),PPAR-alpha/gamma/delta
T29971,O=C(O)C1CN(Cc2ccc(-c3nc4ccc(C5(c6ccccc6)CC5)nc4s3)c(F)c2)C1,459.55,5.09,66.3,1,5,6,1,0.1633,Lanifibranor (IVA-337),PPAR-alpha/gamma/delta
T79145,Cn1cc(-c2ccnc3c2C(=O)OC3)c(-c2ccc(F)cc2)n1,309.3,2.96,57.0,0,4,2,0,0.1633,Cilofexor (GS-9674),FXR
TN1200,[H][C@]12CC[C@]3(C)[C@@H](c4ccc(=O)oc4)[C@@H](OC(C)=O)[C@@]4([H])O[C@@]34[C@]1([H])CC[C@]1(O)C[C@@H](O)CC[C@@]12C=O,472.53,2.09,126.6,2,8,3,0,0.1633,Obeticholic acid (OCA),FXR
T0320,COc1cc2c(c(OC)c1OC)-c1ccc(OC)c(=O)cc1[C@@H](NC(C)=O)CC2,399.44,2.87,83.1,1,6,5,0,0.1630,Denifanstat (TVB-2640),FASN
T0773,Cc1nc(-c2ccc(OCC(C)C)c(C#N)c2)sc1C(=O)O,316.38,3.72,83.2,1,5,5,0,0.1630,Denifanstat (TVB-2640),FASN
T3118,CC1(C)CC(=O)C2=C(C1)NC(=S)NC2c1cccc(O)c1,302.4,2.55,61.4,3,3,1,0,0.1630,VK2809,THR-beta
T3354,CN(C(=O)n1cnc(-c2ccc[n+]([O-])c2)c1)C1CCCCC1,300.36,2.42,65.1,0,3,2,0,0.1630,Denifanstat (TVB-2640),FASN
T4300,COc1nccnc1NS(=O)(=O)c1cccc(Cl)c1Cl,334.18,2.59,81.2,1,5,4,0,0.1630,Cilofexor (GS-9674),FXR
T6309,Cc1cc(Nc2nc(N[C@@H](C)c3ccc(F)cc3)c(C#N)cc2F)n[nH]1,354.36,4.18,89.4,3,5,5,0,0.1630,Denifanstat (TVB-2640),FASN
T5486,Cc1nn(-c2nc3c(Cl)c(Cl)ccc3[nH]2)c(O)c1C1OC(=O)c2ccccc21,415.24,4.33,93.0,2,5,2,0,0.1630,Resmetirom,THR-beta
T7635,CCN1CCCC1CNC(=O)c1c(O)c(Cl)cc(Cl)c1OC,347.24,2.92,61.8,2,4,5,0,0.1630,Denifanstat (TVB-2640),FASN
T8720,COc1cc(Cl)cc(C(C)Nc2cc(N3CCNCC3)ccc2S(C)(=O)=O)c1OC,453.99,3.34,79.9,2,7,7,0,0.1630,Resmetirom,THR-beta
T11209,CCCC(NC(=O)/C(C#N)=C/c1nc(Cl)ccc1Cl)c1ccc(OCCN2CCOCC2)cc1,503.43,4.66,87.5,1,6,10,1,0.1630,BI-1467335,AOC3/VAP-1
T19982,CCON=C(CC)C1=C(O)CC(c2c(C)cc(C)cc2C)CC1=O,329.44,4.67,58.9,1,4,5,0,0.1630,VK2809,THR-beta
T10742,O=c1cc(-c2ccccc2)oc2c(O)c(OCc3ccccc3)cc(O)c12,360.37,4.45,79.9,2,5,4,0,0.1630,VK2809,THR-beta
T12360,Cc1ccc2c(c1)C(=O)[C@]1(O)CCN(c3ccc([N+](=O)[O-])cc3)C1=N2,337.34,2.77,96.0,1,6,2,0,0.1630,Denifanstat (TVB-2640),FASN
T60812,N#CCn1ccnc1SCC(=O)c1ccc2c(c1)OCCO2,315.35,2.15,77.1,0,6,5,0,0.1630,Denifanstat (TVB-2640),FASN
T30252,CCS(=O)(=O)Nc1ccc2c(c1)nc(C(C)(C)C)n2CC1CCC(F)(F)CC1,413.53,4.92,64.0,1,3,5,0,0.1630,Lanifibranor (IVA-337),PPAR-alpha/gamma/delta
T3S1701,COc1cc(/C=C/C(O)=C/C(=O)CCc2ccc(O)c(OC)c2)ccc1O,370.4,3.77,96.2,3,6,8,0,0.1630,VK2809,THR-beta
T23867,Cc1n[nH]cc1-c1cc2[nH]c(CN3CCCC3)nc(=O)c2s1,315.4,2.28,77.7,2,5,3,0,0.1630,Denifanstat (TVB-2640),FASN
T21338,[H][C@@]12CC[C@](O)(C(=O)COC(C)=O)[C@@]1(C)C[C@H](O)[C@@]1([H])[C@@]2([H])C[C@H](C)C2=CC(=O)C=C[C@@]21C,416.51,2.37,100.9,2,6,3,0,0.1630,Obeticholic acid (OCA),FXR
T22638,CCS(=O)(=O)N(Cc1cccnc1)c1cccc(-c2ccc(C#N)cc2)c1,377.47,3.98,74.1,0,4,6,0,0.1630,Denifanstat (TVB-2640),FASN
T79864,CN1CCC[C@]1(C)/C=C/S(=O)(=O)NC(=O)Nc1c2c(cc3c1CCC3)CCC2,403.55,3.11,78.5,2,4,4,0,0.1630,Denifanstat (TVB-2640),FASN
T61072,CC(C)(O)CCc1cccc(C(=O)N2Cc3ccccc3C(O)C2)c1,339.44,3.08,60.8,2,3,4,0,0.1630,Denifanstat (TVB-2640),FASN
TN1973,CC(=O)Oc1ccc([C@@H]2CC(=O)c3c(OC(C)=O)cc(OC(C)=O)cc3O2)cc1,398.37,3.17,105.2,0,8,4,0,0.1630,VK2809,THR-beta
T0907,O=C(O)c1cc(/N=N/c2ccc(S(=O)(=O)Nc3ccccn3)cc2)ccc1O,398.4,3.7,141.3,3,7,6,0,0.1628,Lanifibranor (IVA-337),PPAR-alpha/gamma/delta
T1924,CC(=O)O/N=C1\C(=O)N(Cc2cc(Cl)ccc2Cl)c2ccc(Cl)cc21,397.65,4.46,59.0,0,4,3,0,0.1628,Lanifibranor (IVA-337),PPAR-alpha/gamma/delta
T2365,COc1ccc(Cl)c(Nc2nc3ccccc3nc2NS(=O)(=O)c2cccc(NC(=O)C(C)(C)N)c2)c1,541.03,4.51,148.3,4,8,8,1,0.1628,BI-1467335,AOC3/VAP-1
T2377,Cc1ccc(S(=O)(=O)Nc2nc3ccccc3nc2Nc2ccc3nsnc3c2)cc1,448.53,4.49,109.8,2,8,5,0,0.1628,Lanifibranor (IVA-337),PPAR-alpha/gamma/delta
T2738,[H][C@]12CCC(=C)[C@H](C/C=C3\C=COC3=O)[C@]1(C)CC[C@@H](O)[C@@]2(C)CO,332.44,3.12,66.8,2,4,3,0,0.1628,Obeticholic acid (OCA),FXR
T3219,CC(=O)O[C@H]1CC[C@@]2(C)C(=CC[C@@H]3[C@@H]2CC[C@@]2(C)[C@H]3C[C@H]3O[C@]32C(C)=O)C1,372.51,4.22,55.9,0,4,2,0,0.1628,Obeticholic acid (OCA),FXR
T3316,CC(=O)[C@@]1(O)CC[C@H]2[C@@H]3C[C@H](C)C4=CC(=O)C=C[C@]4(C)[C@@]3(F)[C@@H](O)C[C@@]21C,376.47,2.92,74.6,2,4,1,0,0.1628,Obeticholic acid (OCA),FXR
T6034,O=C(O)CSc1cc(NS(=O)(=O)c2ccc(Br)cc2)c2ccccc2c1O,468.35,4.29,103.7,3,5,6,0,0.1628,Lanifibranor (IVA-337),PPAR-alpha/gamma/delta
T8288,[H][C@]12CCC(=C)[C@@H](CCC3=CCOC3=O)[C@]1(C)CC[C@@H](O)[C@@]2(C)CO,334.46,2.99,66.8,2,4,4,0,0.1628,Obeticholic acid (OCA),FXR
TQ0185,C=C1CCC2C(C)(CO)C(O)CCC2(C)C1CCC1=CCOC1=O,334.46,2.99,66.8,2,4,4,0,0.1628,Obeticholic acid (OCA),FXR
T8332,Cc1c(-c2ccc(-c3ccccc3F)cc2)nc2ccc(F)cc2c1C(=O)[O-],374.37,4.52,53.0,0,3,3,0,0.1628,Lanifibranor (IVA-337),PPAR-alpha/gamma/delta
T11464,Cc1ccc(N)cc1C(=O)N[C@H](C)c1cccc2ccccc12,304.39,4.22,55.1,2,2,3,0,0.1628,Denifanstat (TVB-2640),FASN
TN6738,[H][C@]12CC[C@@]34CO[C@@](O)([C@H](O)C[C@@]3([H])[C@]1(C)CC[C@@]1(C)[C@]3([H])C[C@](C)(C(=O)O)CC[C@]3(C)CC[C@]21C)[C@@H]4C,488.71,5.62,87.0,3,4,1,1,0.1628,Obeticholic acid (OCA),FXR
T9683,Cc1cc(F)ccc1Oc1cc(C(F)(F)F)ccc1C(=O)Nc1ccn(COP(=O)(O)O)c(=O)c1,516.34,4.43,127.1,3,5,7,1,0.1628,BI-1467335,AOC3/VAP-1
T15053,CCOC(=O)C1=C(C)NC(C)=C(C(=O)OCC)C1c1cccc2nonc12,371.39,2.58,103.6,1,8,5,0,0.1628,Denifanstat (TVB-2640),FASN
T37734,O=c1[nH]c2ccc(-n3c(C(F)(F)F)nc4ccc(C(F)(F)F)nc43)cc2s1,404.29,4.36,63.6,1,4,1,0,0.1628,Lanifibranor (IVA-337),PPAR-alpha/gamma/delta
T23446,O=C(NO)c1ccc2[nH]c(=O)c(CCCc3ccccc3)nc2c1,323.35,2.22,95.1,3,4,5,0,0.1628,Lanifibranor (IVA-337),PPAR-alpha/gamma/delta
T27482,CCc1ccc([C@H]2C[C@@H](C(F)(F)F)n3ncc(C(=O)NCc4ccc(F)cn4)c3N2)cc1,447.44,4.57,71.8,2,4,5,0,0.1628,BI-1467335,AOC3/VAP-1
T22798,O=C(/C=C/c1c(C(=O)[O-])[nH]c2cc(Cl)cc(Cl)c12)Nc1ccccc1,374.2,3.49,85.0,2,3,4,0,0.1628,Lanifibranor (IVA-337),PPAR-alpha/gamma/delta
T67865,C=CC(=O)NC1CCN(S(=O)(=O)c2cccc3c(NC(=O)c4ccc(OC)c(OC)c4)cccc23)CC1,523.61,3.56,114.0,2,6,8,1,0.1628,BI-1467335,AOC3/VAP-1
T61831,O=C(O)CCCCCN1C(=O)c2cccc3c(N4CCCCC4)ccc(c23)C1=O,394.47,4.07,77.9,1,4,7,0,0.1628,Lanifibranor (IVA-337),PPAR-alpha/gamma/delta
T83972,Cc1c(C(=O)O)oc2ccc(S(=O)(=O)NCCc3ccccc3)cc12,359.4,2.96,96.6,2,4,6,0,0.1628,Lanifibranor (IVA-337),PPAR-alpha/gamma/delta
T79850,C=CC(=O)N[C@H]1CCOC[C@H]1Nc1ncc2cc(-c3c(F)c(OC)cc(OC)c3F)nc(N3CC(C)(OC)C3)c2n1,570.6,3.08,120.0,2,10,9,1,0.1628,Firsocostat (GS-0976),ACC
T200964,COc1c(Cl)cccc1Nc1c(-c2ccncc2OC[C@@H]2COCCO2)[nH]c2c1C(=O)NCC2,484.94,3.56,106.7,3,7,7,0,0.1628,Firsocostat (GS-0976),ACC
T78575,Cc1ccc(C)c2oc(-c3nc(-c4ccc(C(=O)O)cc4)no3)cc12,334.33,4.46,89.4,1,5,3,0,0.1628,Denifanstat (TVB-2640),FASN
T8418,COc1cc(N2CCN(C)CC2)ccc1Nc1ncc2c(n1)N(C)c1ccccc1C(=O)N2CC(F)(F)F,527.55,4.27,77.1,1,8,5,1,0.1626,Firsocostat (GS-0976),ACC
TQ0058,Cc1c(CN2CCC(Nc3ncnc4sc(CC(F)(F)F)cc34)CC2)ccc2[nH]c(C#N)cc12,484.55,5.53,80.6,2,6,5,1,0.1626,Firsocostat (GS-0976),ACC
T14501,CCn1c(CO)nn(-c2cc(O[C@@H](C)C(F)(F)F)c(C(=O)Nc3c(F)cccc3Cl)cc2F)c1=O,520.84,4.06,98.4,2,5,7,1,0.1626,Firsocostat (GS-0976),ACC
T9346,CC(=O)N1CCc2nc(N3CCC(Oc4ccc(F)cc4F)CC3)c(N[C@@H]3CCOC3)nc2C1,473.52,2.91,79.8,1,7,5,0,0.1626,Firsocostat (GS-0976),ACC
T11798,CC(C)(N)CC(=O)N[C@@H]1CCc2ccccc2N(Cc2ccc(-c3ccccc3-c3nn[nH]n3)cc2)C1=O,509.61,3.63,129.9,3,6,7,1,0.1626,Firsocostat (GS-0976),ACC
T1983,CC(C)(C)OC(=O)Nc1ccc(-c2cc(C(=O)NCCCCCCC(=O)NO)no2)cc1,446.5,3.87,142.8,4,7,10,0,0.1625,BI-1467335,AOC3/VAP-1
T4473,CC(C)(NC(=O)O[C@@H]1CN2CCC1CC2)c1csc(-c2ccc(F)cc2)n1,389.5,4.0,54.5,1,5,4,0,0.1625,BI-1467335,AOC3/VAP-1
T11147,CC[C@H](C)C(=O)N1CCC(NC(=O)Nc2ccc(OC(F)(F)F)c(F)c2)CC1,405.39,3.88,70.7,2,3,5,0,0.1625,BI-1467335,AOC3/VAP-1
T12145L,CCNCCNC(=O)c1c(C)[nH]c(C=C2C(=O)Nc3ccc(F)cc32)c1C,370.43,2.6,86.0,4,3,6,0,0.1625,BI-1467335,AOC3/VAP-1
T16571,COC(=O)C1=C(C)NC(C)=C(C(=O)OC/C=C/c2ccccc2)C1c1cccc([N+](=O)[O-])c1,448.48,4.26,107.8,1,7,7,0,0.1625,BI-1467335,AOC3/VAP-1
T9582,O=C(O)/C=C\C(=O)N1C/C(=C\c2ccccc2Cl)C(=O)/C(=C/c2ccccc2Cl)C1,442.3,4.51,74.7,1,3,4,0,0.1625,Lanifibranor (IVA-337),PPAR-alpha/gamma/delta
T28479,COc1ccc(-n2nc3c4ccc(OC)cc4[nH]cc-3c2=O)cc1,321.34,2.84,69.1,1,4,3,0,0.1625,Resmetirom,THR-beta
T11717,CC(C)OC(=O)[C@H](CCC(=O)C=[N+]=[N-])NC(=O)OC(OC(=O)C(C)(C)C)c1ccccc1,447.49,2.97,144.4,1,7,10,0,0.1625,BI-1467335,AOC3/VAP-1
T24131,Nc1ccccc1NC(=O)c1ccc(-c2cn(CCc3ccsc3)nn2)cc1,389.48,4.08,85.8,2,5,6,0,0.1625,BI-1467335,AOC3/VAP-1
T27357,COC(=O)C1=C(CF)NC(C)=C(C(=O)OC(C)C)C1c1c(F)ccc(Cl)c1C(F)(F)F,467.82,4.81,64.6,1,5,5,0,0.1625,BI-1467335,AOC3/VAP-1
T73447,O=C1CCc2cc(OC[C@H](O)CN3CCN(c4ccc(C(F)(F)F)cc4)CC3)ccc2N1,449.47,3.15,65.0,2,5,6,0,0.1625,BI-1467335,AOC3/VAP-1
T15561,CC1(C)CN(c2ncc(C(=O)Nc3cccc(C(F)(F)F)c3)c(N)n2)C(=O)N1,394.36,2.64,113.2,3,5,3,0,0.1625,BI-1467335,AOC3/VAP-1
T67094,[H][C@@]12CCC3=CC(=O)CC[C@]3(C)[C@@]1([H])C(=O)C[C@]1(C)[C@@H](C(C)=O)CC[C@@]21[H],328.45,3.9,51.2,0,3,1,0,0.1625,Obeticholic acid (OCA),FXR
T1132,CO[C@]12C[C@@H](COC(=O)c3cncc(Br)c3)CN(C)[C@@H]1Cc1cn(C)c3cccc2c13,484.39,3.91,56.6,0,5,4,0,0.1624,Cilofexor (GS-9674),FXR
T1181,COc1cc2ncnc(Nc3ccc(F)c(Cl)c3)c2cc1OCCCN1CCOCC1,446.91,4.28,68.7,1,7,8,0,0.1624,Firsocostat (GS-0976),ACC
T2475,COc1ccc(-c2ccc3c(N4CCOCC4)nc(N4C[C@@H](C)O[C@@H](C)C4)nc3n2)cc1CO,465.55,2.64,93.1,1,9,5,0,0.1624,Firsocostat (GS-0976),ACC
T2655,CNC(=O)c1ccccc1Nc1nc(Nc2ccc3c(c2OC)CCC[C@H](N2CCN(CCO)CC2)C3)ncc1Cl,580.13,3.84,114.9,4,9,9,1,0.1624,Denifanstat (TVB-2640),FASN
T2666,CN(C(=O)c1ccc(F)cc1C(F)(F)F)C1CCN(c2nnc(-c3ccnn3C)c3ccccc23)CC1,512.51,4.93,67.2,0,5,4,1,0.1624,Firsocostat (GS-0976),ACC
T4091,Cn1nccc1Nc1nccc(-c2cc3c(s2)C(C)(C)N(CCN2CCOCC2)C3=O)n1,453.57,2.71,88.4,1,8,6,0,0.1624,Firsocostat (GS-0976),ACC
T6283,COC[C@H]1OC(=O)c2coc3c2[C@@]1(C)C1=C(C3=O)[C@@H]2CCC(=O)[C@@]2(C)C[C@H]1OC(C)=O,428.44,2.54,109.1,0,8,3,0,0.1624,Firsocostat (GS-0976),ACC
T6698,CCOC(=O)[C@H](CCc1ccccc1)N[C@H]1CS[C@H](c2cccs2)CN(CC(=O)O)C1=O,476.62,2.97,95.9,2,7,10,0,0.1624,Firsocostat (GS-0976),ACC
TQ0029,C[C@@H]1CN(CC(=O)N2CC(C)(C)c3nc(CO)c(Cc4ccc(F)cc4)cc32)[C@@H](CN2CCOC[C@H]2C)CN1,539.7,2.31,81.2,2,7,7,1,0.1624,Denifanstat (TVB-2640),FASN
T12477,C[C@H]1CN(c2c(NC(=O)c3ccc(F)c(-c4c(F)cccc4F)n3)cnc3c2CC[C@H]3O)C[C@@H](N)[C@@H]1O,513.52,2.94,124.6,4,7,4,1,0.1624,Cilofexor (GS-9674),FXR
TQ0187,CN(C)CCOc1cc(-c2cn[nH]c2)ccc1NC(=O)C1COc2ccccc2O1,408.46,2.8,88.7,2,6,7,0,0.1624,Firsocostat (GS-0976),ACC
T0245,COc1c(C)c2c(c(O)c1C/C=C(\C)CCC(=O)OCCN1CCOCC1)C(=O)OC2,433.5,2.52,94.5,1,8,9,0,0.1624,Firsocostat (GS-0976),ACC
T16845,CS(=O)(=O)CC(=O)N1CC2(C1)OCc1cc(C3=NO[C@@](c4cc(Cl)c(F)c(Cl)c4)(C(F)(F)F)C3)ccc12,581.37,4.33,85.3,0,6,4,1,0.1624,Cilofexor (GS-9674),FXR
T16856,COc1cc2c(cc1C(F)(F)F)N(C(=O)Nc1cc(F)cc(-c3cccnc3)c1)CC2,431.39,5.51,54.5,1,3,3,1,0.1624,Firsocostat (GS-0976),ACC
T27117,COc1cc(N)c(Cl)cc1C(=O)NCC1CCN(CCCn2ccnn2)CC1,406.92,2.05,98.3,2,6,8,0,0.1624,Firsocostat (GS-0976),ACC
T30584,CC(=O)N1N=C(c2c(-c3ccccc3)c3cc(Cl)ccc3[nH]c2=O)CC1c1ccco1,431.88,5.14,78.7,1,4,3,1,0.1624,Firsocostat (GS-0976),ACC
T11396,Cc1nc[nH]c1CN1CCN(C(=O)N[C@@H](CC(C)C)C(=O)O)[C@@H](Cc2ccccc2)C1=O,441.53,2.18,118.6,3,4,8,0,0.1624,Firsocostat (GS-0976),ACC
T15450,COc1cc(-n2cnc3cc(-c4ccc(Cl)cc4)sc3c2=O)ccc1OCCN1CCCC1,482.01,5.25,56.6,0,6,7,1,0.1624,Firsocostat (GS-0976),ACC
T22875,Cc1ccc2nc(NC(=O)CSc3nc4c(c(=O)n3C)SC(C)C4)sc2c1,418.57,3.47,76.9,1,7,4,0,0.1624,Firsocostat (GS-0976),ACC
T15627,Cc1sc2c(c1C)C(c1ccc(Cl)cc1)=N[C@@H](CC(=O)NCCCN1CCN(C)CC1)c1nnc(C)n1-2,540.14,3.94,78.7,1,7,7,1,0.1624,Cilofexor (GS-9674),FXR
T0112,COc1ccc([C@@H]2Sc3ccccc3N(CCN(C)C)C(=O)[C@@H]2OC(C)=O)cc1,414.53,3.37,59.1,0,6,6,0,0.1622,Firsocostat (GS-0976),ACC
T0163,COC(=O)C1=C(C)NC(C)=C(C(=O)OCC(C)C)C1c1ccccc1[N+](=O)[O-],388.42,3.2,107.8,1,7,6,0,0.1622,BI-1467335,AOC3/VAP-1
T1012,CCCC(=O)Nc1ccc(OCC(O)CNC(C)C)c(C(C)=O)c1,336.43,2.37,87.7,3,5,10,0,0.1622,BI-1467335,AOC3/VAP-1
T1184,O=C(NC[C@H]1CN(c2ccc(N3CCOCC3=O)cc2)C(=O)O1)c1ccc(Cl)s1,435.89,2.52,88.2,1,6,5,0,0.1622,Firsocostat (GS-0976),ACC
T2436,CCCOc1ccn2c(C(C)=O)cc(-c3ccccc3S(C)(=O)=O)c2c1,371.46,4.0,64.8,0,4,6,0,0.1622,BI-1467335,AOC3/VAP-1
T2679,CCCCOc1c(C(=O)c2c(F)cc(C)cc2F)cnc2[nH]ncc12,345.35,3.95,67.9,1,4,6,0,0.1622,BI-1467335,AOC3/VAP-1
T3398,COc1ccc(-c2oc3c(CC=C(C)C)c(O)cc(O)c3c(=O)c2O)cc1,368.39,4.09,100.1,3,6,4,0,0.1622,BI-1467335,AOC3/VAP-1
T6080,Nc1ncnc2c1c(-c1cccc(OCc3ccccc3)c1)cn2[C@H]1C[C@@H](CN2CCC2)C1,439.56,4.92,69.2,1,5,7,0,0.1622,Cilofexor (GS-9674),FXR
T6173,CC[C@@H]1C(=O)N(C)c2cnc(Nc3ccc(C(=O)NC4CCN(C)CC4)cc3OC)nc2N1C1CCCC1,521.67,3.56,102.9,2,8,7,1,0.1622,Denifanstat (TVB-2640),FASN
T6079,Nc1ncnc2c1c(-c1cccc(OCc3ccccc3)c1)cn2C1CC(CN2CCCC2)C1,453.59,5.31,69.2,1,5,7,1,0.1622,Cilofexor (GS-9674),FXR
T2S0663,CCC1=N[C@H]2C[C@@]3(C(=O)N(OC)c4ccccc43)[C@H]3C[C@@H]1[C@@H]2CO3,326.4,2.49,51.1,0,4,2,0,0.1622,Firsocostat (GS-0976),ACC
T7359,CN(C1CCc2c(c3ccccc3n2CC(=O)O)C1)S(=O)(=O)c1ccc(F)cc1,416.47,3.04,79.6,1,3,5,0,0.1622,Firsocostat (GS-0976),ACC
T8574,Cc1ccc(C(=O)Nc2cc(C(F)(F)F)ccc2N2CCOCC2)o1,354.33,3.7,54.7,1,4,3,0,0.1622,BI-1467335,AOC3/VAP-1
T8862,CC1(NC(=O)c2ccc(C#Cc3cccc(F)c3)cn2)COC1,310.33,2.14,51.2,1,3,2,0,0.1622,BI-1467335,AOC3/VAP-1
T10174,O=C(NC[C@@H]1CN(c2ccc(N3CCOCC3=O)cc2)C(=O)O1)c1ccc(Cl)s1,435.89,2.52,88.2,1,6,5,0,0.1622,Firsocostat (GS-0976),ACC
T8932,CC(=O)Nc1c(F)cc(C(=O)N[C@H]2CC[C@H](O)CC2)cc1O[C@@H](C)c1ccccc1,414.48,3.96,87.7,3,4,6,0,0.1622,Firsocostat (GS-0976),ACC
TP2359,O=C(NC(Cc1c[nH]c2ncccc12)C(=O)O)OCC1c2ccccc2-c2ccccc21,427.46,4.1,104.3,3,4,6,0,0.1622,Firsocostat (GS-0976),ACC
T11991,CC(O)(Cn1cncn1)c1ccc(Oc2ccc(Cl)cc2)cc1C(F)(F)F,397.78,4.65,60.2,1,4,5,0,0.1622,BI-1467335,AOC3/VAP-1
T15366,CC(OC(=O)NCC1(CC(=O)O)CCCCC1)OC(=O)C(C)C,329.39,2.68,101.9,2,5,7,0,0.1622,Obeticholic acid (OCA),FXR
T15628,COCCCN(C(=O)CCl)c1nc(-c2ccc(OC)cc2)cs1,354.86,3.43,51.7,0,5,8,0,0.1622,BI-1467335,AOC3/VAP-1
T23323,CN(C)CCOc1cc(NS(=O)(=O)c2c(Cl)cc(C(F)(F)F)cc2Cl)ccc1Cl,491.75,5.41,58.6,1,4,7,1,0.1622,BI-1467335,AOC3/VAP-1
T27026L,Cc1nccn1-c1ccc(Sc2cccc(C3(C(N)=O)CCOCC3)c2)cc1,393.51,3.87,70.1,1,4,5,0,0.1622,Firsocostat (GS-0976),ACC
T26278,CCC(CC)c1cc(C)nc2c(-c3sc(N4CCOCC4)nc3Cl)c(C)nn12,419.98,4.86,55.5,0,6,5,0,0.1622,Firsocostat (GS-0976),ACC
T12384,Cn1c2ccc(NC(=O)c3ccccc3)cc2c(=O)n2nc(C(=O)O)cc12,362.35,2.14,105.7,2,4,3,0,0.1622,BI-1467335,AOC3/VAP-1
T13447,C=CC(=O)N1CCC([C@H]2CCNc3c(C(N)=O)c(-c4ccc(Oc5ccccc5)cc4)nn32)CC1,471.56,4.22,102.5,2,5,6,0,0.1622,Cilofexor (GS-9674),FXR
TQ0039,C=CC(=O)N1CCC(C2CCNc3c(C(N)=O)c(-c4ccc(Oc5ccccc5)cc4)nn32)CC1,471.56,4.22,102.5,2,5,6,0,0.1622,Cilofexor (GS-9674),FXR
T67763,CCn1c2ccccc2c2cc(NC(=O)CSc3nccc(=O)[nH]3)ccc21,378.46,3.63,79.8,2,4,5,0,0.1622,Firsocostat (GS-0976),ACC
T67914,O=C(CSc1nnc(-c2ccncc2)n1-c1ccccc1)c1ccc2c(c1)OCCO2,430.49,4.08,79.1,0,7,6,0,0.1622,Firsocostat (GS-0976),ACC
T67878,Nc1ccccc1NC(=O)c1ccc(NC(=O)Cc2ccc3ccccc3c2)cn1,396.45,4.25,97.1,3,4,5,0,0.1622,BI-1467335,AOC3/VAP-1
T61661,CC(=O)Nc1nc(F)c(CN2CC[C@H](OCc3noc(C)n3)C[C@@H]2C)s1,383.45,2.5,93.4,1,8,6,0,0.1622,Cilofexor (GS-9674),FXR
T60857,C=CC(=O)Nc1cc(C(=O)NC)cc(-c2n[nH]c3ccccc23)c1,320.35,2.71,86.9,3,3,4,0,0.1622,BI-1467335,AOC3/VAP-1
T15351,C=CS(=O)(=O)Nc1ccccc1-c1ccc(C(=O)N2CCC(O)(Cn3cnc4c(cnn4C)c3=O)CC2)cc1,548.63,2.35,139.4,2,7,7,1,0.1622,Denifanstat (TVB-2640),FASN
T62425,O=C(Nc1ccc(OC(F)(F)F)c(F)c1)NC1CCN(C(=O)C2CCOCC2)CC1,433.4,3.26,79.9,2,4,4,0,0.1622,Firsocostat (GS-0976),ACC
T63726,C[C@@H]1CN(c2cccc(NC(=O)c3ccc(NS(=O)(=O)CCO)cc3N3CCC4(CC3)CC4)n2)CCO1,529.66,2.67,124.1,3,8,8,1,0.1622,Denifanstat (TVB-2640),FASN
T62196,COc1cccc2[nH]c3c4c(c5c(c3c12)C(=O)N(CN1CCN(C)CC1)C5=O)CCC4,418.5,2.62,68.9,1,5,3,0,0.1622,Firsocostat (GS-0976),ACC
T87073,Cc1cc(CN(C)C)ccc1-c1cnc(NCc2c(F)ccc3c2CCO3)n2cc(C#N)nc12,456.53,4.32,78.5,1,6,6,0,0.1622,Denifanstat (TVB-2640),FASN
T25528,CN(CC(=O)Nc1ccc(F)c(F)c1F)C(=O)c1ccc2c(c1)OCCO2,380.32,2.59,67.9,1,4,4,0,0.1622,BI-1467335,AOC3/VAP-1
T28223,CCOC(=O)c1c(-c2ccccc2)oc2ccc(Oc3c([N+](=O)[O-])ncn3C)cc12,407.38,4.71,109.6,0,7,6,0,0.1622,Cilofexor (GS-9674),FXR
T16833,COc1ccncc1C(=O)NC(=O)Nc1ccc(-c2ccccc2)c(C(F)(F)F)c1,415.37,4.74,80.3,2,4,4,0,0.1622,Firsocostat (GS-0976),ACC
T79851,Cc1ccc(-c2noc([C@H]3C[C@@H]3F)n2)cc1NC(=O)c1cnc2ccccn12,377.38,3.77,85.3,1,5,4,0,0.1622,Cilofexor (GS-9674),FXR
T3550,C[C@@H](Oc1cc(C(=O)Nc2ccc(C(=O)N3CCN(C)CC3)cc2)nnc1N)c1c(Cl)ccc(F)c1Cl,547.42,4.28,113.7,2,7,6,1,0.1619,Denifanstat (TVB-2640),FASN
T6222,COc1ccccc1S(=O)(=O)Nc1ccc2c(c1)CN(C)C(=O)N2,347.4,2.47,87.7,2,4,4,0,0.1619,Firsocostat (GS-0976),ACC
T6775,Nc1nc(-c2nn(Cc3ccccc3F)c3ncccc23)ncc1C1CC1,360.4,3.54,82.5,1,5,4,0,0.1619,Cilofexor (GS-9674),FXR
T6786,COc1cc(-c2cn(C)c(=O)c3cnccc23)c(OC)cc1CN(C)C,353.42,2.68,56.6,0,5,5,0,0.1619,Firsocostat (GS-0976),ACC
T5092,c1ccc(-c2oc3ncnc(NC[C@@H]4CCCO4)c3c2-c2ccccc2)cc1,371.44,5.15,60.2,1,5,5,1,0.1619,Firsocostat (GS-0976),ACC
T6815,Cc1ccc(Oc2ccnc3cc(-c4cnn(C5CCNCC5)c4)ccc23)cc1,384.48,5.12,52.0,1,4,4,1,0.1619,Cilofexor (GS-9674),FXR
TQ0009,COc1ccc(NC(=O)N2CCN(c3nc(N)nc4c3cnn4C)[C@@H](C)C2)c(C)c1,410.48,2.01,114.4,2,7,3,0,0.1619,Denifanstat (TVB-2640),FASN
T8994,CCC1CCCCN1C(=O)n1ncc(C(O)(c2ccccc2)c2ccccc2)n1,390.49,3.79,71.2,1,4,4,0,0.1619,Firsocostat (GS-0976),ACC
TQ0033,Cc1cccc(F)c1C(=O)Nc1cnc(-c2cc3c(cc2Cl)OC(F)(F)O3)cn1,421.76,4.82,73.3,1,5,3,0,0.1619,Cilofexor (GS-9674),FXR
T13314,CC(C)[C@@](C)(O)[C@@H]1CN(c2nc(-c3n[nH]c4ncccc34)c(F)cc2Cl)CCN1,418.9,3.0,90.0,3,6,4,0,0.1619,Denifanstat (TVB-2640),FASN
T9804,CCN1CCN(Cc2ccc3cc(C(=O)Nc4cc(NC(=O)c5ccc6c(c5)OCCO6)ccc4F)ccc3n2)CC1,569.64,4.79,96.0,2,7,7,1,0.1619,Denifanstat (TVB-2640),FASN
T28124,COc1ccc(-c2nnc(Nc3nc4c(OC)cccc4s3)o2)cc1,354.39,4.11,82.3,1,8,5,0,0.1619,Firsocostat (GS-0976),ACC
T60193,Cc1cc2c(C(N)=O)cccc2n1C1=NC(NCc2ccccc2)=C2CCCN=C2N1,412.5,3.05,96.8,3,5,4,0,0.1619,Denifanstat (TVB-2640),FASN
T10882,O=C1c2ccccc2-c2onc3c(N4CCCCC4)cc(NCCN4CCCC4)c1c23,416.53,4.54,61.6,1,6,5,0,0.1619,Cilofexor (GS-9674),FXR
T9662,O=C1CCc2cc(-c3csc(NC(=O)c4ccc(-n5cnc6ccccc65)cc4)n3)ccc2N1,465.54,5.29,88.9,2,5,4,1,0.1619,Denifanstat (TVB-2640),FASN
T67701,O=C(Nc1ccccc1)Nc1ccc(-c2nc(N3CC4CCC(C3)O4)c3sccc3n2)cc1,457.56,5.37,79.4,2,6,4,1,0.1619,Cilofexor (GS-9674),FXR
T61318,COc1ccccc1S(=O)(=O)Nc1ccc2c(c1)C(=C(C)C)C(=O)N2,358.42,3.24,84.5,2,4,4,0,0.1619,Firsocostat (GS-0976),ACC
T17206,O=C(Cc1ccccc1)Nc1nnc(NC2CCN(c3nnc(NC(=O)Cc4ccccc4)s3)CC2)s1,534.67,3.83,125.0,3,10,9,1,0.1619,Firsocostat (GS-0976),ACC
T61191,O=C(Nc1nccs1)C(c1ccccc1)N1Cc2ccccc2C1=O,349.42,3.48,62.3,1,4,4,0,0.1619,Firsocostat (GS-0976),ACC
T68042,COc1ccc(C2=C(Cc3ccc(OCCN4CCCCC4)cc3)c3ccc(O)cc3OC2)cc1,471.6,5.81,51.2,1,5,8,1,0.1619,VK2809,THR-beta
T77666,OC(CNC1CCN(Cc2ccc(C(F)(F)F)cc2)CC1)COc1ccc2c(c1)OCO2,452.47,3.43,63.2,2,6,8,0,0.1619,VK2809,THR-beta
T37089,[H][C@]12CN(C(=O)c3cc(S(C)(=O)=O)ccc3O[C@H](C)C(F)(F)F)C[C@@]1(c1cc(C(F)(F)F)on1)C2,512.43,3.84,89.7,0,6,5,1,0.1619,Denifanstat (TVB-2640),FASN
T61702,Cn1c2ccccc2c(=O)c2c(=O)n(C3CCCCC3)c(-c3ccccc3)nc21,385.47,4.42,56.9,0,3,2,0,0.1619,Firsocostat (GS-0976),ACC
T83652,O=C(NCc1ccc(-c2ccccn2)cc1)c1n[nH]cc1NC(=O)c1c(Cl)cccc1Cl,466.33,4.96,99.8,3,4,6,0,0.1619,Cilofexor (GS-9674),FXR
T40565,COc1cccc2c(NCCCCCO[N+](=O)[O-])ccnc12,305.33,3.03,86.5,1,6,9,0,0.1619,Firsocostat (GS-0976),ACC
T69663,O=C(CO)N1CCc2[nH]c3c(Cl)c(Cl)cc(-c4cn[nH]c4)c3c2C1,365.22,2.74,85.0,3,3,2,0,0.1619,Cilofexor (GS-9674),FXR
T87217,COc1ccccc1Nc1nc(-c2cnc3ccccn23)cs1,322.39,4.21,51.5,1,5,4,0,0.1619,Firsocostat (GS-0976),ACC
TMS1743,COc1ccc(-c2cc(=O)c3c(O)c(OC)c(OC)cc3o2)cc1,328.32,3.19,78.1,1,6,4,0,0.1618,BI-1467335,AOC3/VAP-1
T7922,CO/N=C(/C(=O)OC)c1ccccc1COc1ccccc1C,313.35,3.1,57.1,0,5,6,0,0.1618,BI-1467335,AOC3/VAP-1
TN1035,COc1ccc(-c2coc3cc(O)c(OC)c(O)c3c2=O)cc1,314.29,2.89,89.1,2,6,3,0,0.1618,BI-1467335,AOC3/VAP-1
T8899,CC(=O)Oc1c(C)cc(OCC(O)CNC(C)C)c(C)c1C,309.41,2.27,67.8,2,5,7,0,0.1618,BI-1467335,AOC3/VAP-1
T12361,CC(=O)Nc1ccc(OC2(C)OC(=O)c3ccccc3O2)cc1,313.31,2.95,73.9,1,5,3,0,0.1618,BI-1467335,AOC3/VAP-1
T27478,COc1ccc(NC2=C(c3ccccc3)C(=O)N(Cc3ccccc3)C2=O)cc1,384.44,4.09,58.6,1,4,6,0,0.1618,BI-1467335,AOC3/VAP-1
T26829,CC(C)(C)C(O)C(Oc1ccc(-c2ccccc2)cc1)n1cncn1,337.42,3.93,60.2,1,4,5,0,0.1618,BI-1467335,AOC3/VAP-1
T10244,O=C(NO)c1cnc(NC2(c3ccccc3)CCC(F)(F)CC2)nc1,348.35,3.11,87.1,3,5,4,0,0.1618,BI-1467335,AOC3/VAP-1
T24793,O=C(Nc1ccc(O)c(C(=O)O)c1)c1ccc(NC(=O)c2ccco2)cc1,366.33,3.19,128.9,4,5,5,0,0.1618,BI-1467335,AOC3/VAP-1
T77753,CC(=NNC(=O)c1cccc(Br)c1)c1ccccn1,318.17,3.0,54.4,1,3,3,0,0.1618,BI-1467335,AOC3/VAP-1
T1961,CNC(=O)c1cccc(-c2ccc3c(N4CCOC[C@@H]4C)nc(N4CCOC[C@@H]4C)nc3n2)c1,462.55,2.5,92.7,1,8,4,0,0.1616,Denifanstat (TVB-2640),FASN
T1998,N#CN/C(=N\c1ccncc1)NCCCCCCOc1ccc(Cl)cc1,371.87,4.02,82.3,2,4,9,0,0.1616,Cilofexor (GS-9674),FXR
T2706,COc1ccc(COc2cc3oc(=O)c4cc(C(C)O)ccc4c3cc2OC)cc1,406.43,4.6,78.1,1,6,6,0,0.1616,VK2809,THR-beta
T4138,COc1ccc(C2C(C#N)=C(N)OC3=C2C(=O)CC(c2cccc4ccccc24)C3)cc1,422.48,5.06,85.3,1,5,3,1,0.1616,Denifanstat (TVB-2640),FASN
T6032,Cc1sc2c(c1C)C(c1ccc(Cl)cc1)=N[C@@H](CC(=O)Nc1ccc(O)cc1)c1nnc(C)n1-2,492.0,5.53,92.4,2,6,4,1,0.1616,Lanifibranor (IVA-337),PPAR-alpha/gamma/delta
T6331,C=CC(=O)Nc1ccc2ncnc(Nc3ccc(OCc4cccc(F)c4)c(Cl)c3)c2c1,448.89,5.87,76.1,2,5,7,1,0.1616,Lanifibranor (IVA-337),PPAR-alpha/gamma/delta
T6939,O=C(/C=C/N1C[C@H]2C[C@@H]1CN2c1ccccn1)c1ccccc1O,321.38,2.45,56.7,1,5,4,0,0.1616,Cilofexor (GS-9674),FXR
T2S2295,[H][C@@]1(O[C@H]2CC[C@@]3(C)[C@]([H])(CC[C@]4([H])[C@]3([H])CC[C@@]3(C)[C@@]4([H])C[C@]4([H])O[C@]5(CC[C@H](C)CO5)[C@@H](C)[C@]34[H])C2)O[C@H](CO)[C@H](O)[C@H](O)[C@H]1O,578.79,3.62,117.8,4,8,3,1,0.1616,Obeticholic acid (OCA),FXR
T7581,CC(C)n1nccc1-c1ncccc1COc1cccc(O)c1C=O,337.38,3.62,77.2,1,5,6,0,0.1616,VK2809,THR-beta
T12345,CCN(CC)c1ccc(-c2nc3cc(C(=O)NC)ccc3n2Cc2ccn(CC)n2)cn1,431.54,3.57,80.9,1,5,8,0,0.1616,Lanifibranor (IVA-337),PPAR-alpha/gamma/delta
T14909,Cc1cnc(C(=O)c2ncnc3[nH]ccc23)c(NS(=O)(=O)c2ccc(Cl)c(C(F)(F)F)c2)c1,495.87,4.37,117.7,2,6,5,0,0.1616,Lanifibranor (IVA-337),PPAR-alpha/gamma/delta
T9459,COC(=O)N1CCN(C(=O)Cc2ccc(Cl)c(Cl)c2)[C@H](CN2CCCC2)C1,414.33,2.91,53.1,0,4,4,0,0.1616,VK2809,THR-beta
T17186,Cc1c(S(=O)(=O)Nc2ccc(-c3nc(C(=O)O)cs3)cc2S(C)(=O)=O)sc2ccc(F)cc12,526.61,4.37,130.5,2,8,6,1,0.1616,Lanifibranor (IVA-337),PPAR-alpha/gamma/delta
T22810,COC(=O)N1CCN(C(=O)Cc2ccc(Cl)c(Cl)c2)C(CN2CCCC2)C1,414.33,2.91,53.1,0,4,4,0,0.1616,VK2809,THR-beta
T12531,N#CC1(c2ccccn2)CCN(Cc2cc(C(=O)O)c(=O)n3ccccc23)CC1,388.43,2.45,98.7,1,5,4,0,0.1616,Denifanstat (TVB-2640),FASN
T73560,CC(C)c1ccccc1-c1ncc2[nH]c(=O)n(Cc3ccc(-c4nc(C(F)(F)F)cn4C)cc3)c2n1,492.51,5.38,81.4,1,4,5,1,0.1616,Resmetirom,THR-beta
T77761,Cn1c(=O)c([N+](=O)[O-])c(N2CCN(C(c3ccc(F)cc3)c3ccc(F)cc3)CC2)c2nc(C#N)ccc21,516.51,3.9,108.3,0,7,5,1,0.1616,Denifanstat (TVB-2640),FASN
T20620,CCSC(C)CC1CC(=O)C(/C(CC)=N/OC/C=C/Cl)=C(O)C1,359.92,4.84,58.9,1,5,9,0,0.1616,VK2809,THR-beta
T81289,CNC(=O)c1ccc(NCC#Cc2cc3c(N[C@@H]4CCN(C)C[C@@H]4F)cccc3n2CC(F)(F)F)c(OC)c1,545.58,4.49,70.6,3,5,7,1,0.1615,Firsocostat (GS-0976),ACC
T0683,CC[C@H](C)C(=O)O[C@H]1CCC=C2C=C[C@H](C)[C@H](CC[C@@H]3C[C@@H](O)CC(=O)O3)[C@H]21,390.52,3.95,72.8,1,5,6,0,0.1613,Obeticholic acid (OCA),FXR
T1617,CCN1CCN(c2cc3c(cc2F)c(=O)c(C(=O)O)cn3C2CC2)CC1,359.4,2.32,65.8,1,4,4,0,0.1613,Denifanstat (TVB-2640),FASN
T1909,O=c1[nH]c2cc(Cl)ccc2c(O)c1-c1cccc(Oc2ccccc2)c1,363.8,5.35,62.3,2,3,3,1,0.1613,VK2809,THR-beta
T1980,CCOC(=O)C1=C(N)Oc2ccc(Br)cc2C1C(C#N)C(=O)OCC,409.24,2.36,111.6,1,7,5,0,0.1613,Denifanstat (TVB-2640),FASN
T1988,C[C@H](Nc1ncnc2nc[nH]c12)c1cc2cccc(Cl)c2c(=O)n1-c1ccccc1,416.87,4.48,88.5,2,5,4,0,0.1613,Resmetirom,THR-beta
T2106,CN1CCN(Cc2ccc(NC(=O)Cc3ccc(Oc4cc(NC(=O)C5CC5)ncn4)cc3)cc2C(F)(F)F)CC1,568.6,4.56,99.7,2,7,9,1,0.1613,BI-1467335,AOC3/VAP-1
T2281,CONC(=O)c1ccccc1Nc1cc(Nc2cc(C)nn2C(C)C)ncc1Cl,414.9,4.6,93.1,3,6,7,0,0.1613,Resmetirom,THR-beta
T2358,Cc1cc(Nc2cc(N3CCN(C)CC3)nc(/C=C/c3ccccc3)n2)n[nH]1,375.48,3.17,73.0,2,6,5,0,0.1613,Denifanstat (TVB-2640),FASN
T4338,CS(=O)(=O)c1ccc(NC(=O)c2cc(C#N)c(Sc3c(Cl)cncc3Cl)s2)cc1,484.41,5.13,99.9,1,7,5,1,0.1613,Lanifibranor (IVA-337),PPAR-alpha/gamma/delta
T6950,COc1cc(OC)c(NC(=O)Nc2cc(C)on2)cc1Cl,311.73,3.3,85.6,2,5,4,0,0.1613,Cilofexor (GS-9674),FXR
T7642,CN(C(=O)CCCOc1ccc2[nH]c(=O)ccc2c1)C1CCCCC1,342.44,3.48,62.4,1,3,6,0,0.1613,Denifanstat (TVB-2640),FASN
T7703,Cc1nnc(NC(=O)c2nc(S(=O)(=O)Cc3ccc(F)cc3)ncc2Cl)s1,427.87,2.66,114.8,1,8,5,0,0.1613,Lanifibranor (IVA-337),PPAR-alpha/gamma/delta
T17258,CCNS(=O)(=O)c1ccc(COc2ccc3nc4ccc(=O)cc-4oc3c2)cc1,410.45,3.17,98.5,1,6,6,0,0.1613,Lanifibranor (IVA-337),PPAR-alpha/gamma/delta
TN6909,C=C(C[C@@H](O)[C@](C)(O)[C@H]1CC[C@]2(O)C3=CC(=O)[C@@H]4C[C@@H](O)[C@@H](O)C[C@]4(C)[C@H]3CC[C@]12C)C(C)C,476.65,2.91,118.2,5,6,5,0,0.1613,Obeticholic acid (OCA),FXR
T9742,C=CCn1c(N[C@@H]2C[C@H](c3ccc(OCc4ccccc4)cc3)CN(C)C2)nc2cc[nH]c2c1=O,469.59,4.39,75.2,2,5,8,0,0.1613,Firsocostat (GS-0976),ACC
TQ0103,CCO[C@@H]1CN([C@H]2CC[C@](O)(c3ccc4c(c3)OCO4)CC2)C[C@H]1NC(=O)CNC(=O)c1cccc(C(F)(F)F)c1,577.6,3.2,109.4,3,7,8,1,0.1613,Cilofexor (GS-9674),FXR
T22022,Oc1cccnc1NC(c1ccc(Cl)cc1)c1ccc2cccnc2c1O,377.83,4.9,78.3,3,5,4,0,0.1613,VK2809,THR-beta
T60004,CS(=O)(=O)NCC1CCCN(c2ncnc3ccc(C(F)(F)F)cc23)C1,388.42,2.41,75.2,1,5,4,0,0.1613,Lanifibranor (IVA-337),PPAR-alpha/gamma/delta
T60144,O=C(/N=c1\scc(CO)n1Cc1ccccc1)c1c[nH]c2ncccc12,364.43,2.71,83.3,2,4,4,0,0.1613,Lanifibranor (IVA-337),PPAR-alpha/gamma/delta
T64326,O=C(C[C@H](NC(=O)OCc1ccccc1)C(=O)O)OCc1ccccc1,357.36,2.5,101.9,2,5,8,0,0.1613,BI-1467335,AOC3/VAP-1
T60757,COc1ccc2c(c1)NC(=O)CN2c1nc(C)nc2c1CCC2,310.36,2.37,67.3,1,5,2,0,0.1613,Denifanstat (TVB-2640),FASN
T11129L,C[C@@H](Nc1ncnc2nc[nH]c12)c1cc2cccc(Cl)c2c(=O)n1-c1ccccc1,416.87,4.48,88.5,2,5,4,0,0.1613,Resmetirom,THR-beta
T64394,O=C(NCc1ccncc1)c1cnc(Nc2cccc(Cl)c2)nc1C(F)(F)F,407.78,4.22,79.8,2,5,5,0,0.1613,Lanifibranor (IVA-337),PPAR-alpha/gamma/delta
T26873,[H][C@]12CCC[C@@H](C)N1CC[C@H](NC(=O)c1cc(Cl)c(N)cc1O)C2,337.85,2.76,78.6,3,4,2,0,0.1613,Denifanstat (TVB-2640),FASN
T39321,CCOCc1cnc(Cl)nc1Oc1ccc2c(ccc3sc4c(c32)NC[C@@H](C)NC4=O)n1,469.95,4.77,98.3,2,8,5,0,0.1613,Firsocostat (GS-0976),ACC
T24948,CCC(=O)N1c2ccc(S(=O)(=O)Nc3cccc(OC)c3)cc2CC1C,374.46,3.18,75.7,1,4,5,0,0.1613,Lanifibranor (IVA-337),PPAR-alpha/gamma/delta
T84916,C#CCOc1ccc(CCNC(=O)C(OCC#C)c2ccc(Cl)cc2)cc1OC,411.89,3.41,56.8,1,4,10,0,0.1613,Lanifibranor (IVA-337),PPAR-alpha/gamma/delta
T63624,CC[C@@]1(O)C(=O)OCc2c1cc1n(c2=O)Cc2c-1nc1cc(F)c(C)c3c1c2[C@@H](NC(=O)C1(O)CC1)CC3,519.53,2.16,130.8,3,7,3,1,0.1613,Cilofexor (GS-9674),FXR
TYD-02007,Cc1ccc(S(=O)(=O)CC(CS(=O)(=O)c2ccc(C)cc2)C(=O)c2ccc(C(=O)O)cc2)cc1,500.59,3.75,122.6,1,6,9,1,0.1613,BI-1467335,AOC3/VAP-1
T6664,COc1nc(-c2ccc3c(c2)OCO3)n(-c2ccc(NC(=O)CSc3ccccc3)cc2)n1,460.52,4.4,87.5,1,7,7,0,0.1610,Firsocostat (GS-0976),ACC
T9472,O=C(NC(Cc1cc(=O)[nH]c2ccccc12)C(=O)OCCN1CCOCC1)c1ccc(Cl)cc1,483.95,2.4,100.7,2,6,8,0,0.1610,Firsocostat (GS-0976),ACC
T13747,COc1ccc2c(Cc3ccccc3F)c3n(c(=O)c2c1OC)CCc1cc2c(cc1-3)OCO2,459.47,4.7,58.9,0,5,4,0,0.1610,Firsocostat (GS-0976),ACC
T66580,CCOc1nc2cccc(C(=O)OC)c2n1Cc1ccc(-c2ccccc2-c2noc(=O)[nH]2)cc1,470.49,4.28,112.2,1,7,7,0,0.1610,Firsocostat (GS-0976),ACC
T62304,CCCC[C@H](Cc1c[nH]c2ccccc12)NC(=O)c1cnc(N2CCN(C)CC2)s1,425.6,3.91,64.3,2,5,8,0,0.1610,Firsocostat (GS-0976),ACC
T38599,Cc1nc2[nH]nc(C)n2c(=O)c1CC(=O)Nc1ncc(Cc2ccccc2F)s1,412.45,2.4,105.0,2,6,5,0,0.1610,Firsocostat (GS-0976),ACC
T3357,CCC(=O)O[C@]1(C(=O)CO)CC[C@H]2[C@@H]3CCC4=CC(=O)CC[C@]4(C)[C@H]3CC[C@@]21C,402.53,3.77,80.7,1,5,4,0,0.1609,Obeticholic acid (OCA),FXR
T4380,COCCNC(=O)Nc1ccc2nc(-c3cccs3)c(-c3cccs3)nc2c1,410.52,4.85,76.1,2,6,6,0,0.1609,Lanifibranor (IVA-337),PPAR-alpha/gamma/delta
T6584,CCCCCCCc1ccc(CCc2cccc(O)c2C(=O)O)cc1,340.46,5.39,57.5,2,2,10,1,0.1609,VK2809,THR-beta
T6S0525,Cc1c(O)c(C)c2c(c1O)C(=O)C[C@@H](c1ccc(O)cc1)O2,300.31,3.13,87.0,3,5,1,0,0.1609,VK2809,THR-beta
T5119,O=C(OC1CCCCC1)c1ccccc1C(=O)OC1CCCCC1,330.42,4.67,52.6,0,4,4,0,0.1609,Firsocostat (GS-0976),ACC
T7512,O=c1oc(-c2ccc(C(F)(F)F)cc2)nn1Cc1cc(Cl)ccc1O,370.71,3.93,68.3,1,4,3,0,0.1609,Lanifibranor (IVA-337),PPAR-alpha/gamma/delta
T16349,O=C(Nc1ccc(C2=NCCN2)cc1)c1ccc(C(=O)Nc2ccc(C3=NCCN3)cc2)c(Cl)c1,486.96,3.54,107.0,4,6,6,0,0.1609,Denifanstat (TVB-2640),FASN
T14965,N#C/C(C(=O)c1ccc(Cl)cc1Cl)=C1/NC(=O)c2ccc(Cl)cc2N1,392.63,4.42,82.0,2,4,2,0,0.1609,Denifanstat (TVB-2640),FASN
T9121,Cc1ccccc1-c1ccc(-c2cc(C(=O)O)c3c(c2)nnn3C)cc1,343.39,4.31,68.0,1,3,3,0,0.1609,Denifanstat (TVB-2640),FASN
T12154,CCNCc1cc(Nc2ccnc3cc(Cl)ccc23)ccc1O,327.82,4.45,57.2,3,4,5,0,0.1609,Lanifibranor (IVA-337),PPAR-alpha/gamma/delta
T20000,O=C(O)c1ccc(-c2nc(-c3ccccc3)c(-c3ccccc3)[nH]2)cc1,340.38,5.11,66.0,2,2,4,1,0.1609,Cilofexor (GS-9674),FXR
T36287,COc1ccc(F)cc1C(=O)NCc1ccc(-c2nn([C@@H](C)C(F)(F)F)c(N)c2C(N)=O)cc1,479.43,3.43,125.3,3,5,7,0,0.1609,BI-1467335,AOC3/VAP-1
T28352,C[C@H](Nc1nc2c(cnn2C2CCCC2)c(=O)[nH]1)c1ccc(Cl)cc1,357.85,4.06,75.6,2,4,4,0,0.1609,Resmetirom,THR-beta
T21946,CC(C)n1c(=O)n(C(=O)N[C@H]2C[C@H]3CC[C@@H](C2)N3C)c2ccccc21,342.44,2.57,59.3,1,3,2,0,0.1609,Denifanstat (TVB-2640),FASN
T11299,C=CCn1cc(-c2ccc(NC(=O)Nc3cc(C(C)(C)C)on3)cc2)c2c(N)ncnc21,431.5,4.8,123.9,3,6,5,0,0.1609,BI-1467335,AOC3/VAP-1
T67927,Cc1ccccc1Oc1cc(-n2c(=O)cc(C(F)(F)F)[nH]c2=O)c2ccccc2c1Cl,446.81,5.45,64.1,1,3,3,1,0.1609,Resmetirom,THR-beta
T1835,C=CC(=O)N1CCC[C@@H](n2nc(-c3ccc(Oc4ccccc4)cc3)c3c(N)ncnc32)C1,440.51,4.22,99.2,1,6,5,0,0.1607,Cilofexor (GS-9674),FXR
T2142,COC(=O)[C@@H]1[C@H]2C[C@H]3c4[nH]c5ccccc5c4CCN3C[C@@H]2CC[C@@H]1O,354.45,2.65,65.6,2,4,1,0,0.1607,Firsocostat (GS-0976),ACC
T3483,Cc1c(C2=CCN(C(=O)N(C)C(C)C)CC2)nnn1-c1cccnc1F,358.42,2.66,67.2,0,4,3,0,0.1607,Firsocostat (GS-0976),ACC
T4429,[H][C@]12CC[C@H](O)[C@@H](C(=O)OC)[C@@]1([H])C[C@@]1([H])c3[nH]c4ccccc4c3CCN1C2,354.45,2.65,65.6,2,4,1,0,0.1607,Firsocostat (GS-0976),ACC
T6055,Cn1cc(CNCC2CCN(c3ncc(C(=O)NO)cn3)CC2)c2ccccc21,394.48,2.09,95.3,3,6,6,0,0.1607,Firsocostat (GS-0976),ACC
TCS2185,[H][C@@]12CC[C@H](O)[C@H](C(=O)OC)[C@@]1([H])C[C@@]1([H])c3[nH]c4ccccc4c3CCN1C2,354.45,2.65,65.6,2,4,1,0,0.1607,Firsocostat (GS-0976),ACC
T8561,Cc1ncc([N+](=O)[O-])n1CCOC(=O)NC(Nc1ncccn1)C(Cl)(Cl)Cl,438.66,2.42,137.1,2,8,7,0,0.1607,Firsocostat (GS-0976),ACC
T13279L,Cc1cc(C)c(CNC(=O)c2cc(Cl)c3c(c2C)O[C@@](C)(C2CCC(N(C)C)CC2)O3)c(=O)[nH]1,488.03,4.49,83.7,2,5,5,0,0.1607,Cilofexor (GS-9674),FXR
T22889,COc1ccc(C2CC(c3c(O)cc(C)oc3=O)=NCCS2)c(OC)c1,375.45,3.34,81.3,1,7,4,0,0.1607,Firsocostat (GS-0976),ACC
TQ0282,COc1ccccc1Oc1c(NS(=O)(=O)c2ccc(C)cn2)nc(-c2ccncc2)nc1OC,479.52,3.85,125.4,1,9,8,0,0.1607,Firsocostat (GS-0976),ACC
T67742,CC1(C)C(=O)N(c2ccc3c(cnn3-c3ccc(F)cc3)c2)[C@H](c2ccccc2)[C@H]1NC(=O)C1CC1,482.56,5.17,67.2,1,3,5,1,0.1607,Cilofexor (GS-9674),FXR
T27753,COc1ccc(CCNCCC(=O)N2CCCSc3ccccc32)cc1OC,400.54,3.76,50.8,1,5,8,0,0.1607,Firsocostat (GS-0976),ACC
T38759,O=C(CC12CCC(C(=O)O)(CC1)C2)N1CCc2c(n(Cc3ccc(F)cc3)c3ncccc23)C1,461.54,4.53,75.4,1,3,5,0,0.1607,Cilofexor (GS-9674),FXR
T34541,CCCOc1ccc2c(c1)[C@@H](c1ccc(OC)cc1OCC(=O)O)[C@H](C(=O)O)[C@H]2c1ccc2c(c1)OCO2,520.53,4.65,120.8,2,7,10,1,0.1607,Cilofexor (GS-9674),FXR
T68060,CC1=C(C(=O)OCCN(C)Cc2ccc(F)cc2)C(c2cccc3c2OCO3)C(C(=O)OC(C)C)=C(C)N1,524.59,4.42,86.3,1,8,9,1,0.1607,VK2809,THR-beta
T33422,O=C(NC1CC1)c1cn(-c2cccc(C#Cc3ccc[n+]([O-])c3)c2)c2ncccc2c1=O,422.44,2.31,90.9,1,4,3,0,0.1607,Cilofexor (GS-9674),FXR
T73415,COc1cccc(CNc2nc(N3CCC(c4cccnc4)C3)nc3cc(OC)ccc23)c1,441.54,4.65,72.4,1,7,7,0,0.1607,Cilofexor (GS-9674),FXR
T68090,CC(C)Cn1c(=O)n(C)c(=O)c2[nH]c(CCN3CCN(C(c4ccccc4)c4ccccc4)CC3)nc21,500.65,3.03,79.2,1,5,8,1,0.1607,Firsocostat (GS-0976),ACC
T62973,Cc1cc(N(C)C(=O)[C@H]2CC[C@H](Oc3cccc(CO)c3)CC2)ccc1CN1CCN[C@@H](C)C1,465.64,3.88,65.0,2,5,7,0,0.1607,VK2809,THR-beta
T207086,CCC(CC)COC(=O)c1ccccc1C(=O)OCC(CC)CC,334.46,4.87,52.6,0,4,10,0,0.1607,BI-1467335,AOC3/VAP-1
T70332,[H][C@]12C[C@@H](Oc3ccc(C(F)(F)F)cn3)[C@]([H])(C1)N(C(=O)c1cccc(F)c1-c1ncccn1)C2([2H])[2H],460.43,4.38,68.2,0,5,4,0,0.1607,Cilofexor (GS-9674),FXR
T0711,O=C(Nc1ccc([N+](=O)[O-])cc1Cl)c1cc(Cl)ccc1O,327.12,3.86,92.5,2,4,3,0,0.1605,Lanifibranor (IVA-337),PPAR-alpha/gamma/delta
T2748,CC12CCC(=O)C=C1CCC1C2CCC2(C)C1CC[C@]2(O)C(=O)CO,346.47,2.81,74.6,2,4,2,0,0.1605,Obeticholic acid (OCA),FXR
T6256,Cc1ccc(NC(=O)C(=O)NC2CC(C)(C)NC(C)(C)C2)cc1,317.43,2.36,70.2,3,3,2,0,0.1605,Denifanstat (TVB-2640),FASN
T4S1943,C[C@@]1(CO)C[C@@H](O)C[C@@]2(C)[C@@H]3CC[C@](C)([C@@H](O)CO)C=C3CC[C@H]12,338.49,2.25,80.9,4,4,3,0,0.1605,Obeticholic acid (OCA),FXR
T5040,CC(=O)[C@@]1(O)CC[C@H]2[C@@H]3C[C@H](C)C4=CC(=O)CC[C@]4(C)[C@H]3CC[C@@]21C,344.5,4.08,54.4,1,3,1,0,0.1605,Obeticholic acid (OCA),FXR
T7706,CC(CNS(=O)(=O)C(C)C)c1ccc(-c2ccc(C#N)cc2)cc1,342.46,3.66,70.0,1,3,6,0,0.1605,Denifanstat (TVB-2640),FASN
T8350,Cc1ccc(S(=O)(=O)N[C@@H](Cc2ccccc2)C(=O)CCl)cc1,351.86,2.69,63.2,1,3,7,0,0.1605,Lanifibranor (IVA-337),PPAR-alpha/gamma/delta
T22808,COc1ccc(CNC(=O)C=Cc2ccc3[nH]cc(CCN(C)C)c3c2)cc1,377.49,3.61,57.4,2,3,8,0,0.1605,BI-1467335,AOC3/VAP-1
T60919,O=C(Nc1ccc([N+](=O)[O-])c(Cl)c1)c1cc(Cl)ccc1O,327.12,3.86,92.5,2,4,3,0,0.1605,Lanifibranor (IVA-337),PPAR-alpha/gamma/delta
T62714,CC(C)(O)CCn1cc2cc(NC(=O)c3cccc(C(F)(F)F)n3)c(C(C)(C)O)cc2n1,450.46,4.09,100.3,3,5,6,0,0.1605,BI-1467335,AOC3/VAP-1
T61793,O=S(=O)(Nc1nc2ccccc2nc1Nc1cccc(O)c1)c1ccccc1,392.44,3.88,104.2,3,6,5,0,0.1605,Lanifibranor (IVA-337),PPAR-alpha/gamma/delta
T28548,CC(C)N1CCN(S(=O)(=O)c2ccc(NC(=O)c3ccc(C(F)(F)F)cc3[N+](=O)[O-])cc2)CC1,500.5,3.58,112.9,1,6,6,1,0.1605,BI-1467335,AOC3/VAP-1
T13997,CCCCOC(=O)CN1CCC(NC(=O)c2cc(Cl)c(N)cc2OC)CC1,397.9,2.47,93.9,2,6,8,0,0.1605,BI-1467335,AOC3/VAP-1
T13221,C[C@@H](NC(=O)c1cccc(-c2cnc(-c3cc4ccccc4cn3)[nH]2)c1)c1ccc(F)cc1,436.49,5.92,70.7,2,3,5,1,0.1605,BI-1467335,AOC3/VAP-1
T15663,Cc1cc(C=NNC(=O)c2cc(Br)c(O)c(Br)c2)c(C)n1-c1cccc([N+](=O)[O-])c1,536.18,5.0,109.8,2,5,5,1,0.1605,BI-1467335,AOC3/VAP-1
T86545,Cc1cc(NC(=O)[C@H](O)c2cc(F)cc(F)c2)ccc1-c1cnc(N)c(C(=O)NC(C)C)c1,454.48,3.73,117.3,4,5,6,0,0.1605,BI-1467335,AOC3/VAP-1
T0371,COc1ccc2c(c1)C(=O)N(CCc1ccc(S(=O)(=O)NC(=O)NC3CCCCC3)cc1)C(=O)C2(C)C,527.64,3.52,121.9,2,6,7,1,0.1604,Denifanstat (TVB-2640),FASN
T1734,COCCCOc1ccnc(CSc2nc3ccccc3[nH]2)c1C,343.45,3.97,60.0,1,5,8,0,0.1604,Firsocostat (GS-0976),ACC
T1843,CCOc1cc(N2CCC(O)CC2)ccc1Nc1ncc2c(n1)N(C)c1ccccc1C(=O)N2C,474.57,3.94,94.1,2,8,5,0,0.1604,Denifanstat (TVB-2640),FASN
T1994,CS(=O)(=O)N1CCN(Cc2cc3nc(-c4cccc5[nH]ncc45)nc(N4CCOCC4)c3s2)CC1,513.65,2.15,107.5,1,9,5,1,0.1604,Denifanstat (TVB-2640),FASN
T3435,COC[C@@H](c1ccc(C(F)(F)F)cc1)N1CCN(C2(C)CCN(C(=O)c3c(C)ncnc3C)CC2)C[C@@H]1C,533.64,4.5,61.8,0,6,6,1,0.1604,Denifanstat (TVB-2640),FASN
T6771,Cc1noc(C)c1-c1ccc(-c2cc(C(N)=O)c(NC(N)=O)s2)c(O[C@H]2CCNC2)c1,441.51,3.02,145.5,4,7,6,0,0.1604,Denifanstat (TVB-2640),FASN
T3387,[H][C@]12CC=C3[C@]4([H])C[C@@](C)(C(=O)OC)CC[C@]4(C(=O)O)CC[C@@]3(C)[C@]1(C)CC[C@]1([H])[C@]2(C)C[C@H](O)[C@H](O)[C@@]1(C)CO,532.72,4.33,124.3,4,6,3,1,0.1604,Aramchol,SCD1
T19431,COc1cc([C@@H]2Oc3cc4oc(=O)ccc4cc3O[C@H]2CO)cc(OC)c1O,386.36,2.39,107.6,2,8,4,0,0.1604,Firsocostat (GS-0976),ACC
T23348,O=C(CCCCN1CCOCC1)Nc1ccc(-c2cccnc2)cc1,339.44,3.19,54.5,1,4,7,0,0.1604,Firsocostat (GS-0976),ACC
T11997,COC(=O)c1ccc2c(c1)/C(=C(/Nc1ccc(N(C)C(=O)CN3CCN(C)CC3)cc1)c1ccccc1)C(=O)N2,539.64,3.62,94.2,2,7,7,1,0.1604,Denifanstat (TVB-2640),FASN
T9595,COc1cc(C(=O)c2cc(NS(C)(=O)=O)cc(-c3cccc4[nH]ccc34)c2)ccn1,421.48,3.84,101.1,2,5,6,0,0.1604,Cilofexor (GS-9674),FXR
T9706,C=CC(=O)N1CCC[C@@H](n2nc(-c3ccc(Oc4ccccc4)cc3)c3c(N)n[nH]c(=O)c32)C1,456.51,3.51,119.1,2,6,5,0,0.1604,Denifanstat (TVB-2640),FASN
T35856,CC(C)C[C@](C)(N)COc1ccc(-c2ccnc(C(F)F)c2)nc1C(F)F,385.41,5.16,61.0,1,4,8,1,0.1604,Firsocostat (GS-0976),ACC
T16483,C[C@H](c1ccc(F)cc1)N(Cc1cccc(C(=O)O)c1)C(=O)c1cnc2ccccc2c1,428.46,5.48,70.5,1,3,6,1,0.1604,Cilofexor (GS-9674),FXR
T22033,COc1ccccc1N1CCN(CCN2C(=O)c3ccccc3C(C)(C)C2=O)CC1,407.51,2.78,53.1,0,5,5,0,0.1604,Firsocostat (GS-0976),ACC
T9770,O=C(CN1CCOCC1)Nc1ccc(OC2CCN(C3CCC3)CC2)cc1,373.5,2.35,54.0,1,5,6,0,0.1604,Firsocostat (GS-0976),ACC
T23602,O=C1C2CN(Cc3ccc(Cl)cc3)CCN2C(=O)N1OC(=O)N1CCOc2ccccc21,456.89,2.74,82.6,0,6,3,0,0.1604,VK2809,THR-beta
T10837,NC(=O)C1(N2CCCCC2)CCN(CCCN2c3ccccc3CCc3ccc(Cl)cc32)CC1,481.08,4.77,52.8,1,4,6,0,0.1604,Cilofexor (GS-9674),FXR
T60057,Cc1cc(NC(=O)CSc2ncnc3sc(C)c(C)c23)no1,334.43,3.34,80.9,1,7,4,0,0.1604,Firsocostat (GS-0976),ACC
T60127,CNC(=O)c1cc(Cl)cc(C)c1NC(=O)c1cc(Br)nn1-c1ncccc1Cl,483.15,4.26,88.9,2,4,4,0,0.1604,Cilofexor (GS-9674),FXR
T36395,Cn1cc(-c2cc(S(C)(=O)=O)ccc2OCC2CC2)c2ccccc2c1=O,383.47,3.4,65.4,0,4,5,0,0.1604,Firsocostat (GS-0976),ACC
T67907,NC(=O)c1cnc(Nc2cccc(NC(=O)[C@H]3CCCNC3)c2)cc1NCc1cc(F)cc(F)c1,480.52,3.75,121.2,5,6,8,0,0.1604,Denifanstat (TVB-2640),FASN
T21128,Cc1c(OCC(F)(F)F)ccnc1CSc1nc2ccccc2[nH]1,353.37,4.5,50.8,1,4,5,0,0.1604,Firsocostat (GS-0976),ACC
T38428,COc1cc(Nc2ncc3c(n2)-c2ccc(Cl)cc2C(c2c(F)cccc2OC)=NC3)ccc1C(=O)[O-],517.92,4.41,108.8,1,8,6,1,0.1604,Lanifibranor (IVA-337),PPAR-alpha/gamma/delta
TN2334,COc1cc(C2Oc3ccc(-c4cc(=O)c5c(O)cc(O)cc5o4)cc3OC2CO)ccc1O,464.43,3.46,138.8,4,9,4,0,0.1604,VK2809,THR-beta
T0325,O=C(Nc1ccccc1)OCC(CN1CCCCC1)OC(=O)Nc1ccccc1,397.48,4.34,79.9,2,5,7,0,0.1600,Firsocostat (GS-0976),ACC
T0999,CCCC(=O)OCOC(=O)C1=C(C)NC(C)=C(C(=O)OC)C1c1cccc(Cl)c1Cl,456.32,4.25,90.9,1,7,7,0,0.1600,BI-1467335,AOC3/VAP-1
T1991,Cc1cc(F)c(Nc2ncnc3cc(OCc4ccccc4)ccc23)cc1O,375.4,5.11,67.3,2,5,5,1,0.1600,VK2809,THR-beta
T2030,O=C(O)C(=O)c1cn(Cc2ccccc2)c2ccc(-c3ccc(OC(F)(F)F)cc3)cc12,439.39,5.52,68.5,1,3,6,1,0.1600,BI-1467335,AOC3/VAP-1
T2313,Cc1cc(N2CCOCC2)ccc1Nc1nc(NC2CCCCC2)c2nc[nH]c2n1,407.52,3.99,91.0,3,7,5,0,0.1600,Denifanstat (TVB-2640),FASN
T2412,O=C(Nc1ccccc1-c1cn2c(CN3CCNCC3)csc2n1)c1cnc2ccccc2n1,469.57,3.66,87.5,2,7,5,0,0.1600,Lanifibranor (IVA-337),PPAR-alpha/gamma/delta
T2452,CC1=NN(c2ccc(C(=O)O)cc2)C(=O)/C1=C\c1ccc(-c2cc(C)c(C)cc2[N+](=O)[O-])o1,445.43,4.98,126.2,1,6,5,0,0.1600,Denifanstat (TVB-2640),FASN
T2628,COc1ccc(C2=C(N3CCOCC3)C(=O)N(c3ccc(Cl)c(Cl)c3)C2=O)cc1,433.29,3.62,59.1,0,5,4,0,0.1600,Cilofexor (GS-9674),FXR
T3546,O=C(O)c1ccc2c3c1cccc3c(=O)n1c3ccccc3nc21,314.3,3.29,71.7,1,3,1,0,0.1600,Firsocostat (GS-0976),ACC
T6053,CC(C)OC(=O)C1=CN(C(=O)c2ccc(F)c(F)c2)CC(C)(C)c2c1[nH]c1ccccc21,438.47,5.17,62.4,1,3,3,1,0.1600,Denifanstat (TVB-2640),FASN
T6634,COc1ccc(OC)c(C2C(C#N)=C(N)Oc3n[nH]c(-c4ccc5ccccc5c4)c32)c1,424.46,4.47,106.2,2,6,4,0,0.1600,Denifanstat (TVB-2640),FASN
T4650,COc1ccc(S(=O)(=O)Nc2cc(-c3c(O)ccc4ccccc34)c(O)c3ccccc23)cc1,471.53,5.88,95.9,3,5,5,1,0.1600,BI-1467335,AOC3/VAP-1
T5045,CC(C)(C)OC(=O)CN(Cc1ccc(Cl)cc1)Cc1ccc([N+](=O)[O-])s1,396.9,4.65,72.7,0,6,7,0,0.1600,BI-1467335,AOC3/VAP-1
TQ0121,Cc1ncsc1-c1ccc(CNC(=O)[C@@H]2C[C@@H](O)CN2C(=O)[C@@H](NC(=O)C2(C#N)CC2)C(C)(C)C)cc1,523.66,2.53,135.4,3,7,7,1,0.1600,Firsocostat (GS-0976),ACC
T7318,C[C@@H]1COCCN1c1cc(-c2ccnn2C)c2ccnc(-c3ccn[nH]3)c2n1,375.44,2.65,84.8,1,6,3,0,0.1600,Denifanstat (TVB-2640),FASN
T8966,O=C(NCCN1CCC2(CC1)C(=O)NCN2c1cccc(F)c1)c1ccc(F)c(F)c1,432.45,2.26,64.7,2,4,5,0,0.1600,Denifanstat (TVB-2640),FASN
T8997,COCCCC1CCCCN1C(=O)Oc1ccc([N+](=O)[O-])cc1,322.36,3.37,81.9,0,5,6,0,0.1600,BI-1467335,AOC3/VAP-1
T5348,CC(C)=CCc1c(O)cc(O)c2c(=O)c(O)c(-c3ccc(C(F)(F)F)cc3)oc12,406.36,5.1,90.9,3,5,3,1,0.1600,BI-1467335,AOC3/VAP-1
T9533,Cc1c(C(C)C)c(=O)n(-c2ccc(S(=O)(=O)NCCOc3ccccc3)cc2)n1C,429.54,2.97,82.3,1,4,8,0,0.1600,BI-1467335,AOC3/VAP-1
T12987,CCC(C)(C)C(=O)OC1=C(c2ccc(Cl)cc2Cl)C(=O)OC12CCCCC2,411.33,5.94,52.6,0,4,4,1,0.1600,VK2809,THR-beta
T10693,CCOc1cc(F)c(Cl)cc1C(=O)NCC(C)(C)CC(=O)Nc1c(COC)n2n(c1=O)-c1ccccc1CCC2,573.07,4.71,103.6,2,5,10,1,0.1600,BI-1467335,AOC3/VAP-1
T27499,COc1ncc(-c2ccc3nc(N)n(-c4ccc(N5CCOCC5)cc4)c3c2)cc1S(=O)(=O)Nc1ccccc1F,574.64,4.45,124.6,2,8,7,1,0.1600,Firsocostat (GS-0976),ACC
T9692,N#Cc1cccc(-c2ccc3ncc(-c4cc(F)cc(F)c4)c(N4CCC(N)CC4)c3c2)c1O,456.5,5.35,86.2,2,5,3,1,0.1600,Denifanstat (TVB-2640),FASN
T9893,C[C@@H](N)Cc1cc(C#N)c2c(c1)CCN2CCCOC(=O)c1ccccc1,363.46,3.06,79.4,1,5,7,0,0.1600,Denifanstat (TVB-2640),FASN
T9812,COc1cc(-c2ccnc3cc(-c4ccc(C)cc4)nn23)cc(OC)c1OC,375.43,4.4,57.9,0,5,5,0,0.1600,Firsocostat (GS-0976),ACC
T18640,Cc1ncsc1-c1ccc(CNC(=O)[C@@H]2C[C@@H](O)CN2C(=O)[C@@H](NC(=O)CCCCN)C(C)(C)C)cc1,529.71,2.36,137.7,4,7,10,1,0.1600,Firsocostat (GS-0976),ACC
T6719,C[C@@H]1COC(Nc2ccc3ncnc(Nc4ccc(OCc5nccs5)c(Cl)c4)c3c2)=N1,466.95,5.25,93.6,2,9,6,1,0.1600,Lanifibranor (IVA-337),PPAR-alpha/gamma/delta
T62209,CCCn1c(NC(=O)c2cccc(C(N)=O)c2)nc2ccc(CN3CCCCC3)cc21,419.53,3.78,93.2,2,4,7,0,0.1600,Denifanstat (TVB-2640),FASN
T12321,O=[N+]([O-])c1ccc(Oc2ccc3c(c2)CCC(c2ccccc2)O3)nc1,348.36,4.85,74.5,0,5,4,0,0.1600,VK2809,THR-beta
T12596,CN1CC/C(=N\O)c2ccn(CCCCN3CCC(C(=O)c4ccc(F)cc4)CC3)c2C1=O,454.55,3.66,78.1,1,5,7,0,0.1600,Denifanstat (TVB-2640),FASN
T69644,NC(=O)c1ccc(-c2cnn3ccc(NCc4ccncc4)nc23)cc1,344.38,2.5,98.2,2,5,5,0,0.1600,BI-1467335,AOC3/VAP-1
T63119,COc1ccc(C(C)=O)c(Oc2ccc(NC(=O)/C=C/c3cc(OC)c(OC)c(OC)c3)cc2)c1,477.51,5.37,92.3,1,7,10,1,0.1600,BI-1467335,AOC3/VAP-1
T65427,CCC(C)n1ncn(-c2ccc(N3CCN(c4ccc(O)cc4)CC3)cc2)c1=O,393.49,3.04,66.5,1,5,5,0,0.1600,Firsocostat (GS-0976),ACC
T64108,CCC(CC)S(=O)(=O)c1ccc(S(=O)(=O)N2CCC[C@@H](C(=O)N3CCN(c4nc(C(C)C)no4)CC3)C2)cc1,581.76,2.9,134.0,0,9,9,1,0.1600,Lanifibranor (IVA-337),PPAR-alpha/gamma/delta
T31057,CCOc1ccc2[nH]cc(C(=O)NCc3ccccc3)c(=O)c2n1,323.35,2.25,84.1,2,4,5,0,0.1600,BI-1467335,AOC3/VAP-1
T88070,COCCn1c(-c2ccc(-n3c(C)nn(C)c3=O)cc2)cc2cc(C(F)(F)F)cc(C(=O)Nc3nnc(C)s3)c21,571.59,4.58,108.9,1,7,7,1,0.1600,Firsocostat (GS-0976),ACC
T12401,CCN1C(=O)N(c2c(F)c(OC)cc(OC)c2F)Cc2c[nH]c3nc(CN4CCOCC4)cc-3c21,487.51,3.61,83.2,1,6,6,0,0.1597,Firsocostat (GS-0976),ACC
T13324,COc1cc(C(=O)N(CCC2CCCN2C)C/C(C)=C/c2ccccc2F)cc(OC)c1OC,470.59,4.88,51.2,0,5,10,0,0.1597,Firsocostat (GS-0976),ACC
T50093,CC(Sc1nnc(C2CC2)n1-c1ccccc1)C(=O)Nc1sc2c(c1C(N)=O)CCC2,453.59,3.91,102.9,2,6,7,0,0.1597,Firsocostat (GS-0976),ACC
T10285,CNS(=O)(=O)c1ccccc1Nc1nc(Nc2ccc(N3CCN(C)CC3)cc2OC)ncc1Br,562.49,3.39,111.7,3,9,8,1,0.1597,Firsocostat (GS-0976),ACC
T9697,COc1nn(-c2cnccn2)cc1C(=O)Nc1cccc(-c2nncn2C(C)C)n1,405.42,2.16,125.5,1,8,6,0,0.1597,Firsocostat (GS-0976),ACC
T27475,CCn1ncc2c(NC3CCOCC3)c(-c3nnc(Cc4sc(C)nc4C)o3)cnc21,439.55,3.76,103.8,1,9,6,0,0.1597,Firsocostat (GS-0976),ACC
T23124,CCOC(=O)c1c(C)[nH]c2ccc3c(c12)CN1CCc2cc(OC)ccc2C1O3,392.46,4.11,63.8,1,5,3,0,0.1597,Firsocostat (GS-0976),ACC
T2264,Cc1c(C(=O)NN2CCOCC2)nn(-c2ccc(Cl)cc2Cl)c1-c1ccc(I)cc1,557.22,4.74,59.4,1,4,4,1,0.1596,Lanifibranor (IVA-337),PPAR-alpha/gamma/delta
T2473,CCCS(=O)(=O)Nc1ccc(F)c(C(=O)c2c[nH]c3ncc(Cl)cc23)c1F,413.83,3.88,91.9,2,4,6,0,0.1596,Lanifibranor (IVA-337),PPAR-alpha/gamma/delta
T3857,COc1ccc([C@H]2OC[C@H]3[C@@H]2CO[C@@H]3c2cc(OC)c(OC)c(OC)c2)cc1OC,416.47,3.8,64.6,0,7,7,0,0.1596,Firsocostat (GS-0976),ACC
T4358,[H][C@](Nc1ccc(C#N)c(Cl)c1C)(c1nnc(-c2ccc(C#N)cc2)o1)[C@H](C)O,393.83,3.98,118.8,2,7,5,0,0.1596,Denifanstat (TVB-2640),FASN
T5173,O=C(/C=C/c1cncc(F)c1)c1c(-c2ccccc2)c2cc(Cl)ccc2[nH]c1=O,404.83,5.28,62.8,1,3,4,1,0.1596,Lanifibranor (IVA-337),PPAR-alpha/gamma/delta
T7177,Oc1cc2c(cc1O)CN(C(=S)NCCc1ccc(Cl)cc1)CCC2,376.91,3.62,55.7,3,3,3,0,0.1596,VK2809,THR-beta
T7292,CC(C)Nc1cc(-c2csc(N(C)C(=O)c3ccc(F)cc3)n2)ncn1,371.44,3.84,71.0,1,6,5,0,0.1596,Denifanstat (TVB-2640),FASN
T13098,O=C(Cn1cc(S(=O)(=O)N2CCCC2)ccc1=O)c1ccc(-c2cccc(C(F)(F)F)c2)cc1,490.5,4.2,76.5,0,4,6,0,0.1596,Lanifibranor (IVA-337),PPAR-alpha/gamma/delta
TN1610,[H][C@]12CO[C@H](c3cc(OC)c(OC)c(OC)c3)[C@@]1([H])CO[C@@H]2c1ccc(OC)c(OC)c1,416.47,3.8,64.6,0,7,7,0,0.1596,Firsocostat (GS-0976),ACC
T19323,CC(=O)Oc1ccc2c(c1)Oc1cc(OC(C)=O)ccc1C21OC(=O)c2ccccc21,416.39,4.11,88.1,0,7,2,0,0.1596,Cilofexor (GS-9674),FXR
T11375,COc1ncc(Cl)cc1S(=O)(=O)Nc1ccc(F)c(C#Cc2cnc(N)nc2)c1F,451.84,2.59,120.1,2,7,4,0,0.1596,Lanifibranor (IVA-337),PPAR-alpha/gamma/delta
T35557,O=C(NCCO)c1ccc2c(c1)nc(Nc1cccc(Cl)c1)c1ccncc12,392.85,3.9,87.1,3,5,5,0,0.1596,Lanifibranor (IVA-337),PPAR-alpha/gamma/delta
T10435,Cc1cccc(C)c1CNc1cc(C(=O)NCCO)cn2c(C)c(C)nc12,366.47,2.9,78.7,3,4,6,0,0.1596,Denifanstat (TVB-2640),FASN
T38485L,CC1(C)OC[C@@H](C(=O)O)N1C(=O)CNC(=O)OCC1c2ccccc2-c2ccccc21,424.45,2.57,105.2,2,5,5,0,0.1596,Denifanstat (TVB-2640),FASN
T17042,N#Cc1c(-c2cccs2)nc(SCc2cccc(CC(=O)O)c2)[nH]c1=O,383.45,3.29,106.8,2,6,6,0,0.1596,Lanifibranor (IVA-337),PPAR-alpha/gamma/delta
T67953,Cc1cc(NCCN2CCN(C(c3ccccc3)c3ccccc3)CC2)c([N+](=O)[O-])c(C)n1,445.57,4.43,74.5,1,6,8,0,0.1596,Denifanstat (TVB-2640),FASN
T1175,CCN(CC)CCNC(=O)c1cc(Br)c(N)cc1OC,344.25,2.11,67.6,2,4,7,0,0.1594,BI-1467335,AOC3/VAP-1
T1320,CC(C)N(CCC(C(N)=O)(c1ccccc1)c1ccccn1)C(C)C,339.48,3.36,59.2,1,3,8,0,0.1594,BI-1467335,AOC3/VAP-1
T6714,NC(=O)c1cccc(-c2cccc(OC(=O)NC3CCCCC3)c2)c1,338.41,3.87,81.4,2,3,4,0,0.1594,BI-1467335,AOC3/VAP-1
T5338,C/C(=N\NC(=O)c1ccc(C)c(Br)c1)c1ccc(O)cc1O,363.21,3.32,81.9,3,4,3,0,0.1594,BI-1467335,AOC3/VAP-1
T8007,COc1ccc(CN2C(=O)C(=O)c3cc(OC(F)(F)F)ccc32)cc1,351.28,3.32,55.8,0,4,4,0,0.1594,BI-1467335,AOC3/VAP-1
T13009,COc1cc(/C=C/c2ccc(NC(=O)/C=C/c3cc(OC)c(OC)c(OC)c3)cc2)cc(OC)c1,475.54,5.55,75.3,1,6,10,1,0.1594,BI-1467335,AOC3/VAP-1
T7946,O=C(Nc1cc(C(F)(F)F)cc(C(F)(F)F)c1)c1cc(Cl)ccc1OP(=O)(O)O,463.65,5.1,95.9,3,3,4,1,0.1594,BI-1467335,AOC3/VAP-1
T15304,O=C(O)COCCOCCNC(=O)OCC1c2ccccc2-c2ccccc21,385.42,2.64,94.1,2,5,10,0,0.1594,BI-1467335,AOC3/VAP-1
T22674,Cc1ccc(CC2(O)CCN(CCOc3ccc(O)cc3)CC2)cc1,341.45,3.15,52.9,2,4,6,0,0.1594,BI-1467335,AOC3/VAP-1
T68147,COc1ccc(NS(=O)(=O)c2c(F)c(F)c(F)c(F)c2F)cc1NC(N)=O,411.31,2.68,110.5,3,4,5,0,0.1594,BI-1467335,AOC3/VAP-1
T27106,Cc1ccsc1-c1ccc(C(=O)Nc2c(C)cc(CO)cc2C)o1,341.43,4.68,62.5,2,4,4,0,0.1594,BI-1467335,AOC3/VAP-1
T24530,COC(=O)c1cc2c(C(F)(F)F)cc(-c3ccccc3)cc2n1O,335.28,4.35,51.5,1,3,2,0,0.1594,BI-1467335,AOC3/VAP-1
TN4617,COc1cc(/C=C/C(=O)NCCc2ccc(O)c(OC)c2)ccc1O,343.38,2.49,88.0,3,5,7,0,0.1594,BI-1467335,AOC3/VAP-1
T1796,CCNC1(C(N)=O)CCN(c2ncnc3c2nc(-c2ccccc2Cl)n3-c2ccc(Cl)cc2)CC1,510.43,4.22,102.0,2,6,6,1,0.1593,Cilofexor (GS-9674),FXR
T2372,Cc1ccc(C(=O)Nc2ccc(CN3CCN(C)CC3)c(C(F)(F)F)c2)cc1C#Cc1cnc2cccnn12,532.57,4.46,65.8,1,5,4,1,0.1593,Denifanstat (TVB-2640),FASN
T2457,O=C(Nc1nc2ccccc2n1CCN1CCOCC1)c1cccc([N+](=O)[O-])c1,395.42,2.53,102.5,1,6,6,0,0.1593,Firsocostat (GS-0976),ACC
T2913,COc1cc2c(c(OC)c1OC)-c1c(cc3c(c1OC)OCO3)C[C@H](C)[C@](C)(O)[C@H]2OC(=O)c1ccccc1,536.58,4.96,101.9,1,9,6,1,0.1593,Cilofexor (GS-9674),FXR
T4451,C[C@]12CC[C@@H]3c4ccc(OC(=O)N(CCCl)CCCl)cc4CC[C@H]3[C@@H]1CC[C@@H]2OP(=O)([O-])[O-],518.37,4.04,102.0,0,6,7,1,0.1593,Cilofexor (GS-9674),FXR
T6258,COc1nc(C)cnc1NS(=O)(=O)c1cccnc1-c1ccc(-c2nnco2)cc1,424.44,2.71,133.0,1,9,6,0,0.1593,Firsocostat (GS-0976),ACC
T6280,Cn1cc(C2=C(c3cn(C4CCN(Cc5ccccn5)CC4)c4ccccc34)C(=O)NC2=O)c2ccccc21,515.62,4.93,72.2,1,4,5,1,0.1593,Firsocostat (GS-0976),ACC
T6824,O=C(Nc1nccs1)C(c1cc(F)ccc1O)N1Cc2ccccc2C1=O,383.4,3.32,82.5,2,5,4,0,0.1593,Firsocostat (GS-0976),ACC
T6854,COc1cccc(-n2c(=O)[nH]c3cc(Cl)n(-c4ccc(-c5cccc(OC)c5O)cc4)c3c2=O)c1,489.92,4.51,98.5,2,5,5,0,0.1593,Firsocostat (GS-0976),ACC
TQ0131,COc1ccc([C@@]23Oc4cc(OC)cc(OC)c4[C@@]2(O)[C@H](O)[C@H](C(=O)N(C)C)[C@H]3c2ccccc2)cc1,505.57,3.05,97.7,2,7,6,1,0.1593,Firsocostat (GS-0976),ACC
T15405,CNC(=O)N1CCc2c(c(N3CCCc4cc(-c5cnn(C)c5)c(C(F)F)cc43)nn2C2CCOCC2)C1,525.6,4.35,80.5,1,5,4,1,0.1593,Denifanstat (TVB-2640),FASN
TQ0217,COc1cc2c(c(OC)c1OC)-c1c(cc3c(c1OC)OCO3)[C@H](OC(=O)c1ccccc1)[C@@](C)(O)[C@@H](C)C2,536.58,4.96,101.9,1,9,6,1,0.1593,Cilofexor (GS-9674),FXR
T9584,O=C1COc2cc(C(=O)N(Cc3ccc(C(=O)Nc4ccncn4)cc3)C3CC3)ccc2N1,443.46,2.86,113.5,2,6,6,0,0.1593,Cilofexor (GS-9674),FXR
T15781,COc1ncccc1-c1cnn2ccc(N3CCN(C(=O)OC(C)C)CC3)nc12,396.45,2.47,85.1,0,7,4,0,0.1593,Firsocostat (GS-0976),ACC
T9621,COc1ccccc1Oc1c(Cl)nc(-c2ccncc2)nc1NS(=O)(=O)c1ccc(C)cn1,483.94,4.5,116.2,1,8,7,0,0.1593,Firsocostat (GS-0976),ACC
T9855,N#C[C@H]1CC(F)(F)CN1C(=O)CNC(=O)c1csc(Cc2ccc(Cl)c(Cl)c2)n1,459.31,3.53,86.1,1,5,5,0,0.1593,Cilofexor (GS-9674),FXR
T22345,[H][C@]1(c2ccccn2)COc2c(-c3c(C)noc3C)ccc3[nH]c(=O)n1c23,348.36,2.98,85.9,1,5,2,0,0.1593,Firsocostat (GS-0976),ACC
T60219,c1ccc([C@H]2CN(c3cc(O[C@H]4C[C@@H](n5cccn5)C4)ncn3)CCO2)cc1,377.45,3.03,65.3,0,6,5,0,0.1593,Firsocostat (GS-0976),ACC
TQ0313,Cc1nc2cnc3ccc(C#Cc4cccnc4)cc3c2n1-c1ccc(C(C)(C)C#N)cc1,427.51,5.48,67.4,0,4,2,1,0.1593,Firsocostat (GS-0976),ACC
TQ0131L,COc1ccc([C@]23Oc4cc(OC)cc(OC)c4[C@@]2(O)[C@@H](O)[C@@H](C(=O)N(C)C)[C@@H]3c2ccccc2)cc1,505.57,3.05,97.7,2,7,6,1,0.1593,Firsocostat (GS-0976),ACC
T71797,COc1cc(-c2nnc(SCC(=O)Nc3ccc4c(c3)OCCO4)o2)cc(OC)c1OC,459.48,3.26,114.2,1,10,8,0,0.1593,Firsocostat (GS-0976),ACC
T63439,Cc1noc(-c2ccc(-c3ccc(C4(C(=O)[O-])CC4)cc3)cc2)c1NC(=O)O[C@H](C)c1ccccc1,481.53,5.41,104.5,1,6,7,1,0.1593,Firsocostat (GS-0976),ACC
T4S0094,COc1cc(O)c2c(=O)cc(-c3ccc(O)c(O)c3)oc2c1,300.27,2.59,100.1,3,6,2,0,0.1591,VK2809,THR-beta
T4572,C[C@@H]1C[C@H]2[C@@H]3CCC4=CC(=O)C=C[C@]4(C)[C@@]3(F)[C@@H](O)C[C@]2(C)[C@H]1C(=O)CO,376.47,2.78,74.6,2,4,2,0,0.1591,Obeticholic acid (OCA),FXR
T7425,Cc1cc(CSc2ccccc2C(=O)NCCNc2ccc(C(F)(F)F)cc2[N+](=O)[O-])on1,480.47,5.04,110.3,2,7,9,1,0.1591,BI-1467335,AOC3/VAP-1
T5618,O=C(Nc1cccc([N+](=O)[O-])c1)c1cccc(S(=O)(=O)N2CCCCCC2)c1,403.46,3.41,109.6,1,5,5,0,0.1591,Lanifibranor (IVA-337),PPAR-alpha/gamma/delta
T14916,NS(=O)(=O)c1ccc(Nc2nc(-c3cccc(-c4ccccc4)c3)c3nc[nH]c3n2)cc1,442.5,4.08,126.6,3,6,5,0,0.1591,Lanifibranor (IVA-337),PPAR-alpha/gamma/delta
TN6722,CC1(C)CC[C@]2(C(=O)O)CC[C@]3(C)C(=CC[C@@H]4[C@@]5(C)C[C@@H](O)[C@H](O)[C@@](C)(CO)[C@@H]5[C@H](O)C[C@]43C)[C@@H]2C1,504.71,4.15,118.2,5,5,2,1,0.1591,Obeticholic acid (OCA),FXR
T16838,CC1(C)CC[C@]2(CO)C(=C3C=C[C@@H]4[C@@]5(C)CC[C@H](O)[C@@](C)(CO)[C@@H]5CC[C@@]4(C)[C@]3(C)C[C@@H]2O)C1,472.71,5.0,80.9,4,4,2,1,0.1591,Obeticholic acid (OCA),FXR
T9295,C[C@](N)(c1ccc(F)cc1)c1cnc(N2CCN(c3ncnn4cc(-c5cnn(CCO)c5)cc34)CC2)nc1,528.6,2.06,126.5,2,9,7,1,0.1591,BI-1467335,AOC3/VAP-1
T9984,Clc1cccc(Nc2nc(NCc3ccco3)c3ccccc3n2)c1,350.81,5.23,63.0,2,5,5,1,0.1591,Lanifibranor (IVA-337),PPAR-alpha/gamma/delta
T11178L,O=C1NCCCCC1N(Cc1ccc(Br)cc1)S(=O)(=O)c1ccc(Cl)cc1,471.8,3.96,66.5,1,3,5,0,0.1591,Lanifibranor (IVA-337),PPAR-alpha/gamma/delta
T11070,CC(C)(C)OC(=O)N1CCN(C(=O)n2ncc(-c3ccc(OC(F)(F)F)cc3)n2)C(Cc2ccccc2)C1,531.54,4.98,89.8,0,6,4,1,0.1591,BI-1467335,AOC3/VAP-1
T73151,N#Cc1c2c(c(Nc3ccccc3)n3c1nc1ccccc13)CCCC2,338.41,4.98,53.1,1,3,2,0,0.1591,Denifanstat (TVB-2640),FASN
T5449,CCCn1c(=O)c(CCCOC(=O)NC)nc2ccccc21,303.36,2.1,73.2,1,4,6,0,0.1591,Lanifibranor (IVA-337),PPAR-alpha/gamma/delta
T11070L,CC(C)(C)OC(=O)N1CCN(C(=O)n2cc(-c3ccc(OC(F)(F)F)cc3)nn2)C(Cc2ccccc2)C1,531.54,4.98,89.8,0,6,4,1,0.1591,BI-1467335,AOC3/VAP-1
TN1728,[H][C@]12CC[C@]3(C)[C@@H](c4ccc(=O)oc4)CC[C@]3(O)[C@]1([H])CC[C@]1(O)C[C@@H](O)CC[C@@]12C=O,416.51,2.54,108.0,3,6,2,0,0.1591,Obeticholic acid (OCA),FXR
T124460,COc1ccc(-c2cc(=O)c3c(O)c(O)c(O)cc3o2)cc1,300.27,2.59,100.1,3,6,2,0,0.1591,VK2809,THR-beta
TN2169,[H][C@]12C=CC3=C4CC(C)(C)CC[C@]4(CO)[C@H](O)C[C@@]3(C)[C@]1(C)CC[C@]1([H])[C@]2(C)CC[C@H](O)[C@@]1(C)CO,472.71,5.0,80.9,4,4,2,1,0.1591,Obeticholic acid (OCA),FXR
T60886,Cc1cc2c(C(N)=O)c(N)n(-c3c(C)ccc(O)c3C)c2nc1C,324.38,2.65,107.2,3,4,2,0,0.1591,Denifanstat (TVB-2640),FASN
T1777,COC(=O)c1ccc2c(c1)NC(=O)/C2=C(\Nc1ccc(N(C)C(=O)CN2CCN(C)CC2)cc1)c1ccccc1,539.64,3.62,94.2,2,7,7,1,0.1589,Denifanstat (TVB-2640),FASN
T2501,C=CC(=O)Nc1cc2c(Nc3ccc(F)c(Cl)c3)ncnc2cc1OCCCN1CCOCC1,485.95,4.39,88.6,2,7,9,0,0.1589,Lanifibranor (IVA-337),PPAR-alpha/gamma/delta
T3646,COC(=O)c1ccc([C@H]2c3[nH]c4ccccc4c3C[C@H](C(=O)OC)N2C(=O)CCl)cc1,440.88,3.21,88.7,1,5,4,0,0.1589,Cilofexor (GS-9674),FXR
T7414,C=CC(=O)N1CC(N2CCN(C(=O)CNc3cc(C4(C)CC4)c(Cl)cc3O)CC2)C1,432.95,2.05,76.1,2,5,6,0,0.1589,Cilofexor (GS-9674),FXR
T7951,N#Cc1cc(-c2ncnc(Nc3ccc(N4CCN(C5COC5)CC4)cc3)n2)ccc1OC1CCOCC1,513.6,3.23,108.7,1,10,7,1,0.1589,Denifanstat (TVB-2640),FASN
T17208,CC(C)N1CCC(N2CCCN(c3cccc(C(=O)Nc4ccncc4)n3)CC2)CC1,422.58,3.11,64.6,1,6,5,0,0.1589,Cilofexor (GS-9674),FXR
T14494,CN1Cc2cc(Cl)ccc2-n2c(nnc2C2CCC(Oc3ccccn3)CC2)C1,409.92,4.37,56.1,0,5,3,0,0.1589,Cilofexor (GS-9674),FXR
T9561,COC(=O)c1ccc([C@@H]2c3[nH]c4ccccc4c3C[C@@H](C(=O)OC)N2C(=O)CCl)cc1,440.88,3.21,88.7,1,5,4,0,0.1589,Cilofexor (GS-9674),FXR
T17228,COc1cc(C(=O)c2cnc(-c3c[nH]c4ccccc34)[nH]2)cc(OC)c1OC,377.4,3.81,89.2,2,5,6,0,0.1589,Firsocostat (GS-0976),ACC
T11155,[H][C@@]12Cc3c([nH]c4ccccc34)[C@@H](c3cccc(O)c3)N1C(=O)N(Cc1ccccc1)C2=O,423.47,4.35,76.6,2,3,3,0,0.1589,Cilofexor (GS-9674),FXR
T14198,N[C@@H](COC(c1cccc(F)c1)c1ccccc1OCc1ccccc1)C(=O)O,395.43,3.92,81.8,2,4,9,0,0.1589,Firsocostat (GS-0976),ACC
T33421,COC(=O)c1c(Cl)cccc1-c1ccc(C(C)NC(=O)C2(NC(=O)C(F)(F)F)CC2)c(F)c1,486.85,4.32,84.5,2,4,6,0,0.1589,VK2809,THR-beta
T71740,CCCC1(c2ccccc2)NC(=O)N(CC(=O)N(C)Cc2c(F)cccc2Cl)C1=O,431.9,3.68,69.7,1,3,7,0,0.1589,Cilofexor (GS-9674),FXR
T62338,C[C@H](Oc1cccc(Cl)c1Cl)C(=O)Nc1ccc2oc(-c3ccncc3)nc2c1,428.28,5.6,77.2,1,5,5,1,0.1589,Cilofexor (GS-9674),FXR
T62190,COc1ccc(COc2ncc(Cc3ccnc(-c4cnn(C)c4)n3)cc2OC)nc1,418.46,2.85,97.1,0,8,8,0,0.1589,Cilofexor (GS-9674),FXR
T2051,Cc1ccc(NC(=O)Nc2nnc(Sc3ncnc4cc(OCCCN5CCOCC5)ccc34)s2)cc1,537.67,4.69,114.4,2,10,9,1,0.1587,Firsocostat (GS-0976),ACC
T11184,CCc1nc(C(N)=O)c(Nc2ccc(N3CCC(N4CCN(C)CC4)CC3)c(OC)c2)nc1N[C@H]1CC[C@H](OC)CC1,580.78,3.48,121.1,3,10,10,1,0.1587,Firsocostat (GS-0976),ACC
T20563,CC(C)[C@H](NS(=O)(=O)c1ccc(-c2ccc(Br)cc2)cc1)C(=O)O,412.31,3.5,83.5,2,3,6,0,0.1587,BI-1467335,AOC3/VAP-1
T26878,CC(C)(C)c1cc(-c2csc(CN)n2)cc(C(C)(C)C)c1O,318.49,4.57,59.1,2,4,2,0,0.1587,BI-1467335,AOC3/VAP-1
T88334,COCCn1c(-c2ccc(-n3c(C)nn(C)c3=O)cc2)cc2cc(C(F)(F)F)cc(C(=O)Nc3cccc(OC)n3)c21,580.57,4.82,105.2,1,6,8,1,0.1587,Firsocostat (GS-0976),ACC
T0388,COCCOC(=O)C1=C(C)NC(C)=C(C(=O)OC/C=C/c2ccccc2)C1c1cccc([N+](=O)[O-])c1,492.53,4.28,117.0,1,8,10,0,0.1585,BI-1467335,AOC3/VAP-1
T1457,O=C(O)c1ccc(-n2nc(-c3ccccc3O)nc2-c2ccccc2O)cc1,373.37,3.71,108.5,3,5,4,0,0.1585,Denifanstat (TVB-2640),FASN
T1978,CCOc1c2c(c(OCC)c3ccccc13)C(=O)N(c1ccc(CC(=O)NS(=O)(=O)c3ccccc3)cc1)C2,544.63,4.85,102.0,1,6,9,1,0.1585,BI-1467335,AOC3/VAP-1
T2308,CCOC(=O)c1cnc2ccc(-c3cncc(NS(=O)(=O)c4ccccc4)c3)cn12,422.47,3.37,102.7,1,6,6,0,0.1585,BI-1467335,AOC3/VAP-1
T2413,Cc1cc([N+](=O)[O-])ccc1NS(=O)(=O)c1cc(Cl)ccc1Cl,361.21,4.01,89.3,1,4,4,0,0.1585,Lanifibranor (IVA-337),PPAR-alpha/gamma/delta
T3424,CCS(=O)(=O)c1ccc2oc(-c3ccc4ccccc4c3)nc2c1,337.4,4.44,60.2,0,4,3,0,0.1585,Lanifibranor (IVA-337),PPAR-alpha/gamma/delta
T4467,N[C@@H](CCNCc1ccc(Cl)cc1)C(=O)N1CCCCC1,309.84,2.16,58.4,2,3,6,0,0.1585,Lanifibranor (IVA-337),PPAR-alpha/gamma/delta
T6379,CC(=O)Nc1nc2c(Oc3cc(-c4ccc(C(F)(F)F)cc4)ncn3)cccc2s1,430.41,5.52,77.0,1,6,4,1,0.1585,BI-1467335,AOC3/VAP-1
T6682,Cc1ccc(S(=O)(=O)Cc2nc(-c3ccc(C(=O)NCc4cccnc4)cc3)oc2C)cc1,461.54,4.26,102.2,1,6,7,0,0.1585,BI-1467335,AOC3/VAP-1
T3S2019,C=C1CC[C@H]2[C@@H](/C=C(\C)C(=O)[C@@]3(O)C[C@H](C)[C@H](O)[C@@H]3[C@H]1O)C2(C)C,334.46,2.23,77.8,3,4,0,0,0.1585,Obeticholic acid (OCA),FXR
T13686,C=C1C(=O)O[C@H]2C[C@@H](C)[C@@H]3CCC(=O)[C@@]3(C)[C@@H](OC(C)=O)[C@H]12,306.36,2.04,69.7,0,5,1,0,0.1585,Obeticholic acid (OCA),FXR
T23549,N#Cc1ccc(N(Cc2ccc(Br)cc2)n2cnnc2)cc1,354.21,3.38,57.7,0,4,4,0,0.1585,Denifanstat (TVB-2640),FASN
T40443,Nc1nc(Nc2ccccc2)sc1C(=O)c1ccc(Cl)s1,335.84,4.41,68.0,2,6,4,0,0.1585,Lanifibranor (IVA-337),PPAR-alpha/gamma/delta
T73549,CN1CCN(c2ccc(Nc3ncc(F)c(Nc4ccccc4C(=O)NN)n3)cc2)CC1,436.5,2.46,111.4,4,8,6,0,0.1585,BI-1467335,AOC3/VAP-1
T26748,O=C(NO)[C@@H](Cc1ccc2ccccc2c1)NS(=O)(=O)c1ccc2ccccc2c1,420.49,3.39,95.5,3,4,6,0,0.1585,Lanifibranor (IVA-337),PPAR-alpha/gamma/delta
T39157,CCCCCCCC(=O)Oc1c(Br)cc(C#N)cc1Br,403.11,5.35,50.1,0,3,7,1,0.1585,Denifanstat (TVB-2640),FASN
T0805,CCOC(=O)[C@H](CCc1ccccc1)N[C@@H](C)C(=O)N1Cc2ccccc2C[C@H]1C(=O)O,438.52,2.57,95.9,2,5,9,0,0.1584,VK2809,THR-beta
T2270,COc1ccc(/C=C/C(=O)Nc2ccccc2C(=O)O)cc1OC,327.34,3.05,84.9,2,4,6,0,0.1584,Firsocostat (GS-0976),ACC
T2690,COc1ccc(C=CC(=O)Nc2ccccc2C(=O)O)cc1OC,327.34,3.05,84.9,2,4,6,0,0.1584,Firsocostat (GS-0976),ACC
T15486,CCOc1ccc(C(Nc2ccccn2)c2ccc3ccc(C)nc3c2O)cc1C,399.49,5.55,67.3,2,5,6,1,0.1584,VK2809,THR-beta
T17030,Cc1nc2c(O[C@H]3CCOc4cc(F)cc(F)c43)cc(C(=O)N(C)C)cc2[nH]1,387.39,3.75,67.5,1,4,3,0,0.1584,Denifanstat (TVB-2640),FASN
T10624,CCN(CC)S(=O)(=O)c1ccc(OC)c(N2CCN(C(=O)c3ccc(F)cc3C(F)(F)F)CC2)c1,517.55,3.85,70.2,0,5,7,1,0.1584,Denifanstat (TVB-2640),FASN
T12482,Cc1c(-c2ccc(O)cc2)n(Cc2ccc(OCCN3CCCCC3)cc2)c2ccc(O)cc12,456.59,5.94,57.9,2,4,7,1,0.1584,VK2809,THR-beta
T13394,Cc1noc(C)c1-c1ccc(=O)n(Cc2ccc(C3CO3)c(F)c2)c1,340.35,3.38,60.6,0,4,4,0,0.1584,VK2809,THR-beta
T60217,Cc1ccc(F)c([C@@H](C)[C@H](NS(=O)(=O)c2ccc(Cl)cc2C(N)=O)c2n[nH]c(=O)o2)c1C,482.92,2.69,148.1,3,6,7,0,0.1584,Lanifibranor (IVA-337),PPAR-alpha/gamma/delta
T60803,O=C(NCCCn1ccnc1)c1cc(-c2ccc(F)cc2)on1,314.32,2.5,73.0,1,4,6,0,0.1584,Cilofexor (GS-9674),FXR
T14498,Nn1cnc2scc(-c3ccc(Cc4ccccc4)cc3)c2c1=O,333.42,3.43,60.9,1,4,3,0,0.1584,Firsocostat (GS-0976),ACC
TN2157,COc1cccc(O)c1-c1cc(=O)c2c(O)cc(OC)c(OC)c2o1,344.32,2.9,98.4,2,7,4,0,0.1584,Firsocostat (GS-0976),ACC
T7194,COc1cc2c(NC3CCN(C)CC3)cc(-c3ccc(C)o3)nc2cc1OCCCN1CCCC1,478.64,5.18,63.0,1,7,9,1,0.1583,Firsocostat (GS-0976),ACC
T64378,Cc1nc2nc(C)c(O[C@@H]3CCN(c4ccc(-c5ccc(CN6CCOCC6)nn5)cc4)C3)c(C)n2n1,500.61,3.0,93.8,0,9,6,1,0.1583,Firsocostat (GS-0976),ACC
T5390,Cc1c(NC(=O)OC[C@@H]2COCCN2)cn2ncnc(Nc3ccc4c(cnn4Cc4cccc(F)c4)c3)c12,530.56,3.86,119.6,3,8,7,1,0.1583,Firsocostat (GS-0976),ACC
T73334,[H][C@@]12CN(CCCOc3cc4c(Nc5ccc(F)c(Cl)c5)ncnc4cc3OC)C[C@]1([H])OCCO2,488.95,4.04,78.0,1,8,8,0,0.1583,Firsocostat (GS-0976),ACC
T39126,Cc1cnc(-c2ccnc(C(C)(C)O)n2)cc1-n1c(C)cc(OCc2ncc(F)cc2F)c(Cl)c1=O,513.93,4.44,103.0,1,7,6,1,0.1583,Firsocostat (GS-0976),ACC
T1745,COc1cn(-c2ccc(-n3cccn3)cc2F)nc(-c2ccnn2-c2ccccc2)c1=O,428.43,3.42,79.8,0,5,5,0,0.1579,Firsocostat (GS-0976),ACC
T2113,CC(C)CC(=O)Nc1n[nH]c2c1CN(C(=O)C1CCN(C)CC1)C2(C)C,361.49,2.31,81.3,2,4,4,0,0.1579,Denifanstat (TVB-2640),FASN
T2651,O=C(Nc1cccc2cccnc12)c1ccc(N2C(=O)[C@@H]3[C@H](C2=O)[C@@H]2C=C[C@H]3C2)cc1,409.45,3.8,79.4,1,4,3,0,0.1579,BI-1467335,AOC3/VAP-1
T3332,C[C@@]12CCC3[C@@](CC[C@@H]4[C@](C)(C(=O)O)CCC[C@@]34C)(CC1=O)C2,318.46,4.44,54.4,1,2,1,0,0.1579,Obeticholic acid (OCA),FXR
T3714,Cc1c(C)c(NCC(=O)N(C)C2CCN(Cc3ccc(C(N)=O)cc3)CC2)c(C)c(C)c1N,451.62,3.14,104.7,3,5,7,0,0.1579,Denifanstat (TVB-2640),FASN
T6024,Cc1nc2ccc(-n3ncc(C(=O)c4cc5ccccc5[nH]4)c3N)cc2[nH]1,356.39,3.35,105.4,3,4,3,0,0.1579,Denifanstat (TVB-2640),FASN
T6189,O=C(NOC[C@H](O)CO)c1ccc(F)c(F)c1Nc1ccc(I)cc1F,482.2,2.47,90.8,4,5,7,0,0.1579,BI-1467335,AOC3/VAP-1
T6274,CC(C)(C(=O)NCC(F)(F)C(F)(F)F)C(=O)N[C@@H]1C(=O)Nc2ccccc2-c2ccccc21,469.41,3.8,87.3,3,3,5,0,0.1579,BI-1467335,AOC3/VAP-1
T6495,COc1cccc2c1[O][Mn]([Cl])[O]c1c(cccc1OC)/C=N/CC/N=C/2,416.74,3.62,61.6,0,6,2,0,0.1579,Firsocostat (GS-0976),ACC
T5116,CC(C)NC(=O)N1CC(=O)N(c2cc(Cl)cc(Cl)c2)C1=O,330.17,2.88,69.7,1,3,2,0,0.1579,Resmetirom,THR-beta
T13381,CCOC(=O)c1ccc(NC(=O)NCc2ccc(-n3cccn3)cc2)cc1,364.41,3.37,85.2,2,4,6,0,0.1579,BI-1467335,AOC3/VAP-1
T7522,CNC(=O)[C@@H](NC(=O)[C@H](CCCc1ccccc1)[C@H](C)N(O)C=O)C(C)(C)C,391.51,2.14,98.7,3,4,10,0,0.1579,BI-1467335,AOC3/VAP-1
T22775,O=C(Nc1cccc2cccnc12)c1ccc(N2C(=O)[C@@H]3[C@H](C2=O)[C@H]2C=C[C@@H]3C2)cc1,409.45,3.8,79.4,1,4,3,0,0.1579,BI-1467335,AOC3/VAP-1
T14900,CC(=O)C1=C(O)C(=O)N(c2ccc(Cl)cc2F)[C@@H]1C1CCCCC1,351.8,4.18,57.6,1,3,3,0,0.1579,VK2809,THR-beta
T9003,COc1ccc(-c2nc3ccc(NCc4ccc(Cl)c(Cl)c4)nc3n(CCNC(C)=O)c2=O)cc1,512.4,4.52,98.1,2,6,8,1,0.1579,Cilofexor (GS-9674),FXR
T11561,CS(=O)(=O)c1ccc(Oc2cc(F)cc(C#N)c2)c2c1C(O)C(F)C2,365.36,2.82,87.4,1,5,3,0,0.1579,Denifanstat (TVB-2640),FASN
T10423,C[C@H]1COCCN1c1nc(NCc2cccnc2C(F)(F)F)c2cccnc2n1,404.4,3.28,76.1,1,7,4,0,0.1579,Firsocostat (GS-0976),ACC
T9316,Cc1cc(C(c2ccc(Cl)cc2)c2ccc(Cl)cc2)sc1C(=O)N[C@@H](CCCNC(=N)N)C(=O)O,533.48,4.99,128.3,5,4,10,1,0.1579,Lanifibranor (IVA-337),PPAR-alpha/gamma/delta
T23514,O=C(Nc1cc(-c2ccccc2)nn1-c1ccccc1F)c1ccc([N+](=O)[O-])cc1,402.39,4.84,90.1,1,4,5,0,0.1579,BI-1467335,AOC3/VAP-1
T22415,O=C(Nc1ccc(Br)cc1)c1c(O)cccc1O,308.13,3.11,69.6,3,3,2,0,0.1579,BI-1467335,AOC3/VAP-1
T64336,CC(C)(C)OC(=O)N1CCN(Cc2ccn(Cc3ccc(Cl)cc3)c(=O)c2O)CC1,433.94,3.31,75.0,1,5,4,0,0.1579,BI-1467335,AOC3/VAP-1
T50101,Cc1ccc2c(CC(=O)N3CCN(S(=O)(=O)c4ccc5c(c4)OCCO5)CC3)coc2c1,456.52,2.59,89.3,0,6,4,0,0.1579,Lanifibranor (IVA-337),PPAR-alpha/gamma/delta
T11409,C#CCNC(=O)C(=O)c1c(C)c(C(=O)Nc2ccc(F)c(F)c2)n(C)c1C,373.36,2.1,80.2,2,3,5,0,0.1579,BI-1467335,AOC3/VAP-1
T11363,[H][C@@]12CC(=O)C3=C(C(=O)[C@@H](OC(C)=O)[C@]4(C)[C@@H]([C@H](C)CC(=O)CC(C)C(=O)O)CC(=O)[C@@]34C)[C@@]1(C)CCC(=O)C2(C)C,570.68,4.09,148.9,1,8,7,1,0.1579,Obeticholic acid (OCA),FXR
T9685,Cn1nccc1[C@H]1CCCC[C@@H]1Oc1cc(F)c(S(=O)(=O)Nc2ccncn2)cc1Cl,465.94,3.91,99.0,1,6,6,0,0.1579,Cilofexor (GS-9674),FXR
T15195,N=C(N)Nc1nc(CSCCN/C=N/S(=O)(=O)c2ccc(Br)cc2)cs1,477.44,2.45,133.3,4,6,9,0,0.1579,Lanifibranor (IVA-337),PPAR-alpha/gamma/delta
T9588,C=CCOc1ccccc1CCNC(=O)/C=C/c1c[nH]c2c(OC)cccc12,376.46,4.11,63.4,2,3,9,0,0.1579,Firsocostat (GS-0976),ACC
T11838,Cc1c(Cc2ccccc2)nnc(N2CCN(c3cnc(C(C)(C)O)cn3)C(C)C2)c1C,432.57,3.42,78.3,1,7,5,0,0.1579,Firsocostat (GS-0976),ACC
T60064,COc1ccc(C(=O)Nc2ccc(-c3nc4ccccc4[nH]3)cc2)c(OC)c1,373.41,4.5,76.2,2,4,5,0,0.1579,BI-1467335,AOC3/VAP-1
T60200,COc1cc2c3c(n(CCCn4ccnc4)c(=O)c2cc1OC)-c1cc2c(cc1C3=O)OCO2,459.46,3.25,93.8,0,7,6,0,0.1579,Firsocostat (GS-0976),ACC
T67775,O=C(Nc1ccc(OS(=O)(=O)c2ccccc2)cc1)C12CC3CC(CC(C3)C1)C2,411.52,4.61,72.5,1,4,5,0,0.1579,Cilofexor (GS-9674),FXR
T32114,[H][C@@]12CC[C@](OC(=O)CC)(C(=O)COC(C)=O)[C@@]1(C)C[C@H](O)[C@@]1([H])[C@@]2([H])CCC2=CC(=O)CC[C@@]21C,460.57,3.31,107.0,1,7,5,0,0.1579,Obeticholic acid (OCA),FXR
T21512,O=C(O)[C@@H](Cc1ccccc1)NS(=O)(=O)c1ccc(-c2ccccc2)cc1,381.45,3.33,83.5,2,3,7,0,0.1579,Lanifibranor (IVA-337),PPAR-alpha/gamma/delta
T69685,CC(CC(=O)NCc1ccc2[nH]c(=O)[nH]c2c1)c1c(F)cccc1F,345.35,2.94,77.8,3,2,5,0,0.1579,VK2809,THR-beta
T77520,COc1cccc(Oc2ccccc2NC(=O)CNC(=O)c2cccc3ccccc23)c1,426.47,5.01,76.7,2,4,7,1,0.1579,BI-1467335,AOC3/VAP-1
T77595,C/C(=C\C=C\[C@@H](C)c1ccccn1)[C@H]1OC(=O)C[C@H](O)CC[C@@](C)(O)[C@@H](OC(=O)N2CCN(C)CC2)/C=C/[C@@H]1C,555.72,3.84,112.4,2,8,5,1,0.1579,Firsocostat (GS-0976),ACC
T29663,CCN(CC)C(=O)c1ccc(C2=CC3(CCNCC3)Oc3ccccc32)c(O)c1,392.5,3.82,61.8,2,4,4,0,0.1579,Denifanstat (TVB-2640),FASN
T40286,[H][C@@]12CCOc3c(cc(F)c(-c4ccc(F)c5sc(N)c(C#N)c45)c3Cl)C(=O)N1CCN(C(=O)C=C)C2,528.97,4.58,99.7,1,6,2,1,0.1579,Denifanstat (TVB-2640),FASN
T72055,O=c1cc(-c2ccc(OCCOCCNCc3ccccc3)cc2)oc2ccccc12,415.49,4.65,60.7,1,5,10,0,0.1579,BI-1467335,AOC3/VAP-1
T69552,COc1c([C@H]2[C@H](C(=O)Nc3ccnc(C(N)=O)c3)O[C@@](C)(C(F)(F)F)[C@H]2C)ccc(F)c1F,473.4,3.55,103.5,2,5,5,0,0.1579,Cilofexor (GS-9674),FXR
T11329,CC1(C)c2cccc(C(=O)NO)c2CN1c1cnc(C(F)(F)F)cn1,352.32,2.87,78.4,2,5,2,0,0.1579,BI-1467335,AOC3/VAP-1
T26240,Cc1cc(N)c2cc(NC(=O)Nc3ccc4nc(C)cc(N)c4c3)ccc2n1,372.43,4.21,119.0,4,5,2,0,0.1579,Lanifibranor (IVA-337),PPAR-alpha/gamma/delta
T28497,Cc1cc(C)c(C)c(S(=O)(=O)Nc2ccc(N3CC[C@H](C(=O)O)C3)c3ccccc23)c1C,452.58,4.79,86.7,2,4,5,0,0.1579,Denifanstat (TVB-2640),FASN
T85333,COc1ccc2c(c1)nc(NCCCCNC(=O)CC(C)C)c1nnc(C)n12,384.48,2.95,93.4,2,6,9,0,0.1579,Lanifibranor (IVA-337),PPAR-alpha/gamma/delta
T39552,CC(C)c1cc(Cl)cc(C(C)C)c1NC(=O)NS(=O)(=O)c1cc(C(C)(C)O)co1,442.97,4.92,108.6,3,5,6,0,0.1579,VK2809,THR-beta
T12977,COCCO[C@@H]1c2ccn3c(C)c(C)nc3c2N[C@H](c2ccccc2)[C@H]1O,367.45,3.18,68.0,2,5,5,0,0.1579,Denifanstat (TVB-2640),FASN
T204087,COc1cc2c(c(OC)c1OC)-c1ccc(O)c(=O)cc1[C@@H](N)CC2,343.38,2.39,91.0,2,6,3,0,0.1579,VK2809,THR-beta
T27053,CON=CNc1nc2nccc(C(C)Oc3ccc(Cl)cc3C)n2n1,360.81,3.23,85.9,1,6,6,0,0.1579,Lanifibranor (IVA-337),PPAR-alpha/gamma/delta
T4367,CCOC(=O)c1cnn(-c2ccccc2)c1NC(=O)c1cc2nc(-c3ccco3)cc(C(F)(F)Cl)n2n1,526.89,4.89,116.5,1,7,7,1,0.1575,Firsocostat (GS-0976),ACC
T17877,Cc1ncsc1-c1ccc(CNC(=O)[C@@H]2C[C@@H](O)CN2C(=O)[C@@H](NC(=O)C2(F)CC2)C(C)(C)C)c(O)c1,532.64,2.44,131.9,4,7,7,1,0.1575,Firsocostat (GS-0976),ACC
T0674,Cc1c(OCC(F)(F)F)ccnc1C[S+]([O-])c1nc2ccccc2[nH]1,369.37,3.52,73.9,1,4,5,0,0.1574,Firsocostat (GS-0976),ACC
T1021,Cc1c(OCC(F)(F)F)ccnc1C[S@@+]([O-])c1nc2ccccc2[nH]1,369.37,3.52,73.9,1,4,5,0,0.1574,Firsocostat (GS-0976),ACC
T1661,C[C@@H](Oc1cc(-c2cnn(C3CCNCC3)c2)cnc1N)c1c(Cl)ccc(F)c1Cl,450.35,5.04,78.0,2,5,5,1,0.1574,VK2809,THR-beta
T3631,O=C(CCN1CCN(C(=O)OCc2cc(Cl)cc(Cl)c2)CC1)c1ccc2[nH]c(=O)oc2c1,478.33,3.96,95.9,1,6,6,0,0.1574,Cilofexor (GS-9674),FXR
T6357,C[C@H](Oc1cc(-c2cnn(C3CCNCC3)c2)cnc1N)c1c(Cl)ccc(F)c1Cl,450.35,5.04,78.0,2,5,5,1,0.1574,VK2809,THR-beta
T6563,COc1ccccc1-c1cc(Nc2cccc(CS(N)(=O)=O)c2)ncn1,370.43,2.68,107.2,2,6,6,0,0.1574,Firsocostat (GS-0976),ACC
T5183,CC[C@H]1NC(=O)N(c2ccc(Oc3ccc(C)c(OC)c3)nc2)C1=O,341.37,3.03,80.8,1,5,5,0,0.1574,Firsocostat (GS-0976),ACC
T5478,CC1CN(CC2CCN(Cc3ccccc3)CC2)C(=O)N(c2cccc(C(=N)N)c2)C1,419.57,3.76,76.7,2,3,6,0,0.1574,Cilofexor (GS-9674),FXR
TP1264,CC(C)C[C@@H](NC(=O)[C@@H]1CCCN1C(=O)OCc1ccccc1)C(=O)O,362.43,2.4,95.9,2,4,7,0,0.1574,Firsocostat (GS-0976),ACC
T20714,Cc1c(OCC(F)(F)F)ccnc1C[S@+]([O-])c1nc2ccccc2[nH]1,369.37,3.52,73.9,1,4,5,0,0.1574,Firsocostat (GS-0976),ACC
T22324,CC1CN(C(=O)c2ccc(NC(=O)c3cc(OC(C)c4c(Cl)ccc(F)c4Cl)c(N)nn3)cc2)CC(C)N1,561.45,4.72,122.5,3,7,6,1,0.1574,Denifanstat (TVB-2640),FASN
TN7063,COc1cc2c(c(OC)c1OC)-c1ccc(OC)c(=O)cc1[C@@H](N(C)C(C)=O)CC2,413.47,3.21,74.3,0,6,5,0,0.1574,Firsocostat (GS-0976),ACC
TN3831,[H][C@]1(c2ccc(OC)c(OC)c2)OC2=CC(=O)C(CC=C)=C[C@@]2(OC)[C@@H]1C,356.42,3.77,54.0,0,5,6,0,0.1574,Firsocostat (GS-0976),ACC
T22737,c1ccc(-c2cnn3cc(-c4ccc(OCCN5CCOCC5)cc4)cnc23)cc1,400.48,3.77,51.9,0,5,6,0,0.1574,Firsocostat (GS-0976),ACC
T60170,Cc1c[nH]c2nccc(-c3ccc(C(=O)N[C@@H]4c5c(F)cc(C(F)F)cc5C[C@@H]4O)cn3)c12,452.44,4.4,90.9,3,4,4,0,0.1574,Denifanstat (TVB-2640),FASN
T77619,CCCC(=O)NC(c1cccs1)c1ccc2cccnc2c1O,326.42,4.01,62.2,2,4,5,0,0.1574,Firsocostat (GS-0976),ACC
T19826,COCCCOc1ccnc(C[S+]([O-])c2nc3ccccc3[nH]2)c1C,359.45,2.99,83.1,1,5,8,0,0.1574,Firsocostat (GS-0976),ACC
T61874,COc1cc(CN2CC(N)C2)cc(OC)c1-c1cn(C)c(=O)c2cc(F)ccc12,397.45,2.5,69.7,1,5,5,0,0.1574,Firsocostat (GS-0976),ACC
T15218,O=C(O)c1cc(N2N=C(C(F)(F)F)C(=Cc3ccc(-c4ccccc4)o3)C2=O)ccc1Cl,460.8,5.65,83.1,1,4,4,1,0.1574,Cilofexor (GS-9674),FXR
T37585,C[C@@H]1CN(C(=O)c2ccc(NC(=O)c3cc(O[C@H](C)c4c(Cl)ccc(F)c4Cl)c(N)nn3)cc2)C[C@H](C)N1,561.45,4.72,122.5,3,7,6,1,0.1574,Denifanstat (TVB-2640),FASN
T23327,Cc1cc(F)ccc1-c1nc(NCCNC(=N)NC#N)nc2c1ccc(=O)n2-c1c(F)cccc1F,492.47,3.18,131.5,4,6,6,0,0.1574,Denifanstat (TVB-2640),FASN
TN1842,C=C(C)[C@H](CC=C(C)C)Cc1c(O)cc(OC)c2c1O[C@H](c1ccc(O)cc1O)[C@@H](O)C2=O,454.52,4.58,116.5,4,7,7,0,0.1574,VK2809,THR-beta
T0782,NS(=O)(=O)c1cc2c(cc1Cl)NC(CSCc1ccccc1)=NS2(=O)=O,431.95,2.43,118.7,2,6,5,0,0.1573,Lanifibranor (IVA-337),PPAR-alpha/gamma/delta
T1674,CC(C)[C@H]1CC[C@H](C(=O)N[C@H](Cc2ccccc2)C(=O)O)CC1,317.43,3.26,66.4,2,2,6,0,0.1573,VK2809,THR-beta
T3156,N#C/C(C(=O)c1ccc(Cl)cc1Cl)=C1/NC(=O)c2ccccc2N1,358.18,3.77,82.0,2,4,2,0,0.1573,Denifanstat (TVB-2640),FASN
T2S2169,COc1ccc([C@@H]2CC(=O)c3c(OC)cc(OC)cc3O2)cc1,314.34,3.42,54.0,0,5,4,0,0.1573,VK2809,THR-beta
T15216,Cc1cc(O)cc(C)c1C=C1C(=O)N(Cc2ccccc2)C(=O)N(Cc2ccccc2)C1=O,440.5,4.58,77.9,1,4,5,0,0.1573,VK2809,THR-beta
TQ0106,C[C@H](C[C@@H](Cc1ccc(-c2ccccc2)cc1)NC(=O)CCC(=O)O)C(=O)O,383.44,3.36,103.7,3,3,10,0,0.1573,Aramchol,SCD1
TN2322,COc1cc([C@H]2OC[C@H]3[C@@H]2CO[C@@H]3c2cc(OC)c(OC)c(OC)c2)cc(OC)c1OC,446.5,3.81,73.8,0,8,8,0,0.1573,Firsocostat (GS-0976),ACC
T12309,COc1ccc2nc(S(=O)(=O)Cc3ncc(C)c(OC)c3C)[nH]c2c1,361.42,2.57,94.2,1,6,5,0,0.1573,Lanifibranor (IVA-337),PPAR-alpha/gamma/delta
T9752,CC1(C)NC(=O)c2ccc(-c3c[nH]c4c(C#N)cccc34)nc21,302.34,3.08,81.6,2,3,1,0,0.1573,Denifanstat (TVB-2640),FASN
T14943,OCCCNc1cc(-c2ccnc(Nc3cccc(Cl)c3)n2)ccn1,355.83,3.73,83.0,3,6,7,0,0.1573,Lanifibranor (IVA-337),PPAR-alpha/gamma/delta
T77609,CN(C)S(=O)(=O)c1ccc(Cl)c(NC(=O)CNC23CC4CC(CC(C4)C2)C3)c1,425.98,3.09,78.5,2,4,6,0,0.1573,Lanifibranor (IVA-337),PPAR-alpha/gamma/delta
T77602,COc1cc(C2Nc3ccccc3-c3nc4ccccc4n32)cc(OC)c1OC,387.44,4.7,57.5,1,5,4,0,0.1573,Denifanstat (TVB-2640),FASN
T14386,CC(C)[C@H](NC(=O)C(C)(F)F)[C@H](Oc1ccc2c(cnn2-c2ccc(=O)n(C)c2)c1)c1ccccc1,494.54,4.64,78.2,1,4,8,0,0.1573,BI-1467335,AOC3/VAP-1
T27320,N#Cc1ccc([C@H]([C@@H](O)Cc2ccc(F)cc2)n2cncn2)cc1,322.34,2.48,74.7,1,4,5,0,0.1573,Denifanstat (TVB-2640),FASN
T62061,CCCOc1nc(OCC(C)(C)O)c(-c2ccc(S(C)(=O)=O)cc2)cc1CO,409.5,2.58,106.0,2,7,9,0,0.1573,Lanifibranor (IVA-337),PPAR-alpha/gamma/delta
T77671,Cc1n[nH]c2c1C(c1ccncc1)C1=C(CC(C)(C)CC1=O)N2,308.39,3.31,70.7,2,4,1,0,0.1573,Denifanstat (TVB-2640),FASN
T77526,Clc1cccc(-c2nnc(-c3ccnc(-c4ccccc4)c3)o2)c1,333.78,5.12,51.8,0,4,3,1,0.1573,Cilofexor (GS-9674),FXR
T77517,N#Cc1ccc(Oc2ccc(S(=O)(=O)Nc3ccc(F)cn3)cc2C#N)cc1Cl,428.83,4.21,115.9,1,6,5,0,0.1573,Resmetirom,THR-beta
T61989,O=C(C1CCCCC1)N1CCN(S(=O)(=O)c2cccc(C(F)(F)F)c2)CC1,404.45,3.12,57.7,0,3,3,0,0.1573,Denifanstat (TVB-2640),FASN
T63067,CC(C)Cn1ncc2cc(Oc3ccc(F)cc3F)c(C(=O)N[C@@H](CCN(C)C)C(N)=O)cc21,473.52,3.3,102.5,2,5,10,0,0.1573,BI-1467335,AOC3/VAP-1
T28433L,O=C(Cn1c2ccccc2c2c(N3CCCC3)nc(N3CCCC3)nc21)N1CCCC1,418.55,3.41,57.5,0,5,4,0,0.1573,Denifanstat (TVB-2640),FASN
T71955,Cc1ccc2nc(-c3ccc(NC(=O)C4CCC(C(=O)O)C4)cc3)sc2c1,380.47,4.71,79.3,2,4,4,0,0.1573,Lanifibranor (IVA-337),PPAR-alpha/gamma/delta
T4025,COc1ccc(S(=O)(=O)Nc2ccccc2/C=C/c2ccncc2)cc1,366.44,4.06,68.3,1,4,6,0,0.1571,BI-1467335,AOC3/VAP-1
T6738,CC(NC(=O)[C@H](Cc1ccccc1)NC(=O)OCc1ccccc1)C(=O)CF,386.42,2.57,84.5,2,4,9,0,0.1571,BI-1467335,AOC3/VAP-1
T2470,CC(C)[C@H](NC(=O)OCc1ccccc1)C(=O)NC(C=O)Cc1ccccc1,382.46,2.86,84.5,2,4,9,0,0.1571,BI-1467335,AOC3/VAP-1
T23820,COc1ccc(Nc2nc(N)nc(CN3CCCCC3)n2)cc1,314.39,2.19,89.2,2,7,5,0,0.1571,BI-1467335,AOC3/VAP-1
T22128,COc1ccc(Cc2nnc(NS(=O)(=O)c3ccccc3)s2)cc1,361.45,2.94,81.2,1,6,6,0,0.1571,BI-1467335,AOC3/VAP-1
T27371,Cc1oc2c(NC(=O)c3c(Cl)cccc3Cl)cccc2c1C(C)(C)O,378.25,5.53,62.5,2,3,3,1,0.1571,BI-1467335,AOC3/VAP-1
T67900,Cc1ccc2oc(=O)c3cc(C(=O)NC(C)C)sc3c2c1,301.37,3.45,59.3,1,4,2,0,0.1571,BI-1467335,AOC3/VAP-1
T10508,Cc1c(O)c(C)c2sc(NCc3ccc(S(N)(=O)=O)cc3)nc2c1C,377.49,3.19,105.3,3,6,4,0,0.1571,BI-1467335,AOC3/VAP-1
T86471,CCOC(=O)NC(=O)/C(C#N)=C/c1ccc(Cl)c(Cl)c1,313.14,3.17,79.2,1,4,3,0,0.1571,BI-1467335,AOC3/VAP-1
T205879,O=C(NN=Cc1cc(Br)c(O)c(Br)c1O)c1cccnc1,415.04,2.78,94.8,3,5,3,0,0.1571,BI-1467335,AOC3/VAP-1
T3258,CCC/N=C1\S/C(=C\c2ccc(OC[C@H](O)CO)c(Cl)c2)C(=O)N1c1ccccc1C,460.98,4.27,82.4,2,6,8,0,0.1570,Firsocostat (GS-0976),ACC
T10840L,COc1cc2c(NCC3CCN(C)CC3)cc(-c3ccc(C)o3)nc2cc1OCCCN1CCCC1,492.66,5.43,63.0,1,7,10,1,0.1570,Firsocostat (GS-0976),ACC
T86105,CCOc1cncc(-c2ccc(C(=O)NC3(c4csc(NS(=O)(=O)C5CC5)n4)CC3)nc2)n1,486.58,2.72,136.1,2,9,9,0,0.1570,Firsocostat (GS-0976),ACC
T86509,COc1cc(-n2cnc3cc(-c4cnn(C)c4)ccc32)cc(OC(F)F)c1C(=O)NC1CC1,453.45,3.93,83.2,1,5,7,0,0.1570,Firsocostat (GS-0976),ACC
TN11236,COc1cc2c(c(OC)c1OC)-c1c3cc4c(c1OC(C)(C(C)CO)C(=O)OC2C(C)C(C)C3)OCO4,514.57,4.3,101.9,1,9,5,1,0.1570,Firsocostat (GS-0976),ACC
T1757,Cc1cnc(-c2ccccc2C(C)C)nc1NCc1ccc(-n2ccnn2)cc1,384.49,4.77,68.5,1,5,6,0,0.1569,VK2809,THR-beta
T1933,O=C(Nc1nc2ccc(NC(=O)C34CC5CC(CC(C5)C3)C4)cc2s1)c1ccccc1,431.56,5.7,71.1,2,4,4,1,0.1569,Cilofexor (GS-9674),FXR
T2710,Cn1c(SCC(=O)N2CCC[C@H]2C(=O)Nc2ccccc2-c2ccccc2)nc2ccccc21,470.6,4.96,67.2,1,4,6,0,0.1569,Denifanstat (TVB-2640),FASN
T6S0077,[H][C@]1(COc2c3occc3c(OC)c3ccc(=O)oc23)OC1(C)C,316.31,3.1,74.3,0,6,4,0,0.1569,Firsocostat (GS-0976),ACC
T3927,COc1c2ccoc2c(OCC=C(C)C)c2oc(=O)ccc12,300.31,3.89,61.8,0,5,4,0,0.1569,Firsocostat (GS-0976),ACC
T5522,O=C(NCCc1ccc(O)cc1)[C@@H]1CCC2=Nc3ccc(Br)cc3CN21,414.3,3.52,64.9,2,4,4,0,0.1569,VK2809,THR-beta
T5831,Cn1nc(-c2cnc(N)c(-c3ccc(C(N)=O)c(F)c3)n2)nc1C1(c2ccccc2)CC1,429.46,2.84,125.6,2,6,5,0,0.1569,Denifanstat (TVB-2640),FASN
T7558,CC1(C)Cc2c(sc(NC(=S)NC(=O)c3ccccc3)c2C(=O)O)CO1,390.49,3.42,87.7,3,5,3,0,0.1569,Cilofexor (GS-9674),FXR
TN1040,COc1cccc(O)c1-c1cc(=O)c2c(O)c(OC)c(OC)c(OC)c2o1,374.35,2.91,107.6,2,8,5,0,0.1569,Firsocostat (GS-0976),ACC
T9007,CC1=CC(Oc2ccc(-c3ccccc3)cc2[N+](=O)[O-])OC1=O,311.29,3.47,78.7,0,5,4,0,0.1569,Firsocostat (GS-0976),ACC
T20812,COP(=O)(OC)SCn1c(=O)oc2cc(Cl)cnc21,324.68,2.73,83.6,0,7,5,0,0.1569,Firsocostat (GS-0976),ACC
T9207,O=C1Nc2ccc(C(=O)c3ccco3)cc2/C1=C/c1cc(Cl)c(O)c(Cl)c1,400.22,5.02,79.5,2,4,3,1,0.1569,Cilofexor (GS-9674),FXR
T9207L,O=C1Nc2ccc(C(=O)c3ccco3)cc2C1=Cc1cc(Cl)c(O)c(Cl)c1,400.22,5.02,79.5,2,4,3,1,0.1569,Cilofexor (GS-9674),FXR
T9263,Cc1cc(NC(=O)C(c2ccccc2)N2CCCc3ccccc32)no1,347.42,4.12,58.4,1,4,4,0,0.1569,Cilofexor (GS-9674),FXR
T9578,O=C(Nc1ccn(-c2ccnc(F)c2)n1)C1(c2ccccc2F)CC1,340.33,3.22,59.8,1,3,4,0,0.1569,Cilofexor (GS-9674),FXR
T36526,Cc1n[nH]c(C)c1-c1ccc(NC(=O)[C@@H](NC(=O)c2ccnn2C(C)C)C(C2CC2)C2CC2)cc1,474.61,4.64,104.7,3,4,9,0,0.1569,Denifanstat (TVB-2640),FASN
T11444,CC(=O)N1CCN(c2ccc(NC(=O)Cc3cnc(-c4ccnc(F)c4)c(C)c3)nc2)CC1,448.5,2.84,91.3,1,6,5,0,0.1569,Denifanstat (TVB-2640),FASN
T36832,CCc1c(C)nc(-c2ccc(Cl)s2)nc1Nc1ccc(CC(=O)O)cc1,387.89,5.1,75.1,2,5,6,1,0.1569,Cilofexor (GS-9674),FXR
T10245,Nc1ccc(-c2cccs2)cc1NC(=O)c1ccc2nc(N3CCNCC3)ccc2c1,429.55,4.21,83.3,3,6,4,0,0.1569,Denifanstat (TVB-2640),FASN
T67942,Cc1sc2[nH]c(-c3ccccn3)nc(=O)c2c1-c1ccccc1,319.39,4.02,58.6,1,4,2,0,0.1569,Firsocostat (GS-0976),ACC
TN1048,COc1c2occc2c(OCC=C(C)C)c2ccc(=O)oc12,300.31,3.89,61.8,0,5,4,0,0.1569,Firsocostat (GS-0976),ACC
T28303,O=C(CC1c2ccccc2C(=O)N1c1ccc2ccc(Cl)nc2n1)N1CCC2(CC1)OCCO2,478.94,3.74,84.9,0,6,3,0,0.1569,Denifanstat (TVB-2640),FASN
T29214,CNc1nc2ncc(-c3c(C)noc3C)cc2n1Cc1ccccc1,333.4,3.79,68.8,1,5,4,0,0.1569,Cilofexor (GS-9674),FXR
T62858,O=C(CCCc1ccc2cccnc2n1)NCc1cc(-c2ccc(F)c(C(F)(F)F)c2)no1,458.42,5.08,80.9,1,5,7,1,0.1569,Lanifibranor (IVA-337),PPAR-alpha/gamma/delta
T85341,CCOc1cc(C(=O)N(C)Cc2cccc3cn[nH]c23)ccc1-c1cccc(F)c1,403.46,5.04,58.2,1,3,6,1,0.1569,Denifanstat (TVB-2640),FASN
T85352,Cn1cc(N(C[C@@H]2CCCO2)S(=O)(=O)NC(=O)[N-]c2c3c(cc4c2CCC4)CCC3)cn1,458.56,3.04,107.6,1,5,6,0,0.1569,Denifanstat (TVB-2640),FASN
T85645,Nc1nc2cnc(C(=O)N3CCOC[C@@H]3c3ccc(C(F)(F)F)cc3)cc2c2c1COC2,444.41,3.47,90.6,1,6,2,0,0.1569,Denifanstat (TVB-2640),FASN
T200105,C[C@@H]1COCCN1c1nc(-c2ccnc3[nH]ccc23)nc2c1ccn2S(C)(=O)=O,412.48,2.01,106.0,1,7,3,0,0.1569,Denifanstat (TVB-2640),FASN
TN8710,[H][C@]12CC=C3[C@]4([H])C[C@@](C)(C(=O)O)CC[C@]4(C(=O)O)CC[C@@]3(C)[C@]1(C)CC[C@]1([H])[C@]2(C)C[C@H](O)[C@H](O)[C@@]1(C)CO,518.69,4.24,135.3,5,5,3,1,0.1569,Aramchol,SCD1
T1754,COc1cc2ncnc(Nc3ccc(Cl)cc3F)c2cc1OC,333.75,4.18,56.3,1,5,4,0,0.1566,Lanifibranor (IVA-337),PPAR-alpha/gamma/delta
T3078,CN1CCC(CNc2ccc3ncc(-c4cccc(OC(F)(F)F)c4)n3n2)CC1,405.42,4.05,54.7,1,5,5,0,0.1566,BI-1467335,AOC3/VAP-1
T6365,O=C(Nc1ccccc1)Nc1ccc(-c2ccc(C(=O)[C@@H]3CCC[C@H]3C(=O)O)cc2)cc1,428.49,5.68,95.5,3,3,6,1,0.1566,Denifanstat (TVB-2640),FASN
T16412,O[C@@](Cn1cnnn1)(c1ccc(F)cc1F)C(F)(F)c1ccc(-c2ccc(OCC(F)(F)F)cc2)cn1,527.4,4.63,86.0,1,6,8,1,0.1566,BI-1467335,AOC3/VAP-1
T27969,COc1cc(CNCCc2c[nH]c3ccccc23)cc(Cl)c1OCC(N)=O,387.87,3.03,89.4,3,4,9,0,0.1566,BI-1467335,AOC3/VAP-1
T17005,CC(C)c1c(NC(=O)Nc2ccc(Cl)cc2)c(=O)n(-c2ccccc2)n1C,384.87,4.6,68.1,2,2,4,0,0.1566,Resmetirom,THR-beta
T62525,C[C@H](NC(=O)c1c(Cc2ccc(F)cc2)sc2c1CCOC2)c1ccc(C(=O)O)cc1,439.51,4.74,75.6,2,4,6,0,0.1566,BI-1467335,AOC3/VAP-1
T88696,O=C(O)c1c(-c2cc(F)ccc2F)oc2cc(Cl)ccc2c1=O,336.68,4.09,67.5,1,3,2,0,0.1566,Lanifibranor (IVA-337),PPAR-alpha/gamma/delta
T6387,CCOC(=O)OC(C)OC1=C(C(=O)Nc2ccccn2)N(C)S(=O)(=O)c2ccccc21,447.47,2.56,124.1,1,8,6,0,0.1565,Firsocostat (GS-0976),ACC
T9755,Cc1c(C#N)cccc1[C@@H](C)Nc1nnc(C)c2cnc(N3CCOCC3)cc12,388.48,3.52,87.0,1,7,4,0,0.1565,Firsocostat (GS-0976),ACC
T60194,CCN(C(=O)C1CC1)c1cc(-c2ccc(N3CCOCC3)cc2)cc(C(=O)NCc2c(C)cc(C)[nH]c2=O)c1C,542.68,4.5,94.7,2,5,8,1,0.1565,VK2809,THR-beta
T10409,O=C(N/N=C/c1ccc(Cl)cc1)N1CCc2ncnc(Nc3cccc(C(F)(F)F)c3)c2C1,474.87,4.99,82.5,2,5,4,0,0.1565,Cilofexor (GS-9674),FXR
T67988,C[C@@H](S[C@H]1CO[C@H](/C=C/C=C/c2ccc(C#N)cc2F)OC1)[C@](O)(Cn1cncn1)c1ccc(F)cc1F,542.58,4.59,93.2,1,7,9,1,0.1565,Denifanstat (TVB-2640),FASN
T15442,COc1c(C)cc(NC(=O)c2nn(Cc3ccc(F)cc3)c3c2CN(C(=O)c2ccc[nH]2)C[C@]3(C)C(N)=O)cc1C,558.61,3.68,135.3,3,5,7,1,0.1565,Denifanstat (TVB-2640),FASN
T0181,CCOC(=O)O[C@]1(C(=O)OCCl)CC[C@H]2[C@@H]3CCC4=CC(=O)C=C[C@]4(C)[C@H]3[C@@H](O)C[C@@]21C,466.96,3.92,99.1,1,7,4,0,0.1562,Obeticholic acid (OCA),FXR
T2482,NC[C@@](O)(c1ccc(Cl)cc1)c1ccc(-c2cn[nH]c2)cc1,313.79,2.92,74.9,3,3,4,0,0.1562,BI-1467335,AOC3/VAP-1
T3098,CCOC(=O)N[C@@H]1CC[C@@H]2[C@@H](C1)C[C@H]1C(=O)O[C@H](C)[C@H]1[C@H]2/C=C/c1ccc(-c2cccc(F)c2)cn1,492.59,5.63,77.5,1,5,5,1,0.1562,Firsocostat (GS-0976),ACC
T4377,O=C(O)[C@H]1C2CCC(CC2)[C@@H]1Nc1nc(-c2c[nH]c3ncc(F)cc23)ncc1F,399.4,3.6,103.8,3,5,4,0,0.1562,Denifanstat (TVB-2640),FASN
T6554,O=C(Oc1ccc([N+](=O)[O-])cc1)N1CCC(C(O)(c2ccc3c(c2)OCO3)c2ccc3c(c2)OCO3)CC1,520.49,4.2,129.8,1,9,5,1,0.1562,Denifanstat (TVB-2640),FASN
T6925,CC(=O)c1cc([N+](=O)[O-])c(Sc2cccc(Cl)c2Cl)s1,348.23,5.32,60.2,0,5,4,1,0.1562,Cilofexor (GS-9674),FXR
T7311,CC(=O)Oc1ccc(C2(c3ccc(OC(C)=O)cc3)C(=O)Nc3ccccc32)cc1,401.42,3.82,81.7,1,5,4,0,0.1562,BI-1467335,AOC3/VAP-1
TN1656,C/C(=C/C(=O)CC(C)C(=O)O)C1CC(O)C2(C)C3=C(C(=O)CC12C)C1(C)CCC(=O)C(C)(C)C1CC3O,514.66,4.05,129.0,3,6,5,1,0.1562,Obeticholic acid (OCA),FXR
T9274,Cc1ccc(CC(CC(=O)NCCc2ccc3c(c2)OCO3)C(=O)O)cc1,369.42,2.72,84.9,2,4,8,0,0.1562,VK2809,THR-beta
T9522,Cc1ccn(-c2nc(NC3CCC(F)(F)CC3)cc(N3CCOCC3)n2)n1,378.43,2.8,68.1,1,6,4,0,0.1562,Denifanstat (TVB-2640),FASN
T27205,N#Cc1cc2c(OCC(O)CN3CCN(C(c4ccccc4)c4ccccc4)CC3)cccc2[nH]1,466.59,4.19,75.5,2,5,8,0,0.1562,Denifanstat (TVB-2640),FASN
T39508,CCOC(=O)c1cc2cc(O)ccc2n1CC(=O)NCCN1CCCCC1,373.45,2.13,83.8,2,5,7,0,0.1562,Denifanstat (TVB-2640),FASN
T36857L,[H][C@@]12CCC(=O)[C@@]1(C)CC[C@]1([H])c3ccc(OS(=O)(=O)O)cc3CC[C@@]21[H],350.44,3.29,80.7,1,4,2,0,0.1562,VK2809,THR-beta
T23151,Cc1cc(-c2nc3cc(F)ccc3s2)ccc1NC(=O)[C@@H](N)CCCCN,386.5,3.81,94.0,3,5,7,0,0.1562,Lanifibranor (IVA-337),PPAR-alpha/gamma/delta
T60013,CCC(=NNC(=O)NCc1cccc(O)c1)c1ccc(O)c(C)c1O,343.38,2.73,114.2,5,5,5,0,0.1562,VK2809,THR-beta
T63049,Cc1cc(Nc2ccc(NC(=O)Cc3cc(Br)cs3)cc2)nc(N2CCCC2)n1,472.41,5.13,70.1,2,6,6,1,0.1562,Denifanstat (TVB-2640),FASN
T67893,O=C(CSc1nc2ccccc2s1)Nc1ccc(C(=O)O)cc1,344.42,3.73,79.3,2,5,5,0,0.1562,Cilofexor (GS-9674),FXR
T72470,[H][C@@]12CCC(=O)[C@@]1(C)CC[C@]1([H])c3ccc(OS(N)(=O)=O)cc3CC[C@@]21[H],349.45,2.69,86.5,1,4,2,0,0.1562,VK2809,THR-beta
T60675L,CC(C)CNC(=N)NC(=N)Nc1ccc(C(F)(F)F)cc1,301.32,2.82,83.8,5,2,3,0,0.1562,BI-1467335,AOC3/VAP-1
T201081,Cn1cnc2ccc(Nc3c(F)ccc(NS(=O)(=O)N4CC(F)C4)c3Cl)c(Cl)c2c1=O,490.32,3.43,96.3,2,5,5,0,0.1562,Lanifibranor (IVA-337),PPAR-alpha/gamma/delta
T41211,COc1ccc([C@H](C)NC(=O)[C@@H]2C[C@@H](O)CN2C(=O)CNC(=O)c2ccc3cc(F)ccc3n2)c(Cl)c1,528.97,2.6,120.9,3,6,7,1,0.1562,Firsocostat (GS-0976),ACC
T70614,CCCCCCCCc1ccc(-c2noc([C@H]3CCCN3C(=N)N)n2)cc1,369.51,4.67,92.0,2,4,9,0,0.1562,Denifanstat (TVB-2640),FASN
T2562,CC1=NN(c2ccc(C)c(C)c2)C(=O)/C1=N/Nc1cccc(-c2cccc(C(=O)O)c2)c1O,442.48,4.56,114.6,3,6,5,0,0.1560,Cilofexor (GS-9674),FXR
T6864,C/C(=C\c1csc(C)n1)[C@@H]1C[C@@H]2O[C@]2(C)CCC[C@H](C)[C@H](O)[C@@H](C)C(=O)C(C)(C)[C@@H](O)CC(=O)N1,506.71,4.05,112.0,3,7,2,1,0.1560,Denifanstat (TVB-2640),FASN
T10629,C=CC(=O)N1CCC[C@@H](n2nc(-c3ccc(Oc4ccccc4)cc3)c(C(N)=O)c2N)C1,431.5,3.37,116.5,2,5,6,0,0.1560,Cilofexor (GS-9674),FXR
TN1070,COc1cc(O)cc2c1cc([N+](=O)[O-])c1c(C(=O)O)cc3c(c12)OCO3,357.27,3.04,128.4,2,7,3,0,0.1560,Firsocostat (GS-0976),ACC
T16532,Cn1c(=O)n(CCCO)c(=O)c2c1nc(Oc1cccc(OC(F)(F)F)c1)n2Cc1ccc(Cl)cc1,524.88,3.67,100.5,1,6,8,1,0.1560,VK2809,THR-beta
T9609,COc1cc(Nc2cc3c(cn2)nc(-c2ccco2)n3C)cc(OC)c1OC,380.4,4.0,83.6,1,7,6,0,0.1560,Firsocostat (GS-0976),ACC
T24263,O=C(N(CCc1ccccc1)C1CCCCC1)n1ncc(-c2ccc(OC(F)(F)F)cc2)n1,458.48,5.69,60.3,0,4,6,1,0.1560,Cilofexor (GS-9674),FXR
T23002,CCOC(=O)C1(CCc2ccccc2)CCN(Cc2ccc(NC(C)=O)cc2)CC1,408.54,4.42,58.6,1,4,8,0,0.1560,Firsocostat (GS-0976),ACC
T67702,O=C(NCCO)Nc1ccc(-c2nc(N3CC4CCC(C3)O4)c3sccc3n2)cc1,425.51,2.84,99.6,3,7,5,0,0.1560,Cilofexor (GS-9674),FXR
T62899,CC(=O)c1c(O)c(C)c(O)c2c1OC1=Cc3c(c(C)nn3-c3ccc(C(=O)O)cc3)C(=O)[C@@]12C,460.44,3.69,138.9,3,7,3,0,0.1560,Cilofexor (GS-9674),FXR
T40335,CC1(C)Oc2ccc(/C(Cn3ccnc3)=N\OC(=O)c3ccc4ccccc4c3)cc2O1,427.46,4.8,74.9,0,6,5,0,0.1560,Cilofexor (GS-9674),FXR
T23735,COc1cc2c(cc1-c1coc3c4c(ccc3c1=O)OC(C)(C)C=C4)OCO2,378.38,4.38,67.1,0,6,2,0,0.1560,Firsocostat (GS-0976),ACC
T62750,Cc1nc2cc([C@H]3CCO[C@@H](c4cnn(C)c4)C3)nc(-c3ccc(Cl)cc3F)c2nc1C,451.93,5.47,65.7,0,5,3,1,0.1560,VK2809,THR-beta
T69146,CC(=O)O[C@@H]1[C@H](OC(=O)CC(C)C)c2c(ccc3ccc(=O)oc23)OC1(C)C,388.42,3.53,92.0,0,7,4,0,0.1560,Firsocostat (GS-0976),ACC
T60921L,CCCOc1cc(-c2cncc([C@@H]3COB(O)C3)c2)ccc1OC,327.19,3.14,60.8,1,5,6,0,0.1560,Firsocostat (GS-0976),ACC
T85342,COc1ccccc1-c1cn2ccnc2c(NCCc2ccccn2)n1,345.41,3.45,64.3,1,5,6,0,0.1560,Firsocostat (GS-0976),ACC
T0380,CC(O)(CS(=O)(=O)c1ccc(F)cc1)C(=O)Nc1ccc(C#N)c(C(F)(F)F)c1,430.38,2.88,107.3,2,5,5,0,0.1558,BI-1467335,AOC3/VAP-1
T1177,Nc1ccc(S(=O)(=O)Nc2cnc3ccccc3n2)cc1,300.34,2.01,98.0,2,5,3,0,0.1558,Lanifibranor (IVA-337),PPAR-alpha/gamma/delta
T2346,CC(C)(O)CNc1nc(Nc2ccnc(C(F)(F)F)c2)nc(-c2cccc(C(F)(F)F)n2)n1,473.38,4.29,108.7,3,8,6,0,0.1558,BI-1467335,AOC3/VAP-1
T22946,CCc1cc(C(C)=O)c(O)cc1OCCCCCC(C)(C)c1nn[nH]n1,360.46,3.59,101.0,2,6,10,0,0.1558,BI-1467335,AOC3/VAP-1
T9203,C=CC(=O)Nc1cccc(C(=O)Nc2ccc(NC(=O)c3cccc(-c4cc[nH]n4)n3)cc2)c1,452.47,4.1,128.9,4,5,7,0,0.1558,BI-1467335,AOC3/VAP-1
T60002,CCOC(=O)c1c(N)sc(C(=O)Nc2cccc([N+](=O)[O-])c2)c1C,349.37,2.98,124.6,2,7,5,0,0.1558,BI-1467335,AOC3/VAP-1
T67792,CCON=Cc1ccc(OCCC2CCN(c3ccc(C)nn3)CC2)cc1,368.48,3.84,59.8,0,6,8,0,0.1558,BI-1467335,AOC3/VAP-1
T27634,CC(C)Cc1sc(-c2nccs2)nc1C(=O)NCc1ccc(F)cc1,375.49,4.53,54.9,1,5,6,0,0.1558,BI-1467335,AOC3/VAP-1
T2630,C=CC(=O)N1CCC(Oc2cc3c(Nc4ccc(Cl)c(Cl)c4F)ncnc3cc2OC)CC1,491.35,5.38,76.6,1,6,6,1,0.1557,Firsocostat (GS-0976),ACC
T7392,CN(CCN1CCC(OC(=O)Nc2ccccc2-c2ccccc2)CC1)C(=O)c1ccc(CN2CCC(C(N)=O)CC2)cc1,597.76,4.84,108.2,2,6,10,1,0.1557,Firsocostat (GS-0976),ACC
T10641,C[C@H]1[C@H]2N(C(=O)CN(C)N2C(=O)NCc2ccccc2)[C@@H](Cc2ccc(O)cc2)C(=O)N1Cc1cccc2cccnc12,578.67,3.51,109.3,2,6,6,1,0.1557,Cilofexor (GS-9674),FXR
T40199,[H][C@]1([C@@]2(C)Oc3c(Cl)cc(C(=O)NCc4c(SC)cc(C)[nH]c4=O)c(C)c3O2)CC[C@H](N2CC(OC)C2)CC1,562.13,4.67,92.9,2,7,7,1,0.1557,Cilofexor (GS-9674),FXR
T21650,Cc1ccc2nc(NC(=O)CSc3nc4c(c(=O)n3-c3ccc(F)cc3)SCC4)sc2c1,484.6,4.67,76.9,1,7,5,0,0.1557,Firsocostat (GS-0976),ACC
T1243,CC(=O)OCC(=O)[C@@]1(O)CC[C@H]2[C@@H]3CCC4=CC(=O)CC[C@]4(C)[C@H]3[C@@H](O)C[C@@]21C,404.5,2.35,100.9,2,6,3,0,0.1556,Obeticholic acid (OCA),FXR
T1666,[H][C@@]12CC[C@](O)(C(=O)COC(C)=O)[C@@]1(C)CC(=O)[C@@]1(F)[C@@]2([H])CCC2=CC(=O)CC[C@@]21C,420.48,2.65,97.7,1,6,3,0,0.1556,Obeticholic acid (OCA),FXR
T2047,COc1cc2ncnc(Nc3cccc(Cl)c3)c2cc1OC,315.76,4.04,56.3,1,5,4,0,0.1556,VK2809,THR-beta
T2267,Cc1nn(C)c2c1C(c1ccc(C(F)(F)F)cc1)C(C#N)=C(N)O2,334.3,2.97,76.9,1,4,1,0,0.1556,Denifanstat (TVB-2640),FASN
T2802,COC(=O)Nc1nc2ccc(C(=O)c3cccs3)cc2[nH]1,301.33,3.03,84.1,2,5,3,0,0.1556,Denifanstat (TVB-2640),FASN
T6207,O=C(NNc1nc2cc(F)ccc2n2cccc12)c1cnccn1,322.3,2.17,84.2,2,5,3,0,0.1556,Lanifibranor (IVA-337),PPAR-alpha/gamma/delta
T6503,[H][C@@]12CC[C@](OC(C)=O)(C(C)=O)[C@@]1(C)C[C@]([H])(O)[C@@]1(F)[C@@]2([H])C[C@]([H])(C)C2=CC(=O)C=C[C@@]21C,418.51,3.49,80.7,1,5,2,0,0.1556,Obeticholic acid (OCA),FXR
T5409,COCCOc1cc(F)c2c(Nc3ccc(NC(=O)Cn4cc(C(C)C)nn4)cc3)ncnc2c1,479.52,3.89,116.1,2,8,10,0,0.1556,BI-1467335,AOC3/VAP-1
T15598,CCN(CC)c1ccc(C(=C2C=CC(=[N+](CC)CC)C=C2)c2cc(S(=O)(=O)[O-])ccc2S(=O)(=O)[O-])cc1,543.69,3.76,120.7,0,7,9,1,0.1556,Lanifibranor (IVA-337),PPAR-alpha/gamma/delta
T9089,Cc1n[nH]c(C)c1-c1cc(Cl)c(Nc2ccccc2C(=O)NO)c(Cl)c1,391.26,4.86,90.0,4,4,4,0,0.1556,Denifanstat (TVB-2640),FASN
T16383,NC(=O)[C@](O)(CNc1nc(-c2cc(-c3ccon3)n(Cc3ccccc3F)n2)ncc1F)C(F)(F)F,509.4,2.51,145.0,3,8,8,1,0.1556,BI-1467335,AOC3/VAP-1
T16506,CCc1nc2c(N)nc3ccccc3c2n1CCCCNS(C)(=O)=O,361.47,2.06,102.9,2,5,7,0,0.1556,Lanifibranor (IVA-337),PPAR-alpha/gamma/delta
T9373,Cc1ccc(N2C(=O)C(=CC=Cc3ccco3)C(=O)NC2=S)cc1Cl,372.83,3.63,62.6,1,4,3,0,0.1556,Resmetirom,THR-beta
T16326,C[C@H]1Cc2c([nH]c3cc(Cl)c(F)cc23)[C@@]2(N1)C(=O)Nc1ccc(Cl)cc12,390.25,4.34,56.9,3,2,0,0,0.1556,Resmetirom,THR-beta
TN6552,COc1cc(OC)c2c(=O)cc(-c3ccc(O)c(O)c3)oc2c1,314.29,2.89,89.1,2,6,3,0,0.1556,VK2809,THR-beta
T9989,Cc1ccc(C2C(C#N)=C(N)Oc3c2c(=O)oc2ccccc32)cc1,330.34,3.32,89.2,1,5,1,0,0.1556,Denifanstat (TVB-2640),FASN
T60012,CCCn1c(NC(=O)c2cccc([N+](=O)[O-])c2)nc2ccccc21,324.34,3.61,90.1,1,4,5,0,0.1556,Lanifibranor (IVA-337),PPAR-alpha/gamma/delta
T67880,C[C@@H]1Cc2c([nH]c3cc(Cl)c(F)cc23)[C@]2(N1)C(=O)Nc1ccc(Cl)cc12,390.25,4.34,56.9,3,2,0,0,0.1556,Resmetirom,THR-beta
T60852,C/C(=N\NC(=S)Nc1ccccc1)c1cc(Cl)ccc1O,319.82,3.76,56.7,3,3,3,0,0.1556,VK2809,THR-beta
TN8334,O=C(O)c1cc(C(=O)O)c2c(=O)c3c(O)cccc3oc2c1,300.22,2.05,125.0,3,5,2,0,0.1556,Cilofexor (GS-9674),FXR
T70007,Cc1cc(NCCCN(C)C)nc(NC(=O)Nc2ccc(Cl)c(Cl)c2)n1,397.31,4.1,82.2,3,5,7,0,0.1556,Lanifibranor (IVA-337),PPAR-alpha/gamma/delta
T2127,COc1cc2c(cc1NS(=O)(=O)c1ccc(Br)cc1C)n(C)c(=O)n2C,440.32,2.76,82.3,1,4,4,0,0.1553,Firsocostat (GS-0976),ACC
T3068,O=C(Nc1c[nH]nc1-c1nc2cc(CN3CCOCC3)ccc2[nH]1)NC1CC1,381.44,2.07,111.0,4,5,5,0,0.1553,Denifanstat (TVB-2640),FASN
T3553,Cc1cccc(COc2cccc(C=C3C(=O)NN(c4ccccc4)C3=O)c2)c1,384.44,4.04,58.6,1,3,5,0,0.1553,Cilofexor (GS-9674),FXR
T4346,O=C(CCCSSc1ccccn1)ON1C(=O)CCC1=O,326.4,2.21,76.6,0,7,7,0,0.1553,Firsocostat (GS-0976),ACC
T6143,Oc1cccc(-c2nc(N3CCOCC3)c3oc4ncccc4c3n2)c1,348.36,2.98,84.5,1,7,2,0,0.1553,Cilofexor (GS-9674),FXR
T6790,CCn1c(C(=O)N(C2CC2)C2CC2)cc2c3c(ncn3C)c(Nc3cc(C)n(C)n3)nc21,432.53,3.5,85.8,1,5,6,0,0.1553,Denifanstat (TVB-2640),FASN
T4968,CC(C)CNc1ccnc(NCc2csc(-c3ccccc3)n2)n1,339.47,4.28,62.7,2,6,7,0,0.1553,Firsocostat (GS-0976),ACC
T17267,CC(C)c1cc(CNc2nc(Nc3cc(C4CC4)[nH]n3)cc(N3CCN(C)CC3)n2)on1,437.55,3.3,111.0,3,9,8,0,0.1553,Denifanstat (TVB-2640),FASN
T25956,Cc1ccnc(NC(=O)C(C)c2cccc(C(=O)c3ccccc3)c2)c1,344.41,4.36,59.1,1,3,5,0,0.1553,Firsocostat (GS-0976),ACC
T16124,CCOC(=O)c1cc2cc(-c3cc(C(=O)NCc4ccc(C(=O)O)cc4)nn3C)ccc2[nH]1,446.46,3.37,126.3,3,5,7,0,0.1553,Denifanstat (TVB-2640),FASN
T13379,O=C(O)c1ccc(-c2ccc(/C=C3\SC(=S)N(Cc4ccccc4)C3=O)o2)cc1,421.5,5.05,70.8,1,5,5,1,0.1553,Cilofexor (GS-9674),FXR
T9651,COc1nc(-c2cccc(-c3ccccc3)c2C)ccc1CNCCO,348.45,3.81,54.4,2,4,7,0,0.1553,Firsocostat (GS-0976),ACC
T24040,Cn1nc(C(F)(F)F)cc1C(=O)Nc1ccc(S(=O)(=O)N2CCCC[C@H]2CCN2CCOCC2)cc1,529.59,2.96,96.8,1,6,7,1,0.1553,Lanifibranor (IVA-337),PPAR-alpha/gamma/delta
T14337,CCCCOC(=O)NS(=O)(=O)c1sc(CC(C)C)cc1-c1ccc(Cn2ccnc2)cc1,475.64,5.07,90.3,1,6,10,1,0.1553,Lanifibranor (IVA-337),PPAR-alpha/gamma/delta
T40034,Fc1cccc([C@H]2CCCN2c2ccc3ncc(-c4cccc(N5CCNCC5)n4)n3n2)c1,443.53,3.68,61.6,1,6,4,0,0.1553,Denifanstat (TVB-2640),FASN
T60869,O=C(Nc1ccc(N2CCOCC2)cc1)c1n[nH]c2ccccc12,322.37,2.65,70.2,2,4,3,0,0.1553,Firsocostat (GS-0976),ACC
T24167,CC1(C)Oc2cc(O)ccc2C2C1=CCn1c(=O)n(-c3ccccc3)c(=O)n12,377.4,2.21,78.4,1,4,1,0,0.1553,Cilofexor (GS-9674),FXR
T72984,Cc1n[nH]c2c1C(c1cc(C#CCCCO)cc(CO)c1)(C(C)C)C(C#N)=C(N)O2,406.49,2.36,128.2,4,6,5,0,0.1553,Denifanstat (TVB-2640),FASN
T201911,COc1ccc(OC)c(S(=O)(=O)Nc2cnc3ccccc3c2)c1,344.39,3.05,77.5,1,5,5,0,0.1553,Firsocostat (GS-0976),ACC
T68837,COC(=O)c1cc(-c2ccccc2)sc1NC(=S)NNC(=O)CCc1ccc(O)c(O)c1,471.56,3.56,119.9,5,7,6,0,0.1553,VK2809,THR-beta
T2017,NS(=O)(=O)c1ccc(NC(=O)Nc2ccc(F)cc2)cc1,309.32,2.12,101.3,3,3,3,0,0.1552,BI-1467335,AOC3/VAP-1
T2683,O=C(CSc1nc2c(c(=O)n1-c1ccccc1)SCC2)Nc1ccc(-c2ccccc2)cn1,472.6,4.67,76.9,1,6,6,0,0.1552,Firsocostat (GS-0976),ACC
T3347,COCc1nnc(N2CC(Oc3ccc(F)cc3Cl)C2)n1-c1ccc(OC)nc1,419.84,2.88,74.5,0,7,7,0,0.1552,Firsocostat (GS-0976),ACC
T4253,O=C(O)COc1ccc(Br)cc1/C=C1\SC(=S)N(Cc2cccnc2)C1=O,465.35,3.71,79.7,1,6,6,0,0.1552,Firsocostat (GS-0976),ACC
T6S0657,CC[C@H]1CN2CC[C@@]3(C(=O)Nc4ccccc43)[C@@H]2C[C@@H]1/C(=C\OC)C(=O)OC,384.48,2.7,67.9,1,5,4,0,0.1552,Firsocostat (GS-0976),ACC
T6S0659,CC[C@H]1CN2CC[C@]3(C(=O)Nc4ccccc43)[C@@H]2C[C@@H]1/C(=C\OC)C(=O)OC,384.48,2.7,67.9,1,5,4,0,0.1552,Firsocostat (GS-0976),ACC
T5S0658,CC[C@@H]1CN2CC[C@@]3(C(=O)Nc4ccccc43)[C@@H]2C[C@@H]1/C(=C\OC)C(=O)OC,384.48,2.7,67.9,1,5,4,0,0.1552,Firsocostat (GS-0976),ACC
T5184,COc1cc(N2CCN(C)CC2)ccc1Nc1ncc2c(n1)N(C)c1ccccc1C(=O)N2C,459.55,3.34,77.1,1,8,4,0,0.1552,Firsocostat (GS-0976),ACC
T5432,C[C@H](NC(=O)c1c(N)nn2cccnc12)c1cc2cccc(C#Cc3cnn(C)c3)c2c(=O)n1-c1ccccc1,528.58,3.24,125.1,2,6,4,1,0.1552,Denifanstat (TVB-2640),FASN
T8970,COc1ccc(N(C(=O)CCl)C(C(=O)NCCc2ccccc2)c2cccs2)cc1Cl,477.41,5.08,58.6,1,4,9,1,0.1552,Firsocostat (GS-0976),ACC
TN1933,COC(=O)C1=CO[C@@H](C)[C@H]2CN3CC[C@]4(C(=O)Nc5ccccc54)[C@@H]3C[C@H]12,368.43,2.06,67.9,1,5,1,0,0.1552,Firsocostat (GS-0976),ACC
T15799,Cc1nn(-c2ncccc2CO)cc1CN1CCC2(CC1)OCC(F)(F)c1cc(Cl)sc12,480.97,4.4,63.4,1,6,4,0,0.1552,Cilofexor (GS-9674),FXR
T19282,CC(C)CCCOC(=O)c1ccccc1C(=O)OCCCC(C)C,334.46,4.87,52.6,0,4,10,0,0.1552,BI-1467335,AOC3/VAP-1
T36816,N[C@@H](CSC(c1ccccc1)(c1ccccc1)c1ccccc1)C(=O)O,363.48,4.12,63.3,2,3,7,0,0.1552,BI-1467335,AOC3/VAP-1
T9774,c1ccc2oc(-c3csc(C4CCN(Cc5nc6ncccc6[nH]5)CC4)n3)cc2c1,415.52,5.21,70.8,1,6,4,1,0.1552,Firsocostat (GS-0976),ACC
TN1790,[H][C@@]12CN3CC[C@@]4(C(=O)Nc5ccccc54)[C@]3([H])C[C@]1([H])C(C(=O)OC)=CO[C@H]2C,368.43,2.06,67.9,1,5,1,0,0.1552,Firsocostat (GS-0976),ACC
T62684,COc1cc2ncc3c(c2cc1-c1cn(C)nc1C)n(-c1c(F)cncc1OC)c(=O)n3C,448.46,3.14,89.0,0,6,4,0,0.1552,Firsocostat (GS-0976),ACC
T26794,C[C@@H](c1ccc(-c2ccn(C)c(=O)c2)cc1)N1CC[C@](CC(C)(C)O)(c2ccccc2)OC1=O,460.57,5.01,71.8,1,4,6,1,0.1552,Firsocostat (GS-0976),ACC
T4413,C=CC(=O)Nc1cccc(Oc2nc(Nc3ccc(N4CCN(C)CC4)cc3)nc3ccoc23)c1,470.53,4.64,95.8,2,8,7,0,0.1552,Cilofexor (GS-9674),FXR
T69834,C[C@H](c1ccc(Cl)cc1Cl)n1nc(C(F)(F)F)c2ncc(N3CC([C@H]4CCCN(CCO)C4)C3)nc21,543.42,4.9,70.3,1,6,6,1,0.1552,VK2809,THR-beta
T2023,Cn1cc(/C=C/C(=O)c2cccc(F)c2)cc1/C=C/C(=O)NO,314.32,2.58,71.3,2,3,5,0,0.1549,BI-1467335,AOC3/VAP-1
T3643,COc1ccc(S(=O)(=O)Nc2ccccc2/C=C/c2cc[n+]([O-])cc2)cc1,382.44,3.3,82.3,1,4,6,0,0.1549,BI-1467335,AOC3/VAP-1
T3S0645,COc1cc(/C=C/C(=O)NCCc2ccc(O)cc2)ccc1O,313.35,2.48,78.8,3,4,6,0,0.1549,BI-1467335,AOC3/VAP-1
T5357,O=C(Nc1ccccc1)c1ccc(Nc2nnc(-c3ccc(O)cc3)c3ccccc23)cc1,432.48,6.0,87.1,3,5,5,1,0.1549,BI-1467335,AOC3/VAP-1
T7549,CCC(NC(=O)c1c(O)c(-c2ccccc2)nc2ccccc12)c1ccccc1,382.46,5.49,62.2,2,3,5,1,0.1549,BI-1467335,AOC3/VAP-1
T7420,COC(=O)CC(NC(=O)C(NC(=O)OC(C)C)C(C)C)c1ccc(Cl)cc1,398.89,3.22,93.7,2,5,8,0,0.1549,BI-1467335,AOC3/VAP-1
T21632,COc1ccc(CNc2nc(NCc3ccc(OC)cc3)c3ncn(C(C)C)c3n2)cc1,432.53,4.65,86.1,2,7,9,0,0.1549,BI-1467335,AOC3/VAP-1
T8955,Cc1ccsc1C(=O)N/N=C/c1ccc2ccccc2c1O,310.38,3.68,61.7,2,4,3,0,0.1549,BI-1467335,AOC3/VAP-1
T9005,CC(NC(=O)c1n[nH]c2ccccc12)c1ccc(F)c(F)c1,301.3,3.33,57.8,2,2,3,0,0.1549,BI-1467335,AOC3/VAP-1
T41312,NCCCC[C@H](NC(=O)OCC1c2ccccc2-c2ccccc21)C(=O)O,368.43,3.11,101.7,3,4,8,0,0.1549,BI-1467335,AOC3/VAP-1
T23316,COC(=O)[C@H](NC(=O)c1cc(-c2ccccc2)nc2ccccc12)c1ccccc1,396.45,4.55,68.3,1,4,5,0,0.1549,BI-1467335,AOC3/VAP-1
T10343,O=C(CNC(=O)c1cccc2ccccc12)Nc1ccccc1Oc1ccccc1,396.45,5.0,67.4,2,3,6,1,0.1549,BI-1467335,AOC3/VAP-1
T23434,O=C1N=C(Nc2ccccc2F)SC1=Cc1ccc(C(=O)O)cc1,342.35,3.61,78.8,2,4,3,0,0.1549,BI-1467335,AOC3/VAP-1
T67788,CNc1cccc2c(S(=O)(=O)Nc3ccc(NC(=O)C(C)(C)CO)cc3)cccc12,427.53,3.64,107.5,4,5,7,0,0.1549,BI-1467335,AOC3/VAP-1
T10146,COc1ccc(C(=O)/C=C/c2ccc(O)cc2)c(O)c1CC=C(C)C,338.4,4.51,66.8,2,4,6,0,0.1549,BI-1467335,AOC3/VAP-1
T77631,O=C(Nc1ccc(OS(=O)(=O)c2ccc(F)cc2)cc1)C12CC3CC(CC(C3)C1)C2,429.51,4.75,72.5,1,4,5,0,0.1549,BI-1467335,AOC3/VAP-1
T14947,O=C(NO)C(c1ccc(-c2ncc(C(F)(F)F)cn2)cc1)c1ccccc1F,391.32,3.94,75.1,2,4,4,0,0.1549,BI-1467335,AOC3/VAP-1
T23163,O=C(NC(=S)Nc1cc([N+](=O)[O-])cc(Cl)c1O)c1ccccc1,351.77,3.08,104.5,3,5,3,0,0.1549,BI-1467335,AOC3/VAP-1
T33595,COc1ccc2cc([C@H](C)C(=O)OCCCCO[N+](=O)[O-])ccc2c1,347.37,3.48,87.9,0,6,9,0,0.1549,BI-1467335,AOC3/VAP-1
T0319,CCCCC1(COC(=O)CCC(=O)O)C(=O)N(c2ccccc2)N(c2ccccc2)C1=O,438.48,3.57,104.2,1,5,10,0,0.1548,Lanifibranor (IVA-337),PPAR-alpha/gamma/delta
T0714,COC(=O)Nc1nc2ccc([S+]([O-])c3ccccc3)cc2[nH]1,315.35,2.91,90.1,2,4,3,0,0.1548,Lanifibranor (IVA-337),PPAR-alpha/gamma/delta
T1206,COc1cc(NS(C)(=O)=O)ccc1Nc1c2ccccc2nc2ccccc12,393.47,4.51,80.3,2,5,5,0,0.1548,Lanifibranor (IVA-337),PPAR-alpha/gamma/delta
T1774,O=S(=O)(c1ccccc1)c1cnc2c(N3CCNCC3)cccc2c1,353.45,2.48,62.3,1,5,3,0,0.1548,Lanifibranor (IVA-337),PPAR-alpha/gamma/delta
T2109,Fc1ccc(Cl)cc1-c1nc(Nc2ccncc2)c2nccnc2n1,352.76,4.02,76.5,1,6,3,0,0.1548,Lanifibranor (IVA-337),PPAR-alpha/gamma/delta
T6835,Oc1ccc(C2CNCCc3c2cc(O)c(O)c3Cl)cc1,305.76,2.73,72.7,4,4,1,0,0.1548,Denifanstat (TVB-2640),FASN
T4663,CC(=O)Nc1ccc(C2=Nc3ccc(Cl)cc3OC2)cc1,300.75,3.81,50.7,1,3,2,0,0.1548,Lanifibranor (IVA-337),PPAR-alpha/gamma/delta
T5423,NCC1CCC(CNc2nc(NCc3ccccc3OC(F)(F)F)ncc2[N+](=O)[O-])CC1,454.45,4.07,128.2,3,8,9,0,0.1548,BI-1467335,AOC3/VAP-1
T5964,CCCc1nc(C(C)(C)O)c(C(=O)O)n1Cc1ccc(-c2ccccc2-c2nn[nH]n2)cc1,446.51,3.66,129.8,3,6,8,0,0.1548,BI-1467335,AOC3/VAP-1
T14315,CC(=O)N1CCC(NC(=O)NC23CC4CC(CC(C4)C2)C3)CC1,319.45,2.27,61.4,2,2,2,0,0.1548,Aramchol,SCD1
T14894,C=CC(=O)Nc1cc(C)ccc1Nc1nc(Nc2cc(OC)ncc2C)ncc1C(F)(F)F,458.44,5.13,101.1,3,7,7,1,0.1548,BI-1467335,AOC3/VAP-1
T37082,CN(C)CCn1cc2cc(NC(=O)c3cccc(C(F)(F)F)n3)c(C(C)(C)O)cc2n1,435.45,3.49,83.3,2,5,6,0,0.1548,BI-1467335,AOC3/VAP-1
T67848,CCCCC(=O)N(Cc1ccc(-c2ccccc2-c2nn[nH]n2)cc1)[C@H](C(=O)OC)C(C)C,449.56,4.25,101.1,1,6,10,0,0.1548,BI-1467335,AOC3/VAP-1
T37385,Nc1nnc(CCCCc2ccc(NC(=O)Cc3cccc(OC(F)(F)F)c3)nn2)s1,452.46,3.56,115.9,2,8,9,0,0.1548,BI-1467335,AOC3/VAP-1
T78182,O=C(Cn1nc(-c2ccc(Cl)cc2)c2ccccc2c1=O)Nc1ccc(Cl)cc1,424.29,5.01,64.0,1,3,4,1,0.1548,Lanifibranor (IVA-337),PPAR-alpha/gamma/delta
T75098,O=C(CSc1ccccc1)Nc1nc(-c2ccccn2)cs1,327.43,3.94,54.9,1,5,5,0,0.1548,Lanifibranor (IVA-337),PPAR-alpha/gamma/delta
T11246,[2H]c1c([2H])c(S(C)(=O)=O)c([2H])c([2H])c1-c1cc(Cl)cnc1-c1ccc(C)nc1,362.87,4.18,59.9,0,4,3,0,0.1548,Lanifibranor (IVA-337),PPAR-alpha/gamma/delta
T63273,COc1cccc(-c2cc(C(=O)Nc3cc4ccc(OC(C)=O)c(OC)c4oc3=O)ccc2OC)c1,489.48,4.66,113.3,1,8,7,0,0.1548,BI-1467335,AOC3/VAP-1
TN1404,[H][C@@]12[C@H](C)C(=O)O[C@]1([H])C[C@@H](C)[C@]1([H])C=CC(=O)[C@@]1(C)[C@H]2OC(=O)C(C)C,334.41,2.53,69.7,0,5,2,0,0.1548,Obeticholic acid (OCA),FXR
T88015,O=c1nc(-c2cc(Cl)ccc2OP(=O)(O)O)[nH]c2ccc(Cl)cc12,387.12,3.37,112.5,3,4,3,0,0.1548,Lanifibranor (IVA-337),PPAR-alpha/gamma/delta
T39264,C=C1CN(S(=O)(=O)c2ccc(C)cc2)CCCN(Cc2ccccc2)CCCN(S(=O)(=O)c2ccc(C)cc2)C1,581.8,4.84,78.0,0,5,6,1,0.1548,Lanifibranor (IVA-337),PPAR-alpha/gamma/delta
T1920,NC1(C(=O)N[C@@H](CCO)c2ccc(Cl)cc2)CCN(c2ncnc3[nH]ccc23)CC1,428.92,2.15,120.2,4,6,6,0,0.1546,Lanifibranor (IVA-337),PPAR-alpha/gamma/delta
T1952,NC1(c2ccc(-c3nc4ccn5c(=O)[nH]nc5c4cc3-c3ccccc3)cc2)CCC1,407.48,4.24,89.1,2,4,3,0,0.1546,Denifanstat (TVB-2640),FASN
T2361,C[C@@H](Oc1ccc2[nH]nc(/C=C/c3cnn(CCO)c3)c2c1)c1c(Cl)cncc1Cl,444.32,4.76,88.9,2,5,7,0,0.1546,Resmetirom,THR-beta
T2418,Cc1nc(NC(=O)N2CCC[C@H]2C(N)=O)sc1-c1csc(C(C)(C)C)n1,393.54,3.35,101.2,2,6,3,0,0.1546,Denifanstat (TVB-2640),FASN
T4489,NC(=O)c1cnc(-c2ccc(C3(N)CCC3)cc2)c(-c2ccccc2)c1,343.43,3.85,82.0,2,3,4,0,0.1546,Cilofexor (GS-9674),FXR
T5153,N#CC1(c2ccc(NC(=O)c3cccnc3NCc3ccncc3)cc2)CCCC1,397.48,4.68,90.7,2,5,6,0,0.1546,Denifanstat (TVB-2640),FASN
T7574,C/C=C/C(=O)Oc1c(C(C)CCCCCC)cc([N+](=O)[O-])cc1[N+](=O)[O-],364.4,5.06,112.6,0,6,10,1,0.1546,Aramchol,SCD1
T8065,[H][C@@]12C(=O)CC[C@]13CC[C@@H](C)[C@@]2(C)[C@H](OC(=O)CSCCN(CC)CC)C[C@@](C)(C=C)[C@@H](O)[C@@H]3C,493.75,4.97,66.8,1,6,9,0,0.1546,Obeticholic acid (OCA),FXR
T14054,CN(C)c1ccc2c(-c3ccc(C(=O)ON4C(=O)CCC4=O)cc3C(=O)[O-])c3ccc(N(C)C)cc3[o+]c2c1,527.53,3.25,121.6,0,8,6,1,0.1546,Denifanstat (TVB-2640),FASN
T12675L,N#Cc1cc(F)cc(Oc2ccc(S(=O)(=O)C(F)F)c3c2CC(F)(F)[C@H]3O)c1,419.33,3.71,87.4,1,5,4,0,0.1546,Denifanstat (TVB-2640),FASN
T8883,Cn1cccc1C(=O)N1CCN(C(=O)Nc2ccc(N3CCC(C(=O)N4CCOCC4)CC3)cc2)CC1,508.62,2.09,90.4,1,5,4,1,0.1546,Denifanstat (TVB-2640),FASN
T20684,CC(=O)Oc1cc2c(cc1Cl)C1(OC(=O)c3ccccc31)c1cc(Cl)c(OC(C)=O)cc1O2,485.28,5.41,88.1,0,7,2,1,0.1546,Cilofexor (GS-9674),FXR
T23498,NC(=O)c1nc(Nc2ccccc2)sc1NC(=O)C1CCCCC1,344.44,3.5,97.1,3,5,5,0,0.1546,Cilofexor (GS-9674),FXR
T14981,[H][C@@]12C[C@H](C)[C@](OC(=O)CCC)(C(=O)CCl)[C@@]1(C)CC(=O)[C@@]1(F)[C@@]2([H])CCC2=CC(=O)C=C[C@@]21C,478.99,4.7,77.5,0,5,5,0,0.1546,Obeticholic acid (OCA),FXR
T11368,CCN(CC)c1ccc(NC(=O)c2c(-c3ccccc3)noc2C)cc1,349.43,4.75,58.4,1,4,6,0,0.1546,Cilofexor (GS-9674),FXR
T41248,COc1cc2c(c(OC)c1OC)-c1ccc(SC)c(=O)cc1[C@@H](NC(C)=O)CC2,415.51,3.58,73.9,1,6,5,0,0.1546,Denifanstat (TVB-2640),FASN
T10277,Cc1c(F)cc(C(=O)NC2CC2)cc1-c1c(F)cn2c(C(C)(C)C)nnc2c1F,402.42,4.31,59.3,1,3,3,0,0.1546,Denifanstat (TVB-2640),FASN
T67951,COc1cccc(C/N=C(\C)c2c(O)c3ccccc3oc2=O)c1,323.35,3.52,72.0,1,5,4,0,0.1546,VK2809,THR-beta
T67933,CCc1ccc(-c2nc3cc(NC(=O)c4cc([N+](=O)[O-])ccc4Cl)ccc3o2)cc1,421.84,5.87,98.3,1,5,5,1,0.1546,Lanifibranor (IVA-337),PPAR-alpha/gamma/delta
T16964,CCCNC(=O)N1N=C(c2ccc(N)cc2)c2cc3c(cc2C1C)OCO3,366.42,3.25,89.2,2,5,3,0,0.1546,Denifanstat (TVB-2640),FASN
T77710,Cc1c(C(=O)NCc2ccc(F)cc2)oc2ccc(S(=O)(=O)N3CCC(C)CC3)cc12,444.53,4.23,79.6,1,4,5,0,0.1546,Lanifibranor (IVA-337),PPAR-alpha/gamma/delta
T62656,CN1CCN(C(=O)Cc2sc(NC(=O)[C@H]3CC[C@H](C)CC3)nc2-c2cccs2)CC1,446.64,3.95,65.5,1,6,5,0,0.1546,Denifanstat (TVB-2640),FASN
T62518,CCc1cc(Nc2nc(NCc3ccc(Cl)cc3OC)nc3cccc(OC)c23)n[nH]1,438.92,4.94,97.0,3,7,8,0,0.1546,Lanifibranor (IVA-337),PPAR-alpha/gamma/delta
TN1667,CC(CC(=O)CC(C)(O)C1CC(=O)C2(C)C3=C(C(=O)CC12C)C1(C)CCC(=O)C(C)(C)C1CC3O)C(=O)O,530.66,3.45,146.0,3,7,6,1,0.1546,Obeticholic acid (OCA),FXR
T2000,Cc1noc(-c2ccc(-c3ccc(CC(=O)[O-])cc3)cc2)c1NC(=O)O[C@H](C)c1ccccc1,455.49,4.92,104.5,1,6,7,0,0.1545,Firsocostat (GS-0976),ACC
T4230,Cc1nc(Nc2n[nH]c3c2CN(C(=O)N[C@H](CN(C)C)c2ccccc2)C3(C)C)c2sccc2n1,490.64,4.53,102.1,3,7,6,0,0.1545,Denifanstat (TVB-2640),FASN
T6049,CC(C)(C)c1cnc(CSc2cnc(NC(=O)C3CCNCC3)s2)o1,380.54,3.66,80.1,2,7,5,0,0.1545,Firsocostat (GS-0976),ACC
TQ0286,O=C1O[C@]2(CC[C@@H](C(=O)Nc3ccn(-c4ccccc4F)n3)CC2)c2cnccc21,406.42,3.6,86.1,1,5,3,0,0.1545,Cilofexor (GS-9674),FXR
T9119,NC(=O)c1cccc(-c2ccc(S(=O)(=O)Nc3ccc4c(c3)N(C(=O)C3CC3)CCC4)cc2)c1,475.57,3.94,109.6,2,4,6,0,0.1545,Cilofexor (GS-9674),FXR
TQ0079,Nc1ncc(C(=O)NC2CN(C(=O)C3CC3)C2)c2ccc(-c3cccc(F)c3)nc12,405.43,2.37,101.2,2,5,4,0,0.1545,Cilofexor (GS-9674),FXR
T14960,COc1ccc2c(c1)C[C@H](C(=O)Nc1ccc(-c3cn[nH]c3)cc1OCCN(C)C)CO2,436.51,3.22,88.7,2,6,8,0,0.1545,Firsocostat (GS-0976),ACC
T39437,Cc1nn(-c2ccnc(Nc3ccc4c(c3)c(C(=O)C3CC3)cn4C)n2)cc1CN1C[C@H](O)CO1,473.54,2.91,110.3,2,8,7,0,0.1545,Cilofexor (GS-9674),FXR
T30855,COc1cccc(-c2cn(-c3ccc(CCN4CCC(O)CC4)cc3)c3ncnc(N)c23)c1,443.55,3.68,89.4,2,6,6,0,0.1545,VK2809,THR-beta
T10762,COc1ccc(C=CC(=O)c2c(-c3ccccc3)c3cc(C)ccc3[nH]c2=O)cc1,395.46,5.41,59.2,1,3,5,1,0.1545,Firsocostat (GS-0976),ACC
T36200,C[C@H]1COCCN1c1cc(C2(S(=O)(=O)C3CC3)CC2)nc(-c2ccc(NC(=S)NCCO)cc2)n1,517.68,2.21,116.7,3,8,8,1,0.1545,Denifanstat (TVB-2640),FASN
T67706,O=C(NCCF)Nc1ccc(-c2nc(N3CC4CCC(C3)O4)c3sccc3n2)cc1,427.51,3.82,79.4,2,6,5,0,0.1545,Cilofexor (GS-9674),FXR
T78169,COc1cc2ncnc(N3CCC4(CCN(C(=O)OC(C)(C)C)C4)CC3)c2cc1OC,428.53,3.87,77.0,0,7,3,0,0.1545,Firsocostat (GS-0976),ACC
T36008,COc1ccccc1Oc1c([N-]S(=O)(=O)/C=C/c2ccccc2)nc(-c2ncccn2)nc1OC,490.52,4.75,127.5,0,9,9,0,0.1545,Firsocostat (GS-0976),ACC
T39572,O=C(CN1C(=O)C2(CCN(C(=O)c3ccc4[nH]ncc4n3)CC2)c2c(Br)cccc21)NCC(F)(F)F,565.35,2.92,111.3,2,5,4,1,0.1545,Denifanstat (TVB-2640),FASN
T78092,CCN1CCN(c2ccc(Nc3cc(Nc4cccc5c4N(C(C)=O)CC5)ccn3)cc2)CC1,456.59,4.62,63.7,2,6,6,0,0.1545,Cilofexor (GS-9674),FXR
TN2460,CCc1ccc(O)c2cc3c(nc12)-c1cc2c(c(=O)n1C3)COC(=O)[C@]2(O)CC,392.41,2.35,101.7,2,6,2,0,0.1545,Cilofexor (GS-9674),FXR
T87339,Cc1c(C#Cc2nc(C(N)=O)n(-c3cccnc3)c2C)ccnc1Cl,351.8,2.43,86.7,1,4,2,0,0.1545,Firsocostat (GS-0976),ACC
T38414,Cc1n(CC(C)C)c2c([n+]1CC(=O)c1ccc([N+](=O)[O-])cc1)C(=O)c1ccccc1C2=O,432.46,3.31,103.2,0,5,6,0,0.1545,Firsocostat (GS-0976),ACC
T0337,CC(=O)OCC(=O)[C@@]1(O)CC[C@H]2[C@@H]3CCC4=CC(=O)C=C[C@]4(C)[C@H]3[C@@H](O)C[C@@]21C,402.49,2.13,100.9,2,6,3,0,0.1538,Obeticholic acid (OCA),FXR
T1385,CCOC(=O)C1=C(COCCN)NC(C)=C(C(=O)OC)C1c1ccccc1Cl,408.88,2.27,99.9,2,7,8,0,0.1538,Cilofexor (GS-9674),FXR
T1545,CCOC(=O)C1=C(COCCN)NC(C)=C(C(=O)OC)[C@@H]1c1ccccc1Cl,408.88,2.27,99.9,2,7,8,0,0.1538,Cilofexor (GS-9674),FXR
T1546,CC(=O)Oc1ccccc1C(=O)Nc1ncc([N+](=O)[O-])s1,307.29,2.23,111.4,1,7,4,0,0.1538,Firsocostat (GS-0976),ACC
T1726,NC(=O)c1ccc(-c2nc(-c3ccc4c(c3)OCO4)c(-c3ccccn3)[nH]2)cc1,384.4,3.63,103.1,2,5,4,0,0.1538,Cilofexor (GS-9674),FXR
T1746,Cn1cc(-c2ccc(F)c(C(F)(F)F)c2)nc1C1CCN(c2ncnc3[nH]ncc23)CC1,445.42,4.3,75.5,1,5,3,0,0.1538,Denifanstat (TVB-2640),FASN
T1959,COc1cc2nc(N3CCCN(C)CC3)nc(NC3CCN(Cc4ccccc4)CC3)c2cc1OC,490.65,3.87,66.0,1,8,7,0,0.1538,Firsocostat (GS-0976),ACC
T2427,CCn1c2ccccc2c2cc(Nc3ccnc(NCCCN4CCOCC4)n3)ccc21,430.56,4.48,67.2,2,6,8,0,0.1538,Firsocostat (GS-0976),ACC
T2443,O=C(NOCC1CC1)c1ccc(F)c(F)c1Nc1ccc(I)cc1Cl,478.66,5.04,50.4,2,3,6,1,0.1538,BI-1467335,AOC3/VAP-1
T2449,NC(=O)c1ccc(-c2nc(-c3ccc4c(c3)OCCO4)c(-c3ccccn3)[nH]2)cc1,398.42,3.68,103.1,2,5,4,0,0.1538,Cilofexor (GS-9674),FXR
T2526,CC(C)C(=O)OCC(=O)[C@@]12O[C@H](C3CCCCC3)O[C@@H]1C[C@H]1[C@@H]3CCC4=CC(=O)C=C[C@]4(C)[C@H]3[C@@H](O)C[C@@]12C,540.7,4.7,99.1,1,7,5,1,0.1538,Obeticholic acid (OCA),FXR
T3193,Cc1ccc(NC(=O)CCCCCC(=O)Nc2ccccc2N)cc1,339.44,4.1,84.2,3,3,8,0,0.1538,BI-1467335,AOC3/VAP-1
T3709,COc1cc(N2CCN(C)CC2)ccc1Nc1ncc2c(n1)N(C)c1ccccc1C(=O)N2,445.53,3.31,85.9,2,8,4,0,0.1538,Denifanstat (TVB-2640),FASN
T4164,O=C(O)c1ccc(/C=C2\SC(=S)N(Cc3cccc(C(F)(F)F)c3)C2=O)cc1,423.44,4.81,57.6,1,4,4,0,0.1538,Cilofexor (GS-9674),FXR
T4212,CN1C(=O)c2sccc2N(C)c2nc(Nc3ccc(S(N)(=O)=O)cc3)ncc21,416.49,2.29,121.5,2,8,3,0,0.1538,Lanifibranor (IVA-337),PPAR-alpha/gamma/delta
T6123,O=C(/C=C\n1cnc(-c2cc(C(F)(F)F)cc(C(F)(F)F)c2)n1)NNc1ccccn1,442.32,3.99,84.7,2,5,5,0,0.1538,BI-1467335,AOC3/VAP-1
T6785,CCNC(=O)C#Cc1ccc2c(c1)NC(=O)/C2=C(\Nc1ccc(CN(C)C)cc1)c1ccccc1,464.57,4.17,73.5,3,4,6,0,0.1538,Denifanstat (TVB-2640),FASN
T6822,O=C(NN=Cc1cc(O)c(O)cc1O)c1cc2ccccc2cc1O,338.32,2.43,122.4,5,6,3,0,0.1538,BI-1467335,AOC3/VAP-1
T5193,Cc1c(F)cccc1NC(=O)Nc1ccc(Cl)c(S(=O)(=O)[C@H]2CCCNC2)c1O,441.91,3.66,107.5,4,5,4,0,0.1538,VK2809,THR-beta
T5770,[H][C@@]12[C@@H](O)CC3=C([C@H](C)C[C@H](O)[C@@]4([H])OC4(C)C)CC[C@]3(C)[C@@]1(C)CC[C@@]1([H])C(C)(C)C(=O)CC[C@]21C,472.71,5.84,70.1,2,4,4,1,0.1538,Obeticholic acid (OCA),FXR
T5753,COc1cc(O)c(C(=O)/C=C/c2ccc(O)cc2)c(OC)c1,300.31,3.01,76.0,2,5,5,0,0.1538,BI-1467335,AOC3/VAP-1
T7382,CC1(C)CC(NC(=O)C(=O)Nc2ccc(Br)cc2)CC(C)(C)N1,382.3,2.81,70.2,3,3,2,0,0.1538,BI-1467335,AOC3/VAP-1
T8467,NC(=O)c1ccc(-c2cnn3ccc(NCc4cccnc4)nc23)cc1,344.38,2.5,98.2,2,5,5,0,0.1538,BI-1467335,AOC3/VAP-1
T11538,NC(=S)n1nc(-c2ccc([N+](=O)[O-])cc2)c(/N=N/c2cccc(Cl)c2)c1O,402.82,4.32,131.9,2,7,4,0,0.1538,Lanifibranor (IVA-337),PPAR-alpha/gamma/delta
T15207,O=C1c2cc(-c3ccc(OC(F)(F)F)cc3)ccc2OCCN1Cc1ncccn1,415.37,4.08,64.6,0,5,4,0,0.1538,Cilofexor (GS-9674),FXR
T9053,O=C(/N=c1\sccn1Cc1ccccc1)c1c[nH]c2ncccc12,334.4,3.22,63.0,1,3,3,0,0.1538,Lanifibranor (IVA-337),PPAR-alpha/gamma/delta
T21954,COc1cc2ncnc(Nc3ccc(OCc4ccccc4)cc3)c2cc1OC,387.44,4.97,65.5,1,6,7,0,0.1538,Firsocostat (GS-0976),ACC
T9222,CC(C)n1ccc(S(=O)(=O)NC(=O)Nc2c3c(cc4c2CCC4)CCC3)n1,388.49,2.95,93.1,2,4,4,0,0.1538,Denifanstat (TVB-2640),FASN
T30798,CN(C)CCCOc1ccc2[nH]nc(S(=O)(=O)c3cccc4ccccc34)c2c1,409.51,3.88,75.3,1,5,7,0,0.1538,BI-1467335,AOC3/VAP-1
T9568,CC(C)(C)OC(=O)N1CCN(c2cc(-c3ccccc3O)nnc2N)CC1,371.44,2.49,104.8,2,7,2,0,0.1538,Denifanstat (TVB-2640),FASN
T25376,COc1cc2c(cc1OC)-c1c/c(=N\c3c(C)cc(C)cc3C)n(CCNC(N)=O)c(=O)n1CC2,477.57,2.72,112.9,2,5,6,0,0.1538,Firsocostat (GS-0976),ACC
T9678,CCn1cc(C(=O)O)c(=O)c2cnc(N3CCN(C(=S)Nc4cccc(C(F)(F)F)c4)CC3)nc21,506.51,3.05,103.6,2,6,4,1,0.1538,Cilofexor (GS-9674),FXR
TQ0305,Cc1cc2nc(NCCCO)n(CC(=O)c3cc(C(C)(C)C)c(O)c(C(C)(C)C)c3)c2cc1C,465.64,5.63,87.4,3,5,7,1,0.1538,BI-1467335,AOC3/VAP-1
T9711,O=C(O)C1CC(=O)N(CCC23CC4CC(CC(C4)C2)C3)C(=Nc2ccc(Cl)cc2)S1,447.0,5.35,70.0,1,4,5,1,0.1538,Cilofexor (GS-9674),FXR
T10591,Cn1c(=O)c2c(-c3ccccc3)n3c(c2n(C)c1=O)C(c1ccc(Br)o1)Oc1ccc(C(=O)O)cc1-3,548.35,4.23,108.6,1,5,3,1,0.1538,Firsocostat (GS-0976),ACC
T9710,Cc1nc(-c2ccccc2F)c(C(=O)NC(Cc2ccccc2)C(=O)C(N)=O)o1,395.39,2.18,115.3,2,5,7,0,0.1538,BI-1467335,AOC3/VAP-1
T60024,O=C1CC[C@H](N2C(=O)c3cccc4c(Cc5ccc(CN6CCOCC6)cc5)ccc2c34)C(=O)N1,469.54,3.03,79.0,1,5,5,0,0.1538,Firsocostat (GS-0976),ACC
T60043,COc1cc(-c2nc(-c3ccccc3)c(-c3cccs3)[nH]2)cc(OC)c1O,378.45,5.2,67.4,2,5,5,1,0.1538,Firsocostat (GS-0976),ACC
T10960,CC(C)(C)c1cc(/C=C2\SC(N)=NC2=O)cc(C(C)(C)C)c1O,332.47,3.92,75.7,2,4,1,0,0.1538,BI-1467335,AOC3/VAP-1
T12730,CC(C)(C)c1cc(NC(=O)Nc2ccc(-c3cccc4c(N)nccc34)cc2)no1,401.47,5.41,106.1,3,5,3,1,0.1538,Cilofexor (GS-9674),FXR
T28231,Cc1cc2c(s1)Nc1ccccc1N=C2N1CC[N+](C)([O-])CC1,328.44,3.45,50.7,1,5,0,0,0.1538,Denifanstat (TVB-2640),FASN
T26894,CC1(C)CC(=O)C2=C(C1)Nc1n[nH]c(C3CC3)c1[C@]2(C)c1ccccc1,347.46,4.66,57.8,2,3,2,0,0.1538,Denifanstat (TVB-2640),FASN
T13193,CCCOc1ccc(NC(=O)CN2CCN(C)CC2)cc1-c1nc(=O)c(CC)c(CC)[nH]1,441.58,2.54,90.6,2,6,9,0,0.1538,Denifanstat (TVB-2640),FASN
T67826,C[C@H](N)C(=O)OC1CCN(c2c(F)cc3c(=O)c(C(=O)O)cn4c3c2CC[C@H]4C)CC1,431.46,2.21,114.9,2,6,4,0,0.1538,Firsocostat (GS-0976),ACC
T61271,Cc1ccc2[nH]c(-c3cccc(NC(=O)CCc4ccccc4)c3)nc2c1,355.44,5.11,57.8,2,2,5,1,0.1538,Lanifibranor (IVA-337),PPAR-alpha/gamma/delta
T29097,c1ccc(Cn2nnc3c(Sc4ncco4)ncnc32)cc1,310.34,2.41,82.5,0,7,4,0,0.1538,Firsocostat (GS-0976),ACC
T12080,O=C(NN=Cc1ccc(Sc2ccccn2)o1)c1cccc(F)c1,341.37,3.73,67.5,1,5,5,0,0.1538,BI-1467335,AOC3/VAP-1
T77551,[H][C@@]12CC[N@@](C[C@@H]1CC)[C@]([H])([C@H](O)c1ccnc3ccc(O)cc13)C2,312.41,3.09,56.6,2,4,3,0,0.1538,Cilofexor (GS-9674),FXR
T21872,CCc1cc(-c2n[nH]c(C)c2-c2ccc3c(c2)OCCO3)c(O)cc1O,352.39,3.8,87.6,3,5,3,0,0.1538,Denifanstat (TVB-2640),FASN
T77580,CNS(=O)(=O)c1ccc(NCc2ccc(C(F)(F)F)cc2)c(-c2cn(C)cn2)c1,424.45,3.63,76.0,2,4,6,0,0.1538,BI-1467335,AOC3/VAP-1
T71534L,COc1ccc(CCNc2ncnc3sc(C)cc23)cc1OC,329.43,3.67,56.3,1,6,6,0,0.1538,Firsocostat (GS-0976),ACC
T77611,COc1ccc(C2=NC(=Cc3cccnc3)C(=O)O2)cc1OC,310.31,2.44,70.0,0,6,4,0,0.1538,Firsocostat (GS-0976),ACC
T73270,Cc1n[nH]c2c1C(c1ccsc1)C1=C(CC(C)(C)CC1=O)N2,313.43,3.98,57.8,2,4,1,0,0.1538,Denifanstat (TVB-2640),FASN
T14138,COc1cc(C=C(C#N)C(N)=O)cc(CSc2nc3ccccc3s2)c1O,397.48,3.7,109.2,2,7,6,0,0.1538,Firsocostat (GS-0976),ACC
T28722,COc1ccc([S+]([O-])c2ccc(C(C#N)N3CCN(C4CCCCC4)CC3)cc2)cc1,437.61,4.38,62.6,0,5,6,0,0.1538,Denifanstat (TVB-2640),FASN
T78210,O=C(NCc1ccc2cc(CNCC3CCC3)[nH]c2c1)c1cc(=O)n2ccccc2n1,415.5,3.0,91.3,3,4,7,0,0.1538,Denifanstat (TVB-2640),FASN
T16792,CCOC(=O)Cn1nc(C(F)(F)F)cc1-c1ccc(-c2cccc(S(C)(=O)=O)c2)cc1,452.45,4.2,78.3,0,5,6,0,0.1538,BI-1467335,AOC3/VAP-1
T72528,CCS(=O)(=O)Nc1ccc(Nc2c3ccccc3nc3ccccc23)c(OC)c1,407.5,4.9,80.3,2,5,6,0,0.1538,Firsocostat (GS-0976),ACC
T32155,CC(C)NCCCC1(C(N)=O)c2ccccc2-c2ccccc21,308.42,3.22,55.1,2,2,6,0,0.1538,BI-1467335,AOC3/VAP-1
T11337,CCOC(=O)[C@@]12CCCC=C1N(Cc1ccc(-c3ccccc3)cc1)C(=O)[C@H]2CC(=O)NC,446.55,4.07,75.7,1,4,7,0,0.1538,Firsocostat (GS-0976),ACC
T66703,O=C(N[C@H](CC1CCCCC1)C(=O)O)OCC1c2ccccc2-c2ccccc21,393.48,4.95,75.6,2,3,6,0,0.1538,Firsocostat (GS-0976),ACC
T27446,Cc1cc(F)c2[nH]c(=O)n(C3CCN(C4CCOCC4)CC3)c2c1,333.41,2.59,50.3,1,3,2,0,0.1538,Firsocostat (GS-0976),ACC
T35273,FC(F)(F)Oc1ccccc1-c1nnc(C#Cc2cccnc2)o1,331.25,3.43,61.0,0,5,2,0,0.1538,Firsocostat (GS-0976),ACC
T16979,Cn1ncnc1[C@H]1c2n[nH]c(=O)c3cc(F)cc(c23)N[C@@H]1c1ccc(F)cc1,380.36,2.63,88.5,2,5,2,0,0.1538,Resmetirom,THR-beta
T41014,Cn1c2ccccc2c(=O)c2c(=O)n(-c3ccccc3)c(C3CCCCC3)nc21,385.47,4.29,56.9,0,3,2,0,0.1538,Denifanstat (TVB-2640),FASN
T66694,O=C(N[C@@H](CC1CCCCC1)C(=O)O)OCC1c2ccccc2-c2ccccc21,393.48,4.95,75.6,2,3,6,0,0.1538,Firsocostat (GS-0976),ACC
T39104,COc1cc(Nc2nccc(Nc3cccnc3-c3ccccn3)n2)ccc1N1CCN(C)CC1,468.57,4.18,91.3,2,9,7,0,0.1538,Firsocostat (GS-0976),ACC
T39402,O=C(ON1C(=O)CCC1=O)c1ccc2c(c1)C(=O)OC21c2cc(F)c(O)cc2Oc2cc(O)c(F)cc21,509.37,3.16,139.7,2,9,2,1,0.1538,Cilofexor (GS-9674),FXR
T21265,CCOC(=O)C1=C(COCCN)NC(C)=C(C(=O)OC)[C@H]1c1ccccc1Cl,408.88,2.27,99.9,2,7,8,0,0.1538,Cilofexor (GS-9674),FXR
T67563,C[C@H](NC(=O)OCC1c2ccccc2-c2ccccc21)C(=O)O,311.34,3.0,75.6,2,3,4,0,0.1538,BI-1467335,AOC3/VAP-1
T1534,NC(=O)C(c1ccccc1)(c1ccccc1)[C@@H]1CCN(CCc2ccc3c(c2)CCO3)C1,426.56,3.96,55.6,1,3,7,0,0.1532,Firsocostat (GS-0976),ACC
T1906,CCNC(=O)C[C@@H]1N=C(c2ccc(Cl)cc2)c2cc(OC)ccc2-n2c(C)nnc21,423.9,3.66,81.4,1,5,5,0,0.1532,Cilofexor (GS-9674),FXR
T2240,O=C(Nc1cccnc1)c1cc(-c2ccnc(F)c2)ccc1OCc1ccccc1,399.43,5.11,64.1,1,4,6,1,0.1532,Firsocostat (GS-0976),ACC
T2263,CC(C)(CO)c1cc2cc(NC(=O)C3(c4ccc5c(c4)OC(F)(F)O5)CC3)c(F)cc2n1C[C@@H](O)CO,520.5,3.4,113.2,4,6,8,1,0.1532,Firsocostat (GS-0976),ACC
T4340,O=C1Nc2ccc(S(=O)(=O)NCc3ccc(F)cc3)cc2/C1=N/Nc1cccc(C(=O)O)c1,468.47,2.77,137.0,4,6,7,0,0.1532,Cilofexor (GS-9674),FXR
T4442,O=C(c1ccc(-c2ccc(Cl)cc2)o1)N(Cc1ccccn1)c1ccc(N2CCNCC2)cc1,472.98,5.25,61.6,1,5,6,1,0.1532,Cilofexor (GS-9674),FXR
T5354,Nc1ccc(-c2cccc(C(=O)Nc3cnc4nc(N5CCOCC5)oc4c3)n2)cn1,417.43,2.35,132.3,2,9,4,0,0.1532,Cilofexor (GS-9674),FXR
T8782,O=C(COc1ccc(Br)c2ccccc12)NN=Cc1ccc([N+](=O)[O-])s1,434.27,4.1,93.8,1,6,6,0,0.1532,Firsocostat (GS-0976),ACC
T9075,O=C(Nc1ccncc1)c1cn(Cc2ccc(Cl)c(Cl)c2)c(=O)c2cnn(C3CCNCC3)c12,497.39,4.12,93.8,2,5,5,0,0.1532,VK2809,THR-beta
T9110,O=C(Nc1cnn(Cc2ccc(C(F)(F)F)cc2C(F)(F)F)c1)c1cc(-c2ccco2)on1,470.33,5.47,86.1,1,5,5,1,0.1532,Cilofexor (GS-9674),FXR
T17300,C[C@H](NC(=O)CCc1ccc(F)c(F)c1)c1cncc(N2CCN(c3ccccn3)CC2)n1,452.51,3.29,74.2,1,6,7,0,0.1532,Cilofexor (GS-9674),FXR
T7949,CC(C1CC1)n1cnc2c(NCc3cccc(C(F)(F)F)c3)nc(NCCN(C)C)nc21,447.51,4.4,70.9,2,6,9,0,0.1532,VK2809,THR-beta
T12123,CCNC(=O)Nc1ccc(-c2nc3c(c(N4CCOC[C@@H]4C)n2)CCN(c2ncccn2)C3)cc1,474.57,2.86,108.4,2,8,5,0,0.1532,Firsocostat (GS-0976),ACC
T30751,COC(=O)[C@H](Cc1ccc(-n2c(=O)c3cc(N(C)C)ccc3n(C)c2=O)cc1)NC(=O)c1c(Cl)cccc1Cl,569.45,3.58,102.6,1,6,7,1,0.1532,VK2809,THR-beta
T13416,COc1cc(N2CCN(C)CC2)ccc1Nc1ncc(Cl)c(Nc2ccccc2NS(C)(=O)=O)n1,518.04,3.75,111.7,3,9,8,1,0.1532,Cilofexor (GS-9674),FXR
T35900,Cc1cnc(Nc2ccc3c(c2)CCN(C(=O)/C=C/CN(C)C)C3)nc1-c1cnn(C(C)C)c1,459.6,3.98,79.2,1,6,7,0,0.1532,Denifanstat (TVB-2640),FASN
T17243,Cc1csc(N(C(=O)CSc2ccc(-c3ccccc3)nn2)C2CC2)n1,382.51,4.2,59.0,0,6,6,0,0.1532,Firsocostat (GS-0976),ACC
T40186,C=CC(=O)N1C[C@H](C)N(c2nc(=O)n(-c3c(C4CC4)ncnc3C3CC3)c3nc(-c4c(N)cccc4F)c(F)cc23)C[C@H]1C,598.66,4.46,123.1,1,8,6,1,0.1532,Cilofexor (GS-9674),FXR
T12320,Cc1c(CNC2CCCC2)nn(-c2ncccc2Cl)c1-c1cccnc1,367.88,4.32,55.6,1,4,5,0,0.1532,Firsocostat (GS-0976),ACC
T64362,O=c1ccccn1-c1ccc(N[C@H]2CC[C@H](Nc3ncc(OC(F)F)cn3)C2)nc1,414.42,3.07,94.0,2,7,7,0,0.1532,Firsocostat (GS-0976),ACC
T13254L,CCOC(=O)Nc1cc(NCCN(C)C)c2nc(-c3ccccc3)c(-c3ccccc3)nc2n1,456.55,4.9,92.3,2,7,8,0,0.1532,Firsocostat (GS-0976),ACC
T9310,O=C(Nc1ccc(-c2nc(N3CC4CCC(C3)O4)c3sccc3n2)cc1)Nc1cccnc1,458.55,4.76,92.3,2,7,4,0,0.1532,Cilofexor (GS-9674),FXR
T12848,COc1cc(Br)c(S(=O)(=O)Nc2ccc(Cl)c(O[C@@H]3CCN(C)C3)c2)cc1OC,505.82,4.0,77.1,1,6,7,1,0.1532,Firsocostat (GS-0976),ACC
T67791,CS(=O)(=O)c1ccc(-n2cc(Cl)c(OC3CCN(c4ncc(Cl)cn4)CC3)cc2=O)c(F)c1,513.38,3.52,94.4,0,7,5,1,0.1532,Cilofexor (GS-9674),FXR
T37908,[H][C@@]12C[C@@]3([H])O[C@@H](c4ccc(Cc5cccc(N)c5)cc4)O[C@@]3(C(=O)CO)[C@@]1(C)C[C@H](O)[C@@]1([H])[C@@]2([H])CCC2=CC(=O)C=C[C@@]21C,569.7,4.46,119.1,3,7,5,1,0.1532,VK2809,THR-beta
T16897,COC(=O)C1=C(C)NC(C)=C(c2nc(CN(C)Cc3ccccc3)no2)C1c1cccc([N+](=O)[O-])c1,489.53,4.17,123.6,1,9,8,0,0.1532,Firsocostat (GS-0976),ACC
T12680,NC(=O)C(c1ccccc1)(c1ccccc1)C1CCN(CCc2ccc3c(c2)CCO3)C1,426.56,3.96,55.6,1,3,7,0,0.1532,Firsocostat (GS-0976),ACC
T62832,CC(C)c1cc(-c2ccc3c(c2)[C@H](N)CO3)cc([C@H](O)Cn2ccc3cccc(C(=O)O)c32)c1,456.54,5.26,97.7,3,4,6,1,0.1532,VK2809,THR-beta
T60203,CNC(=O)c1ccc(-c2ccc(C3(C(=O)N4CC[C@@]5(C4)OC(=O)c4ccccc45)CC3)cc2)cn1,467.53,3.44,88.6,1,5,4,0,0.1532,Cilofexor (GS-9674),FXR
T28171,C=CCN(C(=O)OCc1ccc([N+](=O)[O-])cc1)C1CCN(C[C@H]2CN(C(=O)C3CCCC3)C[C@]2(O)c2ccccc2)CC1,590.72,4.72,116.5,1,7,10,1,0.1532,Cilofexor (GS-9674),FXR
T87334,C[C@H](NC(=O)c1cn(C)c2ccc(-c3ccn4nc(NC(=O)C5CC5)nc4c3)cc12)c1cccc(F)c1,496.55,4.87,93.3,2,4,6,0,0.1532,Denifanstat (TVB-2640),FASN
T39102,COc1ccc(Nc2ccc3ncc(-c4cc5cccc(OC)c5s4)n3n2)cc1OC,432.51,5.38,69.9,1,7,6,1,0.1532,Firsocostat (GS-0976),ACC
T2042,CNC(=O)c1ccccc1Nc1nc(Nc2ccc(N3CCNCC3)cc2)ncc1Cl,437.94,3.39,94.2,4,7,6,0,0.1531,Denifanstat (TVB-2640),FASN
T2058,Cc1cc(NC(=O)NCCN2CCC(O)(Cc3ccccc3)CC2)c2ccccc2n1,418.54,3.73,77.5,3,4,6,0,0.1531,Denifanstat (TVB-2640),FASN
T4114,COc1cc(C)c(C(=O)Oc2cc(C)c(C(=O)O)c(O)c2C)c(OC)c1C,374.39,3.56,102.3,2,6,5,0,0.1531,Firsocostat (GS-0976),ACC
T4121,COC(=O)c1cc(OC)c2c(c1-c1c(CO)cc(OC)c3c1OCO3)OCO2,390.34,2.11,101.9,1,9,5,0,0.1531,Firsocostat (GS-0976),ACC
T4412,CN(C(=O)c1c(O)c2ccccc2n(C)c1=O)c1ccccc1,308.34,2.52,62.5,1,3,2,0,0.1531,Firsocostat (GS-0976),ACC
T6118,COc1cccc(-c2cc(F)ccc2[C@H]2Cc3nc(N)nc(C)c3C(=O)N2)n1,379.4,2.6,103.0,2,6,3,0,0.1531,Denifanstat (TVB-2640),FASN
T5S2178,COc1ccc([C@@H]2OC[C@H]3[C@@H]2CO[C@@H]3c2ccc3c(c2)OCO3)cc1OC,370.4,3.51,55.4,0,6,4,0,0.1531,Firsocostat (GS-0976),ACC
T5S2357,CC(=O)O[C@H]1Cc2cc3c(cc2[C@H]2N(C)Cc4c(ccc5c4OCO5)[C@@]12C)OCO3,409.44,3.08,66.5,0,7,1,0,0.1531,Denifanstat (TVB-2640),FASN
T5117,O=C(NC(=O)c1c(F)cccc1F)Nc1cc(Cl)c(OC(F)(F)C(F)F)c(Cl)c1,461.15,5.47,67.4,2,3,5,1,0.1531,Cilofexor (GS-9674),FXR
T5168,O=C(Nc1cccc(Nc2cc(Nc3cccc(C(F)(F)F)c3)ncn2)c1)C1CC1,413.4,5.33,78.9,3,5,6,1,0.1531,Cilofexor (GS-9674),FXR
T5385,O=C(Nc1ccc2[nH]c(=O)oc2c1)C(=O)N1CCC(Cc2ccc(F)cc2)CC1,397.41,2.68,95.4,2,4,3,0,0.1531,Denifanstat (TVB-2640),FASN
T8217,CC1(C)C(=O)N(c2ccc(C#N)c(C(F)(F)F)c2)C(=S)N1c1ccc(C(=O)O)c(F)c1,451.4,4.33,84.6,1,4,3,0,0.1531,Denifanstat (TVB-2640),FASN
TP1437,C[C@@H](C(=O)O)N(C)C(=O)OCC1c2ccccc2-c2ccccc21,325.36,3.34,66.8,1,3,4,0,0.1531,Firsocostat (GS-0976),ACC
TQ0074,O=C(NO)c1cnc(NC2(c3cccc(F)c3)CCCCC2)nc1,330.36,3.01,87.1,3,5,4,0,0.1531,Cilofexor (GS-9674),FXR
T15422,O=C1N=C(Nc2c(Cl)cccc2Cl)S/C1=C\c1ccc2nccnc2c1,401.28,5.02,67.2,1,5,2,1,0.1531,Cilofexor (GS-9674),FXR
T19794,CC1CN(c2cc3c(cc2F)c(=O)c(C(=O)O)cn3-c2ccc(F)cc2F)CCN1,417.39,2.9,74.6,2,4,3,0,0.1531,Denifanstat (TVB-2640),FASN
T28628,COc1cc(OC)c2c(=O)[nH]c(-c3cc(C)c(OCCN4CCCC4)c(C)c3)nc2c1,423.51,3.7,76.7,1,6,7,0,0.1531,Denifanstat (TVB-2640),FASN
T33514,O=C(Nc1nc2cc(C(F)(F)F)cc(NC3CC3)n2n1)c1cccnc1,362.31,2.97,84.2,2,5,4,0,0.1531,Denifanstat (TVB-2640),FASN
T38361,O=C(Cn1c(CCNCC(=O)c2ccccc2)nc2ccccc21)Nc1ccc2c(c1)CCC2,452.56,4.18,76.0,2,4,9,0,0.1531,Lanifibranor (IVA-337),PPAR-alpha/gamma/delta
T40042,O=c1[nH]ncc(N2CCc3c(ncnc3Oc3ccc(F)cc3C(F)(F)F)C2)c1Cl,441.77,3.73,84.0,1,6,3,0,0.1531,Resmetirom,THR-beta
T11784,O=C(N1CCCCC1c1ccccc1)n1cc(-c2ccc(-c3cccc(CO)c3)cc2)nn1,438.53,5.3,71.2,1,4,4,1,0.1531,Denifanstat (TVB-2640),FASN
T21443,[H][C@@]12CC[C@](OC(=O)OCC)(C(=O)COC(=O)CC)[C@@]1(C)C[C@H](O)[C@@]1([H])[C@@]2([H])CCC2=CC(=O)C=C[C@@]21C,488.58,3.7,116.2,1,8,6,0,0.1531,Obeticholic acid (OCA),FXR
T60736,CC(=O)CC(c1ccccc1)c1c(O)c2ccccc2oc1=O,308.33,3.61,67.5,1,4,4,0,0.1531,Firsocostat (GS-0976),ACC
T61575,O=C(NCCO)c1ccc2[nH]c3c(c2c1)CCN(C(=O)Cc1ccccc1)C3,377.44,2.02,85.4,3,3,5,0,0.1531,Denifanstat (TVB-2640),FASN
T22466,CCCn1c(=O)c2[nH]c(-c3ccccc3)nc2n(CCC)c1=O,312.37,2.37,72.7,1,3,5,0,0.1531,Firsocostat (GS-0976),ACC
T28270,c1ccc2c(c1)OC[C@H](CNCCCOc1ccc3c(c1)OCO3)O2,343.38,2.61,58.2,1,6,7,0,0.1531,Cilofexor (GS-9674),FXR
TN1834,[H][C@]12CO[C@H](c3ccc4c(c3)OCO4)[C@@]1([H])CO[C@@H]2c1ccc(OC)c(OC)c1,370.4,3.51,55.4,0,6,4,0,0.1531,Firsocostat (GS-0976),ACC
T1261,[H][C@@]12C[C@H](C)C3=CC(=O)CC[C@]3(C)[C@@]1([H])CC[C@@]1(C)[C@@]2([H])CC[C@]1(OC(C)=O)C(C)=O,386.53,4.66,60.4,0,4,2,0,0.1529,Obeticholic acid (OCA),FXR
T1836,COc1cc2ncnc(Oc3ccc(CC(=O)Nc4cnn(C(C)C)c4)cc3)c2cc1OC,447.5,4.4,100.4,1,7,8,0,0.1529,BI-1467335,AOC3/VAP-1
T1963,CNC(=O)c1ccc(-c2cnc3ncc(Cc4ccc5ncccc5c4)n3n2)cc1F,412.43,3.43,85.1,1,5,4,0,0.1529,BI-1467335,AOC3/VAP-1
T2587,CC(C)c1cc2c(cc1S(=O)(=O)[O-])[C@@]1(C)CCC[C@@](C)(C(=O)O)[C@@H]1CC2,379.5,3.81,94.5,1,4,3,0,0.1529,Obeticholic acid (OCA),FXR
T4182,O=C(O)c1cc(N(Cc2ccccc2O)Cc2ccccc2O)ccc1O,365.39,3.71,101.2,4,5,6,0,0.1529,VK2809,THR-beta
T6578,C[C@H](NC(=O)CCc1nc2ccccc2c(=O)[nH]1)c1ccccc1,321.38,2.73,74.8,2,3,5,0,0.1529,Lanifibranor (IVA-337),PPAR-alpha/gamma/delta
T5490,O=C(Nc1cccc(Br)c1)c1cccc(S(=O)(=O)N2CCCCCC2)c1,437.36,4.27,66.5,1,3,4,0,0.1529,Lanifibranor (IVA-337),PPAR-alpha/gamma/delta
T8021,CC(=C(CCOC(=O)c1ccccc1)SC(=O)c1ccccc1)N(C=O)Cc1cnc(C)nc1N,490.59,4.38,115.5,1,8,10,0,0.1529,BI-1467335,AOC3/VAP-1
T12783,Cc1c(C(=O)NCCCO)cnn1-c1nc(-c2cccc(C(F)(F)F)c2)cs1,410.42,3.44,80.0,2,5,6,0,0.1529,BI-1467335,AOC3/VAP-1
T4672,[H][C@@]12[C@H](C)C(=O)O[C@]1([H])C[C@@H](C)[C@]1([H])C=CC(=O)[C@@]1(C)[C@H]2OC(=O)/C(C)=C\C,346.42,2.84,69.7,0,5,2,0,0.1529,Obeticholic acid (OCA),FXR
T18891L,CN(C)c1ccc2c(-c3ccc(C(=O)O)cc3C(=O)O)c3ccc(N(C)C)cc3[o+]c2c1,431.47,5.06,92.4,2,4,5,1,0.1529,Denifanstat (TVB-2640),FASN
TN1932,C/C=C(\C)C(=O)O[C@H]1[C@@H]2[C@H](C)C(=O)O[C@@H]2C[C@@H](C)[C@@H]2C=CC(=O)[C@]21C,346.42,2.84,69.7,0,5,2,0,0.1529,Obeticholic acid (OCA),FXR
T15782,CN1CCCn2c1cc(OCc1cc(F)c(Oc3ccc(C(F)(F)F)nc3)c(F)c1)nc2=O,468.38,4.15,69.5,0,6,5,0,0.1529,BI-1467335,AOC3/VAP-1
T10547,CC(C)N(C)c1nc2cc(C(=O)O)ccc2nc1-c1ccc(F)cc1,339.37,3.98,66.3,1,4,4,0,0.1529,Lanifibranor (IVA-337),PPAR-alpha/gamma/delta
T12414,O=C(O)C[C@@H](NC(=O)c1cc(-c2ccc(-c3ccncc3)cc2)cs1)c1ccccc1,428.51,5.42,79.3,2,4,7,1,0.1529,Lanifibranor (IVA-337),PPAR-alpha/gamma/delta
T67903,O=S(=O)(c1ccc(-c2ccccc2)cc1)N1CCN(c2ncccc2C(F)(F)F)CC1,447.48,4.28,53.5,0,4,4,0,0.1529,Lanifibranor (IVA-337),PPAR-alpha/gamma/delta
T23542,CC1=C(C#N)C(=C(C#N)C#N)OC1(C)c1ccc(Cl)c(Cl)c1,330.17,4.38,80.6,0,4,1,0,0.1529,Denifanstat (TVB-2640),FASN
T84298,Cc1cc(F)ccc1Oc1ncc(C(F)(F)F)cc1C(=O)Nc1cccc([S@](C)(=N)=O)c1,467.44,5.63,92.1,2,5,5,1,0.1529,BI-1467335,AOC3/VAP-1
T9581,CC(C)Cn1ncc2cc(Oc3ccc(F)cc3F)c(C(=O)NCCN(C)C)cc21,416.47,4.05,59.4,1,4,8,0,0.1529,BI-1467335,AOC3/VAP-1
T3207,COc1cc(OC)c(/C=C/S(=O)(=O)Cc2ccc(OC)c(OP(=O)(O)O)c2)c(OC)c1,474.42,2.78,137.8,2,8,10,0,0.1528,BI-1467335,AOC3/VAP-1
T6635,CCc1c(C(=O)NNC(=O)C(O)c2cc(F)cc(F)c2)ccc(O)c1C,364.35,2.04,98.7,4,4,4,0,0.1528,BI-1467335,AOC3/VAP-1
T23515,O=C(Nc1cc(-c2ccccc2)nn1-c1ccccc1)c1ccc([N+](=O)[O-])cc1,384.4,4.7,90.1,1,4,5,0,0.1528,BI-1467335,AOC3/VAP-1
TQ0017,CC[C@@H](C)NS(=O)(=O)c1ccc(F)c(C(=O)Nc2ccc(F)c(F)c2)c1,386.4,3.43,75.3,2,3,6,0,0.1528,BI-1467335,AOC3/VAP-1
T12480,NC(=O)C1(N2CCCCC2)CCN(CCCC(=O)c2ccc(F)cc2)CC1,375.49,2.59,66.6,1,4,7,0,0.1528,BI-1467335,AOC3/VAP-1
T15137,O=C(Nc1ccc(C(F)(F)F)cc1)c1cc(Cl)cc2nc(C(F)(F)F)[nH]c12,407.7,5.51,57.8,2,2,2,1,0.1528,BI-1467335,AOC3/VAP-1
T67952,COc1ccc(CN=C(C)c2c(O)c3ccccc3oc2=O)cc1,323.35,3.52,72.0,1,5,4,0,0.1528,BI-1467335,AOC3/VAP-1
T29131,O=C(COc1ccc2ccccc2c1Br)Nc1cccnc1,357.21,4.01,51.2,1,3,4,0,0.1528,BI-1467335,AOC3/VAP-1
T1894,CC[C@H](Nc1ncnc2nc[nH]c12)c1nc2cccc(F)c2c(=O)n1-c1ccccc1,415.43,3.75,101.4,2,6,5,0,0.1525,Firsocostat (GS-0976),ACC
T2018,Cc1cccc(/C=N/Nc2cc(N3CCOCC3)nc(OCCc3ccccn3)n2)c1,418.5,3.08,84.8,1,8,8,0,0.1525,Firsocostat (GS-0976),ACC
T3633,C[C@H](NC(=O)CCC(F)(F)F)C(=O)N[C@@H]1C(=O)N(CCO)c2ncccc2-c2ccccc21,464.44,2.09,111.6,3,5,7,0,0.1525,Firsocostat (GS-0976),ACC
T4262,NC(=O)C[S+]([O-])C(c1ccc(F)cc1)c1ccc(F)cc1,309.34,2.29,66.2,1,2,5,0,0.1525,BI-1467335,AOC3/VAP-1
T8900,COc1ccc(-c2cncc(N[C@@H](C)c3cccc(NC(=O)c4cncc(C)c4)c3)n2)cc1OC,469.55,5.29,98.3,2,7,8,1,0.1525,Firsocostat (GS-0976),ACC
T12128,CC(C)[C@H]1COC(=O)N1c1ccnc(N[C@@H](C)c2ccc(CN3CCC(F)(F)CC3)cc2)n1,459.54,4.86,70.6,1,6,7,0,0.1525,Firsocostat (GS-0976),ACC
T11067,[2H]c1nc(C)nc([2H])c1-c1cc(NC[C@@H](C)c2cccc3c(C(=O)NC)ccnc23)ncn1,415.5,3.37,105.6,2,7,6,0,0.1525,Firsocostat (GS-0976),ACC
T67934,O=C1CCC(N2Cc3ccc(COC(=O)Nc4cc(OC(F)(F)F)ccc4F)cc3C2=O)C(=O)N1,495.39,3.23,114.0,2,6,5,0,0.1525,Cilofexor (GS-9674),FXR
T39640,CC(=O)N1CC(F)(F)c2c(Sc3ncc(N4CCC5(CC4)COC[C@H]5N)nc3N)cccc21,476.55,2.61,110.6,2,8,3,0,0.1525,Cilofexor (GS-9674),FXR
T124192,[H][C@@]12/C=C(\C)[C@H](OC(C)=O)C[C@@H](OC(C)=O)C(C)(C)/C=C/[C@H](C)[C@H](OC(C)=O)[C@@]1(O)C[C@H](C)[C@@H]2OC(=O)c1ccccc1,584.71,4.96,125.4,1,9,5,1,0.1525,Firsocostat (GS-0976),ACC
T83629,Cc1c(C(=O)Nc2c(C)n(C)n(C3CCCCC3)c2=O)noc1[C@@H]1OCC(C)(C)O[C@H]1C,446.55,3.8,100.5,1,6,4,0,0.1525,Firsocostat (GS-0976),ACC
T0083,COC(=O)[C@@H]1CC2=CC(=O)CC[C@]2(C)[C@@]23O[C@@H]2C[C@@]2(C)[C@@H](CC[C@@]24CCC(=O)O4)[C@H]13,414.5,3.12,82.2,0,6,1,0,0.1524,Aramchol,SCD1
T1242,C[C@H]1CN(C[C@H](Cc2ccccc2)C(=O)NCC(=O)O)CC[C@@]1(C)c1cccc(O)c1,424.54,3.05,89.9,3,4,8,0,0.1524,Aramchol,SCD1
T2013,O=C(O)Cc1nn(Cc2ccc(Br)cc2F)c(=O)c2ccccc12,391.2,2.97,72.2,1,3,4,0,0.1524,Firsocostat (GS-0976),ACC
T2337,COc1ccc(-c2ccccc2)cc1NS(=O)(=O)c1cc(Cl)cc(Cl)c1O,424.31,5.18,75.6,2,4,5,1,0.1524,Firsocostat (GS-0976),ACC
T3061,C[C@H]1Oc2cc(cnc2N)-c2c(nn(C)c2C#N)CN(C)C(=O)c2ccc(F)cc21,406.42,2.8,110.1,1,6,0,0,0.1524,Denifanstat (TVB-2640),FASN
T3874,[H][C@@]1(O[C@H]2CC[C@@]3(C)C(=CC[C@@]4([H])[C@]5([H])C[C@]6([H])O[C@]7(CC[C@@H](C)CO7)[C@@H](C)[C@]6([H])[C@@]5(C)CC[C@@]43[H])C2)O[C@H](CO)[C@@H](O)[C@H](O)[C@H]1O,576.77,3.54,117.8,4,8,3,1,0.1524,Obeticholic acid (OCA),FXR
T4220,CNC(=O)CNc1cnc2ccc(-c3ccc(OC)c(OC)c3)cc2n1,352.39,2.47,85.4,2,6,6,0,0.1524,Firsocostat (GS-0976),ACC
T6318,Cc1ccc(NC(=O)c2cccc(C(C)(C)C#N)c2)cc1Nc1ccc2ncn(C)c(=O)c2c1,451.53,5.04,99.8,2,5,5,1,0.1524,Denifanstat (TVB-2640),FASN
T7804,CC1NCc2cc(-c3ccc4c(=O)c(C(=O)O)cn(C5CC5)c4c3OC(F)F)ccc21,426.42,4.47,80.6,2,4,5,0,0.1524,Denifanstat (TVB-2640),FASN
T16764,COc1ccccc1NC(=O)c1ccccc1Sc1ccc([N+](=O)[O-])cc1,380.43,5.01,81.5,1,5,6,1,0.1524,Firsocostat (GS-0976),ACC
T50084,COc1ccc(NC(=O)C=Cc2cn(-c3ccccc3)nc2-c2ccc(C)cc2)cc1,409.49,5.51,56.1,1,3,6,1,0.1524,Cilofexor (GS-9674),FXR
T10602L,CCN1CCN(C(c2cccnc2)c2cc(Cl)c3cccnc3c2O)CC1,382.9,3.72,52.5,1,5,4,0,0.1524,Cilofexor (GS-9674),FXR
T9411,O=C(Cc1ccc(-c2ccc(N3CCOCC3)cc2)cn1)NCc1cccc(F)c1,405.47,3.58,54.5,1,4,6,0,0.1524,Cilofexor (GS-9674),FXR
T22118,O=C1C=C(N[C@@H](Cc2c[nH]c3ccccc23)C(=O)O)C(=O)c2ccccc21,360.37,2.72,99.3,3,4,5,0,0.1524,Firsocostat (GS-0976),ACC
T10683,O=C(O)c1ccc2[nH]cc(CCCCN3CC=C(c4ccccc4)CC3)c2c1,374.48,4.98,56.3,2,2,7,0,0.1524,Cilofexor (GS-9674),FXR
T11025,CCOc1nn(-c2ncc(CC)cn2)c(C)c1Oc1ccccc1Br,403.28,4.49,62.1,0,5,6,0,0.1524,Firsocostat (GS-0976),ACC
T60147,CC[C@@H](Nc1c(C#N)c(-c2ccc(-c3cccc(C)c3F)cc2)nc2cnccc12)C(=O)O,440.48,5.56,98.9,2,5,6,1,0.1524,Denifanstat (TVB-2640),FASN
T72048,O=C1NCCC12CCN(c1c(Cl)cncc1-c1cc3ccccc3o1)CC2,381.86,4.25,58.4,1,4,2,0,0.1524,Cilofexor (GS-9674),FXR
T34905,CC1=NN(c2ccc(C)c(C)c2)C(=O)C1N=Nc1cccc(-c2cccc(-c3nnn[nH]3)c2)c1O,466.51,4.73,132.1,2,8,5,0,0.1524,Denifanstat (TVB-2640),FASN
T72053,Cc1cccc(CC(=O)N2CCc3cc(-c4cn(C)c5ncnc(N)c45)ccc32)n1,398.47,3.05,89.9,1,5,3,0,0.1524,Denifanstat (TVB-2640),FASN
T62263,CCn1nc2c(c1Nc1nc(-c3ccc(-n4cnc(C)c4)c(F)c3)cs1)CCCC2,422.53,5.28,60.6,1,5,5,1,0.1524,Denifanstat (TVB-2640),FASN
T24021,CC1(C)CC2(NC(=O)N(CCCN3CCC(O)CC3)C2=O)c2cc(Cl)ccc2O1,421.93,2.5,82.1,2,5,4,0,0.1524,VK2809,THR-beta
T3635,CC(=O)c1ccc(N/N=C(/C(N)=O)C2=NC(C)(C)Cc3ccccc32)cc1,362.43,2.97,96.9,2,5,5,0,0.1522,Denifanstat (TVB-2640),FASN
T4052,O=C(OC(C(F)(F)F)C(F)(F)F)N1CCC(C(O)(c2ccc3c(c2)OCO3)c2ccc3c(c2)OCO3)CC1,549.42,4.72,86.7,1,7,4,1,0.1522,Denifanstat (TVB-2640),FASN
T4519,[H][C@@]12[C@@H](O)CC3=C([C@H](C)C[C@H](O)[C@@H](O)C(C)(C)O)CC[C@]3(C)[C@@]1(C)CC[C@@]1([H])C(C)(C)C(=O)CC[C@]21C,490.73,4.79,98.0,4,5,5,0,0.1522,Obeticholic acid (OCA),FXR
T8722,N#CCC(=O)NNC(=S)Nc1ccc(Cl)c(Cl)c1,303.17,2.22,76.9,3,3,2,0,0.1522,Cilofexor (GS-9674),FXR
T15160,O=C(c1cc(Cl)c(O)c(Cl)c1)N1CS(=O)(=O)c2ccccc21,358.2,3.09,74.7,1,4,1,0,0.1522,Cilofexor (GS-9674),FXR
T21193,CC(=O)OCC(=O)[C@@]1(O)CC[C@H]2[C@@H]3CCC4=CC(=O)C=C[C@]4(C)[C@]3(F)[C@@H](O)C[C@@]21C,420.48,2.22,100.9,2,6,3,0,0.1522,Obeticholic acid (OCA),FXR
TQ0249,C=C(C)[C@H](O)[C@@H](O)C[C@@H](C)C1=C2C[C@H](O)[C@H]3[C@@]4(C)CCC(=O)C(C)(C)[C@@H]4CC[C@]3(C)[C@@]2(C)CC1,472.71,5.6,77.8,3,4,5,1,0.1522,Obeticholic acid (OCA),FXR
T61477,O=C(CSc1nnc2c(n1)[nH]c1ccccc12)Nc1ccc(Cl)cn1,370.83,3.29,96.5,2,6,4,0,0.1522,Lanifibranor (IVA-337),PPAR-alpha/gamma/delta
T11886,C[C@H](C(=O)Nc1nc2ccccc2[nH]1)N1Cc2ccccc2C1=O,320.35,2.55,78.1,2,3,3,0,0.1522,Denifanstat (TVB-2640),FASN
T60976,Cc1[nH]nc(C(=O)Nc2cnc3[nH]c(-c4ccccc4)cc3c2)c1C,331.38,3.82,86.5,3,3,3,0,0.1522,Denifanstat (TVB-2640),FASN
T24865,[H][C@@]12C(=C[C@H](C)C[C@@H]1OC(=O)C(C)(C)CC)C=C[C@H](C)[C@@H]2CC[C@@H](O)C[C@@H](O)CC(=O)O,436.59,4.11,104.1,3,5,10,0,0.1522,Obeticholic acid (OCA),FXR
T28059,CC(C)(O)c1ccc(-c2nc(-c3ccc(F)cc3)oc2Sc2ccc(Cl)cn2)cn1,441.92,5.97,72.0,1,6,5,1,0.1522,Lanifibranor (IVA-337),PPAR-alpha/gamma/delta
T85727,CN(C)c1cccc(Nc2cc(-c3ccccc3)nc(C3CCNCC3)n2)c1,373.5,4.42,53.1,2,5,5,0,0.1522,Denifanstat (TVB-2640),FASN
T32402,C=C(C)[C@@H]1CCC(C)=C[C@H]1c1c(O)cc(CC2CN(C(C)=O)C2)cc1O,355.48,4.13,60.8,2,3,4,0,0.1522,Denifanstat (TVB-2640),FASN
T6059,CCCc1cc(C)[nH]c(=O)c1CNC(=O)c1cc(-c2ccnc(N3CCN(C)CC3)c2)cc2c1cnn2C(C)C,541.7,4.31,99.1,2,6,8,1,0.1520,Cilofexor (GS-9674),FXR
T8916,C=CCn1c(=O)c2cnc(Nc3ccc4c(c3)CN(C)CC43CC3)nc2n1-c1cccc(C(C)(C)O)n1,497.6,3.61,101.1,2,7,6,0,0.1520,Cilofexor (GS-9674),FXR
T39291,COc1ncc(-c2ccc3ncc(OCCN(C)C)c(=O)n3c2)cc1NS(=O)(=O)c1ccc(F)cc1Cl,548.0,3.3,115.1,1,8,9,1,0.1520,Firsocostat (GS-0976),ACC
T10342,[H][C@@]12Cc3c([nH]c4ccccc34)CN1C(C)(C)N([C@@H](CC(C)C)C(=O)N[C@H](C(=O)OCc1ccccc1)C(C)C)C2=O,558.72,4.77,94.7,2,5,9,1,0.1520,Firsocostat (GS-0976),ACC
T28922,COc1cc2nc(N3CCc4c(cccc4NS(C)(=O)=O)C3)nc(N)c2c(-c2ccccn2)c1OC,506.59,3.23,132.6,2,9,6,1,0.1520,Firsocostat (GS-0976),ACC
T1429,[H][C@@]12CCC3=CC(=O)CC[C@]3(C)[C@@]1([H])CC[C@@]1(C)[C@@]2([H])CC[C@]1(O)C(C)=O,330.47,3.84,54.4,1,3,1,0,0.1519,Obeticholic acid (OCA),FXR
T1452,CNC(=O)c1ccccc1Sc1ccc2c(/C=C/c3ccccn3)n[nH]c2c1,386.48,4.64,70.7,2,4,5,0,0.1519,BI-1467335,AOC3/VAP-1
T2087,COc1cc(C(C)C)c(Oc2cnc(N)nc2N)cc1I,400.22,3.17,96.3,2,6,4,0,0.1519,Resmetirom,THR-beta
T6152,O=C(NOCC(O)CO)c1cc(Br)c(F)c(F)c1Nc1ccc(I)cc1F,561.09,3.23,90.8,4,5,7,1,0.1519,BI-1467335,AOC3/VAP-1
T4530,COc1ccc(S(=O)(=O)Nc2ccccc2CN(C)C/C=C/c2ccc(Cl)cc2)cc1,457.0,5.29,58.6,1,4,9,1,0.1519,BI-1467335,AOC3/VAP-1
T4567,Nc1ccc(S(=O)(=O)Nc2ccnn2-c2ccccc2)cc1,314.37,2.26,90.0,2,4,4,0,0.1519,Lanifibranor (IVA-337),PPAR-alpha/gamma/delta
T7409,C[n+]1cc(NC(=O)c2cccc(C(=O)Nc3cc4ccccc4[n+](C)c3)n2)cc2ccccc21,449.51,3.54,78.9,2,3,4,0,0.1519,Lanifibranor (IVA-337),PPAR-alpha/gamma/delta
T8235,CC(=O)N[C@@H](Cc1c[nH]c2ccccc12)C(=O)OCc1cc(C(F)(F)F)cc(C(F)(F)F)c1,472.39,5.0,71.2,2,3,6,0,0.1519,BI-1467335,AOC3/VAP-1
T13273,C[C@](O)(Cn1cc(F)cn1)C(=O)Nc1ccc(C#N)c(C(F)(F)F)c1,356.28,2.3,90.9,2,4,4,0,0.1519,BI-1467335,AOC3/VAP-1
T12103,CCc1nc(-c2ccc(Cl)c(F)c2)nn1CC(=O)NCc1cc(Cl)cc(Cl)c1,441.72,4.92,59.8,1,3,6,0,0.1519,BI-1467335,AOC3/VAP-1
T9557,COc1cccc(NC(=O)c2ccc(-c3cnc4[nH]ccc4c3)cc2OC)c1,373.41,4.5,76.2,2,4,5,0,0.1519,BI-1467335,AOC3/VAP-1
T10803,O=C(CC(=O)Nc1ccc2c(/C=C/c3ccccn3)n[nH]c2c1)Nc1cccc(F)c1,415.43,4.23,99.8,3,4,6,0,0.1519,BI-1467335,AOC3/VAP-1
T36712,O=C(NO)[C@@H](Cc1ccccc1)NS(=O)(=O)c1ccc(-c2ccccc2)cc1,396.47,2.75,95.5,3,4,7,0,0.1519,Lanifibranor (IVA-337),PPAR-alpha/gamma/delta
T40446,COc1ccc2[nH]c(SCC(=O)Nc3ccc([N+](=O)[O-])cc3)nc2c1,358.38,3.21,110.2,2,6,6,0,0.1519,BI-1467335,AOC3/VAP-1
T33806,COc1cccc(CNCC(O)COc2ccc3[nH]c(=O)ccc3c2)c1,354.41,2.07,83.6,3,5,8,0,0.1519,BI-1467335,AOC3/VAP-1
TP3278,NC(=O)[C@@H](CCC(=O)O)NC(=O)OCC1c2ccccc2-c2ccccc21,368.39,2.24,118.7,3,4,7,0,0.1519,Obeticholic acid (OCA),FXR
T2006,COC(=O)N1CCN(Cc2cccc(NC(=O)Nc3ccc(C)nc3)c2F)CC1,401.44,3.06,86.8,2,5,4,0,0.1518,Firsocostat (GS-0976),ACC
T2629,CCCCNc1ncc(C(=O)NCc2ccc(-n3ccnc3)cc2)c(NC2CCC(O)CC2)n1,463.59,3.52,117.0,4,7,10,0,0.1518,Aramchol,SCD1
T6928,COc1ccnc(C[S+]([O-])c2nc3ccc(OC(F)F)cc3[nH]2)c1OC,383.38,2.88,92.3,1,6,7,0,0.1518,Firsocostat (GS-0976),ACC
T21659,O=C1CSC(=O)N1C(CCc1ccncc1)COc1ccc(-c2cccc([N+](=O)[O-])c2)cc1,463.52,4.73,102.6,0,7,9,0,0.1518,Cilofexor (GS-9674),FXR
T30577,[H][C@@]12C[C@@H](CC(=O)NCc3ccc(Oc4ccccc4)cc3)O[C@@H](CO)[C@]1([H])Oc1ccc(N(C)C)cc12,488.58,4.25,80.3,2,6,8,0,0.1518,VK2809,THR-beta
T28762,[H][C@]12CC[C@]([H])(C1)[C@]1([H])N(Cc3ccc(F)cc3)C(=O)C(C3=NS(=O)(=O)c4cc(NS(C)(=O)=O)ccc4N3)=C(O)[C@]21[H],560.63,2.98,145.2,3,7,5,1,0.1518,Denifanstat (TVB-2640),FASN
T39354,Cc1n[nH]c2ccc(-c3cc(N[C@@H](CO)c4ccccc4)cnc3Cl)cc12,378.86,4.73,73.8,3,4,5,0,0.1518,Firsocostat (GS-0976),ACC
T1848,O=C(N/N=C/c1ccc(O)c(O)c1)c1cc2ccccc2cc1O,322.32,2.72,102.2,4,5,3,0,0.1515,BI-1467335,AOC3/VAP-1
T1893,CCCC(=O)Nc1cccc(NC(=O)c2ccccc2Br)c1,361.24,4.44,58.2,2,2,5,0,0.1515,BI-1467335,AOC3/VAP-1
T3079,CNC(=O)c1c(F)cccc1Nc1nc(Nc2cc3c(cc2OC)CCN3C(=O)CN(C)C)nc2[nH]ccc12,532.58,3.4,127.5,4,8,8,1,0.1515,Firsocostat (GS-0976),ACC
T3333,[H][C@@]12C[C@H](O)[C@@]3([H])C(C)(C)[C@@H](O)CC[C@@]34C[C@@]14CC[C@@]1(C)[C@@]2(C)C[C@H](O)[C@]1([H])[C@]1(C)CC[C@H](C(C)(C)O)O1,490.73,4.44,90.2,4,5,2,0,0.1515,Aramchol,SCD1
T4337,Nc1ncnc2c1c(-c1ccc(Oc3ccccc3)cc1)nn2C1CCCC1,371.44,4.98,78.9,1,5,4,0,0.1515,Cilofexor (GS-9674),FXR
T6768,Cc1cc(N2C[C@@H](C)N[C@@H](C)C2)ncc1-c1ccc(-c2nc3c(ccn3C)c(=O)[nH]2)cc1,428.54,3.49,78.8,2,5,3,0,0.1515,Denifanstat (TVB-2640),FASN
T5419,O=C(NCCN1CCCC1)c1cc(-c2ccc(CN3CCOCC3)cc2)nc2ccc(F)cc12,462.57,3.7,57.7,1,5,7,0,0.1515,Lanifibranor (IVA-337),PPAR-alpha/gamma/delta
T5575,[H][C@@]12C[C@H](O)[C@@]3([H])C(C)(C)[C@@H](O)CC[C@@]34C[C@@]14CC[C@@]1(C)[C@@]2(C)C[C@H](O)[C@]1([H])[C@@]1(C)CC[C@@H](C(C)(C)O)O1,490.73,4.44,90.2,4,5,2,0,0.1515,Aramchol,SCD1
T8046,NC1CCN(c2nc3c(cc2F)c(=O)c(C(=O)O)cn3-c2ccc(F)cc2F)C1,404.35,2.04,101.5,2,5,3,0,0.1515,Denifanstat (TVB-2640),FASN
T3S0012,COc1cc(/C=C/COC(=O)/C=C/c2ccc(O)c(OC)c2)ccc1O,356.37,3.38,85.2,2,6,7,0,0.1515,BI-1467335,AOC3/VAP-1
T8532,N=C(NC(=N)N1CCCC1)Nc1ccc(OC(F)(F)F)cc1,315.3,2.55,84.2,4,3,2,0,0.1515,BI-1467335,AOC3/VAP-1
T16369,Oc1cc2ncnc(Nc3ccc(F)c(Cl)c3)c2cc1OCCCN1CCOCC1,432.88,3.97,79.7,2,7,7,0,0.1515,Lanifibranor (IVA-337),PPAR-alpha/gamma/delta
T19450,CC1(C)C(=O)N(c2ccc(C#N)c(C(F)(F)F)c2)C(=S)N1c1ccc(C(N)=O)c(F)c1,450.42,3.73,90.4,1,4,3,0,0.1515,Denifanstat (TVB-2640),FASN
T17205,N[C@H]1CCCCNc2nc(ncc2C(=O)NCc2ccc(F)cc2)NCCCCCCNC1=O,471.58,2.56,134.1,5,7,3,0,0.1515,Denifanstat (TVB-2640),FASN
TQ0311,Cc1ccc2c(N3CCN(CCc4cccc(N5CCNC5=O)c4)CC3)cccc2n1,415.54,3.44,51.7,1,4,5,0,0.1515,Denifanstat (TVB-2640),FASN
T13272,C[C@](O)(Cn1ccc2cc(F)ccc21)C(=O)Nc1ccc(C#N)c(C(F)(F)F)c1,405.35,4.06,78.0,2,3,4,0,0.1515,Denifanstat (TVB-2640),FASN
T9191,CN1C(=O)c2ccccc2N(C)c2nc(Nc3cnn(C4CCNCC4)c3)ncc21,404.48,2.7,91.2,2,7,3,0,0.1515,Denifanstat (TVB-2640),FASN
T12885,CCN(CC)S(=O)(=O)Nc1cccc(-c2ccc3c(NC(=O)C4CC4)n[nH]c3c2)c1,427.53,3.58,107.2,3,4,8,0,0.1515,Denifanstat (TVB-2640),FASN
T10722,O=C(O)c1ccc(-n2nc3c4cccc(F)c4[nH]cc-3c2=O)cc1,323.28,2.66,88.0,2,3,2,0,0.1515,Cilofexor (GS-9674),FXR
T22553,O=C(OC12CC3CC(CC(C3)C1)C2)c1ccc(NCc2cc(O)ccc2O)cc1,393.48,4.84,78.8,3,5,5,0,0.1515,Cilofexor (GS-9674),FXR
T9950,O=C(C(=O)N1CCCC[C@@H]1C(=O)NCCCc1ccccc1)c1ccccc1,378.47,3.0,66.5,1,3,7,0,0.1515,Cilofexor (GS-9674),FXR
TN2898,COc1ccc(-c2oc3cc(OC)cc(O)c3c(=O)c2O)cc1,314.29,2.89,89.1,2,6,3,0,0.1515,BI-1467335,AOC3/VAP-1
TN4704,[H][C@]12CC[C@@]34CC[C@H](C5=CC(=O)OC5)[C@@](C)(CC[C@]3([H])[C@@]1(C)CC[C@H](O[C@H]1C[C@@H](OC)[C@@H](O)[C@@H](C)O1)C2)C4=O,516.68,4.35,91.3,1,7,4,1,0.1515,Obeticholic acid (OCA),FXR
T31543,O=C(CCN1CCCCC1)Nc1ccc2c(=O)n3c(nc2c1)C(=Cc1ccccc1)CC3,428.54,4.16,67.2,1,4,5,0,0.1515,Lanifibranor (IVA-337),PPAR-alpha/gamma/delta
T67901,O=C(/C=C/c1ccc(O)c(O)c1)Nc1cc(C(F)(F)F)cc(C(F)(F)F)c1,391.27,4.79,69.6,3,3,3,0,0.1515,BI-1467335,AOC3/VAP-1
T36665,COC(=O)c1c(C)nc(C)c(C(=O)OC)c1-c1ccccc1[N+](=O)[O-],344.32,2.85,108.6,0,7,4,0,0.1515,BI-1467335,AOC3/VAP-1
T10248,Cc1nccn1-c1sc(Nc2cnccn2)nc1-c1cccc(C#N)c1,359.42,3.71,92.3,1,7,4,0,0.1515,Denifanstat (TVB-2640),FASN
T62893,COc1cc2nc(N3CCN(C(=O)C4CC5C=CC4CC5)CC3)nc(N)c2cc1OC,423.52,2.48,93.8,1,7,4,0,0.1515,Denifanstat (TVB-2640),FASN
T69656,O=S1(=O)N(c2ccccc2)C[C@H](O)[C@]12CCN(Cc1ccc(Cl)cc1)C2,392.91,2.5,60.9,1,4,3,0,0.1515,Cilofexor (GS-9674),FXR
T22633,COC1CN(C(=O)c2ccc3c(N)ncc(-c4ccc(-c5cnn(C)c5)cc4)c3n2)C1,414.47,2.75,99.2,1,6,4,0,0.1515,Denifanstat (TVB-2640),FASN
T201389,COC(=O)c1cccc(-c2cnc3[nH]cc(-c4cccnc4)c3c2)c1,329.36,4.08,67.9,1,4,3,0,0.1515,Cilofexor (GS-9674),FXR
T1531,C[C@@H]1C[C@H]2[C@@H]3CCC4=CC(=O)C=C[C@]4(C)[C@@]3(Cl)[C@@H](O)C[C@]2(C)[C@@]1(OC(=O)c1ccco1)C(=O)CCl,521.44,4.87,93.8,1,6,4,1,0.1513,Cilofexor (GS-9674),FXR
T3041,CNS(=O)(=O)c1ccccc1Nc1nc(Nc2ccc(N3CCN(C)CC3)cc2OC)ncc1Cl,518.04,3.29,111.7,3,9,8,1,0.1513,Firsocostat (GS-0976),ACC
T6921,C=CC(=O)N1CCC[C@H](n2c(=O)n(-c3ccc(Oc4ccccc4)cc3)c3c(N)ncnc32)C1,456.51,3.31,108.3,1,6,5,0,0.1513,Firsocostat (GS-0976),ACC
T8484,COCCN[C@H]1CC[C@H](Nc2cc(-c3csc(NCC4(C#N)CCOCC4)n3)c(Cl)cn2)CC1,505.09,4.55,104.1,3,9,10,1,0.1513,Cilofexor (GS-9674),FXR
T9195,COc1nsc(NC(=O)N2C[C@H]3CC(N(C)c4ncnc5[nH]ccc45)C[C@H]3C2)n1,414.5,2.2,112.2,2,8,4,0,0.1513,Firsocostat (GS-0976),ACC
T20742,Cc1cnc(Nc2cccc(CN3CCOCC3)c2)nc1Nc1cccc(S(=O)(=O)NC(C)(C)C)c1,510.66,4.18,108.5,3,8,8,1,0.1513,Firsocostat (GS-0976),ACC
T1061,Cc1cc(-n2c(=O)[nH]c(=O)n(C)c2=O)ccc1Oc1ccc(SC(F)(F)F)cc1,425.39,2.94,86.1,1,5,4,0,0.1512,Resmetirom,THR-beta
T3069,Cc1cc(Nc2nc(N[C@@H](C)c3ncc(F)cn3)ncc2Cl)n[nH]1,348.77,3.01,104.3,3,7,5,0,0.1512,Resmetirom,THR-beta
T4219,Cc1cc(Nc2cc(Cl)nc(Oc3ccc([N+](=O)[O-])cc3)n2)n[nH]1,346.73,3.61,118.9,2,7,5,0,0.1512,Resmetirom,THR-beta
T4301,CC(C)n1nc(-c2ccc(NC(=O)Nc3cc(C(F)(F)F)ccc3F)cc2)c2c(N)ncnc21,473.43,5.46,110.8,3,5,4,1,0.1512,BI-1467335,AOC3/VAP-1
T7715,CCCc1nn(C)c2c(=O)[nH]c(-c3ccccc3OCC)nc12,312.37,2.67,72.8,1,4,5,0,0.1512,Resmetirom,THR-beta
T14377,COc1cccc([C@@H](Oc2ccc3c(cnn3-c3ccc(F)cc3)c2)[C@H](C)NC(=O)C(F)(F)F)c1,487.45,5.36,65.4,1,4,7,1,0.1512,BI-1467335,AOC3/VAP-1
T38511,Cc1cn(-c2cc(C(=O)Nc3ccc(C)c(NC(=O)c4ccno4)c3)cc(C(F)(F)F)c2)cn1,469.42,5.0,102.1,2,5,5,1,0.1512,BI-1467335,AOC3/VAP-1
TN4569,[H][C@]12[C@H](C)C[C@@]3([H])OC(=O)C(=C)[C@@]3([H])C[C@]13O[C@]3(C)C[C@@H]2OC(=O)C(C)C,334.41,2.63,65.1,0,5,2,0,0.1512,Obeticholic acid (OCA),FXR
T13783,Cc1cc(N(C)C)nc(Nc2ccc(NC(=O)Cc3ccccc3)cc2)n1,361.45,3.78,70.1,2,5,6,0,0.1512,Lanifibranor (IVA-337),PPAR-alpha/gamma/delta
T68058,CN(C(=O)CN(CCO)CCO)c1ccc(Cl)cc1C(=O)c1ccccc1Cl,425.31,2.47,81.1,2,5,9,0,0.1512,Lanifibranor (IVA-337),PPAR-alpha/gamma/delta
T14903,O=C(NCCc1ccccc1)c1cc2cccc([N+](=O)[O-])c2[nH]1,309.32,3.05,88.0,2,3,5,0,0.1512,Lanifibranor (IVA-337),PPAR-alpha/gamma/delta
T27949,[H][C@@]12CC[C@H](Cc3ccc(C(=O)O)cc3)C[C@]1([H])C[C@@H](C(=O)O)NC2,317.39,2.41,86.6,3,3,4,0,0.1512,Denifanstat (TVB-2640),FASN
T23330,CC(=O)NNC(=O)N1Cc2ccccc2Oc2ccc(Cl)cc21,331.76,3.21,70.7,2,3,0,0,0.1512,Lanifibranor (IVA-337),PPAR-alpha/gamma/delta
T38601,Cc1cn2c(n1)Cc1ccc(Cl)cc1C(c1ccc(N)cc1)=N2,322.8,3.63,56.2,1,3,1,0,0.1512,Lanifibranor (IVA-337),PPAR-alpha/gamma/delta
T73049,CCS(=O)(=O)Nc1ccc2c(c1)C1(CCC3(CC3)CC1)CN2C(=O)c1cccc(S(=O)(=O)NC(C)(C)C)c1,559.75,4.78,112.7,2,5,6,1,0.1512,BI-1467335,AOC3/VAP-1
T1335,COc1c(C)c2c(c(O)c1C/C=C(\C)CCC(=O)O)C(=O)OC2,320.34,2.73,93.1,2,5,6,0,0.1509,Firsocostat (GS-0976),ACC
T1999,Cc1nc(-c2cn3c(n2)-c2ccc(-c4cnn(C(C)(C)C(N)=O)c4)cc2OCC3)n(C(C)C)n1,460.54,3.17,118.7,1,6,5,0,0.1509,Denifanstat (TVB-2640),FASN
T2083,Fc1ccc2[nH]ccc2c1-c1nc(N2CCOCC2)c2sc(CN3CCN(CC4CC4)CC3)cc2n1,506.65,4.34,60.5,1,7,6,1,0.1509,Denifanstat (TVB-2640),FASN
T2463,COc1ccc(C2CC(c3ccccc3)=NN2c2ccc(S(N)(=O)=O)cc2)cc1,407.5,3.7,85.0,1,5,5,0,0.1509,Firsocostat (GS-0976),ACC
T2483,COc1cc2ncnc(Nc3ccc(F)c(Cl)c3)c2cc1NC(=O)/C=C/CN1CCCCC1,469.95,5.16,79.4,2,6,7,1,0.1509,Lanifibranor (IVA-337),PPAR-alpha/gamma/delta
T3373,C/C=C(\C)C(=O)OC(C)(C)[C@@H]1Cc2c(ccc3ccc(=O)oc23)O1,328.36,3.38,65.7,0,5,3,0,0.1509,Firsocostat (GS-0976),ACC
T6842,CS(=O)(=O)c1ccc(-c2nnc(/C=C/c3nnc(-c4ccc(C#N)cc4)o3)n2-c2ccccc2Cl)nc1,529.97,4.48,140.5,0,9,6,1,0.1509,Denifanstat (TVB-2640),FASN
T5833,c1cc(OCCN2CCCCC2)cc(-c2n[nH]c3ccc(-c4ncn[nH]4)cc23)c1,388.48,3.88,82.7,2,5,6,0,0.1509,Cilofexor (GS-9674),FXR
T9608,O=C(Nc1ncnc2sc3c(c12)CCCC3)c1ccccc1Br,388.29,4.58,54.9,1,4,2,0,0.1509,Firsocostat (GS-0976),ACC
T14366,O=C(CC12CC3CC(CC(C3)C1)C2)Nc1cccc2nc(NCCNCCO)ccc12,422.57,3.77,86.3,4,5,9,0,0.1509,Cilofexor (GS-9674),FXR
T13363,Cc1noc2ccc(-c3nc4ccc(N5CCOC[C@@H]5C)cc4n3CC3CCCCC3)cc12,444.58,5.96,56.3,0,5,4,1,0.1509,Denifanstat (TVB-2640),FASN
T37428,COc1cc2c(cc1OC)C(c1cc3ccccc3oc1=O)=NC(C)(C)C2,363.41,3.98,61.0,0,5,3,0,0.1509,Firsocostat (GS-0976),ACC
T10761,COc1ccc(C=CC(=O)c2c(-c3ccccc3)c3ccccc3[nH]c2=O)cc1,381.43,5.1,59.2,1,3,5,1,0.1509,Firsocostat (GS-0976),ACC
T10784,Cc1cc2cc(C(=O)c3cnn(-c4cnc(Oc5c(F)cccc5F)cc4C)c3N)[nH]c2cc1NS(C)(=O)=O,552.56,4.62,145.0,3,7,7,1,0.1509,Resmetirom,THR-beta
T80640,COC(=O)c1ccc(COc2ccccc2CN2CCN(C(=O)CNC(=O)CC34CC5CC(CC(C5)C3)C4)CC2)cc1,573.73,4.42,88.2,1,6,10,1,0.1509,Denifanstat (TVB-2640),FASN
T86954,[H][C@@]12Oc3c(O)ccc4c3[C@@]13CCN(CC1CC1)[C@]([H])(C4)[C@]3(O)CCC2=C,339.44,2.51,52.9,2,4,2,0,0.1509,Cilofexor (GS-9674),FXR
T15722,Cn1nc(CO)nc1NCCCOc1cccc(CN2CCCCC2)c1,359.47,2.17,75.4,2,6,9,0,0.1509,Cilofexor (GS-9674),FXR
T205899,O=C(O)Cc1cc(I)c(O)c(I)c1,403.94,2.23,57.5,2,2,2,0,0.1509,BI-1467335,AOC3/VAP-1
T29075,CCCn1nc(C(C)C)c(C(=O)O)c1Cc1ccc(-c2ccccc2-c2nnn[nH]2)cc1,430.51,4.55,109.6,2,5,8,0,0.1509,VK2809,THR-beta
T2100,Cc1cnc(CNC(=O)c2c(=O)c3ccc(N4CCCN(C)CC4)nc3n3c2sc2ccccc23)cn1,513.63,3.23,95.7,1,8,4,1,0.1508,Firsocostat (GS-0976),ACC
T3107,Cc1c(-c2ccnn2C)cc(C(=O)NCc2ccc(S(C)(=O)=O)cn2)c(=O)n1-c1cccc(C(F)(F)F)c1,545.54,3.29,115.9,1,6,6,1,0.1508,Firsocostat (GS-0976),ACC
T2588,CC(C)(C)c1cc(C(C)(C)C)c(NC(=O)c2c[nH]c3ccccc3c2=O)cc1O,392.5,5.08,82.2,3,3,2,1,0.1507,BI-1467335,AOC3/VAP-1
T3342,COc1cc(O)c(CC=C(C)C)c(O)c1C(=O)/C=C/c1ccc(O)cc1,354.4,4.22,87.0,3,5,6,0,0.1507,BI-1467335,AOC3/VAP-1
T8562,O=C(NCc1ccc(C(F)(F)F)cc1)Nc1cccc2cnccc12,345.32,4.58,54.0,2,2,3,0,0.1507,BI-1467335,AOC3/VAP-1
T9102,Cc1cc(-c2ccccc2)cc(C(=O)NNS(=O)(=O)c2cccc(O)c2)c1F,400.43,3.13,95.5,3,4,5,0,0.1507,BI-1467335,AOC3/VAP-1
T11766L,NC(=O)/C(=C/n1cnc(-c2cc(C(F)(F)F)cc(C(F)(F)F)c2)n1)c1cncnc1,428.3,3.26,99.6,1,5,4,0,0.1507,BI-1467335,AOC3/VAP-1
TN5263,COc1cc(O)c(CC=C(C)C)c(O)c1C(=O)C=Cc1ccc(O)cc1,354.4,4.22,87.0,3,5,6,0,0.1507,BI-1467335,AOC3/VAP-1
T24540,COC(=O)C1=CCCN(CCON=C(c2ccccc2)c2ccccc2)C1,364.45,3.26,51.1,0,5,7,0,0.1507,BI-1467335,AOC3/VAP-1
T10927,Cc1ccc(NC(=O)Nc2nnc(COc3ccc(C)cc3C)s2)cc1,368.46,4.69,76.1,2,5,5,0,0.1507,BI-1467335,AOC3/VAP-1
T67713,CC(C)(C)CC(=O)Nc1cc2nc3ccccc3oc-2cc1=O,310.35,3.67,72.2,1,4,2,0,0.1507,BI-1467335,AOC3/VAP-1
T11920,O=C(NCC1(O)CCC(F)(F)CC1)c1cc(=O)c2cc(F)ccc2o1,355.31,2.6,79.5,2,4,3,0,0.1507,BI-1467335,AOC3/VAP-1
TNU1182,CC(C)(C)[Si](C)(C)O[C@@H]1[C@H](O[Si](C)(C)C(C)(C)C)[C@@H](CO)O[C@H]1n1ccc(=O)[nH]c1=O,472.73,3.21,102.8,2,6,6,0,0.1507,BI-1467335,AOC3/VAP-1
T1207,CC[C@H](C)C(=O)O[C@H]1C[C@@H](C)C=C2C=C[C@H](C)[C@H](CC[C@@H]3C[C@@H](O)CC(=O)O3)[C@H]21,404.55,4.2,72.8,1,5,6,0,0.1505,Obeticholic acid (OCA),FXR
T2319,COc1cc(O)c(C(=O)Nc2nc(C(=O)NCCN(C(C)C)C(C)C)cs2)cc1OC,450.56,2.97,113.0,3,8,10,0,0.1505,Lanifibranor (IVA-337),PPAR-alpha/gamma/delta
T3273,COC(=O)c1cc(OC)c2c(c1-c1c(C(=O)OC)cc(OC)c3c1OCO3)OCO2,418.35,2.4,108.0,0,10,5,0,0.1505,Firsocostat (GS-0976),ACC
T4328,O=C(Nc1ccc(O)c(C(=O)O)c1)c1cccc(NC(=O)c2ccco2)c1,366.33,3.19,128.9,4,5,5,0,0.1505,VK2809,THR-beta
T4365,Cc1cc(-c2nc3sc4c(c3c(=O)[nH]2)CCN(C)C4)cc(C)c1O,341.44,2.96,69.2,2,5,1,0,0.1505,Denifanstat (TVB-2640),FASN
T7261,CC(C)c1ccc(-c2ccc(N[C@H]3CC[C@H](O)CC3)c(C(N)=O)c2)cc1,352.48,4.29,75.3,3,3,5,0,0.1505,VK2809,THR-beta
T8656,CS(=O)(=O)c1ccc(-c2noc(C(F)(F)F)c2-c2ccccc2)cc1,367.35,4.43,60.2,0,4,3,0,0.1505,Cilofexor (GS-9674),FXR
TQ0306,COc1c(Cl)cc2c([nH]c3cnccc32)c1NC(=O)c1cccnc1C,366.81,4.33,79.9,2,4,3,0,0.1505,Resmetirom,THR-beta
T17293,O=C(O)c1ccc(NCc2cc(Cl)cc(Cl)c2O)cc1O,328.15,3.71,89.8,4,4,4,0,0.1505,Cilofexor (GS-9674),FXR
T13822,CC(C)(O)CC[C@@H](O)[C@](C)(O)[C@H]1CC=C2C3=C(CC[C@@]21C)[C@@]1(C)C[C@H](O)[C@H](O)C[C@H]1C(=O)C3,462.63,2.8,118.2,5,6,5,0,0.1505,Obeticholic acid (OCA),FXR
TN2030,COc1cc(/C=C/C(=O)OCCc2ccc(O)cc2)ccc1O,314.34,2.91,76.0,2,5,6,0,0.1505,VK2809,THR-beta
T11014,O=C(Nc1csc([N+](=O)[O-])c1)Nc1c(Cl)cccc1Cl,332.17,4.61,84.3,2,4,3,0,0.1505,Cilofexor (GS-9674),FXR
T15481,N#Cc1c2nc3ccccc3nc2n2ccc(NC(=O)c3cccs3)cc12,369.41,4.22,83.1,1,5,2,0,0.1505,Lanifibranor (IVA-337),PPAR-alpha/gamma/delta
T64355,Cc1c(Cc2ccccc2)c(-c2cc(Cl)nc(N)n2)nn1C,313.79,3.01,69.6,1,4,3,0,0.1505,VK2809,THR-beta
TN1782,COc1cc([C@H]2c3cc(O)c(OC)cc3C[C@@H](CO)[C@@H]2CO)ccc1O,360.41,2.02,99.4,4,6,5,0,0.1505,VK2809,THR-beta
T64366,Cc1n[nH]c2c1C(c1cccnc1)C1=C(CC(C)(C)CC1=O)N2,308.39,3.31,70.7,2,4,1,0,0.1505,Denifanstat (TVB-2640),FASN
T21275,CO/C=C(/C(=O)OC)c1ccccc1Oc1cc(Oc2ccccc2C#N)ncn1,403.39,4.09,103.6,0,8,7,0,0.1505,Denifanstat (TVB-2640),FASN
T67899,CCN(CC)CCCn1c(N)c(-c2nc3ccccc3[nH]2)c2nc(C#N)c(C#N)nc21,413.49,3.03,136.2,2,7,7,0,0.1505,Resmetirom,THR-beta
T71259,N#Cc1cc2c(cn1)[nH]c1ncc(-c3ccc(CN4CCCCC4)cc3)cc12,367.46,4.64,68.6,1,4,3,0,0.1505,Denifanstat (TVB-2640),FASN
T11876,CC(=O)N1CCc2cc(S(=O)(=O)N3CCN(c4cccc(C(F)(F)F)c4)CC3)ccc21,453.49,3.13,60.9,0,4,3,0,0.1505,Lanifibranor (IVA-337),PPAR-alpha/gamma/delta
T28218,NS(=O)(=O)c1ccc(Nc2nc(OCC3CCCCC3)c3[nH]cnc3n2)cc1,402.48,2.7,135.9,3,7,6,0,0.1505,Lanifibranor (IVA-337),PPAR-alpha/gamma/delta
T32589L,COc1ccc(C[C@H]2c3cc(OC)c(OC)cc3CCN2C)cc1O,343.42,3.19,51.2,1,5,5,0,0.1505,VK2809,THR-beta
T32589,COc1ccc(C[C@@H]2c3cc(OC)c(OC)cc3CCN2C)cc1O,343.42,3.19,51.2,1,5,5,0,0.1505,VK2809,THR-beta
T70879,[H][C@]12CC[C@]([H])(C[C@H](NC(=O)c3cn(C4CCCCC4)c4ccccc4c3=O)C1)N2C,393.53,3.86,54.3,1,3,3,0,0.1505,Denifanstat (TVB-2640),FASN
T6734,C=CC(=O)Nc1cccc(Sc2nc(Nc3ccc(N4CCN(C)CC4)cc3)ncc2Cl)c1,481.03,4.9,73.4,2,7,7,0,0.1504,Cilofexor (GS-9674),FXR
T8727,c1ccc(Cn2c(Sc3ncnc4c3sc3ncccc34)nnc2-c2ccncc2)cc1,453.56,5.09,82.3,0,8,5,1,0.1504,Firsocostat (GS-0976),ACC
T16501,Cc1ccc(-c2ccc3c(ccc4sc5c(c43)NC[C@@H](C)NC5=O)n2)cn1,374.47,4.36,66.9,2,5,1,0,0.1504,Firsocostat (GS-0976),ACC
T21712,Nc1nc(-c2nn(Cc3ccccc3F)c3ncccc23)nc(N)c1N1CCOCC1,420.45,2.08,121.0,2,8,4,0,0.1504,Firsocostat (GS-0976),ACC
T9743,CCCn1c(=O)c2sccc2n(Cc2cccc(NC(=O)Cc3ccccc3)c2)c1=O,433.53,3.86,73.1,1,4,7,0,0.1504,Firsocostat (GS-0976),ACC
T23074,COC(=O)CN1CN(c2ccccc2)C2(CCN(Cc3cccc4ccccc34)CC2)C1=O,443.55,3.65,53.1,0,5,5,0,0.1504,Firsocostat (GS-0976),ACC
T10813,COc1ccc(CCN2CCC[C@H](CN3CCc4cc(OC)c(OC)cc4CC3=O)C2)cc1OC,482.62,3.6,60.5,0,6,9,0,0.1504,Firsocostat (GS-0976),ACC
T11928,NC(=O)c1cccc2c(N[C@H](CN3CCC3)c3ccc(Cl)c(C(F)(F)F)c3)ncnc12,449.86,4.26,84.1,2,5,6,0,0.1504,Cilofexor (GS-9674),FXR
T10870L,NC(=O)c1c(OCc2c(F)cc(Br)cc2F)nsc1NC(=O)NCCCCN1CCCC1,532.41,3.86,109.6,3,6,10,1,0.1504,Cilofexor (GS-9674),FXR
T12660L,CNC(=O)N1N=C(c2ccc(N3CCN(C)CC3)cc2)c2cc(OC)c(OC)cc2C[C@@H]1C,451.57,2.79,69.6,1,6,4,0,0.1504,Firsocostat (GS-0976),ACC
T71242,CC(C)Oc1cccc(/C=C2\SC(=O)NC2=O)c1N1CCC[C@@H](N)C1,361.47,2.73,84.7,2,6,4,0,0.1504,Firsocostat (GS-0976),ACC
T13442,CNC(=O)N1N=C(c2ccc(N3CCN(C)CC3)cc2)c2cc(OC)c(OC)cc2C[C@H]1C,451.57,2.79,69.6,1,6,4,0,0.1504,Firsocostat (GS-0976),ACC
T1603,Cc1cnc(C(=O)NCCc2ccc(S(=O)(=O)NC(=O)NC3CCCCC3)cc2)cn1,445.55,2.08,130.2,3,6,7,0,0.1500,BI-1467335,AOC3/VAP-1
T1913,COc1ccc(CNC(=O)c2cc(-c3cncc(C)c3)ncc2-c2nccs2)nc1OC,447.52,3.92,99.1,1,8,7,0,0.1500,Firsocostat (GS-0976),ACC
T2038,O=C(O)[C@H](Cc1c[nH]c2ccccc12)N1C(=O)c2ccccc2C1=O,334.33,2.46,90.5,2,3,4,0,0.1500,Firsocostat (GS-0976),ACC
T2810,CC(C)=CCC[C@](C)(O)[C@H]1CC[C@]2(C)[C@@H]1[C@H](O)C[C@@H]1[C@@]3(C)CC[C@H](O)C(C)(C)[C@@H]3[C@@H](O)C[C@]12C,476.74,5.47,80.9,4,4,4,1,0.1500,Aramchol,SCD1
T3217,CCCOc1ccc(CCc2nc3cc(-c4c(C)noc4C)ccc3n2CCN2CCOCC2)cc1,488.63,5.21,65.5,0,6,10,1,0.1500,Firsocostat (GS-0976),ACC
T3583,O=c1nc(N2CCN(CC3CCCCC3)CC2)sc2c([N+](=O)[O-])cc(C(F)(F)F)cc12,456.49,4.29,79.6,0,7,4,0,0.1500,Denifanstat (TVB-2640),FASN
T3917,[H][C@]12C[C@@H](O)[C@]3([H])[C@@]([H])([C@](C)(O)CCC=C(C)C)CC[C@@]3(C)[C@]1(C)C[C@H](O)[C@@]1([H])C(C)(C)[C@@H](O)CC[C@]21C,476.74,5.47,80.9,4,4,4,1,0.1500,Aramchol,SCD1
T6286,Nc1cc(F)ccc1NC(=O)/C=C/c1cnn(C/C=C/c2ccccc2)c1,362.41,3.97,72.9,2,3,6,0,0.1500,BI-1467335,AOC3/VAP-1
T0815L,CC(=O)CC(c1ccccc1)c1c([O-])c2ccccc2oc1=O,307.33,2.98,70.3,0,4,4,0,0.1500,Firsocostat (GS-0976),ACC
T5444,O=C1N=C(N2CCCCN2)S/C1=C\c1ccc(F)cc1OC(=O)N1CCCC1,404.47,2.99,74.2,1,6,2,0,0.1500,Denifanstat (TVB-2640),FASN
T6412,Cc1nc2ccc(NCc3cccc(C(F)(F)F)c3)cc2n(CCNC(=O)CO)c1=O,434.42,2.44,96.2,3,5,7,0,0.1500,Lanifibranor (IVA-337),PPAR-alpha/gamma/delta
T8779,Cc1cc(C(F)(F)F)nn1CC(=O)Nc1sc2c(c1C(N)=O)CCCC2,386.4,2.89,90.0,2,4,4,0,0.1500,BI-1467335,AOC3/VAP-1
TN1118,CC1CCC2(C(=O)O)CCC3(C)C(=CCC4C5(C)CC(O)C(O)C(C)(C)C5CCC43C)C2C1(C)O,488.71,5.18,98.0,4,4,1,1,0.1500,Aramchol,SCD1
TN1134,C[C@@H]1CC[C@]2(C(=O)O)CC[C@]3(C)C(=CCC4[C@@]5(C)C[C@@H](O)[C@@H](O)C(C)(C)C5CC[C@]43C)C2[C@]1(C)O,488.71,5.18,98.0,4,4,1,1,0.1500,Aramchol,SCD1
T22418,CC(C)Nc1cc(C(F)(F)F)cc2nc(NC(=O)c3cccnc3)nn12,364.33,3.22,84.2,2,5,4,0,0.1500,BI-1467335,AOC3/VAP-1
T18529,O=C(OCCSSc1ccccn1)Oc1ccc([N+](=O)[O-])cc1,352.39,3.95,91.6,0,8,7,0,0.1500,Cilofexor (GS-9674),FXR
T10464L,COc1cc(F)ccc1-c1ncnc(Nc2cccc(CS(C)(=N)=O)c2)n1,387.44,3.61,100.9,2,7,6,0,0.1500,BI-1467335,AOC3/VAP-1
T17953,CC(C)(C)OC(=O)[C@H](Cc1ccccc1)NC(=O)CNC(=O)CNC(=O)OCC1c2ccccc2-c2ccccc21,557.65,3.71,122.8,3,6,10,1,0.1500,BI-1467335,AOC3/VAP-1
T60072,O=C(Nc1ccc(C(F)(F)F)cc1)Nc1ccc(S(=O)(=O)N2CCC[C@H]2CN2CCOCC2)cc1,512.55,3.83,91.0,2,5,6,1,0.1500,BI-1467335,AOC3/VAP-1
T17220,NC(=O)[C@H]1CCN(c2ncnc(N)c2F)C[C@@H]1N1CCC[C@@H](Nc2cc(Cl)cc(C(F)(F)F)c2)C1=O,529.93,2.65,130.5,3,7,5,1,0.1500,Cilofexor (GS-9674),FXR
T40236,Cc1cc(C(F)(F)F)cc(N2C(=O)[C@@H](O)[C@@H](O)[C@H]2C(=O)N(C)c2ccc(F)c(Cl)c2)n1,461.8,2.3,94.0,2,5,3,0,0.1500,Denifanstat (TVB-2640),FASN
T39252,O=C(NC1CCOCC1)c1csc([C@@H]2C[C@H]2NCC2CC2)c1,320.46,2.51,50.4,2,4,6,0,0.1500,Cilofexor (GS-9674),FXR
T62515,CCCn1c2ccccc2c2nnc(SCC(=O)Nc3nc4c(s3)CCCC4)nc21,438.58,4.46,85.6,1,7,6,0,0.1500,Firsocostat (GS-0976),ACC
T39252L,O=C(NC1CCOCC1)c1csc([C@H]2C[C@@H]2NCC2CC2)c1,320.46,2.51,50.4,2,4,6,0,0.1500,Cilofexor (GS-9674),FXR
T11874,N#Cc1cc(NS(=O)(=O)c2ccc(N)cc2)ccc1Oc1ccc(Cl)c(C(F)(F)F)c1,467.86,5.41,105.2,2,5,5,1,0.1500,BI-1467335,AOC3/VAP-1
T1744,CN(C)Cc1cccc(N/C(=C2\C(=O)Nc3cc(C(N)=O)ccc32)c2ccccc2)c1,412.49,3.78,87.5,3,4,6,0,0.1500,BI-1467335,AOC3/VAP-1
T28529,c1cc(OCCCc2nnn[nH]2)cc(OCc2ccc3ccccc3n2)c1,361.41,3.34,85.8,1,6,8,0,0.1500,Cilofexor (GS-9674),FXR
T23821,Nc1ccc(-c2ccc(F)cc2)cc1NC(=O)C1CCOCC1,314.36,3.44,64.4,2,3,3,0,0.1500,Firsocostat (GS-0976),ACC
T88035,O=C1c2sc(-c3ccc(N4CCC(CO)CC4)nc3F)nc2CCN1c1cccnc1,439.52,3.15,82.5,1,7,4,0,0.1500,Firsocostat (GS-0976),ACC
T61255,O=C(NCc1ccc(Cl)c(Cl)c1)c1nnc(-c2cccs2)o1,354.22,4.03,68.0,1,5,4,0,0.1500,Cilofexor (GS-9674),FXR
T2369,C=CC(=O)Nc1cccc(Nc2nc(Nc3ccc(N4CCN(C(C)=O)CC4)cc3OC)ncc2C(F)(F)F)c1,555.56,4.78,111.7,3,8,8,1,0.1496,Firsocostat (GS-0976),ACC
T8270,[H][C@]12C[C@@H](OC(=O)c3cc(OC)c(OC)c(OC)c3)[C@H](OC)[C@@H](C(=O)OC)[C@@]1([H])C[C@]1([H])c3[nH]c4ccccc4c3CCN1C2,578.66,4.16,108.6,1,9,7,1,0.1496,Firsocostat (GS-0976),ACC
T10431,COc1nn(C)cc1Nc1nccc(-c2c[nH]c3c(NC(=O)[C@@H](C)N4CCN(C)CC4)cccc23)n1,489.58,2.69,116.2,3,8,7,0,0.1496,Firsocostat (GS-0976),ACC
T64381,C=CC(=O)N[C@@H]1CCCN(Cc2ccnc(C(=O)Nc3ccc(-c4cc5c(N6CCOCC6)ncnc5[nH]4)cc3)c2)C1,566.67,3.38,128.4,3,8,8,1,0.1496,Cilofexor (GS-9674),FXR
T88840,CN(C)Cc1nc(Nc2ccc(-c3cnc4cc(F)ccn34)c3c2C(=O)NC3)ccc1[C@@H]1CCOC1,486.55,4.09,83.8,2,6,6,0,0.1496,Cilofexor (GS-9674),FXR
T0107,CC1(C)O[C@@H]2C[C@H]3[C@@H]4CCC5=CC(=O)CC[C@]5(C)[C@@]4(F)[C@@H](O)C[C@]3(C)[C@]2(C(=O)CCl)O1,454.97,3.89,72.8,1,5,2,0,0.1495,Aramchol,SCD1
T1215,COC(=O)C1=C(C)NC(C)=C(C(=O)OCCN(C)Cc2ccccc2)C1c1cccc([N+](=O)[O-])c1,479.53,3.68,111.0,1,8,9,0,0.1495,VK2809,THR-beta
T1864,CCOc1ccc2nc(SCCN3CCOCC3)[nH]c2c1,307.42,2.39,50.4,1,5,6,0,0.1495,Firsocostat (GS-0976),ACC
T2088,CC(C)OC(=O)N1CCC(Oc2ncnc3c2cnn3-c2ccc(S(C)(=O)=O)cc2F)CC1,477.52,2.75,116.5,0,8,5,0,0.1495,Denifanstat (TVB-2640),FASN
T2288,CC1(C)CNc2cc(NC(=O)c3cccnc3NCc3ccncc3)ccc21,373.46,4.04,78.9,3,5,5,0,0.1495,Cilofexor (GS-9674),FXR
T2480,COc1cc(OC)c2c(=O)[nH]c(-c3cc(C)c(OCCO)c(C)c3)nc2c1,370.41,2.6,93.7,2,6,6,0,0.1495,Firsocostat (GS-0976),ACC
T6346,CNC(=O)Nc1ccc(-c2nc(N3CC4CCC(C3)O4)c3cnn(C4CCC5(CC4)OCCO5)c3n2)cc1,519.61,3.47,115.7,2,8,4,1,0.1495,Denifanstat (TVB-2640),FASN
T5122,Cc1cc([N+](=O)[O-])c(NS(=O)(=O)c2cccc(C(=O)O)c2)cc1-c1cccnc1,413.41,3.46,139.5,2,6,6,0,0.1495,Cilofexor (GS-9674),FXR
T15789,O=c1nc(N2CCOCC2)oc2c(-c3cccc4c3sc3ccccc34)cccc12,414.49,5.06,55.6,0,6,2,1,0.1495,Firsocostat (GS-0976),ACC
T16994,CCc1cc(C(N)=O)ccc1-n1nc(C(C)C)c2c(-n3cnc(-c4cnn(C)c4)c3)ccnc21,454.54,3.79,109.4,1,5,6,0,0.1495,Denifanstat (TVB-2640),FASN
T8960,COc1cc(Nc2ccc([N+](=O)[O-])cc2C(=O)O)cc2ccccc12,338.32,4.2,101.7,2,5,5,0,0.1495,Firsocostat (GS-0976),ACC
T9151,COc1ccc(NC(=O)c2n[nH]c3ccc(-c4cncc(CN5CCCCC5)c4)cc23)cn1,442.52,4.27,96.0,2,6,6,0,0.1495,Denifanstat (TVB-2640),FASN
T39994,Cc1cc(NC(=O)c2ccc(NS(=O)(=O)CCO)cc2N2CCC3(CC2)CC3)nc(N2CCC(F)(F)CC2)n1,564.66,3.39,127.8,3,8,8,1,0.1495,Denifanstat (TVB-2640),FASN
T15438,C[C@H]1CN(c2n[nH]c3nc(N[C@H]4CC[C@H](NS(=O)(=O)CCC(F)(F)F)CC4)ncc23)CCO1,491.54,2.17,125.1,3,8,7,0,0.1495,Denifanstat (TVB-2640),FASN
T39214L,Cc1nc(C)c(C(=O)Nc2ccc(F)c(-c3nc4ncc(-c5ncccc5C)cn4n3)c2)o1,443.44,4.16,111.1,1,7,4,0,0.1495,Denifanstat (TVB-2640),FASN
T64327,CC(=O)NCSC[C@H](NC(=O)OCC1c2ccccc2-c2ccccc21)C(=O)O,414.48,2.81,104.7,3,5,8,0,0.1495,Firsocostat (GS-0976),ACC
T67733,COc1ccc(S(=O)(=O)N2CCc3ccccc3C2)cc1N1CCN(C(=O)c2ccc(F)cc2C(F)(F)F)CC1,577.6,4.56,70.2,0,5,5,1,0.1495,Denifanstat (TVB-2640),FASN
T77733,COc1cc(C(=O)Nc2ccc(NC(=O)c3c[nH]c4ccccc4c3=O)cc2)cc(OC)c1OC,473.49,4.06,118.8,3,6,7,0,0.1495,Firsocostat (GS-0976),ACC
TN8498,COc1cc2oc3cc4c(c(O)c3c(=O)c2c2c1OC(C)(C)CC2)CCC(C)(C)O4,410.47,4.87,78.1,1,6,1,0,0.1495,Firsocostat (GS-0976),ACC
T2286,COc1c(C)cnc(Cn2cnc3c(Cl)nc(N)nc32)c1C,318.77,2.13,91.7,1,6,3,0,0.1494,Lanifibranor (IVA-337),PPAR-alpha/gamma/delta
T2684,O=C(Nc1ccccc1)N1CCN(c2nc(-c3ccccc3)ns2)CC1,365.46,3.56,61.4,1,5,3,0,0.1494,Denifanstat (TVB-2640),FASN
T3598,CN(C)C/C=C/C(=O)Nc1cccc(C(=O)Nc2ccc(Nc3nccc(-c4cccnc4)n3)cc2)c1,493.57,4.59,112.1,3,7,9,0,0.1494,BI-1467335,AOC3/VAP-1
T6995,CC1CC(=O)c2c(ccc3c2C(=O)c2cccc(O)c2C3=O)C1,306.32,2.93,71.4,1,4,0,0,0.1494,VK2809,THR-beta
T16345,Cc1cc(C)n(-c2nc(Nc3ccc(Cl)cc3)c3ncn(C)c3n2)n1,353.82,3.56,73.5,1,5,3,0,0.1494,Lanifibranor (IVA-337),PPAR-alpha/gamma/delta
T9552,O=C(Nc1cccc([N+](=O)[O-])c1)Nc1nc(-c2ccccc2)cs1,340.36,4.36,97.2,2,5,4,0,0.1494,Lanifibranor (IVA-337),PPAR-alpha/gamma/delta
T60023,N#Cc1c(NC(=O)CN2CCCCC2)sc2c1CCCC2,303.43,2.92,56.1,1,4,3,0,0.1494,Denifanstat (TVB-2640),FASN
T27083,O=C(CCCCCC(=O)NN=Cc1ccc(-c2ccccc2)cc1)NO,353.42,3.26,90.8,3,4,9,0,0.1494,Aramchol,SCD1
T77567,O=C(C=Cc1ccccc1Cl)NCCCCNC(=O)C=Cc1ccccc1Cl,417.34,4.73,58.2,2,2,9,0,0.1494,Cilofexor (GS-9674),FXR
T63750,COc1ccc(C2CC(c3ccc(O)cc3)=NN2C(C)=O)cc1,310.35,3.1,62.1,1,4,3,0,0.1494,Denifanstat (TVB-2640),FASN
T68096,O=C(Nc1ccc(Cl)c(Cl)c1)NS(=O)(=O)c1ccc2c(c1)CCO2,387.24,3.44,84.5,2,4,3,0,0.1494,Lanifibranor (IVA-337),PPAR-alpha/gamma/delta
T27275L,O=C(c1cc(Br)c(O)c(Br)c1)N1CCOc2ccncc21,414.05,3.35,62.7,1,4,1,0,0.1494,Denifanstat (TVB-2640),FASN
T38614,CCCCc1nc2c(N)nc3ccccc3c2n1CC(C)(C)O,312.42,3.28,77.0,2,4,5,0,0.1494,Lanifibranor (IVA-337),PPAR-alpha/gamma/delta
T18879,CN(C)c1ccc2c(-c3c(Cl)c(C(=O)O)cc(Cl)c3C(=O)[O-])c3ccc(N(C)C)cc3[o+]c2c1,499.35,5.03,95.2,1,5,5,1,0.1494,Lanifibranor (IVA-337),PPAR-alpha/gamma/delta
T1274,CCc1oc2ccccc2c1C(=O)c1cc(Br)c(O)c(Br)c1,424.09,5.46,50.4,1,3,3,1,0.1493,BI-1467335,AOC3/VAP-1
T3806,COc1ccc(-c2oc3cc(O)cc(O)c3c(=O)c2O)cc1,300.27,2.59,100.1,3,6,2,0,0.1493,BI-1467335,AOC3/VAP-1
T4490,CNC(=O)c1ccc(-c2cc(Cl)cc(Cl)c2Cl)c(N)n1,330.6,3.65,68.0,2,3,2,0,0.1493,BI-1467335,AOC3/VAP-1
T7297,O=C(Nc1ccc(Cl)cc1)c1cc2ccccc2cc1OP(=O)(O)O,377.72,4.22,95.9,3,3,4,0,0.1493,BI-1467335,AOC3/VAP-1
T16743,COC(=O)c1ccccc1-c1c2ccc(N)cc2[o+]c2cc(N)ccc12,345.38,4.49,89.6,2,4,2,0,0.1493,BI-1467335,AOC3/VAP-1
T16125,CS(=O)(=O)c1ccc(-c2cnc(N)c(-c3ccc(C(F)(F)F)nc3)c2)cc1,393.39,3.82,85.9,1,5,3,0,0.1493,BI-1467335,AOC3/VAP-1
T24816,O=C(Nc1cc(C(F)(F)F)cc(C(F)(F)F)c1)c1cnc(Cl)nc1C(F)(F)F,437.65,5.44,54.9,1,3,2,1,0.1493,BI-1467335,AOC3/VAP-1
T15131,CN(C(=O)C(Cl)Cl)c1ccc(OC(=O)c2ccco2)cc1,328.15,3.27,59.8,0,4,4,0,0.1493,BI-1467335,AOC3/VAP-1
TN4371,COc1ccc(-c2oc3cc(OC)cc(OC)c3c(=O)c2O)cc1,328.32,3.19,78.1,1,6,4,0,0.1493,BI-1467335,AOC3/VAP-1
T82986,CC(=O)Oc1ccc(-c2cc(=O)c3c(OC(C)=O)cc(OC(C)=O)cc3o2)cc1,396.35,3.24,109.1,0,8,4,0,0.1493,BI-1467335,AOC3/VAP-1
T67564,CC(C)[C@H](NC(=O)OCC1c2ccccc2-c2ccccc21)C(=O)O,339.39,3.63,75.6,2,3,5,0,0.1493,BI-1467335,AOC3/VAP-1
T0104,CCOC(=O)c1c(CSc2ccccc2)n(C)c2cc(Br)c(O)c(CN(C)C)c12,477.42,5.18,54.7,1,5,7,1,0.1491,Firsocostat (GS-0976),ACC
T1286,CC[C@]12CCCN3CCc4c(n(c5ccccc45)[C@@](O)(C(=O)OC)C1)[C@@H]32,354.45,2.95,54.7,1,4,2,0,0.1491,Firsocostat (GS-0976),ACC
T2079,CC[C@H](C)n1cc(C)c2c(C(=O)NCc3c(C)cc(C)[nH]c3=O)cc(-c3ccc(N4CCNCC4)nc3)cc21,526.69,4.63,95.1,3,5,7,1,0.1491,Denifanstat (TVB-2640),FASN
T6020,C1=C/COCc2cc(ccc2OCCN2CCCC2)Nc2nccc(n2)-c2cccc(c2)COC/1,472.59,4.96,68.7,1,7,4,0,0.1491,Cilofexor (GS-9674),FXR
T4S1422,C/C=C(/C)C(=O)O[C@H]1[C@@H](OC(=O)CC(C)C)c2c(ccc3ccc(=O)oc23)OC1(C)C,428.48,4.47,92.0,0,7,5,0,0.1491,Firsocostat (GS-0976),ACC
T6S1418,C/C=C(/C)C(=O)O[C@@H]1[C@H](OC(=O)CC(C)C)c2c(ccc3ccc(=O)oc23)OC1(C)C,428.48,4.47,92.0,0,7,5,0,0.1491,Firsocostat (GS-0976),ACC
T4503,O=C1OC(OC(=O)c2cccnc2Nc2cccc(C(F)(F)F)c2)c2ccccc21,414.34,4.87,77.5,1,6,4,0,0.1491,Firsocostat (GS-0976),ACC
T7200,COc1cc(C(=O)NC2CCN(C)CC2)c(F)cc1Nc1ncc2c(n1)N(C1CCCC1)CC(F)(F)C(=O)N2C,561.61,3.55,102.9,2,8,6,1,0.1491,Denifanstat (TVB-2640),FASN
T16429,COCCNc1nc2ccc(C#CC3(O)CCCCC3)cc2n1-c1ccnc(N)n1,406.49,2.5,111.1,3,7,5,0,0.1491,Cilofexor (GS-9674),FXR
T9948,O=S1(=O)CCN(Cc2cc(NC3CCOCC3)c3[nH]c(-c4ccccc4)cc3c2)CC1,439.58,3.66,74.4,2,5,5,0,0.1491,Firsocostat (GS-0976),ACC
T10101,COC(=O)C1=C(C)NC(C)=C(C(=O)OCCCN2C(=O)c3ccccc3S2(=O)=O)C1c1cccc(Cl)c1Cl,579.46,4.18,119.1,1,8,7,1,0.1491,Cilofexor (GS-9674),FXR
T41116,CCCCCc1ccc(-c2cc3cn([C@H]4C[C@H](O)[C@@H](COC(=O)[C@@H](N)C(C)C)O4)c(=O)nc3o2)cc1,497.59,3.56,129.8,2,8,10,0,0.1491,Aramchol,SCD1
T71461,COc1cc2nc(-c3ccc(N4CCN(C)CC4)cc3)nc(NCCN3CCOCC3)c2cc1OC,492.62,2.81,75.2,1,9,8,0,0.1491,Firsocostat (GS-0976),ACC
T15785,Cc1nnn(-c2ccc(-c3ccc(C4(C(=O)O)CC4)cc3)cc2)c1NC(=O)O[C@H](C)c1ccccc1,482.54,5.67,106.3,2,5,7,1,0.1491,Firsocostat (GS-0976),ACC
T27603,COC(=O)N1CC2(CC2)C[C@H](C(=O)NO)[C@H]1C(=O)N1CC=C(c2ccccc2)CC1,413.47,2.04,99.2,2,5,3,0,0.1491,Firsocostat (GS-0976),ACC
T84321,FC(F)Oc1cc(Nc2cnc3cnn(CC4CCOCC4)c3n2)n[nH]1,365.34,2.32,102.8,2,7,6,0,0.1491,Firsocostat (GS-0976),ACC
T12714,O=C(NCCCN1CCOCC1)c1cnn2c(-c3ccccc3)cc(-c3ccccc3)nc12,441.54,3.52,71.8,1,5,7,0,0.1491,Firsocostat (GS-0976),ACC
T69820,C[C@H](CC(=O)N1CCC(O)(Cn2cnc3c(-c4ccc(CN)cc4)n(C)nc3c2=O)CC1)c1ccccc1,514.63,2.8,119.3,2,6,7,1,0.1491,VK2809,THR-beta
T203322,COc1ccc(NC(=O)C(c2ccc(C)cc2)N(C)C(=O)Cc2c[nH]c3ccccc23)cc1,441.53,4.87,74.4,2,3,7,0,0.1491,Firsocostat (GS-0976),ACC
T0215,CCCCc1nc(Cl)c(CO)n1Cc1ccc(-c2ccccc2-c2nnn[n-]2)cc1,421.91,3.9,90.8,1,5,8,0,0.1489,Lanifibranor (IVA-337),PPAR-alpha/gamma/delta
T0215L,CCCCc1nc(Cl)c(CO)n1Cc1ccc(-c2ccccc2-c2nn[nH]n2)cc1,422.92,4.27,92.5,2,5,8,0,0.1489,Lanifibranor (IVA-337),PPAR-alpha/gamma/delta
T1953,Oc1cc(-c2nc(-c3ccccc3)[nH]c2-c2ccncc2)ccc1Cl,347.81,5.16,61.8,2,3,3,1,0.1489,Cilofexor (GS-9674),FXR
T7024,CC(=O)[C@]1(O)CC[C@@]2(O)[C@]1(C)[C@H](OC(=O)c1ccc(O)cc1)C[C@@H]1[C@@]3(C)CC[C@H](O)CC3=CC[C@]12O,500.59,2.4,144.5,5,8,3,1,0.1489,Obeticholic acid (OCA),FXR
T4S1540,C=CCc1cc(OC)c(O[C@@H](C)[C@H](O)c2ccc(O)c(OC)c2)c(OC)c1,374.43,3.65,77.4,2,6,9,0,0.1489,VK2809,THR-beta
T8286,COC(=O)C[C@](O)(CCC(C)(C)O)C(=O)O[C@@H]1C(OC)=C[C@]23CCCN2CCc2cc4c(cc2[C@H]13)OCO4,531.6,2.19,124.0,2,10,8,1,0.1489,BI-1467335,AOC3/VAP-1
TQ0214,COc1ccc(/C=C/C(=O)/C=C(O)/C=C/c2ccc(OC)c(OC)c2)cc1OC,396.44,4.46,74.2,1,6,9,0,0.1489,Firsocostat (GS-0976),ACC
T12731,CCn1cc(-c2ccc3c(c2)CCN3C(=O)Cc2cccc(OC(F)(F)F)c2)c2c(N)ncnc21,481.48,4.73,86.3,1,5,5,0,0.1489,BI-1467335,AOC3/VAP-1
T16679,CS(=O)(=O)c1ccc(Oc2cc(F)cc(C#N)c2)c2c1[C@H](O)[C@H](F)[C@@H]2F,383.35,3.29,87.4,1,5,3,0,0.1489,Denifanstat (TVB-2640),FASN
T5142,O=c1cc(-c2ccc([N+](=O)[O-])cc2)[nH]c2c(-c3ccc(Cl)cc3)c(Cc3ccccc3)nn12,456.89,5.51,93.3,1,4,5,1,0.1489,Lanifibranor (IVA-337),PPAR-alpha/gamma/delta
T26923,CCCC(=O)N1CCCN(c2nc(N)c3cc(OC)c(OC)cc3n2)CC1,373.46,2.07,93.8,1,7,5,0,0.1489,Denifanstat (TVB-2640),FASN
T11960,CN(C)CCn1cc(-c2ccn3c(-c4ccc(C(N)=O)c(OCc5cccc(F)c5)c4)cnc3c2)cn1,498.56,4.24,90.7,1,5,9,0,0.1489,BI-1467335,AOC3/VAP-1
T38605,Cn1nnnc1Sc1ncnc2scc(-c3cccc(S(C)(=O)=O)c3)c12,404.5,2.44,103.5,0,9,4,0,0.1489,Lanifibranor (IVA-337),PPAR-alpha/gamma/delta
T61068,Cc1cc(C2=NN[C@H](C)Cc3cc4c(cc32)OCO4)ccc1[N+](=O)[O-],339.35,2.92,86.0,1,6,2,0,0.1489,Denifanstat (TVB-2640),FASN
T71664,[H][C@]12C[C@@]1([H])[C@]1([H])[C@](C)(CC[C@@]3([H])[C@@]1([H])[C@H](SC(C)=O)CC1=CC(=O)C=C[C@@]13C)[C@]21CCC(=O)O1,426.58,4.48,60.4,0,5,1,0,0.1489,Obeticholic acid (OCA),FXR
T38507,[H][C@@]12CCC[N@@](CC[C@H]1NC(=O)c1cc(Cl)c(N)cc1OC)C2,323.82,2.14,67.6,2,4,3,0,0.1489,Denifanstat (TVB-2640),FASN
T28197,CCON=C(C)c1ccc2c(c1)ncn2-c1cccc(-c2cccnc2)c1,356.43,4.85,52.3,0,4,5,0,0.1489,Lanifibranor (IVA-337),PPAR-alpha/gamma/delta
T61362,CN1CCC([C@@](C)(O)c2ccc3cnc(Nc4ccccc4)cc3n2)CC1,362.48,3.92,61.3,2,5,4,0,0.1489,Denifanstat (TVB-2640),FASN
T30454,CCn1cc(C(=O)O)c(=O)c2cc(F)c(N3CCN4CCC3CC4)cc21,359.4,2.14,65.8,1,4,3,0,0.1489,Denifanstat (TVB-2640),FASN
T1967,COc1cc(N2CCC(N)CC2)ccc1Nc1ncc(Cl)c(-c2c[nH]c3ccccc23)n1,448.96,4.96,92.1,3,6,5,0,0.1488,Firsocostat (GS-0976),ACC
T6859,CCn1cc(-c2cccc(C(F)(F)F)c2)c2sc(C(=N)NC3CCS(=O)(=O)CC3)cc2c1=O,497.56,4.26,92.0,2,5,4,0,0.1488,Firsocostat (GS-0976),ACC
T10341,Cn1cc(-c2cccc3[nH]c4c(c23)CC(NC(=O)Nc2ccc(Cl)c(C(F)(F)F)c2)CC4)cn1,487.91,5.92,74.7,3,2,3,1,0.1488,Cilofexor (GS-9674),FXR
T16132,CCCn1cc2c(nc(NC(=O)Nc3ccc(OC)cc3)n3nc(-c4ccco4)nc23)n1,432.44,3.8,124.4,2,7,6,0,0.1488,Firsocostat (GS-0976),ACC
T32008,COc1ccc2ncc(C#N)c(CCN3CCC(NCc4cc5c(cn4)OCS5)CC3)c2c1,461.59,3.75,83.3,1,8,7,0,0.1488,Cilofexor (GS-9674),FXR
T28796,[H][C@]12CC3CC(O)(C1)C[C@@]([H])(C3)[C@H]2NC(=O)c1ccnc(N2CCN(c3ccc(S(C)(=O)=O)cc3F)C[C@H]2C)n1,543.67,2.4,115.7,2,8,5,1,0.1488,Cilofexor (GS-9674),FXR
T2451,O=C(CNc1ccc2ccccc2c1)N/N=C/c1cc(Br)c(O)c(Br)c1O,493.16,4.34,94.0,4,5,5,0,0.1486,BI-1467335,AOC3/VAP-1
T6970,COc1ccc(Cn2c3ncnc4c(ncn4Cc4ccc(OC)cc4)c-3nc2=O)cc1,428.45,2.6,97.0,0,7,6,0,0.1486,BI-1467335,AOC3/VAP-1
T5163,CC(=O)Nc1nc(C)c(S(=O)(=O)Nc2ccc(C(O)(C(F)(F)F)C(F)(F)F)cc2)s1,477.41,3.52,108.4,3,6,5,0,0.1486,BI-1467335,AOC3/VAP-1
TN6770,O=C(CCCCCCCCc1ccccc1)c1c(O)cccc1O,326.44,5.25,57.5,2,3,10,1,0.1486,Lanifibranor (IVA-337),PPAR-alpha/gamma/delta
T60204,CCCCCCc1cccc(NC(=O)[C@@H](N)CCP(=O)(O)O)c1,342.38,2.64,112.7,4,3,10,0,0.1486,BI-1467335,AOC3/VAP-1
T77519,COc1cc(C(=O)/C(C)=C/c2c[nH]c3cc(F)ccc23)cc(OC)c1OC,369.39,4.62,60.6,1,4,6,0,0.1486,BI-1467335,AOC3/VAP-1
T13327,CCCCCCc1cccc(NC(=O)[C@H](N)CCP(=O)(O)O)c1,342.38,2.64,112.7,4,3,10,0,0.1486,BI-1467335,AOC3/VAP-1
T38384,CC(C)(C)C(=O)C(=Cc1cccc([N+](=O)[O-])c1)n1cncn1,300.32,2.8,90.9,0,5,4,0,0.1486,BI-1467335,AOC3/VAP-1
T29166,CC(=O)Nc1ccc(S(=O)(=O)Oc2ccc3c(C)cc(=O)oc3c2)cc1,373.39,2.83,102.7,1,6,4,0,0.1486,BI-1467335,AOC3/VAP-1
T77766,CC(C)(C)C(=O)/C(=C/c1cccc([N+](=O)[O-])c1)n1cncn1,300.32,2.8,90.9,0,5,4,0,0.1486,BI-1467335,AOC3/VAP-1
T1782,Cc1ccc([C@@H]2O[C@H](CO)[C@@H](O)[C@H](O)[C@H]2O)cc1Cc1ccc(-c2ccc(F)cc2)s1,444.52,2.97,90.2,4,6,5,0,0.1485,VK2809,THR-beta
T6002,CNC(=O)c1ccc(N2C(=S)N(c3ccc(C#N)c(C(F)(F)F)c3)C(=O)C2(C)C)cc1F,464.44,3.99,76.4,1,4,3,0,0.1485,Denifanstat (TVB-2640),FASN
T6959,N#Cc1cc(CN2CCC(Nc3ncnc4sc(Cl)cc34)CC2)ccc1F,401.9,4.43,64.8,1,6,4,0,0.1485,Denifanstat (TVB-2640),FASN
T5342,O=C(Cn1nnc(-c2ccncc2)c1-c1ccccc1)Nc1ccc(-c2ccccc2)cn1,432.49,4.71,85.6,1,5,6,0,0.1485,Cilofexor (GS-9674),FXR
T5384,Cc1ccc2c(c1)C1(CCN(CCc3nc(-c4ccccc4)oc3C)CC1)OC(=O)N2,417.51,5.05,67.6,1,5,4,1,0.1485,Denifanstat (TVB-2640),FASN
T8513,CC(C)[C@@H]1CN(c2nc(Nc3cc(C(C)(C)C)[nH]n3)c3cc[nH]c3n2)CCN1,382.52,3.16,97.5,4,6,4,0,0.1485,Denifanstat (TVB-2640),FASN
TQ0005,O=C1Nc2cc3[nH]nc(-c4ccncc4)c3cc2CN1Cc1ccccc1,355.4,4.17,73.9,2,3,3,0,0.1485,Cilofexor (GS-9674),FXR
T8638,[H]C(C)(C)C[C@]([H])(NC(=O)OCC1([H])c2ccccc2-c2ccccc21)C(=O)O,353.42,4.02,75.6,2,3,6,0,0.1485,Firsocostat (GS-0976),ACC
TQ0181,CCOC(=O)C1=CCCC[C@H]1S(=O)(=O)Nc1ccc(F)cc1Cl,361.82,3.26,72.5,1,4,5,0,0.1485,VK2809,THR-beta
TN2100,COc1ccc(-c2coc3cc(O)cc(O)c3c2=O)cc1O,300.27,2.59,100.1,3,6,2,0,0.1485,Firsocostat (GS-0976),ACC
T10425,CC1(C)Cc2c(CN3CCC4(CC3)CCN(C(=O)c3ccc(N)cn3)CC4)cccc2O1,434.58,3.9,71.7,1,5,3,0,0.1485,Denifanstat (TVB-2640),FASN
T12786,COc1cccc(CC(C)C(=O)Nc2ccc3nc(-c4cscn4)[nH]c3c2)c1,392.48,4.51,79.9,2,5,6,0,0.1485,Lanifibranor (IVA-337),PPAR-alpha/gamma/delta
T28475,COc1ccc2c(c1)-c1nn(CCCN(C)C)c3ccc([N+](=O)[O-])c(c13)N2,367.41,3.63,85.5,1,6,6,0,0.1485,Denifanstat (TVB-2640),FASN
T24626,COc1nc(N(C)C)ccc1-c1cc2c(C(=O)O)c[nH]c2cc1Cl,345.79,3.66,78.4,2,4,4,0,0.1485,Cilofexor (GS-9674),FXR
T11131,CN(C)c1ccc(C(=O)N2CCc3cc(C(=O)NCC(O)CN4CCc5ccccc5C4)ccc3C2)cc1,512.65,3.1,76.1,2,5,7,1,0.1485,Denifanstat (TVB-2640),FASN
T10905,CN1CCC(S(=O)(=O)c2c(Cl)ccc(NC(=O)Nc3cccc(F)c3Cl)c2O)CC1,476.36,4.35,98.7,3,5,4,0,0.1485,VK2809,THR-beta
T77638,Cc1ccc2oc(N[C@H](CC3CCCCC3)c3ccccn3)nc2c1,335.45,5.65,51.0,1,4,5,1,0.1485,VK2809,THR-beta
T68119,Cc1ccc2oc(N[C@@H](CC3CCCCC3)c3ccccn3)nc2c1,335.45,5.65,51.0,1,4,5,1,0.1485,VK2809,THR-beta
T73486,CCC1(CC)C(=O)N=C2C1=C(OCc1ccccc1)C(=O)c1ccccc12,359.43,4.49,55.7,0,3,5,0,0.1485,Firsocostat (GS-0976),ACC
T72505,CC(C)(C(=O)Nc1ccc(-c2cncc(C(F)(F)F)n2)cn1)c1csc(NS(=O)(=O)C2CC2)n1,512.54,3.83,126.8,2,8,7,1,0.1485,Lanifibranor (IVA-337),PPAR-alpha/gamma/delta
T61652,Cc1cc(CCCCCOc2c(Cl)cc(C3=NCCO3)cc2Cl)on1,383.28,4.86,56.9,0,5,8,0,0.1485,Cilofexor (GS-9674),FXR
T81490,NC(=O)Nc1cc(C#Cc2cccc(F)c2)sc1C(=O)N[C@H]1CCCNC1,386.45,2.26,96.2,4,4,3,0,0.1485,Denifanstat (TVB-2640),FASN
T81637,CC(C)OC(=O)[C@@H](Cc1ncccn1)OC(=O)Nc1c2c(cc3c1CCC3)CCC2,409.49,3.57,90.4,1,6,6,0,0.1485,Cilofexor (GS-9674),FXR
T201392,O=C1CCC(c2cccc(-c3ccc(-n4ccccc4=O)cc3)c2Cl)C(=O)N1,392.84,3.68,68.2,1,3,3,0,0.1485,Cilofexor (GS-9674),FXR
TN1004,COc1c(O)ccc2c1cc([N+](=O)[O-])c1c(C(=O)O)cc3c(c12)OCO3,357.27,3.04,128.4,2,7,3,0,0.1485,VK2809,THR-beta
T80678,CCOC(=O)C1=CCCC[C@@H]1S(=O)(=O)Nc1ccc(F)cc1Cl,361.82,3.26,72.5,1,4,5,0,0.1485,VK2809,THR-beta
T2253,N#Cc1c(-c2ccccc2)cc(-c2cc(Br)ccc2O)[nH]c1=O,367.2,4.05,76.9,2,3,2,0,0.1481,Resmetirom,THR-beta
T2370,C/C(=N\NC(=O)C(NC(=O)c1ccccc1)c1n[nH]c(=O)c2ccccc12)c1cccc(Br)c1,518.37,3.7,116.3,3,5,6,1,0.1481,BI-1467335,AOC3/VAP-1
T3579,O=C(c1c(F)ccc(NS(=O)(=O)N2CC[C@@H](F)C2)c1F)c1c[nH]c2ncc(-c3cnc(C4CC4)nc3)cc12,542.54,4.11,120.9,2,6,7,1,0.1481,Denifanstat (TVB-2640),FASN
T4310,COc1cccc(OCCCN)c1-c1cc(Nc2cnc(C#N)cn2)n[nH]1,365.4,2.22,134.8,3,8,8,0,0.1481,BI-1467335,AOC3/VAP-1
T6035,CC(C)(F)C[C@H](N[C@@H](c1ccc(-c2ccc(S(C)(=O)=O)cc2)cc1)C(F)(F)F)C(=O)NC1(C#N)CC1,525.57,4.63,99.1,2,5,9,1,0.1481,BI-1467335,AOC3/VAP-1
T6843,O=C(NOCCO)c1ccc2cncn2c1Nc1ccc(I)cc1F,456.22,2.48,87.9,3,5,6,0,0.1481,BI-1467335,AOC3/VAP-1
T6982,Cc1c[nH]c2nc(Nc3ccc(N4CCN(C)CC4)c(F)c3)nc(-c3cccc(CC#N)c3)c12,455.54,4.63,83.9,2,6,5,0,0.1481,Denifanstat (TVB-2640),FASN
T5492,C=C(C)C(=O)Nc1cccc(-c2ncnc3[nH]cc(C(=O)OCC)c23)c1,350.38,3.32,97.0,2,5,5,0,0.1481,BI-1467335,AOC3/VAP-1
T5815,O=C(ON1C(=O)CCC1=O)N1CCN(C(c2ccc(Cl)cc2)c2ccc(Cl)cc2)CC1,462.33,3.9,70.2,0,5,4,0,0.1481,Lanifibranor (IVA-337),PPAR-alpha/gamma/delta
T5750,COc1ccc2cc3n(c(=O)c2c1OC)CCc1cc2c(cc1-3)OCO2,351.36,2.97,58.9,0,5,2,0,0.1481,Firsocostat (GS-0976),ACC
T13176,C[C@@H]1OCC2(CCN(c3cnc(Sc4ccnc(N)c4Cl)c(N)n3)CC2)[C@@H]1N,421.96,2.17,129.2,3,9,3,0,0.1481,Cilofexor (GS-9674),FXR
T14918,N[C@H]1CC[C@H](Nc2cc(-c3cccc(NCc4cccc(F)c4)n3)c(Cl)cn2)CC1,425.94,5.23,75.9,3,5,6,1,0.1481,Cilofexor (GS-9674),FXR
T11005,NS(=O)(=O)c1ccc(-n2nc(C(F)(F)F)cc2-c2ccccc2)cc1,367.35,3.21,78.0,1,3,3,0,0.1481,Lanifibranor (IVA-337),PPAR-alpha/gamma/delta
T16832,CCS(=O)(=O)c1ccc(CC(=O)Nc2ccc(C(C)(C)C(=O)Nc3ccc(F)cc3F)c(F)c2)cc1,518.56,5.0,92.3,2,4,8,1,0.1481,BI-1467335,AOC3/VAP-1
T22106,NS(=O)(=O)c1ccc(N2N=C(c3ccccc3)CC2c2ccccc2)cc1,377.47,3.69,75.8,1,4,4,0,0.1481,Lanifibranor (IVA-337),PPAR-alpha/gamma/delta
TN2023,COc1cc2c(cc1OC)-c1cc3ccc4c(c3c(=O)n1CC2)OCO4,351.36,2.97,58.9,0,5,2,0,0.1481,Firsocostat (GS-0976),ACC
TQ0159,[H][C@@]12CCc3cc(OC)ccc3[C@@]1([H])CC[C@]1(C)[C@@H](NCCCCCCN3C(=O)CCC3=O)CC[C@@]21[H],466.67,5.22,58.6,1,4,9,1,0.1481,Aramchol,SCD1
T9238,O=C(Nc1ccccc1)C(=O)c1cn(Cc2ccccc2)c2ccccc12,354.41,4.51,51.1,1,2,5,0,0.1481,Lanifibranor (IVA-337),PPAR-alpha/gamma/delta
T10482,N=C(CCl)NCCC[C@H](NC(=O)c1ccc(-c2ccccc2)cc1)c1nc2ccccc2[nH]1,459.98,5.29,93.7,4,3,9,1,0.1481,BI-1467335,AOC3/VAP-1
T15246,Cc1c(C(=O)Nc2ccc(S(C)(=O)=O)cc2)cn(CCO)c1-c1ccccc1C(F)(F)F,466.48,4.13,88.4,2,4,6,0,0.1481,BI-1467335,AOC3/VAP-1
T16530,Cc1nc2c(NCc3cccc(S(C)(=O)=O)c3)nccn2c1-c1ccc(O)c(F)c1,426.47,3.57,96.6,2,6,5,0,0.1481,VK2809,THR-beta
TQ0263,O=C1Cc2cc(C(=O)N[C@H]3C[C@H]4CC[C@@H](C3)N4S(=O)(=O)CC3CCN(CCCC(F)(F)F)CC3)c(Cl)cc2N1,591.1,3.94,98.8,2,5,8,1,0.1481,Lanifibranor (IVA-337),PPAR-alpha/gamma/delta
T10715,NC(=O)c1cc(-c2ccc(S(=O)(=O)[C@H]3CC[C@H](Nc4ccc(C(F)(F)F)cn4)CC3)cc2)ccn1,504.53,4.46,115.0,2,6,6,1,0.1481,Cilofexor (GS-9674),FXR
T63388,CCO[C@H]1CC[C@@H](n2cc(NC(=O)c3csc(-c4cn[nH]c4)n3)c(-c3nc(F)ccc3F)n2)CC1,499.55,4.84,110.6,2,7,7,0,0.1481,Lanifibranor (IVA-337),PPAR-alpha/gamma/delta
T68730,CCCCS(=O)(=O)Nc1ccccc1C(=O)N[C@H](CC)c1ccc(OC)nc1,405.52,3.51,97.4,2,5,10,0,0.1481,BI-1467335,AOC3/VAP-1
T7072,O=C(O)C[C@H](O)C[C@H](O)/C=C/c1c(C2CC2)nc2ccccc2c1-c1ccc(F)cc1,421.47,4.52,90.7,3,4,8,0,0.1481,Cilofexor (GS-9674),FXR
T88981,CC(C)(Nc1nc(N)nc(-c2ccc3cn[nH]c3c2)n1)c1ccn(C(F)F)n1,385.38,2.94,123.2,3,7,5,0,0.1481,BI-1467335,AOC3/VAP-1
T12490,O=C1C[C@H](O)C[C@@H](/C=C/c2c(C3CC3)nc3ccccc3c2-c2ccc(F)cc2)O1,403.45,5.0,59.4,1,4,4,0,0.1478,Firsocostat (GS-0976),ACC
T27841,COc1ccc(Oc2cc(N(C)CCOc3ccc(CC4SC(=O)NC4=O)cc3)ncn2)cc1,480.55,3.69,102.9,1,9,10,0,0.1478,Firsocostat (GS-0976),ACC
T14680,CN1C(=O)[C@@H](NC(=O)[C@H](CCC(F)(F)F)[C@H](CCC(F)(F)F)C(N)=O)N=C(c2ccccc2)c2ccccc21,556.51,4.35,104.9,2,4,9,1,0.1478,Firsocostat (GS-0976),ACC
T0476,CC(=O)S[C@@H]1CC2=CC(=O)CC[C@]2(C)[C@H]2CC[C@@]3(C)[C@@H](CC[C@@]34CCC(=O)O4)[C@H]12,416.58,4.85,60.4,0,5,1,0,0.1477,Obeticholic acid (OCA),FXR
T1167,CC(=O)O[C@]1(C(C)=O)CC[C@H]2[C@@H]3C=C(Cl)C4=CC(=O)[C@@H]5C[C@@H]5[C@]4(C)[C@H]3CC[C@@]21C,416.95,4.61,60.4,0,4,2,0,0.1477,Obeticholic acid (OCA),FXR
T6655,CC1CCN(CC[C@H]2CCCN2S(=O)(=O)c2cccc(O)c2)CC1,352.5,2.67,60.9,1,4,5,0,0.1477,Lanifibranor (IVA-337),PPAR-alpha/gamma/delta
T6S1027,[H][C@@]12[C@@H]([C@@H](C)OC(C)=O)C(=O)C[C@@]1([H])C(=C)[C@H](OC(=O)/C=C(\C)CC)C[C@H]2C(C)C,390.52,4.26,69.7,0,5,6,0,0.1477,Obeticholic acid (OCA),FXR
T5427,Cc1c(C(=O)Nc2ccc(CO)cc2)nnn1Cc1ccc(Cl)c(Cl)c1,391.26,3.69,80.0,2,4,5,0,0.1477,Lanifibranor (IVA-337),PPAR-alpha/gamma/delta
T8851,Cc1cc(=O)[nH]c(SCC(=O)c2cccc3ccccc23)n1,310.38,3.21,62.8,1,4,4,0,0.1477,Denifanstat (TVB-2640),FASN
T18905,CN(C)c1ccc2c(-c3cc(C(=O)[O-])ccc3C(=O)O)c3ccc(N(C)C)cc3[o+]c2c1,430.46,3.73,95.2,1,5,5,0,0.1477,Denifanstat (TVB-2640),FASN
T24850,CCCn1c(CNc2cccc(C(=O)NCc3c(F)cccc3F)c2)nnc1-c1ccncn1,463.49,3.97,97.6,2,6,9,0,0.1477,BI-1467335,AOC3/VAP-1
T22698,O=C(N[C@H](Cc1ccccc1)C(=O)O)c1sc2cc(F)ccc2c1Cl,377.82,4.12,66.4,2,3,5,0,0.1477,Lanifibranor (IVA-337),PPAR-alpha/gamma/delta
T17217,C[C@@H]1C[C@H]2[C@@H]3CCC4=CC(=O)C=C[C@]4(C)C3=CC[C@]2(C)[C@@]1(O)C(=O)CO,356.46,2.75,74.6,2,4,2,0,0.1477,Obeticholic acid (OCA),FXR
T23004,CC1CC(C)(C)N(C(=O)CN2C(=O)c3ccccc3C2=O)c2ccccc21,362.43,3.6,57.7,0,3,2,0,0.1477,Denifanstat (TVB-2640),FASN
T21335,[H][C@@]12CC[C@](OC(C)=O)(C(C)=O)[C@@]1(C)C[C@H](O)C1(F)[C@@]3(C)CCC(=O)C=C3CC[C@]12[H],406.49,3.47,80.7,1,5,2,0,0.1477,Obeticholic acid (OCA),FXR
T15030,O=C(O)[C@H]1CSC(c2nc3cc4c(cc3s2)NCC4)=N1,305.38,2.21,74.6,2,6,2,0,0.1477,Lanifibranor (IVA-337),PPAR-alpha/gamma/delta
T12598,Cn1cc(-c2ccc3c(c2)ncn3-c2ccc(CC(=O)Nc3cc(C(C)(C)C)on3)cc2)cn1,454.53,4.89,90.8,1,5,5,0,0.1477,BI-1467335,AOC3/VAP-1
T28339,CCC(=O)Nc1ccc2ncnc(Nc3cccc(Br)c3)c2c1,371.24,4.48,66.9,2,4,4,0,0.1477,Lanifibranor (IVA-337),PPAR-alpha/gamma/delta
T61864,[H][C@@]12C=C(C)C3=CC(=O)CC[C@]3(C)[C@@]1([H])CC[C@]1(C)[C@@](OC(C)=O)(C(C)=O)C(=C)C[C@@]21[H],396.53,4.74,60.4,0,4,2,0,0.1477,Obeticholic acid (OCA),FXR
T60688,O=C(Nc1nc2ccccc2[nH]1)c1cccc(-n2cccc2)c1,302.34,3.61,62.7,2,2,3,0,0.1477,Denifanstat (TVB-2640),FASN
T10509,N#Cc1cn(-c2ccc(C(=O)O)c(O)c2)c2cc(F)c(F)cc12,314.25,3.18,86.2,2,3,2,0,0.1477,Denifanstat (TVB-2640),FASN
T19705,CCCCCOc1c(OC)ccc2cc(C(=O)NCc3ccc4c(c3)OCO4)c(=O)[nH]c12,438.48,3.76,98.9,2,6,9,0,0.1477,BI-1467335,AOC3/VAP-1
TN2302,COc1c(O)ccc(O)c1-c1cc(=O)c2c(O)cc(O)c(OC)c2o1,346.29,2.3,129.6,4,8,3,0,0.1477,VK2809,THR-beta
T0485,CC(=O)OCC(=O)[C@@]12N=C(C)O[C@@H]1C[C@H]1[C@@H]3CCC4=CC(=O)C=C[C@]4(C)[C@H]3[C@@H](O)C[C@@]12C,441.52,2.56,102.3,1,7,3,0,0.1475,Firsocostat (GS-0976),ACC
T6054,COc1cccc(Nc2c(C(N)=O)cnc3c(C)cc(S(=O)(=O)c4cccc(C(=O)N(C)C)c4)cc23)c1,518.6,3.93,131.7,2,7,7,1,0.1475,Firsocostat (GS-0976),ACC
T14380,COc1cc2nnc(C(N)=O)c(Nc3ccc(C)cc3F)c2cc1N1CCN(CCO)CC1,454.51,2.04,116.8,3,8,7,0,0.1475,Firsocostat (GS-0976),ACC
T63872,C[C@@H]1CN(CC(=O)Nc2ccc3c(c2)Cc2cccc(-c4cc(=O)cc(N5CCOCC5)o4)c2S3)C[C@H](C)O1,547.68,4.25,84.3,1,8,5,1,0.1475,Cilofexor (GS-9674),FXR
T35901,C=CC(=O)Nc1cccc(N(C(=O)OCc2ccc(F)cc2)c2ccnc(Nc3cnn(C)c3)n2)c1,487.5,4.69,114.3,2,7,8,0,0.1475,Cilofexor (GS-9674),FXR
T0280,O=C(CCCN1CCC2(CC1)C(=O)NCN2c1ccccc1)c1ccc(F)cc1,395.48,3.22,52.7,1,4,6,0,0.1474,Denifanstat (TVB-2640),FASN
T2669,CNCc1ccc(-c2cc(-c3nc(-c4ccc(S(=O)(=O)C(C)C)cc4)cnc3N)on2)cc1,463.56,3.95,124.0,2,8,7,0,0.1474,Lanifibranor (IVA-337),PPAR-alpha/gamma/delta
T3380,COC(=O)CC(O)(CCCC(C)(C)O)C(=O)OC1C(OC)=CC23CCCN2CCc2cc4c(cc2C13)OCO4,545.63,2.58,124.0,2,10,9,1,0.1474,BI-1467335,AOC3/VAP-1
T6762,CCn1cc(C(=O)O)c(=O)c2c(N)c(F)c(NC3CCCCC3)cc21,347.39,3.19,97.4,3,4,4,0,0.1474,Denifanstat (TVB-2640),FASN
T8119,O=C(Nc1ccc(I)cc1)N1CCC(n2c(=O)[nH]c3c(Br)cccc32)CC1,541.19,4.57,70.1,2,2,2,1,0.1474,Denifanstat (TVB-2640),FASN
T10419,C=CC(=O)Nc1cc2c(Nc3ccc(F)c(Cl)c3)ncnc2cc1C#CC(C)(C)N1CCN(C)CC1,507.01,4.67,73.4,2,6,5,1,0.1474,BI-1467335,AOC3/VAP-1
T12502,CC(=O)Nc1ccc(C)c(C(=O)N[C@H](C)c2cccc3ccccc23)c1,346.43,4.6,58.2,2,2,4,0,0.1474,VK2809,THR-beta
T8673,O=C(O)[C@@H]1Cc2c([nH]c3ccccc23)CN1C(=O)OCC1c2ccccc2-c2ccccc21,438.48,4.93,82.6,2,3,3,0,0.1474,Denifanstat (TVB-2640),FASN
T16961,COc1cc(OC)cc(N2CCN(C(=O)Nc3nc4cc(F)ccc4nc3OC)CC2)c1,441.46,3.15,89.0,1,7,5,0,0.1474,Denifanstat (TVB-2640),FASN
T38662,C[C@H]1OC(C)(C)N(C(=O)CNC(=O)OCC2c3ccccc3-c3ccccc32)[C@@H]1C(=O)O,438.48,2.96,105.2,2,5,5,0,0.1474,Denifanstat (TVB-2640),FASN
T9953,COc1ccc2cc(-c3nc(-c4ccc(Br)cc4)no3)cnc2c1,382.22,4.72,61.0,0,5,3,0,0.1474,Cilofexor (GS-9674),FXR
TQ0271,CN1CCC(Nc2ncc3ncnc(Nc4ccc(F)c(Cl)c4)c3n2)CC1,387.85,3.46,78.9,2,7,4,0,0.1474,Lanifibranor (IVA-337),PPAR-alpha/gamma/delta
T67854,O=C(O)c1cccc2c1NC(c1cccc([N+](=O)[O-])c1)C1CC=CC21,336.35,4.12,92.5,2,4,3,0,0.1474,Denifanstat (TVB-2640),FASN
T25875,Cc1ccc(Cn2c(NC3CCNCC3)nc3cccnc32)o1,311.39,2.54,67.9,2,5,4,0,0.1474,Denifanstat (TVB-2640),FASN
T26360,O=C(CCCN1CCC(n2c(=O)[nH]c3ccccc32)CC1)c1ccc(F)cc1,381.45,3.77,58.1,1,3,6,0,0.1474,Denifanstat (TVB-2640),FASN
T26086,CC1(C)Oc2ccc(S(=O)(=O)c3ccccc3)cc2[C@@H](N2CCCC2=O)[C@@H]1O,401.48,2.71,83.9,1,5,3,0,0.1474,Denifanstat (TVB-2640),FASN
T26086L,CC1(C)Oc2ccc(S(=O)(=O)c3ccccc3)cc2[C@H](N2CCCC2=O)[C@H]1O,401.48,2.71,83.9,1,5,3,0,0.1474,Denifanstat (TVB-2640),FASN
T32872,O=C1Nc2ccc(Cl)nc2C(c2ccccc2Cl)=NC1O,322.15,2.5,74.6,2,4,1,0,0.1474,Cilofexor (GS-9674),FXR
T70086,O=C(NC1CN(Cc2cnn(Cc3ccc(Cl)cc3)c2)C1)c1cn(C2CC2)nn1,411.9,2.13,80.9,1,5,7,0,0.1474,Lanifibranor (IVA-337),PPAR-alpha/gamma/delta
T200419,O=C(Cc1ccccc1)Nc1cccc(C(=O)Nc2ccccc2C(=O)O)c1,374.4,3.82,95.5,3,3,6,0,0.1474,Cilofexor (GS-9674),FXR
TN8032,CC(=O)OCc1cc(OC(C)=O)c2c(c1)C(=O)c1cccc(OC(C)=O)c1C2=O,396.35,2.38,113.0,0,8,4,0,0.1474,Cilofexor (GS-9674),FXR
T80675,Cc1nc(N(C)C(=O)Cc2ccc(-c3cc(F)ccc3F)cc2)sc1S(C)(=N)=O,435.52,4.64,74.1,1,5,5,0,0.1474,Lanifibranor (IVA-337),PPAR-alpha/gamma/delta
T1684,O=C1CCCC(=O)C1C(=O)c1ccc(C(F)(F)F)cc1[N+](=O)[O-],329.23,2.73,94.3,0,5,3,0,0.1471,BI-1467335,AOC3/VAP-1
T1768,CN(Cc1ccccc1)c1ccc2cc(C(=O)O)c(=O)oc2c1,309.32,3.13,70.8,1,4,4,0,0.1471,Firsocostat (GS-0976),ACC
T2355,O=C(O)c1ccc(/C=C2/SC(=S)N(c3cccc(C(F)(F)F)c3)C2=O)cc1,409.41,4.81,57.6,1,4,3,0,0.1471,Cilofexor (GS-9674),FXR
T3452,CC(C)(C)c1ccc(S(=O)(=O)Nc2ccc(-n3ccnc3)cc2)cc1,355.46,3.97,64.0,1,3,4,0,0.1471,BI-1467335,AOC3/VAP-1
T3861,CC(C)=CCc1c(O)ccc(C(=O)/C=C/c2ccc(O)cc2)c1O,324.38,4.21,77.8,3,4,5,0,0.1471,BI-1467335,AOC3/VAP-1
T4325,S=C(N/N=C1\CCCc2cccnc21)N1CCN(c2ccccn2)CC1,366.49,2.21,56.7,1,5,2,0,0.1471,Cilofexor (GS-9674),FXR
T6984,Cc1cc(C)nc(SCC(=O)Nc2ncc(Cc3cccc4ccccc34)s2)n1,420.56,5.02,67.8,1,6,6,1,0.1471,VK2809,THR-beta
T5S2343,CC(=O)O[C@H](CC=C(C)C)C1=CC(=O)c2c(O)ccc(O)c2C1=O,330.34,2.69,100.9,2,6,4,0,0.1471,BI-1467335,AOC3/VAP-1
T5916,CN(C(=O)OCC1c2ccccc2-c2ccccc21)[C@@H](Cc1ccccc1)C(=O)O,401.46,4.56,66.8,1,3,6,0,0.1471,Firsocostat (GS-0976),ACC
T7596,CC1(C)OC(=O)C(OCC2CC2)=C1c1ccc(S(C)(=O)=O)cc1,336.41,2.56,69.7,0,5,5,0,0.1471,Firsocostat (GS-0976),ACC
T14078,Cc1c(C#N)cccc1-c1cc(-c2cn(Cc3cccc(C(C)(C)O)n3)nn2)nc(N)n1,426.48,2.84,139.4,2,8,5,0,0.1471,Denifanstat (TVB-2640),FASN
TP1399,CC(C)C[C@@H](C(=O)O)N(C)C(=O)OCC1c2ccccc2-c2ccccc21,367.45,4.37,66.8,1,3,6,0,0.1471,Firsocostat (GS-0976),ACC
T14901,Cn1ncc2cc(-c3cnc(N)c(Cl)c3N3CCC4(CCNC4=O)CC3)ccc21,410.91,2.98,89.1,2,5,2,0,0.1471,Denifanstat (TVB-2640),FASN
T17019,CC(C)(O)C(=O)N1CCN(c2ccc(C(F)(F)F)c(C3=C(c4c[nH]c5ccccc45)C(=O)NC3=O)c2)CC1,526.52,3.17,105.7,3,5,4,1,0.1471,Denifanstat (TVB-2640),FASN
TN1516,CC(C)=CCOc1c2ccoc2c(OCC=C(C)C)c2oc(=O)ccc12,354.4,5.23,61.8,0,5,6,1,0.1471,BI-1467335,AOC3/VAP-1
TN1413,COC(=O)c1c(C)cc(OC(=O)c2c(C)cc(O)c(C=O)c2O)c(C)c1O,374.35,2.55,130.4,3,8,4,0,0.1471,BI-1467335,AOC3/VAP-1
TN6720,CC(=O)O[C@@H](CC=C(C)C)C1=CC(=O)c2c(O)ccc(O)c2C1=O,330.34,2.69,100.9,2,6,4,0,0.1471,BI-1467335,AOC3/VAP-1
T22788,COC(=O)c1c(C)[nH]c(C)c1C(=O)c1ccccc1Cc1ccccc1,347.41,4.24,59.2,1,3,5,0,0.1471,BI-1467335,AOC3/VAP-1
T14694,COc1cc(C(=O)c2c(C)oc3c(O)c(OC)ccc23)cc(OC)c1OC,372.37,3.71,87.4,1,7,6,0,0.1471,BI-1467335,AOC3/VAP-1
T12710,COC(=O)c1nc(C(F)(F)F)n2c1CN(C(=O)C[C@H](N)Cc1cc(F)c(F)cc1F)CC2,464.37,2.41,90.5,1,5,5,0,0.1471,Denifanstat (TVB-2640),FASN
T18968,CN(C)c1cccc2c(S(=O)(=O)NCCCCCN)cccc12,335.47,2.31,75.4,2,4,8,0,0.1471,BI-1467335,AOC3/VAP-1
T29123,Cc1cc(C)c2c(N)c(C(=O)NCc3ccc4c(c3)OCO4)sc2n1,355.42,3.15,86.5,2,6,3,0,0.1471,VK2809,THR-beta
T9408,Nc1ncnc2c1c(-c1ccc(Oc3ccccc3)cc1)nn2C1CCNCC1,386.46,3.79,90.9,2,6,4,0,0.1471,Cilofexor (GS-9674),FXR
T9407,CC(C)C(=O)N1CCN(c2ccc(NC(=O)c3cc4ccccc4o3)cc2Cl)CC1,425.92,4.64,65.8,1,4,4,0,0.1471,VK2809,THR-beta
T12564,COc1ccc(-c2oc3c(OC)c(O)cc(O)c3c(=O)c2O)cc1,330.29,2.59,109.4,3,7,3,0,0.1471,BI-1467335,AOC3/VAP-1
T39972,CC1=C(C(=O)Nc2ccc3[nH]nc(-c4ccccc4)c3c2)C(C)(C)n2nnnc2N1C,414.47,3.31,104.6,2,6,3,0,0.1471,Denifanstat (TVB-2640),FASN
T12870,CC(C)c1ccc(Cn2ccc3c4c(N)nc(NC5CC5)nc4ccc32)cc1,371.49,4.91,68.8,2,4,5,0,0.1471,VK2809,THR-beta
T62420,O=C(Nc1ccc(S(=O)(=O)Oc2cccc([N+](=O)[O-])c2)cc1)c1ccccc1Cl,432.84,4.27,115.6,1,6,6,0,0.1471,Cilofexor (GS-9674),FXR
T17977,O=C(NCCOP(=O)(O)O)OCC1c2ccccc2-c2ccccc21,363.31,2.63,105.1,3,4,6,0,0.1471,BI-1467335,AOC3/VAP-1
T24771,COc1ccc(S(=O)(=O)c2cc(OC)ccc2S(=O)(=O)c2ccc([C@H](C)NS(C)(=O)=O)cc2)cc1,539.65,2.98,132.9,1,8,9,1,0.1471,BI-1467335,AOC3/VAP-1
T67947,CN1CCN(c2ccc([N+](=O)[O-])cc2NC(=O)c2ccccc2Cl)CC1,374.83,3.25,78.7,1,5,4,0,0.1471,Cilofexor (GS-9674),FXR
T27947L,N[C@@H](C[C@@H](C/C=C/c1ccc2ccccc2c1)C(=O)O)C(=O)O,313.35,2.75,100.6,3,3,7,0,0.1471,BI-1467335,AOC3/VAP-1
T27244,O=C(O)COCCN1CCN(C(c2ccc(F)cc2)c2ccc(F)cc2)CC1,390.43,2.77,53.0,1,4,8,0,0.1471,BI-1467335,AOC3/VAP-1
T16817,CCN1CC/C(=C\c2cc(C(C)(C)C)c(O)c(C(C)(C)C)c2)S1(=O)=O,365.54,4.38,57.6,1,3,2,0,0.1471,BI-1467335,AOC3/VAP-1
T16286,O=C(O)c1cc(NCc2c(F)c(F)c(C(F)(F)F)c(F)c2F)ccc1O,383.22,4.28,69.6,3,3,4,0,0.1471,BI-1467335,AOC3/VAP-1
T84322,Cc1ccc(NC(=S)NC(=O)c2ccccc2[N+](=O)[O-])cc1,315.35,3.03,84.3,2,4,3,0,0.1471,BI-1467335,AOC3/VAP-1
T25753,CN(C)C(=O)C(CC[N@+]1([O-])CC[C@@](O)(c2ccc(Cl)cc2)CC1)(c1ccccc1)c1ccccc1,493.05,5.1,63.6,1,3,7,1,0.1471,Cilofexor (GS-9674),FXR
T86777,O=C(O)c1ccc(Nc2ccc([N+](=O)[O-])c3nonc23)cc1,300.23,2.57,131.4,2,7,4,0,0.1471,BI-1467335,AOC3/VAP-1
T1912,CCc1cnn2c(NCc3ccc[n+]([O-])c3)cc(N3CCCC[C@H]3CCO)nc12,396.5,2.28,92.6,2,6,7,0,0.1468,Denifanstat (TVB-2640),FASN
T2535,COc1cc2c(cc1OC)CC(=O)N(CCCN(C)C[C@H]1Cc3cc(OC)c(OC)cc31)CC2,468.59,3.31,60.5,0,6,10,0,0.1468,Firsocostat (GS-0976),ACC
T4078,COc1nccc(-c2c(-c3ccc(F)cc3)ncn2C2CCNCC2)n1,353.4,3.08,64.9,1,5,4,0,0.1468,Firsocostat (GS-0976),ACC
T6243,COc1ccc2c(c1)CC[C@@H]1[C@@H]2CC[C@]2(C)[C@@H](NCCCCCCN3C(=O)C=CC3=O)CC[C@@H]12,464.65,4.99,58.6,1,4,9,0,0.1468,Aramchol,SCD1
T6818,COc1ccc2[nH]cc(C=C3C(=O)Nc4ccc(NC(=O)CCN5CCCCC5)cc43)c2c1,444.54,4.48,86.5,3,4,6,0,0.1468,Denifanstat (TVB-2640),FASN
T6889,N#Cc1cc2cc(CN3CCC(Nc4ncnc5sc(CC(F)(F)F)cc45)CC3)ccc2[nH]1,470.52,5.23,80.6,2,6,5,1,0.1468,Denifanstat (TVB-2640),FASN
T5181,COc1ccc(/C=C2\CN(C)C/C(=C\c3c[nH]c4ccccc34)C2=O)cc1OC,388.47,4.17,54.6,1,4,4,0,0.1468,Firsocostat (GS-0976),ACC
T8450,O=C(CSc1nnc(NCc2ccccc2)s1)NCC1CCCCC1,376.55,3.94,66.9,2,6,8,0,0.1468,Firsocostat (GS-0976),ACC
T50070,CCn1cc(C(=O)O)c(=O)c2cc(F)c(N3CCN(C(=O)CCc4ccccc4)CC3)cc21,451.5,3.14,82.8,1,4,6,0,0.1468,Cilofexor (GS-9674),FXR
T16718,CC(=O)NC[C@H]1CN(c2ccc(-c3ccc(CNCc4cnn[nH]4)cc3)c(F)c2)C(=O)O1,438.46,2.36,112.2,3,6,8,0,0.1468,Denifanstat (TVB-2640),FASN
T35384,[H][C@@]12CCC[C@]1([H])N1Cc3cc(F)cnc3O[C@H](C)CNC(=O)c3cnn4cc(c1nc34)O2,424.44,2.09,93.9,1,7,0,0,0.1468,Denifanstat (TVB-2640),FASN
T12504,CC(=O)N1CCCC1(Cc1ccc(S(C)(=O)=O)cc1)C(=O)OCc1ccccc1,415.51,2.76,80.8,0,5,6,0,0.1468,Firsocostat (GS-0976),ACC
T16728,NC(=O)c1ccn(-c2cnc(NC[C@]3(c4ncccc4F)C[C@H](F)C3)nc2)c1,384.39,2.38,98.7,2,5,6,0,0.1468,Cilofexor (GS-9674),FXR
T10058,CCCn1c(=O)c2[nH]c(-c3cnn(Cc4ccccc4)c3)nc2n(CCC)c1=O,392.46,2.62,90.5,1,4,7,0,0.1468,Firsocostat (GS-0976),ACC
T67779,C[C@H]1CNC(=O)c2cnn3cc4c(nc23)N(Cc2cc(F)cnc2O1)[C@@H]1CCC[C@@H]1O4,424.44,2.09,93.9,1,7,0,0,0.1468,Denifanstat (TVB-2640),FASN
T39078,O=C(N[C@H]1CCN(c2nccn3cccc23)C1)c1ccn(-c2ccc(F)cc2)n1,390.42,2.67,67.5,1,4,4,0,0.1468,Cilofexor (GS-9674),FXR
T67703,CCNC(=O)Nc1ccc(-c2nc(N3CC4CCC(C3)O4)c3sccc3n2)cc1,409.52,3.87,79.4,2,6,4,0,0.1468,Cilofexor (GS-9674),FXR
T28887,CN1CCN(C(=O)OC2C3=C(SCCS3)C(=O)N2c2ccc3ccc(Cl)nc3n2)CC1,478.0,3.03,78.9,0,8,2,0,0.1468,Cilofexor (GS-9674),FXR
T19722,O=C(O)CN1C(=O)[C@@H](N[C@@H](CCc2ccccc2)C(=O)O)CCc2ccccc21,396.44,2.09,106.9,3,4,8,0,0.1468,Firsocostat (GS-0976),ACC
T14141,Cc1[nH]c2c(N3CCCCC3)c(-c3ccccc3)nn2c(=O)c1-c1ccc(O)cc1,400.48,4.36,73.6,2,4,3,0,0.1468,Firsocostat (GS-0976),ACC
T28238,CNC(=O)c1ccc(N2C(=S)N(c3ccc(C#N)c(C(F)(F)F)c3)C(=O)[C@]23CCOC3)cc1F,492.45,3.37,85.7,1,5,3,0,0.1468,Denifanstat (TVB-2640),FASN
T80806,Cc1csc(NC(=O)c2cc(-c3ccco3)nc3ccccc23)n1,335.39,4.51,68.0,1,5,3,0,0.1468,Firsocostat (GS-0976),ACC
T9414,CC1(C)COc2ccc(F)cc2CN2c3nc4c(cnn4cc3OC[C@H]2C(F)F)C(=O)N1,447.42,2.8,81.0,1,6,1,0,0.1468,Denifanstat (TVB-2640),FASN
T62798,N[C@@H]1c2ccccc2OC12CCN(c1cnc3c(N4CCCc5ncccc54)n[nH]c3n1)CC2,454.54,3.26,109.1,2,8,2,0,0.1468,Denifanstat (TVB-2640),FASN
T5840,CCOc1ccc(-c2nc3ccc(-c4nc5ccc(N6CCN(C)CC6)cc5[nH]4)cc3[nH]2)cc1,452.56,4.92,73.1,2,5,5,0,0.1467,BI-1467335,AOC3/VAP-1
T7526,O=C(Nc1ccc(C(F)(F)F)cn1)N1CCN(c2ncccc2C(F)(F)F)CC1,419.33,3.87,61.4,1,4,2,0,0.1467,BI-1467335,AOC3/VAP-1
T22422,CC(C)(C)c1cc(C(=O)O)c(NC(=O)Nc2ccc3[nH]ncc3c2)s1,358.42,4.26,107.1,4,4,3,0,0.1467,BI-1467335,AOC3/VAP-1
T21343,O=S(=O)([O-])CCCN1c2ccccc2Sc2ccccc21,320.42,3.22,60.4,0,5,4,0,0.1467,Lanifibranor (IVA-337),PPAR-alpha/gamma/delta
T15233,O=C(Nc1cc(C(F)(F)F)cc(C(F)(F)F)c1)Nc1cc(Br)ccc1-c1nn[nH]n1,495.18,5.31,95.6,3,4,3,1,0.1467,BI-1467335,AOC3/VAP-1
T19424,COC(=O)CC/C(C)=C/Cc1c(O)c2c(c(C)c1OC)COC2=O,334.37,2.82,82.1,1,6,6,0,0.1467,BI-1467335,AOC3/VAP-1
T13600,O=[N+]([O-])c1cn(C(c2ccccc2)(c2ccccc2)c2ccccc2)cn1,355.4,4.63,61.0,0,3,5,0,0.1467,Lanifibranor (IVA-337),PPAR-alpha/gamma/delta
T11142,CCOC(=O)NC(=O)c1ccsc1NC(=O)c1ccc([N+](=O)[O-])s1,369.38,2.86,127.6,2,8,5,0,0.1467,BI-1467335,AOC3/VAP-1
T41255,COc1ccc(OC)c(-n2nnc(S(=O)(=O)c3ccc(C(C)(C)C)cc3)c2C)c1,415.52,3.72,83.3,0,6,5,0,0.1467,BI-1467335,AOC3/VAP-1
T23321,COC(=O)[C@H](Cc1ccc([N+](=O)[O-])cc1)NC(=O)c1cccc2ccccc12,378.38,3.26,98.5,1,5,6,0,0.1467,BI-1467335,AOC3/VAP-1
T67749,CCS(=O)(=O)Nc1ncc(C(F)(F)F)cc1NC(=O)C1CCCCC1,379.4,3.38,88.2,2,4,5,0,0.1467,BI-1467335,AOC3/VAP-1
T73181,Nc1ccccc1NC(=O)c1ccc(NC(=O)C(Cc2ccccc2)c2ccccc2)cn1,436.52,4.88,97.1,3,4,7,0,0.1467,BI-1467335,AOC3/VAP-1
T37577,CNC(=O)Nc1ccc(OC)c(NC(=O)NC(=O)c2cc(F)c(F)cc2Cl)c1,412.78,3.34,108.6,4,4,4,0,0.1467,BI-1467335,AOC3/VAP-1
T1656,COc1cc2c(Nc3ccc(Br)cc3F)ncnc2cc1OCC1CCN(C)CC1,475.36,5.0,59.5,1,6,6,1,0.1466,Firsocostat (GS-0976),ACC
T6636,COc1cc(F)c(F)c(Nc2ccc(I)cc2F)c1NS(=O)(=O)C1(C[C@H](O)CO)CC1,572.34,3.48,107.9,4,6,9,1,0.1466,Firsocostat (GS-0976),ACC
T6S0654,[H][C@@]12C[C@H](/C(=C\OC)C(=O)OC)[C@@H](C=C)CN1CC[C@@]21C(=O)Nc2ccccc21,382.46,2.48,67.9,1,5,4,0,0.1466,Firsocostat (GS-0976),ACC
T6S0655,C=C[C@H]1CN2CC[C@]3(C(=O)Nc4ccccc43)[C@@H]2C[C@@H]1/C(=C\OC)C(=O)OC,382.46,2.48,67.9,1,5,4,0,0.1466,Firsocostat (GS-0976),ACC
T5418,CNCc1ccccc1-c1csc([C@@H](C)Nc2nc(C)nc3cc(OC)c(OC)cc23)c1,448.59,5.58,68.3,2,7,8,1,0.1466,Firsocostat (GS-0976),ACC
T5634,Cc1ccc2c(Nc3cccc(Cl)c3F)nccc2c1NC(=O)c1csc2c(N)ncnc12,478.94,5.92,105.8,3,7,4,1,0.1466,Cilofexor (GS-9674),FXR
T7305,CCCc1cc(C)[nH]c(=O)c1CNC(=O)c1cc(-c2ccc(N3CCN(C)CC3)nc2)nc2c1cnn2C(C)C,542.69,3.71,112.0,2,7,8,1,0.1466,Denifanstat (TVB-2640),FASN
T8651,C[C@H](Nc1ncnc2nc[nH]c12)c1nc2cccc(F)c2c(=O)n1-c1ccccc1,401.41,3.36,101.4,2,6,4,0,0.1466,Firsocostat (GS-0976),ACC
T11175,C[C@H]1OC[C@]2(c3cc(NC(=O)c4cnc(C(F)F)cn4)ccc3F)N=C(N)SC[C@H]12,437.45,3.1,102.5,2,7,4,0,0.1466,Cilofexor (GS-9674),FXR
T14835,CCc1cc(F)c2nc(N3CCC(NC4CCOCC4)CC3)c(-c3nc(C)no3)c(C)c2c1,453.56,4.34,76.3,1,7,5,0,0.1466,Firsocostat (GS-0976),ACC
T9452,O=C(NCCO)c1cccc2c1CCN2c1cc(Cc2cc(F)cc(C(F)(F)F)c2)ncn1,460.43,3.64,78.3,2,5,6,0,0.1466,Cilofexor (GS-9674),FXR
T8044,[H][C@@]12C[C@]3([H])C(C(=O)OC)=CO[C@@H](C)[C@@]3([H])CN1CCc1c2[nH]c2ccccc12,352.43,3.18,54.6,1,4,1,0,0.1466,Firsocostat (GS-0976),ACC
T12204,O=S1(=O)CCN(Cc2cc(NCC3CCOCC3)c3[nH]c(-c4ccccc4)cc3c2)CC1,453.61,3.9,74.4,2,5,6,0,0.1466,Firsocostat (GS-0976),ACC
T64066,Cc1[nH]c(/C=C2\C(=O)Nc3cc(NC(=O)Nc4cc(C(C)(C)C)on4)ccc32)c(C)c1NC(=O)CN1CCN(C)CC1,574.69,4.24,147.6,5,7,6,1,0.1466,Denifanstat (TVB-2640),FASN
T12697,COc1cc(F)c(F)c(Nc2ccc(I)cc2F)c1NS(=O)(=O)C1(C[C@@H](O)CO)CC1,572.34,3.48,107.9,4,6,9,1,0.1466,Firsocostat (GS-0976),ACC
T3460,COc1cc(OC)cc(C(=O)Nc2ccc(Cl)c(-c3nc4ccc(N(C)C)cc4[nH]3)c2)c1,450.93,5.22,79.5,2,5,6,1,0.1463,BI-1467335,AOC3/VAP-1
T3864,COc1ccc(CCc2cc(OC)c(OC)c(OC)c2)cc1O,318.37,3.21,57.2,1,5,7,0,0.1463,VK2809,THR-beta
T4066,O=S(=O)(NC1CCCCC1)c1ccc2c(c1)C(=NO)c1cc(S(=O)(=O)NC3CCCCC3)ccc1-2,517.67,4.12,124.9,3,6,6,1,0.1463,Denifanstat (TVB-2640),FASN
T6882,CNc1ncc2cc(-c3cc(NC(=O)NCCC(C)(C)C)c(F)cc3C)c(C)nc2n1,424.52,5.05,91.8,3,5,5,1,0.1463,BI-1467335,AOC3/VAP-1
T4640,O=C(N/C(=N\c1cc(C(F)(F)F)[nH]n1)Nc1cc(F)cc(Cl)c1)c1cccc(Cl)c1,460.22,5.4,82.2,3,3,3,1,0.1463,BI-1467335,AOC3/VAP-1
T8353,O=C(O)c1cc2ccccc2c(Cc2c(O)c(C(=O)O)cc3ccccc23)c1O,388.38,4.39,115.1,4,4,4,0,0.1463,VK2809,THR-beta
T22396,C=CC(=O)Nc1cc2c(Nc3ccc(F)c(Cl)c3)ncnc2cc1OC,372.79,4.3,76.1,2,5,5,0,0.1463,BI-1467335,AOC3/VAP-1
T9470,CC1(C)OC(=O)c2ccc(Nc3ncc(-c4nnco4)c(N[C@H](CO)c4ccccc4)n3)cc21,458.48,3.82,135.3,3,10,7,0,0.1463,Firsocostat (GS-0976),ACC
T9448,COC[C@H](c1cnn2cc([C@@H](NC(=O)c3nonc3C)C3CCC(F)(F)CC3)nc2c1)N1C[C@@H](C(F)(F)F)NC1=O,586.52,3.36,139.8,2,8,8,1,0.1463,Denifanstat (TVB-2640),FASN
T38400,C[S+]([O-])c1nc2cc(Oc3cccc(Cl)c3Cl)c(Cl)cc2[nH]1,375.66,5.05,61.0,1,3,3,1,0.1463,Resmetirom,THR-beta
T16479,Cc1cnc(NC(=O)c2cc(Oc3cnc(C(=O)N(C)C)nc3)c3cc(C)oc3c2)cn1,432.44,3.38,123.3,1,8,5,0,0.1463,BI-1467335,AOC3/VAP-1
T9572,CCN(Cc1nc2c(N)nc3cc(-c4cc[nH]n4)ccc3c2[nH]1)C(C)=O,349.4,2.45,116.6,3,5,4,0,0.1463,BI-1467335,AOC3/VAP-1
T26969,CS(=O)(=O)c1cc(-c2ccccc2)cc(S(=O)(=O)c2ccc(CN)s2)c1,407.54,3.11,94.3,1,6,5,0,0.1463,Lanifibranor (IVA-337),PPAR-alpha/gamma/delta
T67845,Cc1cc2c(Nc3ccc(S(C)(=O)=O)cc3)ncnc2s1,319.41,3.15,72.0,1,6,3,0,0.1463,Lanifibranor (IVA-337),PPAR-alpha/gamma/delta
T10487,C[C@@H]1CN(c2ncc(Cl)c(Nc3ccc4c(c3)n(CCC(C)(C)O)c(=O)n4C)n2)C[C@H](C)C1(F)F,509.0,4.42,88.2,2,6,6,1,0.1463,Firsocostat (GS-0976),ACC
T27300,Cc1cc(-c2ccccc2)c(C(=O)C(=O)Nc2ccc(N3CCN(c4ncc(F)cn4)CC3)cc2)n1C,498.56,4.08,83.4,1,6,6,0,0.1463,BI-1467335,AOC3/VAP-1
T38170,COC1(C(=O)N2Cc3nc(Cl)nc(N[C@H](C)c4cc(N)cc(C(F)(F)F)c4)c3C2)CCOCC1,499.92,3.94,102.6,2,7,5,0,0.1463,Firsocostat (GS-0976),ACC
T40581,Nc1ncnc2occ(-c3ccc(NC(=O)Nc4cc(C(F)(F)F)ccc4F)cc3)c12,431.35,5.27,106.1,3,5,3,1,0.1463,BI-1467335,AOC3/VAP-1
T11993,CNC(=O)c1ccc2c(c1)NC(=O)/C2=C(\Nc1cccc(CN(C)C)c1)c1ccccc1,426.52,4.04,73.5,3,4,6,0,0.1463,BI-1467335,AOC3/VAP-1
T203345,Cc1cc(Nc2cccc(NC(=O)c3cccc(Nc4ccnc5ccccc45)c3)c2)nc(N)n1,461.53,5.65,117.8,4,7,6,1,0.1463,BI-1467335,AOC3/VAP-1
T78745,O=C(Nc1ccc(C(=O)O)c(O)c1)c1ccc2ccccc2n1,308.29,2.89,99.5,3,4,3,0,0.1463,Lanifibranor (IVA-337),PPAR-alpha/gamma/delta
T2806,CCN1C[C@]2(OC(=O)c3ccccc3NC(C)=O)CC[C@H](OC)[C@]34[C@@H]2C[C@@H]([C@@H]13)[C@@]1(O)C[C@H](OC)[C@H]2C[C@@H]4[C@]1(O)[C@H]2OC,584.71,2.22,126.8,3,9,7,1,0.1462,Firsocostat (GS-0976),ACC
T6560,CCN1C[C@]2(OC(=O)c3ccccc3NC(C)=O)CC[C@H](OC)[C@]34C1[C@H](C[C@H]23)[C@@]1(O)C[C@H](OC)[C@H]2C[C@@H]4[C@]1(O)[C@H]2OC,584.71,2.22,126.8,3,9,7,1,0.1462,Firsocostat (GS-0976),ACC
T0659,CC1=NN(c2ccccc2)C(=O)C1C1C(=O)N(c2ccccc2)N=C1C,346.39,3.06,65.3,0,4,3,0,0.1461,Firsocostat (GS-0976),ACC
T4424,Nc1n[nH]c2cc(-c3ccc(=O)n(Cc4cccc(Cl)c4)c3)ccc12,350.81,3.68,76.7,2,3,3,0,0.1461,Lanifibranor (IVA-337),PPAR-alpha/gamma/delta
T5513,COc1cc(Cc2cnc(N)nc2N)c(C(C)C)cc1OC,302.38,2.37,96.3,2,6,5,0,0.1461,VK2809,THR-beta
T19669,COc1ccc(S(=O)(=O)Nc2cc(Cl)cc(Cl)c2OC)cc1N1CCNCC1,446.36,3.22,79.9,2,6,6,0,0.1461,Resmetirom,THR-beta
T16850,N#Cc1ccc(NC(=O)Nc2ccccc2Br)c2[nH]nnc12,357.17,3.24,106.5,3,4,2,0,0.1461,Denifanstat (TVB-2640),FASN
T16133,O=S(=O)(N[C@H]1CC[C@@](c2cc(F)ccc2F)(S(=O)(=O)c2ccc(Cl)cc2)CC1)C(F)(F)F,517.93,4.67,80.3,1,4,5,1,0.1461,Lanifibranor (IVA-337),PPAR-alpha/gamma/delta
T22070,O=C(O)c1ccccc1S(=O)(=O)NCCCCN1C(=O)c2cccc3cccc(c23)C1=O,452.49,2.89,120.8,2,5,8,0,0.1461,Lanifibranor (IVA-337),PPAR-alpha/gamma/delta
T10364,Oc1ccc(CCCCNC[C@H](O)c2ccc(O)c(O)c2)cc1,317.39,2.45,93.0,5,5,8,0,0.1461,VK2809,THR-beta
T16782,CCCn1c(=O)c2[nH]c(C34CC5CC(CC3C5)C4)nc2n(CCC)c1=O,356.47,2.78,72.7,1,3,5,0,0.1461,Denifanstat (TVB-2640),FASN
T69486,CC(=O)Nc1ccc(S(=O)(=O)Nc2nc3ccccc3nc2Nc2cccc3ccccc23)cc1,483.55,5.29,113.1,3,6,6,1,0.1461,Lanifibranor (IVA-337),PPAR-alpha/gamma/delta
T206036,COc1cc(-c2cncc(-c3ccc(N4CCNCC4)cc3)c2C)cc(OC)c1OC,419.53,4.16,55.9,1,6,6,0,0.1461,Denifanstat (TVB-2640),FASN
T200466,O=C(Cn1nc(-c2ccc(Cl)cc2)c2ccccc2c1=O)Nc1ccc(F)cc1,407.83,4.49,64.0,1,3,4,0,0.1461,Lanifibranor (IVA-337),PPAR-alpha/gamma/delta
T77743,O=C(/C=C/c1ccco1)Nc1cccc(NC(=O)/C=C/c2ccco2)n1,349.35,3.57,97.4,2,5,6,0,0.1461,Cilofexor (GS-9674),FXR
T1829,N#CC[C@H](C1CCCC1)n1cc(-c2ncnc3[nH]ccc23)cn1,306.37,3.47,83.2,1,4,4,0,0.1458,Denifanstat (TVB-2640),FASN
T3160,Cc1ccc2nc(-n3nc(C)c(Cc4ccccc4)c3O)[nH]c2c1,318.38,3.66,66.7,2,3,3,0,0.1458,VK2809,THR-beta
T6156,N#CC[C@@H](C1CCCC1)n1cc(-c2ncnc3[nH]ccc23)cn1,306.37,3.47,83.2,1,4,4,0,0.1458,Denifanstat (TVB-2640),FASN
T6855,CC(=O)Nc1nc(-c2cccc(NS(=O)(=O)c3cccc4c(N(C)C)cccc34)c2)cs1,466.59,4.79,91.4,2,6,6,0,0.1458,Lanifibranor (IVA-337),PPAR-alpha/gamma/delta
T7422,Cc1cc(/C(=C/Nc2ccc(Cl)cc2)C(=O)Nc2ccc(Cl)cc2)on1,388.25,5.38,67.2,2,4,5,1,0.1458,Cilofexor (GS-9674),FXR
T18991,O=C1OC2(c3ccc(O)cc3Oc3cc(O)ccc32)c2ccc(N3C(=O)C=CC3=O)cc21,427.37,3.1,113.4,2,7,1,0,0.1458,Cilofexor (GS-9674),FXR
T12019,Cc1cc(N(C)C)ccc1-c1nc2cc(-c3nc4cc(N5CCN(C)CC5)ccc4[nH]3)ccc2[nH]1,465.61,4.9,67.1,2,5,4,0,0.1458,Denifanstat (TVB-2640),FASN
T20689,O=C(O)CN1C[C@@H](c2cccs2)SC[C@H](N[C@@H](CCc2ccccc2)C(=O)O)C1=O,448.57,2.49,106.9,3,6,9,0,0.1458,Lanifibranor (IVA-337),PPAR-alpha/gamma/delta
T60202,Oc1c(C(Nc2ccccn2)c2cccc(Cl)c2Cl)ccc2cccnc12,396.28,5.84,58.0,2,4,4,1,0.1458,VK2809,THR-beta
T77523,COc1cccc(NC(=S)NN=Cc2cc(C)ccc2O)c1,315.4,3.03,65.9,3,4,4,0,0.1458,VK2809,THR-beta
T73267,C[C@H]1CN(c2ccccc2C#N)CCN1CCNS(=O)(=O)c1ccc(F)c(Cl)c1,436.94,2.84,76.4,1,5,6,0,0.1458,Resmetirom,THR-beta
T77812,CNC(=O)c1sccc1Nc1nc(Nc2ccc(N3CCN(C)CC3)cc2)ncc1Cl,457.99,3.79,85.4,3,8,6,0,0.1458,Lanifibranor (IVA-337),PPAR-alpha/gamma/delta
T23075,O=C(O)C1=CCCN(CCON=C(c2ccccc2)c2ccccc2)C1,350.42,3.17,62.1,1,4,7,0,0.1458,Cilofexor (GS-9674),FXR
T10494,[H][C@@]12C[C@H](C)[C@](OC(=O)CC)(C(=O)CO)[C@@]1(C)C[C@H](O)[C@@]1(Cl)[C@@]2([H])CCC2=CC(=O)C=C[C@@]21C,464.99,3.13,100.9,2,6,4,0,0.1458,Obeticholic acid (OCA),FXR
T62174,COc1cc(C(=O)Nc2ccc(-c3cn4cccc(C)c4n3)cc2)cc(OC)c1OC,417.47,4.59,74.1,1,5,6,0,0.1458,Denifanstat (TVB-2640),FASN
T5727,[H][C@@]12CC[C@@H]3C[C@@]1(CC[C@]1([H])c4ccoc4CC[C@@]21C)C[C@]3(O)CO,316.44,3.64,53.6,2,3,1,0,0.1456,Cilofexor (GS-9674),FXR
TQ0104,CC[C@@H](N)CNc1ccnc(-c2cc(-c3cnn(C)c3)ccc2O)n1,338.42,2.4,101.9,3,6,6,0,0.1456,VK2809,THR-beta
TN2357,COc1cc(-c2coc3cc(O)c(OC)c(O)c3c2=O)ccc1O,330.29,2.59,109.4,3,7,3,0,0.1456,Firsocostat (GS-0976),ACC
TN1828,C[C@@]12C=Cc3occc3[C@H]1CC[C@@]13C[C@@H](CC[C@H]12)[C@@](O)(CO)C3,314.43,3.72,53.6,2,3,1,0,0.1456,Cilofexor (GS-9674),FXR
TQ0124,CC[S+]([O-])c1nc(-c2cccc(OCc3ccccc3)c2)cc(C(F)(F)F)n1,406.43,4.87,58.1,0,4,6,0,0.1456,Cilofexor (GS-9674),FXR
T40008,O=C1CCC(N2C(=O)c3cccc(NCCCCCCI)c3C2=O)C(=O)N1,483.31,2.5,95.6,2,5,8,0,0.1456,Cilofexor (GS-9674),FXR
T60171,O=c1nc(NCc2ccc(Cl)c(Cl)c2)[nH]c2ncn(CCN3CCOCC3)c12,423.3,2.37,88.1,2,6,6,0,0.1456,VK2809,THR-beta
T35899,O=C(Nc1cn2c(-c3ccc(CN4CCS(=O)(=O)CC4)c(F)c3)cccc2n1)C1CC1,442.52,2.72,83.8,1,5,5,0,0.1456,Denifanstat (TVB-2640),FASN
T63047,N=C(N)N1CCC[C@H]1c1nc(-c2ccc(CCC3CCCCC3)c(C(F)(F)F)c2)no1,435.49,5.3,92.0,2,4,5,1,0.1456,Denifanstat (TVB-2640),FASN
T72045,CC[C@@H](C)[C@@H](C(=O)O)N(C)C(=O)OCC1c2ccccc2-c2ccccc21,367.44,4.37,66.8,1,3,6,0,0.1456,Firsocostat (GS-0976),ACC
TN1346,COc1cc2c(cc1OC)-c1cc3ccc(OC)c(OC)c3c(=O)n1CC2,367.4,3.26,58.9,0,5,4,0,0.1456,Firsocostat (GS-0976),ACC
T61933,COCCO[C@H]1CC[C@H](NC(=O)c2cc(-c3cncs3)nc3[nH]ccc23)CC1,400.5,3.39,89.1,2,6,7,0,0.1456,Denifanstat (TVB-2640),FASN
T32003,Cc1c2ccc(N(C)c3ccnc(Nc4ccc(CO)c(S(N)(=O)=O)c4)n3)cc2nn1C,453.53,2.32,139.3,3,8,6,0,0.1456,Lanifibranor (IVA-337),PPAR-alpha/gamma/delta
T62872,CCN1CCN(c2ccc(Nc3ncc(C)c(Nc4ccc5cn[nH]c5c4)n3)cc2OC)CC1,458.57,4.3,94.2,3,8,7,0,0.1456,Denifanstat (TVB-2640),FASN
T33943,Cn1nccc1-c1ccccc1Oc1ccc(S(=O)(=O)Nc2nccs2)cc1C#N,437.51,4.01,109.9,1,7,6,0,0.1456,Denifanstat (TVB-2640),FASN
T202375,CS(=O)(=O)N1CCC(Nc2cc(CN3CCS(=O)(=O)CC3)cc3cc(-c4ccccc4)[nH]c23)CC1,516.69,2.9,102.6,2,6,6,1,0.1456,Denifanstat (TVB-2640),FASN
T0094,[H][C@@]12C[C@@]3([H])OC(CCC)O[C@@]3(C(=O)CO)[C@@]1(C)C[C@H](O)[C@@]1([H])[C@@]2([H])CCC2=CC(=O)C=C[C@@]21C,430.54,2.72,93.1,2,6,4,0,0.1455,Aramchol,SCD1
T1755,O=C1NC(=O)C(c2cnc3ccccn23)=C1c1cn2c3c(cc(F)cc13)CN(C(=O)N1CCCCC1)CC2,512.55,3.42,92.0,1,4,2,1,0.1455,Denifanstat (TVB-2640),FASN
T6058,NC1=N[C@@]2(c3cc(NC(=O)c4ccc(F)cn4)ccc3F)COC[C@H]2CS1,390.42,2.52,89.6,2,6,3,0,0.1455,Cilofexor (GS-9674),FXR
T6S1435,CC(C)=CC(O)C/C(C)=C/COc1c2ccoc2cc2oc(=O)ccc12,354.4,4.58,72.8,1,5,6,0,0.1455,Firsocostat (GS-0976),ACC
T4610,N[C@@H]1c2cccnc2[C@H](OC(=O)N2CCC(n3c(=O)[nH]c4ncccc43)CC2)CC[C@H]1c1cccc(F)c1F,534.57,4.49,119.1,2,6,3,1,0.1455,Denifanstat (TVB-2640),FASN
T16503,Cn1nccc1-c1ccc(Sc2cccc(C3(C(N)=O)CCOCC3)c2)cc1,393.51,3.77,70.1,1,4,5,0,0.1455,Firsocostat (GS-0976),ACC
T9986,CC1=NN(c2ccc(C(=O)O)cc2)C(=O)C1=Cc1ccc(-c2cccc(C(F)(F)F)c2)o1,440.38,5.47,83.1,1,4,4,1,0.1455,Cilofexor (GS-9674),FXR
T9991,Cc1c(NC(=O)CCc2c[nH]c3ccccc23)c(=O)n(-c2ccccc2)n1C,374.44,3.54,71.8,2,2,5,0,0.1455,Firsocostat (GS-0976),ACC
TN6985,C=C(C)/C=C/C/C(C)=C/COc1c2ccoc2cc2oc(=O)ccc12,336.39,5.39,52.6,0,4,6,1,0.1455,Firsocostat (GS-0976),ACC
T68146,Cn1nc(CS(C)(=O)=O)nc1NCCCOc1cccc(CN2CCCCC2)c1,421.57,2.23,89.4,1,7,10,0,0.1455,Cilofexor (GS-9674),FXR
T77569,CC(Sc1nncn1C)c1cccc(NC(=O)c2ccccn2)c1,339.42,3.32,72.7,1,5,5,0,0.1455,Firsocostat (GS-0976),ACC
T77780,Cc1c(-c2ccnc(C(F)(F)F)c2)ncn1CC(=O)Nc1ccc(-c2cnccn2)cn1,439.4,3.76,98.5,1,6,5,0,0.1455,Cilofexor (GS-9674),FXR
T63643,C=CC(=O)N1CCN(c2ncc3ncnc(Nc4ccc(Oc5ccc6c(c5)ncn6C)c(C)c4)c3n2)CC1,521.59,3.99,114.2,1,9,6,1,0.1455,Lanifibranor (IVA-337),PPAR-alpha/gamma/delta
T6349L,N[C@@H]1CN(c2c(F)cc3c(=O)c(C(=O)O)cn([C@@H]4C[C@@H]4F)c3c2Cl)CC12CC2,409.82,2.7,88.6,2,4,3,0,0.1455,Cilofexor (GS-9674),FXR
T11875,O=C(O)C=CC(=O)Nc1ccc(-c2ccc(NC(=O)C=CC(=O)O)cc2)cc1,380.36,2.51,132.8,4,4,7,0,0.1455,BI-1467335,AOC3/VAP-1
T63699,CNC(=O)[C@]1(C)CC[C@@H](Nc2ncc3c(Br)nn(-c4ccc(-c5nnc(C)s5)cc4)c3n2)C1,527.45,4.12,110.5,2,8,5,1,0.1455,Denifanstat (TVB-2640),FASN
T88101,CN1CCN(c2cccc(Nc3cc4c(cn3)cc(-c3cccc(O)c3)c(=O)n4C)c2)CC1,441.54,3.8,73.6,2,6,4,0,0.1455,Cilofexor (GS-9674),FXR
T12475,C[C@@H]1C[C@H](N)C[C@H](c2ccncc2NC(=O)c2ccc(F)c(-c3c(F)cccc3F)n2)C1,440.47,5.04,80.9,2,4,4,1,0.1455,Cilofexor (GS-9674),FXR
T39716,C=CC(=O)N1CCN([C@@H](CC2CC2)c2ccc([C@H](C)Nc3ncc4c(n3)N(CC)C(=O)OC4)cc2)CC1,504.64,4.3,90.9,1,7,9,1,0.1455,Denifanstat (TVB-2640),FASN
T87712,CC[C@@]1(O)C(=O)OCc2c1cc1n(c2=O)Cc2cc3cc(C)c(F)cc3nc2-1,380.38,2.53,81.4,1,5,1,0,0.1455,Cilofexor (GS-9674),FXR
TN2323,[H][C@@]12CC[C@H](O)[C@H](C(=O)O)[C@@]1([H])C[C@@]1([H])c3[nH]c4ccccc4c3CCN1C2,340.42,2.56,76.6,3,3,1,0,0.1455,Firsocostat (GS-0976),ACC
T10432L,Cc1cc(-c2nc(CN3CCNCC3)no2)cc2c1C(=O)N(Cc1ccc(OC(F)(F)F)cc1)C2,487.48,3.5,83.7,1,7,6,0,0.1453,Cilofexor (GS-9674),FXR
TN1065,[H][C@]12C[C@H](/C(=C\OC)C(=O)OC)[C@@H](CC)CN1CCc1c2[nH]c2ccccc12,368.48,3.82,54.6,1,4,4,0,0.1453,Firsocostat (GS-0976),ACC
T14913,COCCOC1CCC(Nc2cc(=O)n(C)c3ccc(-c4cncs4)cc23)CC1,413.54,4.05,65.4,1,6,7,0,0.1453,Firsocostat (GS-0976),ACC
T9741,COc1nc(C(C)C)ccc1-c1cnc2sc(N3CCC(O)(CN)CC3)nn12,402.52,2.27,101.8,2,8,5,0,0.1453,Firsocostat (GS-0976),ACC
T9650,CN(c1ccnc(Nc2cc(N3CCOCC3)cc(N3CCOCC3)c2)n1)c1cccc2[nH]ncc12,486.58,3.54,94.7,2,9,6,0,0.1453,Firsocostat (GS-0976),ACC
T83146,CCn1nc(Cl)c2c1-c1cnc(N)c(c1)O[C@H](C)c1cc(F)ccc1-c1nn(C)cc1C2,452.92,4.78,83.8,1,5,1,0,0.1453,Cilofexor (GS-9674),FXR
T3204,Nc1ccccc1NC(=O)CCCCCCC(=O)Nc1ccccc1,339.44,4.19,84.2,3,3,9,0,0.1452,BI-1467335,AOC3/VAP-1
T3206,Nc1ccccc1NC(=O)CCCCCC(=O)Nc1ccccc1,325.41,3.8,84.2,3,3,8,0,0.1452,BI-1467335,AOC3/VAP-1
T6712,CC(C)(C)c1cc(/C=C(\C#N)C(N)=S)cc(C(C)(C)C)c1O,316.47,4.18,70.0,2,3,2,0,0.1452,BI-1467335,AOC3/VAP-1
T7088,O=C(NC(=O)c1c(F)cccc1F)Nc1ccc(Cl)cc1,310.69,3.58,58.2,2,2,2,0,0.1452,BI-1467335,AOC3/VAP-1
T15550,Cc1cc([C@H](C)Nc2nccc(N3C(=O)OC[C@@H]3[C@H](C)F)n2)ncc1-c1ccnc(C(F)(F)F)c1,490.46,5.12,93.1,1,7,6,1,0.1452,Firsocostat (GS-0976),ACC
T16952,Cc1nc(NS(=O)(=O)c2ccc(N)cc2)nc(C)c1Br,357.23,2.24,98.0,2,5,3,0,0.1452,BI-1467335,AOC3/VAP-1
T17182,C=CC(=O)Nc1cc(-c2nn(C3CCC(N4CCN(C(C)=O)CC4)CC3)c3ncnc(N)c23)ccc1Oc1ccccc1,580.69,4.64,131.5,2,8,7,1,0.1450,Firsocostat (GS-0976),ACC
T5448,CN(C)c1cccc(F)c1C(=O)NC(=O)Nc1ccc(Cl)cc1,335.77,3.51,61.4,2,3,3,0,0.1449,BI-1467335,AOC3/VAP-1
T8719,N#C/C(=N\Nc1ccc(F)c(Cl)c1)C(=O)c1ccc(Cl)cc1,336.15,4.31,65.2,1,4,4,0,0.1449,BI-1467335,AOC3/VAP-1
T8927,COc1ccc(N2CCN(C(=O)Oc3ccc([N+](=O)[O-])cc3)CC2)cc1,357.37,2.92,85.2,0,6,4,0,0.1449,BI-1467335,AOC3/VAP-1
T14322,CC(C)ON(CC(=O)NO)S(=O)(=O)c1ccc(-c2ccccc2)cc1,364.42,2.19,95.9,2,5,7,0,0.1449,BI-1467335,AOC3/VAP-1
T50107,CCOC(=O)c1c[nH]n(-c2cc(C(F)(F)F)cc(C(F)(F)F)c2)c1=O,368.23,3.38,64.1,1,3,3,0,0.1449,BI-1467335,AOC3/VAP-1
T40622,CCC(C)(C)NCC(O)c1cc(Cl)c(N)c(C(F)(F)F)c1,324.77,3.75,58.3,3,3,5,0,0.1449,BI-1467335,AOC3/VAP-1
T11023,O=C(Nc1c(F)c(F)c(-c2ccccc2)c(F)c1F)c1no[nH]c1=O,353.23,2.84,88.0,2,4,3,0,0.1449,BI-1467335,AOC3/VAP-1
T34994,CSc1ccc(Oc2ccc(S(N)(=O)=O)cc2CN(C)C)cc1,352.48,2.91,72.6,1,5,6,0,0.1449,BI-1467335,AOC3/VAP-1
T77718,O=C(CSc1nnc(-c2ccncc2)o1)c1ccc(Br)cc1,376.24,3.87,68.9,0,6,5,0,0.1449,BI-1467335,AOC3/VAP-1
T36491,CC(C)(C)C(=O)OCOP(=O)(OCOC(=O)C(C)(C)C)C1CCCN(O)C1=O,423.4,2.69,128.7,1,9,7,0,0.1449,BI-1467335,AOC3/VAP-1
T31408,CC1=N/C(=C\c2cc(F)c(O)c(F)c2)C(=O)N1CC(F)(F)F,320.22,2.83,52.9,1,3,2,0,0.1449,BI-1467335,AOC3/VAP-1
T2438,COc1ccc(S(=O)(=O)N(C(C)=O)c2ccccc2/C=C/c2cc[n+]([O-])cc2)cc1,424.48,3.24,90.6,0,5,6,0,0.1447,BI-1467335,AOC3/VAP-1
T3651,Cc1nnsc1C(=O)Nc1ccc(-n2nc(C(F)(F)F)cc2C(F)(F)F)cc1,421.33,4.32,72.7,1,5,3,0,0.1447,BI-1467335,AOC3/VAP-1
T5535,O=C(Nc1cccnc1)c1cc(C(=O)c2c(F)cccc2Br)c[nH]1,388.2,3.79,74.8,2,3,4,0,0.1447,BI-1467335,AOC3/VAP-1
T12134,CCOc1ccc2nc3cc(N=Nc4ccc(N)nc4N)ccc3c(N)c2c1,373.42,4.34,137.8,3,8,4,0,0.1447,BI-1467335,AOC3/VAP-1
T9849,Cc1cccc(Nc2nc(CC(=O)Nc3ncc(C)s3)cs2)n1,345.45,3.54,79.8,2,7,5,0,0.1447,BI-1467335,AOC3/VAP-1
T21897L,Cc1c(-c2ccc(O)cc2)nn(-c2ccc(O)cc2)c1-c1ccc(OCCN2CCCCC2)cc1,469.59,5.79,70.8,2,5,7,1,0.1447,BI-1467335,AOC3/VAP-1
T11319,CN(C)CCNC(=O)c1cc(C(=O)NC(=N)N)cc(-c2cc(Cl)sc2Cl)c1,428.35,2.64,111.3,4,5,6,0,0.1447,BI-1467335,AOC3/VAP-1
T13739,CC(C)=CC(=O)OC(C)(C)C1Cc2cc3ccc(=O)oc3cc2O1,328.36,3.38,65.7,0,5,3,0,0.1447,BI-1467335,AOC3/VAP-1
T36579,CC(C)(C)Nc1nc2cc(Cl)c(Cl)cc2nc1S(C)(=O)=O,348.26,3.55,72.0,1,5,2,0,0.1447,Lanifibranor (IVA-337),PPAR-alpha/gamma/delta
T73593,O=C(NC(=S)Nc1ccc(-c2nc3ccccc3o2)cc1)c1ccc2ccccc2c1,423.5,5.77,67.2,2,4,3,1,0.1447,BI-1467335,AOC3/VAP-1
T62183,Cc1noc(C)c1C(=O)Nc1ccc(-n2nc(C(F)(F)F)cc2C(F)(F)F)cc1,418.3,4.77,73.0,1,4,3,0,0.1447,BI-1467335,AOC3/VAP-1
T203636,CN(C)c1ccc2cc(C(=O)NS(=O)(=O)c3ccccc3-c3ccccc3)oc2c1,420.49,4.28,79.6,1,5,5,0,0.1447,BI-1467335,AOC3/VAP-1
T3077,Cn1cc(C2=C(c3ccc(Cl)cc3Cl)C(=O)NC2=O)c2ccccc21,371.22,4.05,51.1,1,2,2,0,0.1446,Lanifibranor (IVA-337),PPAR-alpha/gamma/delta
T7503,CC[C@@H]1CN(C(=O)NCC(F)(F)F)C[C@@H]1c1cnc2cnc3[nH]ccc3n12,380.37,2.91,78.3,2,3,3,0,0.1446,BI-1467335,AOC3/VAP-1
T7355,Oc1c(Cl)cc(Cl)cc1CNc1ccc2nn[nH]c2c1,309.16,3.58,73.8,3,4,3,0,0.1446,Lanifibranor (IVA-337),PPAR-alpha/gamma/delta
T7638,O=C(O)c1cc([N+](=O)[O-])ccc1NCCCc1ccccc1,300.31,3.34,92.5,2,4,7,0,0.1446,Lanifibranor (IVA-337),PPAR-alpha/gamma/delta
T16276,CC1(C)CC(NC(=O)C(=O)Nc2ccc(Cl)cc2)CC(C)(C)N1,337.85,2.7,70.2,3,3,2,0,0.1446,Denifanstat (TVB-2640),FASN
T9714,COc1[nH]c(=O)c(C(=O)[C@@H](C)C[C@H](C)[C@@H](Cl)CCl)c(O)c1OC,366.24,2.79,88.6,2,5,8,0,0.1446,Resmetirom,THR-beta
T40380,CC(=O)O[C@]1(C(C)=O)CC[C@H]2[C@@H]3CCC4=CC(=O)CC[C@]4(C)[C@H]3CC[C@@]21C,372.51,4.41,60.4,0,4,2,0,0.1446,Obeticholic acid (OCA),FXR
T9978,O=C(O)c1cc(/C=C/c2ccc(-c3ccccc3)cc2)ccc1O,316.36,4.93,57.5,2,2,4,0,0.1446,VK2809,THR-beta
T25832,C[C@H](CSC(=O)[C@@H](C)NC(=O)C1CCCCC1)C(=O)N1CCC[C@H]1C(=O)O,398.53,2.04,103.8,2,5,7,0,0.1446,Obeticholic acid (OCA),FXR
TD0062,Nc1ccc2c(-c3cc(C(=O)O)ccc3C(=O)O)c3ccc(N)cc3[o+]c2c1,375.36,4.09,137.9,4,4,3,0,0.1446,Denifanstat (TVB-2640),FASN
T0034,[H][C@@]12CC[C@](O)(C(=O)COC(C)=O)[C@@]1(C)CC(=O)[C@@]1([H])[C@@]2([H])CCC2=CC(=O)CC[C@@]21C,402.49,2.56,97.7,1,6,3,0,0.1444,Obeticholic acid (OCA),FXR
T1808,CC(C)(C)[Si](C)(C)Oc1ccc2oc(=O)c3c(c2c1)CCCN3,331.49,4.54,51.5,1,4,2,0,0.1444,Denifanstat (TVB-2640),FASN
T2576,Cc1cc2c(F)c(Oc3ncnn4cc(OC[C@@H](C)OC(=O)[C@H](C)N)c(C)c34)ccc2[nH]1,441.46,3.42,116.8,2,7,7,0,0.1444,BI-1467335,AOC3/VAP-1
T3361,CC(C)OC(=O)Nc1ccc2[nH]c(-c3cscn3)nc2c1,302.36,3.64,79.9,2,5,3,0,0.1444,Lanifibranor (IVA-337),PPAR-alpha/gamma/delta
T3994,CC(C)(Sc1ccncc1-c1ccc(C#N)c2ccccc12)C(=O)O,348.43,4.73,74.0,1,4,4,0,0.1444,Denifanstat (TVB-2640),FASN
T6841,CO[C@@H]1[C@H](OC(=O)/C=C/C=C/C=C/C=C/C(=O)O)CC[C@]2(CO2)[C@H]1[C@@]1(C)O[C@@H]1CC=C(C)C,458.55,3.92,97.9,1,6,10,0,0.1444,Obeticholic acid (OCA),FXR
T4528,N#C/C(=C\c1ccc(O)c(O)c1)C(=O)N1CCc2ccccc21,306.32,2.59,84.6,2,4,2,0,0.1444,Denifanstat (TVB-2640),FASN
T5412,O=C(NOCCO)c1cc(CN2OCCCC2=O)c(F)c(F)c1Nc1ccc(I)cc1F,565.29,3.16,100.1,3,6,8,1,0.1444,BI-1467335,AOC3/VAP-1
T5414,Cn1cc(-c2cnc3cnn(S(=O)(=O)c4cnc5ccc(-c6cnn(C)c6)cn45)c3c2)cn1,459.5,2.12,117.8,0,7,4,0,0.1444,Lanifibranor (IVA-337),PPAR-alpha/gamma/delta
T8388,CNCc1cc(-c2ccccc2F)n(S(=O)(=O)c2cccnc2)c1,345.4,2.65,64.0,1,4,5,0,0.1444,Lanifibranor (IVA-337),PPAR-alpha/gamma/delta
T8777,[H][C@@]12C[C@H](C)[C@](O)(C(=O)CO)[C@@]1(C)C[C@H](O)[C@@]1(Cl)[C@@]2([H])CCC2=CC(=O)C=C[C@@]21C,408.92,2.17,94.8,3,5,2,0,0.1444,Obeticholic acid (OCA),FXR
T14353,Cc1ccc(C(=O)CC(C(=O)O)c2c[nH]c3ccccc23)c(C)c1,321.38,4.23,70.2,2,2,5,0,0.1444,Denifanstat (TVB-2640),FASN
T9421,Cc1[nH]c(C=C2C(=O)Nc3ccc(F)cc32)c(C)c1C(=O)O,300.29,2.96,82.2,3,2,2,0,0.1444,Denifanstat (TVB-2640),FASN
T9974,COc1cc(C2C(C#N)=C(N)Oc3cc4c(cc32)OCO4)cc(OC)c1OC,382.37,2.66,105.2,1,8,4,0,0.1444,Denifanstat (TVB-2640),FASN
T9957,O=C(CNC(=O)C12CC3CC(CC(C3)C1)C2)N1CCN(C(c2ccccc2)c2ccccc2)CC1,471.65,4.25,52.7,1,3,6,0,0.1444,Denifanstat (TVB-2640),FASN
T28229,CCCCCCCCNC(=N)NC(=N)NCc1ccc(Cl)c(Cl)c1,372.34,4.49,83.8,5,2,9,0,0.1444,VK2809,THR-beta
T62077,CNS(=O)(=O)c1ccc(Nc2ccc(C(F)(F)F)cc2)c(-c2cn(C)cn2)c1,410.42,3.76,76.0,2,4,5,0,0.1444,Lanifibranor (IVA-337),PPAR-alpha/gamma/delta
TN1715,COc1cc([C@H]2c3cc(O)c(OC)cc3C[C@@H](C)[C@@H]2C)ccc1O,328.41,4.08,58.9,2,4,3,0,0.1444,VK2809,THR-beta
T1561,CCC(=O)O[C@]1(C(=O)CCl)[C@@H](C)C[C@H]2[C@@H]3CCC4=CC(=O)C=C[C@]4(C)[C@@]3(F)[C@@H](O)C[C@@]21C,466.98,4.1,80.7,1,5,4,0,0.1443,Obeticholic acid (OCA),FXR
T8576,CC(=O)Nc1ccc(S(=O)(=O)Oc2noc3ccccc23)cc1,332.34,2.55,98.5,1,6,4,0,0.1443,Cilofexor (GS-9674),FXR
T9256,c1cc2c(N3CCNCC3)nc(-c3ccnc(NC4CCCCC4)c3)cc2cn1,388.52,3.85,66.0,2,6,4,0,0.1443,Denifanstat (TVB-2640),FASN
T60003,CCc1cc(=O)nc(-n2nc(C)cc2NC(=O)c2cc(C)ccc2F)[nH]1,355.37,2.53,92.7,2,4,4,0,0.1443,Denifanstat (TVB-2640),FASN
T11027,C/C(O)=C(\C#N)C(=O)Nc1ccc(-c2ccccc2Cl)cc1Cl,347.2,4.95,73.1,2,3,3,0,0.1443,Cilofexor (GS-9674),FXR
T23480,Cc1c(C)c2c(c(C)c1O)CC[C@](C)(CN1CCN(c3cc(N4CCCC4)nc(N4CCCC4)n3)CC1)O2,520.72,4.21,68.2,1,8,5,1,0.1443,Denifanstat (TVB-2640),FASN
T61132,CC(C)(O)CNc1nnc(-c2ccc(Cl)cc2O)c2ccncc12,344.8,3.23,91.2,3,6,4,0,0.1443,VK2809,THR-beta
T14521,c1cc(-c2c[nH]c3nccc(N4CCC[C@@]5(CCCCN5)C4)c23)ncn1,348.45,3.13,69.7,2,5,2,0,0.1443,Denifanstat (TVB-2640),FASN
T16120,CO[C@H](c1c(NC(=O)Nc2cnc(-n3nccn3)c(Cl)c2)cnc2cc(Cl)nn12)[C@@H](C)OC,492.33,3.38,133.4,2,8,7,0,0.1443,Resmetirom,THR-beta
T0331,[H][C@@]12CCCN[C@]1([H])CN(c1c(F)cc3c(=O)c(C(=O)O)cn(C4CC4)c3c1OC)C2,401.44,2.37,83.8,2,5,4,0,0.1442,Denifanstat (TVB-2640),FASN
T1179,C[N+]1(C)[C@@H]2C[C@@H](OC(=O)C(O)(c3cccs3)c3cccs3)C[C@H]1[C@@H]1O[C@@H]12,392.52,2.35,59.1,1,6,4,0,0.1442,Firsocostat (GS-0976),ACC
T2056,NCCCNc1ccc(Nc2nccc(Nc3cc(C4CC4)[nH]n3)n2)cc1,364.46,3.33,116.6,5,7,9,0,0.1442,Cilofexor (GS-9674),FXR
T2611,Cc1cc(CN2CCN(c3c(Br)cnc4nc(-c5ccc(N6CCN(C)CC6)cc5)[nH]c34)CC2)no1,551.49,3.76,80.6,1,8,5,1,0.1442,Denifanstat (TVB-2640),FASN
T2638,Cc1cc(Nc2cc(CN3CCOCC3)c3nc(C)c(Cc4ccc(Cl)cc4F)n3n2)n[nH]1,469.95,4.03,83.4,2,6,6,0,0.1442,Lanifibranor (IVA-337),PPAR-alpha/gamma/delta
T6135,C[C@H](NC(=O)Cc1cc(F)cc(F)c1)C(=O)N[C@@H]1C(=O)N(C)c2ccccc2-c2ccccc21,463.48,3.51,78.5,2,3,5,0,0.1442,VK2809,THR-beta
T6707,[H][C@]12C[C@H](OC(=O)C(O)(c3cccs3)c3cccs3)C[C@]([H])([C@H]3O[C@H]31)[N+]2(C)C,392.52,2.35,59.1,1,6,4,0,0.1442,Firsocostat (GS-0976),ACC
T5472,[H][C@]12CC[C@]([H])(COC1)N2c1nc(-c2cnc(N)cc2C(F)F)nc(N2[C@@]3([H])CC[C@]2([H])COC3)n1,445.47,2.19,102.5,1,9,4,0,0.1442,Firsocostat (GS-0976),ACC
T22249,CC(C)(C)OC(=O)N1CCN(c2ncnc3c(F)c(Br)c(Cl)cc23)CC1,445.72,4.24,58.6,0,5,1,0,0.1442,Cilofexor (GS-9674),FXR
T21781,CC(=O)N1CCN(C(=O)/C=C/c2ccc(Sc3ccccc3C(C)C)c([N+](=O)[O-])c2)CC1,453.56,4.57,83.8,0,5,6,0,0.1442,VK2809,THR-beta
T8995,COc1ccc(-c2cn(C3CCCC3)c3ncnc(N)c23)cc1,308.38,3.8,66.0,1,4,3,0,0.1442,Firsocostat (GS-0976),ACC
TQ0040,Cc1c(F)c(Nc2ccc(-c3cn(C)cn3)cn2)cc2c1ncn2CC1CC1,376.44,4.43,60.6,1,4,5,0,0.1442,VK2809,THR-beta
T9343,O=C(N[C@@H](Cc1c[nH]c2ccccc12)C(=O)O)OCc1ccccc1,338.36,3.09,91.4,3,3,6,0,0.1442,Firsocostat (GS-0976),ACC
T0331L,COc1c(N2C[C@@H]3CCCN[C@@H]3C2)c(F)cc2c(=O)c(C(=O)O)cn(C3CC3)c12,401.44,2.37,83.8,2,5,4,0,0.1442,Denifanstat (TVB-2640),FASN
T11438,CC(C)n1ncc2cnc(Nc3cc(C4CCNC4)nc(N4CCC(F)(F)C4)n3)cc21,428.49,3.47,83.8,2,7,5,0,0.1442,Denifanstat (TVB-2640),FASN
T19642,Cc1c(N)cccc1Cn1ccc(OCCc2cccs2)cc1=O,340.45,3.47,57.2,1,4,6,0,0.1442,Cilofexor (GS-9674),FXR
T9966,CNC(=O)c1ccccc1Nc1nc(Nc2cccc(CS(C)(=O)=O)c2)ncc1C,425.51,3.18,113.1,3,7,7,0,0.1442,VK2809,THR-beta
T17008,C[C@H](Nc1cc2c(-c3ccc4c(c3)OCO4)noc2cn1)c1ccccc1,359.39,4.79,69.4,1,6,4,0,0.1442,Cilofexor (GS-9674),FXR
T72958,NC(=O)c1c(NC(=O)c2cc(-c3ccc(F)cc3)on2)sc2c1CCCC2,385.42,3.77,98.2,2,5,4,0,0.1442,Cilofexor (GS-9674),FXR
T65739,CCOc1nc2cccc(C(=O)OC)c2n1Cc1ccc(-c2ccccc2-c2nnn[nH]2)cc1,454.49,4.12,107.8,1,7,7,0,0.1442,Denifanstat (TVB-2640),FASN
T15002,O=C(O)C1(c2ccc3c(c2)OC[C@H](Cc2ccc(-c4ccccc4)cc2)[C@H]3O)CCCC1,428.53,5.53,66.8,2,3,5,1,0.1442,Cilofexor (GS-9674),FXR
T40159,CC[C@@]1(O)C(=O)OCc2c1cc1n(c2=O)Cc2c-1nc1ccc(N)c3c1c2CCC3,403.44,2.15,107.4,2,6,1,0,0.1442,Denifanstat (TVB-2640),FASN
T67568,CSCC[C@H](NC(=O)OCC1c2ccccc2-c2ccccc21)C(=O)O,371.46,3.73,75.6,2,4,7,0,0.1442,Firsocostat (GS-0976),ACC
T10055,O=C(N[C@@H]1N=C(c2ccccc2F)c2cccc3c2N(CC3)C1=O)c1cc2ccccc2[nH]1,438.46,3.8,77.6,2,3,3,0,0.1442,Denifanstat (TVB-2640),FASN
T34123,O=C(N[C@H]1N=C(c2ccccc2F)c2cccc3c2N(CC3)C1=O)c1cc2ccccc2[nH]1,438.46,3.8,77.6,2,3,3,0,0.1442,Denifanstat (TVB-2640),FASN
T66613,COc1ccc(CN(CC(=O)O)C(=O)OCC2c3ccccc3-c3ccccc32)c(O)c1,433.46,4.24,96.3,2,5,7,0,0.1442,Cilofexor (GS-9674),FXR
T34472,CC(=O)Nc1cccc(NC(=O)C(=O)NCCc2sc(-c3ccc(C)cc3)nc2C)c1,436.54,3.68,100.2,3,5,6,0,0.1442,Cilofexor (GS-9674),FXR
T210518,COc1cc2c(cc1OC)-c1cc(N(CCN3CCNC3=O)c3c(C)cc(C)cc3C)nc(=O)n1CC2,503.6,3.57,88.9,1,6,7,1,0.1442,Denifanstat (TVB-2640),FASN
T2500,COc1cc2c(Oc3ccc4[nH]c(C)cc4c3F)ncnc2cc1OCCCN1CCCC1,450.51,5.22,72.5,1,6,8,1,0.1441,Firsocostat (GS-0976),ACC
T3045,O=C(/C=C/c1ccccc1)NC(NC(=S)Nc1cccc2cccnc12)C(Cl)(Cl)Cl,479.82,5.05,66.1,3,3,5,1,0.1441,Firsocostat (GS-0976),ACC
T3317,CCc1cc2c(=O)c(-c3nc4ccccc4s3)coc2c(CN2CCCCC2)c1O,420.53,5.32,66.6,1,6,4,1,0.1441,Firsocostat (GS-0976),ACC
T4295,O=C1N[C@](c2ccc(N3CCOCC3)cc2)(c2cccs2)CC(O)=C1Sc1ccccc1Cl,499.06,5.56,61.8,2,6,5,1,0.1441,Cilofexor (GS-9674),FXR
T4390,O=C(Oc1coc(CSc2ncccn2)cc1=O)c1ccc([N+](=O)[O-])cc1,385.36,2.85,125.4,0,9,6,0,0.1441,Firsocostat (GS-0976),ACC
T6110,Nc1ccc(C(=O)Nc2cccc(-c3nc(N4CCOCC4)c4oc5ncccc5c4n3)c2)cn1,467.49,3.5,132.3,2,9,4,0,0.1441,Cilofexor (GS-9674),FXR
T6257,COc1cc(N2CCN(C)CC2)ccc1Nc1nccc(-c2cn(C)c3cnccc23)n1,429.53,3.53,71.3,1,7,5,0,0.1441,Firsocostat (GS-0976),ACC
TQ0160,[H][C@]1([C@@]2([H])c3cc4c(cc3CCN2C)OCO4)OC(=O)c2c1ccc(OC)c2OC,383.4,2.87,66.5,0,7,3,0,0.1441,Firsocostat (GS-0976),ACC
T10429,COC[C@H]1Cn2cc(-c3nc(Nc4ccnn4C)ncc3C)nc2C(=O)N1Cc1ccc(F)c(F)c1,494.51,3.07,103.0,1,7,7,0,0.1441,VK2809,THR-beta
T10652,Cc1nc(-c2cnc(NC(C)C)n(C)c2=O)ccc1Oc1ccnc(-c2cnn(C)c2)c1,431.5,3.56,99.8,1,7,6,0,0.1441,Firsocostat (GS-0976),ACC
T67698,O=C(C1=C(O)C(=O)N(CCCn2ccnc2)C1c1ccc(F)cc1)c1ccccc1,405.43,3.69,75.4,1,4,7,0,0.1441,Firsocostat (GS-0976),ACC
T67913,[H][C@]12CN(CCCSc3nnc(-c4ocnc4C)n3C)C[C@@]1(c1ccc(C(F)(F)F)cc1F)C2,481.52,4.69,60.0,0,6,7,0,0.1441,Cilofexor (GS-9674),FXR
T63055,Nc1nc2cc(-c3cnc4c(c3)C(=O)N(Cc3cc(F)ccc3OC3CCCC3)CC4)ccn2n1,472.52,4.03,98.6,1,6,5,0,0.1441,Denifanstat (TVB-2640),FASN
T69534,C=CC(=O)NC1CCN(c2ncc3ncnc(Nc4ccc(Oc5ccc6c(c5)ncn6C)c(C)c4)c3n2)CC1,535.61,4.42,123.0,2,9,7,1,0.1441,Denifanstat (TVB-2640),FASN
T63925,CSCC[C@H](NC(=O)c1ccn(S(C)(=O)=O)c1)C(=O)Nc1nc(-c2cccc(-c3ccncc3)c2)cs1,555.71,3.97,123.0,2,8,10,1,0.1441,Cilofexor (GS-9674),FXR
T32913,O=C(Cc1ccccc1)NC1CCN(CCCN2C(=O)COc3ccccc32)CC1,407.51,2.63,61.9,1,4,7,0,0.1441,Firsocostat (GS-0976),ACC
TQ0088,CC[C@@]1(O)C(=O)OCc2c1cc1n(c2=O)Cc2c-1nc1cc(F)c(C)c3c1c2[C@@H](N)CC3,435.46,2.47,107.4,2,6,1,0,0.1440,Firsocostat (GS-0976),ACC
T22430,Cc1nn(-c2ccnc(Nc3ccc(-c4csc5c(=O)cc(N6CCOCC6)oc45)cc3)n2)cc1CN1CCC1,555.66,4.59,101.6,1,10,7,1,0.1439,Firsocostat (GS-0976),ACC
T39463,CC[C@@H](C(=O)Nc1ccc(C(N)=O)c(F)c1)n1cc(OC)c(-c2cc(Cl)ccc2-n2cc(C(F)(F)F)nn2)cc1=O,592.94,4.6,134.1,2,6,8,1,0.1439,Firsocostat (GS-0976),ACC
T0219,Cc1onc(-c2ccccc2)c1-c1ccc(S(N)(=O)=O)cc1,314.37,2.96,86.2,1,4,3,0,0.1429,Cilofexor (GS-9674),FXR
T0374L,CCN(CC)CCNC(=O)c1c(C)[nH]c(/C=C2\C(=O)Nc3ccc(F)cc32)c1C,398.48,3.33,77.2,3,3,7,0,0.1429,BI-1467335,AOC3/VAP-1
T0957,COC(=O)C1=C(C)NC(C)=C(C(=O)OC(C)C)C1c1cccc2nonc12,371.39,2.58,103.5,1,8,4,0,0.1429,VK2809,THR-beta
T0992,CC1(C)[C@@H](OC(=O)CCC(=O)[O-])CC[C@]2(C)[C@H]3C(=O)C=C4[C@@H]5C[C@@](C)(C(=O)[O-])CC[C@]5(C)CC[C@@]4(C)[C@]3(C)CC[C@@H]12,568.75,4.16,123.6,0,7,5,1,0.1429,Obeticholic acid (OCA),FXR
T1283,NC1CCN(c2c(F)cc3c(=O)c(C(=O)O)cn(C4CC4)c3c2Cl)C1,365.79,2.36,88.6,2,4,3,0,0.1429,Cilofexor (GS-9674),FXR
T1458,CC(/C=C1\SC(=S)N(CC(=O)O)C1=O)=C\c1ccccc1,319.41,2.92,57.6,1,4,4,0,0.1429,BI-1467335,AOC3/VAP-1
T1559,CCC(=O)OCC(=O)[C@@]1(OC(=O)CC)[C@@H](C)C[C@H]2[C@@H]3CCC4=CC(=O)C=C[C@]4(C)[C@@]3(F)[C@@H](O)C[C@@]21C,504.6,3.82,107.0,1,7,6,1,0.1429,Obeticholic acid (OCA),FXR
T1676,CC(C)c1nc(N(C)S(C)(=O)=O)nc(-c2ccc(F)cc2)c1/C=C/[C@@H](O)C[C@@H](O)CC(=O)O,481.55,2.4,140.9,3,7,10,0,0.1429,Lanifibranor (IVA-337),PPAR-alpha/gamma/delta
T1767,CN(C)CCNC(=O)c1cccn2c(=O)c3cc4ccccc4cc3nc12,360.42,2.29,66.7,1,4,4,0,0.1429,BI-1467335,AOC3/VAP-1
T1775,Cc1cc(C)c(CNC(=O)c2cc(-c3ccc(N4CCN(C)CC4)nc3)cc3c2c(C)cn3C(C)C)c(=O)[nH]1,526.69,4.58,86.3,2,5,6,1,0.1429,Denifanstat (TVB-2640),FASN
T1830,O=C(NCCCNc1nc(Nc2cccc(NC(=O)N3CCCC3)c2)ncc1I)c1cccs1,591.48,4.75,111.3,4,7,9,1,0.1429,Lanifibranor (IVA-337),PPAR-alpha/gamma/delta
T1837,O=C(Nc1cccc(Nc2ncc(Br)c(NCCc3cnc[nH]3)n2)c1)N1CCCC1,471.36,3.99,110.9,4,6,7,0,0.1429,Denifanstat (TVB-2640),FASN
T1854,Cc1cc(/N=N/c2ccc(S(=O)(=O)Nc3ccccn3)cc2)c(N)cc1O,383.43,3.89,130.0,3,7,5,0,0.1429,BI-1467335,AOC3/VAP-1
T1944,COc1cc(-c2cc(-c3ccc(N4CCNCC4)cc3)cnc2C)cc(OC)c1OC,419.53,4.16,55.9,1,6,6,0,0.1429,Denifanstat (TVB-2640),FASN
T1979,CC[C@H](CC#N)OC(=O)N[C@@H](C)c1cccc(NC(=O)Nc2ccc(-c3cnco3)c(OC)c2)c1,477.52,5.47,138.5,3,7,9,1,0.1429,Firsocostat (GS-0976),ACC
T2300,N[C@@H]1CCCN(c2c(/C=C3\SC(=O)NC3=O)cccc2-c2ccccc2)C1,379.49,3.61,75.4,2,5,3,0,0.1429,Cilofexor (GS-9674),FXR
T2503,C=CCc1cccc(/C=N/NC(=O)CN2CCN(Cc3ccccc3)CC2)c1O,392.5,2.39,68.2,2,5,8,0,0.1429,Cilofexor (GS-9674),FXR
T3220,CC(=O)O[C@H]1[C@H]2[C@@H](OC(=O)Cc3ccccc3)[C@@H](C)C[C@]2(OC(C)=O)C(=O)/C(C)=C/[C@@H]2[C@H](CC[C@@]13CO3)C2(C)C,552.66,4.38,108.5,0,8,5,1,0.1429,Firsocostat (GS-0976),ACC
T3539,NC(=O)[C@@H]1CCCC[C@@H]1C(=O)Nc1ccc(Cl)c(Cl)c1,315.2,3.22,72.2,2,2,3,0,0.1429,Cilofexor (GS-9674),FXR
T3588,CCOc1ccc(Nc2nc(-c3c(C)nc4ccccn34)cs2)cc1,350.45,4.91,51.5,1,5,5,0,0.1429,BI-1467335,AOC3/VAP-1
T3975,C[C@@H]1Cc2c([nH]c3ccccc23)[C@@H](c2c(F)cc(/C=C/C(=O)O)cc2F)N1CC(C)(C)F,442.48,5.63,56.3,2,2,5,1,0.1429,Firsocostat (GS-0976),ACC
T4345,Cn1cc(C(=O)Nc2ccc3c(c2)OCCO3)c2ccccc2c1=O,336.35,2.56,69.6,1,4,2,0,0.1429,Firsocostat (GS-0976),ACC
T6074,O=C(/C=C\n1cnc(-c2cc(C(F)(F)F)cc(C(F)(F)F)c2)n1)N1CC(F)(F)C1,426.27,3.93,51.0,0,3,3,0,0.1429,Denifanstat (TVB-2640),FASN
T6094,CN(C[C@@H]1COCCO1)S(=O)(=O)Nc1ccc2ccc3ncc(-c4cnn(C)c4)cc3c(=O)c2c1,495.56,2.15,115.7,1,7,6,0,0.1429,Lanifibranor (IVA-337),PPAR-alpha/gamma/delta
T6350,O=c1[nH]c2ccc(Cl)cc2c(N[C@@H]2CN3CCC2CC3)c1-c1nc2ccccc2[nH]1,419.92,4.23,76.8,3,4,3,0,0.1429,Lanifibranor (IVA-337),PPAR-alpha/gamma/delta
T6660,O=C(Nc1ccccc1Br)N[C@@H]1CCN(c2ccc(C(F)(F)F)cn2)C1,429.24,4.26,57.3,2,3,3,0,0.1429,Firsocostat (GS-0976),ACC
T6817,COc1cc2c(cc1OC)[C@@H]1C(=O)c3ccc4c(c3O[C@@H]1CO2)C=CC(C)(C)O4,394.42,4.01,63.2,0,6,2,0,0.1429,Firsocostat (GS-0976),ACC
T6838,COc1ccc(/C=C/C(=O)C2(C(=O)/C=C/c3ccc(OC)c(OC)c3)CCCCC2)cc1OC,464.56,5.54,71.1,0,6,10,1,0.1429,Firsocostat (GS-0976),ACC
T6971,CNS(=O)(=O)Nc1nccc(Cc2c(C)c3ccc(Oc4ncccn4)cc3oc2=O)c1F,471.47,2.68,136.3,2,8,7,0,0.1429,Cilofexor (GS-9674),FXR
T7018,O=C(Oc1cccc(F)c1OC(=O)c1cccc(O)c1)c1cccc(O)c1,368.32,3.68,93.1,2,6,4,0,0.1429,BI-1467335,AOC3/VAP-1
T2S0410,CC(=O)O[C@@H]1[C@H]2[C@@H](OC(=O)Cc3ccccc3)[C@@H](C)C[C@]2(OC(C)=O)C(=O)/C(C)=C/[C@@H]2[C@H](CC[C@]13CO3)C2(C)C,552.66,4.38,108.5,0,8,5,1,0.1429,Firsocostat (GS-0976),ACC
T5166,CCC(=O)N1CC[C@H](Nc2ncnc3c2CN(c2cnc(OC)c(C(F)(F)F)c2)CC3)C1,450.47,2.88,83.5,1,7,5,0,0.1429,Cilofexor (GS-9674),FXR
T5473,COc1cc(OC)c(F)c(COc2cnc(Nc3cnn(CCO)c3)nc2)c1F,407.38,2.28,103.6,2,8,9,0,0.1429,BI-1467335,AOC3/VAP-1
T5780,COc1c2c3c4c(c(OC)c(=O)c5c(O)cc(OC)c(c6c(OC)cc(O)c(c1=O)c63)c54)C(C(C)=O)=C(C)C2,528.51,4.26,128.6,2,9,5,1,0.1429,Firsocostat (GS-0976),ACC
T7310,CCc1cccc2c1c(O)c(C(=O)N(CC)c1ccccc1)c(=O)n2C,350.42,3.47,62.5,1,3,4,0,0.1429,Firsocostat (GS-0976),ACC
T7493,Cc1cc(C(=O)Nc2cc(Nc3ccc4c(/C=C/c5ccccn5)n[nH]c4c3)ccc2F)n(C)n1,467.51,5.31,100.5,3,5,6,1,0.1429,BI-1467335,AOC3/VAP-1
T7797,Cc1nc(C)c2c(n1)N(Cc1ccc(-c3ccccc3-c3nn[nH]n3)cc1)C(=O)CC2,411.47,3.42,100.6,1,6,4,0,0.1429,Denifanstat (TVB-2640),FASN
T8396,[H][C@@]12CC[C@](O)(C(=O)COC(C)=O)[C@@]1(C)CC(=O)[C@@]1([H])[C@@]2([H])CCC2=CC(=O)C=C[C@@]21C,400.47,2.34,97.7,1,6,3,0,0.1429,Obeticholic acid (OCA),FXR
T8508,O=C(CCc1ccc(CN[C@H](C(=O)OC2CCCC2)C2CCCCC2)cn1)NO,403.52,3.04,100.6,3,6,9,0,0.1429,Firsocostat (GS-0976),ACC
T8463,C[C@@]1(O)CCC[C@H]1n1c(=O)c(C(F)F)cc2cnc(NC3CCN(S(C)(=O)=O)CC3)nc21,471.53,2.04,117.4,2,7,5,0,0.1429,Denifanstat (TVB-2640),FASN
T8506,COCCOc1nc(-c2ccc(Cl)nc2)nc2c1CN(C(=O)c1ncn3ccccc13)CC2,464.91,3.06,94.7,0,7,6,0,0.1429,Cilofexor (GS-9674),FXR
T15423,O=C(Nc1ccn(Cc2ccc(O)cc2C(F)(F)F)n1)c1c(F)cccc1F,397.3,4.19,67.2,2,3,4,0,0.1429,BI-1467335,AOC3/VAP-1
T8688,CC(C)(C)c1ccc(N(C(=O)c2cnc[nH]2)C(C(=O)NC2CCCCC2)c2cccnc2)cc1,459.59,4.94,91.0,2,4,6,0,0.1429,Firsocostat (GS-0976),ACC
TN1154,COc1c(O)cc2oc(-c3ccc(O)c(O)c3)cc(=O)c2c1O,316.27,2.29,120.4,4,7,2,0,0.1429,VK2809,THR-beta
T13059,CCc1c(C)nc(SCC(=O)Nc2nc(-c3ccc(OC)cc3)cs2)[nH]c1=O,416.53,3.5,97.0,2,7,7,0,0.1429,BI-1467335,AOC3/VAP-1
T9031,CCOC(=O)c1cnc2ccc(C)cc2c1Nc1ccc(N(CC)CC)cc1,377.49,5.31,54.5,1,5,7,1,0.1429,Lanifibranor (IVA-337),PPAR-alpha/gamma/delta
T8967,O=[N+]([O-])c1cc(S(=O)(=O)Nc2ccc(O)c3ccccc23)ccc1Cl,378.79,3.91,109.5,2,5,4,0,0.1429,Lanifibranor (IVA-337),PPAR-alpha/gamma/delta
T9048,CC1(C)C2CCC1(CS(=O)(=O)O)C(=O)C2=Cc1ccc(C=C2C(=O)C3(CS(=O)(=O)O)CCC2C3(C)C)cc1,562.71,4.24,142.9,2,6,6,1,0.1429,Obeticholic acid (OCA),FXR
T9029,CCCCCCc1ccc(NC(=O)c2ccc([N+](=O)[O-])o2)cc1,316.36,4.56,85.4,1,4,8,0,0.1429,BI-1467335,AOC3/VAP-1
TQ0055,CC#C[C@H]1CN(S(=O)(=O)c2ccc(N)nc2)CCN1c1ccc(C(O)(C(F)(F)F)C(F)(F)F)cc1,522.47,2.88,99.8,2,6,4,1,0.1429,Lanifibranor (IVA-337),PPAR-alpha/gamma/delta
T9021,O=C(Nc1nc(C(F)(F)F)co1)C1c2ccccc2Oc2ccccc21,360.29,4.57,64.4,1,4,2,0,0.1429,BI-1467335,AOC3/VAP-1
TN1490,COc1cc(-c2cc(=O)c3c(O)cc(O)cc3o2)ccc1O,300.27,2.59,100.1,3,6,2,0,0.1429,VK2809,THR-beta
T22272,O=C1CCc2c(Oc3ccc4c(c3)C3C(O4)C3c3nc4ccc(C(F)(F)F)cc4[nH]3)ccnc2N1,478.43,5.3,89.1,2,5,3,1,0.1429,Cilofexor (GS-9674),FXR
T14978,O=C(NCCCCN1CCOCC1)c1cc2ccccc2o1,302.37,2.28,54.7,1,4,6,0,0.1429,Firsocostat (GS-0976),ACC
TN1291,COc1cc(O)c2c(=O)cc(-c3ccc(OC)c(OC)c3)oc2c1,328.32,3.19,78.1,1,6,4,0,0.1429,VK2809,THR-beta
T22447,O=C(Oc1ccccc1C(=O)Oc1ccccc1C(=O)O)c1ccccc1O,378.34,3.53,110.1,2,6,5,0,0.1429,Firsocostat (GS-0976),ACC
TN6771,O=C(CCCCCCCCc1ccc(O)cc1)c1c(O)cccc1O,342.44,4.96,77.8,3,4,10,0,0.1429,VK2809,THR-beta
T18934,Cc1ccc(O)c(N=Nc2c(O)cc(S(=O)(=O)O)c3ccccc23)c1,358.38,4.22,119.6,3,6,3,0,0.1429,VK2809,THR-beta
T9216,CO[C@@H](C)c1c(NC(=O)Nc2ccnc(C(F)(F)F)c2)cnc2cc(Cl)nn12,414.78,4.15,93.4,2,5,4,0,0.1429,BI-1467335,AOC3/VAP-1
TN5443,CC(=O)Oc1ccc(-c2oc3cc(OC(C)=O)cc(O)c3c(=O)c2OC(C)=O)cc1,412.35,2.94,129.3,1,9,4,0,0.1429,BI-1467335,AOC3/VAP-1
T14001,C[C@]12CCC(=O)C=C1CC[C@@H]1[C@@H]2[C@@H](O)C[C@]2(C)C(=O)CC[C@@H]12,302.41,3.06,54.4,1,3,0,0,0.1429,Aramchol,SCD1
T17823,Cc1ccc(S(=O)(=O)OCCOCCOS(=O)(=O)c2ccc(C)cc2)cc1,414.5,2.43,96.0,0,7,10,0,0.1429,BI-1467335,AOC3/VAP-1
T22341,CNS(=O)(=O)c1ccc(N(C)C)c(Nc2ncnc3cc(OC)c(OC)cc23)c1,417.49,2.36,105.7,2,8,7,0,0.1429,Lanifibranor (IVA-337),PPAR-alpha/gamma/delta
T13017,COc1ccc(CCNc2ncc3c(=O)n(-c4cccc(F)c4)c(=O)[nH]c3n2)cc1OC,437.43,2.28,111.1,2,7,7,0,0.1429,Firsocostat (GS-0976),ACC
T11254,COc1nc(N2CCN(C)CC2)ccc1Nc1ncc(Cl)c(Nc2ccccc2NS(C)(=O)=O)n1,519.03,3.14,124.6,3,10,8,1,0.1429,Cilofexor (GS-9674),FXR
T11224,CNC[C@@H](NC(=O)c1ccc(-c2nc([C@H]3CC[C@H](O)[C@@H](F)C3)cnc2N)cc1F)c1cc(F)cc(Br)c1,578.43,4.42,113.2,4,6,7,1,0.1429,BI-1467335,AOC3/VAP-1
T15551,Cc1cc(-c2cnc([C@H](C)Nc3nccc(N4C(=O)OC[C@@H]4C(C)C)n3)nc2)ccc1F,436.49,4.54,93.1,1,7,6,0,0.1429,Firsocostat (GS-0976),ACC
T16682,COC(=O)Nc1cccc(C)c1CNc1cccn2c(C)c(C)nc12,338.41,4.05,67.7,2,4,4,0,0.1429,Denifanstat (TVB-2640),FASN
T28958,CCc1nnc(NS(=O)(=O)c2ccc(NC(=S)NC(=O)/C=C/c3ccc(F)cc3)cc2)s1,491.6,3.57,113.1,3,7,7,0,0.1429,BI-1467335,AOC3/VAP-1
TN1419,COc1cc(O)c2c(=O)c(O)c(-c3ccc(O)c(O)c3)oc2c1,316.27,2.29,120.4,4,7,2,0,0.1429,VK2809,THR-beta
T17103,Cc1nn(-c2ncnc3[nH]cnc23)c2c1C(c1ccc(F)cc1Cl)CC(=O)N2,397.8,3.11,101.4,2,5,2,0,0.1429,Resmetirom,THR-beta
T9881,CCN(CC)C(=O)C1CN2CCc3cc(OC)c(OC)cc3C2CC1OC(C)=O,404.51,2.42,68.3,0,6,6,0,0.1429,Firsocostat (GS-0976),ACC
T17203,COc1cc2c(NC3CCN(C)CC3)nc(N3CCCN(C)CC3)nc2cc1OCCCN(C)C,485.68,2.62,69.2,1,9,9,0,0.1429,Firsocostat (GS-0976),ACC
T41003,CSc1nc(N)cc(Oc2ccc(-c3nnc(Nc4cccc(C(F)(F)F)c4)[nH]3)cc2)n1,459.46,5.12,114.6,3,8,6,1,0.1429,BI-1467335,AOC3/VAP-1
T60026,CC(C)(C)NS(=O)(=O)c1cccc(NC(=O)c2ccc(NS(C)(=O)=O)cc2N2CCC3(CC2)CC3)c1,534.7,3.77,124.7,3,6,7,1,0.1429,BI-1467335,AOC3/VAP-1
T60092,Cc1cccc(C(=O)Nc2cccc(-c3nc4ccccc4[nH]3)c2)c1,327.39,4.79,57.8,2,2,3,0,0.1429,Denifanstat (TVB-2640),FASN
T14969,CCOC(=O)Nc1ccc2c(c1)N(C(=O)CN(CC)CC)c1ccccc1CC2,395.5,4.36,61.9,1,4,6,0,0.1429,BI-1467335,AOC3/VAP-1
T35341,Fc1cc(-c2cccc3ncc(-c4cnn(C5CCNCC5)c4)nc23)cc(F)c1CN1CCOCC1,490.56,4.2,68.1,1,6,5,0,0.1429,VK2809,THR-beta
T30544,NS(=O)(=O)c1cncc(-c2nc(NCc3ccccn3)c3c(-c4ccccc4)cccc3n2)c1,468.54,4.01,123.8,2,7,6,0,0.1429,Lanifibranor (IVA-337),PPAR-alpha/gamma/delta
T10922,CC(C)(O)c1cncc(-c2nc3ccc(F)cc3n2C2CC2)c1,311.36,3.8,50.9,1,3,3,0,0.1429,Denifanstat (TVB-2640),FASN
T14387,COc1nc(N(CC(C)(C)F)c2cc(Cl)c(F)cc2F)cnc1C(=O)[C@H]1C[C@@H]1C(=O)O,457.84,4.21,92.6,1,6,8,0,0.1429,Firsocostat (GS-0976),ACC
T60124,Cn1cc(-c2ccc3c4c([nH]c3c2)CCC(NC(=O)Nc2ccc(Cl)c(C(F)(F)F)c2)C4)cn1,487.91,5.92,74.7,3,2,3,1,0.1429,Resmetirom,THR-beta
T26366,[H][C@@]12CC=C3C[C@@H](OS(=O)(=O)O)CC[C@]3(C)[C@@]1([H])CC[C@]1(C)C(=O)CC[C@@]21[H],368.5,3.71,80.7,1,4,2,0,0.1429,Firsocostat (GS-0976),ACC
T60110,COc1cc2ncnc(N3CCN(C(=O)Nc4ccc([N+](=O)[O-])cc4)CC3)c2cc1OC,438.44,2.91,123.0,1,8,5,0,0.1429,Denifanstat (TVB-2640),FASN
T11163,C=CC(=O)Nc1cccc(-c2c(-c3ccccc3)oc3ncnc(N[C@H](CO)c4ccccc4)c23)c1,476.54,5.83,100.3,3,6,8,1,0.1429,Firsocostat (GS-0976),ACC
TQ0310,Cc1ccc(-c2c(C(=O)CF)n(CCCO)c3ncnc(N)c23)cc1,342.37,2.52,94.0,2,5,6,0,0.1429,BI-1467335,AOC3/VAP-1
T14954,COC(=O)c1c(Cl)c(Cl)c(C(=O)OC)c(Cl)c1Cl,331.97,3.87,52.6,0,4,2,0,0.1429,BI-1467335,AOC3/VAP-1
T60187,Nc1ccc(C#CCN(C(=O)Cc2ncc(C(F)(F)F)cc2C(F)(F)F)c2ccc(F)cc2)nn1,497.37,4.26,85.0,1,5,4,0,0.1429,BI-1467335,AOC3/VAP-1
T22552L,CC(C)n1nc(-c2ccc(NC(=O)Nc3cccc(C(F)(F)F)c3)cc2)c2c(N)ncnc21,455.44,5.32,110.8,3,5,4,1,0.1429,BI-1467335,AOC3/VAP-1
T39389,O=S(=O)(c1ccc(-c2ccsc2)cc1)N1CCN=C1N1CCN(C2CCC2)CC1,430.6,2.95,56.2,0,6,4,0,0.1429,Lanifibranor (IVA-337),PPAR-alpha/gamma/delta
T23010,N#Cc1cc(C2=Nc3ccc(Br)cc3NC(=O)C2)ccn1,341.17,3.18,78.1,1,4,1,0,0.1429,Denifanstat (TVB-2640),FASN
T28145,Nc1ccc(Oc2ccc(S(=O)(=O)CC3CS3)cc2)cc1,321.42,2.95,69.4,1,5,5,0,0.1429,BI-1467335,AOC3/VAP-1
T15572,Cc1cccc(-c2nc(Cc3cccc(C(N)=O)c3)[nH]c2-c2ccc3nccnc3c2)n1,420.48,4.08,110.4,2,5,5,0,0.1429,VK2809,THR-beta
T12809,C[C@]1(O)CCC[C@@H]1n1c(=O)c(C(F)F)cc2cnc(NC3CCN(S(C)(=O)=O)CC3)nc21,471.53,2.04,117.4,2,7,5,0,0.1429,Denifanstat (TVB-2640),FASN
T67697,Cc1c(F)ccc(C(=O)Nc2cc([N+](=O)[O-])ccc2N2CCN(C)CC2)c1Cl,406.85,3.7,78.7,1,5,4,0,0.1429,Denifanstat (TVB-2640),FASN
T39707,Nc1nc(-c2cccc(-n3ccc4cc(C5CC5)cc(F)c4c3=O)c2CO)c2cc(C3=CCN(C4COC4)CC3)[nH]c2n1,578.65,4.51,122.3,3,7,6,1,0.1429,Denifanstat (TVB-2640),FASN
T64021,Cc1cc(N)nc(-c2c(Cl)cc3c(N4CCNC[C@@H]4C)nc(OC[C@@H]4CCCN4C)nc3c2F)c1C(F)(F)F,568.02,4.66,92.4,2,8,5,1,0.1429,Denifanstat (TVB-2640),FASN
T67897,CC(C)[C@H](NC(=O)c1cc2ccccc2[nH]1)C(=O)Nc1nccs1,342.42,3.02,86.9,3,4,5,0,0.1429,Lanifibranor (IVA-337),PPAR-alpha/gamma/delta
T41190,NC(=O)[C@@H](NC(=O)[C@H](CC1CCCCC1)NC(=O)c1ccno1)C1CCCCC1,404.51,2.29,127.3,3,5,8,0,0.1429,BI-1467335,AOC3/VAP-1
T67930L,Oc1ccc(Cl)cc1/C=N\N/C(=N/N=C/c1cc(Cl)ccc1O)N/N=C/c1cc(Cl)ccc1O,519.78,4.7,134.2,5,7,6,1,0.1429,Lanifibranor (IVA-337),PPAR-alpha/gamma/delta
T16811,CCOCN1C2=C(C(=O)Nc3ccccc3F)C(=O)CCN2c2ccc(F)cc21,399.4,3.41,61.9,1,5,5,0,0.1429,BI-1467335,AOC3/VAP-1
T24644,COc1ccc(OC)c(Cc2cnc3nc(N)nc(N)c3c2C)c1,325.37,2.11,109.2,2,7,4,0,0.1429,Firsocostat (GS-0976),ACC
T67705,CNC(=O)Nc1ccc(-c2nc(N3CC4CCC(C3)O4)c3sccc3n2)cc1,395.49,3.48,79.4,2,6,3,0,0.1429,Denifanstat (TVB-2640),FASN
T40419,COc1ccc(CN2C(=O)C(Cl)=C(Cl)C2=O)c(OC)c1,316.14,2.26,55.8,0,4,4,0,0.1429,BI-1467335,AOC3/VAP-1
T63642,COc1ccc(-c2ccc3[nH]c(=O)c4nnn(-c5ccc(N6CCNCC6)c(C(F)(F)F)c5)c4c3c2)cn1,521.5,3.76,101.0,2,7,4,1,0.1429,Resmetirom,THR-beta
T28918,COc1ccc2c(c1)N(C(=O)OC(C)C)[C@@H](CSC)C(=S)N2,340.47,3.53,50.8,1,5,4,0,0.1429,BI-1467335,AOC3/VAP-1
T73140,Nc1nc(=O)n(-c2ccccc2Cl)c2nc(C(F)(F)F)ccc12,340.69,3.04,73.8,1,4,1,0,0.1429,Lanifibranor (IVA-337),PPAR-alpha/gamma/delta
T67562,CC[C@H](C)[C@H](NC(=O)OCC1c2ccccc2-c2ccccc21)C(=O)O,353.42,4.02,75.6,2,3,6,0,0.1429,BI-1467335,AOC3/VAP-1
T67930,Oc1ccc(Cl)cc1C=NN=C(NN=Cc1cc(Cl)ccc1O)NN=Cc1cc(Cl)ccc1O,519.78,4.7,134.2,5,7,6,1,0.1429,Lanifibranor (IVA-337),PPAR-alpha/gamma/delta
T61046,COC(=O)c1[nH]c2ccc(F)cc2c1C=C1SC(=S)NC1=O,336.37,2.58,71.2,2,5,2,0,0.1429,BI-1467335,AOC3/VAP-1
T14076,Clc1cccc(-n2nnnc2NCc2ccccc2Oc2ccccn2)c1Cl,413.27,4.77,77.8,1,6,6,0,0.1429,Cilofexor (GS-9674),FXR
T40931,NC(=O)c1ccc(-c2cccc(Cn3c(=O)n(O)c(=O)c4sccc43)c2)cc1,393.42,2.28,107.3,2,5,4,0,0.1429,Lanifibranor (IVA-337),PPAR-alpha/gamma/delta
T70388,COc1cc(F)ccc1-c1cc(Nc2cc(C[S@@](C)(=N)=O)ccn2)ncc1F,404.44,4.35,88.0,2,6,6,0,0.1429,Firsocostat (GS-0976),ACC
T10638,Cc1nnc2n1-c1ccc(-c3cnn(C)c3)cc1[C@H](Nc1ccc(Cl)cc1)CC2,404.91,4.73,60.6,1,4,3,0,0.1429,Denifanstat (TVB-2640),FASN
T10638L,Cc1nnc2n1-c1ccc(-c3cnn(C)c3)cc1[C@@H](Nc1ccc(Cl)cc1)CC2,404.91,4.73,60.6,1,4,3,0,0.1429,Denifanstat (TVB-2640),FASN
T31081L,[H][C@]12CN(CC3(O)Cc4ccccc4C3)C[C@@]1([H])[C@]2(CC)c1cccc(NS(C)(=O)=O)c1,426.58,2.8,69.6,2,4,6,0,0.1429,Cilofexor (GS-9674),FXR
T61722,CN1CCN(c2ccc(NC(=O)c3nccc4c3[nH]c3ccccc34)nc2)CC1,386.46,3.12,77.2,2,5,3,0,0.1429,Denifanstat (TVB-2640),FASN
T70793,O=c1[nH]nc(OCCCc2ccc(Cl)cc2)c(NCc2cccnc2)c1Br,449.74,4.2,79.9,2,5,8,0,0.1429,Resmetirom,THR-beta
T17301,C[C@@H](O)C(=N)NS(=O)(=O)c1cc(C(=O)C(C(=O)c2cc(F)ccc2F)=C2Nc3ccccc3N2)ccc1F,544.51,3.56,148.4,5,8,7,1,0.1429,BI-1467335,AOC3/VAP-1
T22655,COc1ccc(-n2nc3c4c([nH]cc-3c2=O)CCCCC4)cc1,309.37,2.94,59.9,1,3,2,0,0.1429,Resmetirom,THR-beta
T79088,Cc1ccc2nc(-c3cccc(NC(=O)c4cccs4)c3)[nH]c2c1,333.42,4.85,57.8,2,3,3,0,0.1429,Lanifibranor (IVA-337),PPAR-alpha/gamma/delta
T79314,N#Cc1c(-c2ccc(F)cc2)csc1OCc1ccc(CN)cc1,338.41,4.46,59.0,1,4,5,0,0.1429,BI-1467335,AOC3/VAP-1
T11787,Cc1ccc(Oc2ncc(N3C(=O)NC(C)(C)C3=O)cn2)c2c1OCC21CC1,380.4,2.84,93.7,1,6,3,0,0.1429,Firsocostat (GS-0976),ACC
T79185,CC(C)[C@@H](C)NC(=O)c1cc(-c2cc3ccccc3n2C)cc(C(=O)NCCc2ccccn2)n1,469.59,4.38,88.9,2,4,8,0,0.1429,Lanifibranor (IVA-337),PPAR-alpha/gamma/delta
T60733,C[C@H](CN)Oc1ccc2ncc(-c3cc4ccccc4o3)n2n1,308.34,2.87,78.6,1,5,4,0,0.1429,BI-1467335,AOC3/VAP-1
T16864,CC[C@@H](Nc1c(Nc2cccc(C(=O)N(C)C)c2O)c(=O)c1=O)c1cc(C(C)C)co1,425.49,3.71,111.9,3,7,8,0,0.1429,VK2809,THR-beta
T22034,CC(C)ON([C@@H](C(=O)NO)C(C)C)S(=O)(=O)c1ccc(-c2ccccc2)cc1,406.5,3.21,95.9,2,5,8,0,0.1429,BI-1467335,AOC3/VAP-1
T68292,O=C(c1ccc(O)c(F)c1)N(c1ccc(O)cc1)c1ccc(F)cc1,341.31,4.35,60.8,2,3,3,0,0.1429,BI-1467335,AOC3/VAP-1
T86496,CN(C[C@H]1COc2ccccc2O1)c1nc(-c2cccnc2)nc2ccccc12,384.44,3.97,60.4,0,6,4,0,0.1429,Firsocostat (GS-0976),ACC
T61664,COc1ccc2c(ccc3nc4c(NCCCN)nc5ccccc5c4nc32)c1,383.46,4.25,86.0,2,6,5,0,0.1429,BI-1467335,AOC3/VAP-1
T61923,COc1ccc(Oc2ccccc2NS(=O)(=O)c2ccc([N+](=O)[O-])cc2)cc1,400.41,4.2,107.8,1,6,7,0,0.1429,BI-1467335,AOC3/VAP-1
T65887,CC(C)(C)OC(=O)NCCCC[C@H](NC(=O)OC(C)(C)C)C(=O)O,346.42,2.66,114.0,3,5,7,0,0.1429,BI-1467335,AOC3/VAP-1
T205083,Cc1ccc(-c2nc(CSCC(=O)NC3CC3)c(C)o2)cc1,316.43,3.47,55.1,1,4,6,0,0.1429,Denifanstat (TVB-2640),FASN
TN2224,[H][C@]12CC=C3[C@]4([H])CC(C)(C)[C@@H](O)[C@@H](O)[C@]4(C)CC[C@@]3(C)[C@]1(C)CC[C@]1([H])[C@]2(C)CC[C@H](O)[C@]1(C)CO,474.73,5.08,80.9,4,4,1,1,0.1429,Aramchol,SCD1
TN2113,CC1(C)CCCc2c1ccc1c2C(=O)C(=O)c2c(CO)coc2-1,310.35,3.43,67.5,1,4,1,0,0.1429,Cilofexor (GS-9674),FXR
TN2073,COc1cc(O)c2c(=O)cc(-c3ccc(OC)c(O)c3)oc2c1,314.29,2.89,89.1,2,6,3,0,0.1429,VK2809,THR-beta
T28874,CCN(CC)CCNC(=O)c1c(C)[nH]c(/C=C2\C(=O)Nc3ccc(Cl)cc32)c1C,414.94,3.85,77.2,3,3,7,0,0.1429,Lanifibranor (IVA-337),PPAR-alpha/gamma/delta
T10710,CS(=O)(=O)c1cc(CNC(=O)c2cncc3c2cnn3-c2ccc(F)cc2)ccn1,425.45,2.29,106.8,1,6,5,0,0.1429,Lanifibranor (IVA-337),PPAR-alpha/gamma/delta
T1968,CCCCNc1ncc(-c2ccc(CN3CCOCC3)cn2)c(N[C@H]2CC[C@H](O)CC2)n1,440.59,3.3,95.4,3,8,9,0,0.1417,Firsocostat (GS-0976),ACC
T8326,O=C(Nc1ccc(Oc2ccnc3[nH]ccc23)c(F)c1)c1cccn(-c2ccc(F)cc2)c1=O,458.42,5.04,89.0,2,4,5,1,0.1417,Firsocostat (GS-0976),ACC
T12831,C[C@@H]1COCCN1c1cc(=O)n2c(n1)N(Cc1cncc(Cl)c1)[C@@H](C(F)(F)F)CC2,443.86,2.86,63.5,0,6,3,0,0.1417,Firsocostat (GS-0976),ACC
TQ0166,COc1cc2c(Nc3ccc(Cl)c(Cl)c3F)ncnc2cc1OCC1C[C@@H]2CN(C)C[C@@H]2C1,491.39,5.79,59.5,1,6,6,1,0.1417,Firsocostat (GS-0976),ACC
T10467,COc1cnccc1Nc1nc(-c2nn(Cc3c(F)cc(OCCO)cc3F)c3ccccc23)ncc1OC,534.52,4.35,116.4,2,9,10,1,0.1417,Cilofexor (GS-9674),FXR
T15019,COc1cccc(CN(C(=O)CC(C)(C)C)[C@H]2C[C@@H](C(=O)N3CCNCC3)N(Cc3ccc4c(c3)OCO4)C2)c1,550.7,3.26,83.6,1,7,8,1,0.1417,VK2809,THR-beta
T28824,Cc1cn(-c2cc(F)c(C(N)=O)c(N[C@H]3CCOC3)c2)c2c1C(=O)CC(C)(C)C2,399.47,3.38,86.3,2,4,4,0,0.1417,Firsocostat (GS-0976),ACC
T37173,O=C[C@H](C[C@@H]1CCNC1=O)NC(=O)[C@H](CC1CCCCC1)NC(=O)c1cc2ccccc2[nH]1,452.56,2.45,120.2,4,4,9,0,0.1417,Firsocostat (GS-0976),ACC
T17162,[H][C@@]12C[C@@]3([H])OC(C)(C)O[C@@]3(C(=O)COC(=O)CC(C)(C)C)[C@@]1(C)C[C@H](O)[C@@]1(F)[C@@]2([H])CCC2=CC(=O)C=C[C@@]21C,532.65,4.41,99.1,1,7,4,1,0.1417,Firsocostat (GS-0976),ACC
T7350,COc1ccc(NC(=O)Nc2ccc(F)cc2F)cc1-c1c(Br)cnn1C,437.24,4.78,68.2,2,3,4,0,0.1416,Firsocostat (GS-0976),ACC
T16727,Cn1cc(S(=O)(=O)N2CCC3=Cc4c(cnn4-c4ccc(F)cc4)C[C@]3(C(=O)c3cc(C(F)(F)F)ccn3)C2)cn1,586.57,4.06,103.0,0,6,5,1,0.1416,Lanifibranor (IVA-337),PPAR-alpha/gamma/delta
TQ0092,C=CC(=O)N1CC[C@@H](Oc2nc(Nc3ccc(N4CCC(N5CCN(C)CC5)CC4)cc3)c(C(N)=O)nc2CC)C1,562.72,2.26,120.2,2,9,9,1,0.1416,Denifanstat (TVB-2640),FASN
T64789,Cc1ccc(S(=O)(=O)OC[C@@H]2CO[C@@](Cn3cncn3)(c3ccc(F)cc3F)C2)cc1,449.48,3.2,83.3,0,6,7,0,0.1416,Cilofexor (GS-9674),FXR
T70692,CC(=O)SCCCCC[C@H](NC(=O)[C@H]1CCC(=O)N1)C(=O)Nc1ccccc1,405.52,2.23,104.4,3,5,10,0,0.1416,Firsocostat (GS-0976),ACC
T63132,OC[C@H]1C[C@@H](O)CCN1CCc1ccc(Nc2nc(-c3ccc(Cl)c(Cl)c3)cs2)cc1,478.45,5.22,68.6,3,6,7,1,0.1416,Cilofexor (GS-9674),FXR
T2242,Cc1cc(-c2ccc(CC(=O)Nc3ccc(-c4cccnc4)cc3)cc2)ccn1,379.46,5.3,54.9,1,3,5,1,0.1415,Firsocostat (GS-0976),ACC
T2327,CCOc1cc2ncc(C#N)c(Nc3ccc(F)c(Cl)c3)c2cc1NC(=O)/C=C/CN(C)C,467.93,5.1,90.3,2,6,8,1,0.1415,Resmetirom,THR-beta
T2618,Cc1cc(-c2ncc(CC(=O)Nc3ccc(-c4cnccn4)cn3)cc2C)ccn1,396.45,3.79,93.6,1,6,5,0,0.1415,Cilofexor (GS-9674),FXR
T2654,Cc1cccc(CC(=O)N2CCc3c2ccc(-c2cn(C)c4ncnc(N)c24)c3F)n1,416.46,3.19,89.9,1,5,3,0,0.1415,Denifanstat (TVB-2640),FASN
T4026,CCOC(=O)c1c(C)[nH]c(/C=C2\C(=O)Nc3ccccc32)c1C,310.35,3.3,71.2,2,3,3,0,0.1415,Firsocostat (GS-0976),ACC
T4419,CCCCNc1ncc2c(-c3ccc(CN4CCN(C)CC4)cc3)cn([C@H]3CC[C@H](O)CC3)c2n1,476.67,4.53,69.4,2,6,8,0,0.1415,Denifanstat (TVB-2640),FASN
T6028,Cn1cc(-c2[nH]c3cc(NC(=O)[C@H](N)C4CCCCC4)cc4c3c2C=NNC4=O)cn1,419.49,2.49,130.2,4,5,4,0,0.1415,Denifanstat (TVB-2640),FASN
T6299,CN[C@@H](C)C(=O)N[C@H](C(=O)N1CCC[C@H]1C(=O)Nc1snnc1-c1ccccc1)C1CCCCC1,498.65,2.81,116.3,3,7,8,0,0.1415,Denifanstat (TVB-2640),FASN
T6760,COc1cc2ncnc(Nc3ccc(Oc4ccccc4)cc3C)c2cc1OC,387.44,5.49,65.5,1,6,6,1,0.1415,Firsocostat (GS-0976),ACC
T5178,CC(C)(C)N1C(=O)C(Nc2ccc(N3CCCCC3)cc2)=C(c2ccccc2)S1(=O)=O,439.58,4.43,69.7,1,5,4,0,0.1415,Firsocostat (GS-0976),ACC
T16144,CN1CCN(Cc2ccc(-c3cn([C@H]4CC[C@H](O)CC4)c4nc(NCCC5CC5)ncc34)cc2)CC1,488.68,4.53,69.5,2,6,8,0,0.1415,Denifanstat (TVB-2640),FASN
T16760,Nc1ncnc2c1c(-c1ccc(Oc3ccccc3)cc1)cn2C1CCCC1,370.46,5.59,66.0,1,4,4,1,0.1415,Firsocostat (GS-0976),ACC
T10625,Nc1ncnc2c1c(-c1ccc(Oc3ccccc3)cc1)nn2[C@@H]1CCCNC1,386.46,3.79,90.9,2,6,4,0,0.1415,Cilofexor (GS-9674),FXR
TN1103,COc1cc2c(O)c3c(c(-c4ccc5c(c4)OCO5)c2cc1OC)C(=O)OC3,380.35,3.63,83.5,1,7,3,0,0.1415,Firsocostat (GS-0976),ACC
T31091,Cc1c(/C=C/C2=CC(/C=C/c3cnn(-c4ccccc4)c3C)=[O+][B-](F)(F)O2)cnn1-c1ccccc1,484.32,5.79,56.2,0,3,6,1,0.1415,Firsocostat (GS-0976),ACC
TQ0317,COc1cc2c(cc1F)C(c1ccccc1Cl)=NC1=C(C)NNC1=N2,356.79,3.71,58.0,2,5,2,0,0.1415,Firsocostat (GS-0976),ACC
T13167,CCOCc1nc2c(N)nc3ccccc3c2n1CC(C)(C)N,313.41,2.44,92.0,2,5,5,0,0.1415,Firsocostat (GS-0976),ACC
T10626,Nc1ncnc2c1c(-c1ccc(Oc3ccccc3)cc1)nn2C1CCCNC1,386.46,3.79,90.9,2,6,4,0,0.1415,Cilofexor (GS-9674),FXR
T12216,CN1CCN(Cc2ccc(-c3cccc(C(=O)Nc4ccccc4CC(=O)O)c3)cc2)CC1,443.55,3.98,72.9,2,4,7,0,0.1415,Cilofexor (GS-9674),FXR
T10991,COC(=O)c1c(C)nc(C)c(C(=O)OCC(C)C)c1-c1ccccc1N=O,370.41,4.36,94.9,0,7,6,0,0.1415,Firsocostat (GS-0976),ACC
T9556,O=C1c2ccc(-c3cnc4[nH]ccc4c3)cc2OCCN1Cc1ccc(F)cc1,387.41,4.4,58.2,1,3,3,0,0.1415,VK2809,THR-beta
T38905,O=C(CN1CCN(c2ccc(F)cn2)CC1)Nc1nc2c(s1)CCCC2,375.47,2.32,61.4,1,6,4,0,0.1415,Cilofexor (GS-9674),FXR
T67694,Cc1nc(Nc2ncc(N3CCN(C)[C@H](C)C3)c(Nc3cc(C)n(C)n3)n2)cc(C2CC2)c1F,465.58,3.87,87.0,2,8,6,0,0.1415,Denifanstat (TVB-2640),FASN
T37610,CC(C)[C@H]1CC[C@@H](N2CCC3(CC2)C(=O)N(CCNS(N)(=O)=O)Cc2ccccc23)CC1,462.66,2.37,95.7,2,4,6,0,0.1415,VK2809,THR-beta
T79157,Cc1nc(NC(=O)N2CCC(C)(C)C2=O)ccc1Oc1ccnc(-c2cnn(C)c2)c1,420.47,3.77,102.2,1,6,4,0,0.1415,Denifanstat (TVB-2640),FASN
T39702,[H][C@]12CC[C@]([H])(CN(c3cc(C)ncn3)C1)[C@H]2Nc1nc2n(n1)CCCC[C@H]2c1ccc(F)c(F)c1F,483.54,4.44,71.8,1,6,4,0,0.1415,Denifanstat (TVB-2640),FASN
T34387,O=C(Nc1c(Cl)cncc1Cl)C(=O)c1cn(Cc2ccc(F)cc2)c2ncccc12,443.27,4.75,76.9,1,4,5,0,0.1415,Cilofexor (GS-9674),FXR
T30581,C=CCc1c(C)c(C#N)c2nc3ccccc3n2c1NCCc1ccc(OC)c(OC)c1,426.52,5.07,71.6,1,5,8,1,0.1415,Denifanstat (TVB-2640),FASN
T204093,COc1ccc(N2C(=O)[C@@]3(CN3[S@@+]([O-])C(C)(C)C)c3ccccc32)cc1,370.47,3.35,55.6,0,4,3,0,0.1415,Firsocostat (GS-0976),ACC
T9684,Cc1[nH]c(/C=C2\C(=O)Nc3ccccc32)c(C)c1CCC(=O)O,310.35,3.14,82.2,3,2,4,0,0.1415,Firsocostat (GS-0976),ACC
T67972L,CCNC(=O)[C@H]1C[C@@H](n2ccc3c(N[C@H](CC)Cc4sccc4Cl)ncnc32)[C@H](O)[C@@H]1O,478.02,3.0,112.3,4,7,8,0,0.1415,Lanifibranor (IVA-337),PPAR-alpha/gamma/delta
T0188,CCC(=O)O[C@]1(C(=O)SCF)[C@H](C)C[C@H]2[C@@H]3C[C@H](F)C4=CC(=O)C=C[C@]4(C)[C@@]3(F)[C@@H](O)C[C@@]21C,500.58,4.43,80.7,1,6,4,1,0.1414,Obeticholic acid (OCA),FXR
T1831,CC(C)n1cnc2c(NCCc3ccc(O)cc3)nc(-c3csc4ccccc34)nc21,429.55,5.65,75.9,2,6,6,1,0.1414,Lanifibranor (IVA-337),PPAR-alpha/gamma/delta
T2416,CN(C)Cc1cccc(NC(=C2C(=O)Nc3cc(C(=O)N(C)C)ccc32)c2ccccc2)c1,440.55,4.38,64.7,2,4,6,0,0.1414,Denifanstat (TVB-2640),FASN
T2440,COc1cc(OC)c(/C=C2/C(=O)Nc3ccccc32)c(OC)c1,311.34,3.21,56.8,1,4,4,0,0.1414,Firsocostat (GS-0976),ACC
T3200,NC(=O)c1ccccc1Nc1ccnc(Nc2cccc(O)c2)n1,321.34,2.77,113.2,4,6,5,0,0.1414,Cilofexor (GS-9674),FXR
T6556,C=CS(=O)(=O)NC1CCN(C(=O)CNc2cc(I)c(Cl)cc2OC)CC1,513.79,2.42,87.7,2,5,7,1,0.1414,Denifanstat (TVB-2640),FASN
T5540,Cc1nn(CC(F)(F)F)cc1Nc1ncc(Br)c(NCc2ccc(S(N)(=O)=O)cc2)n1,520.34,3.31,127.8,3,7,7,1,0.1414,Lanifibranor (IVA-337),PPAR-alpha/gamma/delta
T21295,CN(C)Cc1cccc(N/C(=C2\C(=O)Nc3cc(C(=O)N(C)C)ccc32)c2ccccc2)c1,440.55,4.38,64.7,2,4,6,0,0.1414,Denifanstat (TVB-2640),FASN
T21448,Cc1ccc(Oc2ccccc2-c2csc(NC3=NCCCN3)n2)c(C)c1,378.5,4.98,58.5,2,6,4,0,0.1414,Denifanstat (TVB-2640),FASN
T19059,CC1=NN(c2ccccc2)C(=O)/C1=C/C1C(=O)N(c2ccccc2)N=C1C,358.4,3.37,65.3,0,4,3,0,0.1414,Firsocostat (GS-0976),ACC
T11996,CN1CCN(c2ccc(-n3cc(-c4ccncc4OCC4CCNCC4)cn3)cc2)CC1,432.57,3.06,58.5,1,6,6,0,0.1414,Denifanstat (TVB-2640),FASN
T13237L,Cn1cc(-c2cn3nccc3c(-c3cnn([C@]4(CC#N)C[C@@H](C#N)C4)c3)n2)cn1,383.42,2.54,113.4,0,6,4,0,0.1414,Denifanstat (TVB-2640),FASN
T38271,Cc1nc2c([N+](=O)[O-])c(Cl)c(Cl)cc2n1Cc1ccc([B-]23OC(=O)C[N+]2(C)CC(=O)O3)cc1,491.1,2.31,113.6,0,7,4,0,0.1414,Lanifibranor (IVA-337),PPAR-alpha/gamma/delta
T23466,CC(C)(O)c1ccn2c(-c3ccc(F)c(-c4ccc(F)cc4C#N)c3)cnc2c1F,407.4,5.18,61.3,1,3,3,1,0.1414,Denifanstat (TVB-2640),FASN
T31149,CCOc1ccc(-c2nc(-c3ccncc3)no2)cc1OCC,311.34,3.6,70.3,0,6,6,0,0.1414,Firsocostat (GS-0976),ACC
T27323,O=C(/C=C/c1c(-c2ccccc2)nn2ccccc12)N1CCCC[C@@H]1CCO,375.47,3.78,57.8,1,3,5,0,0.1414,Denifanstat (TVB-2640),FASN
T31860,COP(=O)(c1cc(C)cc(/C=C/C#N)c1)c1c(C(N)=O)[nH]c2ccc(Cl)cc12,413.8,3.64,109.0,2,4,5,0,0.1414,Lanifibranor (IVA-337),PPAR-alpha/gamma/delta
T21361,[H][C@@]12C[C@@H](C)[C@](OC(=O)CC)(C(=O)COC(=O)CC)[C@@]1(C)C[C@H](O)[C@@]1([H])[C@@]2([H])[C@H](Cl)CC2=CC(=O)C=C[C@@]21C,521.05,3.94,107.0,1,7,6,1,0.1414,Obeticholic acid (OCA),FXR
T79455,O=c1c2c(O)c(O)c(O)cc2nc(-c2ccccc2)n1-c1ccccc1,346.34,3.17,95.6,3,5,2,0,0.1414,Firsocostat (GS-0976),ACC
T70039L,N[C@@H](CS)C(=O)N1CCn2cc(-c3ccccc3)nc2[C@@H]1CC1CCCCC1,398.58,3.66,64.2,2,4,5,0,0.1414,Denifanstat (TVB-2640),FASN
T13646,[H][C@@]12C[C@@]3([H])O[C@@H](C4CCCCC4)O[C@@]3(C(=O)CO)[C@@]1(C)C[C@H](O)[C@@]1([H])[C@@]2([H])CCC2=CC(=O)C=C[C@@]21C,470.61,3.5,93.1,2,6,3,0,0.1414,Obeticholic acid (OCA),FXR
T75618,COc1cc2oc(-c3ccc(O)cc3)cc(=O)c2c(O)c1O,300.27,2.59,100.1,3,6,2,0,0.1414,Firsocostat (GS-0976),ACC
T11870,[2H]c1c([2H])c(-c2ccccc2-c2nnn[nH]2)c([2H])c([2H])c1Cn1c(CCCC)nc(Cl)c1CO,426.94,4.27,92.5,2,5,8,0,0.1414,Lanifibranor (IVA-337),PPAR-alpha/gamma/delta
T0402,CCCCC(CC)COC(=O)C(C#N)=C(c1ccccc1)c1ccccc1,361.49,5.77,50.1,0,3,9,1,0.1413,Aramchol,SCD1
T2115,FC(F)(F)c1ccc(CNc2ccc(Cc3c[nH]c4ncc(Cl)cc34)cn2)cn1,417.82,5.23,66.5,2,4,5,1,0.1413,Lanifibranor (IVA-337),PPAR-alpha/gamma/delta
T2850,[H][C@@]1([C@]2([H])c3cc4c(cc3CCN2C)OCO4)OC(=O)c2c1ccc1c2OCO1,367.36,2.58,66.5,0,7,1,0,0.1413,Denifanstat (TVB-2640),FASN
T4290,COCCOc1ccc(N2CCN(CCn3ncc4c3nc(N)n3nc(-c5ccco5)nc43)CC2)cc1,503.57,2.16,125.0,1,10,9,1,0.1413,BI-1467335,AOC3/VAP-1
T7537,C#C[C@]1(OC(C)=O)CC[C@H]2[C@@H]3CCC4=C/C(=N/O)CC[C@@H]4[C@H]3CC[C@@]21CC,369.51,4.71,58.9,1,4,2,0,0.1413,Obeticholic acid (OCA),FXR
T8334,O=C(O)C1C2C=CC(C2)C1C(=O)Nc1ccc(Cl)c(Cl)c1,326.18,3.45,66.4,2,2,3,0,0.1413,Cilofexor (GS-9674),FXR
T8670,N#Cc1ccccc1C[C@H](NC(=O)OCC1c2ccccc2-c2ccccc21)C(=O)O,412.45,4.09,99.4,2,4,6,0,0.1413,Denifanstat (TVB-2640),FASN
TN1418,COc1cc(O)cc2oc(-c3ccc(O)c(O)c3)c(O)c(=O)c12,316.27,2.29,120.4,4,7,2,0,0.1413,VK2809,THR-beta
TN7067,COc1cc(-c2oc3cc(O)cc(OC)c3c(=O)c2O)ccc1O,330.29,2.59,109.4,3,7,3,0,0.1413,VK2809,THR-beta
T60083,COC(=O)Nc1ccc2oc3cc(S(=O)(=O)N[C@@H](C(=O)O)C(C)C)ccc3c2c1,420.44,3.15,134.9,3,6,6,0,0.1413,Lanifibranor (IVA-337),PPAR-alpha/gamma/delta
T17227,COc1ccc(CCO[C@@H]2CCCC[C@H]2N2CC[C@@H](O)C2)cc1OC,349.47,2.64,51.2,1,5,7,0,0.1413,Denifanstat (TVB-2640),FASN
T67152,COc1cc2ncnc(Nc3ccc(F)c(Cl)c3)c2cc1[N+](=O)[O-],348.72,4.08,90.2,1,6,4,0,0.1413,Lanifibranor (IVA-337),PPAR-alpha/gamma/delta
T86956,NN1C(=O)c2ccccc2C12c1ccc(O)cc1Oc1cc(O)ccc12,346.34,2.82,96.0,3,5,0,0,0.1413,Cilofexor (GS-9674),FXR
T75510,[H][C@@]12C[C@@H](O)C=C(C(=O)OC)[C@]1(C)CC[C@]1([H])C(=O)O[C@H](c3ccoc3)C[C@@]21C,374.43,3.17,86.0,1,6,2,0,0.1413,Obeticholic acid (OCA),FXR
T0150,CC(O)c1ccc(S(=O)(=O)NC(=O)NC2CCCCC2)cc1,326.42,2.06,95.5,3,4,4,0,0.1412,Denifanstat (TVB-2640),FASN
T1284,CC(=O)O[C@]1(C(C)=O)CC[C@H]2[C@@H]3C=C(C)C4=CC(=O)CC[C@]4(C)[C@H]3CC[C@@]21C,384.52,4.58,60.4,0,4,2,0,0.1412,Obeticholic acid (OCA),FXR
T2577,C[C@]12CCC3=C4CCC(=O)C=C4CC[C@H]3[C@@H]1CC[C@@]2(O)CC#N,311.43,3.84,61.1,1,3,1,0,0.1412,Obeticholic acid (OCA),FXR
T4062,Nc1c(S(=O)(=O)c2ccccc2)c2nc3ccccc3nc2n1-c1ccc(F)cc1,418.45,4.13,90.9,1,5,3,0,0.1412,Lanifibranor (IVA-337),PPAR-alpha/gamma/delta
T4171,C[C@H](NC(c1cccc2[nH]c(=O)c(=O)[nH]c12)P(=O)(O)O)c1ccc(Br)cc1,454.22,2.51,135.3,5,4,5,0,0.1412,Resmetirom,THR-beta
T6895,CC(NC(=O)c1ncnc(N)c1Cl)c1ncc(C(=O)Nc2cc(C(F)(F)F)c(Cl)cn2)s1,506.3,3.98,135.8,3,8,5,1,0.1412,BI-1467335,AOC3/VAP-1
T8439,N=C(NCc1ccc(Cl)cc1)SCCCc1cnc[nH]1,308.84,3.45,64.6,3,3,6,0,0.1412,Lanifibranor (IVA-337),PPAR-alpha/gamma/delta
T10894,Cc1ccc(NC(=O)c2cccc(C(F)(F)F)c2)cc1NC(=O)c1cncc(-c2cnn(C)c2)c1,479.46,5.31,88.9,2,4,5,1,0.1412,BI-1467335,AOC3/VAP-1
T9150,O=C1NC(=S)NC(=O)C12N=C(c1ccc(Cl)cc1)CC2c1ccc(Cl)cc1,418.31,3.24,70.6,2,4,2,0,0.1412,Denifanstat (TVB-2640),FASN
T13048,N#Cc1c(C(F)(F)F)c([N+](=O)[O-])c(-c2cccc([N+](=O)[O-])c2)[nH]c1=O,354.2,2.75,142.9,1,6,3,0,0.1412,Resmetirom,THR-beta
T36670,O=C(Nc1ccnc(C(F)(F)F)c1)c1cnn(-c2cccc3c(=O)[nH]ccc23)c1C(F)(F)F,467.33,4.4,92.7,2,4,3,0,0.1412,BI-1467335,AOC3/VAP-1
T14513,CCCCc1nc2c(N)nc3ccccc3c2n1Cc1ccccc1,330.44,4.56,56.7,1,3,5,0,0.1412,Lanifibranor (IVA-337),PPAR-alpha/gamma/delta
T36527,N#Cc1c(-c2ccc(O)c(O)c2)cc(-c2ccc(F)cc2)nc1N,321.31,3.42,103.2,3,5,2,0,0.1412,Denifanstat (TVB-2640),FASN
T67866,Cc1c(C(=O)Nc2ccc3ccccc3n2)cnn1-c1ccccc1,328.38,3.98,59.8,1,3,3,0,0.1412,Lanifibranor (IVA-337),PPAR-alpha/gamma/delta
T68126,CC[C@@]1(CC(=O)O)OC[C@H](Cc2ccccc2)c2c1[nH]c1ccccc21,349.43,4.6,62.3,2,2,5,0,0.1412,Obeticholic acid (OCA),FXR
T77648,Clc1ccc(-c2nnc(COc3ncnc4ccccc34)o2)cc1,338.75,3.91,73.9,0,6,4,0,0.1412,Lanifibranor (IVA-337),PPAR-alpha/gamma/delta
T32108,CC(C)n1nc(C(O)c2cccc(Cl)c2Cl)c2c(N)ncnc21,352.23,3.38,89.9,2,5,3,0,0.1412,Resmetirom,THR-beta
T78578,Cc1cc(Nc2nc(-c3ccccc3)nc3ccccc23)n[nH]1,301.35,4.07,66.5,2,4,3,0,0.1412,Denifanstat (TVB-2640),FASN
T71394,CC(C)(O)c1cccn2c(C3(c4ccc(Cl)cc4)CC3)nnc12,327.82,3.69,50.4,1,3,3,0,0.1412,Lanifibranor (IVA-337),PPAR-alpha/gamma/delta
T78390,COc1cc(NS(=O)(=O)c2ccc(C)cc2)c2ncccc2c1,328.39,3.35,68.3,1,4,4,0,0.1412,Lanifibranor (IVA-337),PPAR-alpha/gamma/delta
T64957,O=C(O)C(Cc1c2ccccc2c(CC(C(=O)O)C(=O)O)c2ccccc12)C(=O)O,410.38,2.65,149.2,4,4,8,0,0.1412,Firsocostat (GS-0976),ACC
T1551,CCCCCNC(=N)N/N=C/c1c[nH]c2ccc(OC)cc12,301.39,2.81,85.3,4,3,7,0,0.1410,BI-1467335,AOC3/VAP-1
T16347,O=C(Nc1cccc(C(F)(F)F)c1)Nc1ccc(Br)cc1-c1nn[nH]n1,427.18,4.29,95.6,3,4,3,0,0.1410,BI-1467335,AOC3/VAP-1
T11191,C=CC(=O)Nc1cc(NC(=O)c2cnn(-c3ccccc3F)c2)ccc1F,368.34,3.53,76.0,2,3,5,0,0.1410,BI-1467335,AOC3/VAP-1
T18546,O=C1N[C@H]2[C@H](CS[C@H]2CCCCC(=O)Oc2ccc([N+](=O)[O-])cc2)N1,365.41,2.23,110.6,2,6,7,0,0.1410,BI-1467335,AOC3/VAP-1
T60146,COc1ccc(N2CCN(C(=S)Nc3ccc([N+](=O)[O-])cc3)CC2)c(N)c1,387.47,2.7,96.9,2,6,4,0,0.1410,BI-1467335,AOC3/VAP-1
T39476,CCOC(=O)[C@@H](Cc1cn(C)c2ccccc12)NC(=O)[C@@H](N)CC(C)C,359.47,2.14,86.3,2,4,8,0,0.1410,BI-1467335,AOC3/VAP-1
T30586L,CC(C)(CCc1ccccc1)NCC(O)c1ccc2c(c1)CCC(=O)N2,352.48,3.61,61.4,3,3,7,0,0.1410,BI-1467335,AOC3/VAP-1
T60680,CCCCCNC(=N)NN=Cc1c[nH]c2ccc(OC)cc12,301.39,2.81,85.3,4,3,7,0,0.1410,BI-1467335,AOC3/VAP-1
T66185,O=C(N[C@@H](CCCCNC(=O)C(F)(F)F)C(=O)O)OCC1c2ccccc2-c2ccccc21,464.44,3.83,104.7,3,4,9,0,0.1410,BI-1467335,AOC3/VAP-1
T3157,O=C(Nc1nc(-c2ccc(O)c(O)c2)c(-c2ccccc2)s1)c1ccc(O)c(O)c1,420.45,4.55,122.9,5,7,4,0,0.1408,BI-1467335,AOC3/VAP-1
T11251,O=C(CC[C@H]1C(=O)N(c2ccc(F)cc2)[C@@H]1c1ccc(O)cc1)c1ccc(F)cc1,407.42,5.04,57.6,1,3,6,1,0.1408,BI-1467335,AOC3/VAP-1
T1248,CC(=O)Nc1ccc(S(=O)(=O)Nc2ccc([N+](=O)[O-])cc2)cc1,335.34,2.35,118.4,2,5,5,0,0.1406,BI-1467335,AOC3/VAP-1
T8308,CC(C)(C)c1cc(CC2SC(=O)NC2=O)cc(C(C)(C)C)c1O,335.47,3.88,66.4,2,4,2,0,0.1406,BI-1467335,AOC3/VAP-1
T23523,NCCCCCCNS(=O)(=O)c1cccc2ccccc12,306.43,2.64,72.2,2,3,8,0,0.1406,BI-1467335,AOC3/VAP-1
T6511,Cn1nccc1Nc1nccc(-c2ccn([C@H](CO)c3ccc(Cl)c(F)c3)c(=O)c2)n1,440.87,3.16,97.9,2,6,6,0,0.1405,Firsocostat (GS-0976),ACC
T6680,CN[C@@H]1C[C@H]2O[C@@](C)([C@@H]1OC)n1c3ccccc3c3c4c(c5c6ccccc6n2c5c31)C(=O)NC4,466.54,4.35,69.5,2,4,2,0,0.1405,Firsocostat (GS-0976),ACC
T39764,COc1cc2c(-c3cnn4cc(N5CCC(N6CCN(C)CC6)CC5)cnc34)ccnc2cc1F,475.57,3.31,62.0,0,7,4,0,0.1405,Firsocostat (GS-0976),ACC
T72505L,CC(C)(C(=O)Nc1ccc(-c2cncc(C(F)(F)F)n2)cn1)c1csc([N-]S(=O)(=O)C2CC2)n1,511.53,4.43,128.9,1,8,7,1,0.1405,Firsocostat (GS-0976),ACC
T0261,CC(=O)OCC(=O)[C@@]12OC3(CCCC3)O[C@@H]1C[C@H]1[C@@H]3CCC4=CC(=O)C=C[C@]4(C)[C@@]3(F)[C@@H](O)C[C@@]12C,502.58,3.52,99.1,1,7,3,1,0.1404,Aramchol,SCD1
T5394,Cc1oc(=O)oc1CN1CCN(c2cc3c(cc2F)c(=O)c(C(=O)O)c2n3C(C)S2)CC1,461.47,2.64,109.1,1,8,4,0,0.1404,Cilofexor (GS-9674),FXR
T16324,[H][C@]12OC(=O)[C@]3(C)C=CC(=O)[C@](C)([C@@H](CC(=O)OC)[C@]4(C)C5=C(C)[C@]([H])(c6ccoc6)C[C@@]5([H])O[C@]14[H])[C@@]23[H],466.53,3.74,92.0,0,7,3,0,0.1404,VK2809,THR-beta
T5555,COc1ncc(-c2nc3c(n2C(C)C)[C@H](c2ccc(Cl)cc2)N(c2cc(Cl)cn(C)c2=O)C3=O)c(OC)n1,555.42,4.69,104.4,0,7,6,1,0.1404,VK2809,THR-beta
T27012,COc1ccc(CCc2cc(OC)c(O)c(OC)c2)cc1OC,318.37,3.21,57.2,1,5,7,0,0.1404,BI-1467335,AOC3/VAP-1
T60015,[H][C@]1([C@@]2(C)O[C@@H]2CC=C(C)C)[C@H](OC)[C@H](OC(=O)Oc2ccc([N+](=O)[O-])cc2)CC[C@]12CO2,447.48,4.19,113.0,0,8,7,0,0.1404,Cilofexor (GS-9674),FXR
T60032,CSCC[C@H](NC(=O)c1cccnc1)C(=O)Nc1nc(-c2ccccc2)cs1,412.54,3.7,84.0,2,6,8,0,0.1404,Firsocostat (GS-0976),ACC
T60120,C=CCN(C(=O)c1sc2nc(-c3cccnc3)ccc2c1N)c1ccccc1,386.48,4.77,72.1,1,5,5,0,0.1404,Firsocostat (GS-0976),ACC
T63059,CC(C)CS(=O)(=O)N[C@H]1CC[C@H](Nc2nc(N)c(C(=O)c3c(F)cccc3F)s2)CC1,472.58,3.53,114.2,3,7,8,0,0.1404,Firsocostat (GS-0976),ACC
T70277,CC(=O)c1ccc(O)c(-c2c(O)ccc(O)c2C(C)=O)c1O,302.28,2.58,115.1,4,6,3,0,0.1404,BI-1467335,AOC3/VAP-1
T73018,O=C(Cn1c(=O)oc2ccccc21)NCc1cncc(-c2ccsc2)c1,365.41,3.03,77.1,1,5,5,0,0.1404,Firsocostat (GS-0976),ACC
T8775,[H][C@@]12Cc3c[nH]c4cccc(c34)C1=C[C@H](NC(=O)N(CC)CC)CN2C,338.46,2.84,51.4,2,2,3,0,0.1404,Firsocostat (GS-0976),ACC
T1121,COc1cc([C@@H]2c3cc4c(cc3[C@H](O)[C@H]3COC(=O)[C@H]23)OCO4)cc(OC)c1OC,414.41,2.41,92.7,1,8,4,0,0.1402,Firsocostat (GS-0976),ACC
T2937,COc1cc([C@@H]2c3cc4c(cc3[C@@H](O)[C@H]3COC(=O)[C@H]23)OCO4)cc(OC)c1O,400.38,2.11,103.7,2,8,3,0,0.1402,Firsocostat (GS-0976),ACC
T6099,CN(C)c1cccc(-c2c3c(=O)n(-c4ccccc4Cl)[nH]c3cc(=O)n2C)c1,394.86,3.4,63.0,1,3,3,0,0.1402,Firsocostat (GS-0976),ACC
T6490,C/C(=C\c1csc(C)n1)[C@@H]1C[C@@H]2O[C@@H]2CCC[C@H](C)[C@H](O)[C@@H](C)C(=O)C(C)(C)[C@@H](O)CC(=O)O1,493.67,4.09,109.2,2,8,2,0,0.1402,Denifanstat (TVB-2640),FASN
T6949,CCN(C)S(=O)(=O)Nc1ccc(F)c(C(=O)c2c[nH]c3ncc(-c4cnc(C5CC5)nc4)cc23)c1F,512.54,4.01,120.9,2,6,8,1,0.1402,Denifanstat (TVB-2640),FASN
T6964,CCOCc1nc2c(N)nc3ccccc3c2n1CC(C)(C)O,314.39,2.47,86.2,2,5,5,0,0.1402,Firsocostat (GS-0976),ACC
T2S0029,COc1cc([C@@H]2c3cc4c(cc3[C@H](O)[C@H]3COC(=O)[C@H]23)OCO4)cc(OC)c1O,400.38,2.11,103.7,2,8,3,0,0.1402,Firsocostat (GS-0976),ACC
T3S0027,COc1cc([C@@H]2c3cc4c(cc3[C@H](O)[C@H]3COC(=O)[C@@H]23)OCO4)cc(OC)c1OC,414.41,2.41,92.7,1,8,4,0,0.1402,Firsocostat (GS-0976),ACC
T4584,CC(=O)N[C@@H]1C[C@H](NC(C)(C)C)CC[C@@H]1N1CC[C@H](Nc2ncnc3cc(C(C)(C)C)nn23)C1=O,484.65,2.25,116.5,3,7,5,0,0.1402,Denifanstat (TVB-2640),FASN
T5175,CC(C)n1c(=O)n(C)c2cnc3cc(F)c(-c4ccc(OCCCN5CCCCC5)nc4)cc3c21,477.58,4.93,65.2,0,5,7,0,0.1402,Denifanstat (TVB-2640),FASN
T5362,COc1cc2onc(C)c2cc1NS(=O)(=O)c1cc(Br)ccc1OC,427.28,3.72,90.7,1,6,5,0,0.1402,Firsocostat (GS-0976),ACC
T7309,CN(C)CCNc1nc2cc(O)ccc2c2c1C(=O)c1ccccc1-2,333.39,3.13,65.5,2,5,4,0,0.1402,Firsocostat (GS-0976),ACC
T5496,COc1ccc(OC)c(-c2nnc3n2N=C(c2ccc(OC)c(OC)c2)CS3)c1,412.47,3.34,80.0,0,8,6,0,0.1402,Firsocostat (GS-0976),ACC
T8850,COc1ccc(Nc2ncc(C(F)(F)F)c(NC3CC3)n2)cc1OC,354.33,3.83,68.3,2,6,6,0,0.1402,Firsocostat (GS-0976),ACC
T16996,C=CC(=O)N[C@H]1C=C(C)c2c(-c3cnc4ccccc4c3)c3c(N)ncnc3n2C1,396.45,3.32,98.7,2,5,3,0,0.1402,Denifanstat (TVB-2640),FASN
T10606,CC[C@]1(c2ccccc2)C2=CNNC2=NC2=C1C(=O)CC(C)(C)C2,321.42,3.38,53.5,2,4,2,0,0.1402,Firsocostat (GS-0976),ACC
TQ0197,CC(=O)CC(c1ccc([N+](=O)[O-])cc1)c1c(O)c2ccccc2oc1=O,353.33,3.52,110.7,1,6,5,0,0.1402,Firsocostat (GS-0976),ACC
TN7041,[H][C@]12COC(=O)[C@]1([H])[C@H](c1cc(OC)c(OC)c(OC)c1)c1cc3c(cc1[C@H]2O)OCO3,414.41,2.41,92.7,1,8,4,0,0.1402,Firsocostat (GS-0976),ACC
T10608,CC[C@@]1(c2ccccc2)C2=CNNC2=NC2=C1C(=O)CC(C)(C)C2,321.42,3.38,53.5,2,4,2,0,0.1402,Firsocostat (GS-0976),ACC
T34398,[H][C@@]12[C@H](OC(C)=O)C[C@@H](C)[C@](O)(CCc3ccoc3)[C@@]1(C)CCCC2(C)C,362.51,4.75,59.7,1,4,4,0,0.1402,Cilofexor (GS-9674),FXR
T10033,NS(=O)(=O)c1ccc(N2N=C(C(F)(F)F)CC2c2c[nH]c3c(Cl)cccc23)cc1,442.85,4.34,91.5,2,4,3,0,0.1402,Cilofexor (GS-9674),FXR
T35666,CC(=O)NC1=NC(c2cn(-c3ccccc3)nc2-c2ccc(C)o2)N2C(=N1)Nc1ccccc12,451.49,4.23,100.1,2,7,3,0,0.1402,Denifanstat (TVB-2640),FASN
T61111,Cc1ccc(C)c(Cn2c(C(O)c3ccncc3)nc3ccccc32)c1,343.43,4.18,50.9,1,3,4,0,0.1402,Firsocostat (GS-0976),ACC
T79830,CCCS(=O)(=O)Nc1cccc(Oc2ccc3c(c2)C2=NCCN2C=N3)c1C#N,409.47,3.24,107.1,1,7,6,0,0.1402,Denifanstat (TVB-2640),FASN
T4S1421,C/C=C(/C)C(=O)O[C@H]1c2c(ccc3ccc(=O)oc23)OC(C)(C)[C@H]1OC(=O)/C(C)=C\C,426.47,4.39,92.0,0,7,4,0,0.1402,Firsocostat (GS-0976),ACC
T89229,CCN(CC)CC(=O)N1CCN(c2nc(NCc3nc4cc(Cl)c(Cl)cc4[nH]3)c3ncn(CC)c3n2)CC1,559.51,3.63,111.1,2,8,9,1,0.1402,Lanifibranor (IVA-337),PPAR-alpha/gamma/delta
TN2098,C/C=C(/C)C(=O)O[C@@H]1c2c(ccc3ccc(=O)oc23)OC(C)(C)[C@@H]1OC(=O)/C(C)=C\C,426.47,4.39,92.0,0,7,4,0,0.1402,Firsocostat (GS-0976),ACC
T3094,O=C(Nc1cc(Cl)cc2c1[nH]c1cnccc12)c1cccnc1,322.75,4.02,70.7,2,3,2,0,0.1400,Cilofexor (GS-9674),FXR
T4071,C[C@H]1CNC(=O)c2cnn3ccc(nc23)N[C@H](C)c2cc(F)ccc2O1,355.37,2.55,80.5,2,5,0,0,0.1400,Denifanstat (TVB-2640),FASN
T6891,Cn1c(-c2ccccc2C(F)(F)F)nnc1C12CCC(c3noc(C4CC(F)(F)C4)n3)(CC1)CC2,493.48,5.94,69.6,0,5,4,1,0.1400,Denifanstat (TVB-2640),FASN
T4975,Cc1cccc(-c2[nH]c(C34CCC(C(N)=O)(CC3)CC4)nc2-c2ccc3c(c2)OCO3)n1,430.51,4.25,103.1,2,5,4,0,0.1400,Denifanstat (TVB-2640),FASN
T7838,CCCCc1nc(Cl)c(C=O)n1Cc1ccc(-c2ccccc2-c2nn[nH]n2)cc1,420.9,4.59,89.4,1,5,8,0,0.1400,Denifanstat (TVB-2640),FASN
T15802,CN(C)C(=O)n1nnnc1Cc1ccc(-c2ccccc2)cc1,307.36,2.46,63.9,0,4,3,0,0.1400,Firsocostat (GS-0976),ACC
T16500,Cc1[nH]c2ccccc2c1CC(=O)N[C@@H](Cc1ccccc1)C(=O)N(C)c1ccccc1,425.53,4.41,65.2,2,2,7,0,0.1400,VK2809,THR-beta
T12901,C[C@@H](Oc1cncc(-c2cnc(N)nc2)c1)c1c(Cl)ccc(F)c1Cl,379.22,4.71,73.9,1,5,4,0,0.1400,Cilofexor (GS-9674),FXR
T20058,OC(Cc1ccccc1Cl)(Cn1nc[nH]c1=S)C1(Cl)CC1,344.27,3.34,53.8,2,3,5,0,0.1400,Cilofexor (GS-9674),FXR
T11177,CNc1cc2[nH]c(=O)n(-c3ccc(NC(=O)NS(=O)(=O)c4ccc(Cl)s4)cc3)c(=O)c2cc1F,523.96,3.09,142.2,4,7,5,1,0.1400,Resmetirom,THR-beta
T64328,O=C(O)C[C@H](NC(=O)OCC1c2ccccc2-c2ccccc21)C(=O)O,355.35,2.45,112.9,3,4,6,0,0.1400,Firsocostat (GS-0976),ACC
T22037,O=C(Nc1ccc(-c2ccncc2)cc1)N[C@H](CO)c1ccccc1,333.39,3.6,74.2,3,3,5,0,0.1400,Firsocostat (GS-0976),ACC
T18940,CC[n+]1c(C=CC=C2Oc3ccccc3N2CCCCCC(=O)[O-])oc2ccccc21,418.49,3.8,69.6,0,5,9,0,0.1400,Lanifibranor (IVA-337),PPAR-alpha/gamma/delta
T23888,O=C(Nc1nc(-c2ccncc2)cs1)C1COc2ccccc2O1,339.38,2.98,73.3,1,6,3,0,0.1400,Cilofexor (GS-9674),FXR
T14052,O=C(CI)Nc1ccc2c(c1)C(=O)OC21c2ccc(O)cc2Oc2cc(O)ccc21,515.26,4.04,105.1,3,6,2,1,0.1400,Cilofexor (GS-9674),FXR
T77620,FC(F)(F)Oc1cccc(-c2cnc3ccc(-c4ccncc4)nn23)c1,356.31,4.36,52.3,0,4,3,0,0.1400,Cilofexor (GS-9674),FXR
T72020,CN(C)C(=O)n1nnc(Cc2ccc(-c3ccccc3)cc2)n1,307.36,2.46,63.9,0,4,3,0,0.1400,Firsocostat (GS-0976),ACC
T0269,CC(=O)OCC(=O)[C@@]1(O)CCC2C3CCC4=CC(=O)C=CC4(C)[C@@]3(Cl)C(Cl)CC21C,455.38,3.74,80.7,1,5,3,0,0.1398,Obeticholic acid (OCA),FXR
T1896,COc1ccc(S(=O)(=O)Nc2nc(-c3cccc([N+](=O)[O-])c3)cs2)cc1OC,421.46,3.54,120.7,1,8,7,0,0.1398,Lanifibranor (IVA-337),PPAR-alpha/gamma/delta
T2356,O=C1N=C(NCc2cccs2)S/C1=C\c1ccc2ncccc2c1,351.46,4.06,54.4,1,5,3,0,0.1398,Lanifibranor (IVA-337),PPAR-alpha/gamma/delta
T2668,Cc1cc(NC(=O)c2cccc(NC(=O)/C=C/CN(C)C)c2)ccc1Nc1nccc(-c2cccnc2)n1,507.6,4.9,112.1,3,7,9,1,0.1398,BI-1467335,AOC3/VAP-1
T3423,CC(C)c1ccc(NC(=O)c2cccs2)c(-c2nc3ccccc3[nH]c2=O)c1,389.48,5.03,74.8,2,4,4,1,0.1398,Resmetirom,THR-beta
T3537,CC(C)(C)S(=O)(=O)c1ccc2nccc(Nc3n[nH]c4ccc(F)cc34)c2c1,398.46,4.57,87.7,2,5,3,0,0.1398,Lanifibranor (IVA-337),PPAR-alpha/gamma/delta
T3824,COc1cc(-c2cc(=O)c3c(O)c(OC)c(O)cc3o2)ccc1O,330.29,2.59,109.4,3,7,3,0,0.1398,VK2809,THR-beta
T6117,O=C1NC(=O)[C@@H](c2cn3c4c(cccc24)CCC3)[C@@H]1c1c[nH]c2ccccc12,369.42,3.59,66.9,2,2,2,0,0.1398,Denifanstat (TVB-2640),FASN
T4S1469,CC(C)(O)CCC(=O)[C@](C)(O)[C@H]1[C@H](O)C[C@@]2(C)[C@@H]3CC=C4[C@@H](C[C@H](O)[C@@H](O)C4(C)C)[C@]3(C)C(=O)C[C@]12C,520.71,2.94,135.3,5,7,5,1,0.1398,Obeticholic acid (OCA),FXR
T5454,CCCCCc1ccc(C=CC(=O)Nc2ccccc2C(=O)O)cc1,337.42,4.77,66.4,2,2,8,0,0.1398,Aramchol,SCD1
TN1341,CC(C)=CCc1c(O)c(CC=C(C)C)c2oc3c(O)cccc3c(=O)c2c1O,380.44,5.08,90.9,3,5,4,1,0.1398,VK2809,THR-beta
TN1521,COc1ccc2c(c1)OC[C@@H](c1cc(O)c(OC)c(OC)c1O)C2,332.35,2.84,77.4,2,6,4,0,0.1398,VK2809,THR-beta
T14991,Oc1ccc(-c2cc(OC3CCCC3)c3ccccc3n2)cc1O,321.38,4.63,62.6,2,4,3,0,0.1398,VK2809,THR-beta
T16977,CC(=O)N1N=C(c2ccc(N)cc2)c2cc3c(cc2C[C@H]1C)OCO3,337.38,2.54,77.2,1,5,1,0,0.1398,Denifanstat (TVB-2640),FASN
T16947,Cc1[nH]c(C=C2C(=O)Nc3cc(-c4ccccc4)ccc32)c(C)c1CCC(=O)O,386.45,4.81,82.2,3,2,5,0,0.1398,Lanifibranor (IVA-337),PPAR-alpha/gamma/delta
T74794,CS(=O)(=O)c1ccc(C(=O)Nc2ccc(Cl)c(-c3ccc4c(c3)CNC4)c2)c(Cl)c1,461.37,4.92,75.3,2,4,4,0,0.1398,Lanifibranor (IVA-337),PPAR-alpha/gamma/delta
T38013,Cc1c(C)c2c(c(C)c1O)CC[C@@](C)(C(=O)N[C@@H]1CCCNC1)O2,332.44,2.27,70.6,3,4,2,0,0.1398,Denifanstat (TVB-2640),FASN
T10821,COc1cc2oc(-c3ccc(O)c(O)c3)cc(=O)c2c(O)c1OC,330.29,2.59,109.4,3,7,3,0,0.1398,VK2809,THR-beta
T39631,COc1cc(/C=C(\C#N)C(=O)Nc2ccc(Cl)cc2Cl)cc(Br)c1O,442.1,5.02,82.3,2,4,4,1,0.1398,Lanifibranor (IVA-337),PPAR-alpha/gamma/delta
T0127,CCC1=C(C)CN(C(=O)NCCc2ccc(S(=O)(=O)NC(=O)N[C@H]3CC[C@H](C)CC3)cc2)C1=O,490.63,3.07,124.7,3,5,7,0,0.1395,BI-1467335,AOC3/VAP-1
T1596,CC(=O)O[C@]1(C(C)=O)CC[C@H]2[C@@H]3C=C(Cl)C4=CC(=O)CC[C@]4(C)[C@H]3CC[C@@]21C,404.93,4.75,60.4,0,4,2,0,0.1395,Obeticholic acid (OCA),FXR
T2419,Nc1nccc(Oc2ccc(NC(=O)c3c[nH]cc(-c4ccc(F)cc4)c3=O)cc2F)c1Cl,468.85,5.0,110.1,3,5,5,0,0.1395,BI-1467335,AOC3/VAP-1
T6844,COC(=O)[C@H](CC(C)C)NC(=O)c1ccc(NC[C@@H](N)CS)cc1-c1cccc2ccccc12,479.65,4.49,93.5,4,6,10,0,0.1395,BI-1467335,AOC3/VAP-1
T6S0084,CC[C@@H]1[C@H]2CCCCN3[C@H]2[C@H](C[C@H]3[C@@H]2C[C@H](C)C(=O)O2)[C@@H]2[C@H]1OC(=O)[C@H]2C,375.51,3.01,55.8,0,5,2,0,0.1395,Obeticholic acid (OCA),FXR
TJP2872,[H][C@]12C(=C[C@H](OC(=O)CC(C)(C)OC(C)=O)[C@]13CO3)C(COC(C)=O)=CO[C@H]2OC(=O)CC(C)C,480.51,2.35,127.0,0,10,9,0,0.1395,BI-1467335,AOC3/VAP-1
T4953,CC[C@@H]1[C@H]2CCCCN3[C@H]2[C@@H](C[C@H]3[C@@H]2C[C@H](C)C(=O)O2)[C@H]2[C@@H]1OC(=O)[C@H]2C,375.51,3.01,55.8,0,5,2,0,0.1395,Obeticholic acid (OCA),FXR
T5013,Cc1c(-c2ccc(-c3ccccc3F)cc2)nc2ccc(F)cc2c1C(=O)O,375.37,5.85,50.2,1,2,3,1,0.1395,Lanifibranor (IVA-337),PPAR-alpha/gamma/delta
T7854,CC(C)CC(NC(=O)C(Cc1ccccc1)NC(=O)c1cnccn1)B1OC2CC3CC(C3(C)C)C2(C)O1,518.47,3.62,102.4,2,6,9,1,0.1395,Firsocostat (GS-0976),ACC
T8312,O[C@H]1CC[C@H](Nc2nc(-c3ccccc3)nc3[nH]ccc23)CC1,308.38,3.34,73.8,3,4,3,0,0.1395,Denifanstat (TVB-2640),FASN
T8358,CC(Cc1ccc(O)cc1)NCC(O)c1cc(O)cc(O)c1,303.36,2.06,93.0,5,5,6,0,0.1395,VK2809,THR-beta
TN1405,[H][C@@]12[C@H](C)C(=O)O[C@]1([H])C[C@@H](C)[C@]1([H])C=CC(=O)[C@@]1(C)[C@H]2OC(=O)C(=C)C,332.4,2.45,69.7,0,5,2,0,0.1395,Obeticholic acid (OCA),FXR
T10985,Cc1ccc(CNC(=O)Nc2cccc(F)c2)cc1NC(=O)c1cnc2ccccn12,417.44,4.36,87.5,3,3,5,0,0.1395,BI-1467335,AOC3/VAP-1
T72956,CCCS(=O)(=O)Nc1c(F)ccc(C(=O)c2n[nH]c3ncc(-c4ccncc4)cc23)c1F,457.46,3.68,117.7,2,6,7,0,0.1395,BI-1467335,AOC3/VAP-1
TN7572,O=C(CCc1ccc(O)c(O)c1)NCCc1ccc(O)cc1,301.34,2.09,89.8,4,4,6,0,0.1395,VK2809,THR-beta
T36578,CC(=O)NCCCC[C@H](NC(=O)OC(C)(C)C)C(=O)Nc1ccc2c(C)cc(=O)oc2c1,445.52,3.24,126.7,3,6,8,0,0.1395,BI-1467335,AOC3/VAP-1
T39807,CCS(=O)(=O)N[C@H]1CCN(C(=O)C(C)(C)O)[C@H]1Cc1cccc(-c2cccc(F)c2)c1F,466.55,2.85,86.7,2,4,7,0,0.1395,BI-1467335,AOC3/VAP-1
T16927,Cc1ccc(-c2ncn(-c3ccc(Nc4nccc(-c5cccc(N6CCOCC6)c5)n4)cc3)n2)cn1,490.57,4.67,93.9,1,8,6,0,0.1393,Firsocostat (GS-0976),ACC
T14898,Cc1cccn2c(=O)c(C=C(C#N)c3nc4ccccc4s3)c(Oc3ccc(F)cc3)nc12,454.49,5.61,80.3,0,6,4,1,0.1393,Firsocostat (GS-0976),ACC
T12909,CCc1ccccc1NC(=O)CSC(=O)NNC(=O)[C@H](Cc1c[nH]c2ccccc12)NC(=O)OC(C)(C)C,539.66,4.28,141.4,5,6,8,1,0.1393,Firsocostat (GS-0976),ACC
T10773,COc1cc2c(cc1-c1c(C)noc1C)[nH]c1nc(C)nc(Nc3cc(C4CC4)nn3C)c12,443.51,5.05,106.7,2,7,5,1,0.1393,Firsocostat (GS-0976),ACC
T1736,COc1ccc(-n2nc(C(N)=O)c3c2C(=O)N(c2ccc(N4CCCCC4=O)cc2)CC3)cc1,459.51,2.7,110.8,1,5,5,0,0.1392,BI-1467335,AOC3/VAP-1
T1844,O=C(/C=C/n1cnc(-c2cc(C(F)(F)F)cc(C(F)(F)F)c2)n1)NNc1cnccn1,443.31,3.39,97.6,2,6,5,0,0.1392,BI-1467335,AOC3/VAP-1
T6106,O=C(/C=C\n1cnc(-c2cc(C(F)(F)F)cc(C(F)(F)F)c2)n1)NNc1cnccn1,443.31,3.39,97.6,2,6,5,0,0.1392,BI-1467335,AOC3/VAP-1
T5638,O=C(NC(=O)c1c(F)cccc1F)Nc1ccc(OC(F)(F)C(F)OC(F)(F)F)c(Cl)c1,492.71,5.38,76.7,2,4,6,1,0.1392,BI-1467335,AOC3/VAP-1
TN1674,COc1c(O)cc2oc3cc(O)c(CC=C(C)C)c(O)c3c(=O)c2c1CCC(C)(C)O,428.48,4.28,120.4,4,7,6,0,0.1392,BI-1467335,AOC3/VAP-1
T20984,O=S(=O)(O)c1cc(Cl)cc(N=Nc2ccc(O)cc2O)c1O,344.73,3.12,139.8,4,7,3,0,0.1392,Lanifibranor (IVA-337),PPAR-alpha/gamma/delta
T14885,CC1=C(COCCC(C)(C)C)C(=O)N(Nc2ccc(C(F)(F)F)c(Cl)n2)C1=O,419.83,4.22,71.5,1,5,6,0,0.1392,BI-1467335,AOC3/VAP-1
TN2293,[H][C@]12C(=C[C@H](OC(=O)CC(C)C)[C@]1(O)CCl)C(COC(C)=O)=CO[C@H]2OC(=O)CC(C)C,458.94,2.86,108.4,1,8,9,0,0.1392,BI-1467335,AOC3/VAP-1
T4075,Cc1cc2cc(Oc3ccnc(Nc4cccc(CS(=O)(=O)NCCN(C)C)c4)n3)ccc2[nH]1,480.59,3.78,112.2,3,7,10,0,0.1391,Cilofexor (GS-9674),FXR
T7147,[H][C@]12C[C@@H](OC(=O)[C@@H](N)C(C)C)[C@H](CC(C)C)CN1CCc1cc(OC)c(OC)cc12,418.58,3.56,74.0,1,6,7,0,0.1391,Firsocostat (GS-0976),ACC
T7952,COc1ccc2c(c1OC)C(=O)OC2C1c2c(cc3c(c2OC)OCO3)CCN1C,413.43,2.88,75.7,0,8,4,0,0.1391,Firsocostat (GS-0976),ACC
T8222,COc1ccc(CN2C3CC2CN(c2ccc(-c4cc(OCC(C)(C)O)cn5ncc(C#N)c45)cn2)C3)cn1,525.61,3.28,112.0,1,9,8,1,0.1391,Denifanstat (TVB-2640),FASN
T11517,CCCn1cnc2c(NCc3ccc(C)s3)nc(N[C@H](CC)CO)nc21,374.51,3.4,87.9,3,7,9,0,0.1391,Firsocostat (GS-0976),ACC
T12821,CCC/N=C1\S/C(=C\c2ccc(OC(C)=O)c(C)c2)C(=O)N1c1ccccc1C,408.52,5.12,59.0,0,5,5,1,0.1391,Firsocostat (GS-0976),ACC
T31866,CC(=O)O[C@@H](C)/C=C\C(=O)N[C@@H]1C[C@H](C)[C@H](C/C=C(C)/C=C/[C@H]2O[C@](C)(O)C[C@@]3(CO3)[C@@H]2O)O[C@@H]1C,507.62,2.31,126.9,3,8,8,1,0.1391,Aramchol,SCD1
T66256,CCOC(=O)c1nn(-c2ccc(OC)cc2)c2c1CCN(c1ccc(N3CCCCC3=O)cc1)C2=O,488.54,3.78,94.0,0,6,6,0,0.1391,Firsocostat (GS-0976),ACC
T31668,CO[C@@H]1C[C@H](C(=O)Nc2ccc(-n3ccccc3=O)cc2F)N(C(=O)Nc2ccc(Cl)cc2)C1,484.92,3.89,92.7,2,4,5,0,0.1391,Cilofexor (GS-9674),FXR
T2322,CCCCc1nc(C)c(CC(=S)N(C)C)c(=O)n1Cc1ccc(-c2ccccc2-c2nn[nH]n2)cc1,501.66,4.22,92.6,1,6,9,1,0.1389,Denifanstat (TVB-2640),FASN
T2417,O=C(/C=C/c1ccccc1)NC(NC(=S)Nc1ccc(Cl)cc1)C(Cl)(Cl)Cl,463.22,5.15,53.2,3,2,5,1,0.1389,BI-1467335,AOC3/VAP-1
T2659,COc1ccc(COc2ccc(Cc3cnc(N)nc3N)cc2OC)cc1,366.42,2.83,105.5,2,7,7,0,0.1389,BI-1467335,AOC3/VAP-1
T3628,COc1ccc2c(C)nc(Nc3nc(C)c(C)c(=O)[nH]3)nc2c1,311.35,2.39,92.8,2,6,3,0,0.1389,BI-1467335,AOC3/VAP-1
T3777,C/C=C(/C)C(=O)O[C@H]1[C@@H](OC(C)=O)c2c(ccc3ccc(=O)oc23)OC1(C)C,386.4,3.45,92.0,0,7,3,0,0.1389,Firsocostat (GS-0976),ACC
T6140,Cc1nc2ccc(NC(=O)Nc3ccnc4cccnc34)cc2o1,319.32,3.72,92.9,2,5,2,0,0.1389,Firsocostat (GS-0976),ACC
T6406,N[C@@H]1CCCCN(c2c(F)cc3c(=O)c(C(=O)O)cn(C4CC4)c3c2Cl)C1,393.85,3.14,88.6,2,4,3,0,0.1389,Cilofexor (GS-9674),FXR
T6510,CCNC(=O)Nc1ccc(-c2nc3c(c(N4CCOC[C@@H]4C)n2)CCN(C2COC2)C3)cc1,452.56,2.27,91.9,2,7,5,0,0.1389,Denifanstat (TVB-2640),FASN
T3S2344,CC(C)=CC[C@@H](OC(=O)C=C(C)C)C1=CC(=O)c2c(O)ccc(O)c2C1=O,370.4,3.64,100.9,2,6,5,0,0.1389,BI-1467335,AOC3/VAP-1
T4S1419,C/C=C(/C)C(=O)OC1C(OC(C)=O)c2c(ccc3ccc(=O)oc23)OC1(C)C,386.4,3.45,92.0,0,7,3,0,0.1389,Firsocostat (GS-0976),ACC
T5S0669,CC(C)=CCC/C(C)=C/COc1c2ccoc2cc2oc(=O)ccc12,338.4,5.61,52.6,0,4,6,1,0.1389,Firsocostat (GS-0976),ACC
T3672,CC(=O)OC1CC(=O)OC(C)(C)C2CC(=O)C3(C)C(CCC4(C)C(c5ccoc5)OC(=O)C5OC543)C12C,514.57,3.69,121.6,0,9,2,1,0.1389,Denifanstat (TVB-2640),FASN
T5S1408,C/C=C(/C)C(=O)O[C@@H]1c2c(ccc3ccc(=O)oc23)OC(C)(C)[C@@H]1OC(C)=O,386.4,3.45,92.0,0,7,3,0,0.1389,Firsocostat (GS-0976),ACC
T4586,CC(C)=CCC(OC(=O)C=C(C)C)C1=CC(=O)c2c(O)ccc(O)c2C1=O,370.4,3.64,100.9,2,6,5,0,0.1389,BI-1467335,AOC3/VAP-1
T4486,Cc1cc(/C=C2\SC(=O)N(c3ccccc3)C2=O)c(C)n1-c1cccnc1,375.45,4.73,55.2,0,4,3,0,0.1389,Firsocostat (GS-0976),ACC
T5703,CC(C)=CC[C@H](OC(=O)C=C(C)C)C1=CC(=O)c2c(O)ccc(O)c2C1=O,370.4,3.64,100.9,2,6,5,0,0.1389,BI-1467335,AOC3/VAP-1
T18964,CN(C)c1ccc(N=Nc2ccc(S(=O)(=O)Cl)cc2)cc1,323.81,4.1,62.1,0,5,4,0,0.1389,Lanifibranor (IVA-337),PPAR-alpha/gamma/delta
T15633,COc1ccc(-n2c(SCc3nc(-c4ccc(C)cc4)no3)nnc2-c2ccncc2)cc1,456.53,4.99,91.8,0,8,7,0,0.1389,Cilofexor (GS-9674),FXR
T23372,[H]/C(=C1\C(=O)N(c2cccc(Br)c2)C(=S)N=C1O)c1ccco1,377.22,3.71,66.0,1,3,2,0,0.1389,Firsocostat (GS-0976),ACC
TN1137,CC(C)=CC[C@@H](OC(=O)C(C)C)C1=CC(=O)c2c(O)ccc(O)c2C1=O,358.39,3.33,100.9,2,6,5,0,0.1389,BI-1467335,AOC3/VAP-1
T14897,Cc1cccc(Oc2nc3c(C)cccn3c(=O)c2C=C(C#N)c2nc3ccccc3s2)c1,450.52,5.78,80.3,0,6,4,1,0.1389,Denifanstat (TVB-2640),FASN
T6778,CCN(CC)C[C@@H](O)CNc1ccc(NC[C@H]2CO2)c2c1C(=O)c1ccccc1C2=O,423.51,2.39,94.2,3,7,10,0,0.1389,Firsocostat (GS-0976),ACC
T39980,O=C1Nc2c(C(F)(F)F)cccc2[C@@]1(c1ccc(O)cc1)c1ccc(OC(F)(F)F)cc1,453.34,5.6,58.6,2,3,3,1,0.1389,BI-1467335,AOC3/VAP-1
T39979,O=C1Nc2c(C(F)(F)F)cccc2[C@]1(c1ccc(O)cc1)c1ccc(OC(F)(F)F)cc1,453.34,5.6,58.6,2,3,3,1,0.1389,BI-1467335,AOC3/VAP-1
T67704,O=C(Nc1ccc(-c2nc(N3CC4CCC(C3)O4)c3sccc3n2)cc1)NC1CC1,421.53,4.01,79.4,2,6,4,0,0.1389,Cilofexor (GS-9674),FXR
T9773,CCn1c(=S)[nH]c2cc3c(NCc4ccccc4N4CCC(CO)CC4)ncnc3cc21,448.6,4.48,82.0,3,6,6,0,0.1389,Denifanstat (TVB-2640),FASN
T72067,Cc1cc(C)cc(-c2nc(NC(=O)c3cccnc3)sc2-c2ccncc2)c1,386.48,5.14,67.8,1,5,4,1,0.1389,Firsocostat (GS-0976),ACC
T83321,[H][C@]12COC(=O)[C@]1([H])[C@H](c1cc(OC)c(O)c(OC)c1)c1cc3c(cc1C2)OCO3,384.38,2.62,83.5,1,7,3,0,0.1389,Firsocostat (GS-0976),ACC
T79468,CCCCN1C(=O)C(=NNc2nccs2)c2ccccc21,300.39,3.11,57.6,1,5,5,0,0.1389,Firsocostat (GS-0976),ACC
T41236,O=C[C@H](Cc1ccc(O)cc1)NC(=O)[C@H](Cc1ccccc1)NC(=O)OCc1ccccc1,446.5,3.16,104.7,3,5,10,0,0.1389,BI-1467335,AOC3/VAP-1
T203413L,CN(Cc1ccc(/C=C/C(=O)NO)cc1)CC12CC3CC(CC(C3)C1)C2,354.49,3.85,52.6,2,3,6,0,0.1389,BI-1467335,AOC3/VAP-1
T1704,COc1ccc(-c2cc(=O)c3c(O)cc(O)cc3o2)cc1O,300.27,2.59,100.1,3,6,2,0,0.1386,Firsocostat (GS-0976),ACC
T4134,Cc1cc(O)c(-c2ccc([C@@H](C)CN)cc2)c2c1[nH]c(=O)c1sccc12,364.47,4.49,79.1,3,4,3,0,0.1386,VK2809,THR-beta
T5343,O=S(=O)(NCCN1CCNCC1)c1ccc(NC2CCCCC2)c(NCc2ccccc2)c1,471.67,3.23,85.5,4,6,10,0,0.1386,Denifanstat (TVB-2640),FASN
T15592,CC(C)n1c([C@H](C)Nc2ncnc(N)c2C#N)cc2cccc(-c3ccc(=O)n(C)c3)c2c1=O,455.52,3.37,131.6,2,7,5,0,0.1386,Resmetirom,THR-beta
T4134L,Cc1cc(O)c(-c2ccc(C(C)CN)cc2)c2c1[nH]c(=O)c1sccc12,364.47,4.49,79.1,3,4,3,0,0.1386,VK2809,THR-beta
TN1244,COc1ccc(-c2cc(=O)c3c(OC)c(OC)c(OC)c(OC)c3o2)cc1O,388.37,3.21,96.6,1,8,6,0,0.1386,Firsocostat (GS-0976),ACC
T27527,Fc1cccc(Cl)c1C1CC(c2ccc(Cl)cc2)N=C2N=NNN21,364.21,4.86,52.3,1,5,2,0,0.1386,Cilofexor (GS-9674),FXR
TQ0119,COc1cc2oc(-c3ccc(O)cc3)cc(=O)c2c(O)c1OC,314.29,2.89,89.1,2,6,3,0,0.1386,Firsocostat (GS-0976),ACC
T40823,COc1ccc2[nH]c(=O)c(-c3noc(-c4ccc(F)cc4)n3)cc2c1,337.31,3.39,81.0,1,5,3,0,0.1386,Cilofexor (GS-9674),FXR
T10221,CNCc1cn(S(=O)(=O)c2cccc(F)c2)c(-c2ccc(F)cc2F)c1OC,410.42,3.54,60.3,1,4,6,0,0.1386,VK2809,THR-beta
T63727,CC(C)CS(=O)(=O)N[C@H]1CC[C@H](Nc2nc(N)c(C(=O)c3c(F)cc(CN(C)C)cc3F)s2)CC1,529.68,3.59,117.4,3,8,10,1,0.1386,Lanifibranor (IVA-337),PPAR-alpha/gamma/delta
T63838,[H][C@@]12CC[C@@]([H])(C1)[C@@H](NC(=O)c1cc(O[C@H]3CC[C@@](C)(C(=O)O)CC3)c(F)cc1OC)[C@H]2C(=O)NCC1(C)CCC1,544.66,4.7,114.0,3,5,9,1,0.1386,Obeticholic acid (OCA),FXR
T10163,COc1ccc(-c2cc(=O)c3c(O)cc(O)cc3o2)cc1OC,314.29,2.89,89.1,2,6,3,0,0.1386,Firsocostat (GS-0976),ACC
T62695,CN1CCC([C@@](C)(O)c2ccc3cnc(Nc4cc(C(F)(F)F)ncc4F)cc3n2)CC1,449.45,4.48,74.2,2,6,4,0,0.1386,Denifanstat (TVB-2640),FASN
T201369,c1cc(Nc2ccc(O[C@H]3CCCNC3)cc2)c2cc[nH]c2n1,308.39,3.44,62.0,3,4,4,0,0.1386,Cilofexor (GS-9674),FXR
T205869,CCc1ccc(NS(=O)(=O)c2cc3[nH]c4c(c3cc2C)C(=O)CCC4)cc1,382.49,4.36,79.0,2,3,4,0,0.1386,VK2809,THR-beta
T67569,O=C(N[C@@H](Cc1ccccc1)C(=O)O)OCC1c2ccccc2-c2ccccc21,387.44,4.22,75.6,2,3,6,0,0.1386,Firsocostat (GS-0976),ACC
T6715,C=C[C@]1(C)C[C@@H](OC(=O)CSC(C)(C)CNC(=O)[C@H](N)C(C)C)[C@]2(C)[C@H](C)CC[C@]3(CCC(=O)[C@H]32)[C@@H](C)[C@@H]1O,564.83,4.5,118.7,3,7,9,1,0.1385,Firsocostat (GS-0976),ACC
T8858,O=C(Nc1ccc(F)cc1)Nc1ccc(Cl)c([N+](=O)[O-])c1,309.68,4.03,84.3,2,3,3,0,0.1385,BI-1467335,AOC3/VAP-1
T21623,Cc1cc(NCCO)nc(-c2ccc(Br)cc2)n1,308.18,2.62,58.0,2,4,4,0,0.1385,BI-1467335,AOC3/VAP-1
T35719,N[C@H](CO)Cc1cc(I)c(Oc2ccc(O)cc2)c(I)c1,511.1,3.26,75.7,3,4,5,1,0.1385,BI-1467335,AOC3/VAP-1
T64367,C=C(NC(=O)OCC1c2ccccc2-c2ccccc21)C(=O)O,309.32,3.12,75.6,2,3,4,0,0.1385,BI-1467335,AOC3/VAP-1
T13360,OCCNCc1ccc(OCc2ccc(F)cc2)c(OCc2ccc(F)cc2)c1,399.44,4.2,50.7,2,4,10,0,0.1385,BI-1467335,AOC3/VAP-1
TN9180,COc1cc(C=CC(=O)c2c(O)cc(O)cc2O)ccc1O,302.28,2.41,107.2,4,6,4,0,0.1385,BI-1467335,AOC3/VAP-1
T1107,O=C(O)c1cn(-c2ccc(F)cc2)c2cc(N3CCNCC3)c(F)cc2c1=O,385.37,2.38,74.6,2,4,3,0,0.1383,Denifanstat (TVB-2640),FASN
T1168,CC1(C)O[C@@H]2C[C@H]3[C@@H]4CCC5=CC(=O)C=C[C@]5(C)[C@H]4[C@@H](O)C[C@]3(C)[C@]2(C(=O)CO)O1,416.51,2.33,93.1,2,6,2,0,0.1383,Obeticholic acid (OCA),FXR
T1671,Nc1nc(CC(=O)Nc2ccc(CCNC[C@H](O)c3ccccc3)cc2)cs1,396.52,2.77,100.3,4,6,9,0,0.1383,Lanifibranor (IVA-337),PPAR-alpha/gamma/delta
T1816,Clc1ccc(N/N=C(/c2ccccc2)c2ccccn2)nc1,308.77,3.99,50.2,1,4,4,0,0.1383,Cilofexor (GS-9674),FXR
T1868,Clc1ccc(N/N=C(\c2ccccc2)c2ccccn2)nc1,308.77,3.99,50.2,1,4,4,0,0.1383,Cilofexor (GS-9674),FXR
T3458,CS(=O)(=O)c1ccc(-c2cnc(NCc3ccco3)n3cnnc23)cc1,369.41,2.4,102.4,1,7,5,0,0.1383,Lanifibranor (IVA-337),PPAR-alpha/gamma/delta
T4343,Clc1cc2c(NC3CCCC3)nnc(-c3ccncc3)c2cc1Cl,359.26,5.35,50.7,1,4,3,1,0.1383,Cilofexor (GS-9674),FXR
T4428,Cc1nn(C)cc1-c1nc2c(N3CCN(Cc4ccc(Cl)cc4)CC3)c(Cl)cnc2[nH]1,456.38,4.3,65.9,1,5,4,0,0.1383,Resmetirom,THR-beta
T6935,CCC[C@H](N[C@H]1CCc2cc(F)cc(F)c2C1)C(=O)Nc1cn(C(C)(C)CNCC(C)(C)C)cn1,489.66,4.79,71.0,3,4,10,0,0.1383,BI-1467335,AOC3/VAP-1
T3S0693,CC(=O)OC[C@@]12CC[C@@H](C)[C@](C)(CCC3=CC(=O)OC3)[C@H]1C[C@H](O)C=C2CO,392.49,2.54,93.1,2,6,6,0,0.1383,Obeticholic acid (OCA),FXR
T6S2356,CN1Cc2c(ccc3c2OCO3)[C@@]2(C)[C@@H](O)Cc3cc4c(cc3[C@@H]12)OCO4,367.4,2.51,60.4,1,6,0,0,0.1383,Denifanstat (TVB-2640),FASN
T4641,CC1(C)CC(Oc2ccc(-c3ccc(-c4cn[nH]c4)cc3O)nn2)CC(C)(C)N1,393.49,3.93,95.9,3,6,4,0,0.1383,Denifanstat (TVB-2640),FASN
T5182,N#C/C(=C\c1cccn1S(=O)(=O)c1cccc([N+](=O)[O-])c1)S(=O)(=O)c1ccc(F)cc1,461.45,3.11,140.1,0,7,6,0,0.1383,Lanifibranor (IVA-337),PPAR-alpha/gamma/delta
T7315,NC(=O)c1ccc2nc(-c3ccc(C4(N)CCC4)cc3)c(-c3ccccc3)n2n1,383.46,3.5,99.3,2,4,4,0,0.1383,Denifanstat (TVB-2640),FASN
TN2354,COc1ccc2c(c1OC)O[C@H]1c3ccc(O)cc3OC[C@@H]21,300.31,3.02,57.2,1,5,2,0,0.1383,VK2809,THR-beta
TN1860,CC(C)=CCc1cc(-c2cc(=O)c3cc(CC=C(C)C)c(O)cc3o2)ccc1O,390.48,5.89,70.7,2,4,5,1,0.1383,VK2809,THR-beta
T13865,O=C1OC2(c3ccc(O)cc3Oc3cc(O)ccc32)c2cccc3cccc1c23,382.37,4.82,76.0,2,5,0,0,0.1383,Cilofexor (GS-9674),FXR
T4472,NC(=O)c1cc(F)cc2c1C(=O)N(C1CCN(C3CCC(F)(F)CC3)CC1)C2,395.43,2.92,66.6,1,3,3,0,0.1383,Denifanstat (TVB-2640),FASN
T9103,OCCN1CCN(c2nc(-c3ccccc3)nc3ccccc23)CC1,334.42,2.41,52.5,1,5,4,0,0.1383,Cilofexor (GS-9674),FXR
TN1557,C/C=C(/C)C(=O)O[C@H]1Cc2cc3ccc(=O)oc3cc2OC1(C)C,328.36,3.38,65.7,0,5,2,0,0.1383,Denifanstat (TVB-2640),FASN
T22450,C[C@H](NC(=O)/C(C#N)=C/c1ccc(O)c(O)c1)c1ccccc1,308.34,2.88,93.3,3,4,4,0,0.1383,VK2809,THR-beta
T11076,Clc1cccc(Cl)c1CSc1nnc(-c2ccc[nH]2)o1,326.21,4.66,54.7,1,4,4,0,0.1383,Cilofexor (GS-9674),FXR
T12981,COc1cc(/C=C/C2=CC(=O)[C@H]3C[C@@H]2C3(C)C)cc(O)c1O,300.35,3.29,66.8,2,4,3,0,0.1383,VK2809,THR-beta
T15012,COc1cc([C@H]2C(C#N)=C(N)Oc3c2ccc(N)c3N)cc(Br)c1OC,417.26,2.85,129.5,3,7,3,0,0.1383,Denifanstat (TVB-2640),FASN
T11469,CCc1c(C#N)c(S[C@@H](C(N)=O)c2ccccc2)nc(N(C)C)c1C#N,365.46,2.77,106.8,1,6,6,0,0.1383,Denifanstat (TVB-2640),FASN
T61518,CC1=CN2CCS(=O)(=O)N=C2C(c2ccc(OC3CCCCC3)cc2)=N1,373.48,3.11,71.3,0,5,3,0,0.1383,Denifanstat (TVB-2640),FASN
T10792L,COc1cc(Br)cc(OCCCN)c1-c1cc(Nc2cnc(C#N)cn2)n[nH]1,444.29,2.98,134.8,3,8,8,0,0.1383,Resmetirom,THR-beta
T23540,CC(C)N1CCN(c2ccc(C(=O)c3c(-c4ccc(O)cc4)sc4cc(O)ccc34)cc2)CC1,472.61,5.74,64.0,2,6,5,1,0.1383,Denifanstat (TVB-2640),FASN
T27795,NC(=O)NC[C@@H]1CCCc2cc(S(=O)(=O)c3cccc(F)c3)ccc21,362.43,2.75,89.3,2,3,4,0,0.1383,Denifanstat (TVB-2640),FASN
T32737,CN1Cc2cc(-c3ccc(N)nn3)ccc2[C@H](c2ccc3ccccc3c2)C1,366.47,4.46,55.0,1,4,2,0,0.1383,Denifanstat (TVB-2640),FASN
TN1861,CC(C)=CCc1c(O)cc(O)c2c(=O)cc(-c3ccc(O)cc3)oc12,338.36,4.09,90.9,3,5,3,0,0.1383,VK2809,THR-beta
T207812,C=C(F)C(=O)N1CC(n2c(=O)n(-c3ccc(C(F)(F)F)cc3)c3nccnc32)C1,407.33,2.47,73.0,0,4,3,0,0.1383,Denifanstat (TVB-2640),FASN
T27795L,NC(=O)NC[C@H]1CCCc2cc(S(=O)(=O)c3cccc(F)c3)ccc21,362.43,2.75,89.3,2,3,4,0,0.1383,Denifanstat (TVB-2640),FASN
T14495,[H][C@@]12COCCN1C(=O)c1c(O)c(=O)ccn1N2[C@@H]1c2ccccc2SCc2c1ccc(F)c2F,483.5,2.98,75.0,1,6,1,0,0.1382,Firsocostat (GS-0976),ACC
T14212,C[C@H]1COCCN1C[C@H]1CN(S(=O)(=O)c2cccs2)CCN1c1ccc([C@@](C)(O)C(F)(F)F)cc1,533.64,3.12,73.3,1,7,6,1,0.1382,Firsocostat (GS-0976),ACC
T62820,[H][C@]12O[C@@H](OCc3cn(Cc4ccccc4)nn3)[C@H](C)[C@]3([H])CC[C@@H](C)[C@]4([H])CC[C@@](C)(OO[C@]143)O2,455.56,4.05,76.9,0,7,5,0,0.1382,Firsocostat (GS-0976),ACC
T1748,O=C(O)c1ccccc1C(=O)Nc1ccc(-c2ccccc2)cc1,317.34,4.3,66.4,2,2,4,0,0.1379,BI-1467335,AOC3/VAP-1
T6204,Nc1ccc2ncnc(NCCc3ccc(Oc4ccccc4)cc3)c2c1,356.43,4.66,73.1,2,5,6,0,0.1379,Lanifibranor (IVA-337),PPAR-alpha/gamma/delta
T6918,C=CC(=O)Nc1cccc(Oc2nc(Nc3ccc(N4CCN(C)CC4)cc3)nc3ccsc23)c1,486.6,5.1,82.6,2,8,7,1,0.1379,Cilofexor (GS-9674),FXR
T5174,C=C1C[C@H]2[C@@H]3CCC4=CC(=O)CC[C@@H]4[C@H]3CC[C@]2(C)[C@@]1(OC(C)=O)C(C)=O,370.49,4.19,60.4,0,4,2,0,0.1379,Obeticholic acid (OCA),FXR
T5403,O=C(N[C@@H](C1CC1)C(F)(F)F)c1cc(-c2cnn3cc(-c4ccc(F)cc4)cnc23)cs1,460.46,5.33,59.3,1,4,5,1,0.1379,BI-1467335,AOC3/VAP-1
T7819,C=CC(=O)N1CCCC(n2nc(C(=O)Nc3ccc(CC(=O)N(C)C)c(C)c3C)c3c(N)ncnc32)C1,504.6,2.26,139.3,2,7,6,1,0.1379,Denifanstat (TVB-2640),FASN
T12850,Cc1cc(F)ccc1-c1nc(NC(CO)CO)nc2c1ccc(=O)n2-c1c(F)cccc1F,456.42,2.94,100.3,3,6,6,0,0.1379,Firsocostat (GS-0976),ACC
T16280,CCCc1c2oc(C(=O)O)cc(=O)c2cc2c(=O)cc(C(=O)O)n(CC)c12,371.35,2.48,126.8,2,5,5,0,0.1379,Lanifibranor (IVA-337),PPAR-alpha/gamma/delta
T11888,O=C(COC(=O)Cc1coc2ccc3ccccc3c12)Nc1nnc(-c2ccccc2)o1,427.42,4.36,107.5,1,7,6,0,0.1379,Firsocostat (GS-0976),ACC
T39115,COc1ncc(S(=O)(=O)Nc2cncc(Cl)c2O)cc1Br,394.63,2.41,101.4,2,6,4,0,0.1379,Lanifibranor (IVA-337),PPAR-alpha/gamma/delta
T17009,O=[N+]([O-])c1c(Nc2cc(F)cc(Cl)c2)ccc2nonc12,308.66,3.67,94.1,1,6,3,0,0.1379,Lanifibranor (IVA-337),PPAR-alpha/gamma/delta
TN1116,COc1cc2c(cc1O)C(=O)[C@@H](C)[C@@H](C)[C@@H]2c1ccc(OC)c(OC)c1,356.42,4.02,65.0,1,5,4,0,0.1379,Denifanstat (TVB-2640),FASN
T18987,O=C(CCc1ccc2n1[B-](F)(F)[N+]1=C(c3ccc[nH]3)C=CC1=C2)ON1C(=O)CCC1=O,426.19,2.0,87.4,1,4,5,0,0.1379,BI-1467335,AOC3/VAP-1
T28182,O=C(CSc1nc2ccccc2[nH]1)c1ccc(O)c(O)c1,300.34,2.95,86.2,3,5,4,0,0.1379,Denifanstat (TVB-2640),FASN
T35863,Cc1ncc(-c2cc(F)c(O)c(F)c2)cc1-c1cc(F)c(O)c(F)c1,349.28,4.69,53.4,2,3,2,0,0.1379,BI-1467335,AOC3/VAP-1
T26840,CN(C)CCCNc1nn2c(=O)c3ccccc3nc2c2ccccc12,347.42,2.76,62.5,1,5,5,0,0.1379,Lanifibranor (IVA-337),PPAR-alpha/gamma/delta
T0484,COc1ccc(-c2cc(C(F)F)nn2-c2ccc(S(N)(=O)=O)cc2)cc1F,397.38,3.27,87.2,1,4,5,0,0.1376,Firsocostat (GS-0976),ACC
T2653,CN1C/C=C/CCOc2cccc(c2)-c2ccnc(n2)Nc2cccc(c2)C1,372.47,4.66,50.3,1,5,0,0,0.1376,Cilofexor (GS-9674),FXR
T7015,CC(C)(O)CNc1ncc(-c2ccnc(Nc3ccnc(Cl)c3)n2)c(CC2CC2)n1,425.92,3.86,108.7,3,8,8,0,0.1376,Cilofexor (GS-9674),FXR
T5771,COc1c(O)c2c(=O)cc(OC)c3c4c(OC)cc(=O)c5c(O)c(OC)c6c(c(c1C[C@](C)(O)[C@@H]6C(C)=O)c23)c54,546.53,3.32,148.8,3,10,5,1,0.1376,Firsocostat (GS-0976),ACC
T50079,CCOc1ccc(-c2nc(CSc3nc(N)cc(N)n3)cs2)cc1OC,389.51,3.46,109.2,2,9,7,0,0.1376,Firsocostat (GS-0976),ACC
T21503,CN1CC=CCCOc2cccc(c2)-c2ccnc(n2)Nc2cccc(c2)C1,372.47,4.66,50.3,1,5,0,0,0.1376,Cilofexor (GS-9674),FXR
T23380,NS(=O)(=O)c1ccc(N2CCN(CC[C@@H]3OCCc4ccccc43)CC2)cc1,401.53,2.16,75.9,1,5,5,0,0.1376,Firsocostat (GS-0976),ACC
T36680,C=CC(=O)Nc1ccccc1Nc1nc(Nc2ccc(N3CCN(C)CC3)cc2)ncc1Cl,463.97,4.49,85.4,3,7,7,0,0.1376,Cilofexor (GS-9674),FXR
T66645,O=C(N[C@@H](Cc1cnc[nH]1)C(=O)O)OCC1c2ccccc2-c2ccccc21,377.4,2.94,104.3,3,4,6,0,0.1376,Firsocostat (GS-0976),ACC
T8731,O=C1Cc2cc(Nc3nc(NCc4cccnc4)ncc3Cl)ccc2N1,366.81,3.38,91.8,3,6,5,0,0.1376,Cilofexor (GS-9674),FXR
TN1771,COc1cc(O)c2c(=O)c(O)c(-c3ccc(O)cc3)oc2c1CC=C(C)C,368.39,4.09,100.1,3,6,4,0,0.1376,Firsocostat (GS-0976),ACC
T78484,COc1cc2c(c(O)c1C(=O)/C=C/c1ccc(O)cc1)C=CC(C)(C)O2,352.39,4.19,76.0,2,5,4,0,0.1376,Firsocostat (GS-0976),ACC
T6328,C#Cc1cccc(Nc2ncnc3cc(OCCOC)c(OCCO)cc23)c1,379.42,2.75,85.7,2,7,9,0,0.1375,BI-1467335,AOC3/VAP-1
TN3396,CC(=O)Oc1ccc(-c2coc3cc4c(c(O)c3c2=O)C=CC(C)(C)O4)cc1,378.38,4.28,86.0,1,6,2,0,0.1375,BI-1467335,AOC3/VAP-1
T78211,Cc1c([C@@H](NC(=O)Nc2cnc(N)nc2)C(F)(F)F)oc2c(F)cc(F)cc12,401.3,3.82,106.1,3,5,3,0,0.1375,BI-1467335,AOC3/VAP-1
T78211L,Cc1c([C@H](NC(=O)Nc2cnc(N)nc2)C(F)(F)F)oc2c(F)cc(F)cc12,401.3,3.82,106.1,3,5,3,0,0.1375,BI-1467335,AOC3/VAP-1
T2235,Cn1c(=O)n(-c2ccc(C(C)(C)C#N)cc2)c2c3cc(-c4cnc5ccccc5c4)ccc3ncc21,469.55,5.89,76.5,0,4,3,1,0.1373,Denifanstat (TVB-2640),FASN
T2836,COc1cc(-c2oc3cc(O)cc(O)c3c(=O)c2O)ccc1O,316.27,2.29,120.4,4,7,2,0,0.1373,Firsocostat (GS-0976),ACC
T3144,COc1cccc(-c2cc(NCc3ccc4c(c3)OCO4)nc(N)n2)c1,350.38,3.08,91.5,2,7,5,0,0.1373,VK2809,THR-beta
T3403,CC1(C)C=Cc2c(ccc3c2OC[C@@H](c2ccc(O)cc2O)C3)O1,324.38,4.0,58.9,2,4,1,0,0.1373,Cilofexor (GS-9674),FXR
T3593,COc1cc2ncnc(Nc3ccc(Oc4ccccc4)cc3)c2cc1OC,373.41,5.18,65.5,1,6,6,1,0.1373,Firsocostat (GS-0976),ACC
T3862,COc1cc(-c2coc3cc(O)c(OC)c(O)c3c2=O)cc(O)c1OC,360.32,2.6,118.6,3,8,4,0,0.1373,Firsocostat (GS-0976),ACC
T6846,CCCCOc1nc(N)c2c(n1)N(Cc1cccc(CN3CCCC3)c1)CC(=O)N2,410.52,2.79,96.6,2,7,8,0,0.1373,Denifanstat (TVB-2640),FASN
TCS1704,COc1ccc(-c2oc3cc(OC)c(OC)c(O)c3c(=O)c2OC)cc1OC,388.37,3.21,96.6,1,8,6,0,0.1373,Firsocostat (GS-0976),ACC
T5714,COc1ccc(-c2cc(=O)c3c(O)c(OC)c(OC)c(OC)c3o2)cc1OC,388.37,3.21,96.6,1,8,6,0,0.1373,Firsocostat (GS-0976),ACC
TN1039,COc1ccc(-c2oc3cc(O)cc(O)c3c(=O)c2O)cc1O,316.27,2.29,120.4,4,7,2,0,0.1373,Firsocostat (GS-0976),ACC
TN6930,COc1ccc(-c2cc(=O)c3c(O)c(OC)c(OC)cc3o2)cc1OC,358.35,3.2,87.4,1,7,5,0,0.1373,Firsocostat (GS-0976),ACC
T10213,CC(C)(C)c1nc(N2CCN(CCCSc3nccc(=O)[nH]3)CC2)cc(C(F)(F)F)n1,456.54,3.18,78.0,1,7,6,0,0.1373,Denifanstat (TVB-2640),FASN
T39762,CC(C)c1cnn2c(N[C@@H]3CCc4[nH]c5ccccc5c4C3)nc(-c3cncc(F)c3)nc12,441.51,4.9,83.8,2,5,4,0,0.1373,Resmetirom,THR-beta
T33602,CCCCCC1(C)CC(Nc2ccc([N+](=O)[O-])c3nonc23)CC(C)(C)N1[O],390.46,4.47,117.2,1,7,7,0,0.1373,Aramchol,SCD1
T79835,CNCCN(C)c1cc(F)ccc1Nc1cc(F)c(S(=O)(=O)Nc2cscn2)cc1Cl,487.99,4.27,86.4,3,7,9,0,0.1373,Lanifibranor (IVA-337),PPAR-alpha/gamma/delta
T15622,C[C@@H]1c2nnn(-c3ncc(F)cn3)c2CCN1C(=O)c1cccc(C(F)(F)F)c1Cl,440.79,3.63,76.8,0,5,2,0,0.1373,Denifanstat (TVB-2640),FASN
T69730,O=C(Nc1ccc(N2CCCC2=O)cc1)c1cnc(-c2ccccn2)nc1,359.39,2.92,88.1,1,5,4,0,0.1373,Cilofexor (GS-9674),FXR
T73493,CC(C)C(=O)Nc1nc2cc(-c3ccc4c(c3)c(C(=O)NC(C)c3ccccc3)cn4C)ccn2n1,480.57,4.97,93.3,2,4,6,0,0.1373,Lanifibranor (IVA-337),PPAR-alpha/gamma/delta
T10533,Cn1cnc(Cn2ccc3ccc(CNCc4[nH]c5ccccc5c4[C@H]4NC(=O)c5ccc(O)cc54)cc32)c1,516.61,4.73,99.9,4,4,7,1,0.1371,VK2809,THR-beta
T72084,Cn1cnc(Cn2ccc3ccc(CNCc4[nH]c5ccccc5c4[C@@H]4NC(=O)c5ccc(O)cc54)cc32)c1,516.61,4.73,99.9,4,4,7,1,0.1371,VK2809,THR-beta
T11484,Cn1cc(-c2cnc(N)c3c(-c4ccc5c(c4)CCN5C(=O)Cc4ccccc4)csc23)cn1,465.58,5.08,77.0,1,5,4,1,0.1371,Firsocostat (GS-0976),ACC
T2166,Nc1cccc(-c2cc3c(Oc4cccc(O)c4)ncnc3[nH]2)c1,318.34,3.71,97.1,3,5,3,0,0.1370,BI-1467335,AOC3/VAP-1
T2S2150,CC(C)(O)CCc1c(O)cc(O)c2c(=O)c(O)c(-c3ccc(O)cc3)oc12,372.37,2.99,131.4,5,7,4,0,0.1370,BI-1467335,AOC3/VAP-1
T3S0136,COc1cc(O)c(C(=O)/C=C/c2ccc(O)cc2)cc1CC=C(C)C,338.4,4.51,66.8,2,4,6,0,0.1370,BI-1467335,AOC3/VAP-1
T16328,CC(=O)Oc1ccccc1C(=O)Oc1cccc(CO[N+](=O)[O-])c1,331.28,2.54,105.0,0,7,6,0,0.1370,BI-1467335,AOC3/VAP-1
T73182,C=CC(=O)Nc1ccccc1Nc1ncnc2[nH]cc(Cl)c12,313.75,3.48,82.7,3,4,4,0,0.1370,BI-1467335,AOC3/VAP-1
T13312L,CC(C)[C@](O)(c1ccc2cc(OC(F)F)c(OC(F)F)cc2c1)c1cnn[nH]1,399.34,4.05,80.3,2,5,7,0,0.1370,BI-1467335,AOC3/VAP-1
T13312,CC(C)C(O)(c1ccc2cc(OC(F)F)c(OC(F)F)cc2c1)c1cnn[nH]1,399.34,4.05,80.3,2,5,7,0,0.1370,BI-1467335,AOC3/VAP-1
T66291,Nc1ccc(C[C@H](NC(=O)OCC2c3ccccc3-c3ccccc32)C(=O)O)cc1,402.45,3.8,101.7,3,4,6,0,0.1370,BI-1467335,AOC3/VAP-1
T70584,O=C(O)C1CCN(C(=S)SSC(=S)N2CCC(C(=O)O)CC2)CC1,408.59,2.53,81.1,2,6,2,0,0.1370,Denifanstat (TVB-2640),FASN
T0216,CN1CCC[C@@H]1Cc1c[nH]c2ccc(CCS(=O)(=O)c3ccccc3)cc12,382.53,3.82,53.2,1,3,6,0,0.1368,Lanifibranor (IVA-337),PPAR-alpha/gamma/delta
T0367,CC1(C)O[C@@H]2C[C@H]3[C@@H]4C[C@H](F)C5=CC(=O)C=C[C@]5(C)[C@@]4(F)[C@@H](O)C[C@]3(C)[C@]2(C(=O)CO)O1,452.49,2.37,93.1,2,6,2,0,0.1368,Obeticholic acid (OCA),FXR
T0820,CC1(C)O[C@@H]2C[C@H]3[C@@H]4CCC5=CC(=O)C=C[C@]5(C)[C@@]4(F)[C@@H](O)C[C@]3(C)[C@]2(C(=O)CO)O1,434.5,2.42,93.1,2,6,2,0,0.1368,Obeticholic acid (OCA),FXR
T0947,CC(=O)OCC(=O)[C@@]1(O)[C@H](C)C[C@H]2[C@@H]3CCC4=CC(=O)C=C[C@]4(C)[C@@]3(F)[C@@H](O)C[C@@]21C,434.5,2.47,100.9,2,6,3,0,0.1368,Obeticholic acid (OCA),FXR
T1487,CC(C)n1c(/C=C/[C@@H](O)C[C@@H](O)CC(=O)[O-])c(-c2ccc(F)cc2)c2ccccc21,410.47,3.29,85.5,2,4,8,0,0.1368,Lanifibranor (IVA-337),PPAR-alpha/gamma/delta
T2067,CC(C)(O)c1ccc2c(c1)ncn2-c1cccc(-c2ccccc2C#N)c1,353.43,4.79,61.8,1,3,3,0,0.1368,Denifanstat (TVB-2640),FASN
T2236,CC1(C)C(=O)N(c2ccc(C#N)c(C(F)(F)F)c2)C(=O)N1CCCCO,369.34,2.9,84.6,1,4,5,0,0.1368,Denifanstat (TVB-2640),FASN
T2682,C[C@H](Nc1ncnc2nc[nH]c12)c1nc2ccc(F)cc2c(=O)n1-c1ccccc1,401.41,3.36,101.4,2,6,4,0,0.1368,Firsocostat (GS-0976),ACC
T2726,COC1=C[C@@H]2[C@@H]3Cc4ccc(OC)c(O)c4[C@]2(CCN3C)CC1=O,329.4,2.02,59.0,1,5,2,0,0.1368,Denifanstat (TVB-2640),FASN
T2921,[H][C@]12C=C(OC)C(=O)C[C@]13CCN(C)[C@@]2([H])Cc1ccc(OC)c(O)c13,329.4,2.02,59.0,1,5,2,0,0.1368,Denifanstat (TVB-2640),FASN
T3489,COc1c(-c2ccc3cc(NS(C)(=O)=O)ccc3c2)cc(-n2ccc(=O)[nH]c2=O)cc1C(C)(C)C,493.59,4.02,110.3,2,5,5,0,0.1368,Resmetirom,THR-beta
T3654,c1cc(Nc2cc(C3CC3)[nH]n2)nc(Nc2ccc3nc[nH]c3c2)n1,332.37,3.44,107.2,4,6,5,0,0.1368,Denifanstat (TVB-2640),FASN
T6255,CCOC(=O)Nc1cc(-c2ccc(C)c(NS(C)(=O)=O)c2)nn2c(C)nnc12,404.45,2.35,127.6,2,7,5,0,0.1368,Lanifibranor (IVA-337),PPAR-alpha/gamma/delta
T6278,CN1CCN(c2nc(C3=C(c4c[nH]c5ccccc45)C(=O)NC3=O)c3ccccc3n2)CC1,438.49,2.43,94.2,2,6,3,0,0.1368,Denifanstat (TVB-2640),FASN
T6773,C[C@@H](Nc1cc(F)cc(F)c1)c1cc(C(=O)N(C)C)cc2c(=O)cc(N3CCOCC3)oc12,457.48,3.78,75.0,1,6,5,0,0.1368,Firsocostat (GS-0976),ACC
T6997,CN(C)S(=O)(=O)c1ccc2c(c1)/C(=C/c1cc3c([nH]1)CCCC3)C(=O)N2,371.46,2.64,82.3,2,3,3,0,0.1368,Denifanstat (TVB-2640),FASN
T3S1416,CC(C)=CC(=O)O[C@H]1Cc2cc3ccc(=O)oc3cc2OC1(C)C,328.36,3.38,65.7,0,5,2,0,0.1368,Denifanstat (TVB-2640),FASN
T7591,Cc1oc2nc3c(c(NC(=O)CN4CCCC4=O)c2c1C)CCCC3,341.41,2.88,75.4,1,4,3,0,0.1368,Denifanstat (TVB-2640),FASN
T5625,CC1CCCC(=O)CCC/C=C/c2cc(O)cc(O)c2C(=O)O1,318.37,3.58,83.8,2,5,0,0,0.1368,VK2809,THR-beta
T10477,C[C@H](c1ccnc(Nc2nc3ccc(-c4cc(N(C)C)ncn4)cc3[nH]2)c1)N1CCN(C(=O)CC(F)(F)F)CC1,553.59,4.38,106.2,2,8,7,1,0.1368,Denifanstat (TVB-2640),FASN
T8730,N#Cc1cnc2ccc(-c3c(-c4ccc(F)c(Cl)c4)ncn3CCO)nn12,382.79,2.92,92.0,1,5,4,0,0.1368,Resmetirom,THR-beta
T13171,O=C(NC(=O)c1c(F)cccc1Cl)NC1c2ccccc2-c2ccccc21,380.81,4.69,58.2,2,2,2,0,0.1368,Cilofexor (GS-9674),FXR
TN1032,[H][C@@]12C[C@H](/C(=C/OC)C(=O)OC)/C(=C\C)CN1CCc1c2[nH]c2ccccc12,366.46,3.74,54.6,1,4,3,0,0.1368,Firsocostat (GS-0976),ACC
T34760,OCCOCCn1ccc2ncnc(Nc3ccc(Oc4cccc(C(F)(F)F)c4)c(Cl)c3)c21,492.89,5.65,81.4,2,6,9,1,0.1368,Cilofexor (GS-9674),FXR
T22260,CC(C)[C@H](CO)Nc1nc(Nc2cc(N)cc(Cl)c2)c2ncn(C(C)C)c2n1,403.92,3.82,113.9,4,7,7,0,0.1368,Lanifibranor (IVA-337),PPAR-alpha/gamma/delta
T13542,C[C@H]1CCC[C@H](O)CCC/C=C/c2cc(O)cc(O)c2C(=O)O1,320.39,3.37,87.0,3,5,0,0,0.1368,VK2809,THR-beta
T9810,COc1cccc(Cn2c(=O)oc3cc(-c4cnc5[nH]ccc5c4)ccc32)c1,371.4,4.19,73.1,1,4,4,0,0.1368,Firsocostat (GS-0976),ACC
T24642,O=C(Cc1ccc(O)cc1)N1CCc2c([nH]c3ccccc23)C1,306.36,3.0,56.3,2,2,2,0,0.1368,VK2809,THR-beta
TN1047,[H][C@@]12C[C@@H](C)[C@]34C=C(C)[C@H](OC(=O)/C(C)=C\C)[C@@]3(O)[C@H](O)C(CO)=C[C@@H](C4=O)[C@]1([H])C2(C)C,430.54,2.33,104.1,3,6,3,0,0.1368,Obeticholic acid (OCA),FXR
T11030,C/C(O)=C(\C#N)C(=O)Nc1ccc(-c2ccccc2Cl)cc1,312.76,4.3,73.1,2,3,3,0,0.1368,Cilofexor (GS-9674),FXR
T67737,Cc1ccc(CNC(=O)c2ccccc2NC(=O)CN2CCc3ccccc3C2)cc1,413.52,3.92,61.4,2,3,6,0,0.1368,Denifanstat (TVB-2640),FASN
T61147,N#Cc1ccccc1Oc1ncnc(N2CCCc3ccccc32)c1F,346.37,4.36,62.0,0,5,3,0,0.1368,Denifanstat (TVB-2640),FASN
T77716,COc1cc(C2C(C#N)=C(N)Oc3cc4c(cc32)OCO4)cc(Br)c1OC,431.24,3.41,96.0,1,7,3,0,0.1368,Denifanstat (TVB-2640),FASN
TN1204,CC(C)=CCc1c(O)cc(O)c2c(=O)c(-c3ccc(O)cc3O)coc12,354.36,3.79,111.1,4,6,3,0,0.1368,VK2809,THR-beta
T64781,[H][C@]12CS[C@@H](CCCCC(=O)Nc3ccc(O)cc3)[C@@]1([H])NC(=O)N2,335.43,2.06,90.5,4,4,6,0,0.1368,Aramchol,SCD1
T79784,Cc1ccc2c(c1)C(=O)N(c1ccc(NC(=O)c3occc3C)c(F)c1)C2=O,378.36,4.09,79.6,1,4,3,0,0.1368,Denifanstat (TVB-2640),FASN
T21984,Cc1cc(-c2ccc(C=C3SC(Nc4ccc(Cl)c(C(=O)O)c4)=NC3=O)o2)c([N+](=O)[O-])cc1C,497.92,5.91,135.0,2,7,5,1,0.1368,Cilofexor (GS-9674),FXR
T11707,Cc1cnc(Nc2ccc(N3CCC(N(C)CCO)CC3)c(F)c2)nc1-c1cnn(C(C)C)c1,467.59,4.01,82.3,2,7,8,0,0.1368,VK2809,THR-beta
T40392,O=[N+]([O-])c1ccc(-c2csc(Nc3c(Cl)cccc3Cl)n2)cc1,366.23,5.77,68.1,1,5,4,1,0.1368,Cilofexor (GS-9674),FXR
T0459,CC1=C(CC(=O)O)c2cc(F)ccc2/C1=C\c1ccc([S+](C)[O-])cc1,356.42,4.37,60.4,1,2,4,0,0.1364,Lanifibranor (IVA-337),PPAR-alpha/gamma/delta
T1839,CCOc1cc(N2CCC(O)CC2)ccc1Nc1ncc2c(n1)N(C1CCCC1)CCC(=O)N2C,480.61,3.7,94.1,2,8,6,0,0.1364,Denifanstat (TVB-2640),FASN
T3214,CS(=O)(=O)Nc1cc([N+](=O)[O-])ccc1OC1CCCCC1,314.36,2.68,98.5,1,5,5,0,0.1364,Denifanstat (TVB-2640),FASN
T6980,O=C(CCCCCN1C(=O)c2cccc3cccc(c23)C1=O)NO,326.35,2.5,86.7,2,4,6,0,0.1364,Aramchol,SCD1
T4552,CC(=C(CCO)SSCC1CCCO1)N(C=O)Cc1cnc(C)nc1N,398.55,2.5,101.6,2,8,10,0,0.1364,VK2809,THR-beta
T5160,O=S(=O)(Nc1ccc(C(O)(C(F)(F)F)C(F)(F)F)cc1)c1cccs1,405.34,3.86,66.4,2,4,4,0,0.1364,BI-1467335,AOC3/VAP-1
T5484,O=c1[nH]c(Oc2cnn(Cc3ccccc3)c2)nc2cnccc12,319.32,2.36,85.7,1,5,4,0,0.1364,Resmetirom,THR-beta
T8395,[H][C@@]12C=C(C)C3=CC(=O)CC[C@]3([H])[C@@]1([H])CC[C@@]1(C)[C@@]2([H])CC[C@]1(OC(C)=O)C(C)=O,370.49,4.19,60.4,0,4,2,0,0.1364,Obeticholic acid (OCA),FXR
T10765,O=C1CCC(N2Cc3cc(CNC(=O)C(F)(F)c4ccc(Cl)cc4)ccc3C2=O)C(=O)N1,461.85,2.51,95.6,2,4,5,0,0.1364,VK2809,THR-beta
T15268,COc1cc2ncnc(Nc3ccc(F)c(Cl)c3)c2cc1O,319.72,3.88,67.3,2,5,3,0,0.1364,Lanifibranor (IVA-337),PPAR-alpha/gamma/delta
T20792,NCCCCCCNS(=O)(=O)c1cccc2c(Cl)cccc12,340.88,3.29,72.2,2,3,8,0,0.1364,BI-1467335,AOC3/VAP-1
T8867,CC1=C(c2cnc(NC(=O)c3c(F)cccc3F)cn2)CN(c2ncc(C)s2)CC1,427.48,4.46,71.0,1,6,4,0,0.1364,Cilofexor (GS-9674),FXR
T8212,COc1cc(-c2coc3cc4c(c(O)c3c2=O)OCO4)cc(O)c1OC,358.3,2.62,107.6,2,8,3,0,0.1364,Firsocostat (GS-0976),ACC
T25465,O=C(O)c1ccc(N2N=C(Cc3ccccc3)C(=Cc3ccc(-c4ccccc4F)o3)C2=O)cc1,466.47,5.81,83.1,1,4,6,1,0.1364,Cilofexor (GS-9674),FXR
T16552,C=C[C@]1(C)C[C@@H](OC(=O)CO)[C@]2(C)[C@H](C)CC[C@]3(CCC(=O)[C@H]32)[C@@H](C)[C@@H]1O,378.51,2.89,83.8,2,5,3,0,0.1364,Obeticholic acid (OCA),FXR
T19005,Cc1ccc(-c2nc3cc(-c4nc5cc(N6CCN(C)CC6)ccc5[nH]4)ccc3[nH]2)cc1,422.54,4.83,63.8,2,4,3,0,0.1364,Denifanstat (TVB-2640),FASN
T41319,CC1(C)CCC(=Cc2ccc(Cl)cc2)C1(O)Cn1cncn1,317.82,3.57,50.9,1,3,3,0,0.1364,Lanifibranor (IVA-337),PPAR-alpha/gamma/delta
T41244,CC1(C)CC/C(=C/c2ccc(Cl)cc2)C1(O)Cn1cncn1,317.82,3.57,50.9,1,3,3,0,0.1364,Lanifibranor (IVA-337),PPAR-alpha/gamma/delta
TQ0139,Cc1csc(NC(=O)CSc2ccc(-c3ccccc3)nn2)n1,342.45,3.64,67.8,1,6,5,0,0.1364,Lanifibranor (IVA-337),PPAR-alpha/gamma/delta
T12379,Cc1c(NC(=O)c2cc(CNCCO)cn3cnnc23)cccc1-c1ccc2c(c1)OCCO2,459.51,2.81,110.0,3,7,7,0,0.1364,Denifanstat (TVB-2640),FASN
T13303,CC1=C\[C@@H](O)CC(=O)Cc2nc(co2)C(=O)N2CCC=C2C(=O)O[C@H](C(C)C)[C@H](C)/C=C/C(=O)NC/C=C\1,525.6,2.66,139.0,2,8,1,1,0.1364,Firsocostat (GS-0976),ACC
T38732,Cn1cc(-c2ccc3c(c2)CCN3C(=O)Cc2cc(F)cc(C(F)(F)F)c2)c2c(N)ncnc21,469.44,4.51,77.0,1,4,3,0,0.1364,Denifanstat (TVB-2640),FASN
T77699,O=C(NC1(C23CC(C(=O)O)(C2)C3)CC1)c1cccc2ccn(Cc3cc4ccccc4o3)c12,440.5,4.95,84.5,2,3,6,0,0.1364,Cilofexor (GS-9674),FXR
T68091L,CCN(CC)CCn1nc2c3c(c(NCCN)ccc31)Sc1cc(O)ccc1-2,397.55,3.59,79.3,3,6,8,0,0.1364,Cilofexor (GS-9674),FXR
T87545,CC(C)n1cnc(-c2ccc(F)cc2)c1-c1ncc(C(=O)Nc2ccc(N3CCN(C)CC3)cc2)[nH]1,487.58,4.66,82.1,2,5,6,0,0.1364,BI-1467335,AOC3/VAP-1
T24744,COc1cc(O)c(C(=O)/C=C/c2cc(OC)c(OC)cc2OC)c(OC)c1,374.39,3.33,83.5,1,7,8,0,0.1364,BI-1467335,AOC3/VAP-1
T61457,CC(=O)Nc1ccc(-c2csc(Nc3ccc(C(=O)O)c(O)c3)n2)cc1,369.4,3.92,111.6,4,6,5,0,0.1364,Lanifibranor (IVA-337),PPAR-alpha/gamma/delta
T205247,O=C1CCCC2(CCN(c3cc(OCC(F)(F)F)ncn3)CC2)N1c1ccc(F)c(F)c1,456.42,4.25,58.6,0,5,4,0,0.1364,Cilofexor (GS-9674),FXR
TN1719,[H][C@]12CC=C3[C@]4([H])CC(C)(C)[C@@H](O)C[C@]4(CO)[C@@H](O)C[C@@]3(C)[C@]1(C)CC[C@]1([H])[C@]2(C)CC[C@H](O)[C@@]1(C)CO,490.73,4.06,101.2,5,5,2,0,0.1364,Obeticholic acid (OCA),FXR
T18878,CN(C)c1ccc2c(-c3c(Cl)cc(C(=O)O)c(Cl)c3C(=O)[O-])c3ccc(N(C)C)cc3[o+]c2c1,499.35,5.03,95.2,1,5,5,1,0.1364,Lanifibranor (IVA-337),PPAR-alpha/gamma/delta
T39957,CC(C)n1c(C(C)(C)O)nc2c(F)cc(-c3nc(N[C@@H]4CCOC[C@H]4O)ncc3Cl)cc21,463.94,3.66,105.3,3,7,5,0,0.1360,Firsocostat (GS-0976),ACC
T3362,COc1ccc(-c2cc(=O)c3c(O)c(OC)c(O)cc3o2)cc1OC,344.32,2.9,98.4,2,7,4,0,0.1359,Firsocostat (GS-0976),ACC
T3580,O=C(NCCN1CCC(n2c(=O)[nH]c3ccccc32)CC1)c1cc2cc(F)ccc2[nH]1,421.48,3.02,85.9,3,3,5,0,0.1359,Denifanstat (TVB-2640),FASN
T4011,O[C@H]1CC[C@@H](Oc2cccc3cnc(Nc4ccc5nc[nH]c5c4)nc23)CC1,375.43,3.93,95.9,3,6,4,0,0.1359,VK2809,THR-beta
T4135,Cc1cc(O)c(-c2ccc([C@@H](C)CN(C)C)cc2)c2c1[nH]c(=O)c1sccc12,392.52,5.09,56.3,2,4,4,1,0.1359,VK2809,THR-beta
T4286,CC(C)[C@H](NC(=O)OCC1c2ccccc2-c2ccccc21)C(=O)N[C@@H](C)C(=O)Nc1ccc(CO)cc1,515.61,4.19,116.8,4,5,9,1,0.1359,VK2809,THR-beta
T6081,CNC(=O)c1nn(C)c2c1C(C)(C)Cc1cnc(Nc3ccc(N4CCN(C)CC4)cc3)nc1-2,460.59,2.57,91.2,2,7,4,0,0.1359,Denifanstat (TVB-2640),FASN
T6947,COc1cc(/C=C/C(=O)N2CCC=CC2=O)cc(OC)c1OC,317.34,2.04,65.1,0,5,5,0,0.1359,Firsocostat (GS-0976),ACC
T4S1335,COc1cc2cc(Oc3ccc4ccc(=O)oc4c3)c(=O)oc2cc1O,352.3,3.41,99.1,1,7,3,0,0.1359,Firsocostat (GS-0976),ACC
T6S1373,COc1ccc(-c2oc3cc(OC)c(OC)c(O)c3c(=O)c2OC)cc1O,374.35,2.91,107.6,2,8,5,0,0.1359,Firsocostat (GS-0976),ACC
TJS1159,COc1cc(-c2oc3cc(OC)c(OC)c(O)c3c(=O)c2OC)ccc1O,374.35,2.91,107.6,2,8,5,0,0.1359,Firsocostat (GS-0976),ACC
T7032,COc1ccc(-c2cc(=O)c3c(O)c(OC)c(OC)cc3o2)cc1O,344.32,2.9,98.4,2,7,4,0,0.1359,Firsocostat (GS-0976),ACC
TQ0044,[O-][n+]1cccc(-c2nc3c(Cl)cccc3cc2[C@@H](Nc2ncnc3cccnc23)C(F)(F)F)c1,482.85,5.24,90.5,1,6,4,1,0.1359,Lanifibranor (IVA-337),PPAR-alpha/gamma/delta
T15451,[H][C@@]12C[C@@H](C)[C@](OC(=O)C3C(C)(C)C3(C)C)(C(=O)OCC#N)[C@@]1(C)C[C@H](O)[C@@]1(F)[C@@]2([H])C[C@H](F)C2=CC(=O)C=C[C@@]21C,559.65,4.58,113.7,1,7,4,1,0.1359,Obeticholic acid (OCA),FXR
T8930,COc1cccc(C2=NN(c3ccc(S(N)(=O)=O)cc3)C(c3ccc(Br)cc3)C2)c1,486.39,4.46,85.0,1,5,5,0,0.1359,VK2809,THR-beta
TN1586,COc1cc2c(cc1OC)[C@@H]1C(=O)c3ccc4c(c3O[C@@H]1CO2)C[C@H](C(C)C)O4,396.44,3.78,63.2,0,6,3,0,0.1359,VK2809,THR-beta
T16761,O=c1[nH]c(N2CCC3(CC2)CN(CCO)c2cc(F)cc(F)c23)nc2c1CCCC2,416.47,2.28,72.5,2,5,3,0,0.1359,Denifanstat (TVB-2640),FASN
TN2010,COc1cc(O)c2c(=O)c(O)c(-c3ccc(OC)c(O)c3)oc2c1,330.29,2.59,109.4,3,7,3,0,0.1359,Firsocostat (GS-0976),ACC
TN7053,COc1cc(O)c2c(=O)c(O)c(-c3ccc(OC)c(OC)c3)oc2c1,344.32,2.9,98.4,2,7,4,0,0.1359,Firsocostat (GS-0976),ACC
TN1493,COc1cc2oc(-c3ccc(O)c(O)c3)c(OC)c(=O)c2c(O)c1OC,360.32,2.6,118.6,3,8,4,0,0.1359,Firsocostat (GS-0976),ACC
T21548,Cc1ccc(-c2c(-c3nn(C)c4ncnc(N5CC[C@H](N6CCCCC6)C5)c34)cnn2C)cc1,456.6,3.8,67.9,0,6,4,0,0.1359,Denifanstat (TVB-2640),FASN
T67741,O=C1OCC2=C1C(c1cccc(F)c1)c1cc3c(cc1N2CCO)OCO3,369.35,2.31,68.2,1,6,3,0,0.1359,VK2809,THR-beta
T77614,CN(C(=S)NN=C(c1ccccn1)c1ccccn1)C1CCCCC1,353.5,3.37,53.4,1,4,4,0,0.1359,Firsocostat (GS-0976),ACC
T14569,NCc1cccc(CNc2ncnc3c(N4CCN(Cc5ccccc5)CC4)ncnc23)c1,440.56,2.81,96.1,2,8,7,0,0.1359,Cilofexor (GS-9674),FXR
T88336,C=CC(=O)N(C)[C@H]1C[C@@](C)(Oc2nc(-c3cnn(C)c3)cn3nccc23)C1,366.43,2.07,77.6,0,5,5,0,0.1359,Denifanstat (TVB-2640),FASN
TN7781,CC(C)=CCCC(C)=CCc1c(O)ccc(-c2cc(=O)c3c(O)cc(O)cc3o2)c1O,422.48,5.52,111.1,4,6,6,1,0.1359,VK2809,THR-beta
T0809,O=c1oc2ccccc2c(O)c1Cc1c(O)c2ccccc2oc1=O,336.3,2.9,100.9,2,6,2,0,0.1358,VK2809,THR-beta
T6266,CC(C)(C)n1nc(-c2ccc(Cl)cc2)c2c(N)ncnc21,301.78,3.48,69.6,1,4,1,0,0.1358,Lanifibranor (IVA-337),PPAR-alpha/gamma/delta
T4523,CC(C)(O)[C@H]1CC[C@H](Nc2ccc3ncc(-c4cccc(C(F)(F)F)c4)n3n2)CC1,418.46,5.16,62.5,2,4,4,1,0.1358,BI-1467335,AOC3/VAP-1
T14369,CC(=O)N1Cc2cc(S(C)(=O)=O)ccc2[C@@H]1C(=O)Nc1ccc(C(O)(C(F)(F)F)C(F)(F)F)cc1,524.44,3.44,103.8,2,5,4,1,0.1358,BI-1467335,AOC3/VAP-1
T23351,O=S(=O)(NN=Cc1cc(Br)ccc1O)c1ccccc1,355.21,2.47,78.8,2,4,4,0,0.1358,Lanifibranor (IVA-337),PPAR-alpha/gamma/delta
T9994,O=S(=O)(Nc1ccc2ccccc2c1)c1ccc2c(c1)OCCO2,341.39,3.41,64.6,1,4,3,0,0.1358,Lanifibranor (IVA-337),PPAR-alpha/gamma/delta
T12218,O=C(Nc1ccc(-n2nc(C(F)(F)F)cc2OC(F)F)cc1)c1ccncc1F,416.28,4.28,69.0,1,4,5,0,0.1358,BI-1467335,AOC3/VAP-1
T22813,CSc1nc(NC2CCCC2)c([N+](=O)[O-])c(NC2CCCC2)n1,337.45,3.82,93.0,2,7,6,0,0.1358,Denifanstat (TVB-2640),FASN
TMA1122,COc1cc(C=CC(=O)NCCc2c[nH]c3ccc(O)cc23)ccc1O,352.39,2.96,94.6,4,4,6,0,0.1358,BI-1467335,AOC3/VAP-1
T24553,Cc1cc(NC(=O)NC(=O)c2ccccc2N(C)C)ccc1Oc1ncc(Br)cn1,470.33,4.37,96.5,2,6,5,0,0.1358,BI-1467335,AOC3/VAP-1
TN1081,[H][C@]12C[C@H](/C(=C\OC)C(=O)OC)[C@@H](C=C)CN1CCc1c2[nH]c2ccccc12,366.46,3.59,54.6,1,4,4,0,0.1356,Firsocostat (GS-0976),ACC
T60226,COc1cc2ncnc(N3CCN(C(=S)NCc4ccc5c(c4)OCO5)CC3)c2cc1OC,467.55,2.57,81.2,1,8,5,0,0.1356,Firsocostat (GS-0976),ACC
T37097,CCCN(C)c1cc(C(F)(F)F)nc(SCCC(=O)NCc2ccco2)n1,402.44,3.73,71.3,1,6,9,0,0.1356,Firsocostat (GS-0976),ACC
TN8697,C=CCc1cc(OC)c(O)c(-c2cc(CC=C)cc(OC)c2O)c1,326.39,4.24,58.9,2,4,7,0,0.1356,BI-1467335,AOC3/VAP-1
T0242,N[C@@H](CC(=O)N1CCn2c(nnc2C(F)(F)F)C1)Cc1cc(F)c(F)cc1F,407.32,2.02,77.0,1,4,4,0,0.1354,Denifanstat (TVB-2640),FASN
T1466,CC1CCc2c(N3CCC(O)CC3)c(F)cc3c(=O)c(C(=O)O)cn1c23,360.38,2.31,82.8,2,4,2,0,0.1354,Denifanstat (TVB-2640),FASN
T2116,CCN1CCN(Cc2ccc(-c3cc4c(N[C@H](C)c5ccccc5)ncnc4[nH]3)cc2)CC1,440.6,4.94,60.1,2,5,7,0,0.1354,Lanifibranor (IVA-337),PPAR-alpha/gamma/delta
T2673,Clc1cccc(-c2nnnn2Cc2cccnc2)c1Cl,306.16,3.09,56.5,0,4,3,0,0.1354,Cilofexor (GS-9674),FXR
T7214,Cn1c2cc([S+](C)[O-])sc2c2cnn(Cc3cccc(N)c3)c(=O)c21,372.48,2.32,88.9,1,5,3,0,0.1354,Lanifibranor (IVA-337),PPAR-alpha/gamma/delta
T7897,O=C(Nc1ccc2c(c1)OC(F)(F)O2)Nc1ccc(Cl)c(C(F)(F)F)c1,394.68,5.32,59.6,2,3,2,1,0.1354,Cilofexor (GS-9674),FXR
T8254,COc1cc2c(c(OC)c1OC)C(=O)c1c(cc(C)c(O)c1OC)C2=O,358.35,2.51,91.3,1,7,4,0,0.1354,Firsocostat (GS-0976),ACC
TQ0248,[H][C@@]12[C@@H](O)CC3=C4[C@H](C)C[C@@]([H])([C@@H](O)C(C)(C)O)O[C@@]4([H])C[C@]3(C)[C@@]1(C)CC[C@@]1([H])C(C)(C)C(=O)CC[C@]21C,488.71,4.81,87.0,3,5,2,0,0.1354,Obeticholic acid (OCA),FXR
T16745,N[C@H](Cc1c[nH]c2ccccc12)C(=O)N/N=C/c1ccc2nccnc2c1,358.41,2.13,109.0,3,5,5,0,0.1354,Lanifibranor (IVA-337),PPAR-alpha/gamma/delta
T10687,COc1cc(Nc2ncc3ccn(-c4cccc(CCC#N)c4)c3n2)cc(OC)c1OC,429.48,4.65,94.2,1,7,8,0,0.1354,Resmetirom,THR-beta
T11410L,CN1C(=O)N(c2ccc(C#N)c(C(F)(F)F)c2)C(=O)[C@@]1(CO)c1ccccc1,389.33,2.86,84.6,1,4,3,0,0.1354,Denifanstat (TVB-2640),FASN
T12597,Cn1ccc2c1C(O)CCN(CCCN1CCN(c3ccc(F)cc3)CC1)C2=O,400.5,2.26,52.0,1,4,5,0,0.1354,Denifanstat (TVB-2640),FASN
T61194,CCc1c(C)c(C#N)c2nc3ccccc3n2c1NCCN(CC)CC,349.48,3.98,56.4,1,4,7,0,0.1354,Denifanstat (TVB-2640),FASN
T62512,Cc1ccccc1C1C(=O)N(C)c2cnc(Nc3ccc(S(N)(=O)=O)cc3)nc2N1C,438.51,2.33,121.5,2,7,4,0,0.1354,Lanifibranor (IVA-337),PPAR-alpha/gamma/delta
T67943,Cc1ccc(S(=O)(=O)N(CC(=O)NCc2ccncc2)c2cccc(C(F)(F)F)c2)cc1,463.48,3.92,79.4,1,4,7,0,0.1354,Lanifibranor (IVA-337),PPAR-alpha/gamma/delta
T61360,c1ccc(CNc2nc(Nc3cc(C4CC4)[nH]n3)c3sccc3n2)cc1,362.46,4.65,78.5,3,6,6,0,0.1354,Denifanstat (TVB-2640),FASN
T40848,CCN(CC)CCCC(C)Nc1nc(C)cc(Nc2ccc3nc(C)cc(N)c3c2)n1,421.59,4.89,92.0,3,7,10,0,0.1354,Lanifibranor (IVA-337),PPAR-alpha/gamma/delta
T79865L,CC1(C)CC(n2nnc3cc(-c4ccc(-n5nccn5)cc4O)nnc32)CC(C)(C)N1,419.49,2.66,119.5,2,8,3,0,0.1354,Denifanstat (TVB-2640),FASN
T78149,CC(=O)c1cccc(Nc2nc(-c3cc4ccccc4oc3=O)cs2)c1,362.41,4.86,72.2,1,6,4,0,0.1354,Denifanstat (TVB-2640),FASN
T124587,[H][C@]12/C=C(\C)CC/C=C(/C(=O)O)CC/C=C(/C)CC[C@]1([H])C(=C)C(=O)O2,330.42,4.34,63.6,1,3,1,0,0.1354,VK2809,THR-beta
T16016,COc1cc2cc(c1Cl)N(C)C(=O)C[C@H](O)[C@]1(C)O[C@H]1[C@H](C)[C@@H]1C[C@@](O)(NC(=O)O1)[C@H](OC)/C=C\C=C(\C)C2,565.06,3.12,130.1,3,8,2,1,0.1353,Firsocostat (GS-0976),ACC
T2075,c1cc(-c2cnn3cc(-c4ccc(OCCN5CCOCC5)cc4)cnc23)ccn1,401.47,3.17,64.8,0,6,6,0,0.1351,Firsocostat (GS-0976),ACC
T2345,COc1cc(Br)c(Nc2nc(-c3c(C)nc4ncccn34)cs2)c(Br)c1,495.2,5.44,64.3,1,6,4,1,0.1351,Firsocostat (GS-0976),ACC
T2353,CC1(C)C(C(=O)Nc2ccc(S(=O)(=O)c3ccc(NC(=O)C4C(C)(C)C4(C)C)cc3)cc2)C1(C)C,496.67,5.76,92.3,2,4,6,1,0.1351,Lanifibranor (IVA-337),PPAR-alpha/gamma/delta
T2703,O=S(=O)(Nc1ccccc1)c1ccc(NC(=S)Nc2ccccc2)cc1,383.5,4.3,70.2,3,3,5,0,0.1351,Lanifibranor (IVA-337),PPAR-alpha/gamma/delta
T6729,CC(C)(C)C#Cc1cc(N(C(=O)[C@H]2CC[C@H](C)CC2)[C@H]2CC[C@@H](O)CC2)c(C(=O)O)s1,445.63,5.31,77.8,2,4,4,1,0.1351,Firsocostat (GS-0976),ACC
T6801,Cn1c(=O)cc(C(=O)Nc2ccc3c(c2)OCCO3)c2ccccc21,336.35,2.56,69.6,1,4,2,0,0.1351,BI-1467335,AOC3/VAP-1
T7817,NS(=O)(=O)Nc1ncnc(OCCOc2ncc(Br)cn2)c1-c1ccc(Br)cc1,546.2,2.53,142.2,2,8,8,1,0.1351,BI-1467335,AOC3/VAP-1
T15020,CCCCCCOC(=O)c1cc(O)c(=O)c2c(O)c(O)c(OC)cc2c1,362.38,3.06,113.3,3,7,7,0,0.1351,BI-1467335,AOC3/VAP-1
T29137,Cn1cc(-c2ccc(CN3Cc4ncccc4C3=O)c(F)c2)cn1,322.34,2.78,51.0,0,3,3,0,0.1351,Firsocostat (GS-0976),ACC
T60051,CC(C)c1ccc(/C=N\N=C2\NC(=O)C(CC(=O)O)S2)cc1,319.39,2.21,91.1,2,5,5,0,0.1351,BI-1467335,AOC3/VAP-1
T15303,O=C(CF)CNC(=O)[C@H](Cc1ccccc1)NC(=O)c1cccc2ccccc12,392.43,2.84,75.3,2,3,8,0,0.1351,BI-1467335,AOC3/VAP-1
T64323,C=CCOC(=O)[C@H](CC(=O)O)NC(=O)OCC1c2ccccc2-c2ccccc21,395.41,3.1,101.9,2,5,8,0,0.1351,BI-1467335,AOC3/VAP-1
T15067,O=C(CCC(=O)N1Cc2ccccc2C#Cc2ccccc21)ON1C(=O)CCC1=O,402.41,2.32,84.0,0,5,4,0,0.1351,BI-1467335,AOC3/VAP-1
T77341,O=C(Nc1cnccc1-c1ccc(F)cc1)c1ccnc(Nc2ccc(F)cc2)n1,403.39,4.81,79.8,2,5,5,0,0.1351,BI-1467335,AOC3/VAP-1
TN2846,COc1cc(-c2cc(=O)c3c(OC)c(OC)c(OC)cc3o2)cc(OC)c1OC,402.4,3.51,85.6,0,8,7,0,0.1351,Resmetirom,THR-beta
T79123,Nc1nccc(Sc2cnc(N3CCC4(CC3)Cc3ccccc3[C@H]4N)nn2)c1Cl,439.98,3.5,106.8,2,8,3,0,0.1351,Cilofexor (GS-9674),FXR
T2077,C=CCn1c(=O)c2cnc(Nc3ccc(N4CCN(C)CC4)cc3)nc2n1-c1cccc(C(C)(C)O)n1,500.61,2.89,104.3,2,8,7,1,0.1349,Firsocostat (GS-0976),ACC
T0996,C#C[C@]1(OC(C)=O)CC[C@H]2[C@@H]3CCC4=C[C@@H](OC(C)=O)CC[C@@H]4[C@H]3CC[C@@]21C,384.52,4.43,52.6,0,4,2,0,0.1348,Obeticholic acid (OCA),FXR
T2060,Cc1ccc(S(=O)(=O)Nc2cc(-c3ccc(C#N)s3)ccc2C)cc1,368.48,4.7,70.0,1,4,4,0,0.1348,Denifanstat (TVB-2640),FASN
T2468,N#Cc1c(O)c2c(-c3ccc(-c4ccccc4O)cc3)csc2[nH]c1=O,360.39,4.21,97.1,3,5,2,0,0.1348,Denifanstat (TVB-2640),FASN
T2506,Cc1ncc(-c2ccnc(Nc3ccc(S(C)(=O)=O)cc3)n2)n1C(C)C,371.47,3.38,89.8,1,6,5,0,0.1348,Lanifibranor (IVA-337),PPAR-alpha/gamma/delta
T2670,Cc1ccc(CNc2ncnc3ccc(-c4ccc(CO)o4)cc23)o1,335.36,3.9,84.3,2,6,5,0,0.1348,Lanifibranor (IVA-337),PPAR-alpha/gamma/delta
T4057,CN1CCN(c2ccc3[nH]c(-c4ccc5[nH]c(-c6ccc(O)cc6)nc5c4)nc3c2)CC1,424.51,4.23,84.1,3,5,3,0,0.1348,Denifanstat (TVB-2640),FASN
T6580,C[C@H]1C[C@H]2[C@@H]3CCC4=CC(=O)C=C[C@]4(C)[C@H]3C(=O)C[C@]2(C)[C@@]1(O)C(=O)CO,372.46,2.01,91.7,2,5,2,0,0.1348,Obeticholic acid (OCA),FXR
T6932,C=CC(=O)Nc1ccc2ncnc(Nc3cccc(Br)c3)c2c1,369.22,4.26,66.9,2,4,4,0,0.1348,Lanifibranor (IVA-337),PPAR-alpha/gamma/delta
T5S1895,COc1cc2c(cc1O)C[C@@H]1NCCc3cc(OC)c(O)c-2c31,313.35,2.52,71.0,3,5,2,0,0.1348,Denifanstat (TVB-2640),FASN
T4627,COC(=O)c1cccc(N/N=C2\C(=O)Nc3ccc(S(=O)(=O)NCc4ccc(F)cc4)cc32)c1,482.49,2.86,126.0,3,7,7,0,0.1348,BI-1467335,AOC3/VAP-1
T5561,CCCCc1nc2c(N)nc3ccccc3c2n1Cc1ccc(CN)cc1,359.48,4.02,82.8,2,4,6,0,0.1348,Lanifibranor (IVA-337),PPAR-alpha/gamma/delta
T12695,C[C@@H](COCCC(=O)N1CCN(c2ncc(C(F)(F)F)cn2)CC1)Nc1cn[nH]c(=O)c1C(F)(F)F,523.44,2.15,116.3,2,8,8,1,0.1348,BI-1467335,AOC3/VAP-1
TN1855,[H][C@]12Cc3cc(O)c(OC)cc3-c3c(OC)c(O)cc(c31)CCN2,313.35,2.52,71.0,3,5,2,0,0.1348,Denifanstat (TVB-2640),FASN
T16699,O=C1NN(c2ccc(F)c(Cl)c2)C(=O)C1=Cc1ccc([N+](=O)[O-])o1,351.68,2.44,105.7,1,5,3,0,0.1348,Resmetirom,THR-beta
T20802,CC1CC2C3CC(F)C4=CC(=O)C=CC4(C)C3(F)C(O)CC2(C)C1(O)C(=O)COC(=O)C(C)(C)C,494.58,3.44,100.9,2,6,3,0,0.1348,BI-1467335,AOC3/VAP-1
T21820,Cc1cc(O)c2c3c4c(cc(O)c13)C(C)(C)C(=O)c1c(O)cc(O)c(c1-4)C2=O,376.36,3.66,115.1,4,6,0,0,0.1348,VK2809,THR-beta
T22502,N#C/C(=C\c1ccc(O)c(O)c1)C(=O)OCCc1cccs1,315.35,2.85,90.6,2,6,5,0,0.1348,Lanifibranor (IVA-337),PPAR-alpha/gamma/delta
T68053,N#C[C@@H]1C[C@H](F)CN1C(=O)[C@@H](N)C(c1ccc(F)cc1)c1ccc(F)cc1,373.38,2.89,70.1,1,3,4,0,0.1348,Denifanstat (TVB-2640),FASN
T14091,Oc1cccc(C(O)CNCc2ccc(-c3ccccc3)cc2)c1,319.4,3.88,52.5,3,3,6,0,0.1348,VK2809,THR-beta
T35896,Cc1ccc(Oc2ccnc(Nc3ccc(S(N)(=O)=O)cc3)c2)c(C)n1,370.43,3.28,107.2,2,6,5,0,0.1348,Lanifibranor (IVA-337),PPAR-alpha/gamma/delta
T9661,CCN(CC)c1nc2c(C(=O)O)c(O)c(I)c(-n3cccc3)c2s1,457.29,3.94,78.6,2,5,5,0,0.1348,Lanifibranor (IVA-337),PPAR-alpha/gamma/delta
T13083,COc1cc(C)c2c(Oc3cccc(C(F)(F)F)c3)c(OC)cc(NC(C)CCCN)c2n1,463.5,5.91,78.6,2,6,9,1,0.1348,BI-1467335,AOC3/VAP-1
T3582,C[C@H]1COC2(CCN(c3nc(=O)c4cc(C(F)(F)F)cc([N+](=O)[O-])c4s3)CC2)O1,431.39,3.32,94.8,0,8,2,0,0.1346,Denifanstat (TVB-2640),FASN
T6425,CC1COC2(CCN(c3nc(=O)c4cc(C(F)(F)F)cc([N+](=O)[O-])c4s3)CC2)O1,431.39,3.32,94.8,0,8,2,0,0.1346,Denifanstat (TVB-2640),FASN
TN1075,[H][C@]1(O[C@H]2CC[C@@]3(C)[C@]([H])(CC[C@@]45O[C@@]46CC[C@H](C4=CC(=O)OC4)[C@@]6(C)CC[C@]35[H])C2)C[C@@H](OC)[C@@H](O)[C@@H](C)O1,516.68,4.3,86.8,1,7,4,1,0.1346,Obeticholic acid (OCA),FXR
T9043,NC(=O)CN1CCN(c2ccc(Nc3ncc4ccn(Cc5cc(F)cc(F)c5)c4n3)cc2)CC1,477.52,3.11,92.3,2,6,7,0,0.1346,Denifanstat (TVB-2640),FASN
T12115,O=C(c1nn(-c2ccc(CN3CCOCC3)cc2)c2c1CS(=O)(=O)c1c(F)cccc1-2)N1CCOCC1,526.59,2.27,94.0,0,7,4,1,0.1346,Denifanstat (TVB-2640),FASN
TN1416,COc1cc(O)c2c(=O)c(OC)c(-c3ccc(OC)c(O)c3)oc2c1,344.32,2.9,98.4,2,7,4,0,0.1346,Firsocostat (GS-0976),ACC
T9949,COc1cc(C(c2cc3c(cc2O)OCO3)N2CCCC2)cc(OC)c1OC,387.43,3.33,69.6,1,7,6,0,0.1346,Firsocostat (GS-0976),ACC
TN2148,COc1cc(O)c2c(=O)c(OC)c(-c3ccc(OC)c(OC)c3)oc2c1,358.35,3.2,87.4,1,7,5,0,0.1346,Firsocostat (GS-0976),ACC
T22812,O=C(O)c1ccccc1SCCCN1C(=O)c2cccc3cccc(c23)C1=O,391.45,4.32,74.7,1,4,6,0,0.1346,Firsocostat (GS-0976),ACC
T72031,[O-][S+]1CCc2nc(N3CCC(c4ncc(Cl)cn4)CC3)nc(NC3(CO)CCC3)c21,448.98,2.29,110.1,2,8,5,0,0.1346,Denifanstat (TVB-2640),FASN
TQ0090,CNC(=O)c1c(-c2ccc(F)cc2)oc2cc(N(CCO)S(C)(=O)=O)c(C3CC3)cc12,446.5,3.23,99.8,2,5,7,0,0.1346,Denifanstat (TVB-2640),FASN
T68099,CC(SC(=O)c1cccs1)C(=O)NC1CCSC1=O,315.44,2.16,63.2,1,6,4,0,0.1346,Firsocostat (GS-0976),ACC
T77651,COc1cc(-c2nccn3cc(-c4ccc(C)cc4)nc23)cc(OC)c1OC,375.43,4.4,57.9,0,5,5,0,0.1346,Firsocostat (GS-0976),ACC
T60715,Cc1ccc(/C=C/C(=O)Oc2cc(=O)oc3ccccc23)cc1,306.32,3.72,56.5,0,4,3,0,0.1346,Firsocostat (GS-0976),ACC
TN1848,CC(C)=CCC/C(C)=C/Cc1cc([C@@H]2CC(=O)c3c(O)cc(O)cc3O2)c(O)cc1O,424.49,5.45,107.2,4,6,6,1,0.1346,VK2809,THR-beta
T13202L,CN1CCN(c2ccc(Nc3ncc4cc5n(c4n3)C3(CCCCC3)CNC5=O)nc2)CC1,446.56,2.72,91.2,2,7,3,0,0.1346,Denifanstat (TVB-2640),FASN
T3521,C[C@H](NC(=O)Cc1cc(F)cc(F)c1)C(=O)N[C@H]1N=C(c2ccccc2)c2ccccc2N(C)C1=O,490.51,2.97,90.9,2,4,6,0,0.1345,Firsocostat (GS-0976),ACC
T6690,O=S(=O)(c1ccccc1)N(CC(F)(F)F)c1ccc(C(O)(C(F)(F)F)C(F)(F)F)cc1,481.34,4.76,57.6,1,3,5,0,0.1343,BI-1467335,AOC3/VAP-1
T7186,NCc1ccc(Nc2ncc(F)c(Nc3ccccc3)n2)cc1,309.35,3.56,75.9,3,5,5,0,0.1343,BI-1467335,AOC3/VAP-1
T8457,O=C(NC12CC3CC(CC(C3)C1)C2)c1cnc2ccccc2n1,307.4,3.33,54.9,1,3,2,0,0.1343,BI-1467335,AOC3/VAP-1
T8703,Oc1ccc(-c2c(-c3ccc(O)c(O)c3O)n[nH]c2C(F)(F)F)cc1,352.27,3.58,109.6,5,5,2,0,0.1343,BI-1467335,AOC3/VAP-1
T16346,O=C(Nc1cccc(C(F)(F)F)c1)Nc1ccccc1C(=O)O,324.26,4.05,78.4,3,2,3,0,0.1343,BI-1467335,AOC3/VAP-1
T8800,O=C(N/N=C/c1c(O)ccc2ccccc12)c1ccccc1O,306.32,3.01,81.9,3,4,3,0,0.1343,BI-1467335,AOC3/VAP-1
TN2151,COc1cc(O)c2c(=O)c(O)c(-c3ccc(O)cc3)oc2c1,300.27,2.59,100.1,3,6,2,0,0.1343,BI-1467335,AOC3/VAP-1
T16378,Nc1nc(NCc2ccccc2)nc(-c2ccccc2CO)n1,307.36,2.23,97.0,3,6,5,0,0.1343,BI-1467335,AOC3/VAP-1
TN1677,CC(C)=CCc1c(O)c(CC=C(C)C)c2oc3c(O)ccc(O)c3c(=O)c2c1O,396.44,4.79,111.1,4,6,4,0,0.1343,BI-1467335,AOC3/VAP-1
T60086,Clc1ccc(Oc2ccc(Nc3ncnc4[nH]ccc34)cc2)cc1,336.78,5.15,62.8,2,4,4,1,0.1343,BI-1467335,AOC3/VAP-1
T67781,O=C(NN=Cc1c(O)ccc2ccccc12)c1ccccc1O,306.32,3.01,81.9,3,4,3,0,0.1343,BI-1467335,AOC3/VAP-1
T6093,NC(=O)Nc1cc(-c2cccc(F)c2)sc1C(=O)N[C@H]1CCCNC1,362.43,2.53,96.2,4,4,4,0,0.1341,BI-1467335,AOC3/VAP-1
T8517,O=C(/C=C/c1cccc(S(=O)(=O)Nc2ccccc2)c1)NO,318.35,2.01,95.5,3,4,5,0,0.1341,Lanifibranor (IVA-337),PPAR-alpha/gamma/delta
T61562,O=[N+]([O-])CC(c1ccccc1Cl)c1c(-c2ccccc2)[nH]c2ccccc12,376.84,5.9,58.9,1,2,5,1,0.1341,Resmetirom,THR-beta
T25458,[H][C@@]12CC[C@]3([H])[C@]([H])(CC[C@]4(C)/C(=N/O)CC[C@@]34[H])[C@@]1(C)CC[C@@](O)(C#C)C2,329.48,4.22,52.8,2,3,0,0,0.1341,Obeticholic acid (OCA),FXR
TN7256,CC(=O)O[C@H]1[C@H](OC(C)(C)[C@H]2CC=C(C)CC2)O[C@H](C)[C@H](O)[C@@H]1OC(=O)C=C(C)C,424.53,3.44,91.3,1,7,6,0,0.1341,BI-1467335,AOC3/VAP-1
T9769,C[C@H](NS(=O)(=O)c1cc(C(=O)Nc2ccc(F)c(C#N)c2)n(C)c1)C(F)(F)F,418.37,2.52,104.0,2,4,5,0,0.1341,BI-1467335,AOC3/VAP-1
T6175,CCN(CC)C(=O)c1ccc(C2=CC3(CCNCC3)Oc3cccc(O)c32)cc1,392.5,3.82,61.8,2,4,4,0,0.1340,Denifanstat (TVB-2640),FASN
T7300,N[C@@H]1CCCN(c2c(Br)cnc3[nH]cc(NC(=O)C4CC4)c23)C1,378.27,2.6,87.0,3,4,3,0,0.1340,Denifanstat (TVB-2640),FASN
T8296,COc1ccc(-c2cc(=O)c3c(OC)cc(OC)cc3o2)cc1,312.32,3.49,57.9,0,5,4,0,0.1340,Firsocostat (GS-0976),ACC
T14907,Cn1cc(-c2ccc(-c3cncc(Cl)c3N3CCC4(CCNC4=O)CC3)cc2)cn1,421.93,3.91,63.1,1,4,3,0,0.1340,Denifanstat (TVB-2640),FASN
T15284,O=C1OC2(c3ccc(O)cc3Oc3cc(O)ccc32)c2ccc(N=C=S)cc21,389.39,4.4,88.4,2,7,1,0,0.1340,Cilofexor (GS-9674),FXR
T21900,CN1CCN(C)C(=Nc2ccc([N+](=O)[O-])cc2C(=O)Nc2ccccc2)C1,367.41,2.75,91.1,1,5,4,0,0.1340,Denifanstat (TVB-2640),FASN
TN2004,COc1cc2c(c(O)c1OC)C(=O)c1c(cc(C)c(O)c1OC)C2=O,344.32,2.21,102.3,2,7,3,0,0.1340,Firsocostat (GS-0976),ACC
T19802,CCCS(=O)(=O)Nc1ccc(F)c(C(=O)c2c[nH]c3ncc(Br)cc23)c1F,458.28,3.99,91.9,2,4,6,0,0.1340,Lanifibranor (IVA-337),PPAR-alpha/gamma/delta
T20761,CC1(C)C(=O)N(c2ccc(C#N)c(C(F)(F)F)c2)C(=S)N1CCCCO,385.41,3.06,67.6,1,4,5,0,0.1340,Denifanstat (TVB-2640),FASN
T21853,N#C/C(=C\c1ccc(O)c(O)c1)C(=O)NCCCCc1ccccc1,336.39,3.14,93.4,3,4,7,0,0.1340,VK2809,THR-beta
T36857,[H][C@@]12CCC(=O)[C@@]1(C)CC[C@]1([H])c3ccc(OS(=O)(=O)[O-])cc3CC[C@@]21[H],349.43,2.95,83.5,0,5,2,0,0.1340,VK2809,THR-beta
T27392,CC(=O)N1c2ccc(-c3ccc(N4CCS(=O)(=O)CC4)cc3)cc2N(C(=O)C2CC2)C[C@@H]1C,467.59,3.09,78.0,0,5,3,0,0.1340,Denifanstat (TVB-2640),FASN
T26861,CC(C)[C@@H](NC(=O)NCC(C)(C)O)C(=O)N1CC[C@](O)(c2ccc(Cl)cc2)C(C)(C)C1,454.01,2.88,101.9,4,4,6,0,0.1340,Lanifibranor (IVA-337),PPAR-alpha/gamma/delta
T61202,Cc1ccc(CNc2cc(C(F)(F)F)cc3[nH]ncc23)c([N+](=O)[O-])c1,350.3,4.41,83.8,2,4,4,0,0.1340,Denifanstat (TVB-2640),FASN
T77667,COc1ccc(-c2ccc3ncnc(N[C@@H](C)C(=O)N4CCN(C)CC4)c3c2)cn1,406.49,2.27,83.5,1,7,5,0,0.1340,Lanifibranor (IVA-337),PPAR-alpha/gamma/delta
T74793,CS(=O)(=O)c1ccc(C(=O)Nc2ccc(Cl)c(-c3ccc4c(c3)CCNC4)c2)c(Cl)c1,475.4,4.96,75.3,2,4,4,0,0.1340,Lanifibranor (IVA-337),PPAR-alpha/gamma/delta
T16419,CCCCC1C(=O)N(c2ccccc2)N(c2ccc(O)cc2)C1=O,324.38,3.49,60.9,1,3,5,0,0.1340,Firsocostat (GS-0976),ACC
T15407L,N#C[C@H]1C[C@@H]1c1c(C(F)(F)F)sc2nc(Cn3nc(C(F)(F)F)cc3Cl)cc(=O)n12,467.78,4.32,76.0,0,5,3,0,0.1340,Resmetirom,THR-beta
T4302,CCc1ccc(-c2nc(CSCC(=O)NCCc3ccccc3)c(C)o2)cc1,394.54,4.8,55.1,1,4,9,0,0.1339,Firsocostat (GS-0976),ACC
T6730,c1cncc(CN2CCC(n3ncc4c(N5CCOCC5)nc(-c5ccc6[nH]ccc6c5)nc43)CC2)c1,494.6,4.04,88.0,1,7,5,0,0.1339,Firsocostat (GS-0976),ACC
T6756,C[C@H]1CC[C@H](n2c3cnccc3c3cnc(Nc4ccc5c(n4)CCN(C(=O)CO)C5)nc32)CC1,471.57,3.75,109.1,2,7,4,0,0.1339,Denifanstat (TVB-2640),FASN
T6916,CN1CCN(c2ccc(-c3cccc(CN4CCOCC4)c3)cc2NC(=O)c2c[nH]c(=O)cc2C(F)(F)F)CC1,555.6,3.9,80.9,2,6,6,1,0.1339,Firsocostat (GS-0976),ACC
T7361,CCC(Nc1cc(C)nc2c(-c3ccc(OC)cc3C)c(C)nn12)c1nc(C)no1,406.49,4.58,90.4,1,7,6,0,0.1339,Cilofexor (GS-9674),FXR
T8509,CC(=O)c1nn(CC(=O)N2C[C@H](F)C[C@H]2C(=O)Nc2cccc(Br)n2)c2ccc(-c3cnc(C)nc3)cc12,580.42,3.74,123.0,1,7,6,1,0.1339,Lanifibranor (IVA-337),PPAR-alpha/gamma/delta
T21513,C=C1[C@@H](C)[C@H]2[C@H](Cc3ccccc3)NC(=O)[C@]23[C@H](OC(C)=O)C=C[C@](C)(O)C[C@@H](C)C/C=C/[C@H]3[C@@H]1O,493.64,3.74,95.9,3,5,3,0,0.1339,Firsocostat (GS-0976),ACC
T12858,CC(=O)N(CCC(CCN1CCCCC1)(C(N)=O)c1ccccc1Cl)C(C)C,407.99,3.59,66.6,1,3,9,0,0.1339,Firsocostat (GS-0976),ACC
T64359,COc1cc(/C=C/C(=O)N2CCC/C(=C\c3cc(OC)c(OC)c(OC)c3)C2=O)ccc1O,453.49,3.67,94.5,1,7,7,0,0.1339,Firsocostat (GS-0976),ACC
T77717,O=C(CSc1nc(=O)c2ccccc2[nH]1)Nc1ccc2c(c1)OCCO2,369.4,2.43,93.3,2,6,4,0,0.1339,Firsocostat (GS-0976),ACC
T21405,CC(C)n1c(/C=C/[C@H](O)C[C@H](O)CC(=O)O)c(-c2ccc(F)cc2)c2ccccc21,411.47,4.63,82.7,3,3,8,0,0.1339,Firsocostat (GS-0976),ACC
T1861,COc1ncc(-c2ccc3nccc(-c4ccnnc4)c3c2)cc1NS(=O)(=O)c1ccc(F)cc1F,505.51,4.84,107.0,1,7,6,1,0.1333,Firsocostat (GS-0976),ACC
T2245,CC#CC(=O)Nc1ccc2ncnc(Nc3cccc(Br)c3)c2c1,381.23,4.1,66.9,2,4,3,0,0.1333,Lanifibranor (IVA-337),PPAR-alpha/gamma/delta
T3190,Nc1cccc(-c2nc(N3CCOCC3)c3oc4ncccc4c3n2)c1,347.38,2.86,90.3,1,7,2,0,0.1333,Cilofexor (GS-9674),FXR
T3482,Cc1c(-c2ccc3c(c2)CN(C2CC2)C3=O)nnn1-c1cccnc1F,349.37,2.9,63.9,0,4,3,0,0.1333,VK2809,THR-beta
T6S1665,COc1cc(-c2coc3cc4c(c(OC)c3c2=O)OCO4)cc(OC)c1OC,386.36,3.22,85.6,0,8,5,0,0.1333,Firsocostat (GS-0976),ACC
T6S2140,COc1ccc(-c2oc3c4c(cc(O)c3c(=O)c2O)OC(C)(C)CC4)cc1,368.39,3.98,89.1,2,6,2,0,0.1333,Cilofexor (GS-9674),FXR
T4736,CCn1cnc2c(Nc3cc(F)cc(F)c3)nc(C#N)nc21,300.27,2.74,79.4,1,5,3,0,0.1333,Denifanstat (TVB-2640),FASN
T7399,NS(=O)(=O)c1ccc(NC(=S)N2CCN(C/C=C/c3ccccc3)CC2)cc1,416.57,2.36,78.7,2,4,5,0,0.1333,Lanifibranor (IVA-337),PPAR-alpha/gamma/delta
T8236,O=C(NCCCCCCNC(=O)ON=C1CCCCC1)ON=C1CCCCC1,394.52,4.64,101.4,2,6,9,0,0.1333,BI-1467335,AOC3/VAP-1
TQ0059,Nc1ncc(-c2cnn(CCO)c2)c2scc(-c3ccc(NC(=O)Nc4cccc(F)c4)cc3)c12,488.55,5.18,118.1,4,6,6,1,0.1333,BI-1467335,AOC3/VAP-1
TN1652,COc1cc2oc3cc(OC)c(OC)c(CC=C(C)C)c3c(=O)c2c(O)c1CC=C(C)C,438.52,5.7,78.1,1,6,7,1,0.1333,Firsocostat (GS-0976),ACC
T11811,COc1cc2c(cc1O)-c1c(OC)c(O)cc3c1C(C2)NCC3,313.35,2.52,71.0,3,5,2,0,0.1333,Denifanstat (TVB-2640),FASN
T9060,O=C(NCc1cn2cc(CNCC3CCCCC3)ccc2n1)c1cc(=O)n2ccccc2n1,444.54,2.94,92.8,2,5,7,0,0.1333,Firsocostat (GS-0976),ACC
T10736,CCN1CCN(Cc2cnc(Nc3cc(-c4cc(F)c5nc(C)n(C(C)C)c5c4)c(F)cn3)nc2)CC1,506.61,4.94,75.0,1,7,7,1,0.1333,Denifanstat (TVB-2640),FASN
T9199,CCOc1cc(NC(=O)NCc2cc(C)c(-c3cn(C)nc3C(F)(F)F)nn2)cc(C(F)(F)F)n1,503.41,4.34,106.9,2,6,6,1,0.1333,BI-1467335,AOC3/VAP-1
T9339,COc1cc(-c2cc(OP(=O)(O)O)cc(-c3cc(OC)c(OC)c(OC)c3)c2)cc(OC)c1OC,506.44,4.54,122.1,2,8,10,1,0.1333,BI-1467335,AOC3/VAP-1
T13950,CC(C)(C)c1cc(C(c2cc3c(cc2O)OCO3)N2CCOCC2)cc(C(C)(C)C)c1O,441.57,4.84,71.4,2,6,3,0,0.1333,Firsocostat (GS-0976),ACC
T15371,CCNCc1nc2c(N)nc3ccccc3c2n1CC(C)(C)O,313.41,2.05,89.0,3,5,5,0,0.1333,BI-1467335,AOC3/VAP-1
TN1673,CC(C)=CCc1c(O)cc2oc3cc(O)c(O)c(CCC(C)(C)O)c3c(=O)c2c1O,414.45,3.98,131.4,5,7,5,0,0.1333,BI-1467335,AOC3/VAP-1
T11373,c1nn(C2CCOCC2)cc1Nc1ncc2nnn(-c3ccc4cn[nH]c4c3)c2n1,402.42,2.38,124.2,2,8,4,0,0.1333,Firsocostat (GS-0976),ACC
T16329,CC(C(=O)OCCCCO[N+](=O)[O-])c1ccc(-c2ccccc2)c(F)c1,361.37,4.13,78.7,0,5,9,0,0.1333,Lanifibranor (IVA-337),PPAR-alpha/gamma/delta
T11048L,Cc1cc(C)c2[nH]c(=O)c(-c3[nH]cnc3-c3ccccc3)cc2c1,315.38,4.2,61.5,2,2,2,0,0.1333,Denifanstat (TVB-2640),FASN
T22992,COc1cc(N)c(Cl)cc1C(=O)OCCN1CCCCC1,312.8,2.57,64.8,1,5,5,0,0.1333,Firsocostat (GS-0976),ACC
T26987,CCCCCc1ccc(-c2cc3cn([C@H]4C[C@H](O)[C@@H](CO)O4)c(=O)nc3o2)cc1,398.46,3.03,97.7,2,6,7,0,0.1333,Aramchol,SCD1
T29968,O=C(/C=C/c1ccc(C(F)(F)F)nc1N1CCCCC1)Nc1cccc2c1CC(O)CC2,445.49,4.59,65.5,2,4,4,0,0.1333,Denifanstat (TVB-2640),FASN
T72081,CCOc1ccc2cc(-c3nn(C(C)C)c4ncnc(N)c34)ccc2c1,347.42,4.21,78.9,1,5,4,0,0.1333,BI-1467335,AOC3/VAP-1
T77550,[H][C@@]12CC[N@@](C[C@@H]1C=C)[C@@]([H])([C@@H](O)c1ccnc3ccc(O)cc13)C2,310.4,2.87,56.6,2,4,3,0,0.1333,Cilofexor (GS-9674),FXR
T13354,CC(C)=CCC/C(C)=C/Cc1c(O)ccc(C(=O)/C=C/c2ccc(O)cc2)c1O,392.5,5.93,77.8,3,4,8,1,0.1333,BI-1467335,AOC3/VAP-1
T10858,Cc1ccc(S(=O)(=O)N=Cc2c(O)ccc3ccccc23)cc1,325.39,3.66,66.7,1,3,3,0,0.1333,VK2809,THR-beta
T62745,CCN(CC)CCNC(=O)c1c(C)[nH]c(/C=C2\C(=O)Nc3ccc(CCC(N)=O)cc32)c1C,451.57,2.61,120.3,4,4,10,0,0.1333,BI-1467335,AOC3/VAP-1
T73515,O=C(C=Cc1ccc(NC(=O)Cc2cccc3ccccc23)cn1)NO,347.37,2.93,91.3,3,4,5,0,0.1333,BI-1467335,AOC3/VAP-1
T15205,COc1ccc(S(=O)(=O)Nc2cc(-c3csc(C#N)c3)ccc2C)cc1,384.48,4.4,79.2,1,5,5,0,0.1333,BI-1467335,AOC3/VAP-1
T72551,CCCCCN1CCN(c2ccc(S(=O)(=O)Oc3cc(OC)cc(OC)c3)cc2)C1=O,448.54,3.9,85.4,0,6,10,0,0.1333,Lanifibranor (IVA-337),PPAR-alpha/gamma/delta
T10787,Cc1nnc(CNCCN2C(=O)c3cccc4cccc(c34)C2=O)s1,352.42,2.39,75.2,1,6,5,0,0.1333,Firsocostat (GS-0976),ACC
T8872,O=C(Nc1nccs1)C(c1cc(F)ccc1O)N1Cc2ccc(-c3ccc(N4CCNCC4)cc3)cc2C1=O,543.62,4.4,97.8,3,7,6,1,0.1328,Firsocostat (GS-0976),ACC
T1392,O=C(O)c1ccccc1-c1c2ccc(=O)cc-2oc2cc(O)ccc12,332.31,3.97,87.7,2,4,2,0,0.1327,Cilofexor (GS-9674),FXR
T1735,O=C1[C@@H]2[C@H]3CC[C@H](C3)[C@@H]2C(=O)N1C[C@@H]1CCCC[C@H]1CN1CCN(c2nsc3ccccc23)CC1,492.69,4.26,56.8,0,6,5,0,0.1327,Firsocostat (GS-0976),ACC
T3363,[H][C@@]12NC[C@@H](C)C[C@H]1O[C@]1(CC[C@]3([H])C(=C1C)C(=O)[C@@]1([H])[C@@]3([H])CC=C3C[C@@H](O)CC[C@@]31C)[C@@H]2C,425.61,4.18,58.6,2,4,0,0,0.1327,Obeticholic acid (OCA),FXR
T4364,CC[C@H](CO)Nc1nc(N(C)Cc2ccccc2)c2ncn(C(C)C)c2n1,368.49,3.23,79.1,2,6,8,0,0.1327,Firsocostat (GS-0976),ACC
T4388,Oc1ccc(-c2c(-c3ccccc3)nn3c(C(F)(F)F)cc(C(F)(F)F)nc23)cc1,423.32,5.81,50.4,1,3,2,1,0.1327,Cilofexor (GS-9674),FXR
T6209,O=C(O)c1cc(I)ccc1NC(=O)[C@H](Cc1ccccc1)NCc1ccccc1,500.34,4.33,78.4,3,3,8,1,0.1327,Cilofexor (GS-9674),FXR
T6362,Cn1cc(-c2ccc(S(=O)(=O)n3ccc(/C=C/C(=O)Nc4ccccc4N)c3)cc2)cn1,447.52,3.36,112.0,2,5,6,0,0.1327,Lanifibranor (IVA-337),PPAR-alpha/gamma/delta
T4386,C[C@@H](Cc1ccsc1)NC(=O)NC[C@H](Cc1ccc(O)cc1)N(C)C,361.51,2.86,64.6,3,4,8,0,0.1327,VK2809,THR-beta
T7944,CC(C)(O)CNc1ncc(-c2ccnc(Nc3ccncc3)n2)c(CC2CC2)n1,391.48,3.21,108.7,3,8,8,0,0.1327,Firsocostat (GS-0976),ACC
T3859,COc1ccc(C2COc3cc(O)ccc3C2)c(O)c1OC,302.33,2.83,68.2,2,5,3,0,0.1327,Cilofexor (GS-9674),FXR
T8535,COc1cc2nccc(Nc3cc(OC)c(OC)c(OC)c3)c2cc1OC,370.41,4.02,71.1,1,7,7,0,0.1327,Firsocostat (GS-0976),ACC
T22414,O=c1[nH]c(CS[C@H]2CC[C@H](O)CC2)nc2cc(OCC3CC3)cc(F)c12,378.47,3.39,75.2,2,5,6,0,0.1327,Denifanstat (TVB-2640),FASN
TN3016,COc1ccc(-c2coc3cc(OC)c(OC)cc3c2=O)cc1,312.32,3.49,57.9,0,5,4,0,0.1327,Firsocostat (GS-0976),ACC
TQ0099,[H][C@@]12C(C)(C)[C@]1([H])C[C@@H](C)[C@]13C=C(C)[C@H](OC(=O)/C(C)=C\C)[C@@]1(O)[C@H](O)C(COC(C)=O)=C[C@]2([H])C3=O,472.58,2.9,110.1,2,7,4,0,0.1327,Obeticholic acid (OCA),FXR
T15027,[H][C@]12c3c[nH]c4cccc(c34)C[C@@]1([H])C(C)(C)N1C(=O)C(C(C)=O)=C(O)[C@@]12[H],336.39,2.83,73.4,2,3,1,0,0.1327,Denifanstat (TVB-2640),FASN
T9017,CN1CCN(c2ccc3nc(-c4c(N)c5ccsc5[nH]c4=O)[nH]c3c2)CC1,380.48,2.47,94.0,3,6,2,0,0.1327,Denifanstat (TVB-2640),FASN
T9033,NC(=O)c1ccccc1N=Cc1ccc(Br)s1,309.19,3.36,55.5,1,3,3,0,0.1327,Firsocostat (GS-0976),ACC
T7588,[H][C@@]12C(=O)CC[C@]13CC[C@@H](C)[C@@]2(C)[C@H](OC(=O)CS[C@@H]1CC[C@@H](N)C[C@H]1O)C[C@@](C)(C=C)[C@@H](O)[C@@H]3C,507.74,3.87,109.9,3,7,5,1,0.1327,Aramchol,SCD1
TQ0113,COc1cc(Cc2cnc(N)nc2N)c2c(c1OC)OC(C1CC1)C=C2,354.41,2.43,105.5,2,7,5,0,0.1327,Firsocostat (GS-0976),ACC
T11836,[H][C@@]12C(=O)CCC13CC[C@@H](C)C2(C)[C@H](OC(=O)CS[C@@H]1CC[C@@H](N)C[C@H]1O)C[C@@](C)(C=C)[C@@H](O)[C@@H]3C,507.74,3.87,109.9,3,7,5,1,0.1327,Aramchol,SCD1
TQ0218,CC1=C(CCC2=CCOC2=O)[C@]2(C)CC[C@@H](O)[C@@](C)(CO)[C@H]2CC1,334.46,3.14,66.8,2,4,4,0,0.1327,Aramchol,SCD1
T40423,CCN1CC(=Cc2cc(OC)c(OC)c(OC)c2)C(=O)C(=Cc2cc(OC)c(OC)c(OC)c2)C1,483.56,4.11,75.7,0,8,9,0,0.1327,Firsocostat (GS-0976),ACC
T12236,O=C(CCl)Nc1cccc(NC2=NS(=O)(=O)c3ccccc32)c1,349.8,2.42,87.6,2,4,3,0,0.1327,Cilofexor (GS-9674),FXR
TN6967,COc1ccc([C@@H]2COc3cc(O)ccc3C2)c(O)c1OC,302.33,2.83,68.2,2,5,3,0,0.1327,Cilofexor (GS-9674),FXR
T11949,COc1ccc2c(c1)c(CN1CCN(C)CC1)cn2S(=O)(=O)c1ccccc1Br,478.41,3.4,54.8,0,5,5,0,0.1327,Firsocostat (GS-0976),ACC
T70880,O=S1(=O)CCN2C=CC=C(c3ccc(Oc4ccccc4)cc3)C2=N1,352.42,3.43,59.0,0,4,3,0,0.1327,Cilofexor (GS-9674),FXR
T87526,O=C(O)C1C2C=CC(C3CC23)C1C(=O)Nc1ccc(Cc2ccncc2)cc1,374.44,3.38,79.3,2,3,5,0,0.1327,Cilofexor (GS-9674),FXR
T4381,OCc1ccc(-c2nn(Cc3ccccc3)c3ccccc23)o1,304.35,3.84,51.2,1,3,4,0,0.1325,Lanifibranor (IVA-337),PPAR-alpha/gamma/delta
T6217,C/C(O)=C(\C#N)C(=O)Nc1cc(Br)ccc1Br,360.0,3.51,73.1,2,3,2,0,0.1325,Denifanstat (TVB-2640),FASN
T6716,CCCCC(=O)N(Cc1ccc(-c2ccccc2-c2nn[nH]n2)cc1)[C@H](C(=O)O)C(C)C,435.53,4.16,112.1,2,5,10,0,0.1325,BI-1467335,AOC3/VAP-1
T7670,NS(=O)(=O)c1ccc(-n2nc(C(F)(F)F)cc2-c2ccc(F)cc2)cc1,385.34,3.34,78.0,1,3,3,0,0.1325,Lanifibranor (IVA-337),PPAR-alpha/gamma/delta
T8340,Cc1c(C(=O)/C=C/c2ccccc2)[n+](=O)c2ccccc2n1[O-],306.32,3.11,68.0,0,3,3,0,0.1325,Lanifibranor (IVA-337),PPAR-alpha/gamma/delta
T23333,CS(=O)(=O)c1ccc(-n2nc(C(F)(F)F)cc2-c2ccc(F)cc2)cc1,384.35,4.1,52.0,0,3,3,0,0.1325,Lanifibranor (IVA-337),PPAR-alpha/gamma/delta
T9025,CO/N=C1\C(=C2\C(=O)Nc3cc(Cl)c(Cl)cc32)Nc2ccccc21,360.2,4.13,62.7,2,4,1,0,0.1325,Resmetirom,THR-beta
T15571,CCCN1CC(c2ccc(S(C)(=O)=O)cc2)=C(c2ccc(C)cc2)C1=O,369.49,3.56,54.5,0,3,5,0,0.1325,Lanifibranor (IVA-337),PPAR-alpha/gamma/delta
T16784,C[C@@H](O)[C@@H](C)Oc1nc(Nc2ccc([S@](=N)(=O)C3CC3)cc2)ncc1C(F)(F)F,430.45,3.96,108.2,3,7,7,0,0.1325,BI-1467335,AOC3/VAP-1
T9377,CC(C)n1cnnc1-c1cccc(NC(=O)c2cc3ccc(F)cc3[nH]2)n1,364.38,3.79,88.5,2,4,4,0,0.1325,BI-1467335,AOC3/VAP-1
T38723,[H][C@]12O[C@H](OCCN)[C@H](C)[C@]3([H])CC[C@@H](C)[C@]4([H])CC[C@@](C)(OO[C@]143)O2,327.42,2.17,72.2,1,6,3,0,0.1325,Obeticholic acid (OCA),FXR
T67778,Cc1ccc(S(=O)(=O)NN=Cc2cc(Br)ccc2O)cc1,369.24,2.78,78.8,2,4,4,0,0.1325,Lanifibranor (IVA-337),PPAR-alpha/gamma/delta
T25209,CC(=O)Nc1ccc(Nc2ccc(S(C)(=O)=O)cc2[N+](=O)[O-])cc1,349.37,2.7,118.4,2,6,5,0,0.1325,Lanifibranor (IVA-337),PPAR-alpha/gamma/delta
T5489,O=C(Cc1c[nH]c2ccccc12)N[C@@H](Cc1c[nH]c2ccccc12)C(=O)O,361.4,3.0,98.0,4,2,6,0,0.1324,BI-1467335,AOC3/VAP-1
TQ0201,COc1c(O)cc2oc(-c3ccc(O)cc3)cc(=O)c2c1O,300.27,2.59,100.1,3,6,2,0,0.1324,BI-1467335,AOC3/VAP-1
TN1817,COc1ccc(-c2oc3cc(OC)cc(O)c3c(=O)c2OC)cc1,328.32,3.19,78.1,1,6,4,0,0.1324,BI-1467335,AOC3/VAP-1
T19356,O=C(O)c1c(I)cc(I)c(O)c1I,515.81,2.9,57.5,2,2,1,1,0.1324,Lanifibranor (IVA-337),PPAR-alpha/gamma/delta
T12074,CC(/C=C1\SC(=S)N(CCCC(=O)Nc2ccc(C(=O)O)c(O)c2)C1=O)=C\c1ccccc1,482.58,4.66,106.9,3,6,8,0,0.1322,Firsocostat (GS-0976),ACC
T2589,O=C(O[C@@H]1C[C@@H]2C[C@H]3C[C@H](C1)N2CC3=O)c1c[nH]c2ccccc12,324.38,2.52,62.4,1,4,2,0,0.1321,Firsocostat (GS-0976),ACC
T6096,O=[N+]([O-])c1cn2c(n1)OC[C@@H](OCc1ccc(OC(F)(F)F)cc1)C2,359.26,2.67,88.7,0,6,5,0,0.1321,Cilofexor (GS-9674),FXR
T4S0794,COc1cc2c(cc1O)CCN1Cc3c(ccc(OC)c3OC)C[C@H]21,341.41,3.07,51.2,1,5,3,0,0.1321,Firsocostat (GS-0976),ACC
T7031,O=C(O)c1cc2c(c3c1c([N+](=O)[O-])cc1ccccc13)OCO2,311.25,3.33,98.9,1,5,2,0,0.1321,Firsocostat (GS-0976),ACC
T4568,O=C(O[C@H]1C[C@@H]2C[C@H]3C[C@H](C1)N2CC3=O)c1c[nH]c2ccccc12,324.38,2.52,62.4,1,4,2,0,0.1321,Firsocostat (GS-0976),ACC
T5597,COc1cc2nc(NC3CC3)nc(NC3CCN(C(C)C)CC3)c2cc1OC,385.51,3.51,71.5,2,7,7,0,0.1321,Firsocostat (GS-0976),ACC
T8366,O=C(CC(C(=O)O)c1c[nH]c2ccccc12)c1ccc(F)cc1F,329.3,3.89,70.2,2,2,5,0,0.1321,Firsocostat (GS-0976),ACC
T16028,Oc1c(C(Nc2ccccn2)c2cccs2)ccc2cccnc12,333.42,4.6,58.0,2,5,4,0,0.1321,Firsocostat (GS-0976),ACC
T19720,CNC1CCc2cc(OC)c(OC)c(OC)c2-c2ccc(OC)c(=O)cc21,371.43,2.95,66.0,1,6,5,0,0.1321,Firsocostat (GS-0976),ACC
TN2356,COc1cc(-c2c3c(c(O)c4cc5c(cc24)OCO5)COC3=O)cc(OC)c1OC,410.38,3.64,92.7,1,8,4,0,0.1321,Firsocostat (GS-0976),ACC
T22313,[H][C@]12CC3C[C@]([H])(C[C@H](OC(=O)c4c[nH]c5ccccc45)C1)[N@@]2CC3=O,324.38,2.52,62.4,1,4,2,0,0.1321,Firsocostat (GS-0976),ACC
T60218,C=C(F)C(=O)N1CC(n2nc(-c3ccc(C(F)(F)F)cc3)c3cccnc32)C1,390.34,3.98,51.0,0,3,3,0,0.1321,Cilofexor (GS-9674),FXR
T11016,CC1(C)Oc2ncnc(N)c2N=C1c1ccc(C23CCC(CC(=O)O)(CC2)CC3)cc1,420.51,4.42,110.7,2,6,4,0,0.1321,Cilofexor (GS-9674),FXR
T16771,Cc1c(Cl)ccc2c(C=C3NC(=O)N(C(C(=O)NC(CO)CO)c4ccc(F)c(F)c4)C3=O)c[nH]c12,518.9,2.51,134.8,5,5,7,1,0.1321,Lanifibranor (IVA-337),PPAR-alpha/gamma/delta
T27509,CC(C)(C)c1nnc([C@H]2O[C@@H](n3cnc4c(Nc5ccc(Cl)cc5F)ncnc43)[C@H](O)[C@@H]2O)o1,489.9,3.03,144.2,3,10,4,0,0.1321,Lanifibranor (IVA-337),PPAR-alpha/gamma/delta
T15001,COc1cc2c(cc1O)CCN1Cc3c(ccc(OC)c3OC)CC21,341.41,3.07,51.2,1,5,3,0,0.1321,Firsocostat (GS-0976),ACC
T29157,[H][C@@]12CC[C@]3([H])[C@]([H])(CC[C@@]4(C)[C@@]3([H])CC[C@@]4(O)C#C)[C@@]1(C)Cc1cn3c(nc1C2)nc1ccccc13,439.6,5.2,50.4,1,3,0,1,0.1321,Denifanstat (TVB-2640),FASN
T75349,COC1(c2ccc(Cl)c(OP(=O)([O-])[O-])c2)OOC12C1CC3CC2CC(Cl)(C3)C1,449.22,2.86,100.1,0,7,4,0,0.1321,Cilofexor (GS-9674),FXR
T62032,C=CCN1C(=O)C(=Cc2ccc(-c3cccc(Cl)c3Cl)o2)C(=O)NC1=S,407.28,4.07,62.6,1,4,4,0,0.1321,Cilofexor (GS-9674),FXR
T70812,CN1Cc2nccc(-c3cn(C)nc3-c3ccc(F)cc3)c2C1=O,322.34,2.87,51.0,0,3,2,0,0.1321,Firsocostat (GS-0976),ACC
T0757,COc1ccc2nc([S+]([O-])Cc3ncc(C)c(OC)c3C)[nH]c2c1,345.42,2.9,83.1,1,5,5,0,0.1319,Lanifibranor (IVA-337),PPAR-alpha/gamma/delta
T2029,CC(C)n1cnc2c(NCc3ccccc3)nc(NCCCO)nc21,340.43,2.81,87.9,3,6,8,0,0.1319,Lanifibranor (IVA-337),PPAR-alpha/gamma/delta
T2156,C[C@H](NC(=O)/C(C#N)=C/c1cccc(Br)n1)c1ccccc1,356.22,3.63,65.8,1,3,4,0,0.1319,Denifanstat (TVB-2640),FASN
T4067,C=CC(=O)N1CC/C(=C\c2ccc(F)c([N+](=O)[O-])c2)C(=O)/C(=C/c2ccc(F)c([N+](=O)[O-])c2)C1,469.4,4.24,123.7,0,6,5,0,0.1319,Lanifibranor (IVA-337),PPAR-alpha/gamma/delta
TN1839,COc1cc(O)c2c(=O)c(OC)c(-c3ccc(O)cc3)oc2c1,314.29,2.89,89.1,2,6,3,0,0.1319,VK2809,THR-beta
T8446,O=c1cc(CCl)[nH]c2c(-c3cccc4ccccc34)c(C(F)(F)F)nn12,377.75,4.6,50.2,1,2,2,0,0.1319,Lanifibranor (IVA-337),PPAR-alpha/gamma/delta
T20626,COc1ccc2nc([S@@+]([O-])Cc3ncc(C)c(OC)c3C)[nH]c2c1,345.42,2.9,83.1,1,5,5,0,0.1319,Lanifibranor (IVA-337),PPAR-alpha/gamma/delta
T19004,Cc1cccc(-c2nc3cc(-c4nc5cc(N6CCN(C)CC6)ccc5[nH]4)ccc3[nH]2)c1,422.54,4.83,63.8,2,4,3,0,0.1319,Denifanstat (TVB-2640),FASN
T10259,O=c1c(-c2ccc3ncccc3c2)c[nH]c2c(-c3ccccc3)c(-c3ccccc3)nn12,414.47,5.57,63.0,1,3,3,1,0.1319,Lanifibranor (IVA-337),PPAR-alpha/gamma/delta
T25952,O=[N+]([O-])c1cccc(C2Nc3ccc([N+](=O)[O-])cc3C3C=CCC32)c1,337.34,4.33,98.3,1,5,3,0,0.1319,Denifanstat (TVB-2640),FASN
T81417,Cc1noc(C)c1S(=O)(=O)Nc1ccc(Cc2ccccc2)cc1,342.42,3.68,72.2,1,4,5,0,0.1319,VK2809,THR-beta
T79745,OC1CCN(c2nc(Nc3cccc(C(F)(F)F)c3)nc(Nc3cccc(C(F)(F)F)c3)n2)C1,484.4,4.97,86.2,3,7,5,0,0.1319,Denifanstat (TVB-2640),FASN
T78650,Cc1cc(C)cc(-n2nc(-c3ccc(C(F)(F)F)cc3O)nc2-c2ccccc2O)c1,425.41,5.65,71.2,2,4,3,1,0.1319,Denifanstat (TVB-2640),FASN
T23527,CN(C)CCn1cc(S(=O)(=O)c2cccc(F)c2)c2cccnc21,347.42,2.57,55.2,0,4,5,0,0.1319,Lanifibranor (IVA-337),PPAR-alpha/gamma/delta
T39250,Cc1ncnc(C2CC2)c1-c1ncc2nc(NCc3ccc(S(C)(=O)=O)cn3)c(=O)n([C@@H](C)C3CC3)c2n1,532.63,3.21,145.5,1,10,8,1,0.1318,Firsocostat (GS-0976),ACC
TN1635,C=C1CC[C@H]2[C@@H](/C=C(/C)C(=O)[C@@]3(OC(C)=O)C[C@H](C)[C@H](OC(=O)c4cccnc4)[C@@H]3[C@H]1OC(C)=O)C2(C)C,523.63,4.63,108.9,0,8,4,1,0.1318,Firsocostat (GS-0976),ACC
T0373,C#Cc1cccc(Nc2ncnc3cc(OCCOC)c(OCCOC)cc23)c1,393.44,3.41,74.7,1,7,10,0,0.1316,BI-1467335,AOC3/VAP-1
T0990,O=C(CCCN1CC=C(n2c(=O)[nH]c3ccccc32)CC1)c1ccc(F)cc1,379.44,3.68,58.1,1,3,6,0,0.1316,Firsocostat (GS-0976),ACC
T1410,Cc1cccc(Nc2ccncc2S(=O)(=O)NC(=O)NC(C)C)c1,348.43,2.53,100.2,3,5,5,0,0.1316,BI-1467335,AOC3/VAP-1
T1925,FC(F)(F)c1ccc(CNc2ccc(Cc3c[nH]c4ncccc34)cn2)cc1,382.39,5.18,53.6,2,3,5,1,0.1316,BI-1467335,AOC3/VAP-1
T2660,Cc1ccccc1-n1c(Cn2cnc3c(N)ncnc32)nc2cccc(C)c2c1=O,397.44,2.77,104.5,1,6,3,0,0.1316,Firsocostat (GS-0976),ACC
T6332,NS(=O)(=O)OC[C@@H]1C[C@@H](n2ccc3c(N[C@H]4CCc5ccccc54)ncnc32)C[C@@H]1O,443.53,2.06,132.4,3,7,6,0,0.1316,VK2809,THR-beta
T6671,CC(NC(=O)c1ccccc1/N=C/c1c(O)ccc2ccccc12)c1ccccc1,394.47,5.79,61.7,2,3,5,1,0.1316,BI-1467335,AOC3/VAP-1
T0998,CCOP(=S)(OCC)Oc1cc(C)nc(C(C)C)n1,304.35,3.58,53.5,0,6,7,0,0.1316,Resmetirom,THR-beta
T5358,CC(C)n1cnc2c(NCc3cccc(C(F)(F)F)c3)ncnc21,335.33,4.04,55.6,1,4,4,0,0.1316,BI-1467335,AOC3/VAP-1
T5533,Nc1nc(N[C@H]2CC3CCC2C3)sc1C(=O)c1ccccc1[N+](=O)[O-],358.42,3.47,111.2,2,7,5,0,0.1316,Firsocostat (GS-0976),ACC
T7560,CC(C)(C)C(=O)OCOC(=O)C1N2C(=O)C(N=CN3CCCCCC3)C2SC1(C)C,439.58,2.41,88.5,0,7,5,0,0.1316,Firsocostat (GS-0976),ACC
T15017,CNc1ccc([N+](=O)[O-])cc1-n1cnc(-c2ccc(C(F)(F)F)cc2)c1,362.31,4.51,73.0,1,4,4,0,0.1316,BI-1467335,AOC3/VAP-1
T16688,O=C(Nc1ccc(-n2nc(C(F)(F)F)cc2C(F)(F)F)cc1)c1ccncc1F,418.27,4.7,59.8,1,3,3,0,0.1316,BI-1467335,AOC3/VAP-1
T18975,O=S(=O)([O-])c1cc(N=C=S)ccc1/C=C/c1ccc(N=C=S)cc1S(=O)(=O)[O-],452.52,3.13,139.1,0,10,6,0,0.1316,Lanifibranor (IVA-337),PPAR-alpha/gamma/delta
TN1343,CC(C)=CCCC(C)=CCOc1c2occc2cc2ccc(=O)oc12,338.4,5.61,52.6,0,4,6,1,0.1316,BI-1467335,AOC3/VAP-1
T11894,Cc1nc2ccccn2c(=O)c1CCN1CCc2oc3ccccc3c2C1,359.43,3.35,50.8,0,4,3,0,0.1316,Firsocostat (GS-0976),ACC
T14899,CS(=O)(=O)c1cc(C2(NC(=O)c3cncc4c3cnn4-c3ccc(F)cc3)CC2)ccn1,451.48,2.78,106.8,1,6,5,0,0.1316,Cilofexor (GS-9674),FXR
TN2343,[H][C@@]12CC=C3C[C@@H](O[C@@H]4O[C@H](CO)[C@@H](O)[C@H](O)[C@H]4O)CC[C@]3(C)[C@@]1([H])C(=O)C1=C(C)[C@]3(CC[C@]12[H])O[C@]1([H])C[C@H](C)CN[C@@]1([H])[C@H]3C,587.75,2.01,137.7,5,9,3,1,0.1314,Firsocostat (GS-0976),ACC
T2834,COc1ccc(-c2cc(=O)c3c(OC)c(OC)c(OC)c(OC)c3o2)cc1OC,402.4,3.51,85.6,0,8,7,0,0.1313,Firsocostat (GS-0976),ACC
T6057,CN1CCN(Cc2ccc(-c3cnc4[nH]cc(-c5ccc6[nH]ccc6c5)c4c3)cc2)CC1,421.55,5.13,50.9,2,3,4,1,0.1313,Denifanstat (TVB-2640),FASN
T6358,O=C1Cc2c([nH]c3ccc(Br)cc23)-c2ncccc2N1,328.17,3.49,57.8,2,2,0,0,0.1313,Cilofexor (GS-9674),FXR
T3S1471,[H][C@@]12CC=C3C(C)(C)[C@H](O)[C@@H](O)C[C@@]3([H])[C@]1(C)C(=O)C[C@@]1(C)[C@@]2(C)C[C@@H](O)[C@]1([H])[C@@](C)(O)C(=O)CCC(C)(C)OC(C)=O,562.74,3.52,141.4,4,8,6,1,0.1313,Obeticholic acid (OCA),FXR
T4S0227,COc1ccc(-c2cc(=O)c3c(OC)c(OC)c(OC)cc3o2)cc1OC,372.37,3.5,76.4,0,7,6,0,0.1313,Firsocostat (GS-0976),ACC
T8229,COc1cc(OC)c2c(=O)cc(-c3ccc(OC)c(OC)c3)oc2c1,342.35,3.49,67.1,0,6,5,0,0.1313,Firsocostat (GS-0976),ACC
TN1088,COc1ccc(-c2oc3c(OC)c(OC)c(OC)c(OC)c3c(=O)c2OC)cc1OC,432.43,3.52,94.8,0,9,8,0,0.1313,Firsocostat (GS-0976),ACC
TN1702,COc1c(CC=C(C)C)c(O)cc2oc(=O)c(-c3ccc(O)cc3O)cc12,368.39,4.09,100.1,3,6,4,0,0.1313,VK2809,THR-beta
TQ0023,CC(=O)N(C)c1cc(-c2ccnc3c(C(=O)c4cccs4)cnn23)ccc1F,394.43,3.81,67.6,0,5,4,0,0.1313,Lanifibranor (IVA-337),PPAR-alpha/gamma/delta
T24984,O=C(NC(=S)Nc1cccc2cc(O)ccc12)c1ccco1,312.35,3.27,74.5,3,4,2,0,0.1313,Cilofexor (GS-9674),FXR
TN1271,COc1ccc(-c2cc(=O)c3c(OC)c(OC)c(OC)cc3o2)cc1,342.35,3.49,67.1,0,6,5,0,0.1313,Firsocostat (GS-0976),ACC
T60036,CN(C)S(=O)(=O)c1ccc(S(=O)(=O)Nc2cccc(Cl)c2N2CCCCC2)cc1,458.01,3.38,86.8,1,5,6,0,0.1313,Cilofexor (GS-9674),FXR
T60054,O=C1Nc2ccc(S(=O)(=O)Nc3ccc(O)c(Cl)c3)c3cccc1c23,374.81,3.57,95.5,3,4,3,0,0.1313,VK2809,THR-beta
T15164,O=C1NC(=O)C(c2cn(-c3ccccc3)nc2-c2ccc(F)cc2)N1,336.33,2.56,76.0,2,3,3,0,0.1313,Cilofexor (GS-9674),FXR
T67873,O=[N+]([O-])c1ccc(NC(=S)NC2CCN(c3cccc(C(F)(F)F)n3)CC2)cc1,425.44,3.96,83.3,2,5,4,0,0.1313,Denifanstat (TVB-2640),FASN
T67936,CCc1ccc(-c2nc3cc(NC(=O)c4cc([N+](=O)[O-])ccc4Br)ccc3o2)cc1,466.29,5.98,98.3,1,5,5,1,0.1313,Lanifibranor (IVA-337),PPAR-alpha/gamma/delta
T27679,CN(C)C(=O)CCn1nc(Nc2ccc3c(c2)OC(F)(F)O3)nc1-c1ccncc1,416.39,2.88,94.4,1,7,6,0,0.1313,Lanifibranor (IVA-337),PPAR-alpha/gamma/delta
T77650,NC1=NC(c2ccc(Cl)cc2Cl)N2C(=N1)Nc1ccccc12,332.19,3.61,66.0,2,5,1,0,0.1313,Cilofexor (GS-9674),FXR
T33535,Cc1cc(-c2ccccc2)nnc1N1CCN(c2ncccn2)CC1,332.41,2.57,58.0,0,6,3,0,0.1313,Firsocostat (GS-0976),ACC
T78701,COc1cc(-c2ccnn2-c2ccc(N)cc2)cc(OC)c1OC,325.37,3.15,71.5,1,5,5,0,0.1313,Firsocostat (GS-0976),ACC
T62826,Cn1cc(-c2ccc(C(=O)[O-])c(/C=C/C(=O)c3c(F)cc(-c4cn[nH]c4)cc3F)c2)cn1,433.39,3.02,103.7,1,5,6,0,0.1313,Lanifibranor (IVA-337),PPAR-alpha/gamma/delta
T19701,CS(=O)(=O)Nc1ccc(Cc2noc(-c3ccc4[nH]cc(CCN)c4c3)n2)cc1,411.49,2.68,126.9,3,6,7,0,0.1313,Lanifibranor (IVA-337),PPAR-alpha/gamma/delta
T85335,C=CC(=O)N1C[C@H](c2ccc(Br)cc2)[C@@H]1C(=O)Nc1cccc2cccnc12,436.31,4.12,62.3,1,3,4,0,0.1313,Denifanstat (TVB-2640),FASN
T11478L,Fc1cc(-c2cccc(-c3nnc[nH]3)c2)cc(F)c1CNC1Cc2ccccc2C1,402.45,4.67,53.6,2,3,5,0,0.1313,VK2809,THR-beta
T0466,Cc1ccc(-c2cc(C(F)(F)F)nn2-c2ccc(S(N)(=O)=O)cc2)cc1,381.38,3.51,78.0,1,3,3,0,0.1310,Lanifibranor (IVA-337),PPAR-alpha/gamma/delta
T2021,CCN1c2cc(N)ccc2-c2ccc(N)cc2C1c1ccccc1,315.42,4.45,55.3,2,3,2,0,0.1310,Denifanstat (TVB-2640),FASN
T2495,Nc1nc(OCc2cc(Br)cs2)c2[nH]cnc2n1,326.18,2.34,89.7,2,6,3,0,0.1310,Lanifibranor (IVA-337),PPAR-alpha/gamma/delta
T3618,C[C@H](CS(C)(=O)=O)n1ccc2c(C(F)(F)F)c(C#N)ccc21,330.33,3.14,62.9,0,3,3,0,0.1310,Resmetirom,THR-beta
T5109,Cn1cc(-c2cc3c(N4CCN(c5ncc([C@@](C)(N)c6ccc(F)cc6)cn5)CC4)ncnn3c2)cn1,498.57,2.61,106.3,1,8,5,0,0.1310,BI-1467335,AOC3/VAP-1
T10324,[H][C@@]12C(=C[C@H](C)C[C@@H]1OC(=O)C(C)(C)CC)C=C[C@H](C)[C@@H]2CC[C@@H]1CC=CC(=O)O1,400.56,5.39,52.6,0,4,6,1,0.1310,BI-1467335,AOC3/VAP-1
T10772,CNCCCOc1cc(F)c(-c2c(Cl)nc3ncnn3c2N[C@@H](C)C(F)(F)F)c(F)c1,464.83,4.07,76.4,2,6,8,0,0.1310,BI-1467335,AOC3/VAP-1
T36010,O=c1c(-c2ccc(F)cc2)c(-c2ccncc2)[nH]n1-c1ccc(Cl)cc1,365.8,4.69,50.7,1,2,3,0,0.1310,Lanifibranor (IVA-337),PPAR-alpha/gamma/delta
T28904,CCS(=O)(=O)c1oc(-c2ccc(F)cc2)nc1S(=O)(=O)c1ccccc1,395.43,3.11,94.3,0,6,5,0,0.1310,Lanifibranor (IVA-337),PPAR-alpha/gamma/delta
T0292,C[C@@H]1CN(c2c(F)c(F)c3c(=O)c(C(=O)O)cn(C4CC4)c3c2F)C[C@H](C)N1,395.38,2.64,74.6,2,4,3,0,0.1308,Firsocostat (GS-0976),ACC
T5405,CN(C)C(=O)Cn1cc(-c2ccc(-c3cncc4ccccc34)cc2)cn1,356.43,3.85,51.0,0,3,4,0,0.1308,Firsocostat (GS-0976),ACC
T5451,COc1cccc(-c2cnc3c(-c4cccnc4)cnn3c2N)c1,317.35,3.05,78.3,1,5,3,0,0.1308,Firsocostat (GS-0976),ACC
T7905,COc1ccc(NC(=S)NCCCn2ccnc2)cc1OC,320.42,2.28,60.3,2,4,7,0,0.1308,Firsocostat (GS-0976),ACC
T11345L,CC(C)N1CCN(c2ccc(Nc3ncc4cc5n(c4n3)C3(CCCCC3)CNC5=O)nc2)CC1,474.61,3.5,91.2,2,7,4,0,0.1308,Denifanstat (TVB-2640),FASN
T14367,c1nc(NC2CCC(N3CCOCC3)CC2)c2c(C3CCOCC3)c[nH]c2n1,385.51,2.91,75.3,2,6,4,0,0.1308,Firsocostat (GS-0976),ACC
TN1019,COc1cc2oc3cc(O)c(OC)c(CC=C(C)C)c3c(=O)c2c(O)c1CC=C(C)C,424.49,5.39,89.1,2,6,6,1,0.1308,Firsocostat (GS-0976),ACC
TN7030,COC1=C(OC)C(=O)[C@@]23C(=C1)C[C@@H](C)[C@@]2(C)[C@@H](O)c1cc2c(c(OC)c13)OCO2,400.43,2.77,83.5,1,7,3,0,0.1308,VK2809,THR-beta
T17179,O=C1c2cc3nnn(CCc4cccc(F)c4)c(=O)c3cc2OCN1C1CC1,380.38,2.13,77.3,0,5,4,0,0.1308,VK2809,THR-beta
T11929,Cc1ccc(Cn2cc(CNC3=C(Cl)C(=O)c4cccnc4C3=O)nn2)cc1,393.83,2.65,89.8,1,6,5,0,0.1308,Cilofexor (GS-9674),FXR
T12310,CN1CCN(c2ccc(Nc3ncc4c(n3)SC(=Cc3ccc([N+](=O)[O-])cc3)C(=O)N4)cc2)CC1,489.56,3.97,116.5,2,9,5,0,0.1308,Denifanstat (TVB-2640),FASN
T36310,Cn1ncc(C#N)c1-c1ccc2c(c1)CN([C@H](CN)Cc1cccc(F)c1)C2=O,389.43,2.62,87.9,1,4,5,0,0.1308,Denifanstat (TVB-2640),FASN
T38927,O=[N+]([O-])c1cccc2nc(CNc3nc(N4CCOCC4)nc4c3ncn4-c3ccsc3)[nH]c12,477.51,3.11,139.9,2,10,6,0,0.1308,Firsocostat (GS-0976),ACC
TN9831,CC(C)=CCc1c(O)cc(O)c2c(=O)cc(-c3ccc4c(c3O)C=CC(C)(C)O4)oc12,420.46,5.27,100.1,3,6,3,1,0.1308,VK2809,THR-beta
T205964,COc1ccc(-c2cnc3c(-c4ccnc5ccccc45)cnn3c2)cc1,352.4,4.62,52.3,0,4,3,0,0.1308,Firsocostat (GS-0976),ACC
T2001,CS(=O)(=O)c1cccc(CNc2nc(Nc3ccc4c(c3)CCC(=O)N4)ncc2C(F)(F)F)c1,491.5,4.14,113.1,3,7,6,0,0.1304,BI-1467335,AOC3/VAP-1
T2614,Cn1cc(-c2ccc3c(c2)CCN3C(=O)Cc2cccc(C(F)(F)F)c2)c2c(N)ncnc21,451.45,4.37,77.0,1,4,3,0,0.1304,BI-1467335,AOC3/VAP-1
T2970,C=C(C)[C@H]1Cc2c(ccc3c2O[C@@H]2COc4cc(OC)c(OC)cc4[C@@H]2C3=O)O1,394.42,3.7,63.2,0,6,3,0,0.1304,Firsocostat (GS-0976),ACC
T3348,Cc1ccccc1-n1c(Cn2ncc3c(N)ncnc32)nc2cccc(C)c2c1=O,397.44,2.77,104.5,1,6,3,0,0.1304,Firsocostat (GS-0976),ACC
T3488,COc1c(O)cc2occ(-c3ccc(O)cc3)c(=O)c2c1O,300.27,2.59,100.1,3,6,2,0,0.1304,BI-1467335,AOC3/VAP-1
T3642,O=[N+]([O-])c1cn2c(n1)OC[C@@H](OCc1ccc(-c3ccc(OC(F)(F)F)cc3)nc1)C2,436.35,3.73,101.5,0,7,6,0,0.1304,Cilofexor (GS-9674),FXR
T5S0055,CN1Cc2c(ccc3c2OCO3)[C@@H]2[C@H]1c1cc3c(cc1C[C@@H]2O)OCO3,353.37,2.33,60.4,1,6,0,0,0.1304,Denifanstat (TVB-2640),FASN
T7324,[H][C@@]12c3ccc4c(c3CN(C)[C@]1([H])c1cc3c(cc1C[C@@H]2O)OCO3)OCO4,353.37,2.33,60.4,1,6,0,0,0.1304,Denifanstat (TVB-2640),FASN
T7370,CCC(CC)C(c1ccc(Nc2nc3ccccc3s2)cc1)n1cncn1,377.52,5.66,55.6,1,5,7,1,0.1304,Lanifibranor (IVA-337),PPAR-alpha/gamma/delta
T3S0137,CC(C)=CCc1cc(C(=O)/C=C/c2ccc(O)cc2)c(O)cc1O,324.38,4.21,77.8,3,4,5,0,0.1304,BI-1467335,AOC3/VAP-1
T21231,CN(C)CCc1c[nH]c2ccc(CS(=O)(=O)N3CCCC3)cc12,335.47,2.2,56.4,1,3,6,0,0.1304,Denifanstat (TVB-2640),FASN
T8868,NS(=O)(=O)c1ccc2c(c1)C1C=CCC1C(c1ccc(Br)cc1)N2,405.32,3.92,72.2,2,3,2,0,0.1304,Denifanstat (TVB-2640),FASN
TN1287,COc1cc(-c2cc(=O)c3c(O)c(OC)c(O)cc3o2)cc(O)c1OC,360.32,2.6,118.6,3,8,4,0,0.1304,BI-1467335,AOC3/VAP-1
T15665,NC(=O)c1ccc(-c2cc(-c3ccc([N+](=O)[O-])cc3)nc(-c3ccco3)c2)cc1,385.38,4.68,112.3,1,5,5,0,0.1304,Denifanstat (TVB-2640),FASN
TN1342,[H][C@@]12C[C@@]3([H])[C@]4(C)C[C@@H](c5ccoc5)OC(=O)[C@]4([H])C[C@H](OC(C)=O)[C@]3([H])[C@@]([H])(C1)C(=O)O2,388.42,2.79,92.0,0,7,2,0,0.1304,Obeticholic acid (OCA),FXR
T38332,CC(=O)c1nn(CC(=O)N2[C@@H]3C[C@@H]3C[C@H]2C(=O)Nc2cccc(Br)n2)c2ccc(-c3cnc(C)nc3)cc12,574.44,3.79,123.0,1,7,6,1,0.1304,Denifanstat (TVB-2640),FASN
TN1266,COc1c(-c2ccc(O)c(O)c2)oc2cc(O)cc(O)c2c1=O,316.27,2.29,120.4,4,7,2,0,0.1304,VK2809,THR-beta
T21966,CN1C(=O)/C(=C2\Nc3ccccc3\C2=N/O)c2ccc(Br)cc21,370.21,3.44,64.9,2,4,0,0,0.1304,Denifanstat (TVB-2640),FASN
T11179,O=C(Nc1ccc(Cl)c(S(=O)(=O)N2CCNCC2)c1O)Nc1cccc(F)c1Cl,463.32,3.08,110.8,4,5,4,0,0.1304,Lanifibranor (IVA-337),PPAR-alpha/gamma/delta
T11383,Cc1cccc(NC(=O)Nc2ccc(-c3csc4ncnc(N)c34)cc2)c1,375.46,4.89,92.9,3,5,3,0,0.1304,Lanifibranor (IVA-337),PPAR-alpha/gamma/delta
T21782,NC[C@@H]1O[C@H](C23CC4CC(CC(C4)C2)C3)Cc2c1ccc(O)c2O,329.44,3.26,75.7,3,4,2,0,0.1304,VK2809,THR-beta
T14502,Cc1cc2c(cc1N1C(=O)c3cccc4c(CCCO)ccc(c34)C1=O)n(C)c(=O)n2C,429.48,3.06,84.5,1,4,4,0,0.1304,Lanifibranor (IVA-337),PPAR-alpha/gamma/delta
T23470,CCCCNc1c(C(=O)OCC)c(C)nc2c1cnn2CC,304.39,3.15,69.0,1,5,7,0,0.1304,Denifanstat (TVB-2640),FASN
T10888,N[C@H](CNc1nc(-c2ccncc2)nc2sc3c(c12)CCCC3)Cc1ccccc1,415.57,4.61,76.7,2,6,6,0,0.1304,Firsocostat (GS-0976),ACC
T64358,COc1cc(/C=C/C(=O)N2CCC/C(=C\c3cc(OC)c(OC)c(OC)c3)C2=O)ccc1OC(C)=O,495.53,3.89,100.6,0,8,8,0,0.1304,Firsocostat (GS-0976),ACC
T14005,N[C@@H](CC(=O)N1CCN(C(c2ccc(F)cc2)c2ccc(F)cc2)CC1)C(=O)N1Cc2ccccc2C1,504.58,3.46,69.9,1,4,6,1,0.1304,Denifanstat (TVB-2640),FASN
TN1622,COc1ccc(-c2oc3cc(O)cc(O)c3c(=O)c2OC)cc1,314.29,2.89,89.1,2,6,3,0,0.1304,VK2809,THR-beta
T27404,[H][C@@]12CC=C[C@]1([H])c1cc(S(N)(=O)=O)ccc1N[C@@H]2c1ccc(Br)cc1,405.32,3.92,72.2,2,3,2,0,0.1304,Denifanstat (TVB-2640),FASN
T26917,CN(c1ccc(NC(=O)Nc2ccccc2)cc1)S(=O)(=O)c1cnn(-c2ccc(F)cc2)c1,465.51,4.48,96.3,2,4,6,0,0.1304,Lanifibranor (IVA-337),PPAR-alpha/gamma/delta
T36184,CC1(c2ccc(Oc3ccccc3)cc2)OC(=O)N(Nc2ccccc2)C1=O,374.4,4.7,67.9,1,5,5,0,0.1304,BI-1467335,AOC3/VAP-1
T79099,Cc1cc(Nc2cc(C)[nH]n2)nc(-c2ccc(N3CC4CC(C3)N4Cc3ccc(-n4cc(F)cn4)nc3)nc2)n1,537.61,3.81,116.6,2,9,7,1,0.1304,Denifanstat (TVB-2640),FASN
T204712,CCNc1nc(CC)c(C(=O)NC(C#N)c2cccs2)s1,320.44,3.19,77.8,2,6,6,0,0.1304,Lanifibranor (IVA-337),PPAR-alpha/gamma/delta
T27404L,[H][C@@]12C=CC[C@]1([H])[C@H](c1ccc(Br)cc1)Nc1ccc(S(N)(=O)=O)cc12,405.32,3.92,72.2,2,3,2,0,0.1304,Denifanstat (TVB-2640),FASN
T2297,Cc1ccccc1-n1c(Cn2nc(-c3cccc(O)c3)c3c(N)ncnc32)nc2cccc(C)c2c1=O,489.54,4.15,124.7,2,7,4,0,0.1301,Firsocostat (GS-0976),ACC
T21883,CC(=O)O[C@H]1C[C@@H]2C(C)(C)C(=O)C=C[C@]2(C)[C@@H]2CC[C@@]3(C)[C@@H](c4ccoc4)OC(=O)[C@H]4O[C@]43[C@@]12C,482.57,4.56,95.3,0,7,2,0,0.1301,Firsocostat (GS-0976),ACC
T1382,COC1=CC(=O)C[C@@H](C)[C@]12Oc1c(Cl)c(OC)cc(OC)c1C2=O,352.77,2.81,71.1,0,6,3,0,0.1300,Cilofexor (GS-9674),FXR
T1809,O=C(Nc1cccc(C(F)(F)F)c1)Nc1cc(S(=O)(=O)NC2CC2)ccc1-c1ccsc1,481.52,5.52,87.3,3,4,6,1,0.1300,Lanifibranor (IVA-337),PPAR-alpha/gamma/delta
T2002,CCc1cncnc1N1CCN(Cc2nc3ccc(C(F)(F)F)cc3[nH]2)CC1,390.41,3.26,60.9,1,5,4,0,0.1300,Denifanstat (TVB-2640),FASN
T2005,CN1CCN(Cc2ccc(Nc3ncc(Cl)c(Nc4ccccc4S(=O)(=O)N(C)C)n3)cc2)CC1,516.07,3.61,93.7,2,8,8,1,0.1300,Lanifibranor (IVA-337),PPAR-alpha/gamma/delta
T6502,CC(=O)OCC(=O)[C@@]12OC(C)(C)O[C@@H]1C[C@H]1[C@@H]3C[C@H](F)C4=CC(=O)C=C[C@]4(C)[C@@]3(F)[C@@H](O)C[C@@]12C,494.53,2.94,99.1,1,7,3,0,0.1300,Obeticholic acid (OCA),FXR
T2S0223,COc1ccc(-c2cc(=O)c3c(OC)cc(OC)c(OC)c3o2)cc1OC,372.37,3.5,76.4,0,7,6,0,0.1300,Firsocostat (GS-0976),ACC
T7800,CC(Nc1ccccc1)=C1C(=O)NC(Cc2ccccc2)C1=O,306.37,2.68,58.2,2,3,4,0,0.1300,Firsocostat (GS-0976),ACC
T8152,COc1ccc(-c2cc(=O)c3c(OC)cc(OC)c(OC)c3o2)cc1,342.35,3.49,67.1,0,6,5,0,0.1300,Firsocostat (GS-0976),ACC
T13349,Cc1cc(Sc2nnnn2CCN(C)C)n2nc(SCc3ccc(Cl)cc3)nc2n1,462.01,3.08,89.9,0,9,8,0,0.1300,Lanifibranor (IVA-337),PPAR-alpha/gamma/delta
TN1068,COc1cc(-c2cc(=O)c3c(O)cc(O)cc3o2)cc(OC)c1O,330.29,2.59,109.4,3,7,3,0,0.1300,Firsocostat (GS-0976),ACC
T8766,O=C(Nc1ccc(Cl)cc1)N1CCN(c2cccc3[nH]ccc23)CC1,354.84,4.18,51.4,2,2,2,0,0.1300,Cilofexor (GS-9674),FXR
TN5137,COc1ccc(-c2oc3cc(OC)cc(OC)c3c(=O)c2OC)cc1,342.35,3.49,67.1,0,6,5,0,0.1300,Firsocostat (GS-0976),ACC
TN4114,COc1cc(-c2cc(=O)c3c(O)c(OC)c(OC)c(OC)c3o2)cc(OC)c1OC,418.4,3.22,105.8,1,9,7,0,0.1300,Firsocostat (GS-0976),ACC
T16380,O=C(O)Cc1ccc2oc(-c3ccc(NC(=O)C=Cc4ccc(Br)cc4)c(F)c3)nc2c1,495.3,5.68,92.4,2,4,6,1,0.1300,Lanifibranor (IVA-337),PPAR-alpha/gamma/delta
T7368,Oc1ccc(-c2cnc3ccc(NCc4ccco4)nn23)cc1,306.32,3.31,75.6,2,5,4,0,0.1300,Cilofexor (GS-9674),FXR
T29211,CCc1cc(OCc2ccc(-c3ccccc3-c3nnn[nH]3)cc2)c2c(n1)CCCC2,411.51,4.95,76.6,1,5,6,0,0.1300,Denifanstat (TVB-2640),FASN
T40813,[H][C@@]12Cc3cc(OC)cc(O)c3-c3c4c(cc(c31)CCN2)OCO4,311.34,2.54,60.0,2,5,1,0,0.1300,VK2809,THR-beta
T1876,Cc1ccc(NC(=S)NNc2c([N+](=O)[O-])cc(C(F)(F)F)cc2[N+](=O)[O-])cc1Cl,449.8,4.8,122.4,3,6,5,0,0.1299,BI-1467335,AOC3/VAP-1
T2383,Cc1[nH]c2ccccc2c1CCNCc1ccc(/C=C/C(=O)NO)cc1,349.43,3.33,77.2,4,3,7,0,0.1299,BI-1467335,AOC3/VAP-1
T3493,Clc1ccccc1-c1nnc(-c2ccccc2Cl)nn1,303.15,3.91,51.6,0,4,2,0,0.1299,Cilofexor (GS-9674),FXR
T5586,Cc1ccc(Nc2c(C(N)=O)cnc3cc(-c4ccncc4)ccc23)cc1C,368.44,4.76,80.9,2,4,4,0,0.1299,BI-1467335,AOC3/VAP-1
T7990,[H][C@@]12CCC3=CC(=O)CC[C@]3(C)[C@@]1(O)CC[C@]1(C)C(=O)CC[C@@]21[H],302.41,3.2,54.4,1,3,0,0,0.1299,Obeticholic acid (OCA),FXR
TP1167,N=C(N)NCCC[C@H](NC(=O)OCC1c2ccccc2-c2ccccc21)C(=O)O,396.45,2.24,137.5,5,4,8,0,0.1299,BI-1467335,AOC3/VAP-1
T14188,FC(F)(F)Oc1ccc(-c2ccnc(Nc3ccc4[nH]ncc4c3)n2)cc1,371.32,4.66,75.7,2,5,4,0,0.1299,BI-1467335,AOC3/VAP-1
T13613,CC(CN(C)C)NC(=O)c1cccc2[nH]c(-c3ccncc3)nc12,323.4,2.3,73.9,2,4,5,0,0.1299,BI-1467335,AOC3/VAP-1
T61172,O=C(Nc1cccc(-c2ccn[nH]2)c1)c1ccc(C(F)(F)F)[nH]c1=O,348.28,3.04,90.6,3,3,3,0,0.1299,BI-1467335,AOC3/VAP-1
T61037,CCCCc1ccc(N2C(=O)/C(=N/NC(=N)N)c3ccccc32)cc1,335.41,2.89,94.6,3,3,5,0,0.1299,BI-1467335,AOC3/VAP-1
T75361,O=C(O)c1cc(/C=C/c2ccc(/C=C/c3ccc(O)c(C(=O)O)c3)c(Br)c2)ccc1O,481.3,5.6,115.1,4,4,6,1,0.1299,Lanifibranor (IVA-337),PPAR-alpha/gamma/delta
T1987,O=C([C@@H](Cc1cccc(C(F)(F)F)c1)NS(=O)(=O)c1cc(F)c2c(c1)CCNC2)N1CCCC1,499.53,3.0,78.5,2,4,6,0,0.1296,Denifanstat (TVB-2640),FASN
T2381,CCN1CCN(Cc2ccc(Nc3ncc(F)c(-c4cc(F)c5nc(C)n(C(C)C)c5c4)n3)nc2)CC1,506.61,4.94,75.0,1,7,7,1,0.1296,Denifanstat (TVB-2640),FASN
T3624,COc1cc2c(cc1OCCCN1CCCC1)N=C(N)C21CCC1,329.44,2.98,60.1,1,5,6,0,0.1296,Firsocostat (GS-0976),ACC
T3968,C(#Cc1nc2ncccc2nc1OCCN1CCCC1)c1ccccc1,344.42,2.9,51.1,0,5,4,0,0.1296,Firsocostat (GS-0976),ACC
T4668,Nc1ncnc2nc(-c3ccc(N4CCOCC4)nc3)cc(-c3cccc(Br)c3)c12,463.34,3.94,90.0,1,7,3,0,0.1296,Cilofexor (GS-9674),FXR
TN1087,[H][C@]12COC(=O)[C@]1([H])[C@H](c1cc(OC)c(OC)c(OC)c1)c1cc3c(cc1C2)OCO3,398.41,2.92,72.5,0,7,4,0,0.1296,Firsocostat (GS-0976),ACC
TN3820,[H][C@@]12CC[C@]3(CC=C(C(=O)O)CC[C@@]31O)C(=O)O[C@]2(C)/C=C/C=C(\C)C(=O)O,376.41,2.21,121.1,3,5,4,0,0.1296,Cilofexor (GS-9674),FXR
TN1757,COC[C@H]1Cc2cc(OC)c3c(c2[C@@H](c2ccc(OC)c(OC)c2)[C@@H]1COC)OCO3,430.5,3.65,64.6,0,7,8,0,0.1296,Firsocostat (GS-0976),ACC
T13767,O=C(Nc1nnc(-c2ccc(F)cc2)o1)N1CCc2ccccc2C1,338.34,3.47,71.3,1,4,2,0,0.1296,Firsocostat (GS-0976),ACC
T34532,CCc1noc(C)c1-c1[nH]c2ccccc2c1C(O)CN(C)C,313.4,3.29,65.3,2,4,5,0,0.1296,Firsocostat (GS-0976),ACC
T15507,CCN(CC)CCNc1ccc(CO)c2sc3ccccc3c(=O)c12,356.49,3.66,52.6,2,5,7,0,0.1296,Firsocostat (GS-0976),ACC
T11966,O=C(NC1CCN(Cc2ccc3c(c2)OCO3)CC1)c1cc(=O)c2cc(F)ccc2o1,424.43,3.06,81.0,1,6,4,0,0.1296,VK2809,THR-beta
T38960,C=CC(=O)Nc1cc(-n2c(=O)ccc3cnc4ccc(-c5cn[nH]c5)cc4c32)ccc1C,421.46,4.36,92.7,2,4,4,0,0.1296,Denifanstat (TVB-2640),FASN
T27395,N=C(N)c1ccc(-c2ccc(-c3ccc(C(=N)N)cc3)o2)cc1,304.35,3.18,112.9,4,3,4,0,0.1296,BI-1467335,AOC3/VAP-1
T0687,CCC(C)(C)C(=O)O[C@H]1C[C@@H](C)C=C2C=C[C@H](C)[C@H](CC[C@@H]3C[C@@H](O)CC(=O)O3)[C@H]21,418.57,4.59,72.8,1,5,6,0,0.1294,BI-1467335,AOC3/VAP-1
T11110,N#Cc1nc2c(nc1C#N)-c1ccccc1/C2=N\OCc1ccccc1,337.34,3.17,95.0,0,6,3,0,0.1294,Denifanstat (TVB-2640),FASN
T23516,O=[N+]([O-])c1ccc(CN2CCOCCOCCN(Cc3ccc([N+](=O)[O-])cc3)CCOCC2)cc1,488.54,2.87,120.5,0,9,6,0,0.1294,VK2809,THR-beta
T64312,O=C(/C=C1\CCOc2cc(C(F)(F)F)ccc21)Nc1cccc2c1C[C@H](O)CC2,403.4,4.36,58.6,2,3,2,0,0.1294,BI-1467335,AOC3/VAP-1
T2237,O=C1[C@H](Cc2ccc(O)cc2)N2C(=O)CCN(C(=O)NCc3ccccc3)[C@H]2CN1Cc1cccc2ccccc12,548.64,4.27,93.2,2,4,6,1,0.1293,Cilofexor (GS-9674),FXR
T6036,Cc1cc2c(F)c(Oc3ncnn4cc(OC[C@@H](C)O)c(C)c34)ccc2[nH]1,370.38,3.52,84.7,2,5,5,0,0.1293,Firsocostat (GS-0976),ACC
T6113,O=C1[C@@H](Cc2ccc(O)cc2)N2C(=O)CCN(C(=O)NCc3ccccc3)[C@@H]2CN1Cc1cccc2ccccc12,548.64,4.27,93.2,2,4,6,1,0.1293,Cilofexor (GS-9674),FXR
TQ0228,COCCNCCc1cccc(Nc2ncc3c(n2)-c2ccccc2[C@H](c2ccccc2F)C3)c1,468.58,5.49,59.1,2,5,9,1,0.1293,Cilofexor (GS-9674),FXR
TQ0048,CCCS(=O)(=O)Nc1ccc(F)c(-n2cc(-c3cncnc3)c3nc(N(C)C4CCN(CC)CC4)ccc32)c1F,569.68,4.83,96.2,1,7,9,1,0.1293,Denifanstat (TVB-2640),FASN
T37806,C[C@H]1Cc2c(nnn2-c2ncc(F)cn2)CN1C(=O)c1ccnc(C(F)(F)F)c1F,425.32,2.34,89.7,0,6,2,0,0.1293,Firsocostat (GS-0976),ACC
T73462L,Cc1ccc([C@@H]2C[C@H]2COc2cc(NCc3nnc(C)s3)nc(C)n2)nc1,382.49,3.44,85.7,1,8,7,0,0.1293,Firsocostat (GS-0976),ACC
T73462,Cc1ccc([C@H]2C[C@@H]2COc2cc(NCc3nnc(C)s3)nc(C)n2)nc1,382.49,3.44,85.7,1,8,7,0,0.1293,Firsocostat (GS-0976),ACC
T10298L,Cn1c(NC[C@@H](N)Cc2ccccc2)nc(-c2ccncc2)c(-c2ccc3ccccc3c2)c1=O,461.57,4.64,85.8,2,5,7,0,0.1293,Firsocostat (GS-0976),ACC
T0955,O=C(Nc1cc(Cl)cc(Cl)c1O)c1c(O)c(Cl)cc(Cl)c1Cl,401.46,5.62,69.6,3,3,2,1,0.1290,BI-1467335,AOC3/VAP-1
T1914,COc1cc(-c2cc(-c3cccc(O)c3)cnc2N)cc(OC)c1OC,352.39,3.73,86.8,2,6,5,0,0.1290,VK2809,THR-beta
T3209,COCCOc1cnc2ccn([C@H](C)c3nnc4c(F)cc(-c5cnn(C)c5)cn34)c(=O)c2c1,463.47,2.61,101.4,0,7,7,0,0.1290,BI-1467335,AOC3/VAP-1
T3500,CC(=O)OC(C)OC(=O)C(C)c1ccc(-c2ccccc2)c(F)c1,330.36,4.05,52.6,0,4,5,0,0.1290,VK2809,THR-beta
T16398,Cc1c(Cl)c(C)[n+]([O-])c(Cl)c1-c1noc(-c2cc(O)c(O)c([N+](=O)[O-])c2)n1,413.17,3.28,149.5,2,8,3,0,0.1290,Lanifibranor (IVA-337),PPAR-alpha/gamma/delta
T10138,COc1ccc2nc([S+]([O-])Cc3ncc(C)cc3C)[nH]c2c1,315.4,2.89,73.9,1,4,4,0,0.1290,Denifanstat (TVB-2640),FASN
T8958,C#CCCCn1cnc(N)c2nc(Sc3ccc(C)cc3C)nc1-2,337.45,3.54,69.6,1,5,5,0,0.1290,Lanifibranor (IVA-337),PPAR-alpha/gamma/delta
T9032,O=C(CSc1ncn[nH]1)Nc1ccc(C23CC4CC(CC(C4)C2)C3)cc1,368.51,4.0,70.7,2,4,5,0,0.1290,Denifanstat (TVB-2640),FASN
T18889,Nc1ccc2c(c1)C(=O)OC21c2ccc(O)cc2Oc2cc(O)ccc21,347.33,3.25,102.0,3,6,0,0,0.1290,Cilofexor (GS-9674),FXR
T9854,Cn1ccc(=O)c(C(=O)Nc2nsc3ccc([N+](=O)[O-])cc23)c1,330.33,2.16,107.1,1,6,3,0,0.1290,Lanifibranor (IVA-337),PPAR-alpha/gamma/delta
T9643,C=CCn1c(=O)c2cnc(Nc3ccc(N4CCN(C)CC4)cc3)nc2n1-c1ccc2c(n1)[C@@](O)(CC)CC2,526.65,3.2,104.3,2,8,7,1,0.1290,Cilofexor (GS-9674),FXR
T21838,O=C(Oc1cccc2ccccc12)c1cc([N+](=O)[O-])cc([N+](=O)[O-])c1,338.28,3.88,112.6,0,6,4,0,0.1290,Cilofexor (GS-9674),FXR
T11915,O=C(c1ccc(O)cc1)c1c(-c2ccc(O)cc2)sc2cc(O)ccc12,362.41,4.92,77.8,3,5,3,0,0.1290,BI-1467335,AOC3/VAP-1
T68020,[H][C@@]12CC[C@]3([H])[C@]([H])(CC[C@@]4(C)[C@@]3([H])CC[C@@]4(O)C#C)[C@@]1(C)Cc1cn(S(C)(=O)=O)nc1C2,416.59,3.01,72.2,1,4,1,0,0.1290,Obeticholic acid (OCA),FXR
T5351L,CC(C)NCCCn1c(Sc2cc(Cl)cc(Cl)c2)nc2c(N)ncnc21,411.36,4.25,81.7,2,6,7,0,0.1290,Lanifibranor (IVA-337),PPAR-alpha/gamma/delta
T14326,CCCc1c(OCc2cccn3c(=O)c(-c4nnn[nH]4)cnc23)ccc(C(C)=O)c1O,420.43,2.31,135.4,2,8,7,0,0.1290,Firsocostat (GS-0976),ACC
T2373,Cc1cc(Cn2nnc3c(-c4ccco4)nc(N)nc32)ccc1N,321.34,2.0,121.7,2,7,3,0,0.1287,VK2809,THR-beta
T2421,COc1cc2ncnc(Sc3nnc(C)s3)c2cc1OC,320.4,2.96,70.0,0,8,4,0,0.1287,Firsocostat (GS-0976),ACC
T6075,C/C(=C\c1csc(C)n1)[C@@H]1C[C@@H]2O[C@]2(C)CCC[C@H](C)[C@H](O)[C@@H](C)C(=O)C(C)(C)[C@@H](O)CC(=O)O1,507.69,4.48,109.2,2,8,2,1,0.1287,Obeticholic acid (OCA),FXR
T4S1999,CC(=O)OCC1=CO[C@@H](OC(=O)CC(C)C)[C@H]2C1=C[C@H](OC(=O)CC(C)C)[C@]21CO1,422.47,2.66,100.7,0,8,8,0,0.1287,VK2809,THR-beta
T16708,Cc1cccc(-c2n[nH]cc2-c2ccc(F)c(-c3cnn(CCO)c3)c2)n1,363.4,3.44,79.6,2,4,5,0,0.1287,Denifanstat (TVB-2640),FASN
T14844,CC(C)c1cc(Br)c(NC(=O)Nc2cccnc2)c(Br)c1,413.11,5.37,54.0,2,2,3,1,0.1287,Firsocostat (GS-0976),ACC
T12871,C[C@@H]1CN(Cc2ccc(F)cc2)[C@@H](C)CN1C(=O)c1cc2c(C(=O)C(=O)N(C)C)cn(C)c2cc1Cl,513.01,3.98,65.9,0,4,5,1,0.1287,Lanifibranor (IVA-337),PPAR-alpha/gamma/delta
T8981,C=CCn1nc(-c2ccc(O)cc2O)c2cccc(C(F)(F)F)c21,334.3,4.32,58.3,2,3,3,0,0.1287,Cilofexor (GS-9674),FXR
T34896,CCC1C(C)=NN=C(c2ccc(OC)c(OC)c2)c2cc(OC)c(OC)cc21,382.46,4.44,61.6,0,6,6,0,0.1287,Firsocostat (GS-0976),ACC
TN1579,[H][C@@]12CC=C3C(C)(C)C(=O)[C@@H](O)C[C@@]3([H])[C@]1(C)C(=O)C[C@@]1(C)[C@@]2(C)C[C@@H](O)[C@]1([H])[C@@](C)(O)C(=O)CCC(C)(C)OC(C)=O,560.73,3.72,138.2,3,8,6,1,0.1287,Obeticholic acid (OCA),FXR
T62042,Cc1nnc(N2N=C(c3ccc(N)c(C)c3)c3cc4c(cc3C[C@H]2C)OCO4)s1,407.5,3.67,85.9,1,8,2,0,0.1287,Denifanstat (TVB-2640),FASN
T73185,CNCCN(C)Cc1cncc(-c2ccc(NS(=O)(=O)C3CC3)cc2)c1,374.51,2.3,74.3,2,5,9,0,0.1287,VK2809,THR-beta
T10183,COc1cc(-c2cc(=O)c3c(O)c(OC)c(O)cc3o2)cc(OC)c1O,360.32,2.6,118.6,3,8,4,0,0.1287,Firsocostat (GS-0976),ACC
T15666,CCCCCCOc1cccc2cc(-c3nnn[nH]3)c(=O)oc12,314.34,2.93,93.9,1,6,7,0,0.1287,VK2809,THR-beta
T79086,O=C(O)c1ccc(N2N=C(c3ccccc3)/C(=C/c3ccc[nH]3)C2=O)cc1,357.37,3.55,85.8,2,3,4,0,0.1287,Cilofexor (GS-9674),FXR
T69745L,CN[C@@H]1COc2c(S(=O)(=O)[N-]C(=O)Nc3c4c(cc5c3CCC5)CCC4)cnn2C1,430.51,2.14,116.4,2,6,4,0,0.1287,Denifanstat (TVB-2640),FASN
T75554,[H][C@@]12CC(C)=C([C@@H](C)CCCO)[C@@H](OC(=O)C(C)C)[C@]1([H])C(=C)C(=O)O2,336.43,2.78,72.8,1,5,6,0,0.1287,VK2809,THR-beta
T9858,CC(C)(C)c1ccc(-c2noc(C3CC(Br)=NO3)n2)cc1,350.22,4.2,60.5,0,5,2,0,0.1286,BI-1467335,AOC3/VAP-1
T72594,CC(C)=CCc1cc(C(=O)/C=C/c2ccc(O)c(O)c2)c(O)cc1O,340.38,3.91,98.0,4,5,5,0,0.1286,BI-1467335,AOC3/VAP-1
T24750,Cc1oc2ccccc2c1CNC(=O)NCc1cccs1,300.38,3.8,54.3,2,3,4,0,0.1286,BI-1467335,AOC3/VAP-1
T4576,O=C1[C@H]2CCCC[C@H]2C(=O)N1CCCCN1CCN(c2nsc3ccccc23)CC1,426.59,3.37,56.8,0,6,6,0,0.1284,Firsocostat (GS-0976),ACC
T8136,O=C1C2CCCCC2C(=O)N1CCCCN1CCN(c2nsc3ccccc23)CC1,426.59,3.37,56.8,0,6,6,0,0.1284,Firsocostat (GS-0976),ACC
TQ0071,O[C@H](C[C@H]1c2c(F)cccc2-c2cncn21)[C@H]1CC[C@H](O)CC1,316.38,2.89,58.3,2,3,3,0,0.1284,Firsocostat (GS-0976),ACC
TN1079,[H][C@]12C=C(C[C@H](OC(=O)C(=C)C)[C@@]3([H])C(=C)C(=O)O[C@]3([H])/C=C(/C)C1)C(=O)O2,344.36,2.16,78.9,0,6,2,0,0.1284,Firsocostat (GS-0976),ACC
T10117,CC(=O)O[C@H]1Cc2c(cc3oc(C)cc(=O)c3c2O)OC1(C)C,318.33,2.45,86.0,1,6,1,0,0.1284,Firsocostat (GS-0976),ACC
TN1141,C=C(C)C(=O)O[C@H]1CC2=C[C@H](C/C(C)=C\[C@H]3OC(=O)C(=C)[C@H]13)OC2=O,344.36,2.16,78.9,0,6,2,0,0.1284,Firsocostat (GS-0976),ACC
T22391,COc1ccc2[n-]c([S+]([O-])Cc3ncc(C)c(OC)c3C)nc2c1,344.42,2.53,81.4,0,5,5,0,0.1284,Firsocostat (GS-0976),ACC
T10220,Cc1nc2c(F)cc(-c3nc(Nc4ccc(CN5CCNCC5)cn4)ncc3F)cc2n1C(C)C,478.55,4.2,83.8,2,7,6,0,0.1284,Denifanstat (TVB-2640),FASN
T1938,FC(F)(F)c1ccc(CNc2ccc(Cc3c[nH]c4ncc(Cl)cc34)cn2)cc1,416.83,5.83,53.6,2,3,5,1,0.1282,BI-1467335,AOC3/VAP-1
T6300,CCC[C@H](NC(=O)/C(C#N)=C/c1cccc(Br)n1)c1ccccc1,384.28,4.41,65.8,1,3,6,0,0.1282,BI-1467335,AOC3/VAP-1
T14895,O[C@H]1CC[C@H](Nc2ncc3nc(Nc4c(F)cc(F)cc4F)n([C@H]4CCOC4)c3n2)CC1,448.45,3.66,97.1,3,7,5,0,0.1282,Firsocostat (GS-0976),ACC
T20615,O=C(O)c1cc(N=Nc2ccc(O)c(C(=O)O)c2)ccc1O,302.24,2.91,139.8,4,6,4,0,0.1282,VK2809,THR-beta
T28865,O=C1c2ccccc2C(=O)c2cc(S(=O)(=O)Nc3ccc(O)cc3)ccc21,379.39,2.97,100.5,2,5,3,0,0.1282,Lanifibranor (IVA-337),PPAR-alpha/gamma/delta
T28509,Cc1nc(-c2ccccn2)nc(NCCNc2cccc(C(F)(F)F)n2)c1Cl,408.82,4.44,75.6,2,6,6,0,0.1282,BI-1467335,AOC3/VAP-1
T10827,CN(C)c1nc2c(Br)c(Br)c(Br)c(Br)c2n1CC(=O)O,534.83,4.24,58.4,1,3,3,1,0.1282,Lanifibranor (IVA-337),PPAR-alpha/gamma/delta
T40357,CNc1cc(N2CCC3(CC2)CN(c2cc(F)c(CN4CCC(C)(C)CC4)cc2F)CC(=O)N3)ncn1,513.64,3.39,76.6,2,7,5,1,0.1282,Cilofexor (GS-9674),FXR
T64357,CN(C)S(=O)(=O)c1ccc(N2CCC(CN3C4C=CC=CC4=NC3C(F)(F)F)CC2)cc1,468.55,3.29,56.2,0,5,5,0,0.1282,Firsocostat (GS-0976),ACC
TN1953,CC(C)(O)CCc1c(-c2ccc(O)cc2O)oc2c3c(cc(O)c2c1=O)OC(C)(C)C=C3,438.48,4.46,120.4,4,7,4,0,0.1282,Firsocostat (GS-0976),ACC
T79956,CC=C(C)C(=O)OC1c2cc3c(c4c2C2(CO4)C(=CC(=O)C(OC)=C2OC)CC(C)C1C)OCO3,482.53,4.29,89.5,0,8,4,0,0.1280,Firsocostat (GS-0976),ACC
T1956,Nc1[nH]nc2nnc(-c3c(-c4ccccc4)nn4ccccc34)cc12,327.35,2.92,97.8,2,5,2,0,0.1279,Resmetirom,THR-beta
T4664,Cc1cc(NC(=O)Nc2ccc(F)c(F)c2)n(-c2ccccc2)n1,328.32,4.1,59.0,2,2,3,0,0.1279,Lanifibranor (IVA-337),PPAR-alpha/gamma/delta
T5691,[H][C@]12CO[C@H](c3ccc4c(c3)OCO4)[C@@]1(O)CO[C@@H]2c1ccc2c(c1)OCO2,370.36,2.33,75.6,1,7,2,0,0.1279,Denifanstat (TVB-2640),FASN
T16686,Cc1ccc(S(=O)(=O)Nc2ccc(-n3nc(C(F)(F)F)cc3C(F)(F)F)cc2)cc1,449.38,5.02,64.0,1,3,4,1,0.1279,Lanifibranor (IVA-337),PPAR-alpha/gamma/delta
T8982,Nc1nnc(Sc2cc(-n3cccc3)c(Cl)cc2[N+](=O)[O-])[nH]1,336.76,2.89,115.7,2,6,4,0,0.1279,Resmetirom,THR-beta
T9680,CCn1cc(C(=O)O)c(=O)c2cc(F)c(-n3cccc3)cc21,300.29,2.65,64.2,1,2,3,0,0.1279,Lanifibranor (IVA-337),PPAR-alpha/gamma/delta
T12459,COc1ncc(-c2ccc3ncc(Cl)c(=O)n3c2)cc1NS(=O)(=O)c1ccc(F)cc1F,478.86,3.5,102.7,1,6,5,0,0.1279,BI-1467335,AOC3/VAP-1
T34624,CC[C@](O)(c1nnc(NCc2ccc3c(-c4ccc(F)cc4)cc(=O)oc3c2)o1)C(F)(F)F,463.39,4.75,101.4,2,7,6,0,0.1279,BI-1467335,AOC3/VAP-1
T39520,O=C(NCc1ncccc1F)c1coc(CCNCCc2nc3ccccc3[nH]2)n1,408.44,2.39,108.7,3,6,9,0,0.1279,BI-1467335,AOC3/VAP-1
T16885,[H][C@@]12C(=C[C@H](C)C[C@@H]1OC(=O)C(C)(C)CC)C=C[C@H](C)[C@@H]2CC[C@@H](O)C[C@@H](O)CC(=O)[O-],435.58,2.77,106.9,2,6,10,0,0.1279,BI-1467335,AOC3/VAP-1
T2293,Cn1cc(-c2ccc3nnc(Sc4ccc5ncccc5c4)n3n2)cn1,359.42,3.22,73.8,0,6,3,0,0.1277,Lanifibranor (IVA-337),PPAR-alpha/gamma/delta
T2680,Cn1cc(-c2ccc3ncc(Cc4ccc5ncccc5c4)n3n2)cn1,340.39,3.27,60.9,0,4,3,0,0.1277,Lanifibranor (IVA-337),PPAR-alpha/gamma/delta
T4019,O=c1[nH]c(=S)[nH]c(-c2ccccc2)c1Cc1c(O)ccc2ccccc12,360.44,4.55,68.9,3,3,3,0,0.1277,VK2809,THR-beta
T4463,CNCc1ccc(-c2[nH]c3cc(F)cc4c3c2CCNC4=O)cc1,323.37,2.98,56.9,3,2,3,0,0.1277,Denifanstat (TVB-2640),FASN
T6289,CN1CCN(c2ccc3nc(-c4c(N)c5c(F)cccc5[nH]c4=O)[nH]c3c2)CC1,392.44,2.54,94.0,3,5,2,0,0.1277,Resmetirom,THR-beta
T6713,[H][C@@]12CC[C@](O)(C(C)=O)[C@@]1(C)C[C@H](c1ccc(N(C)C)cc1)C1=C3CCC(=O)C=C3CC[C@]12[H],433.59,4.97,57.6,1,4,3,0,0.1277,Obeticholic acid (OCA),FXR
T6787,CC(=O)O/N=C1\C(=C2\C(=O)Nc3cc(Br)ccc32)Nc2ccccc21,398.22,3.51,79.8,2,5,1,0,0.1277,Denifanstat (TVB-2640),FASN
T8871,O=c1c2cc(F)ccc2nc(/C=C/c2ccc([N+](=O)[O-])o2)n1-c1ccccc1,377.33,4.2,91.2,0,5,4,0,0.1277,Lanifibranor (IVA-337),PPAR-alpha/gamma/delta
T8954,O=c1cc(N2CCN(c3cccc(C(F)(F)F)c3)CC2)[nH]c(=O)n1C1CCCCC1,422.45,3.39,61.3,1,4,3,0,0.1277,Denifanstat (TVB-2640),FASN
T9034,O=C1NCCc2[nH]c(-c3ccnc(-c4cnc5ccccc5c4)c3)cc21,340.39,3.58,70.7,2,3,2,0,0.1277,Denifanstat (TVB-2640),FASN
TQ0233,C[C@@H]([C@@H](O)c1ccc(O)cc1)N1CCC(O)(c2ccccc2)CC1,327.42,2.8,63.9,3,4,4,0,0.1277,Cilofexor (GS-9674),FXR
TN6733,CC(=O)O[C@H]1C(C)=CC23C(=O)C(C=C(C)[C@@H](OC(=O)c4ccccc4)[C@]12O)[C@H]1[C@@H](C[C@H]3C)C1(C)C,478.59,4.28,89.9,1,6,3,0,0.1277,Obeticholic acid (OCA),FXR
T18900,Nc1ccc2c(c1)C1(OC2=O)c2ccc(O)cc2Oc2cc(O)ccc21,347.33,3.25,102.0,3,6,0,0,0.1277,Cilofexor (GS-9674),FXR
T21870,COc1cc2nc(N3CCC(N4CCCCC4)CC3)nc(NC3CCCCCC3)c2cc1OC,467.66,5.24,62.8,1,7,6,1,0.1277,Denifanstat (TVB-2640),FASN
T9570,N#Cc1ccc(N2C[C@H](N)C[C@H](C(F)(F)F)C2)c2cccnc12,320.32,2.82,65.9,1,4,1,0,0.1277,Denifanstat (TVB-2640),FASN
T9987,Clc1ccccc1CSc1nnc(-c2ccncc2)o1,303.77,4.08,51.8,0,5,4,0,0.1277,Cilofexor (GS-9674),FXR
T60055,CN(C)c1ccc2c(c1)OC(N)=C(C#N)C2c1cccc(C(F)(F)F)c1,359.35,3.99,62.3,1,4,2,0,0.1277,Denifanstat (TVB-2640),FASN
T72420,FC(F)(F)c1cc2c(N[C@@H]3CCCc4ccccc43)ncnc2[nH]1,332.33,4.47,53.6,2,3,2,0,0.1277,Denifanstat (TVB-2640),FASN
TN2481,COc1cc2oc3cc(OC)c(OC)c(OC)c3c(=O)c2cc1OC,346.34,2.99,76.4,0,7,5,0,0.1277,Firsocostat (GS-0976),ACC
T4308,Cc1ccc(/C=C2\SC(=S)N(CCCCCC(=O)Nc3ccc(C(=O)O)c(O)c3)C2=O)cc1,484.6,4.8,106.9,3,6,9,0,0.1275,Lanifibranor (IVA-337),PPAR-alpha/gamma/delta
T4444,Cc1n[nH]c2ccc(-c3cncc(OC[C@@H](N)Cc4ccccc4)c3)cc12,358.44,3.88,76.8,2,4,6,0,0.1275,VK2809,THR-beta
T6122,CN1CCN(c2cccc(Nc3nc4c(-c5ccc(S(C)(=O)=O)cc5)cccn4n3)c2)CC1,462.58,3.3,82.8,1,7,5,0,0.1275,Denifanstat (TVB-2640),FASN
T5169,COc1cc(Nc2ccnc3ccc(Br)cc23)cc(OC)c1OC,389.25,4.77,52.6,1,5,5,0,0.1275,Firsocostat (GS-0976),ACC
TN1982,COc1c(CC=C(C)C)c(O)cc2oc(=O)c3c4ccc(O)cc4oc3c12,366.37,4.62,93.0,2,6,3,0,0.1275,VK2809,THR-beta
TN2121,COc1cc(OC)c2c(=O)c(OC)c(-c3ccc(OC)c(OC)c3)oc2c1,372.37,3.5,76.4,0,7,6,0,0.1275,Firsocostat (GS-0976),ACC
T15660,CSc1ccccc1Nc1nc(N2CCNCC2)nc2c(NCC3CC3)ncnc12,422.56,3.12,90.9,3,9,7,0,0.1275,Denifanstat (TVB-2640),FASN
T15729,Nc1c(C(=O)c2ccccc2)sc2[nH]c(=O)c(C(=O)O)cc12,314.32,2.1,113.2,3,5,3,0,0.1275,Firsocostat (GS-0976),ACC
T11158,CN1CCN(c2ccc(Nc3ncc4nc(Nc5ccccc5)n([C@@H]5CCN(S(=O)(=O)C6CC6)C5)c4n3)cc2)CC1,573.73,3.8,111.5,2,9,8,1,0.1275,Lanifibranor (IVA-337),PPAR-alpha/gamma/delta
T16516,CC(C)c1ccc(NC(=O)C(c2ccccc2)N(C)C(=O)Cc2c[nH]c3ccccc23)cc1,439.56,5.67,65.2,2,2,7,1,0.1275,VK2809,THR-beta
T28540,CCCc1nc(C)n2[nH]c(=O)nc2c1Cc1ccc(-c2ccccc2-c2nnn[nH]2)cc1,426.48,3.12,117.5,2,6,6,0,0.1275,Denifanstat (TVB-2640),FASN
T11706,COC[C@H](C(=O)Nc1cccc2c(-c3nc(Nc4cccc(S(C)(=O)=O)c4F)ncc3F)c[nH]c12)N1CCN(C)CC1,599.66,3.25,132.6,3,9,9,1,0.1275,BI-1467335,AOC3/VAP-1
T71952,O=S(=O)(NCC1(O)CCOc2ccccc21)c1ccc(Br)s1,404.31,2.46,75.6,2,5,4,0,0.1275,Cilofexor (GS-9674),FXR
T207787,CC(=NNc1ncnc2sc3c(c12)CCCC3)c1cc(O)ccc1O,354.44,3.82,90.6,3,7,3,0,0.1275,VK2809,THR-beta
T8142,CN1CCN(c2cc3c(cc2F)c(=O)c(C(=O)O)cn3-c2ccc(F)cc2)CC1,399.4,2.72,65.8,1,4,3,0,0.1273,Firsocostat (GS-0976),ACC
T13216,O=C1C2C3CC(C2C(=O)N1c1ccccc1)C1C(c2ccccc2)c2sc(=O)[nH]c2SC31,460.58,4.11,70.2,1,5,2,0,0.1273,Firsocostat (GS-0976),ACC
T11160,CN(C)C1CCN(c2ccc(Nc3cc4c(N5CCC(CO)CC5)nc(Nc5ccc(F)cc5)nc4cn3)nc2)CC1,571.71,4.79,105.6,3,10,8,1,0.1273,Denifanstat (TVB-2640),FASN
T15431,CC(C)N1CCN(Cc2cnc(-c3cc(-c4cccc5[nH]ccc45)cc4[nH]ncc34)o2)CC1,440.55,4.89,77.0,2,5,5,0,0.1273,VK2809,THR-beta
T23382,O=C1NCN(c2ccccc2)C12CCN(CC1COc3ccccc3O1)CC2,379.46,2.25,54.0,1,5,3,0,0.1273,Firsocostat (GS-0976),ACC
T68359L,N=C(N)c1ccc(-c2ccc(-c3ccc(-c4ccc(C(=N)N)cc4)s3)s2)cc1,402.55,5.38,99.7,4,4,5,1,0.1273,BI-1467335,AOC3/VAP-1
T62759,CS(C)(=O)=Nc1cccc2c(-c3nc(N[C@H]4CCCNC4)ncc3C(F)(F)F)c[nH]c12,452.51,4.17,95.1,3,6,4,0,0.1273,Denifanstat (TVB-2640),FASN
T83630,CC1(C)CCN(Cc2ccc3nc(Cn4cc(-c5cc(Br)cc6[nH]ncc56)nn4)cn3c2)CC1,519.45,4.9,79.9,1,5,5,1,0.1273,Denifanstat (TVB-2640),FASN
T6313,COc1ccc2c(c1)c(C1=C(c3c[nH]c4ccccc34)C(=O)NC1=O)cn2CCCN(C)C,442.52,3.65,79.4,2,4,7,0,0.1271,Firsocostat (GS-0976),ACC
T7029,COC(=O)C1=CC[C@@]23CC[C@@H]([C@@](C)(/C=C/C=C(\C)C(=O)O)OC2=O)[C@@]3(O)CC1,390.43,2.3,110.1,2,6,4,0,0.1271,Firsocostat (GS-0976),ACC
T5475,COc1cc2c(Nc3ccc(Br)cc3F)ncnc2cc1OCCn1ccnn1,459.28,3.95,87.0,1,7,7,0,0.1271,Firsocostat (GS-0976),ACC
T8325,Cn1cc(-n2cnc3c(NCc4nc5cc(Cl)c(Cl)cc5[nH]4)nc(N4CCOCC4)nc32)cn1,499.37,3.18,114.6,2,8,5,0,0.1271,Cilofexor (GS-9674),FXR
TN2068,[H][C@]12C[C@]3([H])N(C/C1=C/C)[C@]1([H])C[C@]4(c5ccccc5N[C@@]43O1)[C@@H]2C(=O)OC,338.41,2.25,50.8,1,5,1,0,0.1271,Firsocostat (GS-0976),ACC
T81761,CC(C)(O)CCc1c(-c2ccc(O)cc2O)oc2cc3c(c(O)c2c1=O)C=CC(C)(C)O3,438.48,4.46,120.4,4,7,4,0,0.1271,Firsocostat (GS-0976),ACC
T2693,CC(C)(C)c1cc(C=C(C#N)C#N)cc(Br)c1O,305.18,3.88,67.8,1,3,1,0,0.1270,BI-1467335,AOC3/VAP-1
T6072,COc1ccc(-c2ccc3ncc4c(c3c2)n(-c2ccc(N3CCNCC3)c(C(F)(F)F)c2)c(=O)n4C)cn1,534.54,4.38,77.2,1,6,4,1,0.1270,Firsocostat (GS-0976),ACC
T12551,Cn1cc2c3c(c[nH]c3c1=O)CN(c1ncc(F)cc1F)c1cc(C(=O)O)c(CS(C)(=O)=O)cc1-2,500.48,3.1,125.4,2,6,4,1,0.1270,Firsocostat (GS-0976),ACC
T17163,CCCN(CCC)c1c([N+](=O)[O-])cc(C(F)(F)F)cc1[N+](=O)[O-],335.28,4.15,89.5,0,5,7,0,0.1270,BI-1467335,AOC3/VAP-1
T1493,CC(C)C(C(=O)O)N1C(=O)C(=Cc2ccc(Br)cc2)SC1=S,400.32,3.76,57.6,1,4,4,0,0.1268,BI-1467335,AOC3/VAP-1
T2424,CC(=O)c1cc([N+](=O)[O-])c(Sc2ccc(F)cc2F)s1,315.32,4.29,60.2,0,5,4,0,0.1268,BI-1467335,AOC3/VAP-1
T4222,Cc1ccc(-c2nnc(NC(=O)c3ccc(Br)s3)o2)cc1,364.22,4.12,68.0,1,5,3,0,0.1268,BI-1467335,AOC3/VAP-1
T11760,CS(=O)(=O)Oc1ccc2c(=O)c(-c3ccc(Br)cc3)coc2c1,395.23,3.56,73.6,0,5,3,0,0.1268,BI-1467335,AOC3/VAP-1
T67912,O=C(Nc1ccc([N+](=O)[O-])cc1Cl)c1cc(F)ccc1O,310.67,3.35,92.5,2,4,3,0,0.1268,BI-1467335,AOC3/VAP-1
T61051,CC(C)(C)C(=O)Nc1sc2c(c1C(N)=O)CCC(C(C)(C)C)C2,336.5,3.98,72.2,2,3,2,0,0.1268,BI-1467335,AOC3/VAP-1
T3103,Cc1c(Br)cc(NCC(=O)N/N=C/c2cc([N+](=O)[O-])ccc2O)cc1Br,486.12,3.7,116.9,3,6,6,0,0.1266,BI-1467335,AOC3/VAP-1
T7109,Cc1cc(-c2cc(C)c(NCCCS(=O)(=O)O)c(C)c2)cc(C)c1N,362.5,3.86,92.4,3,4,6,0,0.1266,Lanifibranor (IVA-337),PPAR-alpha/gamma/delta
T8971,NC(=O)c1ncn2c1CN=C(c1ccccc1Br)c1cc(F)ccc1-2,399.22,3.22,73.3,1,3,2,0,0.1266,BI-1467335,AOC3/VAP-1
T9070,Fc1ccc(Nc2nc(NCc3ncccn3)nc(Nc3ccccc3)n2)cc1,388.41,3.9,100.5,3,8,7,0,0.1266,Lanifibranor (IVA-337),PPAR-alpha/gamma/delta
T22229,O=S(=O)([O-])c1cccc(N=Nc2ccc(Nc3ccccc3)cc2)c1,352.4,4.75,93.9,1,6,5,0,0.1266,Lanifibranor (IVA-337),PPAR-alpha/gamma/delta
T69360,O=C(N[C@H](Cc1ccc(F)cc1)C(=O)O)OCc1cc2cc(-c3ccc(F)cc3)ccc2o1,451.43,5.3,88.8,2,4,7,1,0.1266,BI-1467335,AOC3/VAP-1
T73443,Clc1nnc2ccc(Oc3ccccc3-c3ccccc3)nn12,322.75,4.24,52.3,0,4,3,0,0.1266,Resmetirom,THR-beta
T3040,O=C1OC2(c3ccccc31)c1ccc(O)c(O)c1Oc1c2ccc(O)c1O,364.31,3.08,116.5,4,7,0,0,0.1264,VK2809,THR-beta
T8081,O=C1Nc2ccc(Br)cc2/C1=C/c1cc(O)c(O)c(Br)c1,411.05,4.12,69.6,3,3,1,0,0.1264,Denifanstat (TVB-2640),FASN
T16338,[H][C@@]12CCC3=CC(=NO)CC[C@]3([H])[C@@]1([H])CC[C@@]1(CC)[C@@]2([H])CC[C@@]1(O)C#C,327.47,4.14,52.8,2,3,1,0,0.1264,Obeticholic acid (OCA),FXR
T35610,Cc1ccc(C)c(-c2cc(C(F)(F)F)nn2-c2ccc(S(N)(=O)=O)cc2)c1,395.41,3.82,78.0,1,3,3,0,0.1264,Lanifibranor (IVA-337),PPAR-alpha/gamma/delta
T11562,O=[N+]([O-])c1cc(Nc2ccc3nonc3c2[N+](=O)[O-])ccc1Cl,335.66,3.44,137.2,1,8,4,0,0.1264,Lanifibranor (IVA-337),PPAR-alpha/gamma/delta
T1717,COc1c(O)cc2oc3cc(O)c(CC=C(C)C)c(O)c3c(=O)c2c1CC=C(C)C,410.47,5.09,100.1,3,6,5,1,0.1263,VK2809,THR-beta
T6933,NC(=O)c1cnc2[nH]ccc2c1N[C@H]1C2CC3CC1C[C@](O)(C3)C2,326.4,2.01,104.0,4,4,3,0,0.1263,Denifanstat (TVB-2640),FASN
T7358,[H][C@@]12CC[C@]3(OC(C)(OC)O/C3=C/C(=O)OC)[C@@]1(C)CC[C@]1([H])C3CCC(=O)C=C3CC[C@@]21[H],430.54,4.29,71.1,0,6,2,0,0.1263,Obeticholic acid (OCA),FXR
T14919,CNc1nc(C)c(-c2nc(Nc3cccc(S(N)(=O)=O)c3)ncc2F)s1,394.46,2.48,122.9,3,8,5,0,0.1263,Lanifibranor (IVA-337),PPAR-alpha/gamma/delta
TN1859,CC(C)=CCc1cc2c(=O)cc(-c3ccc(O)cc3)oc2cc1O,322.36,4.38,70.7,2,4,3,0,0.1263,VK2809,THR-beta
T60932,COc1ccc(/C=C2\Oc3cc(O)ccc3C2=O)c(OC)c1OC,328.32,3.03,74.2,1,6,4,0,0.1263,VK2809,THR-beta
T61618,CC1(C)OCCn2c1nc1c(N3CCOCC3)nc(-c3ccc(N)cc3)nc12,380.45,2.18,91.3,1,7,2,0,0.1263,Denifanstat (TVB-2640),FASN
T23066,c1ccc(-c2ncc(CN3CCN(c4ncccn4)CC3)[nH]2)cc1,320.4,2.19,60.9,1,5,4,0,0.1263,Cilofexor (GS-9674),FXR
T36809,CC(C)S(=O)(=O)N[C@H]1Cc2ccc(-c3ccc(F)nc3)cc2C1,334.42,2.68,59.1,1,3,4,0,0.1263,VK2809,THR-beta
T89116,[H][C@@]12c3cc(OC4=C5CCC(=O)N=C5NC=C4)ccc3O[C@]1([H])[C@H]2NC(=O)Nc1cc(F)c(F)cc1F,482.42,3.62,101.1,3,5,4,0,0.1263,BI-1467335,AOC3/VAP-1
T1615,CCCCC1=NC2(CCCC2)C(=O)N1Cc1ccc(-c2ccccc2-c2nnn[nH]2)cc1,428.54,4.78,87.1,1,5,7,0,0.1262,Denifanstat (TVB-2640),FASN
T6811,C[C@@H]1CC(=O)Nc2cccc(-c3ccc4c(c3)c(-c3cnn(C)c3)nn4C)c2N1,386.46,3.78,76.8,2,4,2,0,0.1262,Denifanstat (TVB-2640),FASN
T7130,CC[C@@H](Nc1c(Nc2cccc(C(=O)N(C)C)c2O)c(=O)c1=O)c1ccc(C)o1,397.43,2.9,111.9,3,7,7,0,0.1262,VK2809,THR-beta
T8215,O=C(O)CNC(=O)C1(Nc2ccccc2)CCN(Cc2cccc3ccccc23)CC1,417.51,3.49,81.7,3,4,7,0,0.1262,Cilofexor (GS-9674),FXR
T8477,O=C(ON=C1c2ccccc2-c2nc3ccccc3nc21)c1ccco1,341.33,3.81,77.6,0,6,2,0,0.1262,Firsocostat (GS-0976),ACC
T13951,Cc1ccc(C)c(Cn2c(C(O)c3ccncc3)nc3ccc(-c4cnn(C)c4)cc32)c1,423.52,4.58,68.8,1,4,5,0,0.1262,Denifanstat (TVB-2640),FASN
TN1018,C/C=C(/C)C(=O)Oc1c(OC)c(OC)cc2c1-c1c(cc(OC)c(OC)c1OC)C[C@](C)(O)[C@@H](C)C2,500.59,4.75,92.7,1,8,7,1,0.1262,Cilofexor (GS-9674),FXR
TN7020,[H][C@@]12[C@@H](O)C[C@]3([H])C(=CC[C@]4(C)[C@@H]([C@@]5(C)CC[C@@H](C(C)(C)O)O5)[C@@H](O)C[C@@]34C)[C@@]1(C)CC[C@H](O)C2(C)C,490.73,4.6,90.2,4,5,2,0,0.1262,Aramchol,SCD1
T23104,O=C(c1ccccn1)c1cnn2c(-c3ccncc3)ccnc12,301.31,2.42,73.0,0,5,3,0,0.1262,Firsocostat (GS-0976),ACC
TN2272,C/C=C(\C)C(=O)Oc1c(OC)c(OC)cc2c1-c1c(cc(OC)c(OC)c1OC)C[C@](C)(O)[C@@H](C)C2,500.59,4.75,92.7,1,8,7,1,0.1262,Cilofexor (GS-9674),FXR
T40108,O=C(CCc1c(-c2ccc(F)cc2)[nH]c2c(F)cc(F)cc12)N[C@@H]1C(=O)NC[C@H]1O,417.39,2.16,94.2,4,3,5,0,0.1262,Aramchol,SCD1
T18914,CN(C)c1ccc(/C=C/C=C/C2=N[C@@H](C(=O)O)CS2)cc1,302.4,2.92,52.9,1,4,5,0,0.1262,Firsocostat (GS-0976),ACC
TN8921,CC(C)=CCC/C(C)=C/Cc1cc(-c2cc(=O)c3c(O)cc(O)cc3o2)ccc1O,406.48,5.81,90.9,3,5,6,1,0.1262,VK2809,THR-beta
T0120,C[C@@H](c1ncncc1F)[C@](O)(Cn1cncn1)c1ccc(F)cc1F,349.32,2.18,76.7,1,5,5,0,0.1261,Firsocostat (GS-0976),ACC
T1095,C[C@@H]1CN(c2c(F)c(N)c3c(=O)c(C(=O)O)cn(C4CC4)c3c2F)C[C@H](C)N1,392.41,2.08,100.6,3,5,3,0,0.1261,Firsocostat (GS-0976),ACC
T1276,CN1C[C@@H]2C[C@H]1CN2c1cc2c(cc1F)c(=O)c(C(=O)O)cn2C1CC1,357.39,2.07,65.8,1,4,3,0,0.1261,Firsocostat (GS-0976),ACC
T2261,Cc1[nH]c2ccccc2c1C1=C(NCCc2ccc(F)cc2)C(=O)N(C)C1=O,377.42,3.16,65.2,2,3,5,0,0.1261,Firsocostat (GS-0976),ACC
T2704,Cc1ncc(CCCN(C)C)cc1Nc1ncc2c(n1)-c1ccc(C(F)(F)F)cc1NC(=S)C2,486.57,5.4,66.0,2,6,6,1,0.1261,Denifanstat (TVB-2640),FASN
T3A2467,COc1ccc2c(c1OC)CN(C)CCc1cc3c(cc1C(=O)C2)OCO3,369.42,2.85,57.2,0,6,2,0,0.1261,Firsocostat (GS-0976),ACC
T7865,CN1CC2CC1CN2c1cc2c(cc1F)c(=O)c(C(=O)O)cn2C1CC1,357.39,2.07,65.8,1,4,3,0,0.1261,Firsocostat (GS-0976),ACC
T8659,Cc1ccc(-n2cc3c(C)nn(CCCC(=O)NCCc4ccc(F)cc4)c(=O)c3n2)cc1,447.51,3.48,81.8,1,4,8,0,0.1261,Firsocostat (GS-0976),ACC
T9615,Cc1nc(N)sc1-c1ccnc(Nc2cccc([N+](=O)[O-])c2)n1,328.36,3.14,119.9,2,8,4,0,0.1261,Firsocostat (GS-0976),ACC
T10738,CCN1CCN(Cc2ccc(Nc3ncc(F)c(-c4cc(F)c5nc(CO)n(C(C)C)c5c4)n3)nc2)CC1,522.6,4.12,95.2,2,8,8,1,0.1261,Denifanstat (TVB-2640),FASN
T60160,O=C(Nc1nnc(-c2ccco2)o1)c1cc(-c2ccccc2)nc2ccccc12,382.38,4.8,94.1,1,6,4,0,0.1261,Firsocostat (GS-0976),ACC
T72032,CC(C)c1ccccc1-c1nc(NCc2ccccn2)c2c(ccn2C)n1,357.46,4.77,55.6,1,4,5,0,0.1261,Firsocostat (GS-0976),ACC
T38851,CN(C)c1ccc2c(c1)[Si](C)(C)C1=CC(=[N+](C)C)C=CC1=C2c1cc(C(=O)O)ccc1C(=O)[O-],472.62,2.29,83.7,1,4,4,0,0.1261,Cilofexor (GS-9674),FXR
T77502,C=CCOc1c(Br)cc(C2C(C#N)=C(N)Oc3cc4c(cc32)OCO4)cc1OC,457.28,3.97,96.0,1,7,5,0,0.1261,Firsocostat (GS-0976),ACC
T25127,Nc1ccc(SC[C@@H]2CO[C@](CCc3ccc(Cl)cc3)(Cn3ccnc3)O2)cc1,429.97,4.66,62.3,1,5,8,0,0.1261,Cilofexor (GS-9674),FXR
T25127L,Nc1ccc(SC[C@@H]2CO[C@@](CCc3ccc(Cl)cc3)(Cn3ccnc3)O2)cc1,429.97,4.66,62.3,1,5,8,0,0.1261,Cilofexor (GS-9674),FXR
T71155,O=C1CC(=O)N(c2cccc(-c3noc(=S)[n-]3)c2)c2ccc3ccccc3c2N1,401.43,4.19,89.5,1,5,2,0,0.1261,Cilofexor (GS-9674),FXR
T0960,CCC(Cc1c(I)cc(I)c(N)c1I)C(=O)O,570.93,3.74,63.3,2,2,4,1,0.1250,BI-1467335,AOC3/VAP-1
T0997,COP(=S)(OC)Oc1ccc(Sc2ccc(OP(=S)(OC)OC)cc2)cc1,466.48,5.63,55.4,0,9,10,1,0.1250,BI-1467335,AOC3/VAP-1
T1185,CS(=O)(=O)c1ccc(C2=C(c3ccccc3)C(=O)OC2)cc1,314.36,2.56,60.4,0,4,3,0,0.1250,Firsocostat (GS-0976),ACC
T1814,O=C1NC(c2cccc([N+](=O)[O-])c2)=CCN1c1ccccc1O,311.3,2.87,95.7,2,4,3,0,0.1250,VK2809,THR-beta
T1892,O=[N+]([O-])c1cc(C(F)(F)F)cc([N+](=O)[O-])c1NNC(=S)Nc1ccc(F)cc1,419.32,3.97,122.4,3,6,5,0,0.1250,BI-1467335,AOC3/VAP-1
T1985,COc1cc2ncnc(Nc3ccc(O)c(Br)c3)c2cc1OC,376.21,3.86,76.5,2,6,4,0,0.1250,Firsocostat (GS-0976),ACC
T2095,CC[C@H](CO)Nc1nc(NCc2ccccc2)c2ncn(C(C)C)c2n1,354.46,3.2,87.9,3,6,8,0,0.1250,Firsocostat (GS-0976),ACC
T2254,Cc1ccc(Sc2cncc3sc(C(N)=O)cc23)cc1,300.41,3.85,56.0,1,4,3,0,0.1250,Denifanstat (TVB-2640),FASN
T2414,CC(C)n1nc(-c2cc3cc(O)ccc3[nH]2)c2c(N)ncnc21,308.35,2.84,105.6,3,5,2,0,0.1250,Resmetirom,THR-beta
T2415,Nc1ncnc2c1c(-c1cnc3[nH]ccc3c1)nn2C1CCCC1,319.37,3.07,98.3,2,5,2,0,0.1250,Denifanstat (TVB-2640),FASN
T3024,C=CC(=O)Nc1cccc(Oc2nc(Nc3ccc(N4CCN(C)CC4)c(F)c3)nc3[nH]ccc23)c1,487.54,4.51,98.4,3,7,7,0,0.1250,BI-1467335,AOC3/VAP-1
T3065,Cc1cnc(Nc2ccc(N3CCN(C)CC3)cc2)nc1Nc1cccc(S(=O)(=O)NC(C)(C)C)c1,509.68,4.1,102.5,3,8,7,1,0.1250,Denifanstat (TVB-2640),FASN
T4326,N#C/C(=C\c1ccc(O)c(O)c1)C(=O)NCCCc1ccccc1,322.36,2.75,93.3,3,4,6,0,0.1250,Lanifibranor (IVA-337),PPAR-alpha/gamma/delta
T6100,Nc1ccc(-c2ccc3ncc4ccc(=O)n(-c5cccc(C(F)(F)F)c5)c4c3c2)cn1,432.41,5.2,73.8,1,4,2,1,0.1250,Lanifibranor (IVA-337),PPAR-alpha/gamma/delta
T6303,NC1(Cc2ccc(Cl)cc2)CCN(c2ncnc3[nH]ccc23)CC1,341.85,3.15,70.8,2,4,3,0,0.1250,Lanifibranor (IVA-337),PPAR-alpha/gamma/delta
T6868,O=C([O-])CCN1C(=O)/C(=C/c2ccc(-c3ccc([N+](=O)[O-])cc3)o2)SC1=S,403.42,2.2,116.7,0,8,6,0,0.1250,Lanifibranor (IVA-337),PPAR-alpha/gamma/delta
T4468,O=S(=O)(NC1CCNCC1)c1cc(S(=O)(=O)c2ccccc2)ccc1C(F)(F)F,448.49,2.57,92.3,2,5,5,0,0.1250,Lanifibranor (IVA-337),PPAR-alpha/gamma/delta
T5179,CNc1nn2c(C)c(N(C)C)c(C)nc2c1S(=O)(=O)c1ccccc1,359.46,2.29,79.6,1,6,4,0,0.1250,Lanifibranor (IVA-337),PPAR-alpha/gamma/delta
T6799,Fc1ccc(Nc2nc(Nc3ccc(-c4nc5ccccc5[nH]4)cc3)nc(N3CCOCC3)n2)cc1,482.52,4.88,103.9,3,8,6,0,0.1250,Firsocostat (GS-0976),ACC
T7467,O=S(=O)([O-])c1ccc(N=Nc2c(O)ccc3ccccc23)cc1,327.34,3.86,102.2,1,6,3,0,0.1250,Lanifibranor (IVA-337),PPAR-alpha/gamma/delta
T8376,O=C1NC(=O)C(c2cn(CCCn3ccnc3)c3ccccc23)=C1Nc1ccccc1,411.47,3.41,81.0,2,4,7,0,0.1250,Lanifibranor (IVA-337),PPAR-alpha/gamma/delta
T16074,COP(=O)(OC)OC(c1ccc(Cl)cc1)P(=O)(OC)OC,358.65,4.24,80.3,0,7,8,0,0.1250,Resmetirom,THR-beta
TN1774,CC1(C)C=Cc2c(ccc(C(=O)/C=C/c3ccc(O)cc3)c2O)O1,322.36,4.18,66.8,2,4,3,0,0.1250,BI-1467335,AOC3/VAP-1
T13851,[H][C@@]12CC[C@]3(CC=C(C(=O)O)CC[C@@]31OC(C)=O)C(=O)O[C@]2(C)/C=C/C=C(\C)C(=O)O,418.44,2.78,127.2,2,6,5,0,0.1250,Cilofexor (GS-9674),FXR
TQ0161,CC(C)=CCc1c(-c2ccc(O)cc2O)oc2c(CC=C(C)C)c(O)cc(O)c2c1=O,422.48,5.3,111.1,4,6,5,1,0.1250,VK2809,THR-beta
T14073,CNC(=O)Nc1ccc2c(c1)CC[C@@]21OC(=O)N(CC(=O)N(Cc2ccc(F)cc2)[C@@H](C)C(F)(F)F)C1=O,536.48,3.68,108.1,2,5,6,1,0.1250,VK2809,THR-beta
T15241,O=C(Nc1ccccc1Cc1ccccc1)c1cc(=O)[nH]c2ccccc12,354.41,4.37,62.0,2,2,4,0,0.1250,BI-1467335,AOC3/VAP-1
T11298,N[C@H]1CC[C@H](Nc2nc(Nc3ccc(CN4CCOCC4)cc3)c3ncn(C4CCCC4)c3n2)CC1,490.66,4.2,106.1,3,8,7,0,0.1250,VK2809,THR-beta
T10460,COc1ccc(NS(=O)(=O)c2c(F)c(F)c(F)c(F)c2F)cc1F,371.26,3.33,55.4,1,3,4,0,0.1250,BI-1467335,AOC3/VAP-1
TN6729,[H][C@]12CC[C@]3(C)C(=CC(=O)[C@H]3c3ccoc3)[C@]1(C)[C@H](OC(C)=O)C[C@@]1([H])C(C)(C)C(=O)C=C[C@]21C,450.58,5.42,73.6,0,5,2,1,0.1250,Firsocostat (GS-0976),ACC
TN1634,CC(=O)OC/C1=C/C[C@H]2[C@@H](/C=C(\C)C(=O)[C@@]3(OC(C)=O)C[C@H](C)[C@H](OC(=O)c4ccccc4)[C@@H]3[C@H]1OC(C)=O)C2(C)C,580.67,4.78,122.3,0,9,6,1,0.1250,Firsocostat (GS-0976),ACC
T16569,OC(CNc1nc(-c2cc(-c3ccon3)n(Cc3ccccc3F)n2)ncc1F)(C(F)(F)F)C(F)(F)F,534.37,4.59,101.9,2,7,7,1,0.1250,BI-1467335,AOC3/VAP-1
T11807,COc1ccc(S(=O)(=O)ON=C2C=C(C)C(=O)C(C)=C2)cc1,321.35,2.23,82.0,0,6,4,0,0.1250,BI-1467335,AOC3/VAP-1
TN1891,CC(C)=CCc1c(O)cc(O)c2c(=O)c(-c3ccc(O)cc3)coc12,338.36,4.09,90.9,3,5,3,0,0.1250,VK2809,THR-beta
TN2027,Cn1c(=O)c2c3c(ccc2c2ccc4cc5c(cc4c21)OCO5)OCO3,347.33,3.3,58.9,0,5,0,0,0.1250,Denifanstat (TVB-2640),FASN
TN7068,[H][C@@]12C=C(OC)C(=O)C[C@]13CC[N+](C)([O-])[C@@]2([H])Cc1ccc(OC)c(O)c13,345.4,2.03,78.8,1,5,2,0,0.1250,BI-1467335,AOC3/VAP-1
T11539,c1cc(-c2cnc([C@@H]3CCCN3)[nH]2)ccc1-c1ccc(-c2cnc([C@@H]3CCCN3)[nH]2)cc1,424.55,4.98,81.4,4,4,5,0,0.1250,Denifanstat (TVB-2640),FASN
T9981,Oc1cc2c(cc1C(c1ccc(C(F)(F)F)cc1)N1CCOCC1)OCO2,381.35,3.56,51.2,1,5,3,0,0.1250,VK2809,THR-beta
T60006,O=S(=O)(NCCc1c[nH]c2ccccc12)c1ccccc1,300.38,2.69,62.0,2,2,5,0,0.1250,Lanifibranor (IVA-337),PPAR-alpha/gamma/delta
T14779,O=C1c2ccccc2-c2c(NCCc3ccccc3)c(=O)[nH]c3cccc1c23,366.42,4.39,62.0,2,3,4,0,0.1250,Firsocostat (GS-0976),ACC
T15372,OC[C@H]1O[C@H](Sc2ccc(Cl)c(Cl)c2)[C@H](O)[C@@H](n2cc(-c3cc(F)c(F)c(F)c3)nn2)[C@H]1O,522.33,3.44,100.6,3,7,5,1,0.1250,Cilofexor (GS-9674),FXR
T40249,CN1CCc2cc(Nc3ncc(C(F)(F)F)c(NCc4cc[nH]n4)n3)ccc2C1,403.41,3.56,81.8,3,6,5,0,0.1250,BI-1467335,AOC3/VAP-1
T16475,CC[C@@H](C)Nc1nc(C)nc2c(-c3ccc(OC)nc3C)c(C)nn12,340.43,3.33,77.2,1,6,5,0,0.1250,Resmetirom,THR-beta
T13390,CCc1cc2c(c(CC)n1)CCC(=O)N2Cc1ccc(-c2ccccc2-c2nnn[nH]2)cc1,438.54,4.53,87.7,1,5,6,0,0.1250,Denifanstat (TVB-2640),FASN
T10385,C[C@H](Oc1ccc(-c2nc(-c3ccc4nc[nH]c4c3)no2)cc1C(F)(F)F)C(F)(F)F,442.32,5.63,76.8,1,5,4,1,0.1250,VK2809,THR-beta
T27193,Nc1nc(Cl)c2cnn(Cc3cc4c(cc3Br)OCO4)c2n1,382.61,2.6,88.1,1,6,2,0,0.1250,Lanifibranor (IVA-337),PPAR-alpha/gamma/delta
T77633,NC(=O)c1ccccc1NC(=O)c1cc2cc([N+](=O)[O-])ccc2s1,341.35,3.16,115.3,2,5,4,0,0.1250,Lanifibranor (IVA-337),PPAR-alpha/gamma/delta
T72253,CCCCc1nc2c(N)nc3ccccc3c2n1CCCCN,311.43,3.25,82.8,2,4,7,0,0.1250,Lanifibranor (IVA-337),PPAR-alpha/gamma/delta
T60745,O=C(/C=C/c1ccc(F)cc1)Nc1ccc2oc(=O)ccc2c1,309.3,3.58,59.3,1,3,3,0,0.1250,BI-1467335,AOC3/VAP-1
T77709,O=C(CSc1nnc(-c2ccncc2)n1-c1ccc(F)cc1)c1ccc[nH]1,379.42,3.77,76.5,1,5,6,0,0.1250,Firsocostat (GS-0976),ACC
T23318L,COc1ccc(NS(=O)(=O)c2ccc(I)cc2)cc1N1CCN(C)CC1,487.36,2.85,61.9,1,5,5,0,0.1250,Lanifibranor (IVA-337),PPAR-alpha/gamma/delta
T36953,O=C1OC2(c3ccccc31)c1ccc3cc(O)ccc3c1Oc1c2ccc2cc(O)ccc12,432.43,5.97,76.0,2,5,0,1,0.1250,Cilofexor (GS-9674),FXR
T77728,CCn1ccc2cc(N3CCC(=O)c4c3cc(OC)c(OC)c4OC)ccc21,380.44,4.41,52.9,0,5,5,0,0.1250,Firsocostat (GS-0976),ACC
T10886,COC(=O)/C(C)=C/C=C/C(C)=C/C=C/C=C(C)/C=C/C=C(\C)C(=O)OC,356.46,4.79,52.6,0,4,8,0,0.1250,BI-1467335,AOC3/VAP-1
T78646,COc1ccc(-c2c3c(nn2-c2ccc([N+](=O)[O-])cc2)-c2ccc(OC)cc2CC3)cc1,427.46,5.23,79.4,0,5,5,1,0.1250,BI-1467335,AOC3/VAP-1
T28009,COc1c(OCc2ccc(-c3ccccc3-c3nnn[nH]3)cc2)cc(C)nc1C,387.44,4.13,85.8,1,6,6,0,0.1250,Firsocostat (GS-0976),ACC
T61934,O=C1c2ccccc2S(=O)(=O)N1CCCCNC[C@H]1CCc2ccccc2O1,400.5,2.59,75.7,1,5,7,0,0.1250,VK2809,THR-beta
T77809,CCc1ccc(CNc2nc3nc(CNCc4ccccc4)cc(O)n3n2)cc1,388.48,3.29,87.4,3,6,8,0,0.1250,Lanifibranor (IVA-337),PPAR-alpha/gamma/delta
T19998,[H][C@]12Cc3c([nH]c4ccccc34)[C@@H](c3ccc4c(c3)OCO4)N1C(=O)CN(CC)C2=O,403.44,2.6,74.9,1,4,2,0,0.1250,Denifanstat (TVB-2640),FASN
T25381,CCOc1cc(Cc2cnc(N)nc2N)cc(OCC)c1-n1cccc1,353.43,2.82,101.2,2,6,7,0,0.1250,Firsocostat (GS-0976),ACC
T19795,CC(C)=CC1C(C(=O)OCN2C(=O)C3=C(CCCC3)C2=O)C1(C)C,331.41,2.96,63.7,0,4,4,0,0.1250,Obeticholic acid (OCA),FXR
T18939,CC[n+]1c(C=CC=C2Oc3ccccc3N2CCCCCC(=O)ON2C(=O)CCC2=O)oc2ccccc21,516.57,4.66,93.2,0,7,10,1,0.1250,Firsocostat (GS-0976),ACC
TYD-00822,[H][C@]12CS[C@@H](CCCCC(=O)NCCCc3cccc4c(N)cccc34)[C@@]1([H])NC(=O)N2,426.59,3.2,96.2,4,4,9,0,0.1250,Cilofexor (GS-9674),FXR
T1922,[H][C@@]12CC[C@]3(CC=C(C(=O)OC)CC[C@@]31OC(C)=O)C(=O)O[C@]2(C)/C=C/C=C(\C)C(=O)O,432.47,2.87,116.2,1,7,5,0,0.1240,Firsocostat (GS-0976),ACC
T9863,COc1cc2c(cc1-c1cnn3ccc(-c4ccnc5[nH]ccc45)cc13)CNCC2,395.47,4.2,67.2,2,4,3,0,0.1240,Firsocostat (GS-0976),ACC
T2516,S=C(NCc1ccc2c(c1)OCO2)N1CCN(c2ncnc3c2oc2ccccc23)CC1,447.52,3.3,75.9,1,7,3,0,0.1239,Cilofexor (GS-9674),FXR
T12235,CCOC(=O)c1c(NC(=O)CC2Nc3cc(C)c(C)cc3NC2=O)sc(C)c1C,415.52,3.92,96.5,3,6,5,0,0.1239,Firsocostat (GS-0976),ACC
T10659,CCCn1cnc2c(NCc3ccccc3)nc(N[C@H](CC)CO)nc21,354.46,3.03,87.9,3,6,9,0,0.1239,Firsocostat (GS-0976),ACC
T14384,CC(C)C[C@H](CO)Nc1nc(S[C@@H](C)c2ccccc2)nc2nc(N)sc12,403.58,4.34,97.0,3,8,8,0,0.1239,Firsocostat (GS-0976),ACC
T69522,[2H]C([2H])([2H])C1(C([2H])([2H])[2H])Cn2nc(-c3ccc(F)cn3)c(-c3ccnc4[nH]ncc34)c2CO1,370.42,3.33,81.5,1,5,2,0,0.1239,Cilofexor (GS-9674),FXR
T28109,O=C1C=CN(c2c(F)cc(N3C[C@H](CNc4ccon4)OC3=O)c(F)c2F)CC1,408.34,2.82,87.9,1,7,5,0,0.1239,Cilofexor (GS-9674),FXR
T5720,[H][C@]12Cc3cc(O)c(OC)cc3-c3c(OC)c(O)cc(c31)CCN2C,327.38,2.87,62.2,2,5,2,0,0.1238,Firsocostat (GS-0976),ACC
T7505,CN1CCN(CCCCN2C(=O)CN(/N=C/c3ccc(-c4ccc(Cl)cc4)o3)C2=O)CC1,457.96,3.23,72.6,0,6,8,0,0.1238,VK2809,THR-beta
T4471,O=C1NNc2nc(CN3Cc4ccccc4C3)nc3cccc1c23,317.35,2.22,70.2,2,5,2,0,0.1238,Firsocostat (GS-0976),ACC
T13214L,CN1CCN(c2nc3c(F)cccc3c(=O)n2-c2ccc(Oc3ccc(F)cc3)cc2)CC1,448.47,4.21,50.6,0,5,4,0,0.1238,Cilofexor (GS-9674),FXR
TN1390,C/C=C(/C)C(=O)OC1c2cc(OC)c(OC)c(OC)c2-c2c(cc(OC)c(OC)c2OC)CC(C)C1(C)O,530.61,4.9,101.9,1,9,8,1,0.1238,Cilofexor (GS-9674),FXR
T60025,CCN1CCN(Cc2ccc(Nc3ncc(F)c(-c4ccc5nn(C)c(C(C)C)c5c4)n3)nc2)CC1,488.62,4.57,75.0,1,7,7,0,0.1238,Lanifibranor (IVA-337),PPAR-alpha/gamma/delta
T35694,Clc1cc2cc(c1)-c1cnn3c1NC(=NCCOCCO2)C=C3,330.78,2.91,60.7,1,5,0,0,0.1238,Cilofexor (GS-9674),FXR
T9175,Cn1ncc(-c2nc(N[C@H]3CC[C@H](N)CC3)ncc2Cl)c1CC1CC1,360.89,3.16,81.7,2,5,5,0,0.1238,Cilofexor (GS-9674),FXR
T79856,C=CC(=O)N1C[C@@H](n2nc(C#Cc3c(F)cc4c(ncn4C4CC4)c3F)c(C(N)=O)c2NC)C[C@@H]1COC,523.54,2.36,120.3,2,6,7,1,0.1238,BI-1467335,AOC3/VAP-1
T204051,CC(C)Oc1ccc(-c2cnc3c(-c4cc(=O)oc5ccccc45)cnn3c2)cc1,397.43,4.96,69.6,0,5,4,0,0.1238,VK2809,THR-beta
T2132,O=C1CC2(CCCC2)CC(=O)N1CCCCN1CCN(c2ncccn2)CC1,385.51,2.09,69.6,0,6,6,0,0.1237,Cilofexor (GS-9674),FXR
T11741,O=C(OCCO)c1ccc(NS(=O)(=O)c2cccc(-c3cc(F)ccc3O)c2)cc1O,447.44,2.85,133.2,4,7,7,0,0.1237,Lanifibranor (IVA-337),PPAR-alpha/gamma/delta
T15658,CC(Sc1nc2ccccc2[nH]1)C(=O)N/N=C/c1cc(Br)ccc1O,419.3,3.66,90.4,3,5,5,0,0.1237,Lanifibranor (IVA-337),PPAR-alpha/gamma/delta
T14125,O=C(O)/C=C/c1ccc(-c2ccc(O)c(C34CC5CC(CC(C5)C3)C4)c2)cc1,374.48,5.62,57.5,2,2,4,1,0.1237,Cilofexor (GS-9674),FXR
T19967,O=C(O)c1cc(-n2c(-c3ccccc3)cc3c2CCc2ccccc2-3)ccc1O,381.43,5.31,62.5,2,2,3,1,0.1237,VK2809,THR-beta
TN5254,CC(C)=CCc1c(O)cc2occ(-c3ccc(O)cc3)c(=O)c2c1O,338.36,4.09,90.9,3,5,3,0,0.1237,VK2809,THR-beta
T16887,CN1CCN(c2ncc(-c3cc(Cl)cc(Cl)c3Cl)c(N)n2)CC1,372.69,3.44,58.3,1,5,2,0,0.1237,Cilofexor (GS-9674),FXR
T24573,[H][C@@]12/C=C(\C)C[C@@]3([H])C=C(CC/C=C(\C)CC[C@@]1([H])C(=C)C(=O)O2)C(=O)O3,328.41,3.79,52.6,0,4,0,0,0.1237,VK2809,THR-beta
TN2365,[H][C@@]12C[C@@H](C)[C@]3(C[C@@H](c4ccoc4)OC3=O)[C@]3([H])CCCC(=C13)C(=O)O2,328.36,3.32,65.7,0,5,1,0,0.1237,Denifanstat (TVB-2640),FASN
T5383,CC(Nc1nc(N2CCNCC2)nc2ccccc12)c1ccccc1,333.44,3.21,53.1,2,5,4,0,0.1236,Denifanstat (TVB-2640),FASN
T15497,CN1CCN(c2ccc3[nH]c(-c4ccc5[nH]c(-c6ccccc6)nc5c4)nc3c2)CC1,408.51,4.53,63.8,2,4,3,0,0.1236,Denifanstat (TVB-2640),FASN
T8765,O=C(Nc1ccccc1)N1CCN(c2cccc3[nH]ccc23)CC1,320.4,3.52,51.4,2,2,2,0,0.1236,Denifanstat (TVB-2640),FASN
T77339,CCN1C(=O)c2cccc3c(S(=O)(=O)N4CCCC4)ccc1c23,330.41,2.6,57.7,0,3,3,0,0.1236,Denifanstat (TVB-2640),FASN
T19905,O=S(=O)([O-])c1cc(O)c(N=Nc2c(O)ccc3ccccc23)c2ccccc12,393.4,4.72,122.4,2,7,3,0,0.1235,Lanifibranor (IVA-337),PPAR-alpha/gamma/delta
TN1969,O=C(/C=C/c1ccc(O)cc1)NCCc1c[nH]c2ccc(O)cc12,322.36,2.95,85.4,4,3,5,0,0.1233,BI-1467335,AOC3/VAP-1
T9118,Fc1ccc(-c2ccc(Nc3nc(Cl)nc(Cl)n3)cc2)cc1,335.17,4.73,50.7,1,4,3,0,0.1233,Lanifibranor (IVA-337),PPAR-alpha/gamma/delta
T13683,COCc1c(F)c(F)c(COC(=O)[C@@H]2[C@@H](/C=C(/C)C#N)C2(C)C)c(F)c1F,385.36,4.17,59.3,0,4,6,0,0.1233,BI-1467335,AOC3/VAP-1
T25852,NC(=S)NN=Cc1ccc(-c2cccc(C(F)(F)F)c2)o1,313.3,3.13,63.5,2,3,3,0,0.1233,BI-1467335,AOC3/VAP-1
T2842,COc1ccc(-c2cc(=O)c3c(OC)c(OC)c(OC)c(OC)c3o2)cc1,372.37,3.5,76.4,0,7,6,0,0.1231,BI-1467335,AOC3/VAP-1
T6272,COc1ccc(/C=C\c2cc(OC)c(OC)c(OC)c2)cc1OP(=O)([O-])[O-],394.32,2.1,109.3,0,8,8,0,0.1231,BI-1467335,AOC3/VAP-1
T5154,O=C(Nc1ccc(I)cc1)c1ccc([N+](=O)[O-])o1,358.09,3.04,85.4,1,4,3,0,0.1231,BI-1467335,AOC3/VAP-1
T86167,CCc1cc(N2CCN(C)CC2)ccc1Nc1ncc(C(F)(F)F)c(NCCCN2CCOCCC2=O)n1,535.62,3.6,85.9,2,8,9,1,0.1231,Firsocostat (GS-0976),ACC
T5826,C=C1C(=O)O[C@@H]2/C=C(\C)[C@@H](OC(C)=O)C/C=C(\COC(C)=O)C[C@@H](OC(=O)/C(C)=C/CO)[C@@H]12,462.5,2.1,125.4,1,9,6,0,0.1230,Firsocostat (GS-0976),ACC
T22288,COc1ccc2[nH]c(O)c(C=c3ccc4c(c3)N=NC=4/C=C/c3ccc(N4CCN(C)CC4)nc3)c2c1,492.58,3.78,89.3,2,7,5,0,0.1230,Cilofexor (GS-9674),FXR
TN1036,COc1cc2c(c(OC)c1OC)-c1c3cc4c(c1OC[C@H](C)[C@@](C)(O)C(=O)O[C@@H]2[C@@](C)(O)[C@@H](C)C3)OCO4,530.57,3.42,122.1,2,10,3,1,0.1230,Firsocostat (GS-0976),ACC
T15418,CCCn1c(=O)c2nc(-c3cnn(Cc4cccc(C(F)(F)F)c4)c3)[nH]c2n(CC)c1=O,446.43,3.25,90.5,1,4,6,0,0.1230,Firsocostat (GS-0976),ACC
T16812,OCCC#Cc1nc(-c2ccc(F)cc2)c(-c2ccncc2)n1CCCc1ccccc1,425.51,5.12,50.9,1,3,7,1,0.1228,Firsocostat (GS-0976),ACC
T9214,Cc1[nH]n(-c2ccccc2)c(=O)c1C1(C(F)(F)F)C(=O)N(c2ccccc2)C2=C1C(=O)C(C)(C)CC2,495.5,4.96,75.2,1,3,3,0,0.1228,Firsocostat (GS-0976),ACC
T60047L,FC(F)(F)c1ccc(-c2noc(CN3CCCC(CN4CCOCC4)C3)n2)cc1,410.44,3.3,54.6,0,6,5,0,0.1228,Firsocostat (GS-0976),ACC
T14990,CC(C)n1cnc2c(NCc3nc4ccc(F)c(F)c4[nH]3)nc(N3CCCC[C@H]3CCO)nc21,470.53,3.92,107.8,3,7,7,0,0.1228,Denifanstat (TVB-2640),FASN
T6269,Nc1nc(Nc2ccc3c(c2)CC[C@@H](N2CCCC2)CC3)nn1-c1cc2c(nn1)-c1ccccc1CCC2,506.66,4.88,97.8,2,7,4,1,0.1226,Denifanstat (TVB-2640),FASN
TN2190,COc1cc2c(cc1O)[C@@H]1Cc3ccc(OC)c(O)c3CN1CC2,327.38,2.77,62.2,2,5,2,0,0.1226,Firsocostat (GS-0976),ACC
TN2546,COc1c(O)cc2oc3cc(O)c4c(c3c(=O)c2c1CC=C(C)C)OC(C)(C)CC4,410.47,4.98,89.1,2,6,3,0,0.1226,VK2809,THR-beta
T1825,c1nc2nc(Nc3ccc(N4CCOCC4)cc3)nc(NC3CCCCC3)c2[nH]1,393.5,3.68,91.0,3,7,5,0,0.1224,Denifanstat (TVB-2640),FASN
T2527,CC(=O)O[C@]1(C(C)=O)CC[C@H]2[C@@H]3CCC4=CC(=O)CCC4=C3[C@@H](c3ccc(N(C)C)cc3)C[C@@]21C,475.63,5.54,63.7,0,5,4,1,0.1224,Obeticholic acid (OCA),FXR
T6659,O=C1NC(=O)C(c2ccccc2[N+](=O)[O-])=C1Nc1ccc(O)c(Cl)c1,359.73,2.43,121.6,3,6,4,0,0.1224,VK2809,THR-beta
T3S1319,[H][C@]12Cc3ccc(OC)c(O)c3-c3c(O)c(OC)cc(c31)CC[N+]2(C)C,342.42,3.01,58.9,2,4,2,0,0.1224,Cilofexor (GS-9674),FXR
T3S1320,COc1ccc2c(c1O)-c1c(O)c(OC)cc3c1[C@H](C2)[N+](C)(C)CC3,342.42,3.01,58.9,2,4,2,0,0.1224,Cilofexor (GS-9674),FXR
T6S0139,CC(C)=CCc1cc(-c2coc3cc(O)ccc3c2=O)ccc1O,322.36,4.38,70.7,2,4,3,0,0.1224,VK2809,THR-beta
T5452,Nc1c(-c2cccc(O)c2)cnc2c(-c3cccnc3)cnn12,303.32,2.75,89.3,2,5,2,0,0.1224,Cilofexor (GS-9674),FXR
T12041,Cc1cs/c(=N\C2CCCCC2)n1/N=C/c1ccc(O)c(O)c1O,347.44,3.09,90.3,3,6,3,0,0.1224,VK2809,THR-beta
T24076,O=C(Nc1cc(O)cc(-c2cccs2)c1)Nc1ccc2ccccc2c1,360.44,5.92,61.4,3,3,3,1,0.1224,Cilofexor (GS-9674),FXR
T36707,Clc1cc(Cl)cc(CNc2ncncc2-c2ccc3c(c2)OCO3)c1,374.23,4.79,56.3,1,5,4,0,0.1224,VK2809,THR-beta
T63569,C[C@@H]1CN(c2ccc(F)cc2C(F)(F)F)CCN1S(=O)(=O)c1cccc([C@@](C)(O)C(F)(F)F)c1,514.46,4.51,60.9,1,4,4,1,0.1224,Lanifibranor (IVA-337),PPAR-alpha/gamma/delta
T2687,COc1ccc2nc(SCc3ncc(C)c(OC)c3C)[nH]c2c1,329.43,3.88,60.0,1,5,5,0,0.1222,Lanifibranor (IVA-337),PPAR-alpha/gamma/delta
T3102,O=c1[nH]c2cc(C(F)(F)F)ccc2n1-c1cc(C(F)(F)F)ccc1O,362.23,4.06,58.0,2,2,1,0,0.1222,VK2809,THR-beta
TN1142,O=c1c2c3c(ccc2cc2n1CCc1cc4c(cc1-2)OCO4)OCO3,335.32,2.68,58.9,0,5,0,0,0.1222,Denifanstat (TVB-2640),FASN
TN1064,O=C(O)c1cc2c(c3c1c([N+](=O)[O-])cc1ccc(O)cc13)OCO2,327.25,3.03,119.1,2,6,2,0,0.1222,Lanifibranor (IVA-337),PPAR-alpha/gamma/delta
T9831,Cn1cc(C2=C(c3cn(C)c4cc([N+](=O)[O-])ccc34)C(=O)NC2=O)c2ccccc21,400.39,3.15,99.2,1,4,3,0,0.1222,Denifanstat (TVB-2640),FASN
T23589,CC(C)n1cnc2c(NCc3ccccc3)nc(NCCO)nc21,326.4,2.42,87.9,3,6,7,0,0.1222,Lanifibranor (IVA-337),PPAR-alpha/gamma/delta
T24695,CCCN1C(=O)CCc2cc(NS(=O)(=O)Cc3ccc(C)cc3)ccc21,372.49,3.63,66.5,1,3,6,0,0.1222,Lanifibranor (IVA-337),PPAR-alpha/gamma/delta
T11328,CCC(CC)n1cnc2c(-c3cnc(N)cn3)nc(N3CC4CCC(C3)O4)nc21,394.48,2.59,107.9,1,8,5,0,0.1222,Obeticholic acid (OCA),FXR
T39947,Cc1nc(NCc2cnn(Cc3ccc(C(F)(F)F)nc3)c2)nc2c1NC(=O)[C@H](C)N2C,446.44,2.83,100.9,2,7,5,0,0.1222,BI-1467335,AOC3/VAP-1
T21404,CC1CC2C3CC(F)C4=CC(=O)C=CC4(C)C3(F)C(O)CC2(C)C1(OC(=O)c1ccco1)C(=O)SCF,538.58,4.93,93.8,1,7,4,1,0.1221,Firsocostat (GS-0976),ACC
T4265,Cc1cc(-c2nnc(N)nc2-c2ccc(F)cc2)cc(Cl)n1,315.74,3.28,77.6,1,5,2,0,0.1220,Lanifibranor (IVA-337),PPAR-alpha/gamma/delta
T4321,NS(=O)(=O)c1ccc(S(=O)(=O)Nc2cccc3c(Cl)c[nH]c23)cc1,385.85,2.27,122.1,3,4,4,0,0.1220,Lanifibranor (IVA-337),PPAR-alpha/gamma/delta
T6171,CC(C)CCN1c2nc(Nc3cc(F)c(O)c(F)c3)ncc2N(C)C(=O)C1C,391.42,3.42,81.6,2,6,5,0,0.1220,BI-1467335,AOC3/VAP-1
T3904,COc1c(O)cc2c(c1OC)-c1c(cc(O)c(OC)c1OC)CC(C)C(C)C2,388.46,4.17,77.4,2,6,4,0,0.1220,VK2809,THR-beta
T18978,Oc1c(Cc2ccccc2)nc2c(-c3ccccc3)nc(-c3ccccc3)cn12,377.45,5.36,50.4,1,3,4,1,0.1220,Lanifibranor (IVA-337),PPAR-alpha/gamma/delta
TN6730,[H][C@]12CC[C@@]3(C)[C@H](c4ccoc4)C(=O)[C@]4([H])O[C@]43[C@]1(C)[C@H](OC(C)=O)C[C@@]1([H])C(C)(C)C(=O)C=C[C@]21C,466.57,4.63,86.1,0,6,2,0,0.1220,Firsocostat (GS-0976),ACC
T9236,COc1ccc(-c2ccc(N)nc2-c2ccc(OC)c(C)c2)cc1C,334.42,4.63,57.4,1,4,4,0,0.1220,Denifanstat (TVB-2640),FASN
T11281L,Cc1cc(NCCCN(C)C)c2ccc3c(ccc4c(NCCCN(C)C)cc(C)nc43)c2n1,458.65,5.28,56.3,2,6,10,1,0.1220,Denifanstat (TVB-2640),FASN
T11212,O=C1NC(=S)NC(=O)C1=Cc1ccc(-c2ccc(Cl)cc2Cl)o1,367.21,3.17,71.3,2,4,2,0,0.1220,Resmetirom,THR-beta
T32633,C[C@H]1Oc2c(cccc2N2CCN(CCCc3c[nH]c4ccc(F)cc34)CC2)NC1=O,422.5,3.78,60.6,2,4,5,0,0.1220,Firsocostat (GS-0976),ACC
T68664,[H][C@@]12CC[C@@]34O[C@]3(C)C(O)=C(C#N)C[C@]4(C)[C@@]1([H])CC[C@@]1(C)[C@@]2([H])CC[C@]1(C)O,357.49,4.25,76.8,2,4,0,0,0.1220,Obeticholic acid (OCA),FXR
T78652,O=c1cc(C(F)(F)F)c2c(-c3cccc(C(F)(F)F)c3)n[nH]c2[nH]1,347.22,3.96,61.5,2,2,1,0,0.1220,Resmetirom,THR-beta
T15726,Cc1cccc(C)c1-n1c(=O)c2cnc(Nc3ccc(N4CCN(C)CC4)cc3)nc2n2c3ccccc3nc12,530.64,4.69,83.6,1,7,4,1,0.1220,Firsocostat (GS-0976),ACC
T0179,CCCSc1nc(N[C@@H]2C[C@H]2c2ccc(F)c(F)c2)c2nnn([C@@H]3C[C@H](OCCO)[C@@H](O)[C@H]3O)c2n1,522.58,2.01,138.4,4,10,10,1,0.1217,Denifanstat (TVB-2640),FASN
TN1816,COc1cc2c(c(OC)c1OC)-c1c(cc3c(c1OC)OCO3)[C@H](OC(C)=O)[C@H](C)[C@H](C)C2,458.51,4.55,81.7,0,8,5,0,0.1217,Firsocostat (GS-0976),ACC
TQ0255,C=CC(=O)Nc1cccc(-c2cccc3cnc(Nc4ccc(N5CCN(CCO)CC5)c(F)c4F)nc23)c1,530.58,4.56,93.6,3,7,8,1,0.1217,Denifanstat (TVB-2640),FASN
T27257,O=C(Nc1ccc(N2CCOCC2=O)cc1)[C@H]1C[C@@H](O)CN1C(=O)Nc1ccc(Cl)cc1,458.9,2.31,111.2,3,5,4,0,0.1217,Firsocostat (GS-0976),ACC
TN2273,CC=C(C)C(=O)OC1c2cc(OC)c(OC)c(OC)c2-c2c(cc3c(c2OC)OCO3)CC(C)C1(C)O,514.57,4.61,101.9,1,9,6,1,0.1217,Cilofexor (GS-9674),FXR
T0803,CC(=O)Nc1c(I)cc(I)c(C(=O)O)c1I,556.86,3.16,66.4,2,2,2,1,0.1216,Lanifibranor (IVA-337),PPAR-alpha/gamma/delta
T2153,CC(C)(C)n1nc(Cc2cccc3ccccc23)c2c(N)ncnc21,331.42,3.91,69.6,1,4,2,0,0.1216,BI-1467335,AOC3/VAP-1
T3701,CC(C)(O)c1coc(S(=O)(=O)NC(=O)Nc2c3c(cc4c2CCC4)CCC3)c1,404.49,2.99,108.6,3,5,4,0,0.1216,BI-1467335,AOC3/VAP-1
T6658,Cc1cc(NC(=O)Nc2ccc(N(C)C)cc2)c2cc(F)cc(F)c2n1,356.38,4.53,57.3,2,3,3,0,0.1216,BI-1467335,AOC3/VAP-1
T10616,O=C(Nc1cc(C(F)F)ns1)Nc1cc(F)ncc1CO,318.28,2.75,87.1,3,5,4,0,0.1216,BI-1467335,AOC3/VAP-1
T83628,COc1cc(-c2cn(-c3cc(OC)c(OC)c(OC)c3)nn2)cc(OC)c1OC,401.42,2.99,86.1,0,8,8,0,0.1216,Resmetirom,THR-beta
T2832,[H][C@]12Cc3ccc(OC)c(O)c3-c3c(OC)c(OC)cc(c31)CCN2C,341.41,3.17,51.2,1,5,3,0,0.1215,Firsocostat (GS-0976),ACC
T4291,COc1ccc2c(c1O)-c1c(OC)c(OC)cc3c1[C@H](C2)N(C)CC3,341.41,3.17,51.2,1,5,3,0,0.1215,Firsocostat (GS-0976),ACC
T5S1607,CC(C)=CCc1c(-c2ccc(O)cc2O)oc2c3c(cc(O)c2c1=O)OC(C)(C)C=C3,420.46,5.27,100.1,3,6,3,1,0.1215,VK2809,THR-beta
TQ0176,[H][C@@]12Cc3ccc(OC)c(OC)c3CN1CCc1cc(OC)c(O)cc12,341.41,3.07,51.2,1,5,3,0,0.1215,Firsocostat (GS-0976),ACC
T67941,c1cncc(-c2nc(NCc3cccs3)c3ccccc3n2)c1,318.41,4.37,50.7,1,5,4,0,0.1215,Firsocostat (GS-0976),ACC
T24088,CC(C)C[C@H](NC(=O)c1ccc(NCc2cnc[nH]2)cc1-c1cccc2ccccc12)C(=O)O,456.55,5.07,107.1,4,4,9,1,0.1215,Denifanstat (TVB-2640),FASN
T62650,CC(C)c1c2cc(-c3nc(Nc4ccc(N5CCNCC5)cn4)ncc3F)ccc2nn1C,446.53,3.84,83.8,2,7,5,0,0.1215,Denifanstat (TVB-2640),FASN
T4S0590,C[C@@]12C[C@@H](c3ccoc3)OC(=O)[C@@H]1CC[C@]1(C)[C@H]2[C@H]2C=C[C@]1(O)C(=O)O2,358.39,2.53,86.0,1,6,1,0,0.1212,Denifanstat (TVB-2640),FASN
T5417,CN1C(=O)C(C)(C)Oc2c(-c3cn(C)c(=O)c4[nH]ccc34)cc(S(C)(=O)=O)cc21,415.47,2.07,101.5,1,5,2,0,0.1212,Denifanstat (TVB-2640),FASN
T7307,C[C@@H](Nc1nc(N[C@H](C)C(F)(F)F)nc(-c2cccc(Cl)n2)n1)C(F)(F)F,414.74,4.31,75.6,2,6,5,0,0.1212,BI-1467335,AOC3/VAP-1
T8605,c1ccc(-c2noc(CSc3nnc(-c4ccncc4)o3)n2)cc1,337.36,3.47,90.7,0,8,5,0,0.1212,Cilofexor (GS-9674),FXR
T18891,CN(C)c1ccc2c(-c3ccc(C(=O)[O-])cc3C(=O)O)c3ccc(=[N+](C)C)cc-3oc2c1,430.46,2.36,96.8,1,5,4,0,0.1212,Denifanstat (TVB-2640),FASN
T41256,Cn1cc(-c2ccc3c(Nc4cccc(NC(=O)Nc5cccc(F)c5)c4)ncnc3c2)cn1,453.48,5.56,96.8,3,5,5,1,0.1212,Lanifibranor (IVA-337),PPAR-alpha/gamma/delta
T2A2486,COc1cc(OC)c2c(=O)cc(-c3cc(OC)c(OC)c(OC)c3)oc2c1,372.37,3.5,76.4,0,7,6,0,0.1212,Firsocostat (GS-0976),ACC
T9673,CN(C)CCCNc1ccn2ncc(-c3ccc4c(c3)OCO4)c2n1,339.4,2.49,63.9,1,6,6,0,0.1212,Denifanstat (TVB-2640),FASN
T77811,CNC(=O)c1sccc1Nc1nc(Nc2ccc(N3CCN(C)CC3)cc2)ncc1Br,502.44,3.9,85.4,3,8,6,1,0.1212,Lanifibranor (IVA-337),PPAR-alpha/gamma/delta
T200418,C=CC(=O)Nc1cccc(Nc2nc3c(-c4cccc(O)c4)cccn3n2)c1,371.4,3.97,91.5,3,5,5,0,0.1212,Denifanstat (TVB-2640),FASN
TN9828,CC1(C)C=C(O)c2cc(-c3cc(=O)c4c(O)cc(O)cc4o3)ccc2O1,352.34,3.94,100.1,3,6,1,0,0.1212,VK2809,THR-beta
T6S1918,C/C=C(/C)C(=O)O[C@H]1c2cc(OC)c(OC)c(OC)c2[C@@H]2C(=C[C@H](C)[C@]1(C)O)C=C1OCOC1=C2OC,514.57,4.43,101.9,1,9,6,1,0.1210,Firsocostat (GS-0976),ACC
T0154,O[C@@H](CNC[C@H](O)[C@H]1CCc2cc(F)ccc2O1)[C@@H]1CCc2cc(F)ccc2O1,405.44,2.36,71.0,3,5,6,0,0.1209,VK2809,THR-beta
T2357,O=C1NC(=O)/C(=C/c2ccc3nccc(-c4ccncc4)c3c2)S1,333.37,3.62,72.0,1,5,2,0,0.1209,Denifanstat (TVB-2640),FASN
T3384,COc1cc(O)c2c(c1)oc(=O)c1c3cc(O)c(O)cc3oc21,314.25,2.82,113.3,3,7,1,0,0.1209,VK2809,THR-beta
T4359,c1ccc(Cn2nnc3c(Sc4nc5ccccc5o4)ncnc32)cc1,360.4,3.56,82.5,0,7,4,0,0.1209,Lanifibranor (IVA-337),PPAR-alpha/gamma/delta
T4S1637,CC(C)=CCc1c(O)cc2oc3cc(O)c(O)c(CC=C(C)C)c3c(=O)c2c1O,396.44,4.79,111.1,4,6,4,0,0.1209,VK2809,THR-beta
T11394,O=C1CN(c2cn[nH]c(=O)c2Cl)CCN1Cc1ccccc1C(F)(F)F,386.76,2.29,69.3,1,4,3,0,0.1209,Resmetirom,THR-beta
T10655,Cn1cc(-c2ccc3nnc(Sc4ccc5nn(C)cc5c4)n3n2)cn1,362.42,2.56,78.7,0,6,3,0,0.1209,Lanifibranor (IVA-337),PPAR-alpha/gamma/delta
T21995,O=c1c(Oc2ccc(I)cc2)coc2cc(O)ccc12,380.14,3.9,59.7,1,4,2,0,0.1209,VK2809,THR-beta
T25450,COC(=O)[C@H](CC(C)C)NC(=O)c1ccc(NCc2cnc[nH]2)cc1-c1cccc2ccccc12,470.57,5.16,96.1,3,5,9,1,0.1209,BI-1467335,AOC3/VAP-1
T2343,N#CC(c1ccnc(NCCc2cccnc2)n1)c1nc2ccccc2s1,372.46,3.79,87.4,1,7,6,0,0.1207,Firsocostat (GS-0976),ACC
T3S1916,C/C=C(/C)C(=O)O[C@H]1c2cc3c(c4c2[C@@]2(CO4)C(=O)C(OC)=C(OC)C=C2C[C@@H](C)[C@H]1C)OCO3,482.53,4.29,89.5,0,8,4,0,0.1207,VK2809,THR-beta
T22565,NCCCCN(Cc1nc2ccccc2[nH]1)[C@H]1CCCc2cccnc21,349.48,3.58,70.8,2,4,7,0,0.1207,Firsocostat (GS-0976),ACC
T25131,C[C@H](CO)Nc1nc(SCc2cccc(F)c2F)nc2[nH]c(=O)sc12,384.43,2.74,90.9,3,7,6,0,0.1207,Firsocostat (GS-0976),ACC
T19702,Cn1ncnc1COc1nn2c(-c3cc(F)ccc3F)nnc2cc1C(C)(C)C,399.41,3.07,83.0,0,6,4,0,0.1207,Firsocostat (GS-0976),ACC
T12105,Cc1cc(-c2nncc3c(C(C)(C)C)c(OCc4ncnn4C)nn23)no1,368.4,2.09,109.1,0,8,4,0,0.1207,Firsocostat (GS-0976),ACC
T40948,O=C(O)c1cc(-c2c3cc(F)c(=O)cc-3oc3cc(O)c(F)cc23)c2ccccn2c1=O,435.34,3.86,109.2,2,5,2,0,0.1207,Firsocostat (GS-0976),ACC
T1133,CS(=O)(=O)Nc1ccc([N+](=O)[O-])cc1Oc1ccccc1,308.32,2.76,98.5,1,5,5,0,0.1205,Lanifibranor (IVA-337),PPAR-alpha/gamma/delta
T6681,O=S(=O)(/N=C/c1c(O)ccc2ccccc12)c1cccs1,317.39,3.41,66.7,1,4,3,0,0.1205,Lanifibranor (IVA-337),PPAR-alpha/gamma/delta
T16742,Nc1ccc2c(-c3ccccc3C(=O)O)c3ccc(N)cc3[o+]c2c1,331.35,4.4,100.6,3,3,2,0,0.1205,Denifanstat (TVB-2640),FASN
T2S1040,[H][C@]12CC[C@@]34O[C@@H]3C3=C(C)C(=O)O[C@]35O[C@@H]5C4[C@]1(C)CCCC2(C)C,330.42,3.35,51.4,0,4,0,0,0.1205,Obeticholic acid (OCA),FXR
T78605,CC(C)n1nc(-c2ccc3ccccc3c2)c2c(N)ncnc21,303.37,3.81,69.6,1,4,2,0,0.1205,Resmetirom,THR-beta
T60762,NN=c1[nH]n2c(-c3ccc(Cl)cc3)nnc2c2ccccc12,310.75,2.31,84.4,2,4,1,0,0.1205,Lanifibranor (IVA-337),PPAR-alpha/gamma/delta
T18981,COc1ccc(-c2nc3cc(-c4nc5cc(N6CCN(C)CC6)ccc5[nH]4)ccc3[nH]2)cc1OC,468.56,4.54,82.3,2,6,5,0,0.1204,Firsocostat (GS-0976),ACC
T14072,Cc1n[nH]c2ccc(-c3cncc(OC[C@@H](N)Cc4c[nH]c5ccccc45)c3)cc12,397.48,4.36,92.6,3,4,6,0,0.1204,VK2809,THR-beta
T2S1635,COc1c(O)cc2oc3cc4c(c(O)c3c(=O)c2c1CC=C(C)C)CCC(C)(C)O4,410.47,4.98,89.1,2,6,3,0,0.1204,VK2809,THR-beta
T12664,CCC1(c2ccccc2)C2=C(CC(C)(C)CC2=O)Nc2[nH]ncc21,321.42,4.17,57.8,2,3,2,0,0.1204,Firsocostat (GS-0976),ACC
T28665,[O-][S+](Cc1cc(OCC(F)(F)C(F)(F)C(F)(F)F)ccn1)c1nc2cscc2[nH]1,461.38,4.54,73.9,1,5,7,0,0.1204,Cilofexor (GS-9674),FXR
T77760,Cn1c(=O)c([N+](=O)[O-])c(N2CCN(C(c3ccccc3)c3ccccc3)CC2)c2ccccc21,454.53,4.36,71.6,0,5,5,0,0.1204,Firsocostat (GS-0976),ACC
TN1131,[H][C@@]12CC=C(C)[C@]1([H])[C@@]1([H])OC(=O)[C@@]3(C[C@@]45C=C[C@]3(C)[C@@]4([H])[C@]3([H])OC(=O)C(=C)[C@]3([H])CC[C@@]5(C)O)[C@]1([H])[C@@H](OC(C)=O)C[C@@]2(C)O,552.66,3.41,119.4,2,8,1,1,0.1203,Firsocostat (GS-0976),ACC
T0097L,Cc1ccc(Nc2nccc(N(C)c3ccc4c(C)n(C)nc4c3)n2)cc1S(N)(=O)=O,437.53,3.14,119.0,2,7,5,0,0.1200,Lanifibranor (IVA-337),PPAR-alpha/gamma/delta
T2385,OC[C@H]1O[C@@H](c2ccc(F)c(Cc3cc4ccccc4s3)c2)[C@H](O)[C@@H](O)[C@@H]1O,404.46,2.15,90.2,4,6,4,0,0.1200,VK2809,THR-beta
T6063,C[C@H](NC(=O)[C@@H](O)c1cc(F)cc(F)c1)C(=O)N[C@@H]1C(=O)N(C)c2ccccc2-c2ccccc21,479.48,3.0,98.7,3,4,5,0,0.1200,Denifanstat (TVB-2640),FASN
T4536,Cc1cc(CCCOc2c(C)cc(-c3noc(C(F)(F)F)n3)cc2C)on1,381.35,4.68,74.2,0,6,6,0,0.1200,BI-1467335,AOC3/VAP-1
T5413,O=C(Nc1ccc(F)c(C(F)(F)F)c1)Nc1nnc(-c2ccncc2)s1,383.33,4.4,79.8,2,5,3,0,0.1200,BI-1467335,AOC3/VAP-1
T5881,O=[N+]([O-])c1cc(C(F)(F)F)c(Cl)c([N+](=O)[O-])c1Nc1ncc(C(F)(F)F)cc1Cl,465.09,5.99,111.2,1,6,4,1,0.1200,BI-1467335,AOC3/VAP-1
T35529,CNC(=O)Nc1ccc(-c2cc(-c3ccnc(Nc4ccc(C)c(S(=O)(=O)N(C)C)c4)n3)ccn2)cc1,517.62,4.26,129.2,3,7,7,1,0.1200,Lanifibranor (IVA-337),PPAR-alpha/gamma/delta
T60065,COc1ccc(Nc2nc(-c3c(C)nc4sccn34)cs2)cc1,342.45,4.58,51.5,1,6,4,0,0.1200,BI-1467335,AOC3/VAP-1
T27214,Cc1cc(Nc2ccc(C(F)(F)F)nc2)n2nc(C(C)(F)F)nc2n1,358.27,3.7,68.0,1,5,3,0,0.1200,BI-1467335,AOC3/VAP-1
T60738,Oc1ccc(Nc2nc(-c3cnc4ccccn34)cs2)cc1,308.37,3.91,62.5,2,5,3,0,0.1200,Cilofexor (GS-9674),FXR
TN1864,CC1(C)C=Cc2c(ccc(-c3coc4cc(O)cc(O)c4c3=O)c2O)O1,352.34,3.76,100.1,3,6,1,0,0.1200,VK2809,THR-beta
T62997,COc1ccc(-c2nc(SC)nc(NN=Cc3cc(OC)c(OC)c(OC)c3)c2C#N)cc1,465.54,4.22,110.9,1,10,9,0,0.1200,Denifanstat (TVB-2640),FASN
T81546,C[C@H]1CN(c2cc(S(=O)(=O)NC3(C)CC3)cc3c2cnn3-c2nnc(C(F)F)s2)C[C@H](C)N1,497.6,2.83,105.0,2,8,6,0,0.1200,Obeticholic acid (OCA),FXR
TN2869,COc1ccc(-c2cc(=O)c3ccc(OC)c(OC)c3o2)cc1OC,342.35,3.49,67.1,0,6,5,0,0.1200,Firsocostat (GS-0976),ACC
TN11090,COc1ccc2oc3c(OC)c(OC)c(OC)cc3c(=O)c2c1,316.31,2.98,67.1,0,6,4,0,0.1200,Firsocostat (GS-0976),ACC
T2518,Cc1cc(Nc2ncnc3ccc(-c4ccc(CNCCS(C)(=O)=O)o4)cc23)ccc1Oc1ccn2ncnc2c1,569.65,4.91,136.5,2,10,10,1,0.1197,Lanifibranor (IVA-337),PPAR-alpha/gamma/delta
T7100,COc1ncc(F)cc1CNc1ccc(Cc2c[nH]c3ncc(C)cc23)c(F)n1,395.41,4.15,75.7,2,5,6,0,0.1197,Firsocostat (GS-0976),ACC
TN1480,[H][C@@]12C[C@H](C[C@H]3NCCc4cc(O)c(OC)cc43)[C@@H](CC)CN1CCc1cc(OC)c(OC)cc12,466.62,4.64,63.2,2,6,6,0,0.1197,Firsocostat (GS-0976),ACC
T9498,FC(F)c1cncc(-c2ccc3ncc4nnc(C5=CCCOCC5)n4c3c2)c1,393.4,4.47,65.2,0,5,3,0,0.1197,Firsocostat (GS-0976),ACC
T17144,CCn1ncnc1COc1nn2c(-c3ccccc3F)nnc2cc1C(C)(C)C,395.44,3.42,83.0,0,6,5,0,0.1197,Firsocostat (GS-0976),ACC
T2513,NC(=O)c1ccc(N(C(N)=O)c2c(F)cccc2F)nc1-c1ccc(F)cc1F,404.32,3.62,102.3,2,3,4,0,0.1196,Denifanstat (TVB-2640),FASN
T3429,CN1CCc2cc3c(cc2C(=O)Cc2ccc4c(c2C1)OCO4)OCO3,353.37,2.56,57.2,0,6,0,0,0.1196,Denifanstat (TVB-2640),FASN
T5S2283,c1cc2c(cc1O[C@H]1OC[C@H]3[C@@H]1CO[C@@H]3c1ccc3c(c1)OCO3)OCO2,370.36,2.88,64.6,0,7,3,0,0.1196,VK2809,THR-beta
T5587,Nc1nc(NC[C@H]2CC[C@H](CNS(=O)(=O)c3cccc4ccccc34)CC2)nc2ccccc12,475.62,4.56,110.0,3,6,7,0,0.1196,Lanifibranor (IVA-337),PPAR-alpha/gamma/delta
T19063,CCN(CC)c1ccc2c(-c3ccc(S(=O)(=O)[O][Na])cc3S(=O)(=O)[O-])c3ccc(N(CC)CC)cc3[o+]c2c1,580.66,4.92,118.4,0,8,10,1,0.1196,Lanifibranor (IVA-337),PPAR-alpha/gamma/delta
T15820,CC(C)S(=O)(=O)NC[C@H](C)c1ccc(-c2ccc(CCNS(C)(=O)=O)cc2)cc1,438.62,2.88,92.3,2,4,10,0,0.1196,VK2809,THR-beta
T24240,CC1=C(CCc2nnn[nH]2)c2cc(F)ccc2/C1=C\c1ccc(C(C)C)cc1,374.46,5.42,54.5,1,3,5,1,0.1196,Resmetirom,THR-beta
T15679,CC1(C)CC(=O)C(C2C3=C(CC(C)(C)CC3=O)Oc3ccccc32)C(=O)C1,366.46,4.38,60.4,0,4,1,0,0.1196,VK2809,THR-beta
T15496,COc1ccc(-c2nc3ccc(-c4nc5ccc(N6CCN(C)CC6)cc5[nH]4)cc3[nH]2)cc1,438.54,4.53,73.1,2,5,4,0,0.1196,Denifanstat (TVB-2640),FASN
T31532,CCN(CCO)c1ccc(/N=N/c2ccc([N+](=O)[O-])cc2)cc1,314.35,3.83,91.3,1,6,7,0,0.1194,BI-1467335,AOC3/VAP-1
T14527,CCCCN(CC)c1c([N+](=O)[O-])cc(C(F)(F)F)cc1[N+](=O)[O-],335.28,4.15,89.5,0,5,7,0,0.1194,BI-1467335,AOC3/VAP-1
T24833,Cc1cc(C)nc(NC(=N)Nc2ccccc2C(F)(F)F)n1,309.3,3.57,73.7,3,3,2,0,0.1194,BI-1467335,AOC3/VAP-1
T6275,COC1=CC(c2cc3ccccc3[nH]2)=NC1=Cc1[nH]c(C)cc1C,317.39,4.49,53.2,2,2,3,0,0.1193,Firsocostat (GS-0976),ACC
T6800,COc1ccc(N2C(=O)/C(=C\c3ccc([N+](=O)[O-])s3)SC2=S)cc1,378.46,4.07,72.7,0,7,4,0,0.1193,Firsocostat (GS-0976),ACC
T8188,[H][C@]12COC(=O)[C@]1([H])[C@H](c1cc(OC)c(OC)c(OC)c1)c1cc3c(cc1C2=O)OCO3,412.39,2.56,89.5,0,8,4,0,0.1193,Firsocostat (GS-0976),ACC
T9015,CC(C)[C@H](O)C(=O)N[C@@H](C)C(=O)N[C@@H]1C(=O)N(C)c2ccccc2-c2ccccc21,409.49,2.01,98.7,3,4,5,0,0.1193,Firsocostat (GS-0976),ACC
TN2071,COc1cc([C@@H]2c3cc4c(cc3C(=O)[C@H]3COC(=O)[C@@H]23)OCO4)cc(OC)c1OC,412.39,2.56,89.5,0,8,4,0,0.1193,Firsocostat (GS-0976),ACC
T15597,CN1CC(=O)N2[C@H](c3c[nH]c4ccc(Cl)cc34)c3cc4c(cc3C[C@H]2C1=O)OCO4,423.86,2.86,74.9,1,4,1,0,0.1193,VK2809,THR-beta
T11615,CSCCNc1nonc1-c1noc(=O)n1-c1ccc(F)c(Br)c1,416.23,2.55,99.0,1,8,6,0,0.1193,Cilofexor (GS-9674),FXR
T14613,Cn1cc(C2=C(c3coc4ccccc34)C(=O)NC2=O)c2cc(Br)ccc21,421.25,4.25,64.2,1,3,2,0,0.1193,Firsocostat (GS-0976),ACC
T72953,CCn1ncc2c1-c1cnc(N)c(c1)O[C@H](C)c1cc(F)ccc1-c1nn(C)nc1C2,419.46,3.53,96.7,1,6,1,0,0.1193,Denifanstat (TVB-2640),FASN
T80847,O=C(Nc1ccc(-c2cnc3cc(C4=CCNCC4)ccn23)cc1)c1ccc([N+](=O)[O-])o1,429.44,4.13,114.7,2,6,5,0,0.1193,Denifanstat (TVB-2640),FASN
T6212,COc1ccc(/C=C\c2cc(OC)c(OC)c(OC)c2)cc1O,316.35,3.6,57.2,1,5,6,0,0.1190,VK2809,THR-beta
T12092,[H][C@@]12C(=C[C@H](C)C[C@@H]1O)C=C[C@H](C)[C@@H]2CC[C@@H]1C[C@@H](O)CC(=O)O1,320.43,2.6,66.8,2,4,3,0,0.1190,Obeticholic acid (OCA),FXR
T4487,O=[N+]([O-])c1ccc(CNc2nc(NCc3cccc(C(F)(F)F)c3)nc3nc[nH]c23)cc1,443.39,4.5,121.7,3,7,7,0,0.1190,BI-1467335,AOC3/VAP-1
T60220,CC1=NNC(=O)C1=Cc1cn(-c2ccccc2)nc1-c1ccccc1,328.38,3.43,59.3,1,3,3,0,0.1190,Resmetirom,THR-beta
T3073,Nc1nccc(-c2c(-c3ccc(F)cc3)ncn2C2CCCCC2)n1,337.4,4.23,69.6,1,4,3,0,0.1188,Cilofexor (GS-9674),FXR
T6945,Nc1ncc(-c2ccnc(Nc3ccncc3)n2)c(CC2CC2)n1,319.37,2.61,102.5,2,7,5,0,0.1188,Cilofexor (GS-9674),FXR
T10981,O=C1C2C3C=CC(C4CC34)C2C(=O)N1c1ccc(Cc2ccncc2)cc1,356.43,3.23,50.3,0,3,3,0,0.1188,Firsocostat (GS-0976),ACC
T23469,NS(=O)(=O)c1ccc2c(c1)C1C=CCC1C(c1cccc3ccccc13)N2,376.48,4.31,72.2,2,3,2,0,0.1188,VK2809,THR-beta
T15624,Nc1nc2cc(CC[C@H]3C[C@@H](n4ccc5c(N)ncnc54)[C@H](O)[C@@H]3O)ccc2cc1Br,483.37,2.82,136.1,4,7,4,0,0.1188,Lanifibranor (IVA-337),PPAR-alpha/gamma/delta
T28474,O=S(=O)(NCc1ccccn1)c1ccc(Br)c2ccccc12,377.26,3.48,59.1,1,3,4,0,0.1188,Firsocostat (GS-0976),ACC
T28159,COc1cc2c(cc1OC)C(c1ccc(N)cc1)=NN=C(C)C2,309.37,3.06,69.2,1,5,3,0,0.1188,Firsocostat (GS-0976),ACC
T64117,Cn1c(=O)n(Cc2ccc(Br)cc2)c(=O)c2c1nc(Br)n2Cc1ccc(Br)cc1,583.08,4.28,61.8,0,3,4,1,0.1188,Firsocostat (GS-0976),ACC
T4S0931,CC(=O)O[C@@]12CCC(C)=CC[C@]13CC[C@H]2[C@](C)(/C=C/C=C(\C)C(=O)O)OC3=O,388.46,3.72,89.9,1,5,4,0,0.1186,Firsocostat (GS-0976),ACC
TN1129,[H][C@@]1([C@@H]2CC[C@]34C(=C(C)C(=O)[C@]35OC(=O)C(C)=C5OC)CCCCN24)C[C@H](C)C(=O)O1,415.49,2.44,82.1,0,7,2,0,0.1186,Firsocostat (GS-0976),ACC
T23336,COc1ccc(CCCn2ncc3c2nc(N)n2nc(-c4ccco4)nc32)cc1,389.42,2.96,109.3,1,7,6,0,0.1186,Firsocostat (GS-0976),ACC
T17742,[H][C@]12CS[C@@H](CCCCC(=O)NCCC(=O)N3Cc4ccccc4C#Cc4ccccc43)[C@@]1([H])NC(=O)N2,502.64,3.17,90.5,3,4,8,1,0.1186,Cilofexor (GS-9674),FXR
T10287,CC(c1ccc(-c2cnc3c(-c4ccc(S(N)(=O)=O)c5ccccc45)cnn3c2)cc1)N1CCCC1,497.62,5.02,93.6,1,5,5,1,0.1186,Firsocostat (GS-0976),ACC
T10554,COC(=O)/C=C/C(C)=C\C=C\C(C)=C\C=C\C=C(C)\C=C\C=C(C)\C=C\C(=O)O,394.51,5.81,63.6,1,3,10,1,0.1186,BI-1467335,AOC3/VAP-1
T6031,CNc1nc(Nc2cn(C(C)(C)C#N)nc2C)ncc1C(F)(F)F,339.33,3.04,91.4,2,6,4,0,0.1184,BI-1467335,AOC3/VAP-1
T6887,CC(C)(O)c1coc(S(=O)(=O)[N-]C(=O)Nc2c3c(cc4c2CCC4)CCC3)c1,403.48,3.78,110.7,2,5,4,0,0.1184,BI-1467335,AOC3/VAP-1
TD0103,Cc1cc2nc3cc(C)c(N)cc3[n+](-c3ccccc3)c2cc1N,315.4,3.45,68.8,2,3,1,0,0.1184,Lanifibranor (IVA-337),PPAR-alpha/gamma/delta
T26575,CC(C)Nc1nc(Nc2ccnc(C(F)(F)F)c2)nc(-c2cccc(C(F)(F)F)n2)n1,443.36,4.93,88.5,2,7,5,0,0.1184,BI-1467335,AOC3/VAP-1
T88846,OC[C@@H](O)CNc1nnc(-c2ccc(C(F)(F)F)cc2O)c2ccccc12,379.34,2.79,98.5,4,6,5,0,0.1184,BI-1467335,AOC3/VAP-1
T1866,C1=Cc2ccccc2C(=C2CCN(CCCCc3nn[nH]n3)CC2)c2ccccc21,397.53,4.6,57.7,1,4,5,0,0.1183,Denifanstat (TVB-2640),FASN
T2950,COc1cc2c(c(OC)c1OC)-c1c(cc(OC)c(OC)c1OC)C[C@](C)(O)[C@@H](C)C2,432.51,3.89,75.6,1,7,6,0,0.1183,Cilofexor (GS-9674),FXR
T5461,CCc1c(-c2ccc3[nH]ncc3c2)cnc(N)c1-c1ccc(O)cc1,330.39,4.14,87.8,3,4,3,0,0.1183,Denifanstat (TVB-2640),FASN
T7960,CCN(CC)c1ccc2cc(-c3nc4ccccc4[nH]3)c(=O)oc2c1,333.39,4.18,62.1,1,4,4,0,0.1183,Denifanstat (TVB-2640),FASN
T22276,Cc1occc2=[O]->[V+2]3(=[O])(<-[O]=c4ccoc(C)c4[O-]->3)<-[O-]c12,317.15,2.06,88.6,0,7,2,0,0.1183,Firsocostat (GS-0976),ACC
T11218,Oc1ccc(/C=C/c2cc(O)cc3c2[C@@H](c2cc(O)cc(O)c2)[C@H](c2ccc(O)cc2)O3)cc1,454.48,5.65,110.4,5,6,4,1,0.1183,VK2809,THR-beta
TQ0220,O=C(CSc1ccc(Br)cc1)Nc1cn(CCc2ccccc2)nc1C(=O)O,460.35,4.32,84.2,2,4,8,0,0.1183,Lanifibranor (IVA-337),PPAR-alpha/gamma/delta
T73375,O=c1oc2ccc([N+](=O)[O-])cc2cc1-c1csc(Nc2ccccc2)n1,365.37,4.57,98.3,1,7,4,0,0.1183,Lanifibranor (IVA-337),PPAR-alpha/gamma/delta
T1708,COc1ccc(-c2nc3cc(C4=NNC(=O)CC4C)ccc3[nH]2)cc1,334.38,3.1,79.4,2,4,3,0,0.1182,Firsocostat (GS-0976),ACC
T6700,COc1ccc2[nH]c([S+]([O-])Cc3ncc(C)c(OC)c3C)nc2n1,346.41,2.29,96.0,1,6,5,0,0.1182,Firsocostat (GS-0976),ACC
T5032,CS(=O)(=O)Nc1cc2occ(NC=O)c(=O)c2cc1Oc1ccccc1,374.37,2.53,114.7,2,6,6,0,0.1182,Firsocostat (GS-0976),ACC
T7353,O=C(Nc1ccccc1F)N[C@H]1N=C(c2ccccc2)c2ccccc2NC1=O,388.4,3.76,82.6,3,3,3,0,0.1182,Firsocostat (GS-0976),ACC
T23094,O=[N+]([O-])c1ccccc1S(=O)(=O)NC[C@H]1CC[C@H](CNCC2CCc3ccccc3C2)CC1,471.62,4.07,101.3,2,5,9,0,0.1182,Firsocostat (GS-0976),ACC
T30098,O=C1Cc2c(ccc3c2O[C@@H](CNCc2ccccc2)CO3)N1,310.35,2.11,59.6,2,4,4,0,0.1182,Firsocostat (GS-0976),ACC
T1398,CN1CC(=O)N2[C@H](c3ccc4c(c3)OCO4)c3[nH]c4ccccc4c3C[C@@H]2C1=O,389.41,2.21,74.9,1,4,1,0,0.1176,Denifanstat (TVB-2640),FASN
T2061,Cc1cccc(/C=N/Nc2cc(N3CCOCC3)n3nc(-c4ccncc4)cc3n2)c1,413.49,3.38,79.9,1,7,5,0,0.1176,Firsocostat (GS-0976),ACC
T3080,CC(C)(C)c1nc2c3cc[nH]c(=O)c3c3cc(F)ccc3c2[nH]1,309.34,3.99,61.5,2,2,0,0,0.1176,Resmetirom,THR-beta
T3726,COc1cc(OC)cc(N(CCNC(C)C)c2ccc3ncc(-c4cnn(C)c4)nc3c2)c1,446.56,4.18,77.3,1,7,9,0,0.1176,Firsocostat (GS-0976),ACC
T4657,COc1cc2ncnc(Nc3cc(Br)c(O)c(Br)c3)c2cc1OC,455.11,4.62,76.5,2,6,4,0,0.1176,Firsocostat (GS-0976),ACC
T16156,N#Cc1c[nH]c2ccc(-c3ccc(-c4c(O)cccc4O)cc3)cc12,326.36,4.78,80.0,3,3,2,0,0.1176,Denifanstat (TVB-2640),FASN
T22301,[2H]C([2H])([2H])C(c1cc2nnc(-c3cc(F)ccc3F)n2nc1OCc1ncnn1C)(C([2H])([2H])[2H])C([2H])([2H])[2H],408.46,3.07,83.0,0,6,4,0,0.1176,Firsocostat (GS-0976),ACC
TN7093,O=C(/C=C/c1ccc(O)c(O)c1)N[C@@H](Cc1c[nH]c2ccccc12)C(=O)O,366.37,2.4,122.7,5,4,6,0,0.1176,VK2809,THR-beta
T9641,COc1ccc([C@H](C)Nc2nnc(-c3ccc(-n4cnc(C)c4)c(OC)n3)cc2C)cc1,430.51,4.53,87.0,1,7,7,0,0.1176,Denifanstat (TVB-2640),FASN
T61813,Cc1cc(C2=NN(c3nncs3)[C@H](C)Cc3cc4c(cc32)OCO4)ccc1N,393.47,3.36,85.9,1,8,2,0,0.1176,Denifanstat (TVB-2640),FASN
T78216,[H][C@]12Cc3c([nH]c4ccccc34)[C@H](c3ccc4c(c3)OCO4)N1C(=O)CN(C)C2=O,389.41,2.21,74.9,1,4,1,0,0.1176,Denifanstat (TVB-2640),FASN
T20024,CN1CC(=O)N2C(Cc3c([nH]c4ccccc34)C2c2ccc3c(c2)OCO3)C1=O,389.41,2.21,74.9,1,4,1,0,0.1176,Denifanstat (TVB-2640),FASN
T16484,Cc1nc(-c2cnn(C)c2-c2ccc(C(F)(F)F)cn2)c2c(N3CCC3)ncnn12,414.4,3.12,77.0,0,6,3,0,0.1176,Denifanstat (TVB-2640),FASN
TN8322,O=C(/C=C/c1ccc(O)c(O)c1)Nc1ccc(O)cc1C(=O)O,315.28,2.15,127.1,5,5,4,0,0.1176,BI-1467335,AOC3/VAP-1
T1942,CC(C)Oc1ccc(-c2cnc3c(-c4ccnc5ccccc45)cnn3c2)cc1,380.45,5.4,52.3,0,4,4,1,0.1171,Firsocostat (GS-0976),ACC
T15201,Cc1ncccc1-c1cnc(NCc2c(F)ccc3c2CCO3)n2cnnc12,376.39,3.18,77.2,1,6,4,0,0.1171,VK2809,THR-beta
T15095,[H][C@@]12CC(C[C@H]3NCCc4cc(OC)c(OC)cc43)=C(CC)CN1CCc1cc(OC)c(OC)cc12,478.63,5.01,52.2,1,6,7,1,0.1171,Firsocostat (GS-0976),ACC
T68056,CN(C)Cc1ccc(CSCCNc2ncc(Cc3cc[nH]c(=O)c3)c(=O)[nH]2)o1,415.52,2.05,107.0,3,7,10,0,0.1171,VK2809,THR-beta
T24647,Cc1[nH]c2ccccc2c1-c1ccnc(NCCc2c[nH]c3ccccc23)n1,367.46,5.07,69.4,3,3,5,1,0.1171,Firsocostat (GS-0976),ACC
T5104,O=C1/C(=N/Nc2nccs2)C(c2ccccc2)=NN1c1nc(-c2ccccc2)cs1,430.52,4.49,82.8,1,8,5,0,0.1170,Lanifibranor (IVA-337),PPAR-alpha/gamma/delta
T8378,Cc1nc2ccc(-n3c(-c4nonc4N)nc4cnccc43)cc2[nH]1,332.33,2.24,124.3,2,7,2,0,0.1170,Lanifibranor (IVA-337),PPAR-alpha/gamma/delta
T5S1467,CC(=O)OC(C)(C)/C=C/C(=O)[C@](C)(O)[C@H]1[C@H](O)C[C@@]2(C)[C@@H]3CC=C4[C@@H](C=C(O)C(=O)C4(C)C)[C@]3(C)C(=O)C[C@]12C,556.7,4.19,138.2,3,8,5,1,0.1170,BI-1467335,AOC3/VAP-1
T15616,COc1cc2c(cc1OC)-c1[nH]nc(Nc3cccc(F)c3)c1C2,325.34,3.88,59.2,2,4,4,0,0.1170,Denifanstat (TVB-2640),FASN
TQ0110,Cc1c[nH]c2nccc(Oc3c(F)cc(Nc4cc(Cl)nc(N)n4)cc3F)c12,402.79,4.71,101.7,3,6,4,0,0.1170,Resmetirom,THR-beta
T23445,C[C@@H](NC(=O)C(=O)c1c[nH]c2ccc([N+](=O)[O-])cc12)c1ccccc1,337.34,3.14,105.1,2,4,5,0,0.1170,Denifanstat (TVB-2640),FASN
T77662,O=C1N=C(NCCc2ccccc2)S/C1=C\c1c[nH]c2ncccc12,348.43,3.37,70.1,2,4,4,0,0.1170,Lanifibranor (IVA-337),PPAR-alpha/gamma/delta
T78607,Cc1cnc(Nc2cc(C)c(C)c(C)c2)nc1Nc1ccc2oc(=O)[nH]c2c1,375.43,4.63,95.8,3,6,4,0,0.1170,Denifanstat (TVB-2640),FASN
T22604,[H][C@@]1([C@]2([H])OC(=O)c3c2ccc2c3OCO2)c2cc3c(cc2CC[N+]1(C)C)OCO3,382.39,2.73,63.2,0,6,1,0,0.1170,Denifanstat (TVB-2640),FASN
T28681,Nc1nccc(-c2c(-c3ccc(F)cc3)ncn2C2CCNCC2)n1,338.39,2.65,81.7,2,5,3,0,0.1170,Denifanstat (TVB-2640),FASN
T2919,[H][C@]12CO[C@H](c3ccc4c(c3)OCO4)[C@@]1([H])CO[C@@H]2c1ccc2c(c1)OCO2,354.36,3.22,55.4,0,6,2,0,0.1169,Denifanstat (TVB-2640),FASN
T3699,N#Cc1c(Oc2cccc(OS(=O)(=O)CCCC(F)(F)F)c2)cccc1C(F)(F)F,453.36,5.42,76.4,0,5,7,1,0.1169,BI-1467335,AOC3/VAP-1
T6320,OCCn1cc(-c2ccc3c(c2)CC/C3=N\O)c(-c2ccncc2)n1,334.38,2.73,83.5,2,5,4,0,0.1169,BI-1467335,AOC3/VAP-1
T3765,c1cc2c(cc1[C@H]1OC[C@H]3[C@@H]1CO[C@H]3c1ccc3c(c1)OCO3)OCO2,354.36,3.22,55.4,0,6,2,0,0.1169,Denifanstat (TVB-2640),FASN
T5S1959,c1cc2c(cc1[C@H]1OC[C@@H]3[C@H]1CO[C@H]3c1ccc3c(c1)OCO3)OCO2,354.36,3.22,55.4,0,6,2,0,0.1169,Denifanstat (TVB-2640),FASN
T7835,C=CCc1cccc(CNc2nc3ccccc3n2CCC)c1O,321.42,4.49,50.1,2,3,7,0,0.1169,BI-1467335,AOC3/VAP-1
TN6905,[H][C@@]12CO[C@@H](c3ccc4c(c3)OCO4)[C@]1([H])CO[C@H]2c1ccc2c(c1)OCO2,354.36,3.22,55.4,0,6,2,0,0.1169,Denifanstat (TVB-2640),FASN
T0905,Cc1ncc(CSSCc2cnc(C)c(O)c2CO)c(CO)c1O,368.48,2.57,106.7,4,8,7,0,0.1167,BI-1467335,AOC3/VAP-1
T2467,COc1cc(Nc2ncc(F)c(Nc3ccc4c(n3)NC(=O)C(C)(C)O4)n2)cc(OC)c1OC,470.46,3.63,128.8,3,10,7,0,0.1167,Firsocostat (GS-0976),ACC
T203996,CC(C)=CCCC(C)=CCCC(C)=CCOP(=O)(O)O,302.35,4.51,66.8,2,2,9,0,0.1167,BI-1467335,AOC3/VAP-1
T1761,COc1cc2ncnc(Nc3cccc(Br)c3)c2cc1OC,360.21,4.15,56.3,1,5,4,0,0.1165,Firsocostat (GS-0976),ACC
T1943,COc1ccc(-c2cnc3c(-c4cccc5ncccc45)cnn3c2)cc1,352.4,4.62,52.3,0,4,3,0,0.1165,Cilofexor (GS-9674),FXR
T2034,COc1cc2ncnc(Nc3cccc(I)c3)c2cc1OC,407.21,4.0,56.3,1,5,4,0,0.1165,Firsocostat (GS-0976),ACC
T2207,CC12CC(=O)C3C(CCC4=CC(=O)CCC43C)C1CCC2=O,300.4,3.27,51.2,0,3,0,0,0.1165,Firsocostat (GS-0976),ACC
T3390,CC1(C)OC(=O)C=C[C@]2(C)[C@H]3CC[C@@]4(C)[C@H](c5ccoc5)OC(=O)[C@H]5O[C@]54[C@]3(C)C(=O)C[C@@H]12,454.52,3.92,95.3,0,7,1,0,0.1165,Denifanstat (TVB-2640),FASN
T6335,COc1ccc2cc(-c3[nH]c(-c4ccc([S+](C)[O-])cc4)nc3-c3ccncc3)ccc2c1,439.54,5.7,73.9,1,4,5,1,0.1165,Cilofexor (GS-9674),FXR
T6S0781,[H][C@@]12Cc3cc(O)c(OC)cc3C[N@+]1(C)CCc1cc(OC)c(O)cc12,342.42,2.92,58.9,2,4,2,0,0.1165,Firsocostat (GS-0976),ACC
T5S0777,COc1cc2c(cc1O)C[C@H]1c3cc(O)c(OC)cc3CC[N+]1(C)C2,342.42,2.92,58.9,2,4,2,0,0.1165,Firsocostat (GS-0976),ACC
T7867,OC(Cn1cncn1)(c1ccc(F)cc1)c1ccccc1F,301.3,2.49,50.9,1,3,4,0,0.1165,Firsocostat (GS-0976),ACC
TN1037,COc1cc2c(cc1O)CC[n+]1cc3c4c(ccc3cc1-2)OCO4,322.34,2.79,51.8,1,4,1,0,0.1165,VK2809,THR-beta
T10599,CC(C)S(=O)(=O)Nc1ccc(F)c(C(=O)c2c[nH]c3ncc(-c4cccnc4)cc23)c1F,456.47,4.28,104.8,2,5,6,0,0.1165,Lanifibranor (IVA-337),PPAR-alpha/gamma/delta
TN3847,CC1(C)CCc2c(cc3occ(-c4ccc(O)cc4)c(=O)c3c2O)O1,338.36,3.97,79.9,2,5,1,0,0.1165,Cilofexor (GS-9674),FXR
T72066,Cc1ccc(SCc2cc(=O)nc(NC(=N)Nc3ccc4c(c3)OCCO4)[nH]2)cc1,423.5,3.6,112.1,4,6,5,0,0.1165,Denifanstat (TVB-2640),FASN
T71138L,O=C1CC2(CCCC2)CC(=O)N1CCNCC1COc2ccccc2O1,358.44,2.13,67.9,1,5,5,0,0.1165,Cilofexor (GS-9674),FXR
T78389,O=c1c(Cc2ccccc2)nc2c(Cc3ccccc3)[nH]c(-c3ccccc3)cn1-2,391.47,4.85,50.7,1,2,5,0,0.1165,Firsocostat (GS-0976),ACC
T26303,O=S1(=O)CSC(=NC(=S)N(c2ccccc2)c2ccccc2)N1c1ccccc1,439.59,5.01,53.0,0,4,3,1,0.1165,Firsocostat (GS-0976),ACC
T2708,N#CC(=C(N)Sc1ccc(N)cc1)c1ccccc1C(F)(F)F,335.35,4.23,75.8,2,4,3,0,0.1163,Denifanstat (TVB-2640),FASN
T4660,COc1cc2ncnc(Nc3ccc([N+](=O)[O-])cc3)c2cc1OC,326.31,3.3,99.4,1,7,5,0,0.1163,Lanifibranor (IVA-337),PPAR-alpha/gamma/delta
T11563,O=C1C(=Cc2ccc(O)c(Br)c2)CCCC1=Cc1ccc(O)c(Br)c1,464.15,5.84,57.5,2,3,2,1,0.1163,VK2809,THR-beta
T73295,O=[N+]([O-])c1cc(S(=O)(=O)C(Cl)(Cl)Br)ccc1NC1CCCCC1,446.15,4.6,89.3,1,5,5,0,0.1163,Lanifibranor (IVA-337),PPAR-alpha/gamma/delta
T4684,c1ccc(CNc2nc(N3CCOc4ccccc43)nc3c2CCCC3)cc1,372.47,4.5,50.3,1,5,4,0,0.1161,Firsocostat (GS-0976),ACC
T207823,Fc1cc(-c2ccnc(Nc3ccc(-n4cnc(N5CCOCC5)n4)cc3)n2)cc(N2CCOCC2)c1,502.55,3.28,93.5,1,9,6,1,0.1161,Cilofexor (GS-9674),FXR
T11092,O=C1c2ccccc2C(=O)c2nc(-c3ccccc3)c(-c3ccccc3)nc21,362.39,4.59,59.9,0,4,2,0,0.1159,Lanifibranor (IVA-337),PPAR-alpha/gamma/delta
T10551,[O-][S+](c1cc(Cl)cc(Cl)c1O)c1cc(Cl)cc(Cl)c1O,372.06,4.88,63.5,2,3,2,0,0.1159,Lanifibranor (IVA-337),PPAR-alpha/gamma/delta
T13244,O=S(=O)(Nc1ccc(-c2cccnc2)c2cccnc12)c1cccc(C(F)(F)F)c1,429.42,5.12,72.0,1,4,4,1,0.1158,Lanifibranor (IVA-337),PPAR-alpha/gamma/delta
T11237,C[C@@H]1Cc2c(ccc3[nH]ncc23)[C@@H](c2ccc(NC3CN(CCCF)C3)cn2)N1CC(F)(F)F,476.52,4.31,60.1,2,5,7,0,0.1158,BI-1467335,AOC3/VAP-1
T28012,N#CC(=C(N)Sc1ccccc1N)c1cccc(C(O)c2ccncc2)c1,374.47,3.69,109.0,3,6,5,0,0.1158,Denifanstat (TVB-2640),FASN
T3274,O=C1Nc2ccc(CN3C(=O)CSC3=O)cc2/C1=C/c1cc(CN2CCOCC2)c[nH]1,438.51,2.54,94.7,2,6,5,0,0.1157,Firsocostat (GS-0976),ACC
T12617L,CC[C@H](CO)Nc1nc(NCc2ccc(-c3ccccn3)cc2)c2ncn(C(C)C)c2n1,431.54,4.26,100.8,3,7,9,0,0.1157,Firsocostat (GS-0976),ACC
T1977,c1cc(-c2cnn3cc(-c4ccc(OCCN5CCCCC5)cc4)cnc23)ccn1,399.5,4.32,55.5,0,5,6,0,0.1154,BI-1467335,AOC3/VAP-1
T2465,CN(c1ncccc1CNc1nc(Nc2ccc3c(c2)CC(=O)N3)ncc1C(F)(F)F)S(C)(=O)=O,507.5,3.14,129.2,3,8,7,1,0.1154,Firsocostat (GS-0976),ACC
T3418,C[C@@]1(C(=O)O)CC[C@]2(C)CC[C@]3(C)C4=CC(=O)c5c(cc(O)c(O)c5C=O)[C@]4(C)CC[C@@]3(C)[C@@H]2C1,480.6,5.79,111.9,3,5,2,1,0.1154,Denifanstat (TVB-2640),FASN
T6S1917,COc1cc2c(c(OC)c1OC)-c1c(cc3c(c1OC)OCO3)CC(C)C(C)(O)C2,416.47,3.6,75.6,1,7,4,0,0.1154,Cilofexor (GS-9674),FXR
T7810,CC1(c2ncncc2F)NC(=O)c2cc(-c3cn[nH]c3)ccc21,309.3,2.01,83.6,2,4,2,0,0.1154,Cilofexor (GS-9674),FXR
T14853,[H][C@@]12Cc3c[nH]c4cccc(c34)[C@@]1([H])C[C@@H](C(=O)N(CCCN(C)C)C(=O)NCC)CN2CC=C,451.62,3.19,71.7,2,4,8,0,0.1154,Firsocostat (GS-0976),ACC
T9064,C[C@]1(c2ncncc2F)NC(=O)c2cc(-c3cn[nH]c3)ccc21,309.3,2.01,83.6,2,4,2,0,0.1154,Cilofexor (GS-9674),FXR
T71553,[H][C@]12OC(=O)C(=C)[C@]1([H])CCC(=C)[C@]1([H])CC(=O)[C@]3(CC[C@@]4(O)[C@]3(O)C[C@@]3([H])C(=C)CC[C@@]5([H])C(=C)C(=O)O[C@]5([H])[C@@]43[H])[C@]21[H],506.6,2.97,110.1,2,7,0,1,0.1154,Cilofexor (GS-9674),FXR
T10538L,Cc1cc(CN)cc(C)c1-c1ncn(C)c1-c1ccnc2cc(F)ccc12,360.44,4.52,56.7,1,3,3,0,0.1154,BI-1467335,AOC3/VAP-1
T35486,COP(=S)(NC(C)C)Oc1ccc(C)cc1[N+](=O)[O-],304.31,3.15,73.6,1,5,6,0,0.1154,Firsocostat (GS-0976),ACC
T12856,N#CC(CCCN1CCN(N=Cc2cccnc2)CC1)(c1ccccc1)c1ccccc1,423.56,4.32,55.5,0,5,8,0,0.1150,Firsocostat (GS-0976),ACC
T72068,COc1ccc(-c2csc(N/N=C(\C)c3nc4ccccc4[nH]3)n2)cc1,363.45,4.53,75.2,2,6,5,0,0.1150,Firsocostat (GS-0976),ACC
T0017,O=C1OC(c2ccc(O)cc2)(c2ccc(O)cc2)c2ccccc21,318.33,3.56,66.8,2,4,2,0,0.1149,Cilofexor (GS-9674),FXR
T1838,CC(C)n1nc(-c2ccc3oc(N)nc3c2)c2c(N)ncnc21,309.33,2.38,121.7,2,7,2,0,0.1149,Resmetirom,THR-beta
T6S1930,COc1cc2c(c(O)c1OC)-c1c(cc(OC)c(OC)c1OC)C[C@@H](C)[C@@H](C)C2,402.49,4.47,66.4,1,6,5,0,0.1149,VK2809,THR-beta
T7802,O=S1(=O)N=C(Nc2ccccc2N2CCCC2)c2ccccc21,327.41,2.85,61.8,1,4,2,0,0.1149,Denifanstat (TVB-2640),FASN
T5509,Cc1c(-c2ccc3ncccc3c2)nnn1-c1cccnc1F,305.32,3.33,56.5,0,4,2,0,0.1149,Lanifibranor (IVA-337),PPAR-alpha/gamma/delta
T72033,CC(C)n1nc(-c2ccc3c(ccn3C)c2)c2c(N)ncnc21,306.37,3.15,74.6,1,4,2,0,0.1149,Resmetirom,THR-beta
T83658,Cc1ccc(Nc2cc(Nc3ccc(NS(=O)(=O)c4ccc(F)cc4F)cc3)nc(C)n2)cc1,481.53,5.66,96.0,3,6,7,1,0.1149,Lanifibranor (IVA-337),PPAR-alpha/gamma/delta
T19057,CCCCNc1ccc(NCCCC)c2c1C(=O)c1ccccc1C2=O,350.46,4.89,58.2,2,4,8,0,0.1148,BI-1467335,AOC3/VAP-1
T71924L,COc1ccc(/C=C\c2cc(OC)c(OC)c(OC)c2)cc1N,315.37,3.47,62.9,1,5,6,0,0.1148,BI-1467335,AOC3/VAP-1
T6208,O=C1NC(=O)/C(=C/c2ccc(-c3ccc(F)cc3O)o2)S1,305.29,3.12,79.5,2,5,2,0,0.1146,VK2809,THR-beta
T21294,CC1(C)OC(c2ccc(S(N)(=O)=O)cc2)=C(c2cccc(F)c2)C1=O,361.39,2.72,86.5,1,4,3,0,0.1146,VK2809,THR-beta
T11399,C[C@@H]1Cc2c([nH]c3ccccc23)[C@@H](c2c(F)cc(NC3CN(CCCF)C3)cc2F)N1CC(F)(F)CO,522.56,4.87,54.5,3,4,9,1,0.1146,BI-1467335,AOC3/VAP-1
T10876,O=C(O)C(Cc1ccccc1)CN(O)C(=O)Cc1ccccc1,313.35,2.39,77.8,2,3,7,0,0.1146,Firsocostat (GS-0976),ACC
TN2276,[H][C@]12C=C3C(=O)O/C(=C\CCC)[C@@]3(CC1)[C@]1(OC(=O)C3=C1CCC=C3)[C@@H]2CCC,380.48,4.92,52.6,0,4,4,0,0.1146,Obeticholic acid (OCA),FXR
T6S1292,CCC/C=C1\OC(=O)C2=C1CC[C@H]1[C@H]3C=C4C(=O)O/C(=C\CCC)[C@@]4(CC3)[C@@H]21,380.48,5.13,52.6,0,4,4,1,0.1143,VK2809,THR-beta
T7369,N[C@@H](CC(=O)N1CCc2c(nc(C(F)(F)F)nc2C(F)(F)F)C1)CN1CC(F)(F)CCC1=O,489.37,2.37,92.4,1,5,4,0,0.1143,Denifanstat (TVB-2640),FASN
T7371,CC(C)(C)n1nc(-c2cccc3ccccc23)c2c(N)ncnc21,317.4,3.98,69.6,1,4,1,0,0.1143,Firsocostat (GS-0976),ACC
T21790,Cc1noc(NS(=O)(=O)c2cccc3c(N(C)C)cccc23)c1C,345.42,3.31,75.4,1,5,4,0,0.1143,Firsocostat (GS-0976),ACC
TN7059,[H][C@]12CC[C@]3(C)C(=CC(=O)O[C@H]3c3ccoc3)[C@]1(C)C(=O)C[C@@]1([H])C(C)(C)O[C@@]3([H])CC(=O)OC[C@@]213,454.52,3.93,92.0,0,7,1,0,0.1143,Denifanstat (TVB-2640),FASN
T2333,C=C1CCN([C@H](C)C(O)(Cn2cncn2)c2ccc(F)cc2F)CC1,348.4,2.48,54.2,1,4,5,0,0.1140,Firsocostat (GS-0976),ACC
T14066,Cn1cc(C2=C(c3coc4ccc(F)cc34)C(=O)NC2=O)c2cc3c(cc21)OCO3,404.35,3.36,82.7,1,5,2,0,0.1140,Firsocostat (GS-0976),ACC
T13119,CC[C@H](Nc1ncnc2nc[nH]c12)c1oc2ccccc2c(=O)c1-c1cccc(F)c1,415.43,4.83,96.7,2,6,5,0,0.1140,VK2809,THR-beta
T6047,CC(C)(C)Cn1c(N)nc2ccc(-c3[nH]c(C(C)(C)C)nc3-c3ccc(F)cc3)nc21,420.54,5.55,85.4,2,4,3,1,0.1139,BI-1467335,AOC3/VAP-1
T12575,Cc1nc2ccc(F)cc2n1-c1nc(N)c(F)c(Nc2ccc(C(F)(F)F)cc2)n1,420.35,4.75,81.7,2,5,3,0,0.1139,BI-1467335,AOC3/VAP-1
T22027,Cc1ccc(S(=O)(=O)NC2c3ccccc3Oc3ccccc32)cc1,351.43,4.17,55.4,1,3,3,0,0.1139,Lanifibranor (IVA-337),PPAR-alpha/gamma/delta
T30663,O=S(=O)([O-])c1ccc(N=Nc2ccc(O)c3ccccc23)cc1,327.34,3.86,102.2,1,6,3,0,0.1139,Lanifibranor (IVA-337),PPAR-alpha/gamma/delta
T210457,O=c1[nH]c(Nc2cccc(-c3ccccc3)c2)nc2ccccc12,313.36,4.33,57.8,2,3,3,0,0.1139,Resmetirom,THR-beta
T62954,O=c1nc(NCc2ncccc2F)c2nc(CCNCCc3nc4ccccc4[nH]3)sc2[nH]1,464.53,2.78,124.3,4,8,9,0,0.1138,Firsocostat (GS-0976),ACC
T19664,Cn1c(=O)c(S(=O)(=O)c2ccc(F)cc2F)cc2cnc(Nc3ccc4[nH]ccc4c3)nc21,467.46,3.66,109.7,2,6,4,0,0.1136,BI-1467335,AOC3/VAP-1
T14301,CC1(C)Oc2cc(NS(C)(=O)=O)ccc2N(c2ccc(F)cc2)C1=O,364.4,3.03,75.7,1,4,3,0,0.1136,Lanifibranor (IVA-337),PPAR-alpha/gamma/delta
T61016,CCN(CC)c1ccc2cc(-c3nc4ccccc4o3)c(=O)oc2c1,334.38,4.45,59.5,0,5,4,0,0.1136,Lanifibranor (IVA-337),PPAR-alpha/gamma/delta
T16549,C[C@@H](Nc1ncnc2[nH]c(-c3ccc(O)cc3)cc12)c1ccccc1,330.39,4.5,73.8,3,4,4,0,0.1136,Lanifibranor (IVA-337),PPAR-alpha/gamma/delta
T63992,N=C(N)SCc1ccc(CN2C(=O)C(=O)c3cc(Br)cc(Br)c32)cc1,483.19,4.07,87.2,2,4,4,0,0.1136,Lanifibranor (IVA-337),PPAR-alpha/gamma/delta
T204076,O=S(=O)(Nc1cc(-c2ccsc2)no1)c1ccccc1F,324.36,3.34,72.2,1,5,4,0,0.1136,Lanifibranor (IVA-337),PPAR-alpha/gamma/delta
T0435,O=C1C(CC[S+]([O-])c2ccccc2)C(=O)N(c2ccccc2)N1c1ccccc1,404.49,3.8,63.7,0,3,6,0,0.1134,Firsocostat (GS-0976),ACC
T4S0800,COc1ccc2cc3[n+](cc2c1OC)CCc1cc(O)c(O)cc1-3,324.36,2.78,62.8,2,4,2,0,0.1134,VK2809,THR-beta
T11854,O=C1Nc2ccc(Br)cc2C12NN=C(c1ccccc1)S2,360.24,3.25,53.5,2,4,1,0,0.1134,Cilofexor (GS-9674),FXR
T60866,O=[N+]([O-])c1ccc(NC(=S)NCc2ccccc2Cl)cc1,321.79,3.73,67.2,2,3,4,0,0.1134,Cilofexor (GS-9674),FXR
T24885,O=C1CC2(CCCC2)CC(=O)N1CCCCN1CCN(c2nsc3ccccc23)CC1,440.61,3.91,56.8,0,6,6,0,0.1134,Denifanstat (TVB-2640),FASN
TN1013,[H][C@@]12CC=C3C(C)(C)C(=O)[C@@H](O)C[C@@]3([H])[C@]1(C)C(=O)C[C@@]1(C)[C@@]2(C)C[C@@H](O)[C@]1([H])[C@@](C)(O)C(=O)/C=C/C(C)(C)O,516.68,2.93,132.1,4,7,4,1,0.1134,Obeticholic acid (OCA),FXR
TN1707,COc1cc2c(c(O)c1OC)-c1c(cc(OC)c(OC)c1OC)CC(C)(O)C(C)C2,418.49,3.59,86.6,2,7,5,0,0.1134,Cilofexor (GS-9674),FXR
T2728,[H][C@]12CC[C@@]3(C)[C@H](c4ccoc4)OC(=O)[C@@]4([H])O[C@@]34[C@]1(C)C(=O)C[C@@]1([H])C(C)(C)O[C@@]3([H])CC(=O)OC[C@@]213,470.52,3.14,104.6,0,8,1,0,0.1132,Denifanstat (TVB-2640),FASN
T15080,OC(CNCCc1c[nH]c2ccccc12)Cn1c2ccccc2c2ccccc21,383.5,4.47,53.0,3,2,7,0,0.1132,Firsocostat (GS-0976),ACC
T9168,CC(C)(CN1C(=O)C(Cl)=C(Cl)C1=O)CN1C(=O)C(Cl)=C(Cl)C1=O,400.05,2.13,74.8,0,4,4,0,0.1132,BI-1467335,AOC3/VAP-1
T16528,Nc1ccc(-c2cccc3c(=O)cc(N4CCOCC4)oc23)cc1,322.36,2.88,68.7,1,5,2,0,0.1132,Firsocostat (GS-0976),ACC
T35696,CC[C@H](CO)Nc1nc(NCc2ccccc2O)c2ncn(C(C)C)c2n1,370.46,2.91,108.1,4,7,8,0,0.1132,VK2809,THR-beta
T11824LL,Nc1cncc(-c2cn3ccnc3c(Nc3ccc(N4CCN(C5COC5)CC4)cc3)n2)n1,443.52,2.03,109.7,2,9,5,0,0.1130,Cilofexor (GS-9674),FXR
T34656,CC(C)n1c(Nc2cccnc2)nc2cnc(Nc3ccc(N4CCN(C)CC4)cc3)nc21,443.56,4.04,87.0,2,8,6,0,0.1130,Firsocostat (GS-0976),ACC
T26735,C(=NNc1ncnc2sc3c(c12)CCCC3)c1c[nH]c2ccccc12,347.45,4.5,66.0,2,5,3,0,0.1130,Firsocostat (GS-0976),ACC
T13130,COc1cc(-c2ccc(O)cc2)c(OC)c(O)c1-c1ccc(O)cc1,338.36,4.15,79.2,3,5,4,0,0.1129,BI-1467335,AOC3/VAP-1
T83651,N=C(N)NN=Cc1ccc(Br)c(Br)c1,319.99,2.03,74.3,3,2,2,0,0.1129,BI-1467335,AOC3/VAP-1
T0272,CC1(C)NC(=O)N(c2ccc([N+](=O)[O-])c(C(F)(F)F)c2)C1=O,317.22,2.45,92.6,1,4,2,0,0.1127,BI-1467335,AOC3/VAP-1
T7836,c1ccc(-c2ccc(CNc3nc(-c4ccccn4)nnc3-c3ccccc3)cc2)cc1,415.5,5.88,63.6,1,5,6,1,0.1127,BI-1467335,AOC3/VAP-1
T6250,O=S(=O)(NCCNC/C=C/c1ccc(Br)cc1)c1cccc2cnccc12,446.37,3.58,71.1,2,4,8,0,0.1125,BI-1467335,AOC3/VAP-1
T20539,CCN(CC)c1nc(C)cc(OP(=S)(OC)OC)n1,305.34,2.53,56.7,0,7,7,0,0.1125,Lanifibranor (IVA-337),PPAR-alpha/gamma/delta
T15090,Nc1ccc(C#Cc2cnn3c(C(F)(F)F)cc(-c4ccc(C(F)(F)F)cc4)nc23)cn1,447.34,4.81,69.1,1,4,1,0,0.1125,BI-1467335,AOC3/VAP-1
T11524,O=S(=O)(NCCNCC=Cc1ccc(Br)cc1)c1cccc2cnccc12,446.37,3.58,71.1,2,4,8,0,0.1125,BI-1467335,AOC3/VAP-1
T20853,O=C(O)C1C(C(=O)O)C2(Cl)C(Cl)=C(Cl)C1(Cl)C2(Cl)Cl,388.85,3.23,74.6,2,2,2,0,0.1125,Cilofexor (GS-9674),FXR
T0347,O=S1(=O)OC(c2ccc(O)cc2)(c2ccc(O)cc2)c2ccccc21,354.38,3.11,83.8,2,5,2,0,0.1124,Cilofexor (GS-9674),FXR
T1917,O=C1Nc2cc(Br)ccc2/C1=C1/Nc2ccccc2/C1=N\O,356.18,3.42,73.7,3,4,0,0,0.1124,Denifanstat (TVB-2640),FASN
T3185,Oc1cccc(Nc2ncc(F)c(Nc3cccc(O)c3)n2)c1,312.3,3.51,90.3,4,6,4,0,0.1124,VK2809,THR-beta
T4S0790,C[C@@]12C[C@H](c3ccoc3)O[C@@]13C[C@H](OC3=O)[C@H]1[C@H]2C[C@@H]2C[C@H]1C(=O)O2,344.36,2.38,75.0,0,6,1,0,0.1124,Obeticholic acid (OCA),FXR
TQ0196,[H][C@@]12CC=C3C(C)(C)C(=O)C(O)=C[C@@]3([H])[C@]1(C)C(=O)C[C@]1(C)[C@@H]([C@@](C)(O)C(=O)/C=C/C(C)(C)O)[C@H](O)C[C@@]21C,514.66,3.62,132.1,4,7,4,1,0.1124,BI-1467335,AOC3/VAP-1
T9030,O=CN1CCN(c2ccc(C=C3C(=O)Nc4ccccc43)cc2)CC1,333.39,2.46,52.6,1,3,3,0,0.1124,Denifanstat (TVB-2640),FASN
T3399,CC(C)=CCc1cc2c(cc1O)oc(=O)c1c3ccc(O)cc3oc21,336.34,4.61,83.8,2,5,2,0,0.1122,VK2809,THR-beta
T3463,Cc1ccc(Nc2nnc(Cc3ccncc3)c3ccccc23)cc1Br,405.3,5.43,50.7,1,4,4,1,0.1122,VK2809,THR-beta
T3712,CCS(=O)(=O)Nc1ccc(Oc2ccc(F)cc2F)c(-c2cn(C)c(=O)c3[nH]ccc23)c1,459.47,4.37,93.2,2,4,6,0,0.1122,Resmetirom,THR-beta
T3933,COc1cc2c(cc1O)CC[n+]1cc3c(OC)c(OC)ccc3cc1-2,338.38,3.08,51.8,1,4,3,0,0.1122,VK2809,THR-beta
T6158,c1ccc2c(-c3cnn4cc(-c5ccc(N6CCNCC6)cc5)cnc34)ccnc2c1,406.49,4.02,58.4,1,5,3,0,0.1122,Denifanstat (TVB-2640),FASN
T5S0803,COc1cc2c(cc1O)-c1cc3ccc(OC)c(OC)c3c[n+]1CC2,338.38,3.08,51.8,1,4,3,0,0.1122,VK2809,THR-beta
T1593,O=C1[C@H](CC[C@H](O)c2ccc(F)cc2)[C@@H](c2ccc(O)cc2)N1c1ccc(F)cc1,409.43,4.89,60.8,2,3,6,0,0.1121,Firsocostat (GS-0976),ACC
T1763,Cc1cccc(-c2[nH]c(C(C)(C)C)nc2-c2ccc3nccnc3c2)n1,343.43,4.69,67.3,1,4,2,0,0.1121,Firsocostat (GS-0976),ACC
T3467,Nc1ncccc1-c1nc2ccc(-c3ccccc3)nc2n1-c1ccc(C2(N)CCC2)cc1,432.53,5.07,95.6,2,5,4,1,0.1121,Firsocostat (GS-0976),ACC
T6095,Cn1cc(-c2ccc3nnc(C(F)(F)c4ccc5ncccc5c4)n3n2)cn1,377.36,3.21,73.8,0,5,3,0,0.1121,Firsocostat (GS-0976),ACC
T10352,Cc1[nH]c2ccc(F)cc2c1-c1nc2c3cccnc3c3ncccc3c2[nH]1,367.39,5.26,70.2,2,3,1,1,0.1121,Firsocostat (GS-0976),ACC
T11205,O=C1[C@@H](CC[C@@H](O)c2ccc(F)cc2)[C@H](c2ccc(O)cc2)N1c1ccc(F)cc1,409.43,4.89,60.8,2,3,6,0,0.1121,Firsocostat (GS-0976),ACC
T24160,CCCCCNC1=C(c2cn(C)c3ccccc23)C(=O)N(C)C1=O,325.41,2.67,54.3,1,3,6,0,0.1121,Firsocostat (GS-0976),ACC
T63343,COc1cc(Nc2ncc(Br)c(Oc3ccc([N+](=O)[O-])cc3F)n2)cc(OC)c1OC,495.26,4.85,117.9,1,9,8,0,0.1121,Firsocostat (GS-0976),ACC
T1900,c1cc(-c2cnn3cc(-c4ccc(N5CCNCC5)cc4)cnc23)c2cccnc2c1,406.49,4.02,58.3,1,5,3,0,0.1111,Denifanstat (TVB-2640),FASN
T2454,O=C(/C=C/c1ccc(CN(CCO)CCc2c[nH]c3ccccc23)cc1)NO,379.46,2.72,88.6,4,4,9,0,0.1111,BI-1467335,AOC3/VAP-1
T2549,N=C(N/N=C/c1ccc(Cl)cc1)N/N=C/c1ccc(Cl)cc1,334.21,3.48,72.6,3,3,4,0,0.1111,Lanifibranor (IVA-337),PPAR-alpha/gamma/delta
T3559,CC1=C(/C=C/C(C)=C/C=C/C(C)=C\C(=O)O)C(C)(C)CCC1=O,314.43,4.78,54.4,1,2,5,0,0.1111,Obeticholic acid (OCA),FXR
T3684,Cn1cc(C2=C(c3cccc(N)c3)C(=O)NC2=O)c2ccccc21,317.35,2.33,77.1,2,3,2,0,0.1111,Denifanstat (TVB-2640),FASN
T3S1457,COc1cc2c(cc1OC)-c1cc3ccc(OC)c(O)c3c[n+]1CC2,338.38,3.08,51.8,1,4,3,0,0.1111,BI-1467335,AOC3/VAP-1
T7408,CC1=C(/C=C/C(C)=C/C=C/C(C)=C/C(=O)O)C(C)(C)CCC1=O,314.43,4.78,54.4,1,2,5,0,0.1111,Obeticholic acid (OCA),FXR
TQ0316,[H][C@@]12C=C3COC(C)(C)O[C@@]3([H])C3(O)[C@@H](OC(=O)/C(C)=C\C)C(C)=C[C@@]3(C1=O)[C@H](C)C[C@@H]1[C@H]2C1(C)C,470.61,4.13,82.1,1,6,2,0,0.1111,Obeticholic acid (OCA),FXR
T10549,Cn1cc(C2=C(c3cn(CCCN)c4ccccc34)C(=O)NC2=O)c2ccccc21,398.47,3.05,82.0,2,3,5,0,0.1111,BI-1467335,AOC3/VAP-1
T60924,CN(C)C(C(=O)Nc1ccc2c(=O)[nH]ccc2c1)c1ccsc1,327.41,2.83,65.2,2,4,4,0,0.1111,Resmetirom,THR-beta
T73550,CN1C/C(=C\c2ccc(O)cc2)C(=O)/C(=C/c2c[nH]c3ccccc23)C1,344.41,3.86,56.3,2,3,2,0,0.1111,Firsocostat (GS-0976),ACC
T10741,Cc1ccc(Nc2cc(-c3cccc(N4C(=O)c5ccccc5C4=O)c3)ncn2)cc1NS(C)(=O)=O,499.55,4.37,121.4,2,7,6,0,0.1111,Lanifibranor (IVA-337),PPAR-alpha/gamma/delta
T10685,[H][C@@]12CCCCCCCC(=O)O[C@@]3([H])CC[C@@]([H])(CCCCCCCC(=O)O[C@@]([H])(CC1)[C@H](C)N2)N[C@H]3C,478.72,5.57,76.7,2,6,0,1,0.1111,Denifanstat (TVB-2640),FASN
T3972,Fc1cccc(-n2cnc3c(NCc4nc5c(F)c(F)ccc5[nH]4)nc(N4CCOCC4)nc32)c1,480.45,3.56,96.8,2,7,5,0,0.1102,Firsocostat (GS-0976),ACC
T2462,Cc1cccc(-c2[nH]c(C(C)(C)C)nc2-c2ccc3c(c2)OCO3)n1,335.41,4.47,60.0,1,4,2,0,0.1101,Firsocostat (GS-0976),ACC
T21919,O=C1C(=Cc2ccc(-c3ccccc3[N+](=O)[O-])o2)C(=O)N(c2ccccc2)C(=S)N1c1ccccc1,495.52,5.6,96.9,0,6,5,1,0.1101,Firsocostat (GS-0976),ACC
T61301,O=c1c(-c2ccc(C(F)(F)F)cc2)c(-n2cncn2)oc2ccccc12,357.29,4.06,60.9,0,4,2,0,0.1101,Firsocostat (GS-0976),ACC
T21637,Cc1cccc(-c2nc(C(C)(C)C)[nH]c2-c2ccc3c(c2)OCO3)n1,335.41,4.47,60.0,1,4,2,0,0.1101,Firsocostat (GS-0976),ACC
T68465,CS(=O)(=O)Nc1cccc([C@H](c2ccc(F)cc2)C(c2cccnc2)c2cccnc2)n1,448.52,4.35,84.8,1,5,7,0,0.1101,Firsocostat (GS-0976),ACC
T68465L,CS(=O)(=O)Nc1cccc([C@@H](c2ccc(F)cc2)C(c2cccnc2)c2cccnc2)n1,448.52,4.35,84.8,1,5,7,0,0.1101,Firsocostat (GS-0976),ACC
T2287,Cc1ccc([N+](=O)[O-])cc1S(=O)(=O)N(C)/N=C/c1cnc2ccc(Br)cn12,452.29,2.97,110.2,0,6,5,0,0.1100,Lanifibranor (IVA-337),PPAR-alpha/gamma/delta
TN1693,CC1(C)C=Cc2c(ccc(-c3coc4cc(O)ccc4c3=O)c2O)O1,336.34,4.06,79.9,2,5,1,0,0.1100,VK2809,THR-beta
T19858,COc1cc(Cc2cnc(N)nc2N)cc(OC)c1Br,339.19,2.01,96.3,2,6,4,0,0.1100,Firsocostat (GS-0976),ACC
T203013,COc1cc(-c2cnc3cc(N)ccc3c2)cc(OC)c1OC,310.35,3.51,66.6,1,5,4,0,0.1100,Firsocostat (GS-0976),ACC
TN4263,CC(C)=CCc1cc(-c2coc3cc(O)c(CC=C(C)C)c(O)c3c2=O)cc(O)c1O,422.48,5.3,111.1,4,6,5,1,0.1100,VK2809,THR-beta
T2307,C#Cc1cccc(Nc2ncnc3cc4c(cc23)OCCOCCOCCO4)c1,391.43,3.16,74.7,1,7,2,0,0.1099,Lanifibranor (IVA-337),PPAR-alpha/gamma/delta
TN1049,[H][C@@]12C=C3COC(C)(C)O[C@@]3([H])C3(O)[C@@H](O)C(C)=C[C@@]3(C1=O)[C@H](C)C[C@@H]1[C@H]2C1(C)C,388.5,2.61,76.0,2,5,0,0,0.1099,Obeticholic acid (OCA),FXR
T21876,Nc1c(C(=O)Nc2c(F)cc(F)cc2Br)sc2nc3c(cc12)CCC3,424.27,4.66,68.0,2,4,2,0,0.1098,BI-1467335,AOC3/VAP-1
T25859,N=C1SC(=Cc2c[nH]nc2-c2ccc(F)cc2)C(=O)N1c1nccs1,371.42,3.73,85.7,2,6,3,0,0.1098,BI-1467335,AOC3/VAP-1
T8792,O=[N+]([O-])c1ccc2c(c1)C(=Cc1ccccc1O)c1ccccc1-2,315.33,4.87,63.4,1,3,2,0,0.1098,Lanifibranor (IVA-337),PPAR-alpha/gamma/delta
TN6861,O=c1ccc2c(-c3c(O)c(O)cc4oc(=O)ccc34)c(O)c(O)cc2o1,354.27,2.39,141.3,4,8,1,0,0.1098,VK2809,THR-beta
T7329,O=C(Nc1ccc2c(c1)oc1ccccc12)c1ccc([N+](=O)[O-])o1,322.28,4.34,98.5,1,5,3,0,0.1096,BI-1467335,AOC3/VAP-1
T11969,NCCN1C(=O)c2cccc3c(Sc4ccc(Br)cc4)ccc(c23)C1=O,427.32,4.31,63.4,1,4,4,0,0.1096,BI-1467335,AOC3/VAP-1
T3189,Cn1ncc2c3[nH]n(-c4ccc(F)cc4)c(=O)c3c(-c3cccc(C(F)(F)F)c3)nc21,427.36,4.43,68.5,1,3,2,0,0.1092,Firsocostat (GS-0976),ACC
TN2167,[H][C@]12CC[C@@]3(C)[C@H](c4ccoc4)OC(=O)[C@H]4O[C@]43[C@]1(C)[C@@H](O)C(=O)[C@]1([H])C(C)(C)O[C@@]3([H])CC(=O)OC[C@]231,486.52,2.11,124.8,1,9,1,0,0.1092,Cilofexor (GS-9674),FXR
T2314,CN(c1ccccc1CNc1nc(Nc2ccc3c(c2)CC(=O)N3)ncc1C(F)(F)F)S(C)(=O)=O,506.51,3.74,116.3,3,7,7,1,0.1091,Lanifibranor (IVA-337),PPAR-alpha/gamma/delta
T3639,C[C@H](N/C(=N\c1cccc2ncccc12)NC#N)c1ccccc1,315.38,3.64,73.1,2,3,3,0,0.1091,Firsocostat (GS-0976),ACC
T3986,O=c1cc(N2CCOCC2)oc2c(-c3ccc4c(c3)OCCO4)csc12,371.41,3.13,61.1,0,7,2,0,0.1091,Firsocostat (GS-0976),ACC
T37792,Nc1nc(-c2ccco2)c2cnn(Cc3ccccc3F)c2n1,309.3,2.86,82.8,1,5,3,0,0.1091,Firsocostat (GS-0976),ACC
T15358,O=C1N(Cc2ccc(C(F)(F)F)o2)c2ccccc2[C@]12COc1cc3c(cc12)OCO3,429.35,4.25,61.1,0,5,2,0,0.1091,Cilofexor (GS-9674),FXR
T3S0128,C[N+]12CCc3cc4c(cc3C1(O)Cc1ccc3c(c1C2)OCO3)OCO4,354.38,2.05,57.2,1,5,0,0,0.1089,Cilofexor (GS-9674),FXR
T4S0795,COc1ccc2cc3[n+](cc2c1O)CCc1cc2c(cc1-3)OCO2,322.34,2.79,51.8,1,4,1,0,0.1089,VK2809,THR-beta
T8454,Cc1ncc(C)n2nc([C@@H]3C[C@H]3c3nc4c5cccnc5ccn4c3C)nc12,369.43,3.52,73.3,0,5,2,0,0.1089,Denifanstat (TVB-2640),FASN
T9248,Cc1ncc(C)n2nc([C@H]3C[C@@H]3c3nc4c5cccnc5ccn4c3C)nc12,369.43,3.52,73.3,0,5,2,0,0.1089,Denifanstat (TVB-2640),FASN
TN1709,COc1cc2c(c(OC)c1OC)-c1c(cc3c(c1OC)OCO3)C[C@@H](C)[C@@H](C)[C@@H]2O,416.47,3.98,75.6,1,7,4,0,0.1089,VK2809,THR-beta
T24141,O=C(NN=Cc1ccc(O)cc1)Nc1cccc2nsnc12,313.34,2.55,99.5,3,6,3,0,0.1089,Cilofexor (GS-9674),FXR
TN2341,[H][C@@]12CC=C3C(C)(C)[C@H](O)[C@@H](O)C[C@@]3([H])[C@]1(C)C(=O)C[C@]1(C)[C@@H]([C@@](C)(O)C(=O)/C=C/C(C)(C)OC(C)=O)[C@H](O)C[C@@]21C,560.73,3.29,141.4,4,8,5,1,0.1089,Obeticholic acid (OCA),FXR
T2672,Nc1nc(N)c2nc(-c3cccc(O)c3)c(-c3cccc(O)c3)nc2n1,346.35,2.33,144.1,4,8,2,0,0.1087,Cilofexor (GS-9674),FXR
T2926,COc1cc2c(c(OC)c1OC)-c1c(cc(OC)c(OC)c1OC)C[C@H](C)[C@H](C)C2,416.51,4.78,55.4,0,6,6,0,0.1087,Firsocostat (GS-0976),ACC
T15617,FC(F)(c1ccc2ncccc2c1)c1nnc2ccc(-c3ccncc3)nn12,374.35,3.87,68.9,0,5,3,0,0.1087,Lanifibranor (IVA-337),PPAR-alpha/gamma/delta
T4065,O=C1OC2(c3ccc([O-])cc3Oc3cc([O-])ccc32)c2ccccc21,330.3,2.4,81.7,0,5,0,0,0.1087,Cilofexor (GS-9674),FXR
T15396,c1ccc2c(c1)Cc1c(Nc3ccc4c(c3)OCCO4)n[nH]c1-2,305.34,3.5,59.2,2,4,2,0,0.1087,Denifanstat (TVB-2640),FASN
T9805,CC1OC(=O)NN=C1c1ccc(-c2ccc(F)cc2)c(C(F)(F)F)c1,352.29,4.34,50.7,1,3,2,0,0.1087,Denifanstat (TVB-2640),FASN
T77570,c1csc(-c2ccnc(NCCc3c[nH]c4ccccc34)n2)c1,320.42,4.34,53.6,2,4,5,0,0.1087,Lanifibranor (IVA-337),PPAR-alpha/gamma/delta
T11550,O=C1NCc2c1cc1ccc3c(c1c2-c1ccc2c(c1)OCO2)OCO3,347.33,3.21,66.0,1,5,1,0,0.1087,Denifanstat (TVB-2640),FASN
T15173,Cc1cc(Nc2ccc(S(F)(F)(F)(F)F)cc2)n2nc(C(C)(F)F)nc2n1,415.34,5.95,55.1,1,4,4,1,0.1087,Denifanstat (TVB-2640),FASN
T28136,Cc1ccc2[nH]c([S+]([O-])Cc3ccccc3N(C)C)nc2c1,313.43,3.25,55.0,1,3,4,0,0.1087,Denifanstat (TVB-2640),FASN
T72180,Nc1ncc2cc(-c3c(Br)cccc3Br)c(N)nc2n1,395.06,3.38,90.7,2,5,1,0,0.1087,Cilofexor (GS-9674),FXR
T6101,c1cn2cc(-c3ccc4cn[nH]c4c3)nc(Nc3ccc(N4CCOCC4)cc3)c2n1,411.47,3.85,83.4,2,6,4,0,0.1083,Firsocostat (GS-0976),ACC
T9689,Cn1cc(-c2ccc(CNc3cc(-c4cnc5cc(OCCCN6CCCC6)ccn45)ncn3)cc2)cn1,508.63,4.67,85.4,1,7,10,1,0.1083,Cilofexor (GS-9674),FXR
T1841,COc1cc2nc(N3CCCC3)nc(NCCCCCN3CCCC3)c2cc1OC,413.57,3.93,62.8,1,7,10,0,0.1081,Firsocostat (GS-0976),ACC
T2364,Cc1cc(Nc2ncnc3ccc(NC4=NC(C)(C)CO4)cc23)ccc1Oc1ccn2ncnc2c1,480.53,5.09,110.9,2,9,5,1,0.1081,Denifanstat (TVB-2640),FASN
T27612,CN(C)CCCn1c(N)c(-c2nc3ccccc3[nH]2)c2nc3ccccc3nc21,385.48,3.66,88.7,2,5,5,0,0.1081,Firsocostat (GS-0976),ACC
T35028,FC(F)(F)c1nccc2cc(Nc3n[nH]c4ncccc34)ccc12,329.29,4.27,66.5,2,4,2,0,0.1081,BI-1467335,AOC3/VAP-1
T28506,C=C(C)CSc1nnc2c(n1)[nH]c1cc(Br)ccc12,335.23,3.94,54.5,1,4,3,0,0.1081,BI-1467335,AOC3/VAP-1
T22518,O=C1CN=C(c2cccc(Br)c2)c2oc3ccccc3c2N1,355.19,3.98,54.6,1,3,1,0,0.1078,Cilofexor (GS-9674),FXR
T24402,O=C1N=C(Nc2ccccc2)N/C1=C\c1ccc2c(c1)OCO2,307.31,2.35,72.0,2,5,2,0,0.1078,Cilofexor (GS-9674),FXR
T2925,COc1cc2c(c(OC)c1OC)-c1c(cc3c(c1OC)OCO3)C[C@@H](C)[C@@H](C)C2,400.47,4.49,55.4,0,6,4,0,0.1075,VK2809,THR-beta
T6720,Clc1ccc(Nc2nnc(Cc3ccncc3)c3ccccc23)cc1,346.82,5.01,50.7,1,4,4,1,0.1075,VK2809,THR-beta
T8297,COc1cc2c(c(OC)c1OC)-c1c(cc3c(c1OC)OCO3)C[C@H](C)[C@H](C)C2,400.47,4.49,55.4,0,6,4,0,0.1075,VK2809,THR-beta
T16566,CCCc1c(-c2ccc(O)cc2)nn(-c2ccc(O)cc2)c1-c1ccc(O)cc1,386.45,5.28,78.5,3,4,5,1,0.1075,Cilofexor (GS-9674),FXR
TN1776,[H][C@@]12CC=C3C(C)(C)[C@H](O)C(=O)C[C@@]3([H])[C@]1(C)C(=O)C[C@@]1(C)[C@@]2(C)C[C@@H](O)[C@]1([H])[C@@](C)(O)C(=O)/C=C/C(C)(C)OC(C)=O,558.71,3.5,138.2,3,8,5,1,0.1075,BI-1467335,AOC3/VAP-1
T61556,CCc1cc(Nc2nc(N[C@@H](C)c3ccc(F)cc3)nc3ccccc23)n[nH]1,376.44,4.97,78.5,3,5,6,0,0.1075,Resmetirom,THR-beta
TN1780,COc1cc2c(c(OC)c1OC)-c1c(cc3c(c1OC)OCO3)CC(C)C(C)C2,400.47,4.49,55.4,0,6,4,0,0.1075,VK2809,THR-beta
T6960,CC(C)NCCCn1c(Sc2cc3c(cc2I)OCO3)nc2c(N)ncnc21,512.38,3.28,100.1,2,8,7,1,0.1074,Firsocostat (GS-0976),ACC
T9837,Cc1cccc(-c2[nH]c(CNc3ccccc3Br)nc2-c2ccc3ncnn3c2)n1,460.34,4.86,83.8,2,5,5,0,0.1074,Firsocostat (GS-0976),ACC
T3404,CC(=O)OC(C)(C)/C=C/C(=O)[C@](C)(O)[C@H]1[C@H](O)C[C@@]2(C)[C@@H]3CC=C4[C@@H](C[C@H](O)C(=O)C4(C)C)[C@]3(C)C(=O)C[C@]12C,558.71,3.5,138.2,3,8,5,1,0.1071,Denifanstat (TVB-2640),FASN
T6513,CN(C)CCCn1cc(C2=C(c3c[nH]c4ccccc34)C(=O)NC2=O)c2ccccc21,412.49,3.64,70.1,2,3,6,0,0.1071,Firsocostat (GS-0976),ACC
T6979,Nc1nc2c(cnn2CCc2ccccc2)c2nc(-c3ccco3)nn12,345.37,2.56,100.1,1,6,4,0,0.1071,Firsocostat (GS-0976),ACC
T12232,CN(C)CCCN1C(=O)c2cc([N+](=O)[O-])ccc2Oc2ccccc21,341.37,3.3,75.9,0,5,5,0,0.1071,Firsocostat (GS-0976),ACC
T33513,CCCCN1C(=O)c2cccc3c(S(C)(=O)=O)ccc(c23)C1=O,331.39,2.64,71.5,0,4,4,0,0.1071,Lanifibranor (IVA-337),PPAR-alpha/gamma/delta
T72056,Cc1cnn2c(NCCc3c[nH]c4ccccc34)cc(-c3cncc(F)c3)nc12,386.43,4.37,70.9,2,4,5,0,0.1071,VK2809,THR-beta
TQ0053,CC[C@H](Nc1nc(NCc2cnc(C)cc2C)c2ncn(C(C)C)c2n1)[C@@H](C)O,397.53,3.6,100.8,3,7,8,0,0.1068,Denifanstat (TVB-2640),FASN
T11600,O=S(=O)(Cc1ccccc1)N1C=Cc2ccccc2C1c1c[nH]c2ccccc12,400.5,5.07,53.2,1,2,4,1,0.1068,Cilofexor (GS-9674),FXR
T1724,O=c1[nH]c(=S)[nH]c2nc(-c3ccccc3)c(-c3ccccc3)nc12,332.39,3.71,74.4,2,4,2,0,0.1067,Resmetirom,THR-beta
T10585,Cn1cc2cc(C(F)(F)c3nnc4ccc(-c5cnn(C6CC6)c5)nn34)c(F)cc2n1,424.39,3.49,78.7,0,5,4,0,0.1066,Firsocostat (GS-0976),ACC
T6172,S=C=Nc1cccc(NC(=S)NCCCCNC(=S)Nc2cccc(N=C=S)c2)c1,472.69,5.21,72.8,4,6,9,1,0.1064,Cilofexor (GS-9674),FXR
TN6737,[H][C@@]12CCC3=CC(=O)CC[C@]3(C)[C@@]1([H])CC(=O)[C@@]1(C)[C@@]2([H])C[C@]2([H])O[C@]3(CC[C@@H](C)CO3)[C@@H](C)[C@]12[H],426.6,5.1,52.6,0,4,0,1,0.1064,Obeticholic acid (OCA),FXR
T13058,CNc1nc(NCc2ncccn2)c2c(-c3ccc4ncccc4c3)c[nH]c2n1,382.43,3.62,104.3,3,7,5,0,0.1064,Lanifibranor (IVA-337),PPAR-alpha/gamma/delta
T61859,CN(N=Cc1ccc(O)c(O)c1)c1nc(-c2ccccc2)cc(-c2ccccc2)n1,396.45,4.69,81.8,2,6,5,0,0.1064,VK2809,THR-beta
T1770,CNc1nc(Nc2cnn([C@H]3CCN(C4COC4)C[C@@H]3F)c2Cl)ncc1C(F)(F)F,449.84,3.11,80.1,2,7,5,0,0.1062,VK2809,THR-beta
T6643,Cn1cc(C2=C(c3cn(CCCSC(=N)N)c4ccccc34)C(=O)NC2=O)c2ccccc21,457.56,3.72,105.9,3,4,6,0,0.1062,Firsocostat (GS-0976),ACC
T21302,CCCCNc1ncc2c(-c3ccc(F)cc3)nn(C[C@H]3CC[C@H](N)CC3)c2n1,396.51,4.36,81.7,2,5,7,0,0.1062,Cilofexor (GS-9674),FXR
T19957,O=C1C=CC(=O)N1c1ccc(Cc2ccc(N3C(=O)C=CC3=O)cc2)cc1,358.35,2.14,74.8,0,4,4,0,0.1061,Resmetirom,THR-beta
T22612,OC(CCCN1CCN(c2ncc(F)cn2)CC1)c1ccc(F)cc1,348.4,2.39,52.5,1,5,6,0,0.1059,Lanifibranor (IVA-337),PPAR-alpha/gamma/delta
T73288,CNc1cc(-c2ccc3[nH]ccc3c2)nc(S(C)(=O)=O)n1,302.36,2.07,87.7,2,5,3,0,0.1059,Lanifibranor (IVA-337),PPAR-alpha/gamma/delta
T21738,O=C(Nc1ccc(-c2ccc(Cl)c(Cl)c2)cc1)C1=C(O)c2ccccc2S(=O)(=O)N1,461.33,4.82,95.5,3,4,3,0,0.1058,Cilofexor (GS-9674),FXR
T77687,O=C1CCCCN1c1ccc(N2CCC=C(N3CCOCC3)C2=O)cc1,355.44,2.16,53.1,0,4,3,0,0.1058,Firsocostat (GS-0976),ACC
T10426,c1ccc(-c2nc3c(c(-n4ccc5cnccc54)n2)CCC3)nc1,313.36,3.37,56.5,0,4,2,0,0.1058,Cilofexor (GS-9674),FXR
T2065,N=C1S/C(=C\c2ccc(-c3ccc4c(c3)C(=O)NC4=O)o2)C(=O)N1c1ccc(Br)cc1,494.33,4.65,103.5,2,6,3,0,0.1053,Resmetirom,THR-beta
T15433,CC(C)n1cc(-c2ccc3c(c2)N(C)CC3)c2c(NS(=O)(=O)c3ccn(C)n3)ccnc21,450.57,3.81,85.0,1,5,5,0,0.1053,VK2809,THR-beta
T19717,O=C1N[C@@H](Cc2c[nH]c3ccccc23)C(=O)N[C@H]1Cc1c[nH]c2ccccc12,372.43,2.42,89.8,4,2,4,0,0.1053,Firsocostat (GS-0976),ACC
T9589,OCCNc1nc(NCCc2ccccc2)c2cnn(C=Cc3ccccc3)c2n1,400.49,3.51,87.9,3,6,9,0,0.1053,Lanifibranor (IVA-337),PPAR-alpha/gamma/delta
TN7196,O=C(O)c1c[nH]c2cc(Br)c(Br)cc12,318.95,3.39,53.1,2,1,1,0,0.1053,Denifanstat (TVB-2640),FASN
TN1705,CC(C)=CCc1cc(-c2coc3cc(O)cc(O)c3c2=O)cc(O)c1O,354.36,3.79,111.1,4,6,3,0,0.1053,BI-1467335,AOC3/VAP-1
T10782,O=C1NC(=O)c2cc(Nc3ccccc3)c(Nc3ccccc3)cc21,329.36,4.06,70.2,3,4,4,0,0.1053,Denifanstat (TVB-2640),FASN
T61085,Nc1ccc2nc(-c3cccc(-c4nc5ccc(N)cc5[nH]4)c3)[nH]c2c1,340.39,3.94,109.4,4,4,2,0,0.1053,Lanifibranor (IVA-337),PPAR-alpha/gamma/delta
T24835,CCN(CC)c1ccc2nc3c4ccccc4c(=Nc4ccncc4)cc-3oc2c1,394.48,5.56,54.5,0,5,4,1,0.1053,Lanifibranor (IVA-337),PPAR-alpha/gamma/delta
T6354,CC(=O)C1=C(O)[C@]2(C)C(=CC1=O)Oc1c(C(C)=O)c(O)c(C)c(O)c12,344.32,2.13,121.1,3,7,2,0,0.1048,Firsocostat (GS-0976),ACC
T85337,c1ccc(CNc2ccc(-c3nc4ncccc4o3)cc2)nc1,302.34,3.9,63.8,1,5,4,0,0.1048,Firsocostat (GS-0976),ACC
T5425,Fc1ccc(Nc2nc(-c3ccncc3)nc3ccccc23)cc1F,334.33,4.71,50.7,1,4,3,0,0.1047,Lanifibranor (IVA-337),PPAR-alpha/gamma/delta
T61448,Cc1cc2cc(Nc3ccnc(Nc4ccc5[nH]c(C)cc5c4)n3)ccc2[nH]1,368.44,5.54,81.4,4,4,4,1,0.1047,Denifanstat (TVB-2640),FASN
T27730,NC(=S)NN=C(c1cccc(O)c1)c1cccc(Br)c1,350.24,2.74,70.6,3,3,3,0,0.1045,BI-1467335,AOC3/VAP-1
T77786,c1ccc(-c2nc(NCc3ccncc3)c3ccccc3n2)cc1,312.38,4.3,50.7,1,4,4,0,0.1045,BI-1467335,AOC3/VAP-1
T15410,Cc1cncc(-c2nc(NCCc3c[nH]c4ccccc34)c3ncn(C(C)C)c3n2)c1,411.51,4.91,84.3,2,5,6,0,0.1043,VK2809,THR-beta
T12266L2,C[C@H](Nc1cc(-c2cnn(C)c2)cc(Nc2cnccn2)n1)c1ccc(F)cc1,389.44,4.33,80.5,2,6,6,0,0.1043,Firsocostat (GS-0976),ACC
T8979,Fc1ccc(-c2csc3ncnc(NCc4ccc5c(c4)OCO5)c23)cc1,379.42,4.84,56.3,1,6,4,0,0.1043,Firsocostat (GS-0976),ACC
T36968,CN(C)c1ccc(Nc2nc(-c3ccncc3)nc3c2CC(N)CC3)cc1,360.46,3.16,80.0,2,6,4,0,0.1042,Denifanstat (TVB-2640),FASN
T4647,CC(C)CN(CC(C)C)c1ccc(C=C2C(=O)NC(=S)NC2=O)cc1[N+](=O)[O-],404.49,2.63,104.6,2,6,7,0,0.1039,BI-1467335,AOC3/VAP-1
T10383,[H][C@]12[C@H]3C(CC=C)=C[C@](OC)(C(=O)C3(OC)OC)[C@@]1(CC=C)C=C(OC)C(=O)C2(OC)OC,448.51,2.36,89.5,0,8,10,0,0.1039,BI-1467335,AOC3/VAP-1
T64372,c1ccc2[nH]c(-c3ccc(-c4ccc(C5=NCCN5)cc4)o3)nc2c1,328.38,3.84,66.2,2,4,3,0,0.1038,Firsocostat (GS-0976),ACC
T8569,O=[N+]([O-])C1=Cc2cc(Br)cc(Br)c2OC1c1ccc(Br)cc1,489.95,5.73,52.4,0,3,2,1,0.1034,Denifanstat (TVB-2640),FASN
T8866,CN1CCN(c2ccc(Nc3nccc(-c4cnn5ncccc45)n3)cc2C(F)(F)F)CC1,454.46,3.7,74.5,1,7,4,0,0.1034,Cilofexor (GS-9674),FXR
T28809,O=C1c2ccccc2C(=O)N1CCCCN1CC=C(c2c[nH]c3ccc(F)cc23)CC1,417.48,4.47,56.4,1,3,6,0,0.1034,Firsocostat (GS-0976),ACC
T30476,O=C1Nc2ccccc2OC1(c1ccc(O)cc1)c1ccc(O)cc1,333.34,3.37,78.8,3,4,2,0,0.1034,VK2809,THR-beta
T6S1572,C[C@@H]1[C@H]2c3cc4c(cc3O[C@@]35OCOC3=CC(=O)[C@H](C[C@H]1C)[C@@H]25)OCO4,356.37,2.97,63.2,0,6,0,0,0.1031,Denifanstat (TVB-2640),FASN
T8431,Fc1c(Br)cccc1Nc1ncnc2cc3c(cc12)OCCO3,376.19,4.05,56.3,1,5,2,0,0.1031,VK2809,THR-beta
T68061,O=C1c2cccc3cccc(c23)C(=O)N1CCNCCCNCCN1C(=O)c2cccc3cccc(c23)C1=O,520.59,3.45,98.8,2,6,10,1,0.1031,Firsocostat (GS-0976),ACC
T61822,O=S1(=O)N=C(Nc2cc(C(F)(F)F)cc(C(F)(F)F)c2)c2ccccc21,394.3,4.29,58.5,1,3,1,0,0.1029,BI-1467335,AOC3/VAP-1
TN1527,[H][C@@]12Cc3ccc(OC)c(OC)c3C[N+]1([O-])CCc1cc(OC)c(OC)cc12,371.43,3.39,60.0,0,5,4,0,0.1028,Firsocostat (GS-0976),ACC
T3958,Oc1ccc(-c2nc3cc(O)cc(Br)c3o2)cc1,306.12,3.67,66.5,2,4,1,0,0.1026,Lanifibranor (IVA-337),PPAR-alpha/gamma/delta
T16680,Cc1nc2cc(F)c(F)cc2n1-c1cncc(Nc2ccc(C(F)(F)F)cc2)n1,405.33,5.16,55.6,1,4,3,1,0.1026,BI-1467335,AOC3/VAP-1
T11093,O=[N+]([O-])c1cc([N+](=O)[O-])c(NN(c2ccccc2)c2ccccc2)c([N+](=O)[O-])c1,395.33,4.58,144.7,1,8,7,0,0.1026,Lanifibranor (IVA-337),PPAR-alpha/gamma/delta
T26357,O=C1N=C(NS(=O)(=O)c2cccc3ccccc23)S/C1=C\c1ccc(Br)cc1,473.37,4.55,75.6,1,4,3,0,0.1026,BI-1467335,AOC3/VAP-1
T9063,O=C1N=C(NS(=O)(=O)c2cccc3ccccc23)SC1=Cc1ccc(Br)cc1,473.37,4.55,75.6,1,4,3,0,0.1026,BI-1467335,AOC3/VAP-1
T23974,Nc1cccc(-c2nc3ccc(-c4ccc5nc(-c6cccc(N)c6)[nH]c5c4)cc3[nH]2)c1,416.49,5.6,109.4,4,4,3,1,0.1026,Lanifibranor (IVA-337),PPAR-alpha/gamma/delta
T22650,O=C1NC(=O)c2cc(Nc3ccc(F)cc3)c(Nc3ccc(F)cc3)cc21,365.34,4.34,70.2,3,4,4,0,0.1026,Denifanstat (TVB-2640),FASN
T20207,CC1(C)CC2(CC(C)(C)c3cc(O)c(O)cc32)c2cc(O)c(O)cc21,340.42,4.16,80.9,4,4,0,0,0.1026,VK2809,THR-beta
T6496,Cc1cccc(-c2[nH]c(CNc3ccccc3F)nc2-c2ccc3ncnn3c2)n1,399.43,4.24,83.8,2,5,5,0,0.1023,BI-1467335,AOC3/VAP-1
T5S1923,COc1c2c(cc3c1-c1c(cc4c(c1OC)OCO4)C[C@H](C)[C@H](C)C3)OCO2,384.43,4.2,55.4,0,6,2,0,0.1023,VK2809,THR-beta
T8921,O=C1c2cccc3cccc(c23)C(=O)N1CCNCCN1C(=O)c2cccc3cccc(c23)C1=O,463.49,3.47,86.8,1,5,6,0,0.1023,Cilofexor (GS-9674),FXR
T7071,O=C1Nc2ccccc2C1(c1ccc(O)cc1)c1ccc(O)cc1,317.34,3.38,69.6,3,3,2,0,0.1023,Cilofexor (GS-9674),FXR
T77657,CS(=O)(=O)c1ccc(Nc2ccc3c(c2)OCO3)c([N+](=O)[O-])c1,336.33,2.47,107.8,1,7,4,0,0.1023,Lanifibranor (IVA-337),PPAR-alpha/gamma/delta
T15262,Cc1cccc(-c2nc(CNc3ccccc3F)[nH]c2-c2ccc3ncnn3c2)n1,399.43,4.24,83.8,2,5,5,0,0.1023,BI-1467335,AOC3/VAP-1
T23193,Nc1c(S(=O)(=O)[O-])cc(Nc2cccc3ccccc23)c2c1C(=O)c1ccccc1C2=O,443.46,3.85,129.4,2,7,3,0,0.1023,Lanifibranor (IVA-337),PPAR-alpha/gamma/delta
T69240,Cn1nc(C(F)(F)F)c(CS(=O)(=O)C2=NOC(C)(C)C2)c1OC(F)F,391.32,2.47,82.8,0,6,4,0,0.1023,Obeticholic acid (OCA),FXR
T21956,Ic1cccc(CSc2nnc(-c3ccncc3)o2)c1,395.23,4.03,51.8,0,5,4,0,0.1020,Cilofexor (GS-9674),FXR
T1955,O=C(Nc1ccc([N+](=O)[O-])cc1O)Nc1ccccc1Br,352.14,3.71,104.5,3,4,3,0,0.1014,BI-1467335,AOC3/VAP-1
T9285,c1ccc(-c2nc(-c3ccccn3)nc(-c3ccccn3)n2)nc1,312.34,3.06,77.3,0,6,3,0,0.1013,Cilofexor (GS-9674),FXR
T11680,C=CCC12C=C(OC)C(=O)C(OC)(OC)C1C1C(/C=C/C)=CC2(OC)C(=O)C1(OC)OC,448.51,2.36,89.5,0,8,9,0,0.1013,BI-1467335,AOC3/VAP-1
T78555,FC(F)(F)c1nnc2ccc(NCCc3c[nH]c4ccccc34)nn12,346.32,3.28,70.9,2,4,4,0,0.1013,BI-1467335,AOC3/VAP-1
T16773,Nc1ccc(-c2nc3ccc(-c4nc5cc(N)ccc5[nH]4)cc3[nH]2)cc1,340.39,3.94,109.4,4,4,2,0,0.1013,Lanifibranor (IVA-337),PPAR-alpha/gamma/delta
T19374,O=[N+]([O-])c1ccc(-[n+]2nc(-c3ccccc3)nn2-c2ccc(I)cc2)cc1,470.25,3.72,77.7,0,4,4,0,0.1011,Lanifibranor (IVA-337),PPAR-alpha/gamma/delta
T22012,O=C1Nc2c(Br)cccc2C1=C1Nc2ccccc2C1=NO,356.18,3.42,73.7,3,4,0,0,0.1011,Denifanstat (TVB-2640),FASN
T33389,O=C1CC2(C(=O)N1)C(=O)N(Cc1ccc(Br)cc1F)C(=O)c1ccc(F)cc12,449.21,2.19,83.6,1,4,2,0,0.1010,Denifanstat (TVB-2640),FASN
T83258,C=C1Cc2cc(OC)c(OC)c(OC)c2-c2c(cc(OC)c(OC)c2OC)CC1C,414.5,4.7,55.4,0,6,6,0,0.1010,Firsocostat (GS-0976),ACC
T27812,CC(C)CN(C)c1ccccc1C[S+]([O-])c1nc2ccccc2[nH]1,341.48,3.96,55.0,1,3,6,0,0.1009,Firsocostat (GS-0976),ACC
T0920,Nc1c(Br)cc(Br)cc1CN[C@H]1CC[C@H](O)CC1,378.11,3.19,58.3,3,3,3,0,0.1000,VK2809,THR-beta
T1764,C[S+]([O-])c1ccc(-c2nc(-c3ccc(F)cc3)c(-c3ccncc3)[nH]2)cc1,377.44,4.68,64.6,1,3,4,0,0.1000,Denifanstat (TVB-2640),FASN
T2476,C[Si](C)(C)CCOCn1ccc2c(-c3cn[nH]c3)ncnc21,315.45,3.13,68.6,1,4,6,0,0.1000,Firsocostat (GS-0976),ACC
T6757,C[C@H](Nc1ncnc2nc[nH]c12)c1cc2ccc(F)cc2nc1-c1ccccn1,385.41,4.28,92.3,2,6,4,0,0.1000,VK2809,THR-beta
T27800,c1cncc(Nc2ncc(-c3ccncn3)c(-c3ccco3)n2)c1,316.32,3.33,89.6,1,7,4,0,0.1000,Firsocostat (GS-0976),ACC
T21675,C[S+]([O-])c1ccc(-c2nc(-c3ccncc3)c(-c3ccc(F)cc3)[nH]2)cc1,377.44,4.68,64.6,1,3,4,0,0.1000,Denifanstat (TVB-2640),FASN
T86746,CC(C)NP(=O)(NC(C)C)OP(=O)(NC(C)C)NC(C)C,342.36,3.21,91.5,4,3,10,0,0.1000,BI-1467335,AOC3/VAP-1
T39673,Fc1ccccc1Cc1nc(-c2nnc(C(F)(F)F)[nH]2)cn2ccnc12,362.29,3.26,71.8,1,4,3,0,0.0988,BI-1467335,AOC3/VAP-1
T61411,O=[N+]([O-])c1ccc(NC(=S)NCc2ccccc2Br)cc1,366.24,3.84,67.2,2,3,4,0,0.0986,BI-1467335,AOC3/VAP-1
T27405,O=[N+]([O-])CC(c1ccccc1)c1c(-c2ccccc2)[nH]c2ccccc12,342.4,5.24,58.9,1,2,5,1,0.0980,Firsocostat (GS-0976),ACC
T11238L,NCCc1c[nH]c(=S)n1[C@H]1COc2c(F)cc(F)cc2C1,311.36,2.5,56.0,2,3,3,0,0.0978,Lanifibranor (IVA-337),PPAR-alpha/gamma/delta
T13983,CC1=CC(C)(C)NC(Nc2nc(-c3ccccc3)c3ccccc3n2)=N1,343.43,4.35,62.2,2,5,2,0,0.0978,Denifanstat (TVB-2640),FASN
T40290,Fc1ccc2nc(CNc3nc(N4CCOCC4)nc4c(C(F)(F)F)cnn34)[nH]c2c1F,454.36,2.75,96.3,2,7,4,0,0.0976,Firsocostat (GS-0976),ACC
T61899,C=CCSc1nnc(-c2cc3ccccc3[nH]2)n1/N=C/c1c[nH]c2ccccc12,398.5,5.07,74.7,2,4,6,1,0.0971,Denifanstat (TVB-2640),FASN
T7857,O=[N+]([O-])c1ccc(N=Nc2ccc(Nc3ccccc3)cc2)cc1,318.34,5.75,79.9,1,5,5,1,0.0968,BI-1467335,AOC3/VAP-1
T13692,Cc1occc2=[O]->[Fe+3]34(<-[O]=c5ccoc(C)c5[O-]->3)(<-[O]=c3ccoc(C)c3[O-]->4)<-[O-]c12,431.15,3.27,107.2,0,9,3,0,0.0968,Firsocostat (GS-0976),ACC
T21858,O=C1NC(=O)c2c1c1c3ccccc3[nH]c1c1[nH]c3ccccc3c21,325.33,3.84,77.8,3,2,0,0,0.0968,Firsocostat (GS-0976),ACC
T79303,Nc1ncc(-c2cn(C34CC(F)(C3)C4)c([C@@H](O)C(F)(F)F)n2)cc1OC(F)(F)F,426.29,3.62,86.2,2,5,4,0,0.0964,BI-1467335,AOC3/VAP-1
T36948,N#CC(C#N)=Cc1ccc(-c2ccc(-c3ccc(O)cc3)s2)s1,334.43,5.28,67.8,1,5,3,1,0.0964,Denifanstat (TVB-2640),FASN
T85343,Fc1cncc(-c2cc(NCCc3c[nH]c4ccccc34)n3nccc3n2)c1,372.41,4.07,70.9,2,4,5,0,0.0957,Cilofexor (GS-9674),FXR
T3686,O=[N+]([O-])c1ccc(Nc2ccccc2-c2ccccc2)c2nonc12,332.32,4.54,94.1,1,6,4,0,0.0952,Firsocostat (GS-0976),ACC
T6S0141,CC1(C)C=Cc2cc(-c3coc4cc(O)ccc4c3=O)ccc2O1,320.34,4.35,59.7,1,4,1,0,0.0952,Cilofexor (GS-9674),FXR
T2301,Oc1ccc(-c2nc(-c3ccncc3)c(-c3ccc(F)cc3)[nH]2)cc1,331.35,4.65,61.8,2,3,3,0,0.0947,Cilofexor (GS-9674),FXR
T22142,FC(F)(F)c1cc(C(F)(F)F)c2ccc3nc(-c4nnco4)cn3c2n1,373.22,3.97,69.1,0,5,1,0,0.0947,Denifanstat (TVB-2640),FASN
T39817,C[S+]([O-])c1ccc(/C=C/c2cc(=O)c3ccccc3o2)cc1,310.37,3.7,53.3,0,3,3,0,0.0947,VK2809,THR-beta
T24269,FC(F)(F)c1cc(-c2ncn(/C=C\c3nnco3)n2)cc(C(F)(F)F)c1,375.23,3.99,69.6,0,5,3,0,0.0946,BI-1467335,AOC3/VAP-1
T4400,Oc1ccc(C(c2c[nH]c3ccccc23)c2c[nH]c3ccccc23)cc1,338.41,5.54,51.8,3,1,3,1,0.0938,Firsocostat (GS-0976),ACC
T5410,CNc1cc2c(Nc3cccc(Br)c3)ncnc2cn1,330.19,3.57,62.7,2,5,3,0,0.0938,VK2809,THR-beta
T16748,c1cc(-c2nc3cc(-c4ccc5[nH]c(-c6ccncc6)nc5c4)ccc3[nH]2)ccn1,388.43,5.23,83.1,2,4,3,1,0.0933,Lanifibranor (IVA-337),PPAR-alpha/gamma/delta
T15370,c1cc(-c2sc(-c3ccncc3)c(-c3ccncc3)c2-c2ccncc2)ccn1,392.49,6.0,51.6,0,5,4,1,0.0920,Firsocostat (GS-0976),ACC
T8464,O=C1/C(=C/c2ccc([N+](=O)[O-])cc2)CNC/C1=C\c1ccc([N+](=O)[O-])cc1,365.35,3.14,115.4,1,6,4,0,0.0909,Lanifibranor (IVA-337),PPAR-alpha/gamma/delta
T13809,O=[N+]([O-])c1cccc(-c2cn(-c3cccc(I)c3)nn2)c1,392.16,3.45,73.8,0,4,3,0,0.0909,Lanifibranor (IVA-337),PPAR-alpha/gamma/delta
T77628,NCCCn1cc(C2=C(c3c[nH]c4ccccc34)C(=O)NC2=O)c2ccccc21,384.44,3.04,92.9,3,3,5,0,0.0909,BI-1467335,AOC3/VAP-1
T5742,O=c1oc2c(O)cc(O)cc2c2oc3cc(O)c(O)cc3c12,300.22,2.51,124.3,4,7,0,0,0.0899,VK2809,THR-beta
T5S0689,O=c1oc2cc(O)cc(O)c2c2oc3cc(O)c(O)cc3c12,300.22,2.51,124.3,4,7,0,0,0.0899,VK2809,THR-beta
T7659,O=C1NC(=O)C(c2c[nH]c3ccccc23)=C1c1c[nH]c2ccccc12,327.34,3.22,77.8,3,2,2,0,0.0897,Denifanstat (TVB-2640),FASN
T1220,CC[n+]1c(-c2ccccc2)c2cc(N)ccc2c2ccc(N)cc21,314.41,4.13,55.9,2,2,2,0,0.0896,BI-1467335,AOC3/VAP-1
TN1765,CC1=C[C@]23C(=O)[C@H](C=C4COC(C)(C)OC4C24OC(C)(C)OC14)[C@@H]1[C@H](CC3C)C1(C)C,428.57,4.41,54.0,0,5,0,0,0.0891,Denifanstat (TVB-2640),FASN
T38562,Nc1ncc(-c2ccncc2)nc1Nc1ccc2[nH]ccc2c1,302.34,3.35,92.5,3,5,3,0,0.0889,Lanifibranor (IVA-337),PPAR-alpha/gamma/delta
T17192,O=C1C(=Cc2ccc([N+](=O)[O-])cc2)CS(=O)(=O)CC1=Cc1ccc([N+](=O)[O-])cc1,414.4,2.97,137.5,0,7,4,0,0.0886,Lanifibranor (IVA-337),PPAR-alpha/gamma/delta
T2639,C[C@@]1(c2cc(-c3cncnc3)c(F)cc2F)CCSC(N)=N1,320.37,3.09,64.2,1,5,2,0,0.0882,Cilofexor (GS-9674),FXR
T2130,CC[N+](C)(CC)CCC[n+]1c(-c2ccccc2)c2cc(N)ccc2c2ccc(N)cc21,414.6,4.99,55.9,2,2,7,0,0.0879,Lanifibranor (IVA-337),PPAR-alpha/gamma/delta
T2432,O=[N+]([O-])c1ccc(-c2nc(-c3ccc(F)cc3)c(-c3ccncc3)[nH]2)cc1,360.35,4.85,84.7,1,4,4,0,0.0879,Denifanstat (TVB-2640),FASN
T21089,O=[N+]([O-])c1cccc(SSc2cccc([N+](=O)[O-])c2)c1,308.34,4.3,86.3,0,6,5,0,0.0877,BI-1467335,AOC3/VAP-1
T67831,O=S1(=O)N=C(Nc2cc(Br)cc(Br)c2)c2ccccc21,416.09,3.77,58.5,1,3,1,0,0.0864,Lanifibranor (IVA-337),PPAR-alpha/gamma/delta
T2243,c1ccc2c(CCNc3ccc(Nc4ccncc4)cc3)c[nH]c2c1,328.42,4.96,52.7,3,3,6,0,0.0857,Firsocostat (GS-0976),ACC
T63751,OC[C@H]1O[C@H](Sc2cncc(Br)c2)[C@H](O)[C@@H](n2cc(-c3cc(F)c(F)c(F)c3)nn2)[C@H]1O,533.33,2.29,113.5,3,8,5,1,0.0855,Cilofexor (GS-9674),FXR
T14497,Fc1ccccc1Nc1nc2nonc2nc1Nc1ccccc1F,340.29,3.78,88.8,2,7,4,0,0.0806,BI-1467335,AOC3/VAP-1
T0077,O=C1CN(/N=C/c2ccc(-c3ccc([N+](=O)[O-])cc3)o2)C(=O)[N-]1,313.25,2.52,120.1,0,6,4,0,0.0784,VK2809,THR-beta
TN7171,Oc1c(Br)c(O)c(Br)c(O)c1Br,362.8,3.09,60.7,3,3,0,0,0.0667,BI-1467335,AOC3/VAP-1
T9404,O=[N+]([O-])c1c(Br)sc(Br)c1[N+](=O)[O-],331.93,3.09,86.3,0,5,2,0,0.0588,Lanifibranor (IVA-337),PPAR-alpha/gamma/delta
