Index,ID
0,T0432
1,T0433
2,T0434
3,T0435
4,T0436
5,T0437
6,T0438
7,T0439
8,T0440
9,T0441
10,T0442
11,T0443
12,T0444
13,T0444L
14,T0445
15,T0446
16,T0447
17,T0448
18,T0449
19,T0450
20,T0450L
21,T0451
22,T0452
23,T0453
24,T0455
25,T0456
26,T0457
27,T0458
28,T0459
29,T0460
30,T0461
31,T0462
32,T0463
33,T0464
34,T0465
35,T0466
36,T0467
37,T0468
38,T0469
39,T0470
40,T0472
41,T0473
42,T0474
43,T0476
44,T0477
45,T0478
46,T0479
47,T0480
48,T0482
49,T0484
50,T0485
51,T0486
52,T0486L
53,T0487
54,T0488
55,T0489
56,T0490
57,T0491
58,T0492
59,T0495
60,T0496
61,T0497
62,T0498
63,T0499
64,T0500
65,T0501
66,T0502
67,T0503
68,T0504
69,T0505
70,T0506
71,T0507
72,T0508
73,T0509
74,T0510
75,T0511
76,T0512
77,T0513
78,T0514
79,T0515
80,T0516
81,T0518
82,T0519
83,T0520
84,T0522
85,T0525
86,T0526
87,T0527
88,T0528
89,T0529
90,T0530
91,T0531
92,T0532
93,T0533
94,T0534
95,T0536
96,T0537
97,T0538
98,T0539
99,T0540
100,T0542
101,T0543
102,T0544
103,T0545
104,T0546
105,T0547
106,T0548
107,T0549
108,T0550
109,T0551
110,T0552
111,T0553
112,T0554
113,T0555
114,T0556
115,T0557
116,T0558
117,T0559
118,T0560
119,T0561
120,T0562
121,T0563
122,T0564
123,T0565
124,T0566
125,T0567
126,T0568
127,T0569
128,T0570
129,T0571
130,T0572
131,T0573
132,T0574
133,T0575
134,T0577
135,T0578
136,T0579
137,T0580
138,T0583
139,T0584
140,T0584L
141,T0585
142,T0586
143,T0587
144,T0589
145,T0590
146,T0591
147,T0592
148,T0593
149,T0594
150,T0595
151,T0596
152,T0598
153,T0600
154,T0601
155,T0603
156,T0604
157,T0606
158,T0607
159,T0609
160,T0610
161,T0611
162,T0612
163,T0613
164,T0614
165,T0617
166,T0621
167,T0622
168,T0623
169,T0624
170,T0625
171,T0627
172,T0628
173,T0629
174,T0630
175,T0631
176,T0632
177,T0633
178,T0634
179,T0635
180,T0636
181,T0637
182,T0638
183,T0640
184,T0642
185,T0643
186,T0644
187,T0645
188,T0646
189,T0647
190,T0649
191,T0650
192,T0651
193,T0653
194,T0657
195,T0658
196,T0659
197,T0660
198,T0661
199,T0662
200,T4810
201,T4762
202,T4732
203,T4715
204,T4785
205,T4753
206,T4765
207,T4772
208,T4811
209,T4730
210,T4812
211,T4813
212,T4900
213,T4814
214,T5055
215,T4735
216,T4779
217,T4745
218,T4815
219,T4884
220,T4734
221,T4903
222,T4816
223,T4879
224,T4786
225,T4775
226,T4817
227,T4754
228,T4876
229,T4819
230,T4818
231,T4705
232,T4726
233,T4821
234,T4744
235,T4820
236,T4822
237,T4707
238,T4901
239,T4905
240,T4747
241,T4709
242,T4843
243,T4823
244,T4733
245,T4883
246,T4824
247,T4825
248,T4718
249,T4826
250,T4880
251,T4828
252,T4827
253,T4787
254,T4727
255,T4760
256,T4831
257,T4766
258,T4702
259,T4829
260,T4719
261,T4844
262,T4716
263,T4737
264,T4761
265,T4788
266,T4722
267,T4757
268,T5089
269,T4832
270,T4713
271,T4768
272,T4767
273,T4725
274,T4845
275,T4833
276,T4723
277,T4834
278,T4835
279,T4848
280,T4780
281,T4758
282,T5090
283,T4837
284,T4838
285,T4839
286,T4850
287,T4840
288,T4918
289,T4857
290,T4847
291,T4894
292,T4729
293,T4741
294,T4921
295,T4892
296,T4862
297,T4861
298,T4858
299,T4886
300,T4896
301,T4685
302,T4875
303,T4739
304,T4925
305,T4924
306,T4929
307,T4914
308,T4888
309,T4969
310,T4893
311,T4865
312,T4873
313,T4927
314,T4863
315,T4919
316,T4871
317,T4889
318,T4928
319,T4864
320,T4973
321,T4934
322,T4937
323,T4755
324,T4866
325,T4945
326,T4895
327,T4899
328,T4940
329,T4855
330,T4859
331,T4870
332,T4740
333,T4944
334,T4867
335,T4943
336,T4872
337,T4868
338,T4874
339,T4947
340,T4887
341,T4728
342,T4856
343,T4933
344,T4971
345,T4920
346,T4738
347,T4897
348,T4972
349,T4854
350,T4898
351,T4916
352,T4938
353,T4917
354,T4869
355,T4970
356,T4923
357,T4853
358,T5033
359,T4961
360,T4S1521
361,T5S0896
362,T5045
363,T4999
364,T5032
365,T4S1578
366,T4978
367,T4698
368,T4953
369,T5028
370,T5044
371,T5003
372,T4976
373,T4991
374,T5149
375,T5019
376,T4986
377,T4951
378,T5006
379,T5007
380,T4902
381,T4946
382,T5038
383,T5098
384,T4803
385,T4967
386,T5027
387,T5014
388,T4988
389,T4964
390,T2S0731
391,T5012
392,T5010
393,T4954
394,T5026
395,T4701
396,T4958
397,T5040
398,T5023
399,T4956
400,T0002
401,T0004
402,T0005
403,T0006
404,T0007
405,T0007L
406,T0008
407,T0009
408,T0010
409,T0011
410,T0012
411,T0013
412,T0014
413,T0015
414,T0016
415,T0017
416,T0018
417,T0019
418,T0020
419,T0022
420,T0023
421,T0024
422,T0025
423,T0026
424,T0027
425,T0028
426,T0030
427,T0031
428,T0031L
429,T0031L2
430,T0032
431,T0033
432,T0034
433,T0035
434,T0036
435,T0039
436,T0040
437,T0042
438,T0043
439,T0044
440,T0045
441,T0048
442,T0049
443,T0050
444,T0051
445,T0053
446,T0054
447,T0055
448,T0056
449,T0058
450,T0059
451,T0060
452,T0061
453,T0062
454,T0064
455,T0066
456,T0067
457,T0068
458,T0069
459,T0070
460,T0071
461,T0072
462,T0073
463,T0074
464,T0074L
465,T0075
466,T0076
467,T0077
468,T0078
469,T0078L
470,T0080
471,T0081
472,T0082
473,T0083
474,T0084
475,T0085
476,T0085L
477,T0086
478,T0087
479,T0087L
480,T0088
481,T0089
482,T0090
483,T0091
484,T0092
485,T0093
486,T0093L
487,T0094
488,T0095
489,T0096
490,T0097
491,T0097L
492,T0098
493,T0099
494,T0100
495,T0100L
496,T0101
497,T0103
498,T0104
499,T0106
500,T0107
501,T0108
502,T0109
503,T0110
504,T0111
505,T0112
506,T0113
507,T0114
508,T0115
509,T0117
510,T0118
511,T0119
512,T0120
513,T0121
514,T0122
515,T0123
516,T0125
517,T0126
518,T0127
519,T0128
520,T0129
521,T0130
522,T0131
523,T0132
524,T0133
525,T0134
526,T0135
527,T0136
528,T0137
529,T0138
530,T0139
531,T0141
532,T0142
533,T0143
534,T0144
535,T0145
536,T0146
537,T0147
538,T0150
539,T0151
540,T0152
541,T0153
542,T0154
543,T0155
544,T0156
545,T0157
546,T0158
547,T0159
548,T0160
549,T0161
550,T0162
551,T0163
552,T0164
553,T0165
554,T0166
555,T0167
556,T0168
557,T0169
558,T0170
559,T0172
560,T0173
561,T0174
562,T0175
563,T0175L
564,T0178
565,T0179
566,T0180
567,T0181
568,T0182
569,T0182L
570,T0182L2
571,T0183
572,T0184
573,T0185
574,T0186
575,T0187
576,T0188
577,T0189
578,T0189L
579,T0190
580,T0191
581,T0192
582,T0193
583,T0194
584,T0195
585,T0196
586,T0197
587,T0198
588,T0199
589,T0200
590,T0201
591,T0202
592,T0203
593,T0204
594,T0205
595,T0207
596,T0208
597,T0209
598,T0210
599,T0211
600,T0211L
601,T0212
602,T0213
603,T0214
604,T0214L
605,T0215
606,T0215L
607,T0216
608,T0217
609,T0219
610,T0220
611,T0221
612,T0222
613,T0223
614,T0224
615,T0225
616,T0226
617,T0227
618,T0228
619,T0230
620,T0231
621,T0235
622,T0236
623,T0237
624,T0238
625,T0239
626,T0240
627,T0241
628,T0242
629,T0243
630,T0244
631,T0246
632,T0246L
633,T0247
634,T0248
635,T0249
636,T0251
637,T0253
638,T0254
639,T0255
640,T0256
641,T0257
642,T0258
643,T0259
644,T0260
645,T0261
646,T0263
647,T0264
648,T0265
649,T0266
650,T0267
651,T0268
652,T0269
653,T0270
654,T0271
655,T0272
656,T0273
657,T0274
658,T0275
659,T0276
660,T0277
661,T0279
662,T0280
663,T0281
664,T0282
665,T0283
666,T0284
667,T0285
668,T0286
669,T0287
670,T0288
671,T0289
672,T0290
673,T0291
674,T0292
675,T0293
676,T0294
677,T0295
678,T0296
679,T0297
680,T0298
681,T0299
682,T0300
683,T0301
684,T0302
685,T0304
686,T0306
687,T0308
688,T0309
689,T0310
690,T0311
691,T0312
692,T0313
693,T0314
694,T0315
695,T0316
696,T0317
697,T0318
698,T0319
699,T0320
700,T0321
701,T0322
702,T0323
703,T0324
704,T0325
705,T0326
706,T0326L
707,T0327
708,T0328
709,T0330
710,T0331
711,T0332
712,T0333
713,T0334
714,T0335
715,T0337
716,T0340
717,T0342
718,T0343
719,T0344
720,T0344L
721,T0345
722,T0347
723,T0348
724,T0349
725,T0351
726,T0352
727,T0353
728,T0354
729,T0355
730,T0356
731,T0358
732,T0359
733,T0360
734,T0361
735,T0362
736,T0363
737,T0364
738,T0364L
739,T0365
740,T0366
741,T0367
742,T0368
743,T0369
744,T0370
745,T0371
746,T0372
747,T0373
748,T0373L
749,T0374
750,T0374L
751,T0375
752,T0375L
753,T0376
754,T0377
755,T0378
756,T0379
757,T0380
758,T0381
759,T0382
760,T0383
761,T0384
762,T0385
763,T0386
764,T0386L
765,T0388
766,T0389
767,T0390
768,T0391
769,T0392
770,T0393
771,T0394
772,T0395
773,T0397
774,T0398
775,T0399
776,T0400
777,T0401
778,T0402
779,T0404
780,T0407
781,T0408
782,T0409
783,T0411
784,T0412
785,T0413
786,T0415
787,T0416
788,T0418
789,T0420
790,T0421
791,T0423
792,T0424
793,T0425
794,T0425L
795,T0426
796,T0427
797,T0428
798,T0429
799,T0430
800,T5270
801,T5298
802,T5304
803,T5226
804,T5282
805,T5281
806,T5279
807,T5214
808,T5261
809,T3948
810,T3950
811,T5223
812,T5295
813,T5236
814,T5233
815,T5272
816,T5285
817,T5257
818,T5265
819,T5284
820,T5244
821,T5280
822,T5276
823,T5286
824,T5247
825,T5290
826,T5296
827,T5302
828,T5262
829,T5251
830,T5246
831,T5275
832,T5277
833,T5291
834,T5308
835,T5297
836,T5237
837,T5221
838,T5217
839,T5263
840,T5268
841,T5293
842,T5278
843,T5255
844,T5196
845,T5199
846,T5200
847,T5206
848,T5198
849,T5202
850,T5197
851,T5203
852,T5228
853,T5252
854,T5289
855,T5225
856,T5224
857,T5248
858,T5220
859,T5239
860,T5213
861,T5227
862,T5264
863,T5318
864,T5312
865,T5192
866,T5313
867,T5207
868,T5324
869,T5310
870,T5323
871,T5327
872,T5317
873,T5180
874,T5048
875,T5320
876,T5191
877,T5314
878,T5315
879,T5336
880,T5334
881,T5350
882,T5337
883,T5345
884,T5362
885,T5319
886,T5333
887,T5328
888,T5209
889,T5342
890,T5356
891,T5335
892,T5341
893,T5321
894,T5343
895,T5325
896,T5210
897,T5326
898,T5360
899,T5352
900,T5340
901,T5211
902,T5322
903,T5338
904,T5208
905,T5361
906,T5330
907,T5344
908,T5388
909,T5368
910,T5387
911,T5359
912,T5375
913,T5366
914,T5367
915,T5358
916,T5353
917,T5382
918,T5365
919,T5364
920,T5374
921,T5332
922,T5363
923,T5235
924,T5384
925,T5372
926,T5370
927,T4957
928,T5357
929,T5377
930,T5369
931,T5378
932,T5379
933,T5371
934,T5331
935,T5380
936,T5386
937,T5394
938,T5400
939,T5389
940,T5401
941,T5402
942,T5413
943,T5392
944,T5410
945,T5393
946,T5407
947,T5399
948,T5405
949,T5409
950,T5385
951,T5383
952,T5391
953,T5397
954,T5258
955,T5230
956,T5412
957,T5396
958,T5403
959,T5395
960,T5428
961,T5419
962,T5420
963,T5414
964,T5417
965,T5418
966,T5429
967,T5430
968,T5431
969,T5416
970,T5215
971,T5415
972,T5404
973,T5518
974,T5532
975,T5S1645
976,T5531
977,T3885
978,T4515
979,T6S2115
980,T5349
981,T5495
982,T5492
983,T5421
984,T5424
985,T5494
986,T7026
987,T5491
988,T4S0217
989,T5354
990,T5538
991,T5497
992,T5516
993,T5522
994,T3459
995,T5573
996,T5422
997,T6S1529
998,T5425
999,T5490
1000,T1782
1001,T1783
1002,T1784
1003,T1786
1004,T1787
1005,T1788
1006,T1789
1007,T1791
1008,T1792
1009,T1793
1010,T1794
1011,T1796
1012,T1797
1013,T1798
1014,T1799
1015,T1800
1016,T1801
1017,T1802
1018,T1803
1019,T1804
1020,T1805
1021,T1806
1022,T1807
1023,T1808
1024,T1809
1025,T1810
1026,T1811
1027,T1812
1028,T1813
1029,T1814
1030,T1815
1031,T1816
1032,T1817
1033,T1818
1034,T1819
1035,T1820
1036,T1821
1037,T1822
1038,T1822L
1039,T1823
1040,T1824
1041,T1825
1042,T1826
1043,T1827
1044,T1828
1045,T1829
1046,T1830
1047,T1831
1048,T1832
1049,T1833
1050,T1834
1051,T1835
1052,T1836
1053,T1837
1054,T1838
1055,T1839
1056,T1840
1057,T1841
1058,T1842
1059,T1843
1060,T1844
1061,T1845
1062,T1846
1063,T1847
1064,T1848
1065,T1849
1066,T1850
1067,T1851
1068,T1853
1069,T1854
1070,T1855
1071,T1856
1072,T1857
1073,T1858
1074,T1859
1075,T1860
1076,T1861
1077,T1862
1078,T1863
1079,T1864
1080,T1865
1081,T1866
1082,T1867
1083,T1868
1084,T1869
1085,T1870
1086,T1871
1087,T1872
1088,T1873
1089,T1874
1090,T1875
1091,T1876
1092,T1877
1093,T1878
1094,T1880
1095,T1881
1096,T1882
1097,T1883
1098,T1884
1099,T1885
1100,T1886
1101,T1887
1102,T1888
1103,T1889
1104,T1890
1105,T1891
1106,T1892
1107,T1893
1108,T1894
1109,T1895
1110,T1896
1111,T1897
1112,T1898
1113,T1900
1114,T1901
1115,T1902
1116,T1903
1117,T1904
1118,T1905
1119,T1906
1120,T1907
1121,T1908
1122,T1909
1123,T1910
1124,T1911
1125,T1912
1126,T1913
1127,T1914
1128,T1915
1129,T1916
1130,T1917
1131,T1918
1132,T1919
1133,T1920
1134,T1921
1135,T1922
1136,T1923
1137,T1924
1138,T1925
1139,T1926
1140,T1927
1141,T1928
1142,T1929
1143,T1930
1144,T1933
1145,T1934
1146,T1936
1147,T1937
1148,T1938
1149,T1939
1150,T1940
1151,T1941
1152,T1942
1153,T1943
1154,T1944
1155,T1945
1156,T1946
1157,T1948
1158,T1949
1159,T1950
1160,T1951
1161,T1952
1162,T1953
1163,T1954
1164,T1955
1165,T1956
1166,T1957
1167,T1958
1168,T1959
1169,T1960
1170,T1961
1171,T1962
1172,T1963
1173,T1965
1174,T1966
1175,T1967
1176,T1968
1177,T1969
1178,T1970
1179,T1971
1180,T1972
1181,T1973
1182,T1974
1183,T1975
1184,T1976
1185,T1977
1186,T1978
1187,T1979
1188,T1980
1189,T1982
1190,T1983
1191,T1984
1192,T1985
1193,T1986
1194,T1987
1195,T1988
1196,T1989
1197,T1990
1198,T1991
1199,T1993
1200,T4129
1201,T4130
1202,T4132
1203,T4133
1204,T4134
1205,T4135
1206,T4136
1207,T4137
1208,T4138
1209,T4139
1210,T4140
1211,T4142
1212,T4163
1213,T4164
1214,T4165
1215,T4166
1216,T4167
1217,T4168
1218,T4169
1219,T4170
1220,T4171
1221,T4172
1222,T4173
1223,T4174
1224,T4175
1225,T4176
1226,T4177
1227,T4178
1228,T4179
1229,T4180
1230,T4181
1231,T4182
1232,T4184
1233,T4185
1234,T4188
1235,T4189
1236,T4190
1237,T4191
1238,T4192
1239,T4193
1240,T4194
1241,T4195
1242,T4196
1243,T4197
1244,T4199
1245,T4200
1246,T4201
1247,T4202
1248,T4203
1249,T4204
1250,T4205
1251,T4206
1252,T4207
1253,T4208
1254,T4209
1255,T4210
1256,T4211
1257,T4212
1258,T4213
1259,T4214
1260,T4215
1261,T4216
1262,T4217
1263,T4218
1264,T4219
1265,T4220
1266,T4221
1267,T4222
1268,T4223
1269,T4224
1270,T4226
1271,T4227
1272,T4228
1273,T4229
1274,T4230
1275,T4231
1276,T4235
1277,T4236
1278,T4245
1279,T4246
1280,T4247
1281,T4248
1282,T4249
1283,T4250
1284,T4251
1285,T4252
1286,T4253
1287,T4254
1288,T4255
1289,T4256
1290,T4257
1291,T4258
1292,T4259
1293,T4260
1294,T4261
1295,T4263
1296,T4264
1297,T4265
1298,T4266
1299,T4267
1300,T4268
1301,T4269
1302,T4270
1303,T4271
1304,T4273
1305,T4274
1306,T4275
1307,T4276
1308,T4277
1309,T4278
1310,T4279
1311,T4280
1312,T4281
1313,T4283
1314,T4284
1315,T4285
1316,T4286
1317,T4287
1318,T4288
1319,T4289
1320,T4290
1321,T4291
1322,T4293
1323,T4295
1324,T4296
1325,T4297
1326,T4300
1327,T4301
1328,T4302
1329,T4303
1330,T4304
1331,T4305
1332,T4306
1333,T4307
1334,T4308
1335,T4309
1336,T4310
1337,T4311
1338,T4312
1339,T4313
1340,T4315
1341,T4316
1342,T4319
1343,T4320
1344,T4321
1345,T4323
1346,T4324
1347,T4325
1348,T4326
1349,T4327
1350,T4328
1351,T4329
1352,T4330
1353,T4332
1354,T4333
1355,T4335
1356,T4336
1357,T4337
1358,T4338
1359,T4339
1360,T4340
1361,T4342
1362,T4343
1363,T4344
1364,T4345
1365,T4346
1366,T4347
1367,T4349
1368,T4350
1369,T4351
1370,T4352
1371,T4353
1372,T4354
1373,T4355
1374,T4358
1375,T4359
1376,T4360
1377,T4361
1378,T4362
1379,T4363
1380,T4364
1381,T4365
1382,T4367
1383,T4369
1384,T4370
1385,T4371
1386,T4373
1387,T4376
1388,T4377
1389,T4378
1390,T4379
1391,T4380
1392,T4381
1393,T4382
1394,T4383
1395,T4385
1396,T4387
1397,T4388
1398,T4389
1399,T4390
1400,T2209
1401,T2210
1402,T2211
1403,T2212
1404,T2213
1405,T2215
1406,T2216
1407,T2217
1408,T2218
1409,T2219
1410,T2220
1411,T2221
1412,T2222
1413,T2223
1414,T2225
1415,T2226
1416,T2227
1417,T2228
1418,T2229
1419,T2230
1420,T2231
1421,T2232
1422,T2233
1423,T2234
1424,T2235
1425,T2236
1426,T2237
1427,T2238
1428,T2239
1429,T2239L
1430,T2240
1431,T2241
1432,T2242
1433,T2243
1434,T2244
1435,T2245
1436,T2246
1437,T2247
1438,T2248
1439,T2249
1440,T2250
1441,T2251
1442,T2252
1443,T2253
1444,T2254
1445,T2255
1446,T2256
1447,T2257
1448,T2258
1449,T2259
1450,T2260
1451,T2261
1452,T2262
1453,T2263
1454,T2264
1455,T2265
1456,T2266
1457,T2267
1458,T2269
1459,T2270
1460,T2271
1461,T2272
1462,T2273
1463,T2275
1464,T2276
1465,T2277
1466,T2278
1467,T2279
1468,T2280
1469,T2281
1470,T2282
1471,T2283
1472,T2285
1473,T2286
1474,T2287
1475,T2288
1476,T2288L
1477,T2290
1478,T2291
1479,T2292
1480,T2293
1481,T2294
1482,T2295
1483,T2296
1484,T2297
1485,T2298
1486,T2299
1487,T2300
1488,T2301
1489,T2302
1490,T2303
1491,T2304
1492,T2305
1493,T2306
1494,T2307
1495,T2308
1496,T2309
1497,T2310
1498,T2311
1499,T2312
1500,T2313
1501,T2314
1502,T2315
1503,T2316
1504,T2317
1505,T2318
1506,T2319
1507,T2320
1508,T2321
1509,T2322
1510,T2323
1511,T2324
1512,T2325
1513,T2326
1514,T2327
1515,T2328
1516,T2329
1517,T2330
1518,T2331
1519,T2332
1520,T2333
1521,T2334
1522,T2335
1523,T2337
1524,T2338
1525,T2339
1526,T2340
1527,T2341
1528,T2342
1529,T2343
1530,T2345
1531,T2346
1532,T2347
1533,T2348
1534,T2349
1535,T2350
1536,T2351
1537,T2352
1538,T2353
1539,T2354
1540,T2355
1541,T2356
1542,T2357
1543,T2358
1544,T2359
1545,T2360
1546,T2361
1547,T2362
1548,T2363
1549,T2364
1550,T2365
1551,T2366
1552,T2367
1553,T2368
1554,T2368L
1555,T2369
1556,T2370
1557,T2371
1558,T2372
1559,T2373
1560,T2374
1561,T2375
1562,T2376
1563,T2377
1564,T2379
1565,T2380
1566,T2381
1567,T2383
1568,T2384
1569,T2385
1570,T2386
1571,T2387
1572,T2389
1573,T2390
1574,T2391
1575,T2392
1576,T2393
1577,T2394
1578,T2395
1579,T2395L
1580,T2396
1581,T2397
1582,T2398
1583,T2399
1584,T2400
1585,T2401
1586,T2402
1587,T2403
1588,T2405
1589,T2406
1590,T2407
1591,T2408
1592,T2409
1593,T2409L
1594,T2411
1595,T2412
1596,T2413
1597,T2414
1598,T2415
1599,T2416
1600,T3094
1601,T3095
1602,T3096
1603,T3097
1604,T3098
1605,T3099
1606,T3100
1607,T3101
1608,T3102
1609,T3103
1610,T3104
1611,T3105
1612,T3106
1613,T3107
1614,T3108
1615,T3109
1616,T3110
1617,T3111
1618,T3112
1619,T3113
1620,T3115
1621,T3116
1622,T3117
1623,T3118
1624,T3119
1625,T3120
1626,T3121
1627,T3122
1628,T3124
1629,T3126
1630,T3127
1631,T3132
1632,T3133
1633,T3134
1634,T3135
1635,T3141
1636,T3144
1637,T3145
1638,T3146
1639,T3147
1640,T3148
1641,T3149
1642,T3150
1643,T3151
1644,T3152
1645,T3153
1646,T3154
1647,T3155
1648,T3156
1649,T3157
1650,T3158
1651,T3159
1652,T3160
1653,T3162
1654,T3163
1655,T3166
1656,T3167
1657,T3168
1658,T3169
1659,T3170
1660,T3171
1661,T3172
1662,T3173
1663,T3174
1664,T3175
1665,T3176
1666,T3177
1667,T3178
1668,T3179
1669,T3180
1670,T3181
1671,T3182
1672,T3183
1673,T3184
1674,T3185
1675,T3186
1676,T3187
1677,T3188
1678,T3189
1679,T3190
1680,T3192
1681,T3193
1682,T3194
1683,T3195
1684,T3196
1685,T3197
1686,T3199
1687,T3200
1688,T3201
1689,T3202
1690,T3203
1691,T3204
1692,T3205
1693,T3206
1694,T3207
1695,T3208
1696,T3209
1697,T3210
1698,T3211
1699,T3214
1700,T3215
1701,T3216
1702,T3217
1703,T3218
1704,T3219
1705,T3220
1706,T3221
1707,T3222
1708,T3223
1709,T3224
1710,T3225
1711,T3227
1712,T3228
1713,T3230
1714,T3231
1715,T3232
1716,T3233
1717,T3234
1718,T3235
1719,T3236
1720,T3237
1721,T3238
1722,T3239
1723,T3240
1724,T3243
1725,T3244
1726,T3245
1727,T3246
1728,T3248
1729,T3250
1730,T3251
1731,T3254
1732,T3257
1733,T3258
1734,T3259
1735,T3260
1736,T3261
1737,T3262
1738,T3263
1739,T3265
1740,T3266
1741,T3267
1742,T3268
1743,T3269
1744,T3270
1745,T3271
1746,T3273
1747,T3274
1748,T3275
1749,T3276
1750,T3277
1751,T3278
1752,T3280
1753,T3281
1754,T3282
1755,T3284
1756,T3285
1757,T3286
1758,T3287
1759,T3288
1760,T3289
1761,T3290
1762,T3293
1763,T3306
1764,T3311
1765,T3312
1766,T3313
1767,T3314
1768,T3315
1769,T3316
1770,T3317
1771,T3318
1772,T3319
1773,T3320
1774,T3321
1775,T3323
1776,T3324
1777,T3325
1778,T3327
1779,T3328
1780,T3329
1781,T3330
1782,T3331
1783,T3332
1784,T3333
1785,T3334
1786,T3335
1787,T3336
1788,T3337
1789,T3338
1790,T3339
1791,T3341
1792,T3342
1793,T3343
1794,T3344
1795,T3346
1796,T3347
1797,T3348
1798,T3349
1799,T3350
1800,T1994
1801,T1995
1802,T1996
1803,T1997
1804,T1998
1805,T1999
1806,T2000
1807,T2001
1808,T2002
1809,T2003
1810,T2004
1811,T2005
1812,T2006
1813,T2007
1814,T2008
1815,T2009
1816,T2010
1817,T2011
1818,T2012
1819,T2013
1820,T2014
1821,T2015
1822,T2016
1823,T2017
1824,T2018
1825,T2019
1826,T2020
1827,T2021
1828,T2022
1829,T2023
1830,T2024
1831,T2025
1832,T2026
1833,T2027
1834,T2028
1835,T2029
1836,T2030
1837,T2031
1838,T2032
1839,T2033
1840,T2034
1841,T2035
1842,T2036
1843,T2037
1844,T2038
1845,T2039
1846,T2040
1847,T2041
1848,T2042
1849,T2043
1850,T2044
1851,T2045
1852,T2046
1853,T2047
1854,T2048
1855,T2049
1856,T2050
1857,T2051
1858,T2052
1859,T2053
1860,T2054
1861,T2055
1862,T2056
1863,T2057
1864,T2058
1865,T2059
1866,T2060
1867,T2061
1868,T2062
1869,T2063
1870,T2064
1871,T2065
1872,T2066
1873,T2067
1874,T2069
1875,T2070
1876,T2071
1877,T2072
1878,T2073
1879,T2074
1880,T2075
1881,T2076
1882,T2077
1883,T2078
1884,T2079
1885,T2080
1886,T2081
1887,T2083
1888,T2084
1889,T2085
1890,T2086
1891,T2087
1892,T2088
1893,T2089
1894,T2090
1895,T2091
1896,T2093
1897,T2094
1898,T2095
1899,T2097
1900,T2098
1901,T2099
1902,T2100
1903,T2101
1904,T2102
1905,T2103
1906,T2104
1907,T2105
1908,T2106
1909,T2108
1910,T2109
1911,T2110
1912,T2111
1913,T2112
1914,T2113
1915,T2114
1916,T2115
1917,T2116
1918,T2117
1919,T2118
1920,T2119
1921,T2120
1922,T2121
1923,T2122
1924,T2123
1925,T2124
1926,T2125
1927,T2127
1928,T2128
1929,T2129
1930,T2130
1931,T2131
1932,T2132
1933,T2133
1934,T2134
1935,T2136
1936,T2137
1937,T2138
1938,T2140
1939,T2141
1940,T2142
1941,T2143
1942,T2144
1943,T2145
1944,T2146
1945,T2148
1946,T2149
1947,T2150
1948,T2151
1949,T2152
1950,T2153
1951,T2154
1952,T2155
1953,T2156
1954,T2157
1955,T2158
1956,T2159
1957,T2160
1958,T2161
1959,T2162
1960,T2163
1961,T2164
1962,T2166
1963,T2167
1964,T2168
1965,T2169
1966,T2170
1967,T2171
1968,T2172
1969,T2174
1970,T2175
1971,T2176
1972,T2177
1973,T2178
1974,T2179
1975,T2180
1976,T2183
1977,T2184
1978,T2184L
1979,T2185
1980,T2186
1981,T2187
1982,T2188
1983,T2190
1984,T2192
1985,T2193
1986,T2194
1987,T2196
1988,T2197
1989,T2198
1990,T2199
1991,T2200
1992,T2201
1993,T2202
1994,T2203
1995,T2204
1996,T2205
1997,T2206
1998,T2207
1999,T2208
2000,TCS1856
2001,TCS1857
2002,TCS2070
2003,TCS2170
2004,THS1455
2005,TJO2691
2006,TJO2729
2007,TJO2742
2008,TJO2758
2009,TJO2795
2010,TJP2872
2011,TJP2891
2012,TJS0123
2013,TJS0311
2014,TJS0312
2015,TJS0314
2016,TJS0315
2017,TJS0318
2018,TJS0328
2019,TJS0338
2020,TJS0339
2021,TJS0341
2022,TJS0368
2023,TJS0387
2024,TJS0405
2025,TJS0856
2026,TJS0928
2027,TJS1159
2028,TJS1183
2029,TJS2190
2030,TMA2394
2031,TMA2440
2032,TMM2618
2033,TMO2681
2034,TMO2685
2035,TMO2713
2036,TMO2752
2037,TMO2790
2038,TMS0484
2039,TMS0719
2040,TMS1830
2041,TMS2179
2042,TMS2181
2043,TMS2182
2044,TMS2262
2045,TWA2417
2046,TWO2724
2047,TWO2759
2048,TWO2771
2049,TWP2911
2050,TWS0704
2051,TWS0902
2052,TWS1229
2053,TWS1293
2054,TWS1563
2055,TWS2045
2056,T2742
2057,T3672
2058,T3865
2059,T3879
2060,T3905
2061,T3926
2062,T3927
2063,T3929
2064,T4070
2065,T4086
2066,T4096
2067,T4103
2068,T4107
2069,T4120
2070,T4233
2071,T4238
2072,T4239
2073,T4241
2074,T4244
2075,T4272
2076,T4292
2077,T4374
2078,T4386
2079,T4439
2080,T4454
2081,T4468
2082,T4473
2083,T4474
2084,T4477
2085,T4478
2086,T4481
2087,T4482
2088,T4485
2089,T4488
2090,T4489
2091,T4490
2092,T4492
2093,T4493
2094,T4496
2095,T4497
2096,T4498
2097,T4499
2098,T4501
2099,T4503
2100,T4504
2101,T4506
2102,T4507
2103,T4509
2104,T4517
2105,T4518
2106,T4521
2107,T4522
2108,T4523
2109,T4524
2110,T4525
2111,T4526
2112,T4527
2113,T4528
2114,T4530
2115,T4531
2116,T4532
2117,T4534
2118,T4535
2119,T4536
2120,T4538
2121,T4542
2122,T4544
2123,T4545
2124,T4547
2125,T4550
2126,T4551
2127,T4552
2128,T4553
2129,T4557
2130,T4561
2131,T4564
2132,T4565
2133,T4566
2134,T4567
2135,T4570
2136,T4571
2137,T4575
2138,T4576
2139,T4583
2140,T6102
2141,T6263
2142,T7024
2143,T7028
2144,T7029
2145,T7031
2146,T7032
2147,T7033
2148,T7034
2149,T7041
2150,T7042
2151,T7043
2152,T7044
2153,T7047
2154,T7048
2155,T7049
2156,T7050
2157,T7051
2158,T7052
2159,T7053
2160,T7054
2161,T7055
2162,T7056
2163,T7064
2164,T7074
2165,T7075
2166,T7079
2167,T7080
2168,T7081
2169,T7082
2170,T7083
2171,T7086
2172,T7087
2173,T7088
2174,T7089
2175,T7090
2176,T7501
2177,TL0001
2178,TL0002
2179,TL0003
2180,TL0005
2181,TL0006
2182,TL0007
2183,TL0008
2184,TL0010
2185,T4039
2186,T4109
2187,T7502
2188,T2S0265
2189,T3S0218
2190,T4587
2191,T4589
2192,T4594
2193,T2S2043
2194,T4584
2195,T5S1408
2196,T4562
2197,T4600
2198,T4598
2199,T1336
2200,T1337
2201,T1338
2202,T1339
2203,T1340
2204,T1341
2205,T1342
2206,T1343
2207,T1343L
2208,T1344
2209,T1345
2210,T1346
2211,T1347
2212,T1348
2213,T1349
2214,T1350
2215,T1351
2216,T1352
2217,T1353
2218,T1354
2219,T1355
2220,T1356
2221,T1357
2222,T1358
2223,T1359
2224,T1360
2225,T1361
2226,T1362
2227,T1363
2228,T1364
2229,T1365
2230,T1366
2231,T1368
2232,T1369
2233,T1371
2234,T1373
2235,T1374
2236,T1376
2237,T1378
2238,T1379
2239,T1380
2240,T1381
2241,T1382
2242,T1385
2243,T1386
2244,T1387
2245,T1388
2246,T1389
2247,T1390
2248,T1391
2249,T1392
2250,T1393
2251,T1394
2252,T1395
2253,T1396
2254,T1398
2255,T1399
2256,T1400
2257,T1401
2258,T1402
2259,T1403
2260,T1404
2261,T1405
2262,T1406
2263,T1408
2264,T1409
2265,T1410
2266,T1411
2267,T1412
2268,T1413
2269,T1414
2270,T1415
2271,T1416
2272,T1418
2273,T1419
2274,T1420
2275,T1421
2276,T1422
2277,T1423
2278,T1424
2279,T1425
2280,T1426
2281,T1428
2282,T1429
2283,T1430
2284,T1431
2285,T1432
2286,T1433
2287,T1434
2288,T1435
2289,T1436
2290,T1437
2291,T1438
2292,T1439
2293,T1440
2294,T1442
2295,T1443
2296,T1445
2297,T1446
2298,T1447
2299,T1448
2300,T1448L
2301,T1451
2302,T1452
2303,T1453
2304,T1454
2305,T1455
2306,T1456
2307,T1457
2308,T1458
2309,T1459
2310,T1460
2311,T1461
2312,T1462
2313,T1463
2314,T1464
2315,T1465
2316,T1466
2317,T1467
2318,T1468
2319,T1469
2320,T1471
2321,T1472
2322,T1473
2323,T1474
2324,T1475
2325,T1476
2326,T1477
2327,T1479
2328,T1480
2329,T1481
2330,T1482
2331,T1483
2332,T1484
2333,T1484L
2334,T1485
2335,T1486
2336,T1487
2337,T1488
2338,T1489
2339,T1490
2340,T1491
2341,T1492
2342,T1493
2343,T1494
2344,T1495
2345,T1496
2346,T1497
2347,T1498
2348,T1499
2349,T1501
2350,T1502
2351,T1504
2352,T1506
2353,T1508
2354,T1510
2355,T1511
2356,T1512
2357,T1513
2358,T1514
2359,T1515
2360,T1516
2361,T1518
2362,T1519
2363,T1519L
2364,T1520
2365,T1521
2366,T1522
2367,T1523
2368,T1524
2369,T1525
2370,T1526
2371,T1527
2372,T1528
2373,T1529
2374,T1530
2375,T1531
2376,T1532
2377,T1533
2378,T1534
2379,T1535
2380,T1536
2381,T1537
2382,T1539
2383,T1540
2384,T1541
2385,T1542
2386,T1543
2387,T1544
2388,T1545
2389,T1546
2390,T1547
2391,T1548
2392,T1549
2393,T1550
2394,T1551
2395,T1552
2396,T1553
2397,T1554
2398,T1555
2399,T6401
2400,T6402
2401,T6403
2402,T6405
2403,T6406
2404,T6407
2405,T6408
2406,T6410
2407,T6411
2408,T6413
2409,T6414
2410,T6417
2411,T6418
2412,T6419
2413,T6420
2414,T6421
2415,T6422
2416,T6423
2417,T6425
2418,T6426
2419,T6427
2420,T6428
2421,T6429
2422,T6430
2423,T6432
2424,T6433
2425,T6434
2426,T6435
2427,T6436
2428,T6437
2429,T6438
2430,T6439
2431,T6440
2432,T6441
2433,T6443
2434,T6445
2435,T6446
2436,T6447
2437,T6448
2438,T6450
2439,T6452
2440,T6453
2441,T6454
2442,T6455
2443,T6456
2444,T6457
2445,T6458
2446,T6459
2447,T6460
2448,T6462
2449,T6463
2450,T6464
2451,T6465
2452,T6466
2453,T6467
2454,T6468
2455,T6469
2456,T6470
2457,T6472
2458,T6473
2459,T6474
2460,T6475
2461,T6476
2462,T6478
2463,T6479
2464,T6480
2465,T6481
2466,T6482
2467,T6483
2468,T6484
2469,T6485
2470,T6486
2471,T6487
2472,T6488
2473,T6490
2474,T6491
2475,T6492
2476,T6493
2477,T6495
2478,T6496
2479,T6497
2480,T6499
2481,T6500
2482,T6501
2483,T6502
2484,T6503
2485,T6504
2486,T6505
2487,T6506
2488,T6507
2489,T6509
2490,T6510
2491,T6511
2492,T6512
2493,T6513
2494,T6514
2495,T6517
2496,T6518
2497,T6519
2498,T6521
2499,T6522
2500,T6523
2501,T6524
2502,T6525
2503,T6527
2504,T6528
2505,T6530
2506,T6532
2507,T6533
2508,T6534
2509,T6536
2510,T6537
2511,T6539
2512,T6540
2513,T6541
2514,T6542
2515,T6543
2516,T6545
2517,T6546
2518,T6547
2519,T6548
2520,T6549
2521,T6550
2522,T6551
2523,T6552
2524,T6553
2525,T6554
2526,T6555
2527,T6556
2528,T6557
2529,T6558
2530,T6559
2531,T6560
2532,T6561
2533,T6562
2534,T6563
2535,T6564
2536,T6565
2537,T6566
2538,T6567
2539,T6569
2540,T6570
2541,T6571
2542,T6573
2543,T6574
2544,T6575
2545,T6576
2546,T6577
2547,T6578
2548,T6579
2549,T6580
2550,T6581
2551,T6582
2552,T6584
2553,T6586
2554,T6587
2555,T6588
2556,T6591
2557,T6592
2558,T6593
2559,T6595
2560,T6597
2561,T6598
2562,T6599
2563,T6600
2564,T6601
2565,T6602
2566,T6603
2567,T6604
2568,T6605
2569,T6606
2570,T6607
2571,T6608
2572,T6609
2573,T6610
2574,T6612
2575,T6614
2576,T6615
2577,T6616
2578,T6617
2579,T6618
2580,T6619
2581,T6620
2582,T6622
2583,T6623
2584,T6624
2585,T6625
2586,T6626
2587,T6629
2588,T6631
2589,T6632
2590,T6633
2591,T6634
2592,T6636
2593,T6637
2594,T6638
2595,T6639
2596,T6640
2597,T6641
2598,T6642
2599,T0663
2600,T0664
2601,T0665
2602,T0666
2603,T0667
2604,T0668
2605,T0669
2606,T0670
2607,T0671
2608,T0672
2609,T0674
2610,T0675
2611,T0676
2612,T0677
2613,T0678
2614,T0680
2615,T0681
2616,T0682
2617,T0683
2618,T0684
2619,T0685
2620,T0686
2621,T0687
2622,T0688
2623,T0689
2624,T0690
2625,T0691
2626,T0692
2627,T0693
2628,T0694
2629,T0695
2630,T0696
2631,T0697
2632,T0698
2633,T0699
2634,T0700
2635,T0701
2636,T0702
2637,T0703
2638,T0704
2639,T0705
2640,T0706
2641,T0708
2642,T0709
2643,T0710
2644,T0711
2645,T0712
2646,T0713
2647,T0714
2648,T0715
2649,T0716
2650,T0717
2651,T0717L
2652,T0718
2653,T0719
2654,T0720
2655,T0721
2656,T0722
2657,T0723
2658,T0724
2659,T0725
2660,T0726
2661,T0727
2662,T0728
2663,T0729
2664,T0730
2665,T0731
2666,T0732
2667,T0734
2668,T0737
2669,T0738
2670,T0739
2671,T0740
2672,T0741
2673,T0743
2674,T0746
2675,T0747
2676,T0748
2677,T0749
2678,T0750
2679,T0751
2680,T0752
2681,T0753
2682,T0754
2683,T0755
2684,T0756
2685,T0757
2686,T0758
2687,T0759
2688,T0762
2689,T0763
2690,T0765
2691,T0766
2692,T0767
2693,T0768
2694,T0769
2695,T0770
2696,T0772
2697,T0773
2698,T0775
2699,T0776
2700,T0777
2701,T0778
2702,T0780
2703,T0781
2704,T0782
2705,T0783
2706,T0784
2707,T0785
2708,T0786
2709,T0787
2710,T0788
2711,T0788L
2712,T0789
2713,T0790
2714,T0791
2715,T0792
2716,T0793
2717,T0794
2718,T0795
2719,T0796
2720,T0797
2721,T0798
2722,T0799
2723,T0800
2724,T0803
2725,T0805
2726,T0806
2727,T0807
2728,T0808
2729,T0809
2730,T0810
2731,T0811
2732,T0812
2733,T0813
2734,T0814
2735,T0814L
2736,T0816
2737,T0818
2738,T0819
2739,T0820
2740,T0821
2741,T0823
2742,T0825
2743,T0826
2744,T0827
2745,T0828
2746,T0829
2747,T0830
2748,T0832
2749,T0833
2750,T0834
2751,T0835
2752,T0836
2753,T0837
2754,T0838
2755,T0839
2756,T0839L
2757,T0840
2758,T0841
2759,T0843
2760,T0844
2761,T0845
2762,T0846
2763,T0847
2764,T0849
2765,T0851
2766,T0852
2767,T0853
2768,T0853L
2769,T0855
2770,T0856
2771,T0856L
2772,T0857
2773,T0858
2774,T0859
2775,T0860
2776,T0861
2777,T0862
2778,T0863
2779,T0864
2780,T0865
2781,T0866
2782,T0867
2783,T0868
2784,T0869
2785,T0870
2786,T0871
2787,T0872
2788,T0872L
2789,T0873
2790,T0874
2791,T0876
2792,T0877
2793,T0878
2794,T0879
2795,T0880
2796,T0881
2797,T0882
2798,T0883
2799,T4391
2800,T4394
2801,T4397
2802,T4398
2803,T4399
2804,T4400
2805,T4403
2806,T4406
2807,T4407
2808,T4408
2809,T4410
2810,T4412
2811,T4414
2812,T4418
2813,T4419
2814,T4420
2815,T4422
2816,T4423
2817,T4424
2818,T4425
2819,T4426
2820,T4427
2821,T4428
2822,T4429
2823,T4431
2824,T4433
2825,T4434
2826,T4435
2827,T4436
2828,T4438
2829,T4440
2830,T4441
2831,T4442
2832,T4444
2833,T4445
2834,T4446
2835,T4447
2836,T4449
2837,T4450
2838,T4451
2839,T4453
2840,T4455
2841,T4456
2842,T4457
2843,T4458
2844,T4459
2845,T4460
2846,T4462
2847,T4463
2848,T4464
2849,T4466
2850,T4467
2851,T4470
2852,T4500
2853,T4505
2854,T4508
2855,T4511
2856,T4512
2857,T4513
2858,T4514
2859,T4529
2860,T4540
2861,T4554
2862,T6001
2863,T6002
2864,T6003
2865,T6004
2866,T6005
2867,T6007
2868,T6008
2869,T6010
2870,T6011
2871,T6013
2872,T6014
2873,T6015
2874,T6016
2875,T6017
2876,T6019
2877,T6020
2878,T6021
2879,T6022
2880,T6023
2881,T6024
2882,T6025
2883,T6027
2884,T6028
2885,T6029
2886,T6030
2887,T6031
2888,T6032
2889,T6033
2890,T6034
2891,T6035
2892,T6036
2893,T6037
2894,T6039
2895,T6040
2896,T6041
2897,T6043
2898,T6044
2899,T6045
2900,T6047
2901,T6048
2902,T6049
2903,T6050
2904,T6052
2905,T6053
2906,T6054
2907,T6055
2908,T6056
2909,T6057
2910,T6058
2911,T6059
2912,T6061
2913,T6062
2914,T6063
2915,T6064
2916,T6065
2917,T6066
2918,T6067
2919,T6068
2920,T6069
2921,T6072
2922,T6073
2923,T6074
2924,T6075
2925,T6076
2926,T6077
2927,T6078
2928,T6080
2929,T6081
2930,T6082
2931,T6083
2932,T6084
2933,T6085
2934,T6086
2935,T6087
2936,T6088
2937,T6089
2938,T6090
2939,T6091
2940,T6092
2941,T6093
2942,T6094
2943,T6095
2944,T6096
2945,T6097
2946,T6098
2947,T6099
2948,T6100
2949,T6101
2950,T6103
2951,T6104
2952,T6106
2953,T6107
2954,T6108
2955,T6109
2956,T6110
2957,T6111
2958,T6115
2959,T6117
2960,T6118
2961,T6119
2962,T6120
2963,T6121
2964,T6123
2965,T6124
2966,T6125
2967,T6126
2968,T6128
2969,T6129
2970,T6130
2971,T6131
2972,T6133
2973,T6134
2974,T6135
2975,T6136
2976,T6137
2977,T6138
2978,T6139
2979,T6140
2980,T6141
2981,T6143
2982,T6146
2983,T6148
2984,T6149
2985,T6150
2986,T6151
2987,T6152
2988,T6153
2989,T6154
2990,T6156
2991,T6157
2992,T6158
2993,T6160
2994,T6161
2995,T6162
2996,T6163
2997,T6165
2998,T6166
2999,T5917
3000,T5980
3001,T7096
3002,T5913
3003,T6981
3004,T5753
3005,T5981
3006,T5860
3007,T5962
3008,T5955
3009,T5954
3010,T7103
3011,T7130
3012,T5914
3013,T5889
3014,T6985
3015,T7095
3016,T5843
3017,T7099
3018,T7126
3019,T5847
3020,T5874
3021,T5982
3022,T5940
3023,T5968
3024,T5805
3025,T7107
3026,T7116
3027,T5915
3028,T5983
3029,T7104
3030,T5916
3031,T5984
3032,T5985
3033,T5881
3034,T5988
3035,T5966
3036,T5875
3037,T5941
3038,T7098
3039,T7106
3040,T5986
3041,T7123
3042,T5890
3043,T5853
3044,T7131
3045,T7118
3046,T5969
3047,T5862
3048,T7193
3049,T7298
3050,T7195
3051,T7121
3052,T7197
3053,T7135
3054,T7147
3055,T7166
3056,T5607
3057,T7217
3058,T7198
3059,T7200
3060,T7280
3061,T7204
3062,T7145
3063,T7216
3064,T7174
3065,T7165
3066,T7207
3067,T7205
3068,T7222
3069,T7300
3070,T7183
3071,T7199
3072,T7214
3073,T7150
3074,T7158
3075,T7163
3076,T7196
3077,T5849
3078,T7177
3079,T7282
3080,T7182
3081,T7218
3082,T7146
3083,T7184
3084,T5996
3085,T7210
3086,T7209
3087,T7212
3088,T7188
3089,T7144
3090,T7220
3091,T7156
3092,T7296
3093,T7157
3094,T7223
3095,T7148
3096,T7137
3097,T7155
3098,T5782
3099,T7299
3100,T7309
3101,T7301
3102,T7152
3103,T7277
3104,T7297
3105,T7305
3106,T7319
3107,T7326
3108,T7215
3109,T7167
3110,T7265
3111,T7317
3112,T7302
3113,T7261
3114,T7295
3115,T7122
3116,T7263
3117,T7262
3118,T7138
3119,T6944
3120,T7304
3121,T7180
3122,T7294
3123,T7276
3124,T7160
3125,T7094
3126,T7143
3127,T7127
3128,T7154
3129,T7203
3130,T7102
3131,T7129
3132,T7324
3133,T7119
3134,T7202
3135,T7191
3136,T7114
3137,T7187
3138,T7234
3139,T7219
3140,T7189
3141,T7213
3142,T7211
3143,T7173
3144,T7142
3145,T7091
3146,T7192
3147,T7201
3148,T7281
3149,T7164
3150,T7153
3151,T7117
3152,T7159
3153,T7225
3154,T7320
3155,T7149
3156,T5826
3157,T5994
3158,T7176
3159,T7186
3160,T7181
3161,T7185
3162,T7292
3163,T5S1094
3164,T7136
3165,T7264
3166,T7284
3167,T7178
3168,T7311
3169,T7389
3170,T7385
3171,T7343
3172,T7316
3173,T7323
3174,T7362
3175,T7349
3176,T7322
3177,T7358
3178,T7378
3179,T7346
3180,T7376
3181,T7315
3182,T7388
3183,T4404
3184,T7379
3185,T7342
3186,T7427
3187,T7327
3188,T7307
3189,TMA1603
3190,T7398
3191,T7321
3192,T3295
3193,T7370
3194,T7293
3195,T7351
3196,T7397
3197,T7381
3198,T5S2102
3199,T5S2139
3200,T4599
3201,T4574
3202,T4615
3203,T4596
3204,T5S2306
3205,T5S2309
3206,T4648
3207,T4S0675
3208,T4645
3209,T4646
3210,T6S1843
3211,T5S0506
3212,T4602
3213,T4573
3214,T4647
3215,T4580
3216,T4616
3217,T4572
3218,T4546
3219,T4558
3220,T5S1679
3221,T4569
3222,T4593
3223,T4590
3224,T4614
3225,T4586
3226,T4693
3227,T6S0920
3228,T4581
3229,T4579
3230,T5S0788
3231,T4591
3232,T4592
3233,T4603
3234,T5S0733
3235,T4588
3236,T4607
3237,T4608
3238,T3S0165
3239,T4601
3240,T2S0410
3241,T4609
3242,T4611
3243,T4539
3244,T4604
3245,T4548
3246,T4577
3247,T5S1590
3248,T4618
3249,T3992
3250,T4597
3251,T4582
3252,T4563
3253,T4476
3254,T4613
3255,T4443
3256,T4651
3257,T4643
3258,T4658
3259,T4639
3260,T4635
3261,T4638
3262,T4627
3263,T4610
3264,T4656
3265,T4664
3266,T4641
3267,T4640
3268,T4663
3269,T4634
3270,T4657
3271,T4632
3272,T4637
3273,T4659
3274,T4341
3275,T4654
3276,T4661
3277,T4662
3278,T4650
3279,T4559
3280,T4642
3281,T3530
3282,T4665
3283,T4630
3284,T4660
3285,T4644
3286,T4631
3287,T7027
3288,T4628
3289,T4595
3290,T4141
3291,T5S0281
3292,T4669
3293,T6S0743
3294,T4S1848
3295,T4668
3296,T4678
3297,T3S1628
3298,T4S1999
3299,T4612
3300,T4679
3301,T4684
3302,T3767
3303,T4S0227
3304,T4683
3305,T4S0800
3306,T4670
3307,T4S2128
3308,T5S1632
3309,T4674
3310,T5S1923
3311,T3S1641
3312,T4S0998
3313,T4681
3314,T5S2228
3315,T2S0257
3316,T6S1587
3317,T4680
3318,T4624
3319,T5S0777
3320,T4691
3321,T4687
3322,T4695
3323,T5S2129
3324,T2A2481
3325,T3S1534
3326,T4486
3327,T4S0792
3328,T4686
3329,T6S2384
3330,T4688
3331,T4692
3332,T4696
3333,T4694
3334,T0406
3335,T0602
3336,T0815L
3337,T0998
3338,T1047
3339,T1194
3340,T1318
3341,T1714
3342,T2903
3343,T3741
3344,T6960
3345,T4736
3346,T4697
3347,T4783
3348,T4965
3349,T3A2467
3350,T6S0141
3351,T4619
3352,T4704
3353,T4778
3354,T4907
3355,T4731
3356,T4720
3357,T4851
3358,T4759
3359,T4881
3360,T4773
3361,T4913
3362,T4795
3363,T4721
3364,T3947
3365,T4909
3366,T4794
3367,T4797
3368,T4798
3369,T4799
3370,T4746
3371,T4801
3372,T3946
3373,T4804
3374,T4805
3375,T4763
3376,T4784
3377,T4710
3378,T4882
3379,T4764
3380,T4806
3381,T4770
3382,T4885
3383,T4708
3384,T4714
3385,T4703
3386,T4781
3387,T4904
3388,T4717
3389,T4752
3390,T4711
3391,T4808
3392,T4807
3393,T4751
3394,T4712
3395,T4706
3396,T4743
3397,T4842
3398,T4809
3399,T2417
3400,T2418
3401,T2419
3402,T2420
3403,T2421
3404,T2422
3405,T2423
3406,T2424
3407,T2425
3408,T2427
3409,T2428
3410,T2429
3411,T2430
3412,T2431
3413,T2432
3414,T2433
3415,T2435
3416,T2436
3417,T2437
3418,T2438
3419,T2439
3420,T2440
3421,T2441
3422,T2442
3423,T2443
3424,T2444
3425,T2445
3426,T2446
3427,T2447
3428,T2449
3429,T2450
3430,T2451
3431,T2452
3432,T2453
3433,T2454
3434,T2455
3435,T2456
3436,T2457
3437,T2458
3438,T2459
3439,T2462
3440,T2463
3441,T2464
3442,T2465
3443,T2466
3444,T2467
3445,T2468
3446,T2469
3447,T2471
3448,T2472
3449,T2473
3450,T2475
3451,T2476
3452,T2477
3453,T2479
3454,T2480
3455,T2481
3456,T2482
3457,T2483
3458,T2484
3459,T2485
3460,T2486
3461,T2487
3462,T2488
3463,T2489
3464,T2490
3465,T2491
3466,T2492
3467,T2493
3468,T2494
3469,T2495
3470,T2496
3471,T2497
3472,T2498
3473,T2499
3474,T2500
3475,T2501
3476,T2502
3477,T2503
3478,T2504
3479,T2506
3480,T2507
3481,T2508
3482,T2509
3483,T2510
3484,T2511
3485,T2512
3486,T2513
3487,T2514
3488,T2515
3489,T2516
3490,T2517
3491,T2518
3492,T2520
3493,T2522
3494,T2523
3495,T2524
3496,T2525
3497,T2526
3498,T2527
3499,T2528
3500,T2529
3501,T2530
3502,T2531
3503,T2532
3504,T2533
3505,T2534
3506,T2535
3507,T2537
3508,T2538
3509,T2539
3510,T2542
3511,T2543
3512,T2544
3513,T2545
3514,T2546
3515,T2547
3516,T2548
3517,T2549
3518,T2550
3519,T2551
3520,T2552
3521,T2553
3522,T2554
3523,T2555
3524,T2558
3525,T2559
3526,T2561
3527,T2562
3528,T2563
3529,T2565
3530,T2567
3531,T2569
3532,T2570
3533,T2571
3534,T2574
3535,T2575
3536,T2576
3537,T2577
3538,T2578
3539,T2583
3540,T2585
3541,T2586
3542,T2587
3543,T2588
3544,T2590
3545,T2591
3546,T2592
3547,T2593
3548,T2594
3549,T2595
3550,T2596
3551,T2598
3552,T2599
3553,T2600
3554,T2601
3555,T2602
3556,T2603
3557,T2604
3558,T2605
3559,T2606
3560,T2607
3561,T2608
3562,T2609
3563,T2611
3564,T2612
3565,T2613
3566,T2614
3567,T2615
3568,T2616
3569,T2617
3570,T2618
3571,T2619
3572,T2620
3573,T2621
3574,T2622
3575,T2623
3576,T2624
3577,T2625
3578,T2626
3579,T2627
3580,T2628
3581,T2629
3582,T2630
3583,T2631
3584,T2632
3585,T2633
3586,T2634
3587,T2635
3588,T2636
3589,T2638
3590,T2639
3591,T2640
3592,T2641
3593,T2642
3594,T2643
3595,T2644
3596,T2645
3597,T2646
3598,T6882
3599,T6883
3600,T6885
3601,T6886
3602,T6887
3603,T6888
3604,T6889
3605,T6890
3606,T6891
3607,T6892
3608,T6893
3609,T6894
3610,T6895
3611,T6896
3612,T6898
3613,T6899
3614,T6900
3615,T6901
3616,T6903
3617,T6904
3618,T6905
3619,T6906
3620,T6907
3621,T6908
3622,T6909
3623,T6910
3624,T6911
3625,T6912
3626,T6914
3627,T6915
3628,T6916
3629,T6917
3630,T6918
3631,T6919
3632,T6920
3633,T6921
3634,T6922
3635,T6923
3636,T6924
3637,T6925
3638,T6926
3639,T6927
3640,T6928
3641,T6929
3642,T6930
3643,T6931
3644,T6932
3645,T6933
3646,T6934
3647,T6935
3648,T6937
3649,T6938
3650,T6939
3651,T6940
3652,T6941
3653,T6942
3654,T6945
3655,T6946
3656,T6947
3657,T6948
3658,T6949
3659,T6950
3660,T6951
3661,T6952
3662,T6953
3663,T6954
3664,T6955
3665,T6956
3666,T6957
3667,T6958
3668,T6959
3669,T6961
3670,T6962
3671,T6963
3672,T6964
3673,T6965
3674,T6966
3675,T6967
3676,T6968
3677,T6970
3678,T6971
3679,T6973
3680,T6974
3681,T6975
3682,T6976
3683,T6977
3684,T6979
3685,T6980
3686,T6982
3687,T6984
3688,T6986
3689,T6988
3690,T6989
3691,T6992
3692,T6993
3693,T6994
3694,T6995
3695,T6996
3696,T6997
3697,T6998
3698,T6999
3699,T7000
3700,T7001
3701,T7002
3702,T7003
3703,T7004
3704,T7005
3705,T7007
3706,T7008
3707,T7010
3708,T7011
3709,T7012
3710,T7013
3711,T7014
3712,T7015
3713,T7016
3714,T7017
3715,T7018
3716,T7019
3717,T7021
3718,T7035
3719,T7036
3720,T7037
3721,T7038
3722,T7040
3723,T7085
3724,T7500
3725,T7503
3726,TL0004
3727,T0454
3728,T3646
3729,T4067
3730,T6122
3731,T0234
3732,T0242L
3733,T0305
3734,T0597
3735,T1183
3736,T1196
3737,T1470
3738,T21768
3739,T3345
3740,T3353
3741,T3682
3742,T3765
3743,T3766
3744,T3768
3745,T3770
3746,T3785
3747,T3786
3748,T3818
3749,T3821
3750,T3822
3751,T3825
3752,T3829
3753,T3844
3754,T3845
3755,T3850
3756,T3852
3757,T3853
3758,T3854
3759,T3856
3760,T3880
3761,T3891
3762,T3899
3763,T3909
3764,T3912
3765,T3921
3766,T3923
3767,T3928
3768,T4087
3769,T6026
3770,T6079
3771,T6113
3772,T6279
3773,T6286
3774,T6297
3775,T6323
3776,T6353
3777,T6424
3778,T6461
3779,T6516
3780,T6583
3781,T6594
3782,T6645
3783,T6648
3784,T6661
3785,T7020
3786,T9115
3787,T2A2428
3788,T2A2476
3789,T2A2497
3790,T2A2498
3791,T2A2509
3792,T2A2524
3793,T2A2532
3794,T2O2666
3795,T2O2667
3796,T2O2668
3797,T6167
3798,T6168
3799,T6169
3800,T6170
3801,T6171
3802,T6172
3803,T6173
3804,T6174
3805,T6175
3806,T6176
3807,T6177
3808,T6178
3809,T6179
3810,T6180
3811,T6181
3812,T6182
3813,T6183
3814,T6185
3815,T6186
3816,T6187
3817,T6188
3818,T6189
3819,T6190
3820,T6191
3821,T6192
3822,T6194
3823,T6196
3824,T6197
3825,T6198
3826,T6199
3827,T6200
3828,T6201
3829,T6202
3830,T6203
3831,T6204
3832,T6205
3833,T6206
3834,T6207
3835,T6208
3836,T6209
3837,T6210
3838,T6211
3839,T6212
3840,T6213
3841,T6214
3842,T6215
3843,T6216
3844,T6217
3845,T6219
3846,T6222
3847,T6223
3848,T6224
3849,T6225
3850,T6226
3851,T6227
3852,T6228
3853,T6229
3854,T6230
3855,T6231
3856,T6232
3857,T6233
3858,T6234
3859,T6235
3860,T6236
3861,T6237
3862,T6238
3863,T6239
3864,T6240
3865,T6241
3866,T6242
3867,T6243
3868,T6244
3869,T6245
3870,T6246
3871,T6247
3872,T6248
3873,T6249
3874,T6250
3875,T6251
3876,T6253
3877,T6254
3878,T6255
3879,T6256
3880,T6257
3881,T6258
3882,T6259
3883,T6260
3884,T6261
3885,T6262
3886,T6264
3887,T6265
3888,T6266
3889,T6267
3890,T6269
3891,T6270
3892,T6271
3893,T6272
3894,T6273
3895,T6274
3896,T6275
3897,T6276
3898,T6277
3899,T6278
3900,T6280
3901,T6281
3902,T6282
3903,T6283
3904,T6284
3905,T6285
3906,T6287
3907,T6288
3908,T6289
3909,T6290
3910,T6291
3911,T6295
3912,T6296
3913,T6299
3914,T6300
3915,T6301
3916,T6302
3917,T6303
3918,T6304
3919,T6305
3920,T6307
3921,T6308
3922,T6309
3923,T6310
3924,T6311
3925,T6312
3926,T6313
3927,T6315
3928,T6318
3929,T6319
3930,T6320
3931,T6321
3932,T6322
3933,T6325
3934,T6326
3935,T6327
3936,T6328
3937,T6329
3938,T6331
3939,T6332
3940,T6333
3941,T6335
3942,T6336
3943,T6337
3944,T6338
3945,T6339
3946,T6340
3947,T6341
3948,T6343
3949,T6345
3950,T6346
3951,T6348
3952,T6349
3953,T6350
3954,T6351
3955,T6352
3956,T6354
3957,T6355
3958,T6357
3959,T6358
3960,T6359
3961,T6361
3962,T6362
3963,T6363
3964,T6364
3965,T6365
3966,T6366
3967,T6367
3968,T6368
3969,T6369
3970,T6370
3971,T6371
3972,T6372
3973,T6373
3974,T6375
3975,T6376
3976,T6377
3977,T6378
3978,T6379
3979,T6380
3980,T6381
3981,T6382
3982,T6385
3983,T6386
3984,T6387
3985,T6388
3986,T6389
3987,T6390
3988,T6391
3989,T6392
3990,T6393
3991,T6394
3992,T6395
3993,T6397
3994,T6398
3995,T6399
3996,T6400
3997,T7893
3998,T7875
3999,T7952
4000,T7879
4001,T7832
4002,T7887
4003,T7942
4004,T7889
4005,T7821
4006,T7944
4007,T7890
4008,T4475
4009,T7939
4010,T7940
4011,T8004
4012,T7955
4013,T7194
4014,T7954
4015,T7899
4016,T7685
4017,T7897
4018,T7804
4019,T7829
4020,T7869
4021,T7969
4022,T7898
4023,T7943
4024,T7884
4025,T7873
4026,T7938
4027,T7813
4028,T7891
4029,T7892
4030,T7968
4031,T8003
4032,T7867
4033,T8006
4034,T7905
4035,T7881
4036,T7895
4037,T7882
4038,T7845
4039,T7680
4040,T8145
4041,T8133
4042,T7633
4043,T8128
4044,T8129
4045,T8136
4046,T8122
4047,T8172
4048,T8156
4049,T7816
4050,T8108
4051,T8218
4052,T8119
4053,T8138
4054,T8134
4055,T8143
4056,T8139
4057,T7700
4058,T7853
4059,T8144
4060,T8141
4061,T8124
4062,T7871
4063,T8125
4064,T8140
4065,T8123
4066,T8132
4067,T8107
4068,T8135
4069,T8130
4070,T8142
4071,T7699
4072,TJA2398
4073,TCS2185
4074,T3999
4075,T4537
4076,TL0015
4077,T2S0342
4078,T7060
4079,T7909
4080,T7982
4081,T7931
4082,T7958
4083,T7930
4084,T7910
4085,T7983
4086,T8153
4087,T8180
4088,T7933
4089,T7972
4090,T7922
4091,T7981
4092,T7927
4093,T7923
4094,T8175
4095,T7984
4096,T7912
4097,T8693
4098,T7914
4099,T7929
4100,T7932
4101,T8109
4102,T7907
4103,T8516
4104,T7985
4105,T7959
4106,T7980
4107,T8240
4108,T7986
4109,T7934
4110,T7917
4111,T7960
4112,T8116
4113,T7918
4114,T8241
4115,T7970
4116,T7919
4117,T8242
4118,T7908
4119,T7925
4120,T7926
4121,T8177
4122,T8244
4123,T7924
4124,T8245
4125,T8246
4126,T8011
4127,T7921
4128,T7973
4129,T7956
4130,T8110
4131,T7977
4132,T8043
4133,T7961
4134,T8012
4135,T8190
4136,T8248
4137,T8163
4138,T8115
4139,T8164
4140,T7962
4141,T8249
4142,T7978
4143,T8250
4144,T8192
4145,T8121
4146,T8111
4147,T8060
4148,T7974
4149,T8251
4150,T8193
4151,T7957
4152,T8112
4153,T7990
4154,T8225
4155,T8137
4156,T7995
4157,T8014
4158,T7997
4159,T7991
4160,T7963
4161,T8113
4162,T7979
4163,T7964
4164,T7999
4165,T7992
4166,T7965
4167,T8000
4168,T7993
4169,T8254
4170,T7994
4171,T8255
4172,T8197
4173,T7975
4174,T7966
4175,T8038
4176,T7976
4177,T8256
4178,T7967
4179,T8002
4180,T8015
4181,T8016
4182,T8061
4183,T8041
4184,T4S1725
4185,T5029
4186,T8017
4187,T8126
4188,T8062
4189,T8063
4190,T8018
4191,T8076
4192,T8064
4193,T8019
4194,T8084
4195,T8065
4196,T8257
4197,T7308
4198,T7310
4199,T7331
4200,T7344
4201,T7364
4202,T7336
4203,T7406
4204,T7312
4205,T7329
4206,T7332
4207,T7330
4208,T7382
4209,T7352
4210,T7340
4211,T7421
4212,T7408
4213,T7413
4214,T7335
4215,T7334
4216,T7337
4217,T7357
4218,T7339
4219,T7354
4220,T7345
4221,T7356
4222,T7386
4223,T7338
4224,T7393
4225,T7363
4226,T7399
4227,TMA0835
4228,T7353
4229,T7416
4230,T7313
4231,T7366
4232,T7409
4233,T7410
4234,T7367
4235,T7350
4236,T7359
4237,T7355
4238,T7392
4239,T7394
4240,T3S1196
4241,T7369
4242,T7400
4243,T7401
4244,T7391
4245,T7395
4246,T7371
4247,T7375
4248,T7652
4249,T7499
4250,T5185
4251,T7424
4252,T7504
4253,T7425
4254,T7422
4255,T7414
4256,T7488
4257,T7574
4258,T7436
4259,T7403
4260,T7602
4261,T7493
4262,T7448
4263,T7556
4264,T7549
4265,T7435
4266,T7524
4267,T7506
4268,T7505
4269,T7526
4270,T7418
4271,T7428
4272,T7537
4273,T7514
4274,T7490
4275,T7423
4276,T7525
4277,T7420
4278,T7579
4279,T7516
4280,T7509
4281,T7547
4282,T7485
4283,T7412
4284,T7581
4285,T7555
4286,T7565
4287,T7580
4288,T7551
4289,T7486
4290,T7417
4291,T7589
4292,T7447
4293,T7528
4294,T5442
4295,T7303
4296,T7402
4297,T7523
4298,T7518
4299,T7521
4300,T7569
4301,T7572
4302,T7515
4303,T7459
4304,T7527
4305,T7411
4306,T7482
4307,T7472
4308,T7479
4309,T7440
4310,T7491
4311,T7550
4312,T7454
4313,T7474
4314,T7475
4315,T7560
4316,T7432
4317,T7561
4318,T7469
4319,T7444
4320,T7407
4321,T7460
4322,T7494
4323,T7374
4324,T7453
4325,T7419
4326,T7533
4327,T7519
4328,T7512
4329,T7629
4330,T7517
4331,T7128
4332,T7458
4333,T7558
4334,T7545
4335,T7476
4336,T7529
4337,T7626
4338,T7507
4339,T7437
4340,T7415
4341,T7457
4342,T7563
4343,T5618
4344,T7568
4345,T7456
4346,T7593
4347,T7464
4348,T7450
4349,T7543
4350,T7451
4351,T7483
4352,T7539
4353,T7439
4354,T7541
4355,T7466
4356,T7467
4357,T7478
4358,T7473
4359,T7592
4360,T7455
4361,T7535
4362,T7449
4363,T7481
4364,T7606
4365,T7470
4366,T7443
4367,T7438
4368,T7480
4369,T7442
4370,T7441
4371,T7452
4372,T7433
4373,T7461
4374,T7538
4375,T7540
4376,T7465
4377,T7431
4378,T7445
4379,T7446
4380,T7498
4381,T7468
4382,T7610
4383,T7669
4384,T7360
4385,T7718
4386,T5541
4387,T7622
4388,T7638
4389,T7698
4390,T7714
4391,T7717
4392,T7696
4393,T7659
4394,T7643
4395,T7660
4396,T5995
4397,T1104
4398,T1105
4399,T1106
4400,T1107
4401,T1108
4402,T1109
4403,T1110
4404,T1111
4405,T1112
4406,T1113
4407,T1114
4408,T1115
4409,T1116
4410,T1117
4411,T1118
4412,T1119
4413,T1120
4414,T1121
4415,T1122
4416,T1123
4417,T1124
4418,T1125
4419,T1126
4420,T1128
4421,T1129
4422,T1130
4423,T1132
4424,T1133
4425,T1134
4426,T1137
4427,T1139
4428,T1141
4429,T1142
4430,T1144
4431,T1144L
4432,T1145
4433,T1146
4434,T1147
4435,T1148
4436,T1149
4437,T1151
4438,T1152
4439,T1153
4440,T1154
4441,T1155
4442,T1156
4443,T1157
4444,T1158
4445,T1159
4446,T1160
4447,T1161
4448,T1162
4449,T1163
4450,T1165
4451,T1166
4452,T1167
4453,T1168
4454,T1169
4455,T1170
4456,T1171
4457,T1172
4458,T1173
4459,T1174
4460,T1175
4461,T1176
4462,T1177
4463,T1178
4464,T1179
4465,T1180
4466,T1181
4467,T1182
4468,T1184
4469,T1185
4470,T1186
4471,T1187
4472,T1188
4473,T1189
4474,T1190
4475,T1191L
4476,T1192
4477,T1193
4478,T1197
4479,T1199
4480,T1201
4481,T1202
4482,T1203
4483,T1206
4484,T1207
4485,T1208
4486,T1209
4487,T1210
4488,T1211
4489,T1212
4490,T1213
4491,T1214
4492,T1215
4493,T1216
4494,T1217
4495,T1218
4496,T1219
4497,T1220
4498,T1221
4499,T1222
4500,T1223
4501,T1224
4502,T1226
4503,T1227
4504,T1228
4505,T1229
4506,T1230
4507,T1232
4508,T1233
4509,T1234
4510,T1235
4511,T1237
4512,T1238
4513,T1239
4514,T1240
4515,T1241
4516,T1242
4517,T1243
4518,T1245
4519,T1247
4520,T1248
4521,T1249
4522,T1250
4523,T1251
4524,T1252
4525,T1253
4526,T1254
4527,T1255
4528,T1257
4529,T1258
4530,T1259
4531,T1260
4532,T1261
4533,T1262
4534,T1263
4535,T1264
4536,T1265
4537,T1266
4538,T1267
4539,T1268
4540,T1269
4541,T1270
4542,T1272
4543,T1273
4544,T1274
4545,T1275
4546,T1276
4547,T1277
4548,T1278
4549,T1279
4550,T1280
4551,T1281
4552,T1282
4553,T1283
4554,T1284
4555,T1285
4556,T1286
4557,T1287
4558,T1288
4559,T1289
4560,T1290
4561,T1291
4562,T1292
4563,T1293
4564,T1294
4565,T1296
4566,T1297
4567,T1298
4568,T1299
4569,T1301
4570,T1303
4571,T1304
4572,T1305
4573,T1306
4574,T1307
4575,T1308
4576,T1309
4577,T1310
4578,T1311
4579,T1312
4580,T1313
4581,T1314
4582,T1317
4583,T1319
4584,T1320
4585,T1321
4586,T1322
4587,T1323
4588,T1324
4589,T1325
4590,T1327
4591,T1330
4592,T1331
4593,T1332
4594,T1333
4595,T1334
4596,T1335
4597,T1556
4598,T1557
4599,T1558
4600,T1559
4601,T1560
4602,T1561
4603,T1562
4604,T1563
4605,T1565
4606,T1566
4607,T1567
4608,T1568
4609,T1569
4610,T1570
4611,T1571
4612,T1574
4613,T1576
4614,T1577
4615,T1578
4616,T1579
4617,T1580
4618,T1581
4619,T1582
4620,T1582L
4621,T1583
4622,T1584
4623,T1586
4624,T1587
4625,T1588
4626,T1589
4627,T1590
4628,T1591
4629,T1591L
4630,T1592
4631,T1593
4632,T1594
4633,T1595
4634,T1596
4635,T1597
4636,T1598
4637,T1599
4638,T1599L
4639,T1600
4640,T1601
4641,T1602
4642,T1603
4643,T1605
4644,T1606
4645,T1608
4646,T1609
4647,T1610
4648,T1612
4649,T1613
4650,T1614
4651,T1615
4652,T1617
4653,T1618
4654,T1619
4655,T1620
4656,T1621
4657,T1622
4658,T1623
4659,T1624
4660,T1625
4661,T1626
4662,T1627
4663,T1628
4664,T1629
4665,T1630
4666,T1631
4667,T1632
4668,T1633
4669,T1634
4670,T1635
4671,T1636
4672,T1637
4673,T1638
4674,T1639
4675,T1642
4676,T1643
4677,T1644
4678,T1645
4679,T1646
4680,T1647
4681,T1649
4682,T1650
4683,T1651
4684,T1652
4685,T1653
4686,T1654
4687,T1655
4688,T1656
4689,T1657
4690,T1658
4691,T1659
4692,T1660
4693,T1661
4694,T1662
4695,T1663
4696,T1664
4697,T1665
4698,T1666
4699,T1667
4700,T1668
4701,T1669
4702,T1670
4703,T1671
4704,T1672
4705,T1673
4706,T1674
4707,T1675
4708,T1676
4709,T1679
4710,T1680
4711,T1681
4712,T1682
4713,T1683
4714,T1684
4715,T1685
4716,T1686
4717,T1687
4718,T1687L
4719,T1688
4720,T1689
4721,T1690
4722,T1691
4723,T1692
4724,T1693
4725,T1694
4726,T1695
4727,T1696
4728,T1697
4729,T1698
4730,T1701
4731,T1702
4732,T1703
4733,T1704
4734,T1705
4735,T1706
4736,T1708
4737,T1709
4738,T1710
4739,T1711
4740,T1713
4741,T1716
4742,T1717
4743,T1719
4744,T1720
4745,T1721
4746,T1723
4747,T1724
4748,T1725
4749,T1726
4750,T1727
4751,T1731
4752,T1732
4753,T1733
4754,T1734
4755,T1735
4756,T1736
4757,T1737
4758,T1739
4759,T1740
4760,T1741
4761,T1742
4762,T1743
4763,T1745
4764,T1746
4765,T1747
4766,T1748
4767,T1749
4768,T1750
4769,T1751
4770,T1752
4771,T1753
4772,T1754
4773,T1755
4774,T1756
4775,T1757
4776,T1758
4777,T1759
4778,T1760
4779,T1761
4780,T1763
4781,T1764
4782,T1766
4783,T1767
4784,T1768
4785,T1770
4786,T1771
4787,T1772
4788,T1773
4789,T1774
4790,T1775
4791,T1776L
4792,T1777
4793,T1778
4794,T1779
4795,T1780
4796,T1781
4797,T5009
4798,T4993
4799,T5017
4800,T5005
4801,T4963
4802,T5000
4803,T4977
4804,T5001
4805,T5008
4806,T5052
4807,T5046
4808,T5015
4809,T4989
4810,TJS0851
4811,T4962
4812,T5030
4813,T4911
4814,T4998
4815,T4959
4816,T4997
4817,T4980
4818,T5039
4819,T5024
4820,T5013
4821,T3S1149
4822,T5082
4823,T5066
4824,T5074
4825,T5075
4826,T5065
4827,T5076
4828,T5071
4829,T5061
4830,T5060
4831,T4949
4832,T5057
4833,T5067
4834,T5068
4835,T5085
4836,T5083
4837,T5064
4838,T5084
4839,T5062
4840,T5086
4841,T5059
4842,T4948
4843,T5069
4844,T5094
4845,T3868
4846,T5056
4847,T5072
4848,T4985
4849,T4979
4850,T5095
4851,T5087
4852,T4987
4853,T5079
4854,T4982
4855,T5077
4856,T5080
4857,T5073
4858,T5037
4859,T5078
4860,T5081
4861,T5022
4862,T4S1820
4863,T5088
4864,T5S0658
4865,T5051
4866,T4983
4867,T5002
4868,T5S0833
4869,T5092
4870,T5053
4871,T5096
4872,T6S0444
4873,T5091
4874,T4942
4875,T4931
4876,T5110
4877,T5093
4878,T5111
4879,T5112
4880,T5115
4881,T5118
4882,T5121
4883,T5122
4884,T5104
4885,T5108
4886,T5105
4887,T5120
4888,T5116
4889,T5106
4890,T4975
4891,T5070
4892,T5119
4893,T5113
4894,T5114
4895,T5100
4896,T5109
4897,T5125
4898,T5117
4899,T5129
4900,T5124
4901,T4939
4902,T4930
4903,T5101
4904,T5139
4905,T5132
4906,T5138
4907,T5130
4908,T5135
4909,T5103
4910,T5133
4911,T5140
4912,T4495
4913,T7045
4914,T5102
4915,T4S0647
4916,T5145
4917,T5144
4918,T5147
4919,T5148
4920,T5151
4921,T5153
4922,T4968
4923,T5152
4924,T5150
4925,T4891
4926,T5155
4927,T5161
4928,T5163
4929,T5127
4930,T5170
4931,T4356
4932,T4941
4933,T5171
4934,T5160
4935,T5154
4936,T4981
4937,T5159
4938,T2S0961
4939,T5162
4940,T5164
4941,T4S1849
4942,T5179
4943,T5184
4944,T5190
4945,T5183
4946,T5182
4947,T5166
4948,T5181
4949,T5188
4950,T5177
4951,T5176
4952,T5173
4953,T5186
4954,T5175
4955,T5169
4956,T5189
4957,T5123
4958,T5158
4959,T5174
4960,T5168
4961,T5178
4962,T5172
4963,T4384
4964,T5187
4965,T5126
4966,T5194
4967,T5195
4968,T5193
4969,T5216
4970,T5234
4971,T5240
4972,T5250
4973,T5274
4974,T5266
4975,T5259
4976,T5254
4977,T5283
4978,T5288
4979,T5303
4980,T5300
4981,T5253
4982,T5301
4983,T5287
4984,T5292
4985,T5267
4986,T5269
4987,T5222
4988,T5305
4989,T5232
4990,T5273
4991,T5294
4992,T5245
4993,T5231
4994,T5260
4995,T5219
4996,T5306
4997,T0884
4998,T0885
4999,T0887
5000,T0888
5001,T0889
5002,T0890
5003,T0891
5004,T0892
5005,T0893
5006,T0894
5007,T0895
5008,T0896
5009,T0897
5010,T0898
5011,T0899
5012,T0900
5013,T0901
5014,T0902
5015,T0903
5016,T0905
5017,T0907
5018,T0908
5019,T0909
5020,T0909L
5021,T0910
5022,T0911
5023,T0912
5024,T0913
5025,T0914
5026,T0916
5027,T0917
5028,T0918
5029,T0920
5030,T0921
5031,T0922
5032,T0923
5033,T0924
5034,T0925
5035,T0926
5036,T0927
5037,T0928
5038,T0929
5039,T0930
5040,T0932
5041,T0933
5042,T0934
5043,T0935
5044,T0937
5045,T0938
5046,T0939
5047,T0940
5048,T0941
5049,T0942
5050,T0943
5051,T0945
5052,T0946
5053,T0947
5054,T0948L
5055,T0949
5056,T0950
5057,T0951
5058,T0952
5059,T0953
5060,T0954
5061,T0955
5062,T0957
5063,T0959
5064,T0960
5065,T0961
5066,T0962
5067,T0963
5068,T0964
5069,T0965
5070,T0966
5071,T0968
5072,T0969
5073,T0970
5074,T0971
5075,T0972
5076,T0973
5077,T0973L
5078,T0974
5079,T0975
5080,T0976
5081,T0977
5082,T0978
5083,T0979
5084,T0980
5085,T0983
5086,T0983L
5087,T0984
5088,T0985
5089,T0986
5090,T0987
5091,T0988
5092,T0989
5093,T0990
5094,T0991
5095,T0992
5096,T0993
5097,T0994
5098,T0996
5099,T0997
5100,T0999
5101,T1000
5102,T1000L
5103,T1001
5104,T1002
5105,T1003
5106,T1004
5107,T1005
5108,T1005L
5109,T1006
5110,T1007
5111,T1008
5112,T1009
5113,T1010
5114,T1011
5115,T1012
5116,T1013
5117,T1018
5118,T1020
5119,T1021
5120,T1022
5121,T1023
5122,T1024
5123,T1025
5124,T1026
5125,T1027
5126,T1028
5127,T1029
5128,T1030
5129,T1031
5130,T1032
5131,T1033
5132,T1034
5133,T1035
5134,T1036
5135,T1037
5136,T1038
5137,T1039
5138,T1040
5139,T1041
5140,T1042
5141,T1043
5142,T1044
5143,T1045
5144,T1046
5145,T1048
5146,T1049
5147,T1049L
5148,T1050
5149,T1051
5150,T1052
5151,T1053
5152,T1054
5153,T1055
5154,T1056
5155,T1057
5156,T1058
5157,T1059
5158,T1060
5159,T1061
5160,T1062
5161,T1063
5162,T1065
5163,T1066
5164,T1067
5165,T1068
5166,T1069
5167,T1070
5168,T1071L
5169,T1073
5170,T1075
5171,T1076
5172,T1077
5173,T1078
5174,T1079
5175,T1080
5176,T1081
5177,T1082
5178,T1083
5179,T1083L
5180,T1084
5181,T1085L
5182,T1087
5183,T1088
5184,T1090
5185,T1091
5186,T1092
5187,T1093
5188,T1094
5189,T1095
5190,T1096
5191,T1097
5192,T1098
5193,T1100
5194,T1101
5195,T1102
5196,T1103
5197,T3587
5198,T3588
5199,T3589
5200,T3590
5201,T3591
5202,T3592
5203,T3593
5204,T3594
5205,T3595
5206,T3596
5207,T3597
5208,T3598
5209,T3599
5210,T3600
5211,T3601
5212,T3602
5213,T3603
5214,T3604
5215,T3605
5216,T3607
5217,T3608
5218,T3610
5219,T3611
5220,T3612
5221,T3614
5222,T3615
5223,T3616
5224,T3617
5225,T3618
5226,T3619
5227,T3620
5228,T3621
5229,T3622
5230,T3623
5231,T3624
5232,T3625
5233,T3626
5234,T3627
5235,T3628
5236,T3629
5237,T3630
5238,T3631
5239,T3632
5240,T3633
5241,T3634
5242,T3635
5243,T3636
5244,T3637
5245,T3639
5246,T3641
5247,T3642
5248,T3643
5249,T3644
5250,T3647
5251,T3648
5252,T3649
5253,T3651
5254,T3652
5255,T3653
5256,T3654
5257,T3655
5258,T3657
5259,T3659
5260,T3661
5261,T3662
5262,T3663
5263,T3664
5264,T3665
5265,T3667
5266,T3668
5267,T3669
5268,T3670
5269,T3671
5270,T3673
5271,T3674
5272,T3675
5273,T3676
5274,T3678
5275,T3680
5276,T3681
5277,T3683
5278,T3684
5279,T3685
5280,T3686
5281,T3688
5282,T3689
5283,T3690
5284,T3691
5285,T3692
5286,T3693
5287,T3695
5288,T3696
5289,T3697
5290,T3698
5291,T3699
5292,T3700
5293,T3701
5294,T3702
5295,T3703
5296,T3705
5297,T3707
5298,T3708
5299,T3709
5300,T3710
5301,T3711
5302,T3712
5303,T3713
5304,T3714
5305,T3715
5306,T3716
5307,T3717
5308,T3718
5309,T3719
5310,T3720
5311,T3721
5312,T3722
5313,T3723
5314,T3724
5315,T3725
5316,T3726
5317,T3727
5318,T3728
5319,T3729
5320,T3730
5321,T3731
5322,T3732
5323,T3734
5324,T3735
5325,T3736
5326,T3737
5327,T3738
5328,T3739
5329,T3740
5330,T3742
5331,T3743
5332,T3744
5333,T3745
5334,T3746
5335,T3747
5336,T3748
5337,T3750
5338,T3751
5339,T3752
5340,T3753
5341,T3754
5342,T3755
5343,T3756
5344,T3757
5345,T3758
5346,T3760
5347,T3763
5348,T3764
5349,T3769
5350,T3771
5351,T3772
5352,T3773
5353,T3774
5354,T3776
5355,T3777
5356,T3778
5357,T3779
5358,T3780
5359,T3781
5360,T3782
5361,T3783
5362,T3784
5363,T3787
5364,T3788
5365,T3790
5366,T3791
5367,T3792
5368,T3793
5369,T3794
5370,T3795
5371,T3796
5372,T3797
5373,T3798
5374,T3799
5375,T3800
5376,T3802
5377,T3803
5378,T3804
5379,T3805
5380,T3806
5381,T3807
5382,T3808
5383,T3809
5384,T3810
5385,T3811
5386,T3812
5387,T3813
5388,T3814
5389,T3815
5390,T3817
5391,T3819
5392,T3820
5393,T3823
5394,T3824
5395,T3826
5396,T3828
5397,T8430
5398,T8497
5399,T13016
5400,T10656
5401,T8499
5402,T13009
5403,T15373
5404,T11980
5405,T8463
5406,T8418
5407,T8431
5408,T8461
5409,T8445
5410,T8092
5411,T5134
5412,T7065
5413,T4966
5414,T8425
5415,T8462
5416,T8507
5417,T8426
5418,T7677
5419,T8438
5420,T11394
5421,T11461
5422,T12856
5423,T12979
5424,T14907
5425,T15052
5426,T15437
5427,T15555
5428,T15559
5429,T16074
5430,T16144
5431,T16289
5432,TQ0121
5433,T7133
5434,T7596
5435,T8466
5436,T8467
5437,T8468
5438,T8469
5439,T8470
5440,T8471
5441,T8472
5442,T8473
5443,T8476
5444,T8477
5445,T13176
5446,T20765
5447,T14331
5448,T14687
5449,T13858
5450,T10305
5451,T10353
5452,T12374
5453,T12579
5454,T14078
5455,TN1028
5456,TN1146
5457,TN1182
5458,TN1733
5459,TN1816
5460,TN2008
5461,TN2261
5462,T11563
5463,T13748
5464,T13316
5465,T19618
5466,T15441
5467,T16072
5468,T16421
5469,T16531
5470,T16932
5471,T17311
5472,T19626
5473,T4405
5474,T5621
5475,T7387
5476,T7709
5477,T8157
5478,T8234
5479,T8352
5480,T8366
5481,T8432
5482,T8433
5483,T8455
5484,T8464
5485,T8474
5486,T8475
5487,T8480
5488,T8484
5489,T8488
5490,T8506
5491,T8511
5492,T8517
5493,TN1100
5494,TN1256
5495,TN1860
5496,TN2144
5497,TQ0050
5498,TQ0058
5499,TQ0067
5500,TQ0076
5501,TQ0083
5502,TQ0084
5503,TQ0100
5504,TQ0115
5505,TQ0210
5506,TQ0232
5507,TQ0252
5508,TQ0253
5509,TQ0277
5510,T12085
5511,T12345
5512,T16523L
5513,T12575
5514,T19160
5515,T14118
5516,T15458
5517,T13996
5518,T15216
5519,T12854
5520,T16154
5521,T16708
5522,T8523
5523,T8527
5524,T8528
5525,T20793
5526,T3904
5527,T3S1250
5528,T4469
5529,T5016
5530,T5496
5531,T5500
5532,T5509
5533,T5513
5534,T6S0619
5535,T7777
5536,T8332
5537,T8519
5538,T8520
5539,T8526
5540,T22236
5541,TQ0243
5542,T8534
5543,T8535
5544,T21773
5545,T8533
5546,T8532
5547,T8531
5548,T12617L
5549,T8529
5550,T8530
5551,T3400
5552,T3387
5553,T16349
5554,T11916
5555,T16748
5556,T16760
5557,T17258
5558,T1791L
5559,T21312
5560,T21524
5561,T8478
5562,T8536
5563,T8538
5564,T8541
5565,T8542
5566,T8543
5567,T8544
5568,T8545
5569,T2470
5570,TQ0021
5571,TQ0059
5572,TQ0228
5573,TQ0266
5574,TQ0319
5575,TN1087
5576,T12132
5577,T10419
5578,T14844
5579,T15024
5580,T13098
5581,T13178
5582,T10655
5583,T15423
5584,T15486
5585,T15732
5586,T10857
5587,T10625
5588,T15789
5589,T16088
5590,T16110
5591,T5435
5592,T5436
5593,T5437
5594,T12401
5595,T12502
5596,T14855
5597,T5528
5598,T5521
5599,T3679
5600,T4S0758
5601,T9116
5602,T4S1718
5603,T2S2295
5604,T5423
5605,T5493
5606,T5514
5607,T5446
5608,T4262
5609,T5347
5610,T5448
5611,T5450
5612,T5451
5613,T5452
5614,T5453
5615,T5454
5616,T5455
5617,T5456
5618,T5457
5619,T5458
5620,T5460
5621,T5461
5622,T5462
5623,T5463
5624,T5464
5625,T5466
5626,T5467
5627,T5468
5628,T5469
5629,T5471
5630,T5472
5631,T5473
5632,T5474
5633,T5475
5634,T5477
5635,T5478
5636,T5479
5637,T5480
5638,T5481
5639,T5482
5640,T5483
5641,T5485
5642,T5486
5643,T5488
5644,T5489
5645,T5427
5646,T5444
5647,T5432
5648,T5434
5649,T5440
5650,T5443
5651,T5054
5652,T5445
5653,T5447
5654,T5097
5655,T5590
5656,T5616
5657,T5577
5658,T5549
5659,T5613
5660,T5588
5661,T5582
5662,T5578
5663,T5560
5664,T5545
5665,T5595
5666,T5548
5667,T5551
5668,T5585
5669,T3S1088
5670,T5615
5671,T5580
5672,T5570
5673,T5601
5674,T5620
5675,T5605
5676,T5561
5677,T5523
5678,T5565
5679,T5587
5680,T3S0136
5681,T5576
5682,T5596
5683,T5533
5684,T5581
5685,T5540
5686,T5S1026
5687,T5547
5688,T5550
5689,T4S1499
5690,T5566
5691,T5609
5692,T5559
5693,T5583
5694,T5556
5695,T5569
5696,T5619
5697,T5572
5698,T4S2354
5699,T5546
5700,T5554
5701,T2S1840
5702,T5571
5703,T6S0630
5704,T5426
5705,T5589
5706,T5568
5707,T5553
5708,T5594
5709,T5575
5710,T5542
5711,T5567
5712,T5543
5713,T4675
5714,T5S1028
5715,T5544
5716,T7066
5717,T5562
5718,T5557
5719,T3848
5720,T5574
5721,T5586
5722,T5564
5723,T5563
5724,T5558
5725,T5639
5726,T5653
5727,T5660
5728,T5678
5729,T5665
5730,T5645
5731,T5650
5732,T5667
5733,T5638
5734,T5655
5735,T5657
5736,T5683
5737,T5640
5738,T5641
5739,T5673
5740,T5536
5741,T5649
5742,T5537
5743,T5634
5744,T5663
5745,T5636
5746,T5600
5747,T5626
5748,T5635
5749,T5675
5750,T5622
5751,T5682
5752,T5597
5753,T5592
5754,T5658
5755,T5662
5756,T5656
5757,T4S2012
5758,T5593
5759,T5684
5760,T5686
5761,T5670
5762,T5668
5763,T2S1396
5764,T5687
5765,T5679
5766,T5669
5767,T5628
5768,T5637
5769,T5672
5770,T7077
5771,T5659
5772,T5627
5773,T5652
5774,T5671
5775,T5624
5776,T5623
5777,T5654
5778,T5524
5779,T5603
5780,T5676
5781,T5661
5782,T5647
5783,T5651
5784,T5674
5785,T5629
5786,T5632
5787,T5685
5788,T5677
5789,T5744
5790,T5S2195
5791,T5695
5792,T5696
5793,T5721
5794,T5S2083
5795,T5777
5796,T3351
5797,T3352
5798,T3354
5799,T3355
5800,T3357
5801,T3358
5802,T3360
5803,T3361
5804,T3362
5805,T3363
5806,T3364
5807,T3365
5808,T3366
5809,T3367
5810,T3368
5811,T3369
5812,T3370
5813,T3371
5814,T3372
5815,T3373
5816,T3374
5817,T3375
5818,T3376
5819,T3377
5820,T3378
5821,T3379
5822,T3380
5823,T3382
5824,T3383
5825,T3384
5826,T3385
5827,T3386
5828,T3388
5829,T3390
5830,T3391
5831,T3392
5832,T3393
5833,T3394
5834,T3395
5835,T3396
5836,T3397
5837,T3398
5838,T3399
5839,T3401
5840,T3402
5841,T3403
5842,T3404
5843,T3405
5844,T3406
5845,T3407
5846,T3408
5847,T3409
5848,T3410
5849,T3411
5850,T3412
5851,T3413
5852,T3414
5853,T3415
5854,T3416
5855,T3417
5856,T3418
5857,T3419
5858,T3420
5859,T3422
5860,T3423
5861,T3424
5862,T3427
5863,T3428
5864,T3429
5865,T3430
5866,T3431
5867,T3432
5868,T3433
5869,T3434
5870,T3435
5871,T3436
5872,T3437
5873,T3438
5874,T3439
5875,T3440
5876,T3442
5877,T3444
5878,T3445
5879,T3447
5880,T3448
5881,T3449
5882,T3451
5883,T3452
5884,T3455
5885,T3456
5886,T3458
5887,T3460
5888,T3461
5889,T3462
5890,T3463
5891,T3464
5892,T3465
5893,T3466
5894,T3467
5895,T3468
5896,T3469
5897,T3470
5898,T3471
5899,T3472
5900,T3473
5901,T3474
5902,T3475
5903,T3476
5904,T3477
5905,T3478
5906,T3479
5907,T3480
5908,T3481
5909,T3482
5910,T3483
5911,T3484
5912,T3485
5913,T3486
5914,T3487
5915,T3488
5916,T3489
5917,T3491
5918,T3492
5919,T3493
5920,T3494
5921,T3495
5922,T3496
5923,T3497
5924,T3498
5925,T3499
5926,T3500
5927,T3501
5928,T3502
5929,T3503
5930,T3504
5931,T3505
5932,T3506
5933,T3507
5934,T3508
5935,T3509
5936,T3510
5937,T3513
5938,T3514
5939,T3516
5940,T3517
5941,T3518
5942,T3519
5943,T3520
5944,T3523
5945,T3524
5946,T3526
5947,T3528
5948,T3529
5949,T3532
5950,T3533
5951,T3534
5952,T3535
5953,T3536
5954,T3537
5955,T3539
5956,T3540
5957,T3541
5958,T3542
5959,T3543
5960,T3544
5961,T3545
5962,T3546
5963,T3547
5964,T3549
5965,T3550
5966,T3551
5967,T3552
5968,T3553
5969,T3554
5970,T3555
5971,T3556
5972,T3557
5973,T3558
5974,T3559
5975,T3560
5976,T3561
5977,T3562
5978,T3563
5979,T3566
5980,T3567
5981,T3568
5982,T3569
5983,T3571
5984,T3572
5985,T3573
5986,T3574
5987,T3575
5988,T3576
5989,T3579
5990,T3580
5991,T3581
5992,T3582
5993,T3583
5994,T3585
5995,T3586
5996,T7347
5997,T7687
5998,T7658
5999,T7591
6000,T7701
6001,T7654
6002,T7644
6003,T7611
6004,T7746
6005,T7736
6006,T7729
6007,T7641
6008,T7608
6009,T7747
6010,T7546
6011,T7704
6012,T7661
6013,T7620
6014,T7640
6015,T7670
6016,T7634
6017,T7738
6018,T7742
6019,T7705
6020,T7734
6021,T7597
6022,T7710
6023,T7672
6024,T7426
6025,T7772
6026,T7662
6027,T7688
6028,T7598
6029,T7649
6030,T7553
6031,T7682
6032,T7599
6033,T7612
6034,T7745
6035,T7691
6036,T7679
6037,T7771
6038,T7542
6039,T7664
6040,T7692
6041,T7735
6042,T7716
6043,T7636
6044,T7667
6045,T7689
6046,T7708
6047,T7628
6048,T7646
6049,T7690
6050,T7603
6051,T7671
6052,T7621
6053,T7614
6054,T7557
6055,T7678
6056,T7733
6057,T7650
6058,T7651
6059,T7739
6060,T7605
6061,T7707
6062,T7632
6063,T7531
6064,T7642
6065,T7655
6066,T7695
6067,T7693
6068,T7694
6069,T7405
6070,T5031
6071,T7648
6072,T7635
6073,T7673
6074,T7767
6075,T7686
6076,T7703
6077,T7681
6078,T7361
6079,T7618
6080,T7653
6081,T7770
6082,T7373
6083,T7744
6084,T7078
6085,T7697
6086,T7713
6087,T7582
6088,T7683
6089,T7666
6090,T7676
6091,T7665
6092,T7674
6093,T7743
6094,T7768
6095,T7769
6096,T7901
6097,T7283
6098,T7151
6099,T7489
6100,T7495
6101,T7510
6102,T7511
6103,T7513
6104,T7554
6105,T7570
6106,T7577
6107,T7613
6108,T7619
6109,T7624
6110,T7625
6111,T7630
6112,T7637
6113,T7639
6114,T7706
6115,T7715
6116,T7726
6117,T7728
6118,T7730
6119,T7740
6120,T7741
6121,T7748
6122,T7764
6123,T7766
6124,T7774
6125,T7775
6126,T7780
6127,T7781
6128,T7782
6129,T7783
6130,T7785
6131,T7786
6132,T7788
6133,T7789
6134,T7791
6135,T7792
6136,T7793
6137,T7795
6138,T7796
6139,T7797
6140,T7798
6141,T7799
6142,T7800
6143,T7802
6144,T7806
6145,T7807
6146,T7808
6147,T7810
6148,T7811
6149,T7814
6150,T7817
6151,T7819
6152,T7820
6153,T7823
6154,T7824
6155,T7830
6156,T7831
6157,T7833
6158,T7834
6159,T7835
6160,T7838
6161,T7839
6162,T7840
6163,T7842
6164,T7843
6165,T7846
6166,T7847
6167,T7849
6168,T7851
6169,T7852
6170,T7854
6171,T7855
6172,T7856
6173,T7857
6174,T7860
6175,T7861
6176,T7862
6177,T7863
6178,T7864
6179,T7868
6180,T7888
6181,T7903
6182,TMS1743
6183,T7878
6184,T8005
6185,T7877
6186,T7885
6187,T7828
6188,T7865
6189,T7941
6190,T7896
6191,T8148
6192,T7880
6193,T7894
6194,T7866
6195,T7837
6196,T14991
6197,T15194
6198,T15236
6199,T15272
6200,T15280
6201,T15286
6202,T12883
6203,T12894
6204,T12981
6205,T13036L
6206,T19302
6207,T11221
6208,T11374
6209,T11375
6210,T10641
6211,T11515
6212,T11578L
6213,T13950
6214,T13302
6215,T13314
6216,T13965
6217,T15481
6218,T15577
6219,T11762L
6220,T10871
6221,T18956
6222,T13355
6223,T13443
6224,T16096
6225,T16098
6226,T16157
6227,T16163
6228,T16348
6229,T16508
6230,T16529
6231,T16552
6232,T16718
6233,T16724
6234,T19397
6235,T16747
6236,T17649
6237,T17653
6238,T17654
6239,T16961
6240,T16977
6241,T17002
6242,T17102
6243,T22277
6244,T22327
6245,T22364
6246,T22367
6247,T22377
6248,T22418
6249,T22436
6250,T22457
6251,T2S1975
6252,TN2683
6253,TN4661
6254,T20721
6255,T20731
6256,T20953
6257,T21165
6258,T21193
6259,T21240
6260,T21281
6261,T21302
6262,T21450
6263,T22465
6264,T22534
6265,T23127
6266,T23308
6267,T23550
6268,T19633
6269,T19680
6270,T19645
6271,T19647
6272,T19658
6273,T19654
6274,T19655
6275,T19659
6276,T19661
6277,T19700
6278,T19669
6279,T19713
6280,T19714
6281,T19721
6282,T19723
6283,T19733
6284,T19734
6285,T19736
6286,T19739
6287,T19741
6288,T19759
6289,T19832
6290,T19895
6291,T19913
6292,T20062
6293,TN5894
6294,TN6603
6295,T25340
6296,T0860L
6297,T25399
6298,T1186L
6299,T26375
6300,T26869
6301,T27133
6302,T28996
6303,T30258
6304,T30751
6305,T31976
6306,T33519
6307,T33762
6308,TN6909
6309,TQ0133
6310,TN1036
6311,TN1111
6312,TN1217
6313,TN1439
6314,TN1905
6315,TN2011
6316,T12104
6317,T12267
6318,T12406
6319,T12454
6320,T12490
6321,T10024
6322,T18886
6323,T10205
6324,T10987
6325,T11071
6326,T17636
6327,T17724
6328,T18226
6329,T18321
6330,T18391
6331,T18466
6332,T18468
6333,T18479
6334,T18546
6335,T13564L
6336,T14841
6337,T14988
6338,T12761
6339,T11205
6340,T19316
6341,T13719
6342,T19589
6343,T10884
6344,T16102
6345,T16326
6346,T16695
6347,T18487
6348,T18723
6349,T16938
6350,T12642L
6351,T22260
6352,T22437
6353,T2S1682
6354,TN2423
6355,T21314
6356,T17265
6357,T22537
6358,T22596
6359,T23150
6360,T19717
6361,T19751
6362,T19761
6363,TN5924
6364,T26195
6365,T26396
6366,T27794
6367,TN1012L
6368,TN6891
6369,TN6901
6370,TN6920
6371,T9513
6372,T9464
6373,TN7021L
6374,T9516
6375,T9497
6376,T9538
6377,T21387L
6378,T9519
6379,T9385
6380,T9530
6381,T9522
6382,T9402
6383,T9508
6384,T9544
6385,T9509
6386,T9504
6387,T9517
6388,T9511
6389,T9502
6390,T9510
6391,T9411
6392,T1699
6393,TN7029
6394,TN1027
6395,TN1141
6396,T5823
6397,T5693
6398,T5792
6399,T5642
6400,T5834
6401,T5784
6402,T5780
6403,T5691
6404,T5643
6405,T5776
6406,T5808
6407,T5804
6408,T5765
6409,T5699
6410,T5802
6411,T5759
6412,T5704
6413,T5702
6414,T5825
6415,T5833
6416,T5815
6417,T5819
6418,T5787
6419,T5723
6420,T5821
6421,T5748
6422,T5752
6423,T5708
6424,T5830
6425,T5697
6426,T5822
6427,T5770
6428,T5739
6429,T5535
6430,T5705
6431,T5736
6432,T5831
6433,T5837
6434,T5778
6435,T5774
6436,T5714
6437,T5798
6438,T5838
6439,T5743
6440,T5733
6441,T5839
6442,T5786
6443,T5698
6444,T6S1367
6445,T5810
6446,T5755
6447,T5754
6448,T5716
6449,T5793
6450,T5694
6451,T5742
6452,T5703
6453,T5730
6454,T5773
6455,T5785
6456,T5715
6457,T5S1952
6458,T5760
6459,T5832
6460,T5726
6461,T5734
6462,T5727
6463,T5712
6464,T5731
6465,T5769
6466,T5720
6467,T5789
6468,T5747
6469,T5813
6470,T5758
6471,T5746
6472,T5756
6473,T5690
6474,T5737
6475,T5845
6476,T5803
6477,T5735
6478,T5820
6479,T5689
6480,T5750
6481,T5844
6482,T5814
6483,T5795
6484,T5762
6485,T5772
6486,T5799
6487,T5791
6488,T5790
6489,T5763
6490,T5781
6491,T5767
6492,T5729
6493,T5828
6494,T5707
6495,T5788
6496,T5688
6497,T5666
6498,T5692
6499,T5779
6500,T5710
6501,T5771
6502,T5738
6503,T5827
6504,T5648
6505,T5829
6506,T5713
6507,T5740
6508,T5800
6509,T5783
6510,T5816
6511,T5749
6512,T5711
6513,T5701
6514,T5807
6515,T5741
6516,T5817
6517,T6412
6518,T7109
6519,T5854
6520,T5858
6521,T5856
6522,T5938
6523,T6105
6524,T7120
6525,T5882
6526,T5942
6527,T6635
6528,T5855
6529,T6851
6530,T6000
6531,T5857
6532,T5943
6533,T7101
6534,T5883
6535,T7115
6536,T5891
6537,T5836
6538,T5956
6539,T7110
6540,T7100
6541,T5963
6542,T6060
6543,T5872
6544,T5878
6545,T5879
6546,T6969
6547,T5884
6548,T6071
6549,T5964
6550,T6409
6551,T5965
6552,T5796
6553,T5978
6554,T5761
6555,T7108
6556,T5841
6557,T5863
6558,T7112
6559,T5745
6560,T5993
6561,T6884
6562,T5953
6563,T7134
6564,T7124
6565,T6114
6566,T6330
6567,T6147
6568,T6799
6569,T6144
6570,T5886
6571,T5967
6572,T7125
6573,T6195
6574,T5939
6575,T7111
6576,T5633
6577,T5912
6578,T6815
6579,T5887
6580,T6828
6581,T5842
6582,T7132
6583,T7093
6584,T5987
6585,T5997
6586,T6220
6587,T5840
6588,T5835
6589,T5888
6590,T6987
6591,T7113
6592,T5850
6593,T5880
6594,T5873
6595,T5979
6596,TN7059
6597,T6881L
6598,TQ0008
6599,TQ0062
6600,T10232
6601,T17946
6602,T18540
6603,T14379
6604,T12711
6605,T15096
6606,T15246
6607,T12928
6608,T13048
6609,T11539
6610,T13305
6611,T13325
6612,T15507
6613,T15623
6614,T13416
6615,T11680
6616,T16075
6617,T16091
6618,T19399
6619,T11851
6620,T21425
6621,T22665
6622,T22959
6623,T22974
6624,T22981
6625,T23107
6626,T24410
6627,T23861
6628,T26543
6629,T27154
6630,T29111
6631,T35233
6632,T9601
6633,T9582
6634,T4605
6635,TQ0318L
6636,T9587
6637,T25268L
6638,T6303L
6639,T9584
6640,T9575
6641,T7586
6642,TN1016
6643,TN1202
6644,TN1237
6645,TN2158
6646,T19438
6647,T19445
6648,T13789
6649,T13791
6650,T19493
6651,T13803
6652,T12438
6653,T10023
6654,T19094
6655,T19129
6656,T19138
6657,T13633
6658,T18494
6659,T19189
6660,T10389
6661,T15130
6662,T15371
6663,T13675
6664,T11209
6665,T13692
6666,T13600
6667,T13601
6668,T11533
6669,T15700
6670,T11760
6671,T15781
6672,T10098
6673,T16522
6674,T16681
6675,T13752
6676,T16763
6677,T16952
6678,T17244
6679,T22316
6680,TN2730
6681,TN3604
6682,TN3866
6683,TN4619
6684,T20682
6685,T21095
6686,T22921
6687,T23132
6688,T23154
6689,T23160
6690,T23172
6691,T23204
6692,T23259
6693,T23322
6694,T19930
6695,T20113
6696,T24166
6697,T25817
6698,T25376
6699,T26690
6700,T28628
6701,T29112
6702,T31011
6703,T31101
6704,T34746
6705,TN6832
6706,TN6848
6707,TN6928
6708,TN6953
6709,TN6961
6710,TN7092
6711,T9594
6712,T9589
6713,T9593
6714,TN7094
6715,T9591
6716,T9592
6717,T9590
6718,TN7106
6719,TN7091
6720,TN7098
6721,T9602
6722,TN7105
6723,T9621
6724,TN7086
6725,T19893
6726,T9599
6727,T9595
6728,T9596
6729,TN1683
6730,T19444
6731,T19456
6732,T19459
6733,T14591
6734,T14380
6735,T10392
6736,T14955
6737,T13276
6738,T13480
6739,T11799
6740,T11929
6741,T12013
6742,T12015
6743,T22337
6744,T20626
6745,T17303
6746,T22889
6747,T23104
6748,T23116
6749,T23371
6750,T24269
6751,T25196
6752,T24977
6753,T33470
6754,T9597
6755,T9472
6756,T9628
6757,T12896L
6758,T22811L
6759,T22932L
6760,T23077L
6761,T7548
6762,TN1160
6763,T19497
6764,T19498
6765,T10007
6766,T19083
6767,T13481
6768,T14301
6769,T15396
6770,T12886
6771,T10693
6772,T11696
6773,T22285
6774,T6677
6775,T24398
6776,T27677
6777,T31467
6778,T9687
6779,T19112L
6780,T19114L
6781,T9624
6782,T9728
6783,T9719
6784,TN1244
6785,T12196
6786,T12470
6787,T13499
6788,T15424
6789,T13350
6790,T16045
6791,T22922
6792,T9620
6793,T20172L
6794,T9632
6795,T35841
6796,T2647
6797,T2648
6798,T2649
6799,T2650
6800,T2651
6801,T2652
6802,T2653
6803,T2654
6804,T2655
6805,T2656
6806,T2657
6807,T2659
6808,T2660
6809,T2661
6810,T2662
6811,T2663
6812,T2664
6813,T2665
6814,T2666
6815,T2667
6816,T2668
6817,T2669
6818,T2670
6819,T2671
6820,T2672
6821,T2673
6822,T2674
6823,T2675
6824,T2676
6825,T2677
6826,T2678
6827,T2679
6828,T2680
6829,T2681
6830,T2682
6831,T2683
6832,T2684
6833,T2685
6834,T2686
6835,T2687
6836,T2688
6837,T2689
6838,T2690
6839,T2692
6840,T2693
6841,T2694
6842,T2695
6843,T2696
6844,T2697
6845,T2698
6846,T2700
6847,T2701
6848,T2702
6849,T2703
6850,T2704
6851,T2705
6852,T2706
6853,T2707
6854,T2708
6855,T2709
6856,T2710
6857,T2711
6858,T2712
6859,T2713
6860,T2715
6861,T2716
6862,T2717
6863,T2718
6864,T2719
6865,T2720
6866,T2721
6867,T2722
6868,T2723
6869,T2724
6870,T2726
6871,T2727
6872,T2728
6873,T2729
6874,T2731
6875,T2732
6876,T2735
6877,T2736
6878,T2737
6879,T2738
6880,T2739
6881,T2740
6882,T2741
6883,T2743
6884,T2744
6885,T2745
6886,T2747
6887,T2748
6888,T2749
6889,T2750
6890,T2751
6891,T2752
6892,T2753
6893,T2754
6894,T2755
6895,T2756
6896,T2757
6897,T2758
6898,T2759
6899,T2760
6900,T2761
6901,T2762
6902,T2763
6903,T2764
6904,T2765
6905,T2766
6906,T2767
6907,T2768
6908,T2769
6909,T2770
6910,T2771
6911,T2772
6912,T2773
6913,T2774
6914,T2775
6915,T2776
6916,T2777
6917,T2778
6918,T2779
6919,T2780
6920,T2781
6921,T2782
6922,T2784
6923,T2785
6924,T2786
6925,T2787
6926,T2789
6927,T2790
6928,T2791
6929,T2792
6930,T2793
6931,T2794
6932,T2795
6933,T2798
6934,T2799
6935,T2800
6936,T2801
6937,T2802
6938,T2803
6939,T2804
6940,T2805
6941,T2807
6942,T2808
6943,T2809
6944,T2810
6945,T2811
6946,T2812
6947,T2813
6948,T2814
6949,T2815
6950,T2816
6951,T2817
6952,T2818
6953,T2819
6954,T2820
6955,T2821
6956,T2822
6957,T2824
6958,T2825
6959,T2826
6960,T2827
6961,T2828
6962,T2829
6963,T2830
6964,T2831
6965,T2832
6966,T2833
6967,T2834
6968,T2835
6969,T2836
6970,T2837
6971,T2838
6972,T2839
6973,T2840
6974,T2841
6975,T2842
6976,T2843
6977,T2844
6978,T2845
6979,T2846
6980,T2847
6981,T2848
6982,T2850
6983,T2851
6984,T2852
6985,T2853
6986,T2854
6987,T2855
6988,T2856
6989,T2857
6990,T2858
6991,T2859
6992,T2860
6993,T2861
6994,T2862
6995,TN1238
6996,TN1873
6997,TN2010
6998,TN2027
6999,T12109
7000,T12237
7001,T12309
7002,T12437
7003,T12480
7004,T12503
7005,T10207
7006,T10977
7007,T19294
7008,T17325
7009,T17719
7010,T17924
7011,T18229
7012,T18363
7013,T18408
7014,T18467
7015,T18476
7016,T18513
7017,T14336
7018,T14776
7019,T14968
7020,T11139
7021,T19314
7022,T19317
7023,T11580
7024,T15677
7025,T13376
7026,T16499
7027,T16571
7028,T18485
7029,T18617
7030,T16923
7031,T16949
7032,T17256
7033,T22341
7034,T2S1635
7035,T2S1749
7036,T21355
7037,T22583
7038,T23027
7039,T19698
7040,T19748
7041,T19758
7042,T19764
7043,T23782
7044,T26288
7045,T26684
7046,T27837
7047,T28482
7048,T34532
7049,TN6890
7050,TN6895
7051,TN6919
7052,TN6960
7053,T9315
7054,T9514
7055,T9532
7056,T9496
7057,TN7030
7058,T9521
7059,T9505
7060,T9525
7061,T9528
7062,T9389
7063,T9401
7064,T9543
7065,T9386
7066,T9353
7067,T9545
7068,T9512
7069,T9503
7070,T9495
7071,T9460
7072,T21503
7073,T22175L
7074,T9523
7075,TQ0018
7076,TN1029
7077,TN1325
7078,TN1709
7079,TN2282
7080,T12207
7081,T12247
7082,T12302
7083,T12359
7084,T13507
7085,T18895
7086,T18890
7087,T18901
7088,T18903
7089,T14048
7090,T14065
7091,T17407
7092,T14280
7093,T14319
7094,T14364
7095,T14933
7096,T14941
7097,T11249L
7098,T11409
7099,T15782
7100,T16164
7101,T19031
7102,T18614
7103,T22254
7104,T22329
7105,TJS1779
7106,TN4761
7107,T20519
7108,T20587
7109,T20789
7110,T20898
7111,T21029
7112,T21285
7113,T21419
7114,T21447
7115,T22463
7116,T22464
7117,T22517
7118,T22595
7119,T22654
7120,T23101
7121,T19784
7122,T19786
7123,T19797
7124,T19802
7125,T19803
7126,T19805
7127,T20290
7128,T20347
7129,T20388
7130,T20436
7131,T26235
7132,T26795
7133,T28754
7134,T30798
7135,TN7031
7136,T21667
7137,T9549
7138,T9533
7139,T9552
7140,TQ0068
7141,TQ0092
7142,TN1817
7143,TN1968
7144,T12324
7145,T13492
7146,T17565
7147,T17590
7148,T17591
7149,T17668
7150,T18537
7151,T18560
7152,T18629
7153,T12670
7154,T15012
7155,T15352
7156,T15405
7157,T13083L
7158,T11326
7159,T11558
7160,T10814
7161,T16540
7162,T16557
7163,T16762
7164,T11908
7165,T11997
7166,T17179
7167,T22674
7168,T19794
7169,T19853
7170,T24477
7171,T25150
7172,T9430
7173,T9518
7174,T22624L
7175,TQ0251
7176,T12024
7177,T12110
7178,T12223
7179,T12574
7180,T18909
7181,T19271
7182,T17682
7183,T17877
7184,T17913
7185,T18574
7186,T18588
7187,T14131
7188,T14381
7189,T13017
7190,T10521
7191,T10618
7192,T11600
7193,T15660
7194,T16834
7195,T22394
7196,TN4943
7197,T22545
7198,T22553
7199,T22632
7200,T23213
7201,T23450
7202,T19735
7203,T19781
7204,T19822
7205,T20157
7206,T9561
7207,TN7038
7208,T9558
7209,TN7040
7210,T9550
7211,TN7035
7212,TN7039
7213,T9501
7214,T9179
7215,TN7041
7216,TN7033
7217,TN7036
7218,TQ0217
7219,TN1059
7220,TN1569
7221,TN1643
7222,T19526
7223,T12564
7224,T12581
7225,T12588
7226,T19081
7227,T19082
7228,T10017
7229,T19115
7230,T11060
7231,T18035
7232,T18143
7233,T18184
7234,T18276
7235,T18295
7236,T18529
7237,T18656
7238,T12678
7239,T12933
7240,T12987
7241,T11254
7242,T11526
7243,T11571
7244,T13184
7245,T13301
7246,T19237
7247,T15550
7248,T16277
7249,T19069
7250,T19424
7251,T20642
7252,T20663
7253,T7858
7254,T21385
7255,T21390
7256,T21430
7257,T21444
7258,T22636
7259,T22697
7260,T22726
7261,T22735
7262,T22739
7263,T22748
7264,T22842
7265,T22851
7266,T22904
7267,T23358
7268,T19829
7269,T19857
7270,T19866
7271,T19897
7272,T24855
7273,T24656
7274,T26644
7275,T27242
7276,T27307
7277,T32253
7278,T9571
7279,TN7093
7280,TN7043
7281,TN7044
7282,T9567
7283,TN7083
7284,TN7047
7285,TN7090
7286,TN7050
7287,TN7087
7288,TN7045
7289,TN7082
7290,TN7079
7291,TN7097
7292,TN7075
7293,TN7048
7294,TN7089
7295,T9537
7296,TN7085
7297,TN7034
7298,TN7078
7299,TN7077
7300,T40016
7301,TN7051
7302,TN7073
7303,TN7076
7304,TQ0317
7305,TN1560
7306,TN1856
7307,TN2029
7308,TN2033
7309,TN2043
7310,TN2071
7311,TN2329
7312,T12264
7313,T12451
7314,T12500
7315,T12573
7316,T19085
7317,T13513
7318,T13515
7319,T19301
7320,T14116
7321,T18675
7322,T18787
7323,T14490
7324,T12612
7325,T14775
7326,T14979
7327,T14982
7328,T12796
7329,T12961
7330,T12962
7331,T13033
7332,T13115
7333,T13131
7334,T11218
7335,T11579
7336,T13167
7337,T15568
7338,T18976
7339,T11657
7340,T11684
7341,T11738
7342,T15773
7343,T16850
7344,T22448
7345,T22508
7346,T22790
7347,T22817
7348,T22843
7349,T22852
7350,T22936
7351,T22956
7352,T22980
7353,T22988
7354,T23044
7355,T23046
7356,T23384
7357,T19706
7358,T19799
7359,T19820
7360,T19841
7361,T8343
7362,T19859
7363,T19861
7364,T19865
7365,T23636
7366,T26193
7367,T26399
7368,T26859
7369,T28886
7370,T29110
7371,TN7068
7372,T9494
7373,T9349
7374,TN7103
7375,T9576
7376,T9636
7377,TN7060
7378,T9568
7379,T9577
7380,TN7058
7381,T40028
7382,T9635
7383,T9578
7384,TN7071
7385,TN7056
7386,TN7054
7387,TN7057
7388,TN7053
7389,T9583
7390,TN7070
7391,TN7064
7392,TN7066
7393,TN7063
7394,TN7069
7395,T16783
7396,T16801
7397,T11877
7398,T11942
7399,T17180
7400,T17181
7401,T17238
7402,T22324
7403,T22417
7404,T3S0006
7405,T4073
7406,TN3131
7407,TN3651
7408,T20939
7409,T20993
7410,T21389
7411,T22757
7412,T23372
7413,T23513
7414,T23514
7415,T3564
7416,T19719
7417,T19807
7418,T19864
7419,T20076
7420,T20095
7421,T20366
7422,T24047
7423,T24827
7424,T23777
7425,T25180
7426,T26397
7427,T26619
7428,T27076
7429,T27673
7430,T29123
7431,T31206
7432,T31482
7433,T31675
7434,T31724
7435,T21569
7436,T9327
7437,T9319
7438,T9335
7439,T9357
7440,T9330
7441,T9332
7442,T9326
7443,T9343
7444,T9328
7445,T21899
7446,T21703
7447,T9358
7448,T9371
7449,T0331L
7450,T9354
7451,T21813
7452,T9342
7453,T9341
7454,T9350
7455,T3158L
7456,T9050
7457,T9346
7458,T21651
7459,T21659
7460,T9368
7461,T9307
7462,T21607
7463,T21712
7464,T9361
7465,T9321
7466,T9289
7467,T21499
7468,T21665
7469,TN6796
7470,T9367
7471,T5843L
7472,T9340
7473,T21634
7474,T21615
7475,T40000
7476,T40006
7477,T40007
7478,T40008
7479,T40011
7480,T40012
7481,T40013
7482,T40014
7483,T40015
7484,T40004
7485,T40002
7486,T40009
7487,T40001
7488,T40003
7489,T10885
7490,T13979
7491,T11726
7492,T16153
7493,T16328
7494,T16429
7495,T16500
7496,T16566
7497,T11836
7498,T16784
7499,T17323
7500,T17032
7501,T22269
7502,T22271
7503,T22274
7504,T22276
7505,T22295
7506,T22298
7507,T22301
7508,T22304
7509,T22307
7510,T22311
7511,T22321
7512,T22328
7513,T22330
7514,T22348
7515,T22352
7516,T22360
7517,T22363
7518,T22365
7519,T22366
7520,T22373
7521,T22374
7522,T22389
7523,T22398
7524,T22402
7525,T22415
7526,T22419
7527,T22424
7528,T22425
7529,T22426
7530,T22428
7531,T22443
7532,T22446
7533,T22458
7534,TJS2216
7535,TMA2270
7536,TN3194
7537,TN4674
7538,TN5263
7539,T20681
7540,T21000
7541,T21435
7542,T22518
7543,T22542
7544,T23389
7545,T20344
7546,T25529
7547,T26519
7548,T27407
7549,T28222
7550,T29737
7551,T33467
7552,T33604
7553,T9400
7554,T9256
7555,T9416
7556,T21757
7557,T22216
7558,TN1139L
7559,T64336
7560,T9397
7561,T9369L
7562,T21788
7563,T21785
7564,T64338
7565,T64320
7566,T64340
7567,T22221
7568,T9403
7569,T64339
7570,T9334
7571,T21520
7572,T10142L
7573,T64337
7574,T40017
7575,T7752
7576,T21995
7577,T22245
7578,T64341
7579,T7760
7580,T9410
7581,T21635
7582,T9376
7583,T21546
7584,T21673
7585,T40020
7586,T9375
7587,T9394
7588,T9366
7589,T21746
7590,T9399
7591,T22220
7592,T9377
7593,T50081
7594,T9125
7595,TN6739
7596,TN6742
7597,T9150
7598,T9060
7599,T9152
7600,TN6755
7601,T9143
7602,T9153
7603,T5498
7604,T9132
7605,TN6740
7606,TN6756
7607,T8772
7608,TN6757
7609,TN6758
7610,TN6759
7611,TN6760
7612,T9144
7613,T22103
7614,T7607
7615,T7068
7616,TQ0038
7617,TQ0056
7618,TQ0124
7619,TQ0131
7620,TQ0132
7621,TQ0135
7622,TQ0256
7623,TQ0300
7624,TN1026
7625,TN1092
7626,TN1132
7627,TN1136
7628,TN1213
7629,TN1544
7630,TN2058
7631,TN2082
7632,T12154
7633,T19464
7634,T12398
7635,T10005L
7636,T19282
7637,T16698
7638,T14022
7639,T15976
7640,T14341
7641,T14377
7642,T14494
7643,T12613L
7644,T14694
7645,T12710
7646,T13536
7647,T10356
7648,T10393
7649,T14835
7650,T15079
7651,T15162
7652,T15260
7653,T12850
7654,T8428
7655,T11265
7656,T17022
7657,T11138L
7658,T10199
7659,T19382
7660,T15775
7661,T16812
7662,T16087
7663,T16162
7664,T16223
7665,T20812
7666,T11485
7667,T15798
7668,T15821
7669,T16710
7670,T11845
7671,T12718L
7672,T16910
7673,T13383
7674,T17023
7675,T11399
7676,T13395L
7677,T21153
7678,T21351
7679,T22678
7680,T23312
7681,T23348
7682,T20168
7683,TN6464
7684,T28167
7685,T28410
7686,T28454
7687,T29017
7688,T21506
7689,T21790
7690,T5555
7691,TN6747
7692,TN6748
7693,T8943
7694,T9189
7695,T22223
7696,T9164
7697,TN6746
7698,T9168
7699,T9173
7700,T9119
7701,T9128
7702,T9172
7703,T9167
7704,T9165
7705,TN6749
7706,T21977
7707,T9157
7708,TN6750
7709,T9169
7710,T9095
7711,TD0081
7712,TN6751
7713,T22027
7714,TN6752
7715,TN6738
7716,TQ0122L
7717,T10463L
7718,TP1305L
7719,TP2334
7720,T15409
7721,T12849
7722,T12908
7723,T11284
7724,T11344
7725,T10467
7726,T18920
7727,T18924
7728,TQ0040
7729,TQ0255
7730,TN1248
7731,TN1249
7732,TN1804
7733,TN1975
7734,T12097
7735,T13780
7736,T12154L
7737,T12165
7738,T12268
7739,T19487
7740,T12277
7741,T12499
7742,T18881
7743,T18885
7744,T18892
7745,T18889
7746,T18902
7747,T10216
7748,T10237
7749,T10935
7750,T14050
7751,T15051
7752,T15792
7753,T16742
7754,T15175
7755,T14565
7756,T13857
7757,T18913
7758,T18916
7759,T10423
7760,T14973
7761,T15050
7762,T15174
7763,T15274
7764,T11342L
7765,T18925
7766,T10687
7767,T10690
7768,T11517
7769,T11598
7770,T11616
7771,T11634
7772,T15562
7773,T11723L
7774,T15635
7775,T11766L
7776,T18962
7777,T18968
7778,T18974
7779,T18983
7780,T15945
7781,T16111
7782,T16161
7783,T16342
7784,T19057
7785,T19073
7786,T11765
7787,T16761
7788,T16776
7789,T12824L
7790,T11925
7791,T16939
7792,T9733
7793,T9734
7794,TN1403
7795,T10464L
7796,T14033
7797,T14408
7798,T14529
7799,T15263
7800,T12774
7801,T16037
7802,T16343
7803,T13542
7804,T16539
7805,T16696
7806,T12897L
7807,T16930
7808,T16951
7809,T17254
7810,T20540
7811,T20545
7812,T23071
7813,T19638
7814,T7724
7815,T7727
7816,T20013
7817,T23840
7818,T24141
7819,T24679
7820,T24680
7821,T24243
7822,T23820
7823,T26046
7824,T26539
7825,T27499
7826,T28169
7827,T28368
7828,T29201
7829,T34896
7830,T6360
7831,T7058
7832,T38144
7833,T37298
7834,T21919
7835,T9692
7836,T38050
7837,T9752
7838,T9387
7839,T36786
7840,T9747
7841,T40351
7842,T9604
7843,T40192
7844,T9627
7845,T19518L
7846,T38624
7847,T36692
7848,T9732
7849,T39957
7850,T25913L
7851,T9727
7852,T36083
7853,T9726
7854,T38238
7855,T38236
7856,T9542
7857,T4282
7858,T5952
7859,T38239
7860,T9735
7861,T35795
7862,T38237
7863,T9704
7864,TQ0273
7865,TN1064
7866,TN1137
7867,TN1777
7868,TN2232
7869,TN2341
7870,T12019
7871,T12361
7872,T12526
7873,T10202
7874,T14002
7875,T14004
7876,T16218
7877,T10413
7878,T14860
7879,T12786
7880,T12930
7881,T12941
7882,T11363
7883,T13174
7884,T13230
7885,T13268
7886,T15427
7887,T15646
7888,T13398
7889,T16679
7890,T11793
7891,T2S1194
7892,T20623
7893,T20625
7894,T20738
7895,T21254
7896,T22616
7897,T22702
7898,T22884
7899,T22994
7900,T23291
7901,T19954
7902,T19958
7903,T20000
7904,T20110
7905,T20319
7906,T20362
7907,T20501
7908,TN6339
7909,T24918
7910,T23733
7911,T26712
7912,T27029
7913,T27478
7914,T27730
7915,T28199
7916,T29137
7917,T29328
7918,T33514
7919,TD0085
7920,T9753
7921,T36850
7922,T9370
7923,T8210
7924,T38843
7925,T9697
7926,T9688
7927,T21591
7928,T9685
7929,T9705
7930,T9723
7931,T9706
7932,T39233
7933,T9680
7934,T36866
7935,T37571
7936,T36790
7937,T37341
7938,T37514
7939,T38155
7940,T37345
7941,T37508
7942,T8860
7943,T36949
7944,T36971
7945,T36944
7946,T9751
7947,T24446L
7948,T9717
7949,T36520
7950,T9744
7951,T9678
7952,T35689
7953,T35427
7954,T9679
7955,T19343L
7956,T35362
7957,T9683
7958,T39986
7959,T38332
7960,T35610
7961,T38003
7962,T39785L
7963,T9570
7964,T9741
7965,TN7108
7966,T35557
7967,T9721
7968,T37753
7969,T9745
7970,T37009
7971,T9629
7972,T9748
7973,T9725
7974,T9743
7975,T9722
7976,T9631
7977,T9630
7978,T9724
7979,T9557
7980,T35544
7981,T5329
7982,T9554
7983,T5142
7984,T9672
7985,T37688
7986,T35353
7987,T36816
7988,T36914
7989,T21495
7990,T9750
7991,T38240
7992,TQ0020
7993,TQ0172
7994,TQ0280
7995,TQ0284
7996,TN1056
7997,TN1067
7998,TN1114
7999,TN1373
8000,TN1414
8001,TN1425
8002,TN1493
8003,TN1661
8004,TN1788
8005,TN1849
8006,TN1859
8007,TN1879
8008,TN2088
8009,T19466
8010,T12306
8011,T19500
8012,T12412L
8013,T10075
8014,T13485
8015,T10107
8016,T13500
8017,T14044
8018,T18566
8019,T14388
8020,T14897
8021,T14898
8022,T14960
8023,T15053
8024,T15102
8025,T15195
8026,T15235
8027,T15277
8028,T15385
8029,T15391
8030,T12855
8031,T12911
8032,T12912
8033,T12998
8034,T13099
8035,T13147
8036,T11142
8037,T13703
8038,T13581
8039,T10667
8040,T11546
8041,T19586
8042,T13238
8043,T13616
8044,T15546
8045,T15597
8046,T15697
8047,T15712
8048,T15720
8049,T10435
8050,T13397
8051,T13411
8052,T11669
8053,T13738
8054,T11722
8055,T15810
8056,T16420
8057,T16545
8058,TMA2474
8059,TN4234
8060,T20571
8061,T20622
8062,T20691
8063,T20711
8064,T20761
8065,T20770
8066,T20774
8067,T20800
8068,T21022
8069,T22708
8070,T22782
8071,T22991
8072,T23109
8073,T23339
8074,T23351
8075,T19673
8076,T1171L
8077,T19858
8078,T19917
8079,T19983
8080,T20023
8081,T20080
8082,T20263
8083,T20341
8084,T24729
8085,T24706
8086,T24897
8087,T24030
8088,T25049
8089,TN6714
8090,T27172
8091,T27205
8092,T27719
8093,T27835
8094,T28531
8095,T32658L
8096,T33676
8097,T33828
8098,TN6951
8099,TN6991
8100,T36125
8101,T36141
8102,T36587
8103,T36789
8104,T36818
8105,T36968
8106,T37071
8107,T37101
8108,T37482
8109,T37501
8110,T37512
8111,T37709
8112,T37734
8113,T37886
8114,T38192
8115,T38294
8116,T38400
8117,T38465
8118,T38514
8119,T38958
8120,T39429
8121,T40276
8122,T40585
8123,T5505
8124,T21727
8125,T9715
8126,T9703
8127,T9675
8128,T21868
8129,T35384
8130,T9800
8131,T9716
8132,T21620
8133,T3036
8134,T9780
8135,T5848
8136,T9781
8137,T38318L
8138,T29457L
8139,T22933L
8140,T23076L
8141,T23237L
8142,T22752L
8143,T22928L
8144,T9776
8145,T9778
8146,T32098L
8147,T9702
8148,T21859
8149,T35398
8150,T9531
8151,T9777
8152,T21593
8153,T9784
8154,T9785
8155,T9588
8156,T9779
8157,T22118
8158,T12997
8159,T21854
8160,T9600
8161,T9783
8162,T5579
8163,TQ0026
8164,TQ0289
8165,TN1624
8166,TN2101
8167,T10022
8168,T15109
8169,T15418
8170,T11224
8171,T11501
8172,T13278
8173,T13385
8174,T13408
8175,T16530
8176,T16789
8177,T12016
8178,T16911
8179,T16967
8180,T5757
8181,TN3209
8182,TN3910
8183,T20720
8184,T20797
8185,T20804
8186,T20847
8187,T20950
8188,T23403
8189,T23481
8190,T23521
8191,T19672
8192,TMS0943
8193,TN1600
8194,TN1836
8195,TQ0065
8196,TN1198
8197,TN1345
8198,TN2097
8199,TN1121
8200,TN1453
8201,TN2202
8202,T25821
8203,TN1342
8204,T13686
8205,TN1933
8206,T25476
8207,T16861
8208,T14830
8209,T17267
8210,T28972
8211,T15799
8212,TN1529
8213,T19106
8214,T25048
8215,T13808
8216,TN2281
8217,T14921
8218,T16347
8219,T10590
8220,T17217
8221,T10549
8222,T22514
8223,T12125
8224,T15237
8225,T14978
8226,T8333
8227,T22788
8228,T14961
8229,TN4871
8230,T3454
8231,T9087
8232,T9141
8233,TN6737
8234,TN6734
8235,TN6736
8236,T0124
8237,TN6735
8238,T2068
8239,T9137
8240,T6568
8241,T9138
8242,T15369L
8243,T9111
8244,T22574L
8245,TP1617L
8246,TP1730L
8247,TP2359
8248,T9117
8249,T4294
8250,T9142
8251,T9127
8252,T3515
8253,TP1852L
8254,T9140
8255,TP2158L1
8256,T9107
8257,T8422
8258,T9139
8259,T0245
8260,TMS2171
8261,TN6731
8262,TQ0023
8263,TQ0041
8264,TQ0042
8265,TQ0081
8266,TQ0086
8267,TQ0110
8268,TQ0113
8269,TQ0117
8270,TQ0197
8271,TQ0292
8272,TQ0311
8273,TN1022
8274,TN1025
8275,TN1043
8276,TN1073
8277,TN1110
8278,TN1130
8279,TN1196
8280,TN1222
8281,TN1291
8282,TN1295
8283,TN1341
8284,TN1343
8285,TN1369
8286,TN1384
8287,TN1427
8288,TN1429
8289,TN1432
8290,TN1465
8291,TN1576
8292,TN1652
8293,TN1675
8294,TN1754
8295,TN1757
8296,TN1786
8297,TN1800
8298,TN1819
8299,TN1828
8300,TN1922
8301,TN1987
8302,TN2080
8303,TN2121
8304,TN2182
8305,TN2241
8306,TN2275
8307,TN2316
8308,TN2376
8309,T12079
8310,T19431
8311,T19433
8312,T12139
8313,T12297
8314,T12323
8315,T13822
8316,T10117
8317,T13516
8318,T13640
8319,T11047
8320,T14008
8321,T14148
8322,T14353
8323,T14358
8324,T10336
8325,T14852
8326,T14894
8327,T14913
8328,T13018
8329,T11175
8330,T13681
8331,T11351
8332,T11505
8333,T11561
8334,T13164
8335,T13194
8336,T13272
8337,T13275
8338,T10758L
8339,T10826
8340,T13356
8341,T11689
8342,T15794
8343,T15795
8344,T15942
8345,T16383
8346,T16412
8347,T16506
8348,T16518
8349,T16703
8350,T11811
8351,T12877L
8352,T16966
8353,T17033
8354,T17038
8355,T22362
8356,T22371
8357,T22396
8358,T3S1692
8359,T5722
8360,T7190
8361,TN2496
8362,TN3695
8363,TN3861
8364,TN4818
8365,T20741
8366,T21469
8367,T22891
8368,T23394
8369,T19823
8370,T20003
8371,T20055
8372,T20128
8373,TN5888
8374,TN6162
8375,TN6700
8376,T25956
8377,TP1527
8378,TP1918L1
8379,TP1844L
8380,T6840L
8381,T21250L
8382,T7206L
8383,T9106
8384,TN6743
8385,T9155
8386,TN6733
8387,TN6745
8388,T9151
8389,TN6754
8390,T19889
8391,T20102
8392,T20237
8393,T24214
8394,T24170
8395,T23854
8396,T26745
8397,T27061
8398,T28020
8399,T30937
8400,T31716
8401,T35317
8402,TN6962
8403,TN7017
8404,T35367
8405,T35856
8406,T36674
8407,T36682
8408,T36951
8409,T37190
8410,T37197
8411,T37314
8412,T37906
8413,T38272
8414,T38361
8415,T38815
8416,T38948
8417,T38953
8418,T39284
8419,T39318
8420,T39516
8421,T39668
8422,T39669
8423,T21508
8424,T21729
8425,T9827
8426,T9573
8427,T11527L
8428,T36926L
8429,T9696
8430,T9787
8431,T9826
8432,T9808
8433,T21853
8434,TQ0274
8435,TQ0282
8436,TQ0305
8437,TN1722
8438,T12069
8439,T12282
8440,T13482
8441,T13502
8442,T13522
8443,T15030
8444,T15497
8445,T17697
8446,T17953
8447,T18318
8448,T15171
8449,T14194
8450,T14522
8451,T10300
8452,T14854
8453,T14975
8454,T15108
8455,T15133
8456,T15413
8457,T12767
8458,T12847
8459,T12909
8460,T12918
8461,T12931
8462,T13114
8463,T11281L
8464,T11301L
8465,T11305
8466,T11488
8467,T11569
8468,T13244
8469,T13288
8470,T13321
8471,T15551
8472,T19004
8473,T19005
8474,T13386
8475,T16124
8476,T16129
8477,T16133
8478,T16140
8479,T16280
8480,T13576
8481,T16432
8482,T16682
8483,T11872L
8484,T17156
8485,TN2440
8486,T20702
8487,T20759
8488,T20889
8489,T21354
8490,T22814
8491,T22883
8492,T23380
8493,T23478
8494,T23508
8495,TP1888L1
8496,T20604L
8497,T9614
8498,T9615
8499,T9616
8500,T9834
8501,TP2485
8502,T9611
8503,T9612
8504,T9146
8505,T9609
8506,T9617
8507,T9618
8508,T8553
8509,T9564
8510,T35834L
8511,T37207L
8512,T9293
8513,T9835
8514,T21529
8515,T9622
8516,T9852
8517,T9853
8518,T9833
8519,T9836
8520,TD0093
8521,T23552
8522,T19679
8523,T19774
8524,T3285L
8525,T19959
8526,T19982
8527,T20041
8528,T24134
8529,T24540
8530,T24925
8531,T23695
8532,T24943
8533,T25635
8534,T9011
8535,T26923
8536,T27635
8537,T27828
8538,T28178
8539,T28479
8540,T28958
8541,T12478L
8542,T29842
8543,T30190
8544,T31964
8545,T34603
8546,T35326
8547,T35333
8548,T35343
8549,T35364
8550,T35407
8551,T35900
8552,T36670
8553,T36902
8554,T37149
8555,T37340
8556,T37596
8557,T37600
8558,T37885
8559,T38293
8560,T38662
8561,T38684
8562,T39508
8563,T39635
8564,T39695
8565,T39738
8566,T39887
8567,T39910
8568,T39924
8569,T39994
8570,T40042
8571,T40045
8572,T40122
8573,T40130
8574,T40179
8575,T40247
8576,T40254
8577,T40370
8578,T40377
8579,T40388
8580,T40417
8581,T40477
8582,T40569
8583,T40588
8584,T40615
8585,T40686
8586,T40711
8587,T9610
8588,T9711
8589,T9714
8590,TN7169
8591,TN7170
8592,TN7171
8593,TN7172
8594,TN7173
8595,TN7174
8596,TN7175
8597,TN7176
8598,TN7177
8599,TN7178
8600,TN7179
8601,TN7180
8602,TN7181
8603,TN7182
8604,TN7183
8605,TN7184
8606,TN7185
8607,TN7186
8608,TN7187
8609,TN7188
8610,TN7189
8611,TN7190
8612,TN7191
8613,TN7192
8614,TN7193
8615,TN7194
8616,TN7195
8617,TN7198
8618,TN7200
8619,TN7202
8620,TN7203
8621,TN7204
8622,TN7206
8623,TN7207
8624,T15788
8625,T13632
8626,T14880
8627,T13169
8628,T14502
8629,T26972
8630,T15465
8631,T10939L
8632,T23370
8633,T23446
8634,T15820
8635,T17266
8636,T14946
8637,T15266
8638,T12814
8639,T23209
8640,T23444
8641,T23470
8642,T23321
8643,T11131
8644,T23253
8645,T23471
8646,T13246
8647,T15759
8648,T12424
8649,T38344
8650,T10159
8651,T10170
8652,T10991
8653,T11199
8654,T11092
8655,T12249
8656,T10980
8657,T60112
8658,TN7209
8659,TN7136
8660,TN7137
8661,TN7146
8662,TN7144
8663,TN7143
8664,TN7155
8665,TN7147
8666,TN7138
8667,TN7135
8668,TN7148
8669,TN7158
8670,TN7156
8671,TN7208
8672,TN7205
8673,T60060
8674,T8044
8675,T39989L
8676,TN7196
8677,TN7197
8678,T21787L
8679,T35329L
8680,T9292
8681,T11220L
8682,T21861
8683,T10934
8684,T30544
8685,T14333
8686,T23523
8687,TN6673
8688,T19061
8689,T23048
8690,T38287
8691,T23074
8692,T16947
8693,T14513
8694,T38683
8695,TQ0279
8696,T37069
8697,T15009
8698,T23265
8699,T13394
8700,T12385
8701,T12383
8702,T20423
8703,TN7149
8704,TN7140
8705,TN7157
8706,TN7210
8707,T9754
8708,T60049
8709,T60122
8710,T60123
8711,T31005
8712,T26594
8713,T11757
8714,T23638
8715,T10744
8716,T37575
8717,T36347
8718,T25327
8719,T11919
8720,T22538
8721,T31488
8722,T14089
8723,T17008
8724,T19870
8725,T25867
8726,T37826
8727,T10632
8728,T10679
8729,T10682L
8730,T10730
8731,T10732
8732,T38604
8733,T12654
8734,T12339
8735,T13412
8736,T13747
8737,T37082
8738,T10927
8739,T10803
8740,T11178L
8741,T23483
8742,T12433
8743,T10922
8744,T10108
8745,T10089
8746,T10833
8747,T10853
8748,T10802
8749,T13436
8750,T12483
8751,T11230
8752,T12902
8753,T10824
8754,T11099
8755,T10929L
8756,T11097
8757,T10827
8758,T10811
8759,T10785
8760,T19337
8761,T10945
8762,T10762
8763,T40728
8764,T17070
8765,T37927
8766,T40923
8767,T38273
8768,T38509
8769,T9879
8770,TN7150
8771,TN7139
8772,TN7141
8773,T9640
8774,T41303
8775,T14362L
8776,T21852
8777,T60082
8778,T8990
8779,T21858
8780,T29522L
8781,T21738
8782,T60126
8783,T9651
8784,T9647
8785,T21777
8786,T22114
8787,T7836
8788,T2344L
8789,T60017
8790,T2O2680
8791,T2O2683
8792,T2O2701
8793,T2O2707
8794,T2O2721
8795,T2O2728
8796,T2O2730
8797,T2O2731
8798,T2O2733
8799,T2O2744
8800,T2O2770
8801,T2O2774
8802,T2O2776
8803,T2O2791
8804,T2O2798
8805,T2P2810
8806,T2P2870
8807,T2P2898
8808,T2P2919
8809,T2P2923
8810,T2P2937
8811,T2P2963
8812,T2S0007
8813,T2S0029
8814,T2S0122
8815,T2S0157
8816,T2S0164
8817,T2S0223
8818,T2S0300
8819,T2S0357
8820,T2S0389
8821,T2S0461
8822,T2S0490
8823,T2S0491
8824,T2S0493
8825,T2S0500
8826,T2S0531
8827,T2S0604
8828,T2S0618
8829,T2S0633
8830,T2S0663
8831,T2S0690
8832,T2S0712
8833,T2S0842
8834,T2S0843
8835,T2S0850
8836,T2S0973
8837,T2S1086
8838,T2S1181
8839,T2S1200
8840,T2S1434
8841,T2S1464
8842,T2S1625
8843,T2S1702
8844,T2S1720
8845,T2S1778
8846,T2S1792
8847,T2S1814
8848,T2S1837
8849,T2S1865
8850,T2S1907
8851,T2S1992
8852,T2S2003
8853,T2S2018
8854,T2S2108
8855,T2S2109
8856,T2S2150
8857,T2S2169
8858,T2S2172
8859,T2S2173
8860,T2S2215
8861,T2S2264
8862,T2S2335
8863,T2S2362
8864,T3A2414
8865,T3O2709
8866,T3O2749
8867,T3P2904
8868,T3S0013
8869,T3S0027
8870,T3S0057
8871,T3S0081
8872,T3S0128
8873,T3S0153
8874,T3S0156
8875,T3S0175
8876,T3S0195
8877,T3S0208
8878,T3S0309
8879,T3S0335
8880,T3S0364
8881,T3S0401
8882,T3S0488
8883,T3S0507
8884,T3S0601
8885,T3S0629
8886,T3S0640
8887,T3S0645
8888,T3S0693
8889,T3S0717
8890,T3S0737
8891,T3S0738
8892,T3S0807
8893,T3S0860
8894,T3S0872
8895,T3S0895
8896,T3S0970
8897,T3S1068
8898,T3S1089
8899,T3S1227
8900,T3S1251
8901,T3S1265
8902,T3S1319
8903,T3S1320
8904,T3S1390
8905,T3S1416
8906,T3S1447
8907,T3S1457
8908,T3S1471
8909,T3S1513
8910,T3S1541
8911,T3S1553
8912,T3S1589
8913,T3S1591
8914,T3S1612
8915,T3S1729
8916,T3S1775
8917,T3S1816
8918,T3S1858
8919,T3S1866
8920,T3S1873
8921,T3S1888
8922,T3S1896
8923,T3S1916
8924,T3S1944
8925,T3S1955
8926,T3S1960
8927,T3S1967
8928,T3S2007
8929,T3S2019
8930,T3S2027
8931,T3S2072
8932,T3S2105
8933,T3S2152
8934,T3S2197
8935,T3S2259
8936,T3S2296
8937,T3S2312
8938,T3S2344
8939,T3S2372
8940,T3S2381
8941,T3S2390
8942,T4A2456
8943,T4A2458
8944,T4A2462
8945,T4P2931
8946,T4S0039
8947,T4S0051
8948,T4S0094
8949,T4S0111
8950,T4S0145
8951,T4S0176
8952,T4S0290
8953,T4S0295
8954,T4S0350
8955,T4S0498
8956,T4S0536
8957,T4S0544
8958,T4S0554
8959,T4S0578
8960,T4S0590
8961,T4S0592
8962,T4S0692
8963,T4S0790
8964,T4S0794
8965,T4S0795
8966,T4S0797
8967,T4S0867
8968,T4S0878
8969,T4S0931
8970,T4S0969
8971,T4S0999
8972,T4S1024
8973,T4S1050
8974,T4S1102
8975,T4S1173
8976,T4S1312
8977,T4S1321
8978,T4S1335
8979,T4S1419
8980,T4S1422
8981,T4S1439
8982,T4S1452
8983,T4S1469
8984,T4S1519
8985,T4S1545
8986,T4S1551
8987,T4S1615
8988,T6643
8989,T6644
8990,T6646
8991,T6647
8992,T6649
8993,T6651
8994,T6652
8995,T6653
8996,T6655
8997,T6658
8998,T6659
8999,T6660
9000,T6662
9001,T6663
9002,T6664
9003,T6665
9004,T6667
9005,T6668
9006,T6669
9007,T6671
9008,T6672
9009,T6674
9010,T6675
9011,T6676
9012,T6678
9013,T6680
9014,T6681
9015,T6682
9016,T6683
9017,T6684
9018,T6685
9019,T6686
9020,T6687
9021,T6688
9022,T6689
9023,T6690
9024,T6691
9025,T6692
9026,T6694
9027,T6695
9028,T6696
9029,T6697
9030,T6698
9031,T6699
9032,T6700
9033,T6701
9034,T6702
9035,T6703
9036,T6704
9037,T6705
9038,T6706
9039,T6707
9040,T6708
9041,T6710
9042,T6711
9043,T6712
9044,T6713
9045,T6714
9046,T6715
9047,T6716
9048,T6717
9049,T6718
9050,T6720
9051,T6721
9052,T6723
9053,T6725
9054,T6726
9055,T6727
9056,T6728
9057,T6729
9058,T6730
9059,T6731
9060,T6732
9061,T6733
9062,T6734
9063,T6735
9064,T6736
9065,T6737
9066,T6738
9067,T6739
9068,T6742
9069,T6743
9070,T6744
9071,T6745
9072,T6746
9073,T6747
9074,T6748
9075,T6749
9076,T6750
9077,T6751
9078,T6752
9079,T6753
9080,T6755
9081,T6756
9082,T6757
9083,T6758
9084,T6759
9085,T6760
9086,T6761
9087,T6762
9088,T6763
9089,T6765
9090,T6766
9091,T6767
9092,T6768
9093,T6770
9094,T6771
9095,T6773
9096,T6774
9097,T6775
9098,T6776
9099,T6777
9100,T6779
9101,T6780
9102,T6781
9103,T6783
9104,T6784
9105,T6785
9106,T6786
9107,T6787
9108,T6788
9109,T6789
9110,T6790
9111,T6791
9112,T6792
9113,T6793
9114,T6794
9115,T6795
9116,T6796
9117,T6797
9118,T6798
9119,T6800
9120,T6801
9121,T6802
9122,T6805
9123,T6809
9124,T6811
9125,T6812
9126,T6813
9127,T6814
9128,T6816
9129,T6817
9130,T6818
9131,T6819
9132,T6820
9133,T6821
9134,T6822
9135,T6823
9136,T6824
9137,T6825
9138,T6826
9139,T6829
9140,T6830
9141,T6831
9142,T6832
9143,T6833
9144,T6834
9145,T6835
9146,T6836
9147,T6837
9148,T6838
9149,T6839
9150,T6840
9151,T6841
9152,T6842
9153,T6843
9154,T6844
9155,T6845
9156,T6846
9157,T6847
9158,T6848
9159,T6849
9160,T6852
9161,T6853
9162,T6854
9163,T6855
9164,T6856
9165,T6857
9166,T6858
9167,T6859
9168,T6860
9169,T6861
9170,T6862
9171,T6863
9172,T6864
9173,T6865
9174,T6866
9175,T6867
9176,T6868
9177,T6870
9178,T6871
9179,T6872
9180,T6873
9181,T6874
9182,T6875
9183,T6877
9184,T6878
9185,T6879
9186,T6880
9187,TN2148
9188,T12510
9189,T11029
9190,T11079
9191,T11106
9192,T13495
9193,T12684
9194,T10343
9195,T11319
9196,T10723
9197,T15579
9198,T15753
9199,T12096L
9200,T22317
9201,TN2436
9202,TN2898
9203,TN3091
9204,TN4220
9205,TN4569
9206,TN4782
9207,TN5028
9208,T19962
9209,T20042
9210,T20103
9211,T20322
9212,T20381
9213,T20484
9214,T20490
9215,T24905
9216,T24711
9217,T26278
9218,T26939
9219,T30260
9220,T31095
9221,T35347
9222,T35719
9223,T36123
9224,T39980
9225,T9645
9226,TN7123
9227,TN7130
9228,TN7132
9229,TN7131
9230,TN7122
9231,TN7126
9232,TN7127
9233,TN7128
9234,TN7129
9235,TN7125
9236,T9770
9237,T60009
9238,T60098
9239,T60008
9240,T60095
9241,T40025
9242,T40024
9243,T9983
9244,T60097
9245,T60103
9246,T21996
9247,T9650
9248,T21576
9249,T41345
9250,T22094
9251,TQ0220
9252,TQ0263
9253,TN1014
9254,TN1047
9255,TN1057
9256,TN1089
9257,TN1459
9258,TN1489
9259,TN1579
9260,TN1997
9261,TN2279
9262,TN2343
9263,T12219
9264,T12236
9265,T12310
9266,T19507
9267,T10019
9268,T10168
9269,T10938
9270,T10960
9271,T10314
9272,T14969
9273,T12985
9274,T13012
9275,T13918
9276,T11471
9277,T19369
9278,T10761
9279,T10839
9280,T13739
9281,T15812
9282,T16109
9283,T16515
9284,T17072
9285,TN5225
9286,T20608
9287,T20633
9288,T20713
9289,T20719
9290,T22761
9291,T23005
9292,T23106
9293,T23285
9294,T19922
9295,T20383
9296,T23602
9297,T24327
9298,T25253
9299,T26524
9300,T28509
9301,T28543
9302,T31425
9303,T32613
9304,T35045
9305,T39573
9306,T40108
9307,T40146
9308,T60107
9309,T41288
9310,T39214L
9311,T60104
9312,T9996
9313,TN7121
9314,T60099
9315,T60101
9316,T37891L
9317,T40023
9318,T60096
9319,T60106
9320,T9806
9321,TN7133
9322,T22231
9323,T9707
9324,T10061
9325,T10191L
9326,T10674
9327,T10691
9328,T10705
9329,T10712
9330,T10733
9331,T11025
9332,T11599
9333,T12482
9334,T12504
9335,T13374
9336,T13511
9337,T14283
9338,T15575
9339,T16687
9340,T16909
9341,T17252
9342,T17255
9343,T19152
9344,T19749
9345,T22492
9346,T22835
9347,T24626
9348,T25266
9349,T27704
9350,T30855
9351,T34398
9352,T35332
9353,T35341
9354,T36957
9355,T38022
9356,T38622
9357,T39752
9358,T39979
9359,TJS0487
9360,TN6640
9361,TN6982
9362,T21666
9363,T21782
9364,T21792
9365,T21915
9366,T22009
9367,T3511
9368,T60085
9369,T60105
9370,T60109
9371,T8414
9372,T8884
9373,T9275
9374,T9653
9375,T9712
9376,T9856
9377,T9871
9378,TN7160
9379,TN7161
9380,TN7162
9381,TN7163
9382,TN7164
9383,TN7165
9384,TN7166
9385,TN7167
9386,TN7168
9387,T13475
9388,T11710
9389,T16798
9390,T13761
9391,T17144
9392,T22339
9393,TN2546
9394,T20723
9395,T20911
9396,T21011
9397,T22711
9398,T22976
9399,T22990
9400,T7732
9401,T19963
9402,T20018
9403,T20112
9404,T20191
9405,T20330
9406,T20350
9407,T20365
9408,T20372
9409,T20373
9410,T20460
9411,T20466
9412,T20472
9413,T20503
9414,T25944
9415,T25017
9416,T26623
9417,T28468
9418,T29078
9419,T1666L
9420,T29345
9421,T30908
9422,T31907
9423,TN6814
9424,TN6864
9425,T35363
9426,T35878
9427,T37015
9428,T37292
9429,T38205
9430,T38511
9431,T39598
9432,T40253
9433,T40423
9434,T40490
9435,T13172L1
9436,TN7109
9437,T9954
9438,TN7117
9439,T22033
9440,T9969
9441,T9939
9442,T35325L
9443,T21865
9444,T9971
9445,T9950
9446,T20704L
9447,T39507L
9448,T9955
9449,T9746
9450,T9973
9451,T9713
9452,T9960
9453,T9949
9454,T9953
9455,T9979
9456,T9982
9457,T9974
9458,T22022
9459,T9980
9460,T9981
9461,T9758
9462,T9812
9463,T9831
9464,T22135
9465,TQ0158
9466,TQ0174
9467,TN1271
9468,TN1673
9469,TN1770
9470,T12216
9471,T12257
9472,T12341
9473,T19147
9474,T18819
9475,T13539
9476,T14864
9477,T14920
9478,T11160
9479,T11179
9480,T11353
9481,T10573
9482,T11511
9483,T11615
9484,T13954
9485,T10738
9486,T15447
9487,T19373
9488,T16503
9489,T16705
9490,T16808
9491,T17172
9492,T17218
9493,T22313
9494,T2S0968
9495,T2S1193
9496,T3S2156
9497,TN2883
9498,T20656
9499,T20992
9500,T21282
9501,T21332
9502,T21472
9503,T21474
9504,T22967
9505,T19675
9506,T19924
9507,T20321
9508,TN6490
9509,T26600
9510,T27267
9511,T27525
9512,T28861
9513,T31805
9514,T35648
9515,T36857
9516,T37792
9517,T38562
9518,T38585
9519,T40548
9520,T40637
9521,T40840
9522,T27119L
9523,T31716L
9524,TN7067
9525,T9964
9526,T9681
9527,T21897L
9528,T10631L
9529,T9967
9530,T9699
9531,T9854
9532,T9984
9533,T9966
9534,T9884
9535,T9820
9536,T21543
9537,T9986
9538,T9994
9539,T40026
9540,T9988
9541,T9993
9542,T9855
9543,T9989
9544,T9987
9545,T9995
9546,T9945
9547,T21700
9548,T9876
9549,T9872
9550,T9869
9551,T9985
9552,TQ0119
9553,TN1355
9554,TN1621
9555,T10104
9556,T19125
9557,T15136
9558,T15960
9559,T14314
9560,T14365
9561,T15244
9562,T15270
9563,T11386L
9564,T11383
9565,T11465
9566,T11541
9567,T15461
9568,T16960
9569,T17042
9570,T17114
9571,T3S0209
9572,T20509
9573,T20689
9574,T21089
9575,T21221
9576,T21408
9577,T22689
9578,T6279L
9579,T19999
9580,T20039
9581,T20189
9582,T20318
9583,T20348
9584,T20444
9585,T20500
9586,T8209
9587,TN1166
9588,TN1471
9589,TN1507
9590,TN2081
9591,TN2089
9592,TN2100
9593,TN2247
9594,TN2283
9595,T12041
9596,T18893
9597,T18898
9598,T10898
9599,T10989
9600,T19278
9601,T16554
9602,T16689
9603,T14185
9604,T14577
9605,T8427
9606,T19535
9607,T15192
9608,T15196
9609,T15207
9610,T15278
9611,T12829
9612,T12831
9613,T11463
9614,T19595
9615,T13257
9616,T13604
9617,T19235
9618,T15464
9619,T15592
9620,T15750
9621,T15784
9622,T16359
9623,T16367
9624,T19032
9625,T19054
9626,T19065
9627,T19067
9628,T19072
9629,T16759
9630,T19408
9631,T16987
9632,T17271
9633,T17310
9634,T3S0509
9635,T3S2325
9636,TMA1644
9637,TMA1403
9638,TN5073
9639,T20576
9640,T23477
9641,T19777
9642,T19965
9643,TN6431
9644,T23673
9645,T0141L
9646,T6956L
9647,T12882L
9648,T16519L
9649,T8993L
9650,T8953L
9651,T8957L
9652,TP1530L
9653,TP1900L1
9654,TP1917L1
9655,T9058
9656,T9061
9657,T8997
9658,TN6723
9659,T9039
9660,T8986
9661,TN6719
9662,T9053
9663,T9054
9664,T8924
9665,T9064
9666,T9059
9667,T8992
9668,T21954
9669,T9002
9670,T9065
9671,T9029
9672,T9049
9673,T9052
9674,T9062
9675,T9033
9676,TN6720
9677,T9028
9678,T8998
9679,TN6722
9680,T8991
9681,T9034
9682,T9000
9683,T8983
9684,T22081
9685,T22136
9686,T9013
9687,TQ0007
9688,TQ0191
9689,TQ0264
9690,TN1002
9691,TN1038
9692,TN1039
9693,TN1065
9694,TN1068
9695,TN1081
9696,TN1118
9697,TN1131
9698,TN1353
9699,TN1410
9700,TN1451
9701,TN1499
9702,TN1611
9703,TN1644
9704,TN1674
9705,TN1714
9706,TN1877
9707,TN1895
9708,TN1965
9709,TN2023
9710,TN2111
9711,TN2159
9712,TN2225
9713,TN2296
9714,TN2332
9715,TN2366
9716,T13816
9717,T13518
9718,T19259
9719,T10941
9720,T15082
9721,T18807
9722,T14767
9723,T12608
9724,T15304
9725,T10374
9726,T15138
9727,T13019
9728,T13074
9729,T11381
9730,T11398
9731,T10689
9732,T15719
9733,T15806
9734,T16355
9735,T10358
9736,T16501
9737,T16542
9738,T16745
9739,T11950
9740,T19415
9741,T19428
9742,T13279L
9743,T22288
9744,T22349
9745,T4237
9746,T5S1677
9747,TC0039
9748,TL0016
9749,TN4442
9750,TN4562
9751,TMA0507
9752,T21383
9753,T4276L
9754,T19768
9755,T5520L
9756,T20089
9757,T20092
9758,T24055
9759,T9047
9760,TP1127L1
9761,TP1833L
9762,T9046
9763,T9073
9764,T9075
9765,T9078
9766,T9072
9767,T9040
9768,T9081
9769,TC0022
9770,T9085
9771,T21938
9772,T9070
9773,T8212
9774,TQ0001
9775,TQ0002
9776,TQ0013
9777,TQ0017
9778,TQ0019
9779,TQ0052
9780,TQ0055
9781,TN2309
9782,TN2368
9783,T12070
9784,T12477
9785,T10943
9786,T63540
9787,T60237
9788,T10850L
9789,T64367
9790,T60742
9791,T60254
9792,T15948
9793,T35666
9794,T19583
9795,T22325
9796,T17014
9797,T12462
9798,T14130
9799,T11098
9800,T21443
9801,T16868
9802,T38724
9803,T17006
9804,T22486
9805,T13890
9806,T23438
9807,T38905
9808,T17186
9809,T24449
9810,T27629
9811,T11016
9812,T12530
9813,T16376
9814,T10882
9815,T21012
9816,T60170
9817,T60135
9818,T9700
9819,T64393
9820,T61301
9821,T60487
9822,T61112
9823,T61189
9824,T60919
9825,T60904
9826,T60812
9827,T64382
9828,T64365
9829,T63812
9830,T64390
9831,T64355
9832,T64377
9833,T64354
9834,T62204
9835,T62420
9836,T61159
9837,T61148
9838,T60522
9839,T9813
9840,T9814
9841,T2310L
9842,T64386
9843,T64385
9844,T64388
9845,T25175
9846,T38563
9847,T10672
9848,T18018
9849,T10855
9850,T39350
9851,T16856
9852,T23764
9853,T22430
9854,T36115
9855,T28118
9856,T34956
9857,T36395
9858,T27554
9859,T23010
9860,T23397
9861,T14688
9862,T36527
9863,T12728
9864,T16831
9865,T13345
9866,T24240
9867,T10390
9868,T39762
9869,T10502
9870,T23145
9871,T10316
9872,T18595
9873,T10694
9874,T26861
9875,T21371
9876,T13802
9877,T16704L
9878,T61233
9879,T40659L
9880,T10865L
9881,T64378
9882,T9004
9883,T61884
9884,T40781L
9885,T67708
9886,TNU0422
9887,T63918
9888,T67698
9889,T61150
9890,T60278
9891,T61864
9892,TP1401
9893,T64342
9894,T30531L
9895,T63534
9896,T10809L
9897,T13159
9898,T10808
9899,T23889
9900,T15382
9901,T11237
9902,T18946
9903,T28145
9904,T19966
9905,T15815
9906,T22262
9907,T15572
9908,TN6672
9909,T10864
9910,T17004
9911,TN4114
9912,T16533
9913,T34286
9914,T23390
9915,T10903
9916,T12551
9917,T23212
9918,T35028
9919,T14090
9920,T10160
9921,T15469
9922,T10156
9923,T31932
9924,T10329
9925,T10325
9926,T38723
9927,T60133
9928,T67709
9929,T63349
9930,T18949L
9931,T60062
9932,TN7211
9933,T22031
9934,T64358
9935,T64368
9936,T64396
9937,T11237L
9938,T67710
9939,T34656
9940,T27467
9941,T10727
9942,T40236
9943,T41180
9944,T12935
9945,T40284
9946,T32039
9947,T22870
9948,T10704
9949,T29221
9950,T10678
9951,T13733
9952,T28773
9953,T12730
9954,T16771
9955,T27471
9956,T15049
9957,T17977
9958,T13619
9959,T66097
9960,T67729
9961,T30677L
9962,T9662
9963,T63190
9964,T60663L
9965,T64362
9966,T60007
9967,T60681
9968,T22070
9969,T64369
9970,T63536
9971,T67732
9972,TN6959
9973,TN1782
9974,T28374
9975,T39705
9976,T10053
9977,T28231
9978,T27319
9979,T11928
9980,T16288
9981,T36200
9982,TN2549
9983,T14271
9984,T19210
9985,T24263
9986,T22612
9987,T15718
9988,T22783
9989,T13100
9990,T37170
9991,T26815
9992,T10003
9993,T36010
9994,T14087
9995,T27854
9996,T17157
9997,T13848
9998,T12858
9999,T27503
10000,T67751
10001,T67752
10002,T67734
10003,T67733
10004,T67754
10005,T62769
10006,T60554
10007,T67739
10008,T67745
10009,T61016
10010,T67747
10011,T67737
10012,T67746
10013,T64381
10014,T67738
10015,T64370
10016,T9641
10017,T61589
10018,T64366
10019,T64359
10020,T9642
10021,T11090L1
10022,T10883L
10023,T10792L
10024,T17742
10025,T27371
10026,T27696
10027,T34624
10028,T15209
10029,T11001
10030,T15478
10031,T13519
10032,T15769
10033,T12809
10034,T34374
10035,T22812
10036,T22789
10037,T13058
10038,T10269
10039,T10337
10040,T10340
10041,T14902
10042,T13957
10043,T11940
10044,T13456
10045,T27328
10046,T32191
10047,T67771
10048,T67719
10049,T67713
10050,T67712
10051,T67711
10052,T67742
10053,T62083
10054,T67783
10055,T67755
10056,T67756
10057,T61156
10058,T21831
10059,T67758
10060,T27503L
10061,T11129L
10062,TN5752
10063,TN5746
10064,T21532
10065,T26969
10066,TN1878
10067,T16928
10068,T15018
10069,T21325
10070,T16963
10071,T28544
10072,T38387
10073,T27691
10074,T35548
10075,T26852
10076,T23128
10077,T32804
10078,T35899
10079,T22947
10080,T28206
10081,T22992
10082,T15679
10083,T22964
10084,T28229
10085,T21433
10086,T27850
10087,T35973
10088,T23509
10089,T15181
10090,T16929
10091,T16470
10092,T37097
10093,T41068
10094,T22839
10095,T35372
10096,T60163
10097,T67777
10098,T64317
10099,T67779
10100,T4233L
10101,T22049
10102,T22192
10103,T67743
10104,T67781
10105,T64414
10106,T67775
10107,T67776
10108,T9447
10109,T62929
10110,T67774
10111,T22037
10112,T61477
10113,T67778
10114,T67764
10115,T61969
10116,T62360
10117,T60023
10118,T61392
10119,T67767
10120,T67728
10121,T67736
10122,T9657
10123,T60688
10124,T13254L
10125,TN6988
10126,T29114
10127,T11372
10128,T30252
10129,T23601
10130,T10715
10131,T16528
10132,T37185
10133,T17239
10134,T16448
10135,T0210L
10136,T22692
10137,T36640
10138,T26894
10139,T27260
10140,T10861
10141,T11157L
10142,T37076
10143,T14005
10144,T40544
10145,T15035
10146,T10164
10147,T38715
10148,TN2882
10149,T22794
10150,T12375
10151,T37587
10152,T39817
10153,TN6660
10154,T67757
10155,T67851
10156,T67704
10157,T67847
10158,T61068
10159,T67837
10160,T67706
10161,T67762
10162,T67741
10163,T67697
10164,T10835L1
10165,T9310
10166,T12527L
10167,T67701
10168,T67769
10169,T67748
10170,T67848
10171,T66580
10172,T13360
10173,T31987
10174,T18940
10175,T39078
10176,T39707
10177,T10781
10178,T23164
10179,TQ0162
10180,T11758L
10181,T40418
10182,TN2444
10183,T60167
10184,T125211
10185,TN7214
10186,TN7215
10187,T124477
10188,TN7213
10189,TN7216
10190,T6972
10191,T60146
10192,T60151
10193,T60130
10194,T60150
10195,T118638
10196,T9638
10197,T60186
10198,T21720
10199,T22168
10200,T21967
10201,T60171
10202,T10896L
10203,T9944
10204,T60143
10205,T10244
10206,T23716
10207,T14671
10208,T32043
10209,T39630
10210,T14303
10211,T30027
10212,T39340
10213,T11693L
10214,T15363
10215,T17098
10216,T14184
10217,T28424
10218,T15446
10219,T13603
10220,T10415
10221,T11108
10222,T34967
10223,T12655
10224,T12721
10225,T12770
10226,T12920
10227,T12338
10228,T10782
10229,T12395
10230,T10000
10231,T35914
10232,T13365
10233,T12565
10234,T12549
10235,T10222
10236,T10188
10237,T10954
10238,T10800
10239,T10212
10240,T10445
10241,T11143
10242,T11030
10243,T30355
10244,T12513
10245,T23518
10246,T20905
10247,T23549
10248,T11063
10249,T21142
10250,TN2031
10251,TN7159
10252,T60196
10253,T60185
10254,T22013
10255,T11052L
10256,T60120
10257,T60119
10258,T60165
10259,T60152
10260,T21548
10261,T12216L
10262,T4841
10263,T60194
10264,TN1463
10265,T11909
10266,T12307
10267,T15682
10268,T35530
10269,T16333
10270,T41090
10271,T19205
10272,T27969
10273,T10819
10274,T10063
10275,T37806
10276,T17117
10277,T23151
10278,T13784
10279,T15830
10280,T27954
10281,T11053
10282,T10893
10283,T11021
10284,T13571
10285,T60013
10286,T6719
10287,T60200
10288,T60199
10289,T9771
10290,T60201
10291,T41275
10292,T60108
10293,T60204
10294,T60205
10295,T4487
10296,TN3790
10297,T15615
10298,T10233
10299,T13237L
10300,T17227
10301,T24579
10302,T11444
10303,T17247
10304,T24040
10305,T10630
10306,TN1243
10307,T10728
10308,T11299
10309,T20166
10310,T27710
10311,T15164
10312,T10729
10313,T37376
10314,T22420
10315,T18870
10316,T40857
10317,T10804
10318,T22737
10319,T16816
10320,T31602
10321,T10774
10322,T10623
10323,T10058
10324,T10917
10325,T10876
10326,T30828
10327,T12906
10328,T27398
10329,T60217
10330,T6611
10331,T60221
10332,T60218
10333,T60128
10334,T60220
10335,T60224
10336,T21907
10337,T60202
10338,T60161
10339,T60110
10340,T60164
10341,T10914L
10342,T9229
10343,T21319
10344,T36579
10345,T14176
10346,T38271
10347,T11410L
10348,T16364
10349,T23717
10350,T10772
10351,T10773
10352,T16379
10353,T12597
10354,T11784
10355,T25534
10356,T11303
10357,T13102
10358,T13332
10359,T11148
10360,T10964
10361,T10965
10362,T11163
10363,T35340
10364,T2372L
10365,T38398
10366,T13368
10367,T24871
10368,T21327
10369,T60229
10370,T60230
10371,T21319L
10372,T60180
10373,T60172
10374,T60181
10375,T60198
10376,T63898
10377,T60219
10378,T9656
10379,T15025L
10380,T61518
10381,T41326
10382,T9652
10383,T26520
10384,T22547
10385,T22657
10386,T24182
10387,T25548
10388,T25952
10389,T27703
10390,T11158
10391,T12861
10392,T10643
10393,T10649
10394,T10918
10395,T13804
10396,T35328
10397,T37591
10398,T12204
10399,T13919
10400,T25824
10401,T25209
10402,T21275
10403,T20488
10404,T67842
10405,T67852
10406,T124455
10407,T63136
10408,T67853
10409,T67843
10410,TNU0758
10411,T62530
10412,T67849
10413,T61813
10414,T67850
10415,T62042
10416,T67864
10417,T61373
10418,T67735
10419,T62209
10420,T21584
10421,T67844
10422,TNU0864
10423,T67855
10424,T63049
10425,T67845
10426,T67859
10427,T67857
10428,T67858
10429,T67836
10430,T67854
10431,T67856
10432,T67846
10433,T21956
10434,T11013L2
10435,T11013L1
10436,T27240
10437,T32873
10438,T31866
10439,T10307
10440,T14550
10441,T11039
10442,T13563
10443,T13303
10444,T25549
10445,T40652
10446,T11864
10447,T10881
10448,T22520
10449,T11238L
10450,T13447
10451,T12642
10452,T13134
10453,T36310
10454,T12629L
10455,T35478
10456,T31204
10457,T12733
10458,T34698
10459,T26698
10460,T26646
10461,TN1996
10462,T38345
10463,T27308
10464,T12834
10465,T41194
10466,T24415
10467,T29106
10468,TQ0039
10469,T6651L
10470,TN4883
10471,T67867
10472,T67880
10473,T67868
10474,T64392
10475,T61025
10476,T64391
10477,T67882
10478,T67883
10479,TNU0429
10480,T61318
10481,T67749
10482,T9825
10483,T67727
10484,T40781L1
10485,T67830
10486,T30677L1
10487,T67893
10488,T67886
10489,T64971
10490,TN1127
10491,T36416
10492,T10572
10493,T37280
10494,T3S1701
10495,TN1961
10496,T11402
10497,T38432
10498,T40194
10499,T15000
10500,T35449
10501,T13133
10502,T13140
10503,T23440
10504,T22810
10505,T11067
10506,T33452
10507,T10783
10508,T26987
10509,T12924
10510,T39965
10511,T13101
10512,T27683
10513,T16380
10514,T25125
10515,T24932
10516,T25986
10517,T11915
10518,T23557
10519,T12745
10520,T13193
10521,T35349
10522,T67840
10523,T41285
10524,T67753
10525,T64021
10526,T27307L
10527,T67900
10528,T5390
10529,T67904
10530,T67763
10531,T67896
10532,T67901
10533,T67897
10534,T67872
10535,T67899
10536,T67898
10537,T67881
10538,T60736
10539,T67874
10540,T67866
10541,T61194
10542,T67696
10543,T67807
10544,T65979
10545,T67910
10546,T64923
10547,T24133
10548,T10735
10549,T27214
10550,T15362
10551,T20094
10552,T15095
10553,T16525
10554,TP2419
10555,T37067
10556,T25853
10557,T37332
10558,T39229
10559,T23540
10560,T12848
10561,T17206
10562,T12531
10563,T13392
10564,TN3469
10565,T15117
10566,T17176
10567,T23888
10568,T13387L
10569,T28112
10570,T27399
10571,T13037
10572,T37984
10573,T61575
10574,T67792
10575,T63313
10576,T9972
10577,TF0112
10578,T67773
10579,T67839
10580,T67919
10581,T67731
10582,T67877
10583,T60149
10584,T8857
10585,TQ0310
10586,T39291
10587,T31777
10588,T16475
10589,T12788
10590,T10085
10591,T17005
10592,T28165
10593,T15826
10594,T13353
10595,T22920
10596,T35336
10597,TQ0271
10598,TN1402
10599,T38074
10600,T36832
10601,T23000
10602,T28946
10603,T23016
10604,T22297
10605,T36061
10606,T10115
10607,T10840L
10608,T39740
10609,T10032
10610,T12269
10611,T10245
10612,T12777
10613,T10084
10614,T28824
10615,T17309
10616,T27066
10617,T14954
10618,T36390
10619,T60162
10620,T64318
10621,T9864
10622,T60047L
10623,T64322
10624,T124663
10625,T64319
10626,T64324
10627,T64334
10628,T64323
10629,T64321
10630,T64325
10631,T64332
10632,T64333
10633,T60226
10634,T60231
10635,T60193
10636,T64335
10637,T64329
10638,T64328
10639,T64327
10640,T64331
10641,T64326
10642,TPL0336
10643,T30577
10644,T1782L
10645,T24076
10646,T22413
10647,T14302
10648,T10740
10649,T39476
10650,T12841
10651,T38543
10652,T10813
10653,T0030L
10654,T20762
10655,TQ0236
10656,T22303
10657,T40823
10658,T15444
10659,T31543
10660,T25284
10661,T33513
10662,T29457
10663,T31929
10664,T10863
10665,T10961
10666,T13783
10667,T10355
10668,T13677
10669,T22354
10670,T11070
10671,T10889
10672,T60179
10673,T0817
10674,T9445
10675,TNU0157
10676,T60757
10677,T60322
10678,T63872
10679,T64343
10680,T60390
10681,T64352
10682,T11048L
10683,T9658
10684,T12262L1
10685,T1272L
10686,T64344
10687,T64345
10688,T5921
10689,T64347
10690,T19418L
10691,T64353
10692,T64346
10693,TN2303
10694,T23262
10695,T35792
10696,T39370
10697,T11994
10698,T11015
10699,T17220
10700,T15767
10701,T25310
10702,T40229
10703,T38605
10704,T15608
10705,T15092
10706,T40357
10707,T39211
10708,T24816
10709,T15046
10710,T10888
10711,T10745
10712,T12320
10713,T11101
10714,T13510
10715,T10208
10716,T19694
10717,T10905
10718,T10354
10719,T60187
10720,TP1570L
10721,T62404
10722,T64350
10723,T64349
10724,T64348
10725,T60148
10726,T64351
10727,T0105
10728,T21820
10729,T22552L
10730,T60147
10731,T9729
10732,T60158
10733,T41362
10734,T60155
10735,T60169
10736,T60160
10737,T60523
10738,T9556
10739,T60159
10740,T60157
10741,T60156
10742,T60248
10743,T60951
10744,T13926
10745,T13683
10746,T11061
10747,T36899
10748,T12384
10749,T12569L
10750,T22963
10751,TN1950
10752,T11134
10753,T11149
10754,T11962
10755,T10874
10756,T10221
10757,T10213
10758,T10421
10759,T10201
10760,T38680
10761,T61972
10762,T9978
10763,T60197
10764,T64363
10765,T10394L
10766,TD1004
10767,T6347
10768,T12360
10769,T28743
10770,T22849
10771,T39389
10772,T12589
10773,T11121
10774,T13331
10775,T37192
10776,T64364
10777,T21617
10778,T64374
10779,T64373
10780,T64376
10781,T64372
10782,T64375
10783,T67887
10784,T67801
10785,TN7235
10786,TN7231
10787,TN7228
10788,TN7234
10789,TN7227
10790,TN7233
10791,TN7236
10792,TN7229
10793,TN7230
10794,TN7232
10795,T72023
10796,T72025
10797,T68492
10798,T72024
10799,T72028
10800,T72026
10801,T72027
10802,T67832
10803,T72021
10804,T67961
10805,T67892
10806,T67707
10807,T72030
10808,T65816
10809,T66390
10810,T72033
10811,TN2110
10812,T27300
10813,TN2324
10814,T14077
10815,T25131
10816,T15704
10817,T14052
10818,T10526
10819,T33941
10820,T16451
10821,T27625
10822,T26168
10823,TN2122
10824,T35330
10825,T7720
10826,T13506
10827,T28985
10828,T38759
10829,T36819
10830,T14552
10831,T19769
10832,T60932
10833,T39156
10834,T28934
10835,T17272
10836,T22513
10837,T63788
10838,T36569
10839,T38651
10840,T23589
10841,T22767
10842,T37705
10843,T67826
10844,T11001L1
10845,T72042
10846,T72043
10847,T72031
10848,T67935
10849,T60184
10850,T67811
10851,T67905
10852,T6827L
10853,T64851
10854,T10708
10855,T10866
10856,T24741
10857,T62000
10858,T61271
10859,T20699
10860,T36493
10861,T60671
10862,T10287
10863,T14313
10864,T10870L
10865,T63055
10866,T24873
10867,TN1393
10868,T28866
10869,T30579
10870,T22466
10871,T33701
10872,T13226
10873,T70407
10874,T67934
10875,T68025
10876,T72029
10877,T67878
10878,T67815
10879,T67813
10880,T72047
10881,T68152
10882,T28164
10883,T30251
10884,T34609
10885,T34573
10886,T25360
10887,T38078
10888,T19710
10889,TN1582
10890,T39039
10891,T12921
10892,T13473
10893,T25372
10894,T64066
10895,T22591
10896,T40350
10897,T13390
10898,T21113
10899,T63736
10900,T22899
10901,T23131
10902,T25373
10903,T23563
10904,T63896
10905,T60891
10906,T33589
10907,T61809
10908,T19671
10909,T25672
10910,T26009
10911,T14914
10912,T28662
10913,T40598
10914,T28284
10915,T22361
10916,T20887
10917,T21432
10918,T23288L
10919,T72083
10920,T67817
10921,T72048
10922,T67953
10923,T67885
10924,T67956L
10925,T72084
10926,T4578
10927,T67699L
10928,T67933
10929,T67956
10930,T73587
10931,T67964
10932,T73586
10933,T67509
10934,T68087
10935,T68155
10936,T67694
10937,T30479
10938,T34541
10939,T38373
10940,T28762
10941,T35709
10942,T9006
10943,T61028
10944,T15178
10945,T60446
10946,T24836
10947,T60852
10948,T29097
10949,T61531
10950,T60627
10951,T15143
10952,T14329
10953,T41195
10954,T28830
10955,T10101
10956,T33868
10957,T27482
10958,T28503
10959,T41116
10960,T41231
10961,T60400
10962,T64316
10963,T69860
10964,T72072
10965,T72073
10966,T72076
10967,T72075
10968,T69685
10969,T72077
10970,T72071
10971,T71812
10972,T72069
10973,TP2499
10974,T72079
10975,T72070
10976,T69760
10977,T67907
10978,T67966
10979,T27417L
10980,T65554
10981,T72046
10982,T72049
10983,TN7218
10984,TN7223
10985,T67703
10986,T11402L
10987,T73593
10988,T67705
10989,T72059
10990,T68123
10991,T71708
10992,T68112
10993,T68154
10994,T33647L
10995,T68124
10996,T72041
10997,T77499
10998,T30846
10999,T36798
11000,T27798
11001,T27117
11002,T39988
11003,T18267
11004,TN6967
11005,TN1010
11006,T10406
11007,T31719
11008,T38888
11009,TN6489
11010,T23353
11011,T61214
11012,T28506
11013,T27064
11014,T26841
11015,T26078
11016,T33422
11017,T25006
11018,T24588
11019,T28540
11020,T28748
11021,T33386
11022,T31175
11023,T31611
11024,T29930
11025,T17214
11026,T27323
11027,T16562
11028,T6850L
11029,T71704
11030,T26627L
11031,T67818
11032,T73772
11033,T69096
11034,T77502
11035,T77501
11036,T77506
11037,T73334
11038,T72322
11039,T71857
11040,T77507
11041,T73143
11042,T68069
11043,T72166
11044,T68080
11045,T68093
11046,T68108
11047,T68168L
11048,T68109
11049,T68070
11050,T68174
11051,T77504
11052,T77514
11053,T77513
11054,T77527
11055,T61439
11056,T40034
11057,T25651
11058,T18914
11059,TN3013
11060,TN3628
11061,T10593
11062,T28663
11063,T27186
11064,T27627
11065,T17235
11066,T30161
11067,T15839
11068,TN6975
11069,T40419
11070,T60295
11071,T14038
11072,T61745
11073,T22502
11074,T61211
11075,T35554
11076,T22826
11077,T27832
11078,T27632
11079,T33421
11080,T28974
11081,T21104
11082,T68599
11083,T68173
11084,T26631L
11085,T73415
11086,T77548
11087,T77523
11088,T125120
11089,T77524
11090,T68853
11091,T68110
11092,T77520
11093,T77494
11094,T73177
11095,T67865
11096,T77495
11097,T68088
11098,T68165
11099,T77505
11100,T64980
11101,T15429
11102,T28829
11103,T25393
11104,T25875
11105,T28887
11106,T32237
11107,T36983
11108,T10261
11109,T35716
11110,T11484
11111,T39312
11112,T60358
11113,T35903
11114,T14064
11115,T18750
11116,T27800
11117,T60404
11118,T37152
11119,T35851
11120,T25114
11121,T60442
11122,T36585
11123,T61051
11124,T62758
11125,TN3048
11126,T14506
11127,T39030
11128,T60039
11129,T20870
11130,T28991
11131,T60420
11132,T14389
11133,T24444
11134,T61107
11135,T2O2741
11136,T19154
11137,T38248
11138,T20312
11139,T19122
11140,T19315
11141,TN6822
11142,T37518
11143,T27087
11144,T31615
11145,T41122
11146,TN6993
11147,T37637
11148,T38475
11149,T40607
11150,T20198
11151,T15254
11152,T20326
11153,T20320
11154,TN6945
11155,T19554
11156,T38808
11157,T68022
11158,T75120
11159,T67797
11160,T77512
11161,T67806
11162,T72062
11163,T67136
11164,TNU0425
11165,T77571
11166,T70353
11167,T72165
11168,T72358
11169,T68037L
11170,T68151L
11171,T11154L
11172,T77553
11173,T77551
11174,T77563
11175,T77550
11176,TNU0839
11177,T67670
11178,T77565
11179,T77556
11180,T77566
11181,T68048
11182,T68921
11183,T61111
11184,T67875
11185,T67917
11186,T67827
11187,T67834
11188,T12745L
11189,T67894
11190,T63290
11191,T37825
11192,T41005
11193,T37558
11194,T60269
11195,T25664
11196,T62714
11197,T15602
11198,T32114
11199,T11236
11200,T12926
11201,T10142
11202,T18639
11203,T11886
11204,T31224
11205,T67903
11206,T67923
11207,T67922
11208,T67925
11209,T27509
11210,T21428
11211,T11411
11212,T31221
11213,T15001
11214,T13983
11215,T39115
11216,T32511
11217,T10487
11218,T24584
11219,T41094
11220,T24771
11221,T13572
11222,T60540
11223,T20742
11224,T63790
11225,T34249
11226,T26666
11227,TN3497
11228,T10872L
11229,T67789
11230,T67791
11231,T67760
11232,T22096
11233,T67931
11234,T67927
11235,T67913
11236,T11986L
11237,T67876
11238,T67879
11239,T67831
11240,T67873
11241,T67810
11242,T67924
11243,T41242
11244,T67920
11245,T14390
11246,T28174
11247,T31792
11248,TN1831
11249,TN2211
11250,T35749
11251,T60558
11252,T23466
11253,T60644
11254,T60485
11255,T40443
11256,T22986
11257,T20643
11258,T12860
11259,T41190
11260,T10865
11261,T29968
11262,T22954
11263,T14198
11264,T28255
11265,T10879
11266,T19480
11267,T15756
11268,T23709
11269,T0463L
11270,T8199
11271,T38108
11272,T14061
11273,T67717L
11274,T67795
11275,T67937
11276,T67930L
11277,T67928
11278,T67912
11279,T27723L
11280,T67929
11281,T67916
11282,T67915
11283,T67914
11284,T28072L
11285,T67765
11286,T67908
11287,T65740
11288,T38367
11289,T34765
11290,T16094
11291,T10509
11292,T23867
11293,T16836
11294,TN4228
11295,T27650
11296,T34268
11297,T16811
11298,T2S1120
11299,T62512
11300,T23356
11301,T16444
11302,T9857
11303,T23543
11304,T36665
11305,T17009
11306,T7071
11307,T60538
11308,T61448
11309,T13248
11310,T26891
11311,T16549
11312,T32824
11313,T17039
11314,T63143
11315,T32845
11316,T10002
11317,T38894
11318,T14250
11319,T17044
11320,T60952
11321,TN1500
11322,T31149
11323,T15245
11324,T12022
11325,T27787L
11326,T67772
11327,T67906
11328,T67942
11329,T67952
11330,T67946
11331,T67944
11332,T67943
11333,T67950
11334,T67951
11335,T67945
11336,T67938
11337,T67947
11338,T67941
11339,T22137
11340,T67932
11341,T41151L
11342,T72022
11343,T67816
11344,T67939
11345,T67805
11346,T67940
11347,T65118
11348,TN2401
11349,T61268
11350,T10065L
11351,T27753
11352,T34298
11353,T32160
11354,TN3396
11355,TN1254
11356,TN3049
11357,TN3847
11358,TN1116
11359,T38018
11360,T12009
11361,T10248
11362,T16865
11363,T2A2486
11364,TN6926
11365,T61535
11366,T19705
11367,T16785
11368,T60272
11369,T21512
11370,T41142
11371,T36712
11372,T34709
11373,T10998
11374,T35182
11375,T28778
11376,T25466
11377,T32368
11378,T30231
11379,T63806
11380,T10776
11381,T12781
11382,T67804
11383,T72050
11384,T65133
11385,TN2250
11386,T24644
11387,T22530
11388,T26863
11389,TN3848
11390,T61833
11391,T31992
11392,T11717
11393,T25263
11394,TN1724
11395,T28466
11396,T22798
11397,T36487
11398,TQ0090
11399,T24152
11400,T32832
11401,T13854
11402,T20255
11403,T23434
11404,T36935
11405,T24121
11406,T32535
11407,T24480
11408,T31577
11409,T34994
11410,T41233
11411,T34076
11412,T29857
11413,T34782
11414,T60325
11415,T31195
11416,T10385
11417,T21263
11418,T13597
11419,T35348
11420,T27288
11421,T27865
11422,TN1003
11423,T67788
11424,T67833
11425,T9646
11426,T67884
11427,T67822L
11428,T67965
11429,T68145
11430,T22204
11431,T60739L
11432,T77332
11433,T72082
11434,T68156
11435,T68136
11436,T68159
11437,T68134
11438,T68139
11439,T68141
11440,T68128
11441,T67695
11442,T68081
11443,T72068
11444,T68147
11445,T31648
11446,T10146
11447,T19146
11448,TN1048
11449,T3932
11450,T28257
11451,T22840
11452,TN2302
11453,TN6600
11454,TN1082
11455,TN1472
11456,T28187
11457,TN1979
11458,T15203
11459,T16516
11460,T37020
11461,T14337
11462,TQ0291
11463,T12328
11464,T28159
11465,T27193
11466,T10473
11467,T10409
11468,T27011
11469,T11593
11470,T63047
11471,T34648
11472,T27667
11473,T10214
11474,T9147
11475,T33631
11476,T28043L
11477,T28257L
11478,T67954
11479,TN6910
11480,T126461
11481,TN3176L
11482,T77333L
11483,T67957
11484,T67960
11485,T72032
11486,T72064
11487,T73585
11488,T68067L
11489,T68082
11490,T68016
11491,T68138
11492,T67974
11493,T28273L
11494,T64394
11495,T68153
11496,T68077
11497,TN2429
11498,T37610
11499,T19028
11500,T38851
11501,T60753
11502,T28607
11503,T30819
11504,TN1470
11505,T61661
11506,T64221
11507,TN6900
11508,T13477
11509,T39359
11510,T23002
11511,T9773
11512,T25985
11513,T24270
11514,T34616
11515,T38625
11516,T26986
11517,T15301
11518,T12080
11519,T27310
11520,T20882
11521,T63208L
11522,T14390L
11523,T67963
11524,T67955
11525,T67702
11526,T72081
11527,T73151
11528,T72078
11529,T67936
11530,T68060
11531,T77348
11532,T75636
11533,T77351
11534,T77347
11535,T77349
11536,T68061
11537,T72054
11538,T26339L
11539,T77346
11540,T67498
11541,T66155
11542,T28012
11543,T33613
11544,T31659
11545,T28303
11546,TN2704
11547,T40080
11548,TN5171
11549,T20067
11550,T16302
11551,TN1308
11552,T38260
11553,TN1163
11554,T38253
11555,T11412
11556,T34905
11557,T16788
11558,T39954
11559,T36196
11560,T61383
11561,T33816
11562,T27106
11563,T27454
11564,T29187
11565,T61360
11566,TN1370
11567,T26408
11568,TN2245
11569,T68018
11570,T3465L
11571,T72037
11572,T67926
11573,T68023L
11574,T77508
11575,T77352
11576,T6810
11577,TN7222
11578,TN7224
11579,TN7217
11580,TN7226
11581,TN7220
11582,TN7221
11583,T67680
11584,T67319
11585,T67047
11586,TNU0436
11587,T77555
11588,T77560
11589,T77554
11590,T67447
11591,T66911
11592,T67302
11593,T65281
11594,T65128
11595,T31592
11596,T21622
11597,T24997
11598,T21872
11599,T37034
11600,T24542
11601,T37075
11602,T60512
11603,T61678
11604,T35566
11605,T36831
11606,T16033
11607,T27806
11608,T27083
11609,T61122
11610,T26360
11611,T37908
11612,T15055
11613,T27439
11614,T35545
11615,T36506
11616,T34093
11617,T35379
11618,T70489
11619,T68490
11620,T73053
11621,T77580
11622,T67685
11623,T77557
11624,T72045
11625,T77564
11626,T36201L
11627,T77562
11628,T68076L
11629,T73267
11630,T77581
11631,T68006
11632,T38961L
11633,TNU0630
11634,T77595
11635,T28441
11636,T34485
11637,T35048
11638,T27830
11639,T14673
11640,TN1275
11641,TN1216
11642,T38310
11643,TN2077
11644,T36352
11645,T26109
11646,T60500
11647,T32194
11648,T60240
11649,T40465
11650,T28078
11651,T14212
11652,T39403
11653,T27679
11654,T30506
11655,T31020
11656,T12679
11657,T0461L
11658,T27245L
11659,T12337L
11660,T68135L
11661,T77335
11662,T75129
11663,TN7237
11664,T71534L
11665,TNU0060
11666,T77568
11667,T68038
11668,T73400L
11669,T77567
11670,T22025
11671,T77334
11672,T77511
11673,T73007
11674,T73097
11675,T77339
11676,T77336
11677,T68054
11678,T70604
11679,T30586L
11680,T68108L
11681,T68055
11682,T27830L
11683,T67870
11684,T65815
11685,T14908
11686,T28294
11687,T14958
11688,T28394
11689,T26086
11690,TN2373
11691,TN2086
11692,TN1174
11693,TN3033
11694,TN3120
11695,TN1622
11696,TN1107
11697,TN1264
11698,TN5166
11699,TN1170
11700,TN1528
11701,TN3689
11702,TN2259
11703,T39252
11704,T62461
11705,T61932
11706,T16437
11707,TN1457
11708,TN2083
11709,TN1966
11710,TN2156
11711,TN1125
11712,T62515
11713,T23072
11714,T27845
11715,T15067
11716,T61699
11717,T60653
11718,T61793
11719,TN1333
11720,TN1352
11721,T60803
11722,T27606
11723,T60619
11724,T22476
11725,T61278
11726,T62281
11727,T9830
11728,T61093
11729,T27932
11730,T24755
11731,T41230
11732,T62606
11733,T61316
11734,T63750
11735,T29118
11736,T29215
11737,T64295
11738,T33272
11739,T41224
11740,T13175
11741,T63059
11742,T30527
11743,T63272
11744,T7725
11745,T61831
11746,T28904
11747,T61354
11748,T62238
11749,T20506
11750,T60364
11751,T37961
11752,T67977
11753,T70540
11754,T64911
11755,T68073
11756,T77344
11757,T72058L
11758,TP1565L1
11759,T73331
11760,T68084
11761,T77613
11762,T72060
11763,T68172
11764,T67385
11765,T77611
11766,T77609
11767,T77606
11768,T77598
11769,T77607
11770,T77604
11771,T77600
11772,T77603
11773,T77612
11774,T77614
11775,T72662
11776,TP1413L
11777,T77602
11778,T77597
11779,T77601
11780,T72576
11781,T77599
11782,T77608
11783,T11393
11784,T10468
11785,T10492
11786,T10585
11787,T18928
11788,T18934
11789,T19368
11790,T13324
11791,T10777
11792,T15574
11793,T15675
11794,T13621
11795,T18972
11796,T18990
11797,T18997
11798,T19027
11799,T16734L
11800,T19059
11801,T16560
11802,T11885
11803,T16980
11804,T22336
11805,T22381
11806,T22408
11807,T22450
11808,TN2773
11809,TN4417
11810,T20533
11811,T22746
11812,T23004
11813,T23453
11814,T19755
11815,T20029
11816,T25492
11817,T25465
11818,T29756
11819,T9250
11820,TD0106
11821,T9214
11822,T9181
11823,T9251
11824,T5348
11825,T9238
11826,T9239
11827,TN6761
11828,T9221
11829,T9216
11830,T9219
11831,T9222
11832,T9225
11833,T9232
11834,T9210
11835,T9236
11836,T9213
11837,TD0099
11838,T9178
11839,T9162
11840,TP1929L1
11841,TN6769
11842,T22229
11843,TN6770
11844,TN6772
11845,TQ0078
11846,TQ0259
11847,TQ0290
11848,TN1054
11849,TN1134
11850,TN1631
11851,T12094
11852,T12123
11853,T19446
11854,T12311
11855,T19277
11856,T17476
11857,T18064
11858,T18066
11859,T14238
11860,T14741
11861,T14746
11862,T14797
11863,T15324
11864,T15529
11865,T15534
11866,T15537
11867,T16315
11868,T16605
11869,T10586L
11870,T14981
11871,T15031
11872,T15191
11873,T15257
11874,T11297L
11875,T15335
11876,T15375
11877,T12871
11878,T19335
11879,T11607
11880,T13622
11881,T11720
11882,T16125
11883,T16537
11884,T16754
11885,T16845
11886,T13767
11887,T16975
11888,T16999
11889,T17065
11890,T22286
11891,T22293
11892,T20648
11893,T21335
11894,T22606
11895,T7502L
11896,T26019
11897,T9264
11898,T9266
11899,T18891L
11900,T9267
11901,T9262
11902,T9148
11903,T9270
11904,T9271
11905,T9202
11906,T9258
11907,T9240
11908,T9207L
11909,T9274
11910,T9259
11911,TD0105
11912,T9269
11913,T9226
11914,TP1113L
11915,TP1290
11916,TP1404L
11917,TN1937
11918,T19501
11919,T18912
11920,T11111
11921,T17879
11922,T14060
11923,T16899
11924,T12929
11925,T13318
11926,T15445
11927,T15500
11928,T15571
11929,T11991
11930,T22440
11931,T21412
11932,T19720
11933,T20224
11934,T27695
11935,T28069
11936,T9263
11937,T9244
11938,T9282
11939,T10525
11940,T9284
11941,TP1326
11942,T9246
11943,T7761
11944,T9279
11945,T21874
11946,T9285
11947,T9290
11948,T9276
11949,T9243
11950,T9272
11951,T12506L1
11952,TP1526L1
11953,TN1634
11954,TN1823
11955,T11074
11956,T10295
11957,T14983
11958,T15160
11959,T13108
11960,T19310
11961,T19214
11962,T15686
11963,T16345
11964,T16442
11965,T17212
11966,T22406
11967,TN4893
11968,T23469
11969,T19808
11970,T33639
11971,T9199
11972,T9331
11973,T9316
11974,T7763
11975,T9298
11976,TN6777
11977,TP1759L
11978,TQ0146L
11979,TQ0033
11980,TQ0308
11981,TN1157
11982,T50035
11983,T50033
11984,TN6726
11985,T50021
11986,T50054
11987,T9408
11988,T9372
11989,T50082
11990,T50088
11991,T50084
11992,T22043
11993,T50098
11994,T50103
11995,T50026
11996,T50075
11997,T9421
11998,T50062
11999,T50078
12000,T22225
12001,T50051
12002,T50025
12003,T50039
12004,T50111
12005,T50024
12006,T50048
12007,T50066
12008,T50016
12009,T50059
12010,T50053
12011,T50105
12012,T50069
12013,T50055
12014,T50041
12015,T50071
12016,T50049
12017,T50101
12018,T50034
12019,T50068
12020,T50099
12021,T50086
12022,T50036
12023,T50031
12024,T50032
12025,T50011
12026,T50083
12027,T50093
12028,T50070
12029,T50044
12030,T50014
12031,T50005
12032,TQ0186
12033,TQ0190
12034,TN1296
12035,TN1297
12036,TN1375
12037,TN1474
12038,TN1487
12039,TN1488
12040,TN1513
12041,TN1807
12042,TN1932
12043,TN2004
12044,TN2262
12045,TN2277
12046,TN2322
12047,TN2331
12048,TN2356
12049,T12089
12050,T12090
12051,T12092
12052,T12095
12053,T12115
12054,T12126
12055,T12150
12056,T12156
12057,T12181
12058,T19161
12059,T10933
12060,T11076
12061,T13969
12062,T14175
12063,T14299
12064,T14316
12065,T14346
12066,T12731
12067,T10285
12068,T10425
12069,T10602L
12070,T15202
12071,T13874
12072,T12885
12073,T12901
12074,T13090
12075,T13923
12076,T13674
12077,T11368
12078,T10534
12079,T10659
12080,T10680
12081,T10722
12082,T11438
12083,T13928
12084,T10796
12085,T10815
12086,T15632
12087,T17319
12088,T17321
12089,T17324
12090,T17352
12091,T17372
12092,T17389
12093,T17402
12094,T17406
12095,T17411
12096,T17464
12097,T18831
12098,T10877
12099,T50019
12100,T50003
12101,T50012
12102,T50022
12103,T50057
12104,T50030
12105,T50077
12106,T50008
12107,T50061
12108,T50020
12109,T50052
12110,T50018
12111,T50064
12112,T50079
12113,T50045
12114,T50076
12115,T50046
12116,T50063
12117,T50113
12118,T50100
12119,T50090
12120,T50112
12121,T50058
12122,T50009L
12123,T50000
12124,T50047
12125,T50010
12126,T50040
12127,T50050
12128,T50102
12129,T50028
12130,T50107
12131,T50042
12132,T50115
12133,T50094
12134,T50013
12135,T50096
12136,T50056
12137,T50114
12138,T50023
12139,T50029
12140,T50060
12141,T50072
12142,T50001
12143,T50006
12144,T50089
12145,T50004
12146,T50091
12147,T9404
12148,T21936
12149,T9352
12150,T9373
12151,T21890
12152,T9406
12153,T9374
12154,T22054
12155,T9398
12156,T9407
12157,T22214
12158,T22142
12159,T22226
12160,T21970
12161,T9379
12162,T9396
12163,T9005
12164,T21806
12165,T9393
12166,T21815
12167,T10389L
12168,T21511L
12169,T21534L
12170,T21582L
12171,T21606L
12172,T21608L
12173,T21609L
12174,T21644L
12175,T21646L
12176,T21649L
12177,T21661L
12178,T21662L
12179,T21688L
12180,T21723L
12181,T5408
12182,T6778
12183,T41298
12184,T9837
12185,T9623
12186,T9840
12187,T9565
12188,T38485L
12189,T13695L
12190,T20556L
12191,T20566L
12192,T20698L
12193,T38836L
12194,T38852L
12195,T38807L
12196,T38719L
12197,T9608
12198,T9606
12199,TQ0010
12200,TQ0138
12201,TQ0218
12202,TQ0270
12203,TN1266
12204,TN1416
12205,TN1418
12206,TN1858
12207,TN2190
12208,TN2272
12209,TN2315
12210,T12128
12211,T12532
12212,T10215
12213,T17920
12214,T17978
12215,T18031
12216,T18568
12217,T10375
12218,T14943
12219,T12913
12220,T13689
12221,T11267
12222,T11282
12223,T11339
12224,T10591
12225,T10608
12226,T10683
12227,T11469
12228,T19353
12229,T15639
12230,T16510
12231,T11966
12232,T17194
12233,T17250
12234,T22391
12235,T4S1951
12236,TN3466
12237,TN3690
12238,T20744
12239,T20766
12240,T20984
12241,T21652
12242,T40032
12243,T39262L
12244,T9849
12245,T24906L
12246,T9698
12247,TN7107
12248,T9580
12249,T9865
12250,T11339L
12251,T9742
12252,T4299
12253,T8765
12254,T9858
12255,T41274
12256,T9807
12257,T22128
12258,T21069
12259,T21082
12260,T21102
12261,T21130
12262,T21152
12263,T21233
12264,T23087
12265,T23449
12266,T19931
12267,T19967
12268,T19972
12269,T20048
12270,T20225
12271,T20358
12272,TN5891
12273,TN6552
12274,T24784
12275,T27527
12276,T28226
12277,T34492
12278,TN6930
12279,TN6964
12280,TN6992
12281,T35455
12282,T36287
12283,T36788
12284,T37424
12285,T38359
12286,T39007
12287,T39280
12288,T39308
12289,T39654
12290,T39710
12291,T39849
12292,T40222
12293,T40376
12294,T40380
12295,T40421
12296,T40475
12297,T40502
12298,T40503
12299,T40514
12300,T40684
12301,T16563L
12302,T41287
12303,T41319
12304,T9703L
12305,T9885
12306,T9123
12307,T41244
12308,T24697L
12309,T37496L
12310,T41301
12311,T37088L
12312,T20603L
12313,T22092
12314,TQ0103
12315,TQ0240
12316,TN1071
12317,TN1383
12318,TN1419
12319,TN1469
12320,TN1640
12321,TN1725
12322,TN1892
12323,TN1934
12324,TN2079
12325,TN2206
12326,T12086
12327,T12514
12328,T12584
12329,T12585
12330,T10626
12331,T14366
12332,T14571
12333,T12910
12334,T12937
12335,T11630
12336,T15582
12337,T15634
12338,T15811
12339,T16925
12340,TN2802
12341,T20936
12342,T20958
12343,T20982
12344,T21024
12345,T21224
12346,T22661
12347,T7722
12348,T19642
12349,T19940
12350,T24984
12351,T25719
12352,T27612
12353,T33429
12354,TN6931
12355,T35366
12356,T35371
12357,T36694
12358,T36940
12359,T37196
12360,T37621
12361,T37784
12362,T39437
12363,T40660
12364,T40863
12365,T9818
12366,TN7111
12367,TN7110
12368,TN7074
12369,T41299
12370,T21567L
12371,T9694
12372,T9896
12373,T21921
12374,T21808
12375,T9862
12376,T16738L
12377,T37603L
12378,T35827L
12379,T7575L1
12380,T69984
12381,T77510
12382,T77579
12383,T77500
12384,T73185
12385,T77516
12386,T73181
12387,T68115
12388,T77625
12389,T27342L
12390,T77340L
12391,T68064
12392,T68053
12393,T71703
12394,T67991
12395,T68086
12396,T73300
12397,T68020
12398,T68078
12399,T77578
12400,T38960
12401,T30778
12402,T26873
12403,T63642
12404,T25982
12405,T29670
12406,T29663
12407,T27122
12408,T19839
12409,TN6508
12410,T31731
12411,T10895
12412,TN6985
12413,TQ0146
12414,T14386
12415,T16914
12416,T27643
12417,T60788
12418,TN2943
12419,T36466
12420,T40542
12421,T38941
12422,T26010
12423,T36715
12424,T34385
12425,T30293
12426,T62483
12427,T34383
12428,T60454
12429,T34787
12430,T28918
12431,T15006
12432,T19265
12433,T24088
12434,T32633
12435,T24567
12436,T41163
12437,T25737
12438,T27838
12439,T33584
12440,T61147
12441,T68161L
12442,T68150
12443,T2093L
12444,T26086L
12445,T68162
12446,T71703L
12447,T39252L
12448,T34383L
12449,T73140
12450,T68142
12451,T75319
12452,TP2236L
12453,T77639
12454,T77642
12455,T77641
12456,T77640
12457,T77643
12458,T64789
12459,T77353
12460,T77617
12461,T68052
12462,T15257L
12463,T68126
12464,T68116L
12465,T77638
12466,T68119
12467,T68104
12468,T68058
12469,T68056
12470,T77288
12471,T67562
12472,T12284
12473,T62839
12474,T28367
12475,T13247
12476,T24610
12477,T13512
12478,T36528
12479,T39463
12480,T29955
12481,T27397
12482,T27630
12483,T39321
12484,T10822
12485,T24754
12486,T28665
12487,T35885
12488,T11955
12489,T39020
12490,T11943
12491,T22821
12492,T15358
12493,T36583
12494,TN2216
12495,T23903
12496,T40834
12497,T37426
12498,T62077
12499,T39805
12500,T24799
12501,T61085
12502,T33940
12503,T27112
12504,T28881
12505,T63166
12506,T26585
12507,T26636
12508,T15253
12509,T33581
12510,T38137
12511,T11249
12512,T37611
12513,T28367L1
12514,T28367L
12515,T72066
12516,T67787
12517,T69188
12518,T68099
12519,T71259
12520,T76373L
12521,TNU0685
12522,TNU0168
12523,TNU0977
12524,TNU0159
12525,T77628
12526,T72814
12527,T77631
12528,TNU0052
12529,T73270
12530,TNU0014
12531,TNU0022
12532,TNU0352
12533,TNU0123
12534,T64529
12535,T68092
12536,T68113
12537,T73040
12538,T77549
12539,T77596
12540,T77621
12541,T72067
12542,T63166L
12543,T68096
12544,T28437L
12545,T68068L
12546,T68068
12547,T68095
12548,T77654
12549,T11874
12550,T14083
12551,T15097
12552,T19528
12553,T20163
12554,T22180
12555,T22218
12556,T22882
12557,T27586
12558,T27682
12559,T27762
12560,T27827
12561,T32490
12562,T34114
12563,T34256
12564,T35556
12565,T35684
12566,T36433
12567,T36522
12568,T36752
12569,T37048
12570,T37739
12571,T37744
12572,T38063
12573,T38681
12574,T60531
12575,T61172
12576,T61822
12577,TN1209
12578,TN6097
12579,TP2417
12580,T21947
12581,T40111L
12582,T66582
12583,T66695
12584,T67821
12585,T68002
12586,T68040
12587,T68047
12588,T68094
12589,T6960L
12590,T73499
12591,T73506
12592,T74756
12593,T75643
12594,T77552
12595,T77577
12596,T77615
12597,T77618
12598,T77624
12599,T77627
12600,T77633
12601,T77650
12602,T77653
12603,T77662
12604,T77663
12605,TNU0007
12606,TNU0085
12607,TNU0091
12608,TNU0266
12609,TNU0355
12610,TNU0541
12611,TNU0810
12612,T11408
12613,T12697
12614,T14547
12615,T16478
12616,T19165
12617,T20743
12618,T23588
12619,T24184
12620,T24362
12621,T24421
12622,T26252
12623,T26322
12624,T27320
12625,T28817
12626,T29214
12627,T29652
12628,T30520
12629,T30596
12630,T32088
12631,T34280
12632,T34866
12633,T36688
12634,T37681
12635,T38995
12636,T4535L
12637,T60564
12638,T62385
12639,T63321
12640,T64124
12641,TN2430
12642,T10276L
12643,T12738L1
12644,T26322L
12645,T27947L
12646,T29067L
12647,T68015
12648,T68019L
12649,T68043
12650,T68090
12651,T68127
12652,T68146
12653,T68166L
12654,T72253
12655,T72309
12656,T77594
12657,T77616
12658,T77619
12659,T77656
12660,T77661
12661,T77670
12662,T77676
12663,TN1866
12664,T15069
12665,T13453
12666,T23097
12667,T25285
12668,T27244
12669,T28360
12670,T29687
12671,T31207
12672,T31362
12673,T35009
12674,T35806
12675,T37635
12676,T39529
12677,T39719
12678,T40286
12679,T60195
12680,T9774
12681,T60774
12682,T61355
12683,T61618
12684,T62061
12685,T62899
12686,T21500
12687,T68132L
12688,T67958
12689,T69735
12690,T71461
12691,T74040
12692,T77691
12693,T77689
12694,T77682
12695,T66256
12696,T77690
12697,T77673
12698,TNU0187
12699,T77684
12700,T77681
12701,T65347
12702,T77685
12703,T77342
12704,T77647
12705,T77634
12706,T66491
12707,T77687
12708,T77686
12709,TN7242
12710,T77683
12711,T77674
12712,T65796
12713,T65086
12714,T67579
12715,T65641
12716,TN1790
12717,TN2353
12718,T12452
12719,T17017
12720,T14545
12721,T10276
12722,T14922
12723,T18929
12724,T13623
12725,T13403
12726,T11876
12727,T16964
12728,T22818
12729,T20158
12730,T25829
12731,T25832
12732,T26629
12733,T26955
12734,T27654
12735,T27795
12736,T27812
12737,T27918
12738,T28895
12739,T29067
12740,T38251
12741,T38732
12742,T39217
12743,T60472
12744,T63516
12745,T63644
12746,T5351L
12747,T68164
12748,T68171
12749,T77652
12750,T77675
12751,T77698
12752,T73463
12753,T72924
12754,T77695
12755,T77651
12756,T77649
12757,T77528
12758,T77659
12759,T64357
12760,T68036
12761,TN7243
12762,T77636
12763,T72053
12764,TNU1431
12765,TN1805
12766,T14091
12767,T14594
12768,T10342
12769,T19003
12770,T16465
12771,T20510
12772,T20672
12773,T22646
12774,T23335
12775,T23536
12776,T25450
12777,T25531
12778,T27453
12779,T27460
12780,T22987
12781,T23310
12782,T19729
12783,T19778
12784,TP1192L
12785,TP1369L
12786,TP1386L1
12787,TP1400L
12788,TP1483L
12789,TP1543L
12790,TP1687L
12791,TP1737L
12792,TP1782L
12793,TP1790L
12794,TP1791L
12795,TP1822L
12796,TP1866L
12797,TP1875L
12798,TP1876L
12799,TP2015L
12800,TP2068L
12801,TP2082L
12802,TP2092L
12803,T4074L
12804,TN1517L
12805,T8941
12806,T5058
12807,T8900
12808,T8917
12809,T7208
12810,T8926
12811,T8932
12812,T24159
12813,TN6715
12814,T8944
12815,TQ0066
12816,TQ0101
12817,TQ0120
12818,TQ0242
12819,TN1586
12820,TN1625
12821,TN2260
12822,T12059L
12823,T12077
12824,T12266L2
12825,T12266L
12826,T12266
12827,T19522
12828,T19531
12829,T10138
12830,T10930
12831,T10953
12832,T19279
12833,T14042
12834,T10217L
12835,T13862
12836,T14093
12837,T15962
12838,T14204
12839,T14489
12840,T12746
12841,T10431
12842,T12616L
12843,T14944
12844,T15241
12845,T12882
12846,T11279
12847,T13569
12848,T10539
12849,T11553
12850,T13299
12851,T13336
12852,T13323
12853,T16130
12854,T16136
12855,T19063
12856,T16481
12857,T16670
12858,T16904
12859,T16944
12860,T17182
12861,T17190
12862,T17205
12863,T22438
12864,T22243
12865,T20570
12866,T21294
12867,T22996
12868,T23070
12869,T19816
12870,T20005
12871,T20093
12872,T20250
12873,T20253
12874,T8891
12875,T24105
12876,T24850
12877,T23818
12878,T24700
12879,TP1022
12880,TP1186
12881,TP1682L
12882,TP1766L
12883,TP1784L
12884,TP1858L
12885,TP1861L
12886,T9036
12887,T9003
12888,T8979
12889,T8970
12890,T8934
12891,T8972
12892,T8993
12893,T8946
12894,T9010
12895,T21679
12896,T8883
12897,T9016
12898,T9014
12899,T8963
12900,T19664
12901,T8975
12902,T21715
12903,T21825
12904,T8966
12905,T4298
12906,T8937
12907,T8958
12908,T8989
12909,T8922
12910,T8984
12911,T8948
12912,T8956
12913,T8971
12914,T8964
12915,T8960
12916,T8959
12917,T8914
12918,T8909
12919,T21900
12920,T8987
12921,T8912
12922,T8976
12923,T9027
12924,T8931L
12925,T8988
12926,T9022
12927,T9030
12928,T8978
12929,T8954
12930,T8952
12931,T9023
12932,T8994
12933,T9017
12934,T9020
12935,T9015
12936,T8974
12937,T9025
12938,T9026
12939,T9019
12940,T9018
12941,T8913
12942,T8949
12943,T8982
12944,T9009
12945,T21623
12946,T8962
12947,T8995
12948,T8969
12949,T9031
12950,T7530
12951,T8967
12952,T21696
12953,T8955
12954,T21976
12955,T8910
12956,T8911
12957,T9035
12958,T8985
12959,T9024
12960,T9038
12961,T8980
12962,T8950
12963,T8977
12964,T9008
12965,TN6718
12966,T8961
12967,T9012
12968,T9032
12969,T9048
12970,T8973
12971,T9037
12972,T9007
12973,T7384
12974,TQ0167
12975,TN1018
12976,TN1020
12977,TN1037
12978,TN1075
12979,T8906
12980,T26389
12981,T28352
12982,T29856
12983,T31479
12984,T32291
12985,T36572
12986,T36687
12987,T36735
12988,T36841
12989,T37630
12990,T37859
12991,T38655
12992,T38845
12993,T40622
12994,T9878
12995,T21764
12996,T9975
12997,T9990
12998,T9991
12999,T41308L
13000,T9999
13001,T60001
13002,T9992
13003,T60005
13004,T60006
13005,T60004
13006,T60000
13007,T9998
13008,T9877
13009,T41257
13010,TQ0045
13011,TQ0046
13012,TN1519
13013,TN2290
13014,T12137
13015,T12399
13016,T18640
13017,T14391
13018,T11353L
13019,T13088
13020,T11256
13021,T11373
13022,T10547
13023,T15454
13024,T16018
13025,T16329
13026,T11782
13027,T11838
13028,T11996
13029,T16859
13030,T20568
13031,T20569
13032,T20835
13033,T21457
13034,T21459
13035,T23230
13036,T20489
13037,T24109
13038,T26253
13039,T26296
13040,T26689
13041,T28001
13042,T28073
13043,T28435
13044,T28578
13045,T29522
13046,T32046
13047,T36631
13048,T36758
13049,T37267
13050,T38311
13051,T38423
13052,T38612
13053,T39161
13054,T39275
13055,T40661
13056,T9881
13057,T60024
13058,T36404L
13059,T60028
13060,T39113L
13061,T60029
13062,T60025
13063,T60010
13064,T60016
13065,T60014
13066,T60015
13067,T19849L
13068,T7756
13069,T9961
13070,T9957
13071,T21470L
13072,T15457L
13073,T20688L
13074,T37422L
13075,T20692L
13076,T30998L
13077,T60002
13078,T9948
13079,T9956
13080,T9947
13081,T60032
13082,T60003
13083,T60038
13084,T60035
13085,T60027
13086,T9874
13087,T9626
13088,T21955
13089,T9063
13090,T19443
13091,T10995
13092,T14779
13093,T13145
13094,T11234
13095,T11481
13096,T13189
13097,T13469
13098,T16777
13099,T16803
13100,T11960
13101,T17204
13102,T20543
13103,T20736
13104,T20802
13105,T21334
13106,T21404
13107,T20058
13108,T20345
13109,T20416
13110,T20456
13111,T20457
13112,TN6444
13113,T24859
13114,T26829
13115,T38173
13116,T39789
13117,T41160
13118,T60040
13119,T23535L
13120,T60021
13121,T60022
13122,T60034
13123,T60036
13124,T9805
13125,T9968
13126,T20332L
13127,T40428L
13128,T60012
13129,T60011
13130,T60037
13131,T21302L
13132,T41302
13133,T22119
13134,T60019
13135,T3330L
13136,T22124
13137,TN1128
13138,T12163
13139,T12430
13140,T13509
13141,T14220
13142,T15189
13143,T14551
13144,T12598
13145,T12753
13146,T10277
13147,T15010
13148,T15381
13149,T12821
13150,T19561
13151,T11177
13152,T11217
13153,T19356
13154,T15581
13155,T15681
13156,T19244
13157,T16014
13158,T16275
13159,T16411
13160,T16476
13161,T17203
13162,T20525
13163,T20573
13164,T20585
13165,T22667
13166,T19783
13167,T20206
13168,T20331
13169,T20351
13170,TN5634
13171,T24494
13172,T28362
13173,T39202
13174,T39250
13175,T39341
13176,T40489
13177,T40922
13178,T5877
13179,T0906
13180,TN1705
13181,T11961
13182,T21195
13183,T14387
13184,TN3433
13185,T40249
13186,T38375
13187,T34308
13188,T23003
13189,T13824
13190,T20739
13191,T16425
13192,T16728
13193,T10775
13194,T10341
13195,T36812
13196,TMA2613
13197,T13602
13198,T16940
13199,T22871
13200,T16751
13201,T16889
13202,T17105
13203,TN6675
13204,T36711
13205,T22893
13206,T13458
13207,T20535
13208,T37818
13209,T11019
13210,T15388
13211,T27613
13212,T28153
13213,T10936
13214,T11028
13215,T13352
13216,T12820
13217,T10799
13218,T11027
13219,T10837
13220,T26035
13221,T10791
13222,T11031
13223,T40807
13224,T37072
13225,T1636L
13226,T10841
13227,T35704
13228,T38480
13229,T35702
13230,T40545
13231,T19947
13232,T35368
13233,TN7153
13234,T60125
13235,T60077
13236,T60020
13237,T60124
13238,T8902
13239,T41335
13240,T60067
13241,T124500
13242,T9822
13243,T9824
13244,T9180
13245,T118066
13246,T60129
13247,T21771
13248,T23095
13249,T15282
13250,T35529
13251,TN2166
13252,T14217
13253,T23522
13254,T37042
13255,T19641
13256,T14124
13257,T17922
13258,T26704
13259,T28124
13260,T23232
13261,T26308
13262,T17921
13263,T10381
13264,T23349
13265,T20657
13266,T10335
13267,T28903
13268,T38034
13269,T28471
13270,T12830
13271,T10852
13272,T36994
13273,T17177
13274,T21014
13275,T23445
13276,T60144
13277,T60084
13278,T60057
13279,T15368L
13280,T60079
13281,T9762
13282,T60065
13283,T60063
13284,T60127
13285,T60041
13286,T22171
13287,T9823
13288,T21776L
13289,T21587
13290,T23203
13291,T10657
13292,TN2443
13293,TN2107
13294,TN4325
13295,T14911
13296,T11868
13297,T22289
13298,TN1776
13299,TN6837
13300,T22879
13301,TN2345
13302,T13424
13303,T36526
13304,T15190L
13305,T23796
13306,T36839
13307,T20026
13308,T16401
13309,T23143
13310,T24160
13311,T23325
13312,T11109
13313,T10033
13314,T10147
13315,T10031
13316,T12784
13317,T12379
13318,T13362
13319,T23167
13320,T10162
13321,T10742
13322,T27392
13323,T11184
13324,T10985
13325,T11123
13326,T12218
13327,T22900
13328,T19905
13329,TN7212
13330,T5373
13331,T9863
13332,T35528L
13333,T60166
13334,T60048
13335,T41291
13336,T60145
13337,T15621
13338,T23819
13339,T10483
13340,T17228
13341,T37683
13342,T13776
13343,T28225
13344,T3832
13345,TN6904
13346,TN2461
13347,TN4704
13348,T40186
13349,T28757
13350,TN6457
13351,T11588
13352,T15019
13353,T26366
13354,T27951
13355,T15596
13356,T23439
13357,T10923
13358,T12414
13359,T25538
13360,T11321
13361,T22577
13362,T14613
13363,T16581
13364,T11024
13365,T10984
13366,T11183
13367,T17195
13368,T15787
13369,T11077
13370,T10983L
13371,T10249
13372,T11137
13373,T11023
13374,T11155
13375,T11190
13376,T10843
13377,T32811
13378,T34281
13379,T35054
13380,T35981
13381,T36511
13382,T37385
13383,T37994
13384,T38364
13385,T38376
13386,T39566
13387,T40063
13388,T40279
13389,T41046
13390,T21871
13391,T8691
13392,T62560
13393,T63228
13394,T60675L
13395,T77786
13396,T78227
13397,T77677
13398,T78234
13399,T78232
13400,T78228
13401,T72958
13402,T69877
13403,T73450
13404,T78226
13405,T68122
13406,T69567
13407,T74862
13408,T78188
13409,T64781
13410,T80672
13411,T80673
13412,T72051
13413,T80671
13414,T77781
13415,T77783
13416,T77784
13417,T77945
13418,T77795
13419,T78181
13420,T78182
13421,T77780
13422,T78212
13423,T78215
13424,T78216
13425,T78223
13426,T78230
13427,T78410
13428,T78428
13429,T79157
13430,T80626
13431,TN1553
13432,T12327
13433,T11388
13434,T16713
13435,T17289
13436,T22387
13437,TN5770
13438,T23974
13439,T25364L
13440,T27583
13441,T28141
13442,T31408
13443,T31795
13444,T32108
13445,T34602
13446,T34914
13447,T35559
13448,T39044
13449,T40293
13450,T5700
13451,T9673
13452,T61202
13453,T61556
13454,T62957
13455,T63429
13456,T65550
13457,T71990
13458,T67988
13459,T69742
13460,TN7032
13461,T117521
13462,TNU1205
13463,T67152
13464,T69913
13465,T73556
13466,T73582
13467,T77692
13468,T77584
13469,T77719
13470,T77746
13471,T70375
13472,T9838
13473,T65868
13474,T65665
13475,T77796
13476,T77841
13477,T77912
13478,T78823
13479,T81417
13480,T81646
13481,T83021
13482,T83321
13483,TN1346
13484,TN1568
13485,T12376
13486,T12660L
13487,T15558
13488,T15655
13489,T13401
13490,T19384
13491,T16287
13492,T17187
13493,T17284
13494,TN3543
13495,TMA1122
13496,TMA1570
13497,T20763
13498,T20981
13499,T22489
13500,T22650
13501,T23115
13502,T23119
13503,T25214
13504,T26240
13505,T25365
13506,T27259
13507,T27582
13508,TN6908
13509,T35626
13510,T35707
13511,T36316
13512,T36680
13513,T38654
13514,T40446
13515,T41054
13516,T3521
13517,T60388
13518,T60503
13519,T60542
13520,T60712
13521,T60839
13522,T60866
13523,T60967
13524,T61326
13525,T61411
13526,T61562
13527,T61989
13528,T62491
13529,T63751
13530,T64043
13531,T70955
13532,T73515
13533,T125901
13534,T68664
13535,T83616
13536,T68316
13537,T8451
13538,T124384
13539,T73350
13540,TN7251
13541,T65739
13542,TN7252
13543,T67291
13544,T83625
13545,T71664
13546,T78169
13547,T78210
13548,T72437
13549,T77678
13550,T77664
13551,T82174
13552,TN1956
13553,T12038
13554,T19461
13555,T13799
13556,T12489L
13557,T10190
13558,T14076
13559,T17791
13560,T15002
13561,T13684
13562,T10595
13563,T13393
13564,T16436
13565,T16697
13566,T11798
13567,T11815
13568,T16773
13569,T12005
13570,T20941
13571,T22638
13572,T23186
13573,T23344
13574,T23516
13575,T19711
13576,T24131
13577,T15595L
13578,T40437L
13579,T37504L
13580,T41256
13581,T41286
13582,T9566
13583,T9765
13584,T22019
13585,T21740
13586,T9887
13587,T41312
13588,TQ0144
13589,TQ0221
13590,TN1362
13591,T12192
13592,T12405
13593,T15179
13594,T12715
13595,T14782
13596,T15124
13597,T15338
13598,T15366
13599,T13718
13600,T15628
13601,T15729
13602,T13363
13603,T16169
13604,T16479
13605,T16483
13606,T11990
13607,T16901
13608,T17111
13609,TMA0536
13610,TMA2386
13611,TN3594
13612,TN3748
13613,TN4662
13614,TMA0432
13615,TN5088
13616,T21044
13617,T21083
13618,T21445
13619,T22675
13620,T23383
13621,T19957
13622,T20137
13623,T20386
13624,T24136
13625,T24730
13626,T27135
13627,T27475
13628,T27617
13629,T27620
13630,T29126
13631,T31163
13632,T33296
13633,T33846
13634,TN6833
13635,T35570
13636,T35606
13637,T37811
13638,T38343
13639,T38476
13640,T39268
13641,T40426
13642,T40709
13643,T40712
13644,T40729
13645,T40735
13646,T40815
13647,TN6732
13648,T41323
13649,T9816
13650,T9933
13651,T41247
13652,TD0069
13653,T9893
13654,T9894
13655,T23008L
13656,T9709
13657,T9710
13658,T9788
13659,T36879L
13660,T40508L
13661,T39615L
13662,T37527L
13663,T38617L
13664,T40570L
13665,T38737L
13666,T9940
13667,T40555L
13668,T9882
13669,T22052
13670,T9941
13671,T9767
13672,T9892
13673,T9749
13674,T22051
13675,T9889
13676,T9888
13677,T9891
13678,T9890
13679,T9720
13680,T9935
13681,T9943
13682,T9936
13683,T9897
13684,T41358
13685,T21793
13686,T9932
13687,TN7113
13688,TN1253
13689,TN1482
13690,T12493
13691,T12540
13692,T14692
13693,T12747
13694,T10259
13695,T10268
13696,T14848
13697,T13231L
13698,T15430
13699,T15796
13700,T16044
13701,T16073
13702,T16514
13703,T16699
13704,T11888
13705,T11933
13706,T17103
13707,T17243
13708,T22300
13709,T2S0250
13710,T2S0967
13711,T2S1040
13712,TCS1188
13713,TN4583
13714,TN4673
13715,T20839
13716,T20843
13717,T20856
13718,T20864
13719,T21246
13720,T21252
13721,T23094
13722,T19914
13723,T20038
13724,T24557
13725,T23969
13726,T26647
13727,T26889
13728,T27084
13729,T27209
13730,T27579
13731,T28353
13732,T28865
13733,T29015
13734,T2568L
13735,T29352
13736,T29797
13737,T30480
13738,TN6989
13739,T36756
13740,T36757
13741,T39658
13742,T39972
13743,T41143
13744,T41162
13745,T9817
13746,T21526
13747,TN7112
13748,T41372
13749,T41248
13750,T9899
13751,T9766
13752,T9938
13753,T9821
13754,T9605
13755,T9786
13756,T9963
13757,T9900
13758,T9898
13759,TN7115
13760,T90596
13761,T21966
13762,T9625
13763,TQ0155
13764,TQ0249
13765,TN1921
13766,TN2064
13767,T14756
13768,T12664
13769,T15047
13770,T12870
13771,T13000
13772,T13669
13773,T11162
13774,T13186
13775,T15649
13776,T13373
13777,T28267
13778,T30142
13779,T34081
13780,T35074
13781,T35694
13782,T36488
13783,T36933
13784,T60745
13785,T60869
13786,T61191
13787,T63427
13788,TN7246
13789,T68143
13790,T72617
13791,T77697
13792,T72038
13793,T73549
13794,T69356
13795,T77716
13796,T77710
13797,T75004
13798,T73042
13799,T77708
13800,T77701
13801,T72107
13802,T77699
13803,TN7245
13804,T77713
13805,T77714
13806,T68042
13807,T33876L
13808,T77712
13809,T69534
13810,T77709
13811,T77711
13812,T73182
13813,T77717
13814,T77700
13815,T77341
13816,T73375
13817,T73269
13818,T75005
13819,T77635
13820,TN1077
13821,T19101
13822,T15248
13823,T11518L
13824,T13354
13825,T15947
13826,T11878
13827,T22378
13828,T4124
13829,T22829
13830,T19722
13831,T24178
13832,T26326
13833,T26287
13834,T26551
13835,T26632
13836,T27250
13837,T27864
13838,T27979
13839,T29096
13840,T32737
13841,T33389
13842,T33824
13843,T34435
13844,T35180
13845,T35941
13846,T37992
13847,T40795
13848,T8436
13849,T61564
13850,T63343
13851,T63730
13852,T33836L
13853,T67967
13854,T30745L
13855,T77644
13856,T77703
13857,T69529
13858,T67690
13859,T68103
13860,T77702
13861,T68030
13862,T77705
13863,T68063
13864,T74696
13865,T66932
13866,T77521
13867,T65288
13868,T72055
13869,T77593
13870,T77586
13871,T23318L
13872,T77570
13873,T77657
13874,T73486
13875,T65232
13876,T67019
13877,T77718
13878,T77707
13879,T77704
13880,T71832
13881,T68046
13882,T72061
13883,T68057
13884,T9682
13885,TN1745
13886,TN1953
13887,TN2063
13888,T10109
13889,T10247
13890,T14138
13891,T10634
13892,T15431
13893,T11662L
13894,T17028
13895,TN4675
13896,T24793
13897,T24695
13898,T25212
13899,T27312
13900,T27404
13901,T27808
13902,T27841
13903,T28502
13904,T28548
13905,T28722
13906,T28922
13907,T29087
13908,T1118L
13909,T30098
13910,T30140
13911,T36953
13912,T39222
13913,T40292
13914,T41027
13915,T41249
13916,T60336
13917,T60835
13918,T61494
13919,T63333
13920,T63808
13921,T67798
13922,T124358
13923,T77726
13924,T77558
13925,T77671
13926,T75163
13927,T64561
13928,T64679
13929,T65269
13930,T69552
13931,T77672
13932,TN2068
13933,TN2337
13934,T19262
13935,T13547L
13936,T15944
13937,T16263
13938,T11978
13939,T12012
13940,T5794
13941,T22700
13942,T22833
13943,T23911
13944,T24064
13945,T27020
13946,T27060
13947,T30249
13948,T31605
13949,T31750
13950,T32614
13951,T32826
13952,T32872
13953,T37184
13954,T39608
13955,T50110
13956,T60561
13957,T63140
13958,T63667
13959,T67888
13960,T73602
13961,T72968
13962,T69140
13963,T70470
13964,T76341L
13965,T67930
13966,T65172
13967,T71961
13968,T65782
13969,T67790
13970,T77620
13971,T77765
13972,T72470
13973,TN2143
13974,T19124
13975,T12620
13976,T11487
13977,T8323
13978,T8319
13979,T8360
13980,T8151
13981,T8308
13982,T7776
13983,T8215
13984,T8322
13985,T8222
13986,T8230
13987,T8325
13988,T8312
13989,T8176
13990,T8363
13991,T8315
13992,T7844
13993,T8324
13994,T8149
13995,T8310
13996,T8383
13997,T7945
13998,T7390
13999,T8224
14000,T8236
14001,T8219
14002,T8317
14003,T7765
14004,T7750
14005,T8412
14006,T8411
14007,T8410
14008,T8408
14009,T8407
14010,T8406
14011,T8405
14012,T8403
14013,T8402
14014,T8401
14015,T8400
14016,T8399
14017,T8397
14018,T8396
14019,T8394
14020,T8393
14021,T8392
14022,T8390
14023,T8388
14024,T8387
14025,T8385
14026,T8384
14027,T8382
14028,T8381
14029,T8380
14030,T8365
14031,T8359
14032,T8358
14033,T8357
14034,T8356
14035,T8353
14036,T8347
14037,T8340
14038,T8331
14039,T8330
14040,T8328
14041,T8327
14042,T8318
14043,T8309
14044,T8239
14045,T8232
14046,T8201
14047,T8196
14048,T7947
14049,T7812
14050,T8373
14051,T8374
14052,T8375
14053,T8376
14054,T8389
14055,T8339
14056,T7951
14057,T8404
14058,T8369
14059,T8349
14060,T8342
14061,T8345
14062,T8336
14063,T8344
14064,T8350
14065,T8348
14066,T8146
14067,T8395
14068,T8368
14069,T8329
14070,T8367
14071,T8370
14072,T8351
14073,T8354
14074,T8346
14075,T8416
14076,T8377
14077,T8216
14078,TN2103
14079,T8372
14080,T8364
14081,T8326
14082,TQ0025
14083,TQ0027
14084,TQ0044
14085,T7430
14086,TQ0170
14087,TQ0185
14088,TQ0192
14089,TQ0198
14090,TQ0201
14091,T7604
14092,TQ0208
14093,TQ0211
14094,T7902
14095,T7848
14096,T7886
14097,TN1011
14098,TN1053
14099,TN1563
14100,TN1691
14101,TN1704
14102,TN1773
14103,TN1787
14104,TN1839
14105,TN1902
14106,TN1918
14107,TN1982
14108,TN1983
14109,TN1984
14110,TN2154
14111,TN2264
14112,TN2268
14113,TN2286
14114,TN2289
14115,TN2354
14116,T3S0381
14117,T4S1658
14118,T4S0398
14119,T3859
14120,TQ0171
14121,TQ0287
14122,T8301
14123,T8502
14124,T8501
14125,T2797
14126,T8371
14127,T8491
14128,T8508
14129,T8449
14130,T8515
14131,T8494
14132,T8446
14133,T8459
14134,T8415
14135,T8443
14136,T8482
14137,T8441
14138,T8439
14139,T8454
14140,T8233
14141,T8514
14142,T8435
14143,T8510
14144,T8505
14145,T8495
14146,T8512
14147,T8493
14148,T8483
14149,T8334
14150,T8341
14151,T7904
14152,T8378
14153,T8457
14154,T8513
14155,T8421
14156,T8434
14157,T8504
14158,T8503
14159,T8458
14160,T8450
14161,T8490
14162,T8452
14163,T8440
14164,T8442
14165,T8448
14166,T8419
14167,T8081
14168,T7061
14169,T12073
14170,T13584
14171,T8444
14172,T8423
14173,T13055
14174,T8453
14175,T8487
14176,T15713
14177,T11734
14178,T18987
14179,T22267
14180,TN3174
14181,TN4368
14182,T21338
14183,T2531L
14184,T24580
14185,T24154
14186,T27931
14187,T28182
14188,T28285
14189,T28396
14190,T29059
14191,T30047
14192,T31014
14193,T35617
14194,T36524
14195,T40199
14196,T40335
14197,T60616
14198,T60924
14199,T72039
14200,T68120
14201,T77668
14202,T67799
14203,T77648
14204,T60102L
14205,T60438L
14206,T77645
14207,T68120L
14208,T77679
14209,T77569
14210,T21841
14211,TQ0151
14212,TQ0304
14213,T10960L
14214,T14843
14215,T15014
14216,T15157
14217,T13903
14218,T13911
14219,T10545
14220,T10858
14221,T10883
14222,T11706
14223,T11800
14224,TN2539
14225,T22813
14226,T22831
14227,T23303
14228,T19860
14229,T20075
14230,T24115
14231,T24962
14232,T28652
14233,T28935
14234,T34888
14235,T34973
14236,T36121
14237,T38170
14238,T38752
14239,T39647
14240,T40109
14241,T21509
14242,T9529
14243,T60777
14244,T60976
14245,T61046
14246,T62304
14247,T63727
14248,T63966
14249,T64117
14250,T22029
14251,T72979
14252,T74710
14253,T78555
14254,T77522
14255,T77526
14256,T75295
14257,T70873
14258,T124492
14259,T78157
14260,T68097
14261,T77727
14262,T77575
14263,T70692
14264,T68953
14265,T12321
14266,T19284
14267,T13992
14268,T12596
14269,T14903
14270,T15390
14271,T19345
14272,T19581
14273,T10784
14274,T19239
14275,T15440
14276,T13423
14277,T12010
14278,T16897
14279,T20701
14280,T21017
14281,TN6577
14282,T24733
14283,T25441
14284,T25701
14285,T25741
14286,T26363L
14287,T27636
14288,T28189
14289,T28759
14290,T29170
14291,T30086
14292,T36491
14293,T38722
14294,T39518
14295,T39755
14296,T40748
14297,T60738
14298,T62745
14299,T63838
14300,T4984
14301,T73368
14302,T68035
14303,T68879
14304,T73457
14305,T6650
14306,T72947
14307,T68079
14308,T71691
14309,T69980
14310,T80663
14311,T75174
14312,T67871
14313,T71973
14314,T7656
14315,T72310
14316,T73599
14317,T22021
14318,T74671
14319,TN1204
14320,T19261
14321,T15273
14322,T11329
14323,T11354
14324,T11894
14325,T23382
14326,T20504
14327,T26854
14328,T31860
14329,T33412
14330,T37979
14331,T38089
14332,T60608
14333,T60857
14334,T61270
14335,T30191L
14336,T63399L
14337,T80665
14338,T77725
14339,T70086
14340,T70087
14341,T8925
14342,T41245
14343,T9942
14344,T77525
14345,T77517
14346,T77582
14347,T77666
14348,T64866
14349,T80667
14350,TNU1119
14351,TQ0057
14352,T12241
14353,T14219
14354,T14384
14355,T14524
14356,T19538
14357,T15044
14358,T15780
14359,T16106
14360,T16357
14361,T16449
14362,TN5254
14363,T20511
14364,T20563
14365,T20828
14366,T23302
14367,T23480
14368,T23497
14369,T2346L
14370,T23973
14371,T26526
14372,T28218
14373,T28855
14374,T28950
14375,T29135
14376,T23897
14377,T24167
14378,T25215
14379,T25770
14380,T25384
14381,T25969
14382,T26748
14383,T27949
14384,T28978
14385,T31806
14386,T34373
14387,T35896
14388,T36033
14389,T36233
14390,T36710
14391,T38846
14392,T39448
14393,T40931
14394,T7368
14395,T60715
14396,T61132
14397,T61486
14398,T61588
14399,T62858
14400,TNU1281
14401,T75113
14402,T77667
14403,T71740
14404,T69644
14405,T77574
14406,T66645
14407,T68896
14408,T33600L
14409,T73560
14410,T77519
14411,T65012
14412,T77745
14413,T78605
14414,TN1995
14415,T12356
14416,T12481
14417,T12577
14418,T14666
14419,T12682
14420,T14951
14421,T14974
14422,T11315
14423,T10459
14424,T10584
14425,T13267
14426,T13329
14427,T15785
14428,T20967
14429,T21322
14430,T22850
14431,T25226
14432,T26686
14433,T26804
14434,T26866
14435,T26897
14436,T28497
14437,T29303
14438,T29541
14439,T33602
14440,T38079
14441,T38120
14442,T1744
14443,T5501
14444,T62761
14445,T63119
14446,T63643
14447,T77767L
14448,T69691
14449,T69638
14450,T67970
14451,T72057
14452,T73446
14453,T72170
14454,T72553
14455,T77576
14456,T73578
14457,T77660
14458,T75098
14459,T77693
14460,T68051
14461,T64400
14462,TQ0073
14463,TN1449
14464,T12533
14465,T11069
14466,T10364
14467,T14840
14468,T15414
14469,T13329L
14470,T11745
14471,T11785
14472,T16809
14473,T12644L
14474,TN4530
14475,TN5757
14476,T26820
14477,T26917
14478,T27423
14479,TN6830
14480,T35803
14481,T35901
14482,T37655
14483,T60247
14484,T61786
14485,T62656
14486,T63909
14487,T78578
14488,T78748
14489,T78984
14490,T80640
14491,T80725
14492,T80792
14493,T80805
14494,T77810
14495,T70302
14496,T83646
14497,T83648
14498,T70038
14499,T83628
14500,T7633L
14501,T67980
14502,T73475
14503,T68100
14504,T83647
14505,T71553
14506,T70188
14507,TN7253
14508,T83643
14509,T76662
14510,T64949
14511,T68118
14512,T12365
14513,T13045
14514,T13157
14515,T11550
14516,T21361
14517,T24212
14518,T25210
14519,T27603
14520,T28077
14521,T29041
14522,T35346
14523,T35501
14524,T36082
14525,T36898
14526,T37450
14527,T38507
14528,T60604
14529,T60657
14530,T61184
14531,T61622
14532,T62702
14533,T63732
14534,T63746
14535,T78170
14536,T78570
14537,T78835
14538,T79492
14539,T79500
14540,T79535
14541,T79600
14542,T79830
14543,T79835
14544,TNU0130
14545,T72505
14546,T74048
14547,T77755
14548,T36802L
14549,T71699
14550,T77733
14551,T33876L1
14552,T83627
14553,T83632
14554,T72501
14555,T77759
14556,T13568L
14557,T74398
14558,T12344L1
14559,T38960L
14560,TN1106
14561,T11424
14562,T15603
14563,T13361
14564,T19621
14565,T15822
14566,T11823
14567,T17192
14568,T20890
14569,T23182
14570,T23284
14571,T25886
14572,T25887
14573,T36432
14574,T38459
14575,T78607
14576,T124444
14577,T66797
14578,TN9531
14579,TN8578
14580,T40368
14581,TN2424
14582,T65346
14583,T67602
14584,TN9530
14585,TN9495
14586,TN9743
14587,T203964
14588,TN4548
14589,T35954
14590,TN3128
14591,TN3081
14592,T1511L
14593,T203971
14594,T203987
14595,T64963
14596,TN9323
14597,T21287
14598,TN9816
14599,TN9584
14600,T203954
14601,TN9764
14602,TNU1255
14603,TN9272
14604,TN9807
14605,TN9333
14606,TN9586
14607,T20016
14608,T203950
14609,T203929
14610,TN9358
14611,TN9254
14612,TN9632
14613,TN9538
14614,T203927
14615,TN9768
14616,TN9353
14617,TN9554
14618,TN9471
14619,TN9330
14620,T24715
14621,TN9577
14622,TN9295
14623,TN9687
14624,TN9278
14625,TN9755
14626,T21283
14627,T73846
14628,TN9405
14629,TN9698
14630,T20907
14631,TN9616
14632,T203966
14633,TN9210
14634,TN9564
14635,T61923
14636,TN9508
14637,T203962
14638,TN9373
14639,TN9492
14640,TN9534
14641,TN9674
14642,TN9545
14643,TN9200
14644,TN9544
14645,TN9395
14646,TN9422
14647,TN9565
14648,TN9354
14649,T66185
14650,TN9376
14651,TN9717
14652,T84843
14653,TN9634
14654,T20453
14655,TN9595
14656,TN9574
14657,TN9469
14658,TN9791
14659,TN9520
14660,TN9263
14661,T64312
14662,TN9780
14663,TN9359
14664,T72102
14665,TN9190
14666,TN9355
14667,TN9377
14668,TN9244
14669,TN9659
14670,TN9417
14671,T203969
14672,TN9218
14673,T39686
14674,TN9329
14675,TN9804
14676,TN9719
14677,TN9332
14678,T28383
14679,TN9734
14680,TN9653
14681,T82361L
14682,T38428
14683,T203953
14684,TN9720
14685,TN9321
14686,TN9662
14687,TN9315
14688,T203909
14689,TN9316
14690,TN9813
14691,T66804
14692,TN9509
14693,TN9496
14694,TN9691
14695,TN9394
14696,TN9479
14697,T67669
14698,T80847
14699,TN9344
14700,TN9252
14701,TN9325
14702,T13027
14703,TN9227
14704,TN9526
14705,TN9320
14706,TN9675
14707,T203968
14708,TN9502
14709,T202246
14710,TN9238
14711,TN9578
14712,TN9266
14713,T205924
14714,TN9186
14715,TN9618
14716,T31139
14717,TN9740
14718,TN9681
14719,T10809
14720,TN9324
14721,TN9704
14722,TN9611
14723,TN9742
14724,T41322
14725,TN9326
14726,TN9302
14727,TN9435
14728,TN9539
14729,TN9406
14730,TN9692
14731,T203906
14732,TN9476
14733,TN9568
14734,TN9591
14735,TN9386
14736,T205899
14737,T85727
14738,T204404
14739,TN9303
14740,TN9213
14741,TN9801
14742,TN9223
14743,TN9372
14744,T20581
14745,TN9403
14746,TN9648
14747,TN9388
14748,TN9590
14749,T203985
14750,T66846
14751,TN9621
14752,TN9217
14753,TN9460
14754,T72637
14755,TN9196
14756,T24715L
14757,T203951
14758,T20261
14759,TN9399
14760,TN9305
14761,TN9594
14762,TN9230
14763,TN9596
14764,TN9269
14765,TN9563
14766,TN9346
14767,TN9773
14768,TN9516
14769,TN9212
14770,TN9645
14771,TN9488
14772,TN9384
14773,T203941
14774,TN9265
14775,TN9396
14776,T8740
14777,T22733
14778,T8720
14779,T8742
14780,T8787
14781,T17731L
14782,T8746L
14783,T6139L
14784,T8738
14785,TQ0296L
14786,T2056L
14787,T8813
14788,T7484L
14789,T7487L
14790,T7497L
14791,T7567L
14792,T7573L
14793,T7575L
14794,T7615L
14795,T7616L
14796,T7617L
14797,T7627L
14798,T7631L
14799,T7663L
14800,T7809L
14801,TP1035L
14802,TQ0028
14803,TQ0099
14804,TQ0180
14805,TQ0184
14806,T7600
14807,TQ0209
14808,TQ0214
14809,TQ0215
14810,TQ0283
14811,TQ0306
14812,TQ0316
14813,TN1040
14814,TN1042
14815,TN1049
14816,TN1097
14817,TN1120
14818,TN1261
14819,TN1274
14820,TN1299
14821,TN1305
14822,TN1406
14823,TN1445
14824,TN1601
14825,TN1637
14826,TN1656
14827,TN1723
14828,TN1765
14829,TN1774
14830,TN1928
14831,TN2024
14832,TN2139
14833,TN2141
14834,TN2208
14835,TN2215
14836,TN2254
14837,TN2256
14838,TN2298
14839,TN2347
14840,TN2349
14841,T12253
14842,T13851
14843,T10979
14844,T14833L
14845,T18171
14846,T15076
14847,T14188
14848,T10297L
14849,T15017
14850,T15247
14851,T15268
14852,T15271
14853,T13050
14854,T10717
14855,T11560
14856,T13202
14857,T18979
14858,T10570
14859,T13476
14860,T16115
14861,T16688
14862,T11852
14863,T11901
14864,T16974
14865,T17026
14866,T2S0501
14867,T3834
14868,T4672
14869,T5S0689
14870,T5S0993
14871,TN5031
14872,T19687
14873,T19814
14874,T19833
14875,T20125
14876,T20129
14877,T20454
14878,T20485
14879,T20499
14880,T20513
14881,T20880
14882,T21267
14883,T21320
14884,T8800
14885,T5797
14886,T8798
14887,T8786
14888,T8788
14889,T8784
14890,T8806
14891,T8796
14892,T22277L
14893,T2069L
14894,T8809
14895,T5S2245
14896,T8763
14897,T6812L
14898,T8790
14899,T20435L
14900,T21610
14901,T8811
14902,T8785
14903,T8681
14904,T22379L
14905,T4657L
14906,T7712L
14907,T8808L
14908,TP1327L
14909,TP2050L
14910,T8823
14911,TQ0035
14912,TQ0106
14913,TQ0108
14914,TQ0116
14915,TQ0154
14916,TQ0181
14917,TN1091
14918,TN1727
14919,TN1740
14920,TN1969
14921,TN2252
14922,T12103
14923,T12431
14924,T10087
14925,T10981
14926,T14589
14927,T15176
14928,T14315
14929,T14323
14930,T10293
14931,T10410
14932,T14895
14933,T14919
14934,T14965
14935,T15020
14936,T15022
14937,T15393
14938,T12853
14939,T11147
14940,T11176
14941,T13690
14942,T11486
14943,T11538
14944,T13171
14945,T15436
14946,T15576
14947,T15629
14948,T15648
14949,T15656
14950,T15757
14951,T10860
14952,T18963
14953,T11733
14954,T16083
14955,T16290
14956,T10012
14957,T19029
14958,T16392
14959,T16435
14960,T12675L
14961,T16732
14962,T17011
14963,T17143
14964,T17196
14965,T22264
14966,T22278
14967,T22280
14968,T22308
14969,T22355
14970,T22359
14971,T22416
14972,T22431
14973,T22432
14974,T22445
14975,T73397
14976,T79659
14977,T9314
14978,T69753
14979,T65309
14980,TN1861
14981,T12422
14982,T14680
14983,T14886
14984,T19564
14985,T19347
14986,T16403
14987,TN4236
14988,T21405
14989,T23512
14990,T24524
14991,T23910
14992,T23735
14993,T36343
14994,T37436
14995,T39933
14996,T40159
14997,T61338
14998,T62105
14999,T64167
15000,T78791
15001,T73577
15002,T79745
15003,T79860
15004,T80800
15005,T73054
15006,T71707L
15007,T70277
15008,T70388
15009,T68083L
15010,T20494L
15011,TNU0031
15012,T73496
15013,T77728
15014,T65135
15015,T67568
15016,T65427
15017,TN2295
15018,T18911
15019,T17870
15020,T18719
15021,T14498
15022,T14689
15023,T14997
15024,T15351
15025,T13110
15026,T15717
15027,T16132
15028,T21360
15029,T22984
15030,T19826
15031,T1400L
15032,T31208
15033,T35033
15034,TN6835
15035,T37985
15036,T39520
15037,T60351
15038,T62750
15039,T63875
15040,T73027
15041,T79622
15042,T80644
15043,T82008
15044,T82568
15045,T77767L1
15046,T80674
15047,T16090L
15048,T17210L1
15049,T35033L
15050,T125115
15051,T73133
15052,T69625
15053,T83651
15054,T4322
15055,T77761
15056,TF0106
15057,T66121
15058,T65636
15059,TN2326
15060,T12152
15061,T14491
15062,T12632
15063,T15205
15064,T13004
15065,T10638
15066,T16089
15067,T16090
15068,T16741
15069,T16792
15070,T12632L
15071,T20022
15072,T24865
15073,T25859
15074,T25615
15075,T26559
15076,T26625
15077,T29022
15078,T31354
15079,T34146
15080,T36333
15081,T37735
15082,T40580
15083,T61349
15084,T61859
15085,T62263
15086,T62525
15087,T63388
15088,T78650
15089,T79906
15090,T72984
15091,T10638L
15092,T31081L
15093,T79500L
15094,T68455
15095,TP2507
15096,T68730
15097,T72482
15098,TN7042
15099,T21556
15100,T83657
15101,T83659
15102,T83654
15103,T74233
15104,T83655
15105,T83656
15106,T41324
15107,T83967
15108,T83966
15109,T80677
15110,T73286
15111,T72528
15112,T66085
15113,TN1236
15114,T19110
15115,T13997
15116,T14569
15117,T14676
15118,T10055
15119,T11724
15120,T11748
15121,T11758
15122,T12076L
15123,T11949
15124,T16881
15125,T22312
15126,TN2719
15127,TN3029
15128,TN3050
15129,T23066
15130,T19812
15131,TN6694
15132,T23631
15133,T23667
15134,T26020
15135,T25616
15136,T26978
15137,T27001
15138,T27138
15139,T27262
15140,T27564
15141,T27572
15142,T27596
15143,T28089
15144,T28258
15145,T28809
15146,T29645
15147,T30219
15148,T30549
15149,T30824
15150,T31008
15151,T34123
15152,T34316
15153,T35258
15154,T36707
15155,T39640
15156,T9175
15157,T60680
15158,T61239
15159,T61899
15160,T78393
15161,T74809
15162,T79404
15163,T79909
15164,T83615
15165,T83971L
15166,T71744
15167,T75675
15168,TP2500
15169,T71746
15170,T83972
15171,T72112
15172,T83965
15173,T83653
15174,T25354L1
15175,T41003
15176,T60056
15177,T21694
15178,T21818
15179,T9643
15180,T36857L
15181,T60050
15182,T9659
15183,T60043
15184,T60044
15185,T21060L
15186,T60051
15187,T27400L
15188,T21747
15189,T9648
15190,T41290
15191,T21946
15192,T21980
15193,TN1438
15194,T12188
15195,T12238
15196,T12459
15197,T10038
15198,T10133
15199,T10169
15200,T11087
15201,T14071
15202,T13553
15203,T14980
15204,T15303
15205,T12846
15206,T12922
15207,T10651
15208,T15612
15209,T15614
15210,T13379
15211,T16040
15212,T19076
15213,T17232
15214,T22671
15215,T23316
15216,T20302
15217,T24838
15218,T24437
15219,T27462
15220,T28036
15221,T28475
15222,T36036
15223,T36683
15224,T38163
15225,T40187
15226,T40505
15227,T41277
15228,T60072
15229,T21588
15230,T37890L
15231,T60074
15232,T23233L
15233,T60064
15234,T41255
15235,T60075
15236,T60073
15237,T9756
15238,T60052
15239,T21807
15240,T21678
15241,T21761
15242,T21685
15243,T9768L
15244,T21838
15245,T60053
15246,T21653
15247,T20413L
15248,TN1818
15249,T12164
15250,T18794
15251,T14527
15252,T10124
15253,T15137
15254,T10639
15255,T10696
15256,T11458
15257,T13253
15258,T10830
15259,T10835
15260,T16536
15261,T19395
15262,T11828
15263,T16766
15264,T16873
15265,T17021
15266,T17197
15267,T22345
15268,TN2689
15269,TN3243
15270,TN3500
15271,T20578
15272,T23323
15273,T23525
15274,T19752
15275,T23858
15276,T23801
15277,T24239
15278,T27093
15279,T33565
15280,T36596
15281,T36964
15282,T38699
15283,T38776
15284,T40515
15285,T40732
15286,T9579L
15287,T60076
15288,T9804
15289,T3407L
15290,T60061
15291,TN7118
15292,T13667L1
15293,T36442L
15294,T9760
15295,T9689
15296,T60031
15297,T60026
15298,T60080
15299,T9809
15300,T27026L
15301,T9810
15302,TN1519L
15303,T21572
15304,TN1117
15305,TN1315
15306,TN1511
15307,TN1520
15308,TN1730
15309,TN1799
15310,TN1803
15311,T12159
15312,T14526
15313,T12758
15314,T15372
15315,T13925
15316,T11212
15317,T11358
15318,T19206
15319,T15438
15320,T15772
15321,T16524
15322,T16806
15323,T16922
15324,T16950
15325,T17315
15326,TN3831
15327,TN4510
15328,T22808
15329,T23007
15330,T23286
15331,T19813
15332,TN5845
15333,T24642
15334,T24833
15335,T26630
15336,T27221
15337,T28339
15338,T37428
15339,T60083
15340,T9572
15341,T9755
15342,T9585
15343,TN7120
15344,TN6780
15345,T60081
15346,T60078
15347,T60055
15348,T9970
15349,T60054
15350,T60033
15351,T40220L
15352,T39823L
15353,T60094
15354,T60092
15355,T60093
15356,T60066
15357,T60087
15358,T60086
15359,T21855
15360,T9976
15361,TN6753
15362,T4676
15363,TQ0139
15364,TN1372
15365,TN1475
15366,TN1527
15367,TN1552
15368,TN1584
15369,TN1587
15370,TN1599
15371,TN1927
15372,TN1970
15373,TN2078
15374,T2863
15375,T2864
15376,T2865
15377,T2866
15378,T2868
15379,T2869
15380,T2870
15381,T2871
15382,T2872
15383,T2873
15384,T2874
15385,T2875
15386,T2876
15387,T2877
15388,T2878
15389,T2879
15390,T2880
15391,T2881
15392,T2882
15393,T2883
15394,T2884
15395,T2885
15396,T2886
15397,T2887
15398,T2888
15399,T2889
15400,T2890
15401,T2891
15402,T2893
15403,T2894
15404,T2896
15405,T2897
15406,T2898
15407,T2899
15408,T2900
15409,T2901
15410,T2902
15411,T2904
15412,T2905
15413,T2907
15414,T2908
15415,T2909
15416,T2910
15417,T2913
15418,T2914
15419,T2915
15420,T2916
15421,T2918
15422,T2919
15423,T2920
15424,T2921
15425,T2922
15426,T2923
15427,T2924
15428,T2925
15429,T2926
15430,T2927
15431,T2928
15432,T2929
15433,T2931
15434,T2932
15435,T2933
15436,T2934
15437,T2936
15438,T2937
15439,T2939
15440,T2940
15441,T2941
15442,T2942
15443,T2943
15444,T2944
15445,T2945
15446,T2947
15447,T2948
15448,T2949
15449,T2950
15450,T2951
15451,T2952
15452,T2953
15453,T2954
15454,T2955
15455,T2956
15456,T2957
15457,T2958
15458,T2959
15459,T5165
15460,T2961
15461,T2962
15462,T2963
15463,T2965
15464,T2966
15465,T2968
15466,T2969
15467,T2970
15468,T2971
15469,T2972
15470,T2973
15471,T2975
15472,T2976
15473,T2977
15474,T2978
15475,T2979
15476,T2981
15477,T2982
15478,T2983
15479,T2984
15480,T2985
15481,T2987
15482,T2988
15483,T2989
15484,T2990
15485,T2991
15486,T2992
15487,T2993
15488,T2994
15489,T2995
15490,T2996
15491,T2997
15492,T2998
15493,T2999
15494,T3000
15495,T3001
15496,T3002
15497,T3003
15498,T3004
15499,T3005
15500,T3006
15501,T3007
15502,T3008
15503,T3009
15504,T3010
15505,T3011
15506,T3012
15507,T3014
15508,T3015
15509,T3016
15510,T3018
15511,T3020
15512,T3023
15513,T3024
15514,T3025
15515,T3026
15516,T3027
15517,T3028
15518,T3030
15519,T3032
15520,T3033
15521,T3034
15522,T3039
15523,T3040
15524,T3041
15525,T3042
15526,T3043
15527,T3044
15528,T3045
15529,T3046
15530,T3047
15531,T3048
15532,T3049
15533,T3050
15534,T3052
15535,T3053
15536,T3054
15537,T3055
15538,T3056
15539,T3057
15540,T3058
15541,T3059
15542,T3060
15543,T3061
15544,T3062
15545,T3063
15546,T3065
15547,T3067
15548,T3068
15549,T3069
15550,T3070
15551,T3071
15552,T3072
15553,T3073
15554,T3074
15555,T3075
15556,T3076
15557,T3077
15558,T3078
15559,T3079
15560,T3080
15561,T3081
15562,T3082
15563,T3084
15564,T3085
15565,T3086
15566,T3088
15567,T3089
15568,T3090
15569,T3091
15570,T3093
15571,T27158L
15572,T28246L
15573,T3525
15574,T64860
15575,T65287
15576,T67785
15577,T69665
15578,T71399
15579,T71665
15580,T72771
15581,T72953
15582,T83975
15583,T83977
15584,T83978
15585,T83979
15586,TD1707
15587,TP1570
15588,T10220
15589,T10299
15590,T10378
15591,T11235
15592,T11337
15593,T12315
15594,T13312L
15595,T14947
15596,T15008
15597,T15198
15598,T15239
15599,T15549
15600,T16071
15601,T16114
15602,T16126
15603,T16286
15604,T16887
15605,T20025
15606,T21478
15607,T21979
15608,T22576
15609,T22832
15610,T23301
15611,T24807
15612,T25130
15613,T25702
15614,T25813
15615,T25984
15616,T26085
15617,T26701
15618,T26828
15619,T26926
15620,T27019
15621,T27257
15622,T27405
15623,T27792
15624,T28463
15625,T28551
15626,T28643
15627,T30248
15628,T30615
15629,T30787
15630,T31614
15631,T31645
15632,T33479
15633,T34387
15634,T34685
15635,T34705
15636,T35044
15637,T35262
15638,T35833
15639,T35898
15640,T36008
15641,T36020
15642,T36375
15643,T36473
15644,T36716
15645,T37089
15646,T37816
15647,T37987
15648,T39746
15649,T60507
15650,T60796
15651,T61151
15652,T61652
15653,T62882
15654,T63056
15655,T63305
15656,T63505
15657,T63544
15658,T78646
15659,T78704
15660,T83168
15661,TN1013
15662,TN1252
15663,TN1633
15664,TN1635
15665,TQ0118
15666,TQ0226
15667,T124698
15668,T21821L
15669,T5449
15670,T66703
15671,T67800
15672,T67828
15673,T67978
15674,T69013
15675,T69730
15676,T69757
15677,T71394
15678,T71924L
15679,T72918
15680,T73447
15681,T73718
15682,T74698
15683,T80676
15684,T83640
15685,T83980
15686,T83983
15687,T84293
15688,T84295
15689,T84296
15690,TP1015L
15691,T81263
15692,TQ0134
15693,TQ0245
15694,TN1162
15695,T13505
15696,T10183
15697,T11103
15698,T18707
15699,T14450
15700,T14307
15701,T14326
15702,T10395L
15703,T14905
15704,T14953
15705,T15168
15706,T12779
15707,T11340
15708,T10671
15709,T11562
15710,T13963
15711,T15561
15712,T15666
15713,T10851
15714,T13389
15715,T16394
15716,T16716
15717,T11805
15718,T16740
15719,T16802
15720,T11979
15721,T17036
15722,T4S1616
15723,TN3207
15724,TN4931
15725,T20508
15726,T20516
15727,T21223
15728,T21230
15729,T21339
15730,T22864
15731,T22948
15732,T24797
15733,T24493
15734,T24021
15735,T23642
15736,T24661
15737,T25080
15738,T25458
15739,T25688
15740,T26126
15741,T26531
15742,T26656
15743,T26726
15744,T26755
15745,T26878
15746,T26890
15747,T26892
15748,T26930
15749,T27094
15750,T27102
15751,T27178
15752,T27248
15753,T27252
15754,T27254
15755,T27287
15756,T27678
15757,T27706
15758,T28009
15759,T28059
15760,T28197
15761,T28270
15762,T28419
15763,T28511
15764,T28882
15765,T29157
15766,T29164
15767,T29844
15768,T30150
15769,T30686
15770,T30984
15771,T19795
15772,TN9237
15773,TN9337
15774,T203935
15775,TN9342
15776,TN9721
15777,TN9260
15778,TN9751
15779,TN9498
15780,TN9667
15781,TN9280
15782,TN9663
15783,TN9413
15784,TN9209
15785,TN9738
15786,TN9711
15787,T203943
15788,TN9518
15789,T65716
15790,TN9187
15791,TN9562
15792,TN9364
15793,TN9725
15794,TN9668
15795,T65486
15796,T203979
15797,T21278
15798,TN9277
15799,TN9654
15800,TN9301
15801,TN9650
15802,TN9477
15803,TN9688
15804,TN9583
15805,T40731
15806,TN9271
15807,TN9693
15808,TN9194
15809,TN9245
15810,TN9439
15811,TN9261
15812,TN9722
15813,TN9225
15814,TN9772
15815,TN9279
15816,TN9367
15817,TN9533
15818,TN9767
15819,TN9579
15820,TN9610
15821,TN9412
15822,TN9716
15823,TN9270
15824,T36097
15825,TN9625
15826,TN9322
15827,TN9304
15828,TN9646
15829,TN9643
15830,TN9789
15831,TN9248
15832,T204083
15833,TN9379
15834,TN9391
15835,TN9361
15836,TN9703
15837,T34844
15838,TN9570
15839,TN9771
15840,T24625
15841,T204075
15842,TN9543
15843,TN9521
15844,TN9195
15845,TN9226
15846,TN9571
15847,T64500
15848,TN9576
15849,TN9728
15850,TN9350
15851,TN9189
15852,TN9680
15853,TN9493
15854,TN9561
15855,TN9713
15856,T203989
15857,TN9185
15858,TN9247
15859,TN9589
15860,TN9598
15861,T67066
15862,TN9673
15863,T71822
15864,TN9242
15865,TN9484
15866,TN9307
15867,T203977
15868,TN9205
15869,TN9819
15870,T88533
15871,TN9356
15872,TN9575
15873,T203976
15874,TN9347
15875,TN9456
15876,TN9775
15877,T65314
15878,TN9803
15879,T203322
15880,TN9794
15881,TN9436
15882,T66826
15883,TN9404
15884,TN9513
15885,TN9696
15886,TN9285
15887,TN9604
15888,TN9349
15889,TN9293
15890,T89335
15891,TNU0230
15892,TN9336
15893,T65493
15894,T205938
15895,T88199
15896,T65780
15897,TN9652
15898,TN9514
15899,TN9542
15900,TN9338
15901,TN9733
15902,T67594
15903,TN9360
15904,T203925
15905,TN9292
15906,TN9638
15907,TN9690
15908,TN9401
15909,TN9458
15910,T41151
15911,TN9311
15912,TN9284
15913,T11114
15914,T65150
15915,TN9499
15916,TN9642
15917,T16271
15918,TN9466
15919,TN9782
15920,TN9541
15921,TN9415
15922,TN9647
15923,TN9798
15924,T205434
15925,TN9416
15926,TN9407
15927,TN9267
15928,TN9522
15929,TN9765
15930,TN9387
15931,T203921
15932,TN9607
15933,TN9523
15934,T203933
15935,TN9335
15936,T205879
15937,TN9582
15938,TN9397
15939,T66722
15940,TN9641
15941,TN9369
15942,TN9317
15943,T205876
15944,TN9258
15945,TN9233
15946,TN9229
15947,TN9503
15948,T205939
15949,TN9299
15950,TN9572
15951,TN9385
15952,TN9709
15953,TN9745
15954,T203908
15955,TN9243
15956,T203936
15957,TN9188
15958,TN9512
15959,T20165
15960,TN9701
15961,TN9296
15962,TN9818
15963,TN9472
15964,TN9587
15965,TN9327
15966,TN9222
15967,TN9557
15968,T204059
15969,TN9761
15970,T21743L
15971,T21798L
15972,T21839L
15973,T21944L
15974,T21983L
15975,T9380L
15976,T22215
15977,T9424
15978,T9465
15979,T9449
15980,T2658
15981,T9462
15982,TN7028
15983,T9459
15984,T9499
15985,T22102
15986,T9422
15987,T9432
15988,TN7021
15989,T21510
15990,T10820L1
15991,T9423
15992,T9491
15993,T7759
15994,T9317
15995,T9438
15996,T9463
15997,T40018
15998,T9382
15999,T9384
16000,T9383
16001,T9461
16002,T40031
16003,T11007L
16004,T9470
16005,T40030
16006,T40019
16007,T9446
16008,T9448
16009,T9409
16010,T9428
16011,T9339
16012,T9303
16013,T9452
16014,TN7025
16015,T9311
16016,T9468
16017,T22115
16018,T9434
16019,T21767
16020,T9420
16021,T22234
16022,T22195
16023,T9405
16024,T9466
16025,T22089
16026,T9436
16027,T9443
16028,T6430L
16029,T22228
16030,T9493
16031,T9492
16032,T9435
16033,T8699
16034,T9381
16035,T21870
16036,TN7020
16037,T9458
16038,T21804
16039,T9473
16040,T22012
16041,T21527
16042,T21867
16043,T9441
16044,T9442
16045,T21249L
16046,T21618L
16047,T21660L
16048,T21674L
16049,T21699L
16050,T21708L
16051,T21769L
16052,T9498
16053,TQ0053
16054,TQ0060
16055,TQ0309
16056,TN1021
16057,TN1153
16058,TN1206
16059,TN1257
16060,TN1272
16061,TN1328
16062,TN1390
16063,TN1417
16064,TN1525
16065,TN1720
16066,TN1768
16067,TN1891
16068,T12058
16069,T12142
16070,T12146
16071,T12148
16072,T12161
16073,T12166
16074,T12172
16075,T12189
16076,T12220
16077,T12234
16078,T12242
16079,T12287
16080,T12347
16081,T19139
16082,T19151
16083,T10900
16084,T10904
16085,T10942
16086,T11050
16087,T11078
16088,T11096
16089,T11120
16090,T14001
16091,T14046
16092,T14072
16093,T14125
16094,T17326
16095,T17330
16096,T17405
16097,T17408
16098,T17413
16099,T17440
16100,T17441
16101,T17465
16102,T17482
16103,T17483
16104,T17484
16105,T17486
16106,T17492
16107,T17501
16108,T17515
16109,T17521
16110,T17522
16111,T17548
16112,T17549
16113,T17561
16114,T17566
16115,T17567
16116,T17575
16117,T17580
16118,T17583
16119,T17594
16120,T17638
16121,T17652
16122,T17659
16123,T17665
16124,T17666
16125,T17667
16126,T17677
16127,T17679
16128,T17681
16129,T17683
16130,T17684
16131,T17691
16132,T17694
16133,T17695
16134,T17698
16135,T17716
16136,T17717
16137,T17720
16138,T17722
16139,T17823
16140,T17842
16141,T17918
16142,T17927
16143,T17950
16144,T17952
16145,T17955
16146,T17963
16147,T17964
16148,T18009
16149,T18010
16150,T18014
16151,T18132
16152,T18151
16153,T18153
16154,T18161
16155,T18202
16156,T18214
16157,T18215
16158,T18222
16159,T18728
16160,T18816
16161,T18818
16162,T18868
16163,T14342
16164,T12594
16165,T14971
16166,T31677
16167,T31773
16168,T32008
16169,T32188
16170,T32234
16171,T34406
16172,T35187
16173,T35282
16174,T6349L
16175,T36126
16176,T36696
16177,T37173
16178,T38013
16179,T38863
16180,T39664
16181,T39764
16182,T40811
16183,T21650
16184,T21766
16185,T22232
16186,T9574
16187,T60330
16188,T60372
16189,T60534
16190,T60536
16191,T60612
16192,T60625
16193,T60636
16194,T60707
16195,T61934
16196,T62183
16197,T62396
16198,T62552
16199,T62620
16200,T62684
16201,T63067
16202,T63098
16203,T63569
16204,T63992
16205,T64092
16206,T78156
16207,T73552
16208,T83984
16209,T73116
16210,T73115
16211,T73384
16212,T15760L
16213,T19525L
16214,T77194L
16215,T71012
16216,T23811L
16217,T72956
16218,T68170
16219,T70793
16220,T72420
16221,T75429
16222,T70044
16223,T84304
16224,T23038L
16225,T83981
16226,T69564
16227,T73494
16228,T67435
16229,TF0060
16230,T26469L
16231,T84284
16232,T84300
16233,T84285
16234,T5186L
16235,TP1274
16236,T73288
16237,T27286L
16238,T31644L
16239,T83639
16240,T74049
16241,T70044L
16242,T77754
16243,T73328L
16244,T83641
16245,T68405L
16246,T23344L
16247,T31213L
16248,T68135L1
16249,T84301
16250,TN1512
16251,T17859
16252,T14264
16253,T14392
16254,T14141
16255,T14338
16256,T14566
16257,T10313
16258,T11648
16259,T11956L
16260,T16034
16261,T11879
16262,T16866
16263,T17301
16264,T22655
16265,T20154
16266,T20378
16267,T23711
16268,T23649
16269,T25526
16270,T26087
16271,T26091
16272,T27271
16273,T27640
16274,T27937
16275,T28022
16276,T28238
16277,T28680
16278,T28703
16279,T28764
16280,T28859
16281,T29069
16282,T0112L
16283,T30503
16284,T31063
16285,T31708
16286,T31900
16287,T33414
16288,TN6912
16289,T36454
16290,T37299
16291,T37538
16292,T37547
16293,T60440
16294,T60789
16295,T61042
16296,T78082
16297,T78389
16298,T78961
16299,T79133
16300,T79888
16301,T7341
16302,T71356
16303,T60921L
16304,T27275L
16305,T84308
16306,T84297
16307,T84313
16308,T84310
16309,T73253
16310,T84306
16311,T69596
16312,T6415
16313,T65456
16314,T41321
16315,T77232
16316,T84287
16317,TF0116
16318,T65070
16319,T25828L
16320,T68163
16321,T84307
16322,T69941
16323,T24021L
16324,TNU0430
16325,T84289
16326,T84314
16327,T8282
16328,T69726
16329,T19525
16330,T17595
16331,T18680
16332,T15991
16333,T14211
16334,T13898
16335,T13688
16336,T11480
16337,T16166
16338,T16546
16339,T12539L
16340,T19391
16341,T12008
16342,TCA2511
16343,T21232
16344,T22600
16345,T22962
16346,T23147
16347,T19915
16348,T19937
16349,TN5802
16350,T23917
16351,T24306
16352,T26280
16353,T26723
16354,T26781
16355,T27488
16356,T27634
16357,T32105
16358,T32427
16359,T35085
16360,TN6994
16361,T36430
16362,T38041
16363,T38374
16364,T38734
16365,T40290
16366,TN9318
16367,TN9766
16368,TN9282
16369,TN9519
16370,TN9448
16371,TN9605
16372,TN9620
16373,T65283
16374,TN9390
16375,TN9204
16376,TN9312
16377,TN9255
16378,TN9380
16379,TN9624
16380,TN9546
16381,T27278
16382,TN9779
16383,TN9314
16384,TN9613
16385,TN9268
16386,TN9602
16387,TN9757
16388,T204344
16389,T203986
16390,TN9623
16391,T25758
16392,TN9536
16393,TN9606
16394,TN9288
16395,TN9744
16396,TN9374
16397,TN9597
16398,TN9309
16399,TN9739
16400,TN9370
16401,T33955
16402,TN9682
16403,TN9201
16404,T88080
16405,TN9193
16406,TN9310
16407,TN9783
16408,TN9796
16409,TN9540
16410,T66618
16411,T67072
16412,T66304
16413,TN9343
16414,TN9313
16415,TN9234
16416,TN9714
16417,T203988
16418,TN9319
16419,TN9735
16420,T20294
16421,TN9287
16422,TN9706
16423,TN9553
16424,TN9339
16425,TN9600
16426,TN9375
16427,TN9216
16428,TN9558
16429,TN9567
16430,T66086
16431,TN9504
16432,TN9393
16433,T15407L
16434,T32402
16435,TN9473
16436,TN9197
16437,TN9368
16438,TN9809
16439,TN9639
16440,TN9264
16441,TN9695
16442,TN9671
16443,TN9718
16444,T36415
16445,T23124
16446,TN9535
16447,T203978
16448,TN9524
16449,TN9731
16450,TN9426
16451,TN9684
16452,TN9781
16453,TN9726
16454,TN9298
16455,TN9637
16456,TN9389
16457,TN9203
16458,T21137
16459,TN9622
16460,TN9808
16461,T67448
16462,TN9249
16463,TN9770
16464,T205923
16465,TN9291
16466,T20297
16467,TN9736
16468,TN9705
16469,TN9348
16470,T29343
16471,TN9559
16472,TN9685
16473,TN9712
16474,TN9700
16475,TN9635
16476,TN9661
16477,T61029
16478,TN9629
16479,TN9224
16480,TN9366
16481,T20410
16482,T4668L
16483,TN9206
16484,TN9419
16485,TN9211
16486,TN9241
16487,TNU1251
16488,TN9505
16489,TN9228
16490,T203960
16491,TN9382
16492,TN9256
16493,TN9548
16494,TN9580
16495,TN9461
16496,TN9669
16497,TN9551
16498,TN9592
16499,T32202
16500,TN9207
16501,TN9528
16502,TN9672
16503,TN9708
16504,TN9199
16505,TN9797
16506,T203959
16507,T16270
16508,TN9640
16509,TN9341
16510,TN9694
16511,TN9593
16512,TN9633
16513,TN9289
16514,TN9202
16515,T203990
16516,TN9686
16517,TN9676
16518,TN9707
16519,TN9381
16520,TN9626
16521,TN9300
16522,T203914
16523,T65381
16524,T20926
16525,T12644
16526,TN9619
16527,TN9762
16528,T203955
16529,TN9297
16530,TN9331
16531,TN9556
16532,TN9402
16533,TN9501
16534,TN9778
16535,TN9569
16536,TN9378
16537,T69974
16538,TN9630
16539,TN9537
16540,TN9581
16541,T203932
16542,T66014
16543,TN9802
16544,TN9306
16545,T205869
16546,TN9467
16547,TN9235
16548,TN9253
16549,TN9612
16550,TN9785
16551,TN9383
16552,TN9340
16553,TN9208
16554,TN9723
16555,T203938
16556,TN9529
16557,TN9398
16558,T67294
16559,TN9658
16560,TN9418
16561,TN9334
16562,TN9517
16563,TN9494
16564,T203981
16565,T11993
16566,TN4608
16567,T19702
16568,T19998
16569,T24881
16570,T25127
16571,T26904
16572,T29796
16573,T30967
16574,T31766
16575,T37404
16576,T37524
16577,T21675
16578,T61736
16579,T62870
16580,T78841
16581,T83146
16582,T84916
16583,T86805
16584,T87874
16585,T72092
16586,T25127L
16587,T4S1421
16588,T88859
16589,T8252
16590,T69343
16591,T88858
16592,T67058
16593,TQ0175
16594,T16060
16595,T11070L
16596,T11328
16597,T11476
16598,T10868
16599,T16864
16600,T22331
16601,T7005L
16602,T20132
16603,T25015
16604,T25753
16605,T30476
16606,T32807
16607,T7593L
16608,TN6815
16609,T37138
16610,T40753
16611,T61376
16612,T83542
16613,T85645
16614,T30578L
16615,T69294
16616,T74271
16617,T7920
16618,T84348L1
16619,T88838
16620,T88862
16621,T12184
16622,T19102
16623,T18791
16624,T15075
16625,T13108L
16626,T10486L
16627,T13221
16628,T11654
16629,T11704
16630,T15808
16631,T17312
16632,T20708
16633,T20846
16634,T20853
16635,T21019
16636,T21108
16637,T21370
16638,T1734L
16639,T19946
16640,T20071
16641,T20333
16642,T20342
16643,T25852
16644,T25248
16645,T26172
16646,T2330L
16647,T26682
16648,T28433
16649,T28879
16650,T0184L
16651,T31433
16652,T31851
16653,T31981
16654,T34924
16655,TN7019
16656,T36184
16657,T39157
16658,T40699
16659,T4246L
16660,T61362
16661,T62889
16662,T78015
16663,T85699
16664,T87342
16665,T74411
16666,T72985
16667,TF0110
16668,T64957
16669,T75579
16670,T69611
16671,T88438
16672,T65845
16673,T68586
16674,T65917
16675,T65361
16676,T12074
16677,T12484
16678,T18465
16679,T12680
16680,T15131
16681,T13914
16682,T13712
16683,T15450
16684,TN3118
16685,T23354
16686,T32003
16687,T36470
16688,T36602
16689,T37303
16690,T37522
16691,T38646
16692,T40201
16693,T9414
16694,T60274
16695,T62650
16696,T70413
16697,T75672
16698,T68517
16699,T5507
16700,T65262
16701,T12765
16702,T12977
16703,T13087
16704,T15699
16705,T16484
16706,T19422
16707,T16979
16708,TN2460
16709,TN3248
16710,T22725
16711,T26491
16712,T26983
16713,T29093
16714,TN6937
16715,T37066
16716,T37431
16717,T39862
16718,T40434
16719,T41026
16720,T1181L
16721,T41236
16722,T73051
16723,T79049
16724,T85282
16725,TMIH-0262
16726,T76068
16727,TN8151
16728,T75964L
16729,T74120
16730,T13057L
16731,T65990
16732,TQ0149
16733,TQ0313
16734,T14833
16735,T15935
16736,T16419
16737,T16502
16738,T23121
16739,T24676
16740,T27598
16741,T29211
16742,T30269
16743,T33563
16744,T33908
16745,T36959
16746,T37287
16747,T37689
16748,T21901
16749,T60418
16750,T60926
16751,T63846
16752,T78179
16753,T78509
16754,T78904
16755,T85329
16756,T85547
16757,T87609
16758,T86954
16759,T6693
16760,T74637L
16761,T200416
16762,T66672
16763,TN1864
16764,T69017
16765,T68765
16766,T78211L
16767,T74779
16768,T75268
16769,T75289
16770,T89831
16771,T76574
16772,T126236
16773,TP1547
16774,T68511
16775,T201388
16776,T201907
16777,T12972L
16778,TN2273
16779,TN2319
16780,T19439
16781,T19118
16782,T13984
16783,T14200
16784,T13083
16785,T17296
16786,TN2999
16787,T20595
16788,T20866
16789,T22531
16790,T23248
16791,T23329
16792,T1255L
16793,T24944
16794,T24742
16795,T28051
16796,T38599
16797,T39235
16798,T40594
16799,T21762
16800,T60411
16801,T61072
16802,T61882
16803,T85479
16804,T86003
16805,T86124
16806,T86471
16807,T86496
16808,T70957L
16809,T74051
16810,T73745
16811,T71563
16812,TNU0046
16813,T73531
16814,T201911
16815,T72180
16816,T65245
16817,T72977
16818,T65389
16819,T201919
16820,TF0032
16821,T12714
16822,T13442
16823,T16415
16824,T19390
16825,T11865
16826,T20728
16827,T23361
16828,T26378
16829,T27777
16830,T37682
16831,T39354
16832,T60935
16833,T62954
16834,T77883
16835,T78207
16836,T79873
16837,T85710
16838,T200105
16839,T69645
16840,T72594
16841,T12229L
16842,T74686
16843,TP1854L
16844,T84082
16845,T84023
16846,T204086
16847,TN4587
16848,T68864
16849,T83989
16850,T124893
16851,T21772
16852,TN1941
16853,TN7543
16854,T13946
16855,TN9815
16856,TN2320
16857,TN2454
16858,T80013
16859,TN1890
16860,TN6701
16861,T83417
16862,TN5126
16863,T27282
16864,TN5266
16865,T38059
16866,TMA0537
16867,T82639
16868,T29360
16869,T203821
16870,TN1532
16871,TN9184
16872,TN8334
16873,T84048
16874,TN1099
16875,T73199
16876,T75427
16877,TJS2334
16878,TN2076
16879,T83333
16880,T84043
16881,TN8322
16882,TN4527
16883,T65240
16884,T22478
16885,T37924
16886,T200296
16887,T32266
16888,TN6923
16889,T84041
16890,TN1771
16891,TN6666
16892,TN9180
16893,T11803
16894,TN1004
16895,T69160
16896,T75437
16897,T203819
16898,TN1122
16899,T16323
16900,TN5853
16901,TN6548
16902,T27564L
16903,T22494
16904,TN1578
16905,T67200
16906,T38268
16907,T29356
16908,T16574
16909,T60290
16910,TN8921
16911,T84086
16912,TN9786
16913,T22478L
16914,T13980
16915,T38241
16916,T24744
16917,T66903
16918,TN1685
16919,TN9754
16920,TN8413
16921,TN9468
16922,TQ0109
16923,TN5265
16924,TN8418
16925,TN9799
16926,T66651
16927,T124779
16928,T13629
16929,TN8388
16930,TN1973
16931,T19263
16932,TN9790
16933,T19932
16934,T78503
16935,T37770
16936,T18230
16937,T89229
16938,T84102
16939,T203845
16940,T71649
16941,T200551
16942,TN9183
16943,T203012
16944,T67520
16945,T39716
16946,T22827
16947,T203815
16948,TN9441
16949,T27593
16950,T80248
16951,T17063
16952,T62380
16953,T203863
16954,T19537
16955,T84136
16956,T203832
16957,T84173
16958,TN9820
16959,T36618
16960,T26730
16961,T70442L
16962,T203814
16963,T68498
16964,T11754
16965,T203874
16966,T84088
16967,TN9480
16968,T65695
16969,T72211
16970,T63897
16971,T206000
16972,T61255
16973,T204051
16974,T204943
16975,T21161
16976,T19788
16977,T37982
16978,T16466
16979,T60366
16980,T65010
16981,T201368
16982,T71525
16983,T29166
16984,TMIH-0166
16985,T86994
16986,TYD-00858
16987,T206014
16988,T205819
16989,T18969
16990,T83996
16991,T203857
16992,T205083
16993,T206001
16994,TYD-00692
16995,TYD-00736
16996,T124997
16997,TN9805
16998,T67197
16999,T205969
17000,T15850
17001,TXB-00017
17002,T207108
17003,T205973
17004,T36092
17005,T203856
17006,T205987
17007,TP2898
17008,T206025
17009,T23388
17010,TN9665
17011,T78617
17012,T64882
17013,T203868
17014,T19810
17015,T60412
17016,T21265
17017,T19801
17018,T11835L
17019,T73735
17020,T206009
17021,T10756
17022,T64757
17023,TN11090
17024,T60343
17025,TYD-00199
17026,T36634
17027,T203887
17028,T32589
17029,T89499
17030,TN9487
17031,TYD-00730
17032,T205993
17033,T23809L1
17034,T32568
17035,T16721
17036,T1454L
17037,T66202
17038,TN1446
17039,TN1989
17040,T12681
17041,TN4813
17042,TN6692
17043,T124192
17044,TN7608
17045,TN1571
17046,TN1180
17047,TN1716
17048,TN5400
17049,TN4177
17050,T30224
17051,TN2214
17052,TN1392
17053,TN1061
17054,TN2224
17055,TN4653
17056,TN1200
17057,T40638
17058,T10194
17059,TN1424
17060,TN11100
17061,TN2365
17062,T10077
17063,TN2020
17064,TN3614
17065,T39142
17066,T60256
17067,T210500
17068,TN2218
17069,T74197
17070,T37471
17071,T19409
17072,TN1796
17073,TN3238
17074,TN1667
17075,T38495
17076,TN2113
17077,TN5442
17078,TN2073
17079,TN4909
17080,TN1802
17081,TN11274
17082,TN2334
17083,TN4134
17084,TN1869
17085,TN4607
17086,T125008
17087,TN2293
17088,TN1476
17089,T40813
17090,TN2171
17091,T11365
17092,T8803
17093,TN1167
17094,TN7755
17095,TN8736
17096,T88565
17097,T124332
17098,T82214
17099,TN6861
17100,TN2375
17101,TN1326
17102,T39825
17103,TN1269
17104,TN8753
17105,TMA1065
17106,TN1958
17107,TN1239
17108,TN8597
17109,TN6638
17110,TN8783
17111,T10685
17112,TN2169
17113,T14121
17114,TN8628
17115,T82773
17116,TN1536
17117,T38024
17118,T75554
17119,T124257
17120,TN1577
17121,TN1171
17122,TN1412
17123,T40578
17124,TN1793
17125,T65248
17126,TN1592
17127,TYD-02602
17128,TN4667
17129,TYD-02627
17130,T37747
17131,T207821
17132,T83600
17133,TYD-02613
17134,TYD-02655
17135,T72250
17136,T20309
17137,T124840
17138,TYD-02603
17139,TN5162
17140,TYD-02621
17141,TN1397
17142,TN2348
17143,T21291
17144,TN6810
17145,TN1901
17146,T20389
17147,T8204
17148,TN1827
17149,T126438
17150,T36736
17151,TN1744
17152,TYD-02653
17153,T73792
17154,T10103
17155,TN8726
17156,TN2098
17157,T36563
17158,T75686
17159,TN6817
17160,TN2323
17161,TYD-02636
17162,TN11236
17163,T4954L
17164,TN3820
17165,T20639
17166,T21023
17167,T21395
17168,T21422
17169,T23333
17170,T23336
17171,TP1345
17172,TP1563
17173,TP1828
17174,T8832
17175,T8826
17176,T8830
17177,T8818
17178,T8836
17179,T21965
17180,TP2036L
17181,T8829
17182,T8822
17183,T5346
17184,T8825
17185,T8801
17186,T8820
17187,T8828
17188,T8810
17189,T8764
17190,T19827
17191,T8774
17192,T8782
17193,T8814
17194,T5047
17195,T8807
17196,T8815
17197,T8819
17198,T8802
17199,T8816
17200,T8706
17201,T8793
17202,T22774L
17203,T5025L
17204,T8827
17205,TP1736L
17206,TP1793L
17207,TP1918L
17208,TP1938L
17209,TP2305
17210,T3131
17211,T8854
17212,TQ0022
17213,TQ0036
17214,TQ0037
17215,TQ0071
17216,TQ0111
17217,T7522
17218,TQ0161
17219,TQ0165
17220,TQ0250
17221,TQ0269
17222,TQ0286
17223,TN1005
17224,TN1008
17225,TN1032
17226,TN1035
17227,TN1051
17228,TN1088
17229,TN1113
17230,TN1189
17231,TN1192
17232,TN1259
17233,TN1278
17234,TN1377
17235,TN1420
17236,TN1494
17237,TN1546
17238,TN1712
17239,TN1736
17240,TN1742
17241,TN1855
17242,TN1925
17243,TN1926
17244,TN1936
17245,TN2003
17246,TN2085
17247,TN2246
17248,TN2346
17249,T12039
17250,T19450
17251,T19458
17252,T12231
17253,T12235
17254,T13809
17255,T12468
17256,T12469
17257,T19084
17258,T10112
17259,T10140
17260,T19137
17261,T10899
17262,T11005
17263,T11122
17264,T14073
17265,T14081
17266,T17693
17267,T14140
17268,T14578
17269,T10319
17270,T14998
17271,T15080
17272,T15184
17273,T15259
17274,T11307
17275,T11451
17276,T11520
17277,T11557
17278,T13722
17279,T13951
17280,T13287
17281,T13612
17282,T18957
17283,T19071
17284,T16398
17285,T12428L
17286,T16579
17287,T13750
17288,T11898
17289,T19412
17290,T17224
17291,T22334
17292,T22344
17293,T2S0820
17294,T3S0137
17295,T3S1850
17296,T4A2399
17297,T4S1247
17298,T4S1518
17299,T5S1467
17300,TMS1461
17301,TN2703
17302,T20712
17303,T20881
17304,T21013
17305,T21231
17306,T21343
17307,T21437
17308,T22694
17309,T22830
17310,T19712
17311,T19753
17312,T7338L
17313,T8106
17314,T20257
17315,T20285
17316,T20324
17317,T20346
17318,T20371
17319,T20446
17320,T20461
17321,TP1523
17322,T8846
17323,T8852
17324,T4471
17325,T8849
17326,T3303
17327,T8840
17328,T8850
17329,T13920L
17330,T8839
17331,T8843
17332,T8824
17333,T8667
17334,T21781
17335,T8769
17336,T8851
17337,T8771
17338,T8770
17339,T8845
17340,TN5283
17341,T8844
17342,T7564
17343,TN5284
17344,T8847
17345,T8794
17346,T20515L
17347,T23479L
17348,TP1049L
17349,TP2307
17350,TP2310
17351,TP2314
17352,TN6393
17353,TP2318
17354,T10951
17355,T16744
17356,T14598
17357,T14635
17358,T14177
17359,T13554
17360,T14862
17361,T8020
17362,T8046
17363,T8085
17364,T8077
17365,T8226
17366,T8228
17367,T8078
17368,T8086
17369,T8258
17370,T8021
17371,T8047
17372,T8022
17373,T8087
17374,T8079
17375,T8057
17376,T8088
17377,T8067
17378,T8023
17379,T8089
17380,T8090
17381,T8010
17382,T8024
17383,T8025
17384,T8026
17385,T8027
17386,T8259
17387,T8091
17388,T8080
17389,T8008
17390,T8009
17391,T8093
17392,T8094
17393,T8095
17394,T8028
17395,T8058
17396,T8059
17397,T8096
17398,T8068
17399,T8097
17400,T8069
17401,T8049
17402,T8030
17403,T8031
17404,T8098
17405,T8032
17406,T8050
17407,T8099
17408,T8034
17409,T8051
17410,T8052
17411,T8070
17412,T8053
17413,T8260
17414,T8071
17415,T8072
17416,T8262
17417,T8100
17418,T8101
17419,T8102
17420,T8103
17421,T8104
17422,T8054
17423,T8074
17424,T8263
17425,T8264
17426,T8150
17427,T8266
17428,T8227
17429,T8118
17430,T8268
17431,T8035
17432,T8036
17433,T8105
17434,T8075
17435,T8270
17436,T8271
17437,T8229
17438,T8273
17439,T8274
17440,T2P2806
17441,T6S1049
17442,T4S2084
17443,T3860
17444,T4S1383
17445,T2S1905
17446,T2S2211
17447,T3849
17448,T4S1540
17449,T5625
17450,T5S1252
17451,T4519
17452,TJP2865
17453,T2S2046
17454,T4S2299
17455,T4955
17456,T5S1286
17457,T5S0089
17458,T5A2455
17459,T2S2382
17460,T5S2059
17461,T6S1500
17462,T3836
17463,T2S1008
17464,T3S2100
17465,T3S0012
17466,T6S1010
17467,T7025
17468,T3S1957
17469,T5S1000
17470,T2S0112
17471,T8275
17472,T8179
17473,T8276
17474,T8277
17475,T8279
17476,T8181
17477,T8280
17478,T8281
17479,T8154
17480,T8160
17481,T8161
17482,T8200
17483,T8183
17484,T8184
17485,T8185
17486,T8283
17487,T8202
17488,T8162
17489,T8285
17490,T8203
17491,T8286
17492,T8287
17493,T8155
17494,T8187
17495,T8288
17496,T8158
17497,T8205
17498,T8188
17499,T8191
17500,T8206
17501,T8207
17502,T8208
17503,T8120
17504,T8293
17505,T8165
17506,T8294
17507,T8295
17508,T8166
17509,T8296
17510,T8194
17511,T8167
17512,T8211
17513,T8174
17514,T8178
17515,T8152
17516,T8195
17517,T8297
17518,T8298
17519,T8170
17520,T8198
17521,T8299
17522,T8300
17523,T8114
17524,T8159
17525,T4912
17526,T8168
17527,T8302
17528,T8304
17529,T8169
17530,T8307
17531,T7913
17532,T7916
17533,T7937
17534,T7936
17535,T7988
17536,T7989
17537,T7971
17538,T8048
17539,T8029
17540,T8073
17541,T8320
17542,T8316
17543,T7841
17544,T8007
17545,T7787
17546,T5041
17547,T8217
17548,T8311
17549,T8171
17550,T8314
17551,T8223
17552,T8313
17553,T8235
17554,T8321
17555,T5484
17556,T8362
17557,T18052
17558,T210454
17559,TNU0494
17560,TMIJ-0312
17561,T61668
17562,T87003
17563,TP2769
17564,TYD-02642
17565,TYD-02629
17566,T32533
17567,TYD-02643
17568,T61681
17569,T27857
17570,T62328
17571,T29195
17572,T68837
17573,T26196
17574,T68240
17575,T21006
17576,T10418
17577,T73049
17578,T76613
17579,TYD-02599
17580,T37148
17581,TYD-01431
17582,T11954
17583,TYD-00561
17584,T75270
17585,TYD-02852
17586,T13705
17587,T10010
17588,T39153
17589,T202942
17590,T78075
17591,TYD-02830
17592,T32798
17593,T38414
17594,T64737
17595,T67083
17596,T38679
17597,T60225L
17598,TMIH-0469
17599,T6143L
17600,T70614
17601,TXB-00292
17602,T88331
17603,T14053
17604,TYD-02659
17605,T22404
17606,T210506
17607,TYD-02635
17608,T204580
17609,T24631
17610,T203712
17611,T207822
17612,T207814
17613,T207787
17614,TYD-02618
17615,T207809
17616,T67561
17617,T75729
17618,T19923
17619,TP3272
17620,TYD-01255L
17621,T204465
17622,T67607
17623,T16833
17624,T66758
17625,T17304
17626,T78379
17627,TYD-02598
17628,T88823
17629,T17365
17630,T206054
17631,T205875
17632,T67564
17633,T22659
17634,T11870
17635,T65938
17636,TYD-02619
17637,T201584
17638,T73733
17639,T11437
17640,TXB-00561
17641,T207492
17642,T62759
17643,T38032
17644,T16493
17645,TYD-02650
17646,T72103
17647,T207820
17648,T14599
17649,T200873
17650,T67570
17651,T40481
17652,T84717
17653,T70481
17654,T18939
17655,T18950
17656,T89640
17657,T210528
17658,T89069
17659,T25288
17660,T87512
17661,T87217
17662,T13906
17663,T205224
17664,TCL-00025
17665,TYD-02857
17666,TYD-02631
17667,T22682
17668,TYD-02851
17669,T203211
17670,T88678
17671,T83951
17672,TYD-02816
17673,T19252
17674,T60888
17675,T25193
17676,T15730
17677,T35827
17678,T88667
17679,TYD-02855
17680,T23429
17681,T40271
17682,T61642
17683,T1077L
17684,T28874
17685,T39208
17686,TYD-02844
17687,TD0019
17688,T19175
17689,T207812
17690,TYD-02843
17691,T11462
17692,T63665
17693,T89869
17694,TYD-02625
17695,T64542
17696,T39438
17697,T30454
17698,T72052
17699,TP3278
17700,TYD-02645
17701,TYD-02617
17702,T36053
17703,TYD-01259
17704,T37434
17705,TYD-02832
17706,TYD-02649
17707,T37115
17708,TYD-02826
17709,T207823
17710,T72473
17711,T41200
17712,T82190
17713,T72020
17714,T38411
17715,TYD-00822
17716,T89262
17717,T79123
17718,T40900
17719,T31596
17720,T39254
17721,T20669
17722,TYD-02847
17723,T38313
17724,T63439
17725,T39554
17726,T21158
17727,T23325L
17728,T60652
17729,T18024L
17730,TNU0640
17731,TYD-02837
17732,T41089
17733,TYD-02644
17734,T204091
17735,TYD-00421
17736,TYD-02856
17737,T18878
17738,T8775
17739,T33595
17740,T39171
17741,T10072
17742,T19944
17743,T210309
17744,T81811
17745,T205666
17746,T16480
17747,T67552
17748,TNU0035
17749,TYD-02637
17750,TYD-02839
17751,T210457
17752,T84818
17753,T14183
17754,T203903
17755,T67668
17756,TYD-02849
17757,T3830
17758,T3840
17759,T3843
17760,T3846
17761,T3847
17762,T3855
17763,T3857
17764,T3858
17765,T3861
17766,T3862
17767,T3863
17768,T3864
17769,T3866
17770,T3867
17771,T3869
17772,T3870
17773,T3871
17774,T3872
17775,T3873
17776,T3874
17777,T3875
17778,T3876
17779,T3877
17780,T3878
17781,T3881
17782,T3882
17783,T3883
17784,T3884
17785,T3886
17786,T3888
17787,T3889
17788,T3890
17789,T3892
17790,T3893
17791,T3894
17792,T3895
17793,T3896
17794,T3898
17795,T3900
17796,T3901
17797,T3902
17798,T3903
17799,T3906
17800,T3907
17801,T3908
17802,T3910
17803,T3911
17804,T3913
17805,T3914
17806,T3915
17807,T3916
17808,T3917
17809,T3918
17810,T3919
17811,T3920
17812,T3924
17813,T3925
17814,T3931
17815,T3933
17816,T3934
17817,T3937
17818,T3938
17819,T3939
17820,T3940
17821,T3941
17822,T3949
17823,T3951
17824,T3952
17825,T3953
17826,T3954
17827,T3955
17828,T3956
17829,T3957
17830,T3958
17831,T3959
17832,T3960
17833,T3961
17834,T3962
17835,T3963
17836,T3964
17837,T3965
17838,T3966
17839,T3968
17840,T3969
17841,T3971
17842,T3972
17843,T3973
17844,T3975
17845,T3976
17846,T3977
17847,T3978
17848,T3979
17849,T3980
17850,T3981
17851,T3982
17852,T3983
17853,T3985
17854,T3986
17855,T3987
17856,T3988
17857,T3989
17858,T3990
17859,T3993
17860,T3994
17861,T3995
17862,T3996
17863,T3998
17864,T4000
17865,T4005
17866,T4006
17867,T4008
17868,T4011
17869,T4012
17870,T4013
17871,T4014
17872,T4015
17873,T4016
17874,T4017
17875,T4018
17876,T4019
17877,T4021
17878,T4022
17879,T4023
17880,T4024
17881,T4025
17882,T4026
17883,T4027
17884,T4028
17885,T4029
17886,T4030
17887,T4031
17888,T4032
17889,T4033
17890,T4034
17891,T4035
17892,T4036
17893,T4037
17894,T4038
17895,T4040
17896,T4041
17897,T4042
17898,T4043
17899,T4044
17900,T4045
17901,T4046
17902,T4047
17903,T4048
17904,T4049
17905,T4050
17906,T4052
17907,T4053
17908,T4054
17909,T4055
17910,T4056
17911,T4057
17912,T4058
17913,T4060
17914,T4061
17915,T4062
17916,T4063
17917,T4066
17918,T4068
17919,T4071
17920,T4074
17921,T4075
17922,T4076
17923,T4077
17924,T4078
17925,T4079
17926,T4080
17927,T4081
17928,T4083
17929,T4084
17930,T4085
17931,T4088
17932,T4089
17933,T4090
17934,T4091
17935,T4092
17936,T4093
17937,T4095
17938,T4097
17939,T4099
17940,T4100
17941,T4101
17942,T4102
17943,T4105
17944,T4106
17945,T4108
17946,T4111
17947,T4113
17948,T4114
17949,T4115
17950,T4117
17951,T4118
17952,T4119
17953,T4121
17954,T4125
17955,T4126
17956,T83970
17957,T7026L
17958,T65013
17959,T12295
17960,T13810
17961,T12536
17962,T12617
17963,T15173
17964,T13180
17965,T13280
17966,T15619
17967,T15819
17968,T11948
17969,T17048
17970,T7059
17971,T21367
17972,T22736
17973,T23396
17974,T19699
17975,T1066L
17976,T24885
17977,T26016
17978,T25705
17979,T26537
17980,T27322
17981,T27335
17982,T28686
17983,T28698
17984,T28856
17985,T29038
17986,T31668
17987,T33806
17988,T35593
17989,T37113
17990,T38369
17991,T60850
17992,T61304
17993,T62893
17994,T74793
17995,T74794
17996,T79854
17997,T83212
17998,T69146
17999,T83642
18000,T62396L
18001,T68130
18002,T24885L
18003,T28686L
18004,T72282
18005,T71138L
18006,T68405
18007,T72784
18008,T125462
18009,T83974
18010,T74041
18011,T75720
18012,T16881L
18013,T28258L
18014,T83658
18015,T66152
18016,T65687
18017,T10110
18018,T14521
18019,T14546
18020,T15023
18021,T15420
18022,T13905
18023,T13111
18024,T13118
18025,T13154
18026,T15622
18027,T10886
18028,T13751
18029,T16782
18030,T16817
18031,T16844
18032,T13771
18033,T20913
18034,T20045
18035,T23647
18036,T24821
18037,T24818
18038,T25276
18039,T25742
18040,T26645
18041,T26719
18042,T26778
18043,T26822
18044,T26834
18045,T26914
18046,T26982
18047,T27047
18048,T27143
18049,T27159
18050,T27357
18051,T27920
18052,T28076
18053,T28136
18054,T28232
18055,T28248
18056,T28380
18057,T28529
18058,T28638
18059,T28655
18060,T28740
18061,T28750
18062,T29019
18063,T29050
18064,T29071
18065,T29421
18066,T30232
18067,T30663
18068,T30961
18069,T31079
18070,T31213
18071,T31546
18072,T31597
18073,T33535
18074,T34399
18075,T35316
18076,TN6826
18077,T35569
18078,T35805
18079,T35863
18080,T37746
18081,T39349
18082,T40867
18083,T61037
18084,T61144
18085,T61722
18086,T63260
18087,T78701
18088,T77632
18089,T80799
18090,T21497
18091,T71137
18092,T71934
18093,T12054L
18094,T26914L
18095,TN7134
18096,T26778L
18097,T73440
18098,T73712
18099,T68182L
18100,T69360
18101,T31931L
18102,T71749
18103,T70722
18104,T71321
18105,T30077L
18106,TNU0802
18107,T64914
18108,T10778
18109,T10850
18110,T11449L
18111,T11668
18112,T12692
18113,T13210
18114,T13634
18115,T14375
18116,T14885
18117,T14924
18118,T15025
18119,T15779
18120,T19121
18121,T19398
18122,T22346
18123,T22382
18124,T22484
18125,T22787
18126,T24840
18127,T26174
18128,T27303
18129,T27413
18130,T27599
18131,T28537
18132,T28728
18133,T32155
18134,T34795
18135,T35868
18136,T36675
18137,T37359
18138,T37636
18139,T37742
18140,T39585
18141,T39702
18142,T39733
18143,T60773
18144,T61389
18145,T61816
18146,T61913
18147,T61933
18148,T63518
18149,T78652
18150,T79972
18151,T82236
18152,T124635
18153,T26308L
18154,T11161
18155,T11318
18156,T19350
18157,T13224
18158,T15545
18159,T15707
18160,T16079
18161,T16338
18162,T16384
18163,T16764
18164,T11857
18165,T11897
18166,T17035
18167,T17069
18168,T17199
18169,T17219
18170,T22350
18171,T22453
18172,T5709
18173,T5S1389
18174,T9112
18175,TN4991
18176,T21164
18177,T20155
18178,T19862
18179,T3051
18180,T21992
18181,T19831
18182,T8716
18183,T8708
18184,T20884
18185,T8724
18186,T3198L
18187,T8725
18188,T8712
18189,T8714
18190,TQ0069
18191,TQ0104
18192,TN1651
18193,T12075
18194,T12098
18195,T12246
18196,T12408
18197,T12427
18198,T18883
18199,T11093
18200,T15284
18201,T17692
18202,T10411
18203,T14878
18204,T11349
18205,T10765
18206,T15645
18207,T15777
18208,T16346
18209,T16512
18210,T16567
18211,T22338
18212,T22422
18213,T9113
18214,T8729
18215,T8728
18216,T21331
18217,T8734
18218,T8701
18219,T0711L
18220,T8710
18221,T8698
18222,T8727
18223,T8730
18224,T21253
18225,T8722
18226,T8733
18227,T19765
18228,T21344
18229,T8719
18230,T14080
18231,T14884
18232,T11831
18233,T22306
18234,Fr12277
18235,Fr12290
18236,Fr12339
18237,Fr12596
18238,Fr12662
18239,Fr13711
18240,Fr13756
18241,Fr13883
18242,Fr14115
18243,Fr14207
18244,Fr14298
18245,Fr14438
18246,Fr16741
18247,Fr16745
18248,PDK0015
18249,T5868
18250,T5924
18251,TQ0047
18252,TQ0085
18253,TQ0205
18254,TQ0225
18255,TQ0248
18256,TN1334
18257,T12296
18258,T12441
18259,T19533
18260,T10148
18261,T10952
18262,T10990
18263,T11102
18264,T17073
18265,T14501
18266,T14561
18267,T10352
18268,T14865
18269,T14916
18270,T15410
18271,T15411
18272,T13059
18273,T13066
18274,T19346
18275,T13166
18276,T13265
18277,T15433
18278,T15451
18279,T15727
18280,T11673
18281,T11699
18282,T16350
18283,T16807
18284,T22249
18285,Fr12275
18286,Fr16605
18287,TN2601
18288,TN3016
18289,TQ0029
18290,TQ0212
18291,TQ0285
18292,T10111
18293,T15609
18294,T14128
18295,T17348
18296,T14291
18297,T14496
18298,T14853
18299,T15220
18300,T10744L
18301,T13038
18302,T13671
18303,T10565
18304,T11728
18305,T16116
18306,T16143
18307,T16369
18308,T16550
18309,T16684
18310,T11844
18311,T12001
18312,T21208
18313,T21244
18314,T21454
18315,T21463
18316,T20121
18317,TP1263
18318,T1792L
18319,T7900
18320,T23283
18321,T8750
18322,T8705
18323,T8751
18324,T8753
18325,T6070
18326,T8789
18327,T8711
18328,T8776
18329,T8758
18330,T8737
18331,T8736
18332,T8752
18333,T8768
18334,T7318
18335,T21629
18336,T8749
18337,T8754
18338,T21632
18339,T21616
18340,T8756
18341,T8773
18342,T8741
18343,T8767
18344,T8760
18345,T8777
18346,T8779
18347,T8762
18348,T8735
18349,T8783
18350,T8732
18351,T8778
18352,T210460
18353,T67575
18354,T22995
18355,TYD-02858
18356,T201628
18357,T15354
18358,TYD-02860
18359,T79091
18360,T18897
18361,T12662
18362,T14180
18363,T206169
18364,T16707
18365,T67569
18366,T88981
18367,T203892
18368,T206106
18369,TYD-02823
18370,T71966
18371,T71743
18372,T88075
18373,T74205
18374,T81677
18375,TYD-02861
18376,T21257
18377,TYD-02628
18378,T23625
18379,T84737
18380,T205864
18381,TYD-00172
18382,T34788
18383,T21115
18384,T18641
18385,T37126
18386,T1631L
18387,T60710
18388,T22942
18389,T33315L
18390,T70812
18391,T63206
18392,T80745
18393,TP2824
18394,T67549
18395,T207843
18396,T82875
18397,T61552
18398,TYD-00760
18399,T10267
18400,T62637
18401,T39264
18402,T13609L
18403,TCL-01046
18404,T210450
18405,T20753
18406,T74417
18407,T88070
18408,TYD-02854
18409,T210449
18410,T15154
18411,TYD-02611
18412,T16131
18413,TYD-02829
18414,TYD-02604
18415,T203347
18416,T63674
18417,T86138
18418,T14167
18419,T10422
18420,T20207
18421,T31123
18422,T9684
18423,T19420
18424,TYD-00709
18425,T21392
18426,T41001
18427,T24484
18428,T32913
18429,T19939
18430,T71582
18431,T73461
18432,T19600
18433,TN8791
18434,T37480
18435,T68918
18436,TNU1011
18437,T126439
18438,T69429
18439,T62028
18440,T11449L2
18441,T14601
18442,T74660
18443,T1341L
18444,TYD-02007
18445,TYD-02606
18446,T200466
18447,T74019
18448,T207810
18449,TYD-02825
18450,TYD-00395
18451,TN5689
18452,TYD-02623
18453,T210517
18454,TYD-02605
18455,T18943
18456,T21725
18457,T30618
18458,T210502
18459,T71624
18460,T35696
18461,T201572
18462,T201315
18463,T20134
18464,T205350
18465,T204246
18466,T86746
18467,TYD-02646
18468,TMID-0181
18469,T10398
18470,T22405
18471,TMIH-0600
18472,TYD-00568
18473,T67560
18474,TXB-00085
18475,T62788
18476,T16635
18477,T210518
18478,T75952
18479,T18932
18480,T14668
18481,T203413L
18482,T30374
18483,T18361
18484,T22762
18485,T40064
18486,T24817L
18487,T33276
18488,T201106L
18489,T29075
18490,TMIH-0182
18491,T84869
18492,TCL-00038
18493,T16636
18494,T31952
18495,T63226
18496,T200757L
18497,T62037
18498,T23193
18499,T33474
18500,T65088
18501,T34139
18502,T18770
18503,T210459
18504,T86130
18505,T21557
18506,T87414
18507,T39000
18508,T2550L
18509,T37598
18510,T65214
18511,T125245
18512,T12303
18513,T60576
18514,T16608
18515,TYD-02630
18516,T12522
18517,T19868
18518,T26303
18519,T14297
18520,T39102
18521,T80664
18522,T36948
18523,T75146
18524,T84874
18525,T20120
18526,T86155
18527,T39947
18528,T39631
18529,TXB-00300
18530,T210452
18531,T207967L
18532,T67563
18533,T72653
18534,T14674
18535,T18879
18536,T10956L
18537,T88334
18538,T201322
18539,T20114
18540,T39130
18541,T14929
18542,T60667
18543,TYD-01118
18544,TMID-0018
18545,T61382
18546,T66661
18547,TYD-02652
18548,T21713
18549,TYD-02827
18550,T19053
18551,T22233
18552,T60354
18553,T78390
18554,T78392
18555,T78474
18556,T81632
18557,T84298
18558,T77509
18559,T8306
18560,T73018
18561,T77665
18562,T85311
18563,T85316
18564,T0134L
18565,T72754L
18566,T70121
18567,TN1467
18568,T17582
18569,T14567
18570,T10426
18571,T13057
18572,T11573
18573,T11787
18574,T16900
18575,TN4340
18576,T22848
18577,T24573
18578,T3977L
18579,T29971
18580,T30582
18581,T36065
18582,T37177
18583,T38035
18584,T39010
18585,T39806
18586,T7072
18587,T61915
18588,T62979
18589,T63809
18590,T79578
18591,T80548
18592,T80806
18593,T81490
18594,T85313
18595,T84304L
18596,T73381
18597,TP1128
18598,T69923
18599,T71641
18600,T77518
18601,T73550
18602,T66613
18603,T6404
18604,T73844
18605,T85328
18606,T72755
18607,T85327
18608,T66905
18609,TN2317
18610,T15360
18611,T20598
18612,T22604
18613,T24472
18614,T29023
18615,T37577
18616,T38970
18617,T40565
18618,T62160
18619,T62425
18620,T62826
18621,T79185
18622,T79303
18623,T81264
18624,T69522
18625,T85333
18626,T85325
18627,T85309
18628,T85321
18629,T77655
18630,T85323
18631,T85326
18632,T8261
18633,T85310
18634,T17587
18635,T14990
18636,T13366
18637,T16715
18638,T25416
18639,T27681
18640,T30581
18641,T30583
18642,T30584
18643,T33393
18644,T35273
18645,T36879
18646,T62338
18647,T62473
18648,T77868
18649,T82267
18650,T84540
18651,TMIH-0590
18652,T68508
18653,TN6711
18654,T85322
18655,T65444
18656,T35921L
18657,T40858L
18658,T84311
18659,T85337
18660,T84316L
18661,TF0055
18662,TNU0609
18663,TNU0047
18664,TN1147
18665,T14383
18666,T11396
18667,T17229
18668,T23229
18669,T23307
18670,T23405
18671,T24933
18672,T27077
18673,T31070
18674,T32051
18675,T33681
18676,T36224
18677,T37347
18678,T37519
18679,T37978
18680,T39056
18681,T39459
18682,T61496
18683,T78093
18684,T78495
18685,T83389
18686,T68485
18687,T38176L
18688,TP2262L1
18689,T84348L
18690,T74579
18691,T85336
18692,T75252L
18693,T69663
18694,T74247
18695,T73773
18696,T64931
18697,T60252L
18698,T73464
18699,T65645
18700,T12330
18701,T10163
18702,T15243
18703,T15698
18704,T15804
18705,T16388
18706,T22259
18707,T22563
18708,T23527
18709,T0868L
18710,TN5412
18711,T24948
18712,T28081
18713,T31878
18714,T37622
18715,T38614
18716,T39572
18717,T21637
18718,T78026
18719,T78454
18720,T82254
18721,T84656
18722,TMIH-0197
18723,T15717L
18724,T85340L
18725,TNU0158
18726,T84349
18727,T85344
18728,T85345
18729,T85341
18730,T70039L
18731,TN1300
18732,T15936
18733,T15026
18734,T12900
18735,T11170
18736,T13312
18737,T16117
18738,T16464
18739,T11808
18740,T11875
18741,T17215
18742,T21394
18743,T19791
18744,TN5418
18745,T27502
18746,T33404
18747,TN6884
18748,T39552
18749,T61951
18750,T71155
18751,T82649
18752,T85622
18753,T85792
18754,T88101
18755,T88336
18756,TMIJ-0380
18757,TMID-0151
18758,T68292
18759,T8702L
18760,T62689L
18761,T81077L
18762,T73443
18763,T71830
18764,T200808
18765,T10692
18766,T13464
18767,TN4094
18768,T26103
18769,T31638
18770,T33433
18771,T35344
18772,T37221
18773,T39673
18774,T39726
18775,T60241
18776,T62695
18777,T63330
18778,T63338
18779,T82761
18780,T86565
18781,TMIH-0296
18782,TMIH-0149
18783,T71242
18784,T72658
18785,T75320
18786,T19504
18787,T16959
18788,T10407
18789,T11251
18790,T16676
18791,T11937L
18792,T21318
18793,T20419
18794,T26840
18795,T27139
18796,T27660
18797,T31358
18798,T36657
18799,T37850
18800,T38685
18801,T40901
18802,T41093
18803,T60318
18804,T61742
18805,T85335
18806,T88662
18807,T75303
18808,T75361
18809,T68286
18810,TNU0003
18811,T72108
18812,T72110
18813,TNU0199
18814,T66572
18815,T26840L
18816,T66540
18817,T66291
18818,TN1590
18819,T12475
18820,T12645
18821,T13552
18822,T15262
18823,T15786
18824,T19392
18825,TN4431
18826,TMA0424
18827,T23314
18828,T28171
18829,T28277
18830,T28796
18831,T31048
18832,T33380
18833,TN7008
18834,T37000
18835,T37003
18836,T37307
18837,T40137
18838,T40586
18839,T9661
18840,T61088
18841,T62872
18842,T62925
18843,T63991
18844,T79399
18845,T84770
18846,TN7423
18847,TN7831
18848,T200332
18849,T69865
18850,T74468
18851,T200804
18852,T70688
18853,T69150
18854,TNU0030
18855,T68514
18856,T88836
18857,TN1283
18858,T11377
18859,T15743
18860,T22397
18861,T22497
18862,T22586
18863,T22633
18864,T26349
18865,T25381
18866,T25309
18867,T28223
18868,T39682
18869,T40218
18870,T60312
18871,T78066
18872,T78135
18873,T79850
18874,T85134
18875,T85549
18876,T86202
18877,T86417
18878,T201397
18879,TNU0316
18880,T201391
18881,TN2234
18882,T10366
18883,T13127
18884,T10484
18885,T10551
18886,T15627
18887,T11707
18888,T29331
18889,T35416
18890,T35625
18891,T35653
18892,T35708
18893,T37100
18894,T38601
18895,T39085
18896,T60268
18897,T60539
18898,T61485
18899,T62622
18900,T62997
18901,T70980
18902,T15982
18903,T14355
18904,T15218
18905,T15709
18906,T22213
18907,T20632
18908,T23158
18909,T24597
18910,T24402
18911,T28959
18912,T36809
18913,T37835
18914,T40793
18915,T78423
18916,T81027
18917,T84756
18918,T87459L
18919,T201392
18920,TF0098
18921,T17988L
18922,T87768L
18923,TD0073
18924,T67647
18925,T131722
18926,TN1814
18927,T12229
18928,T12436
18929,T15496
18930,T15459
18931,T12603
18932,T11357
18933,TN5027
18934,T22623
18935,T23821
18936,T31174
18937,T62820
18938,T78709
18939,T83258
18940,T83381
18941,T84875
18942,T86200
18943,T87339
18944,T200964
18945,TMIH-0092
18946,T70957
18947,T30491
18948,T84057
18949,TN9420
18950,T79145
18951,T39876
18952,T84098
18953,T88677
18954,T60395
18955,T87148
18956,T36763
18957,T19685
18958,T64004
18959,T61664
18960,T71945
18961,T74468L
18962,T18668
18963,T203849
18964,T64108
18965,T11291
18966,T203858
18967,T84220
18968,T19703
18969,T84180
18970,T203345
18971,T68863
18972,T66355
18973,TNU1149
18974,T201799
18975,T15708
18976,TN9429
18977,TN9806
18978,T84248
18979,T12055
18980,T65137
18981,T10666
18982,T68465L
18983,T16793
18984,T38653
18985,T201081
18986,TN9752
18987,T73734
18988,T36112
18989,T84031
18990,T203823
18991,T35699
18992,T204087
18993,T78025
18994,T66694
18995,T84120
18996,T32116
18997,T23163
18998,T40948
18999,TN9760
19000,TNU1625
19001,T203869
19002,T84055
19003,T78651
19004,TN9459
19005,T84017
19006,T73462
19007,T71921
19008,T84097
19009,T84225
19010,T67094
19011,T23359
19012,T84066
19013,T83946
19014,T39104
19015,T35837
19016,T203844
19017,T84011
19018,T203846
19019,T78982
19020,T22754
19021,T201415
19022,T84156
19023,T83992
19024,TN9454
19025,T10988
19026,T20845
19027,T14531
19028,T84181
19029,T83987
19030,T17278
19031,T84178
19032,T84206
19033,T201918
19034,T17445
19035,TNU0995
19036,T78616L1
19037,T27720
19038,T84004
19039,T86509
19040,TN9482
19041,T40648
19042,T86106
19043,T39550
19044,T203875
19045,T64926
19046,T80092
19047,T22760
19048,T38571
19049,T89243
19050,T34880
19051,T26575
19052,T83995
19053,T39002
19054,TN2248
19055,T67449
19056,T26358
19057,T19320
19058,T124532
19059,TN2779
19060,T11150
19061,TN9697
19062,TN9547
19063,TN6875
19064,T67838
19065,TN9262
19066,TN9741
19067,T67590
19068,T21101
19069,TN9365
19070,TN6702
19071,TN6935
19072,TN7055
19073,T23930
19074,TN9443
19075,TN9214
19076,T38395
19077,TN9351
19078,TN1267
19079,T37981
19080,TQ0131L
19081,TN6877
19082,T20001
19083,T40718
19084,TN9817
19085,TN2869
19086,TN2276
19087,TN6703
19088,TN7690
19089,T203911
19090,TN2706
19091,T203919
19092,T203967
19093,T203993
19094,TN9585
19095,T203952
19096,T203945
19097,TN6674
19098,TN6693
19099,TN9628
19100,T203937
19101,TN9362
19102,TN9560
19103,T21170
19104,TN9822
19105,TN9259
19106,TN9219
19107,TN9792
19108,TN6843
19109,TN9515
19110,T205877
19111,T40543
19112,TN8293
19113,T124614
19114,TN9345
19115,T29677
19116,T73900
19117,TN9251
19118,TN9236
19119,TN9421
19120,TN9573
19121,TN9231
19122,T38060
19123,T38136
19124,T38479
19125,TN9440
19126,T84718
19127,TN2458
19128,T20305
19129,T37384
19130,TN2157
19131,T203956
19132,TN6697
19133,T205942
19134,T203944
19135,TN7629
19136,T203948
19137,TN9615
19138,T203992
19139,TN1593
19140,T85456
19141,T30445
19142,TN6958
19143,T35235
19144,TN4371
19145,T4705L
19146,TYD-00594
19147,T40701
19148,T204712
19149,T203850
19150,T69834
19151,T86977
19152,T21391
19153,T206007
19154,TN9730
19155,T4432
19156,T84152
19157,T205985
19158,T21226
19159,T16414
19160,TYD-00261
19161,T205957
19162,T206015
19163,TXB-00010
19164,T86974
19165,T205971
19166,T70584
19167,T202353
19168,TN9294
19169,T205989
19170,T77878
19171,T88846
19172,T24904
19173,T203899
19174,T63624
19175,T37349
19176,T84026
19177,T203141
19178,T207097
19179,T206046
19180,T203838
19181,TYD-00003
19182,T16365
19183,T75310
19184,T22809
19185,TYD-00741
19186,T65259
19187,T60821
19188,T86139
19189,T62444
19190,T207078
19191,T206008
19192,T204794
19193,T83860
19194,T203076
19195,T65887
19196,T40257
19197,T78149
19198,T20592
19199,T37875
19200,T64876
19201,T33367
19202,TN9478
19203,T203898
19204,T78432
19205,T85508
19206,T30578
19207,T203870
19208,T207063
19209,TN9666
19210,TYD-00262
19211,TD0062
19212,T207087
19213,T206024
19214,T84226
19215,T10298L
19216,T88696
19217,T205964
19218,T22189
19219,T29834
19220,T206056
19221,TN9550
19222,T203825
19223,T84103
19224,TYD-00647
19225,T205191
19226,T207079
19227,T125469
19228,T18995
19229,T86905
19230,T203636
19231,T205996
19232,TSH-00018
19233,T88015
19234,T38701
19235,T22247
19236,T87450
19237,T11832
19238,T81778
19239,T84019
19240,T78431
19241,T84092
19242,T89425
19243,T35887
19244,T65856
19245,T23809L
19246,T65424
19247,T205955
19248,T34703
19249,T60234
19250,T31057
19251,T205994
19252,T14623
19253,TN8421
19254,T10262
19255,T37665
19256,TN9281
19257,T205995
19258,T76090
19259,TYD-00804
19260,T203896
19261,T20559
19262,T33281
19263,T84236
19264,T62803
19265,T207093
19266,T67567
19267,T10320
19268,T1262L
19269,T86470
19270,T203930
19271,T86777
19272,T9055
19273,T72786
19274,T61754
19275,T78598
19276,T17876
19277,TYD-00519
19278,T66674
19279,T9690
19280,T84200
19281,T12381
19282,T85517
19283,T206681
19284,T62119
19285,T206042
19286,T86127
19287,T207069
19288,T206039
19289,T73059
19290,T82679
19291,T206011
19292,T203841
19293,T207067
19294,T207083
19295,T61086
19296,T14899
19297,T15888
19298,T206037
19299,T205895
19300,TD0075
19301,T78044
19302,T206045
19303,T29379
19304,T14972
19305,T70463
19306,T77776
19307,T206016
19308,T20471
19309,T86218
19310,T65111
19311,TYD-00081
19312,T84211
19313,T21352
19314,T84174
19315,T75338
19316,T74174
19317,T206020
19318,T73190
19319,TYD-00671
19320,T206028
19321,T67628
19322,T38451
19323,T23327
19324,T75876
19325,T40392
19326,T80206L
19327,TYD-00667
19328,T28487
19329,T24899
19330,T206030
19331,T203926
19332,T40445
19333,T203352
19334,T15803
19335,T13243
19336,T200798
19337,T74751
19338,T205970
19339,T84035
19340,T19321
19341,T206044
19342,T66330
19343,T40668
19344,T202605
19345,T11309
19346,T11450
19347,T203881
19348,T79105
19349,T87658
19350,T81546
19351,T84122
19352,T203848
19353,T203862
19354,T21492
19355,TN9491
19356,T204097
19357,T84067
19358,T40848
19359,T84189
19360,T79865L
19361,T84143
19362,T35965
19363,T81121
19364,TN9462
19365,T1235L
19366,T60376
19367,TN9452
19368,T203840
19369,T84146
19370,T79783
19371,TN9486
19372,TNU1167
19373,T62190
19374,T38927
19375,TNU1537
19376,T10946
19377,T205751
19378,T71404
19379,T84159
19380,T87345
19381,T14202
19382,T38298
19383,T37766L
19384,T60621
19385,T87661
19386,T66200
19387,T36292
19388,TN9423
19389,T84119
19390,T67629
19391,T203853
19392,T66712
19393,T62927
19394,T83991
19395,T23190
19396,T69645L
19397,TN9410
19398,T203842
19399,T204096
19400,T61871
19401,T203824
19402,T18410
19403,T84212
19404,T68620
19405,T83994
19406,T10434
19407,T20901
19408,T22827L
19409,T18164
19410,T71758
19411,TNU1090
19412,T203013
19413,T88841
19414,T85731L
19415,T36946
19416,T15332
19417,T83988
19418,T73387
19419,T203885
19420,TN9449
19421,T84316
19422,T84164
19423,T88594
19424,T78231
19425,T84953
19426,T66848
19427,T204093
19428,T12105
19429,T84047
19430,T22409
19431,T38453
19432,T70206
19433,TN9409
19434,T16167
19435,T67198
19436,T61457
19437,T69486
19438,T27568
19439,T203878
19440,TN9414
19441,T84109
19442,T203860
19443,T24125
19444,T84209
19445,T20271
19446,T16842
19447,T79856
19448,T204002
19449,T23292
19450,T66100
19451,T19956
19452,TN9442
19453,T203847
19454,T84078
19455,T38288
19456,TN9433
19457,T87334
19458,T64458
19459,T205750
19460,T65787
19461,T41015L
19462,T89394
19463,T13464L
19464,T60018
19465,T84135
19466,TNU1606
19467,T60944
19468,T203998
19469,T201389
19470,T60273
19471,T86545
19472,T73493
19473,T21561
19474,T84028
19475,T203852
19476,TN9776
19477,T204088
19478,TN9814
19479,T79870
19480,T89365
19481,TN9437
19482,T124351
19483,T83999
19484,T66297
19485,T78802
19486,T203884
19487,TNU1089
19488,T30163
19489,T14693
19490,T84215
19491,T84021
19492,T83990
19493,T10787
19494,T21393
19495,T21451
19496,T84151
19497,T84142
19498,T203883
19499,TN9763
19500,T205868
19501,T62174
19502,T203818
19503,T84241
19504,T84101
19505,T81412
19506,T14120
19507,T20734
19508,TN9457
19509,T11159
19510,T62798
19511,T16998
19512,T14588
19513,T84030
19514,TN9756
19515,T203865
19516,T35486
19517,T203996
19518,TN9464
19519,T203871
19520,T201395
19521,T202784
19522,T64692
19523,T19145
19524,T200572
19525,T21368
19526,T60261
19527,T84056
19528,TN9759
19529,T7062
19530,T60339
19531,T67074
19532,T87051
19533,T18252
19534,T71036L
19535,T203835
19536,T84052
19537,T84080
19538,T20376
19539,T70414
19540,T41081
19541,T205870
19542,TN9758
19543,TN9239
19544,T20811
19545,T20781
19546,TN9552
19547,T203934
19548,TN9617
19549,T64906
19550,TN9657
19551,TN9507
19552,TN9631
19553,T11478L
19554,TN9181
19555,TN9727
19556,TN9308
19557,TN9636
19558,TN9511
19559,TN9400
19560,TN9198
19561,TN9656
19562,TN9434
19563,T85382
19564,TN9240
19565,TN9257
19566,T66626
19567,T80642
19568,TN9732
19569,T8465
19570,TN6560
19571,T13656
19572,T38557
19573,TN1728
19574,T40814
19575,TN2846
19576,T39168
19577,TN9408
19578,T207098
19579,TN6883
19580,TN1478
19581,TN8931
19582,TN8705
19583,TN8159
19584,T67407
19585,TN6445
19586,T3245L
19587,TN2339
19588,T20123
19589,TN9729
19590,TN9699
19591,TN9831
19592,T124021
19593,TN9527
19594,T207107
19595,T65069
19596,TN9679
19597,T84944
19598,TN9683
19599,T124246
19600,TN9232
19601,TN7545
19602,TN9411
19603,TN9614
19604,TN7447
19605,TN1093
19606,T207072
19607,T207084
19608,TN1764
19609,T207056
19610,TN9290
19611,TN8079
19612,TN9748
19613,T207104
19614,T125099
19615,TN1358
19616,T207086
19617,TN6520
19618,TP3271
19619,T10238
19620,T33337
19621,TN2481
19622,T67384
19623,TN1834
19624,TN9275
19625,T75089
19626,TN9702
19627,TN11093
19628,T19289
19629,TN9826
19630,TN6918
19631,TN4263
19632,TN1404
19633,TN6897
19634,T84074
19635,TN9829
19636,T124755
19637,T126293
19638,TN7773
19639,TN9827
19640,TN9191
19641,TN1123
19642,T125062
19643,T27191
19644,T65004
19645,TN9215
19646,T207061
19647,T207075
19648,TN9489
19649,T207088
19650,T124460
19651,TN9828
19652,TN1450
19653,TN4020
19654,TN8431
19655,T207054
19656,TN9363
19657,TN9811
19658,TN4779
19659,T67144
19660,TN11092
19661,TN9678
19662,T67145
19663,TN9689
19664,T65457
19665,T20238
19666,T19380
19667,T65934
19668,T40601
19669,TN2464
19670,TN9677
19671,T10637
19672,TN7781
19673,TN6695
19674,T81761
19675,T205959
19676,T32589L
19677,TN9603
19678,TN9510
19679,T29473
19680,TN9483
19681,T125146
19682,TN1623
19683,T77205
19684,TN2358
19685,TN9549
19686,T75424
19687,T72730
19688,TN9555
19689,TN9749
19690,T207068
19691,TN7320
19692,T38317
19693,T124041
19694,T19120
19695,T19617
19696,T19477
19697,T0591L
19698,T207053
19699,TN2426
19700,T203949
19701,T88675
19702,T19599
19703,TN6957
19704,T24530
19705,T37853
19706,TN11095
19707,T20196
19708,T205986
19709,T71850
19710,T203129
19711,T205975
19712,T206031
19713,T39220
19714,T205999
19715,T131571
19716,T84795
19717,T88035
19718,TN9660
19719,T66936
19720,T78240
19721,T82383
19722,TN9787
19723,T28788
19724,T21340
19725,T206041
19726,T27395
19727,T205956
19728,T4413
19729,T78440
19730,T206010
19731,T207096
19732,T205984
19733,TNU0126
19734,T206002
19735,T12907
19736,T203822
19737,T207060
19738,T76426L
19739,TYD-00363
19740,T207095
19741,T68280
19742,T84149
19743,TN9428
19744,T81477
19745,T84115
19746,T65365
19747,T204077
19748,TN9475
19749,T15722
19750,T84243
19751,T84631
19752,T84187
19753,T28871
19754,T41014
19755,T73462L
19756,T203829
19757,T73516
19758,T204076
19759,T84089
19760,TN9182
19761,T205607
19762,T203882
19763,T203010
19764,T84184
19765,T84144
19766,T32958
19767,T81268
19768,T26843
19769,T84020
19770,T201369
19771,T78857
19772,T38825
19773,T84087
19774,T203830
19775,T37963
19776,T84107
19777,T73940
19778,T71368
19779,T71952
19780,T84175
19781,TN9446
19782,TN9812
19783,TN9753
19784,T203820
19785,T72009
19786,TN9431
19787,TN9769
19788,T17317
19789,T33943
19790,T200931
19791,T16024
19792,TN9425
19793,T16058
19794,TN9800
19795,T23075
19796,T37909L
19797,T63576
19798,T37585
19799,TN9444
19800,T70007
19801,T84132
19802,T79141L
19803,T78107
19804,T201721
19805,T201820
19806,TN9455
19807,TNU1182
19808,T84002
19809,T65529
19810,T39550L
19811,T38627
19812,T0395L1
19813,T36017
19814,T40800
19815,T36894
19816,T20174
19817,TN9445
19818,T84093
19819,T84139
19820,T84024
19821,T69711
19822,T84095
19823,T84125
19824,T13794
19825,T38847
19826,T32580
19827,T86575
19828,T200300
19829,T14627
19830,T203826
19831,T84003
19832,T84058
19833,T24647
19834,T86495
19835,T10494
19836,T84034
19837,T35424
19838,T84157
19839,T78127
19840,T69820
19841,T79837
19842,TNU0791
19843,TN9777
19844,T79673
19845,TN9788
19846,TN9424
19847,T84123
19848,T15480
19849,T87659
19850,T87664
19851,TN9432
19852,T38652
19853,T201032
19854,T84262
19855,T68410
19856,TP2398L
19857,T84008
19858,T35808
19859,T203011
19860,T200845
19861,TN9746
19862,T20693
19863,T25240
19864,T77901
19865,TN9490
19866,T84046
19867,T89116
19868,T24835
19869,T39875
19870,T37084
19871,T68465
19872,T75027L
19873,T84167
19874,T88390
19875,TN9470
19876,T13842
19877,T37120
19878,T9764
19879,T74394
19880,T203866
19881,T18353
19882,TN9463
19883,T13825
19884,T62032
19885,T41330
19886,T22284
19887,T4574L
19888,T66137
19889,T203475
19890,T34039
19891,T84131
19892,TN9450
19893,TNU0040
19894,T84029
19895,T36796
19896,TN9784
19897,T35592
19898,T78143
19899,T13646
19900,T84198
19901,T12260
19902,T71821
19903,T84010
19904,T84165
19905,T84196
19906,T84216
19907,TN9481
19908,T84112
19909,T66149
19910,TN9427
19911,TN9453
19912,T60798
19913,T12900L
19914,T39760
19915,TN9438
19916,T60762
19917,T38068
19918,T15663
19919,T39718
19920,T41359
19921,T69436
19922,T60221L
19923,T78856
19924,T21128
19925,TN9451
19926,TN9795
19927,T87429
19928,T67534
19929,T40666
19930,T84118
19931,T83993
19932,T84213
19933,T11690
19934,TN9810
19935,T203997
19936,T61449
19937,T82200
19938,TN7319
19939,TN1743
19940,TN3907
19941,T40924
19942,TN3447
19943,TN11235
19944,T65134
19945,TN1538
19946,TN11272
19947,TN1707
19948,TN6468
19949,TN4403
19950,TN1719
19951,T21619
19952,T19281
19953,TN11275
19954,T71788
19955,TN8709
19956,TQ0296
19957,TN6664
19958,T81859
19959,TN4507
19960,TN1503
19961,TN3879
19962,TN8591
19963,TN8735
19964,T82182
19965,TN8469
19966,TN1119
19967,TN7583
19968,TN1186
19969,TN1063
19970,TN8300
19971,T75436
19972,T82986
19973,TN4019
19974,TN2372
19975,TN1972
19976,TN1679
19977,TN1187
19978,TN6997
19979,TN8592
19980,T11678
19981,TN8710
19982,T37905
19983,T79956
19984,TN2053
19985,TN1320
19986,T82034
19987,TN2441
19988,TN1842
19989,TN4525
19990,TN1717
19991,T125144
19992,TYD-02615
19993,T125297
19994,TYD-02622
19995,TYD-02609
19996,TN6922
19997,TYD-02624
19998,T40158
19999,TN11097
20000,T78485
20001,TN7293
20002,T207819
20003,TN4617
20004,T24387
20005,T19383
20006,TYD-02658
20007,TN8697
20008,TYD-02647
20009,TYD-02651
20010,TN6863
20011,T72961
20012,TNU0419
20013,T207803
20014,TYD-02601
20015,TN2242
20016,TN2135
20017,TN1184
20018,T80658
20019,T10554
20020,TN8032
20021,TN1101
20022,T78484
20023,T38524
20024,T35972
20025,T74941
20026,TN1780
20027,T36004
20028,T72429
20029,TN1713
20030,TN8470
20031,TN11233
20032,TN1715
20033,T11895
20034,TN1676
20035,TN8971
20036,TN7004
20037,T124587
20038,TN8692
20039,TN8462
20040,TN1044
20041,TN7589
20042,TN7310
20043,TN6691
20044,TN1442
20045,TN8667
20046,TN2228
20047,TN4077
20048,T82985
20049,T20493
20050,T75510
20051,TN3741
20052,TN1789
20053,T75618
20054,TN6473
20055,TN2041
20056,TN2390
20057,TN8007
20058,T8715
20059,TYD-02638
20060,TYD-02648
20061,TYD-02657
20062,T39821
20063,TN8208
20064,TYD-02616
20065,TYD-02620
20066,TN1401
20067,TN8645
20068,T10959
20069,TN1572
20070,TN6905
20071,TN1700
20072,T41139
20073,TN8498
20074,T13635
20075,T210503
20076,T82365
20077,T37882
20078,T14877
20079,T13717
20080,TN5928
20081,T83180
20082,TN8570
20083,TN2072
20084,TN7497
20085,TYD-02641
20086,T31476
20087,TYD-02841
20088,TCL-00040
20089,T200497
20090,TMIH-0148
20091,TYD-02834
20092,T210527
20093,T23400
20094,TYD-02607
20095,T39657
20096,T66940
20097,T34744
20098,TYD-02848
20099,T65119
20100,T205702
20101,T206934
20102,T74379
20103,T69145
20104,T70348
20105,T22412
20106,T36174
20107,T73352
20108,T25958
20109,T65105
20110,T86546
20111,TYD-02610
20112,T34627
20113,T18539
20114,TYD-02833
20115,T87651
20116,TNU1135
20117,T38688
20118,T131873L1
20119,T24750
20120,T64983
20121,TYD-01463
20122,T31478
20123,T22903
20124,TCL-00041
20125,T39694
20126,TYD-02831
20127,TYD-00423
20128,T10291
20129,T2544L
20130,T60886
20131,T78628
20132,T71797
20133,T76579
20134,T86723
20135,T20620
20136,T14511
20137,T10668
20138,T13173
20139,TQ0203
20140,TQ0157
20141,TN1126
20142,TN1273
20143,T10035
20144,T17341
20145,T12651
20146,T15201
20147,T12783
20148,T11464
20149,T10066
20150,T11186
20151,T11188L
20152,T11822
20153,T15199
20154,T15367
20155,T15435
20156,T15485
20157,T15758
20158,T15956
20159,TQ0005
20160,T19644
20161,T8546
20162,T8548
20163,T8550
20164,T8551
20165,T8552
20166,T8554
20167,T8561
20168,T8572
20169,T8562
20170,T8612
20171,T8620
20172,T8624
20173,T8628
20174,T8632
20175,T8633
20176,T8637
20177,T8638
20178,T8621
20179,T8639
20180,T8625
20181,T8615
20182,T8627
20183,T8563
20184,T8564
20185,T8565
20186,T8566
20187,T8567
20188,T8568
20189,T8569
20190,T8570
20191,T8571
20192,T8573
20193,T8574
20194,T8575
20195,T8576
20196,T8578
20197,T8579
20198,T8580
20199,T8581
20200,T8582
20201,T8583
20202,T8584
20203,T8585
20204,T8586
20205,T8587
20206,T8588
20207,T8589
20208,T8590
20209,T8591
20210,T8592
20211,T8593
20212,T8594
20213,T8596
20214,T8597
20215,T8598
20216,T8599
20217,T8601
20218,T8603
20219,T8604
20220,T8605
20221,T8606
20222,T8607
20223,T8608
20224,T8609
20225,T8611
20226,T8613
20227,T8614
20228,T8616
20229,T8617
20230,T8618
20231,T8619
20232,T8626
20233,T8630
20234,T8631
20235,T8634
20236,T8635
20237,T8555
20238,T21559
20239,T3935
20240,T8492
20241,T17222
20242,T8556
20243,T8560
20244,T8547
20245,T8549
20246,T8486
20247,T8557
20248,T8559
20249,T8644
20250,T7571
20251,TP1008
20252,TP1012
20253,TP1042
20254,TP1060
20255,TP1071
20256,TP1079
20257,TP1088
20258,TP1092
20259,TP1095
20260,TP1156
20261,TP1164
20262,TP1167
20263,TP1168
20264,TP1181
20265,TP1195
20266,TP1197
20267,TP1204
20268,TP1212
20269,TP1216
20270,TP1253
20271,TP1260
20272,TP1264
20273,TP1273
20274,TP1276
20275,TP1280
20276,TP1286
20277,TP1288
20278,TP1291
20279,TP1295
20280,TP1304
20281,TP1305
20282,TP1310
20283,TP1315
20284,TP1319
20285,TP1324
20286,TP1328
20287,TP1330
20288,TP1333
20289,TP1367
20290,TP1399
20291,TP1422
20292,TP1430
20293,TP1433
20294,TP1437
20295,TP1442
20296,TP1444
20297,TP1453
20298,TP1472
20299,TP1474
20300,TP1528
20301,TP1572
20302,TP1579
20303,TP1809
20304,TP1832
20305,TP1868
20306,TP1883
20307,TP1996
20308,TP1889
20309,TP1898
20310,TP1905
20311,TP1915
20312,T17909
20313,T14151
20314,T12717
20315,T10384
20316,T14901
20317,T13063
20318,T13072
20319,T13231
20320,T15611
20321,T18971
20322,T16363
20323,T11829
20324,T11850
20325,T8649
20326,T8645
20327,T8646
20328,T21295
20329,T8640
20330,T40560
20331,T60437
20332,T60877
20333,T61183
20334,T61702
20335,T62518
20336,T63115
20337,T64084
20338,T78211
20339,T78498
20340,T74149
20341,T79088
20342,T74637
20343,T74982
20344,T84312
20345,T125076
20346,T75349
20347,T3504L
20348,T63390L
20349,T83652
20350,T67377
20351,T84317
20352,T64440
20353,T84309
20354,T67060
20355,T84365
20356,T83626
20357,T21758
20358,T84364
20359,T40713L
20360,T15168L
20361,TF0109
20362,T64986
20363,TN1376
20364,TN1848
20365,TN2189
20366,T12054
20367,T15694
20368,T19536
20369,T11165
20370,T16474
20371,T11770
20372,T23264
20373,T25513
20374,T26486
20375,T31740
20376,T33795
20377,T36648
20378,T37824
20379,T39027
20380,T39836
20381,T40087
20382,T40112
20383,T63925
20384,T64028
20385,T69915
20386,T84321
20387,T70058
20388,T68059
20389,T75131
20390,T21823
20391,T69647
20392,T70008
20393,T75255
20394,T78875
20395,T79455
20396,T21655
20397,T84322
20398,T18680L
20399,T67768
20400,T23264L
20401,T84320
20402,T77337
20403,T84368
20404,T77583
20405,T67689
20406,T41340
20407,TN1492
20408,TN1606
20409,TN1906
20410,T12061
20411,T15134
20412,T15442
20413,T11742L
20414,T16120
20415,T19049
20416,T11938
20417,T17101
20418,T23040
20419,T23542
20420,T19941
20421,T20024
20422,T25102
20423,T27446
20424,T28926
20425,T29061
20426,T29261
20427,T36821
20428,T37094
20429,T38095
20430,T38227
20431,T39689
20432,T40051
20433,T22239
20434,T41265
20435,T61874
20436,T62413
20437,T78526
20438,T78558
20439,T79468
20440,T83057
20441,T83867
20442,T72226L
20443,T35399L
20444,T84371
20445,T77696
20446,TP2509
20447,T72945
20448,T68729
20449,T69535
20450,T72551
20451,T73746
20452,T73176
20453,TQ0262
20454,TN1464
20455,T13830
20456,T17731
20457,T15114
20458,T12758L
20459,T16389
20460,T16723
20461,T11794
20462,T17174
20463,T23966
20464,T37215
20465,T38521
20466,T22091
20467,T60551
20468,T62806
20469,T62827
20470,T63771
20471,T79314
20472,T68402
20473,T72505L
20474,T84370
20475,T70852
20476,T84345
20477,T68091L
20478,T77694
20479,T10153
20480,T16259
20481,T16457
20482,T16982
20483,T14839
20484,T10821
20485,T20841
20486,T19766
20487,T20266
20488,TN6551
20489,T26483
20490,T29064
20491,T35976
20492,T39126
20493,T7911
20494,T78479
20495,T81633
20496,T81654
20497,T85314
20498,T85315
20499,T71125
20500,T69977
20501,T74989
20502,T126022
20503,T85308
20504,TP1013L
20505,T85317
20506,T75325
20507,T72754
20508,T84325
20509,TNU0431
20510,TN1769
20511,T12174
20512,T13484
20513,T15689
20514,T19401
20515,T11969
20516,T5527
20517,T23315
20518,T25918
20519,T27592
20520,T28518
20521,T31088
20522,T35354
20523,T35785
20524,T35994
20525,T36064
20526,T38261
20527,T38779
20528,T4S1619
20529,T4S1637
20530,T4S1659
20531,T4S1796
20532,T4S1869
20533,T4S1943
20534,T4S1962
20535,T4S1980
20536,T4S1983
20537,T4S1990
20538,T4S2014
20539,T4S2063
20540,T4S2126
20541,T4S21320
20542,T4S2164
20543,T4S2326
20544,T5A2461
20545,T5S0018
20546,T5S0045
20547,T5S0053
20548,T5S0055
20549,T5S0056
20550,T5S0106
20551,T5S0167
20552,T5S0168
20553,T5S0229
20554,T5S0246
20555,T5S0273
20556,T5S0285
20557,T5S0331
20558,T5S0384
20559,T5S0483
20560,T5S0526
20561,T5S0527
20562,T5S0543
20563,T5S0581
20564,T5S0620
20565,T5S0636
20566,T5S0662
20567,T5S0669
20568,T5S0691
20569,T5S0734
20570,T5S0761
20571,T5S0802
20572,T5S0803
20573,T5S0814
20574,T5S0836
20575,T5S0890
20576,T5S0994
20577,T5S1025
20578,T5S1054
20579,T5S1058
20580,T5S1097
20581,T5S1099
20582,T5S1103
20583,T5S1131
20584,T5S1133
20585,T5S1172
20586,T5S1177
20587,T5S1261
20588,T5S1262
20589,T5S1285
20590,T5S1331
20591,T5S1413
20592,T5S1526
20593,T5S1530
20594,T5S1550
20595,T5S1569
20596,T5S1598
20597,T5S1607
20598,T5S1708
20599,T5S1805
20600,T5S1895
20601,T5S1897
20602,T5S1959
20603,T5S1963
20604,T5S1982
20605,T5S1989
20606,T5S2017
20607,T5S2076
20608,T5S2178
20609,T5S2204
20610,T5S2205
20611,T5S2207
20612,T5S2254
20613,T5S2283
20614,T5S2343
20615,T5S2347
20616,T5S2350
20617,T5S2357
20618,T5S2358
20619,T5S2360
20620,T5S2361
20621,T6S0033
20622,T6S0052
20623,T6S0071
20624,T6S0077
20625,T6S0078
20626,T6S0084
20627,T6S0095
20628,T6S0105
20629,T6S0107
20630,T6S0109
20631,T6S0117
20632,T6S0119
20633,T6S0139
20634,T6S0221
20635,T6S0232
20636,T6S0234
20637,T6S0270
20638,T6S0325
20639,T6S0413
20640,T6S0525
20641,T6S0535
20642,T6S0653
20643,T6S0654
20644,T6S0655
20645,T6S0657
20646,T6S0659
20647,T6S0721
20648,T6S0722
20649,T6S0735
20650,T6S0781
20651,T6S0840
20652,T6S0923
20653,T6S1027
20654,T6S1101
20655,T6S1141
20656,T6S1256
20657,T6S1292
20658,T6S1294
20659,T6S1315
20660,T6S1369
20661,T6S1373
20662,T6S1418
20663,T6S1435
20664,T6S1440
20665,T6S1485
20666,T6S1487
20667,T6S1495
20668,T6S1525
20669,T6S1537
20670,T6S1538
20671,T6S1543
20672,T6S1559
20673,T6S1572
20674,T6S1579
20675,T6S1597
20676,T6S1653
20677,T6S1657
20678,T6S1665
20679,T6S1676
20680,T6S1684
20681,T6S1699
20682,T6S1740
20683,T6S1768
20684,T6S1780
20685,T6S1784
20686,T6S1842
20687,T6S1844
20688,T6S1917
20689,T6S1918
20690,T6S1930
20691,T6S1966
20692,T6S2023
20693,T6S2024
20694,T6S2025
20695,T6S2038
20696,T6S2099
20697,T6S2116
20698,T6S2122
20699,T6S2123
20700,T6S2140
20701,T6S2146
20702,T6S2227
20703,T6S2243
20704,T6S2246
20705,T6S2247
20706,T6S2252
20707,T6S2315
20708,T6S2356
20709,TCO2745
20710,TCP2830
20711,TCP2934
20712,TCS0102
20713,TCS0324
20714,TCS0862
20715,TCS1554
20716,TCS1704
20717,TCS1709
20718,TCS1772
20719,T22372
20720,TN4614
20721,T20824
20722,T21439
20723,T22965
20724,T19686
20725,T19724
20726,T19955
20727,TN5443
20728,TN5922
20729,T27012
20730,T31091
20731,TN6783
20732,T3130
20733,T9324
20734,T21480
20735,T21486
20736,TN6784
20737,T9308
20738,T9304
20739,TN6793
20740,T17257L
20741,T9333
20742,T21552
20743,T21519
20744,T9337
20745,T21513
20746,TN6775
20747,T9323
20748,TN6785
20749,TN6788
20750,T21521L
20751,TD0082
20752,TQ0012
20753,TQ0194
20754,TN1076
20755,TN1521
20756,TN1677
20757,TN2030
20758,T12705
20759,T14881
20760,T15141
20761,T13877
20762,T11191
20763,T13587
20764,T15624
20765,T12293L
20766,T16532
20767,T17225
20768,T22369
20769,T22375
20770,T22442
20771,TN3231
20772,TN4618
20773,TN5137
20774,T20968
20775,T21434
20776,T22501
20777,T23146
20778,T4065
20779,T19709
20780,T19725
20781,T19891
20782,T20242
20783,TN5503
20784,TN6088
20785,T8981
20786,T28474
20787,T28804
20788,T31587
20789,T33508
20790,T34760
20791,T9280
20792,T21498
20793,T9296
20794,T9287
20795,T9320
20796,T9305
20797,TN6794
20798,T21504
20799,TN6779
20800,T9306
20801,T9322
20802,T21957
20803,TN6778
20804,T8147
20805,TN6792
20806,T9299
20807,TN6774
20808,TN6782
20809,T21505
20810,T22240
20811,TN6776
20812,T9297
20813,T26613L
20814,TN6786
20815,T9291
20816,T9325
20817,T21550
20818,TN6791
20819,TN6789
20820,T21483
20821,T10366L
20822,T9295
20823,TP1944L1
20824,TN1019
20825,TN1215
20826,TN1255
20827,TN1405
20828,TN1448
20829,TN1468
20830,T12064
20831,T12071
20832,T12160
20833,T12201
20834,T12255
20835,T12261
20836,T12425
20837,T12492
20838,T10021
20839,T10152
20840,T11014
20841,T11043
20842,T11110
20843,T11112
20844,T14127
20845,T18308
20846,T14137
20847,T14327
20848,T14345
20849,T14362
20850,T14369
20851,T12653
20852,T13867
20853,T10324
20854,T10339
20855,T10359
20856,T13564
20857,T14987
20858,T11095L
20859,T15251
20860,T15275
20861,T15300
20862,T11244
20863,T10441
20864,T10482
20865,T18923
20866,T10603
20867,T10676
20868,T11529
20869,T11641
20870,T13216
20871,T13306L
20872,T13289
20873,T13330
20874,T10797
20875,T10652
20876,T15422
20877,T9365
20878,T9360
20879,T21640
20880,T9355
20881,T9356
20882,T21578
20883,T4998L
20884,T9344
20885,T7755
20886,T21482
20887,TN6795
20888,TN6797
20889,T5851
20890,T9347
20891,T21551
20892,T16879L
20893,T21537L
20894,T21598L
20895,T21724L
20896,T7497L1
20897,T9329
20898,T9359
20899,TN6787L
20900,TN1596
20901,TN1693
20902,TN1739
20903,TN1781
20904,TN1977
20905,T15633
20906,T15728
20907,T13375
20908,T13441
20909,T16240
20910,T16321
20911,T16422
20912,T16569
20913,T11807
20914,T11032
20915,T13665
20916,T18125
20917,T14226
20918,T12624
20919,T15140
20920,T15185
20921,T15249
20922,T10624
20923,T15578
20924,T15658
20925,T18981
20926,T13741
20927,T11742
20928,T16344
20929,T16849
20930,T3421
20931,TN3110
20932,TN3175
20933,TC0025
20934,T21300
20935,T22724
20936,T4562L
20937,T7587
20938,T19856
20939,T19991
20940,T20293
20941,T9021
20942,TP1457
20943,T13177L
20944,T11847L
20945,TP1605L1
20946,TP1787L
20947,TP1820L
20948,TP1865L
20949,TP1930L1
20950,TP1931L1
20951,T9083
20952,T9044
20953,T7588
20954,T7753
20955,T4472
20956,T5503
20957,T26357
20958,T5511
20959,T9100
20960,T7758
20961,T9086
20962,T9094
20963,T9103
20964,T5512
20965,T9057
20966,T9093
20967,T9043
20968,TQ0024
20969,TQ0095
20970,TQ0125
20971,TQ0147
20972,TQ0159
20973,TQ0176
20974,TQ0178
20975,TQ0187
20976,TQ0193
20977,TQ0227
20978,TQ0229
20979,TQ0233
20980,TQ0234
20981,TN1070
20982,TN1140
20983,TN1461
20984,TN1557
20985,TN1558
20986,TN2167
20987,T11011
20988,T15129
20989,T15159
20990,T12943
20991,T10759
20992,T15564
20993,T15588
20994,T15594
20995,T15665
20996,T15711
20997,T15716
20998,T15802
20999,T16016
21000,T16226
21001,T16276
21002,T16331
21003,T16340
21004,T16366
21005,T16685
21006,T16813
21007,T22263
21008,T22358
21009,T22427
21010,T4S1387
21011,T22698
21012,T22749
21013,T20313
21014,T20684
21015,T20714
21016,T4626L
21017,T24417
21018,T26324
21019,T9088
21020,T9084
21021,T9105
21022,T9104
21023,T9051
21024,T5517
21025,T9102
21026,T9089
21027,T9096
21028,T9108
21029,T9099
21030,T9041
21031,T9090
21032,TC0027
21033,TP1869L
21034,TQ0014
21035,TQ0082
21036,TQ0089
21037,TQ0091
21038,TQ0105
21039,TQ0126
21040,TQ0128
21041,TQ0137
21042,TQ0150
21043,TQ0231
21044,TQ0239
21045,TN1490
21046,TN2062
21047,TN2213
21048,T12232
21049,T12432
21050,T13655
21051,T15106
21052,T17350
21053,T14199
21054,T14685
21055,T10831L
21056,T19573
21057,T11298
21058,T10460
21059,T10606
21060,T16021
21061,T16108
21062,T16294
21063,T16324
21064,T19030
21065,T16378
21066,T16402
21067,T16413
21068,T11861
21069,T17158
21070,T17209
21071,T22439
21072,T22456
21073,TN4660
21074,T20974
21075,T21448
21076,T22730
21077,T22745
21078,T19663
21079,T7601L
21080,T7173L
21081,TP1114L
21082,TP1417L
21083,TP2106L
21084,TP2111L
21085,T9042
21086,T22062
21087,T21648
21088,T9121
21089,T9124
21090,T9110
21091,T9122
21092,TN6729
21093,T21883
21094,TP2333
21095,T9080
21096,T9133
21097,T10533
21098,T15605
21099,T22272
21100,TQ0166
21101,T14893
21102,T15654
21103,TN3575
21104,TN2437
21105,T10616
21106,T14214
21107,TN2755
21108,TN1258
21109,T16838
21110,TN3340
21111,TN1524
21112,TP1419L
21113,TP1497L
21114,TP1516L
21115,TP1549L
21116,TP1571L
21117,TP1573L
21118,TP1627L
21119,TP1658L
21120,TP1666L
21121,TP1672L
21122,TP1761L
21123,TP1786L
21124,TP1813L
21125,TP1904L
21126,TP1925L
21127,TP1002L
21128,TP1270L
21129,TP1545L1
21130,TP1699L
21131,TP2323L
21132,TP2325L
21133,T8886
21134,T8903
21135,T8904
21136,TN6712
21137,T8897
21138,T8861
21139,TP1351L
21140,T4021L
21141,TN6707
21142,T8916
21143,T13214L
21144,T8907
21145,T8915
21146,T8833
21147,T8898
21148,TN6708
21149,T8901
21150,TN6709
21151,T21876
21152,T8908
21153,TN6710
21154,T5775
21155,TP2324
21156,T8887
21157,T2782L
21158,TQ0011
21159,TQ0064
21160,TQ0257
21161,TQ0295
21162,TQ0302
21163,TN1041
21164,TN1226
21165,TN1516
21166,TN1911
21167,TN1990
21168,TN2330
21169,T12186
21170,T12472
21171,T18887
21172,T19140
21173,T10174
21174,T10894
21175,T8509
21176,T19295
21177,T11086
21178,T15598
21179,T14360
21180,T14367
21181,T10255
21182,T14900
21183,T14909
21184,T14989
21185,T15027
21186,T15364
21187,T12952
21188,T12970
21189,T13013
21190,T13119
21191,T11366
21192,T13613
21193,T15477
21194,T15501
21195,T13736
21196,T16028
21197,T16471
21198,T16832
21199,T11944
21200,T12006
21201,T16225
21202,T16888
21203,T16996
21204,T17159
21205,T17280
21206,T17293
21207,T2S0765
21208,T3S1707
21209,T20539
21210,T20637
21211,T21059
21212,T21369
21213,T22565
21214,T22714
21215,T23176
21216,T23377
21217,T19763
21218,T19780
21219,T20109
21220,T5901
21221,PDK0327
21222,PDK0101
21223,PDK0060
21224,PDK0014
21225,Fr12415
21226,TP1065
21227,TP1086
21228,TP1346
21229,TP1429
21230,TP1704
21231,TP1881L1
21232,TP1159L
21233,TP1214L
21234,TP1238L
21235,TP1248L
21236,TP1281L1
21237,TP1501L
21238,TP1541L
21239,TP1606L
21240,TP1648L
21241,TP1676L
21242,TP1760L
21243,TP1772L
21244,TP1789L
21245,TP1792L
21246,TP1992L
21247,TP2008L
21248,T22106
21249,T8920
21250,T22235
21251,T8930
21252,T8890
21253,T12145L
21254,T8927
21255,T8882
21256,T8885
21257,T21687
21258,T8929
21259,T8899
21260,T8842
21261,T8921
21262,T8919
21263,T8838
21264,T20561L
21265,TP2313
21266,TP2322L
21267,T8918
21268,TQ0070
21269,TQ0160
21270,TQ0196
21271,TQ0288
21272,TN1124
21273,TN1413
21274,TN1480
21275,TN1580
21276,TN1702
21277,TN1785
21278,TN2108
21279,TN2151
21280,T12402
21281,T12580
21282,T17637
21283,T12719
21284,T10429
21285,T14871
21286,T15146
21287,T15370
21288,T11174
21289,T10479
21290,T18927
21291,T18933
21292,T13706
21293,T15432
21294,T15604
21295,T13974
21296,T11719
21297,T11727
21298,T16409
21299,T16538
21300,T16669
21301,T16730
21302,T11947
21303,T17040
21304,T22251
21305,T22455
21306,TL0013
21307,T8042
21308,T21446
21309,T22605
21310,T14935
21311,T15032
21312,T12773
21313,T12832
21314,T13884
21315,T19577
21316,T10537
21317,T13586L
21318,T10629
21319,T19344
21320,T15643
21321,T18994
21322,T13349
21323,T19374
21324,T16022
21325,T13869L
21326,T17019
21327,T22253
21328,T22258
21329,T5S1649
21330,TN3987
21331,T20615
21332,T20792
21333,T20945
21334,T21136
21335,T21468
21336,T22703
21337,T22713
21338,T5465
21339,T19651
21340,T19821
21341,T19825
21342,T6159
21343,T21969
21344,T8867
21345,T8869
21346,T8862
21347,T8880
21348,T21714
21349,T8874
21350,T8873
21351,T8841
21352,T8871
21353,T8745
21354,T21704
21355,T8799
21356,T8780
21357,T8870
21358,T8868
21359,T8866
21360,T7946
21361,T8859
21362,T21902
21363,T21981
21364,T8858
21365,T8864
21366,T8848
21367,T8863
21368,T8865
21369,T8213
21370,T14665L
21371,T6990L
21372,TP1266
21373,TP1370L
21374,TP1412
21375,TP2309
21376,TP2315
21377,T8878
21378,T8879
21379,T8872
21380,T8876
21381,T8875
21382,T8895
21383,TN6705
21384,T8877
21385,T16790L
21386,T22540L
21387,TP1217L
21388,TP1378
21389,TP1686L
21390,TP1926
21391,TP1933
21392,TP2308
21393,TQ0048
21394,TQ0195
21395,TQ0230
21396,TQ0267
21397,TQ0297
21398,TN1031
21399,TN1074
21400,TN1079
21401,TN1084
21402,TN1103
21403,TN1115
21404,TN1142
21405,TN1150
21406,TN1287
21407,TN1421
21408,TN1517
21409,TN1626
21410,TN1684
21411,TN1772
21412,TN1899
21413,TN1992
21414,TN2070
21415,TN2197
21416,TN2230
21417,TN2239
21418,TN2244
21419,TN2269
21420,T12225L
21421,T18905
21422,T14792
21423,T19180
21424,T10388
21425,T15212
21426,T11213
21427,T11345L
21428,T19209
21429,T11447
21430,T13932
21431,T18975
21432,T19051
21433,T10157
21434,T16706
21435,T11820
21436,T16727
21437,T16867
21438,T17030
21439,T3851
21440,T3897
21441,TCS1372
21442,T20550
21443,T13670L
21444,T23533
21445,T20082
21446,T2S0886
21447,TQ0009
21448,TQ0152
21449,TN1006
21450,TN1015
21451,TN1030
21452,TN1046
21453,TN1078
21454,TN1108
21455,TN1829
21456,TN2165
21457,TN2357
21458,T10993
21459,T17655
21460,T14413
21461,T15919
21462,T13092
21463,T11136
21464,T10466
21465,T11428
21466,T15616
21467,T11824LL
21468,T18945
21469,T19376
21470,T11741
21471,T19389
21472,T16791
21473,T11854
21474,T16860
21475,T17018
21476,T17226
21477,T3887
21478,T5S1988
21479,TJS1382
21480,T20754
21481,T20879
21482,T21309
21483,T21410
21484,T21418
21485,T22775
21486,T19692
21487,T19743
21488,T19952
21489,TP1289
21490,TP1385
21491,T15378L
21492,T18954L
21493,T11918L
21494,T21268L
21495,T7815L
21496,TP1018L
21497,TP1046L
21498,TP1053L
21499,TP1085L
21500,TP1106L
21501,TP1107L
21502,TP1122L
21503,TP1179L
21504,TP1381L
21505,TP1403L
21506,T39794
21507,T21735
21508,T61274
21509,T61654
21510,T78099
21511,T78785
21512,T78876
21513,T81637
21514,T70433
21515,T84372
21516,T85343
21517,TN7256
21518,T72056
21519,T85342
21520,T70336
21521,TP1547L1
21522,T70868
21523,T33789L
21524,TD0103
21525,T73906
21526,T20087
21527,T11524
21528,T14402
21529,T19135
21530,T19404
21531,T20566
21532,T21324
21533,T27253
21534,T28516
21535,T29808
21536,T33807
21537,T40581
21538,TN1338
21539,TN6506
21540,T38519L
21541,T65140
21542,T68089
21543,T69750
21544,T69750L
21545,T73766
21546,T75695
21547,T77778
21548,T85351
21549,T9413
21550,TN7571
21551,T12354
21552,T18949
21553,T16709
21554,TN4868
21555,T28109
21556,T28436
21557,T35335
21558,T36182
21559,T37131
21560,T78092
21561,T78209
21562,T79086
21563,TNU1075
21564,T66078
21565,T76583
21566,T85353
21567,T73343
21568,T29083L
21569,T77811
21570,T84318
21571,T65142
21572,TN1876
21573,TN1948
21574,T10568
21575,T20735
21576,T24602
21577,T24213
21578,T36806
21579,T37495
21580,T39914
21581,T60723
21582,T81289
21583,T65308
21584,T30606L
21585,T34316L
21586,T86105
21587,T77809
21588,T85350
21589,TN1083
21590,TN1205
21591,TN1307
21592,T10508
21593,T14931
21594,T11345
21595,T19393
21596,T16894
21597,TN4774
21598,T19701
21599,TN6521
21600,T24553
21601,T24805
21602,T29984
21603,T39792
21604,T60471
21605,T60733
21606,T60856
21607,T61153
21608,T61741
21609,T77973
21610,T72423
21611,T6155
21612,T87946
21613,T87947
21614,TN7568
21615,T69626
21616,T69659
21617,TF0085
21618,T87944
21619,T87945
21620,T86956
21621,T87407
21622,T85349
21623,T85346
21624,T65734
21625,T77812
21626,T70585
21627,T33807L
21628,T8792
21629,TN7572
21630,T14074
21631,T18578
21632,T16468
21633,T14300
21634,T13016L
21635,T27229
21636,T34053
21637,T35860
21638,T36035
21639,T63132
21640,T77933
21641,T78421
21642,T21935
21643,T21996L
21644,T74065
21645,T1225
21646,T87943
21647,T70358
21648,TN8002
21649,T66961
21650,T67002
21651,TN1797
21652,T14829
21653,T11347
21654,T10767
21655,TP2147
21656,T22315
21657,T22862
21658,T20421
21659,T1182L
21660,T29476
21661,T36456
21662,T36644
21663,T39953
21664,T40769
21665,T62320
21666,T63726
21667,T83771
21668,T85331
21669,T70252L1
21670,T73444
21671,T69015
21672,T88834
21673,T28433L
21674,TN7655
21675,T71108
21676,T10508L
21677,TP1087L
21678,T70229
21679,T64798
21680,T70880
21681,T65355
21682,T11263
21683,T13327
21684,T15726
21685,T10358L2
21686,T16712
21687,T19883
21688,T20402
21689,T29236
21690,T40460
21691,T60367
21692,T63699
21693,T84817
21694,T86167
21695,T68359L
21696,T70151
21697,T85352
21698,T65370
21699,T71725
21700,T18681
21701,T10538L
21702,T10741
21703,T16042
21704,T16428
21705,T207059
21706,T203888
21707,T86137
21708,T22444
21709,T205167
21710,T71955
21711,T32771
21712,T207076
21713,TYD-00101
21714,TN9651
21715,T207102
21716,T207074
21717,T23827
21718,T206019
21719,T82620
21720,T84214
21721,T205992
21722,TP2169
21723,T206006
21724,T23808
21725,T203889
21726,TXB-00336
21727,T29620
21728,T65112
21729,T13728
21730,T207071
21731,T204089
21732,TN9192
21733,T84105
21734,T73295
21735,TYD-00851
21736,T14737
21737,T84846
21738,T204075L
21739,T63434
21740,T13031
21741,TD0097
21742,T16915
21743,T31456
21744,T206026
21745,T204090
21746,T77847
21747,T203873
21748,T14372
21749,T207090
21750,T207085
21751,TP1771
21752,TN9644
21753,T30216
21754,TN9609
21755,T14036
21756,T87478
21757,TYD-00777
21758,T62677
21759,TN9715
21760,TYD-00702
21761,T203837
21762,T88914
21763,TMIH-0593
21764,T14249
21765,T13202L
21766,T5644
21767,T76010
21768,T35963
21769,TP1766
21770,TYD-00770
21771,T203833
21772,T22892
21773,T22740
21774,T85404
21775,T19964
21776,T27489
21777,T9802
21778,T10657L
21779,T202375
21780,T35482
21781,T205991
21782,T206029
21783,T69745L
21784,T39140
21785,T71858
21786,T203537
21787,T205958
21788,T86109
21789,T206043
21790,T71770
21791,T78616
21792,T207057
21793,T26250
21794,TN9627
21795,T36629
21796,T23502
21797,T62381
21798,T206013
21799,T203886
21800,TYD-00713
21801,T205247
21802,T67681
21803,T6493L
21804,T15339
21805,TN9246
21806,T60260
21807,T14414
21808,T79156
21809,T207073
21810,T206055
21811,T27053
21812,T78450
21813,T85589
21814,T20868
21815,T35883
21816,T65683
21817,T203897
21818,T39646
21819,TYD-00517
21820,TYD-00297
21821,T70332
21822,T207092
21823,T67637
21824,T84186
21825,T32632
21826,T205988
21827,T39913
21828,TYD-00844
21829,T29131
21830,T14475
21831,T203900
21832,TYD-00685
21833,TN9599
21834,TYD-00299
21835,T205977
21836,T87712
21837,T204084
21838,TN9737
21839,T203890
21840,T206032
21841,TYD-00680
21842,TYD-01012
21843,T87045
21844,T205940
21845,TN9664
21846,T41211
21847,T203876
21848,TN9497
21849,T14117
21850,T203895
21851,TYD-00276
21852,T80625
21853,T16665
21854,TN9830
21855,T89068
21856,T83997
21857,T203836
21858,T65066
21859,TYD-00682
21860,T206036
21861,T20314
21862,TN9352
21863,T18948
21864,TYD-00264
21865,T205990
21866,T207065
21867,TYD-00740
21868,T205997
21869,T16036
21870,TYD-00220
21871,T24575
21872,T29892
21873,T16662
21874,T207077
21875,T69940
21876,T15397
21877,T88412
21878,T206012
21879,T26528
21880,T85495
21881,TYD-02594
21882,T66813
21883,T39402
21884,T18311
21885,T31124
21886,TYD-00510
21887,T72149
21888,T40311
21889,T89638
21890,TN9724
21891,T38834
21892,T203893
21893,T66032
21894,T207804
21895,T33331
21896,T205998
21897,T206027
21898,T206038
21899,T65899
21900,T207106
21901,T206018
21902,T84012
21903,TYD-02592
21904,T17043
21905,T17171
21906,T17300
21907,T22305
21908,T22461
21909,T20549
21910,T20641
21911,T22911
21912,T23498
21913,T19636
21914,T4134L
21915,T25146
21916,T26674
21917,T27594
21918,T28416
21919,T28827
21920,T31532
21921,T32668
21922,TP1074L
21923,TP1496L
21924,TP1806L
21925,TP2268L
21926,T9215
21927,T9177
21928,T21824
21929,TD0092
21930,T9209
21931,T9195
21932,TD0101
21933,T9190
21934,T9192
21935,T9198
21936,T9197
21937,T7948
21938,T9183
21939,T9118
21940,T9149
21941,T9196
21942,T9193
21943,T9203
21944,T7949
21945,T9182
21946,T9200
21947,T8695
21948,T9160
21949,TD0094
21950,T9212
21951,T9204
21952,T9159
21953,T8409
21954,T9191
21955,T9205
21956,TQ0179
21957,TQ0235
21958,TN1455
21959,TN2132
21960,TN2362
21961,TN2364
21962,T12111L
21963,T12171
21964,T12270
21965,T10048
21966,T18894
21967,T18900
21968,T18910
21969,T14049
21970,T14996
21971,T16734
21972,T14119
21973,T15058
21974,T14181
21975,T14371
21976,T14557
21977,T15090
21978,T15233
21979,T19323
21980,T18919
21981,T18880
21982,T10566
21983,T10599
21984,T18930
21985,T11590
21986,T19588
21987,T10736
21988,T15543
21989,T15617
21990,T15735
21991,T18964
21992,T18984
21993,T18991
21994,T19023
21995,T19036
21996,T19058
21997,T19060
21998,T16472
21999,T11882
22000,T12004
22001,T22380
22002,T22383
22003,T22447
22004,T2S1593
22005,TN2540
22006,TN3601
22007,T20920
22008,T22834
22009,T23168
22010,T23256
22011,T23347
22012,T23524
22013,T20019
22014,T20033
22015,T24677
22016,T25487
22017,T27246
22018,TP1293
22019,T9257
22020,T21481
22021,T9220
22022,T9224
22023,T9227
22024,T9252
22025,T9231
22026,T4680L
22027,T9248
22028,T9254
22029,T9207
22030,T21826
22031,T9253
22032,T9208
22033,T9217
22034,T9186
22035,T9242
22036,T9194
22037,T9211
22038,T9241
22039,TD0098
22040,T9230
22041,T9245
22042,T9234
22043,TD0102
22044,T8182L
22045,TN6771
22046,T8766
22047,T9249
22048,T21935L
22049,T9206
22050,T9223
22051,T9237
22052,T7369L
22053,T8945L
22054,T9079
22055,TP1884L1
22056,TP1911L
22057,TP1942L1
22058,TP2212L
22059,T9228
22060,TD0104
22061,T9218
22062,T9235
22063,T5612
22064,T9247
22065,T6072L
22066,T9174
22067,T15805L
22068,T20482L
22069,T7778L
22070,T8951
22071,T9184L
22072,TP1267L
22073,TP1653L
22074,TP1880L1
22075,TP1896L1
22076,TP1936L1
22077,TP1943L1
22078,TQ0079
22079,TQ0223
22080,TN2130
22081,TN2258
22082,TN2363
22083,T12134
22084,T12256
22085,T12367
22086,T12489
22087,T18888
22088,T18891
22089,T10203
22090,T11064
22091,T14057
22092,T15040
22093,T14034
22094,T18788
22095,T15073
22096,T14322
22097,T14385
22098,T15210
22099,T12919
22100,T61345L
22101,T77723
22102,T77743
22103,T68129L1
22104,T27748L
22105,TN7247
22106,TP1127
22107,T78557
22108,T77730
22109,TP1198
22110,T78556
22111,T27795L
22112,T28267L
22113,T30188L1
22114,T78554
22115,T67972L
22116,T80666
22117,T79851
22118,T77768
22119,T9670L
22120,T68103L
22121,T13423L
22122,TN7248
22123,TN7249
22124,T3104L
22125,T77734
22126,T27773L
22127,T36624L
22128,T77758
22129,T77777
22130,T78631
22131,T14939L
22132,T80675
22133,T18942L
22134,TN7250
22135,T77760
22136,T77731
22137,T23411L
22138,T77771
22139,T78870
22140,T80641
22141,T63351L
22142,T83629
22143,T80678
22144,T83630
22145,T78825
22146,T79213
22147,T79607
22148,T79861
22149,T62380L
22150,T78409L
22151,T27250L
22152,T16009L
22153,T64167L
22154,T78575
22155,T78745
22156,T79499
22157,TP1805
22158,T77729
22159,T68050L
22160,T68051L
22161,TN7238L
22162,T83148L
22163,T75966
22164,TP2744L
22165,TP1456
22166,T10114
22167,T17420
22168,T15322
22169,T14570
22170,T17162
22171,T23330
22172,T23750
22173,T26345
22174,T28050
22175,T28681
22176,T30410
22177,T36578
22178,T37855
22179,T38773
22180,T40629
22181,T40734
22182,T40872
22183,T22159
22184,T9769
22185,T60977
22186,T61012
22187,T62832
22188,T62973
22189,T78504
22190,T79099
22191,T79784
22192,T73061
22193,T80643
22194,T83962
22195,T85545
22196,T86161
22197,T87526
22198,T88407
22199,T88664
22200,T89029
22201,T71552
22202,TF0061
22203,T125931
22204,T74005
22205,TP2833
22206,T10398L
22207,T65068
22208,T77235
22209,T65640
22210,T200417
22211,T64729
22212,TQ0224
22213,TQ0315
22214,TN1158
22215,T14593
22216,T11242
22217,T15613
22218,T11920
22219,TN2469
22220,T21301
22221,T22499
22222,T0793L
22223,T24481
22224,T6340L
22225,T26794
22226,T27132
22227,T27672
22228,T28752
22229,T36365
22230,T37911
22231,T38516
22232,T60386
22233,T62196
22234,T63929
22235,T79005
22236,T79427
22237,T87073
22238,T88314
22239,T33355L
22240,T74009
22241,T21984
22242,T200420
22243,T89913
22244,T6596
22245,T200419
22246,T19320L
22247,T70252L
22248,T15060
22249,T15089
22250,T14213
22251,T12810
22252,T18944
22253,T16351
22254,T16885
22255,TN3410
22256,T20066
22257,T34472
22258,TN6893
22259,T38384
22260,T39519
22261,T39807
22262,T1649L
22263,T6018L
22264,T61306
22265,T61824
22266,T63291
22267,T83721
22268,T87086
22269,T6292
22270,T39258L
22271,T71364
22272,T85334
22273,T69656
22274,T200421
22275,T8269
22276,TNU0020
22277,TN1595
22278,T19148
22279,T18395
22280,T11246
22281,T10543
22282,T19594
22283,TN4655
22284,T21414
22285,T22875
22286,TP2204
22287,T19828
22288,T19852
22289,T20473
22290,T8731
22291,T24598
22292,T25915
22293,T31388L
22294,T35897
22295,T35923
22296,T39258
22297,T39555
22298,T39675
22299,T41022
22300,T60203
22301,T60711
22302,T63507
22303,T79517
22304,T79518
22305,T86497
22306,T5438
22307,T75124
22308,T124200
22309,T73377
22310,T74678
22311,T37011L
22312,T66673
22313,T65918
22314,T66353
22315,T17588
22316,T15078
22317,T16255
22318,T12732L
22319,T14937
22320,T11975
22321,T24870
22322,T26735
22323,T33577
22324,T34060
22325,T22034
22326,T63273
22327,T78159
22328,T78597
22329,TMID-0076
22330,T200418
22331,TNU0025
22332,T200800
22333,TN1380
22334,T17663
22335,T14009
22336,T11594
22337,T13449
22338,T17163
22339,T22460
22340,T24074
22341,T24678
22342,T25528
22343,T26624
22344,T26626
22345,T27044
22346,T28233
22347,T29458
22348,T40400
22349,T77989
22350,T79864
22351,T87545
22352,T88118
22353,T8761
22354,T88840
22355,T75963
22356,T126366
22357,T21271L
22358,T10243
22359,T18237
22360,T11449
22361,T19092
22362,T35369
22363,T39665
22364,TYD-00132
22365,T70879
22366,T10710
22367,T15072
22368,TYD-02614
22369,TYD-02863
22370,TYD-02862
22371,T19977
22372,TYD-02600
22373,T34484
22374,T14025
22375,T67572
22376,TYD-02845
22377,T69240
22378,T40195
22379,TYD-02853
22380,T11391L
22381,T84987
22382,TP1073
22383,TP1425
22384,TP1711
22385,TP1051L
22386,TP1057L
22387,TP1062L
22388,TP1116L
22389,TP1143L
22390,TP1153L
22391,TP1548L
22392,TP1591L
22393,TP1696L
22394,TP1700L
22395,TP1739L
22396,TP1777L
22397,TP1843L
22398,TP2131L
22399,TP1019L
22400,TP1033L
22401,TP1112L
22402,TP1365L
22403,TP1434L
22404,TP1458L
22405,TP1459L
22406,TP1508L
22407,TP1578L
22408,TP1708L
22409,TP1785L
22410,TP1862L
22411,TP1886L1
22412,TP1887L1
22413,TP1890L1
22414,TP1907L1
22415,TP1920L1
22416,TP1922L1
22417,TP1937L1
22418,TP1939L1
22419,T19584L
22420,TP2189L
22421,TP2227L
22422,TP2165
22423,T11346L
22424,TP1045L
22425,TP1592L
22426,TP1826L
22427,TP1956L
22428,TP1957L
22429,TP1882L1
22430,TP1895L1
22431,TP1897L1
22432,TP1913L1
22433,TP1924L1
22434,TP2358
22435,T19309L1
22436,TP1050L
22437,TP1017L
22438,TP1741L
22439,TP1910L1
22440,TP2107L
22441,TP1342L
22442,TP1493L1
22443,TP1628L
22444,TP2446L
22445,TP2483L
22446,TP1484L
22447,TP2073L
22448,TP2186L
22449,TP2363L
22450,TP2364L
22451,TP2365L
22452,TP2373L
22453,TP2384L
22454,TP2486
22455,TP2489
22456,TP2490
22457,TP2492
22458,TP2493
22459,TP2494
22460,TP2495
22461,TP2496
22462,TP2498
22463,TP1732L
22464,TP2487
22465,TP2491
22466,TP1814L
22467,TP2497
22468,TP1166
22469,TP2239L
22470,TP2298L
22471,TP1916L1
22472,TP2221L
22473,TP2158
22474,T9581
22475,TP1970L
22476,TP1863L
22477,TP1923L1
22478,TP1940L1
22479,TP1941L1
22480,TP1842L
22481,TP2051L
22482,TP2052L
22483,TD0091
22484,TP2502
22485,TP1973L
22486,TP1835L
22487,TP1879L1
22488,TP1909L1
22489,TP1935L1
22490,TP2205L
22491,TP2137L
22492,T9789
22493,TP1851L
22494,TP1380
22495,TP1906L1
22496,TP1561
22497,TP1819L
22498,TP1821L
22499,TP2219L
22500,TP1952L
22501,TP1245L
22502,TP2266L
22503,TP2289L
22504,TP1188L
22505,TP1928L1
22506,TP1750L
22507,TP2338L
22508,TP1953L
22509,TP1891L1
22510,TP1927L1
22511,TP1932L1
22512,TP1447L1
22513,TP1244L1
22514,TP1618L
22515,TP1185L
22516,TP1702L
22517,TP1445
22518,TP1535L
22519,TP1589L
22520,TP1885L1
22521,TP2105L
22522,TP2209L
22523,TP2204L
22524,TP1554L
22525,TP1555L1
22526,TP1758L
22527,TP1663L
22528,TP1312L
22529,TP1358L
22530,TP1902L1
22531,T7566L1
22532,TQ0003L1
22533,T28994L
22534,T13142L
22535,T68002L
22536,T74186
22537,TN7244
22538,T30188L
22539,T68122L
22540,T27404L
22541,T77744
22542,T34921L1
22543,T26641L
22544,T70470L
22545,T68000L
22546,T27020L
22547,T67888L
22548,T77753
22549,T77766
22550,T77763
22551,T77752
22552,T77762
22553,T77764
22554,T14932L1
22555,T68171L
22556,T68129L
22557,T8642
22558,T8656
22559,T8655
22560,T22016
22561,T8652
22562,T19892
22563,T19898
22564,T8663
22565,T8662
22566,T8661
22567,T8658
22568,T8659
22569,T19935
22570,T19925
22571,T19916
22572,T8657
22573,T21654
22574,T8678
22575,T8676
22576,T8677
22577,T8668
22578,T19900
22579,T8674
22580,T19836
22581,T20470
22582,T22641
22583,T23515
22584,T7070
22585,T8682
22586,T8684
22587,T8686
22588,T8687
22589,T8688
22590,TP1325L
22591,T8238
22592,T5355
22593,TQ0063
22594,TQ0074
22595,TQ0088
22596,TQ0097
22597,TQ0188
22598,TN1012
22599,TN2069
22600,T13774
22601,T12248
22602,T12317
22603,T12542
22604,T12568
22605,T11020
22606,T13995
22607,T14017
22608,T16743
22609,T14069
22610,T18616
22611,T17213
22612,T14376
22613,T12609
22614,T13865
22615,T10383
22616,T14918
22617,T15177
22618,T15219
22619,T15250
22620,T12851
22621,T12899L
22622,T13006
22623,T13047
22624,T11277
22625,T10432L
22626,T10270
22627,T10477
22628,T10486
22629,T10703
22630,T10706
22631,T11467
22632,T13721
22633,T13273
22634,T13298
22635,T13320
22636,T15453
22637,T15573
22638,T18978
22639,T13384L
22640,T13381
22641,T13414
22642,T15824
22643,T16104
22644,T16156
22645,T16339
22646,T19033
22647,T19232
22648,T16680
22649,T16686
22650,T16725
22651,T11826
22652,T19418
22653,T16927
22654,T16962
22655,T8647
22656,T22414
22657,T17029
22658,T17142
22659,T17183
22660,T17208
22661,T13320L
22662,T17260
22663,T17262
22664,TQ0015
22665,TQ0094
22666,TQ0156
22667,TN1023
22668,TN1697
22669,T12056
22670,T19455
22671,T19467
22672,T13795
22673,T12444
22674,T14038L
22675,T19288
22676,T13664
22677,T17109
22678,T12628
22679,T12643
22680,T10436
22681,T14778
22682,T14834
22683,T15033
22684,T15261
22685,T12818
22686,T13130
22687,T10580
22688,T11589
22689,T15827
22690,T16010
22691,T16068
22692,T16099
22693,T16118
22694,T19075
22695,T16486
22696,T16674
22697,T12932L
22698,T16994
22699,T22282
22700,T22314
22701,T22318
22702,T22459
22703,T3S0870
22704,TP1015
22705,TP1024
22706,TP1236
22707,TP1254
22708,TP1275
22709,TP1348
22710,TP1796
22711,T19792
22712,T21066
22713,T2147
22714,T22946
22715,T23133
22716,T5036
22717,T8648
22718,T8651
22719,T8654
22720,T8665
22721,T8666
22722,T8669
22723,T8670
22724,T8671
22725,T8672
22726,T8673
22727,T8689
22728,T8692
22729,T8694
22730,T8697
22731,T8700
22732,T8702
22733,T8703
22734,T8704
22735,T8709
22736,TQ0275
22737,TN1129
22738,TN1148
22739,TN1154
22740,T12032
22741,T12112
22742,T12133
22743,T12478
22744,T18908
22745,T14054
22746,T14066
22747,T14094
22748,T14186
22749,T14495
22750,T14497
22751,T14667
22752,T12695
22753,T10397
22754,T13041
22755,T19578
