ID,SMILES,MolWt
Fr16745,N#CCc1ccc(O)cc1,133.15
PDK0101,Cc1ccc(/C=C/C(=O)O)cc1,162.19
T0035,C/C=C(/C(=C/C)c1ccc(O)cc1)c1ccc(O)cc1,266.34
T0040,C#C[C@]1(O)CC[C@H]2[C@@H]3CCc4cc(OC5CCCC5)ccc4[C@H]3CC[C@@]21C,364.53
T0074,CN(C)CC/C=C1/c2ccccc2Sc2ccc(Cl)cc21,315.87
T0074L,CN(C)CC/C=C1/c2ccccc2Sc2ccc(Cl)cc21.Cl,352.33
T0077,O=C1CN(/N=C/c2ccc(-c3ccc([N+](=O)[O-])cc3)o2)C(=O)[N-]1.[Na+],336.24
T0081,O=C(CS(=O)Cc1ccco1)NC/C=C\COc1cc(CN2CCCCC2)ccn1,431.56
T0124,CO[C@H]1C[C@H](O[C@@H]2/C(C)=C\C[C@@H]3C[C@@H](C[C@]4(CC[C@H](C)[C@@H](C5CCCCC5)O4)O3)OC(=O)[C@@H]3C=C(C)/C(=N\O)[C@H]4OC/C(=C/C=C\[C@@H]2C)[C@]43O)O[C@@H](C)[C@@H]1O,769.97
T0133,C=CC1=C(C(=O)O)N2C(=O)[C@@H](NC(=O)/C(=N\O)c3csc(N)n3)[C@H]2SC1,395.42
T0139,CN(C)CCOc1ccc(/C(=C(/CCCl)c2ccccc2)c2ccccc2)cc1,405.97
T0143,CC(C)NCC(O)COc1ccc(COCCOC(C)C)cc1.CC(C)NCC(O)COc1ccc(COCCOC(C)C)cc1.O=C(O)/C=C/C(=O)O,766.97
T0147,CN1CCC[C@@H]1CCO[C@](C)(c1ccccc1)c1ccc(Cl)cc1.O=C(O)/C=C/C(=O)O,459.97
T0152,COc1cc(Nc2c(C#N)cnc3cc(OCCCN4CCN(C)CC4)c(OC)cc23)c(Cl)cc1Cl,530.46
T0178,N#C[C@@H]1C[C@@H]2C[C@@H]2N1C(=O)[C@@H](N)C12CC3CC(CC(O)(C3)C1)C2.O,333.43
T0185,CN(C)CCC[C@@]1(c2ccc(F)cc2)OCc2cc(C#N)ccc21,324.40
T0191,CC#CCn1c(N2CCC[C@@H](N)C2)nc2c1c(=O)n(Cc1nc(C)c3ccccc3n1)c(=O)n2C,472.55
T0205,CN(C)CCC(c1ccc(Br)cc1)c1ccccn1.O=C(O)/C=C\C(=O)O,435.32
T0236,CN1CCC(=C2c3ccccc3CCc3cccnc32)CC1.O=C(O)/C=C\C(=O)O.O=C(O)/C=C\C(=O)O,522.55
T0237,Cc1cc(C(C#N)c2ccc(Cl)cc2)c(Cl)cc1NC(=O)c1cc(I)cc(I)c1O,663.08
T0245,COc1c(C)c2c(c(O)c1C/C=C(\C)CCC(=O)OCCN1CCOCC1)C(=O)OC2,433.50
T0300,C#CCN(C)Cc1ccccc1,159.23
T0301,C#C[C@]1(O)CC[C@H]2[C@@H]3CCC4=CC(=O)CC[C@]4(C)[C@H]3CC[C@@]21C,312.45
T0313,Cc1cc(-c2ccc(/N=N/c3ccc4c(S(=O)(=O)[O-])cc(S(=O)(=O)[O-])c(N)c4c3O)c(C)c2)ccc1/N=N/c1ccc2c(S(=O)(=O)[O-])cc(S(=O)(=O)[O-])c(N)c2c1O.[Na+].[Na+].[Na+].[Na+],960.82
T0323,CN1CCCN=C1/C=C/c1cccc(O)c1.O=C(O)c1c(O)cc2ccccc2c1Cc1c(C(=O)O)c(O)cc2ccccc12,604.66
T0363,Cc1ccsc1/C=C/C1=NCCCN1C.O=C(O)[C@H](O)[C@@H](O)C(=O)O,370.43
T0368,COc1cc(/C=C/C(=O)N2CCN(CC(=O)N3CCCC3)CC2)cc(OC)c1OC.O=C(O)/C=C\C(=O)O,533.58
T0370,CN(C)CCC(c1ccccc1)c1ccccn1.O=C(O)/C=C\C(=O)O,356.42
T0373,C#Cc1cccc(Nc2ncnc3cc(OCCOC)c(OCCOC)cc23)c1,393.44
T0373L,C#Cc1cccc(Nc2ncnc3cc(OCCOC)c(OCCOC)cc23)c1.Cl,429.90
T0374,CCN(CC)CCNC(=O)c1c(C)[nH]c(/C=C2\C(=O)Nc3ccc(F)cc32)c1C.O=C(O)C[C@H](O)C(=O)O,532.57
T0374L,CCN(CC)CCNC(=O)c1c(C)[nH]c(/C=C2\C(=O)Nc3ccc(F)cc32)c1C,398.48
T0376,C/C=C/C(=O)N(CC)c1ccccc1C,203.29
T0380,CC(O)(CS(=O)(=O)c1ccc(F)cc1)C(=O)Nc1ccc(C#N)c(C(F)(F)F)c1,430.38
T0385,CN1CCN(CCCN2c3ccccc3Sc3ccc(Cl)cc32)CC1.O=C(O)/C=C\C(=O)O.O=C(O)/C=C\C(=O)O,606.10
T0388,COCCOC(=O)C1=C(C)NC(C)=C(C(=O)OC/C=C/c2ccccc2)C1c1cccc([N+](=O)[O-])c1,492.53
T0393,CC(C)(C#N)c1cc(Cn2cncn2)cc(C(C)(C)C#N)c1,293.37
T0395,CN1CCCN=C1/C=C/c1cccs1.O=C(O)[C@H](O)[C@@H](O)C(=O)O,356.40
T0395L1,CN1CCCN=C1/C=C/c1cccs1.Cl,242.78
T0402,CCCCC(CC)COC(=O)C(C#N)=C(c1ccccc1)c1ccccc1,361.49
T0413,CCNC(=O)/C=C/c1cccc(Br)c1,254.13
T0459,CC1=C(CC(=O)O)c2cc(F)ccc2/C1=C\c1ccc(S(C)=O)cc1,356.42
T0492,COC(=O)/C=C/C(=O)OC,144.13
T0502,c1ccn2[O-]->[Zn+2]3(<-[O-]n4ccccc4=[S]3)[S]=c2c1,317.71
T0534,N#Cc1ccc(C(O)c2ccc(C#N)cc2)cc1,234.26
T0536,N#CC1CC1,67.09
T0555,CCN(CC)CC#CCO,141.21
T0563,COc1ccc(CC#N)cc1OC,177.20
T0580,C#CCCC(=O)O,98.10
T0593,COc1cc(/C=C(\C#N)C(=O)Nc2nnc(C(F)(F)F)s2)ccc1OCc1ccc(C(F)(F)F)cc1C(F)(F)F,596.43
T0609,c1ccc(/N=N/c2ccccc2)cc1,182.23
T0610,Oc1cc(O)cc(/C=C/c2ccc(O)c(O)c2)c1,244.25
T0623,N#CC(c1ccccc1)c1ccccc1,193.25
T0681,CO[C@H]1/C=C\O[C@@]2(C)Oc3c(C)c(O)c4c(O)c(c(/C=N/N5CCN(C)CC5)c(O)c4c3C2=O)NC(=O)/C(C)=C\C=C/[C@H](C)[C@H](O)[C@@H](C)[C@@H](O)[C@@H](C)[C@H](OC(C)=O)[C@@H]1C,822.95
T0685,CC(=O)OC/C=C(C)/C=C/C=C(C)/C=C/C1=C(C)CCCC1(C)C,328.50
T0704,N#CCC(=O)NN,99.09
T0709,C[C@@H]1C/C=C/C=C/C=C/C=C/[C@H](O[C@@H]2O[C@H](C)[C@@H](O)[C@H](N)[C@@H]2O)C[C@@H]2O[C@](O)(C[C@@H](O)C[C@H]3O[C@@H]3/C=C/C(=O)O1)C[C@H](O)[C@H]2C(=O)O,665.73
T0718,O=c1[nH]c(=O)n([C@H]2C[C@H](O)[C@@H](CO)O2)cc1/C=C/Br,333.14
T0725,O=C(/C=C/c1ccc(O)cc1)c1ccc(O)cc1O,256.26
T0751,O=C1OCCN1/N=C/c1ccc([N+](=O)[O-])o1,225.16
T0762,C/C=C/c1ccc(OC)cc1,148.20
T0770,COC(=O)N/N=C/c1c[n+]([O-])c2ccccc2[n+]1[O-],262.23
T0773,Cc1nc(-c2ccc(OCC(C)C)c(C#N)c2)sc1C(=O)O,316.38
T0777,CC[C@H]1OC(=O)C[C@@H](O)[C@H](C)[C@@H](O[C@@H]2O[C@H](C)[C@@H](O)[C@H](N(C)C)[C@H]2O)[C@@H](CCN2C[C@H](C)C[C@H](C)C2)C[C@@H](C)C(=O)/C=C/C(C)=C/[C@@H]1CO[C@@H]1O[C@H](C)[C@@H](O)[C@@H](OC)[C@H]1OC,869.15
T0785,CN(C)CC[C@@H](c1ccc(Cl)cc1)c1ccccn1.O=C(O)/C=C\C(=O)O,390.87
T0797,CN=C(NC#N)NCCSCc1nc[nH]c1C,252.35
T0806,Cl.Cl.Fc1ccc(C(c2ccc(F)cc2)N2CCN(C/C=C/c3ccccc3)CC2)cc1,477.43
T0819,CO[C@@H]1[C@@H](O[C@@H]2O[C@H](C)[C@@H](O[C@H]3C[C@@](C)(O)[C@@H](O)[C@H](C)O3)[C@H](N(C)C)[C@H]2O)[C@@H](CC=O)C[C@@H](C)[C@@H](O[C@H]2CC[C@H](N(C)C)[C@@H](C)O2)/C=C/C=C/C[C@@H](C)OC(=O)C[C@H]1O,843.06
T0835,CC/C(=C(\c1ccccc1)c1ccc(OCCN(C)C)cc1)c1ccccc1.O=C(O)CC(O)(CC(=O)O)C(=O)O,563.65
T0852,CN1C2=CC(=O)/C(=N\NC(N)=O)C=C2CC1S(=O)(=O)[O-].[Na+],322.28
T0861,CC[C@H]1OC(=O)C[C@@H](O)[C@H](C)[C@@H](O[C@@H]2O[C@H](C)[C@@H](O[C@H]3C[C@@](C)(O)[C@@H](O)[C@H](C)O3)[C@H](N(C)C)[C@H]2O)[C@@H](CC=O)C[C@@H](C)C(=O)/C=C/C(C)=C/[C@@H]1CO[C@@H]1O[C@H](C)[C@@H](O)[C@@H](OC)[C@H]1OC.O=C(O)C(O)C(O)C(=O)O,1066.20
T0865,CN/C(=C/[N+](=O)[O-])NCCSCc1ccc(CN(C)C)o1.Cl,350.87
T0868,CO/N=C(\C(=O)N[C@@H]1C(=O)N2C(C(=O)[O-])=C(C[N+]3(C)CCCC3)CS[C@H]12)c1csc(N)n1.Cl.Cl.O,571.51
T0868L,CO/N=C(\C(=O)N[C@@H]1C(=O)N2C(C(=O)[O-])=C(C[N+]3(C)CCCC3)CS[C@H]12)c1csc(N)n1,480.57
T0896,Cl.O=C1OC(CN2CCOCC2)CN1/N=C/c1ccc([N+](=O)[O-])o1,360.75
T0903,C(=C\c1ccccc1)/CN1CCN(C(c2ccccc2)c2ccccc2)CC1,368.52
T0907,O=C(O)c1cc(/N=N/c2ccc(S(=O)(=O)Nc3ccccn3)cc2)ccc1O,398.40
T0911,CO/N=C(\C(=O)N[C@@H]1C(=O)N2C(C(=O)[O-])=C(COC(C)=O)CS[C@H]12)c1csc(N)n1.[Na+],477.46
T0932,C=CC1=C(C(=O)O)N2C(=O)[C@@H](NC(=O)/C(=N\OCC(=O)O)c3csc(N)n3)[C@H]2SC1,453.46
T0945,C/C=C/C[C@@H](C)[C@@H](O)[C@H]1C(=O)N[C@@H](CC)C(=O)N(C)CC(=O)N(C)[C@@H](CC(C)C)C(=O)N[C@@H](C(C)C)C(=O)N(C)[C@@H](CC(C)C)C(=O)N[C@@H](C)C(=O)N[C@H](C)C(=O)N(C)[C@@H](CC(C)C)C(=O)N(C)[C@@H](CC(C)C)C(=O)N(C)[C@@H](C(C)C)C(=O)N1C,1202.63
T0969,CO[C@H]1C[C@H](O[C@H]2[C@H](C)O[C@@H](O[C@@H]3/C(C)=C/C[C@@H]4C[C@@H](C[C@]5(C=C[C@H](C)[C@@H](C6CCCCC6)O5)O4)OC(=O)[C@@H]4C=C(C)[C@@H](O)[C@H]5OC/C(=C\C=C\[C@@H]3C)[C@]54O)C[C@@H]2OC)O[C@@H](C)[C@@H]1O,899.13
T0994,CN1CCC(=C2c3ccccc3CC(=O)c3sccc32)CC1.O=C(O)/C=C/C(=O)O,425.51
T0996,C#C[C@]1(OC(C)=O)CC[C@H]2[C@@H]3CCC4=C[C@@H](OC(C)=O)CC[C@@H]4[C@H]3CC[C@@]21C,384.52
T10002,C/C=C/CC1(CC)C(=O)NC(=O)NC1=O,210.23
T10017,CCCCC/C=C\C/C=C\CCCCCCCC(=O)OCC(O)CO,354.53
T1003,CC[C@H]1OC(=O)C[C@@H](O)[C@H](C)[C@@H](O[C@@H]2O[C@H](C)[C@@H](O[C@H]3C[C@@](C)(O)[C@@H](O)[C@H](C)O3)[C@H](N(C)C)[C@H]2O)[C@@H](CC=O)C[C@@H](C)C(=O)/C=C\C(C)=C\[C@@H]1CO[C@@H]1O[C@H](C)[C@@H](O)[C@@H](OC)[C@H]1OC,916.11
T10032,CS(=O)(=O)c1ccc(-c2cc(C#N)nn2-c2ccc(F)cc2)cc1,341.37
T10035,CCCCCCCCCCC#CC#CCCCCCCCCC(=O)O,346.56
T10038,CCCCCC/C=C\CCCCCCCCCCOC(C)=O,310.52
T10098,CC(C)(C)c1cc(/C=C2\CCOC2=O)cc(C(C)(C)C)c1O,302.41
T1010,COc1ccc(CCN(C)CCCC(C#N)(c2ccc(OC)c(OC)c2)C(C)C)cc1OC.Cl,491.07
T10142,C#Cc1ccc(C[C@H](N)C(=O)O)cc1,189.21
T10142L,C#Cc1ccc(C[C@H](N)C(=O)O)cc1.Cl,225.68
T10146,COc1ccc(C(=O)/C=C/c2ccc(O)cc2)c(O)c1CC=C(C)C,338.40
T10148,CCCCCC(O)/C=C/C=O,156.22
T10188,N#CN1CC[C@H](C(=O)Nc2ncc(N3CCOCC3)s2)C1,307.38
T10232,CC(=O)c1ccc2c(c1)N(CCCN1CCN(CCO)CC1)c1ccccc1S2.O=C(O)/C=C\C(=O)O.O=C(O)/C=C\C(=O)O,643.72
T10237,Cl.N#Cc1c(C2CCNCC2)cc(-c2c(O)cccc2OCC2CC2)nc1N,400.91
T10248,Cc1nccn1-c1sc(Nc2cnccn2)nc1-c1cccc(C#N)c1,359.42
T10276,CCn1c(-c2nonc2N)nc2c(C#CCO)ncc(OCCCN)c21,357.37
T10276L,CCn1c(-c2nonc2N)nc2c(C#CCO)ncc(OCCCN)c21.Cl,393.84
T1029,C[C@H]1[C@H](NC(=O)/C(=N\OC(C)(C)C(=O)O)c2csc(N)n2)C(=O)N1S(=O)(=O)O,435.44
T1030,Cc1ccc(/C(=C\CN2CCCC2)c2ccccn2)cc1.Cl.O,332.88
T10320,CC1(C)[C@H](NC(=O)c2cnn(CCO)c2)C(C)(C)[C@H]1Oc1ccc(C#N)c(Cl)c1,416.91
T10325,N#C/C(=C\c1ccc[nH]1)c1ccc(Cl)c(Cl)c1,263.13
T10340,N#CCCn1cc(C=C2C(=O)NC(=O)NC2=O)c(-c2ccccc2)n1,335.32
T10359,CC1(C)[C@H](N)C(C)(C)[C@H]1Oc1ccc(C#N)c(Cl)c1,278.78
T10374,C#CCN(C)C(=O)CCNc1nc(N2CCN(C(=O)C=C)CC2)c2cc(Cl)c(-c3c(O)cccc3F)c(F)c2n1,569.01
T10394L,Cl.c1ccc(Nc2nc(N/N=C3\CN4CCC3CC4)nc(N3CCCCC3)n2)cc1,428.97
T1040,C/C1=C2\[C@@H](CCC(N)=O)C(C)(C)/C(=C/C3=NC(=C(/C)C4=N[C@@](C)(C5N=C1[C@](C)(CCC(=O)NC[C@@H](C)OP(=O)([O-])O[C@H]1[C@@H](O)[C@@H](n6cnc7cc(C)c(C)cc76)O[C@@H]1CO)[C@H]5CC(N)=O)[C@@](C)(CC(N)=O)[C@@H]4CCC(N)=O)/[C@@](C)(CC(N)=O)[C@@H]3CCC(N)=O)[N]2[Co+][C]#N,1355.39
T10409,O=C(N/N=C/c1ccc(Cl)cc1)N1CCc2ncnc(Nc3cccc(C(F)(F)F)c3)c2C1,474.87
T10419,C=CC(=O)Nc1cc2c(Nc3ccc(F)c(Cl)c3)ncnc2cc1C#CC(C)(C)N1CCN(C)CC1.Cc1ccc(S(=O)(=O)O)cc1.Cc1ccc(S(=O)(=O)O)cc1,851.42
T1045,CC(CN(C)C)CN1c2ccccc2CCc2ccccc21.O=C(O)/C=C\C(=O)O,410.51
T10473,CC(=O)C1=C(C)N(c2cccc(C(F)(F)F)c2)C(=O)N[C@@H]1c1ccc(C#N)nc1,400.36
T10486,O=C1/C(=C/c2ccccc2)C(NC2CCCCC2)c2ccccc21,317.43
T1049,CCN(CC)CC#CCOC(=O)C(O)(c1ccccc1)C1CCCCC1.Cl,393.96
T1049L,CCN(CC)CC#CCOC(=O)C(O)(c1ccccc1)C1CCCCC1,357.49
T10509,N#Cc1cn(-c2ccc(C(=O)O)c(O)c2)c2cc(F)c(F)cc12,314.25
T1051,CC1=C(/C=C/C(C)=C/C=C/C(C)=C/C(=O)O)C(C)(C)CCC1,300.44
T10534,Cc1cc2cc(n1)-c1cnn(C)c1OCCC[C@@H](C)CN1/C(=N/C2=O)Nc2ccc(CN3CCN(C)CC3)cc21,542.69
T10554,COC(=O)/C=C/C(C)=C\C=C\C(C)=C\C=C\C=C(C)\C=C\C=C(C)\C=C\C(=O)O,394.51
T10565,Cc1cc(CN[C@H](CO)C(=O)O)c(OCc2cccc(C#N)c2)cc1OCc1cccc(-c2ccc3c(c2)OCCO3)c1C.Cl,631.13
T10566,CC1(C)Oc2ccc(C#N)cc2[C@H](N(Cc2ncc[nH]2)c2ccc(Cl)cc2)[C@H]1O,408.89
T10573,N#Cc1c(-c2ccccc2)nc2[nH]nc(-c3ccc(Cl)c(C(F)(F)F)c3)c2c1C1CC1,438.84
T10584,CCCCCC/C=C/C=C\CCCCCCCC(=O)O,280.45
T1059,CCCCCCCCCCCCCCCC(=O)OC/C=C(C)/C=C/C=C(C)/C=C/C1=C(C)CCCC1(C)C,524.87
T1062,COc1cc(CNC(=O)CCCC/C=C/C(C)C)ccc1O,305.42
T10630,CCN(CCCCOc1ccc(/C=C/C(=O)N2CCc3ccccc3C2)cc1OC)Cc1ccccc1,498.67
T10631L,CC(C)(Cc1c[nH]c2ccccc12)NCC(O)COc1ccccc1C#N.O=CO,409.49
T10643,CN1CCN(c2ccc(NC(=O)c3ccc(C#N)o3)c(N3CCCCC3)c2)CC1,393.49
T10649,CC1CCN(c2cc(N3CCN(C)CC3)ccc2NC(=O)c2cc(C#N)c[nH]2)CC1,406.53
T1067,C[C@@H]1[C@H](O)[C@@H](C)\C=C/C=C\C=C/C=C\C=C/C=C\C=C/[C@H](O[C@@H]2O[C@H](C)[C@@H](O)[C@H](N)[C@@H]2O)C[C@@H]2O[C@](O)(C[C@@H](O)C[C@@H](O)[C@H](O)CC[C@@H](O)C[C@@H](O)CC(=O)O[C@H]1C)C[C@H](O)[C@H]2C(=O)O,924.09
T10687,COc1cc(Nc2ncc3ccn(-c4cccc(CCC#N)c4)c3n2)cc(OC)c1OC,429.48
T1070,CO[C@@]1(NC(=O)CSCC#N)C(=O)N2C(C(=O)[O-])=C(CSc3nnnn3C)CS[C@@H]21.[Na+],493.53
T10703,N#Cc1ccc(N2CCN(Cc3ccc(COc4cccc5c4CN([C@H]4CCC(=O)NC4=O)C5=O)cc3)CC2)c(F)c1,567.62
T10704,COc1ncc2cc3ccccc3nc2c1C#N,235.25
T10706,COC(=O)/C(C#N)=C/c1ccc(-c2ccc(S(N)(=O)=O)cc2)o1,332.34
T10733,CCNC(=O)[C@]12CCC(C)(C)C[C@H]1[C@H]1C(=O)C=C3[C@@]4(C)C=C(C#N)C(=O)C(C)(C)[C@@H]4CC[C@@]3(C)[C@]1(C)CC2,518.74
T1075,CC1=C(C/C=C(\C)CCC[C@H](C)CCC[C@H](C)CCCC(C)C)C(=O)c2ccccc2C1=O,450.71
T10756,CCCCOCCOc1ccc(-c2ccc3c(c2)/C=C(/C(=O)Nc2ccc(S(=O)Cc4cncn4CCC)cc2)CCCN3CC(C)C)cc1.CS(=O)(=O)O,793.06
T10767,COCc1c(C(C)C)nc(C(C)C)c(/C=C/[C@@H](O)C[C@@H](O)CC(=O)[O-])c1-c1ccc(F)cc1.[Na+],481.54
T1077,COCCCC/C(=N\OCCN)c1ccc(C(F)(F)F)cc1.O=C(O)/C=C\C(=O)O,434.41
T10775,CC1CCN(c2ccc(CO)cc2NC(=O)c2ccc(C#N)o2)CC1,339.40
T1077L,COCCCC/C(=N\OCCN)c1ccc(C(F)(F)F)cc1,318.34
T10785,COc1cc(/C=C/C(=O)c2ccc(Cl)cc2)ccc1O.O,306.75
T10791,CNc1nc(Nc2cnc(C#N)c(O[C@@H]3CCCNC3)c2)ncc1-c1cnn(C)c1,405.47
T10792L,COc1cc(Br)cc(OCCCN)c1-c1cc(Nc2cnc(C#N)cn2)n[nH]1.Cl,480.75
T10800,CN1CCN(Cc2ccc(NC(=O)CCSc3ccc4c(/C=C/c5ccccn5)n[nH]c4c3)cc2C(F)(F)F)CC1,580.68
T10803,O=C(CC(=O)Nc1ccc2c(/C=C/c3ccccn3)n[nH]c2c1)Nc1cccc(F)c1,415.43
T10815,O=C(O)CNC(=O)/C=C/c1ccccc1,205.21
T10824,O=C(O)/C=C\c1cnc[nH]1,138.13
T10865,N#Cc1cnc2c(Cl)cc(NCc3cn(CCN4CCCCCC4)nn3)cc2c1Nc1ccc(F)c(Cl)c1,553.47
T10865L,Cl.N#Cc1cnc2c(Cl)cc(NCc3cn(CCN4CCCCCC4)nn3)cc2c1Nc1ccc(F)c(Cl)c1,589.93
T10866,CCN1CCC(n2cc(CNc3cc(Cl)c4ncc(C#N)c(Nc5ccc(F)c(Cl)c5)c4c3)nn2)CC1,539.45
T10872L,Cc1nc2cnccc2n1-c1ccc(OCc2cccc(/C=C/c3nc4cc(F)ccc4s3)c2)cc1,492.58
T10883,CN(C)CCOc1ccc2[nH]c(C(=O)NCC#Cc3ccc(C(=O)NO)cc3)cc2c1,420.47
T10883L,CN(C)CCOc1ccc2[nH]c(C(=O)NCC#Cc3ccc(C(=O)NO)cc3)cc2c1.Cl,456.93
T10886,COC(=O)/C(C)=C/C=C/C(C)=C/C=C/C=C(C)/C=C/C=C(\C)C(=O)OC,356.46
T1096,Cc1[nH]c(=O)c(C#N)cc1-c1ccncc1,211.22
T10960,CC(C)(C)c1cc(/C=C2\SC(N)=NC2=O)cc(C(C)(C)C)c1O,332.47
T10960L,CC(C)(C)c1cc(/C=C2\SC(N)=NC2=O)cc(C(C)(C)C)c1O.CS(=O)(=O)O,428.58
T10961,CN1CCN(C(=O)/C=C2/c3ccccc3NC(=O)c3ccccc32)CC1,347.42
T10965,CN(C)C/C=C/C(=O)Nc1cccc(-c2c(-c3ccccc3)oc3ncnc(N[C@H](CO)c4ccccc4)c23)c1,533.63
T1102,CC#CC1(O)CCC2C3CCC4=CC(=O)CCC4=C3C(c3ccc(N(C)C)cc3)CC21C,429.60
T11020,N#C/C(=N\O)C(=O)Nc1ccc(-c2ccccc2)cc1,265.27
T11021,Cc1ccc(NC(=O)/C(C#N)=N/O)cc1,203.20
T11027,C/C(O)=C(\C#N)C(=O)Nc1ccc(-c2ccccc2Cl)cc1Cl,347.20
T11030,C/C(O)=C(\C#N)C(=O)Nc1ccc(-c2ccccc2Cl)cc1,312.76
T11053,O=C(/C=C\Nc1cccc([N+](=O)[O-])c1)c1ccccc1,268.27
T11060,C/C1=C\CC[C@@]2(C)O[C@@H]2[C@H]2OC(=O)[C@H](CN(C)C)[C@@H]2CC1,293.41
T11071,O=C(C(c1ccccc1)c1ccccc1)N1CCN(CC(O)COc2cccc3ncccc23)CC1.O=C(O)/C=C/C(=O)O,597.67
T11079,CC/C=C\C/C=C\C/C=C\C/C=C\C/C=C\C/C=C\CCC(=O)NCCc1ccc(O)c(O)c1,463.66
T11086,CCCCCCCC/C=C\CCCCCCCC(=O)OCC(C[N+](C)(C)C)OC(=O)CCCCCCC/C=C\CCCCCCCC.[Cl-],698.56
T1109,COc1cc(CNC(=O)CCCC/C=C\C(C)C)ccc1O,305.42
T11090L1,COc1cccc2c1C(=O)c1c(O)c3c(c(O)c1C2=O)C[C@@](O)(/C(CO)=N/NC(=O)CCCCCN1C(=O)C=CC1=O)C[C@@H]3O[C@H]1C[C@H](N)[C@H](O)[C@H](C)O1.Cl,787.22
T11098,CC/C(=C(/c1ccc(OCCN(C)C)cc1)c1cccc(O)c1)c1ccccc1,387.52
T11101,CC1(C)N=C(C2CCCCC2)c2ccc(C#N)cc2N(c2ccc(NCCNC3CCOCC3)cc2)C1=O,513.69
T1111,C[n+]1ccccc1/C=N/O.[Cl-],172.62
T11110,N#Cc1nc2c(nc1C#N)-c1ccccc1/C2=N\OCc1ccccc1,337.34
T11111,CCO/N=C1\c2ccccc2-c2nc(C#N)c(C#N)nc21,275.27
T11112,C=CCO/N=C1\c2ccccc2-c2nc(C#N)c(C#N)nc21,287.28
T11137,CC(C)(C)c1cc(/C=C/C(=O)C(=O)O)cc(C(C)(C)C)c1O,304.39
T11138L,CC(C)Oc1ccc(-n2cnc3cc(/C=C\c4ccc(C(C)(C)O)cc4)ccc32)cc1,412.53
T11150,COc1cc2c(cc1O)CCN[C@]21CS[C@@H]2c3c(OC(C)=O)c(C)c4c(c3[C@H](COC1=O)N1[C@@H]2[C@H]2c3c(cc(C)c(OC)c3O)C[C@@H]([C@@H]1C#N)N2C)OCO4,770.86
T1117,C#CCN(C)CCCOc1ccc(Cl)cc1Cl.Cl,308.64
T11170,Cc1c(C(=O)N2CCN(C(=O)c3ccc(Br)cc3)[C@@H](c3ccc(Cl)cc3)C2)cnn1-c1cccc(C#N)c1,588.89
T1119,C#CCN[C@@H]1CCc2ccccc21,171.24
T11209,CCCC(NC(=O)/C(C#N)=C/c1nc(Cl)ccc1Cl)c1ccc(OCCN2CCOCC2)cc1,503.43
T11213,CC#C/C(=N\OC[C@H]1COCCN1)c1ccc2ncnc(Nc3ccc(OCc4cccc(F)c4)c(Cl)c3)c2c1.Cl,596.49
T11217,CN(C)CCO/N=C(/C=C/c1ccc(O)cc1)c1ccccc1F,328.39
T11218,Oc1ccc(/C=C/c2cc(O)cc3c2[C@@H](c2cc(O)cc(O)c2)[C@H](c2ccc(O)cc2)O3)cc1,454.48
T11234,Cc1ccc(C)c(CSc2nc(=O)c(C#N)c(C3CCCCC3)[nH]2)c1,353.49
T11263,N#C[C@@H]1CCCN1C(=O)CNC(=O)c1ccnc2ccc(OCCCN3CCN(C(=O)CN4CCN(CC(=O)O)CCN(CC(=O)O)CCN(CC(=O)O)CC4)CC3)cc12,836.95
T11282,Cn1cncc1CN(CCN(CC1CCCCC1)S(=O)(=O)c1ccccn1)c1ccc(C#N)cc1F,510.64
T11284,CN(C)c1ccc(/C=C/c2c(F)cccc2F)cc1,259.30
T11297L,CCCNc1nc(Nc2ccc(C#N)cc2)ncc1C#CCCCNC(=O)[C@H](C)N(C)C(=O)/C=C/CN(C)C,530.68
T11307,CO/N=C/NC(=O)c1ccc(C2=NOC(c3cc(Cl)cc(Cl)c3)(C(F)(F)F)C2)cc1C,474.27
T11309,CN(C)C/C=C/C(=O)Nc1cccc(S(=O)(=O)N2CCC(NC(=O)c3n[nH]cc3NC(=O)c3c(Cl)cc(Cl)cc3Cl)CC2)c1,683.02
T11321,CCN(C/C=C/C#CC(C)(C)C)Cc1cccc(OCC(C)(C)OCc2ccsc2)c1,439.67
T11346L,CC(=O)O.CC(N)C(=O)NC(CC(N)=O)C(=O)NC(C(=O)N1CCCC1C(=O)NC(CS)C(=O)NCC(=O)N1CCCC1C(=O)NC(Cc1ccc(O)cc1)C(=O)NC(C(=O)NC(Cc1cnc[nH]1)C(=O)NC(CC(=O)O)C(=O)NC(CS)C(=O)N1CCCC1C(=O)NC(C(=O)NC(CCCCN)C(=O)NC(CCCN=C(N)N)C(=O)O)C(C)C)C(C)O)C(C)O,1819.06
T11353,COc1ccc(CCN(C)CCCC(C#N)(c2cc(OC)c(OC)c(OC)c2)C(C)C)cc1OC,484.64
T11353L,COc1ccc(CCN(C)CCCC(C#N)(c2cc(OC)c(OC)c(OC)c2)C(C)C)cc1OC.Cl,521.10
T11366,C=C(C)[C@@H](CC=C(C)C)C[C@@]12C[C@@H](CC=C(C)C)C(C)(C)[C@@](CC=C(C)C)(C(=O)/C(=C(\O)c3ccc(O)c(O)c3)C1=O)C2=O,602.81
T11374,Nc1ncc(C#Cc2c(F)ccc(NS(=O)(=O)c3cc(Cl)cc(CO)c3Cl)c2F)cn1,485.30
T11375,COc1ncc(Cl)cc1S(=O)(=O)Nc1ccc(F)c(C#Cc2cnc(N)nc2)c1F,451.84
T11388,Cc1c(F)cccc1CCCCOc1ccc(C#Cc2ccc(F)c3c(CCCC(=O)O)c(C)n(CCCC(=O)O)c23)cc1,601.69
T11409,C#CCNC(=O)C(=O)c1c(C)c(C(=O)Nc2ccc(F)c(F)c2)n(C)c1C,373.36
T11410L,CN1C(=O)N(c2ccc(C#N)c(C(F)(F)F)c2)C(=O)[C@@]1(CO)c1ccccc1,389.33
T11411,O=c1nc(OC[C@@H]2COCCO2)cc2n1CCc1cc(C#CC3CC3)ccc1-2,378.43
T1145,CC(=O)NCC(=O)O.CC(=O)NCC(=O)O.N=C(N)c1ccc(/N=N/Nc2ccc(C(=N)N)cc2)cc1,515.53
T11465,CC(C)(C#Cc1ccc(-c2ccc(Cl)c3c(NS(C)(=O)=O)nn(CC(F)(F)F)c23)c([C@H](Cc2cc(F)cc(F)c2)NC(=O)Cn2nc(C(F)(F)F)c3c2C(F)(F)[C@@H]2C[C@H]32)n1)S(C)(=O)=O,968.30
T11467,O=C1Nc2ccccc2/C1=C/c1ccccn1,222.25
T11469,CCc1c(C#N)c(S[C@@H](C(N)=O)c2ccccc2)nc(N(C)C)c1C#N,365.46
T11485,N#Cc1c(N)[nH]c2cc(/C=C/c3cccc(F)c3)ccc12,277.30
T1151,CC[C@H]1OC(=O)[C@H](C)[C@@H](O[C@H]2C[C@@](C)(OC)[C@@H](O)[C@H](C)O2)[C@H](C)[C@@H](O[C@@H]2O[C@H](C)C[C@H](N(C)C)[C@H]2O)[C@](C)(O)C[C@@H](C)/C(=N\OCOCCOC)[C@H](C)[C@@H](O)[C@]1(C)O,837.06
T11533,O=C1S/C(=C\c2ccc(OCc3ccc(B(O)O)cc3)cc2)C(=O)N1Cc1ccc(F)cc1,463.30
T11538,NC(=S)n1nc(-c2ccc([N+](=O)[O-])cc2)c(/N=N/c2cccc(Cl)c2)c1O,402.82
T1154,CO[C@H]1/C=C\O[C@@]2(C)Oc3c(C)c(O)c4c(O)c(c5c(nc6cc(C)ccn65)c4c3C2=O)NC(=O)/C(C)=C\C=C/[C@H](C)[C@H](O)[C@@H](C)[C@@H](O)[C@@H](C)[C@H](OC(C)=O)[C@@H]1C,785.89
T11546,CC(O)=C(C#N)C(=O)Nc1ccc(-c2ccccc2)cc1,278.31
T11557,Cc1cc(C)c(-c2[nH]nc(C)c2C)cc1C(=O)N1CC(c2ccc(C#N)cc2)C1,384.48
T11561,CS(=O)(=O)c1ccc(Oc2cc(F)cc(C#N)c2)c2c1C(O)C(F)C2,365.36
T11569,CCOc1cc2ncc(C#N)c(Nc3ccc(OCc4cccc(F)c4)c(Cl)c3)c2cc1NC(=O)/C=C/CN(C)C,574.06
T1157,CO/N=C1/C[C@]2(C[C@@H]3C[C@@H](C/C=C(\C)C[C@@H](C)/C=C/C=C4\CO[C@@H]5[C@H](O)C(C)=C[C@@H](C(=O)O3)[C@]45O)O2)O[C@H](/C(C)=C/C(C)C)[C@H]1C,639.83
T11593,COc1cc(/C=C(\C#N)C(=O)c2ccc(O)c(O)c2)cc(I)c1O,437.19
T1160,CC(=O)O[C@H]1C[C@@]2(C)[C@@H](C[C@@H](O)[C@H]3[C@@]4(C)CC[C@@H](O)[C@@H](C)[C@@H]4CC[C@@]32C)/C1=C(\CCC=C(C)C)C(=O)O,516.72
T11680,C=CCC12C=C(OC)C(=O)C(OC)(OC)C1C1C(/C=C/C)=CC2(OC)C(=O)C1(OC)OC,448.51
T11699,CC[N+]1(C/C2=C/CCCCCC2)CCC(NC(=O)C2c3cc(Cl)ccc3Oc3ccc(Cl)cc32)CC1.[I-],655.45
T1170,CN(C)CC/C=C1/c2ccccc2COc2ccc(CC(=O)O)cc21.Cl,373.88
T1172,N#CC(c1ccc(Cl)cc1)c1c(Cl)cc(-n2ncc(=O)[nH]c2=O)cc1Cl,407.64
T11734,CC1=C(CC(=O)O)c2cc(F)ccc2/C1=C\c1ccc(C(C)C)cc1,336.41
T11742,COc1cc(/C=C/CCCN2CCCN(CCC/C=C/c3cc(OC)c(OC)c(OC)c3)CC2)cc(OC)c1OC,568.76
T11742L,COc1cc(/C=C/CCCN2CCCN(CCC/C=C/c3cc(OC)c(OC)c(OC)c3)CC2)cc(OC)c1OC.Cl.Cl,641.68
T11748,CC(=O)N1c2ccccc2[C@@](C#N)(c2ccccc2)[C@@H]1c1cncc(CCCCCCCN2CCCC2)c1,506.69
T11757,C[C@]1(O)CCN(c2nc(N3C[C@H](O)[C@@H](O)C3)cc(C(F)(F)F)c2C#N)C1,372.35
T11766L,NC(=O)/C(=C/n1cnc(-c2cc(C(F)(F)F)cc(C(F)(F)F)c2)n1)c1cncnc1,428.30
T11823,N#Cc1ncc2cc(COc3ccc(C(=O)NCc4cccnc4)cc3)n(CCC3CCCCC3)c2n1,494.60
T1183,CC1=C(/C=C/C(C)=C/C=C/C(C)=C/CO)C(C)(C)CCC1,286.46
T11855,CCCCCCCCCCCCCCCC1C(CP(=O)(O)O)OC(COC2OC(COC3(C(=O)O)CC(OC4(C(=O)O)CC(OC5(C(=O)O)CC(O)C(O)C(C(O)CO)O5)C(O)C(C(O)CO)O4)C(OC4OC(C(O)CO)C(OP(=O)(O)OP(=O)(O)OCCN)C(OC5OC(C(O)COC6OCC(O)(C(O)CO)C(O)C6O)C(OP(=O)(O)O)C(OC6OC(COC7OC(CO)C(O)C(O)C7O)C(O)C(OC7OC(CO)C(O)C(O)C7OC7OC(CO)C(OC8OC(CO)C(O)C(OC9OC(C)C(OC%10OC(CO)C(O)C(OC%11OC(C)C(O)CC%11O)C%10OC%10OC(CO)C(O)C(O)C%10O)C(O)C9O)C8O)C(O)C7OC7OC(CO)C(O)C(O)C7NC(C)=O)C6O)C5O)C4O)C(C(O)CO)O3)C(OP(=O)(O)O)C(OC(=O)CC(CCCCCCCCCCC)OC(=O)CCCCCCCCCCCCC)C2NC(=O)CC(CCCCCCCCCCC)OC(=O)CCCCCCCCCCC)C(O)C1OC(=O)CC(O)CCCCCCCCCCC,4899.96
T11874,N#Cc1cc(NS(=O)(=O)c2ccc(N)cc2)ccc1Oc1ccc(Cl)c(C(F)(F)F)c1,467.86
T11882,COc1ccc(-c2c(-c3ccc(C#N)c(F)c3)nc(N3CCC(N)CC3)n(C)c2=O)cc1F.O=S(=O)(O)c1ccccc1,609.66
T1190,CO/N=C(\C(=O)N[C@@H]1C(=O)N2C(C(=O)O)=C(CSc3nnnn3C)CS[C@H]12)c1csc(N)n1.CO/N=C(\C(=O)N[C@@H]1C(=O)N2C(C(=O)O)=C(CSc3nnnn3C)CS[C@H]12)c1csc(N)n1.Cl,1059.60
T11947,COc1ccc(Cn2cc(C(=O)N/N=C3\C(=O)Nc4c(C)cccc43)nn2)cc1,390.40
T1197,CCC(COC(=O)c1cc(OC)c(OC)c(OC)c1)(c1ccccc1)N(C)C.O=C(O)/C=C\C(=O)O,503.55
T11979,COc1ccc(C#Cc2ccccc2)c(CCC(C)N(C)CCc2ccc(OC)c(OC)c2)c1,457.61
T11980,O=C1CCC(N2Cc3c(C#CCCCNC(=O)c4ccc(NC(=O)[C@@H]5NC6(CCCCC6)[C@@]6(C(=O)Nc7cc(Cl)ccc76)[C@H]5c5cccc(Cl)c5F)cc4)cccc3C2=O)C(=O)N1,889.81
T11993,CNC(=O)c1ccc2c(c1)NC(=O)/C2=C(\Nc1cccc(CN(C)C)c1)c1ccccc1,426.52
T11997,COC(=O)c1ccc2c(c1)/C(=C(/Nc1ccc(N(C)C(=O)CN3CCN(C)CC3)cc1)c1ccccc1)C(=O)N2,539.64
T12001,CC(C)=CCC/C(C)=C/CC/C(C)=C/CC/C(C)=C/CC/C(C)=C/CC/C(C)=C/CC/C(C)=C/CC1=C(C)C(=O)c2ccccc2C1=O,649.02
T12012,COc1cncc(C#Cc2ccccn2)c1,210.24
T12041,Cc1cs/c(=N\C2CCCCC2)n1/N=C/c1ccc(O)c(O)c1O,347.44
T12074,CC(/C=C1\SC(=S)N(CCCC(=O)Nc2ccc(C(=O)O)c(O)c2)C1=O)=C\c1ccccc1,482.58
T12095,COC(=O)/C=C/C(=O)O,130.10
T12125,CN1C(=O)C2(C(C#N)=C(N)OC3=C2C(=O)CCC3)c2ccccc21,321.34
T12142,COc1ccc(CCNC(=O)/C=C/c2ccc(O)c(O)c2)cc1,313.35
T12146,N#Cc1ncc(N2C(=O)C3(CCC3)N(c3ccc(C(N)=O)c(F)c3)C2=S)cc1C(F)(F)F,463.42
T12148,CC/C(=C(\c1ccccc1)c1ccc(OCCNC)cc1)c1ccccc1.Cl,393.96
T1216,CC/C(=C(/CC)c1ccc(O)cc1)c1ccc(O)cc1,268.36
T12188,Cc1cc(C#N)cnc1C(=O)Nc1ccc(F)c([C@]2(C)CO[C@@](C)(C(F)(F)F)C(N)=N2)c1,449.41
T12196,CS(=O)(=O)N1CCN(C(=O)c2cnc3ccc(F)cc3c2N2CCC(C#N)(c3ccccc3)CC2)CC1,521.62
T1223,CO/N=C(\C(=O)N[C@@H]1C(=O)N2C(C(=O)[O-])=C(CSc3nc(=O)c([O-])nn3C)CS[C@H]12)c1csc(N)n1.CO/N=C(\C(=O)N[C@@H]1C(=O)N2C(C(=O)[O-])=C(CSc3nc(=O)c([O-])nn3C)CS[C@H]12)c1csc(N)n1.O.O.O.O.O.O.O.[Na+].[Na+].[Na+].[Na+],1323.22
T1224,CO/N=C(\C(=O)N[C@@H]1C(=O)N2C(C(=O)[O-])=C(COC(N)=O)CS[C@H]12)c1ccco1.[Na+],446.37
T12261,C/C(NO)=C1\C=NC(=O)NC1=O,169.14
T12266L,C[C@H](Nc1cc(-c2cnn(C)c2)cc(Nc2cnccn2)n1)c1ccc(F)cc1.O=C(O)/C=C\C(=O)O,505.51
T12268,CC(C)(C)NC(=O)NS(=O)(=O)c1cc(C#N)ccc1Oc1cccc(-c2ccc(OC(F)F)cc2)c1,515.54
T1227,CO/N=C(\C(=O)N[C@@H]1C(=O)N2C(C(=O)OC(C)OC(C)=O)=C(COC(N)=O)CS[C@H]12)c1ccco1,510.48
T12284,C#CCOc1ccc(C[C@H](N)C(=O)N[C@H]2[C@@H](O)[C@H](n3cnc4c(N(C)C)ncnc43)O[C@@H]2CO)cc1,495.54
T12295,CCCCCCCC/C=C\CCCCCCCC(=O)O[C@H](CC(=O)[O-])C[N+](C)(C)C,425.65
T12296,CCCCCCCC/C=C\CCCCCCCC(=O)NCCO,325.54
T12297,COC(=O)C1=COC(O[C@@H]2O[C@H](CO)[C@@H](O)[C@H](O)[C@H]2O)/C(=C/C(=O)O)C1CC(=O)OCCc1ccc(O)c(O)c1,570.50
T12302,CCCCCCCC/C=C\CCCCCCCC(=O)N[C@H](CO)Cc1ccc(O)cc1,431.66
T12303,CCCCCCCC/C=C\CCCCCCCC(=O)N[C@@H](CO)Cc1ccc(O)cc1,431.66
T12306,CCCCCCCC/C=C\CCCCCCCC(=O)NNCc1ccc(O)c(OC)c1,432.65
T12307,CCCCC/C=C\C/C=C\C/C=C\C/C=C\CCCC(=O)NNCc1ccc(O)c(OC)c1,454.66
T12311,CC#CC(=O)N1CC[C@@H](n2c(=O)n(-c3ccc(Oc4ccccc4)cc3)c3c(N)ncnc32)C1.Cl,490.95
T1232,COc1ccc(CN(CCN(C)C)c2ccccn2)cc1.O=C(O)/C=C\C(=O)O,401.46
T12323,CC(=O)c1cc(C(=O)N[C@@H](C)Cn2ccc(-c3ccc(C#N)c(Cl)c3)n2)[nH]n1,396.84
T12330,O=C(NCCCc1cn[nH]c1)c1ccc(-c2ccncc2)c(C#Cc2ccc(F)cc2)c1,424.48
T12339,C[N+](C)(C)CC#CCN1CCCC1=O.[I-],322.19
T12359,N#C/C(=C\c1cccnc1)c1c[nH]c2ccccc12,245.29
T1239,CCc1cc2c(cc1CC)CC(NC[C@H](O)c1ccc(O)c3[nH]c(=O)ccc13)C2.O=C(O)/C=C\C(=O)O,508.57
T12408,C1CCC(C(CC2CCCCN2)C2CCCCC2)CC1.O=C(O)/C=C\C(=O)O,393.57
T124192,CC(=O)O[C@@H]1C[C@@H](OC(C)=O)C(C)(C)/C=C/[C@H](C)[C@H](OC(C)=O)[C@@]2(O)C[C@H](C)[C@H](OC(=O)c3ccccc3)[C@@H]2/C=C/1C,584.71
T124200,C/C=C/C=C/C(=O)c1cc(C)c(O)c(C)c1O,232.28
T12431,N#Cc1ccc(COc2cccc(C3CCN(Cc4nc5ccc(C(=O)O)cc5n4C[C@@H]4CCO4)CC3)n2)c(F)c1,555.61
T12438,N#CC(C(=O)Nc1ccc(C(F)(F)F)cc1)=C(O)C1CC1,296.25
T124384,CC/C=C\C[C@H]1C(=O)CC[C@@H]1CC(=O)O,210.27
T124477,O=C(OC[C@H]1O[C@@H](Oc2ccc(/C=C/c3cc(O)cc(O)c3)cc2)[C@H](O)[C@@H](O)[C@@H]1O)c1cc(O)c(O)c(O)c1,542.49
T12452,CC(C)=CCC/C(C)=C/CC(C/C=C(\C)CCC=C(C)C)(P(=O)([O-])[O-])P(=O)([O-])[O-].[Na+].[Na+].[Na+].[Na+],536.41
T124587,C=C1C(=O)O[C@H]2/C=C(\C)CC/C=C(/C(=O)O)CC/C=C(/C)CC[C@H]12,330.42
T12462,CC(=O)N1CCN(c2cc(-c3cc(C(F)(F)F)c4c(N)ncnn34)ccc2C#N)C(=O)C1(C)C,471.44
T124755,C\C(C=O)=C/C=C/C=C(\C)C=O,164.20
T12478,CC(N/C(=N/c1ccncc1)NC#N)C(C)(C)C.O,263.35
T12478L,CC(N=C(NC#N)Nc1ccncc1)C(C)(C)C,245.33
T12489L,CN1CCC(=C2c3ccccc3Sc3ccccc32)CC1.O=C(O)/C=C\C(=O)O,409.51
T12490,O=C1C[C@H](O)C[C@@H](/C=C/c2c(C3CC3)nc3ccccc3c2-c2ccc(F)cc2)O1,403.45
T125062,COc1ccc(/C=C/C(=O)O)c(O[C@@H]2O[C@H](CO)[C@@H](O)[C@H](O)[C@H]2O)c1,356.33
T125099,CC(C)(O)/C=C/C(=O)[C@](C)(O)[C@H]1[C@H](O)C[C@@]2(C)[C@@H]3CC=C4[C@@H](C=C(O[C@@H]5O[C@H](CO)[C@@H](O)[C@H](O)[C@H]5O)C(=O)C4(C)C)[C@]3(C)C(=O)C[C@]12C,676.80
T125115,CC(C)C[C@@H]1NC(=O)[C@@H]2CCCN2C1=O,210.28
T125211,C=C1CC[C@H]2[C@@H](/C=C(/C)C(=O)[C@@]3(OC(C)=O)C[C@H](C)[C@H](OC(=O)Cc4ccccc4)[C@@H]3[C@H]1OC(C)=O)C2(C)C,536.67
T12527L,Cc1cc(OC/C=C(/c2ccc(F)cc2)c2ccc(C#CCN3CCOCC3)cc2)ccc1OCC(=O)O.Cl,552.04
T12531,N#CC1(c2ccccn2)CCN(Cc2cc(C(=O)O)c(=O)n3ccccc23)CC1,388.43
T12532,COc1cc(/C=C/C(=O)OCC2CCN(Cc3ccccc3)CC2)ccc1O,381.47
T12542,CC(C)(/C=C(\C#N)C(=O)N1CCC[C@@H](n2nc(-c3ccc(Oc4ccccc4)cc3F)c3c(N)ncnc32)C1)N1CCN(C2COC2)CC1,665.77
T125462,COc1cc(/C=C/c2cc(O)cc(O[C@@H]3O[C@H](CO)[C@@H](O)[C@H](O)[C@H]3O)c2)ccc1O[C@@H]1O[C@H](CO)[C@@H](O)[C@H](O)[C@H]1O,582.56
T12549,C#CCOc1ccc(Nc2nc(Nc3ccc(C)c(S(=O)(=O)NC(=O)CC)c3)ncc2F)cc1,483.53
T12577,N#Cc1ccc2cc(Br)c(C(F)(F)P(=O)(O)O)cc2c1,362.07
T12584,Cc1c(-c2cccc(S(=O)(=O)N(C)C)c2)c2cc(C(=O)O)ccc2n1C/C(F)=C/CN.Cl,481.98
T12585,Cc1c(-c2cccc(S(=O)(=O)N(C)C)c2)c2ncccc2n1C/C(F)=C/CN.Cl.Cl,475.42
T1259,CN1CCCN=C1/C=C/c1cccs1.O=C(O)c1cc2ccccc2c(Cc2c(O)c(C(=O)O)cc3ccccc23)c1O,594.69
T125901,C=C1CC[C@@H]2[C@](C)(CO)[C@H](O)CC[C@@]2(C)[C@@H]1C/C=C1/C(=O)OC[C@@H]1O,350.46
T125931,CC(=O)OC(C)(C)/C=C/C(=O)[C@](C)(O)[C@H]1[C@H](O)C[C@@]2(C)[C@@H]3CC=C4[C@@H](C=C(O[C@@H]5O[C@H](CO)[C@@H](O)[C@H](O)[C@H]5O)C(=O)C4(C)C)[C@]3(C)C(=O)C[C@]12C,718.84
T12594,CCOc1cc2ncc(C#N)c(Nc3ccc(OCc4ccccn4)c(Cl)c3)c2cc1NC(=O)/C=C/[C@H]1CCCN1C.O=C(O)/C=C\C(=O)O.O=C(O)/C=C\C(=O)O,815.24
T12596,CN1CC/C(=N\O)c2ccn(CCCCN3CCC(C(=O)c4ccc(F)cc4)CC3)c2C1=O,454.55
T12613L,CC1=C(C#N)[C@@H](c2ccc(C#N)cc2S(C)(=O)=O)N(C)C(=O)N1c1cccc(C(F)(F)F)c1,474.46
T1263,C#C[C@]1(O)CC[C@H]2[C@@H]3CCC4=CC(=O)CC[C@@H]4[C@H]3CC[C@@]21CC,312.45
T126461,COc1cc(-c2c(C)cc(O[C@@H]3O[C@H](CO)[C@@H](O)[C@H](O)[C@H]3O)cc2O[C@@H]2O[C@H](CO)[C@@H](O)[C@H](O)[C@H]2OC(=O)/C=C/c2ccc(O)cc2)oc(=O)c1,718.66
T12675L,N#Cc1cc(F)cc(Oc2ccc(S(=O)(=O)C(F)F)c3c2CC(F)(F)[C@H]3O)c1,419.33
T12715,Cc1cc(/C=C/C#N)cc([N+](=O)[O-])c1Nc1nc(Nc2ccc(C#N)cc2)nc2ccccc12,447.46
T12717,Cc1nc(C#Cc2ccnc(Cl)c2)c(C)n1-c1ccc(F)cc1,325.77
T12738L1,CNCC/C=C/c1cccnc1.Cl.Cl,235.16
T12753,CC(C)n1c(=O)n(CC2CC2)c(=O)c2cc(NC(=O)N3CCO[C@@H](C(=O)Nc4ccc(C#N)c(Cl)c4)C3)ccc21,565.03
T12758L,C[C@@H](CN1CCC(Cc2ccccc2)CC1)[C@@H](O)c1ccc(O)cc1.O=C(O)/C=C\C(=O)O,455.55
T12770,CCOC(=O)/C=C/C(=O)N(CC(N)=O)NC(=O)[C@H](C)NC(=O)[C@H](C)NC(=O)OCc1ccccc1,491.50
T12781,Oc1cc(O)cc(/C=C/c2ccnc3ccccc23)c1,263.30
T1279,N#Cc1ccc2[nH]cc(CCCCN3CCN(c4ccc5oc(C(N)=O)cc5c4)CC3)c2c1,441.54
T12821,CCC/N=C1\S/C(=C\c2ccc(OC(C)=O)c(C)c2)C(=O)N1c1ccccc1C,408.52
T12830,CCCCCCCCC/C=C\CCCCC(=O)[O-].[Na+],276.40
T12834,CC[O]1C(Cc2ccc(OCCn3c(C)ccc3-c3ccc(SC)cc3)cc2)C(=O)[O-]->[Mg+2]<-12<-[O-]C(=O)C(Cc1ccc(OCCn3c(C)ccc3-c3ccc(SC)cc3)cc1)[O]->2CC,901.44
T12846,CC(C)(CC1Cc2ccccc2C1)NC[C@@H](O)COc1cc(CCC(=O)O)ccc1C#N,436.55
T12849,N#Cc1ccc(O[C@@H]2c3ccccc3C[C@H]2N2CCC[C@@H](N)C2)c(Cl)c1,367.88
T12856,N#CC(CCCN1CCN(N=Cc2cccnc2)CC1)(c1ccccc1)c1ccccc1,423.56
T12861,N#Cc1ccc2c(c1)CCN(CC[C@H]1CC[C@H](NC(=O)c3ccnc4ccccc34)CC1)C2,438.58
T1288,C/C(=C\c1ccc(C(=O)O)cc1)c1ccc2c(c1)C(C)(C)CCC2(C)C,348.49
T1289,CC(=O)O[C@H]1C[C@@]2(C)[C@@H](C[C@@H](O)[C@H]3[C@@]4(C)CC[C@@H](O)[C@@H](C)[C@@H]4CC[C@@]32C)/C1=C(\CCC=C(C)C)C(=O)[O-].[Na+],538.70
T12897L,Cc1n[nH]c2c1C(c1cc(CO)cc(-c3ccccc3)c1)(C(C)C)C(C#N)=C(N)O2,400.48
T1290,Clc1ccc(CO/N=C(\Cn2ccnc2)c2ccc(Cl)cc2Cl)c(Cl)c1.O=[N+]([O-])O,492.15
T12900L,CN1CCC2=C(C1)c1ccccc1Cc1ccccc12.O=C(O)/C=C\C(=O)O,377.44
T12902,Cc1n[nH]c2c1C(c1cc(Cl)cc(Cl)c1)(C1CCC1)C(C#N)=C(N)O2,375.26
T12913,CNC(=Nc1ccc(C2=NNC(=O)CC2C)cc1)NC#N,284.32
T12928,CC(O)(COc1cc(C(F)(F)F)cc(C(F)(F)F)c1)C(=O)Nc1ccc(C#N)c(C(F)(F)F)c1,500.32
T12970,O=C(O)c1cccc(-c2cccc(NCCNC[C@H](O)c3cccc(Cl)c3)c2)c1,410.90
T12981,COc1cc(/C=C/C2=CC(=O)[C@H]3C[C@@H]2C3(C)C)cc(O)c1O,300.35
T13000,COc1ccc2c(C(=O)Nc3ccc(NC(=O)c4nn(C5CCN(C(=O)CC(C)(C)C#N)CC5)c5ccc(F)cc45)cc3Cl)cnn2c1,671.13
T13009,COc1cc(/C=C/c2ccc(NC(=O)/C=C/c3cc(OC)c(OC)c(OC)c3)cc2)cc(OC)c1,475.54
T1303,CC[P](CC)(CC)[Au+]<-[SH-][C@@H]1O[C@H](COC(C)=O)[C@@H](OC(C)=O)[C@H](OC(C)=O)[C@H]1OC(C)=O,679.50
T13031,[2H]c1c([2H])c(S(=O)(=O)Nc2cc(C)on2)c([2H])c([2H])c1N,257.31
T13036L,CCCCCCCC/C=C\CCCCCCCC(=O)ON1C(=O)CC(S(=O)(=O)[O-])C1=O.[Na+],481.59
T13037,CSc1ccc(/C=C2/C(C)=C(CC(=O)O)c3cc(F)ccc32)cc1,340.42
T13048,N#Cc1c(C(F)(F)F)c([N+](=O)[O-])c(-c2cccc([N+](=O)[O-])c2)[nH]c1=O,354.20
T1305,CC(C)(O/N=C(\C(=O)N[C@@H]1C(=O)N2C(C(=O)O)=C(C[n+]3ccccc3)CS[C@H]12)c1csc(=N)[nH]1)C(=O)[O-],546.59
T13050,CC1(C)C=Cc2c(ccc(C(=O)/C=C/c3cccs3)c2O)O1,312.39
T13057,Cc1nnc(NC(=O)c2cccc([C@@H]3C[C@H]3NC3CCC3)c2)s1.O=C(O)/C=C/C(=O)O,444.51
T13057L,Cc1nnc(NC(=O)c2cccc([C@H]3C[C@@H]3NC3CCC3)c2)s1.Cc1nnc(NC(=O)c2cccc([C@H]3C[C@@H]3NC3CCC3)c2)s1.O=C(O)/C=C/C(=O)O,772.95
T13088,Cn1cnc([N+](=O)[O-])c1C[N+](C)(C)C/C=C/C(=O)Nc1cc2c(Nc3ccc(Cl)c(Br)c3)ncnc2cn1.[Br-],681.78
T13090,CCOc1cccc(F)c1C#Cc1cn([C@@H]2O[C@H](CNS(N)(=O)=O)[C@@H](O)[C@H]2O)c2ncnc(N)c12.Cl,542.98
T13118,CCN(CC)CC#CC(C)(C)OC(=O)C(O)(c1ccccc1)C1CCCCC1.Cl,422.01
T1313,O=C1CN(/N=C/c2ccc([N+](=O)[O-])o2)C(=O)N1,238.16
T13131,CC(C)(C)OC(=O)C[C@H](O)C[C@H](O)/C=C/c1c(C2CC2)nc2ccccc2c1-c1ccc(F)cc1,477.58
T13145,N#Cc1ccccc1CN1CCSC1=O,218.28
T131722,CCOC(=O)/C=C/c1ccccc1,176.22
T13178,Cc1[nH]c(/C=C2\C(=O)Nc3ccc(F)cc32)c(C)c1C(=O)NCCN1CCCC1,396.47
T13194,CCN1Cc2c(ccc(F)c2C#N)O[C@@H](C)CNC(=O)c2c(N)nn3ccc1nc23,409.43
T13226,COc1ccc(C(=O)N2c3ccccc3Oc3cc(C#N)ccc32)cc1,342.35
T13237L,Cn1cc(-c2cn3nccc3c(-c3cnn([C@]4(CC#N)C[C@@H](C#N)C4)c3)n2)cn1,383.42
T13243,COc1c(O)c(C)c(C/C=C(\C)CC/C=C(\C)CC/C=C(\C)CC/C=C(\C)CC/C=C(\C)CC/C=C(\C)CC/C=C(\C)CC/C=C(\C)CC/C=C(\C)CCC=C(C)C)c(O)c1OC,865.38
T13257,CCOC(=O)N1CCN(C(=O)[C@H](Cc2cccc(/C(N)=N/O)c2)NS(=O)(=O)c2c(C(C)C)cc(C(C)C)cc2C(C)C)CC1,629.82
T13267,COc1ccc(-c2csc(N(C)C(=O)[C@@H]3CCCN3C#N)n2)nc1C#N,368.42
T13272,C[C@](O)(Cn1ccc2cc(F)ccc21)C(=O)Nc1ccc(C#N)c(C(F)(F)F)c1,405.35
T13273,C[C@](O)(Cn1cc(F)cn1)C(=O)Nc1ccc(C#N)c(C(F)(F)F)c1,356.28
T1330,COc1cc(C)c(/C=C/C(C)=C/C=C/C(C)=C/C(=O)O)c(C)c1C,326.44
T13303,CC1=C\[C@@H](O)CC(=O)Cc2nc(co2)C(=O)N2CCC=C2C(=O)O[C@H](C(C)C)[C@H](C)/C=C/C(=O)NC/C=C\1,525.60
T13324,COc1cc(C(=O)N(CCC2CCCN2C)C/C(C)=C/c2ccccc2F)cc(OC)c1OC.O=C(O)/C=C/C(=O)O,586.66
T1335,COc1c(C)c2c(c(O)c1C/C=C(\C)CCC(=O)O)C(=O)OC2,320.34
T13354,CC(C)=CCC/C(C)=C/Cc1c(O)ccc(C(=O)/C=C/c2ccc(O)cc2)c1O,392.50
T13365,CCN(CC)CC(=O)OC1CCN(c2ccc(/C=C(\C#N)c3ccc(OC)c(OC)c3)s2)CC1,483.63
T13366,CCN(CC)CC(=O)OC1CCN(c2ccc(/C=C(\C#N)c3ccc(OC)c(OC)c3)s2)CC1.CS(=O)(=O)O,579.74
T13368,O=C(O)c1cccc(CN2C(=O)/C(=C(\c3ccccc3)c3ccc(Cl)cc3)c3ccccc32)c1,465.94
T13375,C#CCNS(=O)(=O)c1ccc(CCN(Cc2cc(Cl)ccc2OCCC)C(=O)Cc2ccsc2)cc1,545.13
T13379,O=C(O)c1ccc(-c2ccc(/C=C3\SC(=S)N(Cc4ccccc4)C3=O)o2)cc1,421.50
T13385,O=C(O)/C=C/C(=O)O.c1ccc(C(O[C@@H]2CCCN(CCc3ccc4c(c3)OCO4)C2)c2ccccc2)cc1,531.61
T13436,CCCCCCCC(=O)/C=C/c1ccc(O)c(OC)c1,276.38
T13458,CN1CCN(CC/C=C2/c3ccccc3Sc3ccc(S(=O)(=O)N(C)C)cc32)CC1,443.64
T13475,N#CCCN,70.09
T13542,C[C@H]1CCC[C@H](O)CCC/C=C/c2cc(O)cc(O)c2C(=O)O1,320.39
T13552,Cc1cc([C@H](C(=O)N2C[C@H](O)C[C@H]2C(=O)N[C@@H](CC(=O)N2CCC(C#Cc3ccc(C(=O)N[C@H]4C(C)(C)[C@H](Oc5ccc(C#N)c(Cl)c5)C4(C)C)cc3)CC2)c2ccccc2)C(C)C)on1,915.53
T13554,O=C(O)/C=C\C(=O)O.[O-][n+]1cccc(/C(Cl)=N/OC[C@H](O)CN2CCCCC2)c1,429.86
T13571,C#CCOc1ccc(Nc2nc(Nc3ccc(C)c(S(N)(=O)=O)c3)ncc2F)cc1,427.46
T13572,CC1(C)COC(=O)N1c1nc(-c2ccc(C#N)cc2)cs1,299.36
T13576,N#CC[C@H](N)C(=O)O,114.10
T13584,C[n+]1ccc(/C=C/c2ccc3c(c2)c2cc(/C=C/c4cc[n+](C)cc4)ccc2n3CCOCCOCCOCC[N+]2(C)CCCCC2)cc1.[I-].[I-].[I-],1042.62
T13602,CC1(C)CC[C@]2(C(=O)n3cnc(-c4ccccn4)c3)CC[C@]3(C)[C@H](C(=O)C=C4[C@@]5(C)C=C(C#N)C(=O)C(C)(C)[C@@H]5CC[C@]43C)[C@@H]2C1,618.82
T13603,CC1(C)CC[C@]2(C(=O)n3cnc(-c4cccnc4)c3)CC[C@]3(C)[C@H](C(=O)C=C4[C@@]5(C)C=C(C#N)C(=O)C(C)(C)[C@@H]5CC[C@]43C)[C@@H]2C1,618.82
T13604,CC1(C)CC[C@]2(C(=O)NCC(F)(F)F)CC[C@]3(C)[C@H](C(=O)C[C@@H]4[C@@]5(C)C=C(C#N)C(=O)C(C)(C)[C@@H]5CC[C@]43C)[C@@H]2C1,574.73
T13621,Cl.N#C[C@H]1[C@H](O)[C@@H](CO)O[C@H]1n1ccc(N)nc1=O,288.69
T1363,COc1cc[nH]c(=O)c1C#N,150.14
T13669,NC(=O)/C=C/c1ccccc1,147.18
T13670L,CCC/C=C1\OC(=O)C2=C1CCC=C2,190.24
T13683,COCc1c(F)c(F)c(COC(=O)[C@@H]2[C@@H](/C=C(/C)C#N)C2(C)C)c(F)c1F,385.36
T13687,C=C1C[C@@H]2CC[C@@]34C[C@H]5O[C@@H]6[C@@H](O3)[C@H]3OC(CC[C@@H]3O[C@H]6[C@H]5O4)CC(=O)C[C@@H]3[C@@H](OC)[C@@H](C[C@H](O)CN)O[C@H]3C[C@H]3O[C@@H](CC[C@@H]1O2)C[C@@H](C)C3=C.CS(=O)(=O)O,826.01
T1369,Cn1nc(C(=O)O)c2ccccc21,176.17
T13692,Cc1occc2=[O]->[Fe+3]34(<-[O]=c5ccoc(C)c5[O-]->3)(<-[O]=c3ccoc(C)c3[O-]->4)<-[O-]c12,431.15
T13706,O=S(=O)(O)C/N=C(\Cc1ccc(O)cc1)S[C@@H]1O[C@H](CO)[C@@H](O)[C@H](O)[C@H]1O,423.47
T1376,Cc1cc(C#N)c(N)s1,138.20
T13799,N#Cc1nc2c(nc1C#N)-c1cc(F)c(F)cc1C2=O,268.18
T13802,CCCCCCCC/C=C\CCCCCCCC(N)=O,281.48
T13803,CCCCCCCC/C=C\CCCCCCCC(=O)NCC(=O)O,339.52
T13808,CCOC(=O)/C=C/c1ccc(O)cc1,192.21
T1381,CC1=C[C@H]2C(=O)O[C@H]3C[C@@H](C/C=C(\C)C[C@@H](C)/C=C/C=C4\CO[C@H](/C1=N\O)[C@@]42O)O[C@@]1(CC[C@H](C)[C@@H](C)O1)C3.CC[C@H]1O[C@]2(CC[C@@H]1C)C[C@@H]1C[C@@H](C/C=C(\C)C[C@@H](C)/C=C/C=C3\CO[C@@H]4/C(=N\O)C(C)=C[C@@H](C(=O)O1)[C@]34O)O2,1097.40
T13851,CC(=O)O[C@]12CCC(C(=O)O)=CC[C@]13CC[C@H]2[C@@](C)(/C=C/C=C(\C)C(=O)O)OC3=O,418.44
T1386,Cl.Nc1ccc(/N=N/c2ccccc2)c(N)n1,249.71
T13862,O=C(O)c1ccc(/C=C/S(=O)(=O)Cc2ccc(Cl)cc2)cc1,336.80
T13867,N#Cc1c(C2CCCCC2)nc(Sc2ccc(C(F)(F)F)cc2[N+](=O)[O-])[nH]c1=O,424.40
T13911,C=C1/C(=C\C=C2/CCC[C@]3(C)[C@@H]([C@H](C)CC[C@@H](O)C(C)C)CC[C@@H]23)C[C@@H](O)C[C@@H]1O.O,434.66
T13926,CC1(C)[C@H](NC(=O)/C(=N\OCC(=O)O)c2csc(N)n2)C(=O)N1OS(=O)(=O)O,437.41
T13946,CC(C)=CCC/C(C)=C/CC/C(C)=C/CC/C=C(\C)CC/C=C(\C)CCC(=O)O,400.65
T14046,CCCCC/C=C\C/C=C\C/C=C\C/C=C\CCCC(=O)NCCO,347.54
T1405,CO/N=C(\C(=O)N[C@@H]1C(=O)N2C(C(=O)OCOC(=O)C(C)(C)C)=C(/C=C\c3scnc3C)CS[C@H]12)c1csc(N)n1,620.74
T14078,Cc1c(C#N)cccc1-c1cc(-c2cn(Cc3cccc(C(C)(C)O)n3)nn2)nc(N)n1,426.48
T14087,C[C@@H]1CCCN1CCc1cc2cc(-c3ccc(C#N)cc3)ccc2o1,330.43
T14094,CC(=NC#N)N(C)Cc1ccc(Cl)nc1,222.68
T1411,CN(C/C=C/C#CC(C)(C)C)Cc1cccc2ccccc12.Cl,327.90
T14116,Cc1c(N2[C@@H]3CC[C@H]2C[C@@](C)(O)C3)ccc(C#N)c1Cl,290.79
T14120,N#Cc1ccc(Cn2ccc(NC(=O)Cc3ccc(C4(C(F)(F)F)CC4)cc3)n2)nc1,425.41
T14125,O=C(O)/C=C/c1ccc(-c2ccc(O)c(C34CC5CC(CC(C5)C3)C4)c2)cc1,374.48
T14128,C/C1=C2/[N-][C@H]([C@H](CC(N)=O)[C@@]2(C)CCC(=O)NC[C@@H](C)OP(=O)([O-])O[C@H]2[C@@H](O)[C@@H](n3cnc4cc(C)c(C)cc43)O[C@@H]2CO)[C@]2(C)N=C(/C(C)=C3N=C(/C=C4N=C1[C@@H](CCC(N)=O)C\4(C)C)[C@@H](CCC(N)=O)[C@]\3(C)CC(N)=O)[C@@H](CCC(N)=O)[C@]2(C)CC(N)=O.Nc1ncnc2c1ncn2[C@H]1O[C@H]([CH2][Co+2])[C@H](O)[C@@H]1O,1579.61
T14138,COc1cc(C=C(C#N)C(N)=O)cc(CSc2nc3ccccc3s2)c1O,397.48
T14180,C/C=C/C[C@@H](C)[C@@H](O)[C@H]1C(=O)N[C@@H](CC)C(=O)N(C)[C@H](C)C(=O)N(CC)[C@@H](C(C)C)C(=O)N[C@@H](C(C)C)C(=O)N(C)[C@@H](CC(C)C)C(=O)N[C@@H](C)C(=O)N[C@H](C)C(=O)N(C)[C@@H](CC(C)C)C(=O)N(C)[C@@H](CC(C)C)C(=O)N(C)[C@@H](C(C)C)C(=O)N1C,1216.66
T14183,C#CCOCCOCCOCCOCCNC(=O)CCN1C(=O)C=CC1=O,382.41
T14184,C#CCCCCCCCCCCCC(=O)O,224.34
T14185,C#CCCCCCCCCCCCCCC(=O)O,252.40
T14186,C#CCCCCCCCCCCCCCCCC(=O)O,280.45
T14213,CO[C@H]1/C=C/C[C@H](C)[C@@H](C)S(=O)(=O)NC(=O)c2ccc3c(c2)N(C[C@@H]2CC[C@H]21)C[C@@]1(CCCc2cc(Cl)ccc21)CO3,613.22
T1422,COC(=O)C1=C(C#N)NC(C)=C(C(=O)OC(C)C)C1c1cccc([N+](=O)[O-])c1,385.38
T1424,C#C[C@]1(O)CC[C@H]2[C@@H]3CCc4cc(O)ccc4[C@H]3CC[C@@]21C,296.41
T14331,N#CCC1CCN(c2nc(Nc3ccc(N4CCC(O)CC4)cc3)c3c(=O)[nH]ncc3n2)CC1,460.54
T14338,C[C@@]1(c2cc(NC(=O)c3ccc(C#N)cn3)ccc2F)C=CSC(N)=N1,367.41
T14365,CC(C)Cn1cc(C#N)c2cc(Oc3ccc(NC(=O)[C@@H]4CCCN4)cc3)ccc21,402.50
T14389,N#Cc1cc(F)cc(-c2nc(-c3ccc(F)cn3)no2)c1,284.23
T1439,CCOC(=O)C1=C(C)NC(C)=C(C(=O)OCC)C1c1ccccc1/C=C/C(=O)OC(C)(C)C,455.55
T14491,CC(O)(C#Cc1ccc2c(c1)N(c1nc(N)ncc1Cl)CC2)c1nccs1,397.89
T14506,N#Cc1c(N)nc(SCC(N)=O)c(C#N)c1-c1ccc(OCC2CC2)cc1,379.45
T1452,CNC(=O)c1ccccc1Sc1ccc2c(/C=C/c3ccccn3)n[nH]c2c1,386.48
T14552,Cc1ccc(S(=O)(=O)O)cc1.Cn1c(=O)n(-c2ccc(C(C)(C)C#N)cc2)c2c3cc(-c4cnc5ccccc5c4)ccc3ncc21,641.75
T1458,CC(/C=C1\SC(=S)N(CC(=O)O)C1=O)=C\c1ccccc1,319.41
T14598,C#CCOCCOCCOCCOCCNC(=O)CCCC[C@H]1SC[C@H]2NC(=O)N[C@H]21,457.59
T1464,CN(C)CCOc1ccc(/C(=C(/CCCl)c2ccccc2)c2ccccc2)cc1.O=C(O)CC(O)(CC(=O)O)C(=O)O,598.09
T1465,C/C(=C\C(=O)OCCCCCCCCC(=O)O)C[C@@H]1OC[C@H](C[C@@H]2O[C@H]2[C@@H](C)[C@H](C)O)[C@@H](O)[C@H]1O,500.63
T14676,CN1C(=O)N(c2cc(Cl)cc(Cl)c2)C(=O)[C@]12CN(c1ccc(C(=O)O)cn1)C[C@H]2c1ccc(C#N)cc1,536.38
T14689,CC1(C)CC=C(C#Cc2ccccc2)c2cc(/C=C/c3ccc(C(=O)O)cc3)ccc21,404.51
T1473,C[C@]12CC[C@H]3[C@@H](CC[C@@]45O[C@@H]4C(O)=C(C#N)C[C@]35C)[C@@H]1CC[C@@H]2O,329.44
T1475,CC(C)C(=O)Oc1ccc(CO)cc1[C@H](CCN(C(C)C)C(C)C)c1ccccc1.O=C(O)/C=C/C(=O)O,527.66
T14778,CC1CCc2nc(N)c(C#N)c(-c3cccnc3)c2C1,264.33
T1480,C#C[C@]1(O)CC[C@H]2[C@@H]3CCC4=Cc5oncc5C[C@]4(C)[C@H]3CC[C@@]21C,337.46
T14829,O=C1O/C(=C/Br)CCC1c1cccc2ccccc12,317.18
T1483,Br.CN(C)CCCC1(c2ccc(F)cc2)OCc2cc(C#N)ccc21,405.31
T14848,O=C1/C(=N/Nc2ccc(Cl)c([N+](=O)[O-])c2)C(c2ccccc2)=NN1c1nc(-c2ccccc2)cs1,502.94
T14854,COc1cc(/C=N/O)nc(-c2ccccn2)c1,229.24
T14865,CCCCC[C@](C)(O)/C=C/[C@@H]1[C@@H](C/C=C\CCCC(=O)O)[C@@H](O)C[C@H]1O.NC(CO)(CO)CO,489.65
T1487,CC(C)n1c(/C=C/[C@@H](O)C[C@@H](O)CC(=O)[O-])c(-c2ccc(F)cc2)c2ccccc21.[Na+],433.46
T14884,CCOC(=O)c1sc(NC(=O)c2ccco2)c(SC#N)c1C,336.39
T14897,Cc1cccc(Oc2nc3c(C)cccn3c(=O)c2C=C(C#N)c2nc3ccccc3s2)c1,450.52
T14898,Cc1cccn2c(=O)c(C=C(C#N)c3nc4ccccc4s3)c(Oc3ccc(F)cc3)nc12,454.49
T1490,C#C[C@]1(O)C=C[C@H]2[C@@H]3CCC4=CC(=O)CC[C@@H]4[C@H]3CC[C@@]21CC,310.44
T1492,CO/N=C1\CN(c2nc3c(cc2F)c(=O)c(C(=O)O)cn3C2CC2)CC1CN.CS(=O)(=O)O,485.49
T14922,CO/N=C(\C(=O)N[C@@H]1C(=O)N2C(C(=O)O)=C(CSc3nc(C)c(CC(=O)O)s3)CS[C@H]12)c1csc(N)n1,584.68
T14931,COCc1c(C(C)C)nc(C(C)C)c(/C=C/[C@@H](O)C[C@@H](O)CC(=O)O)c1-c1ccc(F)cc1,459.56
T14946,CC(C)(C)c1cc(C(=O)/C=C/c2ccc(C(=O)O)cc2)cc(C(C)(C)C)c1,364.49
T14965,N#C/C(C(=O)c1ccc(Cl)cc1Cl)=C1/NC(=O)c2ccc(Cl)cc2N1,392.63
T14973,Clc1ccc(-c2nc3sccn3c2/C=N/OCc2ccc(Cl)c(Cl)c2)cc1,436.75
T14979,O=C([O-])[C@H]1/C(=C/CO)O[C@@H]2CC(=O)N21.[Li+],205.09
T15009,CCCCCCCC/C=C/CCCCCCCC(=O)OC[C@H]1O[C@@H](n2ccc(N)nc2=O)[C@@H](O)[C@@H]1O,507.67
T1501,CO[C@H]1/C=C\O[C@@]2(C)Oc3c(C)c(O)c4c(c3C2=O)C2=NC3(CCN(CC(C)C)CC3)NC2=C(NC(=O)/C(C)=C\C=C/[C@H](C)[C@H](O)[C@@H](C)[C@@H](O)[C@@H](C)[C@H](OC(C)=O)[C@@H]1C)C4=O,847.02
T15012,COc1cc([C@H]2C(C#N)=C(N)Oc3c2ccc(N)c3N)cc(Br)c1OC,417.26
T1502,N#C[C@@H]1CCCN1C(=O)CNC12CC3CC(CC(O)(C3)C1)C2,303.41
T15025L,CCN(CC)CC.CCN1/C(=C/C=C/C=C/C2=[N+](CCCCCC(=O)O)c3ccc(S(=O)(=O)O)cc3C2(C)C)C(C)(C)c2cc(S(=O)(=O)[O-])ccc21,758.02
T15026,CC(CN(C)C)CN1c2ccccc2Sc2ccc(C#N)cc21,323.47
T15032,COCC/N=C1\S/C(=C\c2cc(C)n(-c3ccc(F)cc3F)c2C)C(=O)N1C,405.47
T15052,CS(=O)(=O)CCC#N,133.17
T15058,NCCC(=O)N1Cc2ccccc2C#Cc2ccccc21,276.34
T15060,O=C(CCN1C(=O)C=CC1=O)NCCC(=O)N1Cc2ccccc2C#Cc2ccccc21,427.46
T15067,O=C(CCC(=O)N1Cc2ccccc2C#Cc2ccccc21)ON1C(=O)CCC1=O,402.41
T15069,O=C(CCCC[C@@H]1SC[C@@H]2NC(=O)N[C@@H]21)NCCOCCOCCOCCOCCC(=O)NCCC(=O)N1Cc2ccccc2C#Cc2ccccc21,749.93
T15072,O=C(CCOCCOCCOCCOCCNC(=O)CCN1C(=O)C=CC1=O)NCCC(=O)N1Cc2ccccc2C#Cc2ccccc21,674.75
T15073,O=C(CCC(=O)N1Cc2ccccc2C#Cc2ccccc21)NCCOCCOCCOCCOCCC(=O)ON1C(=O)CCC1=O,649.70
T15075,O=C(CCC(=O)N1Cc2ccccc2C#Cc2ccccc21)NCCOCCOCCOCCOCCOCCC(=O)ON1C(=O)CCC1=O,693.75
T15076,O=C(CCCC[C@@H]1SC[C@@H]2NC(=O)N[C@@H]21)NCCOCCOCCOCCNC(=O)CCSSCCNC(=O)CCC(=O)N1Cc2ccccc2C#Cc2ccccc21,869.14
T15078,O=C(CCCCC(=O)N1Cc2ccccc2C#Cc2ccccc21)ON1C(=O)CC(S(=O)(=O)[O-])C1=O.[Na+],532.51
T15079,CC(C)(CC(=O)N1CCCC1)NCC(=O)N1C[C@@H](F)C[C@H]1C#N,324.40
T15090,Nc1ccc(C#Cc2cnn3c(C(F)(F)F)cc(-c4ccc(C(F)(F)F)cc4)nc23)cn1,447.34
T15096,C[C@H]1CN(C(=O)CC#N)[C@]12CCN(c1ncnc3[nH]ccc13)C2,310.36
T1510,CC(C)c1nc(N(C)S(C)(=O)=O)nc(-c2ccc(F)cc2)c1/C=C/[C@@H](O)C[C@@H](O)CC(=O)[O-].CC(C)c1nc(N(C)S(C)(=O)=O)nc(-c2ccc(F)cc2)c1/C=C/[C@@H](O)C[C@@H](O)CC(=O)[O-].[Ca+2],1001.15
T15106,CC1=N/C(=C\c2cc(F)c(O)c(F)c2)C(=O)N1C,252.22
T15108,Cc1cn(Cc2ccc(Cl)cc2Cl)c2c(/C=C/C(=O)NS(=O)(=O)c3cc(Cl)c(Cl)s3)cc(F)cc12,592.33
T15114,C#CCOCCC(=O)NCCc1ccc(O)c(N=Nc2ccc(C(=O)NCCOCCOCCOCCNC(=O)CCCC[C@@H]3SC[C@@H]4NC(=O)N[C@@H]43)cc2)c1,795.96
T15129,CCCCCCCCCCCCCCCCCCN1/C(=C\C=C\C2=[N+](CCCCCCCCCCCCCCCCCC)c3ccccc3C2(C)C)C(C)(C)c2ccccc21.[O-][Cl+3]([O-])([O-])[O-],933.89
T15133,CCCCC[C@H](O)/C=C/[C@@H]1[C@@H](C/C=C\CCCC(=O)O)[C@@H](O)C[C@H]1O,354.49
T15134,Fc1ccc2nc(CCC#Cc3ccccn3)cn2c1,265.29
T1514,C#C[C@]1(O)CC[C@H]2[C@@H]3CCC4=CC(=O)CC[C@@H]4[C@H]3CC[C@@]21C,298.43
T15140,CCCCC/C=C\C/C=C\CCCCCCCCOCC(CN(C)C)OCCCCCCCC/C=C\C/C=C\CCCCC,616.07
T15141,COc1cc2cc(c1Cl)N(C)C(=O)C[C@H](OC(=O)[C@H](C)N(C)C(=O)CCC(C)(C)S)[C@]1(C)O[C@H]1[C@H](C)[C@@H]1C[C@@](O)(NC(=O)O1)[C@H](OC)/C=C\C=C(\C)C2,780.38
T1516,COc1cc(/C=C/C(=O)CC(=O)/C=C/c2ccc(O)c(OC)c2)ccc1O,368.39
T15184,COc1cc(/C=C2\CCCN([C@@H](C)c3ccc(F)cc3)C2=O)ccc1-n1cnc(C)c1,419.50
T15191,COc1cc(/C=C2\SC(=O)NC2=O)ccc1Oc1ccc(C#N)cc1C(F)(F)F,420.37
T15195,N=C(N)Nc1nc(CSCCN/C=N/S(=O)(=O)c2ccc(Br)cc2)cs1,477.44
T15196,CC1(C)CCC(C)(C)c2cc(C#Cc3ccc(C(=O)O)cc3)ccc21,332.44
T15198,CC/C=C\C/C=C\C/C=C\C/C=C\C/C=C\C/C=C\CCC(=O)NCCNC(=O)c1ccccc1O,490.69
T15199,CC1(C)CC=C(c2nc(C3CC(C)(C)OC(C)(C)C3)ccc2NC(=O)c2ncc(C#N)[nH]2)CC1,461.61
T1520,COCCCOc1cc(C[C@@H](C[C@H](N)[C@@H](O)C[C@H](C(=O)NCC(C)(C)C(N)=O)C(C)C)C(C)C)ccc1OC.COCCCOc1cc(C[C@@H](C[C@H](N)[C@@H](O)C[C@H](C(=O)NCC(C)(C)C(N)=O)C(C)C)C(C)C)ccc1OC.O=C(O)/C=C/C(=O)O,1219.61
T15205,COc1ccc(S(=O)(=O)Nc2cc(-c3csc(C#N)c3)ccc2C)cc1,384.48
T15210,CCC(=O)NS(=O)(=O)c1ccc(NC(=O)Cc2ccc(Br)c(Oc3cc(Cl)cc(C#N)c3)c2F)c(Cl)c1,629.29
T15212,CC[C@H](C)[C@H]1O[C@]2(C=C[C@@H]1C)C[C@@H]1C[C@@H](C/C=C(\C)[C@@H](O[C@H]3C[C@H](OC)[C@@H](O[C@H]4C[C@H](OC)[C@@H](NC)[C@H](C)O4)[C@H](C)O3)[C@@H](C)/C=C/C=C3\CO[C@@H]4[C@H](O)C(C)=C[C@@H](C(=O)O1)[C@]34O)O2.O=C(O)c1ccccc1,1008.26
T15220,C=C(C#N)C(=O)OCCCC,153.18
T15250,N#Cc1ccc(-c2cnc3ccc(-c4ccc(C(=O)N5CCOCC5)cc4)cn23)cc1,408.46
T15257,COC(=O)c1cccc(CCN(C)CCC[C@@](C#N)(c2ccc(OC)c(OC)c2)C(C)C)c1,452.60
T15257L,COC(=O)c1cccc(CCN(C)CCC[C@](C#N)(c2ccc(OC)c(OC)c2)C(C)C)c1,452.60
T1526,CSCC1CN(/N=C/c2ccc([N+](=O)[O-])o2)C(=O)O1,285.28
T15266,C[n+]1ccc(/C=C/c2c[nH]c3ccccc23)cc1.[I-],362.21
T15271,Cc1n[nH]c(-c2cc(C(=O)N3CCC(c4ccc(C#N)cc4)CC3)c(C)cc2C2CCC2)n1,439.56
T15276,CN(C)C[c]12->[Fe+2]3456789(<-[cH]%10[cH]->3[cH]->4[cH-]->5[cH]->6%10)<-[cH]([cH]->71)[cH]->8[c-]->92CNc1ccnc2cc(Cl)ccc12,433.76
T1537,CO[C@H]1C[C@@H]2CC[C@@H](C)[C@@](O)(O2)C(=O)C(=O)N2CCCC[C@H]2C(=O)O[C@H]([C@H](C)C[C@@H]2CC[C@@H](O)[C@H](OC)C2)CC(=O)[C@H](C)/C=C(\C)[C@@H](O)[C@@H](OC)C(=O)[C@H](C)C[C@H](C)/C=C/C=C/C=C/1C,914.19
T15378L,CCCCCCCC/C=C/CCCCCCCC(=O)OC[C@H]1O[C@@H](n2ccc(N)nc2=O)C(F)(F)[C@@H]1O.Cl,564.11
T15407L,N#C[C@H]1C[C@@H]1c1c(C(F)(F)F)sc2nc(Cn3nc(C(F)(F)F)cc3Cl)cc(=O)n12,467.78
T15420,N#Cc1c(N)nc(N)nc1N[C@H](c1nc2c(F)ccc(Cl)c2c(=O)n1-c1cccnc1)C1CC1,477.89
T15422,O=C1N=C(Nc2c(Cl)cccc2Cl)S/C1=C\c1ccc2nccnc2c1,401.28
T1543,CN(C/C=C/c1ccccc1)Cc1cccc2ccccc12.Cl,323.87
T15430,CNc1nc(C)nc(N[C@H]2CCC[C@@H](C(=O)NCc3ccc(C#N)cc3C(F)(F)F)C2)n1,447.47
T1544,O=C([O-])c1cc(/N=N/c2ccc(O)c(C(=O)[O-])c2)ccc1O.[Na+].[Na+],346.21
T15445,CC1(C)C(=O)N(c2ccc(C#N)c(C(F)(F)F)c2F)C(=S)N1c1ccc(CCCc2ncco2)nc1,517.51
T15451,C[C@@H]1C[C@H]2[C@@H]3C[C@H](F)C4=CC(=O)C=C[C@]4(C)[C@@]3(F)[C@@H](O)C[C@]2(C)[C@@]1(OC(=O)C1C(C)(C)C1(C)C)C(=O)OCC#N,559.65
T15480,CCN1CCN(Cc2ccc(NC(=O)c3ccc(C)c(/C=C/c4cnc5[nH]ccc5c4OC)c3)cc2C(F)(F)F)CC1,577.65
T15481,N#Cc1c2nc3ccccc3nc2n2ccc(NC(=O)c3cccs3)cc12,369.41
T15485,Cc1ccc(C)c(CSc2nc(C3CCCC3)c(C#N)c(=O)[nH]2)c1,339.46
T1551,CCCCCNC(=N)N/N=C/c1c[nH]c2ccc(OC)cc12.O=C(O)/C=C\C(=O)O,417.47
T1553,CN(C)CCC(c1ccc(Cl)cc1)c1ccccn1.O=C(O)/C=C\C(=O)O,390.87
T15543,C#CCCCCNC(=O)CI,265.09
T15549,CC/C=C\C/C=C\C/C=C\C/C=C\C/C=C\CCCCOC(CC)C(=O)O,374.57
T15558,COc1cc2ncn(-c3cc(OCc4ccccc4S(C)(=O)=O)c(C#N)s3)c2cc1OC,469.54
T15559,N#Cc1cc(-c2ccnc(Nc3ccc(N4CCOCC4)cc3)n2)ccc1OC1CCOCC1,457.53
T1557,CO[C@@H]1[C@@H](O[C@@H]2O[C@H](C)[C@@H](O[C@H]3C[C@@](C)(O)[C@@H](O)[C@H](C)O3)[C@H](N(C)C)[C@H]2O)[C@@H](CC=O)C[C@@H](C)[C@@H](O[C@H]2CC[C@H](N(C)C)[C@@H](C)O2)/C=C/C=C/C[C@@H](C)OC(=O)C[C@H]1OC(C)=O,885.10
T15579,CCN1/C(=C/C(C)=O)Sc2ccc(O)cc21,235.31
T1558,Oc1ccc(/C=C/c2cc(O)cc(O)c2)cc1,228.25
T15592,CC(C)n1c([C@H](C)Nc2ncnc(N)c2C#N)cc2cccc(-c3ccc(=O)n(C)c3)c2c1=O,455.52
T15609,CCN1C(=C/C=C/c2n(CC)c3cc(Cl)c(Cl)cc3[n+]2CC)N(CC)c2cc(Cl)c(Cl)cc21.[I-],652.24
T15612,CCc1cc2c(cc1-c1cnn(CC(=O)N(C)C)c1)C(C)(C)c1[nH]c3cc(C#N)ccc3c1C2=O,465.56
T1563,O=C(N/N=C/c1ccc([N+](=O)[O-])o1)c1ccc(O)cc1,275.22
T15649,CC(C)c1c(-c2cnn(C(C)(C)C)c2)nc2c(C#N)c[nH]n2c1=O,324.39
T15658,CC(Sc1nc2ccccc2[nH]1)C(=O)N/N=C/c1cc(Br)ccc1O,419.30
T15689,COc1ccc(Br)cc1S(=O)(=O)NC(=O)/C=C/c1ccccc1Cc1ccc2ccccc2c1,536.45
T15694,C#CCC[C@H](N)C(=O)O,127.14
T15708,N#C/C(=C1/SCC(c2ccccc2Cl)S1)n1ccnc1,319.84
T15718,O=C(O)CCC/C=C\C[C@@H]1[C@@H](CC[C@@H](O)CCc2ccccc2)[C@H](O)C[C@@H]1O,390.52
T15719,O=C(CCC/C=C\C[C@@H]1[C@@H](CC[C@@H](O)CCc2ccccc2)[C@H](O)C[C@@H]1O)OCCCCO[N+](=O)[O-],507.62
T15735,CCC(=C/[C@H](C)C/C=C/C(C)=C/[C@@H](C)C(=O)[C@@H](C)[C@H](O)[C@@H](C)C/C(C)=C/C(=O)O)/C=C/[C@@H]1OC(=O)C=C[C@@H]1C,540.74
T15750,N#Cc1ccc(N2CCC[C@@H]2[C@@H](O)C(F)(F)F)cc1C(F)(F)F,338.25
T15753,O=C(/C=C/c1ccc(O)cc1)c1ccc(O[C@@H]2O[C@H](CO)[C@@H](O)[C@H](O)[C@H]2O[C@@H]2OC[C@](O)(CO)[C@H]2O)cc1O,550.51
T15757,CCCC[C@H](C)C[C@H](O)/C=C/[C@H]1[C@H](O)CC(=O)[C@@H]1CCCC/C=C/C(=O)O,380.53
T15772,N#Cc1cc(NC(=O)C(=O)O)c(Cl)c(NC(=O)C(=O)O)c1.NC(CO)(CO)CO.NC(CO)(CO)CO,553.91
T1578,C#CCN(C)Cc1ccccc1.Cl,195.69
T15788,CC(F)(F)c1cc(F)ccc1-c1sc2cc(O)ccc2c1Oc1ccc(/C=C/C(=O)O)cc1,470.47
T1579,C#C[C@]1(O)CC[C@H]2[C@@H]3CCc4cc(OC)ccc4[C@H]3CC[C@@]21C,310.44
T15803,COc1ccc(/C=C/CCCCOc2ccc(C(=O)c3cccc(C(=O)O)c3)cc2CCC(=O)O)cc1,502.56
T15804,CC(C)OC(=O)N[C@H]1Cc2c(n(Cc3ccccn3)c3ccc(C#N)cc23)C1,374.44
T15810,CC#C[C@@H](CC(=O)O)c1ccc(OCc2ccc(CN3CCCc4cccc(OC)c43)s2)cc1,475.61
T1590,N#Cc1ccc(C(c2ccc(C#N)cc2)n2cncn2)cc1,285.31
T15948,CCCCC/C=C\C/C=C\C/C=C\C/C=C\CCCCP(=O)(F)OC,370.49
T16010,S=C([S-])NCCNC1=[S][Mn+2]<-[SH-]1.S=C([S-])NCCNC1=[S][Zn+2]<-[SH-]1,543.09
T16014,CC(C)(O)c1ccccc1-c1ccc2nc(/C=C/c3ccc(C(F)(F)F)cc3)[nH]c2c1,422.45
T16016,COc1cc2cc(c1Cl)N(C)C(=O)C[C@H](O)[C@]1(C)O[C@H]1[C@H](C)[C@@H]1C[C@@](O)(NC(=O)O1)[C@H](OC)/C=C\C=C(\C)C2,565.06
T16036,CCCCC/C=C\C/C=C\CCCCCCCC(=O)NC(C)c1ccccc1,383.62
T16044,COC(C)(C)CCCC(C)C/C=C/C(C)=C/C(=O)OC(C)C,310.48
T16071,Cn1cc(NC(=O)c2cc(NC(=O)c3ccc(/C=C/c4cnc5ccccc5c4)cc3)cn2C)cc1C(=O)NCCN1CCOCC1,631.74
T16072,N#Cc1cc2cc(CN3CCC(Nc4ncnc5sc(CC(F)(F)F)cc45)CC3)c(O)cc2n1Cc1cn[nH]c1,566.61
T16075,CCCCCCCC/C=C\CCCCCCC(O)C(=O)O,298.47
T16089,CC(C)(F)C[C@H](N[C@@H](c1ccc(-c2ccc([C@@H](O)C(F)F)cc2)cc1)C(F)(F)F)C(=O)NC1(C#N)CC1,527.51
T16098,C#C[C@]1(CO)O[C@@H](n2cnc3c(N)nc(F)nc32)C[C@@H]1O,293.26
T16126,C[C@](C#N)(COc1cc(C#N)ccc1C(F)(F)F)NC(=O)c1ccc(SC(F)(F)F)cc1,473.40
T16131,O=C(/C=C/c1ccc2c(c1)CCN2S(=O)(=O)c1ccccc1)NO,344.39
T16140,CCCn1c(=O)c2nc(-c3ccc(OCC(=O)Nc4ccc(C#N)cc4)cc3)[nH]c2n(CCC)c1=O,486.53
T16143,C=CC(=O)N1CCN(c2nc(OC[C@@H]3CCCN3C)nc3c2CCN(c2cccc4cccc(C)c24)C3)C[C@@H]1CC#N,565.72
T16156,N#Cc1c[nH]c2ccc(-c3ccc(-c4c(O)cccc4O)cc3)cc12,326.36
T1622,CN(CCOc1ccc(CC2SC(=O)NC2=O)cc1)c1ccccn1.O=C(O)/C=C\C(=O)O,473.51
T1626,CCCCC[C@H](O)/C=C/[C@H]1[C@H](O)CC(=O)[C@@H]1CCCCCCC(=O)O,354.49
T1627,NC(N)=Nc1nc(CSCC/C(N)=N\S(N)(=O)=O)cs1,337.46
T1629,CO[C@H]1/C=C\O[C@@]2(C)Oc3c(C)c(O)c4c(O)c(c(/C=N/N5CCN(C6CCCC6)CC5)c(O)c4c3C2=O)NC(=O)/C(C)=C\C=C/[C@H](C)[C@H](O)[C@@H](C)[C@@H](O)[C@@H](C)[C@H](OC(C)=O)[C@@H]1C,877.05
T16290,COc1cc(C(N)=O)nc(-c2cccc(C#C[C@]3(O)CCN(C)C3=O)c2)c1,365.39
T1632,Cc1ccc(/N=C/N(C)/C=N/c2ccc(C)cc2C)c(C)c1,293.41
T16321,Cc1cc2cc(NS(=O)(=O)c3ccc(C#N)cc3)ccc2n(C)c1=O,353.40
T1633,CC1=C(/C=C/C(C)=C/C=C/C(C)=C/C=C/C=C(C)/C=C/C=C(C)/C=C/C2=C(C)CCCC2(C)C)C(C)(C)CCC1,536.89
T16338,C#C[C@]1(O)CC[C@H]2[C@@H]3CCC4=CC(=NO)CC[C@@H]4[C@H]3CC[C@@]21CC,327.47
T16339,COc1ccc(CCNCCCC(C#N)(c2ccc(OC)c(OC)c2)C(C)C)cc1OC.Cl,477.05
T16340,C=C(NC(=O)c1csc(-c2nc3c(cc2O)-c2nc(cs2)C(=O)NC(C(C)O)C(=O)N/C(=C/C)c2nc(cs2)C(=O)NC2CC(O)C(=O)OCc4cccc5[nH]c(c(C)c45)C(=O)SCC(NC(=O)c4csc2n4)c2nc-3cs2)n1)C(N)=O,1222.39
T16343,C#Cc1cccc(Nc2ncnc3cc(OC)c(OCCCN4CCOCC4)cc23)c1,418.50
T16350,O=S(=O)(O)c1ccc2cc(/N=N/c3cc(S(=O)(=O)O)c4cccnc4c3O)ccc2c1,459.46
T16355,COc1ncc(-c2ccc3nccc(C#CCN4CCN(S(C)(=O)=O)CC4)c3c2)cc1NS(=O)(=O)c1ccc(F)cc1F,627.70
T16363,COC[C@@H](C)N[C@H]1CC[C@H](Nc2cc(-c3cccc(NCC4(C#N)CCOCC4)n3)c(Cl)cn2)CC1,513.09
T16384,C[C@H](Nc1ccc(C#N)n(C)c1=O)c1cc2cc(Cl)ccc2[nH]c1=O,354.80
T16394,C[C@@H]1CS/C(=N\NC(=O)C(=O)[C@@H](NC(=O)C2CCCCCC2)C2CCOCC2)N1C,438.59
T16415,O=C(/C=C/C#Cc1cccc(NS(=O)(=O)c2ccccc2)c1)NO,342.38
T16420,CCC(C)(C)NC(=Nc1cccnc1)NC#N,231.30
T16429,COCCNc1nc2ccc(C#CC3(O)CCCCC3)cc2n1-c1ccnc(N)n1,406.49
T16437,C#CCNC(=O)OC(C)c1cc(OC)c(OCCCC(=O)NCCOCCOCCOCCNC(=O)CCCC[C@@H]2SC[C@@H]3NC(=O)N[C@@H]32)cc1[N+](=O)[O-],780.90
T16464,CC(C(=O)O)c1ccc(/C=C2\CCCCC2=O)cc1,258.32
T16472,N#Cc1ccc2c(c1)N(CCCN1CCC(O)CC1)c1ccccc1S2,365.50
T16474,Cn1cc(-c2ccc(S(=O)(=O)[C@@H]3C[C@@H](C(=O)NC4(C#N)CC4)N(C(=O)C4(C(F)(F)F)CC4)C3)c(C(F)(F)F)c2)cn1,603.55
T16502,N#Cc1ccc(N2N=C3c4ccc(C(=O)O)cc4CC[C@@H]3[C@@H]2C2CCCC2)cc1Cl,419.91
T16510,N#Cc1ccc(-c2ccc(S(=O)(=O)Nc3cccc(N)n3)cc2)cc1,350.40
T16512,Cn1cc(-c2c[nH]c3ncnc(N4CCOCC4)c23)cc1C#N,308.35
T16550,O=C1Nc2ccc3ncsc3c2/C1=C/c1cnc[nH]1,268.30
T16560,CC1=CC(=O)C(C(C)C)=C/C1=N/OC(=O)c1ccccc1C,297.35
T16562,O=S(=O)([O-])c1cc(S(=O)(=O)[O-])c2c(/N=N/c3ccc(S(=O)(=O)[O-])c4ccccc34)c(O)ccc2c1.[Na+].[Na+].[Na+],604.48
T16571,COC(=O)C1=C(C)NC(C)=C(C(=O)OC/C=C/c2ccccc2)C1c1cccc([N+](=O)[O-])c1,448.48
T16605,C#CCOCCOCCOCCC(=O)O,216.23
T16608,C#CCOCCOCCOCCBr,251.12
T16635,C#CCOCCOCCOCCOCCOS(=O)(=O)c1ccc(C)cc1,386.47
T16636,C#CCOCCOCCOCCOCCOCCN,275.34
T16669,N#Cc1cc(CN2CCC(Nc3ncnc4sc(Cl)cc34)CC2)ccc1F,401.90
T16679,CS(=O)(=O)c1ccc(Oc2cc(F)cc(C#N)c2)c2c1[C@H](O)[C@H](F)[C@@H]2F,383.35
T16725,N#Cc1c(-c2cccs2)cc(-c2cccs2)nc1SCC(=O)c1cccs1,424.60
T16745,Cl.N[C@H](Cc1c[nH]c2ccccc12)C(=O)N/N=C/c1ccc2nccnc2c1,394.87
T1676,CC(C)c1nc(N(C)S(C)(=O)=O)nc(-c2ccc(F)cc2)c1/C=C/[C@@H](O)C[C@@H](O)CC(=O)O,481.55
T16788,Cc1cc(NC(=O)C(=O)c2cc(Cc3ccc(C#N)cc3)n3ccccc23)sn1,400.46
T1679,C=C(NC(=O)C(=C)NC(=O)c1csc(C2=N[C@@H]3c4csc(n4)[C@H]4NC(=O)c5csc(n5)[C@H]([C@](C)(O)[C@@H](C)O)NC(=O)[C@H]5CSC(=N5)/C(=C/C)NC(=O)C([C@@H](C)O)NC(=O)c5csc(n5)[C@]3(CC2)NC(=O)[C@H](C)NC(=O)C(=C)NC(=O)[C@H](C)NC(=O)C([C@@H](C)CC)N[C@@H]2C=Cc3c([C@H](C)O)cc(nc3C2O)C(=O)O[C@@H]4C)n1)C(N)=O,1664.92
T16791,CC(=O)c1c(O)c(C)c(O)c(Cc2c(O)c3c(c(C(=O)/C=C/c4ccccc4)c2O)OC(C)(C)C=C3)c1O,516.55
T16803,N#Cc1ccc(Nc2ncnc3c2CCC3O)cc1,252.28
T16809,CCOC(=O)/C=C/[C@H](C[C@@H]1CCNC1=O)NC(=O)[C@@H](CC(=O)[C@@H](NC(=O)c1cc(C)on1)C(C)C)Cc1ccc(F)cc1,598.67
T16812,OCCC#Cc1nc(-c2ccc(F)cc2)c(-c2ccncc2)n1CCCc1ccccc1,425.51
T16817,CCN1CC/C(=C\c2cc(C(C)(C)C)c(O)c(C(C)(C)C)c2)S1(=O)=O,365.54
T16850,N#Cc1ccc(NC(=O)Nc2ccccc2Br)c2[nH]nnc12,357.17
T16865,Cc1nc2c(OCc3ccccc3)cccn2c1CC#N,277.33
T16888,CCOc1cc(/C=C2/C(=O)N(c3ccccc3)N=C2C)cc(Cl)c1OCC(=O)OC,428.87
T16899,COc1cc2cc(c1Cl)N(C)C(=O)C[C@H](OC(=O)[C@H](C)N(C)C(=O)CCSC1CC(=O)N(CC3CCC(C(=O)ON4C(=O)CCC4=O)CC3)C1=O)[C@]1(C)O[C@H]1[C@H](C)[C@@H]1C[C@@](O)(NC(=O)O1)[C@H](OC)/C=C\C=C(\C)C2,1072.63
T16900,C/C(=C/C(=O)c1ccc(Cl)cc1)Nc1cccc(O)c1,287.75
T16911,O=c1[nH]c(=O)n([C@@H]2O[C@H](CO)[C@@H](O)[C@@H]2O)cc1/C=C/Br,349.14
T16923,CC(C)n1nc(C#Cc2ccccc2)c2c(N)ncnc21,277.33
T16925,CC(C)=CCC/C(C)=C/CNCCNC1C2CC3CC(C2)CC1C3,330.56
T16966,Cc1ccc(C#Cc2ccc(S(=O)(=O)N[C@H](Cc3c[nH]c4ccccc34)C(=O)O)s2)cc1,464.57
T17036,NC(=O)N1C(=O)/C(=C(\O)c2cccs2)c2cc(Cl)ccc21,320.76
T17038,CCN(CC)C(=O)COC(=O)/C=C/C(=O)OC,243.26
T17039,CC(C)(C)NC(=Nc1cccc(/C(=C\CCCC(=O)O)c2cccnc2)c1)NC#N,405.50
T17042,N#Cc1c(-c2cccs2)nc(SCc2cccc(CC(=O)O)c2)[nH]c1=O,383.45
T17070,CN1COCN(Cc2cnc(Cl)s2)/C1=N/[N+](=O)[O-],291.72
T17072,CCSc1ccc2c(c1)N(CCCN1CCN(C)CC1)c1ccccc1S2.O=C(O)/C=C\C(=O)O.O=C(O)/C=C\C(=O)O,631.77
T17143,N#Cc1cn([C@@H]2O[C@H](CO)[C@@H](O)[C@H]2O)c2ncnc(N)c12,291.27
T1716,C[C@@H]1O[C@@H](O[C@@H]2[C@@H](O)[C@H](OCCc3ccc(O)c(O)c3)O[C@H](CO[C@@H]3O[C@H](CO)[C@@H](O)[C@H](O)[C@H]3O)[C@H]2OC(=O)/C=C/c2ccc(O)c(O)c2)[C@H](O)[C@H](O)[C@H]1O,786.73
T17177,Cc1ccccc1C#Cc1ccc(CCC(=O)O)cc1,264.32
T17180,Cc1cc(C)c(-c2n[nH]c(C)c2C)cc1C(=O)N1CC(c2ccc(C#N)cc2)C1,384.48
T17181,COCc1nc(C(F)(F)F)[nH]c1-c1cc(C(=O)N2CC(c3ccc(C#N)cc3)C2)c(C)cc1C,468.48
T17183,CC(C)(C)C(=O)/C(=N/c1ccc(Cl)cc1)NNc1ccc(Cl)cc1,364.28
T17209,CCCCCOc1cc2c(cc1-c1cc(/C=C/C(=O)O)ccc1O)C(C)(C)CCC2(C)C,436.59
T17235,C=C/C=C/C[C@@H](C)[C@@H](O)[C@H]1C(=O)N[C@@H](CC)C(=O)N(C)CC(=O)N(C)[C@@H](CC(C)C)C(=O)N[C@@H](C(C)C)C(=O)N(C)[C@@H](CC(C)C)C(=O)N[C@@H](C)C(=O)N[C@H](C)C(=O)N(C)[C@@H](CC(C)C)C(=O)N(C)[C@@H](CC(C)C)C(=O)N(C)[C@@H](C(C)C)C(=O)N1C,1214.65
T17252,COc1ccccc1[C@H](c1cccc2ccccc12)[C@@](C)(C#N)C(=O)N1CCC(c2cccc(C(F)(F)F)c2)CC1,556.63
T17280,C/C=C1\C(=O)C[C@H]2[C@@H]3CCC4=CC(=O)CC[C@]4(C)[C@H]3CC[C@]12C,312.45
T17289,CCC(CC)CNC(=O)Cn1cccc(NC(=O)[C@H](CC/C=C/C(=O)OC)NC(=O)c2cncn2C)c1=O,528.61
T17296,COc1cc2c(c(OC)n1)[C@]1(O)[C@H](O)[C@H](CN(C)C)[C@@H](c3ccccc3)[C@]1(c1ccc(C#N)cc1)O2,487.56
T17311,C#CCNC(=O)C[C@@H]1N=C(c2ccc(Cl)cc2)c2c(sc(C)c2C)-n2c(C)nnc21,437.96
T17317,C#CCOCCOCCOCC(F)(F)F,226.19
T17341,C#Cc1cn([C@H]2C[C@H](O)[C@@H](CO)O2)c(=O)[nH]c1=O,252.23
T1741,N#Cc1ccc2[nH]c(O)c(-c3ccc(CN4CCOCC4)cn3)c2c1,334.38
T1742,O=C(O)c1ccc(N2C(=O)/C(=C\c3ccc(-c4ccc([N+](=O)[O-])cc4)o3)C=C2c2ccccc2)cc1,478.46
T1744,CN(C)Cc1cccc(N/C(=C2\C(=O)Nc3cc(C(N)=O)ccc32)c2ccccc2)c1,412.49
T17445,C#CCOCCOCCOCCOCCNC(=O)CON,304.34
T1771,C=CCN(C)CCCCCCOc1ccc(C(=O)c2ccc(Br)cc2)c(F)c1.O=C(O)/C=C/C(=O)O,564.45
T1773,CN(C)C/C=C/C(=O)Nc1cc2c(Nc3ccc(F)c(Cl)c3)ncnc2cc1O[C@H]1CCOC1.O=C(O)/C=C\C(=O)O.O=C(O)/C=C\C(=O)O,718.09
T17742,O=C(CCCC[C@@H]1SC[C@@H]2NC(=O)N[C@@H]21)NCCC(=O)N1Cc2ccccc2C#Cc2ccccc21,502.64
T1777,COC(=O)c1ccc2c(c1)NC(=O)/C2=C(\Nc1ccc(N(C)C(=O)CN2CCN(C)CC2)cc1)c1ccccc1,539.64
T17791,O=C(CCC(=O)N1Cc2ccccc2C#Cc2ccccc21)NCCOCCOCCOCCC(=O)ON1C(=O)CCC1=O,605.64
T1784,CO[C@H]1C[C@@H]2CC[C@@H](C)[C@@](O)(O2)C(=O)C(=O)N2CCCC[C@H]2C(=O)O[C@H]([C@H](C)C[C@@H]2CC[C@@H](OCCO)[C@H](OC)C2)CC(=O)[C@H](C)/C=C(\C)[C@@H](O)[C@@H](OC)C(=O)[C@H](C)C[C@H](C)/C=C/C=C/C=C/1C,958.24
T17859,CCCCCCCCCCCCCCCCCC(=O)OC[C@H](COP(=O)(O)OCCNC(=O)CCOCCOCCOCCOCCC(=O)NCCC(=O)N1Cc2ccccc2C#Cc2ccccc21)OC(=O)CCCCCCCCCCCCCCCCC,1282.69
T1815,Cc1cc(C)c(Nc2ccnc(Nc3ccc(C#N)cc3)n2)c(C)c1,329.41
T1816,Clc1ccc(N/N=C(/c2ccccc2)c2ccccn2)nc1,308.77
T18222,C#CCOCCOCCOCCOCCOCCOCCOCCOCCOC,422.52
T1829,N#CC[C@H](C1CCCC1)n1cc(-c2ncnc3[nH]ccc23)cn1,306.37
T1834,CN1CCCN(C(=O)c2cccc(-c3ccc(/C=C4/C(=O)Nc5ccc(Cl)cc54)o3)c2)CC1,461.95
T18391,C#CCCCNC(=O)OC(C)(C)C,183.25
T1840,O=C1Nc2ccccc2/C1=C1\C(=O)Nc2ccccc21,262.27
T18410,O=C(CCOCCOCCN(CCOCCOCCC(=O)ON1C(=O)CCC1=O)C(=O)CCC(=O)N1Cc2ccccc2C#Cc2ccccc21)ON1C(=O)CCC1=O,818.83
T1844,O=C(/C=C/n1cnc(-c2cc(C(F)(F)F)cc(C(F)(F)F)c2)n1)NNc1cnccn1,443.31
T1846,Cc1c(C(=O)Nc2ccc(N3CCC(N4CCOCC4)CC3)c(C#N)c2)cnn1-c1ccc(Cl)cc1,505.02
T1848,O=C(N/N=C/c1ccc(O)c(O)c1)c1cc2ccccc2cc1O,322.32
T1849,N#CCNC(=O)c1ccc(-c2ccnc(Nc3ccc(N4CCOCC4)cc3)n2)cc1,414.47
T1850,CCCN1CCN(c2ccc(C(=O)NC3(C(=O)NCC#N)CCCCC3)cc2)CC1,411.55
T1854,Cc1cc(/N=N/c2ccc(S(=O)(=O)Nc3ccccn3)cc2)c(N)cc1O,383.43
T18560,C#CCCC(=O)ON1C(=O)CCC1=O,195.17
T18566,C#CCOCCOCCOCCOCCOCCOCCOCCOCCOCCOCCOCCOCCOCCBr,691.65
T18568,C#CCOCCOCCOCCOCCOCCOCCOCCOCCOCCOCCOCCOC,554.67
T18574,C#CCOCCOCCOCCOCCOCCOCCOCCOCCOCCOCCOCCOCCOCCOCCOCCOCCOC,774.94
T18578,C#CCOCCOCCOCCN,187.24
T18588,C#CCOCCOCCOCCOCCOCCOS(C)(=O)=O,354.42
T1862,N#CSc1cc(SC#N)c(N)nc1N,223.29
T18641,C#CCOc1cccc(Cc2cnc(NC(=O)CSc3nc(C)cc(C)n3)s2)c1,424.55
T1868,Clc1ccc(N/N=C(\c2ccccc2)c2ccccn2)nc1,308.77
T18680,NC(=O)CC[C@H](NC(=O)[C@@H]1CC[C@@H]2CCN(C(=O)CCCCCC#Cc3cccc4c3CN(C3CCC(=O)NC3=O)C4=O)C[C@H](NC(=O)c3cc4cc(C(F)(F)P(=O)(O)O)ccc4[nH]3)C(=O)N21)C(=O)NC(c1ccccc1)c1ccccc1,1158.17
T18680L,NC(=O)CC[C@H](NC(=O)[C@@H]1CC[C@@H]2CCN(C(=O)CCCCCC#Cc3cccc4c3CN(C3CCC(=O)NC3=O)C4=O)C[C@H](NC(=O)c3cc4cc(C(F)(F)P(=O)(O)O)ccc4[nH]3)C(=O)N21)C(=O)NC(c1ccccc1)c1ccccc1.O=C(O)C(F)(F)F,1272.19
T1872,CC1=C(/C=C/C(C)=C/C=C/C(C)=C/C(=O)Nc2ccc(O)cc2)C(C)(C)CCC1,391.56
T18766,O=C(CCCC[C@@H]1SC[C@@H]2NC(=O)N[C@@H]21)NCCOCCOCCOCCNC(=O)O[C@@H]1CC/C=C/CCC1,570.75
T1882,CN1C(=O)/C(=C2/C(=O)Nc3ccccc32)c2ccccc21,276.30
T18831,C#CCOc1cccc2c1C(=O)N(C1CCC(=O)NC1=O)C2=O,312.28
T1886,N#Cc1c(Oc2ccc(F)c(NC(=O)Cc3cccc(C(F)(F)F)c3)c2)ccc2nc(NC(=O)C3CC3)sc12,554.53
T18883,CN(C)c1ccc(/C=C/c2cccc[n+]2C)cc1.[I-],366.25
T1890,CCCCc1nc2cc(/C=C/C(=O)NO)ccc2n1CCN(CC)CC,358.49
T18908,CCn1/c(=N\N=c2\sc3cc(S(=O)(=O)[O-])ccc3n2CC)sc2cc(S(=O)(=O)[O-])ccc21.[NH4+].[NH4+],548.69
T18910,Nc1ccc(/N=N/c2ccc(S(=O)(=O)[O-])cc2)cc1S(=O)(=O)O.[Na+],379.35
T18914,CN(C)c1ccc(/C=C/C=C/C2=N[C@@H](C(=O)O)CS2)cc1.Cl,338.86
T18925,O=S(=O)([O][Na])c1cc(O)c2c(/N=N/c3c(S(=O)(=O)[O][Na])cc4cc(S(=O)(=O)[O][Na])cc(O)c4c3O)cc(S(=O)(=O)[O][Na])cc2c1,738.53
T18928,CC(=O)Nc1ccc(S(=O)(=O)[O-])c2cc(S(=O)(=O)[O-])c(/N=N/c3ccc(/N=N/c4ccc(S(=O)(=O)[O-])cc4)c4ccc(S(=O)(=O)[O-])cc34)c(O)c12.[Na+].[Na+].[Na+].[Na+],867.69
T18944,C#CCNC(=O)CCCCCN1C(=CC=CC2=[N+](CC)c3ccc(S(=O)(=O)O)cc3C2(C)C)C(C)(C)c2cc(S(=O)(=O)O)ccc21,668.86
T18948,CC1(C)C(=CC=CC=CC2=[N+](CCCS(=O)(=O)[O-])c3ccc(S(=O)(=O)O)cc3C2(C)C)N(CCCCCC(=O)NCCC(=O)N2Cc3ccccc3C#Cc3ccccc32)c2ccc(S(=O)(=O)O)cc21,1009.24
T18950,C#CCNC(=O)CCCCCN1C(=CC=CC=CC2=[N+](CC)c3ccc(S(=O)(=O)[O-])cc3C2(C)C)C(C)(C)c2cc(S(=O)(=O)O)ccc21,693.89
T18954L,CCN(CC)CC.CC[N+]1=C(/C=C/C=C/C=C/C=C2/N(CCCCCC(=O)ON3C(=O)CCC3=O)c3ccc(S(=O)(=O)O)cc3C2(C)C)C(C)(C)c2cc(S(=O)(=O)[O-])ccc21,881.13
T18956,CC[N+]1=C(/C=C/C=C/C=C/C=C2/N(CCCCCC(=O)O)c3ccc(S(=O)(=O)O)cc3C2(C)C)C(C)(C)c2cc(S(=O)(=O)[O-])ccc21,682.86
T18963,CN(C)c1ccc(/N=N/c2ccc(C(=O)O)cc2)cc1,269.30
T18969,CC1(C)C(=CC=CC2=[N+](CCCS(=O)(=O)[O-])c3ccc(S(=O)(=O)O)cc3C2(C)C)N(CCCCCC(=O)NCCC(=O)N2Cc3ccccc3C#Cc3ccccc32)c2ccc(S(=O)(=O)O)cc21,983.20
T18975,O=S(=O)([O-])c1cc(N=C=S)ccc1/C=C/c1ccc(N=C=S)cc1S(=O)(=O)[O-].[Na+].[Na+],498.50
T18979,Cc1cc(-c2ccc(/N=N/c3c(S(=O)(=O)[O][Na])cc4cc(S(=O)(=O)[O][Na])cc(N)c4c3O)c(C)c2)ccc1/N=N/c1c(S(=O)(=O)[O][Na])cc2cc(S(=O)(=O)[O][Na])cc(N)c2c1O,960.82
T1902,Cc1ccc(S(=O)(=O)/C=C/C#N)cc1,207.25
T19054,N#Cc1c2cc3c4c(c2[o+]c2c5c6c(cc12)CCCN6CCC5)CCCN4CCC3.[O-][Cl+3]([O-])([O-])[O-],495.96
T19059,CC1=NN(c2ccccc2)C(=O)/C1=C/C1C(=O)N(c2ccccc2)N=C1C,358.40
T19065,CN1/C(=C/c2cc[n+](C)c3ccccc23)Sc2ccccc21.Cc1ccc(S(=O)(=O)[O-])cc1,476.62
T19085,CCCCCCCC/C=C\CCCCCCCC(=O)O[C@H](COC(=O)CCCCCCCCCCCCCCC)COP(=O)([O-])OCC[N+](C)(C)C,760.09
T1910,CCCC(=O)O[C@H]1CC(=O)N(C)c2cc(cc(OC)c2Cl)C/C(C)=C\C=C/[C@@H](OC)[C@@]2(O)C[C@H](OC(=O)N2)[C@@H](C)[C@@H]2O[C@@]12C,635.15
T19110,CCC\C=C/C=C/C=C/C(=O)OC,180.25
T19118,CO[C@H]1/C=C\O[C@@]2(C)Oc3c(C)c(O)c4c(O)c(c(C=O)c(O)c4c3C2=O)NC(=O)/C(C)=C\C=C/[C@H](C)[C@H](O)[C@@H](C)[C@@H](O)[C@@H](C)[C@H](OC(C)=O)[C@@H]1C,725.79
T1917,O=C1Nc2cc(Br)ccc2/C1=C1/Nc2ccccc2/C1=N\O,356.18
T19180,CCCCC/C=C\C/C=C\C/C=C\C/C=C\CCCCCC(=O)O,332.53
T1922,COC(=O)C1=CC[C@@]23CC[C@@H]([C@@](C)(/C=C/C=C(\C)C(=O)O)OC2=O)[C@@]3(OC(C)=O)CC1,432.47
T19237,CCCCCCCC/C=C\CCCCCCCC(=O)O[C@H]1CC[C@@]2(C)C(=CC[C@H]3[C@@H]4CC[C@H]([C@H](C)CCCC(C)C)[C@@]4(C)CC[C@@H]32)C1,651.12
T1924,CC(=O)O/N=C1\C(=O)N(Cc2cc(Cl)ccc2Cl)c2ccc(Cl)cc21,397.65
T19252,[2H]C([2H])([2H])NC(=O)c1cc(C#N)cc(C)c1NC(=O)c1cc(Br)nn1-c1ncccc1Cl,476.74
T1927,O=C1/C(=C/c2cccs2)CC/C1=C\c1cccs1,272.39
T19294,CC/C=C\C/C=C\C/C=C\C/C=C\C/C=C\C/C=C\CCC(=O)OC,342.52
T19295,CC/C=C\C/C=C\C/C=C\C/C=C\C/C=C\CCCCCC(=O)O,330.51
T19316,CCCCCCCC/C=C\CCCCCCCC(=O)OCC,310.52
T1934,CC(C)(C)c1ccc(S(=O)(=O)/C=C/C#N)cc1,249.33
T1936,CCc1cc2c(cc1N1CCC(N3CCOCC3)CC1)C(C)(C)c1[nH]c3cc(C#N)ccc3c1C2=O,482.63
T19412,C/[N+]([O-])=N/CO[C@@H]1O[C@H](CO[C@@H]2OC[C@@H](O)[C@H](O)[C@H]2O)[C@@H](O)[C@H](O)[C@H]1O,384.34
T19424,COC(=O)CC/C(C)=C/Cc1c(O)c2c(c(C)c1OC)COC2=O,334.37
T19450,CC1(C)C(=O)N(c2ccc(C#N)c(C(F)(F)F)c2)C(=S)N1c1ccc(C(N)=O)c(F)c1,450.42
T19455,C#CCOC(=O)NCCCC[C@H](N)C(=O)O.Cl,264.71
T19500,CCCCCC/C=C/CCCCCCCC(=O)O,254.41
T19504,CCCCCC/C=C\CCCCCCCCCCCC(=O)O,310.52
T1951,CN1C[C@@H]2c3ccccc3Oc3ccc(Cl)cc3[C@H]2C1.O=C(O)/C=C\C(=O)O,401.85
T19533,C#CCN(C)c1c(C#N)cnn1-c1nn2c(c1Cl)CCCC2,314.78
T19581,C/C=C(\C)C(=O)O[C@H](CC(=O)[O-])C[N+](C)(C)C,243.30
T19583,CCn1cnc2c(Nc3cccc(NC(=O)C#Cc4ccc(C)cc4)c3)nc(N[C@H]3CC[C@H](O)CC3)nc21,509.61
T19589,CCCCCCCC/C=C/C(=O)O,184.28
T19709,O=C(Cc1cccs1)N[C@@H]1C(=O)N2C(C(=O)O)=C(/C=C/c3ccc([N+](=O)[O-])cc3[N+](=O)[O-])CS[C@H]12,516.51
T19714,Cc1nn(C)c(Oc2ccccc2)c1/C=N/OCc1ccc(C(=O)OC(C)(C)C)cc1,421.50
T19751,CC(C)[C@H](C(=O)O[C@H](C#N)c1cccc(Oc2ccccc2)c1)c1ccc(Cl)cc1,419.91
T19752,COC(C)(C)CCC[C@H](C)C/C=C/C(C)=C/C(=O)OC(C)C,310.48
T19755,O=C1/C(=C2/Nc3ccc(S(=O)(=O)[O-])cc3C2=O)Nc2ccc(S(=O)(=O)[O-])cc21.[Na+].[Na+],466.36
T19769,CC(C)NCC(O)c1ccc(N)c(C#N)c1,219.29
T19786,C=CC1=C(C)/C2=C/c3c(C)c(CCC(=O)O)c4[n]3[Fe]([OH])[n]3/c(c(C)c(C=C)/c3=C/C3=NC(=C\4)/C(CCC(=O)O)=C3C)=C\C1=N2,633.51
T1979,CC[C@H](CC#N)OC(=O)N[C@@H](C)c1cccc(NC(=O)Nc2ccc(-c3cnco3)c(OC)c2)c1,477.52
T1980,CCOC(=O)C1=C(N)Oc2ccc(Br)cc2C1C(C#N)C(=O)OCC,409.24
T19807,CCN1\C(=C/C=C/C=C/c2sc3ccccc3[n+]2CC)Sc2ccccc21.[I-],518.49
T19816,CC1(C)CNC(=NN=C(/C=C/c2ccc(C(F)(F)F)cc2)/C=C/c2ccc(C(F)(F)F)cc2)NC1,494.48
T1982,NC(=S)N/N=C/c1ncccc1N,195.25
T19829,CCOCn1c(-c2ccc(Cl)cc2)c(C#N)c(Br)c1C(F)(F)F,407.62
T19853,COc1ccc(/C=C/C(=O)CC(=O)/C=C/c2ccc(OC)c(OC)c2)cc1OC,396.44
T19860,O=C(O)[C@H]1/C(=C/CO)O[C@@H]2CC(=O)N21,199.16
T19914,N#Cc1c(Cl)c(Cl)c(Cl)c(C#N)c1Cl,265.91
T1993,COc1cccc(/C=N/N(C(=O)C(F)(F)F)c2ccc(C)cc2C)c1,350.34
T19939,CCCCOC(=O)[C@@H](C)Oc1ccc(Oc2ccc(C#N)cc2F)cc1,357.38
T19940,CC(c1ccc(C(F)(F)F)nc1)S(C)(=O)=NC#N,277.27
T19965,COc1cc2ncnc(Nc3ccc(F)c(Cl)c3)c2cc1NC(=O)/C=C/CN1CCCCC1.O,487.96
T1998,N#CN/C(=N\c1ccncc1)NCCCCCCOc1ccc(Cl)cc1,371.87
T2004,O=C(O)/C=C\C(=O)O.O=C(c1ccc(OCCCc2cnc[nH]2)cc1)C1CC1,386.40
T2010,Cc1ccc(CN(Cc2ccc(-c3ccccc3S(=O)(=O)NC#N)cc2)C(=O)c2ccccc2Cl)cc1,530.05
T201032,CC(C)(C)[C@H](NC(=O)c1cc2cc(C(F)(F)P(=O)(O)O)ccc2s1)C(=O)N1C[C@@H](OCCCCCC#Cc2cccc3c2CN(C2CCC(=O)NC2=O)C3=O)C[C@H]1C(=O)N1CCO[C@H](c2ccccc2)C1,1016.07
T20129,C#CCC(N)C(=O)O,113.12
T201315,CC1(C)Oc2cc3oc(=O)ccc3cc2C[C@@H]1OC/C=C/c1ccccc1,362.43
T201415,CN1Cc2c(NCc3ccc(CN4CCN(c5ccc(C#N)c(F)c5)CC4)cc3)cccc2C(=O)N1C1CCC(=O)NC1=O,595.68
T2015,COC(=O)/C=C/c1cccc(N(Cc2ccc(-c3ccc(N(C)C)cc3)cc2)C(=O)C2CCCCC2)c1,496.65
T20154,CCCC(=O)OC/C=C(\C)CCC=C(C)C,224.34
T2018,Cc1cccc(/C=N/Nc2cc(N3CCOCC3)nc(OCCc3ccccn3)n2)c1,418.50
T201918,O=C(O)c1c(O)cc(O)cc1/C=C/c1ccccc1,256.26
T2023,Cn1cc(/C=C/C(=O)c2cccc(F)c2)cc1/C=C/C(=O)NO,314.32
T202605,Cc1nc(C#Cc2ccc(-c3cc(F)cc(C#N)c3)nc2)cs1,319.36
T20261,N#Cc1ccc2ccccc2c1,153.18
T203012,CC(=O)N1CCN(c2ccc(CN(C(=O)/C=C/c3ccc(C(C)(C)C)cc3)[C@@H](Cc3ccccc3)C(=O)N3CCN(Cc4ccc(C#N)cc4)CC3)cc2)CC1,750.99
T203352,Cn1cc(C#N)c(N)n1,122.13
T203413L,CN(Cc1ccc(/C=C/C(=O)NO)cc1)CC12CC3CC(CC(C3)C1)C2.Cl,390.96
T20346,O/N=C/c1ccccc1O,137.14
T203712,C#CCOc1ccc(N(C(=O)CCl)C(C(=O)NCCc2ccccc2)c2cccs2)cc1Cl,501.44
T203822,N#CC(Br)(Br)C(N)=O,241.87
T203826,CCC/C=C/C(=O)OC,128.17
T203835,CCCCCCC#CC(=O)OC,168.24
T203838,CC/C=C\CCOC(=O)C(C)O,172.22
T203844,COc1cc(/C=C/c2ccc(O)cc2)cc(OC)c1OC,286.33
T203856,C/C=C(/C)C(=O)OCC(C)C,156.22
T203878,CC/C=C\CCC=O,112.17
T203903,CCC/C=C/C(=O)OCC,142.20
T203919,CCCC(=O)OC/C=C(/C)CCC=C(C)C,224.34
T203930,CCCCC/C=C/C(=O)OCC,170.25
T203941,O=C(O)/C=C/Cl,106.51
T203950,C/C(C=O)=C\c1ccco1,136.15
T203953,CCCCCC/C=C/C=C/C=O,166.26
T203955,CC/C=C\CCOC=O,128.17
T203964,CCC/C=C/COC(=O)CCCCC,198.31
T203990,Cl/C=C\CCl,110.97
T204084,C#Cc1c(F)ccc2cc(N)cc(-c3c(F)cc4c(N5CC6C=CC(C5)N6)nc(OCC56CCCN5CC(F)C6)nc4c3F)c12,614.65
T204088,CC1(C)[C@H](NC(=O)c2ccc(N3CCC(CN4CCN(c5ccc6c(=O)n([C@H]7CCC(=O)NC7=O)ncc6c5)CC4)CC3)cc2)C(C)(C)[C@H]1Oc1ccc(C#N)c(Cl)c1,819.41
T204096,O=C(O)C/C(=C\c1ccccc1)C(=O)O,206.20
T204344,CCOc1ccc(-n2c(SCc3ccc(C#N)cc3)nc3ccccc3c2=O)cc1,413.50
T20453,N#CCC(N)=O,84.08
T20456,N#CCCCCCl,117.58
T204712,CCNc1nc(CC)c(C(=O)NC(C#N)c2cccs2)s1,320.44
T2050,N#Cc1cccc(-c2c[nH]c3ncnc(N4CCOCC4)c23)c1,305.34
T20506,NC(=O)NC(=O)/C=C\C(=O)O,158.11
T20508,CCC/C=C\CCCCCCCOC(C)=O,226.36
T20516,C/C=C/C=C/CCCCCCCO,182.31
T205434,CC1(C)CCSc2ccc(C#Cc3ccc(C(=O)O)c(O)c3)cc21,338.43
T20592,O=C(O)CCC/C=C\C[C@H]1[C@H](/C=C/[C@H](O)COc2cccc(Cl)c2)[C@@H](O)C[C@H]1O,424.92
T205924,C[C@H]1Cn2ncc(C(=O)Nc3cccc(C#N)c3)c2C(=O)N1c1ccc(C(F)(F)c2ccccc2)cc1,497.51
T205969,C#CCCC1(CC(=O)O)N=N1,152.15
T2060,Cc1ccc(S(=O)(=O)Nc2cc(-c3ccc(C#N)s3)ccc2C)cc1,368.48
T206027,CC/C=C\CCOC(=O)c1ccccc1,204.27
T206045,Cc1ncsc1-c1ccc(CNC(=O)[C@@H]2C[C@@H](O)CN2C(=O)[C@@H](c2cc(OCCCCN3CCCN(c4nccc(-c5noc([C@@]6(C)CCCc7sc(N)c(C#N)c76)n5)n4)[C@@H](C)C3)no2)C(C)C)cc1,989.24
T2061,Cc1cccc(/C=N/Nc2cc(N3CCOCC3)n3nc(-c4ccncc4)cc3n2)c1,413.49
T206106,CC1=NN(c2ccccc2)C(=O)/C1=C/c1ccc(N(C)C)cc1,305.38
T206169,N#C[C@@H]1CSCN1C(=O)CNC(=O)c1ccnc2ccc(N3CCOCC3)cc12,411.49
T20620,CCSC(C)CC1CC(=O)C(/C(CC)=N/OC/C=C/Cl)=C(O)C1,359.92
T2063,N#CC(C#N)=Cc1ccc(O)c(O)c1,186.17
T2065,N=C1S/C(=C\c2ccc(-c3ccc4c(c3)C(=O)NC4=O)o2)C(=O)N1c1ccc(Br)cc1,494.33
T20656,COc1ccc(CCN(C)CCCC(C#N)(c2ccc(OC)c(OC)c2)C(C)C)cc1OC,454.61
T2067,CC(C)(O)c1ccc2c(c1)ncn2-c1cccc(-c2ccccc2C#N)c1,353.43
T20692L,CC(=O)O.CC(C)C[C@H](NC(=O)[C@H](Cc1ccccc1)NC(=O)[C@@H](NC(=O)[C@H](Cc1cnc[nH]1)NC(=O)[C@H](CC(=O)O)NC(=O)[C@@H](NC(=O)[C@H](CC(=O)O)NC(=O)[C@H]1CCCN1)C(C)C)C(C)C)C(=O)N[C@@H](CCCNC(=N)N)C(=O)N[C@@H](Cc1ccccc1)C(N)=O,1303.49
T20693,Clc1ccc(CO/N=C(\Cn2ccnc2)c2ccc(Cl)cc2Cl)c(Cl)c1,429.13
T20704L,CC(=O)O.CC[C@H](C)[C@H](NC(=O)[C@H](CCSC)NC(=O)CNC(=O)[C@@H]1CCC(=O)N1)C(=O)NCC(=O)N[C@H](C(=O)N[C@@H](CC(C)C)C(=O)N[C@H](C(=O)N[C@@H](CO)C(=O)N[C@@H](CCCCN)C(=O)N[C@@H](CCCNC(=N)N)C(=O)N[C@H](C(=O)N[C@@H](CCCCN)C(=O)N[C@@H](CCC(N)=O)C(N)=O)[C@@H](C)CC)[C@@H](C)O)[C@@H](C)O,1602.93
T207072,CC/C=C/CC(=O)OC,128.17
T20713,N#CCNC(=O)c1cnccc1C(F)(F)F,229.16
T20719,C#CCOc1cc(-n2nc(C(C)(C)C)oc2=O)c(Cl)cc1Cl,341.19
T20720,C#C[C@@]1(OC(=O)CCCCCC)CC[C@H]2[C@@H]3CCC4=CC(=O)CC[C@@H]4[C@H]3CC[C@@]21C,410.60
T20728,C/C=C/c1cc(OC)c2c(c1)[C@@H](C)[C@H](c1ccc(O)c(OC)c1)O2,326.39
T20731,CCOc1ccc(Nc2ccc(/C(=C3C=C/C(=[N+](\CC)Cc4cccc(S(=O)(=O)[O-])c4)C=C/3C)c3ccc(N(CC)Cc4cccc(S(=O)(=O)[O-])c4)cc3C)cc2)cc1.[Na+],854.04
T20744,C#C[C@@]1(O)[C@H](O)C[C@H]2[C@@H]3CCc4cc(OC5CCCC5)ccc4[C@H]3CC[C@@]21C,380.53
T20754,CC1(C)[C@H](C(=O)O[C@H](C#N)c2cccc(Oc3ccccc3)c2)[C@@H]1C=C(Br)Br,505.21
T20761,CC1(C)C(=O)N(c2ccc(C#N)c(C(F)(F)F)c2)C(=S)N1CCCCO,385.41
T20789,C[C@](O)(COc1ccc(Cl)c(F)c1)C(=O)Nc1ccc(C#N)c(C(F)(F)F)c1,416.76
T20793,O=C1[O-]->[Mg+2]23<-[O]=C(C=Cc4ccc(O)c5c4C(C(OC(Cc4ccc(O)c(O)c4)C(=O)[O-]->2)=[O]->3)C(c2ccc(O)c(O)c2)O5)OC1Cc1ccc(O)c(O)c1,740.91
T20828,CN(C)CCCC1(c2ccc(F)cc2)OCc2cc(C#N)ccc21,324.40
T2084,CC(C)(C#N)c1ccc(N2C(=O)OCc3cnc4ccc(-c5cnc6ccccc6c5)cc4c32)cc1,470.53
T20879,C=CC[C@@H]1/C=C(\C)C[C@H](C)C[C@H](OC)[C@H]2O[C@@](O)(C(=O)C(=O)N3CCCC[C@H]3C(=O)O[C@H](/C(C)=C/[C@@H]3CC[C@@H](O)[C@H](OC)C3)[C@H](C)[C@@H](O)CC1=O)[C@H](C)C[C@@H]2OC.O,822.05
T20890,CO[C@H]1/C=C\C=C(\C)C(=O)NC2=CC(=O)C(NCCN(C)C)=C(C[C@@H](C)C[C@H](OC)[C@H](O)[C@@H](C)/C=C(/C)[C@@H]1OC(N)=O)C2=O,616.76
T20905,N#Cc1c[nH]cc1-c1cccc2c1OC(F)(F)O2,248.19
T20911,CCCCOC(=O)/C=C\C(=O)OCCCC,228.29
T20939,O=C(O)CCC/C=C\C[C@@H]1[C@@H](/C=C/[C@@H](O)CCc2ccccc2)[C@H](O)C[C@@H]1O,388.50
T20974,CCCN1/C(=C\C=C2/CCCC(/C=C/C3=[N+](CCC)c4ccccc4C3(C)C)=C2Cl)C(C)(C)c2ccccc21.[I-],667.12
T21011,O=C1CC2(CCCC2)CC(=O)N1CCCCN1CCN(c2ncccn2)CC1,385.51
T21023,COc1nc2ccc(Br)cc2cc1[C@@H](c1ccccc1)[C@@](O)(CCN(C)C)c1cccc2ccccc12.O=C(O)/C=C/C(=O)O,671.59
T210528,CC(=O)N[C@H]1[C@H](OCCCCC(=O)NCCCNC(=O)CCOCC(COCCC(=O)NCCCNC(=O)CCCCO[C@@H]2O[C@H](CO)[C@H](O)[C@H](O)[C@H]2NC(C)=O)(COCCC(=O)NCCCNC(=O)CCCCO[C@@H]2O[C@H](CO)[C@H](O)[C@H](O)[C@H]2NC(C)=O)NC(=O)CCOCCOCCOCCOCCNC(=O)CCC(=O)N2Cc3ccccc3C#Cc3ccccc32)O[C@H](CO)[C@H](O)[C@@H]1O,1950.20
T21137,N#Cc1cccc(C#N)c1,128.13
T21153,C/N=C(/NCc1cnc(Cl)s1)N[N+](=O)[O-],249.68
T21165,CCCCC/C=C/C=C/C(=O)NCC(C)C,223.36
T21224,O=C(O)CCC/C=C\C[C@@H]1[C@@H](/C=C/[C@@H](O)COc2cccc(C(F)(F)F)c2)[C@H](O)C[C@@H]1O,458.47
T21254,CNCc1cc(-c2ccccc2F)n(S(=O)(=O)c2cccnc2)c1.O=C(O)/C=C/C(=O)O,461.47
T21263,CCOC(=O)C1=C(COCCN)NC(C)=C(C(=O)OC)C1c1ccccc1Cl.O=C(O)/C=C\C(=O)O,524.95
T21275,CO/C=C(/C(=O)OC)c1ccccc1Oc1cc(Oc2ccccc2C#N)ncn1,403.39
T21295,CN(C)Cc1cccc(N/C(=C2\C(=O)Nc3cc(C(=O)N(C)C)ccc32)c2ccccc2)c1,440.55
T21312,CN(C)C/C=C/C(=O)Nc1cc2c(Nc3ccc(F)c(Cl)c3)ncnc2cc1OC1CCOC1,485.95
T21319,CC[C@@]1(O)C(=O)OCc2c1cc1n(c2=O)Cc2c-1nc1ccccc1c2/C=N/OC(C)(C)C,447.49
T21319L,CC[C@@]1(O)C(=O)OCc2c1cc1n(c2=O)Cc2c-1nc1ccccc1c2/C=N/OC(C)(C)C.Cl,483.95
T21331,C[C@H](CN(C)C)Oc1nc(Nc2cc3cccc(Cl)c3cn2)cnc1C#N,382.86
T21332,N#CC(=C(N)Sc1ccccc1N)C(C#N)=C(N)Sc1ccccc1N,380.50
T21392,Fc1ccc(C(c2ccc(F)cc2)N2CCN(C/C=C/c3ccccc3)CC2)cc1,404.50
T21395,CCOc1ncc(C)c2c1[C@H](c1ccc(C#N)cc1OC)C(C(N)=O)=C(C)N2,378.43
T2140,C=C1C(=O)O[C@H]2[C@H]1CC/C(C)=C/CC[C@@]1(C)O[C@@H]21,248.32
T21405,CC(C)n1c(/C=C/[C@H](O)C[C@H](O)CC(=O)O)c(-c2ccc(F)cc2)c2ccccc21,411.47
T21408,COc1cc2cc(c1Cl)N(C)C(=O)C[C@H](OC(=O)[C@H](C)N(C)C(=O)CCSSC)[C@]1(C)O[C@H]1[C@H](C)[C@@H]1C[C@@](O)(NC(=O)O1)[C@H](OC)/C=C/C=C(/C)C2,784.39
T2144,C=CC[C@@H]1/C=C(\C)C[C@H](C)C[C@H](OC)[C@H]2O[C@@](O)(C(=O)C(=O)N3CCCC[C@H]3C(=O)O[C@H](/C(C)=C/[C@@H]3CC[C@@H](O)[C@H](OC)C3)[C@H](C)[C@@H](O)CC1=O)[C@H](C)C[C@@H]2OC,804.03
T2145,CO[C@H]1C[C@@H]2CC[C@@H](C)[C@@](O)(O2)C(=O)C(=O)N2CCCC[C@H]2C(=O)O[C@H]([C@H](C)C[C@@H]2CC[C@@H](OC(=O)C(C)(CO)CO)[C@H](OC)C2)CC(=O)[C@H](C)/C=C(\C)[C@@H](O)[C@@H](OC)C(=O)[C@H](C)C[C@H](C)/C=C/C=C/C=C/1C,1030.30
T21450,N#CCCCCn1cc(C(=O)c2cccc3ccccc23)c2ccccc21,352.44
T21472,CC(C1=C(CCN(C)C)Cc2ccccc21)c1ccccn1.O=C(O)/C=C\C(=O)O,408.50
T21478,CC1(C)Oc2ccc(C#N)cc2[C@H](N2CCCC2=O)[C@H]1O,286.33
T21480,CCOC(=O)/C=C\C(=O)OCC,172.18
T21482,CC(C)(C)C(O)/C(=C\c1ccc(Cl)cc1)n1cncn1,291.78
T21497,CC1=C(/C=C/C(C)=C\C=C\C(C)=C\C(=O)O)C(C)(C)CCC1,300.44
T21500,CCCCCCCCCCCCC/C=C/[C@@H](O)[C@@H](N)COP(=O)(O)O,379.48
T21504,CCCCC/C=C\C/C=C\C/C=C\CCCCC(=O)OC,292.46
T21513,C=C1[C@@H](C)[C@H]2[C@H](Cc3ccccc3)NC(=O)[C@]23[C@H](OC(C)=O)C=C[C@](C)(O)C[C@@H](C)C/C=C/[C@H]3[C@@H]1O,493.64
T21527,N#Cc1nc2c(nc1C#N)-c1ccc(Cl)cc1C2=O,266.65
T21537L,COc1ccc2c(c1)C=C1Cn3c-2c(C2CCCCC2)c2ccc(cc23)/C(O)=N/S(=O)(=O)N(C)CCOCCN(C)C1=O.C[N+](C)(C)CCO.[OH-],727.92
T21551,C#CCC(CCCCCC)C(=O)O,182.26
T21556,Nc1c2c(nc3ccccc13)CCCC2O.O=C(O)/C=C\C(=O)O,330.34
T2156,C[C@H](NC(=O)/C(C#N)=C/c1cccc(Br)n1)c1ccccc1,356.22
T21616,CN1CCN(c2nc(-c3ccc(C(=O)NC4(C(=O)NCC#N)CCCCC4)cc3)cs2)CC1,466.61
T21622,N#CC(C#N)=Cc1cc(O)c(O)c(O)c1,202.17
T21648,COc1ccc(/C=C/c2nc(NCCCN(C)C)c3ccccc3n2)cc1.Cl.Cl,435.40
T21649L,CC(=O)O.CC[C@H](C)[C@H](NC(=O)[C@H](CC(C)C)NC(=O)[C@H](CC(N)=O)NC(=O)[C@H](CCC(=O)O)NC(=O)[C@H](C)NC(=O)[C@@H](N)CC(=O)O)C(=O)N[C@@H](CC(=O)O)C(=O)N[C@@H](CO)C(=O)N[C@@H](Cc1ccccc1)C(=O)N[C@@H](CCC(N)=O)C(=O)N[C@@H](CCC(=O)O)C(=O)N[C@H](C(=O)N[C@H](C(=O)O)C(C)C)[C@@H](C)CC,1552.66
T21654,CCCCCCCC/C=C\CCCCCCCC(=O)OC[C@@H](O)COP(=O)([O-])O.[Na+],458.51
T21666,Cl.N#Cc1ccc(N2CCN(C(=O)COc3ccc4[nH]cc(CCN)c4c3)CC2)cc1,439.95
T21679,Oc1cc(O)cc(/C=C/c2ccc(Br)cc2)c1,291.14
T21714,CC1(C)CC=C(c2ccccc2)c2cc(/C=C/c3ccc(C(=O)O)cc3)ccc21,380.49
T21727,CC[C@H](C)[C@H]1O[C@]2(CC[C@@H]1C)C[C@@H]1C[C@@H](C/C=C(\C)[C@@H](O[C@H]3C[C@H](OC)[C@@H](O[C@H]4C[C@H](OC)[C@@H](O)[C@H](C)O4)[C@H](C)O3)[C@@H](C)/C=C/C=C3\CO[C@@H]4[C@H](O)C(C)=C[C@@H](C(=O)O1)[C@]34O)O2,875.11
T21740,CNC(=O)c1ccc(N2C(=S)N(c3ccc(C#N)c(C(F)(F)F)c3)C(=O)C23CCC3)cc1F,476.46
T21769L,CC(=O)O.CC[C@H](C)[C@H](NC(=O)[C@H](CCCCN)NC(=O)[C@@H](NC(=O)[C@@H](N)CCCNC(=N)N)[C@@H](C)CC)C(=O)NCC(=O)N[C@@H](CC(C)C)C(=O)N[C@@H](Cc1ccccc1)C(=O)N[C@@H](CC(=O)O)C(=O)N[C@@H](CCC(N)=O)C(=O)N[C@@H](CC(C)C)C(=O)N[C@@H](CO)C(=O)N[C@@H](CCCNC(=N)N)C(=O)N[C@@H](CC(C)C)C(N)=O,1617.96
T21781,CC(=O)N1CCN(C(=O)/C=C/c2ccc(Sc3ccccc3C(C)C)c([N+](=O)[O-])c2)CC1,453.56
T21792,C#CCN(C)CC1=Cc2ccccc2Oc2ccccc21.O=C(O)/C=C\C(=O)O,391.42
T21808,CC1=CC(=O)/C(=C/c2ccc(O)c(O)c2)O1,218.21
T21815,CCCCCc1ccc(/C=C/C(=O)Nc2cc(Cl)ccc2C(=O)O)cc1,371.86
T21818,CC(=O)[C@H]1[C@H](C#N)C[C@H]2[C@@H]3CC=C4C[C@@H](O)CC[C@]4(C)[C@H]3CC[C@@]21C,341.50
T21823,CC(=O)Oc1ccccc1C(=O)NCC[Se]C#N,311.20
T21853,N#C/C(=C\c1ccc(O)c(O)c1)C(=O)NCCCCc1ccccc1,336.39
T21854,CN1C/C(=C/c2ccc(B(O)O)cc2)C(=O)/C(=C\c2ccc(B(O)O)cc2)C1,377.01
T21902,CNc1oc(-c2cccc3ccccc23)nc1C#N,249.27
T21915,O=C(O)/C=C/c1cc(Br)c(Br)c(Br)c1Br,463.75
T21938,O=C1NC(=O)/C(=C/c2ccc3c(c2)OCO3)S1,249.25
T2194,COc1cc(-c2ccc(/N=N/c3ccc4c(S(=O)(=O)[O-])cc(S(=O)(=O)[O-])c(N)c4c3O)c(OC)c2)ccc1/N=N/c1ccc2c(S(=O)(=O)[O-])cc(S(=O)(=O)[O-])c(N)c2c1O.[Na+].[Na+].[Na+].[Na+],992.82
T21955,COc1ccc(Br)cc1/C=C1\SC(=O)N(Cc2ccc(C)cc2)C1=O,418.31
T2196,N#Cc1nn(-c2c(Cl)cc(C(F)(F)F)cc2Cl)c(N)c1S(=O)C(F)(F)F,437.15
T21966,CN1C(=O)/C(=C2\Nc3ccccc3\C2=N/O)c2ccc(Br)cc21,370.21
T21979,CC[C@H](C)[C@H](N)C(=O)N1CCSC1.CC[C@H](C)[C@H](N)C(=O)N1CCSC1.O=C(O)/C=C/C(=O)O,520.72
T2199,CCCCC(C#N)(Cn1cncn1)c1ccc(Cl)cc1,288.78
T21992,Ic1cccc(/C=N/Nc2nc(N3CCOCC3)nc(N(c3ccccc3)c3ccccc3)n2)c1,577.43
T22021,N#Cc1c(C2CCNCC2)cc(-c2c(O)cccc2OCC2CC2)nc1N,364.45
T22094,O=C(NCc1ccccc1)c1c(/N=C/c2c(O)ccc3ccccc23)sc2c1CCCC2,440.57
T22136,O=C1NC(=S)S/C1=C/c1cc(Br)ccc1OCc1ccccc1Br,485.22
T2216,CCN(CC)C(=O)/C(C#N)=C/c1cc(O)c(O)c([N+](=O)[O-])c1,305.29
T2217,C/C=C(\C)C(=O)N[C@@H](c1ccccc1)[C@@H](O)C(=O)O[C@H]1C[C@@]2(O)[C@@H](OC(=O)c3ccccc3)C3[C@](C)(C(=O)[C@H](OC(C)=O)C(=C1C)C2(C)C)[C@@H](O)C[C@H]1OC[C@@]31OC(C)=O,831.91
T2222,CN(C)CCOC(c1ccc(Cl)cc1)c1ccccn1.O=C(O)/C=C\C(=O)O,406.87
T22223,O=C(/C=C/c1cccnc1)c1ccncc1,210.24
T22228,CC[C@H]1OC(=O)C[C@@H](OC(C)=O)[C@H](C)[C@@H](O[C@@H]2O[C@H](C)[C@@H](O[C@@H]3C[C@@H](C)[C@H](OC(=O)CC(C)C)[C@](C)(O)O3)[C@H](N(C)C)[C@H]2O)[C@@H](CC=O)C[C@@H](C)C(=O)/C=C\C(C)=C/[C@@H]1CO[C@@H]1O[C@H](C)[C@@H](O)[C@@H](OC)[C@H]1OC.O=C(O)[C@H](O)[C@@H](O)C(=O)O,1192.35
T22251,Fc1ccc2c(/C=C/c3cccnc3)c[nH]c2c1,238.27
T22253,N#Cc1ccnc(N2C(=O)CC[C@H]2C(=O)N(c2cncc(F)c2)C(C(=O)NC2CC(F)(F)C2)c2ccccc2Cl)c1,582.97
T22262,COc1cc2cc(c1Cl)N(C)C(=O)C[C@H](OC(=O)C(C)C)[C@]1(C)O[C@H]1[C@H](C)[C@@H]1C[C@@](O)(NC(=O)O1)[C@H](OC)/C=C\C=C(\C)C2,635.15
T22263,N#Cc1ccc(O[C@H]2CC[C@H](NC(=O)c3ccc(N4CCC(CN5CCN(c6cc7c(cc6F)C(=O)N(C6CCC(=O)NC6=O)C7=O)CC5)CC4)nn3)CC2)cc1Cl,812.30
T22264,N#Cc1cccnc1N1CCN(C(=O)c2cccc(Cc3n[nH]c(=O)c4ccccc34)c2)CC1,450.50
T22276,Cc1occc2=[O]->[V+2]3(=[O])(<-[O]=c4ccoc(C)c4[O-]->3)<-[O-]c12,317.15
T22285,CCCCC[C@](C)(O)/C=C/[C@@H]1[C@@H](C/C=C\CCCC(=O)O)[C@@H](O)C[C@H]1O,368.51
T22286,COC1=C(C)C(=O)C2=C(C1=O)[C@H](CNC(=O)[C@H](C)N)N1[C@@H](C#N)[C@@H]3Cc4cc(C)c(OC)c(O)c4[C@H]([C@@H]1C2)N3C,549.63
T22288,COc1ccc2[nH]c(O)c(C=c3ccc4c(c3)N=NC=4/C=C/c3ccc(N4CCN(C)CC4)nc3)c2c1.Cl.Cl,565.51
T22295,CC/C=C\CCO,100.16
T2233,CC(C)c1onc(-c2c(Cl)cccc2Cl)c1COc1ccc(/C=C/c2cccc(C(=O)O)c2)c(Cl)c1,542.85
T2234,N#Cc1c(NC(=O)c2cccc3ccccc23)sc2c1CCCC2,332.43
T22349,CCNC(=O)Nc1ccc(Oc2ncnc(N)c2/C=N/OC)cc1Cl,364.79
T2235,Cn1c(=O)n(-c2ccc(C(C)(C)C#N)cc2)c2c3cc(-c4cnc5ccccc5c4)ccc3ncc21,469.55
T2236,CC1(C)C(=O)N(c2ccc(C#N)c(C(F)(F)F)c2)C(=O)N1CCCCO,369.34
T22371,COc1cc2c(cc1OC)[C@@H](Cc1cc(OC)c(OC)c(OC)c1)[N+](C)(CCCOC(=O)CC/C=C/CCC(=O)OCCC[N+]1(C)CCc3cc(OC)c(OC)cc3[C@H]1Cc1cc(OC)c(OC)c(OC)c1)CC2.[Cl-].[Cl-],1100.18
T22394,Cc1cnc(C(=O)N[C@H]2CCCCC/C=C\[C@@H]3C[C@@]3(C(=O)NS(=O)(=O)C3CC3)NC(=O)[C@@H]3C[C@@H](Oc4nc5ccccc5c5ccccc45)CN3C2=O)cn1,765.89
T22424,N#Cc1ccc(Oc2ccc(NC(=O)Nc3ccc(Cl)c(C(F)(F)F)c3)cc2)cc1,431.80
T22431,CCOc1ccccc1/C=C1\C(=O)Nc2ccccc21,265.31
T22432,O=C1Nc2ccccc2/C1=C/c1cccs1,227.29
T22436,N#CC1(c2cccc(C(=O)Nc3cc(Oc4ccc5nc(NC(=O)C6CC6)sc5n4)ccc3F)c2Cl)CC1,548.00
T22439,CC[C@H]1OC(=O)C[C@@H](O)[C@H](C)[C@@H](O[C@@H]2O[C@H](C)[C@@H](O)[C@H](N(C)C)[C@H]2O)[C@@H](CCN2C[C@H](C)C[C@H](C)C2)C[C@@H](C)C(=O)/C=C/C(C)=C/[C@@H]1CO[C@@H]1O[C@H](C)[C@@H](O)[C@@H](OC)[C@H]1OC.O=P(O)(O)O,967.14
T2244,CC(C)(C)c1cc(C(=O)/C(C#N)=N/Nc2cccc(Cl)c2)no1,330.78
T2245,CC#CC(=O)Nc1ccc2ncnc(Nc3cccc(Br)c3)c2c1,381.23
T22450,C[C@H](NC(=O)/C(C#N)=C/c1ccc(O)c(O)c1)c1ccccc1,308.34
T22457,N#CC1=C(N)CCNC1,123.16
T2248,O=C1NC(=O)/C(=C/c2ccc3nccnc3c2)S1,257.27
T2250,CCN(CC)c1ccc(/C=N/NC(=O)c2ccc(O)cc2)cc1,311.38
T22502,N#C/C(=C\c1ccc(O)c(O)c1)C(=O)OCCc1cccs1,315.35
T22513,O=C(O)/C=C\C(=O)O.c1ccc(CCCCN2CCC(c3ccccc3)CC2)cc1,409.53
T22520,NCCc1c[nH]c2ccc(C(N)=O)cc12.O=C(O)/C=C\C(=O)O,319.32
T2253,N#Cc1c(-c2ccccc2)cc(-c2cc(Br)ccc2O)[nH]c1=O,367.20
T22563,Cc1c(C(=O)NN2CCS(=O)(=O)CC2)nn(-c2ccc(Cl)cc2Cl)c1-c1ccc(C#CCCC#N)cc1,556.48
T22586,CCCCC/C=C\C/C=C\C/C=C\C/C=C\CCCC(=O)NCc1ccc(O)c(OC)c1,439.64
T22638,CCS(=O)(=O)N(Cc1cccnc1)c1cccc(-c2ccc(C#N)cc2)c1.Cl,413.93
T22641,N#Cc1cccc(C(=O)Nc2cc(-c3ccccc3)nn2-c2ccccc2)c1,364.41
T22657,Cc1cnc(-c2cnc(NCCNc3ccc(C#N)cn3)nc2-c2ccc(Cl)cc2Cl)[nH]1.Cl.Cl.Cl,574.73
T2267,Cc1nn(C)c2c1C(c1ccc(C(F)(F)F)cc1)C(C#N)=C(N)O2,334.30
T22694,CN(C)c1ccc(/C=C/C(=O)/C=C(/C=C/c2ccc(N(C)C)cc2)OB(F)F)cc1,410.27
T2270,COc1ccc(/C=C/C(=O)Nc2ccccc2C(=O)O)cc1OC,327.34
T22703,Cc1cc(C(=O)Cn2cc(C#N)ccc2=O)c(C)n1Cc1ccccc1,345.40
T22711,Clc1cccc(/C=N/N=C/c2cccc(Cl)c2)c1,277.15
T22714,CCN1/C(=C/c2ccc3ccccc3[n+]2CC)C=Cc2ccccc21.[I-],454.36
T22735,CN(C)c1ccc(/C=C2\CCCN=C2c2cccnc2)cc1.Cl.Cl,364.32
T22746,CCN(CC)CCOc1ccc(Cc2ccccc2)cc1.O=C(O)/C=C/C(=O)O,399.49
T22754,CCCCCCCCNC(=O)C(C#N)=Cc1cn(CCCN(C)C)c2ccccc12,408.59
T22755,O=C1Nc2ccccc2/C1=C\[c-]12->[Fe+2]3456789(<-[cH]%10[cH]->3[cH]->4[cH-]->5[cH]->6%10)<-[cH]([cH]->7[cH]->81)[cH]->92,329.18
T22762,Cl.N#Cc1c[nH]c2c(C(=O)N3CCN(CCc4ccc(F)cc4)CC3)cccc12,412.90
T22798,O=C(/C=C/c1c(C(=O)[O-])[nH]c2cc(Cl)cc(Cl)c12)Nc1ccccc1.[Na+],397.19
T2280,CC/C(=C(\c1ccc(O)cc1)c1ccc(OCCNC)cc1)c1ccccc1,373.50
T22810,COC(=O)N1CCN(C(=O)Cc2ccc(Cl)c(Cl)c2)C(CN2CCCC2)C1.O=C(O)/C=C/C(=O)O,530.41
T2282,COc1cc2c(cc1OC)/C(=C/c1ccc(O)cc1)C(=O)N2,297.31
T22835,O=C(O)/C=C\C(=O)Nc1ccc(Oc2cccc(Oc3ccc(NC(=O)/C=C\C(=O)O)cc3)c2)cc1,488.45
T22842,CC(CCCCC(=O)Nc1ccc(C(F)(F)F)cc1)NCCc1c[nH]cn1.O=C(O)/C=C\C(=O)O.O=C(O)/C=C\C(=O)O,614.57
T22852,N#Cc1ccccc1OCC(O)CNCCNC(=O)Nc1ccccc1,354.41
T22862,CC(C)Cn1cnc2c(N)nc3ccccc3c21.O=C(O)/C=C\C(=O)O,356.38
T2287,Cc1ccc([N+](=O)[O-])cc1S(=O)(=O)N(C)/N=C/c1cnc2ccc(Br)cn12.Cl,488.75
T22879,CN1CCN(C(=O)c2nc3ccc(Cl)cc3[nH]2)CC1.O=C(O)/C=C\C(=O)O,394.82
T22899,O=C(O)/C=C\C(=O)O.c1ccc(CN2CCC3(CCc4ccccc43)CC2)cc1,393.48
T2295,CN(C)CCOc1ccc(-c2nc(-c3ccc4c(c3)CC/C4=N/O)c(-c3ccncc3)[nH]2)cc1,453.55
T2296,Cn1c(=O)cc(N2CCC[C@@H](N)C2)n(Cc2cc(F)ccc2C#N)c1=O.O=C(O)CCC(=O)O,475.48
T22963,C[N+](C)(C)CC#CCOC(=O)Nc1cccc(Cl)c1.[Cl-],317.22
T22976,Cc1cccc(C#Cc2cc(F)cc(C#N)c2)n1,236.25
T22994,Cc1c(P(=S)(c2ccccc2)c2ccccc2)[n+]2ccccc2n1C/C=C/c1ccccc1.[Br-],545.49
T2300,N[C@@H]1CCCN(c2c(/C=C3\SC(=O)NC3=O)cccc2-c2ccccc2)C1,379.49
T23000,COc1ccc(C#Cc2ccc(C(=O)N3CCC[C@@H](CO)C3)cc2)cc1,349.43
T23003,COc1ccc(C#Cc2ccc(C(=O)N3CCC[C@@H](O)C3)c(F)c2)cc1,353.39
T23010,N#Cc1cc(C2=Nc3ccc(Br)cc3NC(=O)C2)ccn1,341.17
T2303,CN(C)C/C=C/C(=O)Nc1cc2c(Nc3ccc(F)c(Cl)c3)ncnc2cc1O[C@H]1CCOC1,485.95
T2304,C/C(=N\NC(=O)c1cccc(S(=O)(=O)N2CCOCC2)c1)c1cc(Cl)ccc1O,437.91
T23040,CCCCC/C=C\C/C=C\C/C=C\C/C=C\CCCC(=O)NCC(=O)O,361.53
T2305,C[C@@H](c1nc(-c2ccc(C#N)cc2)cs1)[C@](O)(Cn1cncn1)c1cc(F)ccc1F,437.48
T2307,C#Cc1cccc(Nc2ncnc3cc4c(cc23)OCCOCCOCCO4)c1.Cl,427.89
T2310,Cc1cnc(-c2cnc(NCCNc3ccc(C#N)cn3)nc2-c2ccc(Cl)cc2Cl)[nH]1,465.35
T23106,CCCCCCCC/C=C\CCCCCCCC(=O)NCc1ccc(O)c(OC)c1,417.63
T2310L,Cc1cnc(-c2cnc(NCCNc3ccc(C#N)cn3)nc2-c2ccc(Cl)cc2Cl)[nH]1.Cl,501.81
T23116,O=C(O)/C=C/C(=O)O.O=C(O)/C=C/C(=O)O.O=C(O)/C=C/C(=O)O.O=C1CCCN1CC#CCN1CCCC1.O=C1CCCN1CC#CCN1CCCC1,760.79
T23143,Cl.Cl.O=C(NC/C=C/CN1CCN(c2cccc(Cl)c2Cl)CC1)c1ccc(-c2ccccn2)cc1,554.35
T23186,CCN1/C(=C/C(C)=O)Sc2ccc(OC(C)=O)cc21,277.34
T23212,O=C(O)/C=C\C(=O)O.O=C(O)/C=C\C(=O)O.c1ccc2nc(N3CCNCC3)ccc2c1,445.43
T2325,CCOc1cc2ncc(C#N)c(Nc3ccc(OCc4ccccn4)c(Cl)c3)c2cc1NC(=O)/C=C/CN(C)C,557.05
T2327,CCOc1cc2ncc(C#N)c(Nc3ccc(F)c(Cl)c3)c2cc1NC(=O)/C=C/CN(C)C,467.93
T2330,Cc1cc(/C=C/C#N)cc(C)c1Nc1ccnc(Nc2ccc(C#N)cc2)n1,366.43
T2330L,Cc1cc(/C=C/C#N)cc(C)c1Nc1ccnc(Nc2ccc(C#N)cc2)n1.Cl,402.89
T23327,Cc1cc(F)ccc1-c1nc(NCCNC(=N)NC#N)nc2c1ccc(=O)n2-c1c(F)cccc1F,492.47
T23372,O=C1/C(=C/c2ccco2)C(O)=NC(=S)N1c1cccc(Br)c1,377.22
T23384,CC1=C(/C=C/C(=C/C=C/C(C)=C/C(=O)O)c2ccc(C)cc2)C(C)(C)CCC1,376.54
T23389,Cc1c(C)n(Cc2ccc(-c3ccccc3C(=O)O)cc2)c2ccc(/C(O)=N/[C@@H](C)c3ccc([N+](=O)[O-])cc3)cc12,547.61
T2339,CNC(=O)c1ccc(N2C(=S)N(c3cnc(C#N)c(C(F)(F)F)c3)C(=O)C23CCC3)cc1F,477.44
T2340,Cc1cc(C)c(/C=C2\C(=O)Nc3ccc(Cl)cc32)[nH]1,272.74
T2341,O=C(c1ccc(/C=C/c2n[nH]c3ccccc23)cc1)N1CCNCC1,332.41
T2343,N#CC(c1ccnc(NCCc2cccnc2)n1)c1nc2ccccc2s1,372.46
T23449,O=c1[nH]c2ccc(C#CCN3CCC(Cc4ccccc4)CC3)cc2[nH]1,345.45
T23466,CC(C)(O)c1ccn2c(-c3ccc(F)c(-c4ccc(F)cc4C#N)c3)cnc2c1F,407.40
T23471,N#CC(c1ccccc1)(c1ccccc1)c1ccccc1Cl,303.79
T23477,O=C(/C=C/c1ccccc1)/C=C/c1ccccc1.O=C(/C=C/c1ccccc1)/C=C/c1ccccc1.O=C(/C=C/c1ccccc1)/C=C/c1ccccc1.[Pd].[Pd],915.73
T23483,CCCN(CCC)C1Cc2cc(OC)c(OC)cc2C1.O=C(O)/C=C\C(=O)O,393.48
T23509,N#Cc1cc(F)cc(-c2nc(-c3ccccn3)no2)c1,266.24
T23536,O=C(NCCNCC(O)COc1ccc(O)cc1)N1CCOCC1.O=C(NCCNCC(O)COc1ccc(O)cc1)N1CCOCC1.O=C(O)/C=C/C(=O)O,794.86
T23542,CC1=C(C#N)C(=C(C#N)C#N)OC1(C)c1ccc(Cl)c(Cl)c1,330.17
T23549,N#Cc1ccc(N(Cc2ccc(Br)cc2)n2cnnc2)cc1,354.21
T2355,O=C(O)c1ccc(/C=C2/SC(=S)N(c3cccc(C(F)(F)F)c3)C2=O)cc1,409.41
T23554,O=C1Nc2ccccc2/C1=C/[c-]12->[Fe+2]3456789(<-[cH]%10[cH]->3[cH]->4[cH-]->5[cH]->6%10)<-[cH]([cH]->7[cH]->81)[cH]->92,329.18
T2356,O=C1N=C(NCc2cccs2)S/C1=C\c1ccc2ncccc2c1,351.46
T2357,O=C1NC(=O)/C(=C/c2ccc3nccc(-c4ccncc4)c3c2)S1,333.37
T2358,Cc1cc(Nc2cc(N3CCN(C)CC3)nc(/C=C/c3ccccc3)n2)n[nH]1,375.48
T2360,CCS(=O)(=O)N1CC(CC#N)(n2cc(-c3ncnc4[nH]ccc34)cn2)C1.O=P(O)(O)O,469.42
T23601,Cc1ccc(Nc2nc(N)c(C(=O)c3ccc(C#N)cc3)s2)cc1,334.40
T2361,C[C@@H](Oc1ccc2[nH]nc(/C=C/c3cnn(CCO)c3)c2c1)c1c(Cl)cncc1Cl,444.32
T2362,COc1ccc2nc(/C=C/c3cccc([N+](=O)[O-])c3)n(-c3ccc(C(=O)O)cc3)c(=O)c2c1,443.42
T23625,CC(=O)N1CCN(c2ccc(CN(C(=O)/C=C/c3ccc(C(C)(C)C)cc3)C(Cc3ccccc3)C(=O)N3CCN(Cc4ccc(C#N)cc4)CC3)cc2)CC1,750.99
T2370,C/C(=N\NC(=O)C(NC(=O)c1ccccc1)c1n[nH]c(=O)c2ccccc12)c1cccc(Br)c1,518.37
T23716,N#CC(c1cccc(Cl)c1)c1ccc2c(C(F)(F)F)cc(C(F)(F)F)nc2n1,415.72
T2372,Cc1ccc(C(=O)Nc2ccc(CN3CCN(C)CC3)c(C(F)(F)F)c2)cc1C#Cc1cnc2cccnn12,532.57
T2372L,Cc1ccc(C(=O)Nc2ccc(CN3CCN(C)CC3)c(C(F)(F)F)c2)cc1C#Cc1cnc2cccnn12.Cl,569.03
T2380,C/C(=C\C(=O)Nc1ccccc1C(=O)O)c1ccc2ccccc2c1,331.37
T23801,N#C[C@@H]1CC[C@@H]2CN1C(=O)N2OS(=O)(=O)[O-].[Na+],269.21
T23818,N#Cc1cccc(CN2CCC(N(Cc3cccnc3)C(=O)Nc3ccccc3-c3ccccc3)CC2)c1,501.63
T23827,CC(C)C(C)NC(=O)/C=C/C=C/Cc1ccc2c(Br)cccc2c1,386.33
T2383,Cc1[nH]c2ccccc2c1CCNCc1ccc(/C=C/C(=O)NO)cc1,349.43
T2393,O=C1Nc2ccc(Cl)cc2[C@@](C#CC2CC2)(C(F)(F)F)O1,315.68
T2394,NCCNc1ccc(NCCN)c2c1C(=O)c1ccncc1C2=O.O=C(O)/C=C\C(=O)O.O=C(O)/C=C\C(=O)O,557.52
T2397,N#Cc1cc(-c2n[nH]c(-c3ccncc3)n2)ccn1,248.25
T2398,C[C@@H]1CCN(C(=O)CC#N)C[C@@H]1N(C)c1ncnc2[nH]ccc12.O=C(O)CC(O)(CC(=O)O)C(=O)O,504.50
T2401,Cn1c(=O)cc(N2CCC[C@@H](N)C2)n(Cc2ccccc2C#N)c1=O.O=C(O)c1ccccc1,461.52
T24030,N#C/C(=C\c1cc(O)c(O)c([N+](=O)[O-])c1)C(=O)O,250.17
T2408,C[C@](O)(COc1ccc(C#N)cc1)C(=O)Nc1ccc(C#N)c(C(F)(F)F)c1,389.33
T2409L,CC(C)OC(=O)OCOP(=O)(CO[C@H](C)Cn1cnc2c(N)ncnc21)OCOC(=O)OC(C)C.O=C(O)/C=C/C(=O)O,635.52
T2411,N#C/C(=C1/SC[C@@H](c2ccc(Cl)cc2Cl)S1)n1ccnc1,354.29
T24166,C[C@H](CC#CC(C)(C)O)[C@H]1CC[C@@H]2/C(=C/C=C3C[C@@H](O)C[C@H](O)C3)CCC[C@@]21C,400.60
T2417,O=C(/C=C/c1ccccc1)NC(NC(=S)Nc1ccc(Cl)cc1)C(Cl)(Cl)Cl,463.22
T24212,N#Cc1ccc(NC(=O)c2cc3ccccc3cc2O)cc1,288.31
T24214,CCOC(=O)/C(C#N)=C(\N)c1ccccc1,216.24
T24240,CC1=C(CCc2nnn[nH]2)c2cc(F)ccc2/C1=C\c1ccc(C(C)C)cc1,374.46
T2425,COc1cc(-c2ncn(/C=C\C(=O)OC(C)C)n2)cc(C(F)(F)F)c1,355.32
T24269,FC(F)(F)c1cc(-c2ncn(/C=C\c3nnco3)n2)cc(C(F)(F)F)c1,375.23
T2428,COc1cc(/C=C/C(=O)NCCn2c(C(F)(F)F)cc3ccccc32)cc(OC)c1OC,448.44
T2429,CS(=O)(=O)O.CS(=O)(=O)O.Cc1ccc(C(=O)Nc2ccc(CN3CCN(C)CC3)c(C(F)(F)F)c2)cc1C#Cc1cnc2[nH]ncc2c1,724.78
T2435,CCN(c1cc(C#CCN2CCOCC2)cc(C(=O)NCc2c(C)cc(C)[nH]c2=O)c1C)[C@H]1CC[C@H](N(C)CCOC)CC1,605.82
T2438,COc1ccc(S(=O)(=O)N(C(C)=O)c2ccccc2/C=C/c2cc[n+]([O-])cc2)cc1,424.48
T2439,COc1ccc(COc2ccc(CC#N)cc2)cc1,253.30
T2440,COc1cc(OC)c(/C=C2/C(=O)Nc3ccccc32)c(OC)c1,311.34
T24402,O=C1N=C(Nc2ccccc2)N/C1=C\c1ccc2c(c1)OCO2,307.31
T24410,Cc1c[nH]c2ncnc(N3CCN(C(=Nc4cccc(Br)c4)NC#N)[C@@H](C)C3)c12,453.35
T2444,O=CN1CC/C(=C/c2ccc3c(c2)OCO3)C1=O,245.23
T24472,N#Cc1ccc(OCCCN2CCC([C@@](N)(c3ccccc3)C3CCCC3)CC2)cc1,417.60
T24484,N#Cc1ccc(OCCCN2CCC([C@@](O)(c3cccc(F)c3)c3ccccn3)CC2)cc1,445.54
T24493,CCCCCCCC/C=C/CCCCCCCC(=O)OCC(O)CO,356.55
T2450,Cc1nn(-c2ccccc2)c(C)c1/C=N/N1CCN(Cc2ccccc2)CC1,373.50
T2451,O=C(CNc1ccc2ccccc2c1)N/N=C/c1cc(Br)c(O)c(Br)c1O,493.16
T2452,CC1=NN(c2ccc(C(=O)O)cc2)C(=O)/C1=C\c1ccc(-c2cc(C)c(C)cc2[N+](=O)[O-])o1,445.43
T2453,CCOc1ccccc1N/N=C1/C(=O)N(c2nc(-c3ccccc3)cs2)N=C1C,405.48
T2454,O=C(/C=C/c1ccc(CN(CCO)CCc2c[nH]c3ccccc23)cc1)NO,379.46
T2455,O=C(/C=C/c1ccc2ccccc2n1)c1ccncc1,260.30
T24573,C=C1C(=O)O[C@@H]2/C=C(\C)C[C@H]3C=C(CC/C=C(\C)CC[C@@H]12)C(=O)O3,328.41
T24575,CN(C)CCC=C1c2ccccc2OCc2c1oc1ccccc21.O=C(O)/C=C/C(=O)O,435.48
T2464,C/C(=N\NC(=S)N1CCC1)c1ccccn1,234.33
T24677,O=C(O)/C=C(\CCc1ccc(Cl)cc1)c1ccccc1,286.76
T2468,N#Cc1c(O)c2c(-c3ccc(-c4ccccc4O)cc3)csc2[nH]c1=O,360.39
T24711,COc1ccn(C)c(=O)c1C#N,164.16
T24744,COc1cc(O)c(C(=O)/C=C/c2cc(OC)c(OC)cc2OC)c(OC)c1,374.39
T2479,CC(C)(C)c1cc(C=C(C#N)C#N)cc(C(C)(C)C)c1O,282.39
T2481,CC[C@@H]1/C=C(\C)C[C@H](C)C[C@H](OC)[C@H]2O[C@@](O)(C(=O)C(=O)N3CCCC[C@H]3C(=O)O[C@H](/C(C)=C/[C@@H]3CC[C@@H](O)[C@H](OC)C3)[C@H](C)[C@@H](O)CC1=O)[C@H](C)C[C@@H]2OC,792.02
T2483,COc1cc2ncnc(Nc3ccc(F)c(Cl)c3)c2cc1NC(=O)/C=C/CN1CCCCC1,469.95
T24833,Cc1cc(C)nc(NC(=N)Nc2ccccc2C(F)(F)F)n1,309.30
T2485,CCS(=O)(=O)N1CC(CC#N)(n2cc(-c3ncnc4[nH]ccc34)cn2)C1,371.43
T24881,COC(=O)[C@H](C)NP(=O)(OC[C@H]1O[C@@H](n2cc(/C=C/Br)c(=O)[nH]c2=O)C[C@@H]1O)Oc1ccccc1,574.32
T2493,O=C(O)/C(S)=C/c1c[nH]c2ccc(F)cc12,237.25
T2496,Cc1cc(C)c(/C=C2\C(=O)Nc3ccccc32)[nH]1,238.29
T2497,Cc1cccc(C#Cc2ccccc2)n1.Cl,229.71
T25006,N#Cc1ccnc(N2C(=O)CC[C@H]2C(=O)N(c2cc(F)cc(F)c2)[C@H](C(=O)NC2CC(F)(F)C2)c2ccccc2Cl)c1,599.97
T2503,C=CCc1cccc(/C=N/NC(=O)CN2CCN(Cc3ccccc3)CC2)c1O,392.50
T2511,CC(C)(C)c1[nH]cnc1/C=c1\[nH]c(=O)/c(=C/c2ccccc2)[nH]c1=O,336.40
T25150,O=C(/C=C/c1nc2ccccc2[nH]1)c1c(-c2ccccc2)c2cc(Cl)ccc2[nH]c1=O,425.88
T25214,O=C1NC(=S)S/C1=C/c1ccc(-c2cccc(C(F)(F)F)c2)o1,355.36
T25248,CN(C)CCCN1c2ccccc2CCc2ccc(C#N)cc21,305.43
T2528,CC(C)OC(=O)CCC/C=C\C[C@@H]1[C@@H](CCC(O)CCc2ccccc2)[C@H](O)C[C@@H]1O,432.60
T25285,Cc1cc(C2=C(/C=C/[C@H]3C[C@H](O)CC(=O)O3)C(C)(C)CC(C)(C)C2)ccc1F,386.51
T2530,C[C@@H]1CC(=O)NN=C1c1ccc(NN=C(C#N)C#N)cc1,280.29
T25309,C=C(C#N)C(=O)OC(C)CCCCCC,209.29
T2531,CCCCc1ncc(/C=C(\Cc2cccs2)C(=O)O)n1Cc1ccc(C(=O)O)cc1.CS(=O)(=O)O,520.63
T2531L,CCCCc1ncc(/C=C(\Cc2cccs2)C(=O)O)n1Cc1ccc(C(=O)O)cc1,424.52
T2534,O=C([O-])C[C@H](O)C[C@H](O)/C=C/c1c(C2CC2)nc2ccccc2c1-c1ccc(F)cc1.O=C([O-])C[C@H](O)C[C@H](O)/C=C/c1c(C2CC2)nc2ccccc2c1-c1ccc(F)cc1.[Ca+2],881.00
T25376,COc1cc2c(cc1OC)-c1c/c(=N\c3c(C)cc(C)cc3C)n(CCNC(N)=O)c(=O)n1CC2,477.57
T2538,CCNC(=O)CCC/C=C\C[C@@H]1[C@@H](/C=C/[C@@H](O)CCc2ccccc2)[C@H](O)C[C@@H]1O,415.57
T25393,CCS(=O)(=O)c1ccc(/C=C(\C)c2ccc3c(c2)C(C)(C)CCC3(C)C)cc1,396.60
T25416,CC(C)C(C(=O)OC(C#N)c1cccc(Oc2ccccc2)c1)c1ccc(Cl)cc1,419.91
T25458,C#C[C@]1(O)CC[C@@]2(C)[C@@H](CC[C@@H]3[C@@H]2CC[C@]2(C)/C(=N/O)CC[C@@H]32)C1,329.48
T2549,Cl.N=C(N/N=C/c1ccc(Cl)cc1)N/N=C/c1ccc(Cl)cc1,370.67
T2551,Cc1cc(C#N)cc(C)c1Oc1nc(Nc2ccc(C#N)cc2)nc(N)c1Br,435.29
T25529,CC(C)(C)NC(=S)N/N=C/c1ccc(O)cc1O,267.35
T25538,C[N+](C)(C)CC#CCOC1=NOCC1.[I-],324.16
T2562,CC1=NN(c2ccc(C)c(C)c2)C(=O)/C1=N/Nc1cccc(-c2cccc(C(=O)O)c2)c1O,442.48
T2567,C#C[C@]1(O)CC[C@H]2[C@@H]3CCC4=CC(=O)CC[C@@H]4[C@H]3C(=C)C[C@@]21CC,324.46
T25737,CCOC(=O)Oc1ccc(/C=C/C=C/C(=O)NCCN2CCC(OC(c3ccccc3)c3ccccc3)CC2)cc1OC,584.71
T2577,C[C@]12CCC3=C4CCC(=O)C=C4CC[C@H]3[C@@H]1CC[C@@]2(O)CC#N,311.43
T25828L,O=C(CCCN1CCN(c2ccc(F)cc2)CC1)NC1c2ccccc2CSc2ccccc21.O=C(O)/C=C\C(=O)O,591.71
T2583,CC1(C)C[C@@H]1C(=O)N/C(=C\CCCCSC[C@H](N)C(=O)O)C(=O)O,358.46
T25853,NS(=O)(=O)c1cccc2c1c([N+](=O)[O-])cc1[n-]c(=O)c(=O)[n-]c12.[Na+].[Na+],380.25
T25958,Cl.Cl.OCCN1CCN(CC/C=C2/c3ccccc3COc3ccc(Cl)cc32)CC1,471.86
T25986,Cn1cccc1C(=O)C(C#N)C(=O)Nc1ccccc1.NC(CO)(CO)CO,388.42
T2600,N#C/C(=C\c1ccc(O)c(O)c1)C(=O)NCc1ccccc1,294.31
T2606,COc1ccc(S(=O)(=O)N(CCO)c2ccccc2CN(C)C/C=C/c2ccc(Cl)cc2)cc1.O=P(O)(O)O,599.04
T26085,CN1CCN(C2=Cc3cc(Cl)ccc3/C(=C/C#N)c3ccccc32)CC1,361.88
T26103,COc1cc(-c2n[nH]c3ccc(C=C(C#N)C(=O)NC(C)(C)CO)cc23)cc(OC)c1OC,450.50
T26252,COc1ncc(-c2ccc3ncnc(-c4cccc(C(=O)N5CCN(C(C)=O)CC5)c4)c3c2)cc1C#N,492.54
T26288,O=C(/C=C/c1ccc(O)c(O)c1)N[C@@H](Cc1ccc(O)c(O)c1)C(=O)O,359.33
T2631,COc1ccccc1N1CCN(CCN(C(=O)C2CCCCC2)c2ccccn2)CC1.O=C(O)/C=C\C(=O)O,538.65
T26345,Cl.F/C(COc1ccc2c(c1)[nH]c1ccccc12)=C1/CN2CCC1CC2,372.87
T26357,O=C1N=C(NS(=O)(=O)c2cccc3ccccc23)S/C1=C\c1ccc(Br)cc1,473.37
T2644,O=C(/C=C/c1cccnc1)NCCCCC1CCN(C(=O)c2ccccc2)CC1,391.52
T2646,O=C1S/C(=C\c2ccc(OCc3cccc(B(O)O)c3)cc2)C(=O)N1Cc1ccc(F)cc1,463.30
T2648,CC[C@@H]1/C=C(\C)C[C@H](C)C[C@H](OC)[C@H]2O[C@@](O)(C(=O)C(=O)N3CCCC[C@H]3C(=O)O[C@H](/C(C)=C/[C@@H]3CC[C@H](Cl)[C@H](OC)C3)[C@H](C)[C@@H](O)CC1=O)[C@H](C)C[C@@H]2OC,810.47
T26520,CON=C1C=C(C#Cc2cccc(C)n2)CCC1,240.31
T2653,CN1C/C=C/CCOc2cccc(c2)-c2ccnc(n2)Nc2cccc(c2)C1,372.47
T26539,N#Cc1ccc(N2[C@@H]3CC[C@H]2C[C@@H](O)C3)c2ccccc12,278.36
T26619,N#CNc1nncs1,126.14
T2663,COc1ccc(/C=C2\CCCN=C2c2cccnc2)c(OC)c1.Cl.Cl,381.30
T26632,COc1ccc2c3ccnc(C)c3n(CC#N)c2c1,251.29
T26641L,CCNC(=O)[C@H]1O[C@@H](n2cnc3c(N)nc(C#CC[C@H]4CC[C@H](C(=O)OC)CC4)nc32)[C@H](O)[C@@H]1O.O=C(O)C(F)(F)F,600.55
T2665,O=C(O)/C(Cc1ccccc1[N+](=O)[O-])=N/Nc1nc(-c2ccc(Cl)c(Cl)c2)cs1,451.29
T2667,Cc1ccc([N+](=O)[O-])cc1S(=O)(=O)N(C)/N=C/c1cnc2ccc(Br)cn12,452.29
T2668,Cc1cc(NC(=O)c2cccc(NC(=O)/C=C/CN(C)C)c2)ccc1Nc1nccc(-c2cccnc2)n1,507.60
T26704,CCS(=O)(=O)c1cc(Nc2ncc(F)c(N(Cc3ccccc3C#N)c3cc(CO)ccc3C)n2)ccc1N1CCN(C)CC1,629.76
T26719,N#Cc1ccc(-c2noc(-c3cc(F)cc(C#N)c3)n2)nc1,291.25
T26730,Cc1noc(C)c1Cn1cc(C#N)c2cc(Oc3ccc(NC(=O)[C@@H]4CCCN4)cc3)ccc21,455.52
T2675,N#CC(c1ccnc(OCc2ccc(CN3CCOCC3)cc2)n1)c1nc2ccccc2s1,457.56
T26795,CC(C)(C)NC(=O)c1ccc(OC/C(=C/F)CN)cc1.Cl,316.80
T26815,Cn1c(-c2ccccn2)c(C2CCCC2)c2ccc(C(=O)NC3(C(=O)Nc4ccc(/C=C/C(=O)O)cc4)CCC3)cc21,562.67
T26854,CC1(C)CC=C(c2ccccc2)c2cc(/C=C/c3ccc(C(=O)O)cc3Cl)ccc21,414.93
T26890,COCCC(=O)N[C@H]1CC[C@H](CCN2CCN(c3cccc(C#N)c3)CC2)CC1,398.55
T26904,CC1c2ccccc2CN1CC1=NCCN1.O=C(O)/C=C\C(=O)O,331.37
T2693,CC(C)(C)c1cc(C=C(C#N)C#N)cc(Br)c1O,305.18
T26983,CC(C)COCC(CN(Cc1ccccc1)c1ccc2c(c1)OCO2)N1CCCC1.O=C(O)/C=C/C(=O)O,526.63
T27019,O=C1/C(=C/c2cccc(OCc3ccc(Cl)cc3)c2)N=C2SCCCN12,384.89
T27047,COCCCC/C(=N\OCCN)c1ccc(Cl)cc1,284.79
T2708,N#CC(=C(N)Sc1ccc(N)cc1)c1ccccc1C(F)(F)F,335.35
T27093,O=C1/C(=C/c2ccccc2F)CN(Cc2cn(Cc3ccc(F)cc3)nn2)C/C1=C\c1ccccc1F,500.52
T27112,COc1ccc(C(=O)/C(Br)=C\C(=O)[O-])cc1.[Na+],307.07
T27205,N#Cc1cc2c(OCC(O)CN3CCN(C(c4ccccc4)c4ccccc4)CC3)cccc2[nH]1,466.59
T27259,CCOCn1cc(F)c(=O)n(C(=O)c2cccc(C(=O)Oc3nc(OC(=O)c4ccccc4)ccc3C#N)c2)c1=O,558.48
T2727,O=C(/C=C/c1ccc(O)c2c1[C@H](C(=O)O[C@H](Cc1ccc(O)c(O)c1)C(=O)O)[C@@H](c1ccc(O)c(O)c1)O2)O[C@H](Cc1ccc(O)c(O)c1)C(=O)O,718.62
T27320,N#Cc1ccc([C@H]([C@@H](O)Cc2ccc(F)cc2)n2cncn2)cc1,322.34
T27322,OCCOCCOc1ccc(/C(=C(/CCCl)c2ccccc2)c2ccccc2)cc1,422.95
T27323,O=C(/C=C/c1c(-c2ccccc2)nn2ccccc12)N1CCCC[C@@H]1CCO,375.47
T2738,C=C1CC[C@@H]2[C@](C)(CO)[C@H](O)CC[C@@]2(C)[C@H]1C/C=C1\C=COC1=O,332.44
T2740,O=C(O)/C=C/c1ccccc1,148.16
T27423,C/C=C/Cn1cc(-c2cc(OC)c(C(=O)N3CCOCC3)cc2OC)c2cc(C)[nH]c2c1=O,451.52
T27488,Cc1ccc(-c2ncc(OC[C@@H]3CCNC3)cc2-c2ccc(C#N)cc2)cc1,369.47
T27564,Nc1ncc(/C=C/CNC(=O)c2cc(Br)c[nH]2)[nH]1,310.15
T27593,CCCCN(C1CC(C)(C)Oc2ccc(C#N)cc21)S(=O)(=O)CC,350.48
T27598,Cc1cc(N2CCC[C@@H](N)C2)c2c(n1)n(C)c(=O)n2Cc1ccccc1C#N,376.46
T27630,O=C(O)CCCC/C=C(\c1ccccc1)c1cccnc1,281.36
T27636,CN[C@@H](C)C/C=C/c1cncc(OC(C)C)c1,234.34
T2765,O=C(/C=C/c1ccc(O)c(O)c1)O[C@H](Cc1ccc(O)c(O)c1)C(=O)O,360.32
T2769,N#CCCN.N#CCCN.O=C(O)/C=C/C(=O)O,256.26
T27691,N#Cc1ccc(Oc2ccc(C=C3SC(NCCc4ccccn4)=NC3=O)cc2F)c(Br)c1,523.39
T27753,COc1ccc(CCNCCC(=O)N2CCCSc3ccccc32)cc1OC.O=C(O)/C=C/C(=O)O,516.62
T27794,CC1(C)[C@H](/C=C(\Cl)C(F)(F)F)[C@@H]1C(=O)O[C@@H](C#N)c1cccc(Oc2ccccc2)c1,449.86
T27806,C[C@H](CN(C(=O)c1ccc(C#N)cc1)c1ccccn1)N1CCN(c2cccc3c2OCCO3)CC1.Cl,520.03
T27854,CC(C)NC(=O)c1ccc(C#Cc2ccncc2)cn1,265.32
T27864,C/C(=N\O)c1ncc([C@@H](O)[C@H](O)[C@H](O)CO)[nH]1,245.24
T2787,O=C(/C=C/c1ccccc1)OC[C@H]1O[C@@H](O[C@@H]2OC=C[C@H]3[C@H](O)[C@@H]4O[C@]4(CO)[C@@H]23)[C@H](O)[C@@H](O)[C@@H]1O,492.48
T27937,CC#C[C@@H](CC(=O)O)c1ccc(OCc2ccc(CN3CCC4(C=Cc5ccccc54)CC3)cc2)cc1,491.63
T27947L,Cl.N[C@@H](C[C@@H](C/C=C/c1ccc2ccccc2c1)C(=O)O)C(=O)O,349.81
T2795,N#C[C@H](O[C@@H]1O[C@H](CO[C@@H]2O[C@H](CO)[C@@H](O)[C@H](O)[C@H]2O)[C@@H](O)[C@H](O)[C@H]1O)c1ccccc1,457.43
T28012,N#CC(=C(N)Sc1ccccc1N)c1cccc(C(O)c2ccncc2)c1,374.47
T2807,O=C(O)/C=C/c1ccc(O)c(O)c1,180.16
T28077,COc1ccc(C/C=C/c2ccc(O)c(OC)c2)cc1,270.33
T28141,C#Cc1nc(Nc2cccc(CC(N)=O)c2)nc2nc[nH]c12,292.30
T28164,CCCCCCN(C)CCC[C@@](C#N)(c1cc(OC)c(OC)c(OC)c1)C(C)C,404.60
T2819,COC(=O)/C=C/c1ccc(O)cc1,178.19
T28199,N#Cc1cccc(-c2nc(-c3cccnc3)no2)c1,248.25
T28206,O=C(/C=C/c1cccnc1)c1ccccc1O,225.25
T2821,CCOC(=O)/C=C/c1ccc(O)c(OC)c1,222.24
T28232,CCCCCCCC/C=C\CCCCCCCC(=O)Oc1ccc2c(c1)CC[C@@H]1[C@@H]2CC[C@]2(C)C(=O)CC[C@@H]12,534.83
T28238,CNC(=O)c1ccc(N2C(=S)N(c3ccc(C#N)c(C(F)(F)F)c3)C(=O)[C@]23CCOC3)cc1F,492.45
T28258,O=C(O)/C=C/C(=O)O.O=C1CCCN1CCCCN1CCN(c2cc(C(F)(F)F)ccn2)CC1,486.49
T28285,CC(Cl)C(=O)Nc1ccc(C#N)nc1,209.64
T28362,Cc1cc(Oc2c(C3CC3)nn(CS(C)(=O)=O)c2C)cc(C)c1C#N,359.45
T28374,COc1cc2c(Nc3cc(Cl)c(OC)c(Cl)c3)c(C#N)cnc2cc1OCCCN1CCN(C)CC1,530.46
T28394,COc1ccc(C(=O)Nc2ccc(S(=O)(=O)NC(CC#CCN3CCOCC3)C(=O)O)cc2)cc1,501.56
T28410,O=C1/C(=N/Nc2ccc(S(=O)(=O)O)cc2)C(c2ccc([N+](=O)[O-])cc2)=NN1c1ccccc1,465.45
T28487,Oc1ccccc1/C=C/c1ccc2ccccc2n1,247.30
T2863,O=C(O)/C=C/c1ccc(O)cc1,164.16
T2864,CC(C)=CCC/C(C)=C/C=C/C(C)=C/C=C/C(C)=C/C=C/C=C(C)/C=C/C=C(C)/C=C/C=C(\C)CCC=C(C)C,536.89
T28722,COc1ccc(S(=O)c2ccc(C(C#N)N3CCN(C4CCCCC4)CC3)cc2)cc1,437.61
T28804,Cc1ccccc1N1C(=O)/C(=C/c2ccc(OCc3ccc(C(=O)O)cc3)cc2)SC1=S,461.56
T28874,CCN(CC)CCNC(=O)c1c(C)[nH]c(/C=C2\C(=O)Nc3ccc(Cl)cc32)c1C,414.94
T2888,COc1cc(/C=C/c2ccc(O)cc2)cc(OC)c1,256.30
T28886,Cc1ccc(/C=N/NC(=O)c2n[nH]c3c2CCCC3)cc1,282.35
T2889,COc1ccc(/C=C/C(=O)O)cc1O,194.19
T28958,CCc1nnc(NS(=O)(=O)c2ccc(NC(=S)NC(=O)/C=C/c3ccc(F)cc3)cc2)s1,491.60
T28974,O=C(O)/C=C/c1nc(CSc2c(Cl)cccc2Cl)ccc1OCCc1ccccc1,460.38
T2898,C=C1CC[C@@H]2[C@](C)(CO)[C@H](O)CC[C@@]2(C)[C@@H]1C/C=C1/C(=O)OC[C@H]1O,350.46
T28985,CC#CCOc1ccc(S(=O)(=O)N2CCSC(C)(C)[C@@H]2C(=O)NO)cc1,398.51
T29019,CC(C)(CO)NCC(=O)N1C[C@@H](F)C[C@H]1C#N.O=S(=O)(O)c1ccccc1,401.46
T2902,C=C1C(=O)O[C@@H]2/C=C(\C)CC/C=C(\C)CC[C@@H]12,232.32
T29118,C[C@@H]1CN(c2cccnc2C#N)CCN1C(=O)C12CC3CC(CC(C3)C1)C2,364.49
T29126,O=C(NC1CCC1)c1ccc(C#Cc2cccc(F)c2)nc1,294.33
T2915,CC1(C)CC[C@]2(C(=O)O)CC[C@]3(C)[C@H](C(=O)C=C4[C@@]5(C)C=C(C#N)C(=O)C(C)(C)C5CC[C@]43C)[C@H]2C1,491.67
T29157,C#C[C@]1(O)CC[C@H]2[C@@H]3CC[C@H]4Cc5nc6nc7ccccc7n6cc5C[C@]4(C)[C@H]3CC[C@@]21C,439.60
T2934,C=CC1=C(C)/C(=C/c2[nH]c(Cc3[nH]c(/C=C4\NC(=O)C(C)=C4C=C)c(C)c3CCC(=O)O)c(CCC(=O)O)c2C)NC1=O,584.67
T2945,CC(C)=C1C/C=C(/C)CC/C=C(/C)CC1=O,218.34
T29796,CN(C)c1ccc(/C=C/C=C/C2=N[C@@H](C(=O)O)CS2)cc1,302.40
T2983,COc1cc(/C=C/C(=O)O)cc(OC)c1OC,238.24
T2994,COc1cc(O)cc(O)c1C(=O)/C=C/c1ccccc1,270.28
T29968,O=C(/C=C/c1ccc(C(F)(F)F)nc1N1CCCCC1)Nc1cccc2c1CC(O)CC2,445.49
T2O2667,CCCCCCCC/C=C\CCCCCCCC(=O)OC,296.49
T2O2668,CCCCCCCC/C=C\CCCCCCCC(=O)O,282.47
T2P2810,CCCCC/C=C\C/C=C\CCCCCCCC(=O)OC,294.48
T2S0257,C=C1CC[C@@H]2[C@](C)(COC(=O)CCC(=O)O)[C@H](OC(=O)CCC(=O)O)CC[C@@]2(C)[C@@H]1/C=C/C1=CCOC1=O,532.59
T2S0410,CC(=O)O[C@@H]1[C@H]2[C@@H](OC(=O)Cc3ccccc3)[C@@H](C)C[C@]2(OC(C)=O)C(=O)/C(C)=C/[C@@H]2[C@H](CC[C@]13CO3)C2(C)C,552.66
T2S0491,C/C=C/c1ccc(OC(C)=O)c(OC)c1,206.24
T2S0961,O=C(/C=C/c1ccccc1)c1ccccc1,208.26
T2S0973,COc1ccccc1/C=C/C(=O)O,178.19
T2S1625,CCOC(=O)/C=C/c1ccc(OC)cc1,206.24
T2S1702,O=C(CCc1ccccc1)C[C@@H](O)/C=C/c1ccccc1,280.37
T2S1905,COc1cc(/C=C/CO)ccc1O[C@@H]1O[C@H](CO)[C@@H](O)[C@H](O)[C@H]1O,342.34
T2S1992,C=C(C)C1CC=C(/C=N/O)CC1,165.24
T2S2018,C=C1[C@H](O)C[C@H]2[C@@H](/C=C(/C)C(=O)[C@@]3(O)C[C@H](C)[C@H](O)[C@@H]3[C@@H]1O)C2(C)C,350.46
T2S2173,O=C(/C=C/c1ccc(O)cc1)c1c(O)cc(O)cc1O,272.26
T2S2211,COc1cc(/C=C/C(=O)OC[C@H]2O[C@H](O[C@]3(CO)O[C@H](CO)[C@@H](O)[C@@H]3OC(=O)/C=C/c3cc(OC)c(OC)c(OC)c3)[C@H](O)[C@@H](O)[C@@H]2O)cc(OC)c1O,768.72
T2S2382,COc1cc(/C=C/c2ccc(O)c(O)c2)cc(OC)c1,272.30
T3002,O=C(/C=C/C=C/c1ccc2c(c1)OCO2)N1CCCCC1,285.34
T30047,CCO/N=C(\c1ccc(Br)cc1)C1CCN(C2(C)CCN(C(=O)c3c(C)cc[n+]([O-])c3C)CC2)CC1,557.53
T3005,O=C(/C=C/c1ccc(O)cc1)c1ccccc1,224.26
T3006,O=C(O)/C=C/C=C/c1ccccc1,174.20
T30098,O=C(O)/C=C/C(=O)O.O=C1Cc2c(ccc3c2O[C@@H](CNCc2ccccc2)CO3)N1,426.43
T3014,CC1=CC(=O)CC(C)(C)C1(O)/C=C/C(C)=C\C(=O)O,264.32
T30191L,N=C(N)c1ccc(CNC(=O)C2CCN2C(=O)[C@H](O)c2cc(Cl)cc(OC(F)F)c2)cc1.O=C(O)C(F)(F)F,580.89
T30216,Cc1ccc(S(=O)(=O)OCCOCCOCCOc2ccc(/C=C/c3ccc(N(C)C(=O)OC(C)(C)C)cc3)cn2)cc1,612.75
T30224,O=C(/C=C/c1ccc(O)cc1)Nc1ccc(O)cc1C(=O)O,299.28
T30249,CC(C)(C)OC(=O)NCCN1CC2CN(C[C@H](O)COc3ccc(C#N)cc3)CC(C1)O2,446.55
T30251,CC(C)(C)OC(=O)NCCN1CC2CN(CCOc3ccc(C#N)cc3F)CC(C1)O2,434.51
T3043,N#CC[C@H](C1CCCC1)n1cc(-c2ncnc3[nH]ccc23)cn1.O=P(O)(O)O,404.37
T3044,C/C(O)=C(\C#N)C(=O)Nc1ccc(C(F)(F)F)cc1,270.21
T3045,O=C(/C=C/c1ccccc1)NC(NC(=S)Nc1cccc2cccnc12)C(Cl)(Cl)Cl,479.82
T30479,N#C/C(=C\c1cc(O)c(O)c(O)c1)C(=O)NCCCNC(=O)/C(C#N)=C/c1cc(O)c(O)c(O)c1,480.43
T3048,CCc1ccc(/C=C2/SC(=S)NC2=O)cc1,249.36
T30480,N#CSCC(=O)c1ccc(O)c(O)c1,209.23
T3058,O=C1NC(=O)/C(=C/c2cccc(C(F)(F)F)c2)S1,273.23
T30581,C=CCc1c(C)c(C#N)c2nc3ccccc3n2c1NCCc1ccc(OC)c(OC)c1,426.52
T3061,C[C@H]1Oc2cc(cnc2N)-c2c(nn(C)c2C#N)CN(C)C(=O)c2ccc(F)cc21,406.42
T30677L,C#CCOC/C(C)=C/CC/C(C)=C/CC/C(C)=C/COP(=O)(O)OP(=O)(O)O.CCCC[N+](CCCC)(CCCC)CCCC,678.85
T30677L1,C#CCOC/C(C)=C/CC/C(C)=C/CC/C(C)=C/COP(=O)([O-])OP(=O)([O-])O.CCCC[N+](CCCC)(CCCC)CCCC.CCCC[N+](CCCC)(CCCC)CCCC,919.30
T3071,Cc1ccc(C(=O)Nc2ccc(CN3CCN(C)CC3)c(C(F)(F)F)c2)cc1C#Cc1cnc2[nH]ncc2c1,532.57
T3076,N#Cc1ccc(COc2ccc(-c3cccc4nc(NC(=O)C5CC5)nn34)cc2)cn1,410.44
T30787,CO/N=C(\C(=O)N[C@@H]1C(=O)N2C(C(=O)[O-])=C(C)CS[C@H]12)c1csc(N)n1.[Na+],419.42
T3098,CCOC(=O)N[C@@H]1CC[C@@H]2[C@@H](C1)C[C@H]1C(=O)O[C@H](C)[C@H]1[C@H]2/C=C/c1ccc(-c2cccc(F)c2)cn1.O=S(=O)(O)O,590.67
T31020,CC1=C(CC(=O)NCc2ccccc2)c2cc(F)ccc2/C1=C\c1ccncc1.Cl,420.92
T3103,Cc1c(Br)cc(NCC(=O)N/N=C/c2cc([N+](=O)[O-])ccc2O)cc1Br,486.12
T3105,O=C(/C=C/c1ccc2ccc(C(F)(F)F)cc2n1)c1ccncc1,328.29
T3108,C#Cc1cccc(Nc2ncnc3cc(OC)c(OCCCCCCC(=O)NO)cc23)c1,434.50
T31091,Cc1c(/C=C/C2=CC(/C=C/c3cnn(-c4ccccc4)c3C)=[O+][B-](F)(F)O2)cnn1-c1ccccc1,484.32
T31095,C#CCN(c1nc(-c2cc(C)c(OC)cc2Cl)c(C)s1)[C@@H](CC1CC1)c1ccc(C)c(F)c1,483.05
T31207,C[N+]1(C)[C@@H]2CC[C@H]1C[C@@H](CC(C#N)(c1ccccc1)c1ccccc1)C2.[Br-],425.41
T3132,O=C1/C(=C/c2ccncc2)CCC/C1=C\c1ccncc1,276.34
T3134,NC1=NC(=O)/C(=C/c2ccc(O)cc2)S1,220.25
T31408,CC1=N/C(=C\c2cc(F)c(O)c(F)c2)C(=O)N1CC(F)(F)F,320.22
T31433,N#Cc1c(Cl)cccc1Cl,172.01
T3148,CN(C)C(=O)CCSC(SCCC(=O)[O-])c1cccc(/C=C/c2ccc3ccc(Cl)cc3n2)c1.[Na+],537.08
T3149,O=C(/C=C/c1ccc(O)c2oc(-c3ccc(O)c(O)c3)cc12)O[C@H](Cc1ccc(O)c(O)c1)C(=O)O,492.44
T3150,CC(=O)[C@]1(O)CC[C@@]2(O)[C@]1(C)[C@H](OC(=O)/C=C(\C)C(C)C)C[C@@H]1[C@@]3(C)CC[C@H](O)CC3=CC[C@]12O,490.64
T31532,CCN(CCO)c1ccc(/N=N/c2ccc([N+](=O)[O-])cc2)cc1,314.35
T31546,CCCCC/C=C\C/C=C\CCCCCCCC(=O)OCC(CN(C)C)OC(=O)CCCCCCC/C=C\C/C=C\CCCCC,644.04
T3156,N#C/C(C(=O)c1ccc(Cl)cc1Cl)=C1/NC(=O)c2ccccc2N1,358.18
T31596,CC1(C)CCC(C)(C)c2cc(C#Cc3cccc(C(=O)O)c3)ccc21,332.44
T3163,O=C(O)/C=C(/CCc1ccc(Cl)cc1)c1ccccc1,286.76
T31731,COC(=O)N1CCC(CC#Cc2nc(N)c3ncn([C@@H]4O[C@H](C(=O)NC5CC5)[C@@H](O)[C@H]4O)c3n2)CC1,499.53
T31740,C#CCNC(=O)C=CC(=O)O,153.14
T31792,COc1ccc(/C(C)=N/OC(N)=O)cc1OC1CCCC1,292.34
T31795,O=C(/C=C/c1ccc(Cl)cc1)N[C@@H](Cc1ccccn1)C(=O)NCC(=O)N1CCC(Oc2cc(C(F)(F)F)ncn2)CC1,617.03
T3182,Cl.N#Cc1ccc(Cn2cncc2CN2CCN(c3cccc(Cl)c3)C(=O)C2)cc1,442.35
T3184,Cl.N#CCCCSC(=N)N,179.68
T31860,COP(=O)(c1cc(C)cc(/C=C/C#N)c1)c1c(C(N)=O)[nH]c2ccc(Cl)cc12,413.80
T31866,CC(=O)O[C@@H](C)/C=C\C(=O)N[C@@H]1C[C@H](C)[C@H](C/C=C(C)/C=C/[C@H]2O[C@](C)(O)C[C@@]3(CO3)[C@@H]2O)O[C@@H]1C,507.62
T32008,COc1ccc2ncc(C#N)c(CCN3CCC(NCc4cc5c(cn4)OCS5)CC3)c2c1,461.59
T3203,COC(=O)\C=C(C)/C=C/C=C(C)/C=C/C1=C(C)C(=O)CCC1(C)C,328.45
T3207,COc1cc(OC)c(/C=C/S(=O)(=O)Cc2ccc(OC)c(OP(=O)(O)O)c2)c(OC)c1,474.42
T32188,CO[C@H]1/C=C/C=C(\C)C(=O)NC2=CC(=O)C(N)=C(C[C@@H](C)C[C@H](OC)[C@H](O)[C@@H](C)/C=C(\C)[C@@H]1OC(N)=O)C2=O,545.63
T3220,CC(=O)O[C@H]1[C@H]2[C@@H](OC(=O)Cc3ccccc3)[C@@H](C)C[C@]2(OC(C)=O)C(=O)/C(C)=C/[C@@H]2[C@H](CC[C@@]13CO3)C2(C)C,552.66
T3221,N#CCc1ccc(OCc2ccc(F)cc2)cc1,241.26
T32266,CC/C=C\CC1CCCC(=O)O1,168.24
T3236,CC(C)=CCC/C(C)=C/CC/C(C)=C/CC/C(C)=C/CC/C(C)=C/CC/C(C)=C/CC/C(C)=C/CC/C(C)=C/CC/C(C)=C/CO,631.09
T3237,CCCCC/C=C/C/C=C/CCCCCCCC(=O)O[C@H](COC(=O)CCCCCCCCCCCCCCC)COP(=O)([O-])OCC[N+](C)(C)C,758.08
T3239,C/C=C(\C)C(=O)OC/C=C(\C)CCC=C(C)C,236.35
T3250,O=C(O)/C=C/CCCCCCCO,186.25
T32535,C#CCN[C@@H]1CCc2ccc(OC(=O)N(C)CC)cc21,272.35
T3254,C/C(=C\CO)CCC[C@H](C)CCC[C@H](C)CCCC(C)C,296.54
T32570,CCN1C[C@@]2(O)CC[C@@H](OC)[C@]34[C@@H]2[C@@H](O)C([C@@H]13)[C@]1(O)C[C@@H](OC)[C@H]2C[C@H]4[C@H]1[C@H]2OC,423.55
T3258,CCC/N=C1\S/C(=C\c2ccc(OC[C@H](O)CO)c(Cl)c2)C(=O)N1c1ccccc1C,460.98
T3266,CCCCN(CCCC)CC(O)c1cc(Cl)cc2c1-c1ccc(Cl)cc1/C2=C/c1ccc(Cl)cc1,528.95
T3274,O=C1Nc2ccc(CN3C(=O)CSC3=O)cc2/C1=C/c1cc(CN2CCOCC2)c[nH]1,438.51
T32804,C=CCN1C(=O)/C(=C/c2ccc(-c3ccccc3)o2)SC1=S,327.43
T3320,C[C@]12N[C@H](Cc3ccccc31)c1ccccc12.O=C(O)/C=C\C(=O)O,337.38
T33272,Cc1nc(-c2ccccc2)[nH]c1CC#N,197.24
T3328,C/C=C(/C)C(=O)O,100.12
T3330,COc1ccc(/C=C/c2cc(OC)cc(OC)c2)cc1,270.33
T33380,Cc1[nH]c(/C=C2\C(=O)Nc3ccc(F)cc32)c(C)c1C(=O)NCCCCCCNc1cccc2c1C(=O)N(C1CCC(=O)NC1=O)C2=O,654.70
T33404,C(C#Cc1ccc(C[P+](c2ccccc2)(c2ccccc2)c2ccccc2)cc1)#Cc1ccccc1.[I-],604.47
T3342,COc1cc(O)c(CC=C(C)C)c(O)c1C(=O)/C=C/c1ccc(O)cc1,354.40
T33422,O=C(NC1CC1)c1cn(-c2cccc(C#Cc3ccc[n+]([O-])c3)c2)c2ncccc2c1=O,422.44
T33467,COc1ccc2[nH]c(C)c(/C=C/C(=O)c3ccncc3)c2c1,292.34
T33584,C/C(=C\c1ccc(C(=O)O)cc1)c1ccc(C(C)C)s1,286.40
T33676,CC(C)(C)COc1ccc(-n2cc(C(=O)O)cn2)cc1C#N,299.33
T3373,C/C=C(\C)C(=O)OC(C)(C)[C@@H]1Cc2c(ccc3ccc(=O)oc23)O1,328.36
T3375,C[C@@H]1O[C@@H](O[C@@H]2[C@@H](O)[C@H](OCCc3ccc(O)c(O)c3)O[C@H](CO)[C@H]2OC(=O)/C=C/c2ccc(O)c(O)c2)[C@H](O)[C@H](O)[C@H]1O,624.59
T33789L,CCCCCCCC/C=C\CCCCCCCC(=O)N1CCC[C@H]1C(=O)[O-].[NH4+],396.62
T33876L,Cl.OCCNCCOc1ccc(/C(=C(\c2ccccc2)C(F)(F)F)c2ccccc2)cc1,463.93
T33876L1,O=C(O)C(F)(F)F.OCCNCCOc1ccc(/C(=C(\c2ccccc2)C(F)(F)F)c2ccccc2)cc1,541.49
T33908,CC1=C(/C=C/C(C)=C/C=C/c2ccc(C(=O)O)cc2)C(C)(C)CCC1,336.48
T3392,COc1cc(/C=C/C(=O)OCC[N+](C)(C)C)c(OC)cc1O.N#C[S-],368.46
T33943,Cn1nccc1-c1ccccc1Oc1ccc(S(=O)(=O)Nc2nccs2)cc1C#N,437.51
T33955,C#CCNC(=O)c1cc(Nc2cc(C3CC3)[nH]n2)nc(N2CCN(Cc3ccc(S(=O)(=O)F)cc3)CC2)n1,538.61
T3400,C=C[C@@](C)(/C=C/c1ccc(O)cc1)CCC=C(C)C,256.39
T34039,CCOP(=S)(OCC)ON=C(C#N)c1ccccc1,298.30
T3404,CC(=O)OC(C)(C)/C=C/C(=O)[C@](C)(O)[C@H]1[C@H](O)C[C@@]2(C)[C@@H]3CC=C4[C@@H](C[C@H](O)C(=O)C4(C)C)[C@]3(C)C(=O)C[C@]12C,558.71
T3409,O=C(/C=C/c1ccc(O)c(O)c1)O[C@H]1[C@H](O[C@@H]2O[C@H](CO)[C@@H](O)[C@H](O)[C@H]2O)[C@@H](O)[C@H](OCCc2ccc(O)c(O)c2)O[C@@H]1CO,640.59
T3411,C/C1=C\CC[C@H](C)C(=O)C[C@@H](C(C)C)C(=O)C1,236.35
T3427,OC[C@H]1O[C@@H](Cc2cc(O)cc(/C=C/c3ccc(O)cc3)c2)[C@H](O)[C@@H](O)[C@@H]1O,388.42
T34280,CCNC(=O)Nc1ncnc2c1ncn2[C@@H]1O[C@H](COP(=O)([O-])[O-])[C@H]2O[C@H](/C=C/c3ccccc3)O[C@H]21.[Na+].[Na+],576.41
T3435,COC[C@@H](c1ccc(C(F)(F)F)cc1)N1CCN(C2(C)CCN(C(=O)c3c(C)ncnc3C)CC2)C[C@@H]1C.O=C(O)/C=C\C(=O)O,649.71
T34435,CO/N=C/C1=CCCN(C(=O)Oc2ccc(Cl)cc2)C1,294.74
T34703,C[C@H]1[C@H](NC(=O)/C(=N/OC(C)(C)C(=O)O)c2csc(N)n2)C(=O)N1S(=O)(=O)O,435.44
T3496,CC(C)N1C(=O)N(c2ccccc2)CS/C1=N\C(C)(C)C,305.45
T34973,N#CC(C#N)=Cc1ccc(O)cc1,170.17
T3499,N#Cc1ccc(-c2csc(NN=C3CCCC3)n2)cc1,282.37
T3502,COc1cccc(/C=N/c2cccc(C(=O)O)c2C)c1O,285.30
T3506,Cc1cc(C(=O)Nc2nc3cccc(Cl)c3n2[C@@H]2CCCCN(C(=O)/C=C/CN(C)C)C2)ccn1,495.03
T3507,N#Cc1cnc(Cl)cn1,139.54
T3525,O=C(O)/C(S)=C/c1ccc(I)cc1,306.12
T35273,FC(F)(F)Oc1ccccc1-c1nnc(C#Cc2cccnc2)o1,331.25
T35282,CCCCCCC#Cc1nc(N)c2ncn([C@@H]3O[C@H](CO)[C@@H](O)[C@H]3O)c2n1,375.43
T35325L,CC(=O)O.C[C@@H]1NC(=O)[C@@H]2CCCN2C(=O)[C@H](CC(N)=O)NC(=O)[C@@H]2CSSC[C@@H](C(N)=O)NC(=O)[C@H](CO)NC(=O)[C@H](Cc3ccc(O)cc3)NC(=O)[C@H](Cc3cnc[nH]3)NC(=O)[C@H](CCCNC(=N)N)NC(=O)CNC(=O)[C@H](CSSC[C@H](NC(=O)[C@@H](N)CCC(=O)O)C(=O)N2)NC1=O,1497.69
T3533,CS(=O)(=O)O.CS(=O)(=O)O.Cc1cccc(/C=N/Nc2cc(N3CCOCC3)nc(OCCc3ccccn3)n2)c1,610.72
T35332,CN(C)C/C=C/C(=O)Nc1ccc(C(=O)Nc2cccc(Nc3ncc(Cl)c(-c4c[nH]c5ccccc45)n3)c2)cc1.Cl.Cl,638.99
T35335,CCCCCOc1ccccc1/C(=C\SC)n1ccnc1,302.44
T35346,C=C[C@]1(C)C[C@@H](OC(=O)CSCCN(CC)CC)[C@]2(C)[C@H](C)CC[C@]3(CCC(=O)[C@H]32)[C@@H](C)[C@@H]1O.O=C(O)/C=C/C(=O)O,609.83
T3536,CCOC(=O)c1cc(C#N)c(N2CCC(C(=O)NS(=O)(=O)Cc3ccccc3)CC2)nc1C,470.55
T3540,COc1cc(/C=C2\SC(=S)NC2=O)ccc1OCC(=O)O,325.37
T3545,COc1ccc(/C=C(/C#N)c2cccnc2)cc1OC,266.30
T35501,C=C1CC[C@H](O)C/C1=C\C=C1/CCC[C@]2(C)[C@@H]([C@H](C)CCCC(C)C)CC[C@@H]12,384.65
T3551,CC(C)(CO)[C@@H](O)C(=O)NCCC(=O)O.CC(C)(CO)[C@@H](O)C(=O)NCCC(=O)O.[CaH2],480.57
T3552,CC(C)c1c(-c2ccccc2)[nH]c2c(C#N)cnn2c1=O,278.32
T35528L,C#Cc1cccc(Nc2nc3ccccc3nc2Nc2cccc(C#C)c2)c1.Cl.Cl,433.34
T3554,N#C/C(=C/c1cc(Cl)cc(Cl)c1)c1cccnc1,275.14
T35548,N#Cc1c(C2(c3ccc(Cl)cc3)CC2)nn2c1[nH]c(=O)c1cc(I)ccc12,486.70
T3559,CC1=C(/C=C/C(C)=C/C=C/C(C)=C\C(=O)O)C(C)(C)CCC1=O,314.43
T35606,CCCCCCCC/C=C\CCCCCCCC(=O)OC[C@H](COP(=O)(O)OC[C@H](N)C(=O)[O-])OC(=O)CCCCCCC/C=C\CCCCCCCC.[Na+],810.04
T3563,CCC(C)NC(=O)/C=C/c1ccc(Cl)c(Cl)c1,272.17
T3567,O=C1Nc2ccccc2/C1=C/c1ccc(Br)cc1,300.15
T3569,COc1ccccc1/C=C1\C(=O)Nc2ccccc21,251.28
T3571,O=C1Nc2ccccc2/C1=C\c1ccc(Cl)c(Cl)c1,290.15
T3573,N#CSCSc1nc2ccccc2s1,238.36
T3576,CCCc1c(-c2ccccc2)nc2c(C#N)c[nH]n2c1=O,278.32
T35785,CCCCCCCC/C=C\CCCCCCCC(=O)N[C@@H](CC(C)C)C(=O)O,395.63
T35803,CCCCCCCCCCCCC/C=C/[C@@H](O)[C@H](CO)NC(=O)CCCCCCCCCCCCC,509.86
T35805,CCCCCCCCCCCCC/C=C/[C@@H](O)[C@H](COP(=O)([O-])OCC[N+](C)(C)C)NC(=O)CCCCCCCCCCCCCCC,703.04
T35806,CCCCCCCCCCCCC/C=C/[C@@H](O)[C@H](CO)NC(=O)CCCCCCCCCCCCCCCCC,565.97
T35808,CCCCCCCC/C=C\CCCCCCCC(=O)N[C@@H](CO)[C@H](O)/C=C/CCCCCCCCCCCCC,563.95
T3585,COc1cc(/C=C/c2ccc(OC)cc2OC)cc(OC)c1,300.35
T35868,CCCc1cc(=O)n2nc(NCc3c(F)cc(Cl)cc3F)c(C#N)c2[nH]1,377.78
T35898,Cc1cc(Nc2cc3ncccc3c(N[C@@H]3C[C@H]4CC[C@@H](C3)N4CCC#N)n2)n[nH]1,402.51
T35900,Cc1cnc(Nc2ccc3c(c2)CCN(C(=O)/C=C/CN(C)C)C3)nc1-c1cnn(C(C)C)c1,459.60
T35914,C#Cc1cccc(Nc2ncnc3cc(OC)c(NC(=O)N4CCN(CC)CC4)cc23)c1.O=C(O)CCC(=O)O,548.60
T35921L,CCCCCCCC/C=C\CCCCCCCC(=O)N[C@H](C(=O)[O-])C(C)C.[NH4+],398.63
T3594,COc1ccc(/C=C/C=C2C(=O)NC(=O)NC2=O)cc1,272.26
T3595,CC(C)c1cc(Oc2c(Cl)cc(-n3nc(C#N)c(=O)[nH]c3=O)cc2Cl)n[nH]c1=O,435.23
T3596,CN(C)c1ccc(/C=C/C(=O)c2ccc(Br)s2)cc1,336.25
T3598,CN(C)C/C=C/C(=O)Nc1cccc(C(=O)Nc2ccc(Nc3nccc(-c4cccnc4)n3)cc2)c1,493.57
T35981,C=CC1=C(C)/C(=C/c2[nH]c(/C=C3N=C(/C=C4\NC(=O)C(C)=C4C=C)C(C)=C\3CCC(=O)O)c(CCC(=O)O)c2C)NC1=O.Cl,619.12
T3600,C=CC(C)(C)c1cc(/C=C/C(=O)c2ccc(O)cc2)c(OC)cc1O,338.40
T36008,COc1ccccc1Oc1c([N-]S(=O)(=O)/C=C/c2ccccc2)nc(-c2ncccn2)nc1OC.[K+],529.62
T36017,Cc1cc(NC(=O)Nc2cc(C(C)(C)C)nn2-c2cccc(C#N)c2)ccc1Oc1ccncc1,466.55
T36036,O=C(/C=C/CCc1ccccc1)c1cccs1,242.34
T36064,CCCCCCCC/C=C\CCCCCCCC(=O)N[C@@H](CCC(N)=O)C(=O)O,410.60
T36065,CCCCCCCC/C=C\CCCCCCCC(=O)N[C@@H](CO)C(=O)O,369.55
T3607,CO[C@@H]1[C@@H](O[C@@H]2O[C@H](C)[C@@H](O[C@H]3C[C@@](C)(O)[C@@H](O)[C@H](C)O3)[C@H](N(C)C)[C@H]2O)[C@@H](CC=O)C[C@@H](C)[C@@H](O)/C=C/C=C/C[C@@H](C)OC(=O)C[C@H]1O,701.85
T36097,Cc1nc2cc(F)c(-c3cnc(C(C)(C)O)nc3)nc2c(N[C@H](C)c2cc(C#N)ccc2F)c1Cl,494.93
T3616,CN1CC(O)C2=C/C(=N/NC(N)=O)C(=O)C=C21,236.23
T3617,N#Cc1ccnc(N2C(=O)CC[C@H]2C(=O)N(c2cncc(F)c2)[C@H](C(=O)NC2CC(F)(F)C2)c2ccccc2Cl)c1,582.97
T3618,C[C@H](CS(C)(=O)=O)n1ccc2c(C(F)(F)F)c(C#N)ccc21,330.33
T36201L,CN[C@@H](C)C(=O)N[C@H](C(=O)N1CCC[C@H]1C(=O)N[C@H]1c2ccccc2C[C@H]1OCC#CC#CCO[C@@H]1Cc2ccccc2[C@@H]1NC(=O)[C@@H]1CCCN1C(=O)[C@@H](NC(=O)[C@H](C)NC)C1CCCCC1)C1CCCCC1.O=C(O)C(F)(F)F,1129.33
T3626,CC#CC(=O)N1CCC[C@H]1c1nc(-c2ccc(C(=O)Nc3ccccn3)cc2)c2c(N)nccn12,465.52
T3627,O/N=C1\c2ccccc2-c2nc3ccccc3nc21,247.26
T36310,Cn1ncc(C#N)c1-c1ccc2c(c1)CN([C@H](CN)Cc1cccc(F)c1)C2=O,389.43
T3632,Cn1c(Cn2ccc(C(F)(F)F)c(Oc3cc(Cl)cc(C#N)c3)c2=O)n[nH]c1=O,425.75
T3635,CC(=O)c1ccc(N/N=C(/C(N)=O)C2=NC(C)(C)Cc3ccccc32)cc1,362.43
T3636,COc1cc2c(cc1OC)CN(C(=O)/C=C/c1c(-c3ccccc3)n(C)c3ncccc13)CC2.Cl,490.00
T3639,C[C@H](N/C(=N\c1cccc2ncccc12)NC#N)c1ccccc1,315.38
T36390,CCCCCCCC/C=C\CCCCCCCC(=O)[O-].[Na+],304.45
T3643,COc1ccc(S(=O)(=O)Nc2ccccc2/C=C/c2cc[n+]([O-])cc2)cc1,382.44
T36473,C=CC(C)(O)CC/C=C(\C)CCC=C(C)C,222.37
T36527,N#Cc1c(-c2ccc(O)c(O)c2)cc(-c2ccc(F)cc2)nc1N,321.31
T36563,C/C=C1/C(=O)C[C@H]2[C@@H]3CCC4=CC(=O)CC[C@]4(C)[C@H]3CC[C@]12C,312.45
T36602,CC/C=C\C/C=C\C/C=C\C/C=C\C/C=C\C=C\C(O)CCC(=O)O,344.50
T3664,CN(C)C/C=C/C(=O)Nc1ccc(C(=O)Nc2cccc(Nc3ncc(Cl)c(-c4c[nH]c5ccccc45)n3)c2)cc1,566.07
T3667,C=C1CC[C@@H]2[C@](C)(COC(=O)CCC(=O)O)[C@H](OC(=O)CCC(=O)[O-])CC[C@@]2(C)[C@@H]1/C=C/C1=CCOC1=O.[K+],570.68
T36674,COc1ccc(/C=C/c2cc(OC)c(OC)c(OC)c2)cc1,300.35
T36687,COc1ccc(C(OCC2OC(n3ccc(NC(C)=O)nc3=O)C(O[Si](C)(C)C(C)(C)C)C2OP(OCCC#N)N(C(C)C)C(C)C)(c2ccccc2)c2ccc(OC)cc2)cc1,902.11
T3670,C[C@@H]1O[C@@H](OC[C@H]2O[C@@H](OCCc3ccc(O)c(O)c3)[C@H](O)[C@@H](O)[C@@H]2OC(=O)/C=C/c2ccc(O)c(O)c2)[C@H](O)[C@H](O)[C@H]1O,624.59
T36752,COc1ccc(C(OC[C@H]2O[C@@H](n3cnc4c(NC(=O)c5ccccc5)ncnc43)[C@H](F)[C@@H]2OP(OCCC#N)N(C(C)C)C(C)C)(c2ccccc2)c2ccc(OC)cc2)cc1,875.94
T36756,COc1ccc(C(OC[C@@H]2O[C@H](n3cnc4c(=O)[nH]c(NC(=O)C(C)C)nc43)C[C@H]2OP(OCCC#N)N(C(C)C)C(C)C)(c2ccccc2)c2ccc(OC)cc2)cc1,839.93
T36757,COc1ccc(C(OC[C@H]2O[C@@H](n3ccc(=O)[nH]c3=O)C[C@@H]2OP(OCCC#N)N(C(C)C)C(C)C)(c2ccccc2)c2ccc(OC)cc2)cc1,730.80
T36798,C#CCNC(=O)[C@H](CO)NC(=O)[C@H](CCCCN(CC)CC)NC(=O)[C@H](NC(=O)[C@@H](NC(=O)c1ccc(Oc2ccccc2)cc1)C1CCCC1)[C@@H](C)CC,760.98
T36812,CCCCC/C=C\C/C=C\CCCCCCCC(N)=O,279.47
T3683,O=C(/C=C/c1ccc(O)c2c1[C@H](C(=O)O)[C@@H](c1ccc(O)c(O)c1)O2)O[C@H](Cc1ccc(O)c(O)c1)C(=O)O,538.46
T36899,Cc1c(Nc2nccc3cc(CN4CC[C@@H](O)C4)cnc23)cccc1-c1cccc(-c2nc3cc(CN4CC[C@@H](C(=O)O)C4)cc(C#N)c3o2)c1C,693.81
T3690,COc1ccc(CC(=O)NC(N/C(=N/C#N)Nc2cccc3ncccc23)C(C)(C)C)cc1OC,474.57
T36902,O=C(CCl)N[C@@H](Cc1ccccc1)C(=O)N1C/C(=C\c2ccc([N+](=O)[O-])cc2)C(=O)/C(=C/c2ccc([N+](=O)[O-])cc2)C1,589.00
T3691,CCn1c(N)c(C(=O)NC)c(=O)c2ccc(C#C[C@@](C)(O)COC)nc21,358.40
T36948,N#CC(C#N)=Cc1ccc(-c2ccc(-c3ccc(O)cc3)s2)s1,334.43
T3697,COc1cc(/C=C/C(=O)OC[C@H]2O[C@H](O[C@]3(CO)O[C@H](CO)[C@@H](O)[C@@H]3OC(=O)/C=C/c3cc(OC)c(O)c(OC)c3)[C@H](O)[C@@H](O)[C@@H]2O)cc(OC)c1O,754.69
T36971,C#Cc1cn([C@@H]2O[C@H](CO)[C@@H](O)[C@H]2O)c(=O)[nH]c1=O,268.23
T3698,C/C=C/c1cc(OC)c(OC)cc1OC,208.26
T3699,N#Cc1c(Oc2cccc(OS(=O)(=O)CCCC(F)(F)F)c2)cccc1C(F)(F)F,453.36
T3702,C[C@@H](O)[C@H](NC(=O)c1ccc(C#Cc2ccc(CN3CCOCC3)cc2)cc1)C(=O)NO,437.50
T37020,COc1cc(/C=N/NC(=O)c2cccc(F)c2)cc(I)c1O,414.17
T37066,N#CC(C#N)=Cc1cc2c3c(c1)CCCN3CCC2,249.32
T37069,COC(=O)NCc1cc(/C(C)=N/OCc2cccc(C)n2)ccc1Cl,361.83
T3707,N#Cc1ccnc(Nc2cc(C3CCN(C4COC4)CC3)cc(N3CCC(F)(F)C3)n2)c1,440.50
T37072,N#Cc1cc(I)c(O)c([N+](=O)[O-])c1,290.02
T3713,Cc1c(NC(=O)c2cc(C(N)=O)nc3cc(F)ccc23)c(C(F)(F)F)nn1Cc1ccc(C#N)cc1,496.42
T37148,CCN(CC)C(=O)CC(C)(C(=O)/C=C/c1ccc(OC)c(OC)c1)C(=O)/C=C/c1ccc(OC)c(OC)c1,523.63
T3721,C=CC(=O)Nc1cccc(Oc2nc(Nc3ccc(N4CCN(C)CC4)c(F)c3)nc3[nH]ccc23)c1.O=C(O)/C=C\C(=O)O,603.61
T37280,CCCCCCCC/C=C\CCCCCCCC(=O)OC[C@@H](O)COP(=O)(O)OCCN,479.60
T37287,Cl.N#Cc1ccc(N2C[C@H](N)C[C@H](C(F)(F)F)C2)c2cccnc12,356.78
T37303,CCCCC/C=C\C/C=C\C/C=C\C=C\C(=O)CCCC(=O)O,318.46
T37349,CCNC(=O)NC(=O)C(C#N)=NOC,198.18
T37436,CCCCCCCCCCCCC/C=C/[C@@H](O)[C@H](CO)NC(=O)CCCCCCCCCCC,481.81
T37547,O=C(O)/C=C/c1cnc[nH]1,138.13
T3755,COc1cc(O)cc(/C=C/c2ccc(O)cc2)c1,242.27
T37558,COc1ccc(-n2c(SCC#N)nc3sc4c(c3c2=O)CCCC4)cc1,383.50
T37591,C#Cc1cnc2[nH]cc(-c3cccc4c3CCN4C(=O)[C@@H]3CCCN3C#N)c2c1,381.44
T37622,CNc1nc(CNCC2(F)CCN(C(=O)c3ccc(F)c(Cl)c3)CC2)ccc1C.O=C(O)/C=C/C(=O)O,538.98
T3763,O=C(O)/C=C/C(=O)O,116.07
T37688,CC1(C)C(C=C(Cl)Cl)C1C(=O)OC(C#N)c1ccc(F)c(Oc2ccccc2)c1,434.29
T37689,O=C(O)C#Cc1ccccc1,146.14
T3776,COc1ccc(/C=C/c2cc(O)cc(O)c2)cc1O,258.27
T3777,C/C=C(/C)C(=O)O[C@H]1[C@@H](OC(C)=O)c2c(ccc3ccc(=O)oc23)OC1(C)C,386.40
T3779,CC(/C=C/C=C(\C)C(=O)O[C@@H]1O[C@H](CO)[C@@H](O)[C@H](O)[C@H]1O)=C\C=C\C=C(C)\C=C\C=C(/C)C(=O)O[C@@H]1O[C@H](CO[C@@H]2O[C@H](CO)[C@@H](O)[C@H](O)[C@H]2O)[C@@H](O)[C@H](O)[C@H]1O,814.83
T37824,CCOc1ccc(S(=O)(=O)Nc2ccc(Cl)cc2C#Cc2cnc(C(=O)O)cc2OC)c2ncccc12,537.98
T3784,N#C/C=C1/C=C[C@@H](O)[C@H](O)[C@H]1O[C@@H]1O[C@H](CO)[C@@H](O)[C@H](O)[C@H]1O,329.31
T37855,CCCCC/C=C\C/C=C\C/C=C\CCCCC(=O)Oc1ccc2ccc(=O)oc2c1,422.57
T37882,COc1ccc(/C=C/C(=O)O)cc1OC,208.21
T37911,Oc1ccc(/C=C\c2cc(O)cc(O)c2)cc1,228.25
T37924,CCCCCC/C=C\CCCCCCCCCCCCCCC,322.62
T37927,CCCCCCCC/C=C\CCCCCCCCCCCC(N)=O,337.59
T3803,C/C=C1/[C@H](O[C@@H]2O[C@H](CO)[C@@H](O)[C@H](O)[C@H]2O)OC=C(C(=O)OC)[C@H]1CC(=O)OC[C@H]1O[C@@H](OCCc2ccc(O)cc2)[C@H](O)[C@@H](O)[C@@H]1O,686.66
T38034,C#CCN(C)Cc1ccc(O)c2ncccc12.Cl.Cl,299.20
T38050,C#Cc1cccc(-c2cc(=O)n(C)c3ccc([C@](O)(c4ccc(Cl)cc4)c4cncn4C)cc23)c1,479.97
T38079,C#CCC(N)C(=O)O.Cl,149.58
T3814,COc1cc(/C=C/c2cc(O)cc(O)c2)ccc1O,258.27
T38173,C#CC[N+](C)(C)CCO.[Br-],208.10
T3825,C/C=C/C#CC#CC(O)C(/C=C/CCCO)O[C@@H]1O[C@H](CO)[C@@H](O)[C@H](O)[C@H]1O,396.44
T38272,N#C/N=C1\SCCN1Cc1ccc(Cl)nc1,252.73
T3843,Oc1cc(O)cc(/C=C/c2ccccc2)c1,212.25
T38451,C#CCOC(=O)[C@@H](C)Oc1ccc(Oc2ncc(Cl)cc2F)cc1,349.75
T3856,COc1cc(/C=C/C(=O)O[C@H]2[C@H](O)[C@@H](CO)O[C@@]2(CO)O[C@@H]2O[C@H](COC(=O)c3ccc(O)cc3)[C@@H](O)[C@H](O)[C@H]2O)cc(OC)c1OC,682.63
T38571,N#CCC1(n2cc(-c3ncnc4[nH]ccc34)cn2)CN(S(=O)(=O)C2CC2)C1,383.44
T3860,O=C(/C=C/c1ccc(O[C@@H]2O[C@H](CO)[C@@H](O)[C@H](O)[C@H]2O[C@@H]2OC[C@](O)(CO)[C@H]2O)cc1)c1ccc(O)cc1O,550.51
T3861,CC(C)=CCc1c(O)ccc(C(=O)/C=C/c2ccc(O)cc2)c1O,324.38
T38655,C#CCN1C(=O)C(F)(F)Oc2cc(F)c(-n3c(=O)n(C)c(=S)n(C)c3=O)cc21,412.35
T38679,CCCCCCCC/C=C\CCCCCCCC(=O)OCC(CN(C)C)OC(=O)CCCCCCC/C=C\CCCCCCCC,648.07
T38685,CCCCCCC/C=C/[C@@H](O)[C@@H](N)CO,215.34
T38688,C#CCOCCOCCBr,207.07
T38699,Cn1c(=O)/c(=C/c2ccccc2)[nH]c(=O)/c1=C/c1ccccc1,304.35
T38722,CC(=O)N[C@H]1/C(=N/OC(=O)Nc2ccccc2)O[C@H](CO)[C@@H](O)[C@@H]1O,353.33
T38737L,CC(=O)O.CC[C@H](C)[C@H](NC(=O)[C@H](CCC(=O)O)NC(=O)[C@H](C)NC(=O)[C@H](CCSC)NC(=O)[C@H](CC(=O)O)NC(=O)[C@@H]1CCCN1C(=O)[C@H](CCCCN)NC(=O)[C@H](CC(=O)O)NC(=O)[C@@H](N)CO)C(=O)N[C@@H](CCC(=O)O)C(=O)N[C@@H](CCCCN)C(=O)N[C@@H](Cc1ccccc1)C(=O)N[C@@H](CC(=O)O)C(=O)N[C@@H](CCCCN)C(=O)N[C@@H](CO)C(=O)N[C@@H](CCCCN)C(=O)O,1928.15
T38752,Cc1cccc(-c2nc(CNc3cccc(C#N)c3)[nH]c2-c2ccc3ncnn3c2)n1,406.45
T38779,O=C1Nc2c(cc([N+](=O)[O-])c3c2CCCC3)/C1=N/O,261.24
T38815,COc1ccc(/C=C/C(=O)c2ccc(OC)c3c2OC(C)(C)C=C3)cc1,350.41
T38834,O=C(COc1ccc(-c2oc3cc(O)c(C(=O)O)cc3c2C#Cc2cccc(Cl)c2)cc1)NC1CC1,501.92
T3885,CC(C)=CC[C@H](O)/C(C)=C/CO[C@@H]1O[C@H](CO)[C@@H](O)[C@H](O)[C@H]1O,332.39
T3886,O[C@@H]1[C@@H](O)[C@H](OC/C=C/c2ccccc2)O[C@H](CO[C@@H]2OC[C@H](O)[C@H](O)[C@H]2O)[C@H]1O,428.43
T3887,OC[C@@H]1O[C@@H](OC[C@H]2O[C@@H](OC/C=C/c3ccccc3)[C@H](O)[C@@H](O)[C@@H]2O)[C@H](O)[C@H]1O,428.43
T3892,C[C@@H]1O[C@@H](O[C@@H]2[C@@H](O)[C@H](OCCc3ccc(O)c(O)c3)O[C@H](COC(=O)/C=C/c3ccc(O)c(O)c3)[C@H]2O)[C@H](O)[C@H](O)[C@H]1O,624.59
T3893,C[C@@H]1O[C@@H](O[C@@H]2[C@@H](O)[C@H](OCCc3ccc(O)c(O)c3)O[C@H](CO[C@@H]3OC[C@](O)(CO)[C@H]3O)[C@H]2OC(=O)/C=C/c2ccc(O)c(O)c2)[C@H](O)[C@H](O)[C@H]1O,756.71
T38958,COc1ccc(C(OC[C@H]2O[C@@H](n3ccc(=O)[nH]c3=O)[C@H](F)[C@@H]2OP(OCCC#N)N(C(C)C)C(C)C)(c2ccccc2)c2ccc(OC)cc2)cc1,748.79
T3899,O=C(/C=C/c1ccc(O)c(O)c1)OC[C@H]1O[C@@H](OCCc2ccc(O)c(O)c2)[C@H](O)[C@@H](O)[C@@H]1O,478.45
T3903,COc1ccc(CCO[C@@H]2O[C@H](CO[C@@H]3OC[C@H](O)[C@H](O)[C@H]3O)[C@@H](OC(=O)/C=C/c3ccc(O)c(OC)c3)[C@H](O[C@@H]3O[C@@H](C)[C@H](O)[C@@H](O)[C@H]3O)[C@H]2O)cc1O,784.76
T39044,CC1(C)C(=O)N(c2ccc(C#N)c(C(F)(F)F)c2)C(=S)N1c1ccc(OC[C@@H](O)CO)cc1,479.48
T39056,CC(C)(C)/C=C(\C#N)C(=O)N1CCC[C@@H](n2nc(-c3ccc(Oc4ccccc4)cc3F)c3c(N)ncnc32)C1,539.62
T39113L,Cc1n[nH]c(C)c1-c1cnn(C2(CC#N)CN(c3cc(F)c(C(=O)N[C@@H](C)C(F)(F)F)cc3F)C2)c1.O=P(O)(O)O,605.46
T39157,CCCCCCCC(=O)Oc1c(Br)cc(C#N)cc1Br,403.11
T39214L,Cc1nc(C)c(C(=O)Nc2ccc(F)c(-c3nc4ncc(-c5ncccc5C)cn4n3)c2)o1.O=C(O)/C=C/C(=O)O,559.51
T39217,CC(=O)Nc1nc(C)c(C#N)c2ccccc12,225.25
T39258,COc1ccc(-c2c(-c3ccc(C#N)c(F)c3)nc(N3CCC(N)CC3)n(C)c2=O)cc1F,451.48
T39258L,COc1ccc(-c2c(-c3ccc(C#N)c(F)c3)nc(N3CCC(N)CC3)n(C)c2=O)cc1F.Cl,487.94
T3926,COc1cc(O)ccc1/C=C/C(=O)c1ccc(O)cc1,270.28
T3934,CNCC(=O)OCc1cccnc1N(C)C(=O)OC(C)[n+]1cnn(C[C@](O)(c2cc(F)ccc2F)[C@@H](C)c2nc(-c3ccc(C#N)cc3)cs2)c1.O=S(=O)([O-])O,814.85
T39349,CNCC1CCCCN1C(=O)Oc1ccc(CNC(=O)CCCC/C=C/C(C)C)cc1OC.Cl,496.09
T3940,O=C(O)CC(C(=O)O)N1C(=O)/C(=C2\C(=O)Nc3ccc(Br)cc32)SC1=S,457.28
T39459,CN(C)C/C=C/C(=O)Nc1ccc(C(=O)Nc2cccc(Nc3cc(-c4c[nH]c5ccccc45)ncn3)c2)cc1,531.62
T3951,Cc1ccc(/C=C2\CNC/C(=C\c3ccc(C)cc3)C2=O)cc1.Cl,339.87
T3953,CC(C(=O)Nc1cccc(/N=C/c2c(O)ccc3ccccc23)c1)c1ccccc1,394.47
T39566,Cc1cc(C(C#N)c2ccc(Cl)cc2)c(Cl)cc1NC(=O)c1cc(Cl)ccc1O,445.73
T39585,CNc1nc(NC2CCN(Cc3ccc4c(cc(C#N)n4C[C@H](C)N4CCN(S(C)(=O)=O)CC4)c3C)CC2)c2cc(CC(F)(F)F)sc2n1,717.89
T39631,COc1cc(/C=C(\C#N)C(=O)Nc2ccc(Cl)cc2Cl)cc(Br)c1O,442.10
T39646,COc1cc(Nc2nn([C@H]3COCC[C@@H]3C#N)cc2C(N)=O)cc(F)n1,360.35
T39657,CCNc1nc(Cl)nc(NC(C)(C)C#N)n1,240.70
T3966,C#Cc1cnc2[nH]c(=O)n(C(CC)CC)c2n1,230.27
T3968,C(#Cc1nc2ncccc2nc1OCCN1CCCC1)c1ccccc1,344.42
T39682,C=CC(=O)N1CC[C@H](n2nc(C#Cc3cc(OC)cc(OC)c3)c(C(N)=O)c2NC)C1,423.47
T39695,CC1(C)[C@H](NC(=O)c2ccc(N3CCN(CC4CCN(c5ccc6c(c5)C(=O)N(C5CCC(=O)NC5=O)C6=O)CC4)CC3)cc2)C(C)(C)[C@H]1Oc1ccc(C#N)c(Cl)c1,820.39
T3975,C[C@@H]1Cc2c([nH]c3ccccc23)[C@@H](c2c(F)cc(/C=C/C(=O)O)cc2F)N1CC(C)(C)F,442.48
T39752,Cn1cc(-c2ccc(N(C(=O)NCc3ccccc3)[C@H]3CC[C@H](Nc4ccc(C#N)cn4)CC3)cc2)ccc1=O,532.65
T39792,Cc1cc(-c2ccc(C3C(C#N)=C(N)Oc4c3c(=O)oc3ccccc43)cc2)cnc1F,425.42
T3980,CC(C)c1cc(/C=C(\C#N)C(=O)NCCCc2ccccc2)cc(C(C)C)c1O,390.53
T39817,CS(=O)c1ccc(/C=C/c2cc(=O)c3ccccc3o2)cc1,310.37
T3982,COC(=O)/C(=C1/OC(=O)C(c2ccccc2)=C1O)c1ccccc1,322.32
T39849,C#CCOS(=O)OC1CCCCC1Oc1ccc(C(C)(C)C)cc1,350.48
T3989,CCCOc1ccc(/C=C2\SC(=O)NC2=O)cc1,263.32
T3994,CC(C)(Sc1ccncc1-c1ccc(C#N)c2ccccc12)C(=O)O,348.43
T3998,N#CCC1(n2cc(-c3ncnc4[nH]ccc34)cn2)CN(C2CCN(C(=O)c3ccnc(C(F)(F)F)c3F)CC2)C1,553.52
T39986,Cl.Cl.NC/C=C(\F)CS(=O)(=O)c1cccc2cccnc12,353.25
T3O2709,O=C(Nc1ccccc1)c1cc2ccccc2c(/N=N/c2ccccc2)c1O,367.41
T3P2904,CC/C=C\C/C=C\C/C=C\CCCCCCCC(=O)O,278.44
T3S0006,COC(=O)/C=C/c1ccc(O)c(OC)c1,208.21
T3S0012,COc1cc(/C=C/COC(=O)/C=C/c2ccc(O)c(OC)c2)ccc1O,356.37
T3S0013,CCOC(=O)/C=C/c1ccc(O)c(O)c1,208.21
T3S0136,COc1cc(O)c(C(=O)/C=C/c2ccc(O)cc2)cc1CC=C(C)C,338.40
T3S0137,CC(C)=CCc1cc(C(=O)/C=C/c2ccc(O)cc2)c(O)cc1O,324.38
T3S0153,C=C1C(=O)O[C@H]2C[C@H](C)C(/C=C/C(C)=O)=CC[C@H]12,246.31
T3S0175,CC(/C=C/C=C(\C)C(=O)OC1O[C@H](CO[C@@H]2O[C@H](CO)[C@@H](O)[C@H](O)[C@H]2O)[C@@H](O)[C@H](O)[C@H]1O)=C\C=C\C=C(C)\C=C\C=C(/C)C(=O)OC1O[C@H](CO[C@@H]2O[C@H](CO)[C@@H](O)[C@H](O)[C@H]2O)[C@@H](O)[C@H](O)[C@H]1O,976.97
T3S0401,OC[C@H]1O[C@@H](Oc2cc(/C=C/c3cc(O)cc(O)c3)ccc2O)[C@H](O)[C@@H](O)[C@@H]1O,406.39
T3S0629,CCN1C[C@]2(COC)CC[C@H](O)[C@]34C1C(O)([C@@H](OC)[C@H]23)[C@@]1(O)C[C@H](OC)[C@H]2C[C@@H]4[C@@H]1[C@H]2OC,467.60
T3S0640,CCCCCCCC/C=C\CCCCCCCC(=O)OCC(COC(=O)CCCCCCC/C=C\CCCCCCCC)OC(=O)CCCCCCC/C=C\CCCCCCCC,885.45
T3S0645,COc1cc(/C=C/C(=O)NCCc2ccc(O)cc2)ccc1O,313.35
T3S0738,COc1ccc(/C=C/c2cc(OC)cc(=O)o2)cc1,258.27
T3S1068,Oc1cc(O)cc(/C=C/c2ccc(O)cc2O)c1,244.25
T3S1088,C[C@@H]1O[C@H](OC[C@H]2O[C@@H](OCCc3ccc(O)c(O)c3)[C@H](O)[C@@H](OC(=O)/C=C/c3ccc(O)c(O)c3)[C@@H]2O)[C@H](O)[C@H](O)[C@H]1O,624.59
T3S1553,O=C/C=C/c1ccccc1,132.16
T3S1701,COc1cc(/C=C/C(O)=C/C(=O)CCc2ccc(O)c(OC)c2)ccc1O,370.40
T3S1858,CC1=C[C@H](O)CC(C)(C)[C@H]1/C=C/C(C)=C/C=C/C(C)=C/C=C/C=C(C)/C=C/C=C(C)/C=C/C1=C(C)C[C@@H](O)CC1(C)C,568.89
T3S1916,C/C=C(/C)C(=O)O[C@H]1c2cc3c(c4c2[C@@]2(CO4)C(=O)C(OC)=C(OC)C=C2C[C@@H](C)[C@H]1C)OCO3,482.53
T3S2019,C=C1CC[C@H]2[C@@H](/C=C(\C)C(=O)[C@@]3(O)C[C@H](C)[C@H](O)[C@@H]3[C@H]1O)C2(C)C,334.46
T3S2390,O=C(/C=C/c1ccc(O)c(O)c1)O[C@@H](C(=O)O)[C@@H](O)C(=O)O,312.23
T40045,C[C@@H](Cn1c(=O)[nH]/c(=N\c2ccc(Oc3ccccn3)cc2)n(Cc2ccc(Cl)cc2)c1=O)C(=O)O,507.93
T40111L,Cc1c(COc2cc(OCc3cccc(C#N)c3)c(CN3CCCCC3C(=O)N3CCNCC3)cc2Cl)cccc1-c1ccc2c(c1)OCCO2.Cl.Cl,780.19
T40112,Cc1c(COc2cc(OCc3cccc(C#N)c3)c(CN3CCCCC3C(=O)N3CCN(C(=O)CCCC(=O)Nc4cccc5c4C(=O)N(C4CCC(=O)NC4=O)C5=O)CC3)cc2Cl)cccc1-c1ccc2c(c1)OCCO2,1076.60
T40130,COc1cccc2c(Nc3ccc4[nH]c(C(=O)N/N=C/c5ccc(SC)cc5)cc4c3)cc(C)nc12,495.61
T4014,COCC(=O)NC/C=C/c1ccc2ncnc(Nc3ccc(Oc4ccc(C)nc4)c(C)c3)c2c1,469.55
T4025,COc1ccc(S(=O)(=O)Nc2ccccc2/C=C/c2ccncc2)cc1,366.44
T40254,Cn1ncc(-c2ccc3c(=O)[nH]nc(CN)c3c2)c1-c1c(F)c(Cl)cc(OC2CC2)c1C#N,464.89
T4026,CCOC(=O)c1c(C)[nH]c(/C=C2\C(=O)Nc3ccccc32)c1C,310.35
T40276,CC(C)C(=O)OC[C@H]1O[C@@](C#N)(c2ccc3c(N)ncnn23)[C@H](OC(=O)C(C)C)[C@@H]1OC(=O)C(C)C,501.54
T40284,Cn1cnc2ccc(Oc3c(F)ccc(NS(=O)(=O)N4CC[C@@H](F)C4)c3C#N)cc2c1=O,461.45
T40286,C=CC(=O)N1CCN2C(=O)c3cc(F)c(-c4ccc(F)c5sc(N)c(C#N)c45)c(Cl)c3OCC[C@H]2C1,528.97
T40335,CC1(C)Oc2ccc(/C(Cn3ccnc3)=N\OC(=O)c3ccc4ccccc4c3)cc2O1,427.46
T4041,CCc1nc2c(C)cc(N3CCN(CC(=O)N4CC(O)C4)CC3)cn2c1CNc1nc(-c2ccc(F)cc2)c(C#N)s1,588.71
T4046,C/C(=C1/C(=O)Nc2ccc(NC(N)=O)cc21)c1ccc[nH]1,282.30
T4047,C(=N\NC1=NCCN1)/c1c2ccccc2c(/C=N/NC2=NCCN2)c2ccccc12,398.47
T40475,Cc1oc(=O)oc1COC(=O)N1CC[C@@H](N2CC/C(=C\C3=C(C(=O)O)N4C(=O)[C@@H](NC(=O)/C(=N\O)c5nsc(N)n5)[C@H]4SC3)C2=O)C1,690.67
T4054,O.O.O.O.O.O.O.O=C1CN(/N=C/c2ccc(-c3ccc([N+](=O)[O-])cc3)o2)C(=O)[N-]1.O=C1CN(/N=C/c2ccc(-c3ccc([N+](=O)[O-])cc3)o2)C(=O)[N-]1.[Na+].[Na+],798.58
T40548,Cc1cc(OCC(=O)O)cc(C)c1Cc1cc(C#Cc2ccc([N+](=O)[O-])cc2)c(O)c(C(C)C)c1,473.53
T40560,N#C[Se]Cc1ccccc1,196.11
T40598,C#C[C@]1(OC(C)=O)CC[C@H]2[C@@H]3CCC4=CC(=O)CC[C@@H]4[C@H]3CC[C@@]21C,340.46
T40637,CCCCCCCC/C=C\CCCCCCCCCC(=O)O,310.52
T40659L,C#CC(N)CCC(=O)O.Cl,163.60
T40660,C=C1[C@H](OC(=O)c2ccccc2)[C@H]2[C@@H](OC(C)=O)[C@](C)(O)[C@H](O)[C@@]2(OC(C)=O)C(=O)[C@@H](C)[C@@H]2O[C@H]2C(C)(C)C(=O)[C@H](O)[C@H]1OC(=O)c1ccccc1,722.74
T4067,C=CC(=O)N1CC/C(=C\c2ccc(F)c([N+](=O)[O-])c2)C(=O)/C(=C/c2ccc(F)c([N+](=O)[O-])c2)C1,469.40
T40712,CCOC(=O)/C=C/C(=O)OCC,172.18
T4077,COc1cc(OCc2ccccn2)ccc1/C=C/c1cc(/C=C/c2ccc3cc[nH]c3c2)n[nH]1,448.53
T40781L,CC(C)=CCC/C(C)=C/CC/C(C)=C/CC/C(C)=C/COP(=O)(O)OP(=O)(O)O.CC(C)=CCC/C(C)=C/CC/C(C)=C/CC/C(C)=C/COP(=O)(O)OP(=O)(O)O.CCCC[N+](CCCC)(CCCC)CCCC.CCCC[N+](CCCC)(CCCC)CCCC.CCCC[N+](CCCC)(CCCC)CCCC,1628.31
T40781L1,CC(C)=CCC/C(C)=C/CC/C(C)=C/CC/C(C)=C/COP(=O)([O-])OP(=O)([O-])O.CCCC[N+](CCCC)(CCCC)CCCC.CCCC[N+](CCCC)(CCCC)CCCC,933.37
T4084,CC(=O)N1CCC2(CC1)c1cc(C#C[C@H]3O[C@H](CO)[C@@H](O)[C@H](O)[C@@H]3O)ccc1-c1ccc(C#C[C@H]3O[C@H](CO)[C@@H](O)[C@H](O)[C@@H]3O)cc12,649.69
T40867,C(=C\[C@H]1CCNC1)/c1cncnc1,175.24
T40872,CO[C@H]1/C=C\C=C(/C)C(=O)NC2=CC(=O)C(NCCN3CCCC3)=C(C[C@@H](C)C[C@H](OC)[C@H](O)[C@@H](C)/C=C(\C)[C@@H]1OC(N)=O)C2=O,642.79
T4089,O=C(O)CCN1C(=O)/C(=C2/C(=O)Nc3ccc(Cl)cc32)SC1=S,368.82
T40900,COc1ccc(/C=C/C(=O)c2ccccc2O)cc1OC,284.31
T4092,N#CC(C#N)=Cc1ccc([N+](=O)[O-])c(O)c1,215.17
T4100,NN(/C=C1\C(=O)C=Cc2ccccc21)C(=O)c1ccncc1,291.31
T4105,Cc1c(CN(C)C(=O)/C=C/c2cnc3c(c2)CCC(=O)N3)oc2ccccc12,375.43
T41089,C#CCC[C@H](N)C(=O)O.Cl,163.60
T4109,COc1ccc(/C=C/c2cc(O)cc(O)c2)cc1O[C@@H]1O[C@H](CO)[C@@H](O)[C@H](O)[C@H]1O,420.41
T41141,c12c3c4c5c1c1c6c7c2c2c8c3c3c9c4c4c%10c5c5c1c1c6c6c%11c7c2c2c7c8c3c3c8c9c4c4c9c%10c5c5c1c1c6c6c%11c2c2c7c3c3c8c4c4c9c5c1c1c6c2c3c41,720.66
T4117,OCCN1CCN(CC/C=C2/c3ccccc3Sc3ccc(Cl)cc32)CC1,400.98
T41244,CC1(C)CC/C(=C/c2ccc(Cl)cc2)C1(O)Cn1cncn1,317.82
T41247,O=C(O)/C=C\C(=O)O.S=C(NC1CCCCC1)N1CCC(c2cnc[nH]2)CC1,408.52
T41249,CC(C)OC(=O)[C@H](C)NP(=O)(CO[C@H](C)Cn1cnc2c(N)ncnc21)Oc1ccccc1.O=C(O)/C=C/C(=O)O,592.55
T41277,C#CC(=O)N(c1ccc(OC)cc1OC)C(C(=O)NCC(=O)OCC)c1cccs1,430.48
T41288,CCCC/C=C\CCCCCCCC(=O)O,226.36
T4129,CCCCC/C=C\C/C=C\C/C=C\C/C=C\CCCC(=O)O,304.47
T41291,C#CCOc1ccccc1CCCCCC(=O)NS(C)(=O)=O,323.41
T41302,C#CCCCCCCOC(=O)CC(=C)C(=O)O,238.28
T41321,CC/C=C\C/C=C\C/C=C\C/C=C\C/C=C\C/C=C\CCC(=O)OCC,356.55
T41323,CCCCC/C=C\C/C=C\C/C=C\CCCCCCC(=O)OC,320.52
T41324,CCCCCC/C=C\COC(=O)CCCCCCCC(CCCCCCCC(=O)OC/C=C\CCCCCC)OC(=O)CCCN(C)C,678.05
T41335,CCCCCC/C=C\CCCCCCCCCC(=O)O,282.47
T41340,Cc1c(COC(=O)[C@@H]2[C@H](/C=C(\Cl)C(F)(F)F)C2(C)C)cccc1-c1ccccc1,422.87
T4138,COc1ccc(C2C(C#N)=C(N)OC3=C2C(=O)CC(c2cccc4ccccc24)C3)cc1,422.48
T4140,N#Cc1ccc2ncnc(N[C@H]3CC[C@H](N4CCOCC4)CC3)c2c1,337.43
T4164,O=C(O)c1ccc(/C=C2\SC(=S)N(Cc3cccc(C(F)(F)F)c3)C2=O)cc1,423.44
T4184,O=C1NC(=S)S/C1=C\c1ccc(I)cc1,347.20
T4189,CC1=C(/C=C/C(C)=C/C=C/C(C)=C/C(=O)Nc2ccc(O)cc2)C(C)(C)CCC1=O,405.54
T4194,O=C1Nc2ccc(Cl)cc2/C1=C/c1cc(Br)c(O)c(Br)c1,429.50
T4205,N#C/C(=C\c1ccc(O)c(O)c1)C(=O)Nc1ccccc1,280.28
T4214,Cc1nn2c(nc(O)c3cccnc32)c1C#N,225.21
T4216,O=C(N/N=C/c1coc2ccccc2c1=O)c1cccnc1,293.28
T4227,CN1C/C=C/CCOc2cccc(c2)-c2ccnc(n2)Nc2cccc(c2)C1.Cl,408.93
T4231,COc1ccc(C(=O)/C=C/c2cc(OC)c(OC)c(OC)c2)cc1OC,358.39
T4235,COCCNc1cc(NC(=O)N2CCCc3cc(CN4CCN(C)CC4=O)c(C=O)nc32)ncc1C#N,506.57
T4253,O=C(O)COc1ccc(Br)cc1/C=C1\SC(=S)N(Cc2cccnc2)C1=O,465.35
T4270,CO/N=C(\C(=O)N[C@@H]1C(=O)N2C(C(=O)[O-])=C(C[n+]3cccc4c3CCCC4)CS[C@H]12)c1csc(N)n1.O=S(=O)(O)O,626.70
T4271,COC(=O)/C=C/C(=O)OCCN1C(=O)CCC1=O,255.23
T4273,O=C1CN(/N=C/C=C/c2ccc([N+](=O)[O-])o2)C(=O)N1,264.20
T4277,N#Cc1ccc([C@H]2CCc3cncn32)c(F)c1,227.24
T4281,CC/C(=C(/c1ccc(O)cc1)c1ccc(OCCNC)cc1)c1ccccc1,373.50
T4285,N#Cc1ccc(Oc2ccc3c(c2)COB3O)cc1,251.05
T4293,CN(C)C/C=C/C(=O)Nc1ccc(C(=O)N2CCC[C@@H](Nc3ncc(Cl)c(-c4c[nH]c5ccccc45)n3)C2)cc1,558.09
T4308,Cc1ccc(/C=C2\SC(=S)N(CCCCCC(=O)Nc3ccc(C(=O)O)c(O)c3)C2=O)cc1,484.60
T4310,COc1cccc(OCCCN)c1-c1cc(Nc2cnc(C#N)cn2)n[nH]1,365.40
T4311,O=C1C=Cc2ccccc2/C1=C/Nc1ccccc1O,263.30
T4319,O=C1/C(=C/c2ccc(O)cc2)Oc2cc(O)ccc21,254.24
T4325,S=C(N/N=C1\CCCc2cccnc21)N1CCN(c2ccccn2)CC1,366.49
T4326,N#C/C(=C\c1ccc(O)c(O)c1)C(=O)NCCCc1ccccc1,322.36
T4327,COc1cccc(OCCCN)c1-c1cc(Nc2cnc(C#N)cn2)n[nH]1.Cl.Cl,438.32
T4338,CS(=O)(=O)c1ccc(NC(=O)c2cc(C#N)c(Sc3c(Cl)cncc3Cl)s2)cc1,484.41
T4340,O=C1Nc2ccc(S(=O)(=O)NCc3ccc(F)cc3)cc2/C1=N/Nc1cccc(C(=O)O)c1,468.47
T4354,Nc1ccc(/C=C/C(=O)NCc2cc3cc(-c4ccc(C(=O)N5CCC(F)(F)CC5)cc4)cc(-c4ccc(F)cc4)c3o2)cn1,610.64
T4356,C[C@@H]1CN(c2ccc3cc(C#N)c4nc5ccccc5n4c3n2)C[C@H](C)N1,356.43
T4358,Cc1c(N[C@@H](c2nnc(-c3ccc(C#N)cc3)o2)[C@H](C)O)ccc(C#N)c1Cl,393.83
T4370,CN(C)Cc1ccc(S(=O)(=O)n2ccc(/C=C/C(=O)NO)c2)cc1.Cl,385.87
T4399,O=C(COc1c(Cl)cc(Cl)cc1Cl)N/N=C/c1ccc[nH]1,346.60
T4408,CSc1ccc(C(=O)/C=C/c2cc(C)c(OC(C)(C)C(=O)O)c(C)c2)cc1,384.50
T4410,Fc1ccc2c(/C=C/c3nnn[nH]3)c[nH]c2c1,229.22
T4420,CC/C(=C(\c1ccc(O)cc1)c1ccc(OCCN(C)C)cc1)c1ccccc1,387.52
T4422,O=C(O)/C=C\C(=O)O.OC1CN(CCCOCCc2ccc3sccc3c2)C1,407.49
T4435,Cc1ccc(NS(=O)(=O)c2cccc(C#N)c2)c2[nH]cc(C#N)c12,336.38
T4441,N#C/C(=C\c1cn(-c2ccccc2)c2ccccc12)C(=O)O,288.31
T4453,CC(C)[C@H](/N=C(/NS(=O)(=O)c1ccc(Cl)cc1)N1C[C@H](c2ccccc2)C(c2ccc(Cl)cc2)=N1)C(N)=O,572.52
T4454,O=C(O)/C=C/CCCCCCCCC(=O)O,228.29
T4477,Cc1ccc(S(=O)(=O)O)cc1.Cn1cc(-c2ccc(S(=O)(=O)n3ccc(/C=C/C(=O)Nc4ccccc4N)c3)cc2)cn1,619.73
T4481,Nc1cc(F)ccc1NC(=O)c1ccc(CNC(=O)/C=C/c2cccnc2)cc1,390.42
T4486,Cc1cc(/C=C2\SC(=O)N(c3ccccc3)C2=O)c(C)n1-c1cccnc1,375.45
T4501,CO/N=C(\C(=O)N[C@@H]1C(=O)N2C(C(=O)O)=CCS[C@H]12)c1csc(N)n1,383.41
T4511,CC(C)c1cc(/C=C(\C#N)C(N)=O)cc(C(C)C)c1O,272.35
T4517,Nc1[nH]c(=S)[nH]c(=O)c1/N=C/c1ccccc1,246.30
T4518,COc1c(/C=C/C(=O)c2ccc(O)c(CC=C(C)C)c2)ccc(O)c1O,354.40
T4525,C/C(=C/C(=O)O)C(=O)O,130.10
T4527,C/C(=N/NC(=O)c1cccc(S(=O)(=O)N2CCN(C)CC2)c1)c1cc(Cl)ccc1O,450.95
T4528,N#C/C(=C\c1ccc(O)c(O)c1)C(=O)N1CCc2ccccc21,306.32
T4530,COc1ccc(S(=O)(=O)Nc2ccccc2CN(C)C/C=C/c2ccc(Cl)cc2)cc1.O=P(O)(O)O,554.99
T4538,CC1(C)CCC(C)(C)c2cc(Cn3cccn3)c(/C=C/c3ccc(C(=O)O)cc3)cc21,414.55
T4546,CCCCC[C@H](O)/C=C/[C@@H]1[C@@H](C/C=C\CCCC(=O)O)[C@@H](O)C[C@H]1O.NC(CO)(CO)CO,475.62
T4551,Cc1ccc(/C(=C\CN2CCCC2)c2cccc(/C=C/C(=O)O)n2)cc1,348.45
T4554,CC(C)c1cc(C=C(C#N)C#N)cc(C(C)C)c1O,254.33
T4566,N#Cc1cc(NC(=O)C(=O)O)c(Cl)c(NC(=O)C(=O)O)c1,311.64
T4571,O=C(O)CCNC(=O)c1ccc(/N=N/c2ccc(O)c(C(=O)O)c2)cc1,357.32
T4589,COC(=O)[C@@H](Cc1ccc(O)c(O)c1)OC(=O)/C=C/c1ccc(O)c2c1[C@H](C(=O)O[C@H](Cc1ccc(O)c(O)c1)C(=O)O)[C@@H](c1ccc(O)c(O)c1)O2,732.65
T4590,COC1=CC(=O)O[C@@H](/C=C/c2ccccc2)C1,230.26
T4595,COc1ccc(/C(C#N)=C/c2ccc(N3CCC(O)CC3)s2)cc1OC,370.47
T4605,Oc1cc(CNC(=S)/C=C/c2cc(O)c(O)c(Br)c2)cc(O)c1O,412.26
T4607,FC(F)(F)c1ccc(/C=C/c2cc(Cl)cc(Cl)c2)cc1,317.14
T4608,Clc1ccc(/C=C/c2cc(Cl)cc(Cl)c2)cc1,283.58
T4615,O.O.O=C([O-])CCNC(=O)c1ccc(/N=N/c2ccc(O)c(C(=O)[O-])c2)cc1.[Na+].[Na+],437.32
T4627,COC(=O)c1cccc(N/N=C2\C(=O)Nc3ccc(S(=O)(=O)NCc4ccc(F)cc4)cc32)c1,482.49
T4640,O=C(N/C(=N\c1cc(C(F)(F)F)[nH]n1)Nc1cc(F)cc(Cl)c1)c1cccc(Cl)c1,460.22
T4644,CC(C)c1c(O)cc(/C=C/c2ccccc2)cc1O,254.33
T4656,O=c1c2ccccc2nc(/C=C/c2cccnc2)n1Cc1ccccc1,339.40
T4661,Cc1[nH]c2ccccc2c1/C=C1\NC(=S)NC1=O,257.32
T4672,C/C=C(/C)C(=O)O[C@H]1[C@@H]2[C@H](C)C(=O)O[C@@H]2C[C@@H](C)[C@@H]2C=CC(=O)[C@]21C,346.42
T4686,COc1ccc2c(O[C@@H]3C[C@H]4C(=O)N[C@]5(C(=O)NS(=O)(=O)C6CC6)C[C@H]5/C=C\CCCCN(C)C(=O)[C@@H]4C3)cc(-c3nc(C(C)C)cs3)nc2c1C,749.96
T4692,Cl.O=C1NC(=O)/C(=C/c2c[nH]c(=O)c(-c3ccc(N4CCNCC4)nc3)c2)S1,419.89
T4736,CCn1cnc2c(Nc3cc(F)cc(F)c3)nc(C#N)nc21,300.27
T4740,CCCCCCCC/C=C/CCCCCCCC(=O)O,282.47
T4803,COc1cc(/C=C/C(=O)CC(=O)/C=C/c2ccc(O)cc2)ccc1O,338.36
T4807,C/C=C/C=C/C(=O)[O-].[K+],150.22
T4861,O=C(O)/C=C(\CC(=O)O)C(=O)O,174.11
T4867,CCCCCCCC/C=C\CCCCCCCCCCCC(=O)O,338.58
T4868,CCCCC/C=C\C/C=C\C/C=C\CCCCC(=O)O,278.44
T4870,CCCCCCCCCCC/C=C\CCCCC(=O)O,282.47
T4872,CCCCCC/C=C\CCCCCCCC(=O)O,254.41
T4905,NC(=O)/C=C\C(=O)O,115.09
T4913,O=C(O)/C=C\C(=O)O,116.07
T4931,O.O=C(O)/C(O)=C(\O)C(=O)O,166.08
T4943,CCCCCCCC/C=C\CCCCCCCC(=O)OCC(O)CO,356.55
T4944,CCCCCCCC/C=C\CCCCCCCCCCCCCC(=O)O,366.63
T4961,COC(=O)[C@@H](Cc1ccc(O)c(O)c1)OC(=O)[C@H]1c2c(/C=C/C(=O)O[C@H](Cc3ccc(O)c(O)c3)C(=O)O)ccc(O)c2O[C@@H]1c1ccc(O)c(O)c1,732.65
T4967,CC(C)(Cc1ccc2ccccc2c1)NC[C@@H](O)COc1cccc(Cl)c1C#N.Cl,445.39
T4977,CC(C)=CCOc1ccc(/C=C/C(=O)c2ccc(OCC=C(C)C)cc2OCC(=O)O)cc1,450.53
T4980,COc1ccc(NC(=O)c2ccc(C(=N)N(C)C)cc2)c(C(=O)Nc2ccc(Cl)cn2)c1.O=C(O)/C=C\C(=O)O,567.99
T4982,O=C(Cn1ccnc1[N+](=O)[O-])NCc1ccccc1,260.25
T4984,CO/N=C(\C(=O)N[C@@H]1C(=O)N2C(C(=O)O)=C(C[n+]3ccn4ncccc43)CS[C@H]12)c1nsc(N)n1.[Cl-],552.00
T4985,CCCCCOc1ccccc1/C(=C\SC)n1ccnc1.Cl,338.90
T4998,COCC1=C(C(=O)OC(C)OC(=O)OC(C)C)N2C(=O)[C@@H](NC(=O)/C(=N\OC)c3csc(N)n3)[C@H]2SC1,557.61
T4998L,COCC1=C(C(=O)O)N2C(=O)[C@@H](NC(=O)/C(=N\OC)c3csc(N)n3)[C@H]2SC1,427.46
T4P2931,CCCCC/C=C\C/C=C\CCCCCCCC(=O)O,280.45
T4S0145,CC(C)=CCC/C(C)=C/Cc1cc(-c2coc3cc(O)ccc3c2=O)ccc1O,390.48
T4S0176,O=C(/C=C/C=C/c1ccccc1)CCc1ccccc1,262.35
T4S0350,COc1c(/C=C/C(=O)c2ccc(O)cc2)ccc(O)c1O,286.28
T4S0398,OC[C@H]1O[C@@H](OC/C=C/c2ccccc2)[C@H](O)[C@@H](O)[C@@H]1O,296.32
T4S0544,C/C1=C\C(=O)c2c(C)coc2C/C(C)=C/CC1,230.31
T4S0931,CC(=O)O[C@@]12CCC(C)=CC[C@]13CC[C@H]2[C@](C)(/C=C/C=C(\C)C(=O)O)OC3=O,388.46
T4S1383,C/C=C(\C)C(=O)O[C@H]1[C@H](OC(C)=O)[C@]2(CO)[C@H](O)C[C@]3(C)C(=CC[C@@H]4[C@@]5(C)CC[C@H](O[C@@H]6O[C@H](C(=O)O)[C@@H](O[C@@H]7O[C@H](CO)[C@@H](O)[C@H](O)[C@H]7O)[C@H](O)[C@H]6O[C@@H]6O[C@H](CO)[C@@H](O)[C@H](O)[C@H]6O)[C@](C)(CO)[C@@H]5CC[C@]43C)[C@@H]2CC1(C)C,1131.27
T4S1387,C/C=C(\C)C(=O)O[C@H]1[C@H](O)[C@]2(COC(C)=O)[C@H](O)C[C@]3(C)C(=CC[C@@H]4[C@@]5(C)CC[C@H](O[C@@H]6O[C@H](C(=O)O)[C@@H](O[C@@H]7O[C@H](CO)[C@@H](O)[C@H](O)[C@H]7O)[C@H](O)[C@H]6O[C@@H]6O[C@H](CO)[C@@H](O)[C@H](O)[C@H]6O)[C@](C)(CO)[C@@H]5CC[C@]43C)[C@@H]2CC1(C)C,1131.27
T4S1419,C/C=C(/C)C(=O)OC1C(OC(C)=O)c2c(ccc3ccc(=O)oc23)OC1(C)C,386.40
T4S1421,C/C=C(/C)C(=O)O[C@H]1c2c(ccc3ccc(=O)oc23)OC(C)(C)[C@H]1OC(=O)/C(C)=C\C,426.47
T4S1422,C/C=C(/C)C(=O)O[C@H]1[C@@H](OC(=O)CC(C)C)c2c(ccc3ccc(=O)oc23)OC1(C)C,428.48
T4S1521,O=C(/C=C/c1ccc(O)c(O)c1)O[C@H]1[C@H](O)C[C@](OC(=O)/C=C/c2ccc(O)c(O)c2)(C(=O)O)C[C@H]1O,516.46
T4S1545,C/C=C/c1cc(OC)c2c(c1)[C@@H](C)[C@H](c1ccc3c(c1)OCO3)O2,324.38
T4S1962,C/C=C\c1cc(OC)c(OC)cc1OC,208.26
T4S2014,C=C1CC[C@H]2[C@@H](/C=C(\C)C(=O)[C@@]3(OC(C)=O)C[C@H](C)[C@H](OC(=O)c4ccccc4)[C@@H]3[C@H]1OC(C)=O)C2(C)C,522.64
T5001,CCS(=O)(=O)O.COC(=O)c1ccc2c(c1)NC(=O)/C2=C(\Nc1ccc(N(C)C(=O)CN2CCN(C)CC2)cc1)c1ccccc1,649.77
T5003,CO[C@H]1/C=C\O[C@@]2(C)Oc3c(C)c(O)c4c([O-])c(cc(O)c4c3C2=O)NC(=O)/C(C)=C\C=C/[C@H](C)[C@H](O)[C@@H](C)[C@@H](O)[C@@H](C)[C@H](OC(C)=O)[C@@H]1C.[Na+],719.76
T50045,CC(C)(C)NC[C@H](O)COc1nsnc1N1CCOCC1.O=C(O)/C=C/C(=O)O,432.50
T50071,N#Cc1cnn(-c2ccc(C(F)(F)F)cc2)c1N,252.20
T50076,COc1cc(/C=C/C(=O)c2ccccc2OC)cc(OC)c1,298.34
T50090,C(#Cc1cccnc1)c1ccccc1,179.22
T50099,COC(=O)c1sccc1NN=C(C#N)S(C)(=O)=O,287.32
T5014,CCCCC[C@H](O)/C=C/[C@H]1[C@H](O)CC(=O)[C@@H]1C/C=C\CCCC(=O)O,352.47
T5033,Cc1[nH]c(=O)c(C#N)cc1-c1ccc2nccn2c1,250.26
T5037,CCC(=O)O[C@@H]1CC(=O)O[C@H](C)C/C=C/C=C/[C@H](O)[C@H](C)C[C@H](CC=O)[C@H](O[C@@H]2O[C@H](C)[C@@H](O[C@H]3C[C@@](C)(O)[C@@H](OC(=O)CC)[C@H](C)O3)[C@H](N(C)C)[C@H]2O)[C@H]1OC,813.98
T5044,C=CC(=O)N1CC[C@H](n2nc(C#Cc3cc(OC)cc(OC)c3)c3c(N)ncnc32)C1,418.46
T5047,Cc1cccc(C(=O)NCN2CCN(c3ccccc3C#N)CC2)c1.O=C(O)/C=C\C(=O)O,450.50
T5091,CN(C)C(=O)/C(C#N)=C/c1ccc(-c2nc3cnc4[nH]ccc4c3n2C2CCCCC2)o1,428.50
T5093,N#Cc1ccc(-c2cnc3[nH]cc(NC(=O)c4cccnc4)c3c2)cc1,339.36
T5100,N#Cc1ccc(NC(=O)c2cccc(C(=O)Nc3ccc(C#N)c(C(F)(F)F)c3)c2)cc1C(F)(F)F,502.37
T5103,O=C1NC(=S)S/C1=C/c1ccccc1[N+](=O)[O-],266.30
T5104,O=C1/C(=N/Nc2nccs2)C(c2ccccc2)=NN1c1nc(-c2ccccc2)cs1,430.52
T5111,N#Cc1ccccc1-c1ccc(CBr)cc1,272.14
T5115,CC(CNC(=S)[S-])NC1=[S][Zn+2]<-[SH-]1,290.80
T5118,CC/C(=C(/c1ccc(/C=C/C(=O)O)cc1)c1ccc2[nH]ncc2c1)c1ccc(F)cc1Cl,446.91
T5152,CCn1c(=Cc2cccc[n+]2CC)s/c(=C2/Sc3ccccc3N2C)c1=O.[Cl-],432.01
T5153,CS(=O)(=O)O.N#CC1(c2ccc(NC(=O)c3cccnc3NCc3ccncc3)cc2)CCCC1,493.59
T5155,N#C/C(=C\c1ccc(O)c(O)c1)C(N)=O,204.18
T5172,COc1ccc2c(Nc3cc(NC(=O)c4cccc(C(C)(C)C#N)c4)ccc3C)ncnc2c1,451.53
T5173,O=C(/C=C/c1cncc(F)c1)c1c(-c2ccccc2)c2cc(Cl)ccc2[nH]c1=O,404.83
T5181,COc1ccc(/C=C2\CN(C)C/C(=C\c3c[nH]c4ccccc34)C2=O)cc1OC,388.47
T5182,N#C/C(=C\c1cccn1S(=O)(=O)c1cccc([N+](=O)[O-])c1)S(=O)(=O)c1ccc(F)cc1,461.45
T5185,CC(C)c1ccc(CC(=O)N2CCN(c3ccc(C#N)nn3)CC2)cc1,349.44
T5197,CCN(C)C(=O)c1ccc2c(c1)NC(=O)/C2=C(\Nc1ccc(CN2CCCCC2)cc1)c1ccccc1,494.64
T5200,O=C1Nc2ccccc2/C1=C1/Nc2ccccc2/C1=N\O,277.28
T5214,CCCCC/C=C\C/C=C\CCCCCCCC(=O)O[C@H]1CC[C@@]2(C)C(=CC[C@H]3[C@@H]4CC[C@H]([C@H](C)CCCC(C)C)[C@@]4(C)CC[C@@H]32)C1,649.10
T5246,O=C(O)C/C=C/CC(=O)O,144.13
T5261,CCCCC/C=C/C(=O)O,142.20
T5262,O=C(O)/C=C/c1c[nH]c2ccccc12,187.20
T5301,C/C=C/C(=O)O,86.09
T5314,Cc1ncc(CO)c(/C=N/NC(=O)c2ccncc2)c1O,286.29
T5325,CC1CS(=O)(=O)CCN1/N=C/c1ccc([N+](=O)[O-])o1,287.30
T5338,C/C(=N\NC(=O)c1ccc(C)c(Br)c1)c1ccc(O)cc1O,363.21
T5341,CCOC(=O)c1cnc(C#Cc2ccc3c(c2)C(C)(C)CCS3=O)nc1,368.46
T5350,CCn1c(=O)/c(=C2\Sc3cc(Cl)ccc3N2C)s/c1=C\c1scc[n+]1Cc1ccccc1.[Cl-],534.56
T5368,CC/C=C\C/C=C\C/C=C\C/C=C\C/C=C\CCCC(=O)O,302.46
T5369,CC/C=C\C/C=C\C/C=C\C/C=C\C/C=C\C/C=C\CCC(=O)O,328.50
T5375,Cl/C(=C\n1cncn1)c1ccc(Cl)cc1Cl,274.54
T5378,CC1(C)C(C=C(Cl)Cl)C1C(=O)OC(C#N)c1cccc(Oc2ccccc2)c1,416.30
T5387,N#Cc1ccc(CNC(=O)CCCCCN2CCN(c3ccccc3-c3ccccc3)CC2)cc1,466.63
T5402,CCc1ccc(C(=O)Nc2cc(CN3CCN(C)CC3)cc(C(F)(F)F)c2)cc1C#Cc1cnc2ccnn2c1,546.60
T5407,CC#CC(=O)N[C@H]1CCCN(c2c(F)cc(C(N)=O)c3[nH]c(C)c(C)c23)C1,370.43
T5430,CCCCCCC/C=C/C(=O)CCc1ccc(O)c(OC)c1,304.43
T5431,CCCCCCCCC/C=C/C(=O)CCc1ccc(O)c(OC)c1,332.48
T5432,C[C@H](NC(=O)c1c(N)nn2cccnc12)c1cc2cccc(C#Cc3cnn(C)c3)c2c(=O)n1-c1ccccc1,528.58
T5442,COc1cc(C(=O)NCCOCCOCCOCCNC(=O)CC2N=C(c3ccc(Cl)cc3)c3c(sc(C)c3C)-n3c(C)nnc32)ccc1NC(=O)C1NC(CC(C)(C)C)C(C#N)(c2ccc(Cl)cc2F)C1c1cccc(Cl)c1F,1173.61
T5444,O=C1N=C(N2CCCCN2)S/C1=C\c1ccc(F)cc1OC(=O)N1CCCC1,404.47
T5466,CCN1CCC(Nc2ccc3c(c2)/C(=C(\c2cccc(F)c2)c2ncc(C)[nH]2)C(=O)N3)CC1,445.54
T5482,COc1cc(/C=C/C(=O)NCCn2c(C)cc3ccccc32)cc(OC)c1OC,394.47
T5516,CCn1nc(C)cc1C(=O)Nc1nc2cc(C(N)=O)cc(OC)c2n1C/C=C/Cn1c(NC(=O)c2cc(C)nn2CC)nc2cc(C(N)=O)cc(OCCCN3CCOCC3)c21.Cl.Cl.Cl,959.34
T5531,CC(C)c1ccc(/C=N/NC(=O)c2ccc(O)cc2)cc1,282.34
T5541,COc1cc(/C=C/c2ccc(Cl)cc2)cc(OC)c1,274.75
T5542,C/C=C(\C)C(=O)O,100.12
T5560,N#Cc1c(N)nc(NC2CC2)nc1N,190.21
T5573,COC1=C(OC)C(=O)C(C/C=C(\C)CC/C=C(\C)CC/C=C(\C)CC/C=C(\C)CC/C=C(\C)CC/C=C(\C)CC/C=C(\C)CC/C=C(\C)CCC=C(C)C)=C(C)C1=O,795.25
T5582,CC1=C(/C=C/C(C)=C/C=C/C(C)=C/C=C/C=C(C)/C=C/C=C(\C)C=O)C(C)(C)CCC1,416.65
T5588,O=C(O)/C=C\C=C\C(=O)O,142.11
T5625,CC1CCCC(=O)CCC/C=C/c2cc(O)cc(O)c2C(=O)O1,318.37
T5633,CC/C(=C(/c1ccc(OCCNC/C=C/C(=O)N(C)C)cc1)c1ccc2[nH]ncc2c1)c1ccccc1,494.64
T5635,Cc1cc(C(=O)NC(C)(C)C)cc(C#Cc2ccc3c4c(oc3c2)C(C)(C)c2cc(NS(C)(=O)=O)ccc2C4=O)n1,569.68
T5645,CC(C)=CCC/C(C)=C\CO,154.25
T5653,CC(=O)OC/C=C/c1ccccc1,176.22
T5665,CC(C)=CCC/C(C)=C/CO,154.25
T5668,CC(=O)Oc1ccc(/C=C/c2cc(OC(C)=O)cc(OC(C)=O)c2)cc1,354.36
T5673,N#Cc1ccc2ncnc(NCCc3ccccc3)c2c1,274.33
T5676,CN(C)c1ccc(/C=C2\C(=O)Nc3ccccc32)cc1,264.33
T5679,COc1cc(/C=C/C(=O)O)ccc1O,194.19
T5697,Cc1c(COc2cc(OCc3cccc(C#N)c3)c(CN3C[C@H](O)C[C@@H]3C(=O)O)cc2Cl)cccc1-c1ccc2c(c1)OCCO2,641.12
T5702,COc1cc(/C=C/C(=O)O[C@H]2[C@H](O)[C@@H](CO)O[C@@]2(CO)O[C@H]2O[C@H](COC(=O)c3ccc(O)cc3)[C@@H](O)[C@H](O)[C@H]2O)cc(OC)c1O,668.60
T5704,CS/C=C/C(=O)NCCO[C@@H]1O[C@H](CO)[C@@H](O)[C@H](O)[C@H]1O,323.37
T5705,COc1cc(/C=C/C(=O)O[C@H]2[C@H](O)[C@@H](CO)O[C@@]2(CO)O[C@H]2O[C@H](CO)[C@@H](O)[C@H](O)[C@H]2O)cc(OC)c1OC,562.52
T5712,C/C1=C\CC(C)(C)/C=C/C(=O)/C(C)=C/CC1,218.34
T5715,COc1ccc(/C=C/C(=O)c2c(O)cc(OC)cc2OC)cc1,314.34
T5716,COc1ccc(/C=C/c2cc(O)cc(O)c2)cc1,242.27
T5726,C/C=C1\[C@H](O[C@@H]2O[C@H](CO)[C@@H](O)[C@H](O)[C@H]2O)OC=C(C(=O)OC)[C@H]1CC(=O)OC[C@H]1O[C@@H](OCCc2ccc(O)cc2)[C@H](O)[C@@H](O)[C@@H]1O,686.66
T5736,O=C(/C=C/c1ccc(O)c(O)c1)O[C@@H]1C[C@](OC(=O)/C=C/c2ccc(O)c(O)c2)(C(=O)O)C[C@@H](O)[C@H]1O,516.46
T5741,COC(=O)C1=CC[C@@]23CC[C@@H]([C@@](C)(/C=C/C=C(\C)C(=O)O[C@@H]4O[C@H](CO)[C@@H](O)[C@H](O)[C@H]4O)OC2=O)[C@@]3(OC(C)=O)CC1,594.61
T5753,COc1cc(O)c(C(=O)/C=C/c2ccc(O)cc2)c(OC)c1,300.31
T5754,COC1=CC(=O)OC(/C=C/c2ccccc2)C1,230.26
T5796,O=C(/C=C/c1ccc(O)c(O)c1)OC[C@H]1O[C@@H](OCCc2ccc(O)c(O)c2)[C@H](O)[C@@H](O[C@@H]2O[C@H](CO)[C@@H](O)[C@H](O)[C@H]2O)[C@@H]1O,640.59
T5797,C[C@@H]1O[C@@H](O[C@H]2[C@H](O[C@H]3[C@H](O[C@H]4CC[C@]5(C)[C@H]6CC=C7[C@@H]8CC(C)(C)CC[C@]8(C(=O)O[C@@H]8O[C@H](CO[C@@H]9O[C@H](CO)[C@@H](O[C@@H]%10O[C@@H](C)[C@H](O)[C@@H](O)[C@H]%10O)[C@H](O)[C@H]9O)[C@@H](O)[C@H](O)[C@H]8O)CC[C@@]7(C)[C@]6(C)CC[C@H]5C4(C)C)OC[C@H](O)[C@@H]3O)O[C@H](CO)[C@@H](O)[C@@H]2O)[C@H](O)[C@H](O)[C@H]1O,1367.53
T5798,C=C1[C@H](OC(=O)c2ccccc2)C[C@H]2[C@@H](/C=C(\C)C(=O)[C@@]3(OC(C)=O)C[C@H](C)[C@H](OC(=O)c4ccccc4)[C@@H]3[C@H]1OC(C)=O)C2(C)C,642.75
T5822,CCN1C(=O)/C(=C/c2ccccc2)SC1=S,249.36
T5823,CCCCC/C=C\C/C=C\CCCCCCCCC(CCCCCCCC/C=C\C/C=C\CCCCC)OC(=O)CCCN(C)C,642.11
T5826,C=C1C(=O)O[C@@H]2/C=C(\C)[C@@H](OC(C)=O)C/C=C(\COC(C)=O)C[C@@H](OC(=O)/C(C)=C/CO)[C@@H]12,462.50
T5835,COc1cc(/C=C(\C#N)C(=O)O)ccc1OCc1ccc(C(F)(F)F)cc1C(F)(F)F,445.31
T5841,CC(C)OC(=O)CCC/C=C\CC1C(O)CC(O)C1/C=C/C(O)COc1cccc(C(F)(F)F)c1,500.55
T5847,O=C([O-])CCC/C=C\C[C@H]1[C@H](/C=C/[C@H](O)COc2cccc(Cl)c2)[C@@H](O)C[C@H]1O.[Na+],446.90
T5875,COc1ccc(/C=C/C(=O)O)cc1,178.19
T5891,CCCCCCCCCCCCC/C=C/[C@@H](O)[C@@H](N)CO,299.50
T5913,C/C(=C(\CCOC(=O)C(C)C)SS/C(CCOC(=O)C(C)C)=C(/C)N(C=O)Cc1cnc(C)nc1N)N(C=O)Cc1cnc(C)nc1N,702.90
T5952,CC(C)(C)C(O)/C(=C\c1ccc(Cl)cc1Cl)n1cncn1,326.23
T5994,CC(C)(C)c1ccc(S(=O)(=O)/N=C2\C=C(SCC(=O)O)C(=O)c3ccccc32)cc1,443.55
T5996,O=C(NN1CCCCC1)c1nn(-c2ccc(Cl)cc2Cl)c(-c2ccc(C#Cc3ccc(C(F)(F)F)cc3)s2)c1CNS(=O)(=O)N1CCCC1,751.68
T5S0281,CC(=O)OC1C(OCCc2ccc(O)c(O)c2)OC(COC2OC(CO)C(O)C(O)C2O)C(OC(=O)/C=C/c2ccc(O)c(O)c2)C1OC1OC(C)C(O)C(O)C1O,828.77
T5S0285,COc1cc(CCO[C@@H]2O[C@H](CO[C@@H]3O[C@H](CO)[C@@H](O)[C@H](O)[C@H]3O)[C@@H](OC(=O)/C=C/c3ccc(O)c(O)c3)[C@H](O[C@@H]3O[C@@H](C)[C@H](O)[C@@H](O)[C@H]3O)[C@H]2O)ccc1O,800.76
T5S0331,O=C(/C=C/c1ccc(O[C@@H]2O[C@H](CO)[C@@H](O)[C@H](O)[C@H]2O)cc1)c1ccc(O)cc1O,418.40
T5S0384,COc1ccc(/C=C/c2cc(O)cc(O[C@@H]3O[C@H](CO)[C@@H](O)[C@H](O)[C@H]3O)c2)cc1O,420.41
T5S0658,CC[C@@H]1CN2CC[C@@]3(C(=O)Nc4ccccc43)[C@@H]2C[C@@H]1/C(=C\OC)C(=O)OC,384.48
T5S0669,CC(C)=CCC/C(C)=C/COc1c2ccoc2cc2oc(=O)ccc12,338.40
T5S0733,COc1cc(/C=C/C(=O)OC[C@H]2O[C@@H](O[C@@H]3OC=C[C@H]4[C@H](O)[C@@H]5O[C@]5(CO)[C@@H]34)[C@H](O)[C@@H](O)[C@@H]2O)ccc1O,538.50
T5S0734,COc1cc(/C=C/c2ccccc2)oc(=O)c1,228.25
T5S1285,C=C[C@@H](O)C#CC#C[C@@H](O)/C=C\CCCCCCC,260.38
T5S1389,C/C=C(/C)C(=O)O[C@H]1[C@H](OC(C)=O)[C@]2(CO)[C@H](O)C[C@]3(C)C(=CC[C@@H]4[C@@]5(C)CC[C@H](O[C@@H]6O[C@H](C(=O)O)[C@@H](O[C@@H]7O[C@H](CO)[C@@H](O)[C@H](O)[C@H]7O)[C@H](O)[C@H]6O[C@@H]6O[C@H](CO)[C@@H](O)[C@H](O)[C@H]6O)[C@](C)(CO)[C@@H]5CC[C@]43C)[C@@H]2CC1(C)C,1131.27
T5S1408,C/C=C(/C)C(=O)O[C@@H]1c2c(ccc3ccc(=O)oc23)OC(C)(C)[C@@H]1OC(C)=O,386.40
T5S1467,CC(=O)OC(C)(C)/C=C/C(=O)[C@](C)(O)[C@H]1[C@H](O)C[C@@]2(C)[C@@H]3CC=C4[C@@H](C=C(O)C(=O)C4(C)C)[C@]3(C)C(=O)C[C@]12C,556.70
T5S1530,O=C(/C=C/c1ccc(O)c(O)c1)O[C@H]1[C@H](O)C[C@](O)(C(=O)O)C[C@H]1OC(=O)/C=C/c1ccc(O)c(O)c1,516.46
T5S1897,C/C1=C\CCC2=C[C@@H](OC2=O)c2c(C)coc2C1,244.29
T5S2076,CCC/C=C1\OC(=O)C2=C1CC[C@H](O)[C@H]2O,224.26
T5S2195,COc1cc(/C=C/C(=O)O[C@H]2[C@H](O)[C@@H](CO)O[C@@]2(CO)O[C@H]2O[C@H](CO)[C@@H](O)[C@H](O)[C@H]2O)ccc1O,518.47
T5S2204,COc1cc(/C=C/C(=O)O[C@H]2[C@H](O)[C@@H](CO)O[C@@]2(CO)O[C@@H]2O[C@H](CO)[C@@H](O)[C@H](O)[C@H]2O)cc(OC)c1O,548.49
T5S2228,COc1cc(/C=C/C(=O)OC[C@H]2O[C@@H](O[C@@H]3[C@@H](O)[C@H](O)[C@@H](CO)O[C@H]3c3c(OC)cc4oc(-c5ccc(O)cc5)cc(=O)c4c3O)[C@H](O)[C@@H](O)[C@@H]2O)ccc1O,784.72
T60014,CC(C)C(=O)OC[C@H]1O[C@@](C#N)(c2ccc3c(N)ncnn23)[C@H](O)[C@@H]1O,361.36
T60016,[2H]c1cc([C@@]2(C#N)O[C@@H](COC(=O)C(C)C)[C@H](OC(=O)C(C)C)[C@@H]2OC(=O)C(C)C)n2ncnc(N)c12,502.55
T6002,CNC(=O)c1ccc(N2C(=S)N(c3ccc(C#N)c(C(F)(F)F)c3)C(=O)C2(C)C)cc1F,464.44
T60023,N#Cc1c(NC(=O)CN2CCCCC2)sc2c1CCCC2,303.43
T60041,N#Cc1ccc(-c2ccccc2C(=O)NCCc2c[nH]c3ccc(Cl)cc23)cc1,399.88
T60051,CC(C)c1ccc(/C=N\N=C2\NC(=O)C(CC(=O)O)S2)cc1,319.39
T60055,CN(C)c1ccc2c(c1)OC(N)=C(C#N)C2c1cccc(C(F)(F)F)c1,359.35
T60056,Cc1cc(Oc2c(C)nn(CS(C)(=O)=O)c2C2CC2)cc(C)c1C#N,359.45
T60061,CN(Cc1nc2ccccc2s1)C(=O)NCC#Cc1ccccc1,335.43
T60087,N#Cc1ccc(C(=O)Nc2cc(N3CCCCC3)ccc2N2CCCCC2)o1,378.48
T60096,N#CCCN(C(=O)CCl)c1ccc2c(c1)OCCO2,280.71
T60097,COC(=O)/C=C/c1cc(OC)c(O)c(OC)c1,238.24
T60104,COc1c(C)c2c(c(O[C@@H]3O[C@H](C(=O)O)[C@@H](O)[C@H](O)[C@H]3O)c1C/C=C(\C)CCC(=O)O)C(=O)OC2,496.47
T60126,C#CCN(c1nc(-c2cc(C)c(OC)cc2Cl)c(C)s1)[C@H](CC1CC1)c1ccc(C)c(F)c1,483.05
T60128,Cc1[nH]c(/C=C2\C(=O)Nc3ccc(F)cc32)c(C)c1C(=O)NCCN,342.37
T60133,Cc1ccc(N2CCOCC2)cc1-c1cc(Oc2ccc(C#N)cc2)[nH]n1,360.42
T60135,Cc1ncc2cc(-c3ncco3)n([C@H]3CCNC3)c2n1,269.31
T60144,O=C(/N=c1\scc(CO)n1Cc1ccccc1)c1c[nH]c2ncccc12,364.43
T60147,CC[C@@H](Nc1c(C#N)c(-c2ccc(-c3cccc(C)c3F)cc2)nc2cnccc12)C(=O)O,440.48
T6015,Cn1nc(C(C)(C)C)cc1C(=O)N[C@@H](Cc1cccc(Cl)c1)C(=O)NCC#N,401.90
T60167,C#CC(=O)N(c1cccc(Cl)c1)C1(C(=O)NCc2ccccc2)CCOCC1,396.87
T60179,CN1c2ccccc2Oc2cc3oc(-c4ccccc4)nc3cc21,314.34
T60180,Nc1cc2nc3cccc(F)c3oc-2cc1=O,230.20
T60181,Cc1cccc2nc3cc(N)c(=O)cc-3oc12,226.23
T60184,O=C(O)CCc1ccc(C#Cc2cc(Cl)nc(Cl)c2)cc1,320.18
T60187,Nc1ccc(C#CCN(C(=O)Cc2ncc(C(F)(F)F)cc2C(F)(F)F)c2ccc(F)cc2)nn1,497.37
T6020,C1=C/COCc2cc(ccc2OCCN2CCCC2)Nc2nccc(n2)-c2cccc(c2)COC/1,472.59
T60221L,COc1ccc2c3c([nH]c2c1)CCN(C)CC3.O=C(O)/C=C/C(=O)O,346.38
T6025,CC(C)(C)OC(=O)N[C@H]1CCCCC/C=C\[C@@H]2C[C@@]2(C(=O)NS(=O)(=O)C2CC2)NC(=O)[C@@H]2C[C@@H](OC(=O)N3Cc4cccc(F)c4C3)CN2C1=O,731.84
T60272,NC(=S)N/N=C1\C(=O)Nc2ccccc21,220.26
T60278,NC(=S)N/N=C/c1ccc([N+](=O)[O-])cc1,224.25
T60295,N#Cc1ccsc1NC(=O)c1ccccn1,229.26
T6031,CNc1nc(Nc2cn(C(C)(C)C#N)nc2C)ncc1C(F)(F)F,339.32
T6033,CO[C@H]1C[C@@H]2CC[C@@H](C)[C@@](O)(O2)C(=O)C(=O)N2CCCC[C@H]2C(=O)O[C@H]([C@H](C)C[C@@H]2CC[C@H](n3cnnn3)[C@H](OC)C2)CC(=O)[C@H](C)/C=C(\C)[C@@H](O)[C@@H](OC)C(=O)[C@H](C)C[C@H](C)/C=C/C=C/C=C/1C,966.23
T6035,CC(C)(F)C[C@H](N[C@@H](c1ccc(-c2ccc(S(C)(=O)=O)cc2)cc1)C(F)(F)F)C(=O)NC1(C#N)CC1,525.57
T60367,CCN1/C(=C/C(C)=O)Sc2ccc(OC)cc21,249.33
T60395,C#CCn1nc(/C=C/c2ccc(OC)cc2)oc1=O,256.26
T60438L,Cl.NC/C=C(\F)C(F)(F)S(=O)(=O)c1ccccc1,301.72
T60454,O=C1/C(=C/c2ccc(O)c(O)c2)Cc2cccc(O)c21,268.27
T60500,C#CCNc1nccc(-c2ccc(-n3ccnc3)cc2)n1,275.31
T60512,O=C1/C(=C/c2c[nH]c3ncccc23)Oc2cc(O)ccc21,278.27
T60540,CC#Cc1cn([C@@H]2O[C@H](CO)[C@@H](O)[C@@H]2O)c(=O)[nH]c1=O,282.25
T6062,C[C@H]1CCC/C=C/[C@@H]2C[C@H](O)C[C@H]2[C@H](O)/C=C/C(=O)O1,280.36
T60621,CCC(C)N1C(=O)/C(=C/c2ccc(O)cc2)SC1=S,293.41
T60625,CC(C)n1cc(C#N)c2cc(-n3cc(C(=O)O)cn3)ccc21,294.31
T60671,C#CCN1CCC(OC(=O)Nc2ccc(C(C)C)cc2)CC1,300.40
T6070,COc1cc(OC)c(/C=C/S(=O)(=O)Cc2ccc(OC)c(NCC(=O)[O-])c2)c(OC)c1.[Na+],473.48
T60715,Cc1ccc(/C=C/C(=O)Oc2cc(=O)oc3ccccc23)cc1,306.32
T6072,COc1ccc(-c2ccc3ncc4c(c3c2)n(-c2ccc(N3CCNCC3)c(C(F)(F)F)c2)c(=O)n4C)cn1.O=C(O)/C=C\C(=O)O,650.61
T6074,O=C(/C=C\n1cnc(-c2cc(C(F)(F)F)cc(C(F)(F)F)c2)n1)N1CC(F)(F)C1,426.27
T60745,O=C(/C=C/c1ccc(F)cc1)Nc1ccc2oc(=O)ccc2c1,309.30
T6075,C/C(=C\c1csc(C)n1)[C@@H]1C[C@@H]2O[C@]2(C)CCC[C@H](C)[C@H](O)[C@@H](C)C(=O)C(C)(C)[C@@H](O)CC(=O)O1,507.69
T60798,CCCCCc1ccc(/C=C/[C@H](O)[C@@H](CO)NC)cc1.Cl,313.87
T60812,N#CCn1ccnc1SCC(=O)c1ccc2c(c1)OCCO2,315.35
T60852,C/C(=N\NC(=S)Nc1ccccc1)c1cc(Cl)ccc1O,319.82
T60888,N#Cc1cccc(/C=C2\CCC/C(=C\c3cccc(C#N)c3)C2=O)c1,324.38
T60932,COc1ccc(/C=C2\Oc3cc(O)ccc3C2=O)c(OC)c1OC,328.32
T60951,CC(C)C(=O)OC[C@H]1O[C@@H](n2cc/c(=N/O)[nH]c2=O)[C@H](O)[C@@H]1O,329.31
T60967,CCCCCCCCCCCc1ccc(C(=O)/C=C/C(=O)O)cc1,330.47
T6097,Cc1ccc(NC(=O)Nc2cc(C(F)(F)F)ccc2F)cc1Nc1ccc2c(c1)NC(=O)/C2=C\c1ccc[nH]1,535.50
T60977,CCOC(=O)C1=Cc2ccc(-c3cccc(C#N)c3)cc2N=C(N)C1,331.38
T6102,CC(=O)O[C@H]1[C@H](OCCc2ccc(O)c(O)c2)O[C@H](CO)[C@@H](OC(=O)/C=C/c2ccc(O)c(O)c2)[C@@H]1O[C@@H]1O[C@@H](C)[C@H](O)[C@@H](O)[C@H]1O,666.63
T61037,CCCCc1ccc(N2C(=O)/C(=N/NC(=N)N)c3ccccc32)cc1,335.41
T6106,O=C(/C=C\n1cnc(-c2cc(C(F)(F)F)cc(C(F)(F)F)c2)n1)NNc1cnccn1,443.31
T61086,C#CCN(Cc1ccc(F)cc1)c1cc(C)c(NC(=O)OC)c(C)c1,340.40
T61093,Cc1cc(C)c(C#N)c(SCC(=O)Nc2ccc3c(c2)OCO3)n1,341.39
T6114,O=C(N/N=C/c1ccc([N+](=O)[O-])o1)c1cc([N+](=O)[O-])cc([N+](=O)[O-])c1O,365.21
T61147,N#Cc1ccccc1Oc1ncnc(N2CCCc3ccccc32)c1F,346.37
T61150,CCCCCCCC/C=C\CCCCCCCCOS(C)(=O)=O,346.58
T61194,CCc1c(C)c(C#N)c2nc3ccccc3n2c1NCCN(CC)CC,349.48
T6120,C#CCC(Cc1cnc2nc(N)nc(N)c2n1)c1ccc(C(=O)N[C@@H](CCC(=O)O)C(=O)O)cc1,477.48
T6121,CN1CCC(COc2cnc(-c3cccc(Cn4nc(-c5cccc(C#N)c5)ccc4=O)c3)nc2)CC1,492.58
T6123,O=C(/C=C\n1cnc(-c2cc(C(F)(F)F)cc(C(F)(F)F)c2)n1)NNc1ccccn1,442.32
T6124,FC(F)(F)c1ccc(/C=C/c2nc(COc3ccc(CCCCn4ccnn4)cc3)co2)cc1,468.48
T6128,Cc1[nH]c(/C=C2\C(=O)Nc3ccc(S(=O)(=O)Cc4c(Cl)cccc4Cl)cc32)c(C)c1C(=O)N1CCC[C@@H]1CN1CCCC1,641.62
T61316,CCOC(=O)COc1nc(-c2ccccc2)cc(-c2ccccc2)c1C#N,358.40
T6133,Br.N#Cc1ccc(-c2csc(NN=C3CCCC3)n2)cc1,363.28
T61345L,CCOC(=O)CCNC(=O)N[C@H]1CCN(c2ccc(C(=N)N)cc2)C1=O.O=C(O)C(F)(F)F,475.42
T61392,COc1cc(/C=C/C(=O)c2ccc(F)cc2)c(OC)cc1Br,365.20
T6148,CN1CCCN(C(=O)c2cccc(-c3ccc(/C=C4/C(=O)Nc5ccc(Cl)cc54)o3)c2)CC1.Cl,498.41
T61494,Cc1cnc(Nc2cnn(CC#N)c2)nc1-c1ccc(C(=O)NCC#N)cc1,372.39
T6153,C#Cc1cccc(Nc2ncnc3cc4c(cc23)OCCOCCOCCO4)c1,391.43
T6154,Cc1[nH]c(/C=C2\C(=O)Nc3ccc(S(=O)(=O)N(C)c4cccc(Cl)c4)cc32)c(C)c1C(=O)N1CCN(C)CC1,568.10
T6156,N#CC[C@@H](C1CCCC1)n1cc(-c2ncnc3[nH]ccc23)cn1,306.37
T61588,CC1(C)CC=C(c2ccccc2)c2cc(C#Cc3ccc(C(=O)O)cc3)ccc21,378.47
T61589,N#Cc1ccc(C(=O)Nc2ccc(N3CCCCC3)cc2N2CCCCC2)o1,378.48
T6163,CC(C)=CCC/C(C)=C/CC/C(C)=C/CSc1ccccc1C(=O)O,358.55
T6165,COC(=O)[C@]12CCC(C)(C)C[C@H]1[C@H]1C(=O)C=C3[C@@]4(C)C=C(C#N)C(=O)C(C)(C)[C@@H]4CC[C@@]3(C)[C@]1(C)CC2,505.70
T6167,COc1ccc2c(c1)/C(=C/c1cnc[nH]1)C(=O)N2,241.25
T6169,O=C1Nc2ccccc2/C1=C1\Nc2ccccc2C1=O,262.27
T6185,CC(C)=CCC[C@]1(C)C=Cc2c(O)c3c(c(CC=C(C)C)c2O1)O[C@]12C(=C[C@@H]4C[C@H]1C(C)(C)O[C@@]2(C/C=C(/C)C(=O)O)C4=O)C3=O,628.76
T61884,CCCCCCCCCCCCC/C=C/[C@@H](O)[C@H](CO)NC(=O)CCCCC,397.64
T61899,C=CCSc1nnc(-c2cc3ccccc3[nH]2)n1/N=C/c1c[nH]c2ccccc12,398.50
T6192,Cn1c(=O)cc(N2CCC[C@@H](N)C2)n(Cc2ccccc2C#N)c1=O,339.40
T61932,N#Cc1ccc(N2CCN(Cc3ccc4c5c(c(=O)[nH]c4c3)CCCN5)CC2)nc1,400.49
T6194,CCc1c(Cl)c(O)c(Cl)c(O)c1C(=O)O[C@H]1[C@H](O)[C@H](OC)[C@H](OC/C2=C\C=C\C[C@H](O)/C(C)=C/[C@H](CC)[C@@H](O[C@@H]3OC(C)(C)[C@@H](OC(=O)C(C)C)[C@H](O)[C@@H]3O)/C(C)=C/C(C)=C/C[C@@H]([C@@H](C)O)OC2=O)O[C@@H]1C,1058.05
T6201,CC(C)(C)/[N+]([O-])=C/c1ccc(S(=O)(=O)[O-])cc1S(=O)(=O)[O-].[Na+].[Na+],381.34
T6203,N#C[C@@H]1C[C@@H]2C[C@@H]2N1C(=O)[C@@H](N)C12CC3CC(CC(O)(C3)C1)C2,315.42
T6208,O=C1NC(=O)/C(=C/c2ccc(-c3ccc(F)cc3O)o2)S1,305.29
T6210,NS(=O)(=O)C#Cc1ccccc1,181.22
T62105,Oc1cc(CNC(=S)/C=C/c2ccc(O)c(O)c2Br)cc(O)c1O,412.26
T6212,COc1ccc(/C=C\c2cc(OC)c(OC)c(OC)c2)cc1O,316.35
T6217,C/C(O)=C(\C#N)C(=O)Nc1cc(Br)ccc1Br,360.00
T6223,CCO.N#CC(=C(/N)Sc1ccccc1N)/C(C#N)=C(\N)Sc1ccccc1N,426.57
T62238,CC(C)(Oc1ccc(Cl)cc1)C(=O)Nc1ccc(OCc2ccc(C#N)cc2)cc1,420.90
T6232,Cl.N#Cc1ccc2[nH]cc(CCCCN3CCN(c4ccc5oc(C(N)=O)cc5c4)CC3)c2c1,478.00
T6236,O=C(O)/C=C/c1ccc(Cn2ccnc2)cc1,228.25
T6237,Cn1c(=O)cc(N2CCC[C@@H](N)C2)n(Cc2cc(F)ccc2C#N)c1=O,357.39
T62404,Cc1[nH]nc2c1C(c1cc(N3CCCC3)cc(C(F)(F)F)c1)(C(C)C)C(C#N)=C(N)O2,431.46
T6241,O=C(O)/C=C/C(=O)O.OCCOCCN1CCN(C2=Nc3ccccc3Sc3ccccc32)CC1.OCCOCCN1CCN(C2=Nc3ccccc3Sc3ccccc32)CC1,883.11
T6242,Cc1cncc(CN2CCC(=C3c4ccc(Cl)cc4CCc4cccnc43)CC2)c1.O=C(O)/C=C/C(=O)O,532.04
T62473,C[C@H](C#N)Nc1cc(-c2ccc3cc(C#N)cnn23)ncc1C(=O)NC[C@@H](F)C(C)(C)O,435.46
T62491,COc1ccc(NC(=O)N2CCc3c(sc(NC(=O)c4cnn(C)c4)c3C#N)C2)cc1,436.50
T6250,Cl.Cl.O=S(=O)(NCCNC/C=C/c1ccc(Br)cc1)c1cccc2cnccc12,519.29
T62530,CCCCC/C=C\C/C=C\C/C=C\C/C=C\CCCC(=O)NCCc1ccc(O)c(O)c1,439.64
T6254,COc1cc(C(=O)O)ccc1NC(=O)[C@@H]1N[C@@H](CC(C)(C)C)[C@](C#N)(c2ccc(Cl)cc2F)[C@H]1c1cccc(Cl)c1F,616.49
T62552,CC(C)Oc1ccc(-c2nc(-c3cccc4c3CC[C@@H]4NCCO)no2)cc1C#N.Cl,440.93
T6263,O=C(/C=C/c1ccc(O)cc1)C1=C(O)[C@](O)([C@@H]2O[C@H](CO)[C@@H](O)[C@H](O)[C@H]2O)C(O)=C(/C=C2/C(=O)C(C(=O)/C=C/c3ccc(O)cc3)=C(O)[C@@](O)([C@@H]3O[C@H](CO)[C@@H](O)[C@H](O)[C@H]3O)C2=O)C1=O,910.79
T6270,CC(/C=C/C(=O)NO)=C\[C@@H](C)C(=O)c1ccc(N(C)C)cc1,302.37
T62702,CN1CCN(C(=O)c2ccc3cc(CCNc4ccnc5ccc(C#N)cc45)ccc3c2)CC1,449.56
T6272,COc1ccc(/C=C\c2cc(OC)c(OC)c(OC)c2)cc1OP(=O)([O-])[O-].[Na+].[Na+],440.30
T62745,CCN(CC)CCNC(=O)c1c(C)[nH]c(/C=C2\C(=O)Nc3ccc(CCC(N)=O)cc32)c1C,451.57
T62826,Cn1cc(-c2ccc(C(=O)[O-])c(/C=C/C(=O)c3c(F)cc(-c4cn[nH]c4)cc3F)c2)cn1.[Na+],456.38
T62827,C#Cc1nc(C(=O)N2CCN(C(c3ccc(Cl)cc3)c3ccc(Cl)cc3)CC2)cs1,456.40
T6285,CCn1c(-c2nonc2N)nc2c(C#CC(C)(C)O)ncc(OC[C@H]3CCCNC3)c21,425.49
T6286,Nc1cc(F)ccc1NC(=O)/C=C/c1cnn(C/C=C/c2ccccc2)c1,362.41
T62899,CC(=O)c1c(O)c(C)c(O)c2c1OC1=Cc3c(c(C)nn3-c3ccc(C(=O)O)cc3)C(=O)[C@@]12C,460.44
T6290,C=CCNC1=C2C[C@@H](C)C[C@H](OC)[C@H](O)[C@@H](C)/C=C(\C)[C@H](OC(N)=O)[C@@H](OC)/C=C\C=C(/C)C(=O)NC(=CC1=O)C2=O,585.70
T62927,CN1CCC(c2ncc(-c3cnc(N)c(OCc4cccc(C#CC(C)(C)O)c4)c3)s2)CC1,462.62
T6297,CO[C@H]1/C=C\C=C(/C)C(=O)NC2=CC(=O)C(NCCN(C)C)=C(C[C@@H](C)C[C@H](OC)[C@H](O)[C@@H](C)/C=C(\C)[C@@H]1OC(N)=O)C2=O.Cl,653.22
T62997,COc1ccc(-c2nc(SC)nc(NN=Cc3cc(OC)c(OC)c(OC)c3)c2C#N)cc1,465.54
T6300,CCC[C@H](NC(=O)/C(C#N)=C/c1cccc(Br)n1)c1ccccc1,384.28
T6309,Cc1cc(Nc2nc(N[C@@H](C)c3ccc(F)cc3)c(C#N)cc2F)n[nH]1,354.36
T63119,COc1ccc(C(C)=O)c(Oc2ccc(NC(=O)/C=C/c3cc(OC)c(OC)c(OC)c3)cc2)c1,477.51
T6318,Cc1ccc(NC(=O)c2cccc(C(C)(C)C#N)c2)cc1Nc1ccc2ncn(C)c(=O)c2c1,451.53
T6320,OCCn1cc(-c2ccc3c(c2)CC/C3=N\O)c(-c2ccncc2)n1,334.38
T6321,C[C@@H]1CCN(C(=O)CC#N)C[C@@H]1N(C)c1ncnc2[nH]ccc12,312.38
T6323,CC[C@H]1/C=C/C=C/C[C@@H](C)[C@H](O)[C@@](C)(O)C(=O)[C@@H](C)[C@H](O)[C@@H](C)C(=O)[C@@H](C)[C@H](O)[C@@H](C)/C=C/C(=O)O[C@@H]2[C@H](C)[C@H](CC1)O[C@]1(CC[C@H](C)[C@H](C[C@@H](C)O)O1)[C@H]2C,791.08
T63272,CC#CC(=O)N1CC[C@@H](n2cc(-c3ccc(Oc4c(F)cccc4F)cc3)c3c(N)n[nH]c(=O)c32)C1,489.48
T6328,C#Cc1cccc(Nc2ncnc3cc(OCCOC)c(OCCO)cc23)c1,379.42
T63338,CCOC/C=C/c1ccc(-c2nc(-c3ccc(NC(C)C)cc3)c(-c3ccc(NC(C)C)cc3)[nH]2)cc1,494.68
T6343,COC1=C2C[C@@H](C)C[C@H](OC)[C@H](O)[C@@H](C)/C=C(/C)[C@H](OC(N)=O)[C@@H](OC)/C=C\C=C(\C)C(=O)NC(=CC1=O)C2=O,560.64
T63516,N#Cc1cccc2c1CN(C(=O)c1c(Sc3c(Cl)cccc3Cl)cc(C(F)(F)F)[nH]c1=O)C2,510.32
T6352,C[C@@]12N[C@@H](Cc3ccccc31)c1ccccc12.O=C(O)/C=C\C(=O)O,337.38
T6362,Cn1cc(-c2ccc(S(=O)(=O)n3ccc(/C=C/C(=O)Nc4ccccc4N)c3)cc2)cn1,447.52
T63665,N#Cc1cc(Nc2c(N[C@H]3CC[C@H](Oc4ccc(C(F)(F)F)cc4)CC3)c(=O)c2=O)cc(C(F)(F)F)c1,523.43
T6368,CC1=CC(=O)CC(C)(C)[C@@]1(O)/C=C/C(C)=C\C(=O)O,264.32
T6371,N#C/C(=C\c1ccc(-c2cc(Cl)ccc2Cl)o1)C(=O)Nc1cccc2ncccc12,434.28
T63746,Cc1ccc(C(=O)Nc2ccc(CN3CCN(C)CC3)c(C(F)(F)F)c2)cc1C#Cc1nnc2ccccn12,532.57
T63809,COC(=O)c1ccc2c(n1)NC(=O)/C2=C(\Nc1ccc(N(C)C(=O)CN2CCN(C)CC2)cc1)c1ccccc1,540.62
T63875,COc1cc(Nc2c(C#N)cnc3cc(OCCCN4CCN(C)CC4)c(OC)cc23)c(Cl)cc1Cl.O,548.47
T63909,N#Cc1ccc(COc2cccc(C3=CCN(Cc4nc5ccc(C(=O)O)cc5n4C[C@@H]4CCO4)CC3)n2)c(F)c1,553.59
T6393,C#CC[C@H](c1nc2cc(Cl)ccc2c(=O)n1Nc1ccccc1)N(CCCN)C(=O)c1cccc(Cl)c1F,552.44
T6394,O=C1NC(=O)/C(=C/c2ccc3c(c2)OC(F)(F)O3)S1,285.23
T6403,CCc1cc(/C(C)=N/OCc2ccc(C3CCCCC3)c(C(F)(F)F)c2)ccc1CN1CC(C(=O)O)C1,516.60
T64066,Cc1[nH]c(/C=C2\C(=O)Nc3cc(NC(=O)Nc4cc(C(C)(C)C)on4)ccc32)c(C)c1NC(=O)CN1CCN(C)CC1,574.69
T6427,O=C(/C=C/c1ccc(O)c(O)c1)c1ccc(O)cc1O,272.26
T6429,O=C(/C=C/c1ccc(O)c(O)c1)OCCc1ccccc1,284.31
T6430,C=C1CC[C@H](O)C/C1=C/C=C1\CCC[C@]2(C)[C@@H]([C@H](C)CCCC(C)(C)O)CC[C@@H]12,400.65
T6430L,C=C1CC[C@H](O)C/C1=C/C=C1\CCC[C@]2(C)[C@@H]([C@H](C)CCCC(C)(C)O)CC[C@@H]12.O,418.66
T64312,O=C(/C=C1\CCOc2cc(C(F)(F)F)ccc21)Nc1cccc2c1C[C@H](O)CC2,403.40
T6433,O=C1NC(=O)/C(=C\c2ccc(-c3ccc(F)cc3)o2)S1,289.29
T64348,O=C(Cc1ccccc1)N/N=C/c1c[nH]c2ccccc12,277.33
T64351,O=C(N/N=C/c1ccc(-c2ccccc2)cc1)c1ccc(O)cc1,316.36
T64354,C#CCNC(=O)[C@@H]1CSC(=O)N1,184.22
T64358,COc1cc(/C=C/C(=O)N2CCC/C(=C\c3cc(OC)c(OC)c(OC)c3)C2=O)ccc1OC(C)=O,495.53
T64359,COc1cc(/C=C/C(=O)N2CCC/C(=C\c3cc(OC)c(OC)c(OC)c3)C2=O)ccc1O,453.49
T64370,CS(=O)(=O)O.O=C1Nc2ccc(-c3cccnc3)cc2/C1=C/c1ccc[nH]1,383.43
T6438,CO/N=C(\C(=O)N[C@@H]1C(=O)N2C(C(=O)[O-])=C(C[n+]3ccc(N)n3CCO)CS[C@H]12)c1csc(N)n1.O=S(=O)(O)O,620.65
T64393,C[C@]12CC[C@H]3[C@@H](CC=C4C[C@@H](O)CC[C@@]43C)[C@@H]1CC[C@@H]2c1cc(C#N)c(C#N)c(=O)[nH]1,417.55
T6445,COc1ccc([C@]2(C#N)CC[C@@H](C(=O)O)CC2)cc1OC1CCCC1,343.42
T6452,Cc1cc(C(C#N)c2ccc(Cl)cc2)c(Cl)cc1NC(=O)c1cc(I)cc(I)c1[O-].[Na+],685.06
T6454,NCC(=O)[O][Ru][Cl].[C-]#[O+].[C-]#[O+].[C-]#[O+],294.61
T6457,Cc1nc(C#Cc2ccnc(Cl)c2)c(C)n1-c1ccc(OC(F)(F)F)cc1,391.78
T6459,C/C=C/C[C@@H](C)[C@@H](O)C1C(=O)NC(CC)C(=O)N(C)CC(=O)N(C)C(CC(C)C)C(=O)NC(C(C)C)C(=O)N(C)C(CC(C)C)C(=O)NC(C)C(=O)NC(C)C(=O)N(C)C(CC(C)C)C(=O)N(C)C(CC(C)C)C(=O)N(C)C(C(C)C)C(=O)N1C,1202.63
T6484,CCC(CC)n1ccc2c(C(=O)NCc3c(C)cc(C)[nH]c3=O)cc(C#N)cc21,390.49
T6486,CCOC(=O)[C@H](CCc1ccccc1)N[C@@H](C)C(=O)N1CCC[C@H]1C(=O)O.O=C(O)/C=C\C(=O)O,492.53
T6490,C/C(=C\c1csc(C)n1)[C@@H]1C[C@@H]2O[C@@H]2CCC[C@H](C)[C@H](O)[C@@H](C)C(=O)C(C)(C)[C@@H](O)CC(=O)O1,493.67
T6493,CN(C)CCC[C@@]1(c2ccc(F)cc2)OCc2cc(C#N)ccc21.O=C(O)C(=O)O,414.43
T6493L,CN(C)CCC[C@]1(c2ccc(F)cc2)OCc2cc(C#N)ccc21.O=C(O)C(=O)O,414.43
T6495,COc1cccc2c1[O][Mn]([Cl])[O]c1c(cccc1OC)/C=N/CC/N=C/2,416.74
T6504,CCOC(=O)Nc1ccc(NCc2ccc(F)cc2)nc1N.O=C(O)/C=C\C(=O)O,420.40
T6505,COc1ccc(C[C@@H](C)NC[C@H](O)c2ccc(O)c(NC=O)c2)cc1.COc1ccc(C[C@H](C)NC[C@@H](O)c2ccc(O)c(NC=O)c2)cc1.O=C(O)/C=C/C(=O)O,804.89
T65066,CN(C)c1cc[n+](C#N)cc1.F[B-](F)(F)F,234.99
T65068,CO/N=C(\C(=O)N[C@@H]1C(=O)N2C(C(=O)O)=C(COC(N)=O)CS[C@H]12)c1ccco1,424.39
T65070,C[C@H](CCC(=O)[O-])[C@H]1CC[C@H]2[C@@H]3[C@H](O)C[C@@H]4C[C@H](O)CC[C@]4(C)[C@H]3CC[C@]12C.[Na+],414.56
T6514,CN1CC[C@@H](NC(=O)Nc2ccc(C#N)cc2)C[C@@H]1c1nc2ccccc2[nH]1,374.45
T6522,CC(=O)O.N=C(N)N/N=C/c1c(Cl)cccc1Cl,291.14
T6525,O=C1Nc2ccc(I)cc2/C1=C/c1cc(Br)c(O)c(Br)c1,520.95
T65281,CC(=O)O.CC(=O)O.O.O.[MgH2],182.45
T65308,CC/C=C\C[C@H]1C(=O)CC[C@@H]1CC(=O)OC,224.30
T6532,CCS(=O)(=O)Nc1ccc2c(c1)/C(=C(/Nc1ccc(CN3CCCCC3)cc1)c1ccccc1)C(=O)N2,516.67
T6537,CC1(C)C=C(CN2C/C(=C\c3ccc(F)cc3)C(=O)/C(=C/c3ccc(F)cc3)C2)C(C)(C)N1O,464.56
T6541,CCCCCCCN(CC)CCCC(O)c1ccc(NS(C)(=O)=O)cc1.CCCCCCCN(CC)CCCC(O)c1ccc(NS(C)(=O)=O)cc1.O=C(O)/C=C/C(=O)O,885.24
T6552,CCn1c(=O)c2c(nc(/C=C/c3ccc(OC)c(OC)c3)n2C)n(CC)c1=O,384.44
T65529,O=C1C=C/C(=N/Nc2ccccn2)C(O)=C1.[Na+],238.20
T65716,N#CCc1cccc2ccccc12,167.21
T6594,O=[N+]([O-])/C=C/c1ccc2c(c1)OCO2,193.16
T6598,Cc1cccc(C#Cc2ccccc2)n1,193.25
T6601,CO[C@H]1CC[C@@H](O[C@H]2C[C@H]([C@]3(C)CC[C@]4(C[C@H](O)[C@@H](C)[C@@H]([C@@H](C)/C=C(\C)C(=O)[C@H](C)C[C@H](C)C(=O)[O-])O4)O3)O[C@]3(O[C@@H]([C@H]4O[C@@](O)(CO)[C@H](C)C[C@@H]4C)C[C@@H]3C)[C@@H]2C)O[C@@H]1C.[Na+],889.11
T6607,CCN(Cc1ccc(Cl)nc1)/C(=C/[N+](=O)[O-])NC,270.72
T66097,CCOC(=O)/C=C/CBr,193.04
T66100,C#CC[C@@H](NC(=O)OC(C)(C)C)C(=O)O,213.23
T6619,C#Cc1cccc(Nc2ncnc3cc(OCCOC)c(OCCO)cc23)c1.Cl,415.88
T6620,OCCOc1ccc(/C(=C(/CCCl)c2ccccc2)c2ccccc2)cc1,378.90
T6625,Cl.O=C(O)/C=C/c1ccc(Cn2ccnc2)cc1,264.71
T6629,CCOC(=O)c1ccc(N2NC(=O)/C(=C/c3ccc([N+](=O)[O-])o3)C2=O)cc1,371.31
T66297,Cc1ccc(/C=C/C=O)cc1,146.19
T6634,COc1ccc(OC)c(C2C(C#N)=C(N)Oc3n[nH]c(-c4ccc5ccccc5c4)c32)c1,424.46
T6637,CN(C)Cc1ccc(S(=O)(=O)n2ccc(/C=C/C(=O)NO)c2)cc1,349.41
T66572,CCCCC/C=C\C/C=C\CCCCCCCCBr,329.37
T66674,C#CCNC(=O)CCCC[C@@H]1SC[C@@H]2NC(=O)N[C@@H]21,281.38
T6671,CC(NC(=O)c1ccccc1/N=C/c1c(O)ccc2ccccc12)c1ccccc1,394.47
T6681,O=S(=O)(/N=C/c1c(O)ccc2ccccc12)c1cccs1,317.39
T6696,CCOC(=O)c1ccc(C#Cc2ccc3c(c2)C(C)(C)CCS3)nc1,351.47
T6702,CN(C/C=C/C#CC(C)(C)C)Cc1cccc2ccccc12,291.44
T6712,CC(C)(C)c1cc(/C=C(\C#N)C(N)=S)cc(C(C)(C)C)c1O,316.47
T6729,CC(C)(C)C#Cc1cc(N(C(=O)[C@H]2CC[C@H](C)CC2)[C@H]2CC[C@@H](O)CC2)c(C(=O)O)s1,445.63
T67385,CCOc1cc2ncc(C#N)c(Nc3ccc(OCc4ccccn4)c(Cl)c3)c2cc1NC(=O)/C=C/CN(C)C.O=C(O)/C=C\C(=O)O,673.13
T6748,CN(C)CC#Cc1ccc(OCCCc2sc(N3CCc4cccc(C(=O)Nc5nc6ccccc6s5)c4C3)nc2C(=O)O)c(F)c1,669.80
T6761,Cl[Te-]1(Cl)(Cl)OCCO1.[NH4+],312.05
T67669,N#Cc1ccncc1,104.11
T67695,N=C(N)NC(=O)c1cc(C#Cc2ccc(C(F)(F)F)c(C(=O)Nc3ccccn3)c2)cc(C(F)(F)F)c1,519.41
T67707,N#C/C(=C\c1ccc(O)c(O)c1)C(=O)c1ccc(O)c(O)c1,297.27
T67709,CC(=O)/C=C(O)/C=C/c1ccc(O)c(O)c1,220.22
T67727,COC(=O)C(C#N)=Cc1cn(CC(=O)Nc2ccc(OC)cc2)c2ccccc12,389.41
T67743,C(=N\Nc1ccccn1)/c1ccncc1,198.23
T67746,COc1ccc(/C=C2\COc3ccc(C)cc3C2=O)cc1O,296.32
T67754,O=C1Nc2ccc(-c3cccnc3)cc2/C1=C/c1ccc[nH]1,287.32
T67758,CC(C)S(=O)(=O)N1CC(CC#N)(n2cc(-c3ncnc4[nH]ccc34)c(N)n2)C1,400.47
T67764,O=C(/C=C/c1ccc(OCc2ccccc2)cc1)c1cccs1,320.41
T67789,N#Cc1cc(-c2ccccc2)nnc1NCCN1CCOCC1,309.37
T67800,O=c1[nH]c(=O)n([C@@H]2C[C@H](CO)[C@@H](O)C2)cc1/C=C/Br,331.17
T67801,C[C@@]1(O)[C@H](O)[C@@H](CO)O[C@@]1(C#N)c1ccc2c(N)ncnn12,305.29
T67804,CCn1c(C(=O)c2cc(C)cc(C#N)c2)c(C(C)C)c(=O)[nH]c1=O,325.37
T67818,CCS(=O)(=O)N[C@@H]1C[C@@]2(C)O[C@]1(C)[C@@H]1C(=O)N(c3ccc(C#N)c(C(F)(F)F)c3)C(=O)[C@@H]12,471.46
T6785,CCNC(=O)C#Cc1ccc2c(c1)NC(=O)/C2=C(\Nc1ccc(CN(C)C)cc1)c1ccccc1,464.57
T67851,CNCCCC1(c2ccc(F)cc2)OCc2cc(C#N)ccc21.Cl,346.83
T67852,CC#CCn1c(N2CCC[C@@H](N)C2)nc2c1c(=O)n(CC1=NC(C)(Cc3nc(Cn4c(=O)c5c(nc(N6CCC[C@@H](N)C6)n5CC#CC)n(C)c4=O)nc4ccccc34)c3ccccc3N1)c(=O)n2C,945.11
T67857,O=C(O)CCCN1C(=O)/C(=C/c2ccc(-c3ccc(Br)cc3)o2)SC1=S,452.35
T67867,CC[C@H]1OC(=O)C[C@@H](O)[C@H](C)[C@@H](O[C@@H]2O[C@H](C)[C@@H](O)[C@H](N(C)C)[C@H]2O)[C@@H](CC=O)C[C@@H](C)C(=O)/C=C/C(C)=C/[C@@H]1CO,597.75
T6787,CC(=O)O/N=C1\C(=C2\C(=O)Nc3cc(Br)ccc32)Nc2ccccc21,398.22
T67870,NNC(=S)N/N=C/c1ccccc1,194.26
T67881,CC#CC(=O)N1CCC[C@@H]1c1nc(-c2ccc(C(=O)Nc3ccccn3)cc2)c2c(N)nccn12,465.52
T67894,CCCOC(c1cccc(-c2csc(NC(=O)c3cc(Cl)c(/C=C(\C)C(=O)O)c(Cl)c3)n2)c1OC)C(C)(C)C,591.56
T67899,CCN(CC)CCCn1c(N)c(-c2nc3ccccc3[nH]2)c2nc(C#N)c(C#N)nc21,413.49
T67901,O=C(/C=C/c1ccc(O)c(O)c1)Nc1cc(C(F)(F)F)cc(C(F)(F)F)c1,391.27
T67906,COc1ccc(/C=C\c2cc(OC)c(OC)c(OC)c2)cc1OP(=O)(O)Oc1cc(/C=C\c2cc(OC)c(OC)c(OC)c2)ccc1OC,694.67
T67917,O=C(c1ccc(C#Cc2cccc(F)c2)cn1)N1CC2CC2C1,306.34
T67924,O=C(O)c1ccccc1C#CC1CC1,186.21
T67929,CCCCC/C=C\C/C=C\CCCCCCCC(=O)NCC(=O)O,337.50
T67930L,Cl.Oc1ccc(Cl)cc1/C=N\N/C(=N/N=C/c1cc(Cl)ccc1O)N/N=C/c1cc(Cl)ccc1O,556.24
T67951,COc1cccc(C/N=C(\C)c2c(O)c3ccccc3oc2=O)c1,323.35
T67978,CO/N=C(\C(=O)N[C@@H]1C(=O)N2C(C(=O)O)=C(CSc3cnns3)CS[C@H]12)c1csc(N)n1,513.61
T67988,C[C@@H](S[C@H]1CO[C@H](/C=C/C=C/c2ccc(C#N)cc2F)OC1)[C@](O)(Cn1cncn1)c1ccc(F)cc1F,542.58
T6800,COc1ccc(N2C(=O)/C(=C\c3ccc([N+](=O)[O-])s3)SC2=S)cc1,378.46
T68002,N#Cc1ccc(C(=O)c2ccc(S[C@@H]3SC[C@@H](O)[C@H](O)[C@H]3O)cc2)cc1,387.48
T68002L,N#Cc1ccc(C(=O)c2ccc(S[C@H]3SC[C@@H](O)[C@H](O)[C@H]3O)cc2)cc1,387.48
T68018,CC/C=C\CC1C(=O)CCC1CC(=O)Oc1cccc2cccnc12,337.42
T68020,C#C[C@]1(O)CC[C@H]2[C@@H]3CC[C@H]4Cc5nn(S(C)(=O)=O)cc5C[C@]4(C)[C@H]3CC[C@@]21C,416.59
T68043,COc1nc(C)ccc1CN1CC1C#N,203.24
T68053,N#C[C@@H]1C[C@H](F)CN1C(=O)[C@@H](N)C(c1ccc(F)cc1)c1ccc(F)cc1,373.38
T68055,COc1cccc(CCN(C)CCCC(C#N)(c2ccc(OC)c(OC)c2)C(C)C)c1,424.59
T68094,CCOC(=O)C(=O)Nc1cc(C#N)cc(NC(=O)C(=O)OCC)c1Cl,367.75
T68103,N#Cc1cc(Cl)cc(Oc2c(Cl)ccc3c2cnn3Cc2n[nH]c3ncccc23)c1,435.27
T68103L,Cl.N#Cc1cc(Cl)cc(Oc2c(Cl)ccc3c2cnn3Cc2n[nH]c3ncccc23)c1,471.74
T68104,C/C(=C\c1ccc(OCCN2CCOCC2)cc1)c1ccc2c(c1)C(C)(C)CCC2(C)C,433.64
T68135L,CON=C(C#N)C1CN2CCC1CC2.Cl,229.71
T68135L1,CON=C(C#N)C1CN2CCC1CC2,193.25
T68138,COc1ccccc1N1CCN(CC(O)COc2ccc(-c3cc(C#N)c(=O)[nH]c3C)cc2)CC1,474.56
T68155,C#CCCCC(=O)c1cc(C(C)(C)C)c(O)c(C(C)(C)C)c1,300.44
T68168L,C/C(=N\O)C(C)(C)NCCCCNC(C)(C)/C(C)=N/O,286.42
T6819,C#C[C@]1(O)CC[C@H]2[C@@H]3CCC4=CCCC[C@@H]4[C@H]3C(=C)C[C@@]21CC,310.48
T6823,CCCCCCCCC/C(=C\C1=C(C)C(=O)C(OC)=C(OC)C1=O)C(=O)O,378.47
T68240,CCNC(=O)c1nc(-c2ccnn2-c2ccc(C#N)cc2)c(C)n(-c2cccc(C(F)(F)F)c2)c1=O,492.46
T6825,CC1=NN(c2ccc(C)c(C)c2)C(=O)/C1=N\Nc1cccc(-c2cccc(C(=O)O)c2)c1O.NCCO.NCCO,564.64
T6828,Cc1cc(/N=N/c2ccc3c(c2)CCC(=O)N3)c(N)cc1O,296.33
T6831,CCOC(=O)/C=C(C)/C=C/C=C(C)/C=C/c1c(C)cc(OC)c(C)c1C,354.49
T6834,N#CC(C#N)=NNc1ccc(OC(F)(F)F)cc1,254.17
T6838,COc1ccc(/C=C/C(=O)C2(C(=O)/C=C/c3ccc(OC)c(OC)c3)CCCCC2)cc1OC,464.56
T68405,Cc1ccsc1C(=O)Nc1cc(CN2CCN(C(=O)CO)CC2)ccc1/C=C/c1n[nH]c2ccccc12,515.64
T68405L,Cc1ccsc1C(=O)Nc1cc(CN2CCN(C(=O)CO)CC2)ccc1/C=C/c1n[nH]c2ccccc12.O=CO,561.66
T6841,CO[C@@H]1[C@H](OC(=O)/C=C/C=C/C=C/C=C/C(=O)O)CC[C@]2(CO2)[C@H]1[C@@]1(C)O[C@@H]1CC=C(C)C,458.55
T6842,CS(=O)(=O)c1ccc(-c2nnc(/C=C/c3nnc(-c4ccc(C#N)cc4)o3)n2-c2ccccc2Cl)nc1,529.97
T68485,Cc1cccc(/C=N/Nc2cc(N3CCOCC3)nc(OCCc3ccccn3)n2)c1.Cl.Cl,491.42
T6864,C/C(=C\c1csc(C)n1)[C@@H]1C[C@@H]2O[C@]2(C)CCC[C@H](C)[C@H](O)[C@@H](C)C(=O)C(C)(C)[C@@H](O)CC(=O)N1,506.71
T68664,C[C@]1(O)CC[C@H]2[C@@H]3CC[C@@]45O[C@]4(C)C(O)=C(C#N)C[C@]5(C)[C@H]3CC[C@@]21C,357.49
T6868,O=C([O-])CCN1C(=O)/C(=C/c2ccc(-c3ccc([N+](=O)[O-])cc3)o2)SC1=S.[K+],442.52
T68729,O=C(/C=C/C=C/c1ccc(O)cc1)N1CCCCC1,257.33
T6879,Cc1cn(CCN2CCN(c3ccccc3-c3cc(C#N)cc(C(=O)NCCCN4CCCC4)c3)CC2)c2ccccc12,574.77
T6886,CCC1C/C(=C\c2cccnc2)C(=O)/C(=C/c2cccnc2)C1,304.39
T68879,O.O.O=C(/C=C/c1ccc(Cl)cc1)N[C@@H](Cc1ccccn1)C(=O)NCC(=O)N1CCC(Oc2cc(C(F)(F)F)ncn2)CC1,653.06
T6889,N#Cc1cc2cc(CN3CCC(Nc4ncnc5sc(CC(F)(F)F)cc45)CC3)ccc2[nH]1,470.52
T6894,CN(C(=O)CNC(=O)/C=C/c1cccc(Cl)c1)C1CCS(=O)(=O)CC1,384.89
T69015,COC(=O)/C(=C/c1cc(OC)cc(OC)c1)c1ccc(Oc2ccc(CC3SC(=O)NC3=O)cc2)cc1,519.58
T6904,COc1nccnc1NS(=O)(=O)c1ccc(NC(=O)/C=C/c2ccc([N+](=O)[O-])s2)cc1,461.48
T6906,CC/C(=C(\c1ccccc1)c1ccc(OCCN(C)C)cc1)c1ccccc1,371.52
T6910,CN1CCN(C(=O)/C=C/c2ccc([N+](=O)[O-])o2)CC1,265.27
T6911,O=S(=O)([O-])c1ccc2cc(/N=N/c3cc(S(=O)(=O)[O-])c4cccnc4c3O)ccc2c1.[Na+].[Na+],503.43
T6914,CNS(=O)(=O)C[C@H]1CC[C@H](N(C)c2ncnc3[nH]ccc23)CC1.O=C(O)/C=C\C(=O)O,453.52
T6915,CC(O)c1cc(C(=O)N[C@@H](C)Cn2ccc(-c3ccc(C#N)c(Cl)c3)n2)n[nH]1,398.85
T6917,C/C=C1/[C@H](O[C@@H]2O[C@H](CO)[C@@H](O)[C@H](O)[C@H]2O)OC=C(C(=O)OC)[C@H]1CC(=O)OCCc1ccc(O)c(O)c1,540.52
T6919,CC1(C)CC[C@]2(NC(=O)C(C)(F)F)CC[C@]3(C)[C@H](C(=O)C=C4[C@@]5(C)C=C(C#N)C(=O)C(C)(C)[C@@H]5CC[C@]43C)[C@@H]2C1,554.72
T6920,CN1CCN(c2ccc(Nc3ncc4cc(C#N)c(=O)n(C5CCCC5)c4n3)cc2)CC1,429.53
T6923,CC(C)Oc1ccc(-c2nc(-c3cccc4c3CC[C@@H]4NCCO)no2)cc1C#N,404.47
T6927,Cn1c(=O)c(Oc2ccc(F)cc2F)cc2cnc(NC(CCO)CCO)nc21,406.39
T6938,N#Cc1ccc(-c2c(-c3ncn[nH]3)sc(N3CCOCC3)c2C#N)c(F)c1,380.41
T6939,O=C(/C=C/N1C[C@H]2C[C@@H]1CN2c1ccccn1)c1ccccc1O,321.38
T6947,COc1cc(/C=C/C(=O)N2CCC=CC2=O)cc(OC)c1OC,317.34
T69529,C=CC(=O)N1CCN(c2cc(-c3noc([C@@]4(C)CCCc5sc(N)c(C#N)c54)n3)nc(N3CCN(C)C[C@@H]3C)c2)CC1,587.75
T69567,C[C@@H]1C[C@H](N2C(=O)C[C@@](C)(c3cccc(NC(=O)c4cccc(C#N)c4)c3Cl)N=C2N)CCO1,479.97
T6959,N#Cc1cc(CN2CCC(Nc3ncnc4sc(Cl)cc34)CC2)ccc1F.O=C(O)/C=C\C(=O)O,517.97
T6962,C#CCN[C@@H]1CCc2ccccc21.CS(=O)(=O)O,267.35
T69625,O=C(N/N=C/c1ccc(O)c(O)c1O)c1ccc([N+](=O)[O-])cc1,317.26
T69626,COc1ccc(C(=O)/C=C/c2cccc(OC)c2OC)cc1,298.34
T69645,CN1c2ccc(C#Cc3cccnc3)cc2[C@@H]2[C@@H](CCN2C(=O)C2CCCCC2)[C@H]1CO,429.56
T69645L,CN1c2ccc(C#Cc3cccnc3)cc2[C@H]2[C@H](CCN2C(=O)C2CCCCC2)[C@@H]1CO,429.56
T69726,CC(C)(C(=O)N1CCOc2c(C#N)cncc2C1)C(F)F,295.29
T69753,O=C(CCCCCCC(=O)N/N=C/c1ccc(OCCOCCOCCn2cc(CNc3cccc4c3C(=O)N(C3CCC(=O)NC3=O)C4=O)nn2)cc1)NO,775.82
T6977,COc1cccc(NC(=O)/C=C/c2ccc(Cl)cc2)c1,287.75
T6982,Cc1c[nH]c2nc(Nc3ccc(N4CCN(C)CC4)c(F)c3)nc(-c3cccc(CC#N)c3)c12,455.54
T6991,N#[C][Fe-2]([C]#N)([C]#N)([C]#N)([C]#N)[N]=O.O.O.[Na+].[Na+],297.95
T6996,Cc1c[nH]c(/C=C2\C(=O)Nc3ccccc32)c1CCC(=O)O,296.33
T6997,CN(C)S(=O)(=O)c1ccc2c(c1)/C(=C/c1cc3c([nH]1)CCCC3)C(=O)N2,371.46
T6S0444,O=C(/C=C/c1ccc(O)c(O)c1/C=C/c1ccc(O)c(O)c1)O[C@H](Cc1ccc(O)c(O)c1)C(=O)O,494.45
T6S0654,C=C[C@H]1CN2CC[C@@]3(C(=O)Nc4ccccc43)[C@@H]2C[C@@H]1/C(=C\OC)C(=O)OC,382.46
T6S0655,C=C[C@H]1CN2CC[C@]3(C(=O)Nc4ccccc43)[C@@H]2C[C@@H]1/C(=C\OC)C(=O)OC,382.46
T6S0657,CC[C@H]1CN2CC[C@@]3(C(=O)Nc4ccccc43)[C@@H]2C[C@@H]1/C(=C\OC)C(=O)OC,384.48
T6S0659,CC[C@H]1CN2CC[C@]3(C(=O)Nc4ccccc43)[C@@H]2C[C@@H]1/C(=C\OC)C(=O)OC,384.48
T6S0735,COc1cc(O)c(C(=O)/C=C/c2ccccc2)c(OC)c1,284.31
T6S1027,C=C1[C@H](OC(=O)/C=C(\C)CC)C[C@@H](C(C)C)[C@@H]2[C@@H]([C@@H](C)OC(C)=O)C(=O)C[C@@H]12,390.52
T6S1292,CCC/C=C1\OC(=O)C2=C1CC[C@H]1[C@H]3C=C4C(=O)O/C(=C\CCC)[C@@]4(CC3)[C@@H]21,380.48
T6S1418,C/C=C(/C)C(=O)O[C@@H]1[C@H](OC(=O)CC(C)C)c2c(ccc3ccc(=O)oc23)OC1(C)C,428.48
T6S1435,CC(C)=CC(O)C/C(C)=C/COc1c2ccoc2cc2oc(=O)ccc12,354.40
T6S1485,CC(C)=CC/C=C(\C)[C@H]1CC[C@]2(C)[C@@H]1[C@H](O)C[C@@H]1[C@@]3(C)CC[C@H](O)C(C)(C)[C@@H]3[C@@H](O[C@@H]3O[C@H](CO)[C@@H](O)[C@H](O)[C@H]3O)C[C@]12C,620.87
T6S1487,CC(C)=CC/C=C(\C)[C@H]1CC[C@]2(C)[C@@H]1[C@H](O)C[C@@H]1[C@@]3(C)CC[C@H](O[C@@H]4O[C@H](CO)[C@@H](O)[C@H](O)[C@H]4O[C@@H]4O[C@H](CO)[C@@H](O)[C@H](O)[C@H]4O)C(C)(C)[C@@H]3CC[C@]12C,767.01
T6S1525,O=C(/C=C/c1ccc(O)c(O)c1)O[C@@H]1[C@H](O)C[C@@](O)(C(=O)O)C[C@H]1OC(=O)/C=C/c1ccc(O)c(O)c1,516.46
T6S1529,O=C(/C=C/c1ccc(O)c(O)c1)O[C@@H]1C[C@@](OC(=O)/C=C/c2ccc(O)c(O)c2)(C(=O)O)C[C@@H](O)[C@@H]1O,516.46
T6S1537,O=C(/C=C/c1ccc(O)c(O)c1)O[C@H]1[C@H](O)C[C@](O)(C(=O)O)C[C@H]1O,354.31
T6S1538,O=C(/C=C/c1ccc(O)c(O)c1)O[C@@H]1C[C@@](O)(C(=O)O)C[C@@H](O)[C@@H]1O,354.31
T6S1543,C/C=C/c1cc(OC)c2c(c1)C(C)C(c1ccc(O)c(OC)c1)O2,326.39
T6S1597,OC[C@H]1O[C@@H](Oc2cc(O)cc(/C=C/c3ccc(O[C@H]4O[C@H](CO)[C@@H](O)[C@H](O)[C@H]4O)cc3O)c2)[C@H](O)[C@@H](O)[C@@H]1O,568.53
T6S1699,CCCCC/C=C/C(=O)CCc1ccc(O)c(OC)c1,276.38
T6S1842,C/C=C(\C)C(=O)O[C@@H]1[C@@H](OC(C)=O)[C@]2(C)[C@H](C(C)=O)CC[C@@]23O[C@]32CC[C@H]3C[C@@H](O[C@H]4C[C@@H](OC)[C@H](O[C@@H]5O[C@H](C)[C@@H](O)[C@@H](OC)[C@H]5O)[C@@H](C)O4)CC[C@]3(C)[C@@H]12,792.96
T6S1894,C/C1=C/CC[C@]23O[C@@H]2[C@@H](OC3=O)c2c(C)coc2C1,260.29
T6S1918,C/C=C(/C)C(=O)O[C@H]1c2cc(OC)c(OC)c(OC)c2[C@@H]2C(=C[C@H](C)[C@]1(C)O)C=C1OCOC1=C2OC,514.57
T6S2023,C[C@]1(OC(=O)/C=C/c2ccccc2)C[C@@H](O)[C@]2(O)C=CO[C@@H](O[C@@H]3O[C@H](CO)[C@@H](O)[C@H](O)[C@H]3O)[C@@H]21,494.49
T6S2116,CCCCCC/C=C\CCCCCCCCCc1cccc(O)c1C(=O)O,374.56
T6S2123,CCCCCC/C=C\CCCCCCCc1cccc(O)c1C(=O)O,346.51
T6S2384,C[C@@H]1O[C@@H](OC[C@H]2O[C@@H](OCCc3ccc(O)c(O)c3)[C@H](O)[C@@H](O[C@@H]3O[C@@H](C)[C@H](O)[C@@H](O)[C@H]3O)[C@@H]2OC(=O)/C=C/c2ccc(O)c(O)c2)[C@H](O)[C@H](O)[C@H]1O,770.73
T7010,N#Cc1ccc(COC[C@H]2O[C@@H](n3c(NCc4ccc(Cl)c(Cl)c4)nc4c(N)ncnc43)[C@H](O)[C@@H]2O)cc1,556.41
T7013,CCOC(=O)N[C@@H]1CC[C@@H]2[C@@H](C1)C[C@H]1C(=O)O[C@H](C)[C@H]1[C@H]2/C=C/c1ccc(-c2cccc(F)c2)cn1,492.59
T70206,C#CCN(C)CCCOc1ccc(Cl)cc1Cl,272.18
T7028,COc1c(/C=C/C(=O)c2ccc(O)cc2)ccc(O)c1CC=C(C)C,338.40
T7029,COC(=O)C1=CC[C@@]23CC[C@@H]([C@@](C)(/C=C/C=C(\C)C(=O)O)OC2=O)[C@@]3(O)CC1,390.43
T70353,CCn1c(=O)/c(=C2\Sc3cc(Cl)ccc3N2C)s/c1=C\c1scc[n+]1Cc1ccc(Br)s1.[Cl-],619.48
T7052,Oc1cc(O)cc(/C=C/c2c(O)cccc2O)c1,244.25
T70604,C=CCN1C(=O)/C(=C2/C(=O)Nc3ccccc32)SC1=S,302.38
T7068,CC/C=C\C/C=C\C/C=C\C/C=C\C/C=C\CCCC(=O)OCC,330.51
T7070,CN1Cc2c(N)cccc2C(c2ccccc2)C1.O=C(O)/C=C\C(=O)O,354.41
T7072,O=C(O)C[C@H](O)C[C@H](O)/C=C/c1c(C2CC2)nc2ccccc2c1-c1ccc(F)cc1,421.47
T7080,N#Cc1cnc(Nc2cc(NC[C@H]3CNCCO3)c(C(F)(F)F)cn2)cn1,379.35
T7081,N#CC(C#N)=NNc1cccc(Cl)c1,204.62
T7082,COc1ccc(/C=C/C(=O)NO)c(-c2ccc(-c3ccccc3)cc2)c1,345.40
T70873,COc1cc2ncc3c(c2cc1-c1cnn(C)c1)n(-c1ccc(C#N)cc1F)c(=O)n3C,428.43
T7090,COc1cc(/C=C/C(=O)O[C@H]2[C@H](O[C@@H]3O[C@@H](C)[C@H](O)[C@@H](O)[C@H]3O)[C@@H](O)[C@H](OCCc3ccc(O)c(O)c3)O[C@@H]2CO[C@@H]2O[C@H](CO)[C@@H](O)[C@H](O)[C@H]2O)ccc1O,800.76
T70957,COc1ccc(/C=C/C2CCC=CC2c2ccc(OC)c(OC)c2)cc1OC,380.48
T70957L,COc1ccc(/C=C\C2CCC=CC2c2ccc(OC)c(OC)c2)cc1OC,380.48
T7096,CC[C@H]1OC(=O)C[C@@H](O)[C@H](C)[C@@H](O[C@@H]2O[C@H](C)[C@@H](O)[C@H](N(C)C)[C@H]2O)[C@@H](CCN2CCCCC2)C[C@@H](C)C(=O)/C=C/C(C)=C/[C@@H]1CN1CCCCC1,734.03
T7099,CC(C)=CCC/C(C)=C/CC/C(C)=C/CCC(=O)OC/C=C(\C)CCC=C(C)C,400.65
T7101,N#C/C(=C\c1ccc(O)c(O)c1)C(=O)O,205.17
T7106,CC(C)=CCC/C(C)=C/CC/C(C)=C/CC/C(C)=C/CC1=C(C)C(=O)c2ccccc2C1=O,444.66
T7115,CC1=NNC(=O)N(/N=C/c2cccnc2)C1,217.23
T7120,CO/N=C(\C(=O)NC1C(=O)N2C(C(=O)OCOC(=O)C(C)(C)C)=C(C)CSC12)c1csc(N)n1.Cl,548.04
T7124,CN/C(=N\[N+](=O)[O-])NCC1CCOC1,202.21
T71242,CC(C)Oc1cccc(/C=C2\SC(=O)NC2=O)c1N1CCC[C@@H](N)C1,361.47
T71259,N#Cc1cc2c(cn1)[nH]c1ncc(-c3ccc(CN4CCCCC4)cc3)cc12,367.46
T7133,Cc1cc2ncc(C(=O)NCC(C)(C)NCC(=O)N3CCC[C@H]3C#N)cn2n1,383.46
T7148,CO[C@@H]1[C@@H](O[C@@H]2O[C@H](C)[C@@H](O[C@H]3C[C@@](C)(O)[C@@H](OC(=O)CC(C)C)[C@H](C)O3)[C@H](N(C)C)[C@H]2O)[C@@H](CC=O)C[C@@H](C)[C@@H](O)/C=C/C=C/C[C@@H](C)OC(=O)C[C@H]1OC(C)=O,828.01
T7152,C[C@@H](c1nc(-c2ccc(C#N)cc2)cs1)[C@](O)(Cn1cncn1)c1ccc(F)cc1F,437.48
T7154,O=C(O)/C=C/C=C/C(=O)O,142.11
T71552,COc1ccc(/C=C/C(=O)C(CC2CCC2)C(=O)/C=C/c2ccc(OC)c(OC)c2)cc1OC,464.56
T7156,COc1ccc(C(=O)N2CCN(C(=O)/C=C/c3ccc(Br)cc3)CC2)cc1,429.31
T71563,CCCCC/C=C\CC(=O)CCCCCCCCC(=O)O,296.45
T71649,N#CCC(=O)N1CCC(c2nc(-c3cccs3)no2)CC1,302.36
T71704,C#CC[C@@H](O)/C=C/C=C/C#C[C@@H](O)CCCC(=O)OC(C)C,304.39
T7178,N#Cc1cc2[nH]c(=O)c(=O)[nH]c2cc1[N+](=O)[O-],232.16
T71812,O=C1NC(=S)S/C1=C\c1ccco1,211.27
T7182,N#Cc1ccc(CC(=NNC(=O)Nc2ccc(OC(F)(F)F)cc2)c2cccc(C(F)(F)F)c2)cc1,506.41
T7189,CC(C)(C)c1ccc(/C=C/C(=O)Nc2ccc3c(c2)OCCO3)cc1,337.42
T71924L,COc1ccc(/C=C\c2cc(OC)c(OC)c(OC)c2)cc1N.Cl,351.83
T7197,N#Cc1ccc(C2CCCc3cncn32)cc1,223.28
T71973,CCc1nc(C(N)=O)c(Nc2ccc(N3CCC(N4CCN(C)CC4)CC3)c(OC)c2)nc1NC1CCOCC1.O=C(O)/C=C/C(=O)O,668.80
T72022,C[C@@H]1CN(c2ccc(F)cc2C(F)(F)F)CCN1S(=O)(=O)c1ccc(C#N)cc1Cl,461.87
T72023,C/C(=N\Cc1ccccc1)c1c(O)c2ccccc2oc1=O,293.32
T7204,Cc1ccc(/C=N/NC(=O)c2ccccc2Oc2ccccc2)o1,320.35
T72043,CCN(CC)c1ccc(/C=N/NC(=O)c2cccnc2)c(O)c1,312.37
T72047,N#Cc1ccc(NC(=O)Cc2cccc(Cl)c2)cc1,270.72
T7205,CCC(=N\O)/C(C)=C/c1ccc(F)cc1,207.25
T72052,CC(C)(O)C#Cc1cccc(COc2cc(-c3cnc(C4CCNCC4)s3)cnc2N)c1,448.59
T72061,C[C@H]1CNCCN1c1nccc(-c2noc3c2CCC[C@@]32CCCc3sc(N)c(C#N)c32)n1,461.60
T72062,C[C@H](Oc1ccnc(-c2noc([C@@]3(C)CCCc4sc(N)c(C#N)c43)n2)n1)[C@@H]1CCCN1C,465.58
T72068,COc1ccc(-c2csc(N/N=C(\C)c3nc4ccccc4[nH]3)n2)cc1,363.45
T72103,Cl.N#CCCN,106.56
T7222,N#C[C@@]1(c2ccc3c(N)ncnn23)O[C@H](CO)[C@@H](O)[C@H]1O,291.27
T7223,C#C[C@]1(O)CC[C@H]2[C@@H]3CCC4=CC(=O)CCC4=C3C=C[C@@]21CC,308.42
T72309,COc1ccc2nc(Cl)c(/C=N/Nc3nc(-c4cccc5ccccc45)cs3)cc2c1,444.95
T72553,COC(=O)/C=C\C(=O)Nc1cccc(C(N)=O)c1,248.24
T72594,CC(C)=CCc1cc(C(=O)/C=C/c2ccc(O)c(O)c2)c(O)cc1O,340.38
T72771,CN1CCC(Nc2cccc3c2cc(C#CCNc2ccc(P(C)(C)=O)cc2)n3CC(F)(F)F)CC1,516.55
T72786,O=C1/C(=C/c2ccc(O)cc2O)Oc2c(O)cccc21,270.24
T7282,CC(C)OC(=O)[C@H](C)NP(=O)(CO[C@H](C)Cn1cnc2c(N)ncnc21)Oc1ccccc1.CC(C)OC(=O)[C@H](C)NP(=O)(CO[C@H](C)Cn1cnc2c(N)ncnc21)Oc1ccccc1.O=C(O)/C=C/C(=O)O,1069.02
T7293,C#CC(F)(F)[C@]1(O)CC[C@H]2[C@@H]3CCC4=CC(=O)CCC4=C3[C@@H](c3ccc(C4CC4)cc3)C[C@@]21C,462.58
T7296,CN(C)C/C=C/C(=O)Nc1cccc(C(=O)Nc2cccc(Nc3ncc(Cl)c(-c4c[nH]c5ccccc45)n3)c2)c1,566.07
T72961,C=C[C@H](O)C#CC#C[C@@H](O)/C=C\CCCCCCC,260.38
T7298,C#CCOc1ccc(/C=C/C(=O)Nc2ccccc2C(=O)O)cc1OC,351.36
T72984,Cc1n[nH]c2c1C(c1cc(C#CCCCO)cc(CO)c1)(C(C)C)C(C#N)=C(N)O2,406.49
T72985,CC(C)(c1ccc(OCc2ccnc(NS(C)(=O)=O)n2)cc1)c1cc(Cl)c(OCCCl)c(C#N)c1,535.45
T73007,N#Cc1ccc(Oc2ccc(C(N)=O)cc2)cc1,238.25
T73040,COc1ccc(-c2nc(-c3ccc(C#N)cc3)cs2)c(OC)c1,322.39
T73054,C/C=C/C=C/C(=O)N[C@@H](CC(=O)N[C@H](C(=O)[C@@H]1C(=O)NC(=O)[C@H]1C)C(C)C)c1ccccc1,453.54
T7313,CCN(CC)CCOc1ccc(/C(=C(/Cl)c2ccccc2)c2ccccc2)cc1.O=C(O)CC(O)(CC(=O)O)C(=O)O,598.09
T73151,N#Cc1c2c(c(Nc3ccccc3)n3c1nc1ccccc13)CCCC2,338.41
T73176,CC(C)(O)[C@@H]1CCN(c2cc(-n3ncc4ccc([C@]5(C#N)CC56CC6)cc43)ncn2)C1,414.51
T7322,C#Cc1cccc(Nc2ncnc3cc(OC)c(NC(=O)N4C[C@H]5CCN(C)[C@H]5C4)cc23)c1,442.52
T7323,O=C1/C(=C/c2ccccc2)C(NC2CCCCC2)c2cc(Br)ccc21,396.33
T73267,C[C@H]1CN(c2ccccc2C#N)CCN1CCNS(=O)(=O)c1ccc(F)c(Cl)c1,436.94
T7332,CCCCCCC/C=C/C(=O)O,170.25
T73350,CCc1ccccc1C(=O)Nc1n[nH]c2c(C)c(F)c(C3C(C#N)=C(C)N(C)C(C)=C3C#N)cc12,468.54
T73461,CC(C)C[C@@H](NC(=O)C1(C(F)(F)F)CCCCC1)C(=O)Nc1nnc(Cc2ccc(C#N)cc2)s1,507.58
T73516,CCn1c(N)c(-c2ncc[nH]2)c(=O)c2ccc(C#C[C@@](C)(O)COC)nc21,367.41
T73550,CN1C/C(=C\c2ccc(O)cc2)C(=O)/C(=C/c2c[nH]c3ccccc23)C1,344.41
T7358,COC(=O)/C=C1/OC(C)(OC)O[C@]12CC[C@H]1[C@@H]3CCC4=CC(=O)CCC4[C@H]3CC[C@@]12C,430.54
T7367,Cc1ccc(C(=O)NC2CC2)cc1-n1ncc(C(=O)c2cccc(C#N)c2)c1N,385.43
T7374,O=C(/C=C/c1ccccc1O)/C=C/c1ccccc1O,266.30
T73746,CCn1nc(C)cc1C(=O)N=c1[nH]c2cc(C(N)=O)cc(OC)c2n1C/C=C/Cn1c(=NC(=O)c2cc(C)nn2CC)[nH]c2cc(C(N)=O)cc(OCCCN3CCOCC3)c21,849.95
T7384,COc1ccc2c(c1)[C@]1(C[C@H]1c1ccc3c(/C=C/c4ccc(CN5C[C@@H](C)O[C@@H](C)C5)cc4)n[nH]c3c1)C(=O)N2,534.66
T73846,Cl.Cl.Cl.N#Cc1cc(S(=O)(=O)Nc2ncns2)ccc1Oc1ccc(-c2cccc(C(F)(F)F)c2)cc1-c1ccnc(CNCCC2CCNCC2)c1,829.20
T7385,O=C(CCCCCCC(=O)N/N=C/c1ccc(N(c2ccccc2)c2ccccc2)cc1)NO,458.56
T7394,Cc1[nH]c(/C=C2\C(=O)Nc3ccc(F)cc32)c(C)c1C(=O)NCCN1CCCC1.O=P(O)(O)O,494.46
T7397,N#Cc1cc(N2CCC(C(=O)N3N=CC[C@H]3c3cc(F)cc(F)c3)CC2)ncn1,396.40
T7399,NS(=O)(=O)c1ccc(NC(=S)N2CCN(C/C=C/c3ccccc3)CC2)cc1,416.57
T7403,CCN(C(=O)CO)C1CN(C(=Nc2cccc(OC(F)F)c2)NC#N)N=C1c1ccc(Cl)c(Cl)c1,525.34
T74051,CC1=C(/C=C/C(C)=C/C=C/C(C)=C/c2cc(/C=C/C=C(C)/C=C/C3=C(C)CCCC3(C)C)cc[n+]2CCO)C(C)(C)CCC1,592.93
T74065,O=[N+]([O-])c1ccc(/C=C/c2cccc(CO)n2)o1,246.22
T7408,CC1=C(/C=C/C(C)=C/C=C/C(C)=C/C(=O)O)C(C)(C)CCC1=O,314.43
T74120,C[N+]1=C(C=CC=CC=C2N(CCCCCC(=O)NCCN3C(=O)C=CC3=O)c3ccccc3C2(C)C)C(C)(C)c2ccccc21.[Cl-],641.26
T7422,Cc1cc(/C(=C/Nc2ccc(Cl)cc2)C(=O)Nc2ccc(Cl)cc2)on1,388.25
T74233,CCCCC/C=C\C/C=C\CCCCCCCCC(O)CCCCCCCC/C=C\C/C=C\CCCCC,528.95
T7427,C#Cc1cccc2ccccc12,152.20
T7432,COc1ccccc1/C=C/C(=O)c1ccccc1O,254.28
T74379,CCCCC/C=C\C/C=C\CCCCCCCCC1(CCCCCCCC/C=C\C/C=C\CCCCC)OCC(CCCN(C)C)O1,656.14
T74411,Cn1c(=O)n(C2CCC(=O)NC2=O)c2cccc(C#CCOC3CCN(C[C@H]4CC[C@H](n5cc(NC(=O)c6cnn7ccc(N8C[C@H]9C[C@@H]8CO9)nc67)c(C(F)F)n5)CC4)CC3)c21,865.94
T7451,N#Cc1ncccn1,105.10
T7453,O=C(O)/C=C/c1cccc(O)c1,164.16
T7460,N#C/C(=C\c1ccc(O)cc1)C(=O)O,189.17
T74696,O=C(c1ccc2nc[nH]c2c1)N1CCN(C/C=C/c2ccccc2)CC1,346.43
T74756,C#CC(=O)Nc1ccc(C(F)(F)F)cc1,213.16
T7493,Cc1cc(C(=O)Nc2cc(Nc3ccc4c(/C=C/c5ccccn5)n[nH]c4c3)ccc2F)n(C)n1,467.51
T7494,Nc1nccc(/C=C/c2ccccc2)n1,197.24
T75005,O=C(N/N=C/c1ccc([N+](=O)[O-])o1)c1ccc(OCCCCCCN2CCCCC2)cc1,442.52
T7505,CN1CCN(CCCCN2C(=O)CN(/N=C/c3ccc(-c4ccc(Cl)cc4)o3)C2=O)CC1.Cl.Cl,530.88
T75089,CCCCCCCC/C=C\CCCCCCCCOCC(O)CO,342.56
T75113,N#Cc1ccc(-n2cnc3cc(OCCOCCO)c(NC4CCOCC4)nc32)nc1,424.46
T75120,CN1C[C@H]2C[C@@]2(C#Cc2cc3ncnc(Nc4cccc(Cl)c4F)c3cc2NC(=O)/C=C/CN2CCOCC2)C1,561.06
T75129,COc1cc(O[C@H]2C(C)(C)[C@H](NC(=O)c3ccc(N4CCC(CN5CCN(c6ccc(C(=O)N[C@H]7CCC(=O)NC7=O)c(F)c6)CC5)CC4)cc3)C2(C)C)ccc1C#N,807.97
T75131,CCn1c(-c2cccnc2C(C)OC)c2c3cc(ccc31)N1CCOC(CC(NC(=O)C(C(C)C)N(C)C(=O)C3(F)CCN(C(=O)C#CC(C)(C)N(C)C)CC3)C(=O)N3CCCC(N3)C(=O)OCC(C)(C)C2)C1,1012.28
T7515,Cc1nc(C#Cc2cccnc2)cs1.Cl,236.73
T75174,O=c1/c(=C/c2cccc3ccccc23)sc2nc3ccccc3n12,328.40
T75270,CCCCC/C=C\CCCC(CCC/C=C\CCCCC)C(CCC/C=C\CCCCC)OC(=O)CCCCN(C)C,588.02
T75295,CO/N=C(\C(=O)N[C@@H]1C(=O)N2C(C(=O)O)=C(CSc3nc(=O)c(=O)[nH]n3C)CS[C@H]12)c1csc(N)n1,554.59
T75361,O=C(O)c1cc(/C=C/c2ccc(/C=C/c3ccc(O)c(C(=O)O)c3)c(Br)c2)ccc1O,481.30
T7537,C#C[C@]1(OC(C)=O)CC[C@H]2[C@@H]3CCC4=C/C(=N/O)CC[C@@H]4[C@H]3CC[C@@]21CC,369.51
T7556,Cl.N#Cc1ccc(C2CCCc3cncn32)cc1,259.74
T7574,C/C=C/C(=O)Oc1c(C(C)CCCCCC)cc([N+](=O)[O-])cc1[N+](=O)[O-],364.40
T75876,CC[C@H](C)[C@@H]1NC(=O)[C@H](CCC(N)=O)NC(=O)[C@@H]2CCCN2C(=O)[C@H](CC(N)=O)NC(=O)[C@H](Cc2cnc[nH]2)NC(=O)[C@H](C(C)C)NC(=O)[C@H]([C@@H](C)O)NC(=O)[C@@H]2CSSC[C@H](NC(=O)[C@@H]3CCCN3C(=O)[C@H](CC(=O)O)NC(=O)[C@@H](N)CCCNC(=N)N)C(=O)N[C@@H](CSSC[C@@H](C(N)=O)NC1=O)C(=O)N[C@@H](CO)C(=O)N[C@@H](CC(N)=O)C(=O)N1CCC[C@H]1C(=O)N[C@@H](C(C)C)C(=O)N2.O=C(O)C(F)(F)F,2095.32
T7592,CO/N=C(/C(=O)OC)c1ccccc1CO/N=C(\C)c1cccc(C(F)(F)F)c1,408.38
T7600,CC(=O)O[C@H]1CC(C)(C)C(=C=C/C(C)=C/C=C/C(C)=C/C=C/C=C(C)/C=C/C=C(\C)C(=O)C[C@@]23O[C@]2(C)C[C@@H](O)CC3(C)C)[C@](C)(O)C1,658.92
T7605,CCC(C)C1OC2(C=CC1C)CC1CC(C/C=C(\C)C(OC3CC(OC)C(OC4CC(OC)C(O)C(C)O4)C(C)O3)C(C)/C=C/C=C3\COC4C(O)C(C)=CC(C(=O)O1)C34O)O2,873.09
T7614,C#Cc1c[nH]c(=O)[nH]c1=O,136.11
T7644,N#CC(Cc1ccc(O)cc1)c1ccc(O)cc1,239.27
T7649,COc1ccc(C=C(C#N)C#N)cc1,184.20
T7653,CC(C)(Oc1ccc(Cl)cc1)C(=O)NC1C2CC3CC1CC(NS(C)(=O)=O)(C3)C2,440.99
T7660,NS(=O)(=O)NCCNc1nonc1/C(=N/O)Nc1ccc(F)c(Br)c1,438.24
T7676,CC(C)CC(N)C(=O)NC(CO)C(=O)NC(CCCCN)C(=O)NC(CC(C)C)C(N)=O.O=C(O)C(F)(F)F.O=C(O)C(F)(F)F,686.65
T7677,CCOc1nc(NC(=O)Cc2cc(OC)ccc2OC)cc(N)c1C#N,356.38
T7696,CCOc1ccc2cc(C#N)c(=O)oc2c1,215.21
T7700,CCc1nn(CCO)c(CC)c1Oc1cc(C#N)cc(C#N)c1,310.36
T7706,CC(CNS(=O)(=O)C(C)C)c1ccc(-c2ccc(C#N)cc2)cc1,342.46
T7720,C/C(=C\C(N)C(=O)O)CP(=O)(O)O,209.14
T77205,O=C([O-])/C=C/C(=O)[O-].[Na+].[Na+],160.04
T7728,CC(=O)c1ccc2c(c1)N(CCCN(C)C)c1ccccc1S2.O=C(O)/C=C\C(=O)O,442.54
T7733,CO/N=C(\C(=O)N[C@@H]1C(=O)N2C(C(=O)O)=C(COC(C)=O)CS[C@H]12)c1csc(N)n1,455.47
T77332,C#CCN[C@H]1CCc2ccc(OC(=O)N(C)CC)cc21,272.35
T77342,N#Cc1ccc(Nc2nccc(C(=O)Nc3cnccc3-c3ccc(F)cc3)n2)cc1,410.41
T7741,CC(C)(C)N.Cc1cn(C(=O)c2c(-c3c(Cl)cc(Cl)cc3Cl)noc2C(C)(C)F)c2cccc(/C=C/C(=O)O)c12,608.93
T77494,COc1ccc(/C=C2\Cc3cccc(O)c3C2=O)cc1O,282.30
T77502,C=CCOc1c(Br)cc(C2C(C#N)=C(N)Oc3cc4c(cc32)OCO4)cc1OC,457.28
T77505,Cl/C=C\C[N+]12CN3CN(CN(C3)C1)C2.[Cl-],251.16
T77507,c1ccc([C@H]2CN3C(=N2)Sc2ccccc23)cc1,252.34
T77510,COc1ccc(/C=C2\Oc3cc(OC(F)F)ccc3C2=O)cc1,318.28
T77511,N#Cc1ccc(NC2(C(=O)N3CCN(c4ccc(C(F)(F)F)cc4)CC3)CCCC2)cc1,442.49
T77517,N#Cc1ccc(Oc2ccc(S(=O)(=O)Nc3ccc(F)cn3)cc2C#N)cc1Cl,428.83
T77519,COc1cc(C(=O)/C(C)=C/c2c[nH]c3cc(F)ccc23)cc(OC)c1OC,369.39
T77527,N#CC(C#N)=C1C=C(/C=C/c2ccc(NC(=O)OCc3ccc(O[C@@H]4O[C@H](CO)[C@H](O)[C@H](O)[C@H]4O)cc3)cc2)Oc2ccccc21,623.62
T77528,O=C(/C=C/c1cc(O)ccc1O)OCCc1ccccc1,284.31
T77548,O=C(O)CCCC/C=C(/c1ccccc1)c1cccnc1,281.36
T77554,N#Cc1ccc(C(=O)CBr)cc1,224.06
T77579,COc1cc(/C=C/C(=O)c2ccc(OC)c(F)c2)ccc1O,302.30
T77586,O=C(N/N=C/c1ccc(F)cc1)c1ccc(Nc2ccnc3cc(Cl)ccc23)cc1,418.86
T77595,C/C(=C\C=C\[C@@H](C)c1ccccn1)[C@H]1OC(=O)C[C@H](O)CC[C@@](C)(O)[C@@H](OC(=O)N2CCN(C)CC2)/C=C/[C@@H]1C,555.72
T77599,COC(=O)/C=C(C)/C=C/C=C(C)/C=C/C1=C(C)CCCC1(C)C,314.47
T77600,COC(=O)/C=C(C)/C=C/C=C(C)/C=C/C1=C(C)C(=O)CCC1(C)C,328.45
T77634,COc1ccc(-c2c(C#N)c(C(=O)NN3CCCCC3)nn2-c2ccc(Cl)cc2Cl)cc1,470.36
T7766,CCC(CC)COC(=O)C(C)NP(=O)(OCC1OC(C#N)(c2ccc3c(N)ncnn23)C(O)C1O)Oc1ccccc1,602.59
T77660,COc1ccc(C#N)cc1-c1ccnc(Nc2ccc(N3CCOCC3)c(OC)c2)c1,416.48
T77662,O=C1N=C(NCCc2ccccc2)S/C1=C\c1c[nH]c2ncccc12,348.43
T77674,N#Cc1cc2ccc(O)cc2oc1=O,187.15
T77676,CNCC/C=C\c1cccnc1.Cl.Cl,235.16
T77682,O=C(O)/C=C/c1cccc2ccccc12,198.22
T77685,COc1cc(Br)cn2ncc(C#N)c12,252.07
T77694,N#CC(c1ccnc(Cl)n1)c1nc2ccccc2s1,286.75
T77708,Cc1sc2ncnc(OCC(=O)Nc3cccc(C#N)c3)c2c1C,338.39
T77716,COc1cc(C2C(C#N)=C(N)Oc3cc4c(cc32)OCO4)cc(Br)c1OC,431.24
T77719,COc1ccc(C#N)cc1-c1ccnc(Nc2ccc(N3CCOCC3)cc2)c1,386.46
T77729,COc1ccc(CN(C(=O)/C=C/c2cc(OC)c(OC)c(OC)c2)c2cc(OC)c(OC)c(OC)c2)cc1O,539.58
T77743,O=C(/C=C/c1ccco1)Nc1cccc(NC(=O)/C=C/c2ccco2)n1,349.35
T77744,O=C([O-])/C=C\C(=O)[O-].[Na+].[Na+],160.04
T77752,Cc1cc(/C=C2\SC(=S)NC2=O)ccc1O,251.33
T7776,C[N+](C)(C)CCO.O=C([O-])c1ccc(-c2ccc(/C=C3\SC(=S)N(Cc4ccccc4)C3=O)o2)cc1,524.66
T77761,Cn1c(=O)c([N+](=O)[O-])c(N2CCN(C(c3ccc(F)cc3)c3ccc(F)cc3)CC2)c2nc(C#N)ccc21,516.51
T77762,O=C1/C(=C/c2cccc(C(F)(F)F)c2)CNC/C1=C\c1cccc(C(F)(F)F)c1,411.34
T77764,N#C/C(=C\c1ccc(-c2cccc(O)c2)s1)C(N)=O,270.31
T77766,CC(C)(C)C(=O)/C(=C/c1cccc([N+](=O)[O-])c1)n1cncn1,300.32
T77767L,CCN1/C(=C\C=C\C2=C(NCCCCNC(=O)CCC(=O)OCC3(C)Nc4cccc5c(/N=N/c6ccc(/N=N/c7ccccc7)c7ccccc67)ccc(c45)N3)C(/C=C/C3=[N+](CC)c4ccccc4C3(C)C)CCC2)C(C)(C)c2ccccc21.O=CO.[I-],1305.42
T77767L1,CCN1/C(=C\C=C\C2=C(NCCCCNC(=O)CCC(=O)OCC3(C)Nc4cccc5c(/N=N/c6ccc(/N=N/c7ccccc7)c7ccccc67)ccc(c45)N3)C(/C=C/C3=[N+](CC)c4ccccc4C3(C)C)CCC2)C(C)(C)c2ccccc21.Cl.[Cl-],1204.40
T77778,CC#CCOc1ccc(S(=O)(=O)CC(c2ccc(CNS(C)(=O)=O)cc2)N(O)C=O)cc1,480.56
T77810,CN(C)C/C=C/C(=O)Nc1ccc(C(=O)N[C@H]2CC[C@H](Nc3cc(-c4cccc(NCc5cccc(F)c5)n4)c(Cl)cn3)CC2)cc1,656.21
T7792,O=c1cc(O)cc(/C=C/c2ccc(O)c(O)c2)o1,246.22
T78179,N#C[C@@H]1CC(F)(F)CN1C(=O)CNC(=O)c1ccnc2ccc(OCCCCN)cc12.O=C(O)C(F)(F)F,545.47
T7820,N=C(N)N/N=C/c1cccc(Cl)c1Cl,231.09
T78207,CCOC(=O)c1cnc2[nH]ccc2c1N[C@@H]1CCCN(C(=O)CC#N)C1,355.40
T7821,CN1CCN(c2ccc(/C=C(\C#N)c3ccccc3Br)cc2)CC1.Cl.Cl,455.23
T7830,COc1ccc(/C(Cl)=C(/C=O)c2ccc(OC)cc2)cc1,302.76
T7832,CCOP(=O)(Cc1ccc(C(=O)Nc2ccc(Br)cc2C#N)cc1)OCC,451.26
T7841,CN(C)C(=O)CCSC(SCCC(=O)O)c1cccc(/C=C/c2ccc3ccc(Cl)cc3n2)c1,515.10
T7846,COc1ccc(C(O)CNC(=O)/C=C/c2ccccc2)cc1,297.35
T7848,CS(=O)(=O)c1ccc(Oc2cc(F)cc(C#N)c2)c2c1[C@H](O)C(F)(F)C2,383.35
T78484,COc1cc2c(c(O)c1C(=O)/C=C/c1ccc(O)cc1)C=CC(C)(C)O2,352.39
T78504,COc1cc(/C=C/C(=O)O)ccc1O[C@@H]1O[C@H](CO)[C@@H](O)[C@H](O)[C@H]1O,356.33
T78554,Clc1ccc(/C=N/Nc2nc(-c3ccccc3)cs2)cc1,313.81
T78598,COC(=O)c1cccc(C#Cc2ccc(OC3CCOCC3)cc2)c1-c1ccc2cc[nH]c2c1,451.52
T78628,CC1(C)S[C@@H]2[C@H](NC(=O)[C@H](N)c3ccc([O-])cc3)C(=O)N2[C@H]1C(=O)O.O=C(O)[C@H]1/C(=C/CO)O[C@@H]2CC(=O)N21.[K+],602.66
T78651,C=CC(=O)N1CCN(c2c(C#N)c(=O)n(-c3c(C)ccnc3C(C)C)c3nc(-c4c(N)c(F)c(F)c(F)c4F)c(Cl)cc23)CC1,640.04
T7877,CC(=O)Nc1ccc(/C=N/NC(N)=S)cc1,236.30
T78785,CC1=C(OC(=O)/C=C/c2ccccc2)C(=O)C=C2C1=CC=C1[C@@]2(C)CC[C@@]2(C)[C@@H]3C[C@](C)(C(=O)NCc4nc(C)c(C)nc4C)CC[C@]3(C)CC[C@]12C,713.96
T7882,COc1ccc2c(c1)c(CC(=O)OC/C=C(\C)CC/C=C(\C)CCC=C(C)C)c(C)n2C(=O)c1ccc(Cl)cc1,562.15
T7890,N#CC1CC(F)(F)CN1C(=O)CNC(=O)c1ccnc2ccccc12,344.32
T7894,CC1(C)CCSc2ccc(C#Cc3ccc(C(=O)O)cn3)cc21,323.42
T7896,Cn1cccc1/C=C1/C(=O)NC(=O)c2ccccc21,252.27
T78984,NC1=NC(=O)/C(=C/c2ccccc2)S1,204.25
T7900,CC1=C(C#N)C(c2ccc3[nH]nc(C)c3c2)C(C#N)=C(C)N1,289.34
T79086,O=C(O)c1ccc(N2N=C(c3ccccc3)/C(=C/c3ccc[nH]3)C2=O)cc1,357.37
T7917,O=C(/C=C/c1ccccc1)c1ccc(O)cc1,224.26
T7920,CC(=O)CC/C=C(\C)CCC=C(C)C,194.32
T79213,C=CC(=O)N1CCN2Cc3cc(C#CC)c(-c4c(O)cccc4Cl)c(F)c3OCC2C1,440.90
T7922,CO/N=C(/C(=O)OC)c1ccccc1COc1ccccc1C,313.35
T7930,C=CC(C)(CCC=C(C)C)OC(C)=O,196.29
T79314,N#Cc1c(-c2ccc(F)cc2)csc1OCc1ccc(CN)cc1.[Cl],373.86
T79500,N#Cc1ccc(-c2ccc(OCCCN3CCN(c4ccncc4)CC3)cc2)cc1,398.51
T79500L,N#Cc1ccc(-c2ccc(OCCCN3CCN(c4ccncc4)CC3)cc2)cc1.O=CO,444.54
T7951,N#Cc1cc(-c2ncnc(Nc3ccc(N4CCN(C5COC5)CC4)cc3)n2)ccc1OC1CCOCC1,513.60
T79659,N#CSCC(=O)N1c2ccccc2CCc2ccccc21,294.38
T7974,C#C[C@@]1(O)CC[C@@H]2[C@H]3CCC4=CCCC[C@H]4[C@@H]3CC[C@]21C,284.44
T7980,COc1ccc(/C=C/C(=O)c2c(O)cc(O[C@@H]3O[C@H](CO[C@@H]4O[C@@H](C)[C@H](O)[C@@H](O)[C@H]4O)[C@@H](O)[C@H](O)[C@H]3O)cc2OC)cc1O,624.59
T79830,CCCS(=O)(=O)Nc1cccc(Oc2ccc3c(c2)C2=NCCN2C=N3)c1C#N,409.47
T79837,Cc1cc(/C=C/C#N)cc(C)c1-c1cccc2c(N)nc(Nc3ccc(C#N)cc3)nc12,416.49
T79854,CCc1nc2ccccn2c1C(=O)c1cc(Br)c(O)c(C#N)c1,370.21
T79856,C=CC(=O)N1C[C@@H](n2nc(C#Cc3c(F)cc4c(ncn4C4CC4)c3F)c(C(N)=O)c2NC)C[C@@H]1COC,523.54
T79864,CN1CCC[C@]1(C)/C=C/S(=O)(=O)NC(=O)Nc1c2c(cc3c1CCC3)CCC2,403.55
T79870,CCn1c(-c2cccnc2[C@@H](C)OC)c2c3cc(ccc31)-c1cccc(c1)CC(NC(=O)C(C(C)C)N1CC[C@@]3(CCN(C(=O)C#CC(C)(C)N(C)C)C3)C1=O)C(=O)N1CCC[C@H](N1)C(=O)OCC(C)(C)C2,983.27
T7991,O=C(O)/C=C/c1ccccc1O,164.16
T8011,CCCCCCCC/C=C\CCCCCCCC(=O)OC[C@H](COP(=O)([O-])OCC[N+](C)(C)C)OC(=O)CCCCCCC/C=C\CCCCCCCC,786.13
T8019,C/C=C/C=C/C(=O)O,112.13
T8024,N#CCc1c[nH]c2ccccc12,156.19
T8052,CC/C=C(\C)C(=O)O,114.14
T80676,CCN1CCN(Cc2ccc(NC(=O)c3cccc(C#Cc4cccc5[nH]nc(N)c45)c3)cc2C(F)(F)F)CC1,546.60
T8076,CC/C=C\CC1=C(C)CCC1=O,164.25
T80800,O=C1NC(=S)N/C1=C\c1cccc(OCc2ccccc2)c1,310.38
T8081,O=C1Nc2ccc(Br)cc2/C1=C/c1cc(O)c(O)c(Br)c1,411.05
T8099,CCC/C=C/C=O,98.14
T81121,Cc1ccc(CN2C(=O)S/C(=C\c3ccc(Nc4ccccc4Cl)s3)C2=O)cc1,440.98
T8126,CO/N=C(\C(=O)N[C@@H]1C(=O)N2C(C(=O)[O-])=C(CSc3nc(C)c(CC(=O)[O-])s3)CS[C@H]12)c1csc(N)n1.[Na+].[Na+],628.65
T81264,N#Cc1c(-c2cc(NC(=O)c3cc(F)cc(C(F)(F)F)c3)c3c(c2)C(=O)N[C@H]3c2cc(F)ccc2Cl)ccc2ncnn12,608.91
T81289,CNC(=O)c1ccc(NCC#Cc2cc3c(N[C@@H]4CCN(C)C[C@@H]4F)cccc3n2CC(F)(F)F)c(OC)c1,545.58
T8137,O=C(O)/C=C(/CC(=O)O)C(=O)O,174.11
T81412,N#Cc1c(N2C[C@@H]3CCCN[C@@H]3C2)c(F)cc2c(=O)c(C(=O)O)cn(C3CC3)c12,396.42
T8145,O=C(/C=C/c1ccccc1)OCc1ccccc1,238.29
T8148,C/C(=C\C(=O)OCCCCCCCCC(=O)[O-])C[C@@H]1OC[C@H](C[C@@H]2O[C@H]2[C@@H](C)[C@H](C)O)[C@@H](O)[C@H]1O.C/C(=C\C(=O)OCCCCCCCCC(=O)[O-])C[C@@H]1OC[C@H](C[C@@H]2O[C@H]2[C@@H](C)[C@H](C)O)[C@@H](O)[C@H]1O.O.O.[Ca+2],1075.35
T81490,NC(=O)Nc1cc(C#Cc2cccc(F)c2)sc1C(=O)N[C@H]1CCCNC1,386.45
T8159,CCC/C=C1\OC(=O)C2=C1CC[C@@H](O)[C@H]2O,224.26
T8179,COc1cc(C)c2c(=O)cc(C[C@@H](C)O)oc2c1[C@@H]1O[C@H](CO)[C@@H](O)[C@H](O)[C@H]1OC(=O)/C=C/c1ccc(O)cc1,556.56
T8184,C/C=C(/CC[C@@H](C)[C@H]1CC[C@H]2[C@@H]3CC=C4CC(O)CC[C@]4(C)[C@H]3CC[C@]12C)C(C)C,412.70
T8201,CC(C)=CCC/C(C)=C/Cc1c(O)c(CC=C(C)C)c2c(c1O)C(=O)C1=C[C@@H]3C[C@H]4C(C)(C)O[C@@](C/C=C(/C)C(=O)O)(C3=O)[C@@]14O2,630.78
T8217,CC1(C)C(=O)N(c2ccc(C#N)c(C(F)(F)F)c2)C(=S)N1c1ccc(C(=O)O)c(F)c1,451.40
T8222,COc1ccc(CN2C3CC2CN(c2ccc(-c4cc(OCC(C)(C)O)cn5ncc(C#N)c45)cn2)C3)cn1,525.61
T8240,CCCCCC/C=C\CCCC(=O)O,198.31
T8241,CCCCCC/C=C\CCCCCCCCC(=O)O,268.44
T8261,CC(C)(O/N=C(\C(=O)N[C@@H]1C(=O)N2C(C(=O)[O-])=C(C[n+]3ccccc3)CS[C@H]12)c1csc(N)n1)C(=O)O.O.O.O.O.O,636.66
T8271,CCCCCCCC/C=C\CCCCCCCCC(=O)O,296.49
T8276,CCCCCC/C=C\CCCCCCCC(=O)OC,268.44
T8277,C[C@@H]1O[C@@H](OC[C@H]2O[C@@H](OCCc3ccc(O)c(O)c3)[C@H](O)[C@@H](OC(=O)/C=C/c3ccc(O)c(O)c3)[C@@H]2O)[C@H](O)[C@H](O)[C@H]1O,624.59
T8299,COC(=O)[C@@H](Cc1ccc(O)c(O)c1)OC(=O)/C=C/c1ccc(O)c2c1[C@H](C(=O)O[C@H](Cc1ccc(O)c(O)c1)C(=O)OC)[C@@H](c1ccc(O)c(O)c1)O2,746.67
T8302,CO/N=C(\C(=O)N[C@@H]1C(=O)N2C(C)=C(CSC(=O)c3ccco3)CSC12)c1csc(N)n1,493.59
T83021,C/C(=N\Nc1nc2ccccc2s1)c1ccncn1,269.33
T8307,C/C=C/C=C/C=C\CC/C=C/C(=O)NCC(C)(C)O,263.38
T8340,Cc1c(C(=O)/C=C/c2ccccc2)[n+](=O)c2ccccc2n1[O-],306.32
T8342,CC(C)(C)c1ccc2cc(C#N)c(C#N)cc2c1,234.30
T8347,CO[C@H]1/C=C\O[C@@]2(C)Oc3c(C)c(O)c4c(c3C2=O)C(=O)C=C(NC(=O)/C(C)=C\C=C/[C@H](C)[C@H](O)[C@@H](C)[C@@H](O)[C@@H](C)[C@H](OC(C)=O)[C@@H]1C)C4=O,695.76
T83542,OC/C=C/c1ccc(O)cc1,150.18
T83625,N#Cc1cccc2c(Br)n[nH]c12,222.04
T83627,Cc1cc(C)c(C#N)c(OCC(=O)N2CCOCC2)n1,275.31
T83632,CC(=O)c1c(O)c(C)c(O)c2c1OC1=CC(=O)/C(=C(/C)N)C(=O)[C@@]12C,343.34
T83647,CN1CCN(C2=Nc3cscc3/C(=C\C#N)c3cscc32)CC1,340.48
T83648,CN1CCN(C2=Nc3cscc3/C(=C/C#N)c3cscc32)CC1,340.48
T83654,CCCCC/C=C\C/C=C\CCCCCCCCC(=O)CCCCCCCC/C=C\C/C=C\CCCCC,526.93
T83655,CCCCC/C=C\C/C=C\CCCCCCCCC(CCCCCCCC/C=C\C/C=C\CCCCC)OC(=O)CCN(C)C,628.08
T83656,CCCCC/C=C\C/C=C\CCCCCCCCC(CCCCCCCC/C=C\C/C=C\CCCCC)OC(=O)CCCCN(C)C,656.14
T83657,CCCCC/C=C\C/C=C\CCCCCCCC(=O)OCC(COC(=O)CCC(OCCCCCCCC)OCCCCCCCC)COC(=O)OCCCN(CC)CC,852.29
T8369,C=C(F)C(=O)N1CCN(c2nc(OC[C@@H]3CCCN3C)nc3c2CCN(c2cccc4cccc(Cl)c24)C3)C[C@@H]1CC#N,604.13
T8370,CN(C)CCOc1ccc(/C(=C(/CCCO)c2ccccc2)c2ccc(O)cc2)cc1,417.55
T8387,CCc1cc2c(cc1N1CCC(N3CCOCC3)CC1)C(C)(C)c1[nH]c3cc(C#N)ccc3c1C2=O.Cl,519.09
T83966,C/C(=N\NC(=O)c1ccc(O)cc1)c1ccccc1O,270.29
T83967,O=C1NC(=S)S/C1=C\c1cccc([N+](=O)[O-])c1,266.30
T83970,CC(C)OC(=O)[C@H](CO)NCc1cc(Cl)c(OCc2cccc(-c3ccccc3)c2Br)cc1OCc1cccnc1.O=C(O)/C=C\C(=O)O,756.05
T83975,CC(C(=O)OCCOCCN1CCN(C(c2ccccc2)c2ccc(Cl)cc2)CC1)c1cccc(C(=O)c2ccccc2)c1.O=C(O)/C=C\C(=O)O.O=C(O)/C=C\C(=O)O,843.33
T83992,CC/C=C/CC(=O)OCC,142.20
T83993,C/C=C/C=C/COC(C)=O,140.18
T83995,CC/C=C\CCOC(=O)CC(C)C,184.28
T83996,CCCCC/C=C\CCO,142.24
T83997,CC/C=C\CCCCCO,142.24
T84008,C/C=C(\C)C(=O)OCCCC,156.22
T84012,CCCCC/C=C/C(=O)OC,156.22
T84043,CC/C=C\CCOC(=O)CCC,170.25
T84052,CCCCCC/C=C/CC(=O)O,170.25
T84066,CC/C=C\CCOC(C)OCC,172.27
T84067,CCCCCCCC/C=C/CO,170.30
T84078,C/C=C(\C)C(=O)OCC/C=C\CC,182.26
T84087,CC/C=C\CC/C=C/CO,140.23
T84092,CCCCCCCCC/C=C/CO,184.32
T84093,CCCCCC/C=C\CCCCO,184.32
T8410,CC(C)CN1C(=O)/C(=C/C(=O)O)c2cccc(F)c21,263.27
T84105,CCCCC/C=C/CCC(=O)OCC,198.31
T84159,CCCC/C=C/CCCCCCCCCCO,240.43
T84175,CC/C=C\C/C=C\CCC/C=C/CCOC(C)=O,250.38
T84200,CCCCCC/C=C\CCCCCCCC(=O)OCC,282.47
T84214,CCCCCCCCCCC/C=C/CCCCC(=O)OC,296.50
T84220,C=CC(C)(O)CC/C=C(\C)CC/C=C(\C)CCC=C(C)C,290.49
T84236,CCCCCCCC/C=C\CCCCCCCCCCCCO,324.59
T84262,CC1=C(/C=C/C(C)=C/C=C/C(C)=C/C(=O)OCC(=O)C(C)(C)C)C(C)(C)CCC1,398.59
T84297,CCc1cc(N2C(=S)N(c3ccc(C#N)c(C(F)(F)F)c3)C(=O)C2(C)C)ccc1OCCN1CCN(CC(=O)Nc2cccc(NC3CCC(=O)NC3=O)c2)[C@H](C)C1,818.92
T8430,CN1CCN(C(=O)c2ccc3cc(CCNc4ncnc5ccc(C#N)cc45)ccc3c2)CC1,450.55
T84312,N#C[Se]Cc1ccc(C[Se]C#N)cc1,314.11
T8434,Cc1ccc(O)c(/N=N/c2ccccc2)n1,213.24
T84364,C[C@@](C#N)(COc1cc(C#N)ccc1C(F)(F)F)NC(=O)c1ccc(SC(F)(F)F)cc1,473.40
T84540,COc1ccc(/C=C/c2cc(Cl)cc(Cl)c2)cc1,279.17
T8458,N#Cc1cc2nc([O-])c([O-])nc2cc1[N+](=O)[O-].[Na+].[Na+],276.12
T8461,O=C1/C(=C\c2ccc(O)c(O)c2)Oc2ccccc21,254.24
T84631,CCCCC/C=C\C/C=C\CCCCCCCCCC(=O)O,308.51
T8464,O=C1/C(=C/c2ccc([N+](=O)[O-])cc2)CNC/C1=C\c1ccc([N+](=O)[O-])cc1,365.35
T84656,CC/C=C\C/C=C\C/C=C\CCCCCCCCCC(=O)O,306.49
T8470,Cc1cc(CN[C@H](CO)C(=O)O)c(OCc2cccc(C#N)c2)cc1OCc1cccc(-c2ccc3c(c2)OCCO3)c1C,594.66
T8473,O=C(C#Cc1ccccc1)c1cccc([N+](=O)[O-])c1,251.24
T8475,C=CCN1CCN(c2nc3ccccc3nc2C#N)CC1.O=C(O)C=CC(=O)O,395.42
T8478,N#Cc1ccc(Oc2cccc(NC(=O)Nc3ccc(Cl)c(C(F)(F)F)c3)c2)cc1,431.80
T8484,COCCN[C@H]1CC[C@H](Nc2cc(-c3csc(NCC4(C#N)CCOCC4)n3)c(Cl)cn2)CC1,505.09
T84843,CCCCCC#CC(=O)OC,154.21
T8486,CCC(=O)NC[C@H](Cc1ccc(OCCc2nc(-c3ccccc3)oc2C)cc1)N/C(C)=C\C(=O)c1ccc(C(F)(F)F)cc1,619.68
T8491,Cc1[nH]c(/C=C2\C(=O)Nc3ccc(F)cc32)c(C)c1C(=O)N[C@H]1CCN(C(=O)N(C)C)C1,439.49
T84916,C#CCOc1ccc(CCNC(=O)C(OCC#C)c2ccc(Cl)cc2)cc1OC,411.89
T8504,CO[C@H]1CC[C@@H](O[C@H]2C[C@H]([C@]3(C)CC[C@]4(C[C@H](O)[C@@H](C)[C@@H]([C@@H](C)/C=C(\C)C(=O)[C@H](C)C[C@H](C)C(=O)O)O4)O3)O[C@]3(O[C@@H]([C@H]4O[C@@](O)(CO)[C@H](C)C[C@@H]4C)C[C@@H]3C)[C@@H]2C)O[C@@H]1C,867.13
T8511,CCc1c(C(=O)NN2CCCCC2)nn(-c2ccc(Cl)cc2Cl)c1-c1ccc(C#Cc2ccc(C(F)(F)F)cc2)s1,617.52
T8515,O=c1[nH]c(Cc2ccccn2)nc2c1cnn2C1CCOCC1,311.35
T8517,O=C(/C=C/c1cccc(S(=O)(=O)Nc2ccccc2)c1)NO,318.35
T8519,CC(=O)O.N=C(N)N/N=C/c1cccc(Cl)c1Cl,291.14
T8523,COc1ccc(/N=N/c2c(N)n[nH]c2N)cc1,232.25
T85282,CCCCCCCCCCC/C=C/CCCCC(=O)O,282.47
T8529,CC1(C)CCS(=O)c2ccc(C#Cc3ncc(C(=O)O)cn3)cc21,340.40
T85309,CC(F)(F)c1ncc(C(=O)N[C@H](/C=C/S(C)(=O)=O)C2CC2)c(Oc2ccccc2)n1,437.47
T85310,N#Cc1cccc(CN2CCc3ncn(Cc4ccc(Cl)cc4)c(=O)c3C2)c1,390.87
T85314,CCC/C=C/CCCCCCCOC(C)=O,226.36
T85315,CCC/C=C\CCCCCCCO,184.32
T85316,COc1cc(/C=C2/C(C)=C(CC(=O)NCc3ccco3)c3cc(F)ccc32)cc(OC)c1O,449.48
T85321,Nc1cc(F)ccc1NC(=O)/C=C/c1ccc(CN2CCN(C(=O)c3cc(Cc4n[nH]c(=O)c5ccccc45)ccc3F)CC2)cc1,634.69
T85329,CC(=O)/C=N/c1c(NC[C@H](O)[C@H](O)[C@H](O)CO)[nH]c(=O)[nH]c1=O,330.30
T8533,N#CC(c1ccc(F)cc1)c1cccc(C(F)(F)F)n1,280.22
T85336,CCCCN(CCCC)c1ccc(/C=C/c2cc[n+](CCC[N+](CC)(CC)CC)cc2)cc1.[Br-].[Br-],611.55
T8534,N#CC(C#N)=C(N)/C(C#N)=C/c1ccc(O)cc1,236.23
T85345,Cc1[nH]c(/C=C2\C(=O)Nc3ccc(F)cc32)c(C)c1C(=O)NC[C@H](O)CN1CCOCC1,442.49
T85349,CCCCCCCCCCC/C(=N\O)c1cc(C)ccc1O,305.46
T8543,COc1ccc(S(=O)(=O)Nc2ccccc2CN(C)C/C=C/c2ccc(Cl)cc2)cc1.Cl,493.46
T85547,Cc1ncsc1-c1ccc([C@H](CO)NC(=O)[C@@H]2C[C@@H](O)CN2C(=O)[C@H](C(C)C)n2cc(OCCCCN3CCCN(c4nccc(-c5noc([C@@]6(C)CCCc7sc(N)c(C#N)c76)n5)n4)[C@@H](C)C3)nn2)cc1,1019.27
T8555,O=C(N/N=C/c1ccc(O)c([N+](=O)[O-])c1)c1cc(O)cc(O)c1,317.26
T85699,CC1=C/C(=N\NC(=O)c2ccncc2)c2c(O)cccc2C1=O,307.31
T8640,N#Cc1cc(Nc2ncc3c(n2)CCCCC3=O)cs1,284.34
T86471,CCOC(=O)NC(=O)/C(C#N)=C/c1ccc(Cl)c(Cl)c1,313.14
T8649,Nc1ccccc1C(=O)/C=C/c1cccc([N+](=O)[O-])c1,268.27
T8657,N#C[C@@H]1CCCN1C(=O)[C@@H]1CCCN1C(=O)CCCc1ccccc1,339.44
T8661,N#CC(c1ccnc(NCCc2cccnc2)n1)c1nc2ccccc2s1.O=C(O)C(F)(F)F.O=C(O)C(F)(F)F,600.50
T8670,N#Cc1ccccc1C[C@H](NC(=O)OCC1c2ccccc2-c2ccccc21)C(=O)O,412.45
T8684,C=CC(=O)N1CCN(c2nc(=O)n(-c3c(C)ccnc3C(C)C)c3nc(-c4c(O)cccc4F)c(F)cc23)C(C)C1,560.61
T87073,Cc1cc(CN(C)C)ccc1-c1cnc(NCc2c(F)ccc3c2CCO3)n2cc(C#N)nc12,456.53
T8719,N#C/C(=N\Nc1ccc(F)c(Cl)c1)C(=O)c1ccc(Cl)cc1,336.15
T8722,N#CCC(=O)NNC(=S)Nc1ccc(Cl)c(Cl)c1,303.17
T8729,O=C(/C=C/c1ccc2ccccc2c1)c1cccnc1,259.31
T8730,N#Cc1cnc2ccc(-c3c(-c4ccc(F)c(Cl)c4)ncn3CCO)nn12,382.79
T87339,Cc1c(C#Cc2nc(C(N)=O)n(-c3cccnc3)c2C)ccnc1Cl,351.80
T8741,O=C(N/N=C/c1ccc([N+](=O)[O-])s1)c1cccc(F)c1,293.28
T8751,CNC(=O)CN1CCC(Oc2cc3c(Nc4cccc(Cl)c4F)ncnc3cc2OC)CC1.O=C(O)/C=C/C(=O)O.O=C(O)/C=C/C(=O)O,706.08
T87661,CN1C(=O)[C@@H](NC(=O)c2nnc(Cc3ccccc3)[nH]2)COc2ccc(C#CC3CC3)cc21,441.49
T8775,CCN(CC)C(=O)N[C@H]1C=C2c3cccc4[nH]cc(c34)C[C@H]2N(C)C1.O=C(O)/C=C\C(=O)O,454.53
T8787,CCOc1ccc(/C=C2\NCCc3cc(OCC)c(OCC)cc32)cc1OCC.Cl,433.98
T87947,O=C(O)CCCCCN1C(=O)/C(=C2\C(=O)N(CC(=O)O)c3ccccc32)SC1=S,434.50
T8796,Nc1n[nH]c(N)c1/N=N/c1ccc(O)cc1,218.22
T8799,COc1cc(Br)cc(/C=C2/NC(=S)NC2=O)c1O,329.18
T8800,O=C(N/N=C/c1c(O)ccc2ccccc12)c1ccccc1O,306.32
T8815,O=C1CN(/N=C/c2ncc(-c3ccc(Br)cc3)o2)C(=O)N1,349.14
T8827,CCn1c(-c2ccc(Cl)cc2Cl)cs/c1=N/c1ccc(S(N)(=O)=O)cc1,428.37
T88314,CN1C/C(=C\c2ccccn2)C(=O)/C(=C/c2ccccn2)C1,291.35
T8836,CCN(CC)CC.CC[N+]1=C(/C=C/C=C/C=C2/N(CCCCCC(=O)ON3C(=O)CCC3=O)c3ccc(S(=O)(=O)O)cc3C2(C)C)C(C)(C)c2cc(S(=O)(=O)[O-])ccc21,855.09
T8839,COc1ccccc1-n1c(/C=C/c2ccc(O)c(O)c2)nc2ccccc2c1=O,386.41
T88407,CC/C=C\C/C=C\C/C=C\CCCCCCCCO,264.45
T8846,C/C=C(\C)C(=O)OC1[C@H](OC(C)=O)C2(CO)C(CC1(C)C)C1=CCC3C4(C)CCC(O[C@@H]5O[C@H](C(=O)O)[C@@H](O[C@@H]6O[C@H](CO)[C@@H](O)[C@H](O)[C@H]6O)[C@H](O)[C@H]5O[C@H]5O[C@H](CO)[C@@H](O)[C@H](O)[C@H]5O)[C@](C)(CO)C4CCC3(C)[C@]1(C)C[C@H]2O,1131.27
T8847,CCO.C[C@@H](c1nc(-c2ccc(C#N)cc2)cs1)[C@@](Cn1cncn1)(OCOP(=O)(O)O)c1ccc(F)cc1F.NCCCC[C@H](N)C(=O)O,739.74
T8848,O=C(/C=C/c1ccc(-c2ccc(Cl)cc2)cc1)NC(Cc1ccc(OCc2ccccc2)cc1)C(=O)O,512.01
T8849,C#CCNCc1cc2cc(OCc3ccccc3)ccc2[nH]1,290.37
T8852,CC(=O)O[C@H]1[C@H](OCCc2ccc(O)c(O)c2)O[C@H](COC(=O)/C=C/c2ccc(O)c(O)c2)[C@@H](O)[C@@H]1O[C@@H]1O[C@@H](C)[C@H](O)[C@@H](O)[C@H]1O,666.63
T8857,COc1ccc(C/C(=C/F)CN)cc1.Cl,231.70
T8862,CC1(NC(=O)c2ccc(C#Cc3cccc(F)c3)cn2)COC1,310.33
T8871,O=c1c2cc(F)ccc2nc(/C=C/c2ccc([N+](=O)[O-])o2)n1-c1ccccc1,377.33
T8876,N#Cc1ccc(COc2cccc(C3CCN(Cc4nc5ccc(C(=O)O)cc5n4C[C@@H]4CCO4)CC3)n2)c(F)c1.NC(CO)(CO)CO,676.75
T8879,N#Cc1ccc(C(=O)N(Cc2cccs2)C2CC2)cc1,282.37
T8880,CC(C)CN1C(=O)/C(=C/c2ccc(O)cc2)SC1=S,293.41
T8882,Cc1ccc(C(=O)NNC(=O)c2c(C)cccc2Cl)cc1C#Cc1cnc2ccccc2c1,453.93
T88834,CNS(=O)(=O)c1cccc(C(=O)N/N=C(\C)c2cc(Cl)ccc2O)c1,381.84
T8903,Cc1ccc(/C=N/c2ccccc2C(=O)Nc2ccccc2)s1,320.42
T8941,CN(C)C(=O)/N=N/C(=O)N(C)C,172.19
T8951,COc1ccccc1C(=O)/C=C/c1ccccc1C(=O)[O][Na],304.28
T8955,Cc1ccsc1C(=O)N/N=C/c1ccc2ccccc2c1O,310.38
T8958,C#CCCCn1cnc(N)c2nc(Sc3ccc(C)cc3C)nc1-2,337.45
T8983,N#Cc1nccnc1S(=O)(=O)c1cccs1,251.29
T8984,CC/C(=C(\c1ccccc1)c1ccc(OCCN(C)c2ccc([N+](=O)[O-])c3nonc23)cc1)c1ccccc1,520.59
T8986,C#Cc1ccc(NC(=O)c2cnn3c(C)cc(C)nc23)cc1,290.33
T9000,CC(C)(C)c1ccc(/C(=C/C(=O)N2CCOCC2)c2ccnc(Cl)c2)cc1,384.91
T9014,COc1ccc(-c2cc(C(=O)N/N=C(\C)c3ccc(OC)c(OC)c3)[nH]n2)cc1,394.43
T9025,CO/N=C1\C(=C2\C(=O)Nc3cc(Cl)c(Cl)cc32)Nc2ccccc21,360.20
T9026,O=C1C=Cc2ccccc2/C1=C/NNC(=O)c1ccc(O)cc1,306.32
T9049,Cl.NC(N)=NN=C(/C=C/c1ccc([N+](=O)[O-])o1)/C=C/c1ccc([N+](=O)[O-])o1,396.75
T9053,O=C(/N=c1\sccn1Cc1ccccc1)c1c[nH]c2ncccc12,334.40
T9059,N#Cc1ccc(C[C@H](NC(=O)OCC2c3ccccc3-c3ccccc32)C(=O)O)cc1,412.45
T9073,CC(C)(C)OC(=O)c1ccc(NC23CC4CC(CC(C4)C2)C3)c(/N=C\c2cncnc2)c1,432.57
T9078,Cc1cc(NC2CCN(C(=O)OC3CCN(C(=O)/C=C/CN(C)C)C3)CC2)n2ncc(C(C)C)c2n1,497.64
T9095,Cc1ccc(C2CC(=O)NC(SCC(=O)Nc3nccs3)=C2C#N)cc1,384.49
T9099,Cc1cc(/N=N/c2ccc(/N=N/c3ccccc3)cc2)ccc1O,316.36
T9105,COc1cc(C=C(C(=O)/C=C/c2ccc(OC)c(OC)c2)C(=O)/C=C/c2ccc(OC)c(OC)c2)ccc1O,530.57
T9174,NC(N)=N/N=C/c1ccccc1Cl,196.64
T9207,O=C1Nc2ccc(C(=O)c3ccco3)cc2/C1=C/c1cc(Cl)c(O)c(Cl)c1,400.22
T9223,N#Cc1cc(Cl)cc(Oc2c(Br)ccc(CC(=O)Nc3ccc(S(N)(=O)=O)cc3Cl)c2F)c1,573.23
T9224,CC1(C)c2cc(N3CCC(N4CCOCC4)CC3)ccc2C(=O)c2c1[nH]c1cc(C#N)ccc21,454.57
T9246,Cl.N#Cc1ncc(N2C(=O)C3(CCC3)N(c3ccc(OC4CCNCC4)nc3)C2=S)cc1C(F)(F)F,538.98
T9247,CC(C)c1nc2cc(O)ccc2c(=O)n1-c1ccc(C#N)cc1,305.34
T9249,CC(C)(C)OC(=O)N[C@H]1CCCCC/C=C\[C@@H]2C[C@@]2(C(=O)NS(=O)(=O)C2CC2)NC(=O)[C@@H]2C[C@@H](O)CN2C1=O,568.69
T9253,CC(=O)OC[C@H]1O[C@H](C#Cc2ccc3c(c2)C2(CCN(C(C)=O)CC2)c2cc(C#C[C@H]4O[C@H](COC(C)=O)[C@@H](OC(C)=O)[C@H](OC(C)=O)[C@@H]4OC(C)=O)ccc2-3)[C@@H](OC(C)=O)[C@@H](OC(C)=O)[C@@H]1OC(C)=O,985.99
T9262,CN(C)c1ccc(/C=C/c2c(F)cccc2Cl)cc1,275.75
T9271,O=c1c2ccccc2nc(/C=C/c2cccnc2)n1Cc1ccc(Cl)cc1,373.84
T9275,Cc1cccc(N(C)C(=O)[C@@H]2[C@H](O)CCN2c2nc(C)cc(C(F)(F)F)c2C#N)c1,418.42
T9282,O=C(O)CCCC(=O)N1Cc2ccccc2C#Cc2ccccc21,319.36
T9303,C#Cc1c(F)ccc2cc(O)cc(-c3ncc4c(N5CC6CCC(C5)N6)nc(OC[C@@]56CCCN5C[C@H](F)C6)nc4c3F)c12,600.65
T9306,CC(=O)N1CCN(CCOCc2ccn(-c3ccc(F)c(F)c3)n2)CC1.O=C(O)/C=C\C(=O)O,480.47
T9307,CS(=O)(=O)N1CCN(C(=O)CNC(=O)/C=C/c2ccc(Cl)c(Cl)c2)CC1,420.32
T9308,O.O=S(=O)([O-])c1cc(/N=C/c2ccccc2O)c2c(O)cc(S(=O)(=O)O)cc2c1.[Na+],463.42
T9320,COc1ccc(/C=C/C(=O)c2cc(OC)c(OC)c(OC)c2)cc1B(O)O,372.18
T9325,CO/N=C(\C(=O)O)c1csc(N)n1,201.21
T9351,CC(C)(C)[C@H](NC(=O)C(F)(F)F)C(=O)N1C[C@H]2[C@H]([C@H]1C(=O)N[C@H](C#N)C[C@@H]1CCNC1=O)C2(C)C,499.53
T9375,Cc1cc(C(=O)CN2CCC(O)CC2)c(C)n1-c1ccc(C#N)cc1,337.42
T9379,OCC(O)C(O)C1=[O]->[Mg+2]2(<-[O]=C([O-]->2)C(O)C(O)CO)<-[O-]1,294.50
T9389,C#CCOCCOCCOCCOCCOc1cccc2c1C(=O)N(C1CCC(=O)NC1=O)C2=O,488.49
T9393,CCN1c2cc(-c3nc4ccccc4s3)ccc2N(c2ccccc2)C1/C=C/N(C)c1ccccc1.I,616.57
T9394,COc1cc2c(cc1C(=O)Nc1ccc(C(C)(C)C#N)cc1)CCCCC2,362.47
T9403,C(#Cc1cc(C#Cc2ccncc2)cc(C#Cc2ccncc2)c1)c1ccncc1,381.44
T9406,O=C(/C=C/c1ccccc1)OCCc1ccccc1,252.31
T9423,C#CCCC(=O)NCCc1ccc(O)cc1,217.27
T9434,N#CC(O)c1cccc(Oc2ccccc2)c1,225.25
T9436,N#CC(C#N)N=Nc1ccccc1,170.18
T9445,COCc1ccc(NC(=O)c2c(C#CCN3CCOCC3)n(C3(C)CC3)c3ncnc(N)c23)cc1,474.57
T9449,NC(=O)N/N=C/c1ccc([N+](=O)[O-])o1,198.14
T9459,COC(=O)N1CCN(C(=O)Cc2ccc(Cl)c(Cl)c2)[C@H](CN2CCCC2)C1.O=C(O)/C=C/C(=O)O,530.41
T9512,CCCCC/C=C\C/C=C\CCCCCCCCO,266.47
T9570,N#Cc1ccc(N2C[C@H](N)C[C@H](C(F)(F)F)C2)c2cccnc12,320.32
T9573,CCc1c(C#N)c(SC(C(N)=O)c2ccccc2)nc(N2CCC(N)CC2)c1C#N,420.54
T9575,Cn1ncc(-c2ccc3c(=O)[nH]nc(CN)c3c2)c1-c1c(F)cc2ccccc2c1C#N,424.44
T9582,O=C(O)/C=C\C(=O)N1C/C(=C\c2ccccc2Cl)C(=O)/C(=C/c2ccccc2Cl)C1,442.30
T9585,Cc1cc(F)c(NC(=O)c2cccc(C(C)(C)C#N)c2)cc1-c1cnc2c(=O)n(C)ncc2c1,455.49
T9588,C=CCOc1ccccc1CCNC(=O)/C=C/c1c[nH]c2c(OC)cccc12,376.46
T9591,Cl.Cl.N=C(N)NN=Cc1cccc(/C=N/NC(=N)N)c1,319.20
T9594,N#Cc1ccc2c(c1)[C@H]1CCCN(C(=O)c3ccc4nc[nH]c4c3)[C@H]1C2,342.40
T9596,CC(=O)O.N=C(N)N/N=C/C=C/c1cccn1-c1ccccc1[N+](=O)[O-],358.36
T9601,CN1CCC(COc2cnc(-c3cccc(Cn4nc(-c5cccc(C#N)c5)ccc4=O)c3)nc2)CC1.Cl,529.04
T9612,N#Cc1ccc(Cn2ccc3c4c(N)nc(N)nc4ccc32)cc1,314.35
T9616,Cc1c(COc2cc(OCc3cccc(C#N)c3)c(CN[C@H](C(=O)O)[C@@H](C)O)cc2[N+](=O)[O-])cccc1-c1ccccc1,581.63
T9627,N#Cc1ccc(-c2cccc3ncnn23)cc1,220.23
T9675,CC(C)=CCC/C(C)=C/CC/C(C)=C/CC[C@]1(C)CCc2c(C)c(O)c(C)c(C)c2O1,424.67
T9679,N#Cc1c(NC(=O)c2cnccn2)sc2c1CCCC2,284.34
T9684,Cc1[nH]c(/C=C2\C(=O)Nc3ccccc32)c(C)c1CCC(=O)O,310.35
T9692,N#Cc1cccc(-c2ccc3ncc(-c4cc(F)cc(F)c4)c(N4CCC(N)CC4)c3c2)c1O,456.50
T9704,C#Cc1ccc2ccc3cccc4ccc1c2c34,226.28
T9716,Cn1cnc(Cn2c(=O)[nH]/c(=N\c3cc4cn(C)nc4cc3Cl)n(Cc3cc(F)c(F)cc3F)c2=O)n1,531.89
T9725,COc1ccc(/C=C2\SC(N)=NC2=O)cc1OC,264.31
T9752,CC1(C)NC(=O)c2ccc(-c3c[nH]c4c(C#N)cccc34)nc21,302.34
T9755,Cc1c(C#N)cccc1[C@@H](C)Nc1nnc(C)c2cnc(N3CCOCC3)cc12,388.48
T9764,N#CCc1ccc(-c2cccc3nc(NC(=O)C4CC4)cn23)c(F)c1,334.35
T9769,C[C@H](NS(=O)(=O)c1cc(C(=O)Nc2ccc(F)c(C#N)c2)n(C)c1)C(F)(F)F,418.37
T9826,CN(CCC#N)C1CCN(C(=O)Cn2cc(NC(=O)c3cnn4cccnc34)c(-c3cc(Cl)ccc3OC(F)F)n2)CC1,612.04
T9836,C/C(=N\Nc1nc2ccccc2n1C)c1ccccn1,265.32
T9855,N#C[C@H]1CC(F)(F)CN1C(=O)CNC(=O)c1csc(Cc2ccc(Cl)c(Cl)c2)n1,459.31
T9887,CCOC(=O)c1c(C)nc(-c2cccc(C#N)c2)n1OCc1ccc(C#N)cc1,386.41
T9893,C[C@@H](N)Cc1cc(C#N)c2c(c1)CCN2CCCOC(=O)c1ccccc1.O=C(O)[C@H](O)[C@@H](O)C(=O)O,513.55
T9896,COc1ccc2cccc(CC#N)c2c1,197.24
T9938,O=C(CCl)N[C@H](Cc1ccccc1)C(=O)N1C/C(=C\c2ccc(Cl)c(Cl)c2)C(=O)/C(=C/c2ccc(Cl)c(Cl)c2)C1,636.79
T9943,Cc1ccc(/C=C2\CCc3cc(C(=O)O)ccc3C2=O)cc1,292.33
T9963,COc1ccc(S(=O)(=O)N2CCc3cc(/C=C/C(=O)NO)cnc32)cc1,375.41
T9970,CCc1nc(N2CCOCC2)c(C#N)c2c1CCCC2,271.36
T9974,COc1cc(C2C(C#N)=C(N)Oc3cc4c(cc32)OCO4)cc(OC)c1OC,382.37
T9978,O=C(O)c1cc(/C=C/c2ccc(-c3ccccc3)cc2)ccc1O,316.36
T9989,Cc1ccc(C2C(C#N)=C(N)Oc3c2c(=O)oc2ccccc32)cc1,330.34
T9990,O=C1Nc2ccc(F)cc2/C1=N/NC(=O)c1ccc(O)cc1,299.26
T9992,COc1ccc(/C=C/C(=O)Nc2nccs2)cc1OC,290.34
TCP2830,CC(=O)OC/C=C(/C)CCC=C(C)C,196.29
TCS1554,CC(=O)/C=C/c1ccccc1,146.19
TD0091,CC[N+]1=C(/C=C/C=C/C=C2/N(CCCCCC(=O)O)c3ccc4c(S(=O)(=O)O)cc(S(=O)(=O)O)cc4c3C2(C)C)C(C)(C)c2c1ccc1c(S(=O)(=O)[O-])cc(S(=O)(=O)O)cc21,917.07
TD0093,Cc1cccc(/N=N/c2ccc(/N=N/c3c(O)ccc4ccccc34)c(C)c2C)c1C,408.51
TD0094,O=S(=O)(O)c1cc(/N=C/c2ccccc2O)c2c(O)cc(S(=O)(=O)[O][Na])cc2c1,445.41
TD0106,CC1(C)C(/C=C/C2=C(Cl)C(=C/C=C3\N(CCCCS(=O)(=O)[O-])c4ccccc4C3(C)C)/CCC2)=[N+](CCCCS(=O)(=O)[O-])c2ccccc21.[Na+],749.37
TF0061,CCCCCCCC/C=C\CCCCCCCC(=O)O[C@H](COC(=O)CCCCCCCCCCCCCCC)COP(=O)(O)OC[C@H](N)C(=O)[O-].[Na+],784.00
TF0085,CCCCCCCC/C=C\CCCCCCCC(=O)O[C@H](COC(=O)CCCCCCCCCCCCCCC)COP(=O)([O-])OCC(O)CO.[Na+],771.00
TJS0387,COc1ccc(/C=C/c2cc(O)cc(O[C@@H]3O[C@H](CO)[C@@H](O)[C@H](O)[C@H]3O)c2)cc1,404.42
TL0005,O=C(/C=C/c1ccc(O)c(O)c1)O[C@@H]1C[C@](O)(C(=O)O)C[C@@H](OC(=O)/C=C/c2ccc(O)c(O)c2)[C@H]1O,516.46
TL0006,O=C(/C=C/c1ccc(O)c(O)c1)O[C@@H](C(=O)O)[C@@H](OC(=O)/C=C/c1ccc(O)c(O)c1)C(=O)O,474.37
TL0007,O=C(/C=C/c1ccc(O)cc1)CC(=O)/C=C/c1ccc(O)cc1,308.33
TL0010,COc1cc(/C=C/CO)ccc1O,180.20
TL0016,CS(=O)/C=C/CCN=C=S,175.28
TMA0424,COc1ccc(CCO[C@@H]2O[C@H](CO)[C@@H](OC(=O)/C=C/c3ccc(O)c(OC)c3)[C@H](O[C@@H]3O[C@@H](C)[C@H](O)[C@@H](O)[C@H]3O)[C@H]2O)cc1O,652.65
TMA2474,CC(C)=CCC/C(C)=C/CC/C(C)=C/CC[C@]1(C)CCc2cc(O)cc(C)c2O1,396.62
TMIH-0092,[2H][13C]([2H])([2H])NC(=O)c1ccc(N2C(=S)N(c3cnc(C#N)c(C(F)(F)F)c3)C(=O)C23CCC3)cc1F,481.45
TMS1461,CO[C@H]1C[C@H](O[C@H]2CC[C@@]3(C)C(=CC[C@]4(O)[C@@H]3C[C@@H](OC(=O)/C=C(\C)C(C)C)[C@@]3(C)[C@]4(O)CC[C@@]3(O)C(C)=O)C2)O[C@H](C)[C@H]1O[C@H]1C[C@H](OC)[C@H](O[C@H]2C[C@@H](OC)[C@H](O)[C@@H](C)O2)[C@@H](C)O1,923.15
TMS2181,C/C(=C\CNc1ncnc2[nH]cnc12)CO,219.25
TMS2182,C/C(=C\CNc1ncnc2c1ncn2[C@@H]1O[C@H](CO)[C@@H](O)[C@H]1O)CO,351.36
TN1008,O=C(O)/C=C\c1cc2ccoc2cc1O[C@@H]1O[C@H](CO)[C@@H](O)[C@H](O)[C@H]1O,366.32
TN1013,CC(C)(O)/C=C/C(=O)[C@](C)(O)[C@H]1[C@H](O)C[C@@]2(C)[C@@H]3CC=C4[C@@H](C[C@H](O)C(=O)C4(C)C)[C@]3(C)C(=O)C[C@]12C,516.68
TN1018,C/C=C(/C)C(=O)Oc1c(OC)c(OC)cc2c1-c1c(cc(OC)c(OC)c1OC)C[C@](C)(O)[C@@H](C)C2,500.59
TN1029,C/C(=C/CC[C@]1(CO)CC[C@]2(C)[C@H](CC[C@@H]3[C@@]4(C)CC[C@H](O[C@@H]5O[C@H](CO)[C@@H](O)[C@H](O)[C@H]5O[C@@H]5O[C@H](CO)[C@@H](O)[C@H](O)[C@H]5O)[C@@](C)(CO[C@@H]5O[C@H](CO)[C@@H](O)[C@H](O)[C@H]5O)[C@@H]4CC[C@]32C)[C@H]1O)CO,979.16
TN1030,O=C(/C=C/c1ccc(O)cc1)NCCc1ccc(O)cc1,283.33
TN1032,C/C=C1/CN2CCc3c([nH]c4ccccc34)[C@@H]2C[C@@H]1/C(=C/OC)C(=O)OC,366.46
TN1047,C/C=C(/C)C(=O)O[C@H]1C(C)=C[C@]23C(=O)[C@H](C=C(CO)[C@@H](O)[C@]12O)[C@H]1[C@@H](C[C@H]3C)C1(C)C,430.54
TN1051,O=C(/C=C/c1ccc(O)c(O)c1)O[C@]1(C(=O)O)C[C@@H](O)[C@H](O)[C@H](O)C1,354.31
TN1061,C/C(=C\CC[C@@H](C)[C@H]1CC[C@@]2(C)C3=CC[C@H]4C(C)(C)[C@@H](O)CC[C@]4(C)C3=CC[C@]12C)CO,440.71
TN1065,CC[C@H]1CN2CCc3c([nH]c4ccccc34)[C@H]2C[C@@H]1/C(=C\OC)C(=O)OC,368.48
TN1074,C/C=C1/[C@H](O[C@@H]2O[C@H](CO)[C@@H](O)[C@H](O)[C@H]2O)OC=C(C(=O)OC)[C@H]1CC(=O)OC[C@H]1O[C@@H](OCCc2ccc(OC(=O)C[C@@H]3C(C(=O)OC)=CO[C@@H](O[C@@H]4O[C@H](CO)[C@@H](O)[C@H](O)[C@H]4O)/C3=C/C)cc2)[C@H](O)[C@@H](O)[C@@H]1O,1073.01
TN1076,C/C=C1/[C@H](O[C@@H]2O[C@H](CO)[C@@H](O)[C@H](O)[C@H]2O)OC=C(C(=O)OC)[C@H]1CC(=O)OC[C@H]1O[C@@H](OCCc2ccc(O)cc2)[C@H](OC(=O)C[C@@H]2C(C(=O)OC)=CO[C@@H](O[C@@H]3O[C@H](CO)[C@@H](O)[C@H](O)[C@H]3O)/C2=C/C)[C@@H](O)[C@@H]1O,1073.01
TN1078,C=C1C/C(=C/C)C(=O)O[C@@H]2CCN3CC=C(COC(=O)[C@]1(C)O)[C@H]23,333.38
TN1079,C=C(C)C(=O)O[C@H]1CC2=C[C@@H](C/C(C)=C\[C@H]3OC(=O)C(=C)[C@H]13)OC2=O,344.36
TN1081,C=C[C@H]1CN2CCc3c([nH]c4ccccc34)[C@H]2C[C@@H]1/C(=C\OC)C(=O)OC,366.46
TN1089,C/C=C/C=C/C=C/CC/C=C/C(=O)NCC(C)(C)O,263.38
TN1093,CC(C)=CC/C=C(\C)[C@H]1CC[C@]2(C)[C@@H]1[C@H](O)C[C@@H]1[C@@]3(C)CC[C@H](O)C(C)(C)[C@@H]3[C@@H](O[C@@H]3O[C@H](CO)[C@@H](O)[C@H](O)[C@H]3O[C@@H]3O[C@@H](C)[C@H](O)[C@@H](O)[C@H]3O)C[C@]12C,767.01
TN11092,COC(=O)C1=CO[C@@H](O[C@@H]2O[C@H](CO)[C@@H](O)[C@H](O)[C@H]2O)[C@@H]2C(CO)=C[C@@H](OC(=O)/C=C/c3ccc(O)cc3)[C@H]12,550.51
TN1112,CC(C)=CCc1c2c(c(O)c3c1O[C@]14C(=C[C@H]5C[C@H]1C(C)(C)O[C@@]4(C/C=C(/C)C(=O)O)C5=O)C3=O)C=CC(C)(C)O2,560.64
TN1115,CC(=O)C[C@]12CCC(C)=CC[C@]13CC[C@@]2(C)[C@@](C)(/C=C/C=C(\C)C(=O)O[C@@H]1O[C@H](CO)[C@@H](O)[C@H](O)[C@H]1O)OC3=O,562.66
TN1122,C=C[C@H]1[C@H](O[C@@H]2O[C@H](CO)[C@@H](O)[C@H](O)[C@H]2O)OC=C(C(=O)O[C@H]2C[C@@H]3C(C(=O)OC)=CO[C@@H](O[C@@H]4O[C@H](CO)[C@@H](O)[C@H](O)[C@H]4O)[C@@H]3[C@H]2C)[C@H]1C/C=C(/C=O)[C@@H]1C(C(=O)O[C@@H]2C[C@@H]3C(C(=O)OC)=CO[C@@H](O[C@@H]4O[C@H](CO)[C@@H](O)[C@H](O)[C@H]4O)[C@@H]3[C@@H]2C)=CO[C@@H](O[C@@H]2O[C@H](CO)[C@@H](O)[C@H](O)[C@H]2O)[C@@H]1C=C,1475.41
TN1123,C=C[C@H]1[C@H](O[C@@H]2O[C@H](CO)[C@@H](O)[C@H](O)[C@H]2O)OC=C(C(=O)O[C@H]2C[C@@H]3C(C(=O)OC)=CO[C@@H](O[C@@H]4O[C@H](CO)[C@@H](O)[C@H](O)[C@H]4O)[C@@H]3[C@H]2C)[C@H]1C/C=C(\C=O)[C@@H]1C(C(=O)O[C@H]2C[C@@H]3C(C(=O)OC)=CO[C@@H](O[C@@H]4O[C@H](CO)[C@@H](O)[C@H](O)[C@H]4O)[C@@H]3[C@H]2C)=CO[C@@H](O[C@@H]2O[C@H](CO)[C@@H](O)[C@H](O)[C@H]2O)[C@@H]1C=C,1475.41
TN11233,COc1cc(/C=C/C(=O)COC(=O)/C=C/c2ccc(O)c(OC)c2)ccc1O,384.38
TN1125,C/C=C1/[C@H](O[C@@H]2O[C@H](CO)[C@@H](O)[C@H](O)[C@H]2O)OC=C(C(=O)OC)[C@H]1CC(=O)OC[C@H]1O[C@@H](OCCc2ccc(O)c(O)c2)[C@H](O)[C@@H](O)[C@@H]1O,702.66
TN1127,O=C(/C=C/c1ccc(O)c(O[C@@H]2O[C@H](CO)[C@@H](O)[C@H](O)[C@H]2O)c1)O[C@H](Cc1ccc(O)c(O)c1)C(=O)O,522.46
TN1140,COc1ccc(/C=C/C(=O)O[C@@H]2[C@H](O[C@@H]3O[C@@H](C)[C@H](O)[C@@H](O)[C@H]3O)[C@@H](O[C@@H]3O[C@@H](C)[C@H](O[C@@H]4OC[C@@H](O[C@@H]5O[C@H](CO)[C@H](O)[C@H](O)[C@H]5O)[C@H](O)[C@H]4O)[C@@H](O)[C@H]3O)[C@H](OC(=O)[C@]34CCC(C)(C)C[C@H]3C3=CC[C@@H]5[C@@]6(C)C[C@H](O)[C@H](O[C@@H]7O[C@H](CO)[C@@H](O)[C@H](O)[C@H]7O)[C@@](C)(C(=O)O)[C@@H]6CC[C@@]5(C)[C@]3(CO)CC4)O[C@@H]2C)cc1,1573.69
TN1141,C=C(C)C(=O)O[C@H]1CC2=C[C@H](C/C(C)=C\[C@H]3OC(=O)C(=C)[C@H]13)OC2=O,344.36
TN1148,O=C(O)/C=C\c1ccc2occc2c1O[C@@H]1O[C@H](CO)[C@@H](O)[C@H](O)[C@H]1O,366.32
TN1170,O=C(/C=C/c1ccccc1)N1CCCC1,201.27
TN1171,CCCCCC(=O)CC(=O)/C=C/c1ccc(O)c(OC)c1,290.36
TN1192,C/C=C1/CN2[C@H]3Cc4c([nH]c5ccccc45)[C@]2(O)C[C@@H]1[C@@]3(CO)C(=O)OC,368.43
TN1196,C/C1=C/C2C(C/C=C(/CO)C(O)C3C(O)C(C)CC3(O)C1=O)C2(C)C,350.46
TN1252,CC(C)=CCC/C(C)=C/Cc1c(O)ccc(-c2oc3cc(O)cc(O)c3c(=O)c2CC=C(C)C)c1O,490.60
TN1261,COC(=O)[C@]1(O)C[C@@H](O)[C@@H](O)[C@H](OC(=O)/C=C/c2ccc(O)c(O)c2)C1,368.34
TN1295,O=C(/C=C/c1ccc(O)c(O)c1)O[C@@H]1CC(C(=O)O)=C[C@@H](O)[C@H]1O,336.30
TN1320,O=C(/C=C/c1ccc(O)c(O)c1)OC[C@H]1O[C@@H](Oc2ccc(O)cc2)[C@H](O)[C@@H](O)[C@@H]1O,434.40
TN1352,CCCCC/C=C\C/C=C\CCCCCCCC(=O)NCc1cccc(OC)c1,399.62
TN1353,CCCCC/C=C\C/C=C\CCCCCCCC(=O)NCc1ccccc1,369.59
TN1358,C/C=C(\C)C(=O)O[C@H]1[C@H](OC(C)=O)[C@]2(CO)[C@H](O)C[C@]3(C)C(=CC[C@@H]4[C@@]5(C)CC[C@H](O[C@@H]6O[C@H](C(=O)O)[C@@H](O[C@@H]7O[C@H](CO)[C@@H](O)[C@H](O)[C@H]7O)[C@H](O)[C@H]6O[C@@H]6OC[C@@H](O)[C@H](O)[C@H]6O)[C@](C)(CO)[C@@H]5CC[C@]43C)[C@@H]2CC1(C)C,1101.24
TN1370,COc1cc(S(=O)(=O)[O-])c(C)cc1/N=N/c1c(O)ccc2cc(S(=O)(=O)[O-])ccc12.[Na+].[Na+],496.43
TN1373,C/C1=C\CC/C(C)=C/CC(C)(C)/C=C/C1,204.36
TN1377,CC[C@H](/C=C/[C@@H](C)[C@H]1CC[C@H]2C3=CC[C@H]4C[C@@H](O)CC[C@]4(C)[C@H]3CC[C@]12C)C(C)C,412.70
TN1390,C/C=C(/C)C(=O)OC1c2cc(OC)c(OC)c(OC)c2-c2c(cc(OC)c(OC)c2OC)CC(C)C1(C)O,530.61
TN1412,OC[C@H]1O[C@@H](Oc2cc(O)cc(/C=C/c3ccc(O)c(O)c3)c2)[C@H](O)[C@@H](O)[C@@H]1O,406.39
TN1417,C/C=C(\C)C(=O)O[C@H]1C[C@@H](OC(C)=O)[C@@]2(C(=O)OC)CO[C@H]3[C@@H](O)[C@@](C)([C@]45O[C@@]4(C)[C@H]4C[C@@H]5O[C@@H]5OC=C[C@@]54O)[C@H]4[C@]1(CO[C@]4(O)C(=O)OC)[C@@H]32,720.72
TN1445,CC(C)=C/C=C1\O[C@H]2CC(C)=CC(=O)[C@H]2[C@@]1(C)O,248.32
TN1449,CC(=O)O[C@H]1[C@H](OCCc2ccc(O)c(O)c2)O[C@H](CO[C@@H]2O[C@@H](C)[C@H](O)[C@@H](O)[C@H]2O)[C@@H](OC(=O)/C=C/c2ccc(O)c(O)c2)[C@@H]1O[C@@H]1O[C@@H](C)[C@H](O)[C@@H](O)[C@H]1O,812.77
TN1450,CC(C)[C@@H](C)/C=C/[C@@H](C)[C@H]1CC[C@H]2[C@@H]3CC=C4C[C@@H](O)CC[C@]4(C)[C@H]3CC[C@]12C,398.68
TN1453,COC(=O)[C@@]12OC[C@]34[C@H]([C@@H](O)[C@@H]1O)[C@@]1(C)CC(=O)C(O)=C(C)[C@@H]1C[C@H]3OC(=O)[C@H](OC(=O)/C=C(\C)C(C)(C)OC(C)=O)[C@@H]24,606.62
TN1465,CCCCCc1cc(O)c(C/C=C(\C)CCC=C(C)C)c(O)c1,316.49
TN1474,COn1cc(CC#N)c2ccccc21,186.21
TN1503,C[C@@H]1O[C@@H](O[C@@H]([C@H](OC(=O)/C=C/c2ccc(O)c(O)c2)[C@H](O)CO)[C@@H](O)C=O)[C@H](O)[C@H](O)[C@H]1O,488.44
TN1507,C[C@@H]1O[C@@H](OC[C@H]2O[C@@H](O[C@H]3[C@H](O)[C@@H](O)[C@H](O[C@@H]4CO[C@@H](O[C@@H]5[C@@H](O)[C@H](C)O[C@@H](O[C@H]6[C@H](O[C@H]7CC[C@]8(C)[C@H]9CC=C%10[C@@H]%11CC(C)(C)CC[C@]%11(C(=O)O[C@@H]%11O[C@H](CO[C@@H]%12O[C@H](CO)[C@@H](O[C@@H]%13O[C@@H](C)[C@H](O)[C@@H](O)[C@H]%13O)[C@H](O)[C@H]%12O)[C@@H](O)[C@H](O)[C@H]%11O)CC[C@@]%10(C)[C@]9(C)CC[C@H]8C7(C)C)OC[C@H](O)[C@@H]6O)[C@@H]5O)[C@H](O)[C@@H]4O)O[C@@H]3CO)[C@H](O)[C@@H](O)[C@@H]2O)[C@H](O)[C@H](O)[C@H]1O,1807.93
TN1557,C/C=C(/C)C(=O)O[C@H]1Cc2cc3ccc(=O)oc3cc2OC1(C)C,328.36
TN1623,C/C=C(/C)C(=O)O[C@H]1[C@H](OC(C)=O)[C@]2(CO)[C@H](O)C[C@]3(C)C(=CC[C@@H]4[C@@]5(C)CC[C@H](O[C@@H]6O[C@H](C(=O)O)[C@@H](O[C@@H]7O[C@H](CO)[C@@H](O)[C@H](O)[C@H]7O)[C@H](O)[C@H]6O[C@@H]6OC[C@@H](O)[C@H](O)[C@H]6O)[C@](C)(CO)[C@@H]5CC[C@]43C)[C@@H]2CC1(C)C,1101.24
TN1631,C=C1C(=O)O[C@@H]2/C=C(\C)[C@@H](O)C/C=C(\C)C[C@@H](OC(=O)/C(C)=C/CO)[C@@H]12,362.42
TN1633,CC(=O)OC/C1=C/[C@H]2[C@@H](OC(=O)/C=C/c3ccccc3)[C@@H](C)C[C@]2(OC(C)=O)C(=O)/C(C)=C\[C@@H]2[C@H](CC1)C2(C)C,548.68
TN1634,CC(=O)OC/C1=C/C[C@H]2[C@@H](/C=C(\C)C(=O)[C@@]3(OC(C)=O)C[C@H](C)[C@H](OC(=O)c4ccccc4)[C@@H]3[C@H]1OC(C)=O)C2(C)C,580.67
TN1635,C=C1CC[C@H]2[C@@H](/C=C(/C)C(=O)[C@@]3(OC(C)=O)C[C@H](C)[C@H](OC(=O)c4cccnc4)[C@@H]3[C@H]1OC(C)=O)C2(C)C,523.63
TN1643,COc1cc(/C=C/C(N)=O)ccc1O,193.20
TN1651,C/C1=C/Cc2c(C)coc2C/C(C)=C\CC1,216.32
TN1656,C/C(=C/C(=O)CC(C)C(=O)O)C1CC(O)C2(C)C3=C(C(=O)CC12C)C1(C)CCC(=O)C(C)(C)C1CC3O,514.66
TN1727,COc1cc(O)cc(O)c1C(=O)/C=C/c1ccc(O)cc1,286.28
TN1744,C/C(=C/CC[C@]1(CO)CC[C@]2(C)[C@H](CC[C@@H]3[C@@]4(C)CC[C@H](O[C@@H]5O[C@H](CO)[C@@H](O)[C@H](O)[C@H]5O[C@@H]5OC[C@@H](O)[C@H](O)[C@H]5O)[C@@](C)(CO[C@@H]5O[C@H](CO)[C@@H](O)[C@H](O)[C@H]5O)[C@@H]4CC[C@]32C)[C@H]1O)CO,949.14
TN1764,CC(=O)O[C@H]1CC/C(C)=C/CC/C(C)=C\C[C@]2(C(C)C)CC[C@@]1(C)O2,348.53
TN1774,CC1(C)C=Cc2c(ccc(C(=O)/C=C/c3ccc(O)cc3)c2O)O1,322.36
TN1776,CC(=O)OC(C)(C)/C=C/C(=O)[C@](C)(O)[C@H]1[C@H](O)C[C@@]2(C)[C@@H]3CC=C4[C@@H](CC(=O)[C@@H](O)C4(C)C)[C@]3(C)C(=O)C[C@]12C,558.71
TN1777,C/C=C(/C)C(=O)O[C@H]1[C@H](O)[C@]2(COC(C)=O)[C@H](O)C[C@]3(C)C(=CC[C@@H]4[C@@]5(C)CC[C@H](O[C@@H]6O[C@H](C(=O)O)[C@@H](O[C@@H]7O[C@H](CO)[C@@H](O)[C@H](O)[C@H]7O)[C@H](O)[C@H]6O[C@@H]6O[C@H](CO)[C@@H](O)[C@H](O)[C@H]6O)[C@](C)(CO)[C@@H]5CC[C@]43C)[C@@H]2CC1(C)C,1131.27
TN1848,CC(C)=CCC/C(C)=C/Cc1cc([C@@H]2CC(=O)c3c(O)cc(O)cc3O2)c(O)cc1O,424.49
TN1876,C/C=C/C#CC#C[C@@H](O)[C@@H](/C=C/CCCO)O[C@@H]1O[C@H](CO[C@@H]2O[C@H](CO)[C@@H](O)[C@H](O)[C@H]2O)[C@@H](O)[C@H](O)[C@H]1O,558.58
TN1911,O=C(/C=C/c1ccc(O)c(O)c1)c1ccc(O[C@@H]2O[C@H](CO)[C@@H](O)[C@H](O)[C@H]2O)c(O)c1O,450.40
TN1923,COC[C@@]12CN(C)C3C4[C@H](OC)C1C3([C@@H](OC)C[C@H]2O)[C@@H]1C[C@]2(O)[C@H](O)[C@@H]1[C@]4(O)[C@@H](O)[C@@H]2OC,485.57
TN1926,COC(=O)/C=C/c1ccc(O)c(O)c1,194.19
TN1928,COC(=O)[C@@H](Cc1ccc(O)c(O)c1)OC(=O)/C=C/c1ccc(O)c(O)c1,374.35
TN1932,C/C=C(\C)C(=O)O[C@H]1[C@@H]2[C@H](C)C(=O)O[C@@H]2C[C@@H](C)[C@@H]2C=CC(=O)[C@]21C,346.42
TN1965,CC/C=C\C/C=C\C/C=C\CCCCCCCC(=O)NCc1ccccc1,367.58
TN1966,CCCCCCCC/C=C\CCCCCCCC(=O)NCc1cccc(OC)c1,401.64
TN1968,COc1cc(/C=C/C(=O)NCC(O)c2ccc(O)cc2)ccc1O,329.35
TN1969,O=C(/C=C/c1ccc(O)cc1)NCCc1c[nH]c2ccc(O)cc12,322.36
TN1970,O=C(/C=C/c1ccc(O)cc1)NCC(O)c1ccc(O)cc1,299.33
TN1984,O=C(/C=C/c1ccc(O)cc1)c1ccc(O[C@@H]2O[C@H](CO)[C@@H](O)[C@H](O)[C@H]2O)cc1O,418.40
TN2008,O=C(/C=C/c1ccc(O)c(O)c1)c1ccc(O)c(O)c1O,288.25
TN2020,CC(=O)/C=C/c1ccc(O)c(O)c1,178.19
TN2029,COc1cc(/C=C/c2ccc(O)cc2)oc(=O)c1,244.25
TN2030,COc1cc(/C=C/C(=O)OCCc2ccc(O)cc2)ccc1O,314.34
TN2068,C/C=C1/CN2[C@@H]3C[C@@]45c6ccccc6N[C@]4(O3)[C@@H]2C[C@@H]1[C@H]5C(=O)OC,338.41
TN2072,O=C(/C=C/c1ccc(O)cc1)OC[C@H]1O[C@@H](O[C@@H]2OC=C[C@H]3[C@H](O)[C@@H]4O[C@]4(CO)[C@@H]23)[C@H](O)[C@@H](O)[C@@H]1O,508.48
TN2078,O=C(/C=C/c1ccccc1)c1c(O)cc(O)cc1O,256.26
TN2083,COc1cc(O)c(C(=O)/C=C/c2ccccc2)c(O)c1,270.28
TN2085,CC(C)CNC(=O)/C=C/C=C/c1ccc2c(c1)OCO2,273.33
TN2086,COc1ccc(/C=C/C(=O)N2CCCC2)cc1,231.29
TN2098,C/C=C(/C)C(=O)O[C@@H]1c2c(ccc3ccc(=O)oc23)OC(C)(C)[C@@H]1OC(=O)/C(C)=C\C,426.47
TN2110,N#C[C@H](O[C@@H]1O[C@H](CO)[C@@H](O)[C@H](O)[C@H]1O)c1ccccc1,295.29
TN2139,CC(=O)OC[C@@H](COC(=O)/C=C/c1ccc(O)cc1)O[C@@H]1O[C@H](CO)[C@@H](O)[C@H](O)[C@H]1O,442.42
TN2144,OC[C@H]1O[C@@H](Oc2ccc(/C=C/c3cc(O)cc(O)c3)cc2)[C@H](O)[C@@H](O)[C@@H]1O,390.39
TN2206,O=C(/C=C/c1ccc(O[C@@H]2O[C@H](CO)[C@@H](O)[C@H](O)[C@H]2O)cc1)OCc1ccc(O[C@@H]2O[C@H](CO)[C@@H](O)[C@H](O)[C@H]2O)cc1,594.57
TN2244,O=C1/C(=C/c2ccc(O)c(O)c2)Oc2cc(O)ccc21,270.24
TN2245,O=S(=O)([O-])c1ccc(/N=N/c2c(O)ccc3cc(S(=O)(=O)[O-])ccc23)cc1.[Na+].[Na+],452.38
TN2258,O=C([O-])C1=NN(c2ccc(S(=O)(=O)[O-])cc2)C(=O)C1/N=N/c1ccc(S(=O)(=O)[O-])cc1.[Na+].[Na+].[Na+],534.37
TN2269,COc1ccc(/C=C/C(=O)C(C)(C)C(=O)/C=C/c2ccc(OC)c(OC)c2)cc1OC,424.49
TN2272,C/C=C(\C)C(=O)Oc1c(OC)c(OC)cc2c1-c1c(cc(OC)c(OC)c1OC)C[C@](C)(O)[C@@H](C)C2,500.59
TN2276,CCC/C=C1\OC(=O)C2=C[C@H]3CC[C@]21[C@]1(OC(=O)C2=C1CCC=C2)[C@@H]3CCC,380.48
TN2281,COc1cc(/C=C/C=O)cc(OC)c1O,208.21
TN2320,COC(=O)[C@@]12OC[C@]34[C@H]([C@@H](O)[C@@H]1O)[C@@]1(C)C=C(O[C@@H]5O[C@H](CO)[C@@H](O)[C@H](O)[C@H]5O)C(=O)[C@@H](C)[C@@H]1C[C@H]3OC(=O)[C@H](OC(=O)/C=C(\C)C(C)(C)OC(C)=O)[C@@H]24,768.76
TN2326,CCC/C=C1\OC(=O)c2ccccc21,188.23
TN2341,CC(=O)OC(C)(C)/C=C/C(=O)[C@](C)(O)[C@H]1[C@H](O)C[C@@]2(C)[C@@H]3CC=C4[C@@H](C[C@H](O)[C@@H](O)C4(C)C)[C@]3(C)C(=O)C[C@]12C,560.73
TN2358,OCC1OC(OC2(COC3(COC4(COC5(COC6(COC7(COC8(COC9(COC%10(CO)OC(CO)C(O)C%10O)OC(CO)C(O)C9O)OC(CO)C(O)C8O)OC(CO)C(O)C7O)OC(CO)C(O)C6O)OC(CO)C(O)C5O)OC(CO)C(O)C4O)OC(CO)C(O)C3O)OC(CO)C(O)C2O)C(O)C(O)C1O,1639.43
TN2366,O=C(O)C/C=C(\CC(=O)O)C(=O)O,188.13
TN2372,CC/C=C\C/C=C\C/C=C\CCCCCCCC(=O)OCC,306.49
TN2429,COc1cc(COC(=O)CCCC/C=C/C(C)C)ccc1O,306.40
TN2999,CC(=O)/C=C/C1=C(C)CCCC1(C)C,192.30
TN3033,COc1ccc(/C=C/C(=O)c2ccc(O)cc2)c(OC)c1,284.31
TN3049,COc1ccc(/C=C/CO)cc1,164.20
TN3131,O=C(/C=C/c1ccccc1)O[C@H]1C[C@](O)(C(=O)O)C[C@H](O)[C@H]1O,322.31
TN3340,CC(=O)OC/C=C/C#CC#C/C=C/c1ccco1,240.26
TN3594,CCCCCC/C=C\CCCCCCCc1cccc(O)c1,302.50
TN3651,O=c1ccc2cc(O)c(O[C@@H]3O[C@H](CO)[C@@H](O)[C@H](O)[C@H]3O)cc2o1,340.28
TN3741,COc1cc(/C=C/C2=CC(=O)CC(c3ccc(O)c(OC)c3)O2)ccc1O,368.39
TN3820,C/C(=C\C=C\[C@@]1(C)OC(=O)[C@]23CC=C(C(=O)O)CC[C@]2(O)[C@H]1CC3)C(=O)O,376.41
TN3879,CCCCCCCCCCCCCCCCCCCCCCOC(=O)/C=C/c1ccc(O)c(O)c1,488.75
TN3907,COc1cc(O)cc(/C=C/c2ccccc2)c1,226.28
TN3987,O=C(/C=C/c1ccc(O)c(O)c1)c1c(O)cc(O)cc1O,288.25
TN4220,COc1cc(/C=C/C(=O)c2ccc(O)cc2O)ccc1O,286.28
TN4431,COc1cc(/C=C/C(=O)O[C@H]2[C@H](O[C@@H]3O[C@@H](C)[C@H](O)[C@@H](O)[C@H]3O)[C@@H](O)[C@H](OCCc3ccc(O)c(O)c3)O[C@@H]2CO)ccc1O,638.62
TN4562,C/C=C1/[C@H](O[C@@H]2O[C@H](CO)[C@@H](O)[C@H](O)[C@H]2O)OC=C(C(=O)OC)[C@H]1CC(=O)O,404.37
TN4617,COc1cc(/C=C/C(=O)NCCc2ccc(O)c(OC)c2)ccc1O,343.38
TN4618,COc1cc(/C=C/C(=O)NCCc2ccc(O)cc2)cc(OC)c1O,343.38
TN5027,COc1cc(/C=C/C=O)cc(OC)c1O[C@@H]1O[C@H](CO)[C@@H](O)[C@H](O)[C@H]1O,370.35
TN5162,CCC/C=C/CO,100.16
TN5166,C/C=C/c1ccc(OC)c(OC)c1,178.23
TN5265,COC(=O)[C@@]12OC[C@]34[C@H]([C@@H](O)[C@@H]1O)[C@@]1(C)C=C(O[C@@H]5O[C@H](CO)[C@@H](O)[C@H](O)[C@H]5O)C(=O)[C@@H](C)[C@@H]1C[C@H]3OC(=O)[C@H](OC(=O)/C=C(\C)C(C)(C)O)[C@@H]24,726.73
TN5634,O=C1/C(=C/c2ccc(O)c(O)c2)Oc2cc(O)cc(O)c21,286.24
TN5746,COc1cc(/C=C/c2cc(O)cc(O)c2)ccc1O[C@@H]1O[C@H](CO)[C@@H](O)[C@H](O)[C@H]1O,420.41
TN5752,COc1cc(/C=C/c2cc(O)cc(O[C@@H]3O[C@H](CO)[C@@H](O)[C@H](O)[C@H]3O)c2)ccc1O,420.41
TN5770,COc1cc(CC/C=C/C(=O)CCc2ccc(O)c(OC)c2)ccc1O,356.42
TN5845,COC(=O)[C@@]1(O)C[C@@H](O)[C@H](O)[C@H](OC(=O)/C=C/c2ccc(O)c(O)c2)C1,368.34
TN5922,COc1ccc(/C=C/CO)cc1OC,194.23
TN6088,O=C(/C=C/c1ccc(O)cc1)NCCCCN(CCCNC(=O)/C=C/c1ccc(O)cc1)C(=O)/C=C/c1ccc(O)cc1,583.69
TN6457,O=C(/C=C/c1ccc(O)c(O)c1)NCCc1ccc(O)cc1,299.33
TN6473,COc1cc(/C=C/C(=O)OC[C@H]2O[C@@H](OC(C)(C)[C@H]3Cc4cc5ccc(=O)oc5cc4O3)[C@H](O)[C@@H](O)[C@@H]2O)ccc1O,584.57
TN6489,O=C(/C=C/c1ccc(O)cc1)OC[C@@H](O)CO[C@@H]1O[C@H](CO)[C@@H](O)[C@H](O)[C@H]1O,400.38
TN6490,O=C(/C=C/c1ccc(O)c(O)c1)OC[C@@H](O)CO[C@@H]1O[C@H](CO)[C@@H](O)[C@H](O)[C@H]1O,416.38
TN6577,COc1cc(/C=C/C(=O)OCc2ccc(O[C@@H]3O[C@H](CO)[C@@H](O)[C@H](O)[C@H]3O)cc2)ccc1O[C@@H]1O[C@H](CO)[C@@H](O)[C@H](O)[C@H]1O,624.59
TN6660,CCCCC(CC)COC(=O)/C=C/c1ccc(OC)cc1,290.40
TN6703,COC(=O)/C=C/c1ccccc1,162.19
TN6714,CC(C)=CCC/C(C)=C/CC/C(C)=C/CC/C(C)=C/CO,290.49
TN6742,C/C=C/C(=O)C1=C(C)CCCC1(C)C,192.30
TN6778,CC(C)=CCC/C(C)=C/CC/C(C)=C/COc1ccc2ccc(=O)oc2c1,366.50
TN6784,CCOC(=O)[C@@H](Cc1ccc(O)c(O)c1)OC(=O)/C=C/c1ccc(O)c(O)c1,388.37
TN6795,COc1cc2oc(=O)ccc2c(OC)c1/C=C/C(C)=O,274.27
TN6835,C=CC(=C)CC/C=C(\C)CCC=C(C)C,204.36
TN6923,CCCCC/C=C\C/C=C\C/C=C\C/C=C\CCCC(=O)OCC,332.53
TN6951,CCCCC/C=C\C/C=C\CCCCCCCC(=O)OCC,308.51
TN6985,C=C(C)/C=C/C/C(C)=C/COc1c2ccoc2cc2oc(=O)ccc12,336.39
TN7008,CCCCC/C=C/C/C=C/CCCCCCCC(=O)O,280.45
TN7036,CC/C=C\C/C=C\C/C=C\CCCCCCCC(=O)NCc1cccc(OC)c1,397.60
TN7038,O=C(/C=C/c1ccc(O)cc1)O[C@H](CO)CO[C@@H]1O[C@H](CO)[C@@H](O)[C@H](O)[C@H]1O,400.38
TN7048,O=C(/C=C/c1ccc(O)cc1)O[C@@H]1C[C@](O)(C(=O)O)C[C@@H](O)[C@H]1O,338.31
TN7069,COc1ccc(/C=C/C(=O)c2c(OC)cc(OC)cc2OC)cc1,328.36
TN7071,CC(=O)O[C@H]1CC[C@@]2(C)C(=CC=C3[C@@H]4CC[C@H]([C@H](C)/C=C/[C@H](C)C(C)C)[C@@]4(C)CC[C@@H]32)C1,438.70
TN7074,O=C(O)/C=C/c1ccc2c(c1)OCO2,192.17
TN7075,COC(=O)/C=C/c1ccc(O[C@@H]2O[C@H](CO)[C@@H](O)[C@H](O)[C@H]2O)cc1,340.33
TN7079,O=C(/C=C/c1ccc(O)c(O)c1)c1ccc(O[C@@H]2O[C@H](CO)[C@@H](O)[C@H](O)[C@H]2O)cc1O,434.40
TN7091,O=C(/C=C/c1ccc(O)c(O)c1)O[C@@H]1[C@@H](O)[C@H](OCCc2ccc(O)c(O)c2)O[C@H](CO[C@@H]2O[C@H](CO)[C@@H](O)[C@H](O)[C@H]2O)[C@H]1O,640.59
TN7092,O=C(/C=C/c1ccc(O)c(O)c1)O[C@H]1[C@H](O)[C@@H](O)[C@H](OCCc2ccc(O)c(O)c2)O[C@@H]1CO[C@@H]1O[C@H](CO)[C@@H](O)[C@H](O)[C@H]1O,640.59
TN7093,O=C(/C=C/c1ccc(O)c(O)c1)N[C@@H](Cc1c[nH]c2ccccc12)C(=O)O,366.37
TN7094,OC/C=C/C#CC#C/C=C/CCC(CCO)O[C@@H]1O[C@H](CO)[C@@H](O)[C@H](O)[C@H]1O[C@@H]1OC[C@H](O)[C@H](O)[C@H]1O,528.55
TN7115,COc1cc(/C=C/c2ccccc2)cc(OC)c1,240.30
TN7117,CC(=O)OC[C@@H](CO[C@H]1O[C@@H](CO)[C@H](O)[C@@H](O)[C@@H]1O)OC(=O)/C=C/c1ccc(O)cc1,442.42
TN7122,COc1ccc2ccc(=O)oc2c1C/C=C(\C)CO,260.29
TN7127,CC(C)[C@@H](C)/C=C/[C@@H](C)[C@H]1CC[C@H]2C3=C[C@@H]4O[C@@]45C[C@@H](O)CC[C@]5(C)[C@H]3CC[C@]12C,412.66
TN7132,COc1cc(/C=C/c2ccc(O)c(O)c2)oc(=O)c1,260.24
TN7139,CC(=O)/C=C/c1c[nH]c2ccccc12,185.23
TN7168,CC(=O)CC/C=C(\C)CC/C=C(\C)CCC=C(C)C,262.44
TN7185,N#Cc1c[nH]c2[nH]c(N)nc(=O)c12,175.15
TN7190,COc1ccc(CC#N)cc1Br,226.07
TN7198,N#CCc1c[nH]c2cc(Br)ccc12,235.08
TN7216,C[C@@H]1O[C@@H](O[C@H]2[C@H](OCCc3ccc(O)c(O)c3)O[C@H](CO[C@@H]3O[C@H](CO)[C@@H](O)[C@H](O)[C@H]3O)[C@@H](OC(=O)/C=C/c3ccc(O)c(O)c3)[C@H]2O)[C@H](O)[C@H](O)[C@H]1O,786.73
TN7230,CCCCOC(=O)[C@]1(O)C[C@@H](O)[C@@H](O)[C@H](OC(=O)/C=C/c2ccc(O)c(O)c2)C1,410.42
TN7235,COc1ccc(/C=C/C(=O)c2ccc3c(c2O)C=CC(C)(C)O3)cc1,336.39
TN7244,CCCCCCCC/C=C/CCCCCCCC(=O)O[C@H](COC(=O)CCCCCCCCCCCCCCC)COP(=O)([O-])OCC(O)CCO.[Na+],785.03
TN7447,COc1ccc(/C=C\C(=O)O)c(O[C@@H]2O[C@H](CO)[C@@H](O)[C@H](O)[C@H]2O)c1,356.33
TN7655,CC#CC#C/C=C1/C=CC2(CCCO2)O1,200.24
TN8208,CC/C=C/C=C/C=O,110.16
TN8322,O=C(/C=C/c1ccc(O)c(O)c1)Nc1ccc(O)cc1C(=O)O,315.28
TN8462,C=C1C(=O)O[C@@H]2/C=C(/C)[C@@H](OC(C)=O)C/C=C(/CO)C[C@@H](OC(=O)/C(C)=C/CO)[C@@H]12,420.46
TN8578,CCCCCCCCCCCCCCCC(=O)OCc1cc(OC)c(C/C=C(\C)CCC=C(C)C)c(O)c1C=O,556.83
TN8591,OC[C@H]1O[C@@H](c2c(O)cc(/C=C/c3ccc(O)cc3)cc2O)[C@H](O)[C@@H](O)[C@@H]1O,390.39
TN8791,COc1cc(/C=C/C(=O)OC[C@H]2O[C@@H](O[C@H]3[C@H](Oc4c(-c5ccc(O)c(O)c5)oc5cc(O)cc(O)c5c4=O)O[C@H](CO)[C@@H](O)[C@@H]3O)[C@H](O)[C@@H](O)[C@@H]2O)cc(OC)c1O,832.72
TN8921,CC(C)=CCC/C(C)=C/Cc1cc(-c2cc(=O)c3c(O)cc(O)cc3o2)ccc1O,406.48
TN8931,COc1cc(/C=C/C(=O)CCCCc2ccccc2)ccc1O,310.39
TN9216,Cc1ccnc(C#N)c1,118.14
TN9259,CC/C=C\CCOC(C)=O,142.20
TN9291,Cc1ccc(C)c(C#N)c1,131.18
TN9305,Cc1ccc(C#N)[nH]1,106.13
TN9306,N#Cc1cc[nH]c1,92.10
TN9313,N#Cc1ccc[nH]1,92.10
TN9314,N#Cc1ccccc1N,118.14
TN9322,C(C#Cc1ccccc1)#Cc1ccccc1,202.26
TN9324,CC#Cc1ccccc1,116.16
TN9326,Cc1ccc(C#N)cc1C,131.18
TN9434,Cc1cccnc1C#N,118.14
TN9435,Cc1ccc(C#N)c(C)c1,131.18
TN9453,Cc1ccc(CC#N)cc1,131.18
TN9475,CCc1ccc(C#N)cc1,131.18
TN9482,N#Cc1ccc2ncccc2c1,154.17
TN9582,N#C[S-].[NH4+],76.12
TN9596,Cc1cc(C)c(C#N)c(C)c1,145.21
TN9597,N#Cc1nccc2ccccc12,154.17
TN9598,N#Cc1ccccn1,104.11
TN9606,Cc1cnc(N)c(C#N)c1,133.15
TN9625,Cc1ccc(C#N)o1,107.11
TN9639,N#Cc1ccccc1C#N,128.13
TN9674,CCc1ccccc1C#N,131.18
TN9715,N#Cc1ccc(C#N)cc1,128.13
TN9724,CC(C)NC(C)(C)C,115.22
TN9727,Cc1cccc(C#N)c1C,131.18
TN9769,N#CCc1ccncc1,118.14
TN9770,Cc1cncc(C#N)c1,118.14
TN9771,Cc1ccccc1CC#N,131.18
TN9772,CN(C)CCCC#N,112.18
TNU1119,COc1ccc(C(OC[C@@H]2C[C@@H](OP(OCCC#N)N(C(C)C)C(C)C)[C@H](n3cnc4c(NC(=O)c5ccccc5)ncnc43)O2)(c2ccccc2)c2ccc(OC)cc2)cc1,857.95
TNU1431,COc1ccc(C(OC[C@H](Cn2cc(C)c(=O)[nH]c2=O)OP(OCCC#N)N(C(C)C)C(C)C)(c2ccccc2)c2ccc(OC)cc2)cc1,702.79
TNU1606,COc1ccc(C(O[C@H]2C[C@H](n3cc(C)c(=O)[nH]c3=O)O[C@@H]2COP(OCCC#N)N(C(C)C)C(C)C)(c2ccccc2)c2ccc(OC)cc2)cc1,744.83
TP1053L,CC(=O)O.CC(C)C[C@H](NC(=O)[C@H](C)NC(=O)CNC(=O)[C@H](CCCCN)NC(=O)[C@H](CCCNC(=N)N)NC(=O)[C@H](C)NC(=O)[C@H](Cc1ccccc1)NC(=O)[C@@H](N)CCCNC(=N)N)C(=O)N[C@@H](CCCNC(=N)N)C(=O)N[C@@H](CCC(N)=O)C(=O)N[C@@H](CCCCN)C(=O)N[C@@H](CC(N)=O)C(=O)N[C@H](C(=O)O)C(C)C,1603.90
TP1216,CC(C)C[C@H](NC(=O)[C@H](C)NC(=O)[C@H](CC(=O)O)NC(=O)[C@@H](NC(=O)[C@H](C)NC(=O)[C@H](CCC(=O)O)NC(=O)[C@H](CCC(N)=O)NC(=O)[C@H](CCCN=C(N)N)NC(=O)[C@H](CCCN=C(N)N)NC(=O)[C@H](CC(C)C)NC(=O)[C@H](C)NC(=O)[C@H](CCCCN)NC(=O)[C@@H](N)CCCCN)C(C)C)C(=O)O.O=C(O)C(F)(F)F,1611.79
TP1217L,CC(C)C[C@H](NC(=O)[C@H](C)NC(=O)[C@H](CC(=O)O)NC(=O)[C@@H](NC(=O)[C@@H](NC(=O)[C@H](CCC(=O)O)NC(=O)[C@H](CCC(N)=O)NC(=O)[C@H](CCCN=C(N)N)NC(=O)[C@H](CCCN=C(N)N)NC(=O)[C@H](CC(C)C)NC(=O)[C@H](C)NC(=O)[C@H](CCCCN)NC(=O)[C@@H](N)CCCCN)[C@@H](C)O)C(C)C)C(=O)O.O=C(O)C(F)(F)F,1641.81
TP1260,CSCCC(NC(=O)C1CCCN1C(=O)CNC(=O)C(CCCCN)NC(=O)C(Cc1c[nH]cn1)NC(=O)C(CO)NC(=O)C(CC(C)C)NC(=O)C(CCCNC(=N)N)NC(=O)C1CCCN1C(=O)C(CCCNC(=N)N)NC(=O)C1CCC(=O)N1)C(=O)N1CCCC1C(=O)NC(Cc1ccccc1)C(=O)O,1533.83
TP1304,CC[C@H](C)[C@H](N)C(=O)N[C@H]1CSSC[C@@H](C(=O)N[C@H](C(N)=O)[C@@H](C)O)NC(=O)[C@H](CCCN=C(N)N)NC(=O)[C@H](Cc2cnc[nH]2)NC(=O)[C@H](Cc2cnc[nH]2)NC(=O)CNC(=O)[C@H](Cc2c[nH]c3ccccc23)NC(=O)[C@H](CC(=O)O)NC(=O)[C@H](CCC(N)=O)NC(=O)[C@H](C(C)C)NC(=O)[C@H](C(C)C)NC1=O,1550.80
TP1345,CC(C)C[C@H](N=C(O)C/N=C(\O)[C@H](Cc1ccccc1)N=C(O)[C@H](CO)N=C(O)[C@H](CC(=N)O)N=C(O)[C@H](Cc1c[nH]c2ccccc12)N=C(O)[C@H](CC(=N)O)N=C(O)[C@@H](N)Cc1ccc(O)cc1)C(O)=N[C@@H](CCCNC(=N)N)C(O)=N[C@@H](Cc1ccccc1)C(=N)O.O=C(O)C(F)(F)F,1416.48
TP1508L,CC(=O)O.CSCC[C@H](NC(=O)[C@H](Cc1ccccc1)NC(=O)CNC(=O)CNC(=O)[C@H](Cc1ccc(O)cc1)NC(C)=O)C(=O)N[C@H](C(=O)N[C@@H](CO)C(=O)N[C@@H](CCC(=O)O)C(=O)N[C@@H](CCCCN)C(=O)N[C@@H](CO)C(=O)N[C@@H](CCC(N)=O)C(=O)N[C@H](C(=O)N1CCC[C@H]1C(=O)N[C@@H](CC(C)C)C(=O)N[C@H](C(=O)N[C@H](C(=O)O)[C@@H](C)O)C(C)C)[C@@H](C)O)[C@@H](C)O,1848.06
TP1563,CC(=O)O.CC[C@H](C)[C@H](/N=C(\O)[C@H](CCC(=O)O)/N=C(\O)[C@@H](/N=C(\O)[C@H](CCC(=N)O)/N=C(\O)[C@@H](N)CCCCN)[C@@H](C)CC)/C(O)=N/[C@@H](CCCCN)/C(O)=N/[C@@H](CCCCN)/C(O)=N/[C@@H](Cc1ccccc1)/C(O)=N/[C@@H](CCCCN)C(=O)O,1221.51
TP1589L,CC(=O)O.CC(C)C[C@H](N)C(=O)N[C@@H](CCC(=O)O)C(=O)N[C@@H](CCC(=O)O)C(=O)N[C@@H](CCCCN)C(=O)N[C@@H](CCCCN)C(=O)NCC(=O)N[C@@H](CC(N)=O)C(=O)N[C@@H](Cc1ccc(O)cc1)C(=O)N[C@H](C(=O)N[C@H](C(=O)N[C@H](C(=O)N[C@@H](CC(=O)O)C(=O)N[C@@H](Cc1cnc[nH]1)C(=O)N[C@@H](CS)C(=O)O)[C@@H](C)O)C(C)C)C(C)C,1694.89
TP1772L,CC(=O)O.CSCC[C@H](NC(=O)[C@H](CC(C)C)NC(=O)CNC(=O)[C@H](Cc1ccc(O)cc1)NC(=O)[C@H](Cc1ccccc1)NC(=O)[C@H](CCC(N)=O)NC(=O)[C@H](CCCN=C(N)N)NC(=O)[C@@H](NC(=O)[C@H](CCCN=C(N)N)NC(=O)[C@H](CO)NC(=O)[C@@H](N)CCCN=C(N)N)[C@@H](C)O)C(N)=O,1473.73
TP1820L,CC(=O)O.CC(C)C[C@H](NC(=O)[C@H](C)N)C(=O)N[C@@H](CCCCN)C(=O)N[C@@H](CCCNC(=N)N)C(=O)N[C@@H](CCC(N)=O)C(=O)NCC(=O)N[C@@H](CCCNC(=N)N)C(=O)N[C@H](C(=O)N[C@@H](CC(C)C)C(=O)N[C@@H](Cc1ccc(O)cc1)C(=O)NCC(=O)N[C@@H](Cc1ccccc1)C(=O)NCC(=O)NCC(=O)O)[C@@H](C)O,1583.82
TP1875L,CC(=O)O.C[C@H](NC(=O)[C@H](Cc1c[nH]cn1)NC(=O)[C@@H](N)Cc1c[nH]cn1)C(=O)N[C@@H](CO)C(=O)N1CCC[C@H]1C(=O)N[C@@H](CCCNC(=N)N)C(=O)N[C@@H](CCCCN)C(=O)O,891.99
TP1910L1,CC(=O)O.CC[C@H](C)[C@H](/N=C(\O)[C@H](C)/N=C(\O)[C@@H](N)C(C)C)/C(O)=N/[C@H](/C(O)=N/[C@H](/C(O)=N/[C@@H](CC(C)C)/C(O)=N/[C@H](/C(O)=N/[C@@H](CCCCN)C(=O)O)C(C)C)C(C)C)[C@@H](C)O,902.14
TP1923L1,CC(=O)O.CSCC[C@H](NC(=O)[C@H](CS)NC(=O)[C@H](CCCNC(=N)N)NC(=O)[C@H](CCCNC(=N)N)NC(=O)[C@@H]1CCC(=O)N1)C(=O)N1CCC[C@H]1C(=O)N[C@@H](CC(C)C)C(=O)N[C@@H](Cc1c[nH]cn1)C(=O)N[C@@H](CO)C(=O)N[C@@H](CCCNC(=N)N)C(=O)N[C@H](C(=O)N1CCC[C@H]1C(=O)N[C@@H](Cc1ccccc1)C(=O)N1CCC[C@H]1C(=O)O)C(C)C,1767.12
TP1925L,NCCCC[C@H](NC(=O)CNC(=O)[C@@H]1CCCN1C(=O)[C@H](Cc1ccc(O)cc1)NC(=O)/C=C/c1ccccc1)C(=O)N[C@@H](Cc1ccccc1)C(N)=O.O=C(O)C(F)(F)F,853.90
TP1936L1,CC(=O)O.CC(C)C[C@H](/N=C(\O)[C@H](CC(=N)O)/N=C(\O)[C@@H]1CCCN1C(=O)[C@@H](N)C(C)C)C(=O)N1CCC[C@H]1/C(O)=N/[C@@H](CCC(=N)O)/C(O)=N/[C@@H](CCCNC(=N)N)/C(O)=N/[C@@H](Cc1ccccc1)C(=N)O,1029.21
TP1970L,CC(=O)O.CC[C@H](C)[C@H](NC(=O)[C@H](CCC(=O)O)NC(=O)[C@H](CCC(=O)O)NC(=O)[C@@H](NC(=O)[C@H](C)NC(=O)[C@H](CC(N)=O)NC(=O)[C@H](CC(N)=O)NC(=O)[C@H](CC(=O)O)NC(=O)[C@@H](NC(=O)[C@H](CC(C)C)NC(=O)[C@@H](C)NC(=O)[C@@H](N)[C@@H](C)O)[C@@H](C)CC)[C@@H](C)O)C(=O)N[C@@H](CC(C)C)C(=O)N[C@@H](Cc1ccc(O)cc1)C(=O)O,1639.78
TP2104L,CC(=O)O.CC(C)[C@H](/N=C(\O)[C@@H]1CSSC(C)(C)[C@H](/N=C(\O)[C@@H](N)CC(=O)O)/C(O)=N/[C@@H](Cc2ccccc2)/C(O)=N/[C@H](Cc2c[nH]c3ccccc23)/C(O)=N/[C@@H](CCN)/C(O)=N/[C@@H](Cc2ccc(O)cc2)/C(O)=N/1)C(=O)O,1121.31
TP2131L,CC(=O)O.CSCC[C@H](N)C(=O)N[C@H](C(=O)N[C@@H](CC(=O)O)C(=O)NCC(=O)N[C@@H](CCCCN)C(=O)N1CCC[C@H]1C(=O)N[C@H](C(=O)N[C@@H](CC(N)=O)C(=O)N[C@@H](CC(C)C)C(=O)NCC(=O)N[C@@H](CC(C)C)C(=O)N[C@@H](Cc1c[nH]c2ccccc12)C(=O)N[C@@H](CC(=O)O)C(=O)N[C@H](C(=O)N[C@@H](C)C(=O)NCC(=O)O)[C@@H](C)O)C(C)C)C(C)C,1732.98
TP2205L,CC(C)[C@H](NC(=O)[C@H](CC(N)=O)NC(=O)[C@H](CO)NC(=O)[C@H](Cc1ccc(O)cc1)NC(=O)[C@H](CCCNC(=N)N)NC(=O)[C@H](CCCNC(=N)N)NC(=O)[C@H](CCC(N)=O)NC(=O)[C@@H]1CCCN1C(=O)[C@H](CCCNC(=N)N)NC(=O)[C@H](CCCCN)NC(=O)[C@@H](N)CCCCN)C(=O)N[C@@H](Cc1ccccc1)C(=O)O,1578.85
TP2266L,CC(=O)O.CC[C@H](C)[C@H](NC(=O)[C@H](CC(N)=O)NC(=O)[C@H](CCCN=C(N)N)NC(=O)[C@H](CCC(N)=O)NC(=O)[C@H](Cc1c[nH]c2ccccc12)NC(=O)[C@H](CCC(N)=O)NC(=O)[C@@H](N)Cc1ccccc1)C(=O)N[C@@H](CCCN=C(N)N)C(=O)N[C@@H](CCCCN)C(=O)N[C@H](C(=O)N[C@@H](CCCN=C(N)N)C(N)=O)C(C)C,1589.88
TP2309,CC[C@H](C)[C@H](NC(=O)[C@H](Cc1ccc(O)cc1)NC(=O)[C@@H]1CCCN1C(=O)[C@H](CCCN=C(N)N)NC(=O)[C@H](CCCN=C(N)N)NC(=O)[C@@H]1CCCN1C(=O)[C@H](CCCCN)NC(=O)[C@H](CC(N)=O)NC(=O)[C@H](CCC(=O)O)NC(=O)[C@H](Cc1ccc(O)cc1)NC(=O)[C@H](CC(C)C)NC(=O)[C@@H]1CCC(=O)N1)C(=O)N[C@@H](CC(C)C)C(=O)O.O=C(O)C(F)(F)F,1786.97
TP2310,CC(C)C[C@H](NC(=O)[C@H](C)NC(=O)[C@H](CC(=O)O)NC(=O)[C@@H](NC(=O)[C@H](C)NC(=O)[C@H](CCC(=O)O)NC(=O)[C@H](CCC(N)=O)NC(=O)[C@H](CCCNC(=N)N)NC(=O)[C@H](CCCNC(=N)N)NC(=O)[C@H](CC(C)C)NC(=O)[C@H](C)NC(=O)[C@H](CCCCN)NC(=O)[C@@H](N)CCCCN)C(C)C)C(=O)O,1497.77
TQ0011,Cc1[nH]c2c(N3CCO[C@H](CO)C3)c(C#N)c(C(F)(F)F)nc2c1Cl,374.75
TQ0012,C[C@@H](C1CCCCC1)n1c(-c2cc3c(cc2Br)OCO3)nc2cc(C(=O)Nc3ccc(C#N)cc3)ccc21,571.48
TQ0020,CC#C[C@@H](CC(=O)[O-])c1ccc(OCc2cccc(-c3ccc(C(F)(F)F)cc3)c2)cc1.CC#C[C@@H](CC(=O)[O-])c1ccc(OCc2cccc(-c3ccc(C(F)(F)F)cc3)c2)cc1.O.O.[Ca+2],950.98
TQ0027,CC(/C=C/C=C(\C)C(=O)[O-])=C\C=C\C=C(C)\C=C\C=C(/C)C(=O)[O-].[Na+].[Na+],372.37
TQ0038,Cn1c(=O)oc2ccc(-c3ccc(C[C@@H](C#N)NC(=O)[C@@H]4CNCCCO4)cc3)cc21,420.47
TQ0055,CC#C[C@H]1CN(S(=O)(=O)c2ccc(N)nc2)CCN1c1ccc(C(O)(C(F)(F)F)C(F)(F)F)cc1,522.47
TQ0056,CO/N=C(\C(=O)N[C@@H]1C(=O)N2C(C(=O)O)=C(COC(C)=O)CS[C@H]12)c1ccco1,423.40
TQ0058,Cc1c(CN2CCC(Nc3ncnc4sc(CC(F)(F)F)cc34)CC2)ccc2[nH]c(C#N)cc12,484.55
TQ0064,CC(C)=CCC/C(C)=C/CC/C(C)=C/C=C/C(C)=C/C(=O)O,302.46
TQ0069,Cc1c(CN2CCC(Nc3ncnc4sc(CC(F)(F)F)cc34)CC2)ccc2c1cc(C#N)n2Cc1cn[nH]c1,564.64
TQ0073,C=C1CC[C@@H]2[C@](C)(CO)[C@H](O)CC[C@@]2(C)[C@@H]1C/C=C1\C(=O)OC[C@H]1O,350.46
TQ0083,COc1cc(C#N)ccc1S(=O)(=O)Nc1ccc2c(c1)cc(C)c(=O)n2C,383.43
TQ0097,Cc1ccc(C2=CCC(C)(C)c3ccc(C#Cc4ccc(C(=O)O)cc4)cc32)cc1,392.50
TQ0099,C/C=C(/C)C(=O)O[C@H]1C(C)=C[C@]23C(=O)[C@@H](C=C(COC(C)=O)[C@@H](O)[C@]12O)[C@H]1[C@@H](C[C@H]3C)C1(C)C,472.58
TQ0115,CCN(CC=CC#CC(C)(C)C)Cc1cccc(OCc2cc(-c3ccsc3)cs2)c1,449.69
TQ0120,CC1(C)CC[C@]2(C(=O)n3ccnc3)CC[C@]3(C)[C@H](C(=O)C=C4[C@@]5(C)C=C(C#N)C(=O)C(C)(C)[C@@H]5CC[C@]43C)[C@@H]2C1,541.74
TQ0121,Cc1ncsc1-c1ccc(CNC(=O)[C@@H]2C[C@@H](O)CN2C(=O)[C@@H](NC(=O)C2(C#N)CC2)C(C)(C)C)cc1,523.66
TQ0125,N#Cc1c(N)nc(SCc2csc(-c3ccc(Cl)cc3)n2)c(C#N)c1-c1ccc(OCCO)cc1,520.04
TQ0138,CCCCOc1ccc(CC/C=C2\SC(=O)N(CCN)C2=O)cc1.Cl,384.93
TQ0150,CC1(C)Oc2ccc(C#N)cc2[C@@H](N2CCCC2=O)[C@@H]1O,286.33
TQ0152,CCN(CC)CCS(=O)(=O)[C@@H]1CCN2C(=O)c3coc(n3)CC(=O)C[C@H](O)/C=C(C)/C=C/CNC(=O)/C=C/[C@@H](C)[C@@H](C(C)C)OC(=O)[C@@H]12,690.86
TQ0178,COc1ccc(/C(=C/C(=O)N2CCOCC2)c2ccc(F)cc2)cc1OC,371.41
TQ0192,C/C=C1/C[C@@H](C)[C@@](C)(O)C(=O)OCC2=CCN3CC[C@@H](OC1=O)[C@@H]23,335.40
TQ0194,CCCCCC/C=C/CCCCCCCCCC(=O)O,282.47
TQ0196,CC(C)(O)/C=C/C(=O)[C@](C)(O)[C@H]1[C@H](O)C[C@@]2(C)[C@@H]3CC=C4[C@@H](C=C(O)C(=O)C4(C)C)[C@]3(C)C(=O)C[C@]12C,514.66
TQ0203,CC(C)OC(=O)CCC/C=C\C[C@@H]1[C@@H](/C=C/C(F)(F)COc2ccccc2)[C@H](O)C[C@@H]1O,452.54
TQ0212,CS(=O)CCCC/C(=N/OS(=O)(=O)O)S[C@@H]1O[C@H](CO)[C@@H](O)[C@H](O)[C@H]1O,437.51
TQ0214,COc1ccc(/C=C/C(=O)/C=C(O)/C=C/c2ccc(OC)c(OC)c2)cc1OC,396.44
TQ0223,CCCCCCO[C@@H](C)c1cccc(-c2csc(NC(=O)c3cc(Cl)c(/C=C(\C)C(=O)O)c(Cl)c3)n2)c1OC,591.56
TQ0226,COc1ccc(CCO[C@@H]2O[C@H](CO[C@@H]3O[C@H](CO)[C@H](O)[C@H](O)[C@H]3O)[C@@H](OC(=O)/C=C/c3ccc(O)c(OC)c3)[C@H](O[C@@H]3O[C@@H](C)[C@H](O)[C@@H](O)[C@H]3O)[C@H]2O)cc1O,814.79
TQ0236,CC#CC(=O)N1CC[C@@H](n2c(=O)n(-c3ccc(Oc4ccccc4)cc3)c3c(N)ncnc32)C1,454.49
TQ0245,CCCCCCCCCCCCCCCC(=O)Nc1ccn([C@@H]2O[C@H](CO)[C@@H](O)[C@@H]2C#N)c(=O)n1,490.65
TQ0251,CCCCCCC/C=C\C(=O)O,170.25
TQ0256,COCCNc1cc(NC(=O)N2CCCc3cc(CN4CCOCC4=O)c(C=O)nc32)ncc1C#N,493.52
TQ0262,CCCCC/C=C\C/C=C\C/C=C\CCCCCCC(=O)O,306.49
TQ0290,CC(C(=O)Nc1cc(C#N)ccc1CCCC(=O)O)c1ccc(F)c2ccccc12,404.44
TQ0297,CCCCOCCOc1ccc(-c2ccc3c(c2)/C=C(/C(=O)Nc2ccc(S(=O)Cc4cncn4CCC)cc2)CCCN3CC(C)C)cc1,696.96
TQ0313,Cc1nc2cnc3ccc(C#Cc4cccnc4)cc3c2n1-c1ccc(C(C)(C)C#N)cc1,427.51
TQ0316,C/C=C(/C)C(=O)O[C@H]1C(C)=C[C@]23C(=O)[C@@H](C=C4COC(C)(C)O[C@H]4C12O)[C@H]1[C@@H](C[C@H]3C)C1(C)C,470.61
TWS1293,C/C=C(/C)C(=O)OC(=O)/C(C)=C\C,182.22
TWS1563,C/C1=C/C[C@]2(C(C)C)CC[C@@](C)(O2)[C@@H](O)CC/C(C)=C/CC1,306.49
TYD-00594,CCCCC/C=C/CO,128.21
TYD-00682,CC/C=C/C=O,84.12
TYD-02615,C/C=C(\C)C=O,84.12
TYD-02623,CC/C=C/CCO,100.16
TYD-02627,C/C=C/CCCO,100.16
TYD-02647,C/C=C/C(C)=O,84.12
TYD-02830,N#CC1(c2ccc(N)cc2)CC1,158.20
TYD-02855,N#Cc1cc(N)ccc1Oc1ccccc1,210.24
TYD-02860,C#CCOCc1ccccc1,146.19
TYD-02861,C#Cc1cccc(C(=O)O)c1,146.15
TYD-02862,C#Cc1cccc(F)n1,121.11
TYD-02863,C#Cc1ccc(CNC(=O)OC(C)(C)C)cc1,231.29
