Rank,Type,ID,Molecule_Count
1,RefSeq,P43405,1472
2,RefSeq,O96028,1251
3,RefSeq,ABI96208,1221
4,RefSeq,NP_000756,1093
5,RefSeq,ANW61984,1051
6,RefSeq,QLI62812,894
7,RefSeq,AAI07878,879
8,RefSeq,AAV41877,840
9,RefSeq,AAI32976,794
10,RefSeq,ADZ17378,728
11,RefSeq,AGS09764,721
12,RefSeq,EAW99313,716
13,RefSeq,AEP43755,670
14,RefSeq,ADZ17384,646
15,RefSeq,ACA62796,622
16,RefSeq,NP_001257783,615
17,RefSeq,AAI13617,546
18,RefSeq,AAY56401,461
19,RefSeq,ABB72139,430
20,RefSeq,NP_006155,398
21,RefSeq,B45705,394
22,RefSeq,NP_000610,384
23,RefSeq,CAQ07474,382
24,RefSeq,ADZ17337,376
25,RefSeq,NP_000752,370
26,RefSeq,EAL24281,353
27,RefSeq,AAH14804,346
28,RefSeq,AAA29795,341
29,RefSeq,NP_059488,333
30,RefSeq,P13699,326
31,RefSeq,Q12809,323
32,RefSeq,Q99700,323
33,RefSeq,AAH11558,318
34,RefSeq,P40261,306
35,RefSeq,P21964,306
36,RefSeq,P50135,306
37,RefSeq,NP_001119587,304
38,RefSeq,Q14749,303
39,RefSeq,P11086,303
40,RefSeq,Q14353,303
41,RefSeq,AAH96839,299
42,RefSeq,P01574,295
43,RefSeq,NP_000729,294
44,RefSeq,Q9BV86,290
45,RefSeq,AAV31779,286
46,RefSeq,EAW77416,284
47,RefSeq,P09992,283
48,RefSeq,ADP91253,274
49,RefSeq,P04637,261
50,RefSeq,NP_001191727,259
51,RefSeq,BAH02283,259
52,RefSeq,P41595,240
53,RefSeq,AAG24257,236
54,RefSeq,2O23_A,231
55,RefSeq,2O23_B,231
56,RefSeq,P35462,230
57,RefSeq,NP_035411,230
58,RefSeq,ABQ01243,229
59,RefSeq,P35348,227
60,RefSeq,P28223,226
61,RefSeq,NP_387512,222
62,RefSeq,NP_000785,220
63,RefSeq,EAW81333,214
64,RefSeq,P08913,206
65,RefSeq,EAX06628,206
66,RefSeq,P23975,204
67,RefSeq,P00533,204
68,RefSeq,P14416,201
69,RefSeq,P08908,198
70,RefSeq,NP_056979,197
71,RefSeq,NP_000760,196
72,RefSeq,NP_000918,193
73,RefSeq,BAC78637,192
74,RefSeq,BAC78638,192
75,RefSeq,AAI14949,192
76,RefSeq,2QQS_A,191
77,RefSeq,NP_001017535,190
78,RefSeq,Q01959,188
79,RefSeq,P35968,178
80,RefSeq,P0DTD1,177
81,RefSeq,P08172,176
82,RefSeq,P18825,176
83,RefSeq,P18089,176
84,RefSeq,P28335,175
85,RefSeq,P36888,173
86,RefSeq,P11229,171
87,RefSeq,AAH14840,171
88,RefSeq,AAH50743,171
89,RefSeq,NP_000567,170
90,RefSeq,NP_000762,168
91,RefSeq,AAH21195,167
92,RefSeq,P35372,166
93,RefSeq,AAP35567,166
94,RefSeq,P00519,162
95,RefSeq,P08684,161
96,RefSeq,P0DMS8,161
97,RefSeq,AMB37292,161
98,RefSeq,P41145,159
99,RefSeq,P31645,159
100,RefSeq,P21728,157
101,RefSeq,NP_002383,157
102,RefSeq,EGV99105,157
103,RefSeq,NP_000097,157
104,RefSeq,NP_000786,157
105,RefSeq,NP_002384,156
106,RefSeq,ADZ17382,156
107,RefSeq,NP_000015,154
108,RefSeq,2W2I_A,152
109,RefSeq,AAA68151,150
110,RefSeq,P09874,149
111,RefSeq,BAA89212,149
112,RefSeq,ASK51714,148
113,RefSeq,P35367,143
114,RefSeq,P11712,141
115,RefSeq,Q9UBN7,141
116,RefSeq,NP_000483,141
117,RefSeq,CAG38738,141
118,RefSeq,NP_001138884,140
119,RefSeq,NP_001020332,137
120,RefSeq,NP_057302,135
121,RefSeq,CAC88866,135
122,RefSeq,AAP35329,133
123,RefSeq,P24941,132
124,RefSeq,NP_001531,132
125,RefSeq,P06239,131
126,RefSeq,P42336,130
127,RefSeq,NP_000732,129
128,RefSeq,NP_001308829,129
129,RefSeq,P00918,128
130,RefSeq,P00915,125
131,RefSeq,P07949,123
132,RefSeq,P10721,122
133,RefSeq,NP_005253,121
134,RefSeq,O43570,120
135,RefSeq,Q96GD4,120
136,RefSeq,P12931,120
137,RefSeq,P49841,119
138,RefSeq,NP_058733,119
139,RefSeq,AAH15051,119
140,RefSeq,P43140,118
141,RefSeq,P36969,117
142,RefSeq,Q16790,116
143,RefSeq,CAC29064,116
144,RefSeq,ADZ17354,115
145,RefSeq,NP_000851,115
146,RefSeq,AFN61604,114
147,RefSeq,P18054,114
148,RefSeq,Q8WZA2,112
149,RefSeq,P15823,111
150,RefSeq,O60503,111
151,RefSeq,NP_036257,111
152,RefSeq,BAH02282,111
153,RefSeq,P21917,110
154,RefSeq,P09619,110
155,RefSeq,Q08499,109
156,RefSeq,Q16539,109
157,RefSeq,NP_009126,109
158,RefSeq,1DE9_A,108
159,RefSeq,NP_598230,108
160,RefSeq,P23219,107
161,RefSeq,P20309,107
162,RefSeq,NP_001273728,107
163,RefSeq,O00329,106
164,RefSeq,Q99720,105
165,RefSeq,NP_005424,105
166,RefSeq,P05177,104
167,RefSeq,NP_660205,104
168,RefSeq,P10635,103
169,RefSeq,P22303,103
170,RefSeq,Q96QE3,103
171,RefSeq,P48736,102
172,RefSeq,P25100,102
173,RefSeq,O14965,101
174,RefSeq,P49759,101
175,RefSeq,P35354,101
176,RefSeq,ADZ17385,101
177,RefSeq,AAH18745,101
178,RefSeq,P50406,100
179,RefSeq,CAD53472,100
180,RefSeq,O60674,98
181,RefSeq,O60885,98
182,RefSeq,P42345,97
183,RefSeq,NP_001123617,97
184,RefSeq,2WWY_A,97
185,RefSeq,P11362,96
186,RefSeq,P06493,96
187,RefSeq,P04150,96
188,RefSeq,Q06187,96
189,RefSeq,P43166,95
190,RefSeq,Q92551,95
191,RefSeq,NP_005021,95
192,RefSeq,AAV38316,95
193,RefSeq,AAK85233,95
194,RefSeq,NP_417297,94
195,RefSeq,NP_417299,94
196,RefSeq,P06401,94
197,RefSeq,P16234,93
198,RefSeq,NP_208344,93
199,RefSeq,NP_207880,93
200,RefSeq,P08581,93
201,RefSeq,NP_417296,93
202,RefSeq,P33261,92
203,RefSeq,O75469,91
204,RefSeq,P35368,91
205,RefSeq,NP_000537,90
206,RefSeq,P42338,89
207,RefSeq,Q08345,89
208,RefSeq,O43353,89
209,RefSeq,NP_269944,89
210,RefSeq,P50750,88
211,RefSeq,P08482,88
212,RefSeq,P52333,87
213,RefSeq,P23944,87
214,RefSeq,P06241,87
215,RefSeq,P08173,86
216,RefSeq,NP_002681,86
217,RefSeq,P34969,85
218,RefSeq,P21397,85
219,RefSeq,P19327,85
220,RefSeq,Q99728,85
221,RefSeq,P38398,85
222,RefSeq,P35916,84
223,RefSeq,P17948,84
224,RefSeq,O95342,84
225,RefSeq,Q8TDV0,84
226,RefSeq,NP_000466,84
227,RefSeq,2ISV_A,84
228,RefSeq,NP_001120700,84
229,RefSeq,O95398,84
230,RefSeq,P08912,83
231,RefSeq,AAH19268,83
232,RefSeq,P07333,81
233,RefSeq,P07203,81
234,RefSeq,P07948,81
235,RefSeq,NP_001024547,81
236,RefSeq,P29274,80
237,RefSeq,Q5BJF2,80
238,RefSeq,NP_004950,80
239,RefSeq,NP_214877,80
240,RefSeq,AAL68976,79
241,RefSeq,NP_542951,79
242,RefSeq,NP_000947,79
243,RefSeq,O14976,78
244,RefSeq,Q00535,78
245,RefSeq,P10275,78
246,RefSeq,BAA01847,78
247,RefSeq,NP_006493,78
248,RefSeq,Q13547,77
249,RefSeq,NP_004102,77
250,RefSeq,NP_001516,77
251,RefSeq,ACG60652,77
252,RefSeq,NP_371243,77
253,RefSeq,NP_068587,77
254,RefSeq,P41143,76
255,RefSeq,Q13627,76
256,RefSeq,XP_001348533,76
257,RefSeq,NP_044650,75
258,RefSeq,NP_002037,75
259,RefSeq,DAA06693,75
260,RefSeq,P50613,74
261,RefSeq,P14842,74
262,RefSeq,P53779,74
263,RefSeq,P19784,74
264,RefSeq,P08183,74
265,RefSeq,P07947,74
266,RefSeq,AAH65243,74
267,RefSeq,P03372,73
268,RefSeq,P22748,72
269,RefSeq,P30542,72
270,RefSeq,P07550,72
271,RefSeq,NP_002736,72
272,RefSeq,NP_004823,72
273,RefSeq,P14635,71
274,RefSeq,P51449,71
275,RefSeq,Q16832,71
276,RefSeq,O75030,71
277,RefSeq,NP_002102,71
278,RefSeq,O75388,71
279,RefSeq,NP_038866,71
280,RefSeq,P37840,70
281,RefSeq,Q9UNQ0,70
282,RefSeq,NP_005339,70
283,RefSeq,AAP88778,70
284,RefSeq,AAC52118,70
285,RefSeq,Q9ULX7,69
286,RefSeq,P23458,69
287,RefSeq,P61169,69
288,RefSeq,P15056,69
289,RefSeq,P25021,69
290,RefSeq,NP_066564,69
291,RefSeq,AAI13547,69
292,RefSeq,P11802,68
293,RefSeq,Q9Y5N1,68
294,RefSeq,Q92769,68
295,RefSeq,O15379,68
296,RefSeq,P49840,68
297,RefSeq,AAB34216,68
298,RefSeq,NP_004570,68
299,RefSeq,P20248,67
300,RefSeq,NP_000515,67
301,RefSeq,Q13163,67
302,RefSeq,P42684,67
303,RefSeq,P04629,67
304,RefSeq,NP_612200,67
305,RefSeq,O94804,67
306,RefSeq,P48426,67
307,RefSeq,NP_005823,67
308,RefSeq,P08631,66
309,RefSeq,AAC35244,66
310,RefSeq,Q9H2G2,66
311,RefSeq,AAC05178,66
312,RefSeq,P37231,65
313,RefSeq,YP_001129431,65
314,RefSeq,P29597,64
315,RefSeq,P21802,64
316,RefSeq,P42858,64
317,RefSeq,NP_000209,64
318,RefSeq,Q8TD30,64
319,RefSeq,P25099,63
320,RefSeq,P11274,63
321,RefSeq,NP_001230975,63
322,RefSeq,EGW14942,63
323,RefSeq,NP_004128,63
324,RefSeq,Q9UM73,62
325,RefSeq,P49760,62
326,RefSeq,Q9BY41,62
327,RefSeq,P30530,62
328,RefSeq,Q05397,62
329,RefSeq,P04626,62
330,RefSeq,NP_001161829,62
331,RefSeq,NP_003833,62
332,RefSeq,AAF64255,62
333,RefSeq,NP_579856,61
334,RefSeq,NP_004949,61
335,RefSeq,NP_000048,61
336,RefSeq,NP_848757,61
337,RefSeq,P35218,60
338,RefSeq,P24864,60
339,RefSeq,P08909,60
340,RefSeq,P36897,60
341,RefSeq,P15207,60
342,RefSeq,Q13148,60
343,RefSeq,DAA10558,60
344,RefSeq,O00444,59
345,RefSeq,P28221,59
346,RefSeq,Q15418,59
347,RefSeq,Q14432,59
348,RefSeq,P42685,59
349,RefSeq,AAI36532,59
350,RefSeq,Q9HBX9,59
351,RefSeq,NP_059107,59
352,RefSeq,O75116,58
353,RefSeq,P28482,58
354,RefSeq,Q12866,58
355,RefSeq,P59594,58
356,RefSeq,Q13464,57
357,RefSeq,O60563,57
358,RefSeq,P22607,57
359,RefSeq,P30543,57
360,RefSeq,P21554,57
361,RefSeq,P11309,57
362,RefSeq,CAC24715,57
363,RefSeq,NP_002060,57
364,RefSeq,AAC39835,57
365,RefSeq,AAH38507,57
366,RefSeq,P27815,56
367,RefSeq,P48730,56
368,RefSeq,Q96SW2,56
369,RefSeq,NP_059990,56
370,RefSeq,P46098,55
371,RefSeq,P49674,55
372,RefSeq,P19328,55
373,RefSeq,P08588,55
374,RefSeq,NP_001159419,55
375,RefSeq,P29317,55
376,RefSeq,Q8JUX6,55
377,RefSeq,EAW58774,55
378,RefSeq,Q16678,55
379,RefSeq,Q02750,55
380,RefSeq,EDM11231,55
381,RefSeq,P23280,54
382,RefSeq,P22909,54
383,RefSeq,P45984,54
384,RefSeq,P10632,54
385,RefSeq,Q9Y4K4,54
386,RefSeq,Q13882,54
387,RefSeq,NP_031863,54
388,RefSeq,AAF04852,54
389,RefSeq,Q15078,53
390,RefSeq,P45983,53
391,RefSeq,P51451,53
392,RefSeq,NP_005148,53
393,RefSeq,Q9H0K1,53
394,RefSeq,NP_003813,53
395,RefSeq,AAI07736,53
396,RefSeq,NP_004337,53
397,RefSeq,NP_002238,53
398,RefSeq,Q9Y2D0,52
399,RefSeq,P22086,52
400,RefSeq,P27338,52
401,RefSeq,P78527,52
402,RefSeq,Q9UKE5,52
403,RefSeq,BAH02291,52
404,RefSeq,NP_598837,52
405,RefSeq,Q02763,51
406,RefSeq,P62813,51
407,RefSeq,Q9HAZ1,51
408,RefSeq,Q63921,51
409,RefSeq,P30994,51
410,RefSeq,O94806,51
411,RefSeq,Q04771,51
412,RefSeq,BAA85004,51
413,RefSeq,AAD47214,51
414,RefSeq,Q05DJ8,51
415,RefSeq,P34981,51
416,RefSeq,AAF25870,51
417,RefSeq,AAC83551,51
418,RefSeq,NP_766400,51
419,RefSeq,P11511,50
420,RefSeq,Q14524,50
421,RefSeq,Q99250,50
422,RefSeq,O15197,50
423,RefSeq,P27986,50
424,RefSeq,O95819,50
425,RefSeq,Q14680,50
426,RefSeq,CAD52000,50
427,RefSeq,NP_001421,50
428,RefSeq,NP_055320,50
429,RefSeq,Q2M2I8,49
430,RefSeq,P35439,49
431,RefSeq,P21731,49
432,RefSeq,Q9NYL2,49
433,RefSeq,NP_001008709,49
434,RefSeq,NP_997055,49
435,RefSeq,Q13131,48
436,RefSeq,P24385,48
437,RefSeq,Q00534,48
438,RefSeq,Q15759,48
439,RefSeq,P09917,48
440,RefSeq,Q07869,48
441,RefSeq,Q12851,48
442,RefSeq,NP_036923,48
443,RefSeq,AAI29989,48
444,RefSeq,P54760,47
445,RefSeq,P22455,47
446,RefSeq,P28222,47
447,RefSeq,Q9UQL6,47
448,RefSeq,Q9UQB9,47
449,RefSeq,P17612,47
450,RefSeq,P13945,47
451,RefSeq,P09769,47
452,RefSeq,Q9Y572,47
453,RefSeq,NP_000876,47
454,RefSeq,ABC94591,47
455,RefSeq,P51812,46
456,RefSeq,P27361,46
457,RefSeq,P29275,46
458,RefSeq,P56524,46
459,RefSeq,P04049,46
460,RefSeq,P18031,46
461,RefSeq,Q13188,46
462,RefSeq,XP_001349989,46
463,RefSeq,Q9Y6L6,46
464,RefSeq,NP_066921,46
465,RefSeq,BAH02301,46
466,RefSeq,Q00960,45
467,RefSeq,P28566,45
468,RefSeq,Q92731,45
469,RefSeq,Q9HBH9,45
470,RefSeq,Q9NWZ3,45
471,RefSeq,O42713,45
472,RefSeq,Q16620,45
473,RefSeq,NP_858045,45
474,RefSeq,NP_001171675,45
475,RefSeq,NP_001341533,45
476,RefSeq,NP_000143,45
477,RefSeq,NP_000900,44
478,RefSeq,Q00961,44
479,RefSeq,Q96DB2,44
480,RefSeq,Q8WUI4,44
481,RefSeq,P04798,44
482,RefSeq,Q5S007,44
483,RefSeq,P68400,44
484,RefSeq,NP_002244,44
485,RefSeq,3I06_A,44
486,RefSeq,AAI30323,44
487,RefSeq,NP_032451,44
488,RefSeq,XP_001348591,44
489,RefSeq,Q8TD08,43
490,RefSeq,P19969,43
491,RefSeq,P63138,43
492,RefSeq,P63079,43
493,RefSeq,P18508,43
494,RefSeq,P23576,43
495,RefSeq,P14867,43
496,RefSeq,O76074,43
497,RefSeq,NP_001243690,43
498,RefSeq,P28564,43
499,RefSeq,Q9BZL6,43
500,RefSeq,P51617,43
501,RefSeq,P36507,43
502,RefSeq,Q9NSY1,43
503,RefSeq,AAB64013,43
504,RefSeq,EAW91923,43
505,RefSeq,NP_001139412,43
506,RefSeq,NP_004242,43
507,RefSeq,NP_002559,43
508,RefSeq,P20236,42
509,RefSeq,P23574,42
510,RefSeq,Q62645,42
511,RefSeq,P47898,42
512,RefSeq,P33981,42
513,RefSeq,Q969S8,42
514,RefSeq,NP_000858,42
515,RefSeq,Q9H2K8,42
516,RefSeq,Q00536,42
517,RefSeq,P06213,42
518,RefSeq,Q13470,42
519,RefSeq,Q13546,42
520,RefSeq,CAA46986,42
521,RefSeq,NP_003271,42
522,RefSeq,NP_001001431,42
523,RefSeq,NP_000354,42
524,RefSeq,NP_001612,42
525,RefSeq,AAR07906,42
526,RefSeq,NP_057090,42
527,RefSeq,NP_001013728,42
528,RefSeq,NP_000262,42
529,RefSeq,Q07912,41
530,RefSeq,NP_000901,41
531,RefSeq,P28473,41
532,RefSeq,P15431,41
533,RefSeq,O09028,41
534,RefSeq,P18506,41
535,RefSeq,P30191,41
536,RefSeq,Q9ES14,41
537,RefSeq,P28471,41
538,RefSeq,Q91ZM7,41
539,RefSeq,Q00959,41
540,RefSeq,Q9UKV0,41
541,RefSeq,P06276,41
542,RefSeq,P78396,41
543,RefSeq,P15121,41
544,RefSeq,P35498,41
545,RefSeq,O95067,41
546,RefSeq,O60341,41
547,RefSeq,P08069,41
548,RefSeq,Q7L7X3,41
549,RefSeq,P41240,41
550,RefSeq,P53667,41
551,RefSeq,Q96RR4,41
552,RefSeq,P29323,41
553,RefSeq,Q56UN5,41
554,RefSeq,P16083,41
555,RefSeq,NP_003734,41
556,RefSeq,AAC63361,41
557,RefSeq,NP_068594,41
558,RefSeq,NP_001167549,41
559,RefSeq,Q9R1M7,40
560,RefSeq,Q8VHN2,40
561,RefSeq,Q9BUB5,40
562,RefSeq,Q9HC97,40
563,RefSeq,P07943,40
564,RefSeq,P34972,40
565,RefSeq,P51813,40
566,RefSeq,Q16512,40
567,RefSeq,P16591,40
568,RefSeq,NP_066285,40
569,RefSeq,CAA80661,40
570,RefSeq,NP_009330,40
571,RefSeq,NP_644806,40
572,RefSeq,YP_003708382,40
573,RefSeq,P30556,39
574,RefSeq,P17252,39
575,RefSeq,Q8WWL7,39
576,RefSeq,Q14289,39
577,RefSeq,Q9UK32,39
578,RefSeq,Q92918,39
579,RefSeq,P54764,39
580,RefSeq,Q8TBX8,39
581,RefSeq,Q8C6L5,39
582,RefSeq,NP_006083,39
583,RefSeq,AAB23646,39
584,RefSeq,NP_217253,39
585,RefSeq,AAG43493,39
586,RefSeq,NP_001091683,38
587,RefSeq,Q92630,38
588,RefSeq,P31749,38
589,RefSeq,P22002,38
590,RefSeq,Q96RI1,38
591,RefSeq,P53671,38
592,RefSeq,P42680,38
593,RefSeq,ABD72211,38
594,RefSeq,NP_001121649,38
595,RefSeq,NP_001041666,38
596,RefSeq,NP_000428,38
597,RefSeq,AAI43360,38
598,RefSeq,O15296,38
599,RefSeq,NP_001370,38
600,RefSeq,EAW58811,38
601,RefSeq,Q9Y463,37
602,RefSeq,Q05655,37
603,RefSeq,Q9NY46,37
604,RefSeq,P18901,37
605,RefSeq,P21709,37
606,RefSeq,P48729,37
607,RefSeq,NP_000855,37
608,RefSeq,Q13043,37
609,RefSeq,O75460,37
610,RefSeq,Q16584,37
611,RefSeq,NP_006209,37
612,RefSeq,Q9NPD5,37
613,RefSeq,NP_003989,37
614,RefSeq,NP_652928,37
615,RefSeq,NP_003339,37
616,RefSeq,P53350,36
617,RefSeq,Q07343,36
618,RefSeq,Q15139,36
619,RefSeq,P54619,36
620,RefSeq,O00238,36
621,RefSeq,P36896,36
622,RefSeq,P14902,36
623,RefSeq,Q15303,36
624,RefSeq,NP_004110,36
625,RefSeq,NP_003812,36
626,RefSeq,NP_005017,36
627,RefSeq,CAA81943,36
628,RefSeq,2HDS_A,36
629,RefSeq,AAH04460,36
630,RefSeq,P51946,35
631,RefSeq,NP_057658,35
632,RefSeq,P56817,35
633,RefSeq,NP_055535,35
634,RefSeq,P23443,35
635,RefSeq,Q13936,35
636,RefSeq,Q8IVH8,35
637,RefSeq,Q9Y616,35
638,RefSeq,P27448,35
639,RefSeq,O96013,35
640,RefSeq,2LM5_A,35
641,RefSeq,AAC03365,35
642,RefSeq,NP_006333,35
643,RefSeq,NP_602296,35
644,RefSeq,AAH32638,35
645,RefSeq,NP_005604,35
646,RefSeq,Q04759,34
647,RefSeq,NP_000902,34
648,RefSeq,P21918,34
649,RefSeq,NP_001075445,34
650,RefSeq,P19020,34
651,RefSeq,P02766,34
652,RefSeq,P35563,34
653,RefSeq,Q8TDU6,34
654,RefSeq,Q9UHD2,34
655,RefSeq,Q9UBF8,34
656,RefSeq,P54756,34
657,RefSeq,Q8N4C8,34
658,RefSeq,NP_002640,34
659,RefSeq,P67870,34
660,RefSeq,NP_057851,34
661,RefSeq,AAR18078,34
662,RefSeq,CAA41086,34
663,RefSeq,AAI51237,34
664,RefSeq,Q9D6N1,33
665,RefSeq,NP_000666,33
666,RefSeq,Q92793,33
667,RefSeq,P32249,33
668,RefSeq,O75676,33
669,RefSeq,NP_000854,33
670,RefSeq,P37173,33
671,RefSeq,Q16288,33
672,RefSeq,O42275,33
673,RefSeq,O43318,33
674,RefSeq,NP_002600,33
675,RefSeq,Q04912,33
676,RefSeq,NP_000302,33
677,RefSeq,Q9HAT2,33
678,RefSeq,CAA62974,33
679,RefSeq,1JY1_A,33
680,RefSeq,NP_214572,33
681,RefSeq,AEL63844,33
682,RefSeq,Q58F21,32
683,RefSeq,P18507,32
684,RefSeq,P49137,32
685,RefSeq,Q9JJ16,32
686,RefSeq,P31652,32
687,RefSeq,XP_843920,32
688,RefSeq,O95271,32
689,RefSeq,Q00024,32
690,RefSeq,O75385,32
691,RefSeq,NP_000907,32
692,RefSeq,O14578,32
693,RefSeq,Q26304,32
694,RefSeq,AAH17351,32
695,RefSeq,AAB69001,32
696,RefSeq,NP_002810,32
697,RefSeq,AAI02981,32
698,RefSeq,O75716,31
699,RefSeq,P05979,31
700,RefSeq,P34913,31
701,RefSeq,P22694,31
702,RefSeq,P14780,31
703,RefSeq,P14618,31
704,RefSeq,Q07820,31
705,RefSeq,P08922,31
706,RefSeq,NP_958441,31
707,RefSeq,Q7KZI7,31
708,RefSeq,NP_006210,31
709,RefSeq,Q8N884,31
710,RefSeq,Q15746,31
711,RefSeq,NP_492143,31
712,RefSeq,Q72547,31
713,RefSeq,Q8N1Q1,30
714,RefSeq,Q99N23,30
715,RefSeq,NP_000905,30
716,RefSeq,P49761,30
717,RefSeq,P05067,30
718,RefSeq,P49336,30
719,RefSeq,NP_005903,30
720,RefSeq,Q14164,30
721,RefSeq,P08253,30
722,RefSeq,O00519,30
723,RefSeq,Q9H2K2,30
724,RefSeq,C7FF05,30
725,RefSeq,C7FF04,30
726,RefSeq,Q08881,30
727,RefSeq,P24666,30
728,RefSeq,P29320,30
729,RefSeq,P07332,30
730,RefSeq,NP_076917,30
731,RefSeq,NP_612815,30
732,RefSeq,AAH94064,30
733,RefSeq,NP_001019265,30
734,RefSeq,NP_113735,30
735,RefSeq,AAH66928,30
736,RefSeq,P29276,29
737,RefSeq,P0C6X7,29
738,RefSeq,Q9NYV4,29
739,RefSeq,Q13164,29
740,RefSeq,Q08493,29
741,RefSeq,NP_000862,29
742,RefSeq,Q7ZJM1,29
743,RefSeq,Q9UGN5,29
744,RefSeq,P31389,29
745,RefSeq,Q06418,29
746,RefSeq,P42330,29
747,RefSeq,NP_005202,29
748,RefSeq,Q15375,29
749,RefSeq,O14757,29
750,RefSeq,P00784,29
751,RefSeq,Q9Y2K2,29
752,RefSeq,NP_068810,29
753,RefSeq,AAK17196,29
754,RefSeq,AAH32261,29
755,RefSeq,AAH33210,29
756,RefSeq,AAC14371,29
757,RefSeq,NP_032899,29
758,RefSeq,NP_035243,29
759,RefSeq,NP_032903,29
760,RefSeq,CAA96025,29
761,RefSeq,NP_374707,29
762,RefSeq,P29376,28
763,RefSeq,P25440,28
764,RefSeq,NP_000667,28
765,RefSeq,P34903,28
766,RefSeq,P81908,28
767,RefSeq,Q8NEB9,28
768,RefSeq,P31644,28
769,RefSeq,P47869,28
770,RefSeq,P21452,28
771,RefSeq,P25103,28
772,RefSeq,Q9UBE8,28
773,RefSeq,O60218,28
774,RefSeq,P05771,28
775,RefSeq,P10415,28
776,RefSeq,O75762,28
777,RefSeq,P53778,28
778,RefSeq,P54646,28
779,RefSeq,P29322,28
780,RefSeq,P51948,28
781,RefSeq,Q15349,28
782,RefSeq,P00523,28
783,RefSeq,Q9UL54,28
784,RefSeq,Q9Y2U5,28
785,RefSeq,Q9UF33,28
786,RefSeq,Q8NE63,28
787,RefSeq,Q00537,28
788,RefSeq,Q6ZSR9,28
789,RefSeq,EAW90694,28
790,RefSeq,YP_325663,28
791,RefSeq,ABN45876,28
792,RefSeq,NP_056293,28
793,RefSeq,NP_005152,28
794,RefSeq,Q9C0B1,28
795,RefSeq,Q09472,27
796,RefSeq,NP_001041695,27
797,RefSeq,P28074,27
798,RefSeq,P10980,27
799,RefSeq,Q9H093,27
800,RefSeq,Q02156,27
801,RefSeq,P07900,27
802,RefSeq,Q9UGJ0,27
803,RefSeq,Q9Y243,27
804,RefSeq,O14920,27
805,RefSeq,P37023,27
806,RefSeq,Q03181,27
807,RefSeq,Q16513,27
808,RefSeq,O75582,27
809,RefSeq,P35590,27
810,RefSeq,Q13233,27
811,RefSeq,O96017,27
812,RefSeq,O95835,27
813,RefSeq,P15735,27
814,RefSeq,NP_002059,27
815,RefSeq,P30536,27
816,RefSeq,Q9P289,27
817,RefSeq,CAB06100,27
818,RefSeq,NP_037409,27
819,RefSeq,NP_127497,27
820,RefSeq,NP_032062,27
821,RefSeq,CAA56931,27
822,RefSeq,NP_004358,27
823,RefSeq,NP_418280,27
824,RefSeq,Q9XUB2,27
825,RefSeq,AAI36467,27
826,RefSeq,Q690N0,27
827,RefSeq,Q9BVC4,26
828,RefSeq,Q01827,26
829,RefSeq,Q15059,26
830,RefSeq,Q96KQ7,26
831,RefSeq,P08485,26
832,RefSeq,Q00526,26
833,RefSeq,Q15858,26
834,RefSeq,P28472,26
835,RefSeq,O15264,26
836,RefSeq,P08238,26
837,RefSeq,NP_062874,26
838,RefSeq,Q86V86,26
839,RefSeq,Q6PHR2,26
840,RefSeq,P24557,26
841,RefSeq,NP_000697,26
842,RefSeq,P28565,26
843,RefSeq,ABH03417,26
844,RefSeq,Q9H2X6,26
845,RefSeq,AAD14062,26
846,RefSeq,AAB59829,26
847,RefSeq,O14656,26
848,RefSeq,AAH18271,26
849,RefSeq,NP_003336,26
850,RefSeq,AAH03153,26
851,RefSeq,AAI21795,26
852,RefSeq,NP_004283,26
853,RefSeq,NP_057685,26
854,RefSeq,NP_067021,26
855,RefSeq,Q8N122,25
856,RefSeq,Q15910,25
857,RefSeq,P08483,25
858,RefSeq,Q13370,25
859,RefSeq,P22612,25
860,RefSeq,NP_075227,25
861,RefSeq,P05164,25
862,RefSeq,Q59H18,25
863,RefSeq,P30940,25
864,RefSeq,P19525,25
865,RefSeq,NP_006197,25
866,RefSeq,P80192,25
867,RefSeq,Q9UEE5,25
868,RefSeq,AAH17444,25
869,RefSeq,1N8E_E,25
870,RefSeq,NP_036519,25
871,RefSeq,NP_004520,25
872,RefSeq,AAI28575,25
873,RefSeq,EAW86722,25
874,RefSeq,AAF95916,25
875,RefSeq,Q13224,24
876,RefSeq,Q60492,24
877,RefSeq,NP_003605,24
878,RefSeq,P12527,24
879,RefSeq,Q13557,24
880,RefSeq,NP_077341,24
881,RefSeq,Q9Y478,24
882,RefSeq,O43293,24
883,RefSeq,Q99685,24
884,RefSeq,Q16531,24
885,RefSeq,P22830,24
886,RefSeq,P57059,24
887,RefSeq,Q14004,24
888,RefSeq,NP_000856,24
889,RefSeq,C7C422,24
890,RefSeq,P30291,24
891,RefSeq,NP_003880,24
892,RefSeq,CAB40158,24
893,RefSeq,Q8NEV1,24
894,RefSeq,AAH18648,24
895,RefSeq,P00734,23
896,RefSeq,P07451,23
897,RefSeq,Q05586,23
898,RefSeq,P08911,23
899,RefSeq,Q8IYL9,23
900,RefSeq,Q9BWU1,23
901,RefSeq,O00750,23
902,RefSeq,NP_000206,23
903,RefSeq,Q9Y618,23
904,RefSeq,P97612,23
905,RefSeq,P21860,23
906,RefSeq,P68371,23
907,RefSeq,P07437,23
908,RefSeq,P54762,23
909,RefSeq,NP_002084,23
910,RefSeq,CAI16307,23
911,RefSeq,NP_071445,23
912,RefSeq,NP_976226,23
913,RefSeq,Q96FL8,23
914,RefSeq,EAW82767,23
915,RefSeq,CDO16711,23
916,RefSeq,AAG29340,23
917,RefSeq,CDO16358,23
918,RefSeq,1ZHH_B,23
919,RefSeq,ABY84639,23
920,RefSeq,1ZHH_A,23
921,RefSeq,P30729,23
922,RefSeq,NP_000954,23
923,RefSeq,P01889,22
924,RefSeq,O43781,22
925,RefSeq,Q5NUL3,22
926,RefSeq,Q92847,22
927,RefSeq,P40337,22
928,RefSeq,P32305,22
929,RefSeq,NP_000671,22
930,RefSeq,P36894,22
931,RefSeq,P25101,22
932,RefSeq,Q01668,22
933,RefSeq,NP_001391,22
934,RefSeq,NP_001087241,22
935,RefSeq,P28845,22
936,RefSeq,P01116,22
937,RefSeq,P68363,22
938,RefSeq,Q9BQE3,22
939,RefSeq,Q13509,22
940,RefSeq,Q9BVA1,22
941,RefSeq,Q9BUF5,22
942,RefSeq,P68366,22
943,RefSeq,NP_001789,22
944,RefSeq,Q9H422,22
945,RefSeq,NP_004447,22
946,RefSeq,Q13133,22
947,RefSeq,Q9NXA8,22
948,RefSeq,AAF61483,22
949,RefSeq,NP_003591,22
950,RefSeq,NP_003986,22
951,RefSeq,Q548M1,22
952,RefSeq,Q7BGE6,22
953,RefSeq,AAA42670,22
954,RefSeq,NP_000448,22
955,RefSeq,AAH14970,22
956,RefSeq,Q9WTR4,22
957,RefSeq,P23977,22
958,RefSeq,NP_001191194,22
959,RefSeq,P35869,22
960,RefSeq,P47989,22
961,RefSeq,NP_001074551,22
962,RefSeq,Q5AJ71,21
963,RefSeq,Q9H4B4,21
964,RefSeq,P30281,21
965,RefSeq,P47870,21
966,RefSeq,Q12879,21
967,RefSeq,O60285,21
968,RefSeq,Q8TDV5,21
969,RefSeq,P25089,21
970,RefSeq,P21453,21
971,RefSeq,Q8IYT8,21
972,RefSeq,Q92542,21
973,RefSeq,O43193,21
974,RefSeq,NP_003874,21
975,RefSeq,Q16665,21
976,RefSeq,NP_004963,21
977,RefSeq,Q9Y5Y9,21
978,RefSeq,Q9UQD0,21
979,RefSeq,Q07817,21
980,RefSeq,NP_002639,21
981,RefSeq,Q9H3N8,21
982,RefSeq,Q9P1W9,21
983,RefSeq,P31751,21
984,RefSeq,P18130,21
985,RefSeq,P03956,21
986,RefSeq,P12530,21
987,RefSeq,O15244,21
988,RefSeq,Q13698,21
989,RefSeq,O60840,21
990,RefSeq,P42681,21
991,RefSeq,P04350,21
992,RefSeq,Q3ZCM7,21
993,RefSeq,Q71U36,21
994,RefSeq,Q86Z02,21
995,RefSeq,Q9UPZ9,21
996,RefSeq,AAC51766,21
997,RefSeq,Q96L34,21
998,RefSeq,NP_006531,21
999,RefSeq,O15439,21
1000,RefSeq,P35398,21
1001,RefSeq,Q99759,21
1002,RefSeq,NP_057231,21
1003,RefSeq,ADQ57959,21
1004,RefSeq,O15455,21
1005,RefSeq,Q4U2R8,21
1006,RefSeq,P13569,21
1007,RefSeq,NP_003292,21
1008,RefSeq,NP_015090,21
1009,RefSeq,Q2I0M4,21
1010,RefSeq,CAA84846,21
1011,RefSeq,NP_065688,21
1012,RefSeq,NP_000788,20
1013,RefSeq,O96020,20
1014,RefSeq,Q8WW43,20
1015,RefSeq,Q96BI3,20
1016,RefSeq,P49810,20
1017,RefSeq,P49768,20
1018,RefSeq,Q9NZ42,20
1019,RefSeq,Q13535,20
1020,RefSeq,P79208,20
1021,RefSeq,NP_006866,20
1022,RefSeq,O70528,20
1023,RefSeq,P36544,20
1024,RefSeq,P08254,20
1025,RefSeq,Q13639,20
1026,RefSeq,P14174,20
1027,RefSeq,Q04206,20
1028,RefSeq,Q13705,20
1029,RefSeq,P37288,20
1030,RefSeq,Q99835,20
1031,RefSeq,P29466,20
1032,RefSeq,Q6PEY2,20
1033,RefSeq,Q9H4B7,20
1034,RefSeq,P0DPH7,20
1035,RefSeq,Q13885,20
1036,RefSeq,NP_005408,20
1037,RefSeq,Q9NRP7,20
1038,RefSeq,NP_004324,20
1039,RefSeq,Q9BVS4,20
1040,RefSeq,P45452,20
1041,RefSeq,NP_063937,20
1042,RefSeq,Q13555,20
1043,RefSeq,2VM6_A,20
1044,RefSeq,Q8IWQ3,20
1045,RefSeq,Q32MK0,20
1046,RefSeq,P54753,20
1047,RefSeq,P10809,20
1048,RefSeq,NP_001153503,20
1049,RefSeq,1RA7_A,20
1050,RefSeq,NP_001136020,20
1051,RefSeq,Q62758,20
1052,RefSeq,NP_004960,20
1053,RefSeq,Q72874,20
1054,RefSeq,NP_001139628,20
1055,RefSeq,AAI27629,20
1056,RefSeq,NP_505172,20
1057,RefSeq,AAI08696,20
1058,RefSeq,ACG60651,20
1059,RefSeq,P47747,20
1060,RefSeq,P27487,20
1061,RefSeq,P04278,20
1062,RefSeq,BAA25751,20
1063,RefSeq,NP_001521,20
1064,RefSeq,AAC37594,20
1065,RefSeq,Q3I4V7,19
1066,RefSeq,NP_000669,19
1067,RefSeq,NP_058851,19
1068,RefSeq,P50052,19
1069,RefSeq,P25095,19
1070,RefSeq,Q16445,19
1071,RefSeq,O15399,19
1072,RefSeq,Q8NER1,19
1073,RefSeq,NP_001610,19
1074,RefSeq,NP_000857,19
1075,RefSeq,P20813,19
1076,RefSeq,Q7Z2W7,19
1077,RefSeq,NP_001008910,19
1078,RefSeq,Q8NI60,19
1079,RefSeq,NP_000670,19
1080,RefSeq,NP_003174,19
1081,RefSeq,P31390,19
1082,RefSeq,P19838,19
1083,RefSeq,Q9BQI3,19
1084,RefSeq,P01375,19
1085,RefSeq,Q96EB6,19
1086,RefSeq,Q8IXJ6,19
1087,RefSeq,Q05769,19
1088,RefSeq,NP_001945,19
1089,RefSeq,Q9HCP0,19
1090,RefSeq,Q8TD19,19
1091,RefSeq,Q92772,19
1092,RefSeq,Q9BYT3,19
1093,RefSeq,Q9P2K8,19
1094,RefSeq,P51955,19
1095,RefSeq,Q9Y6R4,19
1096,RefSeq,NP_004944,19
1097,RefSeq,NP_031943,19
1098,RefSeq,NP_414973,19
1099,RefSeq,NP_777239,19
1100,RefSeq,AAN87168,19
1101,RefSeq,NP_056953,19
1102,RefSeq,P61604,19
1103,RefSeq,P9WFX0,19
1104,RefSeq,NP_006555,19
1105,RefSeq,Q9R0C9,19
1106,RefSeq,AAH42418,19
1107,RefSeq,P33535,18
1108,RefSeq,P9WPJ7,18
1109,RefSeq,P28190,18
1110,RefSeq,P29089,18
1111,RefSeq,Q14957,18
1112,RefSeq,P43220,18
1113,RefSeq,P00742,18
1114,RefSeq,Q99572,18
1115,RefSeq,O75874,18
1116,RefSeq,O15530,18
1117,RefSeq,Q9NQS5,18
1118,RefSeq,P15206,18
1119,RefSeq,Q9DGD3,18
1120,RefSeq,P50281,18
1121,RefSeq,P37238,18
1122,RefSeq,Q70CQ3,18
1123,RefSeq,Q96RU2,18
1124,RefSeq,A8MUK1,18
1125,RefSeq,Q9NYK1,18
1126,RefSeq,O00748,18
1127,RefSeq,P13631,18
1128,RefSeq,P33527,18
1129,RefSeq,Q15569,18
1130,RefSeq,P78368,18
1131,RefSeq,NP_002871,18
1132,RefSeq,Q9H3Y6,18
1133,RefSeq,P00374,18
1134,RefSeq,Q9UQM7,18
1135,RefSeq,Q13873,18
1136,RefSeq,Q13153,18
1137,RefSeq,NP_004196,18
1138,RefSeq,P21462,18
1139,RefSeq,ACP44172,18
1140,RefSeq,AAC50996,18
1141,RefSeq,NP_150634,18
1142,RefSeq,NP_037457,18
1143,RefSeq,AAF24178,18
1144,RefSeq,2QQI_A,18
1145,RefSeq,NP_542158,18
1146,RefSeq,Q96P20,18
1147,RefSeq,NP_001745,18
1148,RefSeq,NP_074036,18
1149,RefSeq,A6YCJ1,17
1150,RefSeq,B5SU02,17
1151,RefSeq,C0IX24,17
1152,RefSeq,P9WPJ9,17
1153,RefSeq,NP_001036,17
1154,RefSeq,P28647,17
1155,RefSeq,P48169,17
1156,RefSeq,P35414,17
1157,RefSeq,NP_004955,17
1158,RefSeq,P25025,17
1159,RefSeq,NP_620583,17
1160,RefSeq,P41743,17
1161,RefSeq,P24723,17
1162,RefSeq,P53355,17
1163,RefSeq,P05093,17
1164,RefSeq,P31639,17
1165,RefSeq,P12821,17
1166,RefSeq,P08235,17
1167,RefSeq,O14684,17
1168,RefSeq,NP_005674,17
1169,RefSeq,P11509,17
1170,RefSeq,O15146,17
1171,RefSeq,NP_065681,17
1172,RefSeq,P46734,17
1173,RefSeq,O75909,17
1174,RefSeq,NP_002746,17
1175,RefSeq,Q99640,17
1176,RefSeq,Q9Y6F1,17
1177,RefSeq,Q02127,17
1178,RefSeq,P11388,17
1179,RefSeq,Q09013,17
1180,RefSeq,Q5VT25,17
1181,RefSeq,NP_000585,17
1182,RefSeq,NP_003801,17
1183,RefSeq,YP_001129466,17
1184,RefSeq,NP_004208,17
1185,RefSeq,NP_891555,17
1186,RefSeq,O15245,17
1187,RefSeq,NP_001035889,17
1188,RefSeq,AAH30775,17
1189,RefSeq,NP_852610,17
1190,RefSeq,O95264,17
1191,RefSeq,CAA52898,17
1192,RefSeq,AAX80043,17
1193,RefSeq,AAG02439,17
1194,RefSeq,P16050,17
1195,RefSeq,AAI32679,17
1196,RefSeq,P41144,16
1197,RefSeq,Q31FD6,16
1198,RefSeq,Q6FTL6,16
1199,RefSeq,B2V8E3,16
1200,RefSeq,NP_002218,16
1201,RefSeq,NP_000672,16
1202,RefSeq,Q9BPZ7,16
1203,RefSeq,Q6R327,16
1204,RefSeq,Q9NYY3,16
1205,RefSeq,P18505,16
1206,RefSeq,O14764,16
1207,RefSeq,Q9Y233,16
1208,RefSeq,Q9GZT9,16
1209,RefSeq,P05129,16
1210,RefSeq,P35499,16
1211,RefSeq,Q15118,16
1212,RefSeq,P13866,16
1213,RefSeq,P09483,16
1214,RefSeq,P12390,16
1215,RefSeq,Q05941,16
1216,RefSeq,P41597,16
1217,RefSeq,Q06124,16
1218,RefSeq,P19643,16
1219,RefSeq,O43613,16
1220,RefSeq,O43614,16
1221,RefSeq,P30518,16
1222,RefSeq,P19793,16
1223,RefSeq,O15111,16
1224,RefSeq,P10276,16
1225,RefSeq,O95069,16
1226,RefSeq,NP_005347,16
1227,RefSeq,Q9H1R3,16
1228,RefSeq,NP_112168,16
1229,RefSeq,O75914,16
1230,RefSeq,NP_000213,16
1231,RefSeq,O76039,16
1232,RefSeq,NP_001706,16
1233,RefSeq,P21127,16
1234,RefSeq,Q96PY6,16
1235,RefSeq,P40763,16
1236,RefSeq,Q13315,16
1237,RefSeq,NP_001167538,16
1238,RefSeq,O15075,16
1239,RefSeq,Q460N5,16
1240,RefSeq,AAH70052,16
1241,RefSeq,Q93009,16
1242,RefSeq,P55055,16
1243,RefSeq,Q9C098,16
1244,RefSeq,Q9Y5S2,16
1245,RefSeq,NP_000509,16
1246,RefSeq,Q8R4B8,16
1247,RefSeq,NP_055369,16
1248,RefSeq,Q9BTU6,16
1249,RefSeq,NP_001001890,16
1250,RefSeq,NP_001746,16
1251,RefSeq,AAN35928,16
1252,RefSeq,A5X5Y0,16
1253,RefSeq,NP_058950,16
1254,RefSeq,Q8WXA8,16
1255,RefSeq,BAG55070,16
1256,RefSeq,NP_005924,16
1257,RefSeq,NP_000042,16
1258,RefSeq,NP_001137276,16
1259,RefSeq,P25115,16
1260,RefSeq,O35505,16
1261,RefSeq,P23141,16
1262,RefSeq,NP_001138783,16
1263,RefSeq,AAC50179,16
1264,RefSeq,NP_001428,16
1265,RefSeq,NP_000674,16
1266,RefSeq,NP_014001,16
1267,RefSeq,P33533,15
1268,RefSeq,P97266,15
1269,RefSeq,NP_000903,15
1270,RefSeq,Q9H9B1,15
1271,RefSeq,P19491,15
1272,RefSeq,NP_006035,15
1273,RefSeq,O43451,15
1274,RefSeq,Q01118,15
1275,RefSeq,P78334,15
1276,RefSeq,Q9UN88,15
1277,RefSeq,Q8N1C3,15
1278,RefSeq,O00591,15
1279,RefSeq,Q99928,15
1280,RefSeq,Q9Y5Y4,15
1281,RefSeq,P42574,15
1282,RefSeq,Q13822,15
1283,RefSeq,P18266,15
1284,RefSeq,P08753,15
1285,RefSeq,BAE44387,15
1286,RefSeq,P14679,15
1287,RefSeq,P52895,15
1288,RefSeq,NP_001006633,15
1289,RefSeq,P10826,15
1290,RefSeq,NP_004841,15
1291,RefSeq,NP_000469,15
1292,RefSeq,Q6B856,15
1293,RefSeq,BAA35073,15
1294,RefSeq,Q8N5S9,15
1295,RefSeq,Q9NRM7,15
1296,RefSeq,Q9Y6M4,15
1297,RefSeq,NP_002022,15
1298,RefSeq,P45985,15
1299,RefSeq,P14616,15
1300,RefSeq,P62344,15
1301,RefSeq,NP_002341,15
1302,RefSeq,Q8TDR2,15
1303,RefSeq,P11387,15
1304,RefSeq,P14625,15
1305,RefSeq,Q13554,15
1306,RefSeq,EAW59941,15
1307,RefSeq,NP_001120972,15
1308,RefSeq,NP_659558,15
1309,RefSeq,Q99683,15
1310,RefSeq,Q00987,15
1311,RefSeq,NP_490597,15
1312,RefSeq,NP_004942,15
1313,RefSeq,Q9BRS2,15
1314,RefSeq,NP_937802,15
1315,RefSeq,P06240,15
1316,RefSeq,ABM97548,15
1317,RefSeq,Q86TW2,15
1318,RefSeq,P08246,15
1319,RefSeq,NP_006321,15
1320,RefSeq,Q70Z44,15
1321,RefSeq,B4URF0,15
1322,RefSeq,NP_057698,15
1323,RefSeq,NP_079406,15
1324,RefSeq,NP_057852,15
1325,RefSeq,AAH60765,15
1326,RefSeq,O94956,15
1327,RefSeq,Q14994,15
1328,RefSeq,P08185,15
1329,RefSeq,AAS58777,15
1330,RefSeq,NP_000673,15
1331,RefSeq,1VRU_A,15
1332,RefSeq,P53615,14
1333,RefSeq,Q95323,14
1334,RefSeq,A0A0H3GB68,14
1335,RefSeq,Q5TU56,14
1336,RefSeq,P0C6U8,14
1337,RefSeq,Q5U9J1,14
1338,RefSeq,NP_000675,14
1339,RefSeq,NP_000731,14
1340,RefSeq,Q9H8M2,14
1341,RefSeq,O14744,14
1342,RefSeq,P26358,14
1343,RefSeq,P61964,14
1344,RefSeq,P47745,14
1345,RefSeq,P49721,14
1346,RefSeq,Q8TCU5,14
1347,RefSeq,O60391,14
1348,RefSeq,O35433,14
1349,RefSeq,O39930,14
1350,RefSeq,Q05513,14
1351,RefSeq,P25098,14
1352,RefSeq,Q13258,14
1353,RefSeq,NP_003983,14
1354,RefSeq,O94768,14
1355,RefSeq,Q96SB4,14
1356,RefSeq,P23204,14
1357,RefSeq,NP_619725,14
1358,RefSeq,Q00653,14
1359,RefSeq,Q9NR97,14
1360,RefSeq,P43116,14
1361,RefSeq,P50172,14
1362,RefSeq,Q9NPH5,14
1363,RefSeq,NP_002010,14
1364,RefSeq,Q14012,14
1365,RefSeq,Q8NFD2,14
1366,RefSeq,Q9UQ88,14
1367,RefSeq,NP_000450,14
1368,RefSeq,NP_004295,14
1369,RefSeq,O00506,14
1370,RefSeq,P35222,14
1371,RefSeq,Q99814,14
1372,RefSeq,P09960,14
1373,RefSeq,O60331,14
1374,RefSeq,Q9P286,14
1375,RefSeq,Q6DT37,14
1376,RefSeq,Q9NQU5,14
1377,RefSeq,YP_401673,14
1378,RefSeq,NP_987096,14
1379,RefSeq,AAH09524,14
1380,RefSeq,NP_000256,14
1381,RefSeq,NP_005235,14
1382,RefSeq,AAH10859,14
1383,RefSeq,NP_004081,14
1384,RefSeq,Q63380,14
1385,RefSeq,NP_002927,14
1386,RefSeq,Q8TCC7,14
1387,RefSeq,NP_001032418,14
1388,RefSeq,NP_001159576,14
1389,RefSeq,NP_001165975,14
1390,RefSeq,P80457,14
1391,RefSeq,P02768,14
1392,RefSeq,Q6XQN6,14
1393,RefSeq,NP_003896,14
1394,RefSeq,NP_003960,14
1395,RefSeq,AAC46381,14
1396,RefSeq,P32300,13
1397,RefSeq,O24855,13
1398,RefSeq,P07711,13
1399,RefSeq,NP_001122302,13
1400,RefSeq,Q92800,13
1401,RefSeq,P19490,13
1402,RefSeq,P19492,13
1403,RefSeq,P19493,13
1404,RefSeq,Q9QYN8,13
1405,RefSeq,Q01064,13
1406,RefSeq,P06211,13
1407,RefSeq,NP_001201832,13
1408,RefSeq,NP_001518,13
1409,RefSeq,NP_002742,13
1410,RefSeq,Q15835,13
1411,RefSeq,P35355,13
1412,RefSeq,P31388,13
1413,RefSeq,P55210,13
1414,RefSeq,O43741,13
1415,RefSeq,Q9UIK4,13
1416,RefSeq,P51681,13
1417,RefSeq,P39900,13
1418,RefSeq,NP_001273725,13
1419,RefSeq,P43681,13
1420,RefSeq,P55263,13
1421,RefSeq,NP_001107802,13
1422,RefSeq,Q53GL7,13
1423,RefSeq,P24863,13
1424,RefSeq,P40818,13
1425,RefSeq,NP_000052,13
1426,RefSeq,Q92633,13
1427,RefSeq,P37136,13
1428,RefSeq,P24530,13
1429,RefSeq,NP_001005862,13
1430,RefSeq,Q862F3,13
1431,RefSeq,Q862L2,13
1432,RefSeq,Q16566,13
1433,RefSeq,Q9Y6E0,13
1434,RefSeq,AAC77369,13
1435,RefSeq,NP_006566,13
1436,RefSeq,NP_005219,13
1437,RefSeq,Q07002,13
1438,RefSeq,P18074,13
1439,RefSeq,Q15831,13
1440,RefSeq,AFR69056,13
1441,RefSeq,Q16816,13
1442,RefSeq,Q8WTQ7,13
1443,RefSeq,O94782,13
1444,RefSeq,P52564,13
1445,RefSeq,Q13177,13
1446,RefSeq,P51956,13
1447,RefSeq,Q99808,13
1448,RefSeq,AAQ03033,13
1449,RefSeq,BAA02545,13
1450,RefSeq,NP_066268,13
1451,RefSeq,AAH30027,13
1452,RefSeq,O43603,13
1453,RefSeq,YP_758647,13
1454,RefSeq,XP_001218773,13
1455,RefSeq,NP_000145,13
1456,RefSeq,NP_000688,13
1457,RefSeq,P97697,13
1458,RefSeq,AAA25265,13
1459,RefSeq,NP_008837,13
1460,RefSeq,XP_711691,13
1461,RefSeq,XP_718648,13
1462,RefSeq,NP_005288,13
1463,RefSeq,P04585,13
1464,RefSeq,Q965D5,13
1465,RefSeq,P51589,13
1466,RefSeq,NP_000919,13
1467,RefSeq,AAI36361,13
1468,RefSeq,AAG43026,13
1469,RefSeq,P32239,12
1470,RefSeq,NP_001138755,12
1471,RefSeq,Q8IU85,12
1472,RefSeq,P06756,12
1473,RefSeq,P21675,12
1474,RefSeq,Q03164,12
1475,RefSeq,Q9BQA1,12
1476,RefSeq,NP_445746,12
1477,RefSeq,P60900,12
1478,RefSeq,P20618,12
1479,RefSeq,P28062,12
1480,RefSeq,P05622,12
1481,RefSeq,Q9H3R0,12
1482,RefSeq,P10253,12
1483,RefSeq,Q13976,12
1484,RefSeq,P78536,12
1485,RefSeq,Q9UPE1,12
1486,RefSeq,P56373,12
1487,RefSeq,Q14833,12
1488,RefSeq,P32238,12
1489,RefSeq,O14842,12
1490,RefSeq,Q99571,12
1491,RefSeq,NP_001517,12
1492,RefSeq,P02550,12
1493,RefSeq,O00311,12
1494,RefSeq,P23795,12
1495,RefSeq,Q86VL8,12
1496,RefSeq,P22460,12
1497,RefSeq,Q62226,12
1498,RefSeq,P04058,12
1499,RefSeq,P21836,12
1500,RefSeq,Q3SZX4,12
1501,RefSeq,NP_005252,12
1502,RefSeq,NP_112603,12
1503,RefSeq,P48775,12
1504,RefSeq,NP_004926,12
1505,RefSeq,NP_005246,12
1506,RefSeq,Q96Q40,12
1507,RefSeq,NP_005415,12
1508,RefSeq,NP_001073917,12
1509,RefSeq,P57078,12
1510,RefSeq,O94921,12
1511,RefSeq,NP_001690,12
1512,RefSeq,Q9HC35,12
1513,RefSeq,P22894,12
1514,RefSeq,NP_000866,12
1515,RefSeq,P11166,12
1516,RefSeq,Q00613,12
1517,RefSeq,P49327,12
1518,RefSeq,Q14694,12
1519,RefSeq,AAC57158,12
1520,RefSeq,Q86YV6,12
1521,RefSeq,Q02779,12
1522,RefSeq,Q8TDX7,12
1523,RefSeq,Q99755,12
1524,RefSeq,O14746,12
1525,RefSeq,O14730,12
1526,RefSeq,O15427,12
1527,RefSeq,NP_001220,12
1528,RefSeq,Q96D53,12
1529,RefSeq,Q61831,12
1530,RefSeq,BAH11167,12
1531,RefSeq,AAP13898,12
1532,RefSeq,NP_000789,12
1533,RefSeq,Q9YQ12,12
1534,RefSeq,P63092,12
1535,RefSeq,P20288,12
1536,RefSeq,Q8TDS4,12
1537,RefSeq,Q16236,12
1538,RefSeq,P14061,12
1539,RefSeq,P12822,12
1540,RefSeq,Q8K4Z4,12
1541,RefSeq,P21447,12
1542,RefSeq,P19139,12
1543,RefSeq,P67874,12
1544,RefSeq,AAB17381,12
1545,RefSeq,NP_004095,12
1546,RefSeq,NP_032426,12
1547,RefSeq,AAH03636,12
1548,RefSeq,P07858,11
1549,RefSeq,NP_001209,11
1550,RefSeq,P05106,11
1551,RefSeq,P05556,11
1552,RefSeq,P55201,11
1553,RefSeq,Q9BYF1,11
1554,RefSeq,P28065,11
1555,RefSeq,Q5U3Y7,11
1556,RefSeq,Q8IW41,11
1557,RefSeq,Q16659,11
1558,RefSeq,P07477,11
1559,RefSeq,NP_056542,11
1560,RefSeq,O75164,11
1561,RefSeq,Q86U86,11
1562,RefSeq,P35408,11
1563,RefSeq,P14410,11
1564,RefSeq,P00517,11
1565,RefSeq,Q9UGI9,11
1566,RefSeq,Q28838,11
1567,RefSeq,P10398,11
1568,RefSeq,O43526,11
1569,RefSeq,NP_001035262,11
1570,RefSeq,Q13255,11
1571,RefSeq,O35678,11
1572,RefSeq,O14939,11
1573,RefSeq,P35228,11
1574,RefSeq,P29475,11
1575,RefSeq,Q04828,11
1576,RefSeq,P09936,11
1577,RefSeq,Q96RJ0,11
1578,RefSeq,P21396,11
1579,RefSeq,NP_001106283,11
1580,RefSeq,NP_001243672,11
1581,RefSeq,NP_001077089,11
1582,RefSeq,NP_001244952,11
1583,RefSeq,O62664,11
1584,RefSeq,NP_005149,11
1585,RefSeq,NP_005239,11
1586,RefSeq,Q6XUX3,11
1587,RefSeq,CAA49505,11
1588,RefSeq,NP_003309,11
1589,RefSeq,O43283,11
1590,RefSeq,Q6P3R8,11
1591,RefSeq,NP_001790,11
1592,RefSeq,Q07422,11
1593,RefSeq,P0ABQ4,11
1594,RefSeq,Q9P0L2,11
1595,RefSeq,Q12931,11
1596,RefSeq,Q9H0J9,11
1597,RefSeq,NP_001036236,11
1598,RefSeq,P43403,11
1599,RefSeq,AAC47329,11
1600,RefSeq,NP_821133,11
1601,RefSeq,P32298,11
1602,RefSeq,P49286,11
1603,RefSeq,P48039,11
1604,RefSeq,Q02880,11
1605,RefSeq,Q15125,11
1606,RefSeq,P53985,11
1607,RefSeq,P27707,11
1608,RefSeq,NP_899192,11
1609,RefSeq,NP_001036064,11
1610,RefSeq,NP_006828,11
1611,RefSeq,NP_660341,11
1612,RefSeq,NP_000897,11
1613,RefSeq,NP_032341,11
1614,RefSeq,NP_058946,11
1615,RefSeq,AGX85006,11
1616,RefSeq,XP_717710,11
1617,RefSeq,P03308,11
1618,RefSeq,AAI03867,11
1619,RefSeq,P09467,11
1620,RefSeq,Q16762,11
1621,RefSeq,O95977,11
1622,RefSeq,Q9H228,11
1623,RefSeq,P49238,11
1624,RefSeq,1MU2_A,11
1625,RefSeq,Q965D7,11
1626,RefSeq,Q965D6,11
1627,RefSeq,Q9UHH9,11
1628,RefSeq,P06536,11
1629,RefSeq,P32352,11
1630,RefSeq,P80025,11
1631,RefSeq,P04035,11
1632,RefSeq,XP_001349846,11
1633,RefSeq,P23415,11
1634,RefSeq,AAC05303,11
1635,RefSeq,NP_000709,11
1636,RefSeq,3EVG_A,11
1637,RefSeq,AAA73923,11
1638,RefSeq,CAB53579,11
1639,RefSeq,P23946,10
1640,RefSeq,NP_005949,10
1641,RefSeq,Q86U44,10
1642,RefSeq,P35351,10
1643,RefSeq,P25789,10
1644,RefSeq,P40306,10
1645,RefSeq,O75747,10
1646,RefSeq,NP_001116214,10
1647,RefSeq,Q62986,10
1648,RefSeq,P25024,10
1649,RefSeq,Q9ERZ8,10
1650,RefSeq,Q12797,10
1651,RefSeq,O75530,10
1652,RefSeq,P34914,10
1653,RefSeq,Q9HBA0,10
1654,RefSeq,Q8R455,10
1655,RefSeq,NP_001158509,10
1656,RefSeq,NP_001107647,10
1657,RefSeq,NP_000799,10
1658,RefSeq,Q13393,10
1659,RefSeq,Q9NZQ7,10
1660,RefSeq,P47936,10
1661,RefSeq,P31424,10
1662,RefSeq,P08170,10
1663,RefSeq,P16116,10
1664,RefSeq,B2RXH2,10
1665,RefSeq,Q9Y271,10
1666,RefSeq,NP_001001928,10
1667,RefSeq,P54750,10
1668,RefSeq,NP_002948,10
1669,RefSeq,P43354,10
1670,RefSeq,Q05940,10
1671,RefSeq,NP_001432,10
1672,RefSeq,P10827,10
1673,RefSeq,P10828,10
1674,RefSeq,P48058,10
1675,RefSeq,NP_005217,10
1676,RefSeq,P00748,10
1677,RefSeq,O62698,10
1678,RefSeq,P48735,10
1679,RefSeq,O15164,10
1680,RefSeq,NP_694592,10
1681,RefSeq,O95382,10
1682,RefSeq,CAA52777,10
1683,RefSeq,NP_065387,10
1684,RefSeq,NP_065717,10
1685,RefSeq,NP_001012331,10
1686,RefSeq,NP_001252,10
1687,RefSeq,NP_002733,10
1688,RefSeq,NP_598407,10
1689,RefSeq,NP_055843,10
1690,RefSeq,Q12852,10
1691,RefSeq,Q8IVW4,10
1692,RefSeq,P00352,10
1693,RefSeq,NP_001156685,10
1694,RefSeq,O00141,10
1695,RefSeq,P09237,10
1696,RefSeq,Q8N568,10
1697,RefSeq,NP_000066,10
1698,RefSeq,P55072,10
1699,RefSeq,CAA48375,10
1700,RefSeq,AAH09953,10
1701,RefSeq,CAA43985,10
1702,RefSeq,NP_005914,10
1703,RefSeq,P42261,10
1704,RefSeq,Q8TF76,10
1705,RefSeq,P30304,10
1706,RefSeq,P30305,10
1707,RefSeq,Q9NZ45,10
1708,RefSeq,AAB32188,10
1709,RefSeq,P78356,10
1710,RefSeq,Q96NX5,10
1711,RefSeq,P00520,10
1712,RefSeq,1OQA_A,10
1713,RefSeq,NP_000441,10
1714,RefSeq,Q9GZX7,10
1715,RefSeq,P34968,10
1716,RefSeq,NP_058708,10
1717,RefSeq,NP_000235,10
1718,RefSeq,NP_001230357,10
1719,RefSeq,CAI19851,10
1720,RefSeq,XP_822407,10
1721,RefSeq,NP_000825,10
1722,RefSeq,NP_001127880,10
1723,RefSeq,NP_000826,10
1724,RefSeq,NP_001020761,10
1725,RefSeq,NP_006597,10
1726,RefSeq,NP_001121140,10
1727,RefSeq,Q14123,10
1728,RefSeq,P26684,10
1729,RefSeq,P30559,10
1730,RefSeq,P02692,10
1731,RefSeq,P20272,10
1732,RefSeq,P22309,10
1733,RefSeq,NP_015628,10
1734,RefSeq,P20815,10
1735,RefSeq,Q9JJJ7,10
1736,RefSeq,NP_002241,10
1737,RefSeq,NP_000016,10
1738,RefSeq,P22734,10
1739,RefSeq,NP_065394,10
1740,RefSeq,EAN77629,10
1741,RefSeq,NP_828849,10
1742,RefSeq,NP_741406,10
1743,RefSeq,NP_067647,10
1744,RefSeq,NP_000956,10
1745,RefSeq,AAB26273,10
1746,RefSeq,AAB09537,10
1747,RefSeq,NP_001017408,10
1748,RefSeq,P42866,9
1749,RefSeq,P41968,9
1750,RefSeq,NP_000229,9
1751,RefSeq,Q9BXF3,9
1752,RefSeq,V5TFZ2,9
1753,RefSeq,Q86X55,9
1754,RefSeq,P25788,9
1755,RefSeq,P25787,9
1756,RefSeq,P28072,9
1757,RefSeq,P49720,9
1758,RefSeq,P28066,9
1759,RefSeq,P25786,9
1760,RefSeq,Q99436,9
1761,RefSeq,NP_009163,9
1762,RefSeq,P60953,9
1763,RefSeq,P34976,9
1764,RefSeq,P00747,9
1765,RefSeq,O15054,9
1766,RefSeq,Q9Z1M0,9
1767,RefSeq,Q64663,9
1768,RefSeq,P51532,9
1769,RefSeq,P51531,9
1770,RefSeq,P34998,9
1771,RefSeq,NP_003322,9
1772,RefSeq,Q4CVY4,9
1773,RefSeq,Q8WXE1,9
1774,RefSeq,Q15022,9
1775,RefSeq,Q92843,9
1776,RefSeq,Q04609,9
1777,RefSeq,P07099,9
1778,RefSeq,P55211,9
1779,RefSeq,NP_001121120,9
1780,RefSeq,Q9NR20,9
1781,RefSeq,NP_542437,9
1782,RefSeq,P19634,9
1783,RefSeq,P23385,9
1784,RefSeq,P41594,9
1785,RefSeq,Q15722,9
1786,RefSeq,P14920,9
1787,RefSeq,NP_056022,9
1788,RefSeq,P02554,9
1789,RefSeq,NP_001243212,9
1790,RefSeq,P70579,9
1791,RefSeq,P27037,9
1792,RefSeq,P08311,9
1793,RefSeq,P20852,9
1794,RefSeq,P27732,9
1795,RefSeq,Q12908,9
1796,RefSeq,P04839,9
1797,RefSeq,NP_002101,9
1798,RefSeq,Q9HC98,9
1799,RefSeq,NP_075259,9
1800,RefSeq,Q96BR1,9
1801,RefSeq,NP_775490,9
1802,RefSeq,Q8WXR4,9
1803,RefSeq,NP_003795,9
1804,RefSeq,NP_009105,9
1805,RefSeq,NP_001310,9
1806,RefSeq,NP_001138391,9
1807,RefSeq,P13500,9
1808,RefSeq,P16184,9
1809,RefSeq,P43490,9
1810,RefSeq,P41148,9
1811,RefSeq,NP_060956,9
1812,RefSeq,Q9UKK3,9
1813,RefSeq,P00338,9
1814,RefSeq,P10481,9
1815,RefSeq,P36639,9
1816,RefSeq,P52732,9
1817,RefSeq,P42262,9
1818,RefSeq,O14936,9
1819,RefSeq,Q8IY84,9
1820,RefSeq,Q8TDC3,9
1821,RefSeq,Q8N752,9
1822,RefSeq,Q8WU08,9
1823,RefSeq,P9WI81,9
1824,RefSeq,P07384,9
1825,RefSeq,O00764,9
1826,RefSeq,O00767,9
1827,RefSeq,P07305,9
1828,RefSeq,AAW83741,9
1829,RefSeq,AAB69734,9
1830,RefSeq,AAA62473,9
1831,RefSeq,NP_109587,9
1832,RefSeq,P13726,9
1833,RefSeq,BAA05005,9
1834,RefSeq,NP_001885,9
1835,RefSeq,YP_001087135,9
1836,RefSeq,NP_066368,9
1837,RefSeq,ABC94590,9
1838,RefSeq,O75751,9
1839,RefSeq,NP_058021,9
1840,RefSeq,NP_006283,9
1841,RefSeq,P43351,9
1842,RefSeq,AAD31528,9
1843,RefSeq,Q96L73,9
1844,RefSeq,AAH00750,9
1845,RefSeq,NP_542155,9
1846,RefSeq,NP_215534,9
1847,RefSeq,P52020,9
1848,RefSeq,P56726,9
1849,RefSeq,Q6P6C2,9
1850,RefSeq,P17706,9
1851,RefSeq,NP_000698,9
1852,RefSeq,P12104,9
1853,RefSeq,P46720,9
1854,RefSeq,P35365,9
1855,RefSeq,P35364,9
1856,RefSeq,O88397,9
1857,RefSeq,P16257,9
1858,RefSeq,Q14145,9
1859,RefSeq,Q6SZW1,9
1860,RefSeq,P37059,9
1861,RefSeq,Q9UL62,9
1862,RefSeq,P51639,9
1863,RefSeq,P29474,9
1864,RefSeq,NP_002645,9
1865,RefSeq,NP_036603,9
1866,RefSeq,NP_001809,9
1867,RefSeq,P17988,9
1868,RefSeq,P04191,9
1869,RefSeq,Q9H255,9
1870,RefSeq,NP_001124388,9
1871,RefSeq,A0A024AXB9,9
1872,RefSeq,Q06278,9
1873,RefSeq,Q13363,9
1874,RefSeq,CAG30396,9
1875,RefSeq,CAL20848,9
1876,RefSeq,NP_057853,9
1877,RefSeq,NP_005680,9
1878,RefSeq,CAA58789,9
1879,RefSeq,ABD77215,9
1880,RefSeq,P18564,8
1881,RefSeq,P34975,8
1882,RefSeq,Q9HCE5,8
1883,RefSeq,Q99873,8
1884,RefSeq,NP_037028,8
1885,RefSeq,P25104,8
1886,RefSeq,Q8TAA3,8
1887,RefSeq,O14818,8
1888,RefSeq,P28070,8
1889,RefSeq,A5LHX3,8
1890,RefSeq,P09581,8
1891,RefSeq,P26618,8
1892,RefSeq,NP_001153638,8
1893,RefSeq,P63000,8
1894,RefSeq,Q5L478,8
1895,RefSeq,Q5T601,8
1896,RefSeq,P21730,8
1897,RefSeq,Q9HCR9,8
1898,RefSeq,P35030,8
1899,RefSeq,P07478,8
1900,RefSeq,P41229,8
1901,RefSeq,P04062,8
1902,RefSeq,Q9UI33,8
1903,RefSeq,NP_064553,8
1904,RefSeq,O43924,8
1905,RefSeq,P24752,8
1906,RefSeq,P35610,8
1907,RefSeq,P78362,8
1908,RefSeq,Q15116,8
1909,RefSeq,P42337,8
1910,RefSeq,NP_001243243,8
1911,RefSeq,NP_001243743,8
1912,RefSeq,O43525,8
1913,RefSeq,P32297,8
1914,RefSeq,P30926,8
1915,RefSeq,P17787,8
1916,RefSeq,P51679,8
1917,RefSeq,P23979,8
1918,RefSeq,Q2NNR5,8
1919,RefSeq,Q9UGL1,8
1920,RefSeq,Q9NR21,8
1921,RefSeq,Q9QZN9,8
1922,RefSeq,NP_055891,8
1923,RefSeq,P30613,8
1924,RefSeq,NP_001139623,8
1925,RefSeq,Q00788,8
1926,RefSeq,P21589,8
1927,RefSeq,Q9NR96,8
1928,RefSeq,Q9NZJ5,8
1929,RefSeq,NP_001177384,8
1930,RefSeq,Q02108,8
1931,RefSeq,Q9NTG7,8
1932,RefSeq,NP_005397,8
1933,RefSeq,Q02485,8
1934,RefSeq,P42356,8
1935,RefSeq,P80370,8
1936,RefSeq,NP_075252,8
1937,RefSeq,AAA75374,8
1938,RefSeq,NP_006171,8
1939,RefSeq,NP_003984,8
1940,RefSeq,NP_004422,8
1941,RefSeq,NP_005224,8
1942,RefSeq,NP_075593,8
1943,RefSeq,NP_005173,8
1944,RefSeq,P35918,8
1945,RefSeq,P01106,8
1946,RefSeq,O00459,8
1947,RefSeq,P00381,8
1948,RefSeq,NP_055655,8
1949,RefSeq,P42892,8
1950,RefSeq,Q460N3,8
1951,RefSeq,P07195,8
1952,RefSeq,Q2M2H8,8
1953,RefSeq,NP_005950,8
1954,RefSeq,P05091,8
1955,RefSeq,Q9R1A7,8
1956,RefSeq,Q8NG66,8
1957,RefSeq,Q52WX2,8
1958,RefSeq,NP_002721,8
1959,RefSeq,Q9NY57,8
1960,RefSeq,P35557,8
1961,RefSeq,P57058,8
1962,RefSeq,NP_004435,8
1963,RefSeq,P0DTC2,8
1964,RefSeq,CAG29341,8
1965,RefSeq,P0C1S8,8
1966,RefSeq,AAA60529,8
1967,RefSeq,Q64264,8
1968,RefSeq,NP_217982,8
1969,RefSeq,NP_217783,8
1970,RefSeq,NP_003461,8
1971,RefSeq,Q6JQN1,8
1972,RefSeq,P27695,8
1973,RefSeq,O43683,8
1974,RefSeq,BAJ07247,8
1975,RefSeq,NP_001075707,8
1976,RefSeq,NP_002225,8
1977,RefSeq,NP_663745,8
1978,RefSeq,NP_417262,8
1979,RefSeq,AAC50351,8
1980,RefSeq,NP_001182156,8
1981,RefSeq,NP_002553,8
1982,RefSeq,P51878,8
1983,RefSeq,Q7Z3E1,8
1984,RefSeq,P05364,8
1985,RefSeq,P0AEK4,8
1986,RefSeq,P0AES4,8
1987,RefSeq,P31153,8
1988,RefSeq,ACF54603,8
1989,RefSeq,Q86WV6,8
1990,RefSeq,P58681,8
1991,RefSeq,Q8WTS6,8
1992,RefSeq,NP_002239,8
1993,RefSeq,NP_066003,8
1994,RefSeq,Q07889,8
1995,RefSeq,Q8TAF3,8
1996,RefSeq,P08659,8
1997,RefSeq,Q9HBW0,8
1998,RefSeq,NP_808449,8
1999,RefSeq,P13922,8
2000,RefSeq,NP_001171528,8
2001,RefSeq,P98170,8
2002,RefSeq,P29477,8
2003,RefSeq,P04183,8
2004,RefSeq,P14324,8
2005,RefSeq,Q03732,8
2006,RefSeq,O96394,8
2007,RefSeq,P23978,8
2008,RefSeq,O35956,8
2009,RefSeq,AAA89174,8
2010,RefSeq,CAQ08732,8
2011,RefSeq,P35396,8
2012,RefSeq,P61105,8
2013,RefSeq,P23589,7
2014,RefSeq,P40881,7
2015,RefSeq,P32245,7
2016,RefSeq,O60583,7
2017,RefSeq,P29371,7
2018,RefSeq,NP_000949,7
2019,RefSeq,P50130,7
2020,RefSeq,P80299,7
2021,RefSeq,Q9Y2T6,7
2022,RefSeq,NP_005875,7
2023,RefSeq,P16499,7
2024,RefSeq,P51160,7
2025,RefSeq,O70536,7
2026,RefSeq,O43175,7
2027,RefSeq,P41231,7
2028,RefSeq,P47871,7
2029,RefSeq,NP_001167638,7
2030,RefSeq,P10636,7
2031,RefSeq,P18090,7
2032,RefSeq,Q62205,7
2033,RefSeq,P15538,7
2034,RefSeq,P47746,7
2035,RefSeq,Q9BV23,7
2036,RefSeq,NP_003032,7
2037,RefSeq,P31423,7
2038,RefSeq,P00492,7
2039,RefSeq,Q8R431,7
2040,RefSeq,P30551,7
2041,RefSeq,O95180,7
2042,RefSeq,P06737,7
2043,RefSeq,Q15561,7
2044,RefSeq,P43143,7
2045,RefSeq,P43144,7
2046,RefSeq,P12391,7
2047,RefSeq,NP_001251,7
2048,RefSeq,Q9UBU7,7
2049,RefSeq,O76083,7
2050,RefSeq,P22736,7
2051,RefSeq,Q9HCN6,7
2052,RefSeq,Q9UGI6,7
2053,RefSeq,P16233,7
2054,RefSeq,Q9H244,7
2055,RefSeq,P41146,7
2056,RefSeq,Q9Y5S8,7
2057,RefSeq,P43250,7
2058,RefSeq,Q9UPN9,7
2059,RefSeq,Q9HC29,7
2060,RefSeq,P19099,7
2061,RefSeq,NP_758872,7
2062,RefSeq,P51957,7
2063,RefSeq,AAB60430,7
2064,RefSeq,NP_003609,7
2065,RefSeq,NP_277023,7
2066,RefSeq,NP_149109,7
2067,RefSeq,P20794,7
2068,RefSeq,NP_076916,7
2069,RefSeq,NP_005583,7
2070,RefSeq,NP_002744,7
2071,RefSeq,NP_001036065,7
2072,RefSeq,AAF17226,7
2073,RefSeq,NP_620581,7
2074,RefSeq,NP_620590,7
2075,RefSeq,Q8NBP7,7
2076,RefSeq,P96878,7
2077,RefSeq,NP_001014432,7
2078,RefSeq,NP_001229957,7
2079,RefSeq,P12657,7
2080,RefSeq,Q920D2,7
2081,RefSeq,P56704,7
2082,RefSeq,P15170,7
2083,RefSeq,P20292,7
2084,RefSeq,P35637,7
2085,RefSeq,O88554,7
2086,RefSeq,Q9Y2I1,7
2087,RefSeq,NP_056006,7
2088,RefSeq,Q13085,7
2089,RefSeq,P68403,7
2090,RefSeq,P63319,7
2091,RefSeq,NP_002488,7
2092,RefSeq,Q00975,7
2093,RefSeq,A5H660,7
2094,RefSeq,Q13237,7
2095,RefSeq,Q9UKI8,7
2096,RefSeq,Q9BXA7,7
2097,RefSeq,Q86UE8,7
2098,RefSeq,P0C264,7
2099,RefSeq,Q15046,7
2100,RefSeq,NP_002305,7
2101,RefSeq,AAH00442,7
2102,RefSeq,NP_004827,7
2103,RefSeq,O15357,7
2104,RefSeq,Q9NQS7,7
2105,RefSeq,P06748,7
2106,RefSeq,Q96S44,7
2107,RefSeq,P09429,7
2108,RefSeq,P00403,7
2109,RefSeq,P06733,7
2110,RefSeq,Q8N5Y8,7
2111,RefSeq,P11021,7
2112,RefSeq,NP_851335,7
2113,RefSeq,YP_001331689,7
2114,RefSeq,Q78DX7,7
2115,RefSeq,NP_001768,7
2116,RefSeq,NP_001035111,7
2117,RefSeq,NP_032340,7
2118,RefSeq,NP_065074,7
2119,RefSeq,CAG30497,7
2120,RefSeq,P12497,7
2121,RefSeq,P03468,7
2122,RefSeq,4KC3_B,7
2123,RefSeq,NP_000153,7
2124,RefSeq,Q9JHG7,7
2125,RefSeq,NP_008835,7
2126,RefSeq,P18841,7
2127,RefSeq,NP_218188,7
2128,RefSeq,O00408,7
2129,RefSeq,Q13946,7
2130,RefSeq,NP_001074,7
2131,RefSeq,P49662,7
2132,RefSeq,Q99500,7
2133,RefSeq,P05362,7
2134,RefSeq,P43115,7
2135,RefSeq,Q8VH26,7
2136,RefSeq,P0AES6,7
2137,RefSeq,Q96S37,7
2138,RefSeq,Q9NSA0,7
2139,RefSeq,Q92794,7
2140,RefSeq,NP_001172020,7
2141,RefSeq,Q8N3A8,7
2142,RefSeq,NP_001189403,7
2143,RefSeq,O75907,7
2144,RefSeq,NP_065103,7
2145,RefSeq,NP_848566,7
2146,RefSeq,Q8NFU5,7
2147,RefSeq,P32246,7
2148,RefSeq,P00811,7
2149,RefSeq,P60568,7
2150,RefSeq,NP_808219,7
2151,RefSeq,O60760,7
2152,RefSeq,Q14191,7
2153,RefSeq,Q75Z89,7
2154,RefSeq,P50579,7
2155,RefSeq,Q03431,7
2156,RefSeq,P22413,7
2157,RefSeq,Q9NV35,7
2158,RefSeq,NP_006009,7
2159,RefSeq,Q13490,7
2160,RefSeq,NP_003298,7
2161,RefSeq,NP_001011645,7
2162,RefSeq,NP_036679,7
2163,RefSeq,Q95136,7
2164,RefSeq,AAQ89316,7
2165,RefSeq,Q01337,7
2166,RefSeq,Q01338,7
2167,RefSeq,P06795,7
2168,RefSeq,Q8R0V5,7
2169,RefSeq,AAA34498,7
2170,RefSeq,XP_001348613,7
2171,RefSeq,NP_002727,7
2172,RefSeq,NP_997461,7
2173,RefSeq,B0FL73,7
2174,RefSeq,NP_001182311,7
2175,RefSeq,NP_041724,7
2176,RefSeq,AAA36557,7
2177,RefSeq,NP_002020,7
2178,RefSeq,P29476,7
2179,RefSeq,P34947,6
2180,RefSeq,P33032,6
2181,RefSeq,P08648,6
2182,RefSeq,Q96LA8,6
2183,RefSeq,Q60612,6
2184,RefSeq,P0C6X1,6
2185,RefSeq,Q16644,6
2186,RefSeq,P31152,6
2187,RefSeq,Q9NP56,6
2188,RefSeq,P00749,6
2189,RefSeq,NP_001050,6
2190,RefSeq,NP_005465,6
2191,RefSeq,Q6B0I6,6
2192,RefSeq,Q6N021,6
2193,RefSeq,P29375,6
2194,RefSeq,P05107,6
2195,RefSeq,P35353,6
2196,RefSeq,P21146,6
2197,RefSeq,P30939,6
2198,RefSeq,Q84406,6
2199,RefSeq,Q16739,6
2200,RefSeq,P03952,6
2201,RefSeq,Q6RI86,6
2202,RefSeq,Q9NPI1,6
2203,RefSeq,Q91ZY1,6
2204,RefSeq,Q91ZY2,6
2205,RefSeq,Q15391,6
2206,RefSeq,P45568,6
2207,RefSeq,Q08828,6
2208,RefSeq,Q16602,6
2209,RefSeq,Q80SS6,6
2210,RefSeq,P9WGR1,6
2211,RefSeq,NP_001276342,6
2212,RefSeq,O08562,6
2213,RefSeq,O00255,6
2214,RefSeq,O43497,6
2215,RefSeq,NP_071300,6
2216,RefSeq,P25105,6
2217,RefSeq,Q9NS75,6
2218,RefSeq,P12389,6
2219,RefSeq,Q9JLB5,6
2220,RefSeq,P12392,6
2221,RefSeq,P04757,6
2222,RefSeq,P20420,6
2223,RefSeq,O00482,6
2224,RefSeq,Q13285,6
2225,RefSeq,Q9N1N9,6
2226,RefSeq,O95372,6
2227,RefSeq,Q8R2Y0,6
2228,RefSeq,Q07108,6
2229,RefSeq,NP_001137303,6
2230,RefSeq,Q923Y9,6
2231,RefSeq,P05231,6
2232,RefSeq,Q02153,6
2233,RefSeq,Q7Z1V1,6
2234,RefSeq,Q9H2S1,6
2235,RefSeq,P48051,6
2236,RefSeq,P48549,6
2237,RefSeq,Q9UEW8,6
2238,RefSeq,P21980,6
2239,RefSeq,NP_079470,6
2240,RefSeq,NP_001188326,6
2241,RefSeq,NP_001230661,6
2242,RefSeq,P42229,6
2243,RefSeq,P41180,6
2244,RefSeq,NP_004432,6
2245,RefSeq,NP_620693,6
2246,RefSeq,NP_006272,6
2247,RefSeq,Q8NEV4,6
2248,RefSeq,NP_004430,6
2249,RefSeq,NP_663719,6
2250,RefSeq,NP_056505,6
2251,RefSeq,NP_057315,6
2252,RefSeq,NP_006192,6
2253,RefSeq,NP_059145,6
2254,RefSeq,NP_004429,6
2255,RefSeq,NP_057062,6
2256,RefSeq,NP_055311,6
2257,RefSeq,NP_149132,6
2258,RefSeq,NP_005456,6
2259,RefSeq,P51512,6
2260,RefSeq,AAH26347,6
2261,RefSeq,CAG33322,6
2262,RefSeq,O75173,6
2263,RefSeq,O43521,6
2264,RefSeq,AAC68568,6
2265,RefSeq,Q96NY9,6
2266,RefSeq,NP_478056,6
2267,RefSeq,NP_006028,6
2268,RefSeq,O97467,6
2269,RefSeq,Q16204,6
2270,RefSeq,P33176,6
2271,RefSeq,NP_004705,6
2272,RefSeq,NP_001234925,6
2273,RefSeq,Q63470,6
2274,RefSeq,O00763,6
2275,RefSeq,NP_006334,6
2276,RefSeq,P18669,6
2277,RefSeq,NP_001189452,6
2278,RefSeq,P28776,6
2279,RefSeq,Q92831,6
2280,RefSeq,Q15208,6
2281,RefSeq,Q13523,6
2282,RefSeq,Q76MJ5,6
2283,RefSeq,O95747,6
2284,RefSeq,P23526,6
2285,RefSeq,P78417,6
2286,RefSeq,P53634,6
2287,RefSeq,P07237,6
2288,RefSeq,P61073,6
2289,RefSeq,NP_218326,6
2290,RefSeq,Q60855,6
2291,RefSeq,NP_000133,6
2292,RefSeq,NP_001015878,6
2293,RefSeq,P25929,6
2294,RefSeq,Q6PAJ1,6
2295,RefSeq,NP_001073285,6
2296,RefSeq,NP_009130,6
2297,RefSeq,NP_001303643,6
2298,RefSeq,Q02152,6
2299,RefSeq,NP_036897,6
2300,RefSeq,P35363,6
2301,RefSeq,Q9JHJ5,6
2302,RefSeq,NP_034612,6
2303,RefSeq,A0A1D8PKB4,6
2304,RefSeq,NP_057856,6
2305,RefSeq,Q9Y4P1,6
2306,RefSeq,Q92560,6
2307,RefSeq,P43003,6
2308,RefSeq,P22756,6
2309,RefSeq,P39086,6
2310,RefSeq,P55957,6
2311,RefSeq,NP_001070729,6
2312,RefSeq,578162,6
2313,RefSeq,CAI39608,6
2314,RefSeq,NP_446335,6
2315,RefSeq,P04818,6
2316,RefSeq,NP_002919,6
2317,RefSeq,P29990,6
2318,RefSeq,NP_940980,6
2319,RefSeq,Q9UDY8,6
2320,RefSeq,P61168,6
2321,RefSeq,Q8N6T7,6
2322,RefSeq,P60422,6
2323,RefSeq,P62399,6
2324,RefSeq,P0AG55,6
2325,RefSeq,P0A7T3,6
2326,RefSeq,P0AG48,6
2327,RefSeq,P0A7S9,6
2328,RefSeq,P0A7Q1,6
2329,RefSeq,P0A7L8,6
2330,RefSeq,P0ADY7,6
2331,RefSeq,P0C018,6
2332,RefSeq,P0A7L3,6
2333,RefSeq,P0A7M6,6
2334,RefSeq,P60624,6
2335,RefSeq,P0A7J3,6
2336,RefSeq,P0A7M9,6
2337,RefSeq,P0A7V0,6
2338,RefSeq,P0A7S3,6
2339,RefSeq,P60438,6
2340,RefSeq,P0A7R9,6
2341,RefSeq,P02413,6
2342,RefSeq,P0A7W1,6
2343,RefSeq,P0A7K6,6
2344,RefSeq,P0A7L0,6
2345,RefSeq,P0A7W7,6
2346,RefSeq,P0A7M2,6
2347,RefSeq,P0A7U7,6
2348,RefSeq,P0A7T7,6
2349,RefSeq,P0ADZ0,6
2350,RefSeq,P0AG67,6
2351,RefSeq,P02358,6
2352,RefSeq,P0A7J7,6
2353,RefSeq,P02359,6
2354,RefSeq,P60723,6
2355,RefSeq,P0ADZ4,6
2356,RefSeq,P0A7X3,6
2357,RefSeq,P0A7U3,6
2358,RefSeq,P0AG59,6
2359,RefSeq,P0ADY3,6
2360,RefSeq,P0A7V8,6
2361,RefSeq,P68919,6
2362,RefSeq,P61175,6
2363,RefSeq,P68679,6
2364,RefSeq,P0A7V3,6
2365,RefSeq,P0AG44,6
2366,RefSeq,P0A7K2,6
2367,RefSeq,P0AA10,6
2368,RefSeq,Q2EEQ2,6
2369,RefSeq,P0A7P5,6
2370,RefSeq,P0A7R5,6
2371,RefSeq,P0AG63,6
2372,RefSeq,P0A7N9,6
2373,RefSeq,P0AG51,6
2374,RefSeq,P0A7N4,6
2375,RefSeq,P0A7Q6,6
2376,RefSeq,P0A7N1,6
2377,RefSeq,P47901,6
2378,RefSeq,P62593,6
2379,RefSeq,P24735,6
2380,RefSeq,P53792,6
2381,RefSeq,P20831,6
2382,RefSeq,P0A0K8,6
2383,RefSeq,NP_001230050,6
2384,RefSeq,Q8WYB5,6
2385,RefSeq,O95251,6
2386,RefSeq,P30560,6
2387,RefSeq,P34995,6
2388,RefSeq,NP_004769,6
2389,RefSeq,P30968,6
2390,RefSeq,NP_001012781,6
2391,RefSeq,Q8BLA8,6
2392,RefSeq,Q4U254,6
2393,RefSeq,O60502,6
2394,RefSeq,Q3TBT3,6
2395,RefSeq,NP_002458,6
2396,RefSeq,NP_997700,6
2397,RefSeq,Q5XXA6,6
2398,RefSeq,Q14973,6
2399,RefSeq,O70127,6
2400,RefSeq,NP_001191016,6
2401,RefSeq,NP_001165413,6
2402,RefSeq,NP_001139512,6
2403,RefSeq,Q96D31,6
2404,RefSeq,NP_002550,6
2405,RefSeq,P07308,6
2406,RefSeq,Q9Y345,6
2407,RefSeq,Q16348,6
2408,RefSeq,P51685,6
2409,RefSeq,NP_037266,6
2410,RefSeq,P48067,6
2411,RefSeq,NP_001609,6
2412,RefSeq,Q13526,6
2413,RefSeq,P25084,6
2414,RefSeq,O55192,6
2415,RefSeq,Q60857,6
2416,RefSeq,Q16696,6
2417,RefSeq,Q9Y2K7,6
2418,RefSeq,NP_005294,6
2419,RefSeq,P04775,6
2420,RefSeq,P20393,6
2421,RefSeq,P16152,6
2422,RefSeq,O95696,6
2423,RefSeq,Q8IXQ6,6
2424,RefSeq,Q16740,6
2425,RefSeq,NP_033872,6
2426,RefSeq,P30043,6
2427,RefSeq,AAA59158,6
2428,RefSeq,NP_058836,6
2429,RefSeq,P30545,6
2430,RefSeq,Q9Z0U4,6
2431,RefSeq,O88871,6
2432,RefSeq,NP_001122312,6
2433,RefSeq,NP_002522,6
2434,RefSeq,Q63089,6
2435,RefSeq,NP_001001523,6
2436,RefSeq,BAE64671,6
2437,RefSeq,P51050,6
2438,RefSeq,P49288,6
2439,RefSeq,P49285,6
2440,RefSeq,Q12884,6
2441,RefSeq,NP_061197,6
2442,RefSeq,NP_036820,6
2443,RefSeq,NP_001240766,6
2444,RefSeq,AAA30890,6
2445,RefSeq,P33534,5
2446,RefSeq,A3EZI9,5
2447,RefSeq,A3EZJ3,5
2448,RefSeq,D2K2A8,5
2449,RefSeq,P25774,5
2450,RefSeq,NP_058887,5
2451,RefSeq,P08514,5
2452,RefSeq,Q9UBC3,5
2453,RefSeq,Q8TEK3,5
2454,RefSeq,Q9NRG4,5
2455,RefSeq,NP_000677,5
2456,RefSeq,P08842,5
2457,RefSeq,Q9Y5Z0,5
2458,RefSeq,Q9Y4C1,5
2459,RefSeq,Q96KS0,5
2460,RefSeq,O43151,5
2461,RefSeq,NP_001161770,5
2462,RefSeq,Q15369,5
2463,RefSeq,P20701,5
2464,RefSeq,O75936,5
2465,RefSeq,Q8NFU7,5
2466,RefSeq,Q15120,5
2467,RefSeq,Q6Q2C2,5
2468,RefSeq,P35913,5
2469,RefSeq,Q13956,5
2470,RefSeq,P18545,5
2471,RefSeq,Q95214,5
2472,RefSeq,P12644,5
2473,RefSeq,P42224,5
2474,RefSeq,P26255,5
2475,RefSeq,NP_031439,5
2476,RefSeq,O14672,5
2477,RefSeq,NP_073157,5
2478,RefSeq,NP_870989,5
2479,RefSeq,O15303,5
2480,RefSeq,NP_001264993,5
2481,RefSeq,Q9UKL0,5
2482,RefSeq,P50578,5
2483,RefSeq,NP_001191196,5
2484,RefSeq,NP_000802,5
2485,RefSeq,NP_001230037,5
2486,RefSeq,NP_001123553,5
2487,RefSeq,NP_001003406,5
2488,RefSeq,Q9NPC1,5
2489,RefSeq,Q16850,5
2490,RefSeq,NP_076460,5
2491,RefSeq,NP_001170904,5
2492,RefSeq,Q6GI75,5
2493,RefSeq,P51577,5
2494,RefSeq,NP_001248327,5
2495,RefSeq,P07202,5
2496,RefSeq,NP_001887,5
2497,RefSeq,P09211,5
2498,RefSeq,O00222,5
2499,RefSeq,P35400,5
2500,RefSeq,Q14831,5
2501,RefSeq,NP_005598,5
2502,RefSeq,Q9Y4D2,5
2503,RefSeq,P05023,5
2504,RefSeq,P05026,5
2505,RefSeq,O94953,5
2506,RefSeq,P28702,5
2507,RefSeq,P51787,5
2508,RefSeq,Q99705,5
2509,RefSeq,Q9UBY5,5
2510,RefSeq,Q14676,5
2511,RefSeq,P01584,5
2512,RefSeq,Q96Q15,5
2513,RefSeq,Q9EPR9,5
2514,RefSeq,Q01066,5
2515,RefSeq,Q63421,5
2516,RefSeq,P12004,5
2517,RefSeq,NP_068370,5
2518,RefSeq,O94925,5
2519,RefSeq,NP_115943,5
2520,RefSeq,O14649,5
2521,RefSeq,Q14790,5
2522,RefSeq,P22437,5
2523,RefSeq,P16232,5
2524,RefSeq,P47900,5
2525,RefSeq,Q9D379,5
2526,RefSeq,NP_000151,5
2527,RefSeq,O43174,5
2528,RefSeq,P56719,5
2529,RefSeq,O75608,5
2530,RefSeq,NP_005537,5
2531,RefSeq,NP_055606,5
2532,RefSeq,NP_620707,5
2533,RefSeq,AAH35782,5
2534,RefSeq,CAA47004,5
2535,RefSeq,NP_004431,5
2536,RefSeq,NP_003233,5
2537,RefSeq,NP_848605,5
2538,RefSeq,O14733,5
2539,RefSeq,AAA61480,5
2540,RefSeq,Q9Y2H1,5
2541,RefSeq,P08865,5
2542,RefSeq,P46782,5
2543,RefSeq,P62701,5
2544,RefSeq,P62273,5
2545,RefSeq,P62244,5
2546,RefSeq,P62249,5
2547,RefSeq,P39019,5
2548,RefSeq,P46783,5
2549,RefSeq,O00443,5
2550,RefSeq,Q8IZX4,5
2551,RefSeq,NP_006273,5
2552,RefSeq,P11275,5
2553,RefSeq,O61059,5
2554,RefSeq,Q05030,5
2555,RefSeq,P22102,5
2556,RefSeq,Q9UKT9,5
2557,RefSeq,O95551,5
2558,RefSeq,P51575,5
2559,RefSeq,NP_002028,5
2560,RefSeq,P30419,5
2561,RefSeq,Q13309,5
2562,RefSeq,NP_001014796,5
2563,RefSeq,Q8MMZ7,5
2564,RefSeq,Q9BJF5,5
2565,RefSeq,Q09028,5
2566,RefSeq,Q9UHC9,5
2567,RefSeq,P30307,5
2568,RefSeq,NP_001238864,5
2569,RefSeq,NP_114408,5
2570,RefSeq,P05696,5
2571,RefSeq,P09216,5
2572,RefSeq,P09215,5
2573,RefSeq,Q9WTQ0,5
2574,RefSeq,Q64617,5
2575,RefSeq,P11799,5
2576,RefSeq,P09217,5
2577,RefSeq,P00921,5
2578,RefSeq,NP_000708,5
2579,RefSeq,Q2PCB5,5
2580,RefSeq,Q01279,5
2581,RefSeq,P31939,5
2582,RefSeq,P04406,5
2583,RefSeq,P00390,5
2584,RefSeq,P0DMV8,5
2585,RefSeq,P11142,5
2586,RefSeq,Q7RTN6,5
2587,RefSeq,Q8N5K1,5
2588,RefSeq,P35579,5
2589,RefSeq,O14980,5
2590,RefSeq,Q2G036,5
2591,RefSeq,CAG38796,5
2592,RefSeq,AAL06595,5
2593,RefSeq,NP_001712,5
2594,RefSeq,NP_003319,5
2595,RefSeq,NP_005223,5
2596,RefSeq,BAB69958,5
2597,RefSeq,NP_001096,5
2598,RefSeq,NP_001107593,5
2599,RefSeq,NP_004751,5
2600,RefSeq,NP_002944,5
2601,RefSeq,P0AF67,5
2602,RefSeq,NP_006026,5
2603,RefSeq,NP_059995,5
2604,RefSeq,NP_005966,5
2605,RefSeq,NP_003206,5
2606,RefSeq,NP_002739,5
2607,RefSeq,NP_002740,5
2608,RefSeq,P79400,5
2609,RefSeq,NP_001122092,5
2610,RefSeq,NP_071331,5
2611,RefSeq,G1T8E2,5
2612,RefSeq,P03367,5
2613,RefSeq,P49354,5
2614,RefSeq,Q96PH1,5
2615,RefSeq,P29350,5
2616,RefSeq,Q92934,5
2617,RefSeq,CAD53427,5
2618,RefSeq,NP_006212,5
2619,RefSeq,P29372,5
2620,RefSeq,ABC47431,5
2621,RefSeq,Q01812,5
2622,RefSeq,Q16478,5
2623,RefSeq,Q13002,5
2624,RefSeq,Q63273,5
2625,RefSeq,P42260,5
2626,RefSeq,P42264,5
2627,RefSeq,NP_112558,5
2628,RefSeq,NP_872270,5
2629,RefSeq,NP_031397,5
2630,RefSeq,NP_001106653,5
2631,RefSeq,NP_005893,5
2632,RefSeq,P86926,5
2633,RefSeq,NP_783699,5
2634,RefSeq,NP_001903,5
2635,RefSeq,P15884,5
2636,RefSeq,EAX06134,5
2637,RefSeq,O15151,5
2638,RefSeq,P07607,5
2639,RefSeq,3F32_A,5
2640,RefSeq,NP_001153731,5
2641,RefSeq,NP_004986,5
2642,RefSeq,Q63707,5
2643,RefSeq,P14270,5
2644,RefSeq,P14644,5
2645,RefSeq,P14646,5
2646,RefSeq,P54748,5
2647,RefSeq,P52209,5
2648,RefSeq,P09382,5
2649,RefSeq,P21556,5
2650,RefSeq,P12337,5
2651,RefSeq,P21451,5
2652,RefSeq,P70536,5
2653,RefSeq,P23739,5
2654,RefSeq,P28300,5
2655,RefSeq,Q6P7A9,5
2656,RefSeq,NP_002554,5
2657,RefSeq,P46616,5
2658,RefSeq,Q14576,5
2659,RefSeq,P41182,5
2660,RefSeq,NP_000495,5
2661,RefSeq,P9WG47,5
2662,RefSeq,NP_001184152,5
2663,RefSeq,NP_001092289,5
2664,RefSeq,P08219,5
2665,RefSeq,P08220,5
2666,RefSeq,Q8NI77,5
2667,RefSeq,NP_002155,5
2668,RefSeq,P46721,5
2669,RefSeq,Q92993,5
2670,RefSeq,P43119,5
2671,RefSeq,NP_001153633,5
2672,RefSeq,Q62868,5
2673,RefSeq,O08914,5
2674,RefSeq,NP_001138774,5
2675,RefSeq,O75343,5
2676,RefSeq,P33402,5
2677,RefSeq,Q14654,5
2678,RefSeq,Q09428,5
2679,RefSeq,NP_740721,5
2680,RefSeq,Q9Y6A2,5
2681,RefSeq,NP_001159533,5
2682,RefSeq,P95276,5
2683,RefSeq,NP_000951,5
2684,RefSeq,P55157,5
2685,RefSeq,Q13586,5
2686,RefSeq,Q6V1X1,5
2687,RefSeq,Q86TI2,5
2688,RefSeq,P28907,5
2689,RefSeq,O75899,5
2690,RefSeq,Q9UBS5,5
2691,RefSeq,NP_001180235,5
2692,RefSeq,P13516,5
2693,RefSeq,Q96JM7,5
2694,RefSeq,P07686,5
2695,RefSeq,P30561,5
2696,RefSeq,NP_001091671,5
2697,RefSeq,Q03111,5
2698,RefSeq,P24008,5
2699,RefSeq,P31214,5
2700,RefSeq,NP_001171536,5
2701,RefSeq,Q28156,5
2702,RefSeq,Q8NHU3,5
2703,RefSeq,AAH00368,5
2704,RefSeq,P49019,5
2705,RefSeq,NP_001002911,5
2706,RefSeq,P49881,5
2707,RefSeq,E3UJZ5,5
2708,RefSeq,AAI42682,5
2709,RefSeq,P11413,5
2710,RefSeq,P11474,5
2711,RefSeq,Q13507,5
2712,RefSeq,P17752,5
2713,RefSeq,B2GV46,5
2714,RefSeq,P05121,5
2715,RefSeq,P04792,5
2716,RefSeq,P04439,5
2717,RefSeq,Q8WWX8,5
2718,RefSeq,NP_001157,5
2719,RefSeq,Q13489,5
2720,RefSeq,NP_001158,5
2721,RefSeq,O15550,5
2722,RefSeq,P11344,5
2723,RefSeq,A2RP81,5
2724,RefSeq,Q9ERZ4,5
2725,RefSeq,P14916,5
2726,RefSeq,Q9Z0U5,5
2727,RefSeq,YP_001253342,5
2728,RefSeq,AAH92442,5
2729,RefSeq,Q96W81,5
2730,RefSeq,CAA54142,5
2731,RefSeq,NP_077809,5
2732,RefSeq,P15559,5
2733,RefSeq,O35913,5
2734,RefSeq,NP_000955,5
2735,RefSeq,Q9R0W2,5
2736,RefSeq,NP_002256,5
2737,RefSeq,NP_005692,5
2738,RefSeq,NP_034735,5
2739,RefSeq,Q92753,5
2740,RefSeq,NP_001124468,5
2741,RefSeq,P00761,5
2742,RefSeq,Q28044,5
2743,RefSeq,P25779,5
2744,RefSeq,Q0VTR6,5
2745,RefSeq,G3HDX1,5
2746,RefSeq,P02770,5
2747,RefSeq,Q8VC69,5
2748,RefSeq,NP_062187,5
2749,RefSeq,P05981,5
2750,RefSeq,NP_001231612,5
2751,RefSeq,BAE54513,5
2752,RefSeq,YP_016573,5
2753,RefSeq,NP_001033688,4
2754,RefSeq,P43235,4
2755,RefSeq,F5B4I0,4
2756,RefSeq,Q62137,4
2757,RefSeq,Q62120,4
2758,RefSeq,Q6DWJ6,4
2759,RefSeq,NP_006630,4
2760,RefSeq,NP_001035,4
2761,RefSeq,P18084,4
2762,RefSeq,Q9UBT2,4
2763,RefSeq,P14600,4
2764,RefSeq,Q9UBL3,4
2765,RefSeq,Q15291,4
2766,RefSeq,Q60613,4
2767,RefSeq,Q4VQ11,4
2768,RefSeq,Q61618,4
2769,RefSeq,P0C6X6,4
2770,RefSeq,P05532,4
2771,RefSeq,NP_001124527,4
2772,RefSeq,NP_004750,4
2773,RefSeq,P25090,4
2774,RefSeq,O60658,4
2775,RefSeq,P00750,4
2776,RefSeq,P16177,4
2777,RefSeq,Q9BY66,4
2778,RefSeq,NP_620637,4
2779,RefSeq,NP_620448,4
2780,RefSeq,Q15370,4
2781,RefSeq,P13612,4
2782,RefSeq,Q04760,4
2783,RefSeq,P14550,4
2784,RefSeq,Q9WUD2,4
2785,RefSeq,Q13126,4
2786,RefSeq,P15692,4
2787,RefSeq,Q8N543,4
2788,RefSeq,Q9H6Z9,4
2789,RefSeq,Q9HCG7,4
2790,RefSeq,Q07699,4
2791,RefSeq,O60939,4
2792,RefSeq,Q9H1C0,4
2793,RefSeq,Q9BZ95,4
2794,RefSeq,P24046,4
2795,RefSeq,P50129,4
2796,RefSeq,Q15119,4
2797,RefSeq,Q16654,4
2798,RefSeq,Q8NET8,4
2799,RefSeq,NP_001009877,4
2800,RefSeq,NP_940799,4
2801,RefSeq,P27791,4
2802,RefSeq,Q91ZY3,4
2803,RefSeq,Q61263,4
2804,RefSeq,P00491,4
2805,RefSeq,P55859,4
2806,RefSeq,P50225,4
2807,RefSeq,P49888,4
2808,RefSeq,Q60614,4
2809,RefSeq,Q16769,4
2810,RefSeq,Q9NXS2,4
2811,RefSeq,P10608,4
2812,RefSeq,P06762,4
2813,RefSeq,Q9QYJ6,4
2814,RefSeq,O60603,4
2815,RefSeq,Q9UBL9,4
2816,RefSeq,NP_000834,4
2817,RefSeq,P62942,4
2818,RefSeq,P02708,4
2819,RefSeq,NP_001243514,4
2820,RefSeq,NP_001005407,4
2821,RefSeq,Q9P0X4,4
2822,RefSeq,NP_001243290,4
2823,RefSeq,P11103,4
2824,RefSeq,Q9EPK8,4
2825,RefSeq,P05412,4
2826,RefSeq,P08473,4
2827,RefSeq,Q6P988,4
2828,RefSeq,P20153,4
2829,RefSeq,P34021,4
2830,RefSeq,Q9Y5X9,4
2831,RefSeq,Q9BXA5,4
2832,RefSeq,Q16552,4
2833,RefSeq,Q13093,4
2834,RefSeq,P17655,4
2835,RefSeq,P54709,4
2836,RefSeq,Q61503,4
2837,RefSeq,P48443,4
2838,RefSeq,Q92570,4
2839,RefSeq,Q12830,4
2840,RefSeq,NP_003045,4
2841,RefSeq,Q8BRU6,4
2842,RefSeq,Q923Y8,4
2843,RefSeq,P00797,4
2844,RefSeq,P08236,4
2845,RefSeq,P13674,4
2846,RefSeq,P30553,4
2847,RefSeq,Q9NYA1,4
2848,RefSeq,Q13304,4
2849,RefSeq,P51582,4
2850,RefSeq,Q9UKP6,4
2851,RefSeq,P80365,4
2852,RefSeq,Q9NR63,4
2853,RefSeq,Q99523,4
2854,RefSeq,Q9Y239,4
2855,RefSeq,P39748,4
2856,RefSeq,P42679,4
2857,RefSeq,P51817,4
2858,RefSeq,NP_001006945,4
2859,RefSeq,NP_003168,4
2860,RefSeq,NP_055387,4
2861,RefSeq,NP_543013,4
2862,RefSeq,NP_002741,4
2863,RefSeq,NP_005237,4
2864,RefSeq,NP_775267,4
2865,RefSeq,BAA36547,4
2866,RefSeq,NP_002750,4
2867,RefSeq,NP_996844,4
2868,RefSeq,NP_004577,4
2869,RefSeq,NP_001006666,4
2870,RefSeq,Q86Y07,4
2871,RefSeq,P62280,4
2872,RefSeq,P62888,4
2873,RefSeq,P61313,4
2874,RefSeq,P61254,4
2875,RefSeq,P23396,4
2876,RefSeq,P62269,4
2877,RefSeq,P62266,4
2878,RefSeq,P42677,4
2879,RefSeq,P62241,4
2880,RefSeq,P18077,4
2881,RefSeq,P62424,4
2882,RefSeq,P63173,4
2883,RefSeq,P15880,4
2884,RefSeq,P61353,4
2885,RefSeq,P61247,4
2886,RefSeq,P27635,4
2887,RefSeq,P32969,4
2888,RefSeq,P62081,4
2889,RefSeq,P62851,4
2890,RefSeq,P62847,4
2891,RefSeq,P60866,4
2892,RefSeq,P30050,4
2893,RefSeq,P25398,4
2894,RefSeq,P62917,4
2895,RefSeq,P62753,4
2896,RefSeq,P62277,4
2897,RefSeq,P62857,4
2898,RefSeq,P62913,4
2899,RefSeq,Q02543,4
2900,RefSeq,P62906,4
2901,RefSeq,P50914,4
2902,RefSeq,P62841,4
2903,RefSeq,P62750,4
2904,RefSeq,P46778,4
2905,RefSeq,O95436,4
2906,RefSeq,P15917,4
2907,RefSeq,P09238,4
2908,RefSeq,Q9UNA0,4
2909,RefSeq,Q8TBC4,4
2910,RefSeq,Q13564,4
2911,RefSeq,Q9UBE0,4
2912,RefSeq,P17844,4
2913,RefSeq,Q9Y6K1,4
2914,RefSeq,NP_056216,4
2915,RefSeq,NP_001175,4
2916,RefSeq,NP_054721,4
2917,RefSeq,P9WIS7,4
2918,RefSeq,NP_000011,4
2919,RefSeq,P19785,4
2920,RefSeq,I6LNT8,4
2921,RefSeq,B2LUN4,4
2922,RefSeq,NP_476500,4
2923,RefSeq,P42263,4
2924,RefSeq,Q60795,4
2925,RefSeq,P14207,4
2926,RefSeq,P15328,4
2927,RefSeq,Q96NT5,4
2928,RefSeq,P41440,4
2929,RefSeq,Q6ZN18,4
2930,RefSeq,P30838,4
2931,RefSeq,Q96FW1,4
2932,RefSeq,P35520,4
2933,RefSeq,Q13155,4
2934,RefSeq,Q94F81,4
2935,RefSeq,Q15750,4
2936,RefSeq,NP_002568,4
2937,RefSeq,NP_998725,4
2938,RefSeq,CAG47067,4
2939,RefSeq,Q96Q04,4
2940,RefSeq,Q9Y2H9,4
2941,RefSeq,Q96RG2,4
2942,RefSeq,P0DPI0,4
2943,RefSeq,NP_036245,4
2944,RefSeq,CAI14764,4
2945,RefSeq,P29401,4
2946,RefSeq,P12236,4
2947,RefSeq,Q06830,4
2948,RefSeq,O75643,4
2949,RefSeq,P04899,4
2950,RefSeq,Q709F0,4
2951,RefSeq,Q9NSD9,4
2952,RefSeq,P0DP23,4
2953,RefSeq,P30519,4
2954,RefSeq,Q9UKK9,4
2955,RefSeq,P30837,4
2956,RefSeq,P62937,4
2957,RefSeq,P55786,4
2958,RefSeq,P38646,4
2959,RefSeq,P13861,4
2960,RefSeq,P43686,4
2961,RefSeq,P36776,4
2962,RefSeq,Q9Y265,4
2963,RefSeq,O14929,4
2964,RefSeq,Q08211,4
2965,RefSeq,P17174,4
2966,RefSeq,P51149,4
2967,RefSeq,Q9BZE4,4
2968,RefSeq,P37268,4
2969,RefSeq,Q9H773,4
2970,RefSeq,Q9UHL4,4
2971,RefSeq,Q14839,4
2972,RefSeq,Q9NRL2,4
2973,RefSeq,P04156,4
2974,RefSeq,P00766,4
2975,RefSeq,AAA24585,4
2976,RefSeq,NP_036611,4
2977,RefSeq,P97477,4
2978,RefSeq,NP_112214,4
2979,RefSeq,NP_001013725,4
2980,RefSeq,NP_002410,4
2981,RefSeq,NP_055726,4
2982,RefSeq,NP_005560,4
2983,RefSeq,NP_006204,4
2984,RefSeq,P04441,4
2985,RefSeq,NP_001159403,4
2986,RefSeq,NP_001024,4
2987,RefSeq,Q01538,4
2988,RefSeq,P30279,4
2989,RefSeq,Q01043,4
2990,RefSeq,Q8WYR1,4
2991,RefSeq,Q9Z1L0,4
2992,RefSeq,Q92905,4
2993,RefSeq,NP_003598,4
2994,RefSeq,NP_004293,4
2995,RefSeq,ABJ54071,4
2996,RefSeq,NP_005292,4
2997,RefSeq,NP_006284,4
2998,RefSeq,NP_032339,4
2999,RefSeq,Q9JKC1,4
3000,RefSeq,NP_056646,4
3001,RefSeq,P21700,4
3002,RefSeq,C4LRQ6,4
3003,RefSeq,P03474,4
3004,RefSeq,A5Z252,4
3005,RefSeq,P49356,4
3006,RefSeq,P25116,4
3007,RefSeq,AHN13044,4
3008,RefSeq,Q9ULW0,4
3009,RefSeq,P43005,4
3010,RefSeq,Q14416,4
3011,RefSeq,Q13003,4
3012,RefSeq,O35904,4
3013,RefSeq,NP_057051,4
3014,RefSeq,EAX07085,4
3015,RefSeq,NP_004349,4
3016,RefSeq,AAH95408,4
3017,RefSeq,NP_004408,4
3018,RefSeq,Q13418,4
3019,RefSeq,Q9NQR1,4
3020,RefSeq,NP_079033,4
3021,RefSeq,P62575,4
3022,RefSeq,P00469,4
3023,RefSeq,Q05932,4
3024,RefSeq,P00375,4
3025,RefSeq,C3SWJ7,4
3026,RefSeq,NP_954592,4
3027,RefSeq,Q9NY59,4
3028,RefSeq,P04054,4
3029,RefSeq,P14555,4
3030,RefSeq,NP_001832,4
3031,RefSeq,P15144,4
3032,RefSeq,Q9NR22,4
3033,RefSeq,O95136,4
3034,RefSeq,Q16548,4
3035,RefSeq,P11412,4
3036,RefSeq,P17931,4
3037,RefSeq,Q29010,4
3038,RefSeq,NP_444178,4
3039,RefSeq,P30989,4
3040,RefSeq,Q9EPX4,4
3041,RefSeq,P21588,4
3042,RefSeq,P13661,4
3043,RefSeq,Q9F663,4
3044,RefSeq,Q01469,4
3045,RefSeq,Q6QLK5,4
3046,RefSeq,P0C1U9,4
3047,RefSeq,P9WG45,4
3048,RefSeq,P0A017,4
3049,RefSeq,P22300,4
3050,RefSeq,P20237,4
3051,RefSeq,P10063,4
3052,RefSeq,P10064,4
3053,RefSeq,Q12791,4
3054,RefSeq,O15554,4
3055,RefSeq,NP_001547,4
3056,RefSeq,P48974,4
3057,RefSeq,Q9H9Z2,4
3058,RefSeq,P70496,4
3059,RefSeq,Q64729,4
3060,RefSeq,P80385,4
3061,RefSeq,P54645,4
3062,RefSeq,Q11130,4
3063,RefSeq,NP_032454,4
3064,RefSeq,NP_001005738,4
3065,RefSeq,P08104,4
3066,RefSeq,P24462,4
3067,RefSeq,Q9HB55,4
3068,RefSeq,Q06486,4
3069,RefSeq,Q9ERM3,4
3070,RefSeq,Q9Z2A7,4
3071,RefSeq,AAZ82016,4
3072,RefSeq,P32247,4
3073,RefSeq,P15428,4
3074,RefSeq,P43004,4
3075,RefSeq,O02824,4
3076,RefSeq,P54687,4
3077,RefSeq,Q9QZX8,4
3078,RefSeq,P26435,4
3079,RefSeq,Q9BW60,4
3080,RefSeq,NP_001154825,4
3081,RefSeq,NP_742107,4
3082,RefSeq,NP_751895,4
3083,RefSeq,P08419,4
3084,RefSeq,P14740,4
3085,RefSeq,Q7TMA4,4
3086,RefSeq,Q9UBN4,4
3087,RefSeq,Q9BQB4,4
3088,RefSeq,Q9H7B4,4
3089,RefSeq,Q80Z39,4
3090,RefSeq,NP_057646,4
3091,RefSeq,P49682,4
3092,RefSeq,NP_001498,4
3093,RefSeq,P11597,4
3094,RefSeq,O00418,4
3095,RefSeq,O15527,4
3096,RefSeq,P18405,4
3097,RefSeq,P49654,4
3098,RefSeq,P47199,4
3099,RefSeq,Q9BEG3,4
3100,RefSeq,P51450,4
3101,RefSeq,P16473,4
3102,RefSeq,Q9Y468,4
3103,RefSeq,P10145,4
3104,RefSeq,NP_149039,4
3105,RefSeq,NP_001782,4
3106,RefSeq,EMB09144,4
3107,RefSeq,Q62968,4
3108,RefSeq,A4TVL0,4
3109,RefSeq,P22443,4
3110,RefSeq,Q9H237,4
3111,RefSeq,O14638,4
3112,RefSeq,P19156,4
3113,RefSeq,NP_001124170,4
3114,RefSeq,Q9UPP1,4
3115,RefSeq,P00591,4
3116,RefSeq,P70502,4
3117,RefSeq,P11715,4
3118,RefSeq,O43868,4
3119,RefSeq,P59533,4
3120,RefSeq,NP_112290,4
3121,RefSeq,O08532,4
3122,RefSeq,O95718,4
3123,RefSeq,P62508,4
3124,RefSeq,Q86VZ5,4
3125,RefSeq,O94759,4
3126,RefSeq,Q8NHM5,4
3127,RefSeq,Q63424,4
3128,RefSeq,P06700,4
3129,RefSeq,P31213,4
3130,RefSeq,P06730,4
3131,RefSeq,P00813,4
3132,RefSeq,P34897,4
3133,RefSeq,Q9ULD4,4
3134,RefSeq,NP_001420,4
3135,RefSeq,P0DUB6,4
3136,RefSeq,NP_004178,4
3137,RefSeq,P33302,4
3138,RefSeq,P35991,4
3139,RefSeq,NP_215062,4
3140,RefSeq,NP_076869,4
3141,RefSeq,P9WPL4,4
3142,RefSeq,ABC40742,4
3143,RefSeq,Q04400,4
3144,RefSeq,Q62666,4
3145,RefSeq,P69996,4
3146,RefSeq,XP_001352189,4
3147,RefSeq,P05181,4
3148,RefSeq,Q9H7Z7,4
3149,RefSeq,P30531,4
3150,RefSeq,P31648,4
3151,RefSeq,P47811,4
3152,RefSeq,P9WPP9,4
3153,RefSeq,Q9UNU6,4
3154,RefSeq,P9WPP7,4
3155,RefSeq,NP_001106210,4
3156,RefSeq,NP_036649,4
3157,RefSeq,NP_037102,4
3158,RefSeq,NP_004442,4
3159,RefSeq,ZP_02619427,4
3160,RefSeq,NP_570718,4
3161,RefSeq,P05959,4
3162,RefSeq,P24740,4
3163,RefSeq,P03369,4
3164,RefSeq,Q9ERZ3,4
3165,RefSeq,NP_001035751,4
3166,RefSeq,NP_001127757,4
3167,RefSeq,NP_006177,4
3168,RefSeq,NP_001025174,4
3169,RefSeq,NP_002934,4
3170,RefSeq,P19091,4
3171,RefSeq,NP_000957,4
3172,RefSeq,NP_005645,4
3173,RefSeq,P10613,4
3174,RefSeq,P23743,4
3175,RefSeq,BAC16799,4
3176,RefSeq,NP_002763,4
3177,RefSeq,P37058,4
3178,RefSeq,1BQI_A,4
3179,RefSeq,Q25615,4
3180,RefSeq,Q0VTR8,4
3181,RefSeq,Q4G017,4
3182,RefSeq,NP_001164560,4
3183,RefSeq,P20648,4
3184,RefSeq,P51164,4
3185,RefSeq,NP_001070659,4
3186,RefSeq,NP_000060,4
3187,RefSeq,CAH72619,4
3188,RefSeq,NP_001895,4
3189,RefSeq,NP_001239563,4
3190,RefSeq,NP_001177848,4
3191,RefSeq,A3RLP8,4
3192,RefSeq,NP_001165291,4
3193,RefSeq,NP_001191340,4
3194,RefSeq,Q9BU89,4
3195,RefSeq,P00807,4
3196,RefSeq,NP_001032436,4
3197,RefSeq,CAI12638,4
3198,RefSeq,P00730,4
3199,RefSeq,P00166,4
3200,RefSeq,P29473,4
3201,RefSeq,NP_036779,4
3202,RefSeq,NP_035230,4
3203,RefSeq,NP_001069826,4
3204,RefSeq,2OS9_A,4
3205,RefSeq,P47748,3
3206,RefSeq,P52332,3
3207,RefSeq,Q01726,3
3208,RefSeq,Q9UIF9,3
3209,RefSeq,Q9UIF8,3
3210,RefSeq,Q9NVM4,3
3211,RefSeq,O60678,3
3212,RefSeq,NP_203694,3
3213,RefSeq,P0DTC1,3
3214,RefSeq,P25322,3
3215,RefSeq,P35917,3
3216,RefSeq,Q9JI35,3
3217,RefSeq,Q9WMX2,3
3218,RefSeq,NP_001034708,3
3219,RefSeq,NP_038650,3
3220,RefSeq,Q15131,3
3221,RefSeq,P08709,3
3222,RefSeq,P00760,3
3223,RefSeq,NP_000497,3
3224,RefSeq,P16610,3
3225,RefSeq,P32248,3
3226,RefSeq,NP_001128516,3
3227,RefSeq,Q13617,3
3228,RefSeq,P62877,3
3229,RefSeq,P26010,3
3230,RefSeq,NP_001619,3
3231,RefSeq,NP_114188,3
3232,RefSeq,NP_001243228,3
3233,RefSeq,Q8N371,3
3234,RefSeq,P35573,3
3235,RefSeq,P70627,3
3236,RefSeq,O15438,3
3237,RefSeq,P02753,3
3238,RefSeq,Q9Y5S1,3
3239,RefSeq,P18688,3
3240,RefSeq,NP_001154889,3
3241,RefSeq,NP_001074924,3
3242,RefSeq,P30082,3
3243,RefSeq,O60894,3
3244,RefSeq,Q91Y86,3
3245,RefSeq,P26012,3
3246,RefSeq,P23791,3
3247,RefSeq,P50482,3
3248,RefSeq,Q9Z2V5,3
3249,RefSeq,NP_112503,3
3250,RefSeq,Q9P0U3,3
3251,RefSeq,P45974,3
3252,RefSeq,AAI30529,3
3253,RefSeq,Q13451,3
3254,RefSeq,Q02790,3
3255,RefSeq,P35349,3
3256,RefSeq,P12268,3
3257,RefSeq,P56696,3
3258,RefSeq,Q9NR82,3
3259,RefSeq,Q64640,3
3260,RefSeq,P9WID5,3
3261,RefSeq,NP_002653,3
3262,RefSeq,NP_002654,3
3263,RefSeq,NP_001158195,3
3264,RefSeq,Q15562,3
3265,RefSeq,P46937,3
3266,RefSeq,NP_065110,3
3267,RefSeq,Q9JJX6,3
3268,RefSeq,Q01815,3
3269,RefSeq,P21275,3
3270,RefSeq,BAB91222,3
3271,RefSeq,NP_004094,3
3272,RefSeq,P35790,3
3273,RefSeq,Q9UBS0,3
3274,RefSeq,P22199,3
3275,RefSeq,P50993,3
3276,RefSeq,P54710,3
3277,RefSeq,Q13733,3
3278,RefSeq,P13637,3
3279,RefSeq,P14415,3
3280,RefSeq,Q8NCG7,3
3281,RefSeq,Q9Y4K0,3
3282,RefSeq,P0A9P4,3
3283,RefSeq,P51682,3
3284,RefSeq,NP_077046,3
3285,RefSeq,NP_599155,3
3286,RefSeq,NP_444435,3
3287,RefSeq,Q15465,3
3288,RefSeq,P23921,3
3289,RefSeq,P04141,3
3290,RefSeq,P10147,3
3291,RefSeq,Q16658,3
3292,RefSeq,Q07973,3
3293,RefSeq,P04799,3
3294,RefSeq,NP_001138897,3
3295,RefSeq,NP_001159687,3
3296,RefSeq,P49448,3
3297,RefSeq,Q9NPC2,3
3298,RefSeq,Q63931,3
3299,RefSeq,P33012,3
3300,RefSeq,P29452,3
3301,RefSeq,Q9NRA0,3
3302,RefSeq,NP_795344,3
3303,RefSeq,P56718,3
3304,RefSeq,P61794,3
3305,RefSeq,Q01196,3
3306,RefSeq,Q13951,3
3307,RefSeq,NP_115670,3
3308,RefSeq,NP_055030,3
3309,RefSeq,NP_006292,3
3310,RefSeq,Q00532,3
3311,RefSeq,NP_006540,3
3312,RefSeq,NP_036527,3
3313,RefSeq,NP_004374,3
3314,RefSeq,NP_001249,3
3315,RefSeq,NP_002587,3
3316,RefSeq,NP_002935,3
3317,RefSeq,AAB40118,3
3318,RefSeq,NP_006365,3
3319,RefSeq,NP_872198,3
3320,RefSeq,Q01813,3
3321,RefSeq,P39023,3
3322,RefSeq,P05386,3
3323,RefSeq,P49207,3
3324,RefSeq,P35268,3
3325,RefSeq,P18124,3
3326,RefSeq,P46777,3
3327,RefSeq,P08708,3
3328,RefSeq,P62829,3
3329,RefSeq,Q9Y3U8,3
3330,RefSeq,P62861,3
3331,RefSeq,P46781,3
3332,RefSeq,P26373,3
3333,RefSeq,P63220,3
3334,RefSeq,P46779,3
3335,RefSeq,P61513,3
3336,RefSeq,P46776,3
3337,RefSeq,Q07020,3
3338,RefSeq,P18621,3
3339,RefSeq,P42766,3
3340,RefSeq,P40429,3
3341,RefSeq,P62899,3
3342,RefSeq,P84098,3
3343,RefSeq,P62263,3
3344,RefSeq,P36578,3
3345,RefSeq,P62979,3
3346,RefSeq,NP_001036194,3
3347,RefSeq,P04233,3
3348,RefSeq,P41212,3
3349,RefSeq,P51511,3
3350,RefSeq,O30463,3
3351,RefSeq,P22906,3
3352,RefSeq,Q16543,3
3353,RefSeq,Q9UJW3,3
3354,RefSeq,XP_001350099,3
3355,RefSeq,P20786,3
3356,RefSeq,NP_001138778,3
3357,RefSeq,P9WHH9,3
3358,RefSeq,NP_002418,3
3359,RefSeq,NP_004320,3
3360,RefSeq,NP_079440,3
3361,RefSeq,O08537,3
3362,RefSeq,P42226,3
3363,RefSeq,Q6ZQW0,3
3364,RefSeq,P11497,3
3365,RefSeq,1ELR_A,3
3366,RefSeq,Q12906,3
3367,RefSeq,O75604,3
3368,RefSeq,NP_001884,3
3369,RefSeq,P61024,3
3370,RefSeq,P62805,3
3371,RefSeq,NP_002638,3
3372,RefSeq,NP_000294,3
3373,RefSeq,Q2M385,3
3374,RefSeq,P12955,3
3375,RefSeq,Q9UBM7,3
3376,RefSeq,NP_001058,3
3377,RefSeq,Q99P97,3
3378,RefSeq,Q5RJZ2,3
3379,RefSeq,O75376,3
3380,RefSeq,Q99P96,3
3381,RefSeq,Q6P6W3,3
3382,RefSeq,NP_079103,3
3383,RefSeq,B1WBY8,3
3384,RefSeq,Q4QQW4,3
3385,RefSeq,Q99P99,3
3386,RefSeq,Q96KB5,3
3387,RefSeq,P61075,3
3388,RefSeq,Q99558,3
3389,RefSeq,NP_002749,3
3390,RefSeq,Q9NRH2,3
3391,RefSeq,NP_003001,3
3392,RefSeq,Q16881,3
3393,RefSeq,Q6P5Z2,3
3394,RefSeq,Q9Y3S1,3
3395,RefSeq,Q6ZN16,3
3396,RefSeq,Q3U3Q1,3
3397,RefSeq,Q28021,3
3398,RefSeq,Q6VAB6,3
3399,RefSeq,P31391,3
3400,RefSeq,P30874,3
3401,RefSeq,O75400,3
3402,RefSeq,O60832,3
3403,RefSeq,P29692,3
3404,RefSeq,Q08945,3
3405,RefSeq,P48556,3
3406,RefSeq,Q16186,3
3407,RefSeq,O75306,3
3408,RefSeq,P46013,3
3409,RefSeq,O75694,3
3410,RefSeq,Q07955,3
3411,RefSeq,Q9BXS5,3
3412,RefSeq,P78371,3
3413,RefSeq,Q15758,3
3414,RefSeq,Q13813,3
3415,RefSeq,P60174,3
3416,RefSeq,Q9P2R7,3
3417,RefSeq,Q13162,3
3418,RefSeq,Q9NZ01,3
3419,RefSeq,P51665,3
3420,RefSeq,P61981,3
3421,RefSeq,Q96AG4,3
3422,RefSeq,O43707,3
3423,RefSeq,O00203,3
3424,RefSeq,Q9P0J0,3
3425,RefSeq,Q16629,3
3426,RefSeq,P54577,3
3427,RefSeq,P13639,3
3428,RefSeq,P05455,3
3429,RefSeq,P62995,3
3430,RefSeq,P78347,3
3431,RefSeq,P02545,3
3432,RefSeq,P62195,3
3433,RefSeq,Q14974,3
3434,RefSeq,P84103,3
3435,RefSeq,Q9Y383,3
3436,RefSeq,Q92621,3
3437,RefSeq,P53618,3
3438,RefSeq,Q15717,3
3439,RefSeq,Q9BUJ2,3
3440,RefSeq,P42285,3
3441,RefSeq,Q9BSJ2,3
3442,RefSeq,O15042,3
3443,RefSeq,O00571,3
3444,RefSeq,Q58FF8,3
3445,RefSeq,Q8N1F7,3
3446,RefSeq,P09172,3
3447,RefSeq,O60313,3
3448,RefSeq,Q96S53,3
3449,RefSeq,Q9NTJ3,3
3450,RefSeq,P05141,3
3451,RefSeq,Q09161,3
3452,RefSeq,P63167,3
3453,RefSeq,O76094,3
3454,RefSeq,Q99623,3
3455,RefSeq,P40938,3
3456,RefSeq,P11216,3
3457,RefSeq,Q01081,3
3458,RefSeq,P04075,3
3459,RefSeq,P26641,3
3460,RefSeq,P54136,3
3461,RefSeq,P31040,3
3462,RefSeq,Q9UHD8,3
3463,RefSeq,P49748,3
3464,RefSeq,P17987,3
3465,RefSeq,Q96G23,3
3466,RefSeq,P46940,3
3467,RefSeq,Q07666,3
3468,RefSeq,P84090,3
3469,RefSeq,Q14697,3
3470,RefSeq,P17980,3
3471,RefSeq,Q53GQ0,3
3472,RefSeq,P16615,3
3473,RefSeq,Q15029,3
3474,RefSeq,Q14980,3
3475,RefSeq,P57088,3
3476,RefSeq,P62993,3
3477,RefSeq,Q99460,3
3478,RefSeq,P51610,3
3479,RefSeq,Q9Y678,3
3480,RefSeq,P52292,3
3481,RefSeq,Q92878,3
3482,RefSeq,O00232,3
3483,RefSeq,Q9Y262,3
3484,RefSeq,P53007,3
3485,RefSeq,Q14152,3
3486,RefSeq,Q01082,3
3487,RefSeq,Q9NZ08,3
3488,RefSeq,Q92974,3
3489,RefSeq,Q9Y5B9,3
3490,RefSeq,Q29RF7,3
3491,RefSeq,P61026,3
3492,RefSeq,O43242,3
3493,RefSeq,Q14978,3
3494,RefSeq,Q01650,3
3495,RefSeq,P42785,3
3496,RefSeq,P16403,3
3497,RefSeq,Q9UQE7,3
3498,RefSeq,O75533,3
3499,RefSeq,P55060,3
3500,RefSeq,P00376,3
3501,RefSeq,P02752,3
3502,RefSeq,O00231,3
3503,RefSeq,P10619,3
3504,RefSeq,Q9HD36,3
3505,RefSeq,NP_059672,3
3506,RefSeq,NP_003550,3
3507,RefSeq,NP_003128,3
3508,RefSeq,CAA06700,3
3509,RefSeq,NP_872299,3
3510,RefSeq,NP_066958,3
3511,RefSeq,NP_003822,3
3512,RefSeq,NP_060063,3
3513,RefSeq,NP_006243,3
3514,RefSeq,NP_000236,3
3515,RefSeq,NP_113668,3
3516,RefSeq,Q8BH60,3
3517,RefSeq,P05480,3
3518,RefSeq,NP_001005735,3
3519,RefSeq,P22518,3
3520,RefSeq,NP_003381,3
3521,RefSeq,NP_057626,3
3522,RefSeq,Q9S446,3
3523,RefSeq,NP_064632,3
3524,RefSeq,NP_004521,3
3525,RefSeq,NP_113798,3
3526,RefSeq,NP_031725,3
3527,RefSeq,NP_068629,3
3528,RefSeq,NP_036985,3
3529,RefSeq,NP_001121638,3
3530,RefSeq,NP_001014831,3
3531,RefSeq,P35580,3
3532,RefSeq,Q194T1,3
3533,RefSeq,Q6Q793,3
3534,RefSeq,Q2LFS1,3
3535,RefSeq,P03470,3
3536,RefSeq,Q6XUE4,3
3537,RefSeq,P03471,3
3538,RefSeq,P53609,3
3539,RefSeq,P42346,3
3540,RefSeq,Q9UGC6,3
3541,RefSeq,NP_000624,3
3542,RefSeq,Q9NUW8,3
3543,RefSeq,NP_001477,3
3544,RefSeq,Q9UNA4,3
3545,RefSeq,Q9JLN9,3
3546,RefSeq,P31422,3
3547,RefSeq,NP_001120795,3
3548,RefSeq,NP_001123535,3
3549,RefSeq,F8W4B7,3
3550,RefSeq,NP_036543,3
3551,RefSeq,NP_001029027,3
3552,RefSeq,NP_004221,3
3553,RefSeq,NP_002642,3
3554,RefSeq,NP_000202,3
3555,RefSeq,NP_000623,3
3556,RefSeq,Q03142,3
3557,RefSeq,Q16099,3
3558,RefSeq,Q9Y6K9,3
3559,RefSeq,K9N7C7,3
3560,RefSeq,NP_036370,3
3561,RefSeq,NP_001121363,3
3562,RefSeq,O77823,3
3563,RefSeq,P42227,3
3564,RefSeq,NP_001339,3
3565,RefSeq,Q92952,3
3566,RefSeq,P48303,3
3567,RefSeq,P0A7Y4,3
3568,RefSeq,P08575,3
3569,RefSeq,NP_060911,3
3570,RefSeq,P28705,3
3571,RefSeq,P28704,3
3572,RefSeq,Q2NL67,3
3573,RefSeq,P56470,3
3574,RefSeq,P16110,3
3575,RefSeq,CAM24989,3
3576,RefSeq,B0K020,3
3577,RefSeq,Q54A96,3
3578,RefSeq,NP_001264133,3
3579,RefSeq,P49652,3
3580,RefSeq,Q96G91,3
3581,RefSeq,NP_795713,3
3582,RefSeq,Q9L4P2,3
3583,RefSeq,P07148,3
3584,RefSeq,P15090,3
3585,RefSeq,P51635,3
3586,RefSeq,P80276,3
3587,RefSeq,NP_115871,3
3588,RefSeq,P0C1S7,3
3589,RefSeq,NP_061822,3
3590,RefSeq,P21398,3
3591,RefSeq,P09958,3
3592,RefSeq,NP_006437,3
3593,RefSeq,Q9H7Z6,3
3594,RefSeq,P22001,3
3595,RefSeq,NP_659164,3
3596,RefSeq,NP_079617,3
3597,RefSeq,P26431,3
3598,RefSeq,Q9QZH4,3
3599,RefSeq,NP_038549,3
3600,RefSeq,NP_002053,3
3601,RefSeq,NP_058857,3
3602,RefSeq,Q01097,3
3603,RefSeq,P43088,3
3604,RefSeq,NP_003179,3
3605,RefSeq,G3V783,3
3606,RefSeq,P35750,3
3607,RefSeq,Q02083,3
3608,RefSeq,Q8K3T4,3
3609,RefSeq,P27467,3
3610,RefSeq,NP_598610,3
3611,RefSeq,NP_445958,3
3612,RefSeq,Q7TQN8,3
3613,RefSeq,P37230,3
3614,RefSeq,Q10471,3
3615,RefSeq,P19686,3
3616,RefSeq,Q9Y2T5,3
3617,RefSeq,O60706,3
3618,RefSeq,CAH74068,3
3619,RefSeq,P00371,3
3620,RefSeq,Q96GG9,3
3621,RefSeq,P61081,3
3622,RefSeq,NP_059058,3
3623,RefSeq,NP_001189784,3
3624,RefSeq,NP_000946,3
3625,RefSeq,NP_001153606,3
3626,RefSeq,P51683,3
3627,RefSeq,NP_001926,3
3628,RefSeq,Q9QUQ5,3
3629,RefSeq,P28336,3
3630,RefSeq,P30550,3
3631,RefSeq,NP_002502,3
3632,RefSeq,Q15761,3
3633,RefSeq,NP_766577,3
3634,RefSeq,P48995,3
3635,RefSeq,Q9EP66,3
3636,RefSeq,P17516,3
3637,RefSeq,Q13422,3
3638,RefSeq,NP_005622,3
3639,RefSeq,Q99714,3
3640,RefSeq,P49146,3
3641,RefSeq,Q9UPY5,3
3642,RefSeq,Q9RMS5,3
3643,RefSeq,P12746,3
3644,RefSeq,Q53EL6,3
3645,RefSeq,Q15633,3
3646,RefSeq,O60725,3
3647,RefSeq,P15374,3
3648,RefSeq,P22059,3
3649,RefSeq,Q9Y466,3
3650,RefSeq,Q16637,3
3651,RefSeq,NP_112350,3
3652,RefSeq,Q16576,3
3653,RefSeq,Q02928,3
3654,RefSeq,P78329,3
3655,RefSeq,P53582,3
3656,RefSeq,Q29550,3
3657,RefSeq,Q99527,3
3658,RefSeq,P13995,3
3659,RefSeq,P11586,3
3660,RefSeq,P08686,3
3661,RefSeq,Q15109,3
3662,RefSeq,Q16581,3
3663,RefSeq,P18434,3
3664,RefSeq,Q12772,3
3665,RefSeq,P9WFK7,3
3666,RefSeq,E5KIY2,3
3667,RefSeq,Q6QIY3,3
3668,RefSeq,Q9NRM0,3
3669,RefSeq,Q9GZQ8,3
3670,RefSeq,P18848,3
3671,RefSeq,P62873,3
3672,RefSeq,Q02769,3
3673,RefSeq,Q96Q83,3
3674,RefSeq,Q9H4A3,3
3675,RefSeq,Q01061,3
3676,RefSeq,P14100,3
3677,RefSeq,P04774,3
3678,RefSeq,O70212,3
3679,RefSeq,P47895,3
3680,RefSeq,P9WKE1,3
3681,RefSeq,P07342,3
3682,RefSeq,O00206,3
3683,RefSeq,O15294,3
3684,RefSeq,Q6NYC1,3
3685,RefSeq,NP_963998,3
3686,RefSeq,Q99504,3
3687,RefSeq,P23919,3
3688,RefSeq,P32320,3
3689,RefSeq,P16924,3
3690,RefSeq,Q9Y2T3,3
3691,RefSeq,P27158,3
3692,RefSeq,P31641,3
3693,RefSeq,Q8N163,3
3694,RefSeq,Q96CP6,3
3695,RefSeq,P03905,3
3696,RefSeq,P36873,3
3697,RefSeq,Q9Y2W1,3
3698,RefSeq,NP_005391,3
3699,RefSeq,NP_997704,3
3700,RefSeq,NP_002728,3
3701,RefSeq,Q9WV60,3
3702,RefSeq,Q96CA5,3
3703,RefSeq,NP_006609,3
3704,RefSeq,NP_001073893,3
3705,RefSeq,NP_001003694,3
3706,RefSeq,NP_001107654,3
3707,RefSeq,Q8IWU9,3
3708,RefSeq,Q5M848,3
3709,RefSeq,P84903,3
3710,RefSeq,NP_001387,3
3711,RefSeq,P00546,3
3712,RefSeq,O00512,3
3713,RefSeq,P9WNX1,3
3714,RefSeq,Q61606,3
3715,RefSeq,Q63120,3
3716,RefSeq,NP_036916,3
3717,RefSeq,CAM15905,3
3718,RefSeq,P54289,3
3719,RefSeq,Q27783,3
3720,RefSeq,P17712,3
3721,RefSeq,Q8Z9J9,3
3722,RefSeq,O77746,3
3723,RefSeq,P9WPP0,3
3724,RefSeq,AAN37052,3
3725,RefSeq,CAD52253,3
3726,RefSeq,Q9TVW2,3
3727,RefSeq,Q01782,3
3728,RefSeq,P07382,3
3729,RefSeq,P00378,3
3730,RefSeq,P0A0J7,3
3731,RefSeq,P26769,3
3732,RefSeq,P21932,3
3733,RefSeq,P26770,3
3734,RefSeq,Q8CFM9,3
3735,RefSeq,Q03343,3
3736,RefSeq,D4A3N4,3
3737,RefSeq,P52703,3
3738,RefSeq,P40146,3
3739,RefSeq,NP_776412,3
3740,RefSeq,Q8SPQ9,3
3741,RefSeq,NP_065873,3
3742,RefSeq,NP_000676,3
3743,RefSeq,NP_001227,3
3744,RefSeq,P9WPC5,3
3745,RefSeq,P9WPC3,3
3746,RefSeq,O08966,3
3747,RefSeq,P28476,3
3748,RefSeq,O88446,3
3749,RefSeq,P02769,3
3750,RefSeq,Q4WNT5,3
3751,RefSeq,P9WPL0,3
3752,RefSeq,P15381,3
3753,RefSeq,Q8HY88,3
3754,RefSeq,NP_034725,3
3755,RefSeq,NP_034726,3
3756,RefSeq,Q9I4G8,3
3757,RefSeq,NP_005475,3
3758,RefSeq,Q5FB27,3
3759,RefSeq,P01031,3
3760,RefSeq,O54754,3
3761,RefSeq,NP_001230448,3
3762,RefSeq,NP_004443,3
3763,RefSeq,YP_815859,3
3764,RefSeq,CAA29232,3
3765,RefSeq,P30411,3
3766,RefSeq,P02710,3
3767,RefSeq,P10634,3
3768,RefSeq,NP_004124,3
3769,RefSeq,NP_009052,3
3770,RefSeq,NP_001135797,3
3771,RefSeq,P80456,3
3772,RefSeq,NP_001153634,3
3773,RefSeq,NP_114092,3
3774,RefSeq,Q99576,3
3775,RefSeq,O88909,3
3776,RefSeq,O95563,3
3777,RefSeq,NP_012819,3
3778,RefSeq,NP_733822,3
3779,RefSeq,Q6ZQN7,3
3780,RefSeq,G4VFD7,3
3781,RefSeq,CAA89647,3
3782,RefSeq,P54833,3
3783,RefSeq,NP_001161097,3
3784,RefSeq,NP_002557,3
3785,RefSeq,P02718,3
3786,RefSeq,EAW70217,3
3787,RefSeq,D6NSM8,3
3788,RefSeq,B2ZTR6,3
3789,RefSeq,Q0VTS0,3
3790,RefSeq,NP_619527,3
3791,RefSeq,P06537,3
3792,RefSeq,NP_037103,3
3793,RefSeq,NP_001157797,3
3794,RefSeq,NP_001231866,3
3795,RefSeq,NP_065132,3
3796,RefSeq,P34971,3
3797,RefSeq,O00337,3
3798,RefSeq,NP_780339,3
3799,RefSeq,Q962Y6,3
3800,RefSeq,Q80UJ1,3
3801,RefSeq,NP_666018,3
3802,RefSeq,NP_001243759,3
3803,RefSeq,NP_631918,3
3804,RefSeq,Q16873,3
3805,RefSeq,P47820,3
3806,RefSeq,NP_997491,3
3807,RefSeq,D1MEN9,3
3808,RefSeq,C7DTR7,3
3809,RefSeq,D1MIX9,3
3810,RefSeq,NP_112648,3
3811,RefSeq,P0AD64,3
3812,RefSeq,D2SSQ3,3
3813,RefSeq,A8RR46,3
3814,RefSeq,NP_001017425,3
3815,RefSeq,P00176,3
3816,RefSeq,NP_065390,3
3817,RefSeq,CCE37082,3
3818,RefSeq,P16056,3
3819,RefSeq,P70604,3
3820,RefSeq,P15304,3
3821,RefSeq,A1XG20,3
3822,RefSeq,NP_036559,3
3823,RefSeq,NP_001171761,3
3824,RefSeq,NP_001243390,3
3825,RefSeq,P50336,3
3826,RefSeq,NP_690607,3
3827,RefSeq,NP_004987,3
3828,RefSeq,CAG33189,3
3829,RefSeq,Q0GKD7,3
3830,RefSeq,Q2XUH7,3
3831,RefSeq,Q9XQA6,3
3832,RefSeq,Q9SPL6,3
3833,RefSeq,P69560,3
3834,RefSeq,P22411,3
3835,RefSeq,Q96PD7,3
3836,RefSeq,NP_001193922,3
3837,RefSeq,AAA51985,3
3838,RefSeq,NP_001182684,3
3839,RefSeq,NP_035836,3
3840,RefSeq,P22079,3
3841,RefSeq,Q8WY07,3
3842,RefSeq,NP_058863,2
3843,RefSeq,P27958,2
3844,RefSeq,C1KIQ2,2
3845,RefSeq,O60911,2
3846,RefSeq,NP_001161066,2
3847,RefSeq,Q9R117,2
3848,RefSeq,P56450,2
3849,RefSeq,Q01727,2
3850,RefSeq,P41149,2
3851,RefSeq,P33033,2
3852,RefSeq,NP_058687,2
3853,RefSeq,NP_036634,2
3854,RefSeq,NP_058706,2
3855,RefSeq,P35560,2
3856,RefSeq,NP_000116,2
3857,RefSeq,P48048,2
3858,RefSeq,P11473,2
3859,RefSeq,B3DH72,2
3860,RefSeq,B8JHS2,2
3861,RefSeq,P22314,2
3862,RefSeq,Q15047,2
3863,RefSeq,Q9C005,2
3864,RefSeq,Q86Y97,2
3865,RefSeq,P0C6W5,2
3866,RefSeq,P0C6W3,2
3867,RefSeq,P0C6X5,2
3868,RefSeq,P0C6X4,2
3869,RefSeq,Q98VG9,2
3870,RefSeq,P0C6W4,2
3871,RefSeq,P0C6Y4,2
3872,RefSeq,P06400,2
3873,RefSeq,P58406,2
3874,RefSeq,P15153,2
3875,RefSeq,Q8JXU8,2
3876,RefSeq,Q96LB1,2
3877,RefSeq,NP_067357,2
3878,RefSeq,P51144,2
3879,RefSeq,P30547,2
3880,RefSeq,NP_001048,2
3881,RefSeq,P54001,2
3882,RefSeq,NP_000625,2
3883,RefSeq,P51684,2
3884,RefSeq,P32240,2
3885,RefSeq,P43114,2
3886,RefSeq,P35626,2
3887,RefSeq,P43249,2
3888,RefSeq,Q92547,2
3889,RefSeq,NP_003848,2
3890,RefSeq,B5THE3,2
3891,RefSeq,P70699,2
3892,RefSeq,Q9Y251,2
3893,RefSeq,Q9Y3Q0,2
3894,RefSeq,NP_002602,2
3895,RefSeq,P03951,2
3896,RefSeq,P46095,2
3897,RefSeq,NP_001167455,2
3898,RefSeq,O08725,2
3899,RefSeq,NP_114464,2
3900,RefSeq,NP_005904,2
3901,RefSeq,NP_063941,2
3902,RefSeq,NP_002377,2
3903,RefSeq,AAH01505,2
3904,RefSeq,NP_001008497,2
3905,RefSeq,Q15077,2
3906,RefSeq,NP_598261,2
3907,RefSeq,P30098,2
3908,RefSeq,P40145,2
3909,RefSeq,Q08462,2
3910,RefSeq,P48546,2
3911,RefSeq,P17599,2
3912,RefSeq,P25106,2
3913,RefSeq,P49116,2
3914,RefSeq,P34978,2
3915,RefSeq,Q8CIM5,2
3916,RefSeq,P00740,2
3917,RefSeq,Q7TQM4,2
3918,RefSeq,P26432,2
3919,RefSeq,Q9UBY0,2
3920,RefSeq,P06199,2
3921,RefSeq,P78325,2
3922,RefSeq,Q9EPQ1,2
3923,RefSeq,Q15399,2
3924,RefSeq,Q9QUN7,2
3925,RefSeq,P20839,2
3926,RefSeq,P11230,2
3927,RefSeq,P07510,2
3928,RefSeq,Q07001,2
3929,RefSeq,NP_001101,2
3930,RefSeq,O15648,2
3931,RefSeq,P51680,2
3932,RefSeq,NP_005499,2
3933,RefSeq,P0A725,2
3934,RefSeq,C6ARS9,2
3935,RefSeq,P17301,2
3936,RefSeq,Q76JU9,2
3937,RefSeq,P32871,2
3938,RefSeq,NP_004691,2
3939,RefSeq,NP_113785,2
3940,RefSeq,P11217,2
3941,RefSeq,P18654,2
3942,RefSeq,NP_000241,2
3943,RefSeq,NP_001137391,2
3944,RefSeq,NP_001153583,2
3945,RefSeq,NP_001191147,2
3946,RefSeq,NP_000616,2
3947,RefSeq,NP_808228,2
3948,RefSeq,P01100,2
3949,RefSeq,AAA40660,2
3950,RefSeq,NP_009220,2
3951,RefSeq,P07861,2
3952,RefSeq,Q4W6D0,2
3953,RefSeq,Q4W6C8,2
3954,RefSeq,P23711,2
3955,RefSeq,P06858,2
3956,RefSeq,Q99MT6,2
3957,RefSeq,NP_001230066,2
3958,RefSeq,O75908,2
3959,RefSeq,P15382,2
3960,RefSeq,Q9UK17,2
3961,RefSeq,P58215,2
3962,RefSeq,NP_001243502,2
3963,RefSeq,NP_001160166,2
3964,RefSeq,Q15796,2
3965,RefSeq,O95630,2
3966,RefSeq,O00487,2
3967,RefSeq,NP_001091670,2
3968,RefSeq,P80209,2
3969,RefSeq,O15528,2
3970,RefSeq,P05804,2
3971,RefSeq,Q16875,2
3972,RefSeq,A0A286ZKB1,2
3973,RefSeq,Q91XA9,2
3974,RefSeq,Q13231,2
3975,RefSeq,Q9NXG6,2
3976,RefSeq,NP_003766,2
3977,RefSeq,P53987,2
3978,RefSeq,NP_001827,2
3979,RefSeq,P48544,2
3980,RefSeq,P51661,2
3981,RefSeq,P08799,2
3982,RefSeq,Q28641,2
3983,RefSeq,P08138,2
3984,RefSeq,P35739,2
3985,RefSeq,P97772,2
3986,RefSeq,P49684,2
3987,RefSeq,P51692,2
3988,RefSeq,NP_000881,2
3989,RefSeq,NP_001247439,2
3990,RefSeq,P28715,2
3991,RefSeq,NP_003647,2
3992,RefSeq,NP_001996,2
3993,RefSeq,NP_002722,2
3994,RefSeq,NP_006276,2
3995,RefSeq,CAA38449,2
3996,RefSeq,NP_004375,2
3997,RefSeq,NP_954983,2
3998,RefSeq,NP_005804,2
3999,RefSeq,NP_004681,2
4000,RefSeq,P49187,2
4001,RefSeq,Q99986,2
4002,RefSeq,P22090,2
4003,RefSeq,P47914,2
4004,RefSeq,P62854,2
4005,RefSeq,P83731,2
4006,RefSeq,P62891,2
4007,RefSeq,P83881,2
4008,RefSeq,Q02878,2
4009,RefSeq,P05388,2
4010,RefSeq,P62945,2
4011,RefSeq,P61927,2
4012,RefSeq,P62910,2
4013,RefSeq,P13497,2
4014,RefSeq,Q9NPA2,2
4015,RefSeq,Q9NRE1,2
4016,RefSeq,Q9UUP5,2
4017,RefSeq,O95602,2
4018,RefSeq,Q9ZTP8,2
4019,RefSeq,NP_001186948,2
4020,RefSeq,XP_001349680,2
4021,RefSeq,NP_037386,2
4022,RefSeq,P15108,2
4023,RefSeq,P28063,2
4024,RefSeq,O00625,2
4025,RefSeq,P22301,2
4026,RefSeq,Q4Q5S8,2
4027,RefSeq,Q9UVX3,2
4028,RefSeq,Q14393,2
4029,RefSeq,P46663,2
4030,RefSeq,Q16820,2
4031,RefSeq,Q46085,2
4032,RefSeq,P00516,2
4033,RefSeq,P46531,2
4034,RefSeq,O15392,2
4035,RefSeq,NP_694882,2
4036,RefSeq,O77636,2
4037,RefSeq,Q9BZ11,2
4038,RefSeq,P61793,2
4039,RefSeq,Q8TCT1,2
4040,RefSeq,P34949,2
4041,RefSeq,Q96K76,2
4042,RefSeq,Q9P275,2
4043,RefSeq,P08151,2
4044,RefSeq,O88508,2
4045,RefSeq,P24527,2
4046,RefSeq,Q9XYC7,2
4047,RefSeq,O09106,2
4048,RefSeq,Q96PN8,2
4049,RefSeq,NP_004929,2
4050,RefSeq,Q9HBY8,2
4051,RefSeq,P46019,2
4052,RefSeq,Q96PF2,2
4053,RefSeq,Q8ND76,2
4054,RefSeq,Q93100,2
4055,RefSeq,Q6P2M8,2
4056,RefSeq,Q86UX6,2
4057,RefSeq,P16277,2
4058,RefSeq,Q9JI10,2
4059,RefSeq,P62343,2
4060,RefSeq,P90584,2
4061,RefSeq,Q25270,2
4062,RefSeq,O75493,2
4063,RefSeq,Q9V396,2
4064,RefSeq,Q9HVB9,2
4065,RefSeq,Q9VTU8,2
4066,RefSeq,P28028,2
4067,RefSeq,P35346,2
4068,RefSeq,Q04750,2
4069,RefSeq,P09651,2
4070,RefSeq,Q04837,2
4071,RefSeq,P54803,2
4072,RefSeq,O00410,2
4073,RefSeq,P10155,2
4074,RefSeq,P31948,2
4075,RefSeq,O15240,2
4076,RefSeq,Q14103,2
4077,RefSeq,Q9BT22,2
4078,RefSeq,Q12905,2
4079,RefSeq,Q99848,2
4080,RefSeq,O43324,2
4081,RefSeq,Q92844,2
4082,RefSeq,P41250,2
4083,RefSeq,Q9UJZ1,2
4084,RefSeq,O75251,2
4085,RefSeq,Q15437,2
4086,RefSeq,O96000,2
4087,RefSeq,Q9NVP1,2
4088,RefSeq,O60610,2
4089,RefSeq,O00264,2
4090,RefSeq,O15355,2
4091,RefSeq,Q15233,2
4092,RefSeq,Q9UJX2,2
4093,RefSeq,Q9BTW9,2
4094,RefSeq,Q9H0D6,2
4095,RefSeq,Q9UJU6,2
4096,RefSeq,Q14204,2
4097,RefSeq,Q99729,2
4098,RefSeq,Q9Y2R5,2
4099,RefSeq,Q96S52,2
4100,RefSeq,O43264,2
4101,RefSeq,Q5JVF3,2
4102,RefSeq,P48681,2
4103,RefSeq,Q9NWQ8,2
4104,RefSeq,P56537,2
4105,RefSeq,Q16822,2
4106,RefSeq,P12956,2
4107,RefSeq,Q8IYT4,2
4108,RefSeq,Q7Z3U7,2
4109,RefSeq,O43491,2
4110,RefSeq,P42704,2
4111,RefSeq,Q86YP4,2
4112,RefSeq,P13473,2
4113,RefSeq,P37802,2
4114,RefSeq,P40937,2
4115,RefSeq,Q9Y285,2
4116,RefSeq,Q9UI10,2
4117,RefSeq,Q14690,2
4118,RefSeq,P55265,2
4119,RefSeq,Q9BXP5,2
4120,RefSeq,P22695,2
4121,RefSeq,Q96T76,2
4122,RefSeq,O00116,2
4123,RefSeq,Q96N66,2
4124,RefSeq,P04843,2
4125,RefSeq,P42166,2
4126,RefSeq,P22234,2
4127,RefSeq,P40926,2
4128,RefSeq,Q01085,2
4129,RefSeq,P21796,2
4130,RefSeq,P52907,2
4131,RefSeq,P35606,2
4132,RefSeq,Q5T9A4,2
4133,RefSeq,P60660,2
4134,RefSeq,Q08AM6,2
4135,RefSeq,P53680,2
4136,RefSeq,Q9Y6C9,2
4137,RefSeq,P25705,2
4138,RefSeq,O95793,2
4139,RefSeq,Q8WZ42,2
4140,RefSeq,A5YKK6,2
4141,RefSeq,P49736,2
4142,RefSeq,Q9NZI8,2
4143,RefSeq,P08195,2
4144,RefSeq,P05783,2
4145,RefSeq,Q9UM00,2
4146,RefSeq,P62258,2
4147,RefSeq,Q8N6L1,2
4148,RefSeq,Q92552,2
4149,RefSeq,P08559,2
4150,RefSeq,Q13151,2
4151,RefSeq,P50213,2
4152,RefSeq,P09496,2
4153,RefSeq,Q9UPN3,2
4154,RefSeq,Q9P035,2
4155,RefSeq,Q13200,2
4156,RefSeq,Q86VP6,2
4157,RefSeq,O43447,2
4158,RefSeq,O75340,2
4159,RefSeq,Q15386,2
4160,RefSeq,Q9H9B4,2
4161,RefSeq,P20711,2
4162,RefSeq,Q969L2,2
4163,RefSeq,O43747,2
4164,RefSeq,P0DMV9,2
4165,RefSeq,Q99536,2
4166,RefSeq,Q9UHI6,2
4167,RefSeq,O60826,2
4168,RefSeq,O14579,2
4169,RefSeq,P46087,2
4170,RefSeq,O14828,2
4171,RefSeq,Q99459,2
4172,RefSeq,Q86UE4,2
4173,RefSeq,P10515,2
4174,RefSeq,Q04637,2
4175,RefSeq,P07737,2
4176,RefSeq,O75934,2
4177,RefSeq,P04844,2
4178,RefSeq,Q92522,2
4179,RefSeq,O43615,2
4180,RefSeq,P61970,2
4181,RefSeq,O15372,2
4182,RefSeq,Q15005,2
4183,RefSeq,P61160,2
4184,RefSeq,A7MCY6,2
4185,RefSeq,Q86TM6,2
4186,RefSeq,O14735,2
4187,RefSeq,P46821,2
4188,RefSeq,Q14C86,2
4189,RefSeq,O95373,2
4190,RefSeq,Q8NI27,2
4191,RefSeq,Q14146,2
4192,RefSeq,Q9P2J5,2
4193,RefSeq,Q9NV70,2
4194,RefSeq,Q3ZCQ8,2
4195,RefSeq,Q6DD88,2
4196,RefSeq,Q9H0U3,2
4197,RefSeq,Q02978,2
4198,RefSeq,Q12933,2
4199,RefSeq,P60842,2
4200,RefSeq,P46109,2
4201,RefSeq,P22087,2
4202,RefSeq,Q04917,2
4203,RefSeq,Q8WWW0,2
4204,RefSeq,P63151,2
4205,RefSeq,P08670,2
4206,RefSeq,Q9Y696,2
4207,RefSeq,O43427,2
4208,RefSeq,Q9Y277,2
4209,RefSeq,O95816,2
4210,RefSeq,Q15436,2
4211,RefSeq,Q9H0A0,2
4212,RefSeq,P60852,2
4213,RefSeq,Q9H479,2
4214,RefSeq,Q9NPF4,2
4215,RefSeq,Q14739,2
4216,RefSeq,Q9H6S1,2
4217,RefSeq,O75947,2
4218,RefSeq,O43602,2
4219,RefSeq,Q86YS7,2
4220,RefSeq,O15254,2
4221,RefSeq,P14868,2
4222,RefSeq,Q9Y3F4,2
4223,RefSeq,P51114,2
4224,RefSeq,P52815,2
4225,RefSeq,Q8N0U8,2
4226,RefSeq,O60506,2
4227,RefSeq,Q9Y376,2
4228,RefSeq,Q9C0D9,2
4229,RefSeq,P48651,2
4230,RefSeq,O75083,2
4231,RefSeq,Q96N46,2
4232,RefSeq,O15260,2
4233,RefSeq,Q3MHD2,2
4234,RefSeq,Q16352,2
4235,RefSeq,P68036,2
4236,RefSeq,P21333,2
4237,RefSeq,Q01850,2
4238,RefSeq,Q969M3,2
4239,RefSeq,O43390,2
4240,RefSeq,Q96C01,2
4241,RefSeq,Q92643,2
4242,RefSeq,Q9GZR7,2
4243,RefSeq,O75027,2
4244,RefSeq,P00966,2
4245,RefSeq,Q00610,2
4246,RefSeq,Q71UM5,2
4247,RefSeq,Q96MW5,2
4248,RefSeq,P22626,2
4249,RefSeq,Q9P032,2
4250,RefSeq,P48444,2
4251,RefSeq,P33947,2
4252,RefSeq,P47755,2
4253,RefSeq,P10321,2
4254,RefSeq,Q96HS1,2
4255,RefSeq,P56192,2
4256,RefSeq,Q9BV40,2
4257,RefSeq,O96019,2
4258,RefSeq,O75964,2
4259,RefSeq,P15531,2
4260,RefSeq,Q8TDN4,2
4261,RefSeq,P53597,2
4262,RefSeq,Q16891,2
4263,RefSeq,Q5T4S7,2
4264,RefSeq,Q9UIA9,2
4265,RefSeq,Q92947,2
4266,RefSeq,Q9Y6I9,2
4267,RefSeq,Q13618,2
4268,RefSeq,Q13247,2
4269,RefSeq,P00558,2
4270,RefSeq,Q92598,2
4271,RefSeq,P30048,2
4272,RefSeq,P27824,2
4273,RefSeq,P41252,2
4274,RefSeq,Q9UI12,2
4275,RefSeq,P51572,2
4276,RefSeq,O75431,2
4277,RefSeq,Q9BXW9,2
4278,RefSeq,P28331,2
4279,RefSeq,P08574,2
4280,RefSeq,O43143,2
4281,RefSeq,P30101,2
4282,RefSeq,Q92973,2
4283,RefSeq,Q9UBF2,2
4284,RefSeq,P51659,2
4285,RefSeq,P48643,2
4286,RefSeq,Q9Y4R8,2
4287,RefSeq,Q9HD45,2
4288,RefSeq,Q07065,2
4289,RefSeq,Q9UM22,2
4290,RefSeq,Q96EY1,2
4291,RefSeq,Q16181,2
4292,RefSeq,Q9UHB9,2
4293,RefSeq,Q10570,2
4294,RefSeq,O43592,2
4295,RefSeq,Q13144,2
4296,RefSeq,Q96DG6,2
4297,RefSeq,P51991,2
4298,RefSeq,Q86UP2,2
4299,RefSeq,Q96EP5,2
4300,RefSeq,P53701,2
4301,RefSeq,Q9NX63,2
4302,RefSeq,O95782,2
4303,RefSeq,Q6PD62,2
4304,RefSeq,P40227,2
4305,RefSeq,Q6S8J3,2
4306,RefSeq,Q15181,2
4307,RefSeq,Q9Y315,2
4308,RefSeq,P61962,2
4309,RefSeq,P28288,2
4310,RefSeq,Q7L1Q6,2
4311,RefSeq,O76024,2
4312,RefSeq,P35232,2
4313,RefSeq,P06576,2
4314,RefSeq,P02786,2
4315,RefSeq,Q9H074,2
4316,RefSeq,Q9P0R6,2
4317,RefSeq,O75822,2
4318,RefSeq,P41219,2
4319,RefSeq,P18827,2
4320,RefSeq,Q14195,2
4321,RefSeq,Q92841,2
4322,RefSeq,Q12768,2
4323,RefSeq,O15269,2
4324,RefSeq,O43776,2
4325,RefSeq,Q9NVU7,2
4326,RefSeq,O43852,2
4327,RefSeq,B0I1T2,2
4328,RefSeq,A0FGR8,2
4329,RefSeq,P61978,2
4330,RefSeq,O00160,2
4331,RefSeq,Q9Y6G9,2
4332,RefSeq,Q9NZB2,2
4333,RefSeq,P35251,2
4334,RefSeq,O15145,2
4335,RefSeq,P55084,2
4336,RefSeq,Q9BRP1,2
4337,RefSeq,Q16563,2
4338,RefSeq,Q92896,2
4339,RefSeq,P15311,2
4340,RefSeq,Q7Z434,2
4341,RefSeq,P49368,2
4342,RefSeq,P13798,2
4343,RefSeq,Q9Y520,2
4344,RefSeq,P11177,2
4345,RefSeq,P07814,2
4346,RefSeq,Q08380,2
4347,RefSeq,P61106,2
4348,RefSeq,Q13616,2
4349,RefSeq,Q92616,2
4350,RefSeq,O75477,2
4351,RefSeq,P26640,2
4352,RefSeq,P23588,2
4353,RefSeq,O95831,2
4354,RefSeq,P62826,2
4355,RefSeq,Q9H4A4,2
4356,RefSeq,Q9ULK4,2
4357,RefSeq,Q9NQC3,2
4358,RefSeq,Q9HC07,2
4359,RefSeq,Q13435,2
4360,RefSeq,Q9NX61,2
4361,RefSeq,P40939,2
4362,RefSeq,Q9NW13,2
4363,RefSeq,O15027,2
4364,RefSeq,P56134,2
4365,RefSeq,Q92688,2
4366,RefSeq,P23528,2
4367,RefSeq,P32119,2
4368,RefSeq,P13984,2
4369,RefSeq,P83436,2
4370,RefSeq,P47756,2
4371,RefSeq,P49773,2
4372,RefSeq,Q96QR8,2
4373,RefSeq,P26639,2
4374,RefSeq,Q9UL46,2
4375,RefSeq,P48739,2
4376,RefSeq,P30825,2
4377,RefSeq,P25205,2
4378,RefSeq,P13010,2
4379,RefSeq,O75152,2
4380,RefSeq,Q8WUM4,2
4381,RefSeq,P00846,2
4382,RefSeq,P08133,2
4383,RefSeq,Q9NVI7,2
4384,RefSeq,P50749,2
4385,RefSeq,Q9H9E3,2
4386,RefSeq,Q8N138,2
4387,RefSeq,P05165,2
4388,RefSeq,P53992,2
4389,RefSeq,P27708,2
4390,RefSeq,Q16718,2
4391,RefSeq,P53621,2
4392,RefSeq,Q8TEX9,2
4393,RefSeq,P46977,2
4394,RefSeq,Q9H3K2,2
4395,RefSeq,O15511,2
4396,RefSeq,P36542,2
4397,RefSeq,P43487,2
4398,RefSeq,Q8WUY1,2
4399,RefSeq,O43684,2
4400,RefSeq,Q9HAV4,2
4401,RefSeq,P40616,2
4402,RefSeq,O95347,2
4403,RefSeq,Q09666,2
4404,RefSeq,Q96FJ2,2
4405,RefSeq,Q32MZ4,2
4406,RefSeq,P23229,2
4407,RefSeq,O75489,2
4408,RefSeq,Q7L576,2
4409,RefSeq,Q9Y512,2
4410,RefSeq,O75821,2
4411,RefSeq,P27348,2
4412,RefSeq,Q15043,2
4413,RefSeq,Q8N1G4,2
4414,RefSeq,P50416,2
4415,RefSeq,Q92945,2
4416,RefSeq,P34932,2
4417,RefSeq,P55884,2
4418,RefSeq,P07910,2
4419,RefSeq,Q15008,2
4420,RefSeq,P62333,2
4421,RefSeq,P62191,2
4422,RefSeq,NP_004040,2
4423,RefSeq,NP_002437,2
4424,RefSeq,NP_002367,2
4425,RefSeq,AAC05299,2
4426,RefSeq,NP_005913,2
4427,RefSeq,Q6DE08,2
4428,RefSeq,NP_001012418,2
4429,RefSeq,AAC50911,2
4430,RefSeq,NP_001886,2
4431,RefSeq,Q8NB16,2
4432,RefSeq,P31431,2
4433,RefSeq,P97793,2
4434,RefSeq,NP_004064,2
4435,RefSeq,NP_006613,2
4436,RefSeq,P49589,2
4437,RefSeq,P00489,2
4438,RefSeq,A0A0G2K344,2
4439,RefSeq,NP_004217,2
4440,RefSeq,CAH72463,2
4441,RefSeq,NP_208382,2
4442,RefSeq,NP_113605,2
4443,RefSeq,AAF03095,2
4444,RefSeq,NP_002569,2
4445,RefSeq,NP_003567,2
4446,RefSeq,Q60751,2
4447,RefSeq,P31750,2
4448,RefSeq,NP_004434,2
4449,RefSeq,NP_001097,2
4450,RefSeq,NP_001607,2
4451,RefSeq,NP_004400,2
4452,RefSeq,NP_004603,2
4453,RefSeq,Q02294,2
4454,RefSeq,YP_815860,2
4455,RefSeq,NP_004725,2
4456,RefSeq,P32738,2
4457,RefSeq,Q04844,2
4458,RefSeq,Q03311,2
4459,RefSeq,P31938,2
4460,RefSeq,Q504U8,2
4461,RefSeq,NP_006247,2
4462,RefSeq,P30285,2
4463,RefSeq,NP_444254,2
4464,RefSeq,Q07599,2
4465,RefSeq,Q75VQ4,2
4466,RefSeq,Q6XV28,2
4467,RefSeq,P0DOF9,2
4468,RefSeq,P29702,2
4469,RefSeq,Q61239,2
4470,RefSeq,P49355,2
4471,RefSeq,Q8K2I1,2
4472,RefSeq,P32929,2
4473,RefSeq,NP_417104,2
4474,RefSeq,Q9Y253,2
4475,RefSeq,NP_001099181,2
4476,RefSeq,P31421,2
4477,RefSeq,Q14832,2
4478,RefSeq,Q9BYP7,2
4479,RefSeq,NP_001269,2
4480,RefSeq,Q8BTI9,2
4481,RefSeq,P0A9A6,2
4482,RefSeq,P25409,2
4483,RefSeq,P26447,2
4484,RefSeq,AAB19917,2
4485,RefSeq,P55085,2
4486,RefSeq,NP_004041,2
4487,RefSeq,O00555,2
4488,RefSeq,NP_002637,2
4489,RefSeq,NP_004070,2
4490,RefSeq,NP_001001852,2
4491,RefSeq,P21803,2
4492,RefSeq,P16092,2
4493,RefSeq,P30085,2
4494,RefSeq,P07741,2
4495,RefSeq,YP_001315171,2
4496,RefSeq,Q07812,2
4497,RefSeq,Q16611,2
4498,RefSeq,P10417,2
4499,RefSeq,P51452,2
4500,RefSeq,Q9Y657,2
4501,RefSeq,P03469,2
4502,RefSeq,NP_001034556,2
4503,RefSeq,NP_660156,2
4504,RefSeq,NP_000889,2
4505,RefSeq,P39877,2
4506,RefSeq,P20848,2
4507,RefSeq,Q13443,2
4508,RefSeq,NP_004985,2
4509,RefSeq,Q9Y2I7,2
4510,RefSeq,Q01844,2
4511,RefSeq,P10599,2
4512,RefSeq,P28838,2
4513,RefSeq,NP_001136269,2
4514,RefSeq,NP_001138639,2
4515,RefSeq,NP_060607,2
4516,RefSeq,NP_001193971,2
4517,RefSeq,NP_001243465,2
4518,RefSeq,P42575,2
4519,RefSeq,P55212,2
4520,RefSeq,Q9UBB5,2
4521,RefSeq,P03428,2
4522,RefSeq,P16045,2
4523,RefSeq,P11762,2
4524,RefSeq,O00182,2
4525,RefSeq,NP_036682,2
4526,RefSeq,NP_059029,2
4527,RefSeq,AAD52984,2
4528,RefSeq,Q9D8T2,2
4529,RefSeq,P57764,2
4530,RefSeq,P35574,2
4531,RefSeq,P94451,2
4532,RefSeq,Q9LGC6,2
4533,RefSeq,Q08210,2
4534,RefSeq,O35435,2
4535,RefSeq,Q0ZMF1,2
4536,RefSeq,Q9BW19,2
4537,RefSeq,NP_795345,2
4538,RefSeq,P00636,2
4539,RefSeq,Q4GY26,2
4540,RefSeq,Q9L5C7,2
4541,RefSeq,P05413,2
4542,RefSeq,P12710,2
4543,RefSeq,O15056,2
4544,RefSeq,P53790,2
4545,RefSeq,P16395,2
4546,RefSeq,O19045,2
4547,RefSeq,Q9Y5Y6,2
4548,RefSeq,Q54801,2
4549,RefSeq,Q9H0E9,2
4550,RefSeq,NP_032990,2
4551,RefSeq,P9WJF1,2
4552,RefSeq,P15907,2
4553,RefSeq,P13721,2
4554,RefSeq,P05132,2
4555,RefSeq,Q56A07,2
4556,RefSeq,P97952,2
4557,RefSeq,Q9HYN5,2
4558,RefSeq,Q05097,2
4559,RefSeq,Q9QXZ6,2
4560,RefSeq,Q9R1U7,2
4561,RefSeq,O95931,2
4562,RefSeq,P80404,2
4563,RefSeq,P25963,2
4564,RefSeq,CAM22669,2
4565,RefSeq,P43253,2
4566,RefSeq,O77656,2
4567,RefSeq,NP_032065,2
4568,RefSeq,Q62928,2
4569,RefSeq,NP_001012070,2
4570,RefSeq,P58308,2
4571,RefSeq,P30969,2
4572,RefSeq,O95497,2
4573,RefSeq,NP_001070869,2
4574,RefSeq,NP_001104537,2
4575,RefSeq,P47866,2
4576,RefSeq,Q8VIJ5,2
4577,RefSeq,P19971,2
4578,RefSeq,P07650,2
4579,RefSeq,P53396,2
4580,RefSeq,Q13510,2
4581,RefSeq,Q9Y2T1,2
4582,RefSeq,NP_036211,2
4583,RefSeq,Q7Z5P4,2
4584,RefSeq,NP_001009999,2
4585,RefSeq,Q13191,2
4586,RefSeq,P47712,2
4587,RefSeq,P03420,2
4588,RefSeq,Q08050,2
4589,RefSeq,O14874,2
4590,RefSeq,Q00972,2
4591,RefSeq,NP_036072,2
4592,RefSeq,NP_032892,2
4593,RefSeq,P12259,2
4594,RefSeq,Q9Z2X8,2
4595,RefSeq,P35503,2
4596,RefSeq,Q96RI0,2
4597,RefSeq,P0C5J4,2
4598,RefSeq,P16581,2
4599,RefSeq,P49798,2
4600,RefSeq,NP_001095915,2
4601,RefSeq,NP_203131,2
4602,RefSeq,CAA85309,2
4603,RefSeq,O94788,2
4604,RefSeq,A5Z1V5,2
4605,RefSeq,P0A031,2
4606,RefSeq,NP_001071112,2
4607,RefSeq,Q07794,2
4608,RefSeq,P61244,2
4609,RefSeq,NP_001119516,2
4610,RefSeq,NP_000944,2
4611,RefSeq,Q96AD5,2
4612,RefSeq,P18493,2
4613,RefSeq,Q8R1P5,2
4614,RefSeq,Q9HB14,2
4615,RefSeq,NP_631898,2
4616,RefSeq,NP_005305,2
4617,RefSeq,NP_036931,2
4618,RefSeq,P26433,2
4619,RefSeq,P28572,2
4620,RefSeq,Q9H2X9,2
4621,RefSeq,Q9UNW8,2
4622,RefSeq,NP_005064,2
4623,RefSeq,Q15645,2
4624,RefSeq,NP_795970,2
4625,RefSeq,P00746,2
4626,RefSeq,P56528,2
4627,RefSeq,P11150,2
4628,RefSeq,O08565,2
4629,RefSeq,EAW68415,2
4630,RefSeq,NP_001119574,2
4631,RefSeq,NP_000322,2
4632,RefSeq,Q9Y698,2
4633,RefSeq,O14975,2
4634,RefSeq,A5A4K8,2
4635,RefSeq,Q96PN6,2
4636,RefSeq,P27540,2
4637,RefSeq,P07688,2
4638,RefSeq,NP_001248309,2
4639,RefSeq,NP_113868,2
4640,RefSeq,Q96IY4,2
4641,RefSeq,P15086,2
4642,RefSeq,P50053,2
4643,RefSeq,Q14397,2
4644,RefSeq,O95352,2
4645,RefSeq,Q9JLS3,2
4646,RefSeq,P33905,2
4647,RefSeq,P27471,2
4648,RefSeq,Q89535,2
4649,RefSeq,O94966,2
4650,RefSeq,P06865,2
4651,RefSeq,Q969R2,2
4652,RefSeq,NP_001092,2
4653,RefSeq,O70342,2
4654,RefSeq,P50391,2
4655,RefSeq,P16455,2
4656,RefSeq,P00772,2
4657,RefSeq,Q8BHY3,2
4658,RefSeq,P0AE18,2
4659,RefSeq,Q96MU7,2
4660,RefSeq,Q86YT5,2
4661,RefSeq,O43194,2
4662,RefSeq,P56703,2
4663,RefSeq,Q9GZZ1,2
4664,RefSeq,Q61327,2
4665,RefSeq,Q8WXS5,2
4666,RefSeq,P57789,2
4667,RefSeq,NP_619542,2
4668,RefSeq,P54098,2
4669,RefSeq,P00328,2
4670,RefSeq,P00327,2
4671,RefSeq,P48449,2
4672,RefSeq,Q60641,2
4673,RefSeq,P28700,2
4674,RefSeq,O14791,2
4675,RefSeq,Q9UKS7,2
4676,RefSeq,NP_037097,2
4677,RefSeq,Q05BQ5,2
4678,RefSeq,P08191,2
4679,RefSeq,NP_032578,2
4680,RefSeq,P23368,2
4681,RefSeq,P68826,2
4682,RefSeq,P36956,2
4683,RefSeq,NP_004612,2
4684,RefSeq,Q6ZMT4,2
4685,RefSeq,Q9QUK6,2
4686,RefSeq,Q923I7,2
4687,RefSeq,P70180,2
4688,RefSeq,Q2AC31,2
4689,RefSeq,P61586,2
4690,RefSeq,P08134,2
4691,RefSeq,Q06609,2
4692,RefSeq,P12276,2
4693,RefSeq,NP_000695,2
4694,RefSeq,A0A072ZLE6,2
4695,RefSeq,P59768,2
4696,RefSeq,P05186,2
4697,RefSeq,Q86W56,2
4698,RefSeq,P05198,2
4699,RefSeq,Q9WU19,2
4700,RefSeq,Q9GZV3,2
4701,RefSeq,P16885,2
4702,RefSeq,P48061,2
4703,RefSeq,NP_001005915,2
4704,RefSeq,Q43570,2
4705,RefSeq,P35613,2
4706,RefSeq,P54578,2
4707,RefSeq,P06870,2
4708,RefSeq,NP_001137150,2
4709,RefSeq,P08397,2
4710,RefSeq,Q9UKX2,2
4711,RefSeq,P49281,2
4712,RefSeq,P36402,2
4713,RefSeq,Q05193,2
4714,RefSeq,Q92889,2
4715,RefSeq,P07992,2
4716,RefSeq,O76082,2
4717,RefSeq,Q9T0N8,2
4718,RefSeq,Q96LB2,2
4719,RefSeq,Q9UM07,2
4720,RefSeq,P16066,2
4721,RefSeq,Q7Z6Z7,2
4722,RefSeq,P35327,2
4723,RefSeq,AAH69866,2
4724,RefSeq,P15085,2
4725,RefSeq,NP_001129123,2
4726,RefSeq,P93836,2
4727,RefSeq,P38571,2
4728,RefSeq,P31327,2
4729,RefSeq,NP_001243083,2
4730,RefSeq,P26368,2
4731,RefSeq,Q9NYF8,2
4732,RefSeq,Q9Y5K5,2
4733,RefSeq,Q9C0J8,2
4734,RefSeq,Q9UIQ6,2
4735,RefSeq,Q15067,2
4736,RefSeq,Q01130,2
4737,RefSeq,Q13057,2
4738,RefSeq,Q9BVC6,2
4739,RefSeq,Q8WXI9,2
4740,RefSeq,P11766,2
4741,RefSeq,P21281,2
4742,RefSeq,Q96I25,2
4743,RefSeq,Q96QK1,2
4744,RefSeq,P49916,2
4745,RefSeq,Q8N684,2
4746,RefSeq,P09661,2
4747,RefSeq,P55769,2
4748,RefSeq,Q6UXN9,2
4749,RefSeq,O15160,2
4750,RefSeq,P52701,2
4751,RefSeq,Q92922,2
4752,RefSeq,P20700,2
4753,RefSeq,Q96C19,2
4754,RefSeq,P30876,2
4755,RefSeq,Q00796,2
4756,RefSeq,Q14683,2
4757,RefSeq,O14776,2
4758,RefSeq,P27816,2
4759,RefSeq,P08579,2
4760,RefSeq,P19623,2
4761,RefSeq,Q86VM9,2
4762,RefSeq,Q9UKV3,2
4763,RefSeq,Q8TF42,2
4764,RefSeq,Q9HA64,2
4765,RefSeq,P33991,2
4766,RefSeq,P20340,2
4767,RefSeq,P61289,2
4768,RefSeq,P04040,2
4769,RefSeq,P67812,2
4770,RefSeq,Q99497,2
4771,RefSeq,Q14258,2
4772,RefSeq,O00743,2
4773,RefSeq,Q8IXB1,2
4774,RefSeq,O00170,2
4775,RefSeq,Q9BVG4,2
4776,RefSeq,Q6P2Q9,2
4777,RefSeq,Q9NU22,2
4778,RefSeq,P61158,2
4779,RefSeq,Q9UHB7,2
4780,RefSeq,Q96CW5,2
4781,RefSeq,Q92797,2
4782,RefSeq,P08754,2
4783,RefSeq,O75691,2
4784,RefSeq,P35249,2
4785,RefSeq,Q92499,2
4786,RefSeq,P26196,2
4787,RefSeq,P29144,2
4788,RefSeq,P60228,2
4789,RefSeq,P43243,2
4790,RefSeq,Q06265,2
4791,RefSeq,Q9NSE4,2
4792,RefSeq,O94906,2
4793,RefSeq,Q96HE7,2
4794,RefSeq,P30086,2
4795,RefSeq,P22061,2
4796,RefSeq,Q13428,2
4797,RefSeq,Q8ND56,2
4798,RefSeq,Q5UIP0,2
4799,RefSeq,Q08J23,2
4800,RefSeq,Q13185,2
4801,RefSeq,O43670,2
4802,RefSeq,Q9ULU4,2
4803,RefSeq,Q15393,2
4804,RefSeq,P27694,2
4805,RefSeq,O15143,2
4806,RefSeq,Q9H583,2
4807,RefSeq,P55011,2
4808,RefSeq,P51825,2
4809,RefSeq,P31689,2
4810,RefSeq,P56950,2
4811,RefSeq,P23804,2
4812,RefSeq,Q13772,2
4813,RefSeq,Q64725,2
4814,RefSeq,NP_001103361,2
4815,RefSeq,NP_001018076,2
4816,RefSeq,NP_001230030,2
4817,RefSeq,Q8BWD8,2
4818,RefSeq,Q8R3L8,2
4819,RefSeq,NP_004371,2
4820,RefSeq,P00735,2
4821,RefSeq,P55772,2
4822,RefSeq,NP_000093,2
4823,RefSeq,NP_066963,2
4824,RefSeq,P14598,2
4825,RefSeq,Q96JP5,2
4826,RefSeq,O54698,2
4827,RefSeq,NP_001120662,2
4828,RefSeq,NP_004062,2
4829,RefSeq,Q5TCY1,2
4830,RefSeq,P51675,2
4831,RefSeq,NP_001156,2
4832,RefSeq,Q8NFT8,2
4833,RefSeq,O14815,2
4834,RefSeq,P49651,2
4835,RefSeq,P04632,2
4836,RefSeq,Q9ULC5,2
4837,RefSeq,C8Z4T0,2
4838,RefSeq,NP_004711,2
4839,RefSeq,NP_036284,2
4840,RefSeq,Q9JIP4,2
4841,RefSeq,P00382,2
4842,RefSeq,CAJ18409,2
4843,RefSeq,Q8NFV4,2
4844,RefSeq,CAG33384,2
4845,RefSeq,P54290,2
4846,RefSeq,P51677,2
4847,RefSeq,Q9WTU6,2
4848,RefSeq,P28347,2
4849,RefSeq,ACI25593,2
4850,RefSeq,P48145,2
4851,RefSeq,NP_001116310,2
4852,RefSeq,NP_006124,2
4853,RefSeq,Q6TEK4,2
4854,RefSeq,NP_001020413,2
4855,RefSeq,NP_001240622,2
4856,RefSeq,P56818,2
4857,RefSeq,NP_001103367,2
4858,RefSeq,P03958,2
4859,RefSeq,P56389,2
4860,RefSeq,Q9BYW2,2
4861,RefSeq,P14672,2
4862,RefSeq,P09038,2
4863,RefSeq,P28593,2
4864,RefSeq,AAD17527,2
4865,RefSeq,P0C870,2
4866,RefSeq,Q27793,2
4867,RefSeq,Q81R22,2
4868,RefSeq,P52702,2
4869,RefSeq,P0C6F2,2
4870,RefSeq,Q9PPP5,2
4871,RefSeq,NP_571984,2
4872,RefSeq,NP_694727,2
4873,RefSeq,NP_000046,2
4874,RefSeq,P07339,2
4875,RefSeq,Q63344,2
4876,RefSeq,YP_001085402,2
4877,RefSeq,NP_694881,2
4878,RefSeq,NP_001005849,2
4879,RefSeq,NP_006588,2
4880,RefSeq,P18871,2
4881,RefSeq,P02665,2
4882,RefSeq,O35493,2
4883,RefSeq,O35491,2
4884,RefSeq,A8MPY1,2
4885,RefSeq,P48065,2
4886,RefSeq,P48056,2
4887,RefSeq,P31649,2
4888,RefSeq,P31647,2
4889,RefSeq,P31646,2
4890,RefSeq,P48066,2
4891,RefSeq,P31650,2
4892,RefSeq,NP_000874,2
4893,RefSeq,NP_000875,2
4894,RefSeq,NP_060871,2
4895,RefSeq,NP_660204,2
4896,RefSeq,O15393,2
4897,RefSeq,O75365,2
4898,RefSeq,AAC98906,2
4899,RefSeq,ABS29266,2
4900,RefSeq,O09114,2
4901,RefSeq,NP_034092,2
4902,RefSeq,Q5RLM2,2
4903,RefSeq,NP_036717,2
4904,RefSeq,NP_001070950,2
4905,RefSeq,P9WPN5,2
4906,RefSeq,NP_006520,2
4907,RefSeq,NP_005540,2
4908,RefSeq,P49885,2
4909,RefSeq,Q9TU15,2
4910,RefSeq,P06760,2
4911,RefSeq,NP_001035810,2
4912,RefSeq,ABJ55414,2
4913,RefSeq,XP_001687258,2
4914,RefSeq,P18177,2
4915,RefSeq,Q76129,2
4916,RefSeq,AAI43239,2
4917,RefSeq,AAC52984,2
4918,RefSeq,P41543,2
4919,RefSeq,NP_068625,2
4920,RefSeq,P49892,2
4921,RefSeq,P50637,2
4922,RefSeq,P03126,2
4923,RefSeq,NP_112278,2
4924,RefSeq,NP_004761,2
4925,RefSeq,NP_775290,2
4926,RefSeq,NP_444282,2
4927,RefSeq,Q27963,2
4928,RefSeq,P04174,2
4929,RefSeq,Q27713,2
4930,RefSeq,P39051,2
4931,RefSeq,P49219,2
4932,RefSeq,Q01693,2
4933,RefSeq,NP_001071645,2
4934,RefSeq,NP_061818,2
4935,RefSeq,P07824,2
4936,RefSeq,NP_001091874,2
4937,RefSeq,H9TB17,2
4938,RefSeq,NP_112633,2
4939,RefSeq,NP_001357589,2
4940,RefSeq,NP_055063,2
4941,RefSeq,AAG29538,2
4942,RefSeq,NP_009905,2
4943,RefSeq,Q05343,2
4944,RefSeq,BAH12398,2
4945,RefSeq,NP_000142,2
4946,RefSeq,NP_001123574,2
4947,RefSeq,Q9NQA5,2
4948,RefSeq,NP_001153706,2
4949,RefSeq,Q6IQ55,2
4950,RefSeq,1QCY_A,2
4951,RefSeq,P0A884,2
4952,RefSeq,NP_001062,2
4953,RefSeq,P03433,2
4954,RefSeq,P15840,2
4955,RefSeq,NP_003875,2
4956,RefSeq,NP_038490,2
4957,RefSeq,P22760,2
4958,RefSeq,NP_001242931,2
4959,RefSeq,P62157,2
4960,RefSeq,NP_542958,2
4961,RefSeq,NP_446108,2
4962,RefSeq,NP_001036188,2
4963,RefSeq,Q9UKV8,2
4964,RefSeq,NP_001026,2
4965,RefSeq,P51578,2
4966,RefSeq,P49653,2
4967,RefSeq,Q9WV26,2
4968,RefSeq,Q60490,2
4969,RefSeq,P48999,2
4970,RefSeq,P09884,2
4971,RefSeq,Q17066,2
4972,RefSeq,NP_002730,2
4973,RefSeq,P28329,2
4974,RefSeq,Q48435,2
4975,RefSeq,Q3S5C3,2
4976,RefSeq,P80386,2
4977,RefSeq,NP_003731,2
4978,RefSeq,Q23424,2
4979,RefSeq,NP_001027006,2
4980,RefSeq,NP_001128578,2
4981,RefSeq,NP_942057,2
4982,RefSeq,Q92887,2
4983,RefSeq,NP_032252,2
4984,RefSeq,NP_034538,2
4985,RefSeq,G4WW85,2
4986,RefSeq,B8NUK6,2
4987,RefSeq,Q9P8R0,2
4988,RefSeq,NP_001352,2
4989,RefSeq,P06766,2
4990,RefSeq,P02714,2
4991,RefSeq,A9XFY4,2
4992,RefSeq,P02712,2
4993,RefSeq,AAA58377,2
4994,RefSeq,1ULL_B,2
4995,RefSeq,AAH36651,2
4996,RefSeq,A0A143MHK7,2
4997,RefSeq,NP_001021384,2
4998,RefSeq,Q61616,2
4999,RefSeq,P18113,2
5000,RefSeq,P15145,2
5001,RefSeq,Q9HAS3,2
5002,RefSeq,P06935,2
5003,RefSeq,NP_036688,2
5004,RefSeq,NP_005838,2
5005,RefSeq,NP_060142,2
5006,RefSeq,P53041,2
5007,RefSeq,Q8AWE3,2
5008,RefSeq,P48307,2
5009,RefSeq,O75688,2
5010,RefSeq,Q13332,2
5011,RefSeq,Q64669,2
5012,RefSeq,Q9H1D0,2
5013,RefSeq,P14091,2
5014,RefSeq,P0DJD9,2
5015,RefSeq,ABE98661,2
5016,RefSeq,NP_064718,2
5017,RefSeq,CAA48636,2
5018,RefSeq,NP_001093638,2
5019,RefSeq,NP_001036068,2
5020,RefSeq,Q79MP6,2
5021,RefSeq,Q9K2N0,2
5022,RefSeq,P56481,2
5023,RefSeq,NP_940905,2
5024,RefSeq,NP_055370,2
5025,RefSeq,D5HSX5,2
5026,RefSeq,Q53TY8,2
5027,RefSeq,Q5U7L7,2
5028,RefSeq,Q9XAY4,2
5029,RefSeq,P0DOF8,2
5030,RefSeq,P06821,2
5031,RefSeq,O77240,2
5032,RefSeq,NP_058994,2
5033,RefSeq,NP_004973,2
5034,RefSeq,NP_001159762,2
5035,RefSeq,Q15526,2
5036,RefSeq,O54735,2
5037,RefSeq,A1E3K9,2
5038,RefSeq,Q9EXV5,2
5039,RefSeq,Q3SAW3,2
5040,RefSeq,Q6W9J1,2
5041,RefSeq,P0AD63,2
5042,RefSeq,NP_062188,2
5043,RefSeq,O88602,2
5044,RefSeq,NP_002699,2
5045,RefSeq,NP_001229819,2
5046,RefSeq,P08424,2
5047,RefSeq,NP_777572,2
5048,RefSeq,Q9ES90,2
5049,RefSeq,Q33BM1,2
5050,RefSeq,P02795,2
5051,RefSeq,P28563,2
5052,RefSeq,NP_001155102,2
5053,RefSeq,NP_055478,2
5054,RefSeq,Q44079,2
5055,RefSeq,E1BN64,2
5056,RefSeq,H0UUG1,2
5057,RefSeq,H0V3Z5,2
5058,RefSeq,H0V4R7,2
5059,RefSeq,NP_000913,2
5060,RefSeq,O60656,2
5061,RefSeq,P28843,2
5062,RefSeq,Q4TVR4,2
5063,RefSeq,Q8BUN5,2
5064,RefSeq,P04202,2
5065,RefSeq,P70606,2
5066,RefSeq,P70605,2
5067,RefSeq,P0A6R0,2
5068,RefSeq,P30679,2
5069,RefSeq,NP_004299,2
5070,RefSeq,NP_062009,2
5071,RefSeq,Q9NRY4,2
5072,RefSeq,Q9BPV8,2
5073,RefSeq,Q9NJH6,2
5074,RefSeq,K4JQ36,2
5075,RefSeq,Q7YWJ9,2
5076,RefSeq,P55826,2
5077,RefSeq,Q9Y2R2,2
5078,RefSeq,NP_058943,2
5079,RefSeq,NP_003152,2
5080,RefSeq,WP_006493245,2
5081,RefSeq,WP_045552426,2
5082,RefSeq,P37088,2
5083,RefSeq,NP_001119580,2
5084,RefSeq,Q14995,2
5085,RefSeq,AAH65240,2
5086,RefSeq,NP_766415,2
5087,RefSeq,NP_071334,2
5088,RefSeq,Q4QBL1,2
5089,RefSeq,P30555,2
5090,RefSeq,P08049,2
5091,RefSeq,Q9FYV8,2
5092,RefSeq,NP_001229992,2
5093,RefSeq,O77239,2
5094,RefSeq,P63116,2
5095,RefSeq,NP_003033,2
5096,RefSeq,Q0VGT2,2
5097,RefSeq,P47806,2
5098,RefSeq,NP_001240612,2
5099,RefSeq,NP_000343,2
5100,RefSeq,NP_058903,2
5101,RefSeq,Q9N6S8,2
5102,RefSeq,Q9GZQ4,2
5103,RefSeq,P26294,2
5104,RefSeq,P0AC13,2
5105,RefSeq,P35463,2
5106,RefSeq,NP_000575,2
5107,RefSeq,Q9QX29,2
5108,RefSeq,P54132,2
5109,RefSeq,P32755,2
5110,RefSeq,P9WIB9,2
5111,RefSeq,P56658,2
5112,RefSeq,NP_700357,2
5113,RefSeq,NP_001265404,2
5114,RefSeq,O59010,2
5115,RefSeq,NP_001963,2
5116,RefSeq,P49619,2
5117,RefSeq,NP_001034436,2
5118,RefSeq,NP_037318,2
5119,RefSeq,P02511,2
5120,RefSeq,H9TVJ1,2
5121,RefSeq,NP_036440,2
5122,RefSeq,P22605,2
5123,RefSeq,P18911,2
5124,RefSeq,P11416,2
5125,RefSeq,P23416,2
5126,RefSeq,NP_001097999,2
5127,RefSeq,Q9I194,2
5128,RefSeq,DAA21754,2
5129,RefSeq,Q12051,2
5130,RefSeq,NP_114028,2
5131,RefSeq,NP_000292,2
5132,RefSeq,NP_005297,2
5133,RefSeq,B1LRJ1,2
5134,RefSeq,J7HAW4,2
5135,RefSeq,O15552,2
5136,RefSeq,Q9UBX1,1
5137,RefSeq,3D8W_A,1
5138,RefSeq,3DBU_A,1
5139,RefSeq,2POW_A,1
5140,RefSeq,NP_000665,1
5141,RefSeq,NP_000701,1
5142,RefSeq,NP_001034,1
5143,RefSeq,NP_112258,1
5144,RefSeq,NP_899156,1
5145,RefSeq,XP_001057307,1
5146,RefSeq,NP_671482,1
5147,RefSeq,AAD14378,1
5148,RefSeq,NP_113970,1
5149,RefSeq,NP_000734,1
5150,RefSeq,NP_937822,1
5151,RefSeq,NP_000070,1
5152,RefSeq,NP_032196,1
5153,RefSeq,NP_000787,1
5154,RefSeq,NP_001018087,1
5155,RefSeq,NP_001461,1
5156,RefSeq,NP_032388,1
5157,RefSeq,NP_037051,1
5158,RefSeq,NP_112396,1
5159,RefSeq,NP_110502,1
5160,RefSeq,NP_036932,1
5161,RefSeq,NP_036706,1
5162,RefSeq,NP_000614,1
5163,RefSeq,NP_071640,1
5164,RefSeq,NP_001049,1
5165,RefSeq,NP_005857,1
5166,RefSeq,NP_001948,1
5167,RefSeq,P49658,1
5168,RefSeq,NP_000106,1
5169,RefSeq,NP_000730,1
5170,RefSeq,NP_058937,1
5171,RefSeq,A3QJX7,1
5172,RefSeq,P01213,1
5173,RefSeq,P51965,1
5174,RefSeq,Q8CGM4,1
5175,RefSeq,1JQD_A,1
5176,RefSeq,Q9HXQ1,1
5177,RefSeq,O95050,1
5178,RefSeq,1QAN_A,1
5179,RefSeq,O43463,1
5180,RefSeq,Q2FZ43,1
5181,RefSeq,1S4D_A,1
5182,RefSeq,1NW7_A,1
5183,RefSeq,1AQI_A,1
5184,RefSeq,P10760,1
5185,RefSeq,2H23_A,1
5186,RefSeq,P0C6X9,1
5187,RefSeq,P0C6Y2,1
5188,RefSeq,P35546,1
5189,RefSeq,1TTM_A,1
5190,RefSeq,P60763,1
5191,RefSeq,Q81258,1
5192,RefSeq,3FHR_A,1
5193,RefSeq,NP_003659,1
5194,RefSeq,2JBP_A,1
5195,RefSeq,2JBO_A,1
5196,RefSeq,NP_004626,1
5197,RefSeq,NP_473371,1
5198,RefSeq,Q6ZWH5,1
5199,RefSeq,Q8IZL9,1
5200,RefSeq,P04070,1
5201,RefSeq,O00187,1
5202,RefSeq,Q91WP0,1
5203,RefSeq,1K22_H,1
5204,RefSeq,Q9UJ71,1
5205,RefSeq,Q64077,1
5206,RefSeq,P35343,1
5207,RefSeq,3FUR_A,1
5208,RefSeq,P56199,1
5209,RefSeq,Q5RJP0,1
5210,RefSeq,O75531,1
5211,RefSeq,P0AF14,1
5212,RefSeq,P0AF12,1
5213,RefSeq,O24915,1
5214,RefSeq,A0A0H2UPP7,1
5215,RefSeq,Q9KPI8,1
5216,RefSeq,B5Y1L0,1
5217,RefSeq,1Y6Q_B,1
5218,RefSeq,Q5HFG2,1
5219,RefSeq,1Y6Q_A,1
5220,RefSeq,Q9TU16,1
5221,RefSeq,3PVU_A,1
5222,RefSeq,NP_005151,1
5223,RefSeq,NP_034384,1
5224,RefSeq,NP_032108,1
5225,RefSeq,NP_001471,1
5226,RefSeq,NP_062046,1
5227,RefSeq,NP_037090,1
5228,RefSeq,NP_062045,1
5229,RefSeq,O88693,1
5230,RefSeq,G3IAK4,1
5231,RefSeq,NP_001136433,1
5232,RefSeq,NP_001135858,1
5233,RefSeq,NP_002603,1
5234,RefSeq,Q56D28,1
5235,RefSeq,G7N604,1
5236,RefSeq,Q95254,1
5237,RefSeq,Q02644,1
5238,RefSeq,1UU9_A,1
5239,RefSeq,P70596,1
5240,RefSeq,NP_037231,1
5241,RefSeq,Q60457,1
5242,RefSeq,NP_001020552,1
5243,RefSeq,Q8IKG4,1
5244,RefSeq,P9WNS1,1
5245,RefSeq,W8T2T2,1
5246,RefSeq,NP_058749,1
5247,RefSeq,P51828,1
5248,RefSeq,O95622,1
5249,RefSeq,O43306,1
5250,RefSeq,P43219,1
5251,RefSeq,Q8NFM4,1
5252,RefSeq,O60266,1
5253,RefSeq,Q63118,1
5254,RefSeq,P06881,1
5255,RefSeq,3V3V_A,1
5256,RefSeq,1N3I_B,1
5257,RefSeq,Q8I3X4,1
5258,RefSeq,Q8T9Z7,1
5259,RefSeq,1N3I_A,1
5260,RefSeq,P08962,1
5261,RefSeq,P56485,1
5262,RefSeq,O89039,1
5263,RefSeq,P11613,1
5264,RefSeq,P05363,1
5265,RefSeq,NP_542946,1
5266,RefSeq,P53708,1
5267,RefSeq,NP_778150,1
5268,RefSeq,4FAI_A,1
5269,RefSeq,3PBB_A,1
5270,RefSeq,NP_036545,1
5271,RefSeq,4FBE_A,1
5272,RefSeq,4F9U_A,1
5273,RefSeq,4F9V_A,1
5274,RefSeq,3PB7_X,1
5275,RefSeq,Q865E1,1
5276,RefSeq,Q9I4X3,1
5277,RefSeq,Q56950,1
5278,RefSeq,P71716,1
5279,RefSeq,Q9HWG3,1
5280,RefSeq,P30731,1
5281,RefSeq,3EL8_A,1
5282,RefSeq,NP_001139624,1
5283,RefSeq,2OVY_A,1
5284,RefSeq,Q13107,1
5285,RefSeq,Q9Y2C9,1
5286,RefSeq,P20827,1
5287,RefSeq,Q62658,1
5288,RefSeq,1F40_A,1
5289,RefSeq,P18203,1
5290,RefSeq,1QK4_A,1
5291,RefSeq,1Z6D_A,1
5292,RefSeq,1P17_A,1
5293,RefSeq,1P19_A,1
5294,RefSeq,1YFZ_A,1
5295,RefSeq,1G9S_A,1
5296,RefSeq,Q9JHG3,1
5297,RefSeq,Q9WV08,1
5298,RefSeq,P28327,1
5299,RefSeq,3PVW_A,1
5300,RefSeq,Q4E657,1
5301,RefSeq,EFZ27700,1
5302,RefSeq,Q8MJW8,1
5303,RefSeq,NP_598216,1
5304,RefSeq,NP_034046,1
5305,RefSeq,P00751,1
5306,RefSeq,P07911,1
5307,RefSeq,P04186,1
5308,RefSeq,P35235,1
5309,RefSeq,2VES_A,1
5310,RefSeq,P30274,1
5311,RefSeq,NP_062816,1
5312,RefSeq,Q9NX74,1
5313,RefSeq,O35078,1
5314,RefSeq,P18894,1
5315,RefSeq,NP_112261,1
5316,RefSeq,P85973,1
5317,RefSeq,P10686,1
5318,RefSeq,P07147,1
5319,RefSeq,2OA0_A,1
5320,RefSeq,2O9J_A,1
5321,RefSeq,Q8R116,1
5322,RefSeq,Q8MWR2,1
5323,RefSeq,E5L6Y1,1
5324,RefSeq,E5L6Y0,1
5325,RefSeq,Q8MWR1,1
5326,RefSeq,Q64654,1
5327,RefSeq,T1QYY3,1
5328,RefSeq,P09086,1
5329,RefSeq,Q5GIG6,1
5330,RefSeq,NP_068576,1
5331,RefSeq,P37172,1
5332,RefSeq,P22692,1
5333,RefSeq,P24593,1
5334,RefSeq,P08833,1
5335,RefSeq,P18065,1
5336,RefSeq,P24592,1
5337,RefSeq,P17936,1
5338,RefSeq,Q8IXN7,1
5339,RefSeq,P70677,1
5340,RefSeq,P10749,1
5341,RefSeq,Q13794,1
5342,RefSeq,P68187,1
5343,RefSeq,Q9Z148,1
5344,RefSeq,Q03145,1
5345,RefSeq,Q03137,1
5346,RefSeq,O09127,1
5347,RefSeq,P54757,1
5348,RefSeq,P29319,1
5349,RefSeq,Q9HB03,1
5350,RefSeq,Q920L5,1
5351,RefSeq,O35949,1
5352,RefSeq,Q9H5J4,1
5353,RefSeq,Q91WC9,1
5354,RefSeq,O95263,1
5355,RefSeq,O60755,1
5356,RefSeq,O55239,1
5357,RefSeq,3NEW_A,1
5358,RefSeq,Q969V1,1
5359,RefSeq,P31350,1
5360,RefSeq,1GPN_A,1
5361,RefSeq,Q86V67,1
5362,RefSeq,P18858,1
5363,RefSeq,P12265,1
5364,RefSeq,P05183,1
5365,RefSeq,P00185,1
5366,RefSeq,P04800,1
5367,RefSeq,Q16877,1
5368,RefSeq,NP_002840,1
5369,RefSeq,NP_002834,1
5370,RefSeq,NP_003791,1
5371,RefSeq,NP_002835,1
5372,RefSeq,2YBT_A,1
5373,RefSeq,Q873X9,1
5374,RefSeq,Q9CAJ0,1
5375,RefSeq,O80992,1
5376,RefSeq,Q8VZS8,1
5377,RefSeq,P34152,1
5378,RefSeq,NP_536714,1
5379,RefSeq,NP_536713,1
5380,RefSeq,Q9UHP3,1
5381,RefSeq,Q9EQY0,1
5382,RefSeq,O35659,1
5383,RefSeq,Q96F46,1
5384,RefSeq,Q9BE41,1
5385,RefSeq,O95932,1
5386,RefSeq,Q96KN8,1
5387,RefSeq,Q9NWW9,1
5388,RefSeq,Q9UL19,1
5389,RefSeq,P53816,1
5390,RefSeq,P9WFV1,1
5391,RefSeq,Q15661,1
5392,RefSeq,Q9NRR2,1
5393,RefSeq,Q9BZJ3,1
5394,RefSeq,P01730,1
5395,RefSeq,Q8K5E0,1
5396,RefSeq,Q99895,1
5397,RefSeq,P48442,1
5398,RefSeq,Q02643,1
5399,RefSeq,NP_057541,1
5400,RefSeq,NP_620482,1
5401,RefSeq,NP_006248,1
5402,RefSeq,NP_059129,1
5403,RefSeq,NP_001006933,1
5404,RefSeq,3KVX_A,1
5405,RefSeq,Q63531,1
5406,RefSeq,P04628,1
5407,RefSeq,NP_001645,1
5408,RefSeq,P41245,1
5409,RefSeq,P34960,1
5410,RefSeq,P23097,1
5411,RefSeq,P33434,1
5412,RefSeq,O60882,1
5413,RefSeq,3HY7_A,1
5414,RefSeq,Q9Y5R2,1
5415,RefSeq,P07807,1
5416,RefSeq,P97287,1
5417,RefSeq,Q02053,1
5418,RefSeq,3GZN_I,1
5419,RefSeq,3GZN_B,1
5420,RefSeq,Q15843,1
5421,RefSeq,A0AVT1,1
5422,RefSeq,Q99KQ4,1
5423,RefSeq,Q80Z29,1
5424,RefSeq,2FWZ_A,1
5425,RefSeq,3N4B_A,1
5426,RefSeq,NP_001124295,1
5427,RefSeq,NP_001239494,1
5428,RefSeq,P35370,1
5429,RefSeq,P35377,1
5430,RefSeq,Q64737,1
5431,RefSeq,P08179,1
5432,RefSeq,3OWB_A,1
5433,RefSeq,2NO3_A,1
5434,RefSeq,3FZR_A,1
5435,RefSeq,2HZI_A,1
5436,RefSeq,1XK9_A,1
5437,RefSeq,O35955,1
5438,RefSeq,Q9R1P3,1
5439,RefSeq,P28076,1
5440,RefSeq,O55234,1
5441,RefSeq,3DDP_C,1
5442,RefSeq,AAH71181,1
5443,RefSeq,NP_006244,1
5444,RefSeq,AAH20546,1
5445,RefSeq,AAH33867,1
5446,RefSeq,AAH47773,1
5447,RefSeq,AAH40531,1
5448,RefSeq,V9HWB9,1
5449,RefSeq,P06151,1
5450,RefSeq,O60551,1
5451,RefSeq,2UWD_A,1
5452,RefSeq,NP_036821,1
5453,RefSeq,NP_997590,1
5454,RefSeq,NP_031982,1
5455,RefSeq,1X7B_A,1
5456,RefSeq,NP_036886,1
5457,RefSeq,1RMZ_A,1
5458,RefSeq,Q833V7,1
5459,RefSeq,1Z3J_A,1
5460,RefSeq,1W2X_A,1
5461,RefSeq,1W2X_B,1
5462,RefSeq,Q1HEC0,1
5463,RefSeq,NP_002823,1
5464,RefSeq,NP_005392,1
5465,RefSeq,NP_116170,1
5466,RefSeq,P08047,1
5467,RefSeq,CAA54800,1
5468,RefSeq,2FV5_A,1
5469,RefSeq,O94907,1
5470,RefSeq,AAI44040,1
5471,RefSeq,Q8C3P7,1
5472,RefSeq,O13332,1
5473,RefSeq,Q9Y745,1
5474,RefSeq,P36107,1
5475,RefSeq,3IDP_B,1
5476,RefSeq,P21439,1
5477,RefSeq,3SXF_A,1
5478,RefSeq,3UQF_A,1
5479,RefSeq,P48776,1
5480,RefSeq,NP_001157962,1
5481,RefSeq,O15305,1
5482,RefSeq,Q92830,1
5483,RefSeq,P28161,1
5484,RefSeq,3GUS_A,1
5485,RefSeq,3IE3_A,1
5486,RefSeq,3P9J_A,1
5487,RefSeq,NP_055907,1
5488,RefSeq,P00970,1
5489,RefSeq,P9WNV1,1
5490,RefSeq,P10844,1
5491,RefSeq,P9WNW0,1
5492,RefSeq,Q9P2K3,1
5493,RefSeq,Q7K6A1,1
5494,RefSeq,1ZZ1_A,1
5495,RefSeq,P04608,1
5496,RefSeq,Q70I53,1
5497,RefSeq,1XBC_A,1
5498,RefSeq,1U59_A,1
5499,RefSeq,NP_002731,1
5500,RefSeq,Q86SG6,1
5501,RefSeq,1Q3D_A,1
5502,RefSeq,Q61241,1
5503,RefSeq,NP_742081,1
5504,RefSeq,NP_001155032,1
5505,RefSeq,Q5TCX8,1
5506,RefSeq,1YHS_A,1
5507,RefSeq,1NVR_A,1
5508,RefSeq,1STC_E,1
5509,RefSeq,P11440,1
5510,RefSeq,Q9BXA6,1
5511,RefSeq,1XJD_A,1
5512,RefSeq,2DQ7_X,1
5513,RefSeq,P22674,1
5514,RefSeq,NP_001229791,1
5515,RefSeq,Q8IVT5,1
5516,RefSeq,P35233,1
5517,RefSeq,P15208,1
5518,RefSeq,1SM2_A,1
5519,RefSeq,Q8TAX0,1
5520,RefSeq,2GCD_A,1
5521,RefSeq,NP_000285,1
5522,RefSeq,Q13563,1
5523,RefSeq,NP_938009,1
5524,RefSeq,P46020,1
5525,RefSeq,Q9H792,1
5526,RefSeq,NP_067272,1
5527,RefSeq,P22310,1
5528,RefSeq,1YDD_A,1
5529,RefSeq,Q9ERQ8,1
5530,RefSeq,3CZV_A,1
5531,RefSeq,2UY4_A,1
5532,RefSeq,3DC3_A,1
5533,RefSeq,P46510,1
5534,RefSeq,1YDB_A,1
5535,RefSeq,1ZSB_A,1
5536,RefSeq,NP_078771,1
5537,RefSeq,1YDA_A,1
5538,RefSeq,2H4N_A,1
5539,RefSeq,2XTK_A,1
5540,RefSeq,4G0C_A,1
5541,RefSeq,P18915,1
5542,RefSeq,3UCJ_B,1
5543,RefSeq,3UCJ_A,1
5544,RefSeq,3HS4_A,1
5545,RefSeq,3HEG_A,1
5546,RefSeq,3GCS_A,1
5547,RefSeq,NP_032055,1
5548,RefSeq,Q5GIT4,1
5549,RefSeq,4ASD_A,1
5550,RefSeq,NP_032835,1
5551,RefSeq,Q95Z89,1
5552,RefSeq,E9BRC0,1
5553,RefSeq,P32745,1
5554,RefSeq,P30872,1
5555,RefSeq,P62072,1
5556,RefSeq,Q7Z6K3,1
5557,RefSeq,P14317,1
5558,RefSeq,P50991,1
5559,RefSeq,Q9BX79,1
5560,RefSeq,Q92888,1
5561,RefSeq,P12235,1
5562,RefSeq,Q99661,1
5563,RefSeq,O95674,1
5564,RefSeq,Q9C0E2,1
5565,RefSeq,P19338,1
5566,RefSeq,Q96CW1,1
5567,RefSeq,Q9Y2V7,1
5568,RefSeq,Q2M389,1
5569,RefSeq,Q9H814,1
5570,RefSeq,Q5TZA2,1
5571,RefSeq,Q9BYD2,1
5572,RefSeq,P20962,1
5573,RefSeq,P55209,1
5574,RefSeq,Q6ZNC8,1
5575,RefSeq,Q8TCJ2,1
5576,RefSeq,P27449,1
5577,RefSeq,P11940,1
5578,RefSeq,P54727,1
5579,RefSeq,Q6IN85,1
5580,RefSeq,Q9NY12,1
5581,RefSeq,Q8NC51,1
5582,RefSeq,O00330,1
5583,RefSeq,Q14847,1
5584,RefSeq,Q01780,1
5585,RefSeq,P23246,1
5586,RefSeq,Q93008,1
5587,RefSeq,Q9NYP7,1
5588,RefSeq,P30153,1
5589,RefSeq,O95573,1
5590,RefSeq,P16144,1
5591,RefSeq,P19404,1
5592,RefSeq,Q9NUQ6,1
5593,RefSeq,Q13620,1
5594,RefSeq,P56589,1
5595,RefSeq,Q9UJS0,1
5596,RefSeq,P35241,1
5597,RefSeq,P49458,1
5598,RefSeq,Q9Y2Q9,1
5599,RefSeq,P82930,1
5600,RefSeq,Q92544,1
5601,RefSeq,Q13137,1
5602,RefSeq,Q8WWM7,1
5603,RefSeq,Q9Y6E2,1
5604,RefSeq,Q8WTW3,1
5605,RefSeq,Q8IXI1,1
5606,RefSeq,Q5C9Z4,1
5607,RefSeq,Q8NC38,1
5608,RefSeq,Q8TCT9,1
5609,RefSeq,Q9BVK2,1
5610,RefSeq,P18206,1
5611,RefSeq,Q9Y3Z3,1
5612,RefSeq,P51858,1
5613,RefSeq,Q9BZF1,1
5614,RefSeq,Q96AA3,1
5615,RefSeq,Q92786,1
5616,RefSeq,P63244,1
5617,RefSeq,Q9UHA4,1
5618,RefSeq,Q15555,1
5619,RefSeq,Q8NF37,1
5620,RefSeq,Q02218,1
5621,RefSeq,Q96G03,1
5622,RefSeq,P49588,1
5623,RefSeq,Q9Y3T9,1
5624,RefSeq,Q96A33,1
5625,RefSeq,Q8TC07,1
5626,RefSeq,Q9Y5A9,1
5627,RefSeq,O14617,1
5628,RefSeq,P45880,1
5629,RefSeq,Q12767,1
5630,RefSeq,P49959,1
5631,RefSeq,P49711,1
5632,RefSeq,P31943,1
5633,RefSeq,Q5HYI8,1
5634,RefSeq,Q9BRJ6,1
5635,RefSeq,P42694,1
5636,RefSeq,Q96DH6,1
5637,RefSeq,Q6FI81,1
5638,RefSeq,Q16698,1
5639,RefSeq,Q96K37,1
5640,RefSeq,P42126,1
5641,RefSeq,Q9UBV8,1
5642,RefSeq,P60604,1
5643,RefSeq,Q9Y6K0,1
5644,RefSeq,P85037,1
5645,RefSeq,A1L390,1
5646,RefSeq,P61966,1
5647,RefSeq,Q12788,1
5648,RefSeq,Q9Y2Q3,1
5649,RefSeq,Q7Z2W9,1
5650,RefSeq,Q9UP83,1
5651,RefSeq,Q93045,1
5652,RefSeq,Q9UG63,1
5653,RefSeq,O14773,1
5654,RefSeq,Q14094,1
5655,RefSeq,Q00839,1
5656,RefSeq,P39656,1
5657,RefSeq,Q14247,1
5658,RefSeq,Q8IWS0,1
5659,RefSeq,Q9Y2X3,1
5660,RefSeq,Q96RP9,1
5661,RefSeq,Q13432,1
5662,RefSeq,Q14643,1
5663,RefSeq,Q8NEY8,1
5664,RefSeq,P39687,1
5665,RefSeq,Q8WVX9,1
5666,RefSeq,Q96F07,1
5667,RefSeq,Q8WZ60,1
5668,RefSeq,P06753,1
5669,RefSeq,Q9BTV4,1
5670,RefSeq,Q9Y399,1
5671,RefSeq,Q9UNF0,1
5672,RefSeq,Q5JRA6,1
5673,RefSeq,P31947,1
5674,RefSeq,Q9GZL7,1
5675,RefSeq,Q9BSJ8,1
5676,RefSeq,Q9NX58,1
5677,RefSeq,P46063,1
5678,RefSeq,Q03701,1
5679,RefSeq,O14979,1
5680,RefSeq,Q13347,1
5681,RefSeq,Q9H089,1
5682,RefSeq,Q10589,1
5683,RefSeq,P33992,1
5684,RefSeq,Q9UBB4,1
5685,RefSeq,P28370,1
5686,RefSeq,P23381,1
5687,RefSeq,P06703,1
5688,RefSeq,Q96A23,1
5689,RefSeq,Q9H5Q4,1
5690,RefSeq,Q96LW7,1
5691,RefSeq,Q13765,1
5692,RefSeq,Q03518,1
5693,RefSeq,P49411,1
5694,RefSeq,P51857,1
5695,RefSeq,P47897,1
5696,RefSeq,P50990,1
5697,RefSeq,Q93034,1
5698,RefSeq,P06744,1
5699,RefSeq,Q8TB72,1
5700,RefSeq,Q63HK3,1
5701,RefSeq,Q16836,1
5702,RefSeq,P52298,1
5703,RefSeq,Q8WXX5,1
5704,RefSeq,P04080,1
5705,RefSeq,Q2M2I3,1
5706,RefSeq,O15127,1
5707,RefSeq,A2RRP1,1
5708,RefSeq,Q96KA5,1
5709,RefSeq,Q8N766,1
5710,RefSeq,Q9Y5X1,1
5711,RefSeq,Q07021,1
5712,RefSeq,P63104,1
5713,RefSeq,O60749,1
5714,RefSeq,P16401,1
5715,RefSeq,P52272,1
5716,RefSeq,Q12769,1
5717,RefSeq,Q8TB61,1
5718,RefSeq,Q15054,1
5719,RefSeq,Q15293,1
5720,RefSeq,P33993,1
5721,RefSeq,Q9NR30,1
5722,RefSeq,P26599,1
5723,RefSeq,Q9H4L5,1
5724,RefSeq,Q9UID3,1
5725,RefSeq,Q9H300,1
5726,RefSeq,Q8N5G2,1
5727,RefSeq,Q9Y2R9,1
5728,RefSeq,Q05086,1
5729,RefSeq,P31942,1
5730,RefSeq,Q9BRK5,1
5731,RefSeq,Q9NX40,1
5732,RefSeq,Q9NUQ9,1
5733,RefSeq,Q9BUL8,1
5734,RefSeq,Q99733,1
5735,RefSeq,P20674,1
5736,RefSeq,Q14746,1
5737,RefSeq,O95070,1
5738,RefSeq,Q8WVM8,1
5739,RefSeq,Q13242,1
5740,RefSeq,Q8NFF5,1
5741,RefSeq,P31949,1
5742,RefSeq,Q96I36,1
5743,RefSeq,Q8IWU2,1
5744,RefSeq,Q1MSJ5,1
5745,RefSeq,P19367,1
5746,RefSeq,NP_671732,1
5747,RefSeq,P05227,1
5748,RefSeq,P60896,1
5749,RefSeq,3MG0_I,1
5750,RefSeq,3MG0_H,1
5751,RefSeq,P55036,1
5752,RefSeq,P35998,1
5753,RefSeq,Q9UNM6,1
5754,RefSeq,P17538,1
5755,RefSeq,AAB09055,1
5756,RefSeq,2F4J_A,1
5757,RefSeq,NP_000199,1
5758,RefSeq,Q9NWT8,1
5759,RefSeq,NP_000446,1
5760,RefSeq,Q02858,1
5761,RefSeq,Q62190,1
5762,RefSeq,2VPP_A,1
5763,RefSeq,P46598,1
5764,RefSeq,Q9X688,1
5765,RefSeq,P08700,1
5766,RefSeq,P15127,1
5767,RefSeq,Q4G0J3,1
5768,RefSeq,1C8K_A,1
5769,RefSeq,1E1Y_A,1
5770,RefSeq,NP_055212,1
5771,RefSeq,NP_001265,1
5772,RefSeq,AAS83394,1
5773,RefSeq,P24855,1
5774,RefSeq,AAB23544,1
5775,RefSeq,NP_872629,1
5776,RefSeq,NP_001010938,1
5777,RefSeq,2FUM_A,1
5778,RefSeq,O95848,1
5779,RefSeq,Q9BRX8,1
5780,RefSeq,NP_001035351,1
5781,RefSeq,Q60484,1
5782,RefSeq,P30966,1
5783,RefSeq,NP_037280,1
5784,RefSeq,NP_001122100,1
5785,RefSeq,A0A8P0P634,1
5786,RefSeq,Q02224,1
5787,RefSeq,Q6RT24,1
5788,RefSeq,3BZ3_A,1
5789,RefSeq,O60361,1
5790,RefSeq,NP_114417,1
5791,RefSeq,NP_055963,1
5792,RefSeq,Q8WTX7,1
5793,RefSeq,P51159,1
5794,RefSeq,3PIY_A,1
5795,RefSeq,3FQS_A,1
5796,RefSeq,NP_002747,1
5797,RefSeq,NP_036422,1
5798,RefSeq,NP_001195,1
5799,RefSeq,NP_002738,1
5800,RefSeq,O08775,1
5801,RefSeq,3AMA_A,1
5802,RefSeq,3AMA_B,1
5803,RefSeq,NP_001014833,1
5804,RefSeq,NP_003948,1
5805,RefSeq,3SO9_B,1
5806,RefSeq,2IEN_A,1
5807,RefSeq,3EKT_B,1
5808,RefSeq,2IDW_B,1
5809,RefSeq,3LZV_A,1
5810,RefSeq,3PWM_A,1
5811,RefSeq,2HS1_B,1
5812,RefSeq,3LZS_B,1
5813,RefSeq,3LZV_B,1
5814,RefSeq,3T3C_B,1
5815,RefSeq,2F81_B,1
5816,RefSeq,3U7S_B,1
5817,RefSeq,3D20_B,1
5818,RefSeq,2HS2_A,1
5819,RefSeq,3S54_A,1
5820,RefSeq,3SO9_A,1
5821,RefSeq,2F81_A,1
5822,RefSeq,3PWM_B,1
5823,RefSeq,3CYW_B,1
5824,RefSeq,2F8G_B,1
5825,RefSeq,3GGU_B,1
5826,RefSeq,3BVB_B,1
5827,RefSeq,2IDW_A,1
5828,RefSeq,3OGP_A,1
5829,RefSeq,3OGP_B,1
5830,RefSeq,2F80_A,1
5831,RefSeq,2HS2_B,1
5832,RefSeq,2IEN_B,1
5833,RefSeq,3BVB_A,1
5834,RefSeq,3T3C_A,1
5835,RefSeq,2HS1_A,1
5836,RefSeq,3U7S_A,1
5837,RefSeq,3TKW_A,1
5838,RefSeq,3EKT_A,1
5839,RefSeq,Q9QBY3,1
5840,RefSeq,3LZS_A,1
5841,RefSeq,3D1Z_A,1
5842,RefSeq,3GGU_A,1
5843,RefSeq,3D1Z_B,1
5844,RefSeq,3D20_A,1
5845,RefSeq,2F8G_A,1
5846,RefSeq,3LZU_B,1
5847,RefSeq,3S53_A,1
5848,RefSeq,3S54_B,1
5849,RefSeq,3LZU_A,1
5850,RefSeq,3TKW_B,1
5851,RefSeq,3CYW_A,1
5852,RefSeq,3S53_B,1
5853,RefSeq,Q9UQ49,1
5854,RefSeq,P16207,1
5855,RefSeq,Q3S340,1
5856,RefSeq,2QWE_A,1
5857,RefSeq,Q9Y3R4,1
5858,RefSeq,1A4G_A,1
5859,RefSeq,Q9NWH9,1
5860,RefSeq,Q5EI73,1
5861,RefSeq,Q5EI74,1
5862,RefSeq,NP_002019,1
5863,RefSeq,1X81_B,1
5864,RefSeq,Q5EAD5,1
5865,RefSeq,Q9HAW7,1
5866,RefSeq,2WXL_A,1
5867,RefSeq,P16662,1
5868,RefSeq,E9QYP0,1
5869,RefSeq,P19224,1
5870,RefSeq,P08683,1
5871,RefSeq,3L08_A,1
5872,RefSeq,2POU_A,1
5873,RefSeq,P30014,1
5874,RefSeq,P02748,1
5875,RefSeq,3SD5_A,1
5876,RefSeq,1II5_A,1
5877,RefSeq,P47743,1
5878,RefSeq,1XFF_A,1
5879,RefSeq,1FTJ_A,1
5880,RefSeq,NP_075209,1
5881,RefSeq,P51907,1
5882,RefSeq,2JKK_A,1
5883,RefSeq,P18754,1
5884,RefSeq,P47941,1
5885,RefSeq,3QRJ_A,1
5886,RefSeq,3QRI_A,1
5887,RefSeq,2UUE_A,1
5888,RefSeq,2FVD_A,1
5889,RefSeq,F1QCV2,1
5890,RefSeq,Q7L2E3,1
5891,RefSeq,NP_068779,1
5892,RefSeq,4ALG_A,1
5893,RefSeq,3ZYU_A,1
5894,RefSeq,NP_002636,1
5895,RefSeq,2J50_A,1
5896,RefSeq,Q9NQB0,1
5897,RefSeq,NP_114171,1
5898,RefSeq,NP_004194,1
5899,RefSeq,Q61851,1
5900,RefSeq,P38117,1
5901,RefSeq,Q9NTK5,1
5902,RefSeq,Q9BXH1,1
5903,RefSeq,Q64373,1
5904,RefSeq,2YXJ_A,1
5905,RefSeq,Q14457,1
5906,RefSeq,Q9Z2W9,1
5907,RefSeq,P23819,1
5908,RefSeq,Q9Z2W8,1
5909,RefSeq,P23818,1
5910,RefSeq,Q67344,1
5911,RefSeq,1JUJ_A,1
5912,RefSeq,Q64261,1
5913,RefSeq,P07901,1
5914,RefSeq,3QDD_A,1
5915,RefSeq,P11499,1
5916,RefSeq,P40313,1
5917,RefSeq,O77344,1
5918,RefSeq,3NS9_A,1
5919,RefSeq,2IW9_A,1
5920,RefSeq,2IW8_A,1
5921,RefSeq,1H1S_A,1
5922,RefSeq,2C6O_A,1
5923,RefSeq,P00521,1
5924,RefSeq,2CHZ_A,1
5925,RefSeq,O35346,1
5926,RefSeq,2VGO_A,1
5927,RefSeq,Q9BZM1,1
5928,RefSeq,Q9QUL3,1
5929,RefSeq,Q9BZM2,1
5930,RefSeq,O15496,1
5931,RefSeq,P97391,1
5932,RefSeq,O60733,1
5933,RefSeq,Q9NZ20,1
5934,RefSeq,Q9QXX3,1
5935,RefSeq,P31482,1
5936,RefSeq,Q9NZK7,1
5937,RefSeq,Q9BX93,1
5938,RefSeq,Q9UNK4,1
5939,RefSeq,Q5R387,1
5940,RefSeq,Q9Z0Y2,1
5941,RefSeq,NP_001155201,1
5942,RefSeq,Q9WVF6,1
5943,RefSeq,P00592,1
5944,RefSeq,NP_005334,1
5945,RefSeq,NP_002515,1
5946,RefSeq,NP_004976,1
5947,RefSeq,P01112,1
5948,RefSeq,1O5M_B,1
5949,RefSeq,Q04631,1
5950,RefSeq,Q02293,1
5951,RefSeq,1O5M_A,1
5952,RefSeq,P63086,1
5953,RefSeq,NP_203125,1
5954,RefSeq,P05961,1
5955,RefSeq,Q9EP73,1
5956,RefSeq,Q9ULZ9,1
5957,RefSeq,NP_067673,1
5958,RefSeq,NP_003807,1
5959,RefSeq,NP_068573,1
5960,RefSeq,O43184,1
5961,RefSeq,NP_005932,1
5962,RefSeq,NP_002419,1
5963,RefSeq,NP_002417,1
5964,RefSeq,NP_057239,1
5965,RefSeq,P41001,1
5966,RefSeq,1XON_A,1
5967,RefSeq,1XM4_A,1
5968,RefSeq,P00860,1
5969,RefSeq,Q16198,1
5970,RefSeq,Q01543,1
5971,RefSeq,Q62448,1
5972,RefSeq,Q9IGQ6,1
5973,RefSeq,2X38_A,1
5974,RefSeq,Q6P179,1
5975,RefSeq,NP_872633,1
5976,RefSeq,NP_001277457,1
5977,RefSeq,Q80XI6,1
5978,RefSeq,NP_003939,1
5979,RefSeq,NP_006600,1
5980,RefSeq,2J83_A,1
5981,RefSeq,P06734,1
5982,RefSeq,P83512,1
5983,RefSeq,1RM8_A,1
5984,RefSeq,2J83_B,1
5985,RefSeq,2WEV_A,1
5986,RefSeq,1PXO_A,1
5987,RefSeq,Q6UXS9,1
5988,RefSeq,P31944,1
5989,RefSeq,Q92851,1
5990,RefSeq,BAA95209,1
5991,RefSeq,P97639,1
5992,RefSeq,O55242,1
5993,RefSeq,NP_036984,1
5994,RefSeq,Q06347,1
5995,RefSeq,O60930,1
5996,RefSeq,2H5I_A,1
5997,RefSeq,2H5I_B,1
5998,RefSeq,Q12923,1
5999,RefSeq,P70424,1
6000,RefSeq,G3V9H8,1
6001,RefSeq,Q63474,1
6002,RefSeq,NP_775180,1
6003,RefSeq,AAH82766,1
6004,RefSeq,1O1W_A,1
6005,RefSeq,P49430,1
6006,RefSeq,P97926,1
6007,RefSeq,NP_037003,1
6008,RefSeq,O35881,1
6009,RefSeq,Q9ESG6,1
6010,RefSeq,A0A2J8P2M1,1
6011,RefSeq,2J77_A,1
6012,RefSeq,Q8BVW0,1
6013,RefSeq,1OIM_A,1
6014,RefSeq,P9WQ18,1
6015,RefSeq,Q43014,1
6016,RefSeq,Q9MYM4,1
6017,RefSeq,K7XJL6,1
6018,RefSeq,Q8R2H2,1
6019,RefSeq,D3ZAC0,1
6020,RefSeq,1HI5_A,1
6021,RefSeq,1AMW_A,1
6022,RefSeq,1E8H_A,1
6023,RefSeq,1Y8O_A,1
6024,RefSeq,2C02_A,1
6025,RefSeq,P19120,1
6026,RefSeq,1O0H_A,1
6027,RefSeq,1UCN_A,1
6028,RefSeq,1AO0_B,1
6029,RefSeq,1AO0_A,1
6030,RefSeq,1XXI_D,1
6031,RefSeq,1T3T_A,1
6032,RefSeq,1UCN_B,1
6033,RefSeq,1M74_A,1
6034,RefSeq,1YRS_A,1
6035,RefSeq,Q9RDT3,1
6036,RefSeq,1LKX_A,1
6037,RefSeq,2BFR_A,1
6038,RefSeq,Q6NS65,1
6039,RefSeq,Q09QM4,1
6040,RefSeq,1LEV_A,1
6041,RefSeq,1RT1_A,1
6042,RefSeq,NP_037206,1
6043,RefSeq,NP_037196,1
6044,RefSeq,P14488,1
6045,RefSeq,A8DS27,1
6046,RefSeq,P70623,1
6047,RefSeq,3ERK_A,1
6048,RefSeq,1BL7_A,1
6049,RefSeq,NP_001245343,1
6050,RefSeq,P53794,1
6051,RefSeq,2W26_A,1
6052,RefSeq,NP_001008540,1
6053,RefSeq,Q99IB8,1
6054,RefSeq,2WEJ_A,1
6055,RefSeq,P16298,1
6056,RefSeq,Q9XT82,1
6057,RefSeq,Q62053,1
6058,RefSeq,NP_060058,1
6059,RefSeq,Q969U6,1
6060,RefSeq,Q02734,1
6061,RefSeq,P33435,1
6062,RefSeq,P39655,1
6063,RefSeq,2ERZ_I,1
6064,RefSeq,2ERZ_E,1
6065,RefSeq,2ETK_A,1
6066,RefSeq,2EZ7_A,1
6067,RefSeq,4HNI_A,1
6068,RefSeq,4HNF_A,1
6069,RefSeq,2BOI_B,1
6070,RefSeq,2BT9_A,1
6071,RefSeq,2JDM_A,1
6072,RefSeq,2JDP_B,1
6073,RefSeq,2BOI_A,1
6074,RefSeq,2JDU_C,1
6075,RefSeq,2JDU_D,1
6076,RefSeq,2JDP_A,1
6077,RefSeq,2JDM_B,1
6078,RefSeq,1RDI_1,1
6079,RefSeq,Q95KY9,1
6080,RefSeq,Q9HC52,1
6081,RefSeq,Q8N8U2,1
6082,RefSeq,Q9Y6F8,1
6083,RefSeq,Q14781,1
6084,RefSeq,O95503,1
6085,RefSeq,O00257,1
6086,RefSeq,Q9Y232,1
6087,RefSeq,P22459,1
6088,RefSeq,P17658,1
6089,RefSeq,Q09470,1
6090,RefSeq,P16389,1
6091,RefSeq,NP_032444,1
6092,RefSeq,Q96RP8,1
6093,RefSeq,Q5EG47,1
6094,RefSeq,Q91WG5,1
6095,RefSeq,Q9R078,1
6096,RefSeq,Q6PAM0,1
6097,RefSeq,O54950,1
6098,RefSeq,Q8BGM7,1
6099,RefSeq,Q8BRK8,1
6100,RefSeq,P80193,1
6101,RefSeq,1UVR_A,1
6102,RefSeq,1TQ4_A,1
6103,RefSeq,1U2R_A,1
6104,RefSeq,1TPZ_A,1
6105,RefSeq,1R5N_A,1
6106,RefSeq,1D2E_A,1
6107,RefSeq,1VJJ_A,1
6108,RefSeq,1RYF_A,1
6109,RefSeq,2G83_A,1
6110,RefSeq,1FZQ_A,1
6111,RefSeq,1DAR_A,1
6112,RefSeq,P20291,1
6113,RefSeq,P33766,1
6114,RefSeq,O88536,1
6115,RefSeq,P34980,1
6116,RefSeq,P23677,1
6117,RefSeq,O15229,1
6118,RefSeq,Q91WN4,1
6119,RefSeq,O88867,1
6120,RefSeq,NP_071538,1
6121,RefSeq,Q6PHU5,1
6122,RefSeq,Q9TUP7,1
6123,RefSeq,O43187,1
6124,RefSeq,2O65_A,1
6125,RefSeq,NP_112300,1
6126,RefSeq,P45845,1
6127,RefSeq,P28301,1
6128,RefSeq,P16469,1
6129,RefSeq,P43117,1
6130,RefSeq,P43118,1
6131,RefSeq,A0A1D5QMT1,1
6132,RefSeq,Q8BLF1,1
6133,RefSeq,1XN0_A,1
6134,RefSeq,1OYN_A,1
6135,RefSeq,Q9Z0K8,1
6136,RefSeq,Q4KLZ0,1
6137,RefSeq,2HWP_A,1
6138,RefSeq,3LOK_A,1
6139,RefSeq,P0C0E6,1
6140,RefSeq,2VVN_A,1
6141,RefSeq,O70628,1
6142,RefSeq,Q15743,1
6143,RefSeq,Q8WU20,1
6144,RefSeq,Q86XP3,1
6145,RefSeq,P63208,1
6146,RefSeq,Q06520,1
6147,RefSeq,P01138,1
6148,RefSeq,Q8VCR2,1
6149,RefSeq,Q9EQU3,1
6150,RefSeq,NP_085151,1
6151,RefSeq,Q7TQP3,1
6152,RefSeq,NP_003477,1
6153,RefSeq,Q8VCC1,1
6154,RefSeq,O08699,1
6155,RefSeq,AAC39952,1
6156,RefSeq,NP_001239581,1
6157,RefSeq,O35921,1
6158,RefSeq,P41738,1
6159,RefSeq,NP_064582,1
6160,RefSeq,Q9CQ65,1
6161,RefSeq,O15382,1
6162,RefSeq,Q96PC2,1
6163,RefSeq,Q9WVS8,1
6164,RefSeq,O55028,1
6165,RefSeq,P46093,1
6166,RefSeq,Q4KLH9,1
6167,RefSeq,Q8BUD0,1
6168,RefSeq,NP_573517,1
6169,RefSeq,NP_072112,1
6170,RefSeq,NP_037165,1
6171,RefSeq,NP_062784,1
6172,RefSeq,1G9T_A,1
6173,RefSeq,1W25_A,1
6174,RefSeq,1QK3_A,1
6175,RefSeq,1QK3_B,1
6176,RefSeq,1SGX_A,1
6177,RefSeq,2FXV_A,1
6178,RefSeq,Q2V0Q7,1
6179,RefSeq,Q80T02,1
6180,RefSeq,1XUD_A,1
6181,RefSeq,Q8MHZ5,1
6182,RefSeq,NP_006735,1
6183,RefSeq,3G4G_A,1
6184,RefSeq,3G4I_A,1
6185,RefSeq,Q8NCL4,1
6186,RefSeq,Q96FL9,1
6187,RefSeq,Q10472,1
6188,RefSeq,Q14435,1
6189,RefSeq,Q86SR1,1
6190,RefSeq,Q9HAW9,1
6191,RefSeq,P0AD65,1
6192,RefSeq,A0A8I5ZQK1,1
6193,RefSeq,Q9WU09,1
6194,RefSeq,P37798,1
6195,RefSeq,2V58_A,1
6196,RefSeq,P24182,1
6197,RefSeq,Q15842,1
6198,RefSeq,NP_788303,1
6199,RefSeq,P49795,1
6200,RefSeq,O15492,1
6201,RefSeq,O00214,1
6202,RefSeq,P46939,1
6203,RefSeq,EAW99157,1
6204,RefSeq,AAY68486,1
6205,RefSeq,EDM01848,1
6206,RefSeq,P63080,1
6207,RefSeq,P22723,1
6208,RefSeq,P62812,1
6209,RefSeq,NP_001238959,1
6210,RefSeq,Q9NNW7,1
6211,RefSeq,Q86VQ6,1
6212,RefSeq,O89049,1
6213,RefSeq,2VLE_A,1
6214,RefSeq,D5JEH1,1
6215,RefSeq,3DYO_A,1
6216,RefSeq,3VD4_A,1
6217,RefSeq,3T0B_A,1
6218,RefSeq,3I3D_A,1
6219,RefSeq,3MUZ_1,1
6220,RefSeq,3T08_A,1
6221,RefSeq,1PX4_A,1
6222,RefSeq,3T2P_A,1
6223,RefSeq,3VDC_A,1
6224,RefSeq,3VD9_A,1
6225,RefSeq,Q9QY30,1
6226,RefSeq,AAM18940,1
6227,RefSeq,P19096,1
6228,RefSeq,Q8BJ56,1
6229,RefSeq,Q9BZP6,1
6230,RefSeq,Q9D7Q1,1
6231,RefSeq,P26637,1
6232,RefSeq,O55193,1
6233,RefSeq,Q9BE40,1
6234,RefSeq,NP_001171201,1
6235,RefSeq,NP_033499,1
6236,RefSeq,3KL6_A,1
6237,RefSeq,P70698,1
6238,RefSeq,P70303,1
6239,RefSeq,P17812,1
6240,RefSeq,Q5U2N0,1
6241,RefSeq,Q9NRF8,1
6242,RefSeq,D0VWV4,1
6243,RefSeq,A5GZW8,1
6244,RefSeq,O15297,1
6245,RefSeq,Q5MAI5,1
6246,RefSeq,Q9NSD7,1
6247,RefSeq,P48760,1
6248,RefSeq,Q9NQV7,1
6249,RefSeq,1D09_A,1
6250,RefSeq,1Q95_A,1
6251,RefSeq,1Q95_B,1
6252,RefSeq,P48764,1
6253,RefSeq,NP_036786,1
6254,RefSeq,AAC67239,1
6255,RefSeq,AAM67414,1
6256,RefSeq,P04642,1
6257,RefSeq,Q99788,1
6258,RefSeq,P46091,1
6259,RefSeq,A0SYQ0,1
6260,RefSeq,3DXK_A,1
6261,RefSeq,3DXK_B,1
6262,RefSeq,Q27757,1
6263,RefSeq,NP_573474,1
6264,RefSeq,P12504,1
6265,RefSeq,Q7RTX1,1
6266,RefSeq,Q7RTX0,1
6267,RefSeq,Q2FZQ3,1
6268,RefSeq,1BQN_A,1
6269,RefSeq,1BQM_B,1
6270,RefSeq,1BQM_A,1
6271,RefSeq,1BQN_B,1
6272,RefSeq,Q6Q2J0,1
6273,RefSeq,Q95N78,1
6274,RefSeq,NP_036663,1
6275,RefSeq,O88587,1
6276,RefSeq,P12872,1
6277,RefSeq,Q62463,1
6278,RefSeq,A5PKW4,1
6279,RefSeq,P62330,1
6280,RefSeq,P23467,1
6281,RefSeq,P24053,1
6282,RefSeq,Q64244,1
6283,RefSeq,O14745,1
6284,RefSeq,C9JQD8,1
6285,RefSeq,2AD5_A,1
6286,RefSeq,1WVC_A,1
6287,RefSeq,2AD5_B,1
6288,RefSeq,I3VR33,1
6289,RefSeq,Q24498,1
6290,RefSeq,NP_005476,1
6291,RefSeq,P09955,1
6292,RefSeq,3C4H_A,1
6293,RefSeq,Q96LA9,1
6294,RefSeq,O35543,1
6295,RefSeq,P52792,1
6296,RefSeq,Q07071,1
6297,RefSeq,NP_796304,1
6298,RefSeq,Q8VD38,1
6299,RefSeq,Q9MYX2,1
6300,RefSeq,P32198,1
6301,RefSeq,3D04_A,1
6302,RefSeq,3D04_B,1
6303,RefSeq,P59538,1
6304,RefSeq,NP_000405,1
6305,RefSeq,NP_001104318,1
6306,RefSeq,2PHB_A,1
6307,RefSeq,NP_038765,1
6308,RefSeq,P19711,1
6309,RefSeq,Q10738,1
6310,RefSeq,NP_003733,1
6311,RefSeq,1C70_B,1
6312,RefSeq,1C70_A,1
6313,RefSeq,NP_002968,1
6314,RefSeq,NP_001043,1
6315,RefSeq,1BL4_A,1
6316,RefSeq,1NJE_A,1
6317,RefSeq,1NJC_A,1
6318,RefSeq,1NJA_A,1
6319,RefSeq,NP_004514,1
6320,RefSeq,Q62633,1
6321,RefSeq,P70172,1
6322,RefSeq,2QOA_A,1
6323,RefSeq,Q6IYF9,1
6324,RefSeq,NP_001001518,1
6325,RefSeq,Q64560,1
6326,RefSeq,P47205,1
6327,RefSeq,1SV3_A,1
6328,RefSeq,O60427,1
6329,RefSeq,Q920R3,1
6330,RefSeq,Q9Z122,1
6331,RefSeq,NP_002416,1
6332,RefSeq,NP_002413,1
6333,RefSeq,P06804,1
6334,RefSeq,P21842,1
6335,RefSeq,1XZ8_B,1
6336,RefSeq,1LOQ_A,1
6337,RefSeq,Q8JZL2,1
6338,RefSeq,Q5U431,1
6339,RefSeq,4EYJ_A,1
6340,RefSeq,Q99LR1,1
6341,RefSeq,O25801,1
6342,RefSeq,P25961,1
6343,RefSeq,P01270,1
6344,RefSeq,E2JF22,1
6345,RefSeq,Q92508,1
6346,RefSeq,3KPW_A,1
6347,RefSeq,P9WI73,1
6348,RefSeq,2PZI_A,1
6349,RefSeq,NP_000136,1
6350,RefSeq,NP_775115,1
6351,RefSeq,NP_571987,1
6352,RefSeq,O08726,1
6353,RefSeq,NP_037163,1
6354,RefSeq,Q9Y237,1
6355,RefSeq,Q7Z418,1
6356,RefSeq,P36021,1
6357,RefSeq,P04185,1
6358,RefSeq,Q63633,1
6359,RefSeq,Q93088,1
6360,RefSeq,O70370,1
6361,RefSeq,P38605,1
6362,RefSeq,P33247,1
6363,RefSeq,P38604,1
6364,RefSeq,3OXI_A,1
6365,RefSeq,Q8N474,1
6366,RefSeq,1D1P_A,1
6367,RefSeq,1DG9_A,1
6368,RefSeq,P17439,1
6369,RefSeq,3PM1_A,1
6370,RefSeq,3V78_B,1
6371,RefSeq,3PM1_B,1
6372,RefSeq,3V78_A,1
6373,RefSeq,O54050,1
6374,RefSeq,P0A3G3,1
6375,RefSeq,Q9NS86,1
6376,RefSeq,3LLE_B,1
6377,RefSeq,3LLE_A,1
6378,RefSeq,NP_067594,1
6379,RefSeq,NP_004869,1
6380,RefSeq,Q72502,1
6381,RefSeq,P25102,1
6382,RefSeq,P40189,1
6383,RefSeq,NP_037297,1
6384,RefSeq,P42582,1
6385,RefSeq,Q08369,1
6386,RefSeq,Q16798,1
6387,RefSeq,P48163,1
6388,RefSeq,Q96SN7,1
6389,RefSeq,Q61125,1
6390,RefSeq,Q9JHF9,1
6391,RefSeq,5ABP_A,1
6392,RefSeq,8ABP_A,1
6393,RefSeq,3PCE_A,1
6394,RefSeq,3PCE_M,1
6395,RefSeq,P16638,1
6396,RefSeq,2FHY_A,1
6397,RefSeq,2FHY_L,1
6398,RefSeq,NP_940982,1
6399,RefSeq,Q60714,1
6400,RefSeq,Q6PCB7,1
6401,RefSeq,H9YX08,1
6402,RefSeq,2WOU_A,1
6403,RefSeq,P19320,1
6404,RefSeq,P41740,1
6405,RefSeq,Q9Z1J7,1
6406,RefSeq,NP_004172,1
6407,RefSeq,4EN4_A,1
6408,RefSeq,3ELC_C,1
6409,RefSeq,3ELC_A,1
6410,RefSeq,P59722,1
6411,RefSeq,NP_001630,1
6412,RefSeq,P11498,1
6413,RefSeq,Q61391,1
6414,RefSeq,P46059,1
6415,RefSeq,NP_599024,1
6416,RefSeq,2AY9_B,1
6417,RefSeq,2AY9_A,1
6418,RefSeq,Q92482,1
6419,RefSeq,Q8R2N1,1
6420,RefSeq,Q9JJJ3,1
6421,RefSeq,O60602,1
6422,RefSeq,NP_004203,1
6423,RefSeq,2VTA_A,1
6424,RefSeq,P13807,1
6425,RefSeq,P97313,1
6426,RefSeq,NP_035289,1
6427,RefSeq,O13383,1
6428,RefSeq,P78317,1
6429,RefSeq,P52633,1
6430,RefSeq,Q8IZK6,1
6431,RefSeq,P40933,1
6432,RefSeq,Q13261,1
6433,RefSeq,B6TK44,1
6434,RefSeq,B4FS76,1
6435,RefSeq,Q2TU57,1
6436,RefSeq,Q9NYV7,1
6437,RefSeq,Q9HCE7,1
6438,RefSeq,1AJP_B,1
6439,RefSeq,1AJP_A,1
6440,RefSeq,O95822,1
6441,RefSeq,3V3Q_B,1
6442,RefSeq,3V3Q_A,1
6443,RefSeq,Q9R1S4,1
6444,RefSeq,1D7J_A,1
6445,RefSeq,P04201,1
6446,RefSeq,2ZVJ_A,1
6447,RefSeq,Q9NR19,1
6448,RefSeq,NP_002652,1
6449,RefSeq,O75084,1
6450,RefSeq,1XGE_A,1
6451,RefSeq,1LI6_A,1
6452,RefSeq,Q9Y5X4,1
6453,RefSeq,Q8I5R7,1
6454,RefSeq,NP_001245284,1
6455,RefSeq,P55087,1
6456,RefSeq,P04401,1
6457,RefSeq,O94830,1
6458,RefSeq,P28799,1
6459,RefSeq,1FV0_A,1
6460,RefSeq,2TOH_A,1
6461,RefSeq,P05089,1
6462,RefSeq,P78540,1
6463,RefSeq,P01111,1
6464,RefSeq,NP_671512,1
6465,RefSeq,Q9WVC8,1
6466,RefSeq,O75832,1
6467,RefSeq,P41586,1
6468,RefSeq,O00574,1
6469,RefSeq,2CTC_A,1
6470,RefSeq,3EOV_A,1
6471,RefSeq,1BR6_A,1
6472,RefSeq,P35713,1
6473,RefSeq,P43680,1
6474,RefSeq,2XUZ_A,1
6475,RefSeq,NP_032203,1
6476,RefSeq,Q28204,1
6477,RefSeq,Q28067,1
6478,RefSeq,P48029,1
6479,RefSeq,1EOC_A,1
6480,RefSeq,1EOC_B,1
6481,RefSeq,Q9H999,1
6482,RefSeq,P06702,1
6483,RefSeq,4TIM_B,1
6484,RefSeq,4TIM_A,1
6485,RefSeq,1OKL_A,1
6486,RefSeq,P17861,1
6487,RefSeq,Q05469,1
6488,RefSeq,Q9H5I1,1
6489,RefSeq,P51580,1
6490,RefSeq,B2RQC6,1
6491,RefSeq,O14492,1
6492,RefSeq,P23687,1
6493,RefSeq,Q9L4Q3,1
6494,RefSeq,NP_000112,1
6495,RefSeq,NP_001107657,1
6496,RefSeq,D5FGE8,1
6497,RefSeq,P35375,1
6498,RefSeq,NP_004954,1
6499,RefSeq,NP_683765,1
6500,RefSeq,P43346,1
6501,RefSeq,P40238,1
6502,RefSeq,P26281,1
6503,RefSeq,Q9NZM1,1
6504,RefSeq,Q9NRC8,1
6505,RefSeq,Q12778,1
6506,RefSeq,Q9GZU7,1
6507,RefSeq,4HBV_A,1
6508,RefSeq,Q92736,1
6509,RefSeq,4FCF_A,1
6510,RefSeq,4AWO_A,1
6511,RefSeq,NP_001718,1
6512,RefSeq,Q61586,1
6513,RefSeq,NP_783300,1
6514,RefSeq,P40925,1
6515,RefSeq,Q13574,1
6516,RefSeq,Q15382,1
6517,RefSeq,P23471,1
6518,RefSeq,Q9ULD8,1
6519,RefSeq,P23469,1
6520,RefSeq,NP_003548,1
6521,RefSeq,3ZYF_A,1
6522,RefSeq,P48547,1
6523,RefSeq,Q5VWZ2,1
6524,RefSeq,A6T5R0,1
6525,RefSeq,NP_073603,1
6526,RefSeq,P09601,1
6527,RefSeq,P61077,1
6528,RefSeq,P49842,1
6529,RefSeq,P09871,1
6530,RefSeq,Q9H015,1
6531,RefSeq,Q9UBP0,1
6532,RefSeq,Q61009,1
6533,RefSeq,2AEZ_A,1
6534,RefSeq,Q9NRM2,1
6535,RefSeq,P61020,1
6536,RefSeq,O95785,1
6537,RefSeq,Q9UGP8,1
6538,RefSeq,Q5JRS4,1
6539,RefSeq,Q96S97,1
6540,RefSeq,P30520,1
6541,RefSeq,Q9H8H3,1
6542,RefSeq,Q99442,1
6543,RefSeq,O00629,1
6544,RefSeq,Q08378,1
6545,RefSeq,P52888,1
6546,RefSeq,O15258,1
6547,RefSeq,Q9NRP0,1
6548,RefSeq,P54819,1
6549,RefSeq,O75439,1
6550,RefSeq,Q9NQW7,1
6551,RefSeq,P14314,1
6552,RefSeq,Q6UW68,1
6553,RefSeq,P49407,1
6554,RefSeq,Q9NRF9,1
6555,RefSeq,P32321,1
6556,RefSeq,Q8NEW0,1
6557,RefSeq,Q9BZE1,1
6558,RefSeq,Q9Y3B7,1
6559,RefSeq,O15144,1
6560,RefSeq,P08758,1
6561,RefSeq,P13667,1
6562,RefSeq,P61960,1
6563,RefSeq,O43760,1
6564,RefSeq,Q96BY9,1
6565,RefSeq,Q9C037,1
6566,RefSeq,O00461,1
6567,RefSeq,O95758,1
6568,RefSeq,P30041,1
6569,RefSeq,P35221,1
6570,RefSeq,Q9Y4A5,1
6571,RefSeq,Q86UY5,1
6572,RefSeq,P54105,1
6573,RefSeq,Q16630,1
6574,RefSeq,O60716,1
6575,RefSeq,Q969G3,1
6576,RefSeq,Q9Y450,1
6577,RefSeq,P09669,1
6578,RefSeq,P18085,1
6579,RefSeq,P98179,1
6580,RefSeq,O43808,1
6581,RefSeq,Q9Y570,1
6582,RefSeq,Q9UH99,1
6583,RefSeq,Q9Y2B0,1
6584,RefSeq,P63313,1
6585,RefSeq,P52434,1
6586,RefSeq,Q53H12,1
6587,RefSeq,Q5JTH9,1
6588,RefSeq,Q9Y241,1
6589,RefSeq,Q99547,1
6590,RefSeq,Q8WU58,1
6591,RefSeq,Q9Y4L1,1
6592,RefSeq,Q9Y490,1
6593,RefSeq,Q9BXJ8,1
6594,RefSeq,P50552,1
6595,RefSeq,O94886,1
6596,RefSeq,P12429,1
6597,RefSeq,Q6ZR08,1
6598,RefSeq,O95336,1
6599,RefSeq,Q8TAD4,1
6600,RefSeq,Q5JSL3,1
6601,RefSeq,Q7Z5L9,1
6602,RefSeq,P17677,1
6603,RefSeq,Q14166,1
6604,RefSeq,Q00059,1
6605,RefSeq,Q13409,1
6606,RefSeq,Q16643,1
6607,RefSeq,P20290,1
6608,RefSeq,Q13895,1
6609,RefSeq,O43813,1
6610,RefSeq,P32322,1
6611,RefSeq,P31930,1
6612,RefSeq,O75616,1
6613,RefSeq,P50402,1
6614,RefSeq,Q8IZ83,1
6615,RefSeq,P38606,1
6616,RefSeq,P10070,1
6617,RefSeq,Q8WVV4,1
6618,RefSeq,O14681,1
6619,RefSeq,Q9UGJ1,1
6620,RefSeq,Q9NXH9,1
6621,RefSeq,Q9UHX1,1
6622,RefSeq,Q5SW79,1
6623,RefSeq,P17568,1
6624,RefSeq,O95861,1
6625,RefSeq,Q15365,1
6626,RefSeq,Q8N1S5,1
6627,RefSeq,Q9Y266,1
6628,RefSeq,O94905,1
6629,RefSeq,O60869,1
6630,RefSeq,P49321,1
6631,RefSeq,Q92685,1
6632,RefSeq,Q9UNS2,1
6633,RefSeq,Q15629,1
6634,RefSeq,P42765,1
6635,RefSeq,P33552,1
6636,RefSeq,Q12860,1
6637,RefSeq,Q08752,1
6638,RefSeq,Q9NSI8,1
6639,RefSeq,Q9UQ80,1
6640,RefSeq,P14866,1
6641,RefSeq,Q9Y2V2,1
6642,RefSeq,Q15691,1
6643,RefSeq,Q7Z2W4,1
6644,RefSeq,O00161,1
6645,RefSeq,P37108,1
6646,RefSeq,Q96KP4,1
6647,RefSeq,Q7KZF4,1
6648,RefSeq,P49406,1
6649,RefSeq,Q15435,1
6650,RefSeq,Q7L2H7,1
6651,RefSeq,Q9GZT3,1
6652,RefSeq,A4D1E9,1
6653,RefSeq,Q96DV4,1
6654,RefSeq,Q8WUA4,1
6655,RefSeq,O43237,1
6656,RefSeq,Q9BRY0,1
6657,RefSeq,Q96QU8,1
6658,RefSeq,Q9BYT8,1
6659,RefSeq,P60468,1
6660,RefSeq,Q9NTZ6,1
6661,RefSeq,O60664,1
6662,RefSeq,P11172,1
6663,RefSeq,Q14677,1
6664,RefSeq,Q03252,1
6665,RefSeq,Q8TEQ6,1
6666,RefSeq,Q7Z2K6,1
6667,RefSeq,P09012,1
6668,RefSeq,Q96AE4,1
6669,RefSeq,Q13505,1
6670,RefSeq,P48047,1
6671,RefSeq,Q8TEQ8,1
6672,RefSeq,O75143,1
6673,RefSeq,P62328,1
6674,RefSeq,P82650,1
6675,RefSeq,O95319,1
6676,RefSeq,P30084,1
6677,RefSeq,Q5T280,1
6678,RefSeq,Q2TB90,1
6679,RefSeq,Q12904,1
6680,RefSeq,Q99832,1
6681,RefSeq,P67809,1
6682,RefSeq,Q9H857,1
6683,RefSeq,P11717,1
6684,RefSeq,Q8IWR1,1
6685,RefSeq,Q14566,1
6686,RefSeq,Q9H939,1
6687,RefSeq,Q9UKX7,1
6688,RefSeq,Q14699,1
6689,RefSeq,Q9BY44,1
6690,RefSeq,P29803,1
6691,RefSeq,Q9HCC0,1
6692,RefSeq,Q92600,1
6693,RefSeq,Q6P1A2,1
6694,RefSeq,Q14244,1
6695,RefSeq,Q9Y6N5,1
6696,RefSeq,Q9P2E9,1
6697,RefSeq,Q9Y2T2,1
6698,RefSeq,P24539,1
6699,RefSeq,Q9UBQ5,1
6700,RefSeq,P26583,1
6701,RefSeq,P23193,1
6702,RefSeq,P42167,1
6703,RefSeq,Q96HY6,1
6704,RefSeq,Q9H1C4,1
6705,RefSeq,Q8NI36,1
6706,RefSeq,P13498,1
6707,RefSeq,P11279,1
6708,RefSeq,P10768,1
6709,RefSeq,P20042,1
6710,RefSeq,Q9HAW4,1
6711,RefSeq,Q9NXE4,1
6712,RefSeq,Q6NXT4,1
6713,RefSeq,Q9UMX0,1
6714,RefSeq,Q6DD87,1
6715,RefSeq,P50395,1
6716,RefSeq,O00425,1
6717,RefSeq,O75369,1
6718,RefSeq,O60493,1
6719,RefSeq,Q9Y263,1
6720,RefSeq,P02008,1
6721,RefSeq,P50851,1
6722,RefSeq,Q9BWH6,1
6723,RefSeq,Q9Y230,1
6724,RefSeq,O95139,1
6725,RefSeq,Q9BXK5,1
6726,RefSeq,P05387,1
6727,RefSeq,P24534,1
6728,RefSeq,O43292,1
6729,RefSeq,O43156,1
6730,RefSeq,Q5TF21,1
6731,RefSeq,Q9BPX5,1
6732,RefSeq,Q96I24,1
6733,RefSeq,O15120,1
6734,RefSeq,Q96IX5,1
6735,RefSeq,Q9NYB0,1
6736,RefSeq,Q96J02,1
6737,RefSeq,Q9Y3B9,1
6738,RefSeq,Q15021,1
6739,RefSeq,O43681,1
6740,RefSeq,Q9BUV8,1
6741,RefSeq,Q9H2U1,1
6742,RefSeq,Q99575,1
6743,RefSeq,O75348,1
6744,RefSeq,O94822,1
6745,RefSeq,Q13501,1
6746,RefSeq,O75844,1
6747,RefSeq,P07108,1
6748,RefSeq,Q92572,1
6749,RefSeq,Q8N4V1,1
6750,RefSeq,O75592,1
6751,RefSeq,Q7Z2T5,1
6752,RefSeq,P49915,1
6753,RefSeq,O43583,1
6754,RefSeq,Q9Y6W5,1
6755,RefSeq,O15270,1
6756,RefSeq,P31146,1
6757,RefSeq,Q9Y6Y8,1
6758,RefSeq,Q969Z0,1
6759,RefSeq,Q5T0W9,1
6760,RefSeq,Q5T160,1
6761,RefSeq,Q7Z4W1,1
6762,RefSeq,P30740,1
6763,RefSeq,Q9NRX4,1
6764,RefSeq,Q92804,1
6765,RefSeq,P61764,1
6766,RefSeq,P63279,1
6767,RefSeq,Q9BPW8,1
6768,RefSeq,Q8IZW8,1
6769,RefSeq,P07197,1
6770,RefSeq,P49770,1
6771,RefSeq,Q9NPD3,1
6772,RefSeq,O43847,1
6773,RefSeq,Q9UNL2,1
6774,RefSeq,P50748,1
6775,RefSeq,Q15070,1
6776,RefSeq,Q96R06,1
6777,RefSeq,O43598,1
6778,RefSeq,Q9BQG0,1
6779,RefSeq,P17858,1
6780,RefSeq,Q5U3C3,1
6781,RefSeq,O00567,1
6782,RefSeq,Q9UI26,1
6783,RefSeq,Q99805,1
6784,RefSeq,P55735,1
6785,RefSeq,Q5T8P6,1
6786,RefSeq,Q9HB71,1
6787,RefSeq,Q13596,1
6788,RefSeq,Q03519,1
6789,RefSeq,O43396,1
6790,RefSeq,O60264,1
6791,RefSeq,Q9UJX3,1
6792,RefSeq,P60903,1
6793,RefSeq,Q27J81,1
6794,RefSeq,P36957,1
6795,RefSeq,Q9Y6D6,1
6796,RefSeq,Q63HN8,1
6797,RefSeq,Q14139,1
6798,RefSeq,Q86V85,1
6799,RefSeq,Q5T6F2,1
6800,RefSeq,Q9UN86,1
6801,RefSeq,Q14444,1
6802,RefSeq,P62314,1
6803,RefSeq,Q05639,1
6804,RefSeq,Q9UK41,1
6805,RefSeq,O95864,1
6806,RefSeq,Q9NY65,1
6807,RefSeq,O60762,1
6808,RefSeq,Q15149,1
6809,RefSeq,P61619,1
6810,RefSeq,O43795,1
6811,RefSeq,Q13263,1
6812,RefSeq,Q8WYA6,1
6813,RefSeq,P16949,1
6814,RefSeq,O43822,1
6815,RefSeq,Q13042,1
6816,RefSeq,Q5JTV8,1
6817,RefSeq,Q5SRE5,1
6818,RefSeq,Q15286,1
6819,RefSeq,Q15003,1
6820,RefSeq,Q9NR50,1
6821,RefSeq,Q12873,1
6822,RefSeq,Q9C0E8,1
6823,RefSeq,O94919,1
6824,RefSeq,Q13283,1
6825,RefSeq,O75380,1
6826,RefSeq,Q9NVC3,1
6827,RefSeq,Q96JI7,1
6828,RefSeq,P36543,1
6829,RefSeq,P15924,1
6830,RefSeq,O75828,1
6831,RefSeq,Q9BT09,1
6832,RefSeq,Q92609,1
6833,RefSeq,P31483,1
6834,RefSeq,P57678,1
6835,RefSeq,Q9ULX6,1
6836,RefSeq,Q9Y295,1
6837,RefSeq,P13073,1
6838,RefSeq,P30040,1
6839,RefSeq,Q15631,1
6840,RefSeq,Q9NVS2,1
6841,RefSeq,O60711,1
6842,RefSeq,Q9BSD7,1
6843,RefSeq,Q15006,1
6844,RefSeq,Q3YEC7,1
6845,RefSeq,Q9NTI5,1
6846,RefSeq,P12829,1
6847,RefSeq,Q86SK9,1
6848,RefSeq,Q8NBJ5,1
6849,RefSeq,Q8WXF1,1
6850,RefSeq,Q9Y5L0,1
6851,RefSeq,Q9Y5Q9,1
6852,RefSeq,Q9P0L0,1
6853,RefSeq,Q06210,1
6854,RefSeq,Q8TAQ2,1
6855,RefSeq,Q7L8L6,1
6856,RefSeq,Q9UFN0,1
6857,RefSeq,P62318,1
6858,RefSeq,O95197,1
6859,RefSeq,Q8WW12,1
6860,RefSeq,O60925,1
6861,RefSeq,P08243,1
6862,RefSeq,Q9UKD2,1
6863,RefSeq,Q969V3,1
6864,RefSeq,P78382,1
6865,RefSeq,Q9UBR2,1
6866,RefSeq,O60234,1
6867,RefSeq,Q9P0I2,1
6868,RefSeq,P46926,1
6869,RefSeq,P49419,1
6870,RefSeq,Q9NTJ5,1
6871,RefSeq,Q99426,1
6872,RefSeq,Q96NJ6,1
6873,RefSeq,P32004,1
6874,RefSeq,Q9P287,1
6875,RefSeq,O15446,1
6876,RefSeq,P48059,1
6877,RefSeq,Q9Y3E0,1
6878,RefSeq,P46379,1
6879,RefSeq,Q5XKP0,1
6880,RefSeq,P12814,1
6881,RefSeq,Q9Y2Z0,1
6882,RefSeq,Q9BW92,1
6883,RefSeq,P20073,1
6884,RefSeq,Q9NZT2,1
6885,RefSeq,Q9Y6I8,1
6886,RefSeq,Q9Y617,1
6887,RefSeq,Q9Y4W6,1
6888,RefSeq,Q9Y289,1
6889,RefSeq,O14561,1
6890,RefSeq,P46459,1
6891,RefSeq,O75534,1
6892,RefSeq,P52597,1
6893,RefSeq,P13804,1
6894,RefSeq,Q68CP9,1
6895,RefSeq,P82673,1
6896,RefSeq,Q9UHA2,1
6897,RefSeq,Q8NE86,1
6898,RefSeq,P16930,1
6899,RefSeq,P12074,1
6900,RefSeq,P69892,1
6901,RefSeq,P26038,1
6902,RefSeq,O76003,1
6903,RefSeq,Q96EY8,1
6904,RefSeq,Q9UNZ2,1
6905,RefSeq,Q9Y3D6,1
6906,RefSeq,Q8TEM1,1
6907,RefSeq,Q8IZL8,1
6908,RefSeq,O15371,1
6909,RefSeq,Q9BXJ9,1
6910,RefSeq,Q9P0S9,1
6911,RefSeq,Q6NXT1,1
6912,RefSeq,Q9NZL9,1
6913,RefSeq,Q96EL2,1
6914,RefSeq,Q16555,1
6915,RefSeq,Q5VYK3,1
6916,RefSeq,P99999,1
6917,RefSeq,O75663,1
6918,RefSeq,Q12824,1
6919,RefSeq,Q92900,1
6920,RefSeq,Q8WY22,1
6921,RefSeq,Q9NX55,1
6922,RefSeq,Q9H061,1
6923,RefSeq,P34810,1
6924,RefSeq,Q96I15,1
6925,RefSeq,Q9BZF9,1
6926,RefSeq,P62633,1
6927,RefSeq,Q14964,1
6928,RefSeq,O60645,1
6929,RefSeq,O95163,1
6930,RefSeq,P23284,1
6931,RefSeq,O95292,1
6932,RefSeq,Q13423,1
6933,RefSeq,P60059,1
6934,RefSeq,Q9NXW2,1
6935,RefSeq,P12532,1
6936,RefSeq,Q8IY67,1
6937,RefSeq,P82933,1
6938,RefSeq,Q969N2,1
6939,RefSeq,Q53R41,1
6940,RefSeq,P69891,1
6941,RefSeq,Q9UKY7,1
6942,RefSeq,Q86V81,1
6943,RefSeq,Q9UPN7,1
6944,RefSeq,P16422,1
6945,RefSeq,P31946,1
6946,RefSeq,Q15084,1
6947,RefSeq,O43488,1
6948,RefSeq,Q92575,1
6949,RefSeq,Q9Y3C4,1
6950,RefSeq,P48960,1
6951,RefSeq,Q9NR45,1
6952,RefSeq,O43291,1
6953,RefSeq,Q9UNQ2,1
6954,RefSeq,Q9HDC9,1
6955,RefSeq,Q96I99,1
6956,RefSeq,Q9BRQ6,1
6957,RefSeq,Q9NVI1,1
6958,RefSeq,Q6YP21,1
6959,RefSeq,P37837,1
6960,RefSeq,P62820,1
6961,RefSeq,Q15785,1
6962,RefSeq,P10412,1
6963,RefSeq,P60981,1
6964,RefSeq,O75352,1
6965,RefSeq,P41227,1
6966,RefSeq,Q14165,1
6967,RefSeq,Q92504,1
6968,RefSeq,Q5VW32,1
6969,RefSeq,Q9Y3A5,1
6970,RefSeq,O96005,1
6971,RefSeq,Q9Y5J1,1
6972,RefSeq,O94874,1
6973,RefSeq,Q6PGP7,1
6974,RefSeq,P40222,1
6975,RefSeq,Q9P2W9,1
6976,RefSeq,Q8TDN6,1
6977,RefSeq,Q9H974,1
6978,RefSeq,Q96HC4,1
6979,RefSeq,P56385,1
6980,RefSeq,P00414,1
6981,RefSeq,Q13011,1
6982,RefSeq,P31150,1
6983,RefSeq,Q9BY32,1
6984,RefSeq,P50570,1
6985,RefSeq,P63010,1
6986,RefSeq,Q08379,1
6987,RefSeq,Q9BRP8,1
6988,RefSeq,Q9Y4P3,1
6989,RefSeq,P67936,1
6990,RefSeq,Q96KR1,1
6991,RefSeq,Q00325,1
6992,RefSeq,Q04864,1
6993,RefSeq,Q99627,1
6994,RefSeq,Q14203,1
6995,RefSeq,P24390,1
6996,RefSeq,Q16401,1
6997,RefSeq,O15173,1
6998,RefSeq,Q6JBY9,1
6999,RefSeq,Q6AI08,1
7000,RefSeq,P61221,1
7001,RefSeq,P43246,1
7002,RefSeq,Q96P70,1
7003,RefSeq,Q9H4B6,1
7004,RefSeq,P48634,1
7005,RefSeq,Q9H444,1
7006,RefSeq,Q15459,1
7007,RefSeq,Q8NBS9,1
7008,RefSeq,P11171,1
7009,RefSeq,P13693,1
7010,RefSeq,O95169,1
7011,RefSeq,Q9Y3B3,1
7012,RefSeq,P78406,1
7013,RefSeq,Q6YN16,1
7014,RefSeq,Q15637,1
7015,RefSeq,Q12874,1
7016,RefSeq,Q9H3P7,1
7017,RefSeq,Q9NQR4,1
7018,RefSeq,Q14728,1
7019,RefSeq,Q06323,1
7020,RefSeq,Q9Y3L5,1
7021,RefSeq,O00400,1
7022,RefSeq,O00154,1
7023,RefSeq,P33316,1
7024,RefSeq,P19388,1
7025,RefSeq,P03886,1
7026,RefSeq,P33121,1
7027,RefSeq,P10620,1
7028,RefSeq,Q56VL3,1
7029,RefSeq,Q9Y3I0,1
7030,RefSeq,Q6PKG0,1
7031,RefSeq,Q6ZNB6,1
7032,RefSeq,P25815,1
7033,RefSeq,O95299,1
7034,RefSeq,P35237,1
7035,RefSeq,P29084,1
7036,RefSeq,Q9Y679,1
7037,RefSeq,Q13838,1
7038,RefSeq,Q96A65,1
7039,RefSeq,O00233,1
7040,RefSeq,Q96H79,1
7041,RefSeq,Q9BRQ8,1
7042,RefSeq,Q9BWM7,1
7043,RefSeq,Q1KMD3,1
7044,RefSeq,Q5BJD5,1
7045,RefSeq,Q15050,1
7046,RefSeq,O43809,1
7047,RefSeq,Q9C0C2,1
7048,RefSeq,Q9ULA0,1
7049,RefSeq,O43826,1
7050,RefSeq,Q9NRN7,1
7051,RefSeq,Q8NEH6,1
7052,RefSeq,P38919,1
7053,RefSeq,P12270,1
7054,RefSeq,Q9NYU2,1
7055,RefSeq,Q9Y6M9,1
7056,RefSeq,Q8TEA8,1
7057,RefSeq,Q9BXU3,1
7058,RefSeq,Q9BVK6,1
7059,RefSeq,Q14318,1
7060,RefSeq,O94826,1
7061,RefSeq,P62304,1
7062,RefSeq,P27105,1
7063,RefSeq,Q15800,1
7064,RefSeq,Q3ZAQ7,1
7065,RefSeq,Q14684,1
7066,RefSeq,P09497,1
7067,RefSeq,Q9BZZ5,1
7068,RefSeq,O75396,1
7069,RefSeq,Q9UBU9,1
7070,RefSeq,Q9Y2A7,1
7071,RefSeq,Q96GC9,1
7072,RefSeq,Q05707,1
7073,RefSeq,O75347,1
7074,RefSeq,Q9BZK7,1
7075,RefSeq,Q6IN84,1
7076,RefSeq,Q9NRG9,1
7077,RefSeq,Q8TF72,1
7078,RefSeq,Q9UNI1,1
7079,RefSeq,NP_001962,1
7080,RefSeq,P68404,1
7081,RefSeq,NP_001229342,1
7082,RefSeq,NP_006246,1
7083,RefSeq,O60841,1
7084,RefSeq,4E96_A,1
7085,RefSeq,NP_001020108,1
7086,RefSeq,B5DFE2,1
7087,RefSeq,P49585,1
7088,RefSeq,NP_001748,1
7089,RefSeq,O50979,1
7090,RefSeq,1Q5K_A,1
7091,RefSeq,4AT5_A,1
7092,RefSeq,Q8KRU5,1
7093,RefSeq,A4D1B5,1
7094,RefSeq,P03313,1
7095,RefSeq,P58335,1
7096,RefSeq,3UO9_A,1
7097,RefSeq,3UO9_B,1
7098,RefSeq,P13264,1
7099,RefSeq,3UO9_D,1
7100,RefSeq,Q8CI15,1
7101,RefSeq,NP_001136073,1
7102,RefSeq,Q8R4D5,1
7103,RefSeq,P08620,1
7104,RefSeq,NP_001273003,1
7105,RefSeq,NP_055392,1
7106,RefSeq,3QUE_A,1
7107,RefSeq,Q7LBC6,1
7108,RefSeq,NP_872585,1
7109,RefSeq,NP_056510,1
7110,RefSeq,P61812,1
7111,RefSeq,NP_001127891,1
7112,RefSeq,NP_038478,1
7113,RefSeq,NP_038477,1
7114,RefSeq,Q14188,1
7115,RefSeq,NP_004170,1
7116,RefSeq,Q9QZC1,1
7117,RefSeq,Q9P246,1
7118,RefSeq,NP_001123500,1
7119,RefSeq,Q9ULI0,1
7120,RefSeq,Q3UQU0,1
7121,RefSeq,Q7Z406,1
7122,RefSeq,1DI8_A,1
7123,RefSeq,A6I4C9,1
7124,RefSeq,NP_001286,1
7125,RefSeq,O88410,1
7126,RefSeq,Q99707,1
7127,RefSeq,NP_116090,1
7128,RefSeq,NP_060105,1
7129,RefSeq,Q4FZB7,1
7130,RefSeq,Q56AP7,1
7131,RefSeq,P17157,1
7132,RefSeq,3BPR_A,1
7133,RefSeq,Q9UH92,1
7134,RefSeq,NP_647478,1
7135,RefSeq,NP_570138,1
7136,RefSeq,1PY5_A,1
7137,RefSeq,2ZOQ_A,1
7138,RefSeq,A5U4N0,1
7139,RefSeq,P56489,1
7140,RefSeq,A0A8C0MJA7,1
7141,RefSeq,NP_689862,1
7142,RefSeq,Q9D2Y4,1
7143,RefSeq,3FRZ_A,1
7144,RefSeq,NP_075359,1
7145,RefSeq,NP_064412,1
7146,RefSeq,NP_005287,1
7147,RefSeq,Q08257,1
7148,RefSeq,P25094,1
7149,RefSeq,Q99570,1
7150,RefSeq,A0A8I3N355,1
7151,RefSeq,NP_000155,1
7152,RefSeq,A0A1D5QZY8,1
7153,RefSeq,Q05923,1
7154,RefSeq,NP_001186566,1
7155,RefSeq,P0A6G7,1
7156,RefSeq,P18846,1
7157,RefSeq,Q01776,1
7158,RefSeq,NP_001014794,1
7159,RefSeq,Q3UES3,1
7160,RefSeq,Q6PFX9,1
7161,RefSeq,2Z60_A,1
7162,RefSeq,2QOH_A,1
7163,RefSeq,P51686,1
7164,RefSeq,NP_001243298,1
7165,RefSeq,2NP8_A,1
7166,RefSeq,NP_001182128,1
7167,RefSeq,P54283,1
7168,RefSeq,Q02641,1
7169,RefSeq,Q96NZ9,1
7170,RefSeq,P79293,1
7171,RefSeq,Q789A4,1
7172,RefSeq,Q6URW6,1
7173,RefSeq,O60671,1
7174,RefSeq,NP_938147,1
7175,RefSeq,P47752,1
7176,RefSeq,NP_058888,1
7177,RefSeq,P34158,1
7178,RefSeq,3NYN_A,1
7179,RefSeq,3OZJ_A,1
7180,RefSeq,P01103,1
7181,RefSeq,P04273,1
7182,RefSeq,P15682,1
7183,RefSeq,O70551,1
7184,RefSeq,3FZT_A,1
7185,RefSeq,Q9QVP9,1
7186,RefSeq,Q99594,1
7187,RefSeq,P16220,1
7188,RefSeq,1T4S_A,1
7189,RefSeq,Q01705,1
7190,RefSeq,P13864,1
7191,RefSeq,P42568,1
7192,RefSeq,EAW70949,1
7193,RefSeq,Q6PIU2,1
7194,RefSeq,O14843,1
7195,RefSeq,Q3UFD7,1
7196,RefSeq,Q8MMZ8,1
7197,RefSeq,W7JX98,1
7198,RefSeq,NP_001123889,1
7199,RefSeq,P63146,1
7200,RefSeq,Q96A54,1
7201,RefSeq,Q86V24,1
7202,RefSeq,3L5R_A,1
7203,RefSeq,3L5R_C,1
7204,RefSeq,Q9BRQ5,1
7205,RefSeq,O60669,1
7206,RefSeq,Q8T6T2,1
7207,RefSeq,A0A6L8P2U9,1
7208,RefSeq,NP_001243572,1
7209,RefSeq,A6I415,1
7210,RefSeq,NP_001084,1
7211,RefSeq,NP_942136,1
7212,RefSeq,Q9HBE4,1
7213,RefSeq,P06856,1
7214,RefSeq,P11168,1
7215,RefSeq,P11169,1
7216,RefSeq,2WEI_A,1
7217,RefSeq,NP_004722,1
7218,RefSeq,3OYW_A,1
7219,RefSeq,1LT5_D,1
7220,RefSeq,1LT5_E,1
7221,RefSeq,P53184,1
7222,RefSeq,P39040,1
7223,RefSeq,3I51_A,1
7224,RefSeq,Q9Y2J8,1
7225,RefSeq,2H44_A,1
7226,RefSeq,Q96C86,1
7227,RefSeq,Q9WTN6,1
7228,RefSeq,3OAY_H,1
7229,RefSeq,NP_001243592,1
7230,RefSeq,Q27957,1
7231,RefSeq,1DHJ_A,1
7232,RefSeq,NP_000782,1
7233,RefSeq,P00380,1
7234,RefSeq,1DHI_B,1
7235,RefSeq,NP_001192136,1
7236,RefSeq,1DHI_A,1
7237,RefSeq,2DRC_A,1
7238,RefSeq,O88563,1
7239,RefSeq,2DRC_B,1
7240,RefSeq,1DHJ_B,1
7241,RefSeq,Q60493,1
7242,RefSeq,P62744,1
7243,RefSeq,P04578,1
7244,RefSeq,P03118,1
7245,RefSeq,2HNY_A,1
7246,RefSeq,P03366,1
7247,RefSeq,1VRT_A,1
7248,RefSeq,1IEP_A,1
7249,RefSeq,1XBB_A,1
7250,RefSeq,A1Z199,1
7251,RefSeq,1MX1_A,1
7252,RefSeq,2AOW_A,1
7253,RefSeq,NP_987076,1
7254,RefSeq,Q01984,1
7255,RefSeq,NP_001106167,1
7256,RefSeq,2AOX_A,1
7257,RefSeq,1OQ5_A,1
7258,RefSeq,Q8HZR1,1
7259,RefSeq,O78749,1
7260,RefSeq,O78750,1
7261,RefSeq,NP_000335,1
7262,RefSeq,Q9ESU6,1
7263,RefSeq,4FLP_A,1
7264,RefSeq,3MXF_A,1
7265,RefSeq,NP_473395,1
7266,RefSeq,2IVU_A,1
7267,RefSeq,NP_079152,1
7268,RefSeq,P9WNF7,1
7269,RefSeq,O97438,1
7270,RefSeq,NP_115792,1
7271,RefSeq,Q96JB6,1
7272,RefSeq,AAU46702,1
7273,RefSeq,O43172,1
7274,RefSeq,P50452,1
7275,RefSeq,Q02413,1
7276,RefSeq,Q99613,1
7277,RefSeq,Q8IXL7,1
7278,RefSeq,Q9NW64,1
7279,RefSeq,Q8NB78,1
7280,RefSeq,Q16594,1
7281,RefSeq,P53999,1
7282,RefSeq,P35250,1
7283,RefSeq,Q8IUF8,1
7284,RefSeq,Q12789,1
7285,RefSeq,P49756,1
7286,RefSeq,Q6NUJ5,1
7287,RefSeq,P48595,1
7288,RefSeq,Q9H7D7,1
7289,RefSeq,Q96JM3,1
7290,RefSeq,O43395,1
7291,RefSeq,O14974,1
7292,RefSeq,Q9H3K6,1
7293,RefSeq,Q9GZS1,1
7294,RefSeq,Q6L8Q7,1
7295,RefSeq,Q8TF01,1
7296,RefSeq,Q92556,1
7297,RefSeq,P49247,1
7298,RefSeq,Q15648,1
7299,RefSeq,Q9BQY4,1
7300,RefSeq,O15047,1
7301,RefSeq,Q9UKJ3,1
7302,RefSeq,P13987,1
7303,RefSeq,Q9NPA8,1
7304,RefSeq,O00505,1
7305,RefSeq,Q9ULL5,1
7306,RefSeq,Q9H307,1
7307,RefSeq,Q14498,1
7308,RefSeq,Q5VT52,1
7309,RefSeq,Q96EZ8,1
7310,RefSeq,Q13573,1
7311,RefSeq,Q8WWY3,1
7312,RefSeq,Q5SXM2,1
7313,RefSeq,Q05682,1
7314,RefSeq,Q86Y91,1
7315,RefSeq,P54198,1
7316,RefSeq,Q92608,1
7317,RefSeq,Q9BT78,1
7318,RefSeq,Q9NZL4,1
7319,RefSeq,Q14331,1
7320,RefSeq,Q9H5Z1,1
7321,RefSeq,O60684,1
7322,RefSeq,Q92835,1
7323,RefSeq,P29590,1
7324,RefSeq,Q3L8U1,1
7325,RefSeq,Q13310,1
7326,RefSeq,Q6UN15,1
7327,RefSeq,Q9UQ35,1
7328,RefSeq,Q9UBB9,1
7329,RefSeq,P19105,1
7330,RefSeq,Q15542,1
7331,RefSeq,Q9UL03,1
7332,RefSeq,P04083,1
7333,RefSeq,P43307,1
7334,RefSeq,Q9UHV9,1
7335,RefSeq,Q93074,1
7336,RefSeq,Q69YQ0,1
7337,RefSeq,Q01105,1
7338,RefSeq,O43148,1
7339,RefSeq,O75419,1
7340,RefSeq,Q08554,1
7341,RefSeq,Q9HCG8,1
7342,RefSeq,Q9Y5B6,1
7343,RefSeq,P56545,1
7344,RefSeq,P62136,1
7345,RefSeq,Q8IWX8,1
7346,RefSeq,Q5H9R7,1
7347,RefSeq,Q8NFC6,1
7348,RefSeq,Q9H7L9,1
7349,RefSeq,Q13613,1
7350,RefSeq,Q9HCK8,1
7351,RefSeq,P78346,1
7352,RefSeq,P51816,1
7353,RefSeq,P68871,1
7354,RefSeq,Q9NWB6,1
7355,RefSeq,Q96GM8,1
7356,RefSeq,Q99615,1
7357,RefSeq,Q9UPS6,1
7358,RefSeq,Q96ST2,1
7359,RefSeq,Q8WUA2,1
7360,RefSeq,Q9GZP4,1
7361,RefSeq,Q6UX04,1
7362,RefSeq,P38432,1
7363,RefSeq,Q69YH5,1
7364,RefSeq,Q08188,1
7365,RefSeq,P24928,1
7366,RefSeq,Q9H981,1
7367,RefSeq,Q9NX24,1
7368,RefSeq,Q9UI36,1
7369,RefSeq,Q9GZS3,1
7370,RefSeq,Q9UKN8,1
7371,RefSeq,Q13123,1
7372,RefSeq,Q9UHB6,1
7373,RefSeq,Q68DK7,1
7374,RefSeq,Q8NB46,1
7375,RefSeq,P17010,1
7376,RefSeq,Q9BW71,1
7377,RefSeq,Q9BY42,1
7378,RefSeq,Q9UBB6,1
7379,RefSeq,Q96GM5,1
7380,RefSeq,Q9ULG1,1
7381,RefSeq,P42695,1
7382,RefSeq,Q9UJV9,1
7383,RefSeq,O60547,1
7384,RefSeq,P17480,1
7385,RefSeq,Q13112,1
7386,RefSeq,P18583,1
7387,RefSeq,Q9Y3E1,1
7388,RefSeq,Q92541,1
7389,RefSeq,Q9Y6A4,1
7390,RefSeq,O14933,1
7391,RefSeq,Q8IYS1,1
7392,RefSeq,3P5O_A,1
7393,RefSeq,Q96T58,1
7394,RefSeq,Q96PV6,1
7395,RefSeq,Q9UHR5,1
7396,RefSeq,Q13427,1
7397,RefSeq,O95218,1
7398,RefSeq,Q9NS91,1
7399,RefSeq,P35659,1
7400,RefSeq,Q149N8,1
7401,RefSeq,Q9NZM4,1
7402,RefSeq,Q9Y2X0,1
7403,RefSeq,Q9ULC4,1
7404,RefSeq,Q9UNX4,1
7405,RefSeq,Q92925,1
7406,RefSeq,Q96HR8,1
7407,RefSeq,P55199,1
7408,RefSeq,Q9Y4W2,1
7409,RefSeq,Q96ST3,1
7410,RefSeq,Q6P1J9,1
7411,RefSeq,Q9NV88,1
7412,RefSeq,O94903,1
7413,RefSeq,Q96S94,1
7414,RefSeq,P60709,1
7415,RefSeq,O60942,1
7416,RefSeq,Q8IWC1,1
7417,RefSeq,Q14157,1
7418,RefSeq,O00422,1
7419,RefSeq,Q14240,1
7420,RefSeq,Q6PI98,1
7421,RefSeq,Q6P4R8,1
7422,RefSeq,Q7Z5K2,1
7423,RefSeq,Q96QC0,1
7424,RefSeq,O75955,1
7425,RefSeq,Q9P258,1
7426,RefSeq,P05109,1
7427,RefSeq,P62316,1
7428,RefSeq,Q8N7H5,1
7429,RefSeq,Q9H9F9,1
7430,RefSeq,Q53T94,1
7431,RefSeq,Q8WVC0,1
7432,RefSeq,A6NHR9,1
7433,RefSeq,Q9UER7,1
7434,RefSeq,P35269,1
7435,RefSeq,Q8NBQ5,1
7436,RefSeq,P52294,1
7437,RefSeq,3EE2_A,1
7438,RefSeq,P10584,1
7439,RefSeq,3CF8_B,1
7440,RefSeq,3CF8_A,1
7441,RefSeq,4DFU_A,1
7442,RefSeq,NP_003395,1
7443,RefSeq,Q1CTD3,1
7444,RefSeq,Q91WR5,1
7445,RefSeq,1XKK_A,1
7446,RefSeq,Q6IQ20,1
7447,RefSeq,Q96SQ9,1
7448,RefSeq,Q08477,1
7449,RefSeq,Q6VVX0,1
7450,RefSeq,Q8TAV3,1
7451,RefSeq,P33260,1
7452,RefSeq,P13584,1
7453,RefSeq,P24903,1
7454,RefSeq,P20853,1
7455,RefSeq,P98187,1
7456,RefSeq,Q7Z449,1
7457,RefSeq,Q5TCH4,1
7458,RefSeq,NP_060712,1
7459,RefSeq,Q8I1R6,1
7460,RefSeq,O02604,1
7461,RefSeq,Q8K0H1,1
7462,RefSeq,3DDQ_C,1
7463,RefSeq,2A4L_A,1
7464,RefSeq,Q02399,1
7465,RefSeq,Q61214,1
7466,RefSeq,1JGL_L,1
7467,RefSeq,2D06_A,1
7468,RefSeq,1QKU_A,1
7469,RefSeq,1QKT_A,1
7470,RefSeq,1JGL_H,1
7471,RefSeq,NP_055141,1
7472,RefSeq,2X6K_A,1
7473,RefSeq,Q5SC61,1
7474,RefSeq,O42781,1
7475,RefSeq,1PME_A,1
7476,RefSeq,3DCW_A,1
7477,RefSeq,Q50565,1
7478,RefSeq,3CAJ_A,1
7479,RefSeq,3DD0_A,1
7480,RefSeq,P16125,1
7481,RefSeq,Q27743,1
7482,RefSeq,Q9HXM5,1
7483,RefSeq,P11708,1
7484,RefSeq,P00346,1
7485,RefSeq,Q5E9B1,1
7486,RefSeq,Q0PJ46,1
7487,RefSeq,Q6VVP7,1
7488,RefSeq,NP_180261,1
7489,RefSeq,Q12974,1
7490,RefSeq,P21673,1
7491,RefSeq,Q93096,1
7492,RefSeq,P04271,1
7493,RefSeq,P08001,1
7494,RefSeq,P19801,1
7495,RefSeq,O89084,1
7496,RefSeq,Q3UEI1,1
7497,RefSeq,Q01063,1
7498,RefSeq,Q8VBU5,1
7499,RefSeq,P01130,1
7500,RefSeq,O15770,1
7501,RefSeq,AAA51534,1
7502,RefSeq,NP_002745,1
7503,RefSeq,1KV2_A,1
7504,RefSeq,NP_001229295,1
7505,RefSeq,1Z9H_A,1
7506,RefSeq,P07687,1
7507,RefSeq,O46521,1
7508,RefSeq,P03887,1
7509,RefSeq,P52505,1
7510,RefSeq,P25708,1
7511,RefSeq,P37340,1
7512,RefSeq,Q02789,1
7513,RefSeq,Q99246,1
7514,RefSeq,Q9JIS7,1
7515,RefSeq,O54898,1
7516,RefSeq,NP_722521,1
7517,RefSeq,1NHG_A,1
7518,RefSeq,1NHG_C,1
7519,RefSeq,P54616,1
7520,RefSeq,3P9T_A,1
7521,RefSeq,Q5NGQ3,1
7522,RefSeq,Q6UCJ9,1
7523,RefSeq,3CF9_A,1
7524,RefSeq,4DGM_A,1
7525,RefSeq,4DER_A,1
7526,RefSeq,3CF9_B,1
7527,RefSeq,1PWY_E,1
7528,RefSeq,3KGU_A,1
7529,RefSeq,1X7R_A,1
7530,RefSeq,3KGT_A,1
7531,RefSeq,I6Y9J2,1
7532,RefSeq,Q14376,1
7533,RefSeq,Q9BYJ9,1
7534,RefSeq,P14735,1
7535,RefSeq,O00391,1
7536,RefSeq,Q60631,1
7537,RefSeq,Q969F8,1
7538,RefSeq,NP_542154,1
7539,RefSeq,P0DMS9,1
7540,RefSeq,1QY5_A,1
7541,RefSeq,Q6Y1R5,1
7542,RefSeq,2YDV_A,1
7543,RefSeq,Q29092,1
7544,RefSeq,3OGQ_B,1
7545,RefSeq,2Q5K_A,1
7546,RefSeq,1MUI_B,1
7547,RefSeq,2QHC_A,1
7548,RefSeq,1MUI_A,1
7549,RefSeq,2RKF_A,1
7550,RefSeq,3OGQ_A,1
7551,RefSeq,2O4S_B,1
7552,RefSeq,2RKG_A,1
7553,RefSeq,2RKG_B,1
7554,RefSeq,2QHC_B,1
7555,RefSeq,2O4S_A,1
7556,RefSeq,2Q5K_B,1
7557,RefSeq,2RKF_B,1
7558,RefSeq,P27139,1
7559,RefSeq,3LXE_A,1
7560,RefSeq,3HKU_A,1
7561,RefSeq,NP_000766,1
7562,RefSeq,NP_001041665,1
7563,RefSeq,1Q41_A,1
7564,RefSeq,P00530,1
7565,RefSeq,Q9NR56,1
7566,RefSeq,2O63_A,1
7567,RefSeq,4GQR_A,1
7568,RefSeq,Q3MIX3,1
7569,RefSeq,Q8WMX0,1
7570,RefSeq,AAH02453,1
7571,RefSeq,3PRS_A,1
7572,RefSeq,NP_001177413,1
7573,RefSeq,1SH9_B,1
7574,RefSeq,1HXW_B,1
7575,RefSeq,1HXW_A,1
7576,RefSeq,1SH9_A,1
7577,RefSeq,P32304,1
7578,RefSeq,Q64680,1
7579,RefSeq,O70577,1
7580,RefSeq,P06820,1
7581,RefSeq,1PMV_A,1
7582,RefSeq,1H60_A,1
7583,RefSeq,NP_937770,1
7584,RefSeq,1DBB_L,1
7585,RefSeq,NP_821138,1
7586,RefSeq,4BB2_B,1
7587,RefSeq,NP_000917,1
7588,RefSeq,P06186,1
7589,RefSeq,1DBB_H,1
7590,RefSeq,4BB2_A,1
7591,RefSeq,NP_742093,1
7592,RefSeq,NP_006316,1
7593,RefSeq,P54219,1
7594,RefSeq,3FL9_A,1
7595,RefSeq,Q27552,1
7596,RefSeq,3N0H_A,1
7597,RefSeq,2W9H_A,1
7598,RefSeq,Q59487,1
7599,RefSeq,3S3V_A,1
7600,RefSeq,4AZT_A,1
7601,RefSeq,1YI3_A,1
7602,RefSeq,NP_036988,1
7603,RefSeq,3VH9_A,1
7604,RefSeq,P05888,1
7605,RefSeq,1T7J_B,1
7606,RefSeq,3SM2_B,1
7607,RefSeq,3NU9_B,1
7608,RefSeq,3NU5_A,1
7609,RefSeq,3NU3_A,1
7610,RefSeq,3EKP_B,1
7611,RefSeq,3S43_A,1
7612,RefSeq,3NU3_B,1
7613,RefSeq,3NUJ_A,1
7614,RefSeq,3S45_B,1
7615,RefSeq,3NU4_B,1
7616,RefSeq,3NU4_A,1
7617,RefSeq,3NUO_B,1
7618,RefSeq,3S43_B,1
7619,RefSeq,3SM2_A,1
7620,RefSeq,3NU6_B,1
7621,RefSeq,3EKV_B,1
7622,RefSeq,1HPV_B,1
7623,RefSeq,3NU9_A,1
7624,RefSeq,3S45_A,1
7625,RefSeq,1T7J_A,1
7626,RefSeq,3NUJ_B,1
7627,RefSeq,3NUO_A,1
7628,RefSeq,3EKP_A,1
7629,RefSeq,3EKV_A,1
7630,RefSeq,1HPV_A,1
7631,RefSeq,3NU6_A,1
7632,RefSeq,3NU5_B,1
7633,RefSeq,O70126,1
7634,RefSeq,Q86TP1,1
7635,RefSeq,4DGN_A,1
7636,RefSeq,4DEW_B,1
7637,RefSeq,4DEW_A,1
7638,RefSeq,Q9WUL0,1
7639,RefSeq,O15440,1
7640,RefSeq,1U65_A,1
7641,RefSeq,2H8H_A,1
7642,RefSeq,Q15596,1
7643,RefSeq,CAC43880,1
7644,RefSeq,Q9Y5U8,1
7645,RefSeq,P47809,1
7646,RefSeq,3OG7_A,1
7647,RefSeq,Q5FVF5,1
7648,RefSeq,2AQU_A,1
7649,RefSeq,2AQU_B,1
7650,RefSeq,Q64550,1
7651,RefSeq,3AI8_B,1
7652,RefSeq,1F0Q_A,1
7653,RefSeq,P28523,1
7654,RefSeq,3ED0_B,1
7655,RefSeq,3ED0_A,1
7656,RefSeq,NP_068811,1
7657,RefSeq,NP_001243500,1
7658,RefSeq,BAH02285,1
7659,RefSeq,BAH02287,1
7660,RefSeq,NP_005114,1
7661,RefSeq,Q62755,1
7662,RefSeq,Q60644,1
7663,RefSeq,P17405,1
7664,RefSeq,P00186,1
7665,RefSeq,AAB03573,1
7666,RefSeq,Q8IYD1,1
7667,RefSeq,Q01237,1
7668,RefSeq,1CQP_A,1
7669,RefSeq,NP_032281,1
7670,RefSeq,3C4C_A,1
7671,RefSeq,Q6P6U0,1
7672,RefSeq,P41279,1
7673,RefSeq,Q07014,1
7674,RefSeq,Q99598,1
7675,RefSeq,2ZJW_A,1
7676,RefSeq,P50997,1
7677,RefSeq,P00156,1
7678,RefSeq,1AVN_A,1
7679,RefSeq,1QFT_A,1
7680,RefSeq,NP_001139807,1
7681,RefSeq,Q9H2J7,1
7682,RefSeq,1I00_B,1
7683,RefSeq,2KCE_A,1
7684,RefSeq,2TSR_A,1
7685,RefSeq,P45352,1
7686,RefSeq,1I00_A,1
7687,RefSeq,NP_067263,1
7688,RefSeq,AAH04612,1
7689,RefSeq,Q8I2S7,1
7690,RefSeq,3OOB_A,1
7691,RefSeq,2KDH_A,1
7692,RefSeq,P03230,1
7693,RefSeq,P51993,1
7694,RefSeq,4AWM_A,1
7695,RefSeq,O95544,1
7696,RefSeq,NP_083257,1
7697,RefSeq,2FGI_A,1
7698,RefSeq,1QTI_A,1
7699,RefSeq,1DX6_A,1
7700,RefSeq,Q9Y6E7,1
7701,RefSeq,O75355,1
7702,RefSeq,A0A6L0XH39,1
7703,RefSeq,P0A6F5,1
7704,RefSeq,Q5VLE3,1
7705,RefSeq,P35625,1
7706,RefSeq,P47824,1
7707,RefSeq,Q16690,1
7708,RefSeq,NP_001135839,1
7709,RefSeq,Q02759,1
7710,RefSeq,Q8K4F2,1
7711,RefSeq,NP_057854,1
7712,RefSeq,NP_001069,1
7713,RefSeq,NP_032705,1
7714,RefSeq,1Q3W_B,1
7715,RefSeq,P00439,1
7716,RefSeq,Q39829,1
7717,RefSeq,NP_000095,1
7718,RefSeq,NP_000490,1
7719,RefSeq,4DES_A,1
7720,RefSeq,3EBO_A,1
7721,RefSeq,P00697,1
7722,RefSeq,Q9BY08,1
7723,RefSeq,4DET_A,1
7724,RefSeq,3ANR_A,1
7725,RefSeq,P02829,1
7726,RefSeq,2BRC_A,1
7727,RefSeq,1H8S_A,1
7728,RefSeq,AAH93020,1
7729,RefSeq,NP_502566,1
7730,RefSeq,NP_009641,1
7731,RefSeq,2ZV9_A,1
7732,RefSeq,1QPE_A,1
7733,RefSeq,Q99MK8,1
7734,RefSeq,O25776,1
7735,RefSeq,C4LW95,1
7736,RefSeq,Q9BX84,1
7737,RefSeq,Q09137,1
7738,RefSeq,Q6V7V4,1
7739,RefSeq,D4A7E4,1
7740,RefSeq,P15104,1
7741,RefSeq,4ASE_A,1
7742,RefSeq,P35969,1
7743,RefSeq,2C0O_A,1
7744,RefSeq,Q63881,1
7745,RefSeq,Q6PSM0,1
7746,RefSeq,NP_032458,1
7747,RefSeq,NP_113918,1
7748,RefSeq,NP_598294,1
7749,RefSeq,NP_075584,1
7750,RefSeq,NP_446258,1
7751,RefSeq,Q26513,1
7752,RefSeq,1GSF_A,1
7753,RefSeq,P08263,1
7754,RefSeq,2GSS_A,1
7755,RefSeq,NP_001074661,1
7756,RefSeq,NP_694857,1
7757,RefSeq,P04925,1
7758,RefSeq,P00845,1
7759,RefSeq,Q5TIX5,1
7760,RefSeq,Q96GW9,1
7761,RefSeq,Q03526,1
7762,RefSeq,Q9GJU1,1
7763,RefSeq,P54707,1
7764,RefSeq,P14779,1
7765,RefSeq,NP_660186,1
7766,RefSeq,Q923J1,1
7767,RefSeq,P63316,1
7768,RefSeq,1AJ6_A,1
7769,RefSeq,Q9H492,1
7770,RefSeq,P0AFI2,1
7771,RefSeq,P0C559,1
7772,RefSeq,P20083,1
7773,RefSeq,Q7X1P7,1
7774,RefSeq,P0A4L9,1
7775,RefSeq,P0AFZ5,1
7776,RefSeq,A0QNE0,1
7777,RefSeq,3F82_A,1
7778,RefSeq,P32523,1
7779,RefSeq,1XO2_B,1
7780,RefSeq,1Q8W_A,1
7781,RefSeq,2GNI_I,1
7782,RefSeq,2GNI_A,1
7783,RefSeq,Q63644,1
7784,RefSeq,2ESM_B,1
7785,RefSeq,Q8C078,1
7786,RefSeq,NP_001186193,1
7787,RefSeq,P27482,1
7788,RefSeq,NP_001171673,1
7789,RefSeq,Q8N6T3,1
7790,RefSeq,P84077,1
7791,RefSeq,1PR5_A,1
7792,RefSeq,2B7A_A,1
7793,RefSeq,ABM67533,1
7794,RefSeq,Q03330,1
7795,RefSeq,Q9N2B7,1
7796,RefSeq,K9N5Q8,1
7797,RefSeq,1P1N_A,1
7798,RefSeq,NP_061852,1
7799,RefSeq,NP_002232,1
7800,RefSeq,P07727,1
7801,RefSeq,P24524,1
7802,RefSeq,P22771,1
7803,RefSeq,P20781,1
7804,RefSeq,NP_001093243,1
7805,RefSeq,1PBQ_A,1
7806,RefSeq,P04409,1
7807,RefSeq,1ZRZ_A,1
7808,RefSeq,1UU8_A,1
7809,RefSeq,3FW4_A,1
7810,RefSeq,NP_000452,1
7811,RefSeq,1XZX_X,1
7812,RefSeq,Q71MB6,1
7813,RefSeq,Q96BD0,1
7814,RefSeq,O96935,1
7815,RefSeq,O09175,1
7816,RefSeq,P97449,1
7817,RefSeq,P97629,1
7818,RefSeq,Q8VCT3,1
7819,RefSeq,P28839,1
7820,RefSeq,1TXR_A,1
7821,RefSeq,P00727,1
7822,RefSeq,NP_033548,1
7823,RefSeq,Q15392,1
7824,RefSeq,O75845,1
7825,RefSeq,P11507,1
7826,RefSeq,2P7G_A,1
7827,RefSeq,2E2R_A,1
7828,RefSeq,3RCD_A,1
7829,RefSeq,3POZ_A,1
7830,RefSeq,T1VXA1,1
7831,RefSeq,Q9Y0I0,1
7832,RefSeq,2GL0_B,1
7833,RefSeq,3AXZ_A,1
7834,RefSeq,2YDO_A,1
7835,RefSeq,2GL0_A,1
7836,RefSeq,3AY0_A,1
7837,RefSeq,2FQY_A,1
7838,RefSeq,1ODI_A,1
7839,RefSeq,NP_060793,1
7840,RefSeq,1ODI_B,1
7841,RefSeq,NP_060895,1
7842,RefSeq,Q834R3,1
7843,RefSeq,NP_000339,1
7844,RefSeq,2XA4_A,1
7845,RefSeq,NP_055079,1
7846,RefSeq,NP_003976,1
7847,RefSeq,NP_001035350,1
7848,RefSeq,2ZAS_A,1
7849,RefSeq,2AOV_A,1
7850,RefSeq,Q86UD5,1
7851,RefSeq,2UXI_A,1
7852,RefSeq,P97288,1
7853,RefSeq,P49582,1
7854,RefSeq,3EML_A,1
7855,RefSeq,3PWH_A,1
7856,RefSeq,1MAW_A,1
7857,RefSeq,1MAU_A,1
7858,RefSeq,NP_035156,1
7859,RefSeq,1VJD_A,1
7860,RefSeq,1GZ3_A,1
7861,RefSeq,O35811,1
7862,RefSeq,1B38_A,1
7863,RefSeq,1XSC_A,1
7864,RefSeq,NP_002549,1
7865,RefSeq,1M83_A,1
7866,RefSeq,2CBZ_A,1
7867,RefSeq,NP_001230925,1
7868,RefSeq,NP_002556,1
7869,RefSeq,1VJC_A,1
7870,RefSeq,1Y8P_A,1
7871,RefSeq,2FGH_A,1
7872,RefSeq,1YID_B,1
7873,RefSeq,1R0X_A,1
7874,RefSeq,P51579,1
7875,RefSeq,1GZ4_A,1
7876,RefSeq,NP_036853,1
7877,RefSeq,1R10_A,1
7878,RefSeq,1B39_A,1
7879,RefSeq,P67775,1
7880,RefSeq,P10997,1
7881,RefSeq,P11064,1
7882,RefSeq,EAW86723,1
7883,RefSeq,Q5DUB1,1
7884,RefSeq,2Q1Q_A,1
7885,RefSeq,1E1X_A,1
7886,RefSeq,3UH4_A,1
7887,RefSeq,3KR8_A,1
7888,RefSeq,P9WPN4,1
7889,RefSeq,1D4Y_A,1
7890,RefSeq,2O4P_A,1
7891,RefSeq,Q80W54,1
7892,RefSeq,2O4L_B,1
7893,RefSeq,1D4Y_B,1
7894,RefSeq,2O4N_B,1
7895,RefSeq,2O4P_B,1
7896,RefSeq,2O4N_A,1
7897,RefSeq,2O4L_A,1
7898,RefSeq,P79291,1
7899,RefSeq,P49763,1
7900,RefSeq,Q9UBT6,1
7901,RefSeq,2B17_A,1
7902,RefSeq,NP_477352,1
7903,RefSeq,P59264,1
7904,RefSeq,Q7T3S7,1
7905,RefSeq,P10586,1
7906,RefSeq,P00599,1
7907,RefSeq,NP_463460,1
7908,RefSeq,1YVM_A,1
7909,RefSeq,Q7M328,1
7910,RefSeq,P53051,1
7911,RefSeq,B0KZK1,1
7912,RefSeq,P38158,1
7913,RefSeq,P00690,1
7914,RefSeq,P07265,1
7915,RefSeq,P53341,1
7916,RefSeq,3VHU_A,1
7917,RefSeq,Q8VNN2,1
7918,RefSeq,3QFV_A,1
7919,RefSeq,Q1W675,1
7920,RefSeq,NP_000370,1
7921,RefSeq,Q00519,1
7922,RefSeq,P22985,1
7923,RefSeq,NP_004818,1
7924,RefSeq,Q925U2,1
7925,RefSeq,NP_001106889,1
7926,RefSeq,P61813,1
7927,RefSeq,AAF56102,1
7928,RefSeq,O88275,1
7929,RefSeq,P44514,1
7930,RefSeq,1J37_A,1
7931,RefSeq,NP_034207,1
7932,RefSeq,3FYJ_X,1
7933,RefSeq,1FTL_B,1
7934,RefSeq,O08786,1
7935,RefSeq,4ERK_A,1
7936,RefSeq,1BM7_B,1
7937,RefSeq,Q9NYV8,1
7938,RefSeq,1BM7_A,1
7939,RefSeq,Q3Y6Q3,1
7940,RefSeq,Q6XEC0,1
7941,RefSeq,Q8GDC1,1
7942,RefSeq,Q6P7S1,1
7943,RefSeq,Q6NS38,1
7944,RefSeq,Q9GRG7,1
7945,RefSeq,P62509,1
7946,RefSeq,O18473,1
7947,RefSeq,O18531,1
7948,RefSeq,Q6IVK1,1
7949,RefSeq,P49880,1
7950,RefSeq,P49882,1
7951,RefSeq,Q8I1M8,1
7952,RefSeq,O45117,1
7953,RefSeq,Q6RVD3,1
7954,RefSeq,Q9GSG8,1
7955,RefSeq,Q962I5,1
7956,RefSeq,Q8MYA6,1
7957,RefSeq,O76202,1
7958,RefSeq,Q7SIF6,1
7959,RefSeq,Q08289,1
7960,RefSeq,3ORN_A,1
7961,RefSeq,3GEN_A,1
7962,RefSeq,3K5V_A,1
7963,RefSeq,1P5E_A,1
7964,RefSeq,Q8VEB1,1
7965,RefSeq,Q8WQX9,1
7966,RefSeq,1XMU_A,1
7967,RefSeq,3G4L_A,1
7968,RefSeq,1XOQ_A,1
7969,RefSeq,3E8N_A,1
7970,RefSeq,P22571,1
7971,RefSeq,P11541,1
7972,RefSeq,P16586,1
7973,RefSeq,1XOZ_A,1
7974,RefSeq,P23439,1
7975,RefSeq,P04972,1
7976,RefSeq,NP_001070826,1
7977,RefSeq,Q95142,1
7978,RefSeq,3S0B_A,1
7979,RefSeq,P48044,1
7980,RefSeq,P32307,1
7981,RefSeq,Q6WQJ1,1
7982,RefSeq,O95870,1
7983,RefSeq,Q8N2K0,1
7984,RefSeq,NP_000927,1
7985,RefSeq,Q7T664,1
7986,RefSeq,Q46991,1
7987,RefSeq,P94958,1
7988,RefSeq,Q2XPY6,1
7989,RefSeq,B8R6A5,1
7990,RefSeq,P00808,1
7991,RefSeq,Q670S6,1
7992,RefSeq,P05193,1
7993,RefSeq,Q6GWS8,1
7994,RefSeq,Q6JP75,1
7995,RefSeq,A0ZX81,1
7996,RefSeq,Q50H31,1
7997,RefSeq,A4KCT8,1
7998,RefSeq,AAD17299,1
7999,RefSeq,1E4H_A,1
8000,RefSeq,NP_113927,1
8001,RefSeq,E9Q401,1
8002,RefSeq,NP_201567,1
8003,RefSeq,P00189,1
8004,RefSeq,Q9P296,1
8005,RefSeq,P22185,1
8006,RefSeq,3HR1_A,1
8007,RefSeq,NP_001124162,1
8008,RefSeq,NP_001240286,1
8009,RefSeq,1LYB_B,1
8010,RefSeq,1LYB_A,1
8011,RefSeq,P46925,1
8012,RefSeq,P39898,1
8013,RefSeq,Q95WR6,1
8014,RefSeq,Q17SB2,1
8015,RefSeq,6APR_E,1
8016,RefSeq,P00791,1
8017,RefSeq,1SME_A,1
8018,RefSeq,P0CS83,1
8019,RefSeq,4ER2_E,1
8020,RefSeq,P07340,1
8021,RefSeq,Q64541,1
8022,RefSeq,O19067,1
8023,RefSeq,3KDM_H,1
8024,RefSeq,3KDM_L,1
8025,RefSeq,Q6GMR7,1
8026,RefSeq,P97717,1
8027,RefSeq,P97714,1
8028,RefSeq,P97718,1
8029,RefSeq,Q02248,1
8030,RefSeq,Q9D219,1
8031,RefSeq,NP_001008553,1
8032,RefSeq,NP_064430,1
8033,RefSeq,2AGV_A,1
8034,RefSeq,Q93084,1
8035,RefSeq,NP_032199,1
8036,RefSeq,Q9NWT6,1
8037,RefSeq,3QI4_A,1
8038,RefSeq,1ZKL_A,1
8039,RefSeq,2HD1_A,1
8040,RefSeq,3ECN_A,1
8041,RefSeq,3ITU_A,1
8042,RefSeq,3JWR_A,1
8043,RefSeq,2R8Q_A,1
8044,RefSeq,1ZKN_A,1
8045,RefSeq,CAC43884,1
8046,RefSeq,D3Z7P3,1
8047,RefSeq,NP_055720,1
8048,RefSeq,Q5S006,1
8049,RefSeq,1UA4_A,1
8050,RefSeq,1PYG_A,1
8051,RefSeq,8GPB_A,1
8052,RefSeq,1PYG_B,1
8053,RefSeq,2GSU_A,1
8054,RefSeq,7GPB_A,1
8055,RefSeq,1Z6S_A,1
8056,RefSeq,7GPB_B,1
8057,RefSeq,1X70_A,1
8058,RefSeq,P61019,1
8059,RefSeq,ADZ75461,1
8060,RefSeq,AAC33179,1
8061,RefSeq,3FQK_A,1
8062,RefSeq,3FQL_A,1
8063,RefSeq,B1JQH1,1
8064,RefSeq,NP_001026971,1
8065,RefSeq,NP_000758,1
8066,RefSeq,C8YUV9,1
8067,RefSeq,3ZXZ_A,1
8068,RefSeq,Q75ZY9,1
8069,RefSeq,1MKD_A,1
8070,RefSeq,1XOR_A,1
8071,RefSeq,2GNJ_A,1
8072,RefSeq,2GNF_A,1
8073,RefSeq,1Q8T_A,1
8074,RefSeq,2ETR_A,1
8075,RefSeq,NP_001034811,1
8076,RefSeq,Q01986,1
8077,RefSeq,P36506,1
8078,RefSeq,P29033,1
8079,RefSeq,Q01558,1
8080,RefSeq,AAC24716,1
8081,RefSeq,Q9CPU0,1
8082,RefSeq,NP_005516,1
8083,RefSeq,P50233,1
8084,RefSeq,1FM9_D,1
8085,RefSeq,2CBR_A,1
8086,RefSeq,Q9NYB5,1
8087,RefSeq,1HK4_A,1
8088,RefSeq,1Y0X_X,1
8089,RefSeq,1HK5_A,1
8090,RefSeq,2CEO_A,1
8091,RefSeq,Q8K1P8,1
8092,RefSeq,1HK2_A,1
8093,RefSeq,1HK1_A,1
8094,RefSeq,1HK3_A,1
8095,RefSeq,P18417,1
8096,RefSeq,NP_035753,1
8097,RefSeq,3S3O_A,1
8098,RefSeq,3S3N_A,1
8099,RefSeq,P89582,1
8100,RefSeq,3S3M_A,1
8101,RefSeq,2V95_A,1
8102,RefSeq,NP_008845,1
8103,RefSeq,CAI10960,1
8104,RefSeq,NP_002414,1
8105,RefSeq,NP_002415,1
8106,RefSeq,P47863,1
8107,RefSeq,NP_006200,1
8108,RefSeq,Q9R1E6,1
8109,RefSeq,Q64610,1
8110,RefSeq,1POT_A,1
8111,RefSeq,Q16526,1
8112,RefSeq,Q49AN0,1
8113,RefSeq,O15055,1
8114,RefSeq,P13051,1
8115,RefSeq,P03437,1
8116,RefSeq,2F01_B,1
8117,RefSeq,1SWN_A,1
8118,RefSeq,1SWP_A,1
8119,RefSeq,P22629,1
8120,RefSeq,1NDJ_A,1
8121,RefSeq,2AVI_A,1
8122,RefSeq,1SWR_D,1
8123,RefSeq,1N43_D,1
8124,RefSeq,1N43_A,1
8125,RefSeq,2GH7_B,1
8126,RefSeq,1SWK_A,1
8127,RefSeq,1STP_A,1
8128,RefSeq,1DF8_A,1
8129,RefSeq,1DF8_B,1
8130,RefSeq,1N9M_D,1
8131,RefSeq,1SWP_D,1
8132,RefSeq,1N9M_A,1
8133,RefSeq,2GH7_A,1
8134,RefSeq,1SWG_A,1
8135,RefSeq,2F01_A,1
8136,RefSeq,1SWR_A,1
8137,RefSeq,1SWG_D,1
8138,RefSeq,1NDJ_D,1
8139,RefSeq,1SWK_D,1
8140,RefSeq,1SWN_D,1
8141,RefSeq,1AVD_A,1
8142,RefSeq,O54939,1
8143,RefSeq,1X8J_A,1
8144,RefSeq,NP_001229803,1
8145,RefSeq,Q63207,1
8146,RefSeq,2P16_A,1
8147,RefSeq,1V0P_A,1
8148,RefSeq,Q61224,1
8149,RefSeq,P51448,1
8150,RefSeq,NP_077068,1
8151,RefSeq,P24964,1
8152,RefSeq,Q7X575,1
8153,RefSeq,NP_001104503,1
8154,RefSeq,P54493,1
8155,RefSeq,P00774,1
8156,RefSeq,Q92995,1
8157,RefSeq,3EKA_A,1
8158,RefSeq,P07374,1
8159,RefSeq,Q9UHI7,1
8160,RefSeq,O88855,1
8161,RefSeq,NP_000295,1
8162,RefSeq,NP_001240838,1
8163,RefSeq,Q16549,1
8164,RefSeq,P05982,1
8165,RefSeq,NP_060954,1
8166,RefSeq,D5JGF6,1
8167,RefSeq,NP_001171665,1
8168,RefSeq,3TTI_A,1
8169,RefSeq,AAH36518,1
8170,RefSeq,2AOU_A,1
8171,RefSeq,NP_003040,1
8172,RefSeq,1F2P_A,1
8173,RefSeq,1USI_C,1
8174,RefSeq,NP_001230062,1
8175,RefSeq,NP_037521,1
8176,RefSeq,Q6T3U3,1
8177,RefSeq,NP_060903,1
8178,RefSeq,NP_055876,1
8179,RefSeq,Q3URK3,1
8180,RefSeq,P03430,1
8181,RefSeq,O00481,1
8182,RefSeq,Q8WS26,1
8183,RefSeq,Q197X6,1
8184,RefSeq,P30904,1
8185,RefSeq,NP_005117,1
8186,RefSeq,NP_955366,1
8187,RefSeq,NP_055064,1
8188,RefSeq,NP_001120834,1
8189,RefSeq,NP_001035365,1
8190,RefSeq,NP_001070941,1
8191,RefSeq,NP_002126,1
8192,RefSeq,NP_803184,1
8193,RefSeq,NP_003289,1
8194,RefSeq,4A9R_A,1
8195,RefSeq,G1SGC5,1
8196,RefSeq,1ZOE_A,1
8197,RefSeq,3M6Q_A,1
8198,RefSeq,3M6P_A,1
8199,RefSeq,Q9FV53,1
8200,RefSeq,3M6R_A,1
8201,RefSeq,P68825,1
8202,RefSeq,Q9HBH1,1
8203,RefSeq,Q9JN24,1
8204,RefSeq,3PN4_A,1
8205,RefSeq,P00800,1
8206,RefSeq,P19621,1
8207,RefSeq,P08413,1
8208,RefSeq,A9QW74,1
8209,RefSeq,Q64F92,1
8210,RefSeq,P48763,1
8211,RefSeq,Q9W6Q1,1
8212,RefSeq,Q14940,1
8213,RefSeq,2UXU_A,1
8214,RefSeq,4DEU_A,1
8215,RefSeq,4EH3_A,1
8216,RefSeq,4DEU_B,1
8217,RefSeq,EAW89041,1
8218,RefSeq,NP_001027450,1
8219,RefSeq,P06402,1
8220,RefSeq,NP_002748,1
8221,RefSeq,NP_001099050,1
8222,RefSeq,NP_036799,1
8223,RefSeq,P79218,1
8224,RefSeq,1BUG_A,1
8225,RefSeq,O94760,1
8226,RefSeq,NP_001020276,1
8227,RefSeq,P40231,1
8228,RefSeq,P40235,1
8229,RefSeq,Q8TDX5,1
8230,RefSeq,NP_060042,1
8231,RefSeq,NP_001155879,1
8232,RefSeq,Q9BQB6,1
8233,RefSeq,3HLL_A,1
8234,RefSeq,P49743,1
8235,RefSeq,Q5BJR8,1
8236,RefSeq,P46089,1
8237,RefSeq,NP_005272,1
8238,RefSeq,1PB8_A,1
8239,RefSeq,P31651,1
8240,RefSeq,NP_002159,1
8241,RefSeq,3NSQ_B,1
8242,RefSeq,Q8TCT8,1
8243,RefSeq,P41921,1
8244,RefSeq,NP_059138,1
8245,RefSeq,2Q8G_A,1
8246,RefSeq,2V57_A,1
8247,RefSeq,1QVT_A,1
8248,RefSeq,1QVT_B,1
8249,RefSeq,1QVU_A,1
8250,RefSeq,1QVU_B,1
8251,RefSeq,1BCU_H,1
8252,RefSeq,NP_663623,1
8253,RefSeq,1LAG_E,1
8254,RefSeq,NP_057666,1
8255,RefSeq,1HSL_A,1
8256,RefSeq,P0AEU0,1
8257,RefSeq,1TD7_A,1
8258,RefSeq,3E85_A,1
8259,RefSeq,P52270,1
8260,RefSeq,P13601,1
8261,RefSeq,P04021,1
8262,RefSeq,NP_002825,1
8263,RefSeq,NP_032460,1
8264,RefSeq,O88944,1
8265,RefSeq,P20961,1
8266,RefSeq,NP_001982,1
8267,RefSeq,P00395,1
8268,RefSeq,P03962,1
8269,RefSeq,NP_115814,1
8270,RefSeq,Q9BVI0,1
8271,RefSeq,Q12888,1
8272,RefSeq,AAR95677,1
8273,RefSeq,2PAX_A,1
8274,RefSeq,Q77Y21,1
8275,RefSeq,NP_037060,1
8276,RefSeq,Q76KC6,1
8277,RefSeq,NP_445947,1
8278,RefSeq,NP_001073347,1
8279,RefSeq,NP_036421,1
8280,RefSeq,P58154,1
8281,RefSeq,NP_695010,1
8282,RefSeq,Q9ET01,1
8283,RefSeq,O89017,1
8284,RefSeq,NP_001073594,1
8285,RefSeq,P00789,1
8286,RefSeq,Q3HTL5,1
8287,RefSeq,Q05816,1
8288,RefSeq,1OW4_B,1
8289,RefSeq,2ANS_A,1
8290,RefSeq,NP_004659,1
8291,RefSeq,NP_001164474,1
8292,RefSeq,2XDE_A,1
8293,RefSeq,Q64346,1
8294,RefSeq,NP_001035233,1
8295,RefSeq,3DKG_A,1
8296,RefSeq,3DKF_A,1
8297,RefSeq,1E5A_A,1
8298,RefSeq,P27169,1
8299,RefSeq,NP_001001445,1
8300,RefSeq,NP_001129430,1
8301,RefSeq,NP_001170782,1
8302,RefSeq,NP_001238774,1
8303,RefSeq,NP_001161049,1
8304,RefSeq,4TS1_A,1
8305,RefSeq,2CSM_A,1
8306,RefSeq,NP_064733,1
8307,RefSeq,P01137,1
8308,RefSeq,NP_000362,1
8309,RefSeq,3R5N_A,1
8310,RefSeq,A6QR73,1
8311,RefSeq,NP_036476,1
8312,RefSeq,NP_032773,1
8313,RefSeq,Q63384,1
8314,RefSeq,NP_001102437,1
8315,RefSeq,P20789,1
8316,RefSeq,O95665,1
8317,RefSeq,Q6DLW5,1
8318,RefSeq,NP_000528,1
8319,RefSeq,Q7M3D2,1
8320,RefSeq,P06281,1
8321,RefSeq,P47872,1
8322,RefSeq,F6ZDS4,1
8323,RefSeq,P15393,1
8324,RefSeq,P15150,1
8325,RefSeq,NP_783173,1
8326,RefSeq,NP_001008499,1
8327,RefSeq,NP_446157,1
8328,RefSeq,Q13480,1
8329,RefSeq,Q99PG0,1
8330,RefSeq,Q9QZH8,1
8331,RefSeq,Q9Z0J4,1
8332,RefSeq,3BTC_A,1
8333,RefSeq,3BTL_A,1
8334,RefSeq,3BTC_B,1
8335,RefSeq,3BTL_B,1
8336,RefSeq,3PCN_A,1
8337,RefSeq,1AI4_B,1
8338,RefSeq,3PCN_M,1
8339,RefSeq,1AI4_A,1
8340,RefSeq,Q9JL06,1
8341,RefSeq,Q99677,1
8342,RefSeq,1PB9_A,1
8343,RefSeq,1QAW_A,1
8344,RefSeq,1QAW_K,1
8345,RefSeq,2A4M_C,1
8346,RefSeq,NP_001558,1
8347,RefSeq,Q96J92,1
8348,RefSeq,W5VNF7,1
8349,RefSeq,H9EUW9,1
8350,RefSeq,O08530,1
8351,RefSeq,1O4L_A,1
8352,RefSeq,P15474,1
8353,RefSeq,1RQ2_A,1
8354,RefSeq,2FW6_A,1
8355,RefSeq,Q48255,1
8356,RefSeq,2FW6_B,1
8357,RefSeq,2BO4_A,1
8358,RefSeq,2C4V_A,1
8359,RefSeq,2FWP_A,1
8360,RefSeq,2FWP_B,1
8361,RefSeq,NP_001170977,1
8362,RefSeq,2A3A_A,1
8363,RefSeq,4EOH_A,1
8364,RefSeq,P56560,1
8365,RefSeq,NP_005493,1
8366,RefSeq,NP_073158,1
8367,RefSeq,Q00910,1
8368,RefSeq,NP_000721,1
8369,RefSeq,3QC4_A,1
8370,RefSeq,3CE3_A,1
8371,RefSeq,NP_009191,1
8372,RefSeq,Q62976,1
8373,RefSeq,3GWT_A,1
8374,RefSeq,NP_444255,1
8375,RefSeq,NP_001075029,1
8376,RefSeq,P06479,1
8377,RefSeq,1W2G_A,1
8378,RefSeq,Q9QNF7,1
8379,RefSeq,Q0H0G9,1
8380,RefSeq,Q00195,1
8381,RefSeq,Q64359,1
8382,RefSeq,Q9EQZ6,1
8383,RefSeq,O35788,1
8384,RefSeq,P10644,1
8385,RefSeq,1E1V_A,1
8386,RefSeq,NP_002737,1
8387,RefSeq,1H1P_A,1
8388,RefSeq,1FKW_A,1
8389,RefSeq,Q8X6S1,1
8390,RefSeq,Q4A0P1,1
8391,RefSeq,NP_976080,1
8392,RefSeq,Q59401,1
8393,RefSeq,AAH14460,1
8394,RefSeq,NP_001020018,1
8395,RefSeq,Q8NFI3,1
8396,RefSeq,NP_036626,1
8397,RefSeq,NP_005887,1
8398,RefSeq,1DZM_A,1
8399,RefSeq,2ZDX_A,1
8400,RefSeq,Q9HAW8,1
8401,RefSeq,3BGP_A,1
8402,RefSeq,BAL46512,1
8403,RefSeq,O35049,1
8404,RefSeq,Q69ZF3,1
8405,RefSeq,NP_003349,1
8406,RefSeq,P04326,1
8407,RefSeq,1YKP_B,1
8408,RefSeq,1YKP_A,1
8409,RefSeq,1GYX_B,1
8410,RefSeq,1KQB_B,1
8411,RefSeq,1GYX_A,1
8412,RefSeq,1KQB_A,1
8413,RefSeq,Q924C3,1
8414,RefSeq,P06746,1
8415,RefSeq,Q05823,1
8416,RefSeq,Q02974,1
8417,RefSeq,Q3UP87,1
8418,RefSeq,P24158,1
8419,RefSeq,3AO1_B,1
8420,RefSeq,3AO1_A,1
8421,RefSeq,AAA64751,1
8422,RefSeq,NP_002181,1
8423,RefSeq,NP_001684,1
8424,RefSeq,NP_055008,1
8425,RefSeq,AAD17521,1
8426,RefSeq,EAW53821,1
8427,RefSeq,AAB51763,1
8428,RefSeq,2PQJ_A,1
8429,RefSeq,3KPV_A,1
8430,RefSeq,2P8N_A,1
8431,RefSeq,1WEI_A,1
8432,RefSeq,1JYS_A,1
8433,RefSeq,1NLI_A,1
8434,RefSeq,NP_598307,1
8435,RefSeq,EAX07672,1
8436,RefSeq,1I7I_A,1
8437,RefSeq,1I7G_A,1
8438,RefSeq,P09470,1
8439,RefSeq,Q5EGZ1,1
8440,RefSeq,2ARM_A,1
8441,RefSeq,3CD8_A,1
8442,RefSeq,3PCC_M,1
8443,RefSeq,3PCC_A,1
8444,RefSeq,3PCH_M,1
8445,RefSeq,3PCH_A,1
8446,RefSeq,CAI19360,1
8447,RefSeq,Q9AH50,1
8448,RefSeq,O69002,1
8449,RefSeq,3RXF_A,1
8450,RefSeq,NP_001165888,1
8451,RefSeq,NP_062671,1
8452,RefSeq,NP_004970,1
8453,RefSeq,NP_631962,1
8454,RefSeq,NP_446449,1
8455,RefSeq,NP_032449,1
8456,RefSeq,NP_001178794,1
8457,RefSeq,Q76270,1
8458,RefSeq,P35961,1
8459,RefSeq,1HMT_A,1
8460,RefSeq,1HMR_A,1
8461,RefSeq,1U1W_A,1
8462,RefSeq,Q6PRG8,1
8463,RefSeq,Q8RL90,1
8464,RefSeq,O77773,1
8465,RefSeq,NP_874369,1
8466,RefSeq,NP_115564,1
8467,RefSeq,Q01717,1
8468,RefSeq,A6IZR3,1
8469,RefSeq,Q9ERT1,1
8470,RefSeq,P21761,1
8471,RefSeq,NP_852029,1
8472,RefSeq,NP_037179,1
8473,RefSeq,1E06_A,1
8474,RefSeq,Q31945,1
8475,RefSeq,1Y20_A,1
8476,RefSeq,P0A873,1
8477,RefSeq,Q5YLN7,1
8478,RefSeq,CAX44328,1
8479,RefSeq,Q86GS5,1
8480,RefSeq,NP_000013,1
8481,RefSeq,Q5W0Z9,1
8482,RefSeq,Q9UIJ5,1
8483,RefSeq,Q62600,1
8484,RefSeq,NP_001135741,1
8485,RefSeq,NP_037310,1
8486,RefSeq,NP_579823,1
8487,RefSeq,NP_001171825,1
8488,RefSeq,NP_085150,1
8489,RefSeq,Q92782,1
8490,RefSeq,Q63495,1
8491,RefSeq,H9BT73,1
8492,RefSeq,NP_071356,1
8493,RefSeq,1SRE_A,1
8494,RefSeq,1SRE_B,1
8495,RefSeq,NP_010497,1
8496,RefSeq,NP_002530,1
8497,RefSeq,1YHM_A,1
8498,RefSeq,1YC5_A,1
8499,RefSeq,NP_011442,1
8500,RefSeq,NP_076404,1
8501,RefSeq,Q9BZX2,1
8502,RefSeq,1MQI_A,1
8503,RefSeq,Q9P8Q7,1
8504,RefSeq,O24164,1
8505,RefSeq,Q95PM0,1
8506,RefSeq,Q9NAW4,1
8507,RefSeq,NP_476558,1
8508,RefSeq,Q01062,1
8509,RefSeq,3SRB_A,1
8510,RefSeq,3SRB_B,1
8511,RefSeq,3HL7_A,1
8512,RefSeq,3QTI_A,1
8513,RefSeq,3B68_A,1
8514,RefSeq,P22939,1
8515,RefSeq,O95749,1
8516,RefSeq,NP_001032354,1
8517,RefSeq,NP_005169,1
8518,RefSeq,1VJY_A,1
8519,RefSeq,A0A045ISB3,1
8520,RefSeq,P9WIA1,1
8521,RefSeq,Q7TNH1,1
8522,RefSeq,3S0E_A,1
8523,RefSeq,3M3R_A,1
8524,RefSeq,3M3R_C,1
8525,RefSeq,2Y4S_A,1
8526,RefSeq,3M3R_E,1
8527,RefSeq,3M3R_D,1
8528,RefSeq,3M3R_G,1
8529,RefSeq,1DMB_A,1
8530,RefSeq,3CK8_A,1
8531,RefSeq,3M3R_F,1
8532,RefSeq,2ZYN_A,1
8533,RefSeq,3M3R_B,1
8534,RefSeq,2AY7_B,1
8535,RefSeq,2AY7_A,1
8536,RefSeq,NP_064511,1
8537,RefSeq,NP_062111,1
8538,RefSeq,Q869C3,1
8539,RefSeq,1LAF_E,1
8540,RefSeq,C3TDZ2,1
8541,RefSeq,P35270,1
8542,RefSeq,1Y7V_A,1
8543,RefSeq,Q9ERB5,1
8544,RefSeq,O15525,1
8545,RefSeq,2A3C_A,1
8546,RefSeq,3MY1_A,1
8547,RefSeq,3MY5_A,1
8548,RefSeq,3H30_A,1
8549,RefSeq,Q5XX84,1
8550,RefSeq,1CZC_A,1
8551,RefSeq,NP_612514,1
8552,RefSeq,1VFN_A,1
8553,RefSeq,3NRZ_C,1
8554,RefSeq,P32211,1
8555,RefSeq,Q920H4,1
8556,RefSeq,Q9R1C8,1
8557,RefSeq,NP_543008,1
8558,RefSeq,1USK_B,1
8559,RefSeq,1LAN_A,1
8560,RefSeq,1F2O_A,1
8561,RefSeq,Q8TCG2,1
8562,RefSeq,NP_599023,1
8563,RefSeq,1CEB_A,1
8564,RefSeq,1LRH_C,1
8565,RefSeq,Q6R6I7,1
8566,RefSeq,Q6R6I6,1
8567,RefSeq,4PAX_A,1
8568,RefSeq,2UY5_A,1
8569,RefSeq,P29029,1
8570,RefSeq,3KIV_A,1
8571,RefSeq,1CEA_A,1
8572,RefSeq,Q1A7N1,1
8573,RefSeq,2CBU_A,1
8574,RefSeq,NP_056238,1
8575,RefSeq,NP_001995,1
8576,RefSeq,CAO78035,1
8577,RefSeq,Q8WWT9,1
8578,RefSeq,1CZE_A,1
8579,RefSeq,1FLR_L,1
8580,RefSeq,1N0S_A,1
8581,RefSeq,1FLR_H,1
8582,RefSeq,3MVL_A,1
8583,RefSeq,A0A0R4IM31,1
8584,RefSeq,3PCG_M,1
8585,RefSeq,3PCG_A,1
8586,RefSeq,1AI6_A,1
8587,RefSeq,1AI6_B,1
8588,RefSeq,1H62_A,1
8589,RefSeq,Q6ZVD8,1
8590,RefSeq,3N7H_A,1
8591,RefSeq,3N7H_B,1
8592,RefSeq,3F37_A,1
8593,RefSeq,3F38_A,1
8594,RefSeq,Q08I33,1
8595,RefSeq,B3Y652,1
8596,RefSeq,A5H2Z9,1
8597,RefSeq,3NUY_A,1
8598,RefSeq,NP_002237,1
8599,RefSeq,NP_001269463,1
8600,RefSeq,NP_071337,1
8601,RefSeq,NP_071338,1
8602,RefSeq,NP_612191,1
8603,RefSeq,P9WQA3,1
8604,RefSeq,2ADA_A,1
8605,RefSeq,2FQW_A,1
8606,RefSeq,1A4M_A,1
8607,RefSeq,3MHW_U,1
8608,RefSeq,P09242,1
8609,RefSeq,P08004,1
8610,RefSeq,P23316,1
8611,RefSeq,Q5FVP8,1
8612,RefSeq,2V6N_A,1
8613,RefSeq,Q9IWW8,1
8614,RefSeq,NP_005295,1
8615,RefSeq,1A99_A,1
8616,RefSeq,1I7C_A,1
8617,RefSeq,1I7M_A,1
8618,RefSeq,1I7M_B,1
8619,RefSeq,1I7C_B,1
8620,RefSeq,NP_612567,1
8621,RefSeq,P48147,1
8622,RefSeq,Q8BZ21,1
8623,RefSeq,AAN86705,1
8624,RefSeq,P07740,1
8625,RefSeq,P0C5S4,1
8626,RefSeq,P0C5S5,1
8627,RefSeq,P22888,1
8628,RefSeq,1YXD_B,1
8629,RefSeq,1OZV_A,1
8630,RefSeq,1YXD_A,1
8631,RefSeq,NP_003941,1
8632,RefSeq,1AF2_A,1
8633,RefSeq,NP_476465,1
8634,RefSeq,Q63371,1
8635,RefSeq,Q63634,1
8636,RefSeq,O93344,1
8637,RefSeq,4CTS_B,1
8638,RefSeq,4CTS_A,1
8639,RefSeq,Q9NRD8,1
8640,RefSeq,Q9NRD9,1
8641,RefSeq,P00336,1
8642,RefSeq,1EW8_A,1
8643,RefSeq,NP_001077280,1
8644,RefSeq,P56068,1
8645,RefSeq,NP_000628,1
8646,RefSeq,2GGD_A,1
8647,RefSeq,P0A6D3,1
8648,RefSeq,2GGA_A,1
8649,RefSeq,3PB8_X,1
8650,RefSeq,2AFW_A,1
8651,RefSeq,3PCB_A,1
8652,RefSeq,3PCB_M,1
8653,RefSeq,1GCZ_A,1
8654,RefSeq,1GCZ_C,1
8655,RefSeq,1XT8_A,1
8656,RefSeq,1SSQ_A,1
8657,RefSeq,Q02962,1
8658,RefSeq,2DUA_A,1
8659,RefSeq,1T5A_A,1
8660,RefSeq,2HWG_A,1
8661,RefSeq,1O4N_A,1
8662,RefSeq,1ILH_A,1
8663,RefSeq,1TUF_A,1
8664,RefSeq,1TUF_B,1
8665,RefSeq,C0L093,1
8666,RefSeq,P17597,1
8667,RefSeq,NP_031927,1
8668,RefSeq,1L6S_A,1
8669,RefSeq,1I8J_A,1
8670,RefSeq,1L6Y_A,1
8671,RefSeq,P60932,1
8672,RefSeq,P58307,1
8673,RefSeq,Q9Y508,1
8674,RefSeq,1RSI_A,1
8675,RefSeq,P32754,1
8676,RefSeq,Q02110,1
8677,RefSeq,1O4M_A,1
8678,RefSeq,2FAH_A,1
8679,RefSeq,1WE2_A,1
8680,RefSeq,2AA9_A,1
8681,RefSeq,2AAY_A,1
8682,RefSeq,NP_602307,1
8683,RefSeq,Q9NQ90,1
8684,RefSeq,NP_005142,1
8685,RefSeq,1PG2_A,1
8686,RefSeq,1WKM_A,1
8687,RefSeq,P18298,1
8688,RefSeq,1QQ9_A,1
8689,RefSeq,P00780,1
8690,RefSeq,NP_001037,1
8691,RefSeq,NP_001128243,1
8692,RefSeq,P04177,1
8693,RefSeq,Q6PHW0,1
8694,RefSeq,P07101,1
8695,RefSeq,F4KU78,1
8696,RefSeq,Q81VW8,1
8697,RefSeq,P27867,1
8698,RefSeq,O24163,1
8699,RefSeq,NP_001186571,1
8700,RefSeq,NP_066193,1
8701,RefSeq,2RA6_A,1
8702,RefSeq,NP_001127,1
8703,RefSeq,Q9BWD1,1
8704,RefSeq,1HQG_A,1
8705,RefSeq,3JDW_A,1
8706,RefSeq,1LAH_E,1
8707,RefSeq,Q63704,1
8708,RefSeq,Q93ZN9,1
8709,RefSeq,1MQJ_A,1
8710,RefSeq,Q99884,1
8711,RefSeq,Q15822,1
8712,RefSeq,1BQ3_D,1
8713,RefSeq,1ZSH_A,1
8714,RefSeq,3KQO_A,1
8715,RefSeq,O75417,1
8716,RefSeq,Q01177,1
8717,RefSeq,Q9Z429,1
8718,RefSeq,1HN2_A,1
8719,RefSeq,1GT1_A,1
8720,RefSeq,2EXM_A,1
8721,RefSeq,Q9Y6T7,1
8722,RefSeq,O54912,1
8723,RefSeq,Q41768,1
8724,RefSeq,Q41769,1
8725,RefSeq,1Y1Z_A,1
8726,RefSeq,2RFY_A,1
8727,RefSeq,1Z3T_A,1
8728,RefSeq,1QI0_A,1
8729,RefSeq,2A8G_B,1
8730,RefSeq,Q0H0G8,1
8731,RefSeq,2A8G_A,1
8732,RefSeq,ABY48971,1
8733,RefSeq,O60779,1
8734,RefSeq,3G0I_A,1
8735,RefSeq,1NU3_A,1
8736,RefSeq,1AF6_B,1
8737,RefSeq,1AF6_A,1
8738,RefSeq,2YB0_A,1
8739,RefSeq,2YB0_B,1
8740,RefSeq,P15088,1
8741,RefSeq,Q6J4K2,1
8742,RefSeq,1F57_A,1
8743,RefSeq,NP_001127838,1
8744,RefSeq,NP_000808,1
8745,RefSeq,P29965,1
8746,RefSeq,P25942,1
8747,RefSeq,1RPA_A,1
8748,RefSeq,3F35_A,1
8749,RefSeq,3F34_A,1
8750,RefSeq,3KPU_A,1
8751,RefSeq,Q8BGY9,1
8752,RefSeq,NP_001001506,1
8753,RefSeq,NP_944605,1
8754,RefSeq,NP_987075,1
8755,RefSeq,O97972,1
8756,RefSeq,NP_000268,1
8757,RefSeq,Q16572,1
8758,RefSeq,P0A7B5,1
8759,RefSeq,3PAX_A,1
8760,RefSeq,Q9VWX8,1
8761,RefSeq,P62166,1
8762,RefSeq,4YAS_A,1
8763,RefSeq,1W1P_A,1
8764,RefSeq,2B1Q_A,1
8765,RefSeq,Q16719,1
8766,RefSeq,P9WNS3,1
8767,RefSeq,Q9RUB5,1
8768,RefSeq,P00488,1
8769,RefSeq,NP_109626,1
8770,RefSeq,2A5B_A,1
8771,RefSeq,B4EH87,1
8772,RefSeq,1W1Y_A,1
8773,RefSeq,NP_005902,1
8774,RefSeq,Q08722,1
8775,RefSeq,M3VH47,1
8776,RefSeq,Q8TD43,1
8777,RefSeq,1QY1_A,1
8778,RefSeq,2NND_A,1
8779,RefSeq,1DZK_A,1
8780,RefSeq,P70618,1
8781,RefSeq,3NEG_A,1
8782,RefSeq,3NEF_A,1
8783,RefSeq,1BKY_A,1
8784,RefSeq,2CC7_A,1
8785,RefSeq,2VMD_A,1
8786,RefSeq,1ADO_A,1
8787,RefSeq,G3V906,1
8788,RefSeq,P02794,1
8789,RefSeq,3FTU_A,1
8790,RefSeq,1Y1M_A,1
8791,RefSeq,1TOG_A,1
8792,RefSeq,1TOG_B,1
8793,RefSeq,1TOJ_A,1
8794,RefSeq,1AHX_B,1
8795,RefSeq,1AHX_A,1
8796,RefSeq,1TOI_A,1
8797,RefSeq,4EH5_A,1
8798,RefSeq,1ODJ_A,1
8799,RefSeq,1ODJ_B,1
8800,RefSeq,2FQX_A,1
8801,RefSeq,1L6M_A,1
8802,RefSeq,1UI0_A,1
8803,RefSeq,1WDN_A,1
8804,RefSeq,1H4N_A,1
8805,RefSeq,1D5R_A,1
8806,RefSeq,Q16853,1
8807,RefSeq,1MCZ_A,1
8808,RefSeq,1MCZ_B,1
8809,RefSeq,1K03_A,1
8810,RefSeq,3PPP_A,1
8811,RefSeq,3MAM_A,1
8812,RefSeq,3L6H_A,1
8813,RefSeq,1B74_A,1
8814,RefSeq,2AY3_A,1
8815,RefSeq,2AY3_B,1
8816,RefSeq,1P2G_A,1
8817,RefSeq,1F9G_A,1
8818,RefSeq,2O48_X,1
8819,RefSeq,2W97_B,1
8820,RefSeq,1A7T_A,1
8821,RefSeq,P54751,1
1,GeneID,1559,1560
2,GeneID,6850,1461
3,GeneID,7468,1259
4,GeneID,1565,1188
5,GeneID,1551,1095
6,GeneID,1544,1055
7,GeneID,1557,1042
8,GeneID,1576,836
9,GeneID,367,827
10,GeneID,2101,731
11,GeneID,8856,718
12,GeneID,2099,699
13,GeneID,7157,630
14,GeneID,24831,616
15,GeneID,3757,600
16,GeneID,4780,566
17,GeneID,2737,546
18,GeneID,19885,531
19,GeneID,5241,474
20,GeneID,3356,405
21,GeneID,5243,404
22,GeneID,1128,396
23,GeneID,28989,394
24,GeneID,196,393
25,GeneID,1814,391
26,GeneID,5914,391
27,GeneID,3458,384
28,GeneID,1813,354
29,GeneID,116160065,344
30,GeneID,2100,329
31,GeneID,956584,326
32,GeneID,956586,326
33,GeneID,1588,324
34,GeneID,6311,322
35,GeneID,5468,319
36,GeneID,43740568,317
37,GeneID,1812,313
38,GeneID,4837,306
39,GeneID,3176,306
40,GeneID,2593,303
41,GeneID,27232,303
42,GeneID,5409,303
43,GeneID,3456,295
44,GeneID,2908,294
45,GeneID,7151,294
46,GeneID,956592,283
47,GeneID,4088,239
48,GeneID,7421,235
49,GeneID,7253,232
50,GeneID,43,228
51,GeneID,3357,223
52,GeneID,148,223
53,GeneID,3725,210
54,GeneID,79915,208
55,GeneID,3106,207
56,GeneID,154,199
57,GeneID,3791,198
58,GeneID,836,197
59,GeneID,51053,197
60,GeneID,4137,194
61,GeneID,9971,190
62,GeneID,150,187
63,GeneID,4988,185
64,GeneID,6530,185
65,GeneID,4286,185
66,GeneID,6531,181
67,GeneID,1080,181
68,GeneID,25,178
69,GeneID,3350,175
70,GeneID,3553,175
71,GeneID,4087,171
72,GeneID,9734,169
73,GeneID,4193,169
74,GeneID,1129,166
75,GeneID,2322,163
76,GeneID,3417,162
77,GeneID,1489834,161
78,GeneID,152,160
79,GeneID,4194,159
80,GeneID,100757539,157
81,GeneID,4986,155
82,GeneID,3358,155
83,GeneID,1133,155
84,GeneID,29994,150
85,GeneID,65975,147
86,GeneID,151,146
87,GeneID,840,146
88,GeneID,3269,143
89,GeneID,10013,141
90,GeneID,142,141
91,GeneID,1132,138
92,GeneID,51426,136
93,GeneID,3315,136
94,GeneID,5467,135
95,GeneID,2932,134
96,GeneID,9212,133
97,GeneID,7525,131
98,GeneID,6256,130
99,GeneID,3932,129
100,GeneID,3064,128
101,GeneID,4170,128
102,GeneID,2475,127
103,GeneID,6532,126
104,GeneID,25229,125
105,GeneID,3091,125
106,GeneID,3815,124
107,GeneID,3248,123
108,GeneID,759,122
109,GeneID,5347,122
110,GeneID,6714,121
111,GeneID,2671,121
112,GeneID,760,120
113,GeneID,5871,120
114,GeneID,24660,120
115,GeneID,239,118
116,GeneID,5594,117
117,GeneID,2879,117
118,GeneID,9970,116
119,GeneID,771,112
120,GeneID,11069,112
121,GeneID,768,111
122,GeneID,115,111
123,GeneID,3320,111
124,GeneID,11201,110
125,GeneID,7398,109
126,GeneID,6790,108
127,GeneID,171071,108
128,GeneID,672,105
129,GeneID,140,104
130,GeneID,2321,104
131,GeneID,5293,104
132,GeneID,123228,104
133,GeneID,5979,103
134,GeneID,1815,102
135,GeneID,5294,102
136,GeneID,5159,102
137,GeneID,2324,102
138,GeneID,84385,102
139,GeneID,2260,100
140,GeneID,29412,100
141,GeneID,3717,100
142,GeneID,10413,100
143,GeneID,3783750,100
144,GeneID,5743,99
145,GeneID,5742,99
146,GeneID,1131,97
147,GeneID,1436,97
148,GeneID,1432,97
149,GeneID,1385,96
150,GeneID,9807,95
151,GeneID,947286,94
152,GeneID,947294,94
153,GeneID,947287,93
154,GeneID,3718,92
155,GeneID,695,92
156,GeneID,766,91
157,GeneID,4233,91
158,GeneID,5999,91
159,GeneID,983,90
160,GeneID,24173,90
161,GeneID,3276,90
162,GeneID,147,90
163,GeneID,5732,89
164,GeneID,10280,88
165,GeneID,5291,88
166,GeneID,1020,87
167,GeneID,3363,87
168,GeneID,29413,87
169,GeneID,5423,87
170,GeneID,4985,86
171,GeneID,57396,85
172,GeneID,580,85
173,GeneID,134391,84
174,GeneID,190,84
175,GeneID,10951,84
176,GeneID,10411,84
177,GeneID,3061,83
178,GeneID,2516,83
179,GeneID,7201,83
180,GeneID,9748,82
181,GeneID,3362,82
182,GeneID,4790,82
183,GeneID,146,81
184,GeneID,1195,81
185,GeneID,8767,81
186,GeneID,181263,81
187,GeneID,886474,81
188,GeneID,2876,80
189,GeneID,259249,80
190,GeneID,246,80
191,GeneID,2237,79
192,GeneID,60482,79
193,GeneID,1196,78
194,GeneID,3707576,78
195,GeneID,5429,78
196,GeneID,6093,77
197,GeneID,9475,77
198,GeneID,4128,77
199,GeneID,2931,77
200,GeneID,2597,77
201,GeneID,5292,76
202,GeneID,9446,76
203,GeneID,811941,76
204,GeneID,2798,76
205,GeneID,4067,75
206,GeneID,856395,75
207,GeneID,27346,74
208,GeneID,3065,74
209,GeneID,8841,74
210,GeneID,3352,73
211,GeneID,29595,73
212,GeneID,24473,72
213,GeneID,134864,72
214,GeneID,7030,71
215,GeneID,2854,71
216,GeneID,22068,71
217,GeneID,238,70
218,GeneID,2534,70
219,GeneID,2261,70
220,GeneID,1453,70
221,GeneID,2648,70
222,GeneID,640,69
223,GeneID,6622,69
224,GeneID,6097,69
225,GeneID,7297,68
226,GeneID,351,68
227,GeneID,24318,68
228,GeneID,7849,68
229,GeneID,59350,68
230,GeneID,22066,68
231,GeneID,762,67
232,GeneID,6197,67
233,GeneID,4914,67
234,GeneID,3784,67
235,GeneID,58819,67
236,GeneID,10242,67
237,GeneID,11255,66
238,GeneID,23632,65
239,GeneID,4961527,65
240,GeneID,5305,65
241,GeneID,558,64
242,GeneID,3066,64
243,GeneID,84706,64
244,GeneID,23683,63
245,GeneID,9448,63
246,GeneID,29290,63
247,GeneID,43740578,63
248,GeneID,3354,63
249,GeneID,2740,63
250,GeneID,7941,63
251,GeneID,100766857,63
252,GeneID,100689061,63
253,GeneID,101772,63
254,GeneID,3779,63
255,GeneID,55869,62
256,GeneID,3361,62
257,GeneID,2744,62
258,GeneID,8795,62
259,GeneID,2263,61
260,GeneID,120892,61
261,GeneID,25187,61
262,GeneID,1017,61
263,GeneID,170848,61
264,GeneID,2034,61
265,GeneID,641,61
266,GeneID,6607,61
267,GeneID,1019,60
268,GeneID,5602,60
269,GeneID,673,60
270,GeneID,5144,60
271,GeneID,9429,60
272,GeneID,855751,60
273,GeneID,4915,59
274,GeneID,25369,59
275,GeneID,5566,59
276,GeneID,5604,59
277,GeneID,317,59
278,GeneID,5139,58
279,GeneID,1956,58
280,GeneID,23435,58
281,GeneID,3778,58
282,GeneID,3274,57
283,GeneID,5601,57
284,GeneID,780,57
285,GeneID,1457,57
286,GeneID,1268,57
287,GeneID,6002,57
288,GeneID,2770,57
289,GeneID,15558,57
290,GeneID,6788,56
291,GeneID,3351,56
292,GeneID,2494,56
293,GeneID,54737,56
294,GeneID,10733,55
295,GeneID,6198,55
296,GeneID,2444,55
297,GeneID,11183,55
298,GeneID,5141,55
299,GeneID,763,54
300,GeneID,8851,54
301,GeneID,2548,54
302,GeneID,1545,54
303,GeneID,25255,54
304,GeneID,13198,54
305,GeneID,26054,54
306,GeneID,50488,53
307,GeneID,29581,53
308,GeneID,6331,53
309,GeneID,8912,53
310,GeneID,8647,53
311,GeneID,14632,53
312,GeneID,135,52
313,GeneID,57551,52
314,GeneID,3643,52
315,GeneID,2872,52
316,GeneID,24174,52
317,GeneID,1558,52
318,GeneID,105501,52
319,GeneID,11238,51
320,GeneID,153,51
321,GeneID,25083,51
322,GeneID,24693,51
323,GeneID,3676,51
324,GeneID,10461,51
325,GeneID,813594,51
326,GeneID,11168,51
327,GeneID,765,50
328,GeneID,891,50
329,GeneID,4886,50
330,GeneID,24408,50
331,GeneID,1786,50
332,GeneID,3654,50
333,GeneID,1969,50
334,GeneID,6326,50
335,GeneID,27345,50
336,GeneID,2580,49
337,GeneID,24208,49
338,GeneID,5599,49
339,GeneID,24175,49
340,GeneID,598,49
341,GeneID,6915,49
342,GeneID,4129,49
343,GeneID,2066,49
344,GeneID,5499,49
345,GeneID,387129,49
346,GeneID,25865,48
347,GeneID,3480,48
348,GeneID,3326,48
349,GeneID,6195,48
350,GeneID,3359,48
351,GeneID,5465,48
352,GeneID,3055,48
353,GeneID,64127,48
354,GeneID,3205,48
355,GeneID,57337,48
356,GeneID,7010,47
357,GeneID,25111,47
358,GeneID,2859,47
359,GeneID,4921,47
360,GeneID,7046,47
361,GeneID,7068,47
362,GeneID,5562,46
363,GeneID,24410,46
364,GeneID,4916,46
365,GeneID,9833,46
366,GeneID,1452,46
367,GeneID,1454,46
368,GeneID,10014,46
369,GeneID,1880,46
370,GeneID,6795,46
371,GeneID,240,46
372,GeneID,5295,46
373,GeneID,814112,46
374,GeneID,134,45
375,GeneID,9759,45
376,GeneID,5605,45
377,GeneID,5290,45
378,GeneID,8202,45
379,GeneID,5049,45
380,GeneID,10188,44
381,GeneID,2264,44
382,GeneID,24411,44
383,GeneID,102800317,44
384,GeneID,51564,44
385,GeneID,10599,44
386,GeneID,7066,44
387,GeneID,811999,44
388,GeneID,16518,44
389,GeneID,595,43
390,GeneID,6595,43
391,GeneID,1543,43
392,GeneID,5970,43
393,GeneID,7134,43
394,GeneID,5050,43
395,GeneID,9367,43
396,GeneID,26986,43
397,GeneID,4887,42
398,GeneID,51776,42
399,GeneID,3984,42
400,GeneID,185,42
401,GeneID,24412,42
402,GeneID,1198,42
403,GeneID,9149,42
404,GeneID,187,42
405,GeneID,83933,42
406,GeneID,7137,42
407,GeneID,100037999,42
408,GeneID,6772,42
409,GeneID,7139,42
410,GeneID,440503,42
411,GeneID,4864,42
412,GeneID,2554,41
413,GeneID,24409,41
414,GeneID,11200,41
415,GeneID,5600,41
416,GeneID,6323,41
417,GeneID,10392,41
418,GeneID,2268,41
419,GeneID,8648,41
420,GeneID,7486,41
421,GeneID,60489,41
422,GeneID,20586,41
423,GeneID,147746,40
424,GeneID,5156,40
425,GeneID,170796,40
426,GeneID,191573,40
427,GeneID,6098,40
428,GeneID,8900,40
429,GeneID,1269,40
430,GeneID,5770,40
431,GeneID,80122,40
432,GeneID,7026,40
433,GeneID,5893,40
434,GeneID,5650,40
435,GeneID,57468,40
436,GeneID,4058,39
437,GeneID,29705,39
438,GeneID,1613,39
439,GeneID,415116,39
440,GeneID,1459,39
441,GeneID,24239,39
442,GeneID,3702,39
443,GeneID,214763,39
444,GeneID,114548,39
445,GeneID,888371,39
446,GeneID,1816,38
447,GeneID,136,38
448,GeneID,8569,38
449,GeneID,11040,38
450,GeneID,8445,38
451,GeneID,10298,38
452,GeneID,7301,38
453,GeneID,79885,38
454,GeneID,590,38
455,GeneID,8654,38
456,GeneID,27,38
457,GeneID,6793,38
458,GeneID,28996,38
459,GeneID,23043,38
460,GeneID,4215,38
461,GeneID,29128,38
462,GeneID,5051,38
463,GeneID,247,38
464,GeneID,839,38
465,GeneID,2146,37
466,GeneID,4140,37
467,GeneID,9263,37
468,GeneID,6328,37
469,GeneID,24316,37
470,GeneID,660,37
471,GeneID,552,37
472,GeneID,5621,37
473,GeneID,28234,37
474,GeneID,8932,37
475,GeneID,7334,37
476,GeneID,8576,36
477,GeneID,5586,36
478,GeneID,4486,36
479,GeneID,5587,36
480,GeneID,7276,36
481,GeneID,5170,36
482,GeneID,90,36
483,GeneID,775,36
484,GeneID,155,36
485,GeneID,861,36
486,GeneID,865,36
487,GeneID,5021,36
488,GeneID,5753,36
489,GeneID,2241,35
490,GeneID,7272,35
491,GeneID,29238,35
492,GeneID,23028,35
493,GeneID,3620,35
494,GeneID,10519,35
495,GeneID,405,35
496,GeneID,10460,35
497,GeneID,1021,34
498,GeneID,57413,34
499,GeneID,23621,34
500,GeneID,5580,34
501,GeneID,64354,34
502,GeneID,79246,34
503,GeneID,5607,34
504,GeneID,155459,34
505,GeneID,1395,34
506,GeneID,1393,34
507,GeneID,9581,34
508,GeneID,71934,33
509,GeneID,5588,33
510,GeneID,29709,33
511,GeneID,817,33
512,GeneID,225689,33
513,GeneID,1901,33
514,GeneID,231,33
515,GeneID,54414,33
516,GeneID,6495,33
517,GeneID,887009,33
518,GeneID,5595,32
519,GeneID,1387,32
520,GeneID,4751,32
521,GeneID,24922,32
522,GeneID,65032,32
523,GeneID,58963,32
524,GeneID,25553,32
525,GeneID,3656265,32
526,GeneID,8658,32
527,GeneID,25075,32
528,GeneID,8698,32
529,GeneID,834,32
530,GeneID,1445,32
531,GeneID,7415,32
532,GeneID,7465,32
533,GeneID,4351,32
534,GeneID,2395,32
535,GeneID,5725,32
536,GeneID,6955,32
537,GeneID,37627025,32
538,GeneID,26013,32
539,GeneID,281312,32
540,GeneID,25451,31
541,GeneID,29707,31
542,GeneID,289606,31
543,GeneID,6300,31
544,GeneID,8444,31
545,GeneID,2051,31
546,GeneID,5298,31
547,GeneID,5315,31
548,GeneID,172532,31
549,GeneID,80733,30
550,GeneID,10054,30
551,GeneID,1859,30
552,GeneID,29316,30
553,GeneID,140674,30
554,GeneID,29708,30
555,GeneID,24947,30
556,GeneID,2902,30
557,GeneID,24192,30
558,GeneID,2053,30
559,GeneID,8989,30
560,GeneID,151306,30
561,GeneID,80351,30
562,GeneID,6885,30
563,GeneID,10055,30
564,GeneID,15499,30
565,GeneID,7458,30
566,GeneID,1455,29
567,GeneID,818,29
568,GeneID,2011,29
569,GeneID,140675,29
570,GeneID,79211,29
571,GeneID,65191,29
572,GeneID,81658,29
573,GeneID,29689,29
574,GeneID,25450,29
575,GeneID,2566,29
576,GeneID,2904,29
577,GeneID,84446,29
578,GeneID,2555,29
579,GeneID,29110,29
580,GeneID,676,29
581,GeneID,9612,29
582,GeneID,113580815,29
583,GeneID,52,29
584,GeneID,2042,29
585,GeneID,115004,29
586,GeneID,226016,29
587,GeneID,5932,29
588,GeneID,18815,29
589,GeneID,18792,29
590,GeneID,18793,29
591,GeneID,6869,28
592,GeneID,2556,28
593,GeneID,2903,28
594,GeneID,2558,28
595,GeneID,443551,28
596,GeneID,3551,28
597,GeneID,8644,28
598,GeneID,2185,28
599,GeneID,3777,28
600,GeneID,2081,28
601,GeneID,51347,28
602,GeneID,2769,28
603,GeneID,22926,28
604,GeneID,2943075,28
605,GeneID,1235,28
606,GeneID,2050,27
607,GeneID,4297,27
608,GeneID,53944,27
609,GeneID,5578,27
610,GeneID,658,27
611,GeneID,6868,27
612,GeneID,94,27
613,GeneID,396442,27
614,GeneID,5143,27
615,GeneID,2064,27
616,GeneID,285220,27
617,GeneID,7075,27
618,GeneID,3985,27
619,GeneID,10645,27
620,GeneID,5058,27
621,GeneID,1460,27
622,GeneID,8476,27
623,GeneID,29127,27
624,GeneID,14282,27
625,GeneID,22861,27
626,GeneID,3172,27
627,GeneID,178296,27
628,GeneID,5335,27
629,GeneID,58190,27
630,GeneID,377677,26
631,GeneID,22848,26
632,GeneID,25549,26
633,GeneID,1263,26
634,GeneID,816,26
635,GeneID,6732,26
636,GeneID,81645,26
637,GeneID,5581,26
638,GeneID,5582,26
639,GeneID,156,26
640,GeneID,2046,26
641,GeneID,102,26
642,GeneID,51086,26
643,GeneID,5610,26
644,GeneID,776,26
645,GeneID,51135,26
646,GeneID,5261,26
647,GeneID,23569,26
648,GeneID,2357,26
649,GeneID,4300,26
650,GeneID,1861,26
651,GeneID,9610,26
652,GeneID,6046,25
653,GeneID,10919,25
654,GeneID,2905,25
655,GeneID,100033901,25
656,GeneID,5289,25
657,GeneID,9641,25
658,GeneID,139760,25
659,GeneID,7442,25
660,GeneID,5563,25
661,GeneID,10038,25
662,GeneID,2041,25
663,GeneID,6196,25
664,GeneID,100526835,25
665,GeneID,27330,25
666,GeneID,203068,25
667,GeneID,5567,25
668,GeneID,2271,25
669,GeneID,706,25
670,GeneID,2831,25
671,GeneID,2033,24
672,GeneID,8019,24
673,GeneID,9252,24
674,GeneID,5693,24
675,GeneID,100135589,24
676,GeneID,24260,24
677,GeneID,8484,24
678,GeneID,25290,24
679,GeneID,5603,24
680,GeneID,54106,24
681,GeneID,25323,24
682,GeneID,60448,24
683,GeneID,5916,24
684,GeneID,2047,24
685,GeneID,2048,24
686,GeneID,6095,24
687,GeneID,23192,24
688,GeneID,1738,24
689,GeneID,1909,23
690,GeneID,2242,23
691,GeneID,338557,23
692,GeneID,5598,23
693,GeneID,5140,23
694,GeneID,8986,23
695,GeneID,2562,23
696,GeneID,10000,23
697,GeneID,100730517,23
698,GeneID,100911581,23
699,GeneID,4353,23
700,GeneID,779,23
701,GeneID,613,23
702,GeneID,4293,23
703,GeneID,7006,23
704,GeneID,110813108,23
705,GeneID,994,23
706,GeneID,55244,23
707,GeneID,4323,23
708,GeneID,25432,23
709,GeneID,761,22
710,GeneID,64223,22
711,GeneID,57521,22
712,GeneID,59340,22
713,GeneID,5747,22
714,GeneID,53949,22
715,GeneID,1025,22
716,GeneID,1022,22
717,GeneID,8477,22
718,GeneID,5287,22
719,GeneID,2693,22
720,GeneID,51701,22
721,GeneID,3360,22
722,GeneID,2065,22
723,GeneID,91,22
724,GeneID,7048,22
725,GeneID,7294,22
726,GeneID,2043,22
727,GeneID,11113,22
728,GeneID,8491,22
729,GeneID,204851,22
730,GeneID,10114,22
731,GeneID,6725,22
732,GeneID,9344,22
733,GeneID,10499,22
734,GeneID,10062,22
735,GeneID,23408,22
736,GeneID,4882,22
737,GeneID,24898,22
738,GeneID,76768,22
739,GeneID,3636621,21
740,GeneID,896,21
741,GeneID,815,21
742,GeneID,2862,21
743,GeneID,3355,21
744,GeneID,6334,21
745,GeneID,6336,21
746,GeneID,842,21
747,GeneID,282134,21
748,GeneID,1139,21
749,GeneID,6582,21
750,GeneID,4306,21
751,GeneID,5127,21
752,GeneID,10746,21
753,GeneID,27148,21
754,GeneID,1111,21
755,GeneID,79837,21
756,GeneID,4638,21
757,GeneID,11213,21
758,GeneID,51400,21
759,GeneID,7098,21
760,GeneID,84634,21
761,GeneID,7498,21
762,GeneID,855842,21
763,GeneID,389816,21
764,GeneID,27006,21
765,GeneID,29336,20
766,GeneID,2561,20
767,GeneID,2359,20
768,GeneID,55851,20
769,GeneID,5664,20
770,GeneID,51107,20
771,GeneID,5663,20
772,GeneID,83464,20
773,GeneID,23385,20
774,GeneID,778,20
775,GeneID,3290,20
776,GeneID,8999,20
777,GeneID,55781,20
778,GeneID,9099,20
779,GeneID,2194,20
780,GeneID,10257,20
781,GeneID,8438,20
782,GeneID,25324,20
783,GeneID,3416,20
784,GeneID,10663,20
785,GeneID,100729734,20
786,GeneID,8493,20
787,GeneID,6462,20
788,GeneID,5071,20
789,GeneID,25601,19
790,GeneID,1456,19
791,GeneID,24180,19
792,GeneID,186,19
793,GeneID,9134,19
794,GeneID,5879,19
795,GeneID,9891,19
796,GeneID,81788,19
797,GeneID,5027,19
798,GeneID,5590,19
799,GeneID,9290,19
800,GeneID,53831,19
801,GeneID,24448,19
802,GeneID,6789,19
803,GeneID,51284,19
804,GeneID,5915,19
805,GeneID,22933,19
806,GeneID,4363,19
807,GeneID,19225,19
808,GeneID,2044,19
809,GeneID,8711,19
810,GeneID,10110,19
811,GeneID,51567,19
812,GeneID,9024,19
813,GeneID,945085,19
814,GeneID,287022,19
815,GeneID,1981,19
816,GeneID,13684,19
817,GeneID,283106,19
818,GeneID,79068,19
819,GeneID,1803,19
820,GeneID,886987,18
821,GeneID,45425256,18
822,GeneID,3716,18
823,GeneID,282133,18
824,GeneID,81638,18
825,GeneID,2559,18
826,GeneID,2906,18
827,GeneID,2557,18
828,GeneID,9706,18
829,GeneID,5579,18
830,GeneID,2629,18
831,GeneID,5564,18
832,GeneID,100049478,18
833,GeneID,657,18
834,GeneID,19016,18
835,GeneID,728386,18
836,GeneID,57646,18
837,GeneID,84749,18
838,GeneID,3741,18
839,GeneID,6608,18
840,GeneID,2890,18
841,GeneID,23411,18
842,GeneID,10434,18
843,GeneID,2235,18
844,GeneID,5894,18
845,GeneID,8883,18
846,GeneID,162466,18
847,GeneID,774,18
848,GeneID,55589,18
849,GeneID,1760,18
850,GeneID,3336,18
851,GeneID,3329,18
852,GeneID,23308111,18
853,GeneID,7341,18
854,GeneID,84557,18
855,GeneID,5034,18
856,GeneID,887836,17
857,GeneID,45427576,17
858,GeneID,57118,17
859,GeneID,8536,17
860,GeneID,2159,17
861,GeneID,79054,17
862,GeneID,1555,17
863,GeneID,5571,17
864,GeneID,1612,17
865,GeneID,1586,17
866,GeneID,1024,17
867,GeneID,1636,17
868,GeneID,8317,17
869,GeneID,554,17
870,GeneID,8408,17
871,GeneID,8824,17
872,GeneID,9536,17
873,GeneID,2891,17
874,GeneID,2893,17
875,GeneID,347733,17
876,GeneID,84790,17
877,GeneID,7846,17
878,GeneID,112714,17
879,GeneID,347688,17
880,GeneID,7278,17
881,GeneID,7277,17
882,GeneID,84617,17
883,GeneID,7280,17
884,GeneID,81027,17
885,GeneID,10381,17
886,GeneID,10383,17
887,GeneID,10382,17
888,GeneID,10376,17
889,GeneID,2045,17
890,GeneID,812762,17
891,GeneID,9201,17
892,GeneID,4217,17
893,GeneID,7376,17
894,GeneID,7124,17
895,GeneID,8743,17
896,GeneID,5176170,17
897,GeneID,9817,17
898,GeneID,55361,17
899,GeneID,51752,17
900,GeneID,472,17
901,GeneID,5319,17
902,GeneID,2741,17
903,GeneID,248,17
904,GeneID,100135587,16
905,GeneID,2869,16
906,GeneID,10769,16
907,GeneID,100911796,16
908,GeneID,29627,16
909,GeneID,57016,16
910,GeneID,6329,16
911,GeneID,443460,16
912,GeneID,56924,16
913,GeneID,25590,16
914,GeneID,54239,16
915,GeneID,24414,16
916,GeneID,25750,16
917,GeneID,3062,16
918,GeneID,2847,16
919,GeneID,10213,16
920,GeneID,5142,16
921,GeneID,1548,16
922,GeneID,249,16
923,GeneID,3776,16
924,GeneID,5063,16
925,GeneID,7016,16
926,GeneID,6787,16
927,GeneID,4593,16
928,GeneID,85366,16
929,GeneID,1719,16
930,GeneID,50487,16
931,GeneID,1723,16
932,GeneID,51765,16
933,GeneID,4294,16
934,GeneID,3043,16
935,GeneID,6580,16
936,GeneID,653361,16
937,GeneID,25195,16
938,GeneID,100135490,16
939,GeneID,55283,16
940,GeneID,1066,16
941,GeneID,9040,16
942,GeneID,5346,16
943,GeneID,855317,16
944,GeneID,100379267,15
945,GeneID,24613,15
946,GeneID,79109,15
947,GeneID,253260,15
948,GeneID,2563,15
949,GeneID,2560,15
950,GeneID,1018,15
951,GeneID,7428,15
952,GeneID,5734,15
953,GeneID,5583,15
954,GeneID,5584,15
955,GeneID,8972,15
956,GeneID,6332,15
957,GeneID,5592,15
958,GeneID,84027,15
959,GeneID,6523,15
960,GeneID,24418,15
961,GeneID,2864,15
962,GeneID,25643,15
963,GeneID,55704,15
964,GeneID,4282,15
965,GeneID,5585,15
966,GeneID,93,15
967,GeneID,1147,15
968,GeneID,281555,15
969,GeneID,140901,15
970,GeneID,6416,15
971,GeneID,5606,15
972,GeneID,5128,15
973,GeneID,984,15
974,GeneID,84254,15
975,GeneID,6774,15
976,GeneID,207,15
977,GeneID,246310,15
978,GeneID,23476,15
979,GeneID,85443,15
980,GeneID,83732,15
981,GeneID,16818,15
982,GeneID,688,15
983,GeneID,80201,15
984,GeneID,155807,15
985,GeneID,1845,15
986,GeneID,11309,15
987,GeneID,7224,15
988,GeneID,866,15
989,GeneID,18386,14
990,GeneID,855692,14
991,GeneID,280741,14
992,GeneID,3758,14
993,GeneID,1910,14
994,GeneID,79813,14
995,GeneID,100135472,14
996,GeneID,116443,14
997,GeneID,116444,14
998,GeneID,85268,14
999,GeneID,8798,14
1000,GeneID,5613,14
1001,GeneID,83810,14
1002,GeneID,2568,14
1003,GeneID,2564,14
1004,GeneID,2565,14
1005,GeneID,55879,14
1006,GeneID,2567,14
1007,GeneID,5163,14
1008,GeneID,5729,14
1009,GeneID,11251,14
1010,GeneID,56997,14
1011,GeneID,25989,14
1012,GeneID,9262,14
1013,GeneID,4221,14
1014,GeneID,1137,14
1015,GeneID,25302,14
1016,GeneID,19013,14
1017,GeneID,1646,14
1018,GeneID,60590,14
1019,GeneID,51311,14
1020,GeneID,2892,14
1021,GeneID,1903,14
1022,GeneID,15483,14
1023,GeneID,50507,14
1024,GeneID,728642,14
1025,GeneID,10494,14
1026,GeneID,4296,14
1027,GeneID,255239,14
1028,GeneID,4609,14
1029,GeneID,5260,14
1030,GeneID,10039,14
1031,GeneID,23235,14
1032,GeneID,84867,14
1033,GeneID,9578,14
1034,GeneID,57144,14
1035,GeneID,2645,14
1036,GeneID,23396,14
1037,GeneID,1991,14
1038,GeneID,3783744,14
1039,GeneID,2139,14
1040,GeneID,246243,14
1041,GeneID,813945,14
1042,GeneID,887,13
1043,GeneID,29629,13
1044,GeneID,50592,13
1045,GeneID,29628,13
1046,GeneID,9261,13
1047,GeneID,10846,13
1048,GeneID,24890,13
1049,GeneID,6011,13
1050,GeneID,29527,13
1051,GeneID,7299,13
1052,GeneID,892,13
1053,GeneID,9101,13
1054,GeneID,4929,13
1055,GeneID,26524,13
1056,GeneID,3645,13
1057,GeneID,5129,13
1058,GeneID,798527,13
1059,GeneID,208,13
1060,GeneID,7150,13
1061,GeneID,57787,13
1062,GeneID,5568,13
1063,GeneID,131890,13
1064,GeneID,7153,13
1065,GeneID,4048,13
1066,GeneID,2049,13
1067,GeneID,8394,13
1068,GeneID,55561,13
1069,GeneID,5062,13
1070,GeneID,4835,13
1071,GeneID,2030,13
1072,GeneID,340273,13
1073,GeneID,4881,13
1074,GeneID,8811,13
1075,GeneID,2775,13
1076,GeneID,89492246,13
1077,GeneID,4357161,13
1078,GeneID,2584,13
1079,GeneID,83523,13
1080,GeneID,3639678,13
1081,GeneID,85397,13
1082,GeneID,3646682,13
1083,GeneID,155348,13
1084,GeneID,9376,13
1085,GeneID,9356,13
1086,GeneID,338442,13
1087,GeneID,280960,13
1088,GeneID,213,13
1089,GeneID,93100,13
1090,GeneID,4543,12
1091,GeneID,3685,12
1092,GeneID,18596,12
1093,GeneID,5153,12
1094,GeneID,9682,12
1095,GeneID,3579,12
1096,GeneID,65980,12
1097,GeneID,5168,12
1098,GeneID,23604,12
1099,GeneID,1234,12
1100,GeneID,5337,12
1101,GeneID,26576,12
1102,GeneID,2914,12
1103,GeneID,3785,12
1104,GeneID,729230,12
1105,GeneID,5338,12
1106,GeneID,84875,12
1107,GeneID,100135051,12
1108,GeneID,540446,12
1109,GeneID,3753,12
1110,GeneID,9451,12
1111,GeneID,1902,12
1112,GeneID,20423,12
1113,GeneID,7067,12
1114,GeneID,83817,12
1115,GeneID,11423,12
1116,GeneID,53637,12
1117,GeneID,513212,12
1118,GeneID,2669,12
1119,GeneID,251,12
1120,GeneID,65061,12
1121,GeneID,22858,12
1122,GeneID,54101,12
1123,GeneID,5218,12
1124,GeneID,83942,12
1125,GeneID,7184,12
1126,GeneID,8780,12
1127,GeneID,3265,12
1128,GeneID,7015,12
1129,GeneID,340156,12
1130,GeneID,4216,12
1131,GeneID,6401,12
1132,GeneID,79934,12
1133,GeneID,26414,12
1134,GeneID,3705,12
1135,GeneID,410,12
1136,GeneID,10987,12
1137,GeneID,9177,12
1138,GeneID,2778,12
1139,GeneID,281126,12
1140,GeneID,1109,12
1141,GeneID,3576,12
1142,GeneID,100722663,12
1143,GeneID,18671,12
1144,GeneID,1573,12
1145,GeneID,116549,12
1146,GeneID,81650,12
1147,GeneID,16408,12
1148,GeneID,397393,12
1149,GeneID,408,12
1150,GeneID,3690,11
1151,GeneID,2145,11
1152,GeneID,11091,11
1153,GeneID,24182,11
1154,GeneID,303330,11
1155,GeneID,5597,11
1156,GeneID,8242,11
1157,GeneID,66026,11
1158,GeneID,6476,11
1159,GeneID,59341,11
1160,GeneID,282322,11
1161,GeneID,100135548,11
1162,GeneID,282135,11
1163,GeneID,2166,11
1164,GeneID,2915,11
1165,GeneID,2911,11
1166,GeneID,24889,11
1167,GeneID,886,11
1168,GeneID,5025,11
1169,GeneID,4843,11
1170,GeneID,4842,11
1171,GeneID,3782,11
1172,GeneID,27035,11
1173,GeneID,6999,11
1174,GeneID,4214,11
1175,GeneID,341676,11
1176,GeneID,25778,11
1177,GeneID,5593,11
1178,GeneID,86862560,11
1179,GeneID,944790,11
1180,GeneID,64761,11
1181,GeneID,3297,11
1182,GeneID,7535,11
1183,GeneID,2868,11
1184,GeneID,4544,11
1185,GeneID,91807,11
1186,GeneID,216799,11
1187,GeneID,368273,11
1188,GeneID,200316,11
1189,GeneID,15566,11
1190,GeneID,285242,11
1191,GeneID,170572,11
1192,GeneID,5570400,11
1193,GeneID,5591,11
1194,GeneID,2203,11
1195,GeneID,1524,11
1196,GeneID,24326,11
1197,GeneID,553,11
1198,GeneID,3783,11
1199,GeneID,51447,11
1200,GeneID,24413,11
1201,GeneID,855242,11
1202,GeneID,3292,11
1203,GeneID,280844,11
1204,GeneID,277328,11
1205,GeneID,100009274,11
1206,GeneID,83589,11
1207,GeneID,3400,11
1208,GeneID,57120,11
1209,GeneID,10800,10
1210,GeneID,3688,10
1211,GeneID,5689,10
1212,GeneID,5696,10
1213,GeneID,5690,10
1214,GeneID,998,10
1215,GeneID,8550,10
1216,GeneID,25149,10
1217,GeneID,55193,10
1218,GeneID,8726,10
1219,GeneID,171384,10
1220,GeneID,216,10
1221,GeneID,51422,10
1222,GeneID,5565,10
1223,GeneID,53632,10
1224,GeneID,5024,10
1225,GeneID,12802,10
1226,GeneID,23945,10
1227,GeneID,547923,10
1228,GeneID,317748,10
1229,GeneID,23097,10
1230,GeneID,4846,10
1231,GeneID,4791,10
1232,GeneID,1645,10
1233,GeneID,7345,10
1234,GeneID,92,10
1235,GeneID,27102,10
1236,GeneID,6571,10
1237,GeneID,3781,10
1238,GeneID,2161,10
1239,GeneID,282022,10
1240,GeneID,282023,10
1241,GeneID,8805,10
1242,GeneID,7786,10
1243,GeneID,6792,10
1244,GeneID,9175,10
1245,GeneID,27436,10
1246,GeneID,6872,10
1247,GeneID,4139,10
1248,GeneID,5778,10
1249,GeneID,993,10
1250,GeneID,55847,10
1251,GeneID,8396,10
1252,GeneID,659,10
1253,GeneID,6275,10
1254,GeneID,4154,10
1255,GeneID,57379,10
1256,GeneID,200909,10
1257,GeneID,15560,10
1258,GeneID,25689,10
1259,GeneID,2078,10
1260,GeneID,3662741,10
1261,GeneID,5536,10
1262,GeneID,16522,10
1263,GeneID,10741,10
1264,GeneID,5137,10
1265,GeneID,7263,10
1266,GeneID,3780,10
1267,GeneID,54625,10
1268,GeneID,24360,10
1269,GeneID,25248,10
1270,GeneID,54658,10
1271,GeneID,53627,10
1272,GeneID,24267,10
1273,GeneID,24766,10
1274,GeneID,57192,10
1275,GeneID,3663016,10
1276,GeneID,177343,10
1277,GeneID,2104,10
1278,GeneID,29335,9
1279,GeneID,18390,9
1280,GeneID,1215,9
1281,GeneID,4159,9
1282,GeneID,1136,9
1283,GeneID,79084,9
1284,GeneID,10419,9
1285,GeneID,4145,9
1286,GeneID,5698,9
1287,GeneID,100009164,9
1288,GeneID,5288,9
1289,GeneID,5340,9
1290,GeneID,5644,9
1291,GeneID,23081,9
1292,GeneID,23135,9
1293,GeneID,29665,9
1294,GeneID,18439,9
1295,GeneID,1394,9
1296,GeneID,104909134,9
1297,GeneID,23512,9
1298,GeneID,2052,9
1299,GeneID,13850,9
1300,GeneID,2642,9
1301,GeneID,4313,9
1302,GeneID,390245,9
1303,GeneID,1241,9
1304,GeneID,6916,9
1305,GeneID,23252,9
1306,GeneID,5136,9
1307,GeneID,25108,9
1308,GeneID,13087,9
1309,GeneID,29716,9
1310,GeneID,6555,9
1311,GeneID,3418,9
1312,GeneID,1536,9
1313,GeneID,91754,9
1314,GeneID,150094,9
1315,GeneID,4750,9
1316,GeneID,8737,9
1317,GeneID,51265,9
1318,GeneID,140469,9
1319,GeneID,8428,9
1320,GeneID,6446,9
1321,GeneID,6347,9
1322,GeneID,166614,9
1323,GeneID,404019,9
1324,GeneID,4521,9
1325,GeneID,10682,9
1326,GeneID,202374,9
1327,GeneID,167359,9
1328,GeneID,106821730,9
1329,GeneID,45423973,9
1330,GeneID,57172,9
1331,GeneID,140609,9
1332,GeneID,122011,9
1333,GeneID,887072,9
1334,GeneID,280717,9
1335,GeneID,3630,9
1336,GeneID,6581,9
1337,GeneID,20778,9
1338,GeneID,7251,9
1339,GeneID,5300,9
1340,GeneID,51377,9
1341,GeneID,886069,9
1342,GeneID,29230,9
1343,GeneID,54795,9
1344,GeneID,5226,9
1345,GeneID,4923,9
1346,GeneID,2169,9
1347,GeneID,50572,9
1348,GeneID,79247,9
1349,GeneID,80900,9
1350,GeneID,25675,9
1351,GeneID,9123,9
1352,GeneID,7862,9
1353,GeneID,83783,9
1354,GeneID,3156,9
1355,GeneID,331,9
1356,GeneID,100037716,9
1357,GeneID,81285,9
1358,GeneID,316,9
1359,GeneID,1487,9
1360,GeneID,9215,9
1361,GeneID,155871,9
1362,GeneID,10058,9
1363,GeneID,124274,8
1364,GeneID,56339,8
1365,GeneID,281607,8
1366,GeneID,5699,8
1367,GeneID,18595,8
1368,GeneID,266977,8
1369,GeneID,728,8
1370,GeneID,50940,8
1371,GeneID,6870,8
1372,GeneID,3689,8
1373,GeneID,11280,8
1374,GeneID,599,8
1375,GeneID,312896,8
1376,GeneID,11541,8
1377,GeneID,1584,8
1378,GeneID,6733,8
1379,GeneID,29126,8
1380,GeneID,5133,8
1381,GeneID,18706,8
1382,GeneID,2916,8
1383,GeneID,2917,8
1384,GeneID,3786,8
1385,GeneID,15561,8
1386,GeneID,100135514,8
1387,GeneID,10765,8
1388,GeneID,8913,8
1389,GeneID,57097,8
1390,GeneID,57302,8
1391,GeneID,146802,8
1392,GeneID,3164,8
1393,GeneID,2982,8
1394,GeneID,682930,8
1395,GeneID,846,8
1396,GeneID,100533105,8
1397,GeneID,8788,8
1398,GeneID,23678,8
1399,GeneID,10783,8
1400,GeneID,9113,8
1401,GeneID,16542,8
1402,GeneID,5296,8
1403,GeneID,1889,8
1404,GeneID,10131,8
1405,GeneID,3939,8
1406,GeneID,6778,8
1407,GeneID,8850,8
1408,GeneID,8573,8
1409,GeneID,79858,8
1410,GeneID,55351,8
1411,GeneID,5608,8
1412,GeneID,388228,8
1413,GeneID,30811,8
1414,GeneID,961,8
1415,GeneID,15550,8
1416,GeneID,7494,8
1417,GeneID,887352,8
1418,GeneID,888704,8
1419,GeneID,9100,8
1420,GeneID,7874,8
1421,GeneID,100009055,8
1422,GeneID,200315,8
1423,GeneID,6000,8
1424,GeneID,947252,8
1425,GeneID,319757,8
1426,GeneID,25107,8
1427,GeneID,5733,8
1428,GeneID,27443,8
1429,GeneID,4144,8
1430,GeneID,1577,8
1431,GeneID,80854,8
1432,GeneID,23098,8
1433,GeneID,2742,8
1434,GeneID,80036,8
1435,GeneID,9170,8
1436,GeneID,5745,8
1437,GeneID,8843,8
1438,GeneID,329,8
1439,GeneID,7226,8
1440,GeneID,18126,8
1441,GeneID,79212,8
1442,GeneID,19015,8
1443,GeneID,912267,8
1444,GeneID,54262,8
1445,GeneID,404009,8
1446,GeneID,1520,7
1447,GeneID,12352,7
1448,GeneID,41601394,7
1449,GeneID,29559,7
1450,GeneID,10498,7
1451,GeneID,5687,7
1452,GeneID,7867,7
1453,GeneID,5645,7
1454,GeneID,5646,7
1455,GeneID,2147,7
1456,GeneID,6865,7
1457,GeneID,3577,7
1458,GeneID,100144487,7
1459,GeneID,65030,7
1460,GeneID,5146,7
1461,GeneID,225192,7
1462,GeneID,170704,7
1463,GeneID,6646,7
1464,GeneID,81782,7
1465,GeneID,2840,7
1466,GeneID,5029,7
1467,GeneID,24925,7
1468,GeneID,20274,7
1469,GeneID,12801,7
1470,GeneID,57406,7
1471,GeneID,6524,7
1472,GeneID,78956,7
1473,GeneID,24417,7
1474,GeneID,3251,7
1475,GeneID,1141,7
1476,GeneID,8911,7
1477,GeneID,63873,7
1478,GeneID,171131,7
1479,GeneID,81721,7
1480,GeneID,65024,7
1481,GeneID,2918,7
1482,GeneID,5152,7
1483,GeneID,66082,7
1484,GeneID,4907,7
1485,GeneID,9572,7
1486,GeneID,51206,7
1487,GeneID,23410,7
1488,GeneID,1511,7
1489,GeneID,3760,7
1490,GeneID,5406,7
1491,GeneID,64805,7
1492,GeneID,5028,7
1493,GeneID,4987,7
1494,GeneID,1585,7
1495,GeneID,3756,7
1496,GeneID,4117,7
1497,GeneID,255738,7
1498,GeneID,12669,7
1499,GeneID,24312,7
1500,GeneID,10018,7
1501,GeneID,89780,7
1502,GeneID,241,7
1503,GeneID,11546,7
1504,GeneID,11188,7
1505,GeneID,93432,7
1506,GeneID,24681,7
1507,GeneID,25023,7
1508,GeneID,7155,7
1509,GeneID,9874,7
1510,GeneID,23178,7
1511,GeneID,100130827,7
1512,GeneID,11350,7
1513,GeneID,1633,7
1514,GeneID,140885,7
1515,GeneID,15563,7
1516,GeneID,155971,7
1517,GeneID,956530,7
1518,GeneID,328,7
1519,GeneID,2897,7
1520,GeneID,116663,7
1521,GeneID,885176,7
1522,GeneID,7298,7
1523,GeneID,6004,7
1524,GeneID,838,7
1525,GeneID,837,7
1526,GeneID,13489,7
1527,GeneID,165631,7
1528,GeneID,3383,7
1529,GeneID,2852,7
1530,GeneID,86859893,7
1531,GeneID,945870,7
1532,GeneID,116085,7
1533,GeneID,55867,7
1534,GeneID,5739,7
1535,GeneID,5731,7
1536,GeneID,79668,7
1537,GeneID,170743,7
1538,GeneID,1230,7
1539,GeneID,24230,7
1540,GeneID,948669,7
1541,GeneID,3558,7
1542,GeneID,27306,7
1543,GeneID,823,7
1544,GeneID,407230,7
1545,GeneID,10988,7
1546,GeneID,7222,7
1547,GeneID,22992,7
1548,GeneID,54890,7
1549,GeneID,143,7
1550,GeneID,7083,7
1551,GeneID,281125,7
1552,GeneID,3005,7
1553,GeneID,11551,7
1554,GeneID,11553,7
1555,GeneID,18669,7
1556,GeneID,812021,7
1557,GeneID,5577,7
1558,GeneID,2224,7
1559,GeneID,1134,6
1560,GeneID,2550,6
1561,GeneID,3678,6
1562,GeneID,3694,6
1563,GeneID,11539,6
1564,GeneID,918764,6
1565,GeneID,905,6
1566,GeneID,5692,6
1567,GeneID,5694,6
1568,GeneID,5691,6
1569,GeneID,5688,6
1570,GeneID,5686,6
1571,GeneID,143471,6
1572,GeneID,5682,6
1573,GeneID,5685,6
1574,GeneID,5684,6
1575,GeneID,5683,6
1576,GeneID,5695,6
1577,GeneID,122706,6
1578,GeneID,5596,6
1579,GeneID,27115,6
1580,GeneID,5328,6
1581,GeneID,58959,6
1582,GeneID,282682,6
1583,GeneID,7357,6
1584,GeneID,3818,6
1585,GeneID,29117,6
1586,GeneID,5147,6
1587,GeneID,5145,6
1588,GeneID,26227,6
1589,GeneID,945019,6
1590,GeneID,75202014,6
1591,GeneID,107,6
1592,GeneID,10203,6
1593,GeneID,227289,6
1594,GeneID,652,6
1595,GeneID,45425463,6
1596,GeneID,886523,6
1597,GeneID,6548,6
1598,GeneID,1595,6
1599,GeneID,9132,6
1600,GeneID,56479,6
1601,GeneID,132,6
1602,GeneID,1233,6
1603,GeneID,29254,6
1604,GeneID,5724,6
1605,GeneID,7004,6
1606,GeneID,57105,6
1607,GeneID,25102,6
1608,GeneID,25103,6
1609,GeneID,170945,6
1610,GeneID,64574,6
1611,GeneID,25101,6
1612,GeneID,57721,6
1613,GeneID,10926,6
1614,GeneID,56670,6
1615,GeneID,969,6
1616,GeneID,113914,6
1617,GeneID,3569,6
1618,GeneID,2983,6
1619,GeneID,3552837,6
1620,GeneID,3554116,6
1621,GeneID,3763,6
1622,GeneID,27347,6
1623,GeneID,841,6
1624,GeneID,7052,6
1625,GeneID,80271,6
1626,GeneID,51592,6
1627,GeneID,53904,6
1628,GeneID,814,6
1629,GeneID,5609,6
1630,GeneID,4325,6
1631,GeneID,9507,6
1632,GeneID,10135,6
1633,GeneID,80198,6
1634,GeneID,8030,6
1635,GeneID,3799,6
1636,GeneID,31,6
1637,GeneID,11329,6
1638,GeneID,55872,6
1639,GeneID,83903,6
1640,GeneID,9943,6
1641,GeneID,11011,6
1642,GeneID,8899,6
1643,GeneID,7852,6
1644,GeneID,5888,6
1645,GeneID,886142,6
1646,GeneID,597,6
1647,GeneID,494551,6
1648,GeneID,19766,6
1649,GeneID,100136865,6
1650,GeneID,57014,6
1651,GeneID,15551,6
1652,GeneID,15559,6
1653,GeneID,444,6
1654,GeneID,8314,6
1655,GeneID,6507,6
1656,GeneID,30955,6
1657,GeneID,26191,6
1658,GeneID,9294,6
1659,GeneID,5138,6
1660,GeneID,65156,6
1661,GeneID,2833,6
1662,GeneID,51548,6
1663,GeneID,50672,6
1664,GeneID,89492124,6
1665,GeneID,878149,6
1666,GeneID,115584,6
1667,GeneID,25976,6
1668,GeneID,8694,6
1669,GeneID,55107,6
1670,GeneID,83569,6
1671,GeneID,6833,6
1672,GeneID,3767,6
1673,GeneID,84876,6
1674,GeneID,246074,6
1675,GeneID,6565,6
1676,GeneID,1237,6
1677,GeneID,881789,6
1678,GeneID,15567,6
1679,GeneID,20538,6
1680,GeneID,2103,6
1681,GeneID,2539,6
1682,GeneID,83666,6
1683,GeneID,12044,6
1684,GeneID,645,6
1685,GeneID,253430,6
1686,GeneID,11552,6
1687,GeneID,83633,6
1688,GeneID,24904,6
1689,GeneID,5997907,6
1690,GeneID,396338,6
1691,GeneID,396318,6
1692,GeneID,396319,6
1693,GeneID,55270,6
1694,GeneID,9033,6
1695,GeneID,404007,6
1696,GeneID,24598,6
1697,GeneID,18387,5
1698,GeneID,4160,5
1699,GeneID,306255,5
1700,GeneID,3761,5
1701,GeneID,3674,5
1702,GeneID,55170,5
1703,GeneID,84444,5
1704,GeneID,29553,5
1705,GeneID,12978,5
1706,GeneID,412,5
1707,GeneID,25825,5
1708,GeneID,200424,5
1709,GeneID,55693,5
1710,GeneID,54790,5
1711,GeneID,3683,5
1712,GeneID,6597,5
1713,GeneID,84126,5
1714,GeneID,414425,5
1715,GeneID,5149,5
1716,GeneID,5158,5
1717,GeneID,5148,5
1718,GeneID,9934,5
1719,GeneID,25645,5
1720,GeneID,1143,5
1721,GeneID,4318,5
1722,GeneID,396924,5
1723,GeneID,100009114,5
1724,GeneID,100271999,5
1725,GeneID,29659,5
1726,GeneID,7173,5
1727,GeneID,5313,5
1728,GeneID,12288,5
1729,GeneID,2950,5
1730,GeneID,4311,5
1731,GeneID,747,5
1732,GeneID,11313,5
1733,GeneID,221955,5
1734,GeneID,6257,5
1735,GeneID,51185,5
1736,GeneID,23566,5
1737,GeneID,6241,5
1738,GeneID,6240,5
1739,GeneID,81742,5
1740,GeneID,29691,5
1741,GeneID,27198,5
1742,GeneID,25706,5
1743,GeneID,3762,5
1744,GeneID,19224,5
1745,GeneID,25116,5
1746,GeneID,2837,5
1747,GeneID,13849,5
1748,GeneID,1592,5
1749,GeneID,25605,5
1750,GeneID,2870,5
1751,GeneID,6776,5
1752,GeneID,9064,5
1753,GeneID,5286,5
1754,GeneID,23617,5
1755,GeneID,4322,5
1756,GeneID,4312,5
1757,GeneID,545,5
1758,GeneID,24629,5
1759,GeneID,22806,5
1760,GeneID,2521,5
1761,GeneID,5023,5
1762,GeneID,3945,5
1763,GeneID,32,5
1764,GeneID,5223,5
1765,GeneID,14745,5
1766,GeneID,113235,5
1767,GeneID,29881,5
1768,GeneID,217,5
1769,GeneID,995,5
1770,GeneID,25522,5
1771,GeneID,29340,5
1772,GeneID,3735,5
1773,GeneID,396445,5
1774,GeneID,170538,5
1775,GeneID,24680,5
1776,GeneID,81749,5
1777,GeneID,6794,5
1778,GeneID,85420,5
1779,GeneID,5185061,5
1780,GeneID,280740,5
1781,GeneID,948684,5
1782,GeneID,86861438,5
1783,GeneID,2339,5
1784,GeneID,5777,5
1785,GeneID,79400,5
1786,GeneID,134826889,5
1787,GeneID,3619,5
1788,GeneID,596,5
1789,GeneID,572,5
1790,GeneID,3077439,5
1791,GeneID,3077575,5
1792,GeneID,3783774,5
1793,GeneID,298521,5
1794,GeneID,24407,5
1795,GeneID,2901,5
1796,GeneID,2898,5
1797,GeneID,24406,5
1798,GeneID,54257,5
1799,GeneID,1514,5
1800,GeneID,101843941,5
1801,GeneID,22171,5
1802,GeneID,5150,5
1803,GeneID,290646,5
1804,GeneID,24626,5
1805,GeneID,24627,5
1806,GeneID,25638,5
1807,GeneID,54956,5
1808,GeneID,100720710,5
1809,GeneID,100009551,5
1810,GeneID,25342,5
1811,GeneID,4015,5
1812,GeneID,367562,5
1813,GeneID,497756,5
1814,GeneID,53829,5
1815,GeneID,100135473,5
1816,GeneID,1995,5
1817,GeneID,604,5
1818,GeneID,780973,5
1819,GeneID,282239,5
1820,GeneID,81930,5
1821,GeneID,6579,5
1822,GeneID,14073,5
1823,GeneID,10724,5
1824,GeneID,6554,5
1825,GeneID,2977,5
1826,GeneID,2743,5
1827,GeneID,6786,5
1828,GeneID,54878,5
1829,GeneID,91039,5
1830,GeneID,9152,5
1831,GeneID,952,5
1832,GeneID,9568,5
1833,GeneID,20249,5
1834,GeneID,84456,5
1835,GeneID,5771,5
1836,GeneID,29571,5
1837,GeneID,64677,5
1838,GeneID,24950,5
1839,GeneID,1553,5
1840,GeneID,281972,5
1841,GeneID,166929,5
1842,GeneID,495,5
1843,GeneID,692756,5
1844,GeneID,5331,5
1845,GeneID,7166,5
1846,GeneID,5054,5
1847,GeneID,873,5
1848,GeneID,330,5
1849,GeneID,7403,5
1850,GeneID,22173,5
1851,GeneID,243764,5
1852,GeneID,6529,5
1853,GeneID,54349,5
1854,GeneID,29738,5
1855,GeneID,1728,5
1856,GeneID,29503,5
1857,GeneID,10073,5
1858,GeneID,3837,5
1859,GeneID,16521,5
1860,GeneID,281605,5
1861,GeneID,24186,5
1862,GeneID,18399,5
1863,GeneID,3249,5
1864,GeneID,153562,5
1865,GeneID,1513,4
1866,GeneID,5476,4
1867,GeneID,81574,4
1868,GeneID,25399,4
1869,GeneID,3693,4
1870,GeneID,24807,4
1871,GeneID,56950,4
1872,GeneID,11542,4
1873,GeneID,11540,4
1874,GeneID,16590,4
1875,GeneID,99296,4
1876,GeneID,24808,4
1877,GeneID,55818,4
1878,GeneID,8284,4
1879,GeneID,9978,4
1880,GeneID,10327,4
1881,GeneID,2739,4
1882,GeneID,29465,4
1883,GeneID,4507,4
1884,GeneID,55239,4
1885,GeneID,112399,4
1886,GeneID,80312,4
1887,GeneID,57704,4
1888,GeneID,6324,4
1889,GeneID,6327,4
1890,GeneID,57121,4
1891,GeneID,2569,4
1892,GeneID,397432,4
1893,GeneID,5164,4
1894,GeneID,162514,4
1895,GeneID,25636,4
1896,GeneID,20652,4
1897,GeneID,493724,4
1898,GeneID,25797,4
1899,GeneID,24176,4
1900,GeneID,24451,4
1901,GeneID,22953,4
1902,GeneID,2280,4
1903,GeneID,3615,4
1904,GeneID,3614,4
1905,GeneID,11343,4
1906,GeneID,23186,4
1907,GeneID,56413,4
1908,GeneID,11545,4
1909,GeneID,5836,4
1910,GeneID,147111,4
1911,GeneID,81672,4
1912,GeneID,9388,4
1913,GeneID,3605,4
1914,GeneID,476,4
1915,GeneID,231871,4
1916,GeneID,23959,4
1917,GeneID,6258,4
1918,GeneID,8013,4
1919,GeneID,214084,4
1920,GeneID,111174,4
1921,GeneID,9656,4
1922,GeneID,5972,4
1923,GeneID,2990,4
1924,GeneID,9975,4
1925,GeneID,51305,4
1926,GeneID,8877,4
1927,GeneID,5030,4
1928,GeneID,3291,4
1929,GeneID,56603,4
1930,GeneID,6272,4
1931,GeneID,25593,4
1932,GeneID,23012,4
1933,GeneID,369,4
1934,GeneID,45025515,4
1935,GeneID,138474,4
1936,GeneID,11096,4
1937,GeneID,4314,4
1938,GeneID,9039,4
1939,GeneID,25400,4
1940,GeneID,2618,4
1941,GeneID,888777,4
1942,GeneID,23387,4
1943,GeneID,4836,4
1944,GeneID,13982,4
1945,GeneID,18024,4
1946,GeneID,2348,4
1947,GeneID,6573,4
1948,GeneID,121536,4
1949,GeneID,5928,4
1950,GeneID,218,4
1951,GeneID,114783,4
1952,GeneID,22983,4
1953,GeneID,7532,4
1954,GeneID,20878,4
1955,GeneID,440275,4
1956,GeneID,4869,4
1957,GeneID,4752,4
1958,GeneID,894,4
1959,GeneID,1682479,4
1960,GeneID,23533,4
1961,GeneID,12672,4
1962,GeneID,15562,4
1963,GeneID,26824004,4
1964,GeneID,2342,4
1965,GeneID,100529261,4
1966,GeneID,2149,4
1967,GeneID,22974,4
1968,GeneID,2646,4
1969,GeneID,4350,4
1970,GeneID,2899,4
1971,GeneID,6505,4
1972,GeneID,2912,4
1973,GeneID,18707,4
1974,GeneID,64324,4
1975,GeneID,1843,4
1976,GeneID,1508,4
1977,GeneID,637,4
1978,GeneID,387893,4
1979,GeneID,13361,4
1980,GeneID,2356,4
1981,GeneID,290,4
1982,GeneID,56341,4
1983,GeneID,855480,4
1984,GeneID,3958,4
1985,GeneID,3956,4
1986,GeneID,397457,4
1987,GeneID,64803,4
1988,GeneID,5032,4
1989,GeneID,58813,4
1990,GeneID,3312,4
1991,GeneID,84239099,4
1992,GeneID,64522,4
1993,GeneID,282236,4
1994,GeneID,282237,4
1995,GeneID,282240,4
1996,GeneID,282238,4
1997,GeneID,15930,4
1998,GeneID,3743,4
1999,GeneID,100909648,4
2000,GeneID,79727,4
2001,GeneID,25096,4
2002,GeneID,21812,4
2003,GeneID,65248,4
2004,GeneID,25520,4
2005,GeneID,2529,4
2006,GeneID,16523,4
2007,GeneID,497770,4
2008,GeneID,81752,4
2009,GeneID,25537,4
2010,GeneID,22416,4
2011,GeneID,64462,4
2012,GeneID,13350,4
2013,GeneID,84497,4
2014,GeneID,6506,4
2015,GeneID,6513,4
2016,GeneID,24777,4
2017,GeneID,58978,4
2018,GeneID,10858,4
2019,GeneID,4547,4
2020,GeneID,397197,4
2021,GeneID,25253,4
2022,GeneID,107221,4
2023,GeneID,7223,4
2024,GeneID,7220,4
2025,GeneID,680,4
2026,GeneID,1071,4
2027,GeneID,29904,4
2028,GeneID,4968,4
2029,GeneID,6715,4
2030,GeneID,6536,4
2031,GeneID,81739,4
2032,GeneID,12972,4
2033,GeneID,3074,4
2034,GeneID,11622,4
2035,GeneID,64840,4
2036,GeneID,397552,4
2037,GeneID,100157809,4
2038,GeneID,25146,4
2039,GeneID,9153,4
2040,GeneID,5726,4
2041,GeneID,81657,4
2042,GeneID,12293,4
2043,GeneID,259230,4
2044,GeneID,2023,4
2045,GeneID,60577,4
2046,GeneID,851520,4
2047,GeneID,6716,4
2048,GeneID,27154,4
2049,GeneID,280685,4
2050,GeneID,854324,4
2051,GeneID,57599,4
2052,GeneID,12229,4
2053,GeneID,887529,4
2054,GeneID,79001,4
2055,GeneID,3105,4
2056,GeneID,60422,4
2057,GeneID,64532,4
2058,GeneID,4513,4
2059,GeneID,890,4
2060,GeneID,232333,4
2061,GeneID,26416,4
2062,GeneID,2936,4
2063,GeneID,29509,4
2064,GeneID,1582,4
2065,GeneID,888819,4
2066,GeneID,888373,4
2067,GeneID,16502,4
2068,GeneID,25468,4
2069,GeneID,122042,4
2070,GeneID,12671,4
2071,GeneID,222962,4
2072,GeneID,170698,4
2073,GeneID,7025,4
2074,GeneID,11835,4
2075,GeneID,3641571,4
2076,GeneID,1606,4
2077,GeneID,887105,4
2078,GeneID,5651,4
2079,GeneID,3293,4
2080,GeneID,496,4
2081,GeneID,1499,4
2082,GeneID,16514,4
2083,GeneID,83475,4
2084,GeneID,79052806,4
2085,GeneID,54263,4
2086,GeneID,64095,4
2087,GeneID,367315,4
2088,GeneID,6558,4
2089,GeneID,286762,4
2090,GeneID,2715599,4
2091,GeneID,287024,4
2092,GeneID,615074,4
2093,GeneID,18749,4
2094,GeneID,100135588,3
2095,GeneID,4161,3
2096,GeneID,4157,3
2097,GeneID,257648,3
2098,GeneID,623,3
2099,GeneID,624,3
2100,GeneID,3769,3
2101,GeneID,3766,3
2102,GeneID,1789,3
2103,GeneID,10196,3
2104,GeneID,5929,3
2105,GeneID,9070,3
2106,GeneID,12443,3
2107,GeneID,14257,3
2108,GeneID,100135541,3
2109,GeneID,2358,3
2110,GeneID,5151,3
2111,GeneID,2155,3
2112,GeneID,615026,3
2113,GeneID,5327,3
2114,GeneID,780933,3
2115,GeneID,25007,3
2116,GeneID,1236,3
2117,GeneID,3695,3
2118,GeneID,7422,3
2119,GeneID,178,3
2120,GeneID,54904,3
2121,GeneID,85309,3
2122,GeneID,5165,3
2123,GeneID,5166,3
2124,GeneID,8714,3
2125,GeneID,5950,3
2126,GeneID,51393,3
2127,GeneID,84022,3
2128,GeneID,100303771,3
2129,GeneID,171108,3
2130,GeneID,140795,3
2131,GeneID,24953,3
2132,GeneID,10267,3
2133,GeneID,26419,3
2134,GeneID,7182,3
2135,GeneID,100009586,3
2136,GeneID,100343957,3
2137,GeneID,15185,3
2138,GeneID,63885,3
2139,GeneID,29843,3
2140,GeneID,24419,3
2141,GeneID,25368,3
2142,GeneID,888551,3
2143,GeneID,45426178,3
2144,GeneID,29682,3
2145,GeneID,8463,3
2146,GeneID,16453,3
2147,GeneID,31165,3
2148,GeneID,35540,3
2149,GeneID,1119,3
2150,GeneID,824,3
2151,GeneID,6199,3
2152,GeneID,25672,3
2153,GeneID,477,3
2154,GeneID,482,3
2155,GeneID,481,3
2156,GeneID,480,3
2157,GeneID,486,3
2158,GeneID,483,3
2159,GeneID,478,3
2160,GeneID,4017,3
2161,GeneID,2186,3
2162,GeneID,949054,3
2163,GeneID,75206171,3
2164,GeneID,1642,3
2165,GeneID,12774,3
2166,GeneID,6469,3
2167,GeneID,6348,3
2168,GeneID,1437,3
2169,GeneID,23049,3
2170,GeneID,1591,3
2171,GeneID,24297,3
2172,GeneID,2747,3
2173,GeneID,100719593,3
2174,GeneID,946546,3
2175,GeneID,66674095,3
2176,GeneID,12362,3
2177,GeneID,56848,3
2178,GeneID,116744,3
2179,GeneID,8814,3
2180,GeneID,4324,3
2181,GeneID,29947,3
2182,GeneID,1788,3
2183,GeneID,813740,3
2184,GeneID,25267,3
2185,GeneID,2935,3
2186,GeneID,886300,3
2187,GeneID,45424424,3
2188,GeneID,13983,3
2189,GeneID,169355,3
2190,GeneID,60581,3
2191,GeneID,23030,3
2192,GeneID,5373,3
2193,GeneID,219972,3
2194,GeneID,875,3
2195,GeneID,102724560,3
2196,GeneID,84582,3
2197,GeneID,297893,3
2198,GeneID,9611,3
2199,GeneID,363287,3
2200,GeneID,84578,3
2201,GeneID,283455,3
2202,GeneID,389840,3
2203,GeneID,65268,3
2204,GeneID,54861,3
2205,GeneID,9020,3
2206,GeneID,813841,3
2207,GeneID,10454,3
2208,GeneID,282041,3
2209,GeneID,21898,3
2210,GeneID,6754,3
2211,GeneID,6752,3
2212,GeneID,508809,3
2213,GeneID,396449,3
2214,GeneID,3919354,3
2215,GeneID,66839059,3
2216,GeneID,9361,3
2217,GeneID,10017,3
2218,GeneID,2152,3
2219,GeneID,3636,3
2220,GeneID,4661,3
2221,GeneID,110279,3
2222,GeneID,7444,3
2223,GeneID,20779,3
2224,GeneID,12747,3
2225,GeneID,85243,3
2226,GeneID,50599,3
2227,GeneID,5229,3
2228,GeneID,56718,3
2229,GeneID,26575,3
2230,GeneID,55775,3
2231,GeneID,61419528,3
2232,GeneID,56717,3
2233,GeneID,24415,3
2234,GeneID,24416,3
2235,GeneID,3973,3
2236,GeneID,64421,3
2237,GeneID,3684,3
2238,GeneID,14186,3
2239,GeneID,2900,3
2240,GeneID,471,3
2241,GeneID,10287,3
2242,GeneID,16452,3
2243,GeneID,5320,3
2244,GeneID,37616440,3
2245,GeneID,29733,3
2246,GeneID,86862725,3
2247,GeneID,946955,3
2248,GeneID,5788,3
2249,GeneID,55825,3
2250,GeneID,20182,3
2251,GeneID,20183,3
2252,GeneID,16854,3
2253,GeneID,294362,3
2254,GeneID,56749,3
2255,GeneID,5031,3
2256,GeneID,3303,3
2257,GeneID,3309,3
2258,GeneID,100303708,3
2259,GeneID,2171,3
2260,GeneID,2167,3
2261,GeneID,2168,3
2262,GeneID,396816,3
2263,GeneID,78959,3
2264,GeneID,281293,3
2265,GeneID,3738,3
2266,GeneID,24782,3
2267,GeneID,292661,3
2268,GeneID,64562,3
2269,GeneID,14293,3
2270,GeneID,14812,3
2271,GeneID,5737,3
2272,GeneID,64816,3
2273,GeneID,100861540,3
2274,GeneID,27163,3
2275,GeneID,266607,3
2276,GeneID,302813,3
2277,GeneID,586,3
2278,GeneID,25747,3
2279,GeneID,18777,3
2280,GeneID,2590,3
2281,GeneID,497757,3
2282,GeneID,9293,3
2283,GeneID,3764,3
2284,GeneID,10060,3
2285,GeneID,64834,3
2286,GeneID,397134,3
2287,GeneID,54165,3
2288,GeneID,12772,3
2289,GeneID,25264,3
2290,GeneID,2925,3
2291,GeneID,4829,3
2292,GeneID,4889,3
2293,GeneID,64754,3
2294,GeneID,10320,3
2295,GeneID,6564,3
2296,GeneID,1312,3
2297,GeneID,23657,3
2298,GeneID,55512,3
2299,GeneID,7347,3
2300,GeneID,5007,3
2301,GeneID,6606,3
2302,GeneID,23173,3
2303,GeneID,1660,3
2304,GeneID,25147,3
2305,GeneID,4298,3
2306,GeneID,1589,3
2307,GeneID,54207,3
2308,GeneID,177,3
2309,GeneID,719,3
2310,GeneID,397131,3
2311,GeneID,6721,3
2312,GeneID,23133,3
2313,GeneID,885903,3
2314,GeneID,389,3
2315,GeneID,29580,3
2316,GeneID,221120,3
2317,GeneID,65125,3
2318,GeneID,281970,3
2319,GeneID,281969,3
2320,GeneID,100135547,3
2321,GeneID,220,3
2322,GeneID,888740,3
2323,GeneID,855135,3
2324,GeneID,7099,3
2325,GeneID,2140,3
2326,GeneID,978,3
2327,GeneID,423704,3
2328,GeneID,6262,3
2329,GeneID,9615,3
2330,GeneID,24834,3
2331,GeneID,19886,3
2332,GeneID,56637,3
2333,GeneID,278,3
2334,GeneID,277,3
2335,GeneID,276,3
2336,GeneID,79444,3
2337,GeneID,5169,3
2338,GeneID,5167,3
2339,GeneID,121278,3
2340,GeneID,304496,3
2341,GeneID,361618,3
2342,GeneID,852457,3
2343,GeneID,191,3
2344,GeneID,1977,3
2345,GeneID,14527,3
2346,GeneID,25303,3
2347,GeneID,781,3
2348,GeneID,24385,3
2349,GeneID,222236,3
2350,GeneID,309004,3
2351,GeneID,403825,3
2352,GeneID,51056,3
2353,GeneID,427317,3
2354,GeneID,5649109,3
2355,GeneID,5651987,3
2356,GeneID,81636,3
2357,GeneID,25289,3
2358,GeneID,54223,3
2359,GeneID,29241,3
2360,GeneID,64508,3
2361,GeneID,280993,3
2362,GeneID,57582,3
2363,GeneID,874,3
2364,GeneID,888176,3
2365,GeneID,888174,3
2366,GeneID,45426451,3
2367,GeneID,20517,3
2368,GeneID,100009237,3
2369,GeneID,2570,3
2370,GeneID,200959,3
2371,GeneID,171163,3
2372,GeneID,29504,3
2373,GeneID,3509526,3
2374,GeneID,16485,3
2375,GeneID,16495,3
2376,GeneID,100101555,3
2377,GeneID,879547,3
2378,GeneID,102131116,3
2379,GeneID,11761,3
2380,GeneID,727,3
2381,GeneID,2717,3
2382,GeneID,25053,3
2383,GeneID,3174,3
2384,GeneID,6570,3
2385,GeneID,100008601,3
2386,GeneID,25665,3
2387,GeneID,1831,3
2388,GeneID,19879,3
2389,GeneID,25874,3
2390,GeneID,853758,3
2391,GeneID,6096,3
2392,GeneID,6609,3
2393,GeneID,4000,3
2394,GeneID,353189,3
2395,GeneID,45423962,3
2396,GeneID,887081,3
2397,GeneID,403910,3
2398,GeneID,25469,3
2399,GeneID,6472,3
2400,GeneID,58800,3
2401,GeneID,11554,3
2402,GeneID,9154,3
2403,GeneID,100,3
2404,GeneID,68667,3
2405,GeneID,41,3
2406,GeneID,381203,3
2407,GeneID,160728,3
2408,GeneID,24310,3
2409,GeneID,83535,3
2410,GeneID,80885,3
2411,GeneID,353250,3
2412,GeneID,24300,3
2413,GeneID,1571,3
2414,GeneID,25818,3
2415,GeneID,6557,3
2416,GeneID,5498,3
2417,GeneID,2715607,3
2418,GeneID,397492,3
2419,GeneID,22368,3
2420,GeneID,84889,3
2421,GeneID,2867,3
2422,GeneID,1515,2
2423,GeneID,17202,2
2424,GeneID,17199,2
2425,GeneID,17203,2
2426,GeneID,17201,2
2427,GeneID,25265,2
2428,GeneID,3759,2
2429,GeneID,24521,2
2430,GeneID,84787,2
2431,GeneID,84661,2
2432,GeneID,4835998,2
2433,GeneID,4836014,2
2434,GeneID,935181,2
2435,GeneID,4836003,2
2436,GeneID,5925,2
2437,GeneID,117194,2
2438,GeneID,100135626,2
2439,GeneID,101839819,2
2440,GeneID,21338,2
2441,GeneID,64475,2
2442,GeneID,6923,2
2443,GeneID,8453,2
2444,GeneID,6921,2
2445,GeneID,54496,2
2446,GeneID,84023,2
2447,GeneID,19219,2
2448,GeneID,281801,2
2449,GeneID,157,2
2450,GeneID,11073,2
2451,GeneID,29234,2
2452,GeneID,14387,2
2453,GeneID,10003,2
2454,GeneID,2160,2
2455,GeneID,2830,2
2456,GeneID,574402,2
2457,GeneID,100135627,2
2458,GeneID,2696,2
2459,GeneID,108,2
2460,GeneID,114,2
2461,GeneID,111,2
2462,GeneID,281510,2
2463,GeneID,4860,2
2464,GeneID,57007,2
2465,GeneID,6817,2
2466,GeneID,3696,2
2467,GeneID,24816,2
2468,GeneID,80910,2
2469,GeneID,2158,2
2470,GeneID,266770,2
2471,GeneID,6549,2
2472,GeneID,100009430,2
2473,GeneID,397498,2
2474,GeneID,101,2
2475,GeneID,8078,2
2476,GeneID,24088,2
2477,GeneID,7097,2
2478,GeneID,21897,2
2479,GeneID,7096,2
2480,GeneID,2289,2
2481,GeneID,1140,2
2482,GeneID,1144,2
2483,GeneID,1146,2
2484,GeneID,12773,2
2485,GeneID,86862606,2
2486,GeneID,944816,2
2487,GeneID,3673,2
2488,GeneID,233081,2
2489,GeneID,282306,2
2490,GeneID,5837,2
2491,GeneID,110651,2
2492,GeneID,2353,2
2493,GeneID,24590,2
2494,GeneID,16451,2
2495,GeneID,79239,2
2496,GeneID,4023,2
2497,GeneID,84112,2
2498,GeneID,8435,2
2499,GeneID,3752,2
2500,GeneID,84695,2
2501,GeneID,10617,2
2502,GeneID,2841,2
2503,GeneID,282883,2
2504,GeneID,1594,2
2505,GeneID,5111,2
2506,GeneID,946149,2
2507,GeneID,75204461,2
2508,GeneID,5209,2
2509,GeneID,81600,2
2510,GeneID,5033,2
2511,GeneID,54681,2
2512,GeneID,25027,2
2513,GeneID,15484,2
2514,GeneID,100125991,2
2515,GeneID,8625606,2
2516,GeneID,4804,2
2517,GeneID,14816,2
2518,GeneID,57305,2
2519,GeneID,2073,2
2520,GeneID,25272,2
2521,GeneID,7443,2
2522,GeneID,64386,2
2523,GeneID,649,2
2524,GeneID,4316,2
2525,GeneID,56547,2
2526,GeneID,4317,2
2527,GeneID,2120,2
2528,GeneID,855224,2
2529,GeneID,16913,2
2530,GeneID,8544,2
2531,GeneID,3586,2
2532,GeneID,3508953,2
2533,GeneID,2621,2
2534,GeneID,4225,2
2535,GeneID,282004,2
2536,GeneID,4851,2
2537,GeneID,397343,2
2538,GeneID,80332,2
2539,GeneID,55031,2
2540,GeneID,57602,2
2541,GeneID,55611,2
2542,GeneID,2735,2
2543,GeneID,7965,2
2544,GeneID,13435,2
2545,GeneID,433759,2
2546,GeneID,282974,2
2547,GeneID,1326,2
2548,GeneID,79811,2
2549,GeneID,7296,2
2550,GeneID,219771,2
2551,GeneID,12143,2
2552,GeneID,770,2
2553,GeneID,109880,2
2554,GeneID,3178,2
2555,GeneID,21969,2
2556,GeneID,6755,2
2557,GeneID,398457,2
2558,GeneID,11682,2
2559,GeneID,13649,2
2560,GeneID,100008972,2
2561,GeneID,170911,2
2562,GeneID,11651,2
2563,GeneID,16001,2
2564,GeneID,9088,2
2565,GeneID,1145,2
2566,GeneID,12038,2
2567,GeneID,290567,2
2568,GeneID,26395,2
2569,GeneID,110606,2
2570,GeneID,281169,2
2571,GeneID,14272,2
2572,GeneID,327686,2
2573,GeneID,1491,2
2574,GeneID,947097,2
2575,GeneID,2913,2
2576,GeneID,65267,2
2577,GeneID,74769,2
2578,GeneID,81670,2
2579,GeneID,75202088,2
2580,GeneID,944786,2
2581,GeneID,2150,2
2582,GeneID,773,2
2583,GeneID,14183,2
2584,GeneID,581,2
2585,GeneID,12043,2
2586,GeneID,578,2
2587,GeneID,5547,2
2588,GeneID,8517,2
2589,GeneID,148252,2
2590,GeneID,5322,2
2591,GeneID,4893,2
2592,GeneID,390502,2
2593,GeneID,8754,2
2594,GeneID,7295,2
2595,GeneID,9520,2
2596,GeneID,3965,2
2597,GeneID,16852,2
2598,GeneID,3960,2
2599,GeneID,56646,2
2600,GeneID,69146,2
2601,GeneID,79792,2
2602,GeneID,100009066,2
2603,GeneID,3885966,2
2604,GeneID,3304,2
2605,GeneID,3833,2
2606,GeneID,14080,2
2607,GeneID,2170,2
2608,GeneID,8871,2
2609,GeneID,25552,2
2610,GeneID,37892,2
2611,GeneID,100008647,2
2612,GeneID,6768,2
2613,GeneID,19217,2
2614,GeneID,886125,2
2615,GeneID,25197,2
2616,GeneID,6480,2
2617,GeneID,18747,2
2618,GeneID,20266,2
2619,GeneID,72821,2
2620,GeneID,882335,2
2621,GeneID,28248,2
2622,GeneID,83500,2
2623,GeneID,23492,2
2624,GeneID,18,2
2625,GeneID,7879,2
2626,GeneID,281914,2
2627,GeneID,14289,2
2628,GeneID,309212,2
2629,GeneID,387285,2
2630,GeneID,81668,2
2631,GeneID,8876,2
2632,GeneID,64680,2
2633,GeneID,154968,2
2634,GeneID,56965,2
2635,GeneID,1890,2
2636,GeneID,948901,2
2637,GeneID,47,2
2638,GeneID,427,2
2639,GeneID,8313,2
2640,GeneID,868,2
2641,GeneID,5321,2
2642,GeneID,2305,2
2643,GeneID,26394,2
2644,GeneID,2153,2
2645,GeneID,50868,2
2646,GeneID,54659,2
2647,GeneID,9002,2
2648,GeneID,620246,2
2649,GeneID,2004,2
2650,GeneID,4149,2
2651,GeneID,286764,2
2652,GeneID,22260,2
2653,GeneID,24784,2
2654,GeneID,116509,2
2655,GeneID,1675,2
2656,GeneID,12494,2
2657,GeneID,3990,2
2658,GeneID,60628,2
2659,GeneID,6291,2
2660,GeneID,6288,2
2661,GeneID,3240,2
2662,GeneID,11001,2
2663,GeneID,55811,2
2664,GeneID,281105,2
2665,GeneID,1361,2
2666,GeneID,1360,2
2667,GeneID,3795,2
2668,GeneID,10533,2
2669,GeneID,64666,2
2670,GeneID,6895,2
2671,GeneID,362443,2
2672,GeneID,23463,2
2673,GeneID,7101,2
2674,GeneID,3073,2
2675,GeneID,23762,2
2676,GeneID,5931,2
2677,GeneID,60,2
2678,GeneID,18168,2
2679,GeneID,100996758,2
2680,GeneID,5540,2
2681,GeneID,4255,2
2682,GeneID,8529,2
2683,GeneID,1579,2
2684,GeneID,396766,2
2685,GeneID,947882,2
2686,GeneID,75202019,2
2687,GeneID,2863,2
2688,GeneID,7473,2
2689,GeneID,10797,2
2690,GeneID,13162,2
2691,GeneID,59283,2
2692,GeneID,100034242,2
2693,GeneID,100034175,2
2694,GeneID,4047,2
2695,GeneID,20186,2
2696,GeneID,20181,2
2697,GeneID,8542,2
2698,GeneID,54799,2
2699,GeneID,948847,2
2700,GeneID,17171,2
2701,GeneID,7225,2
2702,GeneID,80853,2
2703,GeneID,7412,2
2704,GeneID,18162,2
2705,GeneID,294075,2
2706,GeneID,387,2
2707,GeneID,8566,2
2708,GeneID,396061,2
2709,GeneID,54331,2
2710,GeneID,2782,2
2711,GeneID,8505,2
2712,GeneID,2222,2
2713,GeneID,15112,2
2714,GeneID,23210,2
2715,GeneID,3816,2
2716,GeneID,10002,2
2717,GeneID,3145,2
2718,GeneID,117,2
2719,GeneID,4891,2
2720,GeneID,6932,2
2721,GeneID,1759,2
2722,GeneID,2067,2
2723,GeneID,2072,2
2724,GeneID,1841,2
2725,GeneID,542585,2
2726,GeneID,84678,2
2727,GeneID,54166246,2
2728,GeneID,68758,2
2729,GeneID,1357,2
2730,GeneID,837168,2
2731,GeneID,3988,2
2732,GeneID,2805,2
2733,GeneID,11177,2
2734,GeneID,403693,2
2735,GeneID,17246,2
2736,GeneID,8031,2
2737,GeneID,25155,2
2738,GeneID,11176,2
2739,GeneID,12495,2
2740,GeneID,63997,2
2741,GeneID,84630,2
2742,GeneID,12768,2
2743,GeneID,10753,2
2744,GeneID,397027,2
2745,GeneID,826,2
2746,GeneID,53978,2
2747,GeneID,2846,2
2748,GeneID,55991,2
2749,GeneID,89488095,2
2750,GeneID,83451,2
2751,GeneID,1232,2
2752,GeneID,26420,2
2753,GeneID,23821,2
2754,GeneID,9194,2
2755,GeneID,6566,2
2756,GeneID,22064,2
2757,GeneID,72269,2
2758,GeneID,11486,2
2759,GeneID,6517,2
2760,GeneID,2247,2
2761,GeneID,20264,2
2762,GeneID,100137047,2
2763,GeneID,887777,2
2764,GeneID,3547029,2
2765,GeneID,3146,2
2766,GeneID,29672699,2
2767,GeneID,1994,2
2768,GeneID,29735,2
2769,GeneID,399501,2
2770,GeneID,29173,2
2771,GeneID,12750,2
2772,GeneID,12748,2
2773,GeneID,243616,2
2774,GeneID,79213,2
2775,GeneID,14412,2
2776,GeneID,6533,2
2777,GeneID,6539,2
2778,GeneID,6538,2
2779,GeneID,50676,2
2780,GeneID,11156,2
2781,GeneID,4538,2
2782,GeneID,10576,2
2783,GeneID,89776,2
2784,GeneID,19215,2
2785,GeneID,14764,2
2786,GeneID,887059,2
2787,GeneID,45425226,2
2788,GeneID,8001,2
2789,GeneID,12292,2
2790,GeneID,12289,2
2791,GeneID,3744,2
2792,GeneID,443228,2
2793,GeneID,443066,2
2794,GeneID,24434,2
2795,GeneID,5655980,2
2796,GeneID,22341,2
2797,GeneID,853455,2
2798,GeneID,8828,2
2799,GeneID,60444,2
2800,GeneID,374212,2
2801,GeneID,9312,2
2802,GeneID,117144,2
2803,GeneID,282471,2
2804,GeneID,397808,2
2805,GeneID,29221,2
2806,GeneID,18171,2
2807,GeneID,100720210,2
2808,GeneID,83511,2
2809,GeneID,493856,2
2810,GeneID,8454,2
2811,GeneID,850333,2
2812,GeneID,25271,2
2813,GeneID,2538,2
2814,GeneID,56302,2
2815,GeneID,146057,2
2816,GeneID,89517624,2
2817,GeneID,949035,2
2818,GeneID,956535,2
2819,GeneID,13,2
2820,GeneID,520277,2
2821,GeneID,617095,2
2822,GeneID,100297344,2
2823,GeneID,6261,2
2824,GeneID,114115,2
2825,GeneID,113995,2
2826,GeneID,27161,2
2827,GeneID,100192325,2
2828,GeneID,100135518,2
2829,GeneID,11689,2
2830,GeneID,808,2
2831,GeneID,805,2
2832,GeneID,801,2
2833,GeneID,1103,2
2834,GeneID,140803,2
2835,GeneID,83803,2
2836,GeneID,7514,2
2837,GeneID,14815,2
2838,GeneID,173990,2
2839,GeneID,83795,2
2840,GeneID,304827,2
2841,GeneID,8645,2
2842,GeneID,157855,2
2843,GeneID,15166,2
2844,GeneID,15165,2
2845,GeneID,29240,2
2846,GeneID,13488,2
2847,GeneID,397520,2
2848,GeneID,55300,2
2849,GeneID,64078,2
2850,GeneID,9963,2
2851,GeneID,54822,2
2852,GeneID,18438,2
2853,GeneID,5501,2
2854,GeneID,5495,2
2855,GeneID,18104,2
2856,GeneID,1510,2
2857,GeneID,5222,2
2858,GeneID,9311,2
2859,GeneID,2944,2
2860,GeneID,4056,2
2861,GeneID,5927,2
2862,GeneID,12426,2
2863,GeneID,343450,2
2864,GeneID,29850,2
2865,GeneID,956528,2
2866,GeneID,6834,2
2867,GeneID,171115,2
2868,GeneID,12300,2
2869,GeneID,1644,2
2870,GeneID,24715,2
2871,GeneID,158584,2
2872,GeneID,4502,2
2873,GeneID,19252,2
2874,GeneID,54600,2
2875,GeneID,13482,2
2876,GeneID,21803,2
2877,GeneID,17127,2
2878,GeneID,54261,2
2879,GeneID,75203677,2
2880,GeneID,946003,2
2881,GeneID,392,2
2882,GeneID,2909,2
2883,GeneID,827991,2
2884,GeneID,17295,2
2885,GeneID,56503443,2
2886,GeneID,45681742,2
2887,GeneID,93173632,2
2888,GeneID,55503824,2
2889,GeneID,62011605,2
2890,GeneID,67904545,2
2891,GeneID,56662087,2
2892,GeneID,98105341,2
2893,GeneID,93191434,2
2894,GeneID,46200720,2
2895,GeneID,45095325,2
2896,GeneID,93028893,2
2897,GeneID,83048941,2
2898,GeneID,69005742,2
2899,GeneID,93128370,2
2900,GeneID,71052548,2
2901,GeneID,56558708,2
2902,GeneID,93085621,2
2903,GeneID,6337,2
2904,GeneID,6559,2
2905,GeneID,64167,2
2906,GeneID,240028,2
2907,GeneID,54583,2
2908,GeneID,100519976,2
2909,GeneID,64146,2
2910,GeneID,100009251,2
2911,GeneID,12355,2
2912,GeneID,114518,2
2913,GeneID,14633,2
2914,GeneID,25411,2
2915,GeneID,76400711,2
2916,GeneID,947691,2
2917,GeneID,75206033,2
2918,GeneID,100736962,2
2919,GeneID,414911,2
2920,GeneID,72512,2
2921,GeneID,22067,2
2922,GeneID,13609,2
2923,GeneID,29531,2
2924,GeneID,45425858,2
2925,GeneID,885772,2
2926,GeneID,280712,2
2927,GeneID,25637,2
2928,GeneID,1443616,2
2929,GeneID,1608,2
2930,GeneID,56543,2
2931,GeneID,25736,2
2932,GeneID,19401,2
2933,GeneID,19411,2
2934,GeneID,218772,2
2935,GeneID,882260,2
2936,GeneID,856036,2
2937,GeneID,83791,2
2938,GeneID,84649,2
2939,GeneID,8722,1
2940,GeneID,16177,1
2941,GeneID,14811,1
2942,GeneID,84109,1
2943,GeneID,101823647,1
2944,GeneID,83612,1
2945,GeneID,81812,1
2946,GeneID,5173,1
2947,GeneID,7317,1
2948,GeneID,7324,1
2949,GeneID,9869,1
2950,GeneID,3919476,1
2951,GeneID,29443,1
2952,GeneID,6839,1
2953,GeneID,11185,1
2954,GeneID,880357,1
2955,GeneID,77219763,1
2956,GeneID,1489749,1
2957,GeneID,19713,1
2958,GeneID,5880,1
2959,GeneID,5881,1
2960,GeneID,11027185,1
2961,GeneID,152110,1
2962,GeneID,23552,1
2963,GeneID,8558,1
2964,GeneID,5624,1
2965,GeneID,17175,1
2966,GeneID,10747,1
2967,GeneID,100720631,1
2968,GeneID,12765,1
2969,GeneID,3672,1
2970,GeneID,116463,1
2971,GeneID,8815,1
2972,GeneID,948542,1
2973,GeneID,88783192,1
2974,GeneID,66671551,1
2975,GeneID,913817,1
2976,GeneID,2587,1
2977,GeneID,14427,1
2978,GeneID,50577,1
2979,GeneID,29235,1
2980,GeneID,14428,1
2981,GeneID,22234,1
2982,GeneID,10855,1
2983,GeneID,397372,1
2984,GeneID,25321,1
2985,GeneID,25635,1
2986,GeneID,100689317,1
2987,GeneID,887800,1
2988,GeneID,45426858,1
2989,GeneID,812223,1
2990,GeneID,196883,1
2991,GeneID,109,1
2992,GeneID,112,1
2993,GeneID,113,1
2994,GeneID,25024,1
2995,GeneID,796,1
2996,GeneID,25029,1
2997,GeneID,812947,1
2998,GeneID,967,1
2999,GeneID,12778,1
3000,GeneID,84348,1
3001,GeneID,403964,1
3002,GeneID,282088,1
3003,GeneID,54814,1
3004,GeneID,885833,1
3005,GeneID,880566,1
3006,GeneID,880760,1
3007,GeneID,7375,1
3008,GeneID,10333,1
3009,GeneID,1942,1
3010,GeneID,614795,1
3011,GeneID,25639,1
3012,GeneID,2288,1
3013,GeneID,83518,1
3014,GeneID,23796,1
3015,GeneID,281457,1
3016,GeneID,3555118,1
3017,GeneID,403541,1
3018,GeneID,171054,1
3019,GeneID,7369,1
3020,GeneID,14962,1
3021,GeneID,19247,1
3022,GeneID,281667,1
3023,GeneID,54920,1
3024,GeneID,13142,1
3025,GeneID,114027,1
3026,GeneID,290029,1
3027,GeneID,25738,1
3028,GeneID,22178,1
3029,GeneID,77583,1
3030,GeneID,25427,1
3031,GeneID,5452,1
3032,GeneID,435766,1
3033,GeneID,59272,1
3034,GeneID,11477,1
3035,GeneID,3487,1
3036,GeneID,3489,1
3037,GeneID,3484,1
3038,GeneID,3485,1
3039,GeneID,3486,1
3040,GeneID,3488,1
3041,GeneID,12367,1
3042,GeneID,16176,1
3043,GeneID,5366,1
3044,GeneID,948537,1
3045,GeneID,75204179,1
3046,GeneID,110147,1
3047,GeneID,13836,1
3048,GeneID,13842,1
3049,GeneID,13838,1
3050,GeneID,13837,1
3051,GeneID,79208,1
3052,GeneID,79071,1
3053,GeneID,83401,1
3054,GeneID,12686,1
3055,GeneID,170439,1
3056,GeneID,8622,1
3057,GeneID,18113,1
3058,GeneID,84539,1
3059,GeneID,6624,1
3060,GeneID,3978,1
3061,GeneID,110006,1
3062,GeneID,266682,1
3063,GeneID,25642,1
3064,GeneID,24296,1
3065,GeneID,5210,1
3066,GeneID,5796,1
3067,GeneID,5801,1
3068,GeneID,5795,1
3069,GeneID,8732,1
3070,GeneID,1118,1
3071,GeneID,843609,1
3072,GeneID,834722,1
3073,GeneID,817145,1
3074,GeneID,14083,1
3075,GeneID,140492,1
3076,GeneID,140493,1
3077,GeneID,29761,1
3078,GeneID,78943,1
3079,GeneID,14652,1
3080,GeneID,23765,1
3081,GeneID,788772,1
3082,GeneID,343641,1
3083,GeneID,11145,1
3084,GeneID,117245,1
3085,GeneID,5920,1
3086,GeneID,54979,1
3087,GeneID,59109,1
3088,GeneID,887040,1
3089,GeneID,45424000,1
3090,GeneID,25823,1
3091,GeneID,7177,1
3092,GeneID,23430,1
3093,GeneID,920,1
3094,GeneID,66025,1
3095,GeneID,6777,1
3096,GeneID,11330,1
3097,GeneID,24247,1
3098,GeneID,2692,1
3099,GeneID,81771,1
3100,GeneID,7471,1
3101,GeneID,17381,1
3102,GeneID,17395,1
3103,GeneID,171052,1
3104,GeneID,17390,1
3105,GeneID,9313,1
3106,GeneID,10893,1
3107,GeneID,854411,1
3108,GeneID,17210,1
3109,GeneID,22201,1
3110,GeneID,55236,1
3111,GeneID,4738,1
3112,GeneID,59027,1
3113,GeneID,297508,1
3114,GeneID,25885,1
3115,GeneID,11140,1
3116,GeneID,1655,1
3117,GeneID,29256,1
3118,GeneID,18389,1
3119,GeneID,14450,1
3120,GeneID,946973,1
3121,GeneID,26445,1
3122,GeneID,19171,1
3123,GeneID,19173,1
3124,GeneID,16912,1
3125,GeneID,16828,1
3126,GeneID,9397,1
3127,GeneID,5784,1
3128,GeneID,3609,1
3129,GeneID,6667,1
3130,GeneID,22943,1
3131,GeneID,3642617,1
3132,GeneID,853866,1
3133,GeneID,5244,1
3134,GeneID,56720,1
3135,GeneID,8362,1
3136,GeneID,8363,1
3137,GeneID,8364,1
3138,GeneID,554313,1
3139,GeneID,8360,1
3140,GeneID,8370,1
3141,GeneID,8367,1
3142,GeneID,8361,1
3143,GeneID,8294,1
3144,GeneID,121504,1
3145,GeneID,8365,1
3146,GeneID,8368,1
3147,GeneID,8366,1
3148,GeneID,8359,1
3149,GeneID,2946,1
3150,GeneID,1717,1
3151,GeneID,1258680,1
3152,GeneID,887354,1
3153,GeneID,55758,1
3154,GeneID,79834,1
3155,GeneID,6037,1
3156,GeneID,117063,1
3157,GeneID,139728,1
3158,GeneID,284086,1
3159,GeneID,22114,1
3160,GeneID,78989,1
3161,GeneID,8844,1
3162,GeneID,29941,1
3163,GeneID,16337,1
3164,GeneID,10595,1
3165,GeneID,5257,1
3166,GeneID,5256,1
3167,GeneID,10309,1
3168,GeneID,81629,1
3169,GeneID,130497,1
3170,GeneID,83983,1
3171,GeneID,5255,1
3172,GeneID,84451,1
3173,GeneID,12534,1
3174,GeneID,9894,1
3175,GeneID,8874,1
3176,GeneID,54657,1
3177,GeneID,280742,1
3178,GeneID,12354,1
3179,GeneID,554230,1
3180,GeneID,6751,1
3181,GeneID,6753,1
3182,GeneID,11047,1
3183,GeneID,5707,1
3184,GeneID,5701,1
3185,GeneID,9861,1
3186,GeneID,5706,1
3187,GeneID,5719,1
3188,GeneID,1504,1
3189,GeneID,5700,1
3190,GeneID,5704,1
3191,GeneID,5714,1
3192,GeneID,5705,1
3193,GeneID,5702,1
3194,GeneID,5710,1
3195,GeneID,5718,1
3196,GeneID,5708,1
3197,GeneID,7979,1
3198,GeneID,5709,1
3199,GeneID,5713,1
3200,GeneID,5717,1
3201,GeneID,54998,1
3202,GeneID,21687,1
3203,GeneID,10568,1
3204,GeneID,19882,1
3205,GeneID,972,1
3206,GeneID,3562,1
3207,GeneID,24954,1
3208,GeneID,51574,1
3209,GeneID,1773,1
3210,GeneID,84293,1
3211,GeneID,100379622,1
3212,GeneID,1062,1
3213,GeneID,283458,1
3214,GeneID,652968,1
3215,GeneID,25589,1
3216,GeneID,12567,1
3217,GeneID,10825,1
3218,GeneID,4759,1
3219,GeneID,509322,1
3220,GeneID,54577,1
3221,GeneID,54578,1
3222,GeneID,7364,1
3223,GeneID,3513640,1
3224,GeneID,29277,1
3225,GeneID,735,1
3226,GeneID,946159,1
3227,GeneID,25550,1
3228,GeneID,14823,1
3229,GeneID,327253,1
3230,GeneID,6934,1
3231,GeneID,14184,1
3232,GeneID,14182,1
3233,GeneID,12048,1
3234,GeneID,27113,1
3235,GeneID,14800,1
3236,GeneID,53623,1
3237,GeneID,14799,1
3238,GeneID,14802,1
3239,GeneID,1506,1
3240,GeneID,25614,1
3241,GeneID,18778,1
3242,GeneID,18780,1
3243,GeneID,391013,1
3244,GeneID,84647,1
3245,GeneID,64600,1
3246,GeneID,445525,1
3247,GeneID,26565,1
3248,GeneID,18782,1
3249,GeneID,30814,1
3250,GeneID,26970,1
3251,GeneID,18784,1
3252,GeneID,26279,1
3253,GeneID,8399,1
3254,GeneID,8398,1
3255,GeneID,81579,1
3256,GeneID,64511,1
3257,GeneID,25318,1
3258,GeneID,3845,1
3259,GeneID,116590,1
3260,GeneID,8038,1
3261,GeneID,4321,1
3262,GeneID,4326,1
3263,GeneID,200576,1
3264,GeneID,18263,1
3265,GeneID,13690,1
3266,GeneID,20848,1
3267,GeneID,269881,1
3268,GeneID,26403,1
3269,GeneID,2208,1
3270,GeneID,843,1
3271,GeneID,23581,1
3272,GeneID,835,1
3273,GeneID,100506742,1
3274,GeneID,83567,1
3275,GeneID,18391,1
3276,GeneID,5783,1
3277,GeneID,25678,1
3278,GeneID,24716,1
3279,GeneID,24886,1
3280,GeneID,18430,1
3281,GeneID,45424092,1
3282,GeneID,280798,1
3283,GeneID,23193,1
3284,GeneID,76051,1
3285,GeneID,54721,1
3286,GeneID,29302,1
3287,GeneID,281831,1
3288,GeneID,767613,1
3289,GeneID,397038,1
3290,GeneID,75086510,1
3291,GeneID,79451,1
3292,GeneID,4720,1
3293,GeneID,6526,1
3294,GeneID,5532,1
3295,GeneID,54461,1
3296,GeneID,64445,1
3297,GeneID,17386,1
3298,GeneID,10927,1
3299,GeneID,9425,1
3300,GeneID,57332,1
3301,GeneID,9085,1
3302,GeneID,253175,1
3303,GeneID,124359,1
3304,GeneID,84733,1
3305,GeneID,8535,1
3306,GeneID,23466,1
3307,GeneID,3736,1
3308,GeneID,16491,1
3309,GeneID,3737,1
3310,GeneID,3742,1
3311,GeneID,3739,1
3312,GeneID,4792,1
3313,GeneID,241113,1
3314,GeneID,108099,1
3315,GeneID,108079,1
3316,GeneID,19082,1
3317,GeneID,108097,1
3318,GeneID,19079,1
3319,GeneID,105787,1
3320,GeneID,29624,1
3321,GeneID,24929,1
3322,GeneID,3706,1
3323,GeneID,98256,1
3324,GeneID,59113,1
3325,GeneID,8564,1
3326,GeneID,20661,1
3327,GeneID,399545,1
3328,GeneID,3656,1
3329,GeneID,100525278,1
3330,GeneID,396971,1
3331,GeneID,16948,1
3332,GeneID,19220,1
3333,GeneID,25652,1
3334,GeneID,320024,1
3335,GeneID,22361,1
3336,GeneID,18585,1
3337,GeneID,8111,1
3338,GeneID,10818,1
3339,GeneID,1163,1
3340,GeneID,6500,1
3341,GeneID,6502,1
3342,GeneID,6822,1
3343,GeneID,4803,1
3344,GeneID,345275,1
3345,GeneID,243168,1
3346,GeneID,81897,1
3347,GeneID,236781,1
3348,GeneID,8140,1
3349,GeneID,15446,1
3350,GeneID,79242,1
3351,GeneID,84012,1
3352,GeneID,25690,1
3353,GeneID,66902,1
3354,GeneID,587,1
3355,GeneID,117283,1
3356,GeneID,23939,1
3357,GeneID,10295,1
3358,GeneID,319197,1
3359,GeneID,308408,1
3360,GeneID,2828,1
3361,GeneID,20537,1
3362,GeneID,246787,1
3363,GeneID,338443,1
3364,GeneID,2591,1
3365,GeneID,11226,1
3366,GeneID,55568,1
3367,GeneID,2589,1
3368,GeneID,79623,1
3369,GeneID,54576,1
3370,GeneID,77223396,1
3371,GeneID,879558,1
3372,GeneID,75206104,1
3373,GeneID,947761,1
3374,GeneID,36073,1
3375,GeneID,3964,1
3376,GeneID,7402,1
3377,GeneID,25122,1
3378,GeneID,4308,1
3379,GeneID,114112,1
3380,GeneID,10587,1
3381,GeneID,27413,1
3382,GeneID,14104,1
3383,GeneID,57104,1
3384,GeneID,66853,1
3385,GeneID,27159,1
3386,GeneID,71884,1
3387,GeneID,855943,1
3388,GeneID,29952,1
3389,GeneID,60463,1
3390,GeneID,281337,1
3391,GeneID,22259,1
3392,GeneID,619580,1
3393,GeneID,51797,1
3394,GeneID,56474,1
3395,GeneID,1503,1
3396,GeneID,55936,1
3397,GeneID,100524676,1
3398,GeneID,100048954,1
3399,GeneID,344387,1
3400,GeneID,51289,1
3401,GeneID,14287,1
3402,GeneID,56979,1
3403,GeneID,6550,1
3404,GeneID,24533,1
3405,GeneID,480698,1
3406,GeneID,83756,1
3407,GeneID,80835,1
3408,GeneID,3920658,1
3409,GeneID,3028,1
3410,GeneID,12846,1
3411,GeneID,4295,1
3412,GeneID,382,1
3413,GeneID,5662,1
3414,GeneID,5787,1
3415,GeneID,25668,1
3416,GeneID,9368,1
3417,GeneID,49090,1
3418,GeneID,397341,1
3419,GeneID,117196,1
3420,GeneID,58962,1
3421,GeneID,103988,1
3422,GeneID,25658,1
3423,GeneID,208188,1
3424,GeneID,25757,1
3425,GeneID,259290,1
3426,GeneID,3295,1
3427,GeneID,27226,1
3428,GeneID,1489735,1
3429,GeneID,17393,1
3430,GeneID,27250,1
3431,GeneID,6335,1
3432,GeneID,29500,1
3433,GeneID,20494,1
3434,GeneID,408199,1
3435,GeneID,8520,1
3436,GeneID,81815,1
3437,GeneID,881292,1
3438,GeneID,83512,1
3439,GeneID,84575,1
3440,GeneID,3992,1
3441,GeneID,4319,1
3442,GeneID,21926,1
3443,GeneID,284111,1
3444,GeneID,207911,1
3445,GeneID,71111,1
3446,GeneID,76192,1
3447,GeneID,56813,1
3448,GeneID,5741,1
3449,GeneID,886397,1
3450,GeneID,2492,1
3451,GeneID,80218,1
3452,GeneID,170739,1
3453,GeneID,81033,1
3454,GeneID,4522,1
3455,GeneID,10369,1
3456,GeneID,5303,1
3457,GeneID,338567,1
3458,GeneID,5428,1
3459,GeneID,396985,1
3460,GeneID,171373,1
3461,GeneID,635,1
3462,GeneID,13040,1
3463,GeneID,815275,1
3464,GeneID,856470,1
3465,GeneID,6422,1
3466,GeneID,14466,1
3467,GeneID,22807,1
3468,GeneID,55915,1
3469,GeneID,59103,1
3470,GeneID,25461,1
3471,GeneID,3572,1
3472,GeneID,14463,1
3473,GeneID,18091,1
3474,GeneID,4199,1
3475,GeneID,80228,1
3476,GeneID,3313,1
3477,GeneID,6720,1
3478,GeneID,12061,1
3479,GeneID,17087,1
3480,GeneID,24159,1
3481,GeneID,376497,1
3482,GeneID,26457,1
3483,GeneID,25339,1
3484,GeneID,6510,1
3485,GeneID,308913,1
3486,GeneID,325,1
3487,GeneID,5045,1
3488,GeneID,17380,1
3489,GeneID,7100,1
3490,GeneID,2997,1
3491,GeneID,19090,1
3492,GeneID,6047,1
3493,GeneID,20852,1
3494,GeneID,255231,1
3495,GeneID,1965,1
3496,GeneID,50833,1
3497,GeneID,57154,1
3498,GeneID,23417,1
3499,GeneID,289754,1
3500,GeneID,4142,1
3501,GeneID,55902,1
3502,GeneID,5336,1
3503,GeneID,6387,1
3504,GeneID,8324,1
3505,GeneID,8473,1
3506,GeneID,682,1
3507,GeneID,23020,1
3508,GeneID,811187,1
3509,GeneID,16191,1
3510,GeneID,2896,1
3511,GeneID,13487,1
3512,GeneID,5716,1
3513,GeneID,54345,1
3514,GeneID,20672,1
3515,GeneID,14829,1
3516,GeneID,6535,1
3517,GeneID,45234099,1
3518,GeneID,45234098,1
3519,GeneID,79646,1
3520,GeneID,6280,1
3521,GeneID,3991,1
3522,GeneID,7172,1
3523,GeneID,69719,1
3524,GeneID,7086,1
3525,GeneID,10603,1
3526,GeneID,445540,1
3527,GeneID,2057,1
3528,GeneID,4598,1
3529,GeneID,19216,1
3530,GeneID,2984,1
3531,GeneID,165140,1
3532,GeneID,13178,1
3533,GeneID,4352,1
3534,GeneID,948792,1
3535,GeneID,26509,1
3536,GeneID,6576,1
3537,GeneID,2308,1
3538,GeneID,14732,1
3539,GeneID,4190,1
3540,GeneID,8525,1
3541,GeneID,6009,1
3542,GeneID,5803,1
3543,GeneID,23416,1
3544,GeneID,5791,1
3545,GeneID,127018,1
3546,GeneID,1373,1
3547,GeneID,64781,1
3548,GeneID,3162,1
3549,GeneID,7323,1
3550,GeneID,8859,1
3551,GeneID,6583,1
3552,GeneID,6683,1
3553,GeneID,1990,1
3554,GeneID,18751,1
3555,GeneID,9669,1
3556,GeneID,5130,1
3557,GeneID,54103,1
3558,GeneID,118429,1
3559,GeneID,24398,1
3560,GeneID,20698,1
3561,GeneID,171382,1
3562,GeneID,2249,1
3563,GeneID,23774,1
3564,GeneID,7042,1
3565,GeneID,7029,1
3566,GeneID,22065,1
3567,GeneID,57620,1
3568,GeneID,105246,1
3569,GeneID,12766,1
3570,GeneID,4548,1
3571,GeneID,51111,1
3572,GeneID,856076,1
3573,GeneID,6945,1
3574,GeneID,64407,1
3575,GeneID,574362,1
3576,GeneID,197259,1
3577,GeneID,65086,1
3578,GeneID,10493,1
3579,GeneID,3163,1
3580,GeneID,1429,1
3581,GeneID,30849,1
3582,GeneID,1844,1
3583,GeneID,466,1
3584,GeneID,14715,1
3585,GeneID,3611,1
3586,GeneID,21951,1
3587,GeneID,74493,1
3588,GeneID,10803,1
3589,GeneID,50688,1
3590,GeneID,782,1
3591,GeneID,118471,1
3592,GeneID,71960,1
3593,GeneID,4628,1
3594,GeneID,396860,1
3595,GeneID,4627,1
3596,GeneID,5810,1
3597,GeneID,29415,1
3598,GeneID,27334,1
3599,GeneID,24255,1
3600,GeneID,396244,1
3601,GeneID,101829062,1
3602,GeneID,20815,1
3603,GeneID,19229,1
3604,GeneID,7005,1
3605,GeneID,7003,1
3606,GeneID,13433,1
3607,GeneID,57552,1
3608,GeneID,233080,1
3609,GeneID,365228,1
3610,GeneID,6547,1
3611,GeneID,7320,1
3612,GeneID,51094,1
3613,GeneID,79602,1
3614,GeneID,93129,1
3615,GeneID,59067,1
3616,GeneID,29072,1
3617,GeneID,6515,1
3618,GeneID,6514,1
3619,GeneID,852846,1
3620,GeneID,11240,1
3621,GeneID,8607,1
3622,GeneID,28960,1
3623,GeneID,6584,1
3624,GeneID,56517,1
3625,GeneID,280968,1
3626,GeneID,140668,1
3627,GeneID,80899,1
3628,GeneID,573971,1
3629,GeneID,100379578,1
3630,GeneID,65046,1
3631,GeneID,81676,1
3632,GeneID,808251,1
3633,GeneID,808252,1
3634,GeneID,403544,1
3635,GeneID,92737,1
3636,GeneID,114642,1
3637,GeneID,888655,1
3638,GeneID,84171,1
3639,GeneID,29539,1
3640,GeneID,3168364,1
3641,GeneID,7529,1
3642,GeneID,77337,1
3643,GeneID,1973,1
3644,GeneID,67473,1
3645,GeneID,57805,1
3646,GeneID,13548,1
3647,GeneID,281066,1
3648,GeneID,6783,1
3649,GeneID,397039,1
3650,GeneID,16832,1
3651,GeneID,396894,1
3652,GeneID,817234,1
3653,GeneID,281275,1
3654,GeneID,7803,1
3655,GeneID,26,1
3656,GeneID,397098,1
3657,GeneID,6303,1
3658,GeneID,6285,1
3659,GeneID,8073,1
3660,GeneID,110385,1
3661,GeneID,238871,1
3662,GeneID,18577,1
3663,GeneID,3949,1
3664,GeneID,811773,1
3665,GeneID,25315,1
3666,GeneID,287014,1
3667,GeneID,327702,1
3668,GeneID,281111,1
3669,GeneID,945883,1
3670,GeneID,54652,1
3671,GeneID,29717,1
3672,GeneID,114862,1
3673,GeneID,939379,1
3674,GeneID,2582,1
3675,GeneID,8424,1
3676,GeneID,888160,1
3677,GeneID,5768,1
3678,GeneID,14784,1
3679,GeneID,2885,1
3680,GeneID,290493,1
3681,GeneID,397191,1
3682,GeneID,54231,1
3683,GeneID,20518,1
3684,GeneID,171522,1
3685,GeneID,100009094,1
3686,GeneID,378807,1
3687,GeneID,117155,1
3688,GeneID,5901,1
3689,GeneID,25327,1
3690,GeneID,20877,1
3691,GeneID,58497,1
3692,GeneID,64550,1
3693,GeneID,10057,1
3694,GeneID,51660,1
3695,GeneID,26398,1
3696,GeneID,24861,1
3697,GeneID,542637,1
3698,GeneID,13077,1
3699,GeneID,23708,1
3700,GeneID,15357,1
3701,GeneID,79113,1
3702,GeneID,81515,1
3703,GeneID,7257,1
3704,GeneID,403992,1
3705,GeneID,4519,1
3706,GeneID,55117,1
3707,GeneID,29261,1
3708,GeneID,213760,1
3709,GeneID,3921,1
3710,GeneID,2528,1
3711,GeneID,65220,1
3712,GeneID,25505,1
3713,GeneID,1847,1
3714,GeneID,7078,1
3715,GeneID,956,1
3716,GeneID,81639,1
3717,GeneID,266604,1
3718,GeneID,155908,1
3719,GeneID,17979,1
3720,GeneID,84650,1
3721,GeneID,25211,1
3722,GeneID,4173,1
3723,GeneID,80724,1
3724,GeneID,2771,1
3725,GeneID,855836,1
3726,GeneID,852379,1
3727,GeneID,110355,1
3728,GeneID,5422,1
3729,GeneID,78975,1
3730,GeneID,2752,1
3731,GeneID,65272,1
3732,GeneID,116491,1
3733,GeneID,16532,1
3734,GeneID,65180,1
3735,GeneID,171146,1
3736,GeneID,2938,1
3737,GeneID,330953,1
3738,GeneID,19122,1
3739,GeneID,92935,1
3740,GeneID,403701,1
3741,GeneID,479,1
3742,GeneID,93643681,1
3743,GeneID,10096,1
3744,GeneID,29956,1
3745,GeneID,947501,1
3746,GeneID,66738197,1
3747,GeneID,947499,1
3748,GeneID,75203576,1
3749,GeneID,75203584,1
3750,GeneID,81762,1
3751,GeneID,207565,1
3752,GeneID,6389,1
3753,GeneID,810,1
3754,GeneID,55738,1
3755,GeneID,375,1
3756,GeneID,101124222,1
3757,GeneID,37616432,1
3758,GeneID,1583,1
3759,GeneID,432363,1
3760,GeneID,28231,1
3761,GeneID,16790,1
3762,GeneID,781648,1
3763,GeneID,215615,1
3764,GeneID,171105,1
3765,GeneID,100739583,1
3766,GeneID,81761,1
3767,GeneID,1718,1
3768,GeneID,6309,1
3769,GeneID,29693,1
3770,GeneID,60893881,1
3771,GeneID,133308,1
3772,GeneID,11441,1
3773,GeneID,25041,1
3774,GeneID,63843,1
3775,GeneID,89612746,1
3776,GeneID,6263,1
3777,GeneID,5515,1
3778,GeneID,3375,1
3779,GeneID,280977,1
3780,GeneID,110559959,1
3781,GeneID,230709,1
3782,GeneID,397216,1
3783,GeneID,5297,1
3784,GeneID,5792,1
3785,GeneID,397397,1
3786,GeneID,852602,1
3787,GeneID,853209,1
3788,GeneID,853204,1
3789,GeneID,9967,1
3790,GeneID,100144446,1
3791,GeneID,22436,1
3792,GeneID,497811,1
3793,GeneID,114097,1
3794,GeneID,80142,1
3795,GeneID,735311,1
3796,GeneID,25664,1
3797,GeneID,12425,1
3798,GeneID,50840,1
3799,GeneID,84431,1
3800,GeneID,121642,1
3801,GeneID,111686105,1
3802,GeneID,5572184,1
3803,GeneID,783,1
3804,GeneID,14773,1
3805,GeneID,281975,1
3806,GeneID,281973,1
3807,GeneID,281974,1
3808,GeneID,281978,1
3809,GeneID,281977,1
3810,GeneID,281976,1
3811,GeneID,397462,1
3812,GeneID,281642,1
3813,GeneID,26090,1
3814,GeneID,269060,1
3815,GeneID,7920,1
3816,GeneID,56670005,1
3817,GeneID,65195,1
3818,GeneID,50801,1
3819,GeneID,338048,1
3820,GeneID,27202,1
3821,GeneID,396892,1
3822,GeneID,1509,1
3823,GeneID,8192,1
3824,GeneID,29132,1
3825,GeneID,25650,1
3826,GeneID,11549,1
3827,GeneID,11548,1
3828,GeneID,11550,1
3829,GeneID,12387,1
3830,GeneID,77578,1
3831,GeneID,489,1
3832,GeneID,488,1
3833,GeneID,332,1
3834,GeneID,55662,1
3835,GeneID,79831,1
3836,GeneID,56898,1
3837,GeneID,14660,1
3838,GeneID,66725,1
3839,GeneID,5862,1
3840,GeneID,66844579,1
3841,GeneID,664630,1
3842,GeneID,170851,1
3843,GeneID,58960,1
3844,GeneID,2706,1
3845,GeneID,1244,1
3846,GeneID,112858,1
3847,GeneID,25117,1
3848,GeneID,109801,1
3849,GeneID,53919,1
3850,GeneID,259248,1
3851,GeneID,21973,1
3852,GeneID,25293,1
3853,GeneID,84050,1
3854,GeneID,18606,1
3855,GeneID,1407,1
3856,GeneID,1408,1
3857,GeneID,8864,1
3858,GeneID,7374,1
3859,GeneID,117182,1
3860,GeneID,29243,1
3861,GeneID,15552,1
3862,GeneID,19883,1
3863,GeneID,79123,1
3864,GeneID,808513,1
3865,GeneID,130399,1
3866,GeneID,24332,1
3867,GeneID,938211,1
3868,GeneID,8975,1
3869,GeneID,16995,1
3870,GeneID,5376,1
3871,GeneID,9159,1
3872,GeneID,24314,1
3873,GeneID,2581,1
3874,GeneID,432367,1
3875,GeneID,11119,1
3876,GeneID,7181,1
3877,GeneID,838109,1
3878,GeneID,100511536,1
3879,GeneID,24783,1
3880,GeneID,6553,1
3881,GeneID,3838,1
3882,GeneID,9986,1
3883,GeneID,2702541,1
3884,GeneID,100009175,1
3885,GeneID,23576,1
3886,GeneID,2541972,1
3887,GeneID,2540718,1
3888,GeneID,130013,1
3889,GeneID,361801,1
3890,GeneID,83574,1
3891,GeneID,2827,1
3892,GeneID,14411,1
3893,GeneID,84888,1
3894,GeneID,856014,1
3895,GeneID,12257,1
3896,GeneID,51296,1
3897,GeneID,121260,1
3898,GeneID,945309,1
3899,GeneID,86947252,1
3900,GeneID,134484828,1
3901,GeneID,5781,1
3902,GeneID,16535,1
3903,GeneID,24617,1
3904,GeneID,856692,1
3905,GeneID,5339,1
3906,GeneID,1261,1
3907,GeneID,110095,1
3908,GeneID,19141,1
3909,GeneID,396240,1
3910,GeneID,16592,1
3911,GeneID,232714,1
3912,GeneID,5444,1
3913,GeneID,193034,1
3914,GeneID,57113,1
3915,GeneID,55503,1
3916,GeneID,7040,1
3917,GeneID,23620,1
3918,GeneID,366274,1
3919,GeneID,64636,1
3920,GeneID,18217,1
3921,GeneID,574299,1
3922,GeneID,19701,1
3923,GeneID,6344,1
3924,GeneID,108989,1
3925,GeneID,282422,1
3926,GeneID,500892,1
3927,GeneID,1621,1
3928,GeneID,209513,1
3929,GeneID,294122,1
3930,GeneID,679906,1
3931,GeneID,67758,1
3932,GeneID,57300,1
3933,GeneID,18125,1
3934,GeneID,89611869,1
3935,GeneID,50964,1
3936,GeneID,91387047,1
3937,GeneID,313,1
3938,GeneID,338445,1
3939,GeneID,19,1
3940,GeneID,24546,1
3941,GeneID,83731,1
3942,GeneID,5573,1
3943,GeneID,5576,1
3944,GeneID,56508,1
3945,GeneID,85258,1
3946,GeneID,54575,1
3947,GeneID,94338,1
3948,GeneID,230101,1
3949,GeneID,11035,1
3950,GeneID,85496,1
3951,GeneID,4025,1
3952,GeneID,6041,1
3953,GeneID,25659,1
3954,GeneID,699,1
3955,GeneID,50701,1
3956,GeneID,5657,1
3957,GeneID,149233,1
3958,GeneID,526,1
3959,GeneID,302668,1
3960,GeneID,11421,1
3961,GeneID,16506,1
3962,GeneID,3750,1
3963,GeneID,246153,1
3964,GeneID,117101,1
3965,GeneID,16508,1
3966,GeneID,362491,1
3967,GeneID,84148,1
3968,GeneID,10524,1
3969,GeneID,22045,1
3970,GeneID,25570,1
3971,GeneID,252859,1
3972,GeneID,75205868,1
3973,GeneID,947099,1
3974,GeneID,8045551,1
3975,GeneID,51201,1
3976,GeneID,253832,1
3977,GeneID,24600,1
3978,GeneID,2677,1
3979,GeneID,25722,1
3980,GeneID,81722,1
3981,GeneID,851797,1
3982,GeneID,4953,1
3983,GeneID,852806,1
3984,GeneID,53836,1
3985,GeneID,7371,1
3986,GeneID,107815753,1
3987,GeneID,117559,1
3988,GeneID,81743,1
3989,GeneID,9453,1
3990,GeneID,945064,1
3991,GeneID,602,1
3992,GeneID,887373,1
3993,GeneID,45426212,1
3994,GeneID,1281827,1
3995,GeneID,6697,1
3996,GeneID,58807,1
3997,GeneID,213788,1
3998,GeneID,15565,1
3999,GeneID,27199,1
4000,GeneID,850992,1
4001,GeneID,60496,1
4002,GeneID,64849,1
4003,GeneID,553133,1
4004,GeneID,56606,1
4005,GeneID,23035,1
4006,GeneID,4012,1
4007,GeneID,56659,1
4008,GeneID,56660,1
4009,GeneID,45424328,1
4010,GeneID,11647,1
4011,GeneID,855529,1
4012,GeneID,252900,1
4013,GeneID,128,1
4014,GeneID,2865,1
4015,GeneID,244349,1
4016,GeneID,117264,1
4017,GeneID,25340,1
4018,GeneID,8854,1
4019,GeneID,395844,1
4020,GeneID,53905,1
4021,GeneID,50506,1
4022,GeneID,100621540,1
4023,GeneID,945528,1
4024,GeneID,75205310,1
4025,GeneID,5076,1
4026,GeneID,824015,1
4027,GeneID,947551,1
4028,GeneID,230777,1
4029,GeneID,55905,1
4030,GeneID,3242,1
4031,GeneID,397443,1
4032,GeneID,57101,1
4033,GeneID,9097,1
4034,GeneID,171347,1
4035,GeneID,7054,1
4036,GeneID,389434,1
4037,GeneID,25085,1
4038,GeneID,6652,1
4039,GeneID,24788,1
4040,GeneID,107827378,1
4041,GeneID,25756,1
4042,GeneID,6534,1
4043,GeneID,6117,1
4044,GeneID,1135,1
4045,GeneID,85253,1
4046,GeneID,1607,1
4047,GeneID,100285396,1
4048,GeneID,100274341,1
4049,GeneID,10560,1
4050,GeneID,1359,1
4051,GeneID,80024,1
4052,GeneID,2571,1
4053,GeneID,2572,1
4054,GeneID,959,1
4055,GeneID,958,1
4056,GeneID,63993,1
4057,GeneID,116512,1
4058,GeneID,211578,1
4059,GeneID,293648,1
4060,GeneID,100008695,1
4061,GeneID,5053,1
4062,GeneID,6572,1
4063,GeneID,946425,1
4064,GeneID,75205725,1
4065,GeneID,32799,1
4066,GeneID,23413,1
4067,GeneID,8942,1
4068,GeneID,887461,1
4069,GeneID,69517714,1
4070,GeneID,2162,1
