ID,SMILES,Best_Gene,DrugCLIP_Score,Activity_Level,Toxicity_Level,Active_Targets,Active_Accessions
T20366,Cn1cccc1-c1cccnc1,THRSP,0.8423,活性,低毒性,1553;1548,P11509;Q16696
T60234,Nc1ccc(O)c2ncccc12,SCD,0.835,高活性,毒性,3326;3320;3620;56720;43740578;5693,AAD14062;P0DTD1;P48776;C7C422;P28776;P14902;NP_005339;P28074
TN6780,COc1cc(C(C)C)ccc1C,SCD,0.8276,活性,毒性,2101,ADZ17378
T19030,O=[N+]([O-])c1ccc(Cl)c2nonc12,PPARD,0.8271,活性,低毒性,3064;5570400,P42858;AGX85006
TN9217,COc1ccc(OC)c(C=O)c1,PPARA,0.8188,活性,低毒性,7157;1544,EAW99313;AFN61604
TN9794,CCCCCc1ccccc1,THRSP,0.8164,活性,毒性,,
T5206,Oc1n[nH]c2cc(F)ccc12,FASN,0.813,活性,低毒性,397134,P14920;P00371
T14955,O=C1NC(CCCl)Oc2ccccc21,FASN,0.8125,活性,低毒性,142,P09874
T7473,Brc1ccc2[nH]ccc2c1,GPAM,0.8115,活性,低毒性,4929;1548,P43354;P11509;P35869
TN9377,CCc1ccc2ccccc2c1,THRSP,0.811,活性,低毒性,13087,P20852
T3118,CC1(C)CC(=O)C2=C(C1)NC(=S)NC2c1cccc(O)c1,GPAM,0.8101,高活性,毒性,1551;7468;1559;6850,ABI96208;QLI62812;O96028;NP_000756;P52732;P43405
T77703,Cc1c[nH]c(C)c1,THRSP,0.8096,活性,低毒性,3145,P08397
T22013,Nc1nc2ncnc(N)c2[nH]1,THRSP,0.8071,活性,低毒性,,
TN9544,COc1ccc(C)cc1OC,FASN,0.8057,活性,低毒性,43,P22303
T9289,O.O.O.O.O.O.O=C([O-])P(=O)([O-])[O-].[Na+].[Na+].[Na+],MLXIPL,0.8032,活性,低毒性,5243,NP_000918
T4838,O=C(O)C[C@H](O)C(=O)O,THRSP,0.8013,活性,低毒性,,
T7716,O=C(O)[C@@H]1Cc2c([nH]c3ccccc23)CN1,GPAM,0.8008,活性,低毒性,,
T86994,CCNc1ccccc1C,THRSP,0.8003,活性,低毒性,,
T20513,NN=c1[nH]c2ccccc2s1,ACACA,0.7983,活性,低毒性,3620;3064,P14902;P42858;4KC3_B;AAB59829
T21278,COc1cccc(C)c1,RXRG,0.7959,活性,低毒性,43,P22303
TN6747,OC[C@H]1O[C@@H](Oc2ccccc2)[C@H](O)[C@@H](O)[C@@H]1O,PPARG,0.792,活性,低毒性,50833,Q9NYV7
T9354,O=Cc1ccc(F)cc1F,GPAM,0.79,活性,低毒性,5185061,P0DPI0
T9372,N[C@H](Cc1c[nH]cn1)C(=O)O,ACACA,0.7832,活性,低毒性,759;71934;766;23632;763;377677;11238;761,P00915;P43166;Q9ULX7;2EZ7_A;Q8N1Q1;Q4CVY4;Q9D6N1;Q9Y2D0;P35218;P07451
T20285,Nc1ccccc1I,GPAM,0.7822,活性,低毒性,,P0DTD1
T7972,O=Cc1cc(O)c(O)c(O)c1,RXRA,0.7822,活性,低毒性,,
T16901,CCCCc1ccc(NC(C)=O)c(C)c1,AOC3,0.7808,活性,毒性,,Q13309
T16816,O=S1(=O)N[C@H]2CCCN2c2ccccc21,AOC3,0.7808,活性,低毒性,2890;2891;2892;2893,NP_001244952;NP_001243672;NP_001106283;NP_001077089
T77504,Clc1nc(Cl)c2sccc2n1,THRSP,0.7808,活性,毒性,,
TYD-00517,Cc1ccc2[nH]ccc2c1,THRSP,0.7764,活性,低毒性,,
T20038,Nc1nc(F)nc2[nH]cnc12,SCD,0.7759,活性,低毒性,814112,XP_001349989
T7977,[O-][n+]1onc2ccccc21,GPAM,0.7729,活性,低毒性,,
T3675,OC[C@H]1NC[C@H](O)[C@@H](O)[C@@H]1O,NR1H3,0.771,活性,低毒性,8972;4015;367562;2629;45424092;280798;100009066;23193;6476;178;100033901;2548;76051;497756,2J77_A;P35573;Q8BVW0;1OIM_A;P23739;P35574;P10253;P94451;NP_000143;P9WQ18;Q43014;Q14697;Q2M2H8;P28300;P14410;Q9LGC6;O43451;Q6P7A9;P81908;Q9MYM4;P04062
T4929,O=C(O)[C@H](CO)OP(=O)(O)O,THRSP,0.77,活性,低毒性,,4TIM_B;4TIM_A
T9760,CC(=O)c1ccc(N2CCOCC2)cc1O,NR1H3,0.7695,活性,低毒性,19090,P78527;P97313;NP_035289
T77560,Nc1nc(-c2ccc(Cl)cc2)cs1,PPARG,0.7681,活性,低毒性,6595,EAW58811
T5954,C[C@](N)(Cc1ccc(O)c(O)c1)C(=O)O.O,AOC3,0.7676,活性,低毒性,10257,O15439
T77347,Nc1cccc(Br)n1,GPAM,0.7651,活性,低毒性,,P0DTD1;A0A072ZLE6
T19380,COc1c(O)cc(O)cc1O,FASN,0.7646,活性,低毒性,51426;4286,1DE9_A;NP_001341533;1JY1_A;NP_057302
T0660,O=C1CCc2ccccc2C1,PPARG,0.7642,活性,低毒性,13087,P20852
T8619,O=c1nc[nH]c2c(Cl)cccc12,PPARG,0.7637,高活性,低毒性,4916;3480;1025;1432;3718;4486;2869;2932;25;57551;4058;2260;57396;238;1613;5601;3717;10298;5159;2931;23683;5613;120892;815;1436;4233;9149;10188;5588;1020;142;5566;695;6197;1859;1022;2321;5292;5871;6790;7301;1452;5605;1196;29110;5747;5604;9448;5979;57118;9641;5156;5599,P09874
T20571,O=C(O)[C@H]1CCCN[C@H]1C(=O)O,AOC3,0.7632,高活性,低毒性,24411;24409;24408;170796;191573;24412;24410,Q9R1M7;Q00959;Q8VHN2;Q00960;P35439;Q00961;Q62645
T4612,O=C1Nc2c(ccc(Cl)c2Cl)C1=NO,FASN,0.7632,活性,低毒性,3783;3780;7157;3782;3781,NP_002241;Q9H2S1;Q9UGI6;NP_740721;NP_002239;NP_001191016;P04637;Q92952
TN9268,Cc1cc(C)c2ccccc2n1,AOC3,0.7627,活性,低毒性,1544,P05177
TN9398,c1ccc2c(c1)Cc1ccccc1N2,PPARG,0.7627,高活性,毒性,24693;25290;29527,Q63921;P12527;P35355
TN9200,O=Cc1cccnc1,ACACA,0.7617,活性,毒性,852846,P53184
TN1448,CC(=O)O[C@@H]1C[C@@H]2CC[C@@]1(C)C2(C)C,NR1H3,0.7617,活性,低毒性,1544,EAW99313
T9177,O=S1(=O)NCN(C2CC2)c2ccc(F)cc21,THRSP,0.7617,高活性,毒性,2890;29629;50592;29627;29628;2892;2891;2893,P19490;P42262;P42261;P19491;P19492;P19493;P42263;P48058
T50075,Cc1noc(C)c1-c1ccccc1,PPARD,0.7612,活性,低毒性,,O60885
PDK0015,O=c1cc(O)c2ccccc2o1,THRB,0.7598,活性,毒性,771;768,Q16790;O43570
T7452,COc1ccccc1C=CC=O,PPARD,0.7593,活性,毒性,,
TN4525,COC(=O)c1c(O)cccc1O,XPR1,0.7588,高活性,低毒性,771;768;759;760;766;23632,P43166;P00915;Q9ULX7;P00918;Q16790;O43570
T41093,Nc1ccc(C[C@H](N)C(=O)O)cc1,AOC3,0.7583,高活性,低毒性,771;765;759;760;763;762;11238,P00915;P23280;P00918;Q4CVY4;Q9Y2D0;P35218;P22748;O43570
T21344,Cl.OC[C@H]1NC[C@H](O)[C@@H](O)[C@@H]1O,NR1H3,0.7578,活性,低毒性,362443,P27471
TN9570,O=C1Cc2ccccc2O1,PPARG,0.7568,活性,低毒性,851520,P06700
T4761,Cc1ncc(CO)c(C=O)c1O.Cl,RXRG,0.7568,活性,低毒性,8805;51592,Q9UPN9;O15164
T23396,Cc1[nH]c2ccc(Cl)cc2c1CCN(C)C,ACACA,0.7563,高活性,低毒性,29412;150;24173;4837;5409;1565;3357;3176;27232;24174;3363;3362;2593;24175;151;25083;115;29413;152;64354,O60503;ANW61984;P22909;P08913;P41595;P19328;P31388;P21964;P43140;P15823;P18825;Q14749;P23944;Q14353;P18089;P50406;P34969;P11086;P50135;P22086;P40261
T66813,NC(CC(=O)O)C(=O)O,AOC3,0.7559,活性,低毒性,134391,Q8TDV0
T77641,Brc1cncc2nccn12,SCD,0.7554,活性,低毒性,,
T16801,NC(C(=O)O)c1nn[nH]n1,PPARG,0.7544,活性,低毒性,2902;2904;24411;24409;24408;170796;2905;2903;191573;24412;24410,Q9R1M7;NP_000825;NP_001127880;NP_000826;NP_001172020;Q00959;Q8VHN2;2QQS_A;Q00960;P35439;Q00961;Q62645
T11589,O.O=C([O-])CC(O)(CC(=O)[O-])C(=O)[O-].[K+].[K+].[K+],RXRG,0.7544,活性,低毒性,,
T78231,O=C(O)c1cc2ccsc2[nH]1,GPAM,0.7534,活性,低毒性,,P14920
T84011,CCCCC(CC)C(=O)OC,RXRG,0.7534,高活性,低毒性,759;760,P00918;P00915
T77690,N[C@@H](CC1CCCCC1)C(=O)O,THRSP,0.7534,活性,低毒性,12293,O08532
TF0098,OC[C@H]1O[C@H](O[C@H]2[C@H](O)[C@@H](O)[C@H](OCCCCCCC3CCCCC3)O[C@@H]2CO)[C@H](O)[C@@H](O)[C@@H]1O,PPARG,0.7529,活性,低毒性,,4FCF_A
T5938,NCc1ccc(Oc2ccccc2)cc1,THRSP,0.7529,活性,低毒性,,P0DTD1
T3S1967,Cn1cc(C[C@H](N)C(=O)O)c2ccccc21,ACACA,0.7505,活性,低毒性,3620,P14902;NP_002155
T8213,C=C[C@@]1(C)Cc2occ(C)c2[C@@H]2OC(=O)C(=C)[C@@H]21,NR1H3,0.7485,活性,低毒性,18126,P29477
T60312,c1csc(SSc2nccs2)n1,PPARG,0.7461,活性,低毒性,5163;2203,Q15118;P09467
T7059,C[C@H]1[C@H](O)O[C@@H]2O[C@@]3(C)CC[C@H]4[C@H](C)CC[C@@H]1[C@@]24OO3,NR1H3,0.7451,高活性,毒性,7468;6850,O96028;P43405
T20402,C=CCc1cc(OC)c2c(c1OC)OCO2,PPARG,0.7451,活性,低毒性,1576;246;134391,AAC52118;NP_059488;Q8TDV0
T15277,Cn1c(=O)c2ncnnc2n(C)c1=O,THRSP,0.7451,活性,低毒性,7345;25643;728386;57646;55704;84749;9101;23252;9100,Q14694;P09936;NP_056022;AAF95916;P08753;BAE44387;1RA7_A;P40818;Q70CQ3;Q96RU2;NP_371243;A8MUK1
TC0022,c1ccc2c(c1)CN1CCCC1=N2,GPAM,0.7446,活性,低毒性,590;43,P22303;P06276
T2729,COc1cc2ccc(=O)oc2cc1OC,PPARA,0.7446,活性,低毒性,4170,Q46085;Q07820
T71966,Cc1cccc2c1CCNC2=O,FASN,0.7441,高活性,低毒性,11545;57097;84875;142,Q53GL7;P11103;P09874;Q9NR21
T5682,Oc1ccc2cc[nH]c2c1,GPAM,0.7441,活性,低毒性,,P50225
TN9396,Cc1ccc2ccc(C)cc2c1,THRSP,0.7441,高活性,低毒性,13087;1548,P20852;P11509
T9169,C[n+]1ccc(-c2ccccc2)cc1.[I-],GPAM,0.7432,活性,低毒性,6581,O75751
T28089,CC(C)(C)C(=O)NCc1ccc(Cl)c(C(=O)Nc2ncc[nH]2)c1,NR1H3,0.7432,活性,低毒性,480698;9536,O14684;A0SYQ0
T21102,N[C@H](C(=O)O)c1ccc(F)cc1,PPARD,0.7422,活性,低毒性,,
T24897,Cc1csc(-c2[nH]cnc2-c2ccc3ncsc3c2)n1,PPARG,0.7422,高活性,低毒性,7046;657,P36894;P36897;Q15796
T9367,O=Cc1cccc(C(F)(F)F)c1,AOC3,0.7417,活性,毒性,,
T5757,COC(=O)C1=CO[C@@H](O)[C@@H]2[C@@H](C)[C@@H](O)C[C@H]12,NR1H3,0.7417,活性,低毒性,7099,O00206
T32116,O=C1CC(C(=O)O)NC(=O)N1,RXRG,0.7417,活性,低毒性,69719,B2RQC6
T2O2776,CC(C)[C@H](N)C(=O)O,XPR1,0.7402,活性,毒性,,1T4S_A
T7919,Nc1ccc(C(=O)O)cn1,AOC3,0.7393,高活性,低毒性,2568;2556;2563;2564;2557;2569;2565;2554;2558;2559;55879;2555;2560;2562;2561;2566;2567,P18507;P18505;O14764;P28472;P78334;P47869;Q9UN88;P31644;Q8N1C3;Q16445;P47870;O00591;P48169;Q99928;P24046;P34903;P14867
T29844,O=C1NC(=O)C2(N1)c1ccccc1-c1ccc(F)cc12,ACACA,0.7388,高活性,低毒性,396924;24192,P50578;P07943
T6697,O=C1CC(=O)c2c(Cl)c(Cl)c(Cl)c(Cl)c21,PPARD,0.7383,活性,低毒性,1889;80198;7347,P15374;P42892;Q96NY9
T2547,N[C@H](C(=O)O)[C@H](O)c1ccc(O)c(O)c1,AOC3,0.7363,活性,低毒性,8856;4286,NP_001341533;O75469
TJS0856,COc1cc2oc(=O)cc(-c3ccccc3)c2cc1O,RXRG,0.7358,活性,低毒性,,
T9366,Nc1ncnc2[nH]ncc12,GPAM,0.7349,活性,毒性,5979,P07949
T0543,Cn1cnc2[nH]c(=O)[nH]c(=O)c21,PPARD,0.7329,活性,低毒性,9615,Q9Y2T3
T6791,O=C(Cc1ccccc1)Nc1nnc(CCSCCc2nnc(NC(=O)Cc3ccccc3)s2)s1,PPARG,0.7324,活性,毒性,24398;2744;2747,3UO9_A;O94925;P49448;3UO9_B;P13264;3UO9_D
T10705,CCCCn1c(=O)sn(CC)c1=O,THRSP,0.7324,活性,低毒性,85397;5999,NP_001095915;P49798;NP_203131
T9432,Oc1ccc2cc(Br)ccc2c1,THRSP,0.7324,活性,低毒性,,
TN7209,O=C1C=C(Br)C(=O)N1,NR1H4,0.7319,活性,毒性,,
TN5757,O=Cc1ccc(O[C@@H]2O[C@H](CO)[C@@H](O)[C@H](O)[C@H]2O)cc1,PPARG,0.7319,活性,低毒性,113580815,O42275
T0743,C[N+](C)(C)CC(O)CC(=O)[O-],ACACA,0.731,活性,毒性,6584;56517,Q9WTN6;O76082
T4883,CN(CC(=O)O)C(=N)N,AOC3,0.731,活性,低毒性,6535,P48029
T5370,O[C@H](CS)[C@H](O)CS,MLXIPL,0.729,活性,低毒性,,
T15568,O=C1NC(=O)C2(N1)c1cc(F)ccc1-c1ccc(F)cc12,ACACA,0.7285,高活性,低毒性,10327;24192;231,P14550;P15121;P07943
T8526,CN(C)C(=N)NC(=N)N,SCD,0.7285,活性,毒性,146802,NP_001243592
T4880,O=C1C[C@@H](C(=O)O)NC(=O)N1,RXRG,0.7275,活性,低毒性,,1XGE_A
T15500,NNc1nc2ccccc2[nH]c1=S,PPARD,0.7271,活性,低毒性,7468;994;1017,CAA48375;AAF95916;O96028;AAH09953;CAA43985
TN9308,Nc1nccc2ccccc12,SCD,0.7266,活性,低毒性,4843;4842;4846,P29474;P35228;P29475;3KPW_A
T37784,Cc1ccc2nc(C)ccc2c1,SCD,0.7266,活性,低毒性,1544,P05177
TQ0165,C=C1C(=O)O[C@@H]2[C@H]3C(C)=CC[C@@]34O[C@@]4(C)CC[C@@H]12,SCD,0.7266,高活性,毒性,3106;3456;7468;6850,O96028;P01574;P43405
TN9620,Cc1cc[nH]c1,THRSP,0.7266,活性,低毒性,,1LI6_A
T66936,Oc1cc2ccccc2cc1O,PPARG,0.7261,活性,低毒性,367;1557;1544,AAI32976;EAW99313;AAV41877
T2S0490,C=CCc1ccc(OC(C)=O)c(OC)c1,PPARA,0.7222,活性,低毒性,5742,P23219
T0887,OC[C@H]1OC(O)[C@H](O)[C@@H](O)[C@@H]1O,PPARG,0.7222,活性,毒性,6515;6513;6517;6514,P11166;P11168;P11169;P14672
T21044,Cc1ccc(N2C(=O)C=CC2=O)cc1,AOC3,0.7217,活性,低毒性,,Q07794;P9WFX0
T21761,O=P(O)(O)C(O)c1ccc2ccccc2c1,MLXIPL,0.7212,活性,低毒性,3643,P06213
T20263,CC(=S)Nc1ccccc1,PPARG,0.7212,活性,低毒性,5726,O42713;P59533
T4238,N=C(N)NCC(=O)O,THRSP,0.7212,高活性,低毒性,25451;29707;140674;289606;140675;29708;79211;65191;29705;29709;81658;24947;24922;29689;25450,P28473;P15431;P19969;P62813;P63138;P63079;O09028;P18506;P30191;P18508;Q9ES14;P20236;P28471;P23574;P23576;Q91ZM7
TN9743,C1=CC2CCC1C2,THRSP,0.7207,活性,毒性,,
T8628,Oc1c(I)cc(I)cc1I,FASN,0.7192,活性,毒性,2101;7276;7201;1559;5241;4780;7157;3356;1544,P02766;AAH11558;AAH96839;AFN61604;ABB72139;EAW99313;ADZ17378;P34981;AGS09764
T77562,CO[C@@H]1O[C@@H](C)[C@@H](O)[C@@H](O)[C@@H]1O,PPARG,0.7192,活性,低毒性,882335,Q9HYN5;2BOI_B;2BT9_A;2JDM_A;Q05097;2JDP_B;2BOI_A;2JDU_C;2JDU_D;2JDP_A;2JDM_B;1RDI_1
TN9194,CCOc1ccc(C=O)cc1,PPARA,0.7188,活性,毒性,,
T5057,NC(COP(=O)(O)O)C(=O)O,AOC3,0.7183,活性,低毒性,134391,Q8TDV0
T9404,O=[N+]([O-])c1c(Br)sc(Br)c1[N+](=O)[O-],THRB,0.7168,活性,低毒性,3064,P42858
TN7222,COc1ccc(C(C)=O)c(OC)c1OC,AOC3,0.7163,活性,毒性,,
TN9522,Cc1ccc2ccccc2c1O,FASN,0.7163,高活性,低毒性,282022;282023;25290,O62698;O62664;P12527
T19165,Nc1nc(=O)c2[nH]c(=O)[nH]c2[nH]1,PPARD,0.7158,活性,低毒性,81285,Q9H255
T65780,Cc1cccnc1N,SCD,0.7158,活性,低毒性,4843;4842;4846,P29474;P35228;P29475
T7125,CCCCc1ccc(O)cc1O,AOC3,0.7144,高活性,低毒性,22178;7299,O42713;P14679;C7FF05;C7FF04;P07147;Q00024
T2936,COc1cc(O)cc(OC)c1OC,THRSP,0.7144,活性,低毒性,7421;65975;10413;2597,NP_002037;CAC29064;NP_001017535;NP_001123617
T22986,O=C(O)c1n[nH]c2c1C[C@H]1C[C@@H]21,THRSP,0.7144,活性,低毒性,6532,P31645;Q8TDS4
T40753,Nc1ccn([C@@H]2O[C@H](COP(=O)(O)OP(=O)(O)OP(=O)(O)O)[C@@H](O)[C@H]2O)c(=O)n1,SCD,0.7139,活性,低毒性,,NP_113868;2AD5_A;1WVC_A;O39930;2AD5_B
T12886,C[C@H]1CCCN1Cc1nc2ccc(NC(=O)c3ccc4c(cnn4C)c3)cc2[nH]1,PPARG,0.7134,活性,毒性,4298;4300,Q03111;P42568
T5912,Cc1cn([C@@H]2O[C@H](CO)[C@@H](O)[C@H]2O)c(=O)nc1N,THRSP,0.7129,活性,低毒性,,P0DMS8
T7641,OCCc1c[nH]c2ccc(O)cc12,PPARA,0.7124,活性,低毒性,3358,P28335
T77349,Cc1cccc2c(C=O)c[nH]c12,AOC3,0.7119,活性,低毒性,8805;51592,Q9UPN9;O15164
TN7032,COCc1c(CO)cnc(C)c1O,FASN,0.7119,活性,低毒性,8566,4EN4_A;O00764
TN9186,CC1=CC(=O)C(C)=C(C)C1=O,RXRG,0.7119,活性,毒性,,
T9160,Oc1cccc2c(Cl)ccnc12,THRSP,0.7119,活性,低毒性,,
T38239,O=c1ccn([C@@H]2O[C@H](CO)[C@@H](O)[C@H]2F)c(=O)[nH]1,XPR1,0.7119,活性,低毒性,,
T38136,CC(=O)c1cc(O)cc(O)c1,PPARG,0.7114,活性,低毒性,763,P35218
T19382,Nc1nc(=O)[nH]c2nc[nH]c12,SCD,0.7104,活性,低毒性,948792,P26281
T1889,O=C(c1c2ccccc2cc2ccccc12)N1CCC(N2CCC[C@@H](C(=O)N3CCOCC3)C2)CC1,PPARG,0.71,高活性,毒性,31;6850;60581;1551;32,1W2X_A;Q13085;P11497;ABI96208;1W2X_B;O00763;NP_000756;Q1HEC0;P43405
T203876,CC(C)SSC(C)C,PPARG,0.71,活性,毒性,,
T2192,c1ccc2[nH]ncc2c1,THRSP,0.709,活性,低毒性,3320,2VTA_A;P07900
T5408,CNC(=O)COc1cc2cc(Nc3nc(N4C[C@H](C)C[C@H](C)C4)ncc3Cl)ccc2n(C)c1=O,PPARG,0.7085,活性,低毒性,604;3357;9833,P41595;Q14680;P41182
T60343,N=C1CCCN1Cc1[nH]c(=O)[nH]c(=O)c1Cl,AOC3,0.708,活性,低毒性,1890;948901,P19971;P07650
TMO2752,Nc1ccn([C@@H]2O[C@H](COP(=O)(O)O)[C@@H](O)[C@H]2O)c(=O)n1,RXRA,0.708,活性,毒性,,
T8105,O=Cc1c[nH]c2ccccc12,AOC3,0.7075,活性,低毒性,1812,NP_000785
T25102,CNC(=S)[C@]1(c2cccnc2)CCCC[S@]1=O,ACACA,0.7061,活性,低毒性,,
TN9417,CC1Cc2ccccc2C1=O,RXRG,0.7056,活性,低毒性,43,P22303
T60106,CC(C)C1OC(=O)C(Cc2ccccc2)N(C)C1=O,ACACA,0.7051,活性,低毒性,,
T124532,CCCc1ccccn1,THRSP,0.7051,活性,低毒性,25102;171131;25103;25590;170945;25302;64574;54239;81721;25101;65024,P43143;P12389;P12390;P43144;Q9JLB5;P12391;P12392;Q05941;P04757;P20420;P09483
T7483,COc1ccc(Br)c(C=O)c1O,PPARD,0.7046,活性,低毒性,2081,O75460
TN9663,O=Cc1cnccn1,THRSP,0.7041,活性,低毒性,,
T19758,C[C@@H](N=C=S)c1ccccc1,FASN,0.7031,活性,低毒性,4282,P14174
T21969,CCc1nccn1CC(=O)c1ccc(O)c(O)c1.Cl,THRSP,0.7026,活性,低毒性,251;249,NP_000469;NP_112603
TN9425,COc1cc(O)c(C=O)c(OC)c1,PPARD,0.7021,活性,毒性,2081,O75460
TN9374,c1cc2c(cn1)CCCC2,THRSP,0.7017,活性,低毒性,10280,Q99720
T39318,CC(N)Cc1cccc(C(F)(F)F)c1,PPARA,0.7012,活性,低毒性,3357,NP_000858
T5658,C1C2CC3CC1CC(C2)C3,THRSP,0.7002,活性,毒性,,
T2366,Cl.N=C1CCCN1Cc1[nH]c(=O)[nH]c(=O)c1Cl,THRSP,0.6997,活性,低毒性,1890;948901,P19971;P07650
T13857,C1=CCC(c2cccnc2)NC1,THRSP,0.6997,活性,低毒性,,
T4675,O=C(O)c1cnsc1,THRB,0.6992,活性,低毒性,338442,Q8TDS4
T32105,CC(C)c1cccc([C@H](C)C2CC2)c1O,NR1H3,0.6987,活性,低毒性,,
T39161,C[C@H](N)Cn1ccc2cc(F)c(Cl)cc21,THRSP,0.6987,高活性,低毒性,3358;3357;3356;25187,P08909;P41595;NP_000858;P28335;P28223;NP_001159419;NP_001243690
T8731,O=C1Cc2cc(Nc3nc(NCc4cccnc4)ncc3Cl)ccc2N1,AOC3,0.6982,活性,低毒性,604,P41182
T87051,Cc1cccc(Nc2nc(C(C)(C)C)cs2)c1C,PPARG,0.6982,活性,低毒性,1233,P51679
T67797,Nc1ccn([C@@H]2O[C@H](CO)C[C@@H]2F)c(=O)n1,THRSP,0.6978,活性,低毒性,,Q72547
T4307,O=C1CC(c2c[nH]c3ccc(F)cc23)C(=O)N1,FASN,0.6968,活性,低毒性,15930;3620,P14902;P28776;NP_002155
T17243,Cc1csc(N(C(=O)CSc2ccc(-c3ccccc3)nn2)C2CC2)n1,PPARG,0.6968,活性,低毒性,115;57468;1559;2876;1551,Q9H2X9;O60503;ABI96208;QLI62812;NP_000756;P07203
T7607,C[C@@]1(F)[C@H](O)[C@@H](CO)O[C@H]1n1ccc(N)nc1=O,THRSP,0.6968,活性,低毒性,,
T22361,Cc1cccc(C)c1NC(=O)C1CCCCN1C,ACACA,0.6963,活性,毒性,1565,ANW61984
T8309,CC(C)C(=O)OC[C@H]1O[C@@H](n2ccc(=NO)[nH]c2=O)[C@H](O)[C@@H]1O,PPARA,0.6963,活性,毒性,,P0DTD1
T4854,CC(=O)CC(=O)[O-].[Li+],THRSP,0.6963,活性,低毒性,,B2GV46
T8760,C[n+]1cccc2c(N)cccc21.[I-],SCD,0.6958,活性,低毒性,,
T50098,O=c1[nH]c2sccc2c2ccccc12,FASN,0.6953,活性,低毒性,142;165631;286764;8658;80351;11546,O88554;Q9H2K2;Q460N3;P09874;P18493;O95271
T66491,CC(c1ccccc1)c1ccc(O)cc1O,NR1H3,0.6953,活性,低毒性,,O42713;C7FF05;C7FF04;Q00024
T11571,CCc1cccc2c1N(C)Cc1cc3c(cc1-2)OCO3,PPARG,0.6948,活性,低毒性,113580815,O42275
T60330,CNC1Cc2ccccc2N(C)c2ccccc21,ACACA,0.6943,活性,低毒性,150;148;3757;3269;3357,Q12809;P08913;P41595;P35348;P35367
T0565,Cl.ClCCNCCCl,FASN,0.6943,活性,低毒性,,
T9032,O=C(CSc1ncn[nH]1)Nc1ccc(C23CC4CC(CC(C4)C2)C3)cc1,PPARG,0.6934,活性,低毒性,8463,Q15561;Q15562
T5688,C=C1C(=O)O[C@H]2[C@H]1CCC(C)=C1CC[C@@](C)(O)[C@@H]12,SCD,0.6934,活性,毒性,216799;3553;5315,P14618;Q8R4B8;Q96P20;NP_000567
T77700,CCCCn1sc2ccccc2c1=O,PPARA,0.6929,活性,低毒性,,
T7524,CNC(=S)NCCSCc1[nH]cnc1C,NR1H3,0.6919,活性,低毒性,25461;100729734,P25102;NP_037097;P47747
T64866,NCC(=O)N[C@@H](Cc1ccccc1)C(=O)O,ACACA,0.6895,活性,低毒性,60577,Q63424
TQ0300,O[C@H]1[C@H](O)[C@@H](O)[C@@H]2O[C@@H]2[C@@H]1O,AOC3,0.6895,活性,低毒性,2629;14466,P17439;P04062
TN1637,CC1=CC(=O)[C@@H](O)[C@@]2(C)[C@H]1CC(=O)[C@@]1(C)[C@H]3C(=O)O[C@H]([C@@H]3C)[C@H](O)[C@@H]12,NR1H3,0.6895,活性,毒性,,
T1897,O=C(O)CCc1c(C(=O)O)[nH]c2cc(Cl)cc(Cl)c12,NR1H3,0.6895,活性,低毒性,2203;2840;767613;24411;24409;397038;24408;170796;574402;191573;24412;24410,Q9R1M7;Q6NS65;Q13304;P09467;Q09QM4;Q00959;Q8VHN2;P00636;1LEV_A;Q00960;P35439;Q00961;Q62645
T7535,N=C(N)NCCC(=O)O,THRSP,0.6885,高活性,低毒性,25451;29707;140674;289606;140675;29708;79211;65191;29705;29709;81658;24947;24922;29689;25450,P28473;P15431;P19969;P62813;P63138;P63079;O09028;P18506;P30191;P18508;Q9ES14;P20236;P28471;P23574;P23576;Q91ZM7
T6536,Cc1cc(C)c(S(=O)(=O)n2cc(C)cc2C)c(C)c1,PPARG,0.688,活性,低毒性,4837;2593;27232;11069;5409;3176,Q8WZA2;Q14749;P40261;P21964;P11086;Q14353;P50135
T9583,CC(=O)N1c2ccccc2Oc2ccccc21,FASN,0.6875,活性,低毒性,,
T3622,Cl.O=C(c1c2ccccc2cc2ccccc12)N1CCC(N2CCC[C@@H](C(=O)N3CCOCC3)C2)CC1,GPAM,0.687,活性,低毒性,,
T26193,O=C(CSc1nc2ccc(NC(=O)CCl)cc2s1)NCc1ccccc1,PPARG,0.687,活性,毒性,,
TQ0162,[N-]=[N+]=N[C@]1(CO)O[C@@H](n2ccc(N)nc2=O)[C@H](O)[C@@H]1O,THRSP,0.687,活性,低毒性,,Q72874
T23248,CCCCOC(=O)NC(=O)C1c2ccccc2Oc2ccccc21,GPAM,0.6865,活性,低毒性,24414,NP_001107802
T7500,c1cnoc1,AOC3,0.686,活性,低毒性,,P09874
T37981,Cc1cc(C)c(C=O)c(C)c1,FASN,0.686,活性,低毒性,8856,ADZ17384
TN2755,C=C1C(=O)O[C@H]2C[C@@H](C)[C@@H]3CC[C@H](O)[C@@]3(C)C[C@H]12,NR1H3,0.686,活性,毒性,,
T65309,CSS(C)(=O)=O,AOC3,0.6855,活性,低毒性,,
T6896,Cc1cccc(Oc2cnc(=O)[nH]c2)c1,PPARG,0.6855,活性,低毒性,4067,P07948
T2169,O=c1ncccn1[C@@H]1O[C@H](CO)[C@@H](O)[C@H]1O,SCD,0.6851,活性,毒性,6850;72269;978;11486,P03958;P32320;P43405;P56389
T4086,CC(C)C[C@H](NC(=O)CN)C(=O)O,AOC3,0.6846,活性,低毒性,60577,Q63424
T3742,Cc1cccc(O)c1O,PPARG,0.6846,活性,低毒性,8989,O75762;P9WFX0
T2833,C=C1CC[C@H]2C(=C)CC[C@H]3C(=C)C(=O)O[C@@H]3[C@@H]12,SCD,0.6846,活性,毒性,9970;6850;7468;396244,O96028;P01103;ADZ17385;P43405
T14065,CCn1cnc2c(N)ncnc21,SCD,0.6841,活性,低毒性,25369;29316,P29274;P30543;P29276;P30542
T21474,[N-]=[N+]=N[C@H]1C[C@H](n2ccc(=O)[nH]c2=O)O[C@@H]1CO,THRSP,0.6841,活性,低毒性,,
T203986,CC1=CC(=O)NS(=O)(=O)O1,THRSP,0.6836,活性,低毒性,768,Q16790
T7823,CC1Nc2ccc(Cl)cc2S(=O)(=O)N1,AOC3,0.6831,活性,低毒性,2890;2891;2892;2893,NP_001244952;NP_001243672;NP_001106283;NP_001077089
T16068,Cc1nnc(-c2ccc(N3CCC(Oc4ccccc4C(F)(F)F)CC3)nn2)s1,PPARG,0.6826,活性,低毒性,246074,O00767;P07308
T7970,CCOc1ccc2ccc(=O)oc2c1,GPAM,0.6812,活性,低毒性,771;80733;768;71934;766;23632;11238,P43166;Q9ULX7;Q99N23;Q9D6N1;Q9Y2D0;P05177;Q16790;O43570
T18934,Cc1ccc(O)c(N=Nc2c(O)cc(S(=O)(=O)O)c3ccccc23)c1,PPARG,0.6807,活性,低毒性,4352,P40238
T39664,O=c1c2ccccc2[se]n1CCn1[se]c2ccccc2c1=O,PPARG,0.6802,活性,低毒性,58819;75206171;114112;10587;7296;949054,Q9NNW7;Q86VQ6;O89049;P0A9P4;Q16881
T60240,Cc1cc(C=O)ccc1N1CCCCC1,PPARG,0.6792,活性,低毒性,220,P47895
T5429,O=C(O[C@@H]1Cc2c(O)cc(O)cc2O[C@@H]1c1cc(O)c(=O)c2c(O)c(O)cc([C@H]3Oc4cc(O)cc(O)c4C[C@H]3OC(=O)c3cc(O)c(O)c(O)c3)c2c1)c1cc(O)c(O)c(O)c1,PPARG,0.6792,活性,低毒性,4286,NP_001341533
T60442,O=C(Cc1ccc2cc[nH]c2c1)Nc1cccc(O)c1,PPARG,0.6792,活性,低毒性,,Q96P20
T38398,O=[N+]([O-])OCCCO,ACACA,0.6787,活性,低毒性,,
T30355,OB(O)c1ccccc1,XPR1,0.6787,活性,低毒性,100911581;5168;765;759;760;763;766;762;11238,P43166;P00915;P23280;P00918;B5SU02;P97612;A6YCJ1;P00766;Q9HVB9;Q13822;Q9Y2D0;P35218;P22748;C0IX24
TN4236,COc1c(O)ccc2ccc(=O)oc12,ACACA,0.6782,高活性,低毒性,766;771;377677;768,O43570;P43166;Q16790;Q8N1Q1
T21890,COc1oc(=O)c2cc(N)ccc2c1Cl,NR1H3,0.6777,活性,毒性,19885;1991,BAC78637;NP_035411;BAC78638;P08246
T0359,CCCCCC(C)N,THRSP,0.6777,活性,低毒性,4988,P35372
T7075,O=C1C=C(Cl)C(=O)c2ccccc21,PPARD,0.6772,活性,毒性,,
T50014,CC1CC(=O)Nc2ccccc2S1,THRSP,0.6772,活性,低毒性,1387,Q92793
T5105,c1ccc(N2CCNCC2)nc1,SCD,0.6768,高活性,低毒性,29412;5337;24173;25083;24174;24175;29413;282135;282134,P43140;P15823;Q28838;P22909;P22086;P19328;P23944;P18130;Q13393
T11001,CCNCCCC(C)Nc1ccnc2cc(Cl)ccc12,AOC3,0.6763,活性,低毒性,,
T21826,O=C(CCl)Nc1ccc(S(=O)(=O)c2ccc(NC(=O)CCl)cc2)cc1,PPARG,0.6763,活性,低毒性,3276,Q99873
T60237,N[C@@H](CSS(=O)(=O)O)C(=O)O,RXRG,0.6763,活性,低毒性,2648,O25801;1JY1_A;NP_066564;AAG24257
T4962,CC1(C)CC[C@]2(C(=O)O)CC[C@]3(C)C(=CC[C@@H]4[C@@]5(C)CC[C@H](O[C@@H]6O[C@H](C(=O)O)[C@@H](O)[C@H](O)[C@H]6O[C@@H]6O[C@H](CO)[C@@H](O)[C@H](O)[C@H]6O)C(C)(C)[C@@H]5CC[C@]43C)[C@@H]2C1,AOC3,0.6758,活性,低毒性,,
T39913,O=C1CCC(n2cc(-c3ccsc3)nn2)C(=O)N1,PPARG,0.6758,活性,低毒性,,Q96SW2;O43924
T0591L,OC[C@H]1O[C@H](O)[C@H](O)[C@@H](O)[C@H]1O,PPARG,0.6748,活性,低毒性,,5ABP_A;8ABP_A
T4S0998,OC[C@H]1O[C@@H](Oc2ccc3c(c2)OC[C@H]2c4cc5c(cc4O[C@@H]32)OCO5)[C@H](O)[C@@H](O)[C@@H]1O,PPARG,0.6748,活性,低毒性,7468,O96028;NP_001035889
T6S1684,CCCCCCC[C@H](O)CC(=O)CCc1ccc(O)c(OC)c1,PPARG,0.6743,活性,低毒性,1558;1559;1576;1555;1557,P10632;P08684;P11712;P33261;P20813
T1368,COC(=O)c1ccc(O)c(O)c1,PPARG,0.6743,活性,低毒性,771;768;759;760;766;23632,P0DTD1;P43166;P00915;Q9ULX7;P00918;Q16790;O43570
T38237,CO[C@@H]1[C@H](O)[C@@H](CO)O[C@H]1n1ccc(N)nc1=O,THRSP,0.6743,活性,低毒性,,
T15621,CS(=O)(=O)CCCn1c(Cn2c(=O)n(CC(F)(F)F)c3ccncc32)cc2cc(Cl)ccc21,PPARG,0.6738,活性,低毒性,,Q89535
TN1626,COc1cc(O)c2c(=O)cc(C)oc2c1,ACACA,0.6733,活性,毒性,,
TN9627,CC(C)(C)CN,NR1H3,0.6729,活性,毒性,,
T6728,CN1CCN(c2nc3ccccc3nc2Cl)CC1,NR1H4,0.6729,活性,低毒性,9177;59340;3359,O95264;P46098;Q9H3N8
T19698,O=C1c2cc3c(cc2OC2CCCN12)OCCO3,FASN,0.6724,活性,毒性,,
T11558,CCCCCCOC(=O)c1cc(O)c(O)c(O)c1,PPARG,0.6724,活性,低毒性,,
T12514,C[C@]1(C(=O)O)CCC[C@]2(C)c3cc(O)ccc3CC[C@@H]12,NR1H3,0.6719,活性,低毒性,5999,ABC94591
TNU1149,Cc1cn([C@H]2C[C@H](O)[C@@H](CN=[N+]=[N-])O2)c(=O)[nH]c1=O,PPARA,0.6714,活性,低毒性,888740,P9WKE1
T22029,C[C@H](N)Cn1ncc2ccc(O)cc21,AOC3,0.6709,活性,低毒性,3358;150;3360;29581;3352;152;151;3363;3357;29595;25187,P28221;Q13639;P08908;P18825;P30994;P18089;P08909;P08913;P41595;P28223;P28335;P34969;P14842
T7564,CN(C)CCOC(C)(c1ccccc1)c1ccc(Cl)cc1,PPARA,0.6709,活性,毒性,4837;2593;27232;6850;5409;7468;3176,P43405;O96028;Q14749;P40261;P21964;P11086;Q14353;P50135
T14666,c1ccc(-c2nnn[nH]2)c(Nc2cccc3c2CCCC3)c1,PPARG,0.6709,活性,低毒性,2648;54207;3776;338567;7421,Q7Z418;NP_001017535;O95069;P57789;NP_066564
T23974,Nc1cccc(-c2nc3ccc(-c4ccc5nc(-c6cccc(N)c6)[nH]c5c4)cc3[nH]2)c1,NR1H4,0.6699,活性,低毒性,3064,P42858
T28182,O=C(CSc1nc2ccccc2[nH]1)c1ccc(O)c(O)c1,PPARG,0.6694,高活性,低毒性,2642;251;249,NP_000469;NP_000151;NP_112603
T4845,C[C@H](O)C(=O)O,THRSP,0.6694,高活性,低毒性,27198;25027,P53987;NP_115943
T7783,NCCc1ccc(C(F)(F)F)cc1,ACACA,0.6689,活性,低毒性,,P0DTD1
T2232,CN1CCN(C(=O)c2cc3cc(Cl)ccc3[nH]2)CC1,PPARG,0.6685,高活性,毒性,85268;3274;225192;6850;59340;11255;170704;3269;100730517,P31389;Q91ZY1;NP_001153638;Q91ZY2;Q91ZY3;P25021;Q9H3N8;P35367;Q9Y5N1;P43405;Q9QYN8
TJS0312,Cc1cc(=O)oc2c([N+](=O)[O-])c(O)ccc12,THRSP,0.6675,活性,低毒性,,
T2883,COc1cc(C(=O)O)cc(OC)c1O,THRSP,0.667,活性,低毒性,771;765;768;759;760;763;766;23632;761,P00915;P43166;Q9ULX7;P23280;P00918;P35218;Q16790;P07451;O43570
T26972,O=C1N[C@H](O)CCN1[C@@H]1O[C@H](CO)[C@@H](O)C1(F)F,SCD,0.6655,活性,低毒性,978,P32320
T5939,O=S(=O)([O-])c1cc(O)ccc1O.O=S(=O)([O-])c1cc(O)ccc1O.[Ca+2],THRSP,0.6655,活性,低毒性,5742,P23219
T73061,Brc1c2c(c(Br)c3[nH]ccc13)OCO2,XPR1,0.6655,活性,低毒性,,
T10208,CC(c1ccoc1)N(O)C(N)=O,AOC3,0.6646,活性,低毒性,240,P09917
T9891,O=C(CCn1nc(-c2ccccc2)c2ccccc2c1=O)Nc1cccc(Cl)c1,GPAM,0.6646,活性,低毒性,142,P09874
T60199,COc1ccc(C2N(c3ccccc3)C(=O)C2(F)F)cc1,PPARA,0.6646,活性,低毒性,124274,NP_001002911
T28764,O=C1C(P(=O)(O)O)CC(O)N1O,ACACA,0.6641,活性,低毒性,2023,P06733
T9443,O=[N+]([O-])c1ccc(O)c(Cl)c1,THRSP,0.6636,活性,低毒性,83783,P17988
T3511,COc1ccc(OC)c(-c2cc(=O)[nH]c(=S)n2CC(N)=O)c1,THRSP,0.6631,活性,低毒性,4353,P05164
TYD-00172,Nc1ccncc1I,GPAM,0.6626,活性,低毒性,,P0DTD1
TN9509,O=c1cccco1,AOC3,0.6621,活性,低毒性,759;768,P00915;Q16790
T67771,O=Cc1cc2ccccc2cc1C=O,GPAM,0.6621,活性,低毒性,,
T26726,Cc1cn([C@H]2C[C@H](N=[N+]=[N-])[C@@H](CO)O2)c(=O)nc1N,THRSP,0.6621,活性,低毒性,,
T18889,Nc1ccc2c(c1)C(=O)OC21c2ccc(O)cc2Oc2cc(O)ccc21,ACACA,0.6616,活性,低毒性,79068,Q9C0B1
T2552,O=C(O)[C@@H](S)[C@@H](S)C(=O)O,THRSP,0.6606,活性,低毒性,2147;43740578,P0DTD1;EMB09144;P00734
T22775,O=C(Nc1cccc2cccnc12)c1ccc(N2C(=O)[C@@H]3[C@H](C2=O)[C@H]2C=C[C@@H]3C2)cc1,PPARG,0.6602,活性,低毒性,80351;7473;8658,Q9H2K2;O95271;P56703
TN1621,O=C1C[C@@H](c2ccc(O)c(O)c2)Oc2cc(O[C@H]3O[C@@H](CO)[C@H](O)[C@@H](O)[C@@H]3O)cc(O)c21,PPARG,0.6597,活性,低毒性,51426,NP_057302
T68061,O=C1c2cccc3cccc(c23)C(=O)N1CCNCCCNCCN1C(=O)c2cccc3cccc(c23)C1=O,AOC3,0.6592,活性,毒性,,
T10307,Cc1cc(-c2c(Cl)cccc2OC(F)(F)F)cc2c1NC(=O)C2,NR1H3,0.6592,活性,低毒性,2890;59283;10369,Q8WXS5;P42261;Q9Y698
T68100,CC(C)NC=Nc1ccc(-c2cnc[nH]2)cc1,PPARG,0.6592,活性,低毒性,100729734,P47747
T10998,CCCC1(C2=NCCN2)Cc2cccc3c2N1CC3,PPARG,0.6592,活性,低毒性,,
T2315,Cl.Cl.c1ccc([C@@H]2C[C@H]2NC2CCNCC2)cc1,SCD,0.6592,活性,毒性,23028,O60341
T20094,CN1CC(O)C2=CC(=O)C(=O)C=C21,AOC3,0.6577,活性,低毒性,2648;6002;246243;51426;10411;11069;2770;7421;4137,O95398;AAC39835;NP_057302;B45705;1DE9_A;NP_001017535;AAG24257;AAI14949;NP_002927;NP_002060;Q8WZA2;NP_066564;2WWY_A;1MU2_A
T3228,O=P(O)(O)OC[C@H]1OC(O)(COP(=O)(O)O)[C@@H](O)[C@@H]1O,NR1H4,0.6577,活性,低毒性,5315,P14618
T18924,O=C(O)c1cc(C(=O)O)c(C(=O)O)c(C(=O)O)c1C(=O)O,THRSP,0.6577,活性,低毒性,,
T2651,O=C(Nc1cccc2cccnc12)c1ccc(N2C(=O)[C@@H]3[C@H](C2=O)[C@@H]2C=C[C@H]3C2)cc1,PPARG,0.6572,活性,毒性,80351;8658;21951;74493,Q9H2K2;O95271;Q3UES3;Q6PFX9
T77352,Cc1ccc2c(c1)C(=O)C(C)C2,THRB,0.6572,活性,低毒性,43,P22303
T26389,NNC(=O)c1ccc(N)cc1,FASN,0.6567,活性,低毒性,4353,P05164
T4434,Nc1n[n+]([O-])c2ccccc2[n+]1[O-],THRSP,0.6567,活性,毒性,7468,O96028
T6989,O=C(NCCCn1ccnc1)c1cc(-c2ccco2)on1,GPAM,0.6562,活性,低毒性,9970;1559;1551;1565;7468,ANW61984;ABI96208;QLI62812;O96028;NP_000756;ADZ17385
T26537,Oc1ccc(C2(c3ccccc3F)CCC(F)(F)CC2)cc1,NR1H3,0.6562,高活性,低毒性,1551;1559,NP_001116214;ABI96208;QLI62812;NP_001201832;NP_000756
T1892,O=[N+]([O-])c1cc(C(F)(F)F)cc([N+](=O)[O-])c1NNC(=S)Nc1ccc(F)cc1,PPARG,0.6562,活性,低毒性,,
T3504L,COc1nnc2ccc(N3CCC(c4ccc(OCCN5CCN(C)C(=O)[C@H]5C)cc4)CC3)nn12,RXRG,0.6562,高活性,毒性,6850;142;138474;6347;65980;6046;3106;3456;8019;1387;6872;2033;676;7468,Q9H8M2;P01574;P25440;Q58F21;Q8IZX4;Q09472;Q15059;Q92793;P09874;P21675;O96028;P13500;O60885;P43405
T7541,COc1ccc(C(=O)CBr)cc1,SCD,0.6562,活性,低毒性,2932,G1T8E2;P49841
T8625,Nc1nc(=O)n([C@@H]2O[C@H](CO)[C@@H](O)[C@H]2O)cc1F,THRSP,0.6562,活性,低毒性,,3ELC_C;3ELC_A
T13355,CC(C)=CCC[C@@H](C)c1ccc(C)c(O)c1,SCD,0.6558,活性,低毒性,86859893;945870,P0AEK4
T10826,Cc1[nH]c2ccccc2c1CCNC(=O)c1ccccc1F,ACACA,0.6553,活性,低毒性,1551;1565;9970,ADZ17385;ANW61984;NP_000756;ABI96208
T34603,N[C@@H](C[Se][Se]C[C@H](N)C(=O)O)C(=O)O,THRSP,0.6553,活性,低毒性,,
TN9370,Cc1ccc(C)[nH]1,PPARG,0.6548,活性,低毒性,3145,P08397
T9398,Cc1cc(=O)[nH]c(NN=Cc2ccccc2O)n1,SCD,0.6548,活性,低毒性,23210,Q6NYC1
T60146,COc1ccc(N2CCN(C(=S)Nc3ccc([N+](=O)[O-])cc3)CC2)c(N)c1,PPARG,0.6533,活性,低毒性,9101,P40818
T67926,CC[C@@]1(c2ccccc2)NC(=O)N(Cc2ccccc2)C1=O,ACACA,0.6528,活性,低毒性,1557,P33261
T3S0057,COc1ccc2c(c1OC)CN(C)c1c-2ccc2cc3c(cc12)OCO3,PPARG,0.6528,活性,低毒性,,
T7993,CC(=O)c1c(O)ccc2ccc(=O)oc12,PPARG,0.6528,活性,低毒性,768,Q43570;Q16790
T37332,CCC1(c2ccccc2)NC(=O)N(Cc2ccccc2)C1=O,ACACA,0.6523,活性,低毒性,,P33261
T17309,CC(C)Cc1ccc([C@@H](C)C(=O)O)cc1,RXRB,0.6523,活性,低毒性,3576,P25025;P10145;P25024
T19152,O=c1[nH]c(=O)n([C@H]2C[C@H](O)[C@@H](CO)O2)cc1O,THRSP,0.6523,活性,低毒性,,
TYD-00264,O=C1C=CCC1,SCD,0.6514,活性,低毒性,,
T3438,COc1ccc2c(c1)CN(C)CCS2,THRSP,0.6514,活性,低毒性,6262,Q92736
T7780,CN(C)CC1CCOC1(c1ccccc1)c1ccccc1,PPARA,0.6509,活性,低毒性,1128;1129;10280;1131;1565,P20309;ANW61984;Q99720;ABI96208;P08172;P08173;P11229
TNU0352,Cc1cn([C@@H]2O[C@H](CO)[C@@H](O)[C@@H]2O)c(=O)[nH]c1=O,PPARA,0.6504,活性,毒性,,
T9337,CNc1ccc(C(=O)O)cc1[N+](=O)[O-],RXRG,0.6504,活性,低毒性,,P49019
T7476,Cc1cc(C(=O)O)n[nH]1,AOC3,0.6499,活性,低毒性,338442;397134,P14920;P00371;Q8TDS4
T77557,O=C(O)c1cc2cc3c4c(c2oc1=O)CCCN4CCC3,AOC3,0.6499,活性,毒性,9123,O15427
T64347,CC(C)Oc1ccc(C=O)cc1,PPARD,0.6494,活性,低毒性,220,P47895
T14900,CC(=O)C1=C(O)C(=O)N(c2ccc(Cl)cc2F)[C@@H]1C1CCCCC1,NR1H3,0.6489,高活性,低毒性,1234;729230,P41597;P51681
T50033,O=C1NC(=S)NC(=O)C1=Cc1ccco1,PPARG,0.6489,活性,低毒性,25643;55775;55704,P08753;Q9NUW8;BAE44387
T6466,Cc1cccc([C@H](C)c2cnc[nH]2)c1C.Cl,THRSP,0.6489,活性,低毒性,150;147;148;3352;6530;152;151;3363;3357,P28221;P18825;P35368;P18089;P08913;P41595;P35348;P34969;P23975
TYD-02621,C=C(C)CCO,THRSP,0.6489,活性,低毒性,2737,AAI13617
TN9584,NNC(=O)c1ccncc1N,THRSP,0.6484,活性,低毒性,,
T1696,c1cnc(N2CCNCC2)nc1,SCD,0.6479,活性,低毒性,24473,P19327;P0DTD1
T83417,O=C(O)CC1(O)C(=O)Nc2ccccc21,GPAM,0.6475,活性,毒性,4837;2593;27232;6850;9807;5409;3176,P43405;Q92551;Q14749;P40261;P21964;P11086;Q14353;P50135
T21095,NCc1ccc(O)cc1,GPAM,0.647,活性,低毒性,542585,Q9T0N8
T16523L,CCn1c2ccccc2c2cc(CNC)ccc21,PPARA,0.647,活性,毒性,1551;1565;7468,O96028;ANW61984;NP_000756
TN1644,O=C1C[C@@H](c2ccc(O)c(O)c2)Oc2c1ccc(O[C@@H]1O[C@H](CO)[C@@H](O)[C@H](O)[C@H]1O)c2O,PPARG,0.647,活性,低毒性,51426,NP_057302
T27020,Cc1nccn1C[C@H]1CCc2c(c3cccc4c3n2CCC4)C1=O,AOC3,0.6465,活性,低毒性,29336;25601;25324;25229;79246;29581;24239;29716;682930;58963;24448;29595;25187,P33535;P30994;P35563;Q62758;P08909;P22002;P31390;Q9R0C9;Q02485;P08482;Q9JJ16;P14842;P27732
T78230,O=C(CCl)Nc1ccc(Cl)cc1,PPARG,0.6465,活性,毒性,,
T5323,Cc1cccc(N2CC(CO)OC2=O)c1,AOC3,0.645,活性,低毒性,4128;281293,P21396;P21397;P21398
T8633,OC1c2ccccc2-c2ccccc21,PPARA,0.645,活性,低毒性,24898,P23977
T61535,COc1cc2nc(N3CCN(C(=O)CC(C)O)CC3)nc(N)c2cc1OC,PPARG,0.645,活性,低毒性,,
T9605,NC(=O)c1cn([C@@H]2O[C@H](CO)[C@@H](O)[C@H]2O)c2ncnc(N)c12,PPARG,0.6445,活性,毒性,3312;132;6011,P55263;Q15835;P11142;3NYN_A
T4S2354,COc1cc2ccc(=O)oc2c(OC)c1OC,ACACA,0.644,活性,低毒性,766;759;377677;768,P43166;P00915;Q8N1Q1;2O23_A;2O23_B;Q16790
TN6560,O=c1c(O)c(-c2ccc(O)c(O[C@@H]3O[C@H](CO)[C@@H](O)[C@H](O)[C@H]3O)c2)oc2cc(O)cc(O)c12,PPARG,0.644,活性,低毒性,,
T27154,Nc1nc(=O)n([C@H]2C=C[C@@H](CO)O2)cc1F,THRSP,0.644,活性,低毒性,,
T77348,CCCCB(O)O,XPR1,0.644,活性,低毒性,290,P15144
T9353,CC(CN(C)C)CN1c2ccccc2S(=O)(=O)c2ccccc21,ACACA,0.6436,活性,毒性,,
T2896,C=C1C(=O)O[C@@H]2C[C@@]3(C)CCC[C@H](C)C3=C[C@H]12,SCD,0.6436,活性,毒性,6850;214763;7157;7151;7468,O96028;Q8C6L5;NP_001119587;P43405
T8224,O=C1C(=O)N(Cc2ccc(Br)cc2)c2ccccc21,PPARG,0.6431,高活性,低毒性,1128;25229;1133;3064;1131,P20309;P0DTD1;P08912;NP_036257;NP_000729;P42858;NP_000731;P11229;P08482
T11347,c1ccc2c(CCNCCSSCCNCCc3c[nH]c4ccccc34)c[nH]c2c1,PPARG,0.6421,活性,低毒性,2539,P11413
T2533,CN1CCC(=C2c3ccccc3CCn3c(C=O)cnc32)CC1,PPARG,0.6416,活性,低毒性,,
T20519,ClC(c1ccccc1)(c1ccccc1)c1ccccc1,FASN,0.6411,活性,低毒性,2100;8856;5241;1557;1559;367,AAI32976;AAY56401;AAV31779;ABB72139;ADZ17384;AAV41877;AGS09764
T3560,Oc1ccc(-c2cc(=S)ss2)cc1,PPARG,0.6411,活性,毒性,9759;51564;10013;10014;9734;3065;8841;79885;3066;83933;55869,Q96DB2;Q8WUI4;Q9UKV0;Q9UQL6;Q9BY41;Q13547;Q9UBN7;P56524;Q969S8;Q92769;O15379
T8002,O=c1oc2ccccc2cc1O,PPARG,0.6411,活性,毒性,12972;771;768;3248;7299,P14679;P47199;NP_000851;O42713;P14920;C7FF05;C7FF04;Q00024;Q16790;O43570
TN9677,CCCC(C)(C)C(=O)O,THRSP,0.6411,活性,低毒性,,
T10853,Nc1ncnc2c1nc(NCc1ccc(-c3ccccc3)cc1)n2[C@@H]1O[C@H](CO)[C@@H](O)[C@H]1O,PPARG,0.6401,活性,低毒性,9153,O43868;NP_004203
TN8697,C=CCc1cc(OC)c(O)c(-c2cc(CC=C)cc(OC)c2O)c1,PPARG,0.6396,活性,低毒性,3064,4KC3_B;P42858
T11505,CN(C)S(=O)(=O)c1cc(NC(=O)CCl)ccc1Cl,PPARG,0.6396,活性,低毒性,9446,P78417
T2S0357,O=c1ccc2cc(O)ccc2o1,THRB,0.6396,活性,毒性,771;768,Q16790;O43570
T41362,O=C1CCC(N2Cc3ccccc3C2=O)C(=O)N1,AOC3,0.6392,活性,低毒性,10320,Q96SW2;Q13422
T21492,Cc1cccc(C(C)c2cnc[nH]2)c1C,PPARD,0.6387,活性,低毒性,29412;150;24173;25083;147;148;24174;29413;24175;152;151;146,P43140;P25100;P15823;P18825;P35368;P22909;P18089;P08913;P22086;P35348;P19328;P23944
TN6910,C[C@@H]1O[C@@H](OCc2cc(O)c3c(c2)[C@H]([C@@H]2O[C@H](CO)[C@@H](O)[C@H](O)[C@H]2O)c2cccc(O)c2C3=O)[C@H](O)[C@H](O)[C@H]1O,PPARG,0.6387,活性,低毒性,2053,P34913
T4586,CC(C)=CCC(OC(=O)C=C(C)C)C1=CC(=O)c2c(O)ccc(O)c2C1=O,THRSP,0.6382,活性,低毒性,,
T38238,Nc1ccn([C@@H]2O[C@H](CO)[C@@H](O)[C@H]2F)c(=O)n1,THRSP,0.6382,活性,毒性,1633;7468,O96028;P27707
T21831,O=C(Oc1cc(OC(=O)c2cc(O)c(O)c(O)c2)c2ccccc2c1)c1cc(O)c(O)c(O)c1,PPARG,0.6377,活性,低毒性,,
T6922,Cl.Cl.NC1CCC(N[C@@H]2C[C@H]2c2ccccc2)CC1,PPARA,0.6372,活性,低毒性,23028,O60341
T1933,O=C(Nc1nc2ccc(NC(=O)C34CC5CC(CC(C5)C3)C4)cc2s1)c1ccccc1,PPARG,0.6367,活性,低毒性,64781,NP_073603
T200873,O=Cc1c2ccccc2nc2ccccc12,PPARG,0.6367,活性,低毒性,,
T40368,CCc1ccc(O)cc1O,PPARG,0.6362,活性,低毒性,,O42713
T3011,Nc1ccccc1C(=O)CC(N)C(=O)O,PPARD,0.6357,活性,低毒性,19885,NP_035411;AAG24257
T19791,CCc1ccc(C)c2ccc(C)c-2c1,PPARA,0.6353,活性,低毒性,,
T67956,c1ccc2cc(COC3CCNCC3)ccc2c1,THRSP,0.6353,高活性,低毒性,3358;3360;6530;3359;3363;3357;6531,Q13639;P46098;P31645;Q01959;P41595;P28335;P28223;P34969;P23975
T12900,CN1CCC2=C(C1)c1ccccc1Cc1ccccc12,ACACA,0.6348,活性,低毒性,150;1814;1128;3350;6532;9970;148;1129;6530;1812;1551;1565,ANW61984;P08908;P31645;P21728;P35462;P08913;P35348;P08172;NP_000756;P11229;P23975;ADZ17385
TN1451,O=C1CC(C(=O)O)c2c1oc(=O)c1cc(O)c(O)c(O)c21,PPARA,0.6348,活性,低毒性,196,P35869
T206030,Cl.Cl.Nc1ccc(O)c2ncccc12,PPARD,0.6348,活性,毒性,,P0DTD1
T26378,OCc1cn(Cc2ccccc2)c2ccccc12,PPARG,0.6348,活性,毒性,,
T3051,O=C(O[C@@H]1Cc2c(O)cc(O)cc2O[C@@H]1c1cc(O)c(=O)c2c(O)c(O)cc([C@H]3Oc4cc(O)cc(O)c4C[C@H]3O)c2c1)c1cc(O)c(O)c(O)c1,PPARG,0.6348,活性,低毒性,,
T4842,c1cn[nH]c1,GPAM,0.6343,活性,低毒性,100034242;100034175,P00328;P00327
TN5888,COc1cc2oc(=O)ccc2c(OC)c1CC=C(C)C,PPARG,0.6343,活性,低毒性,,Q08499
T7855,COc1cccc(CCN)c1,SCD,0.6343,活性,低毒性,25324;79246;29581;24473;25323;64354;25075;65032;60448;25689;58963;79247;29595;25187,P19327;P0DTD1;P32305;P30994;P35365;P35563;Q96RJ0;P28565;P28564;P08909;Q62758;P30940;P31388;P35364;Q9JJ16;P14842
T21634,O=C(O)CNC(=O)C(=O)O,THRSP,0.6338,高活性,低毒性,23081;9682;23135;200424;55818;8242;8284;55693;54790;64475,Q9Y4C1;P54001;P41229;O15054;Q9H3R0;Q6B0I6;Q96KS0;Q9BY66;O43151;O75164;Q9GZT9;Q6N021;P29375
T5703,CC(C)=CC[C@H](OC(=O)C=C(C)C)C1=CC(=O)c2c(O)ccc(O)c2C1=O,THRSP,0.6338,活性,毒性,,
T19373,NCc1c[nH]c2ccccc12,AOC3,0.6328,活性,低毒性,,
TN9707,O=C1C=CCCO1,AOC3,0.6328,高活性,低毒性,759;768,P00915;Q16790
T3495,CCC(=O)NC[C@@H]1C[C@H]1c1cccc2c1CCO2,AOC3,0.6318,活性,低毒性,4544,P49286;NP_005950;NP_005949
TMS2262,CC1(C)[C@H]2CC[C@]1(C)C(=O)C2,FASN,0.6318,活性,毒性,4780;3725,EAX06628;AAH11558
T36816,N[C@@H](CSC(c1ccccc1)(c1ccccc1)c1ccccc1)C(=O)O,GPAM,0.6318,活性,毒性,,P52732
T10108,O=c1c(Br)ccc2n1C[C@@H]1CNC[C@H]2C1,THRSP,0.6313,高活性,毒性,25590;1143;54239;1136;25302,P32297;P30926;P12390;Q05941;P09483
T4986,Cc1nccn1CCC(C(N)=O)(c1ccccc1)c1ccccc1,PPARA,0.6309,活性,低毒性,1128;1129,P11229;P08172;Q8VH26
TN4094,O=C(O[C@H]1Cc2c(O)cc(O)cc2O[C@@H]1c1cc(O)c(O)c(O)c1)c1cc(O)c(O)c(O)c1,PPARG,0.6304,活性,低毒性,23621,Q13627;P56817
TN1733,COc1ccc([C@@H]2CC(=O)c3c(O)cc(O[C@@H]4O[C@H](CO)[C@@H](O)[C@H](O)[C@H]4O)cc3O2)cc1O,PPARG,0.6299,活性,低毒性,23028,O60341
T3233,O=c1c(-c2ccc(O[C@@H]3O[C@H](CO)[C@@H](O)[C@H](O)[C@H]3O)cc2)coc2cc(O)cc(O)c12,PPARG,0.6299,活性,低毒性,16191,P04401
T6753,FC(F)(F)Oc1ccc2[nH]c(-c3ccc(OCCOCCOc4ccc(-c5nc6cc(OC(F)(F)F)ccc6[nH]5)nc4)cn3)nc2c1,PPARG,0.6294,活性,毒性,,
T4141,CN(C)CCn1cc(C(=O)N2CCC3(CC2)OCc2ccccc23)c2ccc(Cl)cc21,RXRA,0.6294,活性,低毒性,552,Q62463;P37288
T2829,C=C1C(=O)O[C@@H]2C[C@@]3(C)CCCC(=C)[C@@H]3C[C@H]12,SCD,0.6294,活性,毒性,,Q96P20
TN9686,c1ccc2c(c1)ccc1c3ccccc3[nH]c21,THRSP,0.6294,活性,低毒性,,P52732
T8084,COC(=O)c1ccc(O)c(C(=O)OC)c1,ACACA,0.6289,活性,低毒性,,1RA7_A
T0560,NCCC(c1ccccc1)c1ccccc1,AOC3,0.6284,活性,低毒性,3269,P35367
T8908,O=C(CBr)c1ccc(Cl)cc1,PPARA,0.6284,活性,低毒性,2932,G1T8E2;P49841
T5060,CCC(=O)C(=O)O,THRSP,0.6284,活性,低毒性,,
T22749,Cc1nc(=O)c2c([nH]1)CCSC2,FASN,0.6279,活性,低毒性,165631;10039;142,Q9Y6F1;3C4H_A;P09874;Q460N3
T7449,O.c1cnc2c(c1)ccc1cccnc12,PPARD,0.6279,活性,低毒性,,
T28757,CCOC(=O)OC[C@H]1O[C@@H](Oc2ccccc2Cc2ccc(OC)cc2)[C@H](O)[C@@H](O)[C@@H]1O,PPARG,0.6279,活性,低毒性,6524;6523,P31639;NP_001243243;P13866;NP_003032
T1337,NCCC(O)(P(=O)([O-])O)P(=O)([O-])O.[Na+].[Na+],AOC3,0.6274,活性,低毒性,,
T29110,c1ccc2c(c1)CC(c1c[nH]c3ccccc13)N2,THRSP,0.6274,活性,低毒性,367,P10275
T38863,O=c1[nH]nc(CCc2ccc(C(F)(F)F)cc2)cc1O,THRSP,0.6265,高活性,低毒性,13142;114027,O35078;P14920;P18894
T26930,CCc1cccc2c1S(=O)(=O)c1ccccc1O2,GPAM,0.626,活性,低毒性,4128,P21397;P21396
T7132,CC(O)(c1ccccc1)C(Cc1ccc(Cl)cc1)n1cncn1,PPARG,0.626,活性,低毒性,1551;1559,QLI62812;NP_000756;ABI96208
T22369,COc1ccc(OC)c(C(O)CNC(=O)CN)c1,PPARG,0.6255,活性,毒性,148,P35348
T60935,N[C@@H](Cc1ccc(O)cc1)C(=O)N[C@@H](Cc1ccccc1)C(=O)O,THRSP,0.625,活性,低毒性,6565,Q16348
T60336,Cc1csc(Nc2cccc3ccccc23)n1,AOC3,0.624,活性,低毒性,1233,P51679
T40419,COc1ccc(CN2C(=O)C(Cl)=C(Cl)C2=O)c(OC)c1,NR1H4,0.624,活性,低毒性,,
TP2898,C[C@H](N)C(=O)N[C@@H](C)C(=O)O,AOC3,0.623,活性,低毒性,6565,Q16348
T31048,O=C(N[C@@H](Cc1ccc(F)cc1)C(=O)N1CCC(O)CC1)c1cc2cc(Cl)ccc2[nH]1,RXRA,0.623,高活性,低毒性,5837;5836;1595,P06737;P11217;Q16850
T15027,CC(=O)C1=C(O)[C@@H]2[C@H]3c4c[nH]c5cccc(c45)C[C@H]3C(C)(C)N2C1=O,PPARD,0.6226,高活性,低毒性,4837;2593;27232;5409;3176,2OA0_A;P50135;Q14749;P40261;P21964;P11086;Q14353;2O9J_A
TJO2691,C[C@H](O)[C@@H](O)[C@@H](O)[C@H](O)C=O,ACACA,0.6221,活性,低毒性,882335,Q9HYN5;Q05097
T8915,CN(CC(=O)O)C(=O)CN,AOC3,0.6221,活性,低毒性,6564;6565,NP_005064;Q16348
T14489,[N-]=[N+]=N[C@]1(CO)O[C@@H](n2ccc(N)nc2=O)[C@@H](F)[C@@H]1O,PPARA,0.6221,活性,毒性,,
T3794,O=C(OC[C@H]1O[C@@H](OC(=O)c2cc(O)c(O)c(O)c2)[C@H](OC(=O)c2cc(O)c(O)c(O)c2)[C@@H](OC(=O)c2cc(O)c(O)c(O)c2)[C@@H]1OC(=O)c1cc(O)c(O)c(O)c1)c1cc(O)c(O)c(O)c1,PPARG,0.6221,活性,毒性,280960;29230;1559;5581;1576;1565;1557;278;5583;280685;23683;118429;5590;5588;23621;277;276;2159;7157;5578;5579;5587;12495;1544;5582;5580;5584,P05129;Q15139;P41743;C7FF05;C7FF04;P00735;P05771;P24723;P03313;P52020;Q05513;P04637;P05177;Q02156;P17252;O42713;P08684;P10635;Q05655;P53634;P33261;A3EZJ3;P80457;O94806;P58335;P11712;P55772;P0DUB6;P00742;Q04759;Q00024;P56817
T5177,O=C(Nc1ccc(OC(F)(F)Cl)cc1)c1cnc(N2CC[C@@H](O)C2)c(-c2ccn[nH]2)c1,PPARG,0.6221,活性,毒性,25;7468;613;6850,NP_005148;P11274;Q96SW2;P00519;O96028;P43405
T68154,c1cncc(N2CCC3(CCCN3)C2)c1,THRSP,0.6221,高活性,低毒性,1140;1137;25590;1143;1134;1144;1139;54239;1136;1146;1141,P11230;P09483;P32297;P30926;P12390;P17787;P07510;P02708;P36544;P43681;Q07001
T1939,COC(=O)CNC(=O)C(=O)OC,AOC3,0.6216,活性,毒性,23081;55693,Q9H3R0;Q6B0I6
T78652,O=c1cc(C(F)(F)F)c2c(-c3cccc(C(F)(F)F)c3)n[nH]c2[nH]1,ACACA,0.6211,高活性,低毒性,84446;9448;2932;415116;5292;11183,3NEW_A
T7785,NC(=O)c1ncc[nH]c1=O,SCD,0.6206,活性,低毒性,,
T6751,CC(=O)OCC[N+](C)(C)C.[I-],GPAM,0.6201,活性,低毒性,,
T13905,N=C(N)c1ccc(C=Cc2ccc(C(=N)N)cc2)cc1,PPARG,0.6201,活性,低毒性,3757,NP_000229
T8611,NS(=O)(=O)c1ccc2c(c1)CCC2,AOC3,0.6187,活性,低毒性,23632;766;759;760,P00915;P43166;2QOA_A;Q9ULX7;P00918;O43570
T7843,c1ccc(OC2CCNCC2)cc1,SCD,0.6187,活性,低毒性,3269,P0DTD1;P35367
T6363,Cc1cc(=O)oc2c(C=O)c(O)ccc12,THRSP,0.6187,活性,低毒性,4837;2081;2593;27232;115;5409;7468;3176,O60503;O75460;O96028;Q14749;P40261;P21964;P11086;Q14353;P50135
T3040,O=C1OC2(c3ccccc31)c1ccc(O)c(O)c1Oc1c2ccc(O)c1O,PPARG,0.6182,活性,低毒性,54331;2782,P59768;P62873
T17206,O=C(Cc1ccccc1)Nc1nnc(NC2CCN(c3nnc(NC(=O)Cc4ccccc4)s3)CC2)s1,PPARG,0.6177,活性,毒性,2744,O94925
T3729,CCOC(=O)c1cc(O)c(O)c(O)c1,GPAM,0.6172,活性,低毒性,29230,P52020
T77598,COc1ccc(N2CCN(C(=O)c3ccc4nc(N5CCC(C)CC5)sc4c3)CC2)cc1,PPARG,0.6172,活性,低毒性,3064,P42858;Q99685
T69941,Cc1nc(N)c2c(C(N)=O)cn([C@@H]3O[C@H](CO)[C@@H](O)[C@H]3O)c2n1,PPARG,0.6172,活性,低毒性,,
T13686,C=C1C(=O)O[C@H]2C[C@@H](C)[C@@H]3CCC(=O)[C@@]3(C)[C@@H](OC(C)=O)[C@H]12,SCD,0.6167,活性,低毒性,,
T4S2012,CN1Cc2c(ccc3c2OCO3)-c2ccc3cc4c(cc3c21)OCO4,PPARG,0.6162,活性,低毒性,,3LLE_B;3LLE_A
T71934,Cc1c(C)c2ccc(OCc3nnc(C(C)C)s3)cc2oc1=O,RXRG,0.6162,高活性,低毒性,4129;25750,P19643;P27338
T4919,NC(=O)NCCC(=O)O,XPR1,0.6162,活性,低毒性,,
TN9789,Cn1c(=O)cc[nH]c1=O,AOC3,0.6157,活性,低毒性,,
T16710,CC(C)C(=O)OC[C@H]1O[C@@H](n2ccc(N)nc2=O)[C@](C)(F)[C@@H]1OC(=O)C(C)C,PPARA,0.6157,活性,低毒性,,
T9328,O.O.O=c1oc2c(O)c(O)cc3c(=O)oc4c(O)c(O)cc1c4c23,PPARD,0.6157,活性,低毒性,,
T37385,Nc1nnc(CCCCc2ccc(NC(=O)Cc3cccc(OC(F)(F)F)c3)nn2)s1,PPARG,0.6157,高活性,低毒性,2744;2747,P49448;O94925
T5S0788,O=c1cc(-c2ccccc2)oc2cc(O[C@@H]3O[C@H](CO)[C@@H](O)[C@H](O)[C@H]3O)c(O)c(O)c12,PPARG,0.6157,活性,低毒性,3248;51426,NP_000851;NP_057302;B45705;AAG24257;2W2I_A
T3888,COc1cc2ccc(=O)oc2cc1O[C@@H]1O[C@H](CO)[C@@H](O)[C@H](O)[C@H]1O,PPARG,0.6152,活性,低毒性,771;768;759;766;377677,P00915;P43166;Q8N1Q1;Q16790;O43570
T12767,Cc1cc(C)n(CCCCCSc2nc(-c3ccccc3)c(-c3ccccc3)[nH]2)n1,AOC3,0.6147,高活性,低毒性,6646;100689317;81782;20652,Q61263;Q95214;P24752;O70536;Q60457;P35610
TNU0864,O=C(Nc1nc2ccc([N+](=O)[O-])cc2s1)C1CCCCC1,PPARG,0.6143,活性,毒性,9970;6850;115;1559;1565;7468,O60503;ANW61984;QLI62812;O96028;ADZ17385;P43405
T3106,Clc1ccc(C(c2c[nH]c3ccccc23)c2c[nH]c3ccccc23)cc1,THRSP,0.6143,活性,低毒性,,
T67864,O=C(c1ccc2[nH]ccc2c1)N1CCN(S(=O)(=O)c2ccc3[nH]c(=O)oc3c2)CC1,THRSP,0.6143,活性,低毒性,,Q9NV35
T2306,O=c1ccc2ccc(OCCCCN3CCN(c4cccc5sccc45)CC3)cc2[nH]1,PPARG,0.6138,高活性,毒性,150;1815;3358;6850;3354;11255;10280;27346;1565;3357;154;148;24473;1880;3351;3363;3362;3350;1816;1814;147;24318;6530;3359;151;1812;3361;146;1551;3269;153;7468;3356;6532;1813;3352;152;6531,P28221;Q5BJF2;ANW61984;P08908;P35368;NP_057658;Q01959;P35462;P08913;P41595;NP_000756;P28222;P08588;P25100;Q99720;P18825;P46098;P21917;P21728;P32249;P28223;P21918;P19327;P18089;P28566;O96028;P35348;P50406;P34969;P35367;P14416;P61169;P31645;P47898;P07550;P28335;P23975;Q9Y5N1;P43405
T8609,CN1Cc2cc(Br)ccc2NC1=O,AOC3,0.6123,活性,低毒性,,4HBV_A
T23796,CN1C(=O)N(c2cc(Cl)cc(Cl)c2)C(=O)[C@@]1(C)Cc1ccc(Br)cc1,PPARG,0.6123,活性,低毒性,3689;3383;1559;3683,P20701;ABI96208;QLI62812;P05107;P05362
T3349,OB1OCc2cc(F)ccc21,GPAM,0.6118,活性,低毒性,759;760;855943,P26637;P00915;P00918;Q3I4V7;Q6FTL6
T6461,CN(C)[C@@H](CCOc1cccc2ccccc12)c1ccccc1.Cl,NR1H3,0.6113,活性,毒性,,
T21520,CCCCCCCCCCCC(=O)OC[C@H](COP(=O)([O-])OCC[N+](C)(C)C)OC(=O)CCCCCCCCCCC,PPARG,0.6113,活性,低毒性,2494,O00482;Q13285
TN1120,CC(C)=CCc1c(O)ccc2ccc(=O)oc12,SCD,0.6113,活性,低毒性,4128,P21397
TN1124,C[C@@H]1O[C@@H](O[C@H]2[C@H](Oc3cc(O)c4c(c3)O[C@H](c3ccc(O)c(O)c3)CC4=O)O[C@H](CO)[C@@H](O)[C@@H]2O)[C@H](O)[C@H](O)[C@H]1O,PPARG,0.6108,活性,低毒性,5315,P14618
TN2464,COc1cccc2c1C(=O)C1=C(C[C@H](C)O[C@@H]1C)C2=O,SCD,0.6108,活性,毒性,,
T35033,C[C@H](C[C@@](C(N)=O)(c1ccccc1)c1ccccn1)N(C)C,MLXIPL,0.6104,活性,低毒性,,
T23097,C=C(C)[C@@H]1CCC(C)=C[C@H]1c1c(C)cc(O)cc1O,NR1H3,0.6104,高活性,低毒性,2841;9290,NP_005674;Q9Y2T6;NP_001091670
T64350,COc1ccccc1CC(=O)Nc1nc2ccc(C)cc2s1,PPARG,0.6104,活性,低毒性,1453,P48730
TN6735,C=C1C(=O)O[C@H]2C[C@@H](C)[C@@H]3C=CC(=O)[C@@]3(C)[C@@H](OC(C)=O)[C@H]12,SCD,0.6104,活性,毒性,6256,P19793;3OZJ_A
T3S2344,CC(C)=CC[C@@H](OC(=O)C=C(C)C)C1=CC(=O)c2c(O)ccc(O)c2C1=O,THRSP,0.6104,活性,毒性,,
TN1393,c1ccc2c(c1)C[C@H]1NCCc3cc4c(c-2c31)OCO4,THRSP,0.6099,活性,毒性,24898,P23977
T7194,COc1cc2c(NC3CCN(C)CC3)cc(-c3ccc(C)o3)nc2cc1OCCCN1CCCC1,GPAM,0.6094,高活性,毒性,10919;1789;1786,Q9UBC3;Q96KQ7;P26358;Q9H9B1
T16766,Cc1cc2nc3c(=O)[nH]c(=O)nc-3n(C)c2cc1C=O,THRSP,0.6094,活性,低毒性,2648;641;6002;214763;2597;4609;19885;51567;4803;2770,P0DTD1;AAC39835;O95551;NP_002037;P01138;Q8C6L5;NP_002060;NP_000048;NP_002458;NP_035411;NP_066564;2WWY_A
T0572,COC(=O)c1cc(OC)c(OC)c(OC)c1,RXRG,0.6089,活性,低毒性,,
T65845,O=[N+]([O-])c1ccc(O[C@@H]2O[C@H](CO)[C@H](O)[C@H](O)[C@H]2O)cc1,PPARG,0.6084,活性,低毒性,,3ZYF_A
T11315,O=CN(O)CCCP(=O)([O-])O.[Na+],ACACA,0.6079,高活性,低毒性,945019;887800;45426858;75202014;812223,Q8IKG4;P45568;P9WNS1;W8T2T2
T87946,C[C@H]1CCCN1Cc1cc2cnc(NC(=O)c3ccc4c(cnn4C)c3)cc2[nH]1,PPARG,0.6079,活性,毒性,4298,Q03111
T3452,CC(C)(C)c1ccc(S(=O)(=O)Nc2ccc(-n3ccnc3)cc2)cc1,PPARG,0.6079,活性,毒性,6850,P43405
T35424,Nc1ncnc2c1nc(Br)n2[C@@H]1O[C@@H]2COP(=O)(O)O[C@H]2[C@H]1O,SCD,0.6079,活性,低毒性,5141;5143,Q08493;Q08499;P27815;Q07343
TJP2865,COc1ccc2c(C)cc(=O)oc2c1O,AOC3,0.6074,活性,低毒性,4170,Q07820
TQ0209,C=C1[C@@H](O)[C@]2(O)OC[C@]34[C@H]2[C@@]2(C)[C@H](O)C(=O)C=C(C)[C@@H]2C[C@H]3OC(=O)C[C@@H]14,NR1H3,0.6069,活性,毒性,,
T15594,COc1cc2c(C)c(CC(=O)N3CCOCC3)c(=O)oc2c(C=O)c1O,PPARG,0.6069,高活性,低毒性,78943;2081,O75460;Q9EQY0
T9168,CC(C)(CN1C(=O)C(Cl)=C(Cl)C1=O)CN1C(=O)C(Cl)=C(Cl)C1=O,PPARG,0.6069,活性,低毒性,,Q14191
T8344,Clc1ccc(-c2csc(NN=C3CCCC3)n2)cc1,PPARG,0.6069,活性,低毒性,4837;2593;27232;4129;5409;4128;3176,P21397;Q14749;P40261;P21964;P11086;P27338;Q14353;P50135
T4S2326,C=C[C@H]1[C@H](O[C@@H]2O[C@H](CO)[C@@H](O)[C@H](O)[C@H]2O)OC=C(C(=O)OC)[C@H]1CCOC(=O)c1cc(O)c(O)c(O)c1,PPARG,0.6069,活性,低毒性,4837;2593;27232;115;5409;3176,O60503;Q14749;P40261;P21964;P11086;Q14353;P50135
T11039,CC(CCCN)Nc1ccnc2cc(Cl)ccc12,AOC3,0.6064,活性,低毒性,,
T5825,Cl.Cl.N[C@H]1CC[C@H](N[C@@H]2C[C@H]2c2ccccc2)CC1,PPARA,0.6064,活性,低毒性,23028,O60341
T7389,Brc1cc2c(cc1[C@@H]1Nc3ccccc3[C@@H]3C=CC[C@@H]31)OCO2,NR1H3,0.606,活性,低毒性,2852,NP_001091671;Q99527
T21871,COC[C@@H]1CCCN1S(=O)(=O)c1ccc2c(c1)C(=O)C(=O)N2,AOC3,0.6055,高活性,低毒性,840;842;836,P55211;P42574;P55210
TQ0019,CC(C)(CO)[C@@H](O)C(=O)NCCC(=O)Cc1ccccc1,PPARG,0.6055,活性,低毒性,8876,O95497
T5445,Nc1nc2[nH]ccc2c(=O)[nH]1,AOC3,0.605,活性,低毒性,,Q13627
T9501,O=C(N[C@H]1COC(=O)[C@@H](NC(=O)c2cccc(O)c2O)COC(=O)[C@@H](NC(=O)c2cccc(O)c2O)COC1=O)c1cccc(O)c1O,PPARG,0.605,活性,低毒性,,2XUZ_A
T26551,CC(=O)O[C@H](CC(=O)[O-])C[N+](C)(C)C,THRSP,0.605,活性,低毒性,3269,P35367;O76082
T10809,NC(C(=O)O)c1cc(O)ccc1Cl,AOC3,0.6045,活性,毒性,2915,NP_001137303
T7729,Cn1cc(-c2c[nH]c3ncnc(N4CCOCC4)c23)cn1,PPARD,0.6045,活性,毒性,6850;6788;6789;120892;7468,Q5S007;Q13188;O96028;Q13043;NP_940980;P43405
T60092,Cc1cccc(C(=O)Nc2cccc(-c3nc4ccccc4[nH]3)c2)c1,PPARG,0.6045,活性,低毒性,,
T2352,O=C(Nc1ccc2c(O)cc(S(=O)(=O)[O-])cc2c1)Nc1ccc2c(O)cc(S(=O)(=O)[O-])cc2c1.[Na+].[Na+],PPARG,0.6045,活性,低毒性,3276,Q99873
T10162,Cc1nccn1CC1CCc2c(c3cccc4c3n2CCC4)C1=O,AOC3,0.604,高活性,低毒性,58963;79246,P35563;Q9JJ16
T14313,Nc1ccn([C@H]2CO[C@@H](CO)S2)c(=O)n1,THRSP,0.6035,活性,低毒性,,
T210502,O=C(CCCN1CC=C(c2ccc(Cl)cc2)CC1)c1ccc(F)cc1,MLXIPL,0.603,活性,低毒性,885903,P14416;P9WFK7
T19765,OC(c1ccccc1)(c1ccccc1)c1ccccc1Cl,AOC3,0.6025,活性,低毒性,,
TN9451,Nc1ccccc1Cc1ccccc1,THRSP,0.6025,活性,低毒性,,P0DTD1
TN8705,OC[C@H]1O[C@@H](Oc2cc3c(O)cc(O)cc3[o+]c2-c2cc(O)c(O)c(O)c2)[C@H](O)[C@@H](O)[C@@H]1O,PPARG,0.6021,活性,低毒性,,
T67768,O=C(O)c1cc(-c2ccco2)ccc1O,THRSP,0.6021,活性,低毒性,15112,Q9WU19
T36789,CC1CCCCC1=O,THRSP,0.6021,高活性,低毒性,762;759;760,P00918;P00915;P22748
TJS0368,O=c1cc(-c2ccccc2)c2ccc(O)c(O)c2o1,PPARG,0.6016,活性,低毒性,,YP_001315171;2ZVJ_A
T21804,COc1ccc(-c2nc3cc(F)ccc3s2)cc1OC,PPARG,0.6016,活性,低毒性,25690;196,P41738;P35869
T67200,COC(=O)[C@]1(C)CCC[C@]2(C)c3ccc(C(C)C)cc3CC[C@@H]12,SCD,0.6016,活性,低毒性,,
T2732,O=C(O[C@@H]1Cc2c(O)cc(O)cc2O[C@@H]1c1ccc(O)c(O)c1)c1cc(O)c(O)c(O)c1,PPARG,0.6011,活性,低毒性,28234;4286;1432;1559;1995;855480;4986;11096;4985;115004;5693;86859893;9507;10599;5226;6622;8871;945870;4988,P35372;P41143;P37840;Q9Y6L6;Q16539;O75173;Q14576;P0AEK4;P08581;P43351;P00374;NP_001341533;Q8N884;P52209;Q965D7;O15056;Q72547;Q965D6;P10415;Q9UNA0;Q13627;P28074;P11412;Q965D5;P11712;P41145;Q9NPD5;Q8JUX6
TN6922,O[C@@H]1CCCC[C@@H]1O,THRSP,0.6011,高活性,低毒性,760;513212,P00918;Q3SZX4
T9083,CC(C)c1cccc(C(C)C)c1N1C(=O)c2ccc(N)cc2C1=O,AOC3,0.6006,活性,低毒性,,
T1580,CN(C)CC(c1ccc(O)cc1)C1(O)CCCCC1,NR1H3,0.6006,活性,低毒性,29412;6532;25553;6530;6531,P43140;NP_001036;P31645;Q01959;Q9WTR4;P31652;P23975;NP_001035;NP_001165975
T6604,Cl.NCc1c[nH]c(=S)n1[C@H]1CCc2c(F)cc(F)cc2C1,PPARA,0.6006,活性,低毒性,,
T14779,O=C1c2ccccc2-c2c(NCCc3ccccc3)c(=O)[nH]c3cccc1c23,PPARG,0.6006,活性,毒性,6195;6850;25643;5732;6196;55704;6197;65975;7468,P51812;CAC29064;P08753;BAE44387;Q15418;O96028;NP_000947;Q15349;P43405
T66355,CCCC(CC)C(=O)O,THRSP,0.6006,活性,低毒性,,
TNU0159,Cc1cn([C@@H]2O[C@H](CO)[C@@H](O)[C@@H]2F)c(=O)[nH]c1=O,XPR1,0.6006,活性,毒性,7083,P04183
T7356,O=C1CN(c2ccccc2)S(=O)(=O)N1,RXRB,0.6001,活性,低毒性,5770,P18031
T36866,O=c1cc(O)ccn1[C@@H]1O[C@H](CO)[C@@H](O)[C@H]1O,THRSP,0.6001,活性,低毒性,,
T4562,Cn1cc(C(=O)[C@@H]2CCc3nc[nH]c3C2)c2ccccc21,AOC3,0.5996,活性,低毒性,150;6532;3757;151;3359,P46098;P18089;P31645;Q12809;P08913
T0570,O=C(O)c1cc(O)cc(O)c1,AOC3,0.5996,活性,低毒性,771;768;759;760;766;23632;27198,P00915;P43166;Q9ULX7;P00918;Q2PCB5;NP_115943;Q16790;O43570
T14198,N[C@@H](COC(c1cccc(F)c1)c1ccccc1OCc1ccccc1)C(=O)O,GPAM,0.5996,活性,低毒性,6536;29234;9152,O08726;P48067;Q9Y345
T38310,CN(C)c1ccc(-c2nc3ccccc3s2)cc1,PPARG,0.5996,活性,低毒性,351;116160065,Q27757;P08659;P05067
T12681,OC1CCN2Cc3ccccc3N=C12,FASN,0.5991,活性,低毒性,590,P06276
TJS0328,O=c1cc(-c2ccccc2)c2cc(O)c(O)cc2o1,PPARA,0.5991,活性,低毒性,4170,Q07820
T20102,O=c1[nH]cnc2[nH]nnc12,GPAM,0.5981,活性,低毒性,200316;5243,NP_660341
T74005,O=c1oc2c(O)c(O)ccc2c2cc(O)c(O)cc12,PPARG,0.5981,活性,低毒性,2591;11226;55568;2590;2589;79623,P30613;Q8NCL4;Q96FL9;Q10472;Q14435;Q10471;Q86SR1
T60707,c1ccc2c(c1)CCc1ccccc1N2C1CN2CCC1CC2,PPARA,0.5977,活性,低毒性,1814;6532;1128;148;1129;6530;1812;6531;4988,P35372;P31645;Q01959;P21728;P35462;P35348;P08172;P11229;P23975
T10822,COc1cc2oc(-c3ccc(O[C@@H]4O[C@H](CO)[C@@H](O)[C@H](O)[C@H]4O)cc3)cc(=O)c2c(O)c1OC,PPARG,0.5977,活性,低毒性,29290,P25099
T9618,O=C(N[C@@H](Cc1ccc(O)cc1)C(=O)O)c1cc(-c2ccccc2)c(=O)n2c1sc1ccc(OC3CCCCC3)cc12,PPARG,0.5977,活性,低毒性,,P29990;V5TFZ2
T1884,O=C(c1ccc2nccnc2c1)N1CCCCC1,THRSP,0.5972,活性,低毒性,2890;3248;2892;2891;2893,NP_001106283;P15428;NP_001077089;NP_001243672;NP_001244952
TN6993,CC(=O)C=Cc1ccccc1,THRSP,0.5967,活性,毒性,,
T2A2524,COc1ccc(C=O)c(O)c1,AOC3,0.5962,活性,低毒性,8805;51592,Q9UPN9;O15164
T50088,N=C(Nc1ccccc1)c1cccs1,PPARG,0.5957,活性,低毒性,4842,P29475
T2761,C[C@@H]1O[C@@H](O[C@H]2[C@H](Oc3cc(O)c(C(=O)CCc4ccc(O)cc4)c(O)c3)O[C@H](CO)[C@@H](O)[C@@H]2O)[C@H](O)[C@H](O)[C@H]1O,PPARG,0.5952,活性,低毒性,84706,Q8TD30
T31482,CN(C(=O)C(Cl)Cl)c1ccc(O)cc1,AOC3,0.5947,活性,毒性,,
T14080,Cc1ccc(O)c(NC(=O)CCc2ccccc2)c1,AOC3,0.5947,活性,低毒性,,
T10115,O=c1oc2ccccc2cc1[N+](=O)[O-],PPARD,0.5947,活性,低毒性,,
T3S1628,O=c1cc(-c2ccc(O)cc2)oc2c([C@@H]3O[C@H](CO)[C@@H](O[C@@H]4O[C@H](CO)[C@@H](O)[C@H](O)[C@H]4O)[C@H](O)[C@H]3O)c(O)cc(O)c12,PPARG,0.5947,活性,低毒性,,4KC3_B
T5327,COS(=O)(=O)[O-].COc1cc(N)cn[n+]1-c1ccccc1,ACACA,0.5942,活性,低毒性,3757;3350;6530;6531,Q12809;P23975;Q01959;P08908
T4262,NC(=O)CS(=O)C(c1ccc(F)cc1)c1ccc(F)cc1,GPAM,0.5942,活性,低毒性,24898,P23977
T14561,CNC(=O)COc1cc2cc(Nc3nc(N4CCC(C(=O)N(C)C)CC4)ncc3Cl)cc(OC)c2n(C)c1=O,AOC3,0.5928,活性,低毒性,604;1128;1129,P11229;P08172;P08173;P41182
T10712,Cc1cc(C(=O)N(C)[C@H](CN2CC(O)C2)C(C)C)ccc1F,PPARA,0.5928,高活性,低毒性,3762;3760,NP_000881;NP_001247439
T16741,CN(C)C(=O)c1ccc(Cn2c(C(=O)O)cc3c(Br)cc(Sc4ccc(Cl)c(Cl)c4)cc32)cc1,PPARG,0.5928,活性,低毒性,6009,Q15382
T77614,CN(C(=S)NN=C(c1ccccn1)c1ccccn1)C1CCCCC1,PPARG,0.5928,活性,毒性,,
T4S1050,COC(=O)[C@]1(C)CC[C@]2(C)CC[C@]3(C)C4=CC=C5C(=CC(=O)C(O)=C5C)[C@]4(C)CC[C@@]3(C)[C@@H]2C1,NR1H4,0.5918,高活性,毒性,57406;29254;5770,P0C6X7;Q8R431;P22736;P29466;P18031;Q9BV23
T1876,Cc1ccc(NC(=S)NNc2c([N+](=O)[O-])cc(C(F)(F)F)cc2[N+](=O)[O-])cc1Cl,PPARG,0.5913,活性,低毒性,,
T26914,O=C(c1cccnc1)N1CCN2C(=O)c3ccncc3[C@]12c1ccc(Cl)cc1,MLXIPL,0.5903,活性,低毒性,,
TN6739,COc1ccc2c(c1OC)C(OC)N(C)c1c-2ccc2cc3c(cc12)OCO3,PPARG,0.5903,活性,低毒性,1543;1545;1544,P05177;Q16678;P04798
T2385,OC[C@H]1O[C@@H](c2ccc(F)c(Cc3cc4ccccc4s3)c2)[C@H](O)[C@@H](O)[C@@H]1O,PPARG,0.5903,活性,低毒性,25552;20537;64522;6524;6523;246787;6531,P31639;P13866;Q01959;NP_573517;NP_001243243;NP_072112;NP_037165;NP_003032;NP_062784
T21314,C[Si](C)(C)c1cc(C(=O)Nc2ccc(C(=O)O)cc2)cc([Si](C)(C)C)c1,PPARG,0.5903,活性,低毒性,,
T4201,NC(=O)[C@@H]1CC[C@@H]2CN1C(=O)N2OS(=O)(=O)[O-].[Na+],THRSP,0.5903,活性,低毒性,878149;948669,P24735;P0AD65;P00811
T2954,OC[C@@]1(O)OC[C@@H](O)[C@@H](O)[C@@H]1O,PPARG,0.5898,活性,毒性,,3OAY_H
T4999,CCOc1ccc(Cc2cc([C@]34OC[C@](CO)(O3)[C@@H](O)[C@H](O)[C@H]4O)ccc2Cl)cc1,PPARG,0.5894,活性,低毒性,64522;6523;6524,P53792;P31639;P13866;NP_001243243;NP_003032
T11155,O=C1[C@@H]2Cc3c([nH]c4ccccc34)[C@@H](c3cccc(O)c3)N2C(=O)N1Cc1ccccc1,RXRB,0.5894,活性,低毒性,,P52732
T9993,CC(=O)NC1CCN(c2ncnc3[nH]cc(-c4cccc(Cl)c4)c23)CC1,PPARG,0.5889,高活性,低毒性,6788;6789;120892,Q13043;Q5S007;Q13188
TJS0338,Cc1cc(=O)oc2cc(O)c(O)cc12,PPARG,0.5889,活性,低毒性,4170,2O23_A;2O23_B;Q07820
T37655,O=C(O)c1ccc(C(=O)N2CCc3c(c(=O)oc4ccccc34)C2)cc1,PPARG,0.5889,活性,低毒性,10797,P13995
T50042,Nc1ncnc2scc(-c3ccccc3)c12,THRSP,0.5889,高活性,低毒性,4916;3932;1025;1432;4486;2932;25;3791;57551;4058;2260;57396;238;1613;5601;6093;4914;5159;2931;23683;4915;5613;120892;815;1436;4233;9149;10188;1020;5566;695;6197;1859;1022;2321;5871;7301;1452;5605;1196;5604;9448;5979;57118;9641;5156;5599,
T1864,CCOc1ccc2nc(SCCN3CCOCC3)[nH]c2c1,PPARG,0.5884,活性,低毒性,1551,NP_000756;ABI96208
T6S2099,O=C1O[C@H]2[C@@H]3OC(=O)c4cc(O)c(O)c(O)c4-c4c(cc(O)c(O)c4O)C(=O)OC[C@H]2O[C@@H](OC(=O)c2cc(O)c(O)c(O)c2)[C@@H]3OC(=O)c2cc(O)c(O)c3c2[C@@H]2C1=CC(=O)[C@](O)(O3)C2(O)O,NR1H4,0.5879,活性,低毒性,29230,P52020
TN1160,O=C(OC[C@H]1O[C@@H](OC(=O)c2cc(O)c(O)c(O)c2)[C@H](OC(=O)c2cc(O)c(O)c(O)c2)[C@@H](OC(=O)c2cc(O)c(O)c(O)c2)[C@@H]1O)c1cc(O)c(O)c(O)c1,PPARG,0.5879,活性,低毒性,1576;1557;1559,P53634;P11712;P08684;P33261
T7626,CC(C)(C)N1CCC(c2ccccc2)(c2ccccc2)CC1,THRSP,0.5879,活性,低毒性,3757;1128;1129,Q12809;P08172;P11229
T12747,c1cc(-c2ncco2)cc(-c2nnc(Nc3ccc4[nH]ncc4c3)s2)c1,PPARG,0.5874,活性,低毒性,9475,O75116
T6662,CN1[C@@H]2C[C@@H](O)C[C@H]1[C@@H]1O[C@@H]12,AOC3,0.5869,活性,毒性,,
T7659,O=C1NC(=O)C(c2c[nH]c3ccccc23)=C1c1c[nH]c2ccccc12,NR1H3,0.5869,活性,毒性,4837;595;85420;6850;25522;22933;5581;100303771;5409;1198;3176;27232;5583;29340;23683;1195;7151;5590;170538;24681;5588;28989;2593;11040;81749;5292;9748;7157;25023;5578;5579;5587;24680;7468;282322;5582;1019;817;5580;25636;8576;5584,P05129;P68403;Q9BV86;P09215;Q15139;P41743;NP_001119587;NP_006866;P09216;P22694;NP_003983;P17612;P05771;P21964;P24385;P00517;P22612;Q8IXJ6;P05696;P11309;P24723;Q64617;NP_001008910;Q14749;Q05513;P63319;Q13557;Q02156;P17252;P27791;Q14353;P49759;Q05655;O96028;NP_055535;P11086;O94806;P50135;P11802;Q9WTQ0;NP_002639;P09217;NP_997700;P18688;Q04759;P40261;P43405
T8219,O=C1C(=O)N(Cc2ccc(C(F)(F)F)cc2)c2c(Cl)cccc21,PPARG,0.5859,高活性,低毒性,81645;1133;25229;1131,P20309;P08912;BAB91222;P10980;AAA40660;P08482
T3879,COc1cc([C@@H]2Oc3c(O)cc([C@H]4Oc5cc(O)cc(O)c5C(=O)[C@@H]4O)cc3[C@H]2CO)ccc1O,PPARG,0.5859,活性,低毒性,,O42713;P36021
TN2277,COc1cc(O[C@@H]2O[C@H](CO)[C@@H](O)[C@H](O)[C@H]2O)c2c(O)c(C(C)=O)c(C)cc2c1,PPARG,0.5859,活性,低毒性,,
T1355,COC(=O)c1cc(O)cc(O)c1,PPARG,0.5859,活性,低毒性,771;768;759;760;766;23632,P43166;P00915;Q9ULX7;P00918;Q16790;O43570
T37753,CC(C)c1ncc(Cc2ccccc2)[nH]c1=O,THRSP,0.5859,活性,低毒性,823,P07384
TN1134,C[C@@H]1CC[C@]2(C(=O)O)CC[C@]3(C)C(=CCC4[C@@]5(C)C[C@@H](O)[C@@H](O)C(C)(C)C5CC[C@]43C)C2[C@]1(C)O,NR1H3,0.585,活性,毒性,6850,P43405
T7763,O=C1CCC(N2C(=O)c3cccc(O)c3C2=O)C(=O)N1,AOC3,0.5845,活性,低毒性,,Q96SW2;Q16531
T40446,COc1ccc2[nH]c(SCC(=O)Nc3ccc([N+](=O)[O-])cc3)nc2c1,PPARG,0.5845,活性,低毒性,2357,NP_001180235
T66903,O.O=C(O)c1cc(O)c(O)c(O)c1,AOC3,0.584,活性,低毒性,,
T22417,CC1OC(OCC2OC(Oc3c(-c4ccc(O)c(O)c4)oc4cc(O)cc(O)c4c3=O)C(O)C(O)C2O)C(O)C(O)C1O,PPARG,0.584,活性,低毒性,51426;5328,2W2I_A;NP_057302;P00749
T2389,CCOc1ccc(Cc2cc([C@@H]3O[C@H](CO)[C@@H](O)[C@H](O)[C@H]3O)ccc2Cl)cc1,AOC3,0.5835,活性,毒性,150;6850;6524;64522;115584;6523,P53792;P31639;P13866;Q8WWX8;P08913;NP_001243243;NP_003032;P43405
T67685,Cc1cc(=O)oc2cc(O[C@@H]3OC[C@@H](O)[C@H](O)[C@H]3O)ccc12,PPARG,0.5835,高活性,低毒性,771;759;768,P00915;Q16790;O43570
T11114,CNCCC(c1cccs1)c1ccc(O)c2ccccc12,PPARA,0.583,活性,毒性,4837;2593;27232;6850;115;84706;5409;3176,O60503;P43405;Q14749;Q8TD30;P40261;P21964;P11086;Q14353;P50135
T8859,COc1cc2c[n+](C)c3c4cc5c(cc4ccc3c2cc1OC)OCO5,PPARG,0.583,活性,毒性,,
T3388,COc1ccc(-c2coc3cc(O[C@@H]4O[C@H](CO)[C@@H](O)[C@H](O)[C@H]4O)ccc3c2=O)cc1O,PPARG,0.5825,活性,低毒性,3558,P01375;P60568
T60149,O=C(CS(=O)(=O)c1ccccc1)c1ccc(C(F)(F)F)cc1,PPARG,0.582,活性,低毒性,3290,P28845
T8162,C=C(C)[C@@H]1CCC(C)=C[C@H]1c1c(O)cc(CCC)cc1O,PPARG,0.582,高活性,低毒性,7442;51393;1269;79054;1543;4988;1557;8989;9290;2830;1565;1555;312896;171384;59341;162514,P35372;Q01959;P21554;Q9Y2T6;P04798;P46095;P20813;Q9Y5S1;P10635;P33261;P34972;O75762;Q9HBA0;Q8NER1;Q8R455;Q8NET8;Q7Z2W7;P23975;Q6RI86
T73027,O=C(CCN1CCOCC1)Nc1ccc(-c2nc3cc(Cl)ccc3o2)cc1,PPARG,0.582,活性,毒性,,Q9Y6F1
T19700,CC(C)n1nnc2cc(C(=O)O)ccc21,THRSP,0.582,活性,低毒性,338442;8843,NP_006009;P49019;Q8TDS4
T4763,O[C@@H]1CCCC[C@H]1O,THRSP,0.582,高活性,低毒性,760;513212,P00918;Q3SZX4
T26778,CCCN(c1ccncc1)n1ccc2ccccc21,NR1H3,0.5815,高活性,低毒性,29412;24173;25083;25229;53949;24174;29413;24175;6530;24260;25111;81645,P43140;P08485;P23975;P15823;P22909;P08483;P10980;P22086;P19328;P08911;P23944;P08482
T38395,O=Cc1ccc[nH]1,THRSP,0.5815,活性,低毒性,,Q9L4Q3
T5016,CCc1ccc(Cc2ccc3c(c2)[C@]2(OC3)O[C@H](CO)[C@@H](O)[C@H](O)[C@H]2O)cc1.O,PPARG,0.5811,活性,低毒性,,P53792;P31639;Q923I7
T61214,CN1CCN(C(=S)SSC(=S)N2CCN(C)CC2)CC1,PPARG,0.5811,高活性,低毒性,7157;26227,P04637;O43175;Q99685
T11076,Clc1cccc(Cl)c1CSc1nnc(-c2ccc[nH]2)o1,THRSP,0.5811,活性,低毒性,,P32297;P30926
T5308,O=C(O)Cc1ccccc1O,GPAM,0.5806,活性,低毒性,25400;231,P11275;P15121
T77514,OB(O)c1cccc(Cl)c1,GPAM,0.5806,高活性,低毒性,11313;10434,O95372;O75608
T0855,COc1ccc2cc([C@@H](C)C(=O)O)ccc2c1,PPARG,0.5801,活性,低毒性,1646;5743;5742;8644;998;5879,P52895;P23219;P63000;P60953;P35354;P42330
T23132,Cl.Cl.N=C(N)c1ccc(OCCCCCOc2ccc(C(=N)N)cc2)cc1,PPARG,0.5801,活性,低毒性,,
T20568,O=C(c1ccccc1)C1CCCCC1,THRSP,0.5801,活性,毒性,1557;1544,AAV41877;EAW99313
T39598,Oc1ccc(Cl)cc1O,PPARG,0.5796,活性,毒性,,
TQ0180,O=C(O)C[C@@H]1C(=O)O[C@H]2[C@@H]3OC(=O)c4cc(O)c(O)c(O)c4-c4c(cc(O)c(O)c4O)C(=O)OC[C@H]2O[C@@H](OC(=O)c2cc(O)c(O)c(O)c2)[C@@H]3OC(=O)c2cc(O)c(O)c3c2[C@H]1[C@H](O)C(=O)O3,PPARG,0.5796,活性,低毒性,7150;29230,P52020;P11387
T68174,COc1ccc(Cc2ccccc2O[C@@H]2O[C@H](CO)[C@@H](O)[C@H](O)[C@H]2O)cc1,PPARG,0.5796,活性,低毒性,6523,P31639;P13866
T3828,Oc1cc(O)c2c(c1)O[C@@H](c1cc(O)c(O)c(O)c1)[C@H](O)C2,PPARG,0.5791,活性,低毒性,1557;1544,P05177;P33261
T17114,COc1ccc2c(C(=S)N(C)CC(=O)O)cccc2c1C(F)(F)F,ACACA,0.5786,活性,低毒性,396924;24192;396816;10327;317748;78959;57016;231,P51635;P16116;P07943;P14550;O60218;P80276;P15121;NP_001619;P50578
T15604,Cc1cc(C(=O)CN2CCCCC2)c(C)n1-c1ccc(Cl)cc1,THRSP,0.5786,活性,低毒性,,Q93009;P54578
T60009,COc1cc2ncnc(-c3c(-c4ccccc4)n(Cc4ccccc4Br)c4ccccc34)c2cc1OCCCN1CCOCC1,AOC3,0.5781,活性,毒性,5243,P08183;P08684
T10840L,COc1cc2c(NCC3CCN(C)CC3)cc(-c3ccc(C)o3)nc2cc1OCCCN1CCCC1,GPAM,0.5781,高活性,毒性,10919;1786,Q9Y6K1;Q9UBC3;Q96KQ7;P26358
TN2539,C=C1C(=O)O[C@@H]2C[C@]3(C)C(=C[C@H]12)[C@@H](C)CC[C@H]3O,SCD,0.5781,活性,低毒性,7323,P61077
T7984,O=C1CC(c2ccccc2O)Oc2ccccc21,THRSP,0.5781,活性,低毒性,29290;8644;3290;367;83817,P25099;P0DMS8;P28845;P37136;P42330;P10275
T8324,CCCCC(C(=O)O)N1C(=O)C2C3c4ccccc4C(c4ccccc43)C2C1=O,ACACA,0.5771,活性,低毒性,,
T60404,COc1ccc(CC(=O)Nc2cccc(O)c2)cc1,PPARG,0.5771,活性,低毒性,,Q96P20
T6501,Nc1nc(F)nc2c1ncn2[C@@H]1O[C@H](COP(=O)(O)O)[C@@H](O)[C@@H]1O,PPARG,0.5771,活性,毒性,763;7468;6850,O96028;P35218;P43405
T8191,C[N+](C)(C)[C@@H](Cc1c[nH]c(=S)[nH]1)C(=O)[O-],THRSP,0.5771,活性,低毒性,6583,Q9H015
TN2101,CCCCCC1=CC(=O)C=C(OC)C1=O,AOC3,0.5767,活性,低毒性,240;5743,P35354;P09917
T34093,O=[N+]([O-])c1ccc(OP(=O)(O)O)cc1,GPAM,0.5767,活性,低毒性,759;760;71934,P00918;P00915;Q9D6N1
T4S0792,COc1cc([C@H]2OC[C@H]3[C@@H]2CO[C@@H]3c2ccc(O[C@@H]3O[C@H](CO)[C@@H](O)[C@H](O)[C@H]3O)c(OC)c2)ccc1O,PPARG,0.5767,活性,低毒性,,
T2555,O=C(O[C@H]1C[N+]2(CCCOc3ccccc3)CCC1CC2)C(O)(c1cccs1)c1cccs1.[Br-],THRB,0.5767,活性,低毒性,150;1128;148;3757;1129;1133;152;1131;3269;6869,P20309;P08912;P18825;Q12809;P08913;P35348;P08172;P08173;P11229;P35367;P25103
T22497,O=C(O)CCC(CCCS)C(=O)O,GPAM,0.5757,活性,低毒性,,Q04609
T1820,Cc1[nH]c2ccccc2c1CCNC(=O)c1cccs1,ACACA,0.5752,活性,低毒性,1551;1565;9970,ANW61984;3DXK_A;3DXK_B;ABI96208;NP_000756;ADZ17385
T8714,CCCCCCCCCCCCCCCCCC(=O)OC[C@@H](O)COP(=O)([O-])OCC[N+](C)(C)C,PPARG,0.5747,活性,低毒性,139760,NP_848566
T4523,CC(C)(O)[C@H]1CC[C@H](Nc2ccc3ncc(-c4cccc(C(F)(F)F)c4)n3n2)CC1,NR1H3,0.5737,活性,毒性,28989;6850;142;415116;5292;11040,Q9P1W9;Q9BV86;P11309;P09874;Q86V86;P43405
T67897,CC(C)[C@H](NC(=O)c1cc2ccccc2[nH]1)C(=O)Nc1nccs1,PPARG,0.5737,活性,低毒性,3313;3309,P11021;P38646
T13884,CC[C@H](C(=O)N1CCCC[C@H]1C(=O)O[C@H](CCc1ccc(OC)c(OC)c1)c1cccc(OCCN2CCOCC2)c1)c1cc(OC)c(OC)c(OC)c1,THRSP,0.5737,活性,低毒性,,
T79123,Nc1nccc(Sc2cnc(N3CCC4(CC3)Cc3ccccc3[C@H]4N)nn2)c1Cl,NR1H4,0.5732,活性,低毒性,,Q06124
TN1804,COc1cc([C@H]2Oc3ccc([C@H]4Oc5cc(O)cc(O)c5C(=O)[C@@H]4O)cc3O[C@@H]2CO)ccc1O,PPARG,0.5732,活性,低毒性,,O42713
T24678,O=C(Nc1ccc(Cl)c(Cl)c1)c1ccc2[nH]ccc2c1,ACACA,0.5728,高活性,低毒性,4129;25750,P19643;P21397;P21396;P27338
T36123,Cn1nc(-c2ccccc2)nc2c(=O)n(C)c(=O)nc1-2,PPARG,0.5728,高活性,毒性,3707576;58819;3326;1017;5604;45424424;886300;888777;5243;51567;84867;5784;5347;994;4088;5778,CAA48375;O95551;P08238;NP_002746;BAA01847;AAL68976;Q9H3R0;NP_001138884;3I06_A;NP_002823;AAC35244;NP_005392;AAH09953;CAA43985;NP_116170;P9WHH9;1ELR_A;NP_005021;AAI07878;P9WIS7
T8877,O=C1C=Cc2cc(Br)ccc2C1=O,THRSP,0.5728,活性,低毒性,43740578,P0DTD1
T71961,COC(=O)CCC(=O)C(=O)OC,AOC3,0.5723,活性,低毒性,,
T5071,CC(C)CC(=O)C(=O)O,NR1H4,0.5723,活性,低毒性,,
T15597,CN1CC(=O)N2[C@H](c3c[nH]c4ccc(Cl)cc34)c3cc4c(cc3C[C@H]2C1=O)OCO4,PPARG,0.5723,活性,低毒性,8394,NP_003548
T9830,Cc1cccc(OC2CCN(Cc3cc(=O)[nH]c(=O)[nH]3)CC2)c1C,PPARG,0.5723,活性,低毒性,,
T9293,O=C(Nc1ccc2c(c1)C(=O)c1ccccc1C2=O)c1ccccc1,PPARG,0.5723,活性,低毒性,,Q9BYF1;P07711
T3797,COc1cc(C2Oc3ccc([C@H]4Oc5cc(O)cc(O)c5C(=O)[C@@H]4O)cc3OC2CO)ccc1O,PPARG,0.5723,活性,低毒性,,P45452
T88914,O=C(Cc1ccc(C2CC2)c(F)c1)N1CCN(c2ccc(Cl)nn2)CC1,PPARG,0.5723,活性,低毒性,79646,Q9H999
T8388,CNCc1cc(-c2ccccc2F)n(S(=O)(=O)c2cccnc2)c1,THRSP,0.5723,活性,毒性,397552;1565;6850;1551,ANW61984;P19156;ABI96208;NP_000756;P43405
T7565,CCCCCCCC(O)CC(=O)O,AOC3,0.5718,活性,低毒性,53831,NP_065103;Q9NQS5
T3681,Oc1ccc(C2CCCCC2)cc1,SCD,0.5718,活性,低毒性,,
T7368,Oc1ccc(-c2cnc3ccc(NCc4ccco4)nn23)cc1,PPARG,0.5713,活性,毒性,6850;1559;10413;7157;1551;7151;1565;7468,ANW61984;NP_001119587;ABI96208;QLI62812;O96028;NP_000756;P43405;NP_001123617
T24064,CCC1(c2cnc[nH]2)Cc2ccc(F)cc2C1,THRSP,0.5713,高活性,低毒性,150;152;151;147,P35368;P08913;P18089;P18825
T10445,Cc1cc2nc3c4ccccc4n(CCN(C)C)c3nc2cc1C,AOC3,0.5703,活性,低毒性,,
T72784,CN1CC[C@@H](Oc2ccc(F)c(-c3nc4c(o3)C(=O)c3ccccc3C4=O)c2Cl)C1,THRSP,0.5703,活性,低毒性,7398;57602;9101;55611;9099,Q96FW1;P40818;O94782;O75604;Q9P275
T2839,Cc1cc(O)cc(O)c1C(=O)O,THRSP,0.5698,活性,低毒性,1576,NP_059488
T28871,O=C1c2cc(Cl)ccc2CCC1c1cccnc1,THRSP,0.5698,活性,低毒性,25146,P11715
T7755,O=C1CCC(N2C(=O)c3cccc(F)c3C2=O)C(=O)N1,AOC3,0.5693,活性,低毒性,,Q96SW2;Q16531
TCS0862,COc1ccc(C(=O)O)cc1,GPAM,0.5693,活性,低毒性,759;760,P00918;P00915;1SV3_A
T78379,Nc1nc(=O)c2[nH]ccc2[nH]1,RXRB,0.5693,活性,低毒性,493724,P55859
T5849,O=c1c2cccn2c2ccccc2n1CCCN1CCC(c2ccc(Cl)cc2)CC1,AOC3,0.5688,活性,低毒性,150;154,P08913;P07550
T4918,O=CC(O)CO,AOC3,0.5688,活性,低毒性,231,P15121
T6130,O=C1c2ccc(Nc3ccc(F)cc3F)cc2CCc2ccc(OC[C@H](O)CO)cc21,PPARG,0.5688,活性,毒性,1432;27346;5600;3357;3315;3458,Q5BJF2;O15264;Q15759;P04792;P01375;Q01959;Q16539;NP_000610;P41595;P53778;P28223;3QUE_A
T14297,CC[C@H](C(=O)N1CCCC[C@H]1C(=O)O[C@H](CCc1ccc(OC)c(OC)c1)c1cccc(OCC(=O)O)c1)c1cc(OC)c(OC)c(OC)c1,THRSP,0.5688,活性,低毒性,2280,1BL4_A;P62942
T60531,C[C@@]1(O)[C@H](O)[C@@H](CO)O[C@H]1n1cnc2c(N)ncnc21,PPARD,0.5684,高活性,低毒性,29290;282133;25369,P25099;O39930;P30543;P29274;P28190
T13482,CO[C@@H]1[C@H](O)[C@@H](CO)O[C@H]1n1cnc2c(N)ncnc21,PPARD,0.5684,活性,低毒性,,P0DMS8
T19346,Nc1nc2c(ncn2[C@@H]2O[C@H](COP(=O)(O)O)[C@@H](O)[C@H]2O)c(=O)[nH]1,PPARG,0.5684,活性,低毒性,3251,1G9T_A;1W25_A;P00492;1QK3_A;1QK3_B;1SGX_A;2FXV_A
T4783,COc1ccccc1Nc1nc(-c2sc(NC(C)=O)nc2C)cs1,PPARG,0.5684,活性,低毒性,2876;64666,P14780;Q9JLS3;P07203
TN9351,Cn1cccc1C=O,THRSP,0.5684,高活性,低毒性,8805;51592,Q9UPN9;O15164
T77684,NCCNc1ccnc2cc(Cl)ccc12,THRSP,0.5684,活性,毒性,814112;101829062,ABH03417;P04273;XP_001349989
T9381,O=C1CCC(N2C(=O)c3ccc(F)cc3C2=O)C(=O)N1,AOC3,0.5679,活性,低毒性,,Q96SW2;Q16531
T35795,COc1ccc(OC(C)C(=O)[O-])cc1.[Na+],FASN,0.5679,活性,低毒性,83756;80835,Q7RTX1;Q7RTX0
TN9312,Oc1ccccc1Oc1ccccc1,AOC3,0.5669,活性,低毒性,86859893;2169;945870,P0AEK4;Q6GI75;P12104
T1766,OC[C@H]1O[C@@H](c2ccc(Cl)c(Cc3ccc(O[C@H]4CCOC4)cc3)c2)[C@H](O)[C@@H](O)[C@@H]1O,AOC3,0.5669,活性,毒性,6524;6523,P13866;NP_003032;NP_001243243;P31639
T9179,Clc1ccc(OCCSc2nc3ccccc3[nH]2)cc1,NR1H4,0.5669,活性,低毒性,367,P10275
T3549,Cc1nc2cccc(N)c2c(=O)n1C1CCC(=O)NC1=O,PPARD,0.5669,活性,毒性,6850;3553;6348;9656;3569;22806;1437,Q96SW2;Q16531;Q9UKT9;P01375;P04141;P05231;Q14676;P01584;P10147;P43405
T28578,CN=C1CN=C(c2ccc[nH]2)c2cc(Cl)ccc2N1,PPARG,0.5669,活性,低毒性,50487,AAI07878;EAW59941
TN9323,CC(=O)CCO,THRSP,0.5669,活性,低毒性,,1D7J_A
T5054,CC(C)(C)C(=O)N1N=CC[C@H]1c1ccccc1,THRSP,0.5669,活性,毒性,6850;19766,Q60855;P43405;Q13546
T15444,CC(C)(C)C(=O)N1N=CC[C@@H]1c1ccccc1,THRSP,0.5669,活性,低毒性,,Q13546
T19004,Cc1cccc(-c2nc3cc(-c4nc5cc(N6CCN(C)CC6)ccc5[nH]4)ccc3[nH]2)c1,PPARG,0.5664,活性,毒性,,
T67955,COc1cc2oc(=O)c(C)c(C)c2cc1OCCCN1CCN(c2ccccc2OC)CC1,NR1H4,0.5659,活性,低毒性,83817,P37136
T19655,CC(=O)N[C@H](C=O)[C@@H](O)[C@H](O)[C@H](O)CO,AOC3,0.5654,活性,低毒性,362443,P27471
T7795,CCC(C)(C)C(=O)N(O)Cc1ccccc1,AOC3,0.5654,活性,毒性,19766;8737,Q60855;NP_003795;Q13546
T38516,CN(C)c1ccc(-c2cc[n+](C)cc2)cc1.[I-],GPAM,0.5654,活性,低毒性,10413,NP_001123617
T23359,Br.Oc1cc2c(cc1O)C(c1ccccc1)CNCC2,THRSP,0.5654,活性,低毒性,43740578;1812,P0DTD1;P21728
T21281,Nc1nnc(S(N)(=O)=O)s1,XPR1,0.5654,高活性,低毒性,771;80733;3636621;765;768;759;760;766;23632;762;763;887836;11238;45427576;855692;377677;280741,Q9ULX7;Q8N1Q1;Q3I4V7;A6YCJ1;B5SU02;P35218;P43166;P23280;Q31FD6;Q16790;Q6FTL6;Q5AJ71;O43570;C0IX24;P53615;Q99N23;Q95323;A0A0H3GB68;B2V8E3;P9WPJ9;P00915;O24855;P00918;Q5TU56;Q9Y2D0;P22748
T22239,O=C(Nc1ccc2c(O)cc(S(=O)(=O)O)cc2c1)Nc1ccc2c(O)cc(S(=O)(=O)O)cc2c1,PPARG,0.5649,活性,低毒性,3276,Q99873;NP_001193971
T22381,O=C1C(=O)c2ccccc2C(O)=C1c1ccccc1,SCD,0.5649,活性,低毒性,5027;18439,Q99572;Q9Z1M0
T38563,O=CC1(C2(C=O)c3ccccc3-c3ccccc32)c2ccccc2-c2ccccc21,PPARG,0.5645,活性,低毒性,,
T5179,CNc1nn2c(C)c(N(C)C)c(C)nc2c1S(=O)(=O)c1ccccc1,PPARG,0.5645,活性,低毒性,3362,P50406
T8331,Nc1ccccc1S(=O)(=O)Nc1cccc2cccnc12,AOC3,0.564,活性,低毒性,19885;3064;2597,B45705;NP_002037;Q04206;P42858;2QQS_A;NP_035411;P25963;2ISV_A
T71525,CC(=O)N[C@H]1CN[C@H](CO)[C@@H](O)[C@@H]1O,NR1H3,0.564,活性,低毒性,3074,P07686
T10422,NC(=O)[C@@H]1CC[C@@H]2CN1C(=O)N2OS(=O)(=O)O,THRSP,0.564,活性,低毒性,89492124;878149;84239099;75086510,P62593;P14488;Q9L4P2;P13661;P24735;A8DS27;Q4GY26;Q9L5C7;P05364;Q9F663
T19661,Nc1ncnc2c1nc(Cl)n2[C@@H]1O[C@H](CO)[C@@H](O)[C@H]1O,PPARD,0.5635,活性,毒性,,
T60074,O=C(O)c1ccc(NC2CC2)c([N+](=O)[O-])c1,RXRG,0.563,活性,低毒性,,P49019
T7058,NC(=O)[C@H]1CCCc2c1[nH]c1ccc(Cl)cc21,FASN,0.5625,活性,低毒性,23411,Q96EB6
T29170,O=c1[nH]c2ncccc2c2ccccc12,THRSP,0.5625,高活性,低毒性,6790;142,O14965;P09874
T8618,O=C(O)c1cc(I)c(I)c(I)c1,PPARA,0.562,活性,低毒性,7172,P51580
T22135,CCOC(=O)CN1C(=O)c2ccc3c4c(ccc(c24)C1=O)C(=O)N(CC(=O)OCC)C3=O,PPARG,0.562,活性,低毒性,5303;5300,Q13526;Q9Y237
T11518L,CC(=N)NCCSCC[C@H](N)C(=O)O,PPARG,0.562,高活性,低毒性,4843;4842;4846,NP_001153583;NP_001191147;P35228;NP_000616;P29475
T40421,Oc1cc(Cl)c(Cl)cc1O,RXRA,0.562,活性,毒性,,3I51_A;AAF95916;P9WFX0
T7788,CC(C)(c1ccccc1)N1CCCCC1,THRSP,0.562,活性,低毒性,1555,P20813
T35074,COc1ccc(S(=O)(=O)N2CCN(C(C)c3nc(OC4CCCCC4)c4ccccc4n3)CC2)cc1,AOC3,0.5615,活性,低毒性,1080,P13569
T7202,COC(=O)c1csc(C(=O)c2c[nH]c3ccccc23)n1,PPARG,0.5615,活性,毒性,59067;11622,BAC78637;P30561;BAC78638;Q9HBE4
T3S0218,O=C(O[C@@H]1[C@@H](O)[C@H](Oc2cc(O)c(C(=O)CCc3ccccc3)c(O)c2)O[C@@H]2COC(=O)c3cc(O)c(O)c(O)c3-c3c(cc(O)c(O)c3O)C(=O)O[C@@H]12)c1cc(O)c(O)c(O)c1,PPARG,0.5615,活性,低毒性,5770,P18031
T16409,COc1ccccc1[C@@H](NS(=O)(=O)c1ccc2[nH]c(=O)ccc2c1)C(=O)N(Cc1ccco1)Cc1cccs1,THRSP,0.5615,活性,低毒性,,O15294
T26358,CN1C(=O)N[C@H]2[C@@H]3NC(=O)c4ccc(Br)n4[C@@H]3C[C@]21O,XPR1,0.5615,活性,毒性,,
T11183,CCc1[nH]c2ccc(OC)cc2c1CCN(C)C,ACACA,0.561,活性,毒性,3358;3354;6850;100135548;3352;1565;3361;3363;3362;3350;25187,NP_000855;P28221;ANW61984;NP_000515;P08908;NP_000856;P28566;P08909;O70528;NP_076917;NP_000862;P47898;P50406;P34969;P28223;P28335;NP_062874;P43405
T7636,CCC(c1ccccc1)c1c(O)c2ccccc2oc1=O,NR1H3,0.561,活性,毒性,79001;309004,NP_076869;P12497;Q6TEK4;Q72874
T14008,Cc1c(C)c2c(c(C)c1O)CCC(C)(C)O2,PPARD,0.561,活性,低毒性,,
T23209,O=C(NCc1ccccc1)c1ccc2c(=O)n(-c3cccc(C(F)(F)F)c3)c(=S)[nH]c2c1,PPARG,0.5605,活性,低毒性,1559,QLI62812
T5840,CCOc1ccc(-c2nc3ccc(-c4nc5ccc(N6CCN(C)CC6)cc5[nH]4)cc3[nH]2)cc1,PPARG,0.5605,活性,毒性,7155;83523;2648;51426;19885;65975;6607;4137,Q02880;CAC29064;Q07817;NP_057302;B45705;AAB59829;AAI14949;NP_059107;NP_035411;NP_066564;2WWY_A;CAQ07474;P97697
T7612,O=C(Nc1ccc(Cl)nc1)c1ccc(Cl)cc1,THRSP,0.5596,活性,低毒性,3786;3785,O43525;O43526
T77628,NCCCn1cc(C2=C(c3c[nH]c4ccccc34)C(=O)NC2=O)c2ccccc21,NR1H3,0.5591,高活性,低毒性,10298;282322;1198;817;5170;100303771;5292;25636;9748;1195;56924;8576;11040,P49759;P00517;P22612;1UU9_A;NP_002639;NP_005875;O15530;P18688;NP_006866;NP_001008910;P22694;NP_055535;NP_064553;NP_003983;Q13557;P17612;P27791
T12679,Cc1cc(C23c4ccccc4C(=O)N2CCN3C(=O)c2ccc(F)c(F)c2)ccc1Cl,GPAM,0.5586,活性,低毒性,1133,P08912
TP2204,CSCC[C@H](NC(=O)[C@H](Cc1ccc(O)cc1)NC(=O)[C@@H](N)CC(=O)O)C(=O)NCC(=O)N[C@@H](Cc1c[nH]c2ccccc12)C(=O)N[C@@H](CCSC)C(=O)N[C@@H](CC(=O)O)C(=O)N[C@@H](Cc1ccccc1)C(N)=O,PPARD,0.5586,高活性,低毒性,24889;25706;100719593;887,Q63931;P30553;P30551;P32239
TNU1251,Cc1cn([C@H]2C[C@H](O)[C@@H](CN)O2)c(=O)[nH]c1=O,PPARA,0.5581,活性,低毒性,24834,P27158
T9270,Nc1ccc2c(c1)CN(C1CCC(=O)NC1=O)C2=O,AOC3,0.5576,活性,低毒性,51185;1642,Q96SW2;Q16531
T72069,COc1ccc(Cl)cc1Nc1nc(-c2sc(NC(C)=O)nc2C)cs1,PPARG,0.5576,活性,低毒性,64666,Q9JLS3
T9973,Cc1ccc(-c2nnc(NC(=O)c3ccccc3)s2)cc1,PPARG,0.5576,活性,低毒性,,
T25701,COc1ccc(OCCCN(C)CCOc2ccc3c(c2)OCO3)c([C@@H]2Sc3ccccc3N(C)C2=O)c1,FASN,0.5571,活性,低毒性,100135490,O35505
T60372,CCCN(CCC)c1ccc(C=O)cc1[N+](=O)[O-],ACACA,0.5566,活性,低毒性,218,P30838
T1668,CC[C@]1(O)C[C@H]2C[N@@](CCc3c([nH]c4ccccc34)[C@@](C(=O)OC)(c3cc4c(cc3OC)N(C)[C@H]3[C@@](O)(C(=O)OC)[C@H](OC(C)=O)[C@]5(CC)C=CCN6CC[C@]43[C@@H]65)C2)C1.O=S(=O)(O)O,AOC3,0.5566,高活性,毒性,10382;7278;7277;347688;84617;347733;10376;7280;81027;10383;84790;203068;10381;7846;112714,P68363;Q13509;Q6PEY2;P04350;P68371;Q71U36;P0DPH7;Q3ZCM7;Q9BVA1;Q9BUF5;Q13885;P07437;Q9H4B7;P68366;Q9BQE3
T2868,CN1c2ccccc2C(=O)N2CCc3c([nH]c4ccccc34)[C@H]21,AOC3,0.5557,活性,毒性,8654,P05771;O76074
T14903,O=C(NCCc1ccccc1)c1cc2cccc([N+](=O)[O-])c2[nH]1,PPARG,0.5557,活性,低毒性,5336,NP_002652;P16885
T13997,CCCCOC(=O)CN1CCC(NC(=O)c2cc(Cl)c(N)cc2OC)CC1,PPARG,0.5557,活性,低毒性,,
T3849,O=C1C[C@@H](O[C@@H]2O[C@H](CO)[C@@H](O)[C@H](O)[C@H]2O)CO1,PPARG,0.5557,活性,低毒性,5770,P18031
T3369,COc1cc2c3c(c1OC)-c1ccccc1C[C@H]3N(C)CC2,NR1H3,0.5552,活性,低毒性,3358;147;148;146;3357,P25100;Q96AD5;P35368;P41595;P35348;P28335;P28223
T5399,CC(=O)Nc1ccccc1-c1cccc2c1[nH]c1ccccc12,PPARG,0.5552,活性,低毒性,54625,Q460N5
T6516,Fc1cc(F)c2c(c1)[C@H]1C=CC[C@H]1C(c1cccnc1)N2,ACACA,0.5547,活性,毒性,7468;6850;3458,O96028;NP_000610;P43405
T16723,O=C1C[C@@]2(C(=O)N1)C(=O)N(Cc1ccc(Br)cc1F)C(=O)c1cccn12,AOC3,0.5547,活性,低毒性,396816;231,P15121;P80276
T2021,CCN1c2cc(N)ccc2-c2ccc(N)cc2C1c1ccccc1,AOC3,0.5542,活性,低毒性,,3PM1_A;3V78_B;3PM1_B;3V78_A
T4076,CO[C@H]1O[C@H](COS(=O)(=O)[O-])[C@@H](O[C@@H]2O[C@@H](C(=O)[O-])[C@@H](O[C@H]3O[C@H](COS(=O)(=O)[O-])[C@@H](O[C@@H]4O[C@H](C(=O)[O-])[C@@H](O[C@H]5O[C@H](COS(=O)(=O)[O-])[C@@H](O)[C@H](O)[C@H]5NS(=O)(=O)[O-])[C@H](O)[C@H]4O)[C@H](OS(=O)(=O)[O-])[C@H]3NS(=O)(=O)[O-])[C@H](O)[C@H]2OS(=O)(=O)[O-])[C@H](O)[C@H]1NS(=O)(=O)[O-].[Na+].[Na+].[Na+].[Na+].[Na+].[Na+].[Na+].[Na+].[Na+].[Na+],PPARG,0.5542,活性,低毒性,2159,P00742
TN9786,O=[N+]([O-])c1ccc(O)c(O)c1,THRSP,0.5542,活性,低毒性,45234099;45234098,1EOC_A;1EOC_B
T5793,C=C1C(=O)O[C@H]2C[C@@H](C)[C@@H]3[C@@H](OC(C)=O)C[C@H](O)[C@@]3(C)[C@@H](OC(C)=O)[C@H]12,NR1H3,0.5537,活性,低毒性,,
T3327,CCO[C@H]1O[C@@H]2O[C@@]3(C)CC[C@H]4[C@H](C)CC[C@@H]([C@H]1C)[C@@]24OO3,PPARG,0.5537,活性,低毒性,,
T31981,CCN(Cc1cc(=O)n2c3c(sc2n1)CCC3)c1ccc(F)cc1,RXRA,0.5537,活性,低毒性,2903,Q12879
T12054,Cc1nc2cccc(C(F)(F)F)c2c(=O)n1-c1ccc(OCCCN2CCCC2)cc1,THRSP,0.5537,高活性,低毒性,85268;3274;3757;11255;59340;3269,NP_001091683;Q865E1;Q12809;NP_001153638;NP_009163;NP_001124527;Q9Y5N1;Q9QYN8
TQ0228,COCCNCCc1cccc(Nc2ncc3c(n2)-c2ccccc2[C@H](c2ccccc2F)C3)c1,AOC3,0.5532,高活性,毒性,28989;2263;6850;2261;7468;3456;2260,P01574;P07333;Q9BV86;NP_001156685;P21802;NP_001167538;O96028;P11362;P22607;NP_001138391;P43405
T27502,CSc1nc2ccc3nc(NC(=O)C(c4ccccc4)c4ccccc4)sc3c2s1,PPARG,0.5532,活性,低毒性,165140,NP_683765
T0832,CN[C@H](CC(C)C)C(=O)N[C@H]1C(=O)N[C@@H](CC(N)=O)C(=O)N[C@H]2C(=O)N[C@H]3C(=O)N[C@H](C(=O)N[C@H](C(=O)O)c4cc(O)cc(O)c4-c4cc3ccc4O)[C@H](O)c3ccc(c(Cl)c3)Oc3cc2cc(c3O[C@@H]2O[C@H](CO)[C@@H](O)[C@H](O)[C@H]2O[C@H]2C[C@](C)(N)[C@H](O)[C@H](C)O2)Oc2ccc(cc2Cl)[C@H]1O.Cl,PPARG,0.5532,活性,低毒性,,
T30583,Cc1[nH]c2ccccc2c1C(=O)CSc1nc2sc(C)c(C)c2c(=O)n1-c1ccccc1,PPARG,0.5532,活性,低毒性,65975,CAC29064
TN1601,C=Cc1cc(O)cc2c1-c1ccc(O)c(C)c1CC2,SCD,0.5532,活性,低毒性,2100,P03372;Q92731
T15247,Cc1ccc(S(=O)(=O)c2c(C)cc(C)cc2C)cc1,PPARG,0.5527,活性,低毒性,11069,Q8WZA2
T16761,O=c1[nH]c(N2CCC3(CC2)CN(CCO)c2cc(F)cc(F)c23)nc2c1CCCC2,RXRA,0.5527,活性,低毒性,80351;8658;10038,Q9H2K2;O95271;Q9UGN5
T1858,O=c1oc2ccc(O)cc2c2c1NCCC2,SCD,0.5527,活性,低毒性,5587,Q15139;P50613
T2S1792,Oc1cc2c3c(c1)c1cc4c(cc1c[n+]3CC2)OCO4,AOC3,0.5522,活性,低毒性,,
TN7123,C=C1C(=O)[C@@]23C(=O)O[C@H]4CCC(C)(C)[C@H]5[C@H](O)OC[C@@]45[C@@H]2CC[C@@H]1[C@H]3O,NR1H3,0.5522,活性,毒性,,
T12071,COCCOCCc1c(C)c2cc(OC)c(O)c(C=O)c2oc1=O,THRSP,0.5522,活性,低毒性,2081,O75460
T13996,O=C(NO)c1cccc2ccccc12,ACACA,0.5518,活性,毒性,51056;813594;813945,CAD52000;AAD17527;AAN37052;CAD52253
T12499,CC(C)CC1(O)CCN(C(=O)c2ccc(NS(=O)(=O)c3cccc4nccnc34)cc2)CC1,PPARG,0.5518,活性,低毒性,5313,P30613
T3440,O=C(O)CCC(CP(=O)(O)O)C(=O)O,RXRG,0.5518,高活性,低毒性,85309;10003,Q9Y3Q0;Q04609;P70627
T207819,CCOC(=O)c1ccc(O)cc1O,AOC3,0.5513,高活性,低毒性,771;768;759;760;766;23632,P43166;P00915;Q9ULX7;P00918;Q16790;O43570
T20540,CC(C)[C@H](N)C(=O)N[C@@H](Cc1c[nH]c2ccccc12)C(=O)O,ACACA,0.5508,活性,低毒性,1636,P12821
T4971,C[C@H]1O[C@@H](n2cnc3c(N)ncnc32)[C@H](O)[C@@H]1O,PPARD,0.5508,活性,低毒性,29290;25369;4507;100911796,P25099;P0DMS8;Q13126;P30543;P28647
T23388,CN1[C@@H]2CCC[C@H]1C[C@H](N1C(=O)Cc3ccccc31)C2,GPAM,0.5503,活性,低毒性,,P32297;P30926
T23371,O=C1c2ccccc2-c2nc3nonc3nc21,PPARD,0.5503,活性,毒性,25643;214763;3297;888777;55704,Q00613;P08753;BAE44387;Q8C6L5;P9WIS7
T78825,c1ccc(N2CCN(CCCc3nc4ccccc4s3)CC2)nc1,PPARG,0.5503,活性,低毒性,3358;1815;150;3354;27346;3357;148;3351;3363;1814;147;6530;1812;146;3361;151;3269;100135589;3352;152;4988,P28221;Q5BJF2;P08908;P35368;P35372;P35462;P08913;P41595;P28222;P25100;P18825;P21917;P21728;P28223;P18089;P28566;P35348;P34969;P35367;Q60492;P14416;P47898;P28335;P23975
T38414,Cc1n(CC(C)C)c2c([n+]1CC(=O)c1ccc([N+](=O)[O-])cc1)C(=O)c1ccccc1C2=O.[Br-],PPARG,0.5503,活性,低毒性,,
T24818,O=C(O)C[C@H](NC(=O)CP(=O)(O)O)C(=O)O,THRSP,0.5503,活性,低毒性,762;760,P00918;1D09_A;1Q95_A;P22748;1Q95_B
T8724,COC1c2c(ccc3c2OCO3)-c2ccc3cc4c(cc3c2N1C)OCO4,PPARG,0.5498,活性,低毒性,,
T3547,CCOc1ccc(Cc2cc([C@@H]3O[C@H](SC)[C@@H](O)[C@H](O)[C@H]3O)ccc2Cl)cc1,PPARG,0.5498,高活性,低毒性,6524;6523,P13866;NP_003032;NP_001243243;P31639
T60388,Cc1ccc2oc(=O)n(Cc3cccc(O)c3)c2c1,AOC3,0.5493,活性,低毒性,,P14174
T5S1923,COc1c2c(cc3c1-c1c(cc4c(c1OC)OCO4)C[C@H](C)[C@H](C)C3)OCO2,NR1H3,0.5493,活性,低毒性,,
T69647,O=C(CCCCCCCCCc1ccccc1)O[C@H](CBr)COP(=O)(O)O,PPARG,0.5493,活性,低毒性,1902,Q92633
T22054,NC1=NN(c2cccc(C(F)(F)F)c2)CC1,AOC3,0.5488,高活性,低毒性,5743;443551;5742;443460;24693;29527;240;25290,P05979;Q63921;P09917;P23219;P35355;P12527;P79208;P35354
T28255,CC[C@H]1C(=O)Nc2ccc(F)cc2N1C(=O)OC(C)C,GPAM,0.5488,活性,低毒性,155348,Q72547;P04585
T64362,O=c1ccccn1-c1ccc(N[C@H]2CC[C@H](Nc3ncc(OC(F)F)cn3)C2)nc1,PPARG,0.5488,活性,低毒性,255738,Q8NBP7
T6824,O=C(Nc1nccs1)C(c1cc(F)ccc1O)N1Cc2ccccc2C1=O,AOC3,0.5483,活性,毒性,6850,P00533;P43405
T0871,NC[C@H](O)c1ccc(O)c(O)c1.O.O=C(O)[C@H](O)[C@@H](O)C(=O)O,AOC3,0.5483,活性,低毒性,150;1814;6530;152;151;146;153;154,P25100;P18825;P18089;P35462;P08913;P07550;P08588;P23975
TN6791,CCCCCCCCCCCCCCCC(=O)NCc1ccc(O)c(OC)c1,PPARG,0.5483,活性,低毒性,,
T75554,C=C1C(=O)O[C@@H]2CC(C)=C([C@@H](C)CCCO)[C@@H](OC(=O)C(C)C)[C@H]12,SCD,0.5479,活性,毒性,4837;2593;27232;6850;5409;7468;3176,P43405;O96028;Q14749;P40261;P21964;P11086;Q14353;P50135
T67728,CCOC(=O)C1=C(C)NC(C)=C(C(=O)OCC)C1c1cccc2c1OCO2,ACACA,0.5474,活性,毒性,6476;8972;93432;2548,Q2M2H8;O43451;P14410;P10253
T60019,FC(F)(F)c1cc(NC(=S)NCc2ccccc2)cc(C(F)(F)F)c1,ACACA,0.5474,活性,毒性,4149;4609,P61244;P01106
T18064,O=C1CCC(N2Cc3c(Br)cccc3C2=O)C(=O)N1,AOC3,0.5474,高活性,低毒性,51185;1642,Q96SW2;Q16531
T1888,CC(=O)Nc1ccc(C(=O)Nc2ccccc2N)cc1,PPARG,0.5474,活性,毒性,9759;51564;10013;10014;9734;9612;6850;3065;8841;79885;3066;7468;83933;55869,NP_003874;Q96DB2;Q8WUI4;Q9UKV0;Q9UQL6;Q9BY41;Q13547;Q9UBN7;NP_004955;O96028;Q9Y618;O60885;NP_001518;P56524;Q969S8;P43405;Q92769;O15379
T72030,Cc1cccc(-c2cccc(C)n2)n1,AOC3,0.5469,活性,低毒性,1237,P51685
T38369,Cc1cc2nc(N3CCC(C(=O)NC4CCCC4)CC3)n(C(C)C)c2cc1C,PPARG,0.5469,活性,低毒性,59103;9536,O14684;NP_067594;NP_004869
T2294,Nc1ccccc1NC(=O)c1cnccn1,THRSP,0.5469,活性,低毒性,10013;3065;8841;3066;55869,Q9BY41;Q13547;Q92769;Q9UBN7;O15379
T11529,Cc1csc(NC(=O)C2CCN(C(=O)N(C)Cc3ccccc3)CC2)n1,PPARG,0.5464,活性,低毒性,1373,P31327
T13332,O=C1Nc2cc(Cl)c(Cl)cc2N2CCNCC12,GPAM,0.5459,活性,低毒性,3358;3356,P28223;P28335
T15573,CO[C@@H]1[C@H](OP(=O)(OC[C@H]2O[C@@H](n3cnc4c(N)ncnc43)C[C@@H]2O)SCOC(=O)OC(C)C)[C@@H](CO)O[C@H]1n1ccc(=O)[nH]c1=O,NR1H3,0.5459,活性,低毒性,,
T19868,CCCCOc1ccc(NC(=S)Nc2ccc(N(C)C)cc2)cc1,PPARG,0.5459,活性,低毒性,9536,O14684
T22195,CCc1sc(N)nc1-c1ccc(OC)cc1,PPARG,0.5459,活性,低毒性,861,Q01196
T3204,Nc1ccccc1NC(=O)CCCCCCC(=O)Nc1ccccc1,PPARG,0.5459,活性,低毒性,3066;3065;8841,Q13547;Q92769;O15379
T8106,COc1ccc(C(N)=O)cn1,SCD,0.5459,高活性,低毒性,4837;18113,O55239;P40261
TN1405,C=C(C)C(=O)O[C@H]1[C@@H]2[C@H](C)C(=O)O[C@@H]2C[C@@H](C)[C@@H]2C=CC(=O)[C@]21C,NR1H3,0.5454,活性,毒性,7157;7151;7468;6850,O96028;NP_001119587;P43405
T10952,Cc1c(OCC2=NCCN2)ccc(Cl)c1NS(C)(=O)=O,NR1H3,0.5454,活性,低毒性,148,P35348;NP_000671
T27920,CN1CCC(N2CCN(C(=O)[C@H](NC(=O)c3ccc4cc[nH]c4c3)c3ccccc3)CC2)CC1,PPARG,0.5454,活性,低毒性,2159,P00742
T0642,COc1ccc2c(c1)Nc1ccccc1S2,PPARA,0.5449,活性,毒性,27035;3064;25290,P42858;P12527;ABC40742
TN9558,CCn1ccnc1,THRSP,0.5444,活性,低毒性,,
T7375,COCCn1c(C)c(C)sc1=NC(=O)C1C(C)(C)C1(C)C,THRSP,0.5444,活性,低毒性,1269;1268,P21554;P34972
T60564,Fc1cc(F)cc(C2OCCc3c2[nH]c2ccccc32)c1,PPARG,0.5435,活性,低毒性,,
T5315,CCOC(=O)NC(=O)c1ccsc1NC(=O)c1nc2ccccc2s1,PPARG,0.543,活性,低毒性,3064;886125,P42858;P9WJF1
T1841,COc1cc2nc(N3CCCC3)nc(NCCCCCN3CCCC3)c2cc1OC,PPARG,0.543,活性,毒性,4837;2593;28989;27232;6850;5409;387893;7157;7151;1565;7468;3176,ANW61984;Q9BV86;P43405;NP_001119587;Q9NQR1;O96028;Q14749;P40261;P21964;P11086;Q14353;P50135
T5S1550,OCC=Cc1ccccc1,THRSP,0.543,活性,低毒性,1559,QLI62812
T3684,Cn1cc(C2=C(c3cccc(N)c3)C(=O)NC2=O)c2ccccc21,THRSP,0.543,活性,低毒性,24681;5578;25023;2932,P49841;P63319;P68403;P17252
T4691,CN(C(=O)C(c1ccccc1)c1ccccc1)[C@H](CN1CC[C@H](O)C1)c1ccccc1.Cl,THRSP,0.543,活性,低毒性,100135587,P41144
T33393,O=c1[nH]c(=O)c(Cc2cccc(C(F)(F)F)c2)c([C@H]2CC[C@H](c3ccccc3)CC2)[nH]1,GPAM,0.5425,活性,低毒性,,P04150
T21360,CN1C[C@@H]2c3ccccc3Oc3ccc(Cl)cc3[C@H]2C1,PPARA,0.5425,活性,毒性,1813;3354;6850;3352;3351;3269;3350;3356,NP_001091683;NP_000855;NP_000515;NP_057658;NP_000856;NP_001159419;NP_000854;P43405
TNU0085,Nc1ncnc2c1ncn2[C@@H]1O[C@H](CO)[C@@H](O)[C@@H]1F,PPARD,0.5425,活性,低毒性,,
T37431,Cc1nc2ncnn2c(N(C)C)c1Cc1cccc(N)c1,PPARD,0.5425,活性,低毒性,,P22413
T87342,O=C1OC2(c3cc(I)c(O)c(I)c3Oc3c2cc(I)c(O)c3I)c2c(Cl)c(Cl)c(Cl)c(Cl)c21,PPARG,0.5425,活性,低毒性,7068;2648;641;948669;51426;7421,NP_000048;NP_057302;P00811;1DE9_A;NP_001017535;NP_001121649;NP_066564;2WWY_A
T67697,Cc1c(F)ccc(C(=O)Nc2cc([N+](=O)[O-])ccc2N2CCN(C)CC2)c1Cl,GPAM,0.542,活性,毒性,6850;11091,P61964;P43405
T3516,Cn1c(CCCCCCC(=O)NO)nc2cc(N(CCCl)CCCl)ccc21,PPARG,0.542,高活性,毒性,3066;3065;55869;8841,Q9UQL6;Q9BY41;Q13547;Q9UBN7;P56524;Q92769;O15379
T13092,CC[C@H]1[C@@H](O)[C@@H]2[C@H](CC[C@]3(C)[C@@H]([C@H](C)CCC(=O)NCCS(=O)(=O)O)CC[C@@H]23)[C@@]2(C)CC[C@@H](O)C[C@@H]12,PPARG,0.542,高活性,低毒性,9971;227289;151306,Q96RI1;Q8TDU6;Q80SS6
TN2730,O=Cc1cc(O)ccc1O,SCD,0.542,活性,低毒性,,
TMA2613,CC(C)CC1NC(=O)C2CCCN2C1=O,GPAM,0.5415,高活性,低毒性,728386;57646;9101;23252;7345,P09936;NP_056022;P40818;Q96RU2;A8MUK1
T60536,CC(CC(c1ccccc1)c1ccccc1)NC(C)(C)C,MLXIPL,0.5415,活性,低毒性,1128;778;6331;3757;1129;779;1131;3269;776;775;4986,P20309;Q13698;O60840;Q01668;Q12809;Q13936;P41145;P08172;Q14524;P11229;P35367
TN1305,CCOC1c2c(ccc3c2OCO3)-c2ccc3cc4c(cc3c2N1C)OCO4,PPARG,0.541,活性,毒性,,
T5294,CC(C)C[C@H](O)C(=O)O,ACACA,0.5405,活性,低毒性,,
T8824,O=C1CCC(N2C(=O)c3cccc4cc(O)cc(c34)C2=O)C(=O)N1,AOC3,0.5405,活性,低毒性,,Q96SW2
T63140,COc1cc2nc(NCCCN(C)C)nc(NC3CCN(Cc4ccccc4)CC3)c2cc1OC,AOC3,0.5405,高活性,毒性,10919;23186;23028,Q9UKL0;Q96KQ7;O60341
T22476,CN(C)CCC1(c2ccc(Cl)cc2)Cc2ccccc2C(=O)O1.Cl,NR1H3,0.5405,高活性,低毒性,2837;57305,P49684;Q9UKP6
T61816,COc1ccc(N2CCN(CCCCc3c[nH]c4ccc(OC)cc34)CC2)cc1,PPARA,0.5405,高活性,低毒性,150;147;148;24473;24318;152;151;146;3350,P19327;P25100;P18825;P61169;P35368;P18089;P08913;P35348
T72170,CCCc1c(C)nc2c3ccccc3oc(=S)n12,PPARD,0.5405,活性,低毒性,,Q6P6C2
T14694,COc1cc(C(=O)c2c(C)oc3c(O)c(OC)ccc23)cc(OC)c1OC,PPARG,0.5405,活性,毒性,,
T3358,O=C(c1ccc(Cl)cc1Cl)n1nnc2ccccc21,AOC3,0.54,活性,低毒性,7421,NP_001017535
T15781,COc1ncccc1-c1cnn2ccc(N3CCN(C(=O)OC(C)C)CC3)nc12,AOC3,0.54,活性,低毒性,22848,O14976;Q9NSY1;Q2M2I8
T37009,NC(=O)c1cccc2nc3ccccc3nc12,GPAM,0.54,活性,低毒性,134391,Q8TDV0
T5597,COc1cc2nc(NC3CC3)nc(NC3CCN(C(C)C)CC3)c2cc1OC,PPARG,0.5396,活性,低毒性,8859,P49842
T21195,NC(=O)c1ncn([C@@H]2O[C@H](COP(=O)(O)O)[C@@H](O)[C@H]2O)c1N,NR1H4,0.5391,活性,低毒性,471,P31939
T60886,Cc1cc2c(C(N)=O)c(N)n(-c3c(C)ccc(O)c3C)c2nc1C,PPARG,0.5391,活性,毒性,4661;1387,Q92793;Q01538;P30291;Q99640;P06493
T25373,COc1ccc(C(=O)N2CCCc3cc(C4=NNC(=O)SC4C)ccc32)cc1OC,PPARG,0.5386,高活性,低毒性,5139;5140,Q14432;Q13370
T19005,Cc1ccc(-c2nc3cc(-c4nc5cc(N6CCN(C)CC6)ccc5[nH]4)ccc3[nH]2)cc1,NR1H4,0.5381,活性,毒性,,
T67734,CN(C)CCN1CCCC(C(=O)Nc2nc3c(F)cc(F)cc3s2)C1,PPARG,0.5381,活性,低毒性,,
T38843,OC[C@H]1O[C@@H](c2cc(Cc3ccc(C4CC4)cc3)c(Cl)c3c2CCO3)[C@H](O)[C@@H](O)[C@@H]1O,AOC3,0.5376,活性,低毒性,6523,P31639;P13866
T77653,O=C(NCCc1c[nH]c2ccccc12)c1ccc(F)cc1,PPARG,0.5376,活性,低毒性,23411,Q96EB6
T67849,OC[C@H]1O[C@@H](c2ccc(Cl)c(Cc3ccc(O)cc3)c2)[C@H](O)[C@@H](O)[C@@H]1O,PPARG,0.5376,活性,低毒性,6523,P31639;P13866
TN1004,COc1c(O)ccc2c1cc([N+](=O)[O-])c1c(C(=O)O)cc3c(c12)OCO3,PPARG,0.5376,活性,低毒性,,1FV0_A
TN3575,CCCCCc1cc(O)c2c(c1)OC(C)(CCC=C(C)C)C=C2,SCD,0.5376,活性,低毒性,51393;1269;8989;3939;1268;312896;59341;162514,P23975;P31645;Q8NET8;P34972;P00338;O75762;P21554;Q01959;Q9HBA0;Q9Y5S1;Q6RI86
T8171,NCC(=O)N[C@@H](CCC(N)=O)C(=O)O,THRB,0.5376,活性,毒性,,
T13918,COc1cccc([C@@H](C)NCCCc2ccccc2Cl)c1.Cl,MLXIPL,0.5371,活性,低毒性,3358;3274;10280;27346;3357;4986;155;3362;3350;1814;846;8477;6530;151;3361;3269;3356;152;4988,Q5BJF2;P08908;P35372;P35462;P41595;P25021;Q99720;P18825;P28223;P18089;P50406;P41180;P35367;P41145;Q8IYL9;P47898;P28335;P13945;P23975
TN6740,Cc1cc(O)c2c(c1)Cc1cc(O)cc(O)c1C2=O,NR1H3,0.5371,活性,毒性,,
T11032,NC(C(=O)O)c1cc(O)cc(O)c1,ACACA,0.5366,活性,低毒性,24418;24414,NP_001107802;NP_058708
T7753,O=C(O)COc1cccc2c1C(=O)N(C1CCC(=O)NC1=O)C2=O,AOC3,0.5366,活性,毒性,,Q96SW2;Q16531
T15020,CCCCCCOC(=O)c1cc(O)c(=O)c2c(O)c(O)c(OC)cc2c1,PPARG,0.5366,高活性,低毒性,24088;10333;7097;21897;7096,Q9EPQ1;Q15399;Q9Y2C9;Q9QUN7;O60603
T60681,CN1CCC(C(=O)Nc2ncc(-c3ccccc3)s2)CC1,PPARG,0.5366,活性,低毒性,8569,Q9BUB5
T4195,CNCCc1ccccn1,SCD,0.5361,活性,毒性,85268,Q9QYN8
T40017,Nc1ccc2c(c1)C(=O)N(C1CCC(=O)NC1=O)C2=O,AOC3,0.5356,高活性,低毒性,51185;1642,Q96SW2;Q16531
T7994,COc1c(-c2ccccc2)oc2ccccc2c1=O,PPARA,0.5356,活性,低毒性,9429,Q9UNQ0
TN2103,Oc1cc(O)c2c(c1)O[C@H](c1ccc(O)c(O)c1)[C@H](O)[C@H]2c1c(O)cc(O)c2c1O[C@H](c1ccc(O)c(O)c1)[C@H](O)[C@H]2c1c(O)cc(O)c2c1O[C@H](c1ccc(O)c(O)c1)[C@H](O)C2,PPARG,0.5356,活性,低毒性,280844,P80025
T67871,c1ccc2c(c1)Sc1ccccc1N2CCN1CCOCC1,SCD,0.5356,活性,低毒性,23028,O60341
T37575,CC(=O)N[C@H]1[C@H](Oc2ccc([N+](=O)[O-])cc2)O[C@H](CO)[C@@H](O)[C@@H]1O,PPARG,0.5352,活性,低毒性,,
T3460,COc1cc(OC)cc(C(=O)Nc2ccc(Cl)c(-c3nc4ccc(N(C)C)cc4[nH]3)c2)c1,PPARG,0.5347,活性,毒性,4837;9970;2593;27232;20423;319757;1559;5409;1551;3176,Q62226;P56726;ABI96208;QLI62812;ADZ17385;Q14749;NP_000756;P40261;P21964;P11086;Q26304;Q14353;P50135
T27828,O=c1[nH]c2cc(Cl)c(Cl)c([N+](=O)[O-])c2[nH]c1=O,XPR1,0.5347,高活性,低毒性,2902;29629;2904;2906;24411;116443;50592;116444;24408;29627;2905;24409;170796;2903;191573;29628;24412;24410,P19490;Q9R1M7;Q8TCU5;O60391;Q13224;Q14957;P19491;P19492;P19493;Q12879;Q00959;Q8VHN2;O15399;P35439;Q00960;Q05586;Q00961;Q62645
T3909,C[C@@H]1O[C@@H](O[C@H]2[C@H](O[C@H]3CC[C@@]4(C)[C@@H](CC[C@]5(C)[C@@H]4CC=C4[C@@H]6CC(C)(C)CC[C@]6(C(=O)O)CC[C@]45C)[C@]3(C)CO)OC[C@H](O[C@@H]3O[C@H](CO)[C@@H](O)[C@H](O)[C@H]3O)[C@@H]2O)[C@H](O)[C@H](O)[C@H]1O,AOC3,0.5342,活性,毒性,,
T15726,Cc1cccc(C)c1-n1c(=O)c2cnc(Nc3ccc(N4CCN(C)CC4)cc3)nc2n2c3ccccc3nc12,AOC3,0.5342,高活性,毒性,3932;3815;5602;3718;695;4067;7535;6714;7010;673;7297;3791;1559;25;7157;1551;7151;7468,P52333;P35968;P15056;Q06187;P53779;P10721;P07948;NP_001119587;P12931;P43403;QLI62812;O96028;P00519;NP_000756;P29597;Q02763;P06239;P43405
T13412,Nc1ccc(SCC(=O)Nc2ccc3nc(NC(=O)c4ccc(C(F)(F)F)cc4)sc3c2)cc1,PPARG,0.5342,活性,低毒性,,
T60274,CC(=O)CSc1n(C)cc[n+]1C.[Cl-],RXRG,0.5342,活性,低毒性,,
T6483,Cl.Cl.O=c1cc(CN2CCOCC2)occ1OCCCCCSc1ccnc2cc(C(F)(F)F)ccc12,ACACA,0.5337,活性,低毒性,5879,P63000
T1540,CN(C)CCC=C1c2ccccc2COc2ccccc21.Cl,NR1H3,0.5337,活性,低毒性,,
T13906,CC(C)(C)c1ccc(N2C(=O)c3cc(F)ccc3[C@H](CC(=O)O)[C@H]2c2ccc3c(c2)OCCO3)cc1Cl,NR1H3,0.5337,活性,低毒性,,Q86WV6
T1782,Cc1ccc([C@@H]2O[C@H](CO)[C@@H](O)[C@H](O)[C@H]2O)cc1Cc1ccc(-c2ccc(F)cc2)s1,PPARG,0.5337,活性,毒性,6850;6524;6523;43740568;6531;7468,P53792;P31639;P13866;Q01959;O96028;Q923I7;NP_001243243;NP_003032;P43405
T24626,COc1nc(N(C)C)ccc1-c1cc2c(C(=O)O)c[nH]c2cc1Cl,PPARG,0.5337,活性,低毒性,51422;5565;5564;5562;53632;5571;5563,Q9Y478;Q9UGI9;Q9UGJ0;P54646;Q13131;O43741;P54619
T17228,COc1cc(C(=O)c2cnc(-c3c[nH]c4ccccc34)[nH]2)cc(OC)c1OC,PPARG,0.5337,活性,毒性,,
T37115,CCOC(=O)c1cc(O)ccc1O,NR1H3,0.5332,高活性,低毒性,771;768;759;760;766;23632,P43166;P00915;Q9ULX7;P00918;Q16790;O43570
T79745,OC1CCN(c2nc(Nc3cccc(C(F)(F)F)c3)nc(Nc3cccc(C(F)(F)F)c3)n2)C1,PPARG,0.5332,活性,低毒性,3418,P48735
TN2211,COc1cc([C@@H]2Oc3cc([C@H]4Oc5cc(O)cc(O)c5C(=O)[C@@H]4O)ccc3O[C@H]2CO)ccc1O,PPARG,0.5332,活性,毒性,1559;28234;10599;11309,Q9NPD5;P11712;Q9Y6L6;O94956
T61915,CCSc1ccc2c(c1)N(CCCN1CCN(C)CC1)c1ccccc1S2,PPARG,0.5332,活性,毒性,150;140;3458;148;3757;3350;1814;854324;6530;1812;6915;3269;3356;6532;1813;1129;152;6531;4988,P08908;P35372;Q01959;P35462;P08913;P08172;C8Z4T0;P0DMS8;P18825;P21728;P28223;P21731;CDO16711;NP_000610;P35348;P35367;P14416;Q12809;P31645;P33302;CDO16358;P23975
T60712,COc1cc2c(cc1OC)CN(c1cc(F)cc(F)c1)CC2,PPARG,0.5327,活性,低毒性,4129,P27338
T67885,CNC(=O)c1cc(F)c(-c2nc3cc(C)ccn3c2C[C@H]2CN(C(=O)OC)CCO2)c(F)c1,AOC3,0.5322,活性,低毒性,5024,P56373
T14042,CCC(=O)NC1Cc2ccccc2C(c2ccccc2)C1,PPARG,0.5322,活性,低毒性,4543;4544;5999,ABC94591;P49286;NP_005950;NP_005949;P48039
T8351,O=C(O)c1cc2cccc(O)c2cc1O,THRSP,0.5322,活性,低毒性,2906;2904;2903,Q13224;O15399;Q12879
T4166,COc1cc2c(NC3CCN(C(C)C)CC3)nc(N3CCC(F)(F)CC3)nc2cc1OCCCN1CCCC1,GPAM,0.5317,活性,毒性,4837;2593;28989;27232;6850;10919;11255;79813;5409;146;2879;7468;3176,NP_079033;P25100;P36969;P43405;O96028;NP_001273725;P40261;Q96KQ7;P21964;Q14749;Q15910;Q9H9B1;NP_001276342;P11086;Q9Y5N1;Q14353;P50135
T23193,Nc1c(S(=O)(=O)[O-])cc(Nc2cccc3ccccc23)c2c1C(=O)c1ccccc1C2=O.[Na+],NR1H3,0.5317,活性,毒性,2648;5030;58813;7421;5029,P21588;NP_001017535;P51582;A6I415;P41231;NP_066564;2WWY_A
TQ0046,O=C(c1ccc(CN2CCOCC2)cc1)N1CCN(C2CC2)CC1,PPARG,0.5317,活性,低毒性,11255,Q9Y5N1
T8158,COc1ccc(-c2cc(=O)c3c(O)cc(O[C@@H]4O[C@H](CO)[C@@H](O)[C@H](O)[C@H]4O)cc3o2)cc1,PPARG,0.5317,活性,低毒性,,
T23315,COc1ccc(NC(=O)c2ccc(-c3ccc(-c4noc(C)n4)cc3C)cc2)cc1OCCN(C)C.Cl,RXRG,0.5317,高活性,低毒性,150;3358;187;3354;2359;11255;10280;27346;3357;2358;1128;266977;1880;728;3351;2859;3363;1901;8477;6530;151;3361;3356;6532;3352;1129;2740;152;338557;139760;6531,P28221;Q5BJF2;Q01959;Q5T601;P35414;P08913;P41595;P08172;P28222;P11229;Q5NUL3;Q8TDV5;Q99720;P18825;P43220;Q9HC97;P32249;P28223;P25089;P18089;P28566;P34969;P21730;P21453;P25090;P31645;Q8IYL9;P47898;P28335;P23975;Q9Y5N1
T9231,CCc1ccccc1OCCN1CCCCCC1.Cl,THRB,0.5317,活性,低毒性,,
T7550,COC(=O)C1=C(C)NC(C)=C(C(=O)O[C@H]2CCN(Cc3ccccc3)C2)[C@H]1c1cccc([N+](=O)[O-])c1,THRB,0.5317,活性,低毒性,150;1814;1128;140;148;3757;1129;5241;6530;6915;5243;1812;6531;4988;3350;775,P0DMS8;P06401;P08908;P35372;Q12809;Q13936;Q01959;P21728;P35462;P08913;P35348;P08172;P11229;P08183;P23975;P21731
T71125,Cn1cc(C2=C(c3cn(CCCN)c4ccccc34)C(=O)NC2=O)c2ccccc21,NR1H3,0.5312,活性,低毒性,24681;282322;85420;29340;817;81749;25522;7151;5292;7157;25023;24680;170538;29110;5170,P00517;Q9WTQ0;P68403;P05696;P09215;P09217;O15530;P11309;NP_001119587;P09216;Q64617;P63319;1UVR_A;Q13557;Q9UHD2
TQ0266,Cc1[nH]nc2ncc(C(=O)N3CCC[C@H]3c3ccc(Cl)cc3)cc12,NR1H3,0.5312,活性,毒性,6850;5566;2931;892;6531;7468,P50750;P14416;Q01959;P49840;P24863;O96028;P49336;P17612;Q9BWU1;P43405
T15743,COc1ccc2c(c1)N(C[C@H](C)CN(C)C)c1ccccc1S2,SCD,0.5312,活性,毒性,150;1814;1128;854324;148;1129;1812;43740568;3350,P08908;P33302;P21728;P35462;P08913;P35348;P08172;P11229
T8549,O=S(=O)(O)CCN1CCN(CCO)CC1,THRSP,0.5312,活性,低毒性,,1D1P_A;1DG9_A
TN7212,COc1ccc(-c2cc(=O)c3c(O)cc(O[C@@H]4O[C@H](CO)[C@H](O)[C@H](O)[C@H]4O)cc3o2)cc1,PPARG,0.5308,活性,低毒性,,
T3735,COc1cc(CCC(=O)CC(=O)CCc2ccc(O)c(OC)c2)ccc1O,PPARG,0.5303,活性,毒性,240;81285,Q9H255;P09917
T1752,O=C1CSc2ccccc2N1Cc1cccc(C(F)(F)F)c1,PPARG,0.5303,活性,低毒性,4837;9970;3783;2593;27232;5409;3176,NP_002241;Q14749;P40261;P21964;P11086;ADZ17385;Q14353;P50135
T77619,CCCC(=O)NC(c1cccs1)c1ccc2cccnc2c1O,AOC3,0.5298,高活性,低毒性,10413;3064,P42858;NP_001123617
T19905,O=S(=O)([O-])c1cc(O)c(N=Nc2c(O)ccc3ccccc23)c2ccccc12.[Na+],PPARG,0.5298,活性,低毒性,3064,P42858
T6292,Nc1nccc2c1ncn2[C@@H]1C=C(CO)[C@@H](O)[C@H]1O,PPARD,0.5293,活性,毒性,6850;191;7468;3458;2146,O96028;Q15910;NP_000610;P23526;P43405
T3418,C[C@@]1(C(=O)O)CC[C@]2(C)CC[C@]3(C)C4=CC(=O)c5c(cc(O)c(O)c5C=O)[C@]4(C)CC[C@@]3(C)[C@@H]2C1,PPARG,0.5293,活性,低毒性,,
T2766,COc1ccc(C[C@H]2COC(=O)[C@@H]2Cc2ccc(O[C@@H]3O[C@H](CO)[C@@H](O)[C@H](O)[C@H]3O)c(OC)c2)cc1OC,PPARG,0.5288,活性,毒性,65975;6850,CAC29064;P43405
T6578,C[C@H](NC(=O)CCc1nc2ccccc2c(=O)[nH]1)c1ccccc1,RXRA,0.5288,活性,低毒性,10039;142,Q9Y6F1;NP_005476;P09874;NP_001609
T20626,COc1ccc2nc([S@@](=O)Cc3ncc(C)c(OC)c3C)[nH]c2c1,THRSP,0.5288,活性,低毒性,495;4297;11091,P61964;NP_000695;Q03164
T17194,C[C@@H]1[C@H](c2ccccc2)C[C@H](NC(=O)c2cnc3c(c2)C[C@@]2(C3)C(=O)Nc3ncccc32)C(=O)N1CC(F)(F)F,AOC3,0.5283,高活性,低毒性,10203;10267,O60894;Q16602
T9111,Nc1ncnc2c1nnn2[C@@H]1O[C@H](CO)[C@@H](O)[C@H]1O,THRSP,0.5283,活性,毒性,,
T15263,NC(=O)[C@@H]1CCCc2c1[nH]c1ccc(Cl)cc21,ACACA,0.5278,高活性,低毒性,23411;22933,Q96EB6;Q8IXJ6
T2S2172,C=CC(C)(O)CCC=C(C)CCC=C(C)C,THRSP,0.5278,活性,低毒性,1559,QLI62812
T20058,OC(Cc1ccccc1Cl)(Cn1nc[nH]c1=S)C1(Cl)CC1,GPAM,0.5273,活性,毒性,2101;2100;3356;5241;1557;1559;1576;2737;4780;7157;367;3725,AAH11558;EAX06628;AAI32976;AAH96839;ABI96208;AFN61604;AAV31779;ABB72139;AGS09764;AAV41877;ADZ17378;AAI13617
T4197,CC(C)(C)Oc1cccc2nc(N)nc(N)c12,THRSP,0.5273,活性,低毒性,,
T3714,Cc1c(C)c(NCC(=O)N(C)C2CCN(Cc3ccc(C(N)=O)cc3)CC2)c(C)c(C)c1N,NR1H4,0.5259,活性,低毒性,1551;1565;1559,QLI62812;ANW61984;NP_000756;ABI96208
T37015,CN(C)CCCn1c2c(c3ccccc31)CCCCCC2,PPARG,0.5259,活性,低毒性,3358;1815;3274;11255;1133;3357;4986;148;1131;3362;3350;1814;6530;151;3361;3269;3356;1813;1129;152,P20309;P08912;P08908;P35462;P41595;P25021;P08172;P18825;P21917;P28223;P18089;P35348;P50406;P35367;P14416;P41145;P47898;P28335;P23975;Q9Y5N1
T2359,O=C(Nc1ccccc1C(=O)NC1CCCCNC1=O)c1cc2ccccc2s1,GPAM,0.5254,活性,毒性,1551;1559;6850,QLI62812;P43405;NP_000756;ABI96208
T6781,NS(=O)(=O)c1ccccc1,NR1H3,0.5254,活性,低毒性,771;280740;3636621;765;768;759;760;763;766;762;377677;23632;11238;761,P00915;P43166;Q9ULX7;P23280;P00918;Q8N1Q1;Q3I4V7;2WEJ_A;P00921;Q5AJ71;Q16790;Q9Y2D0;P35218;P22748;P07451;O43570
T24750,Cc1oc2ccccc2c1CNC(=O)NCc1cccs1,PPARA,0.5249,活性,低毒性,1551;1565,Q14994;ANW61984;NP_000756;ABI96208
T39030,COCc1cc(O)c(O)c(O)c1-c1c(COC)cc(O)c(O)c1O,PPARA,0.5249,活性,低毒性,58819;861;51426;11201;2597;65975;2237;7421;4137;865;2146,NP_004447;CAC29064;NP_057302;B45705;NP_002037;1DE9_A;NP_001017535;AAC35244;AAG24257;NP_009126;AAI14949;AAI07878;NP_004102;NP_001001890;NP_001746;2ISV_A;2WWY_A;CAQ07474
T68099,CC(SC(=O)c1cccs1)C(=O)NC1CCSC1=O,PPARG,0.5249,活性,低毒性,1991,P08246
T84144,CC(C)=CCCC(C)CCOC(=O)C(C)C,SCD,0.5249,活性,低毒性,1557,AAV41877
T26322L,Cn1nnc2ccc([C@@H](c3ccc(Cl)cc3)n3cncn3)cc21,GPAM,0.5244,活性,低毒性,1588,P11511
T79455,O=c1c2c(O)c(O)c(O)cc2nc(-c2ccccc2)n1-c1ccccc1,PPARG,0.5244,活性,低毒性,,P0DTD1
T7831,CC(=O)C(=Cc1cc(O)c(O)c([N+](=O)[O-])c1)C(C)=O,PPARG,0.5239,活性,低毒性,24267;2859,Q9HC97;P22734
T3965,Cc1c(CC(=O)O)c2cccnc2n1Cc1ccc(S(C)(=O)=O)cc1C(F)(F)F,PPARG,0.5234,活性,低毒性,11251,Q9Y5Y4;NP_004769
T5S0018,C=C(C)[C@@H]1CC[C@]2(C(=O)O)CC[C@]3(C)[C@H](CC[C@@H]4[C@@]5(C)CCC(=O)C(C)(C)[C@@H]5CC[C@]43C)[C@@H]12,PPARG,0.5229,活性,毒性,151306,Q8TDU6
TN6600,O=C(OC[C@H]1O[C@@H](Oc2c(-c3ccc(O)cc3)oc3cc(O)cc(O)c3c2=O)[C@H](O)[C@@H](O)[C@@H]1O)c1cc(O)c(O)c(O)c1,PPARG,0.5229,活性,低毒性,,
T7085,CN1CCc2c(c3ccccc3n2Cc2ccccc2)C1,SCD,0.5229,活性,低毒性,150;1814;1128;148;3757;1129;6530;1812;6531;3350,P08908;Q12809;Q01959;P21728;P35462;P08913;P35348;P08172;P11229;P23975
T31388L,COc1ccc(OC)c(C(O)CN)c1,ACACA,0.5225,活性,低毒性,150;29412;101843941;148;24174;29413,P43140;P08913;P19328;P35348;P23944;O02824;P18841
T27677,Fc1ccc(CN2CCC(Nc3ccc(C(F)(F)F)nn3)CC2)cc1F,THRSP,0.5225,活性,低毒性,1814;1565,P14416;ANW61984;P35462
T84987,Cc1cn([C@H]2CC[C@@H](CO)O2)c(=O)[nH]c1=O,XPR1,0.5225,活性,低毒性,,Q72547
T28759,COc1ccc(OCCCN(C)CCOc2ccc3c(c2)OCO3)c([C@H]2Sc3ccccc3N(C)C2=O)c1,ACACA,0.522,活性,低毒性,,
T60021,Cc1ccc2[nH]c(-c3ccccn3)nc2c1,PPARG,0.522,活性,低毒性,947882;75202019;10988;865,P50579;Q13951;P0AE18
T11064,Oc1c2c(nn1-c1ccccn1)CCc1ccccc1-2,PPARG,0.522,活性,低毒性,4891,P49281
TN4340,C=C1C(=O)O[C@@H]2C[C@]3(C)C(=C(C)CC[C@H]3O)C[C@H]12,SCD,0.522,活性,低毒性,,
T203966,CCOC(C=C(C)CCC=C(C)C)OCC,SCD,0.522,活性,毒性,,
T30231,O=C(Nc1ccccn1)c1ccc2nc(-c3ccc(NC(=O)C45CC6CC(CC(C6)C4)C5)cc3)[nH]c2c1,PPARG,0.5215,活性,低毒性,,
T33389,O=C1CC2(C(=O)N1)C(=O)N(Cc1ccc(Br)cc1F)C(=O)c1ccc(F)cc12,GPAM,0.521,高活性,低毒性,396924;10327;317748;57016;231,P16116;P14550;O60218;P15121;P50578
T9552,O=C(Nc1cccc([N+](=O)[O-])c1)Nc1nc(-c2ccccc2)cs1,PPARG,0.521,活性,毒性,11177,Q9NRL2
T10482,N=C(CCl)NCCC[C@H](NC(=O)c1ccc(-c2ccccc2)cc1)c1nc2ccccc2[nH]1,PPARG,0.521,活性,毒性,11240,Q9Y2J8
T12019,Cc1cc(N(C)C)ccc1-c1nc2cc(-c3nc4cc(N5CCN(C)CC5)ccc4[nH]3)ccc2[nH]1,PPARG,0.521,高活性,毒性,4837;2593;27232;6850;7157;5409;1551;7151;7468;3176,P43405;NP_001119587;O96028;Q14749;NP_000756;P40261;P21964;P11086;Q14353;P50135
TN1877,C[C@@H]1O[C@@H](O[C@H]2[C@H](Oc3cc(O)c4c(=O)cc(-c5ccc(O)c(O)c5)oc4c3)O[C@H](CO)[C@@H](O)[C@@H]2O)[C@H](O)[C@H](O)[C@H]1O,PPARG,0.521,活性,低毒性,,
T1767,CN(C)CCNC(=O)c1cccn2c(=O)c3cc4ccccc4cc3nc12,GPAM,0.5205,高活性,毒性,4837;2593;27232;6850;80198;10413;5409;25885;1889;7468;3176,P43405;O95602;Q96NY9;P50135;O96028;Q14749;P42892;P40261;P21964;P11086;Q14353;NP_001123617
T24933,O=C(C1CCCCC1)N1CCN(S(=O)(=O)c2cccc3cnccc23)CC1,PPARG,0.5205,活性,低毒性,,
T19067,CC(=O)[O-].Nc1ccc2nc3ccc(N)cc3[s+]c2c1,PPARG,0.5205,活性,低毒性,,
TN6786,CN1CC[C@@]23C=C[C@H](O)C[C@@H]2Oc2c(O)ccc(c23)C1,SCD,0.5205,活性,低毒性,43,P22303
T9672,O=C(Oc1cncc(Cl)c1)c1cccc2[nH]ccc12,THRSP,0.5205,活性,毒性,,P0DTD1;P0C6U8;P0C6X7
T9361,O=C1CCC(N2C(=O)c3ccc(Br)cc3C2=O)C(=O)N1,AOC3,0.52,活性,低毒性,,Q96SW2;Q16531
T9343,O=C(N[C@@H](Cc1c[nH]c2ccccc12)C(=O)O)OCc1ccccc1,GPAM,0.52,活性,低毒性,,P08254
T27271,Cc1ccc([C@]23Cn4cccc4C(=O)N2CCN3C(=O)c2conc2C)cn1,MLXIPL,0.52,活性,低毒性,,
T6S2247,CC(C)C1=C[C@H]2[C@@H](CC[C@]2(C)O)[C@](C)(O)CC1,NR1H3,0.52,活性,低毒性,,
T23348,O=C(CCCCN1CCOCC1)Nc1ccc(-c2cccnc2)cc1,PPARG,0.52,活性,低毒性,1551;25302;1565,Q05941;ANW61984;NP_000756
T5576,COc1cc(N2CCN(C)CC2)ccc1Nc1ncc2c(n1)N(C1CCC1)C(=O)N(c1c(C)cccc1C)C2,AOC3,0.5195,活性,毒性,,
T8006,O=Cc1cn(Cc2ccc(Cl)cc2)c2ccccc12,PPARG,0.5195,活性,毒性,,
T27288,CCS(=O)(=O)Oc1ccc2c(C)c(C)c(=O)oc2c1,SCD,0.5195,活性,低毒性,25750,P19643;P21396
T16401,FC(F)(F)c1ccc(N2CCNCC2)nc1Cl,THRSP,0.5195,活性,低毒性,3358;1565;1551;3357;3356,ANW61984;NP_000858;NP_000756;NP_001159419;NP_001243690
T25210,NC(CCSCCCCC(=O)O)C(=O)O,THRSP,0.5195,活性,低毒性,635,Q93088
T18066,O=C1CCC(N2Cc3cc(O)ccc3C2=O)C(=O)N1,GPAM,0.5186,活性,低毒性,,P15170;Q96SW2
T12154,CCNCc1cc(Nc2ccnc3cc(Cl)ccc23)ccc1O,PPARG,0.5186,高活性,低毒性,3757;1565,Q12809;P10635
T0104,CCOC(=O)c1c(CSc2ccccc2)n(C)c2cc(Br)c(O)c(CN(C)C)c12.Cl,PPARG,0.5186,活性,低毒性,,
T33613,Cc1c(-c2cccc(NC(=O)c3ccc(F)c(F)c3)c2)nc2ncccn12,PPARG,0.5186,活性,低毒性,1812;2854,AAI07878;O75388;NP_000785
T23861,O=C1OC(O)C(c2cc3ccccc3s2)=C1Br,THRSP,0.5181,活性,毒性,,
T22022,Oc1cccnc1NC(c1ccc(Cl)cc1)c1ccc2cccnc2c1O,ACACA,0.5176,活性,低毒性,3091,Q16665
T70955,CC(=O)c1cc2c(=O)c3c(C(=O)O)c(O)c(O)cc3oc2c(C(C)=O)c1-c1coc2cc(O)c(O)c(C(=O)O)c2c1=O,MLXIPL,0.5176,高活性,低毒性,728386;57646;25738;84749;23252,NP_056022;P10686;Q70CQ3;Q6GI75;Q96RU2;A8MUK1
T19699,CN1N=C(N)c2cn([C@@H]3O[C@H](COP(=O)(O)O)[C@@H](O)[C@H]3O)c3ncnc1c23,PPARG,0.5176,活性,毒性,1551,Q72547;NP_000756
T27186,CCc1c(OC)nc2nc(C(=O)c3ccccc3)cn2c1C,SCD,0.5176,高活性,低毒性,25451;29707;140674;289606;140675;29708;79211;65191;29705;29709;81658;24947;24922;29689;25450,P28473;P15431;P19969;P62813;P63138;P63079;O09028;P18506;P30191;P18508;Q9ES14;P20236;P28471;P23574;P23576;Q91ZM7
T11160,CN(C)C1CCN(c2ccc(Nc3cc4c(N5CCC(CO)CC5)nc(Nc5ccc(F)cc5)nc4cn3)nc2)CC1,THRSP,0.5176,活性,低毒性,,P00533
TN1814,C=Cc1c(C)c(O)cc2c1-c1ccc(O)c(C)c1CC2,NR1H3,0.5171,活性,低毒性,9376,Q8TCC7
T5S0526,CC(=O)O[C@@H]1C[C@]23C[C@@](C)(O)[C@H](CC[C@H]2[C@@](C)(O)[C@@H]2[C@@H]4O[C@@H]4C(C)(C)[C@@]12O)[C@H]3O,NR1H3,0.5171,活性,低毒性,,
T11158,CN1CCN(c2ccc(Nc3ncc4nc(Nc5ccccc5)n([C@@H]5CCN(S(=O)(=O)C6CC6)C5)c4n3)cc2)CC1,AOC3,0.5166,活性,低毒性,,P00533
T67936,CCc1ccc(-c2nc3cc(NC(=O)c4cc([N+](=O)[O-])ccc4Br)ccc3o2)cc1,PPARG,0.5166,活性,低毒性,5465;1558;5467;5468;19016,P10632;P37231;P37238;Q03181;Q07869
T6399,CC(=O)Nc1cccc2c1c(Sc1ccc(Cl)cc1)c(C)n2CC(=O)O,THRSP,0.5166,活性,低毒性,1551;11251;1559;231,QLI62812;Q8JUX6;NP_000756;P15121;Q9Y5Y4;NP_004769
T41224,O=C1CCC(N2C(=O)c3cccc(NCCOCCC(=O)N4CCN(c5cccc(-c6cnc7ccc(N8CCC[C@@H]8c8cccc(F)c8)nn67)n5)CC4)c3C2=O)C(=O)N1,FASN,0.5161,高活性,毒性,4915;4914,Q16620;Q96SW2;P04629
T27704,CC(=O)c1cccc(-c2cnc3ccc(NCC4CC4)nn23)c1,NR1H3,0.5156,活性,低毒性,1195;5292;11040,Q9P1W9;P49759;NP_002639;P11309;NP_006866
T8794,Cc1nc(N2CCN(C)CC2)nc2c1Nc1ccccc1S2,PPARG,0.5156,活性,低毒性,547923,P08170
T72033,CC(C)n1nc(-c2ccc3c(ccn3C)c2)c2c(N)ncnc21,PPARG,0.5156,高活性,毒性,5294;5293;5291;3055;6714;25;3791;2475,P35968;P42338;P42336;O00329;P00533;Q8MMZ7;P42345;P12931;P78527;P00519;P08631;P48736
T7602,O=c1c(O)cc([C@H]2Oc3cc(O)cc(O)c3C[C@H]2O)cc2c([C@H]3Oc4cc(O)cc(O)c4C[C@H]3O)cc(O)c(O)c12,THRSP,0.5156,活性,低毒性,5226,AAH00368
T26322,Cn1nnc2ccc([C@H](c3ccc(Cl)cc3)n3cncn3)cc21,GPAM,0.5151,活性,低毒性,1588,P11511
T29476,Nc1ccc(-c2nc3ccc(O)cc3s2)cc1,PPARG,0.5151,活性,低毒性,351,P49888;P05067
TPL0336,OB(O)c1ccc(-c2ccccc2)cc1,PPARG,0.5151,高活性,低毒性,100911581;3636621;759;760;11313,P00915;P00918;P97612;O95372;Q5AJ71
T7035,O=C(O)c1ccc2c(c1)C(=O)c1ccccc1C2=O,GPAM,0.5142,活性,低毒性,,
T34374,NC1=N[C@@H](c2ccc(Cl)c(Cl)c2)CO1,SCD,0.5142,高活性,低毒性,113914;134864;111174,Q96RJ0;Q923Y9;Q923Y8
T6727,O=C(Nc1cccc(Cl)c1)c1ccccn1,THRSP,0.5142,高活性,低毒性,24417;10013;2914;2916,P31423;NP_073157;Q14833;AAI30529;Q9UBN7;NP_000834;NP_001243743
T67729,CS(=N)(=O)c1ccc(-c2ccccc2OCF)cc1,PPARG,0.5137,活性,低毒性,1812,P21728
T1750,CCOC(=O)c1ccc(OCCC2CCN(c3ccc(C)nn3)CC2)cc1,PPARG,0.5137,活性,低毒性,1551;1559,QLI62812;NP_000756;Q4U254
T72501,Cc1ncsc1CCOc1ccc(-c2cc[nH]n2)cc1,PPARG,0.5132,活性,低毒性,8529;1579,Q02928;P78329
T64458,O=C(c1cccc(-c2nc3ccccc3[nH]2)n1)N1CCN(C(=O)c2cccc(-c3nc4ccccc4[nH]3)n2)CC1,PPARG,0.5132,活性,低毒性,55915,Q9NS86
T7703,Cc1nnc(NC(=O)c2nc(S(=O)(=O)Cc3ccc(F)cc3)ncc2Cl)s1,PPARG,0.5132,活性,低毒性,,
T22372,C=CC(=O)N1CCC(C)(Nc2cccc(C(F)(F)F)c2)C1,ACACA,0.5122,活性,低毒性,,
TNU0007,Nc1ncnc2c1ncn2[C@@H]1O[C@H](CO)[C@@H](F)[C@H]1O,PPARD,0.5122,活性,毒性,,O39930
T60904,O=C(Cc1ccc(Cl)cc1Cl)NCc1ccc(O)c(O)c1,PPARG,0.5122,活性,低毒性,2067;2072,Q92889;P07992
TQ0232,COc1cc2c(NC3CCN(C4CCCCC4)CC3)nc(N3CCCN(C(C)C)CC3)nc2cc1OCCCN1CCCCC1,AOC3,0.5117,高活性,毒性,4837;2593;28989;27232;10919;3106;79813;3456;5409;43740568;7468;3176,P01574;Q9BV86;O96028;NP_001273725;P40261;Q96KQ7;Q14749;Q9H9B1;P21964;P11086;Q14353;P50135
T28380,CC(C)CN(C(=O)c1cccc(Cl)c1Cl)[C@H]1CCNC1,GPAM,0.5117,高活性,毒性,6531;6530;4986,P41145;P23975;P31645;Q01959
T87345,COc1ccc(-c2cccc(C(=O)N(C)Cc3ccncc3)c2)cc1S(=O)(=O)Nc1cccc(NCCNC(=O)c2cccc(C)c2)c1,ACACA,0.5112,活性,低毒性,3062;3061,O43613;O43614
TN4134,C[C@H]1O[C@@H](O[C@H]2[C@@H](O)C[C@H](O[C@H]3[C@@H](O)C[C@H](O[C@H]4CC[C@@]5(C)[C@H](CC[C@@H]6[C@@H]5CC[C@]5(C)[C@@H](C7=CC(=O)OC7)[C@@H](O)C[C@]65O)C4)O[C@@H]3C)O[C@@H]2C)C[C@H](O)[C@@H]1O,GPAM,0.5112,活性,毒性,,
T77351,CC(C)(C)OC(=O)n1ccc2cc(Br)ccc21,NR1H4,0.5112,活性,低毒性,1901,NP_001391
T4S0217,COc1c(O[C@@H]2O[C@H](CO)[C@@H](O)[C@H](O)[C@H]2O)cc2oc(-c3ccc(O)cc3)cc(=O)c2c1O,PPARG,0.5112,活性,低毒性,65975,CAC29064
T2427,CCn1c2ccccc2c2cc(Nc3ccnc(NCCCN4CCOCC4)n3)ccc21,THRSP,0.5112,活性,毒性,4837;2593;27232;6850;5409;7468;3176;5879,P11086;P43405;P63000;O96028;Q14749;P21964;P40261;Q14353;P50135
T14860,Cc1c(Cl)cccc1S(=O)(=O)Nc1nc(NCCc2ccccc2)nc2c1CN(Cc1ccccc1)CC2,AOC3,0.5107,活性,毒性,1551;1565;1559;6850,ANW61984;ABI96208;QLI62812;NP_000756;P43405
T60155,Cc1cccc(C)c1C1NC(=O)c2c(Cl)cccc2N1,AOC3,0.5107,活性,毒性,55193,Q86U86
T8949,O=C(O)[C@H]1O[C@H](OP(=O)(O)OP(=O)(O)OC[C@H]2O[C@@H](n3ccc(=O)[nH]c3=O)[C@H](O)[C@@H]2O)[C@H](O)[C@@H](O)[C@@H]1O,NR1H3,0.5107,高活性,低毒性,140795;9934;171108,Q15391;NP_001074924;NP_001008497;NP_598261
T16470,CC(C)CC(C)c1sccc1NC(=O)c1cn(C)nc1C(F)(F)F,PPARG,0.5107,活性,低毒性,100524676;100048954,D0VWV4;A5GZW8
T69535,C=CCn1ccc2c(C(=O)Oc3cncc(Cl)c3)cccc21,PPARG,0.5107,活性,低毒性,,P0DTD1
TQ0050,O=C(NCCCc1ccccc1)c1cccc(-c2cc(O)c3ncccc3c2)c1,PPARG,0.5107,高活性,毒性,4837;23081;2593;27232;9682;5409;23030;7468;3176,Q9H3R0;O96028;P40261;Q14749;O75164;O94953;P21964;P11086;Q14353;P50135
T8007,COc1ccc(CN2C(=O)C(=O)c3cc(OC(F)(F)F)ccc32)cc1,PPARG,0.5107,活性,低毒性,53949;1133;25229,P08912;BAB91222;NP_036257;AAA40660;P08911
T2710,Cn1c(SCC(=O)N2CCC[C@H]2C(=O)Nc2ccccc2-c2ccccc2)nc2ccccc21,RXRA,0.5107,活性,低毒性,6571;3062;3061;6915;1551;1565,Q05940;ANW61984;NP_001517;ABI96208;O43613;O43614;NP_001516;NP_000756;P21731
T3624,COc1cc2c(cc1OCCCN1CCCC1)N=C(N)C21CCC1,PPARG,0.5103,活性,低毒性,10919;79813;1565;10927,NP_079033;ANW61984;Q9H9B1;Q96KQ7;Q9Y657;NP_001276342
T21000,CNc1ccc(-c2nc3ccc(O)cc3s2)cc1,PPARG,0.5103,高活性,低毒性,4137;351;6817,P10636;P50225;P49888;P05067
T19774,Cn1sccc1=O,PPARG,0.5103,活性,毒性,2101;43;5914;8856;1559;2798;19885;2737;4780;367;1544,ADZ17337;AAH11558;AAI13547;AAI32976;AAY56401;AAH14804;AAA68151;AGS09764;ADZ17384;EAW99313;ADZ17378;AAI13617
T13238,Cc1cc2ncc(-c3ccc(O)c(O)c3)nc2cc1C,PPARG,0.5103,高活性,低毒性,18596;3717;5156;18595;1436,P07333;P05622;P26618;EAW58774
T40840,C[C@H](NC(=O)[C@@H](N)Cc1ccc(O)cc1)C(=O)O,THRSP,0.5103,活性,低毒性,6565,Q16348
T16836,COc1ccc(CC[C@@H](OC(=O)[C@@H]2CCCCN2C(=O)[C@H](c2cc(OC)c(OC)c(OC)c2)C2CCCCC2)c2cccc(OCCN3CCOCC3)c2)cc1OC,THRSP,0.5103,活性,低毒性,2289,Q13451;Q5BJF2;Q9H3N8
T2621,C[C@]12CC[C@H](O)C[C@H]1CC[C@@H]1[C@@H]2CC[C@]2(C)[C@@](O)(c3ccoc3)CC[C@]12O,NR1H3,0.5098,高活性,低毒性,477;482;481;480;476;486;483;478,P05023;P05026;P50993;P54709;P54710;Q13733;P13637;P14415
T3820,COc1cc(-c2coc3cc(O[C@@H]4O[C@H](CO)[C@@H](O)[C@H](O)[C@H]4O)c(OC)c(O)c3c2=O)cc(O)c1OC,PPARG,0.5098,活性,低毒性,134391,Q8TDV0
T24741,O=S(=O)(Nc1nc2ccc(Cl)cc2s1)c1csc2ccccc12,AOC3,0.5093,活性,低毒性,5170,O15530
T22826,COc1ccccc1NC(=O)OCC1CCN(C(=O)OC(C)(C)C)CC1,PPARG,0.5093,活性,低毒性,1551;3780,NP_002239;NP_000756
T73447,O=C1CCc2cc(OC[C@H](O)CN3CCN(c4ccc(C(F)(F)F)cc4)CC3)ccc2N1,ACACA,0.5088,活性,低毒性,,
T27471,CC1=C(C(=O)Nc2ccc3[nH]ncc3c2)C(c2ccc(Cl)c(Cl)c2)CC(=O)N1,PPARD,0.5088,活性,低毒性,282682;6195;6093;7525;6198,Q13464;P21146;P23443;Q15418;NP_005424
T6980,O=C(CCCCCN1C(=O)c2cccc3cccc(c23)C1=O)NO,PPARG,0.5088,活性,毒性,4837;51564;65975;5409;9734;3176;3458;27232;10013;9612;4048;3065;79885;3066;2593;9759;8841;55869;10014;239;83933,NP_478056;A5H660;Q9UQL6;Q9BY41;NP_006028;P21964;Q8WUI4;P18054;NP_060956;NP_004955;Q14749;Q969S8;Q9UBN7;O15379;P09960;Q14353;Q96DB2;Q13547;NP_000610;NP_001518;P11086;NP_006035;P50135;NP_003874;CAC29064;Q9UKV0;NP_005465;NP_056216;Q9Y618;P56524;P40261;Q92769
TN1558,CCCCCCCCCC(=O)NCc1ccc(O)c(OC)c1,PPARG,0.5088,活性,低毒性,83810,O35433
T13006,COc1ccc(-n2cnc3cc(NCc4ccc(C(C)C)cc4)ccc32)cc1,PPARG,0.5088,活性,低毒性,,
T7297,O=C(Nc1ccc(Cl)cc1)c1cc2ccccc2cc1OP(=O)(O)O,PPARG,0.5088,活性,低毒性,,
T12056,CCS(=O)(=O)c1ccc(Oc2cc(O[C@@H](C)CO)cc(C(=O)Nc3ccn(C)n3)c2)cn1,PPARG,0.5083,活性,低毒性,2645,P35557
T16802,COc1c(OC)c(OC(C)=O)c2cc(Cl)ccc2c1OC(C)=O,PPARG,0.5078,活性,低毒性,25290,Q9BEG3;P12527
TMS0484,COc1cc([C@@H]2OC[C@@H]3[C@H]2CO[C@H]3c2cc(OC)c(O[C@@H]3O[C@H](CO)[C@@H](O)[C@H](O)[C@H]3O)c(OC)c2)cc(OC)c1O,PPARG,0.5078,活性,低毒性,,
T61191,O=C(Nc1nccs1)C(c1ccccc1)N1Cc2ccccc2C1=O,AOC3,0.5073,活性,低毒性,,P00533
T12680,NC(=O)C(c1ccccc1)(c1ccccc1)C1CCN(CCc2ccc3c(c2)CCO3)C1,MLXIPL,0.5073,活性,低毒性,,
TN1023,CC(C)C1=Cc2ccc3c(c2C(=O)C1=O)CCCC3(C)C,PPARD,0.5073,活性,毒性,282238;8824;282237;282240;780973;1066;282239;282236,P22300;P23141;P20237;P10063;P08219;O00748;P08220;P10064
T12779,COc1nc2nc(C(=O)c3ccccc3)cn2c2c1CCCC2,RXRA,0.5073,高活性,低毒性,25451;29707;140674;289606;140675;29708;79211;65191;29705;29709;81658;24947;24922;29689;25450,P28473;P15431;P19969;P62813;P63138;P63079;O09028;P18506;P30191;P18508;Q9ES14;P20236;P28471;P23574;P23576;Q91ZM7
T8702,CN1CCc2cc(Br)c(O)cc2C(c2ccccc2)C1,ACACA,0.5068,活性,低毒性,108;1812;1816,P14416;NP_000789;NP_000785;Q08462;P21728;AAI07878;P21918
T2314,CN(c1ccccc1CNc1nc(Nc2ccc3c(c2)CC(=O)N3)ncc1C(F)(F)F)S(C)(=O)=O,PPARG,0.5063,高活性,毒性,4837;2593;27232;6850;1551;1559;5409;1565;3791;6790;7157;2185;7468;3176,Q05397;ANW61984;QLI62812;NP_000756;P21964;3FZR_A;O60674;ABI96208;Q14749;P04637;Q14353;Q14289;O14965;O96028;P11086;P50135;P35968;O60885;P40261;P43405
T18981,COc1ccc(-c2nc3cc(-c4nc5cc(N6CCN(C)CC6)ccc5[nH]4)ccc3[nH]2)cc1OC,PPARG,0.5059,活性,毒性,,
T2901,O=c1c(-c2ccc(O)cc2)coc2cc(O[C@@H]3O[C@H](CO)[C@@H](O)[C@H](O)[C@H]3O)ccc12,PPARG,0.5059,活性,低毒性,217;7468;3558,P05091;P30837;O94788;P60568;2VLE_A;O96028
T5S0229,COc1ccc([C@@H]2CC(=O)c3c(O)cc(O)cc3O2)cc1,THRSP,0.5059,活性,毒性,1543;1545;1544,BAC78637;BAC78638;Q16678;P04798;P05177
T73343,O=[N+]([O-])c1ccc2c(c1)C1C=CCC1C(c1ccccc1)N2,RXRG,0.5054,活性,低毒性,,Q93009
T62803,CCCn1c(-c2cccc(OC)c2)nc2cc3nc(-c4cccc(OC)c4)n(CCC)c3cc21,RXRG,0.5054,活性,毒性,,
T5418,CNCc1ccccc1-c1csc([C@@H](C)Nc2nc(C)nc3cc(OC)c(OC)cc23)c1,AOC3,0.5049,活性,毒性,1128;3274;3352;27346;152;146,P20309;P28221;P08912;Q5BJF2;P08908;P35368;P35372;Q01959;P35462;P08913;P41595;P25021;P08172;P28222;P11229;P25100;P18825;P21917;P21728;P01116;P28223;P18089;P35348;P34969;Q07889;P41145;P47898;P28335;P23975
T15617,FC(F)(c1ccc2ncccc2c1)c1nnc2ccc(-c3ccncc3)nn12,NR1H4,0.5049,活性,低毒性,,
T6877,CN1CCN(c2ccc(-c3ccncc3-c3cc(F)c(O)c(F)c3)cc2)CC1,PPARD,0.5049,高活性,毒性,6195;110651;6196;6197,P51812;Q15349;Q15418;P18654
T16782,CCCn1c(=O)c2[nH]c(C34CC5CC(CC3C5)C4)nc2n(CCC)c1=O,PPARG,0.5049,活性,低毒性,135;9376;9356;140;100135472;100135473;136;29290;282133;57413;29316;11539;6531;25369;134,P29275;Q60612;Q01959;P46616;P30543;NP_001041695;P0DMS8;Q8TCC7;NP_058851;P47745;P25099;NP_000667;NP_445746;NP_000666;Q4U2R8;NP_001075445;P30542;P29276;P29274;P28190
T200419,O=C(Cc1ccccc1)Nc1cccc(C(=O)Nc2ccccc2C(=O)O)c1,PPARG,0.5049,活性,低毒性,,
T6506,Cc1ccc(Cl)cc1N(CC(=O)Nc1c(F)cccc1F)S(C)(=O)=O,AOC3,0.5044,活性,毒性,1551;1559;6850;3458,ABI96208;QLI62812;NP_000610;NP_000756;P43405
T7379,O=c1cc(-c2ccc(O)c(O)c2O)oc2ccccc12,PPARG,0.5044,活性,低毒性,,
T68084,O=C1Cc2cc3c(CCC4CCN(Cc5ccccc5)CC4)noc3cc2N1,PPARG,0.5044,活性,低毒性,43,P22303
T9016,FC(F)(F)Oc1ccc2nc(-c3ccccn3)[nH]c2c1,PPARG,0.5039,高活性,低毒性,861;865,Q01196;Q13951
T11174,COc1cccc(-c2c(C)n(Cc3c(F)cccc3C(F)(F)F)c(=O)n(C[C@H](NCCCC(=O)O)c3ccccc3)c2=O)c1F,THRSP,0.5039,活性,低毒性,2798,NP_001012781;P30968
TN1142,O=c1c2c3c(ccc2cc2n1CCc1cc4c(cc1-2)OCO4)OCO3,PPARG,0.5034,活性,低毒性,289754,Q9R1S4
T2922,O=C(CCc1ccc(O)cc1)c1c(O)cc(O)cc1O[C@@H]1O[C@H](CO)[C@@H](O)[C@H](O)[C@H]1O,PPARG,0.5034,活性,低毒性,25552;6526;64522;115584;6523,P53790;P53792;P31639;P13866;NP_001245343;P53794
T14053,O=C(O)CCCCN1C(=O)C=CC1=O,AOC3,0.5029,活性,低毒性,3276,AAH19268
T7802,O=S1(=O)N=C(Nc2ccccc2N2CCCC2)c2ccccc21,NR1H3,0.5029,活性,低毒性,,Q99814
T2791,COc1ccc(-c2cc(=O)c3c(O)c(OC)c(O[C@@H]4O[C@H](CO[C@@H]5O[C@@H](C)[C@H](O)[C@@H](O)[C@H]5O)[C@@H](O)[C@H](O)[C@H]4O)cc3o2)cc1,PPARG,0.5024,活性,低毒性,,
T79088,Cc1ccc2nc(-c3cccc(NC(=O)c4cccs4)c3)[nH]c2c1,PPARG,0.5024,活性,低毒性,,
T2371,CCN(Cc1ccccc1)C(=O)Cn1c(=O)n(C)c2cnc(-c3ccccc3)nc21,PPARG,0.5024,活性,低毒性,1551;1559;24230;706,ABI96208;P30536;QLI62812;NP_000756;P16257
T2S1720,CC1=C[C@H]2Cc3[nH]c(=O)ccc3[C@]3(C1)NCCC[C@H]23,SCD,0.5024,高活性,低毒性,540446;43,P23795;1GPN_A;P22303;P04058
T79141L,COc1cc(NC(C(=O)c2c[nH]c3ccc(OC(F)(F)F)cc23)c2ccc(Cl)cc2OC)cc(S(C)(=O)=O)c1,NR1H4,0.502,活性,毒性,,
T4347,COc1cccc(CNc2ccc(S(=O)(=O)Nc3nc4ccccc4s3)cc2)c1O,PPARG,0.502,活性,低毒性,1559;246;239;1551,NP_000688;P18054;ABI96208;QLI62812;P39655;NP_000756;P16050
T16964,CCCNC(=O)N1N=C(c2ccc(N)cc2)c2cc3c(cc2C1C)OCO3,ACACA,0.5015,活性,低毒性,29627;29629;29628;50592,P19490;P19493;P19491;P19492
T72078,CCOc1ccc(NC(=O)c2ccc(-c3nnn[nH]3)cc2)cc1,PPARG,0.5015,活性,低毒性,7498,P47989
T13058,CNc1nc(NCc2ncccn2)c2c(-c3ccc4ncccc4c3)c[nH]c2n1,PPARD,0.501,高活性,低毒性,1195;57396;1198;1196,P49759;Q9HAZ1;P49761;P49760;Q13627
T35258,CCCc1c(OCCCSc2nnc(SCC(=O)O)s2)ccc(C(C)=O)c1O,PPARG,0.501,活性,低毒性,,
T8864,CCOC(=O)N1CCN(C(=O)Cn2sc3nc(C)cc(C)c3c2=O)CC1,PPARG,0.501,活性,毒性,28989;1841,Q8JUX6;Q9BV86;P23919
T69711,O=C(c1nc2n(n1)[C@H](c1ccccc1)C[C@@H]2F)C1CC1,PPARG,0.5005,活性,低毒性,,Q13546
T10876,O=C(O)C(Cc1ccccc1)CN(O)C(=O)Cc1ccccc1,AOC3,0.5,活性,低毒性,1357,P15085
T23095,c1cc(SSc2ccns2)sn1,NR1H4,0.5,活性,低毒性,,Q92993
TQ0186,COc1ccc2c3c([nH]c2c1)[C@H](CC(C)C)N1C(=O)[C@H](CCC(=O)OC(C)(C)C)NC(=O)[C@@H]1C3,PPARG,0.5,高活性,毒性,4363;1559;9429;5243,P11712;P08183;Q9UNQ0;P33527
T14141,Cc1[nH]c2c(N3CCCCC3)c(-c3ccccc3)nn2c(=O)c1-c1ccc(O)cc1,PPARG,0.5,活性,低毒性,4144,P31153
T3910,C=C(C)[C@@H]1CC[C@]2(C(=O)O[C@@H]3O[C@H](CO[C@@H]4O[C@H](CO)[C@@H](O[C@@H]5O[C@@H](C)[C@H](O)[C@@H](O)[C@H]5O)[C@H](O)[C@H]4O)[C@@H](O)[C@H](O)[C@H]3O)CC[C@]3(C)[C@H](CC[C@@H]4[C@@]5(C)CC[C@H](O[C@@H]6OC[C@H](O)[C@H](O)[C@H]6O[C@@H]6O[C@@H](C)[C@H](O)[C@@H](O)[C@H]6O)[C@@](C)(CO)[C@@H]5CC[C@]43C)[C@@H]12,RXRG,0.5,活性,低毒性,,P11498
T50047,CN(C)CC(=O)c1ccc(O)c(O)c1.Cl,THRSP,0.5,活性,低毒性,,
T17271,COc1ccc(N2C(=O)N(c3c(C)cccc3Cl)Cc3cnc(Nc4ccc(C5CCN(C)CC5)cc4OC)nc32)nc1,AOC3,0.4995,高活性,毒性,6850;3106;3456;3586;43740568;7468,P01574;P07333;P22301;O96028;P57059;Q9Y2K2;Q9H0K1;P43405
T13268,O=C(CCc1ccccc1)N1CCC(O)(Cn2cnc3cc(Cl)ccc3c2=O)CC1,THRSP,0.4995,活性,低毒性,1551;1565;1559,ANW61984;ABI96208;QLI62812;NP_000756;Q93009
T11944,O=C(c1ccccc1O)c1[nH]c(Cl)c(Cl)c1-n1c(C(=O)c2ccccc2O)cc(Cl)c1Cl,ACACA,0.4993,高活性,毒性,4170;3553;10018;3091;17210,O43521;AAC68568;Q07820;NP_000567;P97287;Q07422
T1749,CN(C)c1ccc(C(c2ccc(N(C)C)cc2)c2cc([N+](=O)[O-])ccc2Cl)cc1,PPARG,0.4993,活性,低毒性,814112,ABH03417;XP_001349989
T14511,COc1c(OC[C@H](O)CN2CCOCC2)ccc2c1N=C(NC(=O)c1cccnc1C)N1CCN=C21,RXRB,0.499,活性,低毒性,5291,P42338
T28991,CCc1nn(C2CCCC2)c2c1CCn1c(-c3cccs3)nnc1-2,PPARA,0.4988,活性,低毒性,5141,P27815;P0DMS8;Q07343;P30542;Q08499;P29274
T10860,O=Cc1cc(Cc2ccccc2)cc([N+](=O)[O-])c1O,PPARG,0.4988,活性,低毒性,3064,P42858
T16532,Cn1c(=O)n(CCCO)c(=O)c2c1nc(Oc1cccc(OC(F)(F)F)c1)n2Cc1ccc(Cl)cc1,ACACA,0.4985,活性,低毒性,7223;7224;7220,P48995;Q9UL62;Q9UBN4
T74174,COc1cc(Nc2ncc3c(n2)-c2ccc(Cl)cc2C(c2c(F)cccc2OC)=NC3)ccc1C(=O)NCCOCCOCCNC(=O)COc1cccc2c1C(=O)N(C1CCC(=O)NC1=O)C2=O,GPAM,0.4985,活性,毒性,6790,O14965
T2036,CCCCCCCCNc1cc(=O)[nH]c(=O)[nH]1,PPARG,0.4985,活性,低毒性,53831,Q9NQS5;NP_065103
T4A2456,C[C@]12CC[C@H](O)C[C@H]1CC[C@@H]1[C@@H]2[C@H](O)C[C@]2(C)[C@@H](c3ccc(=O)oc3)CC[C@]12O,NR1H3,0.4983,活性,毒性,7468;6850,O96028;P43405
T15497,CN1CCN(c2ccc3[nH]c(-c4ccc5[nH]c(-c6ccccc6)nc5c4)nc3c2)CC1,PPARG,0.4983,活性,毒性,,
T19962,CC1(C)C=CC2=C(O1)C(=O)c1ccccc1C2=O,SCD,0.4983,活性,低毒性,3620,P14902
T7134,CC(C)n1c(=O)cc(N[C@@H](C)c2ccccc2)[nH]c1=O,RXRA,0.498,活性,毒性,1576;6850;1555,P08684;P20813;P43405
T3689,CN(C)C[C@@H]1CCn2cc(c3ccccc32)C2=C(C(=O)NC2=O)c2cn(c3ccccc23)CCO1.Cl,THRSP,0.4978,活性,毒性,,
T7481,CCCCCCC(O)C(=O)O,ACACA,0.4976,活性,低毒性,8843,NP_006009
TN1546,CC(C)C[C@](CC(=O)OCc1ccc(O[C@@H]2O[C@H](CO)[C@@H](O)[C@H](O)[C@H]2O)cc1)(O[C@@H]1O[C@H](CO)[C@@H](O)[C@H](O)[C@H]1O)C(=O)OCc1ccc(O[C@@H]2O[C@H](CO)[C@@H](O)[C@H](O)[C@H]2O)cc1,AOC3,0.4976,活性,低毒性,65975,CAC29064
T33941,CC(C)(CCC(C(N)=O)(c1ccccc1)c1ccccc1)N1CC(Oc2cccc(O)c2)C1,MLXIPL,0.4976,活性,低毒性,1128;1129;1131;1133,P20309;P08912;P08172;P08173;P11229;Q8VH26
T20689,O=C(O)CN1C[C@@H](c2cccs2)SC[C@H](N[C@@H](CCc2ccccc2)C(=O)O)C1=O,THRSP,0.4976,活性,低毒性,100009274,P12822
T68170,COC(=O)Nc1nc2ccc(C3(O)c4ccccc4C(=O)N3c3cc(Cl)ccc3C)cc2[nH]1,AOC3,0.4973,活性,毒性,673,P15056
TN2113,CC1(C)CCCc2c1ccc1c2C(=O)C(=O)c2c(CO)coc2-1,PPARG,0.4973,高活性,低毒性,3620;6999,P14902;P48775
T15375,C[C@H](Nc1ccc2c(c1)OCCn1cc(N3C(=O)OC[C@H]3C(F)F)nc1-2)C(N)=O,RXRB,0.4971,活性,毒性,5294;5293;5291;5296;5290;5295,P42338;P42336;O00329;NP_006210;NP_002640;O00459;NP_005017;P27986;NP_006209;P48736
T8550,O=C(Nc1ccc(Cl)cc1F)c1ccccc1O,PPARG,0.4968,活性,毒性,9970;1559;6850,QLI62812;ADZ17385;Q26304;P43405
T28809,O=C1c2ccccc2C(=O)N1CCCCN1CC=C(c2c[nH]c3ccc(F)cc23)CC1,AOC3,0.4966,高活性,低毒性,1814;29412;24173;25553;29413;3363,P43140;P14416;P15823;P08908;P31389;P22909;P31645;P21917;P35462;P31652;P41595;P19328;P50406;P22086;P28223;P28335;P34969;P23944
T11648,COc1ccc([C@]2(O)CC[C@H](N3CC[C@@H](NC(=O)CNC(=O)c4cccc(C(F)(F)F)c4)C3)CC2)cn1,AOC3,0.4966,活性,低毒性,4837;2593;27232;5409;1551;1565;729230;3176,P41597;ANW61984;ABI96208;Q14749;NP_000756;P40261;P21964;P11086;Q14353;P50135
T2750,C[C@@H]1C(=O)O[C@H]2[C@H](O)[C@]34[C@@H]5OC(=O)[C@]3(O[C@@H]3OC(=O)[C@H](O)[C@@]34[C@H](C(C)(C)C)[C@H]5O)[C@@]12O,NR1H3,0.4956,活性,低毒性,,
T36526,Cc1n[nH]c(C)c1-c1ccc(NC(=O)[C@@H](NC(=O)c2ccnn2C(C)C)C(C2CC2)C2CC2)cc1,PPARG,0.4956,活性,低毒性,3605,Q16552
T10384,COc1cccc(-c2cc(F)c(Nc3ncccc3C(=O)O)c(F)c2)c1,PPARG,0.4949,活性,毒性,1723,Q02127
T60866,O=[N+]([O-])c1ccc(NC(=S)NCc2ccccc2Cl)cc1,PPARG,0.4949,活性,低毒性,,
T10343,O=C(CNC(=O)c1cccc2ccccc12)Nc1ccccc1Oc1ccccc1,PPARG,0.4949,活性,毒性,,
T10487,C[C@@H]1CN(c2ncc(Cl)c(Nc3ccc4c(c3)n(CCC(C)(C)O)c(=O)n4C)n2)C[C@H](C)C1(F)F,AOC3,0.4946,活性,低毒性,604,P28221;Q5BJF2;P35372;Q01959;P30542;P13945;Q9Y5N1;P41182
T79784,Cc1ccc2c(c1)C(=O)N(c1ccc(NC(=O)c3occc3C)c(F)c1)C2=O,PPARG,0.4946,活性,低毒性,2911;1544,P05177;Q13255
T75319,C[C@H](CCC(=O)NCCS(=O)(=O)O)[C@H]1CC[C@H]2[C@@H]3CC[C@@H]4C[C@H](O)CC[C@]4(C)[C@H]3C[C@H](O)[C@]12C,PPARG,0.4946,活性,低毒性,80900;151306;24777;50572,Q8TDU6;P46720;O88397;P26435
T72953,CCn1ncc2c1-c1cnc(N)c(c1)O[C@H](C)c1cc(F)ccc1-c1nn(C)nc1C2,NR1H4,0.4944,活性,低毒性,,P08922
T12354,Cc1ncc(C[n+]2csc(CCO)c2C)c(=O)[nH]1,PPARG,0.4944,活性,低毒性,,
T1874,Cc1ccc(C2Nc3ccccc3-n3c(-c4ccccc4)c4c(=O)n(C)c(=O)n(C)c4c32)o1,THRSP,0.4944,活性,低毒性,1080,P13569
T8906,O=C(O)c1cc2cc(O)c(O)cc2c(C(=O)c2ccc(O)c(O)c2)n1,THRSP,0.4944,高活性,低毒性,3487;3489;3484;3485;3486;3488,P22692;P24593;P08833;P18065;P24592;P17936
T4276,Cl.O=c1[nH]ccc2c(S(=O)(=O)N3CCCNCC3)cccc12,NR1H3,0.4941,活性,低毒性,,
T4S1983,C[C@]12CC[C@H](O)C[C@@]1(O)CC[C@@H]1[C@@H]2CC[C@]2(C)[C@@H](C3=CC(=O)OC3)CC[C@]12O,NR1H3,0.4941,活性,低毒性,,
T14379,O=c1[nH]c(=S)n(C[C@H]2CCCO2)c2[nH]cnc12,PPARD,0.4941,高活性,低毒性,7173;4353,P05164;NP_000241;P07202
T71155,O=C1CC(=O)N(c2cccc(-c3noc(=S)[n-]3)c2)c2ccc3ccccc3c2N1.[Na+],RXRA,0.4941,活性,低毒性,5025,Q99571
T4061,CCCC(CCC)C(=O)Nc1ccn([C@@H]2O[C@H](CO)[C@@H](O)C2(F)F)c(=O)n1,THRSP,0.4941,活性,毒性,7468;1559;6850,QLI62812;P43405;O96028
T5S2083,O=c1c(-c2ccc(O)cc2)coc2c([C@@H]3O[C@H](CO[C@@H]4OC[C@@H](O)[C@H](O)[C@H]4O)[C@@H](O)[C@H](O)[C@H]3O)c(O)ccc12,PPARG,0.4937,活性,低毒性,23135,O15054
T2421,COc1cc2ncnc(Sc3nnc(C)s3)c2cc1OC,PPARG,0.4932,高活性,毒性,3791;7468;6850,O96028;P35968;P43405
T2704,Cc1ncc(CCCN(C)C)cc1Nc1ncc2c(n1)-c1ccc(C(F)(F)F)cc1NC(=S)C2,ACACA,0.4929,高活性,毒性,4837;2593;28989;27232;6850;1551;5409;2876;5347;1565;7468;3176,ANW61984;Q9BV86;P43405;ABI96208;O96028;NP_005021;Q14749;NP_000756;P07203;P40261;P21964;P11086;Q14353;P53350;P50135
T11798,CC(C)(N)CC(=O)N[C@@H]1CCc2ccccc2N(Cc2ccc(-c3ccccc3-c3nn[nH]n3)cc2)C1=O,PPARG,0.4929,高活性,低毒性,397372;84022;25321;185;2693,NP_940799;P30556;Q92847;O08725;Q95254;NP_114464;Q02644
T27629,CC1=C(C(=O)OC(C)C)C(c2ccco2)N2C(=N1)Nc1ccccc12,RXRG,0.4929,活性,低毒性,1576,P08684;P29275;P0DMS8;P30542;P29274
T35976,Nc1nc2[nH]cc(C=O)nc-2c(=O)n1,PPARD,0.4924,活性,低毒性,,O54050;P80457
T40222,COc1ncc(-c2ccc3nc(N)sc3c2)cn1,PPARG,0.4924,活性,低毒性,79068,Q9C0B1
T23190,c1ccc(COCCCc2cnc[nH]2)cc1,PPARG,0.4922,活性,低毒性,85268;11255;59340;99296,NP_598610;NP_009163;NP_445958;Q9H3N8;Q9Y5N1;Q9QYN8
T3S2152,C=C(C)[C@@H]1CC[C@]2(C(=O)O)CC[C@]3(C)[C@H](CC[C@@H]4[C@@]5(C)CC[C@H](O)[C@@](C)(CO)[C@@H]5CC[C@]43C)[C@@H]12,PPARG,0.4922,活性,低毒性,8824;1066,O00748;P23141
T24557,COc1ccc2c(c1)N(CCO)C1=C(C(=O)OC1)C2c1ccccc1,PPARG,0.4922,活性,低毒性,,
T4176,CC(C)(C)c1cc(C(C)(C)C)c2c(c1)C(O)(C(F)(F)F)C(=O)O2,NR1H3,0.4919,活性,低毒性,1559;9568;2550,QLI62812;O75899;Q9UBS5
T9849,Cc1cccc(Nc2nc(CC(=O)Nc3ncc(C)s3)cs2)n1,PPARG,0.4919,活性,毒性,,Q9NYV4;Q16531;O75909
T13323,COc1cc(C(=O)Nc2cc(OC(F)(F)F)ccc2-n2cncn2)ccc1OCC1CC1,PPARG,0.4919,活性,低毒性,81672,P35400
T71952,O=S(=O)(NCC1(O)CCOc2ccccc21)c1ccc(Br)s1,GPAM,0.4917,活性,毒性,,
T77584,CCCN1c2ccccc2C(=O)N2CCc3c([nH]c4ccccc34)C21,PPARA,0.4917,活性,毒性,10382;7278;7277;347688;84617;347733;10376;7280;81027;10383;84790;203068;10381;7846;112714,P68363;Q13509;Q6PEY2;P04350;P68371;Q71U36;P0DPH7;Q3ZCM7;Q9BVA1;Q9BUF5;Q13885;P07437;Q9H4B7;P68366;Q9BQE3
T9357,CCOc1cccc(NC(=O)c2ccc(N3CCCC3)c(C(F)(F)F)c2)c1,PPARG,0.4917,活性,低毒性,113914;134864;111174,NP_612200;Q96RJ0;Q923Y8;ABI96208;NP_599155;Q923Y9;NP_444435
T2630,C=CC(=O)N1CCC(Oc2cc3c(Nc4ccc(Cl)c(Cl)c4F)ncnc3cc2OC)CC1,ACACA,0.4915,活性,毒性,6850;3757;7468;1559;1956;25;43740568;2066;1551;2064;1565;1489834,NP_958441;ANW61984;NP_001005862;P29323;QLI62812;P00519;NP_000756;NP_001036064;P04626;P00533;P54764;P08581;ABI96208;P42680;Q06187;AMB37292;O96028;Q13470;P54760;Q12809;P07949;O43353;Q9Y572;P43405
T30150,CC1=C2CCc3cc(C)ccc3N2CCC1=O,AOC3,0.4915,活性,低毒性,6715,P18405
T5555,COc1ncc(-c2nc3c(n2C(C)C)[C@H](c2ccc(Cl)cc2)N(c2cc(Cl)cn(C)c2=O)C3=O)c(OC)n1,PPARG,0.4915,活性,低毒性,4193;4194,Q00987;O15151
T39980,O=C1Nc2c(C(F)(F)F)cccc2[C@@]1(c1ccc(O)cc1)c1ccc(OC(F)(F)F)cc1,GPAM,0.4912,活性,低毒性,,
T5486,Cc1nn(-c2nc3c(Cl)c(Cl)ccc3[nH]2)c(O)c1C1OC(=O)c2ccccc21,THRSP,0.4912,活性,低毒性,214763;115004,Q8C6L5;Q8N884
TN2166,C=C(C(=O)O)[C@@H]1CC[C@H](C)[C@@H]2CC(=O)C(C)=C2C1,XPR1,0.4912,活性,低毒性,4837;2593;27232;5409;3176,Q14749;P40261;P21964;P11086;Q14353;P50135
T15545,O=C(Nc1ccc(Cl)nc1)c1ccc(F)c(F)c1,THRSP,0.491,活性,低毒性,3785;3786;170848,O43525;NP_742107;NP_579856;O43526
T5587,Cl.Nc1nc(NC[C@H]2CC[C@H](CNS(=O)(=O)c3cccc4ccccc34)CC2)nc2ccccc12,AOC3,0.4907,活性,毒性,,
T16129,Cn1cccc1C(=O)N1CCc2cc(C(=O)NO)ccc2C1,AOC3,0.4907,活性,低毒性,10013;55869,Q9BY41;Q9UBN7
T4S0498,C=C1C(=O)[C@@]23[C@H](O)C[C@@H]4C(C)(C)C(=O)CC[C@@]4(C)[C@@H]2CC[C@@H]1[C@H]3O,NR1H3,0.4907,活性,毒性,51206,Q9HCN6
T7342,Cc1c(CN2CCN(C)CC2)cc(-c2ccc(Cl)cc2)n1-c1ccc(Cl)cc1,THRSP,0.4907,活性,毒性,,
T26253,Fc1ccc(Cn2c(=NC3CCNCC3)[nH]c3ccccc32)cc1,ACACA,0.4905,活性,毒性,3757,Q12809
T15769,C=C(CCCCC)[C@@H](O)[C@H](C)C(=O)N1C(=O)OC[C@@H]1C(C)C,PPARG,0.4905,活性,低毒性,6774;3572,P40189;P40763
T72048,O=C1NCCC12CCN(c1c(Cl)cncc1-c1cc3ccccc3o1)CC2,PPARG,0.4905,活性,低毒性,983;5588;2932;2931;891;1576;892,P50750;P08684;O60563;P14635;P24863;P49840;P49336;P49841;Q04759;P06493
T12882,CC(=O)N[C@@H](CCCN=C(N)N)C(=O)N[C@H]1CSSC[C@@H](C(N)=O)NC(=O)[C@H](Cc2c[nH]c3ccccc23)NC(=O)[C@H](CCCN=C(N)N)NC(=O)[C@@H](Cc2ccccc2)NC(=O)[C@H](Cc2cnc[nH]2)NC(=O)[C@@H](C)NC1=O,ACACA,0.4902,高活性,低毒性,4157;4161;25635;4159,P32245;Q01726;P41968;NP_005903;P33032;NP_005904;P70596;NP_063941;NP_002377;NP_037231
T11108,CCCCNc1nc(N)c2[nH]c(=O)n(Cc3ccc(OCCN(C)C)nc3)c2n1,AOC3,0.4902,活性,低毒性,1551;170743;51284,P58681;Q9NYK1;NP_000756;ABI96208
T1719,C[C@]12CC[C@H](O)C[C@H]1CC[C@@H]1[C@@H]2CC[C@]2(C)[C@@H](c3ccc(=O)oc3)CC[C@]12O,NR1H3,0.4902,活性,毒性,477;482;481;480;1576;65975;476;486;1577;483;367;478;3458,CAC29064;P08684;P05023;P05026;P50993;P54709;P54710;Q13733;P20815;NP_000610;P13637;P14415;Q96JP5;P10275
TN6708,CCOC(=O)c1cc(O)cc(O)c1,PPARG,0.4902,高活性,低毒性,771;768;759;760;766;23632,P43166;P00915;Q9ULX7;P00918;Q16790;O43570
TN1805,COc1cc([C@@H]2Oc3ccc([C@H]4Oc5cc(O)cc(O)c5C(=O)[C@@H]4O)cc3O[C@H]2CO)ccc1O,PPARG,0.4902,活性,低毒性,,O42713
T3173,COc1ccc(OC)c(CN(C(C)=O)c2cc(F)ccc2Oc2ccccc2)c1,PPARA,0.4897,活性,低毒性,24230;706,P30536;P16257
T25354L1,COc1cccc2c1CC[C@H](N1CCCC1)[C@H]2N(C)C(=O)Cc1ccc(Cl)c(Cl)c1.Cl,GPAM,0.4893,高活性,低毒性,4988;4986,P35372;P41145
T67848,CCCCC(=O)N(Cc1ccc(-c2ccccc2-c2nn[nH]n2)cc1)[C@H](C(=O)OC)C(C)C,PPARG,0.4893,活性,低毒性,185,P30556
T69735,O=C(NO)c1ccc(Cn2nnnc2-c2cccs2)cc1,AOC3,0.489,活性,低毒性,9759;10014;10013;51564;9734;3065;8841;79885;3066;83933;55869,Q96DB2;Q9UQL6;Q8WUI4;Q9UKV0;Q9UBN7;Q13547;Q9BY41;P56524;Q969S8;Q92769;O15379
T10585,Cn1cc2cc(C(F)(F)c3nnc4ccc(-c5cnn(C6CC6)c5)nn34)c(F)cc2n1,NR1H4,0.489,活性,低毒性,4233,P08581
T9584,O=C1COc2cc(C(=O)N(Cc3ccc(C(=O)Nc4ccncn4)cc3)C3CC3)ccc2N1,AOC3,0.4888,活性,低毒性,7468,O96028
T5S2017,CC1=C[C@]23C(=O)[C@@H](C=C(CO)[C@@H](O)[C@]2(O)[C@H]1O)[C@H]1[C@@H](C[C@H]3C)C1(C)C,NR1H3,0.4888,活性,低毒性,,
T2363,CC(C)(C)c1ccc(S(=O)(=O)NCc2ccc(C(=O)Nc3cccnc3)cc2)cc1,PPARD,0.4888,高活性,毒性,6850;1559;1551;1565;7468;10135,ANW61984;ABI96208;QLI62812;O96028;P11166;NP_000756;P43405;P43490
T10740,NC(=O)c1[nH]cc(-c2ccncc2)c1C(F)(F)F,PPARG,0.4888,活性,低毒性,892,P49336;P24863
T37426,C=CC(=O)Nc1cccc(CN2C(=O)N(c3c(Cl)c(OC)cc(OC)c3Cl)Cc3cnc(NCCCCN(CC)CC)nc32)c1,AOC3,0.4885,高活性,毒性,2264;4837;2593;27232;2263;6850;2261;1559;7468;5409;1551;1565;2260;3176,ANW61984;P43405;P21802;ABI96208;QLI62812;O96028;P40261;Q14749;NP_000756;P11362;P22607;P21964;P11086;P22455;Q14353;P50135
T25549,CCCOc1oc(=O)c2cc(N)ccc2c1Cl,NR1H3,0.4885,活性,毒性,1991,P08246
T12909,CCc1ccccc1NC(=O)CSC(=O)NNC(=O)[C@H](Cc1c[nH]c2ccccc12)NC(=O)OC(C)(C)C,PPARD,0.4885,活性,低毒性,1514,NP_001903;P07711
T8233,CC(=O)Nc1ccc(C(=O)Nc2ccc(F)cc2N)cc1,PPARG,0.4885,高活性,低毒性,3066;3065;9612;8841,Q9Y618;Q13547;Q92769;O15379
T29236,O=C(Nc1ccc(Cl)nc1)c1ccc(F)cc1,THRSP,0.4885,高活性,低毒性,3786;170848;3785;3784;9132;29682;56479,O43525;NP_004691;NP_579856;NP_113785;NP_062816;NP_000209;O43526
TN9563,CC(=O)CCCOC(C)=O,GPAM,0.4883,活性,低毒性,,
T1959,COc1cc2nc(N3CCCN(C)CC3)nc(NC3CCN(Cc4ccccc4)CC3)c2cc1OC.Cl.Cl.Cl,ACACA,0.4878,活性,毒性,2101;110813108;4837;28989;2593;27232;10919;79813;5409;3176,Q9H9B1;P50135;NP_001273725;Q14749;Q96KQ7;P40261;ADZ17378;P21964;P11086;Q14353;P00784
T67741,O=C1OCC2=C1C(c1cccc(F)c1)c1cc3c(cc1N2CCO)OCO3,PPARG,0.4878,活性,低毒性,,
T5187,Cc1ccc(Oc2nc3cc(-c4ccc(-c5ccccc5)cc4)c(Cl)cc3[nH]2)cc1C(=O)O,PPARG,0.4875,活性,毒性,65248;64562;7029;5565;5564;5562;5563;25520;53632;5571;8550;51422,Q14188;Q9Y478;Q9UGI9;Q8IW41;Q9UGJ0;P54646;Q9QZH4;Q13131;P80385;O43741;P54645;P54619
T16940,CC1(C)CCN(CCOc2ccc3[nH]ccc3c2)c2ccc(-c3cccnc3)cc21,PPARG,0.4875,活性,毒性,,
T16088,C[C@@]1(O)[C@H](O)[C@@H](CO)O[C@H]1n1ccc2c(N)ncnc21,PPARD,0.4873,活性,毒性,,
T5692,O=C(O)c1cc(C(=O)O)c2c(n1)C(=O)C(=O)c1cc(C(=O)O)[nH]c1-2,PPARG,0.4873,活性,低毒性,2859,Q9HC97
T37376,COc1cc2c(O[C@@H]3O[C@H](CO)[C@@H]4OC(C)(C)O[C@@H]4[C@H]3O)c3c(c(-c4ccc5c(c4)OCO5)c2cc1OC)C(=O)OC3,PPARG,0.4868,活性,毒性,,
T65816,O=C(O)c1ccc(-c2ccc(C(=O)O)cn2)nc1,PPARD,0.4866,高活性,低毒性,5033;54681,Q9NXG6;P13674
T39965,O=C(O)c1cccc(-c2csc(Nc3ccccc3F)n2)c1,PPARG,0.4866,活性,低毒性,,
T4997,OC(c1ccccc1)(c1ccccc1)C12CC[N+](CCOCc3ccccc3)(CC1)CC2.[Br-],THRB,0.4866,高活性,低毒性,1128;1129;1131,P20309;P08172;P11229
T6927,Cn1c(=O)c(Oc2ccc(F)cc2F)cc2cnc(NC(CCO)CCO)nc21,ACACA,0.4863,高活性,低毒性,5601;102800317;5602;1432;6197;5600;51701;1454;8986;5599,P51812;P45983;NP_001128516;P53779;O75676;Q15759;Q9UBE8;Q16539;NP_620583;NP_620637;NP_620448;NP_002742;P49674;P45984
T77671,Cc1n[nH]c2c1C(c1ccncc1)C1=C(CC(C)(C)CC1=O)N2,AOC3,0.4863,活性,低毒性,2932,NP_002084
T4245,COc1ccccc1-n1c(SCC(=O)Nc2nc3ccc(C)cc3s2)nc2c(c1=O)SCC2,AOC3,0.4863,活性,低毒性,102800317;53627;64462;1454;1551,Q06486;ABI96208;Q9JJJ7;NP_000756;P49674
T67912,O=C(Nc1ccc([N+](=O)[O-])cc1Cl)c1cc(F)ccc1O,PPARG,0.4863,活性,毒性,,
T3261,COc1ccc(C(=O)C2CCN(CC(=O)N(Cc3nc(=O)c4c([nH]3)CCOC4)CC3CC3)CC2)cc1,AOC3,0.4861,活性,低毒性,1559;8658;80351;1489834;89780,Q9H2K2;AMB37292;QLI62812;P56704;O95271
TQ0028,Cc1ccc(Oc2nc3cc(Cl)c(-c4ccc5c(ccn5C)c4)cc3[nH]2)cc1C(=O)O,PPARG,0.4861,高活性,低毒性,5562;5564;5571;5563,Q9Y478;Q13131;P54619;P54646
T15366,CC(OC(=O)NCC1(CC(=O)O)CCCCC1)OC(=O)C(C)C,PPARG,0.4858,活性,低毒性,,
T9864,Cc1cc(Nc2ncc3c(n2)N(C)CN(c2c(Cl)cccc2Cl)C3=O)ccc1C1CCN(C)CC1,AOC3,0.4856,活性,低毒性,,P30291
T60788,O=c1[nH]nc2ccc(Sc3ccc(Cl)c(Cl)c3)nn12,AOC3,0.4854,活性,低毒性,147111,Q6P988
T3489,COc1c(-c2ccc3cc(NS(C)(=O)=O)ccc3c2)cc(-n2ccc(=O)[nH]c2=O)cc1C(C)(C)C,GPAM,0.4854,活性,毒性,6850;2879,Q96SW2;O39930;P36969;P43405
T24943,c1ccc(-c2csc(N3CCOCC3)n2)cc1,XPR1,0.4854,活性,低毒性,9970;367,P10275;ADZ17385
T67933,CCc1ccc(-c2nc3cc(NC(=O)c4cc([N+](=O)[O-])ccc4Cl)ccc3o2)cc1,PPARG,0.4849,活性,低毒性,1558;5468;19016,P10632;P37231;P37238
T39972,CC1=C(C(=O)Nc2ccc3[nH]nc(-c4ccccc4)c3c2)C(C)(C)n2nnnc2N1C,PPARG,0.4846,活性,低毒性,120892,Q5S007
T60219,c1ccc([C@H]2CN(c3cc(O[C@H]4C[C@@H](n5cccn5)C4)ncn3)CCO2)cc1,AOC3,0.4844,活性,低毒性,64834,Q9BW60
T19599,O=c1ccn([C@@H]2O[C@H](COP(=O)(O)OP(=O)(O)O[C@H]3O[C@H](CO)[C@@H](O)[C@H](O)[C@H]3O)[C@@H](O)[C@H]2O)c(=O)[nH]1,NR1H3,0.4844,高活性,低毒性,9934;2840;171108;574402;140795;5029,Q15391;NP_001008497;Q15077;NP_001020552;NP_001154889;NP_001074924;NP_598261;P41231
T64375,O=C(c1ccc(C(=O)N2CCC(N3CCCC3)CC2)cc1)N1CCC(N2CCCC2)CC1,NR1H4,0.4844,活性,低毒性,84456;26013,Q96JM7;Q9Y468
T16157,Nc1ncnc2c1c(-c1ccc(Oc3ccccc3)cc1)nn2C1CCN(CCOCCOCC(=O)Nc2ccc3c(c2)C(=O)N(C2CCC(=O)NC2=O)C3=O)CC1,RXRA,0.4844,活性,毒性,695,Q96SW2;Q06187
T7111,CC(C)OC(=O)OCOP(=O)(COC(C)Cn1cnc2c(N)ncnc21)OCOC(=O)OC(C)C,THRSP,0.4844,活性,毒性,6850,P43405
T67950,Cc1noc(C)c1COc1ccccc1C(=O)Nc1ccccc1Cl,NR1H3,0.4841,活性,低毒性,8644,P42330
T7370,CCC(CC)C(c1ccc(Nc2nc3ccccc3s2)cc1)n1cncn1,PPARG,0.4841,高活性,毒性,4837;2593;27232;3176;1558;1559;1576;5409;1551;1592;1565;7468;56603,P10632;P08684;ANW61984;O43174;Q9NR63;P11712;ABI96208;QLI62812;O96028;Q14749;NP_000756;P40261;P21964;P11086;Q14353;P50135
T3935,CC(C)(C)n1nc(-c2cccc3ccccc23)c2c(N)ncnc21,PPARG,0.4841,活性,毒性,6850;2580;1432;25865;9833;25;8767;4140;11200;3458;5337;10298;6714;23683;1453;815;57144;9252;2534;9748;396442;16818;5578;5587;6788;9475;5600;1445;5599;5338,P41240;Q9P286;Q15139;O75582;Q15759;P00519;Q16539;Q13393;Q9BZL6;O96013;Q8MMZ7;Q8KRU5;Q9BJF5;Q02156;P17252;Q9UQM7;P45983;O14976;O14939;O96017;P12931;P00523;P48730;NP_000610;NP_055535;Q14680;O94806;P06240;P27448;P24941;Q13188;O75116;P06241;O43353;P43405
T3218,CC(=O)c1cc2c(o1)C(=O)c1ccccc1C2=O,AOC3,0.4839,高活性,毒性,6850;216;142;6774;3106;3456;2876;7468,Q96SW2;P01574;P40763;P09874;O96028;P00352;P07203;P43405
T24730,[Br-].c1ccc(C[N+]23CN4CN(CN(C4)C2)C3)cc1,AOC3,0.4839,活性,低毒性,,
T4614,Cc1c2ccncc2c(C)c2c1[nH]c1ccccc12.Cl,PPARG,0.4839,活性,毒性,,
T3665,COc1c(O[C@@H]2O[C@H](CO)[C@@H](O)[C@H](O)[C@H]2O)cc2occ(-c3ccc(O)cc3)c(=O)c2c1O,PPARG,0.4839,活性,低毒性,,
T67970,COc1cccc2c1C(=O)c1c(O)c3c(c(O)c1C2=O)C[C@@](O)(CCO)C[C@@H]3O[C@H]1C[C@H](N)[C@H](O)[C@H](C)O1,RXRA,0.4839,活性,毒性,,
T31488,CC(C1=C(CCN(C)C)Cc2ccccc21)c1ccccn1,SCD,0.4839,活性,毒性,1814;1128;148;3757;1133;1129;1131;1812;3269;3350;4988,P20309;P08912;P08908;P35372;Q12809;P21728;P35462;P35348;P08172;P08173;P11229;P35367
T4266,CN1CCC(c2c[nH]c3ccc(NC(=O)c4ccc(F)cc4)cc23)CC1,PPARA,0.4836,高活性,低毒性,4837;2593;27232;3352;3355;5409;1565;3351;3350;3176,P28221;ANW61984;NP_000515;P08908;P30939;NP_000857;Q14749;P28222;P40261;P21964;P11086;Q14353;P50135
T3863,CC1(C)CC[C@]2(C(=O)O[C@@H]3O[C@H](CO)[C@@H](O)[C@H](O)[C@H]3O)CC[C@]3(C)C(=CC[C@@H]4[C@@]5(C)CC[C@H](O[C@@H]6O[C@H](C(=O)O)[C@@H](O)[C@H](O)[C@H]6O)C(C)(C)[C@@H]5CC[C@]43C)[C@@H]2C1,AOC3,0.4832,活性,低毒性,,
T13376,Br.Oc1cc2c(cc1O)C(Cc1cccc3ccccc13)NCC2,NR1H3,0.4832,活性,低毒性,,
T2057,Cc1c(Cl)cccc1S(=O)(=O)Nc1nc(CC(=O)N2CCN(C)CC2)cs1,PPARG,0.4832,活性,低毒性,1559;3292;3290;15483,P37059;P28845;P14061;QLI62812;P50172
T16834,CC(=O)NCCc1cccc2ccc(OCCCOc3ccc4cccc(CCNC(C)=O)c4c3)cc12,RXRG,0.4832,高活性,毒性,4543;4544,P49286;NP_005950;NP_005949;P48039
T88677,O=C(COc1ccc(Br)cc1)Nc1ccc2nc[nH]c2c1,GPAM,0.4829,活性,低毒性,,Q15391
TN2259,C[C@H](CCC(=O)NCCS(=O)(=O)O)[C@H]1CC[C@H]2[C@@H]3[C@H](O)C[C@@H]4C[C@H](O)CC[C@]4(C)[C@H]3C[C@H](O)[C@]12C,PPARG,0.4829,活性,低毒性,28234;6555;8647;24777;80900;6554;10599;83569;151306;58978,Q9QZX8;Q8TDU6;Q14973;Q9NPD5;P26435;Q9Y6L6;O70127;O95342;Q12908;O88397
T67738,Cn1nc(-c2ccncc2)nc2c(=O)n(C)c(=O)nc1-2,THRSP,0.4829,高活性,毒性,3707576;58819;4088;5243,AAL68976;AAC35244;Q9H3R0;NP_001138884;AAI07878;3I06_A;BAA01847
T60073,O=C(Nc1nc(-c2ccccn2)cs1)c1ccc([N+](=O)[O-])cc1,PPARG,0.4827,活性,毒性,29290,CDO16711;CDO16358;P25099;P0DMS8
T72166,CC(C)Oc1ccc(NC(=O)c2ccc(-c3nnn[nH]3)cc2)cc1,PPARG,0.4827,活性,低毒性,7498,P47989
T9774,c1ccc2oc(-c3csc(C4CCN(Cc5nc6ncccc6[nH]5)CC4)n3)cc2c1,PPARG,0.4827,活性,低毒性,3757;1558;10280;27346;152;4720;3357,P10632;Q5BJF2;P18825;Q99720;P46098;Q12809;O75306;P41595;P50406;P08172
T83626,CCn1c(-c2ccccc2)c(-c2ncnc3cc(OC)c(OCCCN4CCOCC4)cc23)c2ccccc21,AOC3,0.4824,活性,毒性,,P00533
T4685,O=c1nc[nH]c2c1ncn2[C@@H]1O[C@H](COP(=O)(O)O)[C@@H](O)[C@H]1O,PPARG,0.4824,高活性,低毒性,3615;3614;3251,P20839;1QK4_A;P00492;1Z6D_A;1P17_A;1P19_A;P12268;1YFZ_A;1G9S_A
T28665,O=S(Cc1cc(OCC(F)(F)C(F)(F)C(F)(F)F)ccn1)c1nc2cscc2[nH]1,THRSP,0.4824,活性,低毒性,,
T4S1943,C[C@@]1(CO)C[C@@H](O)C[C@@]2(C)[C@@H]3CC[C@](C)([C@@H](O)CO)C=C3CC[C@H]12,PPARG,0.4822,活性,低毒性,2159,P00742
T3652,CNc1ccc([N+](=O)[O-])c(Nc2ccc3[nH]ncc3c2)n1,PPARG,0.4819,活性,毒性,6850;3297;1559;7157;1551;7151;7468,Q00613;NP_001119587;ABI96208;QLI62812;O96028;NP_000756;P43405
TCS2070,O=C(O)Cc1cc(O)ccc1O,NR1H3,0.4817,活性,低毒性,,1AJP_B;1AJP_A
T4256,COC(=O)CN(c1ccc(CN(c2ccc(OCc3ccc(C)cc3)c(C(=O)OC)c2)S(=O)(=O)Cc2ccccc2)cc1)S(C)(=O)=O,RXRA,0.4814,活性,低毒性,5771;5777;5770,P17706;P29350;P18031;Q06124
T1803,O=C(NCCO)c1cccc(-c2cc(Nc3ccc(OC(F)(F)F)cc3)ncn2)c1,AOC3,0.4807,活性,毒性,613;6850;1559;25;1551;1565;7468,NP_005148;P11274;ANW61984;ABI96208;P00519;QLI62812;O96028;NP_000756;P43405
T77520,COc1cccc(Oc2ccccc2NC(=O)CNC(=O)c2cccc3ccccc23)c1,AOC3,0.4805,活性,毒性,,
T71857,c1ccc(-c2n[nH]c3c2oc2ccccc23)cc1,GPAM,0.4802,活性,毒性,1436;10013;3815;5159;2322,NP_001087241;P07333;NP_005202;BAC78637;NP_004110;BAC78638;P10721;P09619;P36888;NP_002600;Q9UBN7
TN7108,O=c1oc2cc(O)ccc2c2cc(O)c(O)cc12,PPARG,0.4802,活性,低毒性,,P30613
T8327,COc1cc2nccc(Oc3ccc(NC(=O)c4cc5c(n(-c6ccccc6)c4=O)CCCC5=O)nc3)c2cc1OC,RXRG,0.4802,活性,低毒性,,P30530;Q12866
T62483,Cc1c(CNc2ccccc2)c(C)c(CNc2ccccc2)c(C)c1CNc1ccccc1,ACACA,0.48,活性,低毒性,,
T60172,CC(=O)Nc1cc2nc3ccccc3oc-2cc1=O,GPAM,0.48,活性,低毒性,,
T60636,Clc1ccc(CCCOCCCN2CCCCC2)cc1,PPARG,0.48,高活性,低毒性,85268;6532;3274;100135589;3757;11255;59340;303330;100135541;99296;152;100033901;3269;6531,NP_001091683;P18825;P81908;NP_001153638;Q12809;Q01959;Q9QYN8;NP_009163;P31645;Q5U3Y7;Q60492;NP_001124527;P58406;P35367;Q9Y5N1;Q9JI35
T5538,CN(CCCCCCNc1ccnc2cc(Cl)ccc12)CCCCCCNc1ccnc2cc(Cl)ccc12,THRSP,0.48,活性,毒性,,
T23522,Cl.NCCCCNS(=O)(=O)c1ccc2c(Cl)cccc2c1,THRSP,0.48,活性,毒性,,
T24477,Cc1ccc(S(=O)(=O)Nc2ccccc2N2CCCCC2)s1,ACACA,0.4797,活性,毒性,9970;6850;55283;1551;57192,ABI96208;NP_000756;NP_065394;NP_001240622;ADZ17385;P43405
T16270,O=C(NO)c1cnc(N2C[C@@H]3[C@H](C2)[C@H]3NCc2ccc3cc(F)ccc3n2)nc1,AOC3,0.4797,高活性,低毒性,9759;51564;10013;10014;9734;1576;3065;8841;79885;3066;83933;55869,NP_003874;P08684;Q96DB2;Q8WUI4;Q9UKV0;Q9UQL6;NP_005465;Q9BY41;Q13547;Q9UBN7;NP_004955;NP_001518;P56524;Q969S8;NP_006035;Q92769;O15379
T68092,O=C([C@H](O)CS(=O)(=O)c1ccc2cc(Cl)ccc2c1)N1CCC(N2CCCNC2=O)CC1,NR1H3,0.4797,活性,低毒性,2158;2159,P00740;P00742;3KL6_A;P00734
T86470,COc1cccc(C(c2cc3c(cc2O)OCO3)N2CCOCC2)c1OC,NR1H3,0.4797,活性,低毒性,5034,P07237
T2354,COc1cc2c(NC3CCN(CC4CCCCC4)CC3)nc(N3CCCN(C(C)C)CC3)nc2cc1OCCCN1CCCCC1,AOC3,0.4795,高活性,毒性,4837;2593;28989;27232;6850;10919;7151;3106;3456;5409;7157;43740568;1565;7468;3176,P01574;ANW61984;Q9BV86;P43405;NP_001119587;O96028;NP_001273725;Q96KQ7;Q14749;P40261;P21964;P11086;Q14353;P50135
T8433,CCCCCCCc1cc(=O)c2ccccc2n1O,GPAM,0.4795,活性,低毒性,,
T8538,CCOc1ccccc1NC(=O)c1ccccc1NS(=O)(=O)C1CC1,SCD,0.4795,活性,低毒性,259249,Q96LB2
T10375,C=CC(=O)N1CCN(c2ncnc3c(F)c(-c4c(O)cccc4F)c(Cl)cc23)CC1,THRSP,0.4795,活性,毒性,10493;3163;1429,Q08257;P30519;P00533;P01116;Q99536
TN1404,CC(C)C(=O)O[C@H]1[C@@H]2[C@H](C)C(=O)O[C@@H]2C[C@@H](C)[C@@H]2C=CC(=O)[C@]21C,NR1H3,0.4792,活性,毒性,7468;6850,O96028;P43405
T3393,CC(C)c1ccc2c(c1O)CC[C@H]1C3=C(CC[C@]21C)C(=O)OC3,NR1H3,0.4792,活性,低毒性,367;24208,P10275;P15207
T36375,CC(=O)OC[C@H](COc1ccc(C(C)(C)c2ccc(OC[C@@H](CCl)OC(C)=O)cc2)cc1)OC(C)=O,SCD,0.4792,活性,低毒性,367,P10275
T10319,CN(C)N(C)C(=O)[C@@]1(Cc2ccccc2)CCCN(C(=O)[C@@H](Cc2c[nH]c3ccccc23)NC(=O)C(C)(C)N)C1,THRSP,0.4792,活性,低毒性,1551,NP_000756;ABI96208
T3205,CCCCNNC(=O)c1ccc(Br)cc1,GPAM,0.479,活性,毒性,10013;9612;3065;8841;3066;55869,Q9BY41;Q13547;Q9UBN7;Q9Y618;Q92769;O15379
T13171,O=C(NC(=O)c1c(F)cccc1Cl)NC1c2ccccc2-c2ccccc21,PPARA,0.4788,活性,低毒性,,P62937
T62656,CN1CCN(C(=O)Cc2sc(NC(=O)[C@H]3CC[C@H](C)CC3)nc2-c2cccs2)CC1,PPARG,0.4788,活性,低毒性,27198,NP_115943
T15055,Cc1cc(CNC(=O)c2cc(C(=O)NCc3ccc(F)c(C)c3)ncn2)ccc1F,RXRA,0.4788,活性,低毒性,4322,ABI96208;P45452;1XUD_A
T26987,CCCCCc1ccc(-c2cc3cn([C@H]4C[C@H](O)[C@@H](CO)O4)c(=O)nc3o2)cc1,RXRG,0.4788,活性,低毒性,,P0C0E6
T8318,CC[C@H](C)[C@H](N)C(=O)N[C@@H](Cc1c[nH]c2ccccc12)C(=O)O,ACACA,0.4785,活性,低毒性,1636,P12821
T9706,C=CC(=O)N1CCC[C@@H](n2nc(-c3ccc(Oc4ccccc4)cc3)c3c(N)n[nH]c(=O)c32)C1,GPAM,0.4785,活性,低毒性,3757;695,Q12809;Q06187
T28001,O=C(N[C@H](Cc1ccccc1)C(=O)Nc1ccc(Cl)cc1)c1cc(Cl)ccc1O,PPARG,0.4785,活性,毒性,,
T5S0890,CO[C@H]1C[C@H](O[C@H]2CC[C@@]3(C)[C@H](CC[C@@H]4[C@@H]3CC[C@]3(C)[C@@H](C5=CC(=O)OC5)[C@@H](OC(C)=O)C[C@]43O)C2)O[C@@H](C)[C@@H]1O,THRSP,0.4785,活性,毒性,,Q01705
T60534,COC(=O)c1sccc1NC(=O)Cc1cccs1,NR1H4,0.4783,活性,低毒性,5599;5602,P53779;P45983;3OXI_A
T16226,CCCC(=O)CC(=O)NC1CCOC1=O,AOC3,0.478,活性,低毒性,,
TP1195,CC(C)C[C@H](NC(=O)[C@H](C)NC(=O)[C@H](CCCNC(=N)N)NC(=O)[C@H](CCC(=O)O)NC(=O)[C@H](CC(C)C)NC(=O)[C@H](CCC(N)=O)NC(=O)[C@H](CCC(=O)O)NC(=O)[C@@H]1CCC(=O)N1)C(=O)N[C@@H](CC(N)=O)C(=O)N[C@@H](CO)C(=O)N[C@@H](CO)C(=O)O,MLXIPL,0.478,活性,低毒性,2057,NP_000112
T15024,O=C([O-])c1ccc2c(c1)nc(Nc1cccc(Cl)c1)c1ccncc12.[Na+],PPARG,0.478,活性,毒性,,
T15615,CCC(=O)N[C@H]1CC[C@H](N2C(=O)N(c3ccccc3Cl)Cc3cnc(Nc4ccc(N5CCN(C)CC5)c(C)c4)nc32)CC1,AOC3,0.4778,活性,毒性,,P00533
T15465,Cn1c(=O)n(CCCO)c(=O)c2c1nc(Oc1cccc(Cl)c1)n2Cc1ccc(Cl)cc1,ACACA,0.4773,活性,低毒性,7223;7224,Q12809;Q9QUQ5;Q9UL62;Q9UBN4
T60440,Nc1ncnn2c([C@@H]3O[C@H](CO)[C@@H](O)[C@H]3O)ccc12,PPARD,0.4773,活性,毒性,,
T38684,O=C(O)c1cccc(Nc2ccc(C(F)(F)F)cc2)c1,PPARG,0.4773,活性,低毒性,8644,P42330
T2321,C[C@H](CC[C@@]1(O)O[C@H]2C[C@H]3[C@@H]4CC=C5C[C@@H](O[C@@H]6O[C@H](CO)[C@@H](O[C@@H]7O[C@@H](C)[C@H](O)[C@@H](O)[C@H]7O)[C@H](O)[C@H]6O[C@@H]6O[C@@H](C)[C@H](O)[C@@H](O)[C@H]6O)CC[C@]5(C)[C@H]4CC[C@]3(C)[C@H]2[C@@H]1C)CO[C@@H]1O[C@H](CO)[C@@H](O)[C@H](O)[C@H]1O,RXRG,0.4773,活性,毒性,,
T8740,O=C(Nc1cc(Cl)cc(Cl)c1)Nc1cc(Cl)cc(Cl)c1,THRSP,0.4773,活性,低毒性,,
T11654,O=C1Nc2ccccc2C1=C1Nc2ccccc2C1=NOCCC(O)CO,PPARG,0.4771,活性,低毒性,5610,NP_001129123
TN1560,C=Cc1cc(O)cc2ccc3c(C)c(O)ccc3c12,SCD,0.4771,活性,低毒性,,
T78857,COc1cc(Nc2nc(NCCCNC(=S)NCCC(=O)O)nc(Nc3ccccc3Cl)n2)cc(OC)c1,AOC3,0.4768,活性,低毒性,23408,Q9NXA8
T10787,Cc1nnc(CNCCN2C(=O)c3cccc4cccc(c34)C2=O)s1,NR1H4,0.4768,活性,低毒性,10724,O60502
T8376,O=C1NC(=O)C(c2cn(CCCn3ccnc3)c3ccccc23)=C1Nc1ccccc1,NR1H3,0.4766,活性,低毒性,3718;5581;7297;5292;9748;1195;5578;5579,P52333;P49759;NP_002639;O60674;NP_997700;NP_055535;P23458;P29597;P05771;Q02156;P17252
T60035,O=C(N[C@@H](Cc1ccccc1)C(=O)Nc1ccc(Cl)cc1)c1cc(Cl)ccc1O,PPARG,0.4766,活性,毒性,,
T23444,O=C(NCc1ccc(F)cc1)C(=O)c1c[nH]c2ccccc12,PPARG,0.4766,活性,低毒性,2568;2562;289606;1559;29705;2558;2559;55879;29709;2555;282236;2567;25451;29707;2563;2554;282237;282240;2560;24922;2561;282238;2565;2566;2556;2557;780973;2564;282239,P18507;P63079;QLI62812;Q8N1C3;P78334;P34903;P19969;P18505;P31644;ABI96208;P18508;Q16445;P48169;P23576;P47870;P22300;O14764;P28472;P47869;Q99928;P14867;P62813;P63138;Q9UN88;P20237;P10063;P08219;O00591;P08220;P10064
T8421,O=C(CCl)c1ccccc1Nc1cccc(C(F)(F)F)c1,PPARG,0.4763,高活性,低毒性,7004;10413;8463,Q15561;Q15562;P46937
T5463,CC(C)OCCn1c(=S)[nH]c(=O)c2[nH]ccc21,PPARG,0.4761,活性,低毒性,4353,P05164
T29111,Cc1cccc2c(-c3ccc4ccccc4n3)c[nH]c12,PPARG,0.4761,活性,低毒性,,P10275
T15432,CCCCCn1c(=O)[nH]c(=O)c2[nH]c(Cl)nc21,THRSP,0.4761,活性,低毒性,338442,NP_808219
T7211,CSCC[C@H](NC(=O)[C@H](Cc1ccccc1)NC(=O)CNC(=O)CNC(=O)[C@@H](N)Cc1ccc(O)cc1)C(=O)O,PPARD,0.4758,活性,低毒性,29335;100135587;18386;4985;100379267;24613;100135588;4988;25601,P33535;P33533;NP_058863;B3DH72;P35372;P41143;NP_038650;P47748;NP_001033688;P34975;P41144;B8JHS2;P32300;P97266
T5447,Brc1cccc(-c2cc(-c3ccc4c(c3)OCO4)n[nH]2)c1,PPARG,0.4758,活性,低毒性,6622,P37840
T206681,CN1CCN(Cc2ccc(-c3cn([C@H]4CC[C@H](O)CC4)c4nc(Nc5cc(C(F)(F)F)cc(C(F)(F)F)c5)ncc34)cc2)CC1,AOC3,0.4756,活性,低毒性,,Q06418;Q12866;P30530
T2502,Cc1ccc(-c2csc(NC(=O)c3ccccc3)n2)c(C)c1,PPARG,0.4756,活性,毒性,,
T24680,Cn1ncc2cc(C(=O)Nc3ccc(Cl)c(Cl)c3)ccc21,AOC3,0.4753,高活性,低毒性,4128;4129;25750,P19643;P27338;P21397
TN3614,COc1cc(O)c(C(=O)c2ccccc2)cc1O,NR1H3,0.4753,活性,低毒性,19885;3248;4137;2597,NP_000851;NP_002037;2O23_A;AAG24257;AAI14949;2O23_B;AAI07878;NP_035411;2ISV_A
T2775,O=C(O)[C@H]1O[C@@H](Oc2cc3oc(-c4ccccc4)cc(=O)c3c(O)c2O)[C@H](O)[C@@H](O)[C@@H]1O,PPARG,0.4753,活性,毒性,23028;5347;25303,P0DTD1;Q63120;O60341;P53350
T4000,Oc1ccc(C2COc3cc(O)ccc3C2)cc1,SCD,0.4751,活性,低毒性,24890,P06211
T6669,CN(CC(=O)N(Cc1ccc(C2CCCCC2)cc1)c1ccc(C(=O)O)cc1)S(=O)(=O)c1c(F)c(F)c(F)c(F)c1F,SCD,0.4751,活性,毒性,4837;2593;27232;6850;6774;1559;7157;5409;6776;1551;7151;7468;3176,P40763;P43405;P42229;NP_001119587;ABI96208;QLI62812;O96028;P21964;Q14749;NP_000756;P40261;P11086;P42227;Q14353;P50135
T14878,Cc1nnc(-c2ccc(N3CCC(Oc4cc(F)ccc4Cl)CC3)nn2)o1,PPARG,0.4749,活性,毒性,20249,O00767;P13516
T64363,C=C(c1ccccc1)[C@@]12CC[C@H](O)[C@@H]1CC(CCCCCC)=C2c1ccccc1,SCD,0.4749,活性,低毒性,,O00482;Q13285
T29360,CCCCCCCC(C)=O,THRSP,0.4749,活性,毒性,1544,EAW99313
T60158,O=C1NC(c2ccccc2)Nc2cccc(Cl)c21,AOC3,0.4746,活性,低毒性,55193,Q86U86
T3874,C[C@@H]1CC[C@@]2(OC1)O[C@H]1C[C@H]3[C@@H]4CC=C5C[C@@H](O[C@@H]6O[C@H](CO)[C@@H](O)[C@H](O)[C@H]6O)CC[C@]5(C)[C@H]4CC[C@]3(C)[C@H]1[C@@H]2C,RXRG,0.4746,活性,低毒性,3558,P60568
T9196,CC1(N)CCN(c2cnc3c(-c4cccc(Cl)c4Cl)n[nH]c3n2)CC1,ACACA,0.4744,活性,低毒性,3757,Q12809;Q06124
TN6779,COC(=O)c1cc(O)c2[nH]c3ccccc3c2c1,AOC3,0.4744,活性,低毒性,,
T5698,COC(=O)[C@H](Cc1c[nH]c2ccccc12)N(Cc1ccccc1)Cc1ccccc1,PPARG,0.4744,活性,低毒性,171384,Q8R455
T28662,CCCC(=O)N(C)Cc1c(-c2ccc(Cl)cc2)nc2ccccn12,PPARG,0.4744,高活性,低毒性,2558;2561;2566;2554,P18507;P31644;P47870;P14867
T21678,Cc1cccc(Cc2nn(C(C)(C)C)c3ncnc(N)c23)c1,THRSP,0.4744,活性,毒性,,2WEI_A
T4S1540,C=CCc1cc(OC)c(O[C@@H](C)[C@H](O)c2ccc(O)c(OC)c2)c(OC)c1,PPARG,0.4741,活性,低毒性,,
T11990,Cc1ccc(Cl)c(Nc2ccccc2C(=O)O)c1Cl,PPARD,0.4739,活性,低毒性,1646;1645;5743;7276;443551;5742;19225;24693;2169;4929;8644;24360;79068;3164;29527;6256,P02766;Q63921;P52895;P19793;P35355;Q86U44;P35354;P28482;P05979;Q04828;P23219;NP_542158;NP_000954;Q9C0B1;P02692;O60218;P43354;P42330;Q05769;P22736;P12104
T26524,CC(CCC(=O)[O-])(c1ccc(OCc2ccc3ccccc3n2)cc1)c1ccc(OCc2ccc3ccccc3n2)cc1.[Na+],RXRB,0.4739,活性,低毒性,,
T6098,C[C@H]1CO[C@@H]2Cn3cc(C(=O)NCc4ccc(F)cc4F)c(=O)c(O)c3C(=O)N12,THRSP,0.4739,活性,毒性,6850,Q7ZJM1;P43405
T3436,CN(CCNc1ccnc2cc(Cl)ccc12)CCNc1ccnc2cc(Cl)ccc12,NR1H4,0.4736,活性,毒性,,
T73300,COc1cc2c(Oc3ccc(Nc4nn(C)cc4C(=O)NC4CCCCC4)cc3F)ccnc2cc1OCCCN1CCOCC1,RXRG,0.4736,活性,低毒性,6793;1436;3815;2324;5159;5979;7010;10461;2321;7075;2322;558,P07333;P35916;P10721;P35590;P09619;P07949;P36888;P17948;P30530;Q02763;Q12866;O94804
T78605,CC(C)n1nc(-c2ccc3ccccc3c2)c2c(N)ncnc21,PPARG,0.4734,高活性,毒性,25;5293;6714;5294,P42336;O00329;Q8MMZ7;P12931;P78527;P00519;P48736;Q9BJF5
TN1529,CCN(CC)c1ccc2cc(-c3nc4ccccc4s3)c(=O)oc2c1,PPARG,0.4734,活性,低毒性,10413,NP_001123617
T1824,Cc1onc(-c2ccccc2Cl)c1C(=O)N(C)c1ccc(Cl)cc1,NR1H3,0.4731,活性,低毒性,338443;1559;1576;1551;1557;151306,P08684;Q8TDU6;P33261;ABI96208;QLI62812;Q80T02;NP_000756
T25985,CC(C)(C)c1cc(C(=O)c2cccs2)cc(C(C)(C)C)c1O,PPARA,0.4729,活性,低毒性,240;5743;5742,P35354;P09917;P23219
T3206,Nc1ccccc1NC(=O)CCCCCC(=O)Nc1ccccc1,PPARG,0.4729,活性,毒性,9612;3065;8841;3066;55869,Q9BY41;Q13547;Q9Y618;Q92769;O15379
T2A2481,C[C@H](CCC(=O)NCCS(=O)(=O)O)[C@H]1CC[C@H]2[C@@H]3[C@H](O)C[C@@H]4C[C@H](O)CC[C@]4(C)[C@H]3CC[C@]12C,PPARG,0.4729,活性,低毒性,6555;8647;27413;24777;80900;50572;83569;9971;151306,Q96RI1;Q8TDU6;P46720;P26435;O70127;O95342;Q9QY30;Q12908;O88397
T61411,O=[N+]([O-])c1ccc(NC(=S)NCc2ccccc2Br)cc1,PPARG,0.4729,活性,低毒性,,
T6421,O=C(NO)c1cccc(C(=O)NCCc2ccccc2)c1,AOC3,0.4727,活性,低毒性,9759;51564;10013;10014;9734;3065;8841;79885;3066;83933;55869,Q96DB2;Q8WUI4;Q9UKV0;Q9UQL6;Q9BY41;Q9UBN7;Q13547;P56524;Q969S8;Q92769;O15379
T6278,CN1CCN(c2nc(C3=C(c4c[nH]c5ccccc45)C(=O)NC3=O)c3ccccc3n2)CC1,NR1H3,0.4727,活性,毒性,816;6850;84446;3718;1956;2869;4486;2932;5581;25;5562;3791;5592;8900;57551;4140;1576;4058;208;5170;10110;5583;2324;5159;2931;415116;23683;120892;815;2064;5347;558;5590;8444;5588;1020;11040;818;2534;6197;5586;5292;9748;50488;5578;5579;5163;7468;983;5582;207;1017;817;6788;5604;5580;9448;57118;6198;18751;2241;11183;5584,Q05397;P05129;P00519;P05771;P68404;NP_005391;P49760;P11309;P24723;NP_001229342;Q9UKE5;P23458;Q05513;Q9UK32;Q8N4C8;Q02156;P17252;O95819;Q16512;P78396;P08684;Q9BZE4;Q05655;NP_006246;P49840;Q15118;O96028;NP_997704;P30530;O94806;P52333;P35968;P35916;NP_997700;P24941;Q9UPZ9;P06241;NP_002728;Q04759;P49841;P43405;P20248
TQ0060,CC(C)c1c2cc(-c3ccnc(N[C@H]4CC[C@H](NC5CCOCC5)CC4)n3)ccc2nn1C,AOC3,0.4724,高活性,毒性,4837;2593;28989;27232;1017;6850;1025;3106;3456;892;5409;2879;7157;7151;7468;3176,P01574;P36969;Q9BV86;NP_001119587;P21964;P50613;Q14749;Q14353;P50750;O60563;P24863;O96028;P11086;P50135;P51946;P51948;P24941;P49336;P40261;P43405
T8313,COC(=O)[C@@H](Cc1ccccc1)NC(=O)[C@H](Cc1c[nH]c2ccccc12)NC(=O)c1ccccc1,PPARG,0.4724,活性,低毒性,2357,P21462
T38345,OC1CCN(CC2CCN(CC34CC5CC(CC(C5)C3)C4)CC2)CC1,THRSP,0.4724,活性,低毒性,,
T1807,COc1ccc(C2(CNC(=O)c3ccc(NC(=O)c4ccco4)cc3)CCOCC2)cc1,AOC3,0.4722,活性,低毒性,80351;8658,Q9H2K2;O95271;P09874
T63136,CC(C)S(=O)(=O)c1ccc(S(=O)(=O)N2CCC[C@@H](C(=O)N3CCC(F)(F)CC3)C2)cc1,AOC3,0.4719,活性,毒性,,
T204580,COc1ccccc1C1CCN(c2nc(C3(C)CC3)nc3ccc(N(C)CCO)cc23)CC1.Cl,PPARG,0.4719,活性,低毒性,,
T28922,COc1cc2nc(N3CCc4c(cccc4NS(C)(=O)=O)C3)nc(N)c2c(-c2ccccn2)c1OC,RXRB,0.4719,活性,低毒性,,
T7174,O=c1oc2cc(O)ccc2c2ccc(O)cc12,GPAM,0.4717,活性,低毒性,,
T1812,O=C(NCc1cccc(O)c1)c1cc2cc(F)ccc2[nH]1,PPARG,0.4714,活性,毒性,1551;7468;1559;6850,ABI96208;QLI62812;O96028;NP_000756;P43405
T89869,CCc1c2c(nn1C)[C@@H](CCN1CCOCC1)OCCCCn1c(C(=O)O)c(CCCOc3cccc4cc(F)ccc34)c3ccc(Cl)c-2c31,RXRB,0.4714,高活性,低毒性,4170;5366;948537;75204179,Q13794;P68187;Q07820
T3519,CC1CCC2(OC1)OC1CC3C4CC=C5CC(OC6OC(CO)C(OC7OC(C)C(OC8OC(C)C(O)C(O)C8O)C(O)C7O)C(O)C6OC6OC(C)C(O)C(O)C6O)CCC5(C)C4CCC3(C)C1C2C,THRSP,0.4714,活性,低毒性,,
T41027,CN1CCN(c2ccc(-c3cccc(NC(=O)c4ccc5ccccc5c4)c3)nn2)CC1,GPAM,0.4712,活性,低毒性,814112,XP_001349989
T69860,Fc1ccc2[nH]cc(Cc3c[nH]c4ccc(F)cc34)c2c1,THRSP,0.4712,活性,低毒性,53831,Q9NQS5
T40490,C[C@H](NC(=O)[C@@H](N)Cc1ccccc1)C(=O)O,AOC3,0.4709,活性,低毒性,6564;17380,Q61391;P46059
T6965,CCOc1cc(C(C)(C)C)ccc1C1=N[C@@](C)(c2ccc(Cl)cc2)[C@@](C)(c2ccc(Cl)cc2)N1C(=O)N1CCN(CCCS(C)(=O)=O)CC1,PPARG,0.4707,活性,毒性,4193,Q00987
TN1226,COC(C)(C)[C@H](O)[C@@H](O)C[C@@H](C)C1=C2C[C@H](O)[C@H]3[C@@]4(C)CCC(=O)C(C)(C)[C@@H]4CC[C@]3(C)[C@@]2(C)CC1,THRB,0.4707,活性,低毒性,9971,Q96RI1
T1723,Nc1ncnc2c1ncn2[C@@H]1O[C@H](COP(=O)(O)OP(=O)(O)O)[C@@H](O)[C@H]1O,PPARG,0.4705,活性,低毒性,5023;53829;5031;3303;64803;64805;3309;5032;100303708;5028;3304;6885;7184;58813;3833;281831;54795;3312,1HI5_A;1AMW_A;Q9EPX4;NP_001264133;1E8H_A;1Y8O_A;P49652;2C02_A;Q9BW19;P19120;P11021;1O0H_A;1UCN_A;1AO0_B;NP_002554;1AO0_A;Q96G91;P11142;P14625;P21588;NP_795713;1XXI_D;P0DMV8;P21589;1T3T_A;1UCN_B;1M74_A;NP_795345;P51575;O43318;1YRS_A;Q9RDT3;P47900;NP_001182156;1LKX_A;2BFR_A
T9212,Fc1ccc(OCCC(Cn2ccnc2)c2ccc(Cl)cc2Cl)cc1,PPARG,0.4702,活性,低毒性,,
T4963,Oc1ccc(CC2NCCc3cc(O)c(O)cc32)cc1,THRSP,0.4702,活性,低毒性,23028;1815;1551,P14416;NP_000756;P21917;O60341
T38995,C[C@@H](N)COc1ccc(-c2cnc3ccc(N[C@H](C)c4cccc(F)c4)nn23)cc1,NR1H3,0.47,活性,低毒性,,
T60976,Cc1[nH]nc(C(=O)Nc2cnc3[nH]c(-c4ccccc4)cc3c2)c1C,PPARG,0.47,活性,低毒性,3815,P10721
T78904,O=C(Nc1ncc(Cc2ccc(F)cc2)s1)c1ccc(-n2cnnn2)cc1,PPARG,0.47,活性,低毒性,,
T61088,CCC(=O)c1ccc2c(c1)N(CC(C)N(C)C)c1ccccc1S2,SCD,0.47,活性,毒性,3358;1814;1128;1813;148;3757;1129;152;65975;151;1131;3357;3269;3350;3356;4986,P20309;CAC29064;P14416;P18825;P08908;P18089;Q12809;P41145;P35462;P41595;P35348;P08172;P28223;P11229;P28335;P35367
T13688,C=C1C[C@@H]2CC[C@@]34C[C@H]5O[C@H]6[C@@H](O3)[C@H]3O[C@H](CC[C@@H]3O[C@H]6[C@H]5O4)CC(=O)C[C@@H]3[C@@H](OC)[C@@H](C[C@H](O)CN)O[C@H]3C[C@H]3O[C@@H](CC[C@@H]1O2)C[C@@H](C)C3=C,THRSP,0.47,高活性,毒性,6850;142;203068;43740568;7468;1489834,AMB37292;P09874;O96028;NP_821133;P43405
T36579,CC(C)(C)Nc1nc2cc(Cl)c(Cl)cc2nc1S(C)(=O)=O,AOC3,0.4695,活性,毒性,6850;1559;2740;7157;7151;1565;7468,ANW61984;P43220;NP_001119587;ABI96208;QLI62812;O96028;P43405
T201322,O=C(O)c1cc(O)n(-c2cccc(C(F)(F)F)c2)n1,GPAM,0.4695,活性,低毒性,54890,Q6P6C2
T16493,C=CC(=O)N1CCC[C@@H](n2nc(-c3cccc(C(=O)Nc4ccc(C(C)C)c(C)c4)c3)c3c(N)ncnc32)C1,PPARD,0.4695,活性,毒性,6850;3757;695;1559;3702;25;1551;7468,Q06187;Q12809;Q08881;ABI96208;QLI62812;O96028;P00519;NP_000756;Q26304;P43405
T15192,COCCN(C(=O)c1cc(OC)c(OC)c(OC)c1)c1nc(-c2ccccc2)cs1,SCD,0.4695,活性,低毒性,1551;1559,QLI62812;NP_000756;ABI96208
T3345,C[C@@H]1O[C@@H](O[C@H]2[C@H](O[C@H]3CC[C@]4(C)[C@H]5CC=C6[C@@H]7CC(C)(C)CC[C@]7(C(=O)O[C@@H]7O[C@H](CO[C@@H]8O[C@H](CO)[C@@H](O[C@@H]9O[C@@H](C)[C@H](O)[C@@H](O)[C@H]9O)[C@H](O)[C@H]8O)[C@@H](O)[C@H](O)[C@H]7O)CC[C@@]6(C)[C@]5(C)CC[C@H]4C3(C)C)OC[C@H](O)[C@@H]2O)[C@H](O)[C@H](O)[C@H]1O,PPARG,0.4692,活性,低毒性,,
T25209,CC(=O)Nc1ccc(Nc2ccc(S(C)(=O)=O)cc2[N+](=O)[O-])cc1,PPARG,0.4692,活性,毒性,115;218,O60503;P30838
T3259,O=C(c1ccc(Cl)cc1)N(Cc1ccccc1)C1CCCCC1,RXRA,0.4692,活性,低毒性,177,Q15109
T38680,C=C(c1ccccc1)[C@@]12CC[C@@H](O)[C@@H]1CC(CCCCCC)=C2c1ccccc1,SCD,0.4692,高活性,低毒性,2516;2494,O00482;Q13285
T15274,O=c1c2sccc2n(CC2COc3ccccc3O2)c(=O)n1O,THRSP,0.4692,活性,低毒性,2237;2073,P39748;P28715
T63321,O=C(CCN1c2ccccc2Sc2ccc(Cl)cc21)N(c1ccc(F)cc1)c1ccc(F)cc1,PPARG,0.469,高活性,低毒性,5687;5692;5689;5696;5694;5691;5699;5688;5690;5693;5686;143471;5682;5685;5684;5698;5683;5695;122706,P25788;P25787;P60900;Q8TAA3;P49721;P28065;O14818;P20618;P28072;P28070;P25789;P49720;P28066;P28074;P28062;A5LHX3;P25786;P40306;Q99436
T10298L,Cn1c(NC[C@@H](N)Cc2ccccc2)nc(-c2ccncc2)c(-c2ccc3ccccc3c2)c1=O,THRSP,0.469,活性,毒性,5601;6850;1432;5603;1551;43740568;1565;7468,ANW61984;O15264;ABI96208;O96028;Q16539;NP_000756;P45984;P43405
T22027,Cc1ccc(S(=O)(=O)NC2c3ccccc3Oc3ccccc32)cc1,ACACA,0.4688,活性,低毒性,338557;107221;294075,Q7TMA4;Q5NUL3;Q2AC31
T9714,COc1[nH]c(=O)c(C(=O)[C@@H](C)C[C@H](C)[C@@H](Cl)CCl)c(O)c1OC,PPARG,0.4688,活性,低毒性,,Q29550
T3062,COc1ccc(-n2c(SCCCN3C(=O)c4cccc5cccc(c45)C3=O)nnc2-c2ccncc2)cc1,AOC3,0.4683,活性,低毒性,80351,Q9H2K2
T41190,NC(=O)[C@@H](NC(=O)[C@H](CC1CCCCC1)NC(=O)c1ccno1)C1CCCCC1,GPAM,0.4683,活性,低毒性,2150,P55085
TN1067,C[C@@]12C[C@@]3(O)O[C@@H](O1)[C@]1(COC(=O)c4ccccc4)[C@H]3C[C@@]12O[C@@H]1O[C@H](COC(=O)c2cc(O)c(O)c(O)c2)[C@@H](O)[C@H](O)[C@H]1O,PPARG,0.468,活性,低毒性,,O42713;C7FF05;C7FF04;Q00024
T21509,CCCNC(=O)[C@H]1O[C@@H]1C(=O)N[C@H](C(=O)N1CCC[C@H]1C(=O)O)[C@@H](C)CC,AOC3,0.4678,活性,低毒性,281105,P07858;P07688;P07711
T11078,CN1CCN(C2=Nc3ccccc3Nc3ccccc32)CC1,PPARA,0.4678,高活性,低毒性,1815;25229;79246;53949;81645;24260;24316;25111;58963;29595;25187,P08485;P14416;P18901;P35563;P08483;P10980;P08909;P21917;P08911;P08482;Q9JJ16;P14842
T15639,COc1cc2ncnc(N3CCC(CN4Cc5ccccc5NC4=O)CC3)c2cc1OC,AOC3,0.4675,高活性,毒性,80351;8658;142,Q9H2K2;O95271;P09874
T4386,C[C@@H](Cc1ccsc1)NC(=O)NC[C@H](Cc1ccc(O)cc1)N(C)C,THRSP,0.4675,高活性,低毒性,4988;4985;4986,P35372;NP_001138755;P41145;P41143
T10672,O=C(NCCc1nccs1)c1cnc2c(SSc3cccc4cc(C(=O)NCCc5nccs5)cnc34)cccc2c1,AOC3,0.4673,高活性,低毒性,10617;10213,O95630;O00487
T6885,CNC(=O)[C@@H](NC(=O)[C@H](CC(C)C)[C@H](O)C(=O)NO)C(C)(C)C,GPAM,0.4673,高活性,毒性,4316;6850;6868;56547;4324;4322;11096;4314;4312;5621;102;64386;4325;9507;7468;4317;9313;4313;10893,O60882;P09238;3HY7_A;P51512;P78536;Q9Y5R2;Q9NRE1;AAC51766;P39900;O75173;P09237;P03956;NP_003174;NP_000302;P45452;P08254;Q9UNA0;O96028;P22894;P08253;P50281;P01375;P14780;Q9NPA2;P51511;P43405
T5353,O=C(OC(C(F)(F)F)C(F)(F)F)N1CCN(Cc2ccc(C(F)(F)F)cc2N2CCCC2)CC1,GPAM,0.4673,活性,低毒性,57406;3757;1565;23945,O35678;P10635;Q12809;Q99685;Q9BV23
T8772,CC1(C)CCC2(C(=O)O)CCC3(C)C(=CCC4C5(C)CCC(O)C(C)(C)C5C(O)CC43C)C2C1,PPARD,0.467,活性,低毒性,,
T22834,O=C(O)c1ccc2c(c1)C(=O)N(c1cccc(Oc3ccc([N+](=O)[O-])cc3)c1)C2=O,PPARG,0.467,高活性,低毒性,23566;57121;1902,Q9UBY5;Q92633;Q9H1C0
T20839,O=C[C@H](O[C@H]1O[C@H](CO)[C@@H](O)[C@H](O)[C@H]1O)[C@@H](O)[C@H](O)[C@H](O)CO,THRSP,0.467,活性,低毒性,81285,Q9H255
T13173,CCCCCCCC(=O)c1cc(OC)c(OC)c(OC)c1CC(=O)OCC,AOC3,0.4666,活性,低毒性,,3V3Q_B;3V3Q_A
TN7042,CNCCc1ccc(O)cc1,GPAM,0.4666,活性,低毒性,27346,Q5BJF2
T6S1784,Oc1ccc2c(c1)OC[C@]1(O)Cc3cc(O)c(O)cc3[C@H]21,NR1H3,0.4666,活性,毒性,,
T21865,CCCSc1nc2c(c(=O)n1-c1ccccc1)SCC2,RXRA,0.4666,活性,低毒性,50940,Q9HCR9
T7122,Cc1cc2ncnn2cc1Nc1ncc2c(n1)n(C1CCOCC1)c(=O)n2C,SCD,0.4666,活性,毒性,7272;5294;9212;5293;5291;3718;30955;5295;6790;1436,P07333;P42338;P42336;Q9JHG7;O00329;O60674;P42345;P78527;P27986;O14965;P23458;P48736;P33981;Q96GD4;P52333
T16503,Cn1nccc1-c1ccc(Sc2cccc(C3(C(N)=O)CCOCC3)c2)cc1,NR1H4,0.4663,活性,低毒性,240,NP_001243083
T28959,CCc1c2c(nc3ccccc13)-c1c(N)c3c(c(=O)n1C2)COC(=O)[C@]3(O)CC,AOC3,0.4661,活性,毒性,,
TN1397,C[C@@H]1O[C@@H](O[C@H]2[C@H](O[C@H]3CO[C@@H](O[C@H]4CC[C@]5(C)[C@H]6CC[C@]78OC[C@@]9(CC[C@](C)(C=O)C[C@H]97)[C@H](O)C[C@@]8(C)[C@]6(C)CC[C@H]5C4(C)C)[C@H](O[C@@H]4O[C@H](CO)[C@@H](O)[C@H](O)[C@H]4O)[C@H]3O)O[C@H](CO)[C@@H](O)[C@@H]2O)[C@H](O)[C@H](O)[C@H]1O,RXRG,0.4661,活性,毒性,,
T8151,C=CC(=O)Nc1cc(Nc2ncc(C(=O)OC(C)C)c(-c3cn(C)c4ccccc34)n2)c(OC)cc1N(C)CCN(C)C,AOC3,0.4658,高活性,毒性,2065;2066,P00533;P21860;P04626;Q15303
T41255,COc1ccc(OC)c(-n2nnc(S(=O)(=O)c3ccc(C(C)(C)C)cc3)c2C)c1,PPARG,0.4658,活性,低毒性,8856,O75469
T5S1677,CC(=O)O[C@@H]1C[C@@]23C[C@@]24CC[C@H](O[C@@H]2OC[C@H](O)[C@H](O)[C@H]2O)C(C)(C)[C@@H]4CC[C@H]3[C@]2(C)[C@@H](O)C34O[C@H](C[C@@H](C)[C@@H]3[C@@]12C)[C@@H](C(C)(C)O)O4,THRB,0.4658,活性,低毒性,7157;7151,NP_001119587
T9081,COc1ccccc1N1CCN(CCCCNC(=O)c2cc3ccccc3s2)CC1,THRSP,0.4658,高活性,低毒性,3358;1815;1814;147;100144487;148;397432;1812;146;3357,P14416;P25100;P50129;P08908;P35368;P21917;P21728;P35462;P41595;P35348;P28223;P28335;P50130
TN2601,COc1c(C(C)C)cc2c(c1O)[C@@]1(C(=O)O)CCCC(C)(C)[C@@H]1CC2,NR1H3,0.4656,活性,低毒性,,
T8563,O=c1oc(-c2ccccc2Br)nc2cccc(Cl)c12,PPARD,0.4656,活性,低毒性,1991,P08246
T6275,COC1=CC(c2cc3ccccc3[nH]2)=NC1=Cc1[nH]c(C)cc1C.CS(=O)(=O)O,PPARG,0.4656,活性,低毒性,7157,P04637
T3844,C[C@@H]1CC[C@@]2(OC1)O[C@H]1C[C@H]3[C@@H]4CC=C5C[C@@H](O[C@@H]6O[C@H](CO)[C@@H](O[C@@H]7O[C@H](CO)[C@@H](O)[C@H](O)[C@H]7O)[C@H](O)[C@H]6O[C@@H]6O[C@@H](C)[C@H](O)[C@@H](O)[C@H]6O)CC[C@]5(C)[C@H]4CC[C@]3(C)[C@H]1[C@@H]2C,RXRG,0.4656,活性,毒性,,
T9831,Cn1cc(C2=C(c3cn(C)c4cc([N+](=O)[O-])ccc34)C(=O)NC2=O)c2ccccc21,NR1H3,0.4653,高活性,毒性,24681;6850;43740568;25023;7468;1489834,P68403;AMB37292;O96028;P63319;P43405
T2111,COCCn1c2c([n+](Cc3cnccn3)c1C)C(=O)c1ccccc1C2=O.[Br-],RXRA,0.4651,高活性,毒性,3609;6667;8767;5058,P0DTD1;Q13153;O15392;Q12906;P08047;O43353
T82254,c1ccc([C@@H]2C[C@H]2NC2CCNCC2)cc1,SCD,0.4651,活性,低毒性,23028;1565;2950,ANW61984;P31645;NP_001009999;P28222;P09211;O60341
T8165,CC1(C)CC[C@]2(CO)CC[C@]3(C)C(=CC[C@@H]4[C@@]5(C)CC[C@H](O)C(C)(C)[C@@H]5CC[C@]43C)[C@@H]2C1,SCD,0.4651,活性,毒性,5770,P18031
T27625,Cc1cc(C)cc(C(=O)c2c(C(C)C)c(=O)[nH]c(=O)n2CC2CC2)c1,GPAM,0.4648,活性,低毒性,,Q72547
T10983L,CN1CCN(c2ccc(C(=O)Nc3ccc([C@@H]4C[C@H]4N)cc3)cc2)CC1.Cl.Cl,NR1H4,0.4648,活性,低毒性,23028;23186;4128,Q9UKL0;P21397;O60341
T61556,CCc1cc(Nc2nc(N[C@@H](C)c3ccc(F)cc3)nc3ccccc23)n[nH]1,PPARG,0.4648,高活性,低毒性,2870;6790,O14965;P43250
T12264,O=C(C[n+]1ccn(CC(OCc2ccc(Cl)cc2Cl)c2ccc(Cl)cc2Cl)c1)c1ccc(F)cc1.[Cl-],PPARG,0.4648,活性,低毒性,,
T7210,Nc1nc2c(ncn2[C@@H]2O[C@H](COP(=O)(O)OP(=O)(O)O)[C@@H](O)[C@H]2O)c(=O)[nH]1,PPARG,0.4646,活性,低毒性,2529;7879;16523,1TQ4_A;1U2R_A;P51149;1TPZ_A;Q11130;1R5N_A;1D2E_A;1VJJ_A;NP_032454;1RYF_A;2G83_A;1FZQ_A;1DAR_A
T4426,COc1cc2nccc(Oc3ccc(NC(=O)c4cn(C(C)C)c(=O)n(-c5ccc(F)cc5)c4=O)cc3F)c2cc1OC,RXRG,0.4646,活性,毒性,6850,P30530;P08581;P43405
T8322,O=C(Nc1ccc(F)cc1F)[C@H](NC(=S)Nc1cc(C(F)(F)F)cc(C(F)(F)F)c1)c1ccccc1,GPAM,0.4644,活性,低毒性,,O75385
T37908,C[C@]12C=CC(=O)C=C1CC[C@@H]1[C@@H]2[C@@H](O)C[C@@]2(C)[C@H]1C[C@H]1O[C@@H](c3ccc(Cc4cccc(N)c4)cc3)O[C@]12C(=O)CO,NR1H3,0.4641,活性,低毒性,1576;5241,P08684;P04150;P06401
T15575,COc1ccc(S(=O)(=O)n2cc(CCC(=O)O)c3cc(OC)ccc32)cc1,PPARG,0.4641,高活性,低毒性,5468;5467;5465,Q03181;P37231;Q07869
T79499,O=C(c1ccc(OCCCN2CCC(c3ccncc3)CC2)cc1)C1CC1,PPARG,0.4641,高活性,低毒性,303330;11255;100135589,Q60492;Q5U3Y7;Q9Y5N1
T63699,CNC(=O)[C@]1(C)CC[C@@H](Nc2ncc3c(Br)nn(-c4ccc(-c5nnc(C)s5)cc4)c3n2)C1,PPARG,0.4639,活性,低毒性,5602;138474;344387;8999;51265;1021;896,Q8IZX4;P53779;P30281;Q00534;Q9P2K8;Q5MAI5;Q8IVW4;Q92772
T67094,CC(=O)[C@H]1CC[C@H]2[C@@H]3CCC4=CC(=O)CC[C@]4(C)[C@H]3C(=O)C[C@]12C,AOC3,0.4636,活性,低毒性,866,P08185
T39020,O=C(O)c1ccc(-n2[se]c3ccccc3c2=O)cc1,PPARG,0.4636,高活性,低毒性,949054;75206171,P0DTD1;P0A9P4
T7217,OC[C@H]1O[C@@H](c2ccc(Cl)c(Cc3ccc(OCCOC4CC4)cc3)c2)[C@H](O)[C@@H](O)[C@@H]1O,AOC3,0.4634,活性,低毒性,6523,P31639;P13866
T8954,O=c1cc(N2CCN(c3cccc(C(F)(F)F)c3)CC2)[nH]c(=O)n1C1CCCCC1,RXRA,0.4634,活性,低毒性,6291;2494;6288;1559;3240,EAW68415;O00482;QLI62812;NP_003813;NP_001119574;NP_000322
T27482,CCc1ccc([C@H]2C[C@@H](C(F)(F)F)n3ncc(C(=O)NCc4ccc(F)cn4)c3N2)cc1,RXRA,0.4634,活性,低毒性,,
T26682,C[C@@H]1[C@H](c2c(F)ccc(F)c2F)C[C@H](NC(=O)c2cnc3c(c2)C[C@@]2(C3)C(=O)Nc3ncccc32)C(=O)N1CC(F)(F)F,AOC3,0.4631,高活性,低毒性,10203;10267,O60894;Q16602
T35883,Cc1nsc(=NC(=Nc2ccccc2)c2ccccc2)n1Cc1ccccc1,GPAM,0.4631,活性,低毒性,1080,P13569
T5094,c1cc(NC2CCNCC2)nc(-c2cnc3ccccn23)c1,PPARG,0.4631,高活性,毒性,4837;2593;28989;27232;6850;5409;2879;1551;1565;7468;3176,ANW61984;Q9BV86;P36969;P43405;O96028;Q14749;NP_000756;Q9NWZ3;P40261;P21964;P11086;Q14353;P50135
T16412,O[C@@](Cn1cnnn1)(c1ccc(F)cc1F)C(F)(F)c1ccc(-c2ccc(OCC(F)(F)F)cc2)cn1,PPARG,0.4629,活性,低毒性,,
T25215,O=c1cc(Cl)sn1-c1ccc([N+](=O)[O-])cc1,GPAM,0.4624,活性,低毒性,8850,Q92831
T3334,COC[C@H]1C[C@@H](c2ncc(-c3ccc4c(c3)COc3cc5c(ccc6nc([C@@H]7CC[C@H](C)N7C(=O)[C@@H](NC(=O)OC)C(C)C)[nH]c65)cc3-4)[nH]2)N(C(=O)[C@H](NC(=O)OC)c2ccccc2)C1,THRSP,0.4624,高活性,低毒性,43740568;1489834,Q5L478;AMB37292
T67934,O=C1CCC(N2Cc3ccc(COC(=O)Nc4cc(OC(F)(F)F)ccc4F)cc3C2=O)C(=O)N1,AOC3,0.4622,活性,毒性,,Q56AP7;P15170;Q96SW2
T26689,COc1ccc(CC(=O)NCc2ccccc2-c2ccccc2C(=O)NCCc2cccnc2)cc1,AOC3,0.4622,活性,低毒性,1559;1565;3777;1551,ANW61984;Q12809;ABI96208;QLI62812;O14649;NP_000756
TQ0231,COc1cc2c(cc1OC(C)C)[C@H](c1ccc(Cl)cc1)N(c1ccc(N(C)C[C@H]3CC[C@H](N4CCN(C)C(=O)C4)CC3)cc1)C(=O)C2,PPARG,0.4622,活性,毒性,403693;17246;6850;4194;4193;1559;7157;1565;7468;3458,ANW61984;Q00987;P56950;ABI96208;QLI62812;O96028;NP_000610;O15151;P04637;P23804;P43405
T124455,COc1cc(CCc2ccccc2O)cc(OC)c1OC,SCD,0.4622,活性,低毒性,100157809,P00591
T60196,CC[C@@H](c1nc2cccc(F)c2c(=O)n1C1CC1)n1nc(-c2ccc(OC)c(F)c2)c2c(N)ncnc21,ACACA,0.4619,活性,低毒性,5293,O00329
T83630,CC1(C)CCN(Cc2ccc3nc(Cn4cc(-c5cc(Br)cc6[nH]ncc56)nn4)cn3c2)CC1,GPAM,0.4619,高活性,低毒性,56339;57721,Q86U44;Q9HCE5
T69343,O=C(Oc1ccccc1)n1c(=O)oc2ccc(Cl)cc21,PPARG,0.4619,活性,低毒性,8473,O15294
T2S0843,COc1cc2oc(-c3ccccc3)cc(=O)c2c(O)c1O,PPARG,0.4619,活性,低毒性,,
T24480,COC(=O)N[C@H](C(=O)N1CC(F)(F)C[C@H]1c1ncc(-c2ccc(-c3ccc4c(ccc5nc([C@@H]6C[Si](C)(C)CN6C(=O)[C@@H](NC(=O)OC)C(C)C)[nH]c54)c3)cc2)[nH]1)C(C)C.Cl.Cl,THRSP,0.4619,活性,低毒性,,
T8884,CCN(CC)S(=O)(=O)c1cc(Nc2nccc(-c3ccnc(-c4ccc(NC(=O)NC)cc4)c3)n2)ccc1Cl,GPAM,0.4617,高活性,毒性,5294;2932;2931;2475;5290;23049,P42336;NP_004949;P24941;P42345;P49840;NP_002640;Q96Q15;P48736;NP_006209;P49841;NP_055907
T17204,COc1cc2c(NC3CCN(C)CC3)nc(N3CCCN(C)CC3)nc2cc1OCCOCCN(C)C,GPAM,0.4617,高活性,低毒性,10919;79813;28989;2237,Q9H9B1;NP_001273725;Q96KQ7;NP_004102;NP_001276342
T61326,O=C(Cc1ccc(-c2ccccc2)cc1)NCC1COc2ccccc2O1,PPARG,0.4617,高活性,毒性,7965;1557;1559;1544,P05177;P11712;P33261;Q13155
TN1536,COc1cccc(O)c1C(=O)OCc1cc(O)ccc1O[C@@H]1O[C@H](CO)[C@@H](O)[C@H](O)[C@H]1O,PPARG,0.4617,活性,低毒性,,
T3321,CC1(C)CC[C@]2(C(=O)O)CC[C@]3(C)C(=CC[C@@H]4[C@@]5(C)CCC(=O)C(C)(C)[C@@H]5CC[C@]43C)[C@@H]2C1,PPARG,0.4617,活性,毒性,5406;5771;5770,P17706;P16233;P18031;P13726
T9009,O=C(Nc1ccc(Oc2ccccc2)cc1)c1cccc([N+](=O)[O-])c1,PPARG,0.4617,高活性,低毒性,3757;3756,NP_758872;NP_001191727
T8454,Cc1ncc(C)n2nc([C@@H]3C[C@H]3c3nc4c5cccnc5ccn4c3C)nc12,RXRB,0.4617,活性,低毒性,10846,Q9Y233
T1877,Cc1cc2sc(NC(=O)Cc3ccccc3)nc2cc1Cl,THRSP,0.4617,活性,低毒性,9970,ADZ17385;ABI96208
T21324,O=C(NO)c1cnc(N2CCN(S(=O)(=O)c3ccc4ccccc4c3)CC2)nc1,AOC3,0.4614,高活性,毒性,9759;51564;10013;10014;9734;3065;8841;79885;3066;7468;3458;83933;55869,Q96DB2;Q8WUI4;Q9UKV0;Q9UQL6;Q9BY41;Q13547;Q9UBN7;O96028;NP_000610;P56524;Q969S8;Q92769;O15379
T4957,CC(C)c1cc2c(c(O)c1O)[C@@]1(C(=O)O)CCCC(C)(C)[C@@H]1CC2,AOC3,0.4612,活性,毒性,3248;728386;1559;57646;2597;9536;1576;84749;7421;4137;23252,NP_000851;P08684;NP_056022;P35222;NP_002037;P11712;NP_001017535;O14684;A8MUK1;AAG24257;AAI14949;Q70CQ3;AAP35567;Q96RU2;O00512;2ISV_A;CAQ07474;Q9YQ12
T77624,Cc1ccc(CNC(=O)C(=O)c2c[nH]c3ccccc23)cc1,ACACA,0.4609,活性,低毒性,,
T14151,O=C(O)c1cc(-c2ccccc2)cc(Br)c1O,PPARD,0.4609,高活性,低毒性,8644;1645;1646,P42330;Q04828;P52895
T40351,O=C1NC(=O)C(=Cc2ccc(O)cc2)C(=O)N1,PPARG,0.4609,活性,低毒性,23173,P53582
T36395,Cn1cc(-c2cc(S(C)(=O)=O)ccc2OCC2CC2)c2ccccc2c1=O,PPARG,0.4609,活性,低毒性,,O60885
T13804,CCC(=O)Nc1c(C)cc(C(=O)N2CCC(N(C)CCc3ccccc3)CC2)cc1C,PPARG,0.4609,活性,低毒性,,
T4965,COc1cc2c(cc1OC)CN(C(=O)[C@@H](NCc1ccncc1)C(C)(C)C)CC2,ACACA,0.4607,活性,低毒性,1551;1559;3062,NP_001517;ABI96208;QLI62812;NP_000756;O43614
T9981,Oc1cc2c(cc1C(c1ccc(C(F)(F)F)cc1)N1CCOCC1)OCO2,GPAM,0.4607,高活性,低毒性,43740578;4282,P14174;P0DTD1
T9248,Cc1ncc(C)n2nc([C@H]3C[C@@H]3c3nc4c5cccnc5ccn4c3C)nc12,RXRB,0.4607,活性,低毒性,10846,Q9Y233
T9291,O=C1CCC(N2C(=O)c3ccc(O)cc3C2=O)C(=O)N1,AOC3,0.4604,活性,低毒性,,P15170;Q96SW2
T4531,c1cc2c(s1)CCOC21CCN(Cc2ccc3c(c2)OCCO3)CC1,THRSP,0.4604,活性,毒性,,
T2670,Cc1ccc(CNc2ncnc3ccc(-c4ccc(CO)o4)cc23)o1,THRSP,0.4604,活性,毒性,4837;2593;28989;27232;3176;6850;115;7468;1859;5409;9149;1195;57396;1198;1196,NP_004062;O60503;Q9BV86;Q9Y463;NP_003984;P21964;P49760;NP_001123500;Q14749;Q14353;P49759;Q9HAZ1;NP_065717;O96028;P11086;P50135;NP_004705;NP_001387;P40261;P43405
T4544,COC(=O)N[C@H](C(=O)N1CCC[C@H]1c1ncc(-c2ccc3c(c2)O[C@@H](c2ccccc2)n2c-3cc3cc(-c4cnc([C@@H]5CCCN5C(=O)[C@@H](NC(=O)OC)C(C)C)[nH]4)ccc32)[nH]1)C(C)C,THRSP,0.4604,高活性,低毒性,11027185;2879,P36969;Q5L478;Q9WMX2;Q81258;Q8JXU8
T78704,Nc1ccccc1-c1noc(-c2ccncc2)n1,THRSP,0.4604,活性,毒性,43740568,P0DTD1;P0DTC2;Q9BYF1
T15051,CN(C)c1cccc2c(S(N)(=O)=O)cccc12,PPARD,0.4602,活性,低毒性,,1OKL_A
T34373,CCN(C[C@H]1COC(N)=N1)c1ccccc1,PPARG,0.4602,高活性,低毒性,113914;134864;111174,NP_612200;Q96RJ0;Q923Y8;NP_599155;Q923Y9;NP_444435
T6530,CC(C)c1ccc(NC(=O)Cn2cnc3c2c(=O)n(C)c(=O)n3C)cc1,PPARG,0.4602,活性,低毒性,1551;312896;8989,A0A1D5QMT1;O75762;NP_000756;Q8BLA8;NP_015628;Q6RI86
T10199,O=C1c2cc([N+](=O)[O-])ccc2-n2c1nc1ccccc1c2=O,PPARG,0.4602,高活性,毒性,3620;169355;6999,P14902;P48775;Q6ZQW0
T37042,CN(C)CCCNc1nc(CN2CCN(C(c3ccc(Cl)cc3)c3ccc(Cl)cc3)CC2)nc2ccccc12,THRSP,0.4602,活性,毒性,4837;2593;27232;6850;5409;7157;7468;3176,P11086;P43405;O96028;Q14749;P04637;P21964;P40261;Q14353;P50135
T4S1848,CC1OC2OC3C(OCC(O)C3O)OC(=O)C34CCC(C)(C)CC3C3=CCC5C6(C)CC(O)C(OC7OC(CO)C(O)C(O)C7OC7OCC(OC(=O)CC(C)(O)CC(=O)OC1C(OC1OCC(O)C(O)C1O)C2O)C(O)C7O)C(C)(CO)C6CCC5(C)C3(C)CC4O,AOC3,0.46,活性,毒性,7468;6850,O96028;P43405
T4599,COc1ccc(N(C(=O)Nc2c(C)cccc2C)c2cc(Nc3ccc(N4CCN(C)CC4)cc3)ncn2)c(OC)c1,AOC3,0.4597,高活性,毒性,4837;2593;27232;6850;1551;1559;9833;23387;5409;3586;23235;7468;3176;150094,QLI62812;NP_000756;P21964;NP_056006;NP_775490;P22301;ABI96208;P57059;Q14749;Q14353;O96028;Q14680;Q9Y2K2;P11086;Q9H0K1;P50135;P40261;NP_079440;P43405
T21069,CN1CCN2c3c(cccc31)[C@@H]1CN(CCCC(=O)c3ccc(F)cc3)CC[C@@H]12,MLXIPL,0.4597,活性,低毒性,1812,P14416;P31645;P28223;P21728
T7280,O=C(NCCN1CCC2(CC1)C(=O)NCN2c1ccccc1)c1ccc2ccccc2c1,PPARG,0.4597,活性,低毒性,5337;5338,Q13393;O14939
T4300,COc1nccnc1NS(=O)(=O)c1cccc(Cl)c1Cl,NR1H3,0.4595,高活性,低毒性,1233;403541;12773;171054,P51680;NP_005499;P51679;Q8MJW8;NP_598216;NP_034046
T21650,Cc1ccc2nc(NC(=O)CSc3nc4c(c(=O)n3-c3ccc(F)cc3)SCC4)sc2c1,PPARG,0.4595,活性,低毒性,64462;1559;53627;1551,Q06486;ABI96208;QLI62812;Q9JJJ7;NP_000756
T3558,COc1cc2ncnc(N(C)c3cccc(Br)c3)c2cc1OC,SCD,0.4595,活性,低毒性,,P00533
T27918,OC(c1ccc(Cl)cc1)(c1ccc(Cl)cc1)c1cncnc1,THRSP,0.4595,活性,低毒性,1588;25147,P11511;P22443
T7685,OCCNCc1cc(Br)ccc1OCc1ccc(F)c(C(F)(F)F)c1,ACACA,0.4592,高活性,低毒性,57646;29761,Q9UHP3;Q96RU2
T64366,Cc1n[nH]c2c1C(c1cccnc1)C1=C(CC(C)(C)CC1=O)N2,AOC3,0.4592,活性,低毒性,2932,NP_002084
T16364,CCN1CCN(c2ccc(Nc3cc(N(C)C(=O)Nc4c(Cl)c(OC)cc(OC)c4Cl)ncn3)cc2)CC1.O=P(O)(O)O,AOC3,0.4592,高活性,毒性,2264;3932;4486;7010;25;3791;2260;238;660;3643;673;2324;6098;6714;4915;7297;4233;2047;4067;2534;2321;2322;2263;3815;2261;5979;7525,P54762;P10721;P21802;P00519;P36888;Q16620;Q9UM73;P07947;Q04912;P15056;O60674;P08581;P17948;Q02763;P06239;P08922;P07948;P12931;P22607;P22455;P35968;P35916;P06213;P51813;P07949;P06241;P11362;P43405;P16234;P29597
T12809,C[C@]1(O)CCC[C@@H]1n1c(=O)c(C(F)F)cc2cnc(NC3CCN(S(C)(=O)=O)CC3)nc21,AOC3,0.4592,高活性,低毒性,1021;595;12443,P24941;P25322;Q00534;P24864;P24385
T24865,CCC(C)(C)C(=O)O[C@H]1C[C@@H](C)C=C2C=C[C@H](C)[C@H](CC[C@@H](O)C[C@@H](O)CC(=O)O)[C@H]21,NR1H3,0.4592,活性,毒性,25675;12288,P51639;Q01815;Q9Y6L6
T15209,CCCCC1(CCCC)CN(c2ccccc2)c2cc(SC)c(OCC(=O)N[C@@H](C(=O)NCC(=O)O)c3ccccc3)cc2S(=O)(=O)C1,PPARD,0.4592,高活性,低毒性,9971;6555,Q96RI1;Q12908
T7689,CCCCCCCCCCCCCCP(=O)(O)O,PPARG,0.4592,活性,低毒性,23566;9170,Q9UBY5;Q9HBW0
T3908,CCCCCCCCC[C@H](O)CC(=O)CCc1ccc(O)c(OC)c1,PPARG,0.4592,活性,低毒性,1558;1559;1576;1555;1557,P10632;P08684;P08908;P11712;P33261;P20813
T1972,COc1ccccc1C(=O)Nc1cc2c(cc1N1CCCCC1)n(C)c(=O)n2C,PPARG,0.4592,活性,毒性,23476;7862;6850,P55201;NP_001003694;O95696;O60885;AAI07878;P43405;NP_490597
T1881,COc1ccc(CNC(=O)Nc2ncc([N+](=O)[O-])s2)cc1,PPARG,0.4592,活性,毒性,6850;1020;1017;9212;115;23192;7468;1559;2932;2931;6198;3456;7157;8900;1551;7151;225689;56637,O60503;P01574;NP_001119587;QLI62812;NP_000756;NP_937802;ABI96208;P78396;1Q5K_A;Q8TD08;P49840;O96028;Q9Y4P1;P24941;Q9WV60;P49841;NP_001139628;P43405;P20248
T63190,CCCn1cc(-n2c(Cl)c(Sc3cccc(C(=O)O)c3F)c3ccc(Cl)c(F)c32)cn1,PPARG,0.459,活性,低毒性,5168,Q13822
T11199,Nc1c(C(=O)N[C@@H]2CCCc3c(OCc4ccccc4)cccc32)[nH]c(=O)[nH]c1=O,PPARG,0.459,活性,低毒性,9388,Q9Y5X9
T38905,O=C(CN1CCN(c2ccc(F)cn2)CC1)Nc1nc2c(s1)CCCC2,PPARG,0.459,活性,低毒性,376497;26457,NP_940982;Q60714;Q6PCB7
T8686,CC1CCN(c2ccc(NC(=O)c3ccc(CN4CCOCC4)cc3)cc2C(F)(F)F)CC1,PPARG,0.4587,活性,低毒性,1559,P11712
T3420,CCCNC(=O)[C@H]1O[C@@H]1C(=O)N[C@H](C(=O)N1CCC[C@H]1C(=O)OC)C(C)CC,AOC3,0.4585,高活性,毒性,65975;7468;6850,O96028;CAC29064;P43405
T10835,CC(CCCNCCO)Nc1ccnc2cc(Cl)ccc12,AOC3,0.4585,活性,低毒性,,
TN1130,CC1=CC(=O)[C@@H](O)[C@]2(C)[C@H]3[C@@H](O)[C@H](O)[C@@]4(CO)OC[C@@]35[C@@H](C[C@@H]12)OC(=O)[C@H](O)[C@]54O,NR1H3,0.4585,活性,毒性,,
T203998,COc1cc(N2CC[C@@]3(O)C(=O)c4cc(C)c(C)cc4N=C23)ccn1,PPARG,0.4583,活性,低毒性,,Q9UKX2;P35579
T13108,CNC(=O)c1cc2c(Oc3ccc(NC(=S)NC(=O)Cc4ccccc4)cc3F)ccnc2cc1OC,RXRG,0.4583,活性,低毒性,4233;3791,P35968;P08581;P09619;P30530;P16234
T28817,O=C(O)c1c(O)cccc1CCc1ccc2ccccc2c1,THRSP,0.4583,活性,低毒性,54345;20672,P35713;P43680
T8966,O=C(NCCN1CCC2(CC1)C(=O)NCN2c1cccc(F)c1)c1ccc(F)c(F)c1,GPAM,0.458,活性,低毒性,5338;1559;1551;1565;7468,ANW61984;O14939;P10635;QLI62812;O96028;NP_000756
T16132,CCCn1cc2c(nc(NC(=O)Nc3ccc(OC)cc3)n3nc(-c4ccco4)nc23)n1,THRSP,0.458,高活性,低毒性,135;1559;136;57413;25369;134,P29275;P0DMS8;NP_001075445;P30542;ABI96208;NP_000667;QLI62812;P30543;NP_001041695;NP_000666;P29274
T1930,Cc1ccc(NCCCc2ccccc2)c(N)c1,ACACA,0.4578,活性,低毒性,10013,Q9UBN7
T6695,COc1cccc2c1c(O)c(C(=O)N(C)c1ccc(C(F)(F)F)cc1)c(=O)n2C,PPARG,0.4578,活性,低毒性,1551;9759;9970,NP_006028;ADZ17385;P56524;NP_000756
T25982,CC(C)N1CCN(c2ccc(N3CCN(c4ccc(OC[C@H]5OC[C@](Cn6cncn6)(c6ccc(F)cc6F)O5)cc4)CC3)cc2)C1=O,RXRG,0.4578,活性,低毒性,,
T8057,CC(=O)OCCC(C)CCC=C(C)C,RXRG,0.4578,活性,低毒性,246,AAC52118
T65172,Cc1cc2nc3c(=O)[nH]c(=O)nc-3n(C[C@H](O)[C@H](O)[C@H](O)COP(=O)(O)OP(=O)(O)OC[C@H]3O[C@@H](n4cnc5c(N)ncnc54)[C@H](O)[C@@H]3O)c2cc1C,THRSP,0.4578,活性,低毒性,,
T40192,Nc1nc2c(ncn2[C@H]2C[C@H](O)[C@@H](COP(=O)(O)OP(=O)(O)OP(=O)(O)O)O2)c(=O)[nH]1,PPARG,0.4575,活性,低毒性,5428,Q72547;P54098
T34788,C[C@H](CCC(=O)NCCS(=O)(=O)O)[C@H]1CC[C@H]2[C@@H]3CC[C@@H]4C[C@H](O)CC[C@]4(C)[C@H]3CC[C@]12C,PPARG,0.4573,活性,低毒性,151306,Q8TDU6
T2758,CC1CCC2(C(=O)O)CCC3(C)C(=CCC4C5(C)CC(O)C(O)C(C)(CO)C5C(O)CC43C)C2C1C,PPARG,0.457,活性,低毒性,,
T1867,COc1ccc2cc(C(C)C(=O)Oc3ccc(C(N)=S)cc3)ccc2c1,PPARG,0.4568,活性,低毒性,1551;1559,QLI62812;NP_000756;ABI96208
T36035,O=C(Nc1ncc([N+](=O)[O-])s1)c1ccc(C(F)(F)F)cc1,PPARG,0.4568,活性,毒性,6774,P40763
TQ0021,Cc1c(C(=O)Nc2ccc(Oc3ccnc4cc(OCC(C)(C)O)ccc34)c(F)c2)c(=O)n(-c2ccccc2)n1C,THRSP,0.4568,活性,低毒性,4233;3791;558,P30530;P08581;P35968
T16110,CC(C)OC(=O)NC1CCN(Cc2cc(Cl)c3cccnc3c2O)CC1,THRSP,0.4568,活性,低毒性,,
T3187,COc1cc(N)c(Cl)cc1C(=O)NC1CCN(Cc2ccc(F)cc2)CC1,PPARG,0.4565,高活性,低毒性,25083;29581;24318;24174;24175;29595;25187,P61169;P30994;P22909;P08909;P22086;P19328;P14842
T3459,COCCSC1=C(C)C(=O)c2ccccc2C1=O,RXRA,0.4565,高活性,毒性,993;994,P30304;P30305
T25487,CCCCCCCCCC(=O)OC1(c2ccc(Cl)cc2)CCN(CCCC(=O)c2ccc(F)cc2)CC1,GPAM,0.4563,活性,低毒性,1814;1815;100144487;3776,P14416;P21917;P35462;O95069;P50130
T24656,COc1cc2ncnc(N3CC[C@@H](Oc4cnc5ccccc5n4)C3)c2cc1OC,RXRB,0.4563,高活性,低毒性,63885;5139;5140;10846,Q9QYJ6;Q14432;Q13370;Q9Y233;2OVY_A
T21867,Cc1ccc([N+](=O)[O-])cc1S(=O)(=O)n1c(C)nc2ccccc21,AOC3,0.4561,活性,低毒性,3172,NP_001245284
T38847,CC(=O)N(C)C1CCN(c2cccc(-c3ccc4nc(-c5cccnc5N)n(-c5ccc(C6(N)CCC6)cc5)c4n3)c2)CC1,THRSP,0.4561,活性,低毒性,10000,P31751;Q9Y243;P31749
T3530,CCNC1(C(N)=O)CCN(c2ncnc3c2nc(-c2ccccc2Cl)n3-c2ccc(Cl)cc2)CC1,THRSP,0.4561,活性,毒性,6850;1269;25248;1559;1268;1551;1565,ANW61984;NP_001153731;NP_036916;P34972;QLI62812;P21554;NP_000756;P20272;P43405
TQ0249,C=C(C)[C@H](O)[C@@H](O)C[C@@H](C)C1=C2C[C@H](O)[C@H]3[C@@]4(C)CCC(=O)C(C)(C)[C@@H]4CC[C@]3(C)[C@@]2(C)CC1,NR1H3,0.4558,活性,低毒性,,
T7416,COc1ccc(NC(=O)[C@@H]2C[C@H](C)CC[C@H]2C(C)C)cc1,PPARA,0.4558,活性,低毒性,79054,Q7Z2W7
T6048,CCC(CC)CC1(C(=O)Nc2ccccc2SC(=O)C(C)C)CCCCC1,RXRG,0.4558,活性,低毒性,1071;1559;1551,QLI62812;P11597;NP_000756;ABI96208
T4378,CNCCN1CCC(OCc2ccccc2)CC1,THRSP,0.4558,活性,低毒性,100135589;11255;56341;10280;55170;27346;10498,Q96LA8;Q5BJF2;Q99720;Q86X55;Q9NR22;NP_954592;NP_060607;NP_001243465;Q60492;Q9Y5N1
TN6729,CC(=O)O[C@@H]1C[C@H]2C(C)(C)C(=O)C=C[C@]2(C)[C@H]2CC[C@]3(C)C(=CC(=O)[C@H]3c3ccoc3)[C@@]21C,NR1H3,0.4556,活性,低毒性,,
T79468,CCCCN1C(=O)C(=NNc2nccs2)c2ccccc21,PPARG,0.4556,活性,低毒性,,
T68151L,Cl.Cn1cc(NC(=O)c2cc(NC(=O)c3cc(NC(=O)c4ccc(N(CCCl)CCCl)cc4)cn3C)cn2C)cc1C(=O)NCCC(=N)N,PPARG,0.4556,活性,毒性,,
T17019,CC(C)(O)C(=O)N1CCN(c2ccc(C(F)(F)F)c(C3=C(c4c[nH]c5ccccc45)C(=O)NC3=O)c2)CC1,THRSP,0.4556,高活性,毒性,4837;6850;3718;1559;2932;5409;16453;1565;3176;27232;7297;7151;5588;28989;2593;7157;1551;5578;7468,P05129;ANW61984;Q9BV86;Q15139;P41743;NP_001119587;QLI62812;NP_000756;P05771;P21964;O60674;Q62137;P24723;ABI96208;P23458;Q14749;Q05513;Q02156;Q14353;P17252;Q05655;O96028;P11086;O94806;P52333;P50135;P29597;Q04759;P49841;P40261;P43405
T9010,CC(=O)OC[C@H]1O[C@@H](n2cnc3c(Nc4cccc(O)c4)ncnc32)[C@H](OC(C)=O)[C@@H]1OC(C)=O,PPARG,0.4553,活性,低毒性,,Q9Y478;Q9UGI9;Q9UGJ0;P54646;Q13131;O43741;P54619
T10827,CN(C)c1nc2c(Br)c(Br)c(Br)c(Br)c2n1CC(=O)O,NR1H3,0.4551,高活性,低毒性,1459;1457,NP_808228;P19784;P68400;NP_001887
TQ0252,CC[C@H]1[C@@H](O)[C@@H]2[C@H](CC[C@]3(C)[C@@H]([C@H](C)CCO)CC[C@@H]23)[C@@]2(C)CC[C@@H](O)C[C@@H]12,NR1H3,0.4551,活性,低毒性,9971;151306,Q96RI1;Q8TDU6
T3821,C[C@@H]1O[C@@H](O[C@H]2[C@H](OC(=O)[C@]34CCC(C)(C)C[C@H]3C3=CC[C@@H]5[C@@]6(C)C[C@H](O)[C@H](O[C@@H]7O[C@H](CO)[C@@H](O)[C@H](O)[C@H]7O)C(CO)(CO)[C@@H]6CC[C@@]5(C)[C@]3(C)C[C@H]4O)OC[C@H](O)[C@@H]2O)[C@H](O)[C@H](O)[C@H]1O[C@@H]1OC[C@@H](O)[C@H](O)[C@H]1O,PPARG,0.4551,活性,毒性,,
T8652,COc1cccc2cc(C(=O)Nc3cccc(-c4cn5ccccc5n4)c3)c(=O)oc12,PPARG,0.4551,活性,低毒性,836,P42574
T9770,O=C(CN1CCOCC1)Nc1ccc(OC2CCN(C3CCC3)CC2)cc1,PPARG,0.4551,高活性,低毒性,85268;11255,Q9Y5N1;Q9QYN8
T7745,COc1ccc2c(c1)CN(C)CC2c1ccc(Cl)c(Cl)c1.Cl,PPARG,0.4551,活性,毒性,,
T5446,Nc1c(S(=O)(=O)O)cc(Nc2ccc(Nc3nc(Cl)nc(Nc4ccccc4S(=O)(=O)O)n3)c(S(=O)(=O)O)c2)c2c1C(=O)c1ccccc1C2=O,PPARG,0.4551,活性,低毒性,27306,O60760;Q7ZJM1
T60157,Cc1cccc(C2NC(=O)c3c(Br)cccc3N2)c1,PPARA,0.4548,活性,毒性,55193,Q86U86
T6S2246,CC(=O)O[C@@H](C[C@@H](C)C1=C2C[C@H](O)[C@H]3[C@@]4(C)CCC(=O)C(C)(C)[C@@H]4CC[C@]3(C)[C@@]2(C)CC1)[C@H]1OC1(C)C,THRB,0.4548,活性,低毒性,9971,Q96RI1
T9323,Nc1cc(C(F)(F)F)c(S(N)(=O)=O)cc1S(N)(=O)=O,THRB,0.4548,高活性,低毒性,3636621;762;280741;771;765;759;760;71934;80733;11238;855692;886987;761;41601394;768;766;23632;763;45425256,Q9ULX7;Q3I4V7;2POW_A;A6YCJ1;B5SU02;P35218;P07451;P43166;P23280;Q9D6N1;Q31FD6;Q16790;Q6FTL6;Q5AJ71;O43570;C0IX24;P53615;Q99N23;Q95323;A0A0H3GB68;B2V8E3;P9WPJ7;Q5U9J1;P00915;O24855;P00918;Q5TU56;P40881;Q9Y2D0;P22748
TQ0309,C=C1C(=O)[C@@]23[C@H](O)C[C@@H]4C(C)(C)C(=O)CC[C@@]4(C)[C@@H]2CC[C@@H]1[C@H]3OC(C)=O,NR1H3,0.4546,活性,毒性,,
T64337,O=C(NCC(Cc1ccccc1)N1CCC(O)(C(F)(F)F)CC1)C1(c2ccc(Cl)cc2)CCCC1,THRSP,0.4546,活性,低毒性,8989,O75762
TP1809,N=C(N)NCCC[C@H](NC(=O)[C@H](CCCNC(=N)N)NC(=O)[C@H](CCCNC(=N)N)NC(=O)[C@H](CCC(N)=O)NC(=O)[C@H](CCCNC(=N)N)NC(=O)[C@H](CCCNC(=N)N)NC(=O)[C@H](CCCCN)NC(=O)[C@H](CCCCN)NC(=O)[C@H](CCCNC(=N)N)NC(=O)CNC(=O)[C@@H](N)Cc1ccc(O)cc1)C(=O)O,AOC3,0.4543,活性,低毒性,,Q8NFU7;Q6N021
T35860,O=C(CCCCCCCCC[P+](c1ccccc1)(c1ccccc1)c1ccccc1)Oc1ccc(-c2cc(=S)ss2)cc1,PPARG,0.4543,活性,低毒性,,Q12931
T14212,C[C@H]1COCCN1C[C@H]1CN(S(=O)(=O)c2cccs2)CCN1c1ccc([C@@](C)(O)C(F)(F)F)cc1,AOC3,0.4541,活性,低毒性,103988;25658;2646,P52792;Q14397;Q07071
T5993,COc1ccc(-c2c[nH]c3nccc(-c4ccsc4)c23)c(OC)c1,PPARG,0.4541,高活性,毒性,23387;150094;23235,NP_056006;NP_775490;P57059;Q9Y2K2;NP_079440;Q9H0K1
T39716,C=CC(=O)N1CCN([C@@H](CC2CC2)c2ccc([C@H](C)Nc3ncc4c(n3)N(CC)C(=O)OC4)cc2)CC1,RXRG,0.4541,活性,低毒性,3418;3417,O75874;P48735
T69564,CCN1CCN(C(=O)c2ccc(Nc3ncc(F)c(-c4ccc5nc(N(C)C)sc5c4)n3)nc2)CC1,THRSP,0.4541,高活性,低毒性,1021;8445,Q00534;Q92630
T16996,C=CC(=O)N[C@H]1C=C(C)c2c(-c3cnc4ccccc4c3)c3c(N)ncnc3n2C1,GPAM,0.4539,活性,低毒性,,P00533
T4367,CCOC(=O)c1cnn(-c2ccccc2)c1NC(=O)c1cc2nc(-c3ccco3)cc(C(F)(F)Cl)n2n1,AOC3,0.4536,活性,毒性,1551;1559,QLI62812;Q8JUX6;NP_000756;ABI96208
T63143,CCc1c(CC2CCCCC2)[nH]c(SCc2n[nH]c(-c3ccc(F)c(F)c3)c2Cl)nc1=O,AOC3,0.4536,活性,低毒性,,
T5689,CC1=C[C@@H]2C(=O)[C@]3(C=C(C)[C@H](O)[C@@]3(O)[C@@H]1O)[C@H](C)C[C@@H]1[C@H]2C1(C)C,NR1H3,0.4536,活性,低毒性,,
T4182,O=C(O)c1cc(N(Cc2ccccc2O)Cc2ccccc2O)ccc1O,PPARD,0.4536,活性,低毒性,58819;51426;11201,NP_057302;AAC35244;AAG24257;NP_009126;2QQS_A
T68035,Nc1c(Cl)cc(-c2nn(C3CCN(CCc4ccccc4)CC3)c(=O)o2)c2c1OCCO2,PPARG,0.4536,高活性,低毒性,3358;3360;3352;3351;3363;3357;3362;3350;3356,NP_000855;NP_001035262;NP_000515;NP_000862;NP_000858;NP_001159419;NP_062874;NP_000854;NP_001243690
T21758,C[C@@H](NCc1cc2ccccc2[nH]1)c1cccc2ccccc12.Cl,RXRG,0.4536,高活性,低毒性,24247;846,P41180;P48442
T4493,O=C(NCc1c(F)cc(F)cc1F)c1cn2c(c(O)c1=O)C(=O)N1[C@H]3CC[C@H](C3)O[C@@H]1C2,THRSP,0.4536,高活性,低毒性,6582;5452,Q7ZJM1;T1QYY3;O15244;P09086
T87429,C=CC(=O)N1CCCN(C(=O)c2cc(Sc3cnc(NC(=O)C4CC4)s3)c(C)cc2OC)C[C@H]1C,AOC3,0.4534,高活性,低毒性,3702;3718;695;7294,P42681;Q08881;P52333;Q06187
TN7138,COC(=O)c1c[nH]c2ccc(O)cc12,RXRG,0.4534,活性,低毒性,,
T1672,O=S(=O)([O-])CCSSCCS(=O)(=O)[O-].[Na+].[Na+],NR1H4,0.4531,活性,低毒性,,
T72107,CCc1c(N2CCN(C(=O)c3ncnc(C)c3O)CC2)c(=O)n2nc(C3=CCOCC3)nc2n1CC(=O)Nc1ccc(C(F)(F)F)cc1Cl,PPARG,0.4531,活性,毒性,,Q14191
T24816,O=C(Nc1cc(C(F)(F)F)cc(C(F)(F)F)c1)c1cnc(Cl)nc1C(F)(F)F,SCD,0.4531,活性,毒性,4790;466;4791;5970;7157;1551;7151;1565;7468;3725,P18846;ANW61984;P19838;Q00653;O14980;Q04206;NP_001119587;ABI96208;P05412;O96028;NP_000756
T9003,COc1ccc(-c2nc3ccc(NCc4ccc(Cl)c(Cl)c4)nc3n(CCNC(C)=O)c2=O)cc1,THRSP,0.4531,活性,低毒性,,O00767
T60485,CCCCCC(=O)c1c(O)cc(OC)c(Cl)c1O,ACACA,0.4529,活性,毒性,5058,BAC78637;BAC78638;Q13153
T6839,CCn1c(=O)c(-c2ccc(-c3cncc(C)n3)cc2Cl)cc2cnc(NCCC3CCN(C)CC3)nc21,AOC3,0.4529,活性,毒性,6850;5062;5058;43740568;7468,Q13153;Q13177;O96013;O96028;P43405;Q16512
T9580,Nc1nonc1-c1nc2cnccc2n1C1CCCCC1,NR1H3,0.4529,活性,毒性,4837;2593;27232;6850;9252;5409;7468;3176,P43405;O75582;O96028;Q14749;P40261;P21964;P11086;Q14353;P50135
T62420,O=C(Nc1ccc(S(=O)(=O)Oc2cccc([N+](=O)[O-])c2)cc1)c1ccccc1Cl,PPARG,0.4529,活性,低毒性,2840;5029,P41231;Q13304
T3832,COc1c(O)cc2c(c1O)[C@@H]1O[C@H](COC(=O)c3cc(O)c(O)c(O)c3)[C@@H](O)[C@H](O)[C@H]1OC2=O,PPARG,0.4529,活性,低毒性,,
T74637,CC(C)c1ccccc1[C@@H]1CCCN1C1CC2(CCN(c3ccc(C(=O)NS(=O)(=O)c4ccc(NC[C@H]5CC[C@](C)(O)CC5)c([N+](=O)[O-])c4)c(Oc4cnc5[nH]ccc5c4)c3)CC2)C1,THRSP,0.4529,活性,毒性,,P10415;Q07817
T72180,Nc1ncc2cc(-c3c(Br)cccc3Br)c(N)nc2n1,THRSP,0.4526,活性,低毒性,77223396;879558;6714;75206104;947761;396442,P37798;P12931;P00523;2V58_A;P24182
T16980,Nc1nc(-n2cccn2)nc(-n2cccn2)c1Br,PPARD,0.4524,活性,低毒性,135,P30542;P29275;P0DMS8;P29274
T60127,CNC(=O)c1cc(Cl)cc(C)c1NC(=O)c1cc(Br)nn1-c1ncccc1Cl,PPARD,0.4524,活性,低毒性,49090,I3VR33;Q24498
T26701,CCC(C)c1ccc(NC(=O)CSCc2ccc(Br)cc2)cc1,PPARG,0.4524,活性,低毒性,2918,NP_001120795
T1954,O=C(Nc1cc(C(F)(F)F)ccc1N1CCCCC1)c1ccncc1,PPARG,0.4524,活性,毒性,6850;6733;6732;1559;3791;1551;1565;20815;26576,P35968;ANW61984;O70551;P78362;Q9UPE1;Q96SB4;ABI96208;QLI62812;NP_000756;P43405
T4482,CNC(=O)c1ccc(Nc2nc(OC3CCCC3)c3c(-c4ccc5nc(C)oc5c4)c[nH]c3n2)c(OC)c1,AOC3,0.4519,高活性,毒性,5260;10645;7272;5601;5602;1198;5599;79837;1576;9149;1195;8444;1196,P49759;P45983;P08684;Q96RR4;P53779;P49760;Q16816;Q9Y463;P49761;P33981;Q13627;Q8TBX8;O43781;P45984
T35554,C=CC(=O)N1C(=O)CC(c2ccc(F)cc2)Sc2ccccc21,SCD,0.4519,活性,低毒性,2932,P49841
T2422,Cl.O=C(N[C@H]1CN2CCC1CC2)c1ccc(Cl)cc1,GPAM,0.4517,活性,低毒性,25302;58963;79246,P35563;Q05941;Q9JJ16
T67753,Nc1ncnc2c1c(C(F)(F)F)cn2[C@@H]1O[C@H](CO)[C@@H](O)[C@H]1O,PPARD,0.4517,活性,低毒性,,
T27064,O=C(CSc1ccc(Cl)cc1)Nc1nc(-c2ccccn2)cs1,PPARG,0.4517,活性,低毒性,,
T2069,CNc1cc(-c2cccc(Cl)c2Cl)nc(N)n1,SCD,0.4514,活性,毒性,4521,P36639
T3478,Cc1ccc(S(=O)(=O)N2CCC[C@H]2c2ccc(F)cc2)cc1,NR1H3,0.4512,活性,低毒性,1551,NP_000756;ABI96208
T7459,Cc1ccc(-c2ccc(C)cn2)nc1,AOC3,0.4509,活性,低毒性,1237;1234;10013,P51685;P51681;Q9UBN7
T16376,CCCCC1(CCCC)CN(c2ccccc2)c2cc(SC)c(OCC(=O)N[C@@H](C(=O)N[C@@H](CC)C(=O)O)c3ccc(O)cc3)cc2S(=O)(=O)N1,PPARD,0.4509,高活性,低毒性,9971;6555,Q96RI1;Q12908
T6200,COC(=O)N[C@H](C(=O)N1CC2(CC2)C[C@H]1c1ncc(-c2ccc3c(c2)C(F)(F)c2cc(-c4ccc5nc([C@@H]6[C@H]7CC[C@H](C7)N6C(=O)[C@@H](NC(=O)OC)C(C)C)[nH]c5c4)ccc2-3)[nH]1)C(C)C,PPARG,0.4509,活性,低毒性,2879,Q5L478;P36969
T2436,CCCOc1ccn2c(C(C)=O)cc(-c3ccccc3S(C)(=O)=O)c2c1,PPARG,0.4509,活性,毒性,6850;138474;29994;65980;11176;7468,Q9H8M2;Q9UIF9;NP_038478;NP_038477;Q8IZX4;O96028;Q9UIF8;P43405
T25175,O=C(NO)C1=CCCC1,ACACA,0.4507,高活性,低毒性,10013;3065;8841;3066;55869,Q9BY41;Q13547;Q9UBN7;Q92769;O15379
T60156,O=C1NC(c2c(F)cccc2Cl)Nc2cccc(Cl)c21,AOC3,0.4507,活性,低毒性,55193,Q86U86
T8828,CC(C)c1cc(Cl)cc(C(C)C)c1NC(=O)NS(=O)(=O)c1cccc(C(C)(C)O)c1,GPAM,0.4507,活性,低毒性,,Q96P20
T6257,COc1cc(N2CCN(C)CC2)ccc1Nc1nccc(-c2cn(C)c3cnccc23)n1,PPARA,0.4507,高活性,毒性,57396;3480;6850;1020;1551;7151;84706;7157;8851;8798;8445;9149;1195;7468;8444;1196,P08069;Q9Y463;NP_001119587;NP_000756;P49760;ABI96208;Q9NR20;Q15078;O43781;P49759;Q9HAZ1;O96028;Q8TD30;Q13627;Q00535;NP_004705;Q92630;P24941;P43405
T4958,CC(C)=CC[C@H](O)C1=CC(=O)c2c(O)ccc(O)c2C1=O,PPARD,0.4507,活性,毒性,5315,P14618;Q92905;Q9S446
TN7208,Cc1nc(N)c2ncn([C@@H]3O[C@H](CO)[C@@H](O)[C@H]3O)c2n1,PPARD,0.4507,活性,低毒性,,
T8438,Cc1c(Cl)cccc1NC(=O)c1cnc2ccccc2n1,THRSP,0.4507,活性,低毒性,100135547,O70212
T15787,Nc1nc(Cl)cc(N(Cc2cccs2)C2CC2)n1,AOC3,0.4504,活性,低毒性,55811,Q96PN6
T23512,Cl.O=C(NCCN1CCC2(CC1)C(=O)NCN2c1cccc(F)c1)c1ccc2ccccc2c1,GPAM,0.4504,高活性,低毒性,5337;5338,NP_001230037;NP_002653;NP_001123553;NP_002654
T28069,CCN(Cc1ccccc1C(F)(F)F)C(=O)C1CCN(S(=O)(=O)c2ccc3[nH]ncc3c2)CC1,GPAM,0.4504,活性,低毒性,1128;25229;53949;1133;24260;1131,P20309;P08912;NP_059058;AAM18940;NP_036257;P08483;NP_000729;P08911;P11229;P08482
T13869L,CNc1ncc(CN2CCCC(c3nc(-c4cccs4)cc(=O)[nH]3)C2)cn1,PPARD,0.4504,活性,低毒性,,
T7662,COc1ccc2cc(CC(=O)O)ccc2c1,PPARG,0.4502,活性,低毒性,8644;19225,P42330;Q05769;P23219
T9447,Cc1n[nH]c(C)c1CCCOc1cc(C(=O)O)ccc1F,THRSP,0.4502,活性,低毒性,7276;213,P02766;P02768
T11541,CC(C)(C)OC(=O)N1CCC[C@H]1c1ncc(-c2ccc(-c3ccc(-c4cnc([C@@H]5CCCN5C(=O)OC(C)(C)C)[nH]4)cc3)cc2)[nH]1,PPARG,0.45,活性,毒性,,
T8909,CCOC(=O)c1c(-c2ccc(OC)cc2)csc1N,PPARG,0.45,活性,低毒性,,CDO16711;CDO16358
T1997,CCN(CC)C(=O)C(c1ccccc1)N1CCN(c2ccc(NC(=O)c3ccccc3-c3cccnc3)cc2F)CC1,RXRG,0.45,活性,低毒性,1559;4887;4547;1551,P55157;P49146;ABI96208;QLI62812;NP_000756
T5S0055,CN1Cc2c(ccc3c2OCO3)[C@@H]2[C@H]1c1cc3c(cc1C[C@@H]2O)OCO3,PPARG,0.4497,活性,毒性,7468;65975;10413;6850,O96028;CAC29064;P43405;NP_001123617
T79049,COc1ccc2cc(O)c(N3CC(=O)NS3(=O)=O)c(F)c2c1,THRSP,0.4495,活性,低毒性,,P17706;P18031
TN7059,CC1(C)O[C@H]2CC(=O)OC[C@@]23[C@H]1CC(=O)[C@@]1(C)C2=CC(=O)O[C@@H](c4ccoc4)[C@]2(C)CC[C@@H]13,NR1H3,0.4492,活性,低毒性,4790;4609,NP_002458;NP_003989
TN3466,COc1cc(CCN(C)C)c2ccc3ccccc3c2c1OC,NR1H3,0.4492,活性,低毒性,24316,P61169;P18901
T75098,O=C(CSc1ccccc1)Nc1nc(-c2ccccn2)cs1,PPARG,0.4492,活性,低毒性,,
T5S2347,CC(C)=CCCC1=CC(=O)c2c(O)ccc(O)c2C1=O,ACACA,0.449,活性,低毒性,,
T24417,COc1cc(CCC(=O)CCCCc2ccccc2)ccc1O,PPARG,0.449,活性,低毒性,240,P09917
T15796,COc1cccc(-c2ccc([C@@H](Oc3cc(-c4ccc(C[C@H](N)C(=O)O)cc4)nc(N)n3)C(F)(F)F)cc2)c1,RXRG,0.449,活性,毒性,6850;1559;1551;7166;121278,Q8IWU9;QLI62812;P17752;NP_000756;P43405
T21870,COc1cc2nc(N3CCC(N4CCCCC4)CC3)nc(NC3CCCCCC3)c2cc1OC,AOC3,0.4487,高活性,毒性,4837;2593;27232;6850;5409;12773;1551;1233;1565;7468;3176,P51680;NP_005499;ANW61984;P43405;P51679;ABI96208;O96028;Q14749;NP_000756;P40261;P21964;P11086;Q14353;P50135
T10655,Cn1cc(-c2ccc3nnc(Sc4ccc5nn(C)cc5c4)n3n2)cn1,NR1H3,0.4487,活性,低毒性,1551;1559,QLI62812;NP_000756
TN1768,O=C(c1ccc(O)cc1)c1c(O)cc(O)cc1O,NR1H3,0.4487,活性,低毒性,,
T9758,O=C(CSc1nc2ccccc2[nH]1)Nc1ccc(Cl)cn1,PPARG,0.4487,活性,低毒性,10413,Q9NYV4;O75909;NP_001123617
T7398,O=C1C2=C(CCN(Cc3ccccc3)C2)N2CCN=C2N1Cc1ccc(C(F)(F)F)cc1,THRSP,0.4485,活性,毒性,,Q2G036;Q16740;Q9UNW8;P0A6G7
T60446,O=C(Nc1ccc(Cl)cc1)c1ccc([N+](=O)[O-])o1,PPARG,0.4482,活性,毒性,,
T14188,FC(F)(F)Oc1ccc(-c2ccnc(Nc3ccc4[nH]ncc4c3)n2)cc1,PPARG,0.4482,活性,低毒性,,Q99835
TXB-00010,O=C([O-])c1ccc(O)cc1.[Na+],THRSP,0.4482,高活性,低毒性,759;760,P00918;P00915
T34656,CC(C)n1c(Nc2cccnc2)nc2cnc(Nc3ccc(N4CCN(C)CC4)cc3)nc21,ACACA,0.4478,活性,低毒性,,P00533
T20166,CSCC[C@H](NC(=O)[C@H](CC(C)C)NC(=O)[C@H](Cc1cnc[nH]1)NC(=O)[C@H](Cc1ccccc1)NC(=O)[C@@H](CCSC)NC(=O)[C@@H](N)Cc1ccc(O)cc1)C(=O)N[C@@H](CC(=O)O)C(N)=O,PPARD,0.4478,高活性,低毒性,100379267;24613;18386;25601,P33535;P97266;P33533;P32300
T26897,CC(=O)Nc1ccc(C(=O)Nc2cc(-c3ccncc3)ccc2N)cc1,PPARG,0.4478,活性,低毒性,3066;3065;8841,Q13547;Q92769;O15379
T9696,CN(C)c1ccc(-c2nc3ccc(F)cc3[nH]2)cc1,PPARG,0.4478,活性,低毒性,,P15884;P35222
T10297L,CCOc1ccc(-n2c([C@@H](C)N(Cc3cccnc3)C(=O)Cc3ccc(OC(F)(F)F)cc3)nc3ncccc3c2=O)cc1,THRSP,0.4478,活性,毒性,2833;6850;1559;1576;7157;12766;1551;7151;7468,P08684;NP_001119587;ABI96208;P49682;QLI62812;O96028;O88410;NP_000756;P43405
T15303,O=C(CF)CNC(=O)[C@H](Cc1ccccc1)NC(=O)c1cccc2ccccc12,AOC3,0.4475,活性,低毒性,23192;824;823,P07858;P07384;Q9Y4P1;P17655
T14119,Cc1ccc([C@H]2c3c(nc4sc(C)nn34)CCN2C(=O)COc2ccc(NS(C)(=O)=O)nc2Cl)c(F)c1,SCD,0.4475,活性,低毒性,7166,P17752
T4485,C=CC(=O)Nc1cc(Nc2nccc(-n3cc(CN(C)C)c(-c4ccccc4)n3)n2)c(OC)cc1N1CCOCC1,GPAM,0.4473,活性,低毒性,,P00533;P04626
T4083,CC[C@@H]1[C@H](O)[C@@H]2[C@H](CC[C@]3(C)[C@@H]([C@H](C)CCCO)CC[C@@H]23)[C@@]2(C)CC[C@@H](O)C[C@@H]12,NR1H3,0.4473,活性,低毒性,,Q8TDU6
T41290,O=C(Nc1cccc(NC(=O)c2cccc(O)c2O)c1)c1cccc(O)c1O,PPARG,0.4473,活性,低毒性,7015,O14746
T24706,CCCCC(=O)N1c2ccccc2NC2=C(C(=O)CCC2)C1c1ccccc1Cl,RXRG,0.4473,活性,毒性,1551;1559;6850,QLI62812;P43405;NP_000756;ABI96208
T0918,CCC(COC(=O)c1cc(OC)c(OC)c(OC)c1)(c1ccccc1)N(C)C,ACACA,0.447,活性,毒性,6532;4985;8856;3757;1129;4988;4986,P35372;P41143;Q12809;P31645;P41145;O95342;O75469;P08172
T4389,CCCCNNC(=O)c1ccc(-c2cccc(F)c2F)cc1,PPARG,0.447,活性,低毒性,10013;3065;8841;3066;55869,Q9BY41;Q13547;Q92769;Q9UBN7;O15379
TQ0026,COCCCc1ccc2oc(-c3ccc(OC)c(OC)c3)cc2c1,PPARG,0.4468,活性,低毒性,,
T6801,Cn1c(=O)cc(C(=O)Nc2ccc3c(c2)OCCO3)c2ccccc21,AOC3,0.4465,活性,低毒性,6872,P21675
TN11093,C1=C2c3cc4c(cc3CCN2Cc2c1ccc1c2OCO1)OCO4,GPAM,0.4465,活性,低毒性,7494,P17861
T14066,Cn1cc(C2=C(c3coc4ccc(F)cc34)C(=O)NC2=O)c2cc3c(cc21)OCO3,NR1H3,0.4465,活性,低毒性,2932,P49841
T2925,COc1cc2c(c(OC)c1OC)-c1c(cc3c(c1OC)OCO3)C[C@@H](C)[C@@H](C)C2,NR1H3,0.4465,活性,低毒性,2932,P49841
T16118,Cc1ccc(C)c(-n2sc3cc(F)ccc3c2=O)c1,PPARA,0.4465,高活性,毒性,4351;43740578;5373;162466,P0DTD1;NP_000294;Q8TCT1;P34949;O15305;AAH17351
T3987,CNc1nc(-c2cccc(NC(=O)c3ccc(C(=O)OC)cc3)c2)c2cc(OC)c(OC)cc2n1,THRSP,0.4465,高活性,低毒性,5141;5143,Q08493;P27815;Q86V67;Q07343;Q08499
T28506,C=C(C)CSc1nnc2c(n1)[nH]c1cc(Br)ccc12,PPARG,0.4463,活性,低毒性,,
T15409,CC1(C)c2nc(-c3ccc(F)cc3)c(Nc3ccc(Cl)cc3)n2CCN1C(=O)CN,ACACA,0.446,活性,低毒性,3757,Q12809
T10811,O=C(Nc1ccc2ccccc2c1)C(c1csc2ccc(Cl)cc12)P(=O)(O)O,GPAM,0.446,活性,低毒性,1511;1215,P23946;P08311
T83962,Nc1nonc1-c1nc2ccccc2n1Cc1ccncc1,NR1H3,0.446,活性,低毒性,,Q8R4B8;Q8R1P5;Q9HB14
T16938,O=c1cc(C(Cl)(Cl)Cl)oc2ccc(Cl)cc12,PPARA,0.446,活性,低毒性,107,Q08828
T24160,CCCCCNC1=C(c2cn(C)c3ccccc23)C(=O)N(C)C1=O,PPARG,0.446,活性,毒性,,
T5A2461,CC(=O)O[C@H]1C[C@]2(O)[C@@H]3CC[C@@H]4C[C@@H](O)CC[C@]4(C)[C@H]3CC[C@]2(C)[C@H]1c1ccc(=O)oc1,NR1H3,0.4458,高活性,毒性,7468;6850,O96028;P43405
T8499,COc1cc(-c2nn(CCN3CCC(N(C)C)CC3)c3ncnc(N)c23)ccc1NC(=O)OC(C)(C)C,PPARD,0.4458,高活性,毒性,3932;3055;6714;4067;7525;25;2534;640;5753;2444;2268,NP_001036194;P00519;P08631;P42685;NP_002101;P51451;NP_005148;P07947;NP_005408;NP_002028;P06239;P09769;P07948;P12931;NP_001036236;NP_005424;NP_002022;Q13882;P06241;NP_001706
T67575,CC(C)(C)Oc1ccc(C[C@H](NC(=O)OCC2c3ccccc3-c3ccccc32)C(=O)O)cc1,PPARG,0.4458,活性,低毒性,,
T38683,O=C(NCc1cccnc1)c1cc(-n2cnn(Cc3ccc(F)cc3)c2=O)[nH]n1,RXRA,0.4458,活性,低毒性,20249,O00767;P13516
T5771,COc1c(O)c2c(=O)cc(OC)c3c4c(OC)cc(=O)c5c(O)c(OC)c6c(c(c1C[C@](C)(O)[C@@H]6C(C)=O)c23)c54,THRSP,0.4458,活性,毒性,43740568,P0DTC2
T31614,Nc1cnc(-c2cc(Cl)cc(Cl)c2Cl)c(N)n1,THRSP,0.4456,活性,低毒性,,Q99250
T15362,CCCc1c(O)c(O)c(C(=O)O)c2cc(Cc3ccccc3)c(C)cc12,THRSP,0.4456,高活性,毒性,3945;3939,P07195;P00338
T75255,CCN(CC)CCN(Cc1ccc(-c2ccc(C(F)(F)F)cc2)cc1)C(=O)Cn1cc(Cc2cnn(C)c2)c(=O)nc1SCc1ccc(F)cc1,XPR1,0.4456,高活性,低毒性,1576;7941,Q13093;P08684
T9022,CNC(=O)C[C@H]1COc2cc(F)ccc2N1C(=O)c1ccc2c(c1)NC(=O)CO2,NR1H3,0.4453,高活性,低毒性,4306;25672,P22199;P04150;P08235
T5361,COc1cccc(CNC(=O)c2nc3scc(COCc4ccc(C(=O)O)cc4)c3c(=O)[nH]2)c1,RXRA,0.4453,活性,低毒性,3269;27346;281914,P08253;Q5BJF2;P09238;P08254;O77656;P22894;P45452;P11229;P35367
T3176,COc1c(Nc2ccc(S(C)(=O)=O)nc2C)ncnc1OC1CCN(C(=O)OC(C)C)CC1,THRB,0.4453,活性,低毒性,139760;1559;302813,P11712;Q7TQN8;Q8TDV5;NP_848566
TQ0310,Cc1ccc(-c2c(C(=O)CF)n(CCCO)c3ncnc(N)c23)cc1,PPARD,0.4451,活性,毒性,10645;8569;6850;1551;1969;1559;7525;2534;6198;6197;396442;16818,P06240;P51812;P07947;Q96RR4;Q9BUB5;NP_004577;P23443;P00523;P06241;P29317;QLI62812;NP_000756;P43405
T2255,Cc1ccc(C(=O)N(CCCN)[C@@H](c2oc3cc(Cl)ccc3c(=O)c2Cc2ccccc2)C(C)C)cc1.Cl,PPARD,0.4451,活性,低毒性,,
T22168,O=C(Cc1ccccc1)Oc1c(OC(=O)Cc2ccccc2)c(-c2ccc(O)cc2)c(O)c(O)c1-c1ccc(O)cc1,THRSP,0.4451,高活性,低毒性,29843;7375;8078,Q9P0U3;Q13107;P45974
T15815,Cc1cc(Nc2ccc(F)c(C[C@@]3(C(=O)O)CCN(Cc4cccc(Cl)c4F)[C@H](C)C3)n2)n[nH]1,AOC3,0.4448,活性,低毒性,6790;9212,O14965;Q96GD4
T7193,O=C(N[C@H]1CN2CCC1CC2)c1cc2cccc(Cl)c2s1,AOC3,0.4448,活性,毒性,6850;1139;1565;1551;3359,ANW61984;P46098;NP_000756;NP_001177384;P36544;P43405
TN1600,CC1(C)CC[C@]2(C(=O)O[C@@H]3O[C@H](CO)[C@@H](O)[C@H](O)[C@H]3O)[C@H](O)C[C@]3(C)C(=CC[C@@H]4[C@@]5(C)CC[C@H](O[C@@H]6O[C@H](CO)[C@@H](O)[C@H](O)[C@H]6O)C(C)(C)[C@@H]5CC[C@]43C)[C@@H]2C1,PPARG,0.4448,活性,低毒性,,P13726
T64529,COC(=O)c1cc(NS(=O)(=O)c2cc(Cl)cc(Cl)c2)ccc1S(=O)(=O)Nc1cc(Br)c(F)cc1C,PPARG,0.4448,活性,低毒性,51548,Q8N6T7
T6605,CCCCCCCCCCCCCCCCn1cc[n+](Cc2ccccc2)c1C.[I-],PPARG,0.4448,活性,毒性,29904,O00418;P13639
T6932,C=CC(=O)Nc1ccc2ncnc(Nc3cccc(Br)c3)c2c1,ACACA,0.4446,高活性,毒性,4837;6850;3718;1956;1559;640;5409;43740568;3176;27232;660;6714;3456;2593;695;2534;1551;396442;7468;2066,P01574;QLI62812;NP_000756;P21964;Q15303;P04626;P51451;P00533;ABI96208;Q14749;Q14353;Q06187;P12931;P00523;O96028;P11086;P52333;P50135;P51813;P06241;P40261;P43405
T19713,CCCCCCCc1cc(=O)c2ccccc2[nH]1,GPAM,0.4446,活性,低毒性,814112,ABH03417;XP_001349989
T2276,O=C1C(Cl)=C(N2CCOCC2)C(=O)N1c1ccc(Cl)c(Cl)c1,NR1H3,0.4446,活性,毒性,5810;12044;5888;6850;214763;597;7468;43740578,P0DTD1;NP_033872;O60671;O96028;Q16548;Q8C6L5;Q06609;P43405
T62973,Cc1cc(N(C)C(=O)[C@H]2CC[C@H](Oc3cccc(CO)c3)CC2)ccc1CN1CCN[C@@H](C)C1,PPARG,0.4446,活性,低毒性,2862,O43193
T16962,O=C(NO)c1ccc(CN2CCCc3cc(Cl)ccc32)cc1,AOC3,0.4443,高活性,低毒性,10014;51564;10013;9759;3066;3065;8841;79885;9734;55869,Q96DB2;Q9UQL6;Q8WUI4;Q9UKV0;Q9BY41;Q13547;P56524;Q92769;Q9UBN7;O15379
T11488,Cc1ccc(CNC(=O)N2CCC[C@]3(CCN(Cc4ccc(Cl)c(Cl)c4)C3)C2)cc1,NR1H4,0.4441,活性,低毒性,,O75460
T38428,COc1cc(Nc2ncc3c(n2)-c2ccc(Cl)cc2C(c2c(F)cccc2OC)=NC3)ccc1C(=O)[O-].[Na+],AOC3,0.4438,活性,低毒性,,
T79873,CCc1cc(NC(=O)C(=O)N2C[C@@H](C)CC[C@@H]2c2ccc3sc(C4CCN(C)CC4)nc3c2)cnc1N,AOC3,0.4438,活性,毒性,,O14744;Q9BQA1;Q12809
T15286,COc1ccc(Cl)cc1[C@]1(F)C(=O)Nc2cc(C(F)(F)F)ccc21,GPAM,0.4438,活性,低毒性,3786;3785;9132;3778;56479,O43525;NP_001154825;NP_001153606;Q12791;NP_742107;Q9NR82;P56696;NP_751895;O43526
T12589,Cc1nc(N)nc2c1cc(-c1cn[nH]c1)c(=O)n2C1CCCC1,PPARG,0.4438,高活性,低毒性,18706;2475,P42337;P42345
T4119,CC(=O)O.C[C@@H](O)[C@@H]1NC(=O)[C@H](CCCCN)NC(=O)[C@@H](Cc2c[nH]c3ccccc23)NC(=O)[C@H](Cc2ccccc2)NC(=O)[C@@H](NC(=O)[C@H](N)Cc2ccccc2)CSSC[C@@H](C(=O)N[C@H](CO)[C@@H](C)O)NC1=O,THRSP,0.4438,活性,低毒性,8647,O95342
T24263,O=C(N(CCc1ccccc1)C1CCCCC1)n1ncc(-c2ccc(OC(F)(F)F)cc2)n1,NR1H3,0.4436,活性,低毒性,,O94830
T27830,Cc1ccc(-c2nc(C)c(CN3CCN(C(c4ccccc4)c4ccccc4)CC3)[nH]2)cc1,PPARG,0.4436,活性,低毒性,24766;81574;497770,P04775;P04774;P08104
T60919,O=C(Nc1ccc([N+](=O)[O-])c(Cl)c1)c1cc(Cl)ccc1O,PPARG,0.4436,活性,毒性,,
T9661,CCN(CC)c1nc2c(C(=O)O)c(O)c(I)c(-n3cccc3)c2s1,PPARG,0.4436,活性,低毒性,7157,P04637
TQ0205,Oc1cc(O)c2c(c1)O[C@H](c1ccc(O)c(O)c1)[C@H](O)[C@H]2c1c(O)cc(O)c2c1O[C@H](c1ccc(O)c(O)c1)[C@@H](O)C2,THRSP,0.4436,活性,毒性,6622;3458,NP_000610;P37840
T8972,Fc1ccc(N2CCCCC2)c(NC(=S)c2ccncc2)c1,ACACA,0.4434,高活性,毒性,4837;9970;2593;27232;6850;1559;5409;1551;1565;7468;3176,P50750;ANW61984;P43405;ABI96208;QLI62812;O96028;Q14749;NP_000756;P40261;P21964;P11086;ADZ17385;Q14353;P50135
TQ0033,Cc1cccc(F)c1C(=O)Nc1cnc(-c2cc3c(cc2Cl)OC(F)(F)O3)cn1,PPARG,0.4434,活性,低毒性,80228;84876;6786,Q96SN7;Q96D31;Q13586
T33563,C=CCNc1ncnc2c1ncn2[C@@H]1O[C@H](CO)[C@@H](O)[C@H]1O,PPARG,0.4434,活性,低毒性,,
T17101,O=C(O)Cc1ccc2c(c1)SCc1ccccc1C2=O,AOC3,0.4431,活性,低毒性,231,P15121
T3374,Cc1cccc2c3c(ccc12)C1=C(C(=O)C3=O)C(C)CO1,GPAM,0.4431,活性,低毒性,2648;7398;3248;51426;2597;3620;7421;4137,NP_000851;AAH18745;NP_057302;NP_002037;2O23_A;NP_001017535;P14902;AAI14949;2O23_B;AAP35567;AAI07878;NP_066564
T4268,C=CC(=O)Nc1cc(Nc2ncc(C(=O)Nc3cc(NC(=O)c4cc(OC)c(OC)c(OC)c4)ccc3C)c(NC)n2)ccc1C,NR1H4,0.4431,高活性,低毒性,780;660;3815;1432;695;5159;25,P51813;Q06187;P10721;P09619;P00519;Q16539;Q08345;P16234
T2643,CC(C)c1cc2c(N3CCN(C4=NCC(C)(C)S4)CC3)ncnc2s1,PPARG,0.4431,活性,毒性,4837;2593;27232;6850;5409;1565;4221;3176,ANW61984;P43405;O00255;Q14749;P40261;P21964;P11086;Q14353;P50135
T34249,Cc1cc2nc3c4cc(Cl)ccc4n(CC(=O)NCCN(C)C)c3nc2cc1C,ACACA,0.4429,活性,低毒性,,
T37746,O=C(Cc1ccccc1)N[C@H]1CCOC1=O,AOC3,0.4429,活性,低毒性,54166246,P35327
T5707,COc1c(-c2ccccc2)oc2cc(O)cc(O)c2c1=O,PPARA,0.4426,活性,低毒性,5243,P08183
T7411,C=C(C)CSc1nnc2c(n1)[nH]c1ccccc12,PPARG,0.4426,活性,低毒性,,
T35085,CC1(C)[C@H]2CC=C(C[N+](C)(C)Cc3ccc(-c4ccccc4Br)cc3)[C@@H]1C2.[I-],ACACA,0.4424,活性,低毒性,2833,P49682
TQ0319,C[C@H]1CNCCCN1S(=O)(=O)c1cccc2cncc(F)c12.Cl.O.O,NR1H3,0.4424,活性,低毒性,6093;9475,Q13464;O75116
T30520,CC1=C(C(=O)N2CCC[C@H]2c2ccc(F)cc2)[C@@H](c2ccc(Cl)c(Cl)c2)n2nccc2N1,NR1H4,0.4424,活性,低毒性,3741,P22460
T20691,CC(Cc1ccc(C(C)(C)C)cc1)CN1CCCCC1,THRSP,0.4424,活性,低毒性,,B6TK44;B4FS76;Q2TU57
T9359,CC(=O)NCCNc1ncnc(OCc2cccc(-c3ccccc3)c2C)n1,ACACA,0.4421,活性,低毒性,29126;5133,Q15116;Q9NZQ7
T7824,Clc1cc(Cl)c2c(c1)CCc1ccccc1C2n1ccnc1.O=[N+]([O-])O,RXRA,0.4421,活性,低毒性,,
T6S1367,Oc1cc(O)c2c(c1)O[C@H](c1ccc(O)c(O)c1)[C@H](O)[C@H]2c1c(O)cc(O)c2c1O[C@H](c1ccc(O)c(O)c1)[C@H](O)C2,THRSP,0.4421,活性,低毒性,280844;6622,P37840;P80025
T25526,O=C(O)CCC(=O)Nc1ccc(-c2nc3ccccc3[nH]2)cc1,PPARG,0.4419,活性,低毒性,,P20831;P0A0K8
T8592,OCc1sc(N2CCOCC2)nc1-c1ccccc1,PPARG,0.4419,活性,低毒性,367,P10275
T85341,CCOc1cc(C(=O)N(C)Cc2cccc3cn[nH]c23)ccc1-c1cccc(F)c1,GPAM,0.4417,活性,低毒性,,P08684;P11712;P33261;P05177;Q96P20
T6921,C=CC(=O)N1CCC[C@H](n2c(=O)n(-c3ccc(Oc4ccccc4)cc3)c3c(N)ncnc32)C1,PPARD,0.4417,活性,毒性,7468;28989;6850,P41240;P07947;Q9BV86;Q06187;P00533;P07948;P12931;P06241;P08631;P42680;O96028;O43353;Q13882;P06239;P43405
T28497,Cc1cc(C)c(C)c(S(=O)(=O)Nc2ccc(N3CC[C@H](C(=O)O)C3)c3ccccc23)c1C,PPARD,0.4417,活性,低毒性,50868,Q9Z2X8;Q16236;Q14145
T14176,CO[C@@H](Cc1ccc(OCCc2nc(-c3ccccc3)oc2C)c2ccsc12)C(=O)O,PPARG,0.4417,活性,低毒性,25747;5465;1559;5467;5468;19013;1551,P37231;Q03181;P23204;ABI96208;QLI62812;P37230;NP_000756;Q8JUX6;Q07869
T23301,COC(=O)C1=C(C)NC(C)=C(C(=O)OCCCN2CCC(c3ccccc3)(c3ccccc3)CC2)[C@H]1c1cccc([N+](=O)[O-])c1.Cl,ACACA,0.4414,高活性,低毒性,29716;682930;24239;148,P27732;P35348;Q02485;P22002
T3528,NC(=O)C(c1ccccc1)(c1ccc(F)cc1)c1ccc(F)cc1,GPAM,0.4414,活性,低毒性,3783,NP_002241;O15554
T7103,Fc1ccc2c(CCNCc3cccc(OCC(F)(F)C(F)F)c3)c[nH]c2c1,PPARA,0.4414,高活性,毒性,3358;4837;2593;27232;6850;1551;1559;64354;5409;3363;3362;1565;3176,ANW61984;P08908;QLI62812;P31388;NP_000756;P21964;NP_000862;ABI96208;Q14749;P28223;Q14353;P50406;P34969;P11086;P50135;P14416;P28335;P40261;P43405;NP_001243690
T39085,CC(C)n1c(C2CCNCC2)nc2c([N+](=O)[O-])c(Br)c(Br)cc21,PPARD,0.4412,活性,低毒性,,Q9P1W9;Q86V86;P11309
TN4813,COc1cc([C@@H]2c3cc4c(cc3[C@H](O[C@@H]3O[C@H](CO)[C@@H](O)[C@H](O)[C@H]3O)[C@H]3COC(=O)[C@H]23)OCO4)cc(OC)c1OC,PPARG,0.4412,活性,毒性,,
T0190,CCC1=C[C@@H]2C[N@](C1)Cc1c([nH]c3ccccc13)[C@@](C(=O)OC)(c1cc3c(cc1OC)N(C)[C@H]1[C@@](O)(C(=O)OC)[C@H](OC(C)=O)[C@]4(CC)C=CCN5CC[C@]31[C@@H]54)C2,PPARG,0.4412,高活性,毒性,6850;347733;203068;43740568;84790;7846;3458;112714;58819;347688;7278;7277;3757;84617;7280;81027;10381;10413;1489834;5243;10383;7468;10382;10376;4988,P68363;Q6PEY2;P04350;P35372;Q9BQE3;Q13509;P21452;P68371;Q9H4B7;P08684;AMB37292;AAC35244;P0DPH7;Q3ZCM7;O96028;NP_000610;NP_001123617;Q71U36;Q12809;Q9BVA1;Q9BUF5;Q13885;AAI07878;P07437;P68366;P43405
T5102,O=C(Nc1nncs1)c1cccnc1,AOC3,0.4409,活性,低毒性,,P55087
T72108,CCc1c(N2CCN(C(=O)c3ncnc(C)c3O)CC2)c(=O)n2nc(C3=CCOCC3)nc2n1CC(=O)Nc1ccc(C(F)(F)F)cc1C,PPARG,0.4409,活性,低毒性,,Q14191
T4223,O=C(c1ccc(NS(=O)(=O)c2cccc3cccnc23)cc1)N1CCN(CC2CC2)CC1,PPARG,0.4409,活性,低毒性,5313;5315,P30613;P14618
T12921,O=C(O)CCNC(=S)NCCCC[C@H](NS(=O)(=O)c1cccc(F)c1)C(=O)N[C@@H](Cc1c[nH]c2ccccc12)C(=O)NC1CCC1,RXRA,0.4409,高活性,毒性,23408;22933,Q9NXA8;Q8IXJ6
T22062,O=C(Nc1ccc(Cl)cc1)C1CCCN(C(=O)c2cc(C(F)(F)F)cc(C(F)(F)F)c2)C1,RXRA,0.4409,活性,低毒性,387;389,P61586;P08134
T88836,COc1c(F)c(F)cc(-c2c(C(=O)O)sc3cc(F)ccc23)c1F,NR1H4,0.4407,活性,低毒性,10599;10295,O14874;Q9UNQ0;P11712;Q9Y6L6;Q00972;Q8TCC7;P20813;Q4U2R8;P05177;O55028
T2299,CNCc1ccc(C)c(NC(=O)c2ccc(Nc3nc(-c4ccccc4)c4ccccc4n3)cc2)c1,NR1H4,0.4407,活性,毒性,28989;6850;3456;43740568;1565;7468,P01574;ANW61984;Q9BV86;ABI96208;O96028;P43405
T28231,Cc1cc2c(s1)Nc1ccccc1N=C2N1CC[N+](C)([O-])CC1,PPARA,0.4404,活性,低毒性,3358;1128;147;148;1129;1133;1812;146;1131;3269;3357,P20309;P08912;P14416;P25100;P35368;P21728;P41595;P35348;P11229;P08172;P28335;P28223;P08173;P35367
T9944,COc1cc(NC(=O)Cc2cccc(-n3c(=O)c4c(C)onc4c4c(Cl)cccc43)c2)cc(OC)c1OC,RXRG,0.4404,高活性,低毒性,4363;5243,P08183;P33527
T12432,O=C(N[C@H]1CCCC[C@H]1C(=O)O)c1cnn2c(O)cc(-c3ccccc3)nc12,THRSP,0.4404,活性,低毒性,115004,Q8N884
T10352,Cc1[nH]c2ccc(F)cc2c1-c1nc2c3cccnc3c3ncccc3c2[nH]1,PPARG,0.4402,高活性,毒性,43740568;7468;1489834;6850,O96028;AMB37292;P43405
T4015,COc1cc(N2CCC(N3CCN(C)CC3)CC2)ccc1Nc1ncc(Cl)c(-c2c[nH]c3ccccc23)n1,PPARA,0.4399,高活性,毒性,4837;2593;28989;27232;6850;1559;7157;5409;1551;7151;7468;3176,P43405;Q9BV86;P00533;NP_001119587;QLI62812;O96028;Q14749;NP_000756;P40261;P21964;P11086;Q14353;P50135
T77723,CC(C)N1CCN(S(=O)(=O)c2ccc(NC(=O)c3ccc(S(F)(F)(F)(F)F)cc3)cc2)CC1,PPARG,0.4399,高活性,低毒性,66026;59341,Q9ERZ8;Q9HBA0
T8497,O=C(Nc1ccc(F)cc1)c1cnc(SCc2cc(OC(F)(F)F)ccc2B(O)O)nc1,PPARG,0.4399,活性,低毒性,3579,P25025
T67928,COc1ccc(CNC(=O)c2ccc3ccccc3c2)cc1OC,PPARG,0.4399,活性,低毒性,,
T38287,O=C(NC1CCN(C(=O)CCc2cccnc2)CC1)C(c1ccccc1)C1CCCCC1,THRSP,0.4399,活性,低毒性,719,Q16581
T2266,CCOC(=O)NCCCC(=O)NCCc1ccccc1,AOC3,0.4397,活性,毒性,9759;10014;10013;9612;51564;9734;3065;8841;79885;3066;83933;55869,Q96DB2;Q9UQL6;Q8WUI4;Q9UKV0;Q9UBN7;Q13547;Q9BY41;Q9Y618;NP_001518;NP_006028;Q969S8;P56524;NP_006035;Q92769;O15379
T2636,CC[C@@](C)(Nc1ccnc(-c2c[nH]c3ncccc23)n1)C(=O)NCC(F)(F)F,NR1H4,0.4397,活性,毒性,3717;6850;5566;3718;1559;3106;7297;3456;25;16453;3716;1551;1565,Q02880;P01574;ANW61984;Q13464;Q9Y5S2;NP_004963;P00519;Q96S44;QLI62812;Q6ZSR9;Q00537;P17612;NP_000756;P05771;O94804;Q9H2G2;O60674;P08581;Q62137;O00444;ABI96208;Q7L7X3;P01889;P23458;NP_000206;Q9NSY1;Q13557;P19784;Q9P289;Q5VT25;P42684;P17252;Q16512;P50750;Q05655;NP_002218;P11388;Q13470;Q7KZI7;Q9H2K8;P52333;P27448;Q2M2I8;O75116;Q9Y2U5;P29597;P43405
T6007,CC[C@H](NC(=O)[C@H](C)NC)C(=O)N1C[C@@H](O)C[C@H]1Cc1c(-c2[nH]c3cc(F)ccc3c2C[C@@H]2C[C@H](O)CN2C(=O)[C@H](CC)NC(=O)[C@H](C)NC)[nH]c2cc(F)ccc12,THRSP,0.4397,活性,毒性,6850;331;329;330;79444;7468,P98170;NP_001157;Q13489;A0A024AXB9;Q13490;NP_001158;Q96CA5;O96028;P43405
T3889,C[C@@H]1O[C@@H](O[C@H]2[C@H](OC(=O)[C@]34CCC(C)(C)C[C@H]3C3=CC[C@@H]5[C@@]6(C)C[C@H](O)[C@H](O[C@@H]7O[C@H](CO)[C@@H](O)[C@H](O)[C@H]7O)C(CO)(CO)[C@@H]6CC[C@@]5(C)[C@]3(C)C[C@H]4O)OC[C@H](O)[C@@H]2O)[C@H](O)[C@H](O)[C@H]1O[C@@H]1OC[C@@H](O)[C@H](O[C@@H]2OC[C@](O)(CO)[C@H]2O)[C@H]1O,AOC3,0.4395,活性,毒性,,
TQ0042,C[C@H]1C[C@@H](n2c(Nc3ccc(OC(F)(F)F)cc3)nc3cc(CCC(=O)O)ccc32)CC(C)(C)C1,PPARG,0.4395,活性,毒性,6850;3417;2879,O75874;P36969;P43405
T5290,O=C(O)[C@@H](O)Cc1ccccc1,THRSP,0.4392,活性,低毒性,,2CTC_A
T13597,Oc1cc(O)c2c(c1)O[C@@H](c1ccc(O)c(O)c1)[C@H](O)C2,NR1H3,0.439,活性,低毒性,443551;4988;4985;4986,P35372;P41143;P41145;P05979
T3183,NCCc1cn(S(=O)(=O)c2c(Cl)nc3sccn23)c2ccccc12,SCD,0.439,活性,低毒性,3362;3357;3358;3363,NP_000862;P41595;P50406;P34969;P28335
T77697,CCOC(=O)C1=CN(Cc2ccccc2)C=C(C(=O)OCC)C1c1ccccc1,GPAM,0.4387,活性,低毒性,23411,Q96EB6
T2080,CN[C@@H](C)C(=O)N[C@H](C(=O)N1CCC[C@H]1c1nc(C(=O)c2ccc(F)cc2)cs1)C1CCCCC1,THRSP,0.4385,活性,毒性,6850;331;329;330;79444;1551,P98170;NP_001157;Q13489;Q13490;NP_001158;ABI96208;Q96CA5;NP_000756;P43405
T39710,O=C1CC[C@H](N2Cc3cc(N4CCN(CC5CCN(c6ccc([C@@H]7c8ccc(O)cc8CC[C@@H]7c7ccccc7)cc6)CC5)CC4)ccc3C2=O)C(=O)N1,AOC3,0.4382,活性,毒性,,Q96SW2;P03372;P10275
T28145,Cl.Nc1ccc(Oc2ccc(S(=O)(=O)CC3CS3)cc2)cc1,PPARG,0.4382,高活性,低毒性,4313;4318,P08253;P14780
T39825,O=C(O)C(O)Cc1ccc(O)c(O)c1,THRSP,0.4382,活性,低毒性,,
T6745,Nc1ncnc2c1c(I)cn2[C@@H]1O[C@H](CO)[C@@H](O)[C@H]1O,PPARD,0.438,活性,毒性,888551;45426178;25368;132;5594;84444;1452,P55263;Q8TF76;2ZOQ_A;A5U4N0;Q64640;Q8TEK3;P9WID5;P48729;Q13627;P28482
T15496,COc1ccc(-c2nc3ccc(-c4nc5ccc(N6CCN(C)CC6)cc5[nH]4)cc3[nH]2)cc1,PPARG,0.438,活性,毒性,,
T7388,CCS(=O)(=O)c1ccc(CC(=O)Nc2cc(Cl)c(-c3ccccc3OC(F)(F)F)c(Cl)c2)cc1,PPARG,0.438,活性,低毒性,1559;1557;6097,P11712;P51449;P33261
T60110,COc1cc2ncnc(N3CCN(C(=O)Nc4ccc([N+](=O)[O-])cc4)CC3)c2cc1OC,RXRB,0.438,活性,低毒性,2322;5159;3815,P09619;P36888;P10721;P16234
T85322,O=C(Nc1cccc2cccnc12)c1ccccn1,THRSP,0.438,活性,毒性,,
T10629,C=CC(=O)N1CCC[C@@H](n2nc(-c3ccc(Oc4ccccc4)cc3)c(C(N)=O)c2N)C1,GPAM,0.4377,活性,低毒性,695,NP_000052;Q06187
T7187,CNCCn1c(=O)c2cc(OC)c(OC)cc2c2cnc3cc4c(cc3c21)OCO4,NR1H4,0.4377,高活性,毒性,6850;142;7150;7468;3458,P11387;P09874;O96028;NP_000610;P43405
T24870,O=C(Nc1ccc(N2CCC(C(=O)N3CCOCC3)CC2)cc1)c1cnc(Oc2ccccc2)nc1,THRB,0.4377,活性,低毒性,27306,O60760
T15446,COc1ccc2[nH]c(=O)c(C(c3nnnn3CCc3ccccc3)N3CCN(C4CCCCC4)CC3)cc2c1,GPAM,0.4375,活性,低毒性,6506,P43004;Q12809
T16764,COc1ccccc1NC(=O)c1ccccc1Sc1ccc([N+](=O)[O-])cc1,AOC3,0.4373,活性,低毒性,,P12504
T28529,c1cc(OCCCc2nnn[nH]2)cc(OCc2ccc3ccccc3n2)c1,PPARG,0.4373,高活性,低毒性,57105;10800;100135514,Q2NNR5;Q9NS75;Q9Y271
T9041,CC(C)(C)c1ccc(C(=O)Nc2ccc(C(=O)NO)cc2)cc1,AOC3,0.437,活性,毒性,10013;3065;8841;83933;55869,Q9BY41;Q13547;F8W4B7;Q969S8;Q9UBN7;O15379
T77593,O=C(c1ccc(OCCCN2CCN(c3ccncc3)CC2)cc1)C1CC1,PPARG,0.437,高活性,低毒性,303330;11255;100135589,Q60492;Q5U3Y7;Q9Y5N1
T12877L,Cc1cc(C)nc(N2CC3CN(C(=O)c4c(F)cccc4-n4nccn4)CC3C2)n1,GPAM,0.4368,活性,低毒性,25593;3062;25605;3061;1557,P56719;NP_001517;P33261;O43613;O43614;NP_001516;NP_037206;NP_037196
T2S1749,C[C@H](CC[C@@]1(O)O[C@H]2C[C@H]3[C@@H]4CC=C5C[C@@H](O[C@@H]6O[C@H](CO)[C@@H](O)[C@H](O[C@@H]7O[C@H](CO)[C@@H](O)[C@H](O)[C@H]7O)[C@H]6O[C@@H]6O[C@@H](C)[C@H](O)[C@@H](O)[C@H]6O)CC[C@]5(C)[C@H]4CC[C@]3(C)[C@H]2[C@@H]1C)CO[C@@H]1O[C@H](CO)[C@@H](O)[C@H](O)[C@H]1O,RXRG,0.4368,活性,毒性,,
T36857L,C[C@]12CC[C@@H]3c4ccc(OS(=O)(=O)O)cc4CC[C@H]3[C@@H]1CCC2=O,AOC3,0.4365,活性,低毒性,9376;412;28248;55867;83500;9429;50572;6579;10599;4363;11309,Q9UNQ0;NP_006437;Q95KY9;P46720;Q9Y6L6;P33527;O94956;Q9QXZ6;Q8TCC7;P46721;Q9NSA0;P08842;Q9R1U7
T2430,O=C(NO)c1ccc(CC(=O)N(CCO)c2ccccc2)cc1,AOC3,0.4365,高活性,毒性,9759;6850;10013;9612;3065;8841;3066;7468;83933;55869,P43405;Q9BY41;Q13547;O96028;Q9Y618;P56524;Q969S8;Q92769;Q9UBN7;O15379
T8995,COc1ccc(-c2cn(C3CCCC3)c3ncnc(N)c23)cc1,PPARG,0.4365,高活性,低毒性,396442;25;6714;27,P00533;P12931;P00523;P00519;P42684
T88533,O=C(N[C@H](Cc1ccccc1)C(=O)O)c1cccc(OCc2cccnc2)c1,PPARG,0.4365,活性,低毒性,,Q99788;P46091;Q9UNW8
T9033,NC(=O)c1ccccc1N=Cc1ccc(Br)s1,GPAM,0.4363,活性,毒性,,
T5S0527,CC1(C)[C@H]2O[C@H]2[C@H]2[C@](C)(O)[C@@H]3CC[C@@H]4[C@@H](O)[C@@]3(C[C@@H](O)[C@@]21O)C[C@@]4(C)O,NR1H3,0.4363,活性,低毒性,,
T15632,O=C(OC(C(F)(F)F)C(F)(F)F)N1CCN(Cc2cccc(Oc3ccccc3)c2)CC1,GPAM,0.436,活性,低毒性,1559;29254;1565;23945,O35678;ANW61984;Q8R431;QLI62812;Q99685
T8691,C[C@@](Cc1c[nH]c2ccccc12)(NC(=O)Nc1ccc([N+](=O)[O-])cc1)C(=O)NCC1(c2ccccn2)CCCCC1,GPAM,0.436,活性,低毒性,25264;2925;8477;4829;185;2357,NP_005305;P30556;P28336;P30550;Q8IYL9;NP_036931;NP_002502;P21462
T35863,Cc1ncc(-c2cc(F)c(O)c(F)c2)cc1-c1cc(F)c(O)c(F)c1,NR1H3,0.436,活性,低毒性,7443,Q99986
T15373,CCc1n(CC(=O)O[C@@H]2C[C@H](C)CC[C@H]2C(C)C)c2ccccc2[n+]1C.[Cl-],PPARG,0.436,活性,毒性,,
TN2444,COc1cc(O)cc(CCc2ccccc2O)c1,SCD,0.436,活性,低毒性,100157809;4048,P09960;P00591
T8297,COc1cc2c(c(OC)c1OC)-c1c(cc3c(c1OC)OCO3)C[C@H](C)[C@H](C)C2,NR1H3,0.4358,活性,低毒性,2932,P49841
T3992,c1cnc(NCc2ccc(CNc3ncccn3)cc2)nc1,PPARG,0.4358,活性,低毒性,60628,O08565
T23128,Cc1cc(Nc2ncc3cc(-c4c(Cl)cccc4Cl)c(=O)n(C)c3n2)ccc1F,THRSP,0.4358,高活性,毒性,6850;3932;3815;7468;1559;5159;6714;25;6776;2260,P00533;P10721;2HZI_A;P42229;P09619;P12931;QLI62812;O96028;P00519;Q99640;Q04771;P11362;P43405;P06239;P16234
T26892,CN(C)c1ccc(Nc2c3ccc(NC(=O)CCN4CCCC4)cc3nc3cc(NC(=O)CCN4CCCC4)ccc23)cc1,GPAM,0.4355,活性,毒性,4837;7015;28989;2593;27232;6850;5409;3176,P43405;Q9BV86;O14746;Q14749;P40261;P21964;P11086;Q14353;P50135
T23027,COc1cc(C(=O)NC(=S)Nc2cccc(NC(=O)c3ccccc3)c2)cc(OC)c1OC,PPARG,0.4355,活性,低毒性,6608;1559;20423,ABI96208;Q99835;QLI62812;Q62226
T61668,O=C(Nc1cccc(C(=O)N2CCC3(CCNCC3)CC2)c1)c1cccs1,PPARG,0.4355,高活性,低毒性,289606;79211;29705;29709;2558;2555;25451;29707;2563;140674;2554;24947;2560;24922;2561;29708;65191;140675;2566;25450;2556;2557;81658;29689,P28473;P15431;P18507;P63079;P34903;Q91ZM7;P19969;P18505;O09028;P31644;P30191;P18508;P48169;P28471;P23576;O14764;P47869;P18506;P23574;P14867;P62813;P63138;Q9ES14;P20236;P47870
T78607,Cc1cnc(Nc2cc(C)c(C)c(C)c2)nc1Nc1ccc2oc(=O)[nH]c2c1,RXRA,0.4355,活性,低毒性,,
T3895,C[C@@H]1CC[C@@]2(OC1)O[C@H]1C[C@H]3[C@@H]4CC=C5C[C@@H](O[C@@H]6O[C@H](CO)[C@@H](O[C@@H]7O[C@@H](CO)[C@H](O)[C@H]7O)[C@H](O)[C@H]6O[C@@H]6O[C@@H](C)[C@H](O)[C@@H](O)[C@H]6O)CC[C@]5(C)[C@H]4CC[C@]3(C)[C@H]1[C@@H]2C,RXRG,0.4355,活性,毒性,,
TCA2511,CC(=O)[C@H]1CC[C@H]2[C@@H]3CCC4=CC(=O)CC[C@]4(C)[C@H]3[C@@H](O)C[C@]12C,AOC3,0.4353,高活性,低毒性,3291;4306;3290,P80365;P28845;P08235
T22358,CCCc1c(OCCCOc2cc(O)c(-c3ccc(F)cc3)cc2CC)cccc1Oc1ccccc1C(=O)O,MLXIPL,0.4353,高活性,低毒性,1241;56413,Q9NPC1;Q15722;NP_001137391
T3110,O=C1C(=Cc2cccnc2)C(=O)c2ccccc21,PPARA,0.4353,活性,低毒性,5732,Q8JUX6;NP_000947
T12860,CS(=O)(=O)c1ccc(C2=C(c3ccc(F)cc3)CCC2)cc1,SCD,0.4353,活性,低毒性,5743,P35354
T67562,CC[C@H](C)[C@H](NC(=O)OCC1c2ccccc2-c2ccccc21)C(=O)O,ACACA,0.4351,活性,低毒性,1576,NP_059488;AAP35567
T74982,COc1cc(N2CCN(CCCCCCCCCCCCNC(=O)CC34CC5CC(CC(C5)C3)C4)CC2)ccc1Nc1ncc2c(C)cc(=O)n(-c3cccc(NC(=O)C4CC4)c3)c2n1,AOC3,0.4351,活性,毒性,10000,P00533;Q9Y243
T6358,O=C1Cc2c([nH]c3ccc(Br)cc23)-c2ncccc2N1,AOC3,0.4351,活性,低毒性,4837;3932;2932;25;5409;8900;3176;9970;100049478;27232;2324;2931;2593;1020;891;1859;2534;84027;5292;8851;7468;983;1017;1457,P15206;P18266;P21964;Q9DGD3;Q14749;Q15078;Q14353;P78396;Q8WWL7;P49840;O96028;NP_004926;P06493;P11086;Q00535;P50135;O95067;P24941;P14635;P49841;P40261;NP_001139628;ADZ17385;P20248
T13320L,O=[N+]([O-])c1ccc2nc(COCc3nc4ccc([N+](=O)[O-])cc4[nH]3)[nH]c2c1,PPARG,0.4351,高活性,低毒性,150;1815;3274;140;4543;4887;24173;25265;29336;29412;10800;16177;10280;1136;29709;81574;14811;84109;154;4986;135;24208;1128;306255;1134;2099;3757;4985;25399;101823647;1131;257648;3350;24410;1814;3759;3758;1909;29559;623;6530;2550;1812;146;153;3269;83612;24521;3761;624;134;3769;1813;6532;4886;2908;3766;1129;24408;81812;6531;4988;6869;1910,NP_000665;NP_000701;NP_001034;NP_112258;NP_899156;NP_000669;XP_001057307;NP_000785;NP_057658;NP_671482;AAD14378;NP_000675;NP_000731;NP_113970;NP_000015;NP_000902;NP_006630;NP_000734;NP_000788;NP_937822;NP_058687;NP_000515;NP_000070;NP_032196;NP_036634;NP_000900;NP_000787;NP_001018087;NP_001461;NP_058887;NP_032388;NP_037051;NP_112396;NP_000672;NP_001036;NP_110502;NP_058706;NP_036932;NP_036706;NP_000614;NP_071640;NP_000729;P35560;NP_000666;NP_001049;NP_005857;NP_000229;NP_000903;NP_001035;NP_001091683;NP_001948;P49658;NP_000901;NP_000106;NP_000116;NP_000730;NP_000905;P48048;NP_005949;NP_058937
T2656,CNC(=O)c1c(C)oc2cc(Oc3ncnc4cc(OC)c(OC)cc34)ccc12,PPARG,0.4351,活性,毒性,3791;2324;2321,P35968;P35916;NP_891555;P17948;NP_001153503;NP_002244
T4012,O=C(c1cccc(Br)c1)N1CCC(N2CCCC2)CC1,THRSP,0.4351,活性,低毒性,84456;26013,Q96JM7;Q9Y468
T39448,CCOCc1[nH]c(=O)c(-c2nnc(Cc3ccc(Cl)cn3)o2)c(O)c1-c1c(OC)cccc1OC,THRSP,0.4351,高活性,低毒性,187;83518;23796,Q9JHG3;Q9WV08;P35414
T26698,O=c1cc(-c2ccc3nc(NC[C@H]4CC[C@H](C(=O)O)CC4)sc3c2)ccn1CC1CC1,RXRG,0.4346,高活性,低毒性,5298;5294,P42356;P48736;Q9UBF8
T15574,NC(=O)C1=C(O)C[C@@H]2C[C@@H]3Cc4cccc(O)c4C(=O)C3=C(O)[C@]2(O)C1=O,THRSP,0.4346,高活性,毒性,7468;6850,O96028;P43405
T9110,O=C(Nc1cnn(Cc2ccc(C(F)(F)F)cc2C(F)(F)F)c1)c1cc(-c2ccco2)on1,PPARG,0.4343,活性,低毒性,1558;1555,P10632;P20813
T27001,O=c1c2c[nH]c3ccccc3c-2nn1-c1ccccc1,PPARG,0.4341,高活性,低毒性,2556;2557;2554;2558;2559;2555,NP_001191196;NP_001158509;NP_001121120;NP_000802;NP_001107647;NP_000799
TQ0005,O=C1Nc2cc3[nH]nc(-c4ccncc4)c3cc2CN1Cc1ccccc1,PPARG,0.4341,高活性,低毒性,5594;5595,P28482;P27361
T1797,COc1cc2nccc(Oc3ccc(NC(=O)C4(C(=O)Nc5ccc(F)cc5)CC4)cc3)c2cc1OC.O=C(O)C[C@H](O)C(=O)O,RXRG,0.4341,高活性,毒性,4233;3791,P08581;P35968
T67765,CCCN(C)c1ccc(CN2CCC(COc3ccc(Cl)cc3)CC2)cc1,PPARD,0.4338,活性,低毒性,,
T22258,C=CC(=O)N1CCN(c2nc(=O)n(-c3c(C)ccnc3C(C)C)c3nc(-c4c(O)cccc4F)c(F)cc23)[C@@H](C)C1,AOC3,0.4336,活性,毒性,,P01116;Q07889
T16528,Nc1ccc(-c2cccc3c(=O)cc(N4CCOCC4)oc23)cc1,PPARD,0.4336,活性,毒性,1551;7468;1559;6850,ABI96208;QLI62812;O96028;NP_000756;P43405
T13362,CCS(=O)(=O)c1ccc(CC(=O)Nc2ccc(-c3ccc(C(O)(C(F)(F)F)C(F)(F)F)cc3F)cc2)cc1,PPARG,0.4336,活性,低毒性,6097,P51449
T2715,C[C@@H]1O[C@H]2O[C@H]3[C@@H](OC[C@H](O)[C@@H]3O)OC(=O)[C@]34CCC(C)(C)C[C@H]3C3=CC[C@@H]5[C@@]6(C)C[C@H](O)[C@H](O[C@@H]7O[C@H](CO)[C@@H](O)[C@H](O)[C@H]7O[C@@H]7OC[C@H](OC(=O)C[C@](C)(O)CC(=O)O[C@@H]1[C@@H](O[C@@H]1OC[C@@H](O)[C@H](O)[C@H]1O)[C@H]2O)[C@H](O)[C@H]7O)[C@@](C)(CO)[C@@H]6CC[C@@]5(C)[C@]3(C)CC4,THRSP,0.4336,活性,低毒性,,
T7777,CNC(=O)c1cc(C(=O)NC)cc(-c2ccc(O[C@H]3O[C@H](CO)[C@@H](O)[C@H](O)[C@@H]3O)c(C)c2)c1,PPARG,0.4333,活性,低毒性,948847,P08191
T20950,O=C(O)Cn1nnc(-c2nnc(N3CCC(Oc4cc(F)ccc4Br)CC3)s2)n1,PPARG,0.4333,活性,低毒性,246074,O00767;P07308
T5575,CC(C)(O)[C@@H]1CC[C@](C)([C@H]2[C@@H](O)C[C@@]3(C)[C@@H]4C[C@H](O)[C@H]5C(C)(C)[C@@H](O)CC[C@@]56C[C@@]46CC[C@]23C)O1,THRB,0.4333,活性,毒性,,
T4385,CC(C)CNc1nc(N2CCN(CC3CCCOC3)CC2)ncc1C(=O)NCc1ccccc1,AOC3,0.4331,活性,低毒性,3757;312896;8989,O75762;NP_015628;Q12809;Q6RI86
T3456,C=CC(=O)N[C@H]1CCOC[C@H]1Nc1ncc2cc(-c3c(Cl)c(OC)cc(OC)c3Cl)ccc2n1,GPAM,0.4331,活性,毒性,2264;2263;6850;2261;1558;2260,P10632;P21802;P11362;P22607;P22455;P43405
T8706,O=C(CSc1nc2ccc(N3CCOCC3)cc2c(=O)n1CCc1ccccc1)NCc1ccco1,ACACA,0.4329,活性,低毒性,10617,O95630
T206043,O=C1CCC(N2C(=O)c3cccc([N+](=O)[O-])c3C2=O)C(=O)N1,AOC3,0.4329,活性,低毒性,,Q96SW2;Q16531
T3472,COc1ccc(S(=O)(=O)N(Cc2cccnc2)[C@@H](C(=O)NO)C(C)C)cc1.Cl,PPARG,0.4329,高活性,毒性,102;45025515;64386;768;4325;760;4318;17381;6868;17395;171052;649;17390,P41245;P34960;P13497;P51512;P23097;P78536;P09237;P03956;P15917;P45452;P08254;P22894;P33434;P08253;P00918;P50281;P14780;Q9NPA2;O14672;Q16790
T29187,O=C(NC1CC1)c1cc2c(s1)-c1ccccc1N(C(=O)c1ccc(NC(=O)c3ccccc3-c3ccccc3)cc1)CC2,RXRG,0.4329,活性,低毒性,,
T4052,O=C(OC(C(F)(F)F)C(F)(F)F)N1CCC(C(O)(c2ccc3c(c2)OCO3)c2ccc3c(c2)OCO3)CC1,THRB,0.4329,活性,毒性,11343;29254;23945,O35678;Q99685;Q8R431;NP_001243514
T61383,CCOC(=O)NC1=C(N2CC2)C(=O)C(NC(=O)OCC)=C(N2CC2)C1=O,ACACA,0.4326,活性,毒性,,
T4654,CNC(=NS(=O)(=O)c1ccc(Cl)cc1)N1CC(c2ccccc2)C(c2ccc(Cl)cc2)=N1,PPARG,0.4326,高活性,低毒性,12801;1269;1268,P21554;P47746;P34972
T6014,CCn1c(=O)c(-c2ccc(-c3cncs3)cc2Cl)cc2cnc(Nc3ccc(N4CCN(C)CC4)cc3)nc21,AOC3,0.4324,活性,毒性,10298;6850;5062;1559;5058;1551;5063;7468,Q16512;Q13153;Q13177;NP_001122092;ABI96208;QLI62812;O96028;NP_002568;NP_000756;O75914;P43405;NP_001121638;NP_001014831
T21559,CC(=O)c1cnc2ccc(-c3cc(Cl)c(O)c(Cl)c3)nc2c1N[C@H]1CC[C@H](CN(C)C)CC1.Cl,PPARD,0.4324,活性,毒性,,
TQ0010,Cn1cc(Nc2nccc(N3CC4CCC(C3)N4C(=O)[C@@H]3CC3(F)F)n2)cn1,PPARG,0.4324,高活性,低毒性,7297;3718,O60674;P23458;P42224;P52333;P29597
T15767,Nc1ncnc2c1ccn2[C@@H]1O[C@H]([C@H](O)c2ccccc2)[C@@H](O)[C@H]1O,RXRA,0.4324,高活性,低毒性,79084;10419,O14744;Q9BQA1;NP_001034708
T67846,COc1ccccc1NC(=O)c1ccccc1OCc1c(C)noc1C,SCD,0.4321,活性,低毒性,8644,P42330
T20615,O=C(O)c1cc(N=Nc2ccc(O)c(C(=O)O)c2)ccc1O,FASN,0.4319,活性,毒性,645,P30043
T16842,CC(=O)NC1(c2ccccc2)CCN(CC[C@H](CN(C)C(=O)c2ccccc2)c2ccc(Cl)c(Cl)c2)CC1,THRSP,0.4319,高活性,低毒性,24807;6865;282088;101839819;25007;100135627;6870;6869,P14600;P21452;P16610;P51144;NP_001048;P05363;NP_001050;NP_056542;NP_542946;P25103;P30098
T7349,C[C@H](NCc1ccc(OCc2ccccc2F)cc1)C(N)=O,THRSP,0.4319,活性,低毒性,9970;25750,P19643;ADZ17385
T5750,COc1ccc2cc3n(c(=O)c2c1OC)CCc1cc2c(cc1-3)OCO2,PPARG,0.4316,活性,低毒性,5243,NP_000918
T2405,Cc1nc(Nc2ccc(F)cc2)nc(N2CCc3ccccc3C2C)c1C.Cl,THRB,0.4316,活性,低毒性,,
T7813,CSCC[C@H](NC(=O)[C@H](CO)NC(=O)[C@H](Cc1ccc(O)cc1)NC(=O)[C@H](CO)NC(C)=O)C(=O)N[C@@H](CCC(=O)O)C(=O)N[C@@H](Cc1c[nH]cn1)C(=O)N[C@@H](Cc1ccccc1)C(=O)N[C@@H](CCCNC(=N)N)C(=O)N[C@@H](Cc1c[nH]c2ccccc12)C(=O)NCC(=O)N[C@@H](CCCCN)C(=O)N1CCC[C@H]1C(=O)N[C@H](C(N)=O)C(C)C,RXRA,0.4314,高活性,低毒性,17202;124274;4161;4157;17199;4160;4159;17203;17201,P56450;Q01727;P32245;P41968;P33032;P41149;Q6DWJ6;Q01726;P33033
T14494,CN1Cc2cc(Cl)ccc2-n2c(nnc2C2CCC(Oc3ccccn3)CC2)C1,XPR1,0.4314,活性,低毒性,554;3357;552,P41595;P30518;P37288
T12401,CCN1C(=O)N(c2c(F)c(OC)cc(OC)c2F)Cc2c[nH]c3nc(CN4CCOCC4)cc-3c21,GPAM,0.4312,活性,低毒性,2264;2263;2261;14183;2260,P21803;NP_001156685;P21802;P11362;P22607;NP_001138391;P22455
T27579,CN(C)c1cc[n+](CCCCCCCCCCCC[n+]2ccc(N(C)C)cc2)cc1.[Br-].[Br-],NR1H4,0.4312,活性,低毒性,1119,P35790
T7587,CN1Cc2c(Cl)cc(Cl)cc2[C@H](c2cccc(S(=O)(=O)NCCOCCOCCNC(=O)NCCCCNC(=O)NCCOCCOCCNS(=O)(=O)c3cccc([C@@H]4CN(C)Cc5c(Cl)cc(Cl)cc54)c3)c2)C1,PPARG,0.4312,活性,低毒性,24784;6550,P48764;NP_036786;P26433
T8745,CCCS(=O)(=O)Nc1ccc(F)c(-n2cc(-c3cncnc3)c3nc(N(C)C4CCN(C(=O)CCOCCOCCOCCNc5cccc6c5C(=O)N(C5CCC(=O)NC5=O)C6=O)CC4)ccc32)c1F,AOC3,0.4309,活性,毒性,673,P15056
T38773,CCOc1ccc(Cl)c2c1B(O)O[C@@H]2CN.Cl,AOC3,0.4309,高活性,低毒性,887040;45424000,P9WFV1
T14901,Cn1ncc2cc(-c3cnc(N)c(Cl)c3N3CCC4(CCNC4=O)CC3)ccc21,NR1H3,0.4309,活性,毒性,9970;892;7468;6850,P24863;O96028;P49336;Q9BWU1;ADZ17385;P43405
T4727,C[C@H](CCC(=O)NCCS(=O)(=O)[O-])[C@H]1CC[C@H]2[C@@H]3CC[C@@H]4C[C@H](O)CC[C@]4(C)[C@H]3CC[C@]12C.[Na+],PPARG,0.4309,活性,低毒性,,Q8TDU6
T3581,O=C(Nc1ccccc1C(=O)Nc1ccc(CCO)cc1)c1ccc([N+](=O)[O-])cc1,PPARG,0.4309,活性,低毒性,10013,Q9UBN7
T5S0053,c1c2c(cc3c1OCO3)-c1cc3ccc4c(c3c[n+]1CC2)OCO4,PPARG,0.4309,活性,低毒性,3620,P14902;Q86VL8;P09958
T2491,C=CC(=O)Nc1cc(Nc2nccc(-c3c[nH]c4ccccc34)n2)c(OC)cc1N(C)CCN(C)C,PPARA,0.4304,高活性,毒性,6850;1559;7157;7151;7468,P00533;NP_001119587;ABI96208;QLI62812;O96028;P43405
T1973,COc1ccccc1C(=O)Nc1cc2c(cc1N1CCCC1)n(C)c(=O)n2C,PPARG,0.4304,活性,毒性,29117;6850;27154;65980;6872;27443;7862;7468,Q9H8M2;Q9NPI1;NP_001003694;P55201;O95696;P21675;Q9ULD4;O96028;Q9BXF3;P43405
T24679,O=C(Nc1ccc(F)c(F)c1)c1ccc2[nH]ncc2c1,PPARG,0.4304,活性,低毒性,4128;4129;25750,P19643;P27338;P21397
T22374,CCCC(=O)CC(=O)N[C@H]1CCOC1=O,PPARG,0.4304,活性,低毒性,54166246,P35327
T4170,CC1=C(CSC(=S)N2CCCCC2)C(=O)c2ccccc2C1=O,AOC3,0.4302,高活性,低毒性,5313;5315,P14618;P30613
T4634,CCc1c(-c2ccc(C(=O)NC)nc2)cnc(N)c1-c1ccc(O)cc1,NR1H3,0.4302,活性,毒性,,Q93009
T35530,CC[C@H](c1nc2cccc(F)c2c(=O)n1C1CC1)n1nc(-c2ccc(OC)c(F)c2)c2c(N)ncnc21,PPARD,0.4302,活性,低毒性,5293,O00329
T27525,N=C(N)NCCNS(=O)(=O)c1cccc2cnccc12,AOC3,0.4299,活性,毒性,5594;9833,P28482;Q14680
T2477,CN(C)CCN1C(=O)c2cccc3cc(NC(N)=O)cc(c23)C1=O,GPAM,0.4299,高活性,毒性,6850;3106;3456;43740568;7468;1489834,O96028;AMB37292;P01574;P43405
T73181,Nc1ccccc1NC(=O)c1ccc(NC(=O)C(Cc2ccccc2)c2ccccc2)cn1,GPAM,0.4299,活性,毒性,3066;3065;83933;8841,Q969S8;Q13547;Q92769;O15379
T68069,COc1ccc(OC[C@H]2CN(C)CC[C@@H]2c2ccccc2)cc1,NR1H3,0.4299,活性,低毒性,13162;15567;20538,O55192;Q60857;Q61327
T73578,Clc1ccc(-c2nc(-c3ccccn3)no2)c(Cl)c1,RXRA,0.4299,活性,低毒性,2915;10413,P41594;NP_001123617
T8738,Cc1ccc(N(CC2=NCCN2)c2ccc(O)cc2)cc1.Cl,ACACA,0.4297,活性,低毒性,,
T6555,C=CC(=O)N1CCN(C(=O)CNc2cc(I)c(Cl)cc2O)CC1,PPARG,0.4297,高活性,毒性,7468;6850;115,O96028;P43405;O60503;P01116
T24905,CCOC(=O)N1CCC(NC(=S)Nc2cc(Cl)cc(Cl)c2)CC1,THRSP,0.4297,活性,低毒性,,P27338
T26894,CC1(C)CC(=O)C2=C(C1)Nc1n[nH]c(C3CC3)c1[C@]2(C)c1ccccc1,AOC3,0.4294,活性,低毒性,2932,P49841
TN2317,CC1=CC(=O)[C@@H](O)[C@@]2(C)[C@H]1[C@@H](O)[C@H]1OC(=O)[C@H](O)[C@]3(O)[C@]14CO[C@]3(CO)[C@@H](O)[C@H](O)[C@H]24,NR1H3,0.4294,活性,毒性,,
T3796,C=C(C)[C@@H]1CC[C@]2(C=O)CC[C@]3(C)[C@H](CC[C@@H]4[C@@]5(C)CC[C@H](O)C(C)(C)[C@@H]5CC[C@]43C)[C@@H]12,NR1H3,0.4294,活性,低毒性,,
T10353,CCCc1c(-c2ccccc2)[nH]n(-c2ccccn2)c1=O,PPARG,0.4294,高活性,低毒性,1536;27035;50507,P04839;Q9Y5S8;Q9NPH5
T23203,CCCn1c(=O)[nH]c2nc(-c3ccc(S(=O)(=O)N4CCN(c5ccc(Cl)cc5)CC4)cc3)[nH]c2c1=O,RXRA,0.4294,高活性,低毒性,135;11541;136;57413;25369;134,P29275;NP_031439;NP_001075445;NP_000667;Q60614;NP_001041695;NP_445746;NP_000666;NP_058851;P29274
T5036,CSCCNc1nc(SCCC(F)(F)F)nc2c1ncn2[C@@H]1O[C@H](COP(=O)([O-])OP(=O)([O-])C(Cl)(Cl)P(=O)([O-])[O-])[C@@H](O)[C@H]1O.[Na+].[Na+].[Na+].[Na+],PPARG,0.4292,高活性,低毒性,64805;2840,Q13304;Q9H244
T8449,O=C(Nc1ccc(F)cc1)N1CCc2ccccc2C1c1ccc(C(F)(F)F)cc1,PPARG,0.4292,活性,毒性,1559;7468;1565;171384,ANW61984;Q8R455;ABI96208;QLI62812;O96028
T26781,CCOc1ccc2c(c1)Sc1cccc(OC)c1C2=C1CCN(C)CC1,SCD,0.4292,高活性,低毒性,3357;3356,NP_001159419;NP_000858
T11925,CNC(=O)O[C@H]1CCC[C@@H]1[C@]1(C2CCN(CC3CN(c4ccc(S(=O)(=O)c5ccncc5)cc4)C3)CC2)CN(C)Cc2ccccc21,THRB,0.4292,活性,低毒性,4221,O00255
T22700,NC(=O)c1sc2c([N+](=O)[O-])cc(C(F)(F)F)cc2[n+]1[O-],ACACA,0.429,活性,毒性,5347,P53350
T2197,CC(=O)O[C@@]12CO[C@@H]1C[C@H](O)[C@@]1(C)C(=O)[C@H](O)C3=C(C)[C@@H](O)C[C@@](O)([C@@H](OC(=O)c4ccccc4)[C@H]21)C3(C)C,THRSP,0.429,活性,毒性,3458,NP_000610
T6726,COc1cc(NC(=O)c2ccccn2)ccc1Cl,THRSP,0.429,活性,低毒性,9970;10013;1559;24417;1565;2914;1544,P31423;NP_073157;ANW61984;AAI30529;Q14833;Q9UBN7;QLI62812;P05177;P41594;ADZ17385;NP_001243743;NP_071538
T4306,O=C(Nc1ccc(Cl)cc1)C1CCCN(C(=O)c2cccc(-c3ccco3)c2)C1,ACACA,0.4287,活性,毒性,6850;1559;387;1551;1565;7468,P61586;ANW61984;ABI96208;QLI62812;O96028;NP_000756;Q8JUX6;P43405
T4376,CC(C)(O)CS(=O)(=O)Nc1ccc2c(c1)CCN(C(=O)COc1cccnc1)C2,AOC3,0.4287,高活性,毒性,7468;6850,O96028;P43490;P43405
T11471,COc1nc(-c2ccnc(NC(=O)C3CC3)c2)sc1C(N)=O,PPARG,0.4287,活性,低毒性,2932,P49841;NP_001139628
T2897,CC(C)=CCC(O)C1=CC(=O)c2c(O)ccc(O)c2C1=O,THRSP,0.4287,活性,低毒性,728386;57646;246243;7874;84749;4128;23252;7345,P0DTD1;P09936;NP_056022;NP_003461;AAB59829;P21397;NP_002927;Q70CQ3;Q96RU2;A8MUK1
T21233,O=C(O)CCCCC(S)CCS,GPAM,0.4285,活性,低毒性,231,P15121
T9203,C=CC(=O)Nc1cccc(C(=O)Nc2ccc(NC(=O)c3cccc(-c4cc[nH]n4)n3)cc2)c1,PPARG,0.4285,活性,毒性,80122;3654,P51617;Q56UN5
T22189,N=C(N)NCCC[C@H](NC(=O)c1ccc2ccccc2c1O)C(=O)N1CCC[C@H]1C(N)=O,PPARG,0.4285,高活性,低毒性,25823;7177;23430,Q15661;Q9NRR2;Q9BZJ3
T60003,CCc1cc(=O)nc(-n2nc(C)cc2NC(=O)c2cc(C)ccc2F)[nH]1,RXRA,0.4285,活性,低毒性,107;114,Q08828;P40145
T19664,Cn1c(=O)c(S(=O)(=O)c2ccc(F)cc2F)cc2cnc(Nc3ccc4[nH]ccc4c3)nc21,THRSP,0.4285,活性,低毒性,4751;341676;10769;4750,Q9NYY3;Q96PY6;P51955;Q6P3R8
T41163,C=CCn1c(=O)c2cnc(Nc3ccc(N4CCN(CCCNc5cccc6c5C(=O)N(C5CCC(=O)NC5=O)C6=O)CC4)cc3)nc2n1-c1cccc(C(C)(C)O)n1,GPAM,0.4282,活性,毒性,7465,P30291;Q96SW2
T60159,Cc1cccc(C2NC(=O)c3c(Cl)cccc3N2)c1,PPARA,0.4282,活性,毒性,55193,Q86U86
T72945,CCCN1CC(Oc2ccc([C@@H]3c4[nH]c5ccccc5c4C[C@@H](C)N3CC(C)(C)F)cc2)C1,PPARG,0.4282,活性,低毒性,2101,P03372;P11474
T9800,Oc1ccc([C@H]2Oc3ccc(O)cc3[C@H]3CCC[C@H]32)cc1,SCD,0.4282,高活性,低毒性,2100;2099,P03372;Q92731
T5438,O=C1CCC(N2C(=O)c3cccc(OCCCCCOc4ccc(CC(=O)Nc5cc(C6CCC6)[nH]n5)cc4)c3C2=O)C(=O)N1,THRSP,0.4282,活性,低毒性,1020,Q96SW2;P50750;P24941;Q00535
T1768,CN(Cc1ccccc1)c1ccc2cc(C(=O)O)c(=O)oc2c1,AOC3,0.428,活性,毒性,9194;9123,P53985;O15427;NP_004722
T67811,OCCN1CCN([C@@H]2C[C@@H](c3ccc(F)cc3)c3ccc(C(F)(F)F)cc32)CC1,GPAM,0.428,高活性,低毒性,29412;24173;29581;24318;29413;24316;29595;25187,P43140;P15823;P18901;P30994;P61169;P08909;P23944;P14842
TN7130,C[C@@H]1CC[C@@]2(OC1)O[C@H]1C[C@H]3[C@@H]4C[C@H](O)[C@H]5C[C@@H](O)CC[C@]5(C)[C@H]4CC[C@]3(C)[C@H]1[C@@H]2C,THRB,0.428,活性,低毒性,,
T12979,COc1cc2nc(C)nc(N[C@H](C)c3cc(N)cc(C(F)(F)F)c3)c2cc1O[C@H]1CCOC1,XPR1,0.428,活性,毒性,3757,P01116;Q96SW2;Q07889;Q12809
T9015,CC(C)[C@H](O)C(=O)N[C@@H](C)C(=O)N[C@@H]1C(=O)N(C)c2ccccc2-c2ccccc21,PPARG,0.4277,高活性,低毒性,55851;5664;51107;5663;83464;23385,Q8WW43;Q96BI3;Q92542;P49810;P49768;Q9NZ42
T15821,Cc1ccc(Cn2nc(CCCc3ccc(OC(C)(C)C(=O)O)cc3)[nH]c2=O)cc1,THRSP,0.4277,高活性,低毒性,5468;5467;5465,Q03181;P37231;Q07869;NP_001001928
T80678,CCOC(=O)C1=CCCC[C@@H]1S(=O)(=O)Nc1ccc(F)cc1Cl,PPARG,0.4275,活性,低毒性,,
TN4510,COc1cc([C@H]2OC[C@H]3[C@@H]2CO[C@@H]3c2cc(OC)c(O[C@@H]3O[C@H](CO)[C@@H](O)[C@H](O)[C@H]3O)c(OC)c2)ccc1O[C@@H]1O[C@H](CO)[C@@H](O)[C@H](O)[C@H]1O,PPARG,0.4275,活性,低毒性,,
T6117,O=C1NC(=O)[C@@H](c2cn3c4c(cccc24)CCC3)[C@@H]1c1c[nH]c2ccccc12,RXRG,0.4275,活性,毒性,4233;7468;6850;9669,O60841;P30519;O60313;P08581;O96028;NP_001120972;P43405
T14303,CCN1[C@@H](C(=O)NC23CCC(C(=O)O)(CC2)CC3)[C@H](c2cccc(Cl)c2F)[C@]2(C(=O)Nc3cc(Cl)ccc32)C12CCCCC2,THRSP,0.4275,活性,毒性,4193,Q00987
TN2158,O=c1c(O)c(-c2cc(O)c(O)c(O)c2)oc2cc(O)ccc12,PPARG,0.4272,活性,低毒性,51426;280960;4363;4286,NP_057302;1DE9_A;P33527;NP_001341533;Q7ZJM1;P80457;2WWY_A
T12139,CCCCCCCCCCCCCCCC(=O)NCc1cccc(OC)c1,PPARG,0.4272,高活性,低毒性,65030;2053;13850,P80299;P34914;P34913
TQ0048,CCCS(=O)(=O)Nc1ccc(F)c(-n2cc(-c3cncnc3)c3nc(N(C)C4CCN(CC)CC4)ccc32)c1F,THRSP,0.4272,活性,毒性,673,P04049;P15056
T6972,O=C(Nc1ccc(Br)cc1)c1ccc(Br)c(S(=O)(=O)NCc2ccccc2)c1,ACACA,0.427,活性,低毒性,4137;4088;2740;5243,AAL68976;AAB64013;AAI14949
T10160,Cn1c(-c2ccc(F)cc2Cl)nnc1C(C)(C)Oc1c(F)cc(F)cc1F,GPAM,0.427,活性,低毒性,25116,P16232
T67916,CC(=O)N1CCC(COc2ccc(-c3cc[nH]n3)nc2)CC1,PPARG,0.427,活性,低毒性,8529;1579,Q02928;P78329
T2051,Cc1ccc(NC(=O)Nc2nnc(Sc3ncnc4cc(OCCCN5CCOCC5)ccc34)s2)cc1,PPARG,0.4268,活性,毒性,1436;6850;3815;2324;6790;2322;7468,P07333;P35916;P10721;O14965;O96028;P36888;P43405
T37825,CN(C)CCCCCCOc1ccc(-n2ccnc2)cc1,PPARG,0.4268,高活性,低毒性,1576;1557;1565;1544,P05177;P08684;P33261;P10635
T15031,FCc1ccc(OCCOc2ccc(Cl)cc2Cl)c(Cl)n1,THRSP,0.4268,活性,低毒性,8698,O95977;AAH14970
T27640,Cc1cc(C)c(NC(=O)C[C@H](CC(=O)O)c2cccc3ccccc23)c(C(=O)N2CCC3(CCCC3)CC2)c1,PPARD,0.4265,活性,低毒性,25706,NP_037297
T32511,CCCCC(NC(=O)NC(Cc1ccccc1)C(=O)Nc1ccc([N+](=O)[O-])cc1)C(=O)NC(CCCCN)C(=O)OC,ACACA,0.4263,活性,低毒性,,
T8920,N=C(N)c1ccc2cc(OC(=O)c3ccc(NC4=NCCN4)cc3)ccc2c1,PPARG,0.4263,高活性,低毒性,5646;5645;2161;5644,P07477;P00748;P07478;P35030
T4S0800,COc1ccc2cc3[n+](cc2c1OC)CCc1cc(O)c(O)cc1-3,PPARG,0.4263,活性,低毒性,1545,Q16678
T9021,O=C(Nc1nc(C(F)(F)F)co1)C1c2ccccc2Oc2ccccc21,ACACA,0.426,活性,低毒性,1559;24414;2911,P23385;P11712;Q13255;NP_001107802
T13951,Cc1ccc(C)c(Cn2c(C(O)c3ccncc3)nc3ccc(-c4cnn(C)c4)cc32)c1,RXRB,0.426,活性,低毒性,21926,P06804;P01375
T68108,COc1cc(C(=O)N(C(C)C)C(C)C)ccc1OCCCCCOc1ccc(C(=N)N)cc1,RXRG,0.4258,活性,低毒性,1241,Q15722
T7868,CC(C)=CCCC(C)=CCCC(C)=CCO,THRSP,0.4258,活性,低毒性,4598,NP_001107657
T9304,C=CC(=O)Nc1cc(Nc2nccc(Nc3cc(Cl)c(F)cc3C(C)(C)O)n2)c(OC)cc1N1CC[C@H](N(C)C)C1,AOC3,0.4255,活性,低毒性,,P00533;P04626
T6291,CCC(=O)Nc1cccc(Oc2nc(Nc3ccc(N4CCN(C)CC4)cc3OC)ncc2Cl)c1,AOC3,0.4255,活性,毒性,6850;1559;81788;84706;9891;7468,P00533;Q9H093;O60285;ABI96208;QLI62812;O96028;Q8TD30;P43405;NP_055655
T1828,Cc1ccc(-c2csc3ncnc(SCCC(=O)O)c23)cc1,PPARG,0.4255,活性,低毒性,1457;1460;1459,P19784;P68400;P67870
T5S1988,COc1cc(-c2oc3cc(O)cc(O)c3c(=O)c2O[C@@H]2O[C@H](CO)[C@@H](O)[C@H](O)[C@H]2O)ccc1O,PPARG,0.4255,活性,低毒性,24192,P07943
T62622,O=C(O)c1ccc(-c2nn(C(=O)c3c(Cl)cccc3C(F)(F)F)c3ccccc23)cc1,RXRB,0.4255,高活性,低毒性,6097;5468,P51449;P37231
T33508,COc1cc(OC)c2c(=O)c(OC)c(-c3ccccc3)oc2c1,ACACA,0.4253,活性,低毒性,135;29290;57413;29316;25369,P25099;P0DMS8;NP_001075445;P30543;NP_000666;NP_058851;P29276
T12384,Cn1c2ccc(NC(=O)c3ccccc3)cc2c(=O)n2nc(C(=O)O)cc12,PPARG,0.4253,活性,低毒性,4804,P08138
T64377,COc1ccc(-n2cc3cnc(=NCC(F)(F)F)[nH]c3c(-c3ccc(Br)cc3)c2=O)cc1,PPARG,0.4253,活性,毒性,4144,P31153
T25615,COc1ccccc1CN(C[C@@H](Cc1c[nH]c2ccccc12)NC(=O)CN1CCC(N2CCCCC2)CC1)C(C)=O,RXRA,0.4253,活性,低毒性,6869,NP_056542;P25103
T9240,CC(C)(C)CN(C(=O)CCl)C1CCS(=O)(=O)C1,THRSP,0.425,活性,低毒性,5300,Q13526
T16881L,CN1CCCC1CCSc1ccc(O)cc1,GPAM,0.4248,活性,低毒性,65024,P43144
T2070,COc1cc2ncnc(Oc3cccc(NC(=O)Nc4cc(C(C)(C)C(F)(F)F)on4)c3)c2cc1OC,PPARD,0.4248,活性,毒性,6850;3932;1559;25;6608;3791;1557;3458;673;5159;3456;4233;1436;7151;8030;2321;1551;7157;5605;5894;3815;5604;1969;8031;5979;3106,P07333;P36507;P01574;P10721;Q15759;NP_001119587;P00519;P42685;Q16539;P36888;P04049;QLI62812;NP_000756;P45984;P15056;P00533;O60674;P08581;P53779;P09619;ABI96208;Q15746;P17948;Q12851;NP_004324;Q16832;P06239;P42684;P45983;Q02750;Q9Y4K4;P33261;P07948;Q13772;NP_000610;P16591;P49137;P54760;P11274;P35968;Q9NYL2;P07949;P29317;Q99835;Q08345;Q16204;O43353;P54756;NP_002871;Q9Y572;P43405
T12427,Cc1ccc(S(=O)(=O)O)cc1.Cn1cc(Nc2nccc(N3CC4CCC(C3)N4C(=O)[C@@H]3CC3(F)F)n2)cn1,PPARG,0.4248,高活性,低毒性,7297;3791;54496,P35968;O60674;P23458;P29597;Q9NVM4
T2683,O=C(CSc1nc2c(c(=O)n1-c1ccccc1)SCC2)Nc1ccc(-c2ccccc2)cn1,RXRG,0.4248,活性,毒性,9970;53627;1559;1551;7468;3458,ABI96208;QLI62812;O96028;NP_000610;Q9JJJ7;NP_000756;ADZ17385
T10723,CCOC(=O)c1cccc(Nc2cc(OC)cc3ccccc23)c1,ACACA,0.4246,活性,低毒性,993;995;994,P30307;P30305;P30304
TQ0101,CN1CCN(C(=O)c2ccc(-c3ccc4c(C=O)c(O)ccc4c3)s2)CC1,PPARG,0.4246,活性,毒性,3456;2081;43740578;6850,P0DTD1;P01574;O75460;P43405
T72576,O=c1cc(Cc2ccccc2)[nH]c2c(-c3ccc(Cl)cc3)cnn12,RXRA,0.4246,活性,低毒性,7086,P29401
T3196,Cc1ccc(Nc2ncc3c(n2)N(C)C(=O)N(c2cc(NC(=O)c4cccc(C(F)(F)F)c4)ccc2C)C3)cn1,AOC3,0.4243,高活性,毒性,613;2120;660;6850;25;3456;3106;5871;7468;10188,P11274;P01574;P51813;Q13546;Q07912;P00519;O96028;Q12851;P41212;Q9Y572;P43405
T9732,CCn1c(C(O)(c2ccccc2)c2ccccc2)nc2ccc(C(=O)NC[C@@H](C)O)cc21,AOC3,0.4243,活性,低毒性,55902,Q9NR19
T35529,CNC(=O)Nc1ccc(-c2cc(-c3ccnc(Nc4ccc(C)c(S(=O)(=O)N(C)C)c4)n3)ccn2)cc1,PPARG,0.4243,高活性,低毒性,983;2475;23049;5294,P42336;P24941;P42345;Q96Q15;P48736;P06493
T4355,CC(=O)NCCCOc1ccc(C(=O)N2CCC(N3C(=O)CCc4ccccc43)CC2)cc1,PPARG,0.4243,活性,低毒性,5021;25342;554;552;25107;553,P30559;P30560;NP_001139623;P47901;P70536;P37288;NP_000697;NP_000907
T5S2245,CC(=O)O[C@@H](C[C@@H](C)C1=C2C[C@H](O)[C@H]3[C@@]4(C)CCC(=O)C(C)(C)[C@@H]4CC[C@]3(C)[C@@]2(C)CC1=O)[C@H]1OC1(C)C,THRB,0.4243,活性,低毒性,9971,Q96RI1
T12850,Cc1cc(F)ccc1-c1nc(NC(CO)CO)nc2c1ccc(=O)n2-c1c(F)cccc1F,ACACA,0.4241,活性,低毒性,1432,NP_620583
T74710,CC(=O)c1c(C)c2cnc(Nc3ccc(N4CCN(C(=O)CNCCCCNC(=O)COc5cccc6c5C(=O)N(C5CCC(=O)NC5=O)C6=O)CC4)cn3)nc2n(C2CCCC2)c1=O,GPAM,0.4241,活性,低毒性,682,Q96SW2;P35613
T1873,CC(C)(C)c1ccc(C(=O)NC(=S)Nc2ccc(N)cc2)cc1,PPARG,0.4241,活性,低毒性,,
T28865,O=C1c2ccccc2C(=O)c2cc(S(=O)(=O)Nc3ccc(O)cc3)ccc21,PPARG,0.4241,活性,低毒性,6774,P40763
TN8971,CC(C)CCC[C@@H](C)[C@H]1CC[C@H]2[C@@H]3CC=C4C[C@@H](OS(=O)(=O)O)CC[C@]4(C)[C@H]3CC[C@]12C,RXRG,0.4241,活性,低毒性,6095,Q9Y6A2;NP_599024
T9705,C=CC(=O)N1CCC(F)(CNc2ncnc(N)c2-c2ccc(Oc3ccccc3)cc2)CC1,PPARD,0.4238,活性,低毒性,695,Q06187
T9729,Cn1cc2cc(-n3cc4cnc(NCC(F)(F)F)nc4c(-c4ccc(Cl)cc4)c3=O)ccc2n1,ACACA,0.4236,活性,低毒性,4144,P31153
T14342,CC(C)c1c(C(=O)Nc2ccccc2)c(-c2ccccc2)c(-c2ccc(F)cc2)n1CC[C@@H]1C[C@@H](O)CC(=O)O1,NR1H4,0.4233,活性,低毒性,25675,P51639;P04035;Q9Y6L6;NP_037266
T17182,C=CC(=O)Nc1cc(-c2nn(C3CCC(N4CCN(C(C)=O)CC4)CC3)c3ncnc(N)c23)ccc1Oc1ccccc1,PPARD,0.4233,活性,低毒性,2065,P21860;NP_001005915
T4A2399,CC(=O)O[C@H]1[C@H]2O[C@]23[C@@H]2CC[C@]4(O)C[C@@H](O)CC[C@]4(C)[C@H]2CC[C@]3(C)[C@H]1c1ccc(=O)oc1,NR1H3,0.4231,活性,毒性,,
T9125,C=CC(=O)N1CCC[C@@H](n2c(=O)n(-c3ccc(Oc4ccccc4)cc3)c3c(N)nccc32)C1,THRSP,0.4231,活性,低毒性,7006;969;695,P00533;P42680;Q06187;Q07108
T38734,Cc1cc(C[C@@H](NC(=O)N2CCC(c3cc4ccccc4[nH]c3=O)CC2)C(=O)N2CCN(C3CCN(C)CC3)CC2)cc2cn[nH]c12,AOC3,0.4229,活性,低毒性,10203,Q16602
T28703,CC(C)(C)c1cc2c(cc1Cl)C=C(C(=O)O)[C@@H](C(F)(F)F)O2,PPARG,0.4229,活性,低毒性,5743;5742,P35354;P23219
T61360,c1ccc(CNc2nc(Nc3cc(C4CC4)[nH]n3)c3sccc3n2)cc1,THRSP,0.4229,高活性,低毒性,3480;6850;3932;2932;25;5562;3791;57551;8445;2260;57396;1198;238;10298;6093;3717;102800317;6098;23683;120892;1454;4233;1436;1195;9149;8444;1020;9212;5566;695;6197;1859;2534;2321;5586;5871;7301;8851;50488;1196;5747;6788;2261;9448;5979;11183,P49759;Q9HAZ1;Q92630;Q15078;O43781;P49761;P49760;Q9Y463;P06241;Q13627;P49841;P49674;Q00535
T9072,C=CC(=O)Nc1cc2c(Nc3ccc(OCc4ccccn4)c(Cl)c3)ncnc2cc1OCCN1CCOCC1,ACACA,0.4221,活性,低毒性,,
T4440,NCC(CS(=O)(=O)O)c1ccc(Cl)cc1,AOC3,0.4221,活性,低毒性,81657,NP_112290
T22025,COc1cc(OC)c(NC(=O)c2ccc(Cc3cc4c(cc3C)C(C)(C)CCC4(C)C)o2)c(OC)c1,THRSP,0.4221,活性,毒性,6850;115;2798;1880;81668;139760;2357;14715;7468,Q01776;O60503;P30968;P30969;ABI96208;O96028;P32249;NP_001012781;Q8JUX6;Q8TDV5;P43405;P21462
T7622,Br.COc1ccc(-c2ccc(=N)n(CCCC(=O)O)n2)cc1,ACACA,0.4219,高活性,毒性,25451;29707;140674;289606;140675;29708;79211;65191;29705;29709;81658;24947;24922;29689;25450,P28473;P15431;P19969;P62813;P63138;P63079;O09028;P18506;P30191;P18508;Q9ES14;P20236;P28471;P23574;P23576;Q91ZM7
T1760,Cc1ccccc1CN1CCC(N2CCC(n3c(=O)[nH]c4ccccc43)CC2)CC1,AOC3,0.4219,活性,毒性,3358;1128;25229;147;148;1129;1133;1131;146;1565,P20309;P08485;P08912;P14416;P25100;ANW61984;P35368;P08483;P10980;P35348;P08911;P08172;P08173;P11229;P28335;P08482
T13102,CCN(CC)Cc1ccc(OC)c(-c2cc3c(-c4ccc(C(=O)O)c(C(C)C)c4)ccnc3[nH]2)c1,GPAM,0.4219,高活性,毒性,2932;9149;1195;57396;1198;1196,P49759;Q9HAZ1;P49761;P49760;Q9Y463;Q13627;P49841
T8937,O=C(c1cccnc1-c1ccncc1)N1CCC(O)(Cc2ccccc2)CC1,GPAM,0.4219,活性,低毒性,1576;10858,Q9Y6A2;P08684
T6887,CC(C)(O)c1coc(S(=O)(=O)[N-]C(=O)Nc2c3c(cc4c2CCC4)CCC3)c1.[Na+],GPAM,0.4219,活性,低毒性,,Q96P20
T7947,O=C(c1ccc(-c2nc3ccc(F)cc3o2)cc1)N1CCN(C(=O)C2(O)CC2)CC1,PPARG,0.4219,活性,低毒性,2194,P49327
T4670,O=C(Nc1ccc(C(O)(C(F)(F)F)C(F)(F)F)cc1)c1ccccc1Cl,SCD,0.4219,活性,低毒性,6097,P51449
T19917,CC1(C)CC(=O)N(CCCCN2CCN(c3ncccn3)CC2)C(=O)C1,THRSP,0.4219,活性,低毒性,29412;24173;24473;29413;1551,P19327;P43140;P14416;P15823;P08908;NP_000756;P23944;P28223
T9804,CCN1CCN(Cc2ccc3cc(C(=O)Nc4cc(NC(=O)c5ccc6c(c5)OCCO6)ccc4F)ccc3n2)CC1,PPARG,0.4216,活性,毒性,3297,Q00613;P29274
T4206,c1cc(-c2nc3ccc(OCCCN4CCCC4)cc3o2)ccc1OCCCN1CCCC1,PPARG,0.4216,高活性,低毒性,54106;51284,Q9NYK1;Q9NR96
T10324,CCC(C)(C)C(=O)O[C@H]1C[C@@H](C)C=C2C=C[C@H](C)[C@H](CC[C@@H]3CC=CC(=O)O3)[C@H]21,NR1H3,0.4214,活性,低毒性,,
TN2063,C[C@]12C(=O)C=CCC1=CC[C@@H]1[C@@H]2CC[C@]2(O)C(=O)O[C@@]3(C)[C@H]4C[C@]5(C)[C@@H](CO[C@@]16O[C@@]32[C@H]5C6=O)C(=O)O4,NR1H3,0.4214,活性,毒性,2735;3417,P08151;O75874
T15729,Nc1c(C(=O)c2ccccc2)sc2[nH]c(=O)c(C(=O)O)cc12,PPARG,0.4214,活性,低毒性,7345,NP_004172;P09936
T32958,O=C(O)c1c(O)cccc1CCc1ccc(O)cc1,THRSP,0.4214,活性,低毒性,,
TN7055,COc1ccc2c3c1O[C@H]1C[C@@H](O)C=C[C@@]31CCNC2,THRSP,0.4214,活性,低毒性,43,P22303
T9159,CN(C)Cc1ccc2c(Cl)cc(Cl)c(O)c2n1,THRSP,0.4214,活性,低毒性,,
T11120,COc1cc2cc(C(=O)N3C[C@@H](CCl)c4c3cc(O)c3ccccc43)[nH]c2c(OC)c1OC,THRSP,0.4214,活性,毒性,,
T11373,c1nn(C2CCOCC2)cc1Nc1ncc2nnn(-c3ccc4cn[nH]c4c3)c2n1,AOC3,0.4211,活性,低毒性,,Q9P2K8
T7495,NC(=O)[C@@H](CCCN=C(N)N)NC(=O)[C@@H](CCCN=C(N)N)NC(=O)[C@@H](CCCN=C(N)N)NC(=O)[C@@H](CCCN=C(N)N)NC(=O)[C@@H](CCCN=C(N)N)NC(=O)[C@H](N)CCCN=C(N)N,AOC3,0.4211,活性,低毒性,,
T40293,O=C(Nc1nc2ccc(C(F)(F)F)cc2s1)c1cnc(C(F)(F)F)s1,PPARG,0.4211,活性,毒性,,
T3520,O=C(O)Cn1c2c(c3cc(F)ccc31)CN(C(=O)c1cccc3ccccc13)CC2,PPARG,0.4211,活性,低毒性,5729;11251;5732,Q13258;Q9Y5Y4;P43116
T50077,COC(=O)C1=C(C)NC(C)=C(C(=O)OCC(C)C)C1c1cccc([N+](=O)[O-])c1,THRB,0.4211,高活性,低毒性,779;776;778;775,Q01668;Q13936;Q13698;O60840
T16751,COCCN1CCC(N(Cc2ccc(-c3ccc(C(F)(F)F)cc3)cc2)C(=O)Cn2c(SCc3cccc(F)c3F)cc(=O)c3ccccc32)CC1,PPARG,0.4209,活性,低毒性,7941,Q13093;NP_001161829
T7184,COc1ccccc1[C@H](Cn1c(=O)n(C(C)(C)C(=O)O)c(=O)c2c(C)c(-c3ncco3)sc21)OC1CCOCC1,PPARG,0.4209,活性,毒性,31;32,O00763;Q13085
T4464,NS(=O)(=O)Oc1ccc2c3c(c(=O)oc2c1)CCCCC3,FASN,0.4207,高活性,低毒性,771;28989;765;768;412;10013;759;760;71934;763;766;762;23632;2876;11238;2879;1588,P00915;P43166;1TTM_A;P36969;Q9ULX7;Q9BV86;P23280;P00918;Q9D6N1;Q16790;P07203;Q9Y2D0;P08842;P11511;P35218;P22748;Q9UBN7;O43570
T7018,O=C(Oc1cccc(F)c1OC(=O)c1cccc(O)c1)c1cccc(O)c1,NR1H3,0.4207,活性,毒性,6517,P14672
T19723,Cc1cccc(COc2ccccc2C(=O)N(CCCN)Cc2cccs2)c1.Cl,PPARA,0.4207,高活性,低毒性,171384;79054,Q7Z2W7;Q8R455
T12229,O=C(O)c1cccc2cn(-c3ccc([C@@H]4CCCNC4)cc3)nc12,PPARG,0.4207,活性,低毒性,142,P09874
T10243,O=c1nc(NCc2ccc(Cl)c(Cl)c2)[nH]c2ncn(CCN3CCOCC3)c12,THRSP,0.4207,活性,低毒性,,
TN1038,COc1ccc([C@H]2O[C@@H](c3ccc(OC)c(OC)c3)[C@H](C)[C@@H]2C)cc1OC,SCD,0.4204,活性,低毒性,100720710,P21556
T6S2356,CN1Cc2c(ccc3c2OCO3)[C@@]2(C)[C@@H](O)Cc3cc4c(cc3[C@@H]12)OCO4,SCD,0.4204,活性,低毒性,,
TN3013,COc1c(OC)c2nccc3c4ccccc4n(c1=O)c23,THRSP,0.4204,活性,低毒性,,
TCS1772,CC(C)c1ccc2c(c1)CC[C@H]1[C@](C)(C(=O)O)CCC[C@]21C,AOC3,0.4199,活性,毒性,3735,Q15046
T5390,Cc1c(NC(=O)OC[C@@H]2COCCN2)cn2ncnc(Nc3ccc4c(cnn4Cc4cccc(F)c4)c3)c12.Cl,FASN,0.4199,活性,毒性,,
T11850,CCOc1cccc2c1N[C@@H](c1ccc(C(=O)O)cc1)[C@H]1CC=C[C@@H]21,GPAM,0.4199,活性,低毒性,58819;1017;4286;2744;51426;29994;11201;9807;79727;5429;2237;2271;10951;994,Q9H9Z2;NP_057302;CAA48375;AAK85233;CAA43985;NP_001120700;Q92551;AAC35244;AAH38507;NP_006493;NP_001341533;NP_009126;NP_004102;2QQS_A;AAH09953;AAH17444;BAA89212;CAQ07474
T38018,Cc1cccc(Oc2cc(Oc3cccc(C)n3)cc(Oc3cccc(C)n3)c2)n1,PPARG,0.4199,活性,低毒性,,
T11975,O=C(CCCCC(=O)NCCN1C(=O)c2cccc3c(Sc4ccc(Br)cc4)ccc(c23)C1=O)NCCCCCCNc1cccc2c1C(=O)N(C1CCC(=O)NC1=O)C2=O,AOC3,0.4197,活性,低毒性,4170,P10415;Q96SW2;Q07820
T1971,NCC1CCN(c2nccc(-c3ccc4ccccc4c3)n2)CC1,NR1H3,0.4197,高活性,毒性,6850;1559;7157;7151;1565;7468;22943,ANW61984;NP_001119587;ABI96208;QLI62812;O96028;O94907;P43405
T36964,CC(C)c1cnc(NC(=O)Cc2ccccc2)s1,PPARG,0.4197,活性,低毒性,8851;983;1020;891,P51946;P50613;P50750;Q15078;O60563;P51948;P24941;P14635;P24864;AAI07878;P06493;Q00535;P20248
T0111,O=C(O)CCC(=O)O.O=C(O[C@H]1CN2CCC1CC2)N1CCc2ccccc2[C@@H]1c1ccccc1,THRSP,0.4197,活性,低毒性,1128;1129;1131,P20309;P08172;P11229
T16161,CC(=O)N1CCN(Cc2ccc([C@H](C)Nc3nccc(N4C(=O)OC[C@@H]4C(C)C)n3)cc2)CC1,AOC3,0.4194,活性,毒性,1551;1559;3417;9970,ABI96208;QLI62812;NP_000756;O75874;ADZ17385
T5686,CC(C)OC(=O)c1ccc(O)cc1,FASN,0.4194,高活性,低毒性,771;768;759;760;766;23632,P43166;P00915;Q9ULX7;P00918;Q16790;O43570
T28918,COc1ccc2c(c1)N(C(=O)OC(C)C)[C@@H](CSC)C(=S)N2,GPAM,0.4194,活性,低毒性,155348,Q72547;1BQN_A;1BQM_B;P04585;1BQM_A;1BQN_B
T6836,C=CC(=O)Nc1ccc(CN2C(=O)N(c3cc(OC)cc(OC)c3)Cc3cnc(Nc4ccc(N5CCN(C)CC5)cc4)nc32)cc1,GPAM,0.4194,高活性,毒性,2264;4837;2593;27232;2263;6850;2261;7157;5409;2260;7151;7468;3176,P43405;NP_001119587;P21802;O96028;P40261;Q14749;P11362;P22607;P21964;P11086;P22455;Q14353;P50135
T10717,CO[C@H]1CC[C@H](n2c([C@@H]3CCCC(=O)N3c3ccc(F)c(F)c3)nc3cc(-c4c(C)noc4C)ccc32)CC1,PPARG,0.4194,活性,毒性,65980;6046;8019;1387;676,Q9H8M2;P25440;Q58F21;Q09472;Q92793;Q15059;O60885
TN1150,Oc1cc(O)c2c(c1)O[C@H](c1ccc(O)c(O)c1)[C@@H](O)[C@@H]2c1c(O)cc(O)c2c1O[C@H](c1ccc(O)c(O)c1)[C@@H](O)C2,PPARG,0.4194,活性,低毒性,,
T11770,C=CC(=O)N1CCN2c3c(cnc4c(C)c(-c5c(O)cccc5F)c(Cl)cc34)OC[C@H]2C1,THRSP,0.4194,活性,低毒性,,P01116
T10715,NC(=O)c1cc(-c2ccc(S(=O)(=O)[C@H]3CC[C@H](Nc4ccc(C(F)(F)F)cn4)CC3)cc2)ccn1,AOC3,0.4189,活性,低毒性,1236;1235,H9YX08;P32248;P51684
TQ0267,NC(=O)[C@H](Cc1ccccc1)NC(=O)[C@H](Cc1c[nH]c2ccccc12)NC(=O)[C@@H]1CCCN1C(=O)[C@@H](N)Cc1ccc(O)cc1,AOC3,0.4189,活性,低毒性,29335;100135587;4985;18386;100379267;24613;18390;4988;4986;25601,P33533;P33535;P42866;P35372;P41143;P41145;P34975;NP_000902;P41144;P97266;NP_001138755;P32300
T2882,O=c1c(-c2ccc(O)cc2)coc2cc(O[C@@H]3O[C@H](CO)[C@@H](O)[C@H](O)[C@H]3O)cc(O)c12,PPARG,0.4189,活性,毒性,65975,BAC78637;BAC78638;CAC29064
T5127,COC(=O)N[C@H](C(=O)N1CCC[C@H]1c1nc2cc(F)c([C@H]3CC[C@H](c4cc5[nH]c([C@@H]6CCCN6C(=O)[C@@H](NC(=O)OC)[C@@H](C)OC)nc5cc4F)N3c3cc(F)c(N4CCC(c5ccc(F)cc5)CC4)c(F)c3)cc2[nH]1)[C@@H](C)OC,THRSP,0.4189,活性,低毒性,,Q5L478;Q9WMX2
T26646,Cc1ccc(-c2ccc(O[C@H]3CN4CCC3CC4)cn2)cc1,GPAM,0.4187,活性,低毒性,1139,P36544;NP_001177384
T25956,Cc1ccnc(NC(=O)C(C)c2cccc(C(=O)c3ccccc3)c2)c1,GPAM,0.4187,活性,毒性,1551;1559;6850,QLI62812;P43405;NP_000756;ABI96208
T9104,CCCCCCCc1cc(C(=O)OC)c(N)s1,PPARG,0.4187,活性,毒性,,
T64374,O=C(Nc1cccc2cccnc12)c1cnccn1,THRSP,0.4187,活性,毒性,,
T13336,CC(C)N(C(=O)c1cc(F)ccc1Oc1cncnc1N1CC2(CCN(CC3CCC(NS(C)(=O)=O)CC3)CC2)C1)C(C)C,PPARG,0.4185,活性,低毒性,,O00255
T4674,CCOC(=O)[C@H](Cc1ccc([N+](=O)[O-])cc1)NC(=O)c1ccccc1,PPARG,0.4185,活性,毒性,1232,P51677
T1786,COC(=O)N[C@H](C(=O)N1CCC[C@H]1c1ncc(-c2ccc(-c3ccc(-c4cnc([C@@H]5CCCN5C(=O)[C@@H](NC(=O)OC)C(C)C)[nH]4)cc3)cc2)[nH]1)C(C)C.Cl.Cl,PPARG,0.4185,活性,低毒性,,
T15268,COc1cc2ncnc(Nc3ccc(F)c(Cl)c3)c2cc1O,PPARG,0.4182,活性,毒性,28989;6850,Q9BV86;P43405
T17117,CCCn1c(=O)c2[nH]c(C34CCC(CCC(=O)O)(CC3)CC4)nc2n(CCC)c1=O,PPARG,0.4182,高活性,低毒性,135;140;136;29290;57413;25369;134,P29275;P25099;P0DMS8;NP_001075445;P30542;NP_000667;NP_445746;P30543;NP_001041695;NP_000666;NP_058851;P29274
T21368,CN1CCN(CCCN2c3ccccc3Sc3ccc(S(=O)(=O)N(C)C)cc32)CC1,ACACA,0.418,活性,毒性,150;1814;1128;1813;3358;148;3757;1129;152;151;1812;6915;3269;3350;3356,P14416;P18825;P08908;P18089;Q12809;P21728;P35462;P08913;P35348;P08172;P28223;P11229;P28335;P35367;P21731
T3222,CC(=O)[C@@]12O[C@@H]1C[C@H]1[C@@H]3CC=C4C[C@@H](O)CC[C@]4(C)[C@H]3CC[C@@]12C,NR1H3,0.4175,活性,低毒性,1586,P05093
T29522,CC(C)(C)c1ccc2c(c1)CC[C@H]2NC(=O)Nc1cccc2[nH]ncc12,PPARG,0.4175,活性,低毒性,1551;7442;59341,Q8NER1;Q9HBA0;NP_000756;ABI96208
T3582,C[C@H]1COC2(CCN(c3nc(=O)c4cc(C(F)(F)F)cc([N+](=O)[O-])c4s3)CC2)O1,PPARG,0.4172,活性,低毒性,,
T12399,Nc1nc(=O)c2[nH]cc(Cc3cccnc3)c2[nH]1,PPARA,0.417,高活性,低毒性,290029;493724;4860,P00491;P55859;P85973
T21506,Cc1ccn(-c2cc(Cl)ccc2[C@@H](Oc2cc(-c3ccc(C[C@H](N)C(=O)O)cc3)nc(N)n2)C(F)(F)F)n1,AOC3,0.4167,活性,毒性,4837;9970;2593;27232;140;3176;5743;5742;6850;6530;24693;5409;7166;121278,Q8IWU9;P0DMS8;Q63921;P23975;P23219;P43405;Q14749;P40261;P35354;P21964;P11086;Q14353;ADZ17385;P17752;P50135
T11745,Nc1ncnc2c1c(-c1ccc(Cl)cc1)nn2-c1cccc(-c2cnnn2Cc2cccc(-c3ccccc3)c2)c1,FASN,0.4167,活性,毒性,2268;1559;3932;7525,P07947;ABI96208;QLI62812;P06239;P09769
TN1995,COc1cc(OC)c2c(=O)cc(-c3ccccc3)oc2c1OC,PPARD,0.4165,活性,低毒性,84749,Q70CQ3
T11800,COC(=O)[C@H](CCCNC(=N)N)NC(=O)CCCc1c(-c2ccccc2)[nH]c2c(F)cc(F)cc12,GPAM,0.4163,活性,低毒性,6752;6754,P30874;P31391;NP_001043
T5109,Cn1cc(-c2cc3c(N4CCN(c5ncc([C@@](C)(N)c6ccc(F)cc6)cn5)CC4)ncnn3c2)cn1,MLXIPL,0.4163,活性,毒性,3815;5159;9429;25;3791,P35968;Q9UNQ0;P10721;P09619;P00519;P16234
T21806,O=C(CCCCCCSc1ccc2ccccc2c1)NO,PPARG,0.4163,活性,毒性,,
T16398,Cc1c(Cl)c(C)[n+]([O-])c(Cl)c1-c1noc(-c2cc(O)c(O)c([N+](=O)[O-])c2)n1,PPARG,0.4163,活性,低毒性,12846;1312;24267;43740568,NP_036663;P21964;O88587;P22734
T1821,O=C(NC(NC(=S)Nc1ccc(F)c([N+](=O)[O-])c1)C(Cl)(Cl)Cl)C(c1ccccc1)c1ccccc1,THRSP,0.4163,活性,毒性,19885;7468;6850;3458,B45705;Q13535;Q13315;O96028;NP_000610;NP_035411;P43405
T11580,Brc1ccc(CCCCn2ccnc2)cc1,ACACA,0.416,活性,低毒性,3162,P09601
T2085,COc1ccc(Cl)cc1NC(=O)Nc1cc(C)nc2ccccc12,PPARG,0.416,活性,毒性,3480;6850;814112;9748;3458,ABH03417;P08069;NP_000610;NP_055535;NP_000866;P43405;XP_001349989
T4388,Oc1ccc(-c2c(-c3ccccc3)nn3c(C(F)(F)F)cc(C(F)(F)F)nc23)cc1,RXRA,0.416,活性,低毒性,2100,NP_001201832;P03372;Q92731
T16294,CCc1cc(Nc2nc(-c3ccc(-n4cnc(C)c4)c(F)c3)cs2)c(C)cc1C,RXRG,0.416,高活性,低毒性,55851;5664;51107;5663;83464;23385,Q8WW43;Q96BI3;Q92542;P49810;P49768;Q9NZ42
T9052,CNC(=O)c1cc2c(Oc3ccc(NC(=O)C4(C(=O)Nc5ccc(F)cc5)CC4)cc3)ccnc2cc1OC,RXRG,0.416,活性,低毒性,4233;558;10461,P30530;Q12866;P08581
T10857,CC(C)(COP(=O)(O)OP(=O)(O)OC[C@H]1O[C@@H](n2cnc3c(N)ncnc32)[C@H](O)[C@@H]1OP(=O)(O)O)[C@@H](O)C(=O)NCCC(=O)NCCS,AOC3,0.4158,活性,低毒性,80218,Q9GZZ1
T16388,CC(C)OC(=O)CNc1cccc(CN(Cc2ccc(-n3cccn3)cc2)S(=O)(=O)c2cccnc2)n1,SCD,0.4158,活性,低毒性,5732,P43116
T61304,CCOc1cccc(-c2ccc3c(NC(=O)c4ccccc4)n[nH]c3c2)c1,PPARG,0.4155,高活性,低毒性,2261;2260;2263,P22607;P21802;P11362
T33281,CCOC(=O)[C@H](Cc1ccc(F)cc1)NC(=O)[C@@H](N)Cc1ccc(N(CCCl)CCCl)cc1,PPARG,0.4155,活性,毒性,,
T10593,CN1CCc2ccccc2C1CNC(=O)c1ccc(Cl)c(Cl)c1,GPAM,0.4153,活性,低毒性,4988;4986,P35372;P41146;P41145
T9662,O=C1CCc2cc(-c3csc(NC(=O)c4ccc(-n5cnc6ccccc65)cc4)n3)ccc2N1,PPARG,0.4153,活性,低毒性,,
T33600L,CCCn1c(=O)c2[nH]c(C3CC4CC3C3OC43)nc2n(CCC)c1=O,PPARG,0.4153,高活性,低毒性,29290;25369;29316;100135472,P29275;P25099;P30542;P30543;P29276;P47745;P29274
T28078,Cc1ccnc(NC(c2cccc(Cl)c2Cl)c2ccc3cccnc3c2O)c1,THRSP,0.4153,活性,毒性,4193;814112,Q00987;XP_001349989
TN2268,CCCc1ccc(O)c(-c2cc(CCC)ccc2O)c1,NR1H3,0.4148,活性,低毒性,1269;1268,P21554;P34972
T10477,C[C@H](c1ccnc(Nc2nc3ccc(-c4cc(N(C)C)ncn4)cc3[nH]2)c1)N1CCN(C(=O)CC(F)(F)F)CC1,THRB,0.4148,活性,毒性,5607;3757;1558;8408;27346;9641;80122;9263;2322;3357;29110;27330,P10632;Q5BJF2;Q56UN5;Q14164;Q13163;Q12809;O75385;P41595;P36888;Q9UK32;Q9UEE5;Q9UHD2
T22317,Cc1ccc(CNc2ccc(Cl)cc2NCc2ccc(C)c(O)c2)cc1O,PPARD,0.4146,活性,毒性,,
T6691,COc1ccc(Oc2cc(C)c(-c3csc(NC(=O)c4ccncc4)n3)c(C)c2)cc1,PPARG,0.4146,活性,毒性,6850;1559;1551;1565;7468,ANW61984;ABI96208;QLI62812;O96028;NP_000756;P43405
T5332,Cc1ccc(C(=O)NO)cc1NCc1ccccc1,AOC3,0.4143,活性,低毒性,10013;55869,Q9BY41;Q9UBN7
T63674,Oc1ccc2c3c(cnc2c1)-c1ccc(C(F)(F)F)cc1O[C@@H]3c1ccc(OCCN2CC(CF)C2)cc1,AOC3,0.4143,活性,低毒性,,P03372
T22102,Clc1ccc(OCCOc2ccc(Br)nc2Br)c(Cl)c1,THRSP,0.4143,活性,低毒性,25399;8698;1544;2004,CAA85309;CAH74068;NP_001104318;O95977;EAW99313;AAH14970
TQ0040,Cc1c(F)c(Nc2ccc(-c3cn(C)cn3)cn2)cc2c1ncn2CC1CC1,THRSP,0.4141,活性,低毒性,2556;2554;2558;2555;2562;2566,P18507;P28472;P47869;P31644;NP_001158509;P34903;P14867
T4696,COc1nc(OCc2cccc(-c3ccccc3)c2C)ccc1CNCCNC(C)=O.Cl,THRSP,0.4141,活性,低毒性,,Q9NZQ7
T22794,CC(C)c1ccc2c(c1)[C@@H]1C=CC[C@@H]1[C@H](c1cc3c(cc1Br)OCO3)N2,PPARD,0.4138,活性,低毒性,2852,NP_001091671
T10625,Nc1ncnc2c1c(-c1ccc(Oc3ccccc3)cc1)nn2[C@@H]1CCCNC1,PPARG,0.4138,活性,毒性,4837;2593;27232;6850;5409;1551;1565;7468;3176,ANW61984;P43405;O96028;Q14749;NP_000756;P40261;P21964;P11086;Q14353;P50135
T60202,Oc1c(C(Nc2ccccn2)c2cccc(Cl)c2Cl)ccc2cccnc12,THRSP,0.4138,活性,低毒性,,
T3347,COCc1nnc(N2CC(Oc3ccc(F)cc3Cl)C2)n1-c1ccc(OC)nc1,AOC3,0.4136,活性,低毒性,5021;554;552;2693;6869;4986,P30559;Q92847;P41145;P30518;P37288;P25103
T4387,C=CC(=O)N1CCC(CNc2ncnc(N)c2-c2ccc(Oc3ccccc3)cc2)CC1,PPARD,0.4136,活性,毒性,660;6850;3757;51206;969;7006;695;3702;2066;7468,Q9HCN6;Q06187;P51813;P00533;Q12809;NP_000052;Q08881;P42680;O96028;Q15303;P43405;Q07108
T38514,Nc1nc(N)c2ncn(CCOCP(=O)(O)O)c2n1,PPARG,0.4136,活性,毒性,,
T1665,CCCCCCCCCC(=O)N[C@@H](Cc1c[nH]c2ccccc12)C(=O)N[C@@H](CC(N)=O)C(=O)N[C@@H](CC(=O)O)C(=O)N[C@@H]1C(=O)NCC(=O)N[C@@H](CCCN)C(=O)N[C@@H](CC(=O)O)C(=O)N[C@H](C)C(=O)N[C@@H](CC(=O)O)C(=O)NCC(=O)N[C@H](CO)C(=O)N[C@@H]([C@H](C)CC(=O)O)C(=O)N[C@@H](CC(=O)c2ccccc2N)C(=O)O[C@@H]1C,AOC3,0.4133,活性,低毒性,,
T7040,CC[C@H](C)[C@H](NC(=O)[C@H](Cc1ccc(O)cc1)NC(=O)[C@@H](NC(=O)[C@H](CCCNC(=N)N)NC(=O)[C@@H](N)CC(=O)O)C(C)C)C(=O)N[C@@H](Cc1cnc[nH]1)C(=O)N1CCC[C@H]1C(=O)N[C@@H](Cc1ccccc1)C(=O)O,AOC3,0.4133,高活性,低毒性,81638;24180;281607;185;186;24182;29553,P50052;P30556;P25095;NP_203694;P29089;P35351;P25104;NP_000677
T21735,COc1ccc(S(=O)(=O)N(CC(=O)NO)CC(C)C)cc1,GPAM,0.4133,高活性,毒性,4318;4312;6868;4313;4225,P08253;P50281;Q16820;P78536;P08254;1RMZ_A;P14780;P22894;Q833V7;P45452;1Z3J_A;Q46085;P39900;P03956
T7744,Clc1ccc2c(N3CCN(CCCN4CCN(c5ccnc6cc(Cl)ccc56)CC4)CC3)ccnc2c1.O.O.O.O.O=P(O)(O)O.O=P(O)(O)O.O=P(O)(O)O.O=P(O)(O)O,PPARG,0.4133,活性,低毒性,28989,NP_001273728
T7688,CCCCCCCCCc1ccc(B(O)O)cc1,RXRG,0.4133,高活性,低毒性,100911581;4023;9388;7442,P06858;Q8NER1;Q9Y5X9;P97612;Q99685
T13539,O=c1[nH]cnc2c1cnn2[C@H]1O[C@@H](CO)[C@H](O)[C@@H]1O,THRSP,0.4133,活性,低毒性,,
T4132,CC(C)(C)c1ccccc1Oc1ncccc1NC(=O)Nc1ccc(OC(F)(F)F)cc1,SCD,0.4131,活性,毒性,9934;5028,P49651;Q15391;NP_002554;P47900
T8453,O=C(c1ccc(C(=O)N2CCC(N3CCCCC3)CC2)cc1)N1CCC(N2CCCCC2)CC1,NR1H4,0.4128,活性,低毒性,54799;84456,Q96JM7;Q05BQ5
TQ0105,CC(C)C(=O)c1cn(CC(=O)COc2ccc(Oc3ccccc3)cc2)c2ccc(C(=O)O)cc12,PPARG,0.4128,活性,低毒性,1551;5321,P47712;NP_000756
T3497,Cc1nc2c(C)cccn2c(=O)c1CCN1CCC(c2noc3cc(F)ccc23)CC1,AOC3,0.4126,高活性,低毒性,3352;3350;3351,NP_000855;NP_000854;NP_000515
T8446,O=c1cc(CCl)[nH]c2c(-c3cccc4ccccc34)c(C(F)(F)F)nn12,PPARD,0.4126,高活性,低毒性,3786;3785,O43525;O43526
T3703,O=C(c1cc(S(=O)(=O)Nc2ccccc2F)c(F)cc1Cl)N1CCN2CCC[C@@H]2C1,RXRA,0.4126,高活性,低毒性,8913;8912;8911,NP_001005407;NP_001003406;NP_001243290
T3S1416,CC(C)=CC(=O)O[C@H]1Cc2cc3ccc(=O)oc3cc2OC1(C)C,AOC3,0.4124,活性,低毒性,4128,P21397
T9756,CNC(=O)c1ccc(N2CCN(Cc3ccc4nc(C)c(=O)[nH]c4c3F)CC2)c(F)n1,NR1H4,0.4124,活性,毒性,10038;142,Q9UGN5;P09874
T22180,CCc1nc2c(c3cc(OC)c(OC)cc13)C(=O)NC2=O,PPARD,0.4124,活性,低毒性,3932;1111;2932;5562;3791;4140;4914;2324;2931;1453;1436;1020;9212;1859;5292;6790;983;1017;6788;10733;6198;25865;9261,
T67887,OC[C@H]1O[C@@H](n2c(Br)nc3cc(Cl)c(Cl)cc32)[C@H](O)[C@@H]1O,PPARD,0.4124,活性,低毒性,,
T4302,CCc1ccc(-c2nc(CSCC(=O)NCCc3ccccc3)c(C)o2)cc1,PPARG,0.4124,活性,低毒性,1551;1565;1559,QLI62812;ANW61984;NP_000756;ABI96208
T4976,CC(C)Oc1ccc(-c2nn([C@@H](C)c3oc4ccc(F)cc4c(=O)c3-c3cccc(F)c3)c3ncnc(N)c23)cc1F,AOC3,0.4121,活性,毒性,5293;6850;5294,O00329;P27986;NP_005017;P48736;P49674;P43405
T16021,CCn1c2ccccc2c2cc(-n3nncc3-c3ccccc3)ccc21,GPAM,0.4121,高活性,低毒性,998;5879;5880;5881,P63000;P15153;P60953;P60763
T4337,Nc1ncnc2c1c(-c1ccc(Oc3ccccc3)cc1)nn2C1CCCC1,PPARG,0.4121,活性,毒性,695,P07948;P06239;Q06187
T27857,N[C@@H](CCP(=O)(O)C(O)c1ccc(OCC(=O)O)cc1)C(=O)O,RXRG,0.4121,高活性,低毒性,24419;2917;24417;2914;2916,P31423;Q14833;NP_870989;O15303;NP_000834;P35349;NP_001243743
T61477,O=C(CSc1nnc2c(n1)[nH]c1ccccc12)Nc1ccc(Cl)cn1,PPARG,0.4119,活性,低毒性,10413,Q9NYV4;O75909;NP_001123617
T1896,COc1ccc(S(=O)(=O)Nc2nc(-c3cccc([N+](=O)[O-])c3)cs2)cc1OC,PPARG,0.4119,活性,低毒性,1559;98256;1551;59113;8564,ABI96208;O15229;QLI62812;Q91WN4;O88867;NP_000756
T9198,O=S(=O)(c1ccc(NO)cc1)N(CCOc1ccc2ccccc2c1)[C@@H]1O[C@H](CO)[C@@H](O)[C@H](O)[C@H]1O,RXRA,0.4119,活性,低毒性,4893,P01116;P01111
T27260,CCOCn1c(Cc2ccccc2)c(C(C)C)c(=O)[nH]c1=O,GPAM,0.4116,活性,低毒性,155348,1RT1_A;Q72547;P04585
T9975,O=C(CCc1ccc(F)c(F)c1)Nc1cc(F)cc(N2CCOCC2)c1,PPARG,0.4116,活性,低毒性,,P32249
T27696,O=C(O)c1ccc2c(c1)nc(-c1ccc(OCc3cc(N4CCCC4=O)ccc3-c3ccc(Cl)cc3)cc1F)n2C1CCCCC1,RXRG,0.4116,活性,低毒性,,O39930
T5386,CC(C)Oc1ccc(S(=O)(=O)N2CCN(c3ccc(-c4ncco4)c(OCC(=O)O)c3)CC2)cc1,SCD,0.4114,活性,低毒性,5729,Q13258
T17218,CCc1c(C(=O)C(N)=O)c2c(OCC(=O)OC)cccc2n1Cc1ccccc1,AOC3,0.4111,活性,毒性,1559;6850,QLI62812;P43405;ABI96208
T38622,O=C(O)c1csc(N2CCc3cccc(C(=O)Nc4nc5ccccc5s4)c3C2)n1,NR1H4,0.4111,活性,低毒性,599,P10415;Q07817;Q92843
T9578,O=C(Nc1ccn(-c2ccnc(F)c2)n1)C1(c2ccccc2F)CC1,PPARG,0.4111,活性,低毒性,64834,Q9BW60
T60085,CC(=O)NCC(=O)N[C@@H](CCC(N)=O)C(=O)N[C@@H](Cc1ccccc1)C(=O)N[C@@H](CCCNC(=N)N)C(=O)c1nc2ccccc2s1,GPAM,0.4109,活性,低毒性,,
T22787,CCCc1c(OCC(O)COc2ccc3c(=O)cc(C(=O)O)oc3c2CCC)ccc(C(C)=O)c1O,MLXIPL,0.4109,活性,毒性,100135514;3248;10800;8654;6916;57105;25290;7421,Q2NNR5;NP_000851;NP_001017535;O95342;Q9Y271;P12527;P24557;Q9NS75;O76074
T25531,Cc1cccc(Nc2nc(-c3ccc(-c4ccccc4)cc3)cs2)n1,PPARG,0.4109,活性,低毒性,,
TN7231,C=CCc1ccc(OC)c(-c2ccc(OC)c(CC=C)c2)c1,PPARG,0.4109,活性,低毒性,1269,P79208;P34972
T4540,COc1ccc(C2(CNC(=O)[C@H](Cc3c[nH]c4ccccc34)NC(=O)Nc3ccc([N+](=O)[O-])cc3)CCCCC2)cc1,GPAM,0.4106,活性,低毒性,680,NP_001718
T16323,CO[C@@H]1C[C@@H](C[C@H]2CC[C@H](C)[C@H]([C@@H](C)C(=O)O)O2)O[C@]2(O[C@](C)([C@H]3CC[C@@](C)([C@@H]4O[C@@H]([C@H]5O[C@@](O)(CO)[C@H](C)C[C@@H]5C)C[C@@H]4C)O3)C[C@H]2C)[C@@H]1C,PPARG,0.4106,活性,毒性,84749;10413,Q70CQ3;NP_001123617
T7849,NCCCNCCCNCCCN,AOC3,0.4104,活性,低毒性,,
T3737,O=C(O)CCc1ccc(O)cc1O,FASN,0.4104,活性,低毒性,,O42713
T13224,COc1ccc(C(=O)N2c3ccccc3Sc3ccc(Cl)cc32)cc1,PPARG,0.4104,高活性,低毒性,590;43;100135051,P02550;P06276;P02554;P22303
T4718,O=c1ccn([C@@H]2O[C@H](COP(=O)(O)O)[C@@H](O)[C@H]2O)c(=O)[nH]1,PPARG,0.4104,活性,低毒性,5999,1XZ8_B;ABC94591;1LOQ_A
T69757,COc1ccc(-c2c(C)nc3c(N4CC[C@@H](NC(=O)Oc5ccccc5)C4)cc(C)nn23)cc1OC,RXRB,0.4104,活性,低毒性,55512,Q9NY59
T16162,COc1cc(N(C)CCN(C)C)c(N)cc1Nc1nccc(-c2cn(C)c3ccccc23)n1,AOC3,0.4102,活性,毒性,1551;1565;6850;9970,ADZ17385;ANW61984;NP_000756;P43405
T31079,Cc1ccc2oc(N3CCN4CCC3CC4)nc2n1,AOC3,0.4102,高活性,低毒性,25590;1143;1133;1139;54239;1136;3359;15561;1131;25302,P20309;P08912;P32297;P30926;P12390;P46098;Q05941;P08173;P36544;P09483;P23979
T60034,c1ccc2c(NC3CCCCC3)nc(C3CC3)nc2c1,PPARG,0.4102,活性,低毒性,4968,O15527
T69294,CCCn1cnc(C[C@H](CCCN)C(=O)O)c1,THRSP,0.4099,活性,低毒性,1361;1360;397341,P09955;Q96IY4;P15086
T5462,C=CC(=O)Nc1cc(Nc2nccc(-c3cn(C4CC4)c4ccccc34)n2)c(OC)cc1N(C)CCN(C)C,AOC3,0.4097,活性,毒性,,P00533
T16094,Cn1ccc2cc(-c3nc4ccc(F)nc4o3)cnc21,PPARG,0.4097,活性,低毒性,351,P05067
T7897,O=C(Nc1ccc2c(c1)OC(F)(F)O2)Nc1ccc(Cl)c(C(F)(F)F)c1,SCD,0.4094,活性,毒性,,
T5S0056,[Cl-].c1c2c(cc3c1OCO3)-c1cc3ccc4c(c3c[n+]1CC2)OCO4,NR1H3,0.4092,活性,毒性,,Q86U44;Q9HCE5
T64369,OC(CNCc1ccc(Cl)cc1)Cn1c2ccccc2c2ccccc21,PPARG,0.4092,活性,低毒性,1759,Q05193
T24327,O=C(O)CSC(CCCc1ccccc1)c1ccc(OCc2ccc3ccccc3n2)cc1,RXRB,0.4092,活性,低毒性,25290,P12527
TN1901,Oc1ccc2c(c1)OC[C@H]1c3cc4c(cc3O[C@@H]21)OCO4,SCD,0.4092,活性,低毒性,12972;4129,P47199;P27338
T210506,O=C(NS(=O)(=O)c1ccc(Cl)cc1)c1ccc(Cl)cc1Cl,AOC3,0.4089,活性,低毒性,2321;2324;3791,P17948;P35916;P35968
T28946,CCCCCCCCCCCCCCCCOCCCOP(=O)(O)CO[C@H](C)Cn1cnc2c(N)ncnc21,FASN,0.4089,活性,毒性,155348,P04585
T10335,Cc1cnn(C2CCN(c3nc4ccccc4n3Cc3ccc(F)cc3)CC2)c1,AOC3,0.4087,高活性,低毒性,3269;3757;1565,Q12809;P35367;P10635
T28540,CCCc1nc(C)n2[nH]c(=O)nc2c1Cc1ccc(-c2ccccc2-c2nnn[nH]2)cc1,AOC3,0.4087,高活性,低毒性,185;81638;24180,P30556;P25095;P29089
T4731,Nc1ccn([C@H]2C[C@H](O)[C@@H](COP(=O)(O)O)O2)c(=O)n1,RXRA,0.4087,活性,低毒性,,1NJE_A;1NJC_A;1NJA_A
T2062,O=C1NCCSc2c1sc1ccc(O)cc21,ACACA,0.4084,高活性,毒性,6850;25865;23683;7157;5587;7468,NP_002733;Q15139;O96028;P04637;O94806;Q9BZL6;P43405
TN2088,C[C@@H]1O[C@@H](O[C@H]2[C@H](OC(=O)[C@]34CCC(C)(C)C[C@H]3C3=CC[C@@H]5[C@@]6(C)C[C@H](O)[C@H](O[C@@H]7O[C@H](CO)[C@@H](O)[C@H](O[C@@H]8O[C@H](CO)[C@@H](O)[C@H](O)[C@H]8O)[C@H]7O)C(CO)(CO)[C@@H]6CC[C@@]5(C)[C@]3(C)C[C@H]4O)OC[C@H](O)[C@@H]2O)[C@H](O)[C@H](O)[C@H]1O[C@@H]1OC[C@@H](O)[C@H](O[C@@H]2OC[C@](O)(CO)[C@H]2O)[C@H]1O,AOC3,0.4084,活性,低毒性,,
T8472,COc1cc(F)cc([C@@H](CO)NC(=O)[C@@H](C)N2Cc3ccc(-c4nc(NC5CCOCC5)ncc4Cl)cc3C2=O)c1,AOC3,0.4084,活性,毒性,5594,P28482
T12341,COc1cc2c(cc1OC)CN(CCc1ccc(Nc3nc(-c4ccncc4)nc4ccccc34)cc1)CC2,NR1H4,0.4084,活性,毒性,,
T5392,O=C(O)CNC(=O)C1=C(O)CCN(Cc2ccc(Oc3ccc(Cl)cc3)nc2)C1=O,PPARG,0.4084,活性,低毒性,308913,Q9GZT9;P59722
T77677,Oc1ccc(-c2ccc3ccccc3n2)c2ccccc12,PPARG,0.4084,活性,低毒性,,
T32490,CCCc1cc(C2=N[C@@H](C(=O)NO)CO2)cc(OC)c1OC,PPARG,0.4084,高活性,低毒性,86862606;944816,P0A725;C6ARS9
T2329,C[C@@H]1CCO[C@H]2Cn3cc(C(=O)NCc4ccc(F)cc4F)c(=O)c([O-])c3C(=O)N12.[Na+],THRSP,0.4084,活性,毒性,,Q7ZJM1
T6061,Cc1cc(C)cc(C(=O)NOCCCCCC(=O)NO)c1,AOC3,0.4082,高活性,毒性,9759;10014;10013;51564;9734;6850;115;3065;8841;79885;3066;7468;83933;55869,O60503;P43405;Q96DB2;Q9UQL6;Q8WUI4;Q9UKV0;Q9BY41;Q13547;O96028;P56524;Q969S8;Q92769;Q9UBN7;O15379
T67833,Cc1cccc(C)c1Oc1ccnc(NC2CCN(C(=O)c3cc4cc(NS(C)(=O)=O)ccc4[nH]3)CC2)n1,GPAM,0.4082,活性,低毒性,,
T6067,Cc1cc(Cn2cnc3c2C[C@@H](C(=O)O)N(C(=O)C(c2ccccc2)c2ccccc2)C3)ccc1N(C)C,PPARD,0.408,活性,低毒性,81638;24180;185;186;2357;24182,P30556;P25095;P29089;P35351;NP_000677;P21462
T5832,Nc1ncc2ncn(CC3(OCP(=O)(O)O)CC3)c2n1,THRSP,0.408,活性,低毒性,,
T17011,CCOC(=O)[C@]1(c2ccccc2)N=C(c2ccc(OC)cc2)N(Cc2ccccc2)[C@@H]1c1ccc(NCc2ccccc2)cc1,THRSP,0.408,活性,低毒性,,P25788;P25787;P60900;Q8TAA3;P49721;P28065;O14818;P20618;P28072;P28070;P25789;P49720;P28066;P28074;P28062;A5LHX3;P25786;P40306;Q99436
T5500,C[C@@H]1CC[C@@H](COc2ccc(F)cn2)CN1C(=O)c1cc(F)ccc1-c1ncccn1,AOC3,0.4075,高活性,低毒性,25605;25593,P56719;P56718
T27678,O=C(c1ccc(Oc2ccc(F)cc2)nc1)N1CCCN(C2CCC2)CC1,GPAM,0.4075,活性,低毒性,85268;11255,Q9Y5N1;Q9QYN8
T2075,c1cc(-c2cnn3cc(-c4ccc(OCCN5CCOCC5)cc4)cnc23)ccn1,PPARG,0.4075,高活性,低毒性,6195;51422;3932;652;5565;5564;8569;1969;2324;6714;5562;2321;3791;53632;2322;5571;5563,Q9Y478;P35968;P35916;Q9UGI9;Q9UGJ0;P54646;Q9BUB5;P12644;P12931;Q15418;P29317;P17948;Q13131;P36888;O43741;P06239;P54619
T60095,O=C(Cn1nnc2ccccc21)N(Cc1cccc(Cl)c1)c1ccc(-c2cnc[nH]2)cc1,THRSP,0.4075,活性,低毒性,,P0DTD1;P0C6X7
T4316,COc1ccccc1C(=O)Nc1cccc(NC(=O)c2cccc(C)c2)c1,ACACA,0.4072,活性,低毒性,3777;24418;51305;29553,Q9NPC2;P31424;NP_057685;ABI96208;AAG29340;O14649;AAC39952
T23127,CCN(CC)CCCCNc1ncc2cc(-c3c(Cl)cccc3Cl)c(NC(=O)NC(C)(C)C)nc2n1,AOC3,0.4072,高活性,毒性,2264;4837;18596;6850;24629;1559;5409;2260;3176;110813108;27232;5159;6714;2876;2101;2593;28989;18595;25267;396442;1551;7468;2263;2261;2879,P26618;P36969;P21802;QLI62812;NP_000756;Q05030;P21964;NP_001273728;P00533;ABI96208;P09619;Q14749;Q14353;P12931;P00523;O96028;P07203;ADZ17378;P22607;P11086;P22455;P00784;P50135;P20786;P11362;P05622;P40261;P43405
T14911,COCCOCOc1cc2ccc(-c3ccc(C(=O)O)cc3)cc2cc1C12CC3CC(CC(C3)C1)C2,RXRG,0.4072,活性,低毒性,5916,NP_001230661
T10652,Cc1nc(-c2cnc(NC(C)C)n(C)c2=O)ccc1Oc1ccnc(-c2cnn(C)c2)c1,RXRG,0.4072,活性,低毒性,2322;3932;3815;5159;5753;1436,P07333;P10721;P09619;P36888;Q13882;P06239;P16234
T8946,O=C(C1CC1)N1CCc2cc(Br)c(S(=O)(=O)Nc3ccc(Cl)c(C(F)(F)F)c3)cc21,THRSP,0.4072,活性,低毒性,,
T8463,C[C@@]1(O)CCC[C@H]1n1c(=O)c(C(F)F)cc2cnc(NC3CCN(S(C)(=O)=O)CC3)nc21,AOC3,0.407,高活性,低毒性,983;905;595;12443;1019;5925;1021;896;9134,P11802;P50750;O60563;P30281;P24941;P06400;P25322;Q00534;P24864;O60583;O96020;P06493;P24385;P20248
T36618,Cc1cncc(CN2CCC(=C3c4ccc(Cl)cc4CCc4cccnc43)CC2)c1,PPARD,0.407,活性,低毒性,3269;43740568;1489834;5724,P25105;AMB37292;P35367
T28463,Cc1ccc(Sc2ccc(Nc3cc(S(=O)(=O)[O-])c(N)c4c3C(=O)c3ccccc3C4=O)cc2)c(C)c1.[Na+],PPARG,0.407,高活性,低毒性,64805;5029;5030;5028,P41231;P51582;Q9H244;P47900
T84317,CNc1nn2c3c(cnc2c1S(=O)(=O)c1ccccc1)CN(C)CC3,THRSP,0.407,活性,低毒性,3362,P41595;P50406
TN7103,CC1=CC(=O)[C@@H](O)[C@]2(C)[C@H]3[C@@]4(O)OC[C@@]35[C@@H](C[C@@H]12)OC(=O)[C@H](O)[C@@]5(O)[C@@H](C)[C@H]4O,NR1H3,0.4067,活性,低毒性,,
T64355,Cc1c(Cc2ccccc2)c(-c2cc(Cl)nc(N)n2)nn1C,THRSP,0.4067,活性,低毒性,55811,Q96PN6
T9809,O=C1CCC(N2C(=O)c3cccc(NCc4ccccc4)c3C2=O)C(=O)N1,THRSP,0.4067,活性,低毒性,,Q96SW2;Q16531
T13824,Cn1c(=O)c(-c2c(Cl)cccc2Cl)cc2cnc(Nc3ccc(OCCN)cc3)nc21,AOC3,0.4065,高活性,低毒性,18596;5159;6714;396442;2260,P12931;P00523;P09619;P11362;P05622
T5674,CCc1ccc(NC(=O)Nc2c[nH]c3ccccc23)cc1,PPARA,0.4065,活性,低毒性,,Q3TBT3;Q86WV6;CDO16711;CDO16358
T15243,Cc1cc(-c2c3ccccc3c(Br)c3sc(C)c(C)c23)cc(C)c1O[C@H](Cc1ccccc1)C(=O)O,PPARD,0.4065,高活性,低毒性,3551;5770,O14920;P18031
T87217,COc1ccccc1Nc1nc(-c2cnc3ccccn23)cs1,PPARG,0.4065,活性,低毒性,,P14618
T5509,Cc1c(-c2ccc3ncccc3c2)nnn1-c1cccnc1F,PPARG,0.4065,高活性,低毒性,24414;14816;2911,Q13255;NP_001107802;P97772
T2263,CC(C)(CO)c1cc2cc(NC(=O)C3(c4ccc5c(c4)OC(F)(F)O5)CC3)c(F)cc2n1C[C@@H](O)CO,AOC3,0.4062,活性,低毒性,1080;5144,P13569;Q08499
T6682,Cc1ccc(S(=O)(=O)Cc2nc(-c3ccc(C(=O)NCc4cccnc4)cc3)oc2C)cc1,RXRA,0.4062,高活性,毒性,1551;7468;6850;3458,ABI96208;O96028;NP_000610;NP_000756;P43405
T24494,Cl.N=C(N)SCc1ccc(Cl)cc1,THRSP,0.4062,活性,低毒性,3620,P14902
T10864,Nc1ccccc1NC(=O)c1ccc(CCCC(=O)Nc2ccc([C@@H]3C[C@H]3N)cc2)cc1,AOC3,0.406,高活性,低毒性,23028;23186;3065,Q9UKL0;O60341;Q13547
T27620,COCCOCc1ccc(-c2cc3onc(-c4ccccc4)c3c(=O)n2C)cc1,PPARG,0.406,活性,低毒性,4929,P43354
T2664,Cc1c(Cc2ccc3ccccc3n2)c2cc(F)ccc2n1CC(=O)O,PPARG,0.406,活性,低毒性,10519;24192;115;1551;11251;309212;5729,O60503;P07943;2LM5_A;NP_001012070;NP_000756;Q13258;Q9Y5Y4;NP_004769
T7860,CCCCOc1nc(N)c2[nH]c(=O)n(Cc3cccc(CC(=O)OC)c3)c2n1,AOC3,0.4058,活性,低毒性,51284,Q9NYK1
TQ0210,C[C@@H](c1ccc2nccn2c1)n1nnc2ncc(-c3cnn(C)c3)nc21,NR1H4,0.4058,活性,毒性,4233,P08581;NP_001120972;P16083
T4469,COc1cccc2c1C(=O)c1c(O)c3c(c(O)c1C2=O)C[C@@](O)(C(=O)CO)C[C@@H]3O[C@H]1C[C@H](N2CCO[C@H](OC)C2)[C@H](O)[C@H](C)O1,RXRA,0.4058,高活性,毒性,7153;3458,NP_000610;P11388
T64378,Cc1nc2nc(C)c(O[C@@H]3CCN(c4ccc(-c5ccc(CN6CCOCC6)nn5)cc4)C3)c(C)n2n1,RXRG,0.4058,活性,低毒性,9123,O15427
TQ0135,O=C(O)C(O)c1ccc(O)c(O)c1,ACACA,0.4055,活性,低毒性,423704,P16924
TQ0015,C=CC(=O)N1CCN(CCCn2c(=O)c(-c3c(Cl)c(OC)cc(OC)c3Cl)cc3cnc(NC)nc32)CC1,AOC3,0.4055,活性,毒性,2264;2263;660;2261;2324;3718;4067;9451;640;3791;9344;1436;2260,P52333;P35968;P07333;P35916;P51813;Q9UL54;NP_001156685;NP_075252;P07948;P21802;NP_001167538;Q9NZJ5;P11362;P22607;NP_001138391;P22455;P51451
T1913,COc1ccc(CNC(=O)c2cc(-c3cncc(C)c3)ncc2-c2nccs2)nc1OC,PPARG,0.4055,活性,低毒性,1559;3062;387285;25605;3061;1551;399545,Q9TUP7;P56719;P58308;NP_001517;ABI96208;QLI62812;O43613;O43614;NP_001516;NP_000756
T86496,CN(C[C@H]1COc2ccccc2O1)c1nc(-c2cccnc2)nc2ccccc12,RXRB,0.4055,活性,低毒性,,P04062
T60108,COc1cc2ncnc(N3CCN(C(=O)Nc4ccc(Oc5ccccc5)cc4)CC3)c2cc1OC,RXRB,0.4055,活性,低毒性,2322;4088;5159;3815,AAL68976;P10721;P09619;P36888;AAI07878;NP_002600;P16234
T5056,Nc1ncnc2c1c(COc1cccc(Cl)c1)nn2C1CCOCC1,AOC3,0.4053,活性,低毒性,102800317;1559;1453;1454;1551;7468;1452,4HNI_A;4HNF_A;NP_001885;QLI62812;NP_001884;P48730;O96028;NP_000756;P48729;P49674
T3318,COc1c(O[C@@H]2O[C@H](C(=O)O)[C@@H](O)[C@H](O)[C@H]2O)cc(O)c2c(=O)cc(-c3ccccc3)oc12,PPARG,0.4053,活性,低毒性,23028,O60341
T77633,NC(=O)c1ccccc1NC(=O)c1cc2cc([N+](=O)[O-])ccc2s1,PPARG,0.4053,活性,低毒性,,
T22624L,CC(=O)O.NCCC(=O)NCCc1ncc[nH]1.O=C(O)C(F)(F)F.O=C(O)C(F)(F)F,THRSP,0.4053,活性,低毒性,,
T28339,CCC(=O)Nc1ccc2ncnc(Nc3cccc(Br)c3)c2c1,ACACA,0.405,活性,低毒性,396442;1956,NP_958441;P00533;P00523;2HWP_A;3LOK_A
T5344,COCCOCCOc1ccc(C2=N[C@@](C)(C(=O)O)CS2)c(O)c1,PPARG,0.405,活性,低毒性,7468,O96028
T77516,O=C(Nc1ccc(OC(F)(F)F)cc1)c1cc(Cl)c(F)cc1O,PPARG,0.405,活性,毒性,,
T6792,CC(C)C[C@@H]1NC(=O)[C@@H](C(C)C)NC(=O)[C@@H]2CCCN2C(=O)[C@@H](CC(=O)O)NC(=O)[C@@H](Cc2c[nH]c3ccccc23)NC1=O,AOC3,0.4048,活性,毒性,50672;6850;1909;397457;24326,NP_001243212;P21451;P25101;P26684;Q29010;P43405
T7931,CC(=O)[C@@]12O[C@@H]1C[C@H]1[C@@H]3CCC4=CC(=O)CC[C@]4(C)[C@H]3CC[C@@]12C,NR1H3,0.4048,活性,低毒性,1586,P05093
T22114,O=C(NN1CCCCC1)c1nn(-c2ccc(Cl)cc2Cl)c2c1CCCc1cc(Cl)ccc1-2,PPARG,0.4048,高活性,低毒性,12802;1269;1268;12801,P47936;P21554;P47746;P34972
T62518,CCc1cc(Nc2nc(NCc3ccc(Cl)cc3OC)nc3cccc(OC)c23)n[nH]1,THRSP,0.4048,高活性,毒性,3480;1613;2868;4914;2870;2869;6011;6790;131890;11200,Q05397;P08069;Q8WTQ7;O43293;O96017;P04629;O14965;P34947;P43250;P32298;Q15835
T6878,Oc1c(F)cc(-c2cnccc2-c2ccc(N3CCOCC3)cc2)cc1F,NR1H3,0.4045,高活性,低毒性,6195;110651;6196;6197,P51812;Q15349;Q15418;P18654
T6998,Cn1nnc(-c2ccc(-c3ccc(N4C[C@H](COP(=O)(O)O)OC4=O)cc3F)cn2)n1,PPARG,0.4045,活性,毒性,9970;2879,P36969;ADZ17385
T6711,COc1cc2ncc(-c3ccccc3)nc2cc1OC,PPARG,0.4045,活性,毒性,9970;18596;3717;10013;6850;6607;18595;2879;7157;7468;3458,P26618;P36969;EAW58774;O96028;NP_000610;AAI07878;NP_059107;P04637;P05622;ADZ17385;Q9UBN7;P43405
T10153,C=CCc1ccc(O)c(-c2ccc(OC)c(CC=C)c2)c1,PPARG,0.4043,活性,毒性,1269;1268,P05979;P09917;P34972;P21554;P79208
T27011,CN(C)CC(=O)N1CCC[C@@H](n2nc(-c3ccc(Oc4ccccc4)cc3)c3c(N)ncnc32)C1,RXRA,0.4043,高活性,毒性,660;3932;3815;3718;695;3055;5979;5159;640;4233;2322;7468,P52333;Q06187;P51813;P00533;O60674;P08581;P10721;P09619;P07949;O96028;P08631;P36888;P23458;P06239;P51451
T5644,CCOc1ccc(-n2c([C@@H](C)N(Cc3cccnc3)C(=O)Cc3ccc(F)c(C(F)(F)F)c3)nc3ncccc3c2=O)cc1,THRSP,0.4043,活性,低毒性,2833;7468,O96028;P49682
T9734,Cc1c(S(=O)(=O)Nc2cccc(CN)c2)sc2ccc(Cl)cc12,AOC3,0.4041,高活性,低毒性,45425463;886523,P9WGR1
T15551,Cc1cc(-c2cnc([C@H](C)Nc3nccc(N4C(=O)OC[C@@H]4C(C)C)n3)nc2)ccc1F,AOC3,0.4041,活性,低毒性,3417,O75874
T72110,CCc1c(N2CCN(C(=O)c3ncccc3O)CC2)c(=O)n2nc(C3=CCOCC3)nc2n1CC(=O)Nc1ccc(C(F)(F)F)cc1C,AOC3,0.4041,活性,毒性,,Q14191
T88841,C[C@@H](Oc1ccc2[nH]nc(-c3ccc(N4CC5(C4)CN(S(C)(=O)=O)C5)nc3)c2c1)c1c(Cl)cncc1Cl,GPAM,0.4041,活性,毒性,,P52333;P35968;P35916;O60674;Q12809;P21802;P29376;P17948;P11362;P22607;P22455
T11077,c1nc(NC2CCC2)c2c3c(sc2n1)CCCC3,THRSP,0.4041,活性,低毒性,,P14416
T73494,Cc1cc(NC(=O)C(=O)N2C[C@@H](C)CC[C@@H]2c2ccc3scnc3c2)cnc1N,PPARG,0.4038,活性,毒性,,O14744;Q9BQA1
T88390,C=CC(=O)Nc1cccc(Nc2cccc(OCCCCC)c2)c1,SCD,0.4038,活性,低毒性,7004,Q15561
T19722,O=C(O)CN1C(=O)[C@@H](N[C@@H](CCc2ccccc2)C(=O)O)CCc2ccccc21,THRB,0.4038,活性,低毒性,100009274;1636,P12821;P12822;NP_001171528
T38293,O=C(O)c1cccc(-c2cc(C(=O)O)ncc2C(=O)O)c1,THRB,0.4038,活性,低毒性,4286,NP_001341533
T38625,CS(=O)(=O)Nc1ccc(C(=O)O[C@@H](Cc2c(Cl)c[n+]([O-])cc2Cl)c2ccc(OC(F)F)c(OCC3CC3)c2)cc1OCC1CC1,ACACA,0.4036,活性,低毒性,5141;5143,Q08493;Q08499;P27815;Q07343
T2545,CS(=O)(=O)O.O=C(NC1CCN(CCCCC2(C(=O)NCC(F)(F)F)c3ccccc3-c3ccccc32)CC1)c1ccccc1-c1ccc(C(F)(F)F)cc1,GPAM,0.4036,活性,低毒性,,P55157
T78558,Cc1nccnc1-c1nn2c(=O)cc(-c3ccc(C4CCCCC4)cc3)[nH]c2c1C(=O)N1CC(CF)C1,NR1H3,0.4036,活性,毒性,,
T21667,O=C(NCCCCN1CCN(c2cccc(Cl)c2Cl)CC1)c1cc2ccccc2s1,PPARG,0.4036,高活性,毒性,3358;1815;1814;6850;147;100144487;148;24318;29238;1559;1565;1812;146;1551;3357;7468,ANW61984;P08908;P35368;P35462;QLI62812;P41595;P19020;NP_000756;P25100;P21917;P21728;ABI96208;P28223;O96028;P35348;P14416;P61169;P28335;P50130;P43405
T10744L,Cc1c(Br)c(Br)c2c3c1nc(N1CCNCC1)n3CCC2.Cl,RXRA,0.4036,活性,低毒性,,P49336;Q9BWU1
T1961,CNC(=O)c1cccc(-c2ccc3c(N4CCOC[C@@H]4C)nc(N4CCOC[C@@H]4C)nc3n2)c1,RXRG,0.4036,高活性,毒性,64223;6850;5294;5293;5291;1559;7468;2235;2475;5295;57521;1551;43740568;1565;1489834,ANW61984;P42338;P42336;NP_004949;O00329;AMB37292;P42345;Q01813;P27986;QLI62812;Q8N122;O96028;Q9BVC4;NP_000756;P48736;P43405;P22830
T2091,Cc1noc2c1-c1ccccc1C(c1ccc(Cl)cc1)=N[C@H]2CC(N)=O,PPARD,0.4033,活性,毒性,23476;7468;6850,O96028;O60885;P43405;NP_490597
T5748,C=C[C@H]1[C@H](O[C@@H]2O[C@H](CO)[C@@H](O)[C@H](O)[C@H]2O)OC=C(C(=O)OC)[C@H]1C[C@@H]1c2cc(O)c(O)cc2CCN1C(C)=O,PPARG,0.4033,活性,低毒性,84706,Q8TD30
T13349,Cc1cc(Sc2nnnn2CCN(C)C)n2nc(SCc3ccc(Cl)cc3)nc2n1.Cl,PPARG,0.4033,活性,低毒性,9040;54165,P61081;Q96GG9;O60341
T10881,O=C(Nc1ccc(Cl)cc1CN1C(=O)c2ccccc2C1=O)c1ccccc1O,PPARG,0.4033,高活性,低毒性,2915;24418,NP_001137303;P41594;P31424
T6S2243,CC(=O)O[C@H]([C@@H](O)C[C@@H](C)C1=C2C[C@H](O)[C@H]3[C@@]4(C)CCC(=O)C(C)(C)[C@@H]4CC[C@]3(C)[C@@]2(C)CC1)C(C)(C)O,THRB,0.4033,活性,低毒性,,
T32114,CCC(=O)O[C@]1(C(=O)COC(C)=O)CC[C@H]2[C@@H]3CCC4=CC(=O)CC[C@]4(C)[C@H]3[C@@H](O)C[C@@]21C,NR1H3,0.4031,活性,低毒性,367;5241,P10275;P06401
T7392,CN(CCN1CCC(OC(=O)Nc2ccccc2-c2ccccc2)CC1)C(=O)c1ccc(CN2CCC(C(N)=O)CC2)cc1,NR1H4,0.4031,活性,毒性,1129;1131,P20309;P08172
T26326,O=C(NCCN1CCC2(CC1)C(=O)NCN2c1ccccc1)c1cnc2ccccc2c1,PPARG,0.4031,高活性,低毒性,5337;5338,O14939;NP_002653;NP_002654;NP_001230037;NP_001123553
T35570,COc1ccc2c(Oc3ccc4c(C(=O)Nc5ccccc5N)cccc4c3)ccnc2c1,THRSP,0.4031,活性,低毒性,,P16234
T63643,C=CC(=O)N1CCN(c2ncc3ncnc(Nc4ccc(Oc5ccc6c(c5)ncn6C)c(C)c4)c3n2)CC1,THRSP,0.4031,活性,低毒性,,P04626
T28855,CCN(Cc1cccnc1)C(=O)c1ccc(Cl)c([C@]2(C)C(=O)N(Cc3ccc(OC)cc3OC)c3ccc(Cl)cc32)c1,THRSP,0.4028,高活性,低毒性,5021;552,NP_000907;NP_000697
T10802,C=CC(=O)N1CCC[C@@H](n2nc(-c3ccc(OCc4ccccn4)c(Cl)c3)c3c(N)ncnc32)C1,ACACA,0.4026,活性,低毒性,660;3643;5604;695;640;2066,Q02750;P51813;Q06187;P00533;P06213;Q15303;P04626;P51451
T26035,CCOc1ccc(-n2c(C(C)N(Cc3cccnc3)C(=O)Cc3ccc(F)c(C(F)(F)F)c3)nc3ncccc3c2=O)cc1,AOC3,0.4026,活性,毒性,2833;6850;1559;1551;7151;1565;7157,ANW61984;NP_001119587;ABI96208;QLI62812;NP_000756;NP_001136269;P43405
T4336,CC(C)S[C@@H]1O[C@H](CO)[C@H](O)[C@H](O)[C@H]1O,ACACA,0.4023,活性,低毒性,,3DYO_A;3VD4_A;3T0B_A;3I3D_A;3MUZ_1;3T08_A;1PX4_A;3T2P_A;3VDC_A;3VD9_A
T8431,Fc1c(Br)cccc1Nc1ncnc2cc3c(cc12)OCCO3,ACACA,0.4023,活性,低毒性,,P00533
T5194,O=C(Nc1cc(C(F)(F)F)ccc1N1CCN(Cc2ccccn2)CC1)c1ccc(-c2ccncc2)o1,AOC3,0.4023,高活性,低毒性,6733;3757;6732;9149;1195;57396;1196;26576,P49759;Q9HAZ1;P78362;P49760;Q9UPE1;Q12809;Q96SB4;Q9Y463;Q13627
T63736,COc1ccc(Cl)c(C(=O)N2C3CCC2CN(Cc2c(-c4ccc(C(C)C)cc4)nc4ncccn24)C3)n1,AOC3,0.4023,高活性,低毒性,3777;51305,O14649;Q9NPC2
TQ0132,CN1CCN([C@H]2CC[C@H](n3cc(-c4ccc(Oc5ccccc5)cc4)c4c(N)ncnc43)CC2)CC1.Cl.Cl.Cl,PPARD,0.4023,活性,毒性,,
T13140,CC(C)Oc1ccc(-c2nn([C@H](C)c3oc4ccc(F)cc4c(=O)c3-c3cccc(F)c3)c3ncnc(N)c23)cc1F,PPARD,0.4023,活性,低毒性,5293,O00329
T8697,CCS(=O)(=O)c1ncc(Cl)c(C(=O)N(Cc2ccc(Cl)cc2)Cc2ccco2)n1,THRSP,0.4023,活性,低毒性,,
T39933,COCCN(CCCCC1=CC=C2CCCN=C2N1)CC[C@H](Nc1ncnc2ccccc12)C(=O)O,ACACA,0.4021,高活性,低毒性,3678;3685;3694,P18564;P06756;P08648
T2026,CCOc1ccc(-c2nc(-c3cccc4c3CCC4NCCO)no2)cc1OCC,PPARG,0.4021,活性,毒性,6850;1901;53637;8698;1551;7468;1903,NP_001391;P21453;O96028;O95977;Q9H228;NP_000756;Q99500;P43405
T78212,CO[C@@H](C)c1ncc(N2CCN(C3CC3)CC2)cc1-c1c2c3cc(ccc3n1CC(F)(F)F)N1CCO[C@@H](C[C@H](NC(=O)[C@H](C3CCCC3)N3CC[C@]4(CCN(C(=O)[C@H]5[C@@H](C6CC6)N5C)C4)C3)C(=O)N3CCC[C@H](N3)C(=O)OCC(C)(C)C2)C1,THRSP,0.4021,活性,低毒性,,
T16028,Oc1c(C(Nc2ccccn2)c2cccs2)ccc2cccnc12,AOC3,0.4019,活性,毒性,4170,AAI07736
T13564,C=CC(=O)Nc1cc(Nc2nccc(-c3cn(C)c4ccccc34)n2)c(OC)cc1N(C)CCNC,AOC3,0.4019,活性,毒性,3480,P00533;P08069
T4276L,O=c1[nH]ccc2c(S(=O)(=O)N3CCCNCC3)cccc12,NR1H3,0.4019,活性,低毒性,6093;18747;5566;3757;6347;9475;5568;5567,P49759;P22612;Q13464;2ERZ_I;2ERZ_E;2ETK_A;Q12809;Q16513;O75116;P13500;P22694;O75385;P05132;P17612;Q6JQN1;Q9BZL6;Q16512
T73295,O=[N+]([O-])c1cc(S(=O)(=O)C(Cl)(Cl)Br)ccc1NC1CCCCC1,NR1H4,0.4019,活性,低毒性,65125,Q9H4A3
T3160,Cc1ccc2nc(-n3nc(C)c(Cc4ccccc4)c3O)[nH]c2c1,PPARG,0.4019,活性,低毒性,221120,Q96Q83
T62872,CCN1CCN(c2ccc(Nc3ncc(C)c(Nc4ccc5cn[nH]c5c4)n3)cc2OC)CC1,PPARG,0.4019,活性,毒性,3551;5159;2263;238,O14920;P09619;P21802;P23458;Q9UM73;P16234
T7725,C[C@@H](n1cnc2cc(Cl)ccc2c1=O)[C@](O)(Cn1cncn1)c1ccc(F)cc1F,THRSP,0.4019,活性,低毒性,3552837;3554116,P08684;Q7Z1V1
T6269,Nc1nc(Nc2ccc3c(c2)CC[C@@H](N2CCCC2)CC3)nn1-c1cc2c(nn1)-c1ccccc1CCC2,THRSP,0.4019,高活性,毒性,4837;6850;10461;3791;5409;43740568;1565;3176;238;3458;27232;6714;4233;558;2593;780;28989;9212;6790;7301;2322;7468;3815;5979,ANW61984;Q9BV86;P10721;P36888;P21964;Q9UM73;P00533;O60674;P08581;Q14749;Q12866;Q14353;P12931;O14965;O96028;NP_000610;Q06418;P30530;Q96GD4;P11086;P50135;P35968;P07949;Q08345;P43405;P40261;P16234
T7738,C=CC(=O)Nc1cc(N2CCN(CC)CC2)ccc1Nc1cc(N(C)C(=O)Nc2c(Cl)c(OC)cc(OC)c2Cl)ncn1,AOC3,0.4016,活性,毒性,2264;2263;6850;2261;2249;2260,P21802;P08620;P11362;P22607;P22455;P43405
TCS1704,COc1ccc(-c2oc3cc(OC)c(OC)c(O)c3c(=O)c2OC)cc1OC,PPARG,0.4016,活性,低毒性,,
T63098,O=C(NCc1cccs1)[C@@H]1CN(C(=O)c2cccnc2)CCN1c1ccc(Cl)c(Cl)c1,AOC3,0.4014,活性,低毒性,,P0DTD1
T27703,O=C(N1CCC(=C2c3ccc(Cl)cc3CCc3cccnc32)CC1)n1cncn1,MLXIPL,0.4014,高活性,低毒性,57406;2166;100730517,P31389;Q9BV23;O00519;Q99685
T7687,CCCCCCCOc1ccc(O)cc1,PPARD,0.4014,活性,毒性,2516,Q13285
T12293L,NCCCC[C@H](NC(=O)[C@@H](Cc1cc(Br)c(O)c(Br)c1)NC(=O)N1CCC(N2Cc3ccccc3NC2=O)CC1)C(=O)N1CCN(c2ccncc2)CC1,PPARG,0.4014,高活性,低毒性,796;10203;25029;10267,Q63118;O60894;P06881;Q16602
T9043,NC(=O)CN1CCN(c2ccc(Nc3ncc4ccn(Cc5cc(F)cc(F)c5)c4n3)cc2)CC1,THRSP,0.4014,活性,低毒性,6778,P42226
T10244,O=C(NO)c1cnc(NC2(c3ccccc3)CCC(F)(F)CC2)nc1,AOC3,0.4011,高活性,低毒性,10014;51564;10013;3065;15185;8841;3066,Q9UQL6;Q8WUI4;Q9UBN7;Q13547;Q9Z2V5;Q92769;O15379
T6357,C[C@H](Oc1cc(-c2cnn(C3CCNCC3)c2)cnc1N)c1c(Cl)ccc(F)c1Cl,MLXIPL,0.4011,活性,毒性,4837;2593;4521;27232;3176;6850;8491;5409;4233;43740568;7468;3458;238,Q8IVH8;P43405;P36639;P08581;O96028;NP_000610;P21964;Q14749;P40261;P11086;Q9UM73;Q14353;P50135
T19841,CCOC1O[C@H]([C@@H](COCc2ccccc2)OCc2ccccc2)[C@H](OCc2ccccc2)[C@H]1O,PPARG,0.4011,活性,低毒性,1128,P11229
TN2225,CC1(C)C[C@@H](O)[C@]2(C)CC[C@]3(C)C(=CC[C@@H]4[C@@]5(C)CC[C@H](O)[C@](C)(CO)[C@@H]5CC[C@]43C)[C@@H]2C1,NR1H3,0.4009,活性,毒性,,
T63291,O.O=C(Nc1cccc2c(=O)cc(-c3nnn[nH]3)oc12)c1ccc(OCCCCc2ccccc2)cc1,PPARD,0.4009,活性,低毒性,10800,Q9Y271
T27328,CN(C)CCC(NC(=O)c1ccc(-c2ccccc2)cc1)c1ccc(Cl)cc1,ACACA,0.4006,活性,低毒性,2837,Q9UKP6;NP_061822
TN6673,O=C1N[C@@H](Cc2ccccc2)C(=O)N2C[C@H](O)C[C@@H]12,AOC3,0.4006,活性,低毒性,1723,Q02127
T61485,CCCc1cc(=O)nc(SCC(=O)c2ccc3c(c2)CCCC(=O)N3)[nH]1,FASN,0.4006,活性,低毒性,8644;1645;1109;1646,P42330;Q04828;P52895;P17516
T16022,CC(=O)NCCOC(=O)[C@H](Oc1cccc(C(F)(F)F)c1)c1ccc(Cl)cc1,GPAM,0.4006,活性,低毒性,5468,P37231
T12568,Cc1ccc(S(=O)(=O)N2c3ccccc3Oc3ccccc32)cc1,NR1H3,0.4006,高活性,低毒性,5025;29659,Q9JJX6;Q99571;P51577;NP_001248327
T89068,O.O=C1C(Cl)=CC(=Nc2ccc([O-])cc2)C=C1Cl.[Na+],PPARD,0.4006,活性,低毒性,7421,NP_001017535
T22518,O=C1CN=C(c2cccc(Br)c2)c2oc3ccccc3c2N1,ACACA,0.4004,活性,毒性,9970;6850;1559;29659;5025;7468,QLI62812;O96028;ADZ17385;NP_001248327;Q99571;P51577;P43405
T31479,CC(C)OC(=S)SSC(=S)OC(C)C,PPARA,0.4004,活性,低毒性,,
T9006,O=C1O[C@@H](C(=O)N2CCN(Cc3nc(=O)c4c5c(sc4[nH]3)CCCC5)CC2)Cc2ccccc21,RXRG,0.4004,活性,低毒性,,O96028
T20887,CC(C)c1c(C(=O)Nc2ccccc2)c(-c2ccccc2)c(-c2ccc(F)cc2)n1CC[C@@H](O)C[C@@H](O)CC(=O)[O-].[Na+],NR1H4,0.4001,活性,低毒性,25675,P51639
T77336,OCC1(CCCc2ccccc2)CCCN(c2nccc3ccccc23)C1,SCD,0.4001,活性,低毒性,,
T78802,CCOC(=O)c1cnc(NCc2ccccc2)nc1NCCCNC(=S)NCCC(=O)O,AOC3,0.3999,活性,低毒性,23408,Q9NXA8
T9152,Oc1ccccc1-c1nc2ccccc2[nH]1,AOC3,0.3999,活性,低毒性,3064,P42858
T3082,CC(C)N(CCCNC(=O)Nc1ccc(C(C)(C)C)cc1)C[C@H]1O[C@@H](n2cc(Br)c3c(N)ncnc32)[C@H](O)[C@@H]1O,RXRA,0.3999,活性,毒性,4837;2593;28989;27232;6850;1786;5409;84444;1551;43740568;1565;7468;3176,P0DTD1;ANW61984;Q9BV86;P43405;NP_115871;Q8TEK3;P26358;ABI96208;O96028;Q14749;NP_000756;P40261;P21964;P11086;Q14353;P50135
TQ0248,C[C@@H]1C[C@@H]([C@@H](O)C(C)(C)O)O[C@H]2C[C@@]3(C)C(=C12)C[C@H](O)[C@H]1[C@@]2(C)CCC(=O)C(C)(C)[C@@H]2CC[C@@]13C,THRB,0.3999,活性,低毒性,,
T24131,Nc1ccccc1NC(=O)c1ccc(-c2cn(CCc3ccsc3)nn2)cc1,GPAM,0.3997,活性,毒性,3065;9611;8841,O75376;Q13547;O15379
T8816,Clc1ccc(CCNC2CCN(Cc3ccccc3)CC2)c(Cl)c1,MLXIPL,0.3997,活性,低毒性,,
T11878,CCOc1nc(Nc2ccc(C(=O)N3CCOCC3)cc2OC)nc2[nH]ccc12,PPARG,0.3997,活性,低毒性,120892,Q5S007
T5618,O=C(Nc1cccc([N+](=O)[O-])c1)c1cccc(S(=O)(=O)N2CCCCCC2)c1,PPARG,0.3994,活性,毒性,1551;1559;6850,QLI62812;P43405;NP_000756;ABI96208
T8793,CC(C)N1CCC(NC(=O)c2c(Cl)cccc2Cl)CC1,THRSP,0.3994,活性,低毒性,,
T8605,c1ccc(-c2noc(CSc3nnc(-c4ccncc4)o3)n2)cc1,NR1H4,0.3992,活性,低毒性,2932;2931,P49841;P49840
T11368,CCN(CC)c1ccc(NC(=O)c2c(-c3ccccc3)noc2C)cc1,PPARG,0.3992,活性,低毒性,2693;14463;18091,Q92847;P42582;Q08369
T7764,O=C(Nc1ccc(Cl)cc1)C1CN(C(=O)c2cccc(-c3ccco3)c2)CC(F)(F)C1,RXRA,0.3992,活性,低毒性,,
TN1117,COc1ccc([C@H]2O[C@@H](c3ccc(OC)c(OC)c3)[C@@H](C)[C@@H]2C)cc1OC,SCD,0.3992,活性,低毒性,,
T5640,O=C(NC1(c2ccccc2)CC1)c1c(CN2CCC(N3CCCCC3)CC2)c(-c2cccc(C(F)(F)F)c2)nc2cc(Br)ccc12,RXRG,0.3989,活性,毒性,66026;1559;1551;63873;1565;7468;59341,Q9ERZ8;ANW61984;NP_071300;ABI96208;QLI62812;O96028;NP_000756;NP_076460;NP_001170904;Q9HBA0
T22092,CCCCCCCOC(=O)Cc1c(C)n(C(=O)c2ccc(Cl)cc2)c2ccc(OC)cc12,PPARG,0.3987,活性,低毒性,5743,P35354
T69611,COc1ccc(OC[C@H]2c3cccn3CC(=O)N2Cc2cccc(F)c2)cc1,RXRB,0.3987,活性,低毒性,24411;24412;24408,P35439;Q00961;Q62645
T1978,CCOc1c2c(c(OCC)c3ccccc13)C(=O)N(c1ccc(CC(=O)NS(=O)(=O)c3ccccc3)cc1)C2,SCD,0.3987,活性,低毒性,1551;5734,NP_000756;NP_000949;ABI96208
T19784,c1csc(-c2ccc(-c3cccs3)c3nsnc23)c1,PPARG,0.3984,活性,低毒性,,
T10692,C[C@H](N)C(=O)N1C[C@H](CCCB(O)O)[C@](N)(C(=O)O)C1.Cl.Cl,RXRG,0.3984,活性,低毒性,,P05089;P78540
T37173,O=C[C@H](C[C@@H]1CCNC1=O)NC(=O)[C@H](CC1CCCCC1)NC(=O)c1cc2ccccc2[nH]1,AOC3,0.3982,活性,低毒性,,P0DTD1;P07858;P0C6U8
T12684,O=C(O)c1cc(Cl)ccc1S(=O)(=O)NCCCCN1C(=O)c2cccc3cccc(c23)C1=O,GPAM,0.3982,活性,低毒性,9170,Q9HBW0
T8964,CS(=O)(=O)c1ccccc1N1CCN(c2nc3c(c(=O)[nH]2)CSCC3)CC1,RXRA,0.3982,活性,低毒性,1559,QLI62812;ABI96208
T9818,FC(F)(F)c1ccc(Nc2ncnc3cc(-c4ncccc4C(F)(F)F)ccc23)cc1,ACACA,0.3979,活性,低毒性,7442;83810,O35433;Q8NER1
T4034,C[C@@H]1CC[C@@]2(NC1)O[C@H]1C[C@H]3[C@@H]4CC=C5C[C@@H](O[C@@H]6O[C@H](CO)[C@@H](O[C@@H]7O[C@@H](C)[C@H](O)[C@@H](O)[C@H]7O)[C@H](O)[C@H]6O[C@@H]6O[C@@H](C)[C@H](O)[C@@H](O)[C@H]6O)CC[C@]5(C)[C@H]4CC[C@]3(C)[C@H]1[C@@H]2C,AOC3,0.3979,活性,毒性,,
T4681,CC1(C)Oc2ncnc(N)c2N=C1c1ccc([C@H]2CC[C@H](CC(=O)O)CC2)cc1,AOC3,0.3979,活性,低毒性,8694;84497,Q9ERM3;NP_036211;O75907
T64004,CC(C)c1noc(N2CCN(C(=O)[C@@H]3CCCN(S(=O)(=O)c4ccc(S(=O)(=O)C5CCC5)cc4)C3)CC2)n1,AOC3,0.3979,活性,毒性,,
T12926,O=C1c2ccccc2C(=O)c2oc(-c3cccnc3)nc21,GPAM,0.3979,高活性,毒性,7398;57602;9101;55611;9099,Q96FW1;P40818;O94782;O75604;Q9P275;Q8JUX6
T69742,CN(C)C(=O)c1cc2cnc(Nc3ccc(-c4csc5c(=O)cc(N6CCOCC6)oc45)cc3)nc2n1C1CCCC1,AOC3,0.3977,高活性,低毒性,1021;5291;1019,P11802;P50750;P42338;P42336;O60885;Q00534
T6204,Nc1ccc2ncnc(NCCc3ccc(Oc4ccccc4)cc3)c2c1,GPAM,0.3977,活性,毒性,3458,NP_000610
T68292,O=C(c1ccc(O)c(F)c1)N(c1ccc(O)cc1)c1ccc(F)cc1,NR1H3,0.3977,活性,低毒性,2100,P03372;Q92731
T26794,C[C@@H](c1ccc(-c2ccn(C)c(=O)c2)cc1)N1CC[C@](CC(C)(C)O)(c2ccccc2)OC1=O,PPARG,0.3977,活性,低毒性,3290;15483,P28845;P50172
T9576,COc1cc(C2CCN(C)CC2)ccc1Nc1ncc(C(F)(F)F)c(CCc2ccccc2CC(N)=O)n1,ACACA,0.3975,高活性,低毒性,2324;14083,Q05397;P34152;P35916
T16844,CCOC(=O)c1ncn2c1CN(C)C(=O)c1c(Cl)cccc1-2,AOC3,0.3975,高活性,低毒性,25451;29707;140674;289606;140675;29708;79211;65191;29705;29709;81658;24947;24922;29689;25450,P28473;P15431;P19969;P62813;P63138;P63079;O09028;P18506;P30191;P18508;Q9ES14;P20236;P28471;P23574;P23576;Q91ZM7
T6030,Cc1c(C(=O)N2CCOc3ccc(-c4ccc(N)nc4)cc3C2)ccc(S(C)(=O)=O)c1F,AOC3,0.3975,活性,毒性,28989;6850;7157;7151;7468,Q9BV86;NP_004949;NP_001119587;ABI96208;P78527;O96028;P43405
T11016,CC1(C)Oc2ncnc(N)c2N=C1c1ccc(C23CCC(CC(=O)O)(CC2)CC3)cc1,AOC3,0.3975,活性,低毒性,6646;8694;84497,P35610;O75907;Q9ERM3
T4295,O=C1N[C@](c2ccc(N3CCOCC3)cc2)(c2cccs2)CC(O)=C1Sc1ccccc1Cl,GPAM,0.3975,活性,低毒性,,
T15442,COc1c(C)cc(NC(=O)c2nn(Cc3ccc(F)cc3)c3c2CN(C(=O)c2ccc[nH]2)C[C@]3(C)C(N)=O)cc1C,AOC3,0.397,活性,低毒性,3417,O75874
T60039,COc1ncnc(C2CC2)c1-c1ncc2cnn(Cc3ccc(-c4nc(C(F)(F)F)cn4C(C)C)cc3)c2n1,AOC3,0.397,活性,低毒性,7398,O94782;Q8TAF3
T4413,C=CC(=O)Nc1cccc(Oc2nc(Nc3ccc(N4CCN(C)CC4)cc3)nc3ccoc23)c1,THRB,0.397,高活性,低毒性,969;3718;695,Q06187;NP_000052;NP_000206;P52333;Q07108
T5419,O=C(NCCN1CCCC1)c1cc(-c2ccc(CN3CCOCC3)cc2)nc2ccc(F)cc12,THRSP,0.397,活性,低毒性,28989,Q9BV86
T23321,COC(=O)[C@H](Cc1ccc([N+](=O)[O-])cc1)NC(=O)c1cccc2ccccc12,PPARG,0.3967,活性,毒性,1565;1559;6850;1232,ANW61984;P51677;ABI96208;QLI62812;P43405
T72754,NC(=O)N1N=C(c2ccc(C(F)(F)F)cc2)C[C@H]1c1cn(Cc2ccc(OCCN3CCCCCC3)cc2)c2ccc(Br)cc12,PPARG,0.3965,活性,低毒性,,
T63273,COc1cccc(-c2cc(C(=O)Nc3cc4ccc(OC(C)=O)c(OC)c4oc3=O)ccc2OC)c1,PPARG,0.3965,活性,低毒性,,
T3S0208,CC1(C)CC[C@]2(C(=O)O[C@@H]3O[C@H](CO)[C@@H](O)[C@H](O)[C@H]3O)CC[C@]3(C)C(=CC[C@@H]4[C@@]5(C)CC[C@H](O)[C@@](C)(CO)[C@@H]5CC[C@]43C)[C@@H]2C1,RXRG,0.3965,活性,低毒性,,P13726
T6918,C=CC(=O)Nc1cccc(Oc2nc(Nc3ccc(N4CCN(C)CC4)cc3)nc3ccsc23)c1,THRB,0.3965,高活性,毒性,150;140;6850;11255;1956;3791;1128;148;3757;5141;3350;1814;695;1812;6915;7468;1129;25549;6531;4988,NP_958441;P08908;P35372;Q01959;P35462;P08913;P08172;P11229;P27815;P0DMS8;Q01827;P00533;P21728;P21731;Q06187;O96028;P35348;P35968;Q12809;Q9Y5N1;P43405
T6073,N[C@H]1C[C@@H]1c1ccc(-c2cccc(O)c2)cc1,NR1H3,0.3962,活性,低毒性,23028;10013,O60341;NP_001009999;Q9UBN7
T6639,Cc1ccc(C(=O)NCCCCCC(=O)Nc2ccccc2N)cc1,PPARG,0.3962,活性,毒性,3066;3065;9612;8841,NP_003874;Q13547;NP_004955;Q9Y618;Q92769;O15379
T63898,CO[C@H](Cc1ccc(OCCc2nc(-c3ccccc3)oc2C)c2ccsc12)C(=O)O,PPARG,0.3962,高活性,低毒性,5468;5467;5465,Q03181;P37231;Q07869
TN6930,COc1ccc(-c2cc(=O)c3c(O)c(OC)c(OC)cc3o2)cc1OC,PPARG,0.3962,活性,毒性,1543;1545;4985;1544,P05177;P41143;Q16678;P04798
T17250,COc1ccc2c(c1)C(C(=O)N(Cc1ccc(N(C)C)cc1)c1ccc(C(C)C)cc1)CCC2.Cl,SCD,0.3962,活性,低毒性,8477;728;1880;266977,P21730;Q8IYL9;P32249;Q5T601
T27405,O=[N+]([O-])CC(c1ccccc1)c1c(-c2ccccc2)[nH]c2ccccc12,ACACA,0.396,活性,低毒性,12801;25248;1268,P21554;P47746;P20272;P34972
T22282,O=C1Nc2cc(=O)n(Cc3ccccc3)cc2CN1c1cccc(OCc2cncs2)c1,PPARG,0.396,活性,低毒性,23020,O75643
T2256,CC(C)=CC(=O)CCC(=O)N1CCN(Cc2cc3nc(-c4cccc5[nH]ncc45)nc(N4CCOCC4)c3s2)CC1,RXRB,0.396,高活性,毒性,5293;5291;5294,O00329;P42338;P48736;P42336
T22396,C=CC(=O)Nc1cc2c(Nc3ccc(F)c(Cl)c3)ncnc2cc1OC,ACACA,0.3958,高活性,低毒性,54920;2065,P00533;Q9NX74;P21860
T7201,COC(=O)Nc1c(N)nc(-c2nn(Cc3ccccc3F)c3ncccc23)nc1N,AOC3,0.3958,活性,低毒性,497757,P19686
T12238,CC(C)[C@H]1c2ccc(F)cc2CC[C@@]1(CCN(C)CCCc1nc2ccccc2[nH]1)OC(=O)C1CC1.Cl.Cl,AOC3,0.3958,高活性,毒性,774;8912,Q00975;O95180
T10841,CCCc1nn(C)c2c(=O)nc(-c3cc(Cc4ccc(C(=O)Nc5ccccc5N)cc4)ccc3OCC)[nH]c12,THRSP,0.3958,高活性,低毒性,8654;3065,O76074;Q13547
TN2256,CC(=O)O[C@H]1[C@H]2[C@H]([C@@H]3[C@@H](O)[C@@H]4[C@H]([C@H](C)C=C5OC(=O)[C@@](C)(O)[C@@]54C)[C@@]3(C)[C@H]1OC(C)=O)[C@@H](O)C(=O)[C@H]1C[C@@H]3O[C@@H]3[C@H](OC(C)=O)[C@]21C,AOC3,0.3955,活性,低毒性,,
T9360,O=C1CCC(N2C(=O)c3ccc([N+](=O)[O-])cc3C2=O)C(=O)N1,PPARG,0.3955,活性,低毒性,,Q96SW2;A4TVL0;Q16531
T3227,O=C(O)[C@H](O)Cc1ccc(O)c(O)c1,FASN,0.3953,活性,低毒性,23135,P0DTD1;O15054
T7907,COc1ccc2c(=O)cc(-c3ccccc3)oc2c1,PPARD,0.3953,活性,低毒性,1588;8658,P11511;O95271
T11573,NC(=O)c1cc(-c2ccc(Cl)cc2)cc(-c2ccc(S(N)(=O)=O)cc2)c1N,PPARG,0.3953,高活性,低毒性,3551;1147,O15111;O14920
T18681,COc1cc2c(Oc3ccc(NC(=O)C4(C(=O)Nc5ccc(F)cc5)CC4)cc3F)ccnc2cc1OCCCCOCCCCOCC(=O)N[C@H](C(=O)N1C[C@H](O)C[C@H]1C(=O)NCc1ccc(-c2scnc2C)cc1)C(C)(C)C,RXRG,0.3953,活性,低毒性,,P40337;Q16539
T35557,O=C(NCCO)c1ccc2c(c1)nc(Nc1cccc(Cl)c1)c1ccncc12,PPARG,0.395,活性,毒性,216;1460;283106;1459;1196;1457,P49760;P00352;P19784;Q8NEV1;P68400;P67870
T1853,Cc1cc(OCc2nnc(SC3CCCC3)n2-c2cccnc2)ccc1-c1ccc(S(C)(=O)=O)cc1,RXRG,0.395,活性,毒性,6850;7415;1551;1559;7157;7151;7468;3458,NP_001119587;ABI96208;QLI62812;O96028;NP_000610;P55072;NP_000756;P04637;P43405
T62037,CCCc1cc(=O)oc2c(C(=O)N3CCCc4ccccc43)c(OC)cc(OC)c12,SCD,0.395,活性,低毒性,7153,P11388
TN1300,COc1cc2oc(CCc3ccccc3)cc(=O)c2cc1OC,ACACA,0.3948,高活性,低毒性,4790;4791;5970,P19838;Q00653;Q04206
T81778,CC(C)(C)[C@H](NC(=O)[C@H](Cc1ccncc1)NC(=O)CNC(=O)CC[C@H](NS(=O)(=O)c1ccc(Cl)c(C(F)(F)F)c1)C(=O)O)C(=O)N1CCC[C@H]1CC(N)=O,AOC3,0.3948,活性,低毒性,17393,P08253;P50281;Q10738;P39900;P09237
T15259,CC(C)(C)c1ccc(CN(Cc2cccc(OCC(=O)O)c2)S(=O)(=O)c2cccnc2)cc1,AOC3,0.3948,活性,低毒性,5732;5734;81752,P43116;NP_000949;Q62928;NP_112350
T1904,Cc1cc(Nc2ccc(NC(=O)c3ccc(Nc4ccnc5ccccc45)cc3)cc2)nc(N)n1,NR1H4,0.3948,高活性,毒性,4837;2593;27232;1786;1789;4609;5606;5409;29947;7157;7151;1788;7468;3176;3458,Q9UBC3;P46734;NP_001124295;P01106;P26358;NP_001119587;O96028;Q9Y6K1;NP_000610;Q14749;Q9UJW3;P40261;P21964;P11086;Q14353;P50135
T7155,CNc1nc(Nc2ccc(C(=O)N3CCOCC3)cc2OC)nc2[nH]cc(Cl)c12,PPARA,0.3948,活性,毒性,6850;7468;120892,O96028;Q5S007;P43405
T205350,Nc1ncnc2c1ncn2[C@@H]1O[C@H](COP(=O)(O)OP(=O)(O)OC[C@@H](O)[C@@H](O)[C@@H](O)C=O)[C@@H](O)[C@H]1O,XPR1,0.3948,活性,低毒性,7226,NP_003298
T9754,CO[C@@H]1CCN(c2nccc(Nc3cc4c(C(C)C)ccc(N5C[C@H](CS(C)(=O)=O)[C@H]5C)c4cn3)n2)C[C@@H]1F,AOC3,0.3945,活性,毒性,,P00533
T9102,Cc1cc(-c2ccccc2)cc(C(=O)NNS(=O)(=O)c2cccc(O)c2)c1F,PPARG,0.3945,活性,低毒性,,O95251;Q92794
T1021,Cc1c(OCC(F)(F)F)ccnc1C[S@@](=O)c1nc2ccccc2[nH]1,PPARG,0.3945,活性,低毒性,23098;4297;2876;11091;2879,P36969;Q03164;P61964;P07203;Q6SZW1
T11329,CC1(C)c2cccc(C(=O)NO)c2CN1c1cnc(C(F)(F)F)cn1,RXRA,0.3945,活性,低毒性,79885;55869,Q9BY41;Q96DB2
T61025,CN1C(=O)CC[C@H]1C(=O)NCc1cccc(C(F)(F)F)c1Cl,AOC3,0.3943,活性,低毒性,5027;29665;18439,Q9Z1M0;Q64663;Q99572
T22461,C=CC(=O)Nc1ccc(C(=O)Nc2n[nH]c3c2CN(C(=O)N[C@H](CN(C)C)c2ccccc2)C3(C)C)cc1,GPAM,0.3943,活性,低毒性,8900,P51946;P50613;P50750;P78396;O60563;P51948;P24941;P20248
T2711,CCC(C)c1ccc(NC(=O)Cn2cnc3c2c(=O)n(C)c(=O)n3C)cc1,PPARG,0.3943,活性,低毒性,1559;8989,NP_015628;QLI62812
T15410,Cc1cncc(-c2nc(NCCc3c[nH]c4ccccc34)c3ncn(C(C)C)c3n2)c1,AOC3,0.394,活性,低毒性,,P35869
T60185,C=C(C)C(=O)Nc1ccc(-c2c(-c3ccc(Oc4nccc(C)n4)c(F)c3)c3c(N)ncnc3n2C)cc1,PPARD,0.394,活性,低毒性,2263,P10635;P11712;P33261;P21802;P11362;P22607
T8681,Cl.NC(N)=NCCNS(=O)(=O)c1cccc2cnccc12,THRSP,0.394,活性,低毒性,,
T15046,CCOC(=O)CCN(C(=O)c1ccc2c(c1)nc(CNc1ccc(C(=N)N)cc1)n2C)c1ccccn1,NR1H4,0.3938,活性,低毒性,4837;2593;27232;4835;5409;1551;3176,ABI96208;Q14749;NP_000756;P40261;P21964;P11086;P16083;Q14353;P50135
T9983,CCOC(=O)N1CCC(NS(=O)(=O)c2ccc(NC(=O)c3ccccc3C)c3ccccc23)CC1,PPARG,0.3938,活性,低毒性,1237,P51685
T9682,Cc1ccc(C(=O)N(CCCN)C(c2nc3snc(C)c3c(=O)n2Cc2ccccc2)C(C)C)cc1,THRSP,0.3938,活性,低毒性,,P52732;NP_004514
T67779,C[C@H]1CNC(=O)c2cnn3cc4c(nc23)N(Cc2cc(F)cnc2O1)[C@@H]1CCC[C@@H]1O4,AOC3,0.3936,活性,低毒性,,
T69659,N=C(N)NCCCCNc1nc(Nc2ccc(Oc3ccccc3)cc2)nc(N2CCN(c3nc(N)nc(Nc4ccc(N5CCOCC5)cc4)n3)CC2)n1,GPAM,0.3936,活性,毒性,,
T2318,CCCCC(=O)N(Cc1ccc(-c2ccccc2-c2nnn[n-]2)cc1)[C@H](C(=O)[O-])C(C)C.CCOC(=O)[C@H](C)C[C@@H](Cc1ccc(-c2ccccc2)cc1)NC(=O)CCC(=O)[O-].O.O.[Na+].[Na+].[Na+],GPAM,0.3936,高活性,低毒性,4311;186,P50052;P08473
T21422,C[N+]1(CC2CC2)CC[C@]23c4c5ccc(O)c4O[C@H]2C(=O)CC[C@@]3(O)[C@H]1C5.[Br-],NR1H3,0.3936,高活性,低毒性,4988;100135587;4985,P35372;P41143;P41144
T9089,Cc1n[nH]c(C)c1-c1cc(Cl)c(Nc2ccccc2C(=O)NO)c(Cl)c1,RXRA,0.3936,活性,低毒性,79068,Q9C0B1
T5101,CNc1ncnc2c1ncn2Cc1ccccc1F,THRSP,0.3936,活性,低毒性,,Q08493;P27815;Q07343;Q08499;O76074
TN1740,COc1cc([C@@H]2CC(=O)c3c(O)cc(O)cc3O2)ccc1O,THRSP,0.3936,活性,低毒性,1545,Q16678
T4624,COc1nc(NCCc2ccc(Cl)cc2Cl)cc(-c2cccc(C(C)(C)C(=O)O)c2)n1,THRSP,0.3936,活性,低毒性,5729,Q13258
T5443,Cc1sc2c(c1C)C(c1ccc(Cl)cc1)=N[C@@H](CC(=O)O)c1nnc(C)n1-2,PPARD,0.3933,活性,毒性,,O60885
T10877,O=C(Cc1c(F)cccc1F)Nc1cc(OCc2ccc(Cl)cc2)ccn1,PPARG,0.3933,活性,毒性,7468;6850,O96028;P43405
T14613,Cn1cc(C2=C(c3coc4ccccc34)C(=O)NC2=O)c2cc(Br)ccc21,PPARG,0.3931,活性,毒性,7468;6850;2932,O96028;P49841;P43405
T72165,O=C(Nc1ccc(Cl)cc1)c1ccc(-c2nnn[nH]2)cc1,PPARG,0.3931,活性,低毒性,7498,P47989
T17247,Cc1cc(OCCCc2c3n(c4c(-c5c(C)nn(C)c5C)c(Cl)ccc24)[C@H](C)CN(c2cn(C)c4ccc(C(=O)O)cc24)C3=O)cc(C)c1Cl,PPARG,0.3931,高活性,毒性,4170;7468;6850;2879,P36969;Q07820;P10415;O96028;P43405
T9972,C=CC(=O)N1CCN(c2nc(OC[C@@H]3CCCN3C)nc3c(F)c(-c4nc(N)cc(C)c4C(F)(F)F)c(Cl)cc23)[C@@H](C)C1,GPAM,0.3928,活性,低毒性,,P01116
T14907,Cn1cc(-c2ccc(-c3cncc(Cl)c3N3CCC4(CCNC4=O)CC3)cc2)cn1,PPARG,0.3928,活性,毒性,5588;6850;7468;2932;2931;892;23097;1024;89780,NP_055891;Q8BWD8;P49840;P24863;O96028;P49336;Q8R3L8;P56704;Q9BWU1;Q04759;P49841;NP_001251;P43405
T9673,CN(C)CCCNc1ccn2ncc(-c3ccc4c(c3)OCO4)c2n1,PPARD,0.3926,高活性,毒性,3791;5979,P35968;P07949
T11901,C[C@@H](NC(=O)c1ccc(F)cc1)c1ccc2c(c1)CCN2C(=O)C1CCOCC1,PPARG,0.3926,活性,低毒性,3620,P14902
T10053,CN1CCN(Cc2cccc3c2ccn3S(=O)(=O)c2ccccc2Br)CC1,THRSP,0.3926,活性,低毒性,3362,P50406
T15461,O=C(NCCN1CCC(n2c(=O)[nH]c3cc(Cl)ccc32)CC1)c1ccc(F)cc1,AOC3,0.3923,活性,低毒性,5337;5338;239;25096,P14416;NP_002653;O14939;NP_002654;P70496;P18054;NP_001230037;Q13393;NP_001123553
T26869,COc1ccc(C2SCCN2S(=O)(=O)c2ccc(Cl)cc2)cc1Br,NR1H3,0.3923,活性,低毒性,4988,NP_001138755
T21505,O=C(CCCCCCC(=O)NO)NO,PPARG,0.3923,活性,毒性,10014;10013;84582;363287;297893;3065;8841;3066;84578;55869,Q99P99;Q99P97;Q9UQL6;Q6P6W3;Q99P96;Q5RJZ2;Q13547;Q9UBN7;Q94F81;Q9BY41;Q4QQW4;B1WBY8;Q92769;O15379
T12854,O=C(NCc1ccncc1)Nc1ccc(S(=O)(=O)N2CC3CCC(C2)O3)cc1,RXRA,0.3923,活性,低毒性,10135,P43490
T5401,CC(C)(C)S(=O)(=O)c1cc2c(Nc3ccc4scnc4c3)ncnc2cc1OCCO,AOC3,0.3921,活性,低毒性,64127;8767;2580,G3V783;Q9HC29;O43353;O14976
TQ0085,Cc1cn2nc([C@@H]3CCCCN3C(=O)c3cc(Cl)ccc3NS(C)(=O)=O)cc2nc1N1CC[C@H](N)C1,RXRA,0.3921,活性,毒性,,Q89535;P03420
T9703,COCc1nc2cnc3cc(-c4c(C)noc4C)c(OC[C@H]4CCNC4)cc3c2n1[C@H](C)c1ccccc1,AOC3,0.3916,高活性,毒性,1134;6347;1129;6046;1576;8019;1387;2033;676,P28473;P15431;P63079;Q15059;P35462;P02708;P08172;Q91ZM7;P19969;O09028;P46098;P30191;P21917;P18508;P13500;P28471;P23576;P08684;P18506;P23574;P62813;P25440;Q58F21;P63138;P14416;Q09472;Q92793;Q9ES14;O60885;P20236
T5417,CN1C(=O)C(C)(C)Oc2c(-c3cn(C)c(=O)c4[nH]ccc34)cc(S(C)(=O)=O)cc21,PPARG,0.3916,活性,低毒性,,O60885
T9890,COc1ccc(C(NC(=O)CCc2ccccc2)c2ccc3cccnc3c2O)cc1,PPARG,0.3916,活性,低毒性,3064,P42858
T3659,COc1cc2ncnc(Nc3cccc(Cl)c3F)c2cc1OC(=O)N1CCN(C)C[C@H]1C,ACACA,0.3914,活性,毒性,3791;28989;6850;6714,P35968;P14416;Q9BV86;P00533;P12931;P43405
T2128,CNC(=O)c1ccccc1Oc1nc(Nc2cc(OC)c(OC)c(OC)c2)ncc1Br,AOC3,0.3914,活性,毒性,9706;8408,O75385;Q8IYT8;Q13131;P54646
T5738,CC(=O)O[C@@]12CO[C@@H]1C[C@@H](O)[C@@]1(C)C(=O)[C@H](O)C3=C(C)[C@@H](OC(=O)[C@H](O)[C@@H](NC(=O)c4ccccc4)c4ccccc4)C[C@@](O)([C@@H](OC(=O)c4ccccc4)[C@H]21)C3(C)C,GPAM,0.3914,活性,毒性,,
T8872,O=C(Nc1nccs1)C(c1cc(F)ccc1O)N1Cc2ccc(-c3ccc(N4CCNCC4)cc3)cc2C1=O,AOC3,0.3911,活性,毒性,,P00533
T60053,COc1ccc2c(c1)c1c(n2Cc2ccc(Cl)cc2)C(C)=NCC1,NR1H3,0.3911,活性,低毒性,19225,Q05769
T8036,Cc1ccc2oc(-c3ccccc3)cc(=O)c2c1,PPARA,0.3911,活性,低毒性,25451;29707;140674;289606;140675;29708;79211;65191;1576;29705;29709;81658;24947;24922;367;29689;25450,P28473;P15431;P63079;P04150;Q91ZM7;P19969;O09028;P30191;P18508;P28471;P23576;P18506;NP_059488;P23574;P10275;P62813;P63138;Q9ES14;P20236
T2162,CC(C)Nc1nc2cc(Cl)c(Cl)cc2n1[C@H]1O[C@@H](CO)[C@H](O)[C@@H]1O,PPARD,0.3911,活性,低毒性,10013,Q9UBN7
T72473,O=C(NCCCOc1ccc(C(F)(F)F)cc1)c1cc2ncn(CC(=O)N3CCCC(F)(F)C3)c(=O)c2cc1-c1cccc(Cl)c1,RXRG,0.3911,活性,低毒性,64127;10392,Q9Y239;Q9HC29
T3901,C[C@@H]1CC[C@@]2(NC1)O[C@H]1C[C@H]3[C@@H]4CC=C5C[C@@H](O[C@@H]6O[C@H](CO)[C@H](O)[C@H](O[C@@H]7O[C@H](CO)[C@@H](O)[C@H](O)[C@H]7O)[C@H]6O[C@@H]6O[C@@H](C)[C@H](O)[C@@H](O)[C@H]6O)CC[C@]5(C)[C@H]4CC[C@]3(C)[C@H]1[C@@H]2C,AOC3,0.3909,活性,低毒性,,
T6255,CCOC(=O)Nc1cc(-c2ccc(C)c(NS(C)(=O)=O)c2)nn2c(C)nnc12,PPARG,0.3909,活性,毒性,29117;676;6850;2186;27154;65980;6046;8805;8850;1387;11176;6872;1551;27443;7862;7468,Q9H8M2;Q9UIF9;P21675;NP_000756;Q92831;Q9BXF3;Q12830;ABI96208;Q9ULD4;Q9NPI1;O95696;O15164;O96028;P25440;Q58F21;P55201;Q92793;O60885;P43405
T20022,CC1=C(C(=O)O)N2C(=O)[C@@H](NC(=O)[C@H](N)c3ccccc3)[C@H]2SC1.O,PPARG,0.3909,活性,低毒性,5243,NP_000918
T3466,C=CC(=O)Nc1ccc(CN(C(=O)Nc2c(Cl)c(OC)cc(OC)c2Cl)c2cc(Nc3ccc(N4CCN(C)CC4)cc3)ncn2)cc1,AOC3,0.3906,高活性,毒性,2264;2261;2260;2263,P00533;P21802;P11362;P22607;P22455
T2S0029,COc1cc([C@@H]2c3cc4c(cc3[C@H](O)[C@H]3COC(=O)[C@H]23)OCO4)cc(OC)c1O,NR1H3,0.3906,活性,毒性,,
T5434,Cc1sc2c(c1C)C(c1ccc(Cl)cc1)=N[C@@H](CC(=O)Nc1ccc(OCCOCCOCCOCCNc3cccc4c3C(=O)N(C3CCC(=O)NC3=O)C4=O)cc1)c1nnc(C)n1-2,RXRA,0.3906,高活性,毒性,6850;3106;3456;7468;7428,Q96SW2;P01574;P25440;Q15059;Q15370;O96028;O60885;Q15369;P40337;P43405
T3S2007,CC(C)N(CCCCOCC(=O)O)c1cnc(-c2ccccc2)c(-c2ccccc2)n1,THRSP,0.3906,活性,低毒性,5732;292661;1812;5734;5739;5729,NP_000951;P43119;NP_000949;P21728;NP_001071112;NP_000947;Q13258
T12539L,CC1(C)SCCN(S(=O)(=O)c2ccc(Oc3ccncc3)cc2)[C@H]1C(=O)NO,THRSP,0.3906,高活性,毒性,6868;4322;4312,P08253;P50281;P78536;P08254;NP_002418;P14780;P22894;P45452;P09237;P03956
T28698,c1ccc(-c2ccc(OCCN3CCCC3)cc2)cc1,GPAM,0.3904,活性,毒性,4048,P09960;BAC78637;BAC78638;NP_001243572
TQ0078,COc1ccc(F)cc1-c1cc(NC(=O)[C@@H]2CCCNC2)ncc1Cl,THRSP,0.3904,高活性,毒性,6850;1559;7157;1551;7151;7468,NP_001119587;ABI96208;QLI62812;O96028;NP_000756;P43405
T1739,c1ccc(NCc2ccc(CNc3ccccn3)cc2)nc1,THRSP,0.3904,活性,低毒性,60628;7852,O08565;P61073
T6661,O=C(c1ccccc1)c1ccc2nc(NC(=O)c3csc(C4CCN(c5ncnc6ccsc56)CC4)n3)[nH]c2c1,RXRB,0.3901,高活性,毒性,4837;4790;2593;27232;6850;1559;4791;5970;5409;1551;7468;3176,P43405;P19838;Q00653;Q04206;ABI96208;QLI62812;O96028;Q14749;NP_000756;P40261;P21964;P11086;Q14353;P50135
TN1439,CC1(C)CC[C@]2(C(=O)O[C@@H]3O[C@H](CO)[C@@H](O)[C@H](O)[C@H]3O)CC[C@]3(C)C(=CC[C@@H]4[C@@]5(C)CC[C@H](O)C(C)(C)[C@@H]5CC[C@]43C)[C@@H]2C1,RXRG,0.3901,活性,低毒性,,P13726
T13074,CC(=O)N1CCC(c2cc(-c3ccc(NC(=O)c4cccn(-c5ccc(F)cc5)c4=O)cc3F)c3c(N)ncnn23)CC1,AOC3,0.3899,高活性,低毒性,558;7301;10461,P30530;Q12866;Q06418
TN7004,COC(=O)[C@]12CC[C@@H](C)[C@H](C)[C@H]1C1=CC[C@@H]3[C@@]4(C)CC[C@H](O)C(C)(C)[C@@H]4CC[C@@]3(C)[C@]1(C)CC2,NR1H3,0.3899,活性,毒性,,
TN1728,C[C@]12CC[C@H]3[C@@H](CC[C@]4(O)C[C@@H](O)CC[C@]34C=O)[C@@]1(O)CC[C@@H]2c1ccc(=O)oc1,NR1H3,0.3899,活性,毒性,,
T68280,CN[C@@H]1CCN(c2cc(NCC3CC3)nc(N)n2)C1,NR1H3,0.3896,高活性,低毒性,225192;3757;59340;11255;170704,Q91ZY1;Q12809;NP_001153638;Q91ZY2;NP_009163;Q91ZY3;Q9H3N8;Q9Y5N1
T27453,COc1ccc(-c2cc(NC(=O)c3ccc(F)cc3Cl)ccc2OC)cc1,PPARG,0.3896,活性,低毒性,,
T77576,CC(=O)Nc1ccc2nc(NC(=O)Nc3ccc(O)c(Cl)c3)sc2c1,PPARG,0.3896,活性,低毒性,3028,Q6Q2J0;Q99714
T10572,CC(=O)Nc1cc2c(cn1)COc1cc(OC[C@@](C)(N)CC(C)C)ccc1-2,PPARG,0.3896,活性,低毒性,22848,Q2M2I8
T39463,CC[C@@H](C(=O)Nc1ccc(C(N)=O)c(F)c1)n1cc(OC)c(-c2cc(Cl)ccc2-n2cc(C(F)(F)F)nn2)cc1=O,THRSP,0.3896,高活性,低毒性,1576;1558;2160;3818,P07477;P10632;P08684;P03952;P00734;P00742;P35030;P03951;P07478
T8427,C=CC(=O)Nc1ccc2[nH]c(=O)n(C3CCN(Cc4ccc(-c5nc6cc[nH]c(=O)c6cc5-c5ccccc5)cc4)CC3)c2c1,GPAM,0.3894,活性,毒性,10000,P31749;P35368;Q9Y243;Q01959;P31751;P35348;P25021
T5749,CC(=O)O[C@@]12CO[C@@H]1C[C@H](O[C@@H]1OC[C@@H](O)[C@H](O)[C@H]1O)[C@@]1(C)C(=O)[C@H](O)C3=C(C)[C@@H](OC(=O)[C@H](O)[C@@H](NC(=O)c4ccccc4)c4ccccc4)C[C@@](O)([C@@H](OC(=O)c4ccccc4)[C@H]21)C3(C)C,GPAM,0.3894,活性,低毒性,,
T11741,O=C(OCCO)c1ccc(NS(=O)(=O)c2cccc(-c3cc(F)ccc3O)c2)cc1O,GPAM,0.3894,高活性,低毒性,5209;5210,Q16877;Q16875
T36126,Cc1cc2ncc(NC(=O)Nc3ccc(F)cc3F)c(-c3ccccc3Cl)c2cc1C,PPARG,0.3894,活性,低毒性,81782,O70536
T25196,N=C(NCc1ccccc1C(F)(F)F)c1ccc(OC(F)(F)F)cc1,PPARG,0.3894,高活性,低毒性,2904;24410,Q00960;Q13224
T7130,CC[C@@H](Nc1c(Nc2cccc(C(=O)N(C)C)c2O)c(=O)c1=O)c1ccc(C)o1,ACACA,0.3892,高活性,低毒性,1236;3577;12765;1559;3579,NP_001161770;NP_000625;P51684;ABI96208;P25025;QLI62812;O95342;P35343;P25024;P32248
T1836,COc1cc2ncnc(Oc3ccc(CC(=O)Nc4cnn(C(C)C)c4)cc3)c2cc1OC,PPARG,0.3892,活性,毒性,2322;3815;1559;2324;5159;3791;1551;1436;7468,P07333;P35916;P35968;P11712;P10721;P09619;ABI96208;QLI62812;O96028;P36888;NP_000756;P16234
T3509,O=C(NO)c1cnc(NC2(c3ccccc3)CC2)nc1,PPARG,0.3889,高活性,毒性,6850;10013;3065;8841;3066;7468,Q9UBN7;Q13547;O96028;P43405;Q92769;O15379
T9998,c1ccc(CSc2nnc(COc3ccccc3)n2-c2ccccc2)cc1,THRSP,0.3889,活性,低毒性,22933,Q8IXJ6
T26626,Cl.NCc1ccc(Oc2ccc3c(c2)B(O)OC3)c(Cl)c1,THRSP,0.3889,活性,低毒性,,
T6775,Nc1nc(-c2nn(Cc3ccccc3F)c3ncccc23)ncc1C1CC1,AOC3,0.3887,活性,毒性,6850;19885;43740568;7468;1489834,B45705;BAC78637;AMB37292;BAC78638;O96028;NP_035411;P43405
T7732,CC1(C)[C@@H](OC(=O)CCC(=O)O)CC[C@]2(C)[C@H]3C(=O)C=C4[C@@H]5C[C@@](C)(C(=O)O)CC[C@]5(C)CC[C@@]4(C)[C@]3(C)CC[C@@H]12,THRSP,0.3887,活性,毒性,55991;5770;148;3291;1129;15483;3290;3350;15484,P80365;P28845;P08908;P50172;P35348;P08172;P18031;P51661;Q9JIP4
T11897,CCOC(=O)[C@@H](N)Cc1ccc(-c2cc(O[C@H](c3ccc(Cl)cc3-n3ccc(C)n3)C(F)(F)F)nc(N)n2)cc1,THRSP,0.3887,活性,毒性,4837;2593;27232;140;3176;886;6850;7468;1559;5144;3106;3456;5409;1551;1489834;7166;121278;3458,P01574;QLI62812;NP_000756;P21964;P0DMS8;NP_004170;ABI96208;Q14749;Q14353;AMB37292;O96028;NP_000610;P11086;P50135;Q8IWU9;P32238;Q08499;P43405;P40261;P17752
T24040,Cn1nc(C(F)(F)F)cc1C(=O)Nc1ccc(S(=O)(=O)N2CCCC[C@H]2CCN2CCOCC2)cc1,PPARG,0.3884,活性,低毒性,,
T28509,Cc1nc(-c2ccccn2)nc(NCCNc2cccc(C(F)(F)F)n2)c1Cl,NR1H3,0.3882,活性,低毒性,23173,P53582
T10483,O=C(NS(=O)(=O)c1ccc(NC[C@H]2COCCO2)c([N+](=O)[O-])c1)c1ccc(N2CCN(CC3=C(c4ccc(Cl)cc4)CC4(CCC4)CC3)CC2)cc1Oc1cnc2[nH]ccc2c1,PPARG,0.3882,活性,毒性,10018,P10415;O43521;Q07817
T23446,O=C(NO)c1ccc2[nH]c(=O)c(CCCc3ccccc3)nc2c1,AOC3,0.3879,活性,低毒性,10013,Q9UBN7
T60217,Cc1ccc(F)c([C@@H](C)[C@H](NS(=O)(=O)c2ccc(Cl)cc2C(N)=O)c2n[nH]c(=O)o2)c1C,AOC3,0.3879,高活性,低毒性,6241;1128;1129;6240,P31350;P23921;P08172;P11229
T14127,Nc1sc2c(c1C(=O)c1ccc(Cl)cc1)CCCC2,GPAM,0.3879,活性,低毒性,29290;7421,NP_001017535;P25099
T72039,CN1CCN(c2ccc(C(=O)Nc3cnc4[nH]cc(-c5cncc(F)c5)c4c3)cc2)CC1,MLXIPL,0.3879,活性,低毒性,1195,Q13627;P49759
T14960,COc1ccc2c(c1)C[C@H](C(=O)Nc1ccc(-c3cn[nH]c3)cc1OCCN(C)C)CO2,PPARG,0.3879,活性,毒性,4837;2593;27232;6850;1559;9475;5409;25537;1551;1565;7468;3176;8476,ANW61984;P43405;ABI96208;O75116;QLI62812;O96028;P21964;Q14749;NP_000756;P40261;Q5VT25;P11086;Q14353;Q62868;P50135
T24807,CSC[C@H](NC(=O)CC[C@H](N)C(=O)O)C(=O)NCC(=O)O,THRSP,0.3879,活性,低毒性,,
T72081,CCOc1ccc2cc(-c3nn(C(C)C)c4ncnc(N)c34)ccc2c1,THRSP,0.3879,高活性,毒性,25;3055;6714,Q8MMZ7;3SXF_A;P12931;P00519;P08631;3UQF_A;Q9BJF5
T68126,CC[C@@]1(CC(=O)O)OC[C@H](Cc2ccccc2)c2c1[nH]c1ccccc21,THRSP,0.3879,活性,低毒性,,
T32533,C[C@@H](C(=O)NS(C)(=O)=O)c1ccc(OS(=O)(=O)C(F)(F)F)cc1,AOC3,0.3877,活性,低毒性,3579,P25025
T25688,COc1cccc2c1C(=O)c1c(O)c3c(c(O)c1C2=O)C[C@@](O)(C(=O)CO)C[C@@H]3O[C@H]1C[C@H](NC(=O)[C@@H](N)CC(C)C)[C@H](O)[C@H](C)O1,GPAM,0.3877,活性,毒性,,
T10378,C[C@H]1[C@@H](OCc2ccc(C(=O)O)cc2)O[C@@H]2O[C@@]3(C)CC[C@H]4[C@H](C)CC[C@@H]1[C@@]24OO3,NR1H3,0.3877,活性,低毒性,,
T3S2372,CC(=O)O[C@H]1C(=O)[C@]2(C)[C@H](O)C[C@H]3OC[C@@]3(OC(C)=O)[C@H]2[C@H](OC(=O)c2ccccc2)[C@]2(O)C[C@H](OC(=O)[C@H](O)[C@@H](NC(=O)c3ccccc3)c3ccccc3)C(C)=C1C2(C)C,PPARG,0.3877,活性,毒性,,
T23903,CCOC(=O)CSc1nc2c(sc3ccccc32)c(=O)n1CCCN1CCCC1,RXRG,0.3877,活性,毒性,1551;1565;1559;216,ANW61984;ABI96208;QLI62812;P00352;NP_000756
T7458,O=C(O)CCCCc1ccccc1,AOC3,0.3875,活性,低毒性,,2AY9_B;2AY9_A
T24553,Cc1cc(NC(=O)NC(=O)c2ccccc2N(C)C)ccc1Oc1ncc(Br)cn1,GPAM,0.3872,活性,毒性,,
TN1128,CC1=C[C@H](O)[C@@H](O)[C@]2(C)[C@H]3[C@@H](O)[C@H](O)[C@@]4(C)OC[C@@]35[C@@H](C[C@@H]12)OC(=O)[C@H](O)[C@]54O,NR1H3,0.3872,活性,毒性,,
T3337,CCN1CCN(Cc2ccc(C(=O)Nc3ccc(C)c(Oc4ccc5c(c4)CC(=O)N5)c3)cc2C(F)(F)F)CC1,PPARD,0.3872,高活性,毒性,780;6850;1559;1551;1565;7468;4921,ANW61984;ABI96208;NP_001189452;QLI62812;O96028;Q08345;NP_000756;Q16832;NP_001014796;P43405
T73288,CNc1cc(-c2ccc3[nH]ccc3c2)nc(S(C)(=O)=O)n1,PPARG,0.3872,活性,低毒性,2186,Q12830
T86575,Cc1cn(-c2cc(NC(=O)c3cccc(-c4ccc5nc(NC(=O)C6CC6)sc5n4)c3)cc(C(F)(F)F)c2)cn1,PPARG,0.3872,活性,毒性,,
TP1324,CCCC[C@H](NC(C)=O)C(=O)N[C@H]1CC(=O)NCCCC[C@@H](C(N)=O)NC(=O)[C@H](Cc2c[nH]c3ccccc23)NC(=O)[C@H](CCCNC(=N)N)NC(=O)[C@@H](Cc2ccccc2)NC(=O)[C@H](Cc2cnc[nH]2)NC1=O,SCD,0.3872,高活性,毒性,17202;4161;4157;17199;4160;4159;17203;17201,P56450;P32245;Q01727;P41968;BAC78637;BAC78638;NP_005903;P33032;NP_005904;P41149;NP_063941;NP_002377;Q01726;P33033
T21550,Cc1ccc2c(c1)C(=O)C1(O)CCN(c3ccccc3)C1=N2,ACACA,0.387,活性,毒性,71960;8625606;65975;4628;100125991;396860;4137;4627,P79293;CAC29064;Q9UKX2;BAC78637;BAC78638;P35580;Q28641;P35579;P08799;AAI14949;AAI07878;Q789A4;Q9H1R3;Q6URW6
T8869,O=S(=O)(NCc1cccc2ccccc12)c1cc(Cl)c(Oc2cccc(N3CCNCC3)c2)s1,AOC3,0.387,活性,毒性,6850;1559;2990;1551;1565;7468,P08236;ANW61984;ABI96208;QLI62812;O96028;NP_000756;P43405
T6762,CCn1cc(C(=O)O)c(=O)c2c(N)c(F)c(NC3CCCCC3)cc21,PPARG,0.387,活性,低毒性,2308,Q12778
T11738,C=CC(=O)N1CC(NC(=O)Cn2c(C3CC3)c(C(=O)N3CCc4c(cccc4OC)C3)c3cc(Cl)cc(C)c32)C1,PPARG,0.387,活性,毒性,,P01116
T15756,O=C(O)Cn1cc(Cc2nc3c(F)c(F)cc(F)c3s2)c2ccccc21,PPARG,0.387,活性,低毒性,24192;231,NP_001619;P15121;P07943
T2322,CCCCc1nc(C)c(CC(=S)N(C)C)c(=O)n1Cc1ccc(-c2ccccc2-c2nn[nH]n2)cc1,PPARG,0.387,活性,低毒性,1551;185;1559;100009164,QLI62812;P34976;P30556;NP_000756
T25263,O=c1[nH]c2cc(Cl)ccc2n1C1CCN(CCCC(c2ccc(F)cc2)c2ccc(F)cc2)CC1,THRSP,0.387,活性,毒性,,
T8971,NC(=O)c1ncn2c1CN=C(c1ccccc1Br)c1cc(F)ccc1-2,THRSP,0.387,活性,毒性,1551;6850,NP_000756;P43405
T12424,C[C@@H](C(N)=O)[C@H](N)c1nc2ccc(C(C)(C)C)cc2[nH]1,GPAM,0.3867,活性,低毒性,6336,Q9Y5Y9
T79888,C=CC(=O)Nc1cc(Nc2nccc(-n3cc(C)c4ccccc43)n2)c(OC)cc1N(C)CCN(C)C,NR1H4,0.3867,活性,低毒性,,P00533
T7577,CCC(C)C(NC(=O)C(Cc1ccc(O)cc1)NC(=O)C(NC(=O)C(N)CCCNC(=N)N)C(C)C)C(=O)NC(Cc1cnc[nH]1)C(=O)N1CCCC1C(=O)NC(Cc1ccccc1)C(=O)O,THRSP,0.3867,活性,低毒性,,
T8329,CC(C)c1noc(C2CCN(c3ncnc(Nc4ccc(S(C)(=O)=O)cc4F)c3[N+](=O)[O-])CC2)n1,THRSP,0.3867,活性,低毒性,139760;236781;302813,Q7TQN8;Q8TDV5;NP_848566;Q7TQP3
T39140,COc1ccc(C(=O)N(CC(C)(C)C)c2cccc(C)n2)c(N2CCC(COc3cc([C@@H](CC(=O)O)C4CC4)ccn3)CC2)c1,THRSP,0.3867,活性,低毒性,2864,O14842
T78210,O=C(NCc1ccc2cc(CNCC3CCC3)[nH]c2c1)c1cc(=O)n2ccccc2n1,ACACA,0.3865,高活性,毒性,56339;57721,Q86U44;Q9HCE5
T14782,O=C1COc2ccc(OCCCCN3CCN(c4cccc(Cl)c4Cl)CC3)cc2N1,GPAM,0.3865,高活性,低毒性,3362;3357;3363,P14416;P08908;P41595;P50406;P28223;P34969
T6935,CCC[C@H](N[C@H]1CCc2cc(F)cc(F)c2C1)C(=O)Nc1cn(C(C)(C)CNCC(C)(C)C)cn1,PPARG,0.3865,活性,毒性,55851;6850;54103;7468;5664;51107;1551;43740568;5663;83464;23385,Q8WW43;Q96BI3;A4D1B5;Q92542;ABI96208;O96028;P49810;NP_000756;P49768;Q9NZ42;P43405
T62695,CN1CCC([C@@](C)(O)c2ccc3cnc(Nc4cc(C(F)(F)F)ncc4F)cc3n2)CC1,AOC3,0.3862,高活性,低毒性,8851;1021;896;1020,P51946;P50613;P50750;O60563;P51948;P30281;P24941;Q00534;Q15078;Q00535;P20248
T2118,NC(=O)c1sc(-c2ccsc2)cc1N,AOC3,0.3862,活性,低毒性,10013;9212;3551;415116;5586;5292;225689;8444;28996,Q9H2X6;Q8TD08;O14920;Q16513;P11309;Q9UBN7;Q86V86;Q13627;Q96GD4;O43781;CAQ07474
T23540,CC(C)N1CCN(c2ccc(C(=O)c3c(-c4ccc(O)cc4)sc4cc(O)ccc34)cc2)CC1,PPARD,0.386,活性,低毒性,2100;2099,B45705;P03372;Q92731
T6207,O=C(NNc1nc2cc(F)ccc2n2cccc12)c1cnccn1,PPARG,0.386,高活性,毒性,1551;7468;6850;3458,ABI96208;O96028;NP_000610;NP_000756;P43405
T21512,O=C(O)[C@@H](Cc1ccccc1)NS(=O)(=O)c1ccc(-c2ccccc2)cc1,PPARG,0.386,活性,低毒性,9507,P08253;P14780;O75173
T4297,O=c1[nH]c2ccccc2n1CCN1CCN(c2cccc(C(F)(F)F)c2)CC1,RXRA,0.386,活性,毒性,1814;6850;148;24473;1565;1812;25549;1551;3350;4988;3356,P19327;ANW61984;NP_000515;P08908;Q01827;P35372;ABI96208;P21728;P35462;P35348;NP_000756;NP_001159419;P43405
T63305,COc1ccc(-c2cc(C(=O)NCCc3ccc(S(N)(=O)=O)cc3)c3ccccc3n2)cc1OC,RXRG,0.386,高活性,低毒性,771;759;760;768,P00918;P00915;Q16790;O43570
T60757,COc1ccc2c(c1)NC(=O)CN2c1nc(C)nc2c1CCC2,PPARD,0.3857,活性,低毒性,,
T12598,Cn1cc(-c2ccc3c(c2)ncn3-c2ccc(CC(=O)Nc3cc(C(C)(C)C)on3)cc2)cn1,PPARG,0.3857,活性,低毒性,,P35968;P04629;P07949
T39658,Cc1nc(N2CCC3(CC2)CO[C@@H](C)[C@H]3N)c(CO)nc1Sc1ccnc(N)c1Cl,THRSP,0.3857,活性,低毒性,,Q06124
T36994,Cl.Cl.O=C(NCCCNc1nc(Nc2cccc(CN3CCOCC3)c2)ncc1C1CC1)C1CCC1,AOC3,0.3855,活性,低毒性,,
T6859,CCn1cc(-c2cccc(C(F)(F)F)c2)c2sc(C(=N)NC3CCS(=O)(=O)CC3)cc2c1=O,GPAM,0.3855,活性,毒性,29117;65980;1387;2876;2033;7862;27443,Q9H8M2;Q9NPI1;NP_001009877;P55201;Q09472;Q92793;O60885;P07203;Q9BXF3
T27660,CN(C(=O)c1cc2ccccc2cc1C(=O)C(c1cccc2ccccc12)P(=O)(O)O)C1CCN(C(=O)c2ccc3ccccc3c2)CC1,GPAM,0.3855,高活性,低毒性,1511;1215,P23946;P08311;NP_001827
T68864,C=CC(O)(CC[C@@H](C)[C@H]1CC[C@H]2[C@@H]3CC=C4C[C@@H](O)CC[C@]4(C)[C@H]3CC[C@]12C)C(C)C,NR1H3,0.3855,活性,低毒性,,
T9711,O=C(O)C1CC(=O)N(CCC23CC4CC(CC(C4)C2)C3)C(=Nc2ccc(Cl)cc2)S1,PPARG,0.3855,活性,低毒性,,NP_371243
T9712,COCc1cc(C(=O)Nc2cc([C@H]3CC[C@@H](OC(=O)NC(C)C)C3)n[nH]2)n(C)n1,PPARG,0.3855,活性,低毒性,983;595;1019;2932;1021;896,P11802;P51946;P50750;P50613;P51948;P30281;P24941;P49841;P24864;Q00534;P06493;P24385;P20248
T15216,Cc1cc(O)cc(C)c1C=C1C(=O)N(Cc2ccccc2)C(=O)N(Cc2ccccc2)C1=O,RXRB,0.3855,高活性,低毒性,2033;1387,Q92793;Q09472
T11758,COc1cc([C@H](CC(=O)O)c2ccc(C)c(CN3C[C@@H](C)Oc4ccccc4S3(=O)=O)c2)cc2nnn(C)c12,PPARD,0.3853,活性,低毒性,,Q16236;Q14145
T16444,O=C(O)c1ccccc1Nc1ccc(CCc2ccc(Cl)c(Cl)c2)cc1,PPARG,0.3853,活性,毒性,3757;7421;2648,BAC78637;NP_001017535;BAC78638;NP_066564;NP_001191727
T15423,O=C(Nc1ccn(Cc2ccc(O)cc2C(F)(F)F)n1)c1c(F)cccc1F,RXRA,0.3853,活性,毒性,93129;6850;84876;6786;1559;1551,ABI96208;QLI62812;Q96D31;Q13586;NP_000756;Q9BRQ5;P43405
TQ0243,COc1ccccc1[C@H](Cn1c(=O)n(C(C)(C)C(N)=O)c(=O)c2c(C)c(-c3ncco3)sc21)OC1CCOCC1,PPARG,0.385,活性,低毒性,,O00763;Q13085
T2517,Cn1cc(-c2cnn3c(N)c(Br)c([C@@H]4CCCNC4)nc23)cn1,THRSP,0.385,活性,毒性,4837;2593;28989;27232;6850;5409;43740568;1565;7468;3176,P36507;ANW61984;Q9BV86;P41743;Q13233;P43686;O14757;P21964;Q9BZL6;O94804;Q9H2G2;O96013;Q13163;P11309;P19784;Q9NSY1;Q9UK32;Q9NWZ3;Q14749;Q14353;Q05655;O96028;Q14680;O95835;P11086;Q9H0K1;Q32MK0;P50135;P37173;O75676;P27448;P07949;P40261;P16083;P43405
T74660,COc1cc(-c2cncc(-c3ccc(N4CCN(C(C)C)CC4)cc3)c2C)cc(F)c1C(N)=O,AOC3,0.3848,活性,低毒性,7046;23043;94;90;658;91;657,P37023;P36896;P36894;P36897;O00238;Q9UKE5;Q04771
T2484,COC1CCN(C(=O)c2cc(Cc3n[nH]c(=O)c4ccccc34)ccc2F)CC1,AOC3,0.3848,活性,毒性,118471;6850;142;1559;1551;7468,P09874;Q96NZ9;ABI96208;QLI62812;O96028;NP_000756;P43405
TN7234,CC(C)=CCOc1cc2oc(=O)ccc2cc1O,NR1H3,0.3848,活性,低毒性,65975,CAC29064
TN4893,CCCCCCCCCCCCCC1=C(O)C(=O)C=C(O)C1=O,PPARG,0.3848,高活性,毒性,240;219972,P09917;Q2M385
T2076,CC(C)COc1ccc(CNC(=O)N(Cc2ccc(F)cc2)C2CCN(C)CC2)cc1,PPARG,0.3848,活性,毒性,3358;187;6850;1524;3357;1565;154;3757;1880;2859;1814;8477;6530;1812;3269;7468;653361;3356;1129;25549,ANW61984;P35462;P35414;P41595;P08172;Q01827;Q9HC97;ABI96208;P21728;P32249;P49238;P28223;P14598;O96028;P35367;Q12809;Q8IYL9;P07550;P28335;NP_001159419;P23975;P43405
T10694,CC(=O)Nc1c(C(C)=O)c(=O)n(C)c2nc(-c3ccc(Cl)cc3Cl)c(-c3ccc(Cl)cc3)cc12,RXRA,0.3848,活性,低毒性,6571;1269;5595;1432;10280;2554;152;27346;1268;4987;240;6531,Q5BJF2;P0DMS8;Q99720;P18825;P09917;Q05940;P00533;P27361;Q01959;P34972;P21554;Q16539;P41146;P14867
T17220,NC(=O)[C@H]1CCN(c2ncnc(N)c2F)C[C@@H]1N1CCC[C@@H](Nc2cc(Cl)cc(C(F)(F)F)c2)C1=O,AOC3,0.3845,活性,低毒性,695,Q06187;P07949
T9321,O=C(O)c1ccc(F)c(F)c1Nc1ccc(I)cc1Cl,PPARG,0.3845,活性,低毒性,5604,Q02750
T9428,Cc1ccc2c(-c3nc(Nc4cc(CN5C[C@@H](C)N[C@@H](C)C5)cc(C5CC5)c4)ncc3Cl)c[nH]c2c1,SCD,0.3843,活性,低毒性,2322,P36888
T67927,Cc1ccccc1Oc1cc(-n2c(=O)cc(C(F)(F)F)[nH]c2=O)c2ccccc2c1Cl,GPAM,0.384,活性,低毒性,587;586,P54687;O15382
T14071,CN(C)CC[C@H](CSc1ccccc1)Nc1ccc(S(=O)(=O)NC(=O)c2ccc(N3CCC(C)(C)CC3)cc2)cc1[N+](=O)[O-],PPARG,0.384,高活性,低毒性,598;599,P10415;Q07817;Q92843
T28257L,CC(C)NC(=O)C[C@@H]1CCCN(C(=O)c2ccc(N3CCCC3)cc2Cl)c2ccccc21,SCD,0.3838,高活性,低毒性,554;25108,Q00788;P30518
T12010,Cc1cc(Nc2cc(N3CC(F)(C4CC4)C3)nc(O[C@H]3CCN(C(=O)c4cc(Cl)ccc4F)C3)n2)n[nH]1,THRSP,0.3838,高活性,低毒性,3718;6790;9212,O14965;O60674;Q96GD4;P52333
T29352,CCCCCCCCC(O)C(=O)O,AOC3,0.3835,活性,低毒性,53831,NP_065103
T23563,CC(O)(C(=O)Nc1ccc(S(=O)(=O)c2ccccc2)cc1)C(F)(F)F,GPAM,0.3835,活性,低毒性,3762;6833;3767;3764;10060,Q14654;O60706;Q15842;Q09428
T23709,Cc1ccc(C)c(-n2cnc3cc(C(=O)NCc4ccccc4Cl)ccc32)c1,GPAM,0.3835,活性,低毒性,1551;1565;1559,QLI62812;ANW61984;NP_000756;ABI96208
T86167,CCc1cc(N2CCN(C)CC2)ccc1Nc1ncc(C(F)(F)F)c(NCCCN2CCOCCC2=O)n1,NR1H3,0.3835,活性,低毒性,,O75385;Q8IYT8
T65346,OC[C@H]1O[C@@H](n2cnc3c(NCc4ccccc4)ncnc32)[C@H](O)[C@@H]1O,ACACA,0.3833,活性,毒性,29290;29316;7157;25369;63997;134;100911796,B45705;P25099;P0DMS8;P30542;P30543;AAI07878;NP_000537;O54698;P29276;P28647
T8441,c1ccc(Cn2c(N3CCNCC3)nc3ccccc32)cc1,ACACA,0.3833,活性,低毒性,79246;100135548;24473;24318;3359;58963;29595,P19327;P61169;P35563;P46098;O70528;Q9JJ16;P14842
T3317,CCc1cc2c(=O)c(-c3nc4ccccc4s3)coc2c(CN2CCCCC2)c1O,PPARG,0.3833,活性,低毒性,1559;2876,QLI62812;P07203;ABI96208
T77692,O=C(CSc1ccc(NC(=O)c2ccc(F)cc2)cc1)Nc1nc(-c2ccccc2)cs1,PPARG,0.3833,活性,低毒性,8324,O75084
T4476,NC(=O)c1cnc(NCCc2ccc(O)c(Cl)c2)nc1NCc1ccccc1,GPAM,0.3831,高活性,毒性,4837;2593;27232;6850;1559;7157;5409;6778;1551;7151;1565;7468;3176,ANW61984;P43405;NP_001119587;ABI96208;P42226;QLI62812;O96028;Q14749;NP_000756;P40261;P21964;P11086;Q14353;P50135
T4351,C[C@@H](NC(=O)[C@@H](N)Cc1ccc(O)cc1)C(=O)NCC(=O)N(C)[C@@H](Cc1ccccc1)C(=O)NCCO,PPARD,0.3831,高活性,低毒性,29335;100135587;4985;18386;100379267;24613;887;18390;100135588;18387;4988;4986;25601,P33535;P33533;P42866;NP_058863;P35372;P33534;P41143;P47748;P41145;NP_001033688;P32300;P41144;P32239;P97266;NP_001138755;NP_000903
T6909,Cc1ccc2nc(CN(CCN(Cc3nc4ccc(C)cc4[nH]3)Cc3nc4ccc(C)cc4[nH]3)Cc3nc4ccc(C)cc4[nH]3)[nH]c2c1,PPARG,0.3831,活性,低毒性,,
T36487,COc1nc(-c2cccc(-c3cccc(-c4cnc(CNC[C@@H]5CCC(=O)N5)c(OC)n4)c3Cl)c2Cl)cnc1CNC[C@@H]1CCC(=O)N1,THRSP,0.3831,高活性,低毒性,29126;5133,Q15116;Q9NZQ7
T8371,CC(C)(C)NC(=O)[C@@H](c1cccnc1)N(C(=O)c1ccco1)c1ccc(C(C)(C)C)cc1,AOC3,0.3828,活性,低毒性,1576;1559;1551,P0DTD1;P08684;AAZ82016;P0C6X7;P11712;ABI96208;QLI62812;P0C6U8;NP_000756
T12365,Nc1cc(C(F)(F)F)c(-c2nc3c(c(N4CCOCC4)n2)CCN(C(=O)c2cc(Cc4n[nH]c(=O)c5ccccc45)ccc2F)C3)cn1,AOC3,0.3828,高活性,低毒性,10038;5294;142;5293;5291,P42338;P42336;O00329;Q9UGN5;P09874;P48736
T9088,COc1cc2c(=O)n(CCN(C)C)c3c4cc5c(cc4ncc3c2cc1OC)OCO5,NR1H4,0.3828,活性,毒性,7150,P11387
T23445,C[C@@H](NC(=O)C(=O)c1c[nH]c2ccc([N+](=O)[O-])cc12)c1ccccc1,PPARG,0.3828,活性,毒性,29707;6850;282238;289606;282237;282240;29705;29709;780973;24947;24922;282239;282236;25451,P19969;P62813;P22300;P63138;P63079;P20237;ABI96208;P18508;P10063;P08219;P20236;P43405;P23576;P08220;P10064
T15656,Cc1cc(OCCCNCCC(N)=O)ccc1Cc1c(O[C@@H]2O[C@H](CO)[C@@H](O)[C@H](O)[C@H]2O)n[nH]c1C(C)C,THRSP,0.3828,活性,低毒性,6523,P13866
T6109,CCN(CC)CCN(Cc1ccc(-c2ccc(C(F)(F)F)cc2)cc1)C(=O)Cn1c(SCc2ccc(F)cc2)nc(=O)c2c1CCC2,XPR1,0.3828,高活性,毒性,10519;4837;7941;2593;27232;6850;1559;5409;1565;7468;3176;3458,ANW61984;P43405;2LM5_A;Q13093;ABI96208;QLI62812;O96028;NP_000610;Q14749;P40261;P21964;P11086;NP_001161829;Q14353;P50135
T6409,COc1ccc(F)cc1-c1c(CO)sc2cnc(Nc3ccc(N4CCN(C)CC4)cc3OC(C)C)nc12,AOC3,0.3826,活性,低毒性,238,Q9UM73
T22081,O=S(=O)(Nc1nc2cc(Cl)ccc2o1)c1cc(Cl)ccc1Cl,NR1H3,0.3826,活性,低毒性,2203,2FHY_A;2FHY_L;P09467
T5600,CC1(N)CCN(c2cccnc2NC(=O)c2nc(-c3ncccc3C(F)(F)F)cnc2N)CC1,PPARD,0.3826,活性,毒性,5588;6850;2932;43740568;5578;7468,P05129;Q05655;P24723;O96028;Q04759;P05771;P49841;Q02156;P17252;P43405
TJP2872,CC(=O)OCC1=CO[C@@H](OC(=O)CC(C)C)[C@H]2C1=C[C@H](OC(=O)CC(C)(C)OC(C)=O)[C@]21CO1,THRSP,0.3826,活性,毒性,,
T37792,Nc1nc(-c2ccco2)c2cnn(Cc3ccccc3F)c2n1,THRSP,0.3826,活性,低毒性,,P30542;P29274
T17187,Nc1nc(COC(=O)c2ccc([N+](=O)[O-])cc2)nc(Nc2ccccc2)n1,GPAM,0.3823,活性,毒性,1551;1559;7320,QLI62812;NP_000756;ABI96208;P63146
T3311,COc1ccccc1C(=O)Nc1cc2c(cc1N1CCNC[C@H]1C)n(C)c(=O)n2C,PPARG,0.3823,活性,毒性,7862;7468;6850,O96028;O95696;P43405;P55201
T10679,C[N+](C)(CC(=O)Nc1ccccc1)CC(=O)Nc1ccccc1.[Cl-],GPAM,0.3821,高活性,毒性,6326;6323;6328,P35498;Q9NY46;Q99250
T9590,COC(=O)OC[C@H]1O[C@@H](Oc2cc(C)cc(O)c2C(=O)CCc2ccc3occc3c2)[C@H](O)[C@@H](O)[C@@H]1O,PPARG,0.3821,活性,低毒性,,
T3651,Cc1nnsc1C(=O)Nc1ccc(-n2nc(C(F)(F)F)cc2C(F)(F)F)cc1,PPARG,0.3821,活性,毒性,304496;6850;84876;1901;7224;1559;54795;361618;1551;7222;1565;7468;3458,NP_001391;Q13507;Q5M848;NP_036603;NP_001124170;ANW61984;NP_001182156;ABI96208;QLI62812;O96028;NP_000610;Q96D31;Q9UL62;NP_000756;P84903;P43405
T4492,COc1ccc(OCc2ccc(COc3c(Cl)cccc3Cl)cc2)c(Cl)c1,PPARG,0.3821,活性,低毒性,,
T4436,CC(C)Oc1ccc(Cc2ccc(NC3=NCCN3)cc2)cc1,PPARG,0.3821,活性,低毒性,150;8477;5739,Q8IYL9;P08913;NP_000951
T4407,O=c1[nH]c2cc(Cl)c(Cl)cc2n1C1CCN(Cc2ccc(Cl)cc2)CC1,THRSP,0.3821,活性,低毒性,4988,P35372
T10745,CN(C)C(=O)c1cc2cnc(Nc3ccc(NC(=O)CCCCCCCN=C=S)cc3)nc2n1C1CCCC1,THRSP,0.3821,活性,毒性,1021;896;1019,P11802;P50750;O60563;P30281;Q00534
T2629,CCCCNc1ncc(C(=O)NCc2ccc(-n3ccnc3)cc2)c(NC2CCC(O)CC2)n1,PPARG,0.3818,高活性,毒性,4837;2593;27232;6850;7468;1559;10461;2621;7151;5409;7157;7301;1551;2322;1565;558;3176,Q14393;ANW61984;P43405;NP_001119587;ABI96208;QLI62812;O96028;Q06418;P30530;Q14749;P36888;P40261;Q12866;NP_000756;P21964;P11086;Q14353;P50135
T9656,CCOC(=O)c1cnc(C(F)(F)F)nc1NN1C(=O)C=C(C)C1=O,PPARG,0.3818,高活性,低毒性,4790;4791;5970;2353;3725,P01100;P19838;Q00653;Q04206;P05412
T2158,COc1ccc(C2=NC(c3ccc(Cl)cc3)C(c3ccc(Cl)cc3)N2C(=O)N2CCNC(=O)C2)c(OC(C)C)c1,PPARG,0.3818,活性,毒性,6850;4193;7157;7421;7468,NP_001017535;Q00987;O96028;P04637;P43405
T11303,C=C(c1ccc(C(=O)O)c(F)c1)c1cc2c(cc1C)C(C)(C)CCC2(C)C,RXRG,0.3818,活性,低毒性,6256,NP_002948
T20134,CCCCc1oc2ccccc2c1C(=O)c1cc(I)c(O)c(I)c1,NR1H3,0.3816,活性,低毒性,2140,Q99504
T7499,Cc1ccc(-c2ccc3c(c2)C=C(C(=O)Nc2ccc(C[N+](C)(C)C4CCOCC4)cc2)CCC3)cc1.[Cl-],RXRG,0.3816,高活性,毒性,1236;1234;729230,P41597;P51681;P32248
T2054,O=C(Nc1cc(Oc2cc(F)c(NC(=O)C3(C(=O)Nc4ccc(F)cc4)CC3)cc2F)ccn1)C1CC1,FASN,0.3813,高活性,毒性,4916;6850;4914;7010;7468;4915;3456;3791;4233;43740568;1489834,P01574;P35968;P08581;AMB37292;P04629;Q16288;O96028;NP_000450;Q02763;P43405;NP_001120972;Q16620;NP_002244
T14557,CCOCCn1cc(C(=O)Nc2ccc(-n3nc(-c4cccnc4)cc3C(F)(F)F)cn2)ccc1=O,GPAM,0.3813,活性,低毒性,10280;6916;240;6531;2053,P09917;Q99720;O96017;Q01959;P24557;P34913;Q06418
T60161,COc1ccc(CCCN2CCC(N(CCc3ccc(Cl)cc3)C(=O)c3ccccc3)CC2)cc1,MLXIPL,0.3813,活性,低毒性,728,P21730
T17205,N[C@H]1CCCCNc2nc(ncc2C(=O)NCc2ccc(F)cc2)NCCCCCCNC1=O,PPARG,0.3813,高活性,低毒性,2322;558;7301;10461,Q12866;P30530;Q06418;P36888
T16449,COc1ccc(C2(CNC(=O)[C@](C)(Cc3c[nH]c4ccccc34)NC(=O)Nc3ccc([N+](=O)[O-])cc3)CCCCC2)nc1,THRSP,0.3813,活性,毒性,6850;2925;1559;4829;1551;1565;7468,NP_005305;ANW61984;P28336;ABI96208;P30550;QLI62812;O96028;NP_000756;NP_002502;P43405;P21462
T8356,COc1ccc(Nc2ccn(-c3ccccc3)n2)cc1,PPARA,0.3811,活性,低毒性,10013,Q9UBN7
T9213,Cn1ccc(-c2cc(Cl)c(Cl)c3[nH]c4c(c23)CN(C(=O)CO)CC4)n1,THRSP,0.3811,活性,毒性,214763;115004,Q8C6L5;Q8N884
T4011,O[C@H]1CC[C@@H](Oc2cccc3cnc(Nc4ccc5nc[nH]c5c4)nc23)CC1,PPARD,0.3809,高活性,毒性,3106;3456;43740568;7468;23043;1489834;89780,P01574;P35222;AMB37292;O96028;Q9UKE5;P56704
T10744,Cc1c(Br)c(Br)c2c3c1nc(N1CCNCC1)n3CCC2,THRSP,0.3809,活性,毒性,892,Q13464;Q8BWD8;Q8R3L8;P50613;Q8TF76;P49760;P19784;P48729;Q9BWU1;P05177;Q15078;P49759;P50750;Q9HAZ1;Q9P1W9;Q8TD08;P24863;Q13627;Q00535;P51946;P51948;Q9H422;Q12809;P24941;P49336;P24864;P20248
T9146,Nc1nc(NCc2ccc(Oc3ccccc3)cc2)nc(-c2c(F)cccc2CO)n1,GPAM,0.3806,活性,低毒性,4543;3357;4544,P49286;P41595;P48039
T4643,Nc1ccc(NC(=O)c2ccc(C(F)(F)F)cc2)nc1,PPARG,0.3806,活性,低毒性,5742,P23219
T12513,Cc1noc(C)c1-c1ccc2c(c1)[C@H](c1ccccc1)N(C)C2=O,THRSP,0.3806,活性,低毒性,,O60885
T13473,N=C(N)NCCCCC(=O)Nc1ccc(C[C@H](NC(=O)[C@@H]2CCCN2S(=O)(=O)c2ccccc2)C(=O)O)cc1,ACACA,0.3804,高活性,低毒性,3678;3685;3688;3676,P18564;P26012;P05556;P53708;P06756;P08648;P13612
T36629,CCN(CC)Cc1ccc2cc(COC(=O)Nc3ccc(C(=O)NO)cc3)ccc2c1,AOC3,0.3804,高活性,毒性,4837;51564;6850;5409;9734;3176;3458;27232;10013;9612;3456;3065;79885;3066;7151;2593;9759;142;8841;7157;7468;55869;10014;3106;83933,P01574;NP_478056;Q9UQL6;Q9BY41;NP_001119587;NP_006028;P21964;Q8WUI4;P09874;NP_060956;NP_004955;Q14749;Q969S8;Q9UBN7;O15379;Q14353;Q96DB2;Q13547;O96028;NP_000610;NP_001518;P11086;NP_006035;P50135;NP_003874;Q9ZTP8;Q9UKV0;NP_005465;NP_056216;Q9Y618;P56524;P43405;P40261;Q92769
T26324,Cn1c(=O)c2c(ncn2Cc2ccc(C(C)(C)C)cc2)n(C)c1=O,PPARG,0.3804,活性,毒性,6833;3767;6850;1559;10413;7468,ABI96208;QLI62812;O96028;Q09428;Q14654;P43405;NP_001123617
T15581,Cc1cc(Oc2ccc3nc(COc4ccc(CC5SC(=O)NC5=O)cc4)n(C)c3c2)cc(C)c1N,THRSP,0.3804,活性,毒性,6850;5468,P37231;P43405
T39669,CNCCN1CCC(c2ccc3[nH]c(-c4ccc(OC)c(OC)c4)c(C(C)C)c3c2)CC1,THRSP,0.3804,活性,低毒性,51311;54106;81897;170743;7098;51284,P58681;Q9NYK1;Q9EQU3;O15455;Q9NR97;Q9NR96
T28360,CCOCCn1nc(C(=O)NS(C)(=O)=O)c2nc(N(C)CC)nc(Nc3cc(C)ccn3)c21,AOC3,0.3801,活性,低毒性,8654,NP_001074;O76074
T32913,O=C(Cc1ccccc1)NC1CCN(CCCN2C(=O)COc3ccccc32)CC1,FASN,0.3801,活性,低毒性,1128;147;148;1129;1133;2847;1131;3269,P20309;P08912;P14416;P35368;P35348;Q99705;P08172;P08173;P11229;P28223;P35367
T1793,CCc1cnc(N2CCC(c3nc(COc4ccc(-n5cnnn5)cc4)cs3)CC2)nc1,RXRG,0.3801,活性,毒性,1576;139760;1548,P08684;Q8TDV5;P11509;ABI96208
TN1308,O=C1CC(c2ccccc2)Oc2ccc(O)cc21,THRSP,0.3801,活性,毒性,367,P10275
T27253,O=C(O)c1ccc(S(=O)(=O)N(Cc2ccc(OC(F)(F)F)cc2)c2ncc3ccccc3c2C2CC2)cc1,THRSP,0.3799,活性,低毒性,79054,Q7Z2W7
T70692,CC(=O)SCCCCC[C@H](NC(=O)[C@H]1CCC(=O)N1)C(=O)Nc1ccccc1,PPARG,0.3796,高活性,毒性,9759;51564;10013;10014;9734;3065;8841;79885;3066;83933;55869,Q96DB2;Q8WUI4;Q9UKV0;Q9UQL6;Q9BY41;Q13547;Q9UBN7;P56524;Q969S8;Q92769;O15379
T6026,Cc1sc2c(c1C)C(c1ccc(Cl)cc1)=N[C@@H](CC(N)=O)c1nnc(C)n1-2,RXRA,0.3796,活性,毒性,23476;6850;3106;3456;1551;7468,P01574;Q8NFT8;O96028;O60885;NP_000756;P43405;NP_490597
TN1126,COc1cc(O)c2c(c1)O[C@H](c1ccc(O)cc1)CC2=O,THRSP,0.3796,活性,低毒性,135;57413;259290,3D04_A;3D04_B;NP_001075445;NP_000666;NP_058851;P11511;P59538
T7905,COc1ccc(NC(=S)NCCCn2ccnc2)cc1OC,THRSP,0.3796,高活性,低毒性,54814;25797,4FAI_A;3PBB_A;NP_036545;4FBE_A;4F9U_A;4F9V_A;Q16769;Q9NXS2;3PB7_X
T21017,NC[C@H]1O[C@@H](n2cnc3c(N)ncnc32)[C@H](O)[C@@H]1O,THRSP,0.3796,高活性,低毒性,25368;132;888551;45426178,P55263;P0DMS8;Q64640;P9WID5;P29274
T1688,C[C@H](O)[C@H]1CC[C@H]2[C@@H]3CC[C@@H]4C[C@H](O)CC[C@]4(C)[C@H]3CC[C@]12C,NR1H3,0.3794,活性,低毒性,151306,Q8TDU6
T27053,CON=CNc1nc2nccc(C(C)Oc3ccc(Cl)cc3C)n2n1,PPARD,0.3794,活性,低毒性,3780,NP_002239
T2337,COc1ccc(-c2ccccc2)cc1NS(=O)(=O)c1cc(Cl)cc(Cl)c1O,PPARG,0.3794,活性,低毒性,47;31,P53396;Q13085
T77781,C[C@]1(c2ccc(Cl)cn2)Oc2cccc(C3CCN(Cc4nc5ccc(C(=O)O)cc5n4C[C@@H]4CCO4)CC3)c2O1,RXRB,0.3794,活性,低毒性,2740,P43220
T6937,Nc1ncnc2c1C(=O)N(c1ccc([C@H]3CC[C@H](CC(=O)O)CC3)cc1)CCO2,NR1H3,0.3792,活性,低毒性,13350;8694;84497,Q9ERM3;NP_036211;O75907;Q9Z2A7
T24838,O=C(COc1ccc2cc(C(=O)Nc3ccccc3)ccc2c1)NCc1ccc(OP(=O)(O)O)c(OP(=O)(O)O)c1,PPARG,0.3792,高活性,低毒性,6777;6776,P51692;P42229
T60018,COc1ccc(-n2sc3ncccc3c2=O)cc1,PPARG,0.3792,活性,低毒性,8850,Q92831
T12255,Nc1ncc(Cc2ccc(Br)cc2)s1,THRSP,0.3792,活性,低毒性,,
T4192,CCc1c(C(=O)C(N)=O)c2c(OCC(N)=O)cccc2n1Cc1ccccc1,AOC3,0.3789,活性,低毒性,5320,P14555
T27951,CC(CNS(=O)(=O)C(C)C)c1ccc(-c2ccccc2F)cc1,PPARA,0.3789,高活性,低毒性,2890;2891;2892;2893,NP_001106283;P48058;NP_001243672;NP_001077089;NP_001244952
TP1348,N=C(N)NCCC[C@@H]1NC(=O)[C@H](CCCNC(=N)N)NC(=O)[C@@H](Cc2ccc(O)cc2)NC(=O)CNC(=O)[C@H](Cc2ccc3ccccc3c2)NC1=O.O=C(O)C(F)(F)F,THRSP,0.3789,活性,低毒性,7852,P61073
T12920,Cc1cc(C)nc(SCC(=O)Nc2ncc(Cc3cccc(OCc4cn(Cc5ccccc5)nn4)c3)s2)n1,ACACA,0.3787,活性,低毒性,9612;22933;8841,Q9Y618;Q8IXJ6;O15379
T8981,C=CCn1nc(-c2ccc(O)cc2O)c2cccc(C(F)(F)F)c21,ACACA,0.3787,活性,低毒性,2100,P03372;Q92731
T6788,C[C@H](Oc1ccc(S(C)(=O)=O)cc1C(=O)N1CCN(c2ncc(C(F)(F)F)cc2F)CC1)C(F)(F)F,AOC3,0.3787,活性,低毒性,9152;1559;116509;6536;1551,NP_001248309;P48067;QLI62812;NP_000756;P28572;Q9Y345
T64124,C=CC(=O)Nc1cc(Nc2nccc(Nc3cc(Cl)c(F)cc3C(C)(C)O)n2)c(OC)cc1N1CC[C@@H](N(C)C)C1,AOC3,0.3787,活性,低毒性,,P00533;P04626
T6434,Cc1ccc(-n2sc(=O)n(Cc3ccc(F)cc3)c2=O)cc1,PPARA,0.3787,活性,低毒性,5999;10287;23098;85397;6004;43740578,P0DTD1;P49795;O15492;P49798;NP_001095915;Q6SZW1;NP_203131
T60082,COc1cc(OC)cc(C(=O)NOCCCCCC(=O)NO)c1,PPARG,0.3787,高活性,毒性,9759;51564;10013;10014;9734;3065;8841;79885;3066;83933;55869,Q96DB2;Q8WUI4;Q9UKV0;Q9UQL6;Q9BY41;Q9UBN7;Q13547;P56524;Q969S8;Q92769;O15379
T5440,Cc1sc2c(c1C)C(c1ccc(Cl)cc1)=N[C@@H](CC(=O)NCCNc1cccc3c1C(=O)N(C1CCC(=O)NC1=O)C3=O)c1nnc(C)n1-2,RXRA,0.3787,活性,低毒性,,Q96SW2;O60885
T4349,COCCNCc1ccc(-c2cc3nccc(Oc4ccc(NC(=O)C5(C(=O)Nc6ccc(F)cc6)CC5)cc4F)c3s2)nc1,THRSP,0.3787,活性,毒性,3815;4914;2324;7468;10461;3106;3456;3791;2321;4915;5156;7151;7157;4233;2322;558;2042;4921,P01574;P10721;NP_001690;NP_001119587;P36888;Q16620;NP_006197;P08581;NP_891555;NP_004110;NP_006334;P04629;O96028;P30530;NP_001014796;NP_872585;NP_001087241;P35968;NP_001012331;NP_001153503;NP_001120972;NP_002244
T31592,CN(C)CCc1c[nH]c2ccc(NS(=O)(=O)c3c(Cl)nc4sccn34)cc12,ACACA,0.3784,活性,低毒性,3362,P50406;NP_000862
T7326,CN(C)CCSSCCNC(=O)C1CCN(C(=O)CSc2ccc(Cl)cc2)CC1.O=C(O)C(F)(F)F,PPARD,0.3784,活性,低毒性,,
T2418,Cc1nc(NC(=O)N2CCC[C@H]2C(N)=O)sc1-c1csc(C(C)(C)C)n1,PPARG,0.3784,高活性,毒性,6850;5294;5287;5293;5291;5290;7468,P42338;P42336;O00329;O96028;P48736;O00750;P43405
T6032,Cc1sc2c(c1C)C(c1ccc(Cl)cc1)=N[C@@H](CC(=O)Nc1ccc(O)cc1)c1nnc(C)n1-2,RXRA,0.3784,高活性,毒性,8019;7468;6046,Q15059;O60885;P25440;O96028
T12192,COc1ccc(C2Nc3ccccc3C(=O)N2Cc2cccnc2)cc1COc1c(C)cccc1C,ACACA,0.3782,活性,低毒性,2492,AAR07906;P16473;NP_000136
T8474,CC(C)(C)c1nc(-c2cccc(NS(=O)(=O)c3c(F)cccc3F)c2F)c(-c2ccnc(N)n2)s1.CS(=O)(=O)O,AOC3,0.3782,活性,低毒性,,
T82267,CCCCCCCCS(=O)(=O)Nc1ccc(-c2cccc(Cl)c2)cc1C(=O)O,RXRA,0.3782,活性,低毒性,14732,Q61586
T12171,CCOc1nc2ccccc2n1Cc1ccc(NC(=O)N2CC(c3cccnc3)C2)cc1,PPARG,0.3779,活性,低毒性,,
TN1153,C=C(CC[C@@H](C(=O)O)[C@H]1[C@H](O)C[C@@]2(C)C3=CC[C@H]4C(C)(C)C(=O)CC[C@]4(C)C3=CC[C@]12C)C(C)C,PPARG,0.3779,活性,低毒性,,
T62761,Cc1ccc(NC(=O)c2ccccc2Oc2ccccc2)cc1S(=O)(=O)N1CCOCC1,RXRG,0.3779,活性,低毒性,1268,P21554
T39785L,Cn1c(=O)c2c(nc(N3CCNCC3)n2Cc2nnc(-c3ccc(Cl)c(Cl)c3)o2)n(C)c1=O,THRSP,0.3779,活性,低毒性,,Q9UKK9
T7303,Cc1ccc(F)cc1C(=O)Nc1ccc(C(=O)N2Cc3cccn3Cc3ccccc32)c(Cl)c1,ACACA,0.3777,活性,毒性,5021;25108;554;552;25107,P30559;P30560;NP_001139623;P30518;P37288;Q00788
T9966,CNC(=O)c1ccccc1Nc1nc(Nc2cccc(CS(C)(=O)=O)c2)ncc1C,PPARG,0.3777,活性,低毒性,3791,O60674;D5JEH1;P35968;Q99640
T16762,Cc1nc(N2CCC3(CC2)CO[C@@H](C)[C@H]3N)c(CO)nc1-c1cccc(Cl)c1Cl,PPARG,0.3777,高活性,低毒性,3757;19247,Q12809;P35235;Q06124
T62512,Cc1ccccc1C1C(=O)N(C)c2cnc(Nc3ccc(S(N)(=O)=O)cc3)nc2N1C,RXRG,0.3777,活性,低毒性,6788;6789,Q13043;Q13188
T22345,Cc1noc(C)c1-c1ccc2[nH]c(=O)n3c2c1OC[C@@H]3c1ccccn1,THRSP,0.3777,活性,低毒性,,O60885
T11458,Cc1ccccc1Nc1nc(N)nc(COc2ccc3c(C)cc(=O)oc3c2)n1,THRSP,0.3777,活性,低毒性,2864,O14842
T64108,CCC(CC)S(=O)(=O)c1ccc(S(=O)(=O)N2CCC[C@@H](C(=O)N3CCN(c4nc(C(C)C)no4)CC3)C2)cc1,THRSP,0.3777,活性,毒性,,
T1796,CCNC1(C(N)=O)CCN(c2ncnc3c2nc(-c2ccccc2Cl)n3-c2ccc(Cl)cc2)CC1.Cl,THRSP,0.3777,活性,低毒性,,
T6161,CN1CCc2c(c3ccccc3n2Cc2ccc(C(=O)NO)cc2)C1.Cl,AOC3,0.3774,活性,毒性,10013,Q9UBN7
T14181,O=C1c2ccccc2C(=O)c2c1cc(S(=O)(=O)[O-])c(O)c2O.[Na+],NR1H3,0.3774,活性,低毒性,5313;3064;5223,P30613;P42858;P18669
T8107,CCOC(=O)c1c(NC(=O)CN2CCN(C(=O)c3ccco3)CC2)sc2c1CCC2,PPARG,0.3774,活性,低毒性,50507,Q9NPH5
T12055,COc1ccc2cc(-c3cc(-c4cc(Cl)cc(Cl)c4)nn3[C@@H](C)c3ccc(C(=O)NCCC(=O)O)cc3)ccc2c1,PPARG,0.3774,活性,毒性,2696;2642;1844;1558;117;14527;24953;3458,P10632;A0A8I3N355;NP_000155;NP_000151;A0A1D5QZY8;Q61606;NP_000610;P48546;Q05923;P47871;P30082;NP_001186566
T7138,Cc1noc(C)c1-c1cc(Cl)c(Nc2ccccc2C(=O)NO)c(Cl)c1,RXRA,0.3774,活性,毒性,79068,Q9C0B1
T1783,Fc1ccc(-c2c3cccc(C(F)(F)F)c3nn2Cc2ccc(F)cc2Cl)cc1,ACACA,0.3772,活性,低毒性,6256;10062;7376;8856,P19793;ABI96208;O75469;P04150;P55055;Q13133;P10275
T9217,CCc1c(-c2ccc(C(=O)NC)cc2)cnc(N)c1-c1ccc(O)cc1,NR1H3,0.3772,活性,低毒性,,Q93009
T5831,Cn1nc(-c2cnc(N)c(-c3ccc(C(N)=O)c(F)c3)n2)nc1C1(c2ccccc2)CC1,RXRB,0.3772,高活性,毒性,5294;5293;1456;5295;9149,Q9Y6M4;P42336;P08908;O00329;Q9Y463;P27986;P48736;Q13627
T35343,CNC(=O)c1cccc(-c2ccc3c(N4C5CCC4COC5)nc(N4CCOC[C@@H]4C)nc3n2)c1,AOC3,0.377,活性,低毒性,2475,P42345
T13783,Cc1cc(N(C)C)nc(Nc2ccc(NC(=O)Cc3ccccc3)cc2)n1,PPARG,0.377,活性,低毒性,7052,P21980
T5S0506,C[C@@H]1CC[C@]2(C(=O)O)CC[C@]3(C)C(=CC[C@@H]4[C@@]5(C)CC[C@H](O)[C@@](C)(CO)[C@@H]5CC[C@]43C)[C@@H]2[C@]1(C)O,XPR1,0.377,活性,毒性,,
T24602,Cn1c(=O)c(-c2c(Cl)cccc2Cl)cc2cnc(Nc3ccc(N4CCOCC4)cc3)nc21,AOC3,0.3767,高活性,毒性,2101;18596;28989;3932;813740;5159;6714;3106;3456;814112;812762;2260,ABH03417;XP_001350099;NP_001273728;P01574;XP_001349680;P12931;P09619;O97467;O61059;P11166;Q99640;P11362;ADZ17378;P05622;P06239;P16234;XP_001349989
T2331,CC[C@H]1OC(=O)[C@@](C)(F)C(=O)[C@H](C)[C@@H](O[C@@H]2O[C@H](C)C[C@H](N(C)C)[C@H]2O)[C@](C)(OC)C[C@@H](C)C(=O)[C@H](C)[C@H]2N(CCCCn3cc(-c4cccc(N)c4)nn3)C(=O)O[C@]12C,GPAM,0.3767,活性,低毒性,,P60422;P62399;P0AG55;P0A7T3;P0AG48;P0A7S9;P0A7Q1;P0A7L8;P0ADY7;P0C018;P0A7L3;P0A7M6;P60624;P0A7J3;P0A7M9;P0A7V0;P0A7S3;P60438;P0A7R9;P02413;P0A7W1;P0A7K6;P0A7L0;P0A7W7;P0A7M2;P0A7U7;P0A7T7;P0ADZ0;P0AG67;P02358;P0A7J7;P02359;P60723;P0ADZ4;P0A7X3;P0A7U3;P0AG59;P0ADY3;P0A7V8;P68919;P61175;P68679;P0A7V3;P0AG44;P0A7K2;P0AA10;Q2EEQ2;P0A7P5;P0A7R5;P0AG63;P0A7N9;P0AG51;P0A7N4;P0A7Q6;P0A7N1
T86509,COc1cc(-n2cnc3cc(-c4cnn(C)c4)ccc32)cc(OC(F)F)c1C(=O)NC1CC1,PPARG,0.3767,活性,低毒性,3932;2580;27;94;25;640;8767;90;51701;51776;1436;780;4067;2534;3984;3815;92;3055;7525;658,P07333;P10721;O00238;P00519;P08631;P51451;P07947;P27037;Q9UBE8;P57059;P53667;P06239;P42684;O14976;P07948;Q9Y2K2;Q9H0K1;P37023;Q9NYL2;P06241;Q08345;Q04771;O43353
T4431,COc1ccc2c(c1OCc1ccccc1)C[C@@H](C(=O)O)N(C(=O)C(c1ccccc1)c1ccccc1)C2,THRSP,0.3767,活性,低毒性,185;186,P30556;P50052;NP_000677
T16366,O=C(Nc1cc(F)c(F)c(F)c1)c1ccc(F)c(S(=O)(=O)N2CCC(O)CC2)c1,AOC3,0.3765,活性,毒性,,Q03732
T62209,CCCn1c(NC(=O)c2cccc(C(N)=O)c2)nc2ccc(CN3CCCCC3)cc21,PPARG,0.3765,活性,低毒性,7182,Q9NWZ3;P49116
T5008,CC(=O)CCC=C(C)CCC=C(C)CCC=C(C)CCC=C(C)C,SCD,0.3765,活性,低毒性,,
T10735,CC1=Nc2c(F)cc(-c3nc(Nc4ccc(C5CCN(C)CC5)cn4)ncc3F)cc2C12CCCC2,THRSP,0.3765,活性,低毒性,983;894;595;1019;3718;9020;5292;1021;896,P11802;Q99558;P30281;P24941;P11309;P30279;Q00534;P24864;P06493;P24385;P52333;P20248
T207804,CCCN(CCC)C1CCc2c(O)cccc2C1,THRSP,0.3765,活性,低毒性,1814;1815;25083;24473;24318;29238;24174;24175;15551;1812;3363;1816,P19327;P14416;P08908;P61169;P22909;P21917;P21728;P35462;P22086;P19328;P19020;P34969;P21918;NP_034612
T61562,O=[N+]([O-])CC(c1ccccc1Cl)c1c(-c2ccccc2)[nH]c2ccccc12,ACACA,0.3762,活性,低毒性,1268,P21554
T63518,CC(C)c1c(F)cccc1-c1ncc2[nH]c(=O)n(Cc3ccc(-c4nc(C(F)(F)F)cn4C)cc3)c2n1,RXRA,0.3762,活性,低毒性,7398,O94782
T41003,CSc1nc(N)cc(Oc2ccc(-c3nnc(Nc4cccc(C(F)(F)F)c4)[nH]3)cc2)n1,RXRB,0.3762,高活性,毒性,6850;3815;984;5159;8999;2322;7468,P10721;P09619;O96028;P21127;P36888;P43405;Q92772;P16234
T4255,O=C(COCC(=O)N1CCN(C(c2ccccc2)c2ccccc2)CC1)Nc1ccc(Cl)cc1C(=O)[O-].[Na+],AOC3,0.376,活性,低毒性,,
T67567,O=C(NCCCC[C@H](NC(=O)OCC1c2ccccc2-c2ccccc21)C(=O)O)OCc1ccccc1,GPAM,0.376,活性,低毒性,,Q72874
T9244,O=C1CC(C2CCN(Cc3ccccc3)CC2)Sc2ccccc21,PPARA,0.376,活性,低毒性,10280,Q99720
T13325,O=C1C(=O)N(Cc2ccc(-c3ccccc3)cc2)c2ccc(OC(F)(F)F)cc21,PPARA,0.376,活性,低毒性,1133;50487,P08912;BAB91222;EAW59941
T29112,Nc1scc(-c2cccc(C(F)(F)F)c2)c1C(=O)c1ccccc1,PPARG,0.376,活性,低毒性,134,NP_001041695
T79303,Nc1ncc(-c2cn(C34CC(F)(C3)C4)c([C@@H](O)C(F)(F)F)n2)cc1OC(F)(F)F,PPARG,0.376,活性,低毒性,7786,Q12852
T77668,O=C(Nc1ccc(Oc2ccc(Cl)cc2)c(Cl)c1)c1cc(F)cc(F)c1O,PPARG,0.376,活性,低毒性,5406,P16233
T14217,CC(=O)N1CCC(c2nccnc2Oc2ccc(C(=O)c3nc4ccccc4[nH]3)cc2)CC1,RXRB,0.376,活性,低毒性,10846,Q9Y233
T67701,O=C(Nc1ccccc1)Nc1ccc(-c2nc(N3CC4CCC(C3)O4)c3sccc3n2)cc1,RXRB,0.376,活性,毒性,2475,P42336;P42345
T72029,NC(=O)c1cccc(-c2cnc3[nH]ccc3c2)c1,AOC3,0.3757,活性,低毒性,1021;892;595,P51946;P50613;P50750;O60563;P51948;P24863;P49336;Q00534;P24385
T77524,Cc1ccc(Sc2ccc3n[nH]c(=O)n3n2)cc1C,AOC3,0.3757,活性,低毒性,147111,Q6P988
T8732,O=C(O)c1ccccc1NS(=O)(=O)c1ccc(Cl)c([N+](=O)[O-])c1,NR1H4,0.3757,活性,低毒性,6576,P53007
T16557,COc1cccc2c1C(=O)c1c(O)c3c(c(O)c1C2=O)C[C@@](O)(C(=O)CO)C[C@@H]3O[C@H]1C[C@H]2[C@H](O[C@@H]3[C@@H](OC)OCCN32)[C@H](C)O1,NR1H4,0.3757,活性,毒性,,
T2136,O=C(O)C1=CO[C@@H](O[C@@H]2O[C@H](CO)[C@@H](O)[C@H](O)[C@H]2O)[C@@H]2C(CO)=CC[C@H]12,THRSP,0.3757,活性,毒性,6850,P43405
T60025,CCN1CCN(Cc2ccc(Nc3ncc(F)c(-c4ccc5nn(C)c(C(C)C)c5c4)n3)nc2)CC1,THRSP,0.3757,活性,毒性,,P11802;Q00534;P24385
T12266,C[C@H](Nc1cc(-c2cnn(C)c2)cc(Nc2cnccn2)n1)c1ccc(F)cc1,XPR1,0.3757,高活性,低毒性,7297;3718;3717;3716,O60674;NP_002218;NP_004963;NP_000206;NP_003322;P23458;P29597;P52333
T4288,CCN(CC)CCOc1ccc(Nc2nc(-c3ccccc3NC(=O)CCN3CCN(C)CC3)nc3ccccc23)cc1,GPAM,0.3752,活性,低毒性,,
T23543,Cc1nc2ccc(Oc3ccc(F)cc3)cc2c(=O)n1C[C@H]1CCCN(C(C)C)C1,PPARG,0.3752,活性,低毒性,2693;3757;1565;1551,NP_940799;ANW61984;Q8MHZ5;Q92847;Q12809;NP_000756
T77575,COc1ccc(C(=O)Nc2ccc(-c3ccc(C(=O)N4CCc5cc(OC)c(OC)cc5C4)o3)cc2)cc1,PPARG,0.3752,活性,毒性,,
T77754,Cc1ccc(S(=O)(=O)n2cc(Cc3cc(C)c(O)c(C)c3)c3ccccc32)cc1,PPARG,0.3752,活性,毒性,238,Q9UM73
T81546,C[C@H]1CN(c2cc(S(=O)(=O)NC3(C)CC3)cc3c2cnn3-c2nnc(C(F)F)s2)C[C@H](C)N1,AOC3,0.375,活性,低毒性,8505,Q86W56
T38298,O=c1nc(N2CCC(CN3CCC(C(F)(F)F)CC3)CC2)sc2c([N+](=O)[O-])cc(C(F)(F)F)cc12,NR1H3,0.375,活性,低毒性,,
T68022,O=C(O)COc1ccc(CCNS(=O)(=O)c2ccccc2)cc1,PPARG,0.375,高活性,低毒性,24816;6915,P34978;P21731
T69820,C[C@H](CC(=O)N1CCC(O)(Cn2cnc3c(-c4ccc(CN)cc4)n(C)nc3c2=O)CC1)c1ccccc1,AOC3,0.3748,活性,毒性,,Q93009
T60796,Cc1cnn(-c2ccncc2N2CCC(C(=O)N(C)C)CC2)c1,PPARG,0.3748,活性,低毒性,10858,Q9Y6A2
T16154,COC(=O)C[C@@H]1N=C(c2ccc(Cl)cc2)c2c(sc(C)c2C)-n2c(C)nnc21,RXRA,0.3748,高活性,毒性,23476;8362;8363;8364;554313;8360;8370;8367;8361;706;8294;121504;8365;8368;8366;8359,P0DMS8;P62805;P30536;O60885;NP_490597
T5477,COc1cc2[nH]c(C)c(-c3ccc(Oc4ccc(OC(F)(F)F)cc4)cc3)c(=O)c2cc1Cl,RXRB,0.3748,活性,低毒性,,
T16432,NC1(C(=O)NCCCn2cc(-c3ccc(OC(F)(F)F)cc3)c3cc(CN4CCN(Cc5c(Cl)cccc5Cl)CC4)ccc32)CCNCC1,THRSP,0.3748,活性,低毒性,,P01116
T10479,CN1CCN(c2cnc3c(C4CCN(C(=O)c5ccc(OC(F)(F)F)cc5N)CC4)ncnc3c2)CC1,AOC3,0.3745,活性,低毒性,23939;5598;10280;6513,Q13164;Q9WVS8;Q99720;O15197;P11166
T10988,CC(=O)N[C@H](Cc1ccc2ccccc2c1)C(=O)N[C@H](Cc1ccc(Cl)cc1)C(=O)N[C@H](Cc1cccnc1)C(=O)N[C@@H](CO)C(=O)N[C@@H](Cc1ccc(NC(=O)[C@@H]2CC(=O)NC(=O)N2)cc1)C(=O)N[C@H](Cc1ccc(NC(N)=O)cc1)C(=O)N[C@@H](CC(C)C)C(=O)N[C@@H](CCCCNC(C)C)C(=O)N1CCC[C@H]1C(=O)N[C@H](C)C(N)=O,AOC3,0.3745,活性,低毒性,2798,NP_001012781;P30968
T16099,O[C@@H]1CO[C@H]2[C@@H]1OC[C@H]2Oc1nc2nc(-c3ccc(-c4ccccc4)cc3)c(Cl)cc2[nH]1,AOC3,0.3743,活性,低毒性,241113;5562;108099;5571;4129;51422;65248;64562;108079;5564;19082;108097;25520;53632;5563;6530;4128;5565;19079;105787;6531,Q9UGI9;Q01959;Q13131;Q9UGJ0;P54646;Q5EG47;P21397;P28223;P80385;Q91WG5;Q9R078;Q6PAM0;Q9QZH4;O54950;P54619;Q8BGM7;Q9Y478;Q8BRK8;O43741;P27338;P54645;P23975
T23284,Cc1ccc(NC2=CC(=O)c3sc(C)nc3C2=O)cc1,PPARG,0.3743,活性,毒性,4837;2593;595;641;1017;27232;1019;19885;5409;387893;3077439;7157;7151;3077575;7468;3176;3458,P11802;P0DTD1;B45705;NP_001789;NP_001119587;Q9NQR1;NP_000066;NP_000610;NP_001035889;P21964;Q14749;P40261;NP_000048;NP_035411;P11086;P24385;Q14353;P50135
T1987,O=C([C@@H](Cc1cccc(C(F)(F)F)c1)NS(=O)(=O)c1cc(F)c2c(c1)CCNC2)N1CCCC1,RXRA,0.3743,活性,低毒性,80854,P32247;Q8WTS6;P18089;P41145;O43193;NP_085151
T2239,Cc1nnc(C(=O)NC(C)(C)c2nc(C(=O)NCc3ccc(F)cc3)c([O-])c(=O)n2C)o1.[K+],THRSP,0.3743,活性,低毒性,,Q7ZJM1
T10954,CC(C)(C)OC(=O)NCCCCCN(CCc1ccccc1)C(=O)n1cc(-c2ccc(OC(F)(F)F)cc2)nn1,GPAM,0.374,活性,低毒性,231871;27226;66082,NP_659164;NP_079617;NP_038765
TQ0176,COc1cc2c(cc1O)[C@@H]1Cc3ccc(OC)c(OC)c3CN1CC2,NR1H4,0.374,高活性,低毒性,1814;1815;1812;1816,P14416;P21917;P21728;P35462;P21918
T3209,COCCOc1cnc2ccn([C@H](C)c3nnc4c(F)cc(-c5cnn(C)c5)cn34)c(=O)c2c1,NR1H4,0.374,活性,低毒性,4233;115;1576,P08581;NP_001120972;NP_001189784;O60503
T8868,NS(=O)(=O)c1ccc2c(c1)C1C=CCC1C(c1ccc(Br)cc1)N2,RXRG,0.374,活性,低毒性,3064;1139,P42858;NP_001177384
T15578,COc1cc2c3c(n(CCCN4CCOCC4)c(=O)c2cc1OC)-c1cc2c(cc1C3=O)OCO2,FASN,0.3738,高活性,毒性,7468;4609,O96028;P01106
T10591,Cn1c(=O)c2c(-c3ccccc3)n3c(c2n(C)c1=O)C(c1ccc(Br)o1)Oc1ccc(C(=O)O)cc1-3,NR1H4,0.3738,活性,毒性,1080,P13569
T1967,COc1cc(N2CCC(N)CC2)ccc1Nc1ncc(Cl)c(-c2c[nH]c3ccccc23)n1,PPARA,0.3738,高活性,毒性,4837;3480;2081;6850;1559;5409;1565;3176;3458;238;27232;3456;7151;2593;28989;7157;1551;7468;3106,P01574;ANW61984;Q9BV86;O75460;NP_001119587;QLI62812;NP_000756;P21964;Q9UM73;P00533;ABI96208;Q14749;NP_000866;Q14353;O96028;NP_000610;NP_004295;P11086;P50135;P40261;P43405
T9645,O=C(Nc1ccc(Oc2cc(C(F)(F)F)cc(C(F)(F)F)c2)cc1)c1c(F)cccc1I,PPARG,0.3738,活性,低毒性,51311,Q9NR97
T61871,O=C1CC(c2cccc(Cl)c2Cl)CC(=O)C1=CNCCN1CCOCC1,PPARG,0.3738,活性,低毒性,,Q9GZQ8
T11831,NNC(=O)CSc1nc2scc(-c3ccccc3)c2c(=O)n1-c1ccccc1,PPARG,0.3738,活性,低毒性,7052,P21980
T24524,CCCCn1c(-c2ccccc2)nc(-c2ccccc2)c1CN(Cc1ccc2c(c1)OCO2)Cc1ccc2c(c1)OCO2,SCD,0.3738,活性,低毒性,1559;728;1551;1565;7468,ANW61984;ABI96208;QLI62812;O96028;NP_000756;P21730
T3959,O=C(Nc1cnc(Cl)nc1)c1ccc(F)c(F)c1,THRSP,0.3738,活性,低毒性,3786;3785,O43525;O43526
T6119,CNC(=O)c1cc(Oc2ccc3nc(N[C@@H]4CCCC[C@H]4O)sc3c2)ccn1,PPARG,0.3735,活性,毒性,2322;9970;6850;3815;115;1559;5159;1436;1565,NP_001087241;P07333;NP_005202;ANW61984;O60503;P10721;P09619;QLI62812;ADZ17385;P36888;NP_002600;P43405;Q26304;P16234
T9709,O=C(c1sc(-c2ccccc2O)nc1O)N1CCCO1,PPARG,0.3735,活性,低毒性,79054,Q7Z2W7
T3396,COc1ccc(-c2oc3c(CC=C(C)C)c(O)cc(O)c3c(=O)c2O[C@@H]2O[C@@H](C)[C@H](O)[C@@H](O)[C@H]2O)cc1,PPARG,0.3735,活性,毒性,8654,O76074;2H44_A
T16508,Cc1cc(-c2ccc3c(c2)CC[C@H]3N2CC3(CCN(C(=O)Cc4cn5cc(C)sc5n4)CC3)C2)ncn1,RXRG,0.3735,活性,低毒性,84022;3757;208188;2693;3357,NP_940799;Q92847;Q12809;NP_114464;P41595;NP_796304
T11641,Cc1ccc(NC(=O)c2ccc(CN3CCNCC3)cc2)cc1Nc1nccc(-c2cccnc2)n1,THRSP,0.3735,高活性,毒性,9970;6850;7468;120892,Q26304;Q5S007;O96028;ADZ17385;P43405
T14323,O=C(c1ccc(Oc2ccccc2)cc1Cl)c1c[nH]c2ncnc(N[C@@H]3CC[C@@H](CO)OC3)c12,THRSP,0.3735,活性,毒性,695,Q06187
T77518,Cc1ccc(NC(=O)c2ccc(-c3cccc(C(F)(F)F)c3)cc2)cc1C(=O)Nc1cnc(Nc2cccc(N)c2)nc1,AOC3,0.3733,活性,毒性,640;695,P43405;Q06187;P51451
T2347,C=CC(=O)Nc1cccc(C)c1Nc1ncc2cc(-c3c(Cl)c(OC)cc(OC)c3Cl)ccc2n1,PPARG,0.3733,活性,毒性,2264;2263;6850;2261;1559;7468;3106;3456;1576;1436;1557;2260,P08684;P01574;P07333;P11712;NP_001156685;NP_075252;P33261;P21802;NP_001167538;O96028;P11362;P22607;NP_001138391;P22455;P43405
T8703,Oc1ccc(-c2c(-c3ccc(O)c(O)c3O)n[nH]c2C(F)(F)F)cc1,PPARG,0.3733,活性,低毒性,2997,P13807
T5355,CCCCC1=NC2(CCCC2)C(=O)N1Cc1ccc(-c2ccccc2S(=O)(=O)Nc2noc(C)c2C)c(COCC)c1,SCD,0.3733,高活性,低毒性,1576;185;1909;1558,P10632;P08684;P30556;NP_001243212;P25101
T4669,COc1ccc(CCN(C)CCCOc2ccc(S(=O)(=O)c3c(C(C)C)cn4ccccc34)cc2)cc1OC,ACACA,0.373,高活性,低毒性,24239;12288,Q01815;P22002
T13780,Cc1cc(C)c(CNC(=O)c2cc(-c3ccc(N4CCN(CCNC(=O)CC56CC7CC(CC(C7)C5)C6)CC4)nc3)cc3c2cnn3C(C)C)c(=O)[nH]1,RXRG,0.373,活性,低毒性,2146,Q15910
T6786,COc1cc(-c2cn(C)c(=O)c3cnccc23)c(OC)cc1CN(C)C,SCD,0.373,活性,低毒性,29117;7046;93;7468;65980;90;1387;6872;27443,Q9H8M2;Q9NPI1;NP_001009877;NP_001167455;Q13705;Q92793;Q9H0E9;P36897;P21675;O96028;Q04771;Q9BXF3
T13189,FC(F)(F)Cn1cc(-c2ccncc2)c(-c2ccc(OCc3ccc4ccccc4n3)cc2)n1,RXRB,0.3728,活性,低毒性,63885;10846,Q9Y233;Q9QYJ6
T9810,COc1cccc(Cn2c(=O)oc3cc(-c4cnc5[nH]ccc5c4)ccc32)c1,AOC3,0.3726,活性,低毒性,23043,Q9UKE5
T14567,CCC(F)(F)c1cc(N2CCC(S(C)(=O)=O)CC2)nc2sc(C(N)=O)c(N)c12,AOC3,0.3726,活性,低毒性,1814;11213;22848;2580;3383;5604;3551;18;1436;4792,Q9Y616;P07333;P14416;O14976;Q02750;P80404;O14920;Q2M2I8;NP_001547;P35462;P25963;P05362
T3172,S=C(NCCc1ccccn1)Nc1ccc(Br)cn1,AOC3,0.3726,活性,低毒性,155348,Q72547;P04585
T67850,C[C@@H](NCc1ccc(OCc2cccc(F)c2)cc1)C(N)=O,GPAM,0.3726,活性,毒性,29336;497770;24766;81574;25750,P04775;P04774;Q9R0C9;P19643;P08104
T30163,COc1ccc(N(C(=O)Cn2nnc3ccccc32)C(C(=O)NCC2CCCO2)c2ccc(F)cc2)cc1,PPARD,0.3726,活性,低毒性,2840,NP_001154889
T14671,COC(=O)C1=C(C)NC(C)=C(C(=O)OC)C1c1cccc(NC(=O)NCCCN2CCC(c3cccc(OC)c3)CC2)c1,PPARG,0.3726,活性,毒性,2101;4837;2593;27232;4886;5409;7157;7151;7468;3176,NP_001119587;O96028;Q14749;P40261;ADZ17378;P21964;P11086;P25929;Q14353;P50135
T8960,COc1cc(Nc2ccc([N+](=O)[O-])cc2C(=O)O)cc2ccccc12,PPARG,0.3726,活性,低毒性,1551;1559;9807;55107,Q92551;ABI96208;QLI62812;NP_000756;Q5XXA6
T19618,Cc1sc2c(c1C)C(c1ccc(Cl)cc1)=N[C@H](CC(=O)OC(C)(C)C)c1nnc(C)n1-2,RXRA,0.3726,高活性,低毒性,8019;676;1387;6046,P25440;Q58F21;Q15059;Q92793;O60885
T14367,c1nc(NC2CCC(N3CCOCC3)CC2)c2c(C3CCOCC3)c[nH]c2n1,RXRA,0.3726,活性,低毒性,11213;3654;3656;83903;1195;57396;1196,P49759;Q9Y616;Q9HAZ1;Q8TF76;P49760;O43187;P51617;Q9NWZ3
T4628,CCO[C@H](COc1ccc(C(F)(F)F)cc1)CSc1ccc(OCC(=O)O)c(C)c1,THRSP,0.3726,高活性,低毒性,5467;5465,Q03181;Q07869
T4218,Cc1ccc2c(Br)cc(Br)c(OC(=O)c3ccccc3)c2n1,PPARD,0.3723,活性,毒性,3458,NP_000610
T12236,O=C(CCl)Nc1cccc(NC2=NS(=O)(=O)c3ccccc32)c1,PPARG,0.3723,高活性,毒性,6850;115;7415;1559;7157;1551;7151;7468,O60503;NP_001119587;ABI96208;QLI62812;O96028;P55072;NP_000756;P43405
T10425,CC1(C)Cc2c(CN3CCC4(CC3)CCN(C(=O)c3ccc(N)cn3)CC4)cccc2O1,PPARG,0.3723,活性,低毒性,1237,P51685
T28352,C[C@H](Nc1nc2c(cnn2C2CCCC2)c(=O)[nH]1)c1ccc(Cl)cc1,RXRG,0.3723,活性,低毒性,5152,O76083;Q01064;O60658;Q08499;Q9Y233;O00408;O76074;Q13946
TQ0263,O=C1Cc2cc(C(=O)N[C@H]3C[C@H]4CC[C@@H](C3)N4S(=O)(=O)CC3CCN(CCCC(F)(F)F)CC3)c(Cl)cc2N1,GPAM,0.3721,活性,低毒性,64754,Q9H7B4
T23066,c1ccc(-c2ncc(CN3CCN(c4ncccn4)CC3)[nH]2)cc1,PPARG,0.3721,活性,低毒性,1815;1559;1565;1551;3359;25432,P14416;ANW61984;P08908;P46098;P21917;QLI62812;P30729;NP_000756;NP_000788
TQ0057,CCNC(=O)NS(=O)(=O)c1sc(CC(C)C)cc1-c1ccc(Cn2c(-c3ccccc3)nc(OC)c2C=O)cc1,PPARG,0.3721,活性,低毒性,4142;17171,NP_032578;P04201
T4335,O=C(NCc1ccc(S(=O)(=O)c2cc(F)cc(F)c2)cc1)c1ccc2nccn2c1,XPR1,0.3721,高活性,毒性,115;1559;59027;1551;1565;297508;10135,O60503;ANW61984;P11712;ABI96208;NP_000756;Q99KQ4;Q80Z29;P43490
T26196,O=C(N1CCOCC1)N1CCN(c2ccc(Cl)cc2Cl)CC1,AOC3,0.3718,活性,低毒性,8644,P42330
T11978,CCCCCCCCCCCCCCC1(C(=O)OC)CO1,PPARG,0.3718,活性,低毒性,25757,Q9MYX2;P32198
T15619,O=C(c1ccc(F)cc1)N1CCc2nc(COc3ccccc3)oc2C1,PPARG,0.3718,活性,低毒性,24418,P31424
T11693L,CC1(C)CN2C(CSC(=NC3CCCCC3)NC3CCCCC3)=CSC2=N1.Cl.Cl,THRSP,0.3718,活性,毒性,,
TNU0494,CSc1ncnc2c1ncn2[C@@H]1O[C@H](CO)[C@@H](O)[C@H]1O,AOC3,0.3716,活性,低毒性,888551;45426178,P9WID5
T22698,O=C(N[C@H](Cc1ccccc1)C(=O)O)c1sc2cc(F)ccc2c1Cl,GPAM,0.3716,活性,低毒性,1551;1559;7098,QLI62812;O15455;NP_000756
T36712,O=C(NO)[C@@H](Cc1ccccc1)NS(=O)(=O)c1ccc(-c2ccccc2)cc1,PPARG,0.3716,活性,低毒性,,P08253;P14780
T5632,CC(C)c1ccc(CC(=O)N[C@H](C)c2ccc(OCC(F)(F)F)cn2)cc1,PPARG,0.3716,活性,毒性,1269;8911;3757;8913;8912,O95180;Q12809;O43497;P34972;Q9P0X4
T3081,CC(C)N(CCCNC(=O)Nc1ccc(C(C)(C)C)cc1)C[C@H]1O[C@@H](n2ccc3c(N)ncnc32)[C@H](O)[C@@H]1O,RXRA,0.3716,活性,低毒性,4837;2593;27232;5409;54496;84444;1551;7468;3176,NP_115871;Q8TEK3;ABI96208;O96028;O14744;Q14749;NP_000756;P40261;Q9NVM4;P21964;P11086;Q14353;P50135
T21838,O=C(Oc1cccc2ccccc12)c1cc([N+](=O)[O-])cc([N+](=O)[O-])c1,SCD,0.3716,高活性,低毒性,240;9536,O14684;P09917
T61274,NC(=O)c1c(F)ccc(OCc2nc3cc(Cl)cnc3s2)c1F,AOC3,0.3713,活性,低毒性,,A5Z1V5;P0A031
T15622,C[C@@H]1c2nnn(-c3ncc(F)cn3)c2CCN1C(=O)c1cccc(C(F)(F)F)c1Cl,AOC3,0.3713,高活性,低毒性,1558;5027;29665;18439,P10632;Q64663;G7N604;Q99572;Q9Z1M0
T12128,CC(C)[C@H]1COC(=O)N1c1ccnc(N[C@@H](C)c2ccc(CN3CCC(F)(F)CC3)cc2)n1,AOC3,0.3713,活性,低毒性,3417,O75874
T3726,COc1cc(OC)cc(N(CCNC(C)C)c2ccc3ncc(-c4cnn(C)c4)nc3c2)c1,GPAM,0.3713,高活性,毒性,2264;6532;2263;6850;2261;7468;6530;3106;3456;3791;6531;16542;3357;2260;5144,P01574;NP_075252;Q01959;P21802;P41595;NP_001156685;P35918;P41212;NP_001167538;O96028;P22607;NP_001138391;P22455;P35968;P31645;Q08499;P11362;P23975;P43405;NP_002244
T9013,CC(C)Oc1ccc(C(=O)Nc2nc3c(s2)CN(C(=O)OC(C)(C)C)CC3)cc1,PPARG,0.3713,活性,毒性,,Q96CP6
T62160,Cn1nc(C(F)(F)F)cc1C(=O)Nc1ccc(S(=O)(=O)N2CCCCC2)cc1,PPARG,0.3713,活性,毒性,,
T4329,CCC(CC)Nc1cc(C)nc(Oc2c(C)cc(C)cc2C)c1C,SCD,0.3713,高活性,低毒性,58959;1394;104909134,P35353;NP_112261;P34998
T8987,Nc1nc(N)c2nc(-c3cccc(Cl)c3)c(N)nc2n1,THRSP,0.3713,高活性,毒性,102800317;6850;1453;2876;1454;7468;1452,P00533;O96028;P48730;P48729;P07203;P49674;P43405
T6905,Cc1ccccc1-c1cc(N2CCN(C)CC2)ncc1N(C)C(=O)C(C)(C)c1cc(C(F)(F)F)cc(C(F)(F)F)c1,GPAM,0.3711,活性,毒性,1559;1551;1565;6869;3458,ANW61984;ABI96208;QLI62812;NP_000610;NP_056542;NP_000756;P25103
T39630,Cc1cc(S(=O)(=O)Nc2cscn2)c(F)cc1N(C)[C@H]1CCN(Cc2ccccc2)C1,RXRB,0.3711,活性,低毒性,6334,Q9UQD0
T8160,CC(=O)Oc1cc(OC(C)=O)c2c(c1)O[C@H](c1cc(OC(C)=O)c(OC(C)=O)c(OC(C)=O)c1)[C@H](OC(=O)c1cc(OC(C)=O)c(OC(C)=O)c(OC(C)=O)c1)C2,SCD,0.3711,活性,低毒性,5243,P08183
T7588,C=C[C@]1(C)C[C@@H](OC(=O)CS[C@@H]2CC[C@@H](N)C[C@H]2O)[C@]2(C)[C@H](C)CC[C@]3(CCC(=O)[C@H]32)[C@@H](C)[C@@H]1O,THRB,0.3711,活性,低毒性,1576,P08684
T35340,O=C(NCc1c(F)cc(F)cc1F)c1cn2c(c([O-])c1=O)C(=O)N1[C@H]3CC[C@H](C3)O[C@@H]1C2.[Na+],THRSP,0.3711,活性,低毒性,,
T3357,CCC(=O)O[C@]1(C(=O)CO)CC[C@H]2[C@@H]3CCC4=CC(=O)CC[C@]4(C)[C@H]3CC[C@@]21C,NR1H3,0.3708,活性,低毒性,367,P10275
T7014,CCn1c(=O)c(-c2ccn[nH]2)cc2c(C)nc(N)nc21,THRSP,0.3708,活性,毒性,28989;6850;5294;5293;5291;1559;2475;2876;2879;7468;3458,P36969;P42338;P42336;Q9BV86;O00329;P42345;QLI62812;O96028;NP_000610;P48736;P07203;P43405
T25952,O=[N+]([O-])c1cccc(C2Nc3ccc([N+](=O)[O-])cc3C3C=CCC32)c1,NR1H3,0.3706,活性,低毒性,1536,P04839
T5437,COc1cc2ncnc(Nc3ccc(F)c(Cl)c3)c2cc1OCCCCCOCCOCCC(=O)N[C@H](C(=O)N1C[C@H](O)C[C@H]1C(=O)NCc1ccc(-c2scnc2C)cc1)C(C)(C)C,SCD,0.3706,活性,低毒性,7428,P00533;P40337
T5815,O=C(ON1C(=O)CCC1=O)N1CCN(C(c2ccc(Cl)cc2)c2ccc(Cl)cc2)CC1,THRSP,0.3706,活性,低毒性,23945,O35678;Q99685
T4175,Fc1ccc(NC(=S)Nc2cc(Cl)cc(Cl)c2)cc1,ACACA,0.3704,活性,低毒性,,P27338
T9745,COc1ccccc1NC(=O)NCc1ccc(C(=O)NO)cc1,AOC3,0.3704,高活性,低毒性,3065;10013,Q96DB2;Q13547;Q9UBN7
T11928,NC(=O)c1cccc2c(N[C@H](CN3CCC3)c3ccc(Cl)c(C(F)(F)F)c3)ncnc12,GPAM,0.3704,活性,低毒性,6198;3619;9212,Q9NQS7;Q96GD4;P31749;P23443
T0537,COc1cc2c(cc1OC)C(=O)C(CC1CCNCC1)C2.Cl,GPAM,0.3704,活性,低毒性,11423,P21836
T68015,COC(=O)N[C@H](C(=O)N1CCC[C@H]1c1ncc(-c2cc(F)c3c(c2)O[C@@H](c2cnc(C4CC4)s2)n2c-3cc3cc(-c4cnc([C@@H]5CCCN5C(=O)[C@@H](NC(=O)OC)C(C)C)[nH]4)ccc32)[nH]1)C(C)C,RXRG,0.3704,活性,低毒性,,Q5L478
T6776,COc1ccc(-c2cc3nccn3c(Nc3ncccc3C(N)=O)n2)cc1OC.Cl.Cl,THRSP,0.3704,活性,毒性,,P43405
T9414,CC1(C)COc2ccc(F)cc2CN2c3nc4c(cnn4cc3OC[C@H]2C(F)F)C(=O)N1,XPR1,0.3704,活性,低毒性,,Q9UM73
T6517,CN1CCN(C2CCN(C(=O)Nc3cc(Oc4ccc(NC(=O)C5(C(=O)Nc6ccc(F)cc6)CC5)c(F)c4)ccn3)CC2)CC1,AOC3,0.3701,活性,毒性,6850;1969;3106;3456;3791;7157;4233;7151;7468,P01574;Q13233;NP_001119587;P00519;P29323;P42685;P36888;Q15375;P08631;Q16539;Q04912;P54764;P08581;Q9BQI3;Q76MJ5;Q13163;P09619;ABI96208;P53667;Q16832;P42684;P06239;Q9Y4K4;Q9UL54;Q14289;Q15569;P07948;P04629;O96028;P54760;Q13882;P11274;P35968;Q9Y6E0;O15197;P54753;P07949;P29317;Q9NYL2;Q08345;O43353;P54756;NP_001120972;Q9Y572;P43405;NP_002244
T22445,CCCCCCCCCCCCCCCCCC[N+](C)(C)C.[Br-],PPARA,0.3701,活性,低毒性,1759,Q05193
T64221,CCOC(=O)C1=C(CN2CCN3C(=O)N(CC(C)(C)C(=O)O)C[C@@H]3C2)N=C(c2nccs2)N[C@H]1c1cccc(F)c1C,PPARG,0.3701,活性,低毒性,,
T4142,Cc1ccc(NC(=O)Nc2cc(-c3ccccc3-c3nn[nH]n3)ccc2N(CC(C)C)CC(C)C)cc1,RXRA,0.3701,高活性,低毒性,8856;1558;1559;1576;3620;1557;1544,P10632;P08684;P11712;P33261;P14902;O75469;P05177
T7862,Cn1ccc(-c2cncc(CNc3cc(C(=O)Nc4cccc(OC(F)(F)F)c4)ccc3F)c2)n1,AOC3,0.3699,活性,低毒性,780;4921,Q16832;Q08345
T70229,CNC(=O)N(N(CCCl)S(C)(=O)=O)S(C)(=O)=O,FASN,0.3699,活性,毒性,,
T61786,CCN1CCC(S(=O)(=O)NC(=O)Nc2c3c(cc4c2CCC4)CCC3)CC1,NR1H3,0.3699,活性,低毒性,,Q96P20
T4534,CCc1c(-c2ccccc2)c(-c2ccccc2)nn1-c1ccccc1-c1cccc(OCC(=O)O)c1,PPARD,0.3699,活性,低毒性,4837;2593;2171;27232;3176;2167;14080;5409;79451;2168;1551;2170,P07148;P05413;P15090;ABI96208;P12710;P21964;Q14749;NP_000756;P40261;Q01469;P11086;P70623;Q14353;P50135
T81632,O=C(O)c1cccc(OCc2ccc(Cl)cc2Cl)c1,RXRB,0.3699,高活性,低毒性,4929;8013;3164,P22736;P43354;Q92570
T8501,O=C(NC1CCN(Cc2ccccc2)CC1)C12CC3CC(C1)CC(c1ccccc1)(C3)C2,THRSP,0.3699,活性,低毒性,,
T22748,Cc1ccc2[nH]c(=O)c(C3=NN(C(=O)CCC(=O)O)C(c4ccc(Br)cc4)C3)c(-c3ccccc3)c2c1,THRSP,0.3699,活性,毒性,6850;2906;1559;2905;1551,Q14957;ABI96208;QLI62812;NP_000756;O15399;P43405
T5166,CCC(=O)N1CC[C@H](Nc2ncnc3c2CN(c2cnc(OC)c(C(F)(F)F)c2)CC3)C1,AOC3,0.3696,活性,低毒性,5294;5293;5291;30955;5290;18707;3357,P42338;P42336;Q9JHG7;O00329;O35904;Q08499;P78527;NP_005017;P41595;NP_006209;P48736
T34485,COc1cc(C)c(S(=O)(=O)N(C)CCOCC(=O)N(C)Cc2ccc(C3=NCCN3)cc2)c(C)c1,SCD,0.3696,活性,低毒性,623;12061,Q61125;P46663
TN4660,COC[C@@H](Cc1ccc(OC)c(OC)c1)[C@@H](COC)Cc1cc(OC)c2c(c1)OCO2,SCD,0.3696,活性,毒性,,
T27527,Fc1cccc(Cl)c1C1CC(c2ccc(Cl)cc2)N=C2N=NNN21,AOC3,0.3694,活性,低毒性,,
T83981,COc1cc(N)c(Cl)cc1C(=O)NCC1CCN(CC[C@H](OC(N)=O)c2ccc(F)cc2)CC1,AOC3,0.3694,高活性,低毒性,3357;3356;3360,NP_001159419;NP_000858;NP_001035262
T39762,CC(C)c1cnn2c(N[C@@H]3CCc4[nH]c5ccccc5c4C3)nc(-c3cncc(F)c3)nc12,AOC3,0.3694,活性,低毒性,,P35869
T14390L,COc1cccc(OC)c1-n1c(NS(=O)(=O)[C@H](C)[C@@H](C)c2ncc(C)cn2)nnc1-c1cncc(C)c1,AOC3,0.3694,活性,低毒性,187,P35414
T17069,CC(C)(C)c1cnc(CSc2cnc(NC(=O)C3CCN(CC(=O)NCCOCCOCCOCCNc4cccc5c4C(=O)N(C4CCC(=O)NC4=O)C5=O)CC3)s2)o1,AOC3,0.3694,活性,毒性,,Q96SW2;P50750;O60563;Q8TD08;Q96RR4;Q14994;P49840;O14936
T29137,Cn1cc(-c2ccc(CN3Cc4ncccc4C3=O)c(F)c2)cn1,PPARG,0.3694,高活性,低毒性,1128;25229,P08482;P11229
T14998,COc1c(OCCCN2CCOCC2)ccc2c1N=C(NC(=O)c1cnc(N)nc1)N1CCN=C21.Cl.Cl,RXRB,0.3694,活性,低毒性,,O00329;P48736;P42338;P42336
T37082,CN(C)CCn1cc2cc(NC(=O)c3cccc(C(F)(F)F)n3)c(C(C)(C)O)cc2n1,AOC3,0.3691,活性,低毒性,3654,P51617;Q9NWZ3
T5699,COc1cc(C2CC(c3ccccc3)=NN2C(N)=S)cc(OC)c1OC,NR1H3,0.3691,活性,低毒性,,
T11706,COC[C@H](C(=O)Nc1cccc2c(-c3nc(Nc4cccc(S(C)(=O)=O)c4F)ncc3F)c[nH]c12)N1CCN(C)CC1,PPARG,0.3691,活性,低毒性,7297,O60674;P23458;P29597
T25131,C[C@H](CO)Nc1nc(SCc2cccc(F)c2F)nc2[nH]c(=O)sc12,ACACA,0.3689,活性,低毒性,3579;729230,P41597;P25025
T17023,OC[C@H]1O[C@@H](n2cnc3c(N[C@@H]4CCOC4)ncnc32)[C@H](O)[C@@H]1O,PPARG,0.3689,活性,低毒性,282133;100135472,P29275;P30542;Q4VQ11;P47745;P29274;P28190
T68492,CCCCCCCCCCCCCCCCS(=O)(=O)F,PPARG,0.3689,活性,低毒性,100911581,P97612
T40350,COc1cc2c(cc1Nc1ncc(C(N)=O)c(Nc3ccccc3CO)n1)CN(C)CC2,SCD,0.3689,活性,低毒性,,Q92918
T13360,Cl.OCCNCc1ccc(OCc2ccc(F)cc2)c(OCc2ccc(F)cc2)c1,THRSP,0.3689,活性,低毒性,,
T38041,CCCCCCCCCCC[C@@H](O)CC(=O)O,AOC3,0.3687,活性,低毒性,53831,Q9NQS5
T24133,COc1ccc(C(=O)NO)cc1OCc1ccccc1,AOC3,0.3687,活性,低毒性,10013;55869,Q9BY41;A5H660;Q9UBN7
T11249,CC[C@@]1(O)C(=O)OCc2c1cc1n(c2=O)Cc2c-1nc1cc(F)c(C)c3c1c2[C@@H](N)CC3,FASN,0.3687,高活性,毒性,6850;142;3106;3456;2876;7468;3458,P01574;P09874;O96028;NP_000610;P07203;P43405
T17156,O=C(c1ccccc1Cl)c1cccnc1-c1nnn(Cc2cc(C(F)(F)F)cc(C(F)(F)F)c2)c1-c1ccncc1,GPAM,0.3687,活性,低毒性,6869,NP_056542
T62263,CCn1nc2c(c1Nc1nc(-c3ccc(-n4cnc(C)c4)c(F)c3)cs1)CCCC2,PPARG,0.3687,高活性,低毒性,55851;5664;51107;5663;83464;23385,Q8WW43;Q96BI3;Q92542;P49810;P49768;Q9NZ42
T6178,Br.COc1cc(Br)c(Nc2nc(-c3c(C)nc4ncccn34)cs2)c(Br)c1,PPARG,0.3687,活性,低毒性,,
T9460,O=c1oc2ccccc2cc1-c1cn2cc(Cc3ccc(F)cc3)sc2n1,PPARG,0.3687,活性,低毒性,2475;5243,AAI07878;NP_004949
T28036,CC1(C)CN=C(N2CCN(c3ncnc4sc(CC(F)(F)F)cc34)CC2)S1,SCD,0.3687,高活性,低毒性,4221;4297,O00255;Q03164
T16133,O=S(=O)(N[C@H]1CC[C@@](c2cc(F)ccc2F)(S(=O)(=O)c2ccc(Cl)cc2)CC1)C(F)(F)F,SCD,0.3687,活性,低毒性,55851;351;6571;1559;1576;5664;51107;6531;1551;1565;5663;83464;23385,ANW61984;P31749;Q05940;Q9NRM7;Q96BI3;Q01959;QLI62812;NP_000756;Q14164;P00533;Q8WW43;Q92542;ABI96208;P49768;P08684;P11712;P05067;P49810;O14578;Q9NZ42
T84349,O=C(Nc1ccc(-c2nc3cc(NC(=O)C4CC4)ccc3[nH]2)cc1)c1ccccc1Cl,AOC3,0.3684,活性,低毒性,10002,Q9Y5X4
T12530,O=C(O)c1cc(-c2ccc(C3CCNCC3)cc2)c2ccc(-c3ccc(C(F)(F)F)cc3)cc2c1,MLXIPL,0.3684,活性,低毒性,1814;9934;150;5733;6571;4985;4923;29238;10800;171108;6754;152;140795,Q5BJF2;Q05940;P08908;P35368;P41143;Q01959;P35462;P08913;P31391;P25021;P19020;P35354;Q99720;P18825;P21728;P21918;O35881;P18089;NP_001074924;P30989;Q15391;P43115;P41145;Q9Y271;Q9ESG6;P13945;P23975;A0A2J8P2M1
T6S0117,O=c1c(O[C@@H]2O[C@@H](CO)[C@H](O)[C@H]2O)c(-c2ccc(O)c(O)c2)oc2cc(O)cc(O)c12,PPARG,0.3684,活性,低毒性,396061,P12276;V5TFZ2
T6S1315,COc1c(O)cc2oc(-c3ccccc3)cc(=O)c2c1O,PPARG,0.3684,活性,毒性,1385;2322;3091;11309,P36888;P16220;AAC68568;O94956
T1923,COC(=O)c1ccc2c(c1)nc(NC(=O)c1ccccc1)n2CCCc1ccccc1,PPARG,0.3684,活性,毒性,10919;1559,QLI62812;Q96KQ7
T28471,O=c1c2cccnc2sn1-c1ccc(F)cc1,THRSP,0.3684,高活性,毒性,2033;8850;2648;1387,Q92793;Q92830;Q92831;Q09472
T21548,Cc1ccc(-c2c(-c3nn(C)c4ncnc(N5CC[C@H](N6CCCCC6)C5)c34)cnn2C)cc1,AOC3,0.3682,活性,低毒性,64816;1551;1576;1577;100861540,P20815;P08684;P24462;Q9HB55
T29214,CNc1nc2ncc(-c3c(C)noc3C)cc2n1Cc1ccccc1,PPARG,0.3682,活性,低毒性,,
T16961,COc1cc(OC)cc(N2CCN(C(=O)Nc3nc4cc(F)ccc4nc3OC)CC2)c1,PPARG,0.3682,高活性,毒性,7468;6850,O96028;P43405
T77620,FC(F)(F)Oc1cccc(-c2cnc3ccc(-c4ccncc4)nn23)c1,SCD,0.3682,活性,低毒性,,Q13627
T11161,COc1cc(N2CCC(N3CCN(C)CC3)CC2)c(C)cc1Nc1ncc(Br)c(Nc2ccc3nccnc3c2P(C)(C)=O)n1,THRSP,0.3682,活性,毒性,,P00533
T6770,CN(C)CCCOc1ccc(-c2ccc3ncc4c(c3c2)n(C2CCOCC2)c(=O)n4C)cn1,AOC3,0.3679,活性,毒性,6850;5294;142;5293;5291;7468;472;2475;43740568;1489834,NP_000042;Q13535;P42336;P42338;O00329;AMB37292;P09874;P42345;P78527;O96028;P48736;Q13315;P43405
T14971,COc1ccc(OCC2c3cc(OC)c(OC)cc3CCN2C(=O)c2cccc(Cl)c2)cc1,PPARG,0.3679,活性,低毒性,2906;24411;24408;2905;24412,Q14957;O15399;P35439;Q00961;Q62645
T2442,Cc1sc2c(c1C)C(c1ccc(Cl)cc1)=NC(CC(N)=O)c1nnc(C)n1-2,RXRA,0.3679,活性,毒性,7468,O96028
T5359,Brc1ccc(Nc2nc(-c3ccccc3)cs2)cc1,SCD,0.3679,活性,低毒性,,
T9044,CC(C)(C)c1cc(C(=O)O)n(Cc2ccccc2)n1,THRSP,0.3679,活性,低毒性,2896;6272,P28799;Q99523
T27454,CC(C)c1nc(-c2cccc(NS(=O)(=O)c3c(F)cccc3F)c2F)c(-c2ccnc(Nc3ccc(N4CCOCC4)nc3)n2)s1,THRSP,0.3679,活性,低毒性,1432;673;7010;3791,P35968;P15056;O60674;Q16539;Q02763
T6649,COc1ccc([C@H]2CNC(=O)C2)cc1OC1CCCC1,XPR1,0.3679,活性,低毒性,7422;5143;5141;290646;24626;24627;25638,Q08493;P27815;P15692;P14270;P14644;P14646;Q07343;1XN0_A;Q08499;P54748;1OYN_A
T12536,CC(=O)[C@H]1CC[C@H]2[C@@H]3CC=C4C[C@@H](OS(=O)(=O)O)CC[C@]4(C)[C@H]3CC[C@]12C,PPARG,0.3677,活性,低毒性,2742;2741;4308;2743;80036;10858,P63080;P22723;NP_001165413;Q9Y6A2;P62812;NP_066003;NP_001139512;NP_001238959;NP_001159533
T36640,CCCCCCOc1nsnc1C1=CCCN(C)C1,PPARG,0.3677,高活性,毒性,3358;12669;150;3354;11255;1133;1132;3357;775;3458;1128;25229;3757;53949;1131;3351;3363;25111;3362;3350;1814;6530;3355;1812;81645;3356;4128;3352;1129;24260;25549;6531,P20309;P08912;P08908;NP_000854;NP_036257;Q01959;P35462;NP_000857;P08913;P41595;P08172;NP_000731;P11229;NP_000856;NP_000732;P08485;NP_001006633;NP_000855;P23975;NP_000515;Q01827;P08483;NP_000862;P21728;P21397;NP_062874;NP_000729;NP_000610;P08911;P08173;P12657;Q12809;P10980;Q13936;NP_000858;NP_001159419;P08482;Q9Y5N1;NP_001243690
T13166,O=C(CC1(O)C(=O)Nc2c(Cl)ccc(Cl)c21)c1ccc(C2CC2)cc1,PPARG,0.3674,活性,低毒性,,
T63228,CC1CN(C(=O)c2cc(Cc3n[nH]c(=O)c4ccccc34)ccc2F)Cc2nnc(C(F)(F)F)n21,AOC3,0.3672,高活性,毒性,10038;142,Q9UGN5;P09874
TN3500,CC1(C)CC[C@]2(C)CC[C@]3(C)C(=CC[C@@H]4[C@@]5(C)CCC(=O)C(C)(C)[C@@H]5CC[C@]43C)[C@@H]2C1,NR1H3,0.3672,活性,低毒性,8824;1066,O00748;P23141
T200421,CCCCCN1CCN(c2ccc(S(=O)(=O)Oc3cc(Cl)cc(Cl)c3)cc2)C1=O,PPARG,0.3672,活性,低毒性,1543,P04798
T40042,O=c1[nH]ncc(N2CCc3c(ncnc3Oc3ccc(F)cc3C(F)(F)F)C2)c1Cl,RXRA,0.3672,活性,低毒性,,Q9UL62;Q9UBN4
T207822,CC(O)C1CCN(c2ccc(Cl)cc2NC(=O)c2cnn3cccnc23)CC1,SCD,0.3672,活性,低毒性,3654,P51617;Q9NWZ3
T9623,O=C(O)Cc1ccc(CNC(=O)Nc2cc(Cl)c(-c3ccccc3OC(F)(F)F)c(Cl)c2)cc1,THRSP,0.3672,活性,低毒性,6097,P51449
T85325,O=C1CC[C@@H](C(=O)Oc2ccc(O)cc2)N1,AOC3,0.3669,活性,低毒性,,
T13327,CCCCCCc1cccc(NC(=O)[C@H](N)CCP(=O)(O)O)c1,PPARD,0.3669,活性,低毒性,1901,NP_001391;P21453
T16670,O=C(CC(c1ccccc1)C(C(=O)O)C(=O)O)c1ccc(C(F)(F)F)cc1,PPARG,0.3669,活性,低毒性,5170,O15530
T11915,O=C(c1ccc(O)cc1)c1c(-c2ccc(O)cc2)sc2cc(O)ccc12,PPARG,0.3669,活性,低毒性,,
T77659,O=C(NN1CCOCC1)Oc1ccc(Cl)cc1,THRSP,0.3669,活性,低毒性,3991,Q05469
T6968,COC(=O)N(C)c1c(N)nc(-c2nn(Cc3ccccc3F)c3ncccc23)nc1N,AOC3,0.3667,活性,低毒性,2983;3757;1559;497757;1551;2977;2982,Q12809;QLI62812;P19686;Q02153;NP_000756;O75343;Q02108;P33402
T7339,CC[C@H](C)[C@H](NC(=O)[C@H](Cc1ccc(O)cc1)NC(=O)[C@@H](NC(=O)[C@H](CCCNC(=N)N)NC(=O)[C@@H](N)CC(=O)O)C(C)C)C(=O)N[C@@H](Cc1cnc[nH]1)C(=O)N1CCC[C@H]1C(=O)O,PPARD,0.3667,活性,低毒性,17171;186,NP_032578;NP_000677
T1806,OC(CC1c2ccccc2-c2cncn21)C1CCCCC1,PPARG,0.3667,活性,毒性,6850;1559;1576;3620;1555;1551;1565;7468;6999,P08684;P48775;ANW61984;P10635;ABI96208;NP_002155;QLI62812;P14902;O96028;NP_000756;P20813;P43405
T3591,O=C(Nc1cccc(-c2ccccc2)c1)OC1CCCCC1,PPARG,0.3667,活性,低毒性,,O00519;Q99685
T3405,CCCCC[C@H](O)CC(=O)CCc1ccc(O)c(OC)c1,PPARG,0.3667,活性,低毒性,1557;277328,NP_808449;P33261
T6332,NS(=O)(=O)OC[C@@H]1C[C@@H](n2ccc3c(N[C@H]4CCc5ccccc54)ncnc32)C[C@@H]1O,RXRG,0.3667,高活性,毒性,4837;6850;1559;5409;1565;3176;27232;10055;2593;28989;10054;142;22201;1551;7468;8883;9039;55236;4738,Q8TBC4;ANW61984;Q9BV86;QLI62812;NP_000756;P21964;Q13564;Q9UBE0;Q02053;P09874;Q14749;Q14353;3GZN_I;Q9UBT2;3GZN_B;Q15843;O96028;P11086;P50135;A0AVT1;P40261;P43405
T68146,Cn1nc(CS(C)(=O)=O)nc1NCCCOc1cccc(CN2CCCCC2)c1,RXRG,0.3665,活性,低毒性,,
T8961,CCC[C@@H]([C@@H](CC(C)C)C(=O)N[C@@H](CCCCNC(=O)OCc1ccccc1)C(=O)Nc1nccs1)N(O)C=O,NR1H3,0.3662,活性,低毒性,,Q9BYF1
T19932,COc1cc(O)c2c(=O)c3c(O)c(O)ccc3oc2c1,PPARG,0.3662,活性,低毒性,4128,P21397
T78876,O=C(COc1ccc(Cl)cc1)NC12CC(c3nnc([C@H]4C[C@@H](OC(F)(F)F)C4)o3)(C1)C2,AOC3,0.366,活性,低毒性,,P18848;Q12809
T67831,O=S1(=O)N=C(Nc2cc(Br)cc(Br)c2)c2ccccc21,PPARG,0.366,活性,低毒性,2034,Q99814
T9122,CN1CCN(CCC(=O)Nc2ccc3c(=O)n(CC4(O)CCN(C(=O)[C@@H](CCCNC(=O)c5ccc6c(Cl)c7c(nc6c5)CCCC7)Cc5ccccc5)CC4)cnc3c2)CC1,PPARG,0.366,活性,低毒性,,Q93009
T11019,Cc1c(Oc2c(F)cccc2F)c(OC(C)C)nn1-c1ncc(C2CC2)cc1F,THRB,0.366,活性,低毒性,18;1723;146;27346,Q5BJF2;P80404;P25100;P31645;Q02127;P13945
T69923,Cc1c(C(=O)O)ccc2c3n(nc12)[C@@H]1[C@H](C3)N(CC2CC2)[C@@]2(C(=O)Nc3cc(Cl)ccc32)[C@H]1c1cccc(Cl)c1F,THRSP,0.366,活性,低毒性,4193,Q00987
T19120,CCCCCCCCCC(O)CC(=O)O,AOC3,0.3657,活性,低毒性,53831,NP_065103;Q9NQS5
T2705,C=CC(=O)Nc1cc(Nc2ncc(Cl)c(-c3c[nH]c4ccccc34)n2)c(OC)cc1N(C)CCN(C)C,GPAM,0.3657,高活性,毒性,4837;3480;2593;28989;27232;6850;1559;9807;5409;1551;7468;3176,P08069;Q9BV86;P43405;P00533;Q92551;ABI96208;QLI62812;O96028;Q14749;NP_000756;P40261;P21964;P11086;Q14353;P50135
T12085,CN(C)c1cc[n+](Cc2ccc(CCCCc3ccc(C[n+]4ccc(N(C)C)cc4)cc3)cc2)cc1.[Br-].[Br-],NR1H4,0.3657,高活性,低毒性,540446;1119,P23795;P35790;Q9N1N9
T27221,O=C(NCc1ccccc1)c1ccc(Cl)c(S(=O)(=O)N2CCCCCC2)c1,PPARG,0.3657,活性,低毒性,,
T35187,Cc1cccc2nc3cccc(C(=O)NCCNCCNCCNC(=O)c4cccc5nc6cccc(C)c6nc45)c3nc12,THRSP,0.3657,活性,低毒性,,
T9123,COc1cc(-c2cnc(N)c(-c3ccc(NC(=O)c4cn(CC5CCOCC5)cc(-c5ccc(C)cn5)c4=O)cc3F)c2)ccc1OC[C@H]1COCCO1,NR1H4,0.3655,高活性,低毒性,558;10461,P30530;Q12866
T29522L,CC(C)(C)c1ccc2c(c1)CC[C@@H]2NC(=O)Nc1cccc2[nH]ncc12,PPARG,0.3655,活性,低毒性,7442,Q8NER1
T9882,Cc1ccc(Cc2c(C)nc3c(C(=O)N4CCN(c5cccc(C(F)(F)F)c5)CC4)cnn3c2C)cc1,XPR1,0.3655,活性,毒性,8607,Q9Y265
T15682,COc1cc(OC2CCN(C(C)=O)CC2)ccc1C(=O)N1CCC(N2C(=O)OCc3ccccc32)CC1,AOC3,0.3652,活性,毒性,25107;5021;552;25342,P30559;P30560;P70536;P37288;NP_000907
T77339,CCN1C(=O)c2cccc3c(S(=O)(=O)N4CCCC4)ccc1c23,PPARD,0.3652,活性,低毒性,,O60885
T83640,c1cc(-c2ccc3nccc(Nc4ccc5scnc5c4)c3c2)ccn1,PPARG,0.3652,活性,低毒性,,O43353
T4062,Nc1c(S(=O)(=O)c2ccccc2)c2nc3ccccc3nc2n1-c1ccc(F)cc1,PPARG,0.3652,活性,低毒性,2876;23411,Q96EB6;P07203
T16540,CC(C)Oc1ccc(CN2CCNCC2)cc1-n1c(CN2CCN(C(=O)COc3ccc(Cl)cc3)CC2)nc2ccccc2c1=O,GPAM,0.365,活性,低毒性,23657,Q9UPY5
T8314,CCCCCCCCCCOc1ccc(C(=O)Nc2cc(C(=O)NCCCC)ccc2SC)cc1,PPARG,0.365,活性,低毒性,,P24752
T7791,O=C1CCC(N2Cc3c(OCc4ccc(CN5CCOCC5)cc4)cccc3C2=O)C(=O)N1,PPARG,0.365,高活性,低毒性,3553;6348;9656;3569;1437,P01375;P04141;P05231;Q14676;P01584;P10147
T4912,COc1cc2c(cc1O)CC[n+]1cc3c(OC)c(OC)ccc3cc1-2.[Cl-],PPARG,0.365,活性,毒性,,
T8248,O=c1c(O)c(-c2ccccc2)oc2cc(O)ccc12,THRSP,0.365,活性,低毒性,5292,P11309;Q965D5
T4071,C[C@H]1CNC(=O)c2cnn3ccc(nc23)N[C@H](C)c2cc(F)ccc2O1,XPR1,0.365,高活性,毒性,4916;6850;142;4914;6098;1559;6714;3106;3456;4915;27436;7468;238,Q05397;P01574;P08922;O95436;O60674;P11712;P09874;P12931;P04629;O96028;Q16288;P04233;Q16620;Q9UM73;Q9HC35;P43405
T3200,NC(=O)c1ccccc1Nc1ccnc(Nc2cccc(O)c2)n1,THRSP,0.3647,高活性,毒性,4837;6850;5409;43740568;3176;10298;27232;1460;3456;1459;5347;7151;1489834;2593;7157;7468;5604;3106;5599;1457,P01574;NP_001119587;P21964;O14757;P68400;O96013;ABI96208;P19784;Q14749;Q14353;P45983;Q02750;AMB37292;O96028;P11086;P53350;P50135;P24941;2NO3_A;P40261;P43405;P67870
T3633,C[C@H](NC(=O)CCC(F)(F)F)C(=O)N[C@@H]1C(=O)N(CCO)c2ncccc2-c2ccccc21,AOC3,0.3645,活性,低毒性,,
T9315,CC(C)(O)c1ccc(-c2cnc3[nH]c(=O)n(CC4CCOCC4)c3n2)cn1,AOC3,0.3645,高活性,毒性,64223;79109;2475;253260;57521,P42345;Q8N122;Q9BVC4;Q9BPZ7;Q6R327
T15006,CN(Cc1ccccc1)C(=O)[C@@H](NC(=O)c1cc2cc(NC(=O)c3ccccc3-c3ccc(C(F)(F)F)cc3)ccc2n1C)c1ccccc1,AOC3,0.3645,活性,低毒性,4547,P55157
T2022,COc1cc(N2CCOCC2)ccc1Nc1ncc(Cl)c(Nc2ccccc2NS(C)(=O)=O)n1,NR1H4,0.3645,高活性,毒性,6850;5566;25;84706;120892;1565;7468,Q5S007;ANW61984;P00533;ABI96208;O96028;P00519;Q8TD30;P17612;P43405
T4321,NS(=O)(=O)c1ccc(S(=O)(=O)Nc2cccc3c(Cl)c[nH]c23)cc1,PPARG,0.3645,高活性,毒性,3636621;6850;280741;771;765;759;760;45427576;80733;11238;855692;7468;886987;768;763;887836;23632;766;45425256,Q9ULX7;Q3I4V7;A6YCJ1;B5SU02;P35218;P43166;Q96SW2;P23280;P96878;Q31FD6;NP_001122302;Q6FTL6;C0IX24;Q5AJ71;O43570;P53615;Q99N23;Q95323;O96028;A0A0H3GB68;B2V8E3;P9WPJ9;P9WPJ7;Q5U9J1;P00915;NP_001209;O24855;P00918;Q5TU56;NP_005173;Q9Y2D0;Q16790;P43405
TN5171,O=c1cc(-c2cc(O)c(O)c(O)c2)oc2cc(O)cc(O)c12,PPARG,0.3645,活性,低毒性,247;7398;51426;1576;5292;2584;4137;246,Q9C0B1;AAH18745;NP_057302;O15296;2O65_A;AAC52118;NP_059488;NP_000145;P11309;2W2I_A;AAI14949
T2789,O=C(O)[C@H]1O[C@@H](Oc2cc3oc(-c4ccc(O)cc4)cc(=O)c3c(O)c2O)[C@H](O)[C@@H](O)[C@@H]1O,PPARG,0.3645,活性,低毒性,9429,Q9UNQ0
T2121,CCCCS(=O)c1sc2nc(-c3cccs3)cc(-c3ccccc3)c2c1N,SCD,0.3645,活性,低毒性,15446;3248;79242,Q8VCC1;P15428;O08699;Q8JUX6;NP_371243
T61699,CC(C)CCN[C@@H]1CCc2cc(O)c(N3CC(=O)NS3(=O)=O)c(F)c2C1,THRSP,0.3645,活性,低毒性,,P17706;P18031
T8916,C=CCn1c(=O)c2cnc(Nc3ccc4c(c3)CN(C)CC43CC3)nc2n1-c1cccc(C(C)(C)O)n1,AOC3,0.3643,活性,毒性,7465,P30291;P53350
T28416,Cc1cc(C(C)Nc2ccccc2)c2oc(N3CCOCC3)cc(=O)c2c1,PPARG,0.3643,高活性,低毒性,5293;5291;5290;5294,P42338;P42336;O00329;P78527;P48736
T16518,Cn1nc(CC(=O)Nc2ccc(CN3CCN(C(=O)OC(C)(C)C)CC3)cc2)c2ccccc2c1=O,PPARG,0.3643,活性,低毒性,,
T68465,CS(=O)(=O)Nc1cccc([C@H](c2ccc(F)cc2)C(c2cccnc2)c2cccnc2)n1,NR1H3,0.364,高活性,低毒性,3752;3784;3741;3753,P15382;P51787;P22460;Q9UK17
T5513,COc1cc(Cc2cnc(N)nc2N)c(C(C)C)cc1OC,PPARD,0.364,活性,低毒性,81739;5024;22953,P56373;NP_002550;ABI96208;P49654;Q9UBL9
T8944,C[C@@H](NC(=O)Cc1ccc(C2CC2)cc1)c1ccc(OCC(F)(F)F)cn1,PPARG,0.364,活性,低毒性,8913;8912;8911,NP_001005407;O95180;O43497;Q9P0X4;NP_001003406;NP_001243290
T28680,Cc1cc2c(cc1Cl)N(C(=O)Nc1cccc3ncccc13)CC2,PPARG,0.364,高活性,低毒性,3358;3357;3356,NP_001159419;P41595;NP_000858;NP_001243690
T2576,Cc1cc2c(F)c(Oc3ncnn4cc(OC[C@@H](C)OC(=O)[C@H](C)N)c(C)c34)ccc2[nH]1,AOC3,0.3638,活性,毒性,1551;1565;1559,ANW61984;Q9H093;P09619;P07949;ABI96208;QLI62812;Q08345;NP_000756;P11362;O95819;O94804;Q9H2G2
T3104,O=C(Nc1ncc(SCCN2CCCC2)s1)[C@]1(c2ccc(S(=O)(=O)C3CC3)cc2)C[C@H]1C1CCCCC1,GPAM,0.3638,高活性,毒性,7468;6850;3458,O96028;NP_000610;P43405
T11487,CCOc1ccc(-c2ccc(Cn3c(CC(C)(C)C(=O)O)c(SC(C)(C)C)c4cc(OCc5ccc(C)cn5)ccc43)cc2)cn1,PPARD,0.3638,活性,低毒性,4837;2593;27232;29624;241;5409;3176,P20291;P50135;Q14749;P40261;P21964;P11086;Q14353;P20292
TQ0179,O=c1ccc2c(OCCCCOc3ccccc3)c3ccoc3cc2o1,AOC3,0.3635,活性,低毒性,3783;3780;3736;3757;16491;3741;3778;3737;3743;3738;3742;3739;3781,P22459;Q9H2S1;P22460;P17658;Q12809;Q09470;P16389;NP_032444;Q12791;Q96RP8;P22001;O15554;Q92952
T27489,COc1ccc2c(ccn2S(=O)(=O)c2cccc(C(=O)Nc3ccc(C)cc3C(=O)O)c2)c1C,PPARG,0.3635,高活性,低毒性,5468;5467;5465,Q03181;P37231;Q07869
T10183,COc1cc(-c2cc(=O)c3c(O)c(OC)c(O)cc3o2)cc(OC)c1O,PPARG,0.3635,活性,低毒性,,
T10213,CC(C)(C)c1nc(N2CCN(CCCSc3nccc(=O)[nH]3)CC2)cc(C(F)(F)F)n1,PPARG,0.3635,活性,低毒性,1814,P14416;P35462
T61486,Cc1ccc(-c2c(CN3CCOCC3)nc3scc(C(=O)NN)n23)cc1,RXRA,0.3635,活性,低毒性,1719,P00533;P00374;P04626
T73552,CCCCCCCCCOc1ccc(-c2ccc(CC(=O)O)cc2)cc1C(=O)O,RXRG,0.3635,活性,低毒性,5777,P29350;Q06124
T7007,CCCCNc1ncc2c(-c3ccc(CN4CCN(C)CC4)cc3)cn([C@H]3CC[C@H](O)CC3)c2n1,THRSP,0.3635,高活性,毒性,4916;6850;1559;10461;9891;43740568;4914;3456;4233;7151;558;28989;7301;9748;1551;2322;7157;7468;3815;3106,P01574;Q9BV86;P10721;NP_001119587;Q16288;QLI62812;P36888;NP_000756;Q9H2G2;P08581;ABI96208;Q12866;O60285;P04629;O96028;Q06418;P30530;Q9H0K1;P43405
T14497,Fc1ccccc1Nc1nc2nonc2nc1Nc1ccccc1F,THRSP,0.3635,活性,毒性,,
T5475,COc1cc2c(Nc3ccc(Br)cc3F)ncnc2cc1OCCn1ccnn1,ACACA,0.3633,高活性,低毒性,2264;2263;2261;2324;5159;2321;3791;2260,P35968;P35916;P00533;P21802;P09619;P17948;P11362;P22607;P22455
T22843,CN1c2ccc([N+](=O)[O-])cc2N=C(c2ccc(C(=O)O)cc2)c2cc3c(cc21)C(C)(C)CCC3(C)C,AOC3,0.3633,高活性,低毒性,6256;6257;6258,P48443;P28702;P19793;NP_002948
T7572,CC(C)NCCN(C(C)C)S(=O)(=O)c1ccc(Cl)cc1Cl,NR1H3,0.3633,高活性,低毒性,63873;59341;66026,Q9ERZ8;NP_071300;NP_076460;NP_001170904;Q9HBA0;Q9EPK8
T15358,O=C1N(Cc2ccc(C(F)(F)F)o2)c2ccccc2[C@]12COc1cc3c(cc12)OCO3,PPARG,0.3633,活性,低毒性,6331;6326;6334;6332;6336,Q15858;Q9Y5Y9;Q9UQD0;Q14524;Q01118;Q99250
T6023,COc1ccc(C2=N[C@@H](c3ccc(Cl)cc3)[C@@H](c3ccc(Cl)cc3)N2C(=O)N2CCNC(=O)C2)c(OC(C)C)c1,PPARG,0.3633,活性,毒性,403693;17246;6850;4194;4193;7157;7468,Q00987;P56950;ABI96208;O96028;O15151;P04637;P23804;P43405
T84186,CCCCCCCCCCCC(=O)OCCCCC,PPARG,0.3633,活性,低毒性,,
T14893,Cc1ccc(NC(=O)NCc2ccc3c(c2)CN(C2CCC(=O)NC2=O)C3=O)cc1Cl,PPARG,0.3633,高活性,毒性,2935;6850;22806;3106;3456;7468,Q96SW2;P01574;Q16531;Q9UKT9;O96028;P15170;P43405
T27106,Cc1ccsc1-c1ccc(C(=O)Nc2c(C)cc(CO)cc2C)o1,THRSP,0.3633,活性,低毒性,8698,O95977
T16166,Nc1ccc(CNc2ncnc3c2ncn3[C@@H]2O[C@H](CO)[C@@H](O)[C@H]2O)cc1,ACACA,0.363,活性,低毒性,2030,Q99808
T68153,CCCCCCSc1nsnc1C1=CCCN(C)C1,PPARG,0.363,高活性,低毒性,1128;25229,P08482;P11229
T5700,Cc1cc(Cn2c(=O)n(Cc3cnc(C)s3)c(=O)c3cc(S(=O)(=O)NC4(C)CC4)ccc32)n(C)n1,RXRA,0.363,活性,低毒性,8505,Q86W56
T12493,CC(=O)Nc1nc2ccc(-c3cnc(C)c(NC(=O)OC4CCCCC4)c3)cc2s1,RXRG,0.363,活性,毒性,,
T22247,Cl.Nc1ncccc1-c1nc2ccc(-c3ccccc3)nc2n1-c1ccc(C2(N)CCC2)cc1,THRSP,0.363,高活性,低毒性,1557;1559;10000,P31749;P11712;Q9Y243;P33261;P31751
T10606,CC[C@]1(c2ccccc2)C2=CNNC2=NC2=C1C(=O)CC(C)(C)C2,AOC3,0.3628,活性,低毒性,2932;2931,P49841;P49840
T4252,O=C(NCCCNC(=O)c1ccc[nH]c1=O)c1cc(-c2ccccc2)on1,PPARD,0.3628,活性,毒性,7468;6850,O96028;P43405
T13612,Cc1cc(C)cc(C(=O)N(NC(=O)c2ccc3c(c2C)CCCO3)C(C)(C)C)c1,PPARG,0.3628,活性,低毒性,692756,P49881;E3UJZ5
T6066,O=C(Nc1ccc2[nH]nc(-c3ccncc3)c2c1)[C@@H]1CCN(CC(=O)N2CCN(c3ccc(-c4ncccn4)cc3)CC2)C1,THRSP,0.3628,高活性,毒性,9970;6850;5595;5604;1559;5594;1551;7468;5605,P36507;Q02750;P27361;ABI96208;QLI62812;NP_002736;O96028;NP_000756;P28482;ADZ17385;P43405
T9954,C=CC(=O)Nc1ccc(C)c(Oc2ccc(Cl)cc2)c1,THRSP,0.3628,活性,毒性,,
T15713,CC(=O)O[C@H]1C(=O)[C@]23C[C@H]2C[C@H]2OC[C@@]2(OC(C)=O)[C@H]3[C@H](OC(=O)c2ccccc2)[C@]2(O)C[C@H](OC(=O)[C@H](O)[C@@H](NC(=O)OC(C)(C)C)c3ccccc3)C(C)=C1C2(C)C,GPAM,0.3625,活性,毒性,,
T10460,COc1ccc(NS(=O)(=O)c2c(F)c(F)c(F)c(F)c2F)cc1F,PPARG,0.3625,活性,低毒性,,
T24437,COc1cc(CN(CCc2ccccn2)C(=O)CCCCc2ccccc2)ccc1OCc1ccccc1,PPARG,0.3625,活性,低毒性,5604,P04049;Q02750
T80671,COc1cc2c(cc1OC)C(=O)C(CC1CCNCC1)C2,AOC3,0.3623,活性,低毒性,11423,P21836;O42275
TQ0074,O=C(NO)c1cnc(NC2(c3cccc(F)c3)CCCCC2)nc1,AOC3,0.3623,高活性,毒性,10013;3065;43740568;3066;7468,O96028;Q92769;Q13547;Q9UBN7
T13390,CCc1cc2c(c(CC)n1)CCC(=O)N2Cc1ccc(-c2ccccc2-c2nnn[nH]2)cc1.Cl,GPAM,0.3623,活性,低毒性,1814;1815;185;4988,P35372;P30556;P21917;P35462
T2037,Nc1nc(NC2CC2)cc(-c2cccc(Cl)c2Cl)n1,SCD,0.3623,活性,毒性,4837;2593;4521;27232;6850;5409;7157;7151;7468;3176,P43405;P36639;NP_001119587;O96028;Q14749;P40261;P21964;P11086;Q14353;P50135
T12721,CSc1ccc(CN2CCCC(Nc3ccc4[nH]ncc4c3)C2)cc1,XPR1,0.3623,活性,低毒性,9475,O75116
T2697,COc1ccc(S(=O)(=O)N(CCO)c2ccccc2CN(C)CC=Cc2ccc(Cl)cc2)cc1,AOC3,0.3621,活性,低毒性,19885,NP_035411;B45705
T7610,COc1cc2nccc(Nc3cccc(Oc4ccccc4)c3)c2cc1OC,ACACA,0.3618,活性,低毒性,,
T4029,O=[N+]([O-])c1cc(Cl)ccc1S(=O)(=O)c1ccccc1,AOC3,0.3618,活性,低毒性,81930,Q8NI77
T72032,CC(C)c1ccccc1-c1nc(NCc2ccccn2)c2c(ccn2C)n1,GPAM,0.3618,活性,低毒性,79837,Q8TBX8
T12824L,O=C(c1cc(-c2cc3c(cc2C(=O)N2Cc4ccccc4C[C@H]2CN2CCOCC2)OCO3)n2c1CCCC2)N(c1ccccc1)c1ccc(O)cc1,RXRB,0.3618,活性,低毒性,12043,P10415;P10417;Q07817
T12310,CN1CCN(c2ccc(Nc3ncc4c(n3)SC(=Cc3ccc([N+](=O)[O-])cc3)C(=O)N4)cc2)CC1,THRSP,0.3618,活性,低毒性,,
T7089,Cc1cc(C)cc(Oc2ccc(CNC(=O)[C@H](C)N)cc2C)c1,THRSP,0.3618,活性,毒性,10498;7468;6850,O96028;NP_954592;P43405
T5400,CCc1nc2ccc(Cl)cn2c1C(=O)NCc1ccc(N2CCC(c3ccc(OC(F)(F)F)cc3)CC2)cc1,PPARA,0.3616,活性,低毒性,,
T1118L,CC=CC1=C(C(=O)O)N2C(=O)[C@@H](NC(=O)[C@H](N)c3ccc(O)cc3)[C@H]2SC1,PPARG,0.3616,活性,低毒性,2876,P07203
T11894,Cc1nc2ccccn2c(=O)c1CCN1CCc2oc3ccccc3c2C1,RXRA,0.3616,高活性,低毒性,150;152;151;148,P08913;P18089;P18825;P35348
T10783,Cn1c(-c2cccnc2)c(CCCCCC(=O)O)c2cc(Cl)ccc21,SCD,0.3616,活性,低毒性,6916,P24557
TN1563,C=C(CC[C@@H](C(=O)O)[C@H]1[C@H](O)C[C@@]2(C)C3=CC[C@H]4C(C)(C)[C@@H](OC(C)=O)CC[C@]4(C)C3=CC[C@]12C)C(C)C,AOC3,0.3613,活性,低毒性,,
TN1892,COc1cc(O)c2c(c1)CCc1cc(O)ccc1-2,NR1H3,0.3613,活性,低毒性,100157809,P00591
TN1525,C[C@@H]1O[C@@H](O[C@H]2CC[C@]3(C=O)[C@H]4CC[C@]5(C)[C@@H](C6=CC(=O)OC6)CC[C@]5(O)[C@@H]4CC[C@]3(O)C2)[C@H](O)[C@H](O)[C@H]1O,RXRG,0.3613,活性,毒性,2034;3091,Q16665;Q99814
T15427,Cc1cc(C)c(S(=O)(=O)N(Cc2ccc(-c3cccc(S(C)(=O)=O)c3)cc2)Cc2ccc(C(F)(F)F)o2)c(C)c1,THRSP,0.3613,活性,毒性,6850;1559;10062;7376,ABI96208;QLI62812;NP_001238864;P55055;Q13133;P43405
T3654,c1cc(Nc2cc(C3CC3)[nH]n2)nc(Nc2ccc3nc[nH]c3c2)n1,THRSP,0.3613,高活性,毒性,6850;7468;1559;9807;7151;3106;3456;7157;1551;43740568;1489834,P01574;AMB37292;Q92551;NP_001119587;ABI96208;QLI62812;O96028;NP_000756;P43405
T20941,CCOc1nc(F)cc2nc(S(=O)(=O)Nc3c(Cl)cccc3C(=O)OC)nn12,PPARD,0.3611,活性,毒性,2101;1576,ADZ17378;ABI96208
T15137,O=C(Nc1ccc(C(F)(F)F)cc1)c1cc(Cl)cc2nc(C(F)(F)F)[nH]c12,PPARG,0.3611,活性,低毒性,814112,XP_001349989
T7032,COc1ccc(-c2cc(=O)c3c(O)c(OC)c(OC)cc3o2)cc1O,PPARG,0.3611,活性,毒性,9212;1543;1545;3791;6790;2322,Q16678;P36888;P04798
T77771,COc1cc(N)cc2c1nc(C(F)F)n2-c1nc(N2CCOCC2)nc(N2CCOCC2)n1,RXRB,0.3611,高活性,低毒性,18706;5293;5291;5294,P42338;P42336;O00329;P42337;P48736
T2504,Cc1nc(N(C)C(=O)Cc2ccc(-c3ccccn3)cc2)sc1S(N)(=O)=O,RXRG,0.3611,活性,低毒性,771;768;759;760;763;11238,P00915;P00918;Q9Y2D0;P35218;Q16790;O43570
T41139,CC1(C)CC[C@]2(C(=O)O[C@@H]3O[C@H](CO)[C@@H](O)[C@H](O)[C@H]3O)[C@H](O)C[C@]3(C)C(=CC[C@@H]4[C@@]5(C)CC[C@H](O)C(C)(C)[C@@H]5CC[C@]43C)[C@@H]2C1,THRB,0.3611,活性,低毒性,,P13726
T8316,COCCOc1nc(N)c2[nH]c(=O)n(Cc3ccc(C(=O)O)cc3)c2n1,THRSP,0.3611,活性,低毒性,170743,P58681
T19535,C=Cc1c(C)c2cc3nc(c4c5[nH]c(cc6nc(cc1[nH]2)C(C)=C6CC)c(C)c5C(=O)C4)[C@@H](CCC(=O)O)[C@@H]3C,THRSP,0.3611,活性,毒性,213,P02768
T15784,Cc1cc(=O)n(C)c2cc(N3C(=O)CC[C@H](NS(=O)(=O)CC(C)C)[C@H]3c3ccc(Cl)cc3)ccc12,PPARG,0.3608,高活性,低毒性,29117;65980,Q9H8M2;Q9NPI1;NP_001009877;NP_001167455
T15775,Cc1cc(C2=NO[C@@](c3cc(Cl)c(Cl)c(Cl)c3)(C(F)(F)F)C2)sc1C(=O)NCC(=O)NCC(F)(F)F,PPARG,0.3608,活性,低毒性,,
T4775,CCCCCCCCCCCCCCCCCCCC(=O)O,PPARG,0.3608,活性,低毒性,1559;1544;5770,P11712;P18031;P05177;Q8JUX6;P00784
T27460,CC(C)c1onc(-c2c(Cl)cccc2Cl)c1COc1ccc(-c2ccc3nc(C(=O)O)ccc3c2)cc1,SCD,0.3608,活性,低毒性,9971;1559,Q96RI1;P11712
T60008,COc1cc(Nc2nc(N3C[C@@H](C)N[C@@H](C)C3)ncc2F)ccc1NC(=O)c1ccc(C2=CCCC2)s1,THRSP,0.3608,活性,毒性,604;9612,Q9Y618;P41182
T12207,O=C1CCCc2c1ccn2CCN1CCN(c2cccc(Cl)c2)CC1,ACACA,0.3606,活性,低毒性,,
T6197,CN(C)CC(=O)Nc1ccc2[nH]c(=O)c3ccccc3c2c1,GPAM,0.3606,高活性,毒性,6850;10038;142;64761;1559;10039;8658;84875;80351;7468;11546,Q9UKK3;O88554;Q460N5;Q9H2K2;Q9Y6F1;Q53GL7;P09874;Q9UGN5;Q460N3;QLI62812;O96028;Q9H0J9;O95271;1XK9_A;P43405
T7948,CC(C)(O)[C@H]1CC[C@H](NC(=O)c2cnc3cc(OC(F)F)ccc3c2)CC1,PPARG,0.3606,活性,低毒性,27306;58962,O60760;O35543
T8875,Cc1nnc(-c2c[nH]c(=O)[nH]c2=O)cc1[C@H]1C[C@@H]1C(C)C,PPARG,0.3606,活性,低毒性,4907,P21589
T7209,COc1ccc(C(C)(C)C)cc1CN[C@H]1C2CCN(CC2)[C@H]1C(c1ccccc1)c1ccccc1,THRSP,0.3606,活性,毒性,1551;7468;1565;1559,ANW61984;ABI96208;QLI62812;O96028;NP_000756
T22306,C=CC(=O)Nc1ccccc1Nc1nc(Nc2ccc(N3CCN(C)CC3)cc2)ncc1C(=O)Nc1c(C)cccc1Cl,AOC3,0.3604,活性,毒性,2260;3055;6714,P08631;P07947;P12931;P11362
T9767,Cc1nc(-c2ccc(C(F)(F)F)cc2)sc1C(=O)NCCS(=O)(=O)c1ccc(C(F)(F)F)cn1,PPARG,0.3604,活性,低毒性,5467,Q03181
T60226,COc1cc2ncnc(N3CCN(C(=S)NCc4ccc5c(c4)OCO5)CC3)c2cc1OC,RXRB,0.3604,活性,低毒性,5159;3815,P09619;P10721;P16234
T11408,Cc1cc(-n2nc3c(c2-n2ccn(-c4ccc5c(cnn5C)c4F)c2=O)[C@H](C)N(C(=O)c2cc4cc([C@H]5CCOC(C)(C)C5)ccc4n2[C@@]2(c4noc(=O)[nH]4)C[C@@H]2C)CC3)cc(C)c1F,THRSP,0.3604,高活性,低毒性,14652;2740,P43220;O35659
T39126,Cc1cnc(-c2ccnc(C(C)(C)O)n2)cc1-n1c(C)cc(OCc2ncc(F)cc2F)c(Cl)c1=O,XPR1,0.3604,活性,低毒性,5594;8550;9261,Q8IW41;P49137;Q16539;P28482
T8900,COc1ccc(-c2cncc(N[C@@H](C)c3cccc(NC(=O)c4cncc(C)c4)c3)n2)cc1OC,AOC3,0.3601,活性,低毒性,,P16234
T41287,CCCCCC(=O)CC(=O)N[C@H]1CCOC1=O,PPARG,0.3601,活性,低毒性,881789,Q9RMS5;P25084
T34760,OCCOCCn1ccc2ncnc(Nc3ccc(Oc4cccc(C(F)(F)F)c4)c(Cl)c3)c21,AOC3,0.3599,高活性,低毒性,2065;2066,P00533;P21860;P04626;Q15303
T7158,COC(=O)N[C@H](C(=O)N1CCC[C@H]1C(=O)Nc1ccc([C@@H]2CC[C@@H](c3ccc(NC(=O)[C@@H]4CCCN4C(=O)[C@@H](NC(=O)OC)C(C)C)cc3)N2c2ccc(C(C)(C)C)cc2)cc1)C(C)C,GPAM,0.3599,活性,低毒性,,Q5L478;Q99IB8;Q9WMX2
T61933,COCCO[C@H]1CC[C@H](NC(=O)c2cc(-c3cncs3)nc3[nH]ccc23)CC1,PPARG,0.3599,活性,低毒性,952;12494;25668,P56528;Q64244;P28907
T64391,O=c1nc(-c2ccccc2)[nH]c2sc3c(c12)CCCC3,RXRA,0.3599,活性,低毒性,,
T23167,CCCNCCc1ccc(NS(=O)(=O)c2ccc(OC(F)(F)F)cc2)cc1,PPARG,0.3596,活性,低毒性,1551;7468;1565;1559,QLI62812;ANW61984;NP_000756;O96028
T68077,COC(=O)C1=C(C)NC(C)=C(C(=O)OCC2CCCO2)C1c1ccccc1[N+](=O)[O-],THRB,0.3596,活性,低毒性,775,
T21976,Cc1csc(S(=O)(=O)N(CC(C)C)c2cc3c(cc2OCc2ccc(C(=O)O)cc2)CCC3)n1,THRSP,0.3596,活性,低毒性,19216,P35375
T15550,Cc1cc([C@H](C)Nc2nccc(N3C(=O)OC[C@@H]3[C@H](C)F)n2)ncc1-c1ccnc(C(F)(F)F)c1,RXRG,0.3594,活性,毒性,3418;3417,O75874;P48735
TQ0084,CN1CCN2c3c(cccc31)[C@@H]1CN(CCCC(=O)c3ccc(F)cc3)CC[C@@H]12.Cc1ccc(S(=O)(=O)O)cc1,THRSP,0.3594,活性,低毒性,3358;1815;147;148;24318;1812,P08908;P61169;P35368;P31645;P21917;P21728;P35348;P28335;P28223
T14376,CN(CCO)CC[C@H](CSc1ccccc1)Nc1ccc(S(=O)(=O)NC(=O)c2ccc(N3CCC([C@@H](O)c4ccccc4-c4ccc(Cl)cc4)CC3)cc2)cc1S(=O)(=O)C(F)(F)F,GPAM,0.3591,活性,低毒性,,P10415;Q07817
T3225,CC(=O)OCC(=O)[C@@]12O[C@@H]1C[C@H]1[C@@H]3CC=C4C[C@@H](O)CC[C@]4(C)[C@H]3CC[C@@]12C,NR1H3,0.3591,活性,毒性,6850,P43405
T36634,CCCCCCSc1nc(O)cc(=O)[nH]1,PPARD,0.3591,高活性,低毒性,53831;80910,Q9NQS5;P30731;Q8CIM5
T14202,Cc1nc(-c2ccc(C(F)(F)F)cc2)sc1COc1ccc([C@H](CC(=O)O)c2ccon2)cc1,PPARG,0.3591,活性,低毒性,6531;1133;147;2864,P35368;O14842;P08912;Q01959
T8863,COc1ccccc1OCCN1CC(COc2cccc3[nH]c4ccccc4c23)OCC1=O,ACACA,0.3589,活性,低毒性,1551;1559,QLI62812;NP_000756;ABI96208
T88331,COc1ccc(NC(=O)c2cc3cc(Cl)ccc3oc2=O)cc1,PPARG,0.3586,活性,低毒性,134391,Q8TDV0
T10316,CCCCOC(=O)c1ccc(Oc2ccc3c(c2)COB3O)nc1,RXRG,0.3586,活性,低毒性,,
T22289,Cc1cc(-c2cnn3c(NC[C@H]4C[C@@](C)(O)C4)cc(Oc4cccnc4)nc23)ccc1C(=O)NC1CC1,THRSP,0.3586,高活性,毒性,6850;7272;1576;1557;7468,P08684;P33261;O96028;P33981;P43405
T2106,CN1CCN(Cc2ccc(NC(=O)Cc3ccc(Oc4cc(NC(=O)C5CC5)ncn4)cc3)cc2C(F)(F)F)CC1,AOC3,0.3584,高活性,毒性,4837;2593;27232;1559;7157;5409;1551;7151;1565;7468;3176,ANW61984;NP_001119587;ABI96208;QLI62812;O96028;Q14749;NP_000756;P40261;P21964;P11086;Q14353;P50135
T17222,CC(C)(C)S(=O)(=O)N[C@H]1CC[C@H](C(=O)Nc2ccc(C(F)(F)F)cn2)CC1,AOC3,0.3584,活性,低毒性,18168;4889,O70342;Q15761
T50066,[Br-].[Br-].c1cc[n+](CCCCCCCCCC[n+]2ccccc2)cc1,PPARG,0.3584,高活性,低毒性,590;43,P22303;P06276
T8062,Cc1nnc(SCC2=C(C(=O)O)N3C(=O)[C@@H](NC(=O)Cn4cc(Cl)c(=O)c(Cl)c4)[C@H]3SC2)s1,PPARG,0.3584,活性,低毒性,5742,P23219
T27132,CN(C)C(=O)Nc1ccc(CN2CCC(C(O)(c3ccc(C(F)(F)F)cc3)c3ccc(C(F)(F)F)cc3)CC2)cc1,THRSP,0.3584,高活性,低毒性,10919;110147,Q96KQ7;Q9Z148;P26358
T79157,Cc1nc(NC(=O)N2CCC(C)(C)C2=O)ccc1Oc1ccnc(-c2cnn(C)c2)c1,THRSP,0.3584,活性,低毒性,,P07333;P10721;P16234
T6331,C=CC(=O)Nc1ccc2ncnc(Nc3ccc(OCc4cccc(F)c4)c(Cl)c3)c2c1.Cc1ccc(S(=O)(=O)O)cc1,ACACA,0.3582,活性,毒性,,
T13677,Cc1nc(OCCCCCN2CCCCC2)cc(-c2ccc(F)cc2)n1,PPARG,0.3582,活性,低毒性,,
T21572,CC[C@H]1OC(=O)[C@H](C)[C@@H](O[C@H]2C[C@@](C)(OC)[C@@H](O)[C@H](C)O2)[C@H](C)[C@@H](O[C@@H]2O[C@H](C)C[C@H](N(C)C)[C@H]2O)[C@@]2(C)CC(C)=C(O2)[C@H](C)[C@@H](O)[C@]1(C)O,RXRG,0.3582,活性,低毒性,2862,O43193;NP_001498;A5A4K8
T3952,c1ccc(CN(CCN(Cc2ccccn2)Cc2ccccn2)Cc2ccccn2)nc1,SCD,0.3582,活性,毒性,65975;79727;887529,NP_937802;CAC29064;B45705;Q9H9Z2;AAI07878;NP_215062
T11069,FC(F)(F)Oc1ccc(Oc2ccnc(N3CCC(NC(=S)Nc4cccnc4)CC3)c2Cl)c(Cl)c1,THRSP,0.3582,活性,低毒性,76192,Q99LR1
T15185,CNC(=O)c1cccc2cc(Oc3ccnc4cc(OCC5(N)CC5)c(OC)cc34)ccc12,AOC3,0.3579,活性,毒性,2263;3815;6850;2261;2324;5159;5979;1559;7468;3791;2321;5156;1551;2260,NP_065681;P21802;QLI62812;NP_000756;NP_006197;O00764;P09619;ABI96208;P17948;Q16832;P07948;NP_001167538;O96028;P22607;Q96GD4;NP_001087241;P35968;P35916;P07949;Q08345;NP_002600;P11362;NP_001153503;O43353;P43405;NP_002244
T5191,CN(C)CCc1nnc2cc(-c3ccccc3)c3cc(Cl)ccc3n12,AOC3,0.3579,活性,低毒性,4144,P31153
T85337,c1ccc(CNc2ccc(-c3nc4ncccc4o3)cc2)nc1,PPARG,0.3579,活性,低毒性,,
T36692,COc1ncc(-c2cccc(N3CCN(c4cnc(N)nc4N)CC3)c2)cn1,RXRB,0.3579,活性,毒性,1719,Q27783;P00374;P13922;Q07422
TQ0277,CO[C@]1(C(=O)N[C@@H](C)c2ccc(-n3cc(F)cn3)nc2)CC[C@@H](c2nc(C)cc(Nc3cc(C)[nH]n3)n2)CC1,ACACA,0.3577,高活性,毒性,8030;3799;5979;3791;2322,P35968;O60674;P07949;Q16204;P36888;P33176
T9888,Nc1cccc(CNC(=O)c2ccc(Oc3ccc(OCc4cccc(F)c4)cc3)nc2)c1,AOC3,0.3577,活性,毒性,6547;6850;1559;1551;7468,NP_001123889;ABI96208;QLI62812;O96028;NP_000756;P43405
T63925,CSCC[C@H](NC(=O)c1ccn(S(C)(=O)=O)c1)C(=O)Nc1nc(-c2cccc(-c3ccncc3)c2)cs1,NR1H3,0.3577,活性,低毒性,,P51532;P51531
TQ0089,O=c1c(O[C@@H]2O[C@@H](CO)[C@H](O)[C@H]2O)c(-c2ccc(O)cc2)oc2cc(O)cc(O)c12,PPARD,0.3577,活性,毒性,,
T11186,CCN(Cc1cccnc1)C(=O)CN(c1ccc(OC)nc1)S(=O)(=O)c1ccccc1C,PPARG,0.3577,活性,低毒性,1551;1559;3062;3061,NP_001517;ABI96208;QLI62812;O43613;O43614;NP_000756
T73463,NC(=O)c1ncc(N2CCCCC2)nc1Nc1ccc(C2CCN(C[C@@H]3CCN(c4ccc5c(c4)C(=O)N(C4CCC(=O)NC4=O)C5=O)C3)CC2)cc1,PPARG,0.3577,活性,毒性,,Q96SW2;Q06187
T73140,Nc1nc(=O)n(-c2ccccc2Cl)c2nc(C(F)(F)F)ccc12,RXRG,0.3577,活性,低毒性,4144,P31153
T13101,O=c1cc(OCc2ccc(F)cc2)ccn1-c1ccc(OCCN2CCCC2)cc1,THRSP,0.3577,活性,低毒性,3757;11255;2847;1565;7468,ANW61984;Q12809;O96028;Q99705;Q9Y5N1
T22137,CC(C)(c1ccc(NS(=O)(=O)C(F)(F)F)cc1)c1ccc(C(C)(C)c2ccc(NS(=O)(=O)C(F)(F)F)cc2)cc1,GPAM,0.3574,高活性,低毒性,5796;5801;5795;8732,NP_002840;NP_002834;NP_003791;NP_002835;Q06124
T5058,C[C@]12CCCN1CC1=NNC(=O)c3cc(F)cc4[nH]c2c1c34,GPAM,0.3574,活性,毒性,57097;6850;64761;142;10038;79668;10039;8658;80351;7468,Q8N3A8;Q9H2K2;Q9Y6F1;P09874;Q9UGN5;O96028;Q9NR21;Q9H0J9;O95271;P43405
T14200,COc1ccc(F)c(-c2ccc(COc3cccc([C@@H](CC(=O)O)C4CC4)c3)cc2C2=CCCC2(C)C)c1,MLXIPL,0.3574,活性,低毒性,266607;2864,O14842;Q8K3T4
T17073,Cc1ccc2c(c1)sc(-c1ccc(N(C)C)cc1)[n+]2C.[Cl-],PPARG,0.3574,高活性,低毒性,590;351;6622,P06276;P37840;P05067
T7316,Cc1nc(N2CCN(C)CC2)c2nc(-c3ccccc3Cl)n(C3CCOCC3)c2n1,AOC3,0.3572,高活性,低毒性,57302;1269,Q9QZN9;P34972
T35792,C[C@H](CCC(=O)O)[C@H]1CC[C@H]2[C@@H]3CC[C@@H]4C[C@@H](O)CC[C@]4(C)[C@H]3CC[C@]12C,NR1H3,0.3572,高活性,低毒性,57016;231,O60218;P15121
T12937,O=C(COc1ccc(S(=O)(=O)NCCc2ccccc2)cc1)NCc1ccc(Br)cc1,NR1H4,0.3572,活性,低毒性,259230,NP_671512;Q86VZ5
T26519,CCCc1c(OCCCCCOc2cc3c(cc2C(C)=O)CCC(C(=O)O)O3)ccc(C(C)=O)c1O,PPARD,0.3572,高活性,低毒性,1241;56413;100135514;10800;6916,Q2NNR5;Q9NPC1;Q15722;Q9Y271;P24557
T2437,CCOC(=O)c1csc(Nc2ccc(Cl)cc2)n1,PPARG,0.3572,活性,低毒性,7468;9807,O96028;Q92551
T16807,CC1(C)[C@@H]2CC[C@@]1(CS(=O)(=O)O)C(=O)C2.CNCc1ccc(-c2[nH]c3cc(F)cc4c3c2CCNC4=O)cc1,THRSP,0.3572,活性,低毒性,,P09874
T5731,OC[C@H]1O[C@@](CO)(OC[C@@]2(O[C@H]3O[C@H](CO)[C@@H](O)[C@H](O)[C@H]3O)O[C@H](CO)[C@@H](O)[C@@H]2O)[C@@H](O)[C@@H]1O,PPARG,0.3569,活性,低毒性,,2AEZ_A
T7200,COc1cc(C(=O)NC2CCN(C)CC2)c(F)cc1Nc1ncc2c(n1)N(C1CCCC1)CC(F)(F)C(=O)N2C,PPARG,0.3567,高活性,毒性,28989;6850;142;1551;1559;3456;5347;7468,P01574;Q9BV86;P09874;QLI62812;O96028;NP_000756;P43405;P53350
T10691,O=C(O)CN1C(=O)C2(CC(=O)N(Cc3cc(Cl)ccc3F)C2=O)c2cc(Cl)ccc21,RXRA,0.3567,活性,低毒性,11251,Q9Y5Y4
T38599,Cc1nc2[nH]nc(C)n2c(=O)c1CC(=O)Nc1ncc(Cc2ccccc2F)s1,SCD,0.3567,活性,低毒性,,Q92918
T29061,O=C1CCc2ccc(OCCCCN3CCCN(c4cccc(Cl)c4Cl)CC3)cc2N1,THRSP,0.3567,高活性,低毒性,3358;1814;1813;1815;1812;3357;1816,P14416;P21918;P08908;NP_057658;P21917;P21728;P35462;P41595;P28223;P28335
T3S1955,CCc1c2c(nc3ccccc13)-c1cc3c(c(=O)n1C2)COC(=O)[C@]3(O)CC,PPARG,0.3564,活性,毒性,,
T8656,CS(=O)(=O)c1ccc(-c2noc(C(F)(F)F)c2-c2ccccc2)cc1,PPARG,0.3564,活性,低毒性,5743,P35354
T4584,CC(=O)N[C@@H]1C[C@H](NC(C)(C)C)CC[C@@H]1N1CC[C@H](Nc2ncnc3cc(C(C)(C)C)nn23)C1=O,THRSP,0.3564,活性,低毒性,1234;729230;12772,P41597;P51681;P51683
T24125,O=C1Nc2ccc3ncsc3c2C1=CNc1ccc(S(=O)(=O)Nc2ccccn2)cc1,THRSP,0.3564,高活性,毒性,3932;84446;5593;9833;2260;5170;51135;3717;3643;8550;9212;9252;4067;818;6197;891;2321;2011;5292;5586;2322;2872;5580;5058;6198;2185;8317;1457;816;6850;1111;3718;9201;5562;57551;208;1613;6093;3654;6732;1456;7297;5594;9263;1436;5566;1196;28996;5582;9475;2444;2241;9261;1455;5592;640;8900;4140;11200;57396;5261;10110;10298;6300;51776;2324;4915;1453;4233;558;4145;1859;6787;6790;8851;7867;29110;1019;10733;5979;147746;5599;83942;11040;595;2932;3791;238;5601;4751;4914;6714;2931;415116;3702;8798;1020;695;2534;5871;7301;9748;53944;1452;983;817;1969;2261;25865,AAH26347;P24385;P50613;NP_063937;Q15078;P78396;P50750;O60563;NP_002084;P04629;P06493;CAG33322;Q00535;Q9UHD2;P11802;P51946;P51948;P24941;P14635;P24864;P43405;P20248
T1782L,Cc1ccc([C@@H]2O[C@H](CO)[C@@H](O)[C@H](O)[C@H]2O)cc1Cc1ccc(-c2ccc(F)cc2)s1.Cc1ccc([C@@H]2O[C@H](CO)[C@@H](O)[C@H](O)[C@H]2O)cc1Cc1ccc(-c2ccc(F)cc2)s1.O,GPAM,0.3562,活性,低毒性,,P31639;Q9YQ12
T68059,CCCN(C(C)C)[C@H]1COc2cccc(C(=O)NC(C)C)c2C1,MLXIPL,0.3562,活性,低毒性,24473,P19327
T26755,C=C[C@]1(C)C[C@@H](OC(=O)CSc2cccc(CO)c2)[C@]2(C)[C@H](C)CC[C@]3(CCC(=O)[C@H]32)[C@@H](C)[C@@H]1O,RXRG,0.3562,活性,低毒性,1576,P08684
T16383,NC(=O)[C@](O)(CNc1nc(-c2cc(-c3ccon3)n(Cc3ccccc3F)n2)ncc1F)C(F)(F)F,XPR1,0.356,活性,低毒性,2982,Q02108
T6757,C[C@H](Nc1ncnc2nc[nH]c12)c1cc2ccc(F)cc2nc1-c1ccccn1,AOC3,0.3557,活性,低毒性,5294;5293;5291;5290;18707;7468,P42338;O00329;NP_006210;O35904;NP_002640;O96028;NP_005017;NP_006209;P48736
T4352,COc1ccc(S(=O)(=O)N2CCCN(S(=O)(=O)c3ccc(OC)c(OC)c3)CC2)cc1OC,FASN,0.3557,活性,低毒性,151306,Q8TDU6
T9699,O=C(O)c1ccc(CN(CC2CC2)C(=O)c2ccc(Oc3ccccc3F)cc2)cc1,PPARA,0.3557,高活性,低毒性,57121;1902,Q92633;Q9H1C0
T8967,O=[N+]([O-])c1cc(S(=O)(=O)Nc2ccc(O)c3ccccc23)ccc1Cl,SCD,0.3557,高活性,低毒性,4837;2593;27232;5409;3176,Q14749;Q8JUX6;P40261;P21964;P11086;Q14353;P50135
T39130,C=CC(=O)N1CCC[C@@H](c2ccc(C(N)=O)c3[nH]ccc23)C1,AOC3,0.3555,活性,低毒性,695,Q06187
T2647,Nc1nonc1C(=NO)Nc1ccc(F)c(Cl)c1,PPARG,0.3555,活性,毒性,15930;3620;6999,P14902;P28776;P48775
T77728,CCn1ccc2cc(N3CCC(=O)c4c3cc(OC)c(OC)c4OC)ccc21,PPARG,0.3555,活性,低毒性,,P68363;Q13509;Q6PEY2;P04350;P68371;Q71U36;P0DPH7;Q3ZCM7;Q9BVA1;Q9BUF5;Q13885;P07437;Q9H4B7;P68366;Q9BQE3
T8482,CCn1c(=O)c(-c2cc(NC(=O)Nc3ccccc3)c(F)cc2Br)cc2cnc(NC)cc21,AOC3,0.3552,高活性,毒性,3791;5159;3815,NP_001087241;P35968;P10721;P09619;P16234
T4829,O=C(O)Cc1cccc(O)c1,AOC3,0.3552,活性,低毒性,25400,P11275;3PCE_A;3PCE_M
T14211,CCCCNC(=O)c1ccc(Oc2ccc(CC(=O)O)cc2OC)c(NS(=O)(=O)c2ccc(Cl)cc2Cl)c1,GPAM,0.3552,高活性,低毒性,5729;11251;8714,Q13258;Q9Y5Y4;Q56D28;O15438
TN7041,COc1cc([C@@H]2c3cc4c(cc3[C@@H](O)[C@H]3COC(=O)[C@H]23)OCO4)cc(OC)c1OC,NR1H3,0.3552,活性,毒性,,
T9635,O=C(O)CC1CCN(C(=O)c2ccc(Cl)c(Cn3ccc4cc(C(F)(F)F)cc(Cl)c43)c2Cl)CC1,PPARG,0.3552,活性,低毒性,,P20815
T6829,CC(C)(c1ccc(OCC(O)CO)cc1)c1ccc(OCC(O)CCl)cc1,SCD,0.3552,活性,低毒性,367;24208,P15207;P10275
T5492,C=C(C)C(=O)Nc1cccc(-c2ncnc3[nH]cc(C(=O)OCC)c23)c1,THRSP,0.3552,高活性,低毒性,3718;16451;16453,Q62137;P52332;P52333;P23458
T7742,COc1cc2nccc(Nc3cccc(Oc4ccccc4)c3)c2cc1OC.Cl,ACACA,0.355,活性,低毒性,814112,ABH03417;XP_001349989
T9050,COc1ccc(-c2c(Nc3ccccn3)[nH]c3c(C4=CCCCC4)c(-c4ccccc4)nn3c2=O)cc1,THRSP,0.355,活性,低毒性,4144;10599;54658,P31153;P22309;Q9Y6L6
T6880,O=C(Nc1cnn2ccc(N3CCC[C@@H]3c3cc(F)ccc3F)nc12)N1CC[C@H](O)C1.O=S(=O)(O)O,AOC3,0.3547,高活性,低毒性,4915;4916;4914,Q16620;P04629;Q16288
T41236,O=C[C@H](Cc1ccc(O)cc1)NC(=O)[C@H](Cc1ccccc1)NC(=O)OCc1ccccc1,PPARG,0.3547,高活性,低毒性,1513;1520;824,P07858;P43235;P17655;P25774;P07711
T10927,Cc1ccc(NC(=O)Nc2nnc(COc3ccc(C)cc3C)s2)cc1,PPARG,0.3547,活性,低毒性,5791,P23469
T84321,FC(F)Oc1cc(Nc2cnc3cnn(CC4CCOCC4)c3n2)n[nH]1,RXRG,0.3547,活性,低毒性,,
T35694,Clc1cc2cc(c1)-c1cnn3c1NC(=NCCOCCO2)C=C3,THRSP,0.3547,高活性,低毒性,8767;2580,O43353;O14976
T10355,COc1ccc2c(c1)c(CC(=O)Oc1ccc(NC(C)=O)cc1)c(C)n2C(=O)c1ccc(Cl)cc1,AOC3,0.3545,活性,低毒性,5743,P35354
T3463,Cc1ccc(Nc2nnc(Cc3ccncc3)c3ccccc23)cc1Br,GPAM,0.3542,高活性,毒性,7468;6850,O96028;P43405
T24362,CC(C)(C)NC(=O)[C@@H]1CN(Cc2cc3ccccc3o2)CCN1C[C@@H](O)C[C@@H](Cc1ccccc1)C(=O)N[C@H]1c2ccccc2C[C@H]1O,THRSP,0.3542,活性,低毒性,,1C70_B;1C70_A;Q72874
TQ0086,Cc1cccc(NC(=O)c2ccc(C(F)(F)F)cc2C(=O)O)n1,THRSP,0.3542,活性,低毒性,20661;6272,Q6PHU5;Q99523
T2678,O=C(c1cn(Cc2cncn2Cc2ccc(Br)cc2)cc1-c1cccc2ccccc12)N1CCOCC1,AOC3,0.354,活性,毒性,6850;1559;7157;1565;1551;7151;2342;7468;2339;100529261,ANW61984;NP_001119587;ABI96208;QLI62812;O96028;P49356;NP_000756;P43405;P49354
T6149,CCOC(=O)c1[nH]c2cc(Cl)ccc2c1C(C(=O)NC(C)(C)C)N(C=O)Cc1ccc(Cl)cc1,PPARG,0.354,活性,低毒性,4193,Q00987
T7886,Cn1nc(C(=O)N(Cc2ccccc2)Cc2ccc(C(=O)O)cc2)c2c1-c1cc(Cl)ccc1OC2,RXRB,0.354,活性,低毒性,9971,Q96RI1
T9310,O=C(Nc1ccc(-c2nc(N3CC4CCC(C3)O4)c3sccc3n2)cc1)Nc1cccnc1,RXRB,0.354,活性,毒性,2475,P42336;P42345
T12468,COc1ccc(-c2sc(NC(=O)C(C)(C)C)nc2C)cc1S(=O)(=O)Nc1ccc(O)cc1,RXRG,0.354,活性,低毒性,5293;5288,O00329;O75747;P42336
T13481,COc1cc2c(cc1O)CC[C@@H]1[C@@H]2CC[C@]2(C)C(=O)CC[C@@H]12,NR1H3,0.3538,活性,低毒性,3292,P14061
T63534,Cl.O=C(O)c1cc(-c2ccc(C3CCNCC3)cc2)c2ccc(-c3ccc(C(F)(F)F)cc3)cc2c1,PPARG,0.3538,活性,低毒性,2359;1133;27346;154;266977;1880;185;3351;2859;3363;3350;1816;1814;9934;6530;3361;3352;1129;139760;2357;6531,P08912;P28221;Q5BJF2;P08908;Q01959;Q5T601;P35462;P08172;P28222;Q8TDV5;Q9HC97;P32249;P21918;P25089;P34969;Q15391;P30556;P47898;P07550;P23975;P21462
T2007,O=C(O)c1ccc(S(=O)(=O)N(Cc2ccc(OC(F)(F)F)cc2)c2ncc(C(F)(F)F)cc2Cl)cc1,AOC3,0.3535,活性,毒性,6850;79054;1559;1551;171384,Q8R455;QLI62812;NP_000756;Q7Z2W7;P43405
T26647,CC1=C(C(=O)Nc2cc(Cl)ccc2Cl)C(c2ccco2)C2=C(CCCC2=O)N1,GPAM,0.3535,活性,毒性,6850;1559;233080;1551;365228,O14843;B2GV46;ABI96208;QLI62812;Q3UFD7;NP_000756;P43405
T67880,C[C@@H]1Cc2c([nH]c3cc(Cl)c(F)cc23)[C@]2(N1)C(=O)Nc1ccc(Cl)cc12,GPAM,0.3535,活性,低毒性,,
T61439,COc1ccccc1NS(=O)(=O)c1sc2ccc(Cl)cc2c1C,NR1H3,0.3535,活性,低毒性,,
T9771,CN1CC[C@@H](COC(=O)Nc2ccccc2-c2ccc(F)c(Cl)c2)C1,PPARA,0.3535,活性,低毒性,1131,P20309
T67785,CCCCCCCCCCCCCCCCCCOCCOP(=O)(COCCn1cnc2c(=O)nc(N)[nH]c21)OCc1ccccc1,PPARG,0.3535,活性,毒性,,
T2034,COc1cc2ncnc(Nc3cccc(I)c3)c2cc1OC,PPARG,0.3535,高活性,毒性,4837;2593;28989;27232;6850;1559;9807;5409;7157;7151;1565;7468;3176,ANW61984;Q9BV86;P43405;P00533;Q92551;NP_001119587;ABI96208;QLI62812;O96028;Q14749;P40261;P21964;P11086;Q14353;P50135
T13279L,Cc1cc(C)c(CNC(=O)c2cc(Cl)c3c(c2C)O[C@@](C)(C2CCC(N(C)C)CC2)O3)c(=O)[nH]1,ACACA,0.353,活性,毒性,2145;2146,Q15910;Q92800
T3586,O=c1cc(N2CCOCC2)nc2c3ccccc3ccn12,PPARD,0.353,活性,低毒性,1559;25;2475;1551;1565,ANW61984;P42345;P78527;QLI62812;P00519;NP_000756
T60186,Cc1cn(-c2cc(NC(=O)c3ccc4c(c3)CN(c3cncnc3)C[C@H]4C)cc(C(F)(F)F)c2)cn1,PPARD,0.353,活性,低毒性,780,Q08345
T15780,CN(CCNc1ccc2ncc(-c3ccc(C(N)=O)cc3)n2n1)C(=O)OC(C)(C)C,PPARG,0.353,活性,低毒性,22848,Q2M2I8
T6S1373,COc1ccc(-c2oc3cc(OC)c(OC)c(O)c3c(=O)c2OC)cc1O,PPARG,0.353,活性,毒性,,
T0187,CCC(C)(C)c1ccc(CC(C)CN2C[C@@H](C)O[C@@H](C)C2)cc1.Cl,PPARG,0.353,活性,低毒性,,
T39437,CS(=O)(=O)O.CS(=O)(=O)O.Cc1nn(-c2ccnc(Nc3ccc4c(c3)c(C(=O)C3CC3)cn4C)n2)cc1CN1C[C@H](O)CO1,SCD,0.353,活性,低毒性,,
T15080,OC(CNCCc1c[nH]c2ccccc12)Cn1c2ccccc2c2ccccc21,THRSP,0.353,活性,毒性,6850;1559;1565;1551;13433;7468,ANW61984;ABI96208;QLI62812;O96028;P13864;NP_000756;P43405
T10799,CN1CCN(Cc2ccc(C(=O)Nc3ccc(CC(=O)Nc4ccc(NC(=O)C5CC5)nc4)cc3)cc2C(F)(F)F)CC1,THRSP,0.353,活性,低毒性,25,P00519
T60036,CN(C)S(=O)(=O)c1ccc(S(=O)(=O)Nc2cccc(Cl)c2N2CCCCC2)cc1,NR1H3,0.3528,活性,低毒性,255231,Q8IZK6
T2083,Fc1ccc2[nH]ccc2c1-c1nc(N2CCOCC2)c2sc(CN3CCN(CC4CC4)CC3)cc2n1,RXRG,0.3528,高活性,毒性,4837;2593;27232;6850;5293;5291;3456;5409;5295;1551;43740568;7468;3176,P01574;P43405;P42338;P42336;O00329;NP_006210;ABI96208;P27986;NP_005017;O96028;Q14749;NP_000756;P40261;P21964;P11086;Q14353;P50135
T15660,CSc1ccccc1Nc1nc(N2CCNCC2)nc2c(NCC3CC3)ncnc12,THRSP,0.3528,活性,低毒性,3795,P50053
T7955,CN(C)c1cc[n+](Cc2ccc(OCCOc3ccc(C[n+]4ccc(N(C)C)cc4)cc3)cc2)cc1.[Br-].[Br-],NR1H4,0.3525,活性,低毒性,1119,P35790
T73493,CC(C)C(=O)Nc1nc2cc(-c3ccc4c(c3)c(C(=O)NC(C)c3ccccc3)cn4C)ccn2n1,PPARG,0.3525,活性,毒性,,Q13546
T207061,CC(C)CCCC(C)CCCC(C)CCCC(C)CCO,SCD,0.3525,活性,低毒性,,
T12998,CC(C)(C)Oc1ccc(OCC2Cc3ccccc3CN2C(=O)c2cccc3ccccc23)cc1,THRSP,0.3525,活性,毒性,9572;1559,QLI62812;P20393;ABI96208
T5455,O=C1C(=Nc2cccc(C(F)(F)F)c2)c2ccccc2N1c1ccccc1,PPARA,0.3523,高活性,低毒性,8484;3360,NP_003605;NP_003848;Q13639;O60755
T68000L,CC[C@@H](Oc1cccc(-n2c(C)c(C(=O)c3ccc(OC)cc3)c3ccc(OC(F)(F)F)cc32)c1)C(=O)O,PPARD,0.3523,活性,低毒性,5468,Q95N78;P37231;P23204
T10381,COc1cc2c(C(=O)N3CCCCC3)cn(-c3noc4ccc(C)cc34)c(=O)c2cc1OC,RXRB,0.3523,活性,低毒性,57121,Q9H1C0
T50110,O=C(Nc1ccc(Nc2nccc(Nc3cc(C4CCCC4)[nH]n3)n2)cc1)Nc1cccc(C(F)(F)F)c1,THRSP,0.3523,活性,低毒性,,
T24695,CCCN1C(=O)CCc2cc(NS(=O)(=O)Cc3ccc(C)cc3)ccc21,ACACA,0.3521,高活性,低毒性,843609;834722;817145,Q9CAJ0;O80992;Q8VZS8
T30778,O=C(Nc1ccc(Cl)cc1)C1CN(C(=O)c2cc(F)cc(-c3ccncc3)c2)CC(F)(F)C1,AOC3,0.3521,活性,低毒性,,
T4521,COc1ccc(C(=O)NC2(C(=O)O)Cc3ccccc3C2)cc1OCCc1cccc(C)c1,PPARG,0.3521,高活性,低毒性,116744;66025,Q8K5E0;P61794
T15728,Cc1ccccc1CSc1ccc(-c2ccccn2)nn1,RXRA,0.3521,活性,低毒性,6506,P43004
T5175,CC(C)n1c(=O)n(C)c2cnc3cc(F)c(-c4ccc(OCCCN5CCCCC5)nc4)cc3c21,PPARG,0.3518,活性,低毒性,3757,Q13315;Q12809
T21226,CCCS(=O)(=O)c1ccc2nc(NC(=O)OC)[nH]c2c1,PPARG,0.3518,活性,毒性,,
T13114,O=C(CNC(=O)c1cccc(C(F)(F)F)c1)N[C@@H]1CCN(Cc2ccc(Cl)cc2)C1,THRSP,0.3518,活性,毒性,1551;1565;729230;6850,P41597;ANW61984;ABI96208;NP_000756;P43405
T3119,C[C@H](NC(=O)CNC(=O)c1cccc(Cl)c1)c1ccccc1,AOC3,0.3516,活性,低毒性,124274,Q6DWJ6;NP_001002911
TQ0174,NCCCCN(Cc1nc2ccccc2[nH]1)[C@H]1CCCc2cccnc21,PPARG,0.3516,活性,低毒性,7852;3757;1559;1129;1565;7468,P61073;ANW61984;P14416;P10635;Q12809;ABI96208;QLI62812;O96028;P08172;NP_001008540
T2328,Cc1cn(-c2cc(NC(=O)c3ccc(C)c(Nc4nccc(-c5cnccn5)n4)c3)cc(C(F)(F)F)c2)cn1,AOC3,0.3513,活性,低毒性,613;140;8856;1559;25;3791,P11274;P35968;P0DMS8;ABI96208;QLI62812;P00519;O75469
T7714,CCOC(=O)[C@H](CCc1ccccc1)N[C@H]1CS[C@H](c2cccs2)CN(CC(=O)O)C1=O,PPARG,0.3513,活性,低毒性,1551,NP_000756
T79005,O=c1cc(-c2ccc(O)c(O)c2)oc2cc(O)c(O)c(O)c12,PPARG,0.3513,活性,低毒性,24192,P07943
T60538,O=C(Nc1cccc(Cl)c1)c1cc(Cl)ccc1O,PPARG,0.3513,高活性,毒性,5025;5023;5027,Q99571;Q99572;P51575
T7861,CS(=O)(=O)O.Cc1ncc(NC(=O)c2ccc(CN3CCN(C)CC3)c(C(F)(F)F)c2)cc1Nc1nccc(-c2cccnc2)n1,RXRB,0.3513,活性,毒性,25;613,P00519;P11274
T11857,Cc1cc(C(=O)N2Cc3cnn(C)c3Nc3ccccc32)ccc1CNC(=O)N1CCC[C@H]1C(=S)N(C)C.O=C(O)C(F)(F)F,SCD,0.3513,活性,低毒性,,P30559;P37288
T1073,CCCCc1oc2ccc(NS(C)(=O)=O)cc2c1C(=O)c1ccc(OCCCN(CCCC)CCCC)cc1.Cl,THRSP,0.3513,活性,低毒性,239;3741,P22460;P18054
T78216,CN1CC(=O)N2[C@@H](c3ccc4c(c3)OCO4)c3[nH]c4ccccc4c3C[C@@H]2C1=O,PPARG,0.3511,活性,低毒性,281972,Q28156
TNU0685,CC(C)c1cc(-c2cc(C(C)C)c(O)c(C(C)C)c2)cc(C(C)C)c1O,PPARG,0.3511,活性,低毒性,760,P00918
T3469,N=C(N)c1ccc2nc(-c3cc(CC(=O)N[C@@H](CC(=O)O)C(=O)O)cc(-c4cc(S(N)(=O)=O)ccc4O)c3O)[nH]c2c1,PPARG,0.3511,活性,低毒性,11238,P43166;Q9ULX7;P23280;Q8N1Q1;Q16790;Q9Y2D0;P35218;P22748;O43570
T39707,Nc1nc(-c2cccc(-n3ccc4cc(C5CC5)cc(F)c4c3=O)c2CO)c2cc(C3=CCN(C4COC4)CC3)[nH]c2n1,THRSP,0.3511,活性,毒性,4593;780;660;3757;1558;695;7006;6714;1559;3702,P10632;P51813;Q06187;P11712;Q12809;Q08881;P12931;P42680;Q08345;O15146
T9040,COc1cc2ncnc(Nc3ccc(NC(=O)c4ccccc4)cc3)c2cc1OC,THRSP,0.3511,活性,毒性,6850;9212;6790;9748;7468,NP_004208;O14965;O96028;NP_055535;Q96GD4;NP_003591;P43405
T11943,Cn1nc(C(C)(C)C)cc1NC(=O)Nc1ccc(Oc2ccncc2)cc1,PPARG,0.3508,活性,低毒性,5603,P04049;O15264;4EYJ_A
T2342,NC(=O)[C@@H]1CC[C@H](c2ccc(OCc3ccccc3F)cc2)N1,PPARG,0.3508,活性,低毒性,9970;6329;6331;6336,Q15858;Q9Y5Y9;ADZ17385;Q14524;P35499;Q26304
T77759,COc1cc(N(C(=O)CBr)c2ccc3c(c2)OCCO3)cc(OC)c1F,SCD,0.3508,活性,毒性,2879,P36969
T5501,COC(=O)[C@H](c1ccccc1Cl)N1CCC2SC(=O)C=C2C1,NR1H3,0.3506,活性,低毒性,2876,P07203
T70375,Cc1noc(C)c1-c1ccc(=O)n(Cc2ccccc2)c1,PPARD,0.3506,活性,低毒性,,O60885
T72754L,NC(=O)N1N=C(c2ccc(C(F)(F)F)cc2)C[C@@H]1c1cn(Cc2ccc(OCCN3CCCCCC3)cc2)c2ccc(Br)cc12,PPARG,0.3506,活性,低毒性,,
T7506,Clc1cccc(Cl)c1CSc1nnc(-c2cnccn2)s1,PPARG,0.3506,活性,低毒性,,E2JF22;Q92508
T64320,O=C(Cc1ccc(Cl)c(Cl)c1)Nc1ccc(S(=O)(=O)Nc2ccon2)cc1,PPARG,0.3506,高活性,低毒性,3656265;3555118,XP_843920;Q4E657;EFZ27700;O15648
T5374,CCCCN1CCC(N(Cc2ccccc2)C(=O)Nc2ccc(Cl)c(Cl)c2)CC1,PPARG,0.3506,活性,低毒性,9040;54165,Q96GG9;P61081
T6812,N=C(N)NCCC[C@@H]1NC(=O)[C@H](CCCCN)NC(=O)[C@@H](Cc2ccccc2)NC(=O)[C@H](CC(=O)O)NC(=O)CNC1=O,AOC3,0.3503,高活性,低毒性,3690;3678;3694;3685;3693;3688,P18564;P05106;P05556;P06756;P18084;P08648
T34685,Nc1nc(OCCc2ccc(Cl)cc2)nc2c1ncn2[C@@H]1O[C@H](CO)[C@@H](O)[C@H]1O,GPAM,0.3503,高活性,低毒性,29290;25369,P29275;P25099;P30542;P30543;P29274
T41180,C[C@H](N(Cc1ccc(F)cc1)C(=O)CN1C(=O)O[C@@]2(CCc3cc(NC(=O)CCCCCCCCCCCNc4ccc5c(c4)C(=O)N(C4CCC(=O)NC4=O)C5=O)ccc32)C1=O)C(F)(F)F,PPARD,0.3501,活性,毒性,,
T28511,Cc1oc(-c2ccccc2)nc1CCOc1ccc(CC2C(=O)NOC2=O)cc1,PPARG,0.3501,高活性,低毒性,5465;19016;5468;19013;2879,P37231;P36969;P37238;NP_001001928;P23204;NP_619725;Q07869
T2745,CC1(C)[C@@H](O)CC[C@]2(C)[C@H]3C(=O)C=C4[C@H]5C[C@@](C)(C(=O)O)CC[C@]5(C)CC[C@@]4(C)[C@]3(C)CC[C@@H]12,PPARG,0.3501,活性,低毒性,1109;3290,NP_001809;P28845
T13974,O=C(Nc1ccc(C(F)(F)F)cc1)Nc1ccc(S(=O)(=O)N2CCC[C@H]2C(=O)Nc2ccccc2)cc1,AOC3,0.3499,活性,低毒性,,O60885
T9564,CN1CCC(CNc2cc(Cl)nn3c(-c4cc5nc(Nc6ccccc6)[nH]c5cc4F)cnc23)CC1,PPARG,0.3499,活性,毒性,2081,O75460
T21022,Clc1ccc([C@@]2(Cn3ccnc3)OC[C@H](COc3ccc(N4CCNCC4)cc3)O2)c(Cl)c1,XPR1,0.3499,活性,低毒性,,Q28204;Q28067
T5461,CCc1c(-c2ccc3[nH]ncc3c2)cnc(N)c1-c1ccc(O)cc1,PPARG,0.3496,活性,毒性,,Q93009
T5S0803,COc1cc2c(cc1O)-c1cc3ccc(OC)c(OC)c3c[n+]1CC2,PPARG,0.3496,活性,低毒性,23028,O60341
T3715,O=C(O)c1ccc(CN2C[C@@H]3C[C@H]2CN3Cc2ccc(Oc3ccc(-c4ncco4)cc3)cc2)cc1,RXRG,0.3496,活性,低毒性,4048,P09960
T36491,CC(C)(C)C(=O)OCOP(=O)(OCOC(=O)C(C)(C)C)C1CCCN(O)C1=O,ACACA,0.3494,活性,毒性,2023,P06733
T7307,C[C@@H](Nc1nc(N[C@H](C)C(F)(F)F)nc(-c2cccc(Cl)n2)n1)C(F)(F)F,AOC3,0.3494,活性,低毒性,3418;3417,O75874;P48735
T29064,O=C1CCC2=CC=C(OCCCCN3CCCN(c4cccc(Cl)c4Cl)CC3)NC2=N1,NR1H4,0.3494,高活性,低毒性,3358;1815;1813;1814;1812;3357;1816,P14416;P08908;NP_057658;P21917;P21728;P35462;P41595;P28223;P21918;P28335
T9266,CCCc1cc(-c2nc(-c3ccc(C)cc3)cs2)ccn1,PPARD,0.3494,活性,低毒性,6721,Q12772
T19642,Cc1c(N)cccc1Cn1ccc(OCCc2cccs2)cc1=O,PPARG,0.3494,活性,低毒性,86859893;945870;3920658,P0AEK4;Q2FZQ3;Q6GI75
T5357,O=C(Nc1ccccc1)c1ccc(Nc2nnc(-c3ccc(O)cc3)c3ccccc23)cc1,PPARG,0.3494,活性,毒性,1559;6850;28989,QLI62812;Q9BV86;P43405
T74779,CCOC(=O)Cn1nc(-c2ccc(C(F)(F)F)cc2)c2c1CCCCC2,RXRA,0.3494,活性,低毒性,7226,O94759
T11464,Cc1ccc(N)cc1C(=O)N[C@H](C)c1cccc2ccccc12,AOC3,0.3491,活性,毒性,43740578,P0DTD1;P0DTC1;P0C6U8;P0C6X7
T5480,COc1cc(C(=O)NC2CCN(C)CC2)ccc1Nc1ncc(C(F)(F)F)c(Oc2cccc3c2C(=O)CC3)n1,AOC3,0.3491,活性,毒性,,Q05397
T7127,CCCCc1ccc(NS(=O)(=O)c2ccc(F)cc2)cc1,PPARG,0.3491,活性,低毒性,2864;1559;338557;1551;1565,ANW61984;ABI96208;QLI62812;NP_000756;O14842;Q5NUL3
T16515,O=C(Nc1ccccc1)N1CCC(Cc2cnc3ccccc3c2)CC1,PPARG,0.3491,活性,低毒性,100911581;1565;1559;2166,ANW61984;P97612;NP_001432;QLI62812;O00519
T13381,CCOC(=O)c1ccc(NC(=O)NCc2ccc(-n3cccn3)cc2)cc1,RXRA,0.3491,活性,低毒性,,Q92482;Q8R2N1;Q9JJJ3
T22338,O=C(Nc1ccnc(NC(=O)C2CC2)c1)c1c(Cl)cccc1Cl,RXRB,0.3491,高活性,毒性,6850;3718;7468;7151;3106;7297;3456;7157;43740568;1489834,P50750;P01574;O60674;AMB37292;NP_001119587;P01889;O96028;P23458;P29597;P52333;P43405
T36796,CCOC(=O)c1c[nH]c2c(ccc3cccnc32)c1=O,ACACA,0.3489,活性,低毒性,,
T60151,O=C(Nc1ccc(F)cc1F)N1CCC(N(CCc2ccc(Cl)cc2)C(=O)c2csc3ccccc23)CC1,AOC3,0.3489,活性,低毒性,728,P21730
T22037,O=C(Nc1ccc(-c2ccncc2)cc1)N[C@H](CO)c1ccccc1,PPARG,0.3489,活性,低毒性,6093;1559;9475;1551;1565;7468,ANW61984;Q13464;ABI96208;O75116;QLI62812;O96028;NP_000756
T15627,Cc1sc2c(c1C)C(c1ccc(Cl)cc1)=N[C@@H](CC(=O)NCCCN1CCN(C)CC1)c1nnc(C)n1-2,RXRA,0.3489,活性,低毒性,,O60885
T22984,Cc1c(C(=O)NCc2cccnc2)nn(-c2ccc(Cl)cc2Cl)c1-c1ccc(Cl)cc1,THRSP,0.3489,活性,低毒性,1551;7468;1565;1559,ANW61984;ABI96208;QLI62812;O96028;NP_000756
T17260,CN(Cc1cccc(-c2ccncc2)c1)C(=O)Oc1ccc(-c2ccc(C(N)=O)cc2)cc1,PPARD,0.3486,活性,低毒性,57406,Q9BV23;ABI96208
T6810,COc1cc(C)[nH]c(=O)c1CNC(=O)c1c(C)n([C@H](C)C2CCOCC2)c2ccccc12,PPARG,0.3486,活性,低毒性,1551;1559;2146,QLI62812;Q15910;NP_000756;ABI96208
T22967,CC(C)(CCCCCCCCCCC(C)(C)CC(=O)O)CC(=O)O,PPARG,0.3486,活性,低毒性,24159;2864,P16638;NP_005294;O14842
T4294,FC(F)(F)c1cc(NC(=S)Nc2ccc(Br)cc2-c2nn[nH]n2)cc(C(F)(F)F)c1,RXRA,0.3486,活性,低毒性,,Q12791
T2744,COC(=O)CC[C@@H](C)[C@H]1CC[C@H]2[C@@H]3[C@H](O)C[C@@H]4C[C@H](O)CC[C@]4(C)[C@H]3C[C@H](O)[C@]12C,THRB,0.3486,活性,低毒性,28234;10599,Q9NPD5;Q9Y6L6
T2285,Cl.O=C(N[C@H]1CN2CCC1CC2)c1cc2cccc(Cl)c2s1,AOC3,0.3484,活性,毒性,,
T5540,Cc1nn(CC(F)(F)F)cc1Nc1ncc(Br)c(NCc2ccc(S(N)(=O)=O)cc2)n1,AOC3,0.3484,高活性,低毒性,25989;2872;81788;9641;120892;5298;1436;9262;29110,P07333;Q9UHD2;Q5S007;Q9H093;Q2M2I8;Q9HBH9;Q6PHR2;Q9UBF8;O94768;Q14164
T4257,CC(C)NC(=O)[C@H]1CC[C@@H](n2c(NC(=O)c3ccc(F)cc3)nc3ccc(CN4CCC(C(C)(C)O)CC4)cc32)CC1,PPARG,0.3484,活性,毒性,4916;6850;3932;3654;142;3643;4914;10461;4915;5871;4058;2322;558;238,P06213;P09874;P29376;P04629;Q16288;P51617;P36888;Q12851;P30530;Q12866;Q16620;Q9UM73;P06239;P43405
T77679,O=C(Nc1ccc(Oc2ccc(Cl)cc2)c(Cl)c1)c1cc(Cl)cc(Cl)c1O,PPARG,0.3484,高活性,低毒性,27347;5406,P16233;Q9UEW8
T11249L,CC[C@@]1(O)C(=O)OCc2c1cc1n(c2=O)Cc2c-1nc1cc(F)c(C)c3c1c2[C@@H](NC(=O)CO)CC3,THRSP,0.3484,活性,低毒性,,
T8311,FC(F)(F)Oc1ccc(Nc2ccc3cccc(Cl)c3n2)cc1,PPARA,0.3481,活性,低毒性,,
T30577,CN(C)c1ccc2c(c1)[C@@H]1C[C@@H](CC(=O)NCc3ccc(Oc4ccccc4)cc3)O[C@@H](CO)[C@@H]1O2,SCD,0.3481,活性,低毒性,7849,AAB34216
T16684,CN(C)c1ncnc2c1ncn2[C@@H]1O[C@H](CO)[C@@H](N)[C@H]1O,THRSP,0.3481,活性,低毒性,,
T4S0794,COc1cc2c(cc1O)CCN1Cc3c(ccc(OC)c3OC)C[C@H]21,NR1H4,0.3479,活性,低毒性,1812,P21728
T6447,CCC[C@@H]1C[C@@H](C(=O)N[C@@H]([C@H]2O[C@H](SC)[C@H](O)[C@@H](O)[C@H]2O)[C@H](C)Cl)N(C)C1,PPARG,0.3479,活性,毒性,3356;148,P60422;P62399;P0AG55;P0A7T3;P0AG48;P0A7S9;P0A7Q1;P0A7L8;P0ADY7;P0C018;P0A7L3;P0A7M6;P60624;P0A7J3;P0A7M9;P0A7V0;P0A7S3;P60438;P0A7R9;P02413;P0A7W1;P0A7K6;P0A7L0;P28223;P0A7W7;NP_371243;P0A7U7;P0A7T7;P0ADZ0;P0AG67;P02358;P0A7J7;P02359;P60723;P0ADZ4;P0A7X3;P0A7U3;P35348;P0AG59;P0ADY3;P0A7V8;P68919;P61175;P68679;P0A7V3;P0A7Q6;P0A7K2;P0AA10;P0AG44;Q2EEQ2;P0A7P5;P0A7R5;P0AG63;P0A7N9;P0AG51;P0A7N4;P0A7M2;P0A7N1
T26559,COc1ccc(S(=O)(=O)N2CCC[C@H]2C(=O)Nc2cc(C)cc(C)c2)cc1,PPARG,0.3479,活性,低毒性,1559;3062;3061;1551,NP_001517;ABI96208;QLI62812;O43613;O43614;NP_001516;NP_000756
T4320,Cc1ncc(NC(=O)c2ccc(CN3CCN(C)CC3)c(C(F)(F)F)c2)cc1Nc1nccc(-c2cccnc2)n1,THRSP,0.3479,活性,毒性,613;6850;3815;5159;25;7157;1551;7151;1565;7468;3458,NP_005148;NP_001087241;P11274;ANW61984;P10721;NP_001119587;ABI96208;P09619;P00519;O96028;NP_000610;NP_002600;NP_000756;P43405
T2279,O=C(Nc1ncc([N+](=O)[O-])s1)c1ccccc1O,AOC3,0.3474,活性,毒性,9970;6774;9807;115,O60503;Q26304;P40763;Q92551;ADZ17385
T62758,O=S(=O)(c1ccc2ccccc2c1)N1CCN(S(=O)(=O)c2c(F)cccc2F)CC1,NR1H3,0.3474,活性,低毒性,,P14618;NP_002645
T60101,CC1(C(=O)N[C@@H](CCCCCCCC2=CC=C3CCCN=C3N2)C(=O)O)CCOCC1,PPARG,0.3472,高活性,低毒性,3685;3694,P18564;P06756
T2445,O=C(O)CNC(=O)c1nc(Cl)c2ccccc2c1O,THRSP,0.3472,活性,低毒性,79068,Q9C0B1;Q9GZT9;P80193;Q84406
TN1849,CC(C)=CCc1c(O)ccc(C(=O)[C@@H]2[C@@H](c3c(O)cc(O)c4c(=O)c(CC=C(C)C)c(-c5ccc(O)cc5O)oc34)C=C(C)C[C@H]2c2ccc(O)cc2O)c1O,XPR1,0.3472,活性,低毒性,25264;14829,NP_032203;NP_036931
T62360,COc1ccc(C(=O)Nc2cc[n+](Cc3ccccc3)cc2)cc1OC.[Br-],PPARG,0.3469,活性,低毒性,113580815,O42275
T9889,Cc1sc2ncnc(N3CCC(C(N)=O)CC3)c2c1C,PPARG,0.3469,活性,低毒性,,P08173
T3542,CCN(CC)C(=O)Cc1csc(NS(=O)(=O)c2cccc(Cl)c2C)n1,PPARG,0.3469,活性,低毒性,3292;3290;15483,P37059;P28845;P50172;P14061
T2486,O=C(NCc1ccc(Oc2ccccc2)cc1)c1nc(-c2cc(Br)c(O)c(Br)c2)no1,PPARG,0.3469,活性,低毒性,4837;2593;27232;1559;5409;1551;7468;3176,ABI96208;QLI62812;O96028;Q14749;NP_000756;P40261;P21964;P11086;Q14353;P50135
TN1606,Oc1ccc([C@H]2Oc3cc(O)cc(O)c3C[C@H]2O)cc1,THRSP,0.3469,活性,低毒性,5742,P23219
T17244,Cc1nnc2sc(C(=O)NCc3ccc(S(=O)(=O)C(F)(F)F)cc3)c(N)c2c1C,AOC3,0.3467,活性,低毒性,25111,P08485;P08173
T10638L,Cc1nnc2n1-c1ccc(-c3cnn(C)c3)cc1[C@@H](Nc1ccc(Cl)cc1)CC2,PPARD,0.3467,活性,低毒性,,O60885
T0244,CCN(CC)CCOc1ccc2c(c1)C(=O)c1cc(OCCN(CC)CC)ccc1-2.Cl.Cl,PPARG,0.3467,活性,低毒性,,
T26748,O=C(NO)[C@@H](Cc1ccc2ccccc2c1)NS(=O)(=O)c1ccc2ccccc2c1,THRSP,0.3467,高活性,低毒性,86862606;944816,P08253;P08254;P14780;2VES_A;P0A725;C6ARS9
T8806,O=C(c1cc(Cc2n[nH]c(=O)c3ccccc23)ccc1F)N1CCn2nc(C(F)(F)F)nc2C1,GPAM,0.3464,活性,低毒性,142,P09874
T5026,CC[C@H](C)[C@@H]1NC(=O)[C@H](Cc2ccc(O)cc2)NC(=O)[C@@H](N)CSSC[C@@H](C(=O)N2CCC[C@H]2C(=O)N[C@@H](CC(C)C)C(=O)NCC(N)=O)NC(=O)[C@H](CC(N)=O)NC(=O)[C@H](CCC(N)=O)NC1=O,PPARD,0.3464,活性,低毒性,18430;5021;25108;553;25107;552;554;25342,P30559;NP_001139623;P47901;P97926;P30518;P70536;NP_000698;NP_444178;P37288;NP_000697;NP_037003;Q00788;NP_000907
T9532,COc1cc(C(=O)NC(=S)Nc2ccc(C)c(NC(=O)c3ccc(-c4ccccc4)cc3)c2)cc(OC)c1OC,PPARG,0.3464,活性,低毒性,6608,Q99835
T63966,COc1cc(OCc2csc(-c3ccc(C(=O)N(C)C)cc3)n2)c2cc(-c3cn4nc(OC)sc4n3)oc2c1,PPARG,0.3464,活性,低毒性,1558;9002,P10632;Q96RI0;P00734
T1887,CCC(Sc1nnc2c(n1)[nH]c1ccccc12)C(=O)N1c2ccccc2Sc2ccccc21,PPARG,0.3464,活性,低毒性,23411,Q96EB6
TN6772,O=C(CCCCCCCCc1ccc(O)c(O)c1)c1c(O)cccc1O,PPARG,0.3464,活性,毒性,43;100033901;259230;166929,Q8NHU3;P81908;P62575;P22303;Q86VZ5
T37471,C[C@H](C[C@@H](O)[C@](C)(O)[C@H]1CC[C@@]2(O)C3=CC(=O)[C@@H]4C[C@@H](O)[C@@H](O)C[C@]4(C)[C@H]3CC[C@]12C)C(C)(C)O,THRB,0.3464,高活性,低毒性,31165;35540,Q8MWR2;Q4W6D0;E5L6Y1;P20153;P34021;Q4W6C8;E5L6Y0;Q8MWR1
T4332,Cn1cc(-c2cc(Oc3cc(F)c(NC(=O)C4(C(=O)Nc5ccccc5)CC4)cc3F)ccn2)cn1,AOC3,0.3462,高活性,毒性,3456;7468;6850,O96028;P01574;P43405
T10638,Cc1nnc2n1-c1ccc(-c3cnn(C)c3)cc1[C@H](Nc1ccc(Cl)cc1)CC2,PPARD,0.3462,高活性,低毒性,8019;676;6046,Q15059;O60885;P25440;Q58F21
T61736,CCCCCc1cccc(OCCCCCCCCCCC(=O)NC2CC2)c1,PPARD,0.3462,高活性,低毒性,1269;1268,P21554;P34972
T10313,CCCCCCCCCCCCCCCC(=O)NCCCCC(N)C(=O)NCCCNCCCCNCCCN.Cl.Cl.Cl.Cl,PPARG,0.3462,活性,低毒性,,D5FGE8
T8737,COc1ccc(NC(=O)c2ccc(-c3ccncc3)c(C)c2)cc1N1CCN(C)CC1,THRSP,0.3462,活性,低毒性,3350,NP_000515
T21762,O=C(Nc1ccccc1Cl)c1cnc2ccc(C3CCNCC3)cn12.O=C(O)C(=O)O,THRSP,0.3462,活性,低毒性,2049,P54753
T8428,Cc1sc(C(=O)c2cncnc2N[C@@H]2C[C@H](COS(N)(=O)=O)[C@@H](O)C2)cc1[C@@H]1NCCc2ccc(Cl)cc21,AOC3,0.3459,高活性,毒性,10054;759;9039;760;10055;8883,P00915;Q8TBC4;Q9UBT2;P00918;Q13564;Q9UBE0
T67843,CNC(=O)c1ccccc1Nc1cc(Nc2ccc(N3CCN(CC(=O)N[C@H](C(=O)N4C[C@H](O)C[C@H]4C(=O)N[C@@H](C)c4ccc(-c5scnc5C)cc4)C(C)(C)C)CC3)cc2OC)ncc1C(F)(F)F,SCD,0.3459,活性,低毒性,,Q05397;O60885;P40337
T16378,Nc1nc(NCc2ccccc2)nc(-c2ccccc2CO)n1,THRSP,0.3459,活性,低毒性,3357;8111,P29274;P41595;Q15743
T12670,Cc1cc(C2CCN(C(=O)C3CC3)CC2)ccc1NC1CCc2cccc(-c3cccc(-n4ncc(C(=O)O)c4C)n3)c21,THRSP,0.3459,高活性,低毒性,2982;2983,Q02108;Q02153
T11662L,CC[C@H]1[C@@H](O)[C@@H]2[C@H](C[C@H](O)[C@]3(C)[C@@H]([C@H](C)C[C@H](C)C(=O)O)CC[C@@H]23)[C@@]2(C)CC[C@@H](O)C[C@@H]12,PPARG,0.3457,高活性,低毒性,227289;151306,Q8TDU6;NP_778150;Q80SS6
T6171,CC(C)CCN1c2nc(Nc3cc(F)c(O)c(F)c3)ncc2N(C)C(=O)C1C,ACACA,0.3455,高活性,毒性,6195;9212;7443;6788;27330;6196;2932;9833;6197;4140;5347;1452;81771;3458,NP_055311;O60674;Q15418;Q9UK32;P48729;P51812;NP_004577;NP_000610;Q14680;Q96GD4;Q15349;P53350;NP_001006666;P27448;Q13188;Q63531;O60885;Q86Y07;P49841;Q99986
T28118,COc1cc(CNC(=O)CCCc2cccs2)ccc1O,AOC3,0.3455,活性,低毒性,7442,Q8NER1
T5142,O=c1cc(-c2ccc([N+](=O)[O-])cc2)[nH]c2c(-c3ccc(Cl)cc3)c(Cc3ccccc3)nn12,AOC3,0.3455,活性,低毒性,382;5662;23178;11001,A5PKW4;Q96RG2;P62330;O14975
T5722,COc1ccc(-c2cc(=O)c3c(O)c(OC)c(O)c(OC)c3o2)cc1,PPARG,0.3455,活性,低毒性,24192,P07943
T11103,Cc1c(N2CCN(C)[C@@H](C)C2)ccc2c3c(c(=O)oc12)CN(C(=O)c1ccc(NS(C)(=O)=O)c(OC(F)(F)F)c1)CC3,RXRG,0.3455,活性,低毒性,10797;4522,P13995;P11586
T5019,N=C(N)NCCC[C@@H](NC(=O)[C@@H]1CCCN1C(=O)[C@@H]1CSSCCC(=O)N[C@@H](Cc2ccc(O)cc2)C(=O)N[C@@H](Cc2ccccc2)C(=O)N[C@@H](CCC(N)=O)C(=O)N[C@@H](CC(N)=O)C(=O)N1)C(=O)NCC(N)=O,THRSP,0.3455,活性,低毒性,5021;100909648;5742;25342;25108;25107;552;554;553,P30559;P30560;P23219;P47901;P30518;P70536;P48974;P37288;Q00788
T3434,COc1ccc(Oc2cc(NCCC(F)(F)F)c3ncc(-c4ccc(C(=O)NC5CC5)c(C)c4)n3n2)c(F)c1F,AOC3,0.3452,活性,毒性,7468;7272,O96028;P33981
T77649,COc1ccccc1C(=O)N1CCN(c2ccc(O)cc2)CC1,NR1H3,0.3452,活性,低毒性,,P14679;O42713;C7FF05;C7FF04;Q00024
T4304,CCCC(=O)NCCc1csc(-c2ccc(Cl)cc2)n1,PPARG,0.3452,活性,毒性,7468,O96028
T7409,C[n+]1cc(NC(=O)c2cccc(C(=O)Nc3cc4ccccc4[n+](C)c3)n2)cc2ccccc21,PPARG,0.3452,活性,低毒性,7015;28989,Q9BV86;O14746
T9964,CN1CCN(c2ncc(Oc3cc(CN4CCC(CC(=O)O)CC4)cc(-c4cc(Cl)cc(Cl)c4)n3)cn2)CC1,RXRG,0.3452,活性,低毒性,5045,P09958
T17267,CC(C)c1cc(CNc2nc(Nc3cc(C4CC4)[nH]n3)cc(N3CCN(C)CC3)n2)on1,THRSP,0.3452,高活性,毒性,4837;3480;6850;25;5409;43740568;1565;3176;43740578;27232;3456;7151;1489834;2593;28989;142;6790;7157;7468;1969;3106,Q9Y616;P08069;ANW61984;Q9BV86;O00238;P21964;Q9BZL6;P42684;P0DTD1;P18074;P04629;O14965;P12931;Q15831;Q96GD4;P11086;Q9UHD2;P50135;P11274;P27448;Q2M2I8;Q13188;P06241;Q92918;P43405;Q05397;NP_001119587;Q16584;Q14164;O94804;P07947;Q9BQI3;O00444;P19784;P53667;Q14353;Q16512;P50750;Q9Y4K4;O96028;P54760;P54619;Q6PHR2;P54756;P36507;Q8IVH8;Q96RR4;P00519;P29323;Q13131;Q00537;Q15375;Q00536;Q9H2G2;P50613;P36894;P54764;P09874;ABI96208;Q00526;Q9UKE5;Q14749;Q9NSY1;Q12851;Q13043;Q16832;P06239;Q14289;P16591;Q13470;P06213;P36897;P21709;O15197;Q04771;P11362;P01574;P08631;P36888;Q6ZSR9;Q04912;Q07912;P42680;P17252;Q02750;AMB37292;P07948;P15735;Q7KZI7;O94806;Q9H0K1;P07949;P29317;Q08345;P40261
T5428,C[C@@H]1CCNC(=O)c2cc3ccc(C(=O)Nc4nc5ccccc5n4CCCN(C)C)cc3n21,AOC3,0.345,高活性,毒性,2322;2263;147;6850;148;7468;154;5979;23683;6197;6196;11188;120892;1195;5587;25865;1196,Q5S007;P35368;Q15139;P21802;P36888;Q9BZL6;P49760;Q9Y2I1;P51812;P49759;NP_004577;O96028;P35348;Q15349;O94806;P07949;P07550;P43405;P29274;P16234
T14130,Cc1cc(O[C@@H](CCC(F)(F)F)c2ccc(C(=O)NCCC(=O)O)cc2)cc(C)c1-c1ccc(C(C)(C)C)cc1,GPAM,0.345,高活性,毒性,2642;28989;6850,P47871;Q9BV86;NP_000151;P43405
T8974,CC(C)(C)C1CCN(C(=O)n2ncc(C(O)(c3ccccc3)c3ccccc3)n2)CC1,GPAM,0.345,活性,毒性,6850;68758;11313;83451;10434;7468;18777,CAM15905;O96028;CAJ18409;O75608;Q8NFV4;CAG33384;O95372;P43405;AAH69866
T13157,Cc1cc(-c2cc(OC(=O)c3ccccc3)ccc2Cl)cc2nnc(Nc3ccc(OCCN4CCCC4)cc3)nc12,GPAM,0.345,活性,毒性,7468;6850,P00519;P29323;P07947;P54764;P09619;ABI96208;P06239;P42684;O14976;Q13705;O96028;P54760;P11274;P37173;P07949;P29317;Q08345;O43353;P43405
T21859,Nc1nc(-c2ccc(Cc3ccccc3)cc2)cs1,PPARG,0.345,活性,低毒性,4048,P09960
T62979,CCN(CC)C1CCC(Nc2c(C(C)=O)cnc3ccc(-c4ccc(O)c(Cl)c4)cc23)CC1,PPARG,0.345,活性,低毒性,9833,Q14680
T15177,O=C(O)c1cc(SSc2ccc([N+](=O)[O-])c(C(=O)O)c2)ccc1[N+](=O)[O-],PPARG,0.345,活性,低毒性,1841,P23919
T24567,O=C(O)CCCCCCCOc1nc(-c2ccccc2)c(-c2ccccc2)n1-c1ccccc1,PPARG,0.345,活性,低毒性,,
T19685,C=C[C@@H]1C[C@]1(NC(=O)[C@@H]1C[C@@H](Oc2cc(-c3csc(NC(=O)C(C)C)n3)nc3c(Br)c(OC)ccc23)CN1C(=O)[C@@H](NC(=O)OC1CCCC1)C(C)(C)C)C(=O)O,GPAM,0.3447,活性,低毒性,5532;266770,Q7TQM4;A3EZI9;F5B4I0;D2K2A8;P16298
T7173,CC(C)C[C@H](NC(=O)[C@H](Cc1ccccc1)NC(=O)CNC(=O)CNC(=O)[C@@H](N)Cc1ccc(O)cc1)C(=O)O,PPARD,0.3447,高活性,低毒性,100135587;18386;4985;100379267;24613;18387;18390;5173;4988;4986;25601,P33535;P33533;P42866;B3DH72;P33534;P35372;P41143;A3QJX7;P01213;P41145;P41144;B8JHS2;P97266;P32300
T8771,COc1c(C(=O)CC(=O)c2ccccc2)ccc2occc12,PPARG,0.3447,活性,低毒性,1543;1545;1544,P05177;Q16678;P04798
T9647,CS(=O)(=O)NC(=O)c1cc(C2CC2)c(OCC2CCN(Cc3cc(C(F)(F)F)ccc3Cl)CC2)cc1F,PPARG,0.3447,高活性,低毒性,6329;6323;11280;6331;6326;6334;20274;6328;6332;6336,P35498;Q99250;Q15858;Q9UI33;Q9Y5Y9;Q9UQD0;Q62205;Q14524;Q9NY46;P35499;Q01118
T20362,N[C@@H](CCC(=O)O)C(=O)N[C@@H](CCC(=O)O)C(=O)O,THRSP,0.3447,活性,低毒性,85309,P70627
T2487,CCS(=O)(=O)N1CCN(c2ccc(Nc3ncc(C(N)=O)c(NC4CC4)n3)cc2)CC1,THRSP,0.3447,高活性,毒性,4837;6850;3718;1559;6789;5409;9891;3176;3458;27330;27232;3717;5602;2324;3702;7297;3456;4293;4139;1436;2593;6197;2011;5871;1551;2322;7468;29110;6788;5979;3106;3716,P01574;P07333;NP_149132;NP_006273;NP_004963;Q08881;QLI62812;P36888;NP_000756;P21964;O14757;NP_005202;Q9P0L2;P53779;O60674;P01889;NP_000206;P23458;Q14749;Q12851;Q9UK32;Q13043;Q14353;P51812;NP_002218;O60285;O96028;NP_000610;Q7KZI7;P11086;P80192;P52333;NP_055655;P50135;Q9UHD2;P35916;Q13188;P07949;NP_001167638;NP_003322;P29597;P40261;P43405
T16144,CN1CCN(Cc2ccc(-c3cn([C@H]4CC[C@H](O)CC4)c4nc(NCCC5CC5)ncc34)cc2)CC1,THRSP,0.3447,高活性,低毒性,2322;558;7301;10461,Q12866;P36888;Q06418;P30530
T30260,CCN(C(=O)Cc1ccc(S(C)(=O)=O)cc1)C1CCN(CC[C@H](c2ccc(S(C)(=O)=O)cc2)c2cc(F)cc(F)c2)CC1,XPR1,0.3447,活性,低毒性,3757;1565;1234,P51681;P10635;Q12809
T64414,C[C@H]1[C@H]2N(C(=O)CN(C)N2C(=O)NCc2ccccc2)[C@@H](Cc2ccc(OP(=O)(O)O)cc2)C(=O)N1Cc1cccc2cccnc12,XPR1,0.3447,活性,低毒性,1387,Q92793;P15884;P35222
T11177,CNc1cc2[nH]c(=O)n(-c3ccc(NC(=O)NS(=O)(=O)c4ccc(Cl)s4)cc3)c(=O)c2cc1F,GPAM,0.3445,活性,低毒性,1551;64805,Q9H244;NP_000756
T3976,CCCCCCCC(=O)c1c(O)cc(O)cc1CC(=O)OCC,PPARG,0.3445,活性,低毒性,3164,P22736
T80640,COC(=O)c1ccc(COc2ccccc2CN2CCN(C(=O)CNC(=O)CC34CC5CC(CC(C5)C3)C4)CC2)cc1,PPARG,0.3445,活性,低毒性,,
T3961,O=C(c1cc(C2CC2)on1)N(C1CCCCC1)C1CCCCC1,THRSP,0.3445,活性,低毒性,25122;1576;1136;1268;2004;3269;1903,NP_001091683;NP_005217;CAA85309;CAH74068;EAW99157;ABI96208;AAY68486;EDM01848;Q99500
T9694,Cc1cc(C)c2c(n1)CN(C(=O)CC1CN(c3ccnc(C(F)(F)F)c3)C1)C2,AOC3,0.3442,活性,低毒性,,P08485;P08172;P08173
T13453,O=C(CN1C(=O)C2(CCOCC2)c2ccccc21)Nc1ccc2c(c1)C[C@]1(C2)C(=O)Nc2ncccc21,AOC3,0.3442,活性,低毒性,10203,Q16602
T14685,Cc1nnn(C)c1-c1cnc2c3ccc(C(C)(C)O)cc3n([C@H](c3ccccc3)C3CCOCC3)c2c1,AOC3,0.3442,高活性,毒性,6850;142;4609;6046;8019;2876;2879;1557;7468,P25440;P36969;P01106;Q15059;P33261;P09874;O96028;O60885;P07203;P43405
T3177,COc1ccc(-c2cccc(C(=O)N(C)C)c2)cc1S(=O)(=O)Nc1cccc(NCCNC(=O)c2cccc(C)c2)c1,PPARG,0.3442,高活性,低毒性,3062;3061,O43613;NP_001517;O43614;NP_001516
T61874,COc1cc(CN2CC(N)C2)cc(OC)c1-c1cn(C)c(=O)c2cc(F)ccc12,PPARG,0.3442,活性,低毒性,,Q9H0E9
T2043,Cc1ccccc1C(C(=O)NC1CCCCC1)N(C(=O)Cn1cnc2ccccc21)c1cccc(F)c1,PPARG,0.3442,活性,毒性,1551;7468;1559;3417,ABI96208;QLI62812;O96028;NP_000756;O75874
TP1071,CC(C)C[C@H](NC(=O)[C@H](CCCCN)NC(=O)[C@H](CCCNC(=N)N)NC(=O)[C@H](C)NC(=O)[C@H](CO)NC(=O)[C@H](CCCCN)NC(=O)[C@H](CCCNC(=N)N)NC(=O)[C@H](C)NC(=O)CNC(=O)[C@@H](NC(=O)[C@H](Cc1ccccc1)NC(=O)CNC(=O)CNC(=O)[C@@H](N)Cc1ccccc1)[C@@H](C)O)C(=O)N[C@@H](C)C(=O)N[C@@H](CC(N)=O)C(=O)N[C@@H](CCC(N)=O)C(=O)O,AOC3,0.344,高活性,毒性,4985;29256;18389;4987;100135588;4988;4986,NP_001186948;NP_001239494;P35372;P41143;P47748;P41145;P35370;P35377;P41146
T14909,Cc1cnc(C(=O)c2ncnc3[nH]ccc23)c(NS(=O)(=O)c2ccc(Cl)c(C(F)(F)F)c2)c1,AOC3,0.344,活性,低毒性,729230,P41597
T9496,CC1CCc2ncc(F)cc2[C@H]2CCCN2c2ccn3ncc(c3n2)C(=O)N1,MLXIPL,0.344,活性,低毒性,4914,P04629
T204076,O=S(=O)(Nc1cc(-c2ccsc2)no1)c1ccccc1F,PPARG,0.344,活性,低毒性,,P11712
T72814,Cc1c(Cl)cccc1S(=O)(=O)N1CCC[C@H](C(=O)NC2CCCCC2)C1,SCD,0.344,活性,低毒性,3290,P28845
T3487,CN1CCN(c2ncc(Sc3cccc(NC(=O)CN)c3)c(OCc3ccccc3)n2)CC1,ACACA,0.3438,活性,毒性,,
T25450,COC(=O)[C@H](CC(C)C)NC(=O)c1ccc(NCc2cnc[nH]2)cc1-c1cccc2ccccc12,NR1H3,0.3438,活性,低毒性,,
T6311,Cc1ccc(NC(=O)c2ccc(CN3CC[C@H](N(C)C)C3)c(C(F)(F)F)c2)cc1Nc1nccc(-c2cncnc2)n1,THRSP,0.3438,活性,毒性,7867;613;6850;4067;25;3456;7468,P41240;P01574;Q15759;P00519;P29323;P42685;P10398;Q16539;Q16644;NP_005148;P15056;P54764;Q13163;P09619;ABI96208;Q15746;Q16832;Q8TBX8;P42684;P06239;P07948;Q9Y572;O96028;P51617;P49137;P54760;P11274;Q9NYL2;P54753;P06241;P29317;P07949;Q08345;P54756;O43353;P16083;P43405
T9396,Cc1ccc(S(=O)(=O)NC(=N)NCCC[C@H](NC(=O)OCC2c3ccccc3-c3ccccc32)C(=O)O)cc1,THRSP,0.3438,活性,低毒性,,Q72874
T11520,CN(c1ccc(NC(=O)Nc2ccc(OC(F)(F)F)cc2)cc1)c1ccnc(Nc2cccc(S(N)(=O)=O)c2)n1,AOC3,0.3435,活性,毒性,3791;7468;197259;7525,P35968;Q13546;NP_689862;O96028;NP_005424;Q9D2Y4;Q8NB16;Q9Y572;NP_002244
T30798,CN(C)CCCOc1ccc2[nH]nc(S(=O)(=O)c3cccc4ccccc34)c2c1,AOC3,0.3435,活性,低毒性,3362,P50406;NP_000862
T15424,COC(=O)c1cccc(NC(=O)NC2CCN(c3ccnc(Nc4ccc(F)cc4)n3)C2)c1,PPARG,0.3435,高活性,低毒性,814112;2186,Q12830;ABH03417;XP_001349989
T17029,Fc1ccccc1-c1nc2ccn(Cc3ccc(-c4ccc(C(F)(F)F)cc4C(F)(F)F)nn3)cc-2n1,RXRG,0.3435,活性,低毒性,3757;1559;1551,Q12809;ABI96208;QLI62812;O39930;NP_000756
T34967,Cc1ccccc1-c1cccc(CNc2ccc(CCC(=O)O)cc2)c1,AOC3,0.3433,高活性,低毒性,233081;338557;2864,O14842;Q5NUL3;Q76JU9
T15248,C[C@]12CC[C@@H]3c4ccc(O)cc4CC[C@H]3[C@@H]1[C@@H](O)[C@@H](O)[C@@H]2O,NR1H3,0.3433,活性,低毒性,2100,P03372;Q92731
T16083,Cc1cc(OCCCNCC(C)(C)C(N)=O)ccc1Cc1c(O[C@@H]2O[C@H](CO)[C@@H](O)[C@H](O)[C@H]2O)n[nH]c1C(C)C,THRSP,0.3433,活性,低毒性,6523,NP_001243243;P13866
T3175,Cc1nc2ccc(NC(=O)CCNC(=O)CCCc3ccc(CC(C(=O)O)C(=O)O)cc3)cc2s1,GPAM,0.343,活性,低毒性,24533;3945;3939,P07195;P00338;P04642
T25399,Cn1ncc2c(N3CCOCC3)nc(-c3cccc(O)c3)nc21,THRSP,0.343,活性,低毒性,,P42336
T1754,COc1cc2ncnc(Nc3ccc(Cl)cc3F)c2cc1OC,ACACA,0.3428,活性,毒性,239;2048;2324;1956;2321;3791;2260;3458,P35968;P35916;NP_958441;P18054;P29323;NP_000610;P17948;P11362;NP_001153503;NP_002244
T1545,CCOC(=O)C1=C(COCCN)NC(C)=C(C(=O)OC)[C@@H]1c1ccccc1Cl,FASN,0.3428,活性,低毒性,150;6531;1814;6915,P08913;P21731;Q01959;P35462
T12360,Cc1ccc2c(c1)C(=O)[C@]1(O)CCN(c3ccc([N+](=O)[O-])cc3)C1=N2,PPARG,0.3428,高活性,低毒性,100125991;788772;8625606,P08799;Q28641;Q9BE41
T10821,COc1cc2oc(-c3ccc(O)c(O)c3)cc(=O)c2c(O)c1OC,PPARG,0.3428,活性,低毒性,24192;25290,P12527;P07943
T3467,Nc1ncccc1-c1nc2ccc(-c3ccccc3)nc2n1-c1ccc(C2(N)CCC2)cc1,ACACA,0.3425,高活性,毒性,207;6850;10000;2876;2879;7468;208,P36969;P31749;P11712;NP_005456;Q9Y243;NP_001229957;O96028;P31751;NP_001014432;P07203;P43405
T60072,O=C(Nc1ccc(C(F)(F)F)cc1)Nc1ccc(S(=O)(=O)N2CCC[C@H]2CN2CCOCC2)cc1,AOC3,0.3425,活性,低毒性,8019;676;6046,Q15059;O60885;P25440;Q58F21
T39957,CC(C)n1c(C(C)(C)O)nc2c(F)cc(-c3nc(N[C@@H]4CCOC[C@H]4O)ncc3Cl)cc21,AOC3,0.3425,活性,低毒性,983;595;1019;891;1021;896,P11802;P50750;O60563;P30281;P14635;Q00534;P06493;P24385
T5410,CNc1cc2c(Nc3cccc(Br)c3)ncnc2cn1,PPARA,0.3425,活性,毒性,4837;2593;27232;8569;6850;1956;2597;19885;5409;7468;3176;10188,NP_958441;P43405;NP_002037;Q9BUB5;P00533;Q07912;O96028;P21964;Q14749;P40261;NP_035411;P11086;Q14353;P50135
T10484,CO[C@H]1CC[C@H](CNc2ccc(S(=O)(=O)NC(=O)c3ccc(N4CCN(CC5=C(c6ccc(Cl)cc6)CC(C)(C)CC5)CC4)cc3Oc3cnc4[nH]ccc4c3)cc2[N+](=O)[O-])CC1,PPARG,0.3425,活性,毒性,4170;27346,Q5BJF2;Q8NE63;Q07820;Q92843;P10415;Q07817
T9165,CCc1cc2ncc(CN3CCN(c4ccc(C(=O)NC)nc4)CC3)cc2[nH]c1=O,PPARG,0.3425,活性,毒性,10038;142;64761;79668;83666;10039;8658;54625;54956;143,Q9UKK3;Q8N3A8;Q460N5;Q9Y6F1;Q9UGN5;P09874;Q9H0J9;Q7Z3E1;O95271;Q8IXQ6;Q8N5Y8
T13312,CC(C)C(O)(c1ccc2cc(OC(F)F)c(OC(F)F)cc2c1)c1cnn[nH]1,SCD,0.3425,活性,低毒性,1586,P05093
T72918,COCC(=O)Nc1cc(COc2ccc(NC(=O)Nc3cc(C(C)(C)C)nn3-c3ccc(C)cc3)c3ccccc23)ccn1,THRSP,0.3425,高活性,低毒性,1432;3055;6714;6300,P08631;P53778;P12931;Q16539
T11358,COc1cc(Nc2nc3c(s2)CCCC3c2ccccc2)ccc1-n1cnc(C)c1,THRB,0.3423,活性,低毒性,55851;5664;51107;1551;1565;5663;83464;23385,ANW61984;P10635;Q8WW43;Q96BI3;Q92542;P49810;NP_000756;P49768;Q9NZ42
T11256,Cc1ccc2nc(-c3ccc(NC(=O)C4CCN(S(=O)(=O)c5cccs5)CC4)cc3)sc2c1,AOC3,0.342,活性,低毒性,100911581,P97612;O00519
T20753,CN(C)c1cc(CNCC(C)(C)C)c(O)c2c1C[C@H]1C[C@H]3[C@H](N(C)C)C(O)=C(C(N)=O)C(=O)[C@@]3(O)C(O)=C1C2=O.Cc1ccc(S(=O)(=O)O)cc1,GPAM,0.342,活性,低毒性,,
TN1016,O=C(CCc1ccc(O)c(O)c1)NCCCNCCCCNCCCNC(=O)CCc1ccc(O)c(O)c1,PPARG,0.342,活性,毒性,,P28593;P39040
TN6770,O=C(CCCCCCCCc1ccccc1)c1c(O)cccc1O,PPARG,0.342,活性,毒性,43;259230;166929,P22303;Q8NHU3;Q86VZ5
T15236,O=C(Nc1ccc2ncccc2c1)C(=O)c1cn(Cc2ccc(Cl)cc2)c2ccccc12,AOC3,0.3418,活性,毒性,,
T39665,O=C(N[C@H]1CCN(CC2CC2)C[C@@H]1C(=O)NC1(c2ncccn2)CC1)c1cc(-c2ccc(F)cc2F)on1,GPAM,0.3418,高活性,低毒性,3757;12778;57007;84348;403964,P56485;Q12809;P25106;O89039;P11613
T61318,COc1ccccc1S(=O)(=O)Nc1ccc2c(c1)C(=C(C)C)C(=O)N2,SCD,0.3418,活性,低毒性,6046,O60885;P25440
T6235,CS(=O)(=O)CCNCc1ccc(-c2ccc3ncnc(Nc4ccc(OCc5cccc(F)c5)c(Cl)c4)c3c2)o1.Cc1ccc(S(=O)(=O)O)cc1.Cc1ccc(S(=O)(=O)O)cc1,THRSP,0.3418,活性,毒性,,
T2920,COc1cc2c3cc1Oc1c(OC)c(OC)cc4c1[C@@H](Cc1ccc(O)c(c1)Oc1ccc(cc1)C[C@@H]3N(C)CC2)N(C)CC4.Cl.Cl,THRSP,0.3418,活性,毒性,,
TN6997,COC(=O)[C@]12CCC(C)(C)C[C@H]1C1=CC[C@@H]3[C@@]4(C)CC[C@H](O)C(C)(C)[C@@H]4CC[C@@]3(C)[C@]1(C)CC2,NR1H3,0.3416,活性,低毒性,5770,P18031
T5S1026,O=C(O)[C@H]1O[C@@H](Oc2cc(O)c3c(=O)cc(-c4ccc(O)cc4)oc3c2)[C@H](O)[C@@H](O)[C@@H]1O,PPARG,0.3416,活性,低毒性,24192;5770,P18031;P07943
T6180,Cc1cc(C)c(-c2csc(NC(=O)c3ccccc3)n2)c(C)c1,ACACA,0.3413,活性,毒性,7468;6850,O96028;P43405
T1845,CN(C)Cc1ccc(-c2cnn3c(-c4cccc(NC(=O)c5cccc(C(F)(F)F)c5)c4)ccnc23)cc1,PPARG,0.3413,活性,毒性,6850;1432;673;1559;1565;7468,P15056;ANW61984;QLI62812;O96028;Q16539;P04049;P43405
T8502,O=C(NC1CCN(Cc2ccccc2)CC1)C12CC3CC(CC(C3)C1)C2,RXRB,0.3413,活性,低毒性,,
T5770,C[C@H](C[C@H](O)[C@H]1OC1(C)C)C1=C2C[C@H](O)[C@H]3[C@@]4(C)CCC(=O)C(C)(C)[C@@H]4CC[C@]3(C)[C@@]2(C)CC1,THRB,0.3413,活性,低毒性,9971,Q96RI1
T67694,Cc1nc(Nc2ncc(N3CCN(C)[C@H](C)C3)c(Nc3cc(C)n(C)n3)n2)cc(C2CC2)c1F,THRSP,0.3413,活性,低毒性,,
T16832,CCS(=O)(=O)c1ccc(CC(=O)Nc2ccc(C(C)(C)C(=O)Nc3ccc(F)cc3F)c(F)c2)cc1,AOC3,0.3411,活性,低毒性,19885;6097,P51449;P51450
T11149,O=C(O)c1ccc(OCCc2c(CCNS(=O)(=O)Cc3ccc(Cl)c(Cl)c3)n(C(c3ccccc3)c3ccccc3)c3ccc(Cl)cc23)cc1,PPARG,0.3411,活性,低毒性,5321,P47712
T28548,CC(C)N1CCN(S(=O)(=O)c2ccc(NC(=O)c3ccc(C(F)(F)F)cc3[N+](=O)[O-])cc2)CC1,PPARG,0.3411,活性,低毒性,63873;66026;59341,Q9ERZ8;Q9HBA0;Q9EPK8
T9225,O=C(NCc1cnc(C(F)(F)F)s1)c1ccc2c(c1)NC(=O)c1ccccc1S2(=O)=O,RXRA,0.3411,活性,低毒性,,
T7391,O=c1[nH]ccc2cc(OC3CCNCC3)ccc12,RXRA,0.3411,活性,低毒性,25537;6093;9475,NP_005397;Q13464;Q9Y5S2;Q05655;Q16513;Q2M2I8;O75116;NP_004841;Q13976;Q9NSY1;P17612;Q6ZSR9;Q5VT25;Q62868;Q16512
T16734,O=c1ccc2nc3ccc(O)cc3oc-2c1,THRSP,0.3411,活性,低毒性,351,P05067
T7678,O=C1c2ccccc2C(=O)c2oc(-c3ccccc3)nc21,ACACA,0.3408,活性,毒性,7398,P0DTD1;O94966;O94782;Q8TAF3;Q8JUX6
T3352,O=c1nc([C@@H]2CCCN2)[nH]c2c1oc1ccc(Cl)cc12,AOC3,0.3408,活性,毒性,6850;1544;1460;7468;5292;43740568;8317;1489834;1457,O00311;Q9H2K8;Q8NEV1;NP_002639;AMB37292;NP_001127891;P11309;O96028;P19784;O14578;P05177;P49841;Q13627;P68400;P43405;P67870
T32368,C[C@@H]1CN(c2ccc(F)cc2C(F)(F)F)CCN1S(=O)(=O)c1ccc(C(N)=O)cc1Cl,AOC3,0.3408,活性,低毒性,3290;15483,P28845;P50172
T6853,O=C(NC[C@H](O)CN1CCc2ccccc2C1)c1ccnc(NC2CCC2)c1,NR1H3,0.3408,高活性,毒性,6850;79084;10419,O14744;Q9BQA1;NP_001034708;P43405
T7646,CC(=O)[C@H]1CC[C@H]2[C@@H]3CC[C@H]4C[C@@H](O)CC[C@]4(C)[C@H]3CC[C@]12C,NR1H3,0.3408,活性,低毒性,2539,O60218;P11413
T5643,CCN1CCN(Cc2ccc(NC(=O)c3ccc(C)c(Oc4ccnc5[nH]ccc45)c3)cc2C(F)(F)F)CC1,PPARD,0.3408,活性,毒性,6850;6714;7151;6885;7157;5871;1445;1551;2322;1565;7468;2242,P41240;ANW61984;NP_003179;NP_001119587;P00519;P29323;Q16539;P36888;P04049;NP_000756;NP_001120662;NP_005408;ABI96208;Q12851;O95819;P42684;P07332;P07948;P12931;O43318;O96028;P16591;NP_004570;P54760;Q9NYL2;P29317;P43405
T17315,O=C(CC1CC(c2ccc(F)cc2F)=NO1)N1CCOCC1,SCD,0.3408,活性,低毒性,9970;10013,ADZ17385;Q26304;Q9UBN7
T28257,CC(C)NC(=O)C[C@H]1CCCN(C(=O)c2ccc(N3CCCC3)cc2Cl)c2ccccc21,SCD,0.3408,高活性,低毒性,554;25108;552,NP_001139623;P30518;NP_000697;P37288;Q00788
T84289,CN(C)CCSc1nc2ccccc2cc1-c1ccccc1.Cl,THRB,0.3408,高活性,低毒性,29581;24473;25323;25075;60448;29595;25187,P19327;P30994;P28565;P28564;P08909;P30940;P14842
T3366,COC1=C[C@]23CCCN2CCc2cc4c(cc2[C@@H]3[C@@H]1O)OCO4,THRSP,0.3408,活性,低毒性,1432;5603;5600;6300,P53778;Q15759;O15264;Q16539
T69534,C=CC(=O)NC1CCN(c2ncc3ncnc(Nc4ccc(Oc5ccc6c(c5)ncn6C)c(C)c4)c3n2)CC1,XPR1,0.3408,活性,低毒性,2064;1956,P00533;P04626
T6924,CN1CC[C@@H](c2c(O)cc(O)c3c(=O)cc(-c4ccccc4Cl)oc23)[C@@H]1CO.Cl,ACACA,0.3406,活性,低毒性,983;1019,P11802;P50750;Q86XP3;Q05655;P08581;Q9Y243;Q9UPZ9;Q9UBE8;Q13555;P49841;Q9NYV4;P06493;Q00536;O94806;P53350;O76039
T10431,COc1nn(C)cc1Nc1nccc(-c2c[nH]c3c(NC(=O)[C@@H](C)N4CCN(C)CC4)cccc23)n1,AOC3,0.3406,活性,低毒性,7297,O60674;P23458;P52333;P29597
T17350,Cc1ncsc1-c1ccc(CNC(=O)[C@@H]2C[C@@H](O)CN2C(=O)[C@@H](NC(=O)C2(F)CC2)C(C)(C)C)c(OCCOc2ccc(CN3CCN(c4cc(-c5ccccc5O)nnc4N)CC3)cc2)c1,PPARD,0.3406,高活性,低毒性,6597;8815;55193;6595;7428,O75531;Q86U86;P51532;P51531;P40337
T72551,CCCCCN1CCN(c2ccc(S(=O)(=O)Oc3cc(OC)cc(OC)c3)cc2)C1=O,PPARG,0.3406,活性,低毒性,1543,P04798
T15633,COc1ccc(-n2c(SCc3nc(-c4ccc(C)cc4)no3)nnc2-c2ccncc2)cc1,AOC3,0.3403,活性,低毒性,8313;22416;6822;2516;1559;1576;8658;80351;1565,P08684;Q9Y2T1;P10635;Q06520;Q9H2K2;P11712;Q13285;O95271;P27467
TQ0208,Nc1ncnc2c1ncn2[C@@H]1O[C@H](CSCC[C@H](N)C(=O)O)[C@@H](O)[C@H]1O,PPARG,0.3403,高活性,低毒性,9869;3276;79084;1789;3919476;10419;4297;55170;56339;84444;2146;29443;10919;6839;79813;56950;11185;84787;10498;10196;1786;2145;5929;880357;84661;11091;77219763;9070,1JQD_A;Q9UBC3;Q9HXQ1;V5TFZ2;Q15910;Q96KQ7;Q86U44;Q9UBL3;O95050;Q96LA8;Q86X55;1QAN_A;Q15047;Q9C005;Q03164;O14744;Q92800;O43463;Q9H9B1;Q9NVM4;Q9HCE5;P0DTD1;Q86Y97;Q2FZ43;1S4D_A;Q8TEK3;Q9BQA1;P26358;O60678;1NW7_A;Q15291;Q99873;1AQI_A;P10760;Q9NRG4;P61964;2H23_A
T10084,Cc1c(CC(=O)O)c(-c2ccccc2)nn1Cc1ccccc1S(=O)(=O)N1CCOCC1,PPARG,0.3403,活性,低毒性,,Q9Y5Y4
T4353,Cc1ccc(CN(CC(O)COc2cccc3[nH]ccc23)C(C)(C)C)cc1,THRSP,0.3403,活性,低毒性,153;154,P08588;P07550;P08908
T5456,CNc1nc(-c2cc(C(=O)N3CCN(Cc4ccc(Cl)cc4)CC3)c(Cl)cn2)cs1,AOC3,0.3401,活性,低毒性,65125,Q9H4A3
T11461,CCc1nn2c(C)cc(C)nc2c1Cc1ccc(-c2nnc(C3CCNCC3)o2)cc1,AOC3,0.3401,活性,低毒性,319197;10280;27346;308408;2828;3359;4988,P46093;Q5BJF2;Q99720;P35372;P46098;Q4KLH9;Q8BUD0
T63544,Cc1c(NC(=O)c2cccn(-c3ccc(F)cc3)c2=O)ccc(Oc2ccnc(NC(=O)C3CC3)c2)c1C,FASN,0.3401,活性,低毒性,4233,P08581;Q9Y572;Q13546
TN1856,C=C(C)[C@H](CC=C(C)C)Cc1c(O)cc(O)c2c1O[C@H](c1ccc(O)cc1OC)CC2=O,PPARG,0.3401,活性,低毒性,23621,P56817
T1519,Cc1c(C(=O)NN2CCCCC2)nn(-c2ccc(Cl)cc2Cl)c1-c1ccc(Cl)cc1.Cl,PPARG,0.3401,活性,低毒性,1269;25248;1268,P21554;P20272;P34972
T15624,Nc1nc2cc(CC[C@H]3C[C@@H](n4ccc5c(N)ncnc54)[C@H](O)[C@@H]3O)ccc2cc1Br,XPR1,0.3401,活性,毒性,79084;10419,O14744;Q9BQA1
T1818,CN(C)CCCCC(=O)Nc1ccc(NC(=S)NC(=O)c2ccc(C(C)(C)C)cc2)cc1,ACACA,0.3398,活性,毒性,7468;6850;22933,O96028;Q8IXJ6;P43405
T0906,CC[C@@H](C(=O)O)C1CC[C@H](C)C([C@@H](C)[C@H](O)[C@H](C)C(=O)[C@H](CC)C2O[C@]3(C=C[C@@H](O)[C@]4(CC[C@@](C)(C5CC[C@](O)(CC)[C@H](C)O5)O4)O3)[C@H](C)C[C@@H]2C)O1,AOC3,0.3398,活性,毒性,3458,NP_000610
T7633,CSCC[C@H](NC(=O)[C@H](CC(C)C)NC(=O)CNC(=O)[C@H](Cc1ccccc1)N(C)C(=O)[C@H](Cc1ccccc1)NC(=O)[C@H](CC(=O)O)NC(=O)CCC(=O)O)C(N)=O,PPARD,0.3398,高活性,低毒性,6870;24808;100135627;21338,P29371;NP_067357;P16177;NP_001050;NP_058749;P30098
T16695,O=S(=O)(NCC1CC1)c1ccc(Nc2nccc(N3CCCc4cc(O)ccc43)n2)cc1,AOC3,0.3396,活性,毒性,6850;1559;1551;1565;7468,ANW61984;ABI96208;QLI62812;O96028;NP_000756;P43405
T68068,COc1ccc(C(C)C)cc1CN[C@H]1C2CCN(CC2)[C@H]1C(c1ccccc1)c1ccccc1,GPAM,0.3396,活性,低毒性,1565;6869,NP_056542;P10635
T4467,Cl.Cl.N[C@@H](CCNCc1ccc(Cl)cc1)C(=O)N1CCCCC1,MLXIPL,0.3396,活性,低毒性,,Q9UHL4
T63507,COCc1nn(Cc2ccc(Cn3cc(F)ccc3=O)cc2)cc1C(=O)NCc1nccc(OC)c1F,PPARG,0.3396,活性,低毒性,3818,P03952
T11028,Cc1c(C(O)c2ccccc2)c(OC(C)C)nn1-c1ncc(C2CC2)cn1,RXRA,0.3396,活性,低毒性,1723,Q02127
T62061,CCCOc1nc(OCC(C)(C)O)c(-c2ccc(S(C)(=O)=O)cc2)cc1CO,THRSP,0.3396,活性,低毒性,19225;5743,P35354;Q05769
T73464,CCS(=O)(=O)N(Cc1ncc(-c2nnc(C(F)F)o2)s1)c1cccc(Cl)c1,THRSP,0.3396,活性,低毒性,10013,Q9UBN7
T15282,CCc1cc(CC[C@]2(C3CCCC3)CC(O)=C(Cc3nc4nc(C)cc(C)n4n3)C(=O)O2)cc(CC)n1,GPAM,0.3394,活性,毒性,6850,3FRZ_A;Q8JXU8;P43405
T10547,CC(C)N(C)c1nc2cc(C(=O)O)ccc2nc1-c1ccc(F)cc1,PPARG,0.3394,活性,低毒性,23178,Q96RG2
T38562,Nc1ncc(-c2ccncc2)nc1Nc1ccc2[nH]ccc2c1,PPARG,0.3394,高活性,低毒性,2322;3815,NP_004110;NP_001087241;P36888;P21802
T11254,COc1nc(N2CCN(C)CC2)ccc1Nc1ncc(Cl)c(Nc2ccccc2NS(C)(=O)=O)n1,RXRB,0.3394,高活性,低毒性,6098;238,Q9UM73;P08922
T2056,NCCCNc1ccc(Nc2nccc(Nc3cc(C4CC4)[nH]n3)n2)cc1,THRSP,0.3394,高活性,毒性,4837;2593;27232;6850;5409;7157;7151;7468;3176,P43405;NP_001119587;O75909;O96028;Q14749;Q9NYV4;P40261;Q14004;P21964;P11086;Q14353;P50135
T77635,Cc1ccc2nc3c(C)c(C)ccc3c(Nc3ccc(N(C)C)cc3)c2c1,AOC3,0.3391,活性,低毒性,,O60341
TQ0282,COc1ccccc1Oc1c(NS(=O)(=O)c2ccc(C)cn2)nc(-c2ccncc2)nc1OC,AOC3,0.3391,活性,低毒性,1551;1559;1909;1910,NP_001243212;ABI96208;P25101;QLI62812;P24530;NP_000756
T69730,O=C(Nc1ccc(N2CCCC2=O)cc1)c1cnc(-c2ccccn2)nc1,PPARG,0.3391,活性,低毒性,27306,O60760
T8716,C[C@@]12C[C@H]3OC(=O)[C@@H]1CO[C@]14O[C@@]5([C@H]2C1=O)[C@@]3(C)OC(=O)[C@@]5(O)CC[C@H]1[C@H]4C[C@H]2O[C@]23CC=CC(=O)[C@]13C,NR1H3,0.3389,高活性,毒性,2735;3417,O75874;P08151
T67775,O=C(Nc1ccc(OS(=O)(=O)c2ccccc2)cc1)C12CC3CC(CC(C3)C1)C2,PPARG,0.3389,活性,毒性,5168;768;760;5169;5167,P00918;Q13822;P22413;O14638;Q16790
T85333,COc1ccc2c(c1)nc(NCCCCNC(=O)CC(C)C)c1nnc(C)n12,PPARG,0.3389,活性,毒性,,Q15059;O60885;P25440;Q58F21
T2028,CC(C)n1cnc2c(Nc3cccc(Cl)c3)nc(NCCO)nc21,ACACA,0.3386,活性,毒性,6850;1559;2932;65975;852457;1565;856076;1198;10298;1456;6714;1195;9212;891;2669;1551;53944;7468;983;56924,ANW61984;NP_071331;NP_005252;QLI62812;NP_003983;NP_000756;Q9Y6M4;ABI96208;NP_064553;P49759;NP_005875;NP_004208;P12931;O96028;P00546;P06493;P17157;NP_001310;P14635;3BPR_A;NP_112168;P49841;NP_001139628;P43405
T16530,Cc1nc2c(NCc3cccc(S(C)(=O)=O)c3)nccn2c1-c1ccc(O)c(F)c1,AOC3,0.3386,活性,低毒性,5298,Q9UBF8
T117521,O=c1cc(C(F)(F)F)c2ccc(OCc3ccccc3)cc2o1,RXRB,0.3386,高活性,低毒性,367;25750,P19643;P10275
TQ0002,O=C(O)c1cc(C(=O)O)c(C(=O)N(Cc2cccc(Oc3ccccc3)c2)[C@H]2CCCc3ccccc32)cc1C(=O)O,XPR1,0.3386,活性,低毒性,5024;22953,Q9UBL9;NP_002550;P56373
T28171,C=CCN(C(=O)OCc1ccc([N+](=O)[O-])cc1)C1CCN(C[C@H]2CN(C(=O)C3CCCC3)C[C@]2(O)c2ccccc2)CC1,GPAM,0.3384,高活性,低毒性,1234;12774,P51681;P51682
T8260,O=c1cc(-c2ccc(O)cc2)oc2cccc(O)c12,PPARG,0.3384,活性,低毒性,547923;1576;5594;367;5999,ABC94591;P08170;NP_059488;NP_002736;AAI07878;P10275
T15010,c1ccc(-c2ncc3cc(-n4ccnc4)ccc3n2)cc1,PPARG,0.3384,活性,低毒性,4128,P21397
T1999,Cc1nc(-c2cn3c(n2)-c2ccc(-c4cnn(C(C)(C)C(N)=O)c4)cc2OCC3)n(C(C)C)n1,RXRB,0.3384,高活性,毒性,6850;5294;5289;5287;5293;5291;5296;2475;5290;5295;2879;7468,P36969;P42338;P42336;O00329;NP_006210;P42345;Q8NEB9;NP_002640;NP_005017;ABI96208;O96028;O00459;P27986;P48736;NP_006209;O00750;P43405
T16569,OC(CNc1nc(-c2cc(-c3ccon3)n(Cc3ccccc3F)n2)ncc1F)(C(F)(F)F)C(F)(F)F,XPR1,0.3384,活性,低毒性,2982,Q02108
T6462,c1ccc(Cn2c(-c3ccc(OC[C@H](C4CCNCC4)n4c(-c5ccccc5)nc5ccccc54)cc3)nc3ccccc32)cc1,RXRB,0.3381,活性,毒性,1551;5147;1565,O43924;ANW61984;NP_000756;ABI96208
T6759,NCCOCCOCCNC(=O)Cc1ccc(Nc2nc(NCc3ccc(F)cc3)nc(NCC3CCCCC3)n2)cc1,THRSP,0.3381,活性,毒性,2023;7468;6850,O96028;P43405;P06733
T8850,COc1ccc(Nc2ncc(C(F)(F)F)c(NC3CC3)n2)cc1OC,PPARA,0.3379,活性,毒性,9706;8408,O75385;Q8IYT8
T7884,O=C(Nc1cc(Cl)ccc1O)Nc1cc(C(F)(F)F)ccc1Cl,PPARG,0.3379,高活性,低毒性,1136;1137;1139,P36544;NP_001243502;NP_001177384;NP_001160166
T61183,O=C(O)c1cccc(COc2ccc(C(F)(F)F)cc2Cl)c1F,RXRB,0.3379,活性,低毒性,117196,Q96LA9
T17255,COc1ccccc1N1C(=O)CSC1c1cccc(C(=O)NCCCCc2ccccc2)c1,PPARA,0.3376,活性,低毒性,26509,Q9NZM1
T61270,CCCCCc1ccc(OCC(=O)Nc2cccc(C(=O)OC)c2)cc1,PPARG,0.3376,活性,低毒性,4190,P40925
T14570,CCC(=O)N[C@H]1CC[C@@H](C(=O)N(C)c2ccc(-c3nc4ccccc4o3)cc2)C1,PPARG,0.3376,活性,低毒性,2194;14104,P49327;Q13163;P19096
T15628,COCCCN(C(=O)CCl)c1nc(-c2ccc(OC)cc2)cs1,PPARG,0.3376,活性,毒性,,O75762;Q8BLA8
T3593,COc1cc2ncnc(Nc3ccc(Oc4ccccc4)cc3)c2cc1OC,RXRB,0.3376,活性,毒性,6850;9212;283455;5604;1559;8767;11200;1445;396442;16818;1565;7468,P41240;P06240;ANW61984;Q02750;P00533;O96017;ABI96208;P00523;QLI62812;O96028;Q6VAB6;NP_003812;Q96GD4;O43353;P43405
T14905,Cc1ccc(NC(=O)c2ccc3c(c2)OCCO3)cc1NC(=O)c1ccc2nc(OCCN3CCCC3)ccc2c1,THRSP,0.3376,高活性,毒性,6850;8544;3297;673;2932;3106;3456;7468,P01574;P15056;Q00613;O96028;P49841;O00625;P43405
T8989,CN(C(=O)CNC(=O)c1ccccc1OCC(=O)Nc1ccc(I)cc1)c1ccccc1,AOC3,0.3374,活性,低毒性,3276,AAH19268
T32873,CCCCC1(CCCC)CS(=O)(=O)c2ccc(N(C)C)cc2[C@@H](c2ccc(OCc3ccc(C[N+]45CCN(CC4)CC5)cc3)cc2)[C@H]1O.[Cl-],GPAM,0.3374,活性,低毒性,6555,Q12908
T27583,O=C(O)COc1cc(Cl)ccc1C(=O)NCc1ccc(Br)cc1F,PPARG,0.3374,高活性,低毒性,57016;231,O60218;P15121
T73446,CCn1c(=O)c(C)cn(Cc2nnc(-c3ccc(F)c(O)c3F)s2)c1=O,PPARG,0.3374,活性,低毒性,345275;243168,Q7Z5P4;Q8VCR2
T5642,C[C@@H]1C[C@H](C)CN(S(=O)(=O)c2ccc3c(c2)C(=NO)c2cc(S(=O)(=O)N4C[C@H](C)C[C@H](C)C4)ccc2C3=NO)C1,THRSP,0.3374,活性,毒性,1559,P11712
T4287,CC(C)(Sc1cc(C(C)(C)C)c(O)c(C(C)(C)C)c1)Sc1cc(C(C)(C)C)c(OC(=O)CCC(=O)O)c(C(C)(C)C)c1,PPARD,0.3372,活性,低毒性,7412,P19320
T2S2215,COc1ccc2c(c1OC)C[C@@H]1c3c(cc4c(c3-2)OCO4)CCN1C,THRSP,0.3372,活性,低毒性,3358;3357,P41595;P28335;P28223
T3384,COc1cc(O)c2c(c1)oc(=O)c1c3cc(O)c(O)cc3oc21,PPARG,0.3369,活性,毒性,289606;79211;873;839;29705;29709;25451;29707;140674;23408;24947;1195;24922;7068;641;5893;2539;29708;65191;2669;5292;240;140675;8726;25450;861;51426;19885;81658;29689;865,P28473;P15431;NP_001001890;NP_057302;P09917;O75530;P63079;P11413;BAC78637;NP_005252;P16152;NP_001748;Q91ZM7;P19969;B45705;1DE9_A;O09028;P30191;AAG24257;P18508;NP_000048;P28471;P23576;2WWY_A;P49759;P18506;BAC78638;Q9NXA8;NP_001121649;O50979;NP_035411;P23574;P62813;P63138;NP_002639;NP_001310;Q9ES14;AAH04460;NP_602296;P20236;NP_001746
T61496,CC(=O)Nc1ccc(Nc2ncnc(NCCC(=O)OC(C)(C)C)n2)cc1,PPARG,0.3369,活性,低毒性,25339;18162,P70180;P41740
TQ0292,CCc1nc2c(C)nc(C)cc2n1-c1ccc(CCNC(=O)NS(=O)(=O)c2ccc(C)cc2)cc1,SCD,0.3369,高活性,低毒性,84023;19219;5734,P32240;Q9TU16;NP_000949;P35408;P43114
TP1915,CSCC[C@H](NC(=O)OC(C)(C)C)C(=O)N[C@@H](CC(C)C)C(=O)N[C@@H](Cc1ccccc1)C(=O)O,THRSP,0.3369,活性,低毒性,2357,P21462
T23074,COC(=O)CN1CN(c2ccccc2)C2(CCN(Cc3cccc4ccccc34)CC2)C1=O,THRSP,0.3369,活性,低毒性,4987,P41146
T1859,COc1ccc(-c2ccc3c(N4CCOC[C@@H]4C)nc(N4CCOC[C@@H]4C)nc3n2)cc1CO,ACACA,0.3367,高活性,毒性,64223;6850;7468;79109;2475;2876;5295;253260;57521;2879;43740568;2235;1489834,P36969;P42336;NP_004949;AMB37292;P42345;P27986;O96028;Q8N122;Q9BVC4;P07203;P43405;Q9BPZ7;P22830;Q6R327
TQ0235,CCN1C(C)(C)CC(Oc2ccc(C(=O)Nc3ccc(NC(=O)Nc4cc(C(C)(C)C)on4)cc3)nc2)CC1(C)C,AOC3,0.3367,活性,低毒性,1436;3815;5159;7151;1565;5156;7157;2322;12978;7468,P09581;P07333;NP_005202;NP_001087241;NP_006197;ANW61984;NP_004110;P10721;NP_001119587;P09619;O96028;P36888;NP_002600;P16234
T3072,O=C(Nc1ccc(-c2ccnc(Nc3ccc(N4CCOCC4)cc3)n2)cc1)[C@@H]1CCCN1,FASN,0.3367,活性,低毒性,3718;3717;3716,O60674;NP_000206;NP_004963;NP_002218
T39635,O=C(c1cnn[nH]1)N1CC2CCC(C1)N2S(=O)(=O)c1cccc(F)c1,PPARD,0.3367,活性,低毒性,8644,P42330
T19160,C[C@H](O)[C@H](O)C1=Nc2c(nc(N)[nH]c2=O)NC1,PPARG,0.3367,活性,低毒性,,2TOH_A
T9788,COc1cccc2c1nc(C(F)F)n2-c1nc(N2CCOCC2)nc(N2CCN(S(=O)(=O)CCN(C)C)CC2)n1,THRSP,0.3367,高活性,毒性,5293;5291;5295,P27986;O00329;P42338;P42336
T34256,C[C@H](Cc1c[nH]c2c(OCC(=O)O)cccc12)NC[C@H](O)c1cccc(Cl)c1,AOC3,0.3364,高活性,低毒性,155;153;154,P08588;P13945;P07550
T77334,COc1ccc(-c2cc(C(=O)NCc3ccc(C(=O)NO)cc3)ccn2)cc1,AOC3,0.3364,活性,毒性,10014;10013;3065;23028;3066;55869,Q9UQL6;Q9BY41;Q13547;Q92769;O60341;Q9UBN7
T4500,Cc1ccnc(Nc2nc(-c3cn[nH]c3)c(C)s2)n1,AOC3,0.3364,高活性,低毒性,24417;60590;2914;2918,P31423;NP_073157;P70579;Q14833;O00222;NP_001243743
T8514,Cn1nc(N2CCC(OC(=O)N3CCN(C4CCC4)CC3)CC2)ccc1=O,PPARG,0.3364,高活性,低毒性,11255;100135541,Q9Y5N1;Q9JI35
T12931,O=C(NCc1ccc(Cl)cc1)C1CCN(S(=O)(=O)c2cc(Cl)cc(Cl)c2)CC1,GPAM,0.3362,活性,低毒性,,Q86YT5
T12225L,CC(C)c1cccc(C(C)C)c1NC(=O)NCC1(c2ccc(N(C)C)cc2)CCCC1.Cl,NR1H3,0.3362,活性,低毒性,,Q95214
T68116L,COc1cc(N)c(Cl)cc1C(=O)NC1CCNCC1OC,NR1H3,0.3362,高活性,低毒性,3359;3360,P46098;Q13639
T8973,Oc1ccc(-c2ccc3cc(O)ccc3c2)c(O)c1,PPARD,0.3362,活性,低毒性,,O42713
T63536,O=C(Nc1ccc(-c2nc3ccccc3s2)cc1)C1CCN(S(=O)(=O)c2ccccc2Cl)CC1,THRSP,0.3362,活性,低毒性,2053,O00519;P34913
T5168,O=C(Nc1cccc(Nc2cc(Nc3cccc(C(F)(F)F)c3)ncn2)c1)C1CC1,AOC3,0.3359,活性,毒性,4837;2593;28989;27232;6850;1956;64407;9748;5409;2066;7468;3176,NP_958441;NP_570138;Q9BV86;P43405;P00533;O96028;NP_055535;Q14749;P40261;P21964;P11086;Q15303;Q14353;P50135
T34602,CS(=O)CCNCc1ccc(-c2ccc3ncnc(Nc4ccc(OCc5cccc(F)c5)c(Cl)c4)c3c2)o1,AOC3,0.3359,高活性,低毒性,2064;1956,NP_001005862;P00533;NP_958441
T9659,Oc1cccc(Nc2ccnc3cc(-c4cccc(CN5CCOCC5)c4)sc23)c1,NR1H3,0.3359,高活性,毒性,780;6850;3932;695;4067;3055;6714;7525;3791;2322;2268;7468;2042;4921,P07947;P35968;Q06187;P29320;P07948;P12931;O96028;P08631;Q08345;P36888;P43405;Q16832;P06239;P09769
T13314,CC(C)[C@@](C)(O)[C@@H]1CN(c2nc(-c3n[nH]c4ncccc34)c(F)cc2Cl)CCN1,PPARD,0.3359,高活性,毒性,4837;5588;5582;5583;2593;27232;6850;7468;5580;1559;5581;5409;1565;5578;1551;5587;5579;3176,P05129;ANW61984;Q15139;QLI62812;NP_000756;P05771;P21964;P24723;ABI96208;Q14749;Q02156;Q14353;P17252;Q05655;O96028;P11086;P50135;Q04759;P40261;P43405
T25651,CCCCCCCN(CCCCCSc1nc(-c2ccccc2)c(-c2ccccc2)[nH]1)C(=O)Nc1ccc(F)cc1F,PPARG,0.3359,高活性,低毒性,81782;266770;20652,Q7TQM4;Q61263;P24752;O70536
T72054,Cc1ccccc1COc1ccc2oc(-c3ccccc3)c(C(=O)O)c2c1,PPARG,0.3357,活性,低毒性,13487,Q9WVC8;AAB59829
T77657,CS(=O)(=O)c1ccc(Nc2ccc3c(c2)OCO3)c([N+](=O)[O-])c1,PPARG,0.3354,活性,低毒性,,
T77638,Cc1ccc2oc(N[C@H](CC3CCCCC3)c3ccccn3)nc2c1,PPARG,0.3354,活性,低毒性,,
T69915,Cc1nn([C@@H]2CCN([C@H](C)c3cc(Cl)cc(Cl)c3)C2)c2cc(F)c(C(=O)NS(=O)(=O)C3CC3)cc12,THRSP,0.3354,高活性,低毒性,6329;6323;6331;6326;6334;20274;6328;6332,P35498;Q99250;Q15858;Q9UQD0;Q62205;Q14524;Q9NY46;P35499;Q01118
T61564,CN1C[C@@H]2[C@H](C1)[C@H]2CN(Cc1ccc(F)c(Cl)c1)C(=O)c1cn(C)cn1,XPR1,0.3354,活性,低毒性,3757;6536,Q12809;NP_001248309;P48067
T69644,NC(=O)c1ccc(-c2cnn3ccc(NCc4ccncc4)nc23)cc1,AOC3,0.3352,活性,毒性,5979,P07949
T16347,O=C(Nc1cccc(C(F)(F)F)c1)Nc1ccc(Br)cc1-c1nn[nH]n1,PPARG,0.3352,活性,低毒性,3757,ABI96208;NP_001191727
T5479,O=C(O)c1ccc(C(=O)N[C@@H](c2ccc(OC(F)(F)F)c(F)c2)c2ncccc2F)nc1,PPARG,0.3352,活性,低毒性,171384;79054,Q7Z2W7;Q8R455
T13665,Cc1ncsc1-c1ccc([C@H](C)NC(=O)[C@@H]2C[C@@H](O)CN2C(=O)[C@@H](NC(=O)CCCCCC(=O)N2CCN(CC[C@H](CSc3ccccc3)Nc3ccc(S(=O)(=O)NC(=O)c4ccc(N5CCN(CC6=C(c7ccc(Cl)cc7)CCC(C)(C)C6)CC5)cc4)cc3S(=O)(=O)C(F)(F)F)CC2)C(C)(C)C)cc1,RXRG,0.3352,活性,毒性,7428,P40337;Q07817
T2527,CC(=O)O[C@]1(C(C)=O)CC[C@H]2[C@@H]3CCC4=CC(=O)CCC4=C3[C@@H](c3ccc(N(C)C)cc3)C[C@@]21C,SCD,0.3352,活性,毒性,6850;2099;5241;367;7468,P06401;NP_001189403;P03372;O96028;P10275;P43405
T38332,CC(=O)c1nn(CC(=O)N2[C@@H]3C[C@@H]3C[C@H]2C(=O)Nc2cccc(Br)n2)c2ccc(-c3cnc(C)nc3)cc12,AOC3,0.335,活性,低毒性,1675,P00746
T60098,Cc1ccc2c(=O)[nH]c(-c3ccc(C(C)(C)O)cc3)cn12,AOC3,0.335,活性,低毒性,57097;10038;142;64761;79668;10039;8658;56965;84875;80351;25976,Q8N3A8;Q2NL67;P0DMS8;Q9H2K2;Q9Y6F1;Q53GL7;Q9UGN5;P09874;Q9NR21;Q9H0J9;Q7Z3E1;O95271
T21965,Clc1ccc2ncnc(NCc3ccc4c(c3)OCO4)c2c1,NR1H3,0.335,活性,低毒性,19885;65975;8654,CAC29064;NP_035411;O76074;AAI07878
T2262,O=C(O)C1(c2ccc(-c3ccc(Cl)c(Cl)c3)c(F)c2)CC1,PPARA,0.335,活性,低毒性,1551;1646;8644;115,P42330;O60503;NP_000756;P52895
TQ0317,COc1cc2c(cc1F)C(c1ccccc1Cl)=NC1=C(C)NNC1=N2,PPARD,0.335,高活性,毒性,3932;84446;9833;2260;5170;51135;3717;3643;9149;4067;6197;1022;2321;5586;2322;7468;2872;5747;1017;3815;5604;5580;5058;1457;6850;1111;1432;3718;1956;4486;5562;57551;4058;3654;6732;5159;7297;120892;5594;9263;1436;10188;3984;1196;5582;2444;2241;5156;4916;640;11200;57396;5261;10110;10298;4915;5347;6790;5605;10733;5979;57118;2066;2869;2932;3791;1263;238;5601;4914;6098;6714;2931;3702;1020;695;2534;5871;9748;983;6788;1969;2261;23617,P35968;O00444;P24941;O96017;O14965;O96028;P11362;P43405
TQ0188,O=C(O)[C@H]1O[C@@H](Oc2c(-c3ccc(O)c(O)c3)oc3cc(O)cc(O)c3c2=O)[C@H](O)[C@@H](O)[C@@H]1O,PPARG,0.335,活性,低毒性,1557;1559,P11712;P33261
T79673,CC[C@H](C)[C@@H]1NC(=O)[C@H](CC(C)C)N(C)C(=O)C[C@@H](C(=O)N(C)C)N(C)C(=O)[C@H](C2CCCC2)N(C)C(=O)C2(CCCC2)NC(=O)[C@@H]2CCCN2C(=O)[C@H](CCc2cc(F)c(C(F)(F)F)c(F)c2)NC(=O)CN(C)C(=O)[C@H](Cc2ccc(C)cc2)N(CC)C(=O)[C@@H]2CCN2C(=O)[C@H](C)N(C)C1=O,PPARG,0.335,活性,低毒性,,P01116;P29323;Q07889
T10765,O=C1CCC(N2Cc3cc(CNC(=O)C(F)(F)c4ccc(Cl)cc4)ccc3C2=O)C(=O)N1,AOC3,0.3347,活性,毒性,3757;1557;2935,Q96SW2;Q16531;Q12809;P33261;P15170
T11025,CCOc1nn(-c2ncc(CC)cn2)c(C)c1Oc1ccccc1Br,AOC3,0.3347,活性,低毒性,1723,Q02127
T2277,Cc1c(F)cc(C(=O)NC2CC2)cc1-c1ccc(C(=O)NCC(C)(C)C)cn1,MLXIPL,0.3345,活性,毒性,6850;1432;1559;5600;7468,P22612;Q15759;Q9Y6E0;QLI62812;O96028;Q16539;NP_620583;Q9ULC5;O43683;P49137;P43405
T9762,COc1ccccc1N1CCN(CCCNC(=O)c2cccc3c(=O)c(C)c(-c4ccccc4)oc23)CC1,PPARD,0.3345,高活性,低毒性,29412;24173;25083;147;148;24174;24175;146,P43140;P25100;P15823;P08908;P35368;P22909;NP_000669;NP_000671;P22086;P35348;P19328;NP_000670
TN6508,COc1cc(C[C@@]2(O)C(=O)OC[C@@H]2Cc2ccc(OC)c(OC)c2)ccc1O,PPARG,0.3345,活性,低毒性,,
T4043,Cn1c(=O)c2c(ncn2CC(=O)Nc2ccc(-c3ccccc3)nn2)n(C)c1=O,PPARG,0.3345,活性,低毒性,53627;64840,Q9JJJ7;Q9H237
T28367,COc1ccc2c([C@H]3CCc4ccc(Cl)cc43)ncnc2c1OC,SCD,0.3345,活性,低毒性,5153,Q01064
T21868,Cc1ccccc1NC(=O)Nc1ccc(CC(=O)N[C@@H](CC(C)C)C(=O)N[C@@H](CC(=O)O)C(=O)N[C@H](C(=O)N2CCC[C@H]2C(=O)O)C(C)C)cc1,THRSP,0.3345,高活性,低毒性,3672;3689;3695;3676;3683;3688,P56199;P26010;P20701;P05556;P05107;P13612
TMS1743,COc1ccc(-c2cc(=O)c3c(O)c(OC)c(OC)cc3o2)cc1,PPARG,0.3342,活性,毒性,2322,P36888
T39208,C[C@@H](c1cc(Cl)cc(Cl)c1)N1CCC(COc2cc(F)c(C(=O)NS(C)(=O)=O)cc2C2CC2)CC1,PPARG,0.3342,高活性,低毒性,6329;6323;11280;6331;6326;6324;6327;6334;6328;6332;6336,P35498;Q07699;Q15858;Q9UI33;Q9Y5Y9;Q9UQD0;O60939;Q14524;Q9NY46;P35499;Q01118;Q99250
T23358,N[C@@H](CC(=O)N1CCn2c(nnc2C(F)(F)F)C1)Cc1cc(F)c(F)cc1F.O=P(O)(O)O,RXRA,0.3342,活性,低毒性,1803,P27487
T30855,COc1cccc(-c2cn(-c3ccc(CCN4CCC(O)CC4)cc3)c3ncnc(N)c23)c1,THRSP,0.3342,高活性,毒性,4837;2593;28989;27232;6850;4067;6714;7157;5409;1551;7151;7468;3176,P43405;Q9BV86;P00533;P07948;NP_001119587;P12931;O96028;Q14749;NP_000756;P40261;P21964;P11086;Q14353;P50135
T5319,Cc1cc(S(C)(=O)=O)c(S(C)(=O)=O)cc1C(=O)NC(=N)N,THRSP,0.3342,活性,低毒性,,P19634
T8710,COC(=O)c1cccc(NS(=O)(=O)c2ccc(C)cc2)c1,ACACA,0.334,活性,毒性,10413,P35222;P15884;NP_001123617
T14918,N[C@H]1CC[C@H](Nc2cc(-c3cccc(NCc4cccc(F)c4)n3)c(Cl)cn2)CC1,AOC3,0.334,高活性,毒性,6850;1559;7157;1551;7151;1565;7468,P50750;O60563;ANW61984;NP_001119587;ABI96208;QLI62812;O96028;NP_000756;P43405
T37994,O=C(O)CCCCCCCCCCCCCCCO,THRSP,0.334,活性,低毒性,338557,Q5NUL3
T15811,CN1CCN(C(=O)c2ccc(-n3nc(-c4ccc(C(=O)O)cc4)cc3-c3cc(C(C)(C)C)cc(C(C)(C)C)c3)cc2)CC1,THRSP,0.334,活性,低毒性,6256;5915;5916,P10826;P13631;P19793
T0097,O=C(NCCCNc1nc(Nc2cccc(CN3CCOCC3)c2)ncc1C1CC1)C1CCC1,ACACA,0.3337,高活性,毒性,4837;6850;1559;8408;81788;5562;9833;5409;4140;9891;1565;3176;27232;57787;4139;9263;5563;2593;2011;1551;5163;7468;29110;9706;9641,NP_037386;ANW61984;QLI62812;Q13131;NP_000756;P21964;Q14164;Q8IYT8;Q9P0L2;P54646;Q9H093;ABI96208;P57059;Q14749;Q9UEE5;Q14353;NP_054721;O60285;O75385;Q15118;O96028;Q14680;Q9Y2K2;Q7KZI7;P11086;Q9UHD2;Q9H0K1;P50135;P27448;Q96L34;P40261;P43405
T8651,C[C@H](Nc1ncnc2nc[nH]c12)c1nc2cccc(F)c2c(=O)n1-c1ccccc1,AOC3,0.3337,高活性,低毒性,5293;5291;5295;5294,P42338;P42336;O00329;P27986;P48736
T61362,CN1CCC([C@@](C)(O)c2ccc3cnc(Nc4ccccc4)cc3n2)CC1,PPARA,0.3337,高活性,低毒性,8851;1020,Q15078;P24941;Q00535;P20248
T13345,O=C(CCC(=O)c1ccccn1)c1ccc2c(c1)OCCO2,PPARG,0.3337,活性,低毒性,,P35222
TQ0229,CS(=O)(=O)N1CCN(Cc2cn3cc(-c4cnc(N)nc4)nc(N4CCOCC4)c3n2)CC1,RXRG,0.3337,活性,低毒性,5294;5293;5291;2475;5295,P42338;P42336;O00329;P42345;P27986;P48736
TQ0052,CN(CC(=O)N(Cc1ccc(C2CCCCC2)cc1)c1ccc(C(=O)NO)cc1)S(=O)(=O)c1c(F)c(F)c(F)c(F)c1F,AOC3,0.3335,活性,毒性,6774,P42227;P40763
T14997,COc1cc(N2CCC(N3CCN(C)CC3)CC2)ccc1Nc1nc2c(c(Nc3ccccc3S(=O)(=O)NC(C)C)n1)CCN2,AOC3,0.3335,高活性,低毒性,2185;5747,Q05397;P08069;Q14289;NP_004094;NP_005598;Q9UM73
T10058,CCCn1c(=O)c2[nH]c(-c3cnn(Cc4ccccc4)c3)nc2n(CCC)c1=O,PPARG,0.3335,高活性,低毒性,135;140;136;134,P29274;P29275;P0DMS8;P30542
T3988,CCCCCCCCCCCCCCOc1ccc(C(=O)O)o1,PPARG,0.3335,活性,毒性,31;2648;51426;32;7421,NP_057302;NP_001084;1DE9_A;NP_001017535;NP_942136;1JY1_A;NP_066564
T77701,CC[C@@]1(O)C(=O)OCc2c1cc1n(c2=O)Cc2cc3cc4c(cc3nc2-1)OCO4,PPARG,0.3335,高活性,毒性,7150;1655,P17844;P11387
T2345,COc1cc(Br)c(Nc2nc(-c3c(C)nc4ncccn34)cs2)c(Br)c1,PPARG,0.3335,活性,毒性,1551;7468;1559;6850,ABI96208;QLI62812;O96028;NP_000756;P43405
T16922,Cc1cccn2c(=O)c3cc(C(=O)NCCCN4CCOCC4)c(=N)n(CCc4ccccc4)c3nc12,SCD,0.3335,活性,毒性,,
T61989,O=C(C1CCCCC1)N1CCN(S(=O)(=O)c2cccc(C(F)(F)F)c2)CC1,AOC3,0.3333,活性,低毒性,1268,P21554
TQ0289,CC(C)S(=O)(=O)NC[C@H](C)c1ccc(NC(=O)c2cc(F)cc(F)c2)cc1,AOC3,0.3333,活性,毒性,1551;6850;1559;2891,P42262;ABI96208;QLI62812;NP_000756;P43405
TQ0167,CC[C@@H]1[C@H](F)C(=O)N[C@@H]1COc1nccc2cc(C(N)=O)c(OC)cc12,NR1H3,0.3333,活性,毒性,51135;6850;3791;2879;7468;7428,P35968;P36969;O96028;Q9NWZ3;P40337;P43405;NP_001107654
T5S1952,CC[C@@]1(O)C(=O)OCc2c1cc1n(c2=O)Cc2cc3c(OC)cccc3nc2-1,PPARG,0.3333,高活性,毒性,7157;7151;7468;6850,O96028;NP_001119587;P43405
T10923,Cc1ccncc1CN1CCc2c(sc3ccc(F)cc23)C1,RXRB,0.3333,活性,低毒性,1576;1586;25146,P11715;P08684;P05093
T3024,C=CC(=O)Nc1cccc(Oc2nc(Nc3ccc(N4CCN(C)CC4)c(F)c3)nc3[nH]ccc23)c1,THRB,0.3333,高活性,毒性,6850;3718;695;3456;120892;7468,P01574;Q5S007;Q06187;P00533;O60674;O96028;P23458;P52333;P43405
T21767,COc1cccc(C(=O)N2CCN(C(=O)COc3cccc(C)c3)CC2)c1OC,THRSP,0.3333,活性,低毒性,1551;1559,QLI62812;NP_000756;ABI96208
T4208,CCN(CC)c1nc2c(S(=O)(=O)c3ccc(Cl)cc3)nnn2c2cc(OC)c(OC)cc12,THRSP,0.3333,活性,低毒性,,
T9458,COc1cccc2[nH]c(C(=O)N[C@@H](CC(C)C)C(=O)N[C@@H](C[C@@H]3CCNC3=O)C(=O)CO)cc12,AOC3,0.333,高活性,低毒性,4835998;1489749;4836014;918764;935181;43740578;4836003,P0DTD1;P0C6W5;P0C6X1;Q9BYF1;P0C6W3;P0C6X5;P0C6X7;P0DTC1;P0C6X4;P0C6X6;P07858;Q98VG9;P0C6X9;P0C6W4;P0C6Y4;P0C6U8;P0C6Y2;P07711
T68142,COC(=O)c1c2n(c3ccccc13)Cc1ccccc1N1CCN(C)CC21,GPAM,0.333,活性,低毒性,,
T3362,COc1ccc(-c2cc(=O)c3c(O)c(OC)c(O)cc3o2)cc1OC,PPARG,0.333,活性,低毒性,10013,Q9UBN7
T205964,COc1ccc(-c2cnc3c(-c4ccnc5ccccc45)cnn3c2)cc1,PPARG,0.333,高活性,低毒性,652;94;658;90;657,P37023;Q9Y478;P35968;P37173;P21275;P36896;P36894;P12644;O00238;Q04771
T73560,CC(C)c1ccccc1-c1ncc2[nH]c(=O)n(Cc3ccc(-c4nc(C(F)(F)F)cn4C)cc3)c2n1,RXRA,0.333,活性,低毒性,7398,O94782
T27214,Cc1cc(Nc2ccc(C(F)(F)F)nc2)n2nc(C(C)(F)F)nc2n1,SCD,0.333,活性,低毒性,,
T8727,c1ccc(Cn2c(Sc3ncnc4c3sc3ncccc34)nnc2-c2ccncc2)cc1,AOC3,0.3328,活性,低毒性,7100,O60602
T8513,CC(C)[C@@H]1CN(c2nc(Nc3cc(C(C)(C)C)[nH]n3)c3cc[nH]c3n2)CCN1,PPARA,0.3328,活性,低毒性,6683,Q9UBP0
T9452,O=C(NCCO)c1cccc2c1CCN2c1cc(Cc2cc(F)cc(C(F)(F)F)c2)ncn1,PPARG,0.3328,活性,低毒性,620246;9293,Q9Y2T5;P0C5J4
T60197,CCCCNc1ncc2c(-c3ccc(S(=O)(=O)N4CCOCC4)cc3)nn([C@H]3CC[C@H](O)CC3)c2n1,THRSP,0.3328,高活性,毒性,6850;7468;1559;10461;25;7301;1551;2322;558,ABI96208;QLI62812;O96028;P00519;P30530;Q06418;P36888;NP_000756;Q12866;P43405
T32108,CC(C)n1nc(C(O)c2cccc(Cl)c2Cl)c2c(N)ncnc21,THRSP,0.3328,活性,毒性,,
T6199,CN(C)C(=O)c1cc2cnc(Nc3ccc(N4CCNCC4)cn3)nc2n1C1CCCC1,THRSP,0.3328,活性,毒性,595;6850;1019;1021;7468;896,P11802;P50750;O60563;O14976;P30281;Q13233;NP_000066;Q9H0K1;O96028;Q00534;Q13555;Q13557;Q6ZSR9;Q00536;P24385;Q9BZL6;P43405
T64340,COc1ccnc(NC(=S)N2CCN(c3ncc(C(F)(F)F)cc3Cl)CC2)c1.O=C(O)C(F)(F)F,AOC3,0.3325,活性,低毒性,50487;3276,EAW59941;AAH19268
T67837,COc1ncc(-c2ccc3nc(N)n(-c4ccccc4C(F)(F)F)c(=O)c3c2)cc1S(=O)(=O)Nc1ccc(F)cc1F,AOC3,0.3325,活性,低毒性,5294,P42356;P48736
T26168,O=C1c2cc(O)c(O)c(O)c2C(=O)c2cc(O)c(O)c(O)c21,PPARA,0.3325,活性,低毒性,,
T2011,COc1cccc(CNC(=O)Nc2nc(-c3ccncc3)cs2)c1,PPARG,0.3325,活性,毒性,6093;6850;115;1559;9475;1551;1565;7468,O60503;ANW61984;Q13464;ABI96208;O75116;QLI62812;O96028;NP_000756;P43405
T204059,c1ccc(-c2cnc3c(-c4ccnc5ccccc45)cnn3c2)cc1,PPARG,0.3325,活性,低毒性,652,P12644
T8948,C=CC1=C(C)c2cc3[n-]c(cc4[n-]c(cc5nc(cc1n2)C(C)=C5C=C)c(C)c4CCC(=O)O)c(CCC(=O)O)c3C.[Fe+2],THRSP,0.3325,高活性,低毒性,9572;9975,NP_001138897;NP_068370
T8216,COCCOc1cnc(Sc2cc(C)c(-c3csc(NC(=O)c4ccncc4)n3)c(C)c2)cn1.Cc1ccc(S(=O)(=O)O)cc1,THRSP,0.3325,活性,低毒性,,
T16116,CC(C)C[C@H](N[C@@H](Cc1cncn1Cc1cc(Cl)cc(Cl)c1)C(=O)O)C(=O)O,THRSP,0.3325,高活性,低毒性,59272;1636,Q9BYF1;NP_068576;P12821
T4168,CC1=C(C)C(=O)C(CCCCCCCCCC[P+](c2ccccc2)(c2ccccc2)c2ccccc2)=CC1=O.[Br-],ACACA,0.3323,活性,低毒性,,
T15799,Cc1nn(-c2ncccc2CO)cc1CN1CCC2(CC1)OCC(F)(F)c1cc(Cl)sc12,GPAM,0.3323,活性,低毒性,4987,NP_001186948
T8542,Cc1ccc2nc(NCCN)c3ncc(C)n3c2c1.Cl,NR1H4,0.3323,高活性,毒性,3551;1147,O15111;O14920
T3399,CC(C)=CCc1cc2c(cc1O)oc(=O)c1c3ccc(O)cc3oc21,PPARG,0.3323,活性,低毒性,,P0C6U8
T4290,COCCOc1ccc(N2CCN(CCn3ncc4c3nc(N)n3nc(-c5ccco5)nc43)CC2)cc1,RXRB,0.3323,活性,毒性,135;6850;136;29290;57413;25369;134,P25099;NP_001075445;P30542;NP_000667;P30543;NP_001041695;NP_000666;P29274;P43405
T8223,Cc1ccc(NC(=O)[C@H]2CCCN(C(=O)c3c(C)cccc3F)[C@H]2c2ccc(NC3CCCC3)cc2)cc1C(F)(F)F,RXRG,0.3323,活性,低毒性,728,P21730
T6768,Cc1cc(N2C[C@@H](C)N[C@@H](C)C2)ncc1-c1ccc(-c2nc3c(ccn3C)c(=O)[nH]2)cc1,AOC3,0.332,活性,毒性,80351;8658,Q460N5;Q9H2K2;Q9UGN5;P09874;O95271
T2249,O=C(O)c1cc(C(F)(F)F)ccc1N1CC[C@H](OCc2ccccn2)C1,NR1H4,0.332,活性,低毒性,1559;9388;3990,P11150;QLI62812;Q9Y5X9
T9017,CN1CCN(c2ccc3nc(-c4c(N)c5ccsc5[nH]c4=O)[nH]c3c2)CC1,PPARG,0.332,活性,低毒性,3932,P06239;Q92918
T16114,CC[C@H](NC(=O)c1c(NS(C)(=O)=O)c(-c2ccccc2)nc2ccccc12)c1ccccc1,THRSP,0.332,活性,低毒性,6870,P29371;NP_001050
T39264,C=C1CN(S(=O)(=O)c2ccc(C)cc2)CCCN(Cc2ccccc2)CCCN(S(=O)(=O)c2ccc(C)cc2)C1,ACACA,0.3318,高活性,低毒性,6272;920,Q99523;P01730
T9574,COc1cccc2[nH]c(C(=O)N[C@@H](CC(C)C)C(=O)N[C@@H](C[C@@H]3CCNC3=O)C(=O)COP(=O)(O)O)cc12,PPARG,0.3318,活性,低毒性,,P0DTD1
T30491,O=C(O)c1c(Oc2ccc(-c3ccccc3-c3nnn[nH]3)cc2)c(C2CC2)nc2ccccc12,PPARG,0.3318,高活性,低毒性,81638;24180,P25095;P29089
T6984,Cc1cc(C)nc(SCC(=O)Nc2ncc(Cc3cccc4ccccc34)s2)n1,PPARG,0.3318,活性,毒性,1551;1559;6850;22933,Q8IXJ6;ABI96208;QLI62812;NP_000756;P43405
T5130,Cc1sc2c(c1C)C(c1ccc(Cl)cc1)=N[C@@H](CC(=O)NCCCCCCCCNC(=O)COc1cccc3c1C(=O)N(C1CCC(=O)NC1=O)C3=O)c1nnc(C)n1-2,RXRA,0.3318,活性,毒性,8805;51592,Q96SW2;Q16531;Q9UPN9;O15164;O60885
T67958,O=C(O)CCCCCc1cccc2cncn12,AOC3,0.3315,高活性,低毒性,6916;5743;5742,P35354;P24557;P23219
T68173,COC1(c2cc(F)cc(OCc3ccc4c(ccc(=O)n4C)c3)c2)CCOCC1,AOC3,0.3315,高活性,低毒性,240;100135514,Q2NNR5;P09917
T13447,C=CC(=O)N1CCC([C@H]2CCNc3c(C(N)=O)c(-c4ccc(Oc5ccccc5)cc4)nn32)CC1,GPAM,0.3315,活性,低毒性,695,Q06187
T11344,Nc1ccc(-c2cc(Cl)c(Cl)c3[nH]c4c(c23)CN(C(=O)CO)CC4)cn1,PPARG,0.3315,活性,毒性,115004,Q8N884
T1005L,CC1(C)S[C@@H]2[C@H](NC(=O)[C@H](N)c3ccc(O)cc3)C(=O)N2[C@H]1C(=O)O.O.O.O,PPARG,0.3315,活性,毒性,,
T31467,CCCC[C@@H](C)[C@@H](O)[C@H]1C(=O)N[C@@H](CC)C(=O)N(C)CC(=O)N(C)[C@@H](CC(C)C)C(=O)N[C@@H](C(C)C)C(=O)N(C)[C@@H](CC(C)C)C(=O)N[C@@H](C)C(=O)N[C@H](C)C(=O)N(C)[C@@H](CC(C)C)C(=O)N(C)[C@@H](CC(C)C)C(=O)N(C)[C@@H](C(C)C)C(=O)N1C,PPARG,0.3315,活性,低毒性,,3EOV_A
T78701,COc1cc(-c2ccnn2-c2ccc(N)cc2)cc(OC)c1OC,SCD,0.3315,活性,低毒性,100135051,P02550;P02554
T9470,CC1(C)OC(=O)c2ccc(Nc3ncc(-c4nnco4)c(N[C@H](CO)c4ccccc4)n3)cc21,AOC3,0.3313,活性,低毒性,8491;11183;9448,Q8IVH8;Q9Y4K4;Q92918;Q9NWZ3;O95819
T9683,Cc1cc(F)ccc1Oc1cc(C(F)(F)F)ccc1C(=O)Nc1ccn(COP(=O)(O)O)c(=O)c1,PPARG,0.3313,活性,低毒性,3757;29571;6336,Q62968;Q12809;Q9Y5Y9
T12777,O=S(=O)(NCCCN1c2ccccc2CCc2ccc(Cl)cc21)c1ccc(OC(F)(F)F)cc1,THRSP,0.3313,活性,低毒性,,
T60318,c1ccc2c(c1)[nH]c1c(-c3cnc[nH]3)nccc12,THRSP,0.3313,活性,低毒性,3620;6999,P14902;P48775
T77713,Cc1nn(-c2nc(C3=CCC(C(F)(F)F)CC3)c(SC(C)C)s2)c(C(=O)O)c1-c1cccc(F)c1,AOC3,0.3311,活性,低毒性,,
T14502,Cc1cc2c(cc1N1C(=O)c3cccc4c(CCCO)ccc(c34)C1=O)n(C)c(=O)n2C,PPARG,0.3311,活性,毒性,138474;27154;23774;1387;6872;27443;7862;7468,P55201;Q8IZX4;Q92793;O95696;P21675;Q9ULD4;O96028;NP_001273003;Q9BXF3;NP_055392
T35719,N[C@H](CO)Cc1cc(I)c(Oc2ccc(O)cc2)c(I)c1,THRSP,0.3308,高活性,低毒性,3978;5111,P18858;P12004
T11162,O=C(Nc1cccc(-c2nc(-c3ccc(NC(=O)c4cccnc4)cc3Cl)no2)c1)Nc1ccc(NC(=O)C2CC2)c(C(F)(F)F)c1,AOC3,0.3306,活性,毒性,,
T10217L,CC(=O)N[C@H](Cc1ccc2ccccc2c1)C(=O)N[C@H](Cc1ccc(Cl)cc1)C(=O)N[C@H](Cc1cccnc1)C(=O)N[C@@H](CO)C(=O)N(C)[C@@H](Cc1ccc(O)cc1)C(=O)N[C@H](CC(N)=O)C(=O)N[C@@H](CC(C)C)C(=O)N[C@@H](CCCCNC(C)C)C(=O)N1CCC[C@H]1C(=O)N[C@H](C)C(N)=O,PPARD,0.3306,活性,低毒性,2798,NP_001012781;P30968
T2369,C=CC(=O)Nc1cccc(Nc2nc(Nc3ccc(N4CCN(C(C)=O)CC4)cc3OC)ncc2C(F)(F)F)c1,THRB,0.3306,活性,毒性,3480;6850;3643;2065;1956;84706;7468;238,Q05397;NP_958441;P08069;Q9UM73;P00533;ABI96208;P42680;P21860;P49759;O14976;Q06187;P07332;O96028;Q8TD30;P16591;Q13470;P52333;P06213;P43405
T15464,CN(CCCNC(=O)c1ccc2nc3c(c(Cl)c2c1)CCCC3)Cc1ccccc1,THRSP,0.3306,活性,毒性,6850;115;1559;1551;1565;7468,O60503;ANW61984;ABI96208;QLI62812;O96028;NP_000756;P43405
T12933,CCCCNc1nc(N)c2[nH]c(=O)n(Cc3ccc(C)nc3)c2n1,AOC3,0.3303,活性,低毒性,51284,Q9NYK1
T13424,O=C(Nc1cc(Cl)cc(Cl)c1)[C@H]1CCCC[C@H]1C(=O)O,PPARG,0.3303,活性,低毒性,2914,NP_001243743;Q14833
T23439,CC(=O)Nc1cccc(Nc2ncnc(N3CCC(OCc4ccc(OC(F)(F)F)cc4)CC3)n2)c1C,RXRB,0.3303,活性,毒性,6329;6331;1559;78956;29571;6328;1551,O08562;Q15858;Q62968;QLI62812;NP_000756;Q9NY46;Q14524;P35499
T5110,COc1cc(N2CCOCC2)ccc1NC(=O)c1csc(-c2cccnc2)n1,THRB,0.3303,活性,毒性,6850,ABI96208;P43405;Q9NWZ3
T27650,C=CC(=O)Nc1ccc(F)c(-c2ncnc3[nH]cc(C(=O)OCC)c23)c1,THRSP,0.3303,活性,毒性,7468;3718;28989,O96028;Q9BV86;P52333
T11784,O=C(N1CCCCC1c1ccccc1)n1cc(-c2ccc(-c3cccc(CO)c3)cc2)nn1,NR1H3,0.3301,活性,低毒性,26394;18777;66082,CAM22669;Q8R2Y0;NP_079617;NP_036072;NP_032892
T11299,C=CCn1cc(-c2ccc(NC(=O)Nc3cc(C(C)(C)C)on3)cc2)c2c(N)ncnc21,PPARD,0.3301,活性,低毒性,2322,P36888
T14371,CCN(CCCOc1ccc2c(Nc3cc(CC(=O)Nc4cccc(F)c4)[nH]n3)ncnc2c1)CCOP(=O)(O)O,PPARG,0.3301,活性,毒性,6795;6850;3815;9212;3932;7468;5159;5979;2534;3791;6790;5156;43740568;2322;1489834,P10721;P08631;P36888;Q04912;P00533;Q13163;P09619;Q9UQB9;P20340;P19784;Q9Y4K4;NP_004208;AMB37292;P07948;O14965;O96028;Q13627;Q96GD4;P07949;P43405;O43353;NP_003591;P16234
T3053,COc1cc(N2CCOCC2)ccc1Nc1ncc(F)c(Nc2ccccc2NS(C)(=O)=O)n1,RXRB,0.3301,高活性,毒性,4837;2593;27232;6850;1559;84706;5409;7157;120892;1551;7151;7468;3176,Q5S007;P43405;Q8TD08;Q96RR4;NP_001119587;ABI96208;QLI62812;O96028;Q14749;Q8TD30;NP_000756;P40261;P21964;P11086;Q14353;P50135
T71364,CCCCOC(=O)N1CCN(C(=O)[C@H](CP(=O)(O)O)NC(=O)c2cc(N3CC[C@H](OC)C3)nc(-c3ccccc3)n2)CC1,THRSP,0.3301,活性,低毒性,,Q9H244
T12024,CC(C)(C)NS(=O)(=O)c1cccc2c(NC(=O)[C@H](Cc3ccccc3)NC(=O)C3CCCCC3)cccc12,GPAM,0.3298,活性,低毒性,84749,Q70CQ3
T6147,O=C1NCC(=O)N2[C@H](c3ccc4c(c3)OCO4)c3[nH]c4ccccc4c3C[C@H]12,GPAM,0.3298,活性,低毒性,281972,Q28156
T21956,Ic1cccc(CSc2nnc(-c3ccncc3)o2)c1,PPARD,0.3298,活性,低毒性,2669;2931;2932,Q8WWL7;O95067;NP_005252;P49840;P14635;P49841;P06493;NP_001139628
T15655,CCCn1c(=O)c2[nH]c(C3CCC(=O)C3)nc2n(CCC)c1=O,PPARG,0.3298,高活性,低毒性,100135472;29290;282133;29316;25369,P29275;P25099;P30542;P30543;P29276;P47745;P29274;P28190
T62560,CC(=O)N[C@@H](Cc1c[nH]c2ccccc12)C(=O)N[C@@H](CCC(=O)C=[N+]=[N-])C(=O)OC(C)C,ACACA,0.3296,活性,毒性,,
T7672,O=C(Nc1ccc2[nH]nc(-c3ccc4[nH]ccc4c3)c2c1)c1c(Cl)cccc1Cl,GPAM,0.3296,活性,低毒性,21898;17087,Q9QUK6;Q9JHF9
T10899,O=[N+]([O-])c1ccc(COc2cc3c(cc2OCc2ccc([N+](=O)[O-])cc2)OC2(C=C3)CCOCC2)cc1,PPARG,0.3293,活性,低毒性,7098;54106,O15455;Q9NR96
T63806,COc1ccc2c(c1)O[C@H](c1ccc(OC)c(OC)c1)C[C@@H]2NC(=O)C1(c2ccc3c(c2)OC(F)(F)O3)CC1,PPARG,0.3293,活性,低毒性,27346;1080;10280;2554,P13569;Q5BJF2;Q99720;P14867
T63991,COc1cc(OC)c2c(=O)nc(-c3ccc(OCC(=O)Nc4ccc(N5CCN(C)CC5)c(Cl)c4)cc3)[nH]c2c1,THRSP,0.3293,活性,低毒性,102800317;1455;6046;8019;1453;1454;53944;1452,P25440;Q15059;P78368;P48730;O60885;P48729;Q9HCP0;P49674
T77337,NC(=O)Cc1cccc(OCCCN(Cc2cccc(C(F)(F)F)c2Cl)CC(c2ccccc2)c2ccccc2)c1,THRSP,0.3293,活性,低毒性,10062,Q13133
T87512,Nc1nc(=O)c(CC(=O)Nc2cnc(C(=O)N[C@@H](CCC(=O)O)C(=O)O)c(F)c2)c(N)[nH]1,AOC3,0.3291,活性,低毒性,,P13995;P11586
T9643,C=CCn1c(=O)c2cnc(Nc3ccc(N4CCN(C)CC4)cc3)nc2n1-c1ccc2c(n1)[C@@](O)(CC)CC2,AOC3,0.3291,活性,毒性,,P30291
T31605,Cc1onc(NS(=O)(=O)c2ccccc2-c2ccc(-c3ncco3)cc2CN(C)C(=O)CC(C)(C)C)c1C,PPARG,0.3291,活性,低毒性,1909,P25101
T6229,COC(=O)N[C@H](C(=O)N1CCC[C@H]1c1ncc(-c2ccc(-c3ccc(-c4cnc([C@@H]5CCCN5C(=O)[C@@H](NC(=O)OC)C(C)C)[nH]4)cc3)cc2)[nH]1)C(C)C,AOC3,0.3289,高活性,毒性,6850;8647;1576;2876;2879;7468;1489834;4986,P08684;P36969;Q5L478;AMB37292;P41145;O96028;O95342;P07203;P43405
T40109,O=C(CCc1c(-c2ccc(F)cc2)[nH]c2ccccc12)N[C@@H]1C(=O)NC[C@H]1O,NR1H3,0.3289,活性,低毒性,8542,O14791
T25832,C[C@H](CSC(=O)[C@@H](C)NC(=O)C1CCCCC1)C(=O)N1CCC[C@H]1C(=O)O,PPARG,0.3289,活性,毒性,,
T15437,O=C(N[C@H]1CCc2cc(F)cc(F)c2NC1=O)c1n[nH]c(Cc2ccccc2)n1,PPARG,0.3289,活性,毒性,19766,Q60855;Q13546
T2763,CC1(C)CCC[C@](C)([C@H]2CC[C@]3(C)[C@@H]2[C@H](O)C[C@@H]2[C@@]4(C)CC[C@H](O)C(C)(C)[C@@H]4CC[C@]23C)O1,PPARG,0.3289,活性,毒性,3091,Q16665
T11948,COc1ccc2c(c1)c(CN1CCN(C)CC1)cn2S(=O)(=O)c1ccccc1Br,PPARG,0.3289,活性,低毒性,3362,P50406;P28223
T7149,COc1ccc2c(n1)c(CCNC(=O)c1ccco1)c1n2Cc2cccnc2-1,PPARG,0.3289,活性,低毒性,,P16083
T3075,CC1=C(C(=O)OC2CCCCC2)C(c2ccc([N+](=O)[O-])cc2)C2=C(CC(C)(C)CC2=O)N1,RXRB,0.3289,高活性,毒性,10519;55851;4837;2593;27232;3176;115;1559;9807;4851;5664;5409;51107;1551;1565;5663;83464;23385,O60503;ANW61984;Q92551;Q96BI3;QLI62812;NP_000756;P21964;Q8WW43;Q92542;Q14749;P49768;Q14353;2LM5_A;P46531;P11086;P50135;P49810;Q9NZ42;P40261
T9678,CCn1cc(C(=O)O)c(=O)c2cnc(N3CCN(C(=S)Nc4cccc(C(F)(F)F)c4)CC3)nc21,AOC3,0.3286,高活性,低毒性,947286;5168;947294,NP_208344;NP_417297;NP_207880;NP_417299;Q13822
T3306,COc1ccc2cc(OCC3(C(=O)O)CN(C(=O)c4ccc(F)cc4)C3)ccc2c1,AOC3,0.3286,活性,低毒性,1241;5139;4835;1559;5732;5140;19217;1551,Q15722;NP_032990;P43116;Q14432;Q13370;QLI62812;NP_000756;NP_000947;Q9XT82;P16083;Q62053
T2682,C[C@H](Nc1ncnc2nc[nH]c12)c1nc2ccc(F)cc2c(=O)n1-c1ccccc1,AOC3,0.3286,活性,毒性,6850;5294;5289;18706;5293;1559;30955;18707;1551;1565;74769,ANW61984;Q9JHG7;O00329;O35904;P42337;ABI96208;Q8NEB9;QLI62812;NP_000756;P48736;Q8BTI9;P43405
T19675,COCCOc1nc(N)c2[nH]c(=O)n(Cc3ccccc3)c2n1,AOC3,0.3286,高活性,毒性,51311;4521;51284,Q9NYK1;P36639;Q9NR97
T13774,O=C(CCNC(=O)c1ccc(OC(F)(F)F)cc1)N[C@@H]1CCCc2ccccc21,AOC3,0.3286,活性,毒性,3205;1723,Q02127
T67943,Cc1ccc(S(=O)(=O)N(CC(=O)NCc2ccncc2)c2cccc(C(F)(F)F)c2)cc1,PPARG,0.3286,活性,低毒性,,P51449
T88678,CCc1c(F)ccc2cc(O)cc(-c3nc4c5c(nc(OC[C@@]67CCCN6C[C@H](F)C7)nc5c3F)N3C[C@H]5CC[C@H](N5)[C@H]3CO4)c12,PPARG,0.3286,高活性,低毒性,5594;5595,P01116;P27361;P28482
T21576,O=C1C(Nc2ccccc2)=CC(=O)c2ncccc21,THRSP,0.3286,活性,毒性,2983;19885;65975;2982;4137;2977,NP_937802;CAC29064;B45705;Q02108;1RA7_A;Q02153;AAI14949;AAI07878;AAP35567;O75343;NP_035411;P33402
T8792,O=[N+]([O-])c1ccc2c(c1)C(=Cc1ccccc1O)c1ccccc1-2,NR1H3,0.3284,活性,低毒性,581,Q07812
T13950,CC(C)(C)c1cc(C(c2cc3c(cc2O)OCO3)N2CCOCC2)cc(C(C)(C)C)c1O,NR1H3,0.3284,活性,低毒性,,
T16448,CC(C)C[C@@H](C(=O)N[C@@H](Cc1ccc(OCc2ccccc2)cc1)C(=O)NC(C)(C)C)N(C)Cc1ccc(C(C)(C)C)cc1,PPARG,0.3284,活性,毒性,774;6850,Q00975;ABI96208;P43405
T86003,NS(=O)(=O)c1ccc(N2C(=O)c3ccccc3C2=O)cc1,PPARG,0.3284,活性,低毒性,771;759;760;768,P00918;P00915;Q16790;O43570
T14369,CC(=O)N1Cc2cc(S(C)(=O)=O)ccc2[C@@H]1C(=O)Nc1ccc(C(O)(C(F)(F)F)C(F)(F)F)cc1,AOC3,0.3281,活性,毒性,19885;1565;6097,Q16552;P51449;P10635;P51450
T11864,CCO[C@H]1CCN(Cc2c(OC)cc(C)c3[nH]ccc23)[C@H](c2ccc(C(=O)O)cc2)C1,PPARG,0.3281,高活性,低毒性,7369;14962,P00751;P35348;P07911;P04186
T126366,CC[C@H](C)[C@H](NC(=O)[C@H](CCC(=O)O)NC(=O)[C@H](CCC(=O)O)NC(=O)[C@H](Cc1ccccc1)NC(=O)[C@H](CC(=O)O)NC(=O)CN)C(=O)N1CCC[C@H]1C(=O)N[C@@H](CCC(=O)O)C(=O)N[C@@H](CCC(=O)O)C(=O)N[C@@H](Cc1ccc(O)cc1)C(=O)N[C@@H](CC(C)C)C(=O)N[C@@H](CCC(N)=O)C(=O)O,SCD,0.3281,活性,低毒性,,
T2655,CNC(=O)c1ccccc1Nc1nc(Nc2ccc3c(c2OC)CCC[C@H](N2CCN(CCO)CC2)C3)ncc1Cl,ACACA,0.3279,活性,毒性,238;3643;5747;3458,Q05397;P06213;NP_000610;NP_005598;NP_004295;Q9UM73
T12783,Cc1c(C(=O)NCCCO)cnn1-c1nc(-c2cccc(C(F)(F)F)c2)cs1,AOC3,0.3279,活性,毒性,3683;6850;1551;3383;1559;7157;3689;7151;7468,P20701;ABI96208;NP_001119587;QLI62812;O96028;NP_000756;P05107;P05362;P43405
T11724,O=C(c1ccc2c(ccn2-c2ccc(F)cc2)c1)N1CC(N2CCN(C(=O)c3nccs3)CC2)C1,NR1H3,0.3279,活性,低毒性,7357;23945,O35678;Q16739;Q8R431;O00519;Q99685
T27478,COc1ccc(NC2=C(c3ccccc3)C(=O)N(Cc3ccccc3)C2=O)cc1,PPARG,0.3279,高活性,毒性,10062;7376,Q13133;P55055
T14913,COCCOC1CCC(Nc2cc(=O)n(C)c3ccc(-c4cncs4)cc23)CC1,PPARG,0.3279,活性,低毒性,952;12494,P56528;P28907
T21954,COc1cc2ncnc(Nc3ccc(OCc4ccccc4)cc3)c2cc1OC,RXRB,0.3279,活性,低毒性,283455;2064;1956,NP_001005862;NP_958441;Q6VAB6
T8658,Cc1cc(-c2ccc3nc(C4CCOCC4)n(CCOC(F)(F)F)c3c2)cn(C)c1=O,AOC3,0.3276,高活性,低毒性,2033;8019;1387;6046,Q9H8M2;Q9UIF9;P25440;Q58F21;P55201;Q09472;Q15059;Q92793;P21675;O60885;Q9UIF8;Q9BXF3
T41257,O=C1CCC(N2C(=O)c3ccc(NS(=O)(=O)c4ccccc4OC(F)(F)F)cc3C2=O)C(=O)N1,AOC3,0.3276,活性,毒性,2935,P15170;Q96SW2;Q16531
T22827L,CS(=O)(=O)CCNCc1nc(-c2ccc3ncnc(Nc4ccc(OCc5cccc(F)c5)c(Cl)c4)c3c2)cs1,AOC3,0.3276,活性,低毒性,5594,P00533;NP_002736;P04626
TQ0111,COc1ccc2nc3ccc(OC)cc3c(SCCCN)c2c1,NR1H4,0.3276,高活性,毒性,57396;28989;6850;8444;2932;8798;9149;1195;8445;1198;1196,P49759;Q9HAZ1;Q92630;Q8TF76;Q9BV86;P49761;P49760;Q9Y463;P49841;Q13627;Q9NR20;O43781;P43405
T7393,COc1cc(C(=O)N(CCCc2ccccc2)Cc2ccc(CC(=O)O)cc2)cc(OC)c1C,PPARD,0.3276,活性,低毒性,9170;1902,Q92633;NP_476500;Q9HBW0
T25476,CC1(C)CC[C@]2(C(=O)O)CC[C@]3(C)C(=CC[C@@H]4[C@@]5(C)CC[C@H](O)[C@@](C)(C=O)[C@@H]5CC[C@]43C)[C@@H]2C1,PPARG,0.3276,活性,低毒性,,
T36946,Cc1cc(Oc2ncccc2OC(F)F)ccc1-c1c(C)c(=O)[nH]c(=O)n1C,THRB,0.3276,活性,低毒性,1812;1816,P21728;P21918
T13186,CCN1CCN(Cc2ccc(NC(=O)c3ccc(C)c(Oc4ncnc5cc(OC)c(OC)cc45)c3)cc2C(F)(F)F)CC1,NR1H4,0.3274,活性,毒性,,P07332;Q12851;P16591;O43318
TN1264,COc1cccc(CCc2cc(O)cc(OC)c2)c1,PPARD,0.3274,活性,低毒性,,
T23124,CCOC(=O)c1c(C)[nH]c2ccc3c(c12)CN1CCc2cc(OC)ccc2C1O3,PPARG,0.3274,活性,低毒性,150;3274;2359;1133;1132;3357;4986;1128;1131;3351;2859;6530;151;6531;37892;1129;152;338557;3359;4988,P20309;P08912;P35372;Q01959;P08913;P41595;P25021;P08172;P28222;P11229;Q5NUL3;P16395;P18825;P46098;Q9HC97;P25089;P18089;P08173;P41145;P23975
TN7060,COC(=O)[C@]12CCC(C)(C)C[C@H]1C1=CC[C@@H]3[C@@]4(C)CCC(=O)C(C)(C)[C@@H]4CC[C@@]3(C)[C@]1(C)CC2,SCD,0.3274,活性,毒性,,
T13329L,COc1ccc(-n2nnnc2C(F)(F)F)cc1CN[C@H]1CCCN[C@H]1c1ccccc1.Cl.Cl,AOC3,0.3271,活性,低毒性,6869,P25103
T25466,CC(C)COC(=O)[C@H](Cc1ccccc1)NP(=O)(COCCn1cnc2c(NC3CC3)nc(N)nc21)N[C@@H](Cc1ccccc1)C(=O)OCC(C)C,FASN,0.3271,活性,低毒性,,
T5318,Cl.NCCCOc1cc2ccccc2cc1C(=O)NCCOc1cc2ccccc2cc1C(=O)Nc1ccc(Cl)cc1O,GPAM,0.3271,活性,低毒性,,
T29041,O=c1[nH]c2cc(C(F)(F)F)ccc2n1-c1cccc(Cl)c1,GPAM,0.3271,活性,低毒性,1080,NP_000483
T3074,Nc1nc(NCCNc2ncc(-c3ncc[nH]3)c(-c3ccc(Cl)cc3Cl)n2)ccc1[N+](=O)[O-],NR1H3,0.3271,高活性,低毒性,2931;2932,Q8WWL7;O95067;P14635;P49840;P49841;P06493
T9996,COc1cc(NC(=O)c2ccc3c(c2OC)C=CC(C)(C)O3)ccc1OCCC1CCCCN1,NR1H4,0.3271,活性,毒性,,
T3653,Cc1ccc(NS(=O)(=O)c2ccc3c(c2)C2C=CCC2C(c2ccc(C(=O)O)cc2)N3)cc1C,PPARD,0.3271,活性,低毒性,28989;2879,P36969;Q9BV86
T12320,Cc1c(CNC2CCCC2)nn(-c2ncccc2Cl)c1-c1cccnc1,THRSP,0.3271,活性,低毒性,4987,P41146
T1757,Cc1cnc(-c2ccccc2C(C)C)nc1NCc1ccc(-n2ccnn2)cc1,XPR1,0.3271,活性,毒性,6850;57599;7398,AAH18745;O94782;Q8TAF3;Q93009;P43405
T3579,O=C(c1c(F)ccc(NS(=O)(=O)N2CC[C@@H](F)C2)c1F)c1c[nH]c2ncc(-c3cnc(C4CC4)nc3)cc12,AOC3,0.3269,活性,毒性,5894;6850;115;673;7468,O60503;P15056;O96028;NP_004324;NP_002871;P43405
T27683,CN1CCc2c(cccc2C(=O)NCC2(N3CCN(c4ccccc4)CC3)CCCCC2)C1,GPAM,0.3269,高活性,低毒性,25553;5027;18439;6531;29665,Q64663;P31645;Q01959;P31652;Q99572;Q9Z1M0
T86200,Cc1sc(C(=O)Nc2cc(Cl)cc(NS(C)(=O)=O)c2)cc1-c1ncc(OC2CN(C)C2)cn1,THRSP,0.3269,活性,低毒性,1660,Q08211
T13193,CCCOc1ccc(NC(=O)CN2CCN(C)CC2)cc1-c1nc(=O)c(CC)c(CC)[nH]1,AOC3,0.3267,活性,低毒性,5136;5146;5137;50940;8654;5153,Q01064;P54750;Q14123;Q9HCR9;P51160;O76074
T2127,COc1cc2c(cc1NS(=O)(=O)c1ccc(Br)cc1C)n(C)c(=O)n2C,MLXIPL,0.3267,活性,毒性,9970;6850;115;27154;1559;1551;7862;7468,NP_056510;O60503;NP_001003694;P55201;O95696;ABI96208;Q9ULD4;QLI62812;O96028;O60885;NP_000756;ADZ17385;P43405
T203345,Cc1cc(Nc2cccc(NC(=O)c3cccc(Nc4ccnc5ccccc45)c3)c2)nc(N)n1,NR1H4,0.3267,高活性,毒性,1788;29947;1786,Q9Y6K1;P26358;Q9UJW3
T6243,COc1ccc2c(c1)CC[C@@H]1[C@@H]2CC[C@]2(C)[C@@H](NCCCCCCN3C(=O)C=CC3=O)CC[C@@H]12,PPARG,0.3267,活性,毒性,7468;7015;22064;6850,NP_001103367;P43405;O14746;O96028
T37585,C[C@@H]1CN(C(=O)c2ccc(NC(=O)c3cc(O[C@H](C)c4c(Cl)ccc(F)c4Cl)c(N)nn3)cc2)C[C@H](C)N1,RXRB,0.3267,活性,毒性,4233;238,P08581;Q9UM73
T1484,CCC[C@H](N[C@@H](C)C(=O)N1[C@H](C(=O)O)C[C@@H]2CCCC[C@@H]21)C(=O)O,AOC3,0.3264,活性,低毒性,1636,NP_001171528
T75124,CN1CCN([C@@H]2CCCN(c3cnc(C(N)=O)c(Nc4ccc(C5CCN(CC6CCN(c7ccc(C(=O)N[C@H]8CCC(=O)NC8=O)nc7)CC6)CC5)cc4)n3)C2)C1=O,AOC3,0.3264,活性,低毒性,,Q96SW2;Q06187
T2409,CC(C)OC(=O)[C@H](C)N[P@](=O)(CO[C@H](C)Cn1cnc2c(N)ncnc21)Oc1ccccc1,PPARD,0.3264,活性,毒性,43740568;1489834,AMB37292;P59594
T4049,CCCCCCCCC(=O)N[C@H](CN1CCCC1)[C@H](O)c1ccc2c(c1)OCCO2,PPARG,0.3264,活性,毒性,7468;7357,O96028;Q16739
T10918,COCCC(CC1(C(=O)NCCCc2ccc(Cl)cc2)CCCC1)C(=O)O,PPARG,0.3264,活性,低毒性,,
T8921,O=C1c2cccc3cccc(c23)C(=O)N1CCNCCN1C(=O)c2cccc3cccc(c23)C1=O,PPARG,0.3264,活性,低毒性,3073;10724;3074,O60502;P06865;P07686
T8536,Cc1ccc(C(=O)N2CCN(c3ccc([N+](=O)[O-])cc3)CC2)cc1Cl,RXRA,0.3264,活性,低毒性,7468;1559,QLI62812;O96028
T63727,CC(C)CS(=O)(=O)N[C@H]1CC[C@H](Nc2nc(N)c(C(=O)c3c(F)cc(CN(C)C)cc3F)s2)CC1,ACACA,0.3262,活性,毒性,,
T85710,COc1cccc(OC)c1-n1c(NS(=O)(=O)[C@@H](C)[C@H](O)c2ncc(C)cn2)nnc1-c1cccc(C)n1,AOC3,0.3262,活性,低毒性,187,P35414
T16864,CC[C@@H](Nc1c(Nc2cccc(C(=O)N(C)C)c2O)c(=O)c1=O)c1cc(C(C)C)co1,PPARG,0.3262,活性,低毒性,3577;115;1559;3579;1551;1565;7468,O60503;ANW61984;ABI96208;P25025;QLI62812;O96028;NP_000756;P25024
TQ0062,CC(C)(C)C(=O)CN1C(=O)[C@H](NC(=O)Nc2cccc(C(=O)O)c2)CN(C2CCCCC2)c2ccccc21,THRSP,0.3262,活性,低毒性,887,NP_795344
T7355,Oc1c(Cl)cc(Cl)cc1CNc1ccc2nn[nH]c2c1,THRSP,0.3262,活性,低毒性,,
T11224,CNC[C@@H](NC(=O)c1ccc(-c2nc([C@H]3CC[C@H](O)[C@@H](F)C3)cnc2N)cc1F)c1cc(F)cc(Br)c1,AOC3,0.3259,活性,低毒性,5594,P28482
T2368L,CN1CCc2nc(C(=O)N[C@@H]3C[C@@H](C(=O)N(C)C)CC[C@@H]3NC(=O)C(=O)Nc3ccc(Cl)cn3)sc2C1,GPAM,0.3259,活性,低毒性,2159;2153,NP_000495;P00742;P12259;P00734
T2344L,CN(C)C1CCc2[nH]c3ccc(NC(=O)c4ccc(F)cc4)cc3c2C1,PPARG,0.3259,活性,低毒性,3358;3354;3352;3355;3351;3363;3357;3350;3356,NP_000855;B45705;NP_000515;NP_000857;NP_000858;NP_000856;NP_001159419;NP_062874;NP_000854;NP_001243690
T9060,O=C(NCc1cn2cc(CNCC3CCCCC3)ccc2n1)c1cc(=O)n2ccccc2n1,PPARG,0.3259,高活性,毒性,56339;57721,Q86U44;Q8C3P7;Q9HCE5
T6008,C=CC(=O)Nc1cccc(Nc2nc(Nc3ccc(NC4CN(CCF)C4)cc3OC)ncc2C(F)(F)F)c1,THRB,0.3259,高活性,毒性,6850;1559;3456;84706;7157;7151;1565;7468,P01574;ANW61984;P00533;NP_001119587;ABI96208;QLI62812;O96028;Q8TD30;P43405
T12918,CC(C)(C)C(=O)NCCC1CCN(c2ncnc3cc(C(N)=O)sc23)CC1,AOC3,0.3257,高活性,低毒性,23410;1559;23411;22933,Q96EB6;P11712;Q9NTG7;Q8IXJ6
T7369,N[C@@H](CC(=O)N1CCc2c(nc(C(F)(F)F)nc2C(F)(F)F)C1)CN1CC(F)(F)CCC1=O,FASN,0.3257,活性,低毒性,1803,P27487
T1776L,Cl.Cl.Cl.Cl.Cl.Cl.Cl.Cl.c1cc(CN2CCCNCCNCCCNCC2)ccc1CN1CCCNCCNCCCNCC1,PPARG,0.3257,活性,低毒性,7852,P61073
TN1338,CC(C)CCC[C@@H](C)[C@H]1CC[C@H]2[C@@H]3[C@@H](O)C=C4C[C@@H](O)CC[C@]4(C)[C@H]3CC[C@]12C,PPARG,0.3257,高活性,毒性,29881;6097;1880;6095,P51449;P35398;Q9UHC9;NP_004942
T9523,Cc1cccc(-c2cc(Nc3ccnc4cc(-c5ccc(S(C)(=O)=O)cc5)ccc34)ccn2)c1,THRSP,0.3257,高活性,低毒性,7046;9448,P36897;O95819
T35901,C=CC(=O)Nc1cccc(N(C(=O)OCc2ccc(F)cc2)c2ccnc(Nc3cnn(C)c3)n2)c1,AOC3,0.3254,活性,低毒性,,
T22409,CC(C)NC(=N)NC(=N)Nc1ccc(Cl)cc1,PPARD,0.3254,活性,低毒性,,
T60723,O=c1cc(-c2cccc(Cl)c2)oc2c1ccc1ccccc12,PPARD,0.3254,高活性,低毒性,1543;1545;1544,P04798;P05177;A0A286ZKB1;Q16678
T21325,CCc1cc2c(c(OCC(F)(F)F)c(C(=O)NC3CCN(C(=O)CO)CC3)n2C)c(=O)n1CC(=O)c1ccccc1,PPARG,0.3254,活性,低毒性,20423;319757;6608,Q99835;NP_795970;Q62226
T9733,Nc1nc(SCc2ccc(Cl)cc2)nn1S(=O)(=O)c1ccc2c(c1)CCO2,PPARG,0.3254,活性,低毒性,127018,Q5VWZ2
T67760,CC(=O)Nc1ncc(CN2CCC[C@H](Cc3cc(C)nc(C)c3)C2)s1,THRSP,0.3254,活性,低毒性,10724,O60502;P41145
T5342,O=C(Cn1nnc(-c2ccncc2)c1-c1ccccc1)Nc1ccc(-c2ccccc2)cn1,GPAM,0.3252,活性,低毒性,53627,Q9JJJ7
T8509,CC(=O)c1nn(CC(=O)N2C[C@H](F)C[C@H]2C(=O)Nc2cccc(Br)n2)c2ccc(-c3cnc(C)nc3)cc12,AOC3,0.3247,活性,低毒性,1675,P00746
T12253,CC(C)(C)c1ccc(Cn2nc(-c3ccc(Cl)cc3)cc2C(=O)NO)cc1,PPARG,0.3247,活性,毒性,,
TJS1159,COc1cc(-c2oc3cc(OC)c(OC)c(O)c3c(=O)c2OC)ccc1O,PPARG,0.3247,活性,毒性,,
T63166,C[C@H](c1c(Cl)ccc(C2CC2)c1Cl)n1cnc2cnc(-c3ccccc3[C@@H](C)C(=O)O)cc21,RXRG,0.3247,活性,低毒性,2740,P43220
T62119,Oc1ccc2c(c1)CC[C@H](c1ccccc1)[C@@H]2c1ccc(OCCN2CCCC2)cc1,SCD,0.3247,高活性,低毒性,150;3358;140;11255;24890;3357;4986;2099;8856;3757;4985;1814;2100;25149;6530;24693;151;153;2693;6532;1813;2908;152;2862;6531,Q63921;P41143;P03372;Q01959;P35462;P08913;P41595;P04150;P08588;P0DMS8;Q92731;P18825;O43193;O75469;P06211;NP_001116214;Q92847;P18089;P14416;Q62986;Q12809;P31645;P41145;NP_001201832;P28335;P23975;Q9Y5N1
T9031,CCOC(=O)c1cnc2ccc(C)cc2c1Nc1ccc(N(CC)CC)cc1,GPAM,0.3245,活性,毒性,29994;59350;3064;7157;10951;4137,NP_001120700;P42858;AAI14949;AAI07878;NP_000537;2QQS_A;BAA89212;CAQ07474;Q9HBX9
T1521,CCC1(O)C(=O)OCc2c1cc1n(c2=O)Cc2cc3cc(O)ccc3nc2-1,PPARG,0.3245,活性,低毒性,,
T27245L,CCCCCCCCCCCCS[C@H](C(=O)Nc1cc(C)c(O)c(C)c1C)c1ccccc1,PPARG,0.3245,高活性,低毒性,6646;8435,P35610;O75908;P24752
T39914,Cc1c(NC(=O)c2ccc(CNCCO)cn2)cccc1-c1cccc(NC(=O)c2ccc(CNCCO)cn2)c1C,THRSP,0.3245,高活性,低毒性,29126;5133,Q15116;Q9NZQ7
TQ0076,CC(C)(C)c1nc(-c2ccc(NC(=O)Nc3cccc(C(F)(F)F)c3)c3ccccc23)c2c(N)nccn12,AOC3,0.3242,活性,低毒性,2081,O75460
T21367,Nc1nc2c(c(=O)[nH]1)NC(CNc1ccc(C(=O)N[C@@H](CCC(=O)O)C(=O)O)cc1)CN2,AOC3,0.3242,活性,低毒性,86862560;2356;14287;944790,P48760;Q05932;Q9BQB4;P0ABQ4
T87334,C[C@H](NC(=O)c1cn(C)c2ccc(-c3ccn4nc(NC(=O)C5CC5)nc4c3)cc12)c1cccc(F)c1,PPARG,0.3242,活性,低毒性,,Q13546
T37577,CNC(=O)Nc1ccc(OC)c(NC(=O)NC(=O)c2cc(F)c(F)cc2Cl)c1,SCD,0.3242,活性,低毒性,115;5836,P06737;O60503
T15709,COc1cccc([C@H]2O[C@H](CC(=O)N3CCC(CC(=O)O)CC3)C(=O)N(CC(C)(C)COC(C)=O)c3ccc(Cl)cc32)c1OC,THRSP,0.3242,活性,低毒性,2222;29580,Q02769;P37268
T6883,CO[C@@H](C)Cn1c(=O)n(C)c2cnc3ccc(-c4cncc(C(C)(C)O)c4)cc3c21,AOC3,0.324,高活性,毒性,6850;5294;142;5293;5291;2475;5290;7468,P42338;NP_004949;P42336;O00329;NP_006210;P09874;P42345;NP_002640;O96028;NP_005017;NP_006209;P48736;P43405
T38074,OC[C@H]1O[C@@H](S[C@@H]2O[C@H](CO)[C@H](O)[C@H](O)[C@H]2O)[C@H](O)[C@@H](O)[C@H]1O,PPARD,0.324,活性,毒性,,3OYW_A;1LT5_D;1LT5_E
T6400,CC(=O)N1CCN(CCOc2ccc(C3CCN(C4=Nn5c(nnc5C(F)(F)F)CC4)CC3)cc2)CC1,RXRG,0.324,活性,毒性,7468;1559;43740568;367;1489834;24208,P15207;AMB37292;QLI62812;O96028;P10275
T3S1707,COc1cc(CCc2cc(OC)c(O)c(OC)c2)ccc1O,THRSP,0.324,活性,毒性,,
T67769,COc1cc(C(=O)c2ccc3ncccc3c2)cc(OC)c1OC,THRSP,0.324,活性,低毒性,,
T73053,COc1ccc(C(=O)c2sc(N(c3ccc(F)cc3)[C@H](C)C(N)=O)nc2N)cc1,AOC3,0.3237,活性,低毒性,8525,Q13574
T16951,CS(=O)(=O)c1ccc(C(=O)C2C(=O)CCCC2=O)c(Cl)c1,AOC3,0.3237,活性,低毒性,837168,P93836
T67815,Cc1ccc(O)c(C(=O)NC2CCC(NC(=O)c3cc(F)cnc3Oc3ccc(F)c(F)c3)CC2)c1,GPAM,0.3237,活性,低毒性,5141,P27815;Q07343;Q08499
T8488,Cc1ncsc1-c1ccc(CNC(=O)[C@@H]2C[C@@H](O)CN2C(=O)[C@@H](NC(=O)COCCOc2ccc(-c3cc(Nc4ccc(OC(F)(F)F)cc4)ncn3)cc2)C(C)(C)C)cc1,PPARD,0.3237,高活性,低毒性,25;613;7428,P00519;P11274;P40337
T8764,Nc1ncc(-c2cccc(N3CCNCC3)c2)cc1C(=O)Nc1ccncc1,PPARG,0.3237,活性,低毒性,5584,P41743
T6463,Oc1ccc(OC2CCCCO2)cc1,AOC3,0.3235,活性,毒性,,O42713;C7FF05;C7FF04;Q00024
T85517,Oc1ccc2c3c1O[C@H]1[C@H](O)CC[C@@]4(O)[C@@H](C2)N(CC2CC2)CC[C@]314,NR1H3,0.3235,高活性,低毒性,100135587;4985;100379267;4988;4986,P35372;P41143;P41145;P41144;P97266
T15249,Oc1ccc(-c2cc3ccc(O)cc3s2)cc1,PPARD,0.3235,高活性,低毒性,2100;2099,P03372;Q92731
T15629,Cc1nn(C)c2nc(NNC(=O)Nc3cc(Cl)nc(Cl)c3)cc(C(C)C)c12,PPARG,0.3235,活性,毒性,53637;2740;19885;9294;139760;338557;29415;27334,P43220;Q8TDV5;Q9H228;NP_938147;O95136;P47752;NP_035411;Q5NUL3;NP_058888;NP_004221
T35347,CCOC(=O)CCNC(=S)NCCCC[C@H](NC(=O)OCc1ccccc1)C(=O)N[C@@H](Cc1c[nH]c2ccccc12)C(=O)NC(C)C,THRSP,0.3235,活性,低毒性,,
T9141,Cc1cnc(NC2CCOCC2)nc1-n1cnc(C(=O)N[C@H](CN)c2cc(F)cc(Cl)c2)c1,XPR1,0.3235,高活性,低毒性,5594;5595,P28482;P27361
TN1677,CC(C)=CCc1c(O)c(CC=C(C)C)c2oc3c(O)ccc(O)c3c(=O)c2c1O,PPARG,0.3232,活性,毒性,,Q96EB6;P10481
T6783,COc1cc(-c2cn(C)c(=O)c3cnccc23)cc(OC)c1CN(C)C,SCD,0.3232,活性,毒性,29117;7046;105246;65980;90;27443,Q12830;Q9H8M2;Q9NPI1;NP_001009877;Q8IZX4;P55201;Q92793;P36897;Q9ULI0;Q3UQU0;P21675;Q9UIF8;Q04771;Q9BXF3
T9653,C[C@@H](Cn1c(=O)nc(Nc2ccc(Oc3ccccn3)cc2)n(Cc2ccc(Cl)cc2)c1=O)C(=O)O,THRSP,0.3232,活性,低毒性,5024;81739,P56373;P49654
T9202,Cc1cc(C)c(S(=O)(=O)N(CC(=O)O)c2ccc(Nc3ccnc(N4CCCC4)n3)cc2)c(C)c1,ACACA,0.323,活性,低毒性,3326;3320,P07900;P08238
T77569,CC(Sc1nncn1C)c1cccc(NC(=O)c2ccccn2)c1,AOC3,0.323,活性,低毒性,868,Q13191
T12216,CN1CCN(Cc2ccc(-c3cccc(C(=O)Nc4ccccc4CC(=O)O)c3)cc2)CC1,AOC3,0.323,高活性,低毒性,56670;84112,Q9BXA5;Q99MT6
TQ0044,[O-][n+]1cccc(-c2nc3c(Cl)cccc3cc2[C@@H](Nc2ncnc3cccnc23)C(F)(F)F)c1,AOC3,0.323,高活性,毒性,6850;5294;5293;5291;5290;7468,O00329;NP_006210;NP_002640;O96028;NP_005017;NP_006209;P48736;P43405
T9698,O=C(Nc1ccc(Cl)c(C(F)(F)F)c1)N[C@H]1CC[C@H](Oc2ccc(C(F)(F)F)cn2)CC1,AOC3,0.323,活性,低毒性,2053,P34913
T27931,COc1nc2sc(C(=O)NC3CC3)c(N)c2c(C)c1Cl,PPARD,0.323,活性,低毒性,9970;1129;1132,P08485;NP_001006633;P08172;P08173;NP_000732;ADZ17385
T9567,COC(=O)N[C@H](C(=O)N1CCC[C@H]1c1nc2ccc(-c3csc4c(-c5ccc(-c6cnc([C@@H]7CCCN7C(=O)[C@H](NC(=O)OC)c7ccccc7)[nH]6)cc5)csc34)cc2[nH]1)C(C)C,THRSP,0.323,活性,低毒性,,
T13401,Cc1ccc2nc(N3CCS(=O)(=O)c4ccccc4C3)nc(NCC3(N)COC3)c2c1,ACACA,0.3228,活性,低毒性,,P03420
T25340,CC[C@H](C)[C@H](N)C(=O)N1CCC[C@H]1C(=O)N[C@H](C(=O)O)[C@@H](C)CC,AOC3,0.3228,活性,低毒性,81815;1803,Q64560;P27487
T2375,C[C@@H]1CN(Cc2ccc(F)cc2)CCN1C(=O)COc1ccc(Cl)cc1NC(N)=O,MLXIPL,0.3228,活性,毒性,6850;2359;8477;1559;2859;1551;43740568;12768;1230,Q9HC97;A6I4C9;QLI62812;Q8IYL9;NP_000756;NP_001286;P25089;P32246;P51675;P43405
T4031,CC(C)Cc1ccc(-c2nc(-c3ccc(CN4CC(C(=O)O)C4)c(F)c3)no2)cc1,RXRG,0.3228,活性,低毒性,1901,P21453
T3716,C[C@@H](OC[C@@]1(c2ccccc2)CC[C@]2(CCC(=O)N2)CN1)c1cc(C(F)(F)F)cc(C(F)(F)F)c1,MLXIPL,0.3225,活性,毒性,6850;7468;6869,O96028;P43405;NP_056542;P25103
T86109,Nc1nonc1-c1nc2cccc(F)c2n1Cc1cccnn1,NR1H3,0.3225,活性,低毒性,,Q8R4B8;Q8R1P5;Q9HB14
T36716,Cc1cccc(Cl)c1C(=O)N[C@@H](Cc1ccc(NC(=O)c2c(Cl)cccc2Cl)cc1)C(=O)O,PPARG,0.3225,高活性,低毒性,3695;3688;3676;3673,P13612;P17301;P26010;P05556
T5183,CC[C@H]1NC(=O)N(c2ccc(Oc3ccc(C)c(OC)c3)nc2)C1=O,PPARG,0.3225,活性,低毒性,,
T6104,CCS(=O)(=O)N1CCN(c2ccc(Nc3ncc(C(N)=O)c(NC4CC4)n3)cc2)CC1.Cl,THRSP,0.3225,活性,低毒性,,Q8IVH8;P36888;Q13131;Q16584;Q6ZSR9;O14757;O95382;Q14164;P45984;Q9BZL6;Q99683;O96013;Q9UGJ0;P53779;Q13163;Q9BQI3;P09619;Q7L7X3;P19784;Q9NSY1;O43683;P23458;Q9UK32;Q9P289;Q13043;O95819;P51812;P45983;P46734;O14976;Q9Y4K4;Q9UL54;Q05655;Q99759;P51956;O75385;Q7KZI7;O95835;Q96GD4;Q9Y2K2;O94806;Q13873;P54619;Q9H0K1;Q9H2K8;Q9UHD2;P27448;Q2M2I8;Q13188;Q9Y2U5;P07949;Q6PHR2;P29597;P43405
T3508,CCOc1ccc(Oc2ccc(OCc3cc(F)ccc3F)cc2)c(N)c1,PPARG,0.3223,活性,低毒性,1559;775;1551,QLI62812;Q13936;NP_000756;ABI96208
T63992,Br.N=C(N)SCc1ccc(CN2C(=O)C(=O)c3cc(Br)cc(Br)c32)cc1,AOC3,0.322,高活性,毒性,217;216;218,P00352;P05091;P30838
T12428L,Cc1cc(C)c(CN2CCc3c(Cl)cc(-c4c(C)noc4C)c(Cl)c3C2=O)c(=O)[nH]1,NR1H4,0.322,活性,毒性,2146,Q15910
T5189,CN(C)c1cc(CNCC(C)(C)C)c(O)c2c1C[C@H]1C[C@H]3[C@H](N(C)C)C(O)=C(C(N)=O)C(=O)[C@@]3(O)C(O)=C1C2=O,THRSP,0.322,活性,低毒性,5743;1129;24693;5742,P35354;Q63921;P08172;P23219
T204083,O=C1OCCCc2c(Cl)cc3[nH]ncc3c2-c2ncc3c(nc(OC[C@@]45CCCN4C[C@H](F)C5)nc3c2F)N2CCOC[C@H](C2)O1,AOC3,0.3218,活性,低毒性,,P01116
T26852,O=C(NC1CC1)c1cc(NCc2cnc(Nc3ccccn3)s2)c(F)cc1F,PPARG,0.3218,活性,低毒性,3815;3791;5159;2321,P35968;P10721;P17948;P09619
T3655,COc1cc(OCc2cccc(-c3ccccc3)c2C)cc(OC)c1CN1CCCC[C@H]1C(=O)O,PPARG,0.3218,活性,毒性,29126;5133;6850,Q15116;P43405;Q9NZQ7
T27654,NC(=O)NCCC[C@@H](NS(=O)(=O)c1ccc(OCc2cc(Br)cc(Br)c2)cc1)C(=O)NO,RXRG,0.3218,高活性,低毒性,6868;101;102,P08253;P78536;P14780;P78325;P39900;O14672
T8887,COc1ccccc1-c1cc(=O)c2cc(C)ccc2o1,ACACA,0.3215,高活性,低毒性,25451;29707;140674;289606;140675;29708;79211;65191;29705;29709;81658;24947;24922;29689;25450,P28473;P15431;P19969;P62813;P63138;P63079;O09028;P18506;P30191;P18508;Q9ES14;P20236;P28471;P23574;P23576;Q91ZM7
T5S1331,O=c1c(O)c(-c2ccc(O)cc2)oc2c(O)c(O)cc(O)c12,PPARA,0.3215,活性,低毒性,2203,B4URF0;P09467;P10481
T35592,Cl.Oc1ccc(-c2nc(-c3ccncc3)c(-c3ccc(F)cc3)[nH]2)cc1,PPARG,0.3215,高活性,低毒性,2669;9748;80271,NP_055535;NP_005252;NP_079470
T11143,Nc1ncnc2c1ncn2[C@@H]1O[C@H](C(=O)N2CCN(CC(=O)Nc3cccc4c3CNC4=O)CC2)[C@@H](O)[C@H]1O,AOC3,0.3213,活性,低毒性,11545,P11103
T10168,COc1ccccc1N1CCN(CCc2ccc3c(c2)sc(=O)n3C)CC1,AOC3,0.3213,活性,低毒性,3358;407230;25075;282134;281126,P08908;P28564;P28335;Q75Z89;P20288;P18130
T31011,COc1cc2cc3c4cc(OC)c(OC)cc4cc[n+]3c(C)c2cc1OC.[Cl-],NR1H4,0.3213,活性,低毒性,1576,2O23_A;NP_059488;1RA7_A;2O23_B;AAI07878
T9572,CCN(Cc1nc2c(N)nc3cc(-c4cc[nH]n4)ccc3c2[nH]1)C(C)=O,PPARG,0.3213,活性,低毒性,,Q96P20
T8601,CCc1cc2c(n1Cc1ccccc1)CCCC2=O,PPARG,0.3213,活性,低毒性,,O60885
T30506,Cc1ccc2c(nc(C)n2CCCCC2(C(=O)NCC(F)(F)F)c3ccccc3-c3ccccc32)c1NC(=O)c1ccccc1-c1ccc(C(F)(F)F)cc1,THRSP,0.3213,活性,低毒性,4547,P55157
T31101,C[C@H](NC(=O)CCc1nc2cccnc2n1Cc1ccc(OC(F)(F)F)cc1)c1ccc(Cl)cc1,THRSP,0.3213,活性,低毒性,5168,Q13822
T12848,COc1cc(Br)c(S(=O)(=O)Nc2ccc(Cl)c(O[C@@H]3CCN(C)C3)c2)cc1OC,ACACA,0.321,活性,毒性,9970;6850;1559;1565;1551;2837;7468,Q9UKP6;ANW61984;ABI96208;QLI62812;O96028;NP_000756;ADZ17385;P43405
T9976,COc1cc(N2CCC(N3CCN(C)CC3)CC2)ccc1Nc1ncc(Cl)c(Nc2ccccc2N(C)S(C)(=O)=O)n1,ACACA,0.321,活性,低毒性,4233,P00533;P08581
T6852,CN1C(=O)[C@@H](NC(=O)c2cc(Cc3ccccc3)on2)COc2ccccc21,AOC3,0.321,活性,毒性,19766,Q60855;Q13546
T6575,Cc1c(Cl)c(OCC(=O)N2CCN(C)CC2)nc2sc(C(=O)NC3CC3)c(N)c12,GPAM,0.321,活性,低毒性,1551;1129;1132,NP_001006633;ABI96208;NP_000756;P08172;P08173;NP_000732
T10300,C[C@H](NC(=O)N1CCc2cccnc2[C@H]1c1ccc(C(F)(F)F)cc1)C(F)(F)F,PPARG,0.321,活性,低毒性,171384;79054,Q7Z2W7;Q8R455
T10776,COc1ccc2c(c1)O[C@@H](c1ccc(OC)c(OC)c1)C[C@H]2NC(=O)C1(c2ccc3c(c2)OC(F)(F)O3)CC1,PPARG,0.321,活性,低毒性,27346;1080;10280;2554,P13569;Q5BJF2;Q99720;P14867
T15441,CCCOc1ccn2c(C(C)=O)cc(-c3cccc(OC)c3)c2c1,PPARG,0.321,活性,低毒性,65980,Q9H8M2
T6245,CC(=O)OCOC(=O)CN(CC(=O)OCOC(C)=O)c1ccccc1OCCOc1ccccc1N(CC(=O)OCOC(C)=O)CC(=O)OCOC(C)=O,THRSP,0.321,活性,低毒性,65975,CAC29064;B45705;AAI07878;AAG24257
T17102,Cn1cncc1[C@](N)(c1ccc(Cl)cc1)c1ccc2c(c1)c(-c1cccc(Cl)c1)cc(=O)n2C,RXRA,0.3208,活性,低毒性,,
T4487,O=[N+]([O-])c1ccc(CNc2nc(NCc3cccc(C(F)(F)F)c3)nc3nc[nH]c23)cc1,SCD,0.3208,活性,低毒性,4837;2593;27232;1559;9807;51447;3706;5409;1551;3176,P23677;Q92551;ABI96208;QLI62812;Q9UHH9;Q14749;NP_000756;P40261;P21964;P11086;Q14353;P50135
T10287,CC(c1ccc(-c2cnc3c(-c4ccc(S(N)(=O)=O)c5ccccc45)cnn3c2)cc1)N1CCCC1,THRSP,0.3208,高活性,低毒性,7048;93;92;94;90;11477;657,P37023;P37173;P37172;P27037;P36894;Q13705;Q04771
T8411,CCCn1cnc2cc(NCc3ccc(Cl)cc3Cl)ccc21,ACACA,0.3206,活性,低毒性,,NP_371243
T3550,C[C@@H](Oc1cc(C(=O)Nc2ccc(C(=O)N3CCN(C)CC3)cc2)nnc1N)c1c(Cl)ccc(F)c1Cl,AOC3,0.3206,活性,毒性,6850;4233;43740568;7468;238,Q9UM73;Q9Y4K4;P08581;Q13233;Q2M2I8;O96028;Q6ZSR9;Q12851;NP_004295;NP_001120972;P43405
T14214,COc1ncc(Nc2ncc([C@@H](C)N3CCN(S(C)(=O)=O)CC3)cc2-c2nc(C)nc(N)n2)cc1F,AOC3,0.3206,高活性,毒性,115;5294;5293;5291;5295;7468,O60503;P42338;P42336;O00329;P27986;O96028;P48736
T6432,CCCC[C@@H](C=O)NC(=O)[C@H](CC(C)C)NC(=O)OCc1ccccc1,AOC3,0.3206,活性,毒性,6850;1513;43740568;823;7421;10753,P0DTD1;P07384;NP_001017535;O14815;P43235;AAI07878;P43405;P07711
T22752L,CC(C)C[C@H](NC(=O)[C@H](Cc1ccccc1)NC(=O)CNC(=O)[C@@H](CO)NC(=O)[C@@H](N)Cc1ccc(O)cc1)C(=O)N[C@H](C(=O)O)[C@@H](C)O,PPARD,0.3206,高活性,低毒性,100135587;4985;18386;100379267;24613;4988;25601,P33533;P33535;P41143;NP_038650;NP_000902;P41144;P97266;NP_001138755
T86905,C=CC(=O)N1CC(C)N(c2nc(=O)n3c4nc(c(Cl)cc24)-c2c(F)ccc(F)c2OCCOc2ccnc(C(C)C)c2-3)CC1C,RXRG,0.3206,活性,低毒性,,P01116
T4S1951,CC[C@@]1(O)C(=O)OCc2c1cc1n(c2=O)Cc2cc3cc(OC)ccc3nc2-1,THRSP,0.3206,活性,低毒性,,
T2035,COc1cc2ncnc(Nc3ccccc3)c2cc1OC,ACACA,0.3203,活性,低毒性,3791;3717;5979,P00533;P07949;P35968;EAW58774
T3430,O=C(NCC(=O)N1CC[C@H](N[C@H]2CC[C@@](O)(c3ccc(-c4ncccn4)cn3)CC2)C1)c1cccc(C(F)(F)F)c1,AOC3,0.3203,活性,低毒性,729230;60463;12772,P41597;O55193;P51683
T3521,C[C@H](NC(=O)Cc1cc(F)cc(F)c1)C(=O)N[C@H]1N=C(c2ccccc2)c2ccccc2N(C)C1=O,AOC3,0.3201,高活性,低毒性,55851;5664;51107;5663;83464;23385,Q8WW43;Q96BI3;Q92542;P49810;P49768;Q9NZ42
T13646,C[C@]12C=CC(=O)C=C1CC[C@@H]1[C@@H]2[C@@H](O)C[C@@]2(C)[C@H]1C[C@H]1O[C@@H](C3CCCCC3)O[C@]12C(=O)CO,GPAM,0.3201,活性,低毒性,,P04150
T9292,O=C1c2cccc3cc([N+](=O)[O-])cc(c23)C(=O)N1NCCO,PPARG,0.3201,高活性,低毒性,59109;4914;4804,P08138;P35739;P04629
T23336,COc1ccc(CCCn2ncc3c2nc(N)n2nc(-c4ccco4)nc32)cc1,RXRB,0.3201,活性,低毒性,135;136;29290;57413;25369;134,P25099;NP_001075445;P30542;NP_000667;P30543;NP_001041695;NP_000666;P29274
T6934,Cc1ccc(-n2nc(C(C)(C)C)cc2NC(=O)NCc2cc(F)ccc2Oc2ccc3c(cnn3CCO)c2)cc1,THRB,0.3201,活性,毒性,6850;1432;7468;2324;7010;3055;27;2534;25;2321;5600;50488;2260,Q15759;P00519;NP_000450;NP_620583;P42685;Q00537;Q15375;Q16539;NP_002101;P45984;NP_005148;P15056;P53779;NP_891555;Q15746;NP_005149;NP_002028;NP_001020108;Q12866;NP_002742;Q16832;P42684;O95819;Q14289;P07948;P04629;NP_001167538;O96028;P51617;Q13470;P49137;P54760;Q00535;P11274;P21709;Q9NYL2;P07949;P06241;P29317;Q08345;P11362;NP_001153503;Q9Y572;P43405
T9753,O=C(CCCc1ccccc1)C(=O)NCCc1ccc(Oc2ccc(C(F)(F)F)cn2)cc1,THRSP,0.3201,高活性,低毒性,11145;117245;5920;54979,Q96KN8;Q9NWW9;Q9UL19;P53816
T15000,CCOC[C@]12Cc3cnn(-c4ccc(F)cc4)c3C=C1CCN(S(=O)(=O)c1ccc(C(F)(F)F)cc1)C2,THRSP,0.3201,活性,低毒性,3757,Q12809;P04150
T62798,N[C@@H]1c2ccccc2OC12CCN(c1cnc3c(N4CCCc5ncccc54)n[nH]c3n1)CC2,GPAM,0.3198,活性,低毒性,10603,O14492
T63569,C[C@@H]1CN(c2ccc(F)cc2C(F)(F)F)CCN1S(=O)(=O)c1cccc([C@@](C)(O)C(F)(F)F)c1,NR1H4,0.3198,高活性,低毒性,25116;3290;15483,P16232;P28845;P50172
T8535,COc1cc2nccc(Nc3cc(OC)c(OC)c(OC)c3)c2cc1OC,PPARD,0.3198,高活性,低毒性,56997;2051;3932;2580;6714;25;8767;90;51701;658;2046;5607;2041,P29322;O14976;P00533;Q13163;P21709;O00238;P12931;Q9UBE8;Q8NI60;P00519;O15197;Q04771;O43353;P06239
T21385,CCOc1cc(N)c([N+](=O)[O-])cc1C(=O)NC1CCN(CC2CC=CCC2)CC1,PPARG,0.3198,活性,低毒性,1814;1813;3757;11255;152;151;2862;3357;3356;4986,P14416;P18825;P18089;Q12809;P41145;P35462;P41595;O43193;P28223;Q9Y5N1
T60203,CNC(=O)c1ccc(-c2ccc(C3(C(=O)N4CC[C@@]5(C4)OC(=O)c4ccccc45)CC3)cc2)cn1,RXRG,0.3198,活性,低毒性,3290,P28845
T17239,C[C@@H](CN1CCC(n2c(=O)[nH]c3cc(Cl)ccc32)CC1)NC(=O)c1ccc2ccccc2c1,THRSP,0.3198,活性,毒性,5337;6850;25096;7468;1559;1551;1565;5338,ANW61984;O14939;P70496;ABI96208;QLI62812;O96028;NP_001230037;NP_000756;Q13393;P43405;NP_001123553
T3S1612,CC(C)=CCc1c(-c2ccc(O)cc2O)oc2c([C@H]3C=C(C)C[C@@H](c4ccc(O)cc4O)[C@@H]3C(=O)c3ccc(O)cc3O)c(O)cc(O)c2c1=O,THRSP,0.3198,高活性,低毒性,946149;2990;75204461,P05804;P08236
T14894,C=CC(=O)Nc1cc(C)ccc1Nc1nc(Nc2cc(OC)ncc2C)ncc1C(F)(F)F,AOC3,0.3196,高活性,低毒性,5594;5595,P27361;P28482
T2498,NNC(=O)c1nn(Cc2ccc(Cl)cc2Cl)c2ccccc12,NR1H3,0.3196,活性,低毒性,115,O60503
TN1599,C=C(CC[C@@H](C(=O)O)[C@H]1CC[C@@]2(C)C3=C(CC[C@]12C)[C@@]1(C)CC[C@H](O)C(C)(C)[C@@H]1CC3)C(C)C,PPARG,0.3196,活性,低毒性,,
T8858,O=C(Nc1ccc(F)cc1)Nc1ccc(Cl)c([N+](=O)[O-])c1,PPARG,0.3196,活性,低毒性,,
T1976,CN1CCN(c2ccc(Nc3cc(-c4cccc(-n5ccc6cc(C7CC7)cc(F)c6c5=O)c4CO)cn(C)c3=O)nc2)CC1,THRSP,0.3196,活性,毒性,660;3757;7006;695;7525;9748;1551;2268;7468,P07947;Q06187;P51813;Q12809;NP_000052;ABI96208;P42680;O96028;NP_055535;NP_000756;P09769;Q9H2G2
T60075,Cc1cc(C)c2c(N)c(C(=O)NCCCCCN3CCN(c4cccc(Cl)c4Cl)CC3)sc2n1,AOC3,0.3193,活性,低毒性,1813,P14416
T14933,CCCCCCCCCCCCCCCCNc1ccc(C(=O)O)cc1,PPARG,0.3193,活性,毒性,,
T2025,Nc1ccc(F)cc1NC(=O)c1ccc(CNC(=O)C=Cc2cccnc2)cc1,PPARG,0.3193,活性,低毒性,3065,NP_004955
T38374,CCCCCCCCCCCCC(O)C(=O)O,THRSP,0.3193,活性,低毒性,53831,Q9NQS5
T9854,Cn1ccc(=O)c(C(=O)Nc2nsc3ccc([N+](=O)[O-])cc23)c1,PPARG,0.3191,活性,低毒性,,
T27250,O=C(O)C[C@H](NC(=O)[C@@H]1CCCN(C(=O)CCC2CCNCC2)C1)c1cccnc1,RXRA,0.3191,高活性,低毒性,3690;3674,P05106;P08514
T8579,O=C(NCc1cccnc1OCC(F)(F)F)c1cncc(-c2ccc(Cl)cc2)c1,GPAM,0.3188,活性,毒性,6331;6326;29571;20264;6336,Q6QIY3;Q62968;Q9Y5Y9;Q14524;Q99250
T27603,COC(=O)N1CC2(CC2)C[C@H](C(=O)NO)[C@H]1C(=O)N1CC=C(c2ccccc2)CC1,PPARG,0.3188,高活性,毒性,102;397343;80332;6868;101,P08253;P78325;P50281;NP_694882;P78536;P08254;NP_001157962;P14780;O77636;Q9BZ11;P39900;O14672;P04626
T2072,Cc1noc2c1-c1ccc(-c3cnn(C)c3)cc1C(c1ccc(Cl)cc1)=N[C@H]2CC(N)=O,RXRA,0.3188,活性,毒性,,O60885
T3447,CCCCCCCCCCCCCC(=S)NCCCC[C@H](NC(=O)OCc1ccccc1)C(=O)Nc1ccccc1,RXRA,0.3188,活性,低毒性,22933,Q8IXJ6
T14916,NS(=O)(=O)c1ccc(Nc2nc(-c3cccc(-c4ccccc4)c3)c3nc[nH]c3n2)cc1,THRSP,0.3188,高活性,低毒性,983;891;281667,P50750;O60563;P24941;P30274;P14635;P24864;P06493;P20248
T3517,COc1cc(C(N)=O)ccc1NC(=O)[C@@H]1N[C@@H](CC(C)(C)C)[C@@]2(C(=O)Nc3cc(Cl)ccc32)[C@H]1c1cccc(Cl)c1F,THRSP,0.3188,高活性,毒性,4193;7468;6850,O96028;Q00987;P43405
T39764,COc1cc2c(-c3cnn4cc(N5CCC(N6CCN(C)CC6)CC5)cnc34)ccnc2cc1F,AOC3,0.3186,高活性,低毒性,7046;94;90;91;657,P37023;P36896;P36894;P36897;Q04771
T14991,Oc1ccc(-c2cc(OC3CCCC3)c3ccccc3n2)cc1O,PPARG,0.3186,活性,低毒性,,
T11954,Cc1cc(OCP(=O)(O)O)cc(C)c1Cc1ccc(O)c(C(C)C)c1,PPARG,0.3186,活性,低毒性,7068;7067,P10827;P10828
T23325L,CN(C)CCN(Cc1ccc(-c2ccc(CNCCc3ccccc3)cc2)cc1)C(=O)CCC1CCCC1,PPARG,0.3186,高活性,毒性,6850;1559;3361;1551;1565;7468,P28221;ANW61984;P08908;P46098;ABI96208;NP_076917;QLI62812;O96028;P41595;P47898;NP_000756;P28222;P28223;P28335;P43405
T60130,O=C(O)CNC(=O)c1ccc(S(=O)(=O)N2CCC(c3ccc(Cl)cc3)CC2)cn1,RXRG,0.3186,活性,低毒性,8078,P45974
T17186,Cc1c(S(=O)(=O)Nc2ccc(-c3nc(C(=O)O)cs3)cc2S(C)(=O)=O)sc2ccc(F)cc12,ACACA,0.3184,活性,低毒性,1215,P23946;P08311;NP_001827
T8672,CC(C)(c1ccc(O)c(-c2ccccc2)c1)c1ccc(O)c(-c2ccccc2)c1,NR1H3,0.3184,高活性,毒性,2101;43;5914;100766857;2099;8856;7253;1557;1559;100689061;19885;2737;1576;1565;367;3356;1544,ADZ17337;ANW61984;AEP43755;AAI32976;EAW81333;AAY56401;AAH14804;NP_001230975;ABI96208;AAA68151;AGS09764;ADZ17384;EAW99313;AAH96839;AAV41877;ADZ17378;AAI13617;EGW14942
T25548,CNS(=O)(=O)c1ccc(CCNC(=O)c2cc(Cl)ccc2OC)cc1,NR1H3,0.3184,活性,低毒性,216799,Q8R4B8;Q96P20
T23524,C[N+](C)(CCCCCC[N+](C)(C)CCCN1C(=O)c2ccccc2C1=O)CCCN1C(=O)c2ccccc2C1=O.[Br-].[Br-],NR1H4,0.3184,高活性,低毒性,1129;397498,P06199;P08172
TN7180,Nc1nccc(-c2c[nH]c3ccc(Br)cc23)n1,PPARG,0.3184,高活性,毒性,983;282322;1020;5566;1543;2932;1545;891;25255;5292;282004;84027;5568;8851;1195;5567;1544,P22694;P18266;P17612;I6LNT8;P00517;P22612;B2LUN4;P11309;P04798;Q16678;P05177;Q15078;P49759;P00516;Q8WWL7;P06493;Q00535;O95067;Q63470;P14635;P49841
T39654,Cc1c(-c2[nH]c3ccc(C4CCN(CC(N)=O)CC4)cc3c2C(C)C)cn2ncnc2c1C,PPARG,0.3184,高活性,低毒性,51311;146802;54106;51284,Q9NYK1;Q86VL8;Q9NR97;Q9NR96
T3S2105,CCCCCCCCCCCCCCCC(=O)NCc1ccccc1,PPARG,0.3184,活性,低毒性,65030;2053;13850,P80299;P34914;P34913
T39608,CN1CCN(c2cc(C(=O)Nc3cc4cc(-c5cnn(C)c5)ccc4cn3)ccn2)CC1,RXRG,0.3184,高活性,毒性,57396;102800317;1020;8444;2932;8798;8851;1454;8445;9149;1195;7471;1198;1196,P49674;P49759;Q9HAZ1;Q92630;Q15078;P04628;O43781;P49761;P49760;Q9Y463;Q13627;P49841;Q9NR20;Q00535
T9117,CC(C)S(=O)(=O)c1ccccc1Nc1nc(N[C@@H]2CCCN(CCCCCCCNC(=O)COc3cccc4c3C(=O)N(C3CCC(=O)NC3=O)C4=O)C2)ncc1Cl,THRSP,0.3184,活性,低毒性,7428,P40337;Q9NYV4
T10651,COc1cc2nccc(Oc3ccc(NC(=O)Cc4ccc(Cl)c(C(F)(F)F)c4)cc3)c2cc1OC,THRSP,0.3184,高活性,低毒性,18596;780;3815;16590;19713;5159;5979;18595;1436;12978;14257,P09581;P07333;P26618;P10721;P35917;P09619;P07949;P35546;Q08345;P05622;P16234;P05532
T22814,CCCCCCn1c(=O)c(C(=O)Nc2ccc(C(=O)OCCC)cc2)c(O)c2ccccc21,GPAM,0.3181,活性,低毒性,319757,P56726
T2S2046,COC(=O)[C@@]12OC[C@]34[C@H]([C@@H](O)[C@@H]1O)[C@@]1(C)CC(=O)C(O)=C(C)[C@@H]1C[C@H]3OC(=O)[C@H](OC(=O)CC(C)C)[C@@H]24,PPARD,0.3179,活性,毒性,,
T34624,CC[C@](O)(c1nnc(NCc2ccc3c(-c4ccc(F)cc4)cc(=O)oc3c2)o1)C(F)(F)F,RXRG,0.3179,高活性,低毒性,24297;266682;25642;240;24296,P04799;P09917;P05183;P00185;P04800
T201081,Cn1cnc2ccc(Nc3c(F)ccc(NS(=O)(=O)N4CC(F)C4)c3Cl)c(Cl)c2c1=O,THRSP,0.3179,活性,低毒性,,P15056
T10358,Cc1ccc(C(=O)OCc2ccc([C@@H](CN)C(=O)Nc3ccc4cnccc4c3)cc2)c(C)c1.Cl.Cl,AOC3,0.3176,高活性,低毒性,6093;9475,Q13464;O75116
T11345,CC(C)N1CCN(c2ccc(Nc3ncc4cc5n(c4n3)C3(CCCCC3)CNC5=O)nc2)CC1,AOC3,0.3176,高活性,低毒性,9706;595;7272;1019;152110;81788;8900;1021;2322;896,P11802;P51946;Q8IYT8;P50750;P78396;O60563;Q9H093;Q6ZWH5;P24941;P30281;Q00534;P36888;P24864;P33981;P24385;P20248
T15707,CO[C@@H]([C@@H]1OC(C(=O)O)=C[C@H](NC(=N)N)[C@H]1NC(C)=O)[C@H](O)CO,NR1H3,0.3176,活性,低毒性,,Q194T1;B4URF0
T10429,COC[C@H]1Cn2cc(-c3nc(Nc4ccnn4C)ncc3C)nc2C(=O)N1Cc1ccc(F)c(F)c1,PPARG,0.3176,高活性,低毒性,1020;5595;5594;8851;9891;225689,Q8TD08;O60285;P27361;P24941;P24864;Q15078;P28482;Q00535
T6118,COc1cccc(-c2cc(F)ccc2[C@H]2Cc3nc(N)nc(C)c3C(=O)N2)n1,THRSP,0.3176,高活性,毒性,3326;3320;1559;10131;1551,P08238;P07900;ABI96208;Q12931;QLI62812;NP_000756
T2482,NC[C@@](O)(c1ccc(Cl)cc1)c1ccc(-c2cn[nH]c2)cc1,THRSP,0.3176,活性,毒性,4837;6850;1559;23678;5409;3176;5567;27330;27232;6093;6196;3456;6199;2593;6195;142;5566;9252;6197;7468;10000;9475;3106;6198;8986;5568;100533105,P01574;P31749;Q13464;Q9Y243;O75582;QLI62812;P22694;P17612;Q96BR1;P21964;P22612;P09874;ABI96208;Q15418;Q14749;Q9UK32;Q9UBS0;Q14353;Q16512;P51812;Q05655;P25098;Q16513;P23443;O96028;P31751;O95835;Q15349;P11086;P50135;O75676;O75116;P40261;P43405
T14004,Cc1cc(C)cc(NC(=N)Nc2ccccc2C(F)(F)F)c1,MLXIPL,0.3174,活性,低毒性,5058,Q13153
T7336,O=C(Nc1ccc(S(=O)(=O)Nc2nccs2)cc1)C(c1ccccc1)c1ccccc1,NR1H3,0.3174,活性,低毒性,6329;6323;6331;134391;6326;1559;497770;78956;6328;1551;1565;6336,P35498;O08562;ANW61984;Q15858;Q9Y5Y9;Q8TDV0;ABI96208;QLI62812;NP_000756;Q9NY46;Q14524;P35499;P08104;Q99250
T4495,Cc1sc2c(c1C)C(c1ccc(Cl)cc1)=N[C@@H](CC(=O)NCCCCNC(=O)COc1cccc3c1C(=O)N(C1CCC(=O)NC1=O)C3=O)c1nnc(C)n1-2,RXRA,0.3174,活性,毒性,676;8019,Q96SW2;Q58F21;Q16531;Q15059;O60885
T36200,C[C@H]1COCCN1c1cc(C2(S(=O)(=O)C3CC3)CC2)nc(-c2ccc(NC(=S)NCCO)cc2)n1,RXRG,0.3174,高活性,毒性,6850;5294;5293;5291;7468;3456;2475;43740568;1489834,P01574;P42338;P42336;O00329;AMB37292;P42345;O96028;P48736;P43405
T16516,CC(C)c1ccc(NC(=O)C(c2ccccc2)N(C)C(=O)Cc2c[nH]c3ccccc23)cc1,AOC3,0.3171,活性,毒性,6850;24255;1080;1559;1551;1565;7468,NP_000483;ANW61984;ABI96208;QLI62812;O96028;NP_000756;P34158;P13569;P43405
T6503,CC(=O)O[C@]1(C(C)=O)CC[C@H]2[C@@H]3C[C@H](C)C4=CC(=O)C=C[C@]4(C)[C@@]3(F)[C@@H](O)C[C@@]21C,NR1H3,0.3171,活性,低毒性,7468,O96028
T8975,CCCCCCCC(C)(C)c1cc(O)c2cc(Cc3ccccc3O)c(=O)oc2c1,PPARD,0.3171,高活性,低毒性,9290;1269;1268,P21554;Q9Y2T6;P34972
T37818,Cc1ccc[n+](CCCCCCCCCCCC[n+]2cccc(C)c2)c1.[Br-].[Br-],PPARG,0.3171,活性,低毒性,171131;81721,P43143;P12391
T27307,Cc1sc2ncnc(NC3CCN(Cc4ccccc4)C3)c2c1C,PPARG,0.3171,活性,低毒性,,
T13312L,CC(C)[C@](O)(c1ccc2cc(OC(F)F)c(OC(F)F)cc2c1)c1cnn[nH]1,SCD,0.3171,活性,毒性,6850,P43405
T39389,O=S(=O)(c1ccc(-c2ccsc2)cc1)N1CCN=C1N1CCN(C2CCC2)CC1,THRSP,0.3171,活性,低毒性,84678,Q8NHM5
T9211,O=C(NCCCCCCCCCC[P+](c1ccccc1)(c1ccccc1)c1ccccc1)c1nn(Cc2ccc(Cl)cc2Cl)c2ccccc12.[Br-],THRSP,0.3171,活性,毒性,,
T74793,CS(=O)(=O)c1ccc(C(=O)Nc2ccc(Cl)c(-c3ccc4c(c3)CCNC4)c2)c(Cl)c1,AOC3,0.3169,活性,低毒性,57646,Q96RU2
T8332,Cc1c(-c2ccc(-c3ccccc3F)cc2)nc2ccc(F)cc2c1C(=O)[O-].[Na+],PPARG,0.3169,活性,毒性,1723,Q02127
T10410,O=C(Nc1ccc(CP(=O)(O)O)cc1)C1CCN(C(=O)OCc2cc(Cl)cc(Cl)c2)CC1,PPARG,0.3169,活性,低毒性,5168,Q13822
T10215,O=C(Nc1ccc2cc(C(=O)Nc3nccs3)ccc2c1)c1ccc(Cl)c(Cl)c1,PPARG,0.3169,高活性,低毒性,6795;595;5595;5293;1263;1021;225689;5291;5288;10769;23552;5598;5594;5347;8558;5596;896;1018;1020;5294;5287;9212;6790;983;5597;1019,P42338;O00329;Q9NYV4;Q9H4B4;Q16659;P28482;P24385;Q13164;Q9NYY3;P50613;P42336;P27361;Q9UQB9;Q00526;Q9BWU1;O75747;P50750;Q8TD08;P30281;O14965;P31152;P48736;P06493;O00750;Q96GD4;Q00535;P53350;P11802;Q15131;P24941;Q00534;P49336;Q8IZL9
T15436,CC(C)C1=C2[C@H]3CC[C@@H]4[C@@]5(C)CC[C@H](OC(=O)CC(C)(C)C(=O)O)C(C)(C)[C@@H]5CC[C@@]4(C)[C@]3(C)CC[C@@]2([C@@H](O)CN(CCN(C)C)Cc2ccc(Cl)cc2)CC1=O,ACACA,0.3164,活性,低毒性,,Q72502
T16567,C[C@H]1COCCN1c1nc(-c2cnc(N)cc2C(F)F)nc(N2CCOCC2)n1,AOC3,0.3164,高活性,低毒性,64223;5294;79109;2475;253260;57521,P42336;P42345;Q8N122;Q9BVC4;P48736;Q9BPZ7;Q6R327
T9805,CC1OC(=O)NN=C1c1ccc(-c2ccc(F)cc2)c(C(F)(F)F)c1,GPAM,0.3164,高活性,低毒性,5139;5140,Q14432;Q13370
T16860,COc1ccccc1C1CCN(c2nc(C3(F)CC3)nc3ccc(N(C)CCO)cc23)CC1,PPARG,0.3164,活性,低毒性,4923,P30989
T6090,CCO[C@@H]1OC(=O)C[C@@H]1NC(=O)[C@@H]1CCCN1C(=O)[C@@H](NC(=O)c1ccc(N)c(Cl)c1)C(C)(C)C,PPARD,0.3162,活性,毒性,1551,NP_000756;ABI96208
T14375,O=C(O)C[C@H]1CC[C@H](c2ccc(NC(=O)c3nnc(Nc4ccc(F)c(F)c4)o3)cc2)CC1,PPARG,0.3162,活性,低毒性,6646;13350;8694;84497,Q9ERM3;O75907;Q9Z2A7;P35610
T6267,O=C(NC1CCN(CCCCC2(C(=O)NCC(F)(F)F)c3ccccc3-c3ccccc32)CC1)c1ccccc1-c1ccc(C(F)(F)F)cc1,ACACA,0.3159,活性,毒性,1814;4548;1128;140;6850;148;3757;1559;4547;6530;6915;1812;6531;4988;1551;1565;7468;3458,ANW61984;P55157;P35372;Q01959;P35462;QLI62812;NP_000756;P11229;P0DMS8;Q99707;ABI96208;P21728;P21731;O96028;NP_000610;P35348;Q12809;P23975;P43405
T6S1256,C[C@@H]1CC[C@@]2(OC1)O[C@H]1C[C@H]3[C@@H]4CC=C5C[C@@H](O)C[C@@H](O)[C@]5(C)[C@H]4CC[C@]3(C)[C@H]1[C@@H]2C,PPARG,0.3159,活性,毒性,,
T78181,CC(C)C[C@H](NC(=O)CNC(=O)CC[C@H](NS(=O)(=O)c1ccc(Cl)c(C(F)(F)F)c1)C(=O)O)C(=O)N[C@H](C(=O)N[C@@H](C)C(N)=O)C(C)C,THRSP,0.3159,活性,低毒性,,P09237
T2105,C[C@]1(c2nc3c(C(N)=O)cccc3[nH]2)CCCN1.Cl.Cl,GPAM,0.3154,活性,低毒性,,Q9UGN5;P09874
T9853,CC1(C)C(=O)N(Cc2c(F)cccc2Cl)c2cc(C(=O)NCc3c(F)cc(F)cc3F)ccc21,PPARA,0.3154,活性,低毒性,,Q86WV6
T14322,CC(C)ON(CC(=O)NO)S(=O)(=O)c1ccc(-c2ccccc2)cc1,RXRA,0.3154,活性,低毒性,4325;4313;4312,P08253;P51512;P50281;P08254;P14780;P22894;P45452;NP_001121363;P03956
T4665,COc1cnc(-n2cnc(C)n2)c2[nH]cc(C(=O)C(=O)N3CCN(C(=O)c4ccccc4)CC3)c12,RXRB,0.3154,活性,低毒性,1559,Q6QLK5;QLI62812
T10464L,COc1cc(F)ccc1-c1ncnc(Nc2cccc(CS(C)(=N)=O)c2)n1,THRSP,0.3154,高活性,毒性,6850;3106;3456;43740568;7468;1489834,P50750;P01574;O60563;AMB37292;P24941;O96028;P24864;P43405
T16483,C[C@H](c1ccc(F)cc1)N(Cc1cccc(C(=O)O)c1)C(=O)c1cnc2ccccc2c1,THRSP,0.3154,活性,低毒性,79054;2554,Q7Z2W7;P14867;Q16539
T12395,C[C@@H](Nc1nc(=O)c2cnn(C3CCCC3)c2[nH]1)C(=O)N1CC[C@H](F)C1,XPR1,0.3154,活性,低毒性,5152;5150;10846;8654;5153,O76083;Q01064;Q9Y233;O76074;Q13946
T34709,CN1CCN(c2cc(NCc3c(Cl)cccc3Cl)nc(N)n2)CC1,AOC3,0.3152,高活性,低毒性,3269;59340;3274;11255,NP_001091683;NP_001153638;NP_009163;Q9H3N8;NP_001124527;Q9Y5N1
T3513,CC1=C(C(=O)Nc2ccc3[nH]ncc3c2)C(c2ccc(F)cc2)NC(=O)N1,NR1H3,0.3152,活性,低毒性,282682;6195;6093;7525;6198;156,Q13464;P25098;P21146;P23443;Q15418;NP_005424
T21858,O=C1NC(=O)c2c1c1c3ccccc3[nH]c1c1[nH]c3ccccc3c21,NR1H3,0.3152,高活性,毒性,816;4837;595;6850;5581;5409;3176;27232;5583;23683;815;5590;9134;5588;2593;1020;818;891;25400;8851;5587;5578;5579;983;5582;817;1019;5580;5584,P05129;Q15139;P41743;O96020;P05771;P21964;P24385;P11275;P24723;Q14749;Q13557;Q05513;3I06_A;Q15078;Q02156;P17252;Q14353;Q9UQM7;Q8WWL7;Q05655;P06493;P11086;O94806;Q00535;P50135;P11802;Q13554;O95067;P24941;P14635;Q13555;P24864;Q04759;P40261;P43405;P20248
T24647,Cc1[nH]c2ccccc2c1-c1ccnc(NCCc2c[nH]c3ccccc23)n1,PPARD,0.3152,活性,低毒性,5610,P19525
T73143,CC(=O)c1cccc(NS(=O)(=O)c2ccc(C(=O)Nc3nc(-c4cccc(F)c4)cs3)cc2)c1,PPARG,0.3152,活性,毒性,26227,O43175
T61742,Nc1ccc(Oc2ccc(NC(=O)Nc3cccc(C(F)(F)F)c3)cc2)cn1,SCD,0.3152,活性,毒性,1021,Q00534;P49336;P50613
T9558,CCOc1ccc2nc(-c3cccc(OCC(=O)NC(C)C)c3)nc(Nc3ccc(-c4cn[nH]c4)cc3)c2c1,THRB,0.3152,活性,低毒性,,
T8976,CC(C)(C)NC(=O)Nc1nc2nc(N)ncc2cc1-c1c(Cl)cccc1Cl,THRSP,0.3152,高活性,毒性,2264;18596;2263;5595;2261;24629;5159;6714;5594;25267;396442;2260,P00533;Q05030;P27361;P21802;P09619;P20786;P00523;P12931;P11362;P22607;P05622;P28482;P22455;P16234
TQ0225,C[C@H](NC(=O)C(C)(F)F)[C@H](Oc1ccc2c(cnn2-c2cccc(C(=O)N[C@@H]3CCOC3)c2)c1)c1ccc2c(c1)OCCO2,THRSP,0.3152,活性,低毒性,24413;2908,NP_001191194;P04150;P06536
T2292,CCn1cc(NC(=S)Nc2cc(Cl)ccc2OC)c(C(N)=O)n1,ACACA,0.3149,活性,低毒性,9970,ADZ17385
T1184,O=C(NC[C@H]1CN(c2ccc(N3CCOCC3=O)cc2)C(=O)O1)c1ccc(Cl)s1,GPAM,0.3149,活性,低毒性,2147;100008647;6768;2159,O19045;P00734;2W26_A;Q9Y5Y6;P00742;NP_000495
T39994,Cc1cc(NC(=O)c2ccc(NS(=O)(=O)CCO)cc2N2CCC3(CC2)CC3)nc(N2CCC(F)(F)CC2)n1,PPARG,0.3149,活性,低毒性,81930,Q8NI77
T19161,CC(C)CCC[C@@H](C)[C@H]1CC[C@H]2[C@@H]3[C@H](O)C=C4C[C@@H](O)CC[C@]4(C)[C@H]3CC[C@]12C,PPARG,0.3149,活性,低毒性,6097;1880;6095,P51449;P32249;P35398;NP_004942
T206055,O=C1c2ccccc2C(=O)N1CCC1CCN(Cc2ccccc2)CC1,PPARG,0.3149,高活性,低毒性,43;83817;11423,P37136;P21836;O42275;P22303
T16106,COc1ccc(C2Nc3ccccc3C(=O)N2Cc2ccco2)cc1COc1c(C)cc(NC(C)=O)cc1C,PPARG,0.3149,活性,低毒性,2521,AAR07906;P16473;P35637
T4660,COc1cc2ncnc(Nc3ccc([N+](=O)[O-])cc3)c2cc1OC,PPARG,0.3149,活性,低毒性,9429,Q9UNQ0
T15486,CCOc1ccc(C(Nc2ccccn2)c2ccc3ccc(C)nc3c2O)cc1C,PPARG,0.3149,活性,毒性,6850;1559;3064,QLI62812;P42858;P43405
T61184,Nc1nonc1C(=O)NN=C1c2ccccc2-c2nc3nonc3nc21,PPARG,0.3149,活性,毒性,,P35222
T6846,CCCCOc1nc(N)c2c(n1)N(Cc1cccc(CN3CCCC3)c1)CC(=O)N2,AOC3,0.3147,活性,毒性,51311;6850;1551;1565;51284,P58681;ANW61984;Q9NYK1;Q9NR97;NP_000756;P43405
T71404,O=C(NCCN1CCC(n2c(=O)[nH]c3ccccc32)CC1)c1ccc2ccccc2c1,AOC3,0.3147,活性,低毒性,5337;25096;7468;1559;1551;1565;5338,ANW61984;O14939;P70496;QLI62812;O96028;NP_000756;Q13393
TN7033,COc1cc(O)cc(CCc2ccc(O)c(OC)c2)c1,PPARD,0.3147,活性,低毒性,,
T12832,O=C(O)c1ccc2c(c1)CCCC(c1ccc(Cl)cc1Cl)=C2c1ccc(O[C@H]2CCN(CCCF)C2)cc1,PPARD,0.3147,活性,毒性,2100,P03372;Q92731
T11824LL,Nc1cncc(-c2cn3ccnc3c(Nc3ccc(N4CCN(C5COC5)CC4)cc3)n2)n1,PPARG,0.3147,高活性,低毒性,6850;967,NP_001167638;O60674;P43405;P08962
TN2010,COc1cc(O)c2c(=O)c(O)c(-c3ccc(OC)c(O)c3)oc2c1,PPARG,0.3147,活性,低毒性,7498;1432,Q16539;P47989
T13393,Cc1noc(C)c1-c1cc(N)c2ncn(Cc3ccc(C4CO4)cc3)c2c1,PPARG,0.3147,活性,低毒性,,O60885
T5340,COc1ccc2c(C)nc(NC(=N)N)nc2c1,AOC3,0.3145,活性,低毒性,280844;4353,P05164;P80025;NP_000241
T67805,O=C(O)Cc1ccc2c(c1)OCc1ccccc1C2=O,AOC3,0.3145,活性,低毒性,231,P15121
T66580,CCOc1nc2cccc(C(=O)OC)c2n1Cc1ccc(-c2ccccc2-c2noc(=O)[nH]2)cc1,PPARG,0.3145,活性,低毒性,,
T23325,CN(C)CCN(Cc1ccc(-c2ccc(CNCCc3ccccc3)cc2)cc1)C(=O)CCC1CCCC1.Cl.Cl,PPARG,0.3145,活性,低毒性,,P31645
T41081,CCOC(=O)c1cnn(C)c1S(=O)(=O)NC(=O)Nc1nc(OC)cc(OC)n1,SCD,0.3145,活性,低毒性,855135,P07342
T22397,Cc1ccc(-n2nc(C(C)(C)C)cc2NC(=O)Nc2cc(COc3cccnc3)n[nH]2)cc1,THRSP,0.3145,活性,毒性,19229;6850;1559;1565;1551;2185;7468,ANW61984;Q14289;ABI96208;QLI62812;3FZT_A;O96028;NP_000756;Q9QVP9;P43405
T71553,C=C1C(=O)O[C@@H]2[C@@H]3[C@@H](C[C@@]4(O)[C@]3(O)CC[C@]43C(=O)C[C@H]4C(=C)CC[C@H]5C(=C)C(=O)O[C@@H]5[C@H]43)C(=C)CC[C@@H]12,THRSP,0.3145,活性,毒性,,
T10922,CC(C)(O)c1cncc(-c2nc3ccc(F)cc3n2C2CC2)c1,THRSP,0.3145,活性,低毒性,1585;1584;152;151;153;1588;3357,P15538;P18825;P18089;P19099;P41595;P08913;P28335;P08588;P11511
T62684,COc1cc2ncc3c(c2cc1-c1cn(C)nc1C)n(-c1c(F)cncc1OC)c(=O)n3C,GPAM,0.3142,活性,低毒性,,Q13315
T14524,Cc1ccccc1-c1cc(N2CCOCC2)ncc1N(C)C(=O)C(C)(C)c1cc(C(F)(F)F)cc(C(F)(F)F)c1,GPAM,0.3142,活性,低毒性,6869,NP_056542;P25103
T40108,O=C(CCc1c(-c2ccc(F)cc2)[nH]c2c(F)cc(F)cc12)N[C@@H]1C(=O)NC[C@H]1O,NR1H3,0.3142,活性,低毒性,8542,O14791
T77718,O=C(CSc1nnc(-c2ccncc2)o1)c1ccc(Br)cc1,PPARG,0.3142,活性,毒性,,
T16478,C[C@@H]1CN(Cc2ncccn2)C[C@H]1c1nc(=O)c2cnn(C3CCOCC3)c2[nH]1,RXRG,0.3142,活性,低毒性,5152;5136;5137;18585;1551;5153,O76083;Q01064;P54750;Q14123;O70628;NP_000756
T12912,Cc1nc(-c2ccc(F)cc2)nc(OCCCN2CCCCC2)c1Cl,THRSP,0.3142,高活性,低毒性,3757;100135589,Q12809;Q60492
T22702,COc1ccc(Oc2c(Cl)cnn(C3c4ccccc4-c4ccccc43)c2=O)cc1,THRSP,0.3142,活性,毒性,2831;6850;1559;3357;1544,P48145;EAW86722;EAW70949;CAH74068;ABI96208;QLI62812;EAW99313;P43405
T34286,CCOC(=O)OC[C@H]1O[C@@H](Oc2nn(C(C)C)c(C)c2Cc2ccc(OC(C)C)cc2)[C@H](O)[C@@H](O)[C@@H]1O,XPR1,0.3142,活性,低毒性,6523,P53792;P31639;P13866;P53790
T5605,CNC[C@@H](O)COc1ccc(Cl)c(-c2nc(-c3c(C)noc3C)c(C)c(N3CC4(CCN(C(=O)OC)CC4)C3)n2)c1,XPR1,0.3142,活性,低毒性,10498,Q86X55
T10882,O=C1c2ccccc2-c2onc3c(N4CCCCC4)cc(NCCN4CCCC4)c1c23,PPARG,0.314,活性,毒性,10919,Q96KQ7
T9350,Cc1nn(C)c(C)c1CCOc1c(-c2ccc3c(c2)c(CN(C)C)nn3C)ccc(F)c1F,RXRA,0.314,活性,低毒性,4836,P30419
T11163,C=CC(=O)Nc1cccc(-c2c(-c3ccccc3)oc3ncnc(N[C@H](CO)c4ccccc4)c23)c1,ACACA,0.3137,活性,毒性,,P00533
T73368,CCNC(=O)O[C@@H]1CC[C@@]2(C)[C@H](CC[C@@H]3[C@@H]2CC[C@]2(C)[C@@H]([C@H](C)CCC(=O)N[C@H](CC(=O)O)Cc4c[nH]c5ccccc45)CC[C@@H]32)C1,AOC3,0.3137,高活性,低毒性,13836;13842;13838;1969;13837;79208,Q03145;Q03137;P29317;O09127;P54757;P29319
T22277L,COc1cc(C(=O)N2C[C@H](N)CC[C@@H]2C)cc2nc(-c3cc4cccnc4n3CC3CC3)n(C)c12,GPAM,0.3137,活性,低毒性,,Q9UM07
T7361,CCC(Nc1cc(C)nc2c(-c3ccc(OC)cc3C)c(C)nn12)c1nc(C)no1,XPR1,0.3137,高活性,低毒性,1394;104909134,P34998
T74794,CS(=O)(=O)c1ccc(C(=O)Nc2ccc(Cl)c(-c3ccc4c(c3)CNC4)c2)c(Cl)c1,AOC3,0.3135,活性,低毒性,57646,Q96RU2
T4188,O=C(NCC(c1ccccc1)n1ccnc1)c1ccc(-c2ccc(Cl)cc2)cc1,PPARG,0.3135,高活性,低毒性,1591;3552837;3554116;1594,Q07973;O15528;Q7Z1V1
T10533,Cn1cnc(Cn2ccc3ccc(CNCc4[nH]c5ccccc5c4[C@H]4NC(=O)c5ccc(O)cc54)cc32)c1,PPARG,0.3135,活性,低毒性,,P01116;Q07889
T13416,COc1cc(N2CCN(C)CC2)ccc1Nc1ncc(Cl)c(Nc2ccccc2NS(C)(=O)=O)n1,RXRB,0.3135,活性,低毒性,,P00533
T63750,COc1ccc(C2CC(c3ccc(O)cc3)=NN2C(C)=O)cc1,ACACA,0.3132,高活性,低毒性,4128;4129,P21397;P27338
T62338,C[C@H](Oc1cccc(Cl)c1Cl)C(=O)Nc1ccc2oc(-c3ccncc3)nc2c1,MLXIPL,0.3132,活性,毒性,,Q8T6T2;A0A6L8P2U9
T5310,COc1cccc(OC)c1-c1ccc(C[C@H](NC(=O)c2c(Cl)cccc2Cl)C(=O)O)cc1,NR1H3,0.3132,活性,低毒性,1559;3685;3695;3676;3688,P26010;P05556;QLI62812;P06756;P13612
T6940,Cl.O=C1NCCc2[nH]c(-c3ccncc3)cc21,PPARA,0.3132,活性,毒性,,P50750;P50613
T14692,C=CC(=O)Nc1cc(-n2c(=O)ccc3cnc4ccc(-c5ccc(NS(C)(=O)=O)cc5)cc4c32)ccc1C,PPARD,0.3132,活性,毒性,660;6850;3718;1559;695;7006;3702;640;7157;2475;1551;7151;7468,P51813;Q06187;P00533;O60674;Q08881;ABI96208;P42345;QLI62812;O96028;P42680;P23458;NP_001712;NP_000756;NP_001119587;P43405;P52333;P51451
T1988,C[C@H](Nc1ncnc2nc[nH]c12)c1cc2cccc(Cl)c2c(=O)n1-c1ccccc1,THRSP,0.3132,活性,毒性,6850;5294;5293;5291;5290;5295;7468,O75747;P42338;P42336;Q9JHG7;O00329;NP_006210;ABI96208;NP_002640;P27986;NP_005017;O96028;P48736;NP_006209;P43405
T9466,O=C(NCCc1cccc(Cl)c1)Nc1ccc(Cl)cc1,THRSP,0.3132,活性,低毒性,12801;1268,P21554;P47746
T23005,CC1(C)CCC(C)(C)c2cc(C3(c4ccc5cc(C(=O)O)ccc5c4)SCCS3)ccc21,AOC3,0.313,高活性,低毒性,1592;56603;5916,Q9NR63;NP_001230661;O43174
T1911,Cn1ncc(Cl)c1-c1cc(C(=O)N[C@H](CN)Cc2cccc(F)c2)sc1Cl,PPARD,0.313,活性,毒性,207;10000;1559;7157;1551;7151;1565;7468;208;3458,P31749;Q13464;ANW61984;Q9Y243;NP_001119587;QLI62812;P22694;P17612;NP_000756;P05771;Q9BZL6;NP_005456;ABI96208;NP_001014432;P17252;Q16512;NP_001229957;O96028;P31751;NP_000610;O75116;O14578
T65641,O=S(=O)(O)CCCNC(CO)(CO)CO,PPARG,0.313,活性,低毒性,,
T23380,NS(=O)(=O)c1ccc(N2CCN(CC[C@@H]3OCCc4ccccc43)CC2)cc1,RXRG,0.313,活性,毒性,1815;6850;29238;11238;1565;25432,P00915;P43166;P14416;ANW61984;Q9ULX7;P23280;P00918;Q8N1Q1;P21917;P22748;P30729;P19020;Q16790;Q9Y2D0;P35218;NP_000788;P43405;O43570
T4226,Cc1cccc(C)c1N(CC(=O)Nc1ccc(-c2ncon2)cc1)C(=O)C1CCS(=O)(=O)CC1,THRSP,0.313,活性,低毒性,,
T37076,CC(C)(O)c1cc2nn(CCS(C)(=O)=O)cc2cc1NC(=O)c1cccc(C(F)(F)F)n1,THRSP,0.313,活性,低毒性,51135,Q9NWZ3
T12469,COc1ccc(-c2sc(NC(=O)C3CCCC3)nc2C)cc1S(=O)(=O)Nc1ccc(O)cc1,GPAM,0.3127,高活性,低毒性,5293;5288;5294,O00329;O75747;P42336;P48736
T61202,Cc1ccc(CNc2cc(C(F)(F)F)cc3[nH]ncc23)c([N+](=O)[O-])c1,NR1H3,0.3127,活性,毒性,6999,P48775
T7150,O=C(Nc1ccc(Cl)c(Cl)c1)Nc1ccc2nnsc2c1,PPARG,0.3127,活性,低毒性,11177,Q9NRL2
T12642L,Cc1n[nH]cc1-c1cc2nc([C@@H]3CC4CCN3CC4)[nH]c(=O)c2s1,PPARG,0.3127,高活性,毒性,6093;6850;10926;7468;3106;3456;8317,O00311;P01574;Q13464;P24941;O96028;P24864;Q9UBU7;P43405
T10415,O=C(Cc1nnc(-c2cnc(NC3Cc4ccccc4C3)nc2)o1)N1CCc2[nH]nnc2C1,THRB,0.3127,活性,低毒性,5168,Q13822
T3135,O=S(=O)(c1ccc(Cl)cc1)N1CCN(c2ccnc3cc(Cl)ccc23)CC1,AOC3,0.3125,活性,毒性,84749;1565;1559;6850,ANW61984;ABI96208;QLI62812;Q70CQ3;P43405
T7295,O=C(O)[C@H]1CCCN1C(=O)CCCCC(=O)N1CCC[C@@H]1C(=O)O,PPARG,0.3125,活性,低毒性,325,NP_001630
T6749,Cc1c(-c2ccc(N3CCc4cccc(C(=O)Nc5nc6ccccc6s5)c4C3)nc2C(=O)O)cnn1CC12CC3CC(CC(C3)C1)C2,THRSP,0.3125,活性,毒性,,P10415;Q07817;Q92843;Q07820
T7768,C[C@H](CCOc1cccc(CC(=O)O)c1)N(Cc1cccc(C(F)(F)F)c1Cl)CC(c1ccccc1)c1ccccc1,THRSP,0.3125,活性,低毒性,10062;7376,Q13133;P55055
T8114,O=c1c(O)c(-c2ccc(O)c(O)c2)oc2cc(O)c(O)c(O)c12,PPARG,0.3123,高活性,低毒性,26419;9212;5292;281510;11040,P0DTD1;Q9P1W9;P11309;3V3V_A;P17599;Q7ZJM1;Q96GD4;Q91Y86
T1061,Cc1cc(-n2c(=O)[nH]c(=O)n(C)c2=O)ccc1Oc1ccc(SC(F)(F)F)cc1,PPARG,0.3123,活性,毒性,2879,P36969
T22829,Nc1nc2ccc(-c3cc(Cl)ccc3Oc3cc(F)c(S(=O)(=O)Nc4ncns4)cc3F)cc2[nH]1,PPARG,0.3123,活性,低毒性,6323;6326;6334;6328;6336,P35498;Q15858;Q9Y5Y9;Q9UQD0;Q9NY46;Q99250
T5S2358,COc1cc2c(cc1OC)-c1c(C)c3ccc(OC)c(OC)c3c[n+]1CC2,PPARG,0.3123,活性,低毒性,23028,O60341
T4013,Cc1cc(C)cc(Oc2ccc(CNC(=O)[C@H](C)N)cc2C)c1.Cl,THRSP,0.3123,活性,低毒性,,Q96LA8;Q86X55
T10249,Fc1ccc(-c2cncc(CN3CCN(c4cccc5c4OCCO5)CC3)c2)cc1,MLXIPL,0.312,活性,低毒性,1814;29412;24173;24473;24318;1559;29413;3363;1551;1565;29595,P19327;P43140;P14416;ANW61984;P15823;P08908;P61169;P21917;ABI96208;P35462;QLI62812;P41595;NP_000756;P28223;P34969;P23944;P14842
T6967,COS(=O)(=O)[O-].Cc1cc2c3c([n+](C)c4ccc(F)cc4c3c1)-c1cc(F)ccc1N2C,PPARG,0.312,活性,低毒性,7015,O14746
T40051,CC(C)CNC(=O)n1c(=O)oc2cc(C3CCN(C)CC3)ccc21,SCD,0.312,活性,低毒性,27163;427,Q13510;O00519;Q02083
T2612,COc1c(Nc2ncc(Cl)c(N[C@H]3[C@@H](C(N)=O)[C@@H]4C=C[C@H]3C4)n2)ccc2c1CC[C@@H](N1CCOCC1)CC2,THRSP,0.312,活性,毒性,6850;1559;5753;11200;9891;1565;27330;2242;238;3643;2324;6196;10188;6195;6197;5871;1551;2322;7468;2241;5599,Q05397;ANW61984;QLI62812;P36888;NP_055311;NP_000756;Q9UM73;NP_001005735;NP_001996;Q07912;Q15418;ABI96208;Q12851;Q9UK32;P51812;P45983;P07332;O60285;NP_004577;O96017;O96028;P16591;NP_004295;Q15349;Q13882;NP_005237;NP_055655;P35916;P06213;P43405
T6668,COc1ccc(CCc2nc3cc(-c4c(C)noc4C)ccc3n2C[C@H](C)N2CCOCC2)cc1Cl,AOC3,0.3118,活性,毒性,6850;1551;7468;1559;1387;2033;7157,Q09472;Q92793;NP_004371;ABI96208;QLI62812;O96028;O60885;NP_000756;P04637;P43405;NP_001420
T15130,COc1cc(C(=O)OCCCN2CCCN(CCCOC(=O)c3cc(OC)c(OC)c(OC)c3)CC2)cc(OC)c1OC.Cl.Cl,NR1H4,0.3118,活性,低毒性,5243,NP_000918
T39760,Cc1c(N2CCCC2)nc2ccc(Br)cc2c1C(=O)NC[C@H](CCC(=O)O)c1ccccc1Cl,PPARG,0.3118,活性,低毒性,5737;19220;6915;25652,P43117;P43118;P21731;P43088
T3498,CC1=C(C(=O)Nc2ccc3[nH]ncc3c2)C(c2ccc(F)c(C(=O)NCc3ccccn3)c2)NC(=O)N1,XPR1,0.3118,高活性,低毒性,6011;6093;2869;156,Q15835;P25098;Q13464;P34947
T40137,CN(C)Cc1ccc(-n2cc(-c3ccc4cc[nH]c4c3)c3c(Cl)ccnc32)cc1,PPARD,0.3115,高活性,低毒性,3757;7173;4353,P05164;Q12809;P07202
T19858,COc1cc(Cc2cnc(N)nc2N)cc(OC)c1Br,PPARD,0.3115,活性,毒性,86862560;24312;944790,P16184;P00381;Q920D2;Q8Z9J9;Q07422;P0ABQ4
T4017,O=C(NC1CCNCC1)[C@@H]1CC[C@@H]2CN1C(=O)N2OS(=O)(=O)O,PPARG,0.3115,活性,低毒性,,
T23322,CCN(CCNC(=O)Nc1ccccc1Br)c1cccc(C)c1,PPARG,0.3115,活性,低毒性,1551;1565;1559;7442,Q8NER1;ANW61984;ABI96208;QLI62812;NP_000756;NP_542437
T60002,CCOC(=O)c1c(N)sc(C(=O)Nc2cccc([N+](=O)[O-])c2)c1C,PPARG,0.3115,活性,低毒性,80854,Q8WTS6
T17098,Oc1cccc(Nc2ccnc3[nH]c4ccccc4c23)c1,PPARD,0.3113,高活性,毒性,4837;6795;2593;27232;6850;6714;5753;90;5409;6790;7468;3176;238,P11086;P43405;P00533;P12931;Q9UQB9;O14965;O96028;P21964;Q14749;Q04771;P40261;Q13882;Q9UM73;P04626;Q14353;P50135
T31645,Cc1cc(F)ccc1Nc1ccc(C(=O)c2ccccc2C)c(Cl)c1,RXRA,0.3113,高活性,低毒性,1432;5603;5600;6300,P53778;Q16539;Q15759;O15264
T1957,CN1CCN(S(=O)(=O)c2ccc(-c3cnc(N)c(C(=O)Nc4cccnc4)n3)cc2)CC1,THRSP,0.3113,活性,毒性,6850;2932;9134;1551;7468;56637;3458,P24941;ABI96208;O96028;NP_000610;P24864;NP_000756;Q9WV60;O96020;P49841;NP_001139628;P43405
T69240,Cn1nc(C(F)(F)F)c(CS(=O)(=O)C2=NOC(C)(C)C2)c1OC(F)F,NR1H3,0.311,活性,低毒性,,
T4450,Cc1cc(-c2ccccc2)nnc1C(=O)N1CCN(c2ncccn2)CC1,PPARG,0.311,活性,低毒性,,
T1804,O=C(NC1CCN(CC(F)(F)F)CC1)c1ccc(-c2cccc(F)c2)nc1,PPARG,0.311,活性,低毒性,27306,O60760
T124257,CCCCCCCCCCCCCCC(O)C(=O)O,PPARG,0.311,活性,低毒性,,
T61678,FC(F)(F)Sc1ccc(COc2ccc(SC(F)(F)F)cc2)cc1,ACACA,0.3108,活性,低毒性,5803,P23471
T86497,CNC(=O)c1ncn2cc(-c3c(F)ccc(NS(=O)(=O)c4cc(Cl)cnc4OC)c3F)ncc12,AOC3,0.3108,活性,低毒性,,Q13163;Q9NYL2;Q9P2K8;O00750;O43353;Q96PY6;Q9Y572;Q9NZJ5
T6949,CCN(C)S(=O)(=O)Nc1ccc(F)c(C(=O)c2c[nH]c3ncc(-c4cnc(C5CC5)nc4)cc23)c1F,AOC3,0.3108,高活性,毒性,673;7468;6850,O96028;P15056;P43405
T8780,O=S(=O)(Nc1cc(Cl)c(Oc2cnc3ccccc3c2)c(Cl)c1)c1ccc(Cl)cc1Cl,AOC3,0.3108,高活性,低毒性,4837;2593;27232;1559;5409;5468;1551;3176,P37231;3FUR_A;ABI96208;QLI62812;Q14749;NP_000756;P40261;P21964;P11086;Q14353;P50135
T22414,O=c1[nH]c(CS[C@H]2CC[C@H](O)CC2)nc2cc(OCC3CC3)cc(F)c12,RXRA,0.3108,活性,低毒性,54625,Q460N5
T13321,COc1ccc(-c2c(C)nn3c(C(F)(F)F)cc(C)nc23)c(F)c1F,GPAM,0.3105,活性,低毒性,2917;2918;81672;60590;6869;1544,P70579;O00222;P35400;P05177;Q14831;P25103
T7982,O=c1c(O)c(-c2ccccc2)oc2ccc(O)cc12,PPARD,0.3103,活性,低毒性,100037716,P04191
TP2036L,CC1(C)SSC(C)(C)[C@@H](NC(=O)[C@@H](N)Cc2ccc(O)cc2)C(=O)NCC(=O)N[C@@H](Cc2ccccc2)C(=O)N[C@H]1C(=O)O.O=C(O)C(F)(F)F,PPARD,0.3103,活性,低毒性,4988;4985;706,P35372;P41143;P30536
T8959,COc1ccccc1N1CCN(CCCCNC(=O)c2ccc(-c3cscn3)cc2)CC1,PPARG,0.3103,活性,毒性,1551;1565,ANW61984;NP_000756;ABI96208
T3336,Nc1nc(N)c2c(OCC3CCN(Cc4c(Cl)cccc4Cl)CC3)cccc2n1,PPARG,0.3103,活性,毒性,28960,Q96C86
T13083L,COc1cc(C)c2c(Oc3cccc(C(F)(F)F)c3)c(OC)cc(NC(C)CCCN)c2n1.O=C(O)CCC(=O)O,THRSP,0.3103,活性,毒性,,
T21696,CN(CCCOc1ccc(Cc2ccccc2)cc1)CCC(=O)O.Cl,THRSP,0.3103,活性,低毒性,4048,P09960
T23438,COc1cccc(-n2nc(C(=O)O)cc2-c2ccc(C3CCCCC3)c(Cl)c2)c1,RXRB,0.3101,高活性,低毒性,4837;2593;57121;27232;10855;9807;54904;5409;7468;3176,Q92551;Q9Y251;ABI96208;O96028;Q14749;Q9H1C0;P40261;Q9BZ95;P21964;P11086;NP_001136433;Q14353;P50135
T75163,NS(=O)(=O)c1ccc(NC=C2C(=O)Nc3ccc4ncsc4c32)cc1,THRSP,0.3101,活性,低毒性,983;29110;7525,P06493;NP_005424;P24941;Q9UHD2
TP1008,CSCC[C@H](NC(=O)[C@H](CC(C)C)NC(=O)CNC(=O)[C@@H](NC(=O)[C@H](Cc1ccccc1)NC(=O)[C@H](CO)NC(=O)[C@H](CC(=O)O)NC(=O)[C@@H](NC(=O)[C@H](CCCCN)NC(=O)[C@@H](N)Cc1cnc[nH]1)[C@@H](C)O)C(C)C)C(N)=O,THRSP,0.3101,高活性,低毒性,100135626;24807;100720631;6865;101839819;25007;24808;6870;6869;21338,P14600;P29371;NP_067357;P21452;P16610;P16177;P51144;P30547;NP_001048;NP_001050;NP_056542;Q64077;P25103
T13502,C[C@H](CCC(=O)O)[C@H]1CC[C@H]2[C@@H]3CC[C@@H]4CC(=O)CC[C@]4(C)[C@H]3CC[C@]12C,NR1H3,0.3098,活性,低毒性,151306;8856,Q8TDU6;NP_003880
T2261,Cc1[nH]c2ccccc2c1C1=C(NCCc2ccc(F)cc2)C(=O)N(C)C1=O,PPARG,0.3098,活性,毒性,6850;115;1559;2932;1551;1565;7468,O60503;ANW61984;ABI96208;QLI62812;O96028;NP_000756;P49841;NP_001139628;P43405
T19301,O=C(O)CC[C@H](NC(=O)N[C@@H](CCC(=O)O)C(=O)O)C(=O)O,RXRG,0.3098,高活性,低毒性,85309;10003,Q9Y3Q0;Q04609;P70627;Q8IXN7
T5345,Cc1cccc(COc2ccccc2CN(CC[C@H](N)C(=O)O)Cc2ccccc2OCc2cccc(C)c2)c1,THRSP,0.3098,活性,低毒性,6510,Q9Z1J7;Q15758
T8674,COc1ccc(CCN(C)CCCOc2ccc(S(=O)(=O)c3c(C(C)C)n(C)c4ccccc34)cc2)cc1OC,ACACA,0.3096,活性,低毒性,,
T2042,CNC(=O)c1ccccc1Nc1nc(Nc2ccc(N3CCNCC3)cc2)ncc1Cl,ACACA,0.3096,高活性,毒性,4837;2593;27232;5602;1551;1559;7157;5409;2260;7151;7468;3176,P11362;P45983;P53779;NP_001119587;ABI96208;QLI62812;O96028;Q14749;NP_000756;P40261;P21964;P11086;P45984;Q14353;P50135
T17009,O=[N+]([O-])c1c(Nc2cc(F)cc(Cl)c2)ccc2nonc12,AOC3,0.3096,活性,低毒性,2034,P27540;Q99814
T207823,Fc1cc(-c2ccnc(Nc3ccc(-n4cnc(N5CCOCC5)n4)cc3)n2)cc(N2CCOCC2)c1,PPARG,0.3096,高活性,毒性,5601;5602;25272;7157;5599;10413,P45983;P49187;3KVX_A;P53779;NP_620637;P04637;NP_620448;P45984;NP_001123617
T39924,O=C(O)c1cccc(-c2cnc(Nc3ccccc3F)o2)c1,PPARG,0.3096,活性,低毒性,,
TN4371,COc1ccc(-c2oc3cc(OC)cc(OC)c3c(=O)c2O)cc1,PPARG,0.3096,活性,毒性,3091;9429,Q9UNQ0;AAC68568
T1186,CC(C(O)c1ccc(O)cc1)N1CCC(Cc2ccccc2)CC1.CC(C(O)c1ccc(O)cc1)N1CCC(Cc2ccccc2)CC1.O=C(O)[C@H](O)[C@@H](O)C(=O)O,PPARG,0.3096,活性,低毒性,,
T6778,CCN(CC)C[C@@H](O)CNc1ccc(NC[C@H]2CO2)c2c1C(=O)c1ccccc1C2=O,THRSP,0.3096,活性,低毒性,,P10415
T27503,O=C(Nc1ccccc1)N[C@@H]1C(=O)N(CC23CC4CC(CC(C4)C2)C3)c2ccccc2N(c2ccccc2)C1=O,THRSP,0.3096,高活性,低毒性,24889;887,NP_795344;P30551;P32239
T13119,CC[C@H](Nc1ncnc2nc[nH]c12)c1oc2ccccc2c(=O)c1-c1cccc(F)c1,AOC3,0.3093,活性,毒性,6850;5294;5293;5291;5290;7468,O00329;NP_006210;NP_002640;O96028;NP_005017;NP_006209;P48736;P43405
T27439,O[C@@H]1[C@H](O)[C@@H](CSc2ccccc2F)O[C@H]1n1cnc2c(N[C@@H]3CCC[C@H]3O)ncnc21,GPAM,0.3093,高活性,低毒性,135;57413;136;134,NP_001075445;P30542;NP_000667;NP_001041695;NP_000666
T14083,O=c1c(CO)coc2cc(OCCCN3CCC(c4noc5cc(F)ccc45)CC3)ccc12,PPARA,0.3093,高活性,低毒性,29412;1815;1814;1128;25083;24473;24318;24174;24175;1129;25645;24925;1133;10280;1131;24316;24176;29595,P20309;P08912;P10608;P22909;P35462;P19328;P08172;P26255;P11229;P43140;Q99720;P21917;P19327;P18901;P18090;P08173;P61169;P22086;P14842
T11876,CC(=O)N1CCc2cc(S(=O)(=O)N3CCN(c4cccc(C(F)(F)F)c4)CC3)ccc21,SCD,0.3093,活性,低毒性,,A6T5R0
T3444,COc1cc(NC(=O)Nc2cccc(CNC(=O)O[C@H]3CCOC3)c2)ccc1-c1cnco1,ACACA,0.3091,高活性,毒性,4837;2593;27232;6850;1559;9807;3615;5409;3614;1551;1565;7468;3176;3458,ANW61984;P20839;P43405;Q92551;ABI96208;QLI62812;O96028;NP_000610;Q14749;P12268;NP_000756;P40261;P21964;P11086;Q14353;P50135
T39647,CCCN(C)C(=O)OCc1c(-c2ccc(O[C@H]3CCC[C@H](C(=O)O)C3)c(C)n2)nnn1C,GPAM,0.3091,活性,低毒性,14745;28234;1902,Q9NPD5;Q92633;P61793
T11872L,COc1cc2c3c(n(CCCNCCO)c(=O)c2cc1OC)-c1cc2c(cc1C3=O)OCO2.Cl,NR1H4,0.3091,活性,毒性,,
T77933,Cc1sc2c(c1C)C(c1ccc(Cl)cc1)=N[C@@H](CC(=O)NCCCCCNC(=O)COc1ccc(C3CCC(=O)NC3=O)cc1)c1nnc(C)n1-2,PPARD,0.3091,活性,毒性,,Q96SW2;O60885
T77501,O=C(CNC(=O)c1ccc(Oc2ccccc2)cc1)NC1CCCc2ccccc21,PPARG,0.3091,高活性,低毒性,51347;57551,Q9H2K8;Q7L7X3
T35333,Cc1cccc(Cn2nc(C3CC3)c3c(NC(=O)c4cnc5cc(OCCN6CCN(C)CC6)ccn45)cccc32)n1,RXRG,0.3091,活性,低毒性,1436,P07333;NP_005202
T62183,Cc1noc(C)c1C(=O)Nc1ccc(-n2nc(C(F)(F)F)cc2C(F)(F)F)cc1,SCD,0.3091,活性,低毒性,,
T1761,COc1cc2ncnc(Nc3cccc(Br)c3)c2cc1OC.Cl,SCD,0.3091,活性,低毒性,2066,P00533;P04626;Q15303
TN2202,c1ccc2c(c1)[nH]c1c2cc[n+]2cc3c(cc12)CCCC3,THRSP,0.3091,活性,毒性,,
T17008,C[C@H](Nc1cc2c(-c3ccc4c(c3)OCO4)noc2cn1)c1ccccc1,AOC3,0.3088,活性,低毒性,4837;9970;2593;27232;1551;1559;10769;5409;1263;5347;3176,Q9NYY3;ABI96208;QLI62812;Q14749;NP_000756;Q9H4B4;P40261;P21964;P11086;Q14353;ADZ17385;P53350;P50135
T5337,Cc1nc(-c2nc(-c3ccc(OC(F)(F)F)cc3)no2)nn1Cc1cccc(N2CCC(S(C)(=O)=O)CC2)c1,RXRG,0.3088,活性,毒性,,
TN1068,COc1cc(-c2cc(=O)c3c(O)cc(O)cc3o2)cc(OC)c1O,PPARG,0.3086,活性,低毒性,4128;231,P21397;P15121
T6428,CN[C@@H](C)C(=O)N[C@H](C(=O)N1CCC[C@H]1C(=O)N[C@H](C(=O)NCCCCCCNC(=O)[C@@H](NC(=O)[C@@H]1CCCN1C(=O)[C@@H](NC(=O)[C@H](C)NC)C1CCCCC1)C(c1ccccc1)c1ccccc1)C(c1ccccc1)c1ccccc1)C1CCCCC1,PPARG,0.3086,活性,毒性,331;329,NP_001157;NP_001158
T86723,NS(=O)(=O)c1ccc(Nc2ncc3cc4n(c3n2)C2(CCCCC2)C(=O)NN4)cc1,RXRG,0.3086,高活性,低毒性,983;595;1020;1019;891;8851;1021;896;1018,P11802;P50750;O60563;Q15078;P30281;P24941;P14635;Q00526;Q00534;P24864;O96020;P06493;P24385;Q00535;P20248
T8994,CCC1CCCCN1C(=O)n1ncc(C(O)(c2ccccc2)c2ccccc2)n1,NR1H4,0.3083,活性,毒性,6850;83451;7468;747;7026,Q9Y4D2;O96028;Q8NFV4;NP_066285;P43405
T7281,Cc1cnc(CNCC2(F)CCN(C(=O)c3ccc(F)c(Cl)c3)CC2)nc1,PPARD,0.3083,活性,低毒性,24473;3350,P19327;NP_000515;P08908
T6556,C=CS(=O)(=O)NC1CCN(C(=O)CNc2cc(I)c(Cl)cc2OC)CC1,PPARG,0.3083,活性,毒性,7468;6850,O96028;P43405
T8328,O=C(NCc1ccco1)c1ccc2c(c1)N(Cc1c(F)cccc1Cl)C(=O)CS2,RXRG,0.3083,活性,低毒性,,Q86WV6
T8574,Cc1ccc(C(=O)Nc2cc(C(F)(F)F)ccc2N2CCOCC2)o1,SCD,0.3083,活性,低毒性,6732,Q96SB4
T4219,Cc1cc(Nc2cc(Cl)nc(Oc3ccc([N+](=O)[O-])cc3)n2)n[nH]1,THRSP,0.3083,高活性,低毒性,2932;5289,P49841;Q8NEB9
T7526,O=C(Nc1ccc(C(F)(F)F)cn1)N1CCN(c2ncccc2C(F)(F)F)CC1,THRSP,0.3083,活性,低毒性,4837;2593;27232;7442;83810;1559;5409;3176,Q8NER1;O35433;QLI62812;Q14749;NP_542437;P40261;P21964;P11086;Q14353;P50135
T72064,CCc1ccccc1NC(=O)c1cccc(NC(=O)c2ccccc2)c1,ACACA,0.3081,活性,低毒性,3777;51305,O14649;Q9NPC2
T10174,O=C(NC[C@@H]1CN(c2ccc(N3CCOCC3=O)cc2)C(=O)O1)c1ccc(Cl)s1,GPAM,0.3081,活性,低毒性,2159,P00742
T10985,Cc1ccc(CNC(=O)Nc2cccc(F)c2)cc1NC(=O)c1cnc2ccccn12,PPARD,0.3081,活性,低毒性,780;3815;4921,NP_001189452;Q16832;P10721
T60044,c1ccc(COc2cccc(-c3ccc4[nH]nc(-c5nc6ccccc6[nH]5)c4c3)c2)cc1,PPARG,0.3081,活性,低毒性,,
T10259,O=c1c(-c2ccc3ncccc3c2)c[nH]c2c(-c3ccccc3)c(-c3ccccc3)nn12,PPARG,0.3081,活性,低毒性,4144,P31153
T87407,O=C(CCl)NC1CCN(c2cnc(-c3ccccc3)c(-c3ccccc3)n2)CC1,PPARG,0.3081,活性,低毒性,1163;6500;6502,P63208;P61024;Q13309
T63049,Cc1cc(Nc2ccc(NC(=O)Cc3cc(Br)cs3)cc2)nc(N2CCCC2)n1,PPARG,0.3081,活性,毒性,,
T9222,CC(C)n1ccc(S(=O)(=O)NC(=O)Nc2c3c(cc4c2CCC4)CCC3)n1,PPARG,0.3081,活性,低毒性,,Q8R4B8;Q96P20
T15382,CC(C)N(C(=O)CN1C(=O)[C@H](NC(=O)Nc2cccc(C(=O)O)c2)C(=O)N(c2ccccc2)c2ccccc21)c1ccccc1,THRSP,0.3081,高活性,低毒性,24889;887;886,P32238;P30551;P32239
T0486,CCc1c2c(nc3ccc(OC(=O)N4CCC(N5CCCCC5)CC4)cc13)-c1cc3c(c(=O)n1C2)COC(=O)[C@]3(O)CC.Cl.O.O.O,ACACA,0.3079,活性,毒性,,
T32737,CN1Cc2cc(-c3ccc(N)nn3)ccc2[C@H](c2ccc3ccccc3c2)C1,NR1H3,0.3079,活性,低毒性,6531;6530,P23975;P31645;Q01959
T4532,C[C@@H](C(=O)Nc1ccc(Cl)cc1)[C@H]1CC[C@@H](c2ccnc3ccc(F)cc32)CC1,THRSP,0.3079,活性,毒性,6850;15930;1558;1559;1576;3620;7468;6999,P10632;P08684;P48775;P11712;P28776;O96028;P14902;P43405
T17257L,CC1(C)N=C(N)N=C(N)N1OCCCOc1cc(Cl)c(Cl)cc1Cl.Cl,MLXIPL,0.3076,活性,低毒性,814112,P13922;ABH03417;XP_001349989
TQ0134,COc1ccc(-c2cc(=O)c3c(O)cc(O)c(-c4cc(-c5cc(=O)c6c(O)cc(O)cc6o5)ccc4O)c3o2)cc1,PPARG,0.3076,高活性,毒性,875;102724560;351;23621,P35520;V5TFZ2;P05067;P56817
T10981,O=C1C2C3C=CC(C4CC34)C2C(=O)N1c1ccc(Cc2ccncc2)cc1,RXRA,0.3076,活性,低毒性,,Q15645
T9070,Fc1ccc(Nc2nc(NCc3ncccn3)nc(Nc3ccccc3)n2)cc1,THRSP,0.3076,活性,低毒性,23416,Q9ULD8
T10285,CNS(=O)(=O)c1ccccc1Nc1nc(Nc2ccc(N3CCN(C)CC3)cc2OC)ncc1Br,ACACA,0.3074,高活性,毒性,6850;84706;7157;7151;7468,NP_001119587;ABI96208;O96028;Q8TD30;P43405
T50005,Clc1ccc(C(Cn2ccnc2)OCc2csc3c(Cl)cccc23)c(Cl)c1,NR1H3,0.3074,活性,毒性,150;1814;1128;140;6532;5742;3757;1129;5241;6530;3620;100033901;1812;6531;367;4988;3458,P35372;Q01959;P35462;P08913;P08172;P11229;P0DMS8;P06401;P23219;P21728;P22303;NP_371243;NP_000610;P10275;P81908;Q12809;P31645;P14902;P23975
T13510,Cc1c(-c2ccccc2)oc2ccc(OCCCCCCN3CCC(O)CC3)cc2c1=O,NR1H4,0.3074,高活性,低毒性,24318;10280,Q99720;P61169
T62832,CC(C)c1cc(-c2ccc3c(c2)[C@H](N)CO3)cc([C@H](O)Cn2ccc3cccc(C(=O)O)c32)c1,PPARG,0.3074,高活性,低毒性,5340;5742;2158;2155;3818;5327;2159;5328;2160,P08709;P03952;P00734;P23219;P00749;P00750;P00740;P00742;Q08499;P00747;P03951
T5385,O=C(Nc1ccc2[nH]c(=O)oc2c1)C(=O)N1CCC(Cc2ccc(F)cc2)CC1,PPARG,0.3074,活性,低毒性,2902;2904;2906;116443;116444;2905;2903;1565;14812;24410,ANW61984;Q8TCU5;O60391;Q13224;Q14957;ABI96208;Q12879;O15399;Q00960;Q05586;Q01097
T6248,CC[C@@H](C)Nc1cc(C(=O)N[C@H]2C[C@H]3CC[C@@H](C2)N3c2ccc(C(=O)C3CC3)cn2)c(C)cc1C(N)=O,RXRB,0.3074,活性,低毒性,,4AWO_A
T14301,CC1(C)Oc2cc(NS(C)(=O)=O)ccc2N(c2ccc(F)cc2)C1=O,THRSP,0.3074,活性,低毒性,4306;25672,P22199;P08235
T37075,Cc1c(Br)cn(Cc2ccc(F)cc2)c(=O)c1NC(=O)C1CCCCCC1,GPAM,0.3071,活性,低毒性,1269,P34972
T12103,CCc1nc(-c2ccc(Cl)c(F)c2)nn1CC(=O)NCc1cc(Cl)cc(Cl)c1,NR1H3,0.3071,活性,低毒性,,Q08499
T3115,Cc1cc(C)nc(O)n1.O=C(Nc1ccc([N+](=O)[O-])cc1)Nc1ccc([N+](=O)[O-])cc1,PPARG,0.3071,活性,毒性,19885;2101,ADZ17378;AAH14804
T1990,COc1cccc(NC[C@@H](O)Cn2c3ccc(Br)cc3c3cc(Br)ccc32)c1,PPARG,0.3071,活性,毒性,1565;6850,P43405;ANW61984;ABI96208
T14547,CCC(C)N1c2ccccc2C(=O)N(C)c2cnc(Nc3ccc(C(=O)N4CCC(N5CCN(C)CC5)CC4)cc3OC)nc21,THRSP,0.3071,活性,低毒性,5598,Q13164
T5S1000,C=C(C)[C@H](CC=C(C)C)Cc1c(O)cc(O)c2c1O[C@H](c1ccc(O)cc1O)CC2=O,THRSP,0.3071,高活性,毒性,8913;9429;23621;8912,Q9UNQ0;O95180;P31639;O43497;P56817
T38078,Cc1cc(N2CCc3c(c(C)nn3CC34CCC(NC(=O)[C@@H]5COCCN5)(CC3)CC4)C2)c2cnn(C)c2n1,XPR1,0.3071,活性,低毒性,170743;51311;54106;51284,Q9NYK1;Q9NR97;Q9NR96;P58681
T24109,CNc1cc(Oc2c(Cl)cc(NC(=O)Nc3cccc(C(F)(F)F)c3)cc2Cl)ncn1,AOC3,0.3069,高活性,低毒性,435766;100526835;1432;3791;51086,Q5GIG6;Q16539;P35968;Q59H18
T16514,COc1ccc(Cl)c(-c2ccc(NC(=O)c3ccnn3C)nc2N)c1,PPARG,0.3069,活性,低毒性,6336,Q9Y5Y9
TNU0430,COc1ccc(CNc2ncnc3c2ncn3[C@@H]2O[C@H](CO)[C@@H](O)[C@H]2O)cc1,ACACA,0.3066,活性,毒性,,Q9TVW2
T70302,C=CCN1CCC[C@H]1CNC(=O)c1cc(CCCF)cc(OC)c1OC,AOC3,0.3066,高活性,低毒性,1814;1815,P14416;P21917;P35462
T3963,CN1CCN(c2cc(-c3ccccc3)nc(N)n2)CC1,AOC3,0.3066,活性,低毒性,170704;59340,Q91ZY1;P46098;Q9H3N8
T4583,Cl.O=C([C@@H](Cc1cccc(C(F)(F)F)c1)NS(=O)(=O)c1cc(F)c2c(c1)CCNC2)N1CCCC1,PPARD,0.3066,活性,低毒性,4295;680;80854;4986,P32247;P29275;Q8WTS6;P41145;P12872
T11808,CCCCOC(=O)NS(=O)(=O)c1ccc(CCC)cc1-c1ccc(Cn2c(CC)nc3c(C)cc(C)nc32)cc1,RXRA,0.3066,高活性,低毒性,81638;24180;100009164;185;186;24182,P50052;P30556;P34976;P25095;P29089;P35351
T9638,CSc1cc(Oc2ccnc3[nH]c(=O)cnc23)ccc1NC(=O)Nc1cc(C(C)(C)C)nn1-c1ccccc1,THRSP,0.3066,高活性,毒性,5894;673;3932;6714,NP_005408;P15056;NP_001036236;NP_004324;NP_002871
T36968,CN(C)c1ccc(Nc2nc(-c3ccncc3)nc3c2CC(N)CC3)cc1,NR1H3,0.3064,活性,毒性,7153;5742,P11388;P23219
T9726,CO[C@@H]1[C@H](O)[C@@H](CO)O[C@H]1n1cnc2c(=O)[nH]c(N)nc21,PPARD,0.3064,活性,低毒性,,O39930
T10202,COc1ccc2c(NC(=O)Nc3cccc(C(F)(F)F)n3)ccnc2c1,PPARG,0.3064,活性,毒性,6850;1559;3791;5753;2260;57396;51135;6732;6098;415116;5347;9263;8444;1020;9212;1859;2321;9748;1551;50488;7468;1196;28996;983;1017;6788;10733;2261;9448;5979;147746;2241,QLI62812;NP_000756;P43405;O96028
T10385,C[C@H](Oc1ccc(-c2nc(-c3ccc4nc[nH]c4c3)no2)cc1C(F)(F)F)C(F)(F)F,PPARG,0.3062,高活性,低毒性,8698;53637;1903;1901,NP_001391;P21453;NP_005217;NP_003766;NP_001159687
T3973,CCCOc1ccc(CCc2nc3cc(-c4c(C)noc4C)ccc3n2CCN2CCOCC2)cc1,PPARG,0.3062,活性,毒性,778;6850;148;7468;779;1387;2033;776;775,Q13698;O60840;Q09472;Q92793;Q01668;Q13936;O96028;O60885;P35348;P43405
T4259,COc1ccc(S(=O)(=O)N[C@@H](CNc2nc(C)nc(N3CCC(C4=CC=C5CCCN=C5N4)CC3)c2C)C(=O)O)cc1,RXRG,0.3062,高活性,低毒性,3690;3678;142;3696;3694;3685;3693;3688,P18564;P26012;P05106;P09874;P05556;P06756;P18084;P08648
T7302,Cc1cc(-c2ccnc3cc(O)ccc23)ccc1O,SCD,0.3062,活性,低毒性,51311,Q9NR97
T16967,COc1ccc(-c2c(C)nn3c(NCCN4CCOCC4)cc(C)nc23)cc1OC,THRSP,0.3062,活性,毒性,6850;5298,P43405;Q9UBF8
T4278,Cc1noc(-c2ccc(-c3ccc(CC(=O)O)cc3)cc2)c1NC(=O)O[C@H](C)c1ccccc1Cl,THRSP,0.3062,活性,毒性,14745;23566;6850;1902;1559;53978;2846;1551;65086;9170,Q9UBY5;NP_075359;Q92633;NP_476500;NP_064412;NP_004711;ABI96208;NP_766577;QLI62812;NP_000756;NP_005287;NP_036284;P43405;Q9HBW0
T14091,Oc1cccc(C(O)CNCc2ccc(-c3ccccc3)cc2)c1,THRSP,0.3062,活性,低毒性,9123,O15427
T19057,CCCCNc1ccc(NCCCC)c2c1C(=O)c1ccccc1C2=O,ACACA,0.3059,活性,毒性,3725;1544,EAX06628;EAW99313
TQ0071,O[C@H](C[C@H]1c2c(F)cccc2-c2cncn21)[C@H]1CC[C@H](O)CC1,ACACA,0.3057,活性,低毒性,1576;3620;6999,P14902;P08684;P48775
T4597,Cc1nc(Nc2ncc(C(=O)Nc3cc(NC(=O)c4cccc(C(F)(F)F)c4)ccc3C)s2)cc(N2CCN(CCO)CC2)n1,ACACA,0.3057,高活性,低毒性,25;396442,P00519;P00523
T27462,O=C1CCCN1c1ccc(Oc2ccc3c(c2)CCN(C2CCC2)CC3)nc1,PPARG,0.3057,高活性,低毒性,3269;85268;11255,P35367;Q9Y5N1;Q9QYN8
T72056,Cc1cnn2c(NCCc3c[nH]c4ccccc34)cc(-c3cncc(F)c3)nc12,PPARG,0.3057,活性,低毒性,,P35869
TQ0092,C=CC(=O)N1CC[C@@H](Oc2nc(Nc3ccc(N4CCC(N5CCN(C)CC5)CC4)cc3)c(C(N)=O)nc2CC)C1,PPARG,0.3057,活性,毒性,28989;6850;142;1956;43740568;7468;1489834,NP_958441;Q9BV86;P00533;AMB37292;P09874;O96028;P43405
T20563,CC(C)[C@H](NS(=O)(=O)c1ccc(-c2ccc(Br)cc2)cc1)C(=O)O,PPARG,0.3057,活性,低毒性,,P08253;P50281;P08254;P14780;P45452;P09237;P03956
T16436,CN(C)C(=O)OC1=C(c2cccc3ccccc23)Oc2ccccc2-n2cccc21,PPARG,0.3057,活性,毒性,,
T2641,COc1cc(N2CCN(C(C)=O)CC2)ccc1Nc1ncc(Cl)c(Nc2ccc(N3CCN(C(C)=O)CC3)cc2OC)n1,THRB,0.3057,高活性,毒性,28989;6850;1559;1551;7468;238,Q9BV86;ABI96208;QLI62812;O96028;NP_000756;Q9UM73;P43405
T22767,CC(C)c1cccc2c(-c3ccccc3)cc(-c3ccc(-c4ccc(C(=O)O)cc4)[nH]3)nc12,THRSP,0.3057,活性,毒性,4837;2593;27232;5914;1559;5409;3176,ABI96208;QLI62812;Q14749;P40261;P10276;P21964;P11086;Q14353;P50135
T60733,C[C@H](CN)Oc1ccc2ncc(-c3cc4ccccc4o3)n2n1,NR1H3,0.3054,高活性,低毒性,8569;2950,P09211;Q9HBH9;Q9BUB5
T17179,O=C1c2cc3nnn(CCc4cccc(F)c4)c(=O)c3cc2OCN1C1CC1,PPARG,0.3054,活性,低毒性,,
T73375,O=c1oc2ccc([N+](=O)[O-])cc2cc1-c1csc(Nc2ccccc2)n1,PPARG,0.3054,活性,低毒性,1457;1460;1459,P19784;P68400;P67870
T22948,COc1ccc(CC2NCCc3c2[nH]c2ccc(C)cc32)cc1OC.Cl,PPARG,0.3054,活性,低毒性,3357,P41595
T20196,Cn1nnnc1SCC1=C(C(=O)O)N2C(=O)[C@@H](NC(=O)[C@H](O)c3ccccc3)[C@H]2SC1,PPARG,0.3054,活性,毒性,9356;9376;8856;5241;55867;5468,P37231;P06401;Q8TCC7;O75469;Q4U2R8;Q9NSA0
T5467,O=C(NCCN1CCOCC1)Nc1nc2ccc(Sc3nnc4ccc(-c5ccc(F)cc5)nn34)cc2s1,THRB,0.3054,活性,低毒性,4233,P08581
T21747,O=C(Nc1ccc(N2C(=O)c3cccc(Cl)c3C2=O)c(Cl)c1)c1ncccc1Cl,THRSP,0.3054,活性,低毒性,24414;2911,P23385;Q13255
T17229,COc1ccc(N(C)c2nc(C)nc3ccccc23)cc1,PPARG,0.3052,高活性,毒性,6850;281555;142;5159;3791;43740568;7468;1489834,P35968;P00533;Q862F3;AMB37292;P09874;P09619;Q862L2;O96028;P43405;Q6B856
T4135,Cc1cc(O)c(-c2ccc([C@@H](C)CN(C)C)cc2)c2c1[nH]c(=O)c1sccc12.Cl,PPARG,0.3052,活性,毒性,,
T37744,CCCCCCCC(=O)N[C@H]1CCOC1=O,PPARG,0.3052,活性,低毒性,881789,P33905;P12746;P25084
T27029,COC(=O)c1ccc(-n2cc(CCCOS(=O)(=O)c3ccc(C)cc3)nn2)cc1,AOC3,0.3049,活性,低毒性,5716,O75832
T69552,COc1c([C@H]2[C@H](C(=O)Nc3ccnc(C(N)=O)c3)O[C@@](C)(C(F)(F)F)[C@H]2C)ccc(F)c1F,NR1H4,0.3049,活性,低毒性,6331,Q14524
T16999,Cc1cc(Oc2ncccc2C(F)(F)F)ccc1-c1c(C)c(=O)[nH]c(=O)n1C,THRB,0.3049,活性,低毒性,1812,P21728
T73377,COc1cc(Cl)ccc1C1=CN(c2ccc(-c3ccccc3OC)cc2)C2=NCCCN12.O=CO,THRSP,0.3049,活性,低毒性,,P30837
T7320,COc1ccc(N2CCOCC2)c2sc(NC(=O)N3CCC(C)(O)CC3)nc12,PPARG,0.3047,活性,低毒性,135;140;25369;136;1565;134,P29275;P0DMS8;ANW61984;P30542;P30543;NP_000666;P29274
T3100,CCOC(=O)CCNc1cc(N2CCc3ccccc3CC2)nc(-c2ccccn2)n1,AOC3,0.3044,活性,毒性,6850;10765;23135;8242;7468;7403,Q9Y4C1;O15054;Q7LBC6;NP_006609;Q9H3R0;Q9UGL1;NP_001073893;Q8NHM5;O96028;O15550;NP_066963;O94953;O75164;Q9UPP1;NP_004178;P43405
T23602,O=C1C2CN(Cc3ccc(Cl)cc3)CCN2C(=O)N1OC(=O)N1CCOc2ccccc21,AOC3,0.3044,活性,低毒性,147111,Q6P988
T22514,O=C(O)C(=O)O.O=C(c1ccc(F)cc1)C1CCN(CCCCc2ccccc2)CC1,NR1H4,0.3044,活性,低毒性,29581;29595;25187,P30994;P08909;P14842
T74698,CCn1c(-c2cc(N3CCN(C)CC3)cnc2C(C)OC)c2c3cc(ccc31)-c1csc(n1)CC(NC(=O)C1CC1C)C(=O)N1CCCC(N1)C(=O)OCC(C)(C)C2,PPARG,0.3044,活性,低毒性,,
T6191,O=C(NS(=O)(=O)c1ccc(Br)s1)c1ccc(Cl)cc1Cl,PPARG,0.3044,活性,毒性,7468;1559;6850,QLI62812;P43405;O96028
T8842,C[C@@H](Oc1ccc2c(-c3ccc(F)cc3Cl)cc(=O)oc2c1)C(=O)N1CCC[C@H](C(=O)O)C1,PPARD,0.3042,活性,毒性,,
T61833,C[C@@H]1CN(Cc2ncccn2)C[C@H]1c1cn2c(C3CCOCC3)ncc2c(=O)[nH]1,THRSP,0.3042,高活性,低毒性,5152;5136;5153,Q01064;P54750;O76083
T64167,COc1cc(C(=O)NC2CCN(C)CC2)c(F)cc1Nc1ncc(C(F)(F)F)c(Oc2cccc3c2C(=O)N(C)C3)n1,ACACA,0.304,活性,低毒性,,Q05397
T70413,C=CC(=O)NCC(=O)N1CCN(S(=O)(=O)c2cccc3c(N(C)C)cccc23)CC1,AOC3,0.3037,高活性,低毒性,7052;343641,O95932;P21980
T5523,CC(C)Oc1ccc(C(=O)Cn2ccnc2)cc1-n1c(CN2CCN(C(=O)COc3ccc(Cl)cc3)CC2)nc2ccccc2c1=O,AOC3,0.3037,活性,毒性,23657,Q9UPY5
T0078L,CS(=O)(=O)CCNCc1ccc(-c2ccc3ncnc(Nc4ccc(OCc5cccc(F)c5)c(Cl)c4)c3c2)o1.Cc1ccc(S(=O)(=O)O)cc1.Cc1ccc(S(=O)(=O)O)cc1.O,GPAM,0.3037,活性,毒性,,P00533;P04626
T11885,Cc1cc(N)nc(C)c1CNC(=O)c1ccnc(Cc2ccc3ncc(Cl)cc3c2)c1,GPAM,0.3037,活性,低毒性,3818,Q92918;P03952
T70852,CCNc1cccnc1N1CCN(C(=O)c2cc3cc(OC)ccc3[nH]2)CC1,PPARG,0.3037,活性,低毒性,155348,P04585;Q72547;Q72874
T6771,Cc1noc(C)c1-c1ccc(-c2cc(C(N)=O)c(NC(N)=O)s2)c(O[C@H]2CCNC2)c1,PPARG,0.3037,活性,毒性,7468;28989;6850,O96028;Q9BV86;P43405
T23450,O=C1CC(c2ccc([N+](=O)[O-])cc2)=NN1c1ccccc1,PPARG,0.3037,活性,低毒性,1551;1559;115,QLI62812;O60503;NP_000756;ABI96208
T82568,Cc1cccnc1-c1csc(C(=O)Nc2cc(Cl)cc(NS(C)(=O)=O)c2)c1,AOC3,0.3035,活性,低毒性,1660,Q08211
T12163,OC[C@H]1O[C@@H](n2cnc3c(NCCc4ccccc4)ncnc32)[C@H](O)[C@@H]1O,GPAM,0.3035,高活性,毒性,29290;25369;29316;100911796,P25099;P0DMS8;P30542;P30543;P28647;P29276;P29274
T19705,CCCCCOc1c(OC)ccc2cc(C(=O)NCc3ccc4c(c3)OCO4)c(=O)[nH]c12,NR1H4,0.3035,活性,毒性,3458;1269;1268,P21554;NP_000610;P34972
T9528,CCS(=O)(=O)c1ccccc1C(=O)N1CCN(c2nc3ccc(F)cc3s2)C[C@@H]1C,AOC3,0.3032,活性,低毒性,27163,Q02083
T5556,CC(=O)[C@H]1CC[C@H]2[C@@H]3CC[C@H]4CC(=O)CC[C@]4(C)[C@H]3CC[C@]12C,AOC3,0.3032,活性,低毒性,151306,Q8TDU6;O60218
T41211,COc1ccc([C@H](C)NC(=O)[C@@H]2C[C@@H](O)CN2C(=O)CNC(=O)c2ccc3cc(F)ccc3n2)c(Cl)c1,NR1H3,0.3032,活性,低毒性,,Q06609
T27827,NCCCC[C@H](N[C@H]1CCc2ccccc2N(CC(=O)O)C1=O)C(=O)O,THRSP,0.3032,活性,低毒性,1636,P12821
T39954,Cc1ncsc1-c1ccc([C@H](C)NC(=O)[C@@H]2C[C@@H](O)CN2C(=O)[C@@H](NC(=O)CN2CCN(c3cc(-c4ccccc4O)nnc3N)CC2)C(C)(C)C)cc1,ACACA,0.303,活性,低毒性,,
T2381,CCN1CCN(Cc2ccc(Nc3ncc(F)c(-c4cc(F)c5nc(C)n(C(C)C)c5c4)n3)nc2)CC1,AOC3,0.303,活性,毒性,4837;595;6850;11255;2932;5409;1021;43740568;204851;57396;3176;1198;3458;894;8536;27232;100049478;3757;6098;3456;9149;1195;8798;1489834;896;8444;5144;7151;2593;28989;1020;891;19886;5292;8851;7157;7468;1196;983;1019;3106;8445,Q9H2X6;Q9BV86;P05771;P21964;P24385;Q9BZL6;P15056;P00533;P49760;Q9UEE5;Q15078;O95819;P0DTD1;P08922;O14976;P04629;P49840;NP_000610;Q78DX7;Q13627;P11086;Q00535;P50135;Q92630;P24941;Q2M2I8;O14578;P43405;P15206;Q14012;NP_001119587;P30279;O94804;Q9BQI3;P11309;P19784;Q13557;Q14353;Q9P1W9;P50750;O60563;O96028;P06493;P11802;P51948;P14635;Q00534;P24864;Q86Z02;Q96RR4;P49761;Q9Y463;Q00536;P68400;P50613;ABI96208;Q14749;Q9NSY1;Q9NR20;O43781;P49759;P45983;Q9H2K8;Q86TW2;Q13554;Q9UPZ9;Q13555;P01574;Q6ZSR9;P36888;Q9DGD3;P53779;P59594;Q7L7X3;P17252;Q9HAZ1;Q05655;AMB37292;P30281;P51617;O94806;P51946;Q12809;O75909;NP_000066;Q08499;O75716;NP_001138778;P49841;P40261;Q9Y5N1;P20248
T13954,Cc1ncsc1-c1ccc(CNC(=O)[C@@H]2C[C@@H](O)CN2C(=O)[C@@H](NC(=O)CCCNC(=O)c2ccc(-c3cnc(NCc4ccco4)n4cnnc34)cc2)C(C)(C)C)cc1,AOC3,0.303,高活性,低毒性,23512;8726;7428;2146,P40337;Q15910;Q15022;O75530
T64372,c1ccc2[nH]c(-c3ccc(-c4ccc(C5=NCCN5)cc4)o3)nc2c1,RXRB,0.303,活性,低毒性,,
T35827,CC(C)C[C@H](NC(=O)[C@H](CO)NC(=O)[C@@H](NC(=O)[C@H](C)NC(=O)[C@@H](N)CCC(=O)O)C(C)C)C(=O)N[C@@H](CCCCN)C(=O)N1CCC[C@H]1C(=O)N[C@H](C(=O)O)[C@@H](C)O,AOC3,0.3027,活性,低毒性,5581,Q02156
T31221,COc1cc(-c2cn(C)c(=O)c3cnccc23)cc(OC)c1CN(C)CC(=O)NCCOCCOCCNc1cccc2c1C(=O)N(C1CCC(=O)NC1=O)C2=O,NR1H4,0.3027,活性,低毒性,65980,Q9H8M2;Q96SW2
T9935,CCCCCCCCN(CCC(=O)Nc1ccccc1)CCC(=O)Nc1ccccc1,PPARG,0.3027,活性,毒性,23463,O60725
T67866,Cc1c(C(=O)Nc2ccc3ccccc3n2)cnn1-c1ccccc1,PPARG,0.3027,活性,低毒性,,
T70058,Nc1ncc(-c2nc(N3CCOCC3)nc(N3CCOCC3)n2)c(C(F)F)n1,THRSP,0.3027,高活性,低毒性,64223;79109;2475;253260;57521,P42336;P42345;Q8N122;Q9BVC4;Q9BPZ7;Q6R327
T60165,CC(C)(OCc1cc(-c2cccc(OC3CC3)c2)n(-c2ccccc2Cl)n1)C(=O)O,THRSP,0.3027,活性,低毒性,9123,O15427
T4075,Cc1cc2cc(Oc3ccnc(Nc4cccc(CS(=O)(=O)NCCN(C)C)c4)n3)ccc2[nH]1,AOC3,0.3025,活性,毒性,6850;7468;3106;3456;3791;43740568;2260,P09581;P01574;P35968;P35916;NP_001167538;O96028;P17948;P36888;P11362;Q12866;Q16620;P43405;NP_002244
T12919,CS(=O)(=O)NCCC1CCN(c2ncnc3cc(C(N)=O)sc23)CC1,PPARG,0.3025,高活性,低毒性,23410;23411;22933,Q96EB6;Q9NTG7;Q8IXJ6
T6113,O=C1[C@@H](Cc2ccc(O)cc2)N2C(=O)CCN(C(=O)NCc3ccccc3)[C@@H]2CN1Cc1cccc2ccccc12,PPARG,0.3025,活性,低毒性,6932,P36402;P35222
T62190,COc1ccc(COc2ncc(Cc3ccnc(-c4cnn(C)c4)n3)cc2OC)nc1,RXRB,0.3025,活性,低毒性,,P07333
T85727,CN(C)c1cccc(Nc2cc(-c3ccccc3)nc(C3CCNCC3)n2)c1,AOC3,0.3022,活性,毒性,,
T12901,C[C@@H](Oc1cncc(-c2cnc(N)nc2)c1)c1c(Cl)ccc(F)c1Cl,MLXIPL,0.3022,活性,低毒性,3636,O15357
TN1459,C[C@]12CC[C@H](O)C[C@H]1CC[C@@H]1[C@@H]2C(=O)[C@@H](O)[C@]2(C)[C@@H](c3ccc(=O)oc3)CC[C@]12O,NR1H3,0.3022,活性,毒性,,
T17005,CC(C)c1c(NC(=O)Nc2ccc(Cl)cc2)c(=O)n(-c2ccccc2)n1C,PPARA,0.3022,活性,低毒性,14289;2357;14293;1565;2358,ANW61984;P25090;P33766;NP_001005738;O88536;NP_038549;NP_032065;P21462
T1628,CCN(C)C(=O)Oc1cccc([C@H](C)N(C)C)c1.O=C(O)[C@H](O)[C@@H](O)C(=O)O,PPARG,0.3022,活性,低毒性,590;43;100033901,P22303;P06276;P81908;Q96L34
T60200,COc1cc2c3c(n(CCCn4ccnc4)c(=O)c2cc1OC)-c1cc2c(cc1C3=O)OCO2,PPARG,0.3022,高活性,毒性,142;4609;43740568;7468;1489834,O96028;AMB37292;P09874;P01106
T67704,O=C(Nc1ccc(-c2nc(N3CC4CCC(C3)O4)c3sccc3n2)cc1)NC1CC1,RXRB,0.3022,活性,毒性,2475,P42336;P42345
T69188,CC(C)c1c(-c2ccc(Cl)cc2)[nH]c2nccnc12,THRSP,0.3022,高活性,低毒性,100049478;84027;2931;2932,P15206;Q9DGD3;Q8WWL7;O95067;P14635;P49840;P18266;P49841;P06493
T72924,CN1CCN(c2ccc(-c3cc4c(N5CCN(C(=O)Nc6ccc(Cl)c(C(F)(F)F)c6)CC5)ncnc4s3)cc2)CC1,AOC3,0.302,活性,毒性,50488;2324;695;9833,Q8N4C8;Q14680;P35916;Q06187
T9151,COc1ccc(NC(=O)c2n[nH]c3ccc(-c4cncc(CN5CCCCC5)c4)cc23)cn1,FASN,0.302,高活性,低毒性,1198;1196,Q13627;P49760;P49761
T0186,CC(=O)O[C@@]12CO[C@@H]1C[C@H](O)[C@@]1(C)C(=O)[C@H](O)C3=C(C)[C@@H](OC(=O)[C@H](O)[C@@H](NC(=O)OC(C)(C)C)c4ccccc4)C[C@@](O)([C@@H](OC(=O)c4ccccc4)[C@H]21)C3(C)C.O.O.O,GPAM,0.302,高活性,毒性,10382;7278;7277;281555;347688;84617;347733;10376;7280;81027;2692;10383;84790;203068;10381;7846;112714,P68363;Q6PEY2;P04350;Q862F3;Q9BQE3;Q13509;P21452;P68371;P00533;Q9H4B7;Q02643;P08684;P0DPH7;Q3ZCM7;Q862L2;Q6B856;Q71U36;Q9BVA1;Q9BUF5;Q13885;P07437;P68366
T17304,Cc1c(C)c2c(c(C)c1OP(=O)(O)O)CC[C@@](C)(CCC[C@H](C)CCC[C@H](C)CCCC(C)C)O2,PPARD,0.302,活性,低毒性,9446,P78417
T63726,C[C@@H]1CN(c2cccc(NC(=O)c3ccc(NS(=O)(=O)CCO)cc3N3CCC4(CC3)CC4)n2)CCO1,RXRB,0.302,活性,低毒性,81930,Q8NI77
T27841,COc1ccc(Oc2cc(N(C)CCOc3ccc(CC4SC(=O)NC4=O)cc3)ncn2)cc1.O=S(=O)(O)O,THRB,0.302,高活性,低毒性,5468;5465,P37231;Q07869
T14360,CCOc1cc(C(=O)N2CCC(N3CCN(C)CC3)CC2)ccc1Nc1ncc2c(n1)N(S(C)(=O)=O)c1ccccc1C(=O)N2C,ACACA,0.3018,活性,低毒性,5598,Q13164;O60885
T6379,CC(=O)Nc1nc2c(Oc3cc(-c4ccc(C(F)(F)F)cc4)ncn3)cccc2s1,THRSP,0.3018,活性,低毒性,7442;83810;1559;1551;7468,Q8NER1;O35433;QLI62812;O96028;NP_000756;NP_542437
T28681,Nc1nccc(-c2c(-c3ccc(F)cc3)ncn2C2CCNCC2)n1,THRSP,0.3018,活性,低毒性,3932;25865;1432;1455;9833;3791;8767;57396;10110;5601;6300;3654;2324;2931;23683;1453;5594;8444;5566;5603;4067;5292;50488;1452;3984;1196;5582;6788;9448;5979;7525;5600;2066;11183;1457,3ERK_A;O15264;Q15759;P53778;Q16539;NP_005424;NP_620583;1BL7_A;O43353
TQ0175,CCCN[C@@H]1CCc2nc(N)sc2C1,ACACA,0.3015,活性,低毒性,1814;3274,P14416;P25021;P35462
T15820,CC(C)S(=O)(=O)NC[C@H](C)c1ccc(-c2ccc(CCNS(C)(=O)=O)cc2)cc1,PPARD,0.3015,活性,毒性,6850;1559;1551;7468;2893,QLI62812;O96028;P48058;NP_000756;P43405
T3960,Cc1cc(C(=O)Nc2cccc(C(=O)Nc3cccc(C(F)(F)F)c3)c2)on1,SCD,0.3015,活性,低毒性,1551;1559,QLI62812;NP_000756;ABI96208
T9215,Cc1[nH]n(-c2ccc(OC(F)(F)F)cc2)c(=O)c1C1(C(F)(F)F)C(=O)N(c2ccccc2)C2=C1C(=O)CC(C)(C)C2,XPR1,0.3015,高活性,低毒性,79071;83401;12686;170439,Q9HB03;Q920L5;O35949;Q9H5J4
T8866,CN1CCN(c2ccc(Nc3nccc(-c4cnn5ncccc45)n3)cc2C(F)(F)F)CC1,AOC3,0.3013,活性,毒性,4837;6850;2932;5409;3791;8900;2475;3176;45423973;27232;116160065;814112;896;2593;28989;813740;5292;7468;29110;1019;7525;887072,Q9BV86;AAA29795;Q9NYV4;P21964;P08659;B45705;P43405;O60674;P11309;Q14749;Q14353;P78396;P30281;O96028;O97467;O61059;NP_005424;P11166;P11086;Q9UHD2;P50135;P11802;ABH03417;XP_001350099;P35968;P20248;P24941;P42345;O75909;P49841;P40261;P9WI81;XP_001349989
T3054,COc1cc2c(cc1O)[C@@H](Cc1ccc(O)c(Oc3ccc(C[C@@H]4c5cc(OC)c(OC)cc5CCN4C)cc3)c1)N(C)CC2,NR1H4,0.3013,活性,低毒性,3757,Q12809
T5484,O=c1[nH]c(Oc2cnn(Cc3ccccc3)c2)nc2cnccc12,PPARD,0.3013,高活性,低毒性,23081;9682;10765;390245;8242;55693,B2RXH2;P41229;Q9H3R0;Q9UGL1;Q6B0I6;O75164
T77631,O=C(Nc1ccc(OS(=O)(=O)c2ccc(F)cc2)cc1)C12CC3CC(CC(C3)C1)C2,PPARG,0.3013,活性,毒性,5168;771;768;5169;5167,Q13822;P22413;O14638;Q16790;O43570
T27592,Cc1cc(COc2ccc([C@]3(C)CCN([C@H](C)C(=O)NO)C3=O)cc2)c2ccccc2n1,PPARG,0.3013,高活性,毒性,4325;397343;80332;6868;4324,NP_003174;P08253;P51512;NP_694882;P78536;P08254;O77636;P22894;P45452;Q9BZ11;P09237;P51511;2FV5_A
T64342,C=CS(=O)(=O)Nc1ccc(Cc2ccc3ccccc3c2)cc1,AOC3,0.301,活性,低毒性,7004,Q15561
T13674,CCNCCc1ccc(CN(CC)c2cc(OC)ccc2[C@@H]2CCc3cc(O)ccc3C2)cc1,NR1H4,0.301,活性,毒性,2100;28989;6850;2852;43740568;7468,Q9BV86;Q92731;P03372;Q99527;O96028;P43405
T38776,O=C(O)CSc1ncnc2c(C3CC3)c(Cl)sc12,PPARG,0.301,高活性,低毒性,77583;147111,Q8R116;Q6P988
T15162,CCN(CC)C(=O)Cc1c(-c2ccc(OCCF)cc2)nn2c(C)cc(C)nc12,PPARG,0.301,活性,低毒性,24230,P16257
T1747,Cn1nnc(-c2ccc(-c3ccc(N4C[C@H](CO)OC4=O)cc3F)cn2)n1,PPARG,0.301,活性,毒性,9970;4128;4129,P21397;P27338;ADZ17385
T3192,O=C(Nc1cc(C(F)(F)F)ccc1O)Nc1cc(C(F)(F)F)ccc1O,PPARG,0.301,活性,低毒性,3778;3757;170739;81033,NP_775115;NP_571987;NP_001154825;NP_001191727
T12711,Cc1ccc(C2Nc3ccccc3C(=O)N2c2ccccc2)s1,ACACA,0.3008,活性,低毒性,,
T36682,CC(C)(C)NS(=O)(=O)c1ccc(NC(=O)[C@H](Cc2ccccc2)NC(=O)c2ccc(F)cc2)cc1,AOC3,0.3008,活性,低毒性,84749,Q70CQ3
T11237,C[C@@H]1Cc2c(ccc3[nH]ncc23)[C@@H](c2ccc(NC3CN(CCCF)C3)cn2)N1CC(F)(F)F,AOC3,0.3008,活性,毒性,1576;11255;1565,P08684;P03372;Q9Y5N1;P10635
T29075,CCCn1nc(C(C)C)c(C(=O)O)c1Cc1ccc(-c2ccccc2-c2nnn[nH]2)cc1,GPAM,0.3008,高活性,低毒性,81638;24180,P25095;P29089
TN1413,COC(=O)c1c(C)cc(OC(=O)c2c(C)cc(O)c(C=O)c2O)c(C)c1O,NR1H3,0.3008,活性,低毒性,1576;9536;1551,O14684;NP_059488;ABI96208;AAI07878;NP_000756
T23150,Cc1cc(C)nc(NC(=S)N2CCN(c3ccncc3)CC2)c1,PPARG,0.3008,活性,低毒性,216,AAH01505;AAG24257
T37816,Cc1cc2c(cc1C(F)(F)F)N(C(=O)Nc1ccc(Oc3cccnc3C)nc1)CC2,PPARG,0.3008,高活性,低毒性,3358;3357;3356;3362,P41595;NP_000858;P50406;P28335;P28223;NP_001159419;NP_001243690
T63388,CCO[C@H]1CC[C@@H](n2cc(NC(=O)c3csc(-c4cn[nH]c4)n3)c(-c3nc(F)ccc3F)n2)CC1,THRB,0.3008,活性,低毒性,,Q9NWZ3
T6219,CCOc1nc2cccc(C(=O)OCc3oc(=O)oc3C)c2n1Cc1ccc(-c2ccccc2-c2nc(=O)o[nH]2)cc1,THRSP,0.3008,活性,低毒性,,P50052
T35896,Cc1ccc(Oc2ccnc(Nc3ccc(S(N)(=O)=O)cc3)c2)c(C)n1,ACACA,0.3005,活性,低毒性,7046,2WOU_A;P36897
T27172,CCOc1ccccc1C(=O)NCc1coc(-c2ccc(OC(F)F)c(OC(C)C)c2)n1,AOC3,0.3005,活性,低毒性,,NP_001184152;Q08499
T16994,CCc1cc(C(N)=O)ccc1-n1nc(C(C)C)c2c(-n3cnc(-c4cnn(C)c4)c3)ccnc21,GPAM,0.3005,活性,毒性,3326;3320;6850;7468;3106;3456;43740568;1489834,P01574;P08238;AMB37292;P07900;O96028;P43405
T10101,COC(=O)C1=C(C)NC(C)=C(C(=O)OCCCN2C(=O)c3ccccc3S2(=O)=O)C1c1cccc(Cl)c1Cl,PPARD,0.3005,活性,低毒性,,
T13722,Cc1ncsc1-c1ccc(CNC(=O)[C@@H]2C[C@@H](O)CN2C(=O)[C@@H](NC(=O)COCCOCCOCCOCCOCCOCC(=O)N[C@H](C(=O)N2C[C@H](O)C[C@H]2C(=O)NCc2ccc(-c3scnc3C)cc2)C(C)(C)C)C(C)(C)C)cc1,AOC3,0.3003,高活性,低毒性,6923;6921;7428,P40337;Q15370;Q15369
T16389,O=C(O)CNc1cccc(CN(Cc2ccc(-n3cccn3)cc2)S(=O)(=O)c2cccnc2)n1,AOC3,0.3003,高活性,低毒性,5732;5734,P35408;P43116
T40701,CC(C)CN(CCCN1CCN(CCCNc2nc3ccccc3[nH]2)CC1)CC(C)C,PPARG,0.3003,活性,低毒性,23621,P56817
T65739,CCOc1nc2cccc(C(=O)OC)c2n1Cc1ccc(-c2ccccc2-c2nnn[nH]2)cc1,PPARG,0.3003,活性,低毒性,281607,P25104
T4063,Nc1nc(-n2cc(C(=O)O)c(=O)c3cc(F)c(N4CC(O)C4)c(Cl)c32)c(F)cc1F,AOC3,0.3,活性,低毒性,4837;2593;27232;5409;3176,Q14749;P40261;P21964;P11086;Q14353;P50135
T4133,CC(C)(C)c1cc(NC(=O)Nc2ccc(Oc3ccnc4[nH]c(=O)cnc34)cc2F)n(-c2ccccc2)n1,PPARD,0.3,高活性,毒性,5894;673;3932;6714,NP_005408;P15056;NP_001036236;NP_004324;NP_002871
TN1346,COc1cc2c(cc1OC)-c1cc3ccc(OC)c(OC)c3c(=O)n1CC2,PPARG,0.3,活性,低毒性,,
T15109,O=C(O)C[C@H]1CC[C@H](c2ccc(-c3ccc4nc(C(=O)NCc5ccc(OC(F)(F)F)cc5)cn4c3)cc2)CC1,PPARG,0.3,活性,低毒性,13350;8694,O75907;Q9Z2A7
T10603,CC(=O)Nc1ccc(C(=O)Nc2cc(-c3cccs3)ccc2N)cc1,RXRA,0.3,高活性,毒性,9759;51564;10013;10014;9734;3065;8841;79885;3066;83933;55869,Q96DB2;Q8WUI4;Q9UKV0;Q9UQL6;Q9BY41;Q13547;Q9UBN7;P56524;Q969S8;Q92769;O15379
T7639,CC(C)[C@H](NC(=O)[C@H](CCC(=O)O)NC(=O)[C@H](Cc1ccccc1)NC(=O)[C@@H](C)NC(=O)[C@@H](N)Cc1ccc(O)cc1)C(=O)N[C@H](C(=O)NCC(N)=O)C(C)C,RXRG,0.2998,活性,低毒性,4985;18386;18390;4988;25601,P33535;P42866;P35372;P41143;P32300
T11955,CC(C)(C)C(=O)c1sc(N)nc1-c1ccc(P(=O)(O)O)o1,THRSP,0.2998,活性,低毒性,2203,P09467
T20797,CCCN(CCC)CCc1ccc(OC)c(OCCc2ccccc2)c1.Cl,PPARG,0.2996,活性,低毒性,29336;100135589;24473;24898;10280,P19327;Q99720;Q9R0C9;P23977;Q60492
T71665,CCO[C@@H]1Cc2cc(C(F)(F)F)ccc2[C@H]1N1CCN(C2(C)CCN(C(=O)c3c(C)ncnc3C)CC2)C[C@@H]1C,THRSP,0.2996,高活性,低毒性,3757;1234,P51681;Q12809
T11785,O=C(O)c1cccc(-c2ccc(-c3cn(C(=O)N4CCCCC4Cc4ccccc4)nn3)cc2)c1,THRSP,0.2996,活性,低毒性,231871;1559;9807;66082,NP_659164;Q92551;ABI96208;CAM22669;QLI62812;Q8R2Y0;NP_079617
T14899,CS(=O)(=O)c1cc(C2(NC(=O)c3cncc4c3cnn4-c3ccc(F)cc3)CC2)ccn1,PPARD,0.2993,活性,低毒性,1230;153,P08588;P32246
T8854,Nc1nc2ncc(CNc3ccc(C(=O)O)cc3)nc2c(=O)[nH]1,PPARG,0.2993,活性,低毒性,,1BR6_A
T5473,COc1cc(OC)c(F)c(COc2cnc(Nc3cnn(CCO)c3)nc2)c1F,RXRB,0.2993,高活性,毒性,2264;2261;2260;2263,P22607;P22455;P21802;P11362
T86202,CS(=O)(=O)Nc1cc(Cl)cc(NC(=O)c2cc(-c3ncccc3OCc3cncc(F)c3)cs2)c1,AOC3,0.2991,活性,低毒性,1660,Q08211
T11634,CCOC(=O)c1cccc(NC(=O)CCCCCCCSc2nnc(Cc3nn(C)c(=O)c4ccccc34)n2C)c1,RXRG,0.2991,活性,低毒性,,P40933;Q13261
T71534L,COc1ccc(CCNc2ncnc3sc(C)cc23)cc1OC,RXRB,0.2988,活性,低毒性,10413,NP_001123617
T11328,CCC(CC)n1cnc2c(-c3cnc(N)cn3)nc(N3CC4CCC(C3)O4)nc21,AOC3,0.2986,高活性,低毒性,2475;5289,Q8NEB9;P42336;P42345
T21773,COc1ccc2[nH]c3c(-c4cccc5ccccc45)nccc3c2c1,PPARG,0.2986,高活性,毒性,6850;1559;7157;1551;7151;1565;7468,ANW61984;NP_001119587;ABI96208;QLI62812;O96028;NP_000756;P43405
TN1493,COc1cc2oc(-c3ccc(O)c(O)c3)c(OC)c(=O)c2c(O)c1OC,PPARG,0.2986,活性,低毒性,24192,P07943
T2471,O=C(c1cccc(Cl)c1F)N1CCN(Cc2cccc(Nc3nccs3)n2)CC1,THRSP,0.2986,活性,毒性,115;1559;25;1565;7468,O60503;ANW61984;ABI96208;QLI62812;P00519;O96028
T39733,Cn1nccc1-c1ccc(C(=O)N[C@@H]2CNCC[C@H]2c2ccc(F)c(F)c2)c(F)c1,PPARG,0.2983,活性,毒性,6093;9475,Q9Y243;Q13464;O75116
T32043,Cc1ncsc1-c1ccc(CNC(=O)[C@@H]2C[C@@H](O)CN2C(=O)[C@H](C(C)C)N2Cc3ccccc3C2=O)c(OCCOCCOCCOCCCCCCCl)c1,THRSP,0.2983,活性,低毒性,7428,P40337;P0A3G3
T17232,CC(C)(C)NC(=O)c1ccc(Oc2cc(F)c(CC(=O)O)cc2Cl)c(NS(=O)(=O)c2ccc(C3CC3)cc2Cl)c1,THRSP,0.2983,活性,低毒性,5729;11251;1558,Q13258;Q9Y5Y4;P35750;P10632
T10293,Cc1noc(-c2ccc(-c3ccc(CC(=O)O)cc3)cc2)c1NC(=O)O[C@H](C)c1ccccc1,THRSP,0.2983,活性,低毒性,14745;1559;1551;1902,Q92633;NP_476500;NP_766577;QLI62812;NP_000756
T11486,CN(C)CCCN(CC[C@H](N)C(=O)O)C[C@H]1O[C@@H](n2cnc3c(N)ncnc32)[C@H](O)[C@@H]1O.O=C(O)C(F)(F)F,AOC3,0.2981,活性,低毒性,,Q9NRG4;Q9H7B4
T3637,Br.Cc1ccc(-c2cn3c4c(sc3n2)CCCC4)cc1,PPARG,0.2981,活性,毒性,,
T28824,Cc1cn(-c2cc(F)c(C(N)=O)c(N[C@H]3CCOC3)c2)c2c1C(=O)CC(C)(C)C2,THRSP,0.2981,高活性,毒性,10131;3320;7184;3326,P07900;P08238;P14625;Q12931
T16087,CC(C)(C)Sc1c(CC(C)(C)C(=O)O)n(Cc2ccc(Cl)cc2)c2ccc(OCc3ccc4ccccc4n3)cc12,AOC3,0.2979,高活性,毒性,4837;2593;27232;6850;1559;241;1576;5409;2879;240;1565;3176,P08684;P36969;P09917;P10635;P43405;P11712;ABI96208;P50135;QLI62812;Q14749;P40261;P21964;P11086;Q14353;P20292
T41231,Cc1ccc2c(c1)Cc1c(C(=O)NN3CCCCC3)nn(-c3ccc(Cl)cc3Cl)c1-2,PPARG,0.2979,活性,毒性,1269;12802;1268;12801;3458,P47936;P47746;P34972;P21554;NP_000610
T15681,CCCCc1nn(-c2ccccc2C(F)(F)F)c(=O)n1Cc1ccc(-c2ccccc2S(=O)(=O)NC(=O)c2sccc2C)cc1,SCD,0.2979,活性,毒性,4790;7421;4609;2146,NP_002458;NP_001017535;NP_004447;NP_003989
T4468,O=S(=O)(NC1CCNCC1)c1cc(S(=O)(=O)c2ccccc2)ccc1C(F)(F)F,NR1H3,0.2976,活性,低毒性,7473;6422,P56703;ABI96208;Q8N474
T6973,CC(C)c1cc(-c2ccc(F)c3ccccc23)nc(N)n1,THRSP,0.2976,活性,毒性,3358;6850;8477;1559;3351;3357;3356,QLI62812;P41595;NP_000858;Q8IYL9;P28222;NP_001159419;P43405;NP_001243690
T2367,Fc1ccc(-c2nc3n(c2-c2ccncc2)CCS3)cc1,AOC3,0.2974,活性,毒性,6300;443551;1432;5603;7525;5600;25290;3458,P05979;O15264;Q15759;P53778;Q16539;NP_005424;P12527;NP_000610;NP_620583
T13246,Nc1ncc(-c2ccc(C(=O)N3CCNCC3)cc2)nc1-c1ccc(C(F)(F)F)cc1,AOC3,0.2974,活性,低毒性,3757,Q12809
T30961,CCCCCCCN(Cc1ccc(CC(C)(C)C)cc1)C(=O)Nc1ccc(F)cc1F,AOC3,0.2974,高活性,低毒性,6646;81782,P35610;Q95214;O70536
T9556,O=C1c2ccc(-c3cnc4[nH]ccc4c3)cc2OCCN1Cc1ccc(F)cc1,AOC3,0.2974,活性,毒性,2645;4296;2324;2321;6790;9263;23043,P35916;P35557;O14965;Q9UKE5;P17948;Q16584;Q9UEE5
T5331,O=C(Nc1nnc(-c2ccc(F)cc2)o1)c1ccc(Cl)cc1,PPARG,0.2974,活性,低毒性,107,Q08828
T10031,Cc1cc(C(=O)O)nn1Cc1cc(Br)ccc1OCc1ccc(Cl)cc1Cl,PPARG,0.2974,活性,低毒性,5731,P34995
T1916,Cc1c(CN2CCN(C(=O)[C@H](C)O)CC2)sc2c(N3CCOCC3)nc(-c3cnc(N)nc3)nc12,RXRG,0.2974,高活性,毒性,6850;5294;5287;5289;5293;5291;5286;3456;2475;4293;5290;2268;7468,P01574;P42338;NP_004949;NP_149132;O00329;NP_006210;NP_001036194;P00519;O00443;O94804;Q9H2G2;P42336;O96013;P00533;Q13163;P42680;NP_005017;P23458;P09769;P17252;Q06187;Q8NEB9;NP_002640;P78527;O96028;P48736;NP_006209;P16591;O00750;P80192;P42345;NP_001167638;Q6PHR2;P43405
T4039,O=C(c1ccc(Cl)cc1)N1CCC(=Cc2ccc(C3=NCCO3)cc2)CC1,RXRG,0.2974,活性,低毒性,4047;815275;856470,P38605;P48449;P33247;P38604
T5409,COCCOc1cc(F)c2c(Nc3ccc(NC(=O)Cn4cc(C(C)C)nn4)cc3)ncnc2c1,THRSP,0.2974,活性,低毒性,3791;5159;3815,P09619;P10721;P16234;P35968
T6866,CN1CCN(Cc2ccc(NC(=O)Nc3ccc(Oc4ccnc(N)n4)cc3)cc2C(F)(F)F)CC1,AOC3,0.2971,活性,低毒性,983,P06493;P24941;P49336
T10730,COc1ccc(C(CC(N)=O)N2C(=O)c3ccccc3C2=O)cc1OC1CCCC1,PPARG,0.2971,高活性,毒性,5141;5143,Q08493;Q08499;P27815;Q07343
T2003,O=C(NC1CC1)c1cc(-c2cccs2)on1,PPARG,0.2971,活性,低毒性,116160065,AAA29795
T74417,CC1(C)C[C@@H]2CCCN=C3C=CC=C(N3)S(=O)(=O)NC(=O)c3ccc(-n4ccc(OCCC5C6(CC6)C56CC6)n4)nc3N1C2,PPARG,0.2971,活性,低毒性,1080,P13569
T12910,Cc1nc(-c2ccc(Cl)cc2)nc(OCCCN2CCCCC2)c1Cl,THRSP,0.2971,活性,低毒性,3757;100135589;10280,Q12809;Q60492;Q99720
T77777,CC(C)(Sc1nc(=O)c2cnn(-c3ccccc3)c2[nH]1)C(N)=O,PPARG,0.2969,高活性,低毒性,1613;5292;415116,Q86V86;P11309;O43293
T1991,Cc1cc(F)c(Nc2ncnc3cc(OCc4ccccc4)ccc23)cc1O.Cl,AOC3,0.2966,活性,低毒性,3791,P35968
T9557,COc1cccc(NC(=O)c2ccc(-c3cnc4[nH]ccc4c3)cc2OC)c1,PPARG,0.2966,活性,低毒性,23043,Q9UKE5
T25193,O=C(Nc1ccc(Oc2ncccn2)cc1C(=O)O)c1ccc(Cl)cc1Cl,RXRA,0.2966,活性,低毒性,5468,P37231
T37089,C[C@@H](Oc1ccc(S(C)(=O)=O)cc1C(=O)N1C[C@@H]2C[C@]2(c2cc(C(F)(F)F)on2)C1)C(F)(F)F,SCD,0.2966,活性,低毒性,,P48067
T1839,CCOc1cc(N2CCC(O)CC2)ccc1Nc1ncc2c(n1)N(C1CCCC1)CCC(=O)N2C,AOC3,0.2964,活性,毒性,7272;115;2580;1551;10733;65975;1263;5347;7468,O60503;O14976;O00444;Q9BYT3;O96028;NP_000756;Q9H4B4;P33981;P53350
T7611,Cn1cc(-c2ccc3c(c2)ncn3-c2cc(NS(=O)(=O)C3CC3)cc(-c3ccc(F)cc3F)c2)cn1,GPAM,0.2964,活性,低毒性,2264;10818;2263;2261;2324;2321;3791;2260,P35968;P35916;P21802;P17948;Q8WU20;P11362;P22607;P22455
T22812,O=C(O)c1ccccc1SCCCN1C(=O)c2cccc3cccc(c23)C1=O,THRSP,0.2964,活性,低毒性,23566;9170,Q9UBY5;Q9HBW0
T21578,Cc1ccc2ccc(C(Nc3ccccc3)c3ccccc3)c(O)c2n1,AOC3,0.2961,活性,低毒性,4193,Q00987
T15616,COc1cc2c(cc1OC)-c1[nH]nc(Nc3cccc(F)c3)c1C2,PPARG,0.2961,活性,毒性,6850;3932;1455;1559;25;3791;1565;102800317;2324;5159;6714;1453;1454;2534;2321;1551;53944;7468;1452,ANW61984;P00519;QLI62812;NP_000756;P78368;P09619;ABI96208;P17948;P48729;P06239;P12931;O96028;P48730;Q9HCP0;P35968;P35916;P06241;NP_002600;P43405;P49674;P16234
TN1416,COc1cc(O)c2c(=O)c(OC)c(-c3ccc(OC)c(O)c3)oc2c1,PPARG,0.2961,活性,低毒性,9429,Q9UNQ0
T4S0578,O=c1c(O[C@@H]2OC[C@H](O)[C@H](O)[C@H]2O)c(-c2ccc(O)c(O)c2)oc2cc(O)cc(O)c12,THRSP,0.2961,活性,低毒性,24192;2146,NP_004447;P07943
T25127,Nc1ccc(SC[C@@H]2CO[C@](CCc3ccc(Cl)cc3)(Cn3ccnc3)O2)cc1,AOC3,0.2959,高活性,低毒性,24451;1586;1584;1576;1595;1588,P08684;P15538;P05093;NP_001139624;P06762;P11511;NP_112503
T11031,Cc1c(Cc2ccccc2F)c(OC(C)C)nn1-c1ncc(C2CC2)cn1,AOC3,0.2959,活性,低毒性,1723,Q02127
T11444,CC(=O)N1CCN(c2ccc(NC(=O)Cc3cnc(-c4ccnc(F)c4)c(C)c3)nc2)CC1,PPARG,0.2959,活性,低毒性,53627;89780,Q9JJJ7;P56704
T36841,CC(C)N(C(=O)n1nnn(-c2c(F)cccc2F)c1=O)c1ccc(C(=O)O)cc1Oc1ccccc1,THRSP,0.2959,活性,低毒性,,
T4044,Cc1cnc2c(C(=O)NCCO)cn(Cc3ncnc(N(C)C)c3C)c2c1,THRSP,0.2957,活性,低毒性,,
T2048,c1ccc(-c2[nH]ncc2-c2ccnc3ccccc23)nc1,THRSP,0.2957,活性,毒性,7046;7048;51776;1432;27;94;19885;3458,1PY5_A;P37023;P37173;NP_001124388;A0A1D8PKB4;P36897;Q9NYL2;P48730;Q16539;NP_000610;P48729;NP_035411;P42684
T10895,CC(C)n1nc(C(F)F)cc1C(=O)Nc1ccc([C@H]2[C@@H](O)CCCc3cncn32)c(-c2ccccc2)c1,XPR1,0.2957,活性,低毒性,10987,Q92905
T38715,COc1cccc(C(=O)COc2ccc(CC3SC(=O)[N-]C3=O)cc2)c1.[K+],AOC3,0.2954,活性,低毒性,,
T5S2059,COc1cc2c(cc1OC)-c1c(OC)c(OC)cc3c1[C@H](C2)N(C)CC3,NR1H3,0.2954,活性,低毒性,3358;24318;24316;3363;3357,P14416;P08908;P61169;P18901;P21728;P41595;P28223;P34969;P28335
T9075,O=C(Nc1ccncc1)c1cn(Cc2ccc(Cl)c(Cl)c2)c(=O)c2cnn(C3CCNCC3)c12,PPARG,0.2954,高活性,低毒性,1576;6624;1565;1559,P11712;P08684;Q16658;P10635
T77647,COc1ccc(N(C)c2nc(C(F)(F)F)nc3ccc(F)cc23)cc1,PPARG,0.2954,活性,毒性,,
T16930,CCOC(=O)c1ccc(CN(Cc2ccc(-c3cccc(S(C)(=O)=O)c3)cc2)S(=O)(=O)c2c(C)cc(C)cc2C)o1,AOC3,0.2952,活性,低毒性,7376;10062;22260;22259,NP_001171201;Q13133;NP_033499;P55055
T83946,C[C@H](CN1CCC[C@@H]1C)NC(=O)c1ccc(-c2noc(C(F)(F)F)n2)cc1,AOC3,0.2952,活性,低毒性,10014;9759;51564;9612;3757;3066;3065;8841;9734;55869,Q8WUI4;Q9UKV0;Q9UQL6;Q12809;Q9BY41;Q13547;Q9Y618;P56524;Q92769;O15379
T2346L,CC(C)(O)CNc1nc(Nc2ccnc(C(F)(F)F)c2)nc(-c2cccc(C(F)(F)F)n2)n1.CS(=O)(=O)O,AOC3,0.2952,活性,低毒性,3418,P48735
T8206,COc1cc2c3c(c1OC)Oc1ccc(cc1)C[C@@H]1c4c(cc(OC)c(OC)c4Oc4ccc(cc4)C[C@H]3N(C)CC2)CCN1C,NR1H4,0.2952,活性,低毒性,,
T13247,CCCCCCC(=O)N[C@@H](C)C(=O)N[C@@H](CC(C)C)C(=O)[C@@]1(CO[Si](C)(C)C(C)(C)C)CO1,PPARG,0.2952,活性,毒性,5698,P28065
T4361,CC(=O)c1ccc2c(c1)c1cc(C(C)=O)ccc1n2CCNC(C)C.Cl,AOC3,0.2949,活性,低毒性,,
T1970,CN(C)C1CCN(C(=O)c2ccc(NC(=O)Nc3ccc(-c4nc(N5CCOCC5)nc(N5CCOCC5)n4)cc3)cc2)CC1,FASN,0.2949,高活性,毒性,6850;5294;5287;5289;142;5293;5291;2475;5290;798527;43740568;7468,P42338;P42336;NP_004949;O00329;P09874;P42345;Q8NEB9;O96028;P48736;NP_006209;AFR69056;O00750;P43405
TN8726,COc1ccc(CCc2cc(O)cc(O)c2)cc1O,PPARD,0.2949,活性,低毒性,,
T9650,CN(c1ccnc(Nc2cc(N3CCOCC3)cc(N3CCOCC3)c2)n1)c1cccc2[nH]ncc12,THRSP,0.2949,高活性,低毒性,1559;5159;1576;3791;2050,P08684;P35968;P11712;P09619;P54760
T78856,O=C(O)CCNC(=S)NCCCNc1nc(Nc2ccccc2)nc(Nc2ccccc2Cl)n1,PPARG,0.2947,活性,低毒性,23408,Q9NXA8
TN4587,CC1=C[C@@H](c2c(O)cc(-c3cc4ccc(O)cc4o3)cc2O)[C@@H](C(=O)c2ccc(O)cc2O)[C@H](c2ccc(O)cc2O)C1,THRSP,0.2947,活性,低毒性,,P18031
T62650,CC(C)c1c2cc(-c3nc(Nc4ccc(N5CCNCC5)cn4)ncc3F)ccc2nn1C,AOC3,0.2944,活性,毒性,,P11802;P50750;Q15078;O60563;Q12809;P24941;P33261;P14635;Q00534;P24864;P06493;P24385;Q00535
T9316,Cc1cc(C(c2ccc(Cl)cc2)c2ccc(Cl)cc2)sc1C(=O)N[C@@H](CCCNC(=N)N)C(=O)O,AOC3,0.2944,活性,低毒性,719,Q16581
T11851,CC1(C)Oc2cc(N3CCN(C(=O)OCc4ccccc4)CC3)c([N+](=O)[O-])cc2-c2c1cnn2-c1ccc(C(=O)O)cc1,GPAM,0.2944,活性,低毒性,79727,Q9H9Z2
T4267,CCCNC[C@]1(O)[C@H](C)O[C@@H](O[C@H]2[C@H](C)[C@@H](O[C@@H]3O[C@H](C)C[C@H](N(C)C)[C@H]3O)[C@](C)(O)C[C@@H](C)CN[C@H](C)[C@@H](O)[C@](C)(O)[C@@H](CC)OC(=O)[C@@H]2C)C[C@@]1(C)OC,NR1H4,0.2944,活性,低毒性,,
TN1480,CC[C@H]1CN2CCc3cc(OC)c(OC)cc3[C@@H]2C[C@@H]1C[C@H]1NCCc2cc(O)c(OC)cc21,PPARG,0.2944,活性,毒性,65975,2VM6_A;NP_937802;CAC29064
T27554,CC(Sc1nc(=O)c2cnn(-c3cccc(Cl)c3)c2[nH]1)C(N)=O,PPARG,0.2944,高活性,低毒性,23604;1613;28989;1612;415116;5292;8445;11040,Q9P1W9;Q92630;Q9BV86;P53355;P11309;O43293;Q86V86;Q9UIK4;Q9NWZ3
T63260,Cc1cc(Nc2nc(SCc3ccc(C(=O)Nc4ccc(F)cc4N)cc3)nn3cccc23)n[nH]1,THRSP,0.2944,活性,毒性,3065,Q13547
TQ0124,CCS(=O)c1nc(-c2cccc(OCc3ccccc3)c2)cc(C(F)(F)F)n1,ACACA,0.2942,活性,毒性,7468;1559;6850;2740,ABI96208;QLI62812;O96028;NP_002053;P43405
T7094,CN1c2c(nc(N)[nH]c2=O)NC[C@@H]1CNc1ccc(C(=O)N[C@@H](CCC(=O)O)C(=O)O)cc1,AOC3,0.2942,活性,低毒性,2879,P70502;P36969
T7888,COc1ccc2c(-c3ccc(CNS(N)(=O)=O)cc3)ccnc2c1,PPARG,0.2942,活性,低毒性,,O14638;P22413
T27979,COc1cc(C(=O)NS(=O)(=O)c2ccccc2C)ccc1Cc1cn(C)c2ccc(C(=O)NC[C@H](C)CC(F)(F)F)cc12,SCD,0.2942,活性,低毒性,100135514,Q2NNR5
T5423,NCC1CCC(CNc2nc(NCc3ccccc3OC(F)(F)F)ncc2[N+](=O)[O-])CC1,THRSP,0.2942,活性,毒性,5588,Q04759
T7292,CC(C)Nc1cc(-c2csc(N(C)C(=O)c3ccc(F)cc3)n2)ncn1,PPARG,0.2939,活性,低毒性,2915;24414;2911,P23385;Q13255;NP_001107802;P41594
T22119,O=C(Nc1cccc(C(F)(F)F)c1)Nc1cc(Cl)ccc1C(=O)O,NR1H3,0.2937,活性,低毒性,7421;2897;2648,P39086;NP_001017535;NP_066564
T85382,Cc1cccc(Oc2ccc(C(=O)N(C)c3cccc(C)c3)cc2)c1,THRSP,0.2937,活性,低毒性,,P37059
T15396,c1ccc2c(c1)Cc1c(Nc3ccc4c(c3)OCCO4)n[nH]c1-2,THRSP,0.2937,活性,毒性,3091,Q16665
T15501,CCCCCCOC(C)c1c(C)c2cc3nc(c4c5[nH]c(cc6nc(cc1[nH]2)C(C)=C6CC)c(C)c5C(=O)C4)[C@@H](CCC(=O)O)[C@@H]3C,THRSP,0.2937,活性,毒性,,
T14937,Cc1c[nH]c(-c2ccc(-c3ccc(NC(=O)Nc4cccc(C(F)(F)F)c4)cc3F)c3c2C(=O)NC3)n1,AOC3,0.2935,活性,低毒性,2322,P36888
T7015,CC(C)(O)CNc1ncc(-c2ccnc(Nc3ccnc(Cl)c3)n2)c(CC2CC2)n1,AOC3,0.2935,活性,毒性,23396;30849;5289;5293;5298;8394,Q99755;P42356;P42336;O00329;Q8NEB9;O60331;Q9UBF8;Q99570;P48736;NP_002638
T28830,C=C[C@@H]1C[C@]1(NC(=O)[C@@H]1C[C@@H](Oc2cc(-c3ccccc3)nc3cc(OC)ccc23)CN1C(=O)[C@@H](CC(=O)N1CCCCC1)C(C)(C)C)C(=O)NS(=O)(=O)C1CC1,GPAM,0.2935,活性,低毒性,,F5B4I0
T3630,CONC(=O)Nc1ccc(-c2sc3c(c2CN(C)C)c(=O)n(-c2ccc(OC)nn2)c(=O)n3Cc2c(F)cccc2F)cc1,MLXIPL,0.2935,活性,低毒性,3757;2798;81668,P30968;P30969;Q12809;NP_001012781;NP_112300
T12344L1,COc1cc(OC)c(-c2cn3ccc(N4CC[C@H](NCc5ccncc5)C4)cc3n2)cc1Cl.O=CO,NR1H4,0.2935,活性,低毒性,,Q9H5I1
T17225,CC(C)(C)c1ccc(S(=O)(=O)Nc2ccc(Cl)cc2C(=O)c2cc[n+]([O-])cc2)cc1,PPARD,0.2935,活性,毒性,729230;6850;10803,P41597;P43405;P51686;NP_001243298
T11960,CN(C)CCn1cc(-c2ccn3c(-c4ccc(C(N)=O)c(OCc5cccc(F)c5)c4)cnc3c2)cn1,PPARG,0.2935,高活性,毒性,6195;1019;4751;2932;25;6790,P11802;P31749;P51955;P42336;P24941;Q15418;O14965;P00519;P49841;Q13627;O14757
T12970,O=C(O)c1cccc(-c2cccc(NCCNC[C@H](O)c3cccc(Cl)c3)c2)c1,PPARG,0.2935,活性,低毒性,155;153;154,NP_000016;NP_000675;P07550;NP_000015;P08588;P13945
T16120,CO[C@H](c1c(NC(=O)Nc2cnc(-n3nccn3)c(Cl)c2)cnc2cc(Cl)nn12)[C@@H](C)OC,RXRB,0.2935,活性,低毒性,,Q9UDY8
T9256,c1cc2c(N3CCNCC3)nc(-c3ccnc(NC4CCCCC4)c3)cc2cn1,THRSP,0.2935,活性,低毒性,5580;153;5578;25865;5587,Q05655;Q15139;NP_002733;P08588;Q9BZL6;P17252
T11707,Cc1cnc(Nc2ccc(N3CCC(N(C)CCO)CC3)c(F)c2)nc1-c1cnn(C(C)C)c1,XPR1,0.2935,活性,毒性,3932;1019;3718;2324;4067;16452;7297;2321;1021;2322;896,P11802;P35916;O60674;P30281;P07948;Q00534;P36888;P23458;P17948;P29597;Q62120;P06239;P52333
T8419,CN(C)c1ccc(C(=O)On2nnc3ccccc32)cc1,PPARG,0.2932,活性,低毒性,,P0C6X7
T13047,COc1ccc(OC)c(-c2ccc(NC(=O)c3ccncc3F)cc2)c1,PPARG,0.2932,活性,低毒性,1559;84876;6786,QLI62812;Q96D31;Q13586;ABI96208
T4343,Clc1cc2c(NC3CCCC3)nnc(-c3ccncc3)c2cc1Cl,THRSP,0.2932,活性,毒性,6850;4985;51111;6865;2554;84787,Q86Y97;P0DMS8;P21452;P41143;NP_116090;P30542;NP_060105;Q4FZB7;P29274;P14867;P43405
T4199,CC(C)n1cnc2c(-c3cnc(N)nc3)nc(N3CCOCC3)nc21,THRSP,0.2932,活性,毒性,2475;7468;6850,O96028;P43405;P42345;P42336
T41256,Cn1cc(-c2ccc3c(Nc4cccc(NC(=O)Nc5cccc(F)c5)c4)ncnc3c2)cn1,THRSP,0.2932,活性,低毒性,2322;6790;3815;9212,O14965;Q96GD4;P36888;P10721
T7017,CC(C)(C)NC(=O)c1cncn1C1CCN(c2ccc(-c3nnc(C(F)(F)F)o3)cn2)CC1,NR1H3,0.293,活性,毒性,7468;6850,O96028;P43405
T5690,COc1ccc(-c2cc(=O)c3c(O)cc(OC)cc3o2)cc1,PPARG,0.293,活性,低毒性,4129,P27338;P11511
T7418,CC(=O)Nc1cc(Oc2ccc3c(c2)CCN3C(=O)Nc2ccc(CN3CCN(C)CC3)c(C(F)(F)F)c2)ncn1,PPARG,0.293,高活性,低毒性,7297;3718,O60674;P23458;P52333;P29597
T15698,CCCCCCCCCCCCCCCC(=O)O[C@H](CC(=O)[O-])C[N+](C)(C)C,THRSP,0.293,活性,低毒性,9152,Q9Y345
T7364,CS(=O)(=O)c1cccc(NC(=O)N(Cc2ccc(C(=O)Nc3nn[nH]n3)cc2)c2ccc(C3CCCCC3)cc2)c1,THRSP,0.293,活性,低毒性,2642,NP_000151
T70388,COc1cc(F)ccc1-c1cc(Nc2cc(C[S@@](C)(=N)=O)ccn2)ncc1F,THRSP,0.2927,活性,毒性,,P50750;O60563;P24941;O75909;P24864;Q9NYV4
T41005,C=CCOc1ccc(C2CC(=O)Nc3[nH]c(N)nc(=O)c32)cc1OC,THRSP,0.2927,活性,低毒性,117,P41586
T10521,COc1cc2c(cc1-c1c(C)noc1C)cc(C)c(=O)n2Cc1ccccn1,AOC3,0.2925,活性,低毒性,,
T74271,COc1ccc(C2CC2)cc1S(=O)(=O)Nc1ccc2c(c1)CCN2C(C)=O,GPAM,0.2925,活性,低毒性,7862;8805,P55201;O15164
T40931,NC(=O)c1ccc(-c2cccc(Cn3c(=O)n(O)c(=O)c4sccc43)c2)cc1,PPARG,0.2925,高活性,低毒性,2237;2073,P39748;P28715
T70336,OC[C@H]1[C@@H](O)[C@H](O)[C@@H](O)CN1CCCCCOCc1ccc(-c2ccccc2)c(F)c1,PPARG,0.2925,活性,低毒性,57704,Q16739;P04062;Q9HCG7
T10693,CCOc1cc(F)c(Cl)cc1C(=O)NCC(C)(C)CC(=O)Nc1c(COC)n2n(c1=O)-c1ccccc1CCC2,RXRA,0.2925,活性,毒性,,
T10599,CC(C)S(=O)(=O)Nc1ccc(F)c(C(=O)c2c[nH]c3ncc(-c4cccnc4)cc23)c1F,AOC3,0.2922,活性,毒性,1565;7468;6850,O96028;P43405;ANW61984;ABI96208
T11159,CC[C@H](C)n1nc(N2CC(C(C)(C)O)C2)c2cnc(Nc3ccnc(-c4cnn(S(=O)(=O)C5CC5)c4)n3)cc21,AOC3,0.2922,活性,毒性,,P00533
T7147,COc1cc2c(cc1OC)[C@H]1C[C@@H](OC(=O)[C@@H](N)C(C)C)[C@H](CC(C)C)CN1CC2,PPARG,0.2922,活性,低毒性,3757;5742;3350;25549,NP_037163;Q01827;P23219;P08908;Q12809
T5421,CNC(=O)c1ccc(-c2cnc3cnc(C(=O)N(C)c4ccc(Cl)cc4)cn23)cc1,RXRA,0.2922,高活性,毒性,28989;6850;5294;5289;5293;5291,P42356;P42338;Q9BV86;O00329;Q8NEB9;P48736;P43405
T12123,CCNC(=O)Nc1ccc(-c2nc3c(c(N4CCOC[C@@H]4C)n2)CCN(c2ncccn2)C3)cc1,RXRB,0.2922,活性,毒性,64223;6850;1576;2475;57521;1565;7468,P08684;ANW61984;P42345;ABI96208;O96028;Q8N122;Q9BVC4;P43405
T3644,CC(C)(C)OC(=O)c1ncn2c1C(C)(C)Nc1ccccc1-2,RXRG,0.2922,活性,低毒性,1551;1559,QLI62812;NP_000756
T60627,Fc1ccc(CCOc2ccc(-c3cccnc3)cn2)cc1,PPARG,0.292,活性,低毒性,64834,Q9BW60
T22678,O=C(O)c1cc(Oc2ccc([N+](=O)[O-])cc2)cc(Oc2ccc([N+](=O)[O-])cc2)c1,SCD,0.292,活性,低毒性,7421,NP_001017535
T8418,COc1cc(N2CCN(C)CC2)ccc1Nc1ncc2c(n1)N(C)c1ccccc1C(=O)N2CC(F)(F)F,ACACA,0.2917,活性,低毒性,120892;5598;9201,Q13164;O15075;Q5S007
T77341,O=C(Nc1cnccc1-c1ccc(F)cc1)c1ccnc(Nc2ccc(F)cc2)n1,PPARD,0.2917,活性,低毒性,2931;1020;2932;5292,P24941;P11309;P49840;P49841;Q00535
T67702,O=C(NCCO)Nc1ccc(-c2nc(N3CC4CCC(C3)O4)c3sccc3n2)cc1,RXRB,0.2917,活性,毒性,2475,P42336;P42345
T63644,Cc1ccc(NC(=O)N2CC[C@@H](CC(F)(F)F)C2)cc1-c1cc(N[C@H](C)CO)nc(N2CCOCC2)c1,SCD,0.2917,活性,低毒性,,P10398;P04049;P15056;Q08345
T16130,COc1cc(N2CCC(O)CC2)ccc1Nc1nc(Nc2ccccc2S(=O)(=O)C(C)C)c2nc[nH]c2n1,THRB,0.2917,高活性,毒性,28989;6850;7272;1559;25;84706;1551;7468,Q9BV86;ABI96208;QLI62812;O96028;P00519;Q8TD30;NP_000756;P33981;P43405
T3824,COc1cc(-c2cc(=O)c3c(O)c(OC)c(O)cc3o2)ccc1O,PPARG,0.2915,活性,低毒性,,P37059
T2649,CCCc1cc2c(N3CCN(C4=NCC(C)(C)S4)CC3)ncnc2s1,SCD,0.2913,活性,毒性,4837;2593;27232;6850;4297;5409;1565;4221;3176,ANW61984;P43405;O00255;Q03164;Q14749;P40261;P21964;P11086;Q14353;P50135
TQ0017,CC[C@@H](C)NS(=O)(=O)c1ccc(F)c(C(=O)Nc2ccc(F)c(F)c2)c1,PPARG,0.291,活性,低毒性,,
T16784,C[C@@H](O)[C@@H](C)Oc1nc(Nc2ccc([S@](=N)(=O)C3CC3)cc2)ncc1C(F)(F)F,RXRG,0.291,高活性,低毒性,983;595;1019;891;3791,P11802;P50750;P35968;O60563;P24941;P14635;P24864;P06493;P24385
T7502L,Nc1[nH]ncc1-c1cc(Cl)ccc1Oc1cc(F)c(S(=O)(=O)Nc2cscn2)cc1Cl,THRSP,0.291,活性,低毒性,6329;20266;6323;6331;6326;72821;1559;116085;78956;6324;6327;6334;20274;6332,P35498;O08562;Q96S37;P11712;Q15858;Q56A07;Q9UQD0;O60939;Q62205;Q14524;Q07699;P97952;P35499;Q01118;Q99250
T13477,CCOc1ccc(NC(=S)N(CCO)Cc2cc3cc(C)cc(C)c3[nH]c2=O)cc1,XPR1,0.291,高活性,低毒性,110006;946149;2990;75204461,P08236;P12265;P05804
T8467,NC(=O)c1ccc(-c2cnn3ccc(NCc4cccnc4)nc23)cc1,AOC3,0.2908,活性,毒性,5979,P07949
T10773,COc1cc2c(cc1-c1c(C)noc1C)[nH]c1nc(C)nc(Nc3cc(C4CC4)nn3C)c12,AOC3,0.2908,活性,低毒性,10733;6046;8019;1387;2033;676;27443,P25440;Q58F21;Q09472;Q15059;Q92793;O00444;O60885;Q9BXF3
T2495,Nc1nc(OCc2cc(Br)cs2)c2[nH]cnc2n1,PPARD,0.2908,活性,低毒性,1565;4255,ANW61984;P16455;ABI96208
T5334,Cc1ncsc1-c1ccc(CNC(=O)[C@@H]2C[C@@H](O)CN2C(=O)[C@H](C(C)C)N2Cc3ccccc3C2=O)cc1,RXRA,0.2908,高活性,低毒性,9978;8453;7428,P40337;Q13617;P62877
T61642,COc1ccc(Oc2ccc(N(Cc3ccccc3)C(=O)CCl)cc2)cc1,SCD,0.2908,活性,低毒性,6047,P78317
T11298,N[C@H]1CC[C@H](Nc2nc(Nc3ccc(CN4CCOCC4)cc3)c3ncn(C4CCCC4)c3n2)CC1,THRB,0.2908,活性,毒性,2322,NP_004110;P36888;P16234
T50023,CCOC(=O)c1cnn(-c2ccc(N)cc2)c1C(F)(F)F,THRSP,0.2908,活性,低毒性,,
T16096,Cc1ccc(-c2ncccn2)c(C(=O)N2C[C@H](COc3ccc(F)cn3)CC[C@H]2C)c1,THRSP,0.2908,活性,低毒性,25593;25605;3062;3061,P56719;NP_001517;O43613;O43614;P56718;NP_001516
T15352,Cc1cc(-n2nc(Cc3cc(F)cc(C(F)(F)F)c3)nc2C)ccc1C(N)=O,NR1H3,0.2905,活性,低毒性,620246;9293,Q9Y2T5;A0A8I5ZQK1;P0C5J4;Q9WU09
TN1019,COc1cc2oc3cc(O)c(OC)c(CC=C(C)C)c3c(=O)c2c(O)c1CC=C(C)C,PPARG,0.2905,活性,毒性,4790,P19838
TN2148,COc1cc(O)c2c(=O)c(OC)c(-c3ccc(OC)c(OC)c3)oc2c1,PPARG,0.2905,活性,低毒性,9429,Q9UNQ0
T11365,C[C@H](CC[C@H](O)[C@](C)(O)CO)[C@H]1CC[C@@]2(C)C3=CC[C@H]4C(C)(C)C(=O)CC[C@]4(C)C3=CC[C@]12C,RXRG,0.2905,活性,低毒性,20186;20181,Q60641;P28700
T13705,C[C@H](O)CNC(=O)c1ncc(S(=O)(=O)c2ccc(OC(F)(F)F)cc2)cc1N,THRSP,0.2905,活性,低毒性,1080,P13569
T26526,CN1C[C@H]2CCN(c3ccc(-c4ccc(-n5ncccc5=O)cc4)cc3)[C@H]2C1,RXRG,0.2903,高活性,低毒性,3757;11255,Q12809;Q9Y5N1
T62839,C[C@H](CC[C@](C)(O)C(F)(F)F)[C@H]1CC[C@H]2[C@@H]3CC=C4C[C@@](C)(O)CC[C@]4(C)[C@H]3CC[C@]12C,SCD,0.29,活性,低毒性,2902;2904;2906;2905;2903,Q13224;Q14957;Q12879;O15399;Q05586
T2679,CCCCOc1c(C(=O)c2c(F)cc(C)cc2F)cnc2[nH]ncc12,XPR1,0.29,活性,低毒性,1017,NP_001789
TP1973L,CC[C@H](C)[C@H](NC(=O)CNC(=O)[C@H](C)NC(=O)[C@H](C)NC(=O)[C@H](Cc1c[nH]cn1)NC(=O)[C@H](CC(N)=O)NC(=O)CNC(=O)[C@H](C)NC(=O)CNC(=O)[C@H](Cc1c[nH]cn1)NC(=O)[C@H](CC(C)C)NC(=O)[C@H](CC(C)C)NC(=O)[C@H](CCC(=O)O)NC(=O)[C@@H](N)Cc1ccc(O)cc1)C(=O)N[C@@H](CC(C)C)C(=O)N[C@H](C(=O)N[C@@H](CC(C)C)C(N)=O)[C@@H](C)O,AOC3,0.2898,高活性,低毒性,3062;3061,O43613;O43614
T5324,O=C(NCc1ccc(F)cc1)C1CCN(S(=O)(=O)c2cc(Cl)cc(Cl)c2)CC1,NR1H3,0.2898,活性,低毒性,284111,Q86YT5
T7102,CC(C)(C)c1ccc(NC(=O)N2CCN(c3ncccc3Cl)CC2)cc1,PPARG,0.2898,活性,毒性,171382;7442;79054;6850;83810;1559;8989;1551;171384,Q8NER1;O35433;Q8R4D5;Q12809;Q8R455;ABI96208;O75762;QLI62812;NP_114188;NP_000756;NP_542437;Q7Z2W7;P43405
T67952,COc1ccc(CN=C(C)c2c(O)c3ccccc3oc2=O)cc1,THRSP,0.2898,活性,低毒性,,
T9216,CO[C@@H](C)c1c(NC(=O)Nc2ccnc(C(F)(F)F)c2)cnc2cc(Cl)nn12,AOC3,0.2896,活性,低毒性,,Q9UDY8
T12746,COc1cccc([C@@H](C)NC(=O)c2ccc(-c3ccncc3)cc2)c1,PPARG,0.2896,高活性,低毒性,6093;1559;9475;5592;1576;1565,P08684;Q13464;P10635;P11712;O75116;Q13976
T24115,CCS(=O)(=O)c1ccc(S(=O)(=O)NC)cc1Nc1cc(Nc2ccc(Cl)cn2)ncn1,ACACA,0.2893,高活性,低毒性,673;100526835;51086,P15056;Q59H18
T21996L,N=C(N)NC(=O)c1cnn(-c2cccc3ncccc23)c1C1CC1,AOC3,0.2893,活性,毒性,6548;4837;2593;27232;6850;5409;1551;3176,P43405;P19634;Q14749;NP_000756;P40261;P21964;P11086;Q14353;P50135
T7218,NC(=O)[C@H](Cc1ccccc1)NC(=O)[C@H](Cc1ccccc1)NC(=O)[C@@H]1CCCN1C(=O)[C@@H](N)Cc1ccc(O)cc1,GPAM,0.2893,高活性,低毒性,29335;24807;100135587;18386;4985;24613;100379267;18390;4988;4986;25601,P33533;P33535;P42866;P14600;P35372;P41143;P41145;NP_001033688;P34975;P41144;P97266;Q8CGM4;P32300
T19862,CC[C@@H]1[C@@H]2CN(C(=O)[C@H](C(C)(C)C)NC(=O)O[C@@H]3C[C@H]3CCCCC(F)(F)c3nc4ccc(OC)cc4nc3O2)[C@@H]1C(=O)N[C@]1(C(=O)NS(=O)(=O)C2(C)CC2)C[C@H]1C(F)F,GPAM,0.2893,活性,低毒性,,
T8883,Cn1cccc1C(=O)N1CCN(C(=O)Nc2ccc(N3CCC(C(=O)N4CCOCC4)CC3)cc2)CC1,PPARG,0.2893,活性,低毒性,27306,O60760
TN4403,C=C1C(=O)O[C@@H]2[C@H]3C(CO)=CC(=O)C3=C(C)C[C@H](OC(=O)Cc3ccc(O)cc3)[C@@H]12,SCD,0.2893,活性,低毒性,65975,CAC29064
T67836,Cc1nn(-c2ccc(C(N)=O)c(N[C@H]3CC[C@H](O)CC3)c2)c2c1C(=O)CC(C)(C)C2,THRSP,0.2891,活性,低毒性,,
T88859,C[C@H](CCC(=O)O)[C@H]1CC[C@H]2[C@@H]3CC[C@@H]4CCCC[C@]4(C)[C@H]3CC[C@]12C,PPARG,0.2888,高活性,低毒性,55851;1942;1969;5664;51107;5663;83464;151306;23385,P20827;Q8TDU6;Q8WW43;Q96BI3;O60218;Q92542;P29317;P49810;P49768;Q9NZ42
T12654,CC1=C(c2ccc(O)cc2)C(c2ccc(OCCN3CCCCC3)cc2)Oc2cc(O)ccc21,PPARG,0.2888,活性,低毒性,2100,P03372;Q92731
T16288,CCOC(=O)c1ccc(N(C)c2csc(-c3ccccc3)n2)cc1,RXRG,0.2888,活性,低毒性,1551;1559;9970,QLI62812;ADZ17385;NP_000756;ABI96208
T7183,Cc1ccc(-c2nc(N)nc3c2nnn3Cc2cccc(CO[C@H]3CCOC3)n2)o1,THRSP,0.2888,活性,毒性,135;6850,P29275;P0DMS8;P30542;P29274;P43405
T24088,CC(C)C[C@H](NC(=O)c1ccc(NCc2cnc[nH]2)cc1-c1cccc2ccccc12)C(=O)O,THRSP,0.2888,活性,低毒性,2342;5229;2339;100529261,P53609;P49356;P49354
T40863,Cn1cnc2c1c(=O)n(CCCn1c(=O)c3c(ncn3C)n(C)c1=O)c(=O)n2C,THRSP,0.2888,高活性,低毒性,81600;1118,2YBT_A;Q91XA9;Q13231;Q873X9
T6899,CN1CCc2cc(Nc3ncc(C4CC4)c(NCCCNC(=O)C4CCC4)n3)ccc2C1,ACACA,0.2886,高活性,低毒性,9706;8408,O75385;Q8IYT8
TN1392,COc1cc(C[C@H]2COC[C@@H]2Cc2ccc(O)c(OC)c2)ccc1O,PPARG,0.2886,活性,低毒性,6462,P04278
T11396,Cc1nc[nH]c1CN1CCN(C(=O)N[C@@H](CC(C)C)C(=O)O)[C@@H](Cc2ccccc2)C1=O,THRSP,0.2886,活性,低毒性,5229;2339,P53609;P49354
T29106,CC(=O)N[C@H](C(=O)N1C[C@H](O)C[C@H]1C(=O)NCc1ccc(-c2scnc2C)cc1)C(C)(C)C,AOC3,0.2883,高活性,低毒性,6923;3091;8453;6921;9978;7428,Q15370;Q16665;Q13617;Q15369;P62877;P40337
T32633,C[C@H]1Oc2c(cccc2N2CCN(CCCc3c[nH]c4ccc(F)cc34)CC2)NC1=O,AOC3,0.2883,高活性,低毒性,1814;29412;24173;25553;29413;3363,P43140;P14416;P15823;P08908;P31389;P31645;P21917;P35462;P31652;P41595;P28223;P28335;P34969;P23944
T40292,C=CC(=O)N1CC2(CC(n3nc(-c4ccc5c(cnn5C)c4)c(-c4c(Cl)c(C)cc5[nH]ncc45)c3C)C2)C1,GPAM,0.2883,活性,毒性,1576;1559,P01116;P11712;P08684
T6849,Cn1ncc(Cl)c1-c1cc(C(=O)N[C@H](CN)Cc2ccc(F)c(F)c2)oc1Cl,PPARA,0.2883,高活性,毒性,6850;5581;208;3458;6093;5583;23683;5590;5588;6195;6446;5587;5578;5579;7468;5582;207;10000;5580;6198;5584,P05129;P31749;Q13464;Q15139;P41743;Q9Y243;P22694;P17612;P05771;Q00536;Q9BZL6;P50613;O00141;NP_005456;P24723;Q15418;NP_001014432;Q05513;P48729;Q02156;P17252;Q16512;Q05655;P23443;NP_001229957;O96028;P31751;NP_000610;Q14680;Q7KZI7;Q13627;O95835;O94806;P27448;O75116;Q04759;P43405
T67706,O=C(NCCF)Nc1ccc(-c2nc(N3CC4CCC(C3)O4)c3sccc3n2)cc1,RXRB,0.2883,活性,毒性,2475,P42336;P42345
T27193,Nc1nc(Cl)c2cnn(Cc3cc4c(cc3Br)OCO4)c2n1,THRSP,0.2883,活性,低毒性,10131;7184;3320,P07900;P14625;Q12931
T5373,CNCc1cc(Oc2ccc3c(ccn3C(=O)Nc3cc(C(F)(F)F)n(C)n3)c2)ncn1,THRSP,0.2883,活性,低毒性,3791,P35968
T17176,Nc1ncnc2c1ncn2[C@@H]1O[C@H](COS(=O)(=O)NC(=O)c2ccccc2O)[C@@H](O)[C@H]1O,THRSP,0.2883,高活性,低毒性,885833;880566;45425463;886523;880760,Q9I4X3;Q56950;P71716;P9WGR1;Q9HWG3
TN1273,O=c1cc(-c2ccc(O)cc2)oc2cc(O)ccc12,PPARG,0.2881,活性,低毒性,4985;4353;4129;1588;4988;4128;4986,P35372;2O23_A;P41143;P11511;P41145;P21397;2O23_B;P05164;P27338
T25824,COc1ccc(-c2cc(NCCCN3CCCCC3)c3ccccc3n2)cc1,PPARG,0.2881,高活性,低毒性,52;3776,O95069;P24666
T26575,CC(C)Nc1nc(Nc2ccnc(C(F)(F)F)c2)nc(-c2cccc(C(F)(F)F)n2)n1,RXRG,0.2881,高活性,低毒性,3418;3417,O75874;P48735
T11594,CCCCCCCCCCCCC(=O)NNC(=O)c1c(O)c2ccccc2n(CC)c1=O,THRSP,0.2881,活性,低毒性,2932,P49841
T13289,C=C(C)[C@@H]1CCC(C)=C[C@H]1C1=C(O)C(=O)C(CCCCC)=C(NCc2ccccc2)C1=O,ACACA,0.2878,活性,低毒性,3091,Q16665
T39726,C[C@@H]1OCC2(CCN(c3nc4n[nH]c(-c5ccnc(NC6CC6)c5Cl)c4c(=O)n3C)CC2)[C@@H]1N,PPARG,0.2878,活性,低毒性,,Q06124
T12642,Cc1n[nH]cc1-c1cc2[nH]c([C@H]3CC4CCN3CC4)nc(=O)c2s1,PPARG,0.2878,高活性,低毒性,8317;10926;6093,O00311;Q9UBU7;Q13464
T7016,O=[N+]([O-])c1ccc(S(=O)(=O)N2CCN(c3ccnc4cc(Cl)ccc34)CC2)c([N+](=O)[O-])c1,RXRG,0.2878,活性,毒性,,Q8JUX6
T21448,Cc1ccc(Oc2ccccc2-c2csc(NC3=NCCCN3)n2)c(C)c1,ACACA,0.2876,活性,低毒性,,
T4097,CCCc1nc(C)c2c(=O)[nH]c(-c3cc(S(=O)(=O)N4CCN(CC)CC4)ccc3OCC)nn12.Cl.O.O.O,AOC3,0.2876,活性,低毒性,,P16499;O76074
T35716,Cc1cc2c(s1)Nc1ccccc1N=C2N1CCNCC1,GPAM,0.2876,活性,低毒性,3358;150;1128;147;148;1129;1133;152;1812;146;1131;151;3269;3357,P20309;P08912;P14416;P25100;P18825;P35368;P18089;P21728;P08913;P41595;P35348;P11229;P08172;P28335;P28223;P08173;P35367
T14885,CC1=C(COCCC(C)(C)C)C(=O)N(Nc2ccc(C(F)(F)F)c(Cl)n2)C1=O,PPARA,0.2876,活性,毒性,,
TN1182,C[C@H]1[C@H](C)CC[C@]2(C)CC[C@]3(C)C(=CC(=O)[C@@H]4[C@@]5(C)CC[C@@H](O)[C@](C)(C(=O)O)[C@@H]5CC[C@]43C)[C@H]12,PPARG,0.2876,活性,低毒性,240;5771;9536;5770,P17706;O14684;P09917;P18031
T81633,CC(C)(C)c1ccc(COc2cccc(C(=O)O)c2)cc1,AOC3,0.2874,活性,低毒性,4929;8013;3164,P22736;P43354;Q92570
TN1326,CC1=C(CO)C(=O)O[C@@H]([C@@H](C)[C@H]2CC[C@H]3[C@@H]4C[C@H](Cl)[C@]5(O)[C@@H](O)C=CC(=O)[C@]5(C)[C@H]4CC[C@]23C)C1,NR1H3,0.2874,活性,毒性,,
T87086,NS(=O)(=O)c1cc(NC(=O)Cc2c(Cl)cccc2Cl)ccc1Oc1cccc(Cl)c1,THRB,0.2874,高活性,低毒性,5025;8856,Q99571;O75469
TP1087L,CC(=O)O.CSCC[C@H](NC(=O)[C@H](CC(C)C)NC(=O)CNC(=O)[C@H](Cc1ccccc1)NC(=O)[C@H](Cc1ccccc1)NC(=O)[C@H](CCC(N)=O)NC(=O)[C@H](CCC(N)=O)NC(=O)[C@@H]1CCCN1C(=O)[C@H](CCCCN)NC(=O)[C@@H]1CCCN1C(=O)[C@@H](N)CCCNC(=N)N)C(N)=O,THRSP,0.2874,活性,低毒性,,
T1925,FC(F)(F)c1ccc(CNc2ccc(Cc3c[nH]c4ncccc34)cn2)cc1,AOC3,0.2871,高活性,毒性,6850;3815;1559;43740568;1551;1436;1565;7468,P07333;ANW61984;P10721;ABI96208;QLI62812;O96028;NP_000756;P43405
T7262,Cc1ccc(NC(=O)c2cccc(C(F)(F)F)c2)cc1Nc1cc(-c2cccnc2)nc2[nH]ccc12,AOC3,0.2871,活性,毒性,,Q9Y2I7
T3178,CCCCc1nc2ccc(NC(=O)NC3CCCCC3)cc2n1Cc1ccc(-c2ccccc2C(=O)O)cc1,GPAM,0.2871,活性,低毒性,185;81638;186;100009164,P30556;P34976;P50052;P29089
T68455,CCCP(=O)(CCC)c1ccc(Nc2nc(C3CCCC3)nc3c2ncn3CC)cc1,THRB,0.2871,活性,低毒性,,
T63206,CC(C)(C)Oc1ccc(OC[C@@H]2Cc3cc(F)ccc3CN2C(=O)c2cccc3ccccc23)cc1,THRSP,0.2871,活性,低毒性,9572,P20393
T72505,CC(C)(C(=O)Nc1ccc(-c2cncc(C(F)(F)F)n2)cn1)c1csc(NS(=O)(=O)C2CC2)n1,AOC3,0.2869,活性,低毒性,619580;51797;56474;1503;55936,P70698;P70303;P17812;Q5U2N0;Q9NRF8
T77580,CNS(=O)(=O)c1ccc(NCc2ccc(C(F)(F)F)cc2)c(-c2cn(C)cn2)c1,AOC3,0.2869,活性,低毒性,,
T5745,CC(=O)N1CCC(Nc2cc(C(=O)NC[C@H](O)CN3CCc4ccccc4C3)ncn2)CC1,GPAM,0.2869,活性,毒性,79084;10419,O14744;Q9BQA1
T5416,O=C(O)CCc1cc(C(=O)c2ccc(OC3CCCC3)cc2O)ccc1OCc1ccc2c(=O)[nH]oc2c1,MLXIPL,0.2869,活性,低毒性,54576;54659;3725;54658,Q9HAW9;P22309;P35503;P05412
T39354,Cc1n[nH]c2ccc(-c3cc(N[C@@H](CO)c4ccccc4)cnc3Cl)cc12,PPARD,0.2869,活性,低毒性,,P24941;P50750;O60563
T38653,CCN1CCN(Cc2ccc(NC(=O)c3cccc(-c4ccc5nc(NC(=O)C6CC6)sc5n4)c3)cc2C(F)(F)F)CC1,PPARG,0.2869,高活性,毒性,7010;24629;25;3791;204851;6793;2769;6300;10499;673;2324;7849;246310;1018;780;5893;1020;2321;2322;7026;134864;3815;984;5979,P10721;P00519;NP_001234925;P36888;AAC47329;Q05030;O94804;P50613;P15056;NP_006531;Q00526;P17948;NP_066285;Q02763;P53778;NP_659558;Q00535;AAB34216;P35968;P35916;NP_612200;P24941;P07949;P21127;NP_602296;Q08345;Q86Z02;NP_002059;P16234
T36520,CCc1c(C)sc(NC(=O)c2ccc(Cl)cc2)c1C(=O)OC,RXRA,0.2869,活性,低毒性,1269,P34972
T12166,NCCONC(=O)[C@@H]1CC[C@@H]2CN1C(=O)N2OS(=O)(=O)O,RXRG,0.2869,活性,低毒性,84239099,P13661;Q4GY26;Q9L5C7;P05364;Q9F663
T9949,COc1cc(C(c2cc3c(cc2O)OCO3)N2CCCC2)cc(OC)c1OC,SCD,0.2869,活性,低毒性,5034;3064,P42858;P07237
T86545,Cc1cc(NC(=O)[C@H](O)c2cc(F)cc(F)c2)ccc1-c1cnc(N)c(C(=O)NC(C)C)c1,SCD,0.2869,活性,低毒性,1965;9451,P05198;Q9NZJ5
T39341,CC(C)NC(=O)c1ccc(OC(F)F)c(OCC2CC2)c1,SCD,0.2869,活性,低毒性,,Q08493;P27815;Q07343;Q08499
T72956,CCCS(=O)(=O)Nc1c(F)ccc(C(=O)c2n[nH]c3ncc(-c4ccncc4)cc23)c1F,AOC3,0.2866,活性,低毒性,6416,P45985
T6437,CCN1CCN(C(=O)N[C@@H](C(=O)N[C@@H]2C(=O)N3C(C(=O)O)=C(CSc4nnnn4C)CS[C@H]23)c2ccc(O)cc2)C(=O)C1=O,PPARG,0.2866,活性,毒性,9356;9376;5139;55867,Q14432;Q8TCC7;Q4U2R8;Q9NSA0;NP_371243;A2RP81
T67888L,Cl.NC(=O)c1ccc2c(c1O)[C@]13CCN(CC4CC4)[C@H](C2)[C@]1(O)CCC(=O)C3,XPR1,0.2866,高活性,低毒性,4988;4985;4986,P35372;P41143;P41145
T7317,COc1ccc2c(-c3ccc(O)c(C)c3)ccnc2c1,ACACA,0.2864,活性,低毒性,51311,Q9NR97
TN1855,COc1cc2c(cc1O)C[C@@H]1NCCc3cc(O)c(OC)c-2c31,SCD,0.2864,活性,低毒性,24318;24316,P61169;P18901
T62077,CNS(=O)(=O)c1ccc(Nc2ccc(C(F)(F)F)cc2)c(-c2cn(C)cn2)c1,SCD,0.2864,活性,毒性,10413,P46937;P28347
T4618,CC(=O)Nc1cc(Oc2ccc3c(C(=O)Nc4ccc(CN5CCN(C)CC5)c(C(F)(F)F)c4)cccc3c2)ncn1,THRSP,0.2864,活性,低毒性,,P24941
T38732,Cn1cc(-c2ccc3c(c2)CCN3C(=O)Cc2cc(F)cc(C(F)(F)F)c2)c2c(N)ncnc21,FASN,0.2861,活性,低毒性,85366;9451,NP_004827;Q9NZJ5;NP_149109
T11762L,Cc1ccc2c(NS(=O)(=O)c3ccccc3Cl)cccc2c1Oc1ncccc1-c1ccnc(N[C@H]2CCCNC2)n1,THRSP,0.2861,高活性,毒性,2081;5602,P53779;O75460
T8688,CC(C)(C)c1ccc(N(C(=O)c2cnc[nH]2)C(C(=O)NC2CCCCC2)c2cccnc2)cc1,AOC3,0.2859,高活性,低毒性,4836014;935181;4836003;4835998,P0C6W5;P0DTD1;P0C6W3;P0C6X5;P0C6X7;P0C6X4;P0C6X6;Q98VG9;P0C6W4;P0C6Y4
T13712,CN(C)c1ccc(NC(=O)NS(=O)(=O)c2ccc(Cl)cc2)cc1,PPARG,0.2859,活性,低毒性,4837;2593;27232;115;5409;3176,O60503;Q14749;P40261;P21964;P11086;Q14353;P50135
T10903,CN(C)c1ccc(CC(=O)N[C@@H]2CNC[C@H]2c2ccc(C(C)(F)F)cc2)cc1,SCD,0.2859,高活性,低毒性,1576;3757,P08684;Q12809
T10435,Cc1cccc(C)c1CNc1cc(C(=O)NCCO)cn2c(C)c(C)nc12,THRSP,0.2859,活性,低毒性,1576,O95342;P08684
T5524,O=C(Nc1cccc(Nc2nccc(Nc3cccc(C(F)(F)F)c3)n2)c1)C1CC1,AOC3,0.2856,活性,毒性,3480;660;3932;6850;6790;9748;7468;8576,P08069;NP_003591;P51813;O14965;NP_001008910;O96028;NP_055535;2NP8_A;P06239;P43405
T0216,Br.CN1CCC[C@@H]1Cc1c[nH]c2ccc(CCS(=O)(=O)c3ccccc3)cc12,NR1H3,0.2856,活性,低毒性,4837;2593;27232;5409;3176,Q14749;P40261;P21964;P11086;Q14353;P50135
T12126,CCc1cc(O)c(Oc2ccc(C(N)=O)cc2F)cc1F,PPARA,0.2856,活性,低毒性,86859893;945870,P0AEK4;Q6GI75
TN1291,COc1cc(O)c2c(=O)cc(-c3ccc(OC)c(OC)c3)oc2c1,PPARG,0.2856,活性,低毒性,,
T28367L1,C[C@H](CC[C@@](C)(O)C(F)(F)F)[C@H]1CC[C@H]2[C@@H]3CC=C4C[C@@](C)(O)CC[C@]4(C)[C@H]3CC[C@]12C,SCD,0.2856,高活性,低毒性,2902;2904;2903,Q13224;Q05586;Q12879
T7656,CSCC[C@H](NC(=O)[C@@H]1CCCN1C(=O)CNC(=O)[C@H](CCCCN)NC(=O)[C@H](Cc1cnc[nH]1)NC(=O)[C@H](CO)NC(=O)[C@H](CC(C)C)NC(=O)[C@H](CCCNC(=N)N)NC(=O)[C@@H]1CCCN1C(=O)[C@H](CCCNC(=N)N)NC(=O)[C@@H](N)CCC(N)=O)C(=O)N1CCC[C@H]1C(=O)N[C@@H](Cc1ccccc1)C(=O)O,THRSP,0.2856,活性,低毒性,187;9293,Q9Y2T5;NP_005152;P35414
T6333,CCC(CC)(NC(=O)C(C)C)C(=O)N[C@@H](CCCNC(=N)N)C(=O)NC1(C(=O)NC(c2ccc(F)cc2)c2ccc(F)cc2)CCCC1,GPAM,0.2854,活性,低毒性,4297;11091;9070;5929,P61964;Q15291;Q9UBL3;Q03164
T84313,[O-][n+]1cc(O)cc(CCCc2cc(C(F)(F)F)cc(C(F)(F)F)c2)c1,GPAM,0.2854,活性,低毒性,53831,Q9NQS5
T3084,O=C(NCC(=O)N1CCCC1)Nc1ccc2cnccc2c1,PPARG,0.2854,活性,毒性,1565;6850;10196,ANW61984;NP_001138639;O60678;ABI96208;P43405
T77776,CCC(Sc1nc(=O)c2cnn(-c3cccc(F)c3)c2[nH]1)C(N)=O,PPARG,0.2854,高活性,低毒性,1613;5292;415116,Q86V86;P11309;O43293
T16359,CCN(CC)C(=O)c1ccc(Nc2nc(OCC3CCCCC3)c3[nH]cnc3n2)cc1,THRSP,0.2854,活性,毒性,4837;595;6850;1559;5409;3176;27232;5610;2593;1020;9212;9807;891;1022;6790;8851;1551;7468;983;1017;1019,Q92551;QLI62812;NP_000756;P21964;P24385;P19525;NP_001129123;P50613;NP_001789;ABI96208;Q14749;NP_001790;Q15078;Q14353;P50750;O60563;O14965;O96028;NP_004926;P06493;Q96GD4;P11086;Q00535;P50135;P11802;P51946;P51948;P24941;NP_000066;P14635;P24864;P40261;P43405
T50079,CCOc1ccc(-c2nc(CSc3nc(N)cc(N)n3)cs2)cc1OC,ACACA,0.2852,活性,低毒性,13178,P43346
T3313,O=C(O)[C@H]1CSC(c2nc3ccc(O)cc3s2)=N1,GPAM,0.2852,活性,低毒性,2859,Q9HC97
TP1442,CSCC[C@H](NC(=O)[C@H](Cc1ccccc1)NC(=O)[C@H](Cc1cnc[nH]1)NC(=O)CNC(=O)[C@@H](NC(=O)[C@H](C)NC(=O)[C@H](Cc1c[nH]c2ccccc12)NC(=O)[C@H](CC(C)C)NC(=O)[C@H](CC(N)=O)NC(=O)CN)[C@@H](C)O)C(N)=O,PPARD,0.2852,活性,低毒性,25264;4829;2925;680,P32247;P28336;P24053;P30550;NP_002502
T14496,Cc1ccc(C(=O)Nc2noc3ccccc23)cc1,PPARG,0.2852,活性,毒性,9970;28989;6850;115;1559;9807;1551;1565;10413,O60503;ANW61984;Q9BV86;Q92551;ABI96208;QLI62812;ADZ17385;NP_000756;Q26304;P43405;NP_001123617
T68119,Cc1ccc2oc(N[C@@H](CC3CCCCC3)c3ccccn3)nc2c1,PPARG,0.2852,活性,低毒性,,
T4301,CC(C)n1nc(-c2ccc(NC(=O)Nc3cc(C(F)(F)F)ccc3F)cc2)c2c(N)ncnc21,THRSP,0.2852,活性,低毒性,5979,P07949
T9118,Fc1ccc(-c2ccc(Nc3nc(Cl)nc(Cl)n3)cc2)cc1,PPARG,0.2849,活性,低毒性,7295,P10599
T15381,CCOc1ncc(S(=O)(=O)N2CCN(CC)CC2)cc1-c1nc(=O)c2nn(CCOC)c(CC)c2[nH]1,RXRA,0.2849,活性,低毒性,8654;1559;1551,NP_001074;ABI96208;QLI62812;NP_000756;O76074
T84300,CC(=O)N1CCc2c(C(=O)N3CCC(c4ccc(F)c(F)c4C(F)(F)F)CC3)n[nH]c2C1,RXRA,0.2849,高活性,低毒性,5950;7276,P02766;P02753
T39516,Cc1cnc(-c2ccc(C(F)(F)F)cc2)n1Cc1ccccc1OCCC[C@@H](C)CC(=O)O,THRSP,0.2849,活性,低毒性,5467,Q03181
T21414,CC(C)(C)C(=O)Oc1ccc(S(=O)(=O)Nc2ccccc2C(=O)NCC(=O)[O-])cc1.[Na+],PPARG,0.2847,活性,低毒性,396766;1991;397197,P08419;P08246;P00772
T2164,CN(C)CC(O)Cn1c2ccc(Br)cc2c2cc(Br)ccc21,PPARG,0.2847,活性,毒性,65975;4137;5999,CAC29064;B45705;ABC94591;AAB59829;AAI14949
T8397,CC(C)C[C@H](NC(=O)CNC(=O)c1cc(Cl)ccc1Cl)B1OC(=O)C(CC(=O)O)(CC(=O)O)O1,AOC3,0.2842,活性,毒性,,P28074
T13134,COc1cc2c(cc1OC)[C@H]1CC(=O)[C@H](CC(C)C)CN1CC2,GPAM,0.2842,活性,低毒性,25549,Q01827
T3857,COc1ccc([C@H]2OC[C@H]3[C@@H]2CO[C@@H]3c2cc(OC)c(OC)c(OC)c2)cc1OC,PPARG,0.2842,活性,低毒性,43,P22303;P27361;P28482
T3958,Oc1ccc(-c2nc3cc(O)cc(Br)c3o2)cc1,PPARG,0.2842,活性,低毒性,2100;10013;25149;13982;24890;13983,NP_001116214;Q92731;O08537;Q62986;P03372;NP_001201832;P19785;P06211;Q9UBN7
T5535,O=C(Nc1cccnc1)c1cc(C(=O)c2c(F)cccc2Br)c[nH]1,THRSP,0.2842,活性,低毒性,5598,Q13164;Q96MU7
T5125,CC(C)(O)c1cc(Nc2cc(Oc3cn(C4CC4)nc3C3CCOCC3)ccn2)ccn1,THRSP,0.2842,活性,低毒性,7046;21812,Q64729;P36897
T15246,Cc1c(C(=O)Nc2ccc(S(C)(=O)=O)cc2)cn(CCO)c1-c1ccccc1C(F)(F)F,AOC3,0.2839,活性,低毒性,4306,NP_001159576;P08235
T27229,Cc1ccnc2c1nc(C1CC1)n2Cc1ccc(-c2ccccc2C(=O)O)cc1,RXRB,0.2839,高活性,低毒性,81638;24180;100009164;185;186,P50052;P30556;P34976;P25095;P29089
T36287,COc1ccc(F)cc1C(=O)NCc1ccc(-c2nn([C@@H](C)C(F)(F)F)c(N)c2C(N)=O)cc1,AOC3,0.2837,活性,低毒性,695,Q06187
T22821,CCOC(=O)CCNc1cc(N2CCc3ccccc3CC2)nc(-c2cccnc2)n1,AOC3,0.2837,活性,毒性,1551;1565;1559;6850,ANW61984;ABI96208;QLI62812;NP_000756;P43405
T4021,CCN(CC)CCCC[C@H](NC(=O)[C@H](CC(C)C)NC(=O)[C@H](C)NC(=O)[C@H](Cc1ccccc1)NC(=O)c1ccc(C(C)(C)C)cc1)C(=O)N[C@@H](CO)C(=O)OC,AOC3,0.2837,活性,低毒性,23492;9425;57332;9085;253175;124359;84733;8535;23466,O95931;Q9HC52;Q8N8U2;Q9Y6F8;Q14781;O95503;O00257;Q9Y232
T62606,CCCCCCCCOC(=O)NS(=O)(=O)Nc1cccc(-c2cc3ccccc3[nH]2)c1,SCD,0.2837,高活性,低毒性,100009114;100271999,P12530
TQ0253,Cc1noc(C)c1-c1cnc2c(-c3ccc(C(=O)O)cc3)cn([C@@H](C)c3ccccn3)c2c1,SCD,0.2837,活性,低毒性,,O60885
T3185,Oc1cccc(Nc2ncc(F)c(Nc3cccc(O)c3)n2)c1,THRSP,0.2837,活性,低毒性,,P43405
T10255,CC(C)(C)c1ccc(CN(C(=O)CN(Cc2c(F)c(F)c(F)c(F)c2F)S(=O)(=O)c2ccc(F)cc2)c2ccc(C(=O)NO)cc2)cc1,AOC3,0.2834,活性,毒性,79885;10013;8841,Q96DB2;Q9UBN7;O15379
T24850,CCCn1c(CNc2cccc(C(=O)NCc3c(F)cccc3F)c2)nnc1-c1ccncn1,AOC3,0.2834,高活性,低毒性,282682;281457;2869;6011;9475;281801;5578;156,P28327;P25098;P21146;P34947;O75116;Q15835;P43249;P17252;3PVW_A
T7354,CC(C)[C@H](N)C(=O)N1CCC[C@H]1C(=O)N1CCC[C@H]1C(=O)O,AOC3,0.2832,活性,低毒性,100009274,P12822;P12821
T26486,CCc1ccc(-n2cnc3c(sc4nccc(N(C)C)c43)c2=O)cc1,PPARG,0.2832,高活性,低毒性,2915;24414;24418;2911,P23385;P31424;NP_001264993;Q13255;NP_001107802;P41594
TN1817,COc1ccc(-c2oc3cc(OC)cc(O)c3c(=O)c2OC)cc1,PPARG,0.2832,活性,低毒性,280960,P80457
TQ0255,C=CC(=O)Nc1cccc(-c2cccc3cnc(Nc4ccc(N5CCN(CCO)CC5)c(F)c4F)nc23)c1,SCD,0.2832,高活性,低毒性,3791;2260;2263;695,P35968;Q06187;P00533;P21802;P11362
T6299,CN[C@@H](C)C(=O)N[C@H](C(=O)N1CCC[C@H]1C(=O)Nc1snnc1-c1ccccc1)C1CCCCC1,THRSP,0.2832,活性,毒性,6850;331;329;6945;330;79444,P98170;NP_001156;Q13489;NP_001157;Q13490;NP_001158;Q96CA5;P43405;Q9UH92;NP_647478
T38227,CCCCOc1ccc(C(=O)NN2C(=O)c3ccccc3NC2c2ccc(OC)cc2)cc1,THRSP,0.2832,活性,低毒性,14289,NP_032065;NP_001005738
T73352,Nc1nc2c(c(N3CC[C@@H](N)C3)n1)CCCc1ccccc1-2,NR1H3,0.283,活性,低毒性,225192;59340;170704;1565;7468,ANW61984;Q91ZY1;Q91ZY2;O96028;Q9H3N8
T3859,COc1ccc(C2COc3cc(O)ccc3C2)c(O)c1OC,PPARG,0.283,活性,低毒性,9970,ADZ17385;Q26304
T1842,CCOc1cc(C(=O)N2CCC(N3CCN(C)CC3)CC2)ccc1Nc1ncc2c(n1)N(C1CCCC1)c1ccccc1C(=O)N2C,RXRG,0.2827,活性,毒性,676;6850;9201;7151;3106;3456;5598;120892;7157;43740568;7468,Q13164;NP_002740;P01574;Q5S007;Q58F21;NP_001119587;O96028;O15075;O60885;P43405
T13329,COc1ccc(-n2nnnc2C(F)(F)F)cc1CN[C@H]1CCCN[C@H]1c1ccccc1,MLXIPL,0.2825,活性,低毒性,6869,NP_056542;P25103
T1780,CCC(=O)NS(=O)(=O)c1ccc(-c2c(-c3ccccc3)noc2C)cc1,AOC3,0.2822,活性,毒性,1559;5743;6850,P35354;QLI62812;P43405
T14919,CNc1nc(C)c(-c2nc(Nc3cccc(S(N)(=O)=O)c3)ncc2F)s1,AOC3,0.2822,高活性,毒性,983;8900;9134;891,P51946;P50613;P78396;O60563;P50750;Q8WWL7;O95067;P24941;P14635;P24864;O96020;P06493;P20248
T26969,CS(=O)(=O)c1cc(-c2ccccc2)cc(S(=O)(=O)c2ccc(CN)s2)c1,ACACA,0.282,活性,低毒性,4015;100525278;4017;396971;16948,Q9Y4K0;P45845;P28301;P16469;P28300
T16932,O=C(Nc1ccccc1-c1cn2c(CN3CC[C@@H](O)C3)csc2n1)c1ccc2ccccc2c1,AOC3,0.282,活性,低毒性,23411,Q96EB6
T15561,CC1(C)CN(c2ncc(C(=O)Nc3cccc(C(F)(F)F)c3)c(N)n2)C(=O)N1,PPARG,0.282,活性,低毒性,8396,P78356
T26712,COC[C@H](C)Oc1cc(Oc2cnc(C(=O)N3CCC3)cn2)cc(C(=O)Nc2cnc(C)cn2)c1,PPARG,0.282,活性,低毒性,2645,P35557;NP_000153
T22367,C[C@H]1C[C@@H]2[C@H]([C@@H](O)C[C@@]3(C)[C@H]2CC[C@]3(O)C(=O)COC(=O)CCC(=O)O)[C@@]2(C)C=CC(=O)C=C12,AOC3,0.2817,活性,低毒性,2908,P04150
T21623,Cc1cc(NCCO)nc(-c2ccc(Br)cc2)n1,PPARA,0.2817,活性,低毒性,139760;1544,P05177;Q8TDV5;NP_848566
T16163,CN[C@@H](C)C(=O)N[C@H](C(=O)N1CCC[C@H]1C(=O)N[C@H](C(=O)OC)C(c1ccccc1)c1ccccc1)C1CCCCC1,PPARG,0.2817,活性,低毒性,331;329,P98170;Q13490
T7899,Cc1cc(NC(=O)Cc2ccc(F)c(Cl)c2)n(C2CCCCC2)n1,THRSP,0.2817,高活性,低毒性,3763;3760;3762,P48051;P48544;P48549
T79600,COc1cc2nccc(Nc3ccc4scnc4c3)c2cc1P(C)(C)=O,ACACA,0.2815,活性,低毒性,8767,O43353
T5634,Cc1ccc2c(Nc3cccc(Cl)c3F)nccc2c1NC(=O)c1csc2c(N)ncnc12,ACACA,0.2815,高活性,低毒性,1436;673;780;4921,P07333;P15056;Q08345;P04049;P10398;Q16832
T6945,Nc1ncc(-c2ccnc(Nc3ccncc3)n2)c(CC2CC2)n1,PPARD,0.2815,高活性,毒性,5293;5294;5289,P42336;O00329;Q8NEB9;P48736;Q9UBF8;NP_002638
T9833,CCCCOc1c(OC)cc(C(=O)NCC2(N(C)C)CCOCC2)cc1OC.Cl,PPARG,0.2815,活性,低毒性,,P56373;P28223;Q9Y345
T3482,Cc1c(-c2ccc3c(c2)CN(C2CC2)C3=O)nnn1-c1cccnc1F,PPARG,0.2815,高活性,低毒性,2915;2911,Q13255;NP_001264993;P41594
T9636,CC(=O)c1c(C)c2cnc(Nc3ccc(C4CCNCC4)cn3)nc2n(C2CCCC2)c1=O,AOC3,0.2812,活性,低毒性,,P11802;Q00534
T12112,COc1ccc(NC(=O)c2ccc(NC3=C(C)C(=O)CC3)c(Cl)c2)cc1,FASN,0.2812,活性,低毒性,,O60885
T8798,COc1cc2cc(C(=O)CCC(=O)O)sc2cc1OC,SCD,0.2812,活性,低毒性,,Q3TBT3;Q86WV6
T10616,O=C(Nc1cc(C(F)F)ns1)Nc1cc(F)ncc1CO,THRSP,0.2812,活性,毒性,6595;6597,P51532;P51531
T8515,O=c1[nH]c(Cc2ccccn2)nc2c1cnn2C1CCOCC1,XPR1,0.2812,活性,低毒性,5152,O76083
T14386,CC(C)[C@H](NC(=O)C(C)(F)F)[C@H](Oc1ccc2c(cnn2-c2ccc(=O)n(C)c2)c1)c1ccccc1,ACACA,0.281,活性,低毒性,24413;5241;4306;2908,P06401;NP_001189403;NP_001191194;P06536;P01375;NP_001159576;P04150
T13221,C[C@@H](NC(=O)c1cccc(-c2cnc(-c3cc4ccccc4cn3)[nH]2)c1)c1ccc(F)cc1,AOC3,0.281,活性,低毒性,,
T2617,CS(=O)(=O)O.O=C(Nc1cccc(Cl)c1)Nc1ncc(CCNc2ncnc3ccsc23)s1,AOC3,0.281,高活性,毒性,9212;4914;2324;4915;6790;1436;558;4921,P07333;P35916;P04629;O14965;P04049;P30530;Q16620;Q96GD4;Q16832
T40357,CNc1cc(N2CCC3(CC2)CN(c2cc(F)c(CN4CCC(C)(C)CC4)cc2F)CC(=O)N3)ncn1,ACACA,0.2808,活性,毒性,56339;57721,Q86U44;Q9HCE5
T3265,CC[C@H]1OC(=O)[C@H](C)[C@@H](O[C@H]2C[C@@](C)(OC)[C@@H](O)[C@H](C)O2)[C@H](C)[C@@H](O[C@@H]2O[C@H](C)C[C@H](N(C)C)[C@H]2O)[C@](C)(O)C[C@@H](C)CN[C@H](C)[C@@H](O)[C@]1(C)O,PPARG,0.2808,活性,低毒性,,
T22192,CC1(C)CC=C(c2cnc3ccccc3c2)c2cc(C(=O)Nc3ccc(C(=O)O)cc3)ccc21,AOC3,0.2805,活性,低毒性,1551;1559;5914;5916,NP_001138774;P13631;ABI96208;QLI62812;P10826;NP_000756;P10276
TN6771,O=C(CCCCCCCCc1ccc(O)cc1)c1c(O)cccc1O,PPARG,0.2805,活性,毒性,43;100033901;259230;166929,Q8NHU3;P81908;P62575;P22303;Q86VZ5
T7165,Cc1onc(-c2ccc(F)cc2)c1COc1ccc(C(=O)N2CCS(=O)(=O)CC2)cn1,AOC3,0.2803,活性,低毒性,2556;2554;2558;2555;2562;2566,P18507;P28472;P47869;P31644;P34903;P14867
T83616,COc1cccc(C=NC2CCN(Cc3ccccc3)CC2)c1OC,MLXIPL,0.2803,活性,低毒性,23621,P56817
T201572,CN1CCN([C@@H]2CCCN(c3cnc(C(N)=O)c(Nc4ccc(C5CCNCC5)cc4)n3)C2)C1=O,PPARG,0.2803,高活性,低毒性,3718;695;3932,P00533;P52333;P06239;Q06187
T8711,O=S(=O)(Nc1nncs1)c1cc(Cl)c(Oc2ccc(C(F)(F)F)cc2-c2ccnnc2)cc1F,PPARG,0.2803,活性,低毒性,6323;6326;1559;78956;6334,P35498;O08562;P11712;Q15858;Q9UQD0;Q99250
T20739,Cl.O=c1c2cccc3c2c(cn1[C@@H]1CN2CCC1CC2)CCC3,ACACA,0.28,高活性,低毒性,58963;79246,P35563;Q9JJ16
T13330,N[C@@H](CC(=O)Nc1ccc(Oc2cc(F)c(F)cc2Br)cc1)C(=O)O,NR1H4,0.28,活性,低毒性,84012;6506;6507;6505,P43005;P43003;P43004;NP_001239581;O35921
T80675,Cc1nc(N(C)C(=O)Cc2ccc(-c3cc(F)ccc3F)cc2)sc1S(C)(=N)=O,RXRG,0.28,活性,低毒性,,
T13356,Cc1nc(N2CCN(Cc3ccc(F)cc3)C2=O)sc1C(=O)NCc1cccnc1,AOC3,0.2798,活性,低毒性,20249,O00767;P13516
T5126,CC(C)(C)[C@@H]1NC(=O)O[C@@H]2CCC[C@H]2OCC=CC(F)(F)c2nc3ccccc3nc2O[C@@H]2C[C@@H](C(=O)N[C@]3(C(=O)NS(=O)(=O)C4(C)CC4)C[C@H]3C(F)F)N(C2)C1=O,GPAM,0.2798,活性,低毒性,,
T27837,COc1cc(F)c(-n2c(=O)[nH]c3csc(C(=O)O)c3c2=O)cc1OCc1c(OC)ccc(F)c1F,PPARD,0.2798,活性,低毒性,2798,P30968
T13411,Cc1ccc(OCCSc2ncccn2)c(Br)c1,ACACA,0.2795,活性,低毒性,10013,Q9Y478;Q13131;P54619;Q9UBN7
T9742,C=CCn1c(N[C@@H]2C[C@H](c3ccc(OCc4ccccc4)cc3)CN(C)C2)nc2cc[nH]c2c1=O,AOC3,0.2795,活性,低毒性,,Q15047
T12885,CCN(CC)S(=O)(=O)Nc1cccc(-c2ccc3c(NC(=O)C4CC4)n[nH]c3c2)c1,AOC3,0.2795,活性,低毒性,23396;2580;22848;55589;8780;85366;8999;83732;8576,O14976;Q9BRS2;Q2M2I8;O75716;O60331;Q9NSY1;O14730;Q9H1R3;Q92772
TQ0066,CNC(=O)c1ccc(Oc2ccc3c(c2)CCN(C2CCC2)CC3)nc1,PPARG,0.2795,高活性,低毒性,85268;11255,Q9Y5N1;Q9QYN8
T3433,Cc1ccc(-c2ccc(F)cc2COc2ccc(CCC(=O)O)cc2)cc1,PPARG,0.2795,活性,低毒性,338557;107221;2864,Q7TMA4;Q5NUL3;O14842
T67703,CCNC(=O)Nc1ccc(-c2nc(N3CC4CCC(C3)O4)c3sccc3n2)cc1,RXRB,0.2795,活性,毒性,2475,P42336;P42345
T7833,Cc1cc(C(=O)N2CCN(C(c3ccccc3)c3ccccc3)CC2)nn1C,RXRG,0.2795,活性,低毒性,7101,Q9Y466
T1745,COc1cn(-c2ccc(-n3cccn3)cc2F)nc(-c2ccnn2-c2ccccc2)c1=O,XPR1,0.2795,活性,低毒性,1551;1559,QLI62812;NP_000756;ABI96208
T13202L,CN1CCN(c2ccc(Nc3ncc4cc5n(c4n3)C3(CCCCC3)CNC5=O)nc2)CC1,AOC3,0.2793,高活性,毒性,595;1017;1019;1025;1022;8900;1021;896,P11802;P78396;P50750;O60563;NP_001789;P30281;P24941;NP_000066;Q00534;P24864;NP_001790;NP_001138778;NP_001252;P24385;P20248
T4443,CNC(=O)c1ccc(-c2cnc3cnc(-c4ccccc4)cn23)cc1,PPARG,0.2793,活性,毒性,,Q13315
T89229,CCN(CC)CC(=O)N1CCN(c2nc(NCc3nc4cc(Cl)c(Cl)cc4[nH]3)c3ncn(CC)c3n2)CC1,PPARG,0.2793,活性,低毒性,,Q96SW2;O75909
T23204,CCCCC1CCC(c2nc(-c3ccncc3)no2)CC1,SCD,0.2793,活性,低毒性,1559;139760;1565,QLI62812;ANW61984;NP_848566;ABI96208
T5208,O=C(Nc1ccccc1C(=O)O)c1cc(S(=O)(=O)c2ccccc2)ccc1Cl,NR1H4,0.2791,活性,低毒性,,P53985
T39554,O=C(O)Cn1nnc(-c2ccc(CN(CCCCOc3ccc(CN4CCCC4)cc3)CCc3ccccc3)cc2)n1,RXRG,0.2791,活性,低毒性,4837;2593;27232;5409;1551;1565;3176,ANW61984;ABI96208;Q14749;NP_000756;P40261;P21964;P11086;Q14353;P50135
T41275,C[C@@](CCc1ccc(-c2ccccc2)cc1)(C(=O)NO)S(C)(=O)=O,THRSP,0.2791,活性,低毒性,881292;6530,P47205;P39900;P23975;P45452
TQ0025,C[C@H](NC(=O)c1c(C(F)F)nn(C)c1Oc1cccc(C(F)(F)F)c1)c1ccc(C(=O)O)cc1,THRSP,0.2791,活性,低毒性,5732;19219;5734,P32240;P35408;P43116
T62637,O=C(Nc1cccc(C(F)(F)F)c1)N[C@H]1CC[C@H](Oc2ccc(C(F)(F)F)cc2)CC1,AOC3,0.2788,活性,毒性,27102,Q9BQI3
TQ0117,CCC(=O)c1cc(-c2ccc(Cl)cc2)n(-c2ccc(S(N)(=O)=O)cc2)c1C,RXRG,0.2788,活性,毒性,1137;6850;1559;9807;1139;1136;1551;1565;7468,ANW61984;P10635;Q92551;ABI96208;QLI62812;O96028;NP_001243502;NP_000756;NP_001177384;NP_001160166;P36544;P43405
T25984,CC(C)NCC(O)COc1ccc(O)cc1,THRSP,0.2786,活性,毒性,,
T8801,CC(C)n1cnc2c(Nc3cccc(Cl)c3)nc(N[C@H]3CCCC[C@@H]3N)nc21,ACACA,0.2783,活性,低毒性,1195;57396;1196,P49759;Q9HAZ1;P49760
T17033,COc1cccc(C(=O)Nc2ccc(OCCN3CCOCC3)c(-c3ccnn3C)c2)c1,ACACA,0.2783,活性,低毒性,,P28223
TNU0431,COc1cccc(CNc2ncnc3c2ncn3[C@@H]2O[C@H](CO)[C@@H](O)[C@H]2O)c1,ACACA,0.2783,活性,低毒性,,
T6933,NC(=O)c1cnc2[nH]ccc2c1N[C@H]1C2CC3CC1C[C@](O)(C3)C2,AOC3,0.2783,高活性,低毒性,7297;3718,O60674;P23458;P52333;P29597
T6773,C[C@@H](Nc1cc(F)cc(F)c1)c1cc(C(=O)N(C)C)cc2c(=O)cc(N3CCOCC3)oc12,AOC3,0.2783,活性,毒性,6850;5294;5293;5291;5290;5295;7468,Q02880;P42338;P42336;O00329;NP_006210;Q76MJ5;NP_002640;O96028;NP_005017;P27986;P48736;NP_006209;P43405
TN1990,O=c1c2cc(O)c(O)cc2oc2cc(O)cc(O)c12,PPARD,0.2783,活性,低毒性,5770,P18031
T7522,CNC(=O)[C@@H](NC(=O)[C@H](CCCc1ccccc1)[C@H](C)N(O)C=O)C(C)(C)C,PPARG,0.2783,高活性,低毒性,102;6868,NP_003174;P08253;P50281;P78536;P14780;NP_001101;O14672;P03956
T38941,CC(=O)NNC(=O)[C@@H]1CC[C@@H]2CN1C(=O)N2OS(=O)(=O)[O-].[Na+],PPARG,0.2781,活性,低毒性,,
T13130,COc1cc(-c2ccc(O)cc2)c(OC)c(O)c1-c1ccc(O)cc1,PPARG,0.2781,高活性,毒性,6476;8972;93432;2548,Q2M2H8;O43451;P14410;P10253
T5636,CC(C)CC(=O)Nc1cncc(-c2ccc3[nH]nc(-c4nc5cncc(-c6cccc(F)c6)c5[nH]4)c3c2)c1,FASN,0.2778,高活性,毒性,2932;8445;9149;1195;57396;1198;1196,P49759;Q9HAZ1;Q92630;P49761;P49760;Q9Y463;Q13627;P49841
T5494,CN1CCN(c2cc(-c3ccncc3)c(-c3ccc4ccccc4c3)nn2)CC1,GPAM,0.2778,活性,低毒性,1432;1453;5600,P48730;Q16539;Q15759
T2302,C=CC(=O)Nc1cccc(Nc2nc(Nc3ccc(Oc4ccnc(C(=O)NC)c4)cc3)ncc2F)c1,THRSP,0.2778,高活性,毒性,4837;2593;27232;6850;3718;1559;695;7151;3702;3456;5409;7157;1551;43740568;7468;3176;3458,P01574;Q08881;NP_001119587;QLI62812;NP_000756;P21964;P00533;ABI96208;Q14749;Q14353;Q06187;O96028;NP_000610;P11086;P52333;P50135;NP_000052;P40261;P43405
T4298,O=C(NCC1(N2CCN(c3ccccc3)CC2)CCOCC1)c1cccnc1Sc1ccccc1,AOC3,0.2776,活性,低毒性,25553;1559;5027;18439;1551;29665,NP_002553;Q64663;ABI96208;QLI62812;P31652;Q99572;NP_000756;Q9Z1M0
T26086,CC1(C)Oc2ccc(S(=O)(=O)c3ccccc3)cc2[C@@H](N2CCCC2=O)[C@@H]1O,GPAM,0.2776,活性,低毒性,,
T22552L,CC(C)n1nc(-c2ccc(NC(=O)Nc3cccc(C(F)(F)F)c3)cc2)c2c(N)ncnc21,PPARG,0.2776,高活性,低毒性,4837;2593;27232;5409;7468;3176,3EL8_A;O96028;Q14749;P40261;P21964;P11086;Q14353;P50135
T16442,Cc1cc(N2C(=O)NC(=O)C2(C)C)cc(C)c1CCS(=O)(=O)N1CCC2(CC1)N=C(c1ccc(OC(F)(F)F)cc1)NC2=O,THRSP,0.2776,活性,低毒性,56813;5745;5741,P25961;P01270;Q03431
T28167,O=C(NCCCCN1CCN(c2cccc(Cl)c2Cl)CC1)c1ccc2c(c1)Cc1ccccc1-2,NR1H3,0.2773,高活性,低毒性,29412;1814;24173;3358;1815;29581;24318;29238;29413;29595;25187,P43140;P14416;P15823;P08908;P61169;P30994;P08909;P21917;P35462;P19020;P23944;P28223;P28335;NP_387512;P14842
T37734,O=c1[nH]c2ccc(-n3c(C(F)(F)F)nc4ccc(C(F)(F)F)nc43)cc2s1,THRSP,0.2773,活性,低毒性,59283,Q8WXS5
TQ0137,CCn1c(=O)c2cc(C(N)=O)c(N)nc2n(C2CC2)c1=O,AOC3,0.2771,活性,低毒性,29904,O00418;P13639
T82008,CCc1cc2c(cc1Cl)nc1c(=O)[nH]c(=O)nc-1n2CCOCC(C)C,AOC3,0.2769,活性,低毒性,8520;5931,Q16576;O14929
T27795,NC(=O)NC[C@@H]1CCCc2cc(S(=O)(=O)c3cccc(F)c3)ccc21,PPARA,0.2769,活性,低毒性,3362,P50406
T8890,Cl.NCCCOc1cc2ccccc2cc1C(=O)Nc1ccc(Cl)cc1O,PPARG,0.2769,活性,低毒性,,
T16479,Cc1cnc(NC(=O)c2cc(Oc3cnc(C(=O)N(C)C)nc3)c3cc(C)oc3c2)cn1,THRSP,0.2769,活性,毒性,2645;24385,P17712;P35557
T67742,CC1(C)C(=O)N(c2ccc3c(cnn3-c3ccc(F)cc3)c2)[C@H](c2ccccc2)[C@H]1NC(=O)C1CC1,XPR1,0.2769,活性,低毒性,,P04150
T61016,CCN(CC)c1ccc2cc(-c3nc4ccccc4o3)c(=O)oc2c1,PPARG,0.2766,高活性,低毒性,25643;10413;55704,P08753;BAE44387;NP_001123617
T28861,CCCCc1nc(N)c2nc(-n3nccn3)n(C)c2n1,THRSP,0.2766,活性,低毒性,135;57413;136;134,P29275;NP_001075445;P30542;NP_000667;NP_001041695;NP_000666;P29274
T11787,Cc1ccc(Oc2ncc(N3C(=O)NC(C)(C)C3=O)cn2)c2c1OCC21CC1,THRSP,0.2766,活性,低毒性,,P48547
T3424,CCS(=O)(=O)c1ccc2oc(-c3ccc4ccccc4c3)nc2c1,AOC3,0.2764,活性,低毒性,7402;196;10013;1544,P05177;P46939;P35869;Q9UBN7
TQ0149,C=Cc1cc(O)cc2nc(-c3ccc(O)c(F)c3)oc12,PPARG,0.2764,高活性,毒性,4837;2100;2593;28989;27232;6850;9970;25149;13982;9807;24890;13983;5409;1551;1565;3176,ANW61984;Q9BV86;Q92551;P03372;NP_000756;P21964;Q92731;O08537;ABI96208;NP_036821;Q14749;NP_997590;P06211;Q14353;NP_001116214;NP_031982;P11086;P50135;1X7B_A;NP_036886;Q62986;NP_001201832;P19785;P40261;ADZ17385;P43405
T85589,COc1cc(Cl)ncc1NC(=O)C1(c2ccccc2C(C)C)CN(S(N)(=O)=O)C1,NR1H3,0.2761,活性,低毒性,,Q92633
TN1661,C[C@H](CC(=O)C[C@@H](C)[C@H]1C[C@H](O)[C@@]2(C)C3=C(C(=O)C[C@]12C)[C@@]1(C)CC[C@H](O)C(C)(C)[C@@H]1C[C@@H]3O)C(=O)O,PPARD,0.2761,活性,毒性,,P01375
T6704,Nc1nc(N)c2nc(-c3cccc(O)c3)cnc2n1,PPARG,0.2761,高活性,毒性,6850;10013;5294;5293;5291;5295;7468,P42338;P42336;O00329;O96028;P27986;P48736;P43405;Q9UBN7
T4S0999,COc1cc(O)c(CC=C(C)C)c2c1C(=O)C[C@@H](c1ccc(O)cc1)O2,PPARA,0.2759,活性,低毒性,,O60218;P15121
T27308,Cc1ccc(OCC(=O)N(Cc2cccs2)c2cc[nH]n2)cc1,PPARG,0.2759,活性,低毒性,,Q7Z2W7
T2488,Cc1cc(-c2nc(-c3ccc(OC(F)(F)F)cc3)no2)nn1Cc1ccnc(N2CCN(C3CC3)CC2)c1,PPARG,0.2759,活性,毒性,1559,QLI62812;ABI96208
T19883,CC(=O)N[C@@H](Cc1ccc(O)cc1)C(=O)N[C@H](C(=O)N[C@@H](C)C(=O)N[C@H](C=O)CC(=O)O)C(C)C,ACACA,0.2756,活性,低毒性,834;12362;3553,P29466;P01584;P29452
T2659,COc1ccc(COc2ccc(Cc3cnc(N)nc3N)cc2OC)cc1,AOC3,0.2756,活性,毒性,4916;6850;4914;4915;1436;12978;1489834;3458,P09581;P07333;NP_005202;AMB37292;NP_006171;NP_001012331;P04629;Q16288;AAA75374;4AT5_A;NP_000610;NP_001018076;NP_001230030;Q16620;P43405
T7904,CCN(CC)c1ccc(CCNC(=O)c2ccc(O)cc2)cc1,PPARG,0.2756,活性,低毒性,2103,O95718;P62508
T71990,Cc1nccnc1-c1ccc(CC(=O)N[C@H](C)c2ccc(OCC(F)(F)F)cn2)cc1,PPARG,0.2756,活性,低毒性,8911,Q9P0X4
T8991,Cc1ccccc1COc1ccc(C2C3=C(CC(C)(C)CC3=O)OC3=C2C(=O)CC(C)(C)C3)cc1,PPARA,0.2754,活性,低毒性,4988;4985;25601,P35372;NP_000902;P41143;NP_001033688
T7817,NS(=O)(=O)Nc1ncnc(OCCOc2ncc(Br)cn2)c1-c1ccc(Br)cc1,PPARG,0.2754,活性,毒性,6850;1909;1559;7468;1910,ABI96208;P25101;QLI62812;O96028;P24530;P43405
T61301,O=c1c(-c2ccc(C(F)(F)F)cc2)c(-n2cncn2)oc2ccccc12,PPARG,0.2754,活性,低毒性,,
T11383,Cc1cccc(NC(=O)Nc2ccc(-c3csc4ncnc(N)c34)cc2)c1,SCD,0.2754,高活性,低毒性,2264;4916;6850;3932;1455;3718;7010;9833;25;640;3791;1263;4140;57551;2260;57396;238;2242;8536;5601;3717;6093;3654;51776;3643;4751;4914;2324;5159;1456;6714;23683;4915;7297;10769;4233;1436;558;4145;9252;695;4067;818;1859;2534;2321;2011;5871;6197;6790;9748;2322;50488;53944;3984;1196;2872;2263;3815;817;6788;10733;2261;1969;9448;5979;9475;6198;147746;2444;2241;5156;1588;11183,Q9NYY3;P07333;P35916;P35968;O00444;Q02763;P10721;P21802;P09619;P17948;P36888;Q9H4B4;P11362;P22607;P11511;P22455;P16234
T79099,Cc1cc(Nc2cc(C)[nH]n2)nc(-c2ccc(N3CC4CC(C3)N4Cc3ccc(-n4cc(F)cn4)nc3)nc2)n1,THRSP,0.2754,活性,低毒性,,P07949
T67822L,O=c1nc[nH]c2c(CN3C[C@H](CO)[C@@H](O)C3)c[nH]c12,XPR1,0.2754,高活性,低毒性,493724;812947;4860,1N3I_B;Q8I3X4;P00491;Q8T9Z7;1N3I_A;P55859
T17293,O=C(O)c1ccc(NCc2cc(Cl)cc(Cl)c2O)cc1O,PPARG,0.2751,活性,低毒性,,
T15262,Cc1cccc(-c2nc(CNc3ccccc3F)[nH]c2-c2ccc3ncnn3c2)n1.Cl,AOC3,0.2749,活性,低毒性,,
T8346,COc1cc(C(=O)Nc2ccccc2-c2cn3c(CN4CCNCC4)csc3n2)cc(OC)c1OC,PPARG,0.2749,活性,低毒性,23411,Q96EB6
T28076,COc1cc(NC(=O)C(=O)c2c(C)n(Cc3ccc(Cl)cc3)c3ccc(C)cc23)ccn1,THRSP,0.2749,活性,低毒性,2166,NP_001432;O00519
T1955,O=C(Nc1ccc([N+](=O)[O-])cc1O)Nc1ccccc1Br,PPARG,0.2747,活性,毒性,3579;3577;10013,NP_001161770;BAC78637;BAC78638;P25025;P25024;Q9UBN7
T61189,O=c1[nH]nc2c3c(cccc13)Oc1ccc(CN3CCC(O)CC3)cc1-2,THRSP,0.2747,活性,低毒性,142,P09874
T4490,CNC(=O)c1ccc(-c2cc(Cl)cc(Cl)c2Cl)c(N)n1,THRSP,0.2747,活性,低毒性,6331;6336,Q9Y5Y9;Q14524
T60924,CN(C)C(C(=O)Nc1ccc2c(=O)[nH]ccc2c1)c1ccsc1,PPARG,0.2744,高活性,低毒性,6093;9475,NP_005397;NP_004841;Q13464;O75116
T3969,CCC(=O)N1CCOc2c(cc(-c3ccc(OC)c(OC)c3)cc2OC[C@H]2CCCN(C)C2)C1,PPARG,0.2744,活性,毒性,4837;2593;27232;6850;5409;1387;2033;1565;7468;3176,ANW61984;P43405;Q09472;Q92793;NP_004371;P50135;O96028;O60885;Q14749;P40261;P21964;P11086;Q14353;NP_001420
T5943,COc1ccc(C(=O)C(=O)c2ccc(OC)cc2)cc1,PPARG,0.2744,活性,低毒性,2161;8824;100009551;1066,P12337;O00748;P23141;P00748
T3210,Cc1[nH]nc(C(F)(F)F)c1Cc1sc2c(c1C(=O)N1C[C@](C)(O)CO1)c(=O)n(C)c(=O)n2C(C)C,THRSP,0.2744,活性,毒性,9194;6566;9123,P53985;O15427;O60669
T3580,O=C(NCCN1CCC(n2c(=O)[nH]c3ccccc32)CC1)c1cc2cc(F)ccc2[nH]1,AOC3,0.2742,活性,毒性,5337;6850;25096;1559;1565;5338,ANW61984;O14939;P70496;QLI62812;NP_001230037;Q13393;P43405;NP_001123553
T3619,CCOC(=O)N1CCC(NCCNC(=O)c2ccccc2C)CC1.Cl,FASN,0.2742,活性,低毒性,25229,NP_058887;NP_542951
T32824,COC(=O)c1cc2cc(S(C)(=O)=O)ccc2n1Cc1ccc(Cl)cc1,NR1H4,0.2742,活性,低毒性,5743,P35354
T8218,O=C(c1cnc(NCc2cnccn2)nc1)N1CCC2(CCOCC2)C1,PPARG,0.2742,活性,低毒性,22361;8876,Q9Z0K8;Q4KLZ0;O95497
T8510,COc1cc(C)[nH]c(=O)c1CNC(=O)c1c(C)n([C@H](C)C2CCN(CC(F)(F)F)CC2)c2ccccc12,PPARG,0.2742,活性,低毒性,2145;2146,Q15910;NP_004447;Q92800
T21457,CCNC(=O)OC1CCN(c2nncc3cc(OC)c(OC)cc23)CC1,RXRB,0.2742,活性,低毒性,1565;1559,QLI62812;ANW61984;ABI96208
T5382,C=CC(=O)N1C[C@H](Nc2ncnc3[nH]ccc23)CC[C@@H]1C,SCD,0.2742,活性,毒性,660;3718;7006;695;3702;7297;640;3716;7294,P42681;P51813;Q06187;O60674;NP_002218;Q08881;P42680;P23458;NP_000206;P29597;P52333;P51451
T1958,C[C@@H]1COCCN1c1cc(C2(S(C)(=O)=O)CC2)nc(-c2cccc3[nH]ccc23)n1,THRSP,0.2742,高活性,毒性,6850;1559;545;2475;6872;2879;1551;7468;3458,P36969;Q13535;Q8WXE1;ABI96208;P42345;QLI62812;O96028;NP_000610;P21675;P78527;NP_000756;P27986;Q13315;NP_001175;P43405
T1956,Nc1[nH]nc2nnc(-c3c(-c4ccccc4)nn4ccccc34)cc12,THRSP,0.2742,活性,毒性,,
T60029,Cc1c([C@@H](C)Nc2nnc(C)c3cnc(N4CCOCC4)cc23)cccc1C(F)(F)F,XPR1,0.2742,活性,毒性,1576,Q07889;P08684
T3041,CNS(=O)(=O)c1ccccc1Nc1nc(Nc2ccc(N3CCN(C)CC3)cc2OC)ncc1Cl,ACACA,0.2739,高活性,毒性,6850;1559;84706;7157;1551;7151;7468,NP_001119587;ABI96208;QLI62812;O96028;NP_000756;Q8TD30;P43405
T3201,COC(=O)c1ccc(N2CCN(C)CC2)c(NC(=O)c2cccc(OC)c2)c1,ACACA,0.2739,活性,低毒性,1565;11091,P61964;ANW61984
TQ0116,CNC(=O)O[C@H]1COc2ccc(N3CCN(C4COC4)CC3)cc2[C@@H]1NC(=O)c1ccc(F)cc1,AOC3,0.2739,活性,低毒性,13040;1520;1551,O70370;P25774;NP_000756
T6521,Cc1ncc(Cl)cc1NCc1ccc(C(=O)N[C@@H](CC2CCCC2)C(=O)NC2CC2)s1,GPAM,0.2739,活性,低毒性,1551;1565;1559;8493,ANW61984;O15297;ABI96208;QLI62812;NP_000756
T70470L,CNC(=O)c1ccc(Oc2ccc(S(=O)(=O)[C@@]3(C(=O)NO)CCC4(CCNCC4)C3)cc2)cc1,GPAM,0.2739,活性,低毒性,,P08254;P09238
T3806,COc1ccc(-c2oc3cc(O)cc(O)c3c(=O)c2O)cc1,PPARG,0.2739,活性,毒性,18671;1543;1545;5243;1544,Q16678;P04798;P21397;P05177;P08183;P21447
T39694,Cn1c(=O)n(CC(=O)N2CCC2)c2cc(-c3ccc(C(F)(F)F)s3)cnc21,PPARG,0.2739,活性,低毒性,,Q13224;Q05586
TN1258,CC(=O)O[C@@H]1CC[C@@]2(C)[C@@H](CC[C@]3(C)[C@@H]2CC=C2[C@@H]4[C@@H](C)[C@H](C)CC[C@]4(C)CC[C@]23C)[C@@]1(C)C(=O)O,THRSP,0.2739,活性,毒性,9536,O14684
T10545,C[C@@H](c1ccc2ccc(O[C@H]3CC[C@@H](C(F)(F)F)CC3)c(C(F)(F)F)c2c1)N1C2CCC1CC(C(=O)O)C2,THRSP,0.2739,活性,低毒性,5168;116744;1902,P61794;Q13822;Q92633
T14989,Cn1c(CNc2cccc(C(=O)NCc3ccccc3C(F)(F)F)c2)nnc1-c1ccncc1,AOC3,0.2737,高活性,低毒性,282682;2869;5581;281801;5583;23683;5590;5588;157;5578;5579;7468;5587;5582;5580;9475;6011;156;5584,P05129;P21146;P41743;Q15139;P35626;P05771;3PVU_A;P24723;Q05513;Q02156;P17252;NP_005151;Q05655;P25098;P34947;O96028;Q15835;P43249;O94806;O75116;NP_001610;Q04759
T11131,CN(C)c1ccc(C(=O)N2CCc3cc(C(=O)NCC(O)CN4CCc5ccccc5C4)ccc3C2)cc1,AOC3,0.2737,高活性,毒性,79084;10419,O14744;Q9BQA1
T6756,C[C@H]1CC[C@H](n2c3cnccc3c3cnc(Nc4ccc5c(n4)CCN(C(=O)CO)C5)nc32)CC1,GPAM,0.2737,活性,毒性,983;595;6850;1019;891;7151;7157;1021;2322;7468,P11802;P24941;NP_001119587;ABI96208;P14635;O96028;Q00534;P36888;P06493;P24385;P43405
T8455,CC(C)C[C@H](N)C(=O)N[C@H](C(=O)N[C@H](C(=O)N[C@@H](Cc1ccc(O)cc1)C(=O)N1CCC[C@H]1C(=O)N[C@@H](Cc1c[nH]c2ccccc12)C(=O)N[C@H](C(=O)O)[C@@H](C)O)C(C)C)C(C)C,PPARD,0.2737,活性,低毒性,14293;5024;2357,NP_038549;NP_002550;NP_001180235;P56373
T8426,COc1cc2c(cc1OC)CN(CCc1ccc(-n3nnc(-c4cc(OC)c(OC)cc4NC(=O)c4cc(=O)c5ccccc5o4)n3)cc1)CC2,ACACA,0.2734,活性,毒性,5243,P08183
T62957,COc1cc(OC)cc(-c2noc(N3CCN(C)C4(CCN(c5ccnc(C)c5)CC4)C3)n2)c1,ACACA,0.2734,活性,低毒性,56979,Q9NQV7
T5396,COc1cccc(N2CCN(C3=Nc4c(F)cccc4[C@H](CC(=O)O)N3c3cc(C(F)(F)F)ccc3OC)CC2)c1,NR1H3,0.2734,活性,毒性,6850;886;148;1551;3350;3356,P08908;P32238;P35348;NP_000756;P28223;P43405
T60604,COC(=O)c1cc2c(OC(C)C)cc(OC(C)C)cc2[nH]1,PPARG,0.2734,活性,低毒性,,O75385
T36524,NC(=O)Nc1sc(-c2ccccc2)cc1C(N)=O,PPARG,0.2734,高活性,毒性,10298;4751;4217;3718;3551;9748;56924;8576,NP_002488;NP_005875;O60674;O14920;NP_001008910;NP_005914;NP_055535;NP_064553;P52333
T39705,Cc1ccc(Sc2nn([C@H]3C[C@H](O)[C@H](COS(N)(=O)=O)O3)c3ncnc(N)c23)c(F)c1,AOC3,0.2732,活性,低毒性,10533,O95352
T11484,Cn1cc(-c2cnc(N)c3c(-c4ccc5c(c4)CCN5C(=O)Cc4ccccc4)csc23)cn1,AOC3,0.2732,高活性,低毒性,27102;5610;9451,Q9BQI3;P19525;Q9NZJ5
T5335,CC(C)[C@@H]1CC[C@@H](C)C[C@H]1OC(=O)Cn1c(-c2cccc(C(F)(F)F)c2)[n+](C)c2ccccc21.[I-],PPARG,0.2732,活性,毒性,,
T13809,O=[N+]([O-])c1cccc(-c2cn(-c3cccc(I)c3)nn2)c1,PPARG,0.2732,活性,低毒性,18024,Q16236;Q14145;Q60795
T6651,CS(=O)(=O)O.C[C@H](NCc1ccc(OCc2cccc(F)c2)cc1)C(N)=O,RXRG,0.2732,活性,毒性,24766;29336;81574;497770,Q9R0C9;P04775;P04774;P08104
T72958,NC(=O)c1c(NC(=O)c2cc(-c3ccc(F)cc3)on2)sc2c1CCCC2,PPARG,0.2729,活性,低毒性,7421;4137,1RA7_A;NP_001017535;AAI14949;CAQ07474
T7347,Cc1cccc(-c2ccnc3c(C(N)=O)cnn23)c1,PPARG,0.2729,活性,低毒性,51311,NP_619542;Q9NR97
T13174,C[n+]1ccc(-c2c3nc(c(-c4cc[n+](C)cc4)c4ccc([nH]4)c(-c4cc[n+](C)cc4)c4nc(c(-c5cc[n+](C)cc5)c5ccc2[nH]5)C=C4)C=C3)cc1.Cc1ccc(S(=O)(=O)[O-])cc1.Cc1ccc(S(=O)(=O)[O-])cc1.Cc1ccc(S(=O)(=O)[O-])cc1.Cc1ccc(S(=O)(=O)[O-])cc1,PPARG,0.2729,活性,毒性,7015,O14746
T67705,CNC(=O)Nc1ccc(-c2nc(N3CC4CCC(C3)O4)c3sccc3n2)cc1,RXRB,0.2729,活性,毒性,2475,P42336;P42345
T8432,COc1ccc(CN2CCC(c3ccc4nc(C(=O)N5CCN(Cc6ccc(C(F)(F)F)cc6)CC5)[nH]c4c3)CC2)cn1.Cc1ccc(S(=O)(=O)O)cc1.Cc1ccc(S(=O)(=O)O)cc1,RXRG,0.2729,高活性,毒性,51422;5565;5564;5562;53632;5571;5563,Q9Y478;Q9UGI9;Q9UGJ0;P54646;Q13131;O43741;P54619
T15018,CN[C@@H](C)C(=O)N[C@H](C(=O)N1CCC[C@H]1C(=O)Nc1sc(-c2ncco2)nc1-c1ccccc1)C1CCCCC1,THRSP,0.2729,活性,毒性,6850,A0A024AXB9;P43405
T11147,CC[C@H](C)C(=O)N1CCC(NC(=O)Nc2ccc(OC(F)(F)F)c(F)c2)CC1,AOC3,0.2727,活性,低毒性,2052;2053,P07099;P34914;P34913
T14852,O=C1c2ccccc2C(=O)c2oc(-c3ccc(F)cc3)nc21,GPAM,0.2727,活性,低毒性,7347;7398,O94966;O94782;P15374
T24213,O=C(Cc1ccccc1[N+](=O)[O-])Nc1ccc(-c2ccc(C(O)(C(F)(F)F)C(F)(F)F)cc2F)cc1,PPARG,0.2727,活性,低毒性,6097,P51449;P35398
T10946,C[C@]12CCC(=O)C=C1CC[C@@H]1[C@@H]2CC[C@]2(C)C(c3cccnc3)=CC[C@@H]12,GPAM,0.2725,活性,低毒性,64677;1586;1589;24950,P08686;P05093;P24008;P31214
T20734,CCCCC(=O)O[C@]1(C(=O)COC(C)=O)CC[C@H]2[C@@H]3CCC4=CC(=O)C=C[C@]4(C)[C@H]3[C@@H](O)C[C@@]21C,GPAM,0.2725,活性,毒性,,
T72020,CN(C)C(=O)n1nnc(Cc2ccc(-c3ccccc3)cc2)n1,PPARG,0.2725,高活性,低毒性,100911581;7442;747,Q9Y4D2;P97612;Q8NER1;Q99685
T8440,c1ccc(Nc2c(-c3ccccn3)nc3ccccn23)cc1,ACACA,0.2722,活性,毒性,,
T3422,CC(C)(C)C1CCC(N(Cc2ccc(C(=O)NCCC(=O)O)cc2)C(=O)Nc2ccc(OC(F)(F)F)cc2)CC1,AOC3,0.2722,高活性,低毒性,107;2696;115;196883;2642;108;2740;109;114;112;113;25024;24953;111,O60503;P51828;Q08828;P43220;O95622;O43306;P40145;Q08462;P43219;P48546;Q8NFM4;P47871;O60266;P30082
T16866,COC(=O)c1cc(CCc2cc(OC)ccc2OC)ccc1O,PPARA,0.2722,活性,低毒性,100135051,P02550;P02554
TQ0108,CC(C)(Cc1nc(-c2ccc(O)cn2)no1)C(=O)NC1=C(C(=O)O)CCCC1,PPARG,0.2722,活性,低毒性,338442;1551,NP_808219;Q8TDS4;Q80Z39;NP_000756;Q9EP66
T3711,Cc1ncc(NC(=O)c2cccc(C(F)(F)F)c2)cc1-c1cnc(OC2CCOCC2)c(N2CCOCC2)c1,PPARG,0.2722,高活性,毒性,673;7468;6850,O96028;P43405;P04049;P15056
T16763,O=[N+]([O-])c1cc(Cl)ccc1S(=O)(=O)N1CCN(Cc2ccccc2)CC1,PPARG,0.2722,活性,低毒性,63873;1565;59341;66026,ANW61984;NP_071300;ABI96208;NP_076460;NP_001170904;Q9EPK8
T5384,Cc1ccc2c(c1)C1(CCN(CCc3nc(-c4ccccc4)oc3C)CC1)OC(=O)N2,AOC3,0.272,活性,毒性,729230,P41597
T5S0993,C=C(C)[C@H](CC=C(C)C)Cc1c(O)cc(OC)c2c1O[C@H](c1ccc(O)cc1O)CC2=O,PPARG,0.272,活性,低毒性,,P06276
T13363,Cc1noc2ccc(-c3nc4ccc(N5CCOC[C@@H]5C)cc4n3CC3CCCCC3)cc12,THRSP,0.272,活性,毒性,,O60885
T64028,COc1cc(N2CCC3(CCN(C)CC3)CC2)ccc1Nc1ncc(Cl)c(Nc2ccccc2P(C)(C)=O)n1,ACACA,0.2717,活性,毒性,238,P00533;Q9UM73
T16793,CS(=O)(=O)c1ccc([C@@H](CC2CCCC2)C(=O)Nc2nccs2)cc1,AOC3,0.2717,活性,毒性,2645;6850;24385,Q14397;P17712;P35557;P43405
T12502,CC(=O)Nc1ccc(C)c(C(=O)N[C@H](C)c2cccc3ccccc23)c1,AOC3,0.2717,活性,低毒性,,P0DTD1;P0C6U8;P0C6X7
T12115,O=C(c1nn(-c2ccc(CN3CCOCC3)cc2)c2c1CS(=O)(=O)c1c(F)cccc1-2)N1CCOCC1,PPARG,0.2717,活性,低毒性,5293;5291;5294,O00329;P48736;P42338;P42336
T7382,CC1(C)CC(NC(=O)C(=O)Nc2ccc(Br)cc2)CC(C)(C)N1,THRSP,0.2717,活性,毒性,7157;7151;7468;6850,O96028;NP_001119587;P43405
T7503,CC[C@@H]1CN(C(=O)NCC(F)(F)F)C[C@@H]1c1cnc2cnc3[nH]ccc3n12,XPR1,0.2717,高活性,低毒性,3932;22848;2580;3718;2869;5562;3791;4058;2260;238;6093;7297;3456;10188;5588;9212;6197;6790;5979;9475;3106;57118;3716;8576,P01574;Q13464;Q13131;Q9UM73;Q9R117;O60674;Q62137;P01889;Q07912;P23458;Q62120;P06239;P51812;O14976;NP_002218;P34947;O14965;Q96GD4;P52333;Q8IU85;P35968;Q2M2I8;P29376;P07949;O75116;O75716;P52332;P11362;Q04759;P29597
T1636L,Cl.Cl.Fc1ccc([C@@H]2CCNC[C@H]2COc2ccc3c(c2)OCO3)cc1.Fc1ccc([C@@H]2CCNC[C@H]2COc2ccc3c(c2)OCO3)cc1.O,THRB,0.2715,活性,毒性,282682;25553;24898;1565;156;1544,P10635;P25098;P21146;Q63380;P31652;P05177;P23977
T16476,CCNC(=O)[C@H]1C[C@@](F)(c2ccc(CN3CCCC3)c(F)c2)C1,ACACA,0.2712,活性,低毒性,85268;11255;99296,NP_009163;NP_598610;Q9Y5N1;Q9QYN8
T8374,O=C(O)[C@H](Cc1ccc(-c2ccccc2)cc1)Oc1ccc(-c2ccccc2)cc1,FASN,0.2712,活性,低毒性,5468,P37231;Q07869
T69663,O=C(CO)N1CCc2[nH]c3c(Cl)c(Cl)cc(-c4cn[nH]c4)c3c2C1,THRSP,0.2712,高活性,毒性,214763;115004,Q8C6L5;Q8N884
T12911,COc1ccc(-c2nc(C)c(Cl)c(OCCCN3CCCCC3)n2)cc1,THRSP,0.2712,活性,低毒性,100135589,Q60492
T6222,COc1ccccc1S(=O)(=O)Nc1ccc2c(c1)CN(C)C(=O)N2,THRSP,0.2712,活性,毒性,23476;7468;1551,4E96_A;O96028;O60885;NP_000756;NP_490597
T5472,Nc1cc(C(F)F)c(-c2nc(N3[C@@H]4CC[C@H]3COC4)nc(N3[C@@H]4CC[C@H]3COC4)n2)cn1,AOC3,0.271,活性,低毒性,,
T9611,COc1ccc(-c2ocnc2C(=O)NCCCn2cncn2)cc1Cl,AOC3,0.271,高活性,低毒性,2932;2931,P49841;P10636;P49840
T68410,CC(CC(=O)OC(C)(C)C)NC(=O)C1=NOC(C(O)(C(F)(F)F)C(F)(F)F)C1,PPARG,0.271,活性,低毒性,23417,O95822
T60054,O=C1Nc2ccc(S(=O)(=O)Nc3ccc(O)c(Cl)c3)c3cccc1c23,PPARD,0.2708,活性,低毒性,,
T7637,CC(C)[C@H](NC(=O)[C@H](CC(=O)O)NC(=O)[C@H](Cc1ccccc1)NC(=O)[C@@H](C)NC(=O)[C@@H](N)Cc1ccc(O)cc1)C(=O)N[C@H](C(=O)NCC(N)=O)C(C)C,PPARD,0.2708,高活性,低毒性,18386;4985;100379267;24613;18390;4988;4986;25601,P33535;P33533;P42866;P35372;P41143;P41145;P97266;P32300
T7350,COc1ccc(NC(=O)Nc2ccc(F)cc2F)cc1-c1c(Br)cnn1C,PPARA,0.2705,高活性,低毒性,3358;29595,P28223;P28335;P14842
T2620,CN1CCC(Nc2nc(Nc3ccc(Oc4ccccc4)cc3)c3c(=O)[nH]cc(Br)c3n2)CC1,THRSP,0.2705,高活性,毒性,1559;9807;10461;7151;7157;1551;2322;1565;7468,ANW61984;NP_004110;Q92551;NP_006334;O60674;NP_001119587;P10721;QLI62812;O96028;P36888;NP_000756;P30530
T30293,C[C@@H]1CN(c2nc(-n3ccc(OCCC4(C(F)(F)F)CC4)n3)ccc2C(=O)NS(=O)(=O)c2ccccc2)C(C)(C)C1,XPR1,0.2705,活性,低毒性,1080,P13569
T36488,COc1c(OCCCCN2CCN(C)CC2)cc(O)c2c(=O)cc(-c3ccccc3)oc12,PPARG,0.2703,活性,毒性,,
T4438,Cc1cc(-c2ncc(CNC(=O)c3ccc4c(c3)[nH]c3ccccc34)cc2F)ccn1,AOC3,0.27,活性,低毒性,53627,P56726;Q9JJJ7
T4016,Cc1noc(-c2ccc(-c3ccc(C4(C(=O)O)CC4)cc3)cc2)c1NC(=O)O[C@H](C)c1ccccc1,THRSP,0.27,高活性,毒性,14745;28234;6850;8647;1902;1558;1559;10257;5244;10599;2879;43740568;7468,P10632;Q92633;P36969;NP_476500;P11712;P21439;Q9Y6L6;Q9NPD5;O96028;O95342;O15439;P61793;P43405
T36680,C=CC(=O)Nc1ccccc1Nc1nc(Nc2ccc(N3CCN(C)CC3)cc2)ncc1Cl,THRSP,0.27,活性,低毒性,5604;6714;6885;5594;2260,P07947;Q02750;NP_003179;P12931;O43318;P11362;P28482
T7836,c1ccc(-c2ccc(CNc3nc(-c4ccccn4)nnc3-c3ccccc3)cc2)cc1,AOC3,0.2698,高活性,毒性,405;2521;6850;3091;10460;50487;1565;7468;5621;7026,NP_000302;ANW61984;P35637;Q16665;O96028;EAW59941;NP_066285;AAC03365;P43405;NP_006333
TN2346,C[C@H](CC[C@@H](O)C(C)(C)O)[C@H]1CC[C@@]2(C)[C@@H]3CC=C4[C@@H](CC[C@H](O)C4(C)C)[C@]3(C)[C@H](O)C[C@]12C,PPARG,0.2698,活性,低毒性,5564;5571;5563,Q9Y478;P54619;P54646
TN2356,COc1cc(-c2c3c(c(O)c4cc5c(cc24)OCO5)COC3=O)cc(OC)c1OC,AOC3,0.2695,活性,毒性,,
T15826,Nc1nc(=O)c2c([nH]1)NC[C@H](CCc1ccc(C(=O)N[C@@H](CCC(=O)O)C(=O)O)cc1)C2,AOC3,0.2695,高活性,毒性,6850;14450;946973;7468;2618,Q64737;P08179;P22102;O96028;P43405
T6635,CCc1c(C(=O)NNC(=O)C(O)c2cc(F)cc(F)c2)ccc(O)c1C,PPARG,0.2695,活性,低毒性,,O00141;NP_001137150
T6510,CCNC(=O)Nc1ccc(-c2nc3c(c(N4CCOC[C@@H]4C)n2)CCN(C2COC2)C3)cc1,RXRG,0.2695,高活性,毒性,43740568;7468;2475;6850,O96028;P43405;P42336;P42345
T27300,Cc1cc(-c2ccccc2)c(C(=O)C(=O)Nc2ccc(N3CCN(c4ncc(F)cn4)CC3)cc2)n1C,NR1H3,0.2693,活性,低毒性,,
T22043,O=C(NNS(=O)(=O)c1ccccc1C(F)(F)F)c1cc2cc(Cl)ccc2o1,PPARG,0.2693,活性,低毒性,586,P54687
T3978,CCCC[C@]1(CC)CS(=O)(=O)c2cc(CNC(CC(=O)O)CC(=O)O)c(OC)cc2[C@@H](c2ccccc2)N1,NR1H4,0.269,活性,低毒性,29500;20494;6555,Q62633;Q12908;P70172
T10085,CC(C)CCC[C@](C)(O)[C@H]1CC[C@H]2[C@@H]3CC=C4C[C@@H](O)CC[C@]4(C)[C@H]3CC[C@@]21C,PPARG,0.269,活性,低毒性,6097;10062;5007;23762,P22059;Q13133;P51449;Q969R2
TMA0507,C[C@H]1CC[C@]2(NC1)O[C@H]1C[C@H]3[C@@H]4CC[C@H]5C[C@@H](O)CC[C@]5(C)[C@H]4CC[C@]3(C)[C@H]1[C@@H]2C,PPARG,0.269,活性,低毒性,5243,NP_000918
T16117,Cl.NS(=O)(=O)OC[C@@H]1C[C@@H](n2ccc3c(N[C@H]4CCc5ccccc54)ncnc32)C[C@@H]1O,THRSP,0.269,活性,毒性,,
T7949,CC(C1CC1)n1cnc2c(NCc3cccc(C(F)(F)F)c3)nc(NCCN(C)C)nc21,AOC3,0.2688,活性,低毒性,1453;1452,P51946;P50613;P51948;P48730;P48729
T3931,CC(C)=CCc1c(O)ccc2c1O[C@H](c1ccc(O)cc1)CC2=O,PPARA,0.2688,活性,低毒性,,Q96S37;Q9NRM0
T14987,O=C1CCC2(Cc3ccc(Cl)cc3)Cc3cc(O)ccc3C2=C1c1ccc(OCCN2CCCCC2)cc1,PPARD,0.2688,活性,低毒性,2100,P03372;Q92731
T9175,Cn1ncc(-c2nc(N[C@H]3CC[C@H](N)CC3)ncc2Cl)c1CC1CC1,AOC3,0.2686,高活性,低毒性,1453;102800317;1452;1454,P51946;P50750;P50613;O60563;P48730;P48729;P49674
T28466,O=C(O)CCc1ccc(O)c(CN(CCN(CC(=O)O)Cc2cc(CCC(=O)NCCCCCC(=O)NCCCC[C@H](NC(=O)N[C@@H](CCC(=O)O)C(=O)O)C(=O)O)ccc2O)CC(=O)O)c1,AOC3,0.2686,活性,低毒性,,Q04609
T10163,COc1ccc(-c2cc(=O)c3c(O)cc(O)cc3o2)cc1OC,PPARG,0.2686,活性,低毒性,1545,Q16678
T61531,O=C(Nc1ccc(I)cc1F)c1cc(F)ccc1O,PPARG,0.2686,活性,毒性,,
T15194,CCc1c(N(CC)C2CCOCC2)cc2oc(C3CCN(C(C)C)CC3)cc2c1C(=O)NCc1c(C)cc(C)[nH]c1=O,PPARG,0.2686,高活性,毒性,23512;121536;2145;8726;5928;2146,NP_004447;Q09028;O75530;Q15022;Q15910;Q92800;Q6ZN18
T15008,CCC(CC)Oc1cc(C)nc(Oc2c(C)cc(C)cc2C)c1C,SCD,0.2686,高活性,低毒性,58959;1394;104909134,P35353;P34998
T12573,O=C(O)CC[C@H](NC(=O)N[C@@H](CCCCNC(=O)[C@H](Cc1ccc2ccccc2c1)NC(=O)[C@H]1CC[C@H](CNC(=O)CN2CCN(CC(=O)O)CCN(CC(=O)O)CCN(CC(=O)O)CC2)CC1)C(=O)O)C(=O)O,THRSP,0.2686,活性,低毒性,,Q04609
T22070,O=C(O)c1ccccc1S(=O)(=O)NCCCCN1C(=O)c2cccc3cccc(c23)C1=O,THRSP,0.2686,活性,低毒性,9170,Q9HBW0
T70433,CCCCN(CC)c1nc(C)nc2c1c(C)c(C)n2-c1c(C)cc(C)cc1C,AOC3,0.2683,活性,低毒性,64680;104909134;19885;58959;1394,P35353;NP_001243228;P47866;NP_035411;P34998
T9180,O=C(Nc1cc(Nc2ccc(Cl)c(Cl)c2)nc2ccccc12)C1CCCCC1,AOC3,0.2683,活性,低毒性,57413,NP_001075445
T60152,COc1cc(F)ccc1-c1ccnc(NC(=O)[C@H]2CCC[C@@H](NC(C)=O)C2)c1,PPARG,0.2683,高活性,低毒性,983;1020;1017;1025;2931;891;2932;8900;8851;1018,P78396;P50750;O60563;Q15078;P24941;P14635;P49840;Q00526;P49841;P24864;P06493;Q00535
T9702,CN1C(=O)[C@@H](NC(=O)c2nc(Cc3ccccc3)n[nH]2)COc2cccnc21,PPARG,0.2683,活性,毒性,,Q13546
T21302,CCCCNc1ncc2c(-c3ccc(F)cc3)nn(C[C@H]3CC[C@H](N)CC3)c2n1,RXRA,0.2683,高活性,毒性,558;6850;10461;7301;43740568;7468,O96028;P30530;Q06418;Q12866;P43405
T16102,NS(=O)(=O)OC[C@H]1C[C@@H](Nc2ncncc2C(=O)c2ccn(Cc3cccc(Br)c3)n2)C[C@@H]1O,RXRG,0.2683,活性,毒性,10054;759;9039;760;10055;8883,P00915;Q8TBC4;Q9UBT2;P00918;Q13564;Q9UBE0
T8979,Fc1ccc(-c2csc3ncnc(NCc4ccc5c(c4)OCO5)c23)cc1,THRSP,0.2683,高活性,毒性,43740568;7468;6850;18024,O96028;P43405;Q60795
T73051,O=C(NC1CCCC1)C(=O)[C@H](C[C@@H]1CCNC1=O)NC(=O)[C@@H]1[C@H]2CCC[C@H]2CN1C(=O)[C@@H](NC(=O)C(F)(F)F)C1CCCCC1,ACACA,0.2681,活性,低毒性,,P0DTD1
T13004,CN(c1ccc(C(F)(F)F)cc1)S(=O)(=O)c1ccc(C(=O)Nc2nc(-c3ccccn3)cs2)cc1,AOC3,0.2681,活性,毒性,,
T14390,COc1cccc(OC)c1-n1c(NS(=O)(=O)[C@@H](C)[C@H](C)c2ncc(C)cn2)nnc1-c1cncc(C)c1,AOC3,0.2681,活性,低毒性,187,P35414
T13389,COc1ccc(C(=O)N[C@H](C(=O)N2CCC[C@H]2C(=O)N[C@H](C(=O)C(F)(F)F)C(C)C)C(C)C)cc1,AOC3,0.2678,活性,低毒性,1991;1511;397197,P08419;P08246;P08311
TN4263,CC(C)=CCc1cc(-c2coc3cc(O)c(CC=C(C)C)c(O)c3c2=O)cc(O)c1O,PPARG,0.2678,活性,毒性,5770,P18031
T3587,CCOC(=O)c1cc2ccccc2n1S(=O)(=O)c1ccc(C)cc1,AOC3,0.2676,高活性,低毒性,64127;10392,Q9Y239;Q9HC29
T4066,O=S(=O)(NC1CCCCC1)c1ccc2c(c1)C(=NO)c1cc(S(=O)(=O)NC3CCCCC3)ccc1-2,AOC3,0.2676,活性,低毒性,,
T13244,O=S(=O)(Nc1ccc(-c2cccnc2)c2cccnc12)c1cccc(C(F)(F)F)c1,NR1H3,0.2676,高活性,毒性,3456;7468;6850,Q13309;P01574;P61024;O96028;P43405
T13318,C[C@@H]1CN(c2cccnc2F)C(=O)c2cc(COc3ccc(Cl)cn3)nn21,THRSP,0.2676,活性,低毒性,24416,P31422
TNU0158,C[C@@]1(O)[C@H](O)[C@@H](CO)O[C@H]1n1cnc2c(=O)nc(N)[nH]c21,THRSP,0.2676,活性,毒性,,O39930
T16987,O=C(CNC(=O)c1ccc(-c2ccccc2)cc1)NC1CCCc2ccccc21,PPARG,0.2673,活性,低毒性,51347;57551,Q9H2K8;Q7L7X3
TN1215,C=C(C)[C@H](CC=C(C)C)Cc1c(O)cc(OC)c2c1O[C@H](c1ccc(O)cc1OC)CC2=O,PPARG,0.2673,活性,低毒性,23621,P56817
T9189,CCO[C@H]1CCN(Cc2c(OC)cc(C)c3[nH]ccc23)[C@H](c2ccc(C(=O)O)cc2)C1.Cl,AOC3,0.2671,活性,低毒性,,
T5786,O=C(CCCCc1ccc2c(c1)OCO2)N1CCCCC1,PPARG,0.2671,活性,低毒性,7442;25750,P19643;Q8NER1
T72053,Cc1cccc(CC(=O)N2CCc3cc(-c4cn(C)c5ncnc(N)c45)ccc32)n1,THRSP,0.2671,活性,低毒性,9451,Q9NZJ5;Q13546
T6365,O=C(Nc1ccccc1)Nc1ccc(-c2ccc(C(=O)[C@@H]3CCC[C@H]3C(=O)O)cc2)cc1,THRSP,0.2671,活性,低毒性,13350;8694;2879,P36969;O75907;Q9Z2A7
T1875,CN(C)C(=O)Nc1cccc(-c2ccc(N(C)C)cc2)c1,AOC3,0.2668,活性,低毒性,9970;10013;1559;1565;1551;57104;66853,ANW61984;Q96AD5;QLI62812;Q8BJ56;NP_000756;ADZ17385;Q9UBN7
T67736,Cc1ccc(C(=O)Nc2cccc(C(F)(F)F)c2)cc1Nc1cncc(C(N)=O)c1,AOC3,0.2668,活性,低毒性,2048;780;6714;4921,P29323;Q16832;P12931;Q08345
T6898,CCCN(CCC)C(=O)C1=Cc2ccc(-c3ccc(C(=O)N4CCCC4)cc3)cc2N=C(N)C1,GPAM,0.2668,活性,毒性,51311;7468;6850,NP_619542;Q9NR97;P43405;O96028
T23867,Cc1n[nH]cc1-c1cc2[nH]c(CN3CCCC3)nc(=O)c2s1,PPARG,0.2668,高活性,毒性,8317;10926;6093,O00311;Q9UBU7;Q13464
T16413,CN(C)CCNC(=O)COc1c2cccc1Cc1cccc(c1OCC(=O)NCCN(C)C)Cc1cccc(c1OCC(=O)NCCN(C)C)Cc1cccc(c1OCC(=O)NCCN(C)C)C2,XPR1,0.2668,活性,低毒性,3956,P09382
T11966,O=C(NC1CCN(Cc2ccc3c(c2)OCO3)CC1)c1cc(=O)c2cc(F)ccc2o1,GPAM,0.2666,高活性,低毒性,3757;84539;2847,Q969V1;Q99705;Q12809
T9194,COc1ccc(CCc2nc3cc(-c4c(C)noc4C)ccn3c2NC2CCCCC2)cc1Cl,PPARG,0.2666,高活性,毒性,2033;1387,Q92793;O60885;Q09472
T60339,CCn1c(-c2ccncc2)cc2c1CCNC2=O,PPARG,0.2666,高活性,低毒性,5585;5586;8317;10926,O00311;Q9UBU7;Q16513;Q16512
T64021,Cc1cc(N)nc(-c2c(Cl)cc3c(N4CCNC[C@@H]4C)nc(OC[C@@H]4CCCN4C)nc3c2F)c1C(F)(F)F,THRSP,0.2666,活性,低毒性,,P01116
T6S0095,COc1cc(O)c2c(=O)cc(-c3ccc(O)cc3)oc2c1,PPARG,0.2664,活性,毒性,2322;2872,P36888;Q9HBH9
T15253,COc1cc(N2CCN(C(=O)Cn3nc(-c4ncc[nH]4)c4cccnc43)CC2)ccc1Cl,RXRB,0.2664,活性,低毒性,1230,P32246
T17224,Cc1cnc(Cl)nc1-c1ccc(N(Cc2ccc(CNC(=O)C(F)F)cc2)C(=O)c2ccc(O)cc2O)cc1,GPAM,0.2661,高活性,低毒性,5165;5163;5166;5164,Q15120;Q15119;NP_001135858;NP_002602;Q16654;Q15118;NP_002603
T4547,C=C[C@@H]1C[C@]1(NC(=O)[C@@H]1C[C@@H]2CN1C(=O)[C@H](C(C)(C)C)NC(=O)O[C@@H]1C[C@H]1CCCCCc1nc3ccc(OC)cc3nc1O2)C(=O)NS(=O)(=O)C1CC1,GPAM,0.2661,活性,低毒性,2879,Q0ZMF1;K7XJL6;P36969;A3EZI9;A3EZJ3;D2K2A8
TQ0274,C[C@@H](CO)CCC[C@@H](C)[C@H]1CC[C@H]2[C@@H]3CC=C4C[C@@H](O)CC[C@]4(C)[C@H]3CC[C@]12C,NR1H3,0.2661,活性,低毒性,5007;10062;7376;1880,P22059;NP_001238864;P55055;NP_004942;Q13133
TP1905,CC(C)C[C@@H](NC(=O)[C@H](Cc1ccccc1)NC(=O)CNC(=O)[C@@H](C)NC(=O)[C@@H](N)Cc1ccc(O)cc1)C(=O)O,PPARG,0.2661,高活性,低毒性,29335;100135587;18386;4985;24613;100379267;18390;18387;4988;25601,P33533;P33535;P42866;P33534;P35372;P41143;NP_038650;P34975;NP_000902;P41144;P32300;NP_001138755;P97266
T63790,C[C@H]1CCCN(Cc2cc3c(c(C(F)(F)F)c2)CN(c2cccc([C@]4(c5nncn5C)C[C@@H](C)C4)c2)C3=O)C1,RXRG,0.2661,活性,低毒性,868,Q13191
T19935,CCc1c(C(=O)Nc2cc(S(=O)(=O)N(CC)CC)ccc2O)[nH]c(C)c1C(C)=O,SCD,0.2661,活性,低毒性,23476;8019;676;6046,P25440;Q58F21;NP_031397;Q15059;O60885;NP_001106653;NP_490597
T77353,COc1ccc(NS(=O)(=O)c2ccc(N3CCN(Cc4cccc([N+](=O)[O-])c4)CC3)c([N+](=O)[O-])c2)cn1,RXRG,0.2659,活性,低毒性,,
T7321,CN1CCC(c2cc(-c3ccncc3)c(-c3ccc(F)cc3)[nH]2)CC1,THRSP,0.2659,活性,毒性,,Q8MMZ8;W7JX98
T4053,CCN1CCN(Cc2ccc(NC(=O)Nc3ccc(Oc4cc(NC)ncn4)cc3)cc2C(F)(F)F)CC1,THRSP,0.2659,高活性,毒性,2264;2044;613;3932;9833;25;2045;26524;5063;1565;2260;225689;5567;27330;2041;6793;27232;5610;3717;3643;140901;5607;2047;91754;2593;9212;9252;4067;3645;285220;1022;2321;2043;65061;2322;7468;5894;2872;3815;1017;22858;7786;3106;6198;11113;4117;1445;6416;100533105;2185;11183;4921;25989;2081;6850;8569;2580;1432;3718;7010;1956;5127;4486;10461;5562;728642;5409;57551;4058;51086;1613;6093;5602;3654;673;5159;1456;23683;54101;7297;10494;120892;5613;1195;1436;1018;5588;780;142;5566;93;4296;5603;80122;23097;8788;812762;50488;5606;3984;1196;6792;28996;2263;53904;4214;9475;5600;2444;2241;5156;7016;8999;10746;150094;4750;4916;6795;5128;25865;1025;8491;1455;23678;27;640;8767;6789;51701;11200;2268;57396;204851;3176;2242;660;6300;51776;2324;27347;6196;4915;6885;1453;3456;1454;4233;341676;558;4145;10783;9175;6787;6790;5587;4593;1019;3055;5979;85366;984;57118;147746;8986;7075;5599;25778;2042;4837;100526835;8737;2048;51347;3551;8408;10114;3791;65975;84254;51265;1263;8445;23043;1198;8814;238;814;3985;8536;10645;5601;102800317;1147;4914;6098;6725;6714;255239;55781;3702;2931;7048;1020;140469;7272;8711;8428;5609;2534;5871;9344;7301;9748;23012;53944;27148;9064;9706;9113;6788;5129;1969;2261;9448;7525;2046;1024;5218,Q9H2X6;NP_005347;NP_004432;Q9H4B4;NP_057541;Q9H1R3;P42684;Q9UEW8;Q16566;P49840;P80370;P33981;P53671;Q92630;NP_005537;P24941;NP_115670;P06241;P43405;Q15759;NP_002101;Q9HC98;P29320;P51957;P23458;NP_005149;Q9UK32;Q14353;Q15569;NP_620693;O75385;NP_005239;NP_055606;NP_003647;Q9Y6E0;Q86Z02;NP_112168;AAB60430;NP_620707;P16234;Q5S007;P42679;P22694;Q13131;Q00536;NP_005408;P09874;Q14749;NP_001945;P06239;O43318;P16591;Q9HCP0;O75914;O15111;NP_003609;O75676;NP_002010;P21709;O75116;Q9UPZ9;Q04759;O15146;NP_694592;P41240;NP_075252;O75582;P08631;P04049;O95382;NP_005148;NP_006197;Q9UQB9;AAA75374;AAH35782;Q6XUX3;CAA49505;NP_006272;AAC77369;P52333;CAA47004;NP_075259;P29317;Q8TD19;O43353;NP_065681;NP_055030;Q96BR1;P21964;NP_620482;NP_001789;P00533;NP_001996;P35590;O95819;NP_277023;P46734;P51817;P08922;O14976;P07332;P23443;P04629;Q00535;NP_006566;Q9H422;Q13188;P49336;Q92918;P49674;Q14012;P10721;NP_001006945;NP_006171;Q8NEV4;P53667;Q9NRP7;CAA52777;NP_003168;NP_065387;BAA35073;Q92772;NP_002244;Q8N5S9;Q96RR4;Q9NRM7;Q13233;P29323;NP_003309;NP_149109;Q9UM73;Q9H2G2;Q9Y6M4;P50613;P78368;NP_005219;ABI96208;NP_000206;Q12851;Q9BWU1;Q13043;NP_002722;NP_006248;Q9UL54;Q13705;NP_006292;O96017;NP_065717;NP_004431;P48730;NP_005424;NP_004926;P30530;P06213;NP_002600;NP_003812;Q8NFD2;P20794;P01574;P54762;NP_003984;Q9BYT3;Q16539;NP_006276;CAA38449;O60674;Q7L7X3;Q9HBH9;Q9HAZ1;NP_005246;Q96Q40;P07948;Q00532;Q14680;NP_002022;Q15349;O94806;P51813;NP_076916;Q9Y2U5;NP_000213;NP_005583;P17612;Q16620;Q9BZL6;P45985;P15056;P49760;NP_005415;Q9UBE8;Q12866;NP_055387;NP_002744;O15264;P12931;NP_004422;NP_004375;P11274;Q9UQ88;NP_003233;O75460;Q16584;NP_543013;NP_001251;P19525;P45984;O94804;NP_775490;P08581;NP_002741;P17948;P50750;NP_954983;NP_004110;P14616;P11802;NP_005224;NP_001012331;Q6PHR2;NP_004430;NP_006540;P54756;NP_001252;Q8IVH8;Q56UN5;NP_002733;P49761;NP_004963;Q16288;P00519;P62344;Q9UF33;NP_848605;O43293;P09619;Q00526;Q16832;P09769;O76039;NP_059129;NP_055535;NP_036527;P22607;Q9H2K8;P29376;NP_663719;NP_001706;P29597;P11362;O43283;Q07002;NP_000450;NP_004374;NP_005804;NP_002341;P51451;Q8IYT8;NP_005202;P53779;NP_598407;NP_001249;Q02763;NP_056505;Q8TD08;P53778;P51617;NP_004295;O95835;NP_005237;NP_001036065;Q8IU85;NP_057315;Q8TDR2;P35916;AAF17226;NP_620581;P07949;NP_075593;NP_002871;P40261;NP_006192;ANW61984;Q8WXR4;Q08881;NP_001006933;P57059;NP_002587;O14733;Q96GD4;P11086;P50135;NP_001087241;Q9NYL2;NP_002935;Q6P3R8;NP_775267;P21127;O14578;AAA61480;Q13464;Q15139;AAB40118;NP_620590;P42685;BAA36547;P07947;NP_003795;O00506;Q8NE63;Q9Y4K4;O96028;NP_006365;P22455;NP_009105;P37173;NP_004681;NP_001073917;P07333;NP_055891;Q9BUB5;NP_002750;Q15375;Q00537;NP_055843;P54764;Q13163;Q9UKE5;NP_004324;P45983;P49759;P57078;Q14289;NP_996844;Q13470;NP_059145;O14920;Q96PY6;O94921;Q59H18;Q13546;NP_001690;P21802;P36888;Q04912;NP_001790;Q8N4C8;NP_002742;Q9H3Y6;Q9Y2H1;Q9BVS4;NP_004429;NP_872198;P29322;P35968;NP_057062;NP_001310;Q12852;Q08345;Q14004;Q8IVW4
T9749,COC[C@H](NC(=O)c1ccn(S(C)(=O)=O)c1)C(=O)Nc1nc(-c2cccc(N3C[C@@H](C)O[C@@H](C)C3)n2)cs1,XPR1,0.2659,活性,低毒性,,P51532;P51531
T11424,COc1ccc(-c2cccc(F)c2NCCCn2cnc(C)c2)cc1OC,AOC3,0.2656,活性,低毒性,25797,Q16769
T9806,O=C1CCC(N2Cc3cc(C4CCN(Cc5ccccc5)CC4)ccc3C2=O)C(=O)N1,AOC3,0.2656,活性,低毒性,22807,Q96SW2;Q9UKS7
T11363,CC(=O)O[C@@H]1C(=O)C2=C(C(=O)C[C@H]3C(C)(C)C(=O)CC[C@]23C)[C@]2(C)C(=O)C[C@H]([C@H](C)CC(=O)CC(C)C(=O)O)[C@@]12C,AOC3,0.2656,活性,毒性,,P01375
T34648,O=C1c2ccccc2OCN1CCO[N+](=O)[O-],GPAM,0.2656,活性,低毒性,,
T11412,CNC(=O)c1cn(C[C@H](F)CCc2ccc(NC(=O)Cc3cc(OC4CC(F)(F)C4)cc(C)n3)nn2)nn1,RXRG,0.2656,活性,毒性,2744,O94925
T9195,COc1nsc(NC(=O)N2C[C@H]3CC(N(C)c4ncnc5[nH]ccc45)C[C@H]3C2)n1,PPARG,0.2654,高活性,低毒性,3106;3456,O60674;P01574;P23458;P01889
T70086,O=C(NC1CN(Cc2cnn(Cc3ccc(Cl)cc3)c2)C1)c1cn(C2CC2)nn1,THRSP,0.2654,活性,低毒性,56950,Q9NRG4
T2087,COc1cc(C(C)C)c(Oc2cnc(N)nc2N)cc1I,THRSP,0.2654,活性,毒性,5024;6850;9807;22953;81739;7468,P9WNX1;P0A017;P56373;Q92551;NP_002550;O96028;P49654;Q9UBL9;P43405
T8766,O=C(Nc1ccc(Cl)cc1)N1CCN(c2cccc3[nH]ccc23)CC1,PPARD,0.2649,活性,低毒性,2805,P17174
TL0008,COc1cc(O)cc(CCc2ccc(OC)c(O)c2)c1,PPARD,0.2649,活性,低毒性,,
T89116,O=C1CCC2=C(Oc3ccc4c(c3)[C@H]3[C@H](NC(=O)Nc5cc(F)c(F)cc5F)[C@H]3O4)C=CNC2=N1,RXRG,0.2649,活性,低毒性,673,P04049;P15056
T9568,CC(C)(C)OC(=O)N1CCN(c2cc(-c3ccccc3O)nnc2N)CC1,THRSP,0.2649,活性,低毒性,6595;6597;55193,Q86U86;P51532;P51531
T5397,Cc1ccc(N2CCN(Cc3nc4ccccc4[nH]3)CC2)cc1C,NR1H3,0.2646,高活性,低毒性,152;1815,P18825;P08908;P21917;P28223;NP_000788
T64338,Cc1cc(Nc2cc(N3CCN(C)CC3)nc(Nc3ccc([N+](=O)[O-])cc3)n2)n[nH]1,PPARG,0.2646,活性,毒性,6790,O14965
T72084,Cn1cnc(Cn2ccc3ccc(CNCc4[nH]c5ccccc5c4[C@@H]4NC(=O)c5ccc(O)cc54)cc32)c1,PPARG,0.2646,活性,低毒性,,P01116;Q07889
T11815,Cc1nc(NNC(=O)[C@H](CC2CCCC2)CN(O)C=O)c(F)c(N2CCN3CCOC[C@@H]3C2)n1,THRSP,0.2646,活性,低毒性,,P68826
T77726,Nc1ncc(-c2ccc([C@@]34C[C@@H]3CN(C3CCOCC3)C4)cc2)cc1C(=O)NC12CCC(O)(CC1)CC2,THRSP,0.2646,高活性,低毒性,7046;94;658;90;657,P37023;P36894;P36897;O00238;Q04771
TN1384,CC(C)(O)[C@@H]1Cc2c(cc3oc(CO)cc(=O)c3c2O)O1,AOC3,0.2644,活性,毒性,,
T26917,CN(c1ccc(NC(=O)Nc2ccccc2)cc1)S(=O)(=O)c1cnn(-c2ccc(F)cc2)c1,AOC3,0.2644,活性,毒性,6850;1559;3688;7468;3673,P05556;ABI96208;QLI62812;O96028;P17301;P43405
TQ0311,Cc1ccc2c(N3CCN(CCc4cccc(N5CCNC5=O)c4)CC3)cccc2n1,NR1H3,0.2644,活性,低毒性,3358;1814;29412;24173;25553;3352;3351;3363;3357,P43140;P28221;P14416;P15823;P08908;P35462;P31652;P41595;P28223;P28222;P28335;P34969
T4106,COc1ccc(C(NC(=O)c2cnc(-c3cccnn3)[nH]c2=O)c2ccc(OC)cc2)cc1,THRSP,0.2644,活性,低毒性,1558;112399,P10632;Q9GZT9;Q9H6Z9;Q96KS0
T23821,Nc1ccc(-c2ccc(F)cc2)cc1NC(=O)C1CCOCC1,AOC3,0.2642,活性,低毒性,3066;3065;8841,Q13547;Q92769;O15379
T78709,C[C@H](CN(C)Cc1ccccc1)NC(=O)c1ccc(-c2noc(C(F)(F)F)n2)cc1,AOC3,0.2642,高活性,低毒性,9759;51564;10013;10014;3065;9734,Q9UQL6;Q8WUI4;Q9UKV0;Q13547;P56524;Q9UBN7
T19487,Cc1ccc(C(=O)Nc2cccc(C(F)(F)F)c2)cc1Nc1nc(-c2cccnc2)nc2nn(C)cc12,AOC3,0.2642,活性,毒性,,O75400;Q9NRM2;P61020;O95785;Q9UGP8;O15240;Q5JRS4;P26368;Q96S97;P30520;Q9H8H3;P49840;Q16566;Q99442;P53671;O00629;Q16186;Q08378;P52888;O75251;Q07955;O15258;Q9NRP0;P31939;Q9H0D6;P40763;P51955;P61081;P54819;O14744;Q99729;Q9Y2R5;O43264;O75439;Q9NQW7;P14314;P60174;P49137;Q6UW68;Q9Y478;P49407;Q9NRF9;Q9NYF8;P32321;Q8NEW0;Q9BZE1;Q9Y3B7;Q13535;O15144;Q13617;P06730;P13866;P51665;O43491;P08758;P13667;P61981;Q86YP4;P61960;O43760;Q96BY9;Q9C037;O00461;P39748;P06239;P04792;Q96N66;P00813;P22234;P62847;O95758;P04899;Q9GZZ1;P30041;P41240;P52907;O75582;Q08AM6;P35221;Q9Y4A5;Q9NZI8;P54577;Q86UY5;P54105;P62995;Q9UPN3;Q9P035;Q16630;Q9Y5K5;Q8TD19;O60716;O43447;O75340;Q969G3;P07384;P11586;Q9H9B4;P20711;Q9Y450;P0DMV9;P09669;P30291;Q00535;P56470;Q99459;P62333;Q13188;P18085;Q05397;P98179;Q92522;O43808;P53618;Q9Y570;Q15005;Q14164;Q04828;A7MCY6;O95373;Q9UH99;P42229;Q6DD88;P62701;Q9Y2B0;P46109;Q04917;P61964;Q8WWW0;P08670;Q9Y277;P63313;P52434;Q9BSJ2;Q9H479;Q16762;Q9BW60;P07195;Q53H12;Q9UL54;Q9H6S1;Q13705;O75947;P38646;P13861;P55957;P40429;Q13554;Q9C0J8;Q5JTH9;Q9Y241;Q99547;Q58FF8;Q9UIQ6;O60725;P45974;P52815;Q16539;Q8WU58;P36776;Q99683;Q07912;Q9Y4L1;Q9NTJ3;O75083;Q9Y490;Q9BXJ8;Q3MHD2;Q16352;O94806;P50552;Q15067;O94886;Q01850;P12429;Q93100;P08069;Q01130;P00966;Q6DT37;Q53EL6;Q6ZR08;P62280;Q9P032;P22102;O95336;P43250;Q8TAD4;Q5JSL3;Q7Z5L9;P17677;Q14166;Q16881;Q00059;Q13409;Q16643;P04183;P20290;Q13895;O43813;Q13451;P11216;P11142;Q9UI12;P32322;P31930;O75616;P04075;P54136;Q92973;P61353;P28062;Q9UHD8;Q6PHR2;P54756;Q07065;P50402;Q96DG6;Q86UP2;Q8IZ83;Q9NX63;O95782;Q07020;P40227;P14618;Q16832;P05023;Q9Y315;P38606;P10070;Q8WVV4;Q9H2K8;Q96G23;O14681;Q6P5Z2;Q13057;Q9UGJ1;P27986;Q9P0R6;Q9NXS2;Q14195;Q9BVC6;Q8TD08;Q9NXH9;P53634;P16615;Q15029;P51617;Q9NQU5;Q9UHX1;P31641;Q5SW79;P17568;Q9NZB2;P31327;P09936;O95861;P55084;Q15365;Q15645;P57088;Q8N1S5;Q9Y266;O94905;O60869;P49321;Q15796;Q8WXI9;Q5VT25;P13798;Q92685;Q15008;Q9UNS2;Q15629;P11766;P07814;P42765;Q15831;P33552;Q12860;Q08752;Q9NSI8;Q96GD4;Q13873;Q9UQ80;P61106;P35579;P14866;Q13616;P62241;Q9Y2V2;Q15691;Q9Y262;P42685;P62826;P07947;Q7Z2W4;Q9NX61;Q9NW13;O00161;P46782;P22314;P37108;P51812;Q9BZE4;Q96KP4;P32119;Q7KZF4;P06493;P83436;Q96QR8;P26639;Q29RF7;P30825;P61026;Q9H4A3;Q8WUM4;O14980;Q04206;P37268;O43242;P49406;P21281;Q9NVI7;P22612;P54764;Q14978;Q15435;P50749;Q9UKE5;Q13976;Q96I25;Q7L2H7;Q9GZT3;Q7Z6Z7;A4D1E9;Q96QK1;Q96DV4;Q8WUA4;P49916;O43237;Q9H3K2;Q9BRY0;P36542;Q8WUY1;P62917;Q96QU8;P16403;Q9BYT8;O60583;P62753;P24666;O95347;P60468;P05026;P62857;Q9UQE7;Q9NTZ6;Q32MZ4;P17252;O60664;P11172;Q05655;P55060;Q9Y512;Q15043;P50416;Q14677;P34932;P43490;Q04837;O60832;Q03252;Q8TEQ6;O00410;Q7Z2K6;P09012;Q8N684;Q96AE4;Q13505;P09661;P48047;Q8TEQ8;P61313;P42684;O75143;Q16513;Q08945;P62328;P82650;Q9Y2K2;O95319;P30084;Q5T280;Q9BVA1;Q2TB90;Q92769;Q15437;Q15759;Q9NVP1;O60610;Q06830;Q12904;Q9BXS5;Q99832;P78371;Q9BTW9;P67809;P14625;Q9H857;P11717;P63220;Q13813;P11388;Q8IWR1;Q14566;Q9H939;Q8IYT4;Q7Z3U7;Q9UKX7;Q96AG4;Q14699;O43707;Q15418;Q9NSY1;P48729;P37802;Q9BY44;P29803;P55265;Q9HCC0;P16591;Q92600;Q96KB5;Q6P1A2;Q86TW2;O75676;Q14244;Q9Y6N5;P36897;O75116;Q01085;P55769;P35606;Q6UXN9;Q5T9A4;P53985;P08631;P60660;Q9P2E9;Q9Y6C9;P25705;O95793;Q9Y2T2;P08195;P05783;Q92552;P24539;Q9UBQ5;P26583;P23193;Q3ZCM7;P78417;P05455;P42167;P02545;P25786;Q96HY6;P49841;Q9H1C4;Q8NI36;P13498;P11279;O15160;P21964;P10768;O43747;P36896;P00533;Q8TDX7;P0DP23;P20042;Q9HAW4;P52701;Q9UHI6;O60826;Q92922;P23396;O14828;Q9NXE4;Q6NXT4;P27448;P46019;Q9UMX0;P49674;Q04637;Q6DD87;Q13148;O15372;P50395;O00444;O00425;P55786;Q8NI27;Q9NV70;O75369;P07741;P20700;Q12933;O60493;P22087;Q96C19;Q9Y263;Q99436;P60900;Q96S44;Q9Y696;O43427;P39019;Q9Y6M4;P24752;P27707;P32969;P0DMV8;Q14739;P02008;O15042;P30536;P50851;P15153;O43602;P06213;O00571;Q8N163;Q9BWH6;Q8N1F7;P51114;P43686;P09172;Q9Y230;O95139;O60313;Q9BXK5;P05387;P48651;P30876;P24534;O43292;P10619;O15260;O76094;Q9Y2U5;Q15125;Q00796;O43156;Q99640;Q9GZR7;Q5TF21;P15056;Q92542;Q9BPX5;P48444;Q96I24;O15120;O15427;Q96IX5;O14929;P47755;P10321;Q96HS1;P56192;Q9NYB0;Q96J02;Q9Y3B9;Q15021;Q9Y3U8;Q16891;Q5T4S7;O43681;Q9BUV8;P67870;Q9H2U1;Q92947;P12955;Q99575;O75348;O75460;Q16584;P00558;O94822;Q13501;O75844;O75608;P07108;Q01081;P50750;O60563;P08574;Q92572;P30101;Q9UBF2;Q8N4V1;O75592;P31040;O95067;P48643;P07437;Q7Z2T5;Q9UM22;P49915;P62249;O43592;O43583;Q9Y6W5;O15270;Q03111;P31146;Q86X55;Q14683;Q01813;P62081;Q9Y6Y8;Q969Z0;Q5T0W9;Q5T160;P25440;Q7L1Q6;Q7Z4W1;P30740;Q9Y6R4;Q9NRX4;Q92804;P61764;Q9H074;P63279;Q9BQE3;Q76MJ5;O14776;P42680;Q9BPW8;Q8IZW8;P07197;P49770;Q14697;Q9NPD3;P25098;P22830;O43847;O75909;P07949;P61978;Q9UNL2;Q9Y6G9;P46778;P27816;Q9Y616;P50748;O15145;Q15070;P08579;Q96R06;O43598;Q96Q15;P19623;P15311;Q02790;Q09028;Q9BQG0;P49207;P28072;P17858;P49368;Q5U3C3;P11177;Q13547;O00567;Q9UI26;O14965;P17174;Q99805;Q86VM9;P55735;Q9UHD2;O75907;Q08380;Q9NYL2;Q92616;P62829;P49327;P41743;P53007;Q9UKV3;P23588;Q9H4A4;Q9NQC3;Q9ULK4;Q13509;Q5T8P6;Q14152;P56134;Q9UBN7;P54760;Q9HB71;Q13596;P37173;P48739;Q03519;P25205;O75152;P62244;O43396;Q00537;P11021;O60264;Q8TBX8;Q9UJX3;P60903;P53992;P27708;Q27J81;Q9UHL4;P05107;Q96PY6;P46977;P30050;O00311;Q8TF42;Q96FW1;P36957;P49721;Q9Y6D6;O43684;Q63HN8;P40616;Q96FJ2;Q14139;Q86V85;Q5T6F2;Q9UN86;Q14444;Q02750;P62314;Q14694;P62841;Q9NRL2;P18564;Q05639;P16152;Q9UK41;O95864;Q13164;P29401;Q14103;Q9NY65;Q9BT22;O60762;Q12905;Q92844;Q9HA64;P48556;Q15149;P08708;P61619;Q9UJZ1;P06241;O75306;O43795;P62266;P43405;Q13263;P33991;O96000;P13674;Q8WYA6;P16949;O75643;Q99714;P29320;Q12906;P20340;P23458;P31153;P15880;P61289;O43822;Q13042;Q15758;O75385;P48681;Q5JTV8;Q9P2R7;Q9NWQ8;Q5SRE5;P14635;Q13162;P56537;P12956;Q16822;Q15286;Q16658;Q9NZ01;P08238;Q15003;Q9NR50;O15357;Q12873;Q13131;P42704;P12004;Q8IW41;Q9C0E8;O75874;Q00536;O94919;P11387;P13473;P09874;P04040;Q9Y285;Q9UI10;Q13283;Q14690;O75380;Q9BXP5;P22695;P04843;Q96T76;P62851;P23526;Q9NVC3;P42166;Q96JI7;P21709;P67812;Q9UPZ9;P36543;P55263;P21796;P15924;O75828;P53680;Q9BT09;O95382;Q16629;A5YKK6;Q709F0;P49736;Q92609;P31483;Q9UM00;Q8N6L1;P50213;P57678;Q7KZI7;Q9ULX6;P29317;Q9Y295;Q99497;O43353;Q15386;Q96CP6;Q969L2;Q14974;Q14258;P13073;P30040;O43683;P35268;P84103;O14976;P07332;P30519;Q15631;Q9UKK9;P04629;Q9NVS2;O00743;O60711;Q9BSD7;Q86UE4;Q92621;Q15006;O75934;P30837;O43615;Q3YEC7;Q6JQN1;Q9NTI5;O14735;Q14C86;P27695;P12829;Q86SK9;Q8NBJ5;Q8IXB1;O00170;Q8WXF1;Q9BVG4;Q9Y5L0;Q9Y5Q9;Q9P0L0;Q06210;Q96RR4;Q8TAQ2;Q13233;Q9H2G2;Q15436;Q7L8L6;Q9H0A0;Q9UFN0;P35610;P60852;Q9NPF4;Q13043;P42766;P48730;Q6P2Q9;P62318;Q86YS7;O95197;Q8WW12;O60925;P08243;O15197;Q13555;P14868;P09429;P62191;P68363;P14324;O60506;Q9UKD2;P28482;Q93009;Q969V3;P78382;O00764;P05141;Q9UBR2;O60234;Q96N46;P63167;Q14680;P15735;P68036;P62906;Q9NU22;Q9P0I2;Q969M3;P30419;P61158;Q96C01;P46926;Q92643;O75027;P49419;P00403;P17612;Q00610;P05771;Q71UM5;P22626;P49760;Q9Y265;Q9NTJ5;Q99426;P33947;Q96NJ6;P32004;P61254;P61604;Q9P287;O15446;P48059;Q9Y3E0;P46379;Q9UHB7;P15531;Q5XKP0;P12814;P53597;Q9Y2Z0;Q9UIA9;Q9BW92;P20073;Q9NZT2;Q96CW5;Q9Y6I9;Q13618;Q9Y6I8;P27824;P45984;O94804;Q9Y617;P63173;P51572;O75431;Q9BXW9;Q9Y4W6;Q13557;Q9Y289;P26641;O14561;P60953;P46459;O75534;Q92797;P51659;Q00534;Q9Y4R8;Q16181;Q96EP5;P07686;P46783;P17987;P52597;P09619;P13804;Q68CP9;O76039;P82673;Q15181;Q9UHA2;Q8NE86;P31751;P16930;P28288;P12074;P69892;P26038;O76003;P35232;P08754;P11362;Q07666;P29597;P84090;P06576;P54709;P62899;O75822;Q96EY8;P41219;P18827;P07305;Q9UNZ2;P17980;Q53GQ0;Q9Y3D6;O43776;Q8NI60;O95835;Q8TEM1;Q32MK0;Q8N5K1;A0FGR8;Q16531;O75716;P17655;O43741;Q8IZL8;P62750;O15371;Q16563;Q9BXJ9;Q92896;O75691;Q9P0S9;P35637;Q7Z434;Q6NXT1;Q9NZL9;Q96EL2;Q16555;P35249;Q5VYK3;P99999;Q92499;P34897;P51149;O75663;P42677;P26640;Q12824;P52292;O00232;P25787;Q92900;Q8WY22;O95831;P46781;Q9NX55;P40939;Q15369;Q92974;P26196;Q6XQN6;P54619;P49773;Q9H061;P42345;P54753;P62942;P34810;P36507;P31749;P17844;P00846;Q15375;P08133;Q13163;P29144;Q13155;Q8N138;P49759;Q96I15;Q9BZF9;Q13470;Q16543;Q01650;P28074;Q13085;P62633;P60228;Q14964;O15511;O60645;P43487;O95163;Q15046;P23284;O95292;P62277;Q13423;P60059;Q9NXW2;P23229;O75489;Q15120;P12532;Q8IY67;P82933;Q969N2;Q8N1G4;P29322;Q53R41;P69891;P43243;Q14004;P07910;P54803;Q9UKY7;P25788;P04439;Q9Y243;Q86V81;P10155;P12268;Q9UPN7;Q06265;P31948;Q9NSE4;P29692;Q99848;P16422;O43324;O94906;P31946;P12236;P46013;O75694;Q15084;O43488;Q15233;Q9NYV4;Q9UJX2;Q92575;Q9UJU6;P06401;Q96S52;Q96HE7;Q16512;P04406;Q06187;Q9Y3C4;P48960;Q9NR45;P18031;P49720;O43291;Q9UNQ2;P24864;P55072;Q9HDC9;Q96I99;Q9BRQ6;Q9NVI1;Q99700;Q6YP21;P22694;P37837;P62820;Q15785;P10412;O00203;Q01469;P60981;O75352;Q9NQS7;P41227;Q14165;Q9HCP0;O00116;Q9P0J0;Q92504;P40926;Q04759;P16083;Q5VW32;Q9Y3A5;O96005;Q8WZ42;Q9Y5J1;O94874;Q6PGP7;P62258;P08559;P40222;Q13151;P51956;P09496;Q9P2W9;P78347;Q8TDN6;Q86VP6;P62195;Q9H974;P61024;Q96HC4;P03905;P56385;P68371;P00414;O95819;Q13011;O14579;P31150;P46087;Q9BY32;P50570;P63010;Q9Y383;P62269;Q92918;P30086;P10515;P23919;Q08379;P07737;P04844;Q13309;Q9BRP8;P11413;P61970;Q9Y4P3;P67936;P62937;P22061;Q86TM6;P46821;P53667;Q96KR1;Q00325;Q14146;Q9BUJ2;Q9P2J5;Q04864;Q3ZCQ8;Q9H0U3;P46779;Q99627;Q02978;Q14203;P62273;P24390;Q16401;O15173;P63151;O00231;P29323;Q6JBY9;P50613;Q9UGJ0;Q6AI08;Q12851;P61221;P43246;Q96P70;Q9H4B6;P48634;Q9H444;O15254;Q9Y3F4;Q15459;Q8N0U8;P23368;Q13428;Q9Y376;Q8NBS9;P11171;Q9C0D9;P51692;P13693;P62913;Q96S53;Q7L7X3;P36873;O95169;Q09161;Q9H0K1;P14555;Q9Y3B3;P78406;Q6YN16;Q9Y572;O43390;Q15637;Q99623;Q96MW5;Q9BZL6;P62888;Q9UBE8;Q15746;Q8ND56;Q12874;Q9H3P7;P06737;Q99759;P12931;Q9BV40;P11274;O75964;Q9NQR4;Q9BUF5;Q8TDN4;Q14728;Q06323;P40938;P05556;Q92598;P30048;P18077;P62424;P41252;Q9Y3L5;O00400;P26373;Q5UIP0;P28331;O00154;P35613;P33316;P62873;P19388;Q08J23;Q9HD45;P03886;Q96EY1;P33121;P10620;Q9UHB9;Q56VL3;Q13185;P00519;Q9Y3I0;P51991;P53701;P49748;Q6PKG0;Q6S8J3;P52564;Q6ZNB6;Q13315;P61962;P05198;P06733;O76024;P46940;Q12931;P60866;O43670;P25815;Q9Y5S2;O95299;P02786;Q9UBM7;P35237;P53779;Q12768;P29084;O15269;Q9Y679;Q13838;Q9NVU7;O43852;Q96A65;Q9ULU4;Q14980;P50914;O00160;P20248;O00233;Q96H79;Q9BRQ8;Q9BWM7;P62993;Q1KMD3;Q5BJD5;P54687;Q15050;Q99460;O43809;Q9Y520;Q9C0C2;P51610;Q9ULA0;O43826;Q9NRN7;Q9Y678;Q15393;O75477;Q92878;Q8NEH6;P52895;P38919;Q13464;P62805;P10398;P10809;P12270;Q9NYU2;Q9Y6M9;Q9HC07;Q8TEA8;P11309;O15027;Q01082;P18669;P52209;P27694;Q9NZ08;Q9Y4K4;Q9BXU3;P23528;Q9BVC4;P47756;Q9BVK6;P51948;Q9Y5B9;Q9Y2W1;Q9UL46;P61513;Q14318;O94826;P62304;Q9H773;O15143;P27105;Q9H583;P27635;P23921;P55011;Q9H9E3;P05165;P45983;P51825;Q15800;Q16718;Q3ZAQ7;Q14684;P53621;P09497;Q9BZZ5;O75396;P31689;Q9UBU9;Q9Y2A7;P15121;P25398;Q5BJF2;P36888;Q6ZSR9;Q9HAV4;P35520;Q96GC9;Q09666;Q99720;Q05707;Q02543;O75347;Q9BZK7;O75533;Q7L576;Q6IN84;O75821;Q9NRG9;P27348;Q8TF72;Q92945;Q08345;Q14839;P55884
T3423,CC(C)c1ccc(NC(=O)c2cccs2)c(-c2nc3ccccc3[nH]c2=O)c1,AOC3,0.2639,活性,毒性,9970;6850;9212;1559;65975;1565;7468,ANW61984;NP_004208;ABI96208;Q9BYT3;QLI62812;O96028;ADZ17385;P43405
T9948,O=S1(=O)CCN(Cc2cc(NC3CCOCC3)c3[nH]c(-c4ccccc4)cc3c2)CC1,GPAM,0.2639,活性,低毒性,,
T6418,COc1ccnc2[nH]cc(C(=O)C(=O)N3CCN(C(=O)c4ccccc4)C[C@H]3C)c12,PPARG,0.2639,活性,毒性,1565,Q6QLK5;P10635
T32088,CS(=O)(=O)N1CCC(c2ccc(-c3cc4nccnc4c(NC[C@@H]4CNCCO4)n3)cc2)CC1,PPARG,0.2639,活性,低毒性,,P35968;P43405
T11394,O=C1CN(c2cn[nH]c(=O)c2Cl)CCN1Cc1ccccc1C(F)(F)F,RXRA,0.2639,活性,低毒性,7223;3757;7224,Q8VD38;Q12809;Q9UL62;Q9UBN4
TN2080,COc1cc([C@H]2OC[C@H]3[C@@H]2CO[C@@H]3c2ccc(O)c(OC)c2)ccc1O,NR1H3,0.2637,活性,低毒性,2146,NP_004447
T62929,O=C(Nc1ccc(-c2nc(-c3ccc(Cl)cc3)no2)cc1)C1CC(=O)N(Cc2ccco2)C1,PPARG,0.2637,活性,低毒性,51289;27346,Q9NSD7;Q5BJF2
T12655,COc1cc(-c2cc(F)cc(Cl)c2)c(F)cc1-n1c(=O)ccc2cc(S(=O)(=O)Nc3ccon3)ccc21,THRSP,0.2637,高活性,低毒性,6326;78956;6334;20274;6332,O08562;Q15858;Q9UQD0;Q62205;Q01118;Q99250
T38960,C=CC(=O)Nc1cc(-n2c(=O)ccc3cnc4ccc(-c5cn[nH]c5)cc4c32)ccc1C,AOC3,0.2634,高活性,低毒性,2872;660;8569;3718;695;7182;640;2475;1195;1196,P49759;P51813;Q06187;P49760;Q9BUB5;P42345;Q9HBH9;P49116;P52333;P51451
T6029,COc1ccc(C[C@H](NC(=O)[C@H](C)NC(=O)CN2CCOCC2)C(=O)N[C@@H](Cc2ccccc2)C(=O)[C@@]2(C)CO2)cc1,THRSP,0.2634,高活性,毒性,5696;26445;5698;16913;19171;19173;5699;16912;5690;5693,P28062;O35955;P49721;P40306;P28063;Q9R1P3;P28076;O55234;P28065;P28074
T8932,CC(=O)Nc1c(F)cc(C(=O)N[C@H]2CC[C@H](O)CC2)cc1O[C@@H](C)c1ccccc1,AOC3,0.2632,活性,毒性,43;6347;6046;8019;676,P28221;P25440;Q58F21;Q15059;P13500;O60885;P22303
T71641,COc1cc([C@@H]2Nc3ccc(C(=N)N)cc3[C@H]3c4ccccc4C[C@H]32)c(-c2ccc(C(=O)O)cc2)cc1O,THRSP,0.2632,高活性,低毒性,2159;2155,P00742;P08709;P00734
T11940,O=C1CC(N2CCN(c3ccc(O)cc3)CC2)C(=O)N1c1ccccc1,NR1H3,0.2629,活性,低毒性,4199,Q16798;P23368;P48163
T203010,Cc1ccc(C(=O)Nc2ccc(SCC(=O)Nc3nc(-c4ccccc4)cs3)cc2)c(C)c1,PPARG,0.2629,活性,低毒性,,
T60083,COC(=O)Nc1ccc2oc3cc(S(=O)(=O)N[C@@H](C(=O)O)C(C)C)ccc3c2c1,PPARG,0.2629,活性,低毒性,,P39900
T5354,Nc1ccc(-c2cccc(C(=O)Nc3cnc4nc(N5CCOCC5)oc4c3)n2)cn1,RXRG,0.2629,活性,低毒性,,
T2544L,Cc1c(-c2ccc(O)cc2)n(Cc2ccc(OCCN3CCCCCC3)cc2)c2ccc(O)cc12,THRSP,0.2629,活性,毒性,150;140;6850;11255;3357;3458;148;3757;1814;2100;6331;6530;24693;151;2693;7468;3356;6532;1813;5743;1129;152;6531;4988,Q63921;P35372;P03372;Q01959;P35462;P08913;P41595;P08172;P35354;P0DMS8;Q92731;P18825;P28223;Q14524;P0DTD1;NP_001116214;Q92847;P18089;O96028;NP_000610;P35348;P14416;Q12809;P31645;NP_001201832;P23975;Q9Y5N1;P43405
T70470,CNC(=O)c1ccc(Oc2ccc(S(=O)(=O)[C@]3(C(=O)NO)CCC4(CCNCC4)C3)cc2)cc1,XPR1,0.2629,活性,低毒性,4314;4319,NP_002416;NP_002413;P08254;P09238
T16379,CS(=O)(=O)Nc1ccc2oc3c(OC(F)F)ccc(C(=O)Nc4c(Cl)cncc4Cl)c3c2c1,AOC3,0.2627,活性,毒性,4837;2593;27232;6850;1559;5409;1551;1565;3176,ANW61984;P43405;ABI96208;Q08499;QLI62812;Q14749;NP_000756;P40261;P21964;P11086;Q14353;P50135
T11929,Cc1ccc(Cn2cc(CNC3=C(Cl)C(=O)c4cccnc4C3=O)nn2)cc1,PPARG,0.2627,高活性,毒性,993;995;994,P30307;P30305;P30304
T19686,CC(=O)N1CCC(=C2c3ccc(Cl)cc3CCc3cccnc32)CC1,SCD,0.2627,高活性,低毒性,3269;24448;5724,NP_001158195;P35367;P25105;P31390
T10329,COc1ccn2nc(C)c(C(=O)NCc3ccc(-c4ccc(OC(F)(F)F)cc4)cn3)c2c1,ACACA,0.2625,活性,低毒性,,
T9622,O=C(O)c1ccc(C2(NC(=O)c3cccc4ccn(Cc5ccc(C(F)(F)F)cc5)c34)CC2)cc1,PPARG,0.2625,活性,低毒性,5733;5732;5737;5734;6915;5729,P43115;P43116;P43088;P35408;Q13258;P21731
T16904,Cc1ccnn1-c1ccc(C(=O)N2CCN(S(=O)(=O)c3ccc(Cl)c(C(F)(F)F)c3)CC2)cc1,RXRG,0.2625,活性,低毒性,1559,QLI62812;ABI96208
T15017,CNc1ccc([N+](=O)[O-])cc1-n1cnc(-c2ccc(C(F)(F)F)cc2)c1,PPARG,0.2622,活性,低毒性,9970;7097;1559;1565;7096,ANW61984;Q15399;QLI62812;O60603;ADZ17385
T6583,CCCC[C@@H](C=O)NC(=O)[C@H](CC(C)C)NC(=O)[C@H](CC(C)C)NC(C)=O,THRSP,0.2622,活性,毒性,397027;826;823,P0DTD1;P04632;P07384;B45705;BAC78637;P35750;BAC78638;P07858;AAI07878;3I06_A;P07711
T8405,CCCc1nc(C)c2c(=O)[nH]c(-c3cc(S(=O)(=O)N4CCN(CC)CC4)ccc3OCC)nn12.Cl,AOC3,0.262,活性,低毒性,8654;281970;281969,O76074;Q01061;P14100
T5121,OC[C@H]1O[C@@H](S[C@@H]2O[C@H](CO)[C@H](O)[C@H](n3cc(-c4cccc(F)c4)nn3)[C@H]2O)[C@H](O)[C@@H](n2cc(-c3cccc(F)c3)nn2)[C@H]1O,PPARD,0.262,活性,低毒性,16854;3958;3956,P17931;P09382;P16110
T17256,O=C(CCC(=O)c1ccc2c(c1)OCCO2)c1ccccc1,PPARG,0.262,活性,低毒性,,P35222
T5362,COc1cc2onc(C)c2cc1NS(=O)(=O)c1cc(Br)ccc1OC,PPARG,0.262,活性,毒性,,O60885
T9329,Cc1ccc(NC(=O)[C@H](C)n2ncc(Cl)cc2=O)cc1S(=O)(=O)NCCc1ccccn1,AOC3,0.2617,活性,低毒性,83732;79084;10419,O14744;Q9BQA1;Q9BRS2
T10759,COc1c(Nc2ncc(Cl)c(N[C@H]3[C@@H](C(N)=O)[C@@H]4C=C[C@H]3C4)n2)ccc2c1CC[C@@H](N1CCOCC1)CC2.CS(=O)(=O)O,PPARG,0.2617,活性,毒性,,
T4391,Cl.Cl.NCCNc1ncc(C(N)=O)c(Nc2cccc(C(F)(F)F)c2)n1,NR1H3,0.2615,活性,低毒性,5581,Q02156;P43405
T9448,COC[C@H](c1cnn2cc([C@@H](NC(=O)c3nonc3C)C3CCC(F)(F)CC3)nc2c1)N1C[C@@H](C(F)(F)F)NC1=O,AOC3,0.2612,高活性,低毒性,23765;3605,Q16552;Q96F46
T16124,CCOC(=O)c1cc2cc(-c3cc(C(=O)NCc4ccc(C(=O)O)cc4)nn3C)ccc2[nH]1,PPARG,0.2612,活性,低毒性,4322;5564;1432;5566;2932;6197;5562;3791;5292;6790;17386;5571;9261,NP_002418;Q16539;Q13131;P17612;P11309;P49841;P45452;P21918;Q9BWU1;P51812;P33435;O14965;P49137;P54619;Q9Y478;P35968;P50281;P14780;Q8IVW4
T22964,OC(c1ccccc1)C1CCN(CCc2ccccc2)CC1,RXRB,0.2612,高活性,低毒性,3358;29581;3357;3356;29595;25187,P30994;P08909;NP_000858;P28223;P28335;NP_001159419;P14842;NP_001243690
T11994,N=C(N)c1ccc(CNC(=O)[C@@H]2CCN2C(=O)[C@H](NCC(=O)O)C2CCCCC2)cc1,RXRG,0.2612,高活性,低毒性,5645;5340;5646;2147;2155;615026;5624;5327;2159;5328;780933;5644;17175;10747,P07477;P08709;P00760;P00734;P00749;P04070;P00750;P00742;O00187;P00747;P35030;NP_000497;Q91WP0;1K22_H;P07478;Q9UJ71
T3705,CC1(C)OCCn2c1nc1c(N3CCOCC3)nc(-c3cnc(N)nc3)nc12,THRSP,0.2612,活性,毒性,6850;5294;5293;5291;25;2475;7468,P42338;P42336;O00329;P42345;O96028;P00519;Q8N122;Q9BVC4;P48736;P43405
TQ0161,CC(C)=CCc1c(-c2ccc(O)cc2O)oc2c(CC=C(C)C)c(O)cc(O)c2c1=O,PPARG,0.261,活性,毒性,590;43;23621,O42713;Q08499;P06276;P22303;P56817
T67905,Nc1nc2cccc(-c3ccc(CN4CCS(=O)(=O)CC4)cc3)n2n1,RXRG,0.261,活性,低毒性,,P23458
T73049,CCS(=O)(=O)Nc1ccc2c(c1)C1(CCC3(CC3)CC1)CN2C(=O)c1cccc(S(=O)(=O)NC(C)(C)C)c1,THRSP,0.261,活性,低毒性,81930,Q8NI77
T1775,Cc1cc(C)c(CNC(=O)c2cc(-c3ccc(N4CCN(C)CC4)nc3)cc3c2c(C)cn3C(C)C)c(=O)[nH]1,PPARG,0.2607,活性,毒性,6850;2879;43740568;7468;2146,P36969;O96028;Q15910;Q92800;P43405
T76341L,CC[C@H](C)[C@H](NC(=O)[C@H](CCCNC(=N)N)NC(=O)[C@H](CCCNC(=N)N)NC(=O)[C@H](CC(C)C)NC(=O)[C@H](Cc1ccccc1)NC(=O)CNC(=O)CNC(=O)[C@@H](N)Cc1ccc(O)cc1)C(=O)N[C@@H](CCCNC(=N)N)C(=O)N1CCC[C@@H]1C(=O)N[C@@H](CCCCN)C(=O)O,AOC3,0.2605,高活性,低毒性,100135587;4985;100379267;24613;4988;4986;25601,P33533;P33535;P35372;P41143;P41145;P41144;P97266
T87664,O=C(Nc1cn2cc(-c3cnc4c(c3)N(C(=O)OC3CCOCC3)CC4)ccc2n1)C1CC1,AOC3,0.2605,活性,低毒性,,Q13546
T10245,Nc1ccc(-c2cccs2)cc1NC(=O)c1ccc2nc(N3CCNCC3)ccc2c1,PPARG,0.2605,活性,低毒性,3066;3065;9612;8841,Q9Y618;Q13547;Q92769;O15379
T22671,Cc1cn2c(N)c(Cl)cc(C(=O)NCC3CCN(CC(C)C)CC3)c2n1,GPAM,0.2603,活性,低毒性,1565;2879,P36969;Q12809;ANW61984
TQ0068,CS(=O)(=O)N1CCC(NC(=O)c2n[nH]cc2NC(=O)c2c(Cl)cccc2Cl)CC1,SCD,0.2603,高活性,毒性,6850;7468;1559;7151;3106;3456;7157;43740568;1489834,P01574;AMB37292;NP_001119587;QLI62812;O96028;P43405
TQ0035,Cn1c(=O)oc2cc(-n3cc(C(=O)O)c(=O)n([C@@H]4CCc5c4cccc5C(F)(F)F)c3=O)ccc21,SCD,0.2603,活性,低毒性,,P23946;P08311;P21842;P10632
T12232,CN(C)CCCN1C(=O)c2cc([N+](=O)[O-])ccc2Oc2ccccc21,NR1H3,0.26,活性,低毒性,6532;3350,P31645;P08908
T12109,COc1cc(C(=O)NC(=N)Nc2ccc(C)c(NC(=O)c3ccc(-c4ccccc4)cc3)c2)cc(OC)c1OC,NR1H4,0.26,高活性,毒性,6608;7468;6850,O96028;Q99835;P43405
T63059,CC(C)CS(=O)(=O)N[C@H]1CC[C@H](Nc2nc(N)c(C(=O)c3c(F)cccc3F)s2)CC1,THRSP,0.26,活性,低毒性,,
T73457,Nc1ncc(-c2cc(N3CCC(F)(F)C3)nc(N3C[C@@H]4C[C@H]3CO4)n2)nc1OC(F)F,THRSP,0.26,活性,低毒性,7786;9175,Q12852;O43283
T35341,Cl.Cl.Fc1cc(-c2cccc3ncc(-c4cnn(C5CCNCC5)c4)nc23)cc(F)c1CN1CCOCC1,AOC3,0.2598,活性,低毒性,,
TN1879,C[C@H](CCC(=O)O)[C@H]1CC(=O)[C@@]2(C)C3=C(C(=O)C[C@]12C)[C@@]1(C)CCC(=O)C(C)(C)[C@@H]1C[C@@H]3O,THRB,0.2595,活性,毒性,,
T13423,CCCc1ccc(-c2ccc(N(C[C@@H](N)[C@@H](C)CC)C(=O)[C@@H]3C[C@H]3c3ccccn3)cc2)cc1.Cl.Cl,FASN,0.2593,活性,毒性,,
T27257,O=C(Nc1ccc(N2CCOCC2=O)cc1)[C@H]1C[C@@H](O)CN1C(=O)Nc1ccc(Cl)cc1,PPARG,0.2593,活性,低毒性,2159,P00742
T7157,O=C(NCC(=O)N1CCCC1)Nc1ccc2ccccc2c1,PPARG,0.2593,活性,毒性,1551;6850;115,O60503;NP_000756;P43405
T12422,Nc1nc(C(F)(F)F)nc2c1nnn2C[C@H]1CN(Cc2nccs2)CCO1,RXRB,0.2593,高活性,低毒性,8622;5151,O60658;O95263;NP_001230066
T70121,CC(C)c1ccc(N(C)c2ccc3c(c2)OCC[C@H]3CNc2cnccc2C(=O)O)cc1,THRSP,0.259,高活性,低毒性,23081;23135,B2RXH2;O15054;Q9H3R0;Q6B0I6;O75164;O94953
T39229,COc1ccc(-c2cccc(C(=O)N(C)C)c2)cc1S(=O)(=O)Nc1cccc(NCCNC(=O)c2ccccc2N(C)C)c1,THRSP,0.259,活性,低毒性,3062;3061,O43613;O43614
T16529,CNc1ccc(-c2nc(N3CCOCC3)c3sc(CN(C)c4ncc(C(=O)NO)cn4)cc3n2)cn1,PPARG,0.2588,活性,毒性,,Q96DB2;Q13547;Q969S8;Q92769;O15379
T22650,O=C1NC(=O)c2cc(Nc3ccc(F)cc3)c(Nc3ccc(F)cc3)cc21,PPARG,0.2588,活性,毒性,7157;4137;6850;5579,ACI25593;P00533;NP_997700;AAI14949;P43405;CAQ07474
T7586,CC(C)(C)c1cc(-c2cc(-c3ccc(C(=O)O)cc3)ccc2OCCO)ccc1N1CCCC1,AOC3,0.2585,高活性,低毒性,5915;5914;5916,P10826;P10276;P13631
T60079,CC(=O)N1CCN(c2cc(-c3ccccc3O)nnc2N)C[C@H]1C,THRSP,0.2585,活性,低毒性,6595;6597;55193,Q86U86;P51532;P51531
T2645,OCc1cc([C@@H](O)CNCCCCCCOCCOCc2c(Cl)cccc2Cl)ccc1O,THRSP,0.2585,活性,低毒性,6532;6331;148;1812;153;6531;154,P31645;Q01959;P21728;P35348;P07550;Q14524;NP_000015;P08588
TQ0100,O=C1COc2c(CCNCCN(C(=O)CCNCCc3ccc(Cl)c(Cl)c3)C3CCCCC3)ccc(O)c2N1,PPARG,0.2583,活性,低毒性,56950,NP_064582;Q9NRG4
T6330,COc1ncc(-c2nc(N3CCOCC3)nc3c(CN4CCC(C(C)(C)O)CC4)cc(F)cc23)cc1NS(C)(=O)=O,THRSP,0.2583,活性,低毒性,,O00329;P01375
T1057,CCOc1nc2cccc(C(=O)O)c2n1Cc1ccc(-c2ccccc2-c2noc(=O)[nH]2)cc1,MLXIPL,0.2581,活性,低毒性,281607;185,P25104;P30556
T9499,COc1nc(C(=O)NC[C@](C)(O)C(F)(F)F)c(N)cc1C(F)(F)F,PPARG,0.2581,活性,低毒性,1080,P13569
T15431,CC(C)N1CCN(Cc2cnc(-c3cc(-c4cccc5[nH]ccc45)cc4[nH]ncc34)o2)CC1,RXRB,0.2581,活性,毒性,5294;3757;5293;5291;5290,P42338;P42336;O00329;NP_006210;NP_002640;NP_005017;NP_006209;P48736;NP_001191727
T61622,O=C(CCCc1ccccc1)N1CCC[C@H]1C(=O)N1CCC[C@H]1c1ncc[nH]1,AOC3,0.2578,活性,低毒性,445540,P23687
T16724,COC(=O)N[C@@H](Cc1ccccc1)C(=O)N[C@@H](Cc1ccc(NS(=O)(=O)O)cc1)c1csc(-c2cccs2)n1,AOC3,0.2578,活性,低毒性,5787,P23467
T7652,CCN(Cc1cc(C(F)(F)F)ccc1-c1cc(CC(=O)O)ccc1OC)C(=O)NCc1ccccc1,NR1H3,0.2578,活性,低毒性,11251,Q9Y5Y4
T8317,O=Nc1c(-c2c(O)[nH]c3ccc(F)cc23)[nH]c2ccccc12,PPARG,0.2578,高活性,毒性,6850;3791;6790;2322;9262;7468,P35968;O14965;O96028;P36888;O94768;P43405
T60148,Cn1cc2c3cc(C(=O)O)ccc3n(-c3ccc(C(F)(F)F)cc3)c2n1,RXRB,0.2578,活性,毒性,7005;7004;8463;7003,Q15561;Q99594;Q15562;P28347
T60644,CC(C)Cc1cc(C(=O)Nc2ccc(F)c(Cl)c2)no1,THRSP,0.2578,活性,低毒性,,Q16637
T4626L,COc1cc(OC)cc(C(=O)NNC(=O)Nc2cccc3ccccc23)c1,PPARG,0.2576,活性,低毒性,338557;124274,Q6DWJ6;Q5NUL3
T8412,Cc1ncsc1-c1ccc(CNC(=O)[C@@H]2C[C@@H](O)CN2C(=O)[C@@H](N)C(C)(C)C)cc1,PPARG,0.2576,活性,低毒性,,P40337;Q15370;Q15369
T2049,FC(F)(F)Oc1ccc(-c2ccc3nnc(C(F)(F)F)n3c2)cc1,PPARG,0.2573,活性,低毒性,6326;6323;6331,P35498;NP_001153633;Q14524;Q99250
T72038,CNc1ccc(CN2CCC(OC(=O)NC(c3ccccc3)c3ccccc3)CC2)cc1,THRSP,0.2573,活性,低毒性,,
T5154,O=C(Nc1ccc(I)cc1)c1ccc([N+](=O)[O-])o1,THRSP,0.2573,活性,毒性,,
T7263,Fc1ccc(Cl)c(COc2cccc3onc(Nc4cccnc4)c23)c1,ACACA,0.2571,活性,低毒性,166929,Q8NHU3
T8469,Fc1ccc(Nc2nc3ccccc3nc2Nc2ccc(F)cc2)cc1,PPARA,0.2571,活性,毒性,65975,CAC29064;NP_371243
T4296,CS(=O)(=O)Nc1cc(-c2ccc3ncnc(Nc4ccc(F)c(Cl)c4)c3c2)cnc1Cl,AOC3,0.2568,活性,低毒性,,P00533;P42336;P78527
T16979,Cc1ccc(S(=O)(=O)O)cc1.Cn1ncnc1[C@H]1c2n[nH]c(=O)c3cc(F)cc(c23)N[C@@H]1c1ccc(F)cc1,NR1H4,0.2568,活性,低毒性,,
T12870,CC(C)c1ccc(Cn2ccc3c4c(N)nc(NC5CC5)nc4ccc32)cc1.Cl.Cl,RXRB,0.2568,高活性,低毒性,139760;134391,Q8TDV5;Q8TDV0
T6815,Cc1ccc(Oc2ccnc3cc(-c4cnn(C5CCNCC5)c4)ccc23)cc1,THRSP,0.2568,活性,低毒性,3757;238,Q9UM73;Q9Y572;Q12809
T28544,CCOC(=O)Nc1ccc(NCc2ccc(C(F)(F)F)cc2)c(F)c1N,PPARG,0.2566,高活性,低毒性,9132;3786;3785;56479,P56696;O43525;Q9NR82;O43526
T19711,CC(C)=CCC[C@@H](C)[C@H]1CC[C@H]2[C@@H]3CC=C4C[C@@H](O)CC[C@]4(C)[C@H]3CC[C@]12C,PPARG,0.2566,活性,低毒性,6097;10062;7376,P51449;NP_001238864;P55055
T82649,Oc1cc(O)c2cc(O)c(-c3ccc(O)c(O)c3)[o+]c2c1,PPARG,0.2566,活性,低毒性,3295,Q13133;P00734;NP_000405
T12433,CC(C)c1cnc(-c2cc(Cl)ccc2F)cc1Nc1ccncc1C(=O)NC(CO)CO,THRSP,0.2566,活性,低毒性,7046;91;94,P36896;P36897;P37023
T8134,CC(=O)OCC1=C(C(=O)O)N2C(=O)[C@@H](NC(=O)CSC(=NC(C)C)NC(C)C)[C@H]2SC1,AOC3,0.2563,活性,低毒性,,
T28903,CC(=O)NCCSc1nc2cscc2c(=O)n1-c1ccc(OCC(F)(F)F)cc1,PPARG,0.2563,活性,低毒性,83512;84575;3992,O60427;Q920R3;Q9Z122
T79185,CC(C)[C@@H](C)NC(=O)c1cc(-c2cc3ccccc3n2C)cc(C(=O)NCCc2ccccn2)n1,AOC3,0.2561,活性,低毒性,20852;6778,P52633;P42226
T5S1959,c1cc2c(cc1[C@H]1OC[C@@H]3[C@H]1CO[C@H]3c1ccc3c(c1)OCO3)OCO2,PPARG,0.2561,活性,低毒性,1576,NP_059488
T8562,O=C(NCc1ccc(C(F)(F)F)cc1)Nc1cccc2cnccc12,PPARG,0.2561,高活性,低毒性,7442;83810,O35433;Q8NER1;NP_542437
T2494,CC(C)[C@H]1C(=O)N[C@@H](CCCNC(=N)N)C(=O)NCC(=O)N[C@@H](CC(=O)O)C(=O)N[C@H](Cc2ccccc2)C(=O)N1C,RXRA,0.2561,高活性,低毒性,3690;3678;3674;3694;3685;3693;3688,P18564;P05106;P08514;P05556;P06756;P18084;P08648
T6903,CC(C)CCn1c(CN2CCN(C(=O)C3CC3)CC2)nc2c1c(=O)n(C)c(=O)n2C,ACACA,0.2559,活性,毒性,216,P00352
T200105,C[C@@H]1COCCN1c1nc(-c2ccnc3[nH]ccc23)nc2c1ccn2S(C)(=O)=O,AOC3,0.2559,活性,低毒性,,Q8WXE1;Q13535;P42336;O60285;P42345;P78527;Q13315;P06239
T29856,Cc1cccc(-c2ccc3c(c2)c(C(=O)C(=O)O)cn3Cc2ccc(C(C)(C)C)cc2)c1,THRSP,0.2559,活性,低毒性,5054,P05121
T22818,O=S(=O)(Cc1ccccc1)Nc1ccc(-c2ccc3c(cnn3-c3ccc(F)cc3)c2)c(C(F)(F)F)c1,AOC3,0.2556,活性,毒性,1551;7468;1559;6850,QLI62812;O96028;P04150;NP_000756;P43405
T78578,Cc1cc(Nc2nc(-c3ccccc3)nc3ccccc23)n[nH]1,THRSP,0.2556,活性,毒性,6850;1559;2932;1198;10298;4751;6714;2931;120892;1195;9212;9807;6790;9748;1551;53944;7468;56924;8576,NP_002488;Q5S007;NP_071331;Q92551;QLI62812;NP_003983;NP_000756;NP_005408;ABI96208;NP_001008910;NP_064553;P49759;NP_005875;P12931;P49840;O14965;O96028;NP_055535;Q96GD4;NP_065074;NP_001310;P49841;NP_001139628;NP_003591;P43405
T60077,O=C(NCCOCCNS(=O)(=O)c1ccc(OC(F)(F)F)cc1)C1=Cc2ccccc2S1(=O)=O,THRSP,0.2554,活性,低毒性,58190,Q9GZU7
T5505,Cc1ccc2c(c1CCC(=O)O)CC[C@@H](NS(=O)(=O)c1ccc(Cl)cc1)C2,PPARG,0.2551,活性,低毒性,6915,NP_963998;P21731
T9137,O=C(Nc1ccc(O)c(NS(=O)(=O)c2ccc(F)cc2)c1)c1ccc(-c2ccccc2)cc1,XPR1,0.2551,活性,低毒性,,Q3TBT3;Q86WV6
T9430,O=C(c1cc(Cc2n[nH]c(=O)c3ccccc23)ccc1F)N1CC(CNC2CC2)C1,GPAM,0.2549,活性,低毒性,,Q9UGN5;P09874
T18750,Cc1nc(Nc2ncc(C(=O)Nc3c(C)cccc3Cl)s2)cc(N2CCNCC2)n1,THRSP,0.2549,活性,低毒性,25;6714,P00519;P12931
T15603,COc1c(NC(=O)C(=O)c2ccc(OCCN3CCOCC3)c3ccccc23)cc(C(C)(C)C)cc1NS(C)(=O)=O.Cl,THRSP,0.2549,活性,低毒性,,Q61009
T28950,CSC[C@H](NC(=O)[C@H](Cc1ccccc1)NC(=O)N1CCOCC1)C(=O)N[C@@H](CC1CCCCC1)[C@@H](O)C(=O)OC(C)C,PPARD,0.2546,高活性,低毒性,5972;282883,P00797;P80209
T17300,C[C@H](NC(=O)CCc1ccc(F)c(F)c1)c1cncc(N2CCN(c3ccccn3)CC2)n1,PPARG,0.2546,活性,低毒性,1139,P36544
T21387L,COc1ccc2c(c1)CCC(c1ccccc1)=C2c1ccc(OCCN2CCCC2)cc1,PPARG,0.2544,活性,毒性,855242;25149;10682;10280;24890,Q99720;Q62986;P32352;Q15125;P06211
T3363,CC1=C2C(=O)[C@H]3[C@@H](CC=C4C[C@@H](O)CC[C@@]43C)[C@@H]2CC[C@]12O[C@@H]1C[C@H](C)CN[C@H]1[C@H]2C,PPARG,0.2544,活性,低毒性,855242;6469,P32352;Q15465
T31206,COc1ccc(C(=O)Nc2cccc(O)c2NC(=O)c2ccc(N3CCCN(C)CC3)cc2)cc1,PPARG,0.2544,活性,低毒性,2159,P00742
T3986,O=c1cc(N2CCOCC2)oc2c(-c3ccc4c(c3)OCCO4)csc12,THRSP,0.2544,高活性,毒性,28989;6850;5294;5293;5291;3106;3456;5296;2475;5292;5295;7468,P01574;P25440;P42338;P42336;Q9BV86;O00329;Q15059;Q58F21;P11309;P42345;O00459;O96028;P27986;O60885;P78527;P48736;P43405
T35317,O=C(O)Cc1nn(Cc2nc3cc(C(F)(F)F)ccc3s2)c(=O)c2ccccc12,AOC3,0.2542,高活性,低毒性,24192;10327;2739;116463;57016;231,P07943;Q04760;P14550;O60218;P15121;Q5RJP0;NP_001619
T62858,O=C(CCCc1ccc2cccnc2n1)NCc1cc(-c2ccc(F)c(C(F)(F)F)c2)no1,AOC3,0.2542,活性,低毒性,56670;408199,Q6IYF9;Q9BXA5;NP_001001518;NP_149039
T22883,CC(C)c1ccccc1OC(=O)NCCc1ccc2ccccc2c1,PPARG,0.2542,活性,低毒性,1551;1559;9970,ABI96208;QLI62812;NP_000756;O00748;ADZ17385
T3476,COc1ccc(Br)cc1NC(=O)Nc1cccc2c1ccn2Cc1ccnc(N)c1,PPARG,0.2542,活性,低毒性,,
T4330,CC(C)(C)C1CCc2c(sc(NC(=O)c3ccco3)c2C(=O)O)C1,RXRB,0.2542,活性,低毒性,10413;101772;55107,Q5XXA6;Q8BHY3;NP_001123617
T9700,CCN(C(=O)C1CC1)c1cc(-c2ccc(N3CCN(CC4CC4)CC3)nc2C)cc(C(=O)NCc2c(C)cc(C)[nH]c2=O)c1C,RXRG,0.2542,活性,低毒性,1576;1558;1557;2146,Q15910;P08684;P33261;P10632
T1880,OC(CNc1ccccc1)Cn1c2ccc(Br)cc2c2cc(Br)ccc21,PPARD,0.2539,活性,低毒性,1551;1565;1559,QLI62812;ANW61984;NP_000756
T9863,COc1cc2c(cc1-c1cnn3ccc(-c4ccnc5[nH]ccc45)cc13)CNCC2,ACACA,0.2537,高活性,低毒性,5581;5578;5584,P41743;Q02156;P17252
T3111,CCN1CCN(Cc2ccc(Nc3ncc(F)c(-c4cc(F)c5nc(C)n(C(C)C)c5c4)n3)nc2)CC1.CS(=O)(=O)O,ACACA,0.2537,活性,低毒性,1021;896;1019,P11802;P30281;P24941;Q00534;P20248
T9314,O=c1[nH]c2ncc(-c3ccc(-c4nnc[nH]4)cc3)nc2n1CCC1CCOCC1,AOC3,0.2537,活性,毒性,64223;79109;2475;253260;57521,P42336;P42345;Q8N122;Q9BVC4;Q9BPZ7;Q6R327
T3641,Nc1nccc(Oc2ccc3c(C(=O)Nc4cccc(C(F)(F)F)c4)cccc3c2)n1,SCD,0.2534,活性,低毒性,3815;2324;5159;5979;3791;2321;16542,P35968;P35916;P10721;P09619;P07949;P35918;P17948
T12164,OC[C@H]1O[C@@H](n2cnc3c(NCc4ccc(O)cc4)ncnc32)[C@H](O)[C@@H]1O,ACACA,0.2532,活性,毒性,25369;6850,P30543;P43405
T64084,COc1ccccc1Oc1c(NS(=O)(=O)c2ccc(C)cn2)nc(-c2ccnc(-c3nnn[nH]3)c2)nc1OCCO,AOC3,0.2532,高活性,低毒性,1909;1910,P24530;P25101
T7838,CCCCc1nc(Cl)c(C=O)n1Cc1ccc(-c2ccccc2-c2nn[nH]n2)cc1,GPAM,0.2532,高活性,低毒性,24182;51206;81638;24180,P35351;P25095;P29089;Q9HCN6
T27060,Fc1ccc2[nH]c(CN3CCN(c4ccccn4)CC3)cc2c1,NR1H4,0.2532,活性,低毒性,150;1815;1814;24318;1559;152;151;1551;1565;4986;25432,P14416;ANW61984;P18825;P08908;P61169;P18089;P21917;P41145;P35462;ABI96208;P08913;P30729;QLI62812;NP_000756
T12347,Cc1ccc(-n2nc(C(C)(C)C)cc2NC(=O)Nc2ccc(OCCN3CCOCC3)cc2)cc1,PPARA,0.2532,高活性,毒性,5601;6300;1432;5603;5600,O15264;Q15759;P53778;Q16539;P45984
T8844,Cc1cc(OCc2nc3ccccc3s2)ccc1NC(=O)Nc1ccc(Cl)c(Cl)c1,ACACA,0.2529,活性,低毒性,240;2053;241,P34913;P09917;P20292
T4428,Cc1nn(C)cc1-c1nc2c(N3CCN(Cc4ccc(Cl)cc4)CC3)c(Cl)cnc2[nH]1,GPAM,0.2529,高活性,低毒性,9212;1559;1557;6790;2322;1565,P10635;P11712;P33261;O14965;P36888;Q96GD4
TP1380,CC[C@H](C)[C@H](NC(=O)[C@H](C)NC(=O)[C@H](Cc1c[nH]cn1)NC(=O)[C@@H]1CCCN1C(=O)CNC(=O)[C@H](CC(C)C)NC(=O)[C@H](CC(C)C)NC(=O)[C@H](Cc1ccc(O)cc1)NC(=O)CNC(=O)[C@H](C)NC(=O)[C@H](CO)NC(=O)[C@H](CC(N)=O)NC(=O)[C@H](CC(C)C)NC(=O)[C@@H](NC(=O)[C@H](Cc1c[nH]c2ccccc12)NC(=O)CN)[C@@H](C)O)C(=O)O,RXRA,0.2529,高活性,低毒性,8484;2587;14427;50577;29235;14428;29234,NP_034384;NP_003605;NP_032108;NP_003848;NP_001471;NP_062046;NP_037090;NP_062045
T4213,Cc1cc(C)nc(NC(=S)N2CCN(Cc3ccc(C(F)(F)F)cc3)CC2)c1,THRSP,0.2529,活性,毒性,26227,O43175
T11070L,CC(C)(C)OC(=O)N1CCN(C(=O)n2cc(-c3ccc(OC(F)(F)F)cc3)nn2)C(Cc2ccccc2)C1,NR1H3,0.2527,高活性,低毒性,231871;57406;221955;66082;747,Q9Y4D2;Q8NCG7;Q8R2Y0;Q9BV23;Q91WC9
T6262,Cc1cc(C)c2c(c1)[C@@H](N(Cc1cc(C(F)(F)F)cc(C(F)(F)F)c1)c1nnn(C)n1)CCCN2C[C@H]1CC[C@H](C(=O)O)CC1,PPARD,0.2527,活性,毒性,1071;6850;3458,P11597;NP_000610;P43405
T13568L,Cl.N=C(N)c1cc2ccc(OC(=O)c3cccs3)cc2s1,RXRG,0.2527,活性,低毒性,,P09871
T23631,O=C(NCCN1CCN(c2ncccn2)CC1)C12CC3CC(CC(C3)C1)C2,THRSP,0.2527,活性,低毒性,,
T21593,O=C(Nc1cccc(C(F)(F)F)c1)c1ccccc1NCc1ccncc1,SCD,0.2522,高活性,毒性,6850;3815;2324;5159;25;2321;3791;16542;1436;1565;7468,P07333;P35968;P35916;ANW61984;P10721;P09619;ABI96208;P00519;O96028;P35918;P17948;P43405
T21738,O=C(Nc1ccc(-c2ccc(Cl)c(Cl)c2)cc1)C1=C(O)c2ccccc2S(=O)(=O)N1,PPARG,0.252,活性,毒性,1551;6850;9536,O14684;P43405;NP_000756;ABI96208
T2480,COc1cc(OC)c2c(=O)[nH]c(-c3cc(C)c(OCCO)c(C)c3)nc2c1,AOC3,0.2517,活性,毒性,23476;9970;6850;10013;1559;6046;8019;1551;676;7468,P25440;Q58F21;NP_031397;Q15059;ABI96208;QLI62812;O96028;O60885;NP_001106653;ADZ17385;NP_000756;P43405;Q26304;Q9UBN7;NP_490597
T3461,CCCCc1nc(Cl)c(C(=O)O)n1Cc1ccc(-c2ccccc2-c2nnn[nH]2)cc1,PPARG,0.2517,高活性,低毒性,81638;24180;100009164;281607;185;186;24182,P50052;P30556;P34976;P25095;P29089;P35351;P25104
T9984,Clc1cccc(Nc2nc(NCc3ccco3)c3ccccc3n2)c1,SCD,0.2515,活性,毒性,,Q07889
T15571,CCCN1CC(c2ccc(S(C)(=O)=O)cc2)=C(c2ccc(C)cc2)C1=O,THRSP,0.2515,高活性,低毒性,19225;19224,P22437;Q05769
T8325,Cn1cc(-n2cnc3c(NCc4nc5cc(Cl)c(Cl)cc5[nH]4)nc(N4CCOCC4)nc32)cn1,AOC3,0.2512,活性,低毒性,102800317;595;1019;2931;2932;1453;1454;1021,P11802;P50750;P24385;O75909;P49840;P48730;Q00534;Q9NYV4;Q14004;P06493;P49841;P49674
T8457,O=C(NC12CC3CC(CC(C3)C1)C2)c1cnc2ccccc2n1,AOC3,0.2512,活性,低毒性,24414,P23385;NP_001107802
T26866,O=C(O)[C@H]1CCCN(C[C@@H](O)c2ccc(-c3noc(-c4onc(-c5ccccc5)c4C(F)(F)F)n3)cc2)C1,PPARG,0.2512,活性,低毒性,8698;53637;1903;1901,O95977;P21453;Q9H228;Q99500
T13392,Cc1noc(C)c1-c1ccc(=O)n(Cc2ccc(C3CO3)cc2)c1,PPARG,0.2512,活性,低毒性,,O60885
T61652,Cc1cc(CCCCCOc2c(Cl)cc(C3=NCCO3)cc2Cl)on1,RXRG,0.2512,活性,低毒性,,
T23521,CC(C)c1cccc(C(C)C)c1NC(=O)Nc1ccc(Sc2ccc([N+](=O)[O-])cc2)cc1,RXRG,0.2512,活性,毒性,6850,P43405;ABI96208
T24885,O=C1CC2(CCCC2)CC(=O)N1CCCCN1CCN(c2nsc3ccccc23)CC1,AOC3,0.251,高活性,低毒性,29412;3358;24173;29581;24473;24318;29413;64354;65032;3362;3350;29595;25187,P19327;P43140;P15823;NP_000515;P61169;P30994;P08909;NP_000862;NP_077341;NP_075227;P23944;P14842;NP_001243690
T77549,O=C(O)c1ccc(-c2ccc(OCc3ccccc3)cc2)s1,GPAM,0.251,活性,低毒性,4929,P43354
T6487,COC(=O)N[C@@H](C)CNc1nccc(-c2cn(C(C)C)nc2-c2cc(Cl)cc(NS(C)(=O)=O)c2F)n1,AOC3,0.2507,活性,毒性,1432;673;5130;1131;5144,P20309;P49585;O00264;Q16539;P04049;Q16584;P45984;P15056;ABI96208;Q9UBE8;P53667;P48729;P45983;P49840;P51617;Q9H2K8;P49137;P11802;P53671;Q9NYL2;Q08499;Q9Y6R4;P49841;O43353;Q9Y572
T9164,C[C@@H](NC(=O)c1ccc(Cl)cc1)[C@H]1CC[C@@H](c2ccnc3ccc(F)cc32)CC1,XPR1,0.2507,活性,低毒性,15930;1558;1559;3620;1557,P10632;P11712;P28776;P33261;P14902
T6216,C[C@]12CC[C@H](O)CC1=CC[C@@H]1[C@@H]2CC[C@]2(C)C(c3cccnc3)=CC[C@@H]12,NR1H3,0.2505,活性,毒性,1585;1584;25146;1576;1589;1586,P08684;P15538;P05093;NP_000093;P11715;P19099;P08686
T16090,CN1C(=O)C(F)=C[C@]2(C)[C@H]3CC[C@]4(C)[C@@H](C(=O)NCc5nc6ncccc6[nH]5)CC[C@H]4[C@@H]3CC[C@@H]12,AOC3,0.2502,活性,低毒性,367,P10275
T85328,CCCN(C(C)C)[C@@H]1COc2cccc(C(=O)NC(C)C)c2C1,MLXIPL,0.2502,活性,低毒性,24473,P19327
T11826,COc1cccc(Nc2nc(NCC3CCCO3)c3ccccc3n2)c1,PPARG,0.2498,活性,毒性,10298;5058,Q13153;O96013
T9939,Cc1ccc2oc(=O)c(-c3nc4ccncc4[nH]3)cc2c1,PPARG,0.2496,活性,低毒性,23210,Q6NYC1
T22632,COc1ccc(S(=O)(=O)N2CCC(N3CCC(C)CC3)CC2)cc1,THRSP,0.2496,活性,低毒性,,
TQ0008,CSC[C@H]1CN(Cc2c[nH]c3c(N)ncnc23)C[C@@H]1O,AOC3,0.2495,高活性,低毒性,948542;4507;88783192;66671551;913817,P0AF14;P0AF12;O24915;A0A0H2UPP7;Q13126;Q9KPI8;B5Y1L0;1Y6Q_B;Q5HFG2;1Y6Q_A
T11447,CC(C)Oc1ccc(F)c(-c2cnc(N)c(C(=O)Nc3cnccc3N3CCC[C@@H](C(=O)O)C3)n2)c1,THRSP,0.2495,高活性,低毒性,102800317;1020;9149;8444;2932;8798;1454;8445;8851;1195;57396;1198;1196,P49759;Q9HAZ1;Q92630;Q15078;O43781;Q9NR20;P49761;P49760;Q9Y463;Q13627;P49841;P49674;Q00535
T15942,Cc1ccc(Cc2cc3c(=O)n([C@H]4CCCC[C@@H]4O)cnc3c3ccccc23)cn1,ACACA,0.2494,活性,毒性,12669;1128;25229;574362;240,P12657;P09917;P56489;P11229;A0A8C0MJA7;P08482
T14975,C[C@H](NC(=O)c1cc(Cl)ccc1Oc1ccc(F)cc1)c1ccc(C(=O)O)cc1,MLXIPL,0.2494,活性,低毒性,5732;5734,P35408;P43116;NP_000949
T8236,O=C(NCCCCCCNC(=O)ON=C1CCCCC1)ON=C1CCCCC1,PPARG,0.2493,活性,毒性,57552;100911581;222236;221955;747,Q9Y4D2;Q6PIU2;Q8NCG7;BAC78637;P97612;BAC78638;NP_001116310;NP_006124
T5199,COC(=O)C1=C(C(=O)OC)[C@@]2([C@@H](Cc3ccc(C)cc3)Nc3ccccc3)C=C[C@@H]1O2,THRB,0.2493,活性,毒性,5621;7026,NP_066285;NP_044650;NP_000302
T15665,NC(=O)c1ccc(-c2cc(-c3ccc([N+](=O)[O-])cc3)nc(-c3ccco3)c2)cc1,PPARG,0.2485,活性,低毒性,4149;4609,P61244;P01106
T9464,Cc1cc(CN)cc(C)c1NC(=O)c1ccc(-c2cc(Cl)ccc2Cl)o1,THRSP,0.2485,活性,毒性,6850;1901;53637;9294;8698;7468,P21453;O96028;O95977;Q9H228;O95136;P43405
T7100,COc1ncc(F)cc1CNc1ccc(Cc2c[nH]c3ncc(C)cc23)c(F)n1,AOC3,0.2484,活性,低毒性,2322;6795;3815;1559;1576;3791;1436;1557,P08684;P07333;P35968;P09581;P11712;P10721;P33261;Q9UQB9;P36888
T26280,CNc1cc(Oc2cc(C(=O)Nc3cc(N4CCN(C)CC4)cc(C(F)(F)F)c3)ccc2C)ncn1,GPAM,0.2482,活性,低毒性,5871,Q12851;O43318
T9258,CCc1nc(-c2ccc3c(c2)CC[C@H]3NC(=O)c2cnn(C)c2)no1,PPARG,0.248,活性,低毒性,281337,Q9BE40
T7300,N[C@@H]1CCCN(c2c(Br)cnc3[nH]cc(NC(=O)C4CC4)c23)C1,PPARD,0.2479,活性,低毒性,,
T6181,O=C(COc1cccc2c(=O)[nH]ccc12)c1ccccc1,PPARG,0.2478,活性,低毒性,8658;1559;6093;142,Q13464;Q460N5;Q9Y6F1;Q53GL7;Q9UGN5;P09874;ABI96208;QLI62812;O95271
T4091,Cn1nccc1Nc1nccc(-c2cc3c(s2)C(C)(C)N(CCN2CCOCC2)C3=O)n1,PPARG,0.2478,活性,毒性,6850;5594;5595,P28482;P27361;P43405
T4341,COc1ccc(NC(=O)c2ccc(C(=N)N(C)C)cc2)c(C(=O)Nc2ccc(Cl)cn2)c1,PPARG,0.2478,活性,低毒性,3757;1559;2159,P00734;Q12809;QLI62812;P00742;NP_000495
TNU0168,Nc1nc(=O)c2ncn([C@@H]3O[C@H](CO)[C@@H](O)[C@@H]3F)c2[nH]1,XPR1,0.2478,活性,低毒性,,
T2032,COc1cc2ncnc(Nc3cccc(O)c3)c2cc1OC,PPARG,0.2477,活性,毒性,3799;6850;2048;84630;5979;3791;2321;5295;9748;1551;1195;7468,P49759;P35968;P24941;ABI96208;P07949;P27986;P29323;O96028;NP_055535;P17948;NP_000756;2VM6_A;Q5TCY1;P33176;1DI8_A;P43405
T12459,COc1ncc(-c2ccc3ncc(Cl)c(=O)n3c2)cc1NS(=O)(=O)c1ccc(F)cc1F,RXRG,0.2477,高活性,低毒性,5294;5293;5291;2475;5295,P42338;P42336;O00329;P42345;P27986;P48736
T16425,CCCCCCOc1cc2c(cc1N(C)c1ncc(C(=O)O)cn1)C(C)(C)CCC2(C)C,RXRG,0.2474,活性,毒性,6850;1551;5468;6256;1565;10062,P37231;ANW61984;P19793;ABI96208;NP_002948;NP_000756;Q13133;P43405
T1242,C[C@H]1CN(C[C@H](Cc2ccccc2)C(=O)NCC(=O)O)CC[C@@]1(C)c1cccc(O)c1,NR1H3,0.2473,活性,低毒性,100135587;4985;4988;775;4986,P35372;P41143;Q13936;P41145;P41144;NP_000902;NP_001138755;NP_000903
T4S1637,CC(C)=CCc1c(O)cc2oc3cc(O)c(O)c(CC=C(C)C)c3c(=O)c2c1O,PPARG,0.2473,高活性,毒性,5743;8972;4521;7276;5742;5770;2194;5223;22933;6476;2548;1588;93432,P49327;P02766;P10481;P36639;P23219;Q8IXJ6;Q2M2H8;O43451;O75874;P18031;P15121;P35354;P11511;P18669;P14410;P10253
T22737,c1ccc(-c2cnn3cc(-c4ccc(OCCN5CCOCC5)cc4)cnc23)cc1,PPARG,0.2472,活性,毒性,51422;6850;5565;5564;2324;1559;5562;2321;3791;90;53632;5571;1196;5563,Q9Y478;P35968;P35916;Q9UGI9;Q9UGJ0;P54646;P49760;ABI96208;QLI62812;P17948;Q13131;Q04771;O43741;P54619;P43405
T24925,CC(C)(C)NCCCNC(=O)c1cccc(Br)c1,THRSP,0.2471,活性,低毒性,1565,ANW61984
T4264,CCCn1c(NC(=O)c2cccc(C(N)=O)c2)nc2ccccc21,PPARA,0.2469,活性,毒性,51135;3654;6885;10454;1196,NP_001020413;NP_003179;NP_003984;O43318;Q15750;NP_001107654
TN1418,COc1cc(O)cc2oc(-c3ccc(O)c(O)c3)c(O)c(=O)c12,PPARG,0.2469,活性,低毒性,50507,Q9NPH5
T3216,CC(C)N(CCCCOCC(=O)NS(C)(=O)=O)c1cnc(-c2ccccc2)c(-c2ccccc2)n1,RXRA,0.2469,活性,毒性,140;8647;8856;148;1551;292661;5739;5729;5144,NP_000951;P43119;P0DMS8;P43253;ABI96208;Q08499;O95342;P35348;O75469;NP_001071112;NP_000756;Q13258
T12784,CS(=O)(=O)Nc1ccc(Oc2ccc(F)cc2)s1,AOC3,0.2467,活性,低毒性,,
T21764,O=C1NC(=O)C(Cc2ccc3cc(OCc4ccccc4F)ccc3c2)S1,PPARG,0.2467,活性,低毒性,5468,NP_619725
T26861,CC(C)[C@@H](NC(=O)NCC(C)(C)O)C(=O)N1CC[C@](O)(c2ccc(Cl)cc2)C(C)(C)C1,THRSP,0.2466,活性,低毒性,1230,Q2V0Q7;P32246
T8874,Cc1noc(C)c1-c1cc(Cl)c(Nc2ccccc2C(=O)O)c(Cl)c1,PPARD,0.2465,活性,低毒性,79068,Q9C0B1
T60164,O=C(O)c1ccc2noc(-c3ccc(-c4ccccc4)cc3)c2c1,PPARG,0.2465,活性,低毒性,117283;9807;51447,Q96PC2;Q9UHH9;Q92551;Q8NFU5
T28258L,O=C1CCCN1CCCCN1CCN(c2cc(C(F)(F)F)ccn2)CC1,PPARG,0.2465,活性,低毒性,,
T24644,COc1ccc(OC)c(Cc2cnc3nc(N)nc(N)c3c2C)c1,PPARD,0.2463,高活性,毒性,24312;1719;814112;854411;86862560;944790,ABH03417;P07807;O30463;Q9UUP5;P16184;P00374;P00381;Q920D2;XP_001349989;P22906;Q07422;P0ABQ4
T12218,O=C(Nc1ccc(-n2nc(C(F)(F)F)cc2OC(F)F)cc1)c1ccncc1F,PPARG,0.2463,活性,低毒性,,
T72470,C[C@]12CC[C@@H]3c4ccc(OS(N)(=O)=O)cc4CC[C@H]3[C@@H]1CCC2=O,SCD,0.2463,高活性,毒性,2100;765;768;412;759;760;762,P00915;Q92731;P23280;P00918;P03372;P22748;P08842;Q16790
T10407,Nc1nn2cc(F)cnc2c1C(=O)Nc1cncc(F)c1N1CCC(C(=O)N2CCN(C3COC3)CC2)CC1,THRSP,0.2461,高活性,毒性,11073;84126;1196,P49760;Q92547;Q8WXE1;Q13535
T77655,O=C(Nc1ccc(CO)cc1)c1[nH]c2ccc(Cl)cc2c1Cc1ccccc1,AOC3,0.246,活性,低毒性,9368,O14745
T2913,COc1cc2c(c(OC)c1OC)-c1c(cc3c(c1OC)OCO3)C[C@H](C)[C@](C)(O)[C@H]2OC(=O)c1ccccc1,NR1H3,0.246,活性,低毒性,1576,P08684
T72102,COc1cc(C)c(Cl)cc1S(=O)(=O)Nc1ccc2c(c1)CCCN2C(=O)c1ccccc1,PPARD,0.246,活性,低毒性,,P04150
T7624,C[C@@H](N)C(=O)N[C@@H](CO)C(=O)N[C@H](C(=O)N[C@H](C(=O)N[C@H](C(=O)N[C@@H](CC(N)=O)C(=O)N[C@@H](Cc1ccc(O)cc1)C(=O)N[C@H](C(N)=O)[C@@H](C)O)[C@@H](C)O)[C@@H](C)O)[C@@H](C)O,PPARD,0.246,活性,低毒性,1234,P51681
T39233,Nc1cccc(Nc2ncc(-c3ccc(Cl)cc3)o2)c1,PPARG,0.246,活性,低毒性,,Q9NRC8
T14385,Cl.O=C(NCC12CC3CC(CC(C3)C1)C2)c1cc(CCCNCCCO)ccc1Cl,NR1H3,0.2458,活性,低毒性,5027,Q99572
T2365,COc1ccc(Cl)c(Nc2nc3ccccc3nc2NS(=O)(=O)c2cccc(NC(=O)C(C)(C)N)c2)c1,THRSP,0.2458,活性,毒性,6850;5294;5289;5293;1559;5291;1551;7468,P42338;P42336;O00329;Q8NEB9;ABI96208;P78527;QLI62812;O96028;NP_000756;P48736;P43405
T3224,COc1ncnc(Cn2cc(C(=O)NCCO)c3ncc(C)cc32)c1C,THRSP,0.2457,高活性,低毒性,5147;5146;5145;5149;5158;5148,P16499;O43924;P35913;Q13956;P51160;P18545
T72617,O=C(NCc1cn[nH]c1)Nc1ccc(S(=O)(=O)c2ccc(Cl)cc2)cc1,RXRA,0.2455,活性,低毒性,10135,P43490
T4641,CC1(C)CC(Oc2ccc(-c3ccc(-c4cn[nH]c4)cc3O)nn2)CC(C)(C)N1,RXRG,0.2455,活性,低毒性,3757;6606;6607,Q12809;Q16637
T5240,CC(C)CCC[C@@H](C)[C@H]1CC[C@H]2[C@@H]3CCC4=CC(=O)CC[C@]4(C)[C@H]3CC[C@]12C,SCD,0.2455,活性,毒性,,P9WPP0;P9WPL4
T6239,CC(=O)c1c(C)c2cnc(Nc3ccc(N4CCNCC4)cn3)nc2n(C2CCCC2)c1=O.Cl,THRSP,0.2454,活性,低毒性,595;1019,P11802;P24385
TN1839,COc1cc(O)c2c(=O)c(OC)c(-c3ccc(O)cc3)oc2c1,PPARD,0.2452,活性,毒性,,
T4185,O=C(O)c1cc(NCc2cc(O)ccc2O)ccc1O,PPARG,0.2452,活性,低毒性,58819;10645;3932;50507;6002;51426;11201;2770;2237,AAC39835;NP_057302;Q96RR4;P00533;NP_004102;AAC35244;NP_009126;NP_002060;2QQS_A;Q9NPH5;P06239;CAQ07474
T9267,CC[C@@H](C)[C@@H]1NC(=O)[C@@H]2CCCN2C(=O)[C@H](Cc2ccccc2)N(C)C(=O)[C@H](Cc2ccccc2)NC(=O)[C@H](C(C)C)N(C)C(=O)[C@@H]([C@H](C)CC)OC(=O)[C@H](C(C)(C)O)N(C)C(=O)[C@H](CC(C)C)NC(=O)[C@H](C(C)C)N(C)C1=O,THRSP,0.2452,高活性,毒性,3642617;853866;5243,O13332;P08183;Q9Y745;P36107
T15219,O=C(O)CNC(=O)c1c(O)cc(CCc2ccccc2)n2ncnc12,PPARG,0.2451,活性,低毒性,,Q9GZT9;O75936;Q12797
T70812,CN1Cc2nccc(-c3cn(C)nc3-c3ccc(F)cc3)c2C1=O,PPARG,0.245,活性,低毒性,1453,P48730
T9858,CC(C)(C)c1ccc(-c2noc(C3CC(Br)=NO3)n2)cc1,PPARG,0.2449,活性,毒性,,
T3312,CNC(=O)Nc1cc(Oc2cncc(C)c2)c(-c2ccc(OCC(C)(C)O)nc2)cn1,PPARG,0.2449,活性,低毒性,2645,P35557
T14377,COc1cccc([C@@H](Oc2ccc3c(cnn3-c3ccc(F)cc3)c2)[C@H](C)NC(=O)C(F)(F)F)c1,AOC3,0.2448,活性,低毒性,24413;5241,P06536;P04150;P06401
T11807,COc1ccc(S(=O)(=O)ON=C2C=C(C)C(=O)C(C)=C2)cc1,FASN,0.2448,活性,低毒性,2033;187;7157;7151,NP_005152;Q09472;NP_001119587;Q8JUX6;P00784
T23513,Cc1cc(C)c2c(N)c(C(=O)NCc3ccc(Cl)cc3)sc2n1,PPARG,0.2446,活性,低毒性,9970;115;1551;1559;25111;1565,P08485;O60503;ANW61984;ABI96208;QLI62812;ADZ17385;NP_000756;P08173;NP_113735
T4697,CCNC(=O)c1cc2c(-c3cc(C(C)(C)O)ccc3Oc3c(C)cc(F)cc3C)cn(C)c(=O)c2[nH]1,ACACA,0.2444,活性,毒性,8019;676;6046,P25440;Q58F21;Q15059;Q12809;O60885
TP1425,CC[C@H](C)[C@H](NC(=O)[C@@H]1CCCN1C(=O)[C@@H](NC(=O)[C@@H](N)Cc1ccccc1)C(C)C)C(=O)N[C@@H](Cc1ccccc1)C(=O)N[C@H](C(=O)N[C@@H](Cc1ccc(O)cc1)C(=O)NCC(=O)N[C@@H](CCC(=O)O)C(=O)N[C@@H](CC(C)C)C(=O)N[C@@H](CCC(N)=O)C(=O)N[C@@H](CCCNC(=N)N)C(=O)N[C@@H](CCSC)C(=O)N[C@@H](CCC(N)=O)C(=O)N[C@@H](CCC(=O)O)C(=O)N[C@@H](CCCCN)C(=O)N[C@@H](CCC(=O)O)C(=O)N[C@@H](CCCNC(=N)N)C(=O)N[C@@H](CC(N)=O)C(=O)N[C@@H](CCCCN)C(=O)NCC(=O)N[C@@H](CCC(N)=O)C(=O)O)[C@@H](C)O,AOC3,0.2441,活性,低毒性,2862,O43193;NP_001498
T73440,O=C(O)C1CC(OCCOc2ccc(-c3cc(=O)c4cccc(Cl)c4o3)cc2)C1,PPARG,0.244,活性,毒性,,
T7318,C[C@@H]1COCCN1c1cc(-c2ccnn2C)c2ccnc(-c3ccn[nH]3)c2n1,XPR1,0.244,高活性,毒性,84126;6850;2580;1558;55781;5291;1576;2475;2879;7468,P10632;P08684;Q8WXE1;Q13535;P42338;O14976;P36969;P42345;Q9BVS4;O96028;P78527;Q13315;P43405
T63642,COc1ccc(-c2ccc3[nH]c(=O)c4nnn(-c5ccc(N6CCNCC6)c(C(F)(F)F)c5)c4c3c2)cn1,AOC3,0.2438,活性,低毒性,55781,Q9BVS4
T31668,CO[C@@H]1C[C@H](C(=O)Nc2ccc(-n3ccccc3=O)cc2F)N(C(=O)Nc2ccc(Cl)cc2)C1,AOC3,0.2438,活性,低毒性,2159,NP_000495;P00742;2PHB_A
T9199,CCOc1cc(NC(=O)NCc2cc(C)c(-c3cn(C)nc3C(F)(F)F)nn2)cc(C(F)(F)F)n1,AOC3,0.2437,活性,低毒性,9294,O95136
T15614,O=C(N1CCC(C(c2ccc3c(c2)OCO3)c2ccc3c(c2)OCO3)CC1)n1cncn1,PPARG,0.2434,高活性,低毒性,23945;11343;29254,O35678;Q8R431;Q99685;O00519;NP_001243514
T5159,COc1ccc(CC(C)(C)NC[C@H](O)c2cc(O)cc3c2OCC(=O)N3)cc1.Cl,XPR1,0.2433,活性,低毒性,153;154,P08588;P07550
T6412,Cc1nc2ccc(NCc3cccc(C(F)(F)F)c3)cc2n(CCNC(=O)CO)c1=O,PPARG,0.2432,活性,低毒性,246074,O00767;P07308
T21996,Cl.N=C(N)NC(=O)c1cnn(-c2cccc3ncccc23)c1C1CC1,RXRA,0.2432,活性,低毒性,,P35372;P41143;P41145;P19634
T3555,Cc1ccc(S(=O)(=O)Nc2cc(C(F)(F)F)ccc2C(=O)Nc2nc(-c3ccccc3)cs2)cc1,AOC3,0.243,高活性,毒性,6850;115;43740568;7468;9099;9101,O60503;O96028;CAA54800;P40818;O75604;NP_004196;P43405
T1832,Cn1nc(-c2ccc(C(F)(F)F)cc2)nc2c(=O)n(C)c(=O)nc1-2,PPARG,0.2429,高活性,毒性,4837;6850;886300;888777;5409;1565;3176;9970;27232;51567;2876;5347;7151;2593;45424424;9807;7157;7468;115;2879;2271,O60503;ANW61984;P36969;O95551;Q92551;NP_001119587;P21964;Q26304;ABI96208;Q14749;Q14353;P0DTD1;O96028;P07203;P11086;AAH17444;P50135;P9WHH9;NP_005021;P43405;P40261;ADZ17385;P9WIS7
T19669,COc1ccc(S(=O)(=O)Nc2cc(Cl)cc(Cl)c2OC)cc1N1CCNCC1,ACACA,0.2427,活性,低毒性,3362;7468;1559;1551,ABI96208;NP_000862;QLI62812;O96028;P50406;NP_000756
T21519,OC[C@H]1O[C@@H](n2cnc3c(NC4CCCC4)nc(Cl)nc32)[C@H](O)[C@@H]1O,ACACA,0.2424,高活性,低毒性,135;11542;100135472;136;11540;29290;282133;57413;29316;11539;25369;134;100911796,P29275;Q60612;Q60613;P30543;NP_001041695;P0DMS8;NP_037028;Q4VQ11;NP_058851;P47745;P25099;NP_000667;NP_445746;NP_000666;P28647;Q61618;NP_001075445;P30542;P29276;P29274;P28190
T71822,CON=CNc1nc2nccc(C(C)Oc3ccc(C(C)(C)C)cc3)n2n1,AOC3,0.2423,活性,低毒性,3780,NP_002239
T10905,CN1CCC(S(=O)(=O)c2c(Cl)ccc(NC(=O)Nc3cccc(F)c3Cl)c2O)CC1,GPAM,0.2423,活性,低毒性,3579,P25025
T6966,N=C(N)NCCC[C@H](N)C(=O)NCC(=O)N[C@@H](CC(=O)O)C(=O)O,THRSP,0.2423,活性,低毒性,3690;3674,P05106;P08514
TYD-00667,CCCCCCCCCCCC(O)CC(=O)O,THRSP,0.2423,活性,低毒性,53831,Q9NQS5
T9119,NC(=O)c1cccc(-c2ccc(S(=O)(=O)Nc3ccc4c(c3)N(C(=O)C3CC3)CCC4)cc2)c1,AOC3,0.2422,活性,低毒性,4968,O15527
T11888,O=C(COC(=O)Cc1coc2ccc3ccccc3c12)Nc1nnc(-c2ccccc2)o1,PPARG,0.2422,活性,低毒性,,NP_371243
TQ0082,Cc1cc(C)cc([C@@H]2CCCN2Cc2ccc(Oc3ccc(C(N)=O)cc3F)cc2)c1,THRSP,0.2422,高活性,低毒性,4986;4985;4988,P35372;P41143;P41145;NP_000902;NP_001138755;NP_000903
T4171,C[C@H](NC(c1cccc2[nH]c(=O)c(=O)[nH]c12)P(=O)(O)O)c1ccc(Br)cc1,THRSP,0.2421,活性,毒性,2902;6850;2904;2906;24411;116443;116444;24408;24409;2905;2903;24410,Q8TCU5;O60391;Q13224;Q14957;Q12879;Q00959;O15399;P35439;Q00960;Q05586;Q00961;P43405
T61824,O=C(NNC(=O)C1C2C=CC(C3CC23)C1C(=O)O)c1ccc(C(F)(F)F)cc1,PPARG,0.2419,活性,毒性,,
T5190,O=C(Nc1cccc(-c2nncn2C2CC2)c1)c1cc(-n2cnc(C3CC3)c2)ccn1,ACACA,0.2418,活性,毒性,4217,Q99683
T1053,CCN(CCCCOC(=O)c1ccc(OC)c(OC)c1)C(C)Cc1ccc(OC)cc1,THRSP,0.2418,活性,毒性,150;6532;1128;3757;6530;152;1131;6531;4986,P20309;P18825;Q12809;P31645;P41145;Q01959;P08913;P11229;P23975
T25127L,Nc1ccc(SC[C@@H]2CO[C@@](CCc3ccc(Cl)cc3)(Cn3ccnc3)O2)cc1,AOC3,0.2416,高活性,低毒性,24451;79239;25427,P23711;P06762;Q64654
T7334,O=C(CC(c1ccccc1)c1ccccc1)N1CCN(C(c2ccccc2)c2ccccc2)CC1,RXRB,0.2416,活性,毒性,774;6850;25399;50688;3757;1559;782;781;257648;7468,Q02294;NP_001182128;Q00975;Q12809;QLI62812;O96028;P54290;P43405;P54283;Q02641;P54289
T40542,CCCCCN1C[C@H](O)[C@@H](O)[C@H](O)[C@@H]1CO,RXRB,0.2413,活性,低毒性,57704,Q9HCG7
T9878,C=C(c1ccccc1OCc1cccc(Cl)c1)n1ccnc1,THRSP,0.2413,活性,低毒性,8856;148;3757;2908;6530;5144;3357;3356;4986,Q12809;P41145;Q08499;P41595;P35348;O75469;P04150;P28223;P23975
T15338,CC(C)c1cc(C(C)C)c(-c2csc(N(CCN(C)C)Cc3cccnc3)n2)c(C(C)C)c1,XPR1,0.2413,活性,低毒性,5724,NP_001158195
T3710,CN1c2ccccc2C(=O)Nc2cnc(Nc3ccc(N4CCC(O)CC4)cc3)nc21,AOC3,0.2412,高活性,毒性,9212;6790;10188,O14965;Q96GD4;Q07912
T10772,CNCCCOc1cc(F)c(-c2c(Cl)nc3ncnn3c2N[C@@H](C)C(F)(F)F)c(F)c1,PPARD,0.2412,高活性,毒性,28989;6850;142;43740568;7468;1489834,Q9BV86;AMB37292;P09874;O96028;P43405
T12624,O=C(c1ccccc1)c1ccc2n1CC[C@H]2C(=O)O,ACACA,0.2411,高活性,低毒性,998;5879,P63000;P60953
T9592,C[C@H]1CN(C2CCN(c3nc(N)n[nH]3)CC2)[C@@H](Cc2ccc(Cl)cc2)CO1,SCD,0.2411,活性,低毒性,81600;27159;71884,Q91XA9;Q13231;Q9BZP6;Q9D7Q1
T37806,C[C@H]1Cc2c(nnn2-c2ncc(F)cn2)CN1C(=O)c1ccnc(C(F)(F)F)c1F,THRSP,0.2411,活性,低毒性,5027;29665,Q64663;Q99572
T22341,CNS(=O)(=O)c1ccc(N(C)C)c(Nc2ncnc3cc(OC)c(OC)cc23)c1,ACACA,0.241,活性,低毒性,673;100526835;51086,P15056;Q59H18
T35545,C[C@H](NC(=O)c1ccc2c(-c3ccc(C(F)(F)F)cc3)cccc2c1)c1cccc(N)n1,AOC3,0.241,活性,毒性,,
T4424,Nc1n[nH]c2cc(-c3ccc(=O)n(Cc4cccc(Cl)c4)c3)ccc12,AOC3,0.241,活性,低毒性,2872;8569,Q9BUB5;Q9HBH9
T7181,Nc1nonc1C(=NO)Nc1ccc(F)c(Br)c1,PPARG,0.241,活性,低毒性,3620,P14902
T24530,COC(=O)c1cc2c(C(F)(F)F)cc(-c3ccccc3)cc2n1O,PPARG,0.241,活性,低毒性,3939,P00338
T22995,COc1ccc(N2CCN(CCCNC(=O)Cn3c(=O)c4cccn4c4c(C)ccnc43)CC2)cc1,ACACA,0.2408,活性,低毒性,1814;1551;6530;3269;4986,P35367;P41145;ABI96208;P35462;NP_000756;P23975;NP_000903
T29114,Cc1ccc(O)c(-c2cc(-c3ccccc3)[nH]n2)c1,PPARG,0.2408,活性,低毒性,3064,P42858
T11184,CCc1nc(C(N)=O)c(Nc2ccc(N3CCC(N4CCN(C)CC4)CC3)c(OC)c2)nc1N[C@H]1CC[C@H](OC)CC1,PPARG,0.2407,活性,毒性,,
T1942,CC(C)Oc1ccc(-c2cnc3c(-c4ccnc5ccccc45)cnn3c2)cc1,PPARG,0.2401,活性,毒性,6850;94;658;90;1551;657;3458,P37023;P36896;P36894;O00238;ABI96208;NP_000610;NP_000756;Q04771;P43405
T28728,OC1(c2ncccn2)CC2CCC(C1)N2C(c1ccccc1Cl)c1ccccc1Cl,XPR1,0.2401,高活性,低毒性,4988;4987,P35372;P41146
T27467,CC1=C(C(=O)Nc2ccc3[nH]ncc3c2)C(c2ccc3ccccc3c2)CC(=O)N1,ACACA,0.2395,活性,低毒性,6198;6195;6093;7525,NP_005424;P23443;Q13464;Q15418
T12077,COc1cc(-c2ccnc3c2c(C)nn3-c2ccc(C(F)(F)F)cc2)ccc1O,AOC3,0.2395,活性,低毒性,,ACF54603
T11428,CC[C@H]1[C@@H](O)[C@@H]2[C@H](CC[C@]3(C)[C@@H]([C@H](C)CCC(=O)NCC(=O)O)CC[C@@H]23)[C@@]2(C)CC[C@@H](O)C[C@@H]12,PPARG,0.2395,高活性,低毒性,9971;227289;151306,Q96RI1;Q8TDU6;Q80SS6
T39403,Nc1nccc(-c2ccc(O)c(-c3ccnc(N)n3)n2)n1,PPARG,0.2395,高活性,低毒性,8851;1020,Q15078;Q00535
TQ0217,COc1cc2c(c(OC)c1OC)-c1c(cc3c(c1OC)OCO3)[C@H](OC(=O)c1ccccc1)[C@@](C)(O)[C@@H](C)C2,AOC3,0.2394,活性,低毒性,,
T79535,FC(F)(F)c1ccc(-c2nccc3c2[nH]c2ccccc23)cc1,SCD,0.2394,活性,低毒性,,
T2045,COc1cc2ncnc(Nc3ccc(O)cc3)c2cc1OC,PPARG,0.2393,活性,毒性,6850;3718;5979;3791;1551;238,P35968;O14976;P00533;Q2M2I8;P07949;P36888;Q6ZSR9;Q9UK32;Q9NWZ3;O43353;NP_000756;P43405;Q9UM73;P52333;O94804;Q9H2G2
T40229,O=C(NC1CCC1)c1ccc2nc(-c3cccc(NS(=O)(=O)NCCN4CCCCC4)c3)cn2c1,RXRG,0.2393,活性,低毒性,4298,Q03111
T13408,CC[C@@H](Oc1nc(Oc2cccc(-c3cccc(CN)c3)c2)c(F)cc1F)C(=O)O,AOC3,0.239,活性,低毒性,5327;5340;5328,P00747;P00749;P00750
T4S0227,COc1ccc(-c2cc(=O)c3c(OC)c(OC)c(OC)cc3o2)cc1OC,PPARG,0.239,活性,低毒性,4221;4297;9212;5243,Q9UNQ0;NP_000235;Q00987;P04637;Q96GD4;NP_005924;P08183
T2288L,CC1(C)CNc2cc(NC(=O)c3cccnc3NCc3ccncc3)ccc21.O=P(O)(O)O.O=P(O)(O)O,THRSP,0.239,活性,低毒性,,
T25327,CC[C@H](C)[C@H]1NC(=O)[C@@H](NC(=O)[C@@H](CC(C)C)N(C)C(=O)[C@@H]2CCCN2C(=O)[C@H](C)O)[C@@H](C)OC(=O)[C@H](Cc2ccc(OC)cc2)N(C)C(=O)[C@@H]2CCCN2C(=O)[C@H](CC(C)C)NC(=O)[C@@H](C)C(=O)[C@H](C(C)C)OC(=O)C[C@@H]1O,PPARG,0.2389,活性,低毒性,,
T8992,CC1(C)CC(=O)C2=C(C1)OC1=C(C(=O)CC(C)(C)C1)C2c1ccc(OCc2ccccc2Br)cc1,THRSP,0.2388,活性,低毒性,4985,P41143
T33595,COc1ccc2cc([C@H](C)C(=O)OCCCCO[N+](=O)[O-])ccc2c1,NR1H3,0.2386,活性,低毒性,5743;5742,NP_542158;NP_000954
T10508,Cc1c(O)c(C)c2sc(NCc3ccc(S(N)(=O)=O)cc3)nc2c1C,RXRG,0.2386,活性,低毒性,240;1241;25290,Q15722;P09917;P12527
T34994,CSc1ccc(Oc2ccc(S(N)(=O)=O)cc2CN(C)C)cc1,PPARG,0.2383,活性,低毒性,,P31645
T14693,CC(C)CN(CC(=O)N(CCCN1CCCC1=O)CC(N)=O)C(=O)CNCCc1ccccc1F,THRSP,0.2382,活性,低毒性,,
T3293,COc1ccc(-c2nc(-c3cc(C(F)(F)F)cc(C(F)(F)F)c3)n(Cc3ccc(C(N)=O)cc3)c2-c2ccc(OC)cc2)cc1,THRSP,0.2382,活性,毒性,4837;2593;27232;6850;1559;5409;3176,P43405;ABI96208;QLI62812;Q14749;P40261;P21964;P11086;Q14353;P50135
T10366,N=C(N)NCCC[C@H](N)C(=O)NCC(=O)N[C@@H](CC(=O)O)C(=O)N[C@@H](CO)C(=O)O,AOC3,0.238,活性,低毒性,3690;3688;3678;3674,P05106;P08514;P05556;P08648
T7352,CCCN1CCC(c2cccc(S(C)(=O)=O)c2)CC1,THRSP,0.2379,活性,低毒性,1565;10280;27346,Q5BJF2;P14416;ANW61984;Q99720
T23782,NS(=O)(=O)c1nnc(NS(=O)(=O)c2ccccc2)s1,FASN,0.2378,高活性,低毒性,3636621;762;280741;771;765;12352;759;760;45427576;80733;11238;855692;886987;768;766;23632;763;887836;45425256,Q9ULX7;Q3I4V7;A6YCJ1;B5SU02;P35218;P43166;3D8W_A;P23280;P22748;Q31FD6;NP_001122302;P23589;Q6FTL6;C0IX24;Q5AJ71;O43570;P53615;Q99N23;Q95323;A0A0H3GB68;3DBU_A;B2V8E3;P9WPJ9;P9WPJ7;Q5U9J1;P00915;NP_001209;O24855;P00918;Q5TU56;Q9Y2D0;Q16790
T3597,COc1ccc(CCN2CCN(CCCc3ccccc3)CC2)cc1OC.Cl.Cl,GPAM,0.2378,活性,低毒性,100135589,Q60492
T5184,COc1cc(N2CCN(C)CC2)ccc1Nc1ncc2c(n1)N(C)c1ccccc1C(=O)N2C,ACACA,0.2377,高活性,毒性,6850;2580;8711;9201;65975;5598;166614;120892;7468;10188,Q13164;Q8N568;Q5S007;O14976;Q07912;O96028;O15075;O60885;Q13470;NP_112168;P43405
T1788,CCN(c1cc(-c2ccc(CN3CCOCC3)cc2)cc(C(=O)NCc2c(C)cc(C)[nH]c2=O)c1C)C1CCOCC1,GPAM,0.2377,活性,毒性,6850;23512;121536;1559;2145;1551;1565;8726;5928;2146,B5DFE2;ANW61984;Q09028;O75530;ABI96208;QLI62812;Q15022;Q15910;Q96KQ7;Q92800;NP_000756;Q6ZN18;NP_004447;P43405
T27850,Cc1ccccc1NS(=O)(=O)c1ccc(C2CCCCC2)cc1,PPARA,0.2375,活性,低毒性,124274,NP_001002911
T6960L,CC(C)NCCCn1c(Sc2cc3c(cc2I)OCO3)nc2c(N)ncnc21.Cl,THRSP,0.2375,活性,低毒性,,
TN1299,O=c1c(-c2ccc(O)cc2)coc2cc(O)c(O)cc12,PPARG,0.2374,活性,低毒性,239,P18054
T7305,CCCc1cc(C)[nH]c(=O)c1CNC(=O)c1cc(-c2ccc(N3CCN(C)CC3)nc2)nc2c1cnn2C(C)C,THRSP,0.2374,活性,毒性,2146,Q15910;NP_004447
T31611,CCCCCCN(Cc1ccc(CC(C)(C)C)cc1)C(Nc1cc(C(C)(C)C)c(O)c(C(C)(C)C)c1)=C1C(=O)OC(C)(C)OC1=O,THRSP,0.2373,活性,低毒性,,P24752
T4664,Cc1cc(NC(=O)Nc2ccc(F)c(F)c2)n(-c2ccccc2)n1,PPARA,0.2372,活性,低毒性,3762;3757;3763;1559;3760,NP_000881;ABI96208;P48549;QLI62812;P48051;P48544;NP_001247439;NP_001191727
T67847,Cc1ccc(NC(=O)c2ccc(CCl)cc2)cc1Nc1nccc(-c2cccnc2)n1,AOC3,0.2371,高活性,低毒性,25;3815,P00519;P10721;P16234
T60774,CC1(C)CCC(Cc2cc(O)c(-c3ccccc3)c(=O)[nH]2)CC1,THRSP,0.2368,高活性,低毒性,45425463;886523,P9WGR1
T8492,COc1ccc(-c2cc(Nc3ccnc(N4CCOCC4)n3)on2)cc1,PPARG,0.2367,活性,低毒性,1576;1559,P11712;P08684
T17103,Cc1nn(-c2ncnc3[nH]cnc23)c2c1C(c1ccc(F)cc1Cl)CC(=O)N2,AOC3,0.2365,活性,低毒性,71111;2863,Q5U431;O43194
T1944,COc1cc(-c2cc(-c3ccc(N4CCNCC4)cc3)cnc2C)cc(OC)c1OC,SCD,0.2365,活性,毒性,7046;6850;1559;94;8767;90;1551;7468;657,P37023;NP_001070869;NP_001124388;NP_004320;P36894;P36897;QLI62812;O96028;NP_000756;Q04771;O43353;NP_001104537;P43405
T27475,CCn1ncc2c(NC3CCOCC3)c(-c3nnc(Cc4sc(C)nc4C)o3)cnc21,THRSP,0.2363,活性,低毒性,,Q14432;Q13370;Q13946
T6058,NC1=N[C@@]2(c3cc(NC(=O)c4ccc(F)cn4)ccc3F)COC[C@H]2CS1,THRSP,0.2363,活性,毒性,23821;25825;6850;23621,P56818;Q9Y5Z0;P43405;P56817
T8263,O=c1c(O)c(-c2ccc(O)cc2)oc2ccccc12,GPAM,0.2362,活性,低毒性,1576;19885,O42713;C7FF05;2O23_A;NP_059488;C7FF04;2O23_B;NP_035411;Q00024
T7549,CCC(NC(=O)c1c(O)c(-c2ccccc2)nc2ccccc12)c1ccccc1,SCD,0.2362,活性,低毒性,,
T12580,NS(=O)(=O)c1ccc(-n2nc(CCCNC(=O)Nc3ccc(C(F)(F)F)cc3)cc2-c2ccccc2)cc1,NR1H3,0.2357,活性,低毒性,5743;2053,P35354;P34913
T7378,O=C(O)c1ccc2c(c1)nc(NC(=O)c1ccccc1)n2CCCc1ccccc1,THRSP,0.2357,高活性,低毒性,10919;79813,NP_001276342;Q96KQ7;Q9H9B1
T5207,COc1cc(-c2cc(-c3ccc(Cl)cc3)nc(=O)[nH]2)ccc1O,PPARA,0.2356,活性,低毒性,6387,P48061
T3680,COC(=O)CC1CC(c2ccc(O)cc2)=NO1,PPARG,0.2356,活性,低毒性,29336;9970;10013;4282;1551,P14174;Q9R0C9;NP_000756;ADZ17385;Q9UBN7
TN2883,COc1ccc(-c2cc(=O)c3ccccc3o2)cc1OC,PPARG,0.2356,活性,低毒性,2648;4129;5243;1576;4128,P27338;NP_066564;2O23_A;NP_059488;AAG24257;P21397;2O23_B;AAI07878;P08183;2ISV_A
T85731L,C[C@@H]1COCCN1c1cc(N=[S@](C)(=O)C2CC2)nc(-c2ccnc(N)c2)n1,THRSP,0.2356,活性,低毒性,84126,O14757;Q8WXE1;Q13535
TN6552,COc1cc(OC)c2c(=O)cc(-c3ccc(O)c(O)c3)oc2c1,PPARG,0.2355,活性,低毒性,24898,P23977
T39572,O=C(CN1C(=O)C2(CCN(C(=O)c3ccc4[nH]ncc4n3)CC2)c2c(Br)cccc21)NCC(F)(F)F,RXRA,0.2355,高活性,低毒性,780;4921,Q16832;Q08345
T30252,CCS(=O)(=O)Nc1ccc2c(c1)nc(C(C)(C)C)n2CC1CCC(F)(F)CC1,AOC3,0.2354,高活性,低毒性,1269;1268,P21554;P34972
T13394,Cc1noc(C)c1-c1ccc(=O)n(Cc2ccc(C3CO3)c(F)c2)c1,PPARG,0.2354,活性,低毒性,,O60885
T15605,O=C(CCCCCn1cc(Nc2ncc(Cl)c(Nc3ccc(Cl)cc3)n2)cn1)NO,PPARG,0.2346,活性,毒性,9759;51564;10013;10014;9734;3718;7297;3065;8841;79885;3066;83933;55869,Q96DB2;Q8WUI4;O60674;Q9UKV0;Q9UQL6;Q9BY41;Q13547;Q9UBN7;P23458;P29597;P56524;Q969S8;P52333;Q92769;O15379
T4694,COc1cc2ncnc(Nc3cccc(I)c3)c2cc1OC.Cl,SCD,0.2341,活性,低毒性,,P00533
T15802,CN(C)C(=O)n1nnnc1Cc1ccc(-c2ccccc2)cc1,PPARG,0.234,活性,低毒性,100911581;320024;66082;14073;23945,O35678;Q8BLF1;P97612;O08914;AAP35567;Q8R2Y0;O00519;Q99685
T12660L,CNC(=O)N1N=C(c2ccc(N3CCN(C)CC3)cc2)c2cc(OC)c(OC)cc2C[C@@H]1C,RXRG,0.234,活性,低毒性,,O60885
T87651,C[C@H](CO)NC(=O)c1ccc2c(Oc3ccc(C(F)(F)F)cc3)cccc2c1,PPARG,0.2339,活性,低毒性,,Q26304
T77615,FC(F)(F)c1ccc(Oc2ccc(Nc3ncnc4ccccc34)cc2)cc1,AOC3,0.2336,活性,低毒性,,
TN1860,CC(C)=CCc1cc(-c2cc(=O)c3cc(CC=C(C)C)c(O)cc3o2)ccc1O,THRSP,0.2336,活性,毒性,,B4URF0
T67198,CCCCCCCCCCCCCC(=O)NCCO,AOC3,0.2335,活性,低毒性,51548,Q8N6T7
T8990,CN(C(=O)CNC(=O)c1ccccc1OCC(=O)Nc1ccc(Br)cc1)c1ccccc1,AOC3,0.2335,活性,低毒性,2629,BAA02545
T1985,COc1cc2ncnc(Nc3ccc(O)c(Br)c3)c2cc1OC,PPARG,0.2335,活性,毒性,28989;3717;6850;3718;1956;1559;9429;5243;3716;7468;3458,NP_958441;Q9UNQ0;Q9BV86;EAW58774;NP_002218;NP_004963;QLI62812;O96028;NP_000610;NP_000206;P08183;P52333;P43405
T9080,CC(C)C[C@H](NC(=O)[C@@H]1CSSC[C@@H]2NC(=O)[C@H](CC(C)C)NC(=O)[C@H](CCC(=O)O)NC(=O)[C@@H](NC(=O)[C@H](CCC(=O)O)NC(=O)[C@H](CC(=O)O)NC(=O)[C@@H](N)CC(N)=O)CSSC[C@H](NC(=O)[C@H](C)NC(=O)[C@H](C(C)C)NC(=O)[C@H](CC(N)=O)NC(=O)[C@H](C(C)C)NC2=O)C(=O)N[C@@H]([C@@H](C)O)C(=O)NCC(=O)N1)C(=O)O,AOC3,0.2334,活性,低毒性,2984,NP_004954
T1857,O=C(NCC1(c2nc(-c3ccccc3)cs2)CCOCC1)c1cccc(-c2noc(C(F)(F)F)n2)c1,NR1H4,0.2334,活性,低毒性,10014;51564;10013;9759;1559;1551;9734;7468;83933;55869,NP_478056;Q9UQL6;Q9BY41;QLI62812;NP_000756;NP_006028;Q8WUI4;ABI96208;Q969S8;Q9UBN7;O15379;Q96DB2;Q13547;O96028;Q9UKV0;NP_005465;NP_056216;P56524;Q92769
T39115,COc1ncc(S(=O)(=O)Nc2cncc(Cl)c2O)cc1Br,AOC3,0.2328,活性,低毒性,6280,P06702
T8466,COc1ccc(-c2csc(NC(=O)[C@H](Cc3c[nH]c4ccccc34)NS(=O)(=O)c3ccc(C)cc3)n2)cc1,XPR1,0.2328,活性,低毒性,7965,Q13155
T2412,Cl.O=C(Nc1ccccc1-c1cn2c(CN3CCNCC3)csc2n1)c1cnc2ccccc2n1,GPAM,0.2327,活性,毒性,,
T15178,CCCOc1cccc(Oc2cc3c(cc2NS(=O)(=O)c2cccc(C(=O)NCCOCCOCCOCC(=O)N[C@H](C(=O)N4C[C@H](O)C[C@H]4C(=O)NCc4ccc(-c5scnc5C)cc4)C(C)(C)C)c2)n(C)c(=O)n3C)c1,PPARD,0.2324,活性,低毒性,8805,O15164
T14364,Cc1nccc(-c2cn(Cc3ccccc3)c3cnccc23)n1,SCD,0.2324,活性,低毒性,9149,Q9Y463
T78157,NC(=O)c1ccccc1OCc1cccc(NC(=O)c2ccc(Br)cc2)c1,AOC3,0.2323,活性,毒性,10038;142,Q9UGN5;P09874
T6174,COc1cc(Nc2ncc(F)c(Nc3ccc4c(n3)NC(=O)C(C)(C)O4)n2)cc(OC)c1OC.O=S(=O)(O)c1ccccc1,ACACA,0.2322,活性,低毒性,,Q06418;P0DMS8
T36061,CCCc1nn(C)c2c(=O)nc(-c3cc(S(=O)(=O)N4CCNCC4)ccc3OCC)[nH]c12,THRSP,0.2322,高活性,低毒性,8654;81742;29691,O76074;Q9EPR9;Q01066;Q63421
T2603,C=CC(=O)Nc1cccc(Nc2nc(Nc3ccc(OCCOC)cc3)ncc2F)c1,PPARD,0.2321,高活性,毒性,4837;6850;969;3718;7006;1559;5409;43740568;3176;27232;660;3702;7151;1489834;7294;2593;695;4067;1551;7157;7468;7525,Q08881;NP_001119587;QLI62812;NP_000756;P21964;P00533;O60674;ABI96208;P42680;Q14749;Q14353;Q07108;Q06187;AMB37292;P07948;O96028;NP_005424;P11086;P52333;P50135;P42681;P51813;NP_000052;P40261;P43405
T3193,Cc1ccc(NC(=O)CCCCCC(=O)Nc2ccccc2N)cc1,PPARG,0.2321,活性,低毒性,3066;3065;8841,Q13547;Q92769;O15379
T16538,Nc1nc(OCc2ccc(CNC(=O)C(F)(F)F)cc2)c2[nH]cnc2n1,THRSP,0.2321,活性,低毒性,5300,Q13526
T9657,Clc1cccc(N2CCN(c3cnnc4c(Cl)cccc34)CC2)c1,PPARD,0.2319,活性,低毒性,,
T28904,CCS(=O)(=O)c1oc(-c2ccc(F)cc2)nc1S(=O)(=O)c1ccccc1,PPARG,0.2319,活性,毒性,58819;24660;59350;37627025;2475;7157;7421,AAA42670;NP_004949;AAK85233;NP_001017535;AAC35244;AAI07878;NP_000537;NP_371243;P25094;Q9HBX9
T2058,Cc1cc(NC(=O)NCCN2CCC(O)(Cc3ccccc3)CC2)c2ccccc2n1,GPAM,0.2318,活性,低毒性,4837;6532;2593;27232;150;3358;1813;3356;3352;6530;10280;27346;5409;1565;3357;1551;2837;3176,Q5BJF2;P28221;ANW61984;NP_061822;P08913;P41595;NP_000756;P21964;Q9UKP6;Q99720;Q14749;P28223;Q14353;P11086;P50135;P14416;P31645;P28335;P40261;P23975
T5210,OC(CN1CCNCC1)Cn1c2ccc(Br)cc2c2cc(Br)ccc21,NR1H3,0.2318,活性,毒性,65975;3458,2VM6_A;NP_000610;P06856;CAC29064
T10690,COc1ccccc1-n1nc(C2CC(C)(C)OC(C)(C)C2)cc1-c1ccc(Cl)cc1,RXRG,0.2318,活性,低毒性,774,Q00975
T10277,Cc1c(F)cc(C(=O)NC2CC2)cc1-c1c(F)cn2c(C(C)(C)C)nnc2c1F,PPARG,0.2316,活性,低毒性,5603;5979,O15264;P07949
T9237,CCCN(CCc1cccs1)C1CCc2c(O)cccc2C1,THRSP,0.2314,活性,低毒性,,
T3S0872,CSC(=O)OCC1=C[C@@H]2OC(=O)C3=CO[C@@H](O[C@@H]4O[C@H](CO)[C@@H](O)[C@H](O)[C@H]4O)[C@H]1[C@@H]32,PPARG,0.2312,活性,低毒性,4837;2593;27232;5409;3176,Q14749;P40261;P21964;P11086;Q14353;P50135
T7312,NC(=O)c1c(NC(=O)C2CC2)sc2c1CCCC2,GPAM,0.2311,活性,低毒性,2322;886397,P9WI73;2PZI_A;P36888
T77763,CCOC(=O)c1cc([N+](=O)[O-])c(Oc2ccc(C(=O)OC)cc2)s1,XPR1,0.2311,活性,低毒性,,Q14694
T4588,C[C@H](CCC(=O)NCC(=O)O)[C@H]1CC[C@H]2[C@@H]3[C@H](O)C[C@@H]4C[C@H](O)CC[C@]4(C)[C@H]3CC[C@]12C,PPARG,0.2308,活性,低毒性,6555;8647;80900;9971;151306,NP_003733;Q96RI1;Q8TDU6;O95342;Q12908;O88397
T16727,Cn1cc(S(=O)(=O)N2CCC3=Cc4c(cnn4-c4ccc(F)cc4)C[C@]3(C(=O)c3cc(C(F)(F)F)ccn3)C2)cn1,AOC3,0.2306,活性,低毒性,24413;1558;1559;1557;1576;1577;1565,P10632;P08684;P10635;P11712;P06536;P33261;P20815;P04150
T3985,CC(C)n1ncnc1-c1cn2c(n1)-c1ccc(O[C@@H](C)C(N)=O)cc1OCC2,THRSP,0.2306,活性,毒性,6850;5294;5293;5295;7468,P42336;O00329;O96028;P27986;P48736;P43405
T3468,Cc1cc(Nc2cc(N)ncn2)c(=O)n2c1C(=O)NC21CCCCC1,AOC3,0.2305,活性,毒性,57396;2872;8569;1977;9263;7468,Q9HAZ1;Q9BUB5;P06730;O96028;Q9UEE5;Q9HBH9
T11381,CS(=O)(=O)N1CCN(Cc2cc3nc(-c4cccc5[nH]ncc45)nc(N4CCOCC4)c3s2)CC1.CS(=O)(=O)O.CS(=O)(=O)O,RXRG,0.2305,活性,低毒性,10257,O15439
T4445,CCc1nn(C)c(C(=O)NCc2ccc(Oc3ccc(C)cc3)cc2)c1Cl,RXRB,0.2303,活性,毒性,1551;7468;1559,QLI62812;NP_000756;ABI96208;O96028
T11462,O=c1nc(OCC2COCCO2)cc2n1CCc1cc(OCc3ccccn3)ccc1-2,RXRG,0.2303,活性,低毒性,53831,Q9NQS5
T3983,CC(C)(CNC(=O)c1cccc(-c2noc(C(F)(F)F)n2)c1)c1coc(-c2ccccc2)n1,SCD,0.2303,活性,毒性,9759;51564;10014;6850;9734;7468;55869,Q8WUI4;Q9UQL6;Q9UKV0;Q9BY41;O96028;P56524;P43405
T15173,Cc1cc(Nc2ccc(S(F)(F)(F)(F)F)cc2)n2nc(C(C)(F)F)nc2n1,PPARG,0.2302,活性,低毒性,3757;56749;65156;3885966,Q54A96;Q08210;Q12809;O35435;Q63707
T13848,Nc1nnc(-c2ccccc2O)cc1N1CCNCC1,THRSP,0.2302,高活性,低毒性,6595;6597;55193,Q86U86;P51532;P51531
T21637,Cc1cccc(-c2nc(C(C)(C)C)[nH]c2-c2ccc3c(c2)OCO3)n1.Cl,THRSP,0.2302,高活性,低毒性,1432;7046,Q16539;P36897
T67844,CC(=O)N1CCC(COc2cc(F)c3c(=O)nc(CSC4CCOCC4)[nH]c3c2)CC1,PPARD,0.2299,活性,低毒性,,Q460N5
T26644,CC(C)OP(=O)(OC(C)C)C(Cc1cc(C(C)(C)C)c(O)c(C(C)(C)C)c1)P(=O)(OC(C)C)OC(C)C,THRB,0.2299,活性,低毒性,3156,P04035
T25859,N=C1SC(=Cc2c[nH]nc2-c2ccc(F)cc2)C(=O)N1c1nccs1,PPARG,0.2295,活性,低毒性,814112,XP_001349989
T73328L,CCc1nc(N)nc(N)c1OCCCOc1ccccc1CCC(=O)O.Cl,SCD,0.2294,活性,低毒性,,P13922
T68130,O=C(O)CCS[C@H](c1ccccc1CCCCCCCCc1ccccc1)[C@@H](O)C(=O)O,THRSP,0.2294,高活性,低毒性,57105;10800;100135514,Q2NNR5;NP_065110;Q9Y271;NP_006630;Q9NS75
T8919,CCCc1nn(C)c2c(=O)[nH]c(-c3cc(S(=O)(=O)N4CCN(CC)CC4)ccc3OCC)nc12,AOC3,0.2292,活性,低毒性,8654,O76074
TN4675,COc1cc(C[C@H]2COC(=O)[C@]2(O)Cc2ccc(O)c(OC)c2)ccc1O,PPARG,0.2292,活性,低毒性,,
T16475,CC[C@@H](C)Nc1nc(C)nc2c(-c3ccc(OC)nc3C)c(C)nn12,XPR1,0.229,活性,低毒性,6865;104909134;58959;29290;1394,P35353;P21452;P25099;P34998
T38367,O=C(Nc1ccc(OC(F)(F)F)cc1)NC1CCN(C(=O)C2CC2)CC1,AOC3,0.2288,高活性,低毒性,2053;13850,P34914;P34913
T22633,COC1CN(C(=O)c2ccc3c(N)ncc(-c4ccc(-c5cnn(C)c5)cc4)c3n2)C1,THRSP,0.2288,高活性,低毒性,892;1024;23097,NP_055891;P24863;P49336;Q9BWU1;NP_001251
T8245,O=c1cc(-c2ccc(O)c(O)c2)oc2ccccc12,GPAM,0.2286,活性,低毒性,25197;142;547923;64445;3248;51426;1576;19885;8658;6607;5594;80351;240;6480;4137;246,NP_000851;NP_057302;P09917;Q02734;AAI14949;P15907;P09874;P13721;Q9C0B1;P08170;NP_059488;NP_035411;O95271;Q54A96;Q9H2K2;AAC52118;2O23_A;NP_002736;2W2I_A;2O23_B;AAP35567;NP_059107
T69691,COC(=O)N1c2ccc3c(nc([C@H](O)c4cc(F)ccc4OC)n3[C@@H]3CCC[C@@H](C(=O)O)C3)c2CC[C@@H]1C,THRSP,0.2286,活性,低毒性,1387,Q92793
T6511,Cn1nccc1Nc1nccc(-c2ccn([C@H](CO)c3ccc(Cl)c(F)c3)c(=O)c2)n1,PPARG,0.2285,活性,毒性,6850;5595;57172;1559;9807;5594;1551;7468,Q92551;QLI62812;Q6ZSR9;NP_000756;P28482;Q96NX5;NP_001103361;P08581;P27361;P09619;Q7L7X3;ABI96208;Q9NSY1;O14976;P25098;P49840;O96028;Q2M2I8;NP_002736;Q04771;Q14004;P49841;P43405
T24154,Cc1ccc(S(=O)(=O)NC(=O)COc2ccc3ccccc3c2)c(C)c1,PPARG,0.2285,活性,低毒性,10411,O95398
T23469,NS(=O)(=O)c1ccc2c(c1)C1C=CCC1C(c1cccc3ccccc13)N2,THRSP,0.2285,高活性,低毒性,3064;1139,P36544;P42858
T3458,CS(=O)(=O)c1ccc(-c2cnc(NCc3ccco3)n3cnnc23)cc1,THRSP,0.2285,活性,毒性,23512;121536;2145;43740568;8726;5928;2146,Q09028;O75530;Q15022;Q15910;Q92800;Q6ZN18
T16811,CCOCN1C2=C(C(=O)Nc3ccccc3F)C(=O)CCN2c2ccc(F)cc21,SCD,0.2281,活性,低毒性,25451;29707;140674;289606;140675;29708;79211;65191;29705;29709;81658;24947;24922;29689;25450,P28473;P15431;P19969;P62813;P63138;P63079;O09028;P18506;P30191;P18508;Q9ES14;P20236;P28471;P23574;P23576;Q91ZM7
T63897,Cl.Cl.Cl.Cl.c1ccc2c(-c3cnn4cc(-c5ccc(N6CCNCC6)cc5)cnc34)ccnc2c1,AOC3,0.228,活性,毒性,,
T15335,CN1CCN(Cc2ccc(NC(=O)c3n[nH]cc3Nc3ncnc4[nH]ccc34)cc2)CC1,PPARG,0.228,高活性,毒性,595;1019;8900;1021;2322,P11802;P78396;Q9P1W9;P24941;O75909;Q00534;P36888;Q9NYV4;Q14004;P24385
T17144,CCn1ncnc1COc1nn2c(-c3ccccc3F)nnc2cc1C(C)(C)C,AOC3,0.2279,高活性,低毒性,2556;2554;2558;2555;2562;2566,P18507;P28472;P47869;P31644;NP_001158509;NP_001121120;NP_001107647;P34903;NP_000799;P14867
T9947,c1ccc(-c2cc(-c3cn[nH]c3-c3ccccn3)ccn2)cc1,THRSP,0.2277,活性,低毒性,7046,P36897
T29097,c1ccc(Cn2nnc3c(Sc4ncco4)ncnc32)cc1,AOC3,0.2275,活性,低毒性,,
T71321,CS(=O)(=O)N1CCCC[C@H]1C(=O)Nc1nc2cc3c(cc2s1)OCCO3,PPARG,0.2275,活性,低毒性,18168;100996758;5540,O70342;P50391
T3303,COc1ccc(-c2csc(NC(=O)[C@H]3CCCCN3S(=O)(=O)c3ccc(C)cc3)n2)cc1,PPARG,0.2275,活性,毒性,6850;1559;3784;1551;7468,ABI96208;QLI62812;NP_000209;O96028;P51787;NP_000756;P43405
T6891,Cn1c(-c2ccccc2C(F)(F)F)nnc1C12CCC(c3noc(C4CC(F)(F)C4)n3)(CC1)CC2,RXRA,0.2274,活性,低毒性,,
T14372,COc1ccc(-c2nnc(C(=O)N3CC(Oc4ccc(CN5CC6(COC6)C5)cc4)C3)o2)cc1,RXRG,0.2274,活性,低毒性,11255;207911,Q9Y5N1;Q99705;Q8JZL2
T14366,Cl.Cl.O=C(CC12CC3CC(CC(C3)C1)C2)Nc1cccc2nc(NCCNCCO)ccc12,THRSP,0.2274,活性,低毒性,,Q99572
T9519,Cc1cnc(-c2cc(O[C@@H]3CCOC3)cc(C(=O)N[C@H](C)c3cnc(C(F)(F)F)nc3)c2)s1,XPR1,0.2274,高活性,低毒性,5024;22953,Q9UBL9;P56373
T4577,CN(C)C(=O)N[C@H]1CC[C@H](CCN2CCN(c3cccc(Cl)c3Cl)CC2)CC1,PPARA,0.2273,高活性,低毒性,29412;1815;24173;3358;150;1565;3357;1128;148;3757;3363;7421;3350;1816;1814;1812;3269;3356;1813;1129;29413;25549,ANW61984;P08908;NP_057658;P35462;P08913;P41595;P08172;P11229;P43140;P15823;Q01827;P21917;P21728;P28223;P21918;P23944;P35348;NP_387512;P34969;P35367;P14416;Q12809;P28335;P11473
T11478L,Fc1cc(-c2cccc(-c3nnc[nH]3)c2)cc(F)c1CNC1Cc2ccccc2C1,PPARG,0.2273,活性,低毒性,4988,NP_001138755
T7360,CC(C)Oc1ncc(-c2nc(-c3cccc4c3ccn4CCCC(=O)O)no2)cc1Cl,THRSP,0.2268,活性,低毒性,1901,P21453
TQ0067,COc1cc(C(=O)N2CC[C@@H](O)[C@@H](N)C2)cc2nc(-c3cc4ccccc4n3CC3CC3)n(C)c12.Cl,AOC3,0.2267,活性,毒性,23569,Q9UM07
T15117,NC(=O)N[C@H]1CC[C@H](CCN2CCN(c3cccc(Cl)c3Cl)CC2)CC1,PPARG,0.2264,活性,低毒性,1814,P14416;P35462
T12133,Cn1nc(C(F)(F)F)cc1-c1ccc(OCc2ccc(Cl)cc2)c(-c2ccc(Cl)c(C(F)(F)F)c2)c1O,PPARG,0.2264,活性,低毒性,,
T23104,O=C(c1ccccn1)c1cnn2c(-c3ccncc3)ccnc12,PPARG,0.2264,活性,低毒性,2556;1559;2558;2555;1565,ANW61984;NP_001158509;ABI96208;QLI62812;NP_001121120;NP_001107647;NP_000799
T11235,C[C@]12CC[C@@H]3c4ccc(OS(N)(=O)=O)cc4CC[C@H]3[C@@H]1CC[C@@H]2O,SCD,0.2264,活性,低毒性,412,P08842
T7343,Cc1ccc(-c2ccc3ncc4c(c3n2)n(C2CCN(C(=O)[C@H](C)O)CC2)c(=O)n4C)cn1,THRSP,0.2264,高活性,毒性,28989;6850;5294;18706;5293;1559;2475;2876;7157;7151;7468,Q9BV86;P42336;O00329;P42337;NP_001119587;P42345;QLI62812;O96028;P48736;P07203;P43405
T3057,CCCc1cc(C)[nH]c(=O)c1CNC(=O)c1cc(-c2ccc(N3CCN(C(C)C)CC3)nc2)cc2c1cnn2C(C)C,ACACA,0.2263,活性,毒性,6850;11255;1559;6530;2145;10280;27346;1551;7468;2146,Q5BJF2;P23975;Q99720;ABI96208;QLI62812;Q15910;O96028;Q92800;NP_000756;NP_004447;Q9Y5N1;P43405
T11898,Cc1ccc(NC(=O)c2ccnc(C(F)(F)F)c2)cc1-c1cc(OCCO)nc(N2CCOCC2)c1,GPAM,0.2263,高活性,毒性,673;780;5159;4921,P15056;P09619;Q08345;P04049;P10398;Q16832
T5829,Cc1nc(N2CCN(C)CC2)c2oc3ccc(Cl)cc3c2n1,PPARA,0.2263,活性,低毒性,59340,Q9H3N8
T6964,CCOCc1nc2c(N)nc3ccccc3c2n1CC(C)(C)O,PPARD,0.2263,活性,毒性,51311;4521;6850;51284,P36639;Q9NYK1;Q9NR97;NP_057646;P43405
T12617L,CC[C@H](CO)Nc1nc(NCc2ccc(-c3ccccn3)cc2)c2ncn(C(C)C)c2n1,THRSP,0.2262,高活性,毒性,983;6850;1020;1551;1559;891;7157;8851;7151;7468;43740578;3458,NP_001119587;QLI62812;NP_000756;Q9NYV4;P50613;ABI96208;Q15078;P0DTD1;P50750;O60563;O96028;NP_000610;P06493;Q00535;P51946;P51948;P24941;3DDP_C;O75909;P14635;P24864;P43405;P20248
T23973,Cc1nn(C)c(C)c1N(C(F)F)S(=O)(=O)c1c(Cl)cc(CCCC2CCN(C)CC2)cc1Cl,ACACA,0.2261,高活性,毒性,3757;4836,Q4Q5S8;Q12809;P30419
T10898,CC(C)c1cnn2c(NCc3ccccc3)cc(NC[C@H]3CCNC[C@@H]3O)nc12.Cl,ACACA,0.226,活性,毒性,,
T8495,Cc1noc(C)c1-c1cc(C(O)(c2ccccn2)c2ccccn2)c2nc(C3CC3)[nH]c2c1,RXRG,0.226,活性,低毒性,,O60885
T2238,CC(C)c1ccc(C(=O)NC(=N)N)cc1S(C)(=O)=O,THRSP,0.226,活性,低毒性,6548;100009586;24782;100343957;6549;100009430,P26431;P23791;P19634;P26432;Q9UBY0;P50482
T6957,Cc1cccc(Nc2nc(N[C@@H]3CCCC[C@@H]3N)ncc2C(N)=O)c1,NR1H3,0.2258,高活性,毒性,9212;5595;3757;51206;5594,Q9HCN6;Q12809;P27361;Q96GD4;P28482;P43405
T6005,COC(=O)CC[C@H](NC(=O)[C@H](CC(=O)OC)NC(=O)OCc1ccccc1)C(=O)N[C@H](C(=O)N[C@@H](CC(=O)OC)C(=O)CF)C(C)C,AOC3,0.2256,高活性,低毒性,12367;43740578;836,P0DTD1;P70677;P42574
T22460,CN1C(=O)c2ccccc2N(C)c2nc(Nc3cnn(C4CCNCC4)c3)ncc21,THRSP,0.2256,活性,低毒性,,O60285
T9786,O=C(NC[C@H](c1ccc(Cl)cc1)N1CCOCC1)c1sc(-c2ncccn2)nc1C(F)(F)F,PPARD,0.2255,高活性,低毒性,5027;29665;18439,Q9Z1M0;Q64663;Q99572
T2A2486,COc1cc(OC)c2c(=O)cc(-c3cc(OC)c(OC)c(OC)c3)oc2c1,PPARG,0.2255,活性,低毒性,5243,P08183
T12412L,Cl.O=C1c2ccccc2C(=O)c2c1cccc2-c1cnn(C2CCNCC2)c1,NR1H3,0.2252,活性,低毒性,5166,Q16654
T17199,CCCOc1ccc(S(=O)(=O)NCCC2CCCN2C)cc1-c1nc2c(CCC)nn(C)c2c(=O)[nH]1,PPARG,0.2251,活性,毒性,8654,O76074
T4442,Cl.O=C(c1ccc(-c2ccc(Cl)cc2)o1)N(Cc1ccccn1)c1ccc(N2CCNCC2)cc1,AOC3,0.225,活性,低毒性,,
T7699,CCCNC(=O)c1nnc2c(-c3c(F)cccc3OC)cccc2c1N,XPR1,0.225,活性,低毒性,2556;2554;2558;2555;2562;2566,P18507;P28472;P47869;P31644;NP_005949;NP_001107647;P14867;P34903;NP_000799
T15260,CCCCOc1cccc(CCNCC(=O)N(C)C)c1,PPARG,0.2249,活性,低毒性,1565,P10635
T15273,Cc1cc(C(=O)N2CCCCc3ccccc32)ccc1CNC(=O)N1CCC[C@H]1C(=O)N(C)C,AOC3,0.2247,活性,低毒性,554;25108,Q00788;ABI96208;P30518
T22697,CCc1cc(CN2CC(C(=O)O)C2)sc1-c1noc(-c2ccc(Oc3ccccc3)cc2)n1,RXRG,0.2246,活性,低毒性,1901;53637;29733;8698;7468,P21453;O96028;O95977;Q9H228;P48303
T5312,CCOc1ccc2c(-c3cccc(F)c3)nn(CC(=O)N(C)c3ccc4nc(C)oc4c3)c(=O)c2c1,SCD,0.2246,活性,低毒性,1080,P13569
T7346,CCCc1nn(C)c2c(=O)[nH]c(-c3cc(S(=O)(=O)N4CCN(CCO)CC4)ccc3OCC)nc12,PPARG,0.2245,高活性,低毒性,8654;81742;29691,O76074;Q9EPR9;Q01066;Q63421
T23323,CN(C)CCOc1cc(NS(=O)(=O)c2c(Cl)cc(C(F)(F)F)cc2Cl)ccc1Cl,PPARD,0.2244,活性,低毒性,1559;1565;1551;2837;57305,ANW61984;P49684;ABI96208;NP_061822;QLI62812;NP_000756
T27586,CC(C)(CO)C(=O)SCCOP(=O)(NCc1ccccc1)OC[C@H]1O[C@@H](n2cnc3c(=O)nc(N)[nH]c32)[C@](C)(O)[C@@H]1O,PPARG,0.2242,活性,低毒性,,
T3663,CCCCCCCC(=O)N[C@H](CN1CCCC1)[C@H](O)c1ccc2c(c1)OCCO2,THRSP,0.224,活性,低毒性,7357,Q16739
T10269,C[C@@H](CO)NC(=O)c1cc(-c2ccc(OC(F)(F)F)cc2)nc(-c2cccnc2)n1,SCD,0.2239,活性,低毒性,196,P35869
T22489,C[C@@]1(O)[C@H](O)[C@@H](CO)O[C@H]1n1cnc2c(NC3CCCC3)nc(Cl)nc21,THRSP,0.2239,高活性,低毒性,282133;100911796,P29275;P0DMS8;NP_037028;P30542;Q4VQ11;P28647;P29274;P28190
TQ0079,Nc1ncc(C(=O)NC2CN(C(=O)C3CC3)C2)c2ccc(-c3cccc(F)c3)nc12,PPARG,0.2236,活性,毒性,43740568;9448;6850,O95819;P43405
T16009L,CCOC(=O)[C@H](C)NP(=O)(N[C@@H](C)C(=O)OCC)c1ccc(-c2nc(N)sc2CC(C)C)o1,PPARG,0.2236,活性,低毒性,2203,P09467
T23550,Cc1cc(C)c(NC(=O)N(Cc2ccc3c(c2)Cc2ccccc2-3)C2CCCCCC2)c(C)c1,AOC3,0.2235,活性,毒性,4837;2593;27232;6850;1559;5409;3176,P43405;QLI62812;Q14749;P40261;P21964;P11086;Q14353;P50135
T4S0094,COc1cc(O)c2c(=O)cc(-c3ccc(O)c(O)c3)oc2c1,PPARG,0.2234,活性,低毒性,5340,P00747
T70087,O=C(NC1CN(Cc2cnn(Cc3ccccc3)c2)C1)c1cn(C2CC2)nn1,GPAM,0.2233,活性,低毒性,56950,Q9NRG4
T6609,CN1CCC(NC(=O)c2cc(-c3c(O)cc(O)cc3Oc3ccc([N+](=O)[O-])cc3)on2)CC1,PPARG,0.2233,活性,毒性,3326;3320;6850;1559;1551;7468,P08238;P07900;ABI96208;QLI62812;O96028;NP_000756;P43405
T6144,CS(=O)(=O)O.N=C(N)SCCc1ccc(OCc2ccc([N+](=O)[O-])cc2)cc1,PPARG,0.2233,活性,低毒性,7222;7224;7225,NP_004612;NP_036603;NP_001124170
T25381,CCOc1cc(Cc2cnc(N)nc2N)cc(OCC)c1-n1cccc1,SCD,0.2233,活性,毒性,89488095;24312;1719;814112;86862560;944790,O30463;P00382;P16184;P00374;P00381;Q920D2;XP_001349989;Q07422;P0ABQ4
T16833,COc1ccncc1C(=O)NC(=O)Nc1ccc(-c2ccccc2)c(C(F)(F)F)c1,THRSP,0.2231,活性,低毒性,187;1901;53637;1880;1565;154,P21453;ANW61984;ABI96208;P35414;P32249;Q9H228;P07550
T25672,Clc1cnn(CCCCN2CCN(c3ncccn3)CC2)c1,NR1H3,0.223,活性,低毒性,,
TN2846,COc1cc(-c2cc(=O)c3c(OC)c(OC)c(OC)cc3o2)cc(OC)c1OC,PPARG,0.2229,活性,低毒性,5243,P08183
T4299,Cc1cc(-c2nc(C(=O)Nc3cn(C4CCOCC4)nc3C(N)=O)co2)ccn1.Cl,SCD,0.2228,活性,低毒性,3654,P51617;Q9NWZ3
T21777,C[C@@H](CN1CCC(n2c(=O)[nH]c3cc(Br)ccc32)CC1)NC(=O)[C@@H]1C[C@H]1c1ccccc1,GPAM,0.2227,活性,毒性,5337;1565;5338;6850,Q13393;ANW61984;O14939;P43405
T68172,O=C1[C@@H]2[C@@H]3C=C[C@@H]([C@H]4C=C[C@H]43)[C@@H]2C(=O)N1CCCCN1CCN(c2ncccn2)CC1,SCD,0.2227,活性,低毒性,3350,NP_000515
T2334,COc1ccc(CNc2nc(N3CCC[C@H]3CO)ncc2C(=O)NCc2ncccn2)cc1Cl,RXRA,0.2224,活性,毒性,8654;403825,O77746;O76074
T77582,O=[N+]([O-])c1ccc(N2CCN(c3ccc(S(=O)(=O)NCc4ccccn4)cc3[N+](=O)[O-])CC2)cc1,RXRG,0.2223,活性,低毒性,,
T4265,Cc1cc(-c2nnc(N)nc2-c2ccc(F)cc2)cc(Cl)n1,THRSP,0.2223,活性,低毒性,135,P30542;P29275;P29274
T11391L,O=c1ccc2ncc(=O)n3c2n1C[C@H]3CN1CCC(NCc2cc3c(cn2)OCCC3)CC1,NR1H4,0.2222,活性,低毒性,3757,P0C1S7;P20831;P0C1U9;P9WG47;Q12809;P0AES4;P0A0K8;P9WG45;P0AES6
T5414,Cn1cc(-c2cnc3cnn(S(=O)(=O)c4cnc5ccc(-c6cnn(C)c6)cn45)c3c2)cn1,PPARG,0.2222,活性,低毒性,4233,P08581
T11029,O=C(CCNC(=O)c1ccc(C(F)(F)F)cc1)N[C@@H]1CCCc2ccccc21,AOC3,0.222,高活性,毒性,3205;1723,Q02127
T13789,CCCCCCCCCCCC(=O)N[C@H]1CCOC1=O,PPARG,0.2219,活性,低毒性,881789,Q9RMS5;P25084
T6158,Cl.c1ccc2c(-c3cnn4cc(-c5ccc(N6CCNCC6)cc5)cnc34)ccnc2c1,ACACA,0.2217,活性,低毒性,,
T2392,CS(=O)(=O)O.CS(=O)(=O)O.N=C(N)Nc1ccc(C(=O)Oc2ccc3cc(C(=N)N)ccc3c2)cc1,AOC3,0.2217,活性,毒性,,
T3179,Cn1c(=O)cnn(CCCCN2CCN(c3ncccn3)CC2)c1=O,PPARD,0.2216,活性,低毒性,,P08908
T5S0814,COc1ccc2cc3[n+](cc2c1OC)CCc1cc2c(cc1-3)OCO2.O=S(=O)([O-])O,AOC3,0.2214,活性,低毒性,,
T14358,C=Cc1cc(C(=O)Nc2ccc(C(=N)N)cc2)c(-c2ccc(C(=O)NCC3CC3)nc2C(=O)O)cc1OC,THRSP,0.2213,活性,低毒性,3818,P03952
T2029,CC(C)n1cnc2c(NCc3ccccc3)nc(NCCCO)nc21,ACACA,0.2211,活性,低毒性,983;1017;100049478,P15206;Q9DGD3;Q8WWL7;NP_001789;O95067;P24941;P14635;P24864;P06493
T38759,O=C(CC12CCC(C(=O)O)(CC1)C2)N1CCc2c(n(Cc3ccc(F)cc3)c3ncccc23)C1,THRSP,0.2209,活性,低毒性,5168,Q13822
T16894,CCCC(=O)c1cnc2c(OC)cccc2c1Nc1ccccc1C,RXRG,0.2208,活性,低毒性,397552;397131,P18434;P19156
T50082,COc1cc(C(=O)NCC2(N(C)C)CCCC2)cc(OC)c1OCc1ccccc1,PPARG,0.2205,活性,低毒性,116509;9152;1551,NP_000756;P28572;Q9Y345
T60420,CCOC(=O)c1nc(-c2ccc(OC)cc2)oc1C,AOC3,0.2203,活性,低毒性,27250;6895,Q53EL6;Q15633
T11136,C=CCN1CC(=O)N2[C@@H](Cc3ccc(O)cc3F)C(=O)N(Cc3cccc(N4CC(N5CCN(CC)CC5)C4)n3)C[C@@H]2N1C(=O)NCc1ccccc1,PPARG,0.2203,活性,低毒性,,
T6101,c1cn2cc(-c3ccc4cn[nH]c4c3)nc(Nc3ccc(N4CCOCC4)cc3)c2n1,THRSP,0.2203,活性,毒性,4837;9970;2593;28989;6850;27232;16590;1559;695;5409;25155;1551;2322;7468;3176,Q9BV86;QLI62812;P36888;NP_000756;P21964;P68400;Q26304;O60674;ABI96208;Q14749;Q64725;P19784;Q14353;P05532;P08922;Q06187;P04629;O96028;P11086;Q8NEV1;Q13882;P50135;NP_001167638;P40261;ADZ17385;P43405;P67870
T60652,N=C(N)Nc1nc(-c2ccccc2)c2cc(Cl)ccc2n1,GPAM,0.2201,高活性,低毒性,946546;66674095;3064,P33012;P42858
T2074,Cc1ccc2c(Nc3ccc(Cl)cc3)nccc2c1Nc1ncccc1-c1ncnc2nc[nH]c12,PPARG,0.2201,高活性,毒性,6850;3932;673;1559;7010;3791;7157;7151;1565;7468,P35968;P15056;ANW61984;Q02763;NP_001119587;ABI96208;QLI62812;O96028;P04049;3IDP_B;P06239;P43405
T2681,CC(C)(O)c1nc(-c2cccc(CNC(=O)c3cnc(-c4ccccn4)nc3)c2)no1,XPR1,0.2198,活性,低毒性,27306,O60760
TQ0230,O=C(CNc1cccc(Cl)c1)NC1CCCN(c2ncnc3[nH]ccc23)C1,XPR1,0.2198,活性,低毒性,695,Q06187
T8312,O[C@H]1CC[C@H](Nc2nc(-c3ccccc3)nc3[nH]ccc23)CC1,PPARD,0.2197,活性,低毒性,135;140;1559;136;29290;57413;29316;1551;25369;134,P29275;P25099;P0DMS8;NP_001075445;P30542;ABI96208;NP_000667;QLI62812;NP_058857;P30543;NP_001041695;NP_000666;NP_058851;NP_000756;P29274
T9124,CCCCCCCC(=O)OC[C@@H](O)[C@@H](OC)[C@@H]1OC(C(=O)O)=C[C@H](NC(=N)N)[C@H]1NC(C)=O,THRSP,0.2197,活性,低毒性,,B4URF0
T35556,CN1CCN(C(=O)c2ccc(Nc3nccc(-c4cccs4)n3)cc2Cl)CC1,THRSP,0.2197,高活性,毒性,4837;2593;27232;6850;1559;7157;5409;1551;7151;1565;7468;3176,ANW61984;P43405;NP_001119587;ABI96208;QLI62812;O96028;Q14749;NP_000756;P40261;P21964;P11086;Q14353;P50135
T84298,Cc1cc(F)ccc1Oc1ncc(C(F)(F)F)cc1C(=O)Nc1cccc([S@](C)(=N)=O)c1,AOC3,0.2194,活性,低毒性,6336,Q6QIY3;Q9Y5Y9
T60194,CCN(C(=O)C1CC1)c1cc(-c2ccc(N3CCOCC3)cc2)cc(C(=O)NCc2c(C)cc(C)[nH]c2=O)c1C,ACACA,0.2192,活性,低毒性,2146,Q15910
T6882,CNc1ncc2cc(-c3cc(NC(=O)NCCC(C)(C)C)c(F)cc3C)c(C)nc2n1,AOC3,0.2191,高活性,毒性,6850;1432;25;3791;5601;51776;6300;3654;5602;673;6714;5607;5603;2534;2050;7468;5894;369;4214;1969;5600;1445;5599;11183,P41240;Q13233;Q15759;P00519;Q16539;P10398;P04049;P45984;P15056;P53779;Q13163;P01116;NP_004324;NP_001645;P45983;O15264;Q9Y4K4;P12931;O96028;P53778;P51617;P54760;P35968;Q9NYL2;P06241;P29317;Q9P2K8;NP_002871;P43405
T9697,COc1nn(-c2cnccn2)cc1C(=O)Nc1cccc(-c2nncn2C(C)C)n1,AOC3,0.219,活性,低毒性,1576;4217,P08684;Q99683
T7798,CCCc1cc(-c2nc(-c3ccc(NS(C)(=O)=O)cc3)cs2)ccn1,THRSP,0.219,活性,低毒性,6721;6720,P36956;Q12772
T15102,CCCCCCCCCCCCCCCC(=O)OCC(=O)[C@@]1(O)[C@H](C)C[C@H]2[C@@H]3CCC4=CC(=O)C=C[C@]4(C)[C@@]3(F)[C@@H](O)C[C@@]21C,THRSP,0.2189,活性,毒性,,
T8227,CSC[C@H]1O[C@@H](n2cnc3c(N)ncnc32)[C@H](O)[C@@H]1O,AOC3,0.2186,活性,低毒性,135;66902;79084;4507;136;29290;25369;10419,P29275;P25099;P0DMS8;Q9BQA1;Q13126;Q9CQ65;O14744;P30543;P29274
T28059,CC(C)(O)c1ccc(-c2nc(-c3ccc(F)cc3)oc2Sc2ccc(Cl)cn2)cn1,AOC3,0.2183,高活性,低毒性,3757;100911581,P97612;O00519;Q12809
T36631,C[C@H]1CC(=O)Nc2cc(C(=O)NCCC3CC3)ccc2N1C(=O)N1CC2CC2C1,ACACA,0.2181,活性,低毒性,2534;64754,P06241;Q9H7B4
T13099,CC(C)(C)c1ccc(C(=O)Nc2cn3cc(-n4ccnc4)ccc3n2)cc1.Cl.Cl,PPARG,0.2179,活性,低毒性,9064;6093;4217;2932;10461;3702,Q99683;Q13464;P24941;Q08881;O95382;Q12866;P49841
T33514,O=C(Nc1nc2cc(C(F)(F)F)cc(NC3CC3)n2n1)c1cccnc1,GPAM,0.2175,高活性,毒性,6850;4217;7157;7151;7468,Q99683;NP_001119587;O96028;NP_005914;P43405
T6843,O=C(NOCCO)c1ccc2cncn2c1Nc1ccc(I)cc1F,PPARA,0.2175,高活性,毒性,3757;5604;6850,Q12809;NP_002746;P43405
T62425,O=C(Nc1ccc(OC(F)(F)F)c(F)c1)NC1CCN(C(=O)C2CCOCC2)CC1,AOC3,0.2174,高活性,低毒性,2052;2053,P07099;P34913
T8296,COc1ccc(-c2cc(=O)c3c(OC)cc(OC)cc3o2)cc1,PPARG,0.2174,活性,低毒性,5243,P08183
T73381,C=CC(=O)N1CCC([C@@H]2CCNc3c(C(N)=O)c(-c4cc(OC)c(C)c(OC)c4)nn32)CC1,GPAM,0.2172,活性,毒性,660;3718;7006;695;12229;640;51701;2066;140469;7294,P42681;Q06187;P51813;P00533;P35991;Q8WXR4;Q15303;Q9UBE8;P42680;P52333;P51451
T14077,O=C(O)C[C@H]1CC[C@H](c2ccc(-c3cc(C(F)(F)F)[nH]n3)cc2)CC1,ACACA,0.2167,活性,低毒性,3757,NP_001191727
T3248,CC1(C)CC[C@]2(C)CC[C@]3(C)C(=CC[C@@H]4[C@@]5(C)CC[C@@H](O)[C@](C)(C(=O)O)[C@@H]5CC[C@]43C)[C@@H]2C1,AOC3,0.2166,活性,低毒性,246;5770,P16050;P18031
T14033,O=C1OC(COc2ccccc2[N+](=O)[O-])CC1Cc1ccccc1,THRSP,0.2164,活性,毒性,6850,P43405
TN2151,COc1cc(O)c2c(=O)c(O)c(-c3ccc(O)cc3)oc2c1,THRSP,0.2164,活性,低毒性,4128,P21397
T9094,O=C(Oc1ccc([N+](=O)[O-])c2cccnc12)c1ccc(Cl)cc1Cl,AOC3,0.2163,活性,毒性,100137047,P0C870
T4651,O=C(O)CNC(=O)c1ncc(-c2cccc(Cl)c2)cc1O,PPARG,0.2162,高活性,低毒性,7422;55239;112399;200424;2321;80312;54790,P15692;O75936;Q8NFU7;Q8N543;O43151;P17948;Q12797;Q8N371;Q9GZT9;Q6N021;Q9H6Z9;Q84406
T10205,CN(C)[C@H]1CN(C2CCc3cccc(F)c32)C[C@@H]1c1ccc(N2CCN(S(C)(=O)=O)CC2)cc1,MLXIPL,0.2161,高活性,低毒性,23512;8726;2146,Q15910;Q15022;O75530
T34914,O=[N+]([O-])OC[C@H]1O[C@@H](n2cnc3c(NC4CCCC4)ncnc32)[C@H](O)[C@@H]1O,PPARG,0.2161,活性,低毒性,,C9JQD8;P30542;P0DMS8
T9812,COc1cc(-c2ccnc3cc(-c4ccc(C)cc4)nn23)cc(OC)c1OC,PPARG,0.2161,活性,低毒性,,
T4635,O=C(O)COC[C@H]1CC[C@H](COC(=O)N(c2ccccc2)c2ccc(Cl)cc2)CC1,RXRA,0.2161,活性,低毒性,5733;5732;292661;5734;5739;5731;5729,P43119;P43115;P43116;P43253;P35408;Q13258;P34995
T7704,CCCCCCS(=O)(=O)NC(=O)c1ccc(CSCc2ccc(-c3ccccc3)cc2)cc1,XPR1,0.2159,活性,低毒性,5770,P18031
T28628,COc1cc(OC)c2c(=O)[nH]c(-c3cc(C)c(OCCN4CCCC4)c(C)c3)nc2c1,PPARG,0.2158,高活性,低毒性,16176;3605,Q16552;O60885;P10749
T16974,NS(=O)(=O)OC[C@H]1C[C@@H](Nc2ccnc3cc(-c4cccc(SC(F)(F)F)c4)nn23)[C@H](O)[C@@H]1O,NR1H3,0.2157,高活性,低毒性,7317;7324;10054,Q9UBT2;P51965;P22314
T0100,COC(=O)N[C@H](C(=O)N[C@@H](Cc1ccccc1)[C@@H](O)CN(Cc1ccc(-c2ccccn2)cc1)NC(=O)[C@@H](NC(=O)OC)C(C)(C)C)C(C)(C)C.O=S(=O)(O)O,RXRA,0.2157,活性,低毒性,5335;5331,AAI36467;AAI42682
T11550,O=C1NCc2c1cc1ccc3c(c1c2-c1ccc2c(c1)OCO2)OCO3,AOC3,0.2156,活性,毒性,,
T5358,CC(C)n1cnc2c(NCc3cccc(C(F)(F)F)c3)ncnc21,AOC3,0.2156,活性,毒性,6850;1453;1452,P48730;P43405;P48729
T30582,Cc1ccc(-c2cc(=O)c3ccc4ccccc4c3o2)cc1,PPARD,0.2156,活性,低毒性,,
T6S0109,C[C@H]1CC[C@@H]2N(C1)C[C@H]1[C@@H]3C[C@H]4[C@@H](CC(=O)[C@H]5C[C@@H](O)CC[C@@]54C)[C@@H]3CC[C@H]1[C@]2(C)O,PPARG,0.2156,活性,低毒性,,
T4365,Cc1cc(-c2nc3sc4c(c3c(=O)[nH]2)CCN(C)C4)cc(C)c1O,PPARG,0.2156,活性,毒性,,O60885
T10003,C[C@H]1CN(c2cccc(Cl)c2)CCN1CCCn1nc2ccccn2c1=O,AOC3,0.2155,高活性,低毒性,29412;24173;29413;29595,P43140;P23944;P15823;P14842
T10398,CC(=O)N1CCC[C@H]1C(=O)N[C@@H](Cc1cnc[nH]1)C(=O)N[C@@H](CO)C(=O)N[C@@H](CS)C(=O)N[C@@H](CC(N)=O)C(N)=O,AOC3,0.2152,活性,低毒性,7468,O96028
T3442,CC(C)(NS(=O)(=O)c1ccc2c(Cl)cnc(NC(=N)N)c2c1)C(=O)O,RXRG,0.2152,活性,低毒性,5328;396985,P00749;P04185
T77522,O=C(NNS(=O)(=O)c1ccccc1)c1ccc2oc3ccccc3c2c1,PPARG,0.2151,活性,低毒性,586,P54687
T1895,CNC(=O)c1cc(Oc2ccc(NC(=O)c3cccc(C(F)(F)F)c3)cc2)ccn1,AOC3,0.2148,活性,毒性,3791;6850;115,O60503;P35968;P43405
T6774,CCn1nc(C2CCN(C(=O)CCO)CC2)nc1-c1cnc(N)c(-c2nnc(C(C)(C)C)o2)n1,AOC3,0.2147,活性,毒性,6850;5294;18706;5293;5291;25;2876;5290;2879;7468,P36969;P42338;P42336;O00329;NP_006210;P42337;NP_002640;O96028;NP_005017;P00519;NP_006209;P07203;P43405
T3S1149,CC(CC(=O)C[C@@H](C)[C@H]1CC(=O)[C@@]2(C)C3=C(C(=O)[C@@H](O)[C@]12C)[C@@]1(C)CC[C@H](O)C(C)(C)[C@@H]1C[C@@H]3O)C(=O)O,PPARG,0.2146,活性,毒性,,
T62083,C[C@@H]1COCCN1c1cc([C@]2(O)C[C@H]3CC[C@@H](C2)O3)c2cnn(-c3cc[nH]n3)c2n1,THRSP,0.2146,活性,毒性,,Q13535;P42345
T60026,CC(C)(C)NS(=O)(=O)c1cccc(NC(=O)c2ccc(NS(C)(=O)=O)cc2N2CCC3(CC2)CC3)c1,RXRB,0.2142,活性,低毒性,81930,Q8NI77
T68051,COc1ccc2c(c1)CCN1C[C@H]3CCCN(S(C)(=O)=O)[C@H]3C[C@@H]21,THRSP,0.2141,活性,低毒性,25083;24174;24175,P22086;P22909;P19328
T22725,COc1ccc(-c2cc(=O)c3ccc4ccccc4c3o2)cc1OC,PPARG,0.2137,活性,低毒性,9429;11622;4363;5243,P30561;P08183;Q9UNQ0;P33527
T35899,O=C(Nc1cn2c(-c3ccc(CN4CCS(=O)(=O)CC4)c(F)c3)cccc2n1)C1CC1,AOC3,0.2136,活性,低毒性,7297,O60674;P23458;P29597
T2364,Cc1cc(Nc2ncnc3ccc(NC4=NC(C)(C)CO4)cc23)ccc1Oc1ccn2ncnc2c1,PPARD,0.2136,活性,毒性,7468;6850,P00533;Q9Y572;O96028;Q7Z406;P43405;P16083;P04626;P22830
T13133,COc1cc2c(cc1OC)[C@H]1C[C@H](O)[C@H](CC(C)C)CN1CC2,PPARG,0.2136,活性,低毒性,25549,Q01827
T7563,COc1cc2c(cc1OC)C1CC(O)C(CC(C)C)CN1CC2,PPARG,0.2133,高活性,低毒性,214084;3356;6571,Q05940;NP_003045;P28223;Q8BRU6
T4342,CC1(C)CC(=O)c2c(C(F)(F)F)nn(-c3ccc(C(N)=O)c(NC4CCC(OC(=O)CN)CC4)c3)c2C1.CS(=O)(=O)O,THRSP,0.2133,高活性,低毒性,3326;3320,P07900;P08238
T11909,NC(=O)c1ccc(Oc2ccc(CN3CCC[C@H]3c3cccc(F)c3)cc2)c(F)c1,MLXIPL,0.2131,高活性,低毒性,4986;4985;4988,P35372;P41143;P41145
TN5137,COc1ccc(-c2oc3cc(OC)cc(OC)c3c(=O)c2OC)cc1,PPARG,0.213,活性,低毒性,29290,P25099;P0DMS8
T10411,O=C(Nc1ccc(F)c(F)c1F)NC12CC3CC(CC(C3)C1)C2,PPARG,0.213,活性,低毒性,2053,P34913
T2017,NS(=O)(=O)c1ccc(NC(=O)Nc2ccc(F)cc2)cc1,SCD,0.2129,高活性,毒性,771;768;759;760;766;762;886987;45425256,P00915;P43166;3N4B_A;P00918;P96878;P22748;P9WPJ7;Q16790;O43570
T63751,OC[C@H]1O[C@H](Sc2cncc(Br)c2)[C@H](O)[C@@H](n2cc(-c3cc(F)c(F)c(F)c3)nn2)[C@H]1O,GPAM,0.2126,活性,低毒性,16854;3964;3965;3757;16852;3956;3960;56646;3958,P09382;P56470;P16045;P11762;O00214;Q12809;O00182;P16110;P17931
T40648,O=C(O)CN1CCN(CC(=O)O)CCN(CC(=O)O)CC1,THRSP,0.2126,活性,低毒性,89492246,C7C422;E5KIY2
T8646,NC(=O)c1cccc(-c2cc(OC(=O)NC3CCCCC3)ccc2O)c1,AOC3,0.2125,活性,低毒性,100911581;115,P97612;O60503
T14935,Cc1nn(C)cc1S(=O)(=O)NC(=O)c1ccc(-n2ccc(OCC(C)(C)C(F)(F)F)n2)nc1N1C[C@@H](C)CC1(C)C,AOC3,0.2125,活性,低毒性,,P13569
TQ0081,Nc1cc(COc2c(Cl)cc(C[C@H](N)C(=O)O)cc2Cl)c2oc(-c3ccccc3)nc2c1,PPARG,0.212,活性,低毒性,8140,Q01650;NP_003477
T40417,CCOc1ccc2nccc([C@@H](O)[C@@H]3C[C@@H]4CC[N@@]3C[C@@H]4CC)c2c1.Cl,PPARG,0.212,活性,低毒性,814112,ABH03417;XP_001349989
T37739,CCCCCCCCCC(=O)N[C@H]1CCOC1=O,PPARG,0.2117,活性,低毒性,881789,P33905;Q9RMS5;P12746;P25084
TQ0113,COc1cc(Cc2cnc(N)nc2N)c2c(c1OC)OC(C1CC1)C=C2,PPARD,0.2115,活性,低毒性,86862560;944790;1719,P0A017;P16184;Q54801;P00374;P0ABQ4
T6347,COC(=O)CCSCc1ccc(-c2onc(C)c2NC(=O)OC(C)c2ccccc2Cl)cc1,ACACA,0.2114,活性,低毒性,1551;1565;1559,QLI62812;ANW61984;NP_000756;ABI96208
T3454,CCNC(=O)c1[nH]nc(-c2cc(Cl)c(O)cc2O)c1-c1ccc(OC)cc1,THRSP,0.2114,高活性,毒性,3326;3320;1436;6093;1017;9475;6197;23683;5292;855224;25865,P15108;P07900;3OWB_A;P08238
T4515,CNC(=O)c1cccc(NC(=O)N2CCC(Oc3ccccc3Cl)CC2)c1,THRSP,0.2112,活性,低毒性,20249;246074,P13516;P07308
T5S1097,COc1ccc(C[C@@H]2c3cc(Oc4cc(C[C@@H]5c6cc(OC)c(OC)cc6CCN5C)ccc4O)c(OC)cc3CCN2C)cc1,PPARG,0.2106,活性,毒性,,
TQ0037,CCCS(=O)(=O)N[C@H]1C[C@@H](N(C)c2ncnc3[nH]ccc23)C1,SCD,0.2104,高活性,低毒性,3718;3106;7297;3791;3456;4128,P35968;P01574;O60674;P01889;P21397;P23458;P29597;P52333
T12855,Cc1cccc(S(=O)(=O)N(C)[C@H](C)CCN2CCC(C)CC2)c1,THRSP,0.2104,高活性,低毒性,1814;100135548;3352;3355;65032;3351;3363;3357,P28221;P32305;P14416;P08908;P30939;O70528;P35462;P41595;P28222;P34969;NP_062874
T6138,COc1ccc(C(=O)Nc2sc3c(c2C(N)=O)CCCC3)cc1OC,PPARG,0.2103,活性,毒性,2322,BAC78637;NP_004110;BAC78638;P36888
T12908,CC(C)CSC[C@H]1O[C@@H](n2cnc3c(N)ncnc32)[C@H](O)[C@@H]1O,AOC3,0.2102,活性,低毒性,4507,Q13126
T9688,C[C@@H]1CC[C@@H](Nc2nc(NC(C)(C)C)ncc2C(N)=O)C[C@H]1O,PPARD,0.2098,活性,毒性,26420;26419;5601;26414;5599,P45983;P0DMS8;P53779;Q61831;Q9WTU6;Q91Y86;P45984
T36292,C[C@]12CC[C@H]3[C@@H](CC=C4C[C@@H](O)CC[C@@]43C)[C@@H]1CC[C@@H]2[C@@H](O)CC(O)(C(F)(F)F)C(F)(F)F,SCD,0.2098,活性,毒性,2247,P09038
T89262,CC(C)[C@H](NC(=O)OCc1ccccc1)C(=O)N[C@@H](C)C(=O)N[C@@H](CC(=O)O)C(=O)O,AOC3,0.2097,高活性,低毒性,834;841;12362,Q14790;P29466;P29452
T21981,Cc1cc(Nc2nn(-c3ccccc3)c(=O)c3ccccc23)n[nH]1,AOC3,0.2095,高活性,毒性,7468;6850;6790,O14965;3P9J_A;P43405;O96028
T6246,CC(C)c1nc(CN(C)C(=O)N[C@@H](CCN2CCOCC2)C(=O)N[C@H](CC[C@H](Cc2ccccc2)NC(=O)OCc2cncs2)Cc2ccccc2)cs1,PPARG,0.2094,活性,毒性,1576;1565;1489834,P0DTD1;AMB37292;P08684;P10635
T31964,C[C@H](CCC(=O)NCC(=O)O)[C@H]1CC[C@H]2[C@@H]3CC[C@@H]4C[C@H](O)CC[C@]4(C)[C@H]3CC[C@]12C,PPARG,0.2092,活性,低毒性,151306,Q8TDU6
T61969,COc1ccc2cc(C(=O)NCCC3CCN(Cc4ccccc4)CC3)ccc2c1,THRSP,0.2092,高活性,低毒性,113580815;43;100033901,P22303;O42275;P81908
T7424,COC(=O)c1cc(Cl)c(O)c(S(=O)(=O)Nc2cc(-c3ccccc3)c(F)cc2F)c1,XPR1,0.2091,活性,低毒性,47,P53396
T8382,CN(C)C(=O)N[C@H]1CC[C@H](CCN2CCN(c3cccc(Cl)c3Cl)CC2)CC1.Cl,AOC3,0.209,高活性,毒性,29412;1815;24173;150;3358;1133;1132;27346;3357;148;3351;3363;3362;3350;1814;147;24318;29238;151;146;3361;153;3269;3356;6532;1813;3352;29413;152;6531,P08912;P28221;Q5BJF2;P08908;P35368;Q01959;P35462;P08913;P41595;P19020;P28222;P08588;P43140;P25100;P15823;P18825;P21917;P23944;P28223;P18089;P35348;P50406;P34969;P08173;P35367;P14416;P61169;P31645;P47898;P28335
T22009,CCCCCn1cc(C(=O)NC23CC4CC(CC(C4)C2)C3)c(=O)c2cc(-c3ccco3)cc(OC)c21,RXRB,0.209,活性,低毒性,1269,P34972
T39321,CCOCc1cnc(Cl)nc1Oc1ccc2c(ccc3sc4c(c32)NC[C@@H](C)NC4=O)n1,AOC3,0.2089,活性,低毒性,9261,P49137
T3709,COc1cc(N2CCN(C)CC2)ccc1Nc1ncc2c(n1)N(C)c1ccccc1C(=O)N2,ACACA,0.2087,高活性,毒性,6850;120892;5598;7468;10188,Q13164;Q5S007;Q07912;O96028;P43405
T1291,COc1cc(N)c(Cl)cc1C(=O)N[C@@H]1CCN(CCCOc2ccc(F)cc2)C[C@@H]1OC,PPARG,0.2087,活性,低毒性,3757,Q12809
T19702,Cn1ncnc1COc1nn2c(-c3cc(F)ccc3F)nnc2cc1C(C)(C)C,RXRA,0.2087,活性,低毒性,2556;1559;2554;2558;2555;1551;2562;7468;2566,P18507;P28472;P47869;P31644;NP_001158509;QLI62812;O96028;NP_001121120;NP_000756;NP_001107647;P34903;NP_000799;P14867
T11560,C[C@H](NC(=O)Cc1ccc(-c2ccc3cccnc3n2)cc1)c1ccc(-c2ccc(F)c(C(F)(F)F)c2)cc1,AOC3,0.2086,活性,低毒性,56670,Q9BXA5
T4473,CC(C)(NC(=O)O[C@@H]1CN2CCC1CC2)c1csc(-c2ccc(F)cc2)n1,PPARG,0.2086,活性,低毒性,28989;7357,Q16739;Q9BV86
T23087,Cc1c(NC(=O)N2CCOCC2)ccc2c1c1ccccc1n2C(C)C,PPARG,0.2086,活性,低毒性,1551;1559;4889;9970,ABI96208;QLI62812;NP_000756;Q15761;ADZ17385
TQ0110,Cc1c[nH]c2nccc(Oc3c(F)cc(Nc4cc(Cl)nc(N)n4)cc3F)c12,SCD,0.2081,活性,毒性,816;4837;6850;1111;25865;1455;5593;1559;10280;5592;9833;640;5409;1565;57396;3176;208;5170;2242;4986;10110;51135;27232;6093;3654;3643;4914;2324;6098;1453;5613;2064;5590;8317;8444;2593;9212;5566;4067;818;5586;9748;1551;50488;2322;7468;983;1017;3815;817;6788;10000;2261;5580;9475;6198;2444;2241;2066;6531;1024;8476,P07333;ANW61984;Q13464;P31749;O60840;Q9NRM7;Q9Y243;Q01959;QLI62812;P22694;P36888;P04049;P17612;NP_000756;Q16620;P21964;Q9UM73;P50613;P22612;Q13698;Q99720;P08581;O43293;ABI96208;Q15746;Q14749;Q14353;Q01668;P04629;O96028;O14965;P31751;P30530;P11086;Q62868;P50135;Q13936;P41145;O75116;Q13188;P40261;P43405
T12231,CC1(C)CCC(NC(=O)c2cc3c(F)cc(F)cc3[nH]2)CC1,AOC3,0.2078,活性,低毒性,,
T8229,COc1cc(OC)c2c(=O)cc(-c3ccc(OC)c(OC)c3)oc2c1,PPARG,0.2078,活性,低毒性,,
T6160,O=C(Nc1ccc(S(=O)(=O)Nc2ccccc2Cl)c(Cl)c1)c1ccccn1,AOC3,0.2076,活性,毒性,1551;1559;6850;2914,Q14833;ABI96208;QLI62812;NP_000756;P43405
T12436,Cc1cc(CS(=O)(=O)c2ccccc2)cc(OCc2ccc(CN3CCC[C@@H]3CO)cc2)c1.O=C(O)CC(O)(CC(=O)O)C(=O)O,GPAM,0.2076,活性,毒性,,
T10900,O=C(O)CCCCCCCCCCCNC(=O)NC1CCCCC1,PPARG,0.2076,活性,低毒性,2052;13849,Q9D379;P07099
T5393,Fc1ccc(-c2nc(-c3ccc4ccccc4c3F)[nH]c2-c2ccncc2)cc1,PPARG,0.2073,高活性,低毒性,1432;1453;102800317;1454,P48730;Q16539;P49674
T4988,CC(C)(C)NC(=O)N[C@H](C(=O)N1C[C@H]2[C@@H]([C@H]1C(=O)NC(CC1CCC1)C(=O)C(N)=O)C2(C)C)C(C)(C)C,THRSP,0.2073,高活性,低毒性,1215;1513;5476;1520;1515;8722,P0DTD1;Q9UBX1;P27958;C1KIQ2;P00734;P23946;O60911;P07858;A3EZI9;P43235;NP_001161066;P0C6U8;A3EZJ3;F5B4I0;D2K2A8;P25774;P07711
T17030,Cc1nc2c(O[C@H]3CCOc4cc(F)cc(F)c43)cc(C(=O)N(C)C)cc2[nH]1,XPR1,0.207,活性,低毒性,,
T6143L,Cl.Oc1cccc(-c2nc(N3CCOCC3)c3oc4ncccc4c3n2)c1,RXRB,0.2067,高活性,低毒性,5291;5287;282306;5294,P42338;P42336;P32871;P48736;O00750
T7765,Nc1ncccc1-c1cc(Cc2ccc(COc3ccccn3)cc2)no1,THRSP,0.2065,活性,低毒性,,
T12064,NC(=O)c1cccc2cn(-c3ccc([C@H]4CCCNC4)cc3)nc12,SCD,0.2064,高活性,毒性,10039;10038;142,Q9Y6F1;Q9UGN5;P09874
T2089,Cc1cc(-n2cccc2)c(S(C)(=O)=O)cc1C(=O)NC(=N)N,AOC3,0.2063,高活性,低毒性,6548;100009586;100343957;6549;100009430,P23791;P19634;P26432;Q9UBY0;P50482
T3215,O=C(Nc1cnccc1Cl)N1CCN(Cc2ccc3c(c2)OC(F)(F)O3)CC1,THRSP,0.2063,活性,毒性,6850;2166,NP_001432;O00519;P43405;NP_077046
T5S1133,CC(CC(=O)C[C@@H](C)[C@H]1CC(=O)[C@@]2(C)C3=C(C(=O)C[C@]12C)[C@@]1(C)CCC(=O)C(C)(C)[C@@H]1C[C@@H]3O)C(=O)O,THRSP,0.2062,活性,毒性,,P01375
T6056,CCNC1=N[C@@H]2[C@@H](O)[C@H](O)[C@@H](CO)O[C@@H]2S1,PPARG,0.2061,活性,低毒性,154968;10724,O60502;2VVN_A;Q8VIJ5
T8512,CCn1c(=O)c2c(C)c(C(=O)N3CCC(O)CC3)sc2n(CCC(F)(F)F)c1=O,RXRG,0.2061,活性,低毒性,25369;11541;29316;11540,P29275;P30542;Q60613;Q60614;P30543;P29276;P29274
T5178,CC(C)(C)N1C(=O)C(Nc2ccc(N3CCCCC3)cc2)=C(c2ccccc2)S1(=O)=O,PPARG,0.2059,高活性,毒性,10062;7376,Q13133;NP_001238864;P55055
T61661,CC(=O)Nc1nc(F)c(CN2CC[C@H](OCc3noc(C)n3)C[C@@H]2C)s1,THRSP,0.2058,活性,低毒性,,O60502
T6867,CC(C)NC(=O)COc1cccc(-c2nc(Nc3ccc4[nH]ncc4c3)c3ccccc3n2)c1,PPARG,0.2056,活性,毒性,6093;9212;142;6788;1551;7468;1559;9475;1859;640;9263;1565;57396;3458;1196;1457,NP_005397;ANW61984;Q13464;P09874;O75116;ABI96208;NP_004841;QLI62812;NP_000610;O96028;NP_000756
TP1015,CC[C@H](C)[C@H](NC(=O)[C@@H](NC(=O)[C@@H]1CCCN1C(=O)[C@H](Cc1cnc[nH]1)NC(=O)[C@@H]1CCCN1C(=O)CNC(=O)[C@H](C)NC(=O)[C@@H](N)CCSC)C(C)C)C(=O)N[C@H](C(=O)N[C@H](C(=O)N[C@H](C(=O)NCC(=O)N1CCC[C@H]1C(=O)N[C@@H](Cc1cnc[nH]1)C(=O)N[C@@H](CCC(=O)O)C(=O)N[C@@H](CCC(=O)O)C(=O)O)[C@@H](C)O)[C@@H](C)CC)C(C)C,THRSP,0.2056,活性,低毒性,,
T11689,CN1C(=O)c2c(nn(Cc3ccc(-c4cccc(F)n4)cc3)c2Nc2ccccc2)N2C1=N[C@@H]1CCC[C@@H]12.O=P(O)(O)O,SCD,0.2053,高活性,低毒性,5151;5140;50940;5141;10846;8654;27115;5153,Q08493;P27815;O60658;Q01064;Q07343;Q13370;Q9HCR9;Q08499;Q9Y233;Q9NP56;O76074
T16944,Cc1cc(-n2c(=O)ccc3cnc4[nH]ccc4c32)ccc1F,PPARG,0.205,活性,毒性,6850;5294;5293;3106;3456;7468;8576,P01574;NP_004949;NP_002640;O96028;NP_001008910;NP_005017;P43405
T23589,CC(C)n1cnc2c(NCc3ccccc3)nc(NCCO)nc21,ACACA,0.2047,活性,低毒性,983;100049478;1020;1017;6732;1859;1453;147746;57396;1196,P15206;Q9DGD3;P24941;P24864;P06493
T34387,O=C(Nc1c(Cl)cncc1Cl)C(=O)c1cn(Cc2ccc(F)cc2)c2ncccc12,MLXIPL,0.2043,高活性,低毒性,5142;5141;5144;5143,Q08493;Q07343;P27815;Q08499
T1746,Cc1ccc(S(=O)(=O)O)cc1.Cn1cc(-c2ccc(F)c(C(F)(F)F)c2)nc1C1CCN(c2ncnc3[nH]ncc23)CC1,PPARD,0.2043,高活性,低毒性,6195;9252;6196;6197;6198;8986;6199;27330,P51812;O75676;O75582;P23443;Q15418;Q9UK32;Q9UBS0;Q15349
T12189,O=[N+]([O-])c1ccc(SCCCCCCO)c2nonc12,FASN,0.2042,高活性,毒性,2946;2950,P28161;3GUS_A;P09211;3IE3_A
TQ0257,O=Cc1c2[nH]c3ccccc3c2cc2[nH]c3ccccc3c12,PPARG,0.204,活性,低毒性,196,3I06_A;P35869
T4390,O=C(Oc1coc(CSc2ncccn2)cc1=O)c1ccc([N+](=O)[O-])cc1,PPARG,0.2036,活性,低毒性,187,NP_005152;P35414
T62806,O=C(N[C@@H]1CCCNC1)c1cccc(Nc2ncc(Cl)c(NCc3cccc(F)c3)n2)c1,AOC3,0.2035,活性,低毒性,4915;4916;4914,Q16620;P04629;Q16288
TQ0104,CC[C@@H](N)CNc1ccnc(-c2cc(-c3cnn(C)c3)ccc2O)n1.Cl.Cl,PPARG,0.203,活性,毒性,,
T6916,CN1CCN(c2ccc(-c3cccc(CN4CCOCC4)c3)cc2NC(=O)c2c[nH]c(=O)cc2C(F)(F)F)CC1,ACACA,0.2029,活性,低毒性,4297;5929;84661;11091;54461;9070,NP_060058;Q9C005;Q03164;P61964;Q969U6;Q9UBL3;Q15291
T5360,CC(C)c1cc(Oc2c(Br)cc(NC(=O)CC(=O)O)cc2Br)ccc1O,ACACA,0.2029,活性,低毒性,7068;7067,P10827;P10828
T6340,C[C@H](N[C@@H](CCc1ccccc1)C(=O)O)C(=O)N1CCC[C@H]1C(=O)O.O.O,AOC3,0.2029,活性,低毒性,,
T60099,COCCO[C@H]1CC[C@H](NC(=O)c2nc(-n3ccnc3)nc3cc[nH]c23)CC1,THRSP,0.2029,活性,低毒性,952,P28907
T11829,NS(=O)(=O)c1ccc(Cc2c(-c3cccc(-c4ccccc4)c3)nn(-c3nc(C(=O)O)cs3)c2CC2CC2)cc1,THRB,0.2028,高活性,毒性,28989;6850;16828;7468;1559;3939;2879;1551;1489834;3945,P36969;Q9BV86;AMB37292;ABI96208;P00338;QLI62812;O96028;V9HWB9;NP_000756;P06151;P07195;P43405
T6047,CC(C)(C)Cn1c(N)nc2ccc(-c3[nH]c(C(C)(C)C)nc3-c3ccc(F)cc3)nc21.CS(=O)(=O)O.CS(=O)(=O)O,THRSP,0.2026,活性,毒性,,
T27135,Cc1nn(C)c(C)c1NS(=O)(=O)c1c(Cl)cc(-c2ccnc(N3CCNCC3)c2)cc1Cl,PPARG,0.2025,高活性,毒性,9397;3508953;4836,Q4Q5S8;Q9UVX3;O60551;P30419
T79851,Cc1ccc(-c2noc([C@H]3C[C@@H]3F)n2)cc1NC(=O)c1cnc2ccccn12,GPAM,0.2024,活性,低毒性,3815,P10721
T16716,CCOC(=O)[C@H](C)NP(=O)(COCCn1cnc2c(NC3CC3)nc(N)nc21)N[C@@H](C)C(=O)OCC,PPARG,0.2024,活性,低毒性,,
T6182,CCCCS(=O)(=O)N[C@@H](Cc1ccc(OCCCCC2CCNCC2)cc1)C(=O)O,PPARG,0.2023,活性,低毒性,3690;6532;3674;3685;29302,P05106;P08514;Q8R2H2;P31645;D3ZAC0;P06756
T16345,Cc1cc(C)n(-c2nc(Nc3ccc(Cl)cc3)c3ncn(C)c3n2)n1,PPARG,0.2021,高活性,低毒性,140492;3782;3781;140493,Q9UGI6;NP_536714;Q9H2S1;NP_536713
T10894,Cc1ccc(NC(=O)c2cccc(C(F)(F)F)c2)cc1NC(=O)c1cncc(-c2cnn(C)c2)c1,THRSP,0.2021,活性,低毒性,1436;3815,P07333;P10721
TP1012,CC[C@H](C)[C@H](NC(=O)OCc1ccccc1)C(=O)N[C@@H](CCC(=O)O)C(=O)N1CCC[C@H]1C(=O)N[C@@H](Cc1ccccc1)C(=O)OC,PPARG,0.202,高活性,低毒性,1215;11330,P23946;Q99895
T2S1635,COc1c(O)cc2oc3cc4c(c(O)c3c(=O)c2c1CC=C(C)C)CCC(C)(C)O4,NR1H3,0.2018,活性,毒性,4521,P36639
T9183,CCc1[nH]nc(C(=O)Nc2ccc([C@H]3CNCCO3)cc2)c1C,PPARA,0.2018,活性,低毒性,,Q96RJ0
T72055,O=c1cc(-c2ccc(OCCOCCNCc3ccccc3)cc2)oc2ccccc12,AOC3,0.2015,活性,低毒性,5243,P08183
T2281,CONC(=O)c1ccccc1Nc1cc(Nc2cc(C)nn2C(C)C)ncc1Cl,GPAM,0.2014,活性,毒性,6850,Q05397;P43405
T7782,Nc1nc2c(ncn2[C@@H]2O[C@H](CO)C[C@H]2O)c(=O)[nH]1,PPARD,0.2013,活性,低毒性,,O39930
T88840,CN(C)Cc1nc(Nc2ccc(-c3cnc4cc(F)ccn34)c3c2C(=O)NC3)ccc1[C@@H]1CCOC1,PPARG,0.2012,活性,低毒性,,Q92918
T15572,Cc1cccc(-c2nc(Cc3cccc(C(N)=O)c3)[nH]c2-c2ccc3nccnc3c2)n1,MLXIPL,0.2009,活性,低毒性,7046;1432;8767;3791;1551;1565;91;21812,P35968;Q64729;ANW61984;P36896;P36897;ABI96208;Q16539;NP_000756;O43353
T3599,O=C(Nc1cccc(C(F)(F)F)c1)c1cccc2cc(Oc3cc(CO)ncn3)ccc12,AOC3,0.2004,活性,低毒性,3815;2324;5159;5979;3791;2321;16542,P35968;P35916;P10721;P09619;P07949;P35918;P17948
T38894,CC(C)(C)C(=O)N(CCCCCCN1C[C@H](O)[C@@H](O)[C@H](O)[C@H]1CO)C1CCCCC1,ACACA,0.2002,活性,低毒性,1489735,P19711
T14569,NCc1cccc(CNc2ncnc3c(N4CCN(Cc5ccccc5)CC4)ncnc23)c1,AOC3,0.2002,活性,低毒性,,Q7Z6Z7
T11794,Cc1ccccc1N1CCN(S(=O)(=O)C[C@]23CC[C@H](C[C@@H]2NC(=O)[C@@H](N)CCS(C)(=O)=O)C3(C)C)CC1.Cl,PPARG,0.2001,活性,低毒性,10280;4986;27346,Q5BJF2;P41145;Q99720
T4645,Fc1ccc(-c2nc(-c3c(F)cccc3F)[nH]c2-c2ccncc2)cc1,PPARG,0.2,活性,低毒性,102800317;1432;1453;1454;1565,ANW61984;ABI96208;P48730;Q16539;P49674
T17238,COc1ccc(CNC(=O)c2sc3nc(C)cc(C)c3c2N)cc1,PPARG,0.1998,活性,低毒性,1551;1559;2321;120892;25111,P08485;ABI96208;QLI62812;NP_000756;P08173;NP_113735
T22988,NC(=O)c1cccc2cn(-c3ccc(C4CCCNC4)cc3)nc12,SCD,0.1998,活性,毒性,4837;2593;27232;10038;142;10039;5409;2879;7468;3176,P36969;Q9Y6F1;Q9UGN5;P09874;O96028;Q14749;P40261;P21964;P11086;Q14353;P50135
T9503,CCCCCCCCCCCCCC[C@@H](O)[C@@H](O)[C@@H](N)CO,THRSP,0.1996,活性,低毒性,,
T8444,Cn1c(SCc2ccc(C(C)(C)C)cc2)nc(N)cc1=O,PPARA,0.1992,活性,低毒性,6335;6331,Q15858;NP_002968;Q14524
T7430,Cn1cnc2ncn(Cc3nc(CCc4ccc(Cl)cc4)no3)c(=O)c21,THRSP,0.199,活性,低毒性,312896;8989,O75762;Q6RI86
T70348,Cc1cc(C(=O)O)nc(N2C[C@H]3C[C@@H](c4ccccc4C(F)(F)F)C[C@H]3C2)n1,GPAM,0.1987,活性,低毒性,5950;5468,P37231;P02753
T9581,CC(C)Cn1ncc2cc(Oc3ccc(F)cc3F)c(C(=O)NCCN(C)C)cc21,THRSP,0.1987,活性,低毒性,1432,Q16539
T22272,O=C1CCc2c(Oc3ccc4c(c3)C3C(O4)C3c3nc4ccc(C(F)(F)F)cc4[nH]3)ccnc2N1,SCD,0.1985,活性,低毒性,673,P04049;P15056
T70980,C[C@]12CC[C@@H]3c4ccc(CCBr)cc4CC[C@H]3[C@@H]1C[C@H](Cc1cccc(C(N)=O)c1)[C@@H]2O,PPARG,0.1982,活性,低毒性,1576;3292,P08684;P14061
T9034,O=C1NCCc2[nH]c(-c3ccnc(-c4cnc5ccccc5c4)c3)cc21,ACACA,0.1981,高活性,低毒性,816;9261;8569;84446;1455;5562;11200;57396;1613;5601;3654;6300;6732;23683;415116;1453;5594;9263;8798;8444;8550;9212;11040;818;1859;5871;5292;50488;53944;7867;1452;1196;983;2872;817;10733;9448;6198;5599;25865;1457,3FHR_A;NP_003659;Q9BUB5;2JBP_A;2JBO_A;NP_004626;Q8IW41;P49137;NP_004750;P28482;Q16644
T1943,COc1ccc(-c2cnc3c(-c4cccc5ncccc45)cnn3c2)cc1,PPARG,0.1976,活性,低毒性,652;1559;94;658;90;657,P37023;NP_001070869;P21275;NP_004320;P12644;O00238;ABI96208;QLI62812;Q04771;NP_001104537
T11279,Cc1ccc(C(=O)Nc2cccc(C(F)(F)F)c2)cc1-c1ccc2c(-c3cnn(C4CC4)c3)n[nH]c2c1,PPARD,0.1975,活性,低毒性,2260;4921,Q16832;P11362
T13055,Cl.Cn1cc(C(=O)Nc2ccc([C@@H]3C[C@H]3NCC3CC3)cc2)cn1,PPARG,0.1975,活性,低毒性,23028;23186,Q9UKL0;O60341
TQ0053,CC[C@H](Nc1nc(NCc2cnc(C)cc2C)c2ncn(C(C)C)c2n1)[C@@H](C)O,THRSP,0.1973,高活性,低毒性,983;1020;1019;891;8851,P11802;P51946;P50750;P50613;O60563;Q15078;Q8TD08;P24941;P14635;P24864;P06493;P24385;Q00535;P20248
T67892,CN1N=C(SCc2ccc(Cl)cc2Cl)Sc2c1cnn(C)c2=O,AOC3,0.1968,活性,低毒性,,Q8IYL9
T14835,CCc1cc(F)c2nc(N3CCC(NC4CCOCC4)CC3)c(-c3nc(C)no3)c(C)c2c1,PPARG,0.1965,活性,低毒性,3757;4988;4985;4986,P35372;P41143;Q12809;P41145
T10804,Cc1cccc(S(=O)(=O)Nc2cc(-c3sc(NC(=O)[C@@H](N)C(C)C)nc3C)cnc2Cl)c1,THRSP,0.1965,活性,低毒性,5287;5294;5289;5293;5291;5298,P42356;P42338;P42336;O00329;Q8NEB9;P48736;Q9UBF8;O00750
T13147,CNC(=O)c1cc2c(Oc3ccc(Br)cc3)cncc2s1,ACACA,0.1962,活性,低毒性,3383;6401,P16581;P05362
T12379,Cc1c(NC(=O)c2cc(CNCCO)cn3cnnc23)cccc1-c1ccc2c(c1)OCCO2,XPR1,0.196,高活性,低毒性,29126;5133,Q15116;Q9NZQ7
T7330,Cc1onc(-c2ccccc2)c1C(=O)N1CCN(c2ccc([N+](=O)[O-])cc2Cl)CC1,THRSP,0.1959,活性,毒性,1565;1559;6850,QLI62812;ANW61984;P15682;P43405
T11179,O=C(Nc1ccc(Cl)c(S(=O)(=O)N2CCNCC2)c1O)Nc1cccc(F)c1Cl,NR1H4,0.1957,活性,低毒性,3579,NP_001161770;P25025
T15789,O=c1nc(N2CCOCC2)oc2c(-c3cccc4c3sc3ccccc34)cccc12,AOC3,0.1954,活性,低毒性,5293;5291,O00329;P42338;P78527
T3474,COc1ccc(-c2nc(NS(=O)(=O)c3ccc(C(C)(C)C)cc3)c(Oc3ccccc3OC)c(OC[C@H](O)CO)n2)cc1,NR1H3,0.1954,高活性,低毒性,1909;1910,P24530;NP_001188326;P25101
T16688,O=C(Nc1ccc(-n2nc(C(F)(F)F)cc2C(F)(F)F)cc1)c1ccncc1F,THRSP,0.1952,活性,毒性,304496;6850;84876;6786;1559;7220;1551;7222;7468;361618,P48995;Q13507;Q5M848;ABI96208;QLI62812;O96028;Q96D31;Q13586;NP_000756;P84903;P43405
T6707,C[N+]1(C)[C@@H]2C[C@@H](OC(=O)C(O)(c3cccs3)c3cccs3)C[C@H]1[C@@H]1O[C@@H]12.O.[Br-],NR1H3,0.1951,活性,低毒性,1128;25229;148;1129;1133;1132;27346;24260;1131;3269;81645;706,P20309;P08912;P35367;Q5BJF2;P08483;P10980;P30536;P35348;P08172;P08173;P11229;Q8VH26;P08482
T1914,COc1cc(-c2cc(-c3cccc(O)c3)cnc2N)cc(OC)c1OC,PPARG,0.1951,活性,毒性,7046;6850;1559;94;2534;90;7157;7151;7468;657,P37023;P36894;P36897;NP_001119587;ABI96208;QLI62812;O96028;P06241;Q04771;P43405
T15634,CC(C)(C)c1ccc(CNC(=S)NCc2ccc(NS(C)(=O)=O)c(F)c2)cc1,PPARG,0.1948,高活性,低毒性,7442;66026;83810;1559;29465;2876;1551;1565;7468,Q9ERZ8;Q8NER1;ANW61984;O35433;ABI96208;QLI62812;O96028;NP_114188;NP_000756;Q9WUD2;P07203
T67747,CCCCCOc1ccccc1C(=O)NC12CC3CC(CC(C3)C1)C2,PPARG,0.1947,活性,低毒性,12802;1269;1268,P47936;P21554;O00519;P34972
T12317,C=CC(=O)N1CCC(c2ccc(C(N)=O)c(-c3ccc(Oc4ccccc4)cc3)n2)CC1,MLXIPL,0.1941,活性,低毒性,7006;695,P00533;P42680;Q06187
T7880,CC(C)(C)OC(=O)c1ccc(-n2[nH]cc(-n3ccnn3)c2=O)nc1,THRSP,0.1941,活性,低毒性,55239,Q8N543;Q9GZT9;Q84406;Q96KS0
T15822,CCc1ccccc1COc1ccccc1C(=O)Nc1cccnc1,AOC3,0.1938,活性,低毒性,166929,Q8NHU3
T6845,COC1(c2sc3c(N4CCOCC4)nc(-c4cnc(N)nc4)nc3c2C)COC1,THRSP,0.1938,高活性,毒性,7468;2475;6850,O96028;P43405;P42345;P42336
TN1673,CC(C)=CCc1c(O)cc2oc3cc(O)c(O)c(CCC(C)(C)O)c3c(=O)c2c1O,THRSP,0.1938,活性,低毒性,4521,P36639
T4005,Nc1c(C(=O)Nc2ccc(F)cc2)sc2nc(-c3cccs3)cc(C(F)(F)F)c12,AOC3,0.1932,活性,低毒性,7201;25643;2305;55704;60489;2876;1812;7157;7151;200316,NP_003292;Q08050;P08753;NP_000785;NP_001119587;BAE44387;NP_068594;P07203;NP_660341
T4045,Cl.NC[C@H]1OB(O)c2c(OCCCO)cccc21,ACACA,0.193,活性,低毒性,,
T8993,COc1ccc(-c2ccc(OCc3cc(C(=O)[N-]S(=O)(=O)c4ccccc4C)oc3C)cc2)nc1.[Na+],PPARG,0.193,活性,低毒性,5734,P35408
T63132,OC[C@H]1C[C@@H](O)CCN1CCc1ccc(Nc2nc(-c3ccc(Cl)c(Cl)c3)cs2)cc1,RXRB,0.193,高活性,低毒性,8877;56848,Q9NYA1;Q9NRA0
T16506,CCc1nc2c(N)nc3ccccc3c2n1CCCCNS(C)(=O)=O,THRSP,0.1927,活性,低毒性,170743;51284,P58681;NP_573474;Q9NYK1;NP_057646
T8647,CCOC(=O)c1cnc2ccc(OC(F)(F)F)cc2c1Nc1ccccc1C(=O)O,THRSP,0.1925,活性,低毒性,1814,AAI07878;NP_387512
T21766,COc1ccc(C(=O)NCc2cc(C(C)C)no2)cc1OC1CCN(C)CC1,PPARG,0.1923,活性,低毒性,60482,Q9GZV3
T61681,COCCO[C@H]1CC[C@@H](NC(=O)c2nc(-n3ccnc3)nc3cc[nH]c23)CC1,THRSP,0.1919,活性,低毒性,952,P28907
TN3209,O=c1cc(-c2ccc(O)c(O)c2)oc2cc(O)ccc12,PPARG,0.1918,高活性,低毒性,142;547923;317748;8658;80351;240,P09917;P08170;P16116;Q9H2K2;P09874;O95271
T69913,NCc1cc(Oc2cccc(C(=O)N3C[C@@H](O)[C@H](F)C3)c2)nc(C(F)(F)F)c1,AOC3,0.1915,高活性,低毒性,84695;4017,P58215;Q9Y4K0
T11175,C[C@H]1OC[C@]2(c3cc(NC(=O)c4cnc(C(F)F)cn4)ccc3F)N=C(N)SC[C@H]12,PPARG,0.1915,活性,低毒性,23621,P56817
T25758,CC(=O)c1cccc(-c2cccc(-c3ccn(CCN4CCOCC4)n3)c2)c1,ACACA,0.1912,活性,低毒性,2494,O00482
T2320,CCc1cc2c(cc1CC)CC(NC[C@H](O)c1ccc(O)c3[nH]c(=O)ccc13)C2,PPARG,0.1909,活性,毒性,1814;6532;3358;100722663;147;148;3352;6530;3357;27346;153;146;2879;6531;3356;154,Q5BJF2;P28221;P36969;P25100;Q8K4Z4;P35368;P31645;Q01959;P35462;P41595;P35348;NP_000675;P07550;P28335;P28223;NP_000015;P08588;P23975
T6209,O=C(O)c1cc(I)ccc1NC(=O)[C@H](Cc1ccccc1)NCc1ccccc1,PPARA,0.1908,活性,低毒性,,
T28294,CC(C)n1c(=O)c2c(-c3noc(C4CC4)n3)ncn2c2ccccc21,AOC3,0.1907,高活性,低毒性,289606;79211;29705;29709;2559;25451;29707;140674;2554;24947;24922;2561;29708;65191;2566;140675;25450;2556;81658;29689,P28473;P15431;P18507;P63079;P34903;Q91ZM7;P19969;O09028;P30191;P18508;Q16445;P28471;P23576;P18506;P23574;P14867;P62813;P63138;Q9ES14;P20236;P47870
T210500,Nc1nc(Cl)nc2c1ncn2[C@@H]1O[C@H](COS(N)(=O)=O)[C@@H](O)[C@H]1O,PPARG,0.1902,高活性,毒性,762;759;760;768,P00918;P00915;Q16790;P22748
T39673,Fc1ccccc1Cc1nc(-c2nnc(C(F)(F)F)[nH]2)cn2ccnc12,PPARD,0.1899,活性,低毒性,,
T15019,COc1cccc(CN(C(=O)CC(C)(C)C)[C@H]2C[C@@H](C(=O)N3CCNCC3)N(Cc3ccc4c(c3)OCO4)C2)c1,PPARG,0.1896,高活性,低毒性,20423;6608;6469,Q99835;Q15465;Q62226
T23735,COc1cc2c(cc1-c1coc3c4c(ccc3c1=O)OC(C)(C)C=C4)OCO2,PPARG,0.1896,活性,低毒性,65975,CAC29064
T31224,O=C(O)CC[C@H](NC(=O)N[C@@H](CCCCNC(=O)c1ccc(F)nc1)C(=O)O)C(=O)O,ACACA,0.1895,活性,低毒性,,Q04609
T1855,Cc1cc(C)nc(NS(=O)(=O)c2ccc(NC(=S)NC(=O)COc3ccc(Br)cc3Cl)cc2)n1,PPARG,0.1895,活性,低毒性,998;1559,QLI62812;P60953
T28638,O=C(CC1CCN(CCOc2cccc3c2OCCO3)C1)c1ccc(F)cc1,MLXIPL,0.1893,高活性,低毒性,3358;64354;3357;3350;3356,NP_000515;NP_077341;NP_000858;NP_001159419;NP_001243690
T10406,Cn1cncc1-c1c(F)cncc1NC(=O)c1c(N)nn2cc(F)cnc12,AOC3,0.1892,高活性,低毒性,11073;84126;1196,P49760;Q92547;Q8WXE1;Q13535
T6830,CC[C@H](C)[C@H](NC(=O)[C@H]([C@@H](C)CC)N(C)C(C)=O)C(=O)N[C@H](C(=O)N[C@@H](CC(C)C)C(=O)[C@@]1(C)CO1)[C@@H](C)O,PPARG,0.1892,高活性,毒性,6850;5690;7468;5693;5689,P20618;P49721;O96028;P28074;P43405
T26195,O=C(c1ccc(Cl)c([N+](=O)[O-])c1)N1CCN(c2ccccc2F)CC1,PPARG,0.1891,活性,毒性,7468;1559;6850,QLI62812;P43405;O96028
T23429,O=C(O)CCN(O)C(=O)CCCCCCCCC1CC1,RXRG,0.1884,活性,低毒性,23133;22992;80853,Q9Y2K7;Q9UPP1;Q6ZMT4
T28750,CC(=O)N[C@H]1CC(=O)N(c2ccc(OCc3cccc(F)c3)cc2)C1,PPARG,0.1881,高活性,低毒性,4128;4129;25750,P19643;P27338;P21396;P21397
T16792,CCOC(=O)Cn1nc(C(F)(F)F)cc1-c1ccc(-c2cccc(S(C)(=O)=O)c2)cc1,RXRB,0.1877,活性,低毒性,7376,P55055
T3488,COc1c(O)cc2occ(-c3ccc(O)cc3)c(=O)c2c1O,PPARG,0.1876,活性,低毒性,,P00533
T62196,COc1cccc2[nH]c3c4c(c5c(c3c12)C(=O)N(CN1CCN(C)CC1)C5=O)CCC4,ACACA,0.1875,活性,低毒性,10038;142,Q9UGN5;P09874
T9721,COc1cc(C(=O)N[C@@H]2C[C@H]3CCC[C@@H](C2)N3CC(=O)Nc2ccccc2Cl)cc(OC)c1OC,THRSP,0.1875,活性,低毒性,10663,O00574
T7581,CC(C)n1nccc1-c1ncccc1COc1cccc(O)c1C=O,NR1H4,0.1873,活性,低毒性,1558;1559,P10632;P11712
T63788,Cc1c(NS(=O)(=O)c2c(Cl)cc(-c3ccnc(N4CCNCC4)c3)cc2Cl)c(CC(C)C)nn1C,XPR1,0.1869,高活性,毒性,3508953;4836,Q9UVX3;P30419
T23515,O=C(Nc1cc(-c2ccccc2)nn1-c1ccccc1)c1ccc([N+](=O)[O-])cc1,SCD,0.1866,活性,毒性,1559;24418;6850,P31424;ABI96208;QLI62812;NP_058708;P43405
T9967,COc1nn(-c2ccc(NC(=O)OCc3ccccc3)c(C)c2)c(=O)o1,PPARG,0.1863,活性,毒性,100911581,P97612;O00519;Q99685
T11063,Cc1nn(-c2ccccn2)c(O)c1C(=O)Nc1ccccc1,AOC3,0.186,活性,低毒性,221120;4891,Q96Q83;P49281
T9969,CC(=O)N1CCN([C@H]2CCC[C@@H](NC(=O)c3cc4c(F)ccc(C)c4[nH]3)C2)CC1,GPAM,0.1855,活性,毒性,1558;3351;29072,O96028;P10632;Q9BYW2;P28222
T61654,Nc1nc2cc(-c3nc(N4CCOCC4)nc(N4CCOCC4)n3)ccc2o1,RXRG,0.1855,活性,低毒性,5293;5291;5294,O00329;P48736;P42338;P42336
T9210,O=P(O)(O)COC[C@H]1O[C@@H](n2ncc3c(NC4CCCC4)nc(Cl)nc32)[C@H](O)[C@@H]1O,PPARG,0.1854,高活性,低毒性,4907;23959,P21589;Q61503
T60777,O=C(NC1CCN(C(=O)CCl)CC1)c1cc(C2CC2)on1,RXRA,0.1854,活性,低毒性,64754,Q9H7B4
T71945,O=C1c2cc(-c3ccc(OC(F)(F)F)cc3)ccc2OCCN1Cc1ncccn1,PPARG,0.1853,活性,低毒性,6329;6323;6331;3757;6326;6334;6328;6336,P35498;Q15858;Q12809;Q9Y5Y9;NP_001153633;Q9UQD0;Q14524;Q9NY46;P35499;Q99250
T16708,Cc1cccc(-c2n[nH]cc2-c2ccc(F)c(-c3cnn(CCO)c3)c2)n1,PPARG,0.1852,活性,毒性,7046,P36897
T9687,Cc1ccc(COC2CN(C(=O)[C@H]3C[C@]4(COC(=O)N4)C3)C2)cc1Cl,ACACA,0.1849,活性,低毒性,23945,O35678;Q99685
T13253,C[C@@]1(c2nc(NC(=O)c3ncc(C(F)(F)F)cc3Cl)ccc2F)CO[C@@](C)(C(F)(F)F)C(N)=N1,AOC3,0.1849,高活性,低毒性,351;23621;3757;25825;3417,P56817;Q12809;P05067;G3IAK4;O75874;Q9Y5Z0
T11526,N[C@@H](CCCCNC(=O)OCc1ccc([N+](=O)[O-])cc1)C(=O)N1CCCC1,PPARG,0.1849,活性,低毒性,91039;54878,Q86TI2;Q6V1X1
T11673,Cc1ccn2c(C(=O)C(=O)c3ccccc3)c(-c3ccccc3)nc2c1,AOC3,0.1848,活性,低毒性,,Q8N884
T6811,C[C@@H]1CC(=O)Nc2cccc(-c3ccc4c(c3)c(-c3cnn(C)c3)nn4C)c2N1,ACACA,0.1846,活性,毒性,6850;7468;65980;1387;2033;27443,Q9H8M2;Q09472;Q92793;O96028;Q9BXF3;P43405
T6960,CC(C)NCCCn1c(Sc2cc3c(cc2I)OCO3)nc2c(N)ncnc21,THRSP,0.1846,高活性,毒性,3326;3320;10131;7184;11140;404019;1551;1565;7468,P41148;P14625;ANW61984;P08238;P07900;2FWZ_A;ABI96208;Q12931;O96028;NP_000756;Q16543;P04626
T21995,O=c1c(Oc2ccc(I)cc2)coc2cc(O)ccc12,ACACA,0.1844,活性,低毒性,2917,P35400;NP_870989
T10169,CN1CCN(S(=O)(=O)CCCN2CCC(CNC(=O)c3cccc4c3OCCO4)CC2)CC1,FASN,0.1844,活性,低毒性,24448;3360,Q13639;P31390
T69522,[2H]C([2H])([2H])C1(C([2H])([2H])[2H])Cn2nc(-c3ccc(F)cn3)c(-c3ccnc4[nH]ncc34)c2CO1,THRSP,0.1843,活性,低毒性,102800317;1453;1454;1452;23043,P48730;P49674;P48729;Q9UKE5
T3524,Br.O=C(C[C@@H]1NCCC[C@H]1O)Cn1cnc2cc(Br)c(Cl)cc2c1=O,THRSP,0.1841,活性,低毒性,,
T9741,COc1nc(C(C)C)ccc1-c1cnc2sc(N3CCC(O)(CN)CC3)nn12,ACACA,0.184,活性,毒性,83903;1558;1559;1555;2322;1557,P10632;Q8TF76;P11712;P33261;P36888;P20813
T9837,Cc1cccc(-c2[nH]c(CNc3ccccc3Br)nc2-c2ccc3ncnn3c2)n1,RXRA,0.1838,高活性,低毒性,1432;7046,Q16539;P36897
T5528,Oc1cc(O)c2cc(O)c(-c3ccc(O)c(O)c3)[o+]c2c1.[Cl-],PPARD,0.1837,活性,低毒性,946955;86862725;246243;1803,1MU2_A;NP_002927;P27487;P0A7Y4
T7944,CC(C)(O)CNc1ncc(-c2ccnc(Nc3ccncc3)n2)c(CC2CC2)n1,AOC3,0.1835,高活性,毒性,6850;5289;5293;3456;43740568;7468,P01574;O00329;Q8NEB9;O96028;P43405
T4210,NC(=O)c1nc(-c2c(F)cccc2Cl)oc1Nc1ccc(C(=O)N2CCOCC2)cc1,ACACA,0.1833,活性,低毒性,3717;3718;3106;7297;3456;3716,P01574;O60674;NP_002218;NP_004963;P01889;NP_000206;NP_003322;P23458;P29597;P52333
T63429,CN(C(=O)c1ccc(F)cc1C(F)(F)F)C1CCN(C(=O)c2ccccc2Nc2ccnn2C)CC1,AOC3,0.1831,活性,低毒性,6608,Q99835
T7186,NCc1ccc(Nc2ncc(F)c(Nc3ccccc3)n2)cc1,THRSP,0.183,活性,毒性,7468;1565;1559;6850,QLI62812;ANW61984;P43405;O96028
T11562,O=[N+]([O-])c1cc(Nc2ccc3nonc3c2[N+](=O)[O-])ccc1Cl,PPARG,0.1826,活性,低毒性,2034,P27540;Q99814
T60220,CC1=NNC(=O)C1=Cc1cn(-c2ccccc2)nc1-c1ccccc1,PPARG,0.1826,活性,低毒性,,
T2374,Cc1nc(Nc2cnn(C3CCNCC3)c2)nc2c1N(C)C(=O)c1cc3ccccc3cc1N2C,AOC3,0.1825,活性,毒性,6850;1559;1551;9891;7468,O60285;ABI96208;QLI62812;O96028;NP_000756;P43405;NP_055655
T16079,CCCOc1ccc(S(=O)(=O)N2CCN(CCO)CC2)cc1-c1nc2c(CCC)cn(CC)c2c(=O)[nH]1,AOC3,0.1825,活性,低毒性,1551;1559,QLI62812;NP_000756;ABI96208
T67735,CC[C@H](C)[C@@H]([C@@H](CC(=O)N1CCC[C@H]1[C@H](OC)[C@@H](C)C(=O)N[C@@H](Cc1ccccc1)C(=O)O)OC)N(C)C(=O)[C@@H](NC(=O)[C@H](C(C)C)N(C)CCCCN(C)C(=O)OC(C)(C)C)C(C)C,PPARG,0.182,活性,毒性,,
T2258,CCNC(=O)c1noc(-c2cc(Cl)c(O)cc2O)c1-c1ccc(OC)cc1,THRSP,0.182,高活性,毒性,3326;3320;6850;1559;1551;1565;7468,ANW61984;P08238;P07900;ABI96208;QLI62812;O96028;NP_000756;2UWD_A;P43405
T38614,CCCCc1nc2c(N)nc3ccccc3c2n1CC(C)(C)O,PPARD,0.1818,活性,低毒性,51311;51284,Q9NYK1;Q9NR97
T2254,Cc1ccc(Sc2cncc3sc(C(N)=O)cc23)cc1,PPARG,0.1818,活性,低毒性,6401;36073;3383;9807;19885,P05362;Q92551;NP_035411;P16581;NP_788303
T8119,O=C(Nc1ccc(I)cc1)N1CCC(n2c(=O)[nH]c3c(Br)cccc32)CC1,AOC3,0.1814,活性,低毒性,4968,O15527
T11451,CCC(C)(C)C(=O)C(=O)N1CCC[C@H]1C(=O)OCCCc1cccnc1,PPARG,0.1813,高活性,低毒性,2289;614795;25639;2288;2280,Q62658;Q13451;1F40_A;Q02790;P18203;P62942
T9411,O=C(Cc1ccc(-c2ccc(N3CCOCC3)cc2)cn1)NCc1cccc(F)c1,XPR1,0.1813,活性,低毒性,20779,P05480
T7533,O=S1(=O)CCN(CN2CCS(=O)(=O)NC2)CN1,PPARG,0.181,活性,低毒性,3269,P35367
T8676,CS(=O)(=O)O.N=C(N)Nc1ccc(C(=O)Oc2ccc(CC(=O)O)cc2)cc1,AOC3,0.1805,活性,低毒性,3816;5644,P07477;P06870
T16277,Cc1cc(C)nc(NC(=S)N2CCN(c3ccc(C(F)(F)F)cn3)CC2)c1,PPARG,0.1802,高活性,低毒性,28989;216;26227,Q9BV86;O43175;AAH01505;AAG24257
T13288,CC[C@H](NC(=O)[C@H](CS(=O)(=O)CC1CC1)N[C@@H](c1ccc(F)cc1)C(F)(F)F)C(=O)C(=O)NC1CC1,THRSP,0.1801,活性,低毒性,43740568;1489834,AMB37292
T7136,CCCNC(=O)c1nnc2c(-c3cc(OC)ccc3OC)cccc2c1N,SCD,0.1799,高活性,低毒性,2556;2554;2558;2555;2562;2566,P18507;P28472;P47869;P31644;P34903;P14867
T38927,O=[N+]([O-])c1cccc2nc(CNc3nc(N4CCOCC4)nc4c3ncn4-c3ccsc3)[nH]c12,PPARD,0.1797,高活性,毒性,6850;1559;7465;7157;7151;7468;7026,NP_044650;NP_001119587;ABI96208;QLI62812;NP_001884;O96028;AAH70052;NP_066285;P43405;AAI44040
T4134,Cc1cc(O)c(-c2ccc([C@@H](C)CN)cc2)c2c1[nH]c(=O)c1sccc12.Cl,MLXIPL,0.1796,活性,低毒性,55872,Q96KB5
T12181,CC1(COc2cc(F)c(C(=O)NS(=O)(=O)C3CC3)cc2C2CC2)CCC2(CC1)CC2,SCD,0.1796,活性,低毒性,6323;6331;6326;1559;78956;6334;20274;6332,P35498;O08562;P11712;Q15858;Q9UQD0;Q62205;Q14524;Q01118;Q99250
T16480,O=C(O)c1ccc(NC(=O)[C@H](CC2CCCC2)n2cnc(C(F)(F)F)c2)nc1,THRSP,0.1794,活性,毒性,2645;6850;24385,P17712;P35557;P43405
T9498,FC(F)c1cncc(-c2ccc3ncc4nnc(C5=CCCOCC5)n4c3c2)c1,MLXIPL,0.1793,活性,低毒性,390502;2475;84126;5291,Q8WXE1;P42338;Q13535;P42345;P78527;P20848
T4646,Fc1ccc(-c2nc(-c3ccccc3F)[nH]c2-c2ccncc2)cc1,PPARG,0.1792,活性,低毒性,28989;102800317;1432;1559;1453;1454;1551;1565,ANW61984;Q9BV86;ABI96208;QLI62812;P48730;Q16539;NP_000756;P49674
T11908,CN(CCOc1ccc(-c2ccc3c(c2)OCO3)cc1C(C)(C)C)CC(=O)O.Cl,RXRG,0.1792,活性,低毒性,,P48067
T9341,CNc1nc(N)nc2c1ncn2[C@@H]1O[C@H](CO[P@@](=O)(N[C@@H](C)C(=O)OC(C)C)Oc2ccccc2)[C@@H](O)[C@@]1(C)F,RXRA,0.1779,活性,低毒性,918764,P0C6X1;P0C6X6
T4220,CNC(=O)CNc1cnc2ccc(-c3ccc(OC)c(OC)c3)cc2n1,PPARG,0.1772,活性,低毒性,,
T11061,CCc1c(C(=O)OC)ncc2[nH]c3cc(OC)c(OC)cc3c12.Cl,PPARG,0.1768,活性,低毒性,,P28473;P15431;P19969;P62813;P63138;P63079;O09028;P18506;P30191;P18508;Q9ES14;P20236;P28471;P23574;P23576;Q91ZM7
T5188,CC(C)C[C@H](NC(=O)OCc1ccccc1)C(=O)N[C@@H](CC1CCNC1=O)C(O)S(=O)(=O)[O-].[Na+],THRSP,0.1768,活性,低毒性,,P0DTD1
T11704,C[C@@H](O)[C@@H](CO)Nc1c(C(N)=O)cnn2cc(-c3ccccc3)cc12,RXRB,0.1765,高活性,低毒性,7297;3718,O60674;P23458;P52333;P29597
T3144,COc1cccc(-c2cc(NCc3ccc4c(c3)OCO4)nc(N)n2)c1,PPARG,0.1763,高活性,毒性,4837;2593;27232;1559;65975;5409;1551;1565;7468;3176,CAC29064;ANW61984;ABI96208;QLI62812;O96028;Q14749;NP_000756;P40261;P21964;P11086;Q14353;P50135
T12104,COc1ccccc1S(=O)(=O)Nc1ccc(C)cc1Oc1ccc2c(N)nccc2c1,ACACA,0.1761,活性,低毒性,259249,Q96LB2
T16275,Nc1ncnc2c1ncn2CCNCCCCCO,PPARD,0.1761,活性,低毒性,107,Q08828
T5488,CNC(=O)CCc1cc(-c2ccc(-c3ccc(C(F)(F)F)cc3)cc2)n(-c2ccc(N3CCNCC3)cc2)n1,ACACA,0.1755,活性,毒性,3611;6850,Q13418;NP_001014794;P43405
T2086,O=C(c1cccc(N2Cc3cccc(Cl)c3C2=O)c1)N1CCC2(CC1)CCN(c1ccncc1)CC2,THRSP,0.1754,高活性,毒性,4837;2593;27232;6850;623;5409;7468;3176,P46663;P43405;O96028;Q14749;P40261;P21964;P11086;Q14353;P50135
T23508,O=C(CCNS(=O)(=O)c1cccc2nsnc12)N1CCN(c2ccncc2)CC1,RXRG,0.1752,高活性,低毒性,1128;25229;1129;1133;1132;1131,NP_001006633;NP_036257;NP_000729;NP_000731;P11229;NP_000732;P08482
T9239,O=c1c2cccnc2n(-c2cccc([N+](=O)[O-])c2)c(=O)n1Cc1ccncc1,XPR1,0.1752,活性,低毒性,5142;1559;5143;5141;1551;1565,NP_001184152;3G4G_A;P27815;ANW61984;NP_001230050;ABI96208;QLI62812;NP_001032418;NP_000756;3G4I_A;NP_001092289
T31081L,CC[C@]1(c2cccc(NS(C)(=O)=O)c2)[C@@H]2CN(CC3(O)Cc4ccccc4C3)C[C@@H]21,AOC3,0.175,高活性,低毒性,3757;4988;4985;4986,P35372;P41143;Q12809;P41145
T12076L,CC(C)(C)CCN1C[C@@H]2[C@@H](CNC(=O)c3cc(Cl)cc(Cl)c3)[C@@H]2C1,NR1H3,0.1749,活性,低毒性,8913;1565;8912;8911,NP_001005407;ANW61984;NP_001003406;AAC67239;AAM67414;NP_001243290;NP_066921
T62304,CCCC[C@H](Cc1c[nH]c2ccccc12)NC(=O)c1cnc(N2CCN(C)CC2)s1,PPARG,0.1743,活性,低毒性,6622,P37840
T3972,Fc1cccc(-n2cnc3c(NCc4nc5c(F)c(F)ccc5[nH]4)nc(N4CCOCC4)nc32)c1,THRSP,0.1741,高活性,毒性,102800317;595;6850;1019;3106;3456;1453;1454;1021;7468,P11802;P01574;P24385;O96028;P48730;Q00534;Q9NYV4;Q14004;P49674;P43405
TQ0106,C[C@H](C[C@@H](Cc1ccc(-c2ccccc2)cc1)NC(=O)CCC(=O)O)C(=O)O,PPARG,0.174,高活性,低毒性,4311;1636;24590,P12821;NP_009220;P07861;P08473
T7261,CC(C)c1ccc(-c2ccc(N[C@H]3CC[C@H](O)CC3)c(C(N)=O)c2)cc1,PPARG,0.174,活性,低毒性,404019,P41148
T71108,CCCCc1nc2c(N)nc3ccccc3c2n1Cc1ccc(CN)cc1,AOC3,0.1738,活性,低毒性,51311;51284,Q9NYK1;Q9NR97
T14384,CC(C)C[C@H](CO)Nc1nc(S[C@@H](C)c2ccccc2)nc2nc(N)sc12,AOC3,0.1738,活性,毒性,4837;2593;27232;6850;3579;5409;1524;7468;3176,P43405;P30542;P25025;O96028;Q14749;P49238;P40261;P21964;P11086;Q14353;P50135
T6971,CNS(=O)(=O)Nc1nccc(Cc2c(C)c3ccc(Oc4ncccn4)cc3oc2=O)c1F,ACACA,0.1737,活性,毒性,6850;142;4214;5604;673;5605,P36507;P15056;Q02750;Q13163;Q13233;P09874;P04049;P43405
T10855,CC(C)c1cc(Oc2c(I)cc(CC3NC(=O)NC3=O)cc2I)ccc1O,ACACA,0.1737,高活性,低毒性,7068;7067,P10827;P10828
T9533,Cc1c(C(C)C)c(=O)n(-c2ccc(S(=O)(=O)NCCOc3ccccc3)cc2)n1C,ACACA,0.1736,活性,低毒性,,
T3153,Nc1nc2cc(-c3ccc4ncc(C(=O)N5CCOCC5)n4c3)ccc2o1,RXRG,0.1731,活性,毒性,6850;5294;5293;5291;5296;2475;5290;5295;7468,P42338;P42336;NP_004949;O00329;NP_006210;P42345;NP_002640;O96028;NP_005017;O00459;P27986;P48736;NP_006209;P43405
T61552,CSc1nn([C@H]2C[C@H](O)[C@@H](COS(N)(=O)=O)O2)c2ncnc(N)c12,THRSP,0.1727,活性,低毒性,10533,O95352
T60052,Cc1cc(-c2[nH]c3ccc(C4CCNCC4)cc3c2C(C)C)cc(C)n1,PPARG,0.1726,活性,低毒性,170743;51311;54106;51284,Q9NYK1;Q9NR97;Q9NR96;P58681
T67845,Cc1cc2c(Nc3ccc(S(C)(=O)=O)cc3)ncnc2s1,PPARG,0.1726,活性,低毒性,79837,Q8TBX8
T22830,C1COCCN1.COc1ccc(P(=S)(S)N2CCOCC2)cc1,AOC3,0.1721,活性,低毒性,,
T14914,Nc1nc(Nc2ccc(S(N)(=O)=O)cc2)n(C(=S)Nc2c(F)cccc2F)n1,THRSP,0.1714,活性,毒性,983;5566;891;25;7157;7151;1565,A0A1D8PKB4;ANW61984;NP_001119587;ABI96208;P14635;P00519;P17612;P06493
T15261,C[C@@H](N[C@H]1CCN(c2ccc(CC(=O)O)cc2)C1)c1cccc2ccccc12,PPARG,0.1711,活性,低毒性,846,NP_001171536;P41180
T2098,Cc1cccc(-c2[nH]ncc2-c2ccnc3ccccc23)n1,SCD,0.1711,活性,毒性,7046;6850;1432;1559;1551,P36897;QLI62812;Q16539;NP_000756;P43405
T1900,c1cc(-c2cnn3cc(-c4ccc(N5CCNCC5)cc4)cnc23)c2cccnc2c1,RXRB,0.1708,高活性,毒性,7046;6850;652;5564;7468;94;3791;658;90;7157;7151;91;657;3458,AAH71181;NP_004320;O00238;NP_001119587;NP_006244;P21275;P36896;P36894;AAH20546;AAH33867;AAH47773;O96028;NP_000610;NP_000011;Q13873;P37023;Q9Y478;P35968;P37173;P36897;AAH40531;Q04771;P43405;NP_002244
T8315,CCCCCCCCCCCCNC(=O)NC1CCCCC1,PPARG,0.1705,高活性,低毒性,2052;13849;2053,Q9D379;P07099;P34913
T23440,c1ccc(Nc2nc3c(s2)CCCc2n[nH]cc2-3)nc1,PPARD,0.1702,活性,毒性,9970;6850;1551;1565;2914,ANW61984;Q14833;ABI96208;ADZ17385;NP_000756;P43405;Q26304;NP_001243743
T22790,COc1ccc(-c2nc(C(=O)N3CCN(C)CC3)sc2-c2ccc(OC)cc2)cc1.Cl,THRSP,0.1702,活性,低毒性,134391,Q8TDV0
T14924,CCc1cc(-c2noc(-c3cc(OC)nc(C4CCCC4)c3)n2)cc(C)c1OC[C@@H](O)CO,ACACA,0.1699,活性,低毒性,1901,NP_001391;P21453
T8705,CC1(C)CC(=O)c2sc(=Nc3ccccc3)oc2C1,AOC3,0.1692,活性,低毒性,,
T3492,COc1cc(OC)cc(-c2cc3cnc(N)nc3nc2NC(=O)NC(C)(C)C)c1,RXRB,0.1692,活性,低毒性,2264;2101;2263;2261;2260,ADZ17378;P21802;P11362;P22607;P22455
T36758,Cc1cc(C)cc(NC(=O)Nc2ccc(OS(N)(=O)=O)cc2)c1,SCD,0.1692,活性,低毒性,771;759;760;768,P00918;P00915;Q16790;O43570
T3364,Cc1c([C@H](C)[C@@H]2NC[C@@H](C)C[C@H]2O)ccc2c1C[C@H]1[C@H]2CC=C2C[C@@H](O)CC[C@@]21C,THRSP,0.1685,活性,低毒性,,
T68063,Fc1ccc(-c2ccc(CN3CCN(c4cccc5ccoc45)CC3)[nH]2)cc1,THRSP,0.1683,高活性,低毒性,29412;24173;29581;24318;29413;29595;25187,P43140;P14416;P15823;P08908;P61169;P30994;P08909;P23944;P14842
T15371,CCNCc1nc2c(N)nc3ccccc3c2n1CC(C)(C)O,AOC3,0.1681,活性,低毒性,1565;51284,Q9NYK1;ANW61984
T21635,O=C(NOCC1CC1)c1cc(Br)c(F)c(F)c1Nc1ccc(I)cc1Cl,PPARG,0.1681,活性,低毒性,2101,ADZ17378
T68051L,COc1ccc2c(c1)CCN1C[C@@H]3CCCN(S(C)(=O)=O)[C@@H]3C[C@H]21,THRSP,0.1681,高活性,低毒性,29412;24173;25083;24174;24175;29413,P43140;P15823;P22909;P22086;P19328;P23944
T28009,COc1c(OCc2ccc(-c3ccccc3-c3nnn[nH]3)cc2)cc(C)nc1C,PPARG,0.168,高活性,低毒性,81638;24180;100009164;185;186,P50052;P30556;P34976;P25095;P29089
T67896,O=C(NC12CC3CC(CC(C3)C1)C2)c1ccccc1OCc1ccccc1,PPARG,0.168,活性,低毒性,12802;1269;1268,P47936;P21554;O00519;P34972
T71703,CC(C)NC(=O)N(C(=O)[C@H]1CC[C@H]2[C@@H]3CC[C@H]4N(C)C(=O)CC[C@]4(C)[C@H]3CC[C@]12C)C(C)C,PPARG,0.168,活性,低毒性,6716,P31213
TN7256,CC(=O)O[C@H]1[C@H](OC(C)(C)[C@H]2CC=C(C)CC2)O[C@H](C)[C@H](O)[C@@H]1OC(=O)C=C(C)C,NR1H3,0.1678,活性,低毒性,,
T7414,C=CC(=O)N1CC(N2CCN(C(=O)CNc3cc(C4(C)CC4)c(Cl)cc3O)CC2)C1,THRSP,0.1678,活性,毒性,7468;6850,O96028;P43405;P01116
T41230,O=C(NC1CCCCC1)c1cn(CCN2CCOCC2)c2cc(Cl)ccc2c1=O,RXRA,0.1677,活性,低毒性,12802,P47936
T11377,O=C(NS(=O)(=O)N1CCC1)c1cc(C2CC2)c(OCC23CC4CC(CC(C4)C2)C3)cc1F,RXRB,0.167,高活性,低毒性,6329;6323;6331;6326;6324;6327;6334;6332,P35498;Q15858;Q9UQD0;O60939;Q14524;Q07699;P35499;Q01118;Q99250
T67745,O=C(NC12CC3CC(CC(C3)C1)C2)c1ccccc1OCC1CCCCC1,PPARG,0.1667,活性,低毒性,12802;1269;1268,P47936;P21554;O00519;P34972
T68517,Cn1c(=O)c(C(=O)NCCO)c(O)c2ncc(Cc3ccc(F)cc3)cc21,PPARG,0.166,活性,低毒性,,Q7ZJM1
T61051,CC(C)(C)C(=O)Nc1sc2c(c1C(N)=O)CCC(C(C)(C)C)C2,PPARG,0.1659,活性,毒性,101772;55107,Q5XXA6;Q8BHY3
TN1236,O=c1c(-c2ccc(O)c(O)c2)coc2cc(O)ccc12,GPAM,0.1655,活性,毒性,22173;4282,P14174;3L5R_A;P11344;3L5R_C
T36082,CCCCCCCCn1cc(CC(N)=O)c2cc(-c3cccc(C)c3)ccc21,SCD,0.1655,活性,低毒性,23463,O60725
T14687,[2H]C([2H])([2H])NC(=O)c1nnc(NC(=O)C2CC2)cc1Nc1cccc(-c2ncn(C)n2)c1OC,PPARG,0.165,活性,低毒性,3718;6774;54721;659;3106;7297;3456,P01574;Q13873;P40763;O60674;Q9R117;P01889;P23458;P29597;P42224;P52333
T60773,CCCC(=O)c1cc(F)ccc1OCC(O)CNC(C)(C)C,THRSP,0.165,活性,低毒性,,
T5804,CC[C@H](C)C[C@H](C)CCCCCCCCC(=O)N[C@H]1C[C@@H](O)[C@@H](O)NC(=O)[C@@H]2[C@@H](O)CCN2C(=O)[C@H]([C@H](O)CC(N)=O)NC(=O)[C@H]([C@H](O)[C@@H](O)c2ccc(O)cc2)NC(=O)[C@@H]2C[C@@H](O)CN2C(=O)[C@H]([C@@H](C)O)NC1=O,AOC3,0.1647,活性,低毒性,,O13383
T21632,COc1ccc(CNc2nc(NCc3ccc(OC)cc3)c3ncn(C(C)C)c3n2)cc1,AOC3,0.1646,活性,毒性,281555,Q862L2;Q862F3;Q6B856
T2313,Cc1cc(N2CCOCC2)ccc1Nc1nc(NC2CCCCC2)c2nc[nH]c2n1,THRSP,0.1644,高活性,毒性,4837;2593;27232;6850;7272;1559;9807;5409;1551;7468;3176,P43405;Q92551;ABI96208;QLI62812;O96028;P40261;Q14749;NP_003309;NP_000756;P33981;P21964;P11086;Q14353;P50135
T5586,Cc1ccc(Nc2c(C(N)=O)cnc3cc(-c4ccncc4)ccc23)cc1C,XPR1,0.1642,活性,低毒性,1436,P07333
T14776,Cc1cc(-c2nc3cnc(C4CCOCC4)cc3n2[C@@H](C)c2ccccc2)nn(C)c1=O,RXRA,0.1637,活性,低毒性,,O60885
TN2100,COc1ccc(-c2coc3cc(O)cc(O)c3c2=O)cc1O,PPARG,0.1636,活性,低毒性,,
T12105,Cc1cc(-c2nncc3c(C(C)(C)C)c(OCc4ncnn4C)nn23)no1,AOC3,0.1635,活性,低毒性,2556;2557;1559;2554;2558;2555;2562;2566,P18507;P28472;P47869;P31644;NP_001158509;QLI62812;NP_001121120;P48169;NP_001107647;P34903;NP_000799;P14867
T4472,NC(=O)c1cc(F)cc2c1C(=O)N(C1CCN(C3CCC(F)(F)CC3)CC1)C2,THRSP,0.1635,活性,毒性,11545;10038;142;1555;1565,P10635;Q9UGN5;P09874;P11103;P20813
T23182,COc1ccccc1-c1c[nH]c2ncc(-c3cncc(C(=O)N(C)C)c3)cc12,THRSP,0.1635,活性,毒性,28989;6850;1559;25;1551;7151;7157,Q9BV86;2Z60_A;2QOH_A;NP_001119587;ABI96208;P00519;QLI62812;NP_000756;P43405
T11657,Cc1cc(N2CCCCC2)cc(C)c1-c1csc(NC(=O)c2ccncc2)n1,PPARG,0.1632,活性,低毒性,,
T61373,CCC(=O)N[C@@H]1CCCc2c(-c3ccc4c(c3)CCC(=O)N4C)cncc21,XPR1,0.1631,高活性,低毒性,1585;1584,P19099;P15538
T3620,CC1(C)CN(C(=O)c2ccc(-c3cccc4nc(NC(=O)C5CC5)nn34)cc2)C1,PPARG,0.163,活性,毒性,3717;6850;3718;3106;7297;3456;3716,P01574;O60674;NP_002218;NP_004963;P01889;NP_000206;NP_003322;P23458;P29597;P52333;P43405
T12070,CCNC1=N[C@@H]2[C@@H](O)[C@H](O)[C@@H](C(F)F)O[C@@H]2S1,PPARG,0.1627,活性,低毒性,154968;10724,O60502;Q8VIJ5
T3180,O=C(O)c1cnn(-c2nc3cc(OC(F)(F)F)c(Cl)cc3[nH]2)c1,THRSP,0.1621,活性,低毒性,9970;115,ADZ17385;Q9GZT9;O60503;Q26304
T4058,COc1ccc(CCC(=O)N(c2nccc3ccccc23)[C@@H]2CCCNC2)cc1,PPARG,0.162,活性,低毒性,255738,P39023;P05386;P62280;P62888;P49207;P35268;P18124;P61313;P46777;P61254;P22090;P23396;P47914;P08708;P62854;P62269;P62266;P62829;P42677;Q9Y3U8;P62241;P08865;P18077;P62424;P62861;P83731;P46781;P63173;P62891;P46782;P26373;P15880;P63220;P46779;P62701;P61353;P83881;Q8NBP7;P62273;Q02878;P62244;P61247;P61513;P62249;P39019;P46776;P27635;P46783;P32969;P62081;Q07020;P18621;P05388;P42766;P62851;P62945;P40429;P62847;P60866;P61927;P30050;P25398;P62899;P62917;P62753;P62277;P62857;P84098;P62913;Q02543;P62263;P62906;P36578;P62979;P50914;P62910;P62841;P62750;P46778
T35626,OC[C@@H]1[C@@H](O)[C@H](O)[C@@H](O)CN1CCCCCOCC12CC3CC(CC(C3)C1)C2,ACACA,0.1619,高活性,低毒性,57704;8972;2629;14387;6476;178;2548;22234;7357,Q16739;O43451;O88693;Q9HCG7;P35573;B5THE3;P70699;P04062;P14410;P10253
T9374,O=C(Oc1ccc([N+](=O)[O-])cc1)N1CCCCC1,AOC3,0.1614,活性,低毒性,68758,AAH69866
T10659,CCCn1cnc2c(NCc3ccccc3)nc(N[C@H](CC)CO)nc21,GPAM,0.1609,活性,低毒性,8900,P78396;P24941;P20248
T4668,Cl.Cl.Nc1ncnc2nc(-c3ccc(N4CCOCC4)nc3)cc(-c3cccc(Br)c3)c12,AOC3,0.1608,活性,低毒性,,P55263
T15623,O=C1Cc2cc(-c3c(-c4ccc(F)cc4)nn4c(N5CCC(O)CC5)nccc34)ccc2N1,THRSP,0.1605,活性,低毒性,2890;1558;1559,P11712;P42261;Q9Y698;P10632
T6085,Cc1cc(CS(=O)(=O)c2ccccc2)cc(OCc2ccc(CN3CCC[C@@H]3CO)cc2)c1,THRSP,0.1605,活性,毒性,28989;6850;9807;8877;20698;56848;43740568;7468,Q9BV86;Q9NYA1;Q8CI15;Q92551;O96028;Q9NRA0;NP_001136073;P43405
T8886,O=C(O)c1ccccc1NS(=O)(=O)c1cccc(-c2cnn(Cc3ccccc3)c2)c1,NR1H4,0.1604,活性,低毒性,,V5TFZ2
T30937,COc1ccc(-c2c(Cl)ncn2-c2ccc(S(N)(=O)=O)cc2)cc1F,THRSP,0.1603,活性,低毒性,5743;5742,P35354;P23219
TN3016,COc1ccc(-c2coc3cc(OC)c(OC)cc3c2=O)cc1,PPARG,0.1599,活性,毒性,,
T39078,O=C(N[C@H]1CCN(c2nccn3cccc23)C1)c1ccn(-c2ccc(F)cc2)n1,PPARG,0.1592,活性,低毒性,57007,P25106
T12612,CCOc1cc([C@H](CS(C)(=O)=O)N2C(=O)c3cccc(NC(C)=O)c3C2=O)ccc1OC,PPARG,0.1589,高活性,低毒性,5141;5143,Q08493;Q08499;P27815;Q07343
T25226,NCCCC[C@H](OP(=O)(O)CCCCc1ccccc1)C(=O)N1CCC[C@H]1C(=O)O,THRSP,0.1589,活性,低毒性,100009274;1636,P12822;P12821
T6S0325,COc1cc2c(=O)c(-c3ccc(O)cc3)coc2cc1O,PPARG,0.1586,活性,低毒性,10013,Q9UBN7
T3350,Cc1cc(F)c(C(=O)Nc2cccc(-c3nncn3C(C)C)n2)cc1-n1cnc(C2CC2)c1,AOC3,0.1584,活性,毒性,9064;6850;4217;9807;7468,Q99683;Q92551;O96028;NP_005914;O95382;P43405
T71725,O=C(Nc1nnc(C2CCCO2)o1)c1ccc([N+](=O)[O-])o1,PPARG,0.1584,活性,低毒性,,
T29645,Cl.O=C(NCCN1CCN(c2ncccn2)CC1)C12CC3CC(CC(C3)C1)C2,PPARG,0.1583,活性,低毒性,3358,P28223;P28335;P08908
T73185,CNCCN(C)Cc1cncc(-c2ccc(NS(=O)(=O)C3CC3)cc2)c1,SCD,0.1581,活性,低毒性,56341;3276;55170,Q96LA8;Q99873;Q9NR22
T78597,Cc1ccc(C(=O)Nc2cccc(-c3nccn3C)c2)cc1NC(=O)c1ccccc1,GPAM,0.158,活性,低毒性,8767,O43353
T9400,Cc1cc(N2CCc3cc(F)ccc3C2)cc(C)c1NC(=O)CC(C)(C)C,AOC3,0.1578,活性,低毒性,3785,O43526
T23673,CCCCn1c(O)c(C(=N)N)c(=O)n(CCCC)c1=O,ACACA,0.1577,活性,低毒性,5745,Q03431
T26483,CCCCCN(CCCCC)C(=O)[C@@H](CCC(=O)O)NC(=O)c1cnc2ccccc2c1,GPAM,0.1577,活性,低毒性,100719593,Q63931
T9606,Cc1ccccc1C(=O)N[C@H](C)c1ccc2ccccc2c1,PPARG,0.1572,活性,低毒性,,P0C6U8;P0C6X7
T27800,c1cncc(Nc2ncc(-c3ccncn3)c(-c3ccco3)n2)c1,AOC3,0.1571,高活性,低毒性,57396;135;9212;51776;11541;9448;136;1453;57413;2322;11183;134,P29275;P0DMS8;NP_001075445;P30542;NP_000667;Q60614;NP_001041695;NP_000666
T23044,O=C(NC1CCCCC1)NC1CCCCC1,AOC3,0.1556,活性,低毒性,2052;13849;2053,Q9D379;P07099;P95276;P34913
T5S0106,CC1=C2C[C@H]3[C@@H](CC(=O)[C@H]4C[C@@H](O)CC[C@@]43C)[C@@H]2CC[C@]12O[C@@H]1C[C@H](C)CN[C@H]1[C@H]2C,AOC3,0.1554,活性,毒性,,
T4529,COc1ccc2[nH]c(C(=O)N3CCC(CC(C)(C)O)CC3)cc2c1,PPARG,0.1553,活性,毒性,8644;6850,P42330;P43405
TQ0159,COc1ccc2c(c1)CC[C@@H]1[C@@H]2CC[C@]2(C)[C@@H](NCCCCCCN3C(=O)CCC3=O)CC[C@@H]12,PPARG,0.1548,活性,低毒性,,
T16975,Cc1cc(C(=O)Nc2cc(Oc3ccc4nc(NC(=O)C5CC5)cn4n3)ccc2C)n(C)n1,PPARD,0.1545,活性,毒性,6850;2324;5159;5979;7151;3791;2321;2879;7157;1436;7468,P07333;P36969;NP_001119587;P00519;Q6ZSR9;P07947;P09619;P17948;Q9NSY1;Q16832;P42684;O96028;P11274;P35968;P35916;Q2M2I8;P07949;Q08345;P43405;Q96PY6;P16234
T75146,COc1ccccc1S(=O)(=O)Nc1noc2cc(Cn3cccn3)cc(OC)c12,PPARG,0.1543,活性,低毒性,,Q8WYB5;Q92794
T6870,CC(C)C[C@H](NC(=O)[C@H](Cc1ccccc1)C[C@@H](O)[C@H](Cc1ccccc1)NC(=O)OC(C)(C)C)C(=O)N[C@@H](Cc1ccccc1)C(N)=O,AOC3,0.1541,高活性,低毒性,55851;23621;5664;25825;51107;5663;83464;23385,P56817;Q8WW43;Q96BI3;Q92542;P49810;P49768;Q9NZ42;Q9Y5Z0
T30232,O=C(Nc1c(Cl)cncc1Cl)C(=O)c1cn(Cc2ccc(F)cc2)c2ccc(O)cc12,MLXIPL,0.1538,高活性,低毒性,5141;5143,Q08493;Q08499;P27815;Q07343
T29221,CN(C)[C@@H]1CCN(c2cc(-c3ccccc3)nc3ccnn23)C1,AOC3,0.1536,高活性,低毒性,3362;6531;117194;27346,P28473;P15431;P28221;Q5BJF2;P08908;P63079;Q01959;NP_473371;P28222;Q91ZM7;P19969;O09028;P46098;P30191;P18508;P28471;P23576;P18506;Q96LB1;P50406;P23574;P62813;P14416;P63138;Q9ES14;P20236
T8930,COc1cccc(C2=NN(c3ccc(S(N)(=O)=O)cc3)C(c3ccc(Br)cc3)C2)c1,RXRG,0.1532,活性,低毒性,998;60,NP_001092;NP_001782;CAI19851
TQ0091,NC(=O)c1ccc(Oc2ccc(CN3CCC[C@H]3c3cccnc3)cc2)c(Cl)c1,SCD,0.1527,高活性,低毒性,4986;4985;4988,P35372;P41143;P41145
T67882,COc1cc2c(cc1OC)[C@@H]1C[C@@H](O)[C@@H](CC(C)C)CN1CC2,MLXIPL,0.1525,活性,低毒性,25549,Q01827
T4471,O=C1NNc2nc(CN3Cc4ccccc4C3)nc3cccc1c23,THRSP,0.1525,活性,毒性,10038;142;8658;80351;7468;11546,O88554;Q9H2K2;Q9UGN5;P09874;O96028;O95271
T11517,CCCn1cnc2c(NCc3ccc(C)s3)nc(N[C@H](CC)CO)nc21,AOC3,0.1522,活性,低毒性,774;1020;8900;8851;773,P78396;Q00975;P24941;Q15078;O00555;Q00535;P20248
T7315,NC(=O)c1ccc2nc(-c3ccc(C4(N)CCC4)cc3)c(-c3ccccc3)n2n1,NR1H3,0.1517,活性,毒性,2872;1195;10000;2321;43740568;7468,P49759;P31749;Q9Y243;O96028;P31751;P17948;P11229;Q9HBH9
T12504,CC(=O)N1CCCC1(Cc1ccc(S(C)(=O)=O)cc1)C(=O)OCc1ccccc1,THRSP,0.1517,活性,低毒性,171373,Q63633
T6366,NC(=O)c1cccc2[nH]c(-c3ccc([C@@H]4CCCN4)cc3F)nc12,AOC3,0.1516,活性,低毒性,4837;2593;27232;10038;142;5409;3176,Q9UGN5;P09874;Q14749;P40261;P21964;P11086;Q14353;P50135
T11450,O=C([C@@H]1C[C@H](N2CCN(c3ncccn3)CC2)CN1)N1CCC(F)(F)C1,MLXIPL,0.1515,活性,低毒性,25253;1803;29952;54878;91039,P14740;Q6V1X1;P27487;Q86TI2;Q9UHL4
T2257,O=C(COc1ccc(C(=O)c2ccccc2)cc1)NC1CCN(Cc2ccccc2)CC1,PPARG,0.151,活性,毒性,6850;51094;1559;79602;1551;1565,Q96A54;ANW61984;Q86V24;QLI62812;NP_000756;P43405
T16686,Cc1ccc(S(=O)(=O)Nc2ccc(-n3nc(C(F)(F)F)cc3C(F)(F)F)cc2)cc1,RXRB,0.151,活性,低毒性,7222,Q13507
T1833,CC(C)CCNc1ncccc1C(=O)N1CCN(Cc2ccccc2)CC1,THRSP,0.1504,活性,低毒性,1551;1565;1559;7101,ANW61984;ABI96208;QLI62812;Q9Y466;NP_000756
TN7233,O=c1c(-c2ccc3c(c2)OCO3)coc2cc(O)ccc12,RXRG,0.15,活性,低毒性,5465,Q07869
T19671,COCc1ccc(-c2ccc3ncc(C(N)=O)c(N[C@@H](C)C4CCOCC4)c3c2)cn1,PPARG,0.1493,活性,低毒性,3757;472;2475;5290;5591,P42336;Q12809;P42345;P78527;Q13315
T2012,CNS(=O)(=O)C[C@H]1CC[C@H](N(C)c2ncnc3[nH]ccc23)CC1,SCD,0.1492,高活性,低毒性,4837;2593;27232;3717;3718;3106;7297;3456;5409;3716;1551;3176,P29597;P01574;O60674;NP_002218;NP_004963;P01889;P23458;NP_000206;NP_003322;Q14749;P40261;NP_000756;P21964;P11086;P52333;Q14353;P50135
T16549,C[C@@H](Nc1ncnc2[nH]c(-c3ccc(O)cc3)cc12)c1ccccc1,THRSP,0.149,高活性,毒性,6850;1559;1956;1551;1565;7468,NP_958441;ANW61984;ABI96208;QLI62812;O96028;NP_000756;P43405
T3615,Cn1c(COP(=O)(NCCBr)NCCBr)cnc1[N+](=O)[O-],THRSP,0.1487,活性,毒性,2023;7468;6850,O96028;P43405;P06733
T4975,Cc1cccc(-c2[nH]c(C34CCC(C(N)=O)(CC3)CC4)nc2-c2ccc3c(c2)OCO3)n1,GPAM,0.1486,活性,低毒性,,P36897
T26528,CC(C)(C(=O)NC1C2CC3CC1CC(C(N)=O)(C3)C2)N1CCN(c2ccc(C(F)(F)F)cn2)CC1,PPARG,0.1483,高活性,低毒性,15484;3290;15483,P51661;P28845;P50172
T29201,CC(C)(C)NC(=O)CN1CCC(CNC(=O)c2cc(F)cc(Cl)c2)CC1,PPARA,0.1481,高活性,低毒性,8913;8912;8911,NP_001005407;O95180;O43497;Q9P0X4;NP_001003406;NP_001243290
T15727,Cc1c(C(=O)Nc2ccc(N3C[C@@H](C)O[C@@H](C)C3)nc2)cccc1-c1ccc(OC(F)(F)F)cc1.O=P(O)(O)O.O=P(O)(O)O,GPAM,0.1479,活性,低毒性,,P56726;Q99835
T16914,COCCCCCCCCCN1C[C@H](O)[C@@H](O)[C@H](O)[C@H]1CO,PPARG,0.1477,活性,低毒性,,
T77651,COc1cc(-c2nccn3cc(-c4ccc(C)cc4)nc23)cc(OC)c1OC,PPARG,0.1475,活性,毒性,,
T21294,CC1(C)OC(c2ccc(S(N)(=O)=O)cc2)=C(c2cccc(F)c2)C1=O,THRSP,0.1473,活性,低毒性,19224,P22437
T10033,NS(=O)(=O)c1ccc(N2N=C(C(F)(F)F)CC2c2c[nH]c3c(Cl)cccc23)cc1,THRSP,0.1466,活性,低毒性,443460,P79208
T27634,CC(C)Cc1sc(-c2nccs2)nc1C(=O)NCc1ccc(F)cc1,THRB,0.1465,活性,低毒性,,
T41160,O=C(Oc1nsnc1N1CCCCC1)N1CCCCC1,PPARG,0.1461,活性,低毒性,3988,P38571
T36670,O=C(Nc1ccnc(C(F)(F)F)c1)c1cnn(-c2cccc3c(=O)[nH]ccc23)c1C(F)(F)F,PPARG,0.1459,活性,低毒性,,Q9UDY8
T26863,CNC(=O)c1c(-c2ccc(F)cc2)oc2ccc(-c3cc(C(=O)NC4(c5ncccn5)CC4)ccc3C)c(F)c12,GPAM,0.1443,活性,低毒性,1558,P10632
T21980,Cc1cc(I)ccc1Nc1c(C(=O)NOCC2CC2)cc(F)c(F)c1F,PPARG,0.144,高活性,毒性,43740568;7468;6850;3458,B45705;BAC78637;BAC78638;O96028;NP_000610;P43405
T12165,CCC(=O)c1sc(-c2ccc(Cl)cc2)c(C)c1-c1ccc(S(N)(=O)=O)cc1,RXRG,0.1437,活性,低毒性,1139,P36544
T3195,COc1ccc(CNc2nc(N(CCO)CCO)nc3c2ncn3C(C)C)cc1,XPR1,0.1437,活性,毒性,983;6850;1017;1020;1551;1559;891;3106;3456;7157;8851;7151;7468;9134,P01574;NP_001119587;QLI62812;Q9Y233;NP_000756;O96020;P50613;NP_001789;ABI96208;Q15078;O76074;P50750;O60563;O96028;P06493;Q00535;P51946;P51948;P24941;P14635;Q08499;P24864;P43405;P20248
TQ0250,CC(C)(C)c1cc(Br)cc([C@H](CC(=O)O)NC(=O)CNC(=O)c2cc(O)cc(NC3=NCC(O)CN3)c2)c1,GPAM,0.1433,活性,低毒性,3690;3696;3694;3685;3693;1551;3688,P18564;P26012;P05106;P05556;ABI96208;P06756;NP_000756;P18084
T68016,O=C(O)CC[C@@H](NC(=O)c1cc(Cl)cc(Cl)c1)C(=O)N1CCC2(CCCC2)CC1,PPARG,0.1417,活性,低毒性,887,P32239
T29135,O=C(Nc1ccc(Oc2ccc(Cl)cn2)c(Cl)c1)c1ccccn1,PPARG,0.1415,高活性,低毒性,2917;2918;81672;60590;2914,P70579;Q14833;O00222;P35400;Q14831
T14315,CC(=O)N1CCC(NC(=O)NC23CC4CC(CC(C4)C2)C3)CC1,PPARG,0.1401,高活性,低毒性,2052;13850;414425;65030;2053,P34914;P34913;P80299;P07099;Q6Q2C2
T36569,Cc1ccc(F)cc1-c1ccc(C(=O)NC(=N)N)o1,ACACA,0.14,活性,毒性,6548,BAC78637;P19634;BAC78638
T6190,CCC[C@H](NC(=O)[C@@H]1[C@H]2CCC[C@H]2CN1C(=O)[C@@H](NC(=O)[C@@H](NC(=O)c1cnccn1)C1CCCCC1)C(C)(C)C)C(=O)C(=O)NC1CC1,ACACA,0.14,活性,毒性,1990;5340;1215;28989;1513;5476;1991;1520;1515;7468;3458,P08246;Q9BV86;F5B4I0;AHN13044;O60911;A3EZI9;Q0ZMF1;C1KIQ2;O96028;NP_000610;P00747;NP_001161066;P25774;P00784;P07711;Q9UNI1;P00734;P23946;P07858;P43235;Q8JUX6;D2K2A8;NP_001962
T83629,Cc1c(C(=O)Nc2c(C)n(C)n(C3CCCCC3)c2=O)noc1[C@@H]1OCC(C)(C)O[C@H]1C,XPR1,0.1379,活性,低毒性,57154,Q9HCE7
T2923,CCOc1cc([C@@H](CS(C)(=O)=O)N2C(=O)c3cccc(NC(C)=O)c3C2=O)ccc1OC,AOC3,0.1376,活性,低毒性,5142;5143;5141;3357;5144,Q08493;NP_001184152;P27815;Q07343;NP_001230050;Q08499;P41595;NP_001032418;NP_001092289
T5176,O=C(O)CNC(=O)c1c(O)c2ccccc2n(OCC2CC2)c1=O,AOC3,0.1371,活性,低毒性,,Q9GZT9;O75936;Q12797
T23333,CS(=O)(=O)c1ccc(-n2nc(C(F)(F)F)cc2-c2ccc(F)cc2)cc1,AOC3,0.1371,活性,低毒性,1559;19225;5743;1565,P35354;QLI62812;Q05769;ANW61984
T9121,Cc1ccccc1-c1ccc(-c2cc(C(=O)O)c3c(c2)nnn3C)cc1,AOC3,0.1371,活性,低毒性,1723,Q02127
T62714,CC(C)(O)CCn1cc2cc(NC(=O)c3cccc(C(F)(F)F)n3)c(C(C)(C)O)cc2n1,THRSP,0.1361,活性,低毒性,51135;3654,P51617;Q9NWZ3
T6509,C[C@]12CC[C@H](O)CC1=CC[C@@H]1[C@@H]2CC[C@]2(C)C(n3cnc4ccccc43)=CC[C@@H]12,PPARG,0.1359,活性,毒性,1586;367;1589,NP_000093;P05093;NP_001011645;P10275;P08686
T74809,O=C(NCCCCCNC(=O)c1ccc([N+](=O)[O-])o1)c1ccc([N+](=O)[O-])o1,FASN,0.135,活性,毒性,,
T23917,Cc1ccc(-c2cnccc2-c2cnc(Nc3ccc(O)cc3)s2)c(Cl)c1,THRSP,0.1337,活性,低毒性,3984,P53667
T27392,CC(=O)N1c2ccc(-c3ccc(N4CCS(=O)(=O)CC4)cc3)cc2N(C(=O)C2CC2)C[C@@H]1C,PPARG,0.1332,活性,毒性,,O60885
T11793,Cc1ccc(C(=O)Nc2sc(Nc3ccccc3)nc2C(N)=O)cc1,THRSP,0.1332,活性,低毒性,23043,Q9UKE5
T2308,CCOC(=O)c1cnc2ccc(-c3cncc(NS(=O)(=O)c4ccccc4)c3)cn12,THRSP,0.1331,高活性,毒性,4837;2593;28989;27232;6850;5294;5293;5291;1559;5409;5290;5295;1551;7468;3176,P43405;P42338;P42336;Q9BV86;O00329;ABI96208;P27986;QLI62812;O96028;P40261;Q14749;NP_000756;P48736;NP_006209;P21964;P11086;Q14353;P50135
T14990,CC(C)n1cnc2c(NCc3nc4ccc(F)c(F)c4[nH]3)nc(N3CCCC[C@H]3CCO)nc21,ACACA,0.1324,活性,低毒性,,P50750;P24941;Q9NYV4
T83628,COc1cc(-c2cn(-c3cc(OC)c(OC)c(OC)c3)nn2)cc(OC)c1OC,ACACA,0.1322,活性,低毒性,,
T12061,Cc1sc(C)c(C(=O)NC2(c3ccc(C(=O)O)cc3)CC2)c1Cc1ccc(C(F)(F)F)cc1,THRSP,0.1311,活性,低毒性,81752;5732;84023;5734;1551;24929,Q62928;P43116;NP_000949;P34980;P35408;NP_000756;P43114
TQ0014,O=S(=O)(Nc1nnc2cc(OCC34CC5CC(CC(C5)C3)C4)c(C3CC3)cn12)C1CC1,PPARG,0.1305,活性,低毒性,6323;6331;6326;6334;20274,P35498;Q15858;Q9UQD0;Q62205;Q14524;Q99250
T9852,Cc1n[nH]c(C)c1-c1cc(Cl)c(Nc2ccccc2C(=O)O)c(Cl)c1,RXRA,0.1301,活性,低毒性,79068,Q9C0B1
T5533,Nc1nc(N[C@H]2CC3CCC2C3)sc1C(=O)c1ccccc1[N+](=O)[O-],THRSP,0.1299,高活性,低毒性,8851;905;8900;1020,P78396;P50750;P50613;O60563;Q15078;Q8WWL7;O95067;P24941;P14635;O60583;P06493;Q00535;P20248
T36819,CC(=O)N[C@@H](Cc1ccccc1)C(=O)N[C@@H](CC(C)C)C(=O)N[C@H](C(=O)N[C@@H](CC(=O)O)C(=O)CCl)[C@@H](C)O,PPARD,0.1292,活性,低毒性,,P29466;P51878
T5150,CCCCC[C@H](O)CC[C@@H]1[C@H]2Cc3cccc(OCC(=O)O)c3C[C@H]2C[C@H]1O,AOC3,0.129,活性,低毒性,5733;1551;5732;5734;5739;5731;5729,NP_000951;P43119;P43116;NP_001119516;NP_000946;NP_000949;NP_000944;NP_000756;NP_000947;Q13258;P34995
T29123,Cc1cc(C)c2c(N)c(C(=O)NCc3ccc4c(c3)OCO4)sc2n1,THRSP,0.1287,活性,低毒性,25111,P08485;NP_113735;P08173
T37522,Cc1cc(N2CCN([C@@H]3CN[C@H](C(=O)N4CCSC4)C3)CC2)n(-c2ccccc2)n1,FASN,0.1281,活性,低毒性,25253;1803;54878;3269;91039,P14740;Q6V1X1;NP_001926;P27487;NP_631898;Q86TI2;P35367
T68124,CC(C)NCC(O)COc1ccc(CCNC(=O)NC(C)C)cc1,PPARG,0.1278,活性,低毒性,5243,P08183
T8505,NS(=O)(=O)c1ccc(-n2nc(C(F)(F)F)cc2-c2ccc(Cl)cc2)cc1,RXRG,0.1273,活性,毒性,5743;19225;1559;1551;1565,ANW61984;Q05769;ABI96208;QLI62812;NP_000756;P35354
T62525,C[C@H](NC(=O)c1c(Cc2ccc(F)cc2)sc2c1CCOC2)c1ccc(C(=O)O)cc1,THRSP,0.1251,活性,低毒性,5734,P35408
T35610,Cc1ccc(C)c(-c2cc(C(F)(F)F)nn2-c2ccc(S(N)(=O)=O)cc2)c1,RXRG,0.1248,高活性,毒性,4837;2593;27232;6850;9536;5409;7468;3176,P11086;P43405;O14684;O96028;Q14749;P21964;P40261;Q14353;P50135
TN1254,COc1cc(-c2coc3cc(O)ccc3c2=O)ccc1O,AOC3,0.1241,活性,低毒性,,
T9715,CC[C@H](C)[C@H]1NC(=O)[C@@H](NC(=O)[C@@H](CC(C)C)N(C)C(=O)[C@@H]2CCCN2C(=O)C(C)=O)[C@@H](C)OC(=O)[C@H](Cc2ccc(OC)cc2)N(C)C(=O)[C@@H]2CCCN2C(=O)[C@H](CC(C)C)NC(=O)[C@@H](C)C(=O)[C@H](C(C)C)OC(=O)C[C@@H]1O,AOC3,0.124,活性,毒性,,
T118066,CC(C)Nc1nc(N)c(C(=O)c2ccccc2)s1,THRSP,0.1238,活性,低毒性,,P24941;P20248
T2510,Cc1cccc(-c2nn3c(c2-c2ccnc4ccc(C(N)=O)cc24)CCC3)n1,THRSP,0.1236,活性,毒性,7046;7048;1432;9448;7042;8767;3791;91;3458,P35968;NP_001124388;P37173;O14976;P36896;P36897;Q9Y572;P48730;Q16539;NP_000610;Q9UKE5;P48729;P61812;Q8N4C8;O43353;P49674;O95819
T9167,COc1cccc(OC)c1S(=O)(=O)Nc1noc2cc(Cn3cccn3)cc(OC)c12,PPARG,0.1232,活性,低毒性,,Q92794;Q8WYB5;O95251;Q92993;Q9H7Z6
T26636,Nc1nc(=O)c2cc(CCCc3cc(C(=O)N[C@@H](CCC(=O)O)C(=O)O)cs3)[nH]c2[nH]1,AOC3,0.1225,高活性,毒性,2348;2618;113235;6573,P14207;P15328;P22102;Q96NT5;P41440
T2424,CC(=O)c1cc([N+](=O)[O-])c(Sc2ccc(F)cc2F)s1,PPARG,0.1203,高活性,毒性,55031;3458,Q96K76;Q93009;NP_000610;Q14694
T15635,CN(C(=O)Oc1nsnc1N1CCOCC1)C1CCCCCCC1,THRSP,0.1192,活性,低毒性,57406,Q9BV23
T11005,NS(=O)(=O)c1ccc(-n2nc(C(F)(F)F)cc2-c2ccccc2)cc1,RXRG,0.1191,活性,低毒性,19225;5743,P35354;Q05769
T6925,CC(=O)c1cc([N+](=O)[O-])c(Sc2cccc(Cl)c2Cl)s1,PPARG,0.1169,活性,毒性,55031,Q96K76;Q93009
T10843,CCC(CC)n1c(Cc2cccs2)nc2cc(C(=O)N[C@H](CC(=O)O)CC(C)C)ccc21,PPARG,0.1163,活性,低毒性,187,NP_005152;P35414
T8645,O=C(c1ccc(-n2nnc3cccnc32)cc1)N(c1ncccc1Cl)[C@@H]1CCCNC1,GPAM,0.1127,高活性,毒性,3757;255738,P39023;P05386;P62280;P62888;P49207;P35268;P18124;P61313;P46777;P61254;P22090;P23396;P47914;P08708;P62854;P62269;P62266;P62829;P42677;Q9Y3U8;P62241;P08865;P18077;P62424;P62861;P83731;P46781;P63173;P62891;P46782;P26373;P15880;P63220;P46779;P62701;P61353;P83881;Q8NBP7;P62273;Q02878;P62244;P61247;P61513;P62249;P39019;P46776;P27635;P46783;P32969;P62081;Q07020;P18621;P05388;P42766;P62851;P62945;P40429;P62847;P60866;P61927;P30050;P25398;P62899;P62917;P62753;P62277;P62857;P84098;P62913;Q02543;P62263;P62906;P36578;Q12809;P62979;P50914;P62910;P62841;P62750;P46778
T13353,CCCCCCOc1nsnc1C1=CCCN(C)C1.O=C(O)C(=O)O,PPARG,0.1127,活性,低毒性,25229,P08482
T16713,CCCN(CCC)c1cc(C)nc2c(-c3cnc(N(C)C)cc3C)c(C)nn12,XPR1,0.1124,高活性,低毒性,58959;1394;104909134,P35353;NP_001243228;P34998
T67872,C[C@H](NC(=O)c1ccc2c(-c3ccc(C(F)(F)F)cc3)cccc2c1)c1ccccn1,THRSP,0.108,活性,毒性,,
T16859,COc1ccc(Cl)cc1S(=O)(=O)Nc1cncc(C(N)=O)c1,AOC3,0.1078,活性,低毒性,249,P05186
T6941,CCCc1ccc(OCC(=O)N(Cc2nc(-c3cccnc3)no2)C(C)C)cc1,PPARG,0.1071,活性,毒性,5696;1559;1551;1565;5693,P28062;ANW61984;ABI96208;QLI62812;NP_000756;P28074
T7670,NS(=O)(=O)c1ccc(-n2nc(C(F)(F)F)cc2-c2ccc(F)cc2)cc1,RXRG,0.1064,活性,低毒性,19225;5743,P35354;Q05769
T2240,O=C(Nc1cccnc1)c1cc(-c2ccnc(F)c2)ccc1OCc1ccccc1,PPARG,0.1057,活性,毒性,1559;120892,QLI62812;Q5S007;ABI96208
T16687,CCOC(=O)c1cnn(-c2ccc(NC(=O)C(Cl)=C(Cl)Cl)cc2)c1C(F)(F)F,THRSP,0.1029,活性,毒性,304496;6850;115;84876;6786;1559;22065;7151;7220;7157;7222;1565;7468;57620;361618,P48995;O60503;Q13507;Q5M848;ANW61984;NP_001124170;Q9QZC1;NP_001119587;Q9P246;QLI62812;O96028;Q96D31;Q13586;P84903;P43405
T32832,CN1[C@@H](C[C@@H](O)c2ccccc2)CCC[C@H]1C[C@H](O)c1ccccc1,SCD,0.1021,高活性,低毒性,25102;171131;25103;25590;170945;25302;64574;54239;81721;25101;65024,P43143;P12389;P12390;P43144;Q9JLB5;P12391;P12392;Q05941;P04757;P20420;P09483
T26723,Cc1cc(C)c(-c2cn(C)cn2)cc1NC(=O)c1ccc(OCc2ccccn2)cc1,PPARG,0.1007,活性,低毒性,6608;319757;1559,P11712;P56726;NP_795970;Q99835;NP_005622
T30027,COc1ccccc1OCCNCC(O)c1ccc(C)c(S(N)(=O)=O)c1,RXRG,0.1001,活性,低毒性,150;1814;1813;148;5144;152;151;153;3357;3350;3356;154,P14416;P18825;P08908;P18089;Q08499;P35462;P08913;P41595;P35348;P07550;P28223;P08588
T3354,CN(C(=O)n1cnc(-c2ccc[n+]([O-])c2)c1)C1CCCCC1,PPARG,0.0978,高活性,低毒性,8824;2166,NP_001432;O00519;O00748;NP_077046
T36832,CCc1c(C)nc(-c2ccc(Cl)s2)nc1Nc1ccc(CC(=O)O)cc1,PPARG,0.0958,活性,低毒性,,Q07343;Q08499
T12977,COCCO[C@@H]1c2ccn3c(C)c(C)nc3c2N[C@H](c2ccccc2)[C@H]1O,AOC3,0.0955,活性,低毒性,,
T67903,O=S(=O)(c1ccc(-c2ccccc2)cc1)N1CCN(c2ncccc2C(F)(F)F)CC1,THRSP,0.0945,活性,低毒性,3290,P28845
T27949,O=C(O)c1ccc(C[C@H]2CC[C@H]3CN[C@H](C(=O)O)C[C@H]3C2)cc1,THRSP,0.0839,活性,低毒性,2897,NP_783300
T10203,O=C(O)c1ccccc1NC(=O)N1CCC(c2ccccc2C(F)(F)F)CC1,AOC3,0.0785,活性,低毒性,5950;1559,QLI62812;NP_006735;P02753
T23498,NC(=O)c1nc(Nc2ccccc2)sc1NC(=O)C1CCCCC1,PPARG,0.0785,活性,低毒性,23396;1559;9970,QLI62812;O60331;ADZ17385;ABI96208
TN1012,O=C(C[C@H]1NCCC[C@@H]1O)Cn1cnc2ccccc2c1=O,PPARG,0.0785,活性,低毒性,811187,Q8I5R7
T7212,CC(C)Nc1cccnc1N1CCN(C(=O)c2cc3cc(NS(C)(=O)=O)ccc3[nH]2)CC1.CS(=O)(=O)O,RXRG,0.0784,活性,毒性,43740578,P0DTD1;Q72547
T7596,CC1(C)OC(=O)C(OCC2CC2)=C1c1ccc(S(C)(=O)=O)cc1,PPARG,0.072,活性,低毒性,1559;5743,P35354;QLI62812
T3197,O=C(O)CNC(=O)C1C(=O)N(C2CCCCC2)C(=O)N(C2CCCCC2)C1=O,RXRG,0.0587,活性,毒性,,Q9GZT9;Q8N371
T0242L,N[C@@H](CC(=O)N1CCn2c(nnc2C(F)(F)F)C1)Cc1cc(F)c(F)cc1F.O.O=P(O)(O)O,THRSP,0.0568,活性,低毒性,,P27487
T7083,CC1(C)Cc2c(sc(NC(=O)c3cc[nH]n3)c2C(N)=O)C(C)(C)O1,AOC3,0.0536,活性,低毒性,1080,P13569
T15648,CCOC(=O)c1ccnc(CNCC(=O)N(CC)CCN(C)C)c1,NR1H4,0.0316,活性,毒性,23081;10765;55818;8242;8284;7403,Q9Y4C1;P41229;Q9H3R0;Q9UGL1;Q9BY66;O15550;P29375
